Agrupamento!
Curso:  ADMINISTRAÇÃO
Disciplina 1: GCS528_1 | ('2M2345 (04/03/2024 - 29/04/2024)',)
Disciplina 2: GCH087_1 | ('2M2345 (06/05/2024 - 01/07/2024)',)
Agrupamento!
Curso:  ENFERMAGEM
Disciplina 1: GCH090_1 | ('3T1234 (06/05/2024 - 06/07/2024)',)
Disciplina 2: GSA020_1 | ('3T1234 (04/03/2024 - 04/05/2024)',)
Agrupamento!
Curso:  ENGENHARIA AMBIENTAL E SANITÁRIA
Disciplina 1: GEN108_1 | ('2T345 (04/03/2024 - 11/05/2024),  2T345 6T45 (13/05/2024 - 06/07/2024),  2T34 (08/07/2024 - 13/07/2024)',)
Disciplina 2: GEN107_1 | ('5T123 6T45 (04/03/2024 - 11/05/2024),  5T123 (13/05/2024 - 13/07/2024)',)
Agrupamento!
Curso:  LETRAS - PORTUGUÊS E ESPANHOL
Disciplina 1: GLA369_1 | ('2N1234 (15/04/2024 - 15/06/2024),  2T12  2N1234 (17/06/2024 - 22/06/2024)',)
Disciplina 2: GCH837_2 | ('2T12345  2N1234 (04/03/2024 - 13/04/2024),  2T12345 (15/04/2024 - 04/05/2024),  2T12345 (27/05/2024 - 08/06/2024),  2T12345 (10/06/2024 - 15/06/2024),  2N1234 (24/06/2024 - 13/07/2024)',)
Agrupamento!
Curso:  LETRAS - PORTUGUÊS E ESPANHOL
Disciplina 1: GLA381_1 | ('4N1234 (08/04/2024 - 11/05/2024),  4T1234  4N1234 (13/05/2024 - 25/05/2024),  4N1234 (27/05/2024 - 13/07/2024)',)
Disciplina 2: GLA379_1 | ('4N1234 (04/03/2024 - 06/04/2024),   2N1234 (08/04/2024 - 13/04/2024),  2N1234 (29/04/2024 - 11/05/2024), 2N1234 (24/06/2024 - 24/06/2024)',)
Agrupamento!
Curso:  LETRAS - PORTUGUÊS E ESPANHOL
Disciplina 1: GLA380_1 | ('6N1234 (20/05/2024 - 01/06/2024),  6T1234  6N1234 (03/06/2024 - 08/06/2024),  6N1234 (10/06/2024 - 13/07/2024)',)
Disciplina 2: GLA384_1 | ('6T12  6N1234 (04/03/2024 - 09/03/2024),  6N1234 (11/03/2024 - 18/05/2024)',)
Agrupamento!
Curso:  LETRAS - PORTUGUÊS E ESPANHOL
Disciplina 1: GLA383_1 | ('2N1234 (04/03/2024 - 06/04/2024),  2N1234 (15/04/2024 - 27/04/2024),  2N1234 (13/05/2024 - 22/06/2024),  2N1234 (01/07/2024 - 13/07/2024)',)
Disciplina 2: GLA379_1 | ('4N1234 (04/03/2024 - 06/04/2024),   2N1234 (08/04/2024 - 13/04/2024),  2N1234 (29/04/2024 - 11/05/2024), 2N1234 (24/06/2024 - 24/06/2024)',)
Agrupamento!
Curso:  LETRAS - PORTUGUÊS E ESPANHOL
Disciplina 1: GLA386_1 | ('3N1234 (29/04/2024 - 06/07/2024),  3N12 (08/07/2024 - 13/07/2024)',)
Disciplina 2: GLA385_1 | ('3T12345  3N1234 (04/03/2024 - 16/03/2024),  3N1234 (18/03/2024 - 27/04/2024)',)
Agrupamento!
Curso:  LETRAS - PORTUGUÊS E ESPANHOL
Disciplina 1: GLA395_1 | ('2T1234  2N1234 (04/03/2024 - 23/03/2024),  2T1234 (25/03/2024 - 30/03/2024),  2N1234 (01/07/2024 - 13/07/2024)',)
Disciplina 2: GLA397_1 | ('2N1234 (25/03/2024 - 01/06/2024),  2N12 (03/06/2024 - 08/06/2024)',)
Agrupamento!
Curso:  MATEMÁTICA
Disciplina 1: GEX983_1 | ('6N1234 (04/03/2024 - 26/04/2024),  6N12 (03/05/2024 - 03/05/2024)',)
Disciplina 2: GEX980_1 | ('6N1234 (17/05/2024 - 24/05/2024),  6N1234 (07/06/2024 - 05/07/2024),  6N12 (12/07/2024 - 12/07/2024)',)
Agrupamento!
Curso:  MATEMÁTICA
Disciplina 1: GEX989_1 | ('4N1234 (13/03/2024 - 13/03/2024),  4N1234 (10/04/2024 - 10/04/2024),  4N1234 (08/05/2024 - 08/05/2024),  4N1234 (22/05/2024 - 22/05/2024),  4N1234 (12/06/2024 - 12/06/2024),  2N1234 (17/06/2024 - 17/06/2024),  24N1234 (24/06/2024 - 26/06/2024),  2N1234 (01/07/2024 - 01/07/2024)',)
Disciplina 2: GEX988_1 | ('2N1234 (04/03/2024 - 10/06/2024)',)
Agrupamento!
Curso:  MATEMÁTICA
Disciplina 1: GEX996_1 | ('2N1234 (04/03/2024 - 04/03/2024),  2N1234 (18/03/2024 - 18/03/2024),  2N1234 (01/04/2024 - 01/04/2024),  2N1234 (15/04/2024 - 15/04/2024),  2N1234 (29/04/2024 - 29/04/2024),  2N1234 (13/05/2024 - 13/05/2024),  2N1234 (27/05/2024 - 27/05/2024),  2N1234 (10/06/2024 - 10/06/2024),  2N1234 (24/06/2024 - 24/06/2024)',)
Disciplina 2: GEX995_1 | ('2N1234 (11/03/2024 - 11/03/2024),  2T2345  2N1234 (25/03/2024 - 25/03/2024),  2T2345 (01/04/2024 - 01/04/2024),  2T2345  2N1234 (08/04/2024 - 08/04/2024),  2T2345 (15/04/2024 - 15/04/2024),  2T2345  2N1234 (22/04/2024 - 22/04/2024),  2T2345 (29/04/2024 - 29/04/2024),  2T2345  2N1234 (06/05/2024 - 06/05/2024),  2T2345 (13/05/2024 - 13/05/2024),  2T2345  2N1234 (20/05/2024 - 20/05/2024),  2T2345 (27/05/2024 - 27/05/2024),  2T2345  2N1234 (03/06/2024 - 03/06/2024),  2T2345 (10/06/2024 - 10/06/2024),  2T2345  2N1234 (17/06/2024 - 17/06/2024),  2T2345 (24/06/2024 - 24/06/2024),  2N12 (01/07/2024 - 01/07/2024)',)
Agrupamento!
Curso:  MEDICINA
Disciplina 1: GSA286_1 | ('4T1234 (06/03/2024 - 06/03/2024),  4T1234 (20/03/2024 - 20/03/2024),  4T1234 (03/04/2024 - 03/04/2024),  4T1234 (17/04/2024 - 17/04/2024),  4T1234 (08/05/2024 - 08/05/2024),  4T1234 (22/05/2024 - 22/05/2024),  4T1234 (29/05/2024 - 29/05/2024),  4T1234 (12/06/2024 - 12/06/2024),  4T1234 (26/06/2024 - 26/06/2024)',)
Disciplina 2: GSA285_1 | ('4T12345 (05/06/2024 - 05/06/2024),  4T12345 (19/06/2024 - 19/06/2024),  4T12345 (03/07/2024 - 03/07/2024),  4T123 (10/07/2024 - 10/07/2024)',)
Agrupamento!
Curso:  PEDAGOGIA
Disciplina 1: GCH1036_1 | ('5M1234 (28/03/2024 - 28/03/2024), 5M1234 (02/05/2024 - 02/05/2024), 5M1234 (06/06/2024 - 06/06/2024), 5M1234 (20/06/2024 - 20/06/2024), 5M12 (27/06/2024 - 27/06/2024)',)
Disciplina 2: GCH1100_1 | ('5M1234 (04/03/2024 - 21/03/2024), 5M1234 (04/04/2024 - 25/04/2024), 5M1234 (09/05/2024 - 09/05/2024), 5M1234 (16/05/2024 - 16/05/2024)',)
Agrupamento!
Curso:  PEDAGOGIA
Disciplina 1: GCH1039_1 | ('4N1234 (27/03/2024 - 27/03/2024),  4N1234 (08/05/2024 - 08/05/2024),  4N1234 (27/05/2024 - 08/06/2024),  4N12 (12/06/2024 - 12/06/2024)',)
Disciplina 2: GCH1038_1 | ('4N1234 (04/03/2024 - 23/03/2024),  4N1234 (01/04/2024 - 27/04/2024),  4N1234 (13/05/2024 - 25/05/2024)',)
Agrupamento!
Curso:  PEDAGOGIA
Disciplina 1: GCH1099_1 | ('6M1234 (04/03/2024 - 23/03/2024), 6M1234 (08/04/2024 - 04/05/2024), 6M1234 (13/05/2024 - 01/06/2024), 6M1234 (14/06/2024 - 14/06/2024), 6M34 (28/06/2024 - 28/06/2024), 6M1234 (01/07/2024 - 13/07/2024)',)
Disciplina 2: GCH1088_1 | ('6M1234 (01/04/2024 - 06/04/2024), 6M1234 (06/05/2024 - 11/05/2024), 6M1234 (03/06/2024 - 08/06/2024), 6M1234 (17/06/2024 - 22/06/2024), 6M12 (24/06/2024 - 29/06/2024)',)
Agrupamento!
Curso:  PEDAGOGIA
Disciplina 1: GCH1105_1 | ('3N1234 (04/03/2024 - 30/03/2024), 7M123456  3N1234 (01/07/2024 - 13/07/2024)',)
Disciplina 2: GCH1104_1 | ('3N1234 (01/04/2024 - 27/04/2024),  3N1234 (06/05/2024 - 18/05/2024)',)
Agrupamento!
Curso:  PEDAGOGIA
Disciplina 1: GCH1106_1 | ('2N1234 (25/03/2024 - 25/03/2024),  2N1234 (29/04/2024 - 29/04/2024),  2N1234 (27/05/2024 - 27/05/2024),  2N1234 (10/06/2024 - 10/06/2024),  2N12 (17/06/2024 - 17/06/2024)',)
Disciplina 2: GCH1102_1 | ('2N1234 (04/03/2024 - 23/03/2024),  2N1234 (01/04/2024 - 27/04/2024),  2N1234 (06/05/2024 - 25/05/2024),  2N1234 (03/06/2024 - 03/06/2024),  2N34 (17/06/2024 - 17/06/2024),  2N1234 (24/06/2024 - 06/07/2024)',)
Agrupamento!
Curso:  PEDAGOGIA
Disciplina 1: GCH1109_1 | ('3M1234 (06/05/2024 - 06/07/2024)',)
Disciplina 2: GCH1108_1 | ('3M1234 (04/03/2024 - 04/05/2024)',)
Agrupamento!
Curso:  PEDAGOGIA
Disciplina 1: GCH1111_1 | ('5M1234 (28/03/2024 - 28/03/2024), 5M1234 (02/05/2024 - 02/05/2024), 5M1234 (06/06/2024 - 06/06/2024), 5M1234 (20/06/2024 - 20/06/2024), 5M12 (27/06/2024 - 27/06/2024)',)
Disciplina 2: GCH837_3 | ('57M12345 (04/03/2024 - 23/03/2024), 57M12345 (01/04/2024 - 27/04/2024), 5M12345 (06/05/2024 - 25/05/2024), 57M12345 (13/06/2024 - 15/06/2024), 5M345 (27/06/2024 - 27/06/2024), 5M12345 (01/07/2024 - 13/07/2024)',)
Agrupamento!
Curso:  PEDAGOGIA
Disciplina 1: GCH1114_1 | ('7M2345  5N1234 (06/05/2024 - 25/05/2024), 7M2345  5N1234 (27/05/2024 - 08/06/2024),  5N1234 (10/06/2024 - 13/07/2024)',)
Disciplina 2: GCH1115_1 | ('7M2345  5N1234 (04/03/2024 - 23/03/2024),  5N1234 (25/03/2024 - 20/04/2024), 7M2345  5N1234 (22/04/2024 - 04/05/2024)',)
Agrupamento!
Curso:  PEDAGOGIA
Disciplina 1: GCH1116_1 | ('4N1234 (27/03/2024 - 27/03/2024),  4N1234 (08/05/2024 - 08/05/2024),  4N1234 (05/06/2024 - 05/06/2024),  4N1234 (19/06/2024 - 19/06/2024),  4N12 (26/06/2024 - 26/06/2024)',)
Disciplina 2: GCH1113_1 | ('4N1234 (04/03/2024 - 23/03/2024),  4N1234 (01/04/2024 - 27/04/2024),  4N1234 (13/05/2024 - 01/06/2024),  4N1234 (12/06/2024 - 12/06/2024),  4N34 (26/06/2024 - 26/06/2024), 7M123456  7T123  4N1234 (01/07/2024 - 13/07/2024)',)
Agrupamento!
Curso:  PEDAGOGIA
Disciplina 1: GLA240_1 | ('5M1234 (04/03/2024 - 04/05/2024)',)
Disciplina 2: GCH1119_1 | ('5M1234 (06/05/2024 - 13/07/2024)',)
Agrupamento!
Curso:  PEDAGOGIA
Disciplina 1: GEX776_1 | ('6M1234 (13/05/2024 - 13/07/2024)',)
Disciplina 2: GCH1118_1 | ('6M1234 (04/03/2024 - 11/05/2024)',)
Agrupamento!
Curso:  PEDAGOGIA
Disciplina 1: GCH1121_1 | ('7M2345 (09/03/2024 - 09/03/2024),  4N1234 (13/03/2024 - 13/03/2024), 7M2345 (16/03/2024 - 16/03/2024), 7M2345 (23/03/2024 - 23/03/2024),  4N1234 (10/04/2024 - 10/04/2024),  4N1234 (08/05/2024 - 08/05/2024),  4N1234 (22/05/2024 - 22/05/2024),  4N1234 (12/06/2024 - 12/06/2024),  4N1234 (26/06/2024 - 26/06/2024)',)
Disciplina 2: GEX777_1 | ('4N1234 (06/03/2024 - 06/03/2024),  4N1234 (18/03/2024 - 06/04/2024),  4N1234 (15/04/2024 - 27/04/2024), 7M2345  4N1234 (15/05/2024 - 18/05/2024), 7M2345  4N1234 (27/05/2024 - 08/06/2024), 7M2345  4N1234 (19/06/2024 - 22/06/2024), 7M2345  4N1234 (01/07/2024 - 13/07/2024)',)
Agrupamento!
Curso:  PEDAGOGIA
Disciplina 1: GCH1126_1 | ('2N1234 (25/03/2024 - 25/03/2024),  2N1234 (29/04/2024 - 29/04/2024),  2N1234 (27/05/2024 - 27/05/2024),  2N1234 (10/06/2024 - 10/06/2024),  2N12 (17/06/2024 - 17/06/2024)',)
Disciplina 2: GCH1122_1 | ('2N1234 (04/03/2024 - 23/03/2024),  2N1234 (01/04/2024 - 27/04/2024),  2N1234 (06/05/2024 - 06/05/2024),  2N1234 (13/05/2024 - 13/05/2024),  7T2345 (18/05/2024 - 18/05/2024),  2N1234 (20/05/2024 - 20/05/2024),  7T2345 (25/05/2024 - 25/05/2024),  7T2345 (01/06/2024 - 01/06/2024),  2N1234 (03/06/2024 - 03/06/2024),  7T2345 (08/06/2024 - 08/06/2024),  2N1234 (24/06/2024 - 13/07/2024)',)
Agrupamento!
Curso:  PEDAGOGIA
Disciplina 1: GCH1134_1 | ('3N1234 (26/03/2024 - 26/03/2024),  3N1234 (30/04/2024 - 30/04/2024),  3N1234 (21/05/2024 - 01/06/2024),  3N12 (04/06/2024 - 04/06/2024)',)
Disciplina 2: GCH1132_1 | ('3N1234 (04/03/2024 - 23/03/2024),  3N1234 (01/04/2024 - 27/04/2024),  3N1234 (06/05/2024 - 18/05/2024)',)
Agrupamentos:  27
Set parameter Username
Set parameter LicenseID to value 2851439
Academic license - for non-commercial use only - expires 2027-08-04
Set parameter TimeLimit to value 25200
Set parameter TimeLimit to value 180
Set parameter MIPFocus to value 1
Set parameter NoRelHeurTime to value 180
Gurobi Optimizer version 10.0.2 build v10.0.2rc0 (mac64[arm])

CPU model: Apple M5
Thread count: 10 physical cores, 10 logical processors, using up to 10 threads

Optimize a model with 548706 rows, 284763 columns and 1341935 nonzeros
Model fingerprint: 0x554225e6
Variable types: 0 continuous, 284763 integer (264707 binary)
Coefficient statistics:
  Matrix range     [1e+00, 8e+01]
  Objective range  [5e-01, 2e+03]
  Bounds range     [1e+00, 1e+00]
  RHS range        [1e+00, 1e+02]
Found heuristic solution: objective 4130000.0000
Presolve removed 258478 rows and 68178 columns
Presolve time: 1.62s
Presolved: 290228 rows, 216585 columns, 898474 nonzeros
Variable types: 0 continuous, 216585 integer (216585 binary)
Found heuristic solution: objective 3264725.0000
Starting NoRel heuristic
Found heuristic solution: objective 3264325.0000
Found heuristic solution: objective 1205379.0000
Found heuristic solution: objective 1168629.0000
Found heuristic solution: objective 1167689.0000
Found heuristic solution: objective 1014507.5000
Found heuristic solution: objective 1001215.0000
Found heuristic solution: objective 980986.50000
Found heuristic solution: objective 961056.50000
Found heuristic solution: objective 958228.00000
Found heuristic solution: objective 916147.00000
Elapsed time for NoRel heuristic: 5s (best bound -3.1692e+06)
Found heuristic solution: objective 878620.00000
Found heuristic solution: objective 870740.00000
Found heuristic solution: objective 844845.00000
Found heuristic solution: objective 810575.50000
Found heuristic solution: objective 801066.00000
Found heuristic solution: objective 500264.00000
Found heuristic solution: objective 499864.00000
Found heuristic solution: objective 489746.00000
Found heuristic solution: objective 470090.50000
Found heuristic solution: objective 466390.50000
Found heuristic solution: objective 455585.50000
Found heuristic solution: objective 449164.50000
Found heuristic solution: objective 440196.00000
Found heuristic solution: objective 435634.50000
Found heuristic solution: objective 418926.00000
Found heuristic solution: objective 414821.00000
Found heuristic solution: objective 411606.00000
Found heuristic solution: objective 410262.50000
Found heuristic solution: objective 406462.50000
Found heuristic solution: objective 400876.00000
Found heuristic solution: objective 367801.50000
Elapsed time for NoRel heuristic: 11s (best bound -2.80555e+06)
Found heuristic solution: objective 366830.00000
Found heuristic solution: objective 363434.50000
Found heuristic solution: objective 361914.00000
Found heuristic solution: objective 361384.50000
Found heuristic solution: objective 361084.50000
Found heuristic solution: objective 356589.00000
Found heuristic solution: objective 350552.00000
Found heuristic solution: objective 324668.00000
Found heuristic solution: objective 292767.50000
Found heuristic solution: objective 290377.00000
Found heuristic solution: objective 289797.00000
Found heuristic solution: objective 288797.00000
Found heuristic solution: objective 287547.00000
Elapsed time for NoRel heuristic: 16s (best bound -2.73435e+06)
Found heuristic solution: objective 285877.00000
Found heuristic solution: objective 285492.00000
Found heuristic solution: objective 283407.50000
Found heuristic solution: objective 279425.00000
Found heuristic solution: objective 277334.50000
Found heuristic solution: objective 275884.50000
Found heuristic solution: objective 275584.50000
Found heuristic solution: objective 274804.50000
Found heuristic solution: objective 274304.50000
Found heuristic solution: objective 273764.50000
Found heuristic solution: objective 271257.50000
Found heuristic solution: objective 270139.00000
Elapsed time for NoRel heuristic: 23s (best bound -2.1826e+06)
Found heuristic solution: objective 269539.00000
Found heuristic solution: objective 255639.00000
Found heuristic solution: objective 254829.00000
Found heuristic solution: objective 251338.00000
Found heuristic solution: objective 250938.00000
Found heuristic solution: objective 249513.00000
Found heuristic solution: objective 248763.00000
Found heuristic solution: objective 247303.00000
Found heuristic solution: objective 246158.00000
Elapsed time for NoRel heuristic: 29s (best bound -2.0731e+06)
Found heuristic solution: objective 241998.50000
Found heuristic solution: objective 239900.50000
Found heuristic solution: objective 237641.00000
Found heuristic solution: objective 233357.00000
Found heuristic solution: objective 232451.50000
Found heuristic solution: objective 231921.50000
Found heuristic solution: objective 231421.50000
Found heuristic solution: objective 231296.50000
Found heuristic solution: objective 229526.50000
Found heuristic solution: objective 227472.50000
Elapsed time for NoRel heuristic: 36s (best bound -1.66275e+06)
Found heuristic solution: objective 221368.00000
Found heuristic solution: objective 218695.00000
Found heuristic solution: objective 218195.00000
Found heuristic solution: objective 218175.00000
Found heuristic solution: objective 217930.00000
Found heuristic solution: objective 217273.00000
Found heuristic solution: objective 216016.00000
Elapsed time for NoRel heuristic: 41s (best bound -1.34295e+06)
Found heuristic solution: objective 212777.50000
Found heuristic solution: objective 209085.50000
Found heuristic solution: objective 207924.00000
Found heuristic solution: objective 206557.50000
Elapsed time for NoRel heuristic: 47s (best bound -727700)
Found heuristic solution: objective 204211.00000
Found heuristic solution: objective 201797.50000
Found heuristic solution: objective 201772.50000
Found heuristic solution: objective 201486.50000
Found heuristic solution: objective 201417.00000
Found heuristic solution: objective 200153.50000
Found heuristic solution: objective 199528.00000
Found heuristic solution: objective 199493.00000
Elapsed time for NoRel heuristic: 53s (best bound -401250)
Found heuristic solution: objective 199052.00000
Found heuristic solution: objective 198921.00000
Found heuristic solution: objective 197249.50000
Found heuristic solution: objective 196489.00000
Found heuristic solution: objective 196219.00000
Found heuristic solution: objective 196199.00000
Found heuristic solution: objective 195437.00000
Elapsed time for NoRel heuristic: 58s (best bound -228350)
Found heuristic solution: objective 194981.50000
Found heuristic solution: objective 194941.50000
Found heuristic solution: objective 194682.00000
Found heuristic solution: objective 194302.00000
Found heuristic solution: objective 194287.00000
Found heuristic solution: objective 193982.00000
Elapsed time for NoRel heuristic: 64s (best bound -120700)
Found heuristic solution: objective 193873.00000
Found heuristic solution: objective 193778.00000
Found heuristic solution: objective 193673.00000
Found heuristic solution: objective 193623.00000
Found heuristic solution: objective 193338.00000
Found heuristic solution: objective 192857.50000
Found heuristic solution: objective 192847.50000
Elapsed time for NoRel heuristic: 70s (best bound -66073)
Found heuristic solution: objective 192665.00000
Found heuristic solution: objective 192469.00000
Found heuristic solution: objective 192309.00000
Found heuristic solution: objective 192274.00000
Found heuristic solution: objective 192158.00000
Found heuristic solution: objective 191498.50000
Elapsed time for NoRel heuristic: 76s (best bound 45150.8)
Found heuristic solution: objective 191313.50000
Found heuristic solution: objective 191233.50000
Found heuristic solution: objective 190440.50000
Elapsed time for NoRel heuristic: 82s (best bound 57397.7)
Found heuristic solution: objective 190317.50000
Found heuristic solution: objective 190302.50000
Found heuristic solution: objective 190212.50000
Found heuristic solution: objective 190117.50000
Found heuristic solution: objective 189962.00000
Found heuristic solution: objective 189754.50000
Elapsed time for NoRel heuristic: 91s (best bound 65280.5)
Found heuristic solution: objective 189739.50000
Found heuristic solution: objective 189729.50000
Found heuristic solution: objective 189517.50000
Elapsed time for NoRel heuristic: 98s (best bound 72037)
Found heuristic solution: objective 189292.50000
Elapsed time for NoRel heuristic: 103s (best bound 74682.5)
Found heuristic solution: objective 189232.00000
Found heuristic solution: objective 189227.00000
Found heuristic solution: objective 189218.50000
Found heuristic solution: objective 189012.00000
Found heuristic solution: objective 188954.50000
Found heuristic solution: objective 188706.50000
Found heuristic solution: objective 188661.50000
Elapsed time for NoRel heuristic: 113s (best bound 82085)
Found heuristic solution: objective 188576.50000
Found heuristic solution: objective 188423.50000
Elapsed time for NoRel heuristic: 119s (best bound 85715)
Found heuristic solution: objective 187842.50000
Elapsed time for NoRel heuristic: 125s (best bound 89597.5)
Found heuristic solution: objective 187460.00000
Elapsed time for NoRel heuristic: 132s (best bound 94363)
Found heuristic solution: objective 187205.00000
Elapsed time for NoRel heuristic: 138s (best bound 97632.5)
Found heuristic solution: objective 187190.00000
Found heuristic solution: objective 187178.50000
Elapsed time for NoRel heuristic: 146s (best bound 99456.2)
Found heuristic solution: objective 187147.50000
Found heuristic solution: objective 187132.50000
Elapsed time for NoRel heuristic: 155s (best bound 102589)
Found heuristic solution: objective 187097.50000
Found heuristic solution: objective 187082.50000
Elapsed time for NoRel heuristic: 164s (best bound 105074)
Found heuristic solution: objective 187047.50000
Found heuristic solution: objective 186761.50000
Elapsed time for NoRel heuristic: 172s (best bound 108546)
Found heuristic solution: objective 186694.50000
Elapsed time for NoRel heuristic: 178s (best bound 111048)
NoRel heuristic complete

Explored 0 nodes (0 simplex iterations) in 180.12 seconds (162.26 work units)
Thread count was 10 (of 10 available processors)

Solution count 10: 186694 186762 187048 ... 187205

Time limit reached
Best objective 1.866945000000e+05, best bound 1.110481666667e+05, gap 40.5188%
Solução -> não <- ótima.
Set parameter TimeLimit to value 25200
Set parameter TimeLimit to value 600
Set parameter NoRelHeurTime to value 0
Gurobi Optimizer version 10.0.2 build v10.0.2rc0 (mac64[arm])

CPU model: Apple M5
Thread count: 10 physical cores, 10 logical processors, using up to 10 threads

Optimize a model with 548706 rows, 284763 columns and 1341935 nonzeros
Model fingerprint: 0x47c1e90f
Variable types: 0 continuous, 284763 integer (264707 binary)
Coefficient statistics:
  Matrix range     [1e+00, 8e+01]
  Objective range  [5e-01, 2e+03]
  Bounds range     [1e+00, 1e+00]
  RHS range        [1e+00, 1e+02]

User MIP start produced solution with objective 186694 (0.11s)
Loaded user MIP start with objective 186694
MIP start from previous solve did not produce a new incumbent solution

Presolve removed 527676 rows and 267909 columns
Presolve time: 0.27s
Presolved: 21030 rows, 16854 columns, 61220 nonzeros
Variable types: 0 continuous, 16854 integer (16854 binary)

Root relaxation: objective 1.865745e+05, 8113 iterations, 0.38 seconds (1.03 work units)

    Nodes    |    Current Node    |     Objective Bounds      |     Work
 Expl Unexpl |  Obj  Depth IntInf | Incumbent    BestBd   Gap | It/Node Time

     0     0 186574.500    0  588 186694.500 186574.500  0.06%     -    1s
     0     0 186574.500    0  588 186694.500 186574.500  0.06%     -    1s
     0     0 186574.500    0  216 186694.500 186574.500  0.06%     -    1s
     0     0 186576.500    0  247 186694.500 186576.500  0.06%     -    1s
     0     0 186580.667    0  249 186694.500 186580.667  0.06%     -    1s
     0     0 186580.900    0  266 186694.500 186580.900  0.06%     -    1s
     0     0 186581.375    0  285 186694.500 186581.375  0.06%     -    1s
     0     0 186583.633    0  300 186694.500 186583.633  0.06%     -    1s
H    0     0                    186689.50000 186583.633  0.06%     -    1s
     0     0 186583.643    0  290 186689.500 186583.643  0.06%     -    1s
H    0     0                    186664.50000 186583.643  0.04%     -    1s
     0     0 186585.000    0  178 186664.500 186585.000  0.04%     -    1s
     0     0 186586.000    0  220 186664.500 186586.000  0.04%     -    1s
     0     0 186586.000    0  148 186664.500 186586.000  0.04%     -    1s
     0     0 186586.200    0  240 186664.500 186586.200  0.04%     -    1s
     0     2 186586.333    0  240 186664.500 186586.333  0.04%     -    1s
H   39    46                    186659.50000 186588.700  0.04%   233    1s
*   81    83               6    186655.50000 186588.700  0.04%   167    1s
*  101   101              12    186654.50000 186588.700  0.04%   147    1s
H  315   167                    186649.50000 186588.929  0.03%  91.6    2s
H  637   302                    186644.50000 186588.929  0.03%  88.0    2s
  6929   319 infeasible   19      186644.500 186604.833  0.02%  69.7    5s

Cutting planes:
  Gomory: 6
  Clique: 1
  MIR: 4
  Inf proof: 5
  Zero half: 35
  RLT: 9
  BQP: 20

Explored 8496 nodes (554029 simplex iterations) in 5.18 seconds (10.88 work units)
Thread count was 10 (of 10 available processors)

Solution count 8: 186644 186650 186654 ... 186694

Optimal solution found (tolerance 1.00e-04)
Best objective 1.866445000000e+05, best bound 1.866445000000e+05, gap 0.0000%
Solução ótima encontrada.
Set parameter TimeLimit to value 25200
Set parameter TimeLimit to value 600
Gurobi Optimizer version 10.0.2 build v10.0.2rc0 (mac64[arm])

CPU model: Apple M5
Thread count: 10 physical cores, 10 logical processors, using up to 10 threads

Optimize a model with 548706 rows, 284763 columns and 1341935 nonzeros
Model fingerprint: 0x9f43e443
Variable types: 0 continuous, 284763 integer (264707 binary)
Coefficient statistics:
  Matrix range     [1e+00, 8e+01]
  Objective range  [5e-01, 2e+03]
  Bounds range     [1e+00, 1e+00]
  RHS range        [1e+00, 1e+02]

User MIP start produced solution with objective 186644 (0.10s)
Loaded user MIP start with objective 186644
MIP start from previous solve did not produce a new incumbent solution

Presolve removed 529540 rows and 269651 columns
Presolve time: 0.23s
Presolved: 19166 rows, 15112 columns, 54993 nonzeros
Variable types: 0 continuous, 15112 integer (15112 binary)

Root relaxation: objective 1.862028e+05, 13748 iterations, 0.43 seconds (0.90 work units)

    Nodes    |    Current Node    |     Objective Bounds      |     Work
 Expl Unexpl |  Obj  Depth IntInf | Incumbent    BestBd   Gap | It/Node Time

     0     0 186202.812    0  753 186644.500 186202.812  0.24%     -    0s
     0     0 186202.979    0  726 186644.500 186202.979  0.24%     -    0s
     0     0 186202.979    0  726 186644.500 186202.979  0.24%     -    0s
     0     0 186202.979    0  677 186644.500 186202.979  0.24%     -    1s
     0     0 186432.787    0 1374 186644.500 186432.787  0.11%     -    1s
     0     0 186433.043    0 1399 186644.500 186433.043  0.11%     -    1s
     0     0 186433.043    0 1387 186644.500 186433.043  0.11%     -    2s
     0     0 186433.043    0 1396 186644.500 186433.043  0.11%     -    2s
     0     0 186433.043    0 1383 186644.500 186433.043  0.11%     -    2s
     0     0 186433.043    0 1377 186644.500 186433.043  0.11%     -    2s
     0     0 186433.043    0 1391 186644.500 186433.043  0.11%     -    2s
     0     0 186433.635    0 1349 186644.500 186433.635  0.11%     -    2s
     0     0 186434.392    0 1324 186644.500 186434.392  0.11%     -    2s
     0     0 186436.416    0 1347 186644.500 186436.416  0.11%     -    2s
     0     0 186439.318    0 1316 186644.500 186439.318  0.11%     -    2s
     0     0 186558.208    0  749 186644.500 186558.208  0.05%     -    2s
     0     0 186558.208    0  459 186644.500 186558.208  0.05%     -    2s
     0     0 186558.208    0  518 186644.500 186558.208  0.05%     -    2s
     0     0 186558.208    0  779 186644.500 186558.208  0.05%     -    2s
     0     0 186558.208    0  472 186644.500 186558.208  0.05%     -    2s
     0     0 186596.500    0  504 186644.500 186596.500  0.03%     -    2s
     0     0 186600.463    0  482 186644.500 186600.463  0.02%     -    2s
     0     0 186605.256    0  487 186644.500 186605.256  0.02%     -    2s
     0     0 186606.076    0  474 186644.500 186606.076  0.02%     -    2s
     0     0 186608.733    0  463 186644.500 186608.733  0.02%     -    2s
     0     0 186609.711    0  427 186644.500 186609.711  0.02%     -    2s
     0     0 186620.833    0  550 186644.500 186620.833  0.01%     -    2s
     0     0 186623.326    0  449 186644.500 186623.326  0.01%     -    2s
     0     0 186625.149    0  472 186644.500 186625.149  0.01%     -    2s
     0     0 186627.500    0  259 186644.500 186627.500  0.01%     -    2s

Cutting planes:
  Gomory: 3
  Implied bound: 1
  Clique: 3
  MIR: 2
  Zero half: 11
  RLT: 43
  BQP: 37

Explored 1 nodes (52119 simplex iterations) in 3.01 seconds (6.22 work units)
Thread count was 10 (of 10 available processors)

Solution count 1: 186644 

Optimal solution found (tolerance 1.00e-04)
Best objective 1.866445000000e+05, best bound 1.866275000000e+05, gap 0.0091%
Solução ótima encontrada.
Set parameter TimeLimit to value 25200
Set parameter TimeLimit to value 600
Gurobi Optimizer version 10.0.2 build v10.0.2rc0 (mac64[arm])

CPU model: Apple M5
Thread count: 10 physical cores, 10 logical processors, using up to 10 threads

Optimize a model with 548706 rows, 284763 columns and 1341935 nonzeros
Model fingerprint: 0x169985a8
Variable types: 0 continuous, 284763 integer (264707 binary)
Coefficient statistics:
  Matrix range     [1e+00, 8e+01]
  Objective range  [5e-01, 2e+03]
  Bounds range     [1e+00, 1e+00]
  RHS range        [1e+00, 1e+02]

User MIP start produced solution with objective 186644 (0.11s)
Loaded user MIP start with objective 186644
MIP start from previous solve did not produce a new incumbent solution

Presolve removed 534601 rows and 273209 columns
Presolve time: 0.23s
Presolved: 14105 rows, 11554 columns, 41070 nonzeros
Variable types: 0 continuous, 11554 integer (11554 binary)

Root relaxation: objective 1.865040e+05, 4005 iterations, 0.08 seconds (0.14 work units)

    Nodes    |    Current Node    |     Objective Bounds      |     Work
 Expl Unexpl |  Obj  Depth IntInf | Incumbent    BestBd   Gap | It/Node Time

     0     0 186504.000    0  379 186644.500 186504.000  0.08%     -    0s
     0     0 186504.000    0  379 186644.500 186504.000  0.08%     -    0s
     0     0 186504.000    0  101 186644.500 186504.000  0.08%     -    0s
     0     0 186507.167    0   70 186644.500 186507.167  0.07%     -    0s
     0     0 186511.500    0  130 186644.500 186511.500  0.07%     -    0s
     0     0 186511.500    0  121 186644.500 186511.500  0.07%     -    0s
H    0     0                    186619.50000 186511.500  0.06%     -    0s
     0     0 186511.667    0  147 186619.500 186511.667  0.06%     -    0s
     0     0 186511.950    0  157 186619.500 186511.950  0.06%     -    0s
H    0     0                    186619.00000 186511.950  0.06%     -    0s
     0     0 186512.000    0  157 186619.000 186512.000  0.06%     -    0s
     0     0 186513.350    0  142 186619.000 186513.350  0.06%     -    0s
     0     0 186513.600    0  151 186619.000 186513.600  0.06%     -    0s
     0     0 186514.656    0  132 186619.000 186514.656  0.06%     -    0s
     0     2 186514.750    0  132 186619.000 186514.750  0.06%     -    0s
*  239   121              15    186616.50000 186518.716  0.05%  14.7    0s
H  500   174                    186611.50000 186519.500  0.05%  13.5    0s

Cutting planes:
  Gomory: 2
  MIR: 4
  Inf proof: 4
  Zero half: 12
  RLT: 11
  BQP: 13

Explored 1881 nodes (32023 simplex iterations) in 0.77 seconds (1.79 work units)
Thread count was 10 (of 10 available processors)

Solution count 5: 186612 186616 186619 ... 186644

Optimal solution found (tolerance 1.00e-04)
Best objective 1.866115000000e+05, best bound 1.866115000000e+05, gap 0.0000%
Solução ótima encontrada.
Set parameter TimeLimit to value 25200
Set parameter TimeLimit to value 600
Gurobi Optimizer version 10.0.2 build v10.0.2rc0 (mac64[arm])

CPU model: Apple M5
Thread count: 10 physical cores, 10 logical processors, using up to 10 threads

Optimize a model with 548706 rows, 284763 columns and 1341935 nonzeros
Model fingerprint: 0x051fd210
Variable types: 0 continuous, 284763 integer (264707 binary)
Coefficient statistics:
  Matrix range     [1e+00, 8e+01]
  Objective range  [5e-01, 2e+03]
  Bounds range     [1e+00, 1e+00]
  RHS range        [1e+00, 1e+02]

User MIP start produced solution with objective 186612 (0.11s)
Loaded user MIP start with objective 186612
MIP start from previous solve did not produce a new incumbent solution

Presolve removed 531405 rows and 270731 columns
Presolve time: 0.24s
Presolved: 17301 rows, 14032 columns, 50966 nonzeros
Variable types: 0 continuous, 14032 integer (14032 binary)

Root relaxation: objective 1.858595e+05, 2812 iterations, 0.05 seconds (0.10 work units)

    Nodes    |    Current Node    |     Objective Bounds      |     Work
 Expl Unexpl |  Obj  Depth IntInf | Incumbent    BestBd   Gap | It/Node Time

     0     0 185859.500    0  608 186611.500 185859.500  0.40%     -    0s
     0     0 186390.625    0  730 186611.500 186390.625  0.12%     -    0s
     0     0 186401.167    0  764 186611.500 186401.167  0.11%     -    0s
     0     0 186403.292    0  764 186611.500 186403.292  0.11%     -    0s
     0     0 186571.500    0  294 186611.500 186571.500  0.02%     -    0s
     0     0 186581.500    0  333 186611.500 186581.500  0.02%     -    0s
     0     0 186581.500    0   90 186611.500 186581.500  0.02%     -    0s
     0     0 186581.500    0  136 186611.500 186581.500  0.02%     -    0s
     0     0 186584.000    0  102 186611.500 186584.000  0.01%     -    0s
     0     0 186584.833    0  132 186611.500 186584.833  0.01%     -    0s
     0     0 186584.833    0  134 186611.500 186584.833  0.01%     -    0s
     0     0 186593.167    0  105 186611.500 186593.167  0.01%     -    0s

Cutting planes:
  Gomory: 7
  Clique: 11
  Zero half: 32
  RLT: 6
  BQP: 17

Explored 1 nodes (11098 simplex iterations) in 0.75 seconds (1.77 work units)
Thread count was 10 (of 10 available processors)

Solution count 1: 186612 

Optimal solution found (tolerance 1.00e-04)
Best objective 1.866115000000e+05, best bound 1.865935000000e+05, gap 0.0096%
Solução ótima encontrada.
Set parameter TimeLimit to value 25200
Set parameter TimeLimit to value 600
Gurobi Optimizer version 10.0.2 build v10.0.2rc0 (mac64[arm])

CPU model: Apple M5
Thread count: 10 physical cores, 10 logical processors, using up to 10 threads

Optimize a model with 548706 rows, 284763 columns and 1341935 nonzeros
Model fingerprint: 0xda581365
Variable types: 0 continuous, 284763 integer (264707 binary)
Coefficient statistics:
  Matrix range     [1e+00, 8e+01]
  Objective range  [5e-01, 2e+03]
  Bounds range     [1e+00, 1e+00]
  RHS range        [1e+00, 1e+02]

User MIP start produced solution with objective 186612 (0.10s)
Loaded user MIP start with objective 186612
MIP start from previous solve did not produce a new incumbent solution

Presolve removed 531014 rows and 270921 columns
Presolve time: 0.17s
Presolved: 17692 rows, 13842 columns, 49807 nonzeros
Variable types: 0 continuous, 13842 integer (13842 binary)

Root relaxation: objective 1.865865e+05, 1242 iterations, 0.02 seconds (0.04 work units)

    Nodes    |    Current Node    |     Objective Bounds      |     Work
 Expl Unexpl |  Obj  Depth IntInf | Incumbent    BestBd   Gap | It/Node Time

     0     0 186586.500    0  130 186611.500 186586.500  0.01%     -    0s
H    0     0                    186601.50000 186586.500  0.01%     -    0s

Explored 1 nodes (1782 simplex iterations) in 0.36 seconds (1.02 work units)
Thread count was 10 (of 10 available processors)

Solution count 2: 186602 186612 

Optimal solution found (tolerance 1.00e-04)
Best objective 1.866015000000e+05, best bound 1.865865000000e+05, gap 0.0080%
Solução ótima encontrada.
Set parameter TimeLimit to value 25200
Set parameter TimeLimit to value 600
Gurobi Optimizer version 10.0.2 build v10.0.2rc0 (mac64[arm])

CPU model: Apple M5
Thread count: 10 physical cores, 10 logical processors, using up to 10 threads

Optimize a model with 548706 rows, 284763 columns and 1341935 nonzeros
Model fingerprint: 0xffd75fd7
Variable types: 0 continuous, 284763 integer (264707 binary)
Coefficient statistics:
  Matrix range     [1e+00, 8e+01]
  Objective range  [5e-01, 2e+03]
  Bounds range     [1e+00, 1e+00]
  RHS range        [1e+00, 1e+02]

User MIP start produced solution with objective 186602 (0.10s)
Loaded user MIP start with objective 186602
MIP start from previous solve did not produce a new incumbent solution

Presolve removed 530466 rows and 271247 columns
Presolve time: 0.23s
Presolved: 18240 rows, 13516 columns, 52121 nonzeros
Variable types: 0 continuous, 13516 integer (13516 binary)

Root relaxation: objective 1.864837e+05, 11669 iterations, 0.37 seconds (0.79 work units)

    Nodes    |    Current Node    |     Objective Bounds      |     Work
 Expl Unexpl |  Obj  Depth IntInf | Incumbent    BestBd   Gap | It/Node Time

     0     0 186483.702    0  677 186601.500 186483.702  0.06%     -    0s
     0     0 186485.611    0  568 186601.500 186485.611  0.06%     -    0s
     0     0 186485.611    0  568 186601.500 186485.611  0.06%     -    0s
     0     0 186485.611    0  202 186601.500 186485.611  0.06%     -    0s
     0     0 186490.833    0  194 186601.500 186490.833  0.06%     -    0s
     0     0 186492.556    0  198 186601.500 186492.556  0.06%     -    0s
     0     0     cutoff    0      186601.500 186601.500  0.00%     -    0s

Cutting planes:
  Gomory: 1
  Zero half: 12
  RLT: 9
  BQP: 31

Explored 1 nodes (15680 simplex iterations) in 0.95 seconds (2.35 work units)
Thread count was 10 (of 10 available processors)

Solution count 1: 186602 

Optimal solution found (tolerance 1.00e-04)
Best objective 1.866015000000e+05, best bound 1.866015000000e+05, gap 0.0000%
Solução ótima encontrada.
Set parameter TimeLimit to value 25200
Set parameter TimeLimit to value 600
Gurobi Optimizer version 10.0.2 build v10.0.2rc0 (mac64[arm])

CPU model: Apple M5
Thread count: 10 physical cores, 10 logical processors, using up to 10 threads

Optimize a model with 548706 rows, 284763 columns and 1341935 nonzeros
Model fingerprint: 0xa19e8791
Variable types: 0 continuous, 284763 integer (264707 binary)
Coefficient statistics:
  Matrix range     [1e+00, 8e+01]
  Objective range  [5e-01, 2e+03]
  Bounds range     [1e+00, 1e+00]
  RHS range        [1e+00, 1e+02]

User MIP start produced solution with objective 186602 (0.10s)
Loaded user MIP start with objective 186602
MIP start from previous solve did not produce a new incumbent solution

Presolve removed 536365 rows and 275054 columns
Presolve time: 0.21s
Presolved: 12341 rows, 9709 columns, 35641 nonzeros
Variable types: 0 continuous, 9709 integer (9709 binary)

Root relaxation: objective 1.863272e+05, 9063 iterations, 0.42 seconds (1.26 work units)

    Nodes    |    Current Node    |     Objective Bounds      |     Work
 Expl Unexpl |  Obj  Depth IntInf | Incumbent    BestBd   Gap | It/Node Time

     0     0 186327.250    0  314 186601.500 186327.250  0.15%     -    1s
     0     0 186361.000    0  810 186601.500 186361.000  0.13%     -    1s
     0     0 186361.000    0  322 186601.500 186361.000  0.13%     -    1s
     0     0 186364.750    0  766 186601.500 186364.750  0.13%     -    1s
     0     0 186364.750    0  736 186601.500 186364.750  0.13%     -    1s
     0     0 186365.375    0  644 186601.500 186365.375  0.13%     -    2s
     0     0 186365.433    0  696 186601.500 186365.433  0.13%     -    2s
     0     0 186369.750    0  671 186601.500 186369.750  0.12%     -    2s
     0     0 186408.048    0  590 186601.500 186408.048  0.10%     -    2s
     0     0 186408.048    0  140 186601.500 186408.048  0.10%     -    2s
     0     0 186408.048    0  246 186601.500 186408.048  0.10%     -    2s
     0     0 186409.545    0  249 186601.500 186409.545  0.10%     -    2s
     0     0 186410.357    0  239 186601.500 186410.357  0.10%     -    2s
     0     0 186410.426    0  246 186601.500 186410.426  0.10%     -    2s
     0     0 186423.000    0  113 186601.500 186423.000  0.10%     -    2s
     0     0 186425.500    0  113 186601.500 186425.500  0.09%     -    2s
     0     0 186425.500    0   95 186601.500 186425.500  0.09%     -    2s
     0     0 186428.000    0  120 186601.500 186428.000  0.09%     -    2s
     0     0 186430.100    0  122 186601.500 186430.100  0.09%     -    2s
     0     0 186431.500    0  149 186601.500 186431.500  0.09%     -    2s
     0     0 186442.063    0  152 186601.500 186442.063  0.09%     -    2s
     0     0 186443.000    0  135 186601.500 186443.000  0.08%     -    2s
     0     0 186443.200    0  175 186601.500 186443.200  0.08%     -    2s
     0     0 186443.200    0  175 186601.500 186443.200  0.08%     -    2s
     0     0 186452.737    0  181 186601.500 186452.737  0.08%     -    2s
     0     0 186458.142    0  238 186601.500 186458.142  0.08%     -    2s
     0     0 186459.481    0  188 186601.500 186459.481  0.08%     -    2s
     0     0 186460.382    0  194 186601.500 186460.382  0.08%     -    2s
     0     0 186461.526    0  208 186601.500 186461.526  0.08%     -    2s
     0     0 186461.931    0  210 186601.500 186461.931  0.07%     -    2s
     0     0 186461.953    0  212 186601.500 186461.953  0.07%     -    2s
     0     0 186461.961    0  252 186601.500 186461.961  0.07%     -    2s
     0     0 186466.485    0  217 186601.500 186466.485  0.07%     -    2s
     0     2 186466.526    0  213 186601.500 186466.526  0.07%     -    2s

Cutting planes:
  Gomory: 2
  Implied bound: 16
  Clique: 70
  MIR: 3
  Inf proof: 1
  Zero half: 37
  RLT: 69
  BQP: 58

Explored 2122 nodes (141162 simplex iterations) in 3.23 seconds (7.55 work units)
Thread count was 10 (of 10 available processors)

Solution count 1: 186602 

Optimal solution found (tolerance 1.00e-04)
Best objective 1.866015000000e+05, best bound 1.866015000000e+05, gap 0.0000%
Solução ótima encontrada.
Set parameter TimeLimit to value 25200
Set parameter TimeLimit to value 600
Gurobi Optimizer version 10.0.2 build v10.0.2rc0 (mac64[arm])

CPU model: Apple M5
Thread count: 10 physical cores, 10 logical processors, using up to 10 threads

Optimize a model with 548706 rows, 284763 columns and 1341935 nonzeros
Model fingerprint: 0x8e2d7873
Variable types: 0 continuous, 284763 integer (264707 binary)
Coefficient statistics:
  Matrix range     [1e+00, 8e+01]
  Objective range  [5e-01, 2e+03]
  Bounds range     [1e+00, 1e+00]
  RHS range        [1e+00, 1e+02]

User MIP start produced solution with objective 186602 (0.11s)
Loaded user MIP start with objective 186602
MIP start from previous solve did not produce a new incumbent solution

Presolve removed 542223 rows and 279437 columns
Presolve time: 0.18s
Presolved: 6483 rows, 5326 columns, 18292 nonzeros
Variable types: 0 continuous, 5326 integer (5326 binary)

Root relaxation: objective 1.865965e+05, 1506 iterations, 0.02 seconds (0.03 work units)

    Nodes    |    Current Node    |     Objective Bounds      |     Work
 Expl Unexpl |  Obj  Depth IntInf | Incumbent    BestBd   Gap | It/Node Time

     0     0 186596.500    0   82 186601.500 186596.500  0.00%     -    0s

Explored 1 nodes (2194 simplex iterations) in 0.35 seconds (0.97 work units)
Thread count was 10 (of 10 available processors)

Solution count 1: 186602 

Optimal solution found (tolerance 1.00e-04)
Best objective 1.866015000000e+05, best bound 1.865965000000e+05, gap 0.0027%
Solução ótima encontrada.
Set parameter TimeLimit to value 25200
Set parameter TimeLimit to value 600
Gurobi Optimizer version 10.0.2 build v10.0.2rc0 (mac64[arm])

CPU model: Apple M5
Thread count: 10 physical cores, 10 logical processors, using up to 10 threads

Optimize a model with 548706 rows, 284763 columns and 1341935 nonzeros
Model fingerprint: 0x8ba3447a
Variable types: 0 continuous, 284763 integer (264707 binary)
Coefficient statistics:
  Matrix range     [1e+00, 8e+01]
  Objective range  [5e-01, 2e+03]
  Bounds range     [1e+00, 1e+00]
  RHS range        [1e+00, 1e+02]

User MIP start produced solution with objective 186602 (0.10s)
Loaded user MIP start with objective 186602
MIP start from previous solve did not produce a new incumbent solution

Presolve removed 543120 rows and 280013 columns
Presolve time: 0.17s
Presolved: 5586 rows, 4750 columns, 15825 nonzeros
Variable types: 0 continuous, 4750 integer (4750 binary)

Root relaxation: objective 1.865490e+05, 999 iterations, 0.01 seconds (0.02 work units)

    Nodes    |    Current Node    |     Objective Bounds      |     Work
 Expl Unexpl |  Obj  Depth IntInf | Incumbent    BestBd   Gap | It/Node Time

     0     0 186549.000    0  167 186601.500 186549.000  0.03%     -    0s
     0     0 186549.000    0  167 186601.500 186549.000  0.03%     -    0s
     0     0 186549.000    0   52 186601.500 186549.000  0.03%     -    0s
     0     0 186556.500    0   79 186601.500 186556.500  0.02%     -    0s
H    0     0                    186586.50000 186556.500  0.02%     -    0s
     0     0 186556.500    0   41 186586.500 186556.500  0.02%     -    0s
     0     0 186556.500    0   67 186586.500 186556.500  0.02%     -    0s
H    0     0                    186581.50000 186556.500  0.01%     -    0s
     0     0 186556.500    0   82 186581.500 186556.500  0.01%     -    0s
     0     0 186556.500    0   78 186581.500 186556.500  0.01%     -    0s
H    0     0                    186571.50000 186556.500  0.01%     -    0s

Cutting planes:
  Gomory: 1
  Zero half: 4
  RLT: 1
  BQP: 6

Explored 1 nodes (1759 simplex iterations) in 0.34 seconds (0.96 work units)
Thread count was 10 (of 10 available processors)

Solution count 4: 186572 186582 186586 186602 

Optimal solution found (tolerance 1.00e-04)
Best objective 1.865715000000e+05, best bound 1.865565000000e+05, gap 0.0080%
Solução ótima encontrada.
Set parameter TimeLimit to value 25200
Set parameter TimeLimit to value 600
Gurobi Optimizer version 10.0.2 build v10.0.2rc0 (mac64[arm])

CPU model: Apple M5
Thread count: 10 physical cores, 10 logical processors, using up to 10 threads

Optimize a model with 548706 rows, 284763 columns and 1341935 nonzeros
Model fingerprint: 0xbe7200d5
Variable types: 0 continuous, 284763 integer (264707 binary)
Coefficient statistics:
  Matrix range     [1e+00, 8e+01]
  Objective range  [5e-01, 2e+03]
  Bounds range     [1e+00, 1e+00]
  RHS range        [1e+00, 1e+02]

User MIP start produced solution with objective 186572 (0.10s)
Loaded user MIP start with objective 186572
MIP start from previous solve did not produce a new incumbent solution

Presolve removed 542988 rows and 279849 columns
Presolve time: 0.17s
Presolved: 5718 rows, 4914 columns, 16133 nonzeros
Variable types: 0 continuous, 4914 integer (4914 binary)

Root relaxation: cutoff, 789 iterations, 0.01 seconds (0.02 work units)

    Nodes    |    Current Node    |     Objective Bounds      |     Work
 Expl Unexpl |  Obj  Depth IntInf | Incumbent    BestBd   Gap | It/Node Time

     0     0     cutoff    0      186571.500 186571.500  0.00%     -    0s

Explored 1 nodes (789 simplex iterations) in 0.30 seconds (0.89 work units)
Thread count was 10 (of 10 available processors)

Solution count 1: 186572 

Optimal solution found (tolerance 1.00e-04)
Best objective 1.865715000000e+05, best bound 1.865715000000e+05, gap 0.0000%
Solução ótima encontrada.
Set parameter TimeLimit to value 25200
Set parameter TimeLimit to value 600
Gurobi Optimizer version 10.0.2 build v10.0.2rc0 (mac64[arm])

CPU model: Apple M5
Thread count: 10 physical cores, 10 logical processors, using up to 10 threads

Optimize a model with 548706 rows, 284763 columns and 1341935 nonzeros
Model fingerprint: 0x74cf0ab1
Variable types: 0 continuous, 284763 integer (264707 binary)
Coefficient statistics:
  Matrix range     [1e+00, 8e+01]
  Objective range  [5e-01, 2e+03]
  Bounds range     [1e+00, 1e+00]
  RHS range        [1e+00, 1e+02]

User MIP start produced solution with objective 186572 (0.10s)
Loaded user MIP start with objective 186572
MIP start from previous solve did not produce a new incumbent solution

Presolve removed 531706 rows and 272498 columns
Presolve time: 0.22s
Presolved: 17000 rows, 12265 columns, 48892 nonzeros
Variable types: 0 continuous, 12265 integer (12265 binary)

Root relaxation: objective 1.860240e+05, 9073 iterations, 0.26 seconds (0.52 work units)

    Nodes    |    Current Node    |     Objective Bounds      |     Work
 Expl Unexpl |  Obj  Depth IntInf | Incumbent    BestBd   Gap | It/Node Time

     0     0 186024.000    0  612 186571.500 186024.000  0.29%     -    0s
     0     0 186071.833    0  604 186571.500 186071.833  0.27%     -    0s
     0     0 186071.833    0  608 186571.500 186071.833  0.27%     -    0s
     0     0 186097.319    0  814 186571.500 186097.319  0.25%     -    1s
     0     0 186098.095    0  823 186571.500 186098.095  0.25%     -    1s
H    0     0                    186458.50000 186109.458  0.19%     -    1s
     0     0 186109.458    0  879 186458.500 186109.458  0.19%     -    1s
     0     0 186109.550    0  844 186458.500 186109.550  0.19%     -    1s
     0     0 186112.132    0  832 186458.500 186112.132  0.19%     -    1s
     0     0 186112.132    0  615 186458.500 186112.132  0.19%     -    1s
     0     0 186112.132    0  780 186458.500 186112.132  0.19%     -    2s
     0     0 186113.591    0  751 186458.500 186113.591  0.18%     -    2s
     0     0 186113.864    0  753 186458.500 186113.864  0.18%     -    2s
     0     0 186124.225    0  747 186458.500 186124.225  0.18%     -    2s
     0     0 186128.755    0  844 186458.500 186128.755  0.18%     -    2s
     0     0 186129.859    0  801 186458.500 186129.859  0.18%     -    2s
     0     0 186129.938    0  771 186458.500 186129.938  0.18%     -    2s
     0     0 186131.068    0  773 186458.500 186131.068  0.18%     -    2s
H    0     0                    186383.50000 186131.068  0.14%     -    2s
H    0     0                    186318.50000 186131.068  0.10%     -    2s
     0     0 186131.119    0  778 186318.500 186131.119  0.10%     -    2s
     0     0 186132.125    0  808 186318.500 186132.125  0.10%     -    3s
     0     0 186132.125    0  464 186318.500 186132.125  0.10%     -    3s
     0     0 186134.583    0  525 186318.500 186134.583  0.10%     -    3s
     0     0 186139.981    0  519 186318.500 186139.981  0.10%     -    3s
     0     0 186140.814    0  536 186318.500 186140.814  0.10%     -    3s
     0     0 186147.518    0  606 186318.500 186147.518  0.09%     -    3s
     0     0 186147.786    0  527 186318.500 186147.786  0.09%     -    3s
     0     0 186147.786    0  562 186318.500 186147.786  0.09%     -    3s
     0     0 186152.237    0  586 186318.500 186152.237  0.09%     -    3s
     0     0 186153.300    0  520 186318.500 186153.300  0.09%     -    3s
     0     0 186153.300    0  524 186318.500 186153.300  0.09%     -    3s
H    0     0                    186278.50000 186153.300  0.07%     -    3s
     0     0 186157.638    0  600 186278.500 186157.638  0.06%     -    3s
     0     0 186157.638    0  599 186278.500 186157.638  0.06%     -    3s
     0     0 186158.160    0  641 186278.500 186158.160  0.06%     -    3s
     0     0 186158.300    0  335 186278.500 186158.300  0.06%     -    3s
     0     0 186158.300    0  327 186278.500 186158.300  0.06%     -    3s
     0     0 186163.773    0  422 186278.500 186163.773  0.06%     -    3s
     0     0 186164.500    0  365 186278.500 186164.500  0.06%     -    4s
     0     0 186164.917    0  374 186278.500 186164.917  0.06%     -    4s
     0     0 186169.200    0  393 186278.500 186169.200  0.06%     -    4s
     0     0 186170.200    0  369 186278.500 186170.200  0.06%     -    4s
     0     0 186170.200    0  380 186278.500 186170.200  0.06%     -    4s
     0     0 186170.200    0  361 186278.500 186170.200  0.06%     -    4s
     0     0 186170.200    0  363 186278.500 186170.200  0.06%     -    4s
     0     0 186198.417    0  380 186278.500 186198.417  0.04%     -    4s
     0     0 186201.750    0  381 186278.500 186201.750  0.04%     -    4s
     0     0 186232.611    0  415 186278.500 186232.611  0.02%     -    4s
     0     0 186232.611    0  237 186278.500 186232.611  0.02%     -    4s
     0     0 186232.611    0  279 186278.500 186232.611  0.02%     -    4s
     0     0 186232.611    0  215 186278.500 186232.611  0.02%     -    4s
     0     0 186232.611    0  294 186278.500 186232.611  0.02%     -    4s
     0     0 186232.611    0  291 186278.500 186232.611  0.02%     -    4s
     0     0 186232.611    0  302 186278.500 186232.611  0.02%     -    4s
     0     0 186232.611    0  337 186278.500 186232.611  0.02%     -    4s
     0     0 186232.611    0  275 186278.500 186232.611  0.02%     -    4s
     0     0 186232.611    0  278 186278.500 186232.611  0.02%     -    4s
     0     0 186232.611    0  304 186278.500 186232.611  0.02%     -    4s
     0     0 186232.611    0  235 186278.500 186232.611  0.02%     -    4s
     0     0 186232.611    0  218 186278.500 186232.611  0.02%     -    4s
     0     0 186232.611    0  245 186278.500 186232.611  0.02%     -    4s
     0     0 186232.611    0  297 186278.500 186232.611  0.02%     -    4s
     0     0 186232.611    0  293 186278.500 186232.611  0.02%     -    4s
     0     0 186232.611    0  223 186278.500 186232.611  0.02%     -    4s
     0     0 186260.000    0  322 186278.500 186260.000  0.01%     -    4s

Cutting planes:
  Gomory: 5
  Clique: 8
  MIR: 2
  Zero half: 29
  RLT: 18
  BQP: 22

Explored 1 nodes (49316 simplex iterations) in 4.31 seconds (9.24 work units)
Thread count was 10 (of 10 available processors)

Solution count 5: 186278 186318 186384 ... 186572

Optimal solution found (tolerance 1.00e-04)
Best objective 1.862785000000e+05, best bound 1.862600000000e+05, gap 0.0099%
Solução ótima encontrada.
Set parameter TimeLimit to value 25200
Set parameter TimeLimit to value 600
Gurobi Optimizer version 10.0.2 build v10.0.2rc0 (mac64[arm])

CPU model: Apple M5
Thread count: 10 physical cores, 10 logical processors, using up to 10 threads

Optimize a model with 548706 rows, 284763 columns and 1341935 nonzeros
Model fingerprint: 0xb3571b14
Variable types: 0 continuous, 284763 integer (264707 binary)
Coefficient statistics:
  Matrix range     [1e+00, 8e+01]
  Objective range  [5e-01, 2e+03]
  Bounds range     [1e+00, 1e+00]
  RHS range        [1e+00, 1e+02]

User MIP start produced solution with objective 186278 (0.10s)
Loaded user MIP start with objective 186278
MIP start from previous solve did not produce a new incumbent solution

Presolve removed 547488 rows and 283660 columns
Presolve time: 0.14s
Presolved: 1218 rows, 1103 columns, 3463 nonzeros
Variable types: 0 continuous, 1103 integer (1103 binary)

Root relaxation: cutoff, 161 iterations, 0.00 seconds (0.00 work units)

    Nodes    |    Current Node    |     Objective Bounds      |     Work
 Expl Unexpl |  Obj  Depth IntInf | Incumbent    BestBd   Gap | It/Node Time

     0     0     cutoff    0      186278.500 186278.500  0.00%     -    0s

Explored 1 nodes (161 simplex iterations) in 0.27 seconds (0.83 work units)
Thread count was 10 (of 10 available processors)

Solution count 1: 186278 

Optimal solution found (tolerance 1.00e-04)
Best objective 1.862785000000e+05, best bound 1.862785000000e+05, gap 0.0000%
Solução ótima encontrada.
Set parameter TimeLimit to value 25200
Set parameter TimeLimit to value 600
Gurobi Optimizer version 10.0.2 build v10.0.2rc0 (mac64[arm])

CPU model: Apple M5
Thread count: 10 physical cores, 10 logical processors, using up to 10 threads

Optimize a model with 548706 rows, 284763 columns and 1341935 nonzeros
Model fingerprint: 0xfb768ab0
Variable types: 0 continuous, 284763 integer (264707 binary)
Coefficient statistics:
  Matrix range     [1e+00, 8e+01]
  Objective range  [5e-01, 2e+03]
  Bounds range     [1e+00, 1e+00]
  RHS range        [1e+00, 1e+02]

User MIP start produced solution with objective 186278 (0.10s)
Loaded user MIP start with objective 186278
MIP start from previous solve did not produce a new incumbent solution

Presolve removed 545406 rows and 281841 columns
Presolve time: 0.16s
Presolved: 3300 rows, 2922 columns, 9324 nonzeros
Variable types: 0 continuous, 2922 integer (2922 binary)

Root relaxation: cutoff, 141 iterations, 0.00 seconds (0.00 work units)

    Nodes    |    Current Node    |     Objective Bounds      |     Work
 Expl Unexpl |  Obj  Depth IntInf | Incumbent    BestBd   Gap | It/Node Time

     0     0     cutoff    0      186278.500 186278.500  0.00%     -    0s

Explored 1 nodes (141 simplex iterations) in 0.28 seconds (0.86 work units)
Thread count was 10 (of 10 available processors)

Solution count 1: 186278 

Optimal solution found (tolerance 1.00e-04)
Best objective 1.862785000000e+05, best bound 1.862785000000e+05, gap 0.0000%
Solução ótima encontrada.
Set parameter TimeLimit to value 25200
Set parameter TimeLimit to value 600
Gurobi Optimizer version 10.0.2 build v10.0.2rc0 (mac64[arm])

CPU model: Apple M5
Thread count: 10 physical cores, 10 logical processors, using up to 10 threads

Optimize a model with 548706 rows, 284763 columns and 1341935 nonzeros
Model fingerprint: 0x2bb148d7
Variable types: 0 continuous, 284763 integer (264707 binary)
Coefficient statistics:
  Matrix range     [1e+00, 8e+01]
  Objective range  [5e-01, 2e+03]
  Bounds range     [1e+00, 1e+00]
  RHS range        [1e+00, 1e+02]

User MIP start produced solution with objective 186278 (0.10s)
Loaded user MIP start with objective 186278
MIP start from previous solve did not produce a new incumbent solution

Presolve removed 527708 rows and 267853 columns
Presolve time: 0.25s
Presolved: 20998 rows, 16910 columns, 61156 nonzeros
Variable types: 0 continuous, 16910 integer (16910 binary)

Root relaxation: objective 1.862085e+05, 8534 iterations, 0.36 seconds (1.10 work units)

    Nodes    |    Current Node    |     Objective Bounds      |     Work
 Expl Unexpl |  Obj  Depth IntInf | Incumbent    BestBd   Gap | It/Node Time

     0     0 186208.500    0  504 186278.500 186208.500  0.04%     -    0s
     0     0 186208.500    0  504 186278.500 186208.500  0.04%     -    1s
     0     0 186208.500    0  149 186278.500 186208.500  0.04%     -    1s
     0     0 186208.500    0  189 186278.500 186208.500  0.04%     -    1s
     0     0 186214.000    0  190 186278.500 186214.000  0.03%     -    1s
     0     0 186214.000    0  226 186278.500 186214.000  0.03%     -    1s
     0     0 186214.000    0  222 186278.500 186214.000  0.03%     -    1s
     0     0 186214.667    0  213 186278.500 186214.667  0.03%     -    1s
     0     0 186215.000    0  126 186278.500 186215.000  0.03%     -    1s
     0     0 186216.100    0  239 186278.500 186216.100  0.03%     -    1s
     0     0 186216.132    0  243 186278.500 186216.132  0.03%     -    1s
     0     0 186216.750    0  238 186278.500 186216.750  0.03%     -    1s
     0     0 186216.750    0  231 186278.500 186216.750  0.03%     -    1s
     0     0 186217.667    0  233 186278.500 186217.667  0.03%     -    1s
     0     2 186217.750    0  214 186278.500 186217.750  0.03%     -    1s

Cutting planes:
  Gomory: 1
  Clique: 1
  Inf proof: 1
  Zero half: 26
  RLT: 10
  BQP: 23

Explored 2084 nodes (132523 simplex iterations) in 2.54 seconds (5.81 work units)
Thread count was 10 (of 10 available processors)

Solution count 1: 186278 

Optimal solution found (tolerance 1.00e-04)
Best objective 1.862785000000e+05, best bound 1.862785000000e+05, gap 0.0000%
Solução ótima encontrada.
Set parameter TimeLimit to value 25200
Set parameter TimeLimit to value 600
Gurobi Optimizer version 10.0.2 build v10.0.2rc0 (mac64[arm])

CPU model: Apple M5
Thread count: 10 physical cores, 10 logical processors, using up to 10 threads

Optimize a model with 548706 rows, 284763 columns and 1341935 nonzeros
Model fingerprint: 0xe201b1e7
Variable types: 0 continuous, 284763 integer (264707 binary)
Coefficient statistics:
  Matrix range     [1e+00, 8e+01]
  Objective range  [5e-01, 2e+03]
  Bounds range     [1e+00, 1e+00]
  RHS range        [1e+00, 1e+02]

User MIP start produced solution with objective 186278 (0.10s)
Loaded user MIP start with objective 186278
MIP start from previous solve did not produce a new incumbent solution

Presolve removed 529525 rows and 269572 columns
Presolve time: 0.23s
Presolved: 19181 rows, 15191 columns, 55060 nonzeros
Variable types: 0 continuous, 15191 integer (15191 binary)

Root relaxation: objective 1.858424e+05, 11621 iterations, 0.28 seconds (0.58 work units)

    Nodes    |    Current Node    |     Objective Bounds      |     Work
 Expl Unexpl |  Obj  Depth IntInf | Incumbent    BestBd   Gap | It/Node Time

     0     0 185842.375    0  735 186278.500 185842.375  0.23%     -    0s
     0     0 185842.375    0  771 186278.500 185842.375  0.23%     -    0s
     0     0 185842.542    0  748 186278.500 185842.542  0.23%     -    0s
     0     0 185842.542    0  668 186278.500 185842.542  0.23%     -    1s
     0     0 186031.917    0  558 186278.500 186031.917  0.13%     -    1s
     0     0 186042.575    0 1326 186278.500 186042.575  0.13%     -    1s
     0     0 186042.700    0 1328 186278.500 186042.700  0.13%     -    1s
     0     0 186042.763    0 1326 186278.500 186042.763  0.13%     -    1s
     0     0 186043.283    0 1352 186278.500 186043.283  0.13%     -    1s
     0     0 186049.900    0 1334 186278.500 186049.900  0.12%     -    1s
     0     0 186049.924    0 1306 186278.500 186049.924  0.12%     -    1s
     0     0 186198.567    0  764 186278.500 186198.567  0.04%     -    2s
     0     0 186198.567    0  502 186278.500 186198.567  0.04%     -    2s
*    0     0               0    186275.50000 186275.500  0.00%     -    2s

Cutting planes:
  Gomory: 3
  Implied bound: 20
  Clique: 54
  MIR: 2
  Zero half: 36
  RLT: 66
  BQP: 12

Explored 1 nodes (46096 simplex iterations) in 2.56 seconds (5.62 work units)
Thread count was 10 (of 10 available processors)

Solution count 2: 186276 186278 

Optimal solution found (tolerance 1.00e-04)
Best objective 1.862755000000e+05, best bound 1.862755000000e+05, gap 0.0000%
Solução ótima encontrada.
Set parameter TimeLimit to value 25200
Set parameter TimeLimit to value 600
Gurobi Optimizer version 10.0.2 build v10.0.2rc0 (mac64[arm])

CPU model: Apple M5
Thread count: 10 physical cores, 10 logical processors, using up to 10 threads

Optimize a model with 548706 rows, 284763 columns and 1341935 nonzeros
Model fingerprint: 0xa061e6a4
Variable types: 0 continuous, 284763 integer (264707 binary)
Coefficient statistics:
  Matrix range     [1e+00, 8e+01]
  Objective range  [5e-01, 2e+03]
  Bounds range     [1e+00, 1e+00]
  RHS range        [1e+00, 1e+02]

User MIP start produced solution with objective 186276 (0.11s)
Loaded user MIP start with objective 186276
MIP start from previous solve did not produce a new incumbent solution

Presolve removed 534925 rows and 273332 columns
Presolve time: 0.22s
Presolved: 13781 rows, 11431 columns, 40190 nonzeros
Variable types: 0 continuous, 11431 integer (11431 binary)

Root relaxation: objective 1.860760e+05, 4095 iterations, 0.09 seconds (0.17 work units)

    Nodes    |    Current Node    |     Objective Bounds      |     Work
 Expl Unexpl |  Obj  Depth IntInf | Incumbent    BestBd   Gap | It/Node Time

     0     0 186076.000    0  385 186275.500 186076.000  0.11%     -    0s
     0     0 186168.000    0  385 186275.500 186168.000  0.06%     -    0s
     0     0 186171.389    0  236 186275.500 186171.389  0.06%     -    0s
     0     0 186171.389    0  104 186275.500 186171.389  0.06%     -    0s
     0     0 186171.389    0   60 186275.500 186171.389  0.06%     -    0s
     0     0 186172.167    0   64 186275.500 186172.167  0.06%     -    0s
     0     0 186176.333    0  136 186275.500 186176.333  0.05%     -    0s
     0     0 186176.333    0  137 186275.500 186176.333  0.05%     -    0s
     0     0 186224.250    0   47 186275.500 186224.250  0.03%     -    0s
     0     0 186224.875    0  141 186275.500 186224.875  0.03%     -    0s
     0     0 186224.875    0   61 186275.500 186224.875  0.03%     -    0s
     0     0 186227.000    0   46 186275.500 186227.000  0.03%     -    0s
     0     0 186249.167    0   78 186275.500 186249.167  0.01%     -    0s
     0     0     cutoff    0      186275.500 186275.500  0.00%     -    0s

Cutting planes:
  Gomory: 1
  Zero half: 3
  RLT: 4
  BQP: 3

Explored 1 nodes (7303 simplex iterations) in 0.63 seconds (1.56 work units)
Thread count was 10 (of 10 available processors)

Solution count 1: 186276 

Optimal solution found (tolerance 1.00e-04)
Best objective 1.862755000000e+05, best bound 1.862755000000e+05, gap 0.0000%
Solução ótima encontrada.
Set parameter TimeLimit to value 25200
Set parameter TimeLimit to value 600
Gurobi Optimizer version 10.0.2 build v10.0.2rc0 (mac64[arm])

CPU model: Apple M5
Thread count: 10 physical cores, 10 logical processors, using up to 10 threads

Optimize a model with 548706 rows, 284763 columns and 1341935 nonzeros
Model fingerprint: 0x3256cb37
Variable types: 0 continuous, 284763 integer (264707 binary)
Coefficient statistics:
  Matrix range     [1e+00, 8e+01]
  Objective range  [5e-01, 2e+03]
  Bounds range     [1e+00, 1e+00]
  RHS range        [1e+00, 1e+02]

User MIP start produced solution with objective 186276 (0.10s)
Loaded user MIP start with objective 186276
MIP start from previous solve did not produce a new incumbent solution

Presolve removed 531701 rows and 270925 columns
Presolve time: 0.23s
Presolved: 17005 rows, 13838 columns, 50123 nonzeros
Variable types: 0 continuous, 13838 integer (13838 binary)

Root relaxation: objective 1.855235e+05, 2734 iterations, 0.05 seconds (0.10 work units)

    Nodes    |    Current Node    |     Objective Bounds      |     Work
 Expl Unexpl |  Obj  Depth IntInf | Incumbent    BestBd   Gap | It/Node Time

     0     0 185523.500    0  596 186275.500 185523.500  0.40%     -    0s
     0     0 186052.000    0  609 186275.500 186052.000  0.12%     -    0s
     0     0 186067.187    0  754 186275.500 186067.187  0.11%     -    0s
     0     0 186069.250    0  559 186275.500 186069.250  0.11%     -    0s
     0     0 186235.500    0  241 186275.500 186235.500  0.02%     -    0s
     0     0 186250.500    0  128 186275.500 186250.500  0.01%     -    0s
     0     0 186252.167    0  288 186275.500 186252.167  0.01%     -    0s
     0     0 186252.167    0  288 186275.500 186252.167  0.01%     -    0s
     0     0 186255.500    0  158 186275.500 186255.500  0.01%     -    0s
     0     0 186255.500    0   42 186275.500 186255.500  0.01%     -    0s
     0     0 186255.500    0   67 186275.500 186255.500  0.01%     -    0s
     0     0 186258.000    0   25 186275.500 186258.000  0.01%     -    0s

Cutting planes:
  Implied bound: 2
  Clique: 9
  Zero half: 6
  RLT: 1
  BQP: 4

Explored 1 nodes (10947 simplex iterations) in 0.74 seconds (1.82 work units)
Thread count was 10 (of 10 available processors)

Solution count 1: 186276 

Optimal solution found (tolerance 1.00e-04)
Best objective 1.862755000000e+05, best bound 1.862580000000e+05, gap 0.0094%
Solução ótima encontrada.
Set parameter TimeLimit to value 25200
Set parameter TimeLimit to value 600
Gurobi Optimizer version 10.0.2 build v10.0.2rc0 (mac64[arm])

CPU model: Apple M5
Thread count: 10 physical cores, 10 logical processors, using up to 10 threads

Optimize a model with 548706 rows, 284763 columns and 1341935 nonzeros
Model fingerprint: 0x2442e70e
Variable types: 0 continuous, 284763 integer (264707 binary)
Coefficient statistics:
  Matrix range     [1e+00, 8e+01]
  Objective range  [5e-01, 2e+03]
  Bounds range     [1e+00, 1e+00]
  RHS range        [1e+00, 1e+02]

User MIP start produced solution with objective 186276 (0.10s)
Loaded user MIP start with objective 186276
MIP start from previous solve did not produce a new incumbent solution

Presolve removed 531017 rows and 270925 columns
Presolve time: 0.17s
Presolved: 17689 rows, 13838 columns, 49801 nonzeros
Variable types: 0 continuous, 13838 integer (13838 binary)

Root relaxation: objective 1.862358e+05, 1686 iterations, 0.03 seconds (0.06 work units)

    Nodes    |    Current Node    |     Objective Bounds      |     Work
 Expl Unexpl |  Obj  Depth IntInf | Incumbent    BestBd   Gap | It/Node Time

     0     0 186235.750    0  221 186275.500 186235.750  0.02%     -    0s
     0     0 186235.750    0  221 186275.500 186235.750  0.02%     -    0s
     0     0 186248.250    0   79 186275.500 186248.250  0.01%     -    0s

Cutting planes:
  Clique: 7
  MIR: 4
  Zero half: 6
  RLT: 3
  BQP: 4

Explored 1 nodes (3572 simplex iterations) in 0.43 seconds (1.16 work units)
Thread count was 10 (of 10 available processors)

Solution count 1: 186276 

Optimal solution found (tolerance 1.00e-04)
Best objective 1.862755000000e+05, best bound 1.862605000000e+05, gap 0.0081%
Solução ótima encontrada.
Set parameter TimeLimit to value 25200
Set parameter TimeLimit to value 600
Gurobi Optimizer version 10.0.2 build v10.0.2rc0 (mac64[arm])

CPU model: Apple M5
Thread count: 10 physical cores, 10 logical processors, using up to 10 threads

Optimize a model with 548706 rows, 284763 columns and 1341935 nonzeros
Model fingerprint: 0x19d49581
Variable types: 0 continuous, 284763 integer (264707 binary)
Coefficient statistics:
  Matrix range     [1e+00, 8e+01]
  Objective range  [5e-01, 2e+03]
  Bounds range     [1e+00, 1e+00]
  RHS range        [1e+00, 1e+02]

User MIP start produced solution with objective 186276 (0.10s)
Loaded user MIP start with objective 186276
MIP start from previous solve did not produce a new incumbent solution

Presolve removed 530471 rows and 271255 columns
Presolve time: 0.23s
Presolved: 18235 rows, 13508 columns, 52111 nonzeros
Variable types: 0 continuous, 13508 integer (13508 binary)

Root relaxation: objective 1.861565e+05, 9784 iterations, 0.27 seconds (0.58 work units)

    Nodes    |    Current Node    |     Objective Bounds      |     Work
 Expl Unexpl |  Obj  Depth IntInf | Incumbent    BestBd   Gap | It/Node Time

     0     0 186156.500    0  555 186275.500 186156.500  0.06%     -    0s
     0     0 186156.500    0  555 186275.500 186156.500  0.06%     -    0s
     0     0 186156.500    0  221 186275.500 186156.500  0.06%     -    0s
     0     0     cutoff    0      186275.500 186275.500  0.00%     -    0s

Cutting planes:
  Gomory: 2
  Zero half: 12
  RLT: 9
  BQP: 22

Explored 1 nodes (13333 simplex iterations) in 0.80 seconds (2.09 work units)
Thread count was 10 (of 10 available processors)

Solution count 1: 186276 

Optimal solution found (tolerance 1.00e-04)
Best objective 1.862755000000e+05, best bound 1.862755000000e+05, gap 0.0000%
Solução ótima encontrada.
Set parameter TimeLimit to value 25200
Set parameter TimeLimit to value 600
Gurobi Optimizer version 10.0.2 build v10.0.2rc0 (mac64[arm])

CPU model: Apple M5
Thread count: 10 physical cores, 10 logical processors, using up to 10 threads

Optimize a model with 548706 rows, 284763 columns and 1341935 nonzeros
Model fingerprint: 0xe8f42891
Variable types: 0 continuous, 284763 integer (264707 binary)
Coefficient statistics:
  Matrix range     [1e+00, 8e+01]
  Objective range  [5e-01, 2e+03]
  Bounds range     [1e+00, 1e+00]
  RHS range        [1e+00, 1e+02]

User MIP start produced solution with objective 186276 (0.10s)
Loaded user MIP start with objective 186276
MIP start from previous solve did not produce a new incumbent solution

Presolve removed 536592 rows and 275155 columns
Presolve time: 0.20s
Presolved: 12114 rows, 9608 columns, 34977 nonzeros
Variable types: 0 continuous, 9608 integer (9608 binary)

Root relaxation: objective 1.860012e+05, 8133 iterations, 0.28 seconds (0.72 work units)

    Nodes    |    Current Node    |     Objective Bounds      |     Work
 Expl Unexpl |  Obj  Depth IntInf | Incumbent    BestBd   Gap | It/Node Time

     0     0 186001.250    0  342 186275.500 186001.250  0.15%     -    0s
     0     0 186032.250    0  395 186275.500 186032.250  0.13%     -    1s
     0     0 186032.250    0  322 186275.500 186032.250  0.13%     -    1s
     0     0 186044.000    0  803 186275.500 186044.000  0.12%     -    1s
     0     0 186044.000    0  745 186275.500 186044.000  0.12%     -    1s
     0     0 186046.500    0  772 186275.500 186046.500  0.12%     -    1s
     0     0 186085.346    0  760 186275.500 186085.346  0.10%     -    1s
     0     0 186085.346    0  126 186275.500 186085.346  0.10%     -    1s
     0     0 186085.346    0  258 186275.500 186085.346  0.10%     -    2s
     0     0 186086.550    0  191 186275.500 186086.550  0.10%     -    2s
     0     0 186089.500    0  136 186275.500 186089.500  0.10%     -    2s
     0     0 186089.537    0  148 186275.500 186089.537  0.10%     -    2s
     0     0 186093.833    0  139 186275.500 186093.833  0.10%     -    2s
     0     0 186097.000    0   95 186275.500 186097.000  0.10%     -    2s
     0     0 186101.833    0  147 186275.500 186101.833  0.09%     -    2s
     0     0 186104.000    0  152 186275.500 186104.000  0.09%     -    2s
     0     0 186105.462    0  180 186275.500 186105.462  0.09%     -    2s
     0     0 186105.900    0  140 186275.500 186105.900  0.09%     -    2s
     0     0 186105.900    0  149 186275.500 186105.900  0.09%     -    2s
     0     0 186119.500    0  155 186275.500 186119.500  0.08%     -    2s
     0     0 186120.813    0  171 186275.500 186120.813  0.08%     -    2s
     0     0 186121.322    0  182 186275.500 186121.322  0.08%     -    2s
     0     0 186121.349    0  186 186275.500 186121.349  0.08%     -    2s
     0     0 186121.389    0  179 186275.500 186121.389  0.08%     -    2s
     0     0 186129.648    0  205 186275.500 186129.648  0.08%     -    2s
     0     0 186130.580    0  217 186275.500 186130.580  0.08%     -    2s
     0     0 186130.580    0  218 186275.500 186130.580  0.08%     -    2s
     0     0 186139.984    0  255 186275.500 186139.984  0.07%     -    2s
     0     2 186140.233    0  250 186275.500 186140.233  0.07%     -    2s

Cutting planes:
  Gomory: 4
  Lift-and-project: 2
  Implied bound: 19
  Clique: 65
  MIR: 3
  Inf proof: 2
  Zero half: 44
  RLT: 80
  BQP: 48

Explored 3397 nodes (177974 simplex iterations) in 3.23 seconds (7.08 work units)
Thread count was 10 (of 10 available processors)

Solution count 1: 186276 

Optimal solution found (tolerance 1.00e-04)
Best objective 1.862755000000e+05, best bound 1.862755000000e+05, gap 0.0000%
Solução ótima encontrada.
Set parameter TimeLimit to value 25200
Set parameter TimeLimit to value 600
Gurobi Optimizer version 10.0.2 build v10.0.2rc0 (mac64[arm])

CPU model: Apple M5
Thread count: 10 physical cores, 10 logical processors, using up to 10 threads

Optimize a model with 548706 rows, 284763 columns and 1341935 nonzeros
Model fingerprint: 0x694acd98
Variable types: 0 continuous, 284763 integer (264707 binary)
Coefficient statistics:
  Matrix range     [1e+00, 8e+01]
  Objective range  [5e-01, 2e+03]
  Bounds range     [1e+00, 1e+00]
  RHS range        [1e+00, 1e+02]

User MIP start produced solution with objective 186276 (0.10s)
Loaded user MIP start with objective 186276
MIP start from previous solve did not produce a new incumbent solution

Presolve removed 542540 rows and 279577 columns
Presolve time: 0.17s
Presolved: 6166 rows, 5186 columns, 17446 nonzeros
Variable types: 0 continuous, 5186 integer (5186 binary)

Root relaxation: objective 1.862705e+05, 1523 iterations, 0.02 seconds (0.04 work units)

    Nodes    |    Current Node    |     Objective Bounds      |     Work
 Expl Unexpl |  Obj  Depth IntInf | Incumbent    BestBd   Gap | It/Node Time

     0     0 186270.500    0   70 186275.500 186270.500  0.00%     -    0s

Explored 1 nodes (2374 simplex iterations) in 0.32 seconds (0.97 work units)
Thread count was 10 (of 10 available processors)

Solution count 1: 186276 

Optimal solution found (tolerance 1.00e-04)
Best objective 1.862755000000e+05, best bound 1.862705000000e+05, gap 0.0027%
Solução ótima encontrada.
Set parameter TimeLimit to value 25200
Set parameter TimeLimit to value 600
Gurobi Optimizer version 10.0.2 build v10.0.2rc0 (mac64[arm])

CPU model: Apple M5
Thread count: 10 physical cores, 10 logical processors, using up to 10 threads

Optimize a model with 548706 rows, 284763 columns and 1341935 nonzeros
Model fingerprint: 0x7a795d14
Variable types: 0 continuous, 284763 integer (264707 binary)
Coefficient statistics:
  Matrix range     [1e+00, 8e+01]
  Objective range  [5e-01, 2e+03]
  Bounds range     [1e+00, 1e+00]
  RHS range        [1e+00, 1e+02]

User MIP start produced solution with objective 186276 (0.10s)
Loaded user MIP start with objective 186276
MIP start from previous solve did not produce a new incumbent solution

Presolve removed 543243 rows and 280140 columns
Presolve time: 0.17s
Presolved: 5463 rows, 4623 columns, 15454 nonzeros
Variable types: 0 continuous, 4623 integer (4623 binary)

Root relaxation: objective 1.862505e+05, 945 iterations, 0.01 seconds (0.02 work units)

    Nodes    |    Current Node    |     Objective Bounds      |     Work
 Expl Unexpl |  Obj  Depth IntInf | Incumbent    BestBd   Gap | It/Node Time

     0     0 186250.500    0  158 186275.500 186250.500  0.01%     -    0s
     0     0 186250.500    0  158 186275.500 186250.500  0.01%     -    0s
     0     0 186250.500    0   45 186275.500 186250.500  0.01%     -    0s
     0     0 186252.167    0   70 186275.500 186252.167  0.01%     -    0s
     0     0 186255.500    0   73 186275.500 186255.500  0.01%     -    0s

Cutting planes:
  Gomory: 2
  MIR: 1
  Zero half: 23
  RLT: 4
  BQP: 1

Explored 1 nodes (2203 simplex iterations) in 0.35 seconds (1.01 work units)
Thread count was 10 (of 10 available processors)

Solution count 1: 186276 

Optimal solution found (tolerance 1.00e-04)
Best objective 1.862755000000e+05, best bound 1.862570000000e+05, gap 0.0099%
Solução ótima encontrada.
Set parameter TimeLimit to value 25200
Set parameter TimeLimit to value 600
Gurobi Optimizer version 10.0.2 build v10.0.2rc0 (mac64[arm])

CPU model: Apple M5
Thread count: 10 physical cores, 10 logical processors, using up to 10 threads

Optimize a model with 548706 rows, 284763 columns and 1341935 nonzeros
Model fingerprint: 0xfa5c34c4
Variable types: 0 continuous, 284763 integer (264707 binary)
Coefficient statistics:
  Matrix range     [1e+00, 8e+01]
  Objective range  [5e-01, 2e+03]
  Bounds range     [1e+00, 1e+00]
  RHS range        [1e+00, 1e+02]

User MIP start produced solution with objective 186276 (0.10s)
Loaded user MIP start with objective 186276
MIP start from previous solve did not produce a new incumbent solution

Presolve removed 542993 rows and 279854 columns
Presolve time: 0.16s
Presolved: 5713 rows, 4909 columns, 16120 nonzeros
Variable types: 0 continuous, 4909 integer (4909 binary)

Root relaxation: cutoff, 801 iterations, 0.01 seconds (0.02 work units)

    Nodes    |    Current Node    |     Objective Bounds      |     Work
 Expl Unexpl |  Obj  Depth IntInf | Incumbent    BestBd   Gap | It/Node Time

     0     0     cutoff    0      186275.500 186275.500  0.00%     -    0s

Explored 1 nodes (801 simplex iterations) in 0.29 seconds (0.89 work units)
Thread count was 10 (of 10 available processors)

Solution count 1: 186276 

Optimal solution found (tolerance 1.00e-04)
Best objective 1.862755000000e+05, best bound 1.862755000000e+05, gap 0.0000%
Solução ótima encontrada.
Set parameter TimeLimit to value 25200
Set parameter TimeLimit to value 600
Gurobi Optimizer version 10.0.2 build v10.0.2rc0 (mac64[arm])

CPU model: Apple M5
Thread count: 10 physical cores, 10 logical processors, using up to 10 threads

Optimize a model with 548706 rows, 284763 columns and 1341935 nonzeros
Model fingerprint: 0x6059669c
Variable types: 0 continuous, 284763 integer (264707 binary)
Coefficient statistics:
  Matrix range     [1e+00, 8e+01]
  Objective range  [5e-01, 2e+03]
  Bounds range     [1e+00, 1e+00]
  RHS range        [1e+00, 1e+02]

User MIP start produced solution with objective 186276 (0.10s)
Loaded user MIP start with objective 186276
MIP start from previous solve did not produce a new incumbent solution

Presolve removed 531709 rows and 272503 columns
Presolve time: 0.23s
Presolved: 16997 rows, 12260 columns, 48885 nonzeros
Variable types: 0 continuous, 12260 integer (12260 binary)

Root relaxation: objective 1.860210e+05, 8401 iterations, 0.26 seconds (0.50 work units)

    Nodes    |    Current Node    |     Objective Bounds      |     Work
 Expl Unexpl |  Obj  Depth IntInf | Incumbent    BestBd   Gap | It/Node Time

     0     0 186021.000    0  618 186275.500 186021.000  0.14%     -    0s
     0     0 186054.250    0  606 186275.500 186054.250  0.12%     -    0s
     0     0 186097.302    0  849 186275.500 186097.302  0.10%     -    1s
     0     0 186097.302    0  531 186275.500 186097.302  0.10%     -    1s
     0     0 186101.769    0  559 186275.500 186101.769  0.09%     -    1s
     0     0 186103.692    0  559 186275.500 186103.692  0.09%     -    1s
     0     0 186105.615    0  560 186275.500 186105.615  0.09%     -    1s
     0     0 186130.464    0  661 186275.500 186130.464  0.08%     -    1s
     0     0 186131.917    0  613 186275.500 186131.917  0.08%     -    1s
     0     0 186136.025    0  642 186275.500 186136.025  0.07%     -    1s
     0     0 186136.025    0  644 186275.500 186136.025  0.07%     -    1s
     0     0 186156.958    0  556 186275.500 186156.958  0.06%     -    1s
     0     0 186156.958    0  428 186275.500 186156.958  0.06%     -    1s
     0     0 186156.958    0  512 186275.500 186156.958  0.06%     -    1s
     0     0 186157.500    0  531 186275.500 186157.500  0.06%     -    1s
     0     0 186160.854    0  499 186275.500 186160.854  0.06%     -    1s
     0     0 186177.222    0  513 186275.500 186177.222  0.05%     -    1s
     0     0 186177.222    0  242 186275.500 186177.222  0.05%     -    1s
     0     0 186177.222    0  306 186275.500 186177.222  0.05%     -    1s
     0     0 186177.222    0  257 186275.500 186177.222  0.05%     -    1s
     0     0 186177.222    0  331 186275.500 186177.222  0.05%     -    1s
     0     0 186177.473    0  337 186275.500 186177.473  0.05%     -    1s
     0     0 186177.473    0  336 186275.500 186177.473  0.05%     -    1s
     0     0 186195.417    0  304 186275.500 186195.417  0.04%     -    1s
     0     0 186222.600    0  314 186275.500 186222.600  0.03%     -    1s
     0     0 186222.600    0  323 186275.500 186222.600  0.03%     -    1s
     0     0 186222.600    0  324 186275.500 186222.600  0.03%     -    1s
     0     0 186240.500    0  220 186275.500 186240.500  0.02%     -    1s
     0     0 186243.500    0  180 186275.500 186243.500  0.02%     -    1s
     0     0 186254.250    0  174 186275.500 186254.250  0.01%     -    1s

Cutting planes:
  Gomory: 1
  MIR: 5
  Zero half: 33
  RLT: 12
  BQP: 23

Explored 1 nodes (25683 simplex iterations) in 1.74 seconds (3.96 work units)
Thread count was 10 (of 10 available processors)

Solution count 1: 186276 

Optimal solution found (tolerance 1.00e-04)
Best objective 1.862755000000e+05, best bound 1.862620000000e+05, gap 0.0072%
Solução ótima encontrada.
Set parameter TimeLimit to value 25200
Set parameter TimeLimit to value 600
Gurobi Optimizer version 10.0.2 build v10.0.2rc0 (mac64[arm])

CPU model: Apple M5
Thread count: 10 physical cores, 10 logical processors, using up to 10 threads

Optimize a model with 548706 rows, 284763 columns and 1341935 nonzeros
Model fingerprint: 0x27c42e1d
Variable types: 0 continuous, 284763 integer (264707 binary)
Coefficient statistics:
  Matrix range     [1e+00, 8e+01]
  Objective range  [5e-01, 2e+03]
  Bounds range     [1e+00, 1e+00]
  RHS range        [1e+00, 1e+02]

User MIP start produced solution with objective 186276 (0.10s)
Loaded user MIP start with objective 186276
MIP start from previous solve did not produce a new incumbent solution

Presolve removed 547488 rows and 283660 columns
Presolve time: 0.15s
Presolved: 1218 rows, 1103 columns, 3463 nonzeros
Variable types: 0 continuous, 1103 integer (1103 binary)

Root relaxation: cutoff, 161 iterations, 0.00 seconds (0.00 work units)

    Nodes    |    Current Node    |     Objective Bounds      |     Work
 Expl Unexpl |  Obj  Depth IntInf | Incumbent    BestBd   Gap | It/Node Time

     0     0     cutoff    0      186275.500 186275.500  0.00%     -    0s

Explored 1 nodes (161 simplex iterations) in 0.27 seconds (0.83 work units)
Thread count was 10 (of 10 available processors)

Solution count 1: 186276 

Optimal solution found (tolerance 1.00e-04)
Best objective 1.862755000000e+05, best bound 1.862755000000e+05, gap 0.0000%
Solução ótima encontrada.
Set parameter TimeLimit to value 25200
Set parameter TimeLimit to value 600
Gurobi Optimizer version 10.0.2 build v10.0.2rc0 (mac64[arm])

CPU model: Apple M5
Thread count: 10 physical cores, 10 logical processors, using up to 10 threads

Optimize a model with 548706 rows, 284763 columns and 1341935 nonzeros
Model fingerprint: 0xc10bb12e
Variable types: 0 continuous, 284763 integer (264707 binary)
Coefficient statistics:
  Matrix range     [1e+00, 8e+01]
  Objective range  [5e-01, 2e+03]
  Bounds range     [1e+00, 1e+00]
  RHS range        [1e+00, 1e+02]

User MIP start produced solution with objective 186276 (0.10s)
Loaded user MIP start with objective 186276
MIP start from previous solve did not produce a new incumbent solution

Presolve removed 545406 rows and 281841 columns
Presolve time: 0.15s
Presolved: 3300 rows, 2922 columns, 9324 nonzeros
Variable types: 0 continuous, 2922 integer (2922 binary)

Root relaxation: cutoff, 141 iterations, 0.00 seconds (0.00 work units)

    Nodes    |    Current Node    |     Objective Bounds      |     Work
 Expl Unexpl |  Obj  Depth IntInf | Incumbent    BestBd   Gap | It/Node Time

     0     0     cutoff    0      186275.500 186275.500  0.00%     -    0s

Explored 1 nodes (141 simplex iterations) in 0.27 seconds (0.86 work units)
Thread count was 10 (of 10 available processors)

Solution count 1: 186276 

Optimal solution found (tolerance 1.00e-04)
Best objective 1.862755000000e+05, best bound 1.862755000000e+05, gap 0.0000%
Solução ótima encontrada.
Set parameter TimeLimit to value 25200
Set parameter TimeLimit to value 600
Gurobi Optimizer version 10.0.2 build v10.0.2rc0 (mac64[arm])

CPU model: Apple M5
Thread count: 10 physical cores, 10 logical processors, using up to 10 threads

Optimize a model with 548706 rows, 284763 columns and 1341935 nonzeros
Model fingerprint: 0x78e275f0
Variable types: 0 continuous, 284763 integer (264707 binary)
Coefficient statistics:
  Matrix range     [1e+00, 8e+01]
  Objective range  [5e-01, 2e+03]
  Bounds range     [1e+00, 1e+00]
  RHS range        [1e+00, 1e+02]

User MIP start produced solution with objective 186276 (0.10s)
Loaded user MIP start with objective 186276
MIP start from previous solve did not produce a new incumbent solution

Presolve removed 527870 rows and 267942 columns
Presolve time: 0.25s
Presolved: 20836 rows, 16821 columns, 60715 nonzeros
Variable types: 0 continuous, 16821 integer (16821 binary)

Root relaxation: objective 1.862055e+05, 8082 iterations, 0.33 seconds (1.04 work units)

    Nodes    |    Current Node    |     Objective Bounds      |     Work
 Expl Unexpl |  Obj  Depth IntInf | Incumbent    BestBd   Gap | It/Node Time

     0     0 186205.500    0  537 186275.500 186205.500  0.04%     -    1s
     0     0 186205.500    0  537 186275.500 186205.500  0.04%     -    1s
     0     0 186205.500    0  104 186275.500 186205.500  0.04%     -    1s
     0     0 186205.500    0  100 186275.500 186205.500  0.04%     -    1s
     0     0 186207.000    0  182 186275.500 186207.000  0.04%     -    1s
     0     0 186209.667    0  245 186275.500 186209.667  0.04%     -    1s
     0     0 186209.700    0  255 186275.500 186209.700  0.04%     -    1s
     0     0 186211.833    0  204 186275.500 186211.833  0.03%     -    1s
     0     0 186211.833    0  200 186275.500 186211.833  0.03%     -    1s
     0     0 186212.800    0  250 186275.500 186212.800  0.03%     -    1s
     0     2 186213.000    0  250 186275.500 186213.000  0.03%     -    1s

Cutting planes:
  Clique: 3
  MIR: 1
  Flow cover: 2
  Zero half: 16
  RLT: 14
  BQP: 32

Explored 4254 nodes (216659 simplex iterations) in 4.34 seconds (9.62 work units)
Thread count was 10 (of 10 available processors)

Solution count 1: 186276 

Optimal solution found (tolerance 1.00e-04)
Best objective 1.862755000000e+05, best bound 1.862740714286e+05, gap 0.0008%
Solução ótima encontrada.
Set parameter TimeLimit to value 25200
Set parameter TimeLimit to value 600
Gurobi Optimizer version 10.0.2 build v10.0.2rc0 (mac64[arm])

CPU model: Apple M5
Thread count: 10 physical cores, 10 logical processors, using up to 10 threads

Optimize a model with 548706 rows, 284763 columns and 1341935 nonzeros
Model fingerprint: 0x6ed092f4
Variable types: 0 continuous, 284763 integer (264707 binary)
Coefficient statistics:
  Matrix range     [1e+00, 8e+01]
  Objective range  [5e-01, 2e+03]
  Bounds range     [1e+00, 1e+00]
  RHS range        [1e+00, 1e+02]

User MIP start produced solution with objective 186276 (0.10s)
Loaded user MIP start with objective 186276
MIP start from previous solve did not produce a new incumbent solution

Presolve removed 529525 rows and 269572 columns
Presolve time: 0.22s
Presolved: 19181 rows, 15191 columns, 55060 nonzeros
Variable types: 0 continuous, 15191 integer (15191 binary)

Root relaxation: objective 1.858424e+05, 11621 iterations, 0.29 seconds (0.58 work units)

    Nodes    |    Current Node    |     Objective Bounds      |     Work
 Expl Unexpl |  Obj  Depth IntInf | Incumbent    BestBd   Gap | It/Node Time

     0     0 185842.375    0  735 186275.500 185842.375  0.23%     -    0s
     0     0 185842.375    0  771 186275.500 185842.375  0.23%     -    0s
     0     0 185842.542    0  748 186275.500 185842.542  0.23%     -    0s
     0     0 185842.542    0  668 186275.500 185842.542  0.23%     -    1s
     0     0 186031.083    0  688 186275.500 186031.083  0.13%     -    1s
     0     0 186031.917    0  576 186275.500 186031.917  0.13%     -    1s
     0     0 186041.044    0 1323 186275.500 186041.044  0.13%     -    1s
     0     0 186041.044    0 1310 186275.500 186041.044  0.13%     -    1s
     0     0 186041.044    0 1316 186275.500 186041.044  0.13%     -    1s
     0     0 186041.044    0 1316 186275.500 186041.044  0.13%     -    1s
     0     0 186041.044    0 1310 186275.500 186041.044  0.13%     -    1s
     0     0 186041.630    0 1350 186275.500 186041.630  0.13%     -    1s
     0     0 186049.402    0 1341 186275.500 186049.402  0.12%     -    1s
     0     0 186049.533    0 1312 186275.500 186049.533  0.12%     -    1s
     0     0 186188.267    0  651 186275.500 186188.267  0.05%     -    2s
     0     0 186188.267    0  463 186275.500 186188.267  0.05%     -    2s
     0     0 186199.583    0  433 186275.500 186199.583  0.04%     -    2s
     0     0 186199.583    0  434 186275.500 186199.583  0.04%     -    2s
     0     0 186199.583    0  434 186275.500 186199.583  0.04%     -    2s
     0     0 186199.583    0  434 186275.500 186199.583  0.04%     -    2s
     0     0 186199.750    0  417 186275.500 186199.750  0.04%     -    2s
     0     0 186219.800    0  438 186275.500 186219.800  0.03%     -    2s
     0     0 186225.460    0  517 186275.500 186225.460  0.03%     -    2s
     0     0 186232.000    0  526 186275.500 186232.000  0.02%     -    2s
     0     0 186234.125    0  378 186275.500 186234.125  0.02%     -    2s
     0     0 186235.400    0  473 186275.500 186235.400  0.02%     -    2s
     0     0 186247.311    0  492 186275.500 186247.311  0.02%     -    2s
     0     0 186255.214    0  447 186275.500 186255.214  0.01%     -    2s
     0     0     cutoff    0      186275.500 186275.500  0.00%     -    2s

Cutting planes:
  Gomory: 1
  Implied bound: 8
  Clique: 3
  MIR: 2
  Zero half: 19
  RLT: 47
  BQP: 12

Explored 1 nodes (49913 simplex iterations) in 2.80 seconds (5.95 work units)
Thread count was 10 (of 10 available processors)

Solution count 1: 186276 

Optimal solution found (tolerance 1.00e-04)
Best objective 1.862755000000e+05, best bound 1.862755000000e+05, gap 0.0000%
Solução ótima encontrada.
Set parameter TimeLimit to value 25200
Set parameter TimeLimit to value 600
Gurobi Optimizer version 10.0.2 build v10.0.2rc0 (mac64[arm])

CPU model: Apple M5
Thread count: 10 physical cores, 10 logical processors, using up to 10 threads

Optimize a model with 548706 rows, 284763 columns and 1341935 nonzeros
Model fingerprint: 0xa061e6a4
Variable types: 0 continuous, 284763 integer (264707 binary)
Coefficient statistics:
  Matrix range     [1e+00, 8e+01]
  Objective range  [5e-01, 2e+03]
  Bounds range     [1e+00, 1e+00]
  RHS range        [1e+00, 1e+02]

User MIP start produced solution with objective 186276 (0.10s)
Loaded user MIP start with objective 186276
MIP start from previous solve did not produce a new incumbent solution

Presolve removed 534925 rows and 273332 columns
Presolve time: 0.22s
Presolved: 13781 rows, 11431 columns, 40190 nonzeros
Variable types: 0 continuous, 11431 integer (11431 binary)

Root relaxation: objective 1.860760e+05, 4095 iterations, 0.09 seconds (0.17 work units)

    Nodes    |    Current Node    |     Objective Bounds      |     Work
 Expl Unexpl |  Obj  Depth IntInf | Incumbent    BestBd   Gap | It/Node Time

     0     0 186076.000    0  385 186275.500 186076.000  0.11%     -    0s
     0     0 186168.000    0  385 186275.500 186168.000  0.06%     -    0s
     0     0 186171.389    0  236 186275.500 186171.389  0.06%     -    0s
     0     0 186171.389    0  104 186275.500 186171.389  0.06%     -    0s
     0     0 186171.389    0   60 186275.500 186171.389  0.06%     -    0s
     0     0 186172.167    0   64 186275.500 186172.167  0.06%     -    0s
     0     0 186176.333    0  136 186275.500 186176.333  0.05%     -    0s
     0     0 186176.333    0  137 186275.500 186176.333  0.05%     -    0s
     0     0 186224.250    0   47 186275.500 186224.250  0.03%     -    0s
     0     0 186224.875    0  141 186275.500 186224.875  0.03%     -    0s
     0     0 186224.875    0   61 186275.500 186224.875  0.03%     -    0s
     0     0 186227.000    0   46 186275.500 186227.000  0.03%     -    0s
     0     0 186249.167    0   78 186275.500 186249.167  0.01%     -    0s
     0     0     cutoff    0      186275.500 186275.500  0.00%     -    0s

Cutting planes:
  Gomory: 1
  Zero half: 3
  RLT: 4
  BQP: 3

Explored 1 nodes (7303 simplex iterations) in 0.61 seconds (1.56 work units)
Thread count was 10 (of 10 available processors)

Solution count 1: 186276 

Optimal solution found (tolerance 1.00e-04)
Best objective 1.862755000000e+05, best bound 1.862755000000e+05, gap 0.0000%
Solução ótima encontrada.
Set parameter TimeLimit to value 25200
Set parameter TimeLimit to value 600
Gurobi Optimizer version 10.0.2 build v10.0.2rc0 (mac64[arm])

CPU model: Apple M5
Thread count: 10 physical cores, 10 logical processors, using up to 10 threads

Optimize a model with 548706 rows, 284763 columns and 1341935 nonzeros
Model fingerprint: 0x3256cb37
Variable types: 0 continuous, 284763 integer (264707 binary)
Coefficient statistics:
  Matrix range     [1e+00, 8e+01]
  Objective range  [5e-01, 2e+03]
  Bounds range     [1e+00, 1e+00]
  RHS range        [1e+00, 1e+02]

User MIP start produced solution with objective 186276 (0.10s)
Loaded user MIP start with objective 186276
MIP start from previous solve did not produce a new incumbent solution

Presolve removed 531701 rows and 270925 columns
Presolve time: 0.23s
Presolved: 17005 rows, 13838 columns, 50123 nonzeros
Variable types: 0 continuous, 13838 integer (13838 binary)

Root relaxation: objective 1.855235e+05, 2734 iterations, 0.05 seconds (0.10 work units)

    Nodes    |    Current Node    |     Objective Bounds      |     Work
 Expl Unexpl |  Obj  Depth IntInf | Incumbent    BestBd   Gap | It/Node Time

     0     0 185523.500    0  596 186275.500 185523.500  0.40%     -    0s
     0     0 186052.000    0  609 186275.500 186052.000  0.12%     -    0s
     0     0 186067.187    0  754 186275.500 186067.187  0.11%     -    0s
     0     0 186069.250    0  559 186275.500 186069.250  0.11%     -    0s
     0     0 186235.500    0  241 186275.500 186235.500  0.02%     -    0s
     0     0 186250.500    0  128 186275.500 186250.500  0.01%     -    0s
     0     0 186252.167    0  288 186275.500 186252.167  0.01%     -    0s
     0     0 186252.167    0  288 186275.500 186252.167  0.01%     -    0s
     0     0 186255.500    0  158 186275.500 186255.500  0.01%     -    0s
     0     0 186255.500    0   42 186275.500 186255.500  0.01%     -    0s
     0     0 186255.500    0   67 186275.500 186255.500  0.01%     -    0s
     0     0 186258.000    0   25 186275.500 186258.000  0.01%     -    0s

Cutting planes:
  Implied bound: 2
  Clique: 9
  Zero half: 6
  RLT: 1
  BQP: 4

Explored 1 nodes (10947 simplex iterations) in 0.73 seconds (1.82 work units)
Thread count was 10 (of 10 available processors)

Solution count 1: 186276 

Optimal solution found (tolerance 1.00e-04)
Best objective 1.862755000000e+05, best bound 1.862580000000e+05, gap 0.0094%
Solução ótima encontrada.
Set parameter TimeLimit to value 25200
Set parameter TimeLimit to value 600
Gurobi Optimizer version 10.0.2 build v10.0.2rc0 (mac64[arm])

CPU model: Apple M5
Thread count: 10 physical cores, 10 logical processors, using up to 10 threads

Optimize a model with 548706 rows, 284763 columns and 1341935 nonzeros
Model fingerprint: 0x2442e70e
Variable types: 0 continuous, 284763 integer (264707 binary)
Coefficient statistics:
  Matrix range     [1e+00, 8e+01]
  Objective range  [5e-01, 2e+03]
  Bounds range     [1e+00, 1e+00]
  RHS range        [1e+00, 1e+02]

User MIP start produced solution with objective 186276 (0.10s)
Loaded user MIP start with objective 186276
MIP start from previous solve did not produce a new incumbent solution

Presolve removed 531017 rows and 270925 columns
Presolve time: 0.17s
Presolved: 17689 rows, 13838 columns, 49801 nonzeros
Variable types: 0 continuous, 13838 integer (13838 binary)

Root relaxation: objective 1.862358e+05, 1686 iterations, 0.02 seconds (0.06 work units)

    Nodes    |    Current Node    |     Objective Bounds      |     Work
 Expl Unexpl |  Obj  Depth IntInf | Incumbent    BestBd   Gap | It/Node Time

     0     0 186235.750    0  221 186275.500 186235.750  0.02%     -    0s
     0     0 186235.750    0  221 186275.500 186235.750  0.02%     -    0s
     0     0 186248.250    0   79 186275.500 186248.250  0.01%     -    0s

Cutting planes:
  Clique: 7
  MIR: 4
  Zero half: 6
  RLT: 3
  BQP: 4

Explored 1 nodes (3572 simplex iterations) in 0.43 seconds (1.16 work units)
Thread count was 10 (of 10 available processors)

Solution count 1: 186276 

Optimal solution found (tolerance 1.00e-04)
Best objective 1.862755000000e+05, best bound 1.862605000000e+05, gap 0.0081%
Solução ótima encontrada.
Set parameter TimeLimit to value 25200
Set parameter TimeLimit to value 600
Gurobi Optimizer version 10.0.2 build v10.0.2rc0 (mac64[arm])

CPU model: Apple M5
Thread count: 10 physical cores, 10 logical processors, using up to 10 threads

Optimize a model with 548706 rows, 284763 columns and 1341935 nonzeros
Model fingerprint: 0x19d49581
Variable types: 0 continuous, 284763 integer (264707 binary)
Coefficient statistics:
  Matrix range     [1e+00, 8e+01]
  Objective range  [5e-01, 2e+03]
  Bounds range     [1e+00, 1e+00]
  RHS range        [1e+00, 1e+02]

User MIP start produced solution with objective 186276 (0.10s)
Loaded user MIP start with objective 186276
MIP start from previous solve did not produce a new incumbent solution

Presolve removed 530471 rows and 271255 columns
Presolve time: 0.23s
Presolved: 18235 rows, 13508 columns, 52111 nonzeros
Variable types: 0 continuous, 13508 integer (13508 binary)

Root relaxation: objective 1.861565e+05, 9784 iterations, 0.27 seconds (0.58 work units)

    Nodes    |    Current Node    |     Objective Bounds      |     Work
 Expl Unexpl |  Obj  Depth IntInf | Incumbent    BestBd   Gap | It/Node Time

     0     0 186156.500    0  555 186275.500 186156.500  0.06%     -    0s
     0     0 186156.500    0  555 186275.500 186156.500  0.06%     -    0s
     0     0 186156.500    0  221 186275.500 186156.500  0.06%     -    0s
     0     0     cutoff    0      186275.500 186275.500  0.00%     -    0s

Cutting planes:
  Gomory: 2
  Zero half: 12
  RLT: 9
  BQP: 22

Explored 1 nodes (13333 simplex iterations) in 0.81 seconds (2.09 work units)
Thread count was 10 (of 10 available processors)

Solution count 1: 186276 

Optimal solution found (tolerance 1.00e-04)
Best objective 1.862755000000e+05, best bound 1.862755000000e+05, gap 0.0000%
Solução ótima encontrada.
Set parameter TimeLimit to value 25200
Set parameter TimeLimit to value 600
Gurobi Optimizer version 10.0.2 build v10.0.2rc0 (mac64[arm])

CPU model: Apple M5
Thread count: 10 physical cores, 10 logical processors, using up to 10 threads

Optimize a model with 548706 rows, 284763 columns and 1341935 nonzeros
Model fingerprint: 0xe8f42891
Variable types: 0 continuous, 284763 integer (264707 binary)
Coefficient statistics:
  Matrix range     [1e+00, 8e+01]
  Objective range  [5e-01, 2e+03]
  Bounds range     [1e+00, 1e+00]
  RHS range        [1e+00, 1e+02]

User MIP start produced solution with objective 186276 (0.10s)
Loaded user MIP start with objective 186276
MIP start from previous solve did not produce a new incumbent solution

Presolve removed 536592 rows and 275155 columns
Presolve time: 0.20s
Presolved: 12114 rows, 9608 columns, 34977 nonzeros
Variable types: 0 continuous, 9608 integer (9608 binary)

Root relaxation: objective 1.860012e+05, 8133 iterations, 0.29 seconds (0.72 work units)

    Nodes    |    Current Node    |     Objective Bounds      |     Work
 Expl Unexpl |  Obj  Depth IntInf | Incumbent    BestBd   Gap | It/Node Time

     0     0 186001.250    0  342 186275.500 186001.250  0.15%     -    0s
     0     0 186032.250    0  395 186275.500 186032.250  0.13%     -    1s
     0     0 186032.250    0  322 186275.500 186032.250  0.13%     -    1s
     0     0 186044.000    0  803 186275.500 186044.000  0.12%     -    1s
     0     0 186044.000    0  745 186275.500 186044.000  0.12%     -    1s
     0     0 186046.500    0  772 186275.500 186046.500  0.12%     -    1s
     0     0 186085.346    0  760 186275.500 186085.346  0.10%     -    1s
     0     0 186085.346    0  126 186275.500 186085.346  0.10%     -    2s
     0     0 186085.346    0  258 186275.500 186085.346  0.10%     -    2s
     0     0 186086.550    0  191 186275.500 186086.550  0.10%     -    2s
     0     0 186089.500    0  136 186275.500 186089.500  0.10%     -    2s
     0     0 186089.537    0  148 186275.500 186089.537  0.10%     -    2s
     0     0 186093.833    0  139 186275.500 186093.833  0.10%     -    2s
     0     0 186097.000    0   95 186275.500 186097.000  0.10%     -    2s
     0     0 186101.833    0  147 186275.500 186101.833  0.09%     -    2s
     0     0 186104.000    0  152 186275.500 186104.000  0.09%     -    2s
     0     0 186105.462    0  180 186275.500 186105.462  0.09%     -    2s
     0     0 186105.900    0  140 186275.500 186105.900  0.09%     -    2s
     0     0 186105.900    0  149 186275.500 186105.900  0.09%     -    2s
     0     0 186119.500    0  155 186275.500 186119.500  0.08%     -    2s
     0     0 186120.813    0  171 186275.500 186120.813  0.08%     -    2s
     0     0 186121.322    0  182 186275.500 186121.322  0.08%     -    2s
     0     0 186121.349    0  186 186275.500 186121.349  0.08%     -    2s
     0     0 186121.389    0  179 186275.500 186121.389  0.08%     -    2s
     0     0 186129.648    0  205 186275.500 186129.648  0.08%     -    2s
     0     0 186130.580    0  217 186275.500 186130.580  0.08%     -    2s
     0     0 186130.580    0  218 186275.500 186130.580  0.08%     -    2s
     0     0 186139.984    0  255 186275.500 186139.984  0.07%     -    2s
     0     2 186140.233    0  250 186275.500 186140.233  0.07%     -    2s

Cutting planes:
  Gomory: 4
  Lift-and-project: 2
  Implied bound: 19
  Clique: 65
  MIR: 3
  Inf proof: 2
  Zero half: 44
  RLT: 80
  BQP: 48

Explored 3397 nodes (177974 simplex iterations) in 3.23 seconds (7.08 work units)
Thread count was 10 (of 10 available processors)

Solution count 1: 186276 

Optimal solution found (tolerance 1.00e-04)
Best objective 1.862755000000e+05, best bound 1.862755000000e+05, gap 0.0000%
Solução ótima encontrada.
Set parameter TimeLimit to value 25200
Set parameter TimeLimit to value 600
Gurobi Optimizer version 10.0.2 build v10.0.2rc0 (mac64[arm])

CPU model: Apple M5
Thread count: 10 physical cores, 10 logical processors, using up to 10 threads

Optimize a model with 548706 rows, 284763 columns and 1341935 nonzeros
Model fingerprint: 0x694acd98
Variable types: 0 continuous, 284763 integer (264707 binary)
Coefficient statistics:
  Matrix range     [1e+00, 8e+01]
  Objective range  [5e-01, 2e+03]
  Bounds range     [1e+00, 1e+00]
  RHS range        [1e+00, 1e+02]

User MIP start produced solution with objective 186276 (0.10s)
Loaded user MIP start with objective 186276
MIP start from previous solve did not produce a new incumbent solution

Presolve removed 542540 rows and 279577 columns
Presolve time: 0.17s
Presolved: 6166 rows, 5186 columns, 17446 nonzeros
Variable types: 0 continuous, 5186 integer (5186 binary)

Root relaxation: objective 1.862705e+05, 1523 iterations, 0.02 seconds (0.04 work units)

    Nodes    |    Current Node    |     Objective Bounds      |     Work
 Expl Unexpl |  Obj  Depth IntInf | Incumbent    BestBd   Gap | It/Node Time

     0     0 186270.500    0   70 186275.500 186270.500  0.00%     -    0s

Explored 1 nodes (2374 simplex iterations) in 0.32 seconds (0.97 work units)
Thread count was 10 (of 10 available processors)

Solution count 1: 186276 

Optimal solution found (tolerance 1.00e-04)
Best objective 1.862755000000e+05, best bound 1.862705000000e+05, gap 0.0027%
Solução ótima encontrada.
Set parameter TimeLimit to value 25200
Set parameter TimeLimit to value 600
Gurobi Optimizer version 10.0.2 build v10.0.2rc0 (mac64[arm])

CPU model: Apple M5
Thread count: 10 physical cores, 10 logical processors, using up to 10 threads

Optimize a model with 548706 rows, 284763 columns and 1341935 nonzeros
Model fingerprint: 0x7a795d14
Variable types: 0 continuous, 284763 integer (264707 binary)
Coefficient statistics:
  Matrix range     [1e+00, 8e+01]
  Objective range  [5e-01, 2e+03]
  Bounds range     [1e+00, 1e+00]
  RHS range        [1e+00, 1e+02]

User MIP start produced solution with objective 186276 (0.10s)
Loaded user MIP start with objective 186276
MIP start from previous solve did not produce a new incumbent solution

Presolve removed 543243 rows and 280140 columns
Presolve time: 0.17s
Presolved: 5463 rows, 4623 columns, 15454 nonzeros
Variable types: 0 continuous, 4623 integer (4623 binary)

Root relaxation: objective 1.862505e+05, 945 iterations, 0.01 seconds (0.02 work units)

    Nodes    |    Current Node    |     Objective Bounds      |     Work
 Expl Unexpl |  Obj  Depth IntInf | Incumbent    BestBd   Gap | It/Node Time

     0     0 186250.500    0  158 186275.500 186250.500  0.01%     -    0s
     0     0 186250.500    0  158 186275.500 186250.500  0.01%     -    0s
     0     0 186250.500    0   45 186275.500 186250.500  0.01%     -    0s
     0     0 186252.167    0   70 186275.500 186252.167  0.01%     -    0s
     0     0 186255.500    0   73 186275.500 186255.500  0.01%     -    0s

Cutting planes:
  Gomory: 2
  MIR: 1
  Zero half: 23
  RLT: 4
  BQP: 1

Explored 1 nodes (2203 simplex iterations) in 0.35 seconds (1.01 work units)
Thread count was 10 (of 10 available processors)

Solution count 1: 186276 

Optimal solution found (tolerance 1.00e-04)
Best objective 1.862755000000e+05, best bound 1.862570000000e+05, gap 0.0099%
Solução ótima encontrada.
Set parameter TimeLimit to value 25200
Set parameter TimeLimit to value 600
Gurobi Optimizer version 10.0.2 build v10.0.2rc0 (mac64[arm])

CPU model: Apple M5
Thread count: 10 physical cores, 10 logical processors, using up to 10 threads

Optimize a model with 548706 rows, 284763 columns and 1341935 nonzeros
Model fingerprint: 0xfa5c34c4
Variable types: 0 continuous, 284763 integer (264707 binary)
Coefficient statistics:
  Matrix range     [1e+00, 8e+01]
  Objective range  [5e-01, 2e+03]
  Bounds range     [1e+00, 1e+00]
  RHS range        [1e+00, 1e+02]

User MIP start produced solution with objective 186276 (0.10s)
Loaded user MIP start with objective 186276
MIP start from previous solve did not produce a new incumbent solution

Presolve removed 542993 rows and 279854 columns
Presolve time: 0.16s
Presolved: 5713 rows, 4909 columns, 16120 nonzeros
Variable types: 0 continuous, 4909 integer (4909 binary)

Root relaxation: cutoff, 801 iterations, 0.01 seconds (0.02 work units)

    Nodes    |    Current Node    |     Objective Bounds      |     Work
 Expl Unexpl |  Obj  Depth IntInf | Incumbent    BestBd   Gap | It/Node Time

     0     0     cutoff    0      186275.500 186275.500  0.00%     -    0s

Explored 1 nodes (801 simplex iterations) in 0.29 seconds (0.89 work units)
Thread count was 10 (of 10 available processors)

Solution count 1: 186276 

Optimal solution found (tolerance 1.00e-04)
Best objective 1.862755000000e+05, best bound 1.862755000000e+05, gap 0.0000%
Solução ótima encontrada.
Set parameter TimeLimit to value 25200
Set parameter TimeLimit to value 600
Gurobi Optimizer version 10.0.2 build v10.0.2rc0 (mac64[arm])

CPU model: Apple M5
Thread count: 10 physical cores, 10 logical processors, using up to 10 threads

Optimize a model with 548706 rows, 284763 columns and 1341935 nonzeros
Model fingerprint: 0x6059669c
Variable types: 0 continuous, 284763 integer (264707 binary)
Coefficient statistics:
  Matrix range     [1e+00, 8e+01]
  Objective range  [5e-01, 2e+03]
  Bounds range     [1e+00, 1e+00]
  RHS range        [1e+00, 1e+02]

User MIP start produced solution with objective 186276 (0.10s)
Loaded user MIP start with objective 186276
MIP start from previous solve did not produce a new incumbent solution

Presolve removed 531709 rows and 272503 columns
Presolve time: 0.22s
Presolved: 16997 rows, 12260 columns, 48885 nonzeros
Variable types: 0 continuous, 12260 integer (12260 binary)

Root relaxation: objective 1.860210e+05, 8401 iterations, 0.25 seconds (0.50 work units)

    Nodes    |    Current Node    |     Objective Bounds      |     Work
 Expl Unexpl |  Obj  Depth IntInf | Incumbent    BestBd   Gap | It/Node Time

     0     0 186021.000    0  618 186275.500 186021.000  0.14%     -    0s
     0     0 186054.250    0  606 186275.500 186054.250  0.12%     -    0s
     0     0 186097.302    0  849 186275.500 186097.302  0.10%     -    1s
     0     0 186097.302    0  531 186275.500 186097.302  0.10%     -    1s
     0     0 186101.769    0  559 186275.500 186101.769  0.09%     -    1s
     0     0 186103.692    0  559 186275.500 186103.692  0.09%     -    1s
     0     0 186105.615    0  560 186275.500 186105.615  0.09%     -    1s
     0     0 186130.464    0  661 186275.500 186130.464  0.08%     -    1s
     0     0 186131.917    0  613 186275.500 186131.917  0.08%     -    1s
     0     0 186136.025    0  642 186275.500 186136.025  0.07%     -    1s
     0     0 186136.025    0  644 186275.500 186136.025  0.07%     -    1s
     0     0 186156.958    0  556 186275.500 186156.958  0.06%     -    1s
     0     0 186156.958    0  428 186275.500 186156.958  0.06%     -    1s
     0     0 186156.958    0  512 186275.500 186156.958  0.06%     -    1s
     0     0 186157.500    0  531 186275.500 186157.500  0.06%     -    1s
     0     0 186160.854    0  499 186275.500 186160.854  0.06%     -    1s
     0     0 186177.222    0  513 186275.500 186177.222  0.05%     -    1s
     0     0 186177.222    0  242 186275.500 186177.222  0.05%     -    1s
     0     0 186177.222    0  306 186275.500 186177.222  0.05%     -    1s
     0     0 186177.222    0  257 186275.500 186177.222  0.05%     -    1s
     0     0 186177.222    0  331 186275.500 186177.222  0.05%     -    1s
     0     0 186177.473    0  337 186275.500 186177.473  0.05%     -    1s
     0     0 186177.473    0  336 186275.500 186177.473  0.05%     -    1s
     0     0 186195.417    0  304 186275.500 186195.417  0.04%     -    1s
     0     0 186222.600    0  314 186275.500 186222.600  0.03%     -    1s
     0     0 186222.600    0  323 186275.500 186222.600  0.03%     -    1s
     0     0 186222.600    0  324 186275.500 186222.600  0.03%     -    1s
     0     0 186240.500    0  220 186275.500 186240.500  0.02%     -    1s
     0     0 186243.500    0  180 186275.500 186243.500  0.02%     -    1s
     0     0 186254.250    0  174 186275.500 186254.250  0.01%     -    1s

Cutting planes:
  Gomory: 1
  MIR: 5
  Zero half: 33
  RLT: 12
  BQP: 23

Explored 1 nodes (25683 simplex iterations) in 1.73 seconds (3.96 work units)
Thread count was 10 (of 10 available processors)

Solution count 1: 186276 

Optimal solution found (tolerance 1.00e-04)
Best objective 1.862755000000e+05, best bound 1.862620000000e+05, gap 0.0072%
Solução ótima encontrada.
Set parameter TimeLimit to value 25200
Set parameter TimeLimit to value 600
Gurobi Optimizer version 10.0.2 build v10.0.2rc0 (mac64[arm])

CPU model: Apple M5
Thread count: 10 physical cores, 10 logical processors, using up to 10 threads

Optimize a model with 548706 rows, 284763 columns and 1341935 nonzeros
Model fingerprint: 0x27c42e1d
Variable types: 0 continuous, 284763 integer (264707 binary)
Coefficient statistics:
  Matrix range     [1e+00, 8e+01]
  Objective range  [5e-01, 2e+03]
  Bounds range     [1e+00, 1e+00]
  RHS range        [1e+00, 1e+02]

User MIP start produced solution with objective 186276 (0.10s)
Loaded user MIP start with objective 186276
MIP start from previous solve did not produce a new incumbent solution

Presolve removed 547488 rows and 283660 columns
Presolve time: 0.15s
Presolved: 1218 rows, 1103 columns, 3463 nonzeros
Variable types: 0 continuous, 1103 integer (1103 binary)

Root relaxation: cutoff, 161 iterations, 0.00 seconds (0.00 work units)

    Nodes    |    Current Node    |     Objective Bounds      |     Work
 Expl Unexpl |  Obj  Depth IntInf | Incumbent    BestBd   Gap | It/Node Time

     0     0     cutoff    0      186275.500 186275.500  0.00%     -    0s

Explored 1 nodes (161 simplex iterations) in 0.27 seconds (0.83 work units)
Thread count was 10 (of 10 available processors)

Solution count 1: 186276 

Optimal solution found (tolerance 1.00e-04)
Best objective 1.862755000000e+05, best bound 1.862755000000e+05, gap 0.0000%
Solução ótima encontrada.
Set parameter TimeLimit to value 25200
Set parameter TimeLimit to value 600
Gurobi Optimizer version 10.0.2 build v10.0.2rc0 (mac64[arm])

CPU model: Apple M5
Thread count: 10 physical cores, 10 logical processors, using up to 10 threads

Optimize a model with 548706 rows, 284763 columns and 1341935 nonzeros
Model fingerprint: 0xc10bb12e
Variable types: 0 continuous, 284763 integer (264707 binary)
Coefficient statistics:
  Matrix range     [1e+00, 8e+01]
  Objective range  [5e-01, 2e+03]
  Bounds range     [1e+00, 1e+00]
  RHS range        [1e+00, 1e+02]

User MIP start produced solution with objective 186276 (0.09s)
Loaded user MIP start with objective 186276
MIP start from previous solve did not produce a new incumbent solution

Presolve removed 545406 rows and 281841 columns
Presolve time: 0.15s
Presolved: 3300 rows, 2922 columns, 9324 nonzeros
Variable types: 0 continuous, 2922 integer (2922 binary)

Root relaxation: cutoff, 141 iterations, 0.00 seconds (0.00 work units)

    Nodes    |    Current Node    |     Objective Bounds      |     Work
 Expl Unexpl |  Obj  Depth IntInf | Incumbent    BestBd   Gap | It/Node Time

     0     0     cutoff    0      186275.500 186275.500  0.00%     -    0s

Explored 1 nodes (141 simplex iterations) in 0.26 seconds (0.86 work units)
Thread count was 10 (of 10 available processors)

Solution count 1: 186276 

Optimal solution found (tolerance 1.00e-04)
Best objective 1.862755000000e+05, best bound 1.862755000000e+05, gap 0.0000%
Solução ótima encontrada.
RESULTADO_JSON={"arquivo_log_csv": "resultados/experimentos/ordem_cursos_3min_4h/20260923_185629/maior_demanda.csv", "arquivo_log_json": "resultados/experimentos/ordem_cursos_3min_4h/20260923_185629/maior_demanda.json", "arquivo_melhor_solucao": "resultados/experimentos/ordem_cursos_3min_4h/20260923_185629/maior_demanda.sol", "etapa": "fix_and_optimize_cursos", "ganho_absoluto": 419.0, "historico": [{"ciclo": 1, "curso": "PED", "disciplinas_livres": 56, "iteracao": 1, "melhorou": true, "objetivo_anterior": 186694.5, "objetivo_candidato": 186644.5, "objetivo_incumbente": 186644.5, "ordem_cursos": "maior-demanda", "passada": 1, "posicao_ordem_curso": 1, "recurso": "PED", "seed_ordem_cursos": null, "status_solver": "OPTIMAL", "tempo_gasto_s": 5.45, "tempo_limite_subproblema_s": 600.0, "tempo_solver_s": 5.19, "variaveis_x_fixadas": 82202, "variaveis_x_livres": 12788, "vizinhanca": "curso"}, {"ciclo": 1, "curso": "AGRO", "disciplinas_livres": 51, "iteracao": 2, "melhorou": false, "objetivo_anterior": 186644.5, "objetivo_candidato": 186644.5, "objetivo_incumbente": 186644.5, "ordem_cursos": "maior-demanda", "passada": 1, "posicao_ordem_curso": 2, "recurso": "AGRO", "seed_ordem_cursos": null, "status_solver": "OPTIMAL", "tempo_gasto_s": 3.38, "tempo_limite_subproblema_s": 600.0, "tempo_solver_s": 3.02, "variaveis_x_fixadas": 86250, "variaveis_x_livres": 8740, "vizinhanca": "curso"}, {"ciclo": 1, "curso": "ADM", "disciplinas_livres": 48, "iteracao": 3, "melhorou": true, "objetivo_anterior": 186644.5, "objetivo_candidato": 186611.5, "objetivo_incumbente": 186611.5, "ordem_cursos": "maior-demanda", "passada": 1, "posicao_ordem_curso": 3, "recurso": "ADM", "seed_ordem_cursos": null, "status_solver": "OPTIMAL", "tempo_gasto_s": 1.14, "tempo_limite_subproblema_s": 600.0, "tempo_solver_s": 0.77, "variaveis_x_fixadas": 85698, "variaveis_x_livres": 9292, "vizinhanca": "curso"}, {"ciclo": 1, "curso": "CC", "disciplinas_livres": 47, "iteracao": 4, "melhorou": false, "objetivo_anterior": 186611.5, "objetivo_candidato": 186611.5, "objetivo_incumbente": 186611.5, "ordem_cursos": "maior-demanda", "passada": 1, "posicao_ordem_curso": 4, "recurso": "CC", "seed_ordem_cursos": null, "status_solver": "OPTIMAL", "tempo_gasto_s": 1.12, "tempo_limite_subproblema_s": 600.0, "tempo_solver_s": 0.75, "variaveis_x_fixadas": 84456, "variaveis_x_livres": 10534, "vizinhanca": "curso"}, {"ciclo": 1, "curso": "EAS", "disciplinas_livres": 45, "iteracao": 5, "melhorou": true, "objetivo_anterior": 186611.5, "objetivo_candidato": 186601.5, "objetivo_incumbente": 186601.5, "ordem_cursos": "maior-demanda", "passada": 1, "posicao_ordem_curso": 5, "recurso": "EAS", "seed_ordem_cursos": null, "status_solver": "OPTIMAL", "tempo_gasto_s": 0.71, "tempo_limite_subproblema_s": 600.0, "tempo_solver_s": 0.36, "variaveis_x_fixadas": 87538, "variaveis_x_livres": 7452, "vizinhanca": "curso"}, {"ciclo": 1, "curso": "MED", "disciplinas_livres": 41, "iteracao": 6, "melhorou": false, "objetivo_anterior": 186601.5, "objetivo_candidato": 186601.5, "objetivo_incumbente": 186601.5, "ordem_cursos": "maior-demanda", "passada": 1, "posicao_ordem_curso": 6, "recurso": "MED", "seed_ordem_cursos": null, "status_solver": "OPTIMAL", "tempo_gasto_s": 1.28, "tempo_limite_subproblema_s": 600.0, "tempo_solver_s": 0.95, "variaveis_x_fixadas": 85606, "variaveis_x_livres": 9384, "vizinhanca": "curso"}, {"ciclo": 1, "curso": "LET", "disciplinas_livres": 36, "iteracao": 7, "melhorou": false, "objetivo_anterior": 186601.5, "objetivo_candidato": 186601.5, "objetivo_incumbente": 186601.5, "ordem_cursos": "maior-demanda", "passada": 1, "posicao_ordem_curso": 7, "recurso": "LET", "seed_ordem_cursos": null, "status_solver": "OPTIMAL", "tempo_gasto_s": 3.58, "tempo_limite_subproblema_s": 600.0, "tempo_solver_s": 3.23, "variaveis_x_fixadas": 85836, "variaveis_x_livres": 9154, "vizinhanca": "curso"}, {"ciclo": 1, "curso": "HIS", "disciplinas_livres": 24, "iteracao": 8, "melhorou": false, "objetivo_anterior": 186601.5, "objetivo_candidato": 186601.5, "objetivo_incumbente": 186601.5, "ordem_cursos": "maior-demanda", "passada": 1, "posicao_ordem_curso": 8, "recurso": "HIS", "seed_ordem_cursos": null, "status_solver": "OPTIMAL", "tempo_gasto_s": 0.72, "tempo_limite_subproblema_s": 600.0, "tempo_solver_s": 0.35, "variaveis_x_fixadas": 90206, "variaveis_x_livres": 4784, "vizinhanca": "curso"}, {"ciclo": 1, "curso": "MAT", "disciplinas_livres": 23, "iteracao": 9, "melhorou": true, "objetivo_anterior": 186601.5, "objetivo_candidato": 186571.5, "objetivo_incumbente": 186571.5, "ordem_cursos": "maior-demanda", "passada": 1, "posicao_ordem_curso": 9, "recurso": "MAT", "seed_ordem_cursos": null, "status_solver": "OPTIMAL", "tempo_gasto_s": 0.67, "tempo_limite_subproblema_s": 600.0, "tempo_solver_s": 0.34, "variaveis_x_fixadas": 90022, "variaveis_x_livres": 4968, "vizinhanca": "curso"}, {"ciclo": 1, "curso": "CS", "disciplinas_livres": 22, "iteracao": 10, "melhorou": false, "objetivo_anterior": 186571.5, "objetivo_candidato": 186571.5, "objetivo_incumbente": 186571.5, "ordem_cursos": "maior-demanda", "passada": 1, "posicao_ordem_curso": 10, "recurso": "CS", "seed_ordem_cursos": null, "status_solver": "OPTIMAL", "tempo_gasto_s": 0.63, "tempo_limite_subproblema_s": 600.0, "tempo_solver_s": 0.3, "variaveis_x_fixadas": 90436, "variaveis_x_livres": 4554, "vizinhanca": "curso"}, {"ciclo": 1, "curso": "ENF", "disciplinas_livres": 18, "iteracao": 11, "melhorou": true, "objetivo_anterior": 186571.5, "objetivo_candidato": 186278.5, "objetivo_incumbente": 186278.5, "ordem_cursos": "maior-demanda", "passada": 1, "posicao_ordem_curso": 11, "recurso": "ENF", "seed_ordem_cursos": null, "status_solver": "OPTIMAL", "tempo_gasto_s": 4.65, "tempo_limite_subproblema_s": 600.0, "tempo_solver_s": 4.32, "variaveis_x_fixadas": 86480, "variaveis_x_livres": 8510, "vizinhanca": "curso"}, {"ciclo": 1, "curso": "FIL", "disciplinas_livres": 15, "iteracao": 12, "melhorou": false, "objetivo_anterior": 186278.5, "objetivo_candidato": 186278.5, "objetivo_incumbente": 186278.5, "ordem_cursos": "maior-demanda", "passada": 1, "posicao_ordem_curso": 12, "recurso": "FIL", "seed_ordem_cursos": null, "status_solver": "OPTIMAL", "tempo_gasto_s": 0.62, "tempo_limite_subproblema_s": 600.0, "tempo_solver_s": 0.27, "variaveis_x_fixadas": 92230, "variaveis_x_livres": 2760, "vizinhanca": "curso"}, {"ciclo": 1, "curso": "GEO", "disciplinas_livres": 10, "iteracao": 13, "melhorou": false, "objetivo_anterior": 186278.5, "objetivo_candidato": 186278.5, "objetivo_incumbente": 186278.5, "ordem_cursos": "maior-demanda", "passada": 1, "posicao_ordem_curso": 13, "recurso": "GEO", "seed_ordem_cursos": null, "status_solver": "OPTIMAL", "tempo_gasto_s": 0.62, "tempo_limite_subproblema_s": 600.0, "tempo_solver_s": 0.28, "variaveis_x_fixadas": 92920, "variaveis_x_livres": 2070, "vizinhanca": "curso"}, {"ciclo": 1, "curso": "PED", "disciplinas_livres": 56, "iteracao": 1, "melhorou": false, "objetivo_anterior": 186278.5, "objetivo_candidato": 186278.5, "objetivo_incumbente": 186278.5, "ordem_cursos": "maior-demanda", "passada": 2, "posicao_ordem_curso": 1, "recurso": "PED", "seed_ordem_cursos": null, "status_solver": "OPTIMAL", "tempo_gasto_s": 2.87, "tempo_limite_subproblema_s": 600.0, "tempo_solver_s": 2.55, "variaveis_x_fixadas": 82202, "variaveis_x_livres": 12788, "vizinhanca": "curso"}, {"ciclo": 1, "curso": "AGRO", "disciplinas_livres": 51, "iteracao": 2, "melhorou": true, "objetivo_anterior": 186278.5, "objetivo_candidato": 186275.5, "objetivo_incumbente": 186275.5, "ordem_cursos": "maior-demanda", "passada": 2, "posicao_ordem_curso": 2, "recurso": "AGRO", "seed_ordem_cursos": null, "status_solver": "OPTIMAL", "tempo_gasto_s": 2.91, "tempo_limite_subproblema_s": 600.0, "tempo_solver_s": 2.57, "variaveis_x_fixadas": 86250, "variaveis_x_livres": 8740, "vizinhanca": "curso"}, {"ciclo": 1, "curso": "ADM", "disciplinas_livres": 48, "iteracao": 3, "melhorou": false, "objetivo_anterior": 186275.5, "objetivo_candidato": 186275.5, "objetivo_incumbente": 186275.5, "ordem_cursos": "maior-demanda", "passada": 2, "posicao_ordem_curso": 3, "recurso": "ADM", "seed_ordem_cursos": null, "status_solver": "OPTIMAL", "tempo_gasto_s": 0.98, "tempo_limite_subproblema_s": 600.0, "tempo_solver_s": 0.63, "variaveis_x_fixadas": 85698, "variaveis_x_livres": 9292, "vizinhanca": "curso"}, {"ciclo": 1, "curso": "CC", "disciplinas_livres": 47, "iteracao": 4, "melhorou": false, "objetivo_anterior": 186275.5, "objetivo_candidato": 186275.5, "objetivo_incumbente": 186275.5, "ordem_cursos": "maior-demanda", "passada": 2, "posicao_ordem_curso": 4, "recurso": "CC", "seed_ordem_cursos": null, "status_solver": "OPTIMAL", "tempo_gasto_s": 1.07, "tempo_limite_subproblema_s": 600.0, "tempo_solver_s": 0.74, "variaveis_x_fixadas": 84456, "variaveis_x_livres": 10534, "vizinhanca": "curso"}, {"ciclo": 1, "curso": "EAS", "disciplinas_livres": 45, "iteracao": 5, "melhorou": false, "objetivo_anterior": 186275.5, "objetivo_candidato": 186275.5, "objetivo_incumbente": 186275.5, "ordem_cursos": "maior-demanda", "passada": 2, "posicao_ordem_curso": 5, "recurso": "EAS", "seed_ordem_cursos": null, "status_solver": "OPTIMAL", "tempo_gasto_s": 0.77, "tempo_limite_subproblema_s": 600.0, "tempo_solver_s": 0.43, "variaveis_x_fixadas": 87538, "variaveis_x_livres": 7452, "vizinhanca": "curso"}, {"ciclo": 1, "curso": "MED", "disciplinas_livres": 41, "iteracao": 6, "melhorou": false, "objetivo_anterior": 186275.5, "objetivo_candidato": 186275.5, "objetivo_incumbente": 186275.5, "ordem_cursos": "maior-demanda", "passada": 2, "posicao_ordem_curso": 6, "recurso": "MED", "seed_ordem_cursos": null, "status_solver": "OPTIMAL", "tempo_gasto_s": 1.12, "tempo_limite_subproblema_s": 600.0, "tempo_solver_s": 0.8, "variaveis_x_fixadas": 85606, "variaveis_x_livres": 9384, "vizinhanca": "curso"}, {"ciclo": 1, "curso": "LET", "disciplinas_livres": 36, "iteracao": 7, "melhorou": false, "objetivo_anterior": 186275.5, "objetivo_candidato": 186275.5, "objetivo_incumbente": 186275.5, "ordem_cursos": "maior-demanda", "passada": 2, "posicao_ordem_curso": 7, "recurso": "LET", "seed_ordem_cursos": null, "status_solver": "OPTIMAL", "tempo_gasto_s": 3.55, "tempo_limite_subproblema_s": 600.0, "tempo_solver_s": 3.23, "variaveis_x_fixadas": 85836, "variaveis_x_livres": 9154, "vizinhanca": "curso"}, {"ciclo": 1, "curso": "HIS", "disciplinas_livres": 24, "iteracao": 8, "melhorou": false, "objetivo_anterior": 186275.5, "objetivo_candidato": 186275.5, "objetivo_incumbente": 186275.5, "ordem_cursos": "maior-demanda", "passada": 2, "posicao_ordem_curso": 8, "recurso": "HIS", "seed_ordem_cursos": null, "status_solver": "OPTIMAL", "tempo_gasto_s": 0.67, "tempo_limite_subproblema_s": 600.0, "tempo_solver_s": 0.33, "variaveis_x_fixadas": 90206, "variaveis_x_livres": 4784, "vizinhanca": "curso"}, {"ciclo": 1, "curso": "MAT", "disciplinas_livres": 23, "iteracao": 9, "melhorou": false, "objetivo_anterior": 186275.5, "objetivo_candidato": 186275.5, "objetivo_incumbente": 186275.5, "ordem_cursos": "maior-demanda", "passada": 2, "posicao_ordem_curso": 9, "recurso": "MAT", "seed_ordem_cursos": null, "status_solver": "OPTIMAL", "tempo_gasto_s": 0.69, "tempo_limite_subproblema_s": 600.0, "tempo_solver_s": 0.36, "variaveis_x_fixadas": 90022, "variaveis_x_livres": 4968, "vizinhanca": "curso"}, {"ciclo": 1, "curso": "CS", "disciplinas_livres": 22, "iteracao": 10, "melhorou": false, "objetivo_anterior": 186275.5, "objetivo_candidato": 186275.5, "objetivo_incumbente": 186275.5, "ordem_cursos": "maior-demanda", "passada": 2, "posicao_ordem_curso": 10, "recurso": "CS", "seed_ordem_cursos": null, "status_solver": "OPTIMAL", "tempo_gasto_s": 0.62, "tempo_limite_subproblema_s": 600.0, "tempo_solver_s": 0.29, "variaveis_x_fixadas": 90436, "variaveis_x_livres": 4554, "vizinhanca": "curso"}, {"ciclo": 1, "curso": "ENF", "disciplinas_livres": 18, "iteracao": 11, "melhorou": false, "objetivo_anterior": 186275.5, "objetivo_candidato": 186275.5, "objetivo_incumbente": 186275.5, "ordem_cursos": "maior-demanda", "passada": 2, "posicao_ordem_curso": 11, "recurso": "ENF", "seed_ordem_cursos": null, "status_solver": "OPTIMAL", "tempo_gasto_s": 2.08, "tempo_limite_subproblema_s": 600.0, "tempo_solver_s": 1.75, "variaveis_x_fixadas": 86480, "variaveis_x_livres": 8510, "vizinhanca": "curso"}, {"ciclo": 1, "curso": "FIL", "disciplinas_livres": 15, "iteracao": 12, "melhorou": false, "objetivo_anterior": 186275.5, "objetivo_candidato": 186275.5, "objetivo_incumbente": 186275.5, "ordem_cursos": "maior-demanda", "passada": 2, "posicao_ordem_curso": 12, "recurso": "FIL", "seed_ordem_cursos": null, "status_solver": "OPTIMAL", "tempo_gasto_s": 0.6, "tempo_limite_subproblema_s": 600.0, "tempo_solver_s": 0.27, "variaveis_x_fixadas": 92230, "variaveis_x_livres": 2760, "vizinhanca": "curso"}, {"ciclo": 1, "curso": "GEO", "disciplinas_livres": 10, "iteracao": 13, "melhorou": false, "objetivo_anterior": 186275.5, "objetivo_candidato": 186275.5, "objetivo_incumbente": 186275.5, "ordem_cursos": "maior-demanda", "passada": 2, "posicao_ordem_curso": 13, "recurso": "GEO", "seed_ordem_cursos": null, "status_solver": "OPTIMAL", "tempo_gasto_s": 0.61, "tempo_limite_subproblema_s": 600.0, "tempo_solver_s": 0.28, "variaveis_x_fixadas": 92920, "variaveis_x_livres": 2070, "vizinhanca": "curso"}, {"ciclo": 1, "curso": "PED", "disciplinas_livres": 56, "iteracao": 1, "melhorou": false, "objetivo_anterior": 186275.5, "objetivo_candidato": 186275.5, "objetivo_incumbente": 186275.5, "ordem_cursos": "maior-demanda", "passada": 3, "posicao_ordem_curso": 1, "recurso": "PED", "seed_ordem_cursos": null, "status_solver": "OPTIMAL", "tempo_gasto_s": 4.67, "tempo_limite_subproblema_s": 600.0, "tempo_solver_s": 4.34, "variaveis_x_fixadas": 82202, "variaveis_x_livres": 12788, "vizinhanca": "curso"}, {"ciclo": 1, "curso": "AGRO", "disciplinas_livres": 51, "iteracao": 2, "melhorou": false, "objetivo_anterior": 186275.5, "objetivo_candidato": 186275.5, "objetivo_incumbente": 186275.5, "ordem_cursos": "maior-demanda", "passada": 3, "posicao_ordem_curso": 2, "recurso": "AGRO", "seed_ordem_cursos": null, "status_solver": "OPTIMAL", "tempo_gasto_s": 3.15, "tempo_limite_subproblema_s": 600.0, "tempo_solver_s": 2.81, "variaveis_x_fixadas": 86250, "variaveis_x_livres": 8740, "vizinhanca": "curso"}, {"ciclo": 1, "curso": "ADM", "disciplinas_livres": 48, "iteracao": 3, "melhorou": false, "objetivo_anterior": 186275.5, "objetivo_candidato": 186275.5, "objetivo_incumbente": 186275.5, "ordem_cursos": "maior-demanda", "passada": 3, "posicao_ordem_curso": 3, "recurso": "ADM", "seed_ordem_cursos": null, "status_solver": "OPTIMAL", "tempo_gasto_s": 0.94, "tempo_limite_subproblema_s": 600.0, "tempo_solver_s": 0.61, "variaveis_x_fixadas": 85698, "variaveis_x_livres": 9292, "vizinhanca": "curso"}, {"ciclo": 1, "curso": "CC", "disciplinas_livres": 47, "iteracao": 4, "melhorou": false, "objetivo_anterior": 186275.5, "objetivo_candidato": 186275.5, "objetivo_incumbente": 186275.5, "ordem_cursos": "maior-demanda", "passada": 3, "posicao_ordem_curso": 4, "recurso": "CC", "seed_ordem_cursos": null, "status_solver": "OPTIMAL", "tempo_gasto_s": 1.06, "tempo_limite_subproblema_s": 600.0, "tempo_solver_s": 0.73, "variaveis_x_fixadas": 84456, "variaveis_x_livres": 10534, "vizinhanca": "curso"}, {"ciclo": 1, "curso": "EAS", "disciplinas_livres": 45, "iteracao": 5, "melhorou": false, "objetivo_anterior": 186275.5, "objetivo_candidato": 186275.5, "objetivo_incumbente": 186275.5, "ordem_cursos": "maior-demanda", "passada": 3, "posicao_ordem_curso": 5, "recurso": "EAS", "seed_ordem_cursos": null, "status_solver": "OPTIMAL", "tempo_gasto_s": 0.76, "tempo_limite_subproblema_s": 600.0, "tempo_solver_s": 0.43, "variaveis_x_fixadas": 87538, "variaveis_x_livres": 7452, "vizinhanca": "curso"}, {"ciclo": 1, "curso": "MED", "disciplinas_livres": 41, "iteracao": 6, "melhorou": false, "objetivo_anterior": 186275.5, "objetivo_candidato": 186275.5, "objetivo_incumbente": 186275.5, "ordem_cursos": "maior-demanda", "passada": 3, "posicao_ordem_curso": 6, "recurso": "MED", "seed_ordem_cursos": null, "status_solver": "OPTIMAL", "tempo_gasto_s": 1.13, "tempo_limite_subproblema_s": 600.0, "tempo_solver_s": 0.81, "variaveis_x_fixadas": 85606, "variaveis_x_livres": 9384, "vizinhanca": "curso"}, {"ciclo": 1, "curso": "LET", "disciplinas_livres": 36, "iteracao": 7, "melhorou": false, "objetivo_anterior": 186275.5, "objetivo_candidato": 186275.5, "objetivo_incumbente": 186275.5, "ordem_cursos": "maior-demanda", "passada": 3, "posicao_ordem_curso": 7, "recurso": "LET", "seed_ordem_cursos": null, "status_solver": "OPTIMAL", "tempo_gasto_s": 3.56, "tempo_limite_subproblema_s": 600.0, "tempo_solver_s": 3.24, "variaveis_x_fixadas": 85836, "variaveis_x_livres": 9154, "vizinhanca": "curso"}, {"ciclo": 1, "curso": "HIS", "disciplinas_livres": 24, "iteracao": 8, "melhorou": false, "objetivo_anterior": 186275.5, "objetivo_candidato": 186275.5, "objetivo_incumbente": 186275.5, "ordem_cursos": "maior-demanda", "passada": 3, "posicao_ordem_curso": 8, "recurso": "HIS", "seed_ordem_cursos": null, "status_solver": "OPTIMAL", "tempo_gasto_s": 0.66, "tempo_limite_subproblema_s": 600.0, "tempo_solver_s": 0.32, "variaveis_x_fixadas": 90206, "variaveis_x_livres": 4784, "vizinhanca": "curso"}, {"ciclo": 1, "curso": "MAT", "disciplinas_livres": 23, "iteracao": 9, "melhorou": false, "objetivo_anterior": 186275.5, "objetivo_candidato": 186275.5, "objetivo_incumbente": 186275.5, "ordem_cursos": "maior-demanda", "passada": 3, "posicao_ordem_curso": 9, "recurso": "MAT", "seed_ordem_cursos": null, "status_solver": "OPTIMAL", "tempo_gasto_s": 0.68, "tempo_limite_subproblema_s": 600.0, "tempo_solver_s": 0.35, "variaveis_x_fixadas": 90022, "variaveis_x_livres": 4968, "vizinhanca": "curso"}, {"ciclo": 1, "curso": "CS", "disciplinas_livres": 22, "iteracao": 10, "melhorou": false, "objetivo_anterior": 186275.5, "objetivo_candidato": 186275.5, "objetivo_incumbente": 186275.5, "ordem_cursos": "maior-demanda", "passada": 3, "posicao_ordem_curso": 10, "recurso": "CS", "seed_ordem_cursos": null, "status_solver": "OPTIMAL", "tempo_gasto_s": 0.62, "tempo_limite_subproblema_s": 600.0, "tempo_solver_s": 0.29, "variaveis_x_fixadas": 90436, "variaveis_x_livres": 4554, "vizinhanca": "curso"}, {"ciclo": 1, "curso": "ENF", "disciplinas_livres": 18, "iteracao": 11, "melhorou": false, "objetivo_anterior": 186275.5, "objetivo_candidato": 186275.5, "objetivo_incumbente": 186275.5, "ordem_cursos": "maior-demanda", "passada": 3, "posicao_ordem_curso": 11, "recurso": "ENF", "seed_ordem_cursos": null, "status_solver": "OPTIMAL", "tempo_gasto_s": 2.07, "tempo_limite_subproblema_s": 600.0, "tempo_solver_s": 1.74, "variaveis_x_fixadas": 86480, "variaveis_x_livres": 8510, "vizinhanca": "curso"}, {"ciclo": 1, "curso": "FIL", "disciplinas_livres": 15, "iteracao": 12, "melhorou": false, "objetivo_anterior": 186275.5, "objetivo_candidato": 186275.5, "objetivo_incumbente": 186275.5, "ordem_cursos": "maior-demanda", "passada": 3, "posicao_ordem_curso": 12, "recurso": "FIL", "seed_ordem_cursos": null, "status_solver": "OPTIMAL", "tempo_gasto_s": 0.62, "tempo_limite_subproblema_s": 600.0, "tempo_solver_s": 0.28, "variaveis_x_fixadas": 92230, "variaveis_x_livres": 2760, "vizinhanca": "curso"}, {"ciclo": 1, "curso": "GEO", "disciplinas_livres": 10, "iteracao": 13, "melhorou": false, "objetivo_anterior": 186275.5, "objetivo_candidato": 186275.5, "objetivo_incumbente": 186275.5, "ordem_cursos": "maior-demanda", "passada": 3, "posicao_ordem_curso": 13, "recurso": "GEO", "seed_ordem_cursos": null, "status_solver": "OPTIMAL", "tempo_gasto_s": 0.59, "tempo_limite_subproblema_s": 600.0, "tempo_solver_s": 0.26, "variaveis_x_fixadas": 92920, "variaveis_x_livres": 2070, "vizinhanca": "curso"}], "melhorias_aceitas": 6, "objetivo_final": 186275.5, "objetivo_inicial": 186694.5, "ordem_cursos": "maior-demanda", "passadas_executadas": 3, "seed_ordem_cursos": null, "status": "CONCLUIDO", "tempo_total_s": 247.29, "tipo_vizinhanca": "curso", "total_iteracoes": 39}
