ciclo,passada,iteracao,vizinhanca,recurso,disciplinas_livres,variaveis_x_livres,variaveis_x_fixadas,status_solver,objetivo_anterior,objetivo_candidato,melhorou,objetivo_incumbente,tempo_gasto_s,tempo_solver_s,tempo_limite_subproblema_s,dia,turno,curso,ordem_cursos,seed_ordem_cursos,etapa_no_fluxo,nome_etapa,passada_na_etapa,etapa_completa,motivo_encerramento,tipo_registro,parametro_tipo_vizinhanca,parametro_tempo_modelo_inicial_s,parametro_tempo_heuristica_inicial_s,parametro_tempo_subproblema_s,parametro_tempo_total_maximo_s,parametro_apenas_uma_passada,parametro_salvar_candidatos,parametro_ordem_cursos_solicitada,parametro_seed_ordem_cursos_solicitada,parametro_ordem_cursos,parametro_seed_ordem_cursos,parametro_arquivo_horarios,parametro_arquivo_salas,parametro_arquivo_salas_preferenciais,parametro_diretorio_execucao,parametro_arquivo_melhor_solucao,parametro_arquivo_log_csv,parametro_arquivo_log_json,parametro_sequencia_etapas,parametro_tipo_sequencia,parametro_etapa_1_ordem_cursos,parametro_etapa_1_seed,parametro_etapa_2_ordem_cursos,parametro_etapa_2_seed,parametro_etapa_3_ordem_cursos,parametro_etapa_3_seed,parametro_gurobi_inicial_TimeLimit,parametro_gurobi_inicial_MIPFocus,parametro_gurobi_inicial_NoRelHeurTime,parametro_gurobi_subproblema_TimeLimit,parametro_gurobi_subproblema_MIPFocus,parametro_gurobi_subproblema_NoRelHeurTime,parametro_motivo_encerramento,parametro_etapas_concluidas,posicao_ordem_curso,curso_a,curso_b,posicao_par
1,1,1,dia_turno_curso,2_M_ADM,81,18538,76452,OPTIMAL,187097.5,186989.5,True,186989.5,2.65,2.38,600.0,2,M,ADM,alfabetica,,1,dia_turno_curso,1,True,TEMPO_TOTAL,iteracao,dia_turno_curso_cursos_progr_ate_2,180.0,180.0,600.0,14400.0,False,False,alfabetica,,alfabetica,,./dados/2024_1/horarios_2024_1.xlsx,./dados/2024_1/salas_2024_1.csv,./dados/2024_1/salas_preferenciais_2024.1.xlsx,/Users/robertdrey/Documents/workspace/development/alocador_de_salas,resultados/experimentos/2024_1/novas_hibridas/dia_turno_depois_progr_2/melhor_solucao.sol,resultados/experimentos/2024_1/novas_hibridas/dia_turno_depois_progr_2/historico.csv,resultados/experimentos/2024_1/novas_hibridas/dia_turno_depois_progr_2/historico.json,dia_turno_curso -> curso -> par_cursos,progressiva,alfabetica,,alfabetica,,alfabetica,,180.0,1,180.0,600.0,1,0,TEMPO_TOTAL,2,,,,
1,1,2,dia_turno_curso,2_M_AGRO,82,17250,77740,OPTIMAL,186989.5,186986.5,True,186986.5,6.04,5.68,600.0,2,M,AGRO,alfabetica,,1,dia_turno_curso,1,True,TEMPO_TOTAL,iteracao,dia_turno_curso_cursos_progr_ate_2,180.0,180.0,600.0,14400.0,False,False,alfabetica,,alfabetica,,./dados/2024_1/horarios_2024_1.xlsx,./dados/2024_1/salas_2024_1.csv,./dados/2024_1/salas_preferenciais_2024.1.xlsx,/Users/robertdrey/Documents/workspace/development/alocador_de_salas,resultados/experimentos/2024_1/novas_hibridas/dia_turno_depois_progr_2/melhor_solucao.sol,resultados/experimentos/2024_1/novas_hibridas/dia_turno_depois_progr_2/historico.csv,resultados/experimentos/2024_1/novas_hibridas/dia_turno_depois_progr_2/historico.json,dia_turno_curso -> curso -> par_cursos,progressiva,alfabetica,,alfabetica,,alfabetica,,180.0,1,180.0,600.0,1,0,TEMPO_TOTAL,2,,,,
1,1,3,dia_turno_curso,2_M_EAS,73,16238,78752,OPTIMAL,186986.5,186981.5,True,186981.5,2.23,1.91,600.0,2,M,EAS,alfabetica,,1,dia_turno_curso,1,True,TEMPO_TOTAL,iteracao,dia_turno_curso_cursos_progr_ate_2,180.0,180.0,600.0,14400.0,False,False,alfabetica,,alfabetica,,./dados/2024_1/horarios_2024_1.xlsx,./dados/2024_1/salas_2024_1.csv,./dados/2024_1/salas_preferenciais_2024.1.xlsx,/Users/robertdrey/Documents/workspace/development/alocador_de_salas,resultados/experimentos/2024_1/novas_hibridas/dia_turno_depois_progr_2/melhor_solucao.sol,resultados/experimentos/2024_1/novas_hibridas/dia_turno_depois_progr_2/historico.csv,resultados/experimentos/2024_1/novas_hibridas/dia_turno_depois_progr_2/historico.json,dia_turno_curso -> curso -> par_cursos,progressiva,alfabetica,,alfabetica,,alfabetica,,180.0,1,180.0,600.0,1,0,TEMPO_TOTAL,2,,,,
1,1,4,dia_turno_curso,2_M_ENF,51,15548,79442,OPTIMAL,186981.5,186395.5,True,186395.5,10.29,9.96,600.0,2,M,ENF,alfabetica,,1,dia_turno_curso,1,True,TEMPO_TOTAL,iteracao,dia_turno_curso_cursos_progr_ate_2,180.0,180.0,600.0,14400.0,False,False,alfabetica,,alfabetica,,./dados/2024_1/horarios_2024_1.xlsx,./dados/2024_1/salas_2024_1.csv,./dados/2024_1/salas_preferenciais_2024.1.xlsx,/Users/robertdrey/Documents/workspace/development/alocador_de_salas,resultados/experimentos/2024_1/novas_hibridas/dia_turno_depois_progr_2/melhor_solucao.sol,resultados/experimentos/2024_1/novas_hibridas/dia_turno_depois_progr_2/historico.csv,resultados/experimentos/2024_1/novas_hibridas/dia_turno_depois_progr_2/historico.json,dia_turno_curso -> curso -> par_cursos,progressiva,alfabetica,,alfabetica,,alfabetica,,180.0,1,180.0,600.0,1,0,TEMPO_TOTAL,2,,,,
1,1,5,dia_turno_curso,2_M_MED,74,18078,76912,OPTIMAL,186395.5,186370.5,True,186370.5,3.12,2.8,600.0,2,M,MED,alfabetica,,1,dia_turno_curso,1,True,TEMPO_TOTAL,iteracao,dia_turno_curso_cursos_progr_ate_2,180.0,180.0,600.0,14400.0,False,False,alfabetica,,alfabetica,,./dados/2024_1/horarios_2024_1.xlsx,./dados/2024_1/salas_2024_1.csv,./dados/2024_1/salas_preferenciais_2024.1.xlsx,/Users/robertdrey/Documents/workspace/development/alocador_de_salas,resultados/experimentos/2024_1/novas_hibridas/dia_turno_depois_progr_2/melhor_solucao.sol,resultados/experimentos/2024_1/novas_hibridas/dia_turno_depois_progr_2/historico.csv,resultados/experimentos/2024_1/novas_hibridas/dia_turno_depois_progr_2/historico.json,dia_turno_curso -> curso -> par_cursos,progressiva,alfabetica,,alfabetica,,alfabetica,,180.0,1,180.0,600.0,1,0,TEMPO_TOTAL,2,,,,
1,1,6,dia_turno_curso,2_M_PED,88,21574,73416,OPTIMAL,186370.5,186325.5,True,186325.5,7.92,7.57,600.0,2,M,PED,alfabetica,,1,dia_turno_curso,1,True,TEMPO_TOTAL,iteracao,dia_turno_curso_cursos_progr_ate_2,180.0,180.0,600.0,14400.0,False,False,alfabetica,,alfabetica,,./dados/2024_1/horarios_2024_1.xlsx,./dados/2024_1/salas_2024_1.csv,./dados/2024_1/salas_preferenciais_2024.1.xlsx,/Users/robertdrey/Documents/workspace/development/alocador_de_salas,resultados/experimentos/2024_1/novas_hibridas/dia_turno_depois_progr_2/melhor_solucao.sol,resultados/experimentos/2024_1/novas_hibridas/dia_turno_depois_progr_2/historico.csv,resultados/experimentos/2024_1/novas_hibridas/dia_turno_depois_progr_2/historico.json,dia_turno_curso -> curso -> par_cursos,progressiva,alfabetica,,alfabetica,,alfabetica,,180.0,1,180.0,600.0,1,0,TEMPO_TOTAL,2,,,,
1,1,7,dia_turno_curso,2_T_AGRO,82,20194,74796,OPTIMAL,186325.5,186325.5,False,186325.5,7.88,7.53,600.0,2,T,AGRO,alfabetica,,1,dia_turno_curso,1,True,TEMPO_TOTAL,iteracao,dia_turno_curso_cursos_progr_ate_2,180.0,180.0,600.0,14400.0,False,False,alfabetica,,alfabetica,,./dados/2024_1/horarios_2024_1.xlsx,./dados/2024_1/salas_2024_1.csv,./dados/2024_1/salas_preferenciais_2024.1.xlsx,/Users/robertdrey/Documents/workspace/development/alocador_de_salas,resultados/experimentos/2024_1/novas_hibridas/dia_turno_depois_progr_2/melhor_solucao.sol,resultados/experimentos/2024_1/novas_hibridas/dia_turno_depois_progr_2/historico.csv,resultados/experimentos/2024_1/novas_hibridas/dia_turno_depois_progr_2/historico.json,dia_turno_curso -> curso -> par_cursos,progressiva,alfabetica,,alfabetica,,alfabetica,,180.0,1,180.0,600.0,1,0,TEMPO_TOTAL,2,,,,
1,1,8,dia_turno_curso,2_T_CC,70,20010,74980,OPTIMAL,186325.5,186325.5,False,186325.5,3.3,2.95,600.0,2,T,CC,alfabetica,,1,dia_turno_curso,1,True,TEMPO_TOTAL,iteracao,dia_turno_curso_cursos_progr_ate_2,180.0,180.0,600.0,14400.0,False,False,alfabetica,,alfabetica,,./dados/2024_1/horarios_2024_1.xlsx,./dados/2024_1/salas_2024_1.csv,./dados/2024_1/salas_preferenciais_2024.1.xlsx,/Users/robertdrey/Documents/workspace/development/alocador_de_salas,resultados/experimentos/2024_1/novas_hibridas/dia_turno_depois_progr_2/melhor_solucao.sol,resultados/experimentos/2024_1/novas_hibridas/dia_turno_depois_progr_2/historico.csv,resultados/experimentos/2024_1/novas_hibridas/dia_turno_depois_progr_2/historico.json,dia_turno_curso -> curso -> par_cursos,progressiva,alfabetica,,alfabetica,,alfabetica,,180.0,1,180.0,600.0,1,0,TEMPO_TOTAL,2,,,,
1,1,9,dia_turno_curso,2_T_CS,55,16284,78706,OPTIMAL,186325.5,186300.5,True,186300.5,1.42,1.11,600.0,2,T,CS,alfabetica,,1,dia_turno_curso,1,True,TEMPO_TOTAL,iteracao,dia_turno_curso_cursos_progr_ate_2,180.0,180.0,600.0,14400.0,False,False,alfabetica,,alfabetica,,./dados/2024_1/horarios_2024_1.xlsx,./dados/2024_1/salas_2024_1.csv,./dados/2024_1/salas_preferenciais_2024.1.xlsx,/Users/robertdrey/Documents/workspace/development/alocador_de_salas,resultados/experimentos/2024_1/novas_hibridas/dia_turno_depois_progr_2/melhor_solucao.sol,resultados/experimentos/2024_1/novas_hibridas/dia_turno_depois_progr_2/historico.csv,resultados/experimentos/2024_1/novas_hibridas/dia_turno_depois_progr_2/historico.json,dia_turno_curso -> curso -> par_cursos,progressiva,alfabetica,,alfabetica,,alfabetica,,180.0,1,180.0,600.0,1,0,TEMPO_TOTAL,2,,,,
1,1,10,dia_turno_curso,2_T_EAS,74,18538,76452,OPTIMAL,186300.5,186300.5,False,186300.5,2.31,2.0,600.0,2,T,EAS,alfabetica,,1,dia_turno_curso,1,True,TEMPO_TOTAL,iteracao,dia_turno_curso_cursos_progr_ate_2,180.0,180.0,600.0,14400.0,False,False,alfabetica,,alfabetica,,./dados/2024_1/horarios_2024_1.xlsx,./dados/2024_1/salas_2024_1.csv,./dados/2024_1/salas_preferenciais_2024.1.xlsx,/Users/robertdrey/Documents/workspace/development/alocador_de_salas,resultados/experimentos/2024_1/novas_hibridas/dia_turno_depois_progr_2/melhor_solucao.sol,resultados/experimentos/2024_1/novas_hibridas/dia_turno_depois_progr_2/historico.csv,resultados/experimentos/2024_1/novas_hibridas/dia_turno_depois_progr_2/historico.json,dia_turno_curso -> curso -> par_cursos,progressiva,alfabetica,,alfabetica,,alfabetica,,180.0,1,180.0,600.0,1,0,TEMPO_TOTAL,2,,,,
1,1,11,dia_turno_curso,2_T_ENF,47,16422,78568,OPTIMAL,186300.5,186300.5,False,186300.5,7.2,6.87,600.0,2,T,ENF,alfabetica,,1,dia_turno_curso,1,True,TEMPO_TOTAL,iteracao,dia_turno_curso_cursos_progr_ate_2,180.0,180.0,600.0,14400.0,False,False,alfabetica,,alfabetica,,./dados/2024_1/horarios_2024_1.xlsx,./dados/2024_1/salas_2024_1.csv,./dados/2024_1/salas_preferenciais_2024.1.xlsx,/Users/robertdrey/Documents/workspace/development/alocador_de_salas,resultados/experimentos/2024_1/novas_hibridas/dia_turno_depois_progr_2/melhor_solucao.sol,resultados/experimentos/2024_1/novas_hibridas/dia_turno_depois_progr_2/historico.csv,resultados/experimentos/2024_1/novas_hibridas/dia_turno_depois_progr_2/historico.json,dia_turno_curso -> curso -> par_cursos,progressiva,alfabetica,,alfabetica,,alfabetica,,180.0,1,180.0,600.0,1,0,TEMPO_TOTAL,2,,,,
1,1,12,dia_turno_curso,2_T_GEO,43,13846,81144,OPTIMAL,186300.5,186300.5,False,186300.5,1.32,1.0,600.0,2,T,GEO,alfabetica,,1,dia_turno_curso,1,True,TEMPO_TOTAL,iteracao,dia_turno_curso_cursos_progr_ate_2,180.0,180.0,600.0,14400.0,False,False,alfabetica,,alfabetica,,./dados/2024_1/horarios_2024_1.xlsx,./dados/2024_1/salas_2024_1.csv,./dados/2024_1/salas_preferenciais_2024.1.xlsx,/Users/robertdrey/Documents/workspace/development/alocador_de_salas,resultados/experimentos/2024_1/novas_hibridas/dia_turno_depois_progr_2/melhor_solucao.sol,resultados/experimentos/2024_1/novas_hibridas/dia_turno_depois_progr_2/historico.csv,resultados/experimentos/2024_1/novas_hibridas/dia_turno_depois_progr_2/historico.json,dia_turno_curso -> curso -> par_cursos,progressiva,alfabetica,,alfabetica,,alfabetica,,180.0,1,180.0,600.0,1,0,TEMPO_TOTAL,2,,,,
1,1,13,dia_turno_curso,2_T_LET,67,19228,75762,OPTIMAL,186300.5,186296.5,True,186296.5,7.43,7.1,600.0,2,T,LET,alfabetica,,1,dia_turno_curso,1,True,TEMPO_TOTAL,iteracao,dia_turno_curso_cursos_progr_ate_2,180.0,180.0,600.0,14400.0,False,False,alfabetica,,alfabetica,,./dados/2024_1/horarios_2024_1.xlsx,./dados/2024_1/salas_2024_1.csv,./dados/2024_1/salas_preferenciais_2024.1.xlsx,/Users/robertdrey/Documents/workspace/development/alocador_de_salas,resultados/experimentos/2024_1/novas_hibridas/dia_turno_depois_progr_2/melhor_solucao.sol,resultados/experimentos/2024_1/novas_hibridas/dia_turno_depois_progr_2/historico.csv,resultados/experimentos/2024_1/novas_hibridas/dia_turno_depois_progr_2/historico.json,dia_turno_curso -> curso -> par_cursos,progressiva,alfabetica,,alfabetica,,alfabetica,,180.0,1,180.0,600.0,1,0,TEMPO_TOTAL,2,,,,
1,1,14,dia_turno_curso,2_T_MAT,56,16606,78384,OPTIMAL,186296.5,186266.5,True,186266.5,1.82,1.47,600.0,2,T,MAT,alfabetica,,1,dia_turno_curso,1,True,TEMPO_TOTAL,iteracao,dia_turno_curso_cursos_progr_ate_2,180.0,180.0,600.0,14400.0,False,False,alfabetica,,alfabetica,,./dados/2024_1/horarios_2024_1.xlsx,./dados/2024_1/salas_2024_1.csv,./dados/2024_1/salas_preferenciais_2024.1.xlsx,/Users/robertdrey/Documents/workspace/development/alocador_de_salas,resultados/experimentos/2024_1/novas_hibridas/dia_turno_depois_progr_2/melhor_solucao.sol,resultados/experimentos/2024_1/novas_hibridas/dia_turno_depois_progr_2/historico.csv,resultados/experimentos/2024_1/novas_hibridas/dia_turno_depois_progr_2/historico.json,dia_turno_curso -> curso -> par_cursos,progressiva,alfabetica,,alfabetica,,alfabetica,,180.0,1,180.0,600.0,1,0,TEMPO_TOTAL,2,,,,
1,1,15,dia_turno_curso,2_T_MED,71,20286,74704,OPTIMAL,186266.5,186266.5,False,186266.5,2.69,2.38,600.0,2,T,MED,alfabetica,,1,dia_turno_curso,1,True,TEMPO_TOTAL,iteracao,dia_turno_curso_cursos_progr_ate_2,180.0,180.0,600.0,14400.0,False,False,alfabetica,,alfabetica,,./dados/2024_1/horarios_2024_1.xlsx,./dados/2024_1/salas_2024_1.csv,./dados/2024_1/salas_preferenciais_2024.1.xlsx,/Users/robertdrey/Documents/workspace/development/alocador_de_salas,resultados/experimentos/2024_1/novas_hibridas/dia_turno_depois_progr_2/melhor_solucao.sol,resultados/experimentos/2024_1/novas_hibridas/dia_turno_depois_progr_2/historico.csv,resultados/experimentos/2024_1/novas_hibridas/dia_turno_depois_progr_2/historico.json,dia_turno_curso -> curso -> par_cursos,progressiva,alfabetica,,alfabetica,,alfabetica,,180.0,1,180.0,600.0,1,0,TEMPO_TOTAL,2,,,,
1,1,16,dia_turno_curso,2_N_ADM,85,18078,76912,OPTIMAL,186266.5,186266.5,False,186266.5,2.25,1.94,600.0,2,N,ADM,alfabetica,,1,dia_turno_curso,1,True,TEMPO_TOTAL,iteracao,dia_turno_curso_cursos_progr_ate_2,180.0,180.0,600.0,14400.0,False,False,alfabetica,,alfabetica,,./dados/2024_1/horarios_2024_1.xlsx,./dados/2024_1/salas_2024_1.csv,./dados/2024_1/salas_preferenciais_2024.1.xlsx,/Users/robertdrey/Documents/workspace/development/alocador_de_salas,resultados/experimentos/2024_1/novas_hibridas/dia_turno_depois_progr_2/melhor_solucao.sol,resultados/experimentos/2024_1/novas_hibridas/dia_turno_depois_progr_2/historico.csv,resultados/experimentos/2024_1/novas_hibridas/dia_turno_depois_progr_2/historico.json,dia_turno_curso -> curso -> par_cursos,progressiva,alfabetica,,alfabetica,,alfabetica,,180.0,1,180.0,600.0,1,0,TEMPO_TOTAL,2,,,,
1,1,17,dia_turno_curso,2_N_CC,83,19136,75854,OPTIMAL,186266.5,186266.5,False,186266.5,2.89,2.59,600.0,2,N,CC,alfabetica,,1,dia_turno_curso,1,True,TEMPO_TOTAL,iteracao,dia_turno_curso_cursos_progr_ate_2,180.0,180.0,600.0,14400.0,False,False,alfabetica,,alfabetica,,./dados/2024_1/horarios_2024_1.xlsx,./dados/2024_1/salas_2024_1.csv,./dados/2024_1/salas_preferenciais_2024.1.xlsx,/Users/robertdrey/Documents/workspace/development/alocador_de_salas,resultados/experimentos/2024_1/novas_hibridas/dia_turno_depois_progr_2/melhor_solucao.sol,resultados/experimentos/2024_1/novas_hibridas/dia_turno_depois_progr_2/historico.csv,resultados/experimentos/2024_1/novas_hibridas/dia_turno_depois_progr_2/historico.json,dia_turno_curso -> curso -> par_cursos,progressiva,alfabetica,,alfabetica,,alfabetica,,180.0,1,180.0,600.0,1,0,TEMPO_TOTAL,2,,,,
1,1,18,dia_turno_curso,2_N_CS,59,13248,81742,OPTIMAL,186266.5,186266.5,False,186266.5,1.54,1.24,600.0,2,N,CS,alfabetica,,1,dia_turno_curso,1,True,TEMPO_TOTAL,iteracao,dia_turno_curso_cursos_progr_ate_2,180.0,180.0,600.0,14400.0,False,False,alfabetica,,alfabetica,,./dados/2024_1/horarios_2024_1.xlsx,./dados/2024_1/salas_2024_1.csv,./dados/2024_1/salas_preferenciais_2024.1.xlsx,/Users/robertdrey/Documents/workspace/development/alocador_de_salas,resultados/experimentos/2024_1/novas_hibridas/dia_turno_depois_progr_2/melhor_solucao.sol,resultados/experimentos/2024_1/novas_hibridas/dia_turno_depois_progr_2/historico.csv,resultados/experimentos/2024_1/novas_hibridas/dia_turno_depois_progr_2/historico.json,dia_turno_curso -> curso -> par_cursos,progressiva,alfabetica,,alfabetica,,alfabetica,,180.0,1,180.0,600.0,1,0,TEMPO_TOTAL,2,,,,
1,1,19,dia_turno_curso,2_N_EAS,85,16376,78614,OPTIMAL,186266.5,186266.5,False,186266.5,2.22,1.9,600.0,2,N,EAS,alfabetica,,1,dia_turno_curso,1,True,TEMPO_TOTAL,iteracao,dia_turno_curso_cursos_progr_ate_2,180.0,180.0,600.0,14400.0,False,False,alfabetica,,alfabetica,,./dados/2024_1/horarios_2024_1.xlsx,./dados/2024_1/salas_2024_1.csv,./dados/2024_1/salas_preferenciais_2024.1.xlsx,/Users/robertdrey/Documents/workspace/development/alocador_de_salas,resultados/experimentos/2024_1/novas_hibridas/dia_turno_depois_progr_2/melhor_solucao.sol,resultados/experimentos/2024_1/novas_hibridas/dia_turno_depois_progr_2/historico.csv,resultados/experimentos/2024_1/novas_hibridas/dia_turno_depois_progr_2/historico.json,dia_turno_curso -> curso -> par_cursos,progressiva,alfabetica,,alfabetica,,alfabetica,,180.0,1,180.0,600.0,1,0,TEMPO_TOTAL,2,,,,
1,1,20,dia_turno_curso,2_N_FIL,53,11730,83260,OPTIMAL,186266.5,186266.5,False,186266.5,1.56,1.25,600.0,2,N,FIL,alfabetica,,1,dia_turno_curso,1,True,TEMPO_TOTAL,iteracao,dia_turno_curso_cursos_progr_ate_2,180.0,180.0,600.0,14400.0,False,False,alfabetica,,alfabetica,,./dados/2024_1/horarios_2024_1.xlsx,./dados/2024_1/salas_2024_1.csv,./dados/2024_1/salas_preferenciais_2024.1.xlsx,/Users/robertdrey/Documents/workspace/development/alocador_de_salas,resultados/experimentos/2024_1/novas_hibridas/dia_turno_depois_progr_2/melhor_solucao.sol,resultados/experimentos/2024_1/novas_hibridas/dia_turno_depois_progr_2/historico.csv,resultados/experimentos/2024_1/novas_hibridas/dia_turno_depois_progr_2/historico.json,dia_turno_curso -> curso -> par_cursos,progressiva,alfabetica,,alfabetica,,alfabetica,,180.0,1,180.0,600.0,1,0,TEMPO_TOTAL,2,,,,
1,1,21,dia_turno_curso,2_N_GEO,48,10994,83996,OPTIMAL,186266.5,186266.5,False,186266.5,1.41,1.09,600.0,2,N,GEO,alfabetica,,1,dia_turno_curso,1,True,TEMPO_TOTAL,iteracao,dia_turno_curso_cursos_progr_ate_2,180.0,180.0,600.0,14400.0,False,False,alfabetica,,alfabetica,,./dados/2024_1/horarios_2024_1.xlsx,./dados/2024_1/salas_2024_1.csv,./dados/2024_1/salas_preferenciais_2024.1.xlsx,/Users/robertdrey/Documents/workspace/development/alocador_de_salas,resultados/experimentos/2024_1/novas_hibridas/dia_turno_depois_progr_2/melhor_solucao.sol,resultados/experimentos/2024_1/novas_hibridas/dia_turno_depois_progr_2/historico.csv,resultados/experimentos/2024_1/novas_hibridas/dia_turno_depois_progr_2/historico.json,dia_turno_curso -> curso -> par_cursos,progressiva,alfabetica,,alfabetica,,alfabetica,,180.0,1,180.0,600.0,1,0,TEMPO_TOTAL,2,,,,
1,1,22,dia_turno_curso,2_N_HIS,61,13570,81420,OPTIMAL,186266.5,186266.5,False,186266.5,1.55,1.24,600.0,2,N,HIS,alfabetica,,1,dia_turno_curso,1,True,TEMPO_TOTAL,iteracao,dia_turno_curso_cursos_progr_ate_2,180.0,180.0,600.0,14400.0,False,False,alfabetica,,alfabetica,,./dados/2024_1/horarios_2024_1.xlsx,./dados/2024_1/salas_2024_1.csv,./dados/2024_1/salas_preferenciais_2024.1.xlsx,/Users/robertdrey/Documents/workspace/development/alocador_de_salas,resultados/experimentos/2024_1/novas_hibridas/dia_turno_depois_progr_2/melhor_solucao.sol,resultados/experimentos/2024_1/novas_hibridas/dia_turno_depois_progr_2/historico.csv,resultados/experimentos/2024_1/novas_hibridas/dia_turno_depois_progr_2/historico.json,dia_turno_curso -> curso -> par_cursos,progressiva,alfabetica,,alfabetica,,alfabetica,,180.0,1,180.0,600.0,1,0,TEMPO_TOTAL,2,,,,
1,1,23,dia_turno_curso,2_N_LET,71,16790,78200,OPTIMAL,186266.5,186261.0,True,186261.0,5.34,5.0,600.0,2,N,LET,alfabetica,,1,dia_turno_curso,1,True,TEMPO_TOTAL,iteracao,dia_turno_curso_cursos_progr_ate_2,180.0,180.0,600.0,14400.0,False,False,alfabetica,,alfabetica,,./dados/2024_1/horarios_2024_1.xlsx,./dados/2024_1/salas_2024_1.csv,./dados/2024_1/salas_preferenciais_2024.1.xlsx,/Users/robertdrey/Documents/workspace/development/alocador_de_salas,resultados/experimentos/2024_1/novas_hibridas/dia_turno_depois_progr_2/melhor_solucao.sol,resultados/experimentos/2024_1/novas_hibridas/dia_turno_depois_progr_2/historico.csv,resultados/experimentos/2024_1/novas_hibridas/dia_turno_depois_progr_2/historico.json,dia_turno_curso -> curso -> par_cursos,progressiva,alfabetica,,alfabetica,,alfabetica,,180.0,1,180.0,600.0,1,0,TEMPO_TOTAL,2,,,,
1,1,24,dia_turno_curso,2_N_MAT,60,13386,81604,OPTIMAL,186261.0,186261.0,False,186261.0,2.06,1.71,600.0,2,N,MAT,alfabetica,,1,dia_turno_curso,1,True,TEMPO_TOTAL,iteracao,dia_turno_curso_cursos_progr_ate_2,180.0,180.0,600.0,14400.0,False,False,alfabetica,,alfabetica,,./dados/2024_1/horarios_2024_1.xlsx,./dados/2024_1/salas_2024_1.csv,./dados/2024_1/salas_preferenciais_2024.1.xlsx,/Users/robertdrey/Documents/workspace/development/alocador_de_salas,resultados/experimentos/2024_1/novas_hibridas/dia_turno_depois_progr_2/melhor_solucao.sol,resultados/experimentos/2024_1/novas_hibridas/dia_turno_depois_progr_2/historico.csv,resultados/experimentos/2024_1/novas_hibridas/dia_turno_depois_progr_2/historico.json,dia_turno_curso -> curso -> par_cursos,progressiva,alfabetica,,alfabetica,,alfabetica,,180.0,1,180.0,600.0,1,0,TEMPO_TOTAL,2,,,,
1,1,25,dia_turno_curso,2_N_MED,81,18630,76360,OPTIMAL,186261.0,186261.0,False,186261.0,2.36,2.04,600.0,2,N,MED,alfabetica,,1,dia_turno_curso,1,True,TEMPO_TOTAL,iteracao,dia_turno_curso_cursos_progr_ate_2,180.0,180.0,600.0,14400.0,False,False,alfabetica,,alfabetica,,./dados/2024_1/horarios_2024_1.xlsx,./dados/2024_1/salas_2024_1.csv,./dados/2024_1/salas_preferenciais_2024.1.xlsx,/Users/robertdrey/Documents/workspace/development/alocador_de_salas,resultados/experimentos/2024_1/novas_hibridas/dia_turno_depois_progr_2/melhor_solucao.sol,resultados/experimentos/2024_1/novas_hibridas/dia_turno_depois_progr_2/historico.csv,resultados/experimentos/2024_1/novas_hibridas/dia_turno_depois_progr_2/historico.json,dia_turno_curso -> curso -> par_cursos,progressiva,alfabetica,,alfabetica,,alfabetica,,180.0,1,180.0,600.0,1,0,TEMPO_TOTAL,2,,,,
1,1,26,dia_turno_curso,2_N_PED,91,21022,73968,OPTIMAL,186261.0,186261.0,False,186261.0,5.33,5.01,600.0,2,N,PED,alfabetica,,1,dia_turno_curso,1,True,TEMPO_TOTAL,iteracao,dia_turno_curso_cursos_progr_ate_2,180.0,180.0,600.0,14400.0,False,False,alfabetica,,alfabetica,,./dados/2024_1/horarios_2024_1.xlsx,./dados/2024_1/salas_2024_1.csv,./dados/2024_1/salas_preferenciais_2024.1.xlsx,/Users/robertdrey/Documents/workspace/development/alocador_de_salas,resultados/experimentos/2024_1/novas_hibridas/dia_turno_depois_progr_2/melhor_solucao.sol,resultados/experimentos/2024_1/novas_hibridas/dia_turno_depois_progr_2/historico.csv,resultados/experimentos/2024_1/novas_hibridas/dia_turno_depois_progr_2/historico.json,dia_turno_curso -> curso -> par_cursos,progressiva,alfabetica,,alfabetica,,alfabetica,,180.0,1,180.0,600.0,1,0,TEMPO_TOTAL,2,,,,
1,1,27,dia_turno_curso,3_M_ADM,79,18676,76314,OPTIMAL,186261.0,186261.0,False,186261.0,3.06,2.71,600.0,3,M,ADM,alfabetica,,1,dia_turno_curso,1,True,TEMPO_TOTAL,iteracao,dia_turno_curso_cursos_progr_ate_2,180.0,180.0,600.0,14400.0,False,False,alfabetica,,alfabetica,,./dados/2024_1/horarios_2024_1.xlsx,./dados/2024_1/salas_2024_1.csv,./dados/2024_1/salas_preferenciais_2024.1.xlsx,/Users/robertdrey/Documents/workspace/development/alocador_de_salas,resultados/experimentos/2024_1/novas_hibridas/dia_turno_depois_progr_2/melhor_solucao.sol,resultados/experimentos/2024_1/novas_hibridas/dia_turno_depois_progr_2/historico.csv,resultados/experimentos/2024_1/novas_hibridas/dia_turno_depois_progr_2/historico.json,dia_turno_curso -> curso -> par_cursos,progressiva,alfabetica,,alfabetica,,alfabetica,,180.0,1,180.0,600.0,1,0,TEMPO_TOTAL,2,,,,
1,1,28,dia_turno_curso,3_M_AGRO,77,16514,78476,OPTIMAL,186261.0,186261.0,False,186261.0,14.86,14.53,600.0,3,M,AGRO,alfabetica,,1,dia_turno_curso,1,True,TEMPO_TOTAL,iteracao,dia_turno_curso_cursos_progr_ate_2,180.0,180.0,600.0,14400.0,False,False,alfabetica,,alfabetica,,./dados/2024_1/horarios_2024_1.xlsx,./dados/2024_1/salas_2024_1.csv,./dados/2024_1/salas_preferenciais_2024.1.xlsx,/Users/robertdrey/Documents/workspace/development/alocador_de_salas,resultados/experimentos/2024_1/novas_hibridas/dia_turno_depois_progr_2/melhor_solucao.sol,resultados/experimentos/2024_1/novas_hibridas/dia_turno_depois_progr_2/historico.csv,resultados/experimentos/2024_1/novas_hibridas/dia_turno_depois_progr_2/historico.json,dia_turno_curso -> curso -> par_cursos,progressiva,alfabetica,,alfabetica,,alfabetica,,180.0,1,180.0,600.0,1,0,TEMPO_TOTAL,2,,,,
1,1,29,dia_turno_curso,3_M_EAS,75,16928,78062,OPTIMAL,186261.0,186261.0,False,186261.0,3.87,3.56,600.0,3,M,EAS,alfabetica,,1,dia_turno_curso,1,True,TEMPO_TOTAL,iteracao,dia_turno_curso_cursos_progr_ate_2,180.0,180.0,600.0,14400.0,False,False,alfabetica,,alfabetica,,./dados/2024_1/horarios_2024_1.xlsx,./dados/2024_1/salas_2024_1.csv,./dados/2024_1/salas_preferenciais_2024.1.xlsx,/Users/robertdrey/Documents/workspace/development/alocador_de_salas,resultados/experimentos/2024_1/novas_hibridas/dia_turno_depois_progr_2/melhor_solucao.sol,resultados/experimentos/2024_1/novas_hibridas/dia_turno_depois_progr_2/historico.csv,resultados/experimentos/2024_1/novas_hibridas/dia_turno_depois_progr_2/historico.json,dia_turno_curso -> curso -> par_cursos,progressiva,alfabetica,,alfabetica,,alfabetica,,180.0,1,180.0,600.0,1,0,TEMPO_TOTAL,2,,,,
1,1,30,dia_turno_curso,3_M_ENF,49,15640,79350,OPTIMAL,186261.0,186261.0,False,186261.0,7.58,7.25,600.0,3,M,ENF,alfabetica,,1,dia_turno_curso,1,True,TEMPO_TOTAL,iteracao,dia_turno_curso_cursos_progr_ate_2,180.0,180.0,600.0,14400.0,False,False,alfabetica,,alfabetica,,./dados/2024_1/horarios_2024_1.xlsx,./dados/2024_1/salas_2024_1.csv,./dados/2024_1/salas_preferenciais_2024.1.xlsx,/Users/robertdrey/Documents/workspace/development/alocador_de_salas,resultados/experimentos/2024_1/novas_hibridas/dia_turno_depois_progr_2/melhor_solucao.sol,resultados/experimentos/2024_1/novas_hibridas/dia_turno_depois_progr_2/historico.csv,resultados/experimentos/2024_1/novas_hibridas/dia_turno_depois_progr_2/historico.json,dia_turno_curso -> curso -> par_cursos,progressiva,alfabetica,,alfabetica,,alfabetica,,180.0,1,180.0,600.0,1,0,TEMPO_TOTAL,2,,,,
1,1,31,dia_turno_curso,3_M_MED,73,18492,76498,OPTIMAL,186261.0,186252.5,True,186252.5,5.57,5.24,600.0,3,M,MED,alfabetica,,1,dia_turno_curso,1,True,TEMPO_TOTAL,iteracao,dia_turno_curso_cursos_progr_ate_2,180.0,180.0,600.0,14400.0,False,False,alfabetica,,alfabetica,,./dados/2024_1/horarios_2024_1.xlsx,./dados/2024_1/salas_2024_1.csv,./dados/2024_1/salas_preferenciais_2024.1.xlsx,/Users/robertdrey/Documents/workspace/development/alocador_de_salas,resultados/experimentos/2024_1/novas_hibridas/dia_turno_depois_progr_2/melhor_solucao.sol,resultados/experimentos/2024_1/novas_hibridas/dia_turno_depois_progr_2/historico.csv,resultados/experimentos/2024_1/novas_hibridas/dia_turno_depois_progr_2/historico.json,dia_turno_curso -> curso -> par_cursos,progressiva,alfabetica,,alfabetica,,alfabetica,,180.0,1,180.0,600.0,1,0,TEMPO_TOTAL,2,,,,
1,1,32,dia_turno_curso,3_M_PED,86,22126,72864,OPTIMAL,186252.5,186252.5,False,186252.5,15.94,15.57,600.0,3,M,PED,alfabetica,,1,dia_turno_curso,1,True,TEMPO_TOTAL,iteracao,dia_turno_curso_cursos_progr_ate_2,180.0,180.0,600.0,14400.0,False,False,alfabetica,,alfabetica,,./dados/2024_1/horarios_2024_1.xlsx,./dados/2024_1/salas_2024_1.csv,./dados/2024_1/salas_preferenciais_2024.1.xlsx,/Users/robertdrey/Documents/workspace/development/alocador_de_salas,resultados/experimentos/2024_1/novas_hibridas/dia_turno_depois_progr_2/melhor_solucao.sol,resultados/experimentos/2024_1/novas_hibridas/dia_turno_depois_progr_2/historico.csv,resultados/experimentos/2024_1/novas_hibridas/dia_turno_depois_progr_2/historico.json,dia_turno_curso -> curso -> par_cursos,progressiva,alfabetica,,alfabetica,,alfabetica,,180.0,1,180.0,600.0,1,0,TEMPO_TOTAL,2,,,,
1,1,33,dia_turno_curso,3_T_AGRO,82,19872,75118,OPTIMAL,186252.5,186252.5,False,186252.5,8.75,8.42,600.0,3,T,AGRO,alfabetica,,1,dia_turno_curso,1,True,TEMPO_TOTAL,iteracao,dia_turno_curso_cursos_progr_ate_2,180.0,180.0,600.0,14400.0,False,False,alfabetica,,alfabetica,,./dados/2024_1/horarios_2024_1.xlsx,./dados/2024_1/salas_2024_1.csv,./dados/2024_1/salas_preferenciais_2024.1.xlsx,/Users/robertdrey/Documents/workspace/development/alocador_de_salas,resultados/experimentos/2024_1/novas_hibridas/dia_turno_depois_progr_2/melhor_solucao.sol,resultados/experimentos/2024_1/novas_hibridas/dia_turno_depois_progr_2/historico.csv,resultados/experimentos/2024_1/novas_hibridas/dia_turno_depois_progr_2/historico.json,dia_turno_curso -> curso -> par_cursos,progressiva,alfabetica,,alfabetica,,alfabetica,,180.0,1,180.0,600.0,1,0,TEMPO_TOTAL,2,,,,
1,1,34,dia_turno_curso,3_T_CC,71,19964,75026,OPTIMAL,186252.5,186252.5,False,186252.5,5.23,4.92,600.0,3,T,CC,alfabetica,,1,dia_turno_curso,1,True,TEMPO_TOTAL,iteracao,dia_turno_curso_cursos_progr_ate_2,180.0,180.0,600.0,14400.0,False,False,alfabetica,,alfabetica,,./dados/2024_1/horarios_2024_1.xlsx,./dados/2024_1/salas_2024_1.csv,./dados/2024_1/salas_preferenciais_2024.1.xlsx,/Users/robertdrey/Documents/workspace/development/alocador_de_salas,resultados/experimentos/2024_1/novas_hibridas/dia_turno_depois_progr_2/melhor_solucao.sol,resultados/experimentos/2024_1/novas_hibridas/dia_turno_depois_progr_2/historico.csv,resultados/experimentos/2024_1/novas_hibridas/dia_turno_depois_progr_2/historico.json,dia_turno_curso -> curso -> par_cursos,progressiva,alfabetica,,alfabetica,,alfabetica,,180.0,1,180.0,600.0,1,0,TEMPO_TOTAL,2,,,,
1,1,35,dia_turno_curso,3_T_EAS,74,17848,77142,OPTIMAL,186252.5,186252.5,False,186252.5,1.63,1.32,600.0,3,T,EAS,alfabetica,,1,dia_turno_curso,1,True,TEMPO_TOTAL,iteracao,dia_turno_curso_cursos_progr_ate_2,180.0,180.0,600.0,14400.0,False,False,alfabetica,,alfabetica,,./dados/2024_1/horarios_2024_1.xlsx,./dados/2024_1/salas_2024_1.csv,./dados/2024_1/salas_preferenciais_2024.1.xlsx,/Users/robertdrey/Documents/workspace/development/alocador_de_salas,resultados/experimentos/2024_1/novas_hibridas/dia_turno_depois_progr_2/melhor_solucao.sol,resultados/experimentos/2024_1/novas_hibridas/dia_turno_depois_progr_2/historico.csv,resultados/experimentos/2024_1/novas_hibridas/dia_turno_depois_progr_2/historico.json,dia_turno_curso -> curso -> par_cursos,progressiva,alfabetica,,alfabetica,,alfabetica,,180.0,1,180.0,600.0,1,0,TEMPO_TOTAL,2,,,,
1,1,36,dia_turno_curso,3_T_ENF,47,16146,78844,OPTIMAL,186252.5,186237.5,True,186237.5,6.3,5.98,600.0,3,T,ENF,alfabetica,,1,dia_turno_curso,1,True,TEMPO_TOTAL,iteracao,dia_turno_curso_cursos_progr_ate_2,180.0,180.0,600.0,14400.0,False,False,alfabetica,,alfabetica,,./dados/2024_1/horarios_2024_1.xlsx,./dados/2024_1/salas_2024_1.csv,./dados/2024_1/salas_preferenciais_2024.1.xlsx,/Users/robertdrey/Documents/workspace/development/alocador_de_salas,resultados/experimentos/2024_1/novas_hibridas/dia_turno_depois_progr_2/melhor_solucao.sol,resultados/experimentos/2024_1/novas_hibridas/dia_turno_depois_progr_2/historico.csv,resultados/experimentos/2024_1/novas_hibridas/dia_turno_depois_progr_2/historico.json,dia_turno_curso -> curso -> par_cursos,progressiva,alfabetica,,alfabetica,,alfabetica,,180.0,1,180.0,600.0,1,0,TEMPO_TOTAL,2,,,,
1,1,37,dia_turno_curso,3_T_GEO,43,13524,81466,OPTIMAL,186237.5,186237.5,False,186237.5,1.24,0.92,600.0,3,T,GEO,alfabetica,,1,dia_turno_curso,1,True,TEMPO_TOTAL,iteracao,dia_turno_curso_cursos_progr_ate_2,180.0,180.0,600.0,14400.0,False,False,alfabetica,,alfabetica,,./dados/2024_1/horarios_2024_1.xlsx,./dados/2024_1/salas_2024_1.csv,./dados/2024_1/salas_preferenciais_2024.1.xlsx,/Users/robertdrey/Documents/workspace/development/alocador_de_salas,resultados/experimentos/2024_1/novas_hibridas/dia_turno_depois_progr_2/melhor_solucao.sol,resultados/experimentos/2024_1/novas_hibridas/dia_turno_depois_progr_2/historico.csv,resultados/experimentos/2024_1/novas_hibridas/dia_turno_depois_progr_2/historico.json,dia_turno_curso -> curso -> par_cursos,progressiva,alfabetica,,alfabetica,,alfabetica,,180.0,1,180.0,600.0,1,0,TEMPO_TOTAL,2,,,,
1,1,38,dia_turno_curso,3_T_LET,67,19090,75900,OPTIMAL,186237.5,186237.5,False,186237.5,4.81,4.49,600.0,3,T,LET,alfabetica,,1,dia_turno_curso,1,True,TEMPO_TOTAL,iteracao,dia_turno_curso_cursos_progr_ate_2,180.0,180.0,600.0,14400.0,False,False,alfabetica,,alfabetica,,./dados/2024_1/horarios_2024_1.xlsx,./dados/2024_1/salas_2024_1.csv,./dados/2024_1/salas_preferenciais_2024.1.xlsx,/Users/robertdrey/Documents/workspace/development/alocador_de_salas,resultados/experimentos/2024_1/novas_hibridas/dia_turno_depois_progr_2/melhor_solucao.sol,resultados/experimentos/2024_1/novas_hibridas/dia_turno_depois_progr_2/historico.csv,resultados/experimentos/2024_1/novas_hibridas/dia_turno_depois_progr_2/historico.json,dia_turno_curso -> curso -> par_cursos,progressiva,alfabetica,,alfabetica,,alfabetica,,180.0,1,180.0,600.0,1,0,TEMPO_TOTAL,2,,,,
1,1,39,dia_turno_curso,3_T_MED,68,19504,75486,OPTIMAL,186237.5,186237.5,False,186237.5,3.17,2.85,600.0,3,T,MED,alfabetica,,1,dia_turno_curso,1,True,TEMPO_TOTAL,iteracao,dia_turno_curso_cursos_progr_ate_2,180.0,180.0,600.0,14400.0,False,False,alfabetica,,alfabetica,,./dados/2024_1/horarios_2024_1.xlsx,./dados/2024_1/salas_2024_1.csv,./dados/2024_1/salas_preferenciais_2024.1.xlsx,/Users/robertdrey/Documents/workspace/development/alocador_de_salas,resultados/experimentos/2024_1/novas_hibridas/dia_turno_depois_progr_2/melhor_solucao.sol,resultados/experimentos/2024_1/novas_hibridas/dia_turno_depois_progr_2/historico.csv,resultados/experimentos/2024_1/novas_hibridas/dia_turno_depois_progr_2/historico.json,dia_turno_curso -> curso -> par_cursos,progressiva,alfabetica,,alfabetica,,alfabetica,,180.0,1,180.0,600.0,1,0,TEMPO_TOTAL,2,,,,
1,1,40,dia_turno_curso,3_N_ADM,84,16468,78522,OPTIMAL,186237.5,186237.5,False,186237.5,2.94,2.61,600.0,3,N,ADM,alfabetica,,1,dia_turno_curso,1,True,TEMPO_TOTAL,iteracao,dia_turno_curso_cursos_progr_ate_2,180.0,180.0,600.0,14400.0,False,False,alfabetica,,alfabetica,,./dados/2024_1/horarios_2024_1.xlsx,./dados/2024_1/salas_2024_1.csv,./dados/2024_1/salas_preferenciais_2024.1.xlsx,/Users/robertdrey/Documents/workspace/development/alocador_de_salas,resultados/experimentos/2024_1/novas_hibridas/dia_turno_depois_progr_2/melhor_solucao.sol,resultados/experimentos/2024_1/novas_hibridas/dia_turno_depois_progr_2/historico.csv,resultados/experimentos/2024_1/novas_hibridas/dia_turno_depois_progr_2/historico.json,dia_turno_curso -> curso -> par_cursos,progressiva,alfabetica,,alfabetica,,alfabetica,,180.0,1,180.0,600.0,1,0,TEMPO_TOTAL,2,,,,
1,1,41,dia_turno_curso,3_N_CC,81,17342,77648,OPTIMAL,186237.5,186237.5,False,186237.5,5.58,5.22,600.0,3,N,CC,alfabetica,,1,dia_turno_curso,1,True,TEMPO_TOTAL,iteracao,dia_turno_curso_cursos_progr_ate_2,180.0,180.0,600.0,14400.0,False,False,alfabetica,,alfabetica,,./dados/2024_1/horarios_2024_1.xlsx,./dados/2024_1/salas_2024_1.csv,./dados/2024_1/salas_preferenciais_2024.1.xlsx,/Users/robertdrey/Documents/workspace/development/alocador_de_salas,resultados/experimentos/2024_1/novas_hibridas/dia_turno_depois_progr_2/melhor_solucao.sol,resultados/experimentos/2024_1/novas_hibridas/dia_turno_depois_progr_2/historico.csv,resultados/experimentos/2024_1/novas_hibridas/dia_turno_depois_progr_2/historico.json,dia_turno_curso -> curso -> par_cursos,progressiva,alfabetica,,alfabetica,,alfabetica,,180.0,1,180.0,600.0,1,0,TEMPO_TOTAL,2,,,,
1,1,42,dia_turno_curso,3_N_CS,57,11546,83444,OPTIMAL,186237.5,186237.5,False,186237.5,1.58,1.26,600.0,3,N,CS,alfabetica,,1,dia_turno_curso,1,True,TEMPO_TOTAL,iteracao,dia_turno_curso_cursos_progr_ate_2,180.0,180.0,600.0,14400.0,False,False,alfabetica,,alfabetica,,./dados/2024_1/horarios_2024_1.xlsx,./dados/2024_1/salas_2024_1.csv,./dados/2024_1/salas_preferenciais_2024.1.xlsx,/Users/robertdrey/Documents/workspace/development/alocador_de_salas,resultados/experimentos/2024_1/novas_hibridas/dia_turno_depois_progr_2/melhor_solucao.sol,resultados/experimentos/2024_1/novas_hibridas/dia_turno_depois_progr_2/historico.csv,resultados/experimentos/2024_1/novas_hibridas/dia_turno_depois_progr_2/historico.json,dia_turno_curso -> curso -> par_cursos,progressiva,alfabetica,,alfabetica,,alfabetica,,180.0,1,180.0,600.0,1,0,TEMPO_TOTAL,2,,,,
1,1,43,dia_turno_curso,3_N_EAS,84,15180,79810,OPTIMAL,186237.5,186237.5,False,186237.5,2.4,2.09,600.0,3,N,EAS,alfabetica,,1,dia_turno_curso,1,True,TEMPO_TOTAL,iteracao,dia_turno_curso_cursos_progr_ate_2,180.0,180.0,600.0,14400.0,False,False,alfabetica,,alfabetica,,./dados/2024_1/horarios_2024_1.xlsx,./dados/2024_1/salas_2024_1.csv,./dados/2024_1/salas_preferenciais_2024.1.xlsx,/Users/robertdrey/Documents/workspace/development/alocador_de_salas,resultados/experimentos/2024_1/novas_hibridas/dia_turno_depois_progr_2/melhor_solucao.sol,resultados/experimentos/2024_1/novas_hibridas/dia_turno_depois_progr_2/historico.csv,resultados/experimentos/2024_1/novas_hibridas/dia_turno_depois_progr_2/historico.json,dia_turno_curso -> curso -> par_cursos,progressiva,alfabetica,,alfabetica,,alfabetica,,180.0,1,180.0,600.0,1,0,TEMPO_TOTAL,2,,,,
1,1,44,dia_turno_curso,3_N_FIL,53,10304,84686,OPTIMAL,186237.5,186237.5,False,186237.5,1.39,1.08,600.0,3,N,FIL,alfabetica,,1,dia_turno_curso,1,True,TEMPO_TOTAL,iteracao,dia_turno_curso_cursos_progr_ate_2,180.0,180.0,600.0,14400.0,False,False,alfabetica,,alfabetica,,./dados/2024_1/horarios_2024_1.xlsx,./dados/2024_1/salas_2024_1.csv,./dados/2024_1/salas_preferenciais_2024.1.xlsx,/Users/robertdrey/Documents/workspace/development/alocador_de_salas,resultados/experimentos/2024_1/novas_hibridas/dia_turno_depois_progr_2/melhor_solucao.sol,resultados/experimentos/2024_1/novas_hibridas/dia_turno_depois_progr_2/historico.csv,resultados/experimentos/2024_1/novas_hibridas/dia_turno_depois_progr_2/historico.json,dia_turno_curso -> curso -> par_cursos,progressiva,alfabetica,,alfabetica,,alfabetica,,180.0,1,180.0,600.0,1,0,TEMPO_TOTAL,2,,,,
1,1,45,dia_turno_curso,3_N_GEO,48,9568,85422,OPTIMAL,186237.5,186237.5,False,186237.5,1.69,1.37,600.0,3,N,GEO,alfabetica,,1,dia_turno_curso,1,True,TEMPO_TOTAL,iteracao,dia_turno_curso_cursos_progr_ate_2,180.0,180.0,600.0,14400.0,False,False,alfabetica,,alfabetica,,./dados/2024_1/horarios_2024_1.xlsx,./dados/2024_1/salas_2024_1.csv,./dados/2024_1/salas_preferenciais_2024.1.xlsx,/Users/robertdrey/Documents/workspace/development/alocador_de_salas,resultados/experimentos/2024_1/novas_hibridas/dia_turno_depois_progr_2/melhor_solucao.sol,resultados/experimentos/2024_1/novas_hibridas/dia_turno_depois_progr_2/historico.csv,resultados/experimentos/2024_1/novas_hibridas/dia_turno_depois_progr_2/historico.json,dia_turno_curso -> curso -> par_cursos,progressiva,alfabetica,,alfabetica,,alfabetica,,180.0,1,180.0,600.0,1,0,TEMPO_TOTAL,2,,,,
1,1,46,dia_turno_curso,3_N_HIS,60,11960,83030,OPTIMAL,186237.5,186237.5,False,186237.5,2.0,1.68,600.0,3,N,HIS,alfabetica,,1,dia_turno_curso,1,True,TEMPO_TOTAL,iteracao,dia_turno_curso_cursos_progr_ate_2,180.0,180.0,600.0,14400.0,False,False,alfabetica,,alfabetica,,./dados/2024_1/horarios_2024_1.xlsx,./dados/2024_1/salas_2024_1.csv,./dados/2024_1/salas_preferenciais_2024.1.xlsx,/Users/robertdrey/Documents/workspace/development/alocador_de_salas,resultados/experimentos/2024_1/novas_hibridas/dia_turno_depois_progr_2/melhor_solucao.sol,resultados/experimentos/2024_1/novas_hibridas/dia_turno_depois_progr_2/historico.csv,resultados/experimentos/2024_1/novas_hibridas/dia_turno_depois_progr_2/historico.json,dia_turno_curso -> curso -> par_cursos,progressiva,alfabetica,,alfabetica,,alfabetica,,180.0,1,180.0,600.0,1,0,TEMPO_TOTAL,2,,,,
1,1,47,dia_turno_curso,3_N_LET,70,15732,79258,OPTIMAL,186237.5,186237.5,False,186237.5,6.43,6.09,600.0,3,N,LET,alfabetica,,1,dia_turno_curso,1,True,TEMPO_TOTAL,iteracao,dia_turno_curso_cursos_progr_ate_2,180.0,180.0,600.0,14400.0,False,False,alfabetica,,alfabetica,,./dados/2024_1/horarios_2024_1.xlsx,./dados/2024_1/salas_2024_1.csv,./dados/2024_1/salas_preferenciais_2024.1.xlsx,/Users/robertdrey/Documents/workspace/development/alocador_de_salas,resultados/experimentos/2024_1/novas_hibridas/dia_turno_depois_progr_2/melhor_solucao.sol,resultados/experimentos/2024_1/novas_hibridas/dia_turno_depois_progr_2/historico.csv,resultados/experimentos/2024_1/novas_hibridas/dia_turno_depois_progr_2/historico.json,dia_turno_curso -> curso -> par_cursos,progressiva,alfabetica,,alfabetica,,alfabetica,,180.0,1,180.0,600.0,1,0,TEMPO_TOTAL,2,,,,
1,1,48,dia_turno_curso,3_N_MAT,58,11960,83030,OPTIMAL,186237.5,186237.5,False,186237.5,2.34,1.96,600.0,3,N,MAT,alfabetica,,1,dia_turno_curso,1,True,TEMPO_TOTAL,iteracao,dia_turno_curso_cursos_progr_ate_2,180.0,180.0,600.0,14400.0,False,False,alfabetica,,alfabetica,,./dados/2024_1/horarios_2024_1.xlsx,./dados/2024_1/salas_2024_1.csv,./dados/2024_1/salas_preferenciais_2024.1.xlsx,/Users/robertdrey/Documents/workspace/development/alocador_de_salas,resultados/experimentos/2024_1/novas_hibridas/dia_turno_depois_progr_2/melhor_solucao.sol,resultados/experimentos/2024_1/novas_hibridas/dia_turno_depois_progr_2/historico.csv,resultados/experimentos/2024_1/novas_hibridas/dia_turno_depois_progr_2/historico.json,dia_turno_curso -> curso -> par_cursos,progressiva,alfabetica,,alfabetica,,alfabetica,,180.0,1,180.0,600.0,1,0,TEMPO_TOTAL,2,,,,
1,1,49,dia_turno_curso,3_N_PED,91,19504,75486,OPTIMAL,186237.5,186237.5,False,186237.5,4.22,3.86,600.0,3,N,PED,alfabetica,,1,dia_turno_curso,1,True,TEMPO_TOTAL,iteracao,dia_turno_curso_cursos_progr_ate_2,180.0,180.0,600.0,14400.0,False,False,alfabetica,,alfabetica,,./dados/2024_1/horarios_2024_1.xlsx,./dados/2024_1/salas_2024_1.csv,./dados/2024_1/salas_preferenciais_2024.1.xlsx,/Users/robertdrey/Documents/workspace/development/alocador_de_salas,resultados/experimentos/2024_1/novas_hibridas/dia_turno_depois_progr_2/melhor_solucao.sol,resultados/experimentos/2024_1/novas_hibridas/dia_turno_depois_progr_2/historico.csv,resultados/experimentos/2024_1/novas_hibridas/dia_turno_depois_progr_2/historico.json,dia_turno_curso -> curso -> par_cursos,progressiva,alfabetica,,alfabetica,,alfabetica,,180.0,1,180.0,600.0,1,0,TEMPO_TOTAL,2,,,,
1,1,50,dia_turno_curso,4_M_ADM,78,19596,75394,OPTIMAL,186237.5,186237.5,False,186237.5,2.87,2.49,600.0,4,M,ADM,alfabetica,,1,dia_turno_curso,1,True,TEMPO_TOTAL,iteracao,dia_turno_curso_cursos_progr_ate_2,180.0,180.0,600.0,14400.0,False,False,alfabetica,,alfabetica,,./dados/2024_1/horarios_2024_1.xlsx,./dados/2024_1/salas_2024_1.csv,./dados/2024_1/salas_preferenciais_2024.1.xlsx,/Users/robertdrey/Documents/workspace/development/alocador_de_salas,resultados/experimentos/2024_1/novas_hibridas/dia_turno_depois_progr_2/melhor_solucao.sol,resultados/experimentos/2024_1/novas_hibridas/dia_turno_depois_progr_2/historico.csv,resultados/experimentos/2024_1/novas_hibridas/dia_turno_depois_progr_2/historico.json,dia_turno_curso -> curso -> par_cursos,progressiva,alfabetica,,alfabetica,,alfabetica,,180.0,1,180.0,600.0,1,0,TEMPO_TOTAL,2,,,,
1,1,51,dia_turno_curso,4_M_AGRO,77,17710,77280,OPTIMAL,186237.5,186237.5,False,186237.5,8.3,7.98,600.0,4,M,AGRO,alfabetica,,1,dia_turno_curso,1,True,TEMPO_TOTAL,iteracao,dia_turno_curso_cursos_progr_ate_2,180.0,180.0,600.0,14400.0,False,False,alfabetica,,alfabetica,,./dados/2024_1/horarios_2024_1.xlsx,./dados/2024_1/salas_2024_1.csv,./dados/2024_1/salas_preferenciais_2024.1.xlsx,/Users/robertdrey/Documents/workspace/development/alocador_de_salas,resultados/experimentos/2024_1/novas_hibridas/dia_turno_depois_progr_2/melhor_solucao.sol,resultados/experimentos/2024_1/novas_hibridas/dia_turno_depois_progr_2/historico.csv,resultados/experimentos/2024_1/novas_hibridas/dia_turno_depois_progr_2/historico.json,dia_turno_curso -> curso -> par_cursos,progressiva,alfabetica,,alfabetica,,alfabetica,,180.0,1,180.0,600.0,1,0,TEMPO_TOTAL,2,,,,
1,1,52,dia_turno_curso,4_M_CS,56,15180,79810,OPTIMAL,186237.5,186237.5,False,186237.5,1.54,1.22,600.0,4,M,CS,alfabetica,,1,dia_turno_curso,1,True,TEMPO_TOTAL,iteracao,dia_turno_curso_cursos_progr_ate_2,180.0,180.0,600.0,14400.0,False,False,alfabetica,,alfabetica,,./dados/2024_1/horarios_2024_1.xlsx,./dados/2024_1/salas_2024_1.csv,./dados/2024_1/salas_preferenciais_2024.1.xlsx,/Users/robertdrey/Documents/workspace/development/alocador_de_salas,resultados/experimentos/2024_1/novas_hibridas/dia_turno_depois_progr_2/melhor_solucao.sol,resultados/experimentos/2024_1/novas_hibridas/dia_turno_depois_progr_2/historico.csv,resultados/experimentos/2024_1/novas_hibridas/dia_turno_depois_progr_2/historico.json,dia_turno_curso -> curso -> par_cursos,progressiva,alfabetica,,alfabetica,,alfabetica,,180.0,1,180.0,600.0,1,0,TEMPO_TOTAL,2,,,,
1,1,53,dia_turno_curso,4_M_EAS,74,17756,77234,OPTIMAL,186237.5,186237.5,False,186237.5,2.04,1.72,600.0,4,M,EAS,alfabetica,,1,dia_turno_curso,1,True,TEMPO_TOTAL,iteracao,dia_turno_curso_cursos_progr_ate_2,180.0,180.0,600.0,14400.0,False,False,alfabetica,,alfabetica,,./dados/2024_1/horarios_2024_1.xlsx,./dados/2024_1/salas_2024_1.csv,./dados/2024_1/salas_preferenciais_2024.1.xlsx,/Users/robertdrey/Documents/workspace/development/alocador_de_salas,resultados/experimentos/2024_1/novas_hibridas/dia_turno_depois_progr_2/melhor_solucao.sol,resultados/experimentos/2024_1/novas_hibridas/dia_turno_depois_progr_2/historico.csv,resultados/experimentos/2024_1/novas_hibridas/dia_turno_depois_progr_2/historico.json,dia_turno_curso -> curso -> par_cursos,progressiva,alfabetica,,alfabetica,,alfabetica,,180.0,1,180.0,600.0,1,0,TEMPO_TOTAL,2,,,,
1,1,54,dia_turno_curso,4_M_ENF,49,15318,79672,OPTIMAL,186237.5,186237.5,False,186237.5,5.24,4.9,600.0,4,M,ENF,alfabetica,,1,dia_turno_curso,1,True,TEMPO_TOTAL,iteracao,dia_turno_curso_cursos_progr_ate_2,180.0,180.0,600.0,14400.0,False,False,alfabetica,,alfabetica,,./dados/2024_1/horarios_2024_1.xlsx,./dados/2024_1/salas_2024_1.csv,./dados/2024_1/salas_preferenciais_2024.1.xlsx,/Users/robertdrey/Documents/workspace/development/alocador_de_salas,resultados/experimentos/2024_1/novas_hibridas/dia_turno_depois_progr_2/melhor_solucao.sol,resultados/experimentos/2024_1/novas_hibridas/dia_turno_depois_progr_2/historico.csv,resultados/experimentos/2024_1/novas_hibridas/dia_turno_depois_progr_2/historico.json,dia_turno_curso -> curso -> par_cursos,progressiva,alfabetica,,alfabetica,,alfabetica,,180.0,1,180.0,600.0,1,0,TEMPO_TOTAL,2,,,,
1,1,55,dia_turno_curso,4_M_MED,71,19412,75578,OPTIMAL,186237.5,186237.5,False,186237.5,3.41,3.08,600.0,4,M,MED,alfabetica,,1,dia_turno_curso,1,True,TEMPO_TOTAL,iteracao,dia_turno_curso_cursos_progr_ate_2,180.0,180.0,600.0,14400.0,False,False,alfabetica,,alfabetica,,./dados/2024_1/horarios_2024_1.xlsx,./dados/2024_1/salas_2024_1.csv,./dados/2024_1/salas_preferenciais_2024.1.xlsx,/Users/robertdrey/Documents/workspace/development/alocador_de_salas,resultados/experimentos/2024_1/novas_hibridas/dia_turno_depois_progr_2/melhor_solucao.sol,resultados/experimentos/2024_1/novas_hibridas/dia_turno_depois_progr_2/historico.csv,resultados/experimentos/2024_1/novas_hibridas/dia_turno_depois_progr_2/historico.json,dia_turno_curso -> curso -> par_cursos,progressiva,alfabetica,,alfabetica,,alfabetica,,180.0,1,180.0,600.0,1,0,TEMPO_TOTAL,2,,,,
1,1,56,dia_turno_curso,4_M_PED,86,23092,71898,OPTIMAL,186237.5,186237.5,False,186237.5,6.46,6.12,600.0,4,M,PED,alfabetica,,1,dia_turno_curso,1,True,TEMPO_TOTAL,iteracao,dia_turno_curso_cursos_progr_ate_2,180.0,180.0,600.0,14400.0,False,False,alfabetica,,alfabetica,,./dados/2024_1/horarios_2024_1.xlsx,./dados/2024_1/salas_2024_1.csv,./dados/2024_1/salas_preferenciais_2024.1.xlsx,/Users/robertdrey/Documents/workspace/development/alocador_de_salas,resultados/experimentos/2024_1/novas_hibridas/dia_turno_depois_progr_2/melhor_solucao.sol,resultados/experimentos/2024_1/novas_hibridas/dia_turno_depois_progr_2/historico.csv,resultados/experimentos/2024_1/novas_hibridas/dia_turno_depois_progr_2/historico.json,dia_turno_curso -> curso -> par_cursos,progressiva,alfabetica,,alfabetica,,alfabetica,,180.0,1,180.0,600.0,1,0,TEMPO_TOTAL,2,,,,
1,1,57,dia_turno_curso,4_T_AGRO,78,19458,75532,OPTIMAL,186237.5,186237.5,False,186237.5,5.18,4.85,600.0,4,T,AGRO,alfabetica,,1,dia_turno_curso,1,True,TEMPO_TOTAL,iteracao,dia_turno_curso_cursos_progr_ate_2,180.0,180.0,600.0,14400.0,False,False,alfabetica,,alfabetica,,./dados/2024_1/horarios_2024_1.xlsx,./dados/2024_1/salas_2024_1.csv,./dados/2024_1/salas_preferenciais_2024.1.xlsx,/Users/robertdrey/Documents/workspace/development/alocador_de_salas,resultados/experimentos/2024_1/novas_hibridas/dia_turno_depois_progr_2/melhor_solucao.sol,resultados/experimentos/2024_1/novas_hibridas/dia_turno_depois_progr_2/historico.csv,resultados/experimentos/2024_1/novas_hibridas/dia_turno_depois_progr_2/historico.json,dia_turno_curso -> curso -> par_cursos,progressiva,alfabetica,,alfabetica,,alfabetica,,180.0,1,180.0,600.0,1,0,TEMPO_TOTAL,2,,,,
1,1,58,dia_turno_curso,4_T_CC,69,19964,75026,OPTIMAL,186237.5,186237.5,False,186237.5,44.52,44.23,600.0,4,T,CC,alfabetica,,1,dia_turno_curso,1,True,TEMPO_TOTAL,iteracao,dia_turno_curso_cursos_progr_ate_2,180.0,180.0,600.0,14400.0,False,False,alfabetica,,alfabetica,,./dados/2024_1/horarios_2024_1.xlsx,./dados/2024_1/salas_2024_1.csv,./dados/2024_1/salas_preferenciais_2024.1.xlsx,/Users/robertdrey/Documents/workspace/development/alocador_de_salas,resultados/experimentos/2024_1/novas_hibridas/dia_turno_depois_progr_2/melhor_solucao.sol,resultados/experimentos/2024_1/novas_hibridas/dia_turno_depois_progr_2/historico.csv,resultados/experimentos/2024_1/novas_hibridas/dia_turno_depois_progr_2/historico.json,dia_turno_curso -> curso -> par_cursos,progressiva,alfabetica,,alfabetica,,alfabetica,,180.0,1,180.0,600.0,1,0,TEMPO_TOTAL,2,,,,
1,1,59,dia_turno_curso,4_T_CS,50,14950,80040,OPTIMAL,186237.5,186237.5,False,186237.5,1.05,0.76,600.0,4,T,CS,alfabetica,,1,dia_turno_curso,1,True,TEMPO_TOTAL,iteracao,dia_turno_curso_cursos_progr_ate_2,180.0,180.0,600.0,14400.0,False,False,alfabetica,,alfabetica,,./dados/2024_1/horarios_2024_1.xlsx,./dados/2024_1/salas_2024_1.csv,./dados/2024_1/salas_preferenciais_2024.1.xlsx,/Users/robertdrey/Documents/workspace/development/alocador_de_salas,resultados/experimentos/2024_1/novas_hibridas/dia_turno_depois_progr_2/melhor_solucao.sol,resultados/experimentos/2024_1/novas_hibridas/dia_turno_depois_progr_2/historico.csv,resultados/experimentos/2024_1/novas_hibridas/dia_turno_depois_progr_2/historico.json,dia_turno_curso -> curso -> par_cursos,progressiva,alfabetica,,alfabetica,,alfabetica,,180.0,1,180.0,600.0,1,0,TEMPO_TOTAL,2,,,,
1,1,60,dia_turno_curso,4_T_EAS,71,17986,77004,OPTIMAL,186237.5,186237.5,False,186237.5,1.17,0.87,600.0,4,T,EAS,alfabetica,,1,dia_turno_curso,1,True,TEMPO_TOTAL,iteracao,dia_turno_curso_cursos_progr_ate_2,180.0,180.0,600.0,14400.0,False,False,alfabetica,,alfabetica,,./dados/2024_1/horarios_2024_1.xlsx,./dados/2024_1/salas_2024_1.csv,./dados/2024_1/salas_preferenciais_2024.1.xlsx,/Users/robertdrey/Documents/workspace/development/alocador_de_salas,resultados/experimentos/2024_1/novas_hibridas/dia_turno_depois_progr_2/melhor_solucao.sol,resultados/experimentos/2024_1/novas_hibridas/dia_turno_depois_progr_2/historico.csv,resultados/experimentos/2024_1/novas_hibridas/dia_turno_depois_progr_2/historico.json,dia_turno_curso -> curso -> par_cursos,progressiva,alfabetica,,alfabetica,,alfabetica,,180.0,1,180.0,600.0,1,0,TEMPO_TOTAL,2,,,,
1,1,61,dia_turno_curso,4_T_ENF,43,16192,78798,OPTIMAL,186237.5,186237.5,False,186237.5,8.99,8.67,600.0,4,T,ENF,alfabetica,,1,dia_turno_curso,1,True,TEMPO_TOTAL,iteracao,dia_turno_curso_cursos_progr_ate_2,180.0,180.0,600.0,14400.0,False,False,alfabetica,,alfabetica,,./dados/2024_1/horarios_2024_1.xlsx,./dados/2024_1/salas_2024_1.csv,./dados/2024_1/salas_preferenciais_2024.1.xlsx,/Users/robertdrey/Documents/workspace/development/alocador_de_salas,resultados/experimentos/2024_1/novas_hibridas/dia_turno_depois_progr_2/melhor_solucao.sol,resultados/experimentos/2024_1/novas_hibridas/dia_turno_depois_progr_2/historico.csv,resultados/experimentos/2024_1/novas_hibridas/dia_turno_depois_progr_2/historico.json,dia_turno_curso -> curso -> par_cursos,progressiva,alfabetica,,alfabetica,,alfabetica,,180.0,1,180.0,600.0,1,0,TEMPO_TOTAL,2,,,,
1,1,62,dia_turno_curso,4_T_LET,60,17618,77372,OPTIMAL,186237.5,186237.5,False,186237.5,5.24,4.88,600.0,4,T,LET,alfabetica,,1,dia_turno_curso,1,True,TEMPO_TOTAL,iteracao,dia_turno_curso_cursos_progr_ate_2,180.0,180.0,600.0,14400.0,False,False,alfabetica,,alfabetica,,./dados/2024_1/horarios_2024_1.xlsx,./dados/2024_1/salas_2024_1.csv,./dados/2024_1/salas_preferenciais_2024.1.xlsx,/Users/robertdrey/Documents/workspace/development/alocador_de_salas,resultados/experimentos/2024_1/novas_hibridas/dia_turno_depois_progr_2/melhor_solucao.sol,resultados/experimentos/2024_1/novas_hibridas/dia_turno_depois_progr_2/historico.csv,resultados/experimentos/2024_1/novas_hibridas/dia_turno_depois_progr_2/historico.json,dia_turno_curso -> curso -> par_cursos,progressiva,alfabetica,,alfabetica,,alfabetica,,180.0,1,180.0,600.0,1,0,TEMPO_TOTAL,2,,,,
1,1,63,dia_turno_curso,4_T_MAT,51,15410,79580,OPTIMAL,186237.5,186237.5,False,186237.5,1.47,1.13,600.0,4,T,MAT,alfabetica,,1,dia_turno_curso,1,True,TEMPO_TOTAL,iteracao,dia_turno_curso_cursos_progr_ate_2,180.0,180.0,600.0,14400.0,False,False,alfabetica,,alfabetica,,./dados/2024_1/horarios_2024_1.xlsx,./dados/2024_1/salas_2024_1.csv,./dados/2024_1/salas_preferenciais_2024.1.xlsx,/Users/robertdrey/Documents/workspace/development/alocador_de_salas,resultados/experimentos/2024_1/novas_hibridas/dia_turno_depois_progr_2/melhor_solucao.sol,resultados/experimentos/2024_1/novas_hibridas/dia_turno_depois_progr_2/historico.csv,resultados/experimentos/2024_1/novas_hibridas/dia_turno_depois_progr_2/historico.json,dia_turno_curso -> curso -> par_cursos,progressiva,alfabetica,,alfabetica,,alfabetica,,180.0,1,180.0,600.0,1,0,TEMPO_TOTAL,2,,,,
1,1,64,dia_turno_curso,4_T_MED,64,18676,76314,OPTIMAL,186237.5,186237.5,False,186237.5,2.12,1.8,600.0,4,T,MED,alfabetica,,1,dia_turno_curso,1,True,TEMPO_TOTAL,iteracao,dia_turno_curso_cursos_progr_ate_2,180.0,180.0,600.0,14400.0,False,False,alfabetica,,alfabetica,,./dados/2024_1/horarios_2024_1.xlsx,./dados/2024_1/salas_2024_1.csv,./dados/2024_1/salas_preferenciais_2024.1.xlsx,/Users/robertdrey/Documents/workspace/development/alocador_de_salas,resultados/experimentos/2024_1/novas_hibridas/dia_turno_depois_progr_2/melhor_solucao.sol,resultados/experimentos/2024_1/novas_hibridas/dia_turno_depois_progr_2/historico.csv,resultados/experimentos/2024_1/novas_hibridas/dia_turno_depois_progr_2/historico.json,dia_turno_curso -> curso -> par_cursos,progressiva,alfabetica,,alfabetica,,alfabetica,,180.0,1,180.0,600.0,1,0,TEMPO_TOTAL,2,,,,
1,1,65,dia_turno_curso,4_N_ADM,85,18262,76728,OPTIMAL,186237.5,186237.5,False,186237.5,4.17,3.8,600.0,4,N,ADM,alfabetica,,1,dia_turno_curso,1,True,TEMPO_TOTAL,iteracao,dia_turno_curso_cursos_progr_ate_2,180.0,180.0,600.0,14400.0,False,False,alfabetica,,alfabetica,,./dados/2024_1/horarios_2024_1.xlsx,./dados/2024_1/salas_2024_1.csv,./dados/2024_1/salas_preferenciais_2024.1.xlsx,/Users/robertdrey/Documents/workspace/development/alocador_de_salas,resultados/experimentos/2024_1/novas_hibridas/dia_turno_depois_progr_2/melhor_solucao.sol,resultados/experimentos/2024_1/novas_hibridas/dia_turno_depois_progr_2/historico.csv,resultados/experimentos/2024_1/novas_hibridas/dia_turno_depois_progr_2/historico.json,dia_turno_curso -> curso -> par_cursos,progressiva,alfabetica,,alfabetica,,alfabetica,,180.0,1,180.0,600.0,1,0,TEMPO_TOTAL,2,,,,
1,1,66,dia_turno_curso,4_N_CC,86,19872,75118,OPTIMAL,186237.5,186227.0,True,186227.0,74.43,74.08,600.0,4,N,CC,alfabetica,,1,dia_turno_curso,1,True,TEMPO_TOTAL,iteracao,dia_turno_curso_cursos_progr_ate_2,180.0,180.0,600.0,14400.0,False,False,alfabetica,,alfabetica,,./dados/2024_1/horarios_2024_1.xlsx,./dados/2024_1/salas_2024_1.csv,./dados/2024_1/salas_preferenciais_2024.1.xlsx,/Users/robertdrey/Documents/workspace/development/alocador_de_salas,resultados/experimentos/2024_1/novas_hibridas/dia_turno_depois_progr_2/melhor_solucao.sol,resultados/experimentos/2024_1/novas_hibridas/dia_turno_depois_progr_2/historico.csv,resultados/experimentos/2024_1/novas_hibridas/dia_turno_depois_progr_2/historico.json,dia_turno_curso -> curso -> par_cursos,progressiva,alfabetica,,alfabetica,,alfabetica,,180.0,1,180.0,600.0,1,0,TEMPO_TOTAL,2,,,,
1,1,67,dia_turno_curso,4_N_CS,60,13294,81696,OPTIMAL,186227.0,186227.0,False,186227.0,2.04,1.71,600.0,4,N,CS,alfabetica,,1,dia_turno_curso,1,True,TEMPO_TOTAL,iteracao,dia_turno_curso_cursos_progr_ate_2,180.0,180.0,600.0,14400.0,False,False,alfabetica,,alfabetica,,./dados/2024_1/horarios_2024_1.xlsx,./dados/2024_1/salas_2024_1.csv,./dados/2024_1/salas_preferenciais_2024.1.xlsx,/Users/robertdrey/Documents/workspace/development/alocador_de_salas,resultados/experimentos/2024_1/novas_hibridas/dia_turno_depois_progr_2/melhor_solucao.sol,resultados/experimentos/2024_1/novas_hibridas/dia_turno_depois_progr_2/historico.csv,resultados/experimentos/2024_1/novas_hibridas/dia_turno_depois_progr_2/historico.json,dia_turno_curso -> curso -> par_cursos,progressiva,alfabetica,,alfabetica,,alfabetica,,180.0,1,180.0,600.0,1,0,TEMPO_TOTAL,2,,,,
1,1,68,dia_turno_curso,4_N_EAS,86,17204,77786,OPTIMAL,186227.0,186227.0,False,186227.0,2.74,2.42,600.0,4,N,EAS,alfabetica,,1,dia_turno_curso,1,True,TEMPO_TOTAL,iteracao,dia_turno_curso_cursos_progr_ate_2,180.0,180.0,600.0,14400.0,False,False,alfabetica,,alfabetica,,./dados/2024_1/horarios_2024_1.xlsx,./dados/2024_1/salas_2024_1.csv,./dados/2024_1/salas_preferenciais_2024.1.xlsx,/Users/robertdrey/Documents/workspace/development/alocador_de_salas,resultados/experimentos/2024_1/novas_hibridas/dia_turno_depois_progr_2/melhor_solucao.sol,resultados/experimentos/2024_1/novas_hibridas/dia_turno_depois_progr_2/historico.csv,resultados/experimentos/2024_1/novas_hibridas/dia_turno_depois_progr_2/historico.json,dia_turno_curso -> curso -> par_cursos,progressiva,alfabetica,,alfabetica,,alfabetica,,180.0,1,180.0,600.0,1,0,TEMPO_TOTAL,2,,,,
1,1,69,dia_turno_curso,4_N_FIL,53,11914,83076,OPTIMAL,186227.0,186227.0,False,186227.0,1.53,1.21,600.0,4,N,FIL,alfabetica,,1,dia_turno_curso,1,True,TEMPO_TOTAL,iteracao,dia_turno_curso_cursos_progr_ate_2,180.0,180.0,600.0,14400.0,False,False,alfabetica,,alfabetica,,./dados/2024_1/horarios_2024_1.xlsx,./dados/2024_1/salas_2024_1.csv,./dados/2024_1/salas_preferenciais_2024.1.xlsx,/Users/robertdrey/Documents/workspace/development/alocador_de_salas,resultados/experimentos/2024_1/novas_hibridas/dia_turno_depois_progr_2/melhor_solucao.sol,resultados/experimentos/2024_1/novas_hibridas/dia_turno_depois_progr_2/historico.csv,resultados/experimentos/2024_1/novas_hibridas/dia_turno_depois_progr_2/historico.json,dia_turno_curso -> curso -> par_cursos,progressiva,alfabetica,,alfabetica,,alfabetica,,180.0,1,180.0,600.0,1,0,TEMPO_TOTAL,2,,,,
1,1,70,dia_turno_curso,4_N_GEO,51,11776,83214,OPTIMAL,186227.0,186227.0,False,186227.0,2.22,1.89,600.0,4,N,GEO,alfabetica,,1,dia_turno_curso,1,True,TEMPO_TOTAL,iteracao,dia_turno_curso_cursos_progr_ate_2,180.0,180.0,600.0,14400.0,False,False,alfabetica,,alfabetica,,./dados/2024_1/horarios_2024_1.xlsx,./dados/2024_1/salas_2024_1.csv,./dados/2024_1/salas_preferenciais_2024.1.xlsx,/Users/robertdrey/Documents/workspace/development/alocador_de_salas,resultados/experimentos/2024_1/novas_hibridas/dia_turno_depois_progr_2/melhor_solucao.sol,resultados/experimentos/2024_1/novas_hibridas/dia_turno_depois_progr_2/historico.csv,resultados/experimentos/2024_1/novas_hibridas/dia_turno_depois_progr_2/historico.json,dia_turno_curso -> curso -> par_cursos,progressiva,alfabetica,,alfabetica,,alfabetica,,180.0,1,180.0,600.0,1,0,TEMPO_TOTAL,2,,,,
1,1,71,dia_turno_curso,4_N_HIS,62,13938,81052,OPTIMAL,186227.0,186227.0,False,186227.0,1.93,1.6,600.0,4,N,HIS,alfabetica,,1,dia_turno_curso,1,True,TEMPO_TOTAL,iteracao,dia_turno_curso_cursos_progr_ate_2,180.0,180.0,600.0,14400.0,False,False,alfabetica,,alfabetica,,./dados/2024_1/horarios_2024_1.xlsx,./dados/2024_1/salas_2024_1.csv,./dados/2024_1/salas_preferenciais_2024.1.xlsx,/Users/robertdrey/Documents/workspace/development/alocador_de_salas,resultados/experimentos/2024_1/novas_hibridas/dia_turno_depois_progr_2/melhor_solucao.sol,resultados/experimentos/2024_1/novas_hibridas/dia_turno_depois_progr_2/historico.csv,resultados/experimentos/2024_1/novas_hibridas/dia_turno_depois_progr_2/historico.json,dia_turno_curso -> curso -> par_cursos,progressiva,alfabetica,,alfabetica,,alfabetica,,180.0,1,180.0,600.0,1,0,TEMPO_TOTAL,2,,,,
1,1,72,dia_turno_curso,4_N_LET,69,16744,78246,TIME_LIMIT,186227.0,186083.5,True,186083.5,600.41,600.05,600.0,4,N,LET,alfabetica,,1,dia_turno_curso,1,True,TEMPO_TOTAL,iteracao,dia_turno_curso_cursos_progr_ate_2,180.0,180.0,600.0,14400.0,False,False,alfabetica,,alfabetica,,./dados/2024_1/horarios_2024_1.xlsx,./dados/2024_1/salas_2024_1.csv,./dados/2024_1/salas_preferenciais_2024.1.xlsx,/Users/robertdrey/Documents/workspace/development/alocador_de_salas,resultados/experimentos/2024_1/novas_hibridas/dia_turno_depois_progr_2/melhor_solucao.sol,resultados/experimentos/2024_1/novas_hibridas/dia_turno_depois_progr_2/historico.csv,resultados/experimentos/2024_1/novas_hibridas/dia_turno_depois_progr_2/historico.json,dia_turno_curso -> curso -> par_cursos,progressiva,alfabetica,,alfabetica,,alfabetica,,180.0,1,180.0,600.0,1,0,TEMPO_TOTAL,2,,,,
1,1,73,dia_turno_curso,4_N_MAT,59,13202,81788,OPTIMAL,186083.5,186083.5,False,186083.5,2.39,1.99,600.0,4,N,MAT,alfabetica,,1,dia_turno_curso,1,True,TEMPO_TOTAL,iteracao,dia_turno_curso_cursos_progr_ate_2,180.0,180.0,600.0,14400.0,False,False,alfabetica,,alfabetica,,./dados/2024_1/horarios_2024_1.xlsx,./dados/2024_1/salas_2024_1.csv,./dados/2024_1/salas_preferenciais_2024.1.xlsx,/Users/robertdrey/Documents/workspace/development/alocador_de_salas,resultados/experimentos/2024_1/novas_hibridas/dia_turno_depois_progr_2/melhor_solucao.sol,resultados/experimentos/2024_1/novas_hibridas/dia_turno_depois_progr_2/historico.csv,resultados/experimentos/2024_1/novas_hibridas/dia_turno_depois_progr_2/historico.json,dia_turno_curso -> curso -> par_cursos,progressiva,alfabetica,,alfabetica,,alfabetica,,180.0,1,180.0,600.0,1,0,TEMPO_TOTAL,2,,,,
1,1,74,dia_turno_curso,4_N_PED,93,21160,73830,OPTIMAL,186083.5,186083.5,False,186083.5,7.44,7.09,600.0,4,N,PED,alfabetica,,1,dia_turno_curso,1,True,TEMPO_TOTAL,iteracao,dia_turno_curso_cursos_progr_ate_2,180.0,180.0,600.0,14400.0,False,False,alfabetica,,alfabetica,,./dados/2024_1/horarios_2024_1.xlsx,./dados/2024_1/salas_2024_1.csv,./dados/2024_1/salas_preferenciais_2024.1.xlsx,/Users/robertdrey/Documents/workspace/development/alocador_de_salas,resultados/experimentos/2024_1/novas_hibridas/dia_turno_depois_progr_2/melhor_solucao.sol,resultados/experimentos/2024_1/novas_hibridas/dia_turno_depois_progr_2/historico.csv,resultados/experimentos/2024_1/novas_hibridas/dia_turno_depois_progr_2/historico.json,dia_turno_curso -> curso -> par_cursos,progressiva,alfabetica,,alfabetica,,alfabetica,,180.0,1,180.0,600.0,1,0,TEMPO_TOTAL,2,,,,
1,1,75,dia_turno_curso,5_M_ADM,80,19734,75256,OPTIMAL,186083.5,186083.5,False,186083.5,2.39,2.04,600.0,5,M,ADM,alfabetica,,1,dia_turno_curso,1,True,TEMPO_TOTAL,iteracao,dia_turno_curso_cursos_progr_ate_2,180.0,180.0,600.0,14400.0,False,False,alfabetica,,alfabetica,,./dados/2024_1/horarios_2024_1.xlsx,./dados/2024_1/salas_2024_1.csv,./dados/2024_1/salas_preferenciais_2024.1.xlsx,/Users/robertdrey/Documents/workspace/development/alocador_de_salas,resultados/experimentos/2024_1/novas_hibridas/dia_turno_depois_progr_2/melhor_solucao.sol,resultados/experimentos/2024_1/novas_hibridas/dia_turno_depois_progr_2/historico.csv,resultados/experimentos/2024_1/novas_hibridas/dia_turno_depois_progr_2/historico.json,dia_turno_curso -> curso -> par_cursos,progressiva,alfabetica,,alfabetica,,alfabetica,,180.0,1,180.0,600.0,1,0,TEMPO_TOTAL,2,,,,
1,1,76,dia_turno_curso,5_M_AGRO,80,18492,76498,OPTIMAL,186083.5,186083.5,False,186083.5,9.36,9.02,600.0,5,M,AGRO,alfabetica,,1,dia_turno_curso,1,True,TEMPO_TOTAL,iteracao,dia_turno_curso_cursos_progr_ate_2,180.0,180.0,600.0,14400.0,False,False,alfabetica,,alfabetica,,./dados/2024_1/horarios_2024_1.xlsx,./dados/2024_1/salas_2024_1.csv,./dados/2024_1/salas_preferenciais_2024.1.xlsx,/Users/robertdrey/Documents/workspace/development/alocador_de_salas,resultados/experimentos/2024_1/novas_hibridas/dia_turno_depois_progr_2/melhor_solucao.sol,resultados/experimentos/2024_1/novas_hibridas/dia_turno_depois_progr_2/historico.csv,resultados/experimentos/2024_1/novas_hibridas/dia_turno_depois_progr_2/historico.json,dia_turno_curso -> curso -> par_cursos,progressiva,alfabetica,,alfabetica,,alfabetica,,180.0,1,180.0,600.0,1,0,TEMPO_TOTAL,2,,,,
1,1,77,dia_turno_curso,5_M_EAS,75,17618,77372,OPTIMAL,186083.5,186083.5,False,186083.5,2.39,2.06,600.0,5,M,EAS,alfabetica,,1,dia_turno_curso,1,True,TEMPO_TOTAL,iteracao,dia_turno_curso_cursos_progr_ate_2,180.0,180.0,600.0,14400.0,False,False,alfabetica,,alfabetica,,./dados/2024_1/horarios_2024_1.xlsx,./dados/2024_1/salas_2024_1.csv,./dados/2024_1/salas_preferenciais_2024.1.xlsx,/Users/robertdrey/Documents/workspace/development/alocador_de_salas,resultados/experimentos/2024_1/novas_hibridas/dia_turno_depois_progr_2/melhor_solucao.sol,resultados/experimentos/2024_1/novas_hibridas/dia_turno_depois_progr_2/historico.csv,resultados/experimentos/2024_1/novas_hibridas/dia_turno_depois_progr_2/historico.json,dia_turno_curso -> curso -> par_cursos,progressiva,alfabetica,,alfabetica,,alfabetica,,180.0,1,180.0,600.0,1,0,TEMPO_TOTAL,2,,,,
1,1,78,dia_turno_curso,5_M_ENF,51,15732,79258,OPTIMAL,186083.5,186083.5,False,186083.5,7.58,7.22,600.0,5,M,ENF,alfabetica,,1,dia_turno_curso,1,True,TEMPO_TOTAL,iteracao,dia_turno_curso_cursos_progr_ate_2,180.0,180.0,600.0,14400.0,False,False,alfabetica,,alfabetica,,./dados/2024_1/horarios_2024_1.xlsx,./dados/2024_1/salas_2024_1.csv,./dados/2024_1/salas_preferenciais_2024.1.xlsx,/Users/robertdrey/Documents/workspace/development/alocador_de_salas,resultados/experimentos/2024_1/novas_hibridas/dia_turno_depois_progr_2/melhor_solucao.sol,resultados/experimentos/2024_1/novas_hibridas/dia_turno_depois_progr_2/historico.csv,resultados/experimentos/2024_1/novas_hibridas/dia_turno_depois_progr_2/historico.json,dia_turno_curso -> curso -> par_cursos,progressiva,alfabetica,,alfabetica,,alfabetica,,180.0,1,180.0,600.0,1,0,TEMPO_TOTAL,2,,,,
1,1,79,dia_turno_curso,5_M_MED,74,19550,75440,OPTIMAL,186083.5,186083.5,False,186083.5,3.72,3.35,600.0,5,M,MED,alfabetica,,1,dia_turno_curso,1,True,TEMPO_TOTAL,iteracao,dia_turno_curso_cursos_progr_ate_2,180.0,180.0,600.0,14400.0,False,False,alfabetica,,alfabetica,,./dados/2024_1/horarios_2024_1.xlsx,./dados/2024_1/salas_2024_1.csv,./dados/2024_1/salas_preferenciais_2024.1.xlsx,/Users/robertdrey/Documents/workspace/development/alocador_de_salas,resultados/experimentos/2024_1/novas_hibridas/dia_turno_depois_progr_2/melhor_solucao.sol,resultados/experimentos/2024_1/novas_hibridas/dia_turno_depois_progr_2/historico.csv,resultados/experimentos/2024_1/novas_hibridas/dia_turno_depois_progr_2/historico.json,dia_turno_curso -> curso -> par_cursos,progressiva,alfabetica,,alfabetica,,alfabetica,,180.0,1,180.0,600.0,1,0,TEMPO_TOTAL,2,,,,
1,1,80,dia_turno_curso,5_M_PED,89,23230,71760,OPTIMAL,186083.5,186083.5,False,186083.5,7.15,6.8,600.0,5,M,PED,alfabetica,,1,dia_turno_curso,1,True,TEMPO_TOTAL,iteracao,dia_turno_curso_cursos_progr_ate_2,180.0,180.0,600.0,14400.0,False,False,alfabetica,,alfabetica,,./dados/2024_1/horarios_2024_1.xlsx,./dados/2024_1/salas_2024_1.csv,./dados/2024_1/salas_preferenciais_2024.1.xlsx,/Users/robertdrey/Documents/workspace/development/alocador_de_salas,resultados/experimentos/2024_1/novas_hibridas/dia_turno_depois_progr_2/melhor_solucao.sol,resultados/experimentos/2024_1/novas_hibridas/dia_turno_depois_progr_2/historico.csv,resultados/experimentos/2024_1/novas_hibridas/dia_turno_depois_progr_2/historico.json,dia_turno_curso -> curso -> par_cursos,progressiva,alfabetica,,alfabetica,,alfabetica,,180.0,1,180.0,600.0,1,0,TEMPO_TOTAL,2,,,,
1,1,81,dia_turno_curso,5_T_AGRO,77,18814,76176,OPTIMAL,186083.5,186083.5,False,186083.5,10.8,10.42,600.0,5,T,AGRO,alfabetica,,1,dia_turno_curso,1,True,TEMPO_TOTAL,iteracao,dia_turno_curso_cursos_progr_ate_2,180.0,180.0,600.0,14400.0,False,False,alfabetica,,alfabetica,,./dados/2024_1/horarios_2024_1.xlsx,./dados/2024_1/salas_2024_1.csv,./dados/2024_1/salas_preferenciais_2024.1.xlsx,/Users/robertdrey/Documents/workspace/development/alocador_de_salas,resultados/experimentos/2024_1/novas_hibridas/dia_turno_depois_progr_2/melhor_solucao.sol,resultados/experimentos/2024_1/novas_hibridas/dia_turno_depois_progr_2/historico.csv,resultados/experimentos/2024_1/novas_hibridas/dia_turno_depois_progr_2/historico.json,dia_turno_curso -> curso -> par_cursos,progressiva,alfabetica,,alfabetica,,alfabetica,,180.0,1,180.0,600.0,1,0,TEMPO_TOTAL,2,,,,
1,1,82,dia_turno_curso,5_T_CC,70,19596,75394,OPTIMAL,186083.5,186083.5,False,186083.5,56.21,55.85,600.0,5,T,CC,alfabetica,,1,dia_turno_curso,1,True,TEMPO_TOTAL,iteracao,dia_turno_curso_cursos_progr_ate_2,180.0,180.0,600.0,14400.0,False,False,alfabetica,,alfabetica,,./dados/2024_1/horarios_2024_1.xlsx,./dados/2024_1/salas_2024_1.csv,./dados/2024_1/salas_preferenciais_2024.1.xlsx,/Users/robertdrey/Documents/workspace/development/alocador_de_salas,resultados/experimentos/2024_1/novas_hibridas/dia_turno_depois_progr_2/melhor_solucao.sol,resultados/experimentos/2024_1/novas_hibridas/dia_turno_depois_progr_2/historico.csv,resultados/experimentos/2024_1/novas_hibridas/dia_turno_depois_progr_2/historico.json,dia_turno_curso -> curso -> par_cursos,progressiva,alfabetica,,alfabetica,,alfabetica,,180.0,1,180.0,600.0,1,0,TEMPO_TOTAL,2,,,,
1,1,83,dia_turno_curso,5_T_EAS,71,17342,77648,OPTIMAL,186083.5,186083.5,False,186083.5,1.92,1.59,600.0,5,T,EAS,alfabetica,,1,dia_turno_curso,1,True,TEMPO_TOTAL,iteracao,dia_turno_curso_cursos_progr_ate_2,180.0,180.0,600.0,14400.0,False,False,alfabetica,,alfabetica,,./dados/2024_1/horarios_2024_1.xlsx,./dados/2024_1/salas_2024_1.csv,./dados/2024_1/salas_preferenciais_2024.1.xlsx,/Users/robertdrey/Documents/workspace/development/alocador_de_salas,resultados/experimentos/2024_1/novas_hibridas/dia_turno_depois_progr_2/melhor_solucao.sol,resultados/experimentos/2024_1/novas_hibridas/dia_turno_depois_progr_2/historico.csv,resultados/experimentos/2024_1/novas_hibridas/dia_turno_depois_progr_2/historico.json,dia_turno_curso -> curso -> par_cursos,progressiva,alfabetica,,alfabetica,,alfabetica,,180.0,1,180.0,600.0,1,0,TEMPO_TOTAL,2,,,,
1,1,84,dia_turno_curso,5_T_ENF,44,14858,80132,OPTIMAL,186083.5,186083.5,False,186083.5,6.64,6.3,600.0,5,T,ENF,alfabetica,,1,dia_turno_curso,1,True,TEMPO_TOTAL,iteracao,dia_turno_curso_cursos_progr_ate_2,180.0,180.0,600.0,14400.0,False,False,alfabetica,,alfabetica,,./dados/2024_1/horarios_2024_1.xlsx,./dados/2024_1/salas_2024_1.csv,./dados/2024_1/salas_preferenciais_2024.1.xlsx,/Users/robertdrey/Documents/workspace/development/alocador_de_salas,resultados/experimentos/2024_1/novas_hibridas/dia_turno_depois_progr_2/melhor_solucao.sol,resultados/experimentos/2024_1/novas_hibridas/dia_turno_depois_progr_2/historico.csv,resultados/experimentos/2024_1/novas_hibridas/dia_turno_depois_progr_2/historico.json,dia_turno_curso -> curso -> par_cursos,progressiva,alfabetica,,alfabetica,,alfabetica,,180.0,1,180.0,600.0,1,0,TEMPO_TOTAL,2,,,,
1,1,85,dia_turno_curso,5_T_GEO,40,12650,82340,OPTIMAL,186083.5,186083.5,False,186083.5,1.6,1.26,600.0,5,T,GEO,alfabetica,,1,dia_turno_curso,1,True,TEMPO_TOTAL,iteracao,dia_turno_curso_cursos_progr_ate_2,180.0,180.0,600.0,14400.0,False,False,alfabetica,,alfabetica,,./dados/2024_1/horarios_2024_1.xlsx,./dados/2024_1/salas_2024_1.csv,./dados/2024_1/salas_preferenciais_2024.1.xlsx,/Users/robertdrey/Documents/workspace/development/alocador_de_salas,resultados/experimentos/2024_1/novas_hibridas/dia_turno_depois_progr_2/melhor_solucao.sol,resultados/experimentos/2024_1/novas_hibridas/dia_turno_depois_progr_2/historico.csv,resultados/experimentos/2024_1/novas_hibridas/dia_turno_depois_progr_2/historico.json,dia_turno_curso -> curso -> par_cursos,progressiva,alfabetica,,alfabetica,,alfabetica,,180.0,1,180.0,600.0,1,0,TEMPO_TOTAL,2,,,,
1,1,86,dia_turno_curso,5_T_LET,65,18722,76268,OPTIMAL,186083.5,186083.5,False,186083.5,3.28,2.93,600.0,5,T,LET,alfabetica,,1,dia_turno_curso,1,True,TEMPO_TOTAL,iteracao,dia_turno_curso_cursos_progr_ate_2,180.0,180.0,600.0,14400.0,False,False,alfabetica,,alfabetica,,./dados/2024_1/horarios_2024_1.xlsx,./dados/2024_1/salas_2024_1.csv,./dados/2024_1/salas_preferenciais_2024.1.xlsx,/Users/robertdrey/Documents/workspace/development/alocador_de_salas,resultados/experimentos/2024_1/novas_hibridas/dia_turno_depois_progr_2/melhor_solucao.sol,resultados/experimentos/2024_1/novas_hibridas/dia_turno_depois_progr_2/historico.csv,resultados/experimentos/2024_1/novas_hibridas/dia_turno_depois_progr_2/historico.json,dia_turno_curso -> curso -> par_cursos,progressiva,alfabetica,,alfabetica,,alfabetica,,180.0,1,180.0,600.0,1,0,TEMPO_TOTAL,2,,,,
1,1,87,dia_turno_curso,5_T_MED,67,19274,75716,OPTIMAL,186083.5,186083.5,False,186083.5,3.6,3.23,600.0,5,T,MED,alfabetica,,1,dia_turno_curso,1,True,TEMPO_TOTAL,iteracao,dia_turno_curso_cursos_progr_ate_2,180.0,180.0,600.0,14400.0,False,False,alfabetica,,alfabetica,,./dados/2024_1/horarios_2024_1.xlsx,./dados/2024_1/salas_2024_1.csv,./dados/2024_1/salas_preferenciais_2024.1.xlsx,/Users/robertdrey/Documents/workspace/development/alocador_de_salas,resultados/experimentos/2024_1/novas_hibridas/dia_turno_depois_progr_2/melhor_solucao.sol,resultados/experimentos/2024_1/novas_hibridas/dia_turno_depois_progr_2/historico.csv,resultados/experimentos/2024_1/novas_hibridas/dia_turno_depois_progr_2/historico.json,dia_turno_curso -> curso -> par_cursos,progressiva,alfabetica,,alfabetica,,alfabetica,,180.0,1,180.0,600.0,1,0,TEMPO_TOTAL,2,,,,
1,1,88,dia_turno_curso,5_N_ADM,83,16652,78338,OPTIMAL,186083.5,186083.5,False,186083.5,3.13,2.77,600.0,5,N,ADM,alfabetica,,1,dia_turno_curso,1,True,TEMPO_TOTAL,iteracao,dia_turno_curso_cursos_progr_ate_2,180.0,180.0,600.0,14400.0,False,False,alfabetica,,alfabetica,,./dados/2024_1/horarios_2024_1.xlsx,./dados/2024_1/salas_2024_1.csv,./dados/2024_1/salas_preferenciais_2024.1.xlsx,/Users/robertdrey/Documents/workspace/development/alocador_de_salas,resultados/experimentos/2024_1/novas_hibridas/dia_turno_depois_progr_2/melhor_solucao.sol,resultados/experimentos/2024_1/novas_hibridas/dia_turno_depois_progr_2/historico.csv,resultados/experimentos/2024_1/novas_hibridas/dia_turno_depois_progr_2/historico.json,dia_turno_curso -> curso -> par_cursos,progressiva,alfabetica,,alfabetica,,alfabetica,,180.0,1,180.0,600.0,1,0,TEMPO_TOTAL,2,,,,
1,1,89,dia_turno_curso,5_N_CC,83,18078,76912,OPTIMAL,186083.5,186083.5,False,186083.5,58.1,57.75,600.0,5,N,CC,alfabetica,,1,dia_turno_curso,1,True,TEMPO_TOTAL,iteracao,dia_turno_curso_cursos_progr_ate_2,180.0,180.0,600.0,14400.0,False,False,alfabetica,,alfabetica,,./dados/2024_1/horarios_2024_1.xlsx,./dados/2024_1/salas_2024_1.csv,./dados/2024_1/salas_preferenciais_2024.1.xlsx,/Users/robertdrey/Documents/workspace/development/alocador_de_salas,resultados/experimentos/2024_1/novas_hibridas/dia_turno_depois_progr_2/melhor_solucao.sol,resultados/experimentos/2024_1/novas_hibridas/dia_turno_depois_progr_2/historico.csv,resultados/experimentos/2024_1/novas_hibridas/dia_turno_depois_progr_2/historico.json,dia_turno_curso -> curso -> par_cursos,progressiva,alfabetica,,alfabetica,,alfabetica,,180.0,1,180.0,600.0,1,0,TEMPO_TOTAL,2,,,,
1,1,90,dia_turno_curso,5_N_CS,57,11914,83076,OPTIMAL,186083.5,186083.5,False,186083.5,2.0,1.68,600.0,5,N,CS,alfabetica,,1,dia_turno_curso,1,True,TEMPO_TOTAL,iteracao,dia_turno_curso_cursos_progr_ate_2,180.0,180.0,600.0,14400.0,False,False,alfabetica,,alfabetica,,./dados/2024_1/horarios_2024_1.xlsx,./dados/2024_1/salas_2024_1.csv,./dados/2024_1/salas_preferenciais_2024.1.xlsx,/Users/robertdrey/Documents/workspace/development/alocador_de_salas,resultados/experimentos/2024_1/novas_hibridas/dia_turno_depois_progr_2/melhor_solucao.sol,resultados/experimentos/2024_1/novas_hibridas/dia_turno_depois_progr_2/historico.csv,resultados/experimentos/2024_1/novas_hibridas/dia_turno_depois_progr_2/historico.json,dia_turno_curso -> curso -> par_cursos,progressiva,alfabetica,,alfabetica,,alfabetica,,180.0,1,180.0,600.0,1,0,TEMPO_TOTAL,2,,,,
1,1,91,dia_turno_curso,5_N_EAS,83,14950,80040,OPTIMAL,186083.5,186083.5,False,186083.5,1.66,1.34,600.0,5,N,EAS,alfabetica,,1,dia_turno_curso,1,True,TEMPO_TOTAL,iteracao,dia_turno_curso_cursos_progr_ate_2,180.0,180.0,600.0,14400.0,False,False,alfabetica,,alfabetica,,./dados/2024_1/horarios_2024_1.xlsx,./dados/2024_1/salas_2024_1.csv,./dados/2024_1/salas_preferenciais_2024.1.xlsx,/Users/robertdrey/Documents/workspace/development/alocador_de_salas,resultados/experimentos/2024_1/novas_hibridas/dia_turno_depois_progr_2/melhor_solucao.sol,resultados/experimentos/2024_1/novas_hibridas/dia_turno_depois_progr_2/historico.csv,resultados/experimentos/2024_1/novas_hibridas/dia_turno_depois_progr_2/historico.json,dia_turno_curso -> curso -> par_cursos,progressiva,alfabetica,,alfabetica,,alfabetica,,180.0,1,180.0,600.0,1,0,TEMPO_TOTAL,2,,,,
1,1,92,dia_turno_curso,5_N_FIL,51,10304,84686,OPTIMAL,186083.5,186083.5,False,186083.5,1.98,1.66,600.0,5,N,FIL,alfabetica,,1,dia_turno_curso,1,True,TEMPO_TOTAL,iteracao,dia_turno_curso_cursos_progr_ate_2,180.0,180.0,600.0,14400.0,False,False,alfabetica,,alfabetica,,./dados/2024_1/horarios_2024_1.xlsx,./dados/2024_1/salas_2024_1.csv,./dados/2024_1/salas_preferenciais_2024.1.xlsx,/Users/robertdrey/Documents/workspace/development/alocador_de_salas,resultados/experimentos/2024_1/novas_hibridas/dia_turno_depois_progr_2/melhor_solucao.sol,resultados/experimentos/2024_1/novas_hibridas/dia_turno_depois_progr_2/historico.csv,resultados/experimentos/2024_1/novas_hibridas/dia_turno_depois_progr_2/historico.json,dia_turno_curso -> curso -> par_cursos,progressiva,alfabetica,,alfabetica,,alfabetica,,180.0,1,180.0,600.0,1,0,TEMPO_TOTAL,2,,,,
1,1,93,dia_turno_curso,5_N_GEO,48,9844,85146,OPTIMAL,186083.5,186083.5,False,186083.5,1.65,1.31,600.0,5,N,GEO,alfabetica,,1,dia_turno_curso,1,True,TEMPO_TOTAL,iteracao,dia_turno_curso_cursos_progr_ate_2,180.0,180.0,600.0,14400.0,False,False,alfabetica,,alfabetica,,./dados/2024_1/horarios_2024_1.xlsx,./dados/2024_1/salas_2024_1.csv,./dados/2024_1/salas_preferenciais_2024.1.xlsx,/Users/robertdrey/Documents/workspace/development/alocador_de_salas,resultados/experimentos/2024_1/novas_hibridas/dia_turno_depois_progr_2/melhor_solucao.sol,resultados/experimentos/2024_1/novas_hibridas/dia_turno_depois_progr_2/historico.csv,resultados/experimentos/2024_1/novas_hibridas/dia_turno_depois_progr_2/historico.json,dia_turno_curso -> curso -> par_cursos,progressiva,alfabetica,,alfabetica,,alfabetica,,180.0,1,180.0,600.0,1,0,TEMPO_TOTAL,2,,,,
1,1,94,dia_turno_curso,5_N_HIS,58,11960,83030,OPTIMAL,186083.5,186083.5,False,186083.5,2.18,1.85,600.0,5,N,HIS,alfabetica,,1,dia_turno_curso,1,True,TEMPO_TOTAL,iteracao,dia_turno_curso_cursos_progr_ate_2,180.0,180.0,600.0,14400.0,False,False,alfabetica,,alfabetica,,./dados/2024_1/horarios_2024_1.xlsx,./dados/2024_1/salas_2024_1.csv,./dados/2024_1/salas_preferenciais_2024.1.xlsx,/Users/robertdrey/Documents/workspace/development/alocador_de_salas,resultados/experimentos/2024_1/novas_hibridas/dia_turno_depois_progr_2/melhor_solucao.sol,resultados/experimentos/2024_1/novas_hibridas/dia_turno_depois_progr_2/historico.csv,resultados/experimentos/2024_1/novas_hibridas/dia_turno_depois_progr_2/historico.json,dia_turno_curso -> curso -> par_cursos,progressiva,alfabetica,,alfabetica,,alfabetica,,180.0,1,180.0,600.0,1,0,TEMPO_TOTAL,2,,,,
1,1,95,dia_turno_curso,5_N_LET,68,15962,79028,OPTIMAL,186083.5,186083.5,False,186083.5,6.84,6.49,600.0,5,N,LET,alfabetica,,1,dia_turno_curso,1,True,TEMPO_TOTAL,iteracao,dia_turno_curso_cursos_progr_ate_2,180.0,180.0,600.0,14400.0,False,False,alfabetica,,alfabetica,,./dados/2024_1/horarios_2024_1.xlsx,./dados/2024_1/salas_2024_1.csv,./dados/2024_1/salas_preferenciais_2024.1.xlsx,/Users/robertdrey/Documents/workspace/development/alocador_de_salas,resultados/experimentos/2024_1/novas_hibridas/dia_turno_depois_progr_2/melhor_solucao.sol,resultados/experimentos/2024_1/novas_hibridas/dia_turno_depois_progr_2/historico.csv,resultados/experimentos/2024_1/novas_hibridas/dia_turno_depois_progr_2/historico.json,dia_turno_curso -> curso -> par_cursos,progressiva,alfabetica,,alfabetica,,alfabetica,,180.0,1,180.0,600.0,1,0,TEMPO_TOTAL,2,,,,
1,1,96,dia_turno_curso,5_N_MAT,58,12328,82662,OPTIMAL,186083.5,186083.5,False,186083.5,1.93,1.56,600.0,5,N,MAT,alfabetica,,1,dia_turno_curso,1,True,TEMPO_TOTAL,iteracao,dia_turno_curso_cursos_progr_ate_2,180.0,180.0,600.0,14400.0,False,False,alfabetica,,alfabetica,,./dados/2024_1/horarios_2024_1.xlsx,./dados/2024_1/salas_2024_1.csv,./dados/2024_1/salas_preferenciais_2024.1.xlsx,/Users/robertdrey/Documents/workspace/development/alocador_de_salas,resultados/experimentos/2024_1/novas_hibridas/dia_turno_depois_progr_2/melhor_solucao.sol,resultados/experimentos/2024_1/novas_hibridas/dia_turno_depois_progr_2/historico.csv,resultados/experimentos/2024_1/novas_hibridas/dia_turno_depois_progr_2/historico.json,dia_turno_curso -> curso -> par_cursos,progressiva,alfabetica,,alfabetica,,alfabetica,,180.0,1,180.0,600.0,1,0,TEMPO_TOTAL,2,,,,
1,1,97,dia_turno_curso,5_N_MED,78,16928,78062,OPTIMAL,186083.5,186083.5,False,186083.5,2.55,2.21,600.0,5,N,MED,alfabetica,,1,dia_turno_curso,1,True,TEMPO_TOTAL,iteracao,dia_turno_curso_cursos_progr_ate_2,180.0,180.0,600.0,14400.0,False,False,alfabetica,,alfabetica,,./dados/2024_1/horarios_2024_1.xlsx,./dados/2024_1/salas_2024_1.csv,./dados/2024_1/salas_preferenciais_2024.1.xlsx,/Users/robertdrey/Documents/workspace/development/alocador_de_salas,resultados/experimentos/2024_1/novas_hibridas/dia_turno_depois_progr_2/melhor_solucao.sol,resultados/experimentos/2024_1/novas_hibridas/dia_turno_depois_progr_2/historico.csv,resultados/experimentos/2024_1/novas_hibridas/dia_turno_depois_progr_2/historico.json,dia_turno_curso -> curso -> par_cursos,progressiva,alfabetica,,alfabetica,,alfabetica,,180.0,1,180.0,600.0,1,0,TEMPO_TOTAL,2,,,,
1,1,98,dia_turno_curso,5_N_PED,90,19780,75210,OPTIMAL,186083.5,186083.5,False,186083.5,8.69,8.33,600.0,5,N,PED,alfabetica,,1,dia_turno_curso,1,True,TEMPO_TOTAL,iteracao,dia_turno_curso_cursos_progr_ate_2,180.0,180.0,600.0,14400.0,False,False,alfabetica,,alfabetica,,./dados/2024_1/horarios_2024_1.xlsx,./dados/2024_1/salas_2024_1.csv,./dados/2024_1/salas_preferenciais_2024.1.xlsx,/Users/robertdrey/Documents/workspace/development/alocador_de_salas,resultados/experimentos/2024_1/novas_hibridas/dia_turno_depois_progr_2/melhor_solucao.sol,resultados/experimentos/2024_1/novas_hibridas/dia_turno_depois_progr_2/historico.csv,resultados/experimentos/2024_1/novas_hibridas/dia_turno_depois_progr_2/historico.json,dia_turno_curso -> curso -> par_cursos,progressiva,alfabetica,,alfabetica,,alfabetica,,180.0,1,180.0,600.0,1,0,TEMPO_TOTAL,2,,,,
1,1,99,dia_turno_curso,6_M_ADM,74,15226,79764,OPTIMAL,186083.5,186083.5,False,186083.5,2.85,2.45,600.0,6,M,ADM,alfabetica,,1,dia_turno_curso,1,True,TEMPO_TOTAL,iteracao,dia_turno_curso_cursos_progr_ate_2,180.0,180.0,600.0,14400.0,False,False,alfabetica,,alfabetica,,./dados/2024_1/horarios_2024_1.xlsx,./dados/2024_1/salas_2024_1.csv,./dados/2024_1/salas_preferenciais_2024.1.xlsx,/Users/robertdrey/Documents/workspace/development/alocador_de_salas,resultados/experimentos/2024_1/novas_hibridas/dia_turno_depois_progr_2/melhor_solucao.sol,resultados/experimentos/2024_1/novas_hibridas/dia_turno_depois_progr_2/historico.csv,resultados/experimentos/2024_1/novas_hibridas/dia_turno_depois_progr_2/historico.json,dia_turno_curso -> curso -> par_cursos,progressiva,alfabetica,,alfabetica,,alfabetica,,180.0,1,180.0,600.0,1,0,TEMPO_TOTAL,2,,,,
1,1,100,dia_turno_curso,6_M_AGRO,76,14168,80822,OPTIMAL,186083.5,186083.5,False,186083.5,5.26,4.85,600.0,6,M,AGRO,alfabetica,,1,dia_turno_curso,1,True,TEMPO_TOTAL,iteracao,dia_turno_curso_cursos_progr_ate_2,180.0,180.0,600.0,14400.0,False,False,alfabetica,,alfabetica,,./dados/2024_1/horarios_2024_1.xlsx,./dados/2024_1/salas_2024_1.csv,./dados/2024_1/salas_preferenciais_2024.1.xlsx,/Users/robertdrey/Documents/workspace/development/alocador_de_salas,resultados/experimentos/2024_1/novas_hibridas/dia_turno_depois_progr_2/melhor_solucao.sol,resultados/experimentos/2024_1/novas_hibridas/dia_turno_depois_progr_2/historico.csv,resultados/experimentos/2024_1/novas_hibridas/dia_turno_depois_progr_2/historico.json,dia_turno_curso -> curso -> par_cursos,progressiva,alfabetica,,alfabetica,,alfabetica,,180.0,1,180.0,600.0,1,0,TEMPO_TOTAL,2,,,,
1,1,101,dia_turno_curso,6_M_EAS,69,13294,81696,OPTIMAL,186083.5,186083.5,False,186083.5,1.74,1.37,600.0,6,M,EAS,alfabetica,,1,dia_turno_curso,1,True,TEMPO_TOTAL,iteracao,dia_turno_curso_cursos_progr_ate_2,180.0,180.0,600.0,14400.0,False,False,alfabetica,,alfabetica,,./dados/2024_1/horarios_2024_1.xlsx,./dados/2024_1/salas_2024_1.csv,./dados/2024_1/salas_preferenciais_2024.1.xlsx,/Users/robertdrey/Documents/workspace/development/alocador_de_salas,resultados/experimentos/2024_1/novas_hibridas/dia_turno_depois_progr_2/melhor_solucao.sol,resultados/experimentos/2024_1/novas_hibridas/dia_turno_depois_progr_2/historico.csv,resultados/experimentos/2024_1/novas_hibridas/dia_turno_depois_progr_2/historico.json,dia_turno_curso -> curso -> par_cursos,progressiva,alfabetica,,alfabetica,,alfabetica,,180.0,1,180.0,600.0,1,0,TEMPO_TOTAL,2,,,,
1,1,102,dia_turno_curso,6_M_MED,69,15778,79212,OPTIMAL,186083.5,186083.5,False,186083.5,3.45,3.1,600.0,6,M,MED,alfabetica,,1,dia_turno_curso,1,True,TEMPO_TOTAL,iteracao,dia_turno_curso_cursos_progr_ate_2,180.0,180.0,600.0,14400.0,False,False,alfabetica,,alfabetica,,./dados/2024_1/horarios_2024_1.xlsx,./dados/2024_1/salas_2024_1.csv,./dados/2024_1/salas_preferenciais_2024.1.xlsx,/Users/robertdrey/Documents/workspace/development/alocador_de_salas,resultados/experimentos/2024_1/novas_hibridas/dia_turno_depois_progr_2/melhor_solucao.sol,resultados/experimentos/2024_1/novas_hibridas/dia_turno_depois_progr_2/historico.csv,resultados/experimentos/2024_1/novas_hibridas/dia_turno_depois_progr_2/historico.json,dia_turno_curso -> curso -> par_cursos,progressiva,alfabetica,,alfabetica,,alfabetica,,180.0,1,180.0,600.0,1,0,TEMPO_TOTAL,2,,,,
1,1,103,dia_turno_curso,6_M_PED,81,18078,76912,OPTIMAL,186083.5,186065.5,True,186065.5,36.16,35.77,600.0,6,M,PED,alfabetica,,1,dia_turno_curso,1,True,TEMPO_TOTAL,iteracao,dia_turno_curso_cursos_progr_ate_2,180.0,180.0,600.0,14400.0,False,False,alfabetica,,alfabetica,,./dados/2024_1/horarios_2024_1.xlsx,./dados/2024_1/salas_2024_1.csv,./dados/2024_1/salas_preferenciais_2024.1.xlsx,/Users/robertdrey/Documents/workspace/development/alocador_de_salas,resultados/experimentos/2024_1/novas_hibridas/dia_turno_depois_progr_2/melhor_solucao.sol,resultados/experimentos/2024_1/novas_hibridas/dia_turno_depois_progr_2/historico.csv,resultados/experimentos/2024_1/novas_hibridas/dia_turno_depois_progr_2/historico.json,dia_turno_curso -> curso -> par_cursos,progressiva,alfabetica,,alfabetica,,alfabetica,,180.0,1,180.0,600.0,1,0,TEMPO_TOTAL,2,,,,
1,1,104,dia_turno_curso,6_T_AGRO,79,20102,74888,OPTIMAL,186065.5,186065.5,False,186065.5,6.95,6.6,600.0,6,T,AGRO,alfabetica,,1,dia_turno_curso,1,True,TEMPO_TOTAL,iteracao,dia_turno_curso_cursos_progr_ate_2,180.0,180.0,600.0,14400.0,False,False,alfabetica,,alfabetica,,./dados/2024_1/horarios_2024_1.xlsx,./dados/2024_1/salas_2024_1.csv,./dados/2024_1/salas_preferenciais_2024.1.xlsx,/Users/robertdrey/Documents/workspace/development/alocador_de_salas,resultados/experimentos/2024_1/novas_hibridas/dia_turno_depois_progr_2/melhor_solucao.sol,resultados/experimentos/2024_1/novas_hibridas/dia_turno_depois_progr_2/historico.csv,resultados/experimentos/2024_1/novas_hibridas/dia_turno_depois_progr_2/historico.json,dia_turno_curso -> curso -> par_cursos,progressiva,alfabetica,,alfabetica,,alfabetica,,180.0,1,180.0,600.0,1,0,TEMPO_TOTAL,2,,,,
1,1,105,dia_turno_curso,6_T_CC,68,20102,74888,OPTIMAL,186065.5,186065.5,False,186065.5,51.11,50.78,600.0,6,T,CC,alfabetica,,1,dia_turno_curso,1,True,TEMPO_TOTAL,iteracao,dia_turno_curso_cursos_progr_ate_2,180.0,180.0,600.0,14400.0,False,False,alfabetica,,alfabetica,,./dados/2024_1/horarios_2024_1.xlsx,./dados/2024_1/salas_2024_1.csv,./dados/2024_1/salas_preferenciais_2024.1.xlsx,/Users/robertdrey/Documents/workspace/development/alocador_de_salas,resultados/experimentos/2024_1/novas_hibridas/dia_turno_depois_progr_2/melhor_solucao.sol,resultados/experimentos/2024_1/novas_hibridas/dia_turno_depois_progr_2/historico.csv,resultados/experimentos/2024_1/novas_hibridas/dia_turno_depois_progr_2/historico.json,dia_turno_curso -> curso -> par_cursos,progressiva,alfabetica,,alfabetica,,alfabetica,,180.0,1,180.0,600.0,1,0,TEMPO_TOTAL,2,,,,
1,1,106,dia_turno_curso,6_T_EAS,71,18124,76866,OPTIMAL,186065.5,186065.5,False,186065.5,1.1,0.79,600.0,6,T,EAS,alfabetica,,1,dia_turno_curso,1,True,TEMPO_TOTAL,iteracao,dia_turno_curso_cursos_progr_ate_2,180.0,180.0,600.0,14400.0,False,False,alfabetica,,alfabetica,,./dados/2024_1/horarios_2024_1.xlsx,./dados/2024_1/salas_2024_1.csv,./dados/2024_1/salas_preferenciais_2024.1.xlsx,/Users/robertdrey/Documents/workspace/development/alocador_de_salas,resultados/experimentos/2024_1/novas_hibridas/dia_turno_depois_progr_2/melhor_solucao.sol,resultados/experimentos/2024_1/novas_hibridas/dia_turno_depois_progr_2/historico.csv,resultados/experimentos/2024_1/novas_hibridas/dia_turno_depois_progr_2/historico.json,dia_turno_curso -> curso -> par_cursos,progressiva,alfabetica,,alfabetica,,alfabetica,,180.0,1,180.0,600.0,1,0,TEMPO_TOTAL,2,,,,
1,1,107,dia_turno_curso,6_T_ENF,43,15364,79626,OPTIMAL,186065.5,186065.5,False,186065.5,7.24,6.92,600.0,6,T,ENF,alfabetica,,1,dia_turno_curso,1,True,TEMPO_TOTAL,iteracao,dia_turno_curso_cursos_progr_ate_2,180.0,180.0,600.0,14400.0,False,False,alfabetica,,alfabetica,,./dados/2024_1/horarios_2024_1.xlsx,./dados/2024_1/salas_2024_1.csv,./dados/2024_1/salas_preferenciais_2024.1.xlsx,/Users/robertdrey/Documents/workspace/development/alocador_de_salas,resultados/experimentos/2024_1/novas_hibridas/dia_turno_depois_progr_2/melhor_solucao.sol,resultados/experimentos/2024_1/novas_hibridas/dia_turno_depois_progr_2/historico.csv,resultados/experimentos/2024_1/novas_hibridas/dia_turno_depois_progr_2/historico.json,dia_turno_curso -> curso -> par_cursos,progressiva,alfabetica,,alfabetica,,alfabetica,,180.0,1,180.0,600.0,1,0,TEMPO_TOTAL,2,,,,
1,1,108,dia_turno_curso,6_T_LET,63,18998,75992,OPTIMAL,186065.5,186065.5,False,186065.5,2.54,2.18,600.0,6,T,LET,alfabetica,,1,dia_turno_curso,1,True,TEMPO_TOTAL,iteracao,dia_turno_curso_cursos_progr_ate_2,180.0,180.0,600.0,14400.0,False,False,alfabetica,,alfabetica,,./dados/2024_1/horarios_2024_1.xlsx,./dados/2024_1/salas_2024_1.csv,./dados/2024_1/salas_preferenciais_2024.1.xlsx,/Users/robertdrey/Documents/workspace/development/alocador_de_salas,resultados/experimentos/2024_1/novas_hibridas/dia_turno_depois_progr_2/melhor_solucao.sol,resultados/experimentos/2024_1/novas_hibridas/dia_turno_depois_progr_2/historico.csv,resultados/experimentos/2024_1/novas_hibridas/dia_turno_depois_progr_2/historico.json,dia_turno_curso -> curso -> par_cursos,progressiva,alfabetica,,alfabetica,,alfabetica,,180.0,1,180.0,600.0,1,0,TEMPO_TOTAL,2,,,,
1,1,109,dia_turno_curso,6_T_MED,64,19274,75716,OPTIMAL,186065.5,186065.5,False,186065.5,2.68,2.31,600.0,6,T,MED,alfabetica,,1,dia_turno_curso,1,True,TEMPO_TOTAL,iteracao,dia_turno_curso_cursos_progr_ate_2,180.0,180.0,600.0,14400.0,False,False,alfabetica,,alfabetica,,./dados/2024_1/horarios_2024_1.xlsx,./dados/2024_1/salas_2024_1.csv,./dados/2024_1/salas_preferenciais_2024.1.xlsx,/Users/robertdrey/Documents/workspace/development/alocador_de_salas,resultados/experimentos/2024_1/novas_hibridas/dia_turno_depois_progr_2/melhor_solucao.sol,resultados/experimentos/2024_1/novas_hibridas/dia_turno_depois_progr_2/historico.csv,resultados/experimentos/2024_1/novas_hibridas/dia_turno_depois_progr_2/historico.json,dia_turno_curso -> curso -> par_cursos,progressiva,alfabetica,,alfabetica,,alfabetica,,180.0,1,180.0,600.0,1,0,TEMPO_TOTAL,2,,,,
1,1,110,dia_turno_curso,6_N_ADM,83,17158,77832,OPTIMAL,186065.5,186044.5,True,186044.5,2.6,2.26,600.0,6,N,ADM,alfabetica,,1,dia_turno_curso,1,True,TEMPO_TOTAL,iteracao,dia_turno_curso_cursos_progr_ate_2,180.0,180.0,600.0,14400.0,False,False,alfabetica,,alfabetica,,./dados/2024_1/horarios_2024_1.xlsx,./dados/2024_1/salas_2024_1.csv,./dados/2024_1/salas_preferenciais_2024.1.xlsx,/Users/robertdrey/Documents/workspace/development/alocador_de_salas,resultados/experimentos/2024_1/novas_hibridas/dia_turno_depois_progr_2/melhor_solucao.sol,resultados/experimentos/2024_1/novas_hibridas/dia_turno_depois_progr_2/historico.csv,resultados/experimentos/2024_1/novas_hibridas/dia_turno_depois_progr_2/historico.json,dia_turno_curso -> curso -> par_cursos,progressiva,alfabetica,,alfabetica,,alfabetica,,180.0,1,180.0,600.0,1,0,TEMPO_TOTAL,2,,,,
1,1,111,dia_turno_curso,6_N_AGRO,89,16422,78568,OPTIMAL,186044.5,186044.5,False,186044.5,5.39,5.05,600.0,6,N,AGRO,alfabetica,,1,dia_turno_curso,1,True,TEMPO_TOTAL,iteracao,dia_turno_curso_cursos_progr_ate_2,180.0,180.0,600.0,14400.0,False,False,alfabetica,,alfabetica,,./dados/2024_1/horarios_2024_1.xlsx,./dados/2024_1/salas_2024_1.csv,./dados/2024_1/salas_preferenciais_2024.1.xlsx,/Users/robertdrey/Documents/workspace/development/alocador_de_salas,resultados/experimentos/2024_1/novas_hibridas/dia_turno_depois_progr_2/melhor_solucao.sol,resultados/experimentos/2024_1/novas_hibridas/dia_turno_depois_progr_2/historico.csv,resultados/experimentos/2024_1/novas_hibridas/dia_turno_depois_progr_2/historico.json,dia_turno_curso -> curso -> par_cursos,progressiva,alfabetica,,alfabetica,,alfabetica,,180.0,1,180.0,600.0,1,0,TEMPO_TOTAL,2,,,,
1,1,112,dia_turno_curso,6_N_CC,82,18400,76590,OPTIMAL,186044.5,186044.5,False,186044.5,11.88,11.53,600.0,6,N,CC,alfabetica,,1,dia_turno_curso,1,True,TEMPO_TOTAL,iteracao,dia_turno_curso_cursos_progr_ate_2,180.0,180.0,600.0,14400.0,False,False,alfabetica,,alfabetica,,./dados/2024_1/horarios_2024_1.xlsx,./dados/2024_1/salas_2024_1.csv,./dados/2024_1/salas_preferenciais_2024.1.xlsx,/Users/robertdrey/Documents/workspace/development/alocador_de_salas,resultados/experimentos/2024_1/novas_hibridas/dia_turno_depois_progr_2/melhor_solucao.sol,resultados/experimentos/2024_1/novas_hibridas/dia_turno_depois_progr_2/historico.csv,resultados/experimentos/2024_1/novas_hibridas/dia_turno_depois_progr_2/historico.json,dia_turno_curso -> curso -> par_cursos,progressiva,alfabetica,,alfabetica,,alfabetica,,180.0,1,180.0,600.0,1,0,TEMPO_TOTAL,2,,,,
1,1,113,dia_turno_curso,6_N_CS,57,12420,82570,OPTIMAL,186044.5,186044.5,False,186044.5,2.04,1.7,600.0,6,N,CS,alfabetica,,1,dia_turno_curso,1,True,TEMPO_TOTAL,iteracao,dia_turno_curso_cursos_progr_ate_2,180.0,180.0,600.0,14400.0,False,False,alfabetica,,alfabetica,,./dados/2024_1/horarios_2024_1.xlsx,./dados/2024_1/salas_2024_1.csv,./dados/2024_1/salas_preferenciais_2024.1.xlsx,/Users/robertdrey/Documents/workspace/development/alocador_de_salas,resultados/experimentos/2024_1/novas_hibridas/dia_turno_depois_progr_2/melhor_solucao.sol,resultados/experimentos/2024_1/novas_hibridas/dia_turno_depois_progr_2/historico.csv,resultados/experimentos/2024_1/novas_hibridas/dia_turno_depois_progr_2/historico.json,dia_turno_curso -> curso -> par_cursos,progressiva,alfabetica,,alfabetica,,alfabetica,,180.0,1,180.0,600.0,1,0,TEMPO_TOTAL,2,,,,
1,1,114,dia_turno_curso,6_N_EAS,83,15456,79534,OPTIMAL,186044.5,186044.5,False,186044.5,1.72,1.4,600.0,6,N,EAS,alfabetica,,1,dia_turno_curso,1,True,TEMPO_TOTAL,iteracao,dia_turno_curso_cursos_progr_ate_2,180.0,180.0,600.0,14400.0,False,False,alfabetica,,alfabetica,,./dados/2024_1/horarios_2024_1.xlsx,./dados/2024_1/salas_2024_1.csv,./dados/2024_1/salas_preferenciais_2024.1.xlsx,/Users/robertdrey/Documents/workspace/development/alocador_de_salas,resultados/experimentos/2024_1/novas_hibridas/dia_turno_depois_progr_2/melhor_solucao.sol,resultados/experimentos/2024_1/novas_hibridas/dia_turno_depois_progr_2/historico.csv,resultados/experimentos/2024_1/novas_hibridas/dia_turno_depois_progr_2/historico.json,dia_turno_curso -> curso -> par_cursos,progressiva,alfabetica,,alfabetica,,alfabetica,,180.0,1,180.0,600.0,1,0,TEMPO_TOTAL,2,,,,
1,1,115,dia_turno_curso,6_N_FIL,51,10810,84180,OPTIMAL,186044.5,186044.5,False,186044.5,1.89,1.57,600.0,6,N,FIL,alfabetica,,1,dia_turno_curso,1,True,TEMPO_TOTAL,iteracao,dia_turno_curso_cursos_progr_ate_2,180.0,180.0,600.0,14400.0,False,False,alfabetica,,alfabetica,,./dados/2024_1/horarios_2024_1.xlsx,./dados/2024_1/salas_2024_1.csv,./dados/2024_1/salas_preferenciais_2024.1.xlsx,/Users/robertdrey/Documents/workspace/development/alocador_de_salas,resultados/experimentos/2024_1/novas_hibridas/dia_turno_depois_progr_2/melhor_solucao.sol,resultados/experimentos/2024_1/novas_hibridas/dia_turno_depois_progr_2/historico.csv,resultados/experimentos/2024_1/novas_hibridas/dia_turno_depois_progr_2/historico.json,dia_turno_curso -> curso -> par_cursos,progressiva,alfabetica,,alfabetica,,alfabetica,,180.0,1,180.0,600.0,1,0,TEMPO_TOTAL,2,,,,
1,1,116,dia_turno_curso,6_N_GEO,47,10304,84686,OPTIMAL,186044.5,186044.5,False,186044.5,1.69,1.34,600.0,6,N,GEO,alfabetica,,1,dia_turno_curso,1,True,TEMPO_TOTAL,iteracao,dia_turno_curso_cursos_progr_ate_2,180.0,180.0,600.0,14400.0,False,False,alfabetica,,alfabetica,,./dados/2024_1/horarios_2024_1.xlsx,./dados/2024_1/salas_2024_1.csv,./dados/2024_1/salas_preferenciais_2024.1.xlsx,/Users/robertdrey/Documents/workspace/development/alocador_de_salas,resultados/experimentos/2024_1/novas_hibridas/dia_turno_depois_progr_2/melhor_solucao.sol,resultados/experimentos/2024_1/novas_hibridas/dia_turno_depois_progr_2/historico.csv,resultados/experimentos/2024_1/novas_hibridas/dia_turno_depois_progr_2/historico.json,dia_turno_curso -> curso -> par_cursos,progressiva,alfabetica,,alfabetica,,alfabetica,,180.0,1,180.0,600.0,1,0,TEMPO_TOTAL,2,,,,
1,1,117,dia_turno_curso,6_N_HIS,59,12650,82340,OPTIMAL,186044.5,186044.5,False,186044.5,1.86,1.51,600.0,6,N,HIS,alfabetica,,1,dia_turno_curso,1,True,TEMPO_TOTAL,iteracao,dia_turno_curso_cursos_progr_ate_2,180.0,180.0,600.0,14400.0,False,False,alfabetica,,alfabetica,,./dados/2024_1/horarios_2024_1.xlsx,./dados/2024_1/salas_2024_1.csv,./dados/2024_1/salas_preferenciais_2024.1.xlsx,/Users/robertdrey/Documents/workspace/development/alocador_de_salas,resultados/experimentos/2024_1/novas_hibridas/dia_turno_depois_progr_2/melhor_solucao.sol,resultados/experimentos/2024_1/novas_hibridas/dia_turno_depois_progr_2/historico.csv,resultados/experimentos/2024_1/novas_hibridas/dia_turno_depois_progr_2/historico.json,dia_turno_curso -> curso -> par_cursos,progressiva,alfabetica,,alfabetica,,alfabetica,,180.0,1,180.0,600.0,1,0,TEMPO_TOTAL,2,,,,
1,1,118,dia_turno_curso,6_N_LET,69,16376,78614,OPTIMAL,186044.5,186044.5,False,186044.5,4.81,4.47,600.0,6,N,LET,alfabetica,,1,dia_turno_curso,1,True,TEMPO_TOTAL,iteracao,dia_turno_curso_cursos_progr_ate_2,180.0,180.0,600.0,14400.0,False,False,alfabetica,,alfabetica,,./dados/2024_1/horarios_2024_1.xlsx,./dados/2024_1/salas_2024_1.csv,./dados/2024_1/salas_preferenciais_2024.1.xlsx,/Users/robertdrey/Documents/workspace/development/alocador_de_salas,resultados/experimentos/2024_1/novas_hibridas/dia_turno_depois_progr_2/melhor_solucao.sol,resultados/experimentos/2024_1/novas_hibridas/dia_turno_depois_progr_2/historico.csv,resultados/experimentos/2024_1/novas_hibridas/dia_turno_depois_progr_2/historico.json,dia_turno_curso -> curso -> par_cursos,progressiva,alfabetica,,alfabetica,,alfabetica,,180.0,1,180.0,600.0,1,0,TEMPO_TOTAL,2,,,,
1,1,119,dia_turno_curso,6_N_MAT,58,12834,82156,OPTIMAL,186044.5,186044.5,False,186044.5,2.3,1.91,600.0,6,N,MAT,alfabetica,,1,dia_turno_curso,1,True,TEMPO_TOTAL,iteracao,dia_turno_curso_cursos_progr_ate_2,180.0,180.0,600.0,14400.0,False,False,alfabetica,,alfabetica,,./dados/2024_1/horarios_2024_1.xlsx,./dados/2024_1/salas_2024_1.csv,./dados/2024_1/salas_preferenciais_2024.1.xlsx,/Users/robertdrey/Documents/workspace/development/alocador_de_salas,resultados/experimentos/2024_1/novas_hibridas/dia_turno_depois_progr_2/melhor_solucao.sol,resultados/experimentos/2024_1/novas_hibridas/dia_turno_depois_progr_2/historico.csv,resultados/experimentos/2024_1/novas_hibridas/dia_turno_depois_progr_2/historico.json,dia_turno_curso -> curso -> par_cursos,progressiva,alfabetica,,alfabetica,,alfabetica,,180.0,1,180.0,600.0,1,0,TEMPO_TOTAL,2,,,,
1,1,120,dia_turno_curso,6_N_PED,89,20286,74704,OPTIMAL,186044.5,186044.5,False,186044.5,50.54,50.18,600.0,6,N,PED,alfabetica,,1,dia_turno_curso,1,True,TEMPO_TOTAL,iteracao,dia_turno_curso_cursos_progr_ate_2,180.0,180.0,600.0,14400.0,False,False,alfabetica,,alfabetica,,./dados/2024_1/horarios_2024_1.xlsx,./dados/2024_1/salas_2024_1.csv,./dados/2024_1/salas_preferenciais_2024.1.xlsx,/Users/robertdrey/Documents/workspace/development/alocador_de_salas,resultados/experimentos/2024_1/novas_hibridas/dia_turno_depois_progr_2/melhor_solucao.sol,resultados/experimentos/2024_1/novas_hibridas/dia_turno_depois_progr_2/historico.csv,resultados/experimentos/2024_1/novas_hibridas/dia_turno_depois_progr_2/historico.json,dia_turno_curso -> curso -> par_cursos,progressiva,alfabetica,,alfabetica,,alfabetica,,180.0,1,180.0,600.0,1,0,TEMPO_TOTAL,2,,,,
1,1,121,dia_turno_curso,7_M_AGRO,68,15870,79120,OPTIMAL,186044.5,186044.5,False,186044.5,4.47,4.13,600.0,7,M,AGRO,alfabetica,,1,dia_turno_curso,1,True,TEMPO_TOTAL,iteracao,dia_turno_curso_cursos_progr_ate_2,180.0,180.0,600.0,14400.0,False,False,alfabetica,,alfabetica,,./dados/2024_1/horarios_2024_1.xlsx,./dados/2024_1/salas_2024_1.csv,./dados/2024_1/salas_preferenciais_2024.1.xlsx,/Users/robertdrey/Documents/workspace/development/alocador_de_salas,resultados/experimentos/2024_1/novas_hibridas/dia_turno_depois_progr_2/melhor_solucao.sol,resultados/experimentos/2024_1/novas_hibridas/dia_turno_depois_progr_2/historico.csv,resultados/experimentos/2024_1/novas_hibridas/dia_turno_depois_progr_2/historico.json,dia_turno_curso -> curso -> par_cursos,progressiva,alfabetica,,alfabetica,,alfabetica,,180.0,1,180.0,600.0,1,0,TEMPO_TOTAL,2,,,,
1,1,122,dia_turno_curso,7_M_CC,63,17480,77510,OPTIMAL,186044.5,186044.5,False,186044.5,61.38,61.06,600.0,7,M,CC,alfabetica,,1,dia_turno_curso,1,True,TEMPO_TOTAL,iteracao,dia_turno_curso_cursos_progr_ate_2,180.0,180.0,600.0,14400.0,False,False,alfabetica,,alfabetica,,./dados/2024_1/horarios_2024_1.xlsx,./dados/2024_1/salas_2024_1.csv,./dados/2024_1/salas_preferenciais_2024.1.xlsx,/Users/robertdrey/Documents/workspace/development/alocador_de_salas,resultados/experimentos/2024_1/novas_hibridas/dia_turno_depois_progr_2/melhor_solucao.sol,resultados/experimentos/2024_1/novas_hibridas/dia_turno_depois_progr_2/historico.csv,resultados/experimentos/2024_1/novas_hibridas/dia_turno_depois_progr_2/historico.json,dia_turno_curso -> curso -> par_cursos,progressiva,alfabetica,,alfabetica,,alfabetica,,180.0,1,180.0,600.0,1,0,TEMPO_TOTAL,2,,,,
1,1,123,dia_turno_curso,7_M_CS,40,12742,82248,OPTIMAL,186044.5,186044.5,False,186044.5,1.23,0.93,600.0,7,M,CS,alfabetica,,1,dia_turno_curso,1,True,TEMPO_TOTAL,iteracao,dia_turno_curso_cursos_progr_ate_2,180.0,180.0,600.0,14400.0,False,False,alfabetica,,alfabetica,,./dados/2024_1/horarios_2024_1.xlsx,./dados/2024_1/salas_2024_1.csv,./dados/2024_1/salas_preferenciais_2024.1.xlsx,/Users/robertdrey/Documents/workspace/development/alocador_de_salas,resultados/experimentos/2024_1/novas_hibridas/dia_turno_depois_progr_2/melhor_solucao.sol,resultados/experimentos/2024_1/novas_hibridas/dia_turno_depois_progr_2/historico.csv,resultados/experimentos/2024_1/novas_hibridas/dia_turno_depois_progr_2/historico.json,dia_turno_curso -> curso -> par_cursos,progressiva,alfabetica,,alfabetica,,alfabetica,,180.0,1,180.0,600.0,1,0,TEMPO_TOTAL,2,,,,
1,1,124,dia_turno_curso,7_M_GEO,28,10258,84732,OPTIMAL,186044.5,186044.5,False,186044.5,0.96,0.64,600.0,7,M,GEO,alfabetica,,1,dia_turno_curso,1,True,TEMPO_TOTAL,iteracao,dia_turno_curso_cursos_progr_ate_2,180.0,180.0,600.0,14400.0,False,False,alfabetica,,alfabetica,,./dados/2024_1/horarios_2024_1.xlsx,./dados/2024_1/salas_2024_1.csv,./dados/2024_1/salas_preferenciais_2024.1.xlsx,/Users/robertdrey/Documents/workspace/development/alocador_de_salas,resultados/experimentos/2024_1/novas_hibridas/dia_turno_depois_progr_2/melhor_solucao.sol,resultados/experimentos/2024_1/novas_hibridas/dia_turno_depois_progr_2/historico.csv,resultados/experimentos/2024_1/novas_hibridas/dia_turno_depois_progr_2/historico.json,dia_turno_curso -> curso -> par_cursos,progressiva,alfabetica,,alfabetica,,alfabetica,,180.0,1,180.0,600.0,1,0,TEMPO_TOTAL,2,,,,
1,1,125,dia_turno_curso,7_M_HIS,41,12420,82570,OPTIMAL,186044.5,186044.5,False,186044.5,1.02,0.71,600.0,7,M,HIS,alfabetica,,1,dia_turno_curso,1,True,TEMPO_TOTAL,iteracao,dia_turno_curso_cursos_progr_ate_2,180.0,180.0,600.0,14400.0,False,False,alfabetica,,alfabetica,,./dados/2024_1/horarios_2024_1.xlsx,./dados/2024_1/salas_2024_1.csv,./dados/2024_1/salas_preferenciais_2024.1.xlsx,/Users/robertdrey/Documents/workspace/development/alocador_de_salas,resultados/experimentos/2024_1/novas_hibridas/dia_turno_depois_progr_2/melhor_solucao.sol,resultados/experimentos/2024_1/novas_hibridas/dia_turno_depois_progr_2/historico.csv,resultados/experimentos/2024_1/novas_hibridas/dia_turno_depois_progr_2/historico.json,dia_turno_curso -> curso -> par_cursos,progressiva,alfabetica,,alfabetica,,alfabetica,,180.0,1,180.0,600.0,1,0,TEMPO_TOTAL,2,,,,
1,1,126,dia_turno_curso,7_M_MAT,40,12604,82386,OPTIMAL,186044.5,186044.5,False,186044.5,1.19,0.87,600.0,7,M,MAT,alfabetica,,1,dia_turno_curso,1,True,TEMPO_TOTAL,iteracao,dia_turno_curso_cursos_progr_ate_2,180.0,180.0,600.0,14400.0,False,False,alfabetica,,alfabetica,,./dados/2024_1/horarios_2024_1.xlsx,./dados/2024_1/salas_2024_1.csv,./dados/2024_1/salas_preferenciais_2024.1.xlsx,/Users/robertdrey/Documents/workspace/development/alocador_de_salas,resultados/experimentos/2024_1/novas_hibridas/dia_turno_depois_progr_2/melhor_solucao.sol,resultados/experimentos/2024_1/novas_hibridas/dia_turno_depois_progr_2/historico.csv,resultados/experimentos/2024_1/novas_hibridas/dia_turno_depois_progr_2/historico.json,dia_turno_curso -> curso -> par_cursos,progressiva,alfabetica,,alfabetica,,alfabetica,,180.0,1,180.0,600.0,1,0,TEMPO_TOTAL,2,,,,
1,1,127,dia_turno_curso,7_M_MED,59,17480,77510,OPTIMAL,186044.5,186044.5,False,186044.5,2.17,1.83,600.0,7,M,MED,alfabetica,,1,dia_turno_curso,1,True,TEMPO_TOTAL,iteracao,dia_turno_curso_cursos_progr_ate_2,180.0,180.0,600.0,14400.0,False,False,alfabetica,,alfabetica,,./dados/2024_1/horarios_2024_1.xlsx,./dados/2024_1/salas_2024_1.csv,./dados/2024_1/salas_preferenciais_2024.1.xlsx,/Users/robertdrey/Documents/workspace/development/alocador_de_salas,resultados/experimentos/2024_1/novas_hibridas/dia_turno_depois_progr_2/melhor_solucao.sol,resultados/experimentos/2024_1/novas_hibridas/dia_turno_depois_progr_2/historico.csv,resultados/experimentos/2024_1/novas_hibridas/dia_turno_depois_progr_2/historico.json,dia_turno_curso -> curso -> par_cursos,progressiva,alfabetica,,alfabetica,,alfabetica,,180.0,1,180.0,600.0,1,0,TEMPO_TOTAL,2,,,,
1,1,128,dia_turno_curso,7_M_PED,68,17572,77418,OPTIMAL,186044.5,186044.5,False,186044.5,52.15,51.8,600.0,7,M,PED,alfabetica,,1,dia_turno_curso,1,True,TEMPO_TOTAL,iteracao,dia_turno_curso_cursos_progr_ate_2,180.0,180.0,600.0,14400.0,False,False,alfabetica,,alfabetica,,./dados/2024_1/horarios_2024_1.xlsx,./dados/2024_1/salas_2024_1.csv,./dados/2024_1/salas_preferenciais_2024.1.xlsx,/Users/robertdrey/Documents/workspace/development/alocador_de_salas,resultados/experimentos/2024_1/novas_hibridas/dia_turno_depois_progr_2/melhor_solucao.sol,resultados/experimentos/2024_1/novas_hibridas/dia_turno_depois_progr_2/historico.csv,resultados/experimentos/2024_1/novas_hibridas/dia_turno_depois_progr_2/historico.json,dia_turno_curso -> curso -> par_cursos,progressiva,alfabetica,,alfabetica,,alfabetica,,180.0,1,180.0,600.0,1,0,TEMPO_TOTAL,2,,,,
1,1,129,dia_turno_curso,7_T_AGRO,58,12144,82846,OPTIMAL,186044.5,186044.5,False,186044.5,4.21,3.86,600.0,7,T,AGRO,alfabetica,,1,dia_turno_curso,1,True,TEMPO_TOTAL,iteracao,dia_turno_curso_cursos_progr_ate_2,180.0,180.0,600.0,14400.0,False,False,alfabetica,,alfabetica,,./dados/2024_1/horarios_2024_1.xlsx,./dados/2024_1/salas_2024_1.csv,./dados/2024_1/salas_preferenciais_2024.1.xlsx,/Users/robertdrey/Documents/workspace/development/alocador_de_salas,resultados/experimentos/2024_1/novas_hibridas/dia_turno_depois_progr_2/melhor_solucao.sol,resultados/experimentos/2024_1/novas_hibridas/dia_turno_depois_progr_2/historico.csv,resultados/experimentos/2024_1/novas_hibridas/dia_turno_depois_progr_2/historico.json,dia_turno_curso -> curso -> par_cursos,progressiva,alfabetica,,alfabetica,,alfabetica,,180.0,1,180.0,600.0,1,0,TEMPO_TOTAL,2,,,,
1,1,130,dia_turno_curso,7_T_CC,53,13754,81236,OPTIMAL,186044.5,186044.5,False,186044.5,29.67,29.35,600.0,7,T,CC,alfabetica,,1,dia_turno_curso,1,True,TEMPO_TOTAL,iteracao,dia_turno_curso_cursos_progr_ate_2,180.0,180.0,600.0,14400.0,False,False,alfabetica,,alfabetica,,./dados/2024_1/horarios_2024_1.xlsx,./dados/2024_1/salas_2024_1.csv,./dados/2024_1/salas_preferenciais_2024.1.xlsx,/Users/robertdrey/Documents/workspace/development/alocador_de_salas,resultados/experimentos/2024_1/novas_hibridas/dia_turno_depois_progr_2/melhor_solucao.sol,resultados/experimentos/2024_1/novas_hibridas/dia_turno_depois_progr_2/historico.csv,resultados/experimentos/2024_1/novas_hibridas/dia_turno_depois_progr_2/historico.json,dia_turno_curso -> curso -> par_cursos,progressiva,alfabetica,,alfabetica,,alfabetica,,180.0,1,180.0,600.0,1,0,TEMPO_TOTAL,2,,,,
1,1,131,dia_turno_curso,7_T_HIS,32,9246,85744,OPTIMAL,186044.5,186044.5,False,186044.5,0.77,0.48,600.0,7,T,HIS,alfabetica,,1,dia_turno_curso,1,True,TEMPO_TOTAL,iteracao,dia_turno_curso_cursos_progr_ate_2,180.0,180.0,600.0,14400.0,False,False,alfabetica,,alfabetica,,./dados/2024_1/horarios_2024_1.xlsx,./dados/2024_1/salas_2024_1.csv,./dados/2024_1/salas_preferenciais_2024.1.xlsx,/Users/robertdrey/Documents/workspace/development/alocador_de_salas,resultados/experimentos/2024_1/novas_hibridas/dia_turno_depois_progr_2/melhor_solucao.sol,resultados/experimentos/2024_1/novas_hibridas/dia_turno_depois_progr_2/historico.csv,resultados/experimentos/2024_1/novas_hibridas/dia_turno_depois_progr_2/historico.json,dia_turno_curso -> curso -> par_cursos,progressiva,alfabetica,,alfabetica,,alfabetica,,180.0,1,180.0,600.0,1,0,TEMPO_TOTAL,2,,,,
1,1,132,dia_turno_curso,7_T_PED,62,15640,79350,OPTIMAL,186044.5,186044.5,False,186044.5,19.98,19.63,600.0,7,T,PED,alfabetica,,1,dia_turno_curso,1,True,TEMPO_TOTAL,iteracao,dia_turno_curso_cursos_progr_ate_2,180.0,180.0,600.0,14400.0,False,False,alfabetica,,alfabetica,,./dados/2024_1/horarios_2024_1.xlsx,./dados/2024_1/salas_2024_1.csv,./dados/2024_1/salas_preferenciais_2024.1.xlsx,/Users/robertdrey/Documents/workspace/development/alocador_de_salas,resultados/experimentos/2024_1/novas_hibridas/dia_turno_depois_progr_2/melhor_solucao.sol,resultados/experimentos/2024_1/novas_hibridas/dia_turno_depois_progr_2/historico.csv,resultados/experimentos/2024_1/novas_hibridas/dia_turno_depois_progr_2/historico.json,dia_turno_curso -> curso -> par_cursos,progressiva,alfabetica,,alfabetica,,alfabetica,,180.0,1,180.0,600.0,1,0,TEMPO_TOTAL,2,,,,
1,1,133,dia_turno_curso,7_N_AGRO,53,10028,84962,OPTIMAL,186044.5,186044.5,False,186044.5,3.15,2.74,600.0,7,N,AGRO,alfabetica,,1,dia_turno_curso,1,True,TEMPO_TOTAL,iteracao,dia_turno_curso_cursos_progr_ate_2,180.0,180.0,600.0,14400.0,False,False,alfabetica,,alfabetica,,./dados/2024_1/horarios_2024_1.xlsx,./dados/2024_1/salas_2024_1.csv,./dados/2024_1/salas_preferenciais_2024.1.xlsx,/Users/robertdrey/Documents/workspace/development/alocador_de_salas,resultados/experimentos/2024_1/novas_hibridas/dia_turno_depois_progr_2/melhor_solucao.sol,resultados/experimentos/2024_1/novas_hibridas/dia_turno_depois_progr_2/historico.csv,resultados/experimentos/2024_1/novas_hibridas/dia_turno_depois_progr_2/historico.json,dia_turno_curso -> curso -> par_cursos,progressiva,alfabetica,,alfabetica,,alfabetica,,180.0,1,180.0,600.0,1,0,TEMPO_TOTAL,2,,,,
1,1,134,dia_turno_curso,7_N_HIS,26,6532,88458,OPTIMAL,186044.5,186044.5,False,186044.5,0.79,0.44,600.0,7,N,HIS,alfabetica,,1,dia_turno_curso,1,True,TEMPO_TOTAL,iteracao,dia_turno_curso_cursos_progr_ate_2,180.0,180.0,600.0,14400.0,False,False,alfabetica,,alfabetica,,./dados/2024_1/horarios_2024_1.xlsx,./dados/2024_1/salas_2024_1.csv,./dados/2024_1/salas_preferenciais_2024.1.xlsx,/Users/robertdrey/Documents/workspace/development/alocador_de_salas,resultados/experimentos/2024_1/novas_hibridas/dia_turno_depois_progr_2/melhor_solucao.sol,resultados/experimentos/2024_1/novas_hibridas/dia_turno_depois_progr_2/historico.csv,resultados/experimentos/2024_1/novas_hibridas/dia_turno_depois_progr_2/historico.json,dia_turno_curso -> curso -> par_cursos,progressiva,alfabetica,,alfabetica,,alfabetica,,180.0,1,180.0,600.0,1,0,TEMPO_TOTAL,2,,,,
1,1,135,dia_turno_curso,7_N_PED,58,14168,80822,OPTIMAL,186044.5,186044.5,False,186044.5,16.65,16.3,600.0,7,N,PED,alfabetica,,1,dia_turno_curso,1,True,TEMPO_TOTAL,iteracao,dia_turno_curso_cursos_progr_ate_2,180.0,180.0,600.0,14400.0,False,False,alfabetica,,alfabetica,,./dados/2024_1/horarios_2024_1.xlsx,./dados/2024_1/salas_2024_1.csv,./dados/2024_1/salas_preferenciais_2024.1.xlsx,/Users/robertdrey/Documents/workspace/development/alocador_de_salas,resultados/experimentos/2024_1/novas_hibridas/dia_turno_depois_progr_2/melhor_solucao.sol,resultados/experimentos/2024_1/novas_hibridas/dia_turno_depois_progr_2/historico.csv,resultados/experimentos/2024_1/novas_hibridas/dia_turno_depois_progr_2/historico.json,dia_turno_curso -> curso -> par_cursos,progressiva,alfabetica,,alfabetica,,alfabetica,,180.0,1,180.0,600.0,1,0,TEMPO_TOTAL,2,,,,
1,2,1,dia_turno_curso,2_M_ADM,81,18538,76452,OPTIMAL,186044.5,186044.5,False,186044.5,2.21,1.84,600.0,2,M,ADM,alfabetica,,1,dia_turno_curso,2,True,TEMPO_TOTAL,iteracao,dia_turno_curso_cursos_progr_ate_2,180.0,180.0,600.0,14400.0,False,False,alfabetica,,alfabetica,,./dados/2024_1/horarios_2024_1.xlsx,./dados/2024_1/salas_2024_1.csv,./dados/2024_1/salas_preferenciais_2024.1.xlsx,/Users/robertdrey/Documents/workspace/development/alocador_de_salas,resultados/experimentos/2024_1/novas_hibridas/dia_turno_depois_progr_2/melhor_solucao.sol,resultados/experimentos/2024_1/novas_hibridas/dia_turno_depois_progr_2/historico.csv,resultados/experimentos/2024_1/novas_hibridas/dia_turno_depois_progr_2/historico.json,dia_turno_curso -> curso -> par_cursos,progressiva,alfabetica,,alfabetica,,alfabetica,,180.0,1,180.0,600.0,1,0,TEMPO_TOTAL,2,,,,
1,2,2,dia_turno_curso,2_M_AGRO,82,17250,77740,OPTIMAL,186044.5,186044.5,False,186044.5,6.47,6.13,600.0,2,M,AGRO,alfabetica,,1,dia_turno_curso,2,True,TEMPO_TOTAL,iteracao,dia_turno_curso_cursos_progr_ate_2,180.0,180.0,600.0,14400.0,False,False,alfabetica,,alfabetica,,./dados/2024_1/horarios_2024_1.xlsx,./dados/2024_1/salas_2024_1.csv,./dados/2024_1/salas_preferenciais_2024.1.xlsx,/Users/robertdrey/Documents/workspace/development/alocador_de_salas,resultados/experimentos/2024_1/novas_hibridas/dia_turno_depois_progr_2/melhor_solucao.sol,resultados/experimentos/2024_1/novas_hibridas/dia_turno_depois_progr_2/historico.csv,resultados/experimentos/2024_1/novas_hibridas/dia_turno_depois_progr_2/historico.json,dia_turno_curso -> curso -> par_cursos,progressiva,alfabetica,,alfabetica,,alfabetica,,180.0,1,180.0,600.0,1,0,TEMPO_TOTAL,2,,,,
1,2,3,dia_turno_curso,2_M_EAS,73,16238,78752,OPTIMAL,186044.5,186044.5,False,186044.5,1.61,1.28,600.0,2,M,EAS,alfabetica,,1,dia_turno_curso,2,True,TEMPO_TOTAL,iteracao,dia_turno_curso_cursos_progr_ate_2,180.0,180.0,600.0,14400.0,False,False,alfabetica,,alfabetica,,./dados/2024_1/horarios_2024_1.xlsx,./dados/2024_1/salas_2024_1.csv,./dados/2024_1/salas_preferenciais_2024.1.xlsx,/Users/robertdrey/Documents/workspace/development/alocador_de_salas,resultados/experimentos/2024_1/novas_hibridas/dia_turno_depois_progr_2/melhor_solucao.sol,resultados/experimentos/2024_1/novas_hibridas/dia_turno_depois_progr_2/historico.csv,resultados/experimentos/2024_1/novas_hibridas/dia_turno_depois_progr_2/historico.json,dia_turno_curso -> curso -> par_cursos,progressiva,alfabetica,,alfabetica,,alfabetica,,180.0,1,180.0,600.0,1,0,TEMPO_TOTAL,2,,,,
1,2,4,dia_turno_curso,2_M_ENF,51,15548,79442,OPTIMAL,186044.5,186044.5,False,186044.5,7.53,7.2,600.0,2,M,ENF,alfabetica,,1,dia_turno_curso,2,True,TEMPO_TOTAL,iteracao,dia_turno_curso_cursos_progr_ate_2,180.0,180.0,600.0,14400.0,False,False,alfabetica,,alfabetica,,./dados/2024_1/horarios_2024_1.xlsx,./dados/2024_1/salas_2024_1.csv,./dados/2024_1/salas_preferenciais_2024.1.xlsx,/Users/robertdrey/Documents/workspace/development/alocador_de_salas,resultados/experimentos/2024_1/novas_hibridas/dia_turno_depois_progr_2/melhor_solucao.sol,resultados/experimentos/2024_1/novas_hibridas/dia_turno_depois_progr_2/historico.csv,resultados/experimentos/2024_1/novas_hibridas/dia_turno_depois_progr_2/historico.json,dia_turno_curso -> curso -> par_cursos,progressiva,alfabetica,,alfabetica,,alfabetica,,180.0,1,180.0,600.0,1,0,TEMPO_TOTAL,2,,,,
1,2,5,dia_turno_curso,2_M_MED,74,18078,76912,OPTIMAL,186044.5,186044.5,False,186044.5,2.99,2.65,600.0,2,M,MED,alfabetica,,1,dia_turno_curso,2,True,TEMPO_TOTAL,iteracao,dia_turno_curso_cursos_progr_ate_2,180.0,180.0,600.0,14400.0,False,False,alfabetica,,alfabetica,,./dados/2024_1/horarios_2024_1.xlsx,./dados/2024_1/salas_2024_1.csv,./dados/2024_1/salas_preferenciais_2024.1.xlsx,/Users/robertdrey/Documents/workspace/development/alocador_de_salas,resultados/experimentos/2024_1/novas_hibridas/dia_turno_depois_progr_2/melhor_solucao.sol,resultados/experimentos/2024_1/novas_hibridas/dia_turno_depois_progr_2/historico.csv,resultados/experimentos/2024_1/novas_hibridas/dia_turno_depois_progr_2/historico.json,dia_turno_curso -> curso -> par_cursos,progressiva,alfabetica,,alfabetica,,alfabetica,,180.0,1,180.0,600.0,1,0,TEMPO_TOTAL,2,,,,
1,2,6,dia_turno_curso,2_M_PED,88,21574,73416,OPTIMAL,186044.5,186044.5,False,186044.5,34.01,33.67,600.0,2,M,PED,alfabetica,,1,dia_turno_curso,2,True,TEMPO_TOTAL,iteracao,dia_turno_curso_cursos_progr_ate_2,180.0,180.0,600.0,14400.0,False,False,alfabetica,,alfabetica,,./dados/2024_1/horarios_2024_1.xlsx,./dados/2024_1/salas_2024_1.csv,./dados/2024_1/salas_preferenciais_2024.1.xlsx,/Users/robertdrey/Documents/workspace/development/alocador_de_salas,resultados/experimentos/2024_1/novas_hibridas/dia_turno_depois_progr_2/melhor_solucao.sol,resultados/experimentos/2024_1/novas_hibridas/dia_turno_depois_progr_2/historico.csv,resultados/experimentos/2024_1/novas_hibridas/dia_turno_depois_progr_2/historico.json,dia_turno_curso -> curso -> par_cursos,progressiva,alfabetica,,alfabetica,,alfabetica,,180.0,1,180.0,600.0,1,0,TEMPO_TOTAL,2,,,,
1,2,7,dia_turno_curso,2_T_AGRO,82,20194,74796,OPTIMAL,186044.5,186044.5,False,186044.5,9.37,9.04,600.0,2,T,AGRO,alfabetica,,1,dia_turno_curso,2,True,TEMPO_TOTAL,iteracao,dia_turno_curso_cursos_progr_ate_2,180.0,180.0,600.0,14400.0,False,False,alfabetica,,alfabetica,,./dados/2024_1/horarios_2024_1.xlsx,./dados/2024_1/salas_2024_1.csv,./dados/2024_1/salas_preferenciais_2024.1.xlsx,/Users/robertdrey/Documents/workspace/development/alocador_de_salas,resultados/experimentos/2024_1/novas_hibridas/dia_turno_depois_progr_2/melhor_solucao.sol,resultados/experimentos/2024_1/novas_hibridas/dia_turno_depois_progr_2/historico.csv,resultados/experimentos/2024_1/novas_hibridas/dia_turno_depois_progr_2/historico.json,dia_turno_curso -> curso -> par_cursos,progressiva,alfabetica,,alfabetica,,alfabetica,,180.0,1,180.0,600.0,1,0,TEMPO_TOTAL,2,,,,
1,2,8,dia_turno_curso,2_T_CC,70,20010,74980,OPTIMAL,186044.5,186044.5,False,186044.5,56.25,55.94,600.0,2,T,CC,alfabetica,,1,dia_turno_curso,2,True,TEMPO_TOTAL,iteracao,dia_turno_curso_cursos_progr_ate_2,180.0,180.0,600.0,14400.0,False,False,alfabetica,,alfabetica,,./dados/2024_1/horarios_2024_1.xlsx,./dados/2024_1/salas_2024_1.csv,./dados/2024_1/salas_preferenciais_2024.1.xlsx,/Users/robertdrey/Documents/workspace/development/alocador_de_salas,resultados/experimentos/2024_1/novas_hibridas/dia_turno_depois_progr_2/melhor_solucao.sol,resultados/experimentos/2024_1/novas_hibridas/dia_turno_depois_progr_2/historico.csv,resultados/experimentos/2024_1/novas_hibridas/dia_turno_depois_progr_2/historico.json,dia_turno_curso -> curso -> par_cursos,progressiva,alfabetica,,alfabetica,,alfabetica,,180.0,1,180.0,600.0,1,0,TEMPO_TOTAL,2,,,,
1,2,9,dia_turno_curso,2_T_CS,55,16284,78706,OPTIMAL,186044.5,186044.5,False,186044.5,1.59,1.3,600.0,2,T,CS,alfabetica,,1,dia_turno_curso,2,True,TEMPO_TOTAL,iteracao,dia_turno_curso_cursos_progr_ate_2,180.0,180.0,600.0,14400.0,False,False,alfabetica,,alfabetica,,./dados/2024_1/horarios_2024_1.xlsx,./dados/2024_1/salas_2024_1.csv,./dados/2024_1/salas_preferenciais_2024.1.xlsx,/Users/robertdrey/Documents/workspace/development/alocador_de_salas,resultados/experimentos/2024_1/novas_hibridas/dia_turno_depois_progr_2/melhor_solucao.sol,resultados/experimentos/2024_1/novas_hibridas/dia_turno_depois_progr_2/historico.csv,resultados/experimentos/2024_1/novas_hibridas/dia_turno_depois_progr_2/historico.json,dia_turno_curso -> curso -> par_cursos,progressiva,alfabetica,,alfabetica,,alfabetica,,180.0,1,180.0,600.0,1,0,TEMPO_TOTAL,2,,,,
1,2,10,dia_turno_curso,2_T_EAS,74,18538,76452,OPTIMAL,186044.5,186018.5,True,186018.5,2.05,1.72,600.0,2,T,EAS,alfabetica,,1,dia_turno_curso,2,True,TEMPO_TOTAL,iteracao,dia_turno_curso_cursos_progr_ate_2,180.0,180.0,600.0,14400.0,False,False,alfabetica,,alfabetica,,./dados/2024_1/horarios_2024_1.xlsx,./dados/2024_1/salas_2024_1.csv,./dados/2024_1/salas_preferenciais_2024.1.xlsx,/Users/robertdrey/Documents/workspace/development/alocador_de_salas,resultados/experimentos/2024_1/novas_hibridas/dia_turno_depois_progr_2/melhor_solucao.sol,resultados/experimentos/2024_1/novas_hibridas/dia_turno_depois_progr_2/historico.csv,resultados/experimentos/2024_1/novas_hibridas/dia_turno_depois_progr_2/historico.json,dia_turno_curso -> curso -> par_cursos,progressiva,alfabetica,,alfabetica,,alfabetica,,180.0,1,180.0,600.0,1,0,TEMPO_TOTAL,2,,,,
1,2,11,dia_turno_curso,2_T_ENF,47,16422,78568,OPTIMAL,186018.5,186018.5,False,186018.5,3.81,3.46,600.0,2,T,ENF,alfabetica,,1,dia_turno_curso,2,True,TEMPO_TOTAL,iteracao,dia_turno_curso_cursos_progr_ate_2,180.0,180.0,600.0,14400.0,False,False,alfabetica,,alfabetica,,./dados/2024_1/horarios_2024_1.xlsx,./dados/2024_1/salas_2024_1.csv,./dados/2024_1/salas_preferenciais_2024.1.xlsx,/Users/robertdrey/Documents/workspace/development/alocador_de_salas,resultados/experimentos/2024_1/novas_hibridas/dia_turno_depois_progr_2/melhor_solucao.sol,resultados/experimentos/2024_1/novas_hibridas/dia_turno_depois_progr_2/historico.csv,resultados/experimentos/2024_1/novas_hibridas/dia_turno_depois_progr_2/historico.json,dia_turno_curso -> curso -> par_cursos,progressiva,alfabetica,,alfabetica,,alfabetica,,180.0,1,180.0,600.0,1,0,TEMPO_TOTAL,2,,,,
1,2,12,dia_turno_curso,2_T_GEO,43,13846,81144,OPTIMAL,186018.5,186018.5,False,186018.5,1.36,1.02,600.0,2,T,GEO,alfabetica,,1,dia_turno_curso,2,True,TEMPO_TOTAL,iteracao,dia_turno_curso_cursos_progr_ate_2,180.0,180.0,600.0,14400.0,False,False,alfabetica,,alfabetica,,./dados/2024_1/horarios_2024_1.xlsx,./dados/2024_1/salas_2024_1.csv,./dados/2024_1/salas_preferenciais_2024.1.xlsx,/Users/robertdrey/Documents/workspace/development/alocador_de_salas,resultados/experimentos/2024_1/novas_hibridas/dia_turno_depois_progr_2/melhor_solucao.sol,resultados/experimentos/2024_1/novas_hibridas/dia_turno_depois_progr_2/historico.csv,resultados/experimentos/2024_1/novas_hibridas/dia_turno_depois_progr_2/historico.json,dia_turno_curso -> curso -> par_cursos,progressiva,alfabetica,,alfabetica,,alfabetica,,180.0,1,180.0,600.0,1,0,TEMPO_TOTAL,2,,,,
1,2,13,dia_turno_curso,2_T_LET,67,19228,75762,OPTIMAL,186018.5,186018.5,False,186018.5,3.42,3.09,600.0,2,T,LET,alfabetica,,1,dia_turno_curso,2,True,TEMPO_TOTAL,iteracao,dia_turno_curso_cursos_progr_ate_2,180.0,180.0,600.0,14400.0,False,False,alfabetica,,alfabetica,,./dados/2024_1/horarios_2024_1.xlsx,./dados/2024_1/salas_2024_1.csv,./dados/2024_1/salas_preferenciais_2024.1.xlsx,/Users/robertdrey/Documents/workspace/development/alocador_de_salas,resultados/experimentos/2024_1/novas_hibridas/dia_turno_depois_progr_2/melhor_solucao.sol,resultados/experimentos/2024_1/novas_hibridas/dia_turno_depois_progr_2/historico.csv,resultados/experimentos/2024_1/novas_hibridas/dia_turno_depois_progr_2/historico.json,dia_turno_curso -> curso -> par_cursos,progressiva,alfabetica,,alfabetica,,alfabetica,,180.0,1,180.0,600.0,1,0,TEMPO_TOTAL,2,,,,
1,2,14,dia_turno_curso,2_T_MAT,56,16606,78384,OPTIMAL,186018.5,186018.5,False,186018.5,2.01,1.65,600.0,2,T,MAT,alfabetica,,1,dia_turno_curso,2,True,TEMPO_TOTAL,iteracao,dia_turno_curso_cursos_progr_ate_2,180.0,180.0,600.0,14400.0,False,False,alfabetica,,alfabetica,,./dados/2024_1/horarios_2024_1.xlsx,./dados/2024_1/salas_2024_1.csv,./dados/2024_1/salas_preferenciais_2024.1.xlsx,/Users/robertdrey/Documents/workspace/development/alocador_de_salas,resultados/experimentos/2024_1/novas_hibridas/dia_turno_depois_progr_2/melhor_solucao.sol,resultados/experimentos/2024_1/novas_hibridas/dia_turno_depois_progr_2/historico.csv,resultados/experimentos/2024_1/novas_hibridas/dia_turno_depois_progr_2/historico.json,dia_turno_curso -> curso -> par_cursos,progressiva,alfabetica,,alfabetica,,alfabetica,,180.0,1,180.0,600.0,1,0,TEMPO_TOTAL,2,,,,
1,2,15,dia_turno_curso,2_T_MED,71,20286,74704,OPTIMAL,186018.5,186018.5,False,186018.5,3.47,3.13,600.0,2,T,MED,alfabetica,,1,dia_turno_curso,2,True,TEMPO_TOTAL,iteracao,dia_turno_curso_cursos_progr_ate_2,180.0,180.0,600.0,14400.0,False,False,alfabetica,,alfabetica,,./dados/2024_1/horarios_2024_1.xlsx,./dados/2024_1/salas_2024_1.csv,./dados/2024_1/salas_preferenciais_2024.1.xlsx,/Users/robertdrey/Documents/workspace/development/alocador_de_salas,resultados/experimentos/2024_1/novas_hibridas/dia_turno_depois_progr_2/melhor_solucao.sol,resultados/experimentos/2024_1/novas_hibridas/dia_turno_depois_progr_2/historico.csv,resultados/experimentos/2024_1/novas_hibridas/dia_turno_depois_progr_2/historico.json,dia_turno_curso -> curso -> par_cursos,progressiva,alfabetica,,alfabetica,,alfabetica,,180.0,1,180.0,600.0,1,0,TEMPO_TOTAL,2,,,,
1,2,16,dia_turno_curso,2_N_ADM,85,18078,76912,OPTIMAL,186018.5,186018.5,False,186018.5,2.04,1.71,600.0,2,N,ADM,alfabetica,,1,dia_turno_curso,2,True,TEMPO_TOTAL,iteracao,dia_turno_curso_cursos_progr_ate_2,180.0,180.0,600.0,14400.0,False,False,alfabetica,,alfabetica,,./dados/2024_1/horarios_2024_1.xlsx,./dados/2024_1/salas_2024_1.csv,./dados/2024_1/salas_preferenciais_2024.1.xlsx,/Users/robertdrey/Documents/workspace/development/alocador_de_salas,resultados/experimentos/2024_1/novas_hibridas/dia_turno_depois_progr_2/melhor_solucao.sol,resultados/experimentos/2024_1/novas_hibridas/dia_turno_depois_progr_2/historico.csv,resultados/experimentos/2024_1/novas_hibridas/dia_turno_depois_progr_2/historico.json,dia_turno_curso -> curso -> par_cursos,progressiva,alfabetica,,alfabetica,,alfabetica,,180.0,1,180.0,600.0,1,0,TEMPO_TOTAL,2,,,,
1,2,17,dia_turno_curso,2_N_CC,83,19136,75854,OPTIMAL,186018.5,186018.5,False,186018.5,13.93,13.61,600.0,2,N,CC,alfabetica,,1,dia_turno_curso,2,True,TEMPO_TOTAL,iteracao,dia_turno_curso_cursos_progr_ate_2,180.0,180.0,600.0,14400.0,False,False,alfabetica,,alfabetica,,./dados/2024_1/horarios_2024_1.xlsx,./dados/2024_1/salas_2024_1.csv,./dados/2024_1/salas_preferenciais_2024.1.xlsx,/Users/robertdrey/Documents/workspace/development/alocador_de_salas,resultados/experimentos/2024_1/novas_hibridas/dia_turno_depois_progr_2/melhor_solucao.sol,resultados/experimentos/2024_1/novas_hibridas/dia_turno_depois_progr_2/historico.csv,resultados/experimentos/2024_1/novas_hibridas/dia_turno_depois_progr_2/historico.json,dia_turno_curso -> curso -> par_cursos,progressiva,alfabetica,,alfabetica,,alfabetica,,180.0,1,180.0,600.0,1,0,TEMPO_TOTAL,2,,,,
1,2,18,dia_turno_curso,2_N_CS,59,13248,81742,OPTIMAL,186018.5,186018.5,False,186018.5,1.75,1.42,600.0,2,N,CS,alfabetica,,1,dia_turno_curso,2,True,TEMPO_TOTAL,iteracao,dia_turno_curso_cursos_progr_ate_2,180.0,180.0,600.0,14400.0,False,False,alfabetica,,alfabetica,,./dados/2024_1/horarios_2024_1.xlsx,./dados/2024_1/salas_2024_1.csv,./dados/2024_1/salas_preferenciais_2024.1.xlsx,/Users/robertdrey/Documents/workspace/development/alocador_de_salas,resultados/experimentos/2024_1/novas_hibridas/dia_turno_depois_progr_2/melhor_solucao.sol,resultados/experimentos/2024_1/novas_hibridas/dia_turno_depois_progr_2/historico.csv,resultados/experimentos/2024_1/novas_hibridas/dia_turno_depois_progr_2/historico.json,dia_turno_curso -> curso -> par_cursos,progressiva,alfabetica,,alfabetica,,alfabetica,,180.0,1,180.0,600.0,1,0,TEMPO_TOTAL,2,,,,
1,2,19,dia_turno_curso,2_N_EAS,85,16376,78614,OPTIMAL,186018.5,186018.5,False,186018.5,1.75,1.44,600.0,2,N,EAS,alfabetica,,1,dia_turno_curso,2,True,TEMPO_TOTAL,iteracao,dia_turno_curso_cursos_progr_ate_2,180.0,180.0,600.0,14400.0,False,False,alfabetica,,alfabetica,,./dados/2024_1/horarios_2024_1.xlsx,./dados/2024_1/salas_2024_1.csv,./dados/2024_1/salas_preferenciais_2024.1.xlsx,/Users/robertdrey/Documents/workspace/development/alocador_de_salas,resultados/experimentos/2024_1/novas_hibridas/dia_turno_depois_progr_2/melhor_solucao.sol,resultados/experimentos/2024_1/novas_hibridas/dia_turno_depois_progr_2/historico.csv,resultados/experimentos/2024_1/novas_hibridas/dia_turno_depois_progr_2/historico.json,dia_turno_curso -> curso -> par_cursos,progressiva,alfabetica,,alfabetica,,alfabetica,,180.0,1,180.0,600.0,1,0,TEMPO_TOTAL,2,,,,
1,2,20,dia_turno_curso,2_N_FIL,53,11730,83260,OPTIMAL,186018.5,186018.5,False,186018.5,2.02,1.68,600.0,2,N,FIL,alfabetica,,1,dia_turno_curso,2,True,TEMPO_TOTAL,iteracao,dia_turno_curso_cursos_progr_ate_2,180.0,180.0,600.0,14400.0,False,False,alfabetica,,alfabetica,,./dados/2024_1/horarios_2024_1.xlsx,./dados/2024_1/salas_2024_1.csv,./dados/2024_1/salas_preferenciais_2024.1.xlsx,/Users/robertdrey/Documents/workspace/development/alocador_de_salas,resultados/experimentos/2024_1/novas_hibridas/dia_turno_depois_progr_2/melhor_solucao.sol,resultados/experimentos/2024_1/novas_hibridas/dia_turno_depois_progr_2/historico.csv,resultados/experimentos/2024_1/novas_hibridas/dia_turno_depois_progr_2/historico.json,dia_turno_curso -> curso -> par_cursos,progressiva,alfabetica,,alfabetica,,alfabetica,,180.0,1,180.0,600.0,1,0,TEMPO_TOTAL,2,,,,
1,2,21,dia_turno_curso,2_N_GEO,48,10994,83996,OPTIMAL,186018.5,186018.5,False,186018.5,1.88,1.54,600.0,2,N,GEO,alfabetica,,1,dia_turno_curso,2,True,TEMPO_TOTAL,iteracao,dia_turno_curso_cursos_progr_ate_2,180.0,180.0,600.0,14400.0,False,False,alfabetica,,alfabetica,,./dados/2024_1/horarios_2024_1.xlsx,./dados/2024_1/salas_2024_1.csv,./dados/2024_1/salas_preferenciais_2024.1.xlsx,/Users/robertdrey/Documents/workspace/development/alocador_de_salas,resultados/experimentos/2024_1/novas_hibridas/dia_turno_depois_progr_2/melhor_solucao.sol,resultados/experimentos/2024_1/novas_hibridas/dia_turno_depois_progr_2/historico.csv,resultados/experimentos/2024_1/novas_hibridas/dia_turno_depois_progr_2/historico.json,dia_turno_curso -> curso -> par_cursos,progressiva,alfabetica,,alfabetica,,alfabetica,,180.0,1,180.0,600.0,1,0,TEMPO_TOTAL,2,,,,
1,2,22,dia_turno_curso,2_N_HIS,61,13570,81420,OPTIMAL,186018.5,186018.5,False,186018.5,2.19,1.86,600.0,2,N,HIS,alfabetica,,1,dia_turno_curso,2,True,TEMPO_TOTAL,iteracao,dia_turno_curso_cursos_progr_ate_2,180.0,180.0,600.0,14400.0,False,False,alfabetica,,alfabetica,,./dados/2024_1/horarios_2024_1.xlsx,./dados/2024_1/salas_2024_1.csv,./dados/2024_1/salas_preferenciais_2024.1.xlsx,/Users/robertdrey/Documents/workspace/development/alocador_de_salas,resultados/experimentos/2024_1/novas_hibridas/dia_turno_depois_progr_2/melhor_solucao.sol,resultados/experimentos/2024_1/novas_hibridas/dia_turno_depois_progr_2/historico.csv,resultados/experimentos/2024_1/novas_hibridas/dia_turno_depois_progr_2/historico.json,dia_turno_curso -> curso -> par_cursos,progressiva,alfabetica,,alfabetica,,alfabetica,,180.0,1,180.0,600.0,1,0,TEMPO_TOTAL,2,,,,
1,2,23,dia_turno_curso,2_N_LET,71,16790,78200,OPTIMAL,186018.5,186018.5,False,186018.5,4.68,4.33,600.0,2,N,LET,alfabetica,,1,dia_turno_curso,2,True,TEMPO_TOTAL,iteracao,dia_turno_curso_cursos_progr_ate_2,180.0,180.0,600.0,14400.0,False,False,alfabetica,,alfabetica,,./dados/2024_1/horarios_2024_1.xlsx,./dados/2024_1/salas_2024_1.csv,./dados/2024_1/salas_preferenciais_2024.1.xlsx,/Users/robertdrey/Documents/workspace/development/alocador_de_salas,resultados/experimentos/2024_1/novas_hibridas/dia_turno_depois_progr_2/melhor_solucao.sol,resultados/experimentos/2024_1/novas_hibridas/dia_turno_depois_progr_2/historico.csv,resultados/experimentos/2024_1/novas_hibridas/dia_turno_depois_progr_2/historico.json,dia_turno_curso -> curso -> par_cursos,progressiva,alfabetica,,alfabetica,,alfabetica,,180.0,1,180.0,600.0,1,0,TEMPO_TOTAL,2,,,,
1,2,24,dia_turno_curso,2_N_MAT,60,13386,81604,OPTIMAL,186018.5,186018.5,False,186018.5,1.93,1.56,600.0,2,N,MAT,alfabetica,,1,dia_turno_curso,2,True,TEMPO_TOTAL,iteracao,dia_turno_curso_cursos_progr_ate_2,180.0,180.0,600.0,14400.0,False,False,alfabetica,,alfabetica,,./dados/2024_1/horarios_2024_1.xlsx,./dados/2024_1/salas_2024_1.csv,./dados/2024_1/salas_preferenciais_2024.1.xlsx,/Users/robertdrey/Documents/workspace/development/alocador_de_salas,resultados/experimentos/2024_1/novas_hibridas/dia_turno_depois_progr_2/melhor_solucao.sol,resultados/experimentos/2024_1/novas_hibridas/dia_turno_depois_progr_2/historico.csv,resultados/experimentos/2024_1/novas_hibridas/dia_turno_depois_progr_2/historico.json,dia_turno_curso -> curso -> par_cursos,progressiva,alfabetica,,alfabetica,,alfabetica,,180.0,1,180.0,600.0,1,0,TEMPO_TOTAL,2,,,,
1,2,25,dia_turno_curso,2_N_MED,81,18630,76360,OPTIMAL,186018.5,186018.5,False,186018.5,2.76,2.44,600.0,2,N,MED,alfabetica,,1,dia_turno_curso,2,True,TEMPO_TOTAL,iteracao,dia_turno_curso_cursos_progr_ate_2,180.0,180.0,600.0,14400.0,False,False,alfabetica,,alfabetica,,./dados/2024_1/horarios_2024_1.xlsx,./dados/2024_1/salas_2024_1.csv,./dados/2024_1/salas_preferenciais_2024.1.xlsx,/Users/robertdrey/Documents/workspace/development/alocador_de_salas,resultados/experimentos/2024_1/novas_hibridas/dia_turno_depois_progr_2/melhor_solucao.sol,resultados/experimentos/2024_1/novas_hibridas/dia_turno_depois_progr_2/historico.csv,resultados/experimentos/2024_1/novas_hibridas/dia_turno_depois_progr_2/historico.json,dia_turno_curso -> curso -> par_cursos,progressiva,alfabetica,,alfabetica,,alfabetica,,180.0,1,180.0,600.0,1,0,TEMPO_TOTAL,2,,,,
1,2,26,dia_turno_curso,2_N_PED,91,21022,73968,OPTIMAL,186018.5,186018.5,False,186018.5,57.92,57.61,600.0,2,N,PED,alfabetica,,1,dia_turno_curso,2,True,TEMPO_TOTAL,iteracao,dia_turno_curso_cursos_progr_ate_2,180.0,180.0,600.0,14400.0,False,False,alfabetica,,alfabetica,,./dados/2024_1/horarios_2024_1.xlsx,./dados/2024_1/salas_2024_1.csv,./dados/2024_1/salas_preferenciais_2024.1.xlsx,/Users/robertdrey/Documents/workspace/development/alocador_de_salas,resultados/experimentos/2024_1/novas_hibridas/dia_turno_depois_progr_2/melhor_solucao.sol,resultados/experimentos/2024_1/novas_hibridas/dia_turno_depois_progr_2/historico.csv,resultados/experimentos/2024_1/novas_hibridas/dia_turno_depois_progr_2/historico.json,dia_turno_curso -> curso -> par_cursos,progressiva,alfabetica,,alfabetica,,alfabetica,,180.0,1,180.0,600.0,1,0,TEMPO_TOTAL,2,,,,
1,2,27,dia_turno_curso,3_M_ADM,79,18676,76314,OPTIMAL,186018.5,186018.5,False,186018.5,2.71,2.38,600.0,3,M,ADM,alfabetica,,1,dia_turno_curso,2,True,TEMPO_TOTAL,iteracao,dia_turno_curso_cursos_progr_ate_2,180.0,180.0,600.0,14400.0,False,False,alfabetica,,alfabetica,,./dados/2024_1/horarios_2024_1.xlsx,./dados/2024_1/salas_2024_1.csv,./dados/2024_1/salas_preferenciais_2024.1.xlsx,/Users/robertdrey/Documents/workspace/development/alocador_de_salas,resultados/experimentos/2024_1/novas_hibridas/dia_turno_depois_progr_2/melhor_solucao.sol,resultados/experimentos/2024_1/novas_hibridas/dia_turno_depois_progr_2/historico.csv,resultados/experimentos/2024_1/novas_hibridas/dia_turno_depois_progr_2/historico.json,dia_turno_curso -> curso -> par_cursos,progressiva,alfabetica,,alfabetica,,alfabetica,,180.0,1,180.0,600.0,1,0,TEMPO_TOTAL,2,,,,
1,2,28,dia_turno_curso,3_M_AGRO,77,16514,78476,OPTIMAL,186018.5,186018.5,False,186018.5,11.89,11.54,600.0,3,M,AGRO,alfabetica,,1,dia_turno_curso,2,True,TEMPO_TOTAL,iteracao,dia_turno_curso_cursos_progr_ate_2,180.0,180.0,600.0,14400.0,False,False,alfabetica,,alfabetica,,./dados/2024_1/horarios_2024_1.xlsx,./dados/2024_1/salas_2024_1.csv,./dados/2024_1/salas_preferenciais_2024.1.xlsx,/Users/robertdrey/Documents/workspace/development/alocador_de_salas,resultados/experimentos/2024_1/novas_hibridas/dia_turno_depois_progr_2/melhor_solucao.sol,resultados/experimentos/2024_1/novas_hibridas/dia_turno_depois_progr_2/historico.csv,resultados/experimentos/2024_1/novas_hibridas/dia_turno_depois_progr_2/historico.json,dia_turno_curso -> curso -> par_cursos,progressiva,alfabetica,,alfabetica,,alfabetica,,180.0,1,180.0,600.0,1,0,TEMPO_TOTAL,2,,,,
1,2,29,dia_turno_curso,3_M_EAS,75,16928,78062,OPTIMAL,186018.5,186018.5,False,186018.5,4.79,4.46,600.0,3,M,EAS,alfabetica,,1,dia_turno_curso,2,True,TEMPO_TOTAL,iteracao,dia_turno_curso_cursos_progr_ate_2,180.0,180.0,600.0,14400.0,False,False,alfabetica,,alfabetica,,./dados/2024_1/horarios_2024_1.xlsx,./dados/2024_1/salas_2024_1.csv,./dados/2024_1/salas_preferenciais_2024.1.xlsx,/Users/robertdrey/Documents/workspace/development/alocador_de_salas,resultados/experimentos/2024_1/novas_hibridas/dia_turno_depois_progr_2/melhor_solucao.sol,resultados/experimentos/2024_1/novas_hibridas/dia_turno_depois_progr_2/historico.csv,resultados/experimentos/2024_1/novas_hibridas/dia_turno_depois_progr_2/historico.json,dia_turno_curso -> curso -> par_cursos,progressiva,alfabetica,,alfabetica,,alfabetica,,180.0,1,180.0,600.0,1,0,TEMPO_TOTAL,2,,,,
1,2,30,dia_turno_curso,3_M_ENF,49,15640,79350,OPTIMAL,186018.5,186018.5,False,186018.5,4.62,4.28,600.0,3,M,ENF,alfabetica,,1,dia_turno_curso,2,True,TEMPO_TOTAL,iteracao,dia_turno_curso_cursos_progr_ate_2,180.0,180.0,600.0,14400.0,False,False,alfabetica,,alfabetica,,./dados/2024_1/horarios_2024_1.xlsx,./dados/2024_1/salas_2024_1.csv,./dados/2024_1/salas_preferenciais_2024.1.xlsx,/Users/robertdrey/Documents/workspace/development/alocador_de_salas,resultados/experimentos/2024_1/novas_hibridas/dia_turno_depois_progr_2/melhor_solucao.sol,resultados/experimentos/2024_1/novas_hibridas/dia_turno_depois_progr_2/historico.csv,resultados/experimentos/2024_1/novas_hibridas/dia_turno_depois_progr_2/historico.json,dia_turno_curso -> curso -> par_cursos,progressiva,alfabetica,,alfabetica,,alfabetica,,180.0,1,180.0,600.0,1,0,TEMPO_TOTAL,2,,,,
1,2,31,dia_turno_curso,3_M_MED,73,18492,76498,OPTIMAL,186018.5,186018.5,False,186018.5,4.06,3.71,600.0,3,M,MED,alfabetica,,1,dia_turno_curso,2,True,TEMPO_TOTAL,iteracao,dia_turno_curso_cursos_progr_ate_2,180.0,180.0,600.0,14400.0,False,False,alfabetica,,alfabetica,,./dados/2024_1/horarios_2024_1.xlsx,./dados/2024_1/salas_2024_1.csv,./dados/2024_1/salas_preferenciais_2024.1.xlsx,/Users/robertdrey/Documents/workspace/development/alocador_de_salas,resultados/experimentos/2024_1/novas_hibridas/dia_turno_depois_progr_2/melhor_solucao.sol,resultados/experimentos/2024_1/novas_hibridas/dia_turno_depois_progr_2/historico.csv,resultados/experimentos/2024_1/novas_hibridas/dia_turno_depois_progr_2/historico.json,dia_turno_curso -> curso -> par_cursos,progressiva,alfabetica,,alfabetica,,alfabetica,,180.0,1,180.0,600.0,1,0,TEMPO_TOTAL,2,,,,
1,2,32,dia_turno_curso,3_M_PED,86,22126,72864,OPTIMAL,186018.5,186018.5,False,186018.5,27.91,27.56,600.0,3,M,PED,alfabetica,,1,dia_turno_curso,2,True,TEMPO_TOTAL,iteracao,dia_turno_curso_cursos_progr_ate_2,180.0,180.0,600.0,14400.0,False,False,alfabetica,,alfabetica,,./dados/2024_1/horarios_2024_1.xlsx,./dados/2024_1/salas_2024_1.csv,./dados/2024_1/salas_preferenciais_2024.1.xlsx,/Users/robertdrey/Documents/workspace/development/alocador_de_salas,resultados/experimentos/2024_1/novas_hibridas/dia_turno_depois_progr_2/melhor_solucao.sol,resultados/experimentos/2024_1/novas_hibridas/dia_turno_depois_progr_2/historico.csv,resultados/experimentos/2024_1/novas_hibridas/dia_turno_depois_progr_2/historico.json,dia_turno_curso -> curso -> par_cursos,progressiva,alfabetica,,alfabetica,,alfabetica,,180.0,1,180.0,600.0,1,0,TEMPO_TOTAL,2,,,,
1,2,33,dia_turno_curso,3_T_AGRO,82,19872,75118,OPTIMAL,186018.5,186018.5,False,186018.5,8.22,7.86,600.0,3,T,AGRO,alfabetica,,1,dia_turno_curso,2,True,TEMPO_TOTAL,iteracao,dia_turno_curso_cursos_progr_ate_2,180.0,180.0,600.0,14400.0,False,False,alfabetica,,alfabetica,,./dados/2024_1/horarios_2024_1.xlsx,./dados/2024_1/salas_2024_1.csv,./dados/2024_1/salas_preferenciais_2024.1.xlsx,/Users/robertdrey/Documents/workspace/development/alocador_de_salas,resultados/experimentos/2024_1/novas_hibridas/dia_turno_depois_progr_2/melhor_solucao.sol,resultados/experimentos/2024_1/novas_hibridas/dia_turno_depois_progr_2/historico.csv,resultados/experimentos/2024_1/novas_hibridas/dia_turno_depois_progr_2/historico.json,dia_turno_curso -> curso -> par_cursos,progressiva,alfabetica,,alfabetica,,alfabetica,,180.0,1,180.0,600.0,1,0,TEMPO_TOTAL,2,,,,
1,2,34,dia_turno_curso,3_T_CC,71,19964,75026,OPTIMAL,186018.5,186018.5,False,186018.5,65.58,65.26,600.0,3,T,CC,alfabetica,,1,dia_turno_curso,2,True,TEMPO_TOTAL,iteracao,dia_turno_curso_cursos_progr_ate_2,180.0,180.0,600.0,14400.0,False,False,alfabetica,,alfabetica,,./dados/2024_1/horarios_2024_1.xlsx,./dados/2024_1/salas_2024_1.csv,./dados/2024_1/salas_preferenciais_2024.1.xlsx,/Users/robertdrey/Documents/workspace/development/alocador_de_salas,resultados/experimentos/2024_1/novas_hibridas/dia_turno_depois_progr_2/melhor_solucao.sol,resultados/experimentos/2024_1/novas_hibridas/dia_turno_depois_progr_2/historico.csv,resultados/experimentos/2024_1/novas_hibridas/dia_turno_depois_progr_2/historico.json,dia_turno_curso -> curso -> par_cursos,progressiva,alfabetica,,alfabetica,,alfabetica,,180.0,1,180.0,600.0,1,0,TEMPO_TOTAL,2,,,,
1,2,35,dia_turno_curso,3_T_EAS,74,17848,77142,OPTIMAL,186018.5,186018.5,False,186018.5,1.72,1.41,600.0,3,T,EAS,alfabetica,,1,dia_turno_curso,2,True,TEMPO_TOTAL,iteracao,dia_turno_curso_cursos_progr_ate_2,180.0,180.0,600.0,14400.0,False,False,alfabetica,,alfabetica,,./dados/2024_1/horarios_2024_1.xlsx,./dados/2024_1/salas_2024_1.csv,./dados/2024_1/salas_preferenciais_2024.1.xlsx,/Users/robertdrey/Documents/workspace/development/alocador_de_salas,resultados/experimentos/2024_1/novas_hibridas/dia_turno_depois_progr_2/melhor_solucao.sol,resultados/experimentos/2024_1/novas_hibridas/dia_turno_depois_progr_2/historico.csv,resultados/experimentos/2024_1/novas_hibridas/dia_turno_depois_progr_2/historico.json,dia_turno_curso -> curso -> par_cursos,progressiva,alfabetica,,alfabetica,,alfabetica,,180.0,1,180.0,600.0,1,0,TEMPO_TOTAL,2,,,,
1,2,36,dia_turno_curso,3_T_ENF,47,16146,78844,OPTIMAL,186018.5,186018.5,False,186018.5,4.31,3.97,600.0,3,T,ENF,alfabetica,,1,dia_turno_curso,2,True,TEMPO_TOTAL,iteracao,dia_turno_curso_cursos_progr_ate_2,180.0,180.0,600.0,14400.0,False,False,alfabetica,,alfabetica,,./dados/2024_1/horarios_2024_1.xlsx,./dados/2024_1/salas_2024_1.csv,./dados/2024_1/salas_preferenciais_2024.1.xlsx,/Users/robertdrey/Documents/workspace/development/alocador_de_salas,resultados/experimentos/2024_1/novas_hibridas/dia_turno_depois_progr_2/melhor_solucao.sol,resultados/experimentos/2024_1/novas_hibridas/dia_turno_depois_progr_2/historico.csv,resultados/experimentos/2024_1/novas_hibridas/dia_turno_depois_progr_2/historico.json,dia_turno_curso -> curso -> par_cursos,progressiva,alfabetica,,alfabetica,,alfabetica,,180.0,1,180.0,600.0,1,0,TEMPO_TOTAL,2,,,,
1,2,37,dia_turno_curso,3_T_GEO,43,13524,81466,OPTIMAL,186018.5,186018.5,False,186018.5,1.36,1.02,600.0,3,T,GEO,alfabetica,,1,dia_turno_curso,2,True,TEMPO_TOTAL,iteracao,dia_turno_curso_cursos_progr_ate_2,180.0,180.0,600.0,14400.0,False,False,alfabetica,,alfabetica,,./dados/2024_1/horarios_2024_1.xlsx,./dados/2024_1/salas_2024_1.csv,./dados/2024_1/salas_preferenciais_2024.1.xlsx,/Users/robertdrey/Documents/workspace/development/alocador_de_salas,resultados/experimentos/2024_1/novas_hibridas/dia_turno_depois_progr_2/melhor_solucao.sol,resultados/experimentos/2024_1/novas_hibridas/dia_turno_depois_progr_2/historico.csv,resultados/experimentos/2024_1/novas_hibridas/dia_turno_depois_progr_2/historico.json,dia_turno_curso -> curso -> par_cursos,progressiva,alfabetica,,alfabetica,,alfabetica,,180.0,1,180.0,600.0,1,0,TEMPO_TOTAL,2,,,,
1,2,38,dia_turno_curso,3_T_LET,67,19090,75900,OPTIMAL,186018.5,186018.5,False,186018.5,2.87,2.54,600.0,3,T,LET,alfabetica,,1,dia_turno_curso,2,True,TEMPO_TOTAL,iteracao,dia_turno_curso_cursos_progr_ate_2,180.0,180.0,600.0,14400.0,False,False,alfabetica,,alfabetica,,./dados/2024_1/horarios_2024_1.xlsx,./dados/2024_1/salas_2024_1.csv,./dados/2024_1/salas_preferenciais_2024.1.xlsx,/Users/robertdrey/Documents/workspace/development/alocador_de_salas,resultados/experimentos/2024_1/novas_hibridas/dia_turno_depois_progr_2/melhor_solucao.sol,resultados/experimentos/2024_1/novas_hibridas/dia_turno_depois_progr_2/historico.csv,resultados/experimentos/2024_1/novas_hibridas/dia_turno_depois_progr_2/historico.json,dia_turno_curso -> curso -> par_cursos,progressiva,alfabetica,,alfabetica,,alfabetica,,180.0,1,180.0,600.0,1,0,TEMPO_TOTAL,2,,,,
1,2,39,dia_turno_curso,3_T_MED,68,19504,75486,OPTIMAL,186018.5,186018.5,False,186018.5,3.01,2.64,600.0,3,T,MED,alfabetica,,1,dia_turno_curso,2,True,TEMPO_TOTAL,iteracao,dia_turno_curso_cursos_progr_ate_2,180.0,180.0,600.0,14400.0,False,False,alfabetica,,alfabetica,,./dados/2024_1/horarios_2024_1.xlsx,./dados/2024_1/salas_2024_1.csv,./dados/2024_1/salas_preferenciais_2024.1.xlsx,/Users/robertdrey/Documents/workspace/development/alocador_de_salas,resultados/experimentos/2024_1/novas_hibridas/dia_turno_depois_progr_2/melhor_solucao.sol,resultados/experimentos/2024_1/novas_hibridas/dia_turno_depois_progr_2/historico.csv,resultados/experimentos/2024_1/novas_hibridas/dia_turno_depois_progr_2/historico.json,dia_turno_curso -> curso -> par_cursos,progressiva,alfabetica,,alfabetica,,alfabetica,,180.0,1,180.0,600.0,1,0,TEMPO_TOTAL,2,,,,
1,2,40,dia_turno_curso,3_N_ADM,84,16468,78522,OPTIMAL,186018.5,186018.5,False,186018.5,2.05,1.72,600.0,3,N,ADM,alfabetica,,1,dia_turno_curso,2,True,TEMPO_TOTAL,iteracao,dia_turno_curso_cursos_progr_ate_2,180.0,180.0,600.0,14400.0,False,False,alfabetica,,alfabetica,,./dados/2024_1/horarios_2024_1.xlsx,./dados/2024_1/salas_2024_1.csv,./dados/2024_1/salas_preferenciais_2024.1.xlsx,/Users/robertdrey/Documents/workspace/development/alocador_de_salas,resultados/experimentos/2024_1/novas_hibridas/dia_turno_depois_progr_2/melhor_solucao.sol,resultados/experimentos/2024_1/novas_hibridas/dia_turno_depois_progr_2/historico.csv,resultados/experimentos/2024_1/novas_hibridas/dia_turno_depois_progr_2/historico.json,dia_turno_curso -> curso -> par_cursos,progressiva,alfabetica,,alfabetica,,alfabetica,,180.0,1,180.0,600.0,1,0,TEMPO_TOTAL,2,,,,
1,2,41,dia_turno_curso,3_N_CC,81,17342,77648,OPTIMAL,186018.5,186018.5,False,186018.5,21.03,20.71,600.0,3,N,CC,alfabetica,,1,dia_turno_curso,2,True,TEMPO_TOTAL,iteracao,dia_turno_curso_cursos_progr_ate_2,180.0,180.0,600.0,14400.0,False,False,alfabetica,,alfabetica,,./dados/2024_1/horarios_2024_1.xlsx,./dados/2024_1/salas_2024_1.csv,./dados/2024_1/salas_preferenciais_2024.1.xlsx,/Users/robertdrey/Documents/workspace/development/alocador_de_salas,resultados/experimentos/2024_1/novas_hibridas/dia_turno_depois_progr_2/melhor_solucao.sol,resultados/experimentos/2024_1/novas_hibridas/dia_turno_depois_progr_2/historico.csv,resultados/experimentos/2024_1/novas_hibridas/dia_turno_depois_progr_2/historico.json,dia_turno_curso -> curso -> par_cursos,progressiva,alfabetica,,alfabetica,,alfabetica,,180.0,1,180.0,600.0,1,0,TEMPO_TOTAL,2,,,,
1,2,42,dia_turno_curso,3_N_CS,57,11546,83444,OPTIMAL,186018.5,186018.5,False,186018.5,1.92,1.58,600.0,3,N,CS,alfabetica,,1,dia_turno_curso,2,True,TEMPO_TOTAL,iteracao,dia_turno_curso_cursos_progr_ate_2,180.0,180.0,600.0,14400.0,False,False,alfabetica,,alfabetica,,./dados/2024_1/horarios_2024_1.xlsx,./dados/2024_1/salas_2024_1.csv,./dados/2024_1/salas_preferenciais_2024.1.xlsx,/Users/robertdrey/Documents/workspace/development/alocador_de_salas,resultados/experimentos/2024_1/novas_hibridas/dia_turno_depois_progr_2/melhor_solucao.sol,resultados/experimentos/2024_1/novas_hibridas/dia_turno_depois_progr_2/historico.csv,resultados/experimentos/2024_1/novas_hibridas/dia_turno_depois_progr_2/historico.json,dia_turno_curso -> curso -> par_cursos,progressiva,alfabetica,,alfabetica,,alfabetica,,180.0,1,180.0,600.0,1,0,TEMPO_TOTAL,2,,,,
1,2,43,dia_turno_curso,3_N_EAS,84,15180,79810,OPTIMAL,186018.5,186018.5,False,186018.5,1.85,1.52,600.0,3,N,EAS,alfabetica,,1,dia_turno_curso,2,True,TEMPO_TOTAL,iteracao,dia_turno_curso_cursos_progr_ate_2,180.0,180.0,600.0,14400.0,False,False,alfabetica,,alfabetica,,./dados/2024_1/horarios_2024_1.xlsx,./dados/2024_1/salas_2024_1.csv,./dados/2024_1/salas_preferenciais_2024.1.xlsx,/Users/robertdrey/Documents/workspace/development/alocador_de_salas,resultados/experimentos/2024_1/novas_hibridas/dia_turno_depois_progr_2/melhor_solucao.sol,resultados/experimentos/2024_1/novas_hibridas/dia_turno_depois_progr_2/historico.csv,resultados/experimentos/2024_1/novas_hibridas/dia_turno_depois_progr_2/historico.json,dia_turno_curso -> curso -> par_cursos,progressiva,alfabetica,,alfabetica,,alfabetica,,180.0,1,180.0,600.0,1,0,TEMPO_TOTAL,2,,,,
1,2,44,dia_turno_curso,3_N_FIL,53,10304,84686,OPTIMAL,186018.5,186018.5,False,186018.5,2.0,1.68,600.0,3,N,FIL,alfabetica,,1,dia_turno_curso,2,True,TEMPO_TOTAL,iteracao,dia_turno_curso_cursos_progr_ate_2,180.0,180.0,600.0,14400.0,False,False,alfabetica,,alfabetica,,./dados/2024_1/horarios_2024_1.xlsx,./dados/2024_1/salas_2024_1.csv,./dados/2024_1/salas_preferenciais_2024.1.xlsx,/Users/robertdrey/Documents/workspace/development/alocador_de_salas,resultados/experimentos/2024_1/novas_hibridas/dia_turno_depois_progr_2/melhor_solucao.sol,resultados/experimentos/2024_1/novas_hibridas/dia_turno_depois_progr_2/historico.csv,resultados/experimentos/2024_1/novas_hibridas/dia_turno_depois_progr_2/historico.json,dia_turno_curso -> curso -> par_cursos,progressiva,alfabetica,,alfabetica,,alfabetica,,180.0,1,180.0,600.0,1,0,TEMPO_TOTAL,2,,,,
1,2,45,dia_turno_curso,3_N_GEO,48,9568,85422,OPTIMAL,186018.5,186018.5,False,186018.5,1.46,1.12,600.0,3,N,GEO,alfabetica,,1,dia_turno_curso,2,True,TEMPO_TOTAL,iteracao,dia_turno_curso_cursos_progr_ate_2,180.0,180.0,600.0,14400.0,False,False,alfabetica,,alfabetica,,./dados/2024_1/horarios_2024_1.xlsx,./dados/2024_1/salas_2024_1.csv,./dados/2024_1/salas_preferenciais_2024.1.xlsx,/Users/robertdrey/Documents/workspace/development/alocador_de_salas,resultados/experimentos/2024_1/novas_hibridas/dia_turno_depois_progr_2/melhor_solucao.sol,resultados/experimentos/2024_1/novas_hibridas/dia_turno_depois_progr_2/historico.csv,resultados/experimentos/2024_1/novas_hibridas/dia_turno_depois_progr_2/historico.json,dia_turno_curso -> curso -> par_cursos,progressiva,alfabetica,,alfabetica,,alfabetica,,180.0,1,180.0,600.0,1,0,TEMPO_TOTAL,2,,,,
1,2,46,dia_turno_curso,3_N_HIS,60,11960,83030,OPTIMAL,186018.5,186018.5,False,186018.5,1.62,1.3,600.0,3,N,HIS,alfabetica,,1,dia_turno_curso,2,True,TEMPO_TOTAL,iteracao,dia_turno_curso_cursos_progr_ate_2,180.0,180.0,600.0,14400.0,False,False,alfabetica,,alfabetica,,./dados/2024_1/horarios_2024_1.xlsx,./dados/2024_1/salas_2024_1.csv,./dados/2024_1/salas_preferenciais_2024.1.xlsx,/Users/robertdrey/Documents/workspace/development/alocador_de_salas,resultados/experimentos/2024_1/novas_hibridas/dia_turno_depois_progr_2/melhor_solucao.sol,resultados/experimentos/2024_1/novas_hibridas/dia_turno_depois_progr_2/historico.csv,resultados/experimentos/2024_1/novas_hibridas/dia_turno_depois_progr_2/historico.json,dia_turno_curso -> curso -> par_cursos,progressiva,alfabetica,,alfabetica,,alfabetica,,180.0,1,180.0,600.0,1,0,TEMPO_TOTAL,2,,,,
1,2,47,dia_turno_curso,3_N_LET,70,15732,79258,OPTIMAL,186018.5,186018.5,False,186018.5,5.1,4.76,600.0,3,N,LET,alfabetica,,1,dia_turno_curso,2,True,TEMPO_TOTAL,iteracao,dia_turno_curso_cursos_progr_ate_2,180.0,180.0,600.0,14400.0,False,False,alfabetica,,alfabetica,,./dados/2024_1/horarios_2024_1.xlsx,./dados/2024_1/salas_2024_1.csv,./dados/2024_1/salas_preferenciais_2024.1.xlsx,/Users/robertdrey/Documents/workspace/development/alocador_de_salas,resultados/experimentos/2024_1/novas_hibridas/dia_turno_depois_progr_2/melhor_solucao.sol,resultados/experimentos/2024_1/novas_hibridas/dia_turno_depois_progr_2/historico.csv,resultados/experimentos/2024_1/novas_hibridas/dia_turno_depois_progr_2/historico.json,dia_turno_curso -> curso -> par_cursos,progressiva,alfabetica,,alfabetica,,alfabetica,,180.0,1,180.0,600.0,1,0,TEMPO_TOTAL,2,,,,
1,2,48,dia_turno_curso,3_N_MAT,58,11960,83030,OPTIMAL,186018.5,186018.5,False,186018.5,2.44,2.06,600.0,3,N,MAT,alfabetica,,1,dia_turno_curso,2,True,TEMPO_TOTAL,iteracao,dia_turno_curso_cursos_progr_ate_2,180.0,180.0,600.0,14400.0,False,False,alfabetica,,alfabetica,,./dados/2024_1/horarios_2024_1.xlsx,./dados/2024_1/salas_2024_1.csv,./dados/2024_1/salas_preferenciais_2024.1.xlsx,/Users/robertdrey/Documents/workspace/development/alocador_de_salas,resultados/experimentos/2024_1/novas_hibridas/dia_turno_depois_progr_2/melhor_solucao.sol,resultados/experimentos/2024_1/novas_hibridas/dia_turno_depois_progr_2/historico.csv,resultados/experimentos/2024_1/novas_hibridas/dia_turno_depois_progr_2/historico.json,dia_turno_curso -> curso -> par_cursos,progressiva,alfabetica,,alfabetica,,alfabetica,,180.0,1,180.0,600.0,1,0,TEMPO_TOTAL,2,,,,
1,2,49,dia_turno_curso,3_N_PED,91,19504,75486,OPTIMAL,186018.5,186018.5,False,186018.5,39.97,39.62,600.0,3,N,PED,alfabetica,,1,dia_turno_curso,2,True,TEMPO_TOTAL,iteracao,dia_turno_curso_cursos_progr_ate_2,180.0,180.0,600.0,14400.0,False,False,alfabetica,,alfabetica,,./dados/2024_1/horarios_2024_1.xlsx,./dados/2024_1/salas_2024_1.csv,./dados/2024_1/salas_preferenciais_2024.1.xlsx,/Users/robertdrey/Documents/workspace/development/alocador_de_salas,resultados/experimentos/2024_1/novas_hibridas/dia_turno_depois_progr_2/melhor_solucao.sol,resultados/experimentos/2024_1/novas_hibridas/dia_turno_depois_progr_2/historico.csv,resultados/experimentos/2024_1/novas_hibridas/dia_turno_depois_progr_2/historico.json,dia_turno_curso -> curso -> par_cursos,progressiva,alfabetica,,alfabetica,,alfabetica,,180.0,1,180.0,600.0,1,0,TEMPO_TOTAL,2,,,,
1,2,50,dia_turno_curso,4_M_ADM,78,19596,75394,OPTIMAL,186018.5,186018.5,False,186018.5,2.04,1.7,600.0,4,M,ADM,alfabetica,,1,dia_turno_curso,2,True,TEMPO_TOTAL,iteracao,dia_turno_curso_cursos_progr_ate_2,180.0,180.0,600.0,14400.0,False,False,alfabetica,,alfabetica,,./dados/2024_1/horarios_2024_1.xlsx,./dados/2024_1/salas_2024_1.csv,./dados/2024_1/salas_preferenciais_2024.1.xlsx,/Users/robertdrey/Documents/workspace/development/alocador_de_salas,resultados/experimentos/2024_1/novas_hibridas/dia_turno_depois_progr_2/melhor_solucao.sol,resultados/experimentos/2024_1/novas_hibridas/dia_turno_depois_progr_2/historico.csv,resultados/experimentos/2024_1/novas_hibridas/dia_turno_depois_progr_2/historico.json,dia_turno_curso -> curso -> par_cursos,progressiva,alfabetica,,alfabetica,,alfabetica,,180.0,1,180.0,600.0,1,0,TEMPO_TOTAL,2,,,,
1,2,51,dia_turno_curso,4_M_AGRO,77,17710,77280,OPTIMAL,186018.5,186018.5,False,186018.5,9.4,9.05,600.0,4,M,AGRO,alfabetica,,1,dia_turno_curso,2,True,TEMPO_TOTAL,iteracao,dia_turno_curso_cursos_progr_ate_2,180.0,180.0,600.0,14400.0,False,False,alfabetica,,alfabetica,,./dados/2024_1/horarios_2024_1.xlsx,./dados/2024_1/salas_2024_1.csv,./dados/2024_1/salas_preferenciais_2024.1.xlsx,/Users/robertdrey/Documents/workspace/development/alocador_de_salas,resultados/experimentos/2024_1/novas_hibridas/dia_turno_depois_progr_2/melhor_solucao.sol,resultados/experimentos/2024_1/novas_hibridas/dia_turno_depois_progr_2/historico.csv,resultados/experimentos/2024_1/novas_hibridas/dia_turno_depois_progr_2/historico.json,dia_turno_curso -> curso -> par_cursos,progressiva,alfabetica,,alfabetica,,alfabetica,,180.0,1,180.0,600.0,1,0,TEMPO_TOTAL,2,,,,
1,2,52,dia_turno_curso,4_M_CS,56,15180,79810,OPTIMAL,186018.5,186018.5,False,186018.5,2.13,1.8,600.0,4,M,CS,alfabetica,,1,dia_turno_curso,2,True,TEMPO_TOTAL,iteracao,dia_turno_curso_cursos_progr_ate_2,180.0,180.0,600.0,14400.0,False,False,alfabetica,,alfabetica,,./dados/2024_1/horarios_2024_1.xlsx,./dados/2024_1/salas_2024_1.csv,./dados/2024_1/salas_preferenciais_2024.1.xlsx,/Users/robertdrey/Documents/workspace/development/alocador_de_salas,resultados/experimentos/2024_1/novas_hibridas/dia_turno_depois_progr_2/melhor_solucao.sol,resultados/experimentos/2024_1/novas_hibridas/dia_turno_depois_progr_2/historico.csv,resultados/experimentos/2024_1/novas_hibridas/dia_turno_depois_progr_2/historico.json,dia_turno_curso -> curso -> par_cursos,progressiva,alfabetica,,alfabetica,,alfabetica,,180.0,1,180.0,600.0,1,0,TEMPO_TOTAL,2,,,,
1,2,53,dia_turno_curso,4_M_EAS,74,17756,77234,OPTIMAL,186018.5,186018.5,False,186018.5,2.17,1.85,600.0,4,M,EAS,alfabetica,,1,dia_turno_curso,2,True,TEMPO_TOTAL,iteracao,dia_turno_curso_cursos_progr_ate_2,180.0,180.0,600.0,14400.0,False,False,alfabetica,,alfabetica,,./dados/2024_1/horarios_2024_1.xlsx,./dados/2024_1/salas_2024_1.csv,./dados/2024_1/salas_preferenciais_2024.1.xlsx,/Users/robertdrey/Documents/workspace/development/alocador_de_salas,resultados/experimentos/2024_1/novas_hibridas/dia_turno_depois_progr_2/melhor_solucao.sol,resultados/experimentos/2024_1/novas_hibridas/dia_turno_depois_progr_2/historico.csv,resultados/experimentos/2024_1/novas_hibridas/dia_turno_depois_progr_2/historico.json,dia_turno_curso -> curso -> par_cursos,progressiva,alfabetica,,alfabetica,,alfabetica,,180.0,1,180.0,600.0,1,0,TEMPO_TOTAL,2,,,,
1,2,54,dia_turno_curso,4_M_ENF,49,15318,79672,OPTIMAL,186018.5,186018.5,False,186018.5,4.51,4.17,600.0,4,M,ENF,alfabetica,,1,dia_turno_curso,2,True,TEMPO_TOTAL,iteracao,dia_turno_curso_cursos_progr_ate_2,180.0,180.0,600.0,14400.0,False,False,alfabetica,,alfabetica,,./dados/2024_1/horarios_2024_1.xlsx,./dados/2024_1/salas_2024_1.csv,./dados/2024_1/salas_preferenciais_2024.1.xlsx,/Users/robertdrey/Documents/workspace/development/alocador_de_salas,resultados/experimentos/2024_1/novas_hibridas/dia_turno_depois_progr_2/melhor_solucao.sol,resultados/experimentos/2024_1/novas_hibridas/dia_turno_depois_progr_2/historico.csv,resultados/experimentos/2024_1/novas_hibridas/dia_turno_depois_progr_2/historico.json,dia_turno_curso -> curso -> par_cursos,progressiva,alfabetica,,alfabetica,,alfabetica,,180.0,1,180.0,600.0,1,0,TEMPO_TOTAL,2,,,,
1,2,55,dia_turno_curso,4_M_MED,71,19412,75578,OPTIMAL,186018.5,186018.5,False,186018.5,3.47,3.11,600.0,4,M,MED,alfabetica,,1,dia_turno_curso,2,True,TEMPO_TOTAL,iteracao,dia_turno_curso_cursos_progr_ate_2,180.0,180.0,600.0,14400.0,False,False,alfabetica,,alfabetica,,./dados/2024_1/horarios_2024_1.xlsx,./dados/2024_1/salas_2024_1.csv,./dados/2024_1/salas_preferenciais_2024.1.xlsx,/Users/robertdrey/Documents/workspace/development/alocador_de_salas,resultados/experimentos/2024_1/novas_hibridas/dia_turno_depois_progr_2/melhor_solucao.sol,resultados/experimentos/2024_1/novas_hibridas/dia_turno_depois_progr_2/historico.csv,resultados/experimentos/2024_1/novas_hibridas/dia_turno_depois_progr_2/historico.json,dia_turno_curso -> curso -> par_cursos,progressiva,alfabetica,,alfabetica,,alfabetica,,180.0,1,180.0,600.0,1,0,TEMPO_TOTAL,2,,,,
1,2,56,dia_turno_curso,4_M_PED,86,23092,71898,OPTIMAL,186018.5,186018.5,False,186018.5,26.99,26.62,600.0,4,M,PED,alfabetica,,1,dia_turno_curso,2,True,TEMPO_TOTAL,iteracao,dia_turno_curso_cursos_progr_ate_2,180.0,180.0,600.0,14400.0,False,False,alfabetica,,alfabetica,,./dados/2024_1/horarios_2024_1.xlsx,./dados/2024_1/salas_2024_1.csv,./dados/2024_1/salas_preferenciais_2024.1.xlsx,/Users/robertdrey/Documents/workspace/development/alocador_de_salas,resultados/experimentos/2024_1/novas_hibridas/dia_turno_depois_progr_2/melhor_solucao.sol,resultados/experimentos/2024_1/novas_hibridas/dia_turno_depois_progr_2/historico.csv,resultados/experimentos/2024_1/novas_hibridas/dia_turno_depois_progr_2/historico.json,dia_turno_curso -> curso -> par_cursos,progressiva,alfabetica,,alfabetica,,alfabetica,,180.0,1,180.0,600.0,1,0,TEMPO_TOTAL,2,,,,
1,2,57,dia_turno_curso,4_T_AGRO,78,19458,75532,OPTIMAL,186018.5,186018.5,False,186018.5,5.6,5.27,600.0,4,T,AGRO,alfabetica,,1,dia_turno_curso,2,True,TEMPO_TOTAL,iteracao,dia_turno_curso_cursos_progr_ate_2,180.0,180.0,600.0,14400.0,False,False,alfabetica,,alfabetica,,./dados/2024_1/horarios_2024_1.xlsx,./dados/2024_1/salas_2024_1.csv,./dados/2024_1/salas_preferenciais_2024.1.xlsx,/Users/robertdrey/Documents/workspace/development/alocador_de_salas,resultados/experimentos/2024_1/novas_hibridas/dia_turno_depois_progr_2/melhor_solucao.sol,resultados/experimentos/2024_1/novas_hibridas/dia_turno_depois_progr_2/historico.csv,resultados/experimentos/2024_1/novas_hibridas/dia_turno_depois_progr_2/historico.json,dia_turno_curso -> curso -> par_cursos,progressiva,alfabetica,,alfabetica,,alfabetica,,180.0,1,180.0,600.0,1,0,TEMPO_TOTAL,2,,,,
1,2,58,dia_turno_curso,4_T_CC,69,19964,75026,OPTIMAL,186018.5,186018.5,False,186018.5,53.84,53.51,600.0,4,T,CC,alfabetica,,1,dia_turno_curso,2,True,TEMPO_TOTAL,iteracao,dia_turno_curso_cursos_progr_ate_2,180.0,180.0,600.0,14400.0,False,False,alfabetica,,alfabetica,,./dados/2024_1/horarios_2024_1.xlsx,./dados/2024_1/salas_2024_1.csv,./dados/2024_1/salas_preferenciais_2024.1.xlsx,/Users/robertdrey/Documents/workspace/development/alocador_de_salas,resultados/experimentos/2024_1/novas_hibridas/dia_turno_depois_progr_2/melhor_solucao.sol,resultados/experimentos/2024_1/novas_hibridas/dia_turno_depois_progr_2/historico.csv,resultados/experimentos/2024_1/novas_hibridas/dia_turno_depois_progr_2/historico.json,dia_turno_curso -> curso -> par_cursos,progressiva,alfabetica,,alfabetica,,alfabetica,,180.0,1,180.0,600.0,1,0,TEMPO_TOTAL,2,,,,
1,2,59,dia_turno_curso,4_T_CS,50,14950,80040,OPTIMAL,186018.5,186018.5,False,186018.5,1.11,0.79,600.0,4,T,CS,alfabetica,,1,dia_turno_curso,2,True,TEMPO_TOTAL,iteracao,dia_turno_curso_cursos_progr_ate_2,180.0,180.0,600.0,14400.0,False,False,alfabetica,,alfabetica,,./dados/2024_1/horarios_2024_1.xlsx,./dados/2024_1/salas_2024_1.csv,./dados/2024_1/salas_preferenciais_2024.1.xlsx,/Users/robertdrey/Documents/workspace/development/alocador_de_salas,resultados/experimentos/2024_1/novas_hibridas/dia_turno_depois_progr_2/melhor_solucao.sol,resultados/experimentos/2024_1/novas_hibridas/dia_turno_depois_progr_2/historico.csv,resultados/experimentos/2024_1/novas_hibridas/dia_turno_depois_progr_2/historico.json,dia_turno_curso -> curso -> par_cursos,progressiva,alfabetica,,alfabetica,,alfabetica,,180.0,1,180.0,600.0,1,0,TEMPO_TOTAL,2,,,,
1,2,60,dia_turno_curso,4_T_EAS,71,17986,77004,OPTIMAL,186018.5,186018.5,False,186018.5,1.11,0.81,600.0,4,T,EAS,alfabetica,,1,dia_turno_curso,2,True,TEMPO_TOTAL,iteracao,dia_turno_curso_cursos_progr_ate_2,180.0,180.0,600.0,14400.0,False,False,alfabetica,,alfabetica,,./dados/2024_1/horarios_2024_1.xlsx,./dados/2024_1/salas_2024_1.csv,./dados/2024_1/salas_preferenciais_2024.1.xlsx,/Users/robertdrey/Documents/workspace/development/alocador_de_salas,resultados/experimentos/2024_1/novas_hibridas/dia_turno_depois_progr_2/melhor_solucao.sol,resultados/experimentos/2024_1/novas_hibridas/dia_turno_depois_progr_2/historico.csv,resultados/experimentos/2024_1/novas_hibridas/dia_turno_depois_progr_2/historico.json,dia_turno_curso -> curso -> par_cursos,progressiva,alfabetica,,alfabetica,,alfabetica,,180.0,1,180.0,600.0,1,0,TEMPO_TOTAL,2,,,,
1,2,61,dia_turno_curso,4_T_ENF,43,16192,78798,OPTIMAL,186018.5,186018.5,False,186018.5,4.06,3.74,600.0,4,T,ENF,alfabetica,,1,dia_turno_curso,2,True,TEMPO_TOTAL,iteracao,dia_turno_curso_cursos_progr_ate_2,180.0,180.0,600.0,14400.0,False,False,alfabetica,,alfabetica,,./dados/2024_1/horarios_2024_1.xlsx,./dados/2024_1/salas_2024_1.csv,./dados/2024_1/salas_preferenciais_2024.1.xlsx,/Users/robertdrey/Documents/workspace/development/alocador_de_salas,resultados/experimentos/2024_1/novas_hibridas/dia_turno_depois_progr_2/melhor_solucao.sol,resultados/experimentos/2024_1/novas_hibridas/dia_turno_depois_progr_2/historico.csv,resultados/experimentos/2024_1/novas_hibridas/dia_turno_depois_progr_2/historico.json,dia_turno_curso -> curso -> par_cursos,progressiva,alfabetica,,alfabetica,,alfabetica,,180.0,1,180.0,600.0,1,0,TEMPO_TOTAL,2,,,,
1,2,62,dia_turno_curso,4_T_LET,60,17618,77372,OPTIMAL,186018.5,186018.5,False,186018.5,2.75,2.39,600.0,4,T,LET,alfabetica,,1,dia_turno_curso,2,True,TEMPO_TOTAL,iteracao,dia_turno_curso_cursos_progr_ate_2,180.0,180.0,600.0,14400.0,False,False,alfabetica,,alfabetica,,./dados/2024_1/horarios_2024_1.xlsx,./dados/2024_1/salas_2024_1.csv,./dados/2024_1/salas_preferenciais_2024.1.xlsx,/Users/robertdrey/Documents/workspace/development/alocador_de_salas,resultados/experimentos/2024_1/novas_hibridas/dia_turno_depois_progr_2/melhor_solucao.sol,resultados/experimentos/2024_1/novas_hibridas/dia_turno_depois_progr_2/historico.csv,resultados/experimentos/2024_1/novas_hibridas/dia_turno_depois_progr_2/historico.json,dia_turno_curso -> curso -> par_cursos,progressiva,alfabetica,,alfabetica,,alfabetica,,180.0,1,180.0,600.0,1,0,TEMPO_TOTAL,2,,,,
1,2,63,dia_turno_curso,4_T_MAT,51,15410,79580,OPTIMAL,186018.5,186018.5,False,186018.5,1.45,1.09,600.0,4,T,MAT,alfabetica,,1,dia_turno_curso,2,True,TEMPO_TOTAL,iteracao,dia_turno_curso_cursos_progr_ate_2,180.0,180.0,600.0,14400.0,False,False,alfabetica,,alfabetica,,./dados/2024_1/horarios_2024_1.xlsx,./dados/2024_1/salas_2024_1.csv,./dados/2024_1/salas_preferenciais_2024.1.xlsx,/Users/robertdrey/Documents/workspace/development/alocador_de_salas,resultados/experimentos/2024_1/novas_hibridas/dia_turno_depois_progr_2/melhor_solucao.sol,resultados/experimentos/2024_1/novas_hibridas/dia_turno_depois_progr_2/historico.csv,resultados/experimentos/2024_1/novas_hibridas/dia_turno_depois_progr_2/historico.json,dia_turno_curso -> curso -> par_cursos,progressiva,alfabetica,,alfabetica,,alfabetica,,180.0,1,180.0,600.0,1,0,TEMPO_TOTAL,2,,,,
1,2,64,dia_turno_curso,4_T_MED,64,18676,76314,OPTIMAL,186018.5,186018.5,False,186018.5,2.16,1.83,600.0,4,T,MED,alfabetica,,1,dia_turno_curso,2,True,TEMPO_TOTAL,iteracao,dia_turno_curso_cursos_progr_ate_2,180.0,180.0,600.0,14400.0,False,False,alfabetica,,alfabetica,,./dados/2024_1/horarios_2024_1.xlsx,./dados/2024_1/salas_2024_1.csv,./dados/2024_1/salas_preferenciais_2024.1.xlsx,/Users/robertdrey/Documents/workspace/development/alocador_de_salas,resultados/experimentos/2024_1/novas_hibridas/dia_turno_depois_progr_2/melhor_solucao.sol,resultados/experimentos/2024_1/novas_hibridas/dia_turno_depois_progr_2/historico.csv,resultados/experimentos/2024_1/novas_hibridas/dia_turno_depois_progr_2/historico.json,dia_turno_curso -> curso -> par_cursos,progressiva,alfabetica,,alfabetica,,alfabetica,,180.0,1,180.0,600.0,1,0,TEMPO_TOTAL,2,,,,
1,2,65,dia_turno_curso,4_N_ADM,85,18262,76728,OPTIMAL,186018.5,186018.5,False,186018.5,3.17,2.83,600.0,4,N,ADM,alfabetica,,1,dia_turno_curso,2,True,TEMPO_TOTAL,iteracao,dia_turno_curso_cursos_progr_ate_2,180.0,180.0,600.0,14400.0,False,False,alfabetica,,alfabetica,,./dados/2024_1/horarios_2024_1.xlsx,./dados/2024_1/salas_2024_1.csv,./dados/2024_1/salas_preferenciais_2024.1.xlsx,/Users/robertdrey/Documents/workspace/development/alocador_de_salas,resultados/experimentos/2024_1/novas_hibridas/dia_turno_depois_progr_2/melhor_solucao.sol,resultados/experimentos/2024_1/novas_hibridas/dia_turno_depois_progr_2/historico.csv,resultados/experimentos/2024_1/novas_hibridas/dia_turno_depois_progr_2/historico.json,dia_turno_curso -> curso -> par_cursos,progressiva,alfabetica,,alfabetica,,alfabetica,,180.0,1,180.0,600.0,1,0,TEMPO_TOTAL,2,,,,
1,2,66,dia_turno_curso,4_N_CC,86,19872,75118,OPTIMAL,186018.5,186018.5,False,186018.5,58.47,58.12,600.0,4,N,CC,alfabetica,,1,dia_turno_curso,2,True,TEMPO_TOTAL,iteracao,dia_turno_curso_cursos_progr_ate_2,180.0,180.0,600.0,14400.0,False,False,alfabetica,,alfabetica,,./dados/2024_1/horarios_2024_1.xlsx,./dados/2024_1/salas_2024_1.csv,./dados/2024_1/salas_preferenciais_2024.1.xlsx,/Users/robertdrey/Documents/workspace/development/alocador_de_salas,resultados/experimentos/2024_1/novas_hibridas/dia_turno_depois_progr_2/melhor_solucao.sol,resultados/experimentos/2024_1/novas_hibridas/dia_turno_depois_progr_2/historico.csv,resultados/experimentos/2024_1/novas_hibridas/dia_turno_depois_progr_2/historico.json,dia_turno_curso -> curso -> par_cursos,progressiva,alfabetica,,alfabetica,,alfabetica,,180.0,1,180.0,600.0,1,0,TEMPO_TOTAL,2,,,,
1,2,67,dia_turno_curso,4_N_CS,60,13294,81696,OPTIMAL,186018.5,186018.5,False,186018.5,2.85,2.52,600.0,4,N,CS,alfabetica,,1,dia_turno_curso,2,True,TEMPO_TOTAL,iteracao,dia_turno_curso_cursos_progr_ate_2,180.0,180.0,600.0,14400.0,False,False,alfabetica,,alfabetica,,./dados/2024_1/horarios_2024_1.xlsx,./dados/2024_1/salas_2024_1.csv,./dados/2024_1/salas_preferenciais_2024.1.xlsx,/Users/robertdrey/Documents/workspace/development/alocador_de_salas,resultados/experimentos/2024_1/novas_hibridas/dia_turno_depois_progr_2/melhor_solucao.sol,resultados/experimentos/2024_1/novas_hibridas/dia_turno_depois_progr_2/historico.csv,resultados/experimentos/2024_1/novas_hibridas/dia_turno_depois_progr_2/historico.json,dia_turno_curso -> curso -> par_cursos,progressiva,alfabetica,,alfabetica,,alfabetica,,180.0,1,180.0,600.0,1,0,TEMPO_TOTAL,2,,,,
1,2,68,dia_turno_curso,4_N_EAS,86,17204,77786,OPTIMAL,186018.5,186018.5,False,186018.5,2.89,2.56,600.0,4,N,EAS,alfabetica,,1,dia_turno_curso,2,True,TEMPO_TOTAL,iteracao,dia_turno_curso_cursos_progr_ate_2,180.0,180.0,600.0,14400.0,False,False,alfabetica,,alfabetica,,./dados/2024_1/horarios_2024_1.xlsx,./dados/2024_1/salas_2024_1.csv,./dados/2024_1/salas_preferenciais_2024.1.xlsx,/Users/robertdrey/Documents/workspace/development/alocador_de_salas,resultados/experimentos/2024_1/novas_hibridas/dia_turno_depois_progr_2/melhor_solucao.sol,resultados/experimentos/2024_1/novas_hibridas/dia_turno_depois_progr_2/historico.csv,resultados/experimentos/2024_1/novas_hibridas/dia_turno_depois_progr_2/historico.json,dia_turno_curso -> curso -> par_cursos,progressiva,alfabetica,,alfabetica,,alfabetica,,180.0,1,180.0,600.0,1,0,TEMPO_TOTAL,2,,,,
1,2,69,dia_turno_curso,4_N_FIL,53,11914,83076,OPTIMAL,186018.5,186018.5,False,186018.5,2.1,1.76,600.0,4,N,FIL,alfabetica,,1,dia_turno_curso,2,True,TEMPO_TOTAL,iteracao,dia_turno_curso_cursos_progr_ate_2,180.0,180.0,600.0,14400.0,False,False,alfabetica,,alfabetica,,./dados/2024_1/horarios_2024_1.xlsx,./dados/2024_1/salas_2024_1.csv,./dados/2024_1/salas_preferenciais_2024.1.xlsx,/Users/robertdrey/Documents/workspace/development/alocador_de_salas,resultados/experimentos/2024_1/novas_hibridas/dia_turno_depois_progr_2/melhor_solucao.sol,resultados/experimentos/2024_1/novas_hibridas/dia_turno_depois_progr_2/historico.csv,resultados/experimentos/2024_1/novas_hibridas/dia_turno_depois_progr_2/historico.json,dia_turno_curso -> curso -> par_cursos,progressiva,alfabetica,,alfabetica,,alfabetica,,180.0,1,180.0,600.0,1,0,TEMPO_TOTAL,2,,,,
1,2,70,dia_turno_curso,4_N_GEO,51,11776,83214,OPTIMAL,186018.5,186018.5,False,186018.5,2.15,1.81,600.0,4,N,GEO,alfabetica,,1,dia_turno_curso,2,True,TEMPO_TOTAL,iteracao,dia_turno_curso_cursos_progr_ate_2,180.0,180.0,600.0,14400.0,False,False,alfabetica,,alfabetica,,./dados/2024_1/horarios_2024_1.xlsx,./dados/2024_1/salas_2024_1.csv,./dados/2024_1/salas_preferenciais_2024.1.xlsx,/Users/robertdrey/Documents/workspace/development/alocador_de_salas,resultados/experimentos/2024_1/novas_hibridas/dia_turno_depois_progr_2/melhor_solucao.sol,resultados/experimentos/2024_1/novas_hibridas/dia_turno_depois_progr_2/historico.csv,resultados/experimentos/2024_1/novas_hibridas/dia_turno_depois_progr_2/historico.json,dia_turno_curso -> curso -> par_cursos,progressiva,alfabetica,,alfabetica,,alfabetica,,180.0,1,180.0,600.0,1,0,TEMPO_TOTAL,2,,,,
1,2,71,dia_turno_curso,4_N_HIS,62,13938,81052,OPTIMAL,186018.5,186018.5,False,186018.5,2.51,2.15,600.0,4,N,HIS,alfabetica,,1,dia_turno_curso,2,True,TEMPO_TOTAL,iteracao,dia_turno_curso_cursos_progr_ate_2,180.0,180.0,600.0,14400.0,False,False,alfabetica,,alfabetica,,./dados/2024_1/horarios_2024_1.xlsx,./dados/2024_1/salas_2024_1.csv,./dados/2024_1/salas_preferenciais_2024.1.xlsx,/Users/robertdrey/Documents/workspace/development/alocador_de_salas,resultados/experimentos/2024_1/novas_hibridas/dia_turno_depois_progr_2/melhor_solucao.sol,resultados/experimentos/2024_1/novas_hibridas/dia_turno_depois_progr_2/historico.csv,resultados/experimentos/2024_1/novas_hibridas/dia_turno_depois_progr_2/historico.json,dia_turno_curso -> curso -> par_cursos,progressiva,alfabetica,,alfabetica,,alfabetica,,180.0,1,180.0,600.0,1,0,TEMPO_TOTAL,2,,,,
1,2,72,dia_turno_curso,4_N_LET,69,16744,78246,TIME_LIMIT,186018.5,186018.5,False,186018.5,600.47,600.05,600.0,4,N,LET,alfabetica,,1,dia_turno_curso,2,True,TEMPO_TOTAL,iteracao,dia_turno_curso_cursos_progr_ate_2,180.0,180.0,600.0,14400.0,False,False,alfabetica,,alfabetica,,./dados/2024_1/horarios_2024_1.xlsx,./dados/2024_1/salas_2024_1.csv,./dados/2024_1/salas_preferenciais_2024.1.xlsx,/Users/robertdrey/Documents/workspace/development/alocador_de_salas,resultados/experimentos/2024_1/novas_hibridas/dia_turno_depois_progr_2/melhor_solucao.sol,resultados/experimentos/2024_1/novas_hibridas/dia_turno_depois_progr_2/historico.csv,resultados/experimentos/2024_1/novas_hibridas/dia_turno_depois_progr_2/historico.json,dia_turno_curso -> curso -> par_cursos,progressiva,alfabetica,,alfabetica,,alfabetica,,180.0,1,180.0,600.0,1,0,TEMPO_TOTAL,2,,,,
1,2,73,dia_turno_curso,4_N_MAT,59,13202,81788,OPTIMAL,186018.5,186018.5,False,186018.5,2.72,2.32,600.0,4,N,MAT,alfabetica,,1,dia_turno_curso,2,True,TEMPO_TOTAL,iteracao,dia_turno_curso_cursos_progr_ate_2,180.0,180.0,600.0,14400.0,False,False,alfabetica,,alfabetica,,./dados/2024_1/horarios_2024_1.xlsx,./dados/2024_1/salas_2024_1.csv,./dados/2024_1/salas_preferenciais_2024.1.xlsx,/Users/robertdrey/Documents/workspace/development/alocador_de_salas,resultados/experimentos/2024_1/novas_hibridas/dia_turno_depois_progr_2/melhor_solucao.sol,resultados/experimentos/2024_1/novas_hibridas/dia_turno_depois_progr_2/historico.csv,resultados/experimentos/2024_1/novas_hibridas/dia_turno_depois_progr_2/historico.json,dia_turno_curso -> curso -> par_cursos,progressiva,alfabetica,,alfabetica,,alfabetica,,180.0,1,180.0,600.0,1,0,TEMPO_TOTAL,2,,,,
1,2,74,dia_turno_curso,4_N_PED,93,21160,73830,OPTIMAL,186018.5,186018.5,False,186018.5,16.89,16.52,600.0,4,N,PED,alfabetica,,1,dia_turno_curso,2,True,TEMPO_TOTAL,iteracao,dia_turno_curso_cursos_progr_ate_2,180.0,180.0,600.0,14400.0,False,False,alfabetica,,alfabetica,,./dados/2024_1/horarios_2024_1.xlsx,./dados/2024_1/salas_2024_1.csv,./dados/2024_1/salas_preferenciais_2024.1.xlsx,/Users/robertdrey/Documents/workspace/development/alocador_de_salas,resultados/experimentos/2024_1/novas_hibridas/dia_turno_depois_progr_2/melhor_solucao.sol,resultados/experimentos/2024_1/novas_hibridas/dia_turno_depois_progr_2/historico.csv,resultados/experimentos/2024_1/novas_hibridas/dia_turno_depois_progr_2/historico.json,dia_turno_curso -> curso -> par_cursos,progressiva,alfabetica,,alfabetica,,alfabetica,,180.0,1,180.0,600.0,1,0,TEMPO_TOTAL,2,,,,
1,2,75,dia_turno_curso,5_M_ADM,80,19734,75256,OPTIMAL,186018.5,186018.5,False,186018.5,2.35,1.97,600.0,5,M,ADM,alfabetica,,1,dia_turno_curso,2,True,TEMPO_TOTAL,iteracao,dia_turno_curso_cursos_progr_ate_2,180.0,180.0,600.0,14400.0,False,False,alfabetica,,alfabetica,,./dados/2024_1/horarios_2024_1.xlsx,./dados/2024_1/salas_2024_1.csv,./dados/2024_1/salas_preferenciais_2024.1.xlsx,/Users/robertdrey/Documents/workspace/development/alocador_de_salas,resultados/experimentos/2024_1/novas_hibridas/dia_turno_depois_progr_2/melhor_solucao.sol,resultados/experimentos/2024_1/novas_hibridas/dia_turno_depois_progr_2/historico.csv,resultados/experimentos/2024_1/novas_hibridas/dia_turno_depois_progr_2/historico.json,dia_turno_curso -> curso -> par_cursos,progressiva,alfabetica,,alfabetica,,alfabetica,,180.0,1,180.0,600.0,1,0,TEMPO_TOTAL,2,,,,
1,2,76,dia_turno_curso,5_M_AGRO,80,18492,76498,OPTIMAL,186018.5,186018.5,False,186018.5,8.11,7.77,600.0,5,M,AGRO,alfabetica,,1,dia_turno_curso,2,True,TEMPO_TOTAL,iteracao,dia_turno_curso_cursos_progr_ate_2,180.0,180.0,600.0,14400.0,False,False,alfabetica,,alfabetica,,./dados/2024_1/horarios_2024_1.xlsx,./dados/2024_1/salas_2024_1.csv,./dados/2024_1/salas_preferenciais_2024.1.xlsx,/Users/robertdrey/Documents/workspace/development/alocador_de_salas,resultados/experimentos/2024_1/novas_hibridas/dia_turno_depois_progr_2/melhor_solucao.sol,resultados/experimentos/2024_1/novas_hibridas/dia_turno_depois_progr_2/historico.csv,resultados/experimentos/2024_1/novas_hibridas/dia_turno_depois_progr_2/historico.json,dia_turno_curso -> curso -> par_cursos,progressiva,alfabetica,,alfabetica,,alfabetica,,180.0,1,180.0,600.0,1,0,TEMPO_TOTAL,2,,,,
1,2,77,dia_turno_curso,5_M_EAS,75,17618,77372,OPTIMAL,186018.5,186018.5,False,186018.5,2.13,1.8,600.0,5,M,EAS,alfabetica,,1,dia_turno_curso,2,True,TEMPO_TOTAL,iteracao,dia_turno_curso_cursos_progr_ate_2,180.0,180.0,600.0,14400.0,False,False,alfabetica,,alfabetica,,./dados/2024_1/horarios_2024_1.xlsx,./dados/2024_1/salas_2024_1.csv,./dados/2024_1/salas_preferenciais_2024.1.xlsx,/Users/robertdrey/Documents/workspace/development/alocador_de_salas,resultados/experimentos/2024_1/novas_hibridas/dia_turno_depois_progr_2/melhor_solucao.sol,resultados/experimentos/2024_1/novas_hibridas/dia_turno_depois_progr_2/historico.csv,resultados/experimentos/2024_1/novas_hibridas/dia_turno_depois_progr_2/historico.json,dia_turno_curso -> curso -> par_cursos,progressiva,alfabetica,,alfabetica,,alfabetica,,180.0,1,180.0,600.0,1,0,TEMPO_TOTAL,2,,,,
1,2,78,dia_turno_curso,5_M_ENF,51,15732,79258,OPTIMAL,186018.5,186018.5,False,186018.5,5.27,4.92,600.0,5,M,ENF,alfabetica,,1,dia_turno_curso,2,True,TEMPO_TOTAL,iteracao,dia_turno_curso_cursos_progr_ate_2,180.0,180.0,600.0,14400.0,False,False,alfabetica,,alfabetica,,./dados/2024_1/horarios_2024_1.xlsx,./dados/2024_1/salas_2024_1.csv,./dados/2024_1/salas_preferenciais_2024.1.xlsx,/Users/robertdrey/Documents/workspace/development/alocador_de_salas,resultados/experimentos/2024_1/novas_hibridas/dia_turno_depois_progr_2/melhor_solucao.sol,resultados/experimentos/2024_1/novas_hibridas/dia_turno_depois_progr_2/historico.csv,resultados/experimentos/2024_1/novas_hibridas/dia_turno_depois_progr_2/historico.json,dia_turno_curso -> curso -> par_cursos,progressiva,alfabetica,,alfabetica,,alfabetica,,180.0,1,180.0,600.0,1,0,TEMPO_TOTAL,2,,,,
1,2,79,dia_turno_curso,5_M_MED,74,19550,75440,OPTIMAL,186018.5,186018.5,False,186018.5,3.71,3.35,600.0,5,M,MED,alfabetica,,1,dia_turno_curso,2,True,TEMPO_TOTAL,iteracao,dia_turno_curso_cursos_progr_ate_2,180.0,180.0,600.0,14400.0,False,False,alfabetica,,alfabetica,,./dados/2024_1/horarios_2024_1.xlsx,./dados/2024_1/salas_2024_1.csv,./dados/2024_1/salas_preferenciais_2024.1.xlsx,/Users/robertdrey/Documents/workspace/development/alocador_de_salas,resultados/experimentos/2024_1/novas_hibridas/dia_turno_depois_progr_2/melhor_solucao.sol,resultados/experimentos/2024_1/novas_hibridas/dia_turno_depois_progr_2/historico.csv,resultados/experimentos/2024_1/novas_hibridas/dia_turno_depois_progr_2/historico.json,dia_turno_curso -> curso -> par_cursos,progressiva,alfabetica,,alfabetica,,alfabetica,,180.0,1,180.0,600.0,1,0,TEMPO_TOTAL,2,,,,
1,2,80,dia_turno_curso,5_M_PED,89,23230,71760,OPTIMAL,186018.5,186018.5,False,186018.5,43.96,43.61,600.0,5,M,PED,alfabetica,,1,dia_turno_curso,2,True,TEMPO_TOTAL,iteracao,dia_turno_curso_cursos_progr_ate_2,180.0,180.0,600.0,14400.0,False,False,alfabetica,,alfabetica,,./dados/2024_1/horarios_2024_1.xlsx,./dados/2024_1/salas_2024_1.csv,./dados/2024_1/salas_preferenciais_2024.1.xlsx,/Users/robertdrey/Documents/workspace/development/alocador_de_salas,resultados/experimentos/2024_1/novas_hibridas/dia_turno_depois_progr_2/melhor_solucao.sol,resultados/experimentos/2024_1/novas_hibridas/dia_turno_depois_progr_2/historico.csv,resultados/experimentos/2024_1/novas_hibridas/dia_turno_depois_progr_2/historico.json,dia_turno_curso -> curso -> par_cursos,progressiva,alfabetica,,alfabetica,,alfabetica,,180.0,1,180.0,600.0,1,0,TEMPO_TOTAL,2,,,,
1,2,81,dia_turno_curso,5_T_AGRO,77,18814,76176,OPTIMAL,186018.5,186018.5,False,186018.5,8.31,7.98,600.0,5,T,AGRO,alfabetica,,1,dia_turno_curso,2,True,TEMPO_TOTAL,iteracao,dia_turno_curso_cursos_progr_ate_2,180.0,180.0,600.0,14400.0,False,False,alfabetica,,alfabetica,,./dados/2024_1/horarios_2024_1.xlsx,./dados/2024_1/salas_2024_1.csv,./dados/2024_1/salas_preferenciais_2024.1.xlsx,/Users/robertdrey/Documents/workspace/development/alocador_de_salas,resultados/experimentos/2024_1/novas_hibridas/dia_turno_depois_progr_2/melhor_solucao.sol,resultados/experimentos/2024_1/novas_hibridas/dia_turno_depois_progr_2/historico.csv,resultados/experimentos/2024_1/novas_hibridas/dia_turno_depois_progr_2/historico.json,dia_turno_curso -> curso -> par_cursos,progressiva,alfabetica,,alfabetica,,alfabetica,,180.0,1,180.0,600.0,1,0,TEMPO_TOTAL,2,,,,
1,2,82,dia_turno_curso,5_T_CC,70,19596,75394,OPTIMAL,186018.5,186018.5,False,186018.5,45.97,45.64,600.0,5,T,CC,alfabetica,,1,dia_turno_curso,2,True,TEMPO_TOTAL,iteracao,dia_turno_curso_cursos_progr_ate_2,180.0,180.0,600.0,14400.0,False,False,alfabetica,,alfabetica,,./dados/2024_1/horarios_2024_1.xlsx,./dados/2024_1/salas_2024_1.csv,./dados/2024_1/salas_preferenciais_2024.1.xlsx,/Users/robertdrey/Documents/workspace/development/alocador_de_salas,resultados/experimentos/2024_1/novas_hibridas/dia_turno_depois_progr_2/melhor_solucao.sol,resultados/experimentos/2024_1/novas_hibridas/dia_turno_depois_progr_2/historico.csv,resultados/experimentos/2024_1/novas_hibridas/dia_turno_depois_progr_2/historico.json,dia_turno_curso -> curso -> par_cursos,progressiva,alfabetica,,alfabetica,,alfabetica,,180.0,1,180.0,600.0,1,0,TEMPO_TOTAL,2,,,,
1,2,83,dia_turno_curso,5_T_EAS,71,17342,77648,OPTIMAL,186018.5,186018.5,False,186018.5,1.53,1.21,600.0,5,T,EAS,alfabetica,,1,dia_turno_curso,2,True,TEMPO_TOTAL,iteracao,dia_turno_curso_cursos_progr_ate_2,180.0,180.0,600.0,14400.0,False,False,alfabetica,,alfabetica,,./dados/2024_1/horarios_2024_1.xlsx,./dados/2024_1/salas_2024_1.csv,./dados/2024_1/salas_preferenciais_2024.1.xlsx,/Users/robertdrey/Documents/workspace/development/alocador_de_salas,resultados/experimentos/2024_1/novas_hibridas/dia_turno_depois_progr_2/melhor_solucao.sol,resultados/experimentos/2024_1/novas_hibridas/dia_turno_depois_progr_2/historico.csv,resultados/experimentos/2024_1/novas_hibridas/dia_turno_depois_progr_2/historico.json,dia_turno_curso -> curso -> par_cursos,progressiva,alfabetica,,alfabetica,,alfabetica,,180.0,1,180.0,600.0,1,0,TEMPO_TOTAL,2,,,,
1,2,84,dia_turno_curso,5_T_ENF,44,14858,80132,OPTIMAL,186018.5,186018.5,False,186018.5,4.03,3.69,600.0,5,T,ENF,alfabetica,,1,dia_turno_curso,2,True,TEMPO_TOTAL,iteracao,dia_turno_curso_cursos_progr_ate_2,180.0,180.0,600.0,14400.0,False,False,alfabetica,,alfabetica,,./dados/2024_1/horarios_2024_1.xlsx,./dados/2024_1/salas_2024_1.csv,./dados/2024_1/salas_preferenciais_2024.1.xlsx,/Users/robertdrey/Documents/workspace/development/alocador_de_salas,resultados/experimentos/2024_1/novas_hibridas/dia_turno_depois_progr_2/melhor_solucao.sol,resultados/experimentos/2024_1/novas_hibridas/dia_turno_depois_progr_2/historico.csv,resultados/experimentos/2024_1/novas_hibridas/dia_turno_depois_progr_2/historico.json,dia_turno_curso -> curso -> par_cursos,progressiva,alfabetica,,alfabetica,,alfabetica,,180.0,1,180.0,600.0,1,0,TEMPO_TOTAL,2,,,,
1,2,85,dia_turno_curso,5_T_GEO,40,12650,82340,OPTIMAL,186018.5,186018.5,False,186018.5,1.28,0.94,600.0,5,T,GEO,alfabetica,,1,dia_turno_curso,2,True,TEMPO_TOTAL,iteracao,dia_turno_curso_cursos_progr_ate_2,180.0,180.0,600.0,14400.0,False,False,alfabetica,,alfabetica,,./dados/2024_1/horarios_2024_1.xlsx,./dados/2024_1/salas_2024_1.csv,./dados/2024_1/salas_preferenciais_2024.1.xlsx,/Users/robertdrey/Documents/workspace/development/alocador_de_salas,resultados/experimentos/2024_1/novas_hibridas/dia_turno_depois_progr_2/melhor_solucao.sol,resultados/experimentos/2024_1/novas_hibridas/dia_turno_depois_progr_2/historico.csv,resultados/experimentos/2024_1/novas_hibridas/dia_turno_depois_progr_2/historico.json,dia_turno_curso -> curso -> par_cursos,progressiva,alfabetica,,alfabetica,,alfabetica,,180.0,1,180.0,600.0,1,0,TEMPO_TOTAL,2,,,,
1,2,86,dia_turno_curso,5_T_LET,65,18722,76268,OPTIMAL,186018.5,186018.5,False,186018.5,3.17,2.83,600.0,5,T,LET,alfabetica,,1,dia_turno_curso,2,True,TEMPO_TOTAL,iteracao,dia_turno_curso_cursos_progr_ate_2,180.0,180.0,600.0,14400.0,False,False,alfabetica,,alfabetica,,./dados/2024_1/horarios_2024_1.xlsx,./dados/2024_1/salas_2024_1.csv,./dados/2024_1/salas_preferenciais_2024.1.xlsx,/Users/robertdrey/Documents/workspace/development/alocador_de_salas,resultados/experimentos/2024_1/novas_hibridas/dia_turno_depois_progr_2/melhor_solucao.sol,resultados/experimentos/2024_1/novas_hibridas/dia_turno_depois_progr_2/historico.csv,resultados/experimentos/2024_1/novas_hibridas/dia_turno_depois_progr_2/historico.json,dia_turno_curso -> curso -> par_cursos,progressiva,alfabetica,,alfabetica,,alfabetica,,180.0,1,180.0,600.0,1,0,TEMPO_TOTAL,2,,,,
1,2,87,dia_turno_curso,5_T_MED,67,19274,75716,OPTIMAL,186018.5,186018.5,False,186018.5,2.85,2.48,600.0,5,T,MED,alfabetica,,1,dia_turno_curso,2,True,TEMPO_TOTAL,iteracao,dia_turno_curso_cursos_progr_ate_2,180.0,180.0,600.0,14400.0,False,False,alfabetica,,alfabetica,,./dados/2024_1/horarios_2024_1.xlsx,./dados/2024_1/salas_2024_1.csv,./dados/2024_1/salas_preferenciais_2024.1.xlsx,/Users/robertdrey/Documents/workspace/development/alocador_de_salas,resultados/experimentos/2024_1/novas_hibridas/dia_turno_depois_progr_2/melhor_solucao.sol,resultados/experimentos/2024_1/novas_hibridas/dia_turno_depois_progr_2/historico.csv,resultados/experimentos/2024_1/novas_hibridas/dia_turno_depois_progr_2/historico.json,dia_turno_curso -> curso -> par_cursos,progressiva,alfabetica,,alfabetica,,alfabetica,,180.0,1,180.0,600.0,1,0,TEMPO_TOTAL,2,,,,
1,2,88,dia_turno_curso,5_N_ADM,83,16652,78338,OPTIMAL,186018.5,186018.5,False,186018.5,2.4,2.04,600.0,5,N,ADM,alfabetica,,1,dia_turno_curso,2,True,TEMPO_TOTAL,iteracao,dia_turno_curso_cursos_progr_ate_2,180.0,180.0,600.0,14400.0,False,False,alfabetica,,alfabetica,,./dados/2024_1/horarios_2024_1.xlsx,./dados/2024_1/salas_2024_1.csv,./dados/2024_1/salas_preferenciais_2024.1.xlsx,/Users/robertdrey/Documents/workspace/development/alocador_de_salas,resultados/experimentos/2024_1/novas_hibridas/dia_turno_depois_progr_2/melhor_solucao.sol,resultados/experimentos/2024_1/novas_hibridas/dia_turno_depois_progr_2/historico.csv,resultados/experimentos/2024_1/novas_hibridas/dia_turno_depois_progr_2/historico.json,dia_turno_curso -> curso -> par_cursos,progressiva,alfabetica,,alfabetica,,alfabetica,,180.0,1,180.0,600.0,1,0,TEMPO_TOTAL,2,,,,
1,2,89,dia_turno_curso,5_N_CC,83,18078,76912,OPTIMAL,186018.5,186018.5,False,186018.5,65.44,65.1,600.0,5,N,CC,alfabetica,,1,dia_turno_curso,2,True,TEMPO_TOTAL,iteracao,dia_turno_curso_cursos_progr_ate_2,180.0,180.0,600.0,14400.0,False,False,alfabetica,,alfabetica,,./dados/2024_1/horarios_2024_1.xlsx,./dados/2024_1/salas_2024_1.csv,./dados/2024_1/salas_preferenciais_2024.1.xlsx,/Users/robertdrey/Documents/workspace/development/alocador_de_salas,resultados/experimentos/2024_1/novas_hibridas/dia_turno_depois_progr_2/melhor_solucao.sol,resultados/experimentos/2024_1/novas_hibridas/dia_turno_depois_progr_2/historico.csv,resultados/experimentos/2024_1/novas_hibridas/dia_turno_depois_progr_2/historico.json,dia_turno_curso -> curso -> par_cursos,progressiva,alfabetica,,alfabetica,,alfabetica,,180.0,1,180.0,600.0,1,0,TEMPO_TOTAL,2,,,,
1,2,90,dia_turno_curso,5_N_CS,57,11914,83076,OPTIMAL,186018.5,186018.5,False,186018.5,2.09,1.77,600.0,5,N,CS,alfabetica,,1,dia_turno_curso,2,True,TEMPO_TOTAL,iteracao,dia_turno_curso_cursos_progr_ate_2,180.0,180.0,600.0,14400.0,False,False,alfabetica,,alfabetica,,./dados/2024_1/horarios_2024_1.xlsx,./dados/2024_1/salas_2024_1.csv,./dados/2024_1/salas_preferenciais_2024.1.xlsx,/Users/robertdrey/Documents/workspace/development/alocador_de_salas,resultados/experimentos/2024_1/novas_hibridas/dia_turno_depois_progr_2/melhor_solucao.sol,resultados/experimentos/2024_1/novas_hibridas/dia_turno_depois_progr_2/historico.csv,resultados/experimentos/2024_1/novas_hibridas/dia_turno_depois_progr_2/historico.json,dia_turno_curso -> curso -> par_cursos,progressiva,alfabetica,,alfabetica,,alfabetica,,180.0,1,180.0,600.0,1,0,TEMPO_TOTAL,2,,,,
1,2,91,dia_turno_curso,5_N_EAS,83,14950,80040,OPTIMAL,186018.5,186018.5,False,186018.5,1.66,1.33,600.0,5,N,EAS,alfabetica,,1,dia_turno_curso,2,True,TEMPO_TOTAL,iteracao,dia_turno_curso_cursos_progr_ate_2,180.0,180.0,600.0,14400.0,False,False,alfabetica,,alfabetica,,./dados/2024_1/horarios_2024_1.xlsx,./dados/2024_1/salas_2024_1.csv,./dados/2024_1/salas_preferenciais_2024.1.xlsx,/Users/robertdrey/Documents/workspace/development/alocador_de_salas,resultados/experimentos/2024_1/novas_hibridas/dia_turno_depois_progr_2/melhor_solucao.sol,resultados/experimentos/2024_1/novas_hibridas/dia_turno_depois_progr_2/historico.csv,resultados/experimentos/2024_1/novas_hibridas/dia_turno_depois_progr_2/historico.json,dia_turno_curso -> curso -> par_cursos,progressiva,alfabetica,,alfabetica,,alfabetica,,180.0,1,180.0,600.0,1,0,TEMPO_TOTAL,2,,,,
1,2,92,dia_turno_curso,5_N_FIL,51,10304,84686,OPTIMAL,186018.5,186018.5,False,186018.5,1.67,1.34,600.0,5,N,FIL,alfabetica,,1,dia_turno_curso,2,True,TEMPO_TOTAL,iteracao,dia_turno_curso_cursos_progr_ate_2,180.0,180.0,600.0,14400.0,False,False,alfabetica,,alfabetica,,./dados/2024_1/horarios_2024_1.xlsx,./dados/2024_1/salas_2024_1.csv,./dados/2024_1/salas_preferenciais_2024.1.xlsx,/Users/robertdrey/Documents/workspace/development/alocador_de_salas,resultados/experimentos/2024_1/novas_hibridas/dia_turno_depois_progr_2/melhor_solucao.sol,resultados/experimentos/2024_1/novas_hibridas/dia_turno_depois_progr_2/historico.csv,resultados/experimentos/2024_1/novas_hibridas/dia_turno_depois_progr_2/historico.json,dia_turno_curso -> curso -> par_cursos,progressiva,alfabetica,,alfabetica,,alfabetica,,180.0,1,180.0,600.0,1,0,TEMPO_TOTAL,2,,,,
1,2,93,dia_turno_curso,5_N_GEO,48,9844,85146,OPTIMAL,186018.5,186018.5,False,186018.5,1.79,1.44,600.0,5,N,GEO,alfabetica,,1,dia_turno_curso,2,True,TEMPO_TOTAL,iteracao,dia_turno_curso_cursos_progr_ate_2,180.0,180.0,600.0,14400.0,False,False,alfabetica,,alfabetica,,./dados/2024_1/horarios_2024_1.xlsx,./dados/2024_1/salas_2024_1.csv,./dados/2024_1/salas_preferenciais_2024.1.xlsx,/Users/robertdrey/Documents/workspace/development/alocador_de_salas,resultados/experimentos/2024_1/novas_hibridas/dia_turno_depois_progr_2/melhor_solucao.sol,resultados/experimentos/2024_1/novas_hibridas/dia_turno_depois_progr_2/historico.csv,resultados/experimentos/2024_1/novas_hibridas/dia_turno_depois_progr_2/historico.json,dia_turno_curso -> curso -> par_cursos,progressiva,alfabetica,,alfabetica,,alfabetica,,180.0,1,180.0,600.0,1,0,TEMPO_TOTAL,2,,,,
1,2,94,dia_turno_curso,5_N_HIS,58,11960,83030,OPTIMAL,186018.5,186018.5,False,186018.5,1.93,1.59,600.0,5,N,HIS,alfabetica,,1,dia_turno_curso,2,True,TEMPO_TOTAL,iteracao,dia_turno_curso_cursos_progr_ate_2,180.0,180.0,600.0,14400.0,False,False,alfabetica,,alfabetica,,./dados/2024_1/horarios_2024_1.xlsx,./dados/2024_1/salas_2024_1.csv,./dados/2024_1/salas_preferenciais_2024.1.xlsx,/Users/robertdrey/Documents/workspace/development/alocador_de_salas,resultados/experimentos/2024_1/novas_hibridas/dia_turno_depois_progr_2/melhor_solucao.sol,resultados/experimentos/2024_1/novas_hibridas/dia_turno_depois_progr_2/historico.csv,resultados/experimentos/2024_1/novas_hibridas/dia_turno_depois_progr_2/historico.json,dia_turno_curso -> curso -> par_cursos,progressiva,alfabetica,,alfabetica,,alfabetica,,180.0,1,180.0,600.0,1,0,TEMPO_TOTAL,2,,,,
1,2,95,dia_turno_curso,5_N_LET,68,15962,79028,OPTIMAL,186018.5,186018.5,False,186018.5,4.42,4.07,600.0,5,N,LET,alfabetica,,1,dia_turno_curso,2,True,TEMPO_TOTAL,iteracao,dia_turno_curso_cursos_progr_ate_2,180.0,180.0,600.0,14400.0,False,False,alfabetica,,alfabetica,,./dados/2024_1/horarios_2024_1.xlsx,./dados/2024_1/salas_2024_1.csv,./dados/2024_1/salas_preferenciais_2024.1.xlsx,/Users/robertdrey/Documents/workspace/development/alocador_de_salas,resultados/experimentos/2024_1/novas_hibridas/dia_turno_depois_progr_2/melhor_solucao.sol,resultados/experimentos/2024_1/novas_hibridas/dia_turno_depois_progr_2/historico.csv,resultados/experimentos/2024_1/novas_hibridas/dia_turno_depois_progr_2/historico.json,dia_turno_curso -> curso -> par_cursos,progressiva,alfabetica,,alfabetica,,alfabetica,,180.0,1,180.0,600.0,1,0,TEMPO_TOTAL,2,,,,
1,2,96,dia_turno_curso,5_N_MAT,58,12328,82662,OPTIMAL,186018.5,186018.5,False,186018.5,2.02,1.64,600.0,5,N,MAT,alfabetica,,1,dia_turno_curso,2,True,TEMPO_TOTAL,iteracao,dia_turno_curso_cursos_progr_ate_2,180.0,180.0,600.0,14400.0,False,False,alfabetica,,alfabetica,,./dados/2024_1/horarios_2024_1.xlsx,./dados/2024_1/salas_2024_1.csv,./dados/2024_1/salas_preferenciais_2024.1.xlsx,/Users/robertdrey/Documents/workspace/development/alocador_de_salas,resultados/experimentos/2024_1/novas_hibridas/dia_turno_depois_progr_2/melhor_solucao.sol,resultados/experimentos/2024_1/novas_hibridas/dia_turno_depois_progr_2/historico.csv,resultados/experimentos/2024_1/novas_hibridas/dia_turno_depois_progr_2/historico.json,dia_turno_curso -> curso -> par_cursos,progressiva,alfabetica,,alfabetica,,alfabetica,,180.0,1,180.0,600.0,1,0,TEMPO_TOTAL,2,,,,
1,2,97,dia_turno_curso,5_N_MED,78,16928,78062,OPTIMAL,186018.5,186018.5,False,186018.5,3.0,2.66,600.0,5,N,MED,alfabetica,,1,dia_turno_curso,2,True,TEMPO_TOTAL,iteracao,dia_turno_curso_cursos_progr_ate_2,180.0,180.0,600.0,14400.0,False,False,alfabetica,,alfabetica,,./dados/2024_1/horarios_2024_1.xlsx,./dados/2024_1/salas_2024_1.csv,./dados/2024_1/salas_preferenciais_2024.1.xlsx,/Users/robertdrey/Documents/workspace/development/alocador_de_salas,resultados/experimentos/2024_1/novas_hibridas/dia_turno_depois_progr_2/melhor_solucao.sol,resultados/experimentos/2024_1/novas_hibridas/dia_turno_depois_progr_2/historico.csv,resultados/experimentos/2024_1/novas_hibridas/dia_turno_depois_progr_2/historico.json,dia_turno_curso -> curso -> par_cursos,progressiva,alfabetica,,alfabetica,,alfabetica,,180.0,1,180.0,600.0,1,0,TEMPO_TOTAL,2,,,,
1,2,98,dia_turno_curso,5_N_PED,90,19780,75210,OPTIMAL,186018.5,186018.5,False,186018.5,33.36,32.98,600.0,5,N,PED,alfabetica,,1,dia_turno_curso,2,True,TEMPO_TOTAL,iteracao,dia_turno_curso_cursos_progr_ate_2,180.0,180.0,600.0,14400.0,False,False,alfabetica,,alfabetica,,./dados/2024_1/horarios_2024_1.xlsx,./dados/2024_1/salas_2024_1.csv,./dados/2024_1/salas_preferenciais_2024.1.xlsx,/Users/robertdrey/Documents/workspace/development/alocador_de_salas,resultados/experimentos/2024_1/novas_hibridas/dia_turno_depois_progr_2/melhor_solucao.sol,resultados/experimentos/2024_1/novas_hibridas/dia_turno_depois_progr_2/historico.csv,resultados/experimentos/2024_1/novas_hibridas/dia_turno_depois_progr_2/historico.json,dia_turno_curso -> curso -> par_cursos,progressiva,alfabetica,,alfabetica,,alfabetica,,180.0,1,180.0,600.0,1,0,TEMPO_TOTAL,2,,,,
1,2,99,dia_turno_curso,6_M_ADM,74,15226,79764,OPTIMAL,186018.5,186018.5,False,186018.5,2.12,1.74,600.0,6,M,ADM,alfabetica,,1,dia_turno_curso,2,True,TEMPO_TOTAL,iteracao,dia_turno_curso_cursos_progr_ate_2,180.0,180.0,600.0,14400.0,False,False,alfabetica,,alfabetica,,./dados/2024_1/horarios_2024_1.xlsx,./dados/2024_1/salas_2024_1.csv,./dados/2024_1/salas_preferenciais_2024.1.xlsx,/Users/robertdrey/Documents/workspace/development/alocador_de_salas,resultados/experimentos/2024_1/novas_hibridas/dia_turno_depois_progr_2/melhor_solucao.sol,resultados/experimentos/2024_1/novas_hibridas/dia_turno_depois_progr_2/historico.csv,resultados/experimentos/2024_1/novas_hibridas/dia_turno_depois_progr_2/historico.json,dia_turno_curso -> curso -> par_cursos,progressiva,alfabetica,,alfabetica,,alfabetica,,180.0,1,180.0,600.0,1,0,TEMPO_TOTAL,2,,,,
1,2,100,dia_turno_curso,6_M_AGRO,76,14168,80822,OPTIMAL,186018.5,186018.5,False,186018.5,5.11,4.76,600.0,6,M,AGRO,alfabetica,,1,dia_turno_curso,2,True,TEMPO_TOTAL,iteracao,dia_turno_curso_cursos_progr_ate_2,180.0,180.0,600.0,14400.0,False,False,alfabetica,,alfabetica,,./dados/2024_1/horarios_2024_1.xlsx,./dados/2024_1/salas_2024_1.csv,./dados/2024_1/salas_preferenciais_2024.1.xlsx,/Users/robertdrey/Documents/workspace/development/alocador_de_salas,resultados/experimentos/2024_1/novas_hibridas/dia_turno_depois_progr_2/melhor_solucao.sol,resultados/experimentos/2024_1/novas_hibridas/dia_turno_depois_progr_2/historico.csv,resultados/experimentos/2024_1/novas_hibridas/dia_turno_depois_progr_2/historico.json,dia_turno_curso -> curso -> par_cursos,progressiva,alfabetica,,alfabetica,,alfabetica,,180.0,1,180.0,600.0,1,0,TEMPO_TOTAL,2,,,,
1,2,101,dia_turno_curso,6_M_EAS,69,13294,81696,OPTIMAL,186018.5,186018.5,False,186018.5,2.53,2.19,600.0,6,M,EAS,alfabetica,,1,dia_turno_curso,2,True,TEMPO_TOTAL,iteracao,dia_turno_curso_cursos_progr_ate_2,180.0,180.0,600.0,14400.0,False,False,alfabetica,,alfabetica,,./dados/2024_1/horarios_2024_1.xlsx,./dados/2024_1/salas_2024_1.csv,./dados/2024_1/salas_preferenciais_2024.1.xlsx,/Users/robertdrey/Documents/workspace/development/alocador_de_salas,resultados/experimentos/2024_1/novas_hibridas/dia_turno_depois_progr_2/melhor_solucao.sol,resultados/experimentos/2024_1/novas_hibridas/dia_turno_depois_progr_2/historico.csv,resultados/experimentos/2024_1/novas_hibridas/dia_turno_depois_progr_2/historico.json,dia_turno_curso -> curso -> par_cursos,progressiva,alfabetica,,alfabetica,,alfabetica,,180.0,1,180.0,600.0,1,0,TEMPO_TOTAL,2,,,,
1,2,102,dia_turno_curso,6_M_MED,69,15778,79212,OPTIMAL,186018.5,186018.5,False,186018.5,2.94,2.6,600.0,6,M,MED,alfabetica,,1,dia_turno_curso,2,True,TEMPO_TOTAL,iteracao,dia_turno_curso_cursos_progr_ate_2,180.0,180.0,600.0,14400.0,False,False,alfabetica,,alfabetica,,./dados/2024_1/horarios_2024_1.xlsx,./dados/2024_1/salas_2024_1.csv,./dados/2024_1/salas_preferenciais_2024.1.xlsx,/Users/robertdrey/Documents/workspace/development/alocador_de_salas,resultados/experimentos/2024_1/novas_hibridas/dia_turno_depois_progr_2/melhor_solucao.sol,resultados/experimentos/2024_1/novas_hibridas/dia_turno_depois_progr_2/historico.csv,resultados/experimentos/2024_1/novas_hibridas/dia_turno_depois_progr_2/historico.json,dia_turno_curso -> curso -> par_cursos,progressiva,alfabetica,,alfabetica,,alfabetica,,180.0,1,180.0,600.0,1,0,TEMPO_TOTAL,2,,,,
1,2,103,dia_turno_curso,6_M_PED,81,18078,76912,OPTIMAL,186018.5,186018.5,False,186018.5,43.2,42.85,600.0,6,M,PED,alfabetica,,1,dia_turno_curso,2,True,TEMPO_TOTAL,iteracao,dia_turno_curso_cursos_progr_ate_2,180.0,180.0,600.0,14400.0,False,False,alfabetica,,alfabetica,,./dados/2024_1/horarios_2024_1.xlsx,./dados/2024_1/salas_2024_1.csv,./dados/2024_1/salas_preferenciais_2024.1.xlsx,/Users/robertdrey/Documents/workspace/development/alocador_de_salas,resultados/experimentos/2024_1/novas_hibridas/dia_turno_depois_progr_2/melhor_solucao.sol,resultados/experimentos/2024_1/novas_hibridas/dia_turno_depois_progr_2/historico.csv,resultados/experimentos/2024_1/novas_hibridas/dia_turno_depois_progr_2/historico.json,dia_turno_curso -> curso -> par_cursos,progressiva,alfabetica,,alfabetica,,alfabetica,,180.0,1,180.0,600.0,1,0,TEMPO_TOTAL,2,,,,
1,2,104,dia_turno_curso,6_T_AGRO,79,20102,74888,OPTIMAL,186018.5,186018.5,False,186018.5,6.98,6.65,600.0,6,T,AGRO,alfabetica,,1,dia_turno_curso,2,True,TEMPO_TOTAL,iteracao,dia_turno_curso_cursos_progr_ate_2,180.0,180.0,600.0,14400.0,False,False,alfabetica,,alfabetica,,./dados/2024_1/horarios_2024_1.xlsx,./dados/2024_1/salas_2024_1.csv,./dados/2024_1/salas_preferenciais_2024.1.xlsx,/Users/robertdrey/Documents/workspace/development/alocador_de_salas,resultados/experimentos/2024_1/novas_hibridas/dia_turno_depois_progr_2/melhor_solucao.sol,resultados/experimentos/2024_1/novas_hibridas/dia_turno_depois_progr_2/historico.csv,resultados/experimentos/2024_1/novas_hibridas/dia_turno_depois_progr_2/historico.json,dia_turno_curso -> curso -> par_cursos,progressiva,alfabetica,,alfabetica,,alfabetica,,180.0,1,180.0,600.0,1,0,TEMPO_TOTAL,2,,,,
1,2,105,dia_turno_curso,6_T_CC,68,20102,74888,OPTIMAL,186018.5,186018.5,False,186018.5,56.44,56.12,600.0,6,T,CC,alfabetica,,1,dia_turno_curso,2,True,TEMPO_TOTAL,iteracao,dia_turno_curso_cursos_progr_ate_2,180.0,180.0,600.0,14400.0,False,False,alfabetica,,alfabetica,,./dados/2024_1/horarios_2024_1.xlsx,./dados/2024_1/salas_2024_1.csv,./dados/2024_1/salas_preferenciais_2024.1.xlsx,/Users/robertdrey/Documents/workspace/development/alocador_de_salas,resultados/experimentos/2024_1/novas_hibridas/dia_turno_depois_progr_2/melhor_solucao.sol,resultados/experimentos/2024_1/novas_hibridas/dia_turno_depois_progr_2/historico.csv,resultados/experimentos/2024_1/novas_hibridas/dia_turno_depois_progr_2/historico.json,dia_turno_curso -> curso -> par_cursos,progressiva,alfabetica,,alfabetica,,alfabetica,,180.0,1,180.0,600.0,1,0,TEMPO_TOTAL,2,,,,
1,2,106,dia_turno_curso,6_T_EAS,71,18124,76866,OPTIMAL,186018.5,186018.5,False,186018.5,1.11,0.8,600.0,6,T,EAS,alfabetica,,1,dia_turno_curso,2,True,TEMPO_TOTAL,iteracao,dia_turno_curso_cursos_progr_ate_2,180.0,180.0,600.0,14400.0,False,False,alfabetica,,alfabetica,,./dados/2024_1/horarios_2024_1.xlsx,./dados/2024_1/salas_2024_1.csv,./dados/2024_1/salas_preferenciais_2024.1.xlsx,/Users/robertdrey/Documents/workspace/development/alocador_de_salas,resultados/experimentos/2024_1/novas_hibridas/dia_turno_depois_progr_2/melhor_solucao.sol,resultados/experimentos/2024_1/novas_hibridas/dia_turno_depois_progr_2/historico.csv,resultados/experimentos/2024_1/novas_hibridas/dia_turno_depois_progr_2/historico.json,dia_turno_curso -> curso -> par_cursos,progressiva,alfabetica,,alfabetica,,alfabetica,,180.0,1,180.0,600.0,1,0,TEMPO_TOTAL,2,,,,
1,2,107,dia_turno_curso,6_T_ENF,43,15364,79626,OPTIMAL,186018.5,186018.5,False,186018.5,4.96,4.65,600.0,6,T,ENF,alfabetica,,1,dia_turno_curso,2,True,TEMPO_TOTAL,iteracao,dia_turno_curso_cursos_progr_ate_2,180.0,180.0,600.0,14400.0,False,False,alfabetica,,alfabetica,,./dados/2024_1/horarios_2024_1.xlsx,./dados/2024_1/salas_2024_1.csv,./dados/2024_1/salas_preferenciais_2024.1.xlsx,/Users/robertdrey/Documents/workspace/development/alocador_de_salas,resultados/experimentos/2024_1/novas_hibridas/dia_turno_depois_progr_2/melhor_solucao.sol,resultados/experimentos/2024_1/novas_hibridas/dia_turno_depois_progr_2/historico.csv,resultados/experimentos/2024_1/novas_hibridas/dia_turno_depois_progr_2/historico.json,dia_turno_curso -> curso -> par_cursos,progressiva,alfabetica,,alfabetica,,alfabetica,,180.0,1,180.0,600.0,1,0,TEMPO_TOTAL,2,,,,
1,2,108,dia_turno_curso,6_T_LET,63,18998,75992,OPTIMAL,186018.5,186018.5,False,186018.5,2.54,2.18,600.0,6,T,LET,alfabetica,,1,dia_turno_curso,2,True,TEMPO_TOTAL,iteracao,dia_turno_curso_cursos_progr_ate_2,180.0,180.0,600.0,14400.0,False,False,alfabetica,,alfabetica,,./dados/2024_1/horarios_2024_1.xlsx,./dados/2024_1/salas_2024_1.csv,./dados/2024_1/salas_preferenciais_2024.1.xlsx,/Users/robertdrey/Documents/workspace/development/alocador_de_salas,resultados/experimentos/2024_1/novas_hibridas/dia_turno_depois_progr_2/melhor_solucao.sol,resultados/experimentos/2024_1/novas_hibridas/dia_turno_depois_progr_2/historico.csv,resultados/experimentos/2024_1/novas_hibridas/dia_turno_depois_progr_2/historico.json,dia_turno_curso -> curso -> par_cursos,progressiva,alfabetica,,alfabetica,,alfabetica,,180.0,1,180.0,600.0,1,0,TEMPO_TOTAL,2,,,,
1,2,109,dia_turno_curso,6_T_MED,64,19274,75716,OPTIMAL,186018.5,186018.5,False,186018.5,2.67,2.29,600.0,6,T,MED,alfabetica,,1,dia_turno_curso,2,True,TEMPO_TOTAL,iteracao,dia_turno_curso_cursos_progr_ate_2,180.0,180.0,600.0,14400.0,False,False,alfabetica,,alfabetica,,./dados/2024_1/horarios_2024_1.xlsx,./dados/2024_1/salas_2024_1.csv,./dados/2024_1/salas_preferenciais_2024.1.xlsx,/Users/robertdrey/Documents/workspace/development/alocador_de_salas,resultados/experimentos/2024_1/novas_hibridas/dia_turno_depois_progr_2/melhor_solucao.sol,resultados/experimentos/2024_1/novas_hibridas/dia_turno_depois_progr_2/historico.csv,resultados/experimentos/2024_1/novas_hibridas/dia_turno_depois_progr_2/historico.json,dia_turno_curso -> curso -> par_cursos,progressiva,alfabetica,,alfabetica,,alfabetica,,180.0,1,180.0,600.0,1,0,TEMPO_TOTAL,2,,,,
1,2,110,dia_turno_curso,6_N_ADM,83,17158,77832,OPTIMAL,186018.5,186018.5,False,186018.5,3.01,2.66,600.0,6,N,ADM,alfabetica,,1,dia_turno_curso,2,True,TEMPO_TOTAL,iteracao,dia_turno_curso_cursos_progr_ate_2,180.0,180.0,600.0,14400.0,False,False,alfabetica,,alfabetica,,./dados/2024_1/horarios_2024_1.xlsx,./dados/2024_1/salas_2024_1.csv,./dados/2024_1/salas_preferenciais_2024.1.xlsx,/Users/robertdrey/Documents/workspace/development/alocador_de_salas,resultados/experimentos/2024_1/novas_hibridas/dia_turno_depois_progr_2/melhor_solucao.sol,resultados/experimentos/2024_1/novas_hibridas/dia_turno_depois_progr_2/historico.csv,resultados/experimentos/2024_1/novas_hibridas/dia_turno_depois_progr_2/historico.json,dia_turno_curso -> curso -> par_cursos,progressiva,alfabetica,,alfabetica,,alfabetica,,180.0,1,180.0,600.0,1,0,TEMPO_TOTAL,2,,,,
1,2,111,dia_turno_curso,6_N_AGRO,89,16422,78568,OPTIMAL,186018.5,186018.5,False,186018.5,5.2,4.85,600.0,6,N,AGRO,alfabetica,,1,dia_turno_curso,2,True,TEMPO_TOTAL,iteracao,dia_turno_curso_cursos_progr_ate_2,180.0,180.0,600.0,14400.0,False,False,alfabetica,,alfabetica,,./dados/2024_1/horarios_2024_1.xlsx,./dados/2024_1/salas_2024_1.csv,./dados/2024_1/salas_preferenciais_2024.1.xlsx,/Users/robertdrey/Documents/workspace/development/alocador_de_salas,resultados/experimentos/2024_1/novas_hibridas/dia_turno_depois_progr_2/melhor_solucao.sol,resultados/experimentos/2024_1/novas_hibridas/dia_turno_depois_progr_2/historico.csv,resultados/experimentos/2024_1/novas_hibridas/dia_turno_depois_progr_2/historico.json,dia_turno_curso -> curso -> par_cursos,progressiva,alfabetica,,alfabetica,,alfabetica,,180.0,1,180.0,600.0,1,0,TEMPO_TOTAL,2,,,,
1,2,112,dia_turno_curso,6_N_CC,82,18400,76590,OPTIMAL,186018.5,186018.5,False,186018.5,11.3,10.96,600.0,6,N,CC,alfabetica,,1,dia_turno_curso,2,True,TEMPO_TOTAL,iteracao,dia_turno_curso_cursos_progr_ate_2,180.0,180.0,600.0,14400.0,False,False,alfabetica,,alfabetica,,./dados/2024_1/horarios_2024_1.xlsx,./dados/2024_1/salas_2024_1.csv,./dados/2024_1/salas_preferenciais_2024.1.xlsx,/Users/robertdrey/Documents/workspace/development/alocador_de_salas,resultados/experimentos/2024_1/novas_hibridas/dia_turno_depois_progr_2/melhor_solucao.sol,resultados/experimentos/2024_1/novas_hibridas/dia_turno_depois_progr_2/historico.csv,resultados/experimentos/2024_1/novas_hibridas/dia_turno_depois_progr_2/historico.json,dia_turno_curso -> curso -> par_cursos,progressiva,alfabetica,,alfabetica,,alfabetica,,180.0,1,180.0,600.0,1,0,TEMPO_TOTAL,2,,,,
1,2,113,dia_turno_curso,6_N_CS,57,12420,82570,OPTIMAL,186018.5,186018.5,False,186018.5,1.95,1.6,600.0,6,N,CS,alfabetica,,1,dia_turno_curso,2,True,TEMPO_TOTAL,iteracao,dia_turno_curso_cursos_progr_ate_2,180.0,180.0,600.0,14400.0,False,False,alfabetica,,alfabetica,,./dados/2024_1/horarios_2024_1.xlsx,./dados/2024_1/salas_2024_1.csv,./dados/2024_1/salas_preferenciais_2024.1.xlsx,/Users/robertdrey/Documents/workspace/development/alocador_de_salas,resultados/experimentos/2024_1/novas_hibridas/dia_turno_depois_progr_2/melhor_solucao.sol,resultados/experimentos/2024_1/novas_hibridas/dia_turno_depois_progr_2/historico.csv,resultados/experimentos/2024_1/novas_hibridas/dia_turno_depois_progr_2/historico.json,dia_turno_curso -> curso -> par_cursos,progressiva,alfabetica,,alfabetica,,alfabetica,,180.0,1,180.0,600.0,1,0,TEMPO_TOTAL,2,,,,
1,2,114,dia_turno_curso,6_N_EAS,83,15456,79534,OPTIMAL,186018.5,186018.5,False,186018.5,1.81,1.49,600.0,6,N,EAS,alfabetica,,1,dia_turno_curso,2,True,TEMPO_TOTAL,iteracao,dia_turno_curso_cursos_progr_ate_2,180.0,180.0,600.0,14400.0,False,False,alfabetica,,alfabetica,,./dados/2024_1/horarios_2024_1.xlsx,./dados/2024_1/salas_2024_1.csv,./dados/2024_1/salas_preferenciais_2024.1.xlsx,/Users/robertdrey/Documents/workspace/development/alocador_de_salas,resultados/experimentos/2024_1/novas_hibridas/dia_turno_depois_progr_2/melhor_solucao.sol,resultados/experimentos/2024_1/novas_hibridas/dia_turno_depois_progr_2/historico.csv,resultados/experimentos/2024_1/novas_hibridas/dia_turno_depois_progr_2/historico.json,dia_turno_curso -> curso -> par_cursos,progressiva,alfabetica,,alfabetica,,alfabetica,,180.0,1,180.0,600.0,1,0,TEMPO_TOTAL,2,,,,
1,2,115,dia_turno_curso,6_N_FIL,51,10810,84180,OPTIMAL,186018.5,186018.5,False,186018.5,1.85,1.52,600.0,6,N,FIL,alfabetica,,1,dia_turno_curso,2,True,TEMPO_TOTAL,iteracao,dia_turno_curso_cursos_progr_ate_2,180.0,180.0,600.0,14400.0,False,False,alfabetica,,alfabetica,,./dados/2024_1/horarios_2024_1.xlsx,./dados/2024_1/salas_2024_1.csv,./dados/2024_1/salas_preferenciais_2024.1.xlsx,/Users/robertdrey/Documents/workspace/development/alocador_de_salas,resultados/experimentos/2024_1/novas_hibridas/dia_turno_depois_progr_2/melhor_solucao.sol,resultados/experimentos/2024_1/novas_hibridas/dia_turno_depois_progr_2/historico.csv,resultados/experimentos/2024_1/novas_hibridas/dia_turno_depois_progr_2/historico.json,dia_turno_curso -> curso -> par_cursos,progressiva,alfabetica,,alfabetica,,alfabetica,,180.0,1,180.0,600.0,1,0,TEMPO_TOTAL,2,,,,
1,2,116,dia_turno_curso,6_N_GEO,47,10304,84686,OPTIMAL,186018.5,186018.5,False,186018.5,1.62,1.28,600.0,6,N,GEO,alfabetica,,1,dia_turno_curso,2,True,TEMPO_TOTAL,iteracao,dia_turno_curso_cursos_progr_ate_2,180.0,180.0,600.0,14400.0,False,False,alfabetica,,alfabetica,,./dados/2024_1/horarios_2024_1.xlsx,./dados/2024_1/salas_2024_1.csv,./dados/2024_1/salas_preferenciais_2024.1.xlsx,/Users/robertdrey/Documents/workspace/development/alocador_de_salas,resultados/experimentos/2024_1/novas_hibridas/dia_turno_depois_progr_2/melhor_solucao.sol,resultados/experimentos/2024_1/novas_hibridas/dia_turno_depois_progr_2/historico.csv,resultados/experimentos/2024_1/novas_hibridas/dia_turno_depois_progr_2/historico.json,dia_turno_curso -> curso -> par_cursos,progressiva,alfabetica,,alfabetica,,alfabetica,,180.0,1,180.0,600.0,1,0,TEMPO_TOTAL,2,,,,
1,2,117,dia_turno_curso,6_N_HIS,59,12650,82340,OPTIMAL,186018.5,186018.5,False,186018.5,1.85,1.49,600.0,6,N,HIS,alfabetica,,1,dia_turno_curso,2,True,TEMPO_TOTAL,iteracao,dia_turno_curso_cursos_progr_ate_2,180.0,180.0,600.0,14400.0,False,False,alfabetica,,alfabetica,,./dados/2024_1/horarios_2024_1.xlsx,./dados/2024_1/salas_2024_1.csv,./dados/2024_1/salas_preferenciais_2024.1.xlsx,/Users/robertdrey/Documents/workspace/development/alocador_de_salas,resultados/experimentos/2024_1/novas_hibridas/dia_turno_depois_progr_2/melhor_solucao.sol,resultados/experimentos/2024_1/novas_hibridas/dia_turno_depois_progr_2/historico.csv,resultados/experimentos/2024_1/novas_hibridas/dia_turno_depois_progr_2/historico.json,dia_turno_curso -> curso -> par_cursos,progressiva,alfabetica,,alfabetica,,alfabetica,,180.0,1,180.0,600.0,1,0,TEMPO_TOTAL,2,,,,
1,2,118,dia_turno_curso,6_N_LET,69,16376,78614,OPTIMAL,186018.5,186018.5,False,186018.5,4.85,4.51,600.0,6,N,LET,alfabetica,,1,dia_turno_curso,2,True,TEMPO_TOTAL,iteracao,dia_turno_curso_cursos_progr_ate_2,180.0,180.0,600.0,14400.0,False,False,alfabetica,,alfabetica,,./dados/2024_1/horarios_2024_1.xlsx,./dados/2024_1/salas_2024_1.csv,./dados/2024_1/salas_preferenciais_2024.1.xlsx,/Users/robertdrey/Documents/workspace/development/alocador_de_salas,resultados/experimentos/2024_1/novas_hibridas/dia_turno_depois_progr_2/melhor_solucao.sol,resultados/experimentos/2024_1/novas_hibridas/dia_turno_depois_progr_2/historico.csv,resultados/experimentos/2024_1/novas_hibridas/dia_turno_depois_progr_2/historico.json,dia_turno_curso -> curso -> par_cursos,progressiva,alfabetica,,alfabetica,,alfabetica,,180.0,1,180.0,600.0,1,0,TEMPO_TOTAL,2,,,,
1,2,119,dia_turno_curso,6_N_MAT,58,12834,82156,OPTIMAL,186018.5,186018.5,False,186018.5,2.03,1.66,600.0,6,N,MAT,alfabetica,,1,dia_turno_curso,2,True,TEMPO_TOTAL,iteracao,dia_turno_curso_cursos_progr_ate_2,180.0,180.0,600.0,14400.0,False,False,alfabetica,,alfabetica,,./dados/2024_1/horarios_2024_1.xlsx,./dados/2024_1/salas_2024_1.csv,./dados/2024_1/salas_preferenciais_2024.1.xlsx,/Users/robertdrey/Documents/workspace/development/alocador_de_salas,resultados/experimentos/2024_1/novas_hibridas/dia_turno_depois_progr_2/melhor_solucao.sol,resultados/experimentos/2024_1/novas_hibridas/dia_turno_depois_progr_2/historico.csv,resultados/experimentos/2024_1/novas_hibridas/dia_turno_depois_progr_2/historico.json,dia_turno_curso -> curso -> par_cursos,progressiva,alfabetica,,alfabetica,,alfabetica,,180.0,1,180.0,600.0,1,0,TEMPO_TOTAL,2,,,,
1,2,120,dia_turno_curso,6_N_PED,89,20286,74704,OPTIMAL,186018.5,186018.5,False,186018.5,69.2,68.86,600.0,6,N,PED,alfabetica,,1,dia_turno_curso,2,True,TEMPO_TOTAL,iteracao,dia_turno_curso_cursos_progr_ate_2,180.0,180.0,600.0,14400.0,False,False,alfabetica,,alfabetica,,./dados/2024_1/horarios_2024_1.xlsx,./dados/2024_1/salas_2024_1.csv,./dados/2024_1/salas_preferenciais_2024.1.xlsx,/Users/robertdrey/Documents/workspace/development/alocador_de_salas,resultados/experimentos/2024_1/novas_hibridas/dia_turno_depois_progr_2/melhor_solucao.sol,resultados/experimentos/2024_1/novas_hibridas/dia_turno_depois_progr_2/historico.csv,resultados/experimentos/2024_1/novas_hibridas/dia_turno_depois_progr_2/historico.json,dia_turno_curso -> curso -> par_cursos,progressiva,alfabetica,,alfabetica,,alfabetica,,180.0,1,180.0,600.0,1,0,TEMPO_TOTAL,2,,,,
1,2,121,dia_turno_curso,7_M_AGRO,68,15870,79120,OPTIMAL,186018.5,186018.5,False,186018.5,3.75,3.41,600.0,7,M,AGRO,alfabetica,,1,dia_turno_curso,2,True,TEMPO_TOTAL,iteracao,dia_turno_curso_cursos_progr_ate_2,180.0,180.0,600.0,14400.0,False,False,alfabetica,,alfabetica,,./dados/2024_1/horarios_2024_1.xlsx,./dados/2024_1/salas_2024_1.csv,./dados/2024_1/salas_preferenciais_2024.1.xlsx,/Users/robertdrey/Documents/workspace/development/alocador_de_salas,resultados/experimentos/2024_1/novas_hibridas/dia_turno_depois_progr_2/melhor_solucao.sol,resultados/experimentos/2024_1/novas_hibridas/dia_turno_depois_progr_2/historico.csv,resultados/experimentos/2024_1/novas_hibridas/dia_turno_depois_progr_2/historico.json,dia_turno_curso -> curso -> par_cursos,progressiva,alfabetica,,alfabetica,,alfabetica,,180.0,1,180.0,600.0,1,0,TEMPO_TOTAL,2,,,,
1,2,122,dia_turno_curso,7_M_CC,63,17480,77510,OPTIMAL,186018.5,186018.5,False,186018.5,54.59,54.25,600.0,7,M,CC,alfabetica,,1,dia_turno_curso,2,True,TEMPO_TOTAL,iteracao,dia_turno_curso_cursos_progr_ate_2,180.0,180.0,600.0,14400.0,False,False,alfabetica,,alfabetica,,./dados/2024_1/horarios_2024_1.xlsx,./dados/2024_1/salas_2024_1.csv,./dados/2024_1/salas_preferenciais_2024.1.xlsx,/Users/robertdrey/Documents/workspace/development/alocador_de_salas,resultados/experimentos/2024_1/novas_hibridas/dia_turno_depois_progr_2/melhor_solucao.sol,resultados/experimentos/2024_1/novas_hibridas/dia_turno_depois_progr_2/historico.csv,resultados/experimentos/2024_1/novas_hibridas/dia_turno_depois_progr_2/historico.json,dia_turno_curso -> curso -> par_cursos,progressiva,alfabetica,,alfabetica,,alfabetica,,180.0,1,180.0,600.0,1,0,TEMPO_TOTAL,2,,,,
1,2,123,dia_turno_curso,7_M_CS,40,12742,82248,OPTIMAL,186018.5,186018.5,False,186018.5,1.09,0.78,600.0,7,M,CS,alfabetica,,1,dia_turno_curso,2,True,TEMPO_TOTAL,iteracao,dia_turno_curso_cursos_progr_ate_2,180.0,180.0,600.0,14400.0,False,False,alfabetica,,alfabetica,,./dados/2024_1/horarios_2024_1.xlsx,./dados/2024_1/salas_2024_1.csv,./dados/2024_1/salas_preferenciais_2024.1.xlsx,/Users/robertdrey/Documents/workspace/development/alocador_de_salas,resultados/experimentos/2024_1/novas_hibridas/dia_turno_depois_progr_2/melhor_solucao.sol,resultados/experimentos/2024_1/novas_hibridas/dia_turno_depois_progr_2/historico.csv,resultados/experimentos/2024_1/novas_hibridas/dia_turno_depois_progr_2/historico.json,dia_turno_curso -> curso -> par_cursos,progressiva,alfabetica,,alfabetica,,alfabetica,,180.0,1,180.0,600.0,1,0,TEMPO_TOTAL,2,,,,
1,2,124,dia_turno_curso,7_M_GEO,28,10258,84732,OPTIMAL,186018.5,186018.5,False,186018.5,0.89,0.58,600.0,7,M,GEO,alfabetica,,1,dia_turno_curso,2,True,TEMPO_TOTAL,iteracao,dia_turno_curso_cursos_progr_ate_2,180.0,180.0,600.0,14400.0,False,False,alfabetica,,alfabetica,,./dados/2024_1/horarios_2024_1.xlsx,./dados/2024_1/salas_2024_1.csv,./dados/2024_1/salas_preferenciais_2024.1.xlsx,/Users/robertdrey/Documents/workspace/development/alocador_de_salas,resultados/experimentos/2024_1/novas_hibridas/dia_turno_depois_progr_2/melhor_solucao.sol,resultados/experimentos/2024_1/novas_hibridas/dia_turno_depois_progr_2/historico.csv,resultados/experimentos/2024_1/novas_hibridas/dia_turno_depois_progr_2/historico.json,dia_turno_curso -> curso -> par_cursos,progressiva,alfabetica,,alfabetica,,alfabetica,,180.0,1,180.0,600.0,1,0,TEMPO_TOTAL,2,,,,
1,2,125,dia_turno_curso,7_M_HIS,41,12420,82570,OPTIMAL,186018.5,186018.5,False,186018.5,1.0,0.69,600.0,7,M,HIS,alfabetica,,1,dia_turno_curso,2,True,TEMPO_TOTAL,iteracao,dia_turno_curso_cursos_progr_ate_2,180.0,180.0,600.0,14400.0,False,False,alfabetica,,alfabetica,,./dados/2024_1/horarios_2024_1.xlsx,./dados/2024_1/salas_2024_1.csv,./dados/2024_1/salas_preferenciais_2024.1.xlsx,/Users/robertdrey/Documents/workspace/development/alocador_de_salas,resultados/experimentos/2024_1/novas_hibridas/dia_turno_depois_progr_2/melhor_solucao.sol,resultados/experimentos/2024_1/novas_hibridas/dia_turno_depois_progr_2/historico.csv,resultados/experimentos/2024_1/novas_hibridas/dia_turno_depois_progr_2/historico.json,dia_turno_curso -> curso -> par_cursos,progressiva,alfabetica,,alfabetica,,alfabetica,,180.0,1,180.0,600.0,1,0,TEMPO_TOTAL,2,,,,
1,2,126,dia_turno_curso,7_M_MAT,40,12604,82386,OPTIMAL,186018.5,186018.5,False,186018.5,1.12,0.8,600.0,7,M,MAT,alfabetica,,1,dia_turno_curso,2,True,TEMPO_TOTAL,iteracao,dia_turno_curso_cursos_progr_ate_2,180.0,180.0,600.0,14400.0,False,False,alfabetica,,alfabetica,,./dados/2024_1/horarios_2024_1.xlsx,./dados/2024_1/salas_2024_1.csv,./dados/2024_1/salas_preferenciais_2024.1.xlsx,/Users/robertdrey/Documents/workspace/development/alocador_de_salas,resultados/experimentos/2024_1/novas_hibridas/dia_turno_depois_progr_2/melhor_solucao.sol,resultados/experimentos/2024_1/novas_hibridas/dia_turno_depois_progr_2/historico.csv,resultados/experimentos/2024_1/novas_hibridas/dia_turno_depois_progr_2/historico.json,dia_turno_curso -> curso -> par_cursos,progressiva,alfabetica,,alfabetica,,alfabetica,,180.0,1,180.0,600.0,1,0,TEMPO_TOTAL,2,,,,
1,2,127,dia_turno_curso,7_M_MED,59,17480,77510,OPTIMAL,186018.5,186018.5,False,186018.5,2.21,1.87,600.0,7,M,MED,alfabetica,,1,dia_turno_curso,2,True,TEMPO_TOTAL,iteracao,dia_turno_curso_cursos_progr_ate_2,180.0,180.0,600.0,14400.0,False,False,alfabetica,,alfabetica,,./dados/2024_1/horarios_2024_1.xlsx,./dados/2024_1/salas_2024_1.csv,./dados/2024_1/salas_preferenciais_2024.1.xlsx,/Users/robertdrey/Documents/workspace/development/alocador_de_salas,resultados/experimentos/2024_1/novas_hibridas/dia_turno_depois_progr_2/melhor_solucao.sol,resultados/experimentos/2024_1/novas_hibridas/dia_turno_depois_progr_2/historico.csv,resultados/experimentos/2024_1/novas_hibridas/dia_turno_depois_progr_2/historico.json,dia_turno_curso -> curso -> par_cursos,progressiva,alfabetica,,alfabetica,,alfabetica,,180.0,1,180.0,600.0,1,0,TEMPO_TOTAL,2,,,,
1,2,128,dia_turno_curso,7_M_PED,68,17572,77418,OPTIMAL,186018.5,186018.5,False,186018.5,20.8,20.43,600.0,7,M,PED,alfabetica,,1,dia_turno_curso,2,True,TEMPO_TOTAL,iteracao,dia_turno_curso_cursos_progr_ate_2,180.0,180.0,600.0,14400.0,False,False,alfabetica,,alfabetica,,./dados/2024_1/horarios_2024_1.xlsx,./dados/2024_1/salas_2024_1.csv,./dados/2024_1/salas_preferenciais_2024.1.xlsx,/Users/robertdrey/Documents/workspace/development/alocador_de_salas,resultados/experimentos/2024_1/novas_hibridas/dia_turno_depois_progr_2/melhor_solucao.sol,resultados/experimentos/2024_1/novas_hibridas/dia_turno_depois_progr_2/historico.csv,resultados/experimentos/2024_1/novas_hibridas/dia_turno_depois_progr_2/historico.json,dia_turno_curso -> curso -> par_cursos,progressiva,alfabetica,,alfabetica,,alfabetica,,180.0,1,180.0,600.0,1,0,TEMPO_TOTAL,2,,,,
1,2,129,dia_turno_curso,7_T_AGRO,58,12144,82846,OPTIMAL,186018.5,186018.5,False,186018.5,4.26,3.89,600.0,7,T,AGRO,alfabetica,,1,dia_turno_curso,2,True,TEMPO_TOTAL,iteracao,dia_turno_curso_cursos_progr_ate_2,180.0,180.0,600.0,14400.0,False,False,alfabetica,,alfabetica,,./dados/2024_1/horarios_2024_1.xlsx,./dados/2024_1/salas_2024_1.csv,./dados/2024_1/salas_preferenciais_2024.1.xlsx,/Users/robertdrey/Documents/workspace/development/alocador_de_salas,resultados/experimentos/2024_1/novas_hibridas/dia_turno_depois_progr_2/melhor_solucao.sol,resultados/experimentos/2024_1/novas_hibridas/dia_turno_depois_progr_2/historico.csv,resultados/experimentos/2024_1/novas_hibridas/dia_turno_depois_progr_2/historico.json,dia_turno_curso -> curso -> par_cursos,progressiva,alfabetica,,alfabetica,,alfabetica,,180.0,1,180.0,600.0,1,0,TEMPO_TOTAL,2,,,,
1,2,130,dia_turno_curso,7_T_CC,53,13754,81236,OPTIMAL,186018.5,186018.5,False,186018.5,32.65,32.32,600.0,7,T,CC,alfabetica,,1,dia_turno_curso,2,True,TEMPO_TOTAL,iteracao,dia_turno_curso_cursos_progr_ate_2,180.0,180.0,600.0,14400.0,False,False,alfabetica,,alfabetica,,./dados/2024_1/horarios_2024_1.xlsx,./dados/2024_1/salas_2024_1.csv,./dados/2024_1/salas_preferenciais_2024.1.xlsx,/Users/robertdrey/Documents/workspace/development/alocador_de_salas,resultados/experimentos/2024_1/novas_hibridas/dia_turno_depois_progr_2/melhor_solucao.sol,resultados/experimentos/2024_1/novas_hibridas/dia_turno_depois_progr_2/historico.csv,resultados/experimentos/2024_1/novas_hibridas/dia_turno_depois_progr_2/historico.json,dia_turno_curso -> curso -> par_cursos,progressiva,alfabetica,,alfabetica,,alfabetica,,180.0,1,180.0,600.0,1,0,TEMPO_TOTAL,2,,,,
1,2,131,dia_turno_curso,7_T_HIS,32,9246,85744,OPTIMAL,186018.5,186018.5,False,186018.5,0.73,0.43,600.0,7,T,HIS,alfabetica,,1,dia_turno_curso,2,True,TEMPO_TOTAL,iteracao,dia_turno_curso_cursos_progr_ate_2,180.0,180.0,600.0,14400.0,False,False,alfabetica,,alfabetica,,./dados/2024_1/horarios_2024_1.xlsx,./dados/2024_1/salas_2024_1.csv,./dados/2024_1/salas_preferenciais_2024.1.xlsx,/Users/robertdrey/Documents/workspace/development/alocador_de_salas,resultados/experimentos/2024_1/novas_hibridas/dia_turno_depois_progr_2/melhor_solucao.sol,resultados/experimentos/2024_1/novas_hibridas/dia_turno_depois_progr_2/historico.csv,resultados/experimentos/2024_1/novas_hibridas/dia_turno_depois_progr_2/historico.json,dia_turno_curso -> curso -> par_cursos,progressiva,alfabetica,,alfabetica,,alfabetica,,180.0,1,180.0,600.0,1,0,TEMPO_TOTAL,2,,,,
1,2,132,dia_turno_curso,7_T_PED,62,15640,79350,OPTIMAL,186018.5,186018.5,False,186018.5,34.75,34.44,600.0,7,T,PED,alfabetica,,1,dia_turno_curso,2,True,TEMPO_TOTAL,iteracao,dia_turno_curso_cursos_progr_ate_2,180.0,180.0,600.0,14400.0,False,False,alfabetica,,alfabetica,,./dados/2024_1/horarios_2024_1.xlsx,./dados/2024_1/salas_2024_1.csv,./dados/2024_1/salas_preferenciais_2024.1.xlsx,/Users/robertdrey/Documents/workspace/development/alocador_de_salas,resultados/experimentos/2024_1/novas_hibridas/dia_turno_depois_progr_2/melhor_solucao.sol,resultados/experimentos/2024_1/novas_hibridas/dia_turno_depois_progr_2/historico.csv,resultados/experimentos/2024_1/novas_hibridas/dia_turno_depois_progr_2/historico.json,dia_turno_curso -> curso -> par_cursos,progressiva,alfabetica,,alfabetica,,alfabetica,,180.0,1,180.0,600.0,1,0,TEMPO_TOTAL,2,,,,
1,2,133,dia_turno_curso,7_N_AGRO,53,10028,84962,OPTIMAL,186018.5,186018.5,False,186018.5,3.0,2.66,600.0,7,N,AGRO,alfabetica,,1,dia_turno_curso,2,True,TEMPO_TOTAL,iteracao,dia_turno_curso_cursos_progr_ate_2,180.0,180.0,600.0,14400.0,False,False,alfabetica,,alfabetica,,./dados/2024_1/horarios_2024_1.xlsx,./dados/2024_1/salas_2024_1.csv,./dados/2024_1/salas_preferenciais_2024.1.xlsx,/Users/robertdrey/Documents/workspace/development/alocador_de_salas,resultados/experimentos/2024_1/novas_hibridas/dia_turno_depois_progr_2/melhor_solucao.sol,resultados/experimentos/2024_1/novas_hibridas/dia_turno_depois_progr_2/historico.csv,resultados/experimentos/2024_1/novas_hibridas/dia_turno_depois_progr_2/historico.json,dia_turno_curso -> curso -> par_cursos,progressiva,alfabetica,,alfabetica,,alfabetica,,180.0,1,180.0,600.0,1,0,TEMPO_TOTAL,2,,,,
1,2,134,dia_turno_curso,7_N_HIS,26,6532,88458,OPTIMAL,186018.5,186018.5,False,186018.5,0.75,0.4,600.0,7,N,HIS,alfabetica,,1,dia_turno_curso,2,True,TEMPO_TOTAL,iteracao,dia_turno_curso_cursos_progr_ate_2,180.0,180.0,600.0,14400.0,False,False,alfabetica,,alfabetica,,./dados/2024_1/horarios_2024_1.xlsx,./dados/2024_1/salas_2024_1.csv,./dados/2024_1/salas_preferenciais_2024.1.xlsx,/Users/robertdrey/Documents/workspace/development/alocador_de_salas,resultados/experimentos/2024_1/novas_hibridas/dia_turno_depois_progr_2/melhor_solucao.sol,resultados/experimentos/2024_1/novas_hibridas/dia_turno_depois_progr_2/historico.csv,resultados/experimentos/2024_1/novas_hibridas/dia_turno_depois_progr_2/historico.json,dia_turno_curso -> curso -> par_cursos,progressiva,alfabetica,,alfabetica,,alfabetica,,180.0,1,180.0,600.0,1,0,TEMPO_TOTAL,2,,,,
1,2,135,dia_turno_curso,7_N_PED,58,14168,80822,OPTIMAL,186018.5,186018.5,False,186018.5,64.39,64.06,600.0,7,N,PED,alfabetica,,1,dia_turno_curso,2,True,TEMPO_TOTAL,iteracao,dia_turno_curso_cursos_progr_ate_2,180.0,180.0,600.0,14400.0,False,False,alfabetica,,alfabetica,,./dados/2024_1/horarios_2024_1.xlsx,./dados/2024_1/salas_2024_1.csv,./dados/2024_1/salas_preferenciais_2024.1.xlsx,/Users/robertdrey/Documents/workspace/development/alocador_de_salas,resultados/experimentos/2024_1/novas_hibridas/dia_turno_depois_progr_2/melhor_solucao.sol,resultados/experimentos/2024_1/novas_hibridas/dia_turno_depois_progr_2/historico.csv,resultados/experimentos/2024_1/novas_hibridas/dia_turno_depois_progr_2/historico.json,dia_turno_curso -> curso -> par_cursos,progressiva,alfabetica,,alfabetica,,alfabetica,,180.0,1,180.0,600.0,1,0,TEMPO_TOTAL,2,,,,
1,3,1,dia_turno_curso,2_M_ADM,81,18538,76452,OPTIMAL,186018.5,186018.5,False,186018.5,2.16,1.82,600.0,2,M,ADM,alfabetica,,1,dia_turno_curso,3,True,TEMPO_TOTAL,iteracao,dia_turno_curso_cursos_progr_ate_2,180.0,180.0,600.0,14400.0,False,False,alfabetica,,alfabetica,,./dados/2024_1/horarios_2024_1.xlsx,./dados/2024_1/salas_2024_1.csv,./dados/2024_1/salas_preferenciais_2024.1.xlsx,/Users/robertdrey/Documents/workspace/development/alocador_de_salas,resultados/experimentos/2024_1/novas_hibridas/dia_turno_depois_progr_2/melhor_solucao.sol,resultados/experimentos/2024_1/novas_hibridas/dia_turno_depois_progr_2/historico.csv,resultados/experimentos/2024_1/novas_hibridas/dia_turno_depois_progr_2/historico.json,dia_turno_curso -> curso -> par_cursos,progressiva,alfabetica,,alfabetica,,alfabetica,,180.0,1,180.0,600.0,1,0,TEMPO_TOTAL,2,,,,
1,3,2,dia_turno_curso,2_M_AGRO,82,17250,77740,OPTIMAL,186018.5,186018.5,False,186018.5,8.33,8.0,600.0,2,M,AGRO,alfabetica,,1,dia_turno_curso,3,True,TEMPO_TOTAL,iteracao,dia_turno_curso_cursos_progr_ate_2,180.0,180.0,600.0,14400.0,False,False,alfabetica,,alfabetica,,./dados/2024_1/horarios_2024_1.xlsx,./dados/2024_1/salas_2024_1.csv,./dados/2024_1/salas_preferenciais_2024.1.xlsx,/Users/robertdrey/Documents/workspace/development/alocador_de_salas,resultados/experimentos/2024_1/novas_hibridas/dia_turno_depois_progr_2/melhor_solucao.sol,resultados/experimentos/2024_1/novas_hibridas/dia_turno_depois_progr_2/historico.csv,resultados/experimentos/2024_1/novas_hibridas/dia_turno_depois_progr_2/historico.json,dia_turno_curso -> curso -> par_cursos,progressiva,alfabetica,,alfabetica,,alfabetica,,180.0,1,180.0,600.0,1,0,TEMPO_TOTAL,2,,,,
1,3,3,dia_turno_curso,2_M_EAS,73,16238,78752,OPTIMAL,186018.5,186018.5,False,186018.5,2.12,1.8,600.0,2,M,EAS,alfabetica,,1,dia_turno_curso,3,True,TEMPO_TOTAL,iteracao,dia_turno_curso_cursos_progr_ate_2,180.0,180.0,600.0,14400.0,False,False,alfabetica,,alfabetica,,./dados/2024_1/horarios_2024_1.xlsx,./dados/2024_1/salas_2024_1.csv,./dados/2024_1/salas_preferenciais_2024.1.xlsx,/Users/robertdrey/Documents/workspace/development/alocador_de_salas,resultados/experimentos/2024_1/novas_hibridas/dia_turno_depois_progr_2/melhor_solucao.sol,resultados/experimentos/2024_1/novas_hibridas/dia_turno_depois_progr_2/historico.csv,resultados/experimentos/2024_1/novas_hibridas/dia_turno_depois_progr_2/historico.json,dia_turno_curso -> curso -> par_cursos,progressiva,alfabetica,,alfabetica,,alfabetica,,180.0,1,180.0,600.0,1,0,TEMPO_TOTAL,2,,,,
1,3,4,dia_turno_curso,2_M_ENF,51,15548,79442,OPTIMAL,186018.5,186018.5,False,186018.5,5.41,5.08,600.0,2,M,ENF,alfabetica,,1,dia_turno_curso,3,True,TEMPO_TOTAL,iteracao,dia_turno_curso_cursos_progr_ate_2,180.0,180.0,600.0,14400.0,False,False,alfabetica,,alfabetica,,./dados/2024_1/horarios_2024_1.xlsx,./dados/2024_1/salas_2024_1.csv,./dados/2024_1/salas_preferenciais_2024.1.xlsx,/Users/robertdrey/Documents/workspace/development/alocador_de_salas,resultados/experimentos/2024_1/novas_hibridas/dia_turno_depois_progr_2/melhor_solucao.sol,resultados/experimentos/2024_1/novas_hibridas/dia_turno_depois_progr_2/historico.csv,resultados/experimentos/2024_1/novas_hibridas/dia_turno_depois_progr_2/historico.json,dia_turno_curso -> curso -> par_cursos,progressiva,alfabetica,,alfabetica,,alfabetica,,180.0,1,180.0,600.0,1,0,TEMPO_TOTAL,2,,,,
1,3,5,dia_turno_curso,2_M_MED,74,18078,76912,OPTIMAL,186018.5,186018.5,False,186018.5,3.22,2.88,600.0,2,M,MED,alfabetica,,1,dia_turno_curso,3,True,TEMPO_TOTAL,iteracao,dia_turno_curso_cursos_progr_ate_2,180.0,180.0,600.0,14400.0,False,False,alfabetica,,alfabetica,,./dados/2024_1/horarios_2024_1.xlsx,./dados/2024_1/salas_2024_1.csv,./dados/2024_1/salas_preferenciais_2024.1.xlsx,/Users/robertdrey/Documents/workspace/development/alocador_de_salas,resultados/experimentos/2024_1/novas_hibridas/dia_turno_depois_progr_2/melhor_solucao.sol,resultados/experimentos/2024_1/novas_hibridas/dia_turno_depois_progr_2/historico.csv,resultados/experimentos/2024_1/novas_hibridas/dia_turno_depois_progr_2/historico.json,dia_turno_curso -> curso -> par_cursos,progressiva,alfabetica,,alfabetica,,alfabetica,,180.0,1,180.0,600.0,1,0,TEMPO_TOTAL,2,,,,
1,3,6,dia_turno_curso,2_M_PED,88,21574,73416,OPTIMAL,186018.5,186018.5,False,186018.5,58.83,58.5,600.0,2,M,PED,alfabetica,,1,dia_turno_curso,3,True,TEMPO_TOTAL,iteracao,dia_turno_curso_cursos_progr_ate_2,180.0,180.0,600.0,14400.0,False,False,alfabetica,,alfabetica,,./dados/2024_1/horarios_2024_1.xlsx,./dados/2024_1/salas_2024_1.csv,./dados/2024_1/salas_preferenciais_2024.1.xlsx,/Users/robertdrey/Documents/workspace/development/alocador_de_salas,resultados/experimentos/2024_1/novas_hibridas/dia_turno_depois_progr_2/melhor_solucao.sol,resultados/experimentos/2024_1/novas_hibridas/dia_turno_depois_progr_2/historico.csv,resultados/experimentos/2024_1/novas_hibridas/dia_turno_depois_progr_2/historico.json,dia_turno_curso -> curso -> par_cursos,progressiva,alfabetica,,alfabetica,,alfabetica,,180.0,1,180.0,600.0,1,0,TEMPO_TOTAL,2,,,,
1,3,7,dia_turno_curso,2_T_AGRO,82,20194,74796,OPTIMAL,186018.5,186018.5,False,186018.5,8.12,7.8,600.0,2,T,AGRO,alfabetica,,1,dia_turno_curso,3,True,TEMPO_TOTAL,iteracao,dia_turno_curso_cursos_progr_ate_2,180.0,180.0,600.0,14400.0,False,False,alfabetica,,alfabetica,,./dados/2024_1/horarios_2024_1.xlsx,./dados/2024_1/salas_2024_1.csv,./dados/2024_1/salas_preferenciais_2024.1.xlsx,/Users/robertdrey/Documents/workspace/development/alocador_de_salas,resultados/experimentos/2024_1/novas_hibridas/dia_turno_depois_progr_2/melhor_solucao.sol,resultados/experimentos/2024_1/novas_hibridas/dia_turno_depois_progr_2/historico.csv,resultados/experimentos/2024_1/novas_hibridas/dia_turno_depois_progr_2/historico.json,dia_turno_curso -> curso -> par_cursos,progressiva,alfabetica,,alfabetica,,alfabetica,,180.0,1,180.0,600.0,1,0,TEMPO_TOTAL,2,,,,
1,3,8,dia_turno_curso,2_T_CC,70,20010,74980,OPTIMAL,186018.5,186018.5,False,186018.5,46.54,46.23,600.0,2,T,CC,alfabetica,,1,dia_turno_curso,3,True,TEMPO_TOTAL,iteracao,dia_turno_curso_cursos_progr_ate_2,180.0,180.0,600.0,14400.0,False,False,alfabetica,,alfabetica,,./dados/2024_1/horarios_2024_1.xlsx,./dados/2024_1/salas_2024_1.csv,./dados/2024_1/salas_preferenciais_2024.1.xlsx,/Users/robertdrey/Documents/workspace/development/alocador_de_salas,resultados/experimentos/2024_1/novas_hibridas/dia_turno_depois_progr_2/melhor_solucao.sol,resultados/experimentos/2024_1/novas_hibridas/dia_turno_depois_progr_2/historico.csv,resultados/experimentos/2024_1/novas_hibridas/dia_turno_depois_progr_2/historico.json,dia_turno_curso -> curso -> par_cursos,progressiva,alfabetica,,alfabetica,,alfabetica,,180.0,1,180.0,600.0,1,0,TEMPO_TOTAL,2,,,,
1,3,9,dia_turno_curso,2_T_CS,55,16284,78706,OPTIMAL,186018.5,186018.5,False,186018.5,1.53,1.24,600.0,2,T,CS,alfabetica,,1,dia_turno_curso,3,True,TEMPO_TOTAL,iteracao,dia_turno_curso_cursos_progr_ate_2,180.0,180.0,600.0,14400.0,False,False,alfabetica,,alfabetica,,./dados/2024_1/horarios_2024_1.xlsx,./dados/2024_1/salas_2024_1.csv,./dados/2024_1/salas_preferenciais_2024.1.xlsx,/Users/robertdrey/Documents/workspace/development/alocador_de_salas,resultados/experimentos/2024_1/novas_hibridas/dia_turno_depois_progr_2/melhor_solucao.sol,resultados/experimentos/2024_1/novas_hibridas/dia_turno_depois_progr_2/historico.csv,resultados/experimentos/2024_1/novas_hibridas/dia_turno_depois_progr_2/historico.json,dia_turno_curso -> curso -> par_cursos,progressiva,alfabetica,,alfabetica,,alfabetica,,180.0,1,180.0,600.0,1,0,TEMPO_TOTAL,2,,,,
1,3,10,dia_turno_curso,2_T_EAS,74,18538,76452,OPTIMAL,186018.5,186018.5,False,186018.5,1.77,1.45,600.0,2,T,EAS,alfabetica,,1,dia_turno_curso,3,True,TEMPO_TOTAL,iteracao,dia_turno_curso_cursos_progr_ate_2,180.0,180.0,600.0,14400.0,False,False,alfabetica,,alfabetica,,./dados/2024_1/horarios_2024_1.xlsx,./dados/2024_1/salas_2024_1.csv,./dados/2024_1/salas_preferenciais_2024.1.xlsx,/Users/robertdrey/Documents/workspace/development/alocador_de_salas,resultados/experimentos/2024_1/novas_hibridas/dia_turno_depois_progr_2/melhor_solucao.sol,resultados/experimentos/2024_1/novas_hibridas/dia_turno_depois_progr_2/historico.csv,resultados/experimentos/2024_1/novas_hibridas/dia_turno_depois_progr_2/historico.json,dia_turno_curso -> curso -> par_cursos,progressiva,alfabetica,,alfabetica,,alfabetica,,180.0,1,180.0,600.0,1,0,TEMPO_TOTAL,2,,,,
1,3,11,dia_turno_curso,2_T_ENF,47,16422,78568,OPTIMAL,186018.5,186018.5,False,186018.5,3.71,3.38,600.0,2,T,ENF,alfabetica,,1,dia_turno_curso,3,True,TEMPO_TOTAL,iteracao,dia_turno_curso_cursos_progr_ate_2,180.0,180.0,600.0,14400.0,False,False,alfabetica,,alfabetica,,./dados/2024_1/horarios_2024_1.xlsx,./dados/2024_1/salas_2024_1.csv,./dados/2024_1/salas_preferenciais_2024.1.xlsx,/Users/robertdrey/Documents/workspace/development/alocador_de_salas,resultados/experimentos/2024_1/novas_hibridas/dia_turno_depois_progr_2/melhor_solucao.sol,resultados/experimentos/2024_1/novas_hibridas/dia_turno_depois_progr_2/historico.csv,resultados/experimentos/2024_1/novas_hibridas/dia_turno_depois_progr_2/historico.json,dia_turno_curso -> curso -> par_cursos,progressiva,alfabetica,,alfabetica,,alfabetica,,180.0,1,180.0,600.0,1,0,TEMPO_TOTAL,2,,,,
1,3,12,dia_turno_curso,2_T_GEO,43,13846,81144,OPTIMAL,186018.5,186018.5,False,186018.5,1.33,1.0,600.0,2,T,GEO,alfabetica,,1,dia_turno_curso,3,True,TEMPO_TOTAL,iteracao,dia_turno_curso_cursos_progr_ate_2,180.0,180.0,600.0,14400.0,False,False,alfabetica,,alfabetica,,./dados/2024_1/horarios_2024_1.xlsx,./dados/2024_1/salas_2024_1.csv,./dados/2024_1/salas_preferenciais_2024.1.xlsx,/Users/robertdrey/Documents/workspace/development/alocador_de_salas,resultados/experimentos/2024_1/novas_hibridas/dia_turno_depois_progr_2/melhor_solucao.sol,resultados/experimentos/2024_1/novas_hibridas/dia_turno_depois_progr_2/historico.csv,resultados/experimentos/2024_1/novas_hibridas/dia_turno_depois_progr_2/historico.json,dia_turno_curso -> curso -> par_cursos,progressiva,alfabetica,,alfabetica,,alfabetica,,180.0,1,180.0,600.0,1,0,TEMPO_TOTAL,2,,,,
1,3,13,dia_turno_curso,2_T_LET,67,19228,75762,OPTIMAL,186018.5,186018.5,False,186018.5,3.33,3.0,600.0,2,T,LET,alfabetica,,1,dia_turno_curso,3,True,TEMPO_TOTAL,iteracao,dia_turno_curso_cursos_progr_ate_2,180.0,180.0,600.0,14400.0,False,False,alfabetica,,alfabetica,,./dados/2024_1/horarios_2024_1.xlsx,./dados/2024_1/salas_2024_1.csv,./dados/2024_1/salas_preferenciais_2024.1.xlsx,/Users/robertdrey/Documents/workspace/development/alocador_de_salas,resultados/experimentos/2024_1/novas_hibridas/dia_turno_depois_progr_2/melhor_solucao.sol,resultados/experimentos/2024_1/novas_hibridas/dia_turno_depois_progr_2/historico.csv,resultados/experimentos/2024_1/novas_hibridas/dia_turno_depois_progr_2/historico.json,dia_turno_curso -> curso -> par_cursos,progressiva,alfabetica,,alfabetica,,alfabetica,,180.0,1,180.0,600.0,1,0,TEMPO_TOTAL,2,,,,
1,3,14,dia_turno_curso,2_T_MAT,56,16606,78384,OPTIMAL,186018.5,186018.5,False,186018.5,1.96,1.61,600.0,2,T,MAT,alfabetica,,1,dia_turno_curso,3,True,TEMPO_TOTAL,iteracao,dia_turno_curso_cursos_progr_ate_2,180.0,180.0,600.0,14400.0,False,False,alfabetica,,alfabetica,,./dados/2024_1/horarios_2024_1.xlsx,./dados/2024_1/salas_2024_1.csv,./dados/2024_1/salas_preferenciais_2024.1.xlsx,/Users/robertdrey/Documents/workspace/development/alocador_de_salas,resultados/experimentos/2024_1/novas_hibridas/dia_turno_depois_progr_2/melhor_solucao.sol,resultados/experimentos/2024_1/novas_hibridas/dia_turno_depois_progr_2/historico.csv,resultados/experimentos/2024_1/novas_hibridas/dia_turno_depois_progr_2/historico.json,dia_turno_curso -> curso -> par_cursos,progressiva,alfabetica,,alfabetica,,alfabetica,,180.0,1,180.0,600.0,1,0,TEMPO_TOTAL,2,,,,
1,3,15,dia_turno_curso,2_T_MED,71,20286,74704,OPTIMAL,186018.5,186018.5,False,186018.5,3.33,3.01,600.0,2,T,MED,alfabetica,,1,dia_turno_curso,3,True,TEMPO_TOTAL,iteracao,dia_turno_curso_cursos_progr_ate_2,180.0,180.0,600.0,14400.0,False,False,alfabetica,,alfabetica,,./dados/2024_1/horarios_2024_1.xlsx,./dados/2024_1/salas_2024_1.csv,./dados/2024_1/salas_preferenciais_2024.1.xlsx,/Users/robertdrey/Documents/workspace/development/alocador_de_salas,resultados/experimentos/2024_1/novas_hibridas/dia_turno_depois_progr_2/melhor_solucao.sol,resultados/experimentos/2024_1/novas_hibridas/dia_turno_depois_progr_2/historico.csv,resultados/experimentos/2024_1/novas_hibridas/dia_turno_depois_progr_2/historico.json,dia_turno_curso -> curso -> par_cursos,progressiva,alfabetica,,alfabetica,,alfabetica,,180.0,1,180.0,600.0,1,0,TEMPO_TOTAL,2,,,,
1,3,16,dia_turno_curso,2_N_ADM,85,18078,76912,OPTIMAL,186018.5,186018.5,False,186018.5,1.99,1.67,600.0,2,N,ADM,alfabetica,,1,dia_turno_curso,3,True,TEMPO_TOTAL,iteracao,dia_turno_curso_cursos_progr_ate_2,180.0,180.0,600.0,14400.0,False,False,alfabetica,,alfabetica,,./dados/2024_1/horarios_2024_1.xlsx,./dados/2024_1/salas_2024_1.csv,./dados/2024_1/salas_preferenciais_2024.1.xlsx,/Users/robertdrey/Documents/workspace/development/alocador_de_salas,resultados/experimentos/2024_1/novas_hibridas/dia_turno_depois_progr_2/melhor_solucao.sol,resultados/experimentos/2024_1/novas_hibridas/dia_turno_depois_progr_2/historico.csv,resultados/experimentos/2024_1/novas_hibridas/dia_turno_depois_progr_2/historico.json,dia_turno_curso -> curso -> par_cursos,progressiva,alfabetica,,alfabetica,,alfabetica,,180.0,1,180.0,600.0,1,0,TEMPO_TOTAL,2,,,,
1,3,17,dia_turno_curso,2_N_CC,83,19136,75854,OPTIMAL,186018.5,186018.5,False,186018.5,13.44,13.12,600.0,2,N,CC,alfabetica,,1,dia_turno_curso,3,True,TEMPO_TOTAL,iteracao,dia_turno_curso_cursos_progr_ate_2,180.0,180.0,600.0,14400.0,False,False,alfabetica,,alfabetica,,./dados/2024_1/horarios_2024_1.xlsx,./dados/2024_1/salas_2024_1.csv,./dados/2024_1/salas_preferenciais_2024.1.xlsx,/Users/robertdrey/Documents/workspace/development/alocador_de_salas,resultados/experimentos/2024_1/novas_hibridas/dia_turno_depois_progr_2/melhor_solucao.sol,resultados/experimentos/2024_1/novas_hibridas/dia_turno_depois_progr_2/historico.csv,resultados/experimentos/2024_1/novas_hibridas/dia_turno_depois_progr_2/historico.json,dia_turno_curso -> curso -> par_cursos,progressiva,alfabetica,,alfabetica,,alfabetica,,180.0,1,180.0,600.0,1,0,TEMPO_TOTAL,2,,,,
1,3,18,dia_turno_curso,2_N_CS,59,13248,81742,OPTIMAL,186018.5,186018.5,False,186018.5,1.74,1.4,600.0,2,N,CS,alfabetica,,1,dia_turno_curso,3,True,TEMPO_TOTAL,iteracao,dia_turno_curso_cursos_progr_ate_2,180.0,180.0,600.0,14400.0,False,False,alfabetica,,alfabetica,,./dados/2024_1/horarios_2024_1.xlsx,./dados/2024_1/salas_2024_1.csv,./dados/2024_1/salas_preferenciais_2024.1.xlsx,/Users/robertdrey/Documents/workspace/development/alocador_de_salas,resultados/experimentos/2024_1/novas_hibridas/dia_turno_depois_progr_2/melhor_solucao.sol,resultados/experimentos/2024_1/novas_hibridas/dia_turno_depois_progr_2/historico.csv,resultados/experimentos/2024_1/novas_hibridas/dia_turno_depois_progr_2/historico.json,dia_turno_curso -> curso -> par_cursos,progressiva,alfabetica,,alfabetica,,alfabetica,,180.0,1,180.0,600.0,1,0,TEMPO_TOTAL,2,,,,
1,3,19,dia_turno_curso,2_N_EAS,85,16376,78614,OPTIMAL,186018.5,186018.5,False,186018.5,1.78,1.43,600.0,2,N,EAS,alfabetica,,1,dia_turno_curso,3,True,TEMPO_TOTAL,iteracao,dia_turno_curso_cursos_progr_ate_2,180.0,180.0,600.0,14400.0,False,False,alfabetica,,alfabetica,,./dados/2024_1/horarios_2024_1.xlsx,./dados/2024_1/salas_2024_1.csv,./dados/2024_1/salas_preferenciais_2024.1.xlsx,/Users/robertdrey/Documents/workspace/development/alocador_de_salas,resultados/experimentos/2024_1/novas_hibridas/dia_turno_depois_progr_2/melhor_solucao.sol,resultados/experimentos/2024_1/novas_hibridas/dia_turno_depois_progr_2/historico.csv,resultados/experimentos/2024_1/novas_hibridas/dia_turno_depois_progr_2/historico.json,dia_turno_curso -> curso -> par_cursos,progressiva,alfabetica,,alfabetica,,alfabetica,,180.0,1,180.0,600.0,1,0,TEMPO_TOTAL,2,,,,
1,3,20,dia_turno_curso,2_N_FIL,53,11730,83260,OPTIMAL,186018.5,186018.5,False,186018.5,1.92,1.6,600.0,2,N,FIL,alfabetica,,1,dia_turno_curso,3,True,TEMPO_TOTAL,iteracao,dia_turno_curso_cursos_progr_ate_2,180.0,180.0,600.0,14400.0,False,False,alfabetica,,alfabetica,,./dados/2024_1/horarios_2024_1.xlsx,./dados/2024_1/salas_2024_1.csv,./dados/2024_1/salas_preferenciais_2024.1.xlsx,/Users/robertdrey/Documents/workspace/development/alocador_de_salas,resultados/experimentos/2024_1/novas_hibridas/dia_turno_depois_progr_2/melhor_solucao.sol,resultados/experimentos/2024_1/novas_hibridas/dia_turno_depois_progr_2/historico.csv,resultados/experimentos/2024_1/novas_hibridas/dia_turno_depois_progr_2/historico.json,dia_turno_curso -> curso -> par_cursos,progressiva,alfabetica,,alfabetica,,alfabetica,,180.0,1,180.0,600.0,1,0,TEMPO_TOTAL,2,,,,
1,3,21,dia_turno_curso,2_N_GEO,48,10994,83996,OPTIMAL,186018.5,186018.5,False,186018.5,1.87,1.52,600.0,2,N,GEO,alfabetica,,1,dia_turno_curso,3,True,TEMPO_TOTAL,iteracao,dia_turno_curso_cursos_progr_ate_2,180.0,180.0,600.0,14400.0,False,False,alfabetica,,alfabetica,,./dados/2024_1/horarios_2024_1.xlsx,./dados/2024_1/salas_2024_1.csv,./dados/2024_1/salas_preferenciais_2024.1.xlsx,/Users/robertdrey/Documents/workspace/development/alocador_de_salas,resultados/experimentos/2024_1/novas_hibridas/dia_turno_depois_progr_2/melhor_solucao.sol,resultados/experimentos/2024_1/novas_hibridas/dia_turno_depois_progr_2/historico.csv,resultados/experimentos/2024_1/novas_hibridas/dia_turno_depois_progr_2/historico.json,dia_turno_curso -> curso -> par_cursos,progressiva,alfabetica,,alfabetica,,alfabetica,,180.0,1,180.0,600.0,1,0,TEMPO_TOTAL,2,,,,
1,3,22,dia_turno_curso,2_N_HIS,61,13570,81420,OPTIMAL,186018.5,186018.5,False,186018.5,2.18,1.84,600.0,2,N,HIS,alfabetica,,1,dia_turno_curso,3,True,TEMPO_TOTAL,iteracao,dia_turno_curso_cursos_progr_ate_2,180.0,180.0,600.0,14400.0,False,False,alfabetica,,alfabetica,,./dados/2024_1/horarios_2024_1.xlsx,./dados/2024_1/salas_2024_1.csv,./dados/2024_1/salas_preferenciais_2024.1.xlsx,/Users/robertdrey/Documents/workspace/development/alocador_de_salas,resultados/experimentos/2024_1/novas_hibridas/dia_turno_depois_progr_2/melhor_solucao.sol,resultados/experimentos/2024_1/novas_hibridas/dia_turno_depois_progr_2/historico.csv,resultados/experimentos/2024_1/novas_hibridas/dia_turno_depois_progr_2/historico.json,dia_turno_curso -> curso -> par_cursos,progressiva,alfabetica,,alfabetica,,alfabetica,,180.0,1,180.0,600.0,1,0,TEMPO_TOTAL,2,,,,
1,3,23,dia_turno_curso,2_N_LET,71,16790,78200,OPTIMAL,186018.5,186018.5,False,186018.5,4.58,4.19,600.0,2,N,LET,alfabetica,,1,dia_turno_curso,3,True,TEMPO_TOTAL,iteracao,dia_turno_curso_cursos_progr_ate_2,180.0,180.0,600.0,14400.0,False,False,alfabetica,,alfabetica,,./dados/2024_1/horarios_2024_1.xlsx,./dados/2024_1/salas_2024_1.csv,./dados/2024_1/salas_preferenciais_2024.1.xlsx,/Users/robertdrey/Documents/workspace/development/alocador_de_salas,resultados/experimentos/2024_1/novas_hibridas/dia_turno_depois_progr_2/melhor_solucao.sol,resultados/experimentos/2024_1/novas_hibridas/dia_turno_depois_progr_2/historico.csv,resultados/experimentos/2024_1/novas_hibridas/dia_turno_depois_progr_2/historico.json,dia_turno_curso -> curso -> par_cursos,progressiva,alfabetica,,alfabetica,,alfabetica,,180.0,1,180.0,600.0,1,0,TEMPO_TOTAL,2,,,,
1,3,24,dia_turno_curso,2_N_MAT,60,13386,81604,OPTIMAL,186018.5,186018.5,False,186018.5,1.91,1.54,600.0,2,N,MAT,alfabetica,,1,dia_turno_curso,3,True,TEMPO_TOTAL,iteracao,dia_turno_curso_cursos_progr_ate_2,180.0,180.0,600.0,14400.0,False,False,alfabetica,,alfabetica,,./dados/2024_1/horarios_2024_1.xlsx,./dados/2024_1/salas_2024_1.csv,./dados/2024_1/salas_preferenciais_2024.1.xlsx,/Users/robertdrey/Documents/workspace/development/alocador_de_salas,resultados/experimentos/2024_1/novas_hibridas/dia_turno_depois_progr_2/melhor_solucao.sol,resultados/experimentos/2024_1/novas_hibridas/dia_turno_depois_progr_2/historico.csv,resultados/experimentos/2024_1/novas_hibridas/dia_turno_depois_progr_2/historico.json,dia_turno_curso -> curso -> par_cursos,progressiva,alfabetica,,alfabetica,,alfabetica,,180.0,1,180.0,600.0,1,0,TEMPO_TOTAL,2,,,,
1,3,25,dia_turno_curso,2_N_MED,81,18630,76360,OPTIMAL,186018.5,186018.5,False,186018.5,2.78,2.46,600.0,2,N,MED,alfabetica,,1,dia_turno_curso,3,True,TEMPO_TOTAL,iteracao,dia_turno_curso_cursos_progr_ate_2,180.0,180.0,600.0,14400.0,False,False,alfabetica,,alfabetica,,./dados/2024_1/horarios_2024_1.xlsx,./dados/2024_1/salas_2024_1.csv,./dados/2024_1/salas_preferenciais_2024.1.xlsx,/Users/robertdrey/Documents/workspace/development/alocador_de_salas,resultados/experimentos/2024_1/novas_hibridas/dia_turno_depois_progr_2/melhor_solucao.sol,resultados/experimentos/2024_1/novas_hibridas/dia_turno_depois_progr_2/historico.csv,resultados/experimentos/2024_1/novas_hibridas/dia_turno_depois_progr_2/historico.json,dia_turno_curso -> curso -> par_cursos,progressiva,alfabetica,,alfabetica,,alfabetica,,180.0,1,180.0,600.0,1,0,TEMPO_TOTAL,2,,,,
1,3,26,dia_turno_curso,2_N_PED,91,21022,73968,OPTIMAL,186018.5,186018.5,False,186018.5,55.63,55.3,600.0,2,N,PED,alfabetica,,1,dia_turno_curso,3,True,TEMPO_TOTAL,iteracao,dia_turno_curso_cursos_progr_ate_2,180.0,180.0,600.0,14400.0,False,False,alfabetica,,alfabetica,,./dados/2024_1/horarios_2024_1.xlsx,./dados/2024_1/salas_2024_1.csv,./dados/2024_1/salas_preferenciais_2024.1.xlsx,/Users/robertdrey/Documents/workspace/development/alocador_de_salas,resultados/experimentos/2024_1/novas_hibridas/dia_turno_depois_progr_2/melhor_solucao.sol,resultados/experimentos/2024_1/novas_hibridas/dia_turno_depois_progr_2/historico.csv,resultados/experimentos/2024_1/novas_hibridas/dia_turno_depois_progr_2/historico.json,dia_turno_curso -> curso -> par_cursos,progressiva,alfabetica,,alfabetica,,alfabetica,,180.0,1,180.0,600.0,1,0,TEMPO_TOTAL,2,,,,
1,3,27,dia_turno_curso,3_M_ADM,79,18676,76314,OPTIMAL,186018.5,186018.5,False,186018.5,2.63,2.31,600.0,3,M,ADM,alfabetica,,1,dia_turno_curso,3,True,TEMPO_TOTAL,iteracao,dia_turno_curso_cursos_progr_ate_2,180.0,180.0,600.0,14400.0,False,False,alfabetica,,alfabetica,,./dados/2024_1/horarios_2024_1.xlsx,./dados/2024_1/salas_2024_1.csv,./dados/2024_1/salas_preferenciais_2024.1.xlsx,/Users/robertdrey/Documents/workspace/development/alocador_de_salas,resultados/experimentos/2024_1/novas_hibridas/dia_turno_depois_progr_2/melhor_solucao.sol,resultados/experimentos/2024_1/novas_hibridas/dia_turno_depois_progr_2/historico.csv,resultados/experimentos/2024_1/novas_hibridas/dia_turno_depois_progr_2/historico.json,dia_turno_curso -> curso -> par_cursos,progressiva,alfabetica,,alfabetica,,alfabetica,,180.0,1,180.0,600.0,1,0,TEMPO_TOTAL,2,,,,
1,3,28,dia_turno_curso,3_M_AGRO,77,16514,78476,OPTIMAL,186018.5,186018.5,False,186018.5,11.65,11.32,600.0,3,M,AGRO,alfabetica,,1,dia_turno_curso,3,True,TEMPO_TOTAL,iteracao,dia_turno_curso_cursos_progr_ate_2,180.0,180.0,600.0,14400.0,False,False,alfabetica,,alfabetica,,./dados/2024_1/horarios_2024_1.xlsx,./dados/2024_1/salas_2024_1.csv,./dados/2024_1/salas_preferenciais_2024.1.xlsx,/Users/robertdrey/Documents/workspace/development/alocador_de_salas,resultados/experimentos/2024_1/novas_hibridas/dia_turno_depois_progr_2/melhor_solucao.sol,resultados/experimentos/2024_1/novas_hibridas/dia_turno_depois_progr_2/historico.csv,resultados/experimentos/2024_1/novas_hibridas/dia_turno_depois_progr_2/historico.json,dia_turno_curso -> curso -> par_cursos,progressiva,alfabetica,,alfabetica,,alfabetica,,180.0,1,180.0,600.0,1,0,TEMPO_TOTAL,2,,,,
1,3,29,dia_turno_curso,3_M_EAS,75,16928,78062,OPTIMAL,186018.5,186018.5,False,186018.5,4.53,4.21,600.0,3,M,EAS,alfabetica,,1,dia_turno_curso,3,True,TEMPO_TOTAL,iteracao,dia_turno_curso_cursos_progr_ate_2,180.0,180.0,600.0,14400.0,False,False,alfabetica,,alfabetica,,./dados/2024_1/horarios_2024_1.xlsx,./dados/2024_1/salas_2024_1.csv,./dados/2024_1/salas_preferenciais_2024.1.xlsx,/Users/robertdrey/Documents/workspace/development/alocador_de_salas,resultados/experimentos/2024_1/novas_hibridas/dia_turno_depois_progr_2/melhor_solucao.sol,resultados/experimentos/2024_1/novas_hibridas/dia_turno_depois_progr_2/historico.csv,resultados/experimentos/2024_1/novas_hibridas/dia_turno_depois_progr_2/historico.json,dia_turno_curso -> curso -> par_cursos,progressiva,alfabetica,,alfabetica,,alfabetica,,180.0,1,180.0,600.0,1,0,TEMPO_TOTAL,2,,,,
1,3,30,dia_turno_curso,3_M_ENF,49,15640,79350,OPTIMAL,186018.5,186018.5,False,186018.5,4.46,4.13,600.0,3,M,ENF,alfabetica,,1,dia_turno_curso,3,True,TEMPO_TOTAL,iteracao,dia_turno_curso_cursos_progr_ate_2,180.0,180.0,600.0,14400.0,False,False,alfabetica,,alfabetica,,./dados/2024_1/horarios_2024_1.xlsx,./dados/2024_1/salas_2024_1.csv,./dados/2024_1/salas_preferenciais_2024.1.xlsx,/Users/robertdrey/Documents/workspace/development/alocador_de_salas,resultados/experimentos/2024_1/novas_hibridas/dia_turno_depois_progr_2/melhor_solucao.sol,resultados/experimentos/2024_1/novas_hibridas/dia_turno_depois_progr_2/historico.csv,resultados/experimentos/2024_1/novas_hibridas/dia_turno_depois_progr_2/historico.json,dia_turno_curso -> curso -> par_cursos,progressiva,alfabetica,,alfabetica,,alfabetica,,180.0,1,180.0,600.0,1,0,TEMPO_TOTAL,2,,,,
1,3,31,dia_turno_curso,3_M_MED,73,18492,76498,OPTIMAL,186018.5,186018.5,False,186018.5,3.96,3.62,600.0,3,M,MED,alfabetica,,1,dia_turno_curso,3,True,TEMPO_TOTAL,iteracao,dia_turno_curso_cursos_progr_ate_2,180.0,180.0,600.0,14400.0,False,False,alfabetica,,alfabetica,,./dados/2024_1/horarios_2024_1.xlsx,./dados/2024_1/salas_2024_1.csv,./dados/2024_1/salas_preferenciais_2024.1.xlsx,/Users/robertdrey/Documents/workspace/development/alocador_de_salas,resultados/experimentos/2024_1/novas_hibridas/dia_turno_depois_progr_2/melhor_solucao.sol,resultados/experimentos/2024_1/novas_hibridas/dia_turno_depois_progr_2/historico.csv,resultados/experimentos/2024_1/novas_hibridas/dia_turno_depois_progr_2/historico.json,dia_turno_curso -> curso -> par_cursos,progressiva,alfabetica,,alfabetica,,alfabetica,,180.0,1,180.0,600.0,1,0,TEMPO_TOTAL,2,,,,
1,3,32,dia_turno_curso,3_M_PED,86,22126,72864,OPTIMAL,186018.5,186018.5,False,186018.5,26.68,26.34,600.0,3,M,PED,alfabetica,,1,dia_turno_curso,3,True,TEMPO_TOTAL,iteracao,dia_turno_curso_cursos_progr_ate_2,180.0,180.0,600.0,14400.0,False,False,alfabetica,,alfabetica,,./dados/2024_1/horarios_2024_1.xlsx,./dados/2024_1/salas_2024_1.csv,./dados/2024_1/salas_preferenciais_2024.1.xlsx,/Users/robertdrey/Documents/workspace/development/alocador_de_salas,resultados/experimentos/2024_1/novas_hibridas/dia_turno_depois_progr_2/melhor_solucao.sol,resultados/experimentos/2024_1/novas_hibridas/dia_turno_depois_progr_2/historico.csv,resultados/experimentos/2024_1/novas_hibridas/dia_turno_depois_progr_2/historico.json,dia_turno_curso -> curso -> par_cursos,progressiva,alfabetica,,alfabetica,,alfabetica,,180.0,1,180.0,600.0,1,0,TEMPO_TOTAL,2,,,,
1,3,33,dia_turno_curso,3_T_AGRO,82,19872,75118,OPTIMAL,186018.5,186018.5,False,186018.5,7.89,7.56,600.0,3,T,AGRO,alfabetica,,1,dia_turno_curso,3,True,TEMPO_TOTAL,iteracao,dia_turno_curso_cursos_progr_ate_2,180.0,180.0,600.0,14400.0,False,False,alfabetica,,alfabetica,,./dados/2024_1/horarios_2024_1.xlsx,./dados/2024_1/salas_2024_1.csv,./dados/2024_1/salas_preferenciais_2024.1.xlsx,/Users/robertdrey/Documents/workspace/development/alocador_de_salas,resultados/experimentos/2024_1/novas_hibridas/dia_turno_depois_progr_2/melhor_solucao.sol,resultados/experimentos/2024_1/novas_hibridas/dia_turno_depois_progr_2/historico.csv,resultados/experimentos/2024_1/novas_hibridas/dia_turno_depois_progr_2/historico.json,dia_turno_curso -> curso -> par_cursos,progressiva,alfabetica,,alfabetica,,alfabetica,,180.0,1,180.0,600.0,1,0,TEMPO_TOTAL,2,,,,
1,3,34,dia_turno_curso,3_T_CC,71,19964,75026,OPTIMAL,186018.5,186018.5,False,186018.5,62.67,62.36,600.0,3,T,CC,alfabetica,,1,dia_turno_curso,3,True,TEMPO_TOTAL,iteracao,dia_turno_curso_cursos_progr_ate_2,180.0,180.0,600.0,14400.0,False,False,alfabetica,,alfabetica,,./dados/2024_1/horarios_2024_1.xlsx,./dados/2024_1/salas_2024_1.csv,./dados/2024_1/salas_preferenciais_2024.1.xlsx,/Users/robertdrey/Documents/workspace/development/alocador_de_salas,resultados/experimentos/2024_1/novas_hibridas/dia_turno_depois_progr_2/melhor_solucao.sol,resultados/experimentos/2024_1/novas_hibridas/dia_turno_depois_progr_2/historico.csv,resultados/experimentos/2024_1/novas_hibridas/dia_turno_depois_progr_2/historico.json,dia_turno_curso -> curso -> par_cursos,progressiva,alfabetica,,alfabetica,,alfabetica,,180.0,1,180.0,600.0,1,0,TEMPO_TOTAL,2,,,,
1,3,35,dia_turno_curso,3_T_EAS,74,17848,77142,OPTIMAL,186018.5,186018.5,False,186018.5,1.68,1.37,600.0,3,T,EAS,alfabetica,,1,dia_turno_curso,3,True,TEMPO_TOTAL,iteracao,dia_turno_curso_cursos_progr_ate_2,180.0,180.0,600.0,14400.0,False,False,alfabetica,,alfabetica,,./dados/2024_1/horarios_2024_1.xlsx,./dados/2024_1/salas_2024_1.csv,./dados/2024_1/salas_preferenciais_2024.1.xlsx,/Users/robertdrey/Documents/workspace/development/alocador_de_salas,resultados/experimentos/2024_1/novas_hibridas/dia_turno_depois_progr_2/melhor_solucao.sol,resultados/experimentos/2024_1/novas_hibridas/dia_turno_depois_progr_2/historico.csv,resultados/experimentos/2024_1/novas_hibridas/dia_turno_depois_progr_2/historico.json,dia_turno_curso -> curso -> par_cursos,progressiva,alfabetica,,alfabetica,,alfabetica,,180.0,1,180.0,600.0,1,0,TEMPO_TOTAL,2,,,,
1,3,36,dia_turno_curso,3_T_ENF,47,16146,78844,OPTIMAL,186018.5,186018.5,False,186018.5,4.21,3.88,600.0,3,T,ENF,alfabetica,,1,dia_turno_curso,3,True,TEMPO_TOTAL,iteracao,dia_turno_curso_cursos_progr_ate_2,180.0,180.0,600.0,14400.0,False,False,alfabetica,,alfabetica,,./dados/2024_1/horarios_2024_1.xlsx,./dados/2024_1/salas_2024_1.csv,./dados/2024_1/salas_preferenciais_2024.1.xlsx,/Users/robertdrey/Documents/workspace/development/alocador_de_salas,resultados/experimentos/2024_1/novas_hibridas/dia_turno_depois_progr_2/melhor_solucao.sol,resultados/experimentos/2024_1/novas_hibridas/dia_turno_depois_progr_2/historico.csv,resultados/experimentos/2024_1/novas_hibridas/dia_turno_depois_progr_2/historico.json,dia_turno_curso -> curso -> par_cursos,progressiva,alfabetica,,alfabetica,,alfabetica,,180.0,1,180.0,600.0,1,0,TEMPO_TOTAL,2,,,,
1,3,37,dia_turno_curso,3_T_GEO,43,13524,81466,OPTIMAL,186018.5,186018.5,False,186018.5,1.32,0.99,600.0,3,T,GEO,alfabetica,,1,dia_turno_curso,3,True,TEMPO_TOTAL,iteracao,dia_turno_curso_cursos_progr_ate_2,180.0,180.0,600.0,14400.0,False,False,alfabetica,,alfabetica,,./dados/2024_1/horarios_2024_1.xlsx,./dados/2024_1/salas_2024_1.csv,./dados/2024_1/salas_preferenciais_2024.1.xlsx,/Users/robertdrey/Documents/workspace/development/alocador_de_salas,resultados/experimentos/2024_1/novas_hibridas/dia_turno_depois_progr_2/melhor_solucao.sol,resultados/experimentos/2024_1/novas_hibridas/dia_turno_depois_progr_2/historico.csv,resultados/experimentos/2024_1/novas_hibridas/dia_turno_depois_progr_2/historico.json,dia_turno_curso -> curso -> par_cursos,progressiva,alfabetica,,alfabetica,,alfabetica,,180.0,1,180.0,600.0,1,0,TEMPO_TOTAL,2,,,,
1,3,38,dia_turno_curso,3_T_LET,67,19090,75900,OPTIMAL,186018.5,186018.5,False,186018.5,2.82,2.49,600.0,3,T,LET,alfabetica,,1,dia_turno_curso,3,True,TEMPO_TOTAL,iteracao,dia_turno_curso_cursos_progr_ate_2,180.0,180.0,600.0,14400.0,False,False,alfabetica,,alfabetica,,./dados/2024_1/horarios_2024_1.xlsx,./dados/2024_1/salas_2024_1.csv,./dados/2024_1/salas_preferenciais_2024.1.xlsx,/Users/robertdrey/Documents/workspace/development/alocador_de_salas,resultados/experimentos/2024_1/novas_hibridas/dia_turno_depois_progr_2/melhor_solucao.sol,resultados/experimentos/2024_1/novas_hibridas/dia_turno_depois_progr_2/historico.csv,resultados/experimentos/2024_1/novas_hibridas/dia_turno_depois_progr_2/historico.json,dia_turno_curso -> curso -> par_cursos,progressiva,alfabetica,,alfabetica,,alfabetica,,180.0,1,180.0,600.0,1,0,TEMPO_TOTAL,2,,,,
1,3,39,dia_turno_curso,3_T_MED,68,19504,75486,OPTIMAL,186018.5,186018.5,False,186018.5,2.94,2.59,600.0,3,T,MED,alfabetica,,1,dia_turno_curso,3,True,TEMPO_TOTAL,iteracao,dia_turno_curso_cursos_progr_ate_2,180.0,180.0,600.0,14400.0,False,False,alfabetica,,alfabetica,,./dados/2024_1/horarios_2024_1.xlsx,./dados/2024_1/salas_2024_1.csv,./dados/2024_1/salas_preferenciais_2024.1.xlsx,/Users/robertdrey/Documents/workspace/development/alocador_de_salas,resultados/experimentos/2024_1/novas_hibridas/dia_turno_depois_progr_2/melhor_solucao.sol,resultados/experimentos/2024_1/novas_hibridas/dia_turno_depois_progr_2/historico.csv,resultados/experimentos/2024_1/novas_hibridas/dia_turno_depois_progr_2/historico.json,dia_turno_curso -> curso -> par_cursos,progressiva,alfabetica,,alfabetica,,alfabetica,,180.0,1,180.0,600.0,1,0,TEMPO_TOTAL,2,,,,
1,3,40,dia_turno_curso,3_N_ADM,84,16468,78522,OPTIMAL,186018.5,186018.5,False,186018.5,1.99,1.67,600.0,3,N,ADM,alfabetica,,1,dia_turno_curso,3,True,TEMPO_TOTAL,iteracao,dia_turno_curso_cursos_progr_ate_2,180.0,180.0,600.0,14400.0,False,False,alfabetica,,alfabetica,,./dados/2024_1/horarios_2024_1.xlsx,./dados/2024_1/salas_2024_1.csv,./dados/2024_1/salas_preferenciais_2024.1.xlsx,/Users/robertdrey/Documents/workspace/development/alocador_de_salas,resultados/experimentos/2024_1/novas_hibridas/dia_turno_depois_progr_2/melhor_solucao.sol,resultados/experimentos/2024_1/novas_hibridas/dia_turno_depois_progr_2/historico.csv,resultados/experimentos/2024_1/novas_hibridas/dia_turno_depois_progr_2/historico.json,dia_turno_curso -> curso -> par_cursos,progressiva,alfabetica,,alfabetica,,alfabetica,,180.0,1,180.0,600.0,1,0,TEMPO_TOTAL,2,,,,
1,3,41,dia_turno_curso,3_N_CC,81,17342,77648,OPTIMAL,186018.5,186018.5,False,186018.5,20.46,20.15,600.0,3,N,CC,alfabetica,,1,dia_turno_curso,3,True,TEMPO_TOTAL,iteracao,dia_turno_curso_cursos_progr_ate_2,180.0,180.0,600.0,14400.0,False,False,alfabetica,,alfabetica,,./dados/2024_1/horarios_2024_1.xlsx,./dados/2024_1/salas_2024_1.csv,./dados/2024_1/salas_preferenciais_2024.1.xlsx,/Users/robertdrey/Documents/workspace/development/alocador_de_salas,resultados/experimentos/2024_1/novas_hibridas/dia_turno_depois_progr_2/melhor_solucao.sol,resultados/experimentos/2024_1/novas_hibridas/dia_turno_depois_progr_2/historico.csv,resultados/experimentos/2024_1/novas_hibridas/dia_turno_depois_progr_2/historico.json,dia_turno_curso -> curso -> par_cursos,progressiva,alfabetica,,alfabetica,,alfabetica,,180.0,1,180.0,600.0,1,0,TEMPO_TOTAL,2,,,,
1,3,42,dia_turno_curso,3_N_CS,57,11546,83444,OPTIMAL,186018.5,186018.5,False,186018.5,1.93,1.61,600.0,3,N,CS,alfabetica,,1,dia_turno_curso,3,True,TEMPO_TOTAL,iteracao,dia_turno_curso_cursos_progr_ate_2,180.0,180.0,600.0,14400.0,False,False,alfabetica,,alfabetica,,./dados/2024_1/horarios_2024_1.xlsx,./dados/2024_1/salas_2024_1.csv,./dados/2024_1/salas_preferenciais_2024.1.xlsx,/Users/robertdrey/Documents/workspace/development/alocador_de_salas,resultados/experimentos/2024_1/novas_hibridas/dia_turno_depois_progr_2/melhor_solucao.sol,resultados/experimentos/2024_1/novas_hibridas/dia_turno_depois_progr_2/historico.csv,resultados/experimentos/2024_1/novas_hibridas/dia_turno_depois_progr_2/historico.json,dia_turno_curso -> curso -> par_cursos,progressiva,alfabetica,,alfabetica,,alfabetica,,180.0,1,180.0,600.0,1,0,TEMPO_TOTAL,2,,,,
1,3,43,dia_turno_curso,3_N_EAS,84,15180,79810,OPTIMAL,186018.5,186018.5,False,186018.5,1.84,1.52,600.0,3,N,EAS,alfabetica,,1,dia_turno_curso,3,True,TEMPO_TOTAL,iteracao,dia_turno_curso_cursos_progr_ate_2,180.0,180.0,600.0,14400.0,False,False,alfabetica,,alfabetica,,./dados/2024_1/horarios_2024_1.xlsx,./dados/2024_1/salas_2024_1.csv,./dados/2024_1/salas_preferenciais_2024.1.xlsx,/Users/robertdrey/Documents/workspace/development/alocador_de_salas,resultados/experimentos/2024_1/novas_hibridas/dia_turno_depois_progr_2/melhor_solucao.sol,resultados/experimentos/2024_1/novas_hibridas/dia_turno_depois_progr_2/historico.csv,resultados/experimentos/2024_1/novas_hibridas/dia_turno_depois_progr_2/historico.json,dia_turno_curso -> curso -> par_cursos,progressiva,alfabetica,,alfabetica,,alfabetica,,180.0,1,180.0,600.0,1,0,TEMPO_TOTAL,2,,,,
1,3,44,dia_turno_curso,3_N_FIL,53,10304,84686,OPTIMAL,186018.5,186018.5,False,186018.5,2.03,1.7,600.0,3,N,FIL,alfabetica,,1,dia_turno_curso,3,True,TEMPO_TOTAL,iteracao,dia_turno_curso_cursos_progr_ate_2,180.0,180.0,600.0,14400.0,False,False,alfabetica,,alfabetica,,./dados/2024_1/horarios_2024_1.xlsx,./dados/2024_1/salas_2024_1.csv,./dados/2024_1/salas_preferenciais_2024.1.xlsx,/Users/robertdrey/Documents/workspace/development/alocador_de_salas,resultados/experimentos/2024_1/novas_hibridas/dia_turno_depois_progr_2/melhor_solucao.sol,resultados/experimentos/2024_1/novas_hibridas/dia_turno_depois_progr_2/historico.csv,resultados/experimentos/2024_1/novas_hibridas/dia_turno_depois_progr_2/historico.json,dia_turno_curso -> curso -> par_cursos,progressiva,alfabetica,,alfabetica,,alfabetica,,180.0,1,180.0,600.0,1,0,TEMPO_TOTAL,2,,,,
1,3,45,dia_turno_curso,3_N_GEO,48,9568,85422,OPTIMAL,186018.5,186018.5,False,186018.5,1.42,1.09,600.0,3,N,GEO,alfabetica,,1,dia_turno_curso,3,True,TEMPO_TOTAL,iteracao,dia_turno_curso_cursos_progr_ate_2,180.0,180.0,600.0,14400.0,False,False,alfabetica,,alfabetica,,./dados/2024_1/horarios_2024_1.xlsx,./dados/2024_1/salas_2024_1.csv,./dados/2024_1/salas_preferenciais_2024.1.xlsx,/Users/robertdrey/Documents/workspace/development/alocador_de_salas,resultados/experimentos/2024_1/novas_hibridas/dia_turno_depois_progr_2/melhor_solucao.sol,resultados/experimentos/2024_1/novas_hibridas/dia_turno_depois_progr_2/historico.csv,resultados/experimentos/2024_1/novas_hibridas/dia_turno_depois_progr_2/historico.json,dia_turno_curso -> curso -> par_cursos,progressiva,alfabetica,,alfabetica,,alfabetica,,180.0,1,180.0,600.0,1,0,TEMPO_TOTAL,2,,,,
1,3,46,dia_turno_curso,3_N_HIS,60,11960,83030,OPTIMAL,186018.5,186018.5,False,186018.5,1.6,1.28,600.0,3,N,HIS,alfabetica,,1,dia_turno_curso,3,True,TEMPO_TOTAL,iteracao,dia_turno_curso_cursos_progr_ate_2,180.0,180.0,600.0,14400.0,False,False,alfabetica,,alfabetica,,./dados/2024_1/horarios_2024_1.xlsx,./dados/2024_1/salas_2024_1.csv,./dados/2024_1/salas_preferenciais_2024.1.xlsx,/Users/robertdrey/Documents/workspace/development/alocador_de_salas,resultados/experimentos/2024_1/novas_hibridas/dia_turno_depois_progr_2/melhor_solucao.sol,resultados/experimentos/2024_1/novas_hibridas/dia_turno_depois_progr_2/historico.csv,resultados/experimentos/2024_1/novas_hibridas/dia_turno_depois_progr_2/historico.json,dia_turno_curso -> curso -> par_cursos,progressiva,alfabetica,,alfabetica,,alfabetica,,180.0,1,180.0,600.0,1,0,TEMPO_TOTAL,2,,,,
1,3,47,dia_turno_curso,3_N_LET,70,15732,79258,OPTIMAL,186018.5,186018.5,False,186018.5,5.01,4.67,600.0,3,N,LET,alfabetica,,1,dia_turno_curso,3,True,TEMPO_TOTAL,iteracao,dia_turno_curso_cursos_progr_ate_2,180.0,180.0,600.0,14400.0,False,False,alfabetica,,alfabetica,,./dados/2024_1/horarios_2024_1.xlsx,./dados/2024_1/salas_2024_1.csv,./dados/2024_1/salas_preferenciais_2024.1.xlsx,/Users/robertdrey/Documents/workspace/development/alocador_de_salas,resultados/experimentos/2024_1/novas_hibridas/dia_turno_depois_progr_2/melhor_solucao.sol,resultados/experimentos/2024_1/novas_hibridas/dia_turno_depois_progr_2/historico.csv,resultados/experimentos/2024_1/novas_hibridas/dia_turno_depois_progr_2/historico.json,dia_turno_curso -> curso -> par_cursos,progressiva,alfabetica,,alfabetica,,alfabetica,,180.0,1,180.0,600.0,1,0,TEMPO_TOTAL,2,,,,
1,3,48,dia_turno_curso,3_N_MAT,58,11960,83030,OPTIMAL,186018.5,186018.5,False,186018.5,2.38,2.01,600.0,3,N,MAT,alfabetica,,1,dia_turno_curso,3,True,TEMPO_TOTAL,iteracao,dia_turno_curso_cursos_progr_ate_2,180.0,180.0,600.0,14400.0,False,False,alfabetica,,alfabetica,,./dados/2024_1/horarios_2024_1.xlsx,./dados/2024_1/salas_2024_1.csv,./dados/2024_1/salas_preferenciais_2024.1.xlsx,/Users/robertdrey/Documents/workspace/development/alocador_de_salas,resultados/experimentos/2024_1/novas_hibridas/dia_turno_depois_progr_2/melhor_solucao.sol,resultados/experimentos/2024_1/novas_hibridas/dia_turno_depois_progr_2/historico.csv,resultados/experimentos/2024_1/novas_hibridas/dia_turno_depois_progr_2/historico.json,dia_turno_curso -> curso -> par_cursos,progressiva,alfabetica,,alfabetica,,alfabetica,,180.0,1,180.0,600.0,1,0,TEMPO_TOTAL,2,,,,
1,3,49,dia_turno_curso,3_N_PED,91,19504,75486,OPTIMAL,186018.5,186018.5,False,186018.5,38.14,37.81,600.0,3,N,PED,alfabetica,,1,dia_turno_curso,3,True,TEMPO_TOTAL,iteracao,dia_turno_curso_cursos_progr_ate_2,180.0,180.0,600.0,14400.0,False,False,alfabetica,,alfabetica,,./dados/2024_1/horarios_2024_1.xlsx,./dados/2024_1/salas_2024_1.csv,./dados/2024_1/salas_preferenciais_2024.1.xlsx,/Users/robertdrey/Documents/workspace/development/alocador_de_salas,resultados/experimentos/2024_1/novas_hibridas/dia_turno_depois_progr_2/melhor_solucao.sol,resultados/experimentos/2024_1/novas_hibridas/dia_turno_depois_progr_2/historico.csv,resultados/experimentos/2024_1/novas_hibridas/dia_turno_depois_progr_2/historico.json,dia_turno_curso -> curso -> par_cursos,progressiva,alfabetica,,alfabetica,,alfabetica,,180.0,1,180.0,600.0,1,0,TEMPO_TOTAL,2,,,,
1,3,50,dia_turno_curso,4_M_ADM,78,19596,75394,OPTIMAL,186018.5,186018.5,False,186018.5,1.89,1.57,600.0,4,M,ADM,alfabetica,,1,dia_turno_curso,3,True,TEMPO_TOTAL,iteracao,dia_turno_curso_cursos_progr_ate_2,180.0,180.0,600.0,14400.0,False,False,alfabetica,,alfabetica,,./dados/2024_1/horarios_2024_1.xlsx,./dados/2024_1/salas_2024_1.csv,./dados/2024_1/salas_preferenciais_2024.1.xlsx,/Users/robertdrey/Documents/workspace/development/alocador_de_salas,resultados/experimentos/2024_1/novas_hibridas/dia_turno_depois_progr_2/melhor_solucao.sol,resultados/experimentos/2024_1/novas_hibridas/dia_turno_depois_progr_2/historico.csv,resultados/experimentos/2024_1/novas_hibridas/dia_turno_depois_progr_2/historico.json,dia_turno_curso -> curso -> par_cursos,progressiva,alfabetica,,alfabetica,,alfabetica,,180.0,1,180.0,600.0,1,0,TEMPO_TOTAL,2,,,,
1,3,51,dia_turno_curso,4_M_AGRO,77,17710,77280,OPTIMAL,186018.5,186018.5,False,186018.5,9.0,8.68,600.0,4,M,AGRO,alfabetica,,1,dia_turno_curso,3,True,TEMPO_TOTAL,iteracao,dia_turno_curso_cursos_progr_ate_2,180.0,180.0,600.0,14400.0,False,False,alfabetica,,alfabetica,,./dados/2024_1/horarios_2024_1.xlsx,./dados/2024_1/salas_2024_1.csv,./dados/2024_1/salas_preferenciais_2024.1.xlsx,/Users/robertdrey/Documents/workspace/development/alocador_de_salas,resultados/experimentos/2024_1/novas_hibridas/dia_turno_depois_progr_2/melhor_solucao.sol,resultados/experimentos/2024_1/novas_hibridas/dia_turno_depois_progr_2/historico.csv,resultados/experimentos/2024_1/novas_hibridas/dia_turno_depois_progr_2/historico.json,dia_turno_curso -> curso -> par_cursos,progressiva,alfabetica,,alfabetica,,alfabetica,,180.0,1,180.0,600.0,1,0,TEMPO_TOTAL,2,,,,
1,3,52,dia_turno_curso,4_M_CS,56,15180,79810,OPTIMAL,186018.5,186018.5,False,186018.5,2.07,1.75,600.0,4,M,CS,alfabetica,,1,dia_turno_curso,3,True,TEMPO_TOTAL,iteracao,dia_turno_curso_cursos_progr_ate_2,180.0,180.0,600.0,14400.0,False,False,alfabetica,,alfabetica,,./dados/2024_1/horarios_2024_1.xlsx,./dados/2024_1/salas_2024_1.csv,./dados/2024_1/salas_preferenciais_2024.1.xlsx,/Users/robertdrey/Documents/workspace/development/alocador_de_salas,resultados/experimentos/2024_1/novas_hibridas/dia_turno_depois_progr_2/melhor_solucao.sol,resultados/experimentos/2024_1/novas_hibridas/dia_turno_depois_progr_2/historico.csv,resultados/experimentos/2024_1/novas_hibridas/dia_turno_depois_progr_2/historico.json,dia_turno_curso -> curso -> par_cursos,progressiva,alfabetica,,alfabetica,,alfabetica,,180.0,1,180.0,600.0,1,0,TEMPO_TOTAL,2,,,,
1,3,53,dia_turno_curso,4_M_EAS,74,17756,77234,OPTIMAL,186018.5,186018.5,False,186018.5,2.14,1.83,600.0,4,M,EAS,alfabetica,,1,dia_turno_curso,3,True,TEMPO_TOTAL,iteracao,dia_turno_curso_cursos_progr_ate_2,180.0,180.0,600.0,14400.0,False,False,alfabetica,,alfabetica,,./dados/2024_1/horarios_2024_1.xlsx,./dados/2024_1/salas_2024_1.csv,./dados/2024_1/salas_preferenciais_2024.1.xlsx,/Users/robertdrey/Documents/workspace/development/alocador_de_salas,resultados/experimentos/2024_1/novas_hibridas/dia_turno_depois_progr_2/melhor_solucao.sol,resultados/experimentos/2024_1/novas_hibridas/dia_turno_depois_progr_2/historico.csv,resultados/experimentos/2024_1/novas_hibridas/dia_turno_depois_progr_2/historico.json,dia_turno_curso -> curso -> par_cursos,progressiva,alfabetica,,alfabetica,,alfabetica,,180.0,1,180.0,600.0,1,0,TEMPO_TOTAL,2,,,,
1,3,54,dia_turno_curso,4_M_ENF,49,15318,79672,OPTIMAL,186018.5,186018.5,False,186018.5,4.39,4.06,600.0,4,M,ENF,alfabetica,,1,dia_turno_curso,3,True,TEMPO_TOTAL,iteracao,dia_turno_curso_cursos_progr_ate_2,180.0,180.0,600.0,14400.0,False,False,alfabetica,,alfabetica,,./dados/2024_1/horarios_2024_1.xlsx,./dados/2024_1/salas_2024_1.csv,./dados/2024_1/salas_preferenciais_2024.1.xlsx,/Users/robertdrey/Documents/workspace/development/alocador_de_salas,resultados/experimentos/2024_1/novas_hibridas/dia_turno_depois_progr_2/melhor_solucao.sol,resultados/experimentos/2024_1/novas_hibridas/dia_turno_depois_progr_2/historico.csv,resultados/experimentos/2024_1/novas_hibridas/dia_turno_depois_progr_2/historico.json,dia_turno_curso -> curso -> par_cursos,progressiva,alfabetica,,alfabetica,,alfabetica,,180.0,1,180.0,600.0,1,0,TEMPO_TOTAL,2,,,,
1,3,55,dia_turno_curso,4_M_MED,71,19412,75578,OPTIMAL,186018.5,186018.5,False,186018.5,3.37,3.03,600.0,4,M,MED,alfabetica,,1,dia_turno_curso,3,True,TEMPO_TOTAL,iteracao,dia_turno_curso_cursos_progr_ate_2,180.0,180.0,600.0,14400.0,False,False,alfabetica,,alfabetica,,./dados/2024_1/horarios_2024_1.xlsx,./dados/2024_1/salas_2024_1.csv,./dados/2024_1/salas_preferenciais_2024.1.xlsx,/Users/robertdrey/Documents/workspace/development/alocador_de_salas,resultados/experimentos/2024_1/novas_hibridas/dia_turno_depois_progr_2/melhor_solucao.sol,resultados/experimentos/2024_1/novas_hibridas/dia_turno_depois_progr_2/historico.csv,resultados/experimentos/2024_1/novas_hibridas/dia_turno_depois_progr_2/historico.json,dia_turno_curso -> curso -> par_cursos,progressiva,alfabetica,,alfabetica,,alfabetica,,180.0,1,180.0,600.0,1,0,TEMPO_TOTAL,2,,,,
1,3,56,dia_turno_curso,4_M_PED,86,23092,71898,OPTIMAL,186018.5,186018.5,False,186018.5,25.74,25.42,600.0,4,M,PED,alfabetica,,1,dia_turno_curso,3,True,TEMPO_TOTAL,iteracao,dia_turno_curso_cursos_progr_ate_2,180.0,180.0,600.0,14400.0,False,False,alfabetica,,alfabetica,,./dados/2024_1/horarios_2024_1.xlsx,./dados/2024_1/salas_2024_1.csv,./dados/2024_1/salas_preferenciais_2024.1.xlsx,/Users/robertdrey/Documents/workspace/development/alocador_de_salas,resultados/experimentos/2024_1/novas_hibridas/dia_turno_depois_progr_2/melhor_solucao.sol,resultados/experimentos/2024_1/novas_hibridas/dia_turno_depois_progr_2/historico.csv,resultados/experimentos/2024_1/novas_hibridas/dia_turno_depois_progr_2/historico.json,dia_turno_curso -> curso -> par_cursos,progressiva,alfabetica,,alfabetica,,alfabetica,,180.0,1,180.0,600.0,1,0,TEMPO_TOTAL,2,,,,
1,3,57,dia_turno_curso,4_T_AGRO,78,19458,75532,OPTIMAL,186018.5,186018.5,False,186018.5,5.38,5.06,600.0,4,T,AGRO,alfabetica,,1,dia_turno_curso,3,True,TEMPO_TOTAL,iteracao,dia_turno_curso_cursos_progr_ate_2,180.0,180.0,600.0,14400.0,False,False,alfabetica,,alfabetica,,./dados/2024_1/horarios_2024_1.xlsx,./dados/2024_1/salas_2024_1.csv,./dados/2024_1/salas_preferenciais_2024.1.xlsx,/Users/robertdrey/Documents/workspace/development/alocador_de_salas,resultados/experimentos/2024_1/novas_hibridas/dia_turno_depois_progr_2/melhor_solucao.sol,resultados/experimentos/2024_1/novas_hibridas/dia_turno_depois_progr_2/historico.csv,resultados/experimentos/2024_1/novas_hibridas/dia_turno_depois_progr_2/historico.json,dia_turno_curso -> curso -> par_cursos,progressiva,alfabetica,,alfabetica,,alfabetica,,180.0,1,180.0,600.0,1,0,TEMPO_TOTAL,2,,,,
1,3,58,dia_turno_curso,4_T_CC,69,19964,75026,OPTIMAL,186018.5,186018.5,False,186018.5,51.31,50.99,600.0,4,T,CC,alfabetica,,1,dia_turno_curso,3,True,TEMPO_TOTAL,iteracao,dia_turno_curso_cursos_progr_ate_2,180.0,180.0,600.0,14400.0,False,False,alfabetica,,alfabetica,,./dados/2024_1/horarios_2024_1.xlsx,./dados/2024_1/salas_2024_1.csv,./dados/2024_1/salas_preferenciais_2024.1.xlsx,/Users/robertdrey/Documents/workspace/development/alocador_de_salas,resultados/experimentos/2024_1/novas_hibridas/dia_turno_depois_progr_2/melhor_solucao.sol,resultados/experimentos/2024_1/novas_hibridas/dia_turno_depois_progr_2/historico.csv,resultados/experimentos/2024_1/novas_hibridas/dia_turno_depois_progr_2/historico.json,dia_turno_curso -> curso -> par_cursos,progressiva,alfabetica,,alfabetica,,alfabetica,,180.0,1,180.0,600.0,1,0,TEMPO_TOTAL,2,,,,
1,3,59,dia_turno_curso,4_T_CS,50,14950,80040,OPTIMAL,186018.5,186018.5,False,186018.5,1.08,0.76,600.0,4,T,CS,alfabetica,,1,dia_turno_curso,3,True,TEMPO_TOTAL,iteracao,dia_turno_curso_cursos_progr_ate_2,180.0,180.0,600.0,14400.0,False,False,alfabetica,,alfabetica,,./dados/2024_1/horarios_2024_1.xlsx,./dados/2024_1/salas_2024_1.csv,./dados/2024_1/salas_preferenciais_2024.1.xlsx,/Users/robertdrey/Documents/workspace/development/alocador_de_salas,resultados/experimentos/2024_1/novas_hibridas/dia_turno_depois_progr_2/melhor_solucao.sol,resultados/experimentos/2024_1/novas_hibridas/dia_turno_depois_progr_2/historico.csv,resultados/experimentos/2024_1/novas_hibridas/dia_turno_depois_progr_2/historico.json,dia_turno_curso -> curso -> par_cursos,progressiva,alfabetica,,alfabetica,,alfabetica,,180.0,1,180.0,600.0,1,0,TEMPO_TOTAL,2,,,,
1,3,60,dia_turno_curso,4_T_EAS,71,17986,77004,OPTIMAL,186018.5,186018.5,False,186018.5,1.08,0.78,600.0,4,T,EAS,alfabetica,,1,dia_turno_curso,3,True,TEMPO_TOTAL,iteracao,dia_turno_curso_cursos_progr_ate_2,180.0,180.0,600.0,14400.0,False,False,alfabetica,,alfabetica,,./dados/2024_1/horarios_2024_1.xlsx,./dados/2024_1/salas_2024_1.csv,./dados/2024_1/salas_preferenciais_2024.1.xlsx,/Users/robertdrey/Documents/workspace/development/alocador_de_salas,resultados/experimentos/2024_1/novas_hibridas/dia_turno_depois_progr_2/melhor_solucao.sol,resultados/experimentos/2024_1/novas_hibridas/dia_turno_depois_progr_2/historico.csv,resultados/experimentos/2024_1/novas_hibridas/dia_turno_depois_progr_2/historico.json,dia_turno_curso -> curso -> par_cursos,progressiva,alfabetica,,alfabetica,,alfabetica,,180.0,1,180.0,600.0,1,0,TEMPO_TOTAL,2,,,,
1,3,61,dia_turno_curso,4_T_ENF,43,16192,78798,OPTIMAL,186018.5,186018.5,False,186018.5,3.96,3.65,600.0,4,T,ENF,alfabetica,,1,dia_turno_curso,3,True,TEMPO_TOTAL,iteracao,dia_turno_curso_cursos_progr_ate_2,180.0,180.0,600.0,14400.0,False,False,alfabetica,,alfabetica,,./dados/2024_1/horarios_2024_1.xlsx,./dados/2024_1/salas_2024_1.csv,./dados/2024_1/salas_preferenciais_2024.1.xlsx,/Users/robertdrey/Documents/workspace/development/alocador_de_salas,resultados/experimentos/2024_1/novas_hibridas/dia_turno_depois_progr_2/melhor_solucao.sol,resultados/experimentos/2024_1/novas_hibridas/dia_turno_depois_progr_2/historico.csv,resultados/experimentos/2024_1/novas_hibridas/dia_turno_depois_progr_2/historico.json,dia_turno_curso -> curso -> par_cursos,progressiva,alfabetica,,alfabetica,,alfabetica,,180.0,1,180.0,600.0,1,0,TEMPO_TOTAL,2,,,,
1,3,62,dia_turno_curso,4_T_LET,60,17618,77372,OPTIMAL,186018.5,186018.5,False,186018.5,2.78,2.43,600.0,4,T,LET,alfabetica,,1,dia_turno_curso,3,True,TEMPO_TOTAL,iteracao,dia_turno_curso_cursos_progr_ate_2,180.0,180.0,600.0,14400.0,False,False,alfabetica,,alfabetica,,./dados/2024_1/horarios_2024_1.xlsx,./dados/2024_1/salas_2024_1.csv,./dados/2024_1/salas_preferenciais_2024.1.xlsx,/Users/robertdrey/Documents/workspace/development/alocador_de_salas,resultados/experimentos/2024_1/novas_hibridas/dia_turno_depois_progr_2/melhor_solucao.sol,resultados/experimentos/2024_1/novas_hibridas/dia_turno_depois_progr_2/historico.csv,resultados/experimentos/2024_1/novas_hibridas/dia_turno_depois_progr_2/historico.json,dia_turno_curso -> curso -> par_cursos,progressiva,alfabetica,,alfabetica,,alfabetica,,180.0,1,180.0,600.0,1,0,TEMPO_TOTAL,2,,,,
1,3,63,dia_turno_curso,4_T_MAT,51,15410,79580,OPTIMAL,186018.5,186018.5,False,186018.5,1.42,1.07,600.0,4,T,MAT,alfabetica,,1,dia_turno_curso,3,True,TEMPO_TOTAL,iteracao,dia_turno_curso_cursos_progr_ate_2,180.0,180.0,600.0,14400.0,False,False,alfabetica,,alfabetica,,./dados/2024_1/horarios_2024_1.xlsx,./dados/2024_1/salas_2024_1.csv,./dados/2024_1/salas_preferenciais_2024.1.xlsx,/Users/robertdrey/Documents/workspace/development/alocador_de_salas,resultados/experimentos/2024_1/novas_hibridas/dia_turno_depois_progr_2/melhor_solucao.sol,resultados/experimentos/2024_1/novas_hibridas/dia_turno_depois_progr_2/historico.csv,resultados/experimentos/2024_1/novas_hibridas/dia_turno_depois_progr_2/historico.json,dia_turno_curso -> curso -> par_cursos,progressiva,alfabetica,,alfabetica,,alfabetica,,180.0,1,180.0,600.0,1,0,TEMPO_TOTAL,2,,,,
1,3,64,dia_turno_curso,4_T_MED,64,18676,76314,OPTIMAL,186018.5,186018.5,False,186018.5,2.12,1.8,600.0,4,T,MED,alfabetica,,1,dia_turno_curso,3,True,TEMPO_TOTAL,iteracao,dia_turno_curso_cursos_progr_ate_2,180.0,180.0,600.0,14400.0,False,False,alfabetica,,alfabetica,,./dados/2024_1/horarios_2024_1.xlsx,./dados/2024_1/salas_2024_1.csv,./dados/2024_1/salas_preferenciais_2024.1.xlsx,/Users/robertdrey/Documents/workspace/development/alocador_de_salas,resultados/experimentos/2024_1/novas_hibridas/dia_turno_depois_progr_2/melhor_solucao.sol,resultados/experimentos/2024_1/novas_hibridas/dia_turno_depois_progr_2/historico.csv,resultados/experimentos/2024_1/novas_hibridas/dia_turno_depois_progr_2/historico.json,dia_turno_curso -> curso -> par_cursos,progressiva,alfabetica,,alfabetica,,alfabetica,,180.0,1,180.0,600.0,1,0,TEMPO_TOTAL,2,,,,
1,3,65,dia_turno_curso,4_N_ADM,85,18262,76728,OPTIMAL,186018.5,186018.5,False,186018.5,3.04,2.69,600.0,4,N,ADM,alfabetica,,1,dia_turno_curso,3,True,TEMPO_TOTAL,iteracao,dia_turno_curso_cursos_progr_ate_2,180.0,180.0,600.0,14400.0,False,False,alfabetica,,alfabetica,,./dados/2024_1/horarios_2024_1.xlsx,./dados/2024_1/salas_2024_1.csv,./dados/2024_1/salas_preferenciais_2024.1.xlsx,/Users/robertdrey/Documents/workspace/development/alocador_de_salas,resultados/experimentos/2024_1/novas_hibridas/dia_turno_depois_progr_2/melhor_solucao.sol,resultados/experimentos/2024_1/novas_hibridas/dia_turno_depois_progr_2/historico.csv,resultados/experimentos/2024_1/novas_hibridas/dia_turno_depois_progr_2/historico.json,dia_turno_curso -> curso -> par_cursos,progressiva,alfabetica,,alfabetica,,alfabetica,,180.0,1,180.0,600.0,1,0,TEMPO_TOTAL,2,,,,
1,3,66,dia_turno_curso,4_N_CC,86,19872,75118,OPTIMAL,186018.5,186018.5,False,186018.5,56.37,56.04,600.0,4,N,CC,alfabetica,,1,dia_turno_curso,3,True,TEMPO_TOTAL,iteracao,dia_turno_curso_cursos_progr_ate_2,180.0,180.0,600.0,14400.0,False,False,alfabetica,,alfabetica,,./dados/2024_1/horarios_2024_1.xlsx,./dados/2024_1/salas_2024_1.csv,./dados/2024_1/salas_preferenciais_2024.1.xlsx,/Users/robertdrey/Documents/workspace/development/alocador_de_salas,resultados/experimentos/2024_1/novas_hibridas/dia_turno_depois_progr_2/melhor_solucao.sol,resultados/experimentos/2024_1/novas_hibridas/dia_turno_depois_progr_2/historico.csv,resultados/experimentos/2024_1/novas_hibridas/dia_turno_depois_progr_2/historico.json,dia_turno_curso -> curso -> par_cursos,progressiva,alfabetica,,alfabetica,,alfabetica,,180.0,1,180.0,600.0,1,0,TEMPO_TOTAL,2,,,,
1,3,67,dia_turno_curso,4_N_CS,60,13294,81696,OPTIMAL,186018.5,186018.5,False,186018.5,2.8,2.47,600.0,4,N,CS,alfabetica,,1,dia_turno_curso,3,True,TEMPO_TOTAL,iteracao,dia_turno_curso_cursos_progr_ate_2,180.0,180.0,600.0,14400.0,False,False,alfabetica,,alfabetica,,./dados/2024_1/horarios_2024_1.xlsx,./dados/2024_1/salas_2024_1.csv,./dados/2024_1/salas_preferenciais_2024.1.xlsx,/Users/robertdrey/Documents/workspace/development/alocador_de_salas,resultados/experimentos/2024_1/novas_hibridas/dia_turno_depois_progr_2/melhor_solucao.sol,resultados/experimentos/2024_1/novas_hibridas/dia_turno_depois_progr_2/historico.csv,resultados/experimentos/2024_1/novas_hibridas/dia_turno_depois_progr_2/historico.json,dia_turno_curso -> curso -> par_cursos,progressiva,alfabetica,,alfabetica,,alfabetica,,180.0,1,180.0,600.0,1,0,TEMPO_TOTAL,2,,,,
1,3,68,dia_turno_curso,4_N_EAS,86,17204,77786,OPTIMAL,186018.5,186018.5,False,186018.5,2.76,2.44,600.0,4,N,EAS,alfabetica,,1,dia_turno_curso,3,True,TEMPO_TOTAL,iteracao,dia_turno_curso_cursos_progr_ate_2,180.0,180.0,600.0,14400.0,False,False,alfabetica,,alfabetica,,./dados/2024_1/horarios_2024_1.xlsx,./dados/2024_1/salas_2024_1.csv,./dados/2024_1/salas_preferenciais_2024.1.xlsx,/Users/robertdrey/Documents/workspace/development/alocador_de_salas,resultados/experimentos/2024_1/novas_hibridas/dia_turno_depois_progr_2/melhor_solucao.sol,resultados/experimentos/2024_1/novas_hibridas/dia_turno_depois_progr_2/historico.csv,resultados/experimentos/2024_1/novas_hibridas/dia_turno_depois_progr_2/historico.json,dia_turno_curso -> curso -> par_cursos,progressiva,alfabetica,,alfabetica,,alfabetica,,180.0,1,180.0,600.0,1,0,TEMPO_TOTAL,2,,,,
1,3,69,dia_turno_curso,4_N_FIL,53,11914,83076,OPTIMAL,186018.5,186018.5,False,186018.5,2.03,1.71,600.0,4,N,FIL,alfabetica,,1,dia_turno_curso,3,True,TEMPO_TOTAL,iteracao,dia_turno_curso_cursos_progr_ate_2,180.0,180.0,600.0,14400.0,False,False,alfabetica,,alfabetica,,./dados/2024_1/horarios_2024_1.xlsx,./dados/2024_1/salas_2024_1.csv,./dados/2024_1/salas_preferenciais_2024.1.xlsx,/Users/robertdrey/Documents/workspace/development/alocador_de_salas,resultados/experimentos/2024_1/novas_hibridas/dia_turno_depois_progr_2/melhor_solucao.sol,resultados/experimentos/2024_1/novas_hibridas/dia_turno_depois_progr_2/historico.csv,resultados/experimentos/2024_1/novas_hibridas/dia_turno_depois_progr_2/historico.json,dia_turno_curso -> curso -> par_cursos,progressiva,alfabetica,,alfabetica,,alfabetica,,180.0,1,180.0,600.0,1,0,TEMPO_TOTAL,2,,,,
1,3,70,dia_turno_curso,4_N_GEO,51,11776,83214,OPTIMAL,186018.5,186018.5,False,186018.5,2.11,1.78,600.0,4,N,GEO,alfabetica,,1,dia_turno_curso,3,True,TEMPO_TOTAL,iteracao,dia_turno_curso_cursos_progr_ate_2,180.0,180.0,600.0,14400.0,False,False,alfabetica,,alfabetica,,./dados/2024_1/horarios_2024_1.xlsx,./dados/2024_1/salas_2024_1.csv,./dados/2024_1/salas_preferenciais_2024.1.xlsx,/Users/robertdrey/Documents/workspace/development/alocador_de_salas,resultados/experimentos/2024_1/novas_hibridas/dia_turno_depois_progr_2/melhor_solucao.sol,resultados/experimentos/2024_1/novas_hibridas/dia_turno_depois_progr_2/historico.csv,resultados/experimentos/2024_1/novas_hibridas/dia_turno_depois_progr_2/historico.json,dia_turno_curso -> curso -> par_cursos,progressiva,alfabetica,,alfabetica,,alfabetica,,180.0,1,180.0,600.0,1,0,TEMPO_TOTAL,2,,,,
1,3,71,dia_turno_curso,4_N_HIS,62,13938,81052,OPTIMAL,186018.5,186018.5,False,186018.5,2.43,2.11,600.0,4,N,HIS,alfabetica,,1,dia_turno_curso,3,True,TEMPO_TOTAL,iteracao,dia_turno_curso_cursos_progr_ate_2,180.0,180.0,600.0,14400.0,False,False,alfabetica,,alfabetica,,./dados/2024_1/horarios_2024_1.xlsx,./dados/2024_1/salas_2024_1.csv,./dados/2024_1/salas_preferenciais_2024.1.xlsx,/Users/robertdrey/Documents/workspace/development/alocador_de_salas,resultados/experimentos/2024_1/novas_hibridas/dia_turno_depois_progr_2/melhor_solucao.sol,resultados/experimentos/2024_1/novas_hibridas/dia_turno_depois_progr_2/historico.csv,resultados/experimentos/2024_1/novas_hibridas/dia_turno_depois_progr_2/historico.json,dia_turno_curso -> curso -> par_cursos,progressiva,alfabetica,,alfabetica,,alfabetica,,180.0,1,180.0,600.0,1,0,TEMPO_TOTAL,2,,,,
1,3,72,dia_turno_curso,4_N_LET,69,16744,78246,TIME_LIMIT,186018.5,186018.5,False,186018.5,600.42,600.05,600.0,4,N,LET,alfabetica,,1,dia_turno_curso,3,True,TEMPO_TOTAL,iteracao,dia_turno_curso_cursos_progr_ate_2,180.0,180.0,600.0,14400.0,False,False,alfabetica,,alfabetica,,./dados/2024_1/horarios_2024_1.xlsx,./dados/2024_1/salas_2024_1.csv,./dados/2024_1/salas_preferenciais_2024.1.xlsx,/Users/robertdrey/Documents/workspace/development/alocador_de_salas,resultados/experimentos/2024_1/novas_hibridas/dia_turno_depois_progr_2/melhor_solucao.sol,resultados/experimentos/2024_1/novas_hibridas/dia_turno_depois_progr_2/historico.csv,resultados/experimentos/2024_1/novas_hibridas/dia_turno_depois_progr_2/historico.json,dia_turno_curso -> curso -> par_cursos,progressiva,alfabetica,,alfabetica,,alfabetica,,180.0,1,180.0,600.0,1,0,TEMPO_TOTAL,2,,,,
1,3,73,dia_turno_curso,4_N_MAT,59,13202,81788,OPTIMAL,186018.5,186018.5,False,186018.5,2.75,2.33,600.0,4,N,MAT,alfabetica,,1,dia_turno_curso,3,True,TEMPO_TOTAL,iteracao,dia_turno_curso_cursos_progr_ate_2,180.0,180.0,600.0,14400.0,False,False,alfabetica,,alfabetica,,./dados/2024_1/horarios_2024_1.xlsx,./dados/2024_1/salas_2024_1.csv,./dados/2024_1/salas_preferenciais_2024.1.xlsx,/Users/robertdrey/Documents/workspace/development/alocador_de_salas,resultados/experimentos/2024_1/novas_hibridas/dia_turno_depois_progr_2/melhor_solucao.sol,resultados/experimentos/2024_1/novas_hibridas/dia_turno_depois_progr_2/historico.csv,resultados/experimentos/2024_1/novas_hibridas/dia_turno_depois_progr_2/historico.json,dia_turno_curso -> curso -> par_cursos,progressiva,alfabetica,,alfabetica,,alfabetica,,180.0,1,180.0,600.0,1,0,TEMPO_TOTAL,2,,,,
1,3,74,dia_turno_curso,4_N_PED,93,21160,73830,OPTIMAL,186018.5,186018.5,False,186018.5,17.11,16.74,600.0,4,N,PED,alfabetica,,1,dia_turno_curso,3,True,TEMPO_TOTAL,iteracao,dia_turno_curso_cursos_progr_ate_2,180.0,180.0,600.0,14400.0,False,False,alfabetica,,alfabetica,,./dados/2024_1/horarios_2024_1.xlsx,./dados/2024_1/salas_2024_1.csv,./dados/2024_1/salas_preferenciais_2024.1.xlsx,/Users/robertdrey/Documents/workspace/development/alocador_de_salas,resultados/experimentos/2024_1/novas_hibridas/dia_turno_depois_progr_2/melhor_solucao.sol,resultados/experimentos/2024_1/novas_hibridas/dia_turno_depois_progr_2/historico.csv,resultados/experimentos/2024_1/novas_hibridas/dia_turno_depois_progr_2/historico.json,dia_turno_curso -> curso -> par_cursos,progressiva,alfabetica,,alfabetica,,alfabetica,,180.0,1,180.0,600.0,1,0,TEMPO_TOTAL,2,,,,
1,3,75,dia_turno_curso,5_M_ADM,80,19734,75256,OPTIMAL,186018.5,186018.5,False,186018.5,2.36,1.99,600.0,5,M,ADM,alfabetica,,1,dia_turno_curso,3,True,TEMPO_TOTAL,iteracao,dia_turno_curso_cursos_progr_ate_2,180.0,180.0,600.0,14400.0,False,False,alfabetica,,alfabetica,,./dados/2024_1/horarios_2024_1.xlsx,./dados/2024_1/salas_2024_1.csv,./dados/2024_1/salas_preferenciais_2024.1.xlsx,/Users/robertdrey/Documents/workspace/development/alocador_de_salas,resultados/experimentos/2024_1/novas_hibridas/dia_turno_depois_progr_2/melhor_solucao.sol,resultados/experimentos/2024_1/novas_hibridas/dia_turno_depois_progr_2/historico.csv,resultados/experimentos/2024_1/novas_hibridas/dia_turno_depois_progr_2/historico.json,dia_turno_curso -> curso -> par_cursos,progressiva,alfabetica,,alfabetica,,alfabetica,,180.0,1,180.0,600.0,1,0,TEMPO_TOTAL,2,,,,
1,3,76,dia_turno_curso,5_M_AGRO,80,18492,76498,OPTIMAL,186018.5,186018.5,False,186018.5,8.16,7.82,600.0,5,M,AGRO,alfabetica,,1,dia_turno_curso,3,True,TEMPO_TOTAL,iteracao,dia_turno_curso_cursos_progr_ate_2,180.0,180.0,600.0,14400.0,False,False,alfabetica,,alfabetica,,./dados/2024_1/horarios_2024_1.xlsx,./dados/2024_1/salas_2024_1.csv,./dados/2024_1/salas_preferenciais_2024.1.xlsx,/Users/robertdrey/Documents/workspace/development/alocador_de_salas,resultados/experimentos/2024_1/novas_hibridas/dia_turno_depois_progr_2/melhor_solucao.sol,resultados/experimentos/2024_1/novas_hibridas/dia_turno_depois_progr_2/historico.csv,resultados/experimentos/2024_1/novas_hibridas/dia_turno_depois_progr_2/historico.json,dia_turno_curso -> curso -> par_cursos,progressiva,alfabetica,,alfabetica,,alfabetica,,180.0,1,180.0,600.0,1,0,TEMPO_TOTAL,2,,,,
1,3,77,dia_turno_curso,5_M_EAS,75,17618,77372,OPTIMAL,186018.5,186018.5,False,186018.5,2.16,1.82,600.0,5,M,EAS,alfabetica,,1,dia_turno_curso,3,True,TEMPO_TOTAL,iteracao,dia_turno_curso_cursos_progr_ate_2,180.0,180.0,600.0,14400.0,False,False,alfabetica,,alfabetica,,./dados/2024_1/horarios_2024_1.xlsx,./dados/2024_1/salas_2024_1.csv,./dados/2024_1/salas_preferenciais_2024.1.xlsx,/Users/robertdrey/Documents/workspace/development/alocador_de_salas,resultados/experimentos/2024_1/novas_hibridas/dia_turno_depois_progr_2/melhor_solucao.sol,resultados/experimentos/2024_1/novas_hibridas/dia_turno_depois_progr_2/historico.csv,resultados/experimentos/2024_1/novas_hibridas/dia_turno_depois_progr_2/historico.json,dia_turno_curso -> curso -> par_cursos,progressiva,alfabetica,,alfabetica,,alfabetica,,180.0,1,180.0,600.0,1,0,TEMPO_TOTAL,2,,,,
1,3,78,dia_turno_curso,5_M_ENF,51,15732,79258,OPTIMAL,186018.5,186018.5,False,186018.5,5.46,5.1,600.0,5,M,ENF,alfabetica,,1,dia_turno_curso,3,True,TEMPO_TOTAL,iteracao,dia_turno_curso_cursos_progr_ate_2,180.0,180.0,600.0,14400.0,False,False,alfabetica,,alfabetica,,./dados/2024_1/horarios_2024_1.xlsx,./dados/2024_1/salas_2024_1.csv,./dados/2024_1/salas_preferenciais_2024.1.xlsx,/Users/robertdrey/Documents/workspace/development/alocador_de_salas,resultados/experimentos/2024_1/novas_hibridas/dia_turno_depois_progr_2/melhor_solucao.sol,resultados/experimentos/2024_1/novas_hibridas/dia_turno_depois_progr_2/historico.csv,resultados/experimentos/2024_1/novas_hibridas/dia_turno_depois_progr_2/historico.json,dia_turno_curso -> curso -> par_cursos,progressiva,alfabetica,,alfabetica,,alfabetica,,180.0,1,180.0,600.0,1,0,TEMPO_TOTAL,2,,,,
1,3,79,dia_turno_curso,5_M_MED,74,19550,75440,OPTIMAL,186018.5,186018.5,False,186018.5,3.59,3.24,600.0,5,M,MED,alfabetica,,1,dia_turno_curso,3,True,TEMPO_TOTAL,iteracao,dia_turno_curso_cursos_progr_ate_2,180.0,180.0,600.0,14400.0,False,False,alfabetica,,alfabetica,,./dados/2024_1/horarios_2024_1.xlsx,./dados/2024_1/salas_2024_1.csv,./dados/2024_1/salas_preferenciais_2024.1.xlsx,/Users/robertdrey/Documents/workspace/development/alocador_de_salas,resultados/experimentos/2024_1/novas_hibridas/dia_turno_depois_progr_2/melhor_solucao.sol,resultados/experimentos/2024_1/novas_hibridas/dia_turno_depois_progr_2/historico.csv,resultados/experimentos/2024_1/novas_hibridas/dia_turno_depois_progr_2/historico.json,dia_turno_curso -> curso -> par_cursos,progressiva,alfabetica,,alfabetica,,alfabetica,,180.0,1,180.0,600.0,1,0,TEMPO_TOTAL,2,,,,
1,3,80,dia_turno_curso,5_M_PED,89,23230,71760,OPTIMAL,186018.5,186018.5,False,186018.5,43.95,43.61,600.0,5,M,PED,alfabetica,,1,dia_turno_curso,3,True,TEMPO_TOTAL,iteracao,dia_turno_curso_cursos_progr_ate_2,180.0,180.0,600.0,14400.0,False,False,alfabetica,,alfabetica,,./dados/2024_1/horarios_2024_1.xlsx,./dados/2024_1/salas_2024_1.csv,./dados/2024_1/salas_preferenciais_2024.1.xlsx,/Users/robertdrey/Documents/workspace/development/alocador_de_salas,resultados/experimentos/2024_1/novas_hibridas/dia_turno_depois_progr_2/melhor_solucao.sol,resultados/experimentos/2024_1/novas_hibridas/dia_turno_depois_progr_2/historico.csv,resultados/experimentos/2024_1/novas_hibridas/dia_turno_depois_progr_2/historico.json,dia_turno_curso -> curso -> par_cursos,progressiva,alfabetica,,alfabetica,,alfabetica,,180.0,1,180.0,600.0,1,0,TEMPO_TOTAL,2,,,,
1,3,81,dia_turno_curso,5_T_AGRO,77,18814,76176,OPTIMAL,186018.5,186018.5,False,186018.5,8.3,7.97,600.0,5,T,AGRO,alfabetica,,1,dia_turno_curso,3,True,TEMPO_TOTAL,iteracao,dia_turno_curso_cursos_progr_ate_2,180.0,180.0,600.0,14400.0,False,False,alfabetica,,alfabetica,,./dados/2024_1/horarios_2024_1.xlsx,./dados/2024_1/salas_2024_1.csv,./dados/2024_1/salas_preferenciais_2024.1.xlsx,/Users/robertdrey/Documents/workspace/development/alocador_de_salas,resultados/experimentos/2024_1/novas_hibridas/dia_turno_depois_progr_2/melhor_solucao.sol,resultados/experimentos/2024_1/novas_hibridas/dia_turno_depois_progr_2/historico.csv,resultados/experimentos/2024_1/novas_hibridas/dia_turno_depois_progr_2/historico.json,dia_turno_curso -> curso -> par_cursos,progressiva,alfabetica,,alfabetica,,alfabetica,,180.0,1,180.0,600.0,1,0,TEMPO_TOTAL,2,,,,
1,3,82,dia_turno_curso,5_T_CC,70,19596,75394,OPTIMAL,186018.5,186018.5,False,186018.5,45.63,45.3,600.0,5,T,CC,alfabetica,,1,dia_turno_curso,3,True,TEMPO_TOTAL,iteracao,dia_turno_curso_cursos_progr_ate_2,180.0,180.0,600.0,14400.0,False,False,alfabetica,,alfabetica,,./dados/2024_1/horarios_2024_1.xlsx,./dados/2024_1/salas_2024_1.csv,./dados/2024_1/salas_preferenciais_2024.1.xlsx,/Users/robertdrey/Documents/workspace/development/alocador_de_salas,resultados/experimentos/2024_1/novas_hibridas/dia_turno_depois_progr_2/melhor_solucao.sol,resultados/experimentos/2024_1/novas_hibridas/dia_turno_depois_progr_2/historico.csv,resultados/experimentos/2024_1/novas_hibridas/dia_turno_depois_progr_2/historico.json,dia_turno_curso -> curso -> par_cursos,progressiva,alfabetica,,alfabetica,,alfabetica,,180.0,1,180.0,600.0,1,0,TEMPO_TOTAL,2,,,,
1,3,83,dia_turno_curso,5_T_EAS,71,17342,77648,OPTIMAL,186018.5,186018.5,False,186018.5,1.52,1.21,600.0,5,T,EAS,alfabetica,,1,dia_turno_curso,3,True,TEMPO_TOTAL,iteracao,dia_turno_curso_cursos_progr_ate_2,180.0,180.0,600.0,14400.0,False,False,alfabetica,,alfabetica,,./dados/2024_1/horarios_2024_1.xlsx,./dados/2024_1/salas_2024_1.csv,./dados/2024_1/salas_preferenciais_2024.1.xlsx,/Users/robertdrey/Documents/workspace/development/alocador_de_salas,resultados/experimentos/2024_1/novas_hibridas/dia_turno_depois_progr_2/melhor_solucao.sol,resultados/experimentos/2024_1/novas_hibridas/dia_turno_depois_progr_2/historico.csv,resultados/experimentos/2024_1/novas_hibridas/dia_turno_depois_progr_2/historico.json,dia_turno_curso -> curso -> par_cursos,progressiva,alfabetica,,alfabetica,,alfabetica,,180.0,1,180.0,600.0,1,0,TEMPO_TOTAL,2,,,,
1,3,84,dia_turno_curso,5_T_ENF,44,14858,80132,OPTIMAL,186018.5,186018.5,False,186018.5,3.93,3.6,600.0,5,T,ENF,alfabetica,,1,dia_turno_curso,3,True,TEMPO_TOTAL,iteracao,dia_turno_curso_cursos_progr_ate_2,180.0,180.0,600.0,14400.0,False,False,alfabetica,,alfabetica,,./dados/2024_1/horarios_2024_1.xlsx,./dados/2024_1/salas_2024_1.csv,./dados/2024_1/salas_preferenciais_2024.1.xlsx,/Users/robertdrey/Documents/workspace/development/alocador_de_salas,resultados/experimentos/2024_1/novas_hibridas/dia_turno_depois_progr_2/melhor_solucao.sol,resultados/experimentos/2024_1/novas_hibridas/dia_turno_depois_progr_2/historico.csv,resultados/experimentos/2024_1/novas_hibridas/dia_turno_depois_progr_2/historico.json,dia_turno_curso -> curso -> par_cursos,progressiva,alfabetica,,alfabetica,,alfabetica,,180.0,1,180.0,600.0,1,0,TEMPO_TOTAL,2,,,,
1,3,85,dia_turno_curso,5_T_GEO,40,12650,82340,OPTIMAL,186018.5,186018.5,False,186018.5,1.27,0.93,600.0,5,T,GEO,alfabetica,,1,dia_turno_curso,3,True,TEMPO_TOTAL,iteracao,dia_turno_curso_cursos_progr_ate_2,180.0,180.0,600.0,14400.0,False,False,alfabetica,,alfabetica,,./dados/2024_1/horarios_2024_1.xlsx,./dados/2024_1/salas_2024_1.csv,./dados/2024_1/salas_preferenciais_2024.1.xlsx,/Users/robertdrey/Documents/workspace/development/alocador_de_salas,resultados/experimentos/2024_1/novas_hibridas/dia_turno_depois_progr_2/melhor_solucao.sol,resultados/experimentos/2024_1/novas_hibridas/dia_turno_depois_progr_2/historico.csv,resultados/experimentos/2024_1/novas_hibridas/dia_turno_depois_progr_2/historico.json,dia_turno_curso -> curso -> par_cursos,progressiva,alfabetica,,alfabetica,,alfabetica,,180.0,1,180.0,600.0,1,0,TEMPO_TOTAL,2,,,,
1,3,86,dia_turno_curso,5_T_LET,65,18722,76268,OPTIMAL,186018.5,186018.5,False,186018.5,3.17,2.84,600.0,5,T,LET,alfabetica,,1,dia_turno_curso,3,True,TEMPO_TOTAL,iteracao,dia_turno_curso_cursos_progr_ate_2,180.0,180.0,600.0,14400.0,False,False,alfabetica,,alfabetica,,./dados/2024_1/horarios_2024_1.xlsx,./dados/2024_1/salas_2024_1.csv,./dados/2024_1/salas_preferenciais_2024.1.xlsx,/Users/robertdrey/Documents/workspace/development/alocador_de_salas,resultados/experimentos/2024_1/novas_hibridas/dia_turno_depois_progr_2/melhor_solucao.sol,resultados/experimentos/2024_1/novas_hibridas/dia_turno_depois_progr_2/historico.csv,resultados/experimentos/2024_1/novas_hibridas/dia_turno_depois_progr_2/historico.json,dia_turno_curso -> curso -> par_cursos,progressiva,alfabetica,,alfabetica,,alfabetica,,180.0,1,180.0,600.0,1,0,TEMPO_TOTAL,2,,,,
1,3,87,dia_turno_curso,5_T_MED,67,19274,75716,OPTIMAL,186018.5,186018.5,False,186018.5,2.8,2.42,600.0,5,T,MED,alfabetica,,1,dia_turno_curso,3,True,TEMPO_TOTAL,iteracao,dia_turno_curso_cursos_progr_ate_2,180.0,180.0,600.0,14400.0,False,False,alfabetica,,alfabetica,,./dados/2024_1/horarios_2024_1.xlsx,./dados/2024_1/salas_2024_1.csv,./dados/2024_1/salas_preferenciais_2024.1.xlsx,/Users/robertdrey/Documents/workspace/development/alocador_de_salas,resultados/experimentos/2024_1/novas_hibridas/dia_turno_depois_progr_2/melhor_solucao.sol,resultados/experimentos/2024_1/novas_hibridas/dia_turno_depois_progr_2/historico.csv,resultados/experimentos/2024_1/novas_hibridas/dia_turno_depois_progr_2/historico.json,dia_turno_curso -> curso -> par_cursos,progressiva,alfabetica,,alfabetica,,alfabetica,,180.0,1,180.0,600.0,1,0,TEMPO_TOTAL,2,,,,
1,3,88,dia_turno_curso,5_N_ADM,83,16652,78338,OPTIMAL,186018.5,186018.5,False,186018.5,2.38,2.02,600.0,5,N,ADM,alfabetica,,1,dia_turno_curso,3,True,TEMPO_TOTAL,iteracao,dia_turno_curso_cursos_progr_ate_2,180.0,180.0,600.0,14400.0,False,False,alfabetica,,alfabetica,,./dados/2024_1/horarios_2024_1.xlsx,./dados/2024_1/salas_2024_1.csv,./dados/2024_1/salas_preferenciais_2024.1.xlsx,/Users/robertdrey/Documents/workspace/development/alocador_de_salas,resultados/experimentos/2024_1/novas_hibridas/dia_turno_depois_progr_2/melhor_solucao.sol,resultados/experimentos/2024_1/novas_hibridas/dia_turno_depois_progr_2/historico.csv,resultados/experimentos/2024_1/novas_hibridas/dia_turno_depois_progr_2/historico.json,dia_turno_curso -> curso -> par_cursos,progressiva,alfabetica,,alfabetica,,alfabetica,,180.0,1,180.0,600.0,1,0,TEMPO_TOTAL,2,,,,
1,3,89,dia_turno_curso,5_N_CC,83,18078,76912,OPTIMAL,186018.5,186018.5,False,186018.5,65.72,65.38,600.0,5,N,CC,alfabetica,,1,dia_turno_curso,3,True,TEMPO_TOTAL,iteracao,dia_turno_curso_cursos_progr_ate_2,180.0,180.0,600.0,14400.0,False,False,alfabetica,,alfabetica,,./dados/2024_1/horarios_2024_1.xlsx,./dados/2024_1/salas_2024_1.csv,./dados/2024_1/salas_preferenciais_2024.1.xlsx,/Users/robertdrey/Documents/workspace/development/alocador_de_salas,resultados/experimentos/2024_1/novas_hibridas/dia_turno_depois_progr_2/melhor_solucao.sol,resultados/experimentos/2024_1/novas_hibridas/dia_turno_depois_progr_2/historico.csv,resultados/experimentos/2024_1/novas_hibridas/dia_turno_depois_progr_2/historico.json,dia_turno_curso -> curso -> par_cursos,progressiva,alfabetica,,alfabetica,,alfabetica,,180.0,1,180.0,600.0,1,0,TEMPO_TOTAL,2,,,,
1,3,90,dia_turno_curso,5_N_CS,57,11914,83076,OPTIMAL,186018.5,186018.5,False,186018.5,2.15,1.83,600.0,5,N,CS,alfabetica,,1,dia_turno_curso,3,True,TEMPO_TOTAL,iteracao,dia_turno_curso_cursos_progr_ate_2,180.0,180.0,600.0,14400.0,False,False,alfabetica,,alfabetica,,./dados/2024_1/horarios_2024_1.xlsx,./dados/2024_1/salas_2024_1.csv,./dados/2024_1/salas_preferenciais_2024.1.xlsx,/Users/robertdrey/Documents/workspace/development/alocador_de_salas,resultados/experimentos/2024_1/novas_hibridas/dia_turno_depois_progr_2/melhor_solucao.sol,resultados/experimentos/2024_1/novas_hibridas/dia_turno_depois_progr_2/historico.csv,resultados/experimentos/2024_1/novas_hibridas/dia_turno_depois_progr_2/historico.json,dia_turno_curso -> curso -> par_cursos,progressiva,alfabetica,,alfabetica,,alfabetica,,180.0,1,180.0,600.0,1,0,TEMPO_TOTAL,2,,,,
1,3,91,dia_turno_curso,5_N_EAS,83,14950,80040,OPTIMAL,186018.5,186018.5,False,186018.5,1.68,1.34,600.0,5,N,EAS,alfabetica,,1,dia_turno_curso,3,True,TEMPO_TOTAL,iteracao,dia_turno_curso_cursos_progr_ate_2,180.0,180.0,600.0,14400.0,False,False,alfabetica,,alfabetica,,./dados/2024_1/horarios_2024_1.xlsx,./dados/2024_1/salas_2024_1.csv,./dados/2024_1/salas_preferenciais_2024.1.xlsx,/Users/robertdrey/Documents/workspace/development/alocador_de_salas,resultados/experimentos/2024_1/novas_hibridas/dia_turno_depois_progr_2/melhor_solucao.sol,resultados/experimentos/2024_1/novas_hibridas/dia_turno_depois_progr_2/historico.csv,resultados/experimentos/2024_1/novas_hibridas/dia_turno_depois_progr_2/historico.json,dia_turno_curso -> curso -> par_cursos,progressiva,alfabetica,,alfabetica,,alfabetica,,180.0,1,180.0,600.0,1,0,TEMPO_TOTAL,2,,,,
1,3,92,dia_turno_curso,5_N_FIL,51,10304,84686,OPTIMAL,186018.5,186018.5,False,186018.5,1.67,1.34,600.0,5,N,FIL,alfabetica,,1,dia_turno_curso,3,True,TEMPO_TOTAL,iteracao,dia_turno_curso_cursos_progr_ate_2,180.0,180.0,600.0,14400.0,False,False,alfabetica,,alfabetica,,./dados/2024_1/horarios_2024_1.xlsx,./dados/2024_1/salas_2024_1.csv,./dados/2024_1/salas_preferenciais_2024.1.xlsx,/Users/robertdrey/Documents/workspace/development/alocador_de_salas,resultados/experimentos/2024_1/novas_hibridas/dia_turno_depois_progr_2/melhor_solucao.sol,resultados/experimentos/2024_1/novas_hibridas/dia_turno_depois_progr_2/historico.csv,resultados/experimentos/2024_1/novas_hibridas/dia_turno_depois_progr_2/historico.json,dia_turno_curso -> curso -> par_cursos,progressiva,alfabetica,,alfabetica,,alfabetica,,180.0,1,180.0,600.0,1,0,TEMPO_TOTAL,2,,,,
1,3,93,dia_turno_curso,5_N_GEO,48,9844,85146,OPTIMAL,186018.5,186018.5,False,186018.5,1.78,1.44,600.0,5,N,GEO,alfabetica,,1,dia_turno_curso,3,True,TEMPO_TOTAL,iteracao,dia_turno_curso_cursos_progr_ate_2,180.0,180.0,600.0,14400.0,False,False,alfabetica,,alfabetica,,./dados/2024_1/horarios_2024_1.xlsx,./dados/2024_1/salas_2024_1.csv,./dados/2024_1/salas_preferenciais_2024.1.xlsx,/Users/robertdrey/Documents/workspace/development/alocador_de_salas,resultados/experimentos/2024_1/novas_hibridas/dia_turno_depois_progr_2/melhor_solucao.sol,resultados/experimentos/2024_1/novas_hibridas/dia_turno_depois_progr_2/historico.csv,resultados/experimentos/2024_1/novas_hibridas/dia_turno_depois_progr_2/historico.json,dia_turno_curso -> curso -> par_cursos,progressiva,alfabetica,,alfabetica,,alfabetica,,180.0,1,180.0,600.0,1,0,TEMPO_TOTAL,2,,,,
1,3,94,dia_turno_curso,5_N_HIS,58,11960,83030,OPTIMAL,186018.5,186018.5,False,186018.5,1.85,1.51,600.0,5,N,HIS,alfabetica,,1,dia_turno_curso,3,True,TEMPO_TOTAL,iteracao,dia_turno_curso_cursos_progr_ate_2,180.0,180.0,600.0,14400.0,False,False,alfabetica,,alfabetica,,./dados/2024_1/horarios_2024_1.xlsx,./dados/2024_1/salas_2024_1.csv,./dados/2024_1/salas_preferenciais_2024.1.xlsx,/Users/robertdrey/Documents/workspace/development/alocador_de_salas,resultados/experimentos/2024_1/novas_hibridas/dia_turno_depois_progr_2/melhor_solucao.sol,resultados/experimentos/2024_1/novas_hibridas/dia_turno_depois_progr_2/historico.csv,resultados/experimentos/2024_1/novas_hibridas/dia_turno_depois_progr_2/historico.json,dia_turno_curso -> curso -> par_cursos,progressiva,alfabetica,,alfabetica,,alfabetica,,180.0,1,180.0,600.0,1,0,TEMPO_TOTAL,2,,,,
1,3,95,dia_turno_curso,5_N_LET,68,15962,79028,OPTIMAL,186018.5,186018.5,False,186018.5,4.33,3.98,600.0,5,N,LET,alfabetica,,1,dia_turno_curso,3,True,TEMPO_TOTAL,iteracao,dia_turno_curso_cursos_progr_ate_2,180.0,180.0,600.0,14400.0,False,False,alfabetica,,alfabetica,,./dados/2024_1/horarios_2024_1.xlsx,./dados/2024_1/salas_2024_1.csv,./dados/2024_1/salas_preferenciais_2024.1.xlsx,/Users/robertdrey/Documents/workspace/development/alocador_de_salas,resultados/experimentos/2024_1/novas_hibridas/dia_turno_depois_progr_2/melhor_solucao.sol,resultados/experimentos/2024_1/novas_hibridas/dia_turno_depois_progr_2/historico.csv,resultados/experimentos/2024_1/novas_hibridas/dia_turno_depois_progr_2/historico.json,dia_turno_curso -> curso -> par_cursos,progressiva,alfabetica,,alfabetica,,alfabetica,,180.0,1,180.0,600.0,1,0,TEMPO_TOTAL,2,,,,
1,3,96,dia_turno_curso,5_N_MAT,58,12328,82662,OPTIMAL,186018.5,186018.5,False,186018.5,2.05,1.68,600.0,5,N,MAT,alfabetica,,1,dia_turno_curso,3,True,TEMPO_TOTAL,iteracao,dia_turno_curso_cursos_progr_ate_2,180.0,180.0,600.0,14400.0,False,False,alfabetica,,alfabetica,,./dados/2024_1/horarios_2024_1.xlsx,./dados/2024_1/salas_2024_1.csv,./dados/2024_1/salas_preferenciais_2024.1.xlsx,/Users/robertdrey/Documents/workspace/development/alocador_de_salas,resultados/experimentos/2024_1/novas_hibridas/dia_turno_depois_progr_2/melhor_solucao.sol,resultados/experimentos/2024_1/novas_hibridas/dia_turno_depois_progr_2/historico.csv,resultados/experimentos/2024_1/novas_hibridas/dia_turno_depois_progr_2/historico.json,dia_turno_curso -> curso -> par_cursos,progressiva,alfabetica,,alfabetica,,alfabetica,,180.0,1,180.0,600.0,1,0,TEMPO_TOTAL,2,,,,
1,3,97,dia_turno_curso,5_N_MED,78,16928,78062,OPTIMAL,186018.5,186018.5,False,186018.5,2.81,2.47,600.0,5,N,MED,alfabetica,,1,dia_turno_curso,3,True,TEMPO_TOTAL,iteracao,dia_turno_curso_cursos_progr_ate_2,180.0,180.0,600.0,14400.0,False,False,alfabetica,,alfabetica,,./dados/2024_1/horarios_2024_1.xlsx,./dados/2024_1/salas_2024_1.csv,./dados/2024_1/salas_preferenciais_2024.1.xlsx,/Users/robertdrey/Documents/workspace/development/alocador_de_salas,resultados/experimentos/2024_1/novas_hibridas/dia_turno_depois_progr_2/melhor_solucao.sol,resultados/experimentos/2024_1/novas_hibridas/dia_turno_depois_progr_2/historico.csv,resultados/experimentos/2024_1/novas_hibridas/dia_turno_depois_progr_2/historico.json,dia_turno_curso -> curso -> par_cursos,progressiva,alfabetica,,alfabetica,,alfabetica,,180.0,1,180.0,600.0,1,0,TEMPO_TOTAL,2,,,,
1,3,98,dia_turno_curso,5_N_PED,90,19780,75210,OPTIMAL,186018.5,186018.5,False,186018.5,32.97,32.6,600.0,5,N,PED,alfabetica,,1,dia_turno_curso,3,True,TEMPO_TOTAL,iteracao,dia_turno_curso_cursos_progr_ate_2,180.0,180.0,600.0,14400.0,False,False,alfabetica,,alfabetica,,./dados/2024_1/horarios_2024_1.xlsx,./dados/2024_1/salas_2024_1.csv,./dados/2024_1/salas_preferenciais_2024.1.xlsx,/Users/robertdrey/Documents/workspace/development/alocador_de_salas,resultados/experimentos/2024_1/novas_hibridas/dia_turno_depois_progr_2/melhor_solucao.sol,resultados/experimentos/2024_1/novas_hibridas/dia_turno_depois_progr_2/historico.csv,resultados/experimentos/2024_1/novas_hibridas/dia_turno_depois_progr_2/historico.json,dia_turno_curso -> curso -> par_cursos,progressiva,alfabetica,,alfabetica,,alfabetica,,180.0,1,180.0,600.0,1,0,TEMPO_TOTAL,2,,,,
1,3,99,dia_turno_curso,6_M_ADM,74,15226,79764,OPTIMAL,186018.5,186018.5,False,186018.5,2.11,1.74,600.0,6,M,ADM,alfabetica,,1,dia_turno_curso,3,True,TEMPO_TOTAL,iteracao,dia_turno_curso_cursos_progr_ate_2,180.0,180.0,600.0,14400.0,False,False,alfabetica,,alfabetica,,./dados/2024_1/horarios_2024_1.xlsx,./dados/2024_1/salas_2024_1.csv,./dados/2024_1/salas_preferenciais_2024.1.xlsx,/Users/robertdrey/Documents/workspace/development/alocador_de_salas,resultados/experimentos/2024_1/novas_hibridas/dia_turno_depois_progr_2/melhor_solucao.sol,resultados/experimentos/2024_1/novas_hibridas/dia_turno_depois_progr_2/historico.csv,resultados/experimentos/2024_1/novas_hibridas/dia_turno_depois_progr_2/historico.json,dia_turno_curso -> curso -> par_cursos,progressiva,alfabetica,,alfabetica,,alfabetica,,180.0,1,180.0,600.0,1,0,TEMPO_TOTAL,2,,,,
1,3,100,dia_turno_curso,6_M_AGRO,76,14168,80822,OPTIMAL,186018.5,186018.5,False,186018.5,5.01,4.67,600.0,6,M,AGRO,alfabetica,,1,dia_turno_curso,3,True,TEMPO_TOTAL,iteracao,dia_turno_curso_cursos_progr_ate_2,180.0,180.0,600.0,14400.0,False,False,alfabetica,,alfabetica,,./dados/2024_1/horarios_2024_1.xlsx,./dados/2024_1/salas_2024_1.csv,./dados/2024_1/salas_preferenciais_2024.1.xlsx,/Users/robertdrey/Documents/workspace/development/alocador_de_salas,resultados/experimentos/2024_1/novas_hibridas/dia_turno_depois_progr_2/melhor_solucao.sol,resultados/experimentos/2024_1/novas_hibridas/dia_turno_depois_progr_2/historico.csv,resultados/experimentos/2024_1/novas_hibridas/dia_turno_depois_progr_2/historico.json,dia_turno_curso -> curso -> par_cursos,progressiva,alfabetica,,alfabetica,,alfabetica,,180.0,1,180.0,600.0,1,0,TEMPO_TOTAL,2,,,,
1,3,101,dia_turno_curso,6_M_EAS,69,13294,81696,OPTIMAL,186018.5,186018.5,False,186018.5,2.53,2.19,600.0,6,M,EAS,alfabetica,,1,dia_turno_curso,3,True,TEMPO_TOTAL,iteracao,dia_turno_curso_cursos_progr_ate_2,180.0,180.0,600.0,14400.0,False,False,alfabetica,,alfabetica,,./dados/2024_1/horarios_2024_1.xlsx,./dados/2024_1/salas_2024_1.csv,./dados/2024_1/salas_preferenciais_2024.1.xlsx,/Users/robertdrey/Documents/workspace/development/alocador_de_salas,resultados/experimentos/2024_1/novas_hibridas/dia_turno_depois_progr_2/melhor_solucao.sol,resultados/experimentos/2024_1/novas_hibridas/dia_turno_depois_progr_2/historico.csv,resultados/experimentos/2024_1/novas_hibridas/dia_turno_depois_progr_2/historico.json,dia_turno_curso -> curso -> par_cursos,progressiva,alfabetica,,alfabetica,,alfabetica,,180.0,1,180.0,600.0,1,0,TEMPO_TOTAL,2,,,,
1,3,102,dia_turno_curso,6_M_MED,69,15778,79212,OPTIMAL,186018.5,186018.5,False,186018.5,2.93,2.59,600.0,6,M,MED,alfabetica,,1,dia_turno_curso,3,True,TEMPO_TOTAL,iteracao,dia_turno_curso_cursos_progr_ate_2,180.0,180.0,600.0,14400.0,False,False,alfabetica,,alfabetica,,./dados/2024_1/horarios_2024_1.xlsx,./dados/2024_1/salas_2024_1.csv,./dados/2024_1/salas_preferenciais_2024.1.xlsx,/Users/robertdrey/Documents/workspace/development/alocador_de_salas,resultados/experimentos/2024_1/novas_hibridas/dia_turno_depois_progr_2/melhor_solucao.sol,resultados/experimentos/2024_1/novas_hibridas/dia_turno_depois_progr_2/historico.csv,resultados/experimentos/2024_1/novas_hibridas/dia_turno_depois_progr_2/historico.json,dia_turno_curso -> curso -> par_cursos,progressiva,alfabetica,,alfabetica,,alfabetica,,180.0,1,180.0,600.0,1,0,TEMPO_TOTAL,2,,,,
1,3,103,dia_turno_curso,6_M_PED,81,18078,76912,OPTIMAL,186018.5,186018.5,False,186018.5,42.83,42.48,600.0,6,M,PED,alfabetica,,1,dia_turno_curso,3,True,TEMPO_TOTAL,iteracao,dia_turno_curso_cursos_progr_ate_2,180.0,180.0,600.0,14400.0,False,False,alfabetica,,alfabetica,,./dados/2024_1/horarios_2024_1.xlsx,./dados/2024_1/salas_2024_1.csv,./dados/2024_1/salas_preferenciais_2024.1.xlsx,/Users/robertdrey/Documents/workspace/development/alocador_de_salas,resultados/experimentos/2024_1/novas_hibridas/dia_turno_depois_progr_2/melhor_solucao.sol,resultados/experimentos/2024_1/novas_hibridas/dia_turno_depois_progr_2/historico.csv,resultados/experimentos/2024_1/novas_hibridas/dia_turno_depois_progr_2/historico.json,dia_turno_curso -> curso -> par_cursos,progressiva,alfabetica,,alfabetica,,alfabetica,,180.0,1,180.0,600.0,1,0,TEMPO_TOTAL,2,,,,
1,3,104,dia_turno_curso,6_T_AGRO,79,20102,74888,OPTIMAL,186018.5,186018.5,False,186018.5,7.0,6.67,600.0,6,T,AGRO,alfabetica,,1,dia_turno_curso,3,True,TEMPO_TOTAL,iteracao,dia_turno_curso_cursos_progr_ate_2,180.0,180.0,600.0,14400.0,False,False,alfabetica,,alfabetica,,./dados/2024_1/horarios_2024_1.xlsx,./dados/2024_1/salas_2024_1.csv,./dados/2024_1/salas_preferenciais_2024.1.xlsx,/Users/robertdrey/Documents/workspace/development/alocador_de_salas,resultados/experimentos/2024_1/novas_hibridas/dia_turno_depois_progr_2/melhor_solucao.sol,resultados/experimentos/2024_1/novas_hibridas/dia_turno_depois_progr_2/historico.csv,resultados/experimentos/2024_1/novas_hibridas/dia_turno_depois_progr_2/historico.json,dia_turno_curso -> curso -> par_cursos,progressiva,alfabetica,,alfabetica,,alfabetica,,180.0,1,180.0,600.0,1,0,TEMPO_TOTAL,2,,,,
1,3,105,dia_turno_curso,6_T_CC,68,20102,74888,OPTIMAL,186018.5,186018.5,False,186018.5,56.59,56.27,600.0,6,T,CC,alfabetica,,1,dia_turno_curso,3,True,TEMPO_TOTAL,iteracao,dia_turno_curso_cursos_progr_ate_2,180.0,180.0,600.0,14400.0,False,False,alfabetica,,alfabetica,,./dados/2024_1/horarios_2024_1.xlsx,./dados/2024_1/salas_2024_1.csv,./dados/2024_1/salas_preferenciais_2024.1.xlsx,/Users/robertdrey/Documents/workspace/development/alocador_de_salas,resultados/experimentos/2024_1/novas_hibridas/dia_turno_depois_progr_2/melhor_solucao.sol,resultados/experimentos/2024_1/novas_hibridas/dia_turno_depois_progr_2/historico.csv,resultados/experimentos/2024_1/novas_hibridas/dia_turno_depois_progr_2/historico.json,dia_turno_curso -> curso -> par_cursos,progressiva,alfabetica,,alfabetica,,alfabetica,,180.0,1,180.0,600.0,1,0,TEMPO_TOTAL,2,,,,
1,3,106,dia_turno_curso,6_T_EAS,71,18124,76866,OPTIMAL,186018.5,186018.5,False,186018.5,1.1,0.79,600.0,6,T,EAS,alfabetica,,1,dia_turno_curso,3,True,TEMPO_TOTAL,iteracao,dia_turno_curso_cursos_progr_ate_2,180.0,180.0,600.0,14400.0,False,False,alfabetica,,alfabetica,,./dados/2024_1/horarios_2024_1.xlsx,./dados/2024_1/salas_2024_1.csv,./dados/2024_1/salas_preferenciais_2024.1.xlsx,/Users/robertdrey/Documents/workspace/development/alocador_de_salas,resultados/experimentos/2024_1/novas_hibridas/dia_turno_depois_progr_2/melhor_solucao.sol,resultados/experimentos/2024_1/novas_hibridas/dia_turno_depois_progr_2/historico.csv,resultados/experimentos/2024_1/novas_hibridas/dia_turno_depois_progr_2/historico.json,dia_turno_curso -> curso -> par_cursos,progressiva,alfabetica,,alfabetica,,alfabetica,,180.0,1,180.0,600.0,1,0,TEMPO_TOTAL,2,,,,
1,3,107,dia_turno_curso,6_T_ENF,43,15364,79626,OPTIMAL,186018.5,186018.5,False,186018.5,5.06,4.73,600.0,6,T,ENF,alfabetica,,1,dia_turno_curso,3,True,TEMPO_TOTAL,iteracao,dia_turno_curso_cursos_progr_ate_2,180.0,180.0,600.0,14400.0,False,False,alfabetica,,alfabetica,,./dados/2024_1/horarios_2024_1.xlsx,./dados/2024_1/salas_2024_1.csv,./dados/2024_1/salas_preferenciais_2024.1.xlsx,/Users/robertdrey/Documents/workspace/development/alocador_de_salas,resultados/experimentos/2024_1/novas_hibridas/dia_turno_depois_progr_2/melhor_solucao.sol,resultados/experimentos/2024_1/novas_hibridas/dia_turno_depois_progr_2/historico.csv,resultados/experimentos/2024_1/novas_hibridas/dia_turno_depois_progr_2/historico.json,dia_turno_curso -> curso -> par_cursos,progressiva,alfabetica,,alfabetica,,alfabetica,,180.0,1,180.0,600.0,1,0,TEMPO_TOTAL,2,,,,
1,3,108,dia_turno_curso,6_T_LET,63,18998,75992,OPTIMAL,186018.5,186018.5,False,186018.5,2.57,2.2,600.0,6,T,LET,alfabetica,,1,dia_turno_curso,3,True,TEMPO_TOTAL,iteracao,dia_turno_curso_cursos_progr_ate_2,180.0,180.0,600.0,14400.0,False,False,alfabetica,,alfabetica,,./dados/2024_1/horarios_2024_1.xlsx,./dados/2024_1/salas_2024_1.csv,./dados/2024_1/salas_preferenciais_2024.1.xlsx,/Users/robertdrey/Documents/workspace/development/alocador_de_salas,resultados/experimentos/2024_1/novas_hibridas/dia_turno_depois_progr_2/melhor_solucao.sol,resultados/experimentos/2024_1/novas_hibridas/dia_turno_depois_progr_2/historico.csv,resultados/experimentos/2024_1/novas_hibridas/dia_turno_depois_progr_2/historico.json,dia_turno_curso -> curso -> par_cursos,progressiva,alfabetica,,alfabetica,,alfabetica,,180.0,1,180.0,600.0,1,0,TEMPO_TOTAL,2,,,,
1,3,109,dia_turno_curso,6_T_MED,64,19274,75716,OPTIMAL,186018.5,186018.5,False,186018.5,2.65,2.28,600.0,6,T,MED,alfabetica,,1,dia_turno_curso,3,True,TEMPO_TOTAL,iteracao,dia_turno_curso_cursos_progr_ate_2,180.0,180.0,600.0,14400.0,False,False,alfabetica,,alfabetica,,./dados/2024_1/horarios_2024_1.xlsx,./dados/2024_1/salas_2024_1.csv,./dados/2024_1/salas_preferenciais_2024.1.xlsx,/Users/robertdrey/Documents/workspace/development/alocador_de_salas,resultados/experimentos/2024_1/novas_hibridas/dia_turno_depois_progr_2/melhor_solucao.sol,resultados/experimentos/2024_1/novas_hibridas/dia_turno_depois_progr_2/historico.csv,resultados/experimentos/2024_1/novas_hibridas/dia_turno_depois_progr_2/historico.json,dia_turno_curso -> curso -> par_cursos,progressiva,alfabetica,,alfabetica,,alfabetica,,180.0,1,180.0,600.0,1,0,TEMPO_TOTAL,2,,,,
1,3,110,dia_turno_curso,6_N_ADM,83,17158,77832,OPTIMAL,186018.5,186018.5,False,186018.5,2.96,2.61,600.0,6,N,ADM,alfabetica,,1,dia_turno_curso,3,True,TEMPO_TOTAL,iteracao,dia_turno_curso_cursos_progr_ate_2,180.0,180.0,600.0,14400.0,False,False,alfabetica,,alfabetica,,./dados/2024_1/horarios_2024_1.xlsx,./dados/2024_1/salas_2024_1.csv,./dados/2024_1/salas_preferenciais_2024.1.xlsx,/Users/robertdrey/Documents/workspace/development/alocador_de_salas,resultados/experimentos/2024_1/novas_hibridas/dia_turno_depois_progr_2/melhor_solucao.sol,resultados/experimentos/2024_1/novas_hibridas/dia_turno_depois_progr_2/historico.csv,resultados/experimentos/2024_1/novas_hibridas/dia_turno_depois_progr_2/historico.json,dia_turno_curso -> curso -> par_cursos,progressiva,alfabetica,,alfabetica,,alfabetica,,180.0,1,180.0,600.0,1,0,TEMPO_TOTAL,2,,,,
1,3,111,dia_turno_curso,6_N_AGRO,89,16422,78568,OPTIMAL,186018.5,186018.5,False,186018.5,5.2,4.86,600.0,6,N,AGRO,alfabetica,,1,dia_turno_curso,3,True,TEMPO_TOTAL,iteracao,dia_turno_curso_cursos_progr_ate_2,180.0,180.0,600.0,14400.0,False,False,alfabetica,,alfabetica,,./dados/2024_1/horarios_2024_1.xlsx,./dados/2024_1/salas_2024_1.csv,./dados/2024_1/salas_preferenciais_2024.1.xlsx,/Users/robertdrey/Documents/workspace/development/alocador_de_salas,resultados/experimentos/2024_1/novas_hibridas/dia_turno_depois_progr_2/melhor_solucao.sol,resultados/experimentos/2024_1/novas_hibridas/dia_turno_depois_progr_2/historico.csv,resultados/experimentos/2024_1/novas_hibridas/dia_turno_depois_progr_2/historico.json,dia_turno_curso -> curso -> par_cursos,progressiva,alfabetica,,alfabetica,,alfabetica,,180.0,1,180.0,600.0,1,0,TEMPO_TOTAL,2,,,,
1,3,112,dia_turno_curso,6_N_CC,82,18400,76590,OPTIMAL,186018.5,186018.5,False,186018.5,11.34,11.0,600.0,6,N,CC,alfabetica,,1,dia_turno_curso,3,True,TEMPO_TOTAL,iteracao,dia_turno_curso_cursos_progr_ate_2,180.0,180.0,600.0,14400.0,False,False,alfabetica,,alfabetica,,./dados/2024_1/horarios_2024_1.xlsx,./dados/2024_1/salas_2024_1.csv,./dados/2024_1/salas_preferenciais_2024.1.xlsx,/Users/robertdrey/Documents/workspace/development/alocador_de_salas,resultados/experimentos/2024_1/novas_hibridas/dia_turno_depois_progr_2/melhor_solucao.sol,resultados/experimentos/2024_1/novas_hibridas/dia_turno_depois_progr_2/historico.csv,resultados/experimentos/2024_1/novas_hibridas/dia_turno_depois_progr_2/historico.json,dia_turno_curso -> curso -> par_cursos,progressiva,alfabetica,,alfabetica,,alfabetica,,180.0,1,180.0,600.0,1,0,TEMPO_TOTAL,2,,,,
1,3,113,dia_turno_curso,6_N_CS,57,12420,82570,OPTIMAL,186018.5,186018.5,False,186018.5,1.87,1.53,600.0,6,N,CS,alfabetica,,1,dia_turno_curso,3,True,TEMPO_TOTAL,iteracao,dia_turno_curso_cursos_progr_ate_2,180.0,180.0,600.0,14400.0,False,False,alfabetica,,alfabetica,,./dados/2024_1/horarios_2024_1.xlsx,./dados/2024_1/salas_2024_1.csv,./dados/2024_1/salas_preferenciais_2024.1.xlsx,/Users/robertdrey/Documents/workspace/development/alocador_de_salas,resultados/experimentos/2024_1/novas_hibridas/dia_turno_depois_progr_2/melhor_solucao.sol,resultados/experimentos/2024_1/novas_hibridas/dia_turno_depois_progr_2/historico.csv,resultados/experimentos/2024_1/novas_hibridas/dia_turno_depois_progr_2/historico.json,dia_turno_curso -> curso -> par_cursos,progressiva,alfabetica,,alfabetica,,alfabetica,,180.0,1,180.0,600.0,1,0,TEMPO_TOTAL,2,,,,
1,3,114,dia_turno_curso,6_N_EAS,83,15456,79534,OPTIMAL,186018.5,186018.5,False,186018.5,1.82,1.5,600.0,6,N,EAS,alfabetica,,1,dia_turno_curso,3,True,TEMPO_TOTAL,iteracao,dia_turno_curso_cursos_progr_ate_2,180.0,180.0,600.0,14400.0,False,False,alfabetica,,alfabetica,,./dados/2024_1/horarios_2024_1.xlsx,./dados/2024_1/salas_2024_1.csv,./dados/2024_1/salas_preferenciais_2024.1.xlsx,/Users/robertdrey/Documents/workspace/development/alocador_de_salas,resultados/experimentos/2024_1/novas_hibridas/dia_turno_depois_progr_2/melhor_solucao.sol,resultados/experimentos/2024_1/novas_hibridas/dia_turno_depois_progr_2/historico.csv,resultados/experimentos/2024_1/novas_hibridas/dia_turno_depois_progr_2/historico.json,dia_turno_curso -> curso -> par_cursos,progressiva,alfabetica,,alfabetica,,alfabetica,,180.0,1,180.0,600.0,1,0,TEMPO_TOTAL,2,,,,
1,3,115,dia_turno_curso,6_N_FIL,51,10810,84180,OPTIMAL,186018.5,186018.5,False,186018.5,1.84,1.52,600.0,6,N,FIL,alfabetica,,1,dia_turno_curso,3,True,TEMPO_TOTAL,iteracao,dia_turno_curso_cursos_progr_ate_2,180.0,180.0,600.0,14400.0,False,False,alfabetica,,alfabetica,,./dados/2024_1/horarios_2024_1.xlsx,./dados/2024_1/salas_2024_1.csv,./dados/2024_1/salas_preferenciais_2024.1.xlsx,/Users/robertdrey/Documents/workspace/development/alocador_de_salas,resultados/experimentos/2024_1/novas_hibridas/dia_turno_depois_progr_2/melhor_solucao.sol,resultados/experimentos/2024_1/novas_hibridas/dia_turno_depois_progr_2/historico.csv,resultados/experimentos/2024_1/novas_hibridas/dia_turno_depois_progr_2/historico.json,dia_turno_curso -> curso -> par_cursos,progressiva,alfabetica,,alfabetica,,alfabetica,,180.0,1,180.0,600.0,1,0,TEMPO_TOTAL,2,,,,
1,3,116,dia_turno_curso,6_N_GEO,47,10304,84686,OPTIMAL,186018.5,186018.5,False,186018.5,1.59,1.24,600.0,6,N,GEO,alfabetica,,1,dia_turno_curso,3,True,TEMPO_TOTAL,iteracao,dia_turno_curso_cursos_progr_ate_2,180.0,180.0,600.0,14400.0,False,False,alfabetica,,alfabetica,,./dados/2024_1/horarios_2024_1.xlsx,./dados/2024_1/salas_2024_1.csv,./dados/2024_1/salas_preferenciais_2024.1.xlsx,/Users/robertdrey/Documents/workspace/development/alocador_de_salas,resultados/experimentos/2024_1/novas_hibridas/dia_turno_depois_progr_2/melhor_solucao.sol,resultados/experimentos/2024_1/novas_hibridas/dia_turno_depois_progr_2/historico.csv,resultados/experimentos/2024_1/novas_hibridas/dia_turno_depois_progr_2/historico.json,dia_turno_curso -> curso -> par_cursos,progressiva,alfabetica,,alfabetica,,alfabetica,,180.0,1,180.0,600.0,1,0,TEMPO_TOTAL,2,,,,
1,3,117,dia_turno_curso,6_N_HIS,59,12650,82340,OPTIMAL,186018.5,186018.5,False,186018.5,1.78,1.45,600.0,6,N,HIS,alfabetica,,1,dia_turno_curso,3,True,TEMPO_TOTAL,iteracao,dia_turno_curso_cursos_progr_ate_2,180.0,180.0,600.0,14400.0,False,False,alfabetica,,alfabetica,,./dados/2024_1/horarios_2024_1.xlsx,./dados/2024_1/salas_2024_1.csv,./dados/2024_1/salas_preferenciais_2024.1.xlsx,/Users/robertdrey/Documents/workspace/development/alocador_de_salas,resultados/experimentos/2024_1/novas_hibridas/dia_turno_depois_progr_2/melhor_solucao.sol,resultados/experimentos/2024_1/novas_hibridas/dia_turno_depois_progr_2/historico.csv,resultados/experimentos/2024_1/novas_hibridas/dia_turno_depois_progr_2/historico.json,dia_turno_curso -> curso -> par_cursos,progressiva,alfabetica,,alfabetica,,alfabetica,,180.0,1,180.0,600.0,1,0,TEMPO_TOTAL,2,,,,
1,3,118,dia_turno_curso,6_N_LET,69,16376,78614,OPTIMAL,186018.5,186018.5,False,186018.5,4.88,4.53,600.0,6,N,LET,alfabetica,,1,dia_turno_curso,3,True,TEMPO_TOTAL,iteracao,dia_turno_curso_cursos_progr_ate_2,180.0,180.0,600.0,14400.0,False,False,alfabetica,,alfabetica,,./dados/2024_1/horarios_2024_1.xlsx,./dados/2024_1/salas_2024_1.csv,./dados/2024_1/salas_preferenciais_2024.1.xlsx,/Users/robertdrey/Documents/workspace/development/alocador_de_salas,resultados/experimentos/2024_1/novas_hibridas/dia_turno_depois_progr_2/melhor_solucao.sol,resultados/experimentos/2024_1/novas_hibridas/dia_turno_depois_progr_2/historico.csv,resultados/experimentos/2024_1/novas_hibridas/dia_turno_depois_progr_2/historico.json,dia_turno_curso -> curso -> par_cursos,progressiva,alfabetica,,alfabetica,,alfabetica,,180.0,1,180.0,600.0,1,0,TEMPO_TOTAL,2,,,,
1,3,119,dia_turno_curso,6_N_MAT,58,12834,82156,OPTIMAL,186018.5,186018.5,False,186018.5,2.02,1.66,600.0,6,N,MAT,alfabetica,,1,dia_turno_curso,3,True,TEMPO_TOTAL,iteracao,dia_turno_curso_cursos_progr_ate_2,180.0,180.0,600.0,14400.0,False,False,alfabetica,,alfabetica,,./dados/2024_1/horarios_2024_1.xlsx,./dados/2024_1/salas_2024_1.csv,./dados/2024_1/salas_preferenciais_2024.1.xlsx,/Users/robertdrey/Documents/workspace/development/alocador_de_salas,resultados/experimentos/2024_1/novas_hibridas/dia_turno_depois_progr_2/melhor_solucao.sol,resultados/experimentos/2024_1/novas_hibridas/dia_turno_depois_progr_2/historico.csv,resultados/experimentos/2024_1/novas_hibridas/dia_turno_depois_progr_2/historico.json,dia_turno_curso -> curso -> par_cursos,progressiva,alfabetica,,alfabetica,,alfabetica,,180.0,1,180.0,600.0,1,0,TEMPO_TOTAL,2,,,,
1,3,120,dia_turno_curso,6_N_PED,89,20286,74704,OPTIMAL,186018.5,186018.5,False,186018.5,69.36,69.01,600.0,6,N,PED,alfabetica,,1,dia_turno_curso,3,True,TEMPO_TOTAL,iteracao,dia_turno_curso_cursos_progr_ate_2,180.0,180.0,600.0,14400.0,False,False,alfabetica,,alfabetica,,./dados/2024_1/horarios_2024_1.xlsx,./dados/2024_1/salas_2024_1.csv,./dados/2024_1/salas_preferenciais_2024.1.xlsx,/Users/robertdrey/Documents/workspace/development/alocador_de_salas,resultados/experimentos/2024_1/novas_hibridas/dia_turno_depois_progr_2/melhor_solucao.sol,resultados/experimentos/2024_1/novas_hibridas/dia_turno_depois_progr_2/historico.csv,resultados/experimentos/2024_1/novas_hibridas/dia_turno_depois_progr_2/historico.json,dia_turno_curso -> curso -> par_cursos,progressiva,alfabetica,,alfabetica,,alfabetica,,180.0,1,180.0,600.0,1,0,TEMPO_TOTAL,2,,,,
1,3,121,dia_turno_curso,7_M_AGRO,68,15870,79120,OPTIMAL,186018.5,186018.5,False,186018.5,3.84,3.5,600.0,7,M,AGRO,alfabetica,,1,dia_turno_curso,3,True,TEMPO_TOTAL,iteracao,dia_turno_curso_cursos_progr_ate_2,180.0,180.0,600.0,14400.0,False,False,alfabetica,,alfabetica,,./dados/2024_1/horarios_2024_1.xlsx,./dados/2024_1/salas_2024_1.csv,./dados/2024_1/salas_preferenciais_2024.1.xlsx,/Users/robertdrey/Documents/workspace/development/alocador_de_salas,resultados/experimentos/2024_1/novas_hibridas/dia_turno_depois_progr_2/melhor_solucao.sol,resultados/experimentos/2024_1/novas_hibridas/dia_turno_depois_progr_2/historico.csv,resultados/experimentos/2024_1/novas_hibridas/dia_turno_depois_progr_2/historico.json,dia_turno_curso -> curso -> par_cursos,progressiva,alfabetica,,alfabetica,,alfabetica,,180.0,1,180.0,600.0,1,0,TEMPO_TOTAL,2,,,,
1,3,122,dia_turno_curso,7_M_CC,63,17480,77510,OPTIMAL,186018.5,186018.5,False,186018.5,56.62,56.27,600.0,7,M,CC,alfabetica,,1,dia_turno_curso,3,True,TEMPO_TOTAL,iteracao,dia_turno_curso_cursos_progr_ate_2,180.0,180.0,600.0,14400.0,False,False,alfabetica,,alfabetica,,./dados/2024_1/horarios_2024_1.xlsx,./dados/2024_1/salas_2024_1.csv,./dados/2024_1/salas_preferenciais_2024.1.xlsx,/Users/robertdrey/Documents/workspace/development/alocador_de_salas,resultados/experimentos/2024_1/novas_hibridas/dia_turno_depois_progr_2/melhor_solucao.sol,resultados/experimentos/2024_1/novas_hibridas/dia_turno_depois_progr_2/historico.csv,resultados/experimentos/2024_1/novas_hibridas/dia_turno_depois_progr_2/historico.json,dia_turno_curso -> curso -> par_cursos,progressiva,alfabetica,,alfabetica,,alfabetica,,180.0,1,180.0,600.0,1,0,TEMPO_TOTAL,2,,,,
1,3,123,dia_turno_curso,7_M_CS,40,12742,82248,OPTIMAL,186018.5,186018.5,False,186018.5,1.11,0.79,600.0,7,M,CS,alfabetica,,1,dia_turno_curso,3,True,TEMPO_TOTAL,iteracao,dia_turno_curso_cursos_progr_ate_2,180.0,180.0,600.0,14400.0,False,False,alfabetica,,alfabetica,,./dados/2024_1/horarios_2024_1.xlsx,./dados/2024_1/salas_2024_1.csv,./dados/2024_1/salas_preferenciais_2024.1.xlsx,/Users/robertdrey/Documents/workspace/development/alocador_de_salas,resultados/experimentos/2024_1/novas_hibridas/dia_turno_depois_progr_2/melhor_solucao.sol,resultados/experimentos/2024_1/novas_hibridas/dia_turno_depois_progr_2/historico.csv,resultados/experimentos/2024_1/novas_hibridas/dia_turno_depois_progr_2/historico.json,dia_turno_curso -> curso -> par_cursos,progressiva,alfabetica,,alfabetica,,alfabetica,,180.0,1,180.0,600.0,1,0,TEMPO_TOTAL,2,,,,
1,3,124,dia_turno_curso,7_M_GEO,28,10258,84732,OPTIMAL,186018.5,186018.5,False,186018.5,0.91,0.6,600.0,7,M,GEO,alfabetica,,1,dia_turno_curso,3,True,TEMPO_TOTAL,iteracao,dia_turno_curso_cursos_progr_ate_2,180.0,180.0,600.0,14400.0,False,False,alfabetica,,alfabetica,,./dados/2024_1/horarios_2024_1.xlsx,./dados/2024_1/salas_2024_1.csv,./dados/2024_1/salas_preferenciais_2024.1.xlsx,/Users/robertdrey/Documents/workspace/development/alocador_de_salas,resultados/experimentos/2024_1/novas_hibridas/dia_turno_depois_progr_2/melhor_solucao.sol,resultados/experimentos/2024_1/novas_hibridas/dia_turno_depois_progr_2/historico.csv,resultados/experimentos/2024_1/novas_hibridas/dia_turno_depois_progr_2/historico.json,dia_turno_curso -> curso -> par_cursos,progressiva,alfabetica,,alfabetica,,alfabetica,,180.0,1,180.0,600.0,1,0,TEMPO_TOTAL,2,,,,
1,3,125,dia_turno_curso,7_M_HIS,41,12420,82570,OPTIMAL,186018.5,186018.5,False,186018.5,1.02,0.7,600.0,7,M,HIS,alfabetica,,1,dia_turno_curso,3,True,TEMPO_TOTAL,iteracao,dia_turno_curso_cursos_progr_ate_2,180.0,180.0,600.0,14400.0,False,False,alfabetica,,alfabetica,,./dados/2024_1/horarios_2024_1.xlsx,./dados/2024_1/salas_2024_1.csv,./dados/2024_1/salas_preferenciais_2024.1.xlsx,/Users/robertdrey/Documents/workspace/development/alocador_de_salas,resultados/experimentos/2024_1/novas_hibridas/dia_turno_depois_progr_2/melhor_solucao.sol,resultados/experimentos/2024_1/novas_hibridas/dia_turno_depois_progr_2/historico.csv,resultados/experimentos/2024_1/novas_hibridas/dia_turno_depois_progr_2/historico.json,dia_turno_curso -> curso -> par_cursos,progressiva,alfabetica,,alfabetica,,alfabetica,,180.0,1,180.0,600.0,1,0,TEMPO_TOTAL,2,,,,
1,3,126,dia_turno_curso,7_M_MAT,40,12604,82386,OPTIMAL,186018.5,186018.5,False,186018.5,1.14,0.82,600.0,7,M,MAT,alfabetica,,1,dia_turno_curso,3,True,TEMPO_TOTAL,iteracao,dia_turno_curso_cursos_progr_ate_2,180.0,180.0,600.0,14400.0,False,False,alfabetica,,alfabetica,,./dados/2024_1/horarios_2024_1.xlsx,./dados/2024_1/salas_2024_1.csv,./dados/2024_1/salas_preferenciais_2024.1.xlsx,/Users/robertdrey/Documents/workspace/development/alocador_de_salas,resultados/experimentos/2024_1/novas_hibridas/dia_turno_depois_progr_2/melhor_solucao.sol,resultados/experimentos/2024_1/novas_hibridas/dia_turno_depois_progr_2/historico.csv,resultados/experimentos/2024_1/novas_hibridas/dia_turno_depois_progr_2/historico.json,dia_turno_curso -> curso -> par_cursos,progressiva,alfabetica,,alfabetica,,alfabetica,,180.0,1,180.0,600.0,1,0,TEMPO_TOTAL,2,,,,
1,3,127,dia_turno_curso,7_M_MED,59,17480,77510,OPTIMAL,186018.5,186018.5,False,186018.5,2.21,1.87,600.0,7,M,MED,alfabetica,,1,dia_turno_curso,3,True,TEMPO_TOTAL,iteracao,dia_turno_curso_cursos_progr_ate_2,180.0,180.0,600.0,14400.0,False,False,alfabetica,,alfabetica,,./dados/2024_1/horarios_2024_1.xlsx,./dados/2024_1/salas_2024_1.csv,./dados/2024_1/salas_preferenciais_2024.1.xlsx,/Users/robertdrey/Documents/workspace/development/alocador_de_salas,resultados/experimentos/2024_1/novas_hibridas/dia_turno_depois_progr_2/melhor_solucao.sol,resultados/experimentos/2024_1/novas_hibridas/dia_turno_depois_progr_2/historico.csv,resultados/experimentos/2024_1/novas_hibridas/dia_turno_depois_progr_2/historico.json,dia_turno_curso -> curso -> par_cursos,progressiva,alfabetica,,alfabetica,,alfabetica,,180.0,1,180.0,600.0,1,0,TEMPO_TOTAL,2,,,,
1,3,128,dia_turno_curso,7_M_PED,68,17572,77418,OPTIMAL,186018.5,186018.5,False,186018.5,21.71,21.35,600.0,7,M,PED,alfabetica,,1,dia_turno_curso,3,True,TEMPO_TOTAL,iteracao,dia_turno_curso_cursos_progr_ate_2,180.0,180.0,600.0,14400.0,False,False,alfabetica,,alfabetica,,./dados/2024_1/horarios_2024_1.xlsx,./dados/2024_1/salas_2024_1.csv,./dados/2024_1/salas_preferenciais_2024.1.xlsx,/Users/robertdrey/Documents/workspace/development/alocador_de_salas,resultados/experimentos/2024_1/novas_hibridas/dia_turno_depois_progr_2/melhor_solucao.sol,resultados/experimentos/2024_1/novas_hibridas/dia_turno_depois_progr_2/historico.csv,resultados/experimentos/2024_1/novas_hibridas/dia_turno_depois_progr_2/historico.json,dia_turno_curso -> curso -> par_cursos,progressiva,alfabetica,,alfabetica,,alfabetica,,180.0,1,180.0,600.0,1,0,TEMPO_TOTAL,2,,,,
1,3,129,dia_turno_curso,7_T_AGRO,58,12144,82846,OPTIMAL,186018.5,186018.5,False,186018.5,4.48,4.11,600.0,7,T,AGRO,alfabetica,,1,dia_turno_curso,3,True,TEMPO_TOTAL,iteracao,dia_turno_curso_cursos_progr_ate_2,180.0,180.0,600.0,14400.0,False,False,alfabetica,,alfabetica,,./dados/2024_1/horarios_2024_1.xlsx,./dados/2024_1/salas_2024_1.csv,./dados/2024_1/salas_preferenciais_2024.1.xlsx,/Users/robertdrey/Documents/workspace/development/alocador_de_salas,resultados/experimentos/2024_1/novas_hibridas/dia_turno_depois_progr_2/melhor_solucao.sol,resultados/experimentos/2024_1/novas_hibridas/dia_turno_depois_progr_2/historico.csv,resultados/experimentos/2024_1/novas_hibridas/dia_turno_depois_progr_2/historico.json,dia_turno_curso -> curso -> par_cursos,progressiva,alfabetica,,alfabetica,,alfabetica,,180.0,1,180.0,600.0,1,0,TEMPO_TOTAL,2,,,,
1,3,130,dia_turno_curso,7_T_CC,53,13754,81236,OPTIMAL,186018.5,186018.5,False,186018.5,34.62,34.29,600.0,7,T,CC,alfabetica,,1,dia_turno_curso,3,True,TEMPO_TOTAL,iteracao,dia_turno_curso_cursos_progr_ate_2,180.0,180.0,600.0,14400.0,False,False,alfabetica,,alfabetica,,./dados/2024_1/horarios_2024_1.xlsx,./dados/2024_1/salas_2024_1.csv,./dados/2024_1/salas_preferenciais_2024.1.xlsx,/Users/robertdrey/Documents/workspace/development/alocador_de_salas,resultados/experimentos/2024_1/novas_hibridas/dia_turno_depois_progr_2/melhor_solucao.sol,resultados/experimentos/2024_1/novas_hibridas/dia_turno_depois_progr_2/historico.csv,resultados/experimentos/2024_1/novas_hibridas/dia_turno_depois_progr_2/historico.json,dia_turno_curso -> curso -> par_cursos,progressiva,alfabetica,,alfabetica,,alfabetica,,180.0,1,180.0,600.0,1,0,TEMPO_TOTAL,2,,,,
1,3,131,dia_turno_curso,7_T_HIS,32,9246,85744,OPTIMAL,186018.5,186018.5,False,186018.5,0.73,0.44,600.0,7,T,HIS,alfabetica,,1,dia_turno_curso,3,True,TEMPO_TOTAL,iteracao,dia_turno_curso_cursos_progr_ate_2,180.0,180.0,600.0,14400.0,False,False,alfabetica,,alfabetica,,./dados/2024_1/horarios_2024_1.xlsx,./dados/2024_1/salas_2024_1.csv,./dados/2024_1/salas_preferenciais_2024.1.xlsx,/Users/robertdrey/Documents/workspace/development/alocador_de_salas,resultados/experimentos/2024_1/novas_hibridas/dia_turno_depois_progr_2/melhor_solucao.sol,resultados/experimentos/2024_1/novas_hibridas/dia_turno_depois_progr_2/historico.csv,resultados/experimentos/2024_1/novas_hibridas/dia_turno_depois_progr_2/historico.json,dia_turno_curso -> curso -> par_cursos,progressiva,alfabetica,,alfabetica,,alfabetica,,180.0,1,180.0,600.0,1,0,TEMPO_TOTAL,2,,,,
1,3,132,dia_turno_curso,7_T_PED,62,15640,79350,OPTIMAL,186018.5,186018.5,False,186018.5,36.62,36.3,600.0,7,T,PED,alfabetica,,1,dia_turno_curso,3,True,TEMPO_TOTAL,iteracao,dia_turno_curso_cursos_progr_ate_2,180.0,180.0,600.0,14400.0,False,False,alfabetica,,alfabetica,,./dados/2024_1/horarios_2024_1.xlsx,./dados/2024_1/salas_2024_1.csv,./dados/2024_1/salas_preferenciais_2024.1.xlsx,/Users/robertdrey/Documents/workspace/development/alocador_de_salas,resultados/experimentos/2024_1/novas_hibridas/dia_turno_depois_progr_2/melhor_solucao.sol,resultados/experimentos/2024_1/novas_hibridas/dia_turno_depois_progr_2/historico.csv,resultados/experimentos/2024_1/novas_hibridas/dia_turno_depois_progr_2/historico.json,dia_turno_curso -> curso -> par_cursos,progressiva,alfabetica,,alfabetica,,alfabetica,,180.0,1,180.0,600.0,1,0,TEMPO_TOTAL,2,,,,
1,3,133,dia_turno_curso,7_N_AGRO,53,10028,84962,OPTIMAL,186018.5,186018.5,False,186018.5,3.12,2.77,600.0,7,N,AGRO,alfabetica,,1,dia_turno_curso,3,True,TEMPO_TOTAL,iteracao,dia_turno_curso_cursos_progr_ate_2,180.0,180.0,600.0,14400.0,False,False,alfabetica,,alfabetica,,./dados/2024_1/horarios_2024_1.xlsx,./dados/2024_1/salas_2024_1.csv,./dados/2024_1/salas_preferenciais_2024.1.xlsx,/Users/robertdrey/Documents/workspace/development/alocador_de_salas,resultados/experimentos/2024_1/novas_hibridas/dia_turno_depois_progr_2/melhor_solucao.sol,resultados/experimentos/2024_1/novas_hibridas/dia_turno_depois_progr_2/historico.csv,resultados/experimentos/2024_1/novas_hibridas/dia_turno_depois_progr_2/historico.json,dia_turno_curso -> curso -> par_cursos,progressiva,alfabetica,,alfabetica,,alfabetica,,180.0,1,180.0,600.0,1,0,TEMPO_TOTAL,2,,,,
1,3,134,dia_turno_curso,7_N_HIS,26,6532,88458,OPTIMAL,186018.5,186018.5,False,186018.5,0.76,0.4,600.0,7,N,HIS,alfabetica,,1,dia_turno_curso,3,True,TEMPO_TOTAL,iteracao,dia_turno_curso_cursos_progr_ate_2,180.0,180.0,600.0,14400.0,False,False,alfabetica,,alfabetica,,./dados/2024_1/horarios_2024_1.xlsx,./dados/2024_1/salas_2024_1.csv,./dados/2024_1/salas_preferenciais_2024.1.xlsx,/Users/robertdrey/Documents/workspace/development/alocador_de_salas,resultados/experimentos/2024_1/novas_hibridas/dia_turno_depois_progr_2/melhor_solucao.sol,resultados/experimentos/2024_1/novas_hibridas/dia_turno_depois_progr_2/historico.csv,resultados/experimentos/2024_1/novas_hibridas/dia_turno_depois_progr_2/historico.json,dia_turno_curso -> curso -> par_cursos,progressiva,alfabetica,,alfabetica,,alfabetica,,180.0,1,180.0,600.0,1,0,TEMPO_TOTAL,2,,,,
1,3,135,dia_turno_curso,7_N_PED,58,14168,80822,OPTIMAL,186018.5,186018.5,False,186018.5,67.21,66.88,600.0,7,N,PED,alfabetica,,1,dia_turno_curso,3,True,TEMPO_TOTAL,iteracao,dia_turno_curso_cursos_progr_ate_2,180.0,180.0,600.0,14400.0,False,False,alfabetica,,alfabetica,,./dados/2024_1/horarios_2024_1.xlsx,./dados/2024_1/salas_2024_1.csv,./dados/2024_1/salas_preferenciais_2024.1.xlsx,/Users/robertdrey/Documents/workspace/development/alocador_de_salas,resultados/experimentos/2024_1/novas_hibridas/dia_turno_depois_progr_2/melhor_solucao.sol,resultados/experimentos/2024_1/novas_hibridas/dia_turno_depois_progr_2/historico.csv,resultados/experimentos/2024_1/novas_hibridas/dia_turno_depois_progr_2/historico.json,dia_turno_curso -> curso -> par_cursos,progressiva,alfabetica,,alfabetica,,alfabetica,,180.0,1,180.0,600.0,1,0,TEMPO_TOTAL,2,,,,
1,4,1,curso,ADM,48,9292,85698,OPTIMAL,186018.5,186018.5,False,186018.5,0.94,0.59,600.0,,,ADM,alfabetica,,2,curso,1,True,TEMPO_TOTAL,iteracao,dia_turno_curso_cursos_progr_ate_2,180.0,180.0,600.0,14400.0,False,False,alfabetica,,alfabetica,,./dados/2024_1/horarios_2024_1.xlsx,./dados/2024_1/salas_2024_1.csv,./dados/2024_1/salas_preferenciais_2024.1.xlsx,/Users/robertdrey/Documents/workspace/development/alocador_de_salas,resultados/experimentos/2024_1/novas_hibridas/dia_turno_depois_progr_2/melhor_solucao.sol,resultados/experimentos/2024_1/novas_hibridas/dia_turno_depois_progr_2/historico.csv,resultados/experimentos/2024_1/novas_hibridas/dia_turno_depois_progr_2/historico.json,dia_turno_curso -> curso -> par_cursos,progressiva,alfabetica,,alfabetica,,alfabetica,,180.0,1,180.0,600.0,1,0,TEMPO_TOTAL,2,1,,,
1,4,2,curso,AGRO,51,8740,86250,OPTIMAL,186018.5,186018.5,False,186018.5,3.27,2.93,600.0,,,AGRO,alfabetica,,2,curso,1,True,TEMPO_TOTAL,iteracao,dia_turno_curso_cursos_progr_ate_2,180.0,180.0,600.0,14400.0,False,False,alfabetica,,alfabetica,,./dados/2024_1/horarios_2024_1.xlsx,./dados/2024_1/salas_2024_1.csv,./dados/2024_1/salas_preferenciais_2024.1.xlsx,/Users/robertdrey/Documents/workspace/development/alocador_de_salas,resultados/experimentos/2024_1/novas_hibridas/dia_turno_depois_progr_2/melhor_solucao.sol,resultados/experimentos/2024_1/novas_hibridas/dia_turno_depois_progr_2/historico.csv,resultados/experimentos/2024_1/novas_hibridas/dia_turno_depois_progr_2/historico.json,dia_turno_curso -> curso -> par_cursos,progressiva,alfabetica,,alfabetica,,alfabetica,,180.0,1,180.0,600.0,1,0,TEMPO_TOTAL,2,2,,,
1,4,3,curso,CC,47,10534,84456,OPTIMAL,186018.5,186018.5,False,186018.5,20.19,19.85,600.0,,,CC,alfabetica,,2,curso,1,True,TEMPO_TOTAL,iteracao,dia_turno_curso_cursos_progr_ate_2,180.0,180.0,600.0,14400.0,False,False,alfabetica,,alfabetica,,./dados/2024_1/horarios_2024_1.xlsx,./dados/2024_1/salas_2024_1.csv,./dados/2024_1/salas_preferenciais_2024.1.xlsx,/Users/robertdrey/Documents/workspace/development/alocador_de_salas,resultados/experimentos/2024_1/novas_hibridas/dia_turno_depois_progr_2/melhor_solucao.sol,resultados/experimentos/2024_1/novas_hibridas/dia_turno_depois_progr_2/historico.csv,resultados/experimentos/2024_1/novas_hibridas/dia_turno_depois_progr_2/historico.json,dia_turno_curso -> curso -> par_cursos,progressiva,alfabetica,,alfabetica,,alfabetica,,180.0,1,180.0,600.0,1,0,TEMPO_TOTAL,2,3,,,
1,4,4,curso,CS,22,4554,90436,OPTIMAL,186018.5,186018.5,False,186018.5,0.64,0.33,600.0,,,CS,alfabetica,,2,curso,1,True,TEMPO_TOTAL,iteracao,dia_turno_curso_cursos_progr_ate_2,180.0,180.0,600.0,14400.0,False,False,alfabetica,,alfabetica,,./dados/2024_1/horarios_2024_1.xlsx,./dados/2024_1/salas_2024_1.csv,./dados/2024_1/salas_preferenciais_2024.1.xlsx,/Users/robertdrey/Documents/workspace/development/alocador_de_salas,resultados/experimentos/2024_1/novas_hibridas/dia_turno_depois_progr_2/melhor_solucao.sol,resultados/experimentos/2024_1/novas_hibridas/dia_turno_depois_progr_2/historico.csv,resultados/experimentos/2024_1/novas_hibridas/dia_turno_depois_progr_2/historico.json,dia_turno_curso -> curso -> par_cursos,progressiva,alfabetica,,alfabetica,,alfabetica,,180.0,1,180.0,600.0,1,0,TEMPO_TOTAL,2,4,,,
1,4,5,curso,EAS,45,7452,87538,OPTIMAL,186018.5,186018.5,False,186018.5,0.64,0.33,600.0,,,EAS,alfabetica,,2,curso,1,True,TEMPO_TOTAL,iteracao,dia_turno_curso_cursos_progr_ate_2,180.0,180.0,600.0,14400.0,False,False,alfabetica,,alfabetica,,./dados/2024_1/horarios_2024_1.xlsx,./dados/2024_1/salas_2024_1.csv,./dados/2024_1/salas_preferenciais_2024.1.xlsx,/Users/robertdrey/Documents/workspace/development/alocador_de_salas,resultados/experimentos/2024_1/novas_hibridas/dia_turno_depois_progr_2/melhor_solucao.sol,resultados/experimentos/2024_1/novas_hibridas/dia_turno_depois_progr_2/historico.csv,resultados/experimentos/2024_1/novas_hibridas/dia_turno_depois_progr_2/historico.json,dia_turno_curso -> curso -> par_cursos,progressiva,alfabetica,,alfabetica,,alfabetica,,180.0,1,180.0,600.0,1,0,TEMPO_TOTAL,2,5,,,
1,4,6,curso,ENF,18,8510,86480,OPTIMAL,186018.5,186018.5,False,186018.5,1.9,1.57,600.0,,,ENF,alfabetica,,2,curso,1,True,TEMPO_TOTAL,iteracao,dia_turno_curso_cursos_progr_ate_2,180.0,180.0,600.0,14400.0,False,False,alfabetica,,alfabetica,,./dados/2024_1/horarios_2024_1.xlsx,./dados/2024_1/salas_2024_1.csv,./dados/2024_1/salas_preferenciais_2024.1.xlsx,/Users/robertdrey/Documents/workspace/development/alocador_de_salas,resultados/experimentos/2024_1/novas_hibridas/dia_turno_depois_progr_2/melhor_solucao.sol,resultados/experimentos/2024_1/novas_hibridas/dia_turno_depois_progr_2/historico.csv,resultados/experimentos/2024_1/novas_hibridas/dia_turno_depois_progr_2/historico.json,dia_turno_curso -> curso -> par_cursos,progressiva,alfabetica,,alfabetica,,alfabetica,,180.0,1,180.0,600.0,1,0,TEMPO_TOTAL,2,6,,,
1,4,7,curso,FIL,15,2760,92230,OPTIMAL,186018.5,186018.5,False,186018.5,0.67,0.29,600.0,,,FIL,alfabetica,,2,curso,1,True,TEMPO_TOTAL,iteracao,dia_turno_curso_cursos_progr_ate_2,180.0,180.0,600.0,14400.0,False,False,alfabetica,,alfabetica,,./dados/2024_1/horarios_2024_1.xlsx,./dados/2024_1/salas_2024_1.csv,./dados/2024_1/salas_preferenciais_2024.1.xlsx,/Users/robertdrey/Documents/workspace/development/alocador_de_salas,resultados/experimentos/2024_1/novas_hibridas/dia_turno_depois_progr_2/melhor_solucao.sol,resultados/experimentos/2024_1/novas_hibridas/dia_turno_depois_progr_2/historico.csv,resultados/experimentos/2024_1/novas_hibridas/dia_turno_depois_progr_2/historico.json,dia_turno_curso -> curso -> par_cursos,progressiva,alfabetica,,alfabetica,,alfabetica,,180.0,1,180.0,600.0,1,0,TEMPO_TOTAL,2,7,,,
1,4,8,curso,GEO,10,2070,92920,OPTIMAL,186018.5,186018.5,False,186018.5,0.61,0.28,600.0,,,GEO,alfabetica,,2,curso,1,True,TEMPO_TOTAL,iteracao,dia_turno_curso_cursos_progr_ate_2,180.0,180.0,600.0,14400.0,False,False,alfabetica,,alfabetica,,./dados/2024_1/horarios_2024_1.xlsx,./dados/2024_1/salas_2024_1.csv,./dados/2024_1/salas_preferenciais_2024.1.xlsx,/Users/robertdrey/Documents/workspace/development/alocador_de_salas,resultados/experimentos/2024_1/novas_hibridas/dia_turno_depois_progr_2/melhor_solucao.sol,resultados/experimentos/2024_1/novas_hibridas/dia_turno_depois_progr_2/historico.csv,resultados/experimentos/2024_1/novas_hibridas/dia_turno_depois_progr_2/historico.json,dia_turno_curso -> curso -> par_cursos,progressiva,alfabetica,,alfabetica,,alfabetica,,180.0,1,180.0,600.0,1,0,TEMPO_TOTAL,2,8,,,
1,4,9,curso,HIS,24,4784,90206,OPTIMAL,186018.5,186018.5,False,186018.5,0.63,0.32,600.0,,,HIS,alfabetica,,2,curso,1,True,TEMPO_TOTAL,iteracao,dia_turno_curso_cursos_progr_ate_2,180.0,180.0,600.0,14400.0,False,False,alfabetica,,alfabetica,,./dados/2024_1/horarios_2024_1.xlsx,./dados/2024_1/salas_2024_1.csv,./dados/2024_1/salas_preferenciais_2024.1.xlsx,/Users/robertdrey/Documents/workspace/development/alocador_de_salas,resultados/experimentos/2024_1/novas_hibridas/dia_turno_depois_progr_2/melhor_solucao.sol,resultados/experimentos/2024_1/novas_hibridas/dia_turno_depois_progr_2/historico.csv,resultados/experimentos/2024_1/novas_hibridas/dia_turno_depois_progr_2/historico.json,dia_turno_curso -> curso -> par_cursos,progressiva,alfabetica,,alfabetica,,alfabetica,,180.0,1,180.0,600.0,1,0,TEMPO_TOTAL,2,9,,,
1,4,10,curso,LET,36,9154,85836,OPTIMAL,186018.5,186018.5,False,186018.5,1.64,1.3,600.0,,,LET,alfabetica,,2,curso,1,True,TEMPO_TOTAL,iteracao,dia_turno_curso_cursos_progr_ate_2,180.0,180.0,600.0,14400.0,False,False,alfabetica,,alfabetica,,./dados/2024_1/horarios_2024_1.xlsx,./dados/2024_1/salas_2024_1.csv,./dados/2024_1/salas_preferenciais_2024.1.xlsx,/Users/robertdrey/Documents/workspace/development/alocador_de_salas,resultados/experimentos/2024_1/novas_hibridas/dia_turno_depois_progr_2/melhor_solucao.sol,resultados/experimentos/2024_1/novas_hibridas/dia_turno_depois_progr_2/historico.csv,resultados/experimentos/2024_1/novas_hibridas/dia_turno_depois_progr_2/historico.json,dia_turno_curso -> curso -> par_cursos,progressiva,alfabetica,,alfabetica,,alfabetica,,180.0,1,180.0,600.0,1,0,TEMPO_TOTAL,2,10,,,
1,4,11,curso,MAT,23,4968,90022,OPTIMAL,186018.5,186018.5,False,186018.5,0.78,0.38,600.0,,,MAT,alfabetica,,2,curso,1,True,TEMPO_TOTAL,iteracao,dia_turno_curso_cursos_progr_ate_2,180.0,180.0,600.0,14400.0,False,False,alfabetica,,alfabetica,,./dados/2024_1/horarios_2024_1.xlsx,./dados/2024_1/salas_2024_1.csv,./dados/2024_1/salas_preferenciais_2024.1.xlsx,/Users/robertdrey/Documents/workspace/development/alocador_de_salas,resultados/experimentos/2024_1/novas_hibridas/dia_turno_depois_progr_2/melhor_solucao.sol,resultados/experimentos/2024_1/novas_hibridas/dia_turno_depois_progr_2/historico.csv,resultados/experimentos/2024_1/novas_hibridas/dia_turno_depois_progr_2/historico.json,dia_turno_curso -> curso -> par_cursos,progressiva,alfabetica,,alfabetica,,alfabetica,,180.0,1,180.0,600.0,1,0,TEMPO_TOTAL,2,11,,,
1,4,12,curso,MED,41,9384,85606,OPTIMAL,186018.5,186018.5,False,186018.5,1.26,0.93,600.0,,,MED,alfabetica,,2,curso,1,True,TEMPO_TOTAL,iteracao,dia_turno_curso_cursos_progr_ate_2,180.0,180.0,600.0,14400.0,False,False,alfabetica,,alfabetica,,./dados/2024_1/horarios_2024_1.xlsx,./dados/2024_1/salas_2024_1.csv,./dados/2024_1/salas_preferenciais_2024.1.xlsx,/Users/robertdrey/Documents/workspace/development/alocador_de_salas,resultados/experimentos/2024_1/novas_hibridas/dia_turno_depois_progr_2/melhor_solucao.sol,resultados/experimentos/2024_1/novas_hibridas/dia_turno_depois_progr_2/historico.csv,resultados/experimentos/2024_1/novas_hibridas/dia_turno_depois_progr_2/historico.json,dia_turno_curso -> curso -> par_cursos,progressiva,alfabetica,,alfabetica,,alfabetica,,180.0,1,180.0,600.0,1,0,TEMPO_TOTAL,2,12,,,
1,4,13,curso,PED,56,12788,82202,OPTIMAL,186018.5,186018.5,False,186018.5,51.69,51.35,600.0,,,PED,alfabetica,,2,curso,1,True,TEMPO_TOTAL,iteracao,dia_turno_curso_cursos_progr_ate_2,180.0,180.0,600.0,14400.0,False,False,alfabetica,,alfabetica,,./dados/2024_1/horarios_2024_1.xlsx,./dados/2024_1/salas_2024_1.csv,./dados/2024_1/salas_preferenciais_2024.1.xlsx,/Users/robertdrey/Documents/workspace/development/alocador_de_salas,resultados/experimentos/2024_1/novas_hibridas/dia_turno_depois_progr_2/melhor_solucao.sol,resultados/experimentos/2024_1/novas_hibridas/dia_turno_depois_progr_2/historico.csv,resultados/experimentos/2024_1/novas_hibridas/dia_turno_depois_progr_2/historico.json,dia_turno_curso -> curso -> par_cursos,progressiva,alfabetica,,alfabetica,,alfabetica,,180.0,1,180.0,600.0,1,0,TEMPO_TOTAL,2,13,,,
1,5,1,par_cursos,ADM+AGRO,99,18032,76958,OPTIMAL,186018.5,186018.5,False,186018.5,6.06,5.71,600.0,,,,alfabetica,,3,par_cursos,1,True,TEMPO_TOTAL,iteracao,dia_turno_curso_cursos_progr_ate_2,180.0,180.0,600.0,14400.0,False,False,alfabetica,,alfabetica,,./dados/2024_1/horarios_2024_1.xlsx,./dados/2024_1/salas_2024_1.csv,./dados/2024_1/salas_preferenciais_2024.1.xlsx,/Users/robertdrey/Documents/workspace/development/alocador_de_salas,resultados/experimentos/2024_1/novas_hibridas/dia_turno_depois_progr_2/melhor_solucao.sol,resultados/experimentos/2024_1/novas_hibridas/dia_turno_depois_progr_2/historico.csv,resultados/experimentos/2024_1/novas_hibridas/dia_turno_depois_progr_2/historico.json,dia_turno_curso -> curso -> par_cursos,progressiva,alfabetica,,alfabetica,,alfabetica,,180.0,1,180.0,600.0,1,0,TEMPO_TOTAL,2,,ADM,AGRO,1
1,5,2,par_cursos,ADM+CC,95,19826,75164,OPTIMAL,186018.5,186018.5,False,186018.5,74.91,74.58,600.0,,,,alfabetica,,3,par_cursos,1,True,TEMPO_TOTAL,iteracao,dia_turno_curso_cursos_progr_ate_2,180.0,180.0,600.0,14400.0,False,False,alfabetica,,alfabetica,,./dados/2024_1/horarios_2024_1.xlsx,./dados/2024_1/salas_2024_1.csv,./dados/2024_1/salas_preferenciais_2024.1.xlsx,/Users/robertdrey/Documents/workspace/development/alocador_de_salas,resultados/experimentos/2024_1/novas_hibridas/dia_turno_depois_progr_2/melhor_solucao.sol,resultados/experimentos/2024_1/novas_hibridas/dia_turno_depois_progr_2/historico.csv,resultados/experimentos/2024_1/novas_hibridas/dia_turno_depois_progr_2/historico.json,dia_turno_curso -> curso -> par_cursos,progressiva,alfabetica,,alfabetica,,alfabetica,,180.0,1,180.0,600.0,1,0,TEMPO_TOTAL,2,,ADM,CC,2
1,5,3,par_cursos,ADM+CS,70,13846,81144,OPTIMAL,186018.5,186018.5,False,186018.5,1.08,0.76,600.0,,,,alfabetica,,3,par_cursos,1,True,TEMPO_TOTAL,iteracao,dia_turno_curso_cursos_progr_ate_2,180.0,180.0,600.0,14400.0,False,False,alfabetica,,alfabetica,,./dados/2024_1/horarios_2024_1.xlsx,./dados/2024_1/salas_2024_1.csv,./dados/2024_1/salas_preferenciais_2024.1.xlsx,/Users/robertdrey/Documents/workspace/development/alocador_de_salas,resultados/experimentos/2024_1/novas_hibridas/dia_turno_depois_progr_2/melhor_solucao.sol,resultados/experimentos/2024_1/novas_hibridas/dia_turno_depois_progr_2/historico.csv,resultados/experimentos/2024_1/novas_hibridas/dia_turno_depois_progr_2/historico.json,dia_turno_curso -> curso -> par_cursos,progressiva,alfabetica,,alfabetica,,alfabetica,,180.0,1,180.0,600.0,1,0,TEMPO_TOTAL,2,,ADM,CS,3
1,5,4,par_cursos,ADM+EAS,93,16744,78246,OPTIMAL,186018.5,186008.5,True,186008.5,1.34,1.02,600.0,,,,alfabetica,,3,par_cursos,1,True,TEMPO_TOTAL,iteracao,dia_turno_curso_cursos_progr_ate_2,180.0,180.0,600.0,14400.0,False,False,alfabetica,,alfabetica,,./dados/2024_1/horarios_2024_1.xlsx,./dados/2024_1/salas_2024_1.csv,./dados/2024_1/salas_preferenciais_2024.1.xlsx,/Users/robertdrey/Documents/workspace/development/alocador_de_salas,resultados/experimentos/2024_1/novas_hibridas/dia_turno_depois_progr_2/melhor_solucao.sol,resultados/experimentos/2024_1/novas_hibridas/dia_turno_depois_progr_2/historico.csv,resultados/experimentos/2024_1/novas_hibridas/dia_turno_depois_progr_2/historico.json,dia_turno_curso -> curso -> par_cursos,progressiva,alfabetica,,alfabetica,,alfabetica,,180.0,1,180.0,600.0,1,0,TEMPO_TOTAL,2,,ADM,EAS,4
1,5,5,par_cursos,ADM+ENF,66,17802,77188,OPTIMAL,186008.5,185998.5,True,185998.5,10.46,10.1,600.0,,,,alfabetica,,3,par_cursos,1,True,TEMPO_TOTAL,iteracao,dia_turno_curso_cursos_progr_ate_2,180.0,180.0,600.0,14400.0,False,False,alfabetica,,alfabetica,,./dados/2024_1/horarios_2024_1.xlsx,./dados/2024_1/salas_2024_1.csv,./dados/2024_1/salas_preferenciais_2024.1.xlsx,/Users/robertdrey/Documents/workspace/development/alocador_de_salas,resultados/experimentos/2024_1/novas_hibridas/dia_turno_depois_progr_2/melhor_solucao.sol,resultados/experimentos/2024_1/novas_hibridas/dia_turno_depois_progr_2/historico.csv,resultados/experimentos/2024_1/novas_hibridas/dia_turno_depois_progr_2/historico.json,dia_turno_curso -> curso -> par_cursos,progressiva,alfabetica,,alfabetica,,alfabetica,,180.0,1,180.0,600.0,1,0,TEMPO_TOTAL,2,,ADM,ENF,5
1,5,6,par_cursos,ADM+FIL,63,12052,82938,OPTIMAL,185998.5,185998.5,False,185998.5,1.02,0.64,600.0,,,,alfabetica,,3,par_cursos,1,True,TEMPO_TOTAL,iteracao,dia_turno_curso_cursos_progr_ate_2,180.0,180.0,600.0,14400.0,False,False,alfabetica,,alfabetica,,./dados/2024_1/horarios_2024_1.xlsx,./dados/2024_1/salas_2024_1.csv,./dados/2024_1/salas_preferenciais_2024.1.xlsx,/Users/robertdrey/Documents/workspace/development/alocador_de_salas,resultados/experimentos/2024_1/novas_hibridas/dia_turno_depois_progr_2/melhor_solucao.sol,resultados/experimentos/2024_1/novas_hibridas/dia_turno_depois_progr_2/historico.csv,resultados/experimentos/2024_1/novas_hibridas/dia_turno_depois_progr_2/historico.json,dia_turno_curso -> curso -> par_cursos,progressiva,alfabetica,,alfabetica,,alfabetica,,180.0,1,180.0,600.0,1,0,TEMPO_TOTAL,2,,ADM,FIL,6
1,5,7,par_cursos,ADM+GEO,58,11362,83628,OPTIMAL,185998.5,185998.5,False,185998.5,0.98,0.66,600.0,,,,alfabetica,,3,par_cursos,1,True,TEMPO_TOTAL,iteracao,dia_turno_curso_cursos_progr_ate_2,180.0,180.0,600.0,14400.0,False,False,alfabetica,,alfabetica,,./dados/2024_1/horarios_2024_1.xlsx,./dados/2024_1/salas_2024_1.csv,./dados/2024_1/salas_preferenciais_2024.1.xlsx,/Users/robertdrey/Documents/workspace/development/alocador_de_salas,resultados/experimentos/2024_1/novas_hibridas/dia_turno_depois_progr_2/melhor_solucao.sol,resultados/experimentos/2024_1/novas_hibridas/dia_turno_depois_progr_2/historico.csv,resultados/experimentos/2024_1/novas_hibridas/dia_turno_depois_progr_2/historico.json,dia_turno_curso -> curso -> par_cursos,progressiva,alfabetica,,alfabetica,,alfabetica,,180.0,1,180.0,600.0,1,0,TEMPO_TOTAL,2,,ADM,GEO,7
1,5,8,par_cursos,ADM+HIS,72,14076,80914,OPTIMAL,185998.5,185998.5,False,185998.5,1.2,0.88,600.0,,,,alfabetica,,3,par_cursos,1,True,TEMPO_TOTAL,iteracao,dia_turno_curso_cursos_progr_ate_2,180.0,180.0,600.0,14400.0,False,False,alfabetica,,alfabetica,,./dados/2024_1/horarios_2024_1.xlsx,./dados/2024_1/salas_2024_1.csv,./dados/2024_1/salas_preferenciais_2024.1.xlsx,/Users/robertdrey/Documents/workspace/development/alocador_de_salas,resultados/experimentos/2024_1/novas_hibridas/dia_turno_depois_progr_2/melhor_solucao.sol,resultados/experimentos/2024_1/novas_hibridas/dia_turno_depois_progr_2/historico.csv,resultados/experimentos/2024_1/novas_hibridas/dia_turno_depois_progr_2/historico.json,dia_turno_curso -> curso -> par_cursos,progressiva,alfabetica,,alfabetica,,alfabetica,,180.0,1,180.0,600.0,1,0,TEMPO_TOTAL,2,,ADM,HIS,8
1,5,9,par_cursos,ADM+LET,84,18446,76544,OPTIMAL,185998.5,185998.5,False,185998.5,7.44,7.09,600.0,,,,alfabetica,,3,par_cursos,1,True,TEMPO_TOTAL,iteracao,dia_turno_curso_cursos_progr_ate_2,180.0,180.0,600.0,14400.0,False,False,alfabetica,,alfabetica,,./dados/2024_1/horarios_2024_1.xlsx,./dados/2024_1/salas_2024_1.csv,./dados/2024_1/salas_preferenciais_2024.1.xlsx,/Users/robertdrey/Documents/workspace/development/alocador_de_salas,resultados/experimentos/2024_1/novas_hibridas/dia_turno_depois_progr_2/melhor_solucao.sol,resultados/experimentos/2024_1/novas_hibridas/dia_turno_depois_progr_2/historico.csv,resultados/experimentos/2024_1/novas_hibridas/dia_turno_depois_progr_2/historico.json,dia_turno_curso -> curso -> par_cursos,progressiva,alfabetica,,alfabetica,,alfabetica,,180.0,1,180.0,600.0,1,0,TEMPO_TOTAL,2,,ADM,LET,9
1,5,10,par_cursos,ADM+MAT,71,14260,80730,OPTIMAL,185998.5,185998.5,False,185998.5,1.15,0.79,600.0,,,,alfabetica,,3,par_cursos,1,True,TEMPO_TOTAL,iteracao,dia_turno_curso_cursos_progr_ate_2,180.0,180.0,600.0,14400.0,False,False,alfabetica,,alfabetica,,./dados/2024_1/horarios_2024_1.xlsx,./dados/2024_1/salas_2024_1.csv,./dados/2024_1/salas_preferenciais_2024.1.xlsx,/Users/robertdrey/Documents/workspace/development/alocador_de_salas,resultados/experimentos/2024_1/novas_hibridas/dia_turno_depois_progr_2/melhor_solucao.sol,resultados/experimentos/2024_1/novas_hibridas/dia_turno_depois_progr_2/historico.csv,resultados/experimentos/2024_1/novas_hibridas/dia_turno_depois_progr_2/historico.json,dia_turno_curso -> curso -> par_cursos,progressiva,alfabetica,,alfabetica,,alfabetica,,180.0,1,180.0,600.0,1,0,TEMPO_TOTAL,2,,ADM,MAT,10
1,5,11,par_cursos,ADM+MED,89,18676,76314,OPTIMAL,185998.5,185998.5,False,185998.5,2.49,2.17,600.0,,,,alfabetica,,3,par_cursos,1,True,TEMPO_TOTAL,iteracao,dia_turno_curso_cursos_progr_ate_2,180.0,180.0,600.0,14400.0,False,False,alfabetica,,alfabetica,,./dados/2024_1/horarios_2024_1.xlsx,./dados/2024_1/salas_2024_1.csv,./dados/2024_1/salas_preferenciais_2024.1.xlsx,/Users/robertdrey/Documents/workspace/development/alocador_de_salas,resultados/experimentos/2024_1/novas_hibridas/dia_turno_depois_progr_2/melhor_solucao.sol,resultados/experimentos/2024_1/novas_hibridas/dia_turno_depois_progr_2/historico.csv,resultados/experimentos/2024_1/novas_hibridas/dia_turno_depois_progr_2/historico.json,dia_turno_curso -> curso -> par_cursos,progressiva,alfabetica,,alfabetica,,alfabetica,,180.0,1,180.0,600.0,1,0,TEMPO_TOTAL,2,,ADM,MED,11
1,5,12,par_cursos,ADM+PED,104,22080,72910,TIME_LIMIT,185998.5,185998.5,False,185998.5,600.55,600.19,600.0,,,,alfabetica,,3,par_cursos,1,True,TEMPO_TOTAL,iteracao,dia_turno_curso_cursos_progr_ate_2,180.0,180.0,600.0,14400.0,False,False,alfabetica,,alfabetica,,./dados/2024_1/horarios_2024_1.xlsx,./dados/2024_1/salas_2024_1.csv,./dados/2024_1/salas_preferenciais_2024.1.xlsx,/Users/robertdrey/Documents/workspace/development/alocador_de_salas,resultados/experimentos/2024_1/novas_hibridas/dia_turno_depois_progr_2/melhor_solucao.sol,resultados/experimentos/2024_1/novas_hibridas/dia_turno_depois_progr_2/historico.csv,resultados/experimentos/2024_1/novas_hibridas/dia_turno_depois_progr_2/historico.json,dia_turno_curso -> curso -> par_cursos,progressiva,alfabetica,,alfabetica,,alfabetica,,180.0,1,180.0,600.0,1,0,TEMPO_TOTAL,2,,ADM,PED,12
1,5,13,par_cursos,AGRO+CC,98,19274,75716,OPTIMAL,185998.5,185998.5,False,185998.5,147.44,147.07,600.0,,,,alfabetica,,3,par_cursos,1,True,TEMPO_TOTAL,iteracao,dia_turno_curso_cursos_progr_ate_2,180.0,180.0,600.0,14400.0,False,False,alfabetica,,alfabetica,,./dados/2024_1/horarios_2024_1.xlsx,./dados/2024_1/salas_2024_1.csv,./dados/2024_1/salas_preferenciais_2024.1.xlsx,/Users/robertdrey/Documents/workspace/development/alocador_de_salas,resultados/experimentos/2024_1/novas_hibridas/dia_turno_depois_progr_2/melhor_solucao.sol,resultados/experimentos/2024_1/novas_hibridas/dia_turno_depois_progr_2/historico.csv,resultados/experimentos/2024_1/novas_hibridas/dia_turno_depois_progr_2/historico.json,dia_turno_curso -> curso -> par_cursos,progressiva,alfabetica,,alfabetica,,alfabetica,,180.0,1,180.0,600.0,1,0,TEMPO_TOTAL,2,,AGRO,CC,13
1,5,14,par_cursos,AGRO+CS,73,13294,81696,OPTIMAL,185998.5,185993.5,True,185993.5,4.67,4.36,600.0,,,,alfabetica,,3,par_cursos,1,True,TEMPO_TOTAL,iteracao,dia_turno_curso_cursos_progr_ate_2,180.0,180.0,600.0,14400.0,False,False,alfabetica,,alfabetica,,./dados/2024_1/horarios_2024_1.xlsx,./dados/2024_1/salas_2024_1.csv,./dados/2024_1/salas_preferenciais_2024.1.xlsx,/Users/robertdrey/Documents/workspace/development/alocador_de_salas,resultados/experimentos/2024_1/novas_hibridas/dia_turno_depois_progr_2/melhor_solucao.sol,resultados/experimentos/2024_1/novas_hibridas/dia_turno_depois_progr_2/historico.csv,resultados/experimentos/2024_1/novas_hibridas/dia_turno_depois_progr_2/historico.json,dia_turno_curso -> curso -> par_cursos,progressiva,alfabetica,,alfabetica,,alfabetica,,180.0,1,180.0,600.0,1,0,TEMPO_TOTAL,2,,AGRO,CS,14
1,5,15,par_cursos,AGRO+EAS,96,16192,78798,OPTIMAL,185993.5,185993.5,False,185993.5,6.45,6.11,600.0,,,,alfabetica,,3,par_cursos,1,True,TEMPO_TOTAL,iteracao,dia_turno_curso_cursos_progr_ate_2,180.0,180.0,600.0,14400.0,False,False,alfabetica,,alfabetica,,./dados/2024_1/horarios_2024_1.xlsx,./dados/2024_1/salas_2024_1.csv,./dados/2024_1/salas_preferenciais_2024.1.xlsx,/Users/robertdrey/Documents/workspace/development/alocador_de_salas,resultados/experimentos/2024_1/novas_hibridas/dia_turno_depois_progr_2/melhor_solucao.sol,resultados/experimentos/2024_1/novas_hibridas/dia_turno_depois_progr_2/historico.csv,resultados/experimentos/2024_1/novas_hibridas/dia_turno_depois_progr_2/historico.json,dia_turno_curso -> curso -> par_cursos,progressiva,alfabetica,,alfabetica,,alfabetica,,180.0,1,180.0,600.0,1,0,TEMPO_TOTAL,2,,AGRO,EAS,15
1,5,16,par_cursos,AGRO+ENF,69,17250,77740,OPTIMAL,185993.5,185984.5,True,185984.5,102.34,102.03,600.0,,,,alfabetica,,3,par_cursos,1,True,TEMPO_TOTAL,iteracao,dia_turno_curso_cursos_progr_ate_2,180.0,180.0,600.0,14400.0,False,False,alfabetica,,alfabetica,,./dados/2024_1/horarios_2024_1.xlsx,./dados/2024_1/salas_2024_1.csv,./dados/2024_1/salas_preferenciais_2024.1.xlsx,/Users/robertdrey/Documents/workspace/development/alocador_de_salas,resultados/experimentos/2024_1/novas_hibridas/dia_turno_depois_progr_2/melhor_solucao.sol,resultados/experimentos/2024_1/novas_hibridas/dia_turno_depois_progr_2/historico.csv,resultados/experimentos/2024_1/novas_hibridas/dia_turno_depois_progr_2/historico.json,dia_turno_curso -> curso -> par_cursos,progressiva,alfabetica,,alfabetica,,alfabetica,,180.0,1,180.0,600.0,1,0,TEMPO_TOTAL,2,,AGRO,ENF,16
1,5,17,par_cursos,AGRO+FIL,66,11500,83490,OPTIMAL,185984.5,185984.5,False,185984.5,3.41,3.11,600.0,,,,alfabetica,,3,par_cursos,1,True,TEMPO_TOTAL,iteracao,dia_turno_curso_cursos_progr_ate_2,180.0,180.0,600.0,14400.0,False,False,alfabetica,,alfabetica,,./dados/2024_1/horarios_2024_1.xlsx,./dados/2024_1/salas_2024_1.csv,./dados/2024_1/salas_preferenciais_2024.1.xlsx,/Users/robertdrey/Documents/workspace/development/alocador_de_salas,resultados/experimentos/2024_1/novas_hibridas/dia_turno_depois_progr_2/melhor_solucao.sol,resultados/experimentos/2024_1/novas_hibridas/dia_turno_depois_progr_2/historico.csv,resultados/experimentos/2024_1/novas_hibridas/dia_turno_depois_progr_2/historico.json,dia_turno_curso -> curso -> par_cursos,progressiva,alfabetica,,alfabetica,,alfabetica,,180.0,1,180.0,600.0,1,0,TEMPO_TOTAL,2,,AGRO,FIL,17
1,5,18,par_cursos,AGRO+GEO,61,10810,84180,OPTIMAL,185984.5,185984.5,False,185984.5,3.72,3.37,600.0,,,,alfabetica,,3,par_cursos,1,True,TEMPO_TOTAL,iteracao,dia_turno_curso_cursos_progr_ate_2,180.0,180.0,600.0,14400.0,False,False,alfabetica,,alfabetica,,./dados/2024_1/horarios_2024_1.xlsx,./dados/2024_1/salas_2024_1.csv,./dados/2024_1/salas_preferenciais_2024.1.xlsx,/Users/robertdrey/Documents/workspace/development/alocador_de_salas,resultados/experimentos/2024_1/novas_hibridas/dia_turno_depois_progr_2/melhor_solucao.sol,resultados/experimentos/2024_1/novas_hibridas/dia_turno_depois_progr_2/historico.csv,resultados/experimentos/2024_1/novas_hibridas/dia_turno_depois_progr_2/historico.json,dia_turno_curso -> curso -> par_cursos,progressiva,alfabetica,,alfabetica,,alfabetica,,180.0,1,180.0,600.0,1,0,TEMPO_TOTAL,2,,AGRO,GEO,18
1,5,19,par_cursos,AGRO+HIS,75,13524,81466,OPTIMAL,185984.5,185984.5,False,185984.5,4.26,3.93,600.0,,,,alfabetica,,3,par_cursos,1,True,TEMPO_TOTAL,iteracao,dia_turno_curso_cursos_progr_ate_2,180.0,180.0,600.0,14400.0,False,False,alfabetica,,alfabetica,,./dados/2024_1/horarios_2024_1.xlsx,./dados/2024_1/salas_2024_1.csv,./dados/2024_1/salas_preferenciais_2024.1.xlsx,/Users/robertdrey/Documents/workspace/development/alocador_de_salas,resultados/experimentos/2024_1/novas_hibridas/dia_turno_depois_progr_2/melhor_solucao.sol,resultados/experimentos/2024_1/novas_hibridas/dia_turno_depois_progr_2/historico.csv,resultados/experimentos/2024_1/novas_hibridas/dia_turno_depois_progr_2/historico.json,dia_turno_curso -> curso -> par_cursos,progressiva,alfabetica,,alfabetica,,alfabetica,,180.0,1,180.0,600.0,1,0,TEMPO_TOTAL,2,,AGRO,HIS,19
1,5,20,par_cursos,AGRO+LET,87,17894,77096,OPTIMAL,185984.5,185984.5,False,185984.5,12.69,12.36,600.0,,,,alfabetica,,3,par_cursos,1,True,TEMPO_TOTAL,iteracao,dia_turno_curso_cursos_progr_ate_2,180.0,180.0,600.0,14400.0,False,False,alfabetica,,alfabetica,,./dados/2024_1/horarios_2024_1.xlsx,./dados/2024_1/salas_2024_1.csv,./dados/2024_1/salas_preferenciais_2024.1.xlsx,/Users/robertdrey/Documents/workspace/development/alocador_de_salas,resultados/experimentos/2024_1/novas_hibridas/dia_turno_depois_progr_2/melhor_solucao.sol,resultados/experimentos/2024_1/novas_hibridas/dia_turno_depois_progr_2/historico.csv,resultados/experimentos/2024_1/novas_hibridas/dia_turno_depois_progr_2/historico.json,dia_turno_curso -> curso -> par_cursos,progressiva,alfabetica,,alfabetica,,alfabetica,,180.0,1,180.0,600.0,1,0,TEMPO_TOTAL,2,,AGRO,LET,20
1,5,21,par_cursos,AGRO+MAT,74,13708,81282,OPTIMAL,185984.5,185984.5,False,185984.5,3.96,3.63,600.0,,,,alfabetica,,3,par_cursos,1,True,TEMPO_TOTAL,iteracao,dia_turno_curso_cursos_progr_ate_2,180.0,180.0,600.0,14400.0,False,False,alfabetica,,alfabetica,,./dados/2024_1/horarios_2024_1.xlsx,./dados/2024_1/salas_2024_1.csv,./dados/2024_1/salas_preferenciais_2024.1.xlsx,/Users/robertdrey/Documents/workspace/development/alocador_de_salas,resultados/experimentos/2024_1/novas_hibridas/dia_turno_depois_progr_2/melhor_solucao.sol,resultados/experimentos/2024_1/novas_hibridas/dia_turno_depois_progr_2/historico.csv,resultados/experimentos/2024_1/novas_hibridas/dia_turno_depois_progr_2/historico.json,dia_turno_curso -> curso -> par_cursos,progressiva,alfabetica,,alfabetica,,alfabetica,,180.0,1,180.0,600.0,1,0,TEMPO_TOTAL,2,,AGRO,MAT,21
1,5,22,par_cursos,AGRO+MED,92,18124,76866,TIME_LIMIT,185984.5,185954.5,True,185954.5,600.37,600.03,600.0,,,,alfabetica,,3,par_cursos,1,True,TEMPO_TOTAL,iteracao,dia_turno_curso_cursos_progr_ate_2,180.0,180.0,600.0,14400.0,False,False,alfabetica,,alfabetica,,./dados/2024_1/horarios_2024_1.xlsx,./dados/2024_1/salas_2024_1.csv,./dados/2024_1/salas_preferenciais_2024.1.xlsx,/Users/robertdrey/Documents/workspace/development/alocador_de_salas,resultados/experimentos/2024_1/novas_hibridas/dia_turno_depois_progr_2/melhor_solucao.sol,resultados/experimentos/2024_1/novas_hibridas/dia_turno_depois_progr_2/historico.csv,resultados/experimentos/2024_1/novas_hibridas/dia_turno_depois_progr_2/historico.json,dia_turno_curso -> curso -> par_cursos,progressiva,alfabetica,,alfabetica,,alfabetica,,180.0,1,180.0,600.0,1,0,TEMPO_TOTAL,2,,AGRO,MED,22
1,5,23,par_cursos,AGRO+PED,107,21528,73462,OPTIMAL,185954.5,185954.5,False,185954.5,52.86,52.53,600.0,,,,alfabetica,,3,par_cursos,1,True,TEMPO_TOTAL,iteracao,dia_turno_curso_cursos_progr_ate_2,180.0,180.0,600.0,14400.0,False,False,alfabetica,,alfabetica,,./dados/2024_1/horarios_2024_1.xlsx,./dados/2024_1/salas_2024_1.csv,./dados/2024_1/salas_preferenciais_2024.1.xlsx,/Users/robertdrey/Documents/workspace/development/alocador_de_salas,resultados/experimentos/2024_1/novas_hibridas/dia_turno_depois_progr_2/melhor_solucao.sol,resultados/experimentos/2024_1/novas_hibridas/dia_turno_depois_progr_2/historico.csv,resultados/experimentos/2024_1/novas_hibridas/dia_turno_depois_progr_2/historico.json,dia_turno_curso -> curso -> par_cursos,progressiva,alfabetica,,alfabetica,,alfabetica,,180.0,1,180.0,600.0,1,0,TEMPO_TOTAL,2,,AGRO,PED,23
1,5,24,par_cursos,CC+CS,69,15088,79902,OPTIMAL,185954.5,185954.5,False,185954.5,78.15,77.83,600.0,,,,alfabetica,,3,par_cursos,1,True,TEMPO_TOTAL,iteracao,dia_turno_curso_cursos_progr_ate_2,180.0,180.0,600.0,14400.0,False,False,alfabetica,,alfabetica,,./dados/2024_1/horarios_2024_1.xlsx,./dados/2024_1/salas_2024_1.csv,./dados/2024_1/salas_preferenciais_2024.1.xlsx,/Users/robertdrey/Documents/workspace/development/alocador_de_salas,resultados/experimentos/2024_1/novas_hibridas/dia_turno_depois_progr_2/melhor_solucao.sol,resultados/experimentos/2024_1/novas_hibridas/dia_turno_depois_progr_2/historico.csv,resultados/experimentos/2024_1/novas_hibridas/dia_turno_depois_progr_2/historico.json,dia_turno_curso -> curso -> par_cursos,progressiva,alfabetica,,alfabetica,,alfabetica,,180.0,1,180.0,600.0,1,0,TEMPO_TOTAL,2,,CC,CS,24
1,5,25,par_cursos,CC+EAS,92,17986,77004,OPTIMAL,185954.5,185954.5,False,185954.5,49.38,49.09,600.0,,,,alfabetica,,3,par_cursos,1,True,TEMPO_TOTAL,iteracao,dia_turno_curso_cursos_progr_ate_2,180.0,180.0,600.0,14400.0,False,False,alfabetica,,alfabetica,,./dados/2024_1/horarios_2024_1.xlsx,./dados/2024_1/salas_2024_1.csv,./dados/2024_1/salas_preferenciais_2024.1.xlsx,/Users/robertdrey/Documents/workspace/development/alocador_de_salas,resultados/experimentos/2024_1/novas_hibridas/dia_turno_depois_progr_2/melhor_solucao.sol,resultados/experimentos/2024_1/novas_hibridas/dia_turno_depois_progr_2/historico.csv,resultados/experimentos/2024_1/novas_hibridas/dia_turno_depois_progr_2/historico.json,dia_turno_curso -> curso -> par_cursos,progressiva,alfabetica,,alfabetica,,alfabetica,,180.0,1,180.0,600.0,1,0,TEMPO_TOTAL,2,,CC,EAS,25
1,5,26,par_cursos,CC+ENF,65,19044,75946,OPTIMAL,185954.5,185954.5,False,185954.5,155.97,155.66,600.0,,,,alfabetica,,3,par_cursos,1,True,TEMPO_TOTAL,iteracao,dia_turno_curso_cursos_progr_ate_2,180.0,180.0,600.0,14400.0,False,False,alfabetica,,alfabetica,,./dados/2024_1/horarios_2024_1.xlsx,./dados/2024_1/salas_2024_1.csv,./dados/2024_1/salas_preferenciais_2024.1.xlsx,/Users/robertdrey/Documents/workspace/development/alocador_de_salas,resultados/experimentos/2024_1/novas_hibridas/dia_turno_depois_progr_2/melhor_solucao.sol,resultados/experimentos/2024_1/novas_hibridas/dia_turno_depois_progr_2/historico.csv,resultados/experimentos/2024_1/novas_hibridas/dia_turno_depois_progr_2/historico.json,dia_turno_curso -> curso -> par_cursos,progressiva,alfabetica,,alfabetica,,alfabetica,,180.0,1,180.0,600.0,1,0,TEMPO_TOTAL,2,,CC,ENF,26
1,5,27,par_cursos,CC+FIL,62,13294,81696,OPTIMAL,185954.5,185790.5,True,185790.5,4.08,3.74,600.0,,,,alfabetica,,3,par_cursos,1,True,TEMPO_TOTAL,iteracao,dia_turno_curso_cursos_progr_ate_2,180.0,180.0,600.0,14400.0,False,False,alfabetica,,alfabetica,,./dados/2024_1/horarios_2024_1.xlsx,./dados/2024_1/salas_2024_1.csv,./dados/2024_1/salas_preferenciais_2024.1.xlsx,/Users/robertdrey/Documents/workspace/development/alocador_de_salas,resultados/experimentos/2024_1/novas_hibridas/dia_turno_depois_progr_2/melhor_solucao.sol,resultados/experimentos/2024_1/novas_hibridas/dia_turno_depois_progr_2/historico.csv,resultados/experimentos/2024_1/novas_hibridas/dia_turno_depois_progr_2/historico.json,dia_turno_curso -> curso -> par_cursos,progressiva,alfabetica,,alfabetica,,alfabetica,,180.0,1,180.0,600.0,1,0,TEMPO_TOTAL,2,,CC,FIL,27
1,5,28,par_cursos,CC+GEO,57,12604,82386,OPTIMAL,185790.5,185767.0,True,185767.0,34.31,33.96,600.0,,,,alfabetica,,3,par_cursos,1,True,TEMPO_TOTAL,iteracao,dia_turno_curso_cursos_progr_ate_2,180.0,180.0,600.0,14400.0,False,False,alfabetica,,alfabetica,,./dados/2024_1/horarios_2024_1.xlsx,./dados/2024_1/salas_2024_1.csv,./dados/2024_1/salas_preferenciais_2024.1.xlsx,/Users/robertdrey/Documents/workspace/development/alocador_de_salas,resultados/experimentos/2024_1/novas_hibridas/dia_turno_depois_progr_2/melhor_solucao.sol,resultados/experimentos/2024_1/novas_hibridas/dia_turno_depois_progr_2/historico.csv,resultados/experimentos/2024_1/novas_hibridas/dia_turno_depois_progr_2/historico.json,dia_turno_curso -> curso -> par_cursos,progressiva,alfabetica,,alfabetica,,alfabetica,,180.0,1,180.0,600.0,1,0,TEMPO_TOTAL,2,,CC,GEO,28
1,5,29,par_cursos,CC+HIS,71,15318,79672,OPTIMAL,185767.0,185767.0,False,185767.0,3.46,3.13,600.0,,,,alfabetica,,3,par_cursos,1,True,TEMPO_TOTAL,iteracao,dia_turno_curso_cursos_progr_ate_2,180.0,180.0,600.0,14400.0,False,False,alfabetica,,alfabetica,,./dados/2024_1/horarios_2024_1.xlsx,./dados/2024_1/salas_2024_1.csv,./dados/2024_1/salas_preferenciais_2024.1.xlsx,/Users/robertdrey/Documents/workspace/development/alocador_de_salas,resultados/experimentos/2024_1/novas_hibridas/dia_turno_depois_progr_2/melhor_solucao.sol,resultados/experimentos/2024_1/novas_hibridas/dia_turno_depois_progr_2/historico.csv,resultados/experimentos/2024_1/novas_hibridas/dia_turno_depois_progr_2/historico.json,dia_turno_curso -> curso -> par_cursos,progressiva,alfabetica,,alfabetica,,alfabetica,,180.0,1,180.0,600.0,1,0,TEMPO_TOTAL,2,,CC,HIS,29
1,5,30,par_cursos,CC+LET,83,19688,75302,OPTIMAL,185767.0,185396.0,True,185396.0,105.88,105.53,600.0,,,,alfabetica,,3,par_cursos,1,True,TEMPO_TOTAL,iteracao,dia_turno_curso_cursos_progr_ate_2,180.0,180.0,600.0,14400.0,False,False,alfabetica,,alfabetica,,./dados/2024_1/horarios_2024_1.xlsx,./dados/2024_1/salas_2024_1.csv,./dados/2024_1/salas_preferenciais_2024.1.xlsx,/Users/robertdrey/Documents/workspace/development/alocador_de_salas,resultados/experimentos/2024_1/novas_hibridas/dia_turno_depois_progr_2/melhor_solucao.sol,resultados/experimentos/2024_1/novas_hibridas/dia_turno_depois_progr_2/historico.csv,resultados/experimentos/2024_1/novas_hibridas/dia_turno_depois_progr_2/historico.json,dia_turno_curso -> curso -> par_cursos,progressiva,alfabetica,,alfabetica,,alfabetica,,180.0,1,180.0,600.0,1,0,TEMPO_TOTAL,2,,CC,LET,30
1,5,31,par_cursos,CC+MAT,70,15502,79488,OPTIMAL,185396.0,185396.0,False,185396.0,20.84,20.48,600.0,,,,alfabetica,,3,par_cursos,1,True,TEMPO_TOTAL,iteracao,dia_turno_curso_cursos_progr_ate_2,180.0,180.0,600.0,14400.0,False,False,alfabetica,,alfabetica,,./dados/2024_1/horarios_2024_1.xlsx,./dados/2024_1/salas_2024_1.csv,./dados/2024_1/salas_preferenciais_2024.1.xlsx,/Users/robertdrey/Documents/workspace/development/alocador_de_salas,resultados/experimentos/2024_1/novas_hibridas/dia_turno_depois_progr_2/melhor_solucao.sol,resultados/experimentos/2024_1/novas_hibridas/dia_turno_depois_progr_2/historico.csv,resultados/experimentos/2024_1/novas_hibridas/dia_turno_depois_progr_2/historico.json,dia_turno_curso -> curso -> par_cursos,progressiva,alfabetica,,alfabetica,,alfabetica,,180.0,1,180.0,600.0,1,0,TEMPO_TOTAL,2,,CC,MAT,31
1,5,32,par_cursos,CC+MED,88,19918,75072,OPTIMAL,185396.0,185396.0,False,185396.0,8.18,7.84,600.0,,,,alfabetica,,3,par_cursos,1,True,TEMPO_TOTAL,iteracao,dia_turno_curso_cursos_progr_ate_2,180.0,180.0,600.0,14400.0,False,False,alfabetica,,alfabetica,,./dados/2024_1/horarios_2024_1.xlsx,./dados/2024_1/salas_2024_1.csv,./dados/2024_1/salas_preferenciais_2024.1.xlsx,/Users/robertdrey/Documents/workspace/development/alocador_de_salas,resultados/experimentos/2024_1/novas_hibridas/dia_turno_depois_progr_2/melhor_solucao.sol,resultados/experimentos/2024_1/novas_hibridas/dia_turno_depois_progr_2/historico.csv,resultados/experimentos/2024_1/novas_hibridas/dia_turno_depois_progr_2/historico.json,dia_turno_curso -> curso -> par_cursos,progressiva,alfabetica,,alfabetica,,alfabetica,,180.0,1,180.0,600.0,1,0,TEMPO_TOTAL,2,,CC,MED,32
1,5,33,par_cursos,CC+PED,103,23322,71668,OPTIMAL,185396.0,185396.0,False,185396.0,78.73,78.37,600.0,,,,alfabetica,,3,par_cursos,1,True,TEMPO_TOTAL,iteracao,dia_turno_curso_cursos_progr_ate_2,180.0,180.0,600.0,14400.0,False,False,alfabetica,,alfabetica,,./dados/2024_1/horarios_2024_1.xlsx,./dados/2024_1/salas_2024_1.csv,./dados/2024_1/salas_preferenciais_2024.1.xlsx,/Users/robertdrey/Documents/workspace/development/alocador_de_salas,resultados/experimentos/2024_1/novas_hibridas/dia_turno_depois_progr_2/melhor_solucao.sol,resultados/experimentos/2024_1/novas_hibridas/dia_turno_depois_progr_2/historico.csv,resultados/experimentos/2024_1/novas_hibridas/dia_turno_depois_progr_2/historico.json,dia_turno_curso -> curso -> par_cursos,progressiva,alfabetica,,alfabetica,,alfabetica,,180.0,1,180.0,600.0,1,0,TEMPO_TOTAL,2,,CC,PED,33
1,5,34,par_cursos,CS+EAS,67,12006,82984,OPTIMAL,185396.0,185396.0,False,185396.0,0.98,0.63,600.0,,,,alfabetica,,3,par_cursos,1,True,TEMPO_TOTAL,iteracao,dia_turno_curso_cursos_progr_ate_2,180.0,180.0,600.0,14400.0,False,False,alfabetica,,alfabetica,,./dados/2024_1/horarios_2024_1.xlsx,./dados/2024_1/salas_2024_1.csv,./dados/2024_1/salas_preferenciais_2024.1.xlsx,/Users/robertdrey/Documents/workspace/development/alocador_de_salas,resultados/experimentos/2024_1/novas_hibridas/dia_turno_depois_progr_2/melhor_solucao.sol,resultados/experimentos/2024_1/novas_hibridas/dia_turno_depois_progr_2/historico.csv,resultados/experimentos/2024_1/novas_hibridas/dia_turno_depois_progr_2/historico.json,dia_turno_curso -> curso -> par_cursos,progressiva,alfabetica,,alfabetica,,alfabetica,,180.0,1,180.0,600.0,1,0,TEMPO_TOTAL,2,,CS,EAS,34
1,5,35,par_cursos,CS+ENF,40,13064,81926,OPTIMAL,185396.0,185396.0,False,185396.0,2.27,1.93,600.0,,,,alfabetica,,3,par_cursos,1,True,TEMPO_TOTAL,iteracao,dia_turno_curso_cursos_progr_ate_2,180.0,180.0,600.0,14400.0,False,False,alfabetica,,alfabetica,,./dados/2024_1/horarios_2024_1.xlsx,./dados/2024_1/salas_2024_1.csv,./dados/2024_1/salas_preferenciais_2024.1.xlsx,/Users/robertdrey/Documents/workspace/development/alocador_de_salas,resultados/experimentos/2024_1/novas_hibridas/dia_turno_depois_progr_2/melhor_solucao.sol,resultados/experimentos/2024_1/novas_hibridas/dia_turno_depois_progr_2/historico.csv,resultados/experimentos/2024_1/novas_hibridas/dia_turno_depois_progr_2/historico.json,dia_turno_curso -> curso -> par_cursos,progressiva,alfabetica,,alfabetica,,alfabetica,,180.0,1,180.0,600.0,1,0,TEMPO_TOTAL,2,,CS,ENF,35
1,5,36,par_cursos,CS+FIL,37,7314,87676,OPTIMAL,185396.0,185396.0,False,185396.0,0.78,0.4,600.0,,,,alfabetica,,3,par_cursos,1,True,TEMPO_TOTAL,iteracao,dia_turno_curso_cursos_progr_ate_2,180.0,180.0,600.0,14400.0,False,False,alfabetica,,alfabetica,,./dados/2024_1/horarios_2024_1.xlsx,./dados/2024_1/salas_2024_1.csv,./dados/2024_1/salas_preferenciais_2024.1.xlsx,/Users/robertdrey/Documents/workspace/development/alocador_de_salas,resultados/experimentos/2024_1/novas_hibridas/dia_turno_depois_progr_2/melhor_solucao.sol,resultados/experimentos/2024_1/novas_hibridas/dia_turno_depois_progr_2/historico.csv,resultados/experimentos/2024_1/novas_hibridas/dia_turno_depois_progr_2/historico.json,dia_turno_curso -> curso -> par_cursos,progressiva,alfabetica,,alfabetica,,alfabetica,,180.0,1,180.0,600.0,1,0,TEMPO_TOTAL,2,,CS,FIL,36
1,5,37,par_cursos,CS+GEO,32,6624,88366,OPTIMAL,185396.0,185396.0,False,185396.0,0.65,0.34,600.0,,,,alfabetica,,3,par_cursos,1,True,TEMPO_TOTAL,iteracao,dia_turno_curso_cursos_progr_ate_2,180.0,180.0,600.0,14400.0,False,False,alfabetica,,alfabetica,,./dados/2024_1/horarios_2024_1.xlsx,./dados/2024_1/salas_2024_1.csv,./dados/2024_1/salas_preferenciais_2024.1.xlsx,/Users/robertdrey/Documents/workspace/development/alocador_de_salas,resultados/experimentos/2024_1/novas_hibridas/dia_turno_depois_progr_2/melhor_solucao.sol,resultados/experimentos/2024_1/novas_hibridas/dia_turno_depois_progr_2/historico.csv,resultados/experimentos/2024_1/novas_hibridas/dia_turno_depois_progr_2/historico.json,dia_turno_curso -> curso -> par_cursos,progressiva,alfabetica,,alfabetica,,alfabetica,,180.0,1,180.0,600.0,1,0,TEMPO_TOTAL,2,,CS,GEO,37
1,5,38,par_cursos,CS+HIS,46,9338,85652,OPTIMAL,185396.0,185396.0,False,185396.0,0.9,0.58,600.0,,,,alfabetica,,3,par_cursos,1,True,TEMPO_TOTAL,iteracao,dia_turno_curso_cursos_progr_ate_2,180.0,180.0,600.0,14400.0,False,False,alfabetica,,alfabetica,,./dados/2024_1/horarios_2024_1.xlsx,./dados/2024_1/salas_2024_1.csv,./dados/2024_1/salas_preferenciais_2024.1.xlsx,/Users/robertdrey/Documents/workspace/development/alocador_de_salas,resultados/experimentos/2024_1/novas_hibridas/dia_turno_depois_progr_2/melhor_solucao.sol,resultados/experimentos/2024_1/novas_hibridas/dia_turno_depois_progr_2/historico.csv,resultados/experimentos/2024_1/novas_hibridas/dia_turno_depois_progr_2/historico.json,dia_turno_curso -> curso -> par_cursos,progressiva,alfabetica,,alfabetica,,alfabetica,,180.0,1,180.0,600.0,1,0,TEMPO_TOTAL,2,,CS,HIS,38
1,5,39,par_cursos,CS+LET,58,13708,81282,OPTIMAL,185396.0,185396.0,False,185396.0,1.58,1.25,600.0,,,,alfabetica,,3,par_cursos,1,True,TEMPO_TOTAL,iteracao,dia_turno_curso_cursos_progr_ate_2,180.0,180.0,600.0,14400.0,False,False,alfabetica,,alfabetica,,./dados/2024_1/horarios_2024_1.xlsx,./dados/2024_1/salas_2024_1.csv,./dados/2024_1/salas_preferenciais_2024.1.xlsx,/Users/robertdrey/Documents/workspace/development/alocador_de_salas,resultados/experimentos/2024_1/novas_hibridas/dia_turno_depois_progr_2/melhor_solucao.sol,resultados/experimentos/2024_1/novas_hibridas/dia_turno_depois_progr_2/historico.csv,resultados/experimentos/2024_1/novas_hibridas/dia_turno_depois_progr_2/historico.json,dia_turno_curso -> curso -> par_cursos,progressiva,alfabetica,,alfabetica,,alfabetica,,180.0,1,180.0,600.0,1,0,TEMPO_TOTAL,2,,CS,LET,39
1,5,40,par_cursos,CS+MAT,45,9522,85468,OPTIMAL,185396.0,185396.0,False,185396.0,0.84,0.53,600.0,,,,alfabetica,,3,par_cursos,1,True,TEMPO_TOTAL,iteracao,dia_turno_curso_cursos_progr_ate_2,180.0,180.0,600.0,14400.0,False,False,alfabetica,,alfabetica,,./dados/2024_1/horarios_2024_1.xlsx,./dados/2024_1/salas_2024_1.csv,./dados/2024_1/salas_preferenciais_2024.1.xlsx,/Users/robertdrey/Documents/workspace/development/alocador_de_salas,resultados/experimentos/2024_1/novas_hibridas/dia_turno_depois_progr_2/melhor_solucao.sol,resultados/experimentos/2024_1/novas_hibridas/dia_turno_depois_progr_2/historico.csv,resultados/experimentos/2024_1/novas_hibridas/dia_turno_depois_progr_2/historico.json,dia_turno_curso -> curso -> par_cursos,progressiva,alfabetica,,alfabetica,,alfabetica,,180.0,1,180.0,600.0,1,0,TEMPO_TOTAL,2,,CS,MAT,40
1,5,41,par_cursos,CS+MED,63,13938,81052,OPTIMAL,185396.0,185396.0,False,185396.0,1.48,1.16,600.0,,,,alfabetica,,3,par_cursos,1,True,TEMPO_TOTAL,iteracao,dia_turno_curso_cursos_progr_ate_2,180.0,180.0,600.0,14400.0,False,False,alfabetica,,alfabetica,,./dados/2024_1/horarios_2024_1.xlsx,./dados/2024_1/salas_2024_1.csv,./dados/2024_1/salas_preferenciais_2024.1.xlsx,/Users/robertdrey/Documents/workspace/development/alocador_de_salas,resultados/experimentos/2024_1/novas_hibridas/dia_turno_depois_progr_2/melhor_solucao.sol,resultados/experimentos/2024_1/novas_hibridas/dia_turno_depois_progr_2/historico.csv,resultados/experimentos/2024_1/novas_hibridas/dia_turno_depois_progr_2/historico.json,dia_turno_curso -> curso -> par_cursos,progressiva,alfabetica,,alfabetica,,alfabetica,,180.0,1,180.0,600.0,1,0,TEMPO_TOTAL,2,,CS,MED,41
1,5,42,par_cursos,CS+PED,78,17342,77648,OPTIMAL,185396.0,185396.0,False,185396.0,133.85,133.53,600.0,,,,alfabetica,,3,par_cursos,1,True,TEMPO_TOTAL,iteracao,dia_turno_curso_cursos_progr_ate_2,180.0,180.0,600.0,14400.0,False,False,alfabetica,,alfabetica,,./dados/2024_1/horarios_2024_1.xlsx,./dados/2024_1/salas_2024_1.csv,./dados/2024_1/salas_preferenciais_2024.1.xlsx,/Users/robertdrey/Documents/workspace/development/alocador_de_salas,resultados/experimentos/2024_1/novas_hibridas/dia_turno_depois_progr_2/melhor_solucao.sol,resultados/experimentos/2024_1/novas_hibridas/dia_turno_depois_progr_2/historico.csv,resultados/experimentos/2024_1/novas_hibridas/dia_turno_depois_progr_2/historico.json,dia_turno_curso -> curso -> par_cursos,progressiva,alfabetica,,alfabetica,,alfabetica,,180.0,1,180.0,600.0,1,0,TEMPO_TOTAL,2,,CS,PED,42
1,5,43,par_cursos,EAS+ENF,63,15962,79028,OPTIMAL,185396.0,185396.0,False,185396.0,4.58,4.24,600.0,,,,alfabetica,,3,par_cursos,1,True,TEMPO_TOTAL,iteracao,dia_turno_curso_cursos_progr_ate_2,180.0,180.0,600.0,14400.0,False,False,alfabetica,,alfabetica,,./dados/2024_1/horarios_2024_1.xlsx,./dados/2024_1/salas_2024_1.csv,./dados/2024_1/salas_preferenciais_2024.1.xlsx,/Users/robertdrey/Documents/workspace/development/alocador_de_salas,resultados/experimentos/2024_1/novas_hibridas/dia_turno_depois_progr_2/melhor_solucao.sol,resultados/experimentos/2024_1/novas_hibridas/dia_turno_depois_progr_2/historico.csv,resultados/experimentos/2024_1/novas_hibridas/dia_turno_depois_progr_2/historico.json,dia_turno_curso -> curso -> par_cursos,progressiva,alfabetica,,alfabetica,,alfabetica,,180.0,1,180.0,600.0,1,0,TEMPO_TOTAL,2,,EAS,ENF,43
1,5,44,par_cursos,EAS+FIL,60,10212,84778,OPTIMAL,185396.0,185396.0,False,185396.0,0.76,0.42,600.0,,,,alfabetica,,3,par_cursos,1,True,TEMPO_TOTAL,iteracao,dia_turno_curso_cursos_progr_ate_2,180.0,180.0,600.0,14400.0,False,False,alfabetica,,alfabetica,,./dados/2024_1/horarios_2024_1.xlsx,./dados/2024_1/salas_2024_1.csv,./dados/2024_1/salas_preferenciais_2024.1.xlsx,/Users/robertdrey/Documents/workspace/development/alocador_de_salas,resultados/experimentos/2024_1/novas_hibridas/dia_turno_depois_progr_2/melhor_solucao.sol,resultados/experimentos/2024_1/novas_hibridas/dia_turno_depois_progr_2/historico.csv,resultados/experimentos/2024_1/novas_hibridas/dia_turno_depois_progr_2/historico.json,dia_turno_curso -> curso -> par_cursos,progressiva,alfabetica,,alfabetica,,alfabetica,,180.0,1,180.0,600.0,1,0,TEMPO_TOTAL,2,,EAS,FIL,44
1,5,45,par_cursos,EAS+GEO,55,9522,85468,OPTIMAL,185396.0,185396.0,False,185396.0,0.69,0.39,600.0,,,,alfabetica,,3,par_cursos,1,True,TEMPO_TOTAL,iteracao,dia_turno_curso_cursos_progr_ate_2,180.0,180.0,600.0,14400.0,False,False,alfabetica,,alfabetica,,./dados/2024_1/horarios_2024_1.xlsx,./dados/2024_1/salas_2024_1.csv,./dados/2024_1/salas_preferenciais_2024.1.xlsx,/Users/robertdrey/Documents/workspace/development/alocador_de_salas,resultados/experimentos/2024_1/novas_hibridas/dia_turno_depois_progr_2/melhor_solucao.sol,resultados/experimentos/2024_1/novas_hibridas/dia_turno_depois_progr_2/historico.csv,resultados/experimentos/2024_1/novas_hibridas/dia_turno_depois_progr_2/historico.json,dia_turno_curso -> curso -> par_cursos,progressiva,alfabetica,,alfabetica,,alfabetica,,180.0,1,180.0,600.0,1,0,TEMPO_TOTAL,2,,EAS,GEO,45
1,5,46,par_cursos,EAS+HIS,69,12236,82754,OPTIMAL,185396.0,185396.0,False,185396.0,0.91,0.61,600.0,,,,alfabetica,,3,par_cursos,1,True,TEMPO_TOTAL,iteracao,dia_turno_curso_cursos_progr_ate_2,180.0,180.0,600.0,14400.0,False,False,alfabetica,,alfabetica,,./dados/2024_1/horarios_2024_1.xlsx,./dados/2024_1/salas_2024_1.csv,./dados/2024_1/salas_preferenciais_2024.1.xlsx,/Users/robertdrey/Documents/workspace/development/alocador_de_salas,resultados/experimentos/2024_1/novas_hibridas/dia_turno_depois_progr_2/melhor_solucao.sol,resultados/experimentos/2024_1/novas_hibridas/dia_turno_depois_progr_2/historico.csv,resultados/experimentos/2024_1/novas_hibridas/dia_turno_depois_progr_2/historico.json,dia_turno_curso -> curso -> par_cursos,progressiva,alfabetica,,alfabetica,,alfabetica,,180.0,1,180.0,600.0,1,0,TEMPO_TOTAL,2,,EAS,HIS,46
1,5,47,par_cursos,EAS+LET,81,16606,78384,OPTIMAL,185396.0,185396.0,False,185396.0,1.62,1.3,600.0,,,,alfabetica,,3,par_cursos,1,True,TEMPO_TOTAL,iteracao,dia_turno_curso_cursos_progr_ate_2,180.0,180.0,600.0,14400.0,False,False,alfabetica,,alfabetica,,./dados/2024_1/horarios_2024_1.xlsx,./dados/2024_1/salas_2024_1.csv,./dados/2024_1/salas_preferenciais_2024.1.xlsx,/Users/robertdrey/Documents/workspace/development/alocador_de_salas,resultados/experimentos/2024_1/novas_hibridas/dia_turno_depois_progr_2/melhor_solucao.sol,resultados/experimentos/2024_1/novas_hibridas/dia_turno_depois_progr_2/historico.csv,resultados/experimentos/2024_1/novas_hibridas/dia_turno_depois_progr_2/historico.json,dia_turno_curso -> curso -> par_cursos,progressiva,alfabetica,,alfabetica,,alfabetica,,180.0,1,180.0,600.0,1,0,TEMPO_TOTAL,2,,EAS,LET,47
1,5,48,par_cursos,EAS+MAT,68,12420,82570,OPTIMAL,185396.0,185385.5,True,185385.5,1.36,1.0,600.0,,,,alfabetica,,3,par_cursos,1,True,TEMPO_TOTAL,iteracao,dia_turno_curso_cursos_progr_ate_2,180.0,180.0,600.0,14400.0,False,False,alfabetica,,alfabetica,,./dados/2024_1/horarios_2024_1.xlsx,./dados/2024_1/salas_2024_1.csv,./dados/2024_1/salas_preferenciais_2024.1.xlsx,/Users/robertdrey/Documents/workspace/development/alocador_de_salas,resultados/experimentos/2024_1/novas_hibridas/dia_turno_depois_progr_2/melhor_solucao.sol,resultados/experimentos/2024_1/novas_hibridas/dia_turno_depois_progr_2/historico.csv,resultados/experimentos/2024_1/novas_hibridas/dia_turno_depois_progr_2/historico.json,dia_turno_curso -> curso -> par_cursos,progressiva,alfabetica,,alfabetica,,alfabetica,,180.0,1,180.0,600.0,1,0,TEMPO_TOTAL,2,,EAS,MAT,48
1,5,49,par_cursos,EAS+MED,86,16836,78154,OPTIMAL,185385.5,185385.5,False,185385.5,2.39,2.03,600.0,,,,alfabetica,,3,par_cursos,1,True,TEMPO_TOTAL,iteracao,dia_turno_curso_cursos_progr_ate_2,180.0,180.0,600.0,14400.0,False,False,alfabetica,,alfabetica,,./dados/2024_1/horarios_2024_1.xlsx,./dados/2024_1/salas_2024_1.csv,./dados/2024_1/salas_preferenciais_2024.1.xlsx,/Users/robertdrey/Documents/workspace/development/alocador_de_salas,resultados/experimentos/2024_1/novas_hibridas/dia_turno_depois_progr_2/melhor_solucao.sol,resultados/experimentos/2024_1/novas_hibridas/dia_turno_depois_progr_2/historico.csv,resultados/experimentos/2024_1/novas_hibridas/dia_turno_depois_progr_2/historico.json,dia_turno_curso -> curso -> par_cursos,progressiva,alfabetica,,alfabetica,,alfabetica,,180.0,1,180.0,600.0,1,0,TEMPO_TOTAL,2,,EAS,MED,49
1,5,50,par_cursos,EAS+PED,101,20240,74750,OPTIMAL,185385.5,185385.5,False,185385.5,17.98,17.63,600.0,,,,alfabetica,,3,par_cursos,1,True,TEMPO_TOTAL,iteracao,dia_turno_curso_cursos_progr_ate_2,180.0,180.0,600.0,14400.0,False,False,alfabetica,,alfabetica,,./dados/2024_1/horarios_2024_1.xlsx,./dados/2024_1/salas_2024_1.csv,./dados/2024_1/salas_preferenciais_2024.1.xlsx,/Users/robertdrey/Documents/workspace/development/alocador_de_salas,resultados/experimentos/2024_1/novas_hibridas/dia_turno_depois_progr_2/melhor_solucao.sol,resultados/experimentos/2024_1/novas_hibridas/dia_turno_depois_progr_2/historico.csv,resultados/experimentos/2024_1/novas_hibridas/dia_turno_depois_progr_2/historico.json,dia_turno_curso -> curso -> par_cursos,progressiva,alfabetica,,alfabetica,,alfabetica,,180.0,1,180.0,600.0,1,0,TEMPO_TOTAL,2,,EAS,PED,50
1,5,51,par_cursos,ENF+FIL,33,11270,83720,OPTIMAL,185385.5,185385.5,False,185385.5,1.96,1.59,600.0,,,,alfabetica,,3,par_cursos,1,True,TEMPO_TOTAL,iteracao,dia_turno_curso_cursos_progr_ate_2,180.0,180.0,600.0,14400.0,False,False,alfabetica,,alfabetica,,./dados/2024_1/horarios_2024_1.xlsx,./dados/2024_1/salas_2024_1.csv,./dados/2024_1/salas_preferenciais_2024.1.xlsx,/Users/robertdrey/Documents/workspace/development/alocador_de_salas,resultados/experimentos/2024_1/novas_hibridas/dia_turno_depois_progr_2/melhor_solucao.sol,resultados/experimentos/2024_1/novas_hibridas/dia_turno_depois_progr_2/historico.csv,resultados/experimentos/2024_1/novas_hibridas/dia_turno_depois_progr_2/historico.json,dia_turno_curso -> curso -> par_cursos,progressiva,alfabetica,,alfabetica,,alfabetica,,180.0,1,180.0,600.0,1,0,TEMPO_TOTAL,2,,ENF,FIL,51
1,5,52,par_cursos,ENF+GEO,28,10580,84410,OPTIMAL,185385.5,185385.5,False,185385.5,2.24,1.89,600.0,,,,alfabetica,,3,par_cursos,1,True,TEMPO_TOTAL,iteracao,dia_turno_curso_cursos_progr_ate_2,180.0,180.0,600.0,14400.0,False,False,alfabetica,,alfabetica,,./dados/2024_1/horarios_2024_1.xlsx,./dados/2024_1/salas_2024_1.csv,./dados/2024_1/salas_preferenciais_2024.1.xlsx,/Users/robertdrey/Documents/workspace/development/alocador_de_salas,resultados/experimentos/2024_1/novas_hibridas/dia_turno_depois_progr_2/melhor_solucao.sol,resultados/experimentos/2024_1/novas_hibridas/dia_turno_depois_progr_2/historico.csv,resultados/experimentos/2024_1/novas_hibridas/dia_turno_depois_progr_2/historico.json,dia_turno_curso -> curso -> par_cursos,progressiva,alfabetica,,alfabetica,,alfabetica,,180.0,1,180.0,600.0,1,0,TEMPO_TOTAL,2,,ENF,GEO,52
1,5,53,par_cursos,ENF+HIS,42,13294,81696,OPTIMAL,185385.5,185385.5,False,185385.5,2.2,1.84,600.0,,,,alfabetica,,3,par_cursos,1,True,TEMPO_TOTAL,iteracao,dia_turno_curso_cursos_progr_ate_2,180.0,180.0,600.0,14400.0,False,False,alfabetica,,alfabetica,,./dados/2024_1/horarios_2024_1.xlsx,./dados/2024_1/salas_2024_1.csv,./dados/2024_1/salas_preferenciais_2024.1.xlsx,/Users/robertdrey/Documents/workspace/development/alocador_de_salas,resultados/experimentos/2024_1/novas_hibridas/dia_turno_depois_progr_2/melhor_solucao.sol,resultados/experimentos/2024_1/novas_hibridas/dia_turno_depois_progr_2/historico.csv,resultados/experimentos/2024_1/novas_hibridas/dia_turno_depois_progr_2/historico.json,dia_turno_curso -> curso -> par_cursos,progressiva,alfabetica,,alfabetica,,alfabetica,,180.0,1,180.0,600.0,1,0,TEMPO_TOTAL,2,,ENF,HIS,53
1,5,54,par_cursos,ENF+LET,54,17664,77326,OPTIMAL,185385.5,185385.5,False,185385.5,6.67,6.33,600.0,,,,alfabetica,,3,par_cursos,1,True,TEMPO_TOTAL,iteracao,dia_turno_curso_cursos_progr_ate_2,180.0,180.0,600.0,14400.0,False,False,alfabetica,,alfabetica,,./dados/2024_1/horarios_2024_1.xlsx,./dados/2024_1/salas_2024_1.csv,./dados/2024_1/salas_preferenciais_2024.1.xlsx,/Users/robertdrey/Documents/workspace/development/alocador_de_salas,resultados/experimentos/2024_1/novas_hibridas/dia_turno_depois_progr_2/melhor_solucao.sol,resultados/experimentos/2024_1/novas_hibridas/dia_turno_depois_progr_2/historico.csv,resultados/experimentos/2024_1/novas_hibridas/dia_turno_depois_progr_2/historico.json,dia_turno_curso -> curso -> par_cursos,progressiva,alfabetica,,alfabetica,,alfabetica,,180.0,1,180.0,600.0,1,0,TEMPO_TOTAL,2,,ENF,LET,54
1,5,55,par_cursos,ENF+MAT,41,13478,81512,OPTIMAL,185385.5,185385.5,False,185385.5,2.53,2.19,600.0,,,,alfabetica,,3,par_cursos,1,True,TEMPO_TOTAL,iteracao,dia_turno_curso_cursos_progr_ate_2,180.0,180.0,600.0,14400.0,False,False,alfabetica,,alfabetica,,./dados/2024_1/horarios_2024_1.xlsx,./dados/2024_1/salas_2024_1.csv,./dados/2024_1/salas_preferenciais_2024.1.xlsx,/Users/robertdrey/Documents/workspace/development/alocador_de_salas,resultados/experimentos/2024_1/novas_hibridas/dia_turno_depois_progr_2/melhor_solucao.sol,resultados/experimentos/2024_1/novas_hibridas/dia_turno_depois_progr_2/historico.csv,resultados/experimentos/2024_1/novas_hibridas/dia_turno_depois_progr_2/historico.json,dia_turno_curso -> curso -> par_cursos,progressiva,alfabetica,,alfabetica,,alfabetica,,180.0,1,180.0,600.0,1,0,TEMPO_TOTAL,2,,ENF,MAT,55
1,5,56,par_cursos,ENF+MED,59,17894,77096,OPTIMAL,185385.5,185385.5,False,185385.5,28.15,27.79,600.0,,,,alfabetica,,3,par_cursos,1,True,TEMPO_TOTAL,iteracao,dia_turno_curso_cursos_progr_ate_2,180.0,180.0,600.0,14400.0,False,False,alfabetica,,alfabetica,,./dados/2024_1/horarios_2024_1.xlsx,./dados/2024_1/salas_2024_1.csv,./dados/2024_1/salas_preferenciais_2024.1.xlsx,/Users/robertdrey/Documents/workspace/development/alocador_de_salas,resultados/experimentos/2024_1/novas_hibridas/dia_turno_depois_progr_2/melhor_solucao.sol,resultados/experimentos/2024_1/novas_hibridas/dia_turno_depois_progr_2/historico.csv,resultados/experimentos/2024_1/novas_hibridas/dia_turno_depois_progr_2/historico.json,dia_turno_curso -> curso -> par_cursos,progressiva,alfabetica,,alfabetica,,alfabetica,,180.0,1,180.0,600.0,1,0,TEMPO_TOTAL,2,,ENF,MED,56
1,5,57,par_cursos,ENF+PED,74,21298,73692,OPTIMAL,185385.5,185385.5,False,185385.5,115.19,114.85,600.0,,,,alfabetica,,3,par_cursos,1,True,TEMPO_TOTAL,iteracao,dia_turno_curso_cursos_progr_ate_2,180.0,180.0,600.0,14400.0,False,False,alfabetica,,alfabetica,,./dados/2024_1/horarios_2024_1.xlsx,./dados/2024_1/salas_2024_1.csv,./dados/2024_1/salas_preferenciais_2024.1.xlsx,/Users/robertdrey/Documents/workspace/development/alocador_de_salas,resultados/experimentos/2024_1/novas_hibridas/dia_turno_depois_progr_2/melhor_solucao.sol,resultados/experimentos/2024_1/novas_hibridas/dia_turno_depois_progr_2/historico.csv,resultados/experimentos/2024_1/novas_hibridas/dia_turno_depois_progr_2/historico.json,dia_turno_curso -> curso -> par_cursos,progressiva,alfabetica,,alfabetica,,alfabetica,,180.0,1,180.0,600.0,1,0,TEMPO_TOTAL,2,,ENF,PED,57
1,5,58,par_cursos,FIL+GEO,25,4830,90160,OPTIMAL,185385.5,185385.5,False,185385.5,0.63,0.31,600.0,,,,alfabetica,,3,par_cursos,1,True,TEMPO_TOTAL,iteracao,dia_turno_curso_cursos_progr_ate_2,180.0,180.0,600.0,14400.0,False,False,alfabetica,,alfabetica,,./dados/2024_1/horarios_2024_1.xlsx,./dados/2024_1/salas_2024_1.csv,./dados/2024_1/salas_preferenciais_2024.1.xlsx,/Users/robertdrey/Documents/workspace/development/alocador_de_salas,resultados/experimentos/2024_1/novas_hibridas/dia_turno_depois_progr_2/melhor_solucao.sol,resultados/experimentos/2024_1/novas_hibridas/dia_turno_depois_progr_2/historico.csv,resultados/experimentos/2024_1/novas_hibridas/dia_turno_depois_progr_2/historico.json,dia_turno_curso -> curso -> par_cursos,progressiva,alfabetica,,alfabetica,,alfabetica,,180.0,1,180.0,600.0,1,0,TEMPO_TOTAL,2,,FIL,GEO,58
1,5,59,par_cursos,FIL+HIS,39,7544,87446,OPTIMAL,185385.5,185385.5,False,185385.5,0.64,0.34,600.0,,,,alfabetica,,3,par_cursos,1,True,TEMPO_TOTAL,iteracao,dia_turno_curso_cursos_progr_ate_2,180.0,180.0,600.0,14400.0,False,False,alfabetica,,alfabetica,,./dados/2024_1/horarios_2024_1.xlsx,./dados/2024_1/salas_2024_1.csv,./dados/2024_1/salas_preferenciais_2024.1.xlsx,/Users/robertdrey/Documents/workspace/development/alocador_de_salas,resultados/experimentos/2024_1/novas_hibridas/dia_turno_depois_progr_2/melhor_solucao.sol,resultados/experimentos/2024_1/novas_hibridas/dia_turno_depois_progr_2/historico.csv,resultados/experimentos/2024_1/novas_hibridas/dia_turno_depois_progr_2/historico.json,dia_turno_curso -> curso -> par_cursos,progressiva,alfabetica,,alfabetica,,alfabetica,,180.0,1,180.0,600.0,1,0,TEMPO_TOTAL,2,,FIL,HIS,59
1,5,60,par_cursos,FIL+LET,51,11914,83076,OPTIMAL,185385.5,185385.5,False,185385.5,1.42,1.1,600.0,,,,alfabetica,,3,par_cursos,1,True,TEMPO_TOTAL,iteracao,dia_turno_curso_cursos_progr_ate_2,180.0,180.0,600.0,14400.0,False,False,alfabetica,,alfabetica,,./dados/2024_1/horarios_2024_1.xlsx,./dados/2024_1/salas_2024_1.csv,./dados/2024_1/salas_preferenciais_2024.1.xlsx,/Users/robertdrey/Documents/workspace/development/alocador_de_salas,resultados/experimentos/2024_1/novas_hibridas/dia_turno_depois_progr_2/melhor_solucao.sol,resultados/experimentos/2024_1/novas_hibridas/dia_turno_depois_progr_2/historico.csv,resultados/experimentos/2024_1/novas_hibridas/dia_turno_depois_progr_2/historico.json,dia_turno_curso -> curso -> par_cursos,progressiva,alfabetica,,alfabetica,,alfabetica,,180.0,1,180.0,600.0,1,0,TEMPO_TOTAL,2,,FIL,LET,60
1,5,61,par_cursos,FIL+MAT,38,7728,87262,OPTIMAL,185385.5,185385.5,False,185385.5,0.68,0.36,600.0,,,,alfabetica,,3,par_cursos,1,True,TEMPO_TOTAL,iteracao,dia_turno_curso_cursos_progr_ate_2,180.0,180.0,600.0,14400.0,False,False,alfabetica,,alfabetica,,./dados/2024_1/horarios_2024_1.xlsx,./dados/2024_1/salas_2024_1.csv,./dados/2024_1/salas_preferenciais_2024.1.xlsx,/Users/robertdrey/Documents/workspace/development/alocador_de_salas,resultados/experimentos/2024_1/novas_hibridas/dia_turno_depois_progr_2/melhor_solucao.sol,resultados/experimentos/2024_1/novas_hibridas/dia_turno_depois_progr_2/historico.csv,resultados/experimentos/2024_1/novas_hibridas/dia_turno_depois_progr_2/historico.json,dia_turno_curso -> curso -> par_cursos,progressiva,alfabetica,,alfabetica,,alfabetica,,180.0,1,180.0,600.0,1,0,TEMPO_TOTAL,2,,FIL,MAT,61
1,5,62,par_cursos,FIL+MED,56,12144,82846,OPTIMAL,185385.5,185385.5,False,185385.5,1.25,0.95,600.0,,,,alfabetica,,3,par_cursos,1,True,TEMPO_TOTAL,iteracao,dia_turno_curso_cursos_progr_ate_2,180.0,180.0,600.0,14400.0,False,False,alfabetica,,alfabetica,,./dados/2024_1/horarios_2024_1.xlsx,./dados/2024_1/salas_2024_1.csv,./dados/2024_1/salas_preferenciais_2024.1.xlsx,/Users/robertdrey/Documents/workspace/development/alocador_de_salas,resultados/experimentos/2024_1/novas_hibridas/dia_turno_depois_progr_2/melhor_solucao.sol,resultados/experimentos/2024_1/novas_hibridas/dia_turno_depois_progr_2/historico.csv,resultados/experimentos/2024_1/novas_hibridas/dia_turno_depois_progr_2/historico.json,dia_turno_curso -> curso -> par_cursos,progressiva,alfabetica,,alfabetica,,alfabetica,,180.0,1,180.0,600.0,1,0,TEMPO_TOTAL,2,,FIL,MED,62
1,5,63,par_cursos,FIL+PED,71,15548,79442,OPTIMAL,185385.5,185385.5,False,185385.5,135.01,134.69,600.0,,,,alfabetica,,3,par_cursos,1,True,TEMPO_TOTAL,iteracao,dia_turno_curso_cursos_progr_ate_2,180.0,180.0,600.0,14400.0,False,False,alfabetica,,alfabetica,,./dados/2024_1/horarios_2024_1.xlsx,./dados/2024_1/salas_2024_1.csv,./dados/2024_1/salas_preferenciais_2024.1.xlsx,/Users/robertdrey/Documents/workspace/development/alocador_de_salas,resultados/experimentos/2024_1/novas_hibridas/dia_turno_depois_progr_2/melhor_solucao.sol,resultados/experimentos/2024_1/novas_hibridas/dia_turno_depois_progr_2/historico.csv,resultados/experimentos/2024_1/novas_hibridas/dia_turno_depois_progr_2/historico.json,dia_turno_curso -> curso -> par_cursos,progressiva,alfabetica,,alfabetica,,alfabetica,,180.0,1,180.0,600.0,1,0,TEMPO_TOTAL,2,,FIL,PED,63
1,5,64,par_cursos,GEO+HIS,34,6854,88136,OPTIMAL,185385.5,185385.5,False,185385.5,0.72,0.4,600.0,,,,alfabetica,,3,par_cursos,1,True,TEMPO_TOTAL,iteracao,dia_turno_curso_cursos_progr_ate_2,180.0,180.0,600.0,14400.0,False,False,alfabetica,,alfabetica,,./dados/2024_1/horarios_2024_1.xlsx,./dados/2024_1/salas_2024_1.csv,./dados/2024_1/salas_preferenciais_2024.1.xlsx,/Users/robertdrey/Documents/workspace/development/alocador_de_salas,resultados/experimentos/2024_1/novas_hibridas/dia_turno_depois_progr_2/melhor_solucao.sol,resultados/experimentos/2024_1/novas_hibridas/dia_turno_depois_progr_2/historico.csv,resultados/experimentos/2024_1/novas_hibridas/dia_turno_depois_progr_2/historico.json,dia_turno_curso -> curso -> par_cursos,progressiva,alfabetica,,alfabetica,,alfabetica,,180.0,1,180.0,600.0,1,0,TEMPO_TOTAL,2,,GEO,HIS,64
1,5,65,par_cursos,GEO+LET,46,11224,83766,OPTIMAL,185385.5,185382.5,True,185382.5,2.61,2.29,600.0,,,,alfabetica,,3,par_cursos,1,True,TEMPO_TOTAL,iteracao,dia_turno_curso_cursos_progr_ate_2,180.0,180.0,600.0,14400.0,False,False,alfabetica,,alfabetica,,./dados/2024_1/horarios_2024_1.xlsx,./dados/2024_1/salas_2024_1.csv,./dados/2024_1/salas_preferenciais_2024.1.xlsx,/Users/robertdrey/Documents/workspace/development/alocador_de_salas,resultados/experimentos/2024_1/novas_hibridas/dia_turno_depois_progr_2/melhor_solucao.sol,resultados/experimentos/2024_1/novas_hibridas/dia_turno_depois_progr_2/historico.csv,resultados/experimentos/2024_1/novas_hibridas/dia_turno_depois_progr_2/historico.json,dia_turno_curso -> curso -> par_cursos,progressiva,alfabetica,,alfabetica,,alfabetica,,180.0,1,180.0,600.0,1,0,TEMPO_TOTAL,2,,GEO,LET,65
1,5,66,par_cursos,GEO+MAT,33,7038,87952,OPTIMAL,185382.5,185382.5,False,185382.5,0.73,0.39,600.0,,,,alfabetica,,3,par_cursos,1,True,TEMPO_TOTAL,iteracao,dia_turno_curso_cursos_progr_ate_2,180.0,180.0,600.0,14400.0,False,False,alfabetica,,alfabetica,,./dados/2024_1/horarios_2024_1.xlsx,./dados/2024_1/salas_2024_1.csv,./dados/2024_1/salas_preferenciais_2024.1.xlsx,/Users/robertdrey/Documents/workspace/development/alocador_de_salas,resultados/experimentos/2024_1/novas_hibridas/dia_turno_depois_progr_2/melhor_solucao.sol,resultados/experimentos/2024_1/novas_hibridas/dia_turno_depois_progr_2/historico.csv,resultados/experimentos/2024_1/novas_hibridas/dia_turno_depois_progr_2/historico.json,dia_turno_curso -> curso -> par_cursos,progressiva,alfabetica,,alfabetica,,alfabetica,,180.0,1,180.0,600.0,1,0,TEMPO_TOTAL,2,,GEO,MAT,66
1,5,67,par_cursos,GEO+MED,51,11454,83536,OPTIMAL,185382.5,185382.5,False,185382.5,1.23,0.91,600.0,,,,alfabetica,,3,par_cursos,1,True,TEMPO_TOTAL,iteracao,dia_turno_curso_cursos_progr_ate_2,180.0,180.0,600.0,14400.0,False,False,alfabetica,,alfabetica,,./dados/2024_1/horarios_2024_1.xlsx,./dados/2024_1/salas_2024_1.csv,./dados/2024_1/salas_preferenciais_2024.1.xlsx,/Users/robertdrey/Documents/workspace/development/alocador_de_salas,resultados/experimentos/2024_1/novas_hibridas/dia_turno_depois_progr_2/melhor_solucao.sol,resultados/experimentos/2024_1/novas_hibridas/dia_turno_depois_progr_2/historico.csv,resultados/experimentos/2024_1/novas_hibridas/dia_turno_depois_progr_2/historico.json,dia_turno_curso -> curso -> par_cursos,progressiva,alfabetica,,alfabetica,,alfabetica,,180.0,1,180.0,600.0,1,0,TEMPO_TOTAL,2,,GEO,MED,67
1,5,68,par_cursos,GEO+PED,66,14858,80132,OPTIMAL,185382.5,185382.5,False,185382.5,16.81,16.47,600.0,,,,alfabetica,,3,par_cursos,1,True,TEMPO_TOTAL,iteracao,dia_turno_curso_cursos_progr_ate_2,180.0,180.0,600.0,14400.0,False,False,alfabetica,,alfabetica,,./dados/2024_1/horarios_2024_1.xlsx,./dados/2024_1/salas_2024_1.csv,./dados/2024_1/salas_preferenciais_2024.1.xlsx,/Users/robertdrey/Documents/workspace/development/alocador_de_salas,resultados/experimentos/2024_1/novas_hibridas/dia_turno_depois_progr_2/melhor_solucao.sol,resultados/experimentos/2024_1/novas_hibridas/dia_turno_depois_progr_2/historico.csv,resultados/experimentos/2024_1/novas_hibridas/dia_turno_depois_progr_2/historico.json,dia_turno_curso -> curso -> par_cursos,progressiva,alfabetica,,alfabetica,,alfabetica,,180.0,1,180.0,600.0,1,0,TEMPO_TOTAL,2,,GEO,PED,68
1,5,69,par_cursos,HIS+LET,60,13938,81052,OPTIMAL,185382.5,185382.5,False,185382.5,2.18,1.82,600.0,,,,alfabetica,,3,par_cursos,1,True,TEMPO_TOTAL,iteracao,dia_turno_curso_cursos_progr_ate_2,180.0,180.0,600.0,14400.0,False,False,alfabetica,,alfabetica,,./dados/2024_1/horarios_2024_1.xlsx,./dados/2024_1/salas_2024_1.csv,./dados/2024_1/salas_preferenciais_2024.1.xlsx,/Users/robertdrey/Documents/workspace/development/alocador_de_salas,resultados/experimentos/2024_1/novas_hibridas/dia_turno_depois_progr_2/melhor_solucao.sol,resultados/experimentos/2024_1/novas_hibridas/dia_turno_depois_progr_2/historico.csv,resultados/experimentos/2024_1/novas_hibridas/dia_turno_depois_progr_2/historico.json,dia_turno_curso -> curso -> par_cursos,progressiva,alfabetica,,alfabetica,,alfabetica,,180.0,1,180.0,600.0,1,0,TEMPO_TOTAL,2,,HIS,LET,69
1,5,70,par_cursos,HIS+MAT,47,9752,85238,OPTIMAL,185382.5,185382.5,False,185382.5,0.77,0.46,600.0,,,,alfabetica,,3,par_cursos,1,True,TEMPO_TOTAL,iteracao,dia_turno_curso_cursos_progr_ate_2,180.0,180.0,600.0,14400.0,False,False,alfabetica,,alfabetica,,./dados/2024_1/horarios_2024_1.xlsx,./dados/2024_1/salas_2024_1.csv,./dados/2024_1/salas_preferenciais_2024.1.xlsx,/Users/robertdrey/Documents/workspace/development/alocador_de_salas,resultados/experimentos/2024_1/novas_hibridas/dia_turno_depois_progr_2/melhor_solucao.sol,resultados/experimentos/2024_1/novas_hibridas/dia_turno_depois_progr_2/historico.csv,resultados/experimentos/2024_1/novas_hibridas/dia_turno_depois_progr_2/historico.json,dia_turno_curso -> curso -> par_cursos,progressiva,alfabetica,,alfabetica,,alfabetica,,180.0,1,180.0,600.0,1,0,TEMPO_TOTAL,2,,HIS,MAT,70
1,5,71,par_cursos,HIS+MED,65,14168,80822,OPTIMAL,185382.5,185382.5,False,185382.5,1.34,1.02,600.0,,,,alfabetica,,3,par_cursos,1,True,TEMPO_TOTAL,iteracao,dia_turno_curso_cursos_progr_ate_2,180.0,180.0,600.0,14400.0,False,False,alfabetica,,alfabetica,,./dados/2024_1/horarios_2024_1.xlsx,./dados/2024_1/salas_2024_1.csv,./dados/2024_1/salas_preferenciais_2024.1.xlsx,/Users/robertdrey/Documents/workspace/development/alocador_de_salas,resultados/experimentos/2024_1/novas_hibridas/dia_turno_depois_progr_2/melhor_solucao.sol,resultados/experimentos/2024_1/novas_hibridas/dia_turno_depois_progr_2/historico.csv,resultados/experimentos/2024_1/novas_hibridas/dia_turno_depois_progr_2/historico.json,dia_turno_curso -> curso -> par_cursos,progressiva,alfabetica,,alfabetica,,alfabetica,,180.0,1,180.0,600.0,1,0,TEMPO_TOTAL,2,,HIS,MED,71
1,5,72,par_cursos,HIS+PED,80,17572,77418,OPTIMAL,185382.5,185382.5,False,185382.5,16.57,16.24,600.0,,,,alfabetica,,3,par_cursos,1,True,TEMPO_TOTAL,iteracao,dia_turno_curso_cursos_progr_ate_2,180.0,180.0,600.0,14400.0,False,False,alfabetica,,alfabetica,,./dados/2024_1/horarios_2024_1.xlsx,./dados/2024_1/salas_2024_1.csv,./dados/2024_1/salas_preferenciais_2024.1.xlsx,/Users/robertdrey/Documents/workspace/development/alocador_de_salas,resultados/experimentos/2024_1/novas_hibridas/dia_turno_depois_progr_2/melhor_solucao.sol,resultados/experimentos/2024_1/novas_hibridas/dia_turno_depois_progr_2/historico.csv,resultados/experimentos/2024_1/novas_hibridas/dia_turno_depois_progr_2/historico.json,dia_turno_curso -> curso -> par_cursos,progressiva,alfabetica,,alfabetica,,alfabetica,,180.0,1,180.0,600.0,1,0,TEMPO_TOTAL,2,,HIS,PED,72
1,5,73,par_cursos,LET+MAT,59,14122,80868,OPTIMAL,185382.5,185382.5,False,185382.5,1.55,1.21,600.0,,,,alfabetica,,3,par_cursos,1,True,TEMPO_TOTAL,iteracao,dia_turno_curso_cursos_progr_ate_2,180.0,180.0,600.0,14400.0,False,False,alfabetica,,alfabetica,,./dados/2024_1/horarios_2024_1.xlsx,./dados/2024_1/salas_2024_1.csv,./dados/2024_1/salas_preferenciais_2024.1.xlsx,/Users/robertdrey/Documents/workspace/development/alocador_de_salas,resultados/experimentos/2024_1/novas_hibridas/dia_turno_depois_progr_2/melhor_solucao.sol,resultados/experimentos/2024_1/novas_hibridas/dia_turno_depois_progr_2/historico.csv,resultados/experimentos/2024_1/novas_hibridas/dia_turno_depois_progr_2/historico.json,dia_turno_curso -> curso -> par_cursos,progressiva,alfabetica,,alfabetica,,alfabetica,,180.0,1,180.0,600.0,1,0,TEMPO_TOTAL,2,,LET,MAT,73
1,5,74,par_cursos,LET+MED,77,18538,76452,OPTIMAL,185382.5,185382.5,False,185382.5,2.08,1.77,600.0,,,,alfabetica,,3,par_cursos,1,True,TEMPO_TOTAL,iteracao,dia_turno_curso_cursos_progr_ate_2,180.0,180.0,600.0,14400.0,False,False,alfabetica,,alfabetica,,./dados/2024_1/horarios_2024_1.xlsx,./dados/2024_1/salas_2024_1.csv,./dados/2024_1/salas_preferenciais_2024.1.xlsx,/Users/robertdrey/Documents/workspace/development/alocador_de_salas,resultados/experimentos/2024_1/novas_hibridas/dia_turno_depois_progr_2/melhor_solucao.sol,resultados/experimentos/2024_1/novas_hibridas/dia_turno_depois_progr_2/historico.csv,resultados/experimentos/2024_1/novas_hibridas/dia_turno_depois_progr_2/historico.json,dia_turno_curso -> curso -> par_cursos,progressiva,alfabetica,,alfabetica,,alfabetica,,180.0,1,180.0,600.0,1,0,TEMPO_TOTAL,2,,LET,MED,74
1,5,75,par_cursos,LET+PED,92,21942,73048,OPTIMAL,185382.5,185382.5,False,185382.5,82.94,82.61,600.0,,,,alfabetica,,3,par_cursos,1,True,TEMPO_TOTAL,iteracao,dia_turno_curso_cursos_progr_ate_2,180.0,180.0,600.0,14400.0,False,False,alfabetica,,alfabetica,,./dados/2024_1/horarios_2024_1.xlsx,./dados/2024_1/salas_2024_1.csv,./dados/2024_1/salas_preferenciais_2024.1.xlsx,/Users/robertdrey/Documents/workspace/development/alocador_de_salas,resultados/experimentos/2024_1/novas_hibridas/dia_turno_depois_progr_2/melhor_solucao.sol,resultados/experimentos/2024_1/novas_hibridas/dia_turno_depois_progr_2/historico.csv,resultados/experimentos/2024_1/novas_hibridas/dia_turno_depois_progr_2/historico.json,dia_turno_curso -> curso -> par_cursos,progressiva,alfabetica,,alfabetica,,alfabetica,,180.0,1,180.0,600.0,1,0,TEMPO_TOTAL,2,,LET,PED,75
1,5,76,par_cursos,MAT+MED,64,14352,80638,OPTIMAL,185382.5,185382.5,False,185382.5,1.35,1.04,600.0,,,,alfabetica,,3,par_cursos,1,True,TEMPO_TOTAL,iteracao,dia_turno_curso_cursos_progr_ate_2,180.0,180.0,600.0,14400.0,False,False,alfabetica,,alfabetica,,./dados/2024_1/horarios_2024_1.xlsx,./dados/2024_1/salas_2024_1.csv,./dados/2024_1/salas_preferenciais_2024.1.xlsx,/Users/robertdrey/Documents/workspace/development/alocador_de_salas,resultados/experimentos/2024_1/novas_hibridas/dia_turno_depois_progr_2/melhor_solucao.sol,resultados/experimentos/2024_1/novas_hibridas/dia_turno_depois_progr_2/historico.csv,resultados/experimentos/2024_1/novas_hibridas/dia_turno_depois_progr_2/historico.json,dia_turno_curso -> curso -> par_cursos,progressiva,alfabetica,,alfabetica,,alfabetica,,180.0,1,180.0,600.0,1,0,TEMPO_TOTAL,2,,MAT,MED,76
1,5,77,par_cursos,MAT+PED,79,17756,77234,OPTIMAL,185382.5,185382.5,False,185382.5,20.26,19.93,600.0,,,,alfabetica,,3,par_cursos,1,True,TEMPO_TOTAL,iteracao,dia_turno_curso_cursos_progr_ate_2,180.0,180.0,600.0,14400.0,False,False,alfabetica,,alfabetica,,./dados/2024_1/horarios_2024_1.xlsx,./dados/2024_1/salas_2024_1.csv,./dados/2024_1/salas_preferenciais_2024.1.xlsx,/Users/robertdrey/Documents/workspace/development/alocador_de_salas,resultados/experimentos/2024_1/novas_hibridas/dia_turno_depois_progr_2/melhor_solucao.sol,resultados/experimentos/2024_1/novas_hibridas/dia_turno_depois_progr_2/historico.csv,resultados/experimentos/2024_1/novas_hibridas/dia_turno_depois_progr_2/historico.json,dia_turno_curso -> curso -> par_cursos,progressiva,alfabetica,,alfabetica,,alfabetica,,180.0,1,180.0,600.0,1,0,TEMPO_TOTAL,2,,MAT,PED,77
1,5,78,par_cursos,MED+PED,97,22172,72818,OPTIMAL,185382.5,185382.5,False,185382.5,29.16,28.81,600.0,,,,alfabetica,,3,par_cursos,1,True,TEMPO_TOTAL,iteracao,dia_turno_curso_cursos_progr_ate_2,180.0,180.0,600.0,14400.0,False,False,alfabetica,,alfabetica,,./dados/2024_1/horarios_2024_1.xlsx,./dados/2024_1/salas_2024_1.csv,./dados/2024_1/salas_preferenciais_2024.1.xlsx,/Users/robertdrey/Documents/workspace/development/alocador_de_salas,resultados/experimentos/2024_1/novas_hibridas/dia_turno_depois_progr_2/melhor_solucao.sol,resultados/experimentos/2024_1/novas_hibridas/dia_turno_depois_progr_2/historico.csv,resultados/experimentos/2024_1/novas_hibridas/dia_turno_depois_progr_2/historico.json,dia_turno_curso -> curso -> par_cursos,progressiva,alfabetica,,alfabetica,,alfabetica,,180.0,1,180.0,600.0,1,0,TEMPO_TOTAL,2,,MED,PED,78
1,6,1,par_cursos,ADM+AGRO,99,18032,76958,OPTIMAL,185382.5,185382.5,False,185382.5,6.57,6.25,600.0,,,,alfabetica,,3,par_cursos,2,True,TEMPO_TOTAL,iteracao,dia_turno_curso_cursos_progr_ate_2,180.0,180.0,600.0,14400.0,False,False,alfabetica,,alfabetica,,./dados/2024_1/horarios_2024_1.xlsx,./dados/2024_1/salas_2024_1.csv,./dados/2024_1/salas_preferenciais_2024.1.xlsx,/Users/robertdrey/Documents/workspace/development/alocador_de_salas,resultados/experimentos/2024_1/novas_hibridas/dia_turno_depois_progr_2/melhor_solucao.sol,resultados/experimentos/2024_1/novas_hibridas/dia_turno_depois_progr_2/historico.csv,resultados/experimentos/2024_1/novas_hibridas/dia_turno_depois_progr_2/historico.json,dia_turno_curso -> curso -> par_cursos,progressiva,alfabetica,,alfabetica,,alfabetica,,180.0,1,180.0,600.0,1,0,TEMPO_TOTAL,2,,ADM,AGRO,1
1,6,2,par_cursos,ADM+CC,95,19826,75164,OPTIMAL,185382.5,185382.5,False,185382.5,43.0,42.65,600.0,,,,alfabetica,,3,par_cursos,2,True,TEMPO_TOTAL,iteracao,dia_turno_curso_cursos_progr_ate_2,180.0,180.0,600.0,14400.0,False,False,alfabetica,,alfabetica,,./dados/2024_1/horarios_2024_1.xlsx,./dados/2024_1/salas_2024_1.csv,./dados/2024_1/salas_preferenciais_2024.1.xlsx,/Users/robertdrey/Documents/workspace/development/alocador_de_salas,resultados/experimentos/2024_1/novas_hibridas/dia_turno_depois_progr_2/melhor_solucao.sol,resultados/experimentos/2024_1/novas_hibridas/dia_turno_depois_progr_2/historico.csv,resultados/experimentos/2024_1/novas_hibridas/dia_turno_depois_progr_2/historico.json,dia_turno_curso -> curso -> par_cursos,progressiva,alfabetica,,alfabetica,,alfabetica,,180.0,1,180.0,600.0,1,0,TEMPO_TOTAL,2,,ADM,CC,2
1,6,3,par_cursos,ADM+CS,70,13846,81144,OPTIMAL,185382.5,185382.5,False,185382.5,1.09,0.75,600.0,,,,alfabetica,,3,par_cursos,2,True,TEMPO_TOTAL,iteracao,dia_turno_curso_cursos_progr_ate_2,180.0,180.0,600.0,14400.0,False,False,alfabetica,,alfabetica,,./dados/2024_1/horarios_2024_1.xlsx,./dados/2024_1/salas_2024_1.csv,./dados/2024_1/salas_preferenciais_2024.1.xlsx,/Users/robertdrey/Documents/workspace/development/alocador_de_salas,resultados/experimentos/2024_1/novas_hibridas/dia_turno_depois_progr_2/melhor_solucao.sol,resultados/experimentos/2024_1/novas_hibridas/dia_turno_depois_progr_2/historico.csv,resultados/experimentos/2024_1/novas_hibridas/dia_turno_depois_progr_2/historico.json,dia_turno_curso -> curso -> par_cursos,progressiva,alfabetica,,alfabetica,,alfabetica,,180.0,1,180.0,600.0,1,0,TEMPO_TOTAL,2,,ADM,CS,3
1,6,4,par_cursos,ADM+EAS,93,16744,78246,OPTIMAL,185382.5,185382.5,False,185382.5,1.33,1.02,600.0,,,,alfabetica,,3,par_cursos,2,True,TEMPO_TOTAL,iteracao,dia_turno_curso_cursos_progr_ate_2,180.0,180.0,600.0,14400.0,False,False,alfabetica,,alfabetica,,./dados/2024_1/horarios_2024_1.xlsx,./dados/2024_1/salas_2024_1.csv,./dados/2024_1/salas_preferenciais_2024.1.xlsx,/Users/robertdrey/Documents/workspace/development/alocador_de_salas,resultados/experimentos/2024_1/novas_hibridas/dia_turno_depois_progr_2/melhor_solucao.sol,resultados/experimentos/2024_1/novas_hibridas/dia_turno_depois_progr_2/historico.csv,resultados/experimentos/2024_1/novas_hibridas/dia_turno_depois_progr_2/historico.json,dia_turno_curso -> curso -> par_cursos,progressiva,alfabetica,,alfabetica,,alfabetica,,180.0,1,180.0,600.0,1,0,TEMPO_TOTAL,2,,ADM,EAS,4
1,6,5,par_cursos,ADM+ENF,66,17802,77188,OPTIMAL,185382.5,185382.5,False,185382.5,6.57,6.25,600.0,,,,alfabetica,,3,par_cursos,2,True,TEMPO_TOTAL,iteracao,dia_turno_curso_cursos_progr_ate_2,180.0,180.0,600.0,14400.0,False,False,alfabetica,,alfabetica,,./dados/2024_1/horarios_2024_1.xlsx,./dados/2024_1/salas_2024_1.csv,./dados/2024_1/salas_preferenciais_2024.1.xlsx,/Users/robertdrey/Documents/workspace/development/alocador_de_salas,resultados/experimentos/2024_1/novas_hibridas/dia_turno_depois_progr_2/melhor_solucao.sol,resultados/experimentos/2024_1/novas_hibridas/dia_turno_depois_progr_2/historico.csv,resultados/experimentos/2024_1/novas_hibridas/dia_turno_depois_progr_2/historico.json,dia_turno_curso -> curso -> par_cursos,progressiva,alfabetica,,alfabetica,,alfabetica,,180.0,1,180.0,600.0,1,0,TEMPO_TOTAL,2,,ADM,ENF,5
1,6,6,par_cursos,ADM+FIL,63,12052,82938,OPTIMAL,185382.5,185382.5,False,185382.5,0.94,0.61,600.0,,,,alfabetica,,3,par_cursos,2,True,TEMPO_TOTAL,iteracao,dia_turno_curso_cursos_progr_ate_2,180.0,180.0,600.0,14400.0,False,False,alfabetica,,alfabetica,,./dados/2024_1/horarios_2024_1.xlsx,./dados/2024_1/salas_2024_1.csv,./dados/2024_1/salas_preferenciais_2024.1.xlsx,/Users/robertdrey/Documents/workspace/development/alocador_de_salas,resultados/experimentos/2024_1/novas_hibridas/dia_turno_depois_progr_2/melhor_solucao.sol,resultados/experimentos/2024_1/novas_hibridas/dia_turno_depois_progr_2/historico.csv,resultados/experimentos/2024_1/novas_hibridas/dia_turno_depois_progr_2/historico.json,dia_turno_curso -> curso -> par_cursos,progressiva,alfabetica,,alfabetica,,alfabetica,,180.0,1,180.0,600.0,1,0,TEMPO_TOTAL,2,,ADM,FIL,6
1,6,7,par_cursos,ADM+GEO,58,11362,83628,OPTIMAL,185382.5,185382.5,False,185382.5,0.88,0.57,600.0,,,,alfabetica,,3,par_cursos,2,True,TEMPO_TOTAL,iteracao,dia_turno_curso_cursos_progr_ate_2,180.0,180.0,600.0,14400.0,False,False,alfabetica,,alfabetica,,./dados/2024_1/horarios_2024_1.xlsx,./dados/2024_1/salas_2024_1.csv,./dados/2024_1/salas_preferenciais_2024.1.xlsx,/Users/robertdrey/Documents/workspace/development/alocador_de_salas,resultados/experimentos/2024_1/novas_hibridas/dia_turno_depois_progr_2/melhor_solucao.sol,resultados/experimentos/2024_1/novas_hibridas/dia_turno_depois_progr_2/historico.csv,resultados/experimentos/2024_1/novas_hibridas/dia_turno_depois_progr_2/historico.json,dia_turno_curso -> curso -> par_cursos,progressiva,alfabetica,,alfabetica,,alfabetica,,180.0,1,180.0,600.0,1,0,TEMPO_TOTAL,2,,ADM,GEO,7
1,6,8,par_cursos,ADM+HIS,72,14076,80914,OPTIMAL,185382.5,185382.5,False,185382.5,1.02,0.72,600.0,,,,alfabetica,,3,par_cursos,2,True,TEMPO_TOTAL,iteracao,dia_turno_curso_cursos_progr_ate_2,180.0,180.0,600.0,14400.0,False,False,alfabetica,,alfabetica,,./dados/2024_1/horarios_2024_1.xlsx,./dados/2024_1/salas_2024_1.csv,./dados/2024_1/salas_preferenciais_2024.1.xlsx,/Users/robertdrey/Documents/workspace/development/alocador_de_salas,resultados/experimentos/2024_1/novas_hibridas/dia_turno_depois_progr_2/melhor_solucao.sol,resultados/experimentos/2024_1/novas_hibridas/dia_turno_depois_progr_2/historico.csv,resultados/experimentos/2024_1/novas_hibridas/dia_turno_depois_progr_2/historico.json,dia_turno_curso -> curso -> par_cursos,progressiva,alfabetica,,alfabetica,,alfabetica,,180.0,1,180.0,600.0,1,0,TEMPO_TOTAL,2,,ADM,HIS,8
1,6,9,par_cursos,ADM+LET,84,18446,76544,OPTIMAL,185382.5,185382.5,False,185382.5,2.29,1.97,600.0,,,,alfabetica,,3,par_cursos,2,True,TEMPO_TOTAL,iteracao,dia_turno_curso_cursos_progr_ate_2,180.0,180.0,600.0,14400.0,False,False,alfabetica,,alfabetica,,./dados/2024_1/horarios_2024_1.xlsx,./dados/2024_1/salas_2024_1.csv,./dados/2024_1/salas_preferenciais_2024.1.xlsx,/Users/robertdrey/Documents/workspace/development/alocador_de_salas,resultados/experimentos/2024_1/novas_hibridas/dia_turno_depois_progr_2/melhor_solucao.sol,resultados/experimentos/2024_1/novas_hibridas/dia_turno_depois_progr_2/historico.csv,resultados/experimentos/2024_1/novas_hibridas/dia_turno_depois_progr_2/historico.json,dia_turno_curso -> curso -> par_cursos,progressiva,alfabetica,,alfabetica,,alfabetica,,180.0,1,180.0,600.0,1,0,TEMPO_TOTAL,2,,ADM,LET,9
1,6,10,par_cursos,ADM+MAT,71,14260,80730,OPTIMAL,185382.5,185382.5,False,185382.5,1.14,0.81,600.0,,,,alfabetica,,3,par_cursos,2,True,TEMPO_TOTAL,iteracao,dia_turno_curso_cursos_progr_ate_2,180.0,180.0,600.0,14400.0,False,False,alfabetica,,alfabetica,,./dados/2024_1/horarios_2024_1.xlsx,./dados/2024_1/salas_2024_1.csv,./dados/2024_1/salas_preferenciais_2024.1.xlsx,/Users/robertdrey/Documents/workspace/development/alocador_de_salas,resultados/experimentos/2024_1/novas_hibridas/dia_turno_depois_progr_2/melhor_solucao.sol,resultados/experimentos/2024_1/novas_hibridas/dia_turno_depois_progr_2/historico.csv,resultados/experimentos/2024_1/novas_hibridas/dia_turno_depois_progr_2/historico.json,dia_turno_curso -> curso -> par_cursos,progressiva,alfabetica,,alfabetica,,alfabetica,,180.0,1,180.0,600.0,1,0,TEMPO_TOTAL,2,,ADM,MAT,10
1,6,11,par_cursos,ADM+MED,89,18676,76314,OPTIMAL,185382.5,185382.5,False,185382.5,2.38,2.06,600.0,,,,alfabetica,,3,par_cursos,2,True,TEMPO_TOTAL,iteracao,dia_turno_curso_cursos_progr_ate_2,180.0,180.0,600.0,14400.0,False,False,alfabetica,,alfabetica,,./dados/2024_1/horarios_2024_1.xlsx,./dados/2024_1/salas_2024_1.csv,./dados/2024_1/salas_preferenciais_2024.1.xlsx,/Users/robertdrey/Documents/workspace/development/alocador_de_salas,resultados/experimentos/2024_1/novas_hibridas/dia_turno_depois_progr_2/melhor_solucao.sol,resultados/experimentos/2024_1/novas_hibridas/dia_turno_depois_progr_2/historico.csv,resultados/experimentos/2024_1/novas_hibridas/dia_turno_depois_progr_2/historico.json,dia_turno_curso -> curso -> par_cursos,progressiva,alfabetica,,alfabetica,,alfabetica,,180.0,1,180.0,600.0,1,0,TEMPO_TOTAL,2,,ADM,MED,11
1,6,12,par_cursos,ADM+PED,104,22080,72910,TIME_LIMIT,185382.5,185382.5,False,185382.5,600.5,600.15,600.0,,,,alfabetica,,3,par_cursos,2,True,TEMPO_TOTAL,iteracao,dia_turno_curso_cursos_progr_ate_2,180.0,180.0,600.0,14400.0,False,False,alfabetica,,alfabetica,,./dados/2024_1/horarios_2024_1.xlsx,./dados/2024_1/salas_2024_1.csv,./dados/2024_1/salas_preferenciais_2024.1.xlsx,/Users/robertdrey/Documents/workspace/development/alocador_de_salas,resultados/experimentos/2024_1/novas_hibridas/dia_turno_depois_progr_2/melhor_solucao.sol,resultados/experimentos/2024_1/novas_hibridas/dia_turno_depois_progr_2/historico.csv,resultados/experimentos/2024_1/novas_hibridas/dia_turno_depois_progr_2/historico.json,dia_turno_curso -> curso -> par_cursos,progressiva,alfabetica,,alfabetica,,alfabetica,,180.0,1,180.0,600.0,1,0,TEMPO_TOTAL,2,,ADM,PED,12
1,6,13,par_cursos,AGRO+CC,98,19274,75716,OPTIMAL,185382.5,185382.5,False,185382.5,64.6,64.24,600.0,,,,alfabetica,,3,par_cursos,2,True,TEMPO_TOTAL,iteracao,dia_turno_curso_cursos_progr_ate_2,180.0,180.0,600.0,14400.0,False,False,alfabetica,,alfabetica,,./dados/2024_1/horarios_2024_1.xlsx,./dados/2024_1/salas_2024_1.csv,./dados/2024_1/salas_preferenciais_2024.1.xlsx,/Users/robertdrey/Documents/workspace/development/alocador_de_salas,resultados/experimentos/2024_1/novas_hibridas/dia_turno_depois_progr_2/melhor_solucao.sol,resultados/experimentos/2024_1/novas_hibridas/dia_turno_depois_progr_2/historico.csv,resultados/experimentos/2024_1/novas_hibridas/dia_turno_depois_progr_2/historico.json,dia_turno_curso -> curso -> par_cursos,progressiva,alfabetica,,alfabetica,,alfabetica,,180.0,1,180.0,600.0,1,0,TEMPO_TOTAL,2,,AGRO,CC,13
1,6,14,par_cursos,AGRO+CS,73,13294,81696,OPTIMAL,185382.5,185382.5,False,185382.5,4.57,4.24,600.0,,,,alfabetica,,3,par_cursos,2,True,TEMPO_TOTAL,iteracao,dia_turno_curso_cursos_progr_ate_2,180.0,180.0,600.0,14400.0,False,False,alfabetica,,alfabetica,,./dados/2024_1/horarios_2024_1.xlsx,./dados/2024_1/salas_2024_1.csv,./dados/2024_1/salas_preferenciais_2024.1.xlsx,/Users/robertdrey/Documents/workspace/development/alocador_de_salas,resultados/experimentos/2024_1/novas_hibridas/dia_turno_depois_progr_2/melhor_solucao.sol,resultados/experimentos/2024_1/novas_hibridas/dia_turno_depois_progr_2/historico.csv,resultados/experimentos/2024_1/novas_hibridas/dia_turno_depois_progr_2/historico.json,dia_turno_curso -> curso -> par_cursos,progressiva,alfabetica,,alfabetica,,alfabetica,,180.0,1,180.0,600.0,1,0,TEMPO_TOTAL,2,,AGRO,CS,14
1,6,15,par_cursos,AGRO+EAS,96,16192,78798,OPTIMAL,185382.5,185382.5,False,185382.5,12.86,12.53,600.0,,,,alfabetica,,3,par_cursos,2,True,TEMPO_TOTAL,iteracao,dia_turno_curso_cursos_progr_ate_2,180.0,180.0,600.0,14400.0,False,False,alfabetica,,alfabetica,,./dados/2024_1/horarios_2024_1.xlsx,./dados/2024_1/salas_2024_1.csv,./dados/2024_1/salas_preferenciais_2024.1.xlsx,/Users/robertdrey/Documents/workspace/development/alocador_de_salas,resultados/experimentos/2024_1/novas_hibridas/dia_turno_depois_progr_2/melhor_solucao.sol,resultados/experimentos/2024_1/novas_hibridas/dia_turno_depois_progr_2/historico.csv,resultados/experimentos/2024_1/novas_hibridas/dia_turno_depois_progr_2/historico.json,dia_turno_curso -> curso -> par_cursos,progressiva,alfabetica,,alfabetica,,alfabetica,,180.0,1,180.0,600.0,1,0,TEMPO_TOTAL,2,,AGRO,EAS,15
1,6,16,par_cursos,AGRO+ENF,69,17250,77740,OPTIMAL,185382.5,185376.5,True,185376.5,108.61,108.29,600.0,,,,alfabetica,,3,par_cursos,2,True,TEMPO_TOTAL,iteracao,dia_turno_curso_cursos_progr_ate_2,180.0,180.0,600.0,14400.0,False,False,alfabetica,,alfabetica,,./dados/2024_1/horarios_2024_1.xlsx,./dados/2024_1/salas_2024_1.csv,./dados/2024_1/salas_preferenciais_2024.1.xlsx,/Users/robertdrey/Documents/workspace/development/alocador_de_salas,resultados/experimentos/2024_1/novas_hibridas/dia_turno_depois_progr_2/melhor_solucao.sol,resultados/experimentos/2024_1/novas_hibridas/dia_turno_depois_progr_2/historico.csv,resultados/experimentos/2024_1/novas_hibridas/dia_turno_depois_progr_2/historico.json,dia_turno_curso -> curso -> par_cursos,progressiva,alfabetica,,alfabetica,,alfabetica,,180.0,1,180.0,600.0,1,0,TEMPO_TOTAL,2,,AGRO,ENF,16
1,6,17,par_cursos,AGRO+FIL,66,11500,83490,OPTIMAL,185376.5,185376.5,False,185376.5,3.37,3.03,600.0,,,,alfabetica,,3,par_cursos,2,True,TEMPO_TOTAL,iteracao,dia_turno_curso_cursos_progr_ate_2,180.0,180.0,600.0,14400.0,False,False,alfabetica,,alfabetica,,./dados/2024_1/horarios_2024_1.xlsx,./dados/2024_1/salas_2024_1.csv,./dados/2024_1/salas_preferenciais_2024.1.xlsx,/Users/robertdrey/Documents/workspace/development/alocador_de_salas,resultados/experimentos/2024_1/novas_hibridas/dia_turno_depois_progr_2/melhor_solucao.sol,resultados/experimentos/2024_1/novas_hibridas/dia_turno_depois_progr_2/historico.csv,resultados/experimentos/2024_1/novas_hibridas/dia_turno_depois_progr_2/historico.json,dia_turno_curso -> curso -> par_cursos,progressiva,alfabetica,,alfabetica,,alfabetica,,180.0,1,180.0,600.0,1,0,TEMPO_TOTAL,2,,AGRO,FIL,17
1,6,18,par_cursos,AGRO+GEO,61,10810,84180,OPTIMAL,185376.5,185376.5,False,185376.5,3.52,3.17,600.0,,,,alfabetica,,3,par_cursos,2,True,TEMPO_TOTAL,iteracao,dia_turno_curso_cursos_progr_ate_2,180.0,180.0,600.0,14400.0,False,False,alfabetica,,alfabetica,,./dados/2024_1/horarios_2024_1.xlsx,./dados/2024_1/salas_2024_1.csv,./dados/2024_1/salas_preferenciais_2024.1.xlsx,/Users/robertdrey/Documents/workspace/development/alocador_de_salas,resultados/experimentos/2024_1/novas_hibridas/dia_turno_depois_progr_2/melhor_solucao.sol,resultados/experimentos/2024_1/novas_hibridas/dia_turno_depois_progr_2/historico.csv,resultados/experimentos/2024_1/novas_hibridas/dia_turno_depois_progr_2/historico.json,dia_turno_curso -> curso -> par_cursos,progressiva,alfabetica,,alfabetica,,alfabetica,,180.0,1,180.0,600.0,1,0,TEMPO_TOTAL,2,,AGRO,GEO,18
1,6,19,par_cursos,AGRO+HIS,75,13524,81466,OPTIMAL,185376.5,185376.5,False,185376.5,3.9,3.55,600.0,,,,alfabetica,,3,par_cursos,2,True,TEMPO_TOTAL,iteracao,dia_turno_curso_cursos_progr_ate_2,180.0,180.0,600.0,14400.0,False,False,alfabetica,,alfabetica,,./dados/2024_1/horarios_2024_1.xlsx,./dados/2024_1/salas_2024_1.csv,./dados/2024_1/salas_preferenciais_2024.1.xlsx,/Users/robertdrey/Documents/workspace/development/alocador_de_salas,resultados/experimentos/2024_1/novas_hibridas/dia_turno_depois_progr_2/melhor_solucao.sol,resultados/experimentos/2024_1/novas_hibridas/dia_turno_depois_progr_2/historico.csv,resultados/experimentos/2024_1/novas_hibridas/dia_turno_depois_progr_2/historico.json,dia_turno_curso -> curso -> par_cursos,progressiva,alfabetica,,alfabetica,,alfabetica,,180.0,1,180.0,600.0,1,0,TEMPO_TOTAL,2,,AGRO,HIS,19
1,6,20,par_cursos,AGRO+LET,87,17894,77096,OPTIMAL,185376.5,185376.5,False,185376.5,7.12,6.77,600.0,,,,alfabetica,,3,par_cursos,2,True,TEMPO_TOTAL,iteracao,dia_turno_curso_cursos_progr_ate_2,180.0,180.0,600.0,14400.0,False,False,alfabetica,,alfabetica,,./dados/2024_1/horarios_2024_1.xlsx,./dados/2024_1/salas_2024_1.csv,./dados/2024_1/salas_preferenciais_2024.1.xlsx,/Users/robertdrey/Documents/workspace/development/alocador_de_salas,resultados/experimentos/2024_1/novas_hibridas/dia_turno_depois_progr_2/melhor_solucao.sol,resultados/experimentos/2024_1/novas_hibridas/dia_turno_depois_progr_2/historico.csv,resultados/experimentos/2024_1/novas_hibridas/dia_turno_depois_progr_2/historico.json,dia_turno_curso -> curso -> par_cursos,progressiva,alfabetica,,alfabetica,,alfabetica,,180.0,1,180.0,600.0,1,0,TEMPO_TOTAL,2,,AGRO,LET,20
1,6,21,par_cursos,AGRO+MAT,74,13708,81282,OPTIMAL,185376.5,185371.5,True,185371.5,3.95,3.6,600.0,,,,alfabetica,,3,par_cursos,2,True,TEMPO_TOTAL,iteracao,dia_turno_curso_cursos_progr_ate_2,180.0,180.0,600.0,14400.0,False,False,alfabetica,,alfabetica,,./dados/2024_1/horarios_2024_1.xlsx,./dados/2024_1/salas_2024_1.csv,./dados/2024_1/salas_preferenciais_2024.1.xlsx,/Users/robertdrey/Documents/workspace/development/alocador_de_salas,resultados/experimentos/2024_1/novas_hibridas/dia_turno_depois_progr_2/melhor_solucao.sol,resultados/experimentos/2024_1/novas_hibridas/dia_turno_depois_progr_2/historico.csv,resultados/experimentos/2024_1/novas_hibridas/dia_turno_depois_progr_2/historico.json,dia_turno_curso -> curso -> par_cursos,progressiva,alfabetica,,alfabetica,,alfabetica,,180.0,1,180.0,600.0,1,0,TEMPO_TOTAL,2,,AGRO,MAT,21
1,6,22,par_cursos,AGRO+MED,92,18124,76866,TIME_LIMIT,185371.5,185338.5,True,185338.5,600.39,600.03,600.0,,,,alfabetica,,3,par_cursos,2,True,TEMPO_TOTAL,iteracao,dia_turno_curso_cursos_progr_ate_2,180.0,180.0,600.0,14400.0,False,False,alfabetica,,alfabetica,,./dados/2024_1/horarios_2024_1.xlsx,./dados/2024_1/salas_2024_1.csv,./dados/2024_1/salas_preferenciais_2024.1.xlsx,/Users/robertdrey/Documents/workspace/development/alocador_de_salas,resultados/experimentos/2024_1/novas_hibridas/dia_turno_depois_progr_2/melhor_solucao.sol,resultados/experimentos/2024_1/novas_hibridas/dia_turno_depois_progr_2/historico.csv,resultados/experimentos/2024_1/novas_hibridas/dia_turno_depois_progr_2/historico.json,dia_turno_curso -> curso -> par_cursos,progressiva,alfabetica,,alfabetica,,alfabetica,,180.0,1,180.0,600.0,1,0,TEMPO_TOTAL,2,,AGRO,MED,22
1,6,23,par_cursos,AGRO+PED,107,21528,73462,OPTIMAL,185338.5,185338.5,False,185338.5,67.61,67.25,600.0,,,,alfabetica,,3,par_cursos,2,True,TEMPO_TOTAL,iteracao,dia_turno_curso_cursos_progr_ate_2,180.0,180.0,600.0,14400.0,False,False,alfabetica,,alfabetica,,./dados/2024_1/horarios_2024_1.xlsx,./dados/2024_1/salas_2024_1.csv,./dados/2024_1/salas_preferenciais_2024.1.xlsx,/Users/robertdrey/Documents/workspace/development/alocador_de_salas,resultados/experimentos/2024_1/novas_hibridas/dia_turno_depois_progr_2/melhor_solucao.sol,resultados/experimentos/2024_1/novas_hibridas/dia_turno_depois_progr_2/historico.csv,resultados/experimentos/2024_1/novas_hibridas/dia_turno_depois_progr_2/historico.json,dia_turno_curso -> curso -> par_cursos,progressiva,alfabetica,,alfabetica,,alfabetica,,180.0,1,180.0,600.0,1,0,TEMPO_TOTAL,2,,AGRO,PED,23
1,6,24,par_cursos,CC+CS,69,15088,79902,OPTIMAL,185338.5,185333.5,True,185333.5,24.37,24.05,600.0,,,,alfabetica,,3,par_cursos,2,True,TEMPO_TOTAL,iteracao,dia_turno_curso_cursos_progr_ate_2,180.0,180.0,600.0,14400.0,False,False,alfabetica,,alfabetica,,./dados/2024_1/horarios_2024_1.xlsx,./dados/2024_1/salas_2024_1.csv,./dados/2024_1/salas_preferenciais_2024.1.xlsx,/Users/robertdrey/Documents/workspace/development/alocador_de_salas,resultados/experimentos/2024_1/novas_hibridas/dia_turno_depois_progr_2/melhor_solucao.sol,resultados/experimentos/2024_1/novas_hibridas/dia_turno_depois_progr_2/historico.csv,resultados/experimentos/2024_1/novas_hibridas/dia_turno_depois_progr_2/historico.json,dia_turno_curso -> curso -> par_cursos,progressiva,alfabetica,,alfabetica,,alfabetica,,180.0,1,180.0,600.0,1,0,TEMPO_TOTAL,2,,CC,CS,24
1,6,25,par_cursos,CC+EAS,92,17986,77004,OPTIMAL,185333.5,185323.5,True,185323.5,4.01,3.7,600.0,,,,alfabetica,,3,par_cursos,2,True,TEMPO_TOTAL,iteracao,dia_turno_curso_cursos_progr_ate_2,180.0,180.0,600.0,14400.0,False,False,alfabetica,,alfabetica,,./dados/2024_1/horarios_2024_1.xlsx,./dados/2024_1/salas_2024_1.csv,./dados/2024_1/salas_preferenciais_2024.1.xlsx,/Users/robertdrey/Documents/workspace/development/alocador_de_salas,resultados/experimentos/2024_1/novas_hibridas/dia_turno_depois_progr_2/melhor_solucao.sol,resultados/experimentos/2024_1/novas_hibridas/dia_turno_depois_progr_2/historico.csv,resultados/experimentos/2024_1/novas_hibridas/dia_turno_depois_progr_2/historico.json,dia_turno_curso -> curso -> par_cursos,progressiva,alfabetica,,alfabetica,,alfabetica,,180.0,1,180.0,600.0,1,0,TEMPO_TOTAL,2,,CC,EAS,25
1,6,26,par_cursos,CC+ENF,65,19044,75946,OPTIMAL,185323.5,185323.5,False,185323.5,142.87,142.55,600.0,,,,alfabetica,,3,par_cursos,2,True,TEMPO_TOTAL,iteracao,dia_turno_curso_cursos_progr_ate_2,180.0,180.0,600.0,14400.0,False,False,alfabetica,,alfabetica,,./dados/2024_1/horarios_2024_1.xlsx,./dados/2024_1/salas_2024_1.csv,./dados/2024_1/salas_preferenciais_2024.1.xlsx,/Users/robertdrey/Documents/workspace/development/alocador_de_salas,resultados/experimentos/2024_1/novas_hibridas/dia_turno_depois_progr_2/melhor_solucao.sol,resultados/experimentos/2024_1/novas_hibridas/dia_turno_depois_progr_2/historico.csv,resultados/experimentos/2024_1/novas_hibridas/dia_turno_depois_progr_2/historico.json,dia_turno_curso -> curso -> par_cursos,progressiva,alfabetica,,alfabetica,,alfabetica,,180.0,1,180.0,600.0,1,0,TEMPO_TOTAL,2,,CC,ENF,26
1,6,27,par_cursos,CC+FIL,62,13294,81696,OPTIMAL,185323.5,185323.5,False,185323.5,3.44,3.11,600.0,,,,alfabetica,,3,par_cursos,2,True,TEMPO_TOTAL,iteracao,dia_turno_curso_cursos_progr_ate_2,180.0,180.0,600.0,14400.0,False,False,alfabetica,,alfabetica,,./dados/2024_1/horarios_2024_1.xlsx,./dados/2024_1/salas_2024_1.csv,./dados/2024_1/salas_preferenciais_2024.1.xlsx,/Users/robertdrey/Documents/workspace/development/alocador_de_salas,resultados/experimentos/2024_1/novas_hibridas/dia_turno_depois_progr_2/melhor_solucao.sol,resultados/experimentos/2024_1/novas_hibridas/dia_turno_depois_progr_2/historico.csv,resultados/experimentos/2024_1/novas_hibridas/dia_turno_depois_progr_2/historico.json,dia_turno_curso -> curso -> par_cursos,progressiva,alfabetica,,alfabetica,,alfabetica,,180.0,1,180.0,600.0,1,0,TEMPO_TOTAL,2,,CC,FIL,27
1,6,28,par_cursos,CC+GEO,57,12604,82386,OPTIMAL,185323.5,185323.5,False,185323.5,12.37,12.04,600.0,,,,alfabetica,,3,par_cursos,2,True,TEMPO_TOTAL,iteracao,dia_turno_curso_cursos_progr_ate_2,180.0,180.0,600.0,14400.0,False,False,alfabetica,,alfabetica,,./dados/2024_1/horarios_2024_1.xlsx,./dados/2024_1/salas_2024_1.csv,./dados/2024_1/salas_preferenciais_2024.1.xlsx,/Users/robertdrey/Documents/workspace/development/alocador_de_salas,resultados/experimentos/2024_1/novas_hibridas/dia_turno_depois_progr_2/melhor_solucao.sol,resultados/experimentos/2024_1/novas_hibridas/dia_turno_depois_progr_2/historico.csv,resultados/experimentos/2024_1/novas_hibridas/dia_turno_depois_progr_2/historico.json,dia_turno_curso -> curso -> par_cursos,progressiva,alfabetica,,alfabetica,,alfabetica,,180.0,1,180.0,600.0,1,0,TEMPO_TOTAL,2,,CC,GEO,28
1,6,29,par_cursos,CC+HIS,71,15318,79672,OPTIMAL,185323.5,185323.5,False,185323.5,21.04,20.72,600.0,,,,alfabetica,,3,par_cursos,2,True,TEMPO_TOTAL,iteracao,dia_turno_curso_cursos_progr_ate_2,180.0,180.0,600.0,14400.0,False,False,alfabetica,,alfabetica,,./dados/2024_1/horarios_2024_1.xlsx,./dados/2024_1/salas_2024_1.csv,./dados/2024_1/salas_preferenciais_2024.1.xlsx,/Users/robertdrey/Documents/workspace/development/alocador_de_salas,resultados/experimentos/2024_1/novas_hibridas/dia_turno_depois_progr_2/melhor_solucao.sol,resultados/experimentos/2024_1/novas_hibridas/dia_turno_depois_progr_2/historico.csv,resultados/experimentos/2024_1/novas_hibridas/dia_turno_depois_progr_2/historico.json,dia_turno_curso -> curso -> par_cursos,progressiva,alfabetica,,alfabetica,,alfabetica,,180.0,1,180.0,600.0,1,0,TEMPO_TOTAL,2,,CC,HIS,29
1,6,30,par_cursos,CC+LET,83,19688,75302,OPTIMAL,185323.5,185323.5,False,185323.5,31.74,31.43,600.0,,,,alfabetica,,3,par_cursos,2,True,TEMPO_TOTAL,iteracao,dia_turno_curso_cursos_progr_ate_2,180.0,180.0,600.0,14400.0,False,False,alfabetica,,alfabetica,,./dados/2024_1/horarios_2024_1.xlsx,./dados/2024_1/salas_2024_1.csv,./dados/2024_1/salas_preferenciais_2024.1.xlsx,/Users/robertdrey/Documents/workspace/development/alocador_de_salas,resultados/experimentos/2024_1/novas_hibridas/dia_turno_depois_progr_2/melhor_solucao.sol,resultados/experimentos/2024_1/novas_hibridas/dia_turno_depois_progr_2/historico.csv,resultados/experimentos/2024_1/novas_hibridas/dia_turno_depois_progr_2/historico.json,dia_turno_curso -> curso -> par_cursos,progressiva,alfabetica,,alfabetica,,alfabetica,,180.0,1,180.0,600.0,1,0,TEMPO_TOTAL,2,,CC,LET,30
1,6,31,par_cursos,CC+MAT,70,15502,79488,OPTIMAL,185323.5,185323.5,False,185323.5,2.67,2.35,600.0,,,,alfabetica,,3,par_cursos,2,True,TEMPO_TOTAL,iteracao,dia_turno_curso_cursos_progr_ate_2,180.0,180.0,600.0,14400.0,False,False,alfabetica,,alfabetica,,./dados/2024_1/horarios_2024_1.xlsx,./dados/2024_1/salas_2024_1.csv,./dados/2024_1/salas_preferenciais_2024.1.xlsx,/Users/robertdrey/Documents/workspace/development/alocador_de_salas,resultados/experimentos/2024_1/novas_hibridas/dia_turno_depois_progr_2/melhor_solucao.sol,resultados/experimentos/2024_1/novas_hibridas/dia_turno_depois_progr_2/historico.csv,resultados/experimentos/2024_1/novas_hibridas/dia_turno_depois_progr_2/historico.json,dia_turno_curso -> curso -> par_cursos,progressiva,alfabetica,,alfabetica,,alfabetica,,180.0,1,180.0,600.0,1,0,TEMPO_TOTAL,2,,CC,MAT,31
1,6,32,par_cursos,CC+MED,88,19918,75072,OPTIMAL,185323.5,185323.5,False,185323.5,6.42,6.09,600.0,,,,alfabetica,,3,par_cursos,2,True,TEMPO_TOTAL,iteracao,dia_turno_curso_cursos_progr_ate_2,180.0,180.0,600.0,14400.0,False,False,alfabetica,,alfabetica,,./dados/2024_1/horarios_2024_1.xlsx,./dados/2024_1/salas_2024_1.csv,./dados/2024_1/salas_preferenciais_2024.1.xlsx,/Users/robertdrey/Documents/workspace/development/alocador_de_salas,resultados/experimentos/2024_1/novas_hibridas/dia_turno_depois_progr_2/melhor_solucao.sol,resultados/experimentos/2024_1/novas_hibridas/dia_turno_depois_progr_2/historico.csv,resultados/experimentos/2024_1/novas_hibridas/dia_turno_depois_progr_2/historico.json,dia_turno_curso -> curso -> par_cursos,progressiva,alfabetica,,alfabetica,,alfabetica,,180.0,1,180.0,600.0,1,0,TEMPO_TOTAL,2,,CC,MED,32
1,6,33,par_cursos,CC+PED,103,23322,71668,OPTIMAL,185323.5,185323.5,False,185323.5,132.51,132.19,600.0,,,,alfabetica,,3,par_cursos,2,True,TEMPO_TOTAL,iteracao,dia_turno_curso_cursos_progr_ate_2,180.0,180.0,600.0,14400.0,False,False,alfabetica,,alfabetica,,./dados/2024_1/horarios_2024_1.xlsx,./dados/2024_1/salas_2024_1.csv,./dados/2024_1/salas_preferenciais_2024.1.xlsx,/Users/robertdrey/Documents/workspace/development/alocador_de_salas,resultados/experimentos/2024_1/novas_hibridas/dia_turno_depois_progr_2/melhor_solucao.sol,resultados/experimentos/2024_1/novas_hibridas/dia_turno_depois_progr_2/historico.csv,resultados/experimentos/2024_1/novas_hibridas/dia_turno_depois_progr_2/historico.json,dia_turno_curso -> curso -> par_cursos,progressiva,alfabetica,,alfabetica,,alfabetica,,180.0,1,180.0,600.0,1,0,TEMPO_TOTAL,2,,CC,PED,33
1,6,34,par_cursos,CS+EAS,67,12006,82984,OPTIMAL,185323.5,185323.5,False,185323.5,0.88,0.57,600.0,,,,alfabetica,,3,par_cursos,2,True,TEMPO_TOTAL,iteracao,dia_turno_curso_cursos_progr_ate_2,180.0,180.0,600.0,14400.0,False,False,alfabetica,,alfabetica,,./dados/2024_1/horarios_2024_1.xlsx,./dados/2024_1/salas_2024_1.csv,./dados/2024_1/salas_preferenciais_2024.1.xlsx,/Users/robertdrey/Documents/workspace/development/alocador_de_salas,resultados/experimentos/2024_1/novas_hibridas/dia_turno_depois_progr_2/melhor_solucao.sol,resultados/experimentos/2024_1/novas_hibridas/dia_turno_depois_progr_2/historico.csv,resultados/experimentos/2024_1/novas_hibridas/dia_turno_depois_progr_2/historico.json,dia_turno_curso -> curso -> par_cursos,progressiva,alfabetica,,alfabetica,,alfabetica,,180.0,1,180.0,600.0,1,0,TEMPO_TOTAL,2,,CS,EAS,34
1,6,35,par_cursos,CS+ENF,40,13064,81926,OPTIMAL,185323.5,185323.5,False,185323.5,1.95,1.62,600.0,,,,alfabetica,,3,par_cursos,2,True,TEMPO_TOTAL,iteracao,dia_turno_curso_cursos_progr_ate_2,180.0,180.0,600.0,14400.0,False,False,alfabetica,,alfabetica,,./dados/2024_1/horarios_2024_1.xlsx,./dados/2024_1/salas_2024_1.csv,./dados/2024_1/salas_preferenciais_2024.1.xlsx,/Users/robertdrey/Documents/workspace/development/alocador_de_salas,resultados/experimentos/2024_1/novas_hibridas/dia_turno_depois_progr_2/melhor_solucao.sol,resultados/experimentos/2024_1/novas_hibridas/dia_turno_depois_progr_2/historico.csv,resultados/experimentos/2024_1/novas_hibridas/dia_turno_depois_progr_2/historico.json,dia_turno_curso -> curso -> par_cursos,progressiva,alfabetica,,alfabetica,,alfabetica,,180.0,1,180.0,600.0,1,0,TEMPO_TOTAL,2,,CS,ENF,35
1,6,36,par_cursos,CS+FIL,37,7314,87676,OPTIMAL,185323.5,185323.5,False,185323.5,0.75,0.4,600.0,,,,alfabetica,,3,par_cursos,2,True,TEMPO_TOTAL,iteracao,dia_turno_curso_cursos_progr_ate_2,180.0,180.0,600.0,14400.0,False,False,alfabetica,,alfabetica,,./dados/2024_1/horarios_2024_1.xlsx,./dados/2024_1/salas_2024_1.csv,./dados/2024_1/salas_preferenciais_2024.1.xlsx,/Users/robertdrey/Documents/workspace/development/alocador_de_salas,resultados/experimentos/2024_1/novas_hibridas/dia_turno_depois_progr_2/melhor_solucao.sol,resultados/experimentos/2024_1/novas_hibridas/dia_turno_depois_progr_2/historico.csv,resultados/experimentos/2024_1/novas_hibridas/dia_turno_depois_progr_2/historico.json,dia_turno_curso -> curso -> par_cursos,progressiva,alfabetica,,alfabetica,,alfabetica,,180.0,1,180.0,600.0,1,0,TEMPO_TOTAL,2,,CS,FIL,36
1,6,37,par_cursos,CS+GEO,32,6624,88366,OPTIMAL,185323.5,185323.5,False,185323.5,0.64,0.33,600.0,,,,alfabetica,,3,par_cursos,2,True,TEMPO_TOTAL,iteracao,dia_turno_curso_cursos_progr_ate_2,180.0,180.0,600.0,14400.0,False,False,alfabetica,,alfabetica,,./dados/2024_1/horarios_2024_1.xlsx,./dados/2024_1/salas_2024_1.csv,./dados/2024_1/salas_preferenciais_2024.1.xlsx,/Users/robertdrey/Documents/workspace/development/alocador_de_salas,resultados/experimentos/2024_1/novas_hibridas/dia_turno_depois_progr_2/melhor_solucao.sol,resultados/experimentos/2024_1/novas_hibridas/dia_turno_depois_progr_2/historico.csv,resultados/experimentos/2024_1/novas_hibridas/dia_turno_depois_progr_2/historico.json,dia_turno_curso -> curso -> par_cursos,progressiva,alfabetica,,alfabetica,,alfabetica,,180.0,1,180.0,600.0,1,0,TEMPO_TOTAL,2,,CS,GEO,37
1,6,38,par_cursos,CS+HIS,46,9338,85652,OPTIMAL,185323.5,185323.5,False,185323.5,0.93,0.62,600.0,,,,alfabetica,,3,par_cursos,2,True,TEMPO_TOTAL,iteracao,dia_turno_curso_cursos_progr_ate_2,180.0,180.0,600.0,14400.0,False,False,alfabetica,,alfabetica,,./dados/2024_1/horarios_2024_1.xlsx,./dados/2024_1/salas_2024_1.csv,./dados/2024_1/salas_preferenciais_2024.1.xlsx,/Users/robertdrey/Documents/workspace/development/alocador_de_salas,resultados/experimentos/2024_1/novas_hibridas/dia_turno_depois_progr_2/melhor_solucao.sol,resultados/experimentos/2024_1/novas_hibridas/dia_turno_depois_progr_2/historico.csv,resultados/experimentos/2024_1/novas_hibridas/dia_turno_depois_progr_2/historico.json,dia_turno_curso -> curso -> par_cursos,progressiva,alfabetica,,alfabetica,,alfabetica,,180.0,1,180.0,600.0,1,0,TEMPO_TOTAL,2,,CS,HIS,38
1,6,39,par_cursos,CS+LET,58,13708,81282,OPTIMAL,185323.5,185323.5,False,185323.5,1.45,1.11,600.0,,,,alfabetica,,3,par_cursos,2,True,TEMPO_TOTAL,iteracao,dia_turno_curso_cursos_progr_ate_2,180.0,180.0,600.0,14400.0,False,False,alfabetica,,alfabetica,,./dados/2024_1/horarios_2024_1.xlsx,./dados/2024_1/salas_2024_1.csv,./dados/2024_1/salas_preferenciais_2024.1.xlsx,/Users/robertdrey/Documents/workspace/development/alocador_de_salas,resultados/experimentos/2024_1/novas_hibridas/dia_turno_depois_progr_2/melhor_solucao.sol,resultados/experimentos/2024_1/novas_hibridas/dia_turno_depois_progr_2/historico.csv,resultados/experimentos/2024_1/novas_hibridas/dia_turno_depois_progr_2/historico.json,dia_turno_curso -> curso -> par_cursos,progressiva,alfabetica,,alfabetica,,alfabetica,,180.0,1,180.0,600.0,1,0,TEMPO_TOTAL,2,,CS,LET,39
1,6,40,par_cursos,CS+MAT,45,9522,85468,OPTIMAL,185323.5,185323.5,False,185323.5,0.87,0.52,600.0,,,,alfabetica,,3,par_cursos,2,True,TEMPO_TOTAL,iteracao,dia_turno_curso_cursos_progr_ate_2,180.0,180.0,600.0,14400.0,False,False,alfabetica,,alfabetica,,./dados/2024_1/horarios_2024_1.xlsx,./dados/2024_1/salas_2024_1.csv,./dados/2024_1/salas_preferenciais_2024.1.xlsx,/Users/robertdrey/Documents/workspace/development/alocador_de_salas,resultados/experimentos/2024_1/novas_hibridas/dia_turno_depois_progr_2/melhor_solucao.sol,resultados/experimentos/2024_1/novas_hibridas/dia_turno_depois_progr_2/historico.csv,resultados/experimentos/2024_1/novas_hibridas/dia_turno_depois_progr_2/historico.json,dia_turno_curso -> curso -> par_cursos,progressiva,alfabetica,,alfabetica,,alfabetica,,180.0,1,180.0,600.0,1,0,TEMPO_TOTAL,2,,CS,MAT,40
1,6,41,par_cursos,CS+MED,63,13938,81052,OPTIMAL,185323.5,185323.5,False,185323.5,1.44,1.11,600.0,,,,alfabetica,,3,par_cursos,2,True,TEMPO_TOTAL,iteracao,dia_turno_curso_cursos_progr_ate_2,180.0,180.0,600.0,14400.0,False,False,alfabetica,,alfabetica,,./dados/2024_1/horarios_2024_1.xlsx,./dados/2024_1/salas_2024_1.csv,./dados/2024_1/salas_preferenciais_2024.1.xlsx,/Users/robertdrey/Documents/workspace/development/alocador_de_salas,resultados/experimentos/2024_1/novas_hibridas/dia_turno_depois_progr_2/melhor_solucao.sol,resultados/experimentos/2024_1/novas_hibridas/dia_turno_depois_progr_2/historico.csv,resultados/experimentos/2024_1/novas_hibridas/dia_turno_depois_progr_2/historico.json,dia_turno_curso -> curso -> par_cursos,progressiva,alfabetica,,alfabetica,,alfabetica,,180.0,1,180.0,600.0,1,0,TEMPO_TOTAL,2,,CS,MED,41
1,6,42,par_cursos,CS+PED,78,17342,77648,OPTIMAL,185323.5,185323.5,False,185323.5,17.23,16.87,600.0,,,,alfabetica,,3,par_cursos,2,True,TEMPO_TOTAL,iteracao,dia_turno_curso_cursos_progr_ate_2,180.0,180.0,600.0,14400.0,False,False,alfabetica,,alfabetica,,./dados/2024_1/horarios_2024_1.xlsx,./dados/2024_1/salas_2024_1.csv,./dados/2024_1/salas_preferenciais_2024.1.xlsx,/Users/robertdrey/Documents/workspace/development/alocador_de_salas,resultados/experimentos/2024_1/novas_hibridas/dia_turno_depois_progr_2/melhor_solucao.sol,resultados/experimentos/2024_1/novas_hibridas/dia_turno_depois_progr_2/historico.csv,resultados/experimentos/2024_1/novas_hibridas/dia_turno_depois_progr_2/historico.json,dia_turno_curso -> curso -> par_cursos,progressiva,alfabetica,,alfabetica,,alfabetica,,180.0,1,180.0,600.0,1,0,TEMPO_TOTAL,2,,CS,PED,42
1,6,43,par_cursos,EAS+ENF,63,15962,79028,OPTIMAL,185323.5,185323.5,False,185323.5,6.84,6.49,600.0,,,,alfabetica,,3,par_cursos,2,True,TEMPO_TOTAL,iteracao,dia_turno_curso_cursos_progr_ate_2,180.0,180.0,600.0,14400.0,False,False,alfabetica,,alfabetica,,./dados/2024_1/horarios_2024_1.xlsx,./dados/2024_1/salas_2024_1.csv,./dados/2024_1/salas_preferenciais_2024.1.xlsx,/Users/robertdrey/Documents/workspace/development/alocador_de_salas,resultados/experimentos/2024_1/novas_hibridas/dia_turno_depois_progr_2/melhor_solucao.sol,resultados/experimentos/2024_1/novas_hibridas/dia_turno_depois_progr_2/historico.csv,resultados/experimentos/2024_1/novas_hibridas/dia_turno_depois_progr_2/historico.json,dia_turno_curso -> curso -> par_cursos,progressiva,alfabetica,,alfabetica,,alfabetica,,180.0,1,180.0,600.0,1,0,TEMPO_TOTAL,2,,EAS,ENF,43
1,6,44,par_cursos,EAS+FIL,60,10212,84778,OPTIMAL,185323.5,185323.5,False,185323.5,0.79,0.47,600.0,,,,alfabetica,,3,par_cursos,2,True,TEMPO_TOTAL,iteracao,dia_turno_curso_cursos_progr_ate_2,180.0,180.0,600.0,14400.0,False,False,alfabetica,,alfabetica,,./dados/2024_1/horarios_2024_1.xlsx,./dados/2024_1/salas_2024_1.csv,./dados/2024_1/salas_preferenciais_2024.1.xlsx,/Users/robertdrey/Documents/workspace/development/alocador_de_salas,resultados/experimentos/2024_1/novas_hibridas/dia_turno_depois_progr_2/melhor_solucao.sol,resultados/experimentos/2024_1/novas_hibridas/dia_turno_depois_progr_2/historico.csv,resultados/experimentos/2024_1/novas_hibridas/dia_turno_depois_progr_2/historico.json,dia_turno_curso -> curso -> par_cursos,progressiva,alfabetica,,alfabetica,,alfabetica,,180.0,1,180.0,600.0,1,0,TEMPO_TOTAL,2,,EAS,FIL,44
1,6,45,par_cursos,EAS+GEO,55,9522,85468,OPTIMAL,185323.5,185323.5,False,185323.5,0.74,0.42,600.0,,,,alfabetica,,3,par_cursos,2,True,TEMPO_TOTAL,iteracao,dia_turno_curso_cursos_progr_ate_2,180.0,180.0,600.0,14400.0,False,False,alfabetica,,alfabetica,,./dados/2024_1/horarios_2024_1.xlsx,./dados/2024_1/salas_2024_1.csv,./dados/2024_1/salas_preferenciais_2024.1.xlsx,/Users/robertdrey/Documents/workspace/development/alocador_de_salas,resultados/experimentos/2024_1/novas_hibridas/dia_turno_depois_progr_2/melhor_solucao.sol,resultados/experimentos/2024_1/novas_hibridas/dia_turno_depois_progr_2/historico.csv,resultados/experimentos/2024_1/novas_hibridas/dia_turno_depois_progr_2/historico.json,dia_turno_curso -> curso -> par_cursos,progressiva,alfabetica,,alfabetica,,alfabetica,,180.0,1,180.0,600.0,1,0,TEMPO_TOTAL,2,,EAS,GEO,45
1,6,46,par_cursos,EAS+HIS,69,12236,82754,OPTIMAL,185323.5,185323.5,False,185323.5,0.87,0.57,600.0,,,,alfabetica,,3,par_cursos,2,True,TEMPO_TOTAL,iteracao,dia_turno_curso_cursos_progr_ate_2,180.0,180.0,600.0,14400.0,False,False,alfabetica,,alfabetica,,./dados/2024_1/horarios_2024_1.xlsx,./dados/2024_1/salas_2024_1.csv,./dados/2024_1/salas_preferenciais_2024.1.xlsx,/Users/robertdrey/Documents/workspace/development/alocador_de_salas,resultados/experimentos/2024_1/novas_hibridas/dia_turno_depois_progr_2/melhor_solucao.sol,resultados/experimentos/2024_1/novas_hibridas/dia_turno_depois_progr_2/historico.csv,resultados/experimentos/2024_1/novas_hibridas/dia_turno_depois_progr_2/historico.json,dia_turno_curso -> curso -> par_cursos,progressiva,alfabetica,,alfabetica,,alfabetica,,180.0,1,180.0,600.0,1,0,TEMPO_TOTAL,2,,EAS,HIS,46
1,6,47,par_cursos,EAS+LET,81,16606,78384,OPTIMAL,185323.5,185323.5,False,185323.5,1.56,1.24,600.0,,,,alfabetica,,3,par_cursos,2,True,TEMPO_TOTAL,iteracao,dia_turno_curso_cursos_progr_ate_2,180.0,180.0,600.0,14400.0,False,False,alfabetica,,alfabetica,,./dados/2024_1/horarios_2024_1.xlsx,./dados/2024_1/salas_2024_1.csv,./dados/2024_1/salas_preferenciais_2024.1.xlsx,/Users/robertdrey/Documents/workspace/development/alocador_de_salas,resultados/experimentos/2024_1/novas_hibridas/dia_turno_depois_progr_2/melhor_solucao.sol,resultados/experimentos/2024_1/novas_hibridas/dia_turno_depois_progr_2/historico.csv,resultados/experimentos/2024_1/novas_hibridas/dia_turno_depois_progr_2/historico.json,dia_turno_curso -> curso -> par_cursos,progressiva,alfabetica,,alfabetica,,alfabetica,,180.0,1,180.0,600.0,1,0,TEMPO_TOTAL,2,,EAS,LET,47
1,6,48,par_cursos,EAS+MAT,68,12420,82570,OPTIMAL,185323.5,185323.5,False,185323.5,1.07,0.73,600.0,,,,alfabetica,,3,par_cursos,2,True,TEMPO_TOTAL,iteracao,dia_turno_curso_cursos_progr_ate_2,180.0,180.0,600.0,14400.0,False,False,alfabetica,,alfabetica,,./dados/2024_1/horarios_2024_1.xlsx,./dados/2024_1/salas_2024_1.csv,./dados/2024_1/salas_preferenciais_2024.1.xlsx,/Users/robertdrey/Documents/workspace/development/alocador_de_salas,resultados/experimentos/2024_1/novas_hibridas/dia_turno_depois_progr_2/melhor_solucao.sol,resultados/experimentos/2024_1/novas_hibridas/dia_turno_depois_progr_2/historico.csv,resultados/experimentos/2024_1/novas_hibridas/dia_turno_depois_progr_2/historico.json,dia_turno_curso -> curso -> par_cursos,progressiva,alfabetica,,alfabetica,,alfabetica,,180.0,1,180.0,600.0,1,0,TEMPO_TOTAL,2,,EAS,MAT,48
1,6,49,par_cursos,EAS+MED,86,16836,78154,OPTIMAL,185323.5,185323.5,False,185323.5,2.06,1.73,600.0,,,,alfabetica,,3,par_cursos,2,True,TEMPO_TOTAL,iteracao,dia_turno_curso_cursos_progr_ate_2,180.0,180.0,600.0,14400.0,False,False,alfabetica,,alfabetica,,./dados/2024_1/horarios_2024_1.xlsx,./dados/2024_1/salas_2024_1.csv,./dados/2024_1/salas_preferenciais_2024.1.xlsx,/Users/robertdrey/Documents/workspace/development/alocador_de_salas,resultados/experimentos/2024_1/novas_hibridas/dia_turno_depois_progr_2/melhor_solucao.sol,resultados/experimentos/2024_1/novas_hibridas/dia_turno_depois_progr_2/historico.csv,resultados/experimentos/2024_1/novas_hibridas/dia_turno_depois_progr_2/historico.json,dia_turno_curso -> curso -> par_cursos,progressiva,alfabetica,,alfabetica,,alfabetica,,180.0,1,180.0,600.0,1,0,TEMPO_TOTAL,2,,EAS,MED,49
1,6,50,par_cursos,EAS+PED,101,20240,74750,OPTIMAL,185323.5,185323.5,False,185323.5,46.68,46.35,600.0,,,,alfabetica,,3,par_cursos,2,True,TEMPO_TOTAL,iteracao,dia_turno_curso_cursos_progr_ate_2,180.0,180.0,600.0,14400.0,False,False,alfabetica,,alfabetica,,./dados/2024_1/horarios_2024_1.xlsx,./dados/2024_1/salas_2024_1.csv,./dados/2024_1/salas_preferenciais_2024.1.xlsx,/Users/robertdrey/Documents/workspace/development/alocador_de_salas,resultados/experimentos/2024_1/novas_hibridas/dia_turno_depois_progr_2/melhor_solucao.sol,resultados/experimentos/2024_1/novas_hibridas/dia_turno_depois_progr_2/historico.csv,resultados/experimentos/2024_1/novas_hibridas/dia_turno_depois_progr_2/historico.json,dia_turno_curso -> curso -> par_cursos,progressiva,alfabetica,,alfabetica,,alfabetica,,180.0,1,180.0,600.0,1,0,TEMPO_TOTAL,2,,EAS,PED,50
1,6,51,par_cursos,ENF+FIL,33,11270,83720,OPTIMAL,185323.5,185323.5,False,185323.5,1.62,1.3,600.0,,,,alfabetica,,3,par_cursos,2,True,TEMPO_TOTAL,iteracao,dia_turno_curso_cursos_progr_ate_2,180.0,180.0,600.0,14400.0,False,False,alfabetica,,alfabetica,,./dados/2024_1/horarios_2024_1.xlsx,./dados/2024_1/salas_2024_1.csv,./dados/2024_1/salas_preferenciais_2024.1.xlsx,/Users/robertdrey/Documents/workspace/development/alocador_de_salas,resultados/experimentos/2024_1/novas_hibridas/dia_turno_depois_progr_2/melhor_solucao.sol,resultados/experimentos/2024_1/novas_hibridas/dia_turno_depois_progr_2/historico.csv,resultados/experimentos/2024_1/novas_hibridas/dia_turno_depois_progr_2/historico.json,dia_turno_curso -> curso -> par_cursos,progressiva,alfabetica,,alfabetica,,alfabetica,,180.0,1,180.0,600.0,1,0,TEMPO_TOTAL,2,,ENF,FIL,51
1,6,52,par_cursos,ENF+GEO,28,10580,84410,OPTIMAL,185323.5,185323.5,False,185323.5,1.74,1.4,600.0,,,,alfabetica,,3,par_cursos,2,True,TEMPO_TOTAL,iteracao,dia_turno_curso_cursos_progr_ate_2,180.0,180.0,600.0,14400.0,False,False,alfabetica,,alfabetica,,./dados/2024_1/horarios_2024_1.xlsx,./dados/2024_1/salas_2024_1.csv,./dados/2024_1/salas_preferenciais_2024.1.xlsx,/Users/robertdrey/Documents/workspace/development/alocador_de_salas,resultados/experimentos/2024_1/novas_hibridas/dia_turno_depois_progr_2/melhor_solucao.sol,resultados/experimentos/2024_1/novas_hibridas/dia_turno_depois_progr_2/historico.csv,resultados/experimentos/2024_1/novas_hibridas/dia_turno_depois_progr_2/historico.json,dia_turno_curso -> curso -> par_cursos,progressiva,alfabetica,,alfabetica,,alfabetica,,180.0,1,180.0,600.0,1,0,TEMPO_TOTAL,2,,ENF,GEO,52
1,6,53,par_cursos,ENF+HIS,42,13294,81696,OPTIMAL,185323.5,185323.5,False,185323.5,1.83,1.47,600.0,,,,alfabetica,,3,par_cursos,2,True,TEMPO_TOTAL,iteracao,dia_turno_curso_cursos_progr_ate_2,180.0,180.0,600.0,14400.0,False,False,alfabetica,,alfabetica,,./dados/2024_1/horarios_2024_1.xlsx,./dados/2024_1/salas_2024_1.csv,./dados/2024_1/salas_preferenciais_2024.1.xlsx,/Users/robertdrey/Documents/workspace/development/alocador_de_salas,resultados/experimentos/2024_1/novas_hibridas/dia_turno_depois_progr_2/melhor_solucao.sol,resultados/experimentos/2024_1/novas_hibridas/dia_turno_depois_progr_2/historico.csv,resultados/experimentos/2024_1/novas_hibridas/dia_turno_depois_progr_2/historico.json,dia_turno_curso -> curso -> par_cursos,progressiva,alfabetica,,alfabetica,,alfabetica,,180.0,1,180.0,600.0,1,0,TEMPO_TOTAL,2,,ENF,HIS,53
1,6,54,par_cursos,ENF+LET,54,17664,77326,OPTIMAL,185323.5,185323.5,False,185323.5,6.44,6.09,600.0,,,,alfabetica,,3,par_cursos,2,True,TEMPO_TOTAL,iteracao,dia_turno_curso_cursos_progr_ate_2,180.0,180.0,600.0,14400.0,False,False,alfabetica,,alfabetica,,./dados/2024_1/horarios_2024_1.xlsx,./dados/2024_1/salas_2024_1.csv,./dados/2024_1/salas_preferenciais_2024.1.xlsx,/Users/robertdrey/Documents/workspace/development/alocador_de_salas,resultados/experimentos/2024_1/novas_hibridas/dia_turno_depois_progr_2/melhor_solucao.sol,resultados/experimentos/2024_1/novas_hibridas/dia_turno_depois_progr_2/historico.csv,resultados/experimentos/2024_1/novas_hibridas/dia_turno_depois_progr_2/historico.json,dia_turno_curso -> curso -> par_cursos,progressiva,alfabetica,,alfabetica,,alfabetica,,180.0,1,180.0,600.0,1,0,TEMPO_TOTAL,2,,ENF,LET,54
1,6,55,par_cursos,ENF+MAT,41,13478,81512,OPTIMAL,185323.5,185323.5,False,185323.5,2.33,1.99,600.0,,,,alfabetica,,3,par_cursos,2,True,TEMPO_TOTAL,iteracao,dia_turno_curso_cursos_progr_ate_2,180.0,180.0,600.0,14400.0,False,False,alfabetica,,alfabetica,,./dados/2024_1/horarios_2024_1.xlsx,./dados/2024_1/salas_2024_1.csv,./dados/2024_1/salas_preferenciais_2024.1.xlsx,/Users/robertdrey/Documents/workspace/development/alocador_de_salas,resultados/experimentos/2024_1/novas_hibridas/dia_turno_depois_progr_2/melhor_solucao.sol,resultados/experimentos/2024_1/novas_hibridas/dia_turno_depois_progr_2/historico.csv,resultados/experimentos/2024_1/novas_hibridas/dia_turno_depois_progr_2/historico.json,dia_turno_curso -> curso -> par_cursos,progressiva,alfabetica,,alfabetica,,alfabetica,,180.0,1,180.0,600.0,1,0,TEMPO_TOTAL,2,,ENF,MAT,55
1,6,56,par_cursos,ENF+MED,59,17894,77096,OPTIMAL,185323.5,185288.5,True,185288.5,67.13,66.76,600.0,,,,alfabetica,,3,par_cursos,2,True,TEMPO_TOTAL,iteracao,dia_turno_curso_cursos_progr_ate_2,180.0,180.0,600.0,14400.0,False,False,alfabetica,,alfabetica,,./dados/2024_1/horarios_2024_1.xlsx,./dados/2024_1/salas_2024_1.csv,./dados/2024_1/salas_preferenciais_2024.1.xlsx,/Users/robertdrey/Documents/workspace/development/alocador_de_salas,resultados/experimentos/2024_1/novas_hibridas/dia_turno_depois_progr_2/melhor_solucao.sol,resultados/experimentos/2024_1/novas_hibridas/dia_turno_depois_progr_2/historico.csv,resultados/experimentos/2024_1/novas_hibridas/dia_turno_depois_progr_2/historico.json,dia_turno_curso -> curso -> par_cursos,progressiva,alfabetica,,alfabetica,,alfabetica,,180.0,1,180.0,600.0,1,0,TEMPO_TOTAL,2,,ENF,MED,56
1,6,57,par_cursos,ENF+PED,74,21298,73692,OPTIMAL,185288.5,185288.5,False,185288.5,416.43,416.08,600.0,,,,alfabetica,,3,par_cursos,2,True,TEMPO_TOTAL,iteracao,dia_turno_curso_cursos_progr_ate_2,180.0,180.0,600.0,14400.0,False,False,alfabetica,,alfabetica,,./dados/2024_1/horarios_2024_1.xlsx,./dados/2024_1/salas_2024_1.csv,./dados/2024_1/salas_preferenciais_2024.1.xlsx,/Users/robertdrey/Documents/workspace/development/alocador_de_salas,resultados/experimentos/2024_1/novas_hibridas/dia_turno_depois_progr_2/melhor_solucao.sol,resultados/experimentos/2024_1/novas_hibridas/dia_turno_depois_progr_2/historico.csv,resultados/experimentos/2024_1/novas_hibridas/dia_turno_depois_progr_2/historico.json,dia_turno_curso -> curso -> par_cursos,progressiva,alfabetica,,alfabetica,,alfabetica,,180.0,1,180.0,600.0,1,0,TEMPO_TOTAL,2,,ENF,PED,57
1,6,58,par_cursos,FIL+GEO,25,4830,90160,OPTIMAL,185288.5,185288.5,False,185288.5,0.63,0.32,600.0,,,,alfabetica,,3,par_cursos,2,True,TEMPO_TOTAL,iteracao,dia_turno_curso_cursos_progr_ate_2,180.0,180.0,600.0,14400.0,False,False,alfabetica,,alfabetica,,./dados/2024_1/horarios_2024_1.xlsx,./dados/2024_1/salas_2024_1.csv,./dados/2024_1/salas_preferenciais_2024.1.xlsx,/Users/robertdrey/Documents/workspace/development/alocador_de_salas,resultados/experimentos/2024_1/novas_hibridas/dia_turno_depois_progr_2/melhor_solucao.sol,resultados/experimentos/2024_1/novas_hibridas/dia_turno_depois_progr_2/historico.csv,resultados/experimentos/2024_1/novas_hibridas/dia_turno_depois_progr_2/historico.json,dia_turno_curso -> curso -> par_cursos,progressiva,alfabetica,,alfabetica,,alfabetica,,180.0,1,180.0,600.0,1,0,TEMPO_TOTAL,2,,FIL,GEO,58
1,6,59,par_cursos,FIL+HIS,39,7544,87446,OPTIMAL,185288.5,185288.5,False,185288.5,0.65,0.34,600.0,,,,alfabetica,,3,par_cursos,2,True,TEMPO_TOTAL,iteracao,dia_turno_curso_cursos_progr_ate_2,180.0,180.0,600.0,14400.0,False,False,alfabetica,,alfabetica,,./dados/2024_1/horarios_2024_1.xlsx,./dados/2024_1/salas_2024_1.csv,./dados/2024_1/salas_preferenciais_2024.1.xlsx,/Users/robertdrey/Documents/workspace/development/alocador_de_salas,resultados/experimentos/2024_1/novas_hibridas/dia_turno_depois_progr_2/melhor_solucao.sol,resultados/experimentos/2024_1/novas_hibridas/dia_turno_depois_progr_2/historico.csv,resultados/experimentos/2024_1/novas_hibridas/dia_turno_depois_progr_2/historico.json,dia_turno_curso -> curso -> par_cursos,progressiva,alfabetica,,alfabetica,,alfabetica,,180.0,1,180.0,600.0,1,0,TEMPO_TOTAL,2,,FIL,HIS,59
1,6,60,par_cursos,FIL+LET,51,11914,83076,OPTIMAL,185288.5,185288.5,False,185288.5,1.72,1.4,600.0,,,,alfabetica,,3,par_cursos,2,True,TEMPO_TOTAL,iteracao,dia_turno_curso_cursos_progr_ate_2,180.0,180.0,600.0,14400.0,False,False,alfabetica,,alfabetica,,./dados/2024_1/horarios_2024_1.xlsx,./dados/2024_1/salas_2024_1.csv,./dados/2024_1/salas_preferenciais_2024.1.xlsx,/Users/robertdrey/Documents/workspace/development/alocador_de_salas,resultados/experimentos/2024_1/novas_hibridas/dia_turno_depois_progr_2/melhor_solucao.sol,resultados/experimentos/2024_1/novas_hibridas/dia_turno_depois_progr_2/historico.csv,resultados/experimentos/2024_1/novas_hibridas/dia_turno_depois_progr_2/historico.json,dia_turno_curso -> curso -> par_cursos,progressiva,alfabetica,,alfabetica,,alfabetica,,180.0,1,180.0,600.0,1,0,TEMPO_TOTAL,2,,FIL,LET,60
1,6,61,par_cursos,FIL+MAT,38,7728,87262,OPTIMAL,185288.5,185288.5,False,185288.5,0.71,0.4,600.0,,,,alfabetica,,3,par_cursos,2,True,TEMPO_TOTAL,iteracao,dia_turno_curso_cursos_progr_ate_2,180.0,180.0,600.0,14400.0,False,False,alfabetica,,alfabetica,,./dados/2024_1/horarios_2024_1.xlsx,./dados/2024_1/salas_2024_1.csv,./dados/2024_1/salas_preferenciais_2024.1.xlsx,/Users/robertdrey/Documents/workspace/development/alocador_de_salas,resultados/experimentos/2024_1/novas_hibridas/dia_turno_depois_progr_2/melhor_solucao.sol,resultados/experimentos/2024_1/novas_hibridas/dia_turno_depois_progr_2/historico.csv,resultados/experimentos/2024_1/novas_hibridas/dia_turno_depois_progr_2/historico.json,dia_turno_curso -> curso -> par_cursos,progressiva,alfabetica,,alfabetica,,alfabetica,,180.0,1,180.0,600.0,1,0,TEMPO_TOTAL,2,,FIL,MAT,61
1,6,62,par_cursos,FIL+MED,56,12144,82846,OPTIMAL,185288.5,185288.5,False,185288.5,1.13,0.83,600.0,,,,alfabetica,,3,par_cursos,2,True,TEMPO_TOTAL,iteracao,dia_turno_curso_cursos_progr_ate_2,180.0,180.0,600.0,14400.0,False,False,alfabetica,,alfabetica,,./dados/2024_1/horarios_2024_1.xlsx,./dados/2024_1/salas_2024_1.csv,./dados/2024_1/salas_preferenciais_2024.1.xlsx,/Users/robertdrey/Documents/workspace/development/alocador_de_salas,resultados/experimentos/2024_1/novas_hibridas/dia_turno_depois_progr_2/melhor_solucao.sol,resultados/experimentos/2024_1/novas_hibridas/dia_turno_depois_progr_2/historico.csv,resultados/experimentos/2024_1/novas_hibridas/dia_turno_depois_progr_2/historico.json,dia_turno_curso -> curso -> par_cursos,progressiva,alfabetica,,alfabetica,,alfabetica,,180.0,1,180.0,600.0,1,0,TEMPO_TOTAL,2,,FIL,MED,62
1,6,63,par_cursos,FIL+PED,71,15548,79442,OPTIMAL,185288.5,185288.5,False,185288.5,42.85,42.54,600.0,,,,alfabetica,,3,par_cursos,2,True,TEMPO_TOTAL,iteracao,dia_turno_curso_cursos_progr_ate_2,180.0,180.0,600.0,14400.0,False,False,alfabetica,,alfabetica,,./dados/2024_1/horarios_2024_1.xlsx,./dados/2024_1/salas_2024_1.csv,./dados/2024_1/salas_preferenciais_2024.1.xlsx,/Users/robertdrey/Documents/workspace/development/alocador_de_salas,resultados/experimentos/2024_1/novas_hibridas/dia_turno_depois_progr_2/melhor_solucao.sol,resultados/experimentos/2024_1/novas_hibridas/dia_turno_depois_progr_2/historico.csv,resultados/experimentos/2024_1/novas_hibridas/dia_turno_depois_progr_2/historico.json,dia_turno_curso -> curso -> par_cursos,progressiva,alfabetica,,alfabetica,,alfabetica,,180.0,1,180.0,600.0,1,0,TEMPO_TOTAL,2,,FIL,PED,63
1,6,64,par_cursos,GEO+HIS,34,6854,88136,OPTIMAL,185288.5,185288.5,False,185288.5,0.7,0.37,600.0,,,,alfabetica,,3,par_cursos,2,True,TEMPO_TOTAL,iteracao,dia_turno_curso_cursos_progr_ate_2,180.0,180.0,600.0,14400.0,False,False,alfabetica,,alfabetica,,./dados/2024_1/horarios_2024_1.xlsx,./dados/2024_1/salas_2024_1.csv,./dados/2024_1/salas_preferenciais_2024.1.xlsx,/Users/robertdrey/Documents/workspace/development/alocador_de_salas,resultados/experimentos/2024_1/novas_hibridas/dia_turno_depois_progr_2/melhor_solucao.sol,resultados/experimentos/2024_1/novas_hibridas/dia_turno_depois_progr_2/historico.csv,resultados/experimentos/2024_1/novas_hibridas/dia_turno_depois_progr_2/historico.json,dia_turno_curso -> curso -> par_cursos,progressiva,alfabetica,,alfabetica,,alfabetica,,180.0,1,180.0,600.0,1,0,TEMPO_TOTAL,2,,GEO,HIS,64
1,6,65,par_cursos,GEO+LET,46,11224,83766,OPTIMAL,185288.5,185288.5,False,185288.5,2.27,1.96,600.0,,,,alfabetica,,3,par_cursos,2,True,TEMPO_TOTAL,iteracao,dia_turno_curso_cursos_progr_ate_2,180.0,180.0,600.0,14400.0,False,False,alfabetica,,alfabetica,,./dados/2024_1/horarios_2024_1.xlsx,./dados/2024_1/salas_2024_1.csv,./dados/2024_1/salas_preferenciais_2024.1.xlsx,/Users/robertdrey/Documents/workspace/development/alocador_de_salas,resultados/experimentos/2024_1/novas_hibridas/dia_turno_depois_progr_2/melhor_solucao.sol,resultados/experimentos/2024_1/novas_hibridas/dia_turno_depois_progr_2/historico.csv,resultados/experimentos/2024_1/novas_hibridas/dia_turno_depois_progr_2/historico.json,dia_turno_curso -> curso -> par_cursos,progressiva,alfabetica,,alfabetica,,alfabetica,,180.0,1,180.0,600.0,1,0,TEMPO_TOTAL,2,,GEO,LET,65
1,6,66,par_cursos,GEO+MAT,33,7038,87952,OPTIMAL,185288.5,185288.5,False,185288.5,0.72,0.38,600.0,,,,alfabetica,,3,par_cursos,2,True,TEMPO_TOTAL,iteracao,dia_turno_curso_cursos_progr_ate_2,180.0,180.0,600.0,14400.0,False,False,alfabetica,,alfabetica,,./dados/2024_1/horarios_2024_1.xlsx,./dados/2024_1/salas_2024_1.csv,./dados/2024_1/salas_preferenciais_2024.1.xlsx,/Users/robertdrey/Documents/workspace/development/alocador_de_salas,resultados/experimentos/2024_1/novas_hibridas/dia_turno_depois_progr_2/melhor_solucao.sol,resultados/experimentos/2024_1/novas_hibridas/dia_turno_depois_progr_2/historico.csv,resultados/experimentos/2024_1/novas_hibridas/dia_turno_depois_progr_2/historico.json,dia_turno_curso -> curso -> par_cursos,progressiva,alfabetica,,alfabetica,,alfabetica,,180.0,1,180.0,600.0,1,0,TEMPO_TOTAL,2,,GEO,MAT,66
1,6,67,par_cursos,GEO+MED,51,11454,83536,OPTIMAL,185288.5,185288.5,False,185288.5,1.16,0.85,600.0,,,,alfabetica,,3,par_cursos,2,True,TEMPO_TOTAL,iteracao,dia_turno_curso_cursos_progr_ate_2,180.0,180.0,600.0,14400.0,False,False,alfabetica,,alfabetica,,./dados/2024_1/horarios_2024_1.xlsx,./dados/2024_1/salas_2024_1.csv,./dados/2024_1/salas_preferenciais_2024.1.xlsx,/Users/robertdrey/Documents/workspace/development/alocador_de_salas,resultados/experimentos/2024_1/novas_hibridas/dia_turno_depois_progr_2/melhor_solucao.sol,resultados/experimentos/2024_1/novas_hibridas/dia_turno_depois_progr_2/historico.csv,resultados/experimentos/2024_1/novas_hibridas/dia_turno_depois_progr_2/historico.json,dia_turno_curso -> curso -> par_cursos,progressiva,alfabetica,,alfabetica,,alfabetica,,180.0,1,180.0,600.0,1,0,TEMPO_TOTAL,2,,GEO,MED,67
1,6,68,par_cursos,GEO+PED,66,14858,80132,OPTIMAL,185288.5,185288.5,False,185288.5,95.19,94.87,600.0,,,,alfabetica,,3,par_cursos,2,True,TEMPO_TOTAL,iteracao,dia_turno_curso_cursos_progr_ate_2,180.0,180.0,600.0,14400.0,False,False,alfabetica,,alfabetica,,./dados/2024_1/horarios_2024_1.xlsx,./dados/2024_1/salas_2024_1.csv,./dados/2024_1/salas_preferenciais_2024.1.xlsx,/Users/robertdrey/Documents/workspace/development/alocador_de_salas,resultados/experimentos/2024_1/novas_hibridas/dia_turno_depois_progr_2/melhor_solucao.sol,resultados/experimentos/2024_1/novas_hibridas/dia_turno_depois_progr_2/historico.csv,resultados/experimentos/2024_1/novas_hibridas/dia_turno_depois_progr_2/historico.json,dia_turno_curso -> curso -> par_cursos,progressiva,alfabetica,,alfabetica,,alfabetica,,180.0,1,180.0,600.0,1,0,TEMPO_TOTAL,2,,GEO,PED,68
1,6,69,par_cursos,HIS+LET,60,13938,81052,OPTIMAL,185288.5,185288.5,False,185288.5,1.91,1.59,600.0,,,,alfabetica,,3,par_cursos,2,True,TEMPO_TOTAL,iteracao,dia_turno_curso_cursos_progr_ate_2,180.0,180.0,600.0,14400.0,False,False,alfabetica,,alfabetica,,./dados/2024_1/horarios_2024_1.xlsx,./dados/2024_1/salas_2024_1.csv,./dados/2024_1/salas_preferenciais_2024.1.xlsx,/Users/robertdrey/Documents/workspace/development/alocador_de_salas,resultados/experimentos/2024_1/novas_hibridas/dia_turno_depois_progr_2/melhor_solucao.sol,resultados/experimentos/2024_1/novas_hibridas/dia_turno_depois_progr_2/historico.csv,resultados/experimentos/2024_1/novas_hibridas/dia_turno_depois_progr_2/historico.json,dia_turno_curso -> curso -> par_cursos,progressiva,alfabetica,,alfabetica,,alfabetica,,180.0,1,180.0,600.0,1,0,TEMPO_TOTAL,2,,HIS,LET,69
1,6,70,par_cursos,HIS+MAT,47,9752,85238,OPTIMAL,185288.5,185288.5,False,185288.5,0.81,0.51,600.0,,,,alfabetica,,3,par_cursos,2,True,TEMPO_TOTAL,iteracao,dia_turno_curso_cursos_progr_ate_2,180.0,180.0,600.0,14400.0,False,False,alfabetica,,alfabetica,,./dados/2024_1/horarios_2024_1.xlsx,./dados/2024_1/salas_2024_1.csv,./dados/2024_1/salas_preferenciais_2024.1.xlsx,/Users/robertdrey/Documents/workspace/development/alocador_de_salas,resultados/experimentos/2024_1/novas_hibridas/dia_turno_depois_progr_2/melhor_solucao.sol,resultados/experimentos/2024_1/novas_hibridas/dia_turno_depois_progr_2/historico.csv,resultados/experimentos/2024_1/novas_hibridas/dia_turno_depois_progr_2/historico.json,dia_turno_curso -> curso -> par_cursos,progressiva,alfabetica,,alfabetica,,alfabetica,,180.0,1,180.0,600.0,1,0,TEMPO_TOTAL,2,,HIS,MAT,70
1,6,71,par_cursos,HIS+MED,65,14168,80822,OPTIMAL,185288.5,185288.5,False,185288.5,1.18,0.88,600.0,,,,alfabetica,,3,par_cursos,2,True,TEMPO_TOTAL,iteracao,dia_turno_curso_cursos_progr_ate_2,180.0,180.0,600.0,14400.0,False,False,alfabetica,,alfabetica,,./dados/2024_1/horarios_2024_1.xlsx,./dados/2024_1/salas_2024_1.csv,./dados/2024_1/salas_preferenciais_2024.1.xlsx,/Users/robertdrey/Documents/workspace/development/alocador_de_salas,resultados/experimentos/2024_1/novas_hibridas/dia_turno_depois_progr_2/melhor_solucao.sol,resultados/experimentos/2024_1/novas_hibridas/dia_turno_depois_progr_2/historico.csv,resultados/experimentos/2024_1/novas_hibridas/dia_turno_depois_progr_2/historico.json,dia_turno_curso -> curso -> par_cursos,progressiva,alfabetica,,alfabetica,,alfabetica,,180.0,1,180.0,600.0,1,0,TEMPO_TOTAL,2,,HIS,MED,71
1,6,72,par_cursos,HIS+PED,80,17572,77418,OPTIMAL,185288.5,185288.5,False,185288.5,49.28,48.96,600.0,,,,alfabetica,,3,par_cursos,2,True,TEMPO_TOTAL,iteracao,dia_turno_curso_cursos_progr_ate_2,180.0,180.0,600.0,14400.0,False,False,alfabetica,,alfabetica,,./dados/2024_1/horarios_2024_1.xlsx,./dados/2024_1/salas_2024_1.csv,./dados/2024_1/salas_preferenciais_2024.1.xlsx,/Users/robertdrey/Documents/workspace/development/alocador_de_salas,resultados/experimentos/2024_1/novas_hibridas/dia_turno_depois_progr_2/melhor_solucao.sol,resultados/experimentos/2024_1/novas_hibridas/dia_turno_depois_progr_2/historico.csv,resultados/experimentos/2024_1/novas_hibridas/dia_turno_depois_progr_2/historico.json,dia_turno_curso -> curso -> par_cursos,progressiva,alfabetica,,alfabetica,,alfabetica,,180.0,1,180.0,600.0,1,0,TEMPO_TOTAL,2,,HIS,PED,72
1,6,73,par_cursos,LET+MAT,59,14122,80868,OPTIMAL,185288.5,185288.5,False,185288.5,1.71,1.39,600.0,,,,alfabetica,,3,par_cursos,2,True,TEMPO_TOTAL,iteracao,dia_turno_curso_cursos_progr_ate_2,180.0,180.0,600.0,14400.0,False,False,alfabetica,,alfabetica,,./dados/2024_1/horarios_2024_1.xlsx,./dados/2024_1/salas_2024_1.csv,./dados/2024_1/salas_preferenciais_2024.1.xlsx,/Users/robertdrey/Documents/workspace/development/alocador_de_salas,resultados/experimentos/2024_1/novas_hibridas/dia_turno_depois_progr_2/melhor_solucao.sol,resultados/experimentos/2024_1/novas_hibridas/dia_turno_depois_progr_2/historico.csv,resultados/experimentos/2024_1/novas_hibridas/dia_turno_depois_progr_2/historico.json,dia_turno_curso -> curso -> par_cursos,progressiva,alfabetica,,alfabetica,,alfabetica,,180.0,1,180.0,600.0,1,0,TEMPO_TOTAL,2,,LET,MAT,73
1,6,74,par_cursos,LET+MED,77,18538,76452,OPTIMAL,185288.5,185288.5,False,185288.5,2.09,1.77,600.0,,,,alfabetica,,3,par_cursos,2,True,TEMPO_TOTAL,iteracao,dia_turno_curso_cursos_progr_ate_2,180.0,180.0,600.0,14400.0,False,False,alfabetica,,alfabetica,,./dados/2024_1/horarios_2024_1.xlsx,./dados/2024_1/salas_2024_1.csv,./dados/2024_1/salas_preferenciais_2024.1.xlsx,/Users/robertdrey/Documents/workspace/development/alocador_de_salas,resultados/experimentos/2024_1/novas_hibridas/dia_turno_depois_progr_2/melhor_solucao.sol,resultados/experimentos/2024_1/novas_hibridas/dia_turno_depois_progr_2/historico.csv,resultados/experimentos/2024_1/novas_hibridas/dia_turno_depois_progr_2/historico.json,dia_turno_curso -> curso -> par_cursos,progressiva,alfabetica,,alfabetica,,alfabetica,,180.0,1,180.0,600.0,1,0,TEMPO_TOTAL,2,,LET,MED,74
1,6,75,par_cursos,LET+PED,92,21942,73048,OPTIMAL,185288.5,185288.5,False,185288.5,30.9,30.56,600.0,,,,alfabetica,,3,par_cursos,2,True,TEMPO_TOTAL,iteracao,dia_turno_curso_cursos_progr_ate_2,180.0,180.0,600.0,14400.0,False,False,alfabetica,,alfabetica,,./dados/2024_1/horarios_2024_1.xlsx,./dados/2024_1/salas_2024_1.csv,./dados/2024_1/salas_preferenciais_2024.1.xlsx,/Users/robertdrey/Documents/workspace/development/alocador_de_salas,resultados/experimentos/2024_1/novas_hibridas/dia_turno_depois_progr_2/melhor_solucao.sol,resultados/experimentos/2024_1/novas_hibridas/dia_turno_depois_progr_2/historico.csv,resultados/experimentos/2024_1/novas_hibridas/dia_turno_depois_progr_2/historico.json,dia_turno_curso -> curso -> par_cursos,progressiva,alfabetica,,alfabetica,,alfabetica,,180.0,1,180.0,600.0,1,0,TEMPO_TOTAL,2,,LET,PED,75
1,6,76,par_cursos,MAT+MED,64,14352,80638,OPTIMAL,185288.5,185288.5,False,185288.5,1.25,0.91,600.0,,,,alfabetica,,3,par_cursos,2,True,TEMPO_TOTAL,iteracao,dia_turno_curso_cursos_progr_ate_2,180.0,180.0,600.0,14400.0,False,False,alfabetica,,alfabetica,,./dados/2024_1/horarios_2024_1.xlsx,./dados/2024_1/salas_2024_1.csv,./dados/2024_1/salas_preferenciais_2024.1.xlsx,/Users/robertdrey/Documents/workspace/development/alocador_de_salas,resultados/experimentos/2024_1/novas_hibridas/dia_turno_depois_progr_2/melhor_solucao.sol,resultados/experimentos/2024_1/novas_hibridas/dia_turno_depois_progr_2/historico.csv,resultados/experimentos/2024_1/novas_hibridas/dia_turno_depois_progr_2/historico.json,dia_turno_curso -> curso -> par_cursos,progressiva,alfabetica,,alfabetica,,alfabetica,,180.0,1,180.0,600.0,1,0,TEMPO_TOTAL,2,,MAT,MED,76
1,6,77,par_cursos,MAT+PED,79,17756,77234,OPTIMAL,185288.5,185288.5,False,185288.5,16.88,16.55,600.0,,,,alfabetica,,3,par_cursos,2,True,TEMPO_TOTAL,iteracao,dia_turno_curso_cursos_progr_ate_2,180.0,180.0,600.0,14400.0,False,False,alfabetica,,alfabetica,,./dados/2024_1/horarios_2024_1.xlsx,./dados/2024_1/salas_2024_1.csv,./dados/2024_1/salas_preferenciais_2024.1.xlsx,/Users/robertdrey/Documents/workspace/development/alocador_de_salas,resultados/experimentos/2024_1/novas_hibridas/dia_turno_depois_progr_2/melhor_solucao.sol,resultados/experimentos/2024_1/novas_hibridas/dia_turno_depois_progr_2/historico.csv,resultados/experimentos/2024_1/novas_hibridas/dia_turno_depois_progr_2/historico.json,dia_turno_curso -> curso -> par_cursos,progressiva,alfabetica,,alfabetica,,alfabetica,,180.0,1,180.0,600.0,1,0,TEMPO_TOTAL,2,,MAT,PED,77
1,6,78,par_cursos,MED+PED,97,22172,72818,OPTIMAL,185288.5,185288.5,False,185288.5,48.59,48.23,600.0,,,,alfabetica,,3,par_cursos,2,True,TEMPO_TOTAL,iteracao,dia_turno_curso_cursos_progr_ate_2,180.0,180.0,600.0,14400.0,False,False,alfabetica,,alfabetica,,./dados/2024_1/horarios_2024_1.xlsx,./dados/2024_1/salas_2024_1.csv,./dados/2024_1/salas_preferenciais_2024.1.xlsx,/Users/robertdrey/Documents/workspace/development/alocador_de_salas,resultados/experimentos/2024_1/novas_hibridas/dia_turno_depois_progr_2/melhor_solucao.sol,resultados/experimentos/2024_1/novas_hibridas/dia_turno_depois_progr_2/historico.csv,resultados/experimentos/2024_1/novas_hibridas/dia_turno_depois_progr_2/historico.json,dia_turno_curso -> curso -> par_cursos,progressiva,alfabetica,,alfabetica,,alfabetica,,180.0,1,180.0,600.0,1,0,TEMPO_TOTAL,2,,MED,PED,78
1,7,1,par_cursos,ADM+AGRO,99,18032,76958,OPTIMAL,185288.5,185288.5,False,185288.5,8.33,8.0,600.0,,,,alfabetica,,3,par_cursos,3,False,TEMPO_TOTAL,iteracao,dia_turno_curso_cursos_progr_ate_2,180.0,180.0,600.0,14400.0,False,False,alfabetica,,alfabetica,,./dados/2024_1/horarios_2024_1.xlsx,./dados/2024_1/salas_2024_1.csv,./dados/2024_1/salas_preferenciais_2024.1.xlsx,/Users/robertdrey/Documents/workspace/development/alocador_de_salas,resultados/experimentos/2024_1/novas_hibridas/dia_turno_depois_progr_2/melhor_solucao.sol,resultados/experimentos/2024_1/novas_hibridas/dia_turno_depois_progr_2/historico.csv,resultados/experimentos/2024_1/novas_hibridas/dia_turno_depois_progr_2/historico.json,dia_turno_curso -> curso -> par_cursos,progressiva,alfabetica,,alfabetica,,alfabetica,,180.0,1,180.0,600.0,1,0,TEMPO_TOTAL,2,,ADM,AGRO,1
1,7,2,par_cursos,ADM+CC,95,19826,75164,OPTIMAL,185288.5,185288.5,False,185288.5,4.09,3.76,600.0,,,,alfabetica,,3,par_cursos,3,False,TEMPO_TOTAL,iteracao,dia_turno_curso_cursos_progr_ate_2,180.0,180.0,600.0,14400.0,False,False,alfabetica,,alfabetica,,./dados/2024_1/horarios_2024_1.xlsx,./dados/2024_1/salas_2024_1.csv,./dados/2024_1/salas_preferenciais_2024.1.xlsx,/Users/robertdrey/Documents/workspace/development/alocador_de_salas,resultados/experimentos/2024_1/novas_hibridas/dia_turno_depois_progr_2/melhor_solucao.sol,resultados/experimentos/2024_1/novas_hibridas/dia_turno_depois_progr_2/historico.csv,resultados/experimentos/2024_1/novas_hibridas/dia_turno_depois_progr_2/historico.json,dia_turno_curso -> curso -> par_cursos,progressiva,alfabetica,,alfabetica,,alfabetica,,180.0,1,180.0,600.0,1,0,TEMPO_TOTAL,2,,ADM,CC,2
1,7,3,par_cursos,ADM+CS,70,13846,81144,OPTIMAL,185288.5,185288.5,False,185288.5,1.09,0.76,600.0,,,,alfabetica,,3,par_cursos,3,False,TEMPO_TOTAL,iteracao,dia_turno_curso_cursos_progr_ate_2,180.0,180.0,600.0,14400.0,False,False,alfabetica,,alfabetica,,./dados/2024_1/horarios_2024_1.xlsx,./dados/2024_1/salas_2024_1.csv,./dados/2024_1/salas_preferenciais_2024.1.xlsx,/Users/robertdrey/Documents/workspace/development/alocador_de_salas,resultados/experimentos/2024_1/novas_hibridas/dia_turno_depois_progr_2/melhor_solucao.sol,resultados/experimentos/2024_1/novas_hibridas/dia_turno_depois_progr_2/historico.csv,resultados/experimentos/2024_1/novas_hibridas/dia_turno_depois_progr_2/historico.json,dia_turno_curso -> curso -> par_cursos,progressiva,alfabetica,,alfabetica,,alfabetica,,180.0,1,180.0,600.0,1,0,TEMPO_TOTAL,2,,ADM,CS,3
1,7,4,par_cursos,ADM+EAS,93,16744,78246,OPTIMAL,185288.5,185288.5,False,185288.5,1.36,1.05,600.0,,,,alfabetica,,3,par_cursos,3,False,TEMPO_TOTAL,iteracao,dia_turno_curso_cursos_progr_ate_2,180.0,180.0,600.0,14400.0,False,False,alfabetica,,alfabetica,,./dados/2024_1/horarios_2024_1.xlsx,./dados/2024_1/salas_2024_1.csv,./dados/2024_1/salas_preferenciais_2024.1.xlsx,/Users/robertdrey/Documents/workspace/development/alocador_de_salas,resultados/experimentos/2024_1/novas_hibridas/dia_turno_depois_progr_2/melhor_solucao.sol,resultados/experimentos/2024_1/novas_hibridas/dia_turno_depois_progr_2/historico.csv,resultados/experimentos/2024_1/novas_hibridas/dia_turno_depois_progr_2/historico.json,dia_turno_curso -> curso -> par_cursos,progressiva,alfabetica,,alfabetica,,alfabetica,,180.0,1,180.0,600.0,1,0,TEMPO_TOTAL,2,,ADM,EAS,4
1,7,5,par_cursos,ADM+ENF,66,17802,77188,OPTIMAL,185288.5,185288.5,False,185288.5,4.89,4.56,600.0,,,,alfabetica,,3,par_cursos,3,False,TEMPO_TOTAL,iteracao,dia_turno_curso_cursos_progr_ate_2,180.0,180.0,600.0,14400.0,False,False,alfabetica,,alfabetica,,./dados/2024_1/horarios_2024_1.xlsx,./dados/2024_1/salas_2024_1.csv,./dados/2024_1/salas_preferenciais_2024.1.xlsx,/Users/robertdrey/Documents/workspace/development/alocador_de_salas,resultados/experimentos/2024_1/novas_hibridas/dia_turno_depois_progr_2/melhor_solucao.sol,resultados/experimentos/2024_1/novas_hibridas/dia_turno_depois_progr_2/historico.csv,resultados/experimentos/2024_1/novas_hibridas/dia_turno_depois_progr_2/historico.json,dia_turno_curso -> curso -> par_cursos,progressiva,alfabetica,,alfabetica,,alfabetica,,180.0,1,180.0,600.0,1,0,TEMPO_TOTAL,2,,ADM,ENF,5
1,7,6,par_cursos,ADM+FIL,63,12052,82938,OPTIMAL,185288.5,185288.5,False,185288.5,0.97,0.64,600.0,,,,alfabetica,,3,par_cursos,3,False,TEMPO_TOTAL,iteracao,dia_turno_curso_cursos_progr_ate_2,180.0,180.0,600.0,14400.0,False,False,alfabetica,,alfabetica,,./dados/2024_1/horarios_2024_1.xlsx,./dados/2024_1/salas_2024_1.csv,./dados/2024_1/salas_preferenciais_2024.1.xlsx,/Users/robertdrey/Documents/workspace/development/alocador_de_salas,resultados/experimentos/2024_1/novas_hibridas/dia_turno_depois_progr_2/melhor_solucao.sol,resultados/experimentos/2024_1/novas_hibridas/dia_turno_depois_progr_2/historico.csv,resultados/experimentos/2024_1/novas_hibridas/dia_turno_depois_progr_2/historico.json,dia_turno_curso -> curso -> par_cursos,progressiva,alfabetica,,alfabetica,,alfabetica,,180.0,1,180.0,600.0,1,0,TEMPO_TOTAL,2,,ADM,FIL,6
1,7,7,par_cursos,ADM+GEO,58,11362,83628,OPTIMAL,185288.5,185288.5,False,185288.5,0.91,0.61,600.0,,,,alfabetica,,3,par_cursos,3,False,TEMPO_TOTAL,iteracao,dia_turno_curso_cursos_progr_ate_2,180.0,180.0,600.0,14400.0,False,False,alfabetica,,alfabetica,,./dados/2024_1/horarios_2024_1.xlsx,./dados/2024_1/salas_2024_1.csv,./dados/2024_1/salas_preferenciais_2024.1.xlsx,/Users/robertdrey/Documents/workspace/development/alocador_de_salas,resultados/experimentos/2024_1/novas_hibridas/dia_turno_depois_progr_2/melhor_solucao.sol,resultados/experimentos/2024_1/novas_hibridas/dia_turno_depois_progr_2/historico.csv,resultados/experimentos/2024_1/novas_hibridas/dia_turno_depois_progr_2/historico.json,dia_turno_curso -> curso -> par_cursos,progressiva,alfabetica,,alfabetica,,alfabetica,,180.0,1,180.0,600.0,1,0,TEMPO_TOTAL,2,,ADM,GEO,7
1,7,8,par_cursos,ADM+HIS,72,14076,80914,OPTIMAL,185288.5,185288.5,False,185288.5,1.17,0.87,600.0,,,,alfabetica,,3,par_cursos,3,False,TEMPO_TOTAL,iteracao,dia_turno_curso_cursos_progr_ate_2,180.0,180.0,600.0,14400.0,False,False,alfabetica,,alfabetica,,./dados/2024_1/horarios_2024_1.xlsx,./dados/2024_1/salas_2024_1.csv,./dados/2024_1/salas_preferenciais_2024.1.xlsx,/Users/robertdrey/Documents/workspace/development/alocador_de_salas,resultados/experimentos/2024_1/novas_hibridas/dia_turno_depois_progr_2/melhor_solucao.sol,resultados/experimentos/2024_1/novas_hibridas/dia_turno_depois_progr_2/historico.csv,resultados/experimentos/2024_1/novas_hibridas/dia_turno_depois_progr_2/historico.json,dia_turno_curso -> curso -> par_cursos,progressiva,alfabetica,,alfabetica,,alfabetica,,180.0,1,180.0,600.0,1,0,TEMPO_TOTAL,2,,ADM,HIS,8
1,7,9,par_cursos,ADM+LET,84,18446,76544,OPTIMAL,185288.5,185288.5,False,185288.5,2.2,1.88,600.0,,,,alfabetica,,3,par_cursos,3,False,TEMPO_TOTAL,iteracao,dia_turno_curso_cursos_progr_ate_2,180.0,180.0,600.0,14400.0,False,False,alfabetica,,alfabetica,,./dados/2024_1/horarios_2024_1.xlsx,./dados/2024_1/salas_2024_1.csv,./dados/2024_1/salas_preferenciais_2024.1.xlsx,/Users/robertdrey/Documents/workspace/development/alocador_de_salas,resultados/experimentos/2024_1/novas_hibridas/dia_turno_depois_progr_2/melhor_solucao.sol,resultados/experimentos/2024_1/novas_hibridas/dia_turno_depois_progr_2/historico.csv,resultados/experimentos/2024_1/novas_hibridas/dia_turno_depois_progr_2/historico.json,dia_turno_curso -> curso -> par_cursos,progressiva,alfabetica,,alfabetica,,alfabetica,,180.0,1,180.0,600.0,1,0,TEMPO_TOTAL,2,,ADM,LET,9
1,7,10,par_cursos,ADM+MAT,71,14260,80730,OPTIMAL,185288.5,185288.5,False,185288.5,1.09,0.76,600.0,,,,alfabetica,,3,par_cursos,3,False,TEMPO_TOTAL,iteracao,dia_turno_curso_cursos_progr_ate_2,180.0,180.0,600.0,14400.0,False,False,alfabetica,,alfabetica,,./dados/2024_1/horarios_2024_1.xlsx,./dados/2024_1/salas_2024_1.csv,./dados/2024_1/salas_preferenciais_2024.1.xlsx,/Users/robertdrey/Documents/workspace/development/alocador_de_salas,resultados/experimentos/2024_1/novas_hibridas/dia_turno_depois_progr_2/melhor_solucao.sol,resultados/experimentos/2024_1/novas_hibridas/dia_turno_depois_progr_2/historico.csv,resultados/experimentos/2024_1/novas_hibridas/dia_turno_depois_progr_2/historico.json,dia_turno_curso -> curso -> par_cursos,progressiva,alfabetica,,alfabetica,,alfabetica,,180.0,1,180.0,600.0,1,0,TEMPO_TOTAL,2,,ADM,MAT,10
1,7,11,par_cursos,ADM+MED,89,18676,76314,OPTIMAL,185288.5,185288.5,False,185288.5,2.09,1.77,600.0,,,,alfabetica,,3,par_cursos,3,False,TEMPO_TOTAL,iteracao,dia_turno_curso_cursos_progr_ate_2,180.0,180.0,600.0,14400.0,False,False,alfabetica,,alfabetica,,./dados/2024_1/horarios_2024_1.xlsx,./dados/2024_1/salas_2024_1.csv,./dados/2024_1/salas_preferenciais_2024.1.xlsx,/Users/robertdrey/Documents/workspace/development/alocador_de_salas,resultados/experimentos/2024_1/novas_hibridas/dia_turno_depois_progr_2/melhor_solucao.sol,resultados/experimentos/2024_1/novas_hibridas/dia_turno_depois_progr_2/historico.csv,resultados/experimentos/2024_1/novas_hibridas/dia_turno_depois_progr_2/historico.json,dia_turno_curso -> curso -> par_cursos,progressiva,alfabetica,,alfabetica,,alfabetica,,180.0,1,180.0,600.0,1,0,TEMPO_TOTAL,2,,ADM,MED,11
1,7,12,par_cursos,ADM+PED,104,22080,72910,TIME_LIMIT,185288.5,185288.5,False,185288.5,600.5,600.16,600.0,,,,alfabetica,,3,par_cursos,3,False,TEMPO_TOTAL,iteracao,dia_turno_curso_cursos_progr_ate_2,180.0,180.0,600.0,14400.0,False,False,alfabetica,,alfabetica,,./dados/2024_1/horarios_2024_1.xlsx,./dados/2024_1/salas_2024_1.csv,./dados/2024_1/salas_preferenciais_2024.1.xlsx,/Users/robertdrey/Documents/workspace/development/alocador_de_salas,resultados/experimentos/2024_1/novas_hibridas/dia_turno_depois_progr_2/melhor_solucao.sol,resultados/experimentos/2024_1/novas_hibridas/dia_turno_depois_progr_2/historico.csv,resultados/experimentos/2024_1/novas_hibridas/dia_turno_depois_progr_2/historico.json,dia_turno_curso -> curso -> par_cursos,progressiva,alfabetica,,alfabetica,,alfabetica,,180.0,1,180.0,600.0,1,0,TEMPO_TOTAL,2,,ADM,PED,12
1,7,13,par_cursos,AGRO+CC,98,19274,75716,OPTIMAL,185288.5,185288.5,False,185288.5,97.94,97.54,600.0,,,,alfabetica,,3,par_cursos,3,False,TEMPO_TOTAL,iteracao,dia_turno_curso_cursos_progr_ate_2,180.0,180.0,600.0,14400.0,False,False,alfabetica,,alfabetica,,./dados/2024_1/horarios_2024_1.xlsx,./dados/2024_1/salas_2024_1.csv,./dados/2024_1/salas_preferenciais_2024.1.xlsx,/Users/robertdrey/Documents/workspace/development/alocador_de_salas,resultados/experimentos/2024_1/novas_hibridas/dia_turno_depois_progr_2/melhor_solucao.sol,resultados/experimentos/2024_1/novas_hibridas/dia_turno_depois_progr_2/historico.csv,resultados/experimentos/2024_1/novas_hibridas/dia_turno_depois_progr_2/historico.json,dia_turno_curso -> curso -> par_cursos,progressiva,alfabetica,,alfabetica,,alfabetica,,180.0,1,180.0,600.0,1,0,TEMPO_TOTAL,2,,AGRO,CC,13
1,7,14,par_cursos,AGRO+CS,73,13294,81696,OPTIMAL,185288.5,185288.5,False,185288.5,15.08,14.73,600.0,,,,alfabetica,,3,par_cursos,3,False,TEMPO_TOTAL,iteracao,dia_turno_curso_cursos_progr_ate_2,180.0,180.0,600.0,14400.0,False,False,alfabetica,,alfabetica,,./dados/2024_1/horarios_2024_1.xlsx,./dados/2024_1/salas_2024_1.csv,./dados/2024_1/salas_preferenciais_2024.1.xlsx,/Users/robertdrey/Documents/workspace/development/alocador_de_salas,resultados/experimentos/2024_1/novas_hibridas/dia_turno_depois_progr_2/melhor_solucao.sol,resultados/experimentos/2024_1/novas_hibridas/dia_turno_depois_progr_2/historico.csv,resultados/experimentos/2024_1/novas_hibridas/dia_turno_depois_progr_2/historico.json,dia_turno_curso -> curso -> par_cursos,progressiva,alfabetica,,alfabetica,,alfabetica,,180.0,1,180.0,600.0,1,0,TEMPO_TOTAL,2,,AGRO,CS,14
1,7,15,par_cursos,AGRO+EAS,96,16192,78798,OPTIMAL,185288.5,185210.0,True,185210.0,15.15,14.8,600.0,,,,alfabetica,,3,par_cursos,3,False,TEMPO_TOTAL,iteracao,dia_turno_curso_cursos_progr_ate_2,180.0,180.0,600.0,14400.0,False,False,alfabetica,,alfabetica,,./dados/2024_1/horarios_2024_1.xlsx,./dados/2024_1/salas_2024_1.csv,./dados/2024_1/salas_preferenciais_2024.1.xlsx,/Users/robertdrey/Documents/workspace/development/alocador_de_salas,resultados/experimentos/2024_1/novas_hibridas/dia_turno_depois_progr_2/melhor_solucao.sol,resultados/experimentos/2024_1/novas_hibridas/dia_turno_depois_progr_2/historico.csv,resultados/experimentos/2024_1/novas_hibridas/dia_turno_depois_progr_2/historico.json,dia_turno_curso -> curso -> par_cursos,progressiva,alfabetica,,alfabetica,,alfabetica,,180.0,1,180.0,600.0,1,0,TEMPO_TOTAL,2,,AGRO,EAS,15
1,7,16,par_cursos,AGRO+ENF,69,17250,77740,OPTIMAL,185210.0,185210.0,False,185210.0,233.44,233.1,600.0,,,,alfabetica,,3,par_cursos,3,False,TEMPO_TOTAL,iteracao,dia_turno_curso_cursos_progr_ate_2,180.0,180.0,600.0,14400.0,False,False,alfabetica,,alfabetica,,./dados/2024_1/horarios_2024_1.xlsx,./dados/2024_1/salas_2024_1.csv,./dados/2024_1/salas_preferenciais_2024.1.xlsx,/Users/robertdrey/Documents/workspace/development/alocador_de_salas,resultados/experimentos/2024_1/novas_hibridas/dia_turno_depois_progr_2/melhor_solucao.sol,resultados/experimentos/2024_1/novas_hibridas/dia_turno_depois_progr_2/historico.csv,resultados/experimentos/2024_1/novas_hibridas/dia_turno_depois_progr_2/historico.json,dia_turno_curso -> curso -> par_cursos,progressiva,alfabetica,,alfabetica,,alfabetica,,180.0,1,180.0,600.0,1,0,TEMPO_TOTAL,2,,AGRO,ENF,16
1,7,17,par_cursos,AGRO+FIL,66,11500,83490,OPTIMAL,185210.0,185210.0,False,185210.0,3.31,2.97,600.0,,,,alfabetica,,3,par_cursos,3,False,TEMPO_TOTAL,iteracao,dia_turno_curso_cursos_progr_ate_2,180.0,180.0,600.0,14400.0,False,False,alfabetica,,alfabetica,,./dados/2024_1/horarios_2024_1.xlsx,./dados/2024_1/salas_2024_1.csv,./dados/2024_1/salas_preferenciais_2024.1.xlsx,/Users/robertdrey/Documents/workspace/development/alocador_de_salas,resultados/experimentos/2024_1/novas_hibridas/dia_turno_depois_progr_2/melhor_solucao.sol,resultados/experimentos/2024_1/novas_hibridas/dia_turno_depois_progr_2/historico.csv,resultados/experimentos/2024_1/novas_hibridas/dia_turno_depois_progr_2/historico.json,dia_turno_curso -> curso -> par_cursos,progressiva,alfabetica,,alfabetica,,alfabetica,,180.0,1,180.0,600.0,1,0,TEMPO_TOTAL,2,,AGRO,FIL,17
1,7,18,par_cursos,AGRO+GEO,61,10810,84180,OPTIMAL,185210.0,185210.0,False,185210.0,3.05,2.7,600.0,,,,alfabetica,,3,par_cursos,3,False,TEMPO_TOTAL,iteracao,dia_turno_curso_cursos_progr_ate_2,180.0,180.0,600.0,14400.0,False,False,alfabetica,,alfabetica,,./dados/2024_1/horarios_2024_1.xlsx,./dados/2024_1/salas_2024_1.csv,./dados/2024_1/salas_preferenciais_2024.1.xlsx,/Users/robertdrey/Documents/workspace/development/alocador_de_salas,resultados/experimentos/2024_1/novas_hibridas/dia_turno_depois_progr_2/melhor_solucao.sol,resultados/experimentos/2024_1/novas_hibridas/dia_turno_depois_progr_2/historico.csv,resultados/experimentos/2024_1/novas_hibridas/dia_turno_depois_progr_2/historico.json,dia_turno_curso -> curso -> par_cursos,progressiva,alfabetica,,alfabetica,,alfabetica,,180.0,1,180.0,600.0,1,0,TEMPO_TOTAL,2,,AGRO,GEO,18
1,7,19,par_cursos,AGRO+HIS,75,13524,81466,OPTIMAL,185210.0,185210.0,False,185210.0,3.88,3.53,600.0,,,,alfabetica,,3,par_cursos,3,False,TEMPO_TOTAL,iteracao,dia_turno_curso_cursos_progr_ate_2,180.0,180.0,600.0,14400.0,False,False,alfabetica,,alfabetica,,./dados/2024_1/horarios_2024_1.xlsx,./dados/2024_1/salas_2024_1.csv,./dados/2024_1/salas_preferenciais_2024.1.xlsx,/Users/robertdrey/Documents/workspace/development/alocador_de_salas,resultados/experimentos/2024_1/novas_hibridas/dia_turno_depois_progr_2/melhor_solucao.sol,resultados/experimentos/2024_1/novas_hibridas/dia_turno_depois_progr_2/historico.csv,resultados/experimentos/2024_1/novas_hibridas/dia_turno_depois_progr_2/historico.json,dia_turno_curso -> curso -> par_cursos,progressiva,alfabetica,,alfabetica,,alfabetica,,180.0,1,180.0,600.0,1,0,TEMPO_TOTAL,2,,AGRO,HIS,19
1,7,20,par_cursos,AGRO+LET,87,17894,77096,OPTIMAL,185210.0,185210.0,False,185210.0,6.61,6.27,600.0,,,,alfabetica,,3,par_cursos,3,False,TEMPO_TOTAL,iteracao,dia_turno_curso_cursos_progr_ate_2,180.0,180.0,600.0,14400.0,False,False,alfabetica,,alfabetica,,./dados/2024_1/horarios_2024_1.xlsx,./dados/2024_1/salas_2024_1.csv,./dados/2024_1/salas_preferenciais_2024.1.xlsx,/Users/robertdrey/Documents/workspace/development/alocador_de_salas,resultados/experimentos/2024_1/novas_hibridas/dia_turno_depois_progr_2/melhor_solucao.sol,resultados/experimentos/2024_1/novas_hibridas/dia_turno_depois_progr_2/historico.csv,resultados/experimentos/2024_1/novas_hibridas/dia_turno_depois_progr_2/historico.json,dia_turno_curso -> curso -> par_cursos,progressiva,alfabetica,,alfabetica,,alfabetica,,180.0,1,180.0,600.0,1,0,TEMPO_TOTAL,2,,AGRO,LET,20
1,7,21,par_cursos,AGRO+MAT,74,13708,81282,OPTIMAL,185210.0,185210.0,False,185210.0,3.78,3.44,600.0,,,,alfabetica,,3,par_cursos,3,False,TEMPO_TOTAL,iteracao,dia_turno_curso_cursos_progr_ate_2,180.0,180.0,600.0,14400.0,False,False,alfabetica,,alfabetica,,./dados/2024_1/horarios_2024_1.xlsx,./dados/2024_1/salas_2024_1.csv,./dados/2024_1/salas_preferenciais_2024.1.xlsx,/Users/robertdrey/Documents/workspace/development/alocador_de_salas,resultados/experimentos/2024_1/novas_hibridas/dia_turno_depois_progr_2/melhor_solucao.sol,resultados/experimentos/2024_1/novas_hibridas/dia_turno_depois_progr_2/historico.csv,resultados/experimentos/2024_1/novas_hibridas/dia_turno_depois_progr_2/historico.json,dia_turno_curso -> curso -> par_cursos,progressiva,alfabetica,,alfabetica,,alfabetica,,180.0,1,180.0,600.0,1,0,TEMPO_TOTAL,2,,AGRO,MAT,21
1,7,22,par_cursos,AGRO+MED,92,18124,76866,TIME_LIMIT,185210.0,185200.0,True,185200.0,600.34,600.02,600.0,,,,alfabetica,,3,par_cursos,3,False,TEMPO_TOTAL,iteracao,dia_turno_curso_cursos_progr_ate_2,180.0,180.0,600.0,14400.0,False,False,alfabetica,,alfabetica,,./dados/2024_1/horarios_2024_1.xlsx,./dados/2024_1/salas_2024_1.csv,./dados/2024_1/salas_preferenciais_2024.1.xlsx,/Users/robertdrey/Documents/workspace/development/alocador_de_salas,resultados/experimentos/2024_1/novas_hibridas/dia_turno_depois_progr_2/melhor_solucao.sol,resultados/experimentos/2024_1/novas_hibridas/dia_turno_depois_progr_2/historico.csv,resultados/experimentos/2024_1/novas_hibridas/dia_turno_depois_progr_2/historico.json,dia_turno_curso -> curso -> par_cursos,progressiva,alfabetica,,alfabetica,,alfabetica,,180.0,1,180.0,600.0,1,0,TEMPO_TOTAL,2,,AGRO,MED,22
1,7,23,par_cursos,AGRO+PED,107,21528,73462,OPTIMAL,185200.0,185200.0,False,185200.0,82.18,81.88,600.0,,,,alfabetica,,3,par_cursos,3,False,TEMPO_TOTAL,iteracao,dia_turno_curso_cursos_progr_ate_2,180.0,180.0,600.0,14400.0,False,False,alfabetica,,alfabetica,,./dados/2024_1/horarios_2024_1.xlsx,./dados/2024_1/salas_2024_1.csv,./dados/2024_1/salas_preferenciais_2024.1.xlsx,/Users/robertdrey/Documents/workspace/development/alocador_de_salas,resultados/experimentos/2024_1/novas_hibridas/dia_turno_depois_progr_2/melhor_solucao.sol,resultados/experimentos/2024_1/novas_hibridas/dia_turno_depois_progr_2/historico.csv,resultados/experimentos/2024_1/novas_hibridas/dia_turno_depois_progr_2/historico.json,dia_turno_curso -> curso -> par_cursos,progressiva,alfabetica,,alfabetica,,alfabetica,,180.0,1,180.0,600.0,1,0,TEMPO_TOTAL,2,,AGRO,PED,23
1,7,24,par_cursos,CC+CS,69,15088,79902,OPTIMAL,185200.0,185200.0,False,185200.0,11.03,10.72,600.0,,,,alfabetica,,3,par_cursos,3,False,TEMPO_TOTAL,iteracao,dia_turno_curso_cursos_progr_ate_2,180.0,180.0,600.0,14400.0,False,False,alfabetica,,alfabetica,,./dados/2024_1/horarios_2024_1.xlsx,./dados/2024_1/salas_2024_1.csv,./dados/2024_1/salas_preferenciais_2024.1.xlsx,/Users/robertdrey/Documents/workspace/development/alocador_de_salas,resultados/experimentos/2024_1/novas_hibridas/dia_turno_depois_progr_2/melhor_solucao.sol,resultados/experimentos/2024_1/novas_hibridas/dia_turno_depois_progr_2/historico.csv,resultados/experimentos/2024_1/novas_hibridas/dia_turno_depois_progr_2/historico.json,dia_turno_curso -> curso -> par_cursos,progressiva,alfabetica,,alfabetica,,alfabetica,,180.0,1,180.0,600.0,1,0,TEMPO_TOTAL,2,,CC,CS,24
1,7,25,par_cursos,CC+EAS,92,17986,77004,OPTIMAL,185200.0,185200.0,False,185200.0,4.35,4.03,600.0,,,,alfabetica,,3,par_cursos,3,False,TEMPO_TOTAL,iteracao,dia_turno_curso_cursos_progr_ate_2,180.0,180.0,600.0,14400.0,False,False,alfabetica,,alfabetica,,./dados/2024_1/horarios_2024_1.xlsx,./dados/2024_1/salas_2024_1.csv,./dados/2024_1/salas_preferenciais_2024.1.xlsx,/Users/robertdrey/Documents/workspace/development/alocador_de_salas,resultados/experimentos/2024_1/novas_hibridas/dia_turno_depois_progr_2/melhor_solucao.sol,resultados/experimentos/2024_1/novas_hibridas/dia_turno_depois_progr_2/historico.csv,resultados/experimentos/2024_1/novas_hibridas/dia_turno_depois_progr_2/historico.json,dia_turno_curso -> curso -> par_cursos,progressiva,alfabetica,,alfabetica,,alfabetica,,180.0,1,180.0,600.0,1,0,TEMPO_TOTAL,2,,CC,EAS,25
1,7,26,par_cursos,CC+ENF,65,19044,75946,OPTIMAL,185200.0,185200.0,False,185200.0,119.65,119.32,600.0,,,,alfabetica,,3,par_cursos,3,False,TEMPO_TOTAL,iteracao,dia_turno_curso_cursos_progr_ate_2,180.0,180.0,600.0,14400.0,False,False,alfabetica,,alfabetica,,./dados/2024_1/horarios_2024_1.xlsx,./dados/2024_1/salas_2024_1.csv,./dados/2024_1/salas_preferenciais_2024.1.xlsx,/Users/robertdrey/Documents/workspace/development/alocador_de_salas,resultados/experimentos/2024_1/novas_hibridas/dia_turno_depois_progr_2/melhor_solucao.sol,resultados/experimentos/2024_1/novas_hibridas/dia_turno_depois_progr_2/historico.csv,resultados/experimentos/2024_1/novas_hibridas/dia_turno_depois_progr_2/historico.json,dia_turno_curso -> curso -> par_cursos,progressiva,alfabetica,,alfabetica,,alfabetica,,180.0,1,180.0,600.0,1,0,TEMPO_TOTAL,2,,CC,ENF,26
1,7,27,par_cursos,CC+FIL,62,13294,81696,OPTIMAL,185200.0,185200.0,False,185200.0,36.48,36.14,600.0,,,,alfabetica,,3,par_cursos,3,False,TEMPO_TOTAL,iteracao,dia_turno_curso_cursos_progr_ate_2,180.0,180.0,600.0,14400.0,False,False,alfabetica,,alfabetica,,./dados/2024_1/horarios_2024_1.xlsx,./dados/2024_1/salas_2024_1.csv,./dados/2024_1/salas_preferenciais_2024.1.xlsx,/Users/robertdrey/Documents/workspace/development/alocador_de_salas,resultados/experimentos/2024_1/novas_hibridas/dia_turno_depois_progr_2/melhor_solucao.sol,resultados/experimentos/2024_1/novas_hibridas/dia_turno_depois_progr_2/historico.csv,resultados/experimentos/2024_1/novas_hibridas/dia_turno_depois_progr_2/historico.json,dia_turno_curso -> curso -> par_cursos,progressiva,alfabetica,,alfabetica,,alfabetica,,180.0,1,180.0,600.0,1,0,TEMPO_TOTAL,2,,CC,FIL,27
1,7,28,par_cursos,CC+GEO,57,12604,82386,OPTIMAL,185200.0,185200.0,False,185200.0,2.44,2.11,600.0,,,,alfabetica,,3,par_cursos,3,False,TEMPO_TOTAL,iteracao,dia_turno_curso_cursos_progr_ate_2,180.0,180.0,600.0,14400.0,False,False,alfabetica,,alfabetica,,./dados/2024_1/horarios_2024_1.xlsx,./dados/2024_1/salas_2024_1.csv,./dados/2024_1/salas_preferenciais_2024.1.xlsx,/Users/robertdrey/Documents/workspace/development/alocador_de_salas,resultados/experimentos/2024_1/novas_hibridas/dia_turno_depois_progr_2/melhor_solucao.sol,resultados/experimentos/2024_1/novas_hibridas/dia_turno_depois_progr_2/historico.csv,resultados/experimentos/2024_1/novas_hibridas/dia_turno_depois_progr_2/historico.json,dia_turno_curso -> curso -> par_cursos,progressiva,alfabetica,,alfabetica,,alfabetica,,180.0,1,180.0,600.0,1,0,TEMPO_TOTAL,2,,CC,GEO,28
1,7,29,par_cursos,CC+HIS,71,15318,79672,OPTIMAL,185200.0,185200.0,False,185200.0,3.08,2.75,600.0,,,,alfabetica,,3,par_cursos,3,False,TEMPO_TOTAL,iteracao,dia_turno_curso_cursos_progr_ate_2,180.0,180.0,600.0,14400.0,False,False,alfabetica,,alfabetica,,./dados/2024_1/horarios_2024_1.xlsx,./dados/2024_1/salas_2024_1.csv,./dados/2024_1/salas_preferenciais_2024.1.xlsx,/Users/robertdrey/Documents/workspace/development/alocador_de_salas,resultados/experimentos/2024_1/novas_hibridas/dia_turno_depois_progr_2/melhor_solucao.sol,resultados/experimentos/2024_1/novas_hibridas/dia_turno_depois_progr_2/historico.csv,resultados/experimentos/2024_1/novas_hibridas/dia_turno_depois_progr_2/historico.json,dia_turno_curso -> curso -> par_cursos,progressiva,alfabetica,,alfabetica,,alfabetica,,180.0,1,180.0,600.0,1,0,TEMPO_TOTAL,2,,CC,HIS,29
1,7,30,par_cursos,CC+LET,83,19688,75302,OPTIMAL,185200.0,185200.0,False,185200.0,9.18,8.85,600.0,,,,alfabetica,,3,par_cursos,3,False,TEMPO_TOTAL,iteracao,dia_turno_curso_cursos_progr_ate_2,180.0,180.0,600.0,14400.0,False,False,alfabetica,,alfabetica,,./dados/2024_1/horarios_2024_1.xlsx,./dados/2024_1/salas_2024_1.csv,./dados/2024_1/salas_preferenciais_2024.1.xlsx,/Users/robertdrey/Documents/workspace/development/alocador_de_salas,resultados/experimentos/2024_1/novas_hibridas/dia_turno_depois_progr_2/melhor_solucao.sol,resultados/experimentos/2024_1/novas_hibridas/dia_turno_depois_progr_2/historico.csv,resultados/experimentos/2024_1/novas_hibridas/dia_turno_depois_progr_2/historico.json,dia_turno_curso -> curso -> par_cursos,progressiva,alfabetica,,alfabetica,,alfabetica,,180.0,1,180.0,600.0,1,0,TEMPO_TOTAL,2,,CC,LET,30
1,7,31,par_cursos,CC+MAT,70,15502,79488,OPTIMAL,185200.0,185200.0,False,185200.0,2.67,2.34,600.0,,,,alfabetica,,3,par_cursos,3,False,TEMPO_TOTAL,iteracao,dia_turno_curso_cursos_progr_ate_2,180.0,180.0,600.0,14400.0,False,False,alfabetica,,alfabetica,,./dados/2024_1/horarios_2024_1.xlsx,./dados/2024_1/salas_2024_1.csv,./dados/2024_1/salas_preferenciais_2024.1.xlsx,/Users/robertdrey/Documents/workspace/development/alocador_de_salas,resultados/experimentos/2024_1/novas_hibridas/dia_turno_depois_progr_2/melhor_solucao.sol,resultados/experimentos/2024_1/novas_hibridas/dia_turno_depois_progr_2/historico.csv,resultados/experimentos/2024_1/novas_hibridas/dia_turno_depois_progr_2/historico.json,dia_turno_curso -> curso -> par_cursos,progressiva,alfabetica,,alfabetica,,alfabetica,,180.0,1,180.0,600.0,1,0,TEMPO_TOTAL,2,,CC,MAT,31
1,7,32,par_cursos,CC+MED,88,19918,75072,OPTIMAL,185200.0,185200.0,False,185200.0,7.42,7.1,600.0,,,,alfabetica,,3,par_cursos,3,False,TEMPO_TOTAL,iteracao,dia_turno_curso_cursos_progr_ate_2,180.0,180.0,600.0,14400.0,False,False,alfabetica,,alfabetica,,./dados/2024_1/horarios_2024_1.xlsx,./dados/2024_1/salas_2024_1.csv,./dados/2024_1/salas_preferenciais_2024.1.xlsx,/Users/robertdrey/Documents/workspace/development/alocador_de_salas,resultados/experimentos/2024_1/novas_hibridas/dia_turno_depois_progr_2/melhor_solucao.sol,resultados/experimentos/2024_1/novas_hibridas/dia_turno_depois_progr_2/historico.csv,resultados/experimentos/2024_1/novas_hibridas/dia_turno_depois_progr_2/historico.json,dia_turno_curso -> curso -> par_cursos,progressiva,alfabetica,,alfabetica,,alfabetica,,180.0,1,180.0,600.0,1,0,TEMPO_TOTAL,2,,CC,MED,32
1,7,33,par_cursos,CC+PED,103,23322,71668,OPTIMAL,185200.0,185200.0,False,185200.0,179.0,178.69,600.0,,,,alfabetica,,3,par_cursos,3,False,TEMPO_TOTAL,iteracao,dia_turno_curso_cursos_progr_ate_2,180.0,180.0,600.0,14400.0,False,False,alfabetica,,alfabetica,,./dados/2024_1/horarios_2024_1.xlsx,./dados/2024_1/salas_2024_1.csv,./dados/2024_1/salas_preferenciais_2024.1.xlsx,/Users/robertdrey/Documents/workspace/development/alocador_de_salas,resultados/experimentos/2024_1/novas_hibridas/dia_turno_depois_progr_2/melhor_solucao.sol,resultados/experimentos/2024_1/novas_hibridas/dia_turno_depois_progr_2/historico.csv,resultados/experimentos/2024_1/novas_hibridas/dia_turno_depois_progr_2/historico.json,dia_turno_curso -> curso -> par_cursos,progressiva,alfabetica,,alfabetica,,alfabetica,,180.0,1,180.0,600.0,1,0,TEMPO_TOTAL,2,,CC,PED,33
1,7,34,par_cursos,CS+EAS,67,12006,82984,OPTIMAL,185200.0,185200.0,False,185200.0,0.94,0.6,600.0,,,,alfabetica,,3,par_cursos,3,False,TEMPO_TOTAL,iteracao,dia_turno_curso_cursos_progr_ate_2,180.0,180.0,600.0,14400.0,False,False,alfabetica,,alfabetica,,./dados/2024_1/horarios_2024_1.xlsx,./dados/2024_1/salas_2024_1.csv,./dados/2024_1/salas_preferenciais_2024.1.xlsx,/Users/robertdrey/Documents/workspace/development/alocador_de_salas,resultados/experimentos/2024_1/novas_hibridas/dia_turno_depois_progr_2/melhor_solucao.sol,resultados/experimentos/2024_1/novas_hibridas/dia_turno_depois_progr_2/historico.csv,resultados/experimentos/2024_1/novas_hibridas/dia_turno_depois_progr_2/historico.json,dia_turno_curso -> curso -> par_cursos,progressiva,alfabetica,,alfabetica,,alfabetica,,180.0,1,180.0,600.0,1,0,TEMPO_TOTAL,2,,CS,EAS,34
1,7,35,par_cursos,CS+ENF,40,13064,81926,OPTIMAL,185200.0,185200.0,False,185200.0,3.22,2.88,600.0,,,,alfabetica,,3,par_cursos,3,False,TEMPO_TOTAL,iteracao,dia_turno_curso_cursos_progr_ate_2,180.0,180.0,600.0,14400.0,False,False,alfabetica,,alfabetica,,./dados/2024_1/horarios_2024_1.xlsx,./dados/2024_1/salas_2024_1.csv,./dados/2024_1/salas_preferenciais_2024.1.xlsx,/Users/robertdrey/Documents/workspace/development/alocador_de_salas,resultados/experimentos/2024_1/novas_hibridas/dia_turno_depois_progr_2/melhor_solucao.sol,resultados/experimentos/2024_1/novas_hibridas/dia_turno_depois_progr_2/historico.csv,resultados/experimentos/2024_1/novas_hibridas/dia_turno_depois_progr_2/historico.json,dia_turno_curso -> curso -> par_cursos,progressiva,alfabetica,,alfabetica,,alfabetica,,180.0,1,180.0,600.0,1,0,TEMPO_TOTAL,2,,CS,ENF,35
1,7,36,par_cursos,CS+FIL,37,7314,87676,OPTIMAL,185200.0,185200.0,False,185200.0,0.75,0.39,600.0,,,,alfabetica,,3,par_cursos,3,False,TEMPO_TOTAL,iteracao,dia_turno_curso_cursos_progr_ate_2,180.0,180.0,600.0,14400.0,False,False,alfabetica,,alfabetica,,./dados/2024_1/horarios_2024_1.xlsx,./dados/2024_1/salas_2024_1.csv,./dados/2024_1/salas_preferenciais_2024.1.xlsx,/Users/robertdrey/Documents/workspace/development/alocador_de_salas,resultados/experimentos/2024_1/novas_hibridas/dia_turno_depois_progr_2/melhor_solucao.sol,resultados/experimentos/2024_1/novas_hibridas/dia_turno_depois_progr_2/historico.csv,resultados/experimentos/2024_1/novas_hibridas/dia_turno_depois_progr_2/historico.json,dia_turno_curso -> curso -> par_cursos,progressiva,alfabetica,,alfabetica,,alfabetica,,180.0,1,180.0,600.0,1,0,TEMPO_TOTAL,2,,CS,FIL,36
1,7,37,par_cursos,CS+GEO,32,6624,88366,OPTIMAL,185200.0,185200.0,False,185200.0,0.64,0.34,600.0,,,,alfabetica,,3,par_cursos,3,False,TEMPO_TOTAL,iteracao,dia_turno_curso_cursos_progr_ate_2,180.0,180.0,600.0,14400.0,False,False,alfabetica,,alfabetica,,./dados/2024_1/horarios_2024_1.xlsx,./dados/2024_1/salas_2024_1.csv,./dados/2024_1/salas_preferenciais_2024.1.xlsx,/Users/robertdrey/Documents/workspace/development/alocador_de_salas,resultados/experimentos/2024_1/novas_hibridas/dia_turno_depois_progr_2/melhor_solucao.sol,resultados/experimentos/2024_1/novas_hibridas/dia_turno_depois_progr_2/historico.csv,resultados/experimentos/2024_1/novas_hibridas/dia_turno_depois_progr_2/historico.json,dia_turno_curso -> curso -> par_cursos,progressiva,alfabetica,,alfabetica,,alfabetica,,180.0,1,180.0,600.0,1,0,TEMPO_TOTAL,2,,CS,GEO,37
1,7,38,par_cursos,CS+HIS,46,9338,85652,OPTIMAL,185200.0,185200.0,False,185200.0,0.92,0.61,600.0,,,,alfabetica,,3,par_cursos,3,False,TEMPO_TOTAL,iteracao,dia_turno_curso_cursos_progr_ate_2,180.0,180.0,600.0,14400.0,False,False,alfabetica,,alfabetica,,./dados/2024_1/horarios_2024_1.xlsx,./dados/2024_1/salas_2024_1.csv,./dados/2024_1/salas_preferenciais_2024.1.xlsx,/Users/robertdrey/Documents/workspace/development/alocador_de_salas,resultados/experimentos/2024_1/novas_hibridas/dia_turno_depois_progr_2/melhor_solucao.sol,resultados/experimentos/2024_1/novas_hibridas/dia_turno_depois_progr_2/historico.csv,resultados/experimentos/2024_1/novas_hibridas/dia_turno_depois_progr_2/historico.json,dia_turno_curso -> curso -> par_cursos,progressiva,alfabetica,,alfabetica,,alfabetica,,180.0,1,180.0,600.0,1,0,TEMPO_TOTAL,2,,CS,HIS,38
1,7,39,par_cursos,CS+LET,58,13708,81282,OPTIMAL,185200.0,185200.0,False,185200.0,1.89,1.56,600.0,,,,alfabetica,,3,par_cursos,3,False,TEMPO_TOTAL,iteracao,dia_turno_curso_cursos_progr_ate_2,180.0,180.0,600.0,14400.0,False,False,alfabetica,,alfabetica,,./dados/2024_1/horarios_2024_1.xlsx,./dados/2024_1/salas_2024_1.csv,./dados/2024_1/salas_preferenciais_2024.1.xlsx,/Users/robertdrey/Documents/workspace/development/alocador_de_salas,resultados/experimentos/2024_1/novas_hibridas/dia_turno_depois_progr_2/melhor_solucao.sol,resultados/experimentos/2024_1/novas_hibridas/dia_turno_depois_progr_2/historico.csv,resultados/experimentos/2024_1/novas_hibridas/dia_turno_depois_progr_2/historico.json,dia_turno_curso -> curso -> par_cursos,progressiva,alfabetica,,alfabetica,,alfabetica,,180.0,1,180.0,600.0,1,0,TEMPO_TOTAL,2,,CS,LET,39
1,7,40,par_cursos,CS+MAT,45,9522,85468,OPTIMAL,185200.0,185200.0,False,185200.0,0.73,0.42,600.0,,,,alfabetica,,3,par_cursos,3,False,TEMPO_TOTAL,iteracao,dia_turno_curso_cursos_progr_ate_2,180.0,180.0,600.0,14400.0,False,False,alfabetica,,alfabetica,,./dados/2024_1/horarios_2024_1.xlsx,./dados/2024_1/salas_2024_1.csv,./dados/2024_1/salas_preferenciais_2024.1.xlsx,/Users/robertdrey/Documents/workspace/development/alocador_de_salas,resultados/experimentos/2024_1/novas_hibridas/dia_turno_depois_progr_2/melhor_solucao.sol,resultados/experimentos/2024_1/novas_hibridas/dia_turno_depois_progr_2/historico.csv,resultados/experimentos/2024_1/novas_hibridas/dia_turno_depois_progr_2/historico.json,dia_turno_curso -> curso -> par_cursos,progressiva,alfabetica,,alfabetica,,alfabetica,,180.0,1,180.0,600.0,1,0,TEMPO_TOTAL,2,,CS,MAT,40
1,7,41,par_cursos,CS+MED,63,13938,81052,OPTIMAL,185200.0,185200.0,False,185200.0,1.1,0.79,600.0,,,,alfabetica,,3,par_cursos,3,False,TEMPO_TOTAL,iteracao,dia_turno_curso_cursos_progr_ate_2,180.0,180.0,600.0,14400.0,False,False,alfabetica,,alfabetica,,./dados/2024_1/horarios_2024_1.xlsx,./dados/2024_1/salas_2024_1.csv,./dados/2024_1/salas_preferenciais_2024.1.xlsx,/Users/robertdrey/Documents/workspace/development/alocador_de_salas,resultados/experimentos/2024_1/novas_hibridas/dia_turno_depois_progr_2/melhor_solucao.sol,resultados/experimentos/2024_1/novas_hibridas/dia_turno_depois_progr_2/historico.csv,resultados/experimentos/2024_1/novas_hibridas/dia_turno_depois_progr_2/historico.json,dia_turno_curso -> curso -> par_cursos,progressiva,alfabetica,,alfabetica,,alfabetica,,180.0,1,180.0,600.0,1,0,TEMPO_TOTAL,2,,CS,MED,41
1,7,42,par_cursos,CS+PED,78,17342,77648,OPTIMAL,185200.0,185200.0,False,185200.0,161.21,160.9,600.0,,,,alfabetica,,3,par_cursos,3,False,TEMPO_TOTAL,iteracao,dia_turno_curso_cursos_progr_ate_2,180.0,180.0,600.0,14400.0,False,False,alfabetica,,alfabetica,,./dados/2024_1/horarios_2024_1.xlsx,./dados/2024_1/salas_2024_1.csv,./dados/2024_1/salas_preferenciais_2024.1.xlsx,/Users/robertdrey/Documents/workspace/development/alocador_de_salas,resultados/experimentos/2024_1/novas_hibridas/dia_turno_depois_progr_2/melhor_solucao.sol,resultados/experimentos/2024_1/novas_hibridas/dia_turno_depois_progr_2/historico.csv,resultados/experimentos/2024_1/novas_hibridas/dia_turno_depois_progr_2/historico.json,dia_turno_curso -> curso -> par_cursos,progressiva,alfabetica,,alfabetica,,alfabetica,,180.0,1,180.0,600.0,1,0,TEMPO_TOTAL,2,,CS,PED,42
1,7,43,par_cursos,EAS+ENF,63,15962,79028,OPTIMAL,185200.0,185200.0,False,185200.0,5.53,5.21,600.0,,,,alfabetica,,3,par_cursos,3,False,TEMPO_TOTAL,iteracao,dia_turno_curso_cursos_progr_ate_2,180.0,180.0,600.0,14400.0,False,False,alfabetica,,alfabetica,,./dados/2024_1/horarios_2024_1.xlsx,./dados/2024_1/salas_2024_1.csv,./dados/2024_1/salas_preferenciais_2024.1.xlsx,/Users/robertdrey/Documents/workspace/development/alocador_de_salas,resultados/experimentos/2024_1/novas_hibridas/dia_turno_depois_progr_2/melhor_solucao.sol,resultados/experimentos/2024_1/novas_hibridas/dia_turno_depois_progr_2/historico.csv,resultados/experimentos/2024_1/novas_hibridas/dia_turno_depois_progr_2/historico.json,dia_turno_curso -> curso -> par_cursos,progressiva,alfabetica,,alfabetica,,alfabetica,,180.0,1,180.0,600.0,1,0,TEMPO_TOTAL,2,,EAS,ENF,43
1,7,44,par_cursos,EAS+FIL,60,10212,84778,OPTIMAL,185200.0,185200.0,False,185200.0,0.83,0.51,600.0,,,,alfabetica,,3,par_cursos,3,False,TEMPO_TOTAL,iteracao,dia_turno_curso_cursos_progr_ate_2,180.0,180.0,600.0,14400.0,False,False,alfabetica,,alfabetica,,./dados/2024_1/horarios_2024_1.xlsx,./dados/2024_1/salas_2024_1.csv,./dados/2024_1/salas_preferenciais_2024.1.xlsx,/Users/robertdrey/Documents/workspace/development/alocador_de_salas,resultados/experimentos/2024_1/novas_hibridas/dia_turno_depois_progr_2/melhor_solucao.sol,resultados/experimentos/2024_1/novas_hibridas/dia_turno_depois_progr_2/historico.csv,resultados/experimentos/2024_1/novas_hibridas/dia_turno_depois_progr_2/historico.json,dia_turno_curso -> curso -> par_cursos,progressiva,alfabetica,,alfabetica,,alfabetica,,180.0,1,180.0,600.0,1,0,TEMPO_TOTAL,2,,EAS,FIL,44
1,7,45,par_cursos,EAS+GEO,55,9522,85468,OPTIMAL,185200.0,185200.0,False,185200.0,0.75,0.44,600.0,,,,alfabetica,,3,par_cursos,3,False,TEMPO_TOTAL,iteracao,dia_turno_curso_cursos_progr_ate_2,180.0,180.0,600.0,14400.0,False,False,alfabetica,,alfabetica,,./dados/2024_1/horarios_2024_1.xlsx,./dados/2024_1/salas_2024_1.csv,./dados/2024_1/salas_preferenciais_2024.1.xlsx,/Users/robertdrey/Documents/workspace/development/alocador_de_salas,resultados/experimentos/2024_1/novas_hibridas/dia_turno_depois_progr_2/melhor_solucao.sol,resultados/experimentos/2024_1/novas_hibridas/dia_turno_depois_progr_2/historico.csv,resultados/experimentos/2024_1/novas_hibridas/dia_turno_depois_progr_2/historico.json,dia_turno_curso -> curso -> par_cursos,progressiva,alfabetica,,alfabetica,,alfabetica,,180.0,1,180.0,600.0,1,0,TEMPO_TOTAL,2,,EAS,GEO,45
1,7,46,par_cursos,EAS+HIS,69,12236,82754,OPTIMAL,185200.0,185200.0,False,185200.0,0.91,0.61,600.0,,,,alfabetica,,3,par_cursos,3,False,TEMPO_TOTAL,iteracao,dia_turno_curso_cursos_progr_ate_2,180.0,180.0,600.0,14400.0,False,False,alfabetica,,alfabetica,,./dados/2024_1/horarios_2024_1.xlsx,./dados/2024_1/salas_2024_1.csv,./dados/2024_1/salas_preferenciais_2024.1.xlsx,/Users/robertdrey/Documents/workspace/development/alocador_de_salas,resultados/experimentos/2024_1/novas_hibridas/dia_turno_depois_progr_2/melhor_solucao.sol,resultados/experimentos/2024_1/novas_hibridas/dia_turno_depois_progr_2/historico.csv,resultados/experimentos/2024_1/novas_hibridas/dia_turno_depois_progr_2/historico.json,dia_turno_curso -> curso -> par_cursos,progressiva,alfabetica,,alfabetica,,alfabetica,,180.0,1,180.0,600.0,1,0,TEMPO_TOTAL,2,,EAS,HIS,46
1,7,47,par_cursos,EAS+LET,81,16606,78384,OPTIMAL,185200.0,185200.0,False,185200.0,1.63,1.31,600.0,,,,alfabetica,,3,par_cursos,3,False,TEMPO_TOTAL,iteracao,dia_turno_curso_cursos_progr_ate_2,180.0,180.0,600.0,14400.0,False,False,alfabetica,,alfabetica,,./dados/2024_1/horarios_2024_1.xlsx,./dados/2024_1/salas_2024_1.csv,./dados/2024_1/salas_preferenciais_2024.1.xlsx,/Users/robertdrey/Documents/workspace/development/alocador_de_salas,resultados/experimentos/2024_1/novas_hibridas/dia_turno_depois_progr_2/melhor_solucao.sol,resultados/experimentos/2024_1/novas_hibridas/dia_turno_depois_progr_2/historico.csv,resultados/experimentos/2024_1/novas_hibridas/dia_turno_depois_progr_2/historico.json,dia_turno_curso -> curso -> par_cursos,progressiva,alfabetica,,alfabetica,,alfabetica,,180.0,1,180.0,600.0,1,0,TEMPO_TOTAL,2,,EAS,LET,47
1,7,48,par_cursos,EAS+MAT,68,12420,82570,OPTIMAL,185200.0,185200.0,False,185200.0,1.28,0.92,600.0,,,,alfabetica,,3,par_cursos,3,False,TEMPO_TOTAL,iteracao,dia_turno_curso_cursos_progr_ate_2,180.0,180.0,600.0,14400.0,False,False,alfabetica,,alfabetica,,./dados/2024_1/horarios_2024_1.xlsx,./dados/2024_1/salas_2024_1.csv,./dados/2024_1/salas_preferenciais_2024.1.xlsx,/Users/robertdrey/Documents/workspace/development/alocador_de_salas,resultados/experimentos/2024_1/novas_hibridas/dia_turno_depois_progr_2/melhor_solucao.sol,resultados/experimentos/2024_1/novas_hibridas/dia_turno_depois_progr_2/historico.csv,resultados/experimentos/2024_1/novas_hibridas/dia_turno_depois_progr_2/historico.json,dia_turno_curso -> curso -> par_cursos,progressiva,alfabetica,,alfabetica,,alfabetica,,180.0,1,180.0,600.0,1,0,TEMPO_TOTAL,2,,EAS,MAT,48
1,7,49,par_cursos,EAS+MED,86,16836,78154,OPTIMAL,185200.0,185200.0,False,185200.0,2.21,1.86,600.0,,,,alfabetica,,3,par_cursos,3,False,TEMPO_TOTAL,iteracao,dia_turno_curso_cursos_progr_ate_2,180.0,180.0,600.0,14400.0,False,False,alfabetica,,alfabetica,,./dados/2024_1/horarios_2024_1.xlsx,./dados/2024_1/salas_2024_1.csv,./dados/2024_1/salas_preferenciais_2024.1.xlsx,/Users/robertdrey/Documents/workspace/development/alocador_de_salas,resultados/experimentos/2024_1/novas_hibridas/dia_turno_depois_progr_2/melhor_solucao.sol,resultados/experimentos/2024_1/novas_hibridas/dia_turno_depois_progr_2/historico.csv,resultados/experimentos/2024_1/novas_hibridas/dia_turno_depois_progr_2/historico.json,dia_turno_curso -> curso -> par_cursos,progressiva,alfabetica,,alfabetica,,alfabetica,,180.0,1,180.0,600.0,1,0,TEMPO_TOTAL,2,,EAS,MED,49
1,7,50,par_cursos,EAS+PED,101,20240,74750,OPTIMAL,185200.0,185200.0,False,185200.0,78.05,77.72,600.0,,,,alfabetica,,3,par_cursos,3,False,TEMPO_TOTAL,iteracao,dia_turno_curso_cursos_progr_ate_2,180.0,180.0,600.0,14400.0,False,False,alfabetica,,alfabetica,,./dados/2024_1/horarios_2024_1.xlsx,./dados/2024_1/salas_2024_1.csv,./dados/2024_1/salas_preferenciais_2024.1.xlsx,/Users/robertdrey/Documents/workspace/development/alocador_de_salas,resultados/experimentos/2024_1/novas_hibridas/dia_turno_depois_progr_2/melhor_solucao.sol,resultados/experimentos/2024_1/novas_hibridas/dia_turno_depois_progr_2/historico.csv,resultados/experimentos/2024_1/novas_hibridas/dia_turno_depois_progr_2/historico.json,dia_turno_curso -> curso -> par_cursos,progressiva,alfabetica,,alfabetica,,alfabetica,,180.0,1,180.0,600.0,1,0,TEMPO_TOTAL,2,,EAS,PED,50
1,7,51,par_cursos,ENF+FIL,33,11270,83720,OPTIMAL,185200.0,185200.0,False,185200.0,2.59,2.26,546.78,,,,alfabetica,,3,par_cursos,3,False,TEMPO_TOTAL,iteracao,dia_turno_curso_cursos_progr_ate_2,180.0,180.0,600.0,14400.0,False,False,alfabetica,,alfabetica,,./dados/2024_1/horarios_2024_1.xlsx,./dados/2024_1/salas_2024_1.csv,./dados/2024_1/salas_preferenciais_2024.1.xlsx,/Users/robertdrey/Documents/workspace/development/alocador_de_salas,resultados/experimentos/2024_1/novas_hibridas/dia_turno_depois_progr_2/melhor_solucao.sol,resultados/experimentos/2024_1/novas_hibridas/dia_turno_depois_progr_2/historico.csv,resultados/experimentos/2024_1/novas_hibridas/dia_turno_depois_progr_2/historico.json,dia_turno_curso -> curso -> par_cursos,progressiva,alfabetica,,alfabetica,,alfabetica,,180.0,1,180.0,600.0,1,0,TEMPO_TOTAL,2,,ENF,FIL,51
1,7,52,par_cursos,ENF+GEO,28,10580,84410,OPTIMAL,185200.0,185200.0,False,185200.0,2.77,2.4,544.19,,,,alfabetica,,3,par_cursos,3,False,TEMPO_TOTAL,iteracao,dia_turno_curso_cursos_progr_ate_2,180.0,180.0,600.0,14400.0,False,False,alfabetica,,alfabetica,,./dados/2024_1/horarios_2024_1.xlsx,./dados/2024_1/salas_2024_1.csv,./dados/2024_1/salas_preferenciais_2024.1.xlsx,/Users/robertdrey/Documents/workspace/development/alocador_de_salas,resultados/experimentos/2024_1/novas_hibridas/dia_turno_depois_progr_2/melhor_solucao.sol,resultados/experimentos/2024_1/novas_hibridas/dia_turno_depois_progr_2/historico.csv,resultados/experimentos/2024_1/novas_hibridas/dia_turno_depois_progr_2/historico.json,dia_turno_curso -> curso -> par_cursos,progressiva,alfabetica,,alfabetica,,alfabetica,,180.0,1,180.0,600.0,1,0,TEMPO_TOTAL,2,,ENF,GEO,52
1,7,53,par_cursos,ENF+HIS,42,13294,81696,OPTIMAL,185200.0,185200.0,False,185200.0,2.83,2.46,541.43,,,,alfabetica,,3,par_cursos,3,False,TEMPO_TOTAL,iteracao,dia_turno_curso_cursos_progr_ate_2,180.0,180.0,600.0,14400.0,False,False,alfabetica,,alfabetica,,./dados/2024_1/horarios_2024_1.xlsx,./dados/2024_1/salas_2024_1.csv,./dados/2024_1/salas_preferenciais_2024.1.xlsx,/Users/robertdrey/Documents/workspace/development/alocador_de_salas,resultados/experimentos/2024_1/novas_hibridas/dia_turno_depois_progr_2/melhor_solucao.sol,resultados/experimentos/2024_1/novas_hibridas/dia_turno_depois_progr_2/historico.csv,resultados/experimentos/2024_1/novas_hibridas/dia_turno_depois_progr_2/historico.json,dia_turno_curso -> curso -> par_cursos,progressiva,alfabetica,,alfabetica,,alfabetica,,180.0,1,180.0,600.0,1,0,TEMPO_TOTAL,2,,ENF,HIS,53
1,7,54,par_cursos,ENF+LET,54,17664,77326,OPTIMAL,185200.0,185196.0,True,185196.0,8.43,8.08,538.6,,,,alfabetica,,3,par_cursos,3,False,TEMPO_TOTAL,iteracao,dia_turno_curso_cursos_progr_ate_2,180.0,180.0,600.0,14400.0,False,False,alfabetica,,alfabetica,,./dados/2024_1/horarios_2024_1.xlsx,./dados/2024_1/salas_2024_1.csv,./dados/2024_1/salas_preferenciais_2024.1.xlsx,/Users/robertdrey/Documents/workspace/development/alocador_de_salas,resultados/experimentos/2024_1/novas_hibridas/dia_turno_depois_progr_2/melhor_solucao.sol,resultados/experimentos/2024_1/novas_hibridas/dia_turno_depois_progr_2/historico.csv,resultados/experimentos/2024_1/novas_hibridas/dia_turno_depois_progr_2/historico.json,dia_turno_curso -> curso -> par_cursos,progressiva,alfabetica,,alfabetica,,alfabetica,,180.0,1,180.0,600.0,1,0,TEMPO_TOTAL,2,,ENF,LET,54
1,7,55,par_cursos,ENF+MAT,41,13478,81512,OPTIMAL,185196.0,185196.0,False,185196.0,2.69,2.34,530.17,,,,alfabetica,,3,par_cursos,3,False,TEMPO_TOTAL,iteracao,dia_turno_curso_cursos_progr_ate_2,180.0,180.0,600.0,14400.0,False,False,alfabetica,,alfabetica,,./dados/2024_1/horarios_2024_1.xlsx,./dados/2024_1/salas_2024_1.csv,./dados/2024_1/salas_preferenciais_2024.1.xlsx,/Users/robertdrey/Documents/workspace/development/alocador_de_salas,resultados/experimentos/2024_1/novas_hibridas/dia_turno_depois_progr_2/melhor_solucao.sol,resultados/experimentos/2024_1/novas_hibridas/dia_turno_depois_progr_2/historico.csv,resultados/experimentos/2024_1/novas_hibridas/dia_turno_depois_progr_2/historico.json,dia_turno_curso -> curso -> par_cursos,progressiva,alfabetica,,alfabetica,,alfabetica,,180.0,1,180.0,600.0,1,0,TEMPO_TOTAL,2,,ENF,MAT,55
1,7,56,par_cursos,ENF+MED,59,17894,77096,OPTIMAL,185196.0,185196.0,False,185196.0,43.71,43.36,527.48,,,,alfabetica,,3,par_cursos,3,False,TEMPO_TOTAL,iteracao,dia_turno_curso_cursos_progr_ate_2,180.0,180.0,600.0,14400.0,False,False,alfabetica,,alfabetica,,./dados/2024_1/horarios_2024_1.xlsx,./dados/2024_1/salas_2024_1.csv,./dados/2024_1/salas_preferenciais_2024.1.xlsx,/Users/robertdrey/Documents/workspace/development/alocador_de_salas,resultados/experimentos/2024_1/novas_hibridas/dia_turno_depois_progr_2/melhor_solucao.sol,resultados/experimentos/2024_1/novas_hibridas/dia_turno_depois_progr_2/historico.csv,resultados/experimentos/2024_1/novas_hibridas/dia_turno_depois_progr_2/historico.json,dia_turno_curso -> curso -> par_cursos,progressiva,alfabetica,,alfabetica,,alfabetica,,180.0,1,180.0,600.0,1,0,TEMPO_TOTAL,2,,ENF,MED,56
1,7,57,par_cursos,ENF+PED,74,21298,73692,TIME_LIMIT,185196.0,185196.0,False,185196.0,484.28,483.94,483.77,,,,alfabetica,,3,par_cursos,3,False,TEMPO_TOTAL,iteracao,dia_turno_curso_cursos_progr_ate_2,180.0,180.0,600.0,14400.0,False,False,alfabetica,,alfabetica,,./dados/2024_1/horarios_2024_1.xlsx,./dados/2024_1/salas_2024_1.csv,./dados/2024_1/salas_preferenciais_2024.1.xlsx,/Users/robertdrey/Documents/workspace/development/alocador_de_salas,resultados/experimentos/2024_1/novas_hibridas/dia_turno_depois_progr_2/melhor_solucao.sol,resultados/experimentos/2024_1/novas_hibridas/dia_turno_depois_progr_2/historico.csv,resultados/experimentos/2024_1/novas_hibridas/dia_turno_depois_progr_2/historico.json,dia_turno_curso -> curso -> par_cursos,progressiva,alfabetica,,alfabetica,,alfabetica,,180.0,1,180.0,600.0,1,0,TEMPO_TOTAL,2,,ENF,PED,57
