ciclo,passada,iteracao,vizinhanca,recurso,disciplinas_livres,variaveis_x_livres,variaveis_x_fixadas,status_solver,objetivo_anterior,objetivo_candidato,melhorou,objetivo_incumbente,tempo_gasto_s,tempo_solver_s,tempo_limite_subproblema_s,dia,turno,curso,ordem_cursos,seed_ordem_cursos,etapa_no_ciclo,etapa_completa,ciclo_completo,motivo_encerramento,tipo_registro,parametro_tipo_vizinhanca,parametro_tempo_modelo_inicial_s,parametro_tempo_heuristica_inicial_s,parametro_tempo_subproblema_s,parametro_tempo_total_maximo_s,parametro_apenas_uma_passada,parametro_salvar_candidatos,parametro_ordem_cursos_solicitada,parametro_seed_ordem_cursos_solicitada,parametro_ordem_cursos,parametro_seed_ordem_cursos,parametro_arquivo_horarios,parametro_arquivo_salas,parametro_arquivo_salas_preferenciais,parametro_diretorio_execucao,parametro_arquivo_melhor_solucao,parametro_arquivo_log_csv,parametro_arquivo_log_json,parametro_sequencia_etapas,parametro_etapa_1_ordem_cursos,parametro_etapa_1_seed,parametro_etapa_2_ordem_cursos,parametro_etapa_2_seed,parametro_gurobi_inicial_TimeLimit,parametro_gurobi_inicial_MIPFocus,parametro_gurobi_inicial_NoRelHeurTime,parametro_gurobi_subproblema_TimeLimit,parametro_gurobi_subproblema_MIPFocus,parametro_gurobi_subproblema_NoRelHeurTime,parametro_motivo_encerramento,parametro_ciclos_completos,curso_a,curso_b,posicao_par
1,1,1,dia_turno_curso,2_M_ADM,81,18538,76452,OPTIMAL,186694.5,186586.5,True,186586.5,3.08,2.85,600.0,2,M,ADM,alfabetica,,1,True,True,CICLO_SEM_MELHORIA,iteracao,hibrida_dia_turno_curso_pares,180.0,180.0,600.0,14400.0,False,False,alfabetica,,alfabetica,,./dados/2024_1/horarios_2024_1.xlsx,./dados/2024_1/salas_2024_1.csv,./dados/2024_1/salas_preferenciais_2024.1.xlsx,/Users/robertdrey/Documents/workspace/development/alocador_de_salas,resultados/experimentos/2024_1/hibridas_dia_turno_curso_pares/dia_turno_curso_pares_init180.sol,resultados/experimentos/2024_1/hibridas_dia_turno_curso_pares/dia_turno_curso_pares_init180.csv,resultados/experimentos/2024_1/hibridas_dia_turno_curso_pares/dia_turno_curso_pares_init180.json,dia_turno_curso -> par_cursos,alfabetica,,alfabetica,,180.0,1,180.0,600.0,1,0,CICLO_SEM_MELHORIA,3,,,
1,1,2,dia_turno_curso,2_M_AGRO,82,17250,77740,OPTIMAL,186586.5,186583.5,True,186583.5,5.83,5.51,600.0,2,M,AGRO,alfabetica,,1,True,True,CICLO_SEM_MELHORIA,iteracao,hibrida_dia_turno_curso_pares,180.0,180.0,600.0,14400.0,False,False,alfabetica,,alfabetica,,./dados/2024_1/horarios_2024_1.xlsx,./dados/2024_1/salas_2024_1.csv,./dados/2024_1/salas_preferenciais_2024.1.xlsx,/Users/robertdrey/Documents/workspace/development/alocador_de_salas,resultados/experimentos/2024_1/hibridas_dia_turno_curso_pares/dia_turno_curso_pares_init180.sol,resultados/experimentos/2024_1/hibridas_dia_turno_curso_pares/dia_turno_curso_pares_init180.csv,resultados/experimentos/2024_1/hibridas_dia_turno_curso_pares/dia_turno_curso_pares_init180.json,dia_turno_curso -> par_cursos,alfabetica,,alfabetica,,180.0,1,180.0,600.0,1,0,CICLO_SEM_MELHORIA,3,,,
1,1,3,dia_turno_curso,2_M_EAS,73,16238,78752,OPTIMAL,186583.5,186578.5,True,186578.5,2.22,1.91,600.0,2,M,EAS,alfabetica,,1,True,True,CICLO_SEM_MELHORIA,iteracao,hibrida_dia_turno_curso_pares,180.0,180.0,600.0,14400.0,False,False,alfabetica,,alfabetica,,./dados/2024_1/horarios_2024_1.xlsx,./dados/2024_1/salas_2024_1.csv,./dados/2024_1/salas_preferenciais_2024.1.xlsx,/Users/robertdrey/Documents/workspace/development/alocador_de_salas,resultados/experimentos/2024_1/hibridas_dia_turno_curso_pares/dia_turno_curso_pares_init180.sol,resultados/experimentos/2024_1/hibridas_dia_turno_curso_pares/dia_turno_curso_pares_init180.csv,resultados/experimentos/2024_1/hibridas_dia_turno_curso_pares/dia_turno_curso_pares_init180.json,dia_turno_curso -> par_cursos,alfabetica,,alfabetica,,180.0,1,180.0,600.0,1,0,CICLO_SEM_MELHORIA,3,,,
1,1,4,dia_turno_curso,2_M_ENF,51,15548,79442,OPTIMAL,186578.5,186360.5,True,186360.5,10.48,10.17,600.0,2,M,ENF,alfabetica,,1,True,True,CICLO_SEM_MELHORIA,iteracao,hibrida_dia_turno_curso_pares,180.0,180.0,600.0,14400.0,False,False,alfabetica,,alfabetica,,./dados/2024_1/horarios_2024_1.xlsx,./dados/2024_1/salas_2024_1.csv,./dados/2024_1/salas_preferenciais_2024.1.xlsx,/Users/robertdrey/Documents/workspace/development/alocador_de_salas,resultados/experimentos/2024_1/hibridas_dia_turno_curso_pares/dia_turno_curso_pares_init180.sol,resultados/experimentos/2024_1/hibridas_dia_turno_curso_pares/dia_turno_curso_pares_init180.csv,resultados/experimentos/2024_1/hibridas_dia_turno_curso_pares/dia_turno_curso_pares_init180.json,dia_turno_curso -> par_cursos,alfabetica,,alfabetica,,180.0,1,180.0,600.0,1,0,CICLO_SEM_MELHORIA,3,,,
1,1,5,dia_turno_curso,2_M_MED,74,18078,76912,OPTIMAL,186360.5,186360.5,False,186360.5,2.57,2.25,600.0,2,M,MED,alfabetica,,1,True,True,CICLO_SEM_MELHORIA,iteracao,hibrida_dia_turno_curso_pares,180.0,180.0,600.0,14400.0,False,False,alfabetica,,alfabetica,,./dados/2024_1/horarios_2024_1.xlsx,./dados/2024_1/salas_2024_1.csv,./dados/2024_1/salas_preferenciais_2024.1.xlsx,/Users/robertdrey/Documents/workspace/development/alocador_de_salas,resultados/experimentos/2024_1/hibridas_dia_turno_curso_pares/dia_turno_curso_pares_init180.sol,resultados/experimentos/2024_1/hibridas_dia_turno_curso_pares/dia_turno_curso_pares_init180.csv,resultados/experimentos/2024_1/hibridas_dia_turno_curso_pares/dia_turno_curso_pares_init180.json,dia_turno_curso -> par_cursos,alfabetica,,alfabetica,,180.0,1,180.0,600.0,1,0,CICLO_SEM_MELHORIA,3,,,
1,1,6,dia_turno_curso,2_M_PED,88,21574,73416,OPTIMAL,186360.5,186315.5,True,186315.5,7.94,7.61,600.0,2,M,PED,alfabetica,,1,True,True,CICLO_SEM_MELHORIA,iteracao,hibrida_dia_turno_curso_pares,180.0,180.0,600.0,14400.0,False,False,alfabetica,,alfabetica,,./dados/2024_1/horarios_2024_1.xlsx,./dados/2024_1/salas_2024_1.csv,./dados/2024_1/salas_preferenciais_2024.1.xlsx,/Users/robertdrey/Documents/workspace/development/alocador_de_salas,resultados/experimentos/2024_1/hibridas_dia_turno_curso_pares/dia_turno_curso_pares_init180.sol,resultados/experimentos/2024_1/hibridas_dia_turno_curso_pares/dia_turno_curso_pares_init180.csv,resultados/experimentos/2024_1/hibridas_dia_turno_curso_pares/dia_turno_curso_pares_init180.json,dia_turno_curso -> par_cursos,alfabetica,,alfabetica,,180.0,1,180.0,600.0,1,0,CICLO_SEM_MELHORIA,3,,,
1,1,7,dia_turno_curso,2_T_AGRO,82,20194,74796,OPTIMAL,186315.5,186315.5,False,186315.5,7.11,6.81,600.0,2,T,AGRO,alfabetica,,1,True,True,CICLO_SEM_MELHORIA,iteracao,hibrida_dia_turno_curso_pares,180.0,180.0,600.0,14400.0,False,False,alfabetica,,alfabetica,,./dados/2024_1/horarios_2024_1.xlsx,./dados/2024_1/salas_2024_1.csv,./dados/2024_1/salas_preferenciais_2024.1.xlsx,/Users/robertdrey/Documents/workspace/development/alocador_de_salas,resultados/experimentos/2024_1/hibridas_dia_turno_curso_pares/dia_turno_curso_pares_init180.sol,resultados/experimentos/2024_1/hibridas_dia_turno_curso_pares/dia_turno_curso_pares_init180.csv,resultados/experimentos/2024_1/hibridas_dia_turno_curso_pares/dia_turno_curso_pares_init180.json,dia_turno_curso -> par_cursos,alfabetica,,alfabetica,,180.0,1,180.0,600.0,1,0,CICLO_SEM_MELHORIA,3,,,
1,1,8,dia_turno_curso,2_T_CC,70,20010,74980,OPTIMAL,186315.5,186315.5,False,186315.5,2.58,2.27,600.0,2,T,CC,alfabetica,,1,True,True,CICLO_SEM_MELHORIA,iteracao,hibrida_dia_turno_curso_pares,180.0,180.0,600.0,14400.0,False,False,alfabetica,,alfabetica,,./dados/2024_1/horarios_2024_1.xlsx,./dados/2024_1/salas_2024_1.csv,./dados/2024_1/salas_preferenciais_2024.1.xlsx,/Users/robertdrey/Documents/workspace/development/alocador_de_salas,resultados/experimentos/2024_1/hibridas_dia_turno_curso_pares/dia_turno_curso_pares_init180.sol,resultados/experimentos/2024_1/hibridas_dia_turno_curso_pares/dia_turno_curso_pares_init180.csv,resultados/experimentos/2024_1/hibridas_dia_turno_curso_pares/dia_turno_curso_pares_init180.json,dia_turno_curso -> par_cursos,alfabetica,,alfabetica,,180.0,1,180.0,600.0,1,0,CICLO_SEM_MELHORIA,3,,,
1,1,9,dia_turno_curso,2_T_CS,55,16284,78706,OPTIMAL,186315.5,186315.5,False,186315.5,1.46,1.13,600.0,2,T,CS,alfabetica,,1,True,True,CICLO_SEM_MELHORIA,iteracao,hibrida_dia_turno_curso_pares,180.0,180.0,600.0,14400.0,False,False,alfabetica,,alfabetica,,./dados/2024_1/horarios_2024_1.xlsx,./dados/2024_1/salas_2024_1.csv,./dados/2024_1/salas_preferenciais_2024.1.xlsx,/Users/robertdrey/Documents/workspace/development/alocador_de_salas,resultados/experimentos/2024_1/hibridas_dia_turno_curso_pares/dia_turno_curso_pares_init180.sol,resultados/experimentos/2024_1/hibridas_dia_turno_curso_pares/dia_turno_curso_pares_init180.csv,resultados/experimentos/2024_1/hibridas_dia_turno_curso_pares/dia_turno_curso_pares_init180.json,dia_turno_curso -> par_cursos,alfabetica,,alfabetica,,180.0,1,180.0,600.0,1,0,CICLO_SEM_MELHORIA,3,,,
1,1,10,dia_turno_curso,2_T_EAS,74,18538,76452,OPTIMAL,186315.5,186305.5,True,186305.5,2.14,1.83,600.0,2,T,EAS,alfabetica,,1,True,True,CICLO_SEM_MELHORIA,iteracao,hibrida_dia_turno_curso_pares,180.0,180.0,600.0,14400.0,False,False,alfabetica,,alfabetica,,./dados/2024_1/horarios_2024_1.xlsx,./dados/2024_1/salas_2024_1.csv,./dados/2024_1/salas_preferenciais_2024.1.xlsx,/Users/robertdrey/Documents/workspace/development/alocador_de_salas,resultados/experimentos/2024_1/hibridas_dia_turno_curso_pares/dia_turno_curso_pares_init180.sol,resultados/experimentos/2024_1/hibridas_dia_turno_curso_pares/dia_turno_curso_pares_init180.csv,resultados/experimentos/2024_1/hibridas_dia_turno_curso_pares/dia_turno_curso_pares_init180.json,dia_turno_curso -> par_cursos,alfabetica,,alfabetica,,180.0,1,180.0,600.0,1,0,CICLO_SEM_MELHORIA,3,,,
1,1,11,dia_turno_curso,2_T_ENF,47,16422,78568,OPTIMAL,186305.5,186305.5,False,186305.5,5.34,5.03,600.0,2,T,ENF,alfabetica,,1,True,True,CICLO_SEM_MELHORIA,iteracao,hibrida_dia_turno_curso_pares,180.0,180.0,600.0,14400.0,False,False,alfabetica,,alfabetica,,./dados/2024_1/horarios_2024_1.xlsx,./dados/2024_1/salas_2024_1.csv,./dados/2024_1/salas_preferenciais_2024.1.xlsx,/Users/robertdrey/Documents/workspace/development/alocador_de_salas,resultados/experimentos/2024_1/hibridas_dia_turno_curso_pares/dia_turno_curso_pares_init180.sol,resultados/experimentos/2024_1/hibridas_dia_turno_curso_pares/dia_turno_curso_pares_init180.csv,resultados/experimentos/2024_1/hibridas_dia_turno_curso_pares/dia_turno_curso_pares_init180.json,dia_turno_curso -> par_cursos,alfabetica,,alfabetica,,180.0,1,180.0,600.0,1,0,CICLO_SEM_MELHORIA,3,,,
1,1,12,dia_turno_curso,2_T_GEO,43,13846,81144,OPTIMAL,186305.5,186305.5,False,186305.5,1.19,0.88,600.0,2,T,GEO,alfabetica,,1,True,True,CICLO_SEM_MELHORIA,iteracao,hibrida_dia_turno_curso_pares,180.0,180.0,600.0,14400.0,False,False,alfabetica,,alfabetica,,./dados/2024_1/horarios_2024_1.xlsx,./dados/2024_1/salas_2024_1.csv,./dados/2024_1/salas_preferenciais_2024.1.xlsx,/Users/robertdrey/Documents/workspace/development/alocador_de_salas,resultados/experimentos/2024_1/hibridas_dia_turno_curso_pares/dia_turno_curso_pares_init180.sol,resultados/experimentos/2024_1/hibridas_dia_turno_curso_pares/dia_turno_curso_pares_init180.csv,resultados/experimentos/2024_1/hibridas_dia_turno_curso_pares/dia_turno_curso_pares_init180.json,dia_turno_curso -> par_cursos,alfabetica,,alfabetica,,180.0,1,180.0,600.0,1,0,CICLO_SEM_MELHORIA,3,,,
1,1,13,dia_turno_curso,2_T_LET,67,19228,75762,OPTIMAL,186305.5,186305.5,False,186305.5,5.06,4.77,600.0,2,T,LET,alfabetica,,1,True,True,CICLO_SEM_MELHORIA,iteracao,hibrida_dia_turno_curso_pares,180.0,180.0,600.0,14400.0,False,False,alfabetica,,alfabetica,,./dados/2024_1/horarios_2024_1.xlsx,./dados/2024_1/salas_2024_1.csv,./dados/2024_1/salas_preferenciais_2024.1.xlsx,/Users/robertdrey/Documents/workspace/development/alocador_de_salas,resultados/experimentos/2024_1/hibridas_dia_turno_curso_pares/dia_turno_curso_pares_init180.sol,resultados/experimentos/2024_1/hibridas_dia_turno_curso_pares/dia_turno_curso_pares_init180.csv,resultados/experimentos/2024_1/hibridas_dia_turno_curso_pares/dia_turno_curso_pares_init180.json,dia_turno_curso -> par_cursos,alfabetica,,alfabetica,,180.0,1,180.0,600.0,1,0,CICLO_SEM_MELHORIA,3,,,
1,1,14,dia_turno_curso,2_T_MAT,56,16606,78384,OPTIMAL,186305.5,186285.5,True,186285.5,2.0,1.69,600.0,2,T,MAT,alfabetica,,1,True,True,CICLO_SEM_MELHORIA,iteracao,hibrida_dia_turno_curso_pares,180.0,180.0,600.0,14400.0,False,False,alfabetica,,alfabetica,,./dados/2024_1/horarios_2024_1.xlsx,./dados/2024_1/salas_2024_1.csv,./dados/2024_1/salas_preferenciais_2024.1.xlsx,/Users/robertdrey/Documents/workspace/development/alocador_de_salas,resultados/experimentos/2024_1/hibridas_dia_turno_curso_pares/dia_turno_curso_pares_init180.sol,resultados/experimentos/2024_1/hibridas_dia_turno_curso_pares/dia_turno_curso_pares_init180.csv,resultados/experimentos/2024_1/hibridas_dia_turno_curso_pares/dia_turno_curso_pares_init180.json,dia_turno_curso -> par_cursos,alfabetica,,alfabetica,,180.0,1,180.0,600.0,1,0,CICLO_SEM_MELHORIA,3,,,
1,1,15,dia_turno_curso,2_T_MED,71,20286,74704,OPTIMAL,186285.5,186285.5,False,186285.5,2.56,2.26,600.0,2,T,MED,alfabetica,,1,True,True,CICLO_SEM_MELHORIA,iteracao,hibrida_dia_turno_curso_pares,180.0,180.0,600.0,14400.0,False,False,alfabetica,,alfabetica,,./dados/2024_1/horarios_2024_1.xlsx,./dados/2024_1/salas_2024_1.csv,./dados/2024_1/salas_preferenciais_2024.1.xlsx,/Users/robertdrey/Documents/workspace/development/alocador_de_salas,resultados/experimentos/2024_1/hibridas_dia_turno_curso_pares/dia_turno_curso_pares_init180.sol,resultados/experimentos/2024_1/hibridas_dia_turno_curso_pares/dia_turno_curso_pares_init180.csv,resultados/experimentos/2024_1/hibridas_dia_turno_curso_pares/dia_turno_curso_pares_init180.json,dia_turno_curso -> par_cursos,alfabetica,,alfabetica,,180.0,1,180.0,600.0,1,0,CICLO_SEM_MELHORIA,3,,,
1,1,16,dia_turno_curso,2_N_ADM,85,18078,76912,OPTIMAL,186285.5,186285.5,False,186285.5,2.4,2.11,600.0,2,N,ADM,alfabetica,,1,True,True,CICLO_SEM_MELHORIA,iteracao,hibrida_dia_turno_curso_pares,180.0,180.0,600.0,14400.0,False,False,alfabetica,,alfabetica,,./dados/2024_1/horarios_2024_1.xlsx,./dados/2024_1/salas_2024_1.csv,./dados/2024_1/salas_preferenciais_2024.1.xlsx,/Users/robertdrey/Documents/workspace/development/alocador_de_salas,resultados/experimentos/2024_1/hibridas_dia_turno_curso_pares/dia_turno_curso_pares_init180.sol,resultados/experimentos/2024_1/hibridas_dia_turno_curso_pares/dia_turno_curso_pares_init180.csv,resultados/experimentos/2024_1/hibridas_dia_turno_curso_pares/dia_turno_curso_pares_init180.json,dia_turno_curso -> par_cursos,alfabetica,,alfabetica,,180.0,1,180.0,600.0,1,0,CICLO_SEM_MELHORIA,3,,,
1,1,17,dia_turno_curso,2_N_CC,83,19136,75854,OPTIMAL,186285.5,186285.5,False,186285.5,2.9,2.6,600.0,2,N,CC,alfabetica,,1,True,True,CICLO_SEM_MELHORIA,iteracao,hibrida_dia_turno_curso_pares,180.0,180.0,600.0,14400.0,False,False,alfabetica,,alfabetica,,./dados/2024_1/horarios_2024_1.xlsx,./dados/2024_1/salas_2024_1.csv,./dados/2024_1/salas_preferenciais_2024.1.xlsx,/Users/robertdrey/Documents/workspace/development/alocador_de_salas,resultados/experimentos/2024_1/hibridas_dia_turno_curso_pares/dia_turno_curso_pares_init180.sol,resultados/experimentos/2024_1/hibridas_dia_turno_curso_pares/dia_turno_curso_pares_init180.csv,resultados/experimentos/2024_1/hibridas_dia_turno_curso_pares/dia_turno_curso_pares_init180.json,dia_turno_curso -> par_cursos,alfabetica,,alfabetica,,180.0,1,180.0,600.0,1,0,CICLO_SEM_MELHORIA,3,,,
1,1,18,dia_turno_curso,2_N_CS,59,13248,81742,OPTIMAL,186285.5,186285.5,False,186285.5,1.69,1.38,600.0,2,N,CS,alfabetica,,1,True,True,CICLO_SEM_MELHORIA,iteracao,hibrida_dia_turno_curso_pares,180.0,180.0,600.0,14400.0,False,False,alfabetica,,alfabetica,,./dados/2024_1/horarios_2024_1.xlsx,./dados/2024_1/salas_2024_1.csv,./dados/2024_1/salas_preferenciais_2024.1.xlsx,/Users/robertdrey/Documents/workspace/development/alocador_de_salas,resultados/experimentos/2024_1/hibridas_dia_turno_curso_pares/dia_turno_curso_pares_init180.sol,resultados/experimentos/2024_1/hibridas_dia_turno_curso_pares/dia_turno_curso_pares_init180.csv,resultados/experimentos/2024_1/hibridas_dia_turno_curso_pares/dia_turno_curso_pares_init180.json,dia_turno_curso -> par_cursos,alfabetica,,alfabetica,,180.0,1,180.0,600.0,1,0,CICLO_SEM_MELHORIA,3,,,
1,1,19,dia_turno_curso,2_N_EAS,85,16376,78614,OPTIMAL,186285.5,186285.5,False,186285.5,1.52,1.22,600.0,2,N,EAS,alfabetica,,1,True,True,CICLO_SEM_MELHORIA,iteracao,hibrida_dia_turno_curso_pares,180.0,180.0,600.0,14400.0,False,False,alfabetica,,alfabetica,,./dados/2024_1/horarios_2024_1.xlsx,./dados/2024_1/salas_2024_1.csv,./dados/2024_1/salas_preferenciais_2024.1.xlsx,/Users/robertdrey/Documents/workspace/development/alocador_de_salas,resultados/experimentos/2024_1/hibridas_dia_turno_curso_pares/dia_turno_curso_pares_init180.sol,resultados/experimentos/2024_1/hibridas_dia_turno_curso_pares/dia_turno_curso_pares_init180.csv,resultados/experimentos/2024_1/hibridas_dia_turno_curso_pares/dia_turno_curso_pares_init180.json,dia_turno_curso -> par_cursos,alfabetica,,alfabetica,,180.0,1,180.0,600.0,1,0,CICLO_SEM_MELHORIA,3,,,
1,1,20,dia_turno_curso,2_N_FIL,53,11730,83260,OPTIMAL,186285.5,186285.5,False,186285.5,1.6,1.3,600.0,2,N,FIL,alfabetica,,1,True,True,CICLO_SEM_MELHORIA,iteracao,hibrida_dia_turno_curso_pares,180.0,180.0,600.0,14400.0,False,False,alfabetica,,alfabetica,,./dados/2024_1/horarios_2024_1.xlsx,./dados/2024_1/salas_2024_1.csv,./dados/2024_1/salas_preferenciais_2024.1.xlsx,/Users/robertdrey/Documents/workspace/development/alocador_de_salas,resultados/experimentos/2024_1/hibridas_dia_turno_curso_pares/dia_turno_curso_pares_init180.sol,resultados/experimentos/2024_1/hibridas_dia_turno_curso_pares/dia_turno_curso_pares_init180.csv,resultados/experimentos/2024_1/hibridas_dia_turno_curso_pares/dia_turno_curso_pares_init180.json,dia_turno_curso -> par_cursos,alfabetica,,alfabetica,,180.0,1,180.0,600.0,1,0,CICLO_SEM_MELHORIA,3,,,
1,1,21,dia_turno_curso,2_N_GEO,48,10994,83996,OPTIMAL,186285.5,186285.5,False,186285.5,1.33,1.03,600.0,2,N,GEO,alfabetica,,1,True,True,CICLO_SEM_MELHORIA,iteracao,hibrida_dia_turno_curso_pares,180.0,180.0,600.0,14400.0,False,False,alfabetica,,alfabetica,,./dados/2024_1/horarios_2024_1.xlsx,./dados/2024_1/salas_2024_1.csv,./dados/2024_1/salas_preferenciais_2024.1.xlsx,/Users/robertdrey/Documents/workspace/development/alocador_de_salas,resultados/experimentos/2024_1/hibridas_dia_turno_curso_pares/dia_turno_curso_pares_init180.sol,resultados/experimentos/2024_1/hibridas_dia_turno_curso_pares/dia_turno_curso_pares_init180.csv,resultados/experimentos/2024_1/hibridas_dia_turno_curso_pares/dia_turno_curso_pares_init180.json,dia_turno_curso -> par_cursos,alfabetica,,alfabetica,,180.0,1,180.0,600.0,1,0,CICLO_SEM_MELHORIA,3,,,
1,1,22,dia_turno_curso,2_N_HIS,61,13570,81420,OPTIMAL,186285.5,186285.5,False,186285.5,1.61,1.32,600.0,2,N,HIS,alfabetica,,1,True,True,CICLO_SEM_MELHORIA,iteracao,hibrida_dia_turno_curso_pares,180.0,180.0,600.0,14400.0,False,False,alfabetica,,alfabetica,,./dados/2024_1/horarios_2024_1.xlsx,./dados/2024_1/salas_2024_1.csv,./dados/2024_1/salas_preferenciais_2024.1.xlsx,/Users/robertdrey/Documents/workspace/development/alocador_de_salas,resultados/experimentos/2024_1/hibridas_dia_turno_curso_pares/dia_turno_curso_pares_init180.sol,resultados/experimentos/2024_1/hibridas_dia_turno_curso_pares/dia_turno_curso_pares_init180.csv,resultados/experimentos/2024_1/hibridas_dia_turno_curso_pares/dia_turno_curso_pares_init180.json,dia_turno_curso -> par_cursos,alfabetica,,alfabetica,,180.0,1,180.0,600.0,1,0,CICLO_SEM_MELHORIA,3,,,
1,1,23,dia_turno_curso,2_N_LET,71,16790,78200,OPTIMAL,186285.5,186278.0,True,186278.0,5.63,5.33,600.0,2,N,LET,alfabetica,,1,True,True,CICLO_SEM_MELHORIA,iteracao,hibrida_dia_turno_curso_pares,180.0,180.0,600.0,14400.0,False,False,alfabetica,,alfabetica,,./dados/2024_1/horarios_2024_1.xlsx,./dados/2024_1/salas_2024_1.csv,./dados/2024_1/salas_preferenciais_2024.1.xlsx,/Users/robertdrey/Documents/workspace/development/alocador_de_salas,resultados/experimentos/2024_1/hibridas_dia_turno_curso_pares/dia_turno_curso_pares_init180.sol,resultados/experimentos/2024_1/hibridas_dia_turno_curso_pares/dia_turno_curso_pares_init180.csv,resultados/experimentos/2024_1/hibridas_dia_turno_curso_pares/dia_turno_curso_pares_init180.json,dia_turno_curso -> par_cursos,alfabetica,,alfabetica,,180.0,1,180.0,600.0,1,0,CICLO_SEM_MELHORIA,3,,,
1,1,24,dia_turno_curso,2_N_MAT,60,13386,81604,OPTIMAL,186278.0,186278.0,False,186278.0,1.82,1.5,600.0,2,N,MAT,alfabetica,,1,True,True,CICLO_SEM_MELHORIA,iteracao,hibrida_dia_turno_curso_pares,180.0,180.0,600.0,14400.0,False,False,alfabetica,,alfabetica,,./dados/2024_1/horarios_2024_1.xlsx,./dados/2024_1/salas_2024_1.csv,./dados/2024_1/salas_preferenciais_2024.1.xlsx,/Users/robertdrey/Documents/workspace/development/alocador_de_salas,resultados/experimentos/2024_1/hibridas_dia_turno_curso_pares/dia_turno_curso_pares_init180.sol,resultados/experimentos/2024_1/hibridas_dia_turno_curso_pares/dia_turno_curso_pares_init180.csv,resultados/experimentos/2024_1/hibridas_dia_turno_curso_pares/dia_turno_curso_pares_init180.json,dia_turno_curso -> par_cursos,alfabetica,,alfabetica,,180.0,1,180.0,600.0,1,0,CICLO_SEM_MELHORIA,3,,,
1,1,25,dia_turno_curso,2_N_MED,81,18630,76360,OPTIMAL,186278.0,186278.0,False,186278.0,2.14,1.84,600.0,2,N,MED,alfabetica,,1,True,True,CICLO_SEM_MELHORIA,iteracao,hibrida_dia_turno_curso_pares,180.0,180.0,600.0,14400.0,False,False,alfabetica,,alfabetica,,./dados/2024_1/horarios_2024_1.xlsx,./dados/2024_1/salas_2024_1.csv,./dados/2024_1/salas_preferenciais_2024.1.xlsx,/Users/robertdrey/Documents/workspace/development/alocador_de_salas,resultados/experimentos/2024_1/hibridas_dia_turno_curso_pares/dia_turno_curso_pares_init180.sol,resultados/experimentos/2024_1/hibridas_dia_turno_curso_pares/dia_turno_curso_pares_init180.csv,resultados/experimentos/2024_1/hibridas_dia_turno_curso_pares/dia_turno_curso_pares_init180.json,dia_turno_curso -> par_cursos,alfabetica,,alfabetica,,180.0,1,180.0,600.0,1,0,CICLO_SEM_MELHORIA,3,,,
1,1,26,dia_turno_curso,2_N_PED,91,21022,73968,OPTIMAL,186278.0,186278.0,False,186278.0,4.01,3.72,600.0,2,N,PED,alfabetica,,1,True,True,CICLO_SEM_MELHORIA,iteracao,hibrida_dia_turno_curso_pares,180.0,180.0,600.0,14400.0,False,False,alfabetica,,alfabetica,,./dados/2024_1/horarios_2024_1.xlsx,./dados/2024_1/salas_2024_1.csv,./dados/2024_1/salas_preferenciais_2024.1.xlsx,/Users/robertdrey/Documents/workspace/development/alocador_de_salas,resultados/experimentos/2024_1/hibridas_dia_turno_curso_pares/dia_turno_curso_pares_init180.sol,resultados/experimentos/2024_1/hibridas_dia_turno_curso_pares/dia_turno_curso_pares_init180.csv,resultados/experimentos/2024_1/hibridas_dia_turno_curso_pares/dia_turno_curso_pares_init180.json,dia_turno_curso -> par_cursos,alfabetica,,alfabetica,,180.0,1,180.0,600.0,1,0,CICLO_SEM_MELHORIA,3,,,
1,1,27,dia_turno_curso,3_M_ADM,79,18676,76314,OPTIMAL,186278.0,186278.0,False,186278.0,3.04,2.74,600.0,3,M,ADM,alfabetica,,1,True,True,CICLO_SEM_MELHORIA,iteracao,hibrida_dia_turno_curso_pares,180.0,180.0,600.0,14400.0,False,False,alfabetica,,alfabetica,,./dados/2024_1/horarios_2024_1.xlsx,./dados/2024_1/salas_2024_1.csv,./dados/2024_1/salas_preferenciais_2024.1.xlsx,/Users/robertdrey/Documents/workspace/development/alocador_de_salas,resultados/experimentos/2024_1/hibridas_dia_turno_curso_pares/dia_turno_curso_pares_init180.sol,resultados/experimentos/2024_1/hibridas_dia_turno_curso_pares/dia_turno_curso_pares_init180.csv,resultados/experimentos/2024_1/hibridas_dia_turno_curso_pares/dia_turno_curso_pares_init180.json,dia_turno_curso -> par_cursos,alfabetica,,alfabetica,,180.0,1,180.0,600.0,1,0,CICLO_SEM_MELHORIA,3,,,
1,1,28,dia_turno_curso,3_M_AGRO,77,16514,78476,OPTIMAL,186278.0,186278.0,False,186278.0,12.99,12.67,600.0,3,M,AGRO,alfabetica,,1,True,True,CICLO_SEM_MELHORIA,iteracao,hibrida_dia_turno_curso_pares,180.0,180.0,600.0,14400.0,False,False,alfabetica,,alfabetica,,./dados/2024_1/horarios_2024_1.xlsx,./dados/2024_1/salas_2024_1.csv,./dados/2024_1/salas_preferenciais_2024.1.xlsx,/Users/robertdrey/Documents/workspace/development/alocador_de_salas,resultados/experimentos/2024_1/hibridas_dia_turno_curso_pares/dia_turno_curso_pares_init180.sol,resultados/experimentos/2024_1/hibridas_dia_turno_curso_pares/dia_turno_curso_pares_init180.csv,resultados/experimentos/2024_1/hibridas_dia_turno_curso_pares/dia_turno_curso_pares_init180.json,dia_turno_curso -> par_cursos,alfabetica,,alfabetica,,180.0,1,180.0,600.0,1,0,CICLO_SEM_MELHORIA,3,,,
1,1,29,dia_turno_curso,3_M_EAS,75,16928,78062,OPTIMAL,186278.0,186278.0,False,186278.0,2.37,2.07,600.0,3,M,EAS,alfabetica,,1,True,True,CICLO_SEM_MELHORIA,iteracao,hibrida_dia_turno_curso_pares,180.0,180.0,600.0,14400.0,False,False,alfabetica,,alfabetica,,./dados/2024_1/horarios_2024_1.xlsx,./dados/2024_1/salas_2024_1.csv,./dados/2024_1/salas_preferenciais_2024.1.xlsx,/Users/robertdrey/Documents/workspace/development/alocador_de_salas,resultados/experimentos/2024_1/hibridas_dia_turno_curso_pares/dia_turno_curso_pares_init180.sol,resultados/experimentos/2024_1/hibridas_dia_turno_curso_pares/dia_turno_curso_pares_init180.csv,resultados/experimentos/2024_1/hibridas_dia_turno_curso_pares/dia_turno_curso_pares_init180.json,dia_turno_curso -> par_cursos,alfabetica,,alfabetica,,180.0,1,180.0,600.0,1,0,CICLO_SEM_MELHORIA,3,,,
1,1,30,dia_turno_curso,3_M_ENF,49,15640,79350,OPTIMAL,186278.0,186278.0,False,186278.0,6.08,5.78,600.0,3,M,ENF,alfabetica,,1,True,True,CICLO_SEM_MELHORIA,iteracao,hibrida_dia_turno_curso_pares,180.0,180.0,600.0,14400.0,False,False,alfabetica,,alfabetica,,./dados/2024_1/horarios_2024_1.xlsx,./dados/2024_1/salas_2024_1.csv,./dados/2024_1/salas_preferenciais_2024.1.xlsx,/Users/robertdrey/Documents/workspace/development/alocador_de_salas,resultados/experimentos/2024_1/hibridas_dia_turno_curso_pares/dia_turno_curso_pares_init180.sol,resultados/experimentos/2024_1/hibridas_dia_turno_curso_pares/dia_turno_curso_pares_init180.csv,resultados/experimentos/2024_1/hibridas_dia_turno_curso_pares/dia_turno_curso_pares_init180.json,dia_turno_curso -> par_cursos,alfabetica,,alfabetica,,180.0,1,180.0,600.0,1,0,CICLO_SEM_MELHORIA,3,,,
1,1,31,dia_turno_curso,3_M_MED,73,18492,76498,OPTIMAL,186278.0,186269.5,True,186269.5,4.04,3.73,600.0,3,M,MED,alfabetica,,1,True,True,CICLO_SEM_MELHORIA,iteracao,hibrida_dia_turno_curso_pares,180.0,180.0,600.0,14400.0,False,False,alfabetica,,alfabetica,,./dados/2024_1/horarios_2024_1.xlsx,./dados/2024_1/salas_2024_1.csv,./dados/2024_1/salas_preferenciais_2024.1.xlsx,/Users/robertdrey/Documents/workspace/development/alocador_de_salas,resultados/experimentos/2024_1/hibridas_dia_turno_curso_pares/dia_turno_curso_pares_init180.sol,resultados/experimentos/2024_1/hibridas_dia_turno_curso_pares/dia_turno_curso_pares_init180.csv,resultados/experimentos/2024_1/hibridas_dia_turno_curso_pares/dia_turno_curso_pares_init180.json,dia_turno_curso -> par_cursos,alfabetica,,alfabetica,,180.0,1,180.0,600.0,1,0,CICLO_SEM_MELHORIA,3,,,
1,1,32,dia_turno_curso,3_M_PED,86,22126,72864,OPTIMAL,186269.5,186269.5,False,186269.5,4.82,4.52,600.0,3,M,PED,alfabetica,,1,True,True,CICLO_SEM_MELHORIA,iteracao,hibrida_dia_turno_curso_pares,180.0,180.0,600.0,14400.0,False,False,alfabetica,,alfabetica,,./dados/2024_1/horarios_2024_1.xlsx,./dados/2024_1/salas_2024_1.csv,./dados/2024_1/salas_preferenciais_2024.1.xlsx,/Users/robertdrey/Documents/workspace/development/alocador_de_salas,resultados/experimentos/2024_1/hibridas_dia_turno_curso_pares/dia_turno_curso_pares_init180.sol,resultados/experimentos/2024_1/hibridas_dia_turno_curso_pares/dia_turno_curso_pares_init180.csv,resultados/experimentos/2024_1/hibridas_dia_turno_curso_pares/dia_turno_curso_pares_init180.json,dia_turno_curso -> par_cursos,alfabetica,,alfabetica,,180.0,1,180.0,600.0,1,0,CICLO_SEM_MELHORIA,3,,,
1,1,33,dia_turno_curso,3_T_AGRO,82,19872,75118,OPTIMAL,186269.5,186269.5,False,186269.5,7.52,7.21,600.0,3,T,AGRO,alfabetica,,1,True,True,CICLO_SEM_MELHORIA,iteracao,hibrida_dia_turno_curso_pares,180.0,180.0,600.0,14400.0,False,False,alfabetica,,alfabetica,,./dados/2024_1/horarios_2024_1.xlsx,./dados/2024_1/salas_2024_1.csv,./dados/2024_1/salas_preferenciais_2024.1.xlsx,/Users/robertdrey/Documents/workspace/development/alocador_de_salas,resultados/experimentos/2024_1/hibridas_dia_turno_curso_pares/dia_turno_curso_pares_init180.sol,resultados/experimentos/2024_1/hibridas_dia_turno_curso_pares/dia_turno_curso_pares_init180.csv,resultados/experimentos/2024_1/hibridas_dia_turno_curso_pares/dia_turno_curso_pares_init180.json,dia_turno_curso -> par_cursos,alfabetica,,alfabetica,,180.0,1,180.0,600.0,1,0,CICLO_SEM_MELHORIA,3,,,
1,1,34,dia_turno_curso,3_T_CC,71,19964,75026,OPTIMAL,186269.5,186269.5,False,186269.5,1.9,1.6,600.0,3,T,CC,alfabetica,,1,True,True,CICLO_SEM_MELHORIA,iteracao,hibrida_dia_turno_curso_pares,180.0,180.0,600.0,14400.0,False,False,alfabetica,,alfabetica,,./dados/2024_1/horarios_2024_1.xlsx,./dados/2024_1/salas_2024_1.csv,./dados/2024_1/salas_preferenciais_2024.1.xlsx,/Users/robertdrey/Documents/workspace/development/alocador_de_salas,resultados/experimentos/2024_1/hibridas_dia_turno_curso_pares/dia_turno_curso_pares_init180.sol,resultados/experimentos/2024_1/hibridas_dia_turno_curso_pares/dia_turno_curso_pares_init180.csv,resultados/experimentos/2024_1/hibridas_dia_turno_curso_pares/dia_turno_curso_pares_init180.json,dia_turno_curso -> par_cursos,alfabetica,,alfabetica,,180.0,1,180.0,600.0,1,0,CICLO_SEM_MELHORIA,3,,,
1,1,35,dia_turno_curso,3_T_EAS,74,17848,77142,OPTIMAL,186269.5,186269.5,False,186269.5,1.74,1.43,600.0,3,T,EAS,alfabetica,,1,True,True,CICLO_SEM_MELHORIA,iteracao,hibrida_dia_turno_curso_pares,180.0,180.0,600.0,14400.0,False,False,alfabetica,,alfabetica,,./dados/2024_1/horarios_2024_1.xlsx,./dados/2024_1/salas_2024_1.csv,./dados/2024_1/salas_preferenciais_2024.1.xlsx,/Users/robertdrey/Documents/workspace/development/alocador_de_salas,resultados/experimentos/2024_1/hibridas_dia_turno_curso_pares/dia_turno_curso_pares_init180.sol,resultados/experimentos/2024_1/hibridas_dia_turno_curso_pares/dia_turno_curso_pares_init180.csv,resultados/experimentos/2024_1/hibridas_dia_turno_curso_pares/dia_turno_curso_pares_init180.json,dia_turno_curso -> par_cursos,alfabetica,,alfabetica,,180.0,1,180.0,600.0,1,0,CICLO_SEM_MELHORIA,3,,,
1,1,36,dia_turno_curso,3_T_ENF,47,16146,78844,OPTIMAL,186269.5,186254.5,True,186254.5,4.26,3.96,600.0,3,T,ENF,alfabetica,,1,True,True,CICLO_SEM_MELHORIA,iteracao,hibrida_dia_turno_curso_pares,180.0,180.0,600.0,14400.0,False,False,alfabetica,,alfabetica,,./dados/2024_1/horarios_2024_1.xlsx,./dados/2024_1/salas_2024_1.csv,./dados/2024_1/salas_preferenciais_2024.1.xlsx,/Users/robertdrey/Documents/workspace/development/alocador_de_salas,resultados/experimentos/2024_1/hibridas_dia_turno_curso_pares/dia_turno_curso_pares_init180.sol,resultados/experimentos/2024_1/hibridas_dia_turno_curso_pares/dia_turno_curso_pares_init180.csv,resultados/experimentos/2024_1/hibridas_dia_turno_curso_pares/dia_turno_curso_pares_init180.json,dia_turno_curso -> par_cursos,alfabetica,,alfabetica,,180.0,1,180.0,600.0,1,0,CICLO_SEM_MELHORIA,3,,,
1,1,37,dia_turno_curso,3_T_GEO,43,13524,81466,OPTIMAL,186254.5,186254.5,False,186254.5,1.34,1.02,600.0,3,T,GEO,alfabetica,,1,True,True,CICLO_SEM_MELHORIA,iteracao,hibrida_dia_turno_curso_pares,180.0,180.0,600.0,14400.0,False,False,alfabetica,,alfabetica,,./dados/2024_1/horarios_2024_1.xlsx,./dados/2024_1/salas_2024_1.csv,./dados/2024_1/salas_preferenciais_2024.1.xlsx,/Users/robertdrey/Documents/workspace/development/alocador_de_salas,resultados/experimentos/2024_1/hibridas_dia_turno_curso_pares/dia_turno_curso_pares_init180.sol,resultados/experimentos/2024_1/hibridas_dia_turno_curso_pares/dia_turno_curso_pares_init180.csv,resultados/experimentos/2024_1/hibridas_dia_turno_curso_pares/dia_turno_curso_pares_init180.json,dia_turno_curso -> par_cursos,alfabetica,,alfabetica,,180.0,1,180.0,600.0,1,0,CICLO_SEM_MELHORIA,3,,,
1,1,38,dia_turno_curso,3_T_LET,67,19090,75900,OPTIMAL,186254.5,186254.5,False,186254.5,3.95,3.66,600.0,3,T,LET,alfabetica,,1,True,True,CICLO_SEM_MELHORIA,iteracao,hibrida_dia_turno_curso_pares,180.0,180.0,600.0,14400.0,False,False,alfabetica,,alfabetica,,./dados/2024_1/horarios_2024_1.xlsx,./dados/2024_1/salas_2024_1.csv,./dados/2024_1/salas_preferenciais_2024.1.xlsx,/Users/robertdrey/Documents/workspace/development/alocador_de_salas,resultados/experimentos/2024_1/hibridas_dia_turno_curso_pares/dia_turno_curso_pares_init180.sol,resultados/experimentos/2024_1/hibridas_dia_turno_curso_pares/dia_turno_curso_pares_init180.csv,resultados/experimentos/2024_1/hibridas_dia_turno_curso_pares/dia_turno_curso_pares_init180.json,dia_turno_curso -> par_cursos,alfabetica,,alfabetica,,180.0,1,180.0,600.0,1,0,CICLO_SEM_MELHORIA,3,,,
1,1,39,dia_turno_curso,3_T_MED,68,19504,75486,OPTIMAL,186254.5,186254.5,False,186254.5,2.75,2.44,600.0,3,T,MED,alfabetica,,1,True,True,CICLO_SEM_MELHORIA,iteracao,hibrida_dia_turno_curso_pares,180.0,180.0,600.0,14400.0,False,False,alfabetica,,alfabetica,,./dados/2024_1/horarios_2024_1.xlsx,./dados/2024_1/salas_2024_1.csv,./dados/2024_1/salas_preferenciais_2024.1.xlsx,/Users/robertdrey/Documents/workspace/development/alocador_de_salas,resultados/experimentos/2024_1/hibridas_dia_turno_curso_pares/dia_turno_curso_pares_init180.sol,resultados/experimentos/2024_1/hibridas_dia_turno_curso_pares/dia_turno_curso_pares_init180.csv,resultados/experimentos/2024_1/hibridas_dia_turno_curso_pares/dia_turno_curso_pares_init180.json,dia_turno_curso -> par_cursos,alfabetica,,alfabetica,,180.0,1,180.0,600.0,1,0,CICLO_SEM_MELHORIA,3,,,
1,1,40,dia_turno_curso,3_N_ADM,84,16468,78522,OPTIMAL,186254.5,186254.5,False,186254.5,2.46,2.15,600.0,3,N,ADM,alfabetica,,1,True,True,CICLO_SEM_MELHORIA,iteracao,hibrida_dia_turno_curso_pares,180.0,180.0,600.0,14400.0,False,False,alfabetica,,alfabetica,,./dados/2024_1/horarios_2024_1.xlsx,./dados/2024_1/salas_2024_1.csv,./dados/2024_1/salas_preferenciais_2024.1.xlsx,/Users/robertdrey/Documents/workspace/development/alocador_de_salas,resultados/experimentos/2024_1/hibridas_dia_turno_curso_pares/dia_turno_curso_pares_init180.sol,resultados/experimentos/2024_1/hibridas_dia_turno_curso_pares/dia_turno_curso_pares_init180.csv,resultados/experimentos/2024_1/hibridas_dia_turno_curso_pares/dia_turno_curso_pares_init180.json,dia_turno_curso -> par_cursos,alfabetica,,alfabetica,,180.0,1,180.0,600.0,1,0,CICLO_SEM_MELHORIA,3,,,
1,1,41,dia_turno_curso,3_N_CC,81,17342,77648,OPTIMAL,186254.5,186254.5,False,186254.5,2.64,2.33,600.0,3,N,CC,alfabetica,,1,True,True,CICLO_SEM_MELHORIA,iteracao,hibrida_dia_turno_curso_pares,180.0,180.0,600.0,14400.0,False,False,alfabetica,,alfabetica,,./dados/2024_1/horarios_2024_1.xlsx,./dados/2024_1/salas_2024_1.csv,./dados/2024_1/salas_preferenciais_2024.1.xlsx,/Users/robertdrey/Documents/workspace/development/alocador_de_salas,resultados/experimentos/2024_1/hibridas_dia_turno_curso_pares/dia_turno_curso_pares_init180.sol,resultados/experimentos/2024_1/hibridas_dia_turno_curso_pares/dia_turno_curso_pares_init180.csv,resultados/experimentos/2024_1/hibridas_dia_turno_curso_pares/dia_turno_curso_pares_init180.json,dia_turno_curso -> par_cursos,alfabetica,,alfabetica,,180.0,1,180.0,600.0,1,0,CICLO_SEM_MELHORIA,3,,,
1,1,42,dia_turno_curso,3_N_CS,57,11546,83444,OPTIMAL,186254.5,186254.5,False,186254.5,1.96,1.65,600.0,3,N,CS,alfabetica,,1,True,True,CICLO_SEM_MELHORIA,iteracao,hibrida_dia_turno_curso_pares,180.0,180.0,600.0,14400.0,False,False,alfabetica,,alfabetica,,./dados/2024_1/horarios_2024_1.xlsx,./dados/2024_1/salas_2024_1.csv,./dados/2024_1/salas_preferenciais_2024.1.xlsx,/Users/robertdrey/Documents/workspace/development/alocador_de_salas,resultados/experimentos/2024_1/hibridas_dia_turno_curso_pares/dia_turno_curso_pares_init180.sol,resultados/experimentos/2024_1/hibridas_dia_turno_curso_pares/dia_turno_curso_pares_init180.csv,resultados/experimentos/2024_1/hibridas_dia_turno_curso_pares/dia_turno_curso_pares_init180.json,dia_turno_curso -> par_cursos,alfabetica,,alfabetica,,180.0,1,180.0,600.0,1,0,CICLO_SEM_MELHORIA,3,,,
1,1,43,dia_turno_curso,3_N_EAS,84,15180,79810,OPTIMAL,186254.5,186254.5,False,186254.5,2.0,1.7,600.0,3,N,EAS,alfabetica,,1,True,True,CICLO_SEM_MELHORIA,iteracao,hibrida_dia_turno_curso_pares,180.0,180.0,600.0,14400.0,False,False,alfabetica,,alfabetica,,./dados/2024_1/horarios_2024_1.xlsx,./dados/2024_1/salas_2024_1.csv,./dados/2024_1/salas_preferenciais_2024.1.xlsx,/Users/robertdrey/Documents/workspace/development/alocador_de_salas,resultados/experimentos/2024_1/hibridas_dia_turno_curso_pares/dia_turno_curso_pares_init180.sol,resultados/experimentos/2024_1/hibridas_dia_turno_curso_pares/dia_turno_curso_pares_init180.csv,resultados/experimentos/2024_1/hibridas_dia_turno_curso_pares/dia_turno_curso_pares_init180.json,dia_turno_curso -> par_cursos,alfabetica,,alfabetica,,180.0,1,180.0,600.0,1,0,CICLO_SEM_MELHORIA,3,,,
1,1,44,dia_turno_curso,3_N_FIL,53,10304,84686,OPTIMAL,186254.5,186254.5,False,186254.5,1.78,1.47,600.0,3,N,FIL,alfabetica,,1,True,True,CICLO_SEM_MELHORIA,iteracao,hibrida_dia_turno_curso_pares,180.0,180.0,600.0,14400.0,False,False,alfabetica,,alfabetica,,./dados/2024_1/horarios_2024_1.xlsx,./dados/2024_1/salas_2024_1.csv,./dados/2024_1/salas_preferenciais_2024.1.xlsx,/Users/robertdrey/Documents/workspace/development/alocador_de_salas,resultados/experimentos/2024_1/hibridas_dia_turno_curso_pares/dia_turno_curso_pares_init180.sol,resultados/experimentos/2024_1/hibridas_dia_turno_curso_pares/dia_turno_curso_pares_init180.csv,resultados/experimentos/2024_1/hibridas_dia_turno_curso_pares/dia_turno_curso_pares_init180.json,dia_turno_curso -> par_cursos,alfabetica,,alfabetica,,180.0,1,180.0,600.0,1,0,CICLO_SEM_MELHORIA,3,,,
1,1,45,dia_turno_curso,3_N_GEO,48,9568,85422,OPTIMAL,186254.5,186254.5,False,186254.5,1.79,1.47,600.0,3,N,GEO,alfabetica,,1,True,True,CICLO_SEM_MELHORIA,iteracao,hibrida_dia_turno_curso_pares,180.0,180.0,600.0,14400.0,False,False,alfabetica,,alfabetica,,./dados/2024_1/horarios_2024_1.xlsx,./dados/2024_1/salas_2024_1.csv,./dados/2024_1/salas_preferenciais_2024.1.xlsx,/Users/robertdrey/Documents/workspace/development/alocador_de_salas,resultados/experimentos/2024_1/hibridas_dia_turno_curso_pares/dia_turno_curso_pares_init180.sol,resultados/experimentos/2024_1/hibridas_dia_turno_curso_pares/dia_turno_curso_pares_init180.csv,resultados/experimentos/2024_1/hibridas_dia_turno_curso_pares/dia_turno_curso_pares_init180.json,dia_turno_curso -> par_cursos,alfabetica,,alfabetica,,180.0,1,180.0,600.0,1,0,CICLO_SEM_MELHORIA,3,,,
1,1,46,dia_turno_curso,3_N_HIS,60,11960,83030,OPTIMAL,186254.5,186254.5,False,186254.5,1.85,1.55,600.0,3,N,HIS,alfabetica,,1,True,True,CICLO_SEM_MELHORIA,iteracao,hibrida_dia_turno_curso_pares,180.0,180.0,600.0,14400.0,False,False,alfabetica,,alfabetica,,./dados/2024_1/horarios_2024_1.xlsx,./dados/2024_1/salas_2024_1.csv,./dados/2024_1/salas_preferenciais_2024.1.xlsx,/Users/robertdrey/Documents/workspace/development/alocador_de_salas,resultados/experimentos/2024_1/hibridas_dia_turno_curso_pares/dia_turno_curso_pares_init180.sol,resultados/experimentos/2024_1/hibridas_dia_turno_curso_pares/dia_turno_curso_pares_init180.csv,resultados/experimentos/2024_1/hibridas_dia_turno_curso_pares/dia_turno_curso_pares_init180.json,dia_turno_curso -> par_cursos,alfabetica,,alfabetica,,180.0,1,180.0,600.0,1,0,CICLO_SEM_MELHORIA,3,,,
1,1,47,dia_turno_curso,3_N_LET,70,15732,79258,OPTIMAL,186254.5,186254.5,False,186254.5,5.0,4.68,600.0,3,N,LET,alfabetica,,1,True,True,CICLO_SEM_MELHORIA,iteracao,hibrida_dia_turno_curso_pares,180.0,180.0,600.0,14400.0,False,False,alfabetica,,alfabetica,,./dados/2024_1/horarios_2024_1.xlsx,./dados/2024_1/salas_2024_1.csv,./dados/2024_1/salas_preferenciais_2024.1.xlsx,/Users/robertdrey/Documents/workspace/development/alocador_de_salas,resultados/experimentos/2024_1/hibridas_dia_turno_curso_pares/dia_turno_curso_pares_init180.sol,resultados/experimentos/2024_1/hibridas_dia_turno_curso_pares/dia_turno_curso_pares_init180.csv,resultados/experimentos/2024_1/hibridas_dia_turno_curso_pares/dia_turno_curso_pares_init180.json,dia_turno_curso -> par_cursos,alfabetica,,alfabetica,,180.0,1,180.0,600.0,1,0,CICLO_SEM_MELHORIA,3,,,
1,1,48,dia_turno_curso,3_N_MAT,58,11960,83030,OPTIMAL,186254.5,186254.5,False,186254.5,2.3,1.97,600.0,3,N,MAT,alfabetica,,1,True,True,CICLO_SEM_MELHORIA,iteracao,hibrida_dia_turno_curso_pares,180.0,180.0,600.0,14400.0,False,False,alfabetica,,alfabetica,,./dados/2024_1/horarios_2024_1.xlsx,./dados/2024_1/salas_2024_1.csv,./dados/2024_1/salas_preferenciais_2024.1.xlsx,/Users/robertdrey/Documents/workspace/development/alocador_de_salas,resultados/experimentos/2024_1/hibridas_dia_turno_curso_pares/dia_turno_curso_pares_init180.sol,resultados/experimentos/2024_1/hibridas_dia_turno_curso_pares/dia_turno_curso_pares_init180.csv,resultados/experimentos/2024_1/hibridas_dia_turno_curso_pares/dia_turno_curso_pares_init180.json,dia_turno_curso -> par_cursos,alfabetica,,alfabetica,,180.0,1,180.0,600.0,1,0,CICLO_SEM_MELHORIA,3,,,
1,1,49,dia_turno_curso,3_N_PED,91,19504,75486,OPTIMAL,186254.5,186254.5,False,186254.5,5.85,5.55,600.0,3,N,PED,alfabetica,,1,True,True,CICLO_SEM_MELHORIA,iteracao,hibrida_dia_turno_curso_pares,180.0,180.0,600.0,14400.0,False,False,alfabetica,,alfabetica,,./dados/2024_1/horarios_2024_1.xlsx,./dados/2024_1/salas_2024_1.csv,./dados/2024_1/salas_preferenciais_2024.1.xlsx,/Users/robertdrey/Documents/workspace/development/alocador_de_salas,resultados/experimentos/2024_1/hibridas_dia_turno_curso_pares/dia_turno_curso_pares_init180.sol,resultados/experimentos/2024_1/hibridas_dia_turno_curso_pares/dia_turno_curso_pares_init180.csv,resultados/experimentos/2024_1/hibridas_dia_turno_curso_pares/dia_turno_curso_pares_init180.json,dia_turno_curso -> par_cursos,alfabetica,,alfabetica,,180.0,1,180.0,600.0,1,0,CICLO_SEM_MELHORIA,3,,,
1,1,50,dia_turno_curso,4_M_ADM,78,19596,75394,OPTIMAL,186254.5,186254.5,False,186254.5,2.58,2.27,600.0,4,M,ADM,alfabetica,,1,True,True,CICLO_SEM_MELHORIA,iteracao,hibrida_dia_turno_curso_pares,180.0,180.0,600.0,14400.0,False,False,alfabetica,,alfabetica,,./dados/2024_1/horarios_2024_1.xlsx,./dados/2024_1/salas_2024_1.csv,./dados/2024_1/salas_preferenciais_2024.1.xlsx,/Users/robertdrey/Documents/workspace/development/alocador_de_salas,resultados/experimentos/2024_1/hibridas_dia_turno_curso_pares/dia_turno_curso_pares_init180.sol,resultados/experimentos/2024_1/hibridas_dia_turno_curso_pares/dia_turno_curso_pares_init180.csv,resultados/experimentos/2024_1/hibridas_dia_turno_curso_pares/dia_turno_curso_pares_init180.json,dia_turno_curso -> par_cursos,alfabetica,,alfabetica,,180.0,1,180.0,600.0,1,0,CICLO_SEM_MELHORIA,3,,,
1,1,51,dia_turno_curso,4_M_AGRO,77,17710,77280,OPTIMAL,186254.5,186254.5,False,186254.5,7.08,6.76,600.0,4,M,AGRO,alfabetica,,1,True,True,CICLO_SEM_MELHORIA,iteracao,hibrida_dia_turno_curso_pares,180.0,180.0,600.0,14400.0,False,False,alfabetica,,alfabetica,,./dados/2024_1/horarios_2024_1.xlsx,./dados/2024_1/salas_2024_1.csv,./dados/2024_1/salas_preferenciais_2024.1.xlsx,/Users/robertdrey/Documents/workspace/development/alocador_de_salas,resultados/experimentos/2024_1/hibridas_dia_turno_curso_pares/dia_turno_curso_pares_init180.sol,resultados/experimentos/2024_1/hibridas_dia_turno_curso_pares/dia_turno_curso_pares_init180.csv,resultados/experimentos/2024_1/hibridas_dia_turno_curso_pares/dia_turno_curso_pares_init180.json,dia_turno_curso -> par_cursos,alfabetica,,alfabetica,,180.0,1,180.0,600.0,1,0,CICLO_SEM_MELHORIA,3,,,
1,1,52,dia_turno_curso,4_M_CS,56,15180,79810,OPTIMAL,186254.5,186254.5,False,186254.5,1.34,1.02,600.0,4,M,CS,alfabetica,,1,True,True,CICLO_SEM_MELHORIA,iteracao,hibrida_dia_turno_curso_pares,180.0,180.0,600.0,14400.0,False,False,alfabetica,,alfabetica,,./dados/2024_1/horarios_2024_1.xlsx,./dados/2024_1/salas_2024_1.csv,./dados/2024_1/salas_preferenciais_2024.1.xlsx,/Users/robertdrey/Documents/workspace/development/alocador_de_salas,resultados/experimentos/2024_1/hibridas_dia_turno_curso_pares/dia_turno_curso_pares_init180.sol,resultados/experimentos/2024_1/hibridas_dia_turno_curso_pares/dia_turno_curso_pares_init180.csv,resultados/experimentos/2024_1/hibridas_dia_turno_curso_pares/dia_turno_curso_pares_init180.json,dia_turno_curso -> par_cursos,alfabetica,,alfabetica,,180.0,1,180.0,600.0,1,0,CICLO_SEM_MELHORIA,3,,,
1,1,53,dia_turno_curso,4_M_EAS,74,17756,77234,OPTIMAL,186254.5,186249.5,True,186249.5,2.15,1.85,600.0,4,M,EAS,alfabetica,,1,True,True,CICLO_SEM_MELHORIA,iteracao,hibrida_dia_turno_curso_pares,180.0,180.0,600.0,14400.0,False,False,alfabetica,,alfabetica,,./dados/2024_1/horarios_2024_1.xlsx,./dados/2024_1/salas_2024_1.csv,./dados/2024_1/salas_preferenciais_2024.1.xlsx,/Users/robertdrey/Documents/workspace/development/alocador_de_salas,resultados/experimentos/2024_1/hibridas_dia_turno_curso_pares/dia_turno_curso_pares_init180.sol,resultados/experimentos/2024_1/hibridas_dia_turno_curso_pares/dia_turno_curso_pares_init180.csv,resultados/experimentos/2024_1/hibridas_dia_turno_curso_pares/dia_turno_curso_pares_init180.json,dia_turno_curso -> par_cursos,alfabetica,,alfabetica,,180.0,1,180.0,600.0,1,0,CICLO_SEM_MELHORIA,3,,,
1,1,54,dia_turno_curso,4_M_ENF,49,15318,79672,OPTIMAL,186249.5,186249.5,False,186249.5,4.57,4.26,600.0,4,M,ENF,alfabetica,,1,True,True,CICLO_SEM_MELHORIA,iteracao,hibrida_dia_turno_curso_pares,180.0,180.0,600.0,14400.0,False,False,alfabetica,,alfabetica,,./dados/2024_1/horarios_2024_1.xlsx,./dados/2024_1/salas_2024_1.csv,./dados/2024_1/salas_preferenciais_2024.1.xlsx,/Users/robertdrey/Documents/workspace/development/alocador_de_salas,resultados/experimentos/2024_1/hibridas_dia_turno_curso_pares/dia_turno_curso_pares_init180.sol,resultados/experimentos/2024_1/hibridas_dia_turno_curso_pares/dia_turno_curso_pares_init180.csv,resultados/experimentos/2024_1/hibridas_dia_turno_curso_pares/dia_turno_curso_pares_init180.json,dia_turno_curso -> par_cursos,alfabetica,,alfabetica,,180.0,1,180.0,600.0,1,0,CICLO_SEM_MELHORIA,3,,,
1,1,55,dia_turno_curso,4_M_MED,71,19412,75578,OPTIMAL,186249.5,186249.5,False,186249.5,3.06,2.74,600.0,4,M,MED,alfabetica,,1,True,True,CICLO_SEM_MELHORIA,iteracao,hibrida_dia_turno_curso_pares,180.0,180.0,600.0,14400.0,False,False,alfabetica,,alfabetica,,./dados/2024_1/horarios_2024_1.xlsx,./dados/2024_1/salas_2024_1.csv,./dados/2024_1/salas_preferenciais_2024.1.xlsx,/Users/robertdrey/Documents/workspace/development/alocador_de_salas,resultados/experimentos/2024_1/hibridas_dia_turno_curso_pares/dia_turno_curso_pares_init180.sol,resultados/experimentos/2024_1/hibridas_dia_turno_curso_pares/dia_turno_curso_pares_init180.csv,resultados/experimentos/2024_1/hibridas_dia_turno_curso_pares/dia_turno_curso_pares_init180.json,dia_turno_curso -> par_cursos,alfabetica,,alfabetica,,180.0,1,180.0,600.0,1,0,CICLO_SEM_MELHORIA,3,,,
1,1,56,dia_turno_curso,4_M_PED,86,23092,71898,OPTIMAL,186249.5,186249.5,False,186249.5,5.26,4.96,600.0,4,M,PED,alfabetica,,1,True,True,CICLO_SEM_MELHORIA,iteracao,hibrida_dia_turno_curso_pares,180.0,180.0,600.0,14400.0,False,False,alfabetica,,alfabetica,,./dados/2024_1/horarios_2024_1.xlsx,./dados/2024_1/salas_2024_1.csv,./dados/2024_1/salas_preferenciais_2024.1.xlsx,/Users/robertdrey/Documents/workspace/development/alocador_de_salas,resultados/experimentos/2024_1/hibridas_dia_turno_curso_pares/dia_turno_curso_pares_init180.sol,resultados/experimentos/2024_1/hibridas_dia_turno_curso_pares/dia_turno_curso_pares_init180.csv,resultados/experimentos/2024_1/hibridas_dia_turno_curso_pares/dia_turno_curso_pares_init180.json,dia_turno_curso -> par_cursos,alfabetica,,alfabetica,,180.0,1,180.0,600.0,1,0,CICLO_SEM_MELHORIA,3,,,
1,1,57,dia_turno_curso,4_T_AGRO,78,19458,75532,OPTIMAL,186249.5,186249.5,False,186249.5,4.6,4.3,600.0,4,T,AGRO,alfabetica,,1,True,True,CICLO_SEM_MELHORIA,iteracao,hibrida_dia_turno_curso_pares,180.0,180.0,600.0,14400.0,False,False,alfabetica,,alfabetica,,./dados/2024_1/horarios_2024_1.xlsx,./dados/2024_1/salas_2024_1.csv,./dados/2024_1/salas_preferenciais_2024.1.xlsx,/Users/robertdrey/Documents/workspace/development/alocador_de_salas,resultados/experimentos/2024_1/hibridas_dia_turno_curso_pares/dia_turno_curso_pares_init180.sol,resultados/experimentos/2024_1/hibridas_dia_turno_curso_pares/dia_turno_curso_pares_init180.csv,resultados/experimentos/2024_1/hibridas_dia_turno_curso_pares/dia_turno_curso_pares_init180.json,dia_turno_curso -> par_cursos,alfabetica,,alfabetica,,180.0,1,180.0,600.0,1,0,CICLO_SEM_MELHORIA,3,,,
1,1,58,dia_turno_curso,4_T_CC,69,19964,75026,OPTIMAL,186249.5,186249.5,False,186249.5,2.45,2.15,600.0,4,T,CC,alfabetica,,1,True,True,CICLO_SEM_MELHORIA,iteracao,hibrida_dia_turno_curso_pares,180.0,180.0,600.0,14400.0,False,False,alfabetica,,alfabetica,,./dados/2024_1/horarios_2024_1.xlsx,./dados/2024_1/salas_2024_1.csv,./dados/2024_1/salas_preferenciais_2024.1.xlsx,/Users/robertdrey/Documents/workspace/development/alocador_de_salas,resultados/experimentos/2024_1/hibridas_dia_turno_curso_pares/dia_turno_curso_pares_init180.sol,resultados/experimentos/2024_1/hibridas_dia_turno_curso_pares/dia_turno_curso_pares_init180.csv,resultados/experimentos/2024_1/hibridas_dia_turno_curso_pares/dia_turno_curso_pares_init180.json,dia_turno_curso -> par_cursos,alfabetica,,alfabetica,,180.0,1,180.0,600.0,1,0,CICLO_SEM_MELHORIA,3,,,
1,1,59,dia_turno_curso,4_T_CS,50,14950,80040,OPTIMAL,186249.5,186249.5,False,186249.5,1.11,0.81,600.0,4,T,CS,alfabetica,,1,True,True,CICLO_SEM_MELHORIA,iteracao,hibrida_dia_turno_curso_pares,180.0,180.0,600.0,14400.0,False,False,alfabetica,,alfabetica,,./dados/2024_1/horarios_2024_1.xlsx,./dados/2024_1/salas_2024_1.csv,./dados/2024_1/salas_preferenciais_2024.1.xlsx,/Users/robertdrey/Documents/workspace/development/alocador_de_salas,resultados/experimentos/2024_1/hibridas_dia_turno_curso_pares/dia_turno_curso_pares_init180.sol,resultados/experimentos/2024_1/hibridas_dia_turno_curso_pares/dia_turno_curso_pares_init180.csv,resultados/experimentos/2024_1/hibridas_dia_turno_curso_pares/dia_turno_curso_pares_init180.json,dia_turno_curso -> par_cursos,alfabetica,,alfabetica,,180.0,1,180.0,600.0,1,0,CICLO_SEM_MELHORIA,3,,,
1,1,60,dia_turno_curso,4_T_EAS,71,17986,77004,OPTIMAL,186249.5,186249.5,False,186249.5,1.4,1.11,600.0,4,T,EAS,alfabetica,,1,True,True,CICLO_SEM_MELHORIA,iteracao,hibrida_dia_turno_curso_pares,180.0,180.0,600.0,14400.0,False,False,alfabetica,,alfabetica,,./dados/2024_1/horarios_2024_1.xlsx,./dados/2024_1/salas_2024_1.csv,./dados/2024_1/salas_preferenciais_2024.1.xlsx,/Users/robertdrey/Documents/workspace/development/alocador_de_salas,resultados/experimentos/2024_1/hibridas_dia_turno_curso_pares/dia_turno_curso_pares_init180.sol,resultados/experimentos/2024_1/hibridas_dia_turno_curso_pares/dia_turno_curso_pares_init180.csv,resultados/experimentos/2024_1/hibridas_dia_turno_curso_pares/dia_turno_curso_pares_init180.json,dia_turno_curso -> par_cursos,alfabetica,,alfabetica,,180.0,1,180.0,600.0,1,0,CICLO_SEM_MELHORIA,3,,,
1,1,61,dia_turno_curso,4_T_ENF,43,16192,78798,OPTIMAL,186249.5,186249.5,False,186249.5,5.09,4.78,600.0,4,T,ENF,alfabetica,,1,True,True,CICLO_SEM_MELHORIA,iteracao,hibrida_dia_turno_curso_pares,180.0,180.0,600.0,14400.0,False,False,alfabetica,,alfabetica,,./dados/2024_1/horarios_2024_1.xlsx,./dados/2024_1/salas_2024_1.csv,./dados/2024_1/salas_preferenciais_2024.1.xlsx,/Users/robertdrey/Documents/workspace/development/alocador_de_salas,resultados/experimentos/2024_1/hibridas_dia_turno_curso_pares/dia_turno_curso_pares_init180.sol,resultados/experimentos/2024_1/hibridas_dia_turno_curso_pares/dia_turno_curso_pares_init180.csv,resultados/experimentos/2024_1/hibridas_dia_turno_curso_pares/dia_turno_curso_pares_init180.json,dia_turno_curso -> par_cursos,alfabetica,,alfabetica,,180.0,1,180.0,600.0,1,0,CICLO_SEM_MELHORIA,3,,,
1,1,62,dia_turno_curso,4_T_LET,60,17618,77372,OPTIMAL,186249.5,186249.5,False,186249.5,4.07,3.76,600.0,4,T,LET,alfabetica,,1,True,True,CICLO_SEM_MELHORIA,iteracao,hibrida_dia_turno_curso_pares,180.0,180.0,600.0,14400.0,False,False,alfabetica,,alfabetica,,./dados/2024_1/horarios_2024_1.xlsx,./dados/2024_1/salas_2024_1.csv,./dados/2024_1/salas_preferenciais_2024.1.xlsx,/Users/robertdrey/Documents/workspace/development/alocador_de_salas,resultados/experimentos/2024_1/hibridas_dia_turno_curso_pares/dia_turno_curso_pares_init180.sol,resultados/experimentos/2024_1/hibridas_dia_turno_curso_pares/dia_turno_curso_pares_init180.csv,resultados/experimentos/2024_1/hibridas_dia_turno_curso_pares/dia_turno_curso_pares_init180.json,dia_turno_curso -> par_cursos,alfabetica,,alfabetica,,180.0,1,180.0,600.0,1,0,CICLO_SEM_MELHORIA,3,,,
1,1,63,dia_turno_curso,4_T_MAT,51,15410,79580,OPTIMAL,186249.5,186239.5,True,186239.5,1.52,1.18,600.0,4,T,MAT,alfabetica,,1,True,True,CICLO_SEM_MELHORIA,iteracao,hibrida_dia_turno_curso_pares,180.0,180.0,600.0,14400.0,False,False,alfabetica,,alfabetica,,./dados/2024_1/horarios_2024_1.xlsx,./dados/2024_1/salas_2024_1.csv,./dados/2024_1/salas_preferenciais_2024.1.xlsx,/Users/robertdrey/Documents/workspace/development/alocador_de_salas,resultados/experimentos/2024_1/hibridas_dia_turno_curso_pares/dia_turno_curso_pares_init180.sol,resultados/experimentos/2024_1/hibridas_dia_turno_curso_pares/dia_turno_curso_pares_init180.csv,resultados/experimentos/2024_1/hibridas_dia_turno_curso_pares/dia_turno_curso_pares_init180.json,dia_turno_curso -> par_cursos,alfabetica,,alfabetica,,180.0,1,180.0,600.0,1,0,CICLO_SEM_MELHORIA,3,,,
1,1,64,dia_turno_curso,4_T_MED,64,18676,76314,OPTIMAL,186239.5,186239.5,False,186239.5,1.82,1.52,600.0,4,T,MED,alfabetica,,1,True,True,CICLO_SEM_MELHORIA,iteracao,hibrida_dia_turno_curso_pares,180.0,180.0,600.0,14400.0,False,False,alfabetica,,alfabetica,,./dados/2024_1/horarios_2024_1.xlsx,./dados/2024_1/salas_2024_1.csv,./dados/2024_1/salas_preferenciais_2024.1.xlsx,/Users/robertdrey/Documents/workspace/development/alocador_de_salas,resultados/experimentos/2024_1/hibridas_dia_turno_curso_pares/dia_turno_curso_pares_init180.sol,resultados/experimentos/2024_1/hibridas_dia_turno_curso_pares/dia_turno_curso_pares_init180.csv,resultados/experimentos/2024_1/hibridas_dia_turno_curso_pares/dia_turno_curso_pares_init180.json,dia_turno_curso -> par_cursos,alfabetica,,alfabetica,,180.0,1,180.0,600.0,1,0,CICLO_SEM_MELHORIA,3,,,
1,1,65,dia_turno_curso,4_N_ADM,85,18262,76728,OPTIMAL,186239.5,186239.5,False,186239.5,4.19,3.89,600.0,4,N,ADM,alfabetica,,1,True,True,CICLO_SEM_MELHORIA,iteracao,hibrida_dia_turno_curso_pares,180.0,180.0,600.0,14400.0,False,False,alfabetica,,alfabetica,,./dados/2024_1/horarios_2024_1.xlsx,./dados/2024_1/salas_2024_1.csv,./dados/2024_1/salas_preferenciais_2024.1.xlsx,/Users/robertdrey/Documents/workspace/development/alocador_de_salas,resultados/experimentos/2024_1/hibridas_dia_turno_curso_pares/dia_turno_curso_pares_init180.sol,resultados/experimentos/2024_1/hibridas_dia_turno_curso_pares/dia_turno_curso_pares_init180.csv,resultados/experimentos/2024_1/hibridas_dia_turno_curso_pares/dia_turno_curso_pares_init180.json,dia_turno_curso -> par_cursos,alfabetica,,alfabetica,,180.0,1,180.0,600.0,1,0,CICLO_SEM_MELHORIA,3,,,
1,1,66,dia_turno_curso,4_N_CC,86,19872,75118,OPTIMAL,186239.5,186239.5,False,186239.5,3.04,2.73,600.0,4,N,CC,alfabetica,,1,True,True,CICLO_SEM_MELHORIA,iteracao,hibrida_dia_turno_curso_pares,180.0,180.0,600.0,14400.0,False,False,alfabetica,,alfabetica,,./dados/2024_1/horarios_2024_1.xlsx,./dados/2024_1/salas_2024_1.csv,./dados/2024_1/salas_preferenciais_2024.1.xlsx,/Users/robertdrey/Documents/workspace/development/alocador_de_salas,resultados/experimentos/2024_1/hibridas_dia_turno_curso_pares/dia_turno_curso_pares_init180.sol,resultados/experimentos/2024_1/hibridas_dia_turno_curso_pares/dia_turno_curso_pares_init180.csv,resultados/experimentos/2024_1/hibridas_dia_turno_curso_pares/dia_turno_curso_pares_init180.json,dia_turno_curso -> par_cursos,alfabetica,,alfabetica,,180.0,1,180.0,600.0,1,0,CICLO_SEM_MELHORIA,3,,,
1,1,67,dia_turno_curso,4_N_CS,60,13294,81696,OPTIMAL,186239.5,186239.5,False,186239.5,1.69,1.38,600.0,4,N,CS,alfabetica,,1,True,True,CICLO_SEM_MELHORIA,iteracao,hibrida_dia_turno_curso_pares,180.0,180.0,600.0,14400.0,False,False,alfabetica,,alfabetica,,./dados/2024_1/horarios_2024_1.xlsx,./dados/2024_1/salas_2024_1.csv,./dados/2024_1/salas_preferenciais_2024.1.xlsx,/Users/robertdrey/Documents/workspace/development/alocador_de_salas,resultados/experimentos/2024_1/hibridas_dia_turno_curso_pares/dia_turno_curso_pares_init180.sol,resultados/experimentos/2024_1/hibridas_dia_turno_curso_pares/dia_turno_curso_pares_init180.csv,resultados/experimentos/2024_1/hibridas_dia_turno_curso_pares/dia_turno_curso_pares_init180.json,dia_turno_curso -> par_cursos,alfabetica,,alfabetica,,180.0,1,180.0,600.0,1,0,CICLO_SEM_MELHORIA,3,,,
1,1,68,dia_turno_curso,4_N_EAS,86,17204,77786,OPTIMAL,186239.5,186239.5,False,186239.5,2.15,1.86,600.0,4,N,EAS,alfabetica,,1,True,True,CICLO_SEM_MELHORIA,iteracao,hibrida_dia_turno_curso_pares,180.0,180.0,600.0,14400.0,False,False,alfabetica,,alfabetica,,./dados/2024_1/horarios_2024_1.xlsx,./dados/2024_1/salas_2024_1.csv,./dados/2024_1/salas_preferenciais_2024.1.xlsx,/Users/robertdrey/Documents/workspace/development/alocador_de_salas,resultados/experimentos/2024_1/hibridas_dia_turno_curso_pares/dia_turno_curso_pares_init180.sol,resultados/experimentos/2024_1/hibridas_dia_turno_curso_pares/dia_turno_curso_pares_init180.csv,resultados/experimentos/2024_1/hibridas_dia_turno_curso_pares/dia_turno_curso_pares_init180.json,dia_turno_curso -> par_cursos,alfabetica,,alfabetica,,180.0,1,180.0,600.0,1,0,CICLO_SEM_MELHORIA,3,,,
1,1,69,dia_turno_curso,4_N_FIL,53,11914,83076,OPTIMAL,186239.5,186239.5,False,186239.5,1.62,1.31,600.0,4,N,FIL,alfabetica,,1,True,True,CICLO_SEM_MELHORIA,iteracao,hibrida_dia_turno_curso_pares,180.0,180.0,600.0,14400.0,False,False,alfabetica,,alfabetica,,./dados/2024_1/horarios_2024_1.xlsx,./dados/2024_1/salas_2024_1.csv,./dados/2024_1/salas_preferenciais_2024.1.xlsx,/Users/robertdrey/Documents/workspace/development/alocador_de_salas,resultados/experimentos/2024_1/hibridas_dia_turno_curso_pares/dia_turno_curso_pares_init180.sol,resultados/experimentos/2024_1/hibridas_dia_turno_curso_pares/dia_turno_curso_pares_init180.csv,resultados/experimentos/2024_1/hibridas_dia_turno_curso_pares/dia_turno_curso_pares_init180.json,dia_turno_curso -> par_cursos,alfabetica,,alfabetica,,180.0,1,180.0,600.0,1,0,CICLO_SEM_MELHORIA,3,,,
1,1,70,dia_turno_curso,4_N_GEO,51,11776,83214,OPTIMAL,186239.5,186239.5,False,186239.5,1.41,1.11,600.0,4,N,GEO,alfabetica,,1,True,True,CICLO_SEM_MELHORIA,iteracao,hibrida_dia_turno_curso_pares,180.0,180.0,600.0,14400.0,False,False,alfabetica,,alfabetica,,./dados/2024_1/horarios_2024_1.xlsx,./dados/2024_1/salas_2024_1.csv,./dados/2024_1/salas_preferenciais_2024.1.xlsx,/Users/robertdrey/Documents/workspace/development/alocador_de_salas,resultados/experimentos/2024_1/hibridas_dia_turno_curso_pares/dia_turno_curso_pares_init180.sol,resultados/experimentos/2024_1/hibridas_dia_turno_curso_pares/dia_turno_curso_pares_init180.csv,resultados/experimentos/2024_1/hibridas_dia_turno_curso_pares/dia_turno_curso_pares_init180.json,dia_turno_curso -> par_cursos,alfabetica,,alfabetica,,180.0,1,180.0,600.0,1,0,CICLO_SEM_MELHORIA,3,,,
1,1,71,dia_turno_curso,4_N_HIS,62,13938,81052,OPTIMAL,186239.5,186239.5,False,186239.5,1.63,1.33,600.0,4,N,HIS,alfabetica,,1,True,True,CICLO_SEM_MELHORIA,iteracao,hibrida_dia_turno_curso_pares,180.0,180.0,600.0,14400.0,False,False,alfabetica,,alfabetica,,./dados/2024_1/horarios_2024_1.xlsx,./dados/2024_1/salas_2024_1.csv,./dados/2024_1/salas_preferenciais_2024.1.xlsx,/Users/robertdrey/Documents/workspace/development/alocador_de_salas,resultados/experimentos/2024_1/hibridas_dia_turno_curso_pares/dia_turno_curso_pares_init180.sol,resultados/experimentos/2024_1/hibridas_dia_turno_curso_pares/dia_turno_curso_pares_init180.csv,resultados/experimentos/2024_1/hibridas_dia_turno_curso_pares/dia_turno_curso_pares_init180.json,dia_turno_curso -> par_cursos,alfabetica,,alfabetica,,180.0,1,180.0,600.0,1,0,CICLO_SEM_MELHORIA,3,,,
1,1,72,dia_turno_curso,4_N_LET,69,16744,78246,TIME_LIMIT,186239.5,186162.0,True,186162.0,600.36,600.03,600.0,4,N,LET,alfabetica,,1,True,True,CICLO_SEM_MELHORIA,iteracao,hibrida_dia_turno_curso_pares,180.0,180.0,600.0,14400.0,False,False,alfabetica,,alfabetica,,./dados/2024_1/horarios_2024_1.xlsx,./dados/2024_1/salas_2024_1.csv,./dados/2024_1/salas_preferenciais_2024.1.xlsx,/Users/robertdrey/Documents/workspace/development/alocador_de_salas,resultados/experimentos/2024_1/hibridas_dia_turno_curso_pares/dia_turno_curso_pares_init180.sol,resultados/experimentos/2024_1/hibridas_dia_turno_curso_pares/dia_turno_curso_pares_init180.csv,resultados/experimentos/2024_1/hibridas_dia_turno_curso_pares/dia_turno_curso_pares_init180.json,dia_turno_curso -> par_cursos,alfabetica,,alfabetica,,180.0,1,180.0,600.0,1,0,CICLO_SEM_MELHORIA,3,,,
1,1,73,dia_turno_curso,4_N_MAT,59,13202,81788,OPTIMAL,186162.0,186162.0,False,186162.0,1.97,1.57,600.0,4,N,MAT,alfabetica,,1,True,True,CICLO_SEM_MELHORIA,iteracao,hibrida_dia_turno_curso_pares,180.0,180.0,600.0,14400.0,False,False,alfabetica,,alfabetica,,./dados/2024_1/horarios_2024_1.xlsx,./dados/2024_1/salas_2024_1.csv,./dados/2024_1/salas_preferenciais_2024.1.xlsx,/Users/robertdrey/Documents/workspace/development/alocador_de_salas,resultados/experimentos/2024_1/hibridas_dia_turno_curso_pares/dia_turno_curso_pares_init180.sol,resultados/experimentos/2024_1/hibridas_dia_turno_curso_pares/dia_turno_curso_pares_init180.csv,resultados/experimentos/2024_1/hibridas_dia_turno_curso_pares/dia_turno_curso_pares_init180.json,dia_turno_curso -> par_cursos,alfabetica,,alfabetica,,180.0,1,180.0,600.0,1,0,CICLO_SEM_MELHORIA,3,,,
1,1,74,dia_turno_curso,4_N_PED,93,21160,73830,OPTIMAL,186162.0,186162.0,False,186162.0,7.97,7.65,600.0,4,N,PED,alfabetica,,1,True,True,CICLO_SEM_MELHORIA,iteracao,hibrida_dia_turno_curso_pares,180.0,180.0,600.0,14400.0,False,False,alfabetica,,alfabetica,,./dados/2024_1/horarios_2024_1.xlsx,./dados/2024_1/salas_2024_1.csv,./dados/2024_1/salas_preferenciais_2024.1.xlsx,/Users/robertdrey/Documents/workspace/development/alocador_de_salas,resultados/experimentos/2024_1/hibridas_dia_turno_curso_pares/dia_turno_curso_pares_init180.sol,resultados/experimentos/2024_1/hibridas_dia_turno_curso_pares/dia_turno_curso_pares_init180.csv,resultados/experimentos/2024_1/hibridas_dia_turno_curso_pares/dia_turno_curso_pares_init180.json,dia_turno_curso -> par_cursos,alfabetica,,alfabetica,,180.0,1,180.0,600.0,1,0,CICLO_SEM_MELHORIA,3,,,
1,1,75,dia_turno_curso,5_M_ADM,80,19734,75256,OPTIMAL,186162.0,186162.0,False,186162.0,2.08,1.77,600.0,5,M,ADM,alfabetica,,1,True,True,CICLO_SEM_MELHORIA,iteracao,hibrida_dia_turno_curso_pares,180.0,180.0,600.0,14400.0,False,False,alfabetica,,alfabetica,,./dados/2024_1/horarios_2024_1.xlsx,./dados/2024_1/salas_2024_1.csv,./dados/2024_1/salas_preferenciais_2024.1.xlsx,/Users/robertdrey/Documents/workspace/development/alocador_de_salas,resultados/experimentos/2024_1/hibridas_dia_turno_curso_pares/dia_turno_curso_pares_init180.sol,resultados/experimentos/2024_1/hibridas_dia_turno_curso_pares/dia_turno_curso_pares_init180.csv,resultados/experimentos/2024_1/hibridas_dia_turno_curso_pares/dia_turno_curso_pares_init180.json,dia_turno_curso -> par_cursos,alfabetica,,alfabetica,,180.0,1,180.0,600.0,1,0,CICLO_SEM_MELHORIA,3,,,
1,1,76,dia_turno_curso,5_M_AGRO,80,18492,76498,OPTIMAL,186162.0,186162.0,False,186162.0,7.52,7.2,600.0,5,M,AGRO,alfabetica,,1,True,True,CICLO_SEM_MELHORIA,iteracao,hibrida_dia_turno_curso_pares,180.0,180.0,600.0,14400.0,False,False,alfabetica,,alfabetica,,./dados/2024_1/horarios_2024_1.xlsx,./dados/2024_1/salas_2024_1.csv,./dados/2024_1/salas_preferenciais_2024.1.xlsx,/Users/robertdrey/Documents/workspace/development/alocador_de_salas,resultados/experimentos/2024_1/hibridas_dia_turno_curso_pares/dia_turno_curso_pares_init180.sol,resultados/experimentos/2024_1/hibridas_dia_turno_curso_pares/dia_turno_curso_pares_init180.csv,resultados/experimentos/2024_1/hibridas_dia_turno_curso_pares/dia_turno_curso_pares_init180.json,dia_turno_curso -> par_cursos,alfabetica,,alfabetica,,180.0,1,180.0,600.0,1,0,CICLO_SEM_MELHORIA,3,,,
1,1,77,dia_turno_curso,5_M_EAS,75,17618,77372,OPTIMAL,186162.0,186162.0,False,186162.0,2.81,2.49,600.0,5,M,EAS,alfabetica,,1,True,True,CICLO_SEM_MELHORIA,iteracao,hibrida_dia_turno_curso_pares,180.0,180.0,600.0,14400.0,False,False,alfabetica,,alfabetica,,./dados/2024_1/horarios_2024_1.xlsx,./dados/2024_1/salas_2024_1.csv,./dados/2024_1/salas_preferenciais_2024.1.xlsx,/Users/robertdrey/Documents/workspace/development/alocador_de_salas,resultados/experimentos/2024_1/hibridas_dia_turno_curso_pares/dia_turno_curso_pares_init180.sol,resultados/experimentos/2024_1/hibridas_dia_turno_curso_pares/dia_turno_curso_pares_init180.csv,resultados/experimentos/2024_1/hibridas_dia_turno_curso_pares/dia_turno_curso_pares_init180.json,dia_turno_curso -> par_cursos,alfabetica,,alfabetica,,180.0,1,180.0,600.0,1,0,CICLO_SEM_MELHORIA,3,,,
1,1,78,dia_turno_curso,5_M_ENF,51,15732,79258,OPTIMAL,186162.0,186162.0,False,186162.0,6.87,6.55,600.0,5,M,ENF,alfabetica,,1,True,True,CICLO_SEM_MELHORIA,iteracao,hibrida_dia_turno_curso_pares,180.0,180.0,600.0,14400.0,False,False,alfabetica,,alfabetica,,./dados/2024_1/horarios_2024_1.xlsx,./dados/2024_1/salas_2024_1.csv,./dados/2024_1/salas_preferenciais_2024.1.xlsx,/Users/robertdrey/Documents/workspace/development/alocador_de_salas,resultados/experimentos/2024_1/hibridas_dia_turno_curso_pares/dia_turno_curso_pares_init180.sol,resultados/experimentos/2024_1/hibridas_dia_turno_curso_pares/dia_turno_curso_pares_init180.csv,resultados/experimentos/2024_1/hibridas_dia_turno_curso_pares/dia_turno_curso_pares_init180.json,dia_turno_curso -> par_cursos,alfabetica,,alfabetica,,180.0,1,180.0,600.0,1,0,CICLO_SEM_MELHORIA,3,,,
1,1,79,dia_turno_curso,5_M_MED,74,19550,75440,OPTIMAL,186162.0,186162.0,False,186162.0,3.52,3.21,600.0,5,M,MED,alfabetica,,1,True,True,CICLO_SEM_MELHORIA,iteracao,hibrida_dia_turno_curso_pares,180.0,180.0,600.0,14400.0,False,False,alfabetica,,alfabetica,,./dados/2024_1/horarios_2024_1.xlsx,./dados/2024_1/salas_2024_1.csv,./dados/2024_1/salas_preferenciais_2024.1.xlsx,/Users/robertdrey/Documents/workspace/development/alocador_de_salas,resultados/experimentos/2024_1/hibridas_dia_turno_curso_pares/dia_turno_curso_pares_init180.sol,resultados/experimentos/2024_1/hibridas_dia_turno_curso_pares/dia_turno_curso_pares_init180.csv,resultados/experimentos/2024_1/hibridas_dia_turno_curso_pares/dia_turno_curso_pares_init180.json,dia_turno_curso -> par_cursos,alfabetica,,alfabetica,,180.0,1,180.0,600.0,1,0,CICLO_SEM_MELHORIA,3,,,
1,1,80,dia_turno_curso,5_M_PED,89,23230,71760,OPTIMAL,186162.0,186162.0,False,186162.0,7.12,6.81,600.0,5,M,PED,alfabetica,,1,True,True,CICLO_SEM_MELHORIA,iteracao,hibrida_dia_turno_curso_pares,180.0,180.0,600.0,14400.0,False,False,alfabetica,,alfabetica,,./dados/2024_1/horarios_2024_1.xlsx,./dados/2024_1/salas_2024_1.csv,./dados/2024_1/salas_preferenciais_2024.1.xlsx,/Users/robertdrey/Documents/workspace/development/alocador_de_salas,resultados/experimentos/2024_1/hibridas_dia_turno_curso_pares/dia_turno_curso_pares_init180.sol,resultados/experimentos/2024_1/hibridas_dia_turno_curso_pares/dia_turno_curso_pares_init180.csv,resultados/experimentos/2024_1/hibridas_dia_turno_curso_pares/dia_turno_curso_pares_init180.json,dia_turno_curso -> par_cursos,alfabetica,,alfabetica,,180.0,1,180.0,600.0,1,0,CICLO_SEM_MELHORIA,3,,,
1,1,81,dia_turno_curso,5_T_AGRO,77,18814,76176,OPTIMAL,186162.0,186162.0,False,186162.0,9.58,9.28,600.0,5,T,AGRO,alfabetica,,1,True,True,CICLO_SEM_MELHORIA,iteracao,hibrida_dia_turno_curso_pares,180.0,180.0,600.0,14400.0,False,False,alfabetica,,alfabetica,,./dados/2024_1/horarios_2024_1.xlsx,./dados/2024_1/salas_2024_1.csv,./dados/2024_1/salas_preferenciais_2024.1.xlsx,/Users/robertdrey/Documents/workspace/development/alocador_de_salas,resultados/experimentos/2024_1/hibridas_dia_turno_curso_pares/dia_turno_curso_pares_init180.sol,resultados/experimentos/2024_1/hibridas_dia_turno_curso_pares/dia_turno_curso_pares_init180.csv,resultados/experimentos/2024_1/hibridas_dia_turno_curso_pares/dia_turno_curso_pares_init180.json,dia_turno_curso -> par_cursos,alfabetica,,alfabetica,,180.0,1,180.0,600.0,1,0,CICLO_SEM_MELHORIA,3,,,
1,1,82,dia_turno_curso,5_T_CC,70,19596,75394,OPTIMAL,186162.0,186162.0,False,186162.0,1.94,1.63,600.0,5,T,CC,alfabetica,,1,True,True,CICLO_SEM_MELHORIA,iteracao,hibrida_dia_turno_curso_pares,180.0,180.0,600.0,14400.0,False,False,alfabetica,,alfabetica,,./dados/2024_1/horarios_2024_1.xlsx,./dados/2024_1/salas_2024_1.csv,./dados/2024_1/salas_preferenciais_2024.1.xlsx,/Users/robertdrey/Documents/workspace/development/alocador_de_salas,resultados/experimentos/2024_1/hibridas_dia_turno_curso_pares/dia_turno_curso_pares_init180.sol,resultados/experimentos/2024_1/hibridas_dia_turno_curso_pares/dia_turno_curso_pares_init180.csv,resultados/experimentos/2024_1/hibridas_dia_turno_curso_pares/dia_turno_curso_pares_init180.json,dia_turno_curso -> par_cursos,alfabetica,,alfabetica,,180.0,1,180.0,600.0,1,0,CICLO_SEM_MELHORIA,3,,,
1,1,83,dia_turno_curso,5_T_EAS,71,17342,77648,OPTIMAL,186162.0,186162.0,False,186162.0,1.8,1.48,600.0,5,T,EAS,alfabetica,,1,True,True,CICLO_SEM_MELHORIA,iteracao,hibrida_dia_turno_curso_pares,180.0,180.0,600.0,14400.0,False,False,alfabetica,,alfabetica,,./dados/2024_1/horarios_2024_1.xlsx,./dados/2024_1/salas_2024_1.csv,./dados/2024_1/salas_preferenciais_2024.1.xlsx,/Users/robertdrey/Documents/workspace/development/alocador_de_salas,resultados/experimentos/2024_1/hibridas_dia_turno_curso_pares/dia_turno_curso_pares_init180.sol,resultados/experimentos/2024_1/hibridas_dia_turno_curso_pares/dia_turno_curso_pares_init180.csv,resultados/experimentos/2024_1/hibridas_dia_turno_curso_pares/dia_turno_curso_pares_init180.json,dia_turno_curso -> par_cursos,alfabetica,,alfabetica,,180.0,1,180.0,600.0,1,0,CICLO_SEM_MELHORIA,3,,,
1,1,84,dia_turno_curso,5_T_ENF,44,14858,80132,OPTIMAL,186162.0,186162.0,False,186162.0,4.93,4.6,600.0,5,T,ENF,alfabetica,,1,True,True,CICLO_SEM_MELHORIA,iteracao,hibrida_dia_turno_curso_pares,180.0,180.0,600.0,14400.0,False,False,alfabetica,,alfabetica,,./dados/2024_1/horarios_2024_1.xlsx,./dados/2024_1/salas_2024_1.csv,./dados/2024_1/salas_preferenciais_2024.1.xlsx,/Users/robertdrey/Documents/workspace/development/alocador_de_salas,resultados/experimentos/2024_1/hibridas_dia_turno_curso_pares/dia_turno_curso_pares_init180.sol,resultados/experimentos/2024_1/hibridas_dia_turno_curso_pares/dia_turno_curso_pares_init180.csv,resultados/experimentos/2024_1/hibridas_dia_turno_curso_pares/dia_turno_curso_pares_init180.json,dia_turno_curso -> par_cursos,alfabetica,,alfabetica,,180.0,1,180.0,600.0,1,0,CICLO_SEM_MELHORIA,3,,,
1,1,85,dia_turno_curso,5_T_GEO,40,12650,82340,OPTIMAL,186162.0,186162.0,False,186162.0,1.06,0.74,600.0,5,T,GEO,alfabetica,,1,True,True,CICLO_SEM_MELHORIA,iteracao,hibrida_dia_turno_curso_pares,180.0,180.0,600.0,14400.0,False,False,alfabetica,,alfabetica,,./dados/2024_1/horarios_2024_1.xlsx,./dados/2024_1/salas_2024_1.csv,./dados/2024_1/salas_preferenciais_2024.1.xlsx,/Users/robertdrey/Documents/workspace/development/alocador_de_salas,resultados/experimentos/2024_1/hibridas_dia_turno_curso_pares/dia_turno_curso_pares_init180.sol,resultados/experimentos/2024_1/hibridas_dia_turno_curso_pares/dia_turno_curso_pares_init180.csv,resultados/experimentos/2024_1/hibridas_dia_turno_curso_pares/dia_turno_curso_pares_init180.json,dia_turno_curso -> par_cursos,alfabetica,,alfabetica,,180.0,1,180.0,600.0,1,0,CICLO_SEM_MELHORIA,3,,,
1,1,86,dia_turno_curso,5_T_LET,65,18722,76268,OPTIMAL,186162.0,186162.0,False,186162.0,3.94,3.62,600.0,5,T,LET,alfabetica,,1,True,True,CICLO_SEM_MELHORIA,iteracao,hibrida_dia_turno_curso_pares,180.0,180.0,600.0,14400.0,False,False,alfabetica,,alfabetica,,./dados/2024_1/horarios_2024_1.xlsx,./dados/2024_1/salas_2024_1.csv,./dados/2024_1/salas_preferenciais_2024.1.xlsx,/Users/robertdrey/Documents/workspace/development/alocador_de_salas,resultados/experimentos/2024_1/hibridas_dia_turno_curso_pares/dia_turno_curso_pares_init180.sol,resultados/experimentos/2024_1/hibridas_dia_turno_curso_pares/dia_turno_curso_pares_init180.csv,resultados/experimentos/2024_1/hibridas_dia_turno_curso_pares/dia_turno_curso_pares_init180.json,dia_turno_curso -> par_cursos,alfabetica,,alfabetica,,180.0,1,180.0,600.0,1,0,CICLO_SEM_MELHORIA,3,,,
1,1,87,dia_turno_curso,5_T_MED,67,19274,75716,OPTIMAL,186162.0,186162.0,False,186162.0,3.14,2.81,600.0,5,T,MED,alfabetica,,1,True,True,CICLO_SEM_MELHORIA,iteracao,hibrida_dia_turno_curso_pares,180.0,180.0,600.0,14400.0,False,False,alfabetica,,alfabetica,,./dados/2024_1/horarios_2024_1.xlsx,./dados/2024_1/salas_2024_1.csv,./dados/2024_1/salas_preferenciais_2024.1.xlsx,/Users/robertdrey/Documents/workspace/development/alocador_de_salas,resultados/experimentos/2024_1/hibridas_dia_turno_curso_pares/dia_turno_curso_pares_init180.sol,resultados/experimentos/2024_1/hibridas_dia_turno_curso_pares/dia_turno_curso_pares_init180.csv,resultados/experimentos/2024_1/hibridas_dia_turno_curso_pares/dia_turno_curso_pares_init180.json,dia_turno_curso -> par_cursos,alfabetica,,alfabetica,,180.0,1,180.0,600.0,1,0,CICLO_SEM_MELHORIA,3,,,
1,1,88,dia_turno_curso,5_N_ADM,83,16652,78338,OPTIMAL,186162.0,186162.0,False,186162.0,2.73,2.43,600.0,5,N,ADM,alfabetica,,1,True,True,CICLO_SEM_MELHORIA,iteracao,hibrida_dia_turno_curso_pares,180.0,180.0,600.0,14400.0,False,False,alfabetica,,alfabetica,,./dados/2024_1/horarios_2024_1.xlsx,./dados/2024_1/salas_2024_1.csv,./dados/2024_1/salas_preferenciais_2024.1.xlsx,/Users/robertdrey/Documents/workspace/development/alocador_de_salas,resultados/experimentos/2024_1/hibridas_dia_turno_curso_pares/dia_turno_curso_pares_init180.sol,resultados/experimentos/2024_1/hibridas_dia_turno_curso_pares/dia_turno_curso_pares_init180.csv,resultados/experimentos/2024_1/hibridas_dia_turno_curso_pares/dia_turno_curso_pares_init180.json,dia_turno_curso -> par_cursos,alfabetica,,alfabetica,,180.0,1,180.0,600.0,1,0,CICLO_SEM_MELHORIA,3,,,
1,1,89,dia_turno_curso,5_N_CC,83,18078,76912,OPTIMAL,186162.0,186162.0,False,186162.0,2.36,2.05,600.0,5,N,CC,alfabetica,,1,True,True,CICLO_SEM_MELHORIA,iteracao,hibrida_dia_turno_curso_pares,180.0,180.0,600.0,14400.0,False,False,alfabetica,,alfabetica,,./dados/2024_1/horarios_2024_1.xlsx,./dados/2024_1/salas_2024_1.csv,./dados/2024_1/salas_preferenciais_2024.1.xlsx,/Users/robertdrey/Documents/workspace/development/alocador_de_salas,resultados/experimentos/2024_1/hibridas_dia_turno_curso_pares/dia_turno_curso_pares_init180.sol,resultados/experimentos/2024_1/hibridas_dia_turno_curso_pares/dia_turno_curso_pares_init180.csv,resultados/experimentos/2024_1/hibridas_dia_turno_curso_pares/dia_turno_curso_pares_init180.json,dia_turno_curso -> par_cursos,alfabetica,,alfabetica,,180.0,1,180.0,600.0,1,0,CICLO_SEM_MELHORIA,3,,,
1,1,90,dia_turno_curso,5_N_CS,57,11914,83076,OPTIMAL,186162.0,186162.0,False,186162.0,1.62,1.3,600.0,5,N,CS,alfabetica,,1,True,True,CICLO_SEM_MELHORIA,iteracao,hibrida_dia_turno_curso_pares,180.0,180.0,600.0,14400.0,False,False,alfabetica,,alfabetica,,./dados/2024_1/horarios_2024_1.xlsx,./dados/2024_1/salas_2024_1.csv,./dados/2024_1/salas_preferenciais_2024.1.xlsx,/Users/robertdrey/Documents/workspace/development/alocador_de_salas,resultados/experimentos/2024_1/hibridas_dia_turno_curso_pares/dia_turno_curso_pares_init180.sol,resultados/experimentos/2024_1/hibridas_dia_turno_curso_pares/dia_turno_curso_pares_init180.csv,resultados/experimentos/2024_1/hibridas_dia_turno_curso_pares/dia_turno_curso_pares_init180.json,dia_turno_curso -> par_cursos,alfabetica,,alfabetica,,180.0,1,180.0,600.0,1,0,CICLO_SEM_MELHORIA,3,,,
1,1,91,dia_turno_curso,5_N_EAS,83,14950,80040,OPTIMAL,186162.0,186162.0,False,186162.0,1.7,1.4,600.0,5,N,EAS,alfabetica,,1,True,True,CICLO_SEM_MELHORIA,iteracao,hibrida_dia_turno_curso_pares,180.0,180.0,600.0,14400.0,False,False,alfabetica,,alfabetica,,./dados/2024_1/horarios_2024_1.xlsx,./dados/2024_1/salas_2024_1.csv,./dados/2024_1/salas_preferenciais_2024.1.xlsx,/Users/robertdrey/Documents/workspace/development/alocador_de_salas,resultados/experimentos/2024_1/hibridas_dia_turno_curso_pares/dia_turno_curso_pares_init180.sol,resultados/experimentos/2024_1/hibridas_dia_turno_curso_pares/dia_turno_curso_pares_init180.csv,resultados/experimentos/2024_1/hibridas_dia_turno_curso_pares/dia_turno_curso_pares_init180.json,dia_turno_curso -> par_cursos,alfabetica,,alfabetica,,180.0,1,180.0,600.0,1,0,CICLO_SEM_MELHORIA,3,,,
1,1,92,dia_turno_curso,5_N_FIL,51,10304,84686,OPTIMAL,186162.0,186162.0,False,186162.0,1.63,1.33,600.0,5,N,FIL,alfabetica,,1,True,True,CICLO_SEM_MELHORIA,iteracao,hibrida_dia_turno_curso_pares,180.0,180.0,600.0,14400.0,False,False,alfabetica,,alfabetica,,./dados/2024_1/horarios_2024_1.xlsx,./dados/2024_1/salas_2024_1.csv,./dados/2024_1/salas_preferenciais_2024.1.xlsx,/Users/robertdrey/Documents/workspace/development/alocador_de_salas,resultados/experimentos/2024_1/hibridas_dia_turno_curso_pares/dia_turno_curso_pares_init180.sol,resultados/experimentos/2024_1/hibridas_dia_turno_curso_pares/dia_turno_curso_pares_init180.csv,resultados/experimentos/2024_1/hibridas_dia_turno_curso_pares/dia_turno_curso_pares_init180.json,dia_turno_curso -> par_cursos,alfabetica,,alfabetica,,180.0,1,180.0,600.0,1,0,CICLO_SEM_MELHORIA,3,,,
1,1,93,dia_turno_curso,5_N_GEO,48,9844,85146,OPTIMAL,186162.0,186162.0,False,186162.0,1.61,1.29,600.0,5,N,GEO,alfabetica,,1,True,True,CICLO_SEM_MELHORIA,iteracao,hibrida_dia_turno_curso_pares,180.0,180.0,600.0,14400.0,False,False,alfabetica,,alfabetica,,./dados/2024_1/horarios_2024_1.xlsx,./dados/2024_1/salas_2024_1.csv,./dados/2024_1/salas_preferenciais_2024.1.xlsx,/Users/robertdrey/Documents/workspace/development/alocador_de_salas,resultados/experimentos/2024_1/hibridas_dia_turno_curso_pares/dia_turno_curso_pares_init180.sol,resultados/experimentos/2024_1/hibridas_dia_turno_curso_pares/dia_turno_curso_pares_init180.csv,resultados/experimentos/2024_1/hibridas_dia_turno_curso_pares/dia_turno_curso_pares_init180.json,dia_turno_curso -> par_cursos,alfabetica,,alfabetica,,180.0,1,180.0,600.0,1,0,CICLO_SEM_MELHORIA,3,,,
1,1,94,dia_turno_curso,5_N_HIS,58,11960,83030,OPTIMAL,186162.0,186162.0,False,186162.0,1.97,1.66,600.0,5,N,HIS,alfabetica,,1,True,True,CICLO_SEM_MELHORIA,iteracao,hibrida_dia_turno_curso_pares,180.0,180.0,600.0,14400.0,False,False,alfabetica,,alfabetica,,./dados/2024_1/horarios_2024_1.xlsx,./dados/2024_1/salas_2024_1.csv,./dados/2024_1/salas_preferenciais_2024.1.xlsx,/Users/robertdrey/Documents/workspace/development/alocador_de_salas,resultados/experimentos/2024_1/hibridas_dia_turno_curso_pares/dia_turno_curso_pares_init180.sol,resultados/experimentos/2024_1/hibridas_dia_turno_curso_pares/dia_turno_curso_pares_init180.csv,resultados/experimentos/2024_1/hibridas_dia_turno_curso_pares/dia_turno_curso_pares_init180.json,dia_turno_curso -> par_cursos,alfabetica,,alfabetica,,180.0,1,180.0,600.0,1,0,CICLO_SEM_MELHORIA,3,,,
1,1,95,dia_turno_curso,5_N_LET,68,15962,79028,OPTIMAL,186162.0,186162.0,False,186162.0,3.31,3.0,600.0,5,N,LET,alfabetica,,1,True,True,CICLO_SEM_MELHORIA,iteracao,hibrida_dia_turno_curso_pares,180.0,180.0,600.0,14400.0,False,False,alfabetica,,alfabetica,,./dados/2024_1/horarios_2024_1.xlsx,./dados/2024_1/salas_2024_1.csv,./dados/2024_1/salas_preferenciais_2024.1.xlsx,/Users/robertdrey/Documents/workspace/development/alocador_de_salas,resultados/experimentos/2024_1/hibridas_dia_turno_curso_pares/dia_turno_curso_pares_init180.sol,resultados/experimentos/2024_1/hibridas_dia_turno_curso_pares/dia_turno_curso_pares_init180.csv,resultados/experimentos/2024_1/hibridas_dia_turno_curso_pares/dia_turno_curso_pares_init180.json,dia_turno_curso -> par_cursos,alfabetica,,alfabetica,,180.0,1,180.0,600.0,1,0,CICLO_SEM_MELHORIA,3,,,
1,1,96,dia_turno_curso,5_N_MAT,58,12328,82662,OPTIMAL,186162.0,186162.0,False,186162.0,2.02,1.7,600.0,5,N,MAT,alfabetica,,1,True,True,CICLO_SEM_MELHORIA,iteracao,hibrida_dia_turno_curso_pares,180.0,180.0,600.0,14400.0,False,False,alfabetica,,alfabetica,,./dados/2024_1/horarios_2024_1.xlsx,./dados/2024_1/salas_2024_1.csv,./dados/2024_1/salas_preferenciais_2024.1.xlsx,/Users/robertdrey/Documents/workspace/development/alocador_de_salas,resultados/experimentos/2024_1/hibridas_dia_turno_curso_pares/dia_turno_curso_pares_init180.sol,resultados/experimentos/2024_1/hibridas_dia_turno_curso_pares/dia_turno_curso_pares_init180.csv,resultados/experimentos/2024_1/hibridas_dia_turno_curso_pares/dia_turno_curso_pares_init180.json,dia_turno_curso -> par_cursos,alfabetica,,alfabetica,,180.0,1,180.0,600.0,1,0,CICLO_SEM_MELHORIA,3,,,
1,1,97,dia_turno_curso,5_N_MED,78,16928,78062,OPTIMAL,186162.0,186162.0,False,186162.0,2.21,1.89,600.0,5,N,MED,alfabetica,,1,True,True,CICLO_SEM_MELHORIA,iteracao,hibrida_dia_turno_curso_pares,180.0,180.0,600.0,14400.0,False,False,alfabetica,,alfabetica,,./dados/2024_1/horarios_2024_1.xlsx,./dados/2024_1/salas_2024_1.csv,./dados/2024_1/salas_preferenciais_2024.1.xlsx,/Users/robertdrey/Documents/workspace/development/alocador_de_salas,resultados/experimentos/2024_1/hibridas_dia_turno_curso_pares/dia_turno_curso_pares_init180.sol,resultados/experimentos/2024_1/hibridas_dia_turno_curso_pares/dia_turno_curso_pares_init180.csv,resultados/experimentos/2024_1/hibridas_dia_turno_curso_pares/dia_turno_curso_pares_init180.json,dia_turno_curso -> par_cursos,alfabetica,,alfabetica,,180.0,1,180.0,600.0,1,0,CICLO_SEM_MELHORIA,3,,,
1,1,98,dia_turno_curso,5_N_PED,90,19780,75210,OPTIMAL,186162.0,186162.0,False,186162.0,6.44,6.14,600.0,5,N,PED,alfabetica,,1,True,True,CICLO_SEM_MELHORIA,iteracao,hibrida_dia_turno_curso_pares,180.0,180.0,600.0,14400.0,False,False,alfabetica,,alfabetica,,./dados/2024_1/horarios_2024_1.xlsx,./dados/2024_1/salas_2024_1.csv,./dados/2024_1/salas_preferenciais_2024.1.xlsx,/Users/robertdrey/Documents/workspace/development/alocador_de_salas,resultados/experimentos/2024_1/hibridas_dia_turno_curso_pares/dia_turno_curso_pares_init180.sol,resultados/experimentos/2024_1/hibridas_dia_turno_curso_pares/dia_turno_curso_pares_init180.csv,resultados/experimentos/2024_1/hibridas_dia_turno_curso_pares/dia_turno_curso_pares_init180.json,dia_turno_curso -> par_cursos,alfabetica,,alfabetica,,180.0,1,180.0,600.0,1,0,CICLO_SEM_MELHORIA,3,,,
1,1,99,dia_turno_curso,6_M_ADM,74,15226,79764,OPTIMAL,186162.0,186146.5,True,186146.5,2.39,2.07,600.0,6,M,ADM,alfabetica,,1,True,True,CICLO_SEM_MELHORIA,iteracao,hibrida_dia_turno_curso_pares,180.0,180.0,600.0,14400.0,False,False,alfabetica,,alfabetica,,./dados/2024_1/horarios_2024_1.xlsx,./dados/2024_1/salas_2024_1.csv,./dados/2024_1/salas_preferenciais_2024.1.xlsx,/Users/robertdrey/Documents/workspace/development/alocador_de_salas,resultados/experimentos/2024_1/hibridas_dia_turno_curso_pares/dia_turno_curso_pares_init180.sol,resultados/experimentos/2024_1/hibridas_dia_turno_curso_pares/dia_turno_curso_pares_init180.csv,resultados/experimentos/2024_1/hibridas_dia_turno_curso_pares/dia_turno_curso_pares_init180.json,dia_turno_curso -> par_cursos,alfabetica,,alfabetica,,180.0,1,180.0,600.0,1,0,CICLO_SEM_MELHORIA,3,,,
1,1,100,dia_turno_curso,6_M_AGRO,76,14168,80822,OPTIMAL,186146.5,186146.5,False,186146.5,4.64,4.31,600.0,6,M,AGRO,alfabetica,,1,True,True,CICLO_SEM_MELHORIA,iteracao,hibrida_dia_turno_curso_pares,180.0,180.0,600.0,14400.0,False,False,alfabetica,,alfabetica,,./dados/2024_1/horarios_2024_1.xlsx,./dados/2024_1/salas_2024_1.csv,./dados/2024_1/salas_preferenciais_2024.1.xlsx,/Users/robertdrey/Documents/workspace/development/alocador_de_salas,resultados/experimentos/2024_1/hibridas_dia_turno_curso_pares/dia_turno_curso_pares_init180.sol,resultados/experimentos/2024_1/hibridas_dia_turno_curso_pares/dia_turno_curso_pares_init180.csv,resultados/experimentos/2024_1/hibridas_dia_turno_curso_pares/dia_turno_curso_pares_init180.json,dia_turno_curso -> par_cursos,alfabetica,,alfabetica,,180.0,1,180.0,600.0,1,0,CICLO_SEM_MELHORIA,3,,,
1,1,101,dia_turno_curso,6_M_EAS,69,13294,81696,OPTIMAL,186146.5,186146.5,False,186146.5,1.9,1.58,600.0,6,M,EAS,alfabetica,,1,True,True,CICLO_SEM_MELHORIA,iteracao,hibrida_dia_turno_curso_pares,180.0,180.0,600.0,14400.0,False,False,alfabetica,,alfabetica,,./dados/2024_1/horarios_2024_1.xlsx,./dados/2024_1/salas_2024_1.csv,./dados/2024_1/salas_preferenciais_2024.1.xlsx,/Users/robertdrey/Documents/workspace/development/alocador_de_salas,resultados/experimentos/2024_1/hibridas_dia_turno_curso_pares/dia_turno_curso_pares_init180.sol,resultados/experimentos/2024_1/hibridas_dia_turno_curso_pares/dia_turno_curso_pares_init180.csv,resultados/experimentos/2024_1/hibridas_dia_turno_curso_pares/dia_turno_curso_pares_init180.json,dia_turno_curso -> par_cursos,alfabetica,,alfabetica,,180.0,1,180.0,600.0,1,0,CICLO_SEM_MELHORIA,3,,,
1,1,102,dia_turno_curso,6_M_MED,69,15778,79212,OPTIMAL,186146.5,186146.5,False,186146.5,2.74,2.43,600.0,6,M,MED,alfabetica,,1,True,True,CICLO_SEM_MELHORIA,iteracao,hibrida_dia_turno_curso_pares,180.0,180.0,600.0,14400.0,False,False,alfabetica,,alfabetica,,./dados/2024_1/horarios_2024_1.xlsx,./dados/2024_1/salas_2024_1.csv,./dados/2024_1/salas_preferenciais_2024.1.xlsx,/Users/robertdrey/Documents/workspace/development/alocador_de_salas,resultados/experimentos/2024_1/hibridas_dia_turno_curso_pares/dia_turno_curso_pares_init180.sol,resultados/experimentos/2024_1/hibridas_dia_turno_curso_pares/dia_turno_curso_pares_init180.csv,resultados/experimentos/2024_1/hibridas_dia_turno_curso_pares/dia_turno_curso_pares_init180.json,dia_turno_curso -> par_cursos,alfabetica,,alfabetica,,180.0,1,180.0,600.0,1,0,CICLO_SEM_MELHORIA,3,,,
1,1,103,dia_turno_curso,6_M_PED,81,18078,76912,OPTIMAL,186146.5,186123.0,True,186123.0,23.12,22.8,600.0,6,M,PED,alfabetica,,1,True,True,CICLO_SEM_MELHORIA,iteracao,hibrida_dia_turno_curso_pares,180.0,180.0,600.0,14400.0,False,False,alfabetica,,alfabetica,,./dados/2024_1/horarios_2024_1.xlsx,./dados/2024_1/salas_2024_1.csv,./dados/2024_1/salas_preferenciais_2024.1.xlsx,/Users/robertdrey/Documents/workspace/development/alocador_de_salas,resultados/experimentos/2024_1/hibridas_dia_turno_curso_pares/dia_turno_curso_pares_init180.sol,resultados/experimentos/2024_1/hibridas_dia_turno_curso_pares/dia_turno_curso_pares_init180.csv,resultados/experimentos/2024_1/hibridas_dia_turno_curso_pares/dia_turno_curso_pares_init180.json,dia_turno_curso -> par_cursos,alfabetica,,alfabetica,,180.0,1,180.0,600.0,1,0,CICLO_SEM_MELHORIA,3,,,
1,1,104,dia_turno_curso,6_T_AGRO,79,20102,74888,OPTIMAL,186123.0,186123.0,False,186123.0,6.75,6.44,600.0,6,T,AGRO,alfabetica,,1,True,True,CICLO_SEM_MELHORIA,iteracao,hibrida_dia_turno_curso_pares,180.0,180.0,600.0,14400.0,False,False,alfabetica,,alfabetica,,./dados/2024_1/horarios_2024_1.xlsx,./dados/2024_1/salas_2024_1.csv,./dados/2024_1/salas_preferenciais_2024.1.xlsx,/Users/robertdrey/Documents/workspace/development/alocador_de_salas,resultados/experimentos/2024_1/hibridas_dia_turno_curso_pares/dia_turno_curso_pares_init180.sol,resultados/experimentos/2024_1/hibridas_dia_turno_curso_pares/dia_turno_curso_pares_init180.csv,resultados/experimentos/2024_1/hibridas_dia_turno_curso_pares/dia_turno_curso_pares_init180.json,dia_turno_curso -> par_cursos,alfabetica,,alfabetica,,180.0,1,180.0,600.0,1,0,CICLO_SEM_MELHORIA,3,,,
1,1,105,dia_turno_curso,6_T_CC,68,20102,74888,OPTIMAL,186123.0,186123.0,False,186123.0,2.08,1.78,600.0,6,T,CC,alfabetica,,1,True,True,CICLO_SEM_MELHORIA,iteracao,hibrida_dia_turno_curso_pares,180.0,180.0,600.0,14400.0,False,False,alfabetica,,alfabetica,,./dados/2024_1/horarios_2024_1.xlsx,./dados/2024_1/salas_2024_1.csv,./dados/2024_1/salas_preferenciais_2024.1.xlsx,/Users/robertdrey/Documents/workspace/development/alocador_de_salas,resultados/experimentos/2024_1/hibridas_dia_turno_curso_pares/dia_turno_curso_pares_init180.sol,resultados/experimentos/2024_1/hibridas_dia_turno_curso_pares/dia_turno_curso_pares_init180.csv,resultados/experimentos/2024_1/hibridas_dia_turno_curso_pares/dia_turno_curso_pares_init180.json,dia_turno_curso -> par_cursos,alfabetica,,alfabetica,,180.0,1,180.0,600.0,1,0,CICLO_SEM_MELHORIA,3,,,
1,1,106,dia_turno_curso,6_T_EAS,71,18124,76866,OPTIMAL,186123.0,186123.0,False,186123.0,1.57,1.25,600.0,6,T,EAS,alfabetica,,1,True,True,CICLO_SEM_MELHORIA,iteracao,hibrida_dia_turno_curso_pares,180.0,180.0,600.0,14400.0,False,False,alfabetica,,alfabetica,,./dados/2024_1/horarios_2024_1.xlsx,./dados/2024_1/salas_2024_1.csv,./dados/2024_1/salas_preferenciais_2024.1.xlsx,/Users/robertdrey/Documents/workspace/development/alocador_de_salas,resultados/experimentos/2024_1/hibridas_dia_turno_curso_pares/dia_turno_curso_pares_init180.sol,resultados/experimentos/2024_1/hibridas_dia_turno_curso_pares/dia_turno_curso_pares_init180.csv,resultados/experimentos/2024_1/hibridas_dia_turno_curso_pares/dia_turno_curso_pares_init180.json,dia_turno_curso -> par_cursos,alfabetica,,alfabetica,,180.0,1,180.0,600.0,1,0,CICLO_SEM_MELHORIA,3,,,
1,1,107,dia_turno_curso,6_T_ENF,43,15364,79626,OPTIMAL,186123.0,186123.0,False,186123.0,6.7,6.38,600.0,6,T,ENF,alfabetica,,1,True,True,CICLO_SEM_MELHORIA,iteracao,hibrida_dia_turno_curso_pares,180.0,180.0,600.0,14400.0,False,False,alfabetica,,alfabetica,,./dados/2024_1/horarios_2024_1.xlsx,./dados/2024_1/salas_2024_1.csv,./dados/2024_1/salas_preferenciais_2024.1.xlsx,/Users/robertdrey/Documents/workspace/development/alocador_de_salas,resultados/experimentos/2024_1/hibridas_dia_turno_curso_pares/dia_turno_curso_pares_init180.sol,resultados/experimentos/2024_1/hibridas_dia_turno_curso_pares/dia_turno_curso_pares_init180.csv,resultados/experimentos/2024_1/hibridas_dia_turno_curso_pares/dia_turno_curso_pares_init180.json,dia_turno_curso -> par_cursos,alfabetica,,alfabetica,,180.0,1,180.0,600.0,1,0,CICLO_SEM_MELHORIA,3,,,
1,1,108,dia_turno_curso,6_T_LET,63,18998,75992,OPTIMAL,186123.0,186055.0,True,186055.0,2.72,2.41,600.0,6,T,LET,alfabetica,,1,True,True,CICLO_SEM_MELHORIA,iteracao,hibrida_dia_turno_curso_pares,180.0,180.0,600.0,14400.0,False,False,alfabetica,,alfabetica,,./dados/2024_1/horarios_2024_1.xlsx,./dados/2024_1/salas_2024_1.csv,./dados/2024_1/salas_preferenciais_2024.1.xlsx,/Users/robertdrey/Documents/workspace/development/alocador_de_salas,resultados/experimentos/2024_1/hibridas_dia_turno_curso_pares/dia_turno_curso_pares_init180.sol,resultados/experimentos/2024_1/hibridas_dia_turno_curso_pares/dia_turno_curso_pares_init180.csv,resultados/experimentos/2024_1/hibridas_dia_turno_curso_pares/dia_turno_curso_pares_init180.json,dia_turno_curso -> par_cursos,alfabetica,,alfabetica,,180.0,1,180.0,600.0,1,0,CICLO_SEM_MELHORIA,3,,,
1,1,109,dia_turno_curso,6_T_MED,64,19274,75716,OPTIMAL,186055.0,186055.0,False,186055.0,2.22,1.9,600.0,6,T,MED,alfabetica,,1,True,True,CICLO_SEM_MELHORIA,iteracao,hibrida_dia_turno_curso_pares,180.0,180.0,600.0,14400.0,False,False,alfabetica,,alfabetica,,./dados/2024_1/horarios_2024_1.xlsx,./dados/2024_1/salas_2024_1.csv,./dados/2024_1/salas_preferenciais_2024.1.xlsx,/Users/robertdrey/Documents/workspace/development/alocador_de_salas,resultados/experimentos/2024_1/hibridas_dia_turno_curso_pares/dia_turno_curso_pares_init180.sol,resultados/experimentos/2024_1/hibridas_dia_turno_curso_pares/dia_turno_curso_pares_init180.csv,resultados/experimentos/2024_1/hibridas_dia_turno_curso_pares/dia_turno_curso_pares_init180.json,dia_turno_curso -> par_cursos,alfabetica,,alfabetica,,180.0,1,180.0,600.0,1,0,CICLO_SEM_MELHORIA,3,,,
1,1,110,dia_turno_curso,6_N_ADM,83,17158,77832,OPTIMAL,186055.0,186055.0,False,186055.0,1.81,1.51,600.0,6,N,ADM,alfabetica,,1,True,True,CICLO_SEM_MELHORIA,iteracao,hibrida_dia_turno_curso_pares,180.0,180.0,600.0,14400.0,False,False,alfabetica,,alfabetica,,./dados/2024_1/horarios_2024_1.xlsx,./dados/2024_1/salas_2024_1.csv,./dados/2024_1/salas_preferenciais_2024.1.xlsx,/Users/robertdrey/Documents/workspace/development/alocador_de_salas,resultados/experimentos/2024_1/hibridas_dia_turno_curso_pares/dia_turno_curso_pares_init180.sol,resultados/experimentos/2024_1/hibridas_dia_turno_curso_pares/dia_turno_curso_pares_init180.csv,resultados/experimentos/2024_1/hibridas_dia_turno_curso_pares/dia_turno_curso_pares_init180.json,dia_turno_curso -> par_cursos,alfabetica,,alfabetica,,180.0,1,180.0,600.0,1,0,CICLO_SEM_MELHORIA,3,,,
1,1,111,dia_turno_curso,6_N_AGRO,89,16422,78568,OPTIMAL,186055.0,186055.0,False,186055.0,4.89,4.58,600.0,6,N,AGRO,alfabetica,,1,True,True,CICLO_SEM_MELHORIA,iteracao,hibrida_dia_turno_curso_pares,180.0,180.0,600.0,14400.0,False,False,alfabetica,,alfabetica,,./dados/2024_1/horarios_2024_1.xlsx,./dados/2024_1/salas_2024_1.csv,./dados/2024_1/salas_preferenciais_2024.1.xlsx,/Users/robertdrey/Documents/workspace/development/alocador_de_salas,resultados/experimentos/2024_1/hibridas_dia_turno_curso_pares/dia_turno_curso_pares_init180.sol,resultados/experimentos/2024_1/hibridas_dia_turno_curso_pares/dia_turno_curso_pares_init180.csv,resultados/experimentos/2024_1/hibridas_dia_turno_curso_pares/dia_turno_curso_pares_init180.json,dia_turno_curso -> par_cursos,alfabetica,,alfabetica,,180.0,1,180.0,600.0,1,0,CICLO_SEM_MELHORIA,3,,,
1,1,112,dia_turno_curso,6_N_CC,82,18400,76590,OPTIMAL,186055.0,186051.0,True,186051.0,46.54,46.23,600.0,6,N,CC,alfabetica,,1,True,True,CICLO_SEM_MELHORIA,iteracao,hibrida_dia_turno_curso_pares,180.0,180.0,600.0,14400.0,False,False,alfabetica,,alfabetica,,./dados/2024_1/horarios_2024_1.xlsx,./dados/2024_1/salas_2024_1.csv,./dados/2024_1/salas_preferenciais_2024.1.xlsx,/Users/robertdrey/Documents/workspace/development/alocador_de_salas,resultados/experimentos/2024_1/hibridas_dia_turno_curso_pares/dia_turno_curso_pares_init180.sol,resultados/experimentos/2024_1/hibridas_dia_turno_curso_pares/dia_turno_curso_pares_init180.csv,resultados/experimentos/2024_1/hibridas_dia_turno_curso_pares/dia_turno_curso_pares_init180.json,dia_turno_curso -> par_cursos,alfabetica,,alfabetica,,180.0,1,180.0,600.0,1,0,CICLO_SEM_MELHORIA,3,,,
1,1,113,dia_turno_curso,6_N_CS,57,12420,82570,OPTIMAL,186051.0,186051.0,False,186051.0,2.06,1.75,600.0,6,N,CS,alfabetica,,1,True,True,CICLO_SEM_MELHORIA,iteracao,hibrida_dia_turno_curso_pares,180.0,180.0,600.0,14400.0,False,False,alfabetica,,alfabetica,,./dados/2024_1/horarios_2024_1.xlsx,./dados/2024_1/salas_2024_1.csv,./dados/2024_1/salas_preferenciais_2024.1.xlsx,/Users/robertdrey/Documents/workspace/development/alocador_de_salas,resultados/experimentos/2024_1/hibridas_dia_turno_curso_pares/dia_turno_curso_pares_init180.sol,resultados/experimentos/2024_1/hibridas_dia_turno_curso_pares/dia_turno_curso_pares_init180.csv,resultados/experimentos/2024_1/hibridas_dia_turno_curso_pares/dia_turno_curso_pares_init180.json,dia_turno_curso -> par_cursos,alfabetica,,alfabetica,,180.0,1,180.0,600.0,1,0,CICLO_SEM_MELHORIA,3,,,
1,1,114,dia_turno_curso,6_N_EAS,83,15456,79534,OPTIMAL,186051.0,186051.0,False,186051.0,2.22,1.92,600.0,6,N,EAS,alfabetica,,1,True,True,CICLO_SEM_MELHORIA,iteracao,hibrida_dia_turno_curso_pares,180.0,180.0,600.0,14400.0,False,False,alfabetica,,alfabetica,,./dados/2024_1/horarios_2024_1.xlsx,./dados/2024_1/salas_2024_1.csv,./dados/2024_1/salas_preferenciais_2024.1.xlsx,/Users/robertdrey/Documents/workspace/development/alocador_de_salas,resultados/experimentos/2024_1/hibridas_dia_turno_curso_pares/dia_turno_curso_pares_init180.sol,resultados/experimentos/2024_1/hibridas_dia_turno_curso_pares/dia_turno_curso_pares_init180.csv,resultados/experimentos/2024_1/hibridas_dia_turno_curso_pares/dia_turno_curso_pares_init180.json,dia_turno_curso -> par_cursos,alfabetica,,alfabetica,,180.0,1,180.0,600.0,1,0,CICLO_SEM_MELHORIA,3,,,
1,1,115,dia_turno_curso,6_N_FIL,51,10810,84180,OPTIMAL,186051.0,185878.5,True,185878.5,2.17,1.86,600.0,6,N,FIL,alfabetica,,1,True,True,CICLO_SEM_MELHORIA,iteracao,hibrida_dia_turno_curso_pares,180.0,180.0,600.0,14400.0,False,False,alfabetica,,alfabetica,,./dados/2024_1/horarios_2024_1.xlsx,./dados/2024_1/salas_2024_1.csv,./dados/2024_1/salas_preferenciais_2024.1.xlsx,/Users/robertdrey/Documents/workspace/development/alocador_de_salas,resultados/experimentos/2024_1/hibridas_dia_turno_curso_pares/dia_turno_curso_pares_init180.sol,resultados/experimentos/2024_1/hibridas_dia_turno_curso_pares/dia_turno_curso_pares_init180.csv,resultados/experimentos/2024_1/hibridas_dia_turno_curso_pares/dia_turno_curso_pares_init180.json,dia_turno_curso -> par_cursos,alfabetica,,alfabetica,,180.0,1,180.0,600.0,1,0,CICLO_SEM_MELHORIA,3,,,
1,1,116,dia_turno_curso,6_N_GEO,47,10304,84686,OPTIMAL,185878.5,185878.5,False,185878.5,1.47,1.15,600.0,6,N,GEO,alfabetica,,1,True,True,CICLO_SEM_MELHORIA,iteracao,hibrida_dia_turno_curso_pares,180.0,180.0,600.0,14400.0,False,False,alfabetica,,alfabetica,,./dados/2024_1/horarios_2024_1.xlsx,./dados/2024_1/salas_2024_1.csv,./dados/2024_1/salas_preferenciais_2024.1.xlsx,/Users/robertdrey/Documents/workspace/development/alocador_de_salas,resultados/experimentos/2024_1/hibridas_dia_turno_curso_pares/dia_turno_curso_pares_init180.sol,resultados/experimentos/2024_1/hibridas_dia_turno_curso_pares/dia_turno_curso_pares_init180.csv,resultados/experimentos/2024_1/hibridas_dia_turno_curso_pares/dia_turno_curso_pares_init180.json,dia_turno_curso -> par_cursos,alfabetica,,alfabetica,,180.0,1,180.0,600.0,1,0,CICLO_SEM_MELHORIA,3,,,
1,1,117,dia_turno_curso,6_N_HIS,59,12650,82340,OPTIMAL,185878.5,185878.5,False,185878.5,1.66,1.35,600.0,6,N,HIS,alfabetica,,1,True,True,CICLO_SEM_MELHORIA,iteracao,hibrida_dia_turno_curso_pares,180.0,180.0,600.0,14400.0,False,False,alfabetica,,alfabetica,,./dados/2024_1/horarios_2024_1.xlsx,./dados/2024_1/salas_2024_1.csv,./dados/2024_1/salas_preferenciais_2024.1.xlsx,/Users/robertdrey/Documents/workspace/development/alocador_de_salas,resultados/experimentos/2024_1/hibridas_dia_turno_curso_pares/dia_turno_curso_pares_init180.sol,resultados/experimentos/2024_1/hibridas_dia_turno_curso_pares/dia_turno_curso_pares_init180.csv,resultados/experimentos/2024_1/hibridas_dia_turno_curso_pares/dia_turno_curso_pares_init180.json,dia_turno_curso -> par_cursos,alfabetica,,alfabetica,,180.0,1,180.0,600.0,1,0,CICLO_SEM_MELHORIA,3,,,
1,1,118,dia_turno_curso,6_N_LET,69,16376,78614,OPTIMAL,185878.5,185514.5,True,185514.5,3.77,3.46,600.0,6,N,LET,alfabetica,,1,True,True,CICLO_SEM_MELHORIA,iteracao,hibrida_dia_turno_curso_pares,180.0,180.0,600.0,14400.0,False,False,alfabetica,,alfabetica,,./dados/2024_1/horarios_2024_1.xlsx,./dados/2024_1/salas_2024_1.csv,./dados/2024_1/salas_preferenciais_2024.1.xlsx,/Users/robertdrey/Documents/workspace/development/alocador_de_salas,resultados/experimentos/2024_1/hibridas_dia_turno_curso_pares/dia_turno_curso_pares_init180.sol,resultados/experimentos/2024_1/hibridas_dia_turno_curso_pares/dia_turno_curso_pares_init180.csv,resultados/experimentos/2024_1/hibridas_dia_turno_curso_pares/dia_turno_curso_pares_init180.json,dia_turno_curso -> par_cursos,alfabetica,,alfabetica,,180.0,1,180.0,600.0,1,0,CICLO_SEM_MELHORIA,3,,,
1,1,119,dia_turno_curso,6_N_MAT,58,12834,82156,OPTIMAL,185514.5,185514.5,False,185514.5,1.9,1.58,600.0,6,N,MAT,alfabetica,,1,True,True,CICLO_SEM_MELHORIA,iteracao,hibrida_dia_turno_curso_pares,180.0,180.0,600.0,14400.0,False,False,alfabetica,,alfabetica,,./dados/2024_1/horarios_2024_1.xlsx,./dados/2024_1/salas_2024_1.csv,./dados/2024_1/salas_preferenciais_2024.1.xlsx,/Users/robertdrey/Documents/workspace/development/alocador_de_salas,resultados/experimentos/2024_1/hibridas_dia_turno_curso_pares/dia_turno_curso_pares_init180.sol,resultados/experimentos/2024_1/hibridas_dia_turno_curso_pares/dia_turno_curso_pares_init180.csv,resultados/experimentos/2024_1/hibridas_dia_turno_curso_pares/dia_turno_curso_pares_init180.json,dia_turno_curso -> par_cursos,alfabetica,,alfabetica,,180.0,1,180.0,600.0,1,0,CICLO_SEM_MELHORIA,3,,,
1,1,120,dia_turno_curso,6_N_PED,89,20286,74704,OPTIMAL,185514.5,185514.5,False,185514.5,20.15,19.82,600.0,6,N,PED,alfabetica,,1,True,True,CICLO_SEM_MELHORIA,iteracao,hibrida_dia_turno_curso_pares,180.0,180.0,600.0,14400.0,False,False,alfabetica,,alfabetica,,./dados/2024_1/horarios_2024_1.xlsx,./dados/2024_1/salas_2024_1.csv,./dados/2024_1/salas_preferenciais_2024.1.xlsx,/Users/robertdrey/Documents/workspace/development/alocador_de_salas,resultados/experimentos/2024_1/hibridas_dia_turno_curso_pares/dia_turno_curso_pares_init180.sol,resultados/experimentos/2024_1/hibridas_dia_turno_curso_pares/dia_turno_curso_pares_init180.csv,resultados/experimentos/2024_1/hibridas_dia_turno_curso_pares/dia_turno_curso_pares_init180.json,dia_turno_curso -> par_cursos,alfabetica,,alfabetica,,180.0,1,180.0,600.0,1,0,CICLO_SEM_MELHORIA,3,,,
1,1,121,dia_turno_curso,7_M_AGRO,68,15870,79120,OPTIMAL,185514.5,185514.5,False,185514.5,4.99,4.68,600.0,7,M,AGRO,alfabetica,,1,True,True,CICLO_SEM_MELHORIA,iteracao,hibrida_dia_turno_curso_pares,180.0,180.0,600.0,14400.0,False,False,alfabetica,,alfabetica,,./dados/2024_1/horarios_2024_1.xlsx,./dados/2024_1/salas_2024_1.csv,./dados/2024_1/salas_preferenciais_2024.1.xlsx,/Users/robertdrey/Documents/workspace/development/alocador_de_salas,resultados/experimentos/2024_1/hibridas_dia_turno_curso_pares/dia_turno_curso_pares_init180.sol,resultados/experimentos/2024_1/hibridas_dia_turno_curso_pares/dia_turno_curso_pares_init180.csv,resultados/experimentos/2024_1/hibridas_dia_turno_curso_pares/dia_turno_curso_pares_init180.json,dia_turno_curso -> par_cursos,alfabetica,,alfabetica,,180.0,1,180.0,600.0,1,0,CICLO_SEM_MELHORIA,3,,,
1,1,122,dia_turno_curso,7_M_CC,63,17480,77510,OPTIMAL,185514.5,185514.5,False,185514.5,2.39,2.07,600.0,7,M,CC,alfabetica,,1,True,True,CICLO_SEM_MELHORIA,iteracao,hibrida_dia_turno_curso_pares,180.0,180.0,600.0,14400.0,False,False,alfabetica,,alfabetica,,./dados/2024_1/horarios_2024_1.xlsx,./dados/2024_1/salas_2024_1.csv,./dados/2024_1/salas_preferenciais_2024.1.xlsx,/Users/robertdrey/Documents/workspace/development/alocador_de_salas,resultados/experimentos/2024_1/hibridas_dia_turno_curso_pares/dia_turno_curso_pares_init180.sol,resultados/experimentos/2024_1/hibridas_dia_turno_curso_pares/dia_turno_curso_pares_init180.csv,resultados/experimentos/2024_1/hibridas_dia_turno_curso_pares/dia_turno_curso_pares_init180.json,dia_turno_curso -> par_cursos,alfabetica,,alfabetica,,180.0,1,180.0,600.0,1,0,CICLO_SEM_MELHORIA,3,,,
1,1,123,dia_turno_curso,7_M_CS,40,12742,82248,OPTIMAL,185514.5,185514.5,False,185514.5,1.16,0.85,600.0,7,M,CS,alfabetica,,1,True,True,CICLO_SEM_MELHORIA,iteracao,hibrida_dia_turno_curso_pares,180.0,180.0,600.0,14400.0,False,False,alfabetica,,alfabetica,,./dados/2024_1/horarios_2024_1.xlsx,./dados/2024_1/salas_2024_1.csv,./dados/2024_1/salas_preferenciais_2024.1.xlsx,/Users/robertdrey/Documents/workspace/development/alocador_de_salas,resultados/experimentos/2024_1/hibridas_dia_turno_curso_pares/dia_turno_curso_pares_init180.sol,resultados/experimentos/2024_1/hibridas_dia_turno_curso_pares/dia_turno_curso_pares_init180.csv,resultados/experimentos/2024_1/hibridas_dia_turno_curso_pares/dia_turno_curso_pares_init180.json,dia_turno_curso -> par_cursos,alfabetica,,alfabetica,,180.0,1,180.0,600.0,1,0,CICLO_SEM_MELHORIA,3,,,
1,1,124,dia_turno_curso,7_M_GEO,28,10258,84732,OPTIMAL,185514.5,185514.5,False,185514.5,0.97,0.65,600.0,7,M,GEO,alfabetica,,1,True,True,CICLO_SEM_MELHORIA,iteracao,hibrida_dia_turno_curso_pares,180.0,180.0,600.0,14400.0,False,False,alfabetica,,alfabetica,,./dados/2024_1/horarios_2024_1.xlsx,./dados/2024_1/salas_2024_1.csv,./dados/2024_1/salas_preferenciais_2024.1.xlsx,/Users/robertdrey/Documents/workspace/development/alocador_de_salas,resultados/experimentos/2024_1/hibridas_dia_turno_curso_pares/dia_turno_curso_pares_init180.sol,resultados/experimentos/2024_1/hibridas_dia_turno_curso_pares/dia_turno_curso_pares_init180.csv,resultados/experimentos/2024_1/hibridas_dia_turno_curso_pares/dia_turno_curso_pares_init180.json,dia_turno_curso -> par_cursos,alfabetica,,alfabetica,,180.0,1,180.0,600.0,1,0,CICLO_SEM_MELHORIA,3,,,
1,1,125,dia_turno_curso,7_M_HIS,41,12420,82570,OPTIMAL,185514.5,185514.5,False,185514.5,1.03,0.71,600.0,7,M,HIS,alfabetica,,1,True,True,CICLO_SEM_MELHORIA,iteracao,hibrida_dia_turno_curso_pares,180.0,180.0,600.0,14400.0,False,False,alfabetica,,alfabetica,,./dados/2024_1/horarios_2024_1.xlsx,./dados/2024_1/salas_2024_1.csv,./dados/2024_1/salas_preferenciais_2024.1.xlsx,/Users/robertdrey/Documents/workspace/development/alocador_de_salas,resultados/experimentos/2024_1/hibridas_dia_turno_curso_pares/dia_turno_curso_pares_init180.sol,resultados/experimentos/2024_1/hibridas_dia_turno_curso_pares/dia_turno_curso_pares_init180.csv,resultados/experimentos/2024_1/hibridas_dia_turno_curso_pares/dia_turno_curso_pares_init180.json,dia_turno_curso -> par_cursos,alfabetica,,alfabetica,,180.0,1,180.0,600.0,1,0,CICLO_SEM_MELHORIA,3,,,
1,1,126,dia_turno_curso,7_M_MAT,40,12604,82386,OPTIMAL,185514.5,185514.5,False,185514.5,1.21,0.87,600.0,7,M,MAT,alfabetica,,1,True,True,CICLO_SEM_MELHORIA,iteracao,hibrida_dia_turno_curso_pares,180.0,180.0,600.0,14400.0,False,False,alfabetica,,alfabetica,,./dados/2024_1/horarios_2024_1.xlsx,./dados/2024_1/salas_2024_1.csv,./dados/2024_1/salas_preferenciais_2024.1.xlsx,/Users/robertdrey/Documents/workspace/development/alocador_de_salas,resultados/experimentos/2024_1/hibridas_dia_turno_curso_pares/dia_turno_curso_pares_init180.sol,resultados/experimentos/2024_1/hibridas_dia_turno_curso_pares/dia_turno_curso_pares_init180.csv,resultados/experimentos/2024_1/hibridas_dia_turno_curso_pares/dia_turno_curso_pares_init180.json,dia_turno_curso -> par_cursos,alfabetica,,alfabetica,,180.0,1,180.0,600.0,1,0,CICLO_SEM_MELHORIA,3,,,
1,1,127,dia_turno_curso,7_M_MED,59,17480,77510,OPTIMAL,185514.5,185514.5,False,185514.5,1.98,1.66,600.0,7,M,MED,alfabetica,,1,True,True,CICLO_SEM_MELHORIA,iteracao,hibrida_dia_turno_curso_pares,180.0,180.0,600.0,14400.0,False,False,alfabetica,,alfabetica,,./dados/2024_1/horarios_2024_1.xlsx,./dados/2024_1/salas_2024_1.csv,./dados/2024_1/salas_preferenciais_2024.1.xlsx,/Users/robertdrey/Documents/workspace/development/alocador_de_salas,resultados/experimentos/2024_1/hibridas_dia_turno_curso_pares/dia_turno_curso_pares_init180.sol,resultados/experimentos/2024_1/hibridas_dia_turno_curso_pares/dia_turno_curso_pares_init180.csv,resultados/experimentos/2024_1/hibridas_dia_turno_curso_pares/dia_turno_curso_pares_init180.json,dia_turno_curso -> par_cursos,alfabetica,,alfabetica,,180.0,1,180.0,600.0,1,0,CICLO_SEM_MELHORIA,3,,,
1,1,128,dia_turno_curso,7_M_PED,68,17572,77418,OPTIMAL,185514.5,185514.5,False,185514.5,21.89,21.57,600.0,7,M,PED,alfabetica,,1,True,True,CICLO_SEM_MELHORIA,iteracao,hibrida_dia_turno_curso_pares,180.0,180.0,600.0,14400.0,False,False,alfabetica,,alfabetica,,./dados/2024_1/horarios_2024_1.xlsx,./dados/2024_1/salas_2024_1.csv,./dados/2024_1/salas_preferenciais_2024.1.xlsx,/Users/robertdrey/Documents/workspace/development/alocador_de_salas,resultados/experimentos/2024_1/hibridas_dia_turno_curso_pares/dia_turno_curso_pares_init180.sol,resultados/experimentos/2024_1/hibridas_dia_turno_curso_pares/dia_turno_curso_pares_init180.csv,resultados/experimentos/2024_1/hibridas_dia_turno_curso_pares/dia_turno_curso_pares_init180.json,dia_turno_curso -> par_cursos,alfabetica,,alfabetica,,180.0,1,180.0,600.0,1,0,CICLO_SEM_MELHORIA,3,,,
1,1,129,dia_turno_curso,7_T_AGRO,58,12144,82846,OPTIMAL,185514.5,185514.5,False,185514.5,4.42,4.1,600.0,7,T,AGRO,alfabetica,,1,True,True,CICLO_SEM_MELHORIA,iteracao,hibrida_dia_turno_curso_pares,180.0,180.0,600.0,14400.0,False,False,alfabetica,,alfabetica,,./dados/2024_1/horarios_2024_1.xlsx,./dados/2024_1/salas_2024_1.csv,./dados/2024_1/salas_preferenciais_2024.1.xlsx,/Users/robertdrey/Documents/workspace/development/alocador_de_salas,resultados/experimentos/2024_1/hibridas_dia_turno_curso_pares/dia_turno_curso_pares_init180.sol,resultados/experimentos/2024_1/hibridas_dia_turno_curso_pares/dia_turno_curso_pares_init180.csv,resultados/experimentos/2024_1/hibridas_dia_turno_curso_pares/dia_turno_curso_pares_init180.json,dia_turno_curso -> par_cursos,alfabetica,,alfabetica,,180.0,1,180.0,600.0,1,0,CICLO_SEM_MELHORIA,3,,,
1,1,130,dia_turno_curso,7_T_CC,53,13754,81236,OPTIMAL,185514.5,185514.5,False,185514.5,2.81,2.47,600.0,7,T,CC,alfabetica,,1,True,True,CICLO_SEM_MELHORIA,iteracao,hibrida_dia_turno_curso_pares,180.0,180.0,600.0,14400.0,False,False,alfabetica,,alfabetica,,./dados/2024_1/horarios_2024_1.xlsx,./dados/2024_1/salas_2024_1.csv,./dados/2024_1/salas_preferenciais_2024.1.xlsx,/Users/robertdrey/Documents/workspace/development/alocador_de_salas,resultados/experimentos/2024_1/hibridas_dia_turno_curso_pares/dia_turno_curso_pares_init180.sol,resultados/experimentos/2024_1/hibridas_dia_turno_curso_pares/dia_turno_curso_pares_init180.csv,resultados/experimentos/2024_1/hibridas_dia_turno_curso_pares/dia_turno_curso_pares_init180.json,dia_turno_curso -> par_cursos,alfabetica,,alfabetica,,180.0,1,180.0,600.0,1,0,CICLO_SEM_MELHORIA,3,,,
1,1,131,dia_turno_curso,7_T_HIS,32,9246,85744,OPTIMAL,185514.5,185514.5,False,185514.5,0.85,0.51,600.0,7,T,HIS,alfabetica,,1,True,True,CICLO_SEM_MELHORIA,iteracao,hibrida_dia_turno_curso_pares,180.0,180.0,600.0,14400.0,False,False,alfabetica,,alfabetica,,./dados/2024_1/horarios_2024_1.xlsx,./dados/2024_1/salas_2024_1.csv,./dados/2024_1/salas_preferenciais_2024.1.xlsx,/Users/robertdrey/Documents/workspace/development/alocador_de_salas,resultados/experimentos/2024_1/hibridas_dia_turno_curso_pares/dia_turno_curso_pares_init180.sol,resultados/experimentos/2024_1/hibridas_dia_turno_curso_pares/dia_turno_curso_pares_init180.csv,resultados/experimentos/2024_1/hibridas_dia_turno_curso_pares/dia_turno_curso_pares_init180.json,dia_turno_curso -> par_cursos,alfabetica,,alfabetica,,180.0,1,180.0,600.0,1,0,CICLO_SEM_MELHORIA,3,,,
1,1,132,dia_turno_curso,7_T_PED,62,15640,79350,OPTIMAL,185514.5,185514.5,False,185514.5,27.83,27.51,600.0,7,T,PED,alfabetica,,1,True,True,CICLO_SEM_MELHORIA,iteracao,hibrida_dia_turno_curso_pares,180.0,180.0,600.0,14400.0,False,False,alfabetica,,alfabetica,,./dados/2024_1/horarios_2024_1.xlsx,./dados/2024_1/salas_2024_1.csv,./dados/2024_1/salas_preferenciais_2024.1.xlsx,/Users/robertdrey/Documents/workspace/development/alocador_de_salas,resultados/experimentos/2024_1/hibridas_dia_turno_curso_pares/dia_turno_curso_pares_init180.sol,resultados/experimentos/2024_1/hibridas_dia_turno_curso_pares/dia_turno_curso_pares_init180.csv,resultados/experimentos/2024_1/hibridas_dia_turno_curso_pares/dia_turno_curso_pares_init180.json,dia_turno_curso -> par_cursos,alfabetica,,alfabetica,,180.0,1,180.0,600.0,1,0,CICLO_SEM_MELHORIA,3,,,
1,1,133,dia_turno_curso,7_N_AGRO,53,10028,84962,OPTIMAL,185514.5,185514.5,False,185514.5,3.29,2.98,600.0,7,N,AGRO,alfabetica,,1,True,True,CICLO_SEM_MELHORIA,iteracao,hibrida_dia_turno_curso_pares,180.0,180.0,600.0,14400.0,False,False,alfabetica,,alfabetica,,./dados/2024_1/horarios_2024_1.xlsx,./dados/2024_1/salas_2024_1.csv,./dados/2024_1/salas_preferenciais_2024.1.xlsx,/Users/robertdrey/Documents/workspace/development/alocador_de_salas,resultados/experimentos/2024_1/hibridas_dia_turno_curso_pares/dia_turno_curso_pares_init180.sol,resultados/experimentos/2024_1/hibridas_dia_turno_curso_pares/dia_turno_curso_pares_init180.csv,resultados/experimentos/2024_1/hibridas_dia_turno_curso_pares/dia_turno_curso_pares_init180.json,dia_turno_curso -> par_cursos,alfabetica,,alfabetica,,180.0,1,180.0,600.0,1,0,CICLO_SEM_MELHORIA,3,,,
1,1,134,dia_turno_curso,7_N_HIS,26,6532,88458,OPTIMAL,185514.5,185514.5,False,185514.5,0.74,0.4,600.0,7,N,HIS,alfabetica,,1,True,True,CICLO_SEM_MELHORIA,iteracao,hibrida_dia_turno_curso_pares,180.0,180.0,600.0,14400.0,False,False,alfabetica,,alfabetica,,./dados/2024_1/horarios_2024_1.xlsx,./dados/2024_1/salas_2024_1.csv,./dados/2024_1/salas_preferenciais_2024.1.xlsx,/Users/robertdrey/Documents/workspace/development/alocador_de_salas,resultados/experimentos/2024_1/hibridas_dia_turno_curso_pares/dia_turno_curso_pares_init180.sol,resultados/experimentos/2024_1/hibridas_dia_turno_curso_pares/dia_turno_curso_pares_init180.csv,resultados/experimentos/2024_1/hibridas_dia_turno_curso_pares/dia_turno_curso_pares_init180.json,dia_turno_curso -> par_cursos,alfabetica,,alfabetica,,180.0,1,180.0,600.0,1,0,CICLO_SEM_MELHORIA,3,,,
1,1,135,dia_turno_curso,7_N_PED,58,14168,80822,OPTIMAL,185514.5,185514.5,False,185514.5,21.22,20.9,600.0,7,N,PED,alfabetica,,1,True,True,CICLO_SEM_MELHORIA,iteracao,hibrida_dia_turno_curso_pares,180.0,180.0,600.0,14400.0,False,False,alfabetica,,alfabetica,,./dados/2024_1/horarios_2024_1.xlsx,./dados/2024_1/salas_2024_1.csv,./dados/2024_1/salas_preferenciais_2024.1.xlsx,/Users/robertdrey/Documents/workspace/development/alocador_de_salas,resultados/experimentos/2024_1/hibridas_dia_turno_curso_pares/dia_turno_curso_pares_init180.sol,resultados/experimentos/2024_1/hibridas_dia_turno_curso_pares/dia_turno_curso_pares_init180.csv,resultados/experimentos/2024_1/hibridas_dia_turno_curso_pares/dia_turno_curso_pares_init180.json,dia_turno_curso -> par_cursos,alfabetica,,alfabetica,,180.0,1,180.0,600.0,1,0,CICLO_SEM_MELHORIA,3,,,
1,2,1,par_cursos,ADM+AGRO,99,18032,76958,OPTIMAL,185514.5,185514.5,False,185514.5,6.22,5.92,600.0,,,,alfabetica,,2,True,True,CICLO_SEM_MELHORIA,iteracao,hibrida_dia_turno_curso_pares,180.0,180.0,600.0,14400.0,False,False,alfabetica,,alfabetica,,./dados/2024_1/horarios_2024_1.xlsx,./dados/2024_1/salas_2024_1.csv,./dados/2024_1/salas_preferenciais_2024.1.xlsx,/Users/robertdrey/Documents/workspace/development/alocador_de_salas,resultados/experimentos/2024_1/hibridas_dia_turno_curso_pares/dia_turno_curso_pares_init180.sol,resultados/experimentos/2024_1/hibridas_dia_turno_curso_pares/dia_turno_curso_pares_init180.csv,resultados/experimentos/2024_1/hibridas_dia_turno_curso_pares/dia_turno_curso_pares_init180.json,dia_turno_curso -> par_cursos,alfabetica,,alfabetica,,180.0,1,180.0,600.0,1,0,CICLO_SEM_MELHORIA,3,ADM,AGRO,1
1,2,2,par_cursos,ADM+CC,95,19826,75164,OPTIMAL,185514.5,185514.5,False,185514.5,22.69,22.37,600.0,,,,alfabetica,,2,True,True,CICLO_SEM_MELHORIA,iteracao,hibrida_dia_turno_curso_pares,180.0,180.0,600.0,14400.0,False,False,alfabetica,,alfabetica,,./dados/2024_1/horarios_2024_1.xlsx,./dados/2024_1/salas_2024_1.csv,./dados/2024_1/salas_preferenciais_2024.1.xlsx,/Users/robertdrey/Documents/workspace/development/alocador_de_salas,resultados/experimentos/2024_1/hibridas_dia_turno_curso_pares/dia_turno_curso_pares_init180.sol,resultados/experimentos/2024_1/hibridas_dia_turno_curso_pares/dia_turno_curso_pares_init180.csv,resultados/experimentos/2024_1/hibridas_dia_turno_curso_pares/dia_turno_curso_pares_init180.json,dia_turno_curso -> par_cursos,alfabetica,,alfabetica,,180.0,1,180.0,600.0,1,0,CICLO_SEM_MELHORIA,3,ADM,CC,2
1,2,3,par_cursos,ADM+CS,70,13846,81144,OPTIMAL,185514.5,185514.5,False,185514.5,1.08,0.77,600.0,,,,alfabetica,,2,True,True,CICLO_SEM_MELHORIA,iteracao,hibrida_dia_turno_curso_pares,180.0,180.0,600.0,14400.0,False,False,alfabetica,,alfabetica,,./dados/2024_1/horarios_2024_1.xlsx,./dados/2024_1/salas_2024_1.csv,./dados/2024_1/salas_preferenciais_2024.1.xlsx,/Users/robertdrey/Documents/workspace/development/alocador_de_salas,resultados/experimentos/2024_1/hibridas_dia_turno_curso_pares/dia_turno_curso_pares_init180.sol,resultados/experimentos/2024_1/hibridas_dia_turno_curso_pares/dia_turno_curso_pares_init180.csv,resultados/experimentos/2024_1/hibridas_dia_turno_curso_pares/dia_turno_curso_pares_init180.json,dia_turno_curso -> par_cursos,alfabetica,,alfabetica,,180.0,1,180.0,600.0,1,0,CICLO_SEM_MELHORIA,3,ADM,CS,3
1,2,4,par_cursos,ADM+EAS,93,16744,78246,OPTIMAL,185514.5,185514.5,False,185514.5,1.36,1.05,600.0,,,,alfabetica,,2,True,True,CICLO_SEM_MELHORIA,iteracao,hibrida_dia_turno_curso_pares,180.0,180.0,600.0,14400.0,False,False,alfabetica,,alfabetica,,./dados/2024_1/horarios_2024_1.xlsx,./dados/2024_1/salas_2024_1.csv,./dados/2024_1/salas_preferenciais_2024.1.xlsx,/Users/robertdrey/Documents/workspace/development/alocador_de_salas,resultados/experimentos/2024_1/hibridas_dia_turno_curso_pares/dia_turno_curso_pares_init180.sol,resultados/experimentos/2024_1/hibridas_dia_turno_curso_pares/dia_turno_curso_pares_init180.csv,resultados/experimentos/2024_1/hibridas_dia_turno_curso_pares/dia_turno_curso_pares_init180.json,dia_turno_curso -> par_cursos,alfabetica,,alfabetica,,180.0,1,180.0,600.0,1,0,CICLO_SEM_MELHORIA,3,ADM,EAS,4
1,2,5,par_cursos,ADM+ENF,66,17802,77188,OPTIMAL,185514.5,185514.5,False,185514.5,9.34,9.01,600.0,,,,alfabetica,,2,True,True,CICLO_SEM_MELHORIA,iteracao,hibrida_dia_turno_curso_pares,180.0,180.0,600.0,14400.0,False,False,alfabetica,,alfabetica,,./dados/2024_1/horarios_2024_1.xlsx,./dados/2024_1/salas_2024_1.csv,./dados/2024_1/salas_preferenciais_2024.1.xlsx,/Users/robertdrey/Documents/workspace/development/alocador_de_salas,resultados/experimentos/2024_1/hibridas_dia_turno_curso_pares/dia_turno_curso_pares_init180.sol,resultados/experimentos/2024_1/hibridas_dia_turno_curso_pares/dia_turno_curso_pares_init180.csv,resultados/experimentos/2024_1/hibridas_dia_turno_curso_pares/dia_turno_curso_pares_init180.json,dia_turno_curso -> par_cursos,alfabetica,,alfabetica,,180.0,1,180.0,600.0,1,0,CICLO_SEM_MELHORIA,3,ADM,ENF,5
1,2,6,par_cursos,ADM+FIL,63,12052,82938,OPTIMAL,185514.5,185514.5,False,185514.5,0.93,0.61,600.0,,,,alfabetica,,2,True,True,CICLO_SEM_MELHORIA,iteracao,hibrida_dia_turno_curso_pares,180.0,180.0,600.0,14400.0,False,False,alfabetica,,alfabetica,,./dados/2024_1/horarios_2024_1.xlsx,./dados/2024_1/salas_2024_1.csv,./dados/2024_1/salas_preferenciais_2024.1.xlsx,/Users/robertdrey/Documents/workspace/development/alocador_de_salas,resultados/experimentos/2024_1/hibridas_dia_turno_curso_pares/dia_turno_curso_pares_init180.sol,resultados/experimentos/2024_1/hibridas_dia_turno_curso_pares/dia_turno_curso_pares_init180.csv,resultados/experimentos/2024_1/hibridas_dia_turno_curso_pares/dia_turno_curso_pares_init180.json,dia_turno_curso -> par_cursos,alfabetica,,alfabetica,,180.0,1,180.0,600.0,1,0,CICLO_SEM_MELHORIA,3,ADM,FIL,6
1,2,7,par_cursos,ADM+GEO,58,11362,83628,OPTIMAL,185514.5,185499.0,True,185499.0,0.96,0.63,600.0,,,,alfabetica,,2,True,True,CICLO_SEM_MELHORIA,iteracao,hibrida_dia_turno_curso_pares,180.0,180.0,600.0,14400.0,False,False,alfabetica,,alfabetica,,./dados/2024_1/horarios_2024_1.xlsx,./dados/2024_1/salas_2024_1.csv,./dados/2024_1/salas_preferenciais_2024.1.xlsx,/Users/robertdrey/Documents/workspace/development/alocador_de_salas,resultados/experimentos/2024_1/hibridas_dia_turno_curso_pares/dia_turno_curso_pares_init180.sol,resultados/experimentos/2024_1/hibridas_dia_turno_curso_pares/dia_turno_curso_pares_init180.csv,resultados/experimentos/2024_1/hibridas_dia_turno_curso_pares/dia_turno_curso_pares_init180.json,dia_turno_curso -> par_cursos,alfabetica,,alfabetica,,180.0,1,180.0,600.0,1,0,CICLO_SEM_MELHORIA,3,ADM,GEO,7
1,2,8,par_cursos,ADM+HIS,72,14076,80914,OPTIMAL,185499.0,185499.0,False,185499.0,1.2,0.86,600.0,,,,alfabetica,,2,True,True,CICLO_SEM_MELHORIA,iteracao,hibrida_dia_turno_curso_pares,180.0,180.0,600.0,14400.0,False,False,alfabetica,,alfabetica,,./dados/2024_1/horarios_2024_1.xlsx,./dados/2024_1/salas_2024_1.csv,./dados/2024_1/salas_preferenciais_2024.1.xlsx,/Users/robertdrey/Documents/workspace/development/alocador_de_salas,resultados/experimentos/2024_1/hibridas_dia_turno_curso_pares/dia_turno_curso_pares_init180.sol,resultados/experimentos/2024_1/hibridas_dia_turno_curso_pares/dia_turno_curso_pares_init180.csv,resultados/experimentos/2024_1/hibridas_dia_turno_curso_pares/dia_turno_curso_pares_init180.json,dia_turno_curso -> par_cursos,alfabetica,,alfabetica,,180.0,1,180.0,600.0,1,0,CICLO_SEM_MELHORIA,3,ADM,HIS,8
1,2,9,par_cursos,ADM+LET,84,18446,76544,OPTIMAL,185499.0,185499.0,False,185499.0,2.62,2.32,600.0,,,,alfabetica,,2,True,True,CICLO_SEM_MELHORIA,iteracao,hibrida_dia_turno_curso_pares,180.0,180.0,600.0,14400.0,False,False,alfabetica,,alfabetica,,./dados/2024_1/horarios_2024_1.xlsx,./dados/2024_1/salas_2024_1.csv,./dados/2024_1/salas_preferenciais_2024.1.xlsx,/Users/robertdrey/Documents/workspace/development/alocador_de_salas,resultados/experimentos/2024_1/hibridas_dia_turno_curso_pares/dia_turno_curso_pares_init180.sol,resultados/experimentos/2024_1/hibridas_dia_turno_curso_pares/dia_turno_curso_pares_init180.csv,resultados/experimentos/2024_1/hibridas_dia_turno_curso_pares/dia_turno_curso_pares_init180.json,dia_turno_curso -> par_cursos,alfabetica,,alfabetica,,180.0,1,180.0,600.0,1,0,CICLO_SEM_MELHORIA,3,ADM,LET,9
1,2,10,par_cursos,ADM+MAT,71,14260,80730,OPTIMAL,185499.0,185499.0,False,185499.0,1.19,0.87,600.0,,,,alfabetica,,2,True,True,CICLO_SEM_MELHORIA,iteracao,hibrida_dia_turno_curso_pares,180.0,180.0,600.0,14400.0,False,False,alfabetica,,alfabetica,,./dados/2024_1/horarios_2024_1.xlsx,./dados/2024_1/salas_2024_1.csv,./dados/2024_1/salas_preferenciais_2024.1.xlsx,/Users/robertdrey/Documents/workspace/development/alocador_de_salas,resultados/experimentos/2024_1/hibridas_dia_turno_curso_pares/dia_turno_curso_pares_init180.sol,resultados/experimentos/2024_1/hibridas_dia_turno_curso_pares/dia_turno_curso_pares_init180.csv,resultados/experimentos/2024_1/hibridas_dia_turno_curso_pares/dia_turno_curso_pares_init180.json,dia_turno_curso -> par_cursos,alfabetica,,alfabetica,,180.0,1,180.0,600.0,1,0,CICLO_SEM_MELHORIA,3,ADM,MAT,10
1,2,11,par_cursos,ADM+MED,89,18676,76314,OPTIMAL,185499.0,185499.0,False,185499.0,2.07,1.75,600.0,,,,alfabetica,,2,True,True,CICLO_SEM_MELHORIA,iteracao,hibrida_dia_turno_curso_pares,180.0,180.0,600.0,14400.0,False,False,alfabetica,,alfabetica,,./dados/2024_1/horarios_2024_1.xlsx,./dados/2024_1/salas_2024_1.csv,./dados/2024_1/salas_preferenciais_2024.1.xlsx,/Users/robertdrey/Documents/workspace/development/alocador_de_salas,resultados/experimentos/2024_1/hibridas_dia_turno_curso_pares/dia_turno_curso_pares_init180.sol,resultados/experimentos/2024_1/hibridas_dia_turno_curso_pares/dia_turno_curso_pares_init180.csv,resultados/experimentos/2024_1/hibridas_dia_turno_curso_pares/dia_turno_curso_pares_init180.json,dia_turno_curso -> par_cursos,alfabetica,,alfabetica,,180.0,1,180.0,600.0,1,0,CICLO_SEM_MELHORIA,3,ADM,MED,11
1,2,12,par_cursos,ADM+PED,104,22080,72910,TIME_LIMIT,185499.0,185499.0,False,185499.0,600.52,600.16,600.0,,,,alfabetica,,2,True,True,CICLO_SEM_MELHORIA,iteracao,hibrida_dia_turno_curso_pares,180.0,180.0,600.0,14400.0,False,False,alfabetica,,alfabetica,,./dados/2024_1/horarios_2024_1.xlsx,./dados/2024_1/salas_2024_1.csv,./dados/2024_1/salas_preferenciais_2024.1.xlsx,/Users/robertdrey/Documents/workspace/development/alocador_de_salas,resultados/experimentos/2024_1/hibridas_dia_turno_curso_pares/dia_turno_curso_pares_init180.sol,resultados/experimentos/2024_1/hibridas_dia_turno_curso_pares/dia_turno_curso_pares_init180.csv,resultados/experimentos/2024_1/hibridas_dia_turno_curso_pares/dia_turno_curso_pares_init180.json,dia_turno_curso -> par_cursos,alfabetica,,alfabetica,,180.0,1,180.0,600.0,1,0,CICLO_SEM_MELHORIA,3,ADM,PED,12
1,2,13,par_cursos,AGRO+CC,98,19274,75716,OPTIMAL,185499.0,185499.0,False,185499.0,77.77,77.4,600.0,,,,alfabetica,,2,True,True,CICLO_SEM_MELHORIA,iteracao,hibrida_dia_turno_curso_pares,180.0,180.0,600.0,14400.0,False,False,alfabetica,,alfabetica,,./dados/2024_1/horarios_2024_1.xlsx,./dados/2024_1/salas_2024_1.csv,./dados/2024_1/salas_preferenciais_2024.1.xlsx,/Users/robertdrey/Documents/workspace/development/alocador_de_salas,resultados/experimentos/2024_1/hibridas_dia_turno_curso_pares/dia_turno_curso_pares_init180.sol,resultados/experimentos/2024_1/hibridas_dia_turno_curso_pares/dia_turno_curso_pares_init180.csv,resultados/experimentos/2024_1/hibridas_dia_turno_curso_pares/dia_turno_curso_pares_init180.json,dia_turno_curso -> par_cursos,alfabetica,,alfabetica,,180.0,1,180.0,600.0,1,0,CICLO_SEM_MELHORIA,3,AGRO,CC,13
1,2,14,par_cursos,AGRO+CS,73,13294,81696,OPTIMAL,185499.0,185494.0,True,185494.0,5.24,4.93,600.0,,,,alfabetica,,2,True,True,CICLO_SEM_MELHORIA,iteracao,hibrida_dia_turno_curso_pares,180.0,180.0,600.0,14400.0,False,False,alfabetica,,alfabetica,,./dados/2024_1/horarios_2024_1.xlsx,./dados/2024_1/salas_2024_1.csv,./dados/2024_1/salas_preferenciais_2024.1.xlsx,/Users/robertdrey/Documents/workspace/development/alocador_de_salas,resultados/experimentos/2024_1/hibridas_dia_turno_curso_pares/dia_turno_curso_pares_init180.sol,resultados/experimentos/2024_1/hibridas_dia_turno_curso_pares/dia_turno_curso_pares_init180.csv,resultados/experimentos/2024_1/hibridas_dia_turno_curso_pares/dia_turno_curso_pares_init180.json,dia_turno_curso -> par_cursos,alfabetica,,alfabetica,,180.0,1,180.0,600.0,1,0,CICLO_SEM_MELHORIA,3,AGRO,CS,14
1,2,15,par_cursos,AGRO+EAS,96,16192,78798,OPTIMAL,185494.0,185494.0,False,185494.0,9.88,9.56,600.0,,,,alfabetica,,2,True,True,CICLO_SEM_MELHORIA,iteracao,hibrida_dia_turno_curso_pares,180.0,180.0,600.0,14400.0,False,False,alfabetica,,alfabetica,,./dados/2024_1/horarios_2024_1.xlsx,./dados/2024_1/salas_2024_1.csv,./dados/2024_1/salas_preferenciais_2024.1.xlsx,/Users/robertdrey/Documents/workspace/development/alocador_de_salas,resultados/experimentos/2024_1/hibridas_dia_turno_curso_pares/dia_turno_curso_pares_init180.sol,resultados/experimentos/2024_1/hibridas_dia_turno_curso_pares/dia_turno_curso_pares_init180.csv,resultados/experimentos/2024_1/hibridas_dia_turno_curso_pares/dia_turno_curso_pares_init180.json,dia_turno_curso -> par_cursos,alfabetica,,alfabetica,,180.0,1,180.0,600.0,1,0,CICLO_SEM_MELHORIA,3,AGRO,EAS,15
1,2,16,par_cursos,AGRO+ENF,69,17250,77740,OPTIMAL,185494.0,185462.0,True,185462.0,149.96,149.65,600.0,,,,alfabetica,,2,True,True,CICLO_SEM_MELHORIA,iteracao,hibrida_dia_turno_curso_pares,180.0,180.0,600.0,14400.0,False,False,alfabetica,,alfabetica,,./dados/2024_1/horarios_2024_1.xlsx,./dados/2024_1/salas_2024_1.csv,./dados/2024_1/salas_preferenciais_2024.1.xlsx,/Users/robertdrey/Documents/workspace/development/alocador_de_salas,resultados/experimentos/2024_1/hibridas_dia_turno_curso_pares/dia_turno_curso_pares_init180.sol,resultados/experimentos/2024_1/hibridas_dia_turno_curso_pares/dia_turno_curso_pares_init180.csv,resultados/experimentos/2024_1/hibridas_dia_turno_curso_pares/dia_turno_curso_pares_init180.json,dia_turno_curso -> par_cursos,alfabetica,,alfabetica,,180.0,1,180.0,600.0,1,0,CICLO_SEM_MELHORIA,3,AGRO,ENF,16
1,2,17,par_cursos,AGRO+FIL,66,11500,83490,OPTIMAL,185462.0,185462.0,False,185462.0,3.76,3.45,600.0,,,,alfabetica,,2,True,True,CICLO_SEM_MELHORIA,iteracao,hibrida_dia_turno_curso_pares,180.0,180.0,600.0,14400.0,False,False,alfabetica,,alfabetica,,./dados/2024_1/horarios_2024_1.xlsx,./dados/2024_1/salas_2024_1.csv,./dados/2024_1/salas_preferenciais_2024.1.xlsx,/Users/robertdrey/Documents/workspace/development/alocador_de_salas,resultados/experimentos/2024_1/hibridas_dia_turno_curso_pares/dia_turno_curso_pares_init180.sol,resultados/experimentos/2024_1/hibridas_dia_turno_curso_pares/dia_turno_curso_pares_init180.csv,resultados/experimentos/2024_1/hibridas_dia_turno_curso_pares/dia_turno_curso_pares_init180.json,dia_turno_curso -> par_cursos,alfabetica,,alfabetica,,180.0,1,180.0,600.0,1,0,CICLO_SEM_MELHORIA,3,AGRO,FIL,17
1,2,18,par_cursos,AGRO+GEO,61,10810,84180,OPTIMAL,185462.0,185462.0,False,185462.0,4.49,4.15,600.0,,,,alfabetica,,2,True,True,CICLO_SEM_MELHORIA,iteracao,hibrida_dia_turno_curso_pares,180.0,180.0,600.0,14400.0,False,False,alfabetica,,alfabetica,,./dados/2024_1/horarios_2024_1.xlsx,./dados/2024_1/salas_2024_1.csv,./dados/2024_1/salas_preferenciais_2024.1.xlsx,/Users/robertdrey/Documents/workspace/development/alocador_de_salas,resultados/experimentos/2024_1/hibridas_dia_turno_curso_pares/dia_turno_curso_pares_init180.sol,resultados/experimentos/2024_1/hibridas_dia_turno_curso_pares/dia_turno_curso_pares_init180.csv,resultados/experimentos/2024_1/hibridas_dia_turno_curso_pares/dia_turno_curso_pares_init180.json,dia_turno_curso -> par_cursos,alfabetica,,alfabetica,,180.0,1,180.0,600.0,1,0,CICLO_SEM_MELHORIA,3,AGRO,GEO,18
1,2,19,par_cursos,AGRO+HIS,75,13524,81466,OPTIMAL,185462.0,185462.0,False,185462.0,4.91,4.58,600.0,,,,alfabetica,,2,True,True,CICLO_SEM_MELHORIA,iteracao,hibrida_dia_turno_curso_pares,180.0,180.0,600.0,14400.0,False,False,alfabetica,,alfabetica,,./dados/2024_1/horarios_2024_1.xlsx,./dados/2024_1/salas_2024_1.csv,./dados/2024_1/salas_preferenciais_2024.1.xlsx,/Users/robertdrey/Documents/workspace/development/alocador_de_salas,resultados/experimentos/2024_1/hibridas_dia_turno_curso_pares/dia_turno_curso_pares_init180.sol,resultados/experimentos/2024_1/hibridas_dia_turno_curso_pares/dia_turno_curso_pares_init180.csv,resultados/experimentos/2024_1/hibridas_dia_turno_curso_pares/dia_turno_curso_pares_init180.json,dia_turno_curso -> par_cursos,alfabetica,,alfabetica,,180.0,1,180.0,600.0,1,0,CICLO_SEM_MELHORIA,3,AGRO,HIS,19
1,2,20,par_cursos,AGRO+LET,87,17894,77096,OPTIMAL,185462.0,185462.0,False,185462.0,6.33,6.0,600.0,,,,alfabetica,,2,True,True,CICLO_SEM_MELHORIA,iteracao,hibrida_dia_turno_curso_pares,180.0,180.0,600.0,14400.0,False,False,alfabetica,,alfabetica,,./dados/2024_1/horarios_2024_1.xlsx,./dados/2024_1/salas_2024_1.csv,./dados/2024_1/salas_preferenciais_2024.1.xlsx,/Users/robertdrey/Documents/workspace/development/alocador_de_salas,resultados/experimentos/2024_1/hibridas_dia_turno_curso_pares/dia_turno_curso_pares_init180.sol,resultados/experimentos/2024_1/hibridas_dia_turno_curso_pares/dia_turno_curso_pares_init180.csv,resultados/experimentos/2024_1/hibridas_dia_turno_curso_pares/dia_turno_curso_pares_init180.json,dia_turno_curso -> par_cursos,alfabetica,,alfabetica,,180.0,1,180.0,600.0,1,0,CICLO_SEM_MELHORIA,3,AGRO,LET,20
1,2,21,par_cursos,AGRO+MAT,74,13708,81282,OPTIMAL,185462.0,185462.0,False,185462.0,4.45,4.13,600.0,,,,alfabetica,,2,True,True,CICLO_SEM_MELHORIA,iteracao,hibrida_dia_turno_curso_pares,180.0,180.0,600.0,14400.0,False,False,alfabetica,,alfabetica,,./dados/2024_1/horarios_2024_1.xlsx,./dados/2024_1/salas_2024_1.csv,./dados/2024_1/salas_preferenciais_2024.1.xlsx,/Users/robertdrey/Documents/workspace/development/alocador_de_salas,resultados/experimentos/2024_1/hibridas_dia_turno_curso_pares/dia_turno_curso_pares_init180.sol,resultados/experimentos/2024_1/hibridas_dia_turno_curso_pares/dia_turno_curso_pares_init180.csv,resultados/experimentos/2024_1/hibridas_dia_turno_curso_pares/dia_turno_curso_pares_init180.json,dia_turno_curso -> par_cursos,alfabetica,,alfabetica,,180.0,1,180.0,600.0,1,0,CICLO_SEM_MELHORIA,3,AGRO,MAT,21
1,2,22,par_cursos,AGRO+MED,92,18124,76866,TIME_LIMIT,185462.0,185444.0,True,185444.0,600.42,600.09,600.0,,,,alfabetica,,2,True,True,CICLO_SEM_MELHORIA,iteracao,hibrida_dia_turno_curso_pares,180.0,180.0,600.0,14400.0,False,False,alfabetica,,alfabetica,,./dados/2024_1/horarios_2024_1.xlsx,./dados/2024_1/salas_2024_1.csv,./dados/2024_1/salas_preferenciais_2024.1.xlsx,/Users/robertdrey/Documents/workspace/development/alocador_de_salas,resultados/experimentos/2024_1/hibridas_dia_turno_curso_pares/dia_turno_curso_pares_init180.sol,resultados/experimentos/2024_1/hibridas_dia_turno_curso_pares/dia_turno_curso_pares_init180.csv,resultados/experimentos/2024_1/hibridas_dia_turno_curso_pares/dia_turno_curso_pares_init180.json,dia_turno_curso -> par_cursos,alfabetica,,alfabetica,,180.0,1,180.0,600.0,1,0,CICLO_SEM_MELHORIA,3,AGRO,MED,22
1,2,23,par_cursos,AGRO+PED,107,21528,73462,OPTIMAL,185444.0,185444.0,False,185444.0,57.31,56.99,600.0,,,,alfabetica,,2,True,True,CICLO_SEM_MELHORIA,iteracao,hibrida_dia_turno_curso_pares,180.0,180.0,600.0,14400.0,False,False,alfabetica,,alfabetica,,./dados/2024_1/horarios_2024_1.xlsx,./dados/2024_1/salas_2024_1.csv,./dados/2024_1/salas_preferenciais_2024.1.xlsx,/Users/robertdrey/Documents/workspace/development/alocador_de_salas,resultados/experimentos/2024_1/hibridas_dia_turno_curso_pares/dia_turno_curso_pares_init180.sol,resultados/experimentos/2024_1/hibridas_dia_turno_curso_pares/dia_turno_curso_pares_init180.csv,resultados/experimentos/2024_1/hibridas_dia_turno_curso_pares/dia_turno_curso_pares_init180.json,dia_turno_curso -> par_cursos,alfabetica,,alfabetica,,180.0,1,180.0,600.0,1,0,CICLO_SEM_MELHORIA,3,AGRO,PED,23
1,2,24,par_cursos,CC+CS,69,15088,79902,OPTIMAL,185444.0,185439.0,True,185439.0,15.99,15.67,600.0,,,,alfabetica,,2,True,True,CICLO_SEM_MELHORIA,iteracao,hibrida_dia_turno_curso_pares,180.0,180.0,600.0,14400.0,False,False,alfabetica,,alfabetica,,./dados/2024_1/horarios_2024_1.xlsx,./dados/2024_1/salas_2024_1.csv,./dados/2024_1/salas_preferenciais_2024.1.xlsx,/Users/robertdrey/Documents/workspace/development/alocador_de_salas,resultados/experimentos/2024_1/hibridas_dia_turno_curso_pares/dia_turno_curso_pares_init180.sol,resultados/experimentos/2024_1/hibridas_dia_turno_curso_pares/dia_turno_curso_pares_init180.csv,resultados/experimentos/2024_1/hibridas_dia_turno_curso_pares/dia_turno_curso_pares_init180.json,dia_turno_curso -> par_cursos,alfabetica,,alfabetica,,180.0,1,180.0,600.0,1,0,CICLO_SEM_MELHORIA,3,CC,CS,24
1,2,25,par_cursos,CC+EAS,92,17986,77004,OPTIMAL,185439.0,185439.0,False,185439.0,4.19,3.88,600.0,,,,alfabetica,,2,True,True,CICLO_SEM_MELHORIA,iteracao,hibrida_dia_turno_curso_pares,180.0,180.0,600.0,14400.0,False,False,alfabetica,,alfabetica,,./dados/2024_1/horarios_2024_1.xlsx,./dados/2024_1/salas_2024_1.csv,./dados/2024_1/salas_preferenciais_2024.1.xlsx,/Users/robertdrey/Documents/workspace/development/alocador_de_salas,resultados/experimentos/2024_1/hibridas_dia_turno_curso_pares/dia_turno_curso_pares_init180.sol,resultados/experimentos/2024_1/hibridas_dia_turno_curso_pares/dia_turno_curso_pares_init180.csv,resultados/experimentos/2024_1/hibridas_dia_turno_curso_pares/dia_turno_curso_pares_init180.json,dia_turno_curso -> par_cursos,alfabetica,,alfabetica,,180.0,1,180.0,600.0,1,0,CICLO_SEM_MELHORIA,3,CC,EAS,25
1,2,26,par_cursos,CC+ENF,65,19044,75946,OPTIMAL,185439.0,185439.0,False,185439.0,144.82,144.49,600.0,,,,alfabetica,,2,True,True,CICLO_SEM_MELHORIA,iteracao,hibrida_dia_turno_curso_pares,180.0,180.0,600.0,14400.0,False,False,alfabetica,,alfabetica,,./dados/2024_1/horarios_2024_1.xlsx,./dados/2024_1/salas_2024_1.csv,./dados/2024_1/salas_preferenciais_2024.1.xlsx,/Users/robertdrey/Documents/workspace/development/alocador_de_salas,resultados/experimentos/2024_1/hibridas_dia_turno_curso_pares/dia_turno_curso_pares_init180.sol,resultados/experimentos/2024_1/hibridas_dia_turno_curso_pares/dia_turno_curso_pares_init180.csv,resultados/experimentos/2024_1/hibridas_dia_turno_curso_pares/dia_turno_curso_pares_init180.json,dia_turno_curso -> par_cursos,alfabetica,,alfabetica,,180.0,1,180.0,600.0,1,0,CICLO_SEM_MELHORIA,3,CC,ENF,26
1,2,27,par_cursos,CC+FIL,62,13294,81696,OPTIMAL,185439.0,185439.0,False,185439.0,3.59,3.26,600.0,,,,alfabetica,,2,True,True,CICLO_SEM_MELHORIA,iteracao,hibrida_dia_turno_curso_pares,180.0,180.0,600.0,14400.0,False,False,alfabetica,,alfabetica,,./dados/2024_1/horarios_2024_1.xlsx,./dados/2024_1/salas_2024_1.csv,./dados/2024_1/salas_preferenciais_2024.1.xlsx,/Users/robertdrey/Documents/workspace/development/alocador_de_salas,resultados/experimentos/2024_1/hibridas_dia_turno_curso_pares/dia_turno_curso_pares_init180.sol,resultados/experimentos/2024_1/hibridas_dia_turno_curso_pares/dia_turno_curso_pares_init180.csv,resultados/experimentos/2024_1/hibridas_dia_turno_curso_pares/dia_turno_curso_pares_init180.json,dia_turno_curso -> par_cursos,alfabetica,,alfabetica,,180.0,1,180.0,600.0,1,0,CICLO_SEM_MELHORIA,3,CC,FIL,27
1,2,28,par_cursos,CC+GEO,57,12604,82386,OPTIMAL,185439.0,185439.0,False,185439.0,2.04,1.7,600.0,,,,alfabetica,,2,True,True,CICLO_SEM_MELHORIA,iteracao,hibrida_dia_turno_curso_pares,180.0,180.0,600.0,14400.0,False,False,alfabetica,,alfabetica,,./dados/2024_1/horarios_2024_1.xlsx,./dados/2024_1/salas_2024_1.csv,./dados/2024_1/salas_preferenciais_2024.1.xlsx,/Users/robertdrey/Documents/workspace/development/alocador_de_salas,resultados/experimentos/2024_1/hibridas_dia_turno_curso_pares/dia_turno_curso_pares_init180.sol,resultados/experimentos/2024_1/hibridas_dia_turno_curso_pares/dia_turno_curso_pares_init180.csv,resultados/experimentos/2024_1/hibridas_dia_turno_curso_pares/dia_turno_curso_pares_init180.json,dia_turno_curso -> par_cursos,alfabetica,,alfabetica,,180.0,1,180.0,600.0,1,0,CICLO_SEM_MELHORIA,3,CC,GEO,28
1,2,29,par_cursos,CC+HIS,71,15318,79672,OPTIMAL,185439.0,185439.0,False,185439.0,13.33,13.01,600.0,,,,alfabetica,,2,True,True,CICLO_SEM_MELHORIA,iteracao,hibrida_dia_turno_curso_pares,180.0,180.0,600.0,14400.0,False,False,alfabetica,,alfabetica,,./dados/2024_1/horarios_2024_1.xlsx,./dados/2024_1/salas_2024_1.csv,./dados/2024_1/salas_preferenciais_2024.1.xlsx,/Users/robertdrey/Documents/workspace/development/alocador_de_salas,resultados/experimentos/2024_1/hibridas_dia_turno_curso_pares/dia_turno_curso_pares_init180.sol,resultados/experimentos/2024_1/hibridas_dia_turno_curso_pares/dia_turno_curso_pares_init180.csv,resultados/experimentos/2024_1/hibridas_dia_turno_curso_pares/dia_turno_curso_pares_init180.json,dia_turno_curso -> par_cursos,alfabetica,,alfabetica,,180.0,1,180.0,600.0,1,0,CICLO_SEM_MELHORIA,3,CC,HIS,29
1,2,30,par_cursos,CC+LET,83,19688,75302,OPTIMAL,185439.0,185439.0,False,185439.0,47.52,47.22,600.0,,,,alfabetica,,2,True,True,CICLO_SEM_MELHORIA,iteracao,hibrida_dia_turno_curso_pares,180.0,180.0,600.0,14400.0,False,False,alfabetica,,alfabetica,,./dados/2024_1/horarios_2024_1.xlsx,./dados/2024_1/salas_2024_1.csv,./dados/2024_1/salas_preferenciais_2024.1.xlsx,/Users/robertdrey/Documents/workspace/development/alocador_de_salas,resultados/experimentos/2024_1/hibridas_dia_turno_curso_pares/dia_turno_curso_pares_init180.sol,resultados/experimentos/2024_1/hibridas_dia_turno_curso_pares/dia_turno_curso_pares_init180.csv,resultados/experimentos/2024_1/hibridas_dia_turno_curso_pares/dia_turno_curso_pares_init180.json,dia_turno_curso -> par_cursos,alfabetica,,alfabetica,,180.0,1,180.0,600.0,1,0,CICLO_SEM_MELHORIA,3,CC,LET,30
1,2,31,par_cursos,CC+MAT,70,15502,79488,OPTIMAL,185439.0,185439.0,False,185439.0,18.57,18.25,600.0,,,,alfabetica,,2,True,True,CICLO_SEM_MELHORIA,iteracao,hibrida_dia_turno_curso_pares,180.0,180.0,600.0,14400.0,False,False,alfabetica,,alfabetica,,./dados/2024_1/horarios_2024_1.xlsx,./dados/2024_1/salas_2024_1.csv,./dados/2024_1/salas_preferenciais_2024.1.xlsx,/Users/robertdrey/Documents/workspace/development/alocador_de_salas,resultados/experimentos/2024_1/hibridas_dia_turno_curso_pares/dia_turno_curso_pares_init180.sol,resultados/experimentos/2024_1/hibridas_dia_turno_curso_pares/dia_turno_curso_pares_init180.csv,resultados/experimentos/2024_1/hibridas_dia_turno_curso_pares/dia_turno_curso_pares_init180.json,dia_turno_curso -> par_cursos,alfabetica,,alfabetica,,180.0,1,180.0,600.0,1,0,CICLO_SEM_MELHORIA,3,CC,MAT,31
1,2,32,par_cursos,CC+MED,88,19918,75072,OPTIMAL,185439.0,185439.0,False,185439.0,6.59,6.28,600.0,,,,alfabetica,,2,True,True,CICLO_SEM_MELHORIA,iteracao,hibrida_dia_turno_curso_pares,180.0,180.0,600.0,14400.0,False,False,alfabetica,,alfabetica,,./dados/2024_1/horarios_2024_1.xlsx,./dados/2024_1/salas_2024_1.csv,./dados/2024_1/salas_preferenciais_2024.1.xlsx,/Users/robertdrey/Documents/workspace/development/alocador_de_salas,resultados/experimentos/2024_1/hibridas_dia_turno_curso_pares/dia_turno_curso_pares_init180.sol,resultados/experimentos/2024_1/hibridas_dia_turno_curso_pares/dia_turno_curso_pares_init180.csv,resultados/experimentos/2024_1/hibridas_dia_turno_curso_pares/dia_turno_curso_pares_init180.json,dia_turno_curso -> par_cursos,alfabetica,,alfabetica,,180.0,1,180.0,600.0,1,0,CICLO_SEM_MELHORIA,3,CC,MED,32
1,2,33,par_cursos,CC+PED,103,23322,71668,OPTIMAL,185439.0,185439.0,False,185439.0,110.35,110.05,600.0,,,,alfabetica,,2,True,True,CICLO_SEM_MELHORIA,iteracao,hibrida_dia_turno_curso_pares,180.0,180.0,600.0,14400.0,False,False,alfabetica,,alfabetica,,./dados/2024_1/horarios_2024_1.xlsx,./dados/2024_1/salas_2024_1.csv,./dados/2024_1/salas_preferenciais_2024.1.xlsx,/Users/robertdrey/Documents/workspace/development/alocador_de_salas,resultados/experimentos/2024_1/hibridas_dia_turno_curso_pares/dia_turno_curso_pares_init180.sol,resultados/experimentos/2024_1/hibridas_dia_turno_curso_pares/dia_turno_curso_pares_init180.csv,resultados/experimentos/2024_1/hibridas_dia_turno_curso_pares/dia_turno_curso_pares_init180.json,dia_turno_curso -> par_cursos,alfabetica,,alfabetica,,180.0,1,180.0,600.0,1,0,CICLO_SEM_MELHORIA,3,CC,PED,33
1,2,34,par_cursos,CS+EAS,67,12006,82984,OPTIMAL,185439.0,185439.0,False,185439.0,0.89,0.59,600.0,,,,alfabetica,,2,True,True,CICLO_SEM_MELHORIA,iteracao,hibrida_dia_turno_curso_pares,180.0,180.0,600.0,14400.0,False,False,alfabetica,,alfabetica,,./dados/2024_1/horarios_2024_1.xlsx,./dados/2024_1/salas_2024_1.csv,./dados/2024_1/salas_preferenciais_2024.1.xlsx,/Users/robertdrey/Documents/workspace/development/alocador_de_salas,resultados/experimentos/2024_1/hibridas_dia_turno_curso_pares/dia_turno_curso_pares_init180.sol,resultados/experimentos/2024_1/hibridas_dia_turno_curso_pares/dia_turno_curso_pares_init180.csv,resultados/experimentos/2024_1/hibridas_dia_turno_curso_pares/dia_turno_curso_pares_init180.json,dia_turno_curso -> par_cursos,alfabetica,,alfabetica,,180.0,1,180.0,600.0,1,0,CICLO_SEM_MELHORIA,3,CS,EAS,34
1,2,35,par_cursos,CS+ENF,40,13064,81926,OPTIMAL,185439.0,185439.0,False,185439.0,2.38,2.07,600.0,,,,alfabetica,,2,True,True,CICLO_SEM_MELHORIA,iteracao,hibrida_dia_turno_curso_pares,180.0,180.0,600.0,14400.0,False,False,alfabetica,,alfabetica,,./dados/2024_1/horarios_2024_1.xlsx,./dados/2024_1/salas_2024_1.csv,./dados/2024_1/salas_preferenciais_2024.1.xlsx,/Users/robertdrey/Documents/workspace/development/alocador_de_salas,resultados/experimentos/2024_1/hibridas_dia_turno_curso_pares/dia_turno_curso_pares_init180.sol,resultados/experimentos/2024_1/hibridas_dia_turno_curso_pares/dia_turno_curso_pares_init180.csv,resultados/experimentos/2024_1/hibridas_dia_turno_curso_pares/dia_turno_curso_pares_init180.json,dia_turno_curso -> par_cursos,alfabetica,,alfabetica,,180.0,1,180.0,600.0,1,0,CICLO_SEM_MELHORIA,3,CS,ENF,35
1,2,36,par_cursos,CS+FIL,37,7314,87676,OPTIMAL,185439.0,185439.0,False,185439.0,0.69,0.37,600.0,,,,alfabetica,,2,True,True,CICLO_SEM_MELHORIA,iteracao,hibrida_dia_turno_curso_pares,180.0,180.0,600.0,14400.0,False,False,alfabetica,,alfabetica,,./dados/2024_1/horarios_2024_1.xlsx,./dados/2024_1/salas_2024_1.csv,./dados/2024_1/salas_preferenciais_2024.1.xlsx,/Users/robertdrey/Documents/workspace/development/alocador_de_salas,resultados/experimentos/2024_1/hibridas_dia_turno_curso_pares/dia_turno_curso_pares_init180.sol,resultados/experimentos/2024_1/hibridas_dia_turno_curso_pares/dia_turno_curso_pares_init180.csv,resultados/experimentos/2024_1/hibridas_dia_turno_curso_pares/dia_turno_curso_pares_init180.json,dia_turno_curso -> par_cursos,alfabetica,,alfabetica,,180.0,1,180.0,600.0,1,0,CICLO_SEM_MELHORIA,3,CS,FIL,36
1,2,37,par_cursos,CS+GEO,32,6624,88366,OPTIMAL,185439.0,185439.0,False,185439.0,0.64,0.33,600.0,,,,alfabetica,,2,True,True,CICLO_SEM_MELHORIA,iteracao,hibrida_dia_turno_curso_pares,180.0,180.0,600.0,14400.0,False,False,alfabetica,,alfabetica,,./dados/2024_1/horarios_2024_1.xlsx,./dados/2024_1/salas_2024_1.csv,./dados/2024_1/salas_preferenciais_2024.1.xlsx,/Users/robertdrey/Documents/workspace/development/alocador_de_salas,resultados/experimentos/2024_1/hibridas_dia_turno_curso_pares/dia_turno_curso_pares_init180.sol,resultados/experimentos/2024_1/hibridas_dia_turno_curso_pares/dia_turno_curso_pares_init180.csv,resultados/experimentos/2024_1/hibridas_dia_turno_curso_pares/dia_turno_curso_pares_init180.json,dia_turno_curso -> par_cursos,alfabetica,,alfabetica,,180.0,1,180.0,600.0,1,0,CICLO_SEM_MELHORIA,3,CS,GEO,37
1,2,38,par_cursos,CS+HIS,46,9338,85652,OPTIMAL,185439.0,185439.0,False,185439.0,1.1,0.8,600.0,,,,alfabetica,,2,True,True,CICLO_SEM_MELHORIA,iteracao,hibrida_dia_turno_curso_pares,180.0,180.0,600.0,14400.0,False,False,alfabetica,,alfabetica,,./dados/2024_1/horarios_2024_1.xlsx,./dados/2024_1/salas_2024_1.csv,./dados/2024_1/salas_preferenciais_2024.1.xlsx,/Users/robertdrey/Documents/workspace/development/alocador_de_salas,resultados/experimentos/2024_1/hibridas_dia_turno_curso_pares/dia_turno_curso_pares_init180.sol,resultados/experimentos/2024_1/hibridas_dia_turno_curso_pares/dia_turno_curso_pares_init180.csv,resultados/experimentos/2024_1/hibridas_dia_turno_curso_pares/dia_turno_curso_pares_init180.json,dia_turno_curso -> par_cursos,alfabetica,,alfabetica,,180.0,1,180.0,600.0,1,0,CICLO_SEM_MELHORIA,3,CS,HIS,38
1,2,39,par_cursos,CS+LET,58,13708,81282,OPTIMAL,185439.0,185439.0,False,185439.0,1.63,1.33,600.0,,,,alfabetica,,2,True,True,CICLO_SEM_MELHORIA,iteracao,hibrida_dia_turno_curso_pares,180.0,180.0,600.0,14400.0,False,False,alfabetica,,alfabetica,,./dados/2024_1/horarios_2024_1.xlsx,./dados/2024_1/salas_2024_1.csv,./dados/2024_1/salas_preferenciais_2024.1.xlsx,/Users/robertdrey/Documents/workspace/development/alocador_de_salas,resultados/experimentos/2024_1/hibridas_dia_turno_curso_pares/dia_turno_curso_pares_init180.sol,resultados/experimentos/2024_1/hibridas_dia_turno_curso_pares/dia_turno_curso_pares_init180.csv,resultados/experimentos/2024_1/hibridas_dia_turno_curso_pares/dia_turno_curso_pares_init180.json,dia_turno_curso -> par_cursos,alfabetica,,alfabetica,,180.0,1,180.0,600.0,1,0,CICLO_SEM_MELHORIA,3,CS,LET,39
1,2,40,par_cursos,CS+MAT,45,9522,85468,OPTIMAL,185439.0,185439.0,False,185439.0,1.0,0.68,600.0,,,,alfabetica,,2,True,True,CICLO_SEM_MELHORIA,iteracao,hibrida_dia_turno_curso_pares,180.0,180.0,600.0,14400.0,False,False,alfabetica,,alfabetica,,./dados/2024_1/horarios_2024_1.xlsx,./dados/2024_1/salas_2024_1.csv,./dados/2024_1/salas_preferenciais_2024.1.xlsx,/Users/robertdrey/Documents/workspace/development/alocador_de_salas,resultados/experimentos/2024_1/hibridas_dia_turno_curso_pares/dia_turno_curso_pares_init180.sol,resultados/experimentos/2024_1/hibridas_dia_turno_curso_pares/dia_turno_curso_pares_init180.csv,resultados/experimentos/2024_1/hibridas_dia_turno_curso_pares/dia_turno_curso_pares_init180.json,dia_turno_curso -> par_cursos,alfabetica,,alfabetica,,180.0,1,180.0,600.0,1,0,CICLO_SEM_MELHORIA,3,CS,MAT,40
1,2,41,par_cursos,CS+MED,63,13938,81052,OPTIMAL,185439.0,185439.0,False,185439.0,1.3,0.97,600.0,,,,alfabetica,,2,True,True,CICLO_SEM_MELHORIA,iteracao,hibrida_dia_turno_curso_pares,180.0,180.0,600.0,14400.0,False,False,alfabetica,,alfabetica,,./dados/2024_1/horarios_2024_1.xlsx,./dados/2024_1/salas_2024_1.csv,./dados/2024_1/salas_preferenciais_2024.1.xlsx,/Users/robertdrey/Documents/workspace/development/alocador_de_salas,resultados/experimentos/2024_1/hibridas_dia_turno_curso_pares/dia_turno_curso_pares_init180.sol,resultados/experimentos/2024_1/hibridas_dia_turno_curso_pares/dia_turno_curso_pares_init180.csv,resultados/experimentos/2024_1/hibridas_dia_turno_curso_pares/dia_turno_curso_pares_init180.json,dia_turno_curso -> par_cursos,alfabetica,,alfabetica,,180.0,1,180.0,600.0,1,0,CICLO_SEM_MELHORIA,3,CS,MED,41
1,2,42,par_cursos,CS+PED,78,17342,77648,OPTIMAL,185439.0,185439.0,False,185439.0,156.0,155.67,600.0,,,,alfabetica,,2,True,True,CICLO_SEM_MELHORIA,iteracao,hibrida_dia_turno_curso_pares,180.0,180.0,600.0,14400.0,False,False,alfabetica,,alfabetica,,./dados/2024_1/horarios_2024_1.xlsx,./dados/2024_1/salas_2024_1.csv,./dados/2024_1/salas_preferenciais_2024.1.xlsx,/Users/robertdrey/Documents/workspace/development/alocador_de_salas,resultados/experimentos/2024_1/hibridas_dia_turno_curso_pares/dia_turno_curso_pares_init180.sol,resultados/experimentos/2024_1/hibridas_dia_turno_curso_pares/dia_turno_curso_pares_init180.csv,resultados/experimentos/2024_1/hibridas_dia_turno_curso_pares/dia_turno_curso_pares_init180.json,dia_turno_curso -> par_cursos,alfabetica,,alfabetica,,180.0,1,180.0,600.0,1,0,CICLO_SEM_MELHORIA,3,CS,PED,42
1,2,43,par_cursos,EAS+ENF,63,15962,79028,OPTIMAL,185439.0,185402.0,True,185402.0,16.35,15.92,600.0,,,,alfabetica,,2,True,True,CICLO_SEM_MELHORIA,iteracao,hibrida_dia_turno_curso_pares,180.0,180.0,600.0,14400.0,False,False,alfabetica,,alfabetica,,./dados/2024_1/horarios_2024_1.xlsx,./dados/2024_1/salas_2024_1.csv,./dados/2024_1/salas_preferenciais_2024.1.xlsx,/Users/robertdrey/Documents/workspace/development/alocador_de_salas,resultados/experimentos/2024_1/hibridas_dia_turno_curso_pares/dia_turno_curso_pares_init180.sol,resultados/experimentos/2024_1/hibridas_dia_turno_curso_pares/dia_turno_curso_pares_init180.csv,resultados/experimentos/2024_1/hibridas_dia_turno_curso_pares/dia_turno_curso_pares_init180.json,dia_turno_curso -> par_cursos,alfabetica,,alfabetica,,180.0,1,180.0,600.0,1,0,CICLO_SEM_MELHORIA,3,EAS,ENF,43
1,2,44,par_cursos,EAS+FIL,60,10212,84778,OPTIMAL,185402.0,185402.0,False,185402.0,0.72,0.4,600.0,,,,alfabetica,,2,True,True,CICLO_SEM_MELHORIA,iteracao,hibrida_dia_turno_curso_pares,180.0,180.0,600.0,14400.0,False,False,alfabetica,,alfabetica,,./dados/2024_1/horarios_2024_1.xlsx,./dados/2024_1/salas_2024_1.csv,./dados/2024_1/salas_preferenciais_2024.1.xlsx,/Users/robertdrey/Documents/workspace/development/alocador_de_salas,resultados/experimentos/2024_1/hibridas_dia_turno_curso_pares/dia_turno_curso_pares_init180.sol,resultados/experimentos/2024_1/hibridas_dia_turno_curso_pares/dia_turno_curso_pares_init180.csv,resultados/experimentos/2024_1/hibridas_dia_turno_curso_pares/dia_turno_curso_pares_init180.json,dia_turno_curso -> par_cursos,alfabetica,,alfabetica,,180.0,1,180.0,600.0,1,0,CICLO_SEM_MELHORIA,3,EAS,FIL,44
1,2,45,par_cursos,EAS+GEO,55,9522,85468,OPTIMAL,185402.0,185402.0,False,185402.0,0.68,0.37,600.0,,,,alfabetica,,2,True,True,CICLO_SEM_MELHORIA,iteracao,hibrida_dia_turno_curso_pares,180.0,180.0,600.0,14400.0,False,False,alfabetica,,alfabetica,,./dados/2024_1/horarios_2024_1.xlsx,./dados/2024_1/salas_2024_1.csv,./dados/2024_1/salas_preferenciais_2024.1.xlsx,/Users/robertdrey/Documents/workspace/development/alocador_de_salas,resultados/experimentos/2024_1/hibridas_dia_turno_curso_pares/dia_turno_curso_pares_init180.sol,resultados/experimentos/2024_1/hibridas_dia_turno_curso_pares/dia_turno_curso_pares_init180.csv,resultados/experimentos/2024_1/hibridas_dia_turno_curso_pares/dia_turno_curso_pares_init180.json,dia_turno_curso -> par_cursos,alfabetica,,alfabetica,,180.0,1,180.0,600.0,1,0,CICLO_SEM_MELHORIA,3,EAS,GEO,45
1,2,46,par_cursos,EAS+HIS,69,12236,82754,OPTIMAL,185402.0,185402.0,False,185402.0,0.8,0.49,600.0,,,,alfabetica,,2,True,True,CICLO_SEM_MELHORIA,iteracao,hibrida_dia_turno_curso_pares,180.0,180.0,600.0,14400.0,False,False,alfabetica,,alfabetica,,./dados/2024_1/horarios_2024_1.xlsx,./dados/2024_1/salas_2024_1.csv,./dados/2024_1/salas_preferenciais_2024.1.xlsx,/Users/robertdrey/Documents/workspace/development/alocador_de_salas,resultados/experimentos/2024_1/hibridas_dia_turno_curso_pares/dia_turno_curso_pares_init180.sol,resultados/experimentos/2024_1/hibridas_dia_turno_curso_pares/dia_turno_curso_pares_init180.csv,resultados/experimentos/2024_1/hibridas_dia_turno_curso_pares/dia_turno_curso_pares_init180.json,dia_turno_curso -> par_cursos,alfabetica,,alfabetica,,180.0,1,180.0,600.0,1,0,CICLO_SEM_MELHORIA,3,EAS,HIS,46
1,2,47,par_cursos,EAS+LET,81,16606,78384,OPTIMAL,185402.0,185402.0,False,185402.0,1.56,1.25,600.0,,,,alfabetica,,2,True,True,CICLO_SEM_MELHORIA,iteracao,hibrida_dia_turno_curso_pares,180.0,180.0,600.0,14400.0,False,False,alfabetica,,alfabetica,,./dados/2024_1/horarios_2024_1.xlsx,./dados/2024_1/salas_2024_1.csv,./dados/2024_1/salas_preferenciais_2024.1.xlsx,/Users/robertdrey/Documents/workspace/development/alocador_de_salas,resultados/experimentos/2024_1/hibridas_dia_turno_curso_pares/dia_turno_curso_pares_init180.sol,resultados/experimentos/2024_1/hibridas_dia_turno_curso_pares/dia_turno_curso_pares_init180.csv,resultados/experimentos/2024_1/hibridas_dia_turno_curso_pares/dia_turno_curso_pares_init180.json,dia_turno_curso -> par_cursos,alfabetica,,alfabetica,,180.0,1,180.0,600.0,1,0,CICLO_SEM_MELHORIA,3,EAS,LET,47
1,2,48,par_cursos,EAS+MAT,68,12420,82570,OPTIMAL,185402.0,185401.5,True,185401.5,1.36,1.02,600.0,,,,alfabetica,,2,True,True,CICLO_SEM_MELHORIA,iteracao,hibrida_dia_turno_curso_pares,180.0,180.0,600.0,14400.0,False,False,alfabetica,,alfabetica,,./dados/2024_1/horarios_2024_1.xlsx,./dados/2024_1/salas_2024_1.csv,./dados/2024_1/salas_preferenciais_2024.1.xlsx,/Users/robertdrey/Documents/workspace/development/alocador_de_salas,resultados/experimentos/2024_1/hibridas_dia_turno_curso_pares/dia_turno_curso_pares_init180.sol,resultados/experimentos/2024_1/hibridas_dia_turno_curso_pares/dia_turno_curso_pares_init180.csv,resultados/experimentos/2024_1/hibridas_dia_turno_curso_pares/dia_turno_curso_pares_init180.json,dia_turno_curso -> par_cursos,alfabetica,,alfabetica,,180.0,1,180.0,600.0,1,0,CICLO_SEM_MELHORIA,3,EAS,MAT,48
1,2,49,par_cursos,EAS+MED,86,16836,78154,OPTIMAL,185401.5,185401.5,False,185401.5,1.7,1.4,600.0,,,,alfabetica,,2,True,True,CICLO_SEM_MELHORIA,iteracao,hibrida_dia_turno_curso_pares,180.0,180.0,600.0,14400.0,False,False,alfabetica,,alfabetica,,./dados/2024_1/horarios_2024_1.xlsx,./dados/2024_1/salas_2024_1.csv,./dados/2024_1/salas_preferenciais_2024.1.xlsx,/Users/robertdrey/Documents/workspace/development/alocador_de_salas,resultados/experimentos/2024_1/hibridas_dia_turno_curso_pares/dia_turno_curso_pares_init180.sol,resultados/experimentos/2024_1/hibridas_dia_turno_curso_pares/dia_turno_curso_pares_init180.csv,resultados/experimentos/2024_1/hibridas_dia_turno_curso_pares/dia_turno_curso_pares_init180.json,dia_turno_curso -> par_cursos,alfabetica,,alfabetica,,180.0,1,180.0,600.0,1,0,CICLO_SEM_MELHORIA,3,EAS,MED,49
1,2,50,par_cursos,EAS+PED,101,20240,74750,OPTIMAL,185401.5,185401.5,False,185401.5,30.82,30.51,600.0,,,,alfabetica,,2,True,True,CICLO_SEM_MELHORIA,iteracao,hibrida_dia_turno_curso_pares,180.0,180.0,600.0,14400.0,False,False,alfabetica,,alfabetica,,./dados/2024_1/horarios_2024_1.xlsx,./dados/2024_1/salas_2024_1.csv,./dados/2024_1/salas_preferenciais_2024.1.xlsx,/Users/robertdrey/Documents/workspace/development/alocador_de_salas,resultados/experimentos/2024_1/hibridas_dia_turno_curso_pares/dia_turno_curso_pares_init180.sol,resultados/experimentos/2024_1/hibridas_dia_turno_curso_pares/dia_turno_curso_pares_init180.csv,resultados/experimentos/2024_1/hibridas_dia_turno_curso_pares/dia_turno_curso_pares_init180.json,dia_turno_curso -> par_cursos,alfabetica,,alfabetica,,180.0,1,180.0,600.0,1,0,CICLO_SEM_MELHORIA,3,EAS,PED,50
1,2,51,par_cursos,ENF+FIL,33,11270,83720,OPTIMAL,185401.5,185401.5,False,185401.5,2.56,2.23,600.0,,,,alfabetica,,2,True,True,CICLO_SEM_MELHORIA,iteracao,hibrida_dia_turno_curso_pares,180.0,180.0,600.0,14400.0,False,False,alfabetica,,alfabetica,,./dados/2024_1/horarios_2024_1.xlsx,./dados/2024_1/salas_2024_1.csv,./dados/2024_1/salas_preferenciais_2024.1.xlsx,/Users/robertdrey/Documents/workspace/development/alocador_de_salas,resultados/experimentos/2024_1/hibridas_dia_turno_curso_pares/dia_turno_curso_pares_init180.sol,resultados/experimentos/2024_1/hibridas_dia_turno_curso_pares/dia_turno_curso_pares_init180.csv,resultados/experimentos/2024_1/hibridas_dia_turno_curso_pares/dia_turno_curso_pares_init180.json,dia_turno_curso -> par_cursos,alfabetica,,alfabetica,,180.0,1,180.0,600.0,1,0,CICLO_SEM_MELHORIA,3,ENF,FIL,51
1,2,52,par_cursos,ENF+GEO,28,10580,84410,OPTIMAL,185401.5,185401.5,False,185401.5,2.44,2.1,600.0,,,,alfabetica,,2,True,True,CICLO_SEM_MELHORIA,iteracao,hibrida_dia_turno_curso_pares,180.0,180.0,600.0,14400.0,False,False,alfabetica,,alfabetica,,./dados/2024_1/horarios_2024_1.xlsx,./dados/2024_1/salas_2024_1.csv,./dados/2024_1/salas_preferenciais_2024.1.xlsx,/Users/robertdrey/Documents/workspace/development/alocador_de_salas,resultados/experimentos/2024_1/hibridas_dia_turno_curso_pares/dia_turno_curso_pares_init180.sol,resultados/experimentos/2024_1/hibridas_dia_turno_curso_pares/dia_turno_curso_pares_init180.csv,resultados/experimentos/2024_1/hibridas_dia_turno_curso_pares/dia_turno_curso_pares_init180.json,dia_turno_curso -> par_cursos,alfabetica,,alfabetica,,180.0,1,180.0,600.0,1,0,CICLO_SEM_MELHORIA,3,ENF,GEO,52
1,2,53,par_cursos,ENF+HIS,42,13294,81696,OPTIMAL,185401.5,185401.5,False,185401.5,2.78,2.44,600.0,,,,alfabetica,,2,True,True,CICLO_SEM_MELHORIA,iteracao,hibrida_dia_turno_curso_pares,180.0,180.0,600.0,14400.0,False,False,alfabetica,,alfabetica,,./dados/2024_1/horarios_2024_1.xlsx,./dados/2024_1/salas_2024_1.csv,./dados/2024_1/salas_preferenciais_2024.1.xlsx,/Users/robertdrey/Documents/workspace/development/alocador_de_salas,resultados/experimentos/2024_1/hibridas_dia_turno_curso_pares/dia_turno_curso_pares_init180.sol,resultados/experimentos/2024_1/hibridas_dia_turno_curso_pares/dia_turno_curso_pares_init180.csv,resultados/experimentos/2024_1/hibridas_dia_turno_curso_pares/dia_turno_curso_pares_init180.json,dia_turno_curso -> par_cursos,alfabetica,,alfabetica,,180.0,1,180.0,600.0,1,0,CICLO_SEM_MELHORIA,3,ENF,HIS,53
1,2,54,par_cursos,ENF+LET,54,17664,77326,OPTIMAL,185401.5,185401.5,False,185401.5,6.08,5.74,600.0,,,,alfabetica,,2,True,True,CICLO_SEM_MELHORIA,iteracao,hibrida_dia_turno_curso_pares,180.0,180.0,600.0,14400.0,False,False,alfabetica,,alfabetica,,./dados/2024_1/horarios_2024_1.xlsx,./dados/2024_1/salas_2024_1.csv,./dados/2024_1/salas_preferenciais_2024.1.xlsx,/Users/robertdrey/Documents/workspace/development/alocador_de_salas,resultados/experimentos/2024_1/hibridas_dia_turno_curso_pares/dia_turno_curso_pares_init180.sol,resultados/experimentos/2024_1/hibridas_dia_turno_curso_pares/dia_turno_curso_pares_init180.csv,resultados/experimentos/2024_1/hibridas_dia_turno_curso_pares/dia_turno_curso_pares_init180.json,dia_turno_curso -> par_cursos,alfabetica,,alfabetica,,180.0,1,180.0,600.0,1,0,CICLO_SEM_MELHORIA,3,ENF,LET,54
1,2,55,par_cursos,ENF+MAT,41,13478,81512,OPTIMAL,185401.5,185401.5,False,185401.5,3.25,2.92,600.0,,,,alfabetica,,2,True,True,CICLO_SEM_MELHORIA,iteracao,hibrida_dia_turno_curso_pares,180.0,180.0,600.0,14400.0,False,False,alfabetica,,alfabetica,,./dados/2024_1/horarios_2024_1.xlsx,./dados/2024_1/salas_2024_1.csv,./dados/2024_1/salas_preferenciais_2024.1.xlsx,/Users/robertdrey/Documents/workspace/development/alocador_de_salas,resultados/experimentos/2024_1/hibridas_dia_turno_curso_pares/dia_turno_curso_pares_init180.sol,resultados/experimentos/2024_1/hibridas_dia_turno_curso_pares/dia_turno_curso_pares_init180.csv,resultados/experimentos/2024_1/hibridas_dia_turno_curso_pares/dia_turno_curso_pares_init180.json,dia_turno_curso -> par_cursos,alfabetica,,alfabetica,,180.0,1,180.0,600.0,1,0,CICLO_SEM_MELHORIA,3,ENF,MAT,55
1,2,56,par_cursos,ENF+MED,59,17894,77096,OPTIMAL,185401.5,185315.0,True,185315.0,50.24,49.89,600.0,,,,alfabetica,,2,True,True,CICLO_SEM_MELHORIA,iteracao,hibrida_dia_turno_curso_pares,180.0,180.0,600.0,14400.0,False,False,alfabetica,,alfabetica,,./dados/2024_1/horarios_2024_1.xlsx,./dados/2024_1/salas_2024_1.csv,./dados/2024_1/salas_preferenciais_2024.1.xlsx,/Users/robertdrey/Documents/workspace/development/alocador_de_salas,resultados/experimentos/2024_1/hibridas_dia_turno_curso_pares/dia_turno_curso_pares_init180.sol,resultados/experimentos/2024_1/hibridas_dia_turno_curso_pares/dia_turno_curso_pares_init180.csv,resultados/experimentos/2024_1/hibridas_dia_turno_curso_pares/dia_turno_curso_pares_init180.json,dia_turno_curso -> par_cursos,alfabetica,,alfabetica,,180.0,1,180.0,600.0,1,0,CICLO_SEM_MELHORIA,3,ENF,MED,56
1,2,57,par_cursos,ENF+PED,74,21298,73692,TIME_LIMIT,185315.0,185315.0,False,185315.0,600.51,600.16,600.0,,,,alfabetica,,2,True,True,CICLO_SEM_MELHORIA,iteracao,hibrida_dia_turno_curso_pares,180.0,180.0,600.0,14400.0,False,False,alfabetica,,alfabetica,,./dados/2024_1/horarios_2024_1.xlsx,./dados/2024_1/salas_2024_1.csv,./dados/2024_1/salas_preferenciais_2024.1.xlsx,/Users/robertdrey/Documents/workspace/development/alocador_de_salas,resultados/experimentos/2024_1/hibridas_dia_turno_curso_pares/dia_turno_curso_pares_init180.sol,resultados/experimentos/2024_1/hibridas_dia_turno_curso_pares/dia_turno_curso_pares_init180.csv,resultados/experimentos/2024_1/hibridas_dia_turno_curso_pares/dia_turno_curso_pares_init180.json,dia_turno_curso -> par_cursos,alfabetica,,alfabetica,,180.0,1,180.0,600.0,1,0,CICLO_SEM_MELHORIA,3,ENF,PED,57
1,2,58,par_cursos,FIL+GEO,25,4830,90160,OPTIMAL,185315.0,185315.0,False,185315.0,0.67,0.31,600.0,,,,alfabetica,,2,True,True,CICLO_SEM_MELHORIA,iteracao,hibrida_dia_turno_curso_pares,180.0,180.0,600.0,14400.0,False,False,alfabetica,,alfabetica,,./dados/2024_1/horarios_2024_1.xlsx,./dados/2024_1/salas_2024_1.csv,./dados/2024_1/salas_preferenciais_2024.1.xlsx,/Users/robertdrey/Documents/workspace/development/alocador_de_salas,resultados/experimentos/2024_1/hibridas_dia_turno_curso_pares/dia_turno_curso_pares_init180.sol,resultados/experimentos/2024_1/hibridas_dia_turno_curso_pares/dia_turno_curso_pares_init180.csv,resultados/experimentos/2024_1/hibridas_dia_turno_curso_pares/dia_turno_curso_pares_init180.json,dia_turno_curso -> par_cursos,alfabetica,,alfabetica,,180.0,1,180.0,600.0,1,0,CICLO_SEM_MELHORIA,3,FIL,GEO,58
1,2,59,par_cursos,FIL+HIS,39,7544,87446,OPTIMAL,185315.0,185315.0,False,185315.0,0.68,0.37,600.0,,,,alfabetica,,2,True,True,CICLO_SEM_MELHORIA,iteracao,hibrida_dia_turno_curso_pares,180.0,180.0,600.0,14400.0,False,False,alfabetica,,alfabetica,,./dados/2024_1/horarios_2024_1.xlsx,./dados/2024_1/salas_2024_1.csv,./dados/2024_1/salas_preferenciais_2024.1.xlsx,/Users/robertdrey/Documents/workspace/development/alocador_de_salas,resultados/experimentos/2024_1/hibridas_dia_turno_curso_pares/dia_turno_curso_pares_init180.sol,resultados/experimentos/2024_1/hibridas_dia_turno_curso_pares/dia_turno_curso_pares_init180.csv,resultados/experimentos/2024_1/hibridas_dia_turno_curso_pares/dia_turno_curso_pares_init180.json,dia_turno_curso -> par_cursos,alfabetica,,alfabetica,,180.0,1,180.0,600.0,1,0,CICLO_SEM_MELHORIA,3,FIL,HIS,59
1,2,60,par_cursos,FIL+LET,51,11914,83076,OPTIMAL,185315.0,185315.0,False,185315.0,2.55,2.24,600.0,,,,alfabetica,,2,True,True,CICLO_SEM_MELHORIA,iteracao,hibrida_dia_turno_curso_pares,180.0,180.0,600.0,14400.0,False,False,alfabetica,,alfabetica,,./dados/2024_1/horarios_2024_1.xlsx,./dados/2024_1/salas_2024_1.csv,./dados/2024_1/salas_preferenciais_2024.1.xlsx,/Users/robertdrey/Documents/workspace/development/alocador_de_salas,resultados/experimentos/2024_1/hibridas_dia_turno_curso_pares/dia_turno_curso_pares_init180.sol,resultados/experimentos/2024_1/hibridas_dia_turno_curso_pares/dia_turno_curso_pares_init180.csv,resultados/experimentos/2024_1/hibridas_dia_turno_curso_pares/dia_turno_curso_pares_init180.json,dia_turno_curso -> par_cursos,alfabetica,,alfabetica,,180.0,1,180.0,600.0,1,0,CICLO_SEM_MELHORIA,3,FIL,LET,60
1,2,61,par_cursos,FIL+MAT,38,7728,87262,OPTIMAL,185315.0,185315.0,False,185315.0,0.73,0.4,600.0,,,,alfabetica,,2,True,True,CICLO_SEM_MELHORIA,iteracao,hibrida_dia_turno_curso_pares,180.0,180.0,600.0,14400.0,False,False,alfabetica,,alfabetica,,./dados/2024_1/horarios_2024_1.xlsx,./dados/2024_1/salas_2024_1.csv,./dados/2024_1/salas_preferenciais_2024.1.xlsx,/Users/robertdrey/Documents/workspace/development/alocador_de_salas,resultados/experimentos/2024_1/hibridas_dia_turno_curso_pares/dia_turno_curso_pares_init180.sol,resultados/experimentos/2024_1/hibridas_dia_turno_curso_pares/dia_turno_curso_pares_init180.csv,resultados/experimentos/2024_1/hibridas_dia_turno_curso_pares/dia_turno_curso_pares_init180.json,dia_turno_curso -> par_cursos,alfabetica,,alfabetica,,180.0,1,180.0,600.0,1,0,CICLO_SEM_MELHORIA,3,FIL,MAT,61
1,2,62,par_cursos,FIL+MED,56,12144,82846,OPTIMAL,185315.0,185315.0,False,185315.0,1.09,0.78,600.0,,,,alfabetica,,2,True,True,CICLO_SEM_MELHORIA,iteracao,hibrida_dia_turno_curso_pares,180.0,180.0,600.0,14400.0,False,False,alfabetica,,alfabetica,,./dados/2024_1/horarios_2024_1.xlsx,./dados/2024_1/salas_2024_1.csv,./dados/2024_1/salas_preferenciais_2024.1.xlsx,/Users/robertdrey/Documents/workspace/development/alocador_de_salas,resultados/experimentos/2024_1/hibridas_dia_turno_curso_pares/dia_turno_curso_pares_init180.sol,resultados/experimentos/2024_1/hibridas_dia_turno_curso_pares/dia_turno_curso_pares_init180.csv,resultados/experimentos/2024_1/hibridas_dia_turno_curso_pares/dia_turno_curso_pares_init180.json,dia_turno_curso -> par_cursos,alfabetica,,alfabetica,,180.0,1,180.0,600.0,1,0,CICLO_SEM_MELHORIA,3,FIL,MED,62
1,2,63,par_cursos,FIL+PED,71,15548,79442,OPTIMAL,185315.0,185315.0,False,185315.0,16.21,15.87,600.0,,,,alfabetica,,2,True,True,CICLO_SEM_MELHORIA,iteracao,hibrida_dia_turno_curso_pares,180.0,180.0,600.0,14400.0,False,False,alfabetica,,alfabetica,,./dados/2024_1/horarios_2024_1.xlsx,./dados/2024_1/salas_2024_1.csv,./dados/2024_1/salas_preferenciais_2024.1.xlsx,/Users/robertdrey/Documents/workspace/development/alocador_de_salas,resultados/experimentos/2024_1/hibridas_dia_turno_curso_pares/dia_turno_curso_pares_init180.sol,resultados/experimentos/2024_1/hibridas_dia_turno_curso_pares/dia_turno_curso_pares_init180.csv,resultados/experimentos/2024_1/hibridas_dia_turno_curso_pares/dia_turno_curso_pares_init180.json,dia_turno_curso -> par_cursos,alfabetica,,alfabetica,,180.0,1,180.0,600.0,1,0,CICLO_SEM_MELHORIA,3,FIL,PED,63
1,2,64,par_cursos,GEO+HIS,34,6854,88136,OPTIMAL,185315.0,185315.0,False,185315.0,0.71,0.37,600.0,,,,alfabetica,,2,True,True,CICLO_SEM_MELHORIA,iteracao,hibrida_dia_turno_curso_pares,180.0,180.0,600.0,14400.0,False,False,alfabetica,,alfabetica,,./dados/2024_1/horarios_2024_1.xlsx,./dados/2024_1/salas_2024_1.csv,./dados/2024_1/salas_preferenciais_2024.1.xlsx,/Users/robertdrey/Documents/workspace/development/alocador_de_salas,resultados/experimentos/2024_1/hibridas_dia_turno_curso_pares/dia_turno_curso_pares_init180.sol,resultados/experimentos/2024_1/hibridas_dia_turno_curso_pares/dia_turno_curso_pares_init180.csv,resultados/experimentos/2024_1/hibridas_dia_turno_curso_pares/dia_turno_curso_pares_init180.json,dia_turno_curso -> par_cursos,alfabetica,,alfabetica,,180.0,1,180.0,600.0,1,0,CICLO_SEM_MELHORIA,3,GEO,HIS,64
1,2,65,par_cursos,GEO+LET,46,11224,83766,OPTIMAL,185315.0,185307.0,True,185307.0,2.53,2.22,600.0,,,,alfabetica,,2,True,True,CICLO_SEM_MELHORIA,iteracao,hibrida_dia_turno_curso_pares,180.0,180.0,600.0,14400.0,False,False,alfabetica,,alfabetica,,./dados/2024_1/horarios_2024_1.xlsx,./dados/2024_1/salas_2024_1.csv,./dados/2024_1/salas_preferenciais_2024.1.xlsx,/Users/robertdrey/Documents/workspace/development/alocador_de_salas,resultados/experimentos/2024_1/hibridas_dia_turno_curso_pares/dia_turno_curso_pares_init180.sol,resultados/experimentos/2024_1/hibridas_dia_turno_curso_pares/dia_turno_curso_pares_init180.csv,resultados/experimentos/2024_1/hibridas_dia_turno_curso_pares/dia_turno_curso_pares_init180.json,dia_turno_curso -> par_cursos,alfabetica,,alfabetica,,180.0,1,180.0,600.0,1,0,CICLO_SEM_MELHORIA,3,GEO,LET,65
1,2,66,par_cursos,GEO+MAT,33,7038,87952,OPTIMAL,185307.0,185307.0,False,185307.0,0.69,0.37,600.0,,,,alfabetica,,2,True,True,CICLO_SEM_MELHORIA,iteracao,hibrida_dia_turno_curso_pares,180.0,180.0,600.0,14400.0,False,False,alfabetica,,alfabetica,,./dados/2024_1/horarios_2024_1.xlsx,./dados/2024_1/salas_2024_1.csv,./dados/2024_1/salas_preferenciais_2024.1.xlsx,/Users/robertdrey/Documents/workspace/development/alocador_de_salas,resultados/experimentos/2024_1/hibridas_dia_turno_curso_pares/dia_turno_curso_pares_init180.sol,resultados/experimentos/2024_1/hibridas_dia_turno_curso_pares/dia_turno_curso_pares_init180.csv,resultados/experimentos/2024_1/hibridas_dia_turno_curso_pares/dia_turno_curso_pares_init180.json,dia_turno_curso -> par_cursos,alfabetica,,alfabetica,,180.0,1,180.0,600.0,1,0,CICLO_SEM_MELHORIA,3,GEO,MAT,66
1,2,67,par_cursos,GEO+MED,51,11454,83536,OPTIMAL,185307.0,185307.0,False,185307.0,1.11,0.81,600.0,,,,alfabetica,,2,True,True,CICLO_SEM_MELHORIA,iteracao,hibrida_dia_turno_curso_pares,180.0,180.0,600.0,14400.0,False,False,alfabetica,,alfabetica,,./dados/2024_1/horarios_2024_1.xlsx,./dados/2024_1/salas_2024_1.csv,./dados/2024_1/salas_preferenciais_2024.1.xlsx,/Users/robertdrey/Documents/workspace/development/alocador_de_salas,resultados/experimentos/2024_1/hibridas_dia_turno_curso_pares/dia_turno_curso_pares_init180.sol,resultados/experimentos/2024_1/hibridas_dia_turno_curso_pares/dia_turno_curso_pares_init180.csv,resultados/experimentos/2024_1/hibridas_dia_turno_curso_pares/dia_turno_curso_pares_init180.json,dia_turno_curso -> par_cursos,alfabetica,,alfabetica,,180.0,1,180.0,600.0,1,0,CICLO_SEM_MELHORIA,3,GEO,MED,67
1,2,68,par_cursos,GEO+PED,66,14858,80132,OPTIMAL,185307.0,185307.0,False,185307.0,27.67,27.35,600.0,,,,alfabetica,,2,True,True,CICLO_SEM_MELHORIA,iteracao,hibrida_dia_turno_curso_pares,180.0,180.0,600.0,14400.0,False,False,alfabetica,,alfabetica,,./dados/2024_1/horarios_2024_1.xlsx,./dados/2024_1/salas_2024_1.csv,./dados/2024_1/salas_preferenciais_2024.1.xlsx,/Users/robertdrey/Documents/workspace/development/alocador_de_salas,resultados/experimentos/2024_1/hibridas_dia_turno_curso_pares/dia_turno_curso_pares_init180.sol,resultados/experimentos/2024_1/hibridas_dia_turno_curso_pares/dia_turno_curso_pares_init180.csv,resultados/experimentos/2024_1/hibridas_dia_turno_curso_pares/dia_turno_curso_pares_init180.json,dia_turno_curso -> par_cursos,alfabetica,,alfabetica,,180.0,1,180.0,600.0,1,0,CICLO_SEM_MELHORIA,3,GEO,PED,68
1,2,69,par_cursos,HIS+LET,60,13938,81052,OPTIMAL,185307.0,185307.0,False,185307.0,1.82,1.5,600.0,,,,alfabetica,,2,True,True,CICLO_SEM_MELHORIA,iteracao,hibrida_dia_turno_curso_pares,180.0,180.0,600.0,14400.0,False,False,alfabetica,,alfabetica,,./dados/2024_1/horarios_2024_1.xlsx,./dados/2024_1/salas_2024_1.csv,./dados/2024_1/salas_preferenciais_2024.1.xlsx,/Users/robertdrey/Documents/workspace/development/alocador_de_salas,resultados/experimentos/2024_1/hibridas_dia_turno_curso_pares/dia_turno_curso_pares_init180.sol,resultados/experimentos/2024_1/hibridas_dia_turno_curso_pares/dia_turno_curso_pares_init180.csv,resultados/experimentos/2024_1/hibridas_dia_turno_curso_pares/dia_turno_curso_pares_init180.json,dia_turno_curso -> par_cursos,alfabetica,,alfabetica,,180.0,1,180.0,600.0,1,0,CICLO_SEM_MELHORIA,3,HIS,LET,69
1,2,70,par_cursos,HIS+MAT,47,9752,85238,OPTIMAL,185307.0,185307.0,False,185307.0,0.84,0.52,600.0,,,,alfabetica,,2,True,True,CICLO_SEM_MELHORIA,iteracao,hibrida_dia_turno_curso_pares,180.0,180.0,600.0,14400.0,False,False,alfabetica,,alfabetica,,./dados/2024_1/horarios_2024_1.xlsx,./dados/2024_1/salas_2024_1.csv,./dados/2024_1/salas_preferenciais_2024.1.xlsx,/Users/robertdrey/Documents/workspace/development/alocador_de_salas,resultados/experimentos/2024_1/hibridas_dia_turno_curso_pares/dia_turno_curso_pares_init180.sol,resultados/experimentos/2024_1/hibridas_dia_turno_curso_pares/dia_turno_curso_pares_init180.csv,resultados/experimentos/2024_1/hibridas_dia_turno_curso_pares/dia_turno_curso_pares_init180.json,dia_turno_curso -> par_cursos,alfabetica,,alfabetica,,180.0,1,180.0,600.0,1,0,CICLO_SEM_MELHORIA,3,HIS,MAT,70
1,2,71,par_cursos,HIS+MED,65,14168,80822,OPTIMAL,185307.0,185307.0,False,185307.0,1.25,0.94,600.0,,,,alfabetica,,2,True,True,CICLO_SEM_MELHORIA,iteracao,hibrida_dia_turno_curso_pares,180.0,180.0,600.0,14400.0,False,False,alfabetica,,alfabetica,,./dados/2024_1/horarios_2024_1.xlsx,./dados/2024_1/salas_2024_1.csv,./dados/2024_1/salas_preferenciais_2024.1.xlsx,/Users/robertdrey/Documents/workspace/development/alocador_de_salas,resultados/experimentos/2024_1/hibridas_dia_turno_curso_pares/dia_turno_curso_pares_init180.sol,resultados/experimentos/2024_1/hibridas_dia_turno_curso_pares/dia_turno_curso_pares_init180.csv,resultados/experimentos/2024_1/hibridas_dia_turno_curso_pares/dia_turno_curso_pares_init180.json,dia_turno_curso -> par_cursos,alfabetica,,alfabetica,,180.0,1,180.0,600.0,1,0,CICLO_SEM_MELHORIA,3,HIS,MED,71
1,2,72,par_cursos,HIS+PED,80,17572,77418,OPTIMAL,185307.0,185307.0,False,185307.0,21.95,21.62,600.0,,,,alfabetica,,2,True,True,CICLO_SEM_MELHORIA,iteracao,hibrida_dia_turno_curso_pares,180.0,180.0,600.0,14400.0,False,False,alfabetica,,alfabetica,,./dados/2024_1/horarios_2024_1.xlsx,./dados/2024_1/salas_2024_1.csv,./dados/2024_1/salas_preferenciais_2024.1.xlsx,/Users/robertdrey/Documents/workspace/development/alocador_de_salas,resultados/experimentos/2024_1/hibridas_dia_turno_curso_pares/dia_turno_curso_pares_init180.sol,resultados/experimentos/2024_1/hibridas_dia_turno_curso_pares/dia_turno_curso_pares_init180.csv,resultados/experimentos/2024_1/hibridas_dia_turno_curso_pares/dia_turno_curso_pares_init180.json,dia_turno_curso -> par_cursos,alfabetica,,alfabetica,,180.0,1,180.0,600.0,1,0,CICLO_SEM_MELHORIA,3,HIS,PED,72
1,2,73,par_cursos,LET+MAT,59,14122,80868,OPTIMAL,185307.0,185307.0,False,185307.0,1.83,1.5,600.0,,,,alfabetica,,2,True,True,CICLO_SEM_MELHORIA,iteracao,hibrida_dia_turno_curso_pares,180.0,180.0,600.0,14400.0,False,False,alfabetica,,alfabetica,,./dados/2024_1/horarios_2024_1.xlsx,./dados/2024_1/salas_2024_1.csv,./dados/2024_1/salas_preferenciais_2024.1.xlsx,/Users/robertdrey/Documents/workspace/development/alocador_de_salas,resultados/experimentos/2024_1/hibridas_dia_turno_curso_pares/dia_turno_curso_pares_init180.sol,resultados/experimentos/2024_1/hibridas_dia_turno_curso_pares/dia_turno_curso_pares_init180.csv,resultados/experimentos/2024_1/hibridas_dia_turno_curso_pares/dia_turno_curso_pares_init180.json,dia_turno_curso -> par_cursos,alfabetica,,alfabetica,,180.0,1,180.0,600.0,1,0,CICLO_SEM_MELHORIA,3,LET,MAT,73
1,2,74,par_cursos,LET+MED,77,18538,76452,OPTIMAL,185307.0,185307.0,False,185307.0,2.28,1.97,600.0,,,,alfabetica,,2,True,True,CICLO_SEM_MELHORIA,iteracao,hibrida_dia_turno_curso_pares,180.0,180.0,600.0,14400.0,False,False,alfabetica,,alfabetica,,./dados/2024_1/horarios_2024_1.xlsx,./dados/2024_1/salas_2024_1.csv,./dados/2024_1/salas_preferenciais_2024.1.xlsx,/Users/robertdrey/Documents/workspace/development/alocador_de_salas,resultados/experimentos/2024_1/hibridas_dia_turno_curso_pares/dia_turno_curso_pares_init180.sol,resultados/experimentos/2024_1/hibridas_dia_turno_curso_pares/dia_turno_curso_pares_init180.csv,resultados/experimentos/2024_1/hibridas_dia_turno_curso_pares/dia_turno_curso_pares_init180.json,dia_turno_curso -> par_cursos,alfabetica,,alfabetica,,180.0,1,180.0,600.0,1,0,CICLO_SEM_MELHORIA,3,LET,MED,74
1,2,75,par_cursos,LET+PED,92,21942,73048,OPTIMAL,185307.0,185307.0,False,185307.0,94.41,94.11,600.0,,,,alfabetica,,2,True,True,CICLO_SEM_MELHORIA,iteracao,hibrida_dia_turno_curso_pares,180.0,180.0,600.0,14400.0,False,False,alfabetica,,alfabetica,,./dados/2024_1/horarios_2024_1.xlsx,./dados/2024_1/salas_2024_1.csv,./dados/2024_1/salas_preferenciais_2024.1.xlsx,/Users/robertdrey/Documents/workspace/development/alocador_de_salas,resultados/experimentos/2024_1/hibridas_dia_turno_curso_pares/dia_turno_curso_pares_init180.sol,resultados/experimentos/2024_1/hibridas_dia_turno_curso_pares/dia_turno_curso_pares_init180.csv,resultados/experimentos/2024_1/hibridas_dia_turno_curso_pares/dia_turno_curso_pares_init180.json,dia_turno_curso -> par_cursos,alfabetica,,alfabetica,,180.0,1,180.0,600.0,1,0,CICLO_SEM_MELHORIA,3,LET,PED,75
1,2,76,par_cursos,MAT+MED,64,14352,80638,OPTIMAL,185307.0,185307.0,False,185307.0,1.16,0.87,600.0,,,,alfabetica,,2,True,True,CICLO_SEM_MELHORIA,iteracao,hibrida_dia_turno_curso_pares,180.0,180.0,600.0,14400.0,False,False,alfabetica,,alfabetica,,./dados/2024_1/horarios_2024_1.xlsx,./dados/2024_1/salas_2024_1.csv,./dados/2024_1/salas_preferenciais_2024.1.xlsx,/Users/robertdrey/Documents/workspace/development/alocador_de_salas,resultados/experimentos/2024_1/hibridas_dia_turno_curso_pares/dia_turno_curso_pares_init180.sol,resultados/experimentos/2024_1/hibridas_dia_turno_curso_pares/dia_turno_curso_pares_init180.csv,resultados/experimentos/2024_1/hibridas_dia_turno_curso_pares/dia_turno_curso_pares_init180.json,dia_turno_curso -> par_cursos,alfabetica,,alfabetica,,180.0,1,180.0,600.0,1,0,CICLO_SEM_MELHORIA,3,MAT,MED,76
1,2,77,par_cursos,MAT+PED,79,17756,77234,OPTIMAL,185307.0,185307.0,False,185307.0,16.8,16.47,600.0,,,,alfabetica,,2,True,True,CICLO_SEM_MELHORIA,iteracao,hibrida_dia_turno_curso_pares,180.0,180.0,600.0,14400.0,False,False,alfabetica,,alfabetica,,./dados/2024_1/horarios_2024_1.xlsx,./dados/2024_1/salas_2024_1.csv,./dados/2024_1/salas_preferenciais_2024.1.xlsx,/Users/robertdrey/Documents/workspace/development/alocador_de_salas,resultados/experimentos/2024_1/hibridas_dia_turno_curso_pares/dia_turno_curso_pares_init180.sol,resultados/experimentos/2024_1/hibridas_dia_turno_curso_pares/dia_turno_curso_pares_init180.csv,resultados/experimentos/2024_1/hibridas_dia_turno_curso_pares/dia_turno_curso_pares_init180.json,dia_turno_curso -> par_cursos,alfabetica,,alfabetica,,180.0,1,180.0,600.0,1,0,CICLO_SEM_MELHORIA,3,MAT,PED,77
1,2,78,par_cursos,MED+PED,97,22172,72818,OPTIMAL,185307.0,185307.0,False,185307.0,30.31,29.98,600.0,,,,alfabetica,,2,True,True,CICLO_SEM_MELHORIA,iteracao,hibrida_dia_turno_curso_pares,180.0,180.0,600.0,14400.0,False,False,alfabetica,,alfabetica,,./dados/2024_1/horarios_2024_1.xlsx,./dados/2024_1/salas_2024_1.csv,./dados/2024_1/salas_preferenciais_2024.1.xlsx,/Users/robertdrey/Documents/workspace/development/alocador_de_salas,resultados/experimentos/2024_1/hibridas_dia_turno_curso_pares/dia_turno_curso_pares_init180.sol,resultados/experimentos/2024_1/hibridas_dia_turno_curso_pares/dia_turno_curso_pares_init180.csv,resultados/experimentos/2024_1/hibridas_dia_turno_curso_pares/dia_turno_curso_pares_init180.json,dia_turno_curso -> par_cursos,alfabetica,,alfabetica,,180.0,1,180.0,600.0,1,0,CICLO_SEM_MELHORIA,3,MED,PED,78
2,3,1,dia_turno_curso,2_M_ADM,81,18538,76452,OPTIMAL,185307.0,185307.0,False,185307.0,2.22,1.92,600.0,2,M,ADM,alfabetica,,1,True,True,CICLO_SEM_MELHORIA,iteracao,hibrida_dia_turno_curso_pares,180.0,180.0,600.0,14400.0,False,False,alfabetica,,alfabetica,,./dados/2024_1/horarios_2024_1.xlsx,./dados/2024_1/salas_2024_1.csv,./dados/2024_1/salas_preferenciais_2024.1.xlsx,/Users/robertdrey/Documents/workspace/development/alocador_de_salas,resultados/experimentos/2024_1/hibridas_dia_turno_curso_pares/dia_turno_curso_pares_init180.sol,resultados/experimentos/2024_1/hibridas_dia_turno_curso_pares/dia_turno_curso_pares_init180.csv,resultados/experimentos/2024_1/hibridas_dia_turno_curso_pares/dia_turno_curso_pares_init180.json,dia_turno_curso -> par_cursos,alfabetica,,alfabetica,,180.0,1,180.0,600.0,1,0,CICLO_SEM_MELHORIA,3,,,
2,3,2,dia_turno_curso,2_M_AGRO,82,17250,77740,OPTIMAL,185307.0,185307.0,False,185307.0,12.94,12.63,600.0,2,M,AGRO,alfabetica,,1,True,True,CICLO_SEM_MELHORIA,iteracao,hibrida_dia_turno_curso_pares,180.0,180.0,600.0,14400.0,False,False,alfabetica,,alfabetica,,./dados/2024_1/horarios_2024_1.xlsx,./dados/2024_1/salas_2024_1.csv,./dados/2024_1/salas_preferenciais_2024.1.xlsx,/Users/robertdrey/Documents/workspace/development/alocador_de_salas,resultados/experimentos/2024_1/hibridas_dia_turno_curso_pares/dia_turno_curso_pares_init180.sol,resultados/experimentos/2024_1/hibridas_dia_turno_curso_pares/dia_turno_curso_pares_init180.csv,resultados/experimentos/2024_1/hibridas_dia_turno_curso_pares/dia_turno_curso_pares_init180.json,dia_turno_curso -> par_cursos,alfabetica,,alfabetica,,180.0,1,180.0,600.0,1,0,CICLO_SEM_MELHORIA,3,,,
2,3,3,dia_turno_curso,2_M_EAS,73,16238,78752,OPTIMAL,185307.0,185307.0,False,185307.0,2.22,1.91,600.0,2,M,EAS,alfabetica,,1,True,True,CICLO_SEM_MELHORIA,iteracao,hibrida_dia_turno_curso_pares,180.0,180.0,600.0,14400.0,False,False,alfabetica,,alfabetica,,./dados/2024_1/horarios_2024_1.xlsx,./dados/2024_1/salas_2024_1.csv,./dados/2024_1/salas_preferenciais_2024.1.xlsx,/Users/robertdrey/Documents/workspace/development/alocador_de_salas,resultados/experimentos/2024_1/hibridas_dia_turno_curso_pares/dia_turno_curso_pares_init180.sol,resultados/experimentos/2024_1/hibridas_dia_turno_curso_pares/dia_turno_curso_pares_init180.csv,resultados/experimentos/2024_1/hibridas_dia_turno_curso_pares/dia_turno_curso_pares_init180.json,dia_turno_curso -> par_cursos,alfabetica,,alfabetica,,180.0,1,180.0,600.0,1,0,CICLO_SEM_MELHORIA,3,,,
2,3,4,dia_turno_curso,2_M_ENF,51,15548,79442,OPTIMAL,185307.0,185307.0,False,185307.0,5.75,5.43,600.0,2,M,ENF,alfabetica,,1,True,True,CICLO_SEM_MELHORIA,iteracao,hibrida_dia_turno_curso_pares,180.0,180.0,600.0,14400.0,False,False,alfabetica,,alfabetica,,./dados/2024_1/horarios_2024_1.xlsx,./dados/2024_1/salas_2024_1.csv,./dados/2024_1/salas_preferenciais_2024.1.xlsx,/Users/robertdrey/Documents/workspace/development/alocador_de_salas,resultados/experimentos/2024_1/hibridas_dia_turno_curso_pares/dia_turno_curso_pares_init180.sol,resultados/experimentos/2024_1/hibridas_dia_turno_curso_pares/dia_turno_curso_pares_init180.csv,resultados/experimentos/2024_1/hibridas_dia_turno_curso_pares/dia_turno_curso_pares_init180.json,dia_turno_curso -> par_cursos,alfabetica,,alfabetica,,180.0,1,180.0,600.0,1,0,CICLO_SEM_MELHORIA,3,,,
2,3,5,dia_turno_curso,2_M_MED,74,18078,76912,OPTIMAL,185307.0,185307.0,False,185307.0,4.11,3.79,600.0,2,M,MED,alfabetica,,1,True,True,CICLO_SEM_MELHORIA,iteracao,hibrida_dia_turno_curso_pares,180.0,180.0,600.0,14400.0,False,False,alfabetica,,alfabetica,,./dados/2024_1/horarios_2024_1.xlsx,./dados/2024_1/salas_2024_1.csv,./dados/2024_1/salas_preferenciais_2024.1.xlsx,/Users/robertdrey/Documents/workspace/development/alocador_de_salas,resultados/experimentos/2024_1/hibridas_dia_turno_curso_pares/dia_turno_curso_pares_init180.sol,resultados/experimentos/2024_1/hibridas_dia_turno_curso_pares/dia_turno_curso_pares_init180.csv,resultados/experimentos/2024_1/hibridas_dia_turno_curso_pares/dia_turno_curso_pares_init180.json,dia_turno_curso -> par_cursos,alfabetica,,alfabetica,,180.0,1,180.0,600.0,1,0,CICLO_SEM_MELHORIA,3,,,
2,3,6,dia_turno_curso,2_M_PED,88,21574,73416,OPTIMAL,185307.0,185307.0,False,185307.0,19.18,18.85,600.0,2,M,PED,alfabetica,,1,True,True,CICLO_SEM_MELHORIA,iteracao,hibrida_dia_turno_curso_pares,180.0,180.0,600.0,14400.0,False,False,alfabetica,,alfabetica,,./dados/2024_1/horarios_2024_1.xlsx,./dados/2024_1/salas_2024_1.csv,./dados/2024_1/salas_preferenciais_2024.1.xlsx,/Users/robertdrey/Documents/workspace/development/alocador_de_salas,resultados/experimentos/2024_1/hibridas_dia_turno_curso_pares/dia_turno_curso_pares_init180.sol,resultados/experimentos/2024_1/hibridas_dia_turno_curso_pares/dia_turno_curso_pares_init180.csv,resultados/experimentos/2024_1/hibridas_dia_turno_curso_pares/dia_turno_curso_pares_init180.json,dia_turno_curso -> par_cursos,alfabetica,,alfabetica,,180.0,1,180.0,600.0,1,0,CICLO_SEM_MELHORIA,3,,,
2,3,7,dia_turno_curso,2_T_AGRO,82,20194,74796,OPTIMAL,185307.0,185307.0,False,185307.0,21.27,20.91,600.0,2,T,AGRO,alfabetica,,1,True,True,CICLO_SEM_MELHORIA,iteracao,hibrida_dia_turno_curso_pares,180.0,180.0,600.0,14400.0,False,False,alfabetica,,alfabetica,,./dados/2024_1/horarios_2024_1.xlsx,./dados/2024_1/salas_2024_1.csv,./dados/2024_1/salas_preferenciais_2024.1.xlsx,/Users/robertdrey/Documents/workspace/development/alocador_de_salas,resultados/experimentos/2024_1/hibridas_dia_turno_curso_pares/dia_turno_curso_pares_init180.sol,resultados/experimentos/2024_1/hibridas_dia_turno_curso_pares/dia_turno_curso_pares_init180.csv,resultados/experimentos/2024_1/hibridas_dia_turno_curso_pares/dia_turno_curso_pares_init180.json,dia_turno_curso -> par_cursos,alfabetica,,alfabetica,,180.0,1,180.0,600.0,1,0,CICLO_SEM_MELHORIA,3,,,
2,3,8,dia_turno_curso,2_T_CC,70,20010,74980,OPTIMAL,185307.0,185307.0,False,185307.0,3.78,3.45,600.0,2,T,CC,alfabetica,,1,True,True,CICLO_SEM_MELHORIA,iteracao,hibrida_dia_turno_curso_pares,180.0,180.0,600.0,14400.0,False,False,alfabetica,,alfabetica,,./dados/2024_1/horarios_2024_1.xlsx,./dados/2024_1/salas_2024_1.csv,./dados/2024_1/salas_preferenciais_2024.1.xlsx,/Users/robertdrey/Documents/workspace/development/alocador_de_salas,resultados/experimentos/2024_1/hibridas_dia_turno_curso_pares/dia_turno_curso_pares_init180.sol,resultados/experimentos/2024_1/hibridas_dia_turno_curso_pares/dia_turno_curso_pares_init180.csv,resultados/experimentos/2024_1/hibridas_dia_turno_curso_pares/dia_turno_curso_pares_init180.json,dia_turno_curso -> par_cursos,alfabetica,,alfabetica,,180.0,1,180.0,600.0,1,0,CICLO_SEM_MELHORIA,3,,,
2,3,9,dia_turno_curso,2_T_CS,55,16284,78706,OPTIMAL,185307.0,185307.0,False,185307.0,1.72,1.41,600.0,2,T,CS,alfabetica,,1,True,True,CICLO_SEM_MELHORIA,iteracao,hibrida_dia_turno_curso_pares,180.0,180.0,600.0,14400.0,False,False,alfabetica,,alfabetica,,./dados/2024_1/horarios_2024_1.xlsx,./dados/2024_1/salas_2024_1.csv,./dados/2024_1/salas_preferenciais_2024.1.xlsx,/Users/robertdrey/Documents/workspace/development/alocador_de_salas,resultados/experimentos/2024_1/hibridas_dia_turno_curso_pares/dia_turno_curso_pares_init180.sol,resultados/experimentos/2024_1/hibridas_dia_turno_curso_pares/dia_turno_curso_pares_init180.csv,resultados/experimentos/2024_1/hibridas_dia_turno_curso_pares/dia_turno_curso_pares_init180.json,dia_turno_curso -> par_cursos,alfabetica,,alfabetica,,180.0,1,180.0,600.0,1,0,CICLO_SEM_MELHORIA,3,,,
2,3,10,dia_turno_curso,2_T_EAS,74,18538,76452,OPTIMAL,185307.0,185307.0,False,185307.0,1.68,1.38,600.0,2,T,EAS,alfabetica,,1,True,True,CICLO_SEM_MELHORIA,iteracao,hibrida_dia_turno_curso_pares,180.0,180.0,600.0,14400.0,False,False,alfabetica,,alfabetica,,./dados/2024_1/horarios_2024_1.xlsx,./dados/2024_1/salas_2024_1.csv,./dados/2024_1/salas_preferenciais_2024.1.xlsx,/Users/robertdrey/Documents/workspace/development/alocador_de_salas,resultados/experimentos/2024_1/hibridas_dia_turno_curso_pares/dia_turno_curso_pares_init180.sol,resultados/experimentos/2024_1/hibridas_dia_turno_curso_pares/dia_turno_curso_pares_init180.csv,resultados/experimentos/2024_1/hibridas_dia_turno_curso_pares/dia_turno_curso_pares_init180.json,dia_turno_curso -> par_cursos,alfabetica,,alfabetica,,180.0,1,180.0,600.0,1,0,CICLO_SEM_MELHORIA,3,,,
2,3,11,dia_turno_curso,2_T_ENF,47,16422,78568,OPTIMAL,185307.0,185307.0,False,185307.0,4.12,3.81,600.0,2,T,ENF,alfabetica,,1,True,True,CICLO_SEM_MELHORIA,iteracao,hibrida_dia_turno_curso_pares,180.0,180.0,600.0,14400.0,False,False,alfabetica,,alfabetica,,./dados/2024_1/horarios_2024_1.xlsx,./dados/2024_1/salas_2024_1.csv,./dados/2024_1/salas_preferenciais_2024.1.xlsx,/Users/robertdrey/Documents/workspace/development/alocador_de_salas,resultados/experimentos/2024_1/hibridas_dia_turno_curso_pares/dia_turno_curso_pares_init180.sol,resultados/experimentos/2024_1/hibridas_dia_turno_curso_pares/dia_turno_curso_pares_init180.csv,resultados/experimentos/2024_1/hibridas_dia_turno_curso_pares/dia_turno_curso_pares_init180.json,dia_turno_curso -> par_cursos,alfabetica,,alfabetica,,180.0,1,180.0,600.0,1,0,CICLO_SEM_MELHORIA,3,,,
2,3,12,dia_turno_curso,2_T_GEO,43,13846,81144,OPTIMAL,185307.0,185307.0,False,185307.0,1.56,1.25,600.0,2,T,GEO,alfabetica,,1,True,True,CICLO_SEM_MELHORIA,iteracao,hibrida_dia_turno_curso_pares,180.0,180.0,600.0,14400.0,False,False,alfabetica,,alfabetica,,./dados/2024_1/horarios_2024_1.xlsx,./dados/2024_1/salas_2024_1.csv,./dados/2024_1/salas_preferenciais_2024.1.xlsx,/Users/robertdrey/Documents/workspace/development/alocador_de_salas,resultados/experimentos/2024_1/hibridas_dia_turno_curso_pares/dia_turno_curso_pares_init180.sol,resultados/experimentos/2024_1/hibridas_dia_turno_curso_pares/dia_turno_curso_pares_init180.csv,resultados/experimentos/2024_1/hibridas_dia_turno_curso_pares/dia_turno_curso_pares_init180.json,dia_turno_curso -> par_cursos,alfabetica,,alfabetica,,180.0,1,180.0,600.0,1,0,CICLO_SEM_MELHORIA,3,,,
2,3,13,dia_turno_curso,2_T_LET,67,19228,75762,OPTIMAL,185307.0,185307.0,False,185307.0,2.25,1.94,600.0,2,T,LET,alfabetica,,1,True,True,CICLO_SEM_MELHORIA,iteracao,hibrida_dia_turno_curso_pares,180.0,180.0,600.0,14400.0,False,False,alfabetica,,alfabetica,,./dados/2024_1/horarios_2024_1.xlsx,./dados/2024_1/salas_2024_1.csv,./dados/2024_1/salas_preferenciais_2024.1.xlsx,/Users/robertdrey/Documents/workspace/development/alocador_de_salas,resultados/experimentos/2024_1/hibridas_dia_turno_curso_pares/dia_turno_curso_pares_init180.sol,resultados/experimentos/2024_1/hibridas_dia_turno_curso_pares/dia_turno_curso_pares_init180.csv,resultados/experimentos/2024_1/hibridas_dia_turno_curso_pares/dia_turno_curso_pares_init180.json,dia_turno_curso -> par_cursos,alfabetica,,alfabetica,,180.0,1,180.0,600.0,1,0,CICLO_SEM_MELHORIA,3,,,
2,3,14,dia_turno_curso,2_T_MAT,56,16606,78384,OPTIMAL,185307.0,185307.0,False,185307.0,1.8,1.49,600.0,2,T,MAT,alfabetica,,1,True,True,CICLO_SEM_MELHORIA,iteracao,hibrida_dia_turno_curso_pares,180.0,180.0,600.0,14400.0,False,False,alfabetica,,alfabetica,,./dados/2024_1/horarios_2024_1.xlsx,./dados/2024_1/salas_2024_1.csv,./dados/2024_1/salas_preferenciais_2024.1.xlsx,/Users/robertdrey/Documents/workspace/development/alocador_de_salas,resultados/experimentos/2024_1/hibridas_dia_turno_curso_pares/dia_turno_curso_pares_init180.sol,resultados/experimentos/2024_1/hibridas_dia_turno_curso_pares/dia_turno_curso_pares_init180.csv,resultados/experimentos/2024_1/hibridas_dia_turno_curso_pares/dia_turno_curso_pares_init180.json,dia_turno_curso -> par_cursos,alfabetica,,alfabetica,,180.0,1,180.0,600.0,1,0,CICLO_SEM_MELHORIA,3,,,
2,3,15,dia_turno_curso,2_T_MED,71,20286,74704,OPTIMAL,185307.0,185307.0,False,185307.0,2.65,2.34,600.0,2,T,MED,alfabetica,,1,True,True,CICLO_SEM_MELHORIA,iteracao,hibrida_dia_turno_curso_pares,180.0,180.0,600.0,14400.0,False,False,alfabetica,,alfabetica,,./dados/2024_1/horarios_2024_1.xlsx,./dados/2024_1/salas_2024_1.csv,./dados/2024_1/salas_preferenciais_2024.1.xlsx,/Users/robertdrey/Documents/workspace/development/alocador_de_salas,resultados/experimentos/2024_1/hibridas_dia_turno_curso_pares/dia_turno_curso_pares_init180.sol,resultados/experimentos/2024_1/hibridas_dia_turno_curso_pares/dia_turno_curso_pares_init180.csv,resultados/experimentos/2024_1/hibridas_dia_turno_curso_pares/dia_turno_curso_pares_init180.json,dia_turno_curso -> par_cursos,alfabetica,,alfabetica,,180.0,1,180.0,600.0,1,0,CICLO_SEM_MELHORIA,3,,,
2,3,16,dia_turno_curso,2_N_ADM,85,18078,76912,OPTIMAL,185307.0,185307.0,False,185307.0,2.36,2.05,600.0,2,N,ADM,alfabetica,,1,True,True,CICLO_SEM_MELHORIA,iteracao,hibrida_dia_turno_curso_pares,180.0,180.0,600.0,14400.0,False,False,alfabetica,,alfabetica,,./dados/2024_1/horarios_2024_1.xlsx,./dados/2024_1/salas_2024_1.csv,./dados/2024_1/salas_preferenciais_2024.1.xlsx,/Users/robertdrey/Documents/workspace/development/alocador_de_salas,resultados/experimentos/2024_1/hibridas_dia_turno_curso_pares/dia_turno_curso_pares_init180.sol,resultados/experimentos/2024_1/hibridas_dia_turno_curso_pares/dia_turno_curso_pares_init180.csv,resultados/experimentos/2024_1/hibridas_dia_turno_curso_pares/dia_turno_curso_pares_init180.json,dia_turno_curso -> par_cursos,alfabetica,,alfabetica,,180.0,1,180.0,600.0,1,0,CICLO_SEM_MELHORIA,3,,,
2,3,17,dia_turno_curso,2_N_CC,83,19136,75854,OPTIMAL,185307.0,185307.0,False,185307.0,4.24,3.93,600.0,2,N,CC,alfabetica,,1,True,True,CICLO_SEM_MELHORIA,iteracao,hibrida_dia_turno_curso_pares,180.0,180.0,600.0,14400.0,False,False,alfabetica,,alfabetica,,./dados/2024_1/horarios_2024_1.xlsx,./dados/2024_1/salas_2024_1.csv,./dados/2024_1/salas_preferenciais_2024.1.xlsx,/Users/robertdrey/Documents/workspace/development/alocador_de_salas,resultados/experimentos/2024_1/hibridas_dia_turno_curso_pares/dia_turno_curso_pares_init180.sol,resultados/experimentos/2024_1/hibridas_dia_turno_curso_pares/dia_turno_curso_pares_init180.csv,resultados/experimentos/2024_1/hibridas_dia_turno_curso_pares/dia_turno_curso_pares_init180.json,dia_turno_curso -> par_cursos,alfabetica,,alfabetica,,180.0,1,180.0,600.0,1,0,CICLO_SEM_MELHORIA,3,,,
2,3,18,dia_turno_curso,2_N_CS,59,13248,81742,OPTIMAL,185307.0,185307.0,False,185307.0,1.91,1.59,600.0,2,N,CS,alfabetica,,1,True,True,CICLO_SEM_MELHORIA,iteracao,hibrida_dia_turno_curso_pares,180.0,180.0,600.0,14400.0,False,False,alfabetica,,alfabetica,,./dados/2024_1/horarios_2024_1.xlsx,./dados/2024_1/salas_2024_1.csv,./dados/2024_1/salas_preferenciais_2024.1.xlsx,/Users/robertdrey/Documents/workspace/development/alocador_de_salas,resultados/experimentos/2024_1/hibridas_dia_turno_curso_pares/dia_turno_curso_pares_init180.sol,resultados/experimentos/2024_1/hibridas_dia_turno_curso_pares/dia_turno_curso_pares_init180.csv,resultados/experimentos/2024_1/hibridas_dia_turno_curso_pares/dia_turno_curso_pares_init180.json,dia_turno_curso -> par_cursos,alfabetica,,alfabetica,,180.0,1,180.0,600.0,1,0,CICLO_SEM_MELHORIA,3,,,
2,3,19,dia_turno_curso,2_N_EAS,85,16376,78614,OPTIMAL,185307.0,185307.0,False,185307.0,1.88,1.58,600.0,2,N,EAS,alfabetica,,1,True,True,CICLO_SEM_MELHORIA,iteracao,hibrida_dia_turno_curso_pares,180.0,180.0,600.0,14400.0,False,False,alfabetica,,alfabetica,,./dados/2024_1/horarios_2024_1.xlsx,./dados/2024_1/salas_2024_1.csv,./dados/2024_1/salas_preferenciais_2024.1.xlsx,/Users/robertdrey/Documents/workspace/development/alocador_de_salas,resultados/experimentos/2024_1/hibridas_dia_turno_curso_pares/dia_turno_curso_pares_init180.sol,resultados/experimentos/2024_1/hibridas_dia_turno_curso_pares/dia_turno_curso_pares_init180.csv,resultados/experimentos/2024_1/hibridas_dia_turno_curso_pares/dia_turno_curso_pares_init180.json,dia_turno_curso -> par_cursos,alfabetica,,alfabetica,,180.0,1,180.0,600.0,1,0,CICLO_SEM_MELHORIA,3,,,
2,3,20,dia_turno_curso,2_N_FIL,53,11730,83260,OPTIMAL,185307.0,185307.0,False,185307.0,1.48,1.18,600.0,2,N,FIL,alfabetica,,1,True,True,CICLO_SEM_MELHORIA,iteracao,hibrida_dia_turno_curso_pares,180.0,180.0,600.0,14400.0,False,False,alfabetica,,alfabetica,,./dados/2024_1/horarios_2024_1.xlsx,./dados/2024_1/salas_2024_1.csv,./dados/2024_1/salas_preferenciais_2024.1.xlsx,/Users/robertdrey/Documents/workspace/development/alocador_de_salas,resultados/experimentos/2024_1/hibridas_dia_turno_curso_pares/dia_turno_curso_pares_init180.sol,resultados/experimentos/2024_1/hibridas_dia_turno_curso_pares/dia_turno_curso_pares_init180.csv,resultados/experimentos/2024_1/hibridas_dia_turno_curso_pares/dia_turno_curso_pares_init180.json,dia_turno_curso -> par_cursos,alfabetica,,alfabetica,,180.0,1,180.0,600.0,1,0,CICLO_SEM_MELHORIA,3,,,
2,3,21,dia_turno_curso,2_N_GEO,48,10994,83996,OPTIMAL,185307.0,185307.0,False,185307.0,1.72,1.4,600.0,2,N,GEO,alfabetica,,1,True,True,CICLO_SEM_MELHORIA,iteracao,hibrida_dia_turno_curso_pares,180.0,180.0,600.0,14400.0,False,False,alfabetica,,alfabetica,,./dados/2024_1/horarios_2024_1.xlsx,./dados/2024_1/salas_2024_1.csv,./dados/2024_1/salas_preferenciais_2024.1.xlsx,/Users/robertdrey/Documents/workspace/development/alocador_de_salas,resultados/experimentos/2024_1/hibridas_dia_turno_curso_pares/dia_turno_curso_pares_init180.sol,resultados/experimentos/2024_1/hibridas_dia_turno_curso_pares/dia_turno_curso_pares_init180.csv,resultados/experimentos/2024_1/hibridas_dia_turno_curso_pares/dia_turno_curso_pares_init180.json,dia_turno_curso -> par_cursos,alfabetica,,alfabetica,,180.0,1,180.0,600.0,1,0,CICLO_SEM_MELHORIA,3,,,
2,3,22,dia_turno_curso,2_N_HIS,61,13570,81420,OPTIMAL,185307.0,185307.0,False,185307.0,2.17,1.86,600.0,2,N,HIS,alfabetica,,1,True,True,CICLO_SEM_MELHORIA,iteracao,hibrida_dia_turno_curso_pares,180.0,180.0,600.0,14400.0,False,False,alfabetica,,alfabetica,,./dados/2024_1/horarios_2024_1.xlsx,./dados/2024_1/salas_2024_1.csv,./dados/2024_1/salas_preferenciais_2024.1.xlsx,/Users/robertdrey/Documents/workspace/development/alocador_de_salas,resultados/experimentos/2024_1/hibridas_dia_turno_curso_pares/dia_turno_curso_pares_init180.sol,resultados/experimentos/2024_1/hibridas_dia_turno_curso_pares/dia_turno_curso_pares_init180.csv,resultados/experimentos/2024_1/hibridas_dia_turno_curso_pares/dia_turno_curso_pares_init180.json,dia_turno_curso -> par_cursos,alfabetica,,alfabetica,,180.0,1,180.0,600.0,1,0,CICLO_SEM_MELHORIA,3,,,
2,3,23,dia_turno_curso,2_N_LET,71,16790,78200,OPTIMAL,185307.0,185307.0,False,185307.0,2.81,2.5,600.0,2,N,LET,alfabetica,,1,True,True,CICLO_SEM_MELHORIA,iteracao,hibrida_dia_turno_curso_pares,180.0,180.0,600.0,14400.0,False,False,alfabetica,,alfabetica,,./dados/2024_1/horarios_2024_1.xlsx,./dados/2024_1/salas_2024_1.csv,./dados/2024_1/salas_preferenciais_2024.1.xlsx,/Users/robertdrey/Documents/workspace/development/alocador_de_salas,resultados/experimentos/2024_1/hibridas_dia_turno_curso_pares/dia_turno_curso_pares_init180.sol,resultados/experimentos/2024_1/hibridas_dia_turno_curso_pares/dia_turno_curso_pares_init180.csv,resultados/experimentos/2024_1/hibridas_dia_turno_curso_pares/dia_turno_curso_pares_init180.json,dia_turno_curso -> par_cursos,alfabetica,,alfabetica,,180.0,1,180.0,600.0,1,0,CICLO_SEM_MELHORIA,3,,,
2,3,24,dia_turno_curso,2_N_MAT,60,13386,81604,OPTIMAL,185307.0,185307.0,False,185307.0,1.78,1.47,600.0,2,N,MAT,alfabetica,,1,True,True,CICLO_SEM_MELHORIA,iteracao,hibrida_dia_turno_curso_pares,180.0,180.0,600.0,14400.0,False,False,alfabetica,,alfabetica,,./dados/2024_1/horarios_2024_1.xlsx,./dados/2024_1/salas_2024_1.csv,./dados/2024_1/salas_preferenciais_2024.1.xlsx,/Users/robertdrey/Documents/workspace/development/alocador_de_salas,resultados/experimentos/2024_1/hibridas_dia_turno_curso_pares/dia_turno_curso_pares_init180.sol,resultados/experimentos/2024_1/hibridas_dia_turno_curso_pares/dia_turno_curso_pares_init180.csv,resultados/experimentos/2024_1/hibridas_dia_turno_curso_pares/dia_turno_curso_pares_init180.json,dia_turno_curso -> par_cursos,alfabetica,,alfabetica,,180.0,1,180.0,600.0,1,0,CICLO_SEM_MELHORIA,3,,,
2,3,25,dia_turno_curso,2_N_MED,81,18630,76360,OPTIMAL,185307.0,185307.0,False,185307.0,2.59,2.3,600.0,2,N,MED,alfabetica,,1,True,True,CICLO_SEM_MELHORIA,iteracao,hibrida_dia_turno_curso_pares,180.0,180.0,600.0,14400.0,False,False,alfabetica,,alfabetica,,./dados/2024_1/horarios_2024_1.xlsx,./dados/2024_1/salas_2024_1.csv,./dados/2024_1/salas_preferenciais_2024.1.xlsx,/Users/robertdrey/Documents/workspace/development/alocador_de_salas,resultados/experimentos/2024_1/hibridas_dia_turno_curso_pares/dia_turno_curso_pares_init180.sol,resultados/experimentos/2024_1/hibridas_dia_turno_curso_pares/dia_turno_curso_pares_init180.csv,resultados/experimentos/2024_1/hibridas_dia_turno_curso_pares/dia_turno_curso_pares_init180.json,dia_turno_curso -> par_cursos,alfabetica,,alfabetica,,180.0,1,180.0,600.0,1,0,CICLO_SEM_MELHORIA,3,,,
2,3,26,dia_turno_curso,2_N_PED,91,21022,73968,OPTIMAL,185307.0,185307.0,False,185307.0,24.68,24.37,600.0,2,N,PED,alfabetica,,1,True,True,CICLO_SEM_MELHORIA,iteracao,hibrida_dia_turno_curso_pares,180.0,180.0,600.0,14400.0,False,False,alfabetica,,alfabetica,,./dados/2024_1/horarios_2024_1.xlsx,./dados/2024_1/salas_2024_1.csv,./dados/2024_1/salas_preferenciais_2024.1.xlsx,/Users/robertdrey/Documents/workspace/development/alocador_de_salas,resultados/experimentos/2024_1/hibridas_dia_turno_curso_pares/dia_turno_curso_pares_init180.sol,resultados/experimentos/2024_1/hibridas_dia_turno_curso_pares/dia_turno_curso_pares_init180.csv,resultados/experimentos/2024_1/hibridas_dia_turno_curso_pares/dia_turno_curso_pares_init180.json,dia_turno_curso -> par_cursos,alfabetica,,alfabetica,,180.0,1,180.0,600.0,1,0,CICLO_SEM_MELHORIA,3,,,
2,3,27,dia_turno_curso,3_M_ADM,79,18676,76314,OPTIMAL,185307.0,185307.0,False,185307.0,2.47,2.14,600.0,3,M,ADM,alfabetica,,1,True,True,CICLO_SEM_MELHORIA,iteracao,hibrida_dia_turno_curso_pares,180.0,180.0,600.0,14400.0,False,False,alfabetica,,alfabetica,,./dados/2024_1/horarios_2024_1.xlsx,./dados/2024_1/salas_2024_1.csv,./dados/2024_1/salas_preferenciais_2024.1.xlsx,/Users/robertdrey/Documents/workspace/development/alocador_de_salas,resultados/experimentos/2024_1/hibridas_dia_turno_curso_pares/dia_turno_curso_pares_init180.sol,resultados/experimentos/2024_1/hibridas_dia_turno_curso_pares/dia_turno_curso_pares_init180.csv,resultados/experimentos/2024_1/hibridas_dia_turno_curso_pares/dia_turno_curso_pares_init180.json,dia_turno_curso -> par_cursos,alfabetica,,alfabetica,,180.0,1,180.0,600.0,1,0,CICLO_SEM_MELHORIA,3,,,
2,3,28,dia_turno_curso,3_M_AGRO,77,16514,78476,OPTIMAL,185307.0,185307.0,False,185307.0,16.48,16.16,600.0,3,M,AGRO,alfabetica,,1,True,True,CICLO_SEM_MELHORIA,iteracao,hibrida_dia_turno_curso_pares,180.0,180.0,600.0,14400.0,False,False,alfabetica,,alfabetica,,./dados/2024_1/horarios_2024_1.xlsx,./dados/2024_1/salas_2024_1.csv,./dados/2024_1/salas_preferenciais_2024.1.xlsx,/Users/robertdrey/Documents/workspace/development/alocador_de_salas,resultados/experimentos/2024_1/hibridas_dia_turno_curso_pares/dia_turno_curso_pares_init180.sol,resultados/experimentos/2024_1/hibridas_dia_turno_curso_pares/dia_turno_curso_pares_init180.csv,resultados/experimentos/2024_1/hibridas_dia_turno_curso_pares/dia_turno_curso_pares_init180.json,dia_turno_curso -> par_cursos,alfabetica,,alfabetica,,180.0,1,180.0,600.0,1,0,CICLO_SEM_MELHORIA,3,,,
2,3,29,dia_turno_curso,3_M_EAS,75,16928,78062,OPTIMAL,185307.0,185307.0,False,185307.0,2.87,2.56,600.0,3,M,EAS,alfabetica,,1,True,True,CICLO_SEM_MELHORIA,iteracao,hibrida_dia_turno_curso_pares,180.0,180.0,600.0,14400.0,False,False,alfabetica,,alfabetica,,./dados/2024_1/horarios_2024_1.xlsx,./dados/2024_1/salas_2024_1.csv,./dados/2024_1/salas_preferenciais_2024.1.xlsx,/Users/robertdrey/Documents/workspace/development/alocador_de_salas,resultados/experimentos/2024_1/hibridas_dia_turno_curso_pares/dia_turno_curso_pares_init180.sol,resultados/experimentos/2024_1/hibridas_dia_turno_curso_pares/dia_turno_curso_pares_init180.csv,resultados/experimentos/2024_1/hibridas_dia_turno_curso_pares/dia_turno_curso_pares_init180.json,dia_turno_curso -> par_cursos,alfabetica,,alfabetica,,180.0,1,180.0,600.0,1,0,CICLO_SEM_MELHORIA,3,,,
2,3,30,dia_turno_curso,3_M_ENF,49,15640,79350,OPTIMAL,185307.0,185307.0,False,185307.0,4.77,4.46,600.0,3,M,ENF,alfabetica,,1,True,True,CICLO_SEM_MELHORIA,iteracao,hibrida_dia_turno_curso_pares,180.0,180.0,600.0,14400.0,False,False,alfabetica,,alfabetica,,./dados/2024_1/horarios_2024_1.xlsx,./dados/2024_1/salas_2024_1.csv,./dados/2024_1/salas_preferenciais_2024.1.xlsx,/Users/robertdrey/Documents/workspace/development/alocador_de_salas,resultados/experimentos/2024_1/hibridas_dia_turno_curso_pares/dia_turno_curso_pares_init180.sol,resultados/experimentos/2024_1/hibridas_dia_turno_curso_pares/dia_turno_curso_pares_init180.csv,resultados/experimentos/2024_1/hibridas_dia_turno_curso_pares/dia_turno_curso_pares_init180.json,dia_turno_curso -> par_cursos,alfabetica,,alfabetica,,180.0,1,180.0,600.0,1,0,CICLO_SEM_MELHORIA,3,,,
2,3,31,dia_turno_curso,3_M_MED,73,18492,76498,OPTIMAL,185307.0,185307.0,False,185307.0,3.59,3.27,600.0,3,M,MED,alfabetica,,1,True,True,CICLO_SEM_MELHORIA,iteracao,hibrida_dia_turno_curso_pares,180.0,180.0,600.0,14400.0,False,False,alfabetica,,alfabetica,,./dados/2024_1/horarios_2024_1.xlsx,./dados/2024_1/salas_2024_1.csv,./dados/2024_1/salas_preferenciais_2024.1.xlsx,/Users/robertdrey/Documents/workspace/development/alocador_de_salas,resultados/experimentos/2024_1/hibridas_dia_turno_curso_pares/dia_turno_curso_pares_init180.sol,resultados/experimentos/2024_1/hibridas_dia_turno_curso_pares/dia_turno_curso_pares_init180.csv,resultados/experimentos/2024_1/hibridas_dia_turno_curso_pares/dia_turno_curso_pares_init180.json,dia_turno_curso -> par_cursos,alfabetica,,alfabetica,,180.0,1,180.0,600.0,1,0,CICLO_SEM_MELHORIA,3,,,
2,3,32,dia_turno_curso,3_M_PED,86,22126,72864,OPTIMAL,185307.0,185307.0,False,185307.0,42.22,41.91,600.0,3,M,PED,alfabetica,,1,True,True,CICLO_SEM_MELHORIA,iteracao,hibrida_dia_turno_curso_pares,180.0,180.0,600.0,14400.0,False,False,alfabetica,,alfabetica,,./dados/2024_1/horarios_2024_1.xlsx,./dados/2024_1/salas_2024_1.csv,./dados/2024_1/salas_preferenciais_2024.1.xlsx,/Users/robertdrey/Documents/workspace/development/alocador_de_salas,resultados/experimentos/2024_1/hibridas_dia_turno_curso_pares/dia_turno_curso_pares_init180.sol,resultados/experimentos/2024_1/hibridas_dia_turno_curso_pares/dia_turno_curso_pares_init180.csv,resultados/experimentos/2024_1/hibridas_dia_turno_curso_pares/dia_turno_curso_pares_init180.json,dia_turno_curso -> par_cursos,alfabetica,,alfabetica,,180.0,1,180.0,600.0,1,0,CICLO_SEM_MELHORIA,3,,,
2,3,33,dia_turno_curso,3_T_AGRO,82,19872,75118,OPTIMAL,185307.0,185307.0,False,185307.0,15.24,14.93,600.0,3,T,AGRO,alfabetica,,1,True,True,CICLO_SEM_MELHORIA,iteracao,hibrida_dia_turno_curso_pares,180.0,180.0,600.0,14400.0,False,False,alfabetica,,alfabetica,,./dados/2024_1/horarios_2024_1.xlsx,./dados/2024_1/salas_2024_1.csv,./dados/2024_1/salas_preferenciais_2024.1.xlsx,/Users/robertdrey/Documents/workspace/development/alocador_de_salas,resultados/experimentos/2024_1/hibridas_dia_turno_curso_pares/dia_turno_curso_pares_init180.sol,resultados/experimentos/2024_1/hibridas_dia_turno_curso_pares/dia_turno_curso_pares_init180.csv,resultados/experimentos/2024_1/hibridas_dia_turno_curso_pares/dia_turno_curso_pares_init180.json,dia_turno_curso -> par_cursos,alfabetica,,alfabetica,,180.0,1,180.0,600.0,1,0,CICLO_SEM_MELHORIA,3,,,
2,3,34,dia_turno_curso,3_T_CC,71,19964,75026,OPTIMAL,185307.0,185307.0,False,185307.0,2.88,2.57,600.0,3,T,CC,alfabetica,,1,True,True,CICLO_SEM_MELHORIA,iteracao,hibrida_dia_turno_curso_pares,180.0,180.0,600.0,14400.0,False,False,alfabetica,,alfabetica,,./dados/2024_1/horarios_2024_1.xlsx,./dados/2024_1/salas_2024_1.csv,./dados/2024_1/salas_preferenciais_2024.1.xlsx,/Users/robertdrey/Documents/workspace/development/alocador_de_salas,resultados/experimentos/2024_1/hibridas_dia_turno_curso_pares/dia_turno_curso_pares_init180.sol,resultados/experimentos/2024_1/hibridas_dia_turno_curso_pares/dia_turno_curso_pares_init180.csv,resultados/experimentos/2024_1/hibridas_dia_turno_curso_pares/dia_turno_curso_pares_init180.json,dia_turno_curso -> par_cursos,alfabetica,,alfabetica,,180.0,1,180.0,600.0,1,0,CICLO_SEM_MELHORIA,3,,,
2,3,35,dia_turno_curso,3_T_EAS,74,17848,77142,OPTIMAL,185307.0,185307.0,False,185307.0,1.56,1.24,600.0,3,T,EAS,alfabetica,,1,True,True,CICLO_SEM_MELHORIA,iteracao,hibrida_dia_turno_curso_pares,180.0,180.0,600.0,14400.0,False,False,alfabetica,,alfabetica,,./dados/2024_1/horarios_2024_1.xlsx,./dados/2024_1/salas_2024_1.csv,./dados/2024_1/salas_preferenciais_2024.1.xlsx,/Users/robertdrey/Documents/workspace/development/alocador_de_salas,resultados/experimentos/2024_1/hibridas_dia_turno_curso_pares/dia_turno_curso_pares_init180.sol,resultados/experimentos/2024_1/hibridas_dia_turno_curso_pares/dia_turno_curso_pares_init180.csv,resultados/experimentos/2024_1/hibridas_dia_turno_curso_pares/dia_turno_curso_pares_init180.json,dia_turno_curso -> par_cursos,alfabetica,,alfabetica,,180.0,1,180.0,600.0,1,0,CICLO_SEM_MELHORIA,3,,,
2,3,36,dia_turno_curso,3_T_ENF,47,16146,78844,OPTIMAL,185307.0,185307.0,False,185307.0,3.85,3.53,600.0,3,T,ENF,alfabetica,,1,True,True,CICLO_SEM_MELHORIA,iteracao,hibrida_dia_turno_curso_pares,180.0,180.0,600.0,14400.0,False,False,alfabetica,,alfabetica,,./dados/2024_1/horarios_2024_1.xlsx,./dados/2024_1/salas_2024_1.csv,./dados/2024_1/salas_preferenciais_2024.1.xlsx,/Users/robertdrey/Documents/workspace/development/alocador_de_salas,resultados/experimentos/2024_1/hibridas_dia_turno_curso_pares/dia_turno_curso_pares_init180.sol,resultados/experimentos/2024_1/hibridas_dia_turno_curso_pares/dia_turno_curso_pares_init180.csv,resultados/experimentos/2024_1/hibridas_dia_turno_curso_pares/dia_turno_curso_pares_init180.json,dia_turno_curso -> par_cursos,alfabetica,,alfabetica,,180.0,1,180.0,600.0,1,0,CICLO_SEM_MELHORIA,3,,,
2,3,37,dia_turno_curso,3_T_GEO,43,13524,81466,OPTIMAL,185307.0,185307.0,False,185307.0,1.1,0.78,600.0,3,T,GEO,alfabetica,,1,True,True,CICLO_SEM_MELHORIA,iteracao,hibrida_dia_turno_curso_pares,180.0,180.0,600.0,14400.0,False,False,alfabetica,,alfabetica,,./dados/2024_1/horarios_2024_1.xlsx,./dados/2024_1/salas_2024_1.csv,./dados/2024_1/salas_preferenciais_2024.1.xlsx,/Users/robertdrey/Documents/workspace/development/alocador_de_salas,resultados/experimentos/2024_1/hibridas_dia_turno_curso_pares/dia_turno_curso_pares_init180.sol,resultados/experimentos/2024_1/hibridas_dia_turno_curso_pares/dia_turno_curso_pares_init180.csv,resultados/experimentos/2024_1/hibridas_dia_turno_curso_pares/dia_turno_curso_pares_init180.json,dia_turno_curso -> par_cursos,alfabetica,,alfabetica,,180.0,1,180.0,600.0,1,0,CICLO_SEM_MELHORIA,3,,,
2,3,38,dia_turno_curso,3_T_LET,67,19090,75900,OPTIMAL,185307.0,185307.0,False,185307.0,1.92,1.61,600.0,3,T,LET,alfabetica,,1,True,True,CICLO_SEM_MELHORIA,iteracao,hibrida_dia_turno_curso_pares,180.0,180.0,600.0,14400.0,False,False,alfabetica,,alfabetica,,./dados/2024_1/horarios_2024_1.xlsx,./dados/2024_1/salas_2024_1.csv,./dados/2024_1/salas_preferenciais_2024.1.xlsx,/Users/robertdrey/Documents/workspace/development/alocador_de_salas,resultados/experimentos/2024_1/hibridas_dia_turno_curso_pares/dia_turno_curso_pares_init180.sol,resultados/experimentos/2024_1/hibridas_dia_turno_curso_pares/dia_turno_curso_pares_init180.csv,resultados/experimentos/2024_1/hibridas_dia_turno_curso_pares/dia_turno_curso_pares_init180.json,dia_turno_curso -> par_cursos,alfabetica,,alfabetica,,180.0,1,180.0,600.0,1,0,CICLO_SEM_MELHORIA,3,,,
2,3,39,dia_turno_curso,3_T_MED,68,19504,75486,OPTIMAL,185307.0,185307.0,False,185307.0,3.08,2.77,600.0,3,T,MED,alfabetica,,1,True,True,CICLO_SEM_MELHORIA,iteracao,hibrida_dia_turno_curso_pares,180.0,180.0,600.0,14400.0,False,False,alfabetica,,alfabetica,,./dados/2024_1/horarios_2024_1.xlsx,./dados/2024_1/salas_2024_1.csv,./dados/2024_1/salas_preferenciais_2024.1.xlsx,/Users/robertdrey/Documents/workspace/development/alocador_de_salas,resultados/experimentos/2024_1/hibridas_dia_turno_curso_pares/dia_turno_curso_pares_init180.sol,resultados/experimentos/2024_1/hibridas_dia_turno_curso_pares/dia_turno_curso_pares_init180.csv,resultados/experimentos/2024_1/hibridas_dia_turno_curso_pares/dia_turno_curso_pares_init180.json,dia_turno_curso -> par_cursos,alfabetica,,alfabetica,,180.0,1,180.0,600.0,1,0,CICLO_SEM_MELHORIA,3,,,
2,3,40,dia_turno_curso,3_N_ADM,84,16468,78522,OPTIMAL,185307.0,185307.0,False,185307.0,2.38,2.07,600.0,3,N,ADM,alfabetica,,1,True,True,CICLO_SEM_MELHORIA,iteracao,hibrida_dia_turno_curso_pares,180.0,180.0,600.0,14400.0,False,False,alfabetica,,alfabetica,,./dados/2024_1/horarios_2024_1.xlsx,./dados/2024_1/salas_2024_1.csv,./dados/2024_1/salas_preferenciais_2024.1.xlsx,/Users/robertdrey/Documents/workspace/development/alocador_de_salas,resultados/experimentos/2024_1/hibridas_dia_turno_curso_pares/dia_turno_curso_pares_init180.sol,resultados/experimentos/2024_1/hibridas_dia_turno_curso_pares/dia_turno_curso_pares_init180.csv,resultados/experimentos/2024_1/hibridas_dia_turno_curso_pares/dia_turno_curso_pares_init180.json,dia_turno_curso -> par_cursos,alfabetica,,alfabetica,,180.0,1,180.0,600.0,1,0,CICLO_SEM_MELHORIA,3,,,
2,3,41,dia_turno_curso,3_N_CC,81,17342,77648,OPTIMAL,185307.0,185307.0,False,185307.0,6.85,6.55,600.0,3,N,CC,alfabetica,,1,True,True,CICLO_SEM_MELHORIA,iteracao,hibrida_dia_turno_curso_pares,180.0,180.0,600.0,14400.0,False,False,alfabetica,,alfabetica,,./dados/2024_1/horarios_2024_1.xlsx,./dados/2024_1/salas_2024_1.csv,./dados/2024_1/salas_preferenciais_2024.1.xlsx,/Users/robertdrey/Documents/workspace/development/alocador_de_salas,resultados/experimentos/2024_1/hibridas_dia_turno_curso_pares/dia_turno_curso_pares_init180.sol,resultados/experimentos/2024_1/hibridas_dia_turno_curso_pares/dia_turno_curso_pares_init180.csv,resultados/experimentos/2024_1/hibridas_dia_turno_curso_pares/dia_turno_curso_pares_init180.json,dia_turno_curso -> par_cursos,alfabetica,,alfabetica,,180.0,1,180.0,600.0,1,0,CICLO_SEM_MELHORIA,3,,,
2,3,42,dia_turno_curso,3_N_CS,57,11546,83444,OPTIMAL,185307.0,185307.0,False,185307.0,1.92,1.6,600.0,3,N,CS,alfabetica,,1,True,True,CICLO_SEM_MELHORIA,iteracao,hibrida_dia_turno_curso_pares,180.0,180.0,600.0,14400.0,False,False,alfabetica,,alfabetica,,./dados/2024_1/horarios_2024_1.xlsx,./dados/2024_1/salas_2024_1.csv,./dados/2024_1/salas_preferenciais_2024.1.xlsx,/Users/robertdrey/Documents/workspace/development/alocador_de_salas,resultados/experimentos/2024_1/hibridas_dia_turno_curso_pares/dia_turno_curso_pares_init180.sol,resultados/experimentos/2024_1/hibridas_dia_turno_curso_pares/dia_turno_curso_pares_init180.csv,resultados/experimentos/2024_1/hibridas_dia_turno_curso_pares/dia_turno_curso_pares_init180.json,dia_turno_curso -> par_cursos,alfabetica,,alfabetica,,180.0,1,180.0,600.0,1,0,CICLO_SEM_MELHORIA,3,,,
2,3,43,dia_turno_curso,3_N_EAS,84,15180,79810,OPTIMAL,185307.0,185307.0,False,185307.0,1.89,1.58,600.0,3,N,EAS,alfabetica,,1,True,True,CICLO_SEM_MELHORIA,iteracao,hibrida_dia_turno_curso_pares,180.0,180.0,600.0,14400.0,False,False,alfabetica,,alfabetica,,./dados/2024_1/horarios_2024_1.xlsx,./dados/2024_1/salas_2024_1.csv,./dados/2024_1/salas_preferenciais_2024.1.xlsx,/Users/robertdrey/Documents/workspace/development/alocador_de_salas,resultados/experimentos/2024_1/hibridas_dia_turno_curso_pares/dia_turno_curso_pares_init180.sol,resultados/experimentos/2024_1/hibridas_dia_turno_curso_pares/dia_turno_curso_pares_init180.csv,resultados/experimentos/2024_1/hibridas_dia_turno_curso_pares/dia_turno_curso_pares_init180.json,dia_turno_curso -> par_cursos,alfabetica,,alfabetica,,180.0,1,180.0,600.0,1,0,CICLO_SEM_MELHORIA,3,,,
2,3,44,dia_turno_curso,3_N_FIL,53,10304,84686,OPTIMAL,185307.0,185307.0,False,185307.0,1.67,1.35,600.0,3,N,FIL,alfabetica,,1,True,True,CICLO_SEM_MELHORIA,iteracao,hibrida_dia_turno_curso_pares,180.0,180.0,600.0,14400.0,False,False,alfabetica,,alfabetica,,./dados/2024_1/horarios_2024_1.xlsx,./dados/2024_1/salas_2024_1.csv,./dados/2024_1/salas_preferenciais_2024.1.xlsx,/Users/robertdrey/Documents/workspace/development/alocador_de_salas,resultados/experimentos/2024_1/hibridas_dia_turno_curso_pares/dia_turno_curso_pares_init180.sol,resultados/experimentos/2024_1/hibridas_dia_turno_curso_pares/dia_turno_curso_pares_init180.csv,resultados/experimentos/2024_1/hibridas_dia_turno_curso_pares/dia_turno_curso_pares_init180.json,dia_turno_curso -> par_cursos,alfabetica,,alfabetica,,180.0,1,180.0,600.0,1,0,CICLO_SEM_MELHORIA,3,,,
2,3,45,dia_turno_curso,3_N_GEO,48,9568,85422,OPTIMAL,185307.0,185307.0,False,185307.0,1.46,1.14,600.0,3,N,GEO,alfabetica,,1,True,True,CICLO_SEM_MELHORIA,iteracao,hibrida_dia_turno_curso_pares,180.0,180.0,600.0,14400.0,False,False,alfabetica,,alfabetica,,./dados/2024_1/horarios_2024_1.xlsx,./dados/2024_1/salas_2024_1.csv,./dados/2024_1/salas_preferenciais_2024.1.xlsx,/Users/robertdrey/Documents/workspace/development/alocador_de_salas,resultados/experimentos/2024_1/hibridas_dia_turno_curso_pares/dia_turno_curso_pares_init180.sol,resultados/experimentos/2024_1/hibridas_dia_turno_curso_pares/dia_turno_curso_pares_init180.csv,resultados/experimentos/2024_1/hibridas_dia_turno_curso_pares/dia_turno_curso_pares_init180.json,dia_turno_curso -> par_cursos,alfabetica,,alfabetica,,180.0,1,180.0,600.0,1,0,CICLO_SEM_MELHORIA,3,,,
2,3,46,dia_turno_curso,3_N_HIS,60,11960,83030,OPTIMAL,185307.0,185307.0,False,185307.0,1.81,1.5,600.0,3,N,HIS,alfabetica,,1,True,True,CICLO_SEM_MELHORIA,iteracao,hibrida_dia_turno_curso_pares,180.0,180.0,600.0,14400.0,False,False,alfabetica,,alfabetica,,./dados/2024_1/horarios_2024_1.xlsx,./dados/2024_1/salas_2024_1.csv,./dados/2024_1/salas_preferenciais_2024.1.xlsx,/Users/robertdrey/Documents/workspace/development/alocador_de_salas,resultados/experimentos/2024_1/hibridas_dia_turno_curso_pares/dia_turno_curso_pares_init180.sol,resultados/experimentos/2024_1/hibridas_dia_turno_curso_pares/dia_turno_curso_pares_init180.csv,resultados/experimentos/2024_1/hibridas_dia_turno_curso_pares/dia_turno_curso_pares_init180.json,dia_turno_curso -> par_cursos,alfabetica,,alfabetica,,180.0,1,180.0,600.0,1,0,CICLO_SEM_MELHORIA,3,,,
2,3,47,dia_turno_curso,3_N_LET,70,15732,79258,OPTIMAL,185307.0,185307.0,False,185307.0,3.72,3.41,600.0,3,N,LET,alfabetica,,1,True,True,CICLO_SEM_MELHORIA,iteracao,hibrida_dia_turno_curso_pares,180.0,180.0,600.0,14400.0,False,False,alfabetica,,alfabetica,,./dados/2024_1/horarios_2024_1.xlsx,./dados/2024_1/salas_2024_1.csv,./dados/2024_1/salas_preferenciais_2024.1.xlsx,/Users/robertdrey/Documents/workspace/development/alocador_de_salas,resultados/experimentos/2024_1/hibridas_dia_turno_curso_pares/dia_turno_curso_pares_init180.sol,resultados/experimentos/2024_1/hibridas_dia_turno_curso_pares/dia_turno_curso_pares_init180.csv,resultados/experimentos/2024_1/hibridas_dia_turno_curso_pares/dia_turno_curso_pares_init180.json,dia_turno_curso -> par_cursos,alfabetica,,alfabetica,,180.0,1,180.0,600.0,1,0,CICLO_SEM_MELHORIA,3,,,
2,3,48,dia_turno_curso,3_N_MAT,58,11960,83030,OPTIMAL,185307.0,185307.0,False,185307.0,2.19,1.87,600.0,3,N,MAT,alfabetica,,1,True,True,CICLO_SEM_MELHORIA,iteracao,hibrida_dia_turno_curso_pares,180.0,180.0,600.0,14400.0,False,False,alfabetica,,alfabetica,,./dados/2024_1/horarios_2024_1.xlsx,./dados/2024_1/salas_2024_1.csv,./dados/2024_1/salas_preferenciais_2024.1.xlsx,/Users/robertdrey/Documents/workspace/development/alocador_de_salas,resultados/experimentos/2024_1/hibridas_dia_turno_curso_pares/dia_turno_curso_pares_init180.sol,resultados/experimentos/2024_1/hibridas_dia_turno_curso_pares/dia_turno_curso_pares_init180.csv,resultados/experimentos/2024_1/hibridas_dia_turno_curso_pares/dia_turno_curso_pares_init180.json,dia_turno_curso -> par_cursos,alfabetica,,alfabetica,,180.0,1,180.0,600.0,1,0,CICLO_SEM_MELHORIA,3,,,
2,3,49,dia_turno_curso,3_N_PED,91,19504,75486,OPTIMAL,185307.0,185307.0,False,185307.0,18.82,18.49,600.0,3,N,PED,alfabetica,,1,True,True,CICLO_SEM_MELHORIA,iteracao,hibrida_dia_turno_curso_pares,180.0,180.0,600.0,14400.0,False,False,alfabetica,,alfabetica,,./dados/2024_1/horarios_2024_1.xlsx,./dados/2024_1/salas_2024_1.csv,./dados/2024_1/salas_preferenciais_2024.1.xlsx,/Users/robertdrey/Documents/workspace/development/alocador_de_salas,resultados/experimentos/2024_1/hibridas_dia_turno_curso_pares/dia_turno_curso_pares_init180.sol,resultados/experimentos/2024_1/hibridas_dia_turno_curso_pares/dia_turno_curso_pares_init180.csv,resultados/experimentos/2024_1/hibridas_dia_turno_curso_pares/dia_turno_curso_pares_init180.json,dia_turno_curso -> par_cursos,alfabetica,,alfabetica,,180.0,1,180.0,600.0,1,0,CICLO_SEM_MELHORIA,3,,,
2,3,50,dia_turno_curso,4_M_ADM,78,19596,75394,OPTIMAL,185307.0,185307.0,False,185307.0,2.22,1.89,600.0,4,M,ADM,alfabetica,,1,True,True,CICLO_SEM_MELHORIA,iteracao,hibrida_dia_turno_curso_pares,180.0,180.0,600.0,14400.0,False,False,alfabetica,,alfabetica,,./dados/2024_1/horarios_2024_1.xlsx,./dados/2024_1/salas_2024_1.csv,./dados/2024_1/salas_preferenciais_2024.1.xlsx,/Users/robertdrey/Documents/workspace/development/alocador_de_salas,resultados/experimentos/2024_1/hibridas_dia_turno_curso_pares/dia_turno_curso_pares_init180.sol,resultados/experimentos/2024_1/hibridas_dia_turno_curso_pares/dia_turno_curso_pares_init180.csv,resultados/experimentos/2024_1/hibridas_dia_turno_curso_pares/dia_turno_curso_pares_init180.json,dia_turno_curso -> par_cursos,alfabetica,,alfabetica,,180.0,1,180.0,600.0,1,0,CICLO_SEM_MELHORIA,3,,,
2,3,51,dia_turno_curso,4_M_AGRO,77,17710,77280,OPTIMAL,185307.0,185307.0,False,185307.0,30.57,30.25,600.0,4,M,AGRO,alfabetica,,1,True,True,CICLO_SEM_MELHORIA,iteracao,hibrida_dia_turno_curso_pares,180.0,180.0,600.0,14400.0,False,False,alfabetica,,alfabetica,,./dados/2024_1/horarios_2024_1.xlsx,./dados/2024_1/salas_2024_1.csv,./dados/2024_1/salas_preferenciais_2024.1.xlsx,/Users/robertdrey/Documents/workspace/development/alocador_de_salas,resultados/experimentos/2024_1/hibridas_dia_turno_curso_pares/dia_turno_curso_pares_init180.sol,resultados/experimentos/2024_1/hibridas_dia_turno_curso_pares/dia_turno_curso_pares_init180.csv,resultados/experimentos/2024_1/hibridas_dia_turno_curso_pares/dia_turno_curso_pares_init180.json,dia_turno_curso -> par_cursos,alfabetica,,alfabetica,,180.0,1,180.0,600.0,1,0,CICLO_SEM_MELHORIA,3,,,
2,3,52,dia_turno_curso,4_M_CS,56,15180,79810,OPTIMAL,185307.0,185307.0,False,185307.0,1.58,1.26,600.0,4,M,CS,alfabetica,,1,True,True,CICLO_SEM_MELHORIA,iteracao,hibrida_dia_turno_curso_pares,180.0,180.0,600.0,14400.0,False,False,alfabetica,,alfabetica,,./dados/2024_1/horarios_2024_1.xlsx,./dados/2024_1/salas_2024_1.csv,./dados/2024_1/salas_preferenciais_2024.1.xlsx,/Users/robertdrey/Documents/workspace/development/alocador_de_salas,resultados/experimentos/2024_1/hibridas_dia_turno_curso_pares/dia_turno_curso_pares_init180.sol,resultados/experimentos/2024_1/hibridas_dia_turno_curso_pares/dia_turno_curso_pares_init180.csv,resultados/experimentos/2024_1/hibridas_dia_turno_curso_pares/dia_turno_curso_pares_init180.json,dia_turno_curso -> par_cursos,alfabetica,,alfabetica,,180.0,1,180.0,600.0,1,0,CICLO_SEM_MELHORIA,3,,,
2,3,53,dia_turno_curso,4_M_EAS,74,17756,77234,OPTIMAL,185307.0,185307.0,False,185307.0,2.38,2.08,600.0,4,M,EAS,alfabetica,,1,True,True,CICLO_SEM_MELHORIA,iteracao,hibrida_dia_turno_curso_pares,180.0,180.0,600.0,14400.0,False,False,alfabetica,,alfabetica,,./dados/2024_1/horarios_2024_1.xlsx,./dados/2024_1/salas_2024_1.csv,./dados/2024_1/salas_preferenciais_2024.1.xlsx,/Users/robertdrey/Documents/workspace/development/alocador_de_salas,resultados/experimentos/2024_1/hibridas_dia_turno_curso_pares/dia_turno_curso_pares_init180.sol,resultados/experimentos/2024_1/hibridas_dia_turno_curso_pares/dia_turno_curso_pares_init180.csv,resultados/experimentos/2024_1/hibridas_dia_turno_curso_pares/dia_turno_curso_pares_init180.json,dia_turno_curso -> par_cursos,alfabetica,,alfabetica,,180.0,1,180.0,600.0,1,0,CICLO_SEM_MELHORIA,3,,,
2,3,54,dia_turno_curso,4_M_ENF,49,15318,79672,OPTIMAL,185307.0,185307.0,False,185307.0,4.81,4.48,600.0,4,M,ENF,alfabetica,,1,True,True,CICLO_SEM_MELHORIA,iteracao,hibrida_dia_turno_curso_pares,180.0,180.0,600.0,14400.0,False,False,alfabetica,,alfabetica,,./dados/2024_1/horarios_2024_1.xlsx,./dados/2024_1/salas_2024_1.csv,./dados/2024_1/salas_preferenciais_2024.1.xlsx,/Users/robertdrey/Documents/workspace/development/alocador_de_salas,resultados/experimentos/2024_1/hibridas_dia_turno_curso_pares/dia_turno_curso_pares_init180.sol,resultados/experimentos/2024_1/hibridas_dia_turno_curso_pares/dia_turno_curso_pares_init180.csv,resultados/experimentos/2024_1/hibridas_dia_turno_curso_pares/dia_turno_curso_pares_init180.json,dia_turno_curso -> par_cursos,alfabetica,,alfabetica,,180.0,1,180.0,600.0,1,0,CICLO_SEM_MELHORIA,3,,,
2,3,55,dia_turno_curso,4_M_MED,71,19412,75578,OPTIMAL,185307.0,185307.0,False,185307.0,2.91,2.6,600.0,4,M,MED,alfabetica,,1,True,True,CICLO_SEM_MELHORIA,iteracao,hibrida_dia_turno_curso_pares,180.0,180.0,600.0,14400.0,False,False,alfabetica,,alfabetica,,./dados/2024_1/horarios_2024_1.xlsx,./dados/2024_1/salas_2024_1.csv,./dados/2024_1/salas_preferenciais_2024.1.xlsx,/Users/robertdrey/Documents/workspace/development/alocador_de_salas,resultados/experimentos/2024_1/hibridas_dia_turno_curso_pares/dia_turno_curso_pares_init180.sol,resultados/experimentos/2024_1/hibridas_dia_turno_curso_pares/dia_turno_curso_pares_init180.csv,resultados/experimentos/2024_1/hibridas_dia_turno_curso_pares/dia_turno_curso_pares_init180.json,dia_turno_curso -> par_cursos,alfabetica,,alfabetica,,180.0,1,180.0,600.0,1,0,CICLO_SEM_MELHORIA,3,,,
2,3,56,dia_turno_curso,4_M_PED,86,23092,71898,OPTIMAL,185307.0,185307.0,False,185307.0,74.26,73.95,600.0,4,M,PED,alfabetica,,1,True,True,CICLO_SEM_MELHORIA,iteracao,hibrida_dia_turno_curso_pares,180.0,180.0,600.0,14400.0,False,False,alfabetica,,alfabetica,,./dados/2024_1/horarios_2024_1.xlsx,./dados/2024_1/salas_2024_1.csv,./dados/2024_1/salas_preferenciais_2024.1.xlsx,/Users/robertdrey/Documents/workspace/development/alocador_de_salas,resultados/experimentos/2024_1/hibridas_dia_turno_curso_pares/dia_turno_curso_pares_init180.sol,resultados/experimentos/2024_1/hibridas_dia_turno_curso_pares/dia_turno_curso_pares_init180.csv,resultados/experimentos/2024_1/hibridas_dia_turno_curso_pares/dia_turno_curso_pares_init180.json,dia_turno_curso -> par_cursos,alfabetica,,alfabetica,,180.0,1,180.0,600.0,1,0,CICLO_SEM_MELHORIA,3,,,
2,3,57,dia_turno_curso,4_T_AGRO,78,19458,75532,OPTIMAL,185307.0,185307.0,False,185307.0,29.24,28.92,600.0,4,T,AGRO,alfabetica,,1,True,True,CICLO_SEM_MELHORIA,iteracao,hibrida_dia_turno_curso_pares,180.0,180.0,600.0,14400.0,False,False,alfabetica,,alfabetica,,./dados/2024_1/horarios_2024_1.xlsx,./dados/2024_1/salas_2024_1.csv,./dados/2024_1/salas_preferenciais_2024.1.xlsx,/Users/robertdrey/Documents/workspace/development/alocador_de_salas,resultados/experimentos/2024_1/hibridas_dia_turno_curso_pares/dia_turno_curso_pares_init180.sol,resultados/experimentos/2024_1/hibridas_dia_turno_curso_pares/dia_turno_curso_pares_init180.csv,resultados/experimentos/2024_1/hibridas_dia_turno_curso_pares/dia_turno_curso_pares_init180.json,dia_turno_curso -> par_cursos,alfabetica,,alfabetica,,180.0,1,180.0,600.0,1,0,CICLO_SEM_MELHORIA,3,,,
2,3,58,dia_turno_curso,4_T_CC,69,19964,75026,OPTIMAL,185307.0,185307.0,False,185307.0,4.92,4.59,600.0,4,T,CC,alfabetica,,1,True,True,CICLO_SEM_MELHORIA,iteracao,hibrida_dia_turno_curso_pares,180.0,180.0,600.0,14400.0,False,False,alfabetica,,alfabetica,,./dados/2024_1/horarios_2024_1.xlsx,./dados/2024_1/salas_2024_1.csv,./dados/2024_1/salas_preferenciais_2024.1.xlsx,/Users/robertdrey/Documents/workspace/development/alocador_de_salas,resultados/experimentos/2024_1/hibridas_dia_turno_curso_pares/dia_turno_curso_pares_init180.sol,resultados/experimentos/2024_1/hibridas_dia_turno_curso_pares/dia_turno_curso_pares_init180.csv,resultados/experimentos/2024_1/hibridas_dia_turno_curso_pares/dia_turno_curso_pares_init180.json,dia_turno_curso -> par_cursos,alfabetica,,alfabetica,,180.0,1,180.0,600.0,1,0,CICLO_SEM_MELHORIA,3,,,
2,3,59,dia_turno_curso,4_T_CS,50,14950,80040,OPTIMAL,185307.0,185307.0,False,185307.0,1.2,0.89,600.0,4,T,CS,alfabetica,,1,True,True,CICLO_SEM_MELHORIA,iteracao,hibrida_dia_turno_curso_pares,180.0,180.0,600.0,14400.0,False,False,alfabetica,,alfabetica,,./dados/2024_1/horarios_2024_1.xlsx,./dados/2024_1/salas_2024_1.csv,./dados/2024_1/salas_preferenciais_2024.1.xlsx,/Users/robertdrey/Documents/workspace/development/alocador_de_salas,resultados/experimentos/2024_1/hibridas_dia_turno_curso_pares/dia_turno_curso_pares_init180.sol,resultados/experimentos/2024_1/hibridas_dia_turno_curso_pares/dia_turno_curso_pares_init180.csv,resultados/experimentos/2024_1/hibridas_dia_turno_curso_pares/dia_turno_curso_pares_init180.json,dia_turno_curso -> par_cursos,alfabetica,,alfabetica,,180.0,1,180.0,600.0,1,0,CICLO_SEM_MELHORIA,3,,,
2,3,60,dia_turno_curso,4_T_EAS,71,17986,77004,OPTIMAL,185307.0,185307.0,False,185307.0,1.44,1.15,600.0,4,T,EAS,alfabetica,,1,True,True,CICLO_SEM_MELHORIA,iteracao,hibrida_dia_turno_curso_pares,180.0,180.0,600.0,14400.0,False,False,alfabetica,,alfabetica,,./dados/2024_1/horarios_2024_1.xlsx,./dados/2024_1/salas_2024_1.csv,./dados/2024_1/salas_preferenciais_2024.1.xlsx,/Users/robertdrey/Documents/workspace/development/alocador_de_salas,resultados/experimentos/2024_1/hibridas_dia_turno_curso_pares/dia_turno_curso_pares_init180.sol,resultados/experimentos/2024_1/hibridas_dia_turno_curso_pares/dia_turno_curso_pares_init180.csv,resultados/experimentos/2024_1/hibridas_dia_turno_curso_pares/dia_turno_curso_pares_init180.json,dia_turno_curso -> par_cursos,alfabetica,,alfabetica,,180.0,1,180.0,600.0,1,0,CICLO_SEM_MELHORIA,3,,,
2,3,61,dia_turno_curso,4_T_ENF,43,16192,78798,OPTIMAL,185307.0,185307.0,False,185307.0,5.72,5.42,600.0,4,T,ENF,alfabetica,,1,True,True,CICLO_SEM_MELHORIA,iteracao,hibrida_dia_turno_curso_pares,180.0,180.0,600.0,14400.0,False,False,alfabetica,,alfabetica,,./dados/2024_1/horarios_2024_1.xlsx,./dados/2024_1/salas_2024_1.csv,./dados/2024_1/salas_preferenciais_2024.1.xlsx,/Users/robertdrey/Documents/workspace/development/alocador_de_salas,resultados/experimentos/2024_1/hibridas_dia_turno_curso_pares/dia_turno_curso_pares_init180.sol,resultados/experimentos/2024_1/hibridas_dia_turno_curso_pares/dia_turno_curso_pares_init180.csv,resultados/experimentos/2024_1/hibridas_dia_turno_curso_pares/dia_turno_curso_pares_init180.json,dia_turno_curso -> par_cursos,alfabetica,,alfabetica,,180.0,1,180.0,600.0,1,0,CICLO_SEM_MELHORIA,3,,,
2,3,62,dia_turno_curso,4_T_LET,60,17618,77372,OPTIMAL,185307.0,185307.0,False,185307.0,1.81,1.49,600.0,4,T,LET,alfabetica,,1,True,True,CICLO_SEM_MELHORIA,iteracao,hibrida_dia_turno_curso_pares,180.0,180.0,600.0,14400.0,False,False,alfabetica,,alfabetica,,./dados/2024_1/horarios_2024_1.xlsx,./dados/2024_1/salas_2024_1.csv,./dados/2024_1/salas_preferenciais_2024.1.xlsx,/Users/robertdrey/Documents/workspace/development/alocador_de_salas,resultados/experimentos/2024_1/hibridas_dia_turno_curso_pares/dia_turno_curso_pares_init180.sol,resultados/experimentos/2024_1/hibridas_dia_turno_curso_pares/dia_turno_curso_pares_init180.csv,resultados/experimentos/2024_1/hibridas_dia_turno_curso_pares/dia_turno_curso_pares_init180.json,dia_turno_curso -> par_cursos,alfabetica,,alfabetica,,180.0,1,180.0,600.0,1,0,CICLO_SEM_MELHORIA,3,,,
2,3,63,dia_turno_curso,4_T_MAT,51,15410,79580,OPTIMAL,185307.0,185307.0,False,185307.0,1.44,1.14,600.0,4,T,MAT,alfabetica,,1,True,True,CICLO_SEM_MELHORIA,iteracao,hibrida_dia_turno_curso_pares,180.0,180.0,600.0,14400.0,False,False,alfabetica,,alfabetica,,./dados/2024_1/horarios_2024_1.xlsx,./dados/2024_1/salas_2024_1.csv,./dados/2024_1/salas_preferenciais_2024.1.xlsx,/Users/robertdrey/Documents/workspace/development/alocador_de_salas,resultados/experimentos/2024_1/hibridas_dia_turno_curso_pares/dia_turno_curso_pares_init180.sol,resultados/experimentos/2024_1/hibridas_dia_turno_curso_pares/dia_turno_curso_pares_init180.csv,resultados/experimentos/2024_1/hibridas_dia_turno_curso_pares/dia_turno_curso_pares_init180.json,dia_turno_curso -> par_cursos,alfabetica,,alfabetica,,180.0,1,180.0,600.0,1,0,CICLO_SEM_MELHORIA,3,,,
2,3,64,dia_turno_curso,4_T_MED,64,18676,76314,OPTIMAL,185307.0,185307.0,False,185307.0,2.23,1.93,600.0,4,T,MED,alfabetica,,1,True,True,CICLO_SEM_MELHORIA,iteracao,hibrida_dia_turno_curso_pares,180.0,180.0,600.0,14400.0,False,False,alfabetica,,alfabetica,,./dados/2024_1/horarios_2024_1.xlsx,./dados/2024_1/salas_2024_1.csv,./dados/2024_1/salas_preferenciais_2024.1.xlsx,/Users/robertdrey/Documents/workspace/development/alocador_de_salas,resultados/experimentos/2024_1/hibridas_dia_turno_curso_pares/dia_turno_curso_pares_init180.sol,resultados/experimentos/2024_1/hibridas_dia_turno_curso_pares/dia_turno_curso_pares_init180.csv,resultados/experimentos/2024_1/hibridas_dia_turno_curso_pares/dia_turno_curso_pares_init180.json,dia_turno_curso -> par_cursos,alfabetica,,alfabetica,,180.0,1,180.0,600.0,1,0,CICLO_SEM_MELHORIA,3,,,
2,3,65,dia_turno_curso,4_N_ADM,85,18262,76728,OPTIMAL,185307.0,185307.0,False,185307.0,2.95,2.64,600.0,4,N,ADM,alfabetica,,1,True,True,CICLO_SEM_MELHORIA,iteracao,hibrida_dia_turno_curso_pares,180.0,180.0,600.0,14400.0,False,False,alfabetica,,alfabetica,,./dados/2024_1/horarios_2024_1.xlsx,./dados/2024_1/salas_2024_1.csv,./dados/2024_1/salas_preferenciais_2024.1.xlsx,/Users/robertdrey/Documents/workspace/development/alocador_de_salas,resultados/experimentos/2024_1/hibridas_dia_turno_curso_pares/dia_turno_curso_pares_init180.sol,resultados/experimentos/2024_1/hibridas_dia_turno_curso_pares/dia_turno_curso_pares_init180.csv,resultados/experimentos/2024_1/hibridas_dia_turno_curso_pares/dia_turno_curso_pares_init180.json,dia_turno_curso -> par_cursos,alfabetica,,alfabetica,,180.0,1,180.0,600.0,1,0,CICLO_SEM_MELHORIA,3,,,
2,3,66,dia_turno_curso,4_N_CC,86,19872,75118,OPTIMAL,185307.0,185307.0,False,185307.0,4.42,4.1,600.0,4,N,CC,alfabetica,,1,True,True,CICLO_SEM_MELHORIA,iteracao,hibrida_dia_turno_curso_pares,180.0,180.0,600.0,14400.0,False,False,alfabetica,,alfabetica,,./dados/2024_1/horarios_2024_1.xlsx,./dados/2024_1/salas_2024_1.csv,./dados/2024_1/salas_preferenciais_2024.1.xlsx,/Users/robertdrey/Documents/workspace/development/alocador_de_salas,resultados/experimentos/2024_1/hibridas_dia_turno_curso_pares/dia_turno_curso_pares_init180.sol,resultados/experimentos/2024_1/hibridas_dia_turno_curso_pares/dia_turno_curso_pares_init180.csv,resultados/experimentos/2024_1/hibridas_dia_turno_curso_pares/dia_turno_curso_pares_init180.json,dia_turno_curso -> par_cursos,alfabetica,,alfabetica,,180.0,1,180.0,600.0,1,0,CICLO_SEM_MELHORIA,3,,,
2,3,67,dia_turno_curso,4_N_CS,60,13294,81696,OPTIMAL,185307.0,185307.0,False,185307.0,2.83,2.52,600.0,4,N,CS,alfabetica,,1,True,True,CICLO_SEM_MELHORIA,iteracao,hibrida_dia_turno_curso_pares,180.0,180.0,600.0,14400.0,False,False,alfabetica,,alfabetica,,./dados/2024_1/horarios_2024_1.xlsx,./dados/2024_1/salas_2024_1.csv,./dados/2024_1/salas_preferenciais_2024.1.xlsx,/Users/robertdrey/Documents/workspace/development/alocador_de_salas,resultados/experimentos/2024_1/hibridas_dia_turno_curso_pares/dia_turno_curso_pares_init180.sol,resultados/experimentos/2024_1/hibridas_dia_turno_curso_pares/dia_turno_curso_pares_init180.csv,resultados/experimentos/2024_1/hibridas_dia_turno_curso_pares/dia_turno_curso_pares_init180.json,dia_turno_curso -> par_cursos,alfabetica,,alfabetica,,180.0,1,180.0,600.0,1,0,CICLO_SEM_MELHORIA,3,,,
2,3,68,dia_turno_curso,4_N_EAS,86,17204,77786,OPTIMAL,185307.0,185307.0,False,185307.0,2.61,2.3,600.0,4,N,EAS,alfabetica,,1,True,True,CICLO_SEM_MELHORIA,iteracao,hibrida_dia_turno_curso_pares,180.0,180.0,600.0,14400.0,False,False,alfabetica,,alfabetica,,./dados/2024_1/horarios_2024_1.xlsx,./dados/2024_1/salas_2024_1.csv,./dados/2024_1/salas_preferenciais_2024.1.xlsx,/Users/robertdrey/Documents/workspace/development/alocador_de_salas,resultados/experimentos/2024_1/hibridas_dia_turno_curso_pares/dia_turno_curso_pares_init180.sol,resultados/experimentos/2024_1/hibridas_dia_turno_curso_pares/dia_turno_curso_pares_init180.csv,resultados/experimentos/2024_1/hibridas_dia_turno_curso_pares/dia_turno_curso_pares_init180.json,dia_turno_curso -> par_cursos,alfabetica,,alfabetica,,180.0,1,180.0,600.0,1,0,CICLO_SEM_MELHORIA,3,,,
2,3,69,dia_turno_curso,4_N_FIL,53,11914,83076,OPTIMAL,185307.0,185307.0,False,185307.0,2.13,1.83,600.0,4,N,FIL,alfabetica,,1,True,True,CICLO_SEM_MELHORIA,iteracao,hibrida_dia_turno_curso_pares,180.0,180.0,600.0,14400.0,False,False,alfabetica,,alfabetica,,./dados/2024_1/horarios_2024_1.xlsx,./dados/2024_1/salas_2024_1.csv,./dados/2024_1/salas_preferenciais_2024.1.xlsx,/Users/robertdrey/Documents/workspace/development/alocador_de_salas,resultados/experimentos/2024_1/hibridas_dia_turno_curso_pares/dia_turno_curso_pares_init180.sol,resultados/experimentos/2024_1/hibridas_dia_turno_curso_pares/dia_turno_curso_pares_init180.csv,resultados/experimentos/2024_1/hibridas_dia_turno_curso_pares/dia_turno_curso_pares_init180.json,dia_turno_curso -> par_cursos,alfabetica,,alfabetica,,180.0,1,180.0,600.0,1,0,CICLO_SEM_MELHORIA,3,,,
2,3,70,dia_turno_curso,4_N_GEO,51,11776,83214,OPTIMAL,185307.0,185307.0,False,185307.0,1.98,1.66,600.0,4,N,GEO,alfabetica,,1,True,True,CICLO_SEM_MELHORIA,iteracao,hibrida_dia_turno_curso_pares,180.0,180.0,600.0,14400.0,False,False,alfabetica,,alfabetica,,./dados/2024_1/horarios_2024_1.xlsx,./dados/2024_1/salas_2024_1.csv,./dados/2024_1/salas_preferenciais_2024.1.xlsx,/Users/robertdrey/Documents/workspace/development/alocador_de_salas,resultados/experimentos/2024_1/hibridas_dia_turno_curso_pares/dia_turno_curso_pares_init180.sol,resultados/experimentos/2024_1/hibridas_dia_turno_curso_pares/dia_turno_curso_pares_init180.csv,resultados/experimentos/2024_1/hibridas_dia_turno_curso_pares/dia_turno_curso_pares_init180.json,dia_turno_curso -> par_cursos,alfabetica,,alfabetica,,180.0,1,180.0,600.0,1,0,CICLO_SEM_MELHORIA,3,,,
2,3,71,dia_turno_curso,4_N_HIS,62,13938,81052,OPTIMAL,185307.0,185307.0,False,185307.0,1.81,1.5,600.0,4,N,HIS,alfabetica,,1,True,True,CICLO_SEM_MELHORIA,iteracao,hibrida_dia_turno_curso_pares,180.0,180.0,600.0,14400.0,False,False,alfabetica,,alfabetica,,./dados/2024_1/horarios_2024_1.xlsx,./dados/2024_1/salas_2024_1.csv,./dados/2024_1/salas_preferenciais_2024.1.xlsx,/Users/robertdrey/Documents/workspace/development/alocador_de_salas,resultados/experimentos/2024_1/hibridas_dia_turno_curso_pares/dia_turno_curso_pares_init180.sol,resultados/experimentos/2024_1/hibridas_dia_turno_curso_pares/dia_turno_curso_pares_init180.csv,resultados/experimentos/2024_1/hibridas_dia_turno_curso_pares/dia_turno_curso_pares_init180.json,dia_turno_curso -> par_cursos,alfabetica,,alfabetica,,180.0,1,180.0,600.0,1,0,CICLO_SEM_MELHORIA,3,,,
2,3,72,dia_turno_curso,4_N_LET,69,16744,78246,TIME_LIMIT,185307.0,185307.0,False,185307.0,600.51,600.18,600.0,4,N,LET,alfabetica,,1,True,True,CICLO_SEM_MELHORIA,iteracao,hibrida_dia_turno_curso_pares,180.0,180.0,600.0,14400.0,False,False,alfabetica,,alfabetica,,./dados/2024_1/horarios_2024_1.xlsx,./dados/2024_1/salas_2024_1.csv,./dados/2024_1/salas_preferenciais_2024.1.xlsx,/Users/robertdrey/Documents/workspace/development/alocador_de_salas,resultados/experimentos/2024_1/hibridas_dia_turno_curso_pares/dia_turno_curso_pares_init180.sol,resultados/experimentos/2024_1/hibridas_dia_turno_curso_pares/dia_turno_curso_pares_init180.csv,resultados/experimentos/2024_1/hibridas_dia_turno_curso_pares/dia_turno_curso_pares_init180.json,dia_turno_curso -> par_cursos,alfabetica,,alfabetica,,180.0,1,180.0,600.0,1,0,CICLO_SEM_MELHORIA,3,,,
2,3,73,dia_turno_curso,4_N_MAT,59,13202,81788,OPTIMAL,185307.0,185307.0,False,185307.0,1.75,1.39,600.0,4,N,MAT,alfabetica,,1,True,True,CICLO_SEM_MELHORIA,iteracao,hibrida_dia_turno_curso_pares,180.0,180.0,600.0,14400.0,False,False,alfabetica,,alfabetica,,./dados/2024_1/horarios_2024_1.xlsx,./dados/2024_1/salas_2024_1.csv,./dados/2024_1/salas_preferenciais_2024.1.xlsx,/Users/robertdrey/Documents/workspace/development/alocador_de_salas,resultados/experimentos/2024_1/hibridas_dia_turno_curso_pares/dia_turno_curso_pares_init180.sol,resultados/experimentos/2024_1/hibridas_dia_turno_curso_pares/dia_turno_curso_pares_init180.csv,resultados/experimentos/2024_1/hibridas_dia_turno_curso_pares/dia_turno_curso_pares_init180.json,dia_turno_curso -> par_cursos,alfabetica,,alfabetica,,180.0,1,180.0,600.0,1,0,CICLO_SEM_MELHORIA,3,,,
2,3,74,dia_turno_curso,4_N_PED,93,21160,73830,OPTIMAL,185307.0,185307.0,False,185307.0,79.26,78.95,600.0,4,N,PED,alfabetica,,1,True,True,CICLO_SEM_MELHORIA,iteracao,hibrida_dia_turno_curso_pares,180.0,180.0,600.0,14400.0,False,False,alfabetica,,alfabetica,,./dados/2024_1/horarios_2024_1.xlsx,./dados/2024_1/salas_2024_1.csv,./dados/2024_1/salas_preferenciais_2024.1.xlsx,/Users/robertdrey/Documents/workspace/development/alocador_de_salas,resultados/experimentos/2024_1/hibridas_dia_turno_curso_pares/dia_turno_curso_pares_init180.sol,resultados/experimentos/2024_1/hibridas_dia_turno_curso_pares/dia_turno_curso_pares_init180.csv,resultados/experimentos/2024_1/hibridas_dia_turno_curso_pares/dia_turno_curso_pares_init180.json,dia_turno_curso -> par_cursos,alfabetica,,alfabetica,,180.0,1,180.0,600.0,1,0,CICLO_SEM_MELHORIA,3,,,
2,3,75,dia_turno_curso,5_M_ADM,80,19734,75256,OPTIMAL,185307.0,185307.0,False,185307.0,2.17,1.86,600.0,5,M,ADM,alfabetica,,1,True,True,CICLO_SEM_MELHORIA,iteracao,hibrida_dia_turno_curso_pares,180.0,180.0,600.0,14400.0,False,False,alfabetica,,alfabetica,,./dados/2024_1/horarios_2024_1.xlsx,./dados/2024_1/salas_2024_1.csv,./dados/2024_1/salas_preferenciais_2024.1.xlsx,/Users/robertdrey/Documents/workspace/development/alocador_de_salas,resultados/experimentos/2024_1/hibridas_dia_turno_curso_pares/dia_turno_curso_pares_init180.sol,resultados/experimentos/2024_1/hibridas_dia_turno_curso_pares/dia_turno_curso_pares_init180.csv,resultados/experimentos/2024_1/hibridas_dia_turno_curso_pares/dia_turno_curso_pares_init180.json,dia_turno_curso -> par_cursos,alfabetica,,alfabetica,,180.0,1,180.0,600.0,1,0,CICLO_SEM_MELHORIA,3,,,
2,3,76,dia_turno_curso,5_M_AGRO,80,18492,76498,OPTIMAL,185307.0,185307.0,False,185307.0,14.2,13.89,600.0,5,M,AGRO,alfabetica,,1,True,True,CICLO_SEM_MELHORIA,iteracao,hibrida_dia_turno_curso_pares,180.0,180.0,600.0,14400.0,False,False,alfabetica,,alfabetica,,./dados/2024_1/horarios_2024_1.xlsx,./dados/2024_1/salas_2024_1.csv,./dados/2024_1/salas_preferenciais_2024.1.xlsx,/Users/robertdrey/Documents/workspace/development/alocador_de_salas,resultados/experimentos/2024_1/hibridas_dia_turno_curso_pares/dia_turno_curso_pares_init180.sol,resultados/experimentos/2024_1/hibridas_dia_turno_curso_pares/dia_turno_curso_pares_init180.csv,resultados/experimentos/2024_1/hibridas_dia_turno_curso_pares/dia_turno_curso_pares_init180.json,dia_turno_curso -> par_cursos,alfabetica,,alfabetica,,180.0,1,180.0,600.0,1,0,CICLO_SEM_MELHORIA,3,,,
2,3,77,dia_turno_curso,5_M_EAS,75,17618,77372,OPTIMAL,185307.0,185307.0,False,185307.0,2.35,2.05,600.0,5,M,EAS,alfabetica,,1,True,True,CICLO_SEM_MELHORIA,iteracao,hibrida_dia_turno_curso_pares,180.0,180.0,600.0,14400.0,False,False,alfabetica,,alfabetica,,./dados/2024_1/horarios_2024_1.xlsx,./dados/2024_1/salas_2024_1.csv,./dados/2024_1/salas_preferenciais_2024.1.xlsx,/Users/robertdrey/Documents/workspace/development/alocador_de_salas,resultados/experimentos/2024_1/hibridas_dia_turno_curso_pares/dia_turno_curso_pares_init180.sol,resultados/experimentos/2024_1/hibridas_dia_turno_curso_pares/dia_turno_curso_pares_init180.csv,resultados/experimentos/2024_1/hibridas_dia_turno_curso_pares/dia_turno_curso_pares_init180.json,dia_turno_curso -> par_cursos,alfabetica,,alfabetica,,180.0,1,180.0,600.0,1,0,CICLO_SEM_MELHORIA,3,,,
2,3,78,dia_turno_curso,5_M_ENF,51,15732,79258,OPTIMAL,185307.0,185307.0,False,185307.0,4.79,4.47,600.0,5,M,ENF,alfabetica,,1,True,True,CICLO_SEM_MELHORIA,iteracao,hibrida_dia_turno_curso_pares,180.0,180.0,600.0,14400.0,False,False,alfabetica,,alfabetica,,./dados/2024_1/horarios_2024_1.xlsx,./dados/2024_1/salas_2024_1.csv,./dados/2024_1/salas_preferenciais_2024.1.xlsx,/Users/robertdrey/Documents/workspace/development/alocador_de_salas,resultados/experimentos/2024_1/hibridas_dia_turno_curso_pares/dia_turno_curso_pares_init180.sol,resultados/experimentos/2024_1/hibridas_dia_turno_curso_pares/dia_turno_curso_pares_init180.csv,resultados/experimentos/2024_1/hibridas_dia_turno_curso_pares/dia_turno_curso_pares_init180.json,dia_turno_curso -> par_cursos,alfabetica,,alfabetica,,180.0,1,180.0,600.0,1,0,CICLO_SEM_MELHORIA,3,,,
2,3,79,dia_turno_curso,5_M_MED,74,19550,75440,OPTIMAL,185307.0,185307.0,False,185307.0,3.43,3.11,600.0,5,M,MED,alfabetica,,1,True,True,CICLO_SEM_MELHORIA,iteracao,hibrida_dia_turno_curso_pares,180.0,180.0,600.0,14400.0,False,False,alfabetica,,alfabetica,,./dados/2024_1/horarios_2024_1.xlsx,./dados/2024_1/salas_2024_1.csv,./dados/2024_1/salas_preferenciais_2024.1.xlsx,/Users/robertdrey/Documents/workspace/development/alocador_de_salas,resultados/experimentos/2024_1/hibridas_dia_turno_curso_pares/dia_turno_curso_pares_init180.sol,resultados/experimentos/2024_1/hibridas_dia_turno_curso_pares/dia_turno_curso_pares_init180.csv,resultados/experimentos/2024_1/hibridas_dia_turno_curso_pares/dia_turno_curso_pares_init180.json,dia_turno_curso -> par_cursos,alfabetica,,alfabetica,,180.0,1,180.0,600.0,1,0,CICLO_SEM_MELHORIA,3,,,
2,3,80,dia_turno_curso,5_M_PED,89,23230,71760,OPTIMAL,185307.0,185307.0,False,185307.0,22.11,21.8,600.0,5,M,PED,alfabetica,,1,True,True,CICLO_SEM_MELHORIA,iteracao,hibrida_dia_turno_curso_pares,180.0,180.0,600.0,14400.0,False,False,alfabetica,,alfabetica,,./dados/2024_1/horarios_2024_1.xlsx,./dados/2024_1/salas_2024_1.csv,./dados/2024_1/salas_preferenciais_2024.1.xlsx,/Users/robertdrey/Documents/workspace/development/alocador_de_salas,resultados/experimentos/2024_1/hibridas_dia_turno_curso_pares/dia_turno_curso_pares_init180.sol,resultados/experimentos/2024_1/hibridas_dia_turno_curso_pares/dia_turno_curso_pares_init180.csv,resultados/experimentos/2024_1/hibridas_dia_turno_curso_pares/dia_turno_curso_pares_init180.json,dia_turno_curso -> par_cursos,alfabetica,,alfabetica,,180.0,1,180.0,600.0,1,0,CICLO_SEM_MELHORIA,3,,,
2,3,81,dia_turno_curso,5_T_AGRO,77,18814,76176,OPTIMAL,185307.0,185307.0,False,185307.0,18.89,18.55,600.0,5,T,AGRO,alfabetica,,1,True,True,CICLO_SEM_MELHORIA,iteracao,hibrida_dia_turno_curso_pares,180.0,180.0,600.0,14400.0,False,False,alfabetica,,alfabetica,,./dados/2024_1/horarios_2024_1.xlsx,./dados/2024_1/salas_2024_1.csv,./dados/2024_1/salas_preferenciais_2024.1.xlsx,/Users/robertdrey/Documents/workspace/development/alocador_de_salas,resultados/experimentos/2024_1/hibridas_dia_turno_curso_pares/dia_turno_curso_pares_init180.sol,resultados/experimentos/2024_1/hibridas_dia_turno_curso_pares/dia_turno_curso_pares_init180.csv,resultados/experimentos/2024_1/hibridas_dia_turno_curso_pares/dia_turno_curso_pares_init180.json,dia_turno_curso -> par_cursos,alfabetica,,alfabetica,,180.0,1,180.0,600.0,1,0,CICLO_SEM_MELHORIA,3,,,
2,3,82,dia_turno_curso,5_T_CC,70,19596,75394,OPTIMAL,185307.0,185307.0,False,185307.0,3.01,2.66,600.0,5,T,CC,alfabetica,,1,True,True,CICLO_SEM_MELHORIA,iteracao,hibrida_dia_turno_curso_pares,180.0,180.0,600.0,14400.0,False,False,alfabetica,,alfabetica,,./dados/2024_1/horarios_2024_1.xlsx,./dados/2024_1/salas_2024_1.csv,./dados/2024_1/salas_preferenciais_2024.1.xlsx,/Users/robertdrey/Documents/workspace/development/alocador_de_salas,resultados/experimentos/2024_1/hibridas_dia_turno_curso_pares/dia_turno_curso_pares_init180.sol,resultados/experimentos/2024_1/hibridas_dia_turno_curso_pares/dia_turno_curso_pares_init180.csv,resultados/experimentos/2024_1/hibridas_dia_turno_curso_pares/dia_turno_curso_pares_init180.json,dia_turno_curso -> par_cursos,alfabetica,,alfabetica,,180.0,1,180.0,600.0,1,0,CICLO_SEM_MELHORIA,3,,,
2,3,83,dia_turno_curso,5_T_EAS,71,17342,77648,OPTIMAL,185307.0,185307.0,False,185307.0,1.78,1.46,600.0,5,T,EAS,alfabetica,,1,True,True,CICLO_SEM_MELHORIA,iteracao,hibrida_dia_turno_curso_pares,180.0,180.0,600.0,14400.0,False,False,alfabetica,,alfabetica,,./dados/2024_1/horarios_2024_1.xlsx,./dados/2024_1/salas_2024_1.csv,./dados/2024_1/salas_preferenciais_2024.1.xlsx,/Users/robertdrey/Documents/workspace/development/alocador_de_salas,resultados/experimentos/2024_1/hibridas_dia_turno_curso_pares/dia_turno_curso_pares_init180.sol,resultados/experimentos/2024_1/hibridas_dia_turno_curso_pares/dia_turno_curso_pares_init180.csv,resultados/experimentos/2024_1/hibridas_dia_turno_curso_pares/dia_turno_curso_pares_init180.json,dia_turno_curso -> par_cursos,alfabetica,,alfabetica,,180.0,1,180.0,600.0,1,0,CICLO_SEM_MELHORIA,3,,,
2,3,84,dia_turno_curso,5_T_ENF,44,14858,80132,OPTIMAL,185307.0,185307.0,False,185307.0,3.59,3.27,600.0,5,T,ENF,alfabetica,,1,True,True,CICLO_SEM_MELHORIA,iteracao,hibrida_dia_turno_curso_pares,180.0,180.0,600.0,14400.0,False,False,alfabetica,,alfabetica,,./dados/2024_1/horarios_2024_1.xlsx,./dados/2024_1/salas_2024_1.csv,./dados/2024_1/salas_preferenciais_2024.1.xlsx,/Users/robertdrey/Documents/workspace/development/alocador_de_salas,resultados/experimentos/2024_1/hibridas_dia_turno_curso_pares/dia_turno_curso_pares_init180.sol,resultados/experimentos/2024_1/hibridas_dia_turno_curso_pares/dia_turno_curso_pares_init180.csv,resultados/experimentos/2024_1/hibridas_dia_turno_curso_pares/dia_turno_curso_pares_init180.json,dia_turno_curso -> par_cursos,alfabetica,,alfabetica,,180.0,1,180.0,600.0,1,0,CICLO_SEM_MELHORIA,3,,,
2,3,85,dia_turno_curso,5_T_GEO,40,12650,82340,OPTIMAL,185307.0,185307.0,False,185307.0,1.13,0.8,600.0,5,T,GEO,alfabetica,,1,True,True,CICLO_SEM_MELHORIA,iteracao,hibrida_dia_turno_curso_pares,180.0,180.0,600.0,14400.0,False,False,alfabetica,,alfabetica,,./dados/2024_1/horarios_2024_1.xlsx,./dados/2024_1/salas_2024_1.csv,./dados/2024_1/salas_preferenciais_2024.1.xlsx,/Users/robertdrey/Documents/workspace/development/alocador_de_salas,resultados/experimentos/2024_1/hibridas_dia_turno_curso_pares/dia_turno_curso_pares_init180.sol,resultados/experimentos/2024_1/hibridas_dia_turno_curso_pares/dia_turno_curso_pares_init180.csv,resultados/experimentos/2024_1/hibridas_dia_turno_curso_pares/dia_turno_curso_pares_init180.json,dia_turno_curso -> par_cursos,alfabetica,,alfabetica,,180.0,1,180.0,600.0,1,0,CICLO_SEM_MELHORIA,3,,,
2,3,86,dia_turno_curso,5_T_LET,65,18722,76268,OPTIMAL,185307.0,185307.0,False,185307.0,2.28,1.97,600.0,5,T,LET,alfabetica,,1,True,True,CICLO_SEM_MELHORIA,iteracao,hibrida_dia_turno_curso_pares,180.0,180.0,600.0,14400.0,False,False,alfabetica,,alfabetica,,./dados/2024_1/horarios_2024_1.xlsx,./dados/2024_1/salas_2024_1.csv,./dados/2024_1/salas_preferenciais_2024.1.xlsx,/Users/robertdrey/Documents/workspace/development/alocador_de_salas,resultados/experimentos/2024_1/hibridas_dia_turno_curso_pares/dia_turno_curso_pares_init180.sol,resultados/experimentos/2024_1/hibridas_dia_turno_curso_pares/dia_turno_curso_pares_init180.csv,resultados/experimentos/2024_1/hibridas_dia_turno_curso_pares/dia_turno_curso_pares_init180.json,dia_turno_curso -> par_cursos,alfabetica,,alfabetica,,180.0,1,180.0,600.0,1,0,CICLO_SEM_MELHORIA,3,,,
2,3,87,dia_turno_curso,5_T_MED,67,19274,75716,OPTIMAL,185307.0,185307.0,False,185307.0,3.38,3.06,600.0,5,T,MED,alfabetica,,1,True,True,CICLO_SEM_MELHORIA,iteracao,hibrida_dia_turno_curso_pares,180.0,180.0,600.0,14400.0,False,False,alfabetica,,alfabetica,,./dados/2024_1/horarios_2024_1.xlsx,./dados/2024_1/salas_2024_1.csv,./dados/2024_1/salas_preferenciais_2024.1.xlsx,/Users/robertdrey/Documents/workspace/development/alocador_de_salas,resultados/experimentos/2024_1/hibridas_dia_turno_curso_pares/dia_turno_curso_pares_init180.sol,resultados/experimentos/2024_1/hibridas_dia_turno_curso_pares/dia_turno_curso_pares_init180.csv,resultados/experimentos/2024_1/hibridas_dia_turno_curso_pares/dia_turno_curso_pares_init180.json,dia_turno_curso -> par_cursos,alfabetica,,alfabetica,,180.0,1,180.0,600.0,1,0,CICLO_SEM_MELHORIA,3,,,
2,3,88,dia_turno_curso,5_N_ADM,83,16652,78338,OPTIMAL,185307.0,185307.0,False,185307.0,2.02,1.71,600.0,5,N,ADM,alfabetica,,1,True,True,CICLO_SEM_MELHORIA,iteracao,hibrida_dia_turno_curso_pares,180.0,180.0,600.0,14400.0,False,False,alfabetica,,alfabetica,,./dados/2024_1/horarios_2024_1.xlsx,./dados/2024_1/salas_2024_1.csv,./dados/2024_1/salas_preferenciais_2024.1.xlsx,/Users/robertdrey/Documents/workspace/development/alocador_de_salas,resultados/experimentos/2024_1/hibridas_dia_turno_curso_pares/dia_turno_curso_pares_init180.sol,resultados/experimentos/2024_1/hibridas_dia_turno_curso_pares/dia_turno_curso_pares_init180.csv,resultados/experimentos/2024_1/hibridas_dia_turno_curso_pares/dia_turno_curso_pares_init180.json,dia_turno_curso -> par_cursos,alfabetica,,alfabetica,,180.0,1,180.0,600.0,1,0,CICLO_SEM_MELHORIA,3,,,
2,3,89,dia_turno_curso,5_N_CC,83,18078,76912,OPTIMAL,185307.0,185307.0,False,185307.0,3.62,3.3,600.0,5,N,CC,alfabetica,,1,True,True,CICLO_SEM_MELHORIA,iteracao,hibrida_dia_turno_curso_pares,180.0,180.0,600.0,14400.0,False,False,alfabetica,,alfabetica,,./dados/2024_1/horarios_2024_1.xlsx,./dados/2024_1/salas_2024_1.csv,./dados/2024_1/salas_preferenciais_2024.1.xlsx,/Users/robertdrey/Documents/workspace/development/alocador_de_salas,resultados/experimentos/2024_1/hibridas_dia_turno_curso_pares/dia_turno_curso_pares_init180.sol,resultados/experimentos/2024_1/hibridas_dia_turno_curso_pares/dia_turno_curso_pares_init180.csv,resultados/experimentos/2024_1/hibridas_dia_turno_curso_pares/dia_turno_curso_pares_init180.json,dia_turno_curso -> par_cursos,alfabetica,,alfabetica,,180.0,1,180.0,600.0,1,0,CICLO_SEM_MELHORIA,3,,,
2,3,90,dia_turno_curso,5_N_CS,57,11914,83076,OPTIMAL,185307.0,185307.0,False,185307.0,1.97,1.65,600.0,5,N,CS,alfabetica,,1,True,True,CICLO_SEM_MELHORIA,iteracao,hibrida_dia_turno_curso_pares,180.0,180.0,600.0,14400.0,False,False,alfabetica,,alfabetica,,./dados/2024_1/horarios_2024_1.xlsx,./dados/2024_1/salas_2024_1.csv,./dados/2024_1/salas_preferenciais_2024.1.xlsx,/Users/robertdrey/Documents/workspace/development/alocador_de_salas,resultados/experimentos/2024_1/hibridas_dia_turno_curso_pares/dia_turno_curso_pares_init180.sol,resultados/experimentos/2024_1/hibridas_dia_turno_curso_pares/dia_turno_curso_pares_init180.csv,resultados/experimentos/2024_1/hibridas_dia_turno_curso_pares/dia_turno_curso_pares_init180.json,dia_turno_curso -> par_cursos,alfabetica,,alfabetica,,180.0,1,180.0,600.0,1,0,CICLO_SEM_MELHORIA,3,,,
2,3,91,dia_turno_curso,5_N_EAS,83,14950,80040,OPTIMAL,185307.0,185307.0,False,185307.0,1.65,1.34,600.0,5,N,EAS,alfabetica,,1,True,True,CICLO_SEM_MELHORIA,iteracao,hibrida_dia_turno_curso_pares,180.0,180.0,600.0,14400.0,False,False,alfabetica,,alfabetica,,./dados/2024_1/horarios_2024_1.xlsx,./dados/2024_1/salas_2024_1.csv,./dados/2024_1/salas_preferenciais_2024.1.xlsx,/Users/robertdrey/Documents/workspace/development/alocador_de_salas,resultados/experimentos/2024_1/hibridas_dia_turno_curso_pares/dia_turno_curso_pares_init180.sol,resultados/experimentos/2024_1/hibridas_dia_turno_curso_pares/dia_turno_curso_pares_init180.csv,resultados/experimentos/2024_1/hibridas_dia_turno_curso_pares/dia_turno_curso_pares_init180.json,dia_turno_curso -> par_cursos,alfabetica,,alfabetica,,180.0,1,180.0,600.0,1,0,CICLO_SEM_MELHORIA,3,,,
2,3,92,dia_turno_curso,5_N_FIL,51,10304,84686,OPTIMAL,185307.0,185307.0,False,185307.0,1.54,1.23,600.0,5,N,FIL,alfabetica,,1,True,True,CICLO_SEM_MELHORIA,iteracao,hibrida_dia_turno_curso_pares,180.0,180.0,600.0,14400.0,False,False,alfabetica,,alfabetica,,./dados/2024_1/horarios_2024_1.xlsx,./dados/2024_1/salas_2024_1.csv,./dados/2024_1/salas_preferenciais_2024.1.xlsx,/Users/robertdrey/Documents/workspace/development/alocador_de_salas,resultados/experimentos/2024_1/hibridas_dia_turno_curso_pares/dia_turno_curso_pares_init180.sol,resultados/experimentos/2024_1/hibridas_dia_turno_curso_pares/dia_turno_curso_pares_init180.csv,resultados/experimentos/2024_1/hibridas_dia_turno_curso_pares/dia_turno_curso_pares_init180.json,dia_turno_curso -> par_cursos,alfabetica,,alfabetica,,180.0,1,180.0,600.0,1,0,CICLO_SEM_MELHORIA,3,,,
2,3,93,dia_turno_curso,5_N_GEO,48,9844,85146,OPTIMAL,185307.0,185307.0,False,185307.0,1.56,1.24,600.0,5,N,GEO,alfabetica,,1,True,True,CICLO_SEM_MELHORIA,iteracao,hibrida_dia_turno_curso_pares,180.0,180.0,600.0,14400.0,False,False,alfabetica,,alfabetica,,./dados/2024_1/horarios_2024_1.xlsx,./dados/2024_1/salas_2024_1.csv,./dados/2024_1/salas_preferenciais_2024.1.xlsx,/Users/robertdrey/Documents/workspace/development/alocador_de_salas,resultados/experimentos/2024_1/hibridas_dia_turno_curso_pares/dia_turno_curso_pares_init180.sol,resultados/experimentos/2024_1/hibridas_dia_turno_curso_pares/dia_turno_curso_pares_init180.csv,resultados/experimentos/2024_1/hibridas_dia_turno_curso_pares/dia_turno_curso_pares_init180.json,dia_turno_curso -> par_cursos,alfabetica,,alfabetica,,180.0,1,180.0,600.0,1,0,CICLO_SEM_MELHORIA,3,,,
2,3,94,dia_turno_curso,5_N_HIS,58,11960,83030,OPTIMAL,185307.0,185307.0,False,185307.0,1.77,1.46,600.0,5,N,HIS,alfabetica,,1,True,True,CICLO_SEM_MELHORIA,iteracao,hibrida_dia_turno_curso_pares,180.0,180.0,600.0,14400.0,False,False,alfabetica,,alfabetica,,./dados/2024_1/horarios_2024_1.xlsx,./dados/2024_1/salas_2024_1.csv,./dados/2024_1/salas_preferenciais_2024.1.xlsx,/Users/robertdrey/Documents/workspace/development/alocador_de_salas,resultados/experimentos/2024_1/hibridas_dia_turno_curso_pares/dia_turno_curso_pares_init180.sol,resultados/experimentos/2024_1/hibridas_dia_turno_curso_pares/dia_turno_curso_pares_init180.csv,resultados/experimentos/2024_1/hibridas_dia_turno_curso_pares/dia_turno_curso_pares_init180.json,dia_turno_curso -> par_cursos,alfabetica,,alfabetica,,180.0,1,180.0,600.0,1,0,CICLO_SEM_MELHORIA,3,,,
2,3,95,dia_turno_curso,5_N_LET,68,15962,79028,OPTIMAL,185307.0,185307.0,False,185307.0,3.26,2.95,600.0,5,N,LET,alfabetica,,1,True,True,CICLO_SEM_MELHORIA,iteracao,hibrida_dia_turno_curso_pares,180.0,180.0,600.0,14400.0,False,False,alfabetica,,alfabetica,,./dados/2024_1/horarios_2024_1.xlsx,./dados/2024_1/salas_2024_1.csv,./dados/2024_1/salas_preferenciais_2024.1.xlsx,/Users/robertdrey/Documents/workspace/development/alocador_de_salas,resultados/experimentos/2024_1/hibridas_dia_turno_curso_pares/dia_turno_curso_pares_init180.sol,resultados/experimentos/2024_1/hibridas_dia_turno_curso_pares/dia_turno_curso_pares_init180.csv,resultados/experimentos/2024_1/hibridas_dia_turno_curso_pares/dia_turno_curso_pares_init180.json,dia_turno_curso -> par_cursos,alfabetica,,alfabetica,,180.0,1,180.0,600.0,1,0,CICLO_SEM_MELHORIA,3,,,
2,3,96,dia_turno_curso,5_N_MAT,58,12328,82662,OPTIMAL,185307.0,185307.0,False,185307.0,2.02,1.71,600.0,5,N,MAT,alfabetica,,1,True,True,CICLO_SEM_MELHORIA,iteracao,hibrida_dia_turno_curso_pares,180.0,180.0,600.0,14400.0,False,False,alfabetica,,alfabetica,,./dados/2024_1/horarios_2024_1.xlsx,./dados/2024_1/salas_2024_1.csv,./dados/2024_1/salas_preferenciais_2024.1.xlsx,/Users/robertdrey/Documents/workspace/development/alocador_de_salas,resultados/experimentos/2024_1/hibridas_dia_turno_curso_pares/dia_turno_curso_pares_init180.sol,resultados/experimentos/2024_1/hibridas_dia_turno_curso_pares/dia_turno_curso_pares_init180.csv,resultados/experimentos/2024_1/hibridas_dia_turno_curso_pares/dia_turno_curso_pares_init180.json,dia_turno_curso -> par_cursos,alfabetica,,alfabetica,,180.0,1,180.0,600.0,1,0,CICLO_SEM_MELHORIA,3,,,
2,3,97,dia_turno_curso,5_N_MED,78,16928,78062,OPTIMAL,185307.0,185307.0,False,185307.0,2.16,1.86,600.0,5,N,MED,alfabetica,,1,True,True,CICLO_SEM_MELHORIA,iteracao,hibrida_dia_turno_curso_pares,180.0,180.0,600.0,14400.0,False,False,alfabetica,,alfabetica,,./dados/2024_1/horarios_2024_1.xlsx,./dados/2024_1/salas_2024_1.csv,./dados/2024_1/salas_preferenciais_2024.1.xlsx,/Users/robertdrey/Documents/workspace/development/alocador_de_salas,resultados/experimentos/2024_1/hibridas_dia_turno_curso_pares/dia_turno_curso_pares_init180.sol,resultados/experimentos/2024_1/hibridas_dia_turno_curso_pares/dia_turno_curso_pares_init180.csv,resultados/experimentos/2024_1/hibridas_dia_turno_curso_pares/dia_turno_curso_pares_init180.json,dia_turno_curso -> par_cursos,alfabetica,,alfabetica,,180.0,1,180.0,600.0,1,0,CICLO_SEM_MELHORIA,3,,,
2,3,98,dia_turno_curso,5_N_PED,90,19780,75210,OPTIMAL,185307.0,185307.0,False,185307.0,14.88,14.56,600.0,5,N,PED,alfabetica,,1,True,True,CICLO_SEM_MELHORIA,iteracao,hibrida_dia_turno_curso_pares,180.0,180.0,600.0,14400.0,False,False,alfabetica,,alfabetica,,./dados/2024_1/horarios_2024_1.xlsx,./dados/2024_1/salas_2024_1.csv,./dados/2024_1/salas_preferenciais_2024.1.xlsx,/Users/robertdrey/Documents/workspace/development/alocador_de_salas,resultados/experimentos/2024_1/hibridas_dia_turno_curso_pares/dia_turno_curso_pares_init180.sol,resultados/experimentos/2024_1/hibridas_dia_turno_curso_pares/dia_turno_curso_pares_init180.csv,resultados/experimentos/2024_1/hibridas_dia_turno_curso_pares/dia_turno_curso_pares_init180.json,dia_turno_curso -> par_cursos,alfabetica,,alfabetica,,180.0,1,180.0,600.0,1,0,CICLO_SEM_MELHORIA,3,,,
2,3,99,dia_turno_curso,6_M_ADM,74,15226,79764,OPTIMAL,185307.0,185307.0,False,185307.0,1.94,1.61,600.0,6,M,ADM,alfabetica,,1,True,True,CICLO_SEM_MELHORIA,iteracao,hibrida_dia_turno_curso_pares,180.0,180.0,600.0,14400.0,False,False,alfabetica,,alfabetica,,./dados/2024_1/horarios_2024_1.xlsx,./dados/2024_1/salas_2024_1.csv,./dados/2024_1/salas_preferenciais_2024.1.xlsx,/Users/robertdrey/Documents/workspace/development/alocador_de_salas,resultados/experimentos/2024_1/hibridas_dia_turno_curso_pares/dia_turno_curso_pares_init180.sol,resultados/experimentos/2024_1/hibridas_dia_turno_curso_pares/dia_turno_curso_pares_init180.csv,resultados/experimentos/2024_1/hibridas_dia_turno_curso_pares/dia_turno_curso_pares_init180.json,dia_turno_curso -> par_cursos,alfabetica,,alfabetica,,180.0,1,180.0,600.0,1,0,CICLO_SEM_MELHORIA,3,,,
2,3,100,dia_turno_curso,6_M_AGRO,76,14168,80822,OPTIMAL,185307.0,185307.0,False,185307.0,8.15,7.84,600.0,6,M,AGRO,alfabetica,,1,True,True,CICLO_SEM_MELHORIA,iteracao,hibrida_dia_turno_curso_pares,180.0,180.0,600.0,14400.0,False,False,alfabetica,,alfabetica,,./dados/2024_1/horarios_2024_1.xlsx,./dados/2024_1/salas_2024_1.csv,./dados/2024_1/salas_preferenciais_2024.1.xlsx,/Users/robertdrey/Documents/workspace/development/alocador_de_salas,resultados/experimentos/2024_1/hibridas_dia_turno_curso_pares/dia_turno_curso_pares_init180.sol,resultados/experimentos/2024_1/hibridas_dia_turno_curso_pares/dia_turno_curso_pares_init180.csv,resultados/experimentos/2024_1/hibridas_dia_turno_curso_pares/dia_turno_curso_pares_init180.json,dia_turno_curso -> par_cursos,alfabetica,,alfabetica,,180.0,1,180.0,600.0,1,0,CICLO_SEM_MELHORIA,3,,,
2,3,101,dia_turno_curso,6_M_EAS,69,13294,81696,OPTIMAL,185307.0,185307.0,False,185307.0,1.99,1.68,600.0,6,M,EAS,alfabetica,,1,True,True,CICLO_SEM_MELHORIA,iteracao,hibrida_dia_turno_curso_pares,180.0,180.0,600.0,14400.0,False,False,alfabetica,,alfabetica,,./dados/2024_1/horarios_2024_1.xlsx,./dados/2024_1/salas_2024_1.csv,./dados/2024_1/salas_preferenciais_2024.1.xlsx,/Users/robertdrey/Documents/workspace/development/alocador_de_salas,resultados/experimentos/2024_1/hibridas_dia_turno_curso_pares/dia_turno_curso_pares_init180.sol,resultados/experimentos/2024_1/hibridas_dia_turno_curso_pares/dia_turno_curso_pares_init180.csv,resultados/experimentos/2024_1/hibridas_dia_turno_curso_pares/dia_turno_curso_pares_init180.json,dia_turno_curso -> par_cursos,alfabetica,,alfabetica,,180.0,1,180.0,600.0,1,0,CICLO_SEM_MELHORIA,3,,,
2,3,102,dia_turno_curso,6_M_MED,69,15778,79212,OPTIMAL,185307.0,185307.0,False,185307.0,2.54,2.22,600.0,6,M,MED,alfabetica,,1,True,True,CICLO_SEM_MELHORIA,iteracao,hibrida_dia_turno_curso_pares,180.0,180.0,600.0,14400.0,False,False,alfabetica,,alfabetica,,./dados/2024_1/horarios_2024_1.xlsx,./dados/2024_1/salas_2024_1.csv,./dados/2024_1/salas_preferenciais_2024.1.xlsx,/Users/robertdrey/Documents/workspace/development/alocador_de_salas,resultados/experimentos/2024_1/hibridas_dia_turno_curso_pares/dia_turno_curso_pares_init180.sol,resultados/experimentos/2024_1/hibridas_dia_turno_curso_pares/dia_turno_curso_pares_init180.csv,resultados/experimentos/2024_1/hibridas_dia_turno_curso_pares/dia_turno_curso_pares_init180.json,dia_turno_curso -> par_cursos,alfabetica,,alfabetica,,180.0,1,180.0,600.0,1,0,CICLO_SEM_MELHORIA,3,,,
2,3,103,dia_turno_curso,6_M_PED,81,18078,76912,OPTIMAL,185307.0,185307.0,False,185307.0,30.69,30.35,600.0,6,M,PED,alfabetica,,1,True,True,CICLO_SEM_MELHORIA,iteracao,hibrida_dia_turno_curso_pares,180.0,180.0,600.0,14400.0,False,False,alfabetica,,alfabetica,,./dados/2024_1/horarios_2024_1.xlsx,./dados/2024_1/salas_2024_1.csv,./dados/2024_1/salas_preferenciais_2024.1.xlsx,/Users/robertdrey/Documents/workspace/development/alocador_de_salas,resultados/experimentos/2024_1/hibridas_dia_turno_curso_pares/dia_turno_curso_pares_init180.sol,resultados/experimentos/2024_1/hibridas_dia_turno_curso_pares/dia_turno_curso_pares_init180.csv,resultados/experimentos/2024_1/hibridas_dia_turno_curso_pares/dia_turno_curso_pares_init180.json,dia_turno_curso -> par_cursos,alfabetica,,alfabetica,,180.0,1,180.0,600.0,1,0,CICLO_SEM_MELHORIA,3,,,
2,3,104,dia_turno_curso,6_T_AGRO,79,20102,74888,OPTIMAL,185307.0,185307.0,False,185307.0,10.26,9.93,600.0,6,T,AGRO,alfabetica,,1,True,True,CICLO_SEM_MELHORIA,iteracao,hibrida_dia_turno_curso_pares,180.0,180.0,600.0,14400.0,False,False,alfabetica,,alfabetica,,./dados/2024_1/horarios_2024_1.xlsx,./dados/2024_1/salas_2024_1.csv,./dados/2024_1/salas_preferenciais_2024.1.xlsx,/Users/robertdrey/Documents/workspace/development/alocador_de_salas,resultados/experimentos/2024_1/hibridas_dia_turno_curso_pares/dia_turno_curso_pares_init180.sol,resultados/experimentos/2024_1/hibridas_dia_turno_curso_pares/dia_turno_curso_pares_init180.csv,resultados/experimentos/2024_1/hibridas_dia_turno_curso_pares/dia_turno_curso_pares_init180.json,dia_turno_curso -> par_cursos,alfabetica,,alfabetica,,180.0,1,180.0,600.0,1,0,CICLO_SEM_MELHORIA,3,,,
2,3,105,dia_turno_curso,6_T_CC,68,20102,74888,OPTIMAL,185307.0,185307.0,False,185307.0,2.97,2.66,600.0,6,T,CC,alfabetica,,1,True,True,CICLO_SEM_MELHORIA,iteracao,hibrida_dia_turno_curso_pares,180.0,180.0,600.0,14400.0,False,False,alfabetica,,alfabetica,,./dados/2024_1/horarios_2024_1.xlsx,./dados/2024_1/salas_2024_1.csv,./dados/2024_1/salas_preferenciais_2024.1.xlsx,/Users/robertdrey/Documents/workspace/development/alocador_de_salas,resultados/experimentos/2024_1/hibridas_dia_turno_curso_pares/dia_turno_curso_pares_init180.sol,resultados/experimentos/2024_1/hibridas_dia_turno_curso_pares/dia_turno_curso_pares_init180.csv,resultados/experimentos/2024_1/hibridas_dia_turno_curso_pares/dia_turno_curso_pares_init180.json,dia_turno_curso -> par_cursos,alfabetica,,alfabetica,,180.0,1,180.0,600.0,1,0,CICLO_SEM_MELHORIA,3,,,
2,3,106,dia_turno_curso,6_T_EAS,71,18124,76866,OPTIMAL,185307.0,185307.0,False,185307.0,1.69,1.37,600.0,6,T,EAS,alfabetica,,1,True,True,CICLO_SEM_MELHORIA,iteracao,hibrida_dia_turno_curso_pares,180.0,180.0,600.0,14400.0,False,False,alfabetica,,alfabetica,,./dados/2024_1/horarios_2024_1.xlsx,./dados/2024_1/salas_2024_1.csv,./dados/2024_1/salas_preferenciais_2024.1.xlsx,/Users/robertdrey/Documents/workspace/development/alocador_de_salas,resultados/experimentos/2024_1/hibridas_dia_turno_curso_pares/dia_turno_curso_pares_init180.sol,resultados/experimentos/2024_1/hibridas_dia_turno_curso_pares/dia_turno_curso_pares_init180.csv,resultados/experimentos/2024_1/hibridas_dia_turno_curso_pares/dia_turno_curso_pares_init180.json,dia_turno_curso -> par_cursos,alfabetica,,alfabetica,,180.0,1,180.0,600.0,1,0,CICLO_SEM_MELHORIA,3,,,
2,3,107,dia_turno_curso,6_T_ENF,43,15364,79626,OPTIMAL,185307.0,185307.0,False,185307.0,7.39,7.08,600.0,6,T,ENF,alfabetica,,1,True,True,CICLO_SEM_MELHORIA,iteracao,hibrida_dia_turno_curso_pares,180.0,180.0,600.0,14400.0,False,False,alfabetica,,alfabetica,,./dados/2024_1/horarios_2024_1.xlsx,./dados/2024_1/salas_2024_1.csv,./dados/2024_1/salas_preferenciais_2024.1.xlsx,/Users/robertdrey/Documents/workspace/development/alocador_de_salas,resultados/experimentos/2024_1/hibridas_dia_turno_curso_pares/dia_turno_curso_pares_init180.sol,resultados/experimentos/2024_1/hibridas_dia_turno_curso_pares/dia_turno_curso_pares_init180.csv,resultados/experimentos/2024_1/hibridas_dia_turno_curso_pares/dia_turno_curso_pares_init180.json,dia_turno_curso -> par_cursos,alfabetica,,alfabetica,,180.0,1,180.0,600.0,1,0,CICLO_SEM_MELHORIA,3,,,
2,3,108,dia_turno_curso,6_T_LET,63,18998,75992,OPTIMAL,185307.0,185307.0,False,185307.0,1.81,1.49,600.0,6,T,LET,alfabetica,,1,True,True,CICLO_SEM_MELHORIA,iteracao,hibrida_dia_turno_curso_pares,180.0,180.0,600.0,14400.0,False,False,alfabetica,,alfabetica,,./dados/2024_1/horarios_2024_1.xlsx,./dados/2024_1/salas_2024_1.csv,./dados/2024_1/salas_preferenciais_2024.1.xlsx,/Users/robertdrey/Documents/workspace/development/alocador_de_salas,resultados/experimentos/2024_1/hibridas_dia_turno_curso_pares/dia_turno_curso_pares_init180.sol,resultados/experimentos/2024_1/hibridas_dia_turno_curso_pares/dia_turno_curso_pares_init180.csv,resultados/experimentos/2024_1/hibridas_dia_turno_curso_pares/dia_turno_curso_pares_init180.json,dia_turno_curso -> par_cursos,alfabetica,,alfabetica,,180.0,1,180.0,600.0,1,0,CICLO_SEM_MELHORIA,3,,,
2,3,109,dia_turno_curso,6_T_MED,64,19274,75716,OPTIMAL,185307.0,185307.0,False,185307.0,3.71,3.4,600.0,6,T,MED,alfabetica,,1,True,True,CICLO_SEM_MELHORIA,iteracao,hibrida_dia_turno_curso_pares,180.0,180.0,600.0,14400.0,False,False,alfabetica,,alfabetica,,./dados/2024_1/horarios_2024_1.xlsx,./dados/2024_1/salas_2024_1.csv,./dados/2024_1/salas_preferenciais_2024.1.xlsx,/Users/robertdrey/Documents/workspace/development/alocador_de_salas,resultados/experimentos/2024_1/hibridas_dia_turno_curso_pares/dia_turno_curso_pares_init180.sol,resultados/experimentos/2024_1/hibridas_dia_turno_curso_pares/dia_turno_curso_pares_init180.csv,resultados/experimentos/2024_1/hibridas_dia_turno_curso_pares/dia_turno_curso_pares_init180.json,dia_turno_curso -> par_cursos,alfabetica,,alfabetica,,180.0,1,180.0,600.0,1,0,CICLO_SEM_MELHORIA,3,,,
2,3,110,dia_turno_curso,6_N_ADM,83,17158,77832,OPTIMAL,185307.0,185307.0,False,185307.0,2.85,2.54,600.0,6,N,ADM,alfabetica,,1,True,True,CICLO_SEM_MELHORIA,iteracao,hibrida_dia_turno_curso_pares,180.0,180.0,600.0,14400.0,False,False,alfabetica,,alfabetica,,./dados/2024_1/horarios_2024_1.xlsx,./dados/2024_1/salas_2024_1.csv,./dados/2024_1/salas_preferenciais_2024.1.xlsx,/Users/robertdrey/Documents/workspace/development/alocador_de_salas,resultados/experimentos/2024_1/hibridas_dia_turno_curso_pares/dia_turno_curso_pares_init180.sol,resultados/experimentos/2024_1/hibridas_dia_turno_curso_pares/dia_turno_curso_pares_init180.csv,resultados/experimentos/2024_1/hibridas_dia_turno_curso_pares/dia_turno_curso_pares_init180.json,dia_turno_curso -> par_cursos,alfabetica,,alfabetica,,180.0,1,180.0,600.0,1,0,CICLO_SEM_MELHORIA,3,,,
2,3,111,dia_turno_curso,6_N_AGRO,89,16422,78568,OPTIMAL,185307.0,185307.0,False,185307.0,5.95,5.63,600.0,6,N,AGRO,alfabetica,,1,True,True,CICLO_SEM_MELHORIA,iteracao,hibrida_dia_turno_curso_pares,180.0,180.0,600.0,14400.0,False,False,alfabetica,,alfabetica,,./dados/2024_1/horarios_2024_1.xlsx,./dados/2024_1/salas_2024_1.csv,./dados/2024_1/salas_preferenciais_2024.1.xlsx,/Users/robertdrey/Documents/workspace/development/alocador_de_salas,resultados/experimentos/2024_1/hibridas_dia_turno_curso_pares/dia_turno_curso_pares_init180.sol,resultados/experimentos/2024_1/hibridas_dia_turno_curso_pares/dia_turno_curso_pares_init180.csv,resultados/experimentos/2024_1/hibridas_dia_turno_curso_pares/dia_turno_curso_pares_init180.json,dia_turno_curso -> par_cursos,alfabetica,,alfabetica,,180.0,1,180.0,600.0,1,0,CICLO_SEM_MELHORIA,3,,,
2,3,112,dia_turno_curso,6_N_CC,82,18400,76590,OPTIMAL,185307.0,185307.0,False,185307.0,3.78,3.46,600.0,6,N,CC,alfabetica,,1,True,True,CICLO_SEM_MELHORIA,iteracao,hibrida_dia_turno_curso_pares,180.0,180.0,600.0,14400.0,False,False,alfabetica,,alfabetica,,./dados/2024_1/horarios_2024_1.xlsx,./dados/2024_1/salas_2024_1.csv,./dados/2024_1/salas_preferenciais_2024.1.xlsx,/Users/robertdrey/Documents/workspace/development/alocador_de_salas,resultados/experimentos/2024_1/hibridas_dia_turno_curso_pares/dia_turno_curso_pares_init180.sol,resultados/experimentos/2024_1/hibridas_dia_turno_curso_pares/dia_turno_curso_pares_init180.csv,resultados/experimentos/2024_1/hibridas_dia_turno_curso_pares/dia_turno_curso_pares_init180.json,dia_turno_curso -> par_cursos,alfabetica,,alfabetica,,180.0,1,180.0,600.0,1,0,CICLO_SEM_MELHORIA,3,,,
2,3,113,dia_turno_curso,6_N_CS,57,12420,82570,OPTIMAL,185307.0,185307.0,False,185307.0,1.96,1.64,600.0,6,N,CS,alfabetica,,1,True,True,CICLO_SEM_MELHORIA,iteracao,hibrida_dia_turno_curso_pares,180.0,180.0,600.0,14400.0,False,False,alfabetica,,alfabetica,,./dados/2024_1/horarios_2024_1.xlsx,./dados/2024_1/salas_2024_1.csv,./dados/2024_1/salas_preferenciais_2024.1.xlsx,/Users/robertdrey/Documents/workspace/development/alocador_de_salas,resultados/experimentos/2024_1/hibridas_dia_turno_curso_pares/dia_turno_curso_pares_init180.sol,resultados/experimentos/2024_1/hibridas_dia_turno_curso_pares/dia_turno_curso_pares_init180.csv,resultados/experimentos/2024_1/hibridas_dia_turno_curso_pares/dia_turno_curso_pares_init180.json,dia_turno_curso -> par_cursos,alfabetica,,alfabetica,,180.0,1,180.0,600.0,1,0,CICLO_SEM_MELHORIA,3,,,
2,3,114,dia_turno_curso,6_N_EAS,83,15456,79534,OPTIMAL,185307.0,185307.0,False,185307.0,1.92,1.62,600.0,6,N,EAS,alfabetica,,1,True,True,CICLO_SEM_MELHORIA,iteracao,hibrida_dia_turno_curso_pares,180.0,180.0,600.0,14400.0,False,False,alfabetica,,alfabetica,,./dados/2024_1/horarios_2024_1.xlsx,./dados/2024_1/salas_2024_1.csv,./dados/2024_1/salas_preferenciais_2024.1.xlsx,/Users/robertdrey/Documents/workspace/development/alocador_de_salas,resultados/experimentos/2024_1/hibridas_dia_turno_curso_pares/dia_turno_curso_pares_init180.sol,resultados/experimentos/2024_1/hibridas_dia_turno_curso_pares/dia_turno_curso_pares_init180.csv,resultados/experimentos/2024_1/hibridas_dia_turno_curso_pares/dia_turno_curso_pares_init180.json,dia_turno_curso -> par_cursos,alfabetica,,alfabetica,,180.0,1,180.0,600.0,1,0,CICLO_SEM_MELHORIA,3,,,
2,3,115,dia_turno_curso,6_N_FIL,51,10810,84180,OPTIMAL,185307.0,185307.0,False,185307.0,1.95,1.63,600.0,6,N,FIL,alfabetica,,1,True,True,CICLO_SEM_MELHORIA,iteracao,hibrida_dia_turno_curso_pares,180.0,180.0,600.0,14400.0,False,False,alfabetica,,alfabetica,,./dados/2024_1/horarios_2024_1.xlsx,./dados/2024_1/salas_2024_1.csv,./dados/2024_1/salas_preferenciais_2024.1.xlsx,/Users/robertdrey/Documents/workspace/development/alocador_de_salas,resultados/experimentos/2024_1/hibridas_dia_turno_curso_pares/dia_turno_curso_pares_init180.sol,resultados/experimentos/2024_1/hibridas_dia_turno_curso_pares/dia_turno_curso_pares_init180.csv,resultados/experimentos/2024_1/hibridas_dia_turno_curso_pares/dia_turno_curso_pares_init180.json,dia_turno_curso -> par_cursos,alfabetica,,alfabetica,,180.0,1,180.0,600.0,1,0,CICLO_SEM_MELHORIA,3,,,
2,3,116,dia_turno_curso,6_N_GEO,47,10304,84686,OPTIMAL,185307.0,185307.0,False,185307.0,1.2,0.88,600.0,6,N,GEO,alfabetica,,1,True,True,CICLO_SEM_MELHORIA,iteracao,hibrida_dia_turno_curso_pares,180.0,180.0,600.0,14400.0,False,False,alfabetica,,alfabetica,,./dados/2024_1/horarios_2024_1.xlsx,./dados/2024_1/salas_2024_1.csv,./dados/2024_1/salas_preferenciais_2024.1.xlsx,/Users/robertdrey/Documents/workspace/development/alocador_de_salas,resultados/experimentos/2024_1/hibridas_dia_turno_curso_pares/dia_turno_curso_pares_init180.sol,resultados/experimentos/2024_1/hibridas_dia_turno_curso_pares/dia_turno_curso_pares_init180.csv,resultados/experimentos/2024_1/hibridas_dia_turno_curso_pares/dia_turno_curso_pares_init180.json,dia_turno_curso -> par_cursos,alfabetica,,alfabetica,,180.0,1,180.0,600.0,1,0,CICLO_SEM_MELHORIA,3,,,
2,3,117,dia_turno_curso,6_N_HIS,59,12650,82340,OPTIMAL,185307.0,185307.0,False,185307.0,2.49,2.18,600.0,6,N,HIS,alfabetica,,1,True,True,CICLO_SEM_MELHORIA,iteracao,hibrida_dia_turno_curso_pares,180.0,180.0,600.0,14400.0,False,False,alfabetica,,alfabetica,,./dados/2024_1/horarios_2024_1.xlsx,./dados/2024_1/salas_2024_1.csv,./dados/2024_1/salas_preferenciais_2024.1.xlsx,/Users/robertdrey/Documents/workspace/development/alocador_de_salas,resultados/experimentos/2024_1/hibridas_dia_turno_curso_pares/dia_turno_curso_pares_init180.sol,resultados/experimentos/2024_1/hibridas_dia_turno_curso_pares/dia_turno_curso_pares_init180.csv,resultados/experimentos/2024_1/hibridas_dia_turno_curso_pares/dia_turno_curso_pares_init180.json,dia_turno_curso -> par_cursos,alfabetica,,alfabetica,,180.0,1,180.0,600.0,1,0,CICLO_SEM_MELHORIA,3,,,
2,3,118,dia_turno_curso,6_N_LET,69,16376,78614,OPTIMAL,185307.0,185307.0,False,185307.0,2.6,2.29,600.0,6,N,LET,alfabetica,,1,True,True,CICLO_SEM_MELHORIA,iteracao,hibrida_dia_turno_curso_pares,180.0,180.0,600.0,14400.0,False,False,alfabetica,,alfabetica,,./dados/2024_1/horarios_2024_1.xlsx,./dados/2024_1/salas_2024_1.csv,./dados/2024_1/salas_preferenciais_2024.1.xlsx,/Users/robertdrey/Documents/workspace/development/alocador_de_salas,resultados/experimentos/2024_1/hibridas_dia_turno_curso_pares/dia_turno_curso_pares_init180.sol,resultados/experimentos/2024_1/hibridas_dia_turno_curso_pares/dia_turno_curso_pares_init180.csv,resultados/experimentos/2024_1/hibridas_dia_turno_curso_pares/dia_turno_curso_pares_init180.json,dia_turno_curso -> par_cursos,alfabetica,,alfabetica,,180.0,1,180.0,600.0,1,0,CICLO_SEM_MELHORIA,3,,,
2,3,119,dia_turno_curso,6_N_MAT,58,12834,82156,OPTIMAL,185307.0,185307.0,False,185307.0,1.75,1.44,600.0,6,N,MAT,alfabetica,,1,True,True,CICLO_SEM_MELHORIA,iteracao,hibrida_dia_turno_curso_pares,180.0,180.0,600.0,14400.0,False,False,alfabetica,,alfabetica,,./dados/2024_1/horarios_2024_1.xlsx,./dados/2024_1/salas_2024_1.csv,./dados/2024_1/salas_preferenciais_2024.1.xlsx,/Users/robertdrey/Documents/workspace/development/alocador_de_salas,resultados/experimentos/2024_1/hibridas_dia_turno_curso_pares/dia_turno_curso_pares_init180.sol,resultados/experimentos/2024_1/hibridas_dia_turno_curso_pares/dia_turno_curso_pares_init180.csv,resultados/experimentos/2024_1/hibridas_dia_turno_curso_pares/dia_turno_curso_pares_init180.json,dia_turno_curso -> par_cursos,alfabetica,,alfabetica,,180.0,1,180.0,600.0,1,0,CICLO_SEM_MELHORIA,3,,,
2,3,120,dia_turno_curso,6_N_PED,89,20286,74704,OPTIMAL,185307.0,185307.0,False,185307.0,25.62,25.31,600.0,6,N,PED,alfabetica,,1,True,True,CICLO_SEM_MELHORIA,iteracao,hibrida_dia_turno_curso_pares,180.0,180.0,600.0,14400.0,False,False,alfabetica,,alfabetica,,./dados/2024_1/horarios_2024_1.xlsx,./dados/2024_1/salas_2024_1.csv,./dados/2024_1/salas_preferenciais_2024.1.xlsx,/Users/robertdrey/Documents/workspace/development/alocador_de_salas,resultados/experimentos/2024_1/hibridas_dia_turno_curso_pares/dia_turno_curso_pares_init180.sol,resultados/experimentos/2024_1/hibridas_dia_turno_curso_pares/dia_turno_curso_pares_init180.csv,resultados/experimentos/2024_1/hibridas_dia_turno_curso_pares/dia_turno_curso_pares_init180.json,dia_turno_curso -> par_cursos,alfabetica,,alfabetica,,180.0,1,180.0,600.0,1,0,CICLO_SEM_MELHORIA,3,,,
2,3,121,dia_turno_curso,7_M_AGRO,68,15870,79120,OPTIMAL,185307.0,185307.0,False,185307.0,7.59,7.27,600.0,7,M,AGRO,alfabetica,,1,True,True,CICLO_SEM_MELHORIA,iteracao,hibrida_dia_turno_curso_pares,180.0,180.0,600.0,14400.0,False,False,alfabetica,,alfabetica,,./dados/2024_1/horarios_2024_1.xlsx,./dados/2024_1/salas_2024_1.csv,./dados/2024_1/salas_preferenciais_2024.1.xlsx,/Users/robertdrey/Documents/workspace/development/alocador_de_salas,resultados/experimentos/2024_1/hibridas_dia_turno_curso_pares/dia_turno_curso_pares_init180.sol,resultados/experimentos/2024_1/hibridas_dia_turno_curso_pares/dia_turno_curso_pares_init180.csv,resultados/experimentos/2024_1/hibridas_dia_turno_curso_pares/dia_turno_curso_pares_init180.json,dia_turno_curso -> par_cursos,alfabetica,,alfabetica,,180.0,1,180.0,600.0,1,0,CICLO_SEM_MELHORIA,3,,,
2,3,122,dia_turno_curso,7_M_CC,63,17480,77510,OPTIMAL,185307.0,185307.0,False,185307.0,4.1,3.78,600.0,7,M,CC,alfabetica,,1,True,True,CICLO_SEM_MELHORIA,iteracao,hibrida_dia_turno_curso_pares,180.0,180.0,600.0,14400.0,False,False,alfabetica,,alfabetica,,./dados/2024_1/horarios_2024_1.xlsx,./dados/2024_1/salas_2024_1.csv,./dados/2024_1/salas_preferenciais_2024.1.xlsx,/Users/robertdrey/Documents/workspace/development/alocador_de_salas,resultados/experimentos/2024_1/hibridas_dia_turno_curso_pares/dia_turno_curso_pares_init180.sol,resultados/experimentos/2024_1/hibridas_dia_turno_curso_pares/dia_turno_curso_pares_init180.csv,resultados/experimentos/2024_1/hibridas_dia_turno_curso_pares/dia_turno_curso_pares_init180.json,dia_turno_curso -> par_cursos,alfabetica,,alfabetica,,180.0,1,180.0,600.0,1,0,CICLO_SEM_MELHORIA,3,,,
2,3,123,dia_turno_curso,7_M_CS,40,12742,82248,OPTIMAL,185307.0,185307.0,False,185307.0,0.97,0.65,600.0,7,M,CS,alfabetica,,1,True,True,CICLO_SEM_MELHORIA,iteracao,hibrida_dia_turno_curso_pares,180.0,180.0,600.0,14400.0,False,False,alfabetica,,alfabetica,,./dados/2024_1/horarios_2024_1.xlsx,./dados/2024_1/salas_2024_1.csv,./dados/2024_1/salas_preferenciais_2024.1.xlsx,/Users/robertdrey/Documents/workspace/development/alocador_de_salas,resultados/experimentos/2024_1/hibridas_dia_turno_curso_pares/dia_turno_curso_pares_init180.sol,resultados/experimentos/2024_1/hibridas_dia_turno_curso_pares/dia_turno_curso_pares_init180.csv,resultados/experimentos/2024_1/hibridas_dia_turno_curso_pares/dia_turno_curso_pares_init180.json,dia_turno_curso -> par_cursos,alfabetica,,alfabetica,,180.0,1,180.0,600.0,1,0,CICLO_SEM_MELHORIA,3,,,
2,3,124,dia_turno_curso,7_M_GEO,28,10258,84732,OPTIMAL,185307.0,185307.0,False,185307.0,0.85,0.54,600.0,7,M,GEO,alfabetica,,1,True,True,CICLO_SEM_MELHORIA,iteracao,hibrida_dia_turno_curso_pares,180.0,180.0,600.0,14400.0,False,False,alfabetica,,alfabetica,,./dados/2024_1/horarios_2024_1.xlsx,./dados/2024_1/salas_2024_1.csv,./dados/2024_1/salas_preferenciais_2024.1.xlsx,/Users/robertdrey/Documents/workspace/development/alocador_de_salas,resultados/experimentos/2024_1/hibridas_dia_turno_curso_pares/dia_turno_curso_pares_init180.sol,resultados/experimentos/2024_1/hibridas_dia_turno_curso_pares/dia_turno_curso_pares_init180.csv,resultados/experimentos/2024_1/hibridas_dia_turno_curso_pares/dia_turno_curso_pares_init180.json,dia_turno_curso -> par_cursos,alfabetica,,alfabetica,,180.0,1,180.0,600.0,1,0,CICLO_SEM_MELHORIA,3,,,
2,3,125,dia_turno_curso,7_M_HIS,41,12420,82570,OPTIMAL,185307.0,185307.0,False,185307.0,1.02,0.7,600.0,7,M,HIS,alfabetica,,1,True,True,CICLO_SEM_MELHORIA,iteracao,hibrida_dia_turno_curso_pares,180.0,180.0,600.0,14400.0,False,False,alfabetica,,alfabetica,,./dados/2024_1/horarios_2024_1.xlsx,./dados/2024_1/salas_2024_1.csv,./dados/2024_1/salas_preferenciais_2024.1.xlsx,/Users/robertdrey/Documents/workspace/development/alocador_de_salas,resultados/experimentos/2024_1/hibridas_dia_turno_curso_pares/dia_turno_curso_pares_init180.sol,resultados/experimentos/2024_1/hibridas_dia_turno_curso_pares/dia_turno_curso_pares_init180.csv,resultados/experimentos/2024_1/hibridas_dia_turno_curso_pares/dia_turno_curso_pares_init180.json,dia_turno_curso -> par_cursos,alfabetica,,alfabetica,,180.0,1,180.0,600.0,1,0,CICLO_SEM_MELHORIA,3,,,
2,3,126,dia_turno_curso,7_M_MAT,40,12604,82386,OPTIMAL,185307.0,185307.0,False,185307.0,1.06,0.75,600.0,7,M,MAT,alfabetica,,1,True,True,CICLO_SEM_MELHORIA,iteracao,hibrida_dia_turno_curso_pares,180.0,180.0,600.0,14400.0,False,False,alfabetica,,alfabetica,,./dados/2024_1/horarios_2024_1.xlsx,./dados/2024_1/salas_2024_1.csv,./dados/2024_1/salas_preferenciais_2024.1.xlsx,/Users/robertdrey/Documents/workspace/development/alocador_de_salas,resultados/experimentos/2024_1/hibridas_dia_turno_curso_pares/dia_turno_curso_pares_init180.sol,resultados/experimentos/2024_1/hibridas_dia_turno_curso_pares/dia_turno_curso_pares_init180.csv,resultados/experimentos/2024_1/hibridas_dia_turno_curso_pares/dia_turno_curso_pares_init180.json,dia_turno_curso -> par_cursos,alfabetica,,alfabetica,,180.0,1,180.0,600.0,1,0,CICLO_SEM_MELHORIA,3,,,
2,3,127,dia_turno_curso,7_M_MED,59,17480,77510,OPTIMAL,185307.0,185307.0,False,185307.0,1.72,1.41,600.0,7,M,MED,alfabetica,,1,True,True,CICLO_SEM_MELHORIA,iteracao,hibrida_dia_turno_curso_pares,180.0,180.0,600.0,14400.0,False,False,alfabetica,,alfabetica,,./dados/2024_1/horarios_2024_1.xlsx,./dados/2024_1/salas_2024_1.csv,./dados/2024_1/salas_preferenciais_2024.1.xlsx,/Users/robertdrey/Documents/workspace/development/alocador_de_salas,resultados/experimentos/2024_1/hibridas_dia_turno_curso_pares/dia_turno_curso_pares_init180.sol,resultados/experimentos/2024_1/hibridas_dia_turno_curso_pares/dia_turno_curso_pares_init180.csv,resultados/experimentos/2024_1/hibridas_dia_turno_curso_pares/dia_turno_curso_pares_init180.json,dia_turno_curso -> par_cursos,alfabetica,,alfabetica,,180.0,1,180.0,600.0,1,0,CICLO_SEM_MELHORIA,3,,,
2,3,128,dia_turno_curso,7_M_PED,68,17572,77418,OPTIMAL,185307.0,185307.0,False,185307.0,17.86,17.51,600.0,7,M,PED,alfabetica,,1,True,True,CICLO_SEM_MELHORIA,iteracao,hibrida_dia_turno_curso_pares,180.0,180.0,600.0,14400.0,False,False,alfabetica,,alfabetica,,./dados/2024_1/horarios_2024_1.xlsx,./dados/2024_1/salas_2024_1.csv,./dados/2024_1/salas_preferenciais_2024.1.xlsx,/Users/robertdrey/Documents/workspace/development/alocador_de_salas,resultados/experimentos/2024_1/hibridas_dia_turno_curso_pares/dia_turno_curso_pares_init180.sol,resultados/experimentos/2024_1/hibridas_dia_turno_curso_pares/dia_turno_curso_pares_init180.csv,resultados/experimentos/2024_1/hibridas_dia_turno_curso_pares/dia_turno_curso_pares_init180.json,dia_turno_curso -> par_cursos,alfabetica,,alfabetica,,180.0,1,180.0,600.0,1,0,CICLO_SEM_MELHORIA,3,,,
2,3,129,dia_turno_curso,7_T_AGRO,58,12144,82846,OPTIMAL,185307.0,185307.0,False,185307.0,6.23,5.88,600.0,7,T,AGRO,alfabetica,,1,True,True,CICLO_SEM_MELHORIA,iteracao,hibrida_dia_turno_curso_pares,180.0,180.0,600.0,14400.0,False,False,alfabetica,,alfabetica,,./dados/2024_1/horarios_2024_1.xlsx,./dados/2024_1/salas_2024_1.csv,./dados/2024_1/salas_preferenciais_2024.1.xlsx,/Users/robertdrey/Documents/workspace/development/alocador_de_salas,resultados/experimentos/2024_1/hibridas_dia_turno_curso_pares/dia_turno_curso_pares_init180.sol,resultados/experimentos/2024_1/hibridas_dia_turno_curso_pares/dia_turno_curso_pares_init180.csv,resultados/experimentos/2024_1/hibridas_dia_turno_curso_pares/dia_turno_curso_pares_init180.json,dia_turno_curso -> par_cursos,alfabetica,,alfabetica,,180.0,1,180.0,600.0,1,0,CICLO_SEM_MELHORIA,3,,,
2,3,130,dia_turno_curso,7_T_CC,53,13754,81236,OPTIMAL,185307.0,185307.0,False,185307.0,2.53,2.2,600.0,7,T,CC,alfabetica,,1,True,True,CICLO_SEM_MELHORIA,iteracao,hibrida_dia_turno_curso_pares,180.0,180.0,600.0,14400.0,False,False,alfabetica,,alfabetica,,./dados/2024_1/horarios_2024_1.xlsx,./dados/2024_1/salas_2024_1.csv,./dados/2024_1/salas_preferenciais_2024.1.xlsx,/Users/robertdrey/Documents/workspace/development/alocador_de_salas,resultados/experimentos/2024_1/hibridas_dia_turno_curso_pares/dia_turno_curso_pares_init180.sol,resultados/experimentos/2024_1/hibridas_dia_turno_curso_pares/dia_turno_curso_pares_init180.csv,resultados/experimentos/2024_1/hibridas_dia_turno_curso_pares/dia_turno_curso_pares_init180.json,dia_turno_curso -> par_cursos,alfabetica,,alfabetica,,180.0,1,180.0,600.0,1,0,CICLO_SEM_MELHORIA,3,,,
2,3,131,dia_turno_curso,7_T_HIS,32,9246,85744,OPTIMAL,185307.0,185307.0,False,185307.0,0.82,0.49,600.0,7,T,HIS,alfabetica,,1,True,True,CICLO_SEM_MELHORIA,iteracao,hibrida_dia_turno_curso_pares,180.0,180.0,600.0,14400.0,False,False,alfabetica,,alfabetica,,./dados/2024_1/horarios_2024_1.xlsx,./dados/2024_1/salas_2024_1.csv,./dados/2024_1/salas_preferenciais_2024.1.xlsx,/Users/robertdrey/Documents/workspace/development/alocador_de_salas,resultados/experimentos/2024_1/hibridas_dia_turno_curso_pares/dia_turno_curso_pares_init180.sol,resultados/experimentos/2024_1/hibridas_dia_turno_curso_pares/dia_turno_curso_pares_init180.csv,resultados/experimentos/2024_1/hibridas_dia_turno_curso_pares/dia_turno_curso_pares_init180.json,dia_turno_curso -> par_cursos,alfabetica,,alfabetica,,180.0,1,180.0,600.0,1,0,CICLO_SEM_MELHORIA,3,,,
2,3,132,dia_turno_curso,7_T_PED,62,15640,79350,OPTIMAL,185307.0,185307.0,False,185307.0,40.65,40.34,600.0,7,T,PED,alfabetica,,1,True,True,CICLO_SEM_MELHORIA,iteracao,hibrida_dia_turno_curso_pares,180.0,180.0,600.0,14400.0,False,False,alfabetica,,alfabetica,,./dados/2024_1/horarios_2024_1.xlsx,./dados/2024_1/salas_2024_1.csv,./dados/2024_1/salas_preferenciais_2024.1.xlsx,/Users/robertdrey/Documents/workspace/development/alocador_de_salas,resultados/experimentos/2024_1/hibridas_dia_turno_curso_pares/dia_turno_curso_pares_init180.sol,resultados/experimentos/2024_1/hibridas_dia_turno_curso_pares/dia_turno_curso_pares_init180.csv,resultados/experimentos/2024_1/hibridas_dia_turno_curso_pares/dia_turno_curso_pares_init180.json,dia_turno_curso -> par_cursos,alfabetica,,alfabetica,,180.0,1,180.0,600.0,1,0,CICLO_SEM_MELHORIA,3,,,
2,3,133,dia_turno_curso,7_N_AGRO,53,10028,84962,OPTIMAL,185307.0,185307.0,False,185307.0,7.25,6.93,600.0,7,N,AGRO,alfabetica,,1,True,True,CICLO_SEM_MELHORIA,iteracao,hibrida_dia_turno_curso_pares,180.0,180.0,600.0,14400.0,False,False,alfabetica,,alfabetica,,./dados/2024_1/horarios_2024_1.xlsx,./dados/2024_1/salas_2024_1.csv,./dados/2024_1/salas_preferenciais_2024.1.xlsx,/Users/robertdrey/Documents/workspace/development/alocador_de_salas,resultados/experimentos/2024_1/hibridas_dia_turno_curso_pares/dia_turno_curso_pares_init180.sol,resultados/experimentos/2024_1/hibridas_dia_turno_curso_pares/dia_turno_curso_pares_init180.csv,resultados/experimentos/2024_1/hibridas_dia_turno_curso_pares/dia_turno_curso_pares_init180.json,dia_turno_curso -> par_cursos,alfabetica,,alfabetica,,180.0,1,180.0,600.0,1,0,CICLO_SEM_MELHORIA,3,,,
2,3,134,dia_turno_curso,7_N_HIS,26,6532,88458,OPTIMAL,185307.0,185307.0,False,185307.0,0.72,0.39,600.0,7,N,HIS,alfabetica,,1,True,True,CICLO_SEM_MELHORIA,iteracao,hibrida_dia_turno_curso_pares,180.0,180.0,600.0,14400.0,False,False,alfabetica,,alfabetica,,./dados/2024_1/horarios_2024_1.xlsx,./dados/2024_1/salas_2024_1.csv,./dados/2024_1/salas_preferenciais_2024.1.xlsx,/Users/robertdrey/Documents/workspace/development/alocador_de_salas,resultados/experimentos/2024_1/hibridas_dia_turno_curso_pares/dia_turno_curso_pares_init180.sol,resultados/experimentos/2024_1/hibridas_dia_turno_curso_pares/dia_turno_curso_pares_init180.csv,resultados/experimentos/2024_1/hibridas_dia_turno_curso_pares/dia_turno_curso_pares_init180.json,dia_turno_curso -> par_cursos,alfabetica,,alfabetica,,180.0,1,180.0,600.0,1,0,CICLO_SEM_MELHORIA,3,,,
2,3,135,dia_turno_curso,7_N_PED,58,14168,80822,OPTIMAL,185307.0,185307.0,False,185307.0,15.45,15.11,600.0,7,N,PED,alfabetica,,1,True,True,CICLO_SEM_MELHORIA,iteracao,hibrida_dia_turno_curso_pares,180.0,180.0,600.0,14400.0,False,False,alfabetica,,alfabetica,,./dados/2024_1/horarios_2024_1.xlsx,./dados/2024_1/salas_2024_1.csv,./dados/2024_1/salas_preferenciais_2024.1.xlsx,/Users/robertdrey/Documents/workspace/development/alocador_de_salas,resultados/experimentos/2024_1/hibridas_dia_turno_curso_pares/dia_turno_curso_pares_init180.sol,resultados/experimentos/2024_1/hibridas_dia_turno_curso_pares/dia_turno_curso_pares_init180.csv,resultados/experimentos/2024_1/hibridas_dia_turno_curso_pares/dia_turno_curso_pares_init180.json,dia_turno_curso -> par_cursos,alfabetica,,alfabetica,,180.0,1,180.0,600.0,1,0,CICLO_SEM_MELHORIA,3,,,
2,4,1,par_cursos,ADM+AGRO,99,18032,76958,OPTIMAL,185307.0,185307.0,False,185307.0,11.33,10.98,600.0,,,,alfabetica,,2,True,True,CICLO_SEM_MELHORIA,iteracao,hibrida_dia_turno_curso_pares,180.0,180.0,600.0,14400.0,False,False,alfabetica,,alfabetica,,./dados/2024_1/horarios_2024_1.xlsx,./dados/2024_1/salas_2024_1.csv,./dados/2024_1/salas_preferenciais_2024.1.xlsx,/Users/robertdrey/Documents/workspace/development/alocador_de_salas,resultados/experimentos/2024_1/hibridas_dia_turno_curso_pares/dia_turno_curso_pares_init180.sol,resultados/experimentos/2024_1/hibridas_dia_turno_curso_pares/dia_turno_curso_pares_init180.csv,resultados/experimentos/2024_1/hibridas_dia_turno_curso_pares/dia_turno_curso_pares_init180.json,dia_turno_curso -> par_cursos,alfabetica,,alfabetica,,180.0,1,180.0,600.0,1,0,CICLO_SEM_MELHORIA,3,ADM,AGRO,1
2,4,2,par_cursos,ADM+CC,95,19826,75164,OPTIMAL,185307.0,185307.0,False,185307.0,25.19,24.87,600.0,,,,alfabetica,,2,True,True,CICLO_SEM_MELHORIA,iteracao,hibrida_dia_turno_curso_pares,180.0,180.0,600.0,14400.0,False,False,alfabetica,,alfabetica,,./dados/2024_1/horarios_2024_1.xlsx,./dados/2024_1/salas_2024_1.csv,./dados/2024_1/salas_preferenciais_2024.1.xlsx,/Users/robertdrey/Documents/workspace/development/alocador_de_salas,resultados/experimentos/2024_1/hibridas_dia_turno_curso_pares/dia_turno_curso_pares_init180.sol,resultados/experimentos/2024_1/hibridas_dia_turno_curso_pares/dia_turno_curso_pares_init180.csv,resultados/experimentos/2024_1/hibridas_dia_turno_curso_pares/dia_turno_curso_pares_init180.json,dia_turno_curso -> par_cursos,alfabetica,,alfabetica,,180.0,1,180.0,600.0,1,0,CICLO_SEM_MELHORIA,3,ADM,CC,2
2,4,3,par_cursos,ADM+CS,70,13846,81144,OPTIMAL,185307.0,185307.0,False,185307.0,1.12,0.81,600.0,,,,alfabetica,,2,True,True,CICLO_SEM_MELHORIA,iteracao,hibrida_dia_turno_curso_pares,180.0,180.0,600.0,14400.0,False,False,alfabetica,,alfabetica,,./dados/2024_1/horarios_2024_1.xlsx,./dados/2024_1/salas_2024_1.csv,./dados/2024_1/salas_preferenciais_2024.1.xlsx,/Users/robertdrey/Documents/workspace/development/alocador_de_salas,resultados/experimentos/2024_1/hibridas_dia_turno_curso_pares/dia_turno_curso_pares_init180.sol,resultados/experimentos/2024_1/hibridas_dia_turno_curso_pares/dia_turno_curso_pares_init180.csv,resultados/experimentos/2024_1/hibridas_dia_turno_curso_pares/dia_turno_curso_pares_init180.json,dia_turno_curso -> par_cursos,alfabetica,,alfabetica,,180.0,1,180.0,600.0,1,0,CICLO_SEM_MELHORIA,3,ADM,CS,3
2,4,4,par_cursos,ADM+EAS,93,16744,78246,OPTIMAL,185307.0,185307.0,False,185307.0,1.3,1.0,600.0,,,,alfabetica,,2,True,True,CICLO_SEM_MELHORIA,iteracao,hibrida_dia_turno_curso_pares,180.0,180.0,600.0,14400.0,False,False,alfabetica,,alfabetica,,./dados/2024_1/horarios_2024_1.xlsx,./dados/2024_1/salas_2024_1.csv,./dados/2024_1/salas_preferenciais_2024.1.xlsx,/Users/robertdrey/Documents/workspace/development/alocador_de_salas,resultados/experimentos/2024_1/hibridas_dia_turno_curso_pares/dia_turno_curso_pares_init180.sol,resultados/experimentos/2024_1/hibridas_dia_turno_curso_pares/dia_turno_curso_pares_init180.csv,resultados/experimentos/2024_1/hibridas_dia_turno_curso_pares/dia_turno_curso_pares_init180.json,dia_turno_curso -> par_cursos,alfabetica,,alfabetica,,180.0,1,180.0,600.0,1,0,CICLO_SEM_MELHORIA,3,ADM,EAS,4
2,4,5,par_cursos,ADM+ENF,66,17802,77188,OPTIMAL,185307.0,185307.0,False,185307.0,5.5,5.18,600.0,,,,alfabetica,,2,True,True,CICLO_SEM_MELHORIA,iteracao,hibrida_dia_turno_curso_pares,180.0,180.0,600.0,14400.0,False,False,alfabetica,,alfabetica,,./dados/2024_1/horarios_2024_1.xlsx,./dados/2024_1/salas_2024_1.csv,./dados/2024_1/salas_preferenciais_2024.1.xlsx,/Users/robertdrey/Documents/workspace/development/alocador_de_salas,resultados/experimentos/2024_1/hibridas_dia_turno_curso_pares/dia_turno_curso_pares_init180.sol,resultados/experimentos/2024_1/hibridas_dia_turno_curso_pares/dia_turno_curso_pares_init180.csv,resultados/experimentos/2024_1/hibridas_dia_turno_curso_pares/dia_turno_curso_pares_init180.json,dia_turno_curso -> par_cursos,alfabetica,,alfabetica,,180.0,1,180.0,600.0,1,0,CICLO_SEM_MELHORIA,3,ADM,ENF,5
2,4,6,par_cursos,ADM+FIL,63,12052,82938,OPTIMAL,185307.0,185307.0,False,185307.0,0.91,0.59,600.0,,,,alfabetica,,2,True,True,CICLO_SEM_MELHORIA,iteracao,hibrida_dia_turno_curso_pares,180.0,180.0,600.0,14400.0,False,False,alfabetica,,alfabetica,,./dados/2024_1/horarios_2024_1.xlsx,./dados/2024_1/salas_2024_1.csv,./dados/2024_1/salas_preferenciais_2024.1.xlsx,/Users/robertdrey/Documents/workspace/development/alocador_de_salas,resultados/experimentos/2024_1/hibridas_dia_turno_curso_pares/dia_turno_curso_pares_init180.sol,resultados/experimentos/2024_1/hibridas_dia_turno_curso_pares/dia_turno_curso_pares_init180.csv,resultados/experimentos/2024_1/hibridas_dia_turno_curso_pares/dia_turno_curso_pares_init180.json,dia_turno_curso -> par_cursos,alfabetica,,alfabetica,,180.0,1,180.0,600.0,1,0,CICLO_SEM_MELHORIA,3,ADM,FIL,6
2,4,7,par_cursos,ADM+GEO,58,11362,83628,OPTIMAL,185307.0,185307.0,False,185307.0,0.87,0.56,600.0,,,,alfabetica,,2,True,True,CICLO_SEM_MELHORIA,iteracao,hibrida_dia_turno_curso_pares,180.0,180.0,600.0,14400.0,False,False,alfabetica,,alfabetica,,./dados/2024_1/horarios_2024_1.xlsx,./dados/2024_1/salas_2024_1.csv,./dados/2024_1/salas_preferenciais_2024.1.xlsx,/Users/robertdrey/Documents/workspace/development/alocador_de_salas,resultados/experimentos/2024_1/hibridas_dia_turno_curso_pares/dia_turno_curso_pares_init180.sol,resultados/experimentos/2024_1/hibridas_dia_turno_curso_pares/dia_turno_curso_pares_init180.csv,resultados/experimentos/2024_1/hibridas_dia_turno_curso_pares/dia_turno_curso_pares_init180.json,dia_turno_curso -> par_cursos,alfabetica,,alfabetica,,180.0,1,180.0,600.0,1,0,CICLO_SEM_MELHORIA,3,ADM,GEO,7
2,4,8,par_cursos,ADM+HIS,72,14076,80914,OPTIMAL,185307.0,185307.0,False,185307.0,1.12,0.8,600.0,,,,alfabetica,,2,True,True,CICLO_SEM_MELHORIA,iteracao,hibrida_dia_turno_curso_pares,180.0,180.0,600.0,14400.0,False,False,alfabetica,,alfabetica,,./dados/2024_1/horarios_2024_1.xlsx,./dados/2024_1/salas_2024_1.csv,./dados/2024_1/salas_preferenciais_2024.1.xlsx,/Users/robertdrey/Documents/workspace/development/alocador_de_salas,resultados/experimentos/2024_1/hibridas_dia_turno_curso_pares/dia_turno_curso_pares_init180.sol,resultados/experimentos/2024_1/hibridas_dia_turno_curso_pares/dia_turno_curso_pares_init180.csv,resultados/experimentos/2024_1/hibridas_dia_turno_curso_pares/dia_turno_curso_pares_init180.json,dia_turno_curso -> par_cursos,alfabetica,,alfabetica,,180.0,1,180.0,600.0,1,0,CICLO_SEM_MELHORIA,3,ADM,HIS,8
2,4,9,par_cursos,ADM+LET,84,18446,76544,OPTIMAL,185307.0,185307.0,False,185307.0,2.54,2.24,600.0,,,,alfabetica,,2,True,True,CICLO_SEM_MELHORIA,iteracao,hibrida_dia_turno_curso_pares,180.0,180.0,600.0,14400.0,False,False,alfabetica,,alfabetica,,./dados/2024_1/horarios_2024_1.xlsx,./dados/2024_1/salas_2024_1.csv,./dados/2024_1/salas_preferenciais_2024.1.xlsx,/Users/robertdrey/Documents/workspace/development/alocador_de_salas,resultados/experimentos/2024_1/hibridas_dia_turno_curso_pares/dia_turno_curso_pares_init180.sol,resultados/experimentos/2024_1/hibridas_dia_turno_curso_pares/dia_turno_curso_pares_init180.csv,resultados/experimentos/2024_1/hibridas_dia_turno_curso_pares/dia_turno_curso_pares_init180.json,dia_turno_curso -> par_cursos,alfabetica,,alfabetica,,180.0,1,180.0,600.0,1,0,CICLO_SEM_MELHORIA,3,ADM,LET,9
2,4,10,par_cursos,ADM+MAT,71,14260,80730,OPTIMAL,185307.0,185307.0,False,185307.0,1.03,0.73,600.0,,,,alfabetica,,2,True,True,CICLO_SEM_MELHORIA,iteracao,hibrida_dia_turno_curso_pares,180.0,180.0,600.0,14400.0,False,False,alfabetica,,alfabetica,,./dados/2024_1/horarios_2024_1.xlsx,./dados/2024_1/salas_2024_1.csv,./dados/2024_1/salas_preferenciais_2024.1.xlsx,/Users/robertdrey/Documents/workspace/development/alocador_de_salas,resultados/experimentos/2024_1/hibridas_dia_turno_curso_pares/dia_turno_curso_pares_init180.sol,resultados/experimentos/2024_1/hibridas_dia_turno_curso_pares/dia_turno_curso_pares_init180.csv,resultados/experimentos/2024_1/hibridas_dia_turno_curso_pares/dia_turno_curso_pares_init180.json,dia_turno_curso -> par_cursos,alfabetica,,alfabetica,,180.0,1,180.0,600.0,1,0,CICLO_SEM_MELHORIA,3,ADM,MAT,10
2,4,11,par_cursos,ADM+MED,89,18676,76314,OPTIMAL,185307.0,185307.0,False,185307.0,2.64,2.27,600.0,,,,alfabetica,,2,True,True,CICLO_SEM_MELHORIA,iteracao,hibrida_dia_turno_curso_pares,180.0,180.0,600.0,14400.0,False,False,alfabetica,,alfabetica,,./dados/2024_1/horarios_2024_1.xlsx,./dados/2024_1/salas_2024_1.csv,./dados/2024_1/salas_preferenciais_2024.1.xlsx,/Users/robertdrey/Documents/workspace/development/alocador_de_salas,resultados/experimentos/2024_1/hibridas_dia_turno_curso_pares/dia_turno_curso_pares_init180.sol,resultados/experimentos/2024_1/hibridas_dia_turno_curso_pares/dia_turno_curso_pares_init180.csv,resultados/experimentos/2024_1/hibridas_dia_turno_curso_pares/dia_turno_curso_pares_init180.json,dia_turno_curso -> par_cursos,alfabetica,,alfabetica,,180.0,1,180.0,600.0,1,0,CICLO_SEM_MELHORIA,3,ADM,MED,11
2,4,12,par_cursos,ADM+PED,104,22080,72910,TIME_LIMIT,185307.0,185307.0,False,185307.0,600.57,600.16,600.0,,,,alfabetica,,2,True,True,CICLO_SEM_MELHORIA,iteracao,hibrida_dia_turno_curso_pares,180.0,180.0,600.0,14400.0,False,False,alfabetica,,alfabetica,,./dados/2024_1/horarios_2024_1.xlsx,./dados/2024_1/salas_2024_1.csv,./dados/2024_1/salas_preferenciais_2024.1.xlsx,/Users/robertdrey/Documents/workspace/development/alocador_de_salas,resultados/experimentos/2024_1/hibridas_dia_turno_curso_pares/dia_turno_curso_pares_init180.sol,resultados/experimentos/2024_1/hibridas_dia_turno_curso_pares/dia_turno_curso_pares_init180.csv,resultados/experimentos/2024_1/hibridas_dia_turno_curso_pares/dia_turno_curso_pares_init180.json,dia_turno_curso -> par_cursos,alfabetica,,alfabetica,,180.0,1,180.0,600.0,1,0,CICLO_SEM_MELHORIA,3,ADM,PED,12
2,4,13,par_cursos,AGRO+CC,98,19274,75716,OPTIMAL,185307.0,185307.0,False,185307.0,128.45,128.11,600.0,,,,alfabetica,,2,True,True,CICLO_SEM_MELHORIA,iteracao,hibrida_dia_turno_curso_pares,180.0,180.0,600.0,14400.0,False,False,alfabetica,,alfabetica,,./dados/2024_1/horarios_2024_1.xlsx,./dados/2024_1/salas_2024_1.csv,./dados/2024_1/salas_preferenciais_2024.1.xlsx,/Users/robertdrey/Documents/workspace/development/alocador_de_salas,resultados/experimentos/2024_1/hibridas_dia_turno_curso_pares/dia_turno_curso_pares_init180.sol,resultados/experimentos/2024_1/hibridas_dia_turno_curso_pares/dia_turno_curso_pares_init180.csv,resultados/experimentos/2024_1/hibridas_dia_turno_curso_pares/dia_turno_curso_pares_init180.json,dia_turno_curso -> par_cursos,alfabetica,,alfabetica,,180.0,1,180.0,600.0,1,0,CICLO_SEM_MELHORIA,3,AGRO,CC,13
2,4,14,par_cursos,AGRO+CS,73,13294,81696,OPTIMAL,185307.0,185307.0,False,185307.0,13.03,12.72,600.0,,,,alfabetica,,2,True,True,CICLO_SEM_MELHORIA,iteracao,hibrida_dia_turno_curso_pares,180.0,180.0,600.0,14400.0,False,False,alfabetica,,alfabetica,,./dados/2024_1/horarios_2024_1.xlsx,./dados/2024_1/salas_2024_1.csv,./dados/2024_1/salas_preferenciais_2024.1.xlsx,/Users/robertdrey/Documents/workspace/development/alocador_de_salas,resultados/experimentos/2024_1/hibridas_dia_turno_curso_pares/dia_turno_curso_pares_init180.sol,resultados/experimentos/2024_1/hibridas_dia_turno_curso_pares/dia_turno_curso_pares_init180.csv,resultados/experimentos/2024_1/hibridas_dia_turno_curso_pares/dia_turno_curso_pares_init180.json,dia_turno_curso -> par_cursos,alfabetica,,alfabetica,,180.0,1,180.0,600.0,1,0,CICLO_SEM_MELHORIA,3,AGRO,CS,14
2,4,15,par_cursos,AGRO+EAS,96,16192,78798,OPTIMAL,185307.0,185307.0,False,185307.0,18.79,18.45,600.0,,,,alfabetica,,2,True,True,CICLO_SEM_MELHORIA,iteracao,hibrida_dia_turno_curso_pares,180.0,180.0,600.0,14400.0,False,False,alfabetica,,alfabetica,,./dados/2024_1/horarios_2024_1.xlsx,./dados/2024_1/salas_2024_1.csv,./dados/2024_1/salas_preferenciais_2024.1.xlsx,/Users/robertdrey/Documents/workspace/development/alocador_de_salas,resultados/experimentos/2024_1/hibridas_dia_turno_curso_pares/dia_turno_curso_pares_init180.sol,resultados/experimentos/2024_1/hibridas_dia_turno_curso_pares/dia_turno_curso_pares_init180.csv,resultados/experimentos/2024_1/hibridas_dia_turno_curso_pares/dia_turno_curso_pares_init180.json,dia_turno_curso -> par_cursos,alfabetica,,alfabetica,,180.0,1,180.0,600.0,1,0,CICLO_SEM_MELHORIA,3,AGRO,EAS,15
2,4,16,par_cursos,AGRO+ENF,69,17250,77740,OPTIMAL,185307.0,185303.0,True,185303.0,171.81,171.48,600.0,,,,alfabetica,,2,True,True,CICLO_SEM_MELHORIA,iteracao,hibrida_dia_turno_curso_pares,180.0,180.0,600.0,14400.0,False,False,alfabetica,,alfabetica,,./dados/2024_1/horarios_2024_1.xlsx,./dados/2024_1/salas_2024_1.csv,./dados/2024_1/salas_preferenciais_2024.1.xlsx,/Users/robertdrey/Documents/workspace/development/alocador_de_salas,resultados/experimentos/2024_1/hibridas_dia_turno_curso_pares/dia_turno_curso_pares_init180.sol,resultados/experimentos/2024_1/hibridas_dia_turno_curso_pares/dia_turno_curso_pares_init180.csv,resultados/experimentos/2024_1/hibridas_dia_turno_curso_pares/dia_turno_curso_pares_init180.json,dia_turno_curso -> par_cursos,alfabetica,,alfabetica,,180.0,1,180.0,600.0,1,0,CICLO_SEM_MELHORIA,3,AGRO,ENF,16
2,4,17,par_cursos,AGRO+FIL,66,11500,83490,OPTIMAL,185303.0,185303.0,False,185303.0,6.27,5.95,600.0,,,,alfabetica,,2,True,True,CICLO_SEM_MELHORIA,iteracao,hibrida_dia_turno_curso_pares,180.0,180.0,600.0,14400.0,False,False,alfabetica,,alfabetica,,./dados/2024_1/horarios_2024_1.xlsx,./dados/2024_1/salas_2024_1.csv,./dados/2024_1/salas_preferenciais_2024.1.xlsx,/Users/robertdrey/Documents/workspace/development/alocador_de_salas,resultados/experimentos/2024_1/hibridas_dia_turno_curso_pares/dia_turno_curso_pares_init180.sol,resultados/experimentos/2024_1/hibridas_dia_turno_curso_pares/dia_turno_curso_pares_init180.csv,resultados/experimentos/2024_1/hibridas_dia_turno_curso_pares/dia_turno_curso_pares_init180.json,dia_turno_curso -> par_cursos,alfabetica,,alfabetica,,180.0,1,180.0,600.0,1,0,CICLO_SEM_MELHORIA,3,AGRO,FIL,17
2,4,18,par_cursos,AGRO+GEO,61,10810,84180,OPTIMAL,185303.0,185303.0,False,185303.0,5.22,4.89,600.0,,,,alfabetica,,2,True,True,CICLO_SEM_MELHORIA,iteracao,hibrida_dia_turno_curso_pares,180.0,180.0,600.0,14400.0,False,False,alfabetica,,alfabetica,,./dados/2024_1/horarios_2024_1.xlsx,./dados/2024_1/salas_2024_1.csv,./dados/2024_1/salas_preferenciais_2024.1.xlsx,/Users/robertdrey/Documents/workspace/development/alocador_de_salas,resultados/experimentos/2024_1/hibridas_dia_turno_curso_pares/dia_turno_curso_pares_init180.sol,resultados/experimentos/2024_1/hibridas_dia_turno_curso_pares/dia_turno_curso_pares_init180.csv,resultados/experimentos/2024_1/hibridas_dia_turno_curso_pares/dia_turno_curso_pares_init180.json,dia_turno_curso -> par_cursos,alfabetica,,alfabetica,,180.0,1,180.0,600.0,1,0,CICLO_SEM_MELHORIA,3,AGRO,GEO,18
2,4,19,par_cursos,AGRO+HIS,75,13524,81466,OPTIMAL,185303.0,185303.0,False,185303.0,5.67,5.34,600.0,,,,alfabetica,,2,True,True,CICLO_SEM_MELHORIA,iteracao,hibrida_dia_turno_curso_pares,180.0,180.0,600.0,14400.0,False,False,alfabetica,,alfabetica,,./dados/2024_1/horarios_2024_1.xlsx,./dados/2024_1/salas_2024_1.csv,./dados/2024_1/salas_preferenciais_2024.1.xlsx,/Users/robertdrey/Documents/workspace/development/alocador_de_salas,resultados/experimentos/2024_1/hibridas_dia_turno_curso_pares/dia_turno_curso_pares_init180.sol,resultados/experimentos/2024_1/hibridas_dia_turno_curso_pares/dia_turno_curso_pares_init180.csv,resultados/experimentos/2024_1/hibridas_dia_turno_curso_pares/dia_turno_curso_pares_init180.json,dia_turno_curso -> par_cursos,alfabetica,,alfabetica,,180.0,1,180.0,600.0,1,0,CICLO_SEM_MELHORIA,3,AGRO,HIS,19
2,4,20,par_cursos,AGRO+LET,87,17894,77096,OPTIMAL,185303.0,185303.0,False,185303.0,10.64,10.32,600.0,,,,alfabetica,,2,True,True,CICLO_SEM_MELHORIA,iteracao,hibrida_dia_turno_curso_pares,180.0,180.0,600.0,14400.0,False,False,alfabetica,,alfabetica,,./dados/2024_1/horarios_2024_1.xlsx,./dados/2024_1/salas_2024_1.csv,./dados/2024_1/salas_preferenciais_2024.1.xlsx,/Users/robertdrey/Documents/workspace/development/alocador_de_salas,resultados/experimentos/2024_1/hibridas_dia_turno_curso_pares/dia_turno_curso_pares_init180.sol,resultados/experimentos/2024_1/hibridas_dia_turno_curso_pares/dia_turno_curso_pares_init180.csv,resultados/experimentos/2024_1/hibridas_dia_turno_curso_pares/dia_turno_curso_pares_init180.json,dia_turno_curso -> par_cursos,alfabetica,,alfabetica,,180.0,1,180.0,600.0,1,0,CICLO_SEM_MELHORIA,3,AGRO,LET,20
2,4,21,par_cursos,AGRO+MAT,74,13708,81282,OPTIMAL,185303.0,185303.0,False,185303.0,6.2,5.89,600.0,,,,alfabetica,,2,True,True,CICLO_SEM_MELHORIA,iteracao,hibrida_dia_turno_curso_pares,180.0,180.0,600.0,14400.0,False,False,alfabetica,,alfabetica,,./dados/2024_1/horarios_2024_1.xlsx,./dados/2024_1/salas_2024_1.csv,./dados/2024_1/salas_preferenciais_2024.1.xlsx,/Users/robertdrey/Documents/workspace/development/alocador_de_salas,resultados/experimentos/2024_1/hibridas_dia_turno_curso_pares/dia_turno_curso_pares_init180.sol,resultados/experimentos/2024_1/hibridas_dia_turno_curso_pares/dia_turno_curso_pares_init180.csv,resultados/experimentos/2024_1/hibridas_dia_turno_curso_pares/dia_turno_curso_pares_init180.json,dia_turno_curso -> par_cursos,alfabetica,,alfabetica,,180.0,1,180.0,600.0,1,0,CICLO_SEM_MELHORIA,3,AGRO,MAT,21
2,4,22,par_cursos,AGRO+MED,92,18124,76866,TIME_LIMIT,185303.0,185276.5,True,185276.5,600.35,600.03,600.0,,,,alfabetica,,2,True,True,CICLO_SEM_MELHORIA,iteracao,hibrida_dia_turno_curso_pares,180.0,180.0,600.0,14400.0,False,False,alfabetica,,alfabetica,,./dados/2024_1/horarios_2024_1.xlsx,./dados/2024_1/salas_2024_1.csv,./dados/2024_1/salas_preferenciais_2024.1.xlsx,/Users/robertdrey/Documents/workspace/development/alocador_de_salas,resultados/experimentos/2024_1/hibridas_dia_turno_curso_pares/dia_turno_curso_pares_init180.sol,resultados/experimentos/2024_1/hibridas_dia_turno_curso_pares/dia_turno_curso_pares_init180.csv,resultados/experimentos/2024_1/hibridas_dia_turno_curso_pares/dia_turno_curso_pares_init180.json,dia_turno_curso -> par_cursos,alfabetica,,alfabetica,,180.0,1,180.0,600.0,1,0,CICLO_SEM_MELHORIA,3,AGRO,MED,22
2,4,23,par_cursos,AGRO+PED,107,21528,73462,OPTIMAL,185276.5,185276.5,False,185276.5,65.71,65.39,600.0,,,,alfabetica,,2,True,True,CICLO_SEM_MELHORIA,iteracao,hibrida_dia_turno_curso_pares,180.0,180.0,600.0,14400.0,False,False,alfabetica,,alfabetica,,./dados/2024_1/horarios_2024_1.xlsx,./dados/2024_1/salas_2024_1.csv,./dados/2024_1/salas_preferenciais_2024.1.xlsx,/Users/robertdrey/Documents/workspace/development/alocador_de_salas,resultados/experimentos/2024_1/hibridas_dia_turno_curso_pares/dia_turno_curso_pares_init180.sol,resultados/experimentos/2024_1/hibridas_dia_turno_curso_pares/dia_turno_curso_pares_init180.csv,resultados/experimentos/2024_1/hibridas_dia_turno_curso_pares/dia_turno_curso_pares_init180.json,dia_turno_curso -> par_cursos,alfabetica,,alfabetica,,180.0,1,180.0,600.0,1,0,CICLO_SEM_MELHORIA,3,AGRO,PED,23
2,4,24,par_cursos,CC+CS,69,15088,79902,OPTIMAL,185276.5,185276.5,False,185276.5,13.19,12.88,600.0,,,,alfabetica,,2,True,True,CICLO_SEM_MELHORIA,iteracao,hibrida_dia_turno_curso_pares,180.0,180.0,600.0,14400.0,False,False,alfabetica,,alfabetica,,./dados/2024_1/horarios_2024_1.xlsx,./dados/2024_1/salas_2024_1.csv,./dados/2024_1/salas_preferenciais_2024.1.xlsx,/Users/robertdrey/Documents/workspace/development/alocador_de_salas,resultados/experimentos/2024_1/hibridas_dia_turno_curso_pares/dia_turno_curso_pares_init180.sol,resultados/experimentos/2024_1/hibridas_dia_turno_curso_pares/dia_turno_curso_pares_init180.csv,resultados/experimentos/2024_1/hibridas_dia_turno_curso_pares/dia_turno_curso_pares_init180.json,dia_turno_curso -> par_cursos,alfabetica,,alfabetica,,180.0,1,180.0,600.0,1,0,CICLO_SEM_MELHORIA,3,CC,CS,24
2,4,25,par_cursos,CC+EAS,92,17986,77004,OPTIMAL,185276.5,185276.5,False,185276.5,3.71,3.41,600.0,,,,alfabetica,,2,True,True,CICLO_SEM_MELHORIA,iteracao,hibrida_dia_turno_curso_pares,180.0,180.0,600.0,14400.0,False,False,alfabetica,,alfabetica,,./dados/2024_1/horarios_2024_1.xlsx,./dados/2024_1/salas_2024_1.csv,./dados/2024_1/salas_preferenciais_2024.1.xlsx,/Users/robertdrey/Documents/workspace/development/alocador_de_salas,resultados/experimentos/2024_1/hibridas_dia_turno_curso_pares/dia_turno_curso_pares_init180.sol,resultados/experimentos/2024_1/hibridas_dia_turno_curso_pares/dia_turno_curso_pares_init180.csv,resultados/experimentos/2024_1/hibridas_dia_turno_curso_pares/dia_turno_curso_pares_init180.json,dia_turno_curso -> par_cursos,alfabetica,,alfabetica,,180.0,1,180.0,600.0,1,0,CICLO_SEM_MELHORIA,3,CC,EAS,25
2,4,26,par_cursos,CC+ENF,65,19044,75946,OPTIMAL,185276.5,185276.5,False,185276.5,94.14,93.83,600.0,,,,alfabetica,,2,True,True,CICLO_SEM_MELHORIA,iteracao,hibrida_dia_turno_curso_pares,180.0,180.0,600.0,14400.0,False,False,alfabetica,,alfabetica,,./dados/2024_1/horarios_2024_1.xlsx,./dados/2024_1/salas_2024_1.csv,./dados/2024_1/salas_preferenciais_2024.1.xlsx,/Users/robertdrey/Documents/workspace/development/alocador_de_salas,resultados/experimentos/2024_1/hibridas_dia_turno_curso_pares/dia_turno_curso_pares_init180.sol,resultados/experimentos/2024_1/hibridas_dia_turno_curso_pares/dia_turno_curso_pares_init180.csv,resultados/experimentos/2024_1/hibridas_dia_turno_curso_pares/dia_turno_curso_pares_init180.json,dia_turno_curso -> par_cursos,alfabetica,,alfabetica,,180.0,1,180.0,600.0,1,0,CICLO_SEM_MELHORIA,3,CC,ENF,26
2,4,27,par_cursos,CC+FIL,62,13294,81696,OPTIMAL,185276.5,185268.5,True,185268.5,29.21,28.9,600.0,,,,alfabetica,,2,True,True,CICLO_SEM_MELHORIA,iteracao,hibrida_dia_turno_curso_pares,180.0,180.0,600.0,14400.0,False,False,alfabetica,,alfabetica,,./dados/2024_1/horarios_2024_1.xlsx,./dados/2024_1/salas_2024_1.csv,./dados/2024_1/salas_preferenciais_2024.1.xlsx,/Users/robertdrey/Documents/workspace/development/alocador_de_salas,resultados/experimentos/2024_1/hibridas_dia_turno_curso_pares/dia_turno_curso_pares_init180.sol,resultados/experimentos/2024_1/hibridas_dia_turno_curso_pares/dia_turno_curso_pares_init180.csv,resultados/experimentos/2024_1/hibridas_dia_turno_curso_pares/dia_turno_curso_pares_init180.json,dia_turno_curso -> par_cursos,alfabetica,,alfabetica,,180.0,1,180.0,600.0,1,0,CICLO_SEM_MELHORIA,3,CC,FIL,27
2,4,28,par_cursos,CC+GEO,57,12604,82386,OPTIMAL,185268.5,185268.5,False,185268.5,2.43,2.11,600.0,,,,alfabetica,,2,True,True,CICLO_SEM_MELHORIA,iteracao,hibrida_dia_turno_curso_pares,180.0,180.0,600.0,14400.0,False,False,alfabetica,,alfabetica,,./dados/2024_1/horarios_2024_1.xlsx,./dados/2024_1/salas_2024_1.csv,./dados/2024_1/salas_preferenciais_2024.1.xlsx,/Users/robertdrey/Documents/workspace/development/alocador_de_salas,resultados/experimentos/2024_1/hibridas_dia_turno_curso_pares/dia_turno_curso_pares_init180.sol,resultados/experimentos/2024_1/hibridas_dia_turno_curso_pares/dia_turno_curso_pares_init180.csv,resultados/experimentos/2024_1/hibridas_dia_turno_curso_pares/dia_turno_curso_pares_init180.json,dia_turno_curso -> par_cursos,alfabetica,,alfabetica,,180.0,1,180.0,600.0,1,0,CICLO_SEM_MELHORIA,3,CC,GEO,28
2,4,29,par_cursos,CC+HIS,71,15318,79672,OPTIMAL,185268.5,185268.5,False,185268.5,13.25,12.93,600.0,,,,alfabetica,,2,True,True,CICLO_SEM_MELHORIA,iteracao,hibrida_dia_turno_curso_pares,180.0,180.0,600.0,14400.0,False,False,alfabetica,,alfabetica,,./dados/2024_1/horarios_2024_1.xlsx,./dados/2024_1/salas_2024_1.csv,./dados/2024_1/salas_preferenciais_2024.1.xlsx,/Users/robertdrey/Documents/workspace/development/alocador_de_salas,resultados/experimentos/2024_1/hibridas_dia_turno_curso_pares/dia_turno_curso_pares_init180.sol,resultados/experimentos/2024_1/hibridas_dia_turno_curso_pares/dia_turno_curso_pares_init180.csv,resultados/experimentos/2024_1/hibridas_dia_turno_curso_pares/dia_turno_curso_pares_init180.json,dia_turno_curso -> par_cursos,alfabetica,,alfabetica,,180.0,1,180.0,600.0,1,0,CICLO_SEM_MELHORIA,3,CC,HIS,29
2,4,30,par_cursos,CC+LET,83,19688,75302,OPTIMAL,185268.5,185268.5,False,185268.5,44.75,44.45,600.0,,,,alfabetica,,2,True,True,CICLO_SEM_MELHORIA,iteracao,hibrida_dia_turno_curso_pares,180.0,180.0,600.0,14400.0,False,False,alfabetica,,alfabetica,,./dados/2024_1/horarios_2024_1.xlsx,./dados/2024_1/salas_2024_1.csv,./dados/2024_1/salas_preferenciais_2024.1.xlsx,/Users/robertdrey/Documents/workspace/development/alocador_de_salas,resultados/experimentos/2024_1/hibridas_dia_turno_curso_pares/dia_turno_curso_pares_init180.sol,resultados/experimentos/2024_1/hibridas_dia_turno_curso_pares/dia_turno_curso_pares_init180.csv,resultados/experimentos/2024_1/hibridas_dia_turno_curso_pares/dia_turno_curso_pares_init180.json,dia_turno_curso -> par_cursos,alfabetica,,alfabetica,,180.0,1,180.0,600.0,1,0,CICLO_SEM_MELHORIA,3,CC,LET,30
2,4,31,par_cursos,CC+MAT,70,15502,79488,OPTIMAL,185268.5,185268.5,False,185268.5,19.88,19.58,600.0,,,,alfabetica,,2,True,True,CICLO_SEM_MELHORIA,iteracao,hibrida_dia_turno_curso_pares,180.0,180.0,600.0,14400.0,False,False,alfabetica,,alfabetica,,./dados/2024_1/horarios_2024_1.xlsx,./dados/2024_1/salas_2024_1.csv,./dados/2024_1/salas_preferenciais_2024.1.xlsx,/Users/robertdrey/Documents/workspace/development/alocador_de_salas,resultados/experimentos/2024_1/hibridas_dia_turno_curso_pares/dia_turno_curso_pares_init180.sol,resultados/experimentos/2024_1/hibridas_dia_turno_curso_pares/dia_turno_curso_pares_init180.csv,resultados/experimentos/2024_1/hibridas_dia_turno_curso_pares/dia_turno_curso_pares_init180.json,dia_turno_curso -> par_cursos,alfabetica,,alfabetica,,180.0,1,180.0,600.0,1,0,CICLO_SEM_MELHORIA,3,CC,MAT,31
2,4,32,par_cursos,CC+MED,88,19918,75072,OPTIMAL,185268.5,185268.5,False,185268.5,6.98,6.68,600.0,,,,alfabetica,,2,True,True,CICLO_SEM_MELHORIA,iteracao,hibrida_dia_turno_curso_pares,180.0,180.0,600.0,14400.0,False,False,alfabetica,,alfabetica,,./dados/2024_1/horarios_2024_1.xlsx,./dados/2024_1/salas_2024_1.csv,./dados/2024_1/salas_preferenciais_2024.1.xlsx,/Users/robertdrey/Documents/workspace/development/alocador_de_salas,resultados/experimentos/2024_1/hibridas_dia_turno_curso_pares/dia_turno_curso_pares_init180.sol,resultados/experimentos/2024_1/hibridas_dia_turno_curso_pares/dia_turno_curso_pares_init180.csv,resultados/experimentos/2024_1/hibridas_dia_turno_curso_pares/dia_turno_curso_pares_init180.json,dia_turno_curso -> par_cursos,alfabetica,,alfabetica,,180.0,1,180.0,600.0,1,0,CICLO_SEM_MELHORIA,3,CC,MED,32
2,4,33,par_cursos,CC+PED,103,23322,71668,OPTIMAL,185268.5,185268.5,False,185268.5,102.98,102.66,600.0,,,,alfabetica,,2,True,True,CICLO_SEM_MELHORIA,iteracao,hibrida_dia_turno_curso_pares,180.0,180.0,600.0,14400.0,False,False,alfabetica,,alfabetica,,./dados/2024_1/horarios_2024_1.xlsx,./dados/2024_1/salas_2024_1.csv,./dados/2024_1/salas_preferenciais_2024.1.xlsx,/Users/robertdrey/Documents/workspace/development/alocador_de_salas,resultados/experimentos/2024_1/hibridas_dia_turno_curso_pares/dia_turno_curso_pares_init180.sol,resultados/experimentos/2024_1/hibridas_dia_turno_curso_pares/dia_turno_curso_pares_init180.csv,resultados/experimentos/2024_1/hibridas_dia_turno_curso_pares/dia_turno_curso_pares_init180.json,dia_turno_curso -> par_cursos,alfabetica,,alfabetica,,180.0,1,180.0,600.0,1,0,CICLO_SEM_MELHORIA,3,CC,PED,33
2,4,34,par_cursos,CS+EAS,67,12006,82984,OPTIMAL,185268.5,185268.5,False,185268.5,0.9,0.58,600.0,,,,alfabetica,,2,True,True,CICLO_SEM_MELHORIA,iteracao,hibrida_dia_turno_curso_pares,180.0,180.0,600.0,14400.0,False,False,alfabetica,,alfabetica,,./dados/2024_1/horarios_2024_1.xlsx,./dados/2024_1/salas_2024_1.csv,./dados/2024_1/salas_preferenciais_2024.1.xlsx,/Users/robertdrey/Documents/workspace/development/alocador_de_salas,resultados/experimentos/2024_1/hibridas_dia_turno_curso_pares/dia_turno_curso_pares_init180.sol,resultados/experimentos/2024_1/hibridas_dia_turno_curso_pares/dia_turno_curso_pares_init180.csv,resultados/experimentos/2024_1/hibridas_dia_turno_curso_pares/dia_turno_curso_pares_init180.json,dia_turno_curso -> par_cursos,alfabetica,,alfabetica,,180.0,1,180.0,600.0,1,0,CICLO_SEM_MELHORIA,3,CS,EAS,34
2,4,35,par_cursos,CS+ENF,40,13064,81926,OPTIMAL,185268.5,185268.5,False,185268.5,1.81,1.5,600.0,,,,alfabetica,,2,True,True,CICLO_SEM_MELHORIA,iteracao,hibrida_dia_turno_curso_pares,180.0,180.0,600.0,14400.0,False,False,alfabetica,,alfabetica,,./dados/2024_1/horarios_2024_1.xlsx,./dados/2024_1/salas_2024_1.csv,./dados/2024_1/salas_preferenciais_2024.1.xlsx,/Users/robertdrey/Documents/workspace/development/alocador_de_salas,resultados/experimentos/2024_1/hibridas_dia_turno_curso_pares/dia_turno_curso_pares_init180.sol,resultados/experimentos/2024_1/hibridas_dia_turno_curso_pares/dia_turno_curso_pares_init180.csv,resultados/experimentos/2024_1/hibridas_dia_turno_curso_pares/dia_turno_curso_pares_init180.json,dia_turno_curso -> par_cursos,alfabetica,,alfabetica,,180.0,1,180.0,600.0,1,0,CICLO_SEM_MELHORIA,3,CS,ENF,35
2,4,36,par_cursos,CS+FIL,37,7314,87676,OPTIMAL,185268.5,185268.5,False,185268.5,0.67,0.35,600.0,,,,alfabetica,,2,True,True,CICLO_SEM_MELHORIA,iteracao,hibrida_dia_turno_curso_pares,180.0,180.0,600.0,14400.0,False,False,alfabetica,,alfabetica,,./dados/2024_1/horarios_2024_1.xlsx,./dados/2024_1/salas_2024_1.csv,./dados/2024_1/salas_preferenciais_2024.1.xlsx,/Users/robertdrey/Documents/workspace/development/alocador_de_salas,resultados/experimentos/2024_1/hibridas_dia_turno_curso_pares/dia_turno_curso_pares_init180.sol,resultados/experimentos/2024_1/hibridas_dia_turno_curso_pares/dia_turno_curso_pares_init180.csv,resultados/experimentos/2024_1/hibridas_dia_turno_curso_pares/dia_turno_curso_pares_init180.json,dia_turno_curso -> par_cursos,alfabetica,,alfabetica,,180.0,1,180.0,600.0,1,0,CICLO_SEM_MELHORIA,3,CS,FIL,36
2,4,37,par_cursos,CS+GEO,32,6624,88366,OPTIMAL,185268.5,185268.5,False,185268.5,0.66,0.35,600.0,,,,alfabetica,,2,True,True,CICLO_SEM_MELHORIA,iteracao,hibrida_dia_turno_curso_pares,180.0,180.0,600.0,14400.0,False,False,alfabetica,,alfabetica,,./dados/2024_1/horarios_2024_1.xlsx,./dados/2024_1/salas_2024_1.csv,./dados/2024_1/salas_preferenciais_2024.1.xlsx,/Users/robertdrey/Documents/workspace/development/alocador_de_salas,resultados/experimentos/2024_1/hibridas_dia_turno_curso_pares/dia_turno_curso_pares_init180.sol,resultados/experimentos/2024_1/hibridas_dia_turno_curso_pares/dia_turno_curso_pares_init180.csv,resultados/experimentos/2024_1/hibridas_dia_turno_curso_pares/dia_turno_curso_pares_init180.json,dia_turno_curso -> par_cursos,alfabetica,,alfabetica,,180.0,1,180.0,600.0,1,0,CICLO_SEM_MELHORIA,3,CS,GEO,37
2,4,38,par_cursos,CS+HIS,46,9338,85652,OPTIMAL,185268.5,185268.5,False,185268.5,0.93,0.62,600.0,,,,alfabetica,,2,True,True,CICLO_SEM_MELHORIA,iteracao,hibrida_dia_turno_curso_pares,180.0,180.0,600.0,14400.0,False,False,alfabetica,,alfabetica,,./dados/2024_1/horarios_2024_1.xlsx,./dados/2024_1/salas_2024_1.csv,./dados/2024_1/salas_preferenciais_2024.1.xlsx,/Users/robertdrey/Documents/workspace/development/alocador_de_salas,resultados/experimentos/2024_1/hibridas_dia_turno_curso_pares/dia_turno_curso_pares_init180.sol,resultados/experimentos/2024_1/hibridas_dia_turno_curso_pares/dia_turno_curso_pares_init180.csv,resultados/experimentos/2024_1/hibridas_dia_turno_curso_pares/dia_turno_curso_pares_init180.json,dia_turno_curso -> par_cursos,alfabetica,,alfabetica,,180.0,1,180.0,600.0,1,0,CICLO_SEM_MELHORIA,3,CS,HIS,38
2,4,39,par_cursos,CS+LET,58,13708,81282,OPTIMAL,185268.5,185268.5,False,185268.5,1.82,1.5,600.0,,,,alfabetica,,2,True,True,CICLO_SEM_MELHORIA,iteracao,hibrida_dia_turno_curso_pares,180.0,180.0,600.0,14400.0,False,False,alfabetica,,alfabetica,,./dados/2024_1/horarios_2024_1.xlsx,./dados/2024_1/salas_2024_1.csv,./dados/2024_1/salas_preferenciais_2024.1.xlsx,/Users/robertdrey/Documents/workspace/development/alocador_de_salas,resultados/experimentos/2024_1/hibridas_dia_turno_curso_pares/dia_turno_curso_pares_init180.sol,resultados/experimentos/2024_1/hibridas_dia_turno_curso_pares/dia_turno_curso_pares_init180.csv,resultados/experimentos/2024_1/hibridas_dia_turno_curso_pares/dia_turno_curso_pares_init180.json,dia_turno_curso -> par_cursos,alfabetica,,alfabetica,,180.0,1,180.0,600.0,1,0,CICLO_SEM_MELHORIA,3,CS,LET,39
2,4,40,par_cursos,CS+MAT,45,9522,85468,OPTIMAL,185268.5,185268.5,False,185268.5,0.95,0.64,600.0,,,,alfabetica,,2,True,True,CICLO_SEM_MELHORIA,iteracao,hibrida_dia_turno_curso_pares,180.0,180.0,600.0,14400.0,False,False,alfabetica,,alfabetica,,./dados/2024_1/horarios_2024_1.xlsx,./dados/2024_1/salas_2024_1.csv,./dados/2024_1/salas_preferenciais_2024.1.xlsx,/Users/robertdrey/Documents/workspace/development/alocador_de_salas,resultados/experimentos/2024_1/hibridas_dia_turno_curso_pares/dia_turno_curso_pares_init180.sol,resultados/experimentos/2024_1/hibridas_dia_turno_curso_pares/dia_turno_curso_pares_init180.csv,resultados/experimentos/2024_1/hibridas_dia_turno_curso_pares/dia_turno_curso_pares_init180.json,dia_turno_curso -> par_cursos,alfabetica,,alfabetica,,180.0,1,180.0,600.0,1,0,CICLO_SEM_MELHORIA,3,CS,MAT,40
2,4,41,par_cursos,CS+MED,63,13938,81052,OPTIMAL,185268.5,185268.5,False,185268.5,1.27,0.94,600.0,,,,alfabetica,,2,True,True,CICLO_SEM_MELHORIA,iteracao,hibrida_dia_turno_curso_pares,180.0,180.0,600.0,14400.0,False,False,alfabetica,,alfabetica,,./dados/2024_1/horarios_2024_1.xlsx,./dados/2024_1/salas_2024_1.csv,./dados/2024_1/salas_preferenciais_2024.1.xlsx,/Users/robertdrey/Documents/workspace/development/alocador_de_salas,resultados/experimentos/2024_1/hibridas_dia_turno_curso_pares/dia_turno_curso_pares_init180.sol,resultados/experimentos/2024_1/hibridas_dia_turno_curso_pares/dia_turno_curso_pares_init180.csv,resultados/experimentos/2024_1/hibridas_dia_turno_curso_pares/dia_turno_curso_pares_init180.json,dia_turno_curso -> par_cursos,alfabetica,,alfabetica,,180.0,1,180.0,600.0,1,0,CICLO_SEM_MELHORIA,3,CS,MED,41
2,4,42,par_cursos,CS+PED,78,17342,77648,OPTIMAL,185268.5,185268.5,False,185268.5,22.47,22.15,600.0,,,,alfabetica,,2,True,True,CICLO_SEM_MELHORIA,iteracao,hibrida_dia_turno_curso_pares,180.0,180.0,600.0,14400.0,False,False,alfabetica,,alfabetica,,./dados/2024_1/horarios_2024_1.xlsx,./dados/2024_1/salas_2024_1.csv,./dados/2024_1/salas_preferenciais_2024.1.xlsx,/Users/robertdrey/Documents/workspace/development/alocador_de_salas,resultados/experimentos/2024_1/hibridas_dia_turno_curso_pares/dia_turno_curso_pares_init180.sol,resultados/experimentos/2024_1/hibridas_dia_turno_curso_pares/dia_turno_curso_pares_init180.csv,resultados/experimentos/2024_1/hibridas_dia_turno_curso_pares/dia_turno_curso_pares_init180.json,dia_turno_curso -> par_cursos,alfabetica,,alfabetica,,180.0,1,180.0,600.0,1,0,CICLO_SEM_MELHORIA,3,CS,PED,42
2,4,43,par_cursos,EAS+ENF,63,15962,79028,OPTIMAL,185268.5,185268.5,False,185268.5,6.3,5.97,600.0,,,,alfabetica,,2,True,True,CICLO_SEM_MELHORIA,iteracao,hibrida_dia_turno_curso_pares,180.0,180.0,600.0,14400.0,False,False,alfabetica,,alfabetica,,./dados/2024_1/horarios_2024_1.xlsx,./dados/2024_1/salas_2024_1.csv,./dados/2024_1/salas_preferenciais_2024.1.xlsx,/Users/robertdrey/Documents/workspace/development/alocador_de_salas,resultados/experimentos/2024_1/hibridas_dia_turno_curso_pares/dia_turno_curso_pares_init180.sol,resultados/experimentos/2024_1/hibridas_dia_turno_curso_pares/dia_turno_curso_pares_init180.csv,resultados/experimentos/2024_1/hibridas_dia_turno_curso_pares/dia_turno_curso_pares_init180.json,dia_turno_curso -> par_cursos,alfabetica,,alfabetica,,180.0,1,180.0,600.0,1,0,CICLO_SEM_MELHORIA,3,EAS,ENF,43
2,4,44,par_cursos,EAS+FIL,60,10212,84778,OPTIMAL,185268.5,185268.5,False,185268.5,0.76,0.43,600.0,,,,alfabetica,,2,True,True,CICLO_SEM_MELHORIA,iteracao,hibrida_dia_turno_curso_pares,180.0,180.0,600.0,14400.0,False,False,alfabetica,,alfabetica,,./dados/2024_1/horarios_2024_1.xlsx,./dados/2024_1/salas_2024_1.csv,./dados/2024_1/salas_preferenciais_2024.1.xlsx,/Users/robertdrey/Documents/workspace/development/alocador_de_salas,resultados/experimentos/2024_1/hibridas_dia_turno_curso_pares/dia_turno_curso_pares_init180.sol,resultados/experimentos/2024_1/hibridas_dia_turno_curso_pares/dia_turno_curso_pares_init180.csv,resultados/experimentos/2024_1/hibridas_dia_turno_curso_pares/dia_turno_curso_pares_init180.json,dia_turno_curso -> par_cursos,alfabetica,,alfabetica,,180.0,1,180.0,600.0,1,0,CICLO_SEM_MELHORIA,3,EAS,FIL,44
2,4,45,par_cursos,EAS+GEO,55,9522,85468,OPTIMAL,185268.5,185268.5,False,185268.5,0.73,0.43,600.0,,,,alfabetica,,2,True,True,CICLO_SEM_MELHORIA,iteracao,hibrida_dia_turno_curso_pares,180.0,180.0,600.0,14400.0,False,False,alfabetica,,alfabetica,,./dados/2024_1/horarios_2024_1.xlsx,./dados/2024_1/salas_2024_1.csv,./dados/2024_1/salas_preferenciais_2024.1.xlsx,/Users/robertdrey/Documents/workspace/development/alocador_de_salas,resultados/experimentos/2024_1/hibridas_dia_turno_curso_pares/dia_turno_curso_pares_init180.sol,resultados/experimentos/2024_1/hibridas_dia_turno_curso_pares/dia_turno_curso_pares_init180.csv,resultados/experimentos/2024_1/hibridas_dia_turno_curso_pares/dia_turno_curso_pares_init180.json,dia_turno_curso -> par_cursos,alfabetica,,alfabetica,,180.0,1,180.0,600.0,1,0,CICLO_SEM_MELHORIA,3,EAS,GEO,45
2,4,46,par_cursos,EAS+HIS,69,12236,82754,OPTIMAL,185268.5,185268.5,False,185268.5,0.91,0.6,600.0,,,,alfabetica,,2,True,True,CICLO_SEM_MELHORIA,iteracao,hibrida_dia_turno_curso_pares,180.0,180.0,600.0,14400.0,False,False,alfabetica,,alfabetica,,./dados/2024_1/horarios_2024_1.xlsx,./dados/2024_1/salas_2024_1.csv,./dados/2024_1/salas_preferenciais_2024.1.xlsx,/Users/robertdrey/Documents/workspace/development/alocador_de_salas,resultados/experimentos/2024_1/hibridas_dia_turno_curso_pares/dia_turno_curso_pares_init180.sol,resultados/experimentos/2024_1/hibridas_dia_turno_curso_pares/dia_turno_curso_pares_init180.csv,resultados/experimentos/2024_1/hibridas_dia_turno_curso_pares/dia_turno_curso_pares_init180.json,dia_turno_curso -> par_cursos,alfabetica,,alfabetica,,180.0,1,180.0,600.0,1,0,CICLO_SEM_MELHORIA,3,EAS,HIS,46
2,4,47,par_cursos,EAS+LET,81,16606,78384,OPTIMAL,185268.5,185268.5,False,185268.5,1.38,1.07,600.0,,,,alfabetica,,2,True,True,CICLO_SEM_MELHORIA,iteracao,hibrida_dia_turno_curso_pares,180.0,180.0,600.0,14400.0,False,False,alfabetica,,alfabetica,,./dados/2024_1/horarios_2024_1.xlsx,./dados/2024_1/salas_2024_1.csv,./dados/2024_1/salas_preferenciais_2024.1.xlsx,/Users/robertdrey/Documents/workspace/development/alocador_de_salas,resultados/experimentos/2024_1/hibridas_dia_turno_curso_pares/dia_turno_curso_pares_init180.sol,resultados/experimentos/2024_1/hibridas_dia_turno_curso_pares/dia_turno_curso_pares_init180.csv,resultados/experimentos/2024_1/hibridas_dia_turno_curso_pares/dia_turno_curso_pares_init180.json,dia_turno_curso -> par_cursos,alfabetica,,alfabetica,,180.0,1,180.0,600.0,1,0,CICLO_SEM_MELHORIA,3,EAS,LET,47
2,4,48,par_cursos,EAS+MAT,68,12420,82570,OPTIMAL,185268.5,185268.5,False,185268.5,1.27,0.97,600.0,,,,alfabetica,,2,True,True,CICLO_SEM_MELHORIA,iteracao,hibrida_dia_turno_curso_pares,180.0,180.0,600.0,14400.0,False,False,alfabetica,,alfabetica,,./dados/2024_1/horarios_2024_1.xlsx,./dados/2024_1/salas_2024_1.csv,./dados/2024_1/salas_preferenciais_2024.1.xlsx,/Users/robertdrey/Documents/workspace/development/alocador_de_salas,resultados/experimentos/2024_1/hibridas_dia_turno_curso_pares/dia_turno_curso_pares_init180.sol,resultados/experimentos/2024_1/hibridas_dia_turno_curso_pares/dia_turno_curso_pares_init180.csv,resultados/experimentos/2024_1/hibridas_dia_turno_curso_pares/dia_turno_curso_pares_init180.json,dia_turno_curso -> par_cursos,alfabetica,,alfabetica,,180.0,1,180.0,600.0,1,0,CICLO_SEM_MELHORIA,3,EAS,MAT,48
2,4,49,par_cursos,EAS+MED,86,16836,78154,OPTIMAL,185268.5,185268.5,False,185268.5,2.18,1.87,600.0,,,,alfabetica,,2,True,True,CICLO_SEM_MELHORIA,iteracao,hibrida_dia_turno_curso_pares,180.0,180.0,600.0,14400.0,False,False,alfabetica,,alfabetica,,./dados/2024_1/horarios_2024_1.xlsx,./dados/2024_1/salas_2024_1.csv,./dados/2024_1/salas_preferenciais_2024.1.xlsx,/Users/robertdrey/Documents/workspace/development/alocador_de_salas,resultados/experimentos/2024_1/hibridas_dia_turno_curso_pares/dia_turno_curso_pares_init180.sol,resultados/experimentos/2024_1/hibridas_dia_turno_curso_pares/dia_turno_curso_pares_init180.csv,resultados/experimentos/2024_1/hibridas_dia_turno_curso_pares/dia_turno_curso_pares_init180.json,dia_turno_curso -> par_cursos,alfabetica,,alfabetica,,180.0,1,180.0,600.0,1,0,CICLO_SEM_MELHORIA,3,EAS,MED,49
2,4,50,par_cursos,EAS+PED,101,20240,74750,OPTIMAL,185268.5,185268.5,False,185268.5,29.13,28.8,600.0,,,,alfabetica,,2,True,True,CICLO_SEM_MELHORIA,iteracao,hibrida_dia_turno_curso_pares,180.0,180.0,600.0,14400.0,False,False,alfabetica,,alfabetica,,./dados/2024_1/horarios_2024_1.xlsx,./dados/2024_1/salas_2024_1.csv,./dados/2024_1/salas_preferenciais_2024.1.xlsx,/Users/robertdrey/Documents/workspace/development/alocador_de_salas,resultados/experimentos/2024_1/hibridas_dia_turno_curso_pares/dia_turno_curso_pares_init180.sol,resultados/experimentos/2024_1/hibridas_dia_turno_curso_pares/dia_turno_curso_pares_init180.csv,resultados/experimentos/2024_1/hibridas_dia_turno_curso_pares/dia_turno_curso_pares_init180.json,dia_turno_curso -> par_cursos,alfabetica,,alfabetica,,180.0,1,180.0,600.0,1,0,CICLO_SEM_MELHORIA,3,EAS,PED,50
2,4,51,par_cursos,ENF+FIL,33,11270,83720,OPTIMAL,185268.5,185268.5,False,185268.5,1.47,1.15,600.0,,,,alfabetica,,2,True,True,CICLO_SEM_MELHORIA,iteracao,hibrida_dia_turno_curso_pares,180.0,180.0,600.0,14400.0,False,False,alfabetica,,alfabetica,,./dados/2024_1/horarios_2024_1.xlsx,./dados/2024_1/salas_2024_1.csv,./dados/2024_1/salas_preferenciais_2024.1.xlsx,/Users/robertdrey/Documents/workspace/development/alocador_de_salas,resultados/experimentos/2024_1/hibridas_dia_turno_curso_pares/dia_turno_curso_pares_init180.sol,resultados/experimentos/2024_1/hibridas_dia_turno_curso_pares/dia_turno_curso_pares_init180.csv,resultados/experimentos/2024_1/hibridas_dia_turno_curso_pares/dia_turno_curso_pares_init180.json,dia_turno_curso -> par_cursos,alfabetica,,alfabetica,,180.0,1,180.0,600.0,1,0,CICLO_SEM_MELHORIA,3,ENF,FIL,51
2,4,52,par_cursos,ENF+GEO,28,10580,84410,OPTIMAL,185268.5,185268.5,False,185268.5,1.77,1.44,600.0,,,,alfabetica,,2,True,True,CICLO_SEM_MELHORIA,iteracao,hibrida_dia_turno_curso_pares,180.0,180.0,600.0,14400.0,False,False,alfabetica,,alfabetica,,./dados/2024_1/horarios_2024_1.xlsx,./dados/2024_1/salas_2024_1.csv,./dados/2024_1/salas_preferenciais_2024.1.xlsx,/Users/robertdrey/Documents/workspace/development/alocador_de_salas,resultados/experimentos/2024_1/hibridas_dia_turno_curso_pares/dia_turno_curso_pares_init180.sol,resultados/experimentos/2024_1/hibridas_dia_turno_curso_pares/dia_turno_curso_pares_init180.csv,resultados/experimentos/2024_1/hibridas_dia_turno_curso_pares/dia_turno_curso_pares_init180.json,dia_turno_curso -> par_cursos,alfabetica,,alfabetica,,180.0,1,180.0,600.0,1,0,CICLO_SEM_MELHORIA,3,ENF,GEO,52
2,4,53,par_cursos,ENF+HIS,42,13294,81696,OPTIMAL,185268.5,185268.5,False,185268.5,1.75,1.41,600.0,,,,alfabetica,,2,True,True,CICLO_SEM_MELHORIA,iteracao,hibrida_dia_turno_curso_pares,180.0,180.0,600.0,14400.0,False,False,alfabetica,,alfabetica,,./dados/2024_1/horarios_2024_1.xlsx,./dados/2024_1/salas_2024_1.csv,./dados/2024_1/salas_preferenciais_2024.1.xlsx,/Users/robertdrey/Documents/workspace/development/alocador_de_salas,resultados/experimentos/2024_1/hibridas_dia_turno_curso_pares/dia_turno_curso_pares_init180.sol,resultados/experimentos/2024_1/hibridas_dia_turno_curso_pares/dia_turno_curso_pares_init180.csv,resultados/experimentos/2024_1/hibridas_dia_turno_curso_pares/dia_turno_curso_pares_init180.json,dia_turno_curso -> par_cursos,alfabetica,,alfabetica,,180.0,1,180.0,600.0,1,0,CICLO_SEM_MELHORIA,3,ENF,HIS,53
2,4,54,par_cursos,ENF+LET,54,17664,77326,OPTIMAL,185268.5,185264.5,True,185264.5,8.69,8.37,600.0,,,,alfabetica,,2,True,True,CICLO_SEM_MELHORIA,iteracao,hibrida_dia_turno_curso_pares,180.0,180.0,600.0,14400.0,False,False,alfabetica,,alfabetica,,./dados/2024_1/horarios_2024_1.xlsx,./dados/2024_1/salas_2024_1.csv,./dados/2024_1/salas_preferenciais_2024.1.xlsx,/Users/robertdrey/Documents/workspace/development/alocador_de_salas,resultados/experimentos/2024_1/hibridas_dia_turno_curso_pares/dia_turno_curso_pares_init180.sol,resultados/experimentos/2024_1/hibridas_dia_turno_curso_pares/dia_turno_curso_pares_init180.csv,resultados/experimentos/2024_1/hibridas_dia_turno_curso_pares/dia_turno_curso_pares_init180.json,dia_turno_curso -> par_cursos,alfabetica,,alfabetica,,180.0,1,180.0,600.0,1,0,CICLO_SEM_MELHORIA,3,ENF,LET,54
2,4,55,par_cursos,ENF+MAT,41,13478,81512,OPTIMAL,185264.5,185264.5,False,185264.5,2.15,1.82,600.0,,,,alfabetica,,2,True,True,CICLO_SEM_MELHORIA,iteracao,hibrida_dia_turno_curso_pares,180.0,180.0,600.0,14400.0,False,False,alfabetica,,alfabetica,,./dados/2024_1/horarios_2024_1.xlsx,./dados/2024_1/salas_2024_1.csv,./dados/2024_1/salas_preferenciais_2024.1.xlsx,/Users/robertdrey/Documents/workspace/development/alocador_de_salas,resultados/experimentos/2024_1/hibridas_dia_turno_curso_pares/dia_turno_curso_pares_init180.sol,resultados/experimentos/2024_1/hibridas_dia_turno_curso_pares/dia_turno_curso_pares_init180.csv,resultados/experimentos/2024_1/hibridas_dia_turno_curso_pares/dia_turno_curso_pares_init180.json,dia_turno_curso -> par_cursos,alfabetica,,alfabetica,,180.0,1,180.0,600.0,1,0,CICLO_SEM_MELHORIA,3,ENF,MAT,55
2,4,56,par_cursos,ENF+MED,59,17894,77096,OPTIMAL,185264.5,185264.5,False,185264.5,46.05,45.73,600.0,,,,alfabetica,,2,True,True,CICLO_SEM_MELHORIA,iteracao,hibrida_dia_turno_curso_pares,180.0,180.0,600.0,14400.0,False,False,alfabetica,,alfabetica,,./dados/2024_1/horarios_2024_1.xlsx,./dados/2024_1/salas_2024_1.csv,./dados/2024_1/salas_preferenciais_2024.1.xlsx,/Users/robertdrey/Documents/workspace/development/alocador_de_salas,resultados/experimentos/2024_1/hibridas_dia_turno_curso_pares/dia_turno_curso_pares_init180.sol,resultados/experimentos/2024_1/hibridas_dia_turno_curso_pares/dia_turno_curso_pares_init180.csv,resultados/experimentos/2024_1/hibridas_dia_turno_curso_pares/dia_turno_curso_pares_init180.json,dia_turno_curso -> par_cursos,alfabetica,,alfabetica,,180.0,1,180.0,600.0,1,0,CICLO_SEM_MELHORIA,3,ENF,MED,56
2,4,57,par_cursos,ENF+PED,74,21298,73692,OPTIMAL,185264.5,185264.5,False,185264.5,380.4,380.09,600.0,,,,alfabetica,,2,True,True,CICLO_SEM_MELHORIA,iteracao,hibrida_dia_turno_curso_pares,180.0,180.0,600.0,14400.0,False,False,alfabetica,,alfabetica,,./dados/2024_1/horarios_2024_1.xlsx,./dados/2024_1/salas_2024_1.csv,./dados/2024_1/salas_preferenciais_2024.1.xlsx,/Users/robertdrey/Documents/workspace/development/alocador_de_salas,resultados/experimentos/2024_1/hibridas_dia_turno_curso_pares/dia_turno_curso_pares_init180.sol,resultados/experimentos/2024_1/hibridas_dia_turno_curso_pares/dia_turno_curso_pares_init180.csv,resultados/experimentos/2024_1/hibridas_dia_turno_curso_pares/dia_turno_curso_pares_init180.json,dia_turno_curso -> par_cursos,alfabetica,,alfabetica,,180.0,1,180.0,600.0,1,0,CICLO_SEM_MELHORIA,3,ENF,PED,57
2,4,58,par_cursos,FIL+GEO,25,4830,90160,OPTIMAL,185264.5,185264.5,False,185264.5,0.62,0.31,600.0,,,,alfabetica,,2,True,True,CICLO_SEM_MELHORIA,iteracao,hibrida_dia_turno_curso_pares,180.0,180.0,600.0,14400.0,False,False,alfabetica,,alfabetica,,./dados/2024_1/horarios_2024_1.xlsx,./dados/2024_1/salas_2024_1.csv,./dados/2024_1/salas_preferenciais_2024.1.xlsx,/Users/robertdrey/Documents/workspace/development/alocador_de_salas,resultados/experimentos/2024_1/hibridas_dia_turno_curso_pares/dia_turno_curso_pares_init180.sol,resultados/experimentos/2024_1/hibridas_dia_turno_curso_pares/dia_turno_curso_pares_init180.csv,resultados/experimentos/2024_1/hibridas_dia_turno_curso_pares/dia_turno_curso_pares_init180.json,dia_turno_curso -> par_cursos,alfabetica,,alfabetica,,180.0,1,180.0,600.0,1,0,CICLO_SEM_MELHORIA,3,FIL,GEO,58
2,4,59,par_cursos,FIL+HIS,39,7544,87446,OPTIMAL,185264.5,185264.5,False,185264.5,0.67,0.36,600.0,,,,alfabetica,,2,True,True,CICLO_SEM_MELHORIA,iteracao,hibrida_dia_turno_curso_pares,180.0,180.0,600.0,14400.0,False,False,alfabetica,,alfabetica,,./dados/2024_1/horarios_2024_1.xlsx,./dados/2024_1/salas_2024_1.csv,./dados/2024_1/salas_preferenciais_2024.1.xlsx,/Users/robertdrey/Documents/workspace/development/alocador_de_salas,resultados/experimentos/2024_1/hibridas_dia_turno_curso_pares/dia_turno_curso_pares_init180.sol,resultados/experimentos/2024_1/hibridas_dia_turno_curso_pares/dia_turno_curso_pares_init180.csv,resultados/experimentos/2024_1/hibridas_dia_turno_curso_pares/dia_turno_curso_pares_init180.json,dia_turno_curso -> par_cursos,alfabetica,,alfabetica,,180.0,1,180.0,600.0,1,0,CICLO_SEM_MELHORIA,3,FIL,HIS,59
2,4,60,par_cursos,FIL+LET,51,11914,83076,OPTIMAL,185264.5,185264.5,False,185264.5,2.24,1.94,600.0,,,,alfabetica,,2,True,True,CICLO_SEM_MELHORIA,iteracao,hibrida_dia_turno_curso_pares,180.0,180.0,600.0,14400.0,False,False,alfabetica,,alfabetica,,./dados/2024_1/horarios_2024_1.xlsx,./dados/2024_1/salas_2024_1.csv,./dados/2024_1/salas_preferenciais_2024.1.xlsx,/Users/robertdrey/Documents/workspace/development/alocador_de_salas,resultados/experimentos/2024_1/hibridas_dia_turno_curso_pares/dia_turno_curso_pares_init180.sol,resultados/experimentos/2024_1/hibridas_dia_turno_curso_pares/dia_turno_curso_pares_init180.csv,resultados/experimentos/2024_1/hibridas_dia_turno_curso_pares/dia_turno_curso_pares_init180.json,dia_turno_curso -> par_cursos,alfabetica,,alfabetica,,180.0,1,180.0,600.0,1,0,CICLO_SEM_MELHORIA,3,FIL,LET,60
2,4,61,par_cursos,FIL+MAT,38,7728,87262,OPTIMAL,185264.5,185264.5,False,185264.5,0.67,0.36,600.0,,,,alfabetica,,2,True,True,CICLO_SEM_MELHORIA,iteracao,hibrida_dia_turno_curso_pares,180.0,180.0,600.0,14400.0,False,False,alfabetica,,alfabetica,,./dados/2024_1/horarios_2024_1.xlsx,./dados/2024_1/salas_2024_1.csv,./dados/2024_1/salas_preferenciais_2024.1.xlsx,/Users/robertdrey/Documents/workspace/development/alocador_de_salas,resultados/experimentos/2024_1/hibridas_dia_turno_curso_pares/dia_turno_curso_pares_init180.sol,resultados/experimentos/2024_1/hibridas_dia_turno_curso_pares/dia_turno_curso_pares_init180.csv,resultados/experimentos/2024_1/hibridas_dia_turno_curso_pares/dia_turno_curso_pares_init180.json,dia_turno_curso -> par_cursos,alfabetica,,alfabetica,,180.0,1,180.0,600.0,1,0,CICLO_SEM_MELHORIA,3,FIL,MAT,61
2,4,62,par_cursos,FIL+MED,56,12144,82846,OPTIMAL,185264.5,185264.5,False,185264.5,1.09,0.79,600.0,,,,alfabetica,,2,True,True,CICLO_SEM_MELHORIA,iteracao,hibrida_dia_turno_curso_pares,180.0,180.0,600.0,14400.0,False,False,alfabetica,,alfabetica,,./dados/2024_1/horarios_2024_1.xlsx,./dados/2024_1/salas_2024_1.csv,./dados/2024_1/salas_preferenciais_2024.1.xlsx,/Users/robertdrey/Documents/workspace/development/alocador_de_salas,resultados/experimentos/2024_1/hibridas_dia_turno_curso_pares/dia_turno_curso_pares_init180.sol,resultados/experimentos/2024_1/hibridas_dia_turno_curso_pares/dia_turno_curso_pares_init180.csv,resultados/experimentos/2024_1/hibridas_dia_turno_curso_pares/dia_turno_curso_pares_init180.json,dia_turno_curso -> par_cursos,alfabetica,,alfabetica,,180.0,1,180.0,600.0,1,0,CICLO_SEM_MELHORIA,3,FIL,MED,62
2,4,63,par_cursos,FIL+PED,71,15548,79442,OPTIMAL,185264.5,185264.5,False,185264.5,13.67,13.34,600.0,,,,alfabetica,,2,True,True,CICLO_SEM_MELHORIA,iteracao,hibrida_dia_turno_curso_pares,180.0,180.0,600.0,14400.0,False,False,alfabetica,,alfabetica,,./dados/2024_1/horarios_2024_1.xlsx,./dados/2024_1/salas_2024_1.csv,./dados/2024_1/salas_preferenciais_2024.1.xlsx,/Users/robertdrey/Documents/workspace/development/alocador_de_salas,resultados/experimentos/2024_1/hibridas_dia_turno_curso_pares/dia_turno_curso_pares_init180.sol,resultados/experimentos/2024_1/hibridas_dia_turno_curso_pares/dia_turno_curso_pares_init180.csv,resultados/experimentos/2024_1/hibridas_dia_turno_curso_pares/dia_turno_curso_pares_init180.json,dia_turno_curso -> par_cursos,alfabetica,,alfabetica,,180.0,1,180.0,600.0,1,0,CICLO_SEM_MELHORIA,3,FIL,PED,63
2,4,64,par_cursos,GEO+HIS,34,6854,88136,OPTIMAL,185264.5,185264.5,False,185264.5,0.7,0.37,600.0,,,,alfabetica,,2,True,True,CICLO_SEM_MELHORIA,iteracao,hibrida_dia_turno_curso_pares,180.0,180.0,600.0,14400.0,False,False,alfabetica,,alfabetica,,./dados/2024_1/horarios_2024_1.xlsx,./dados/2024_1/salas_2024_1.csv,./dados/2024_1/salas_preferenciais_2024.1.xlsx,/Users/robertdrey/Documents/workspace/development/alocador_de_salas,resultados/experimentos/2024_1/hibridas_dia_turno_curso_pares/dia_turno_curso_pares_init180.sol,resultados/experimentos/2024_1/hibridas_dia_turno_curso_pares/dia_turno_curso_pares_init180.csv,resultados/experimentos/2024_1/hibridas_dia_turno_curso_pares/dia_turno_curso_pares_init180.json,dia_turno_curso -> par_cursos,alfabetica,,alfabetica,,180.0,1,180.0,600.0,1,0,CICLO_SEM_MELHORIA,3,GEO,HIS,64
2,4,65,par_cursos,GEO+LET,46,11224,83766,OPTIMAL,185264.5,185264.5,False,185264.5,2.17,1.86,600.0,,,,alfabetica,,2,True,True,CICLO_SEM_MELHORIA,iteracao,hibrida_dia_turno_curso_pares,180.0,180.0,600.0,14400.0,False,False,alfabetica,,alfabetica,,./dados/2024_1/horarios_2024_1.xlsx,./dados/2024_1/salas_2024_1.csv,./dados/2024_1/salas_preferenciais_2024.1.xlsx,/Users/robertdrey/Documents/workspace/development/alocador_de_salas,resultados/experimentos/2024_1/hibridas_dia_turno_curso_pares/dia_turno_curso_pares_init180.sol,resultados/experimentos/2024_1/hibridas_dia_turno_curso_pares/dia_turno_curso_pares_init180.csv,resultados/experimentos/2024_1/hibridas_dia_turno_curso_pares/dia_turno_curso_pares_init180.json,dia_turno_curso -> par_cursos,alfabetica,,alfabetica,,180.0,1,180.0,600.0,1,0,CICLO_SEM_MELHORIA,3,GEO,LET,65
2,4,66,par_cursos,GEO+MAT,33,7038,87952,OPTIMAL,185264.5,185264.5,False,185264.5,0.7,0.38,600.0,,,,alfabetica,,2,True,True,CICLO_SEM_MELHORIA,iteracao,hibrida_dia_turno_curso_pares,180.0,180.0,600.0,14400.0,False,False,alfabetica,,alfabetica,,./dados/2024_1/horarios_2024_1.xlsx,./dados/2024_1/salas_2024_1.csv,./dados/2024_1/salas_preferenciais_2024.1.xlsx,/Users/robertdrey/Documents/workspace/development/alocador_de_salas,resultados/experimentos/2024_1/hibridas_dia_turno_curso_pares/dia_turno_curso_pares_init180.sol,resultados/experimentos/2024_1/hibridas_dia_turno_curso_pares/dia_turno_curso_pares_init180.csv,resultados/experimentos/2024_1/hibridas_dia_turno_curso_pares/dia_turno_curso_pares_init180.json,dia_turno_curso -> par_cursos,alfabetica,,alfabetica,,180.0,1,180.0,600.0,1,0,CICLO_SEM_MELHORIA,3,GEO,MAT,66
2,4,67,par_cursos,GEO+MED,51,11454,83536,OPTIMAL,185264.5,185264.5,False,185264.5,1.09,0.78,600.0,,,,alfabetica,,2,True,True,CICLO_SEM_MELHORIA,iteracao,hibrida_dia_turno_curso_pares,180.0,180.0,600.0,14400.0,False,False,alfabetica,,alfabetica,,./dados/2024_1/horarios_2024_1.xlsx,./dados/2024_1/salas_2024_1.csv,./dados/2024_1/salas_preferenciais_2024.1.xlsx,/Users/robertdrey/Documents/workspace/development/alocador_de_salas,resultados/experimentos/2024_1/hibridas_dia_turno_curso_pares/dia_turno_curso_pares_init180.sol,resultados/experimentos/2024_1/hibridas_dia_turno_curso_pares/dia_turno_curso_pares_init180.csv,resultados/experimentos/2024_1/hibridas_dia_turno_curso_pares/dia_turno_curso_pares_init180.json,dia_turno_curso -> par_cursos,alfabetica,,alfabetica,,180.0,1,180.0,600.0,1,0,CICLO_SEM_MELHORIA,3,GEO,MED,67
2,4,68,par_cursos,GEO+PED,66,14858,80132,OPTIMAL,185264.5,185264.5,False,185264.5,33.04,32.73,600.0,,,,alfabetica,,2,True,True,CICLO_SEM_MELHORIA,iteracao,hibrida_dia_turno_curso_pares,180.0,180.0,600.0,14400.0,False,False,alfabetica,,alfabetica,,./dados/2024_1/horarios_2024_1.xlsx,./dados/2024_1/salas_2024_1.csv,./dados/2024_1/salas_preferenciais_2024.1.xlsx,/Users/robertdrey/Documents/workspace/development/alocador_de_salas,resultados/experimentos/2024_1/hibridas_dia_turno_curso_pares/dia_turno_curso_pares_init180.sol,resultados/experimentos/2024_1/hibridas_dia_turno_curso_pares/dia_turno_curso_pares_init180.csv,resultados/experimentos/2024_1/hibridas_dia_turno_curso_pares/dia_turno_curso_pares_init180.json,dia_turno_curso -> par_cursos,alfabetica,,alfabetica,,180.0,1,180.0,600.0,1,0,CICLO_SEM_MELHORIA,3,GEO,PED,68
2,4,69,par_cursos,HIS+LET,60,13938,81052,OPTIMAL,185264.5,185264.5,False,185264.5,2.84,2.53,600.0,,,,alfabetica,,2,True,True,CICLO_SEM_MELHORIA,iteracao,hibrida_dia_turno_curso_pares,180.0,180.0,600.0,14400.0,False,False,alfabetica,,alfabetica,,./dados/2024_1/horarios_2024_1.xlsx,./dados/2024_1/salas_2024_1.csv,./dados/2024_1/salas_preferenciais_2024.1.xlsx,/Users/robertdrey/Documents/workspace/development/alocador_de_salas,resultados/experimentos/2024_1/hibridas_dia_turno_curso_pares/dia_turno_curso_pares_init180.sol,resultados/experimentos/2024_1/hibridas_dia_turno_curso_pares/dia_turno_curso_pares_init180.csv,resultados/experimentos/2024_1/hibridas_dia_turno_curso_pares/dia_turno_curso_pares_init180.json,dia_turno_curso -> par_cursos,alfabetica,,alfabetica,,180.0,1,180.0,600.0,1,0,CICLO_SEM_MELHORIA,3,HIS,LET,69
2,4,70,par_cursos,HIS+MAT,47,9752,85238,OPTIMAL,185264.5,185264.5,False,185264.5,0.83,0.52,600.0,,,,alfabetica,,2,True,True,CICLO_SEM_MELHORIA,iteracao,hibrida_dia_turno_curso_pares,180.0,180.0,600.0,14400.0,False,False,alfabetica,,alfabetica,,./dados/2024_1/horarios_2024_1.xlsx,./dados/2024_1/salas_2024_1.csv,./dados/2024_1/salas_preferenciais_2024.1.xlsx,/Users/robertdrey/Documents/workspace/development/alocador_de_salas,resultados/experimentos/2024_1/hibridas_dia_turno_curso_pares/dia_turno_curso_pares_init180.sol,resultados/experimentos/2024_1/hibridas_dia_turno_curso_pares/dia_turno_curso_pares_init180.csv,resultados/experimentos/2024_1/hibridas_dia_turno_curso_pares/dia_turno_curso_pares_init180.json,dia_turno_curso -> par_cursos,alfabetica,,alfabetica,,180.0,1,180.0,600.0,1,0,CICLO_SEM_MELHORIA,3,HIS,MAT,70
2,4,71,par_cursos,HIS+MED,65,14168,80822,OPTIMAL,185264.5,185264.5,False,185264.5,1.21,0.9,600.0,,,,alfabetica,,2,True,True,CICLO_SEM_MELHORIA,iteracao,hibrida_dia_turno_curso_pares,180.0,180.0,600.0,14400.0,False,False,alfabetica,,alfabetica,,./dados/2024_1/horarios_2024_1.xlsx,./dados/2024_1/salas_2024_1.csv,./dados/2024_1/salas_preferenciais_2024.1.xlsx,/Users/robertdrey/Documents/workspace/development/alocador_de_salas,resultados/experimentos/2024_1/hibridas_dia_turno_curso_pares/dia_turno_curso_pares_init180.sol,resultados/experimentos/2024_1/hibridas_dia_turno_curso_pares/dia_turno_curso_pares_init180.csv,resultados/experimentos/2024_1/hibridas_dia_turno_curso_pares/dia_turno_curso_pares_init180.json,dia_turno_curso -> par_cursos,alfabetica,,alfabetica,,180.0,1,180.0,600.0,1,0,CICLO_SEM_MELHORIA,3,HIS,MED,71
2,4,72,par_cursos,HIS+PED,80,17572,77418,OPTIMAL,185264.5,185264.5,False,185264.5,28.79,28.47,600.0,,,,alfabetica,,2,True,True,CICLO_SEM_MELHORIA,iteracao,hibrida_dia_turno_curso_pares,180.0,180.0,600.0,14400.0,False,False,alfabetica,,alfabetica,,./dados/2024_1/horarios_2024_1.xlsx,./dados/2024_1/salas_2024_1.csv,./dados/2024_1/salas_preferenciais_2024.1.xlsx,/Users/robertdrey/Documents/workspace/development/alocador_de_salas,resultados/experimentos/2024_1/hibridas_dia_turno_curso_pares/dia_turno_curso_pares_init180.sol,resultados/experimentos/2024_1/hibridas_dia_turno_curso_pares/dia_turno_curso_pares_init180.csv,resultados/experimentos/2024_1/hibridas_dia_turno_curso_pares/dia_turno_curso_pares_init180.json,dia_turno_curso -> par_cursos,alfabetica,,alfabetica,,180.0,1,180.0,600.0,1,0,CICLO_SEM_MELHORIA,3,HIS,PED,72
2,4,73,par_cursos,LET+MAT,59,14122,80868,OPTIMAL,185264.5,185264.5,False,185264.5,1.85,1.53,600.0,,,,alfabetica,,2,True,True,CICLO_SEM_MELHORIA,iteracao,hibrida_dia_turno_curso_pares,180.0,180.0,600.0,14400.0,False,False,alfabetica,,alfabetica,,./dados/2024_1/horarios_2024_1.xlsx,./dados/2024_1/salas_2024_1.csv,./dados/2024_1/salas_preferenciais_2024.1.xlsx,/Users/robertdrey/Documents/workspace/development/alocador_de_salas,resultados/experimentos/2024_1/hibridas_dia_turno_curso_pares/dia_turno_curso_pares_init180.sol,resultados/experimentos/2024_1/hibridas_dia_turno_curso_pares/dia_turno_curso_pares_init180.csv,resultados/experimentos/2024_1/hibridas_dia_turno_curso_pares/dia_turno_curso_pares_init180.json,dia_turno_curso -> par_cursos,alfabetica,,alfabetica,,180.0,1,180.0,600.0,1,0,CICLO_SEM_MELHORIA,3,LET,MAT,73
2,4,74,par_cursos,LET+MED,77,18538,76452,OPTIMAL,185264.5,185264.5,False,185264.5,2.14,1.82,600.0,,,,alfabetica,,2,True,True,CICLO_SEM_MELHORIA,iteracao,hibrida_dia_turno_curso_pares,180.0,180.0,600.0,14400.0,False,False,alfabetica,,alfabetica,,./dados/2024_1/horarios_2024_1.xlsx,./dados/2024_1/salas_2024_1.csv,./dados/2024_1/salas_preferenciais_2024.1.xlsx,/Users/robertdrey/Documents/workspace/development/alocador_de_salas,resultados/experimentos/2024_1/hibridas_dia_turno_curso_pares/dia_turno_curso_pares_init180.sol,resultados/experimentos/2024_1/hibridas_dia_turno_curso_pares/dia_turno_curso_pares_init180.csv,resultados/experimentos/2024_1/hibridas_dia_turno_curso_pares/dia_turno_curso_pares_init180.json,dia_turno_curso -> par_cursos,alfabetica,,alfabetica,,180.0,1,180.0,600.0,1,0,CICLO_SEM_MELHORIA,3,LET,MED,74
2,4,75,par_cursos,LET+PED,92,21942,73048,OPTIMAL,185264.5,185264.5,False,185264.5,403.29,402.99,600.0,,,,alfabetica,,2,True,True,CICLO_SEM_MELHORIA,iteracao,hibrida_dia_turno_curso_pares,180.0,180.0,600.0,14400.0,False,False,alfabetica,,alfabetica,,./dados/2024_1/horarios_2024_1.xlsx,./dados/2024_1/salas_2024_1.csv,./dados/2024_1/salas_preferenciais_2024.1.xlsx,/Users/robertdrey/Documents/workspace/development/alocador_de_salas,resultados/experimentos/2024_1/hibridas_dia_turno_curso_pares/dia_turno_curso_pares_init180.sol,resultados/experimentos/2024_1/hibridas_dia_turno_curso_pares/dia_turno_curso_pares_init180.csv,resultados/experimentos/2024_1/hibridas_dia_turno_curso_pares/dia_turno_curso_pares_init180.json,dia_turno_curso -> par_cursos,alfabetica,,alfabetica,,180.0,1,180.0,600.0,1,0,CICLO_SEM_MELHORIA,3,LET,PED,75
2,4,76,par_cursos,MAT+MED,64,14352,80638,OPTIMAL,185264.5,185264.5,False,185264.5,1.15,0.85,600.0,,,,alfabetica,,2,True,True,CICLO_SEM_MELHORIA,iteracao,hibrida_dia_turno_curso_pares,180.0,180.0,600.0,14400.0,False,False,alfabetica,,alfabetica,,./dados/2024_1/horarios_2024_1.xlsx,./dados/2024_1/salas_2024_1.csv,./dados/2024_1/salas_preferenciais_2024.1.xlsx,/Users/robertdrey/Documents/workspace/development/alocador_de_salas,resultados/experimentos/2024_1/hibridas_dia_turno_curso_pares/dia_turno_curso_pares_init180.sol,resultados/experimentos/2024_1/hibridas_dia_turno_curso_pares/dia_turno_curso_pares_init180.csv,resultados/experimentos/2024_1/hibridas_dia_turno_curso_pares/dia_turno_curso_pares_init180.json,dia_turno_curso -> par_cursos,alfabetica,,alfabetica,,180.0,1,180.0,600.0,1,0,CICLO_SEM_MELHORIA,3,MAT,MED,76
2,4,77,par_cursos,MAT+PED,79,17756,77234,OPTIMAL,185264.5,185264.5,False,185264.5,17.36,17.04,600.0,,,,alfabetica,,2,True,True,CICLO_SEM_MELHORIA,iteracao,hibrida_dia_turno_curso_pares,180.0,180.0,600.0,14400.0,False,False,alfabetica,,alfabetica,,./dados/2024_1/horarios_2024_1.xlsx,./dados/2024_1/salas_2024_1.csv,./dados/2024_1/salas_preferenciais_2024.1.xlsx,/Users/robertdrey/Documents/workspace/development/alocador_de_salas,resultados/experimentos/2024_1/hibridas_dia_turno_curso_pares/dia_turno_curso_pares_init180.sol,resultados/experimentos/2024_1/hibridas_dia_turno_curso_pares/dia_turno_curso_pares_init180.csv,resultados/experimentos/2024_1/hibridas_dia_turno_curso_pares/dia_turno_curso_pares_init180.json,dia_turno_curso -> par_cursos,alfabetica,,alfabetica,,180.0,1,180.0,600.0,1,0,CICLO_SEM_MELHORIA,3,MAT,PED,77
2,4,78,par_cursos,MED+PED,97,22172,72818,OPTIMAL,185264.5,185264.5,False,185264.5,37.12,36.79,600.0,,,,alfabetica,,2,True,True,CICLO_SEM_MELHORIA,iteracao,hibrida_dia_turno_curso_pares,180.0,180.0,600.0,14400.0,False,False,alfabetica,,alfabetica,,./dados/2024_1/horarios_2024_1.xlsx,./dados/2024_1/salas_2024_1.csv,./dados/2024_1/salas_preferenciais_2024.1.xlsx,/Users/robertdrey/Documents/workspace/development/alocador_de_salas,resultados/experimentos/2024_1/hibridas_dia_turno_curso_pares/dia_turno_curso_pares_init180.sol,resultados/experimentos/2024_1/hibridas_dia_turno_curso_pares/dia_turno_curso_pares_init180.csv,resultados/experimentos/2024_1/hibridas_dia_turno_curso_pares/dia_turno_curso_pares_init180.json,dia_turno_curso -> par_cursos,alfabetica,,alfabetica,,180.0,1,180.0,600.0,1,0,CICLO_SEM_MELHORIA,3,MED,PED,78
3,5,1,dia_turno_curso,2_M_ADM,81,18538,76452,OPTIMAL,185264.5,185264.5,False,185264.5,2.06,1.76,600.0,2,M,ADM,alfabetica,,1,True,True,CICLO_SEM_MELHORIA,iteracao,hibrida_dia_turno_curso_pares,180.0,180.0,600.0,14400.0,False,False,alfabetica,,alfabetica,,./dados/2024_1/horarios_2024_1.xlsx,./dados/2024_1/salas_2024_1.csv,./dados/2024_1/salas_preferenciais_2024.1.xlsx,/Users/robertdrey/Documents/workspace/development/alocador_de_salas,resultados/experimentos/2024_1/hibridas_dia_turno_curso_pares/dia_turno_curso_pares_init180.sol,resultados/experimentos/2024_1/hibridas_dia_turno_curso_pares/dia_turno_curso_pares_init180.csv,resultados/experimentos/2024_1/hibridas_dia_turno_curso_pares/dia_turno_curso_pares_init180.json,dia_turno_curso -> par_cursos,alfabetica,,alfabetica,,180.0,1,180.0,600.0,1,0,CICLO_SEM_MELHORIA,3,,,
3,5,2,dia_turno_curso,2_M_AGRO,82,17250,77740,OPTIMAL,185264.5,185264.5,False,185264.5,11.91,11.6,600.0,2,M,AGRO,alfabetica,,1,True,True,CICLO_SEM_MELHORIA,iteracao,hibrida_dia_turno_curso_pares,180.0,180.0,600.0,14400.0,False,False,alfabetica,,alfabetica,,./dados/2024_1/horarios_2024_1.xlsx,./dados/2024_1/salas_2024_1.csv,./dados/2024_1/salas_preferenciais_2024.1.xlsx,/Users/robertdrey/Documents/workspace/development/alocador_de_salas,resultados/experimentos/2024_1/hibridas_dia_turno_curso_pares/dia_turno_curso_pares_init180.sol,resultados/experimentos/2024_1/hibridas_dia_turno_curso_pares/dia_turno_curso_pares_init180.csv,resultados/experimentos/2024_1/hibridas_dia_turno_curso_pares/dia_turno_curso_pares_init180.json,dia_turno_curso -> par_cursos,alfabetica,,alfabetica,,180.0,1,180.0,600.0,1,0,CICLO_SEM_MELHORIA,3,,,
3,5,3,dia_turno_curso,2_M_EAS,73,16238,78752,OPTIMAL,185264.5,185264.5,False,185264.5,2.15,1.83,600.0,2,M,EAS,alfabetica,,1,True,True,CICLO_SEM_MELHORIA,iteracao,hibrida_dia_turno_curso_pares,180.0,180.0,600.0,14400.0,False,False,alfabetica,,alfabetica,,./dados/2024_1/horarios_2024_1.xlsx,./dados/2024_1/salas_2024_1.csv,./dados/2024_1/salas_preferenciais_2024.1.xlsx,/Users/robertdrey/Documents/workspace/development/alocador_de_salas,resultados/experimentos/2024_1/hibridas_dia_turno_curso_pares/dia_turno_curso_pares_init180.sol,resultados/experimentos/2024_1/hibridas_dia_turno_curso_pares/dia_turno_curso_pares_init180.csv,resultados/experimentos/2024_1/hibridas_dia_turno_curso_pares/dia_turno_curso_pares_init180.json,dia_turno_curso -> par_cursos,alfabetica,,alfabetica,,180.0,1,180.0,600.0,1,0,CICLO_SEM_MELHORIA,3,,,
3,5,4,dia_turno_curso,2_M_ENF,51,15548,79442,OPTIMAL,185264.5,185264.5,False,185264.5,4.39,4.08,600.0,2,M,ENF,alfabetica,,1,True,True,CICLO_SEM_MELHORIA,iteracao,hibrida_dia_turno_curso_pares,180.0,180.0,600.0,14400.0,False,False,alfabetica,,alfabetica,,./dados/2024_1/horarios_2024_1.xlsx,./dados/2024_1/salas_2024_1.csv,./dados/2024_1/salas_preferenciais_2024.1.xlsx,/Users/robertdrey/Documents/workspace/development/alocador_de_salas,resultados/experimentos/2024_1/hibridas_dia_turno_curso_pares/dia_turno_curso_pares_init180.sol,resultados/experimentos/2024_1/hibridas_dia_turno_curso_pares/dia_turno_curso_pares_init180.csv,resultados/experimentos/2024_1/hibridas_dia_turno_curso_pares/dia_turno_curso_pares_init180.json,dia_turno_curso -> par_cursos,alfabetica,,alfabetica,,180.0,1,180.0,600.0,1,0,CICLO_SEM_MELHORIA,3,,,
3,5,5,dia_turno_curso,2_M_MED,74,18078,76912,OPTIMAL,185264.5,185264.5,False,185264.5,3.83,3.52,600.0,2,M,MED,alfabetica,,1,True,True,CICLO_SEM_MELHORIA,iteracao,hibrida_dia_turno_curso_pares,180.0,180.0,600.0,14400.0,False,False,alfabetica,,alfabetica,,./dados/2024_1/horarios_2024_1.xlsx,./dados/2024_1/salas_2024_1.csv,./dados/2024_1/salas_preferenciais_2024.1.xlsx,/Users/robertdrey/Documents/workspace/development/alocador_de_salas,resultados/experimentos/2024_1/hibridas_dia_turno_curso_pares/dia_turno_curso_pares_init180.sol,resultados/experimentos/2024_1/hibridas_dia_turno_curso_pares/dia_turno_curso_pares_init180.csv,resultados/experimentos/2024_1/hibridas_dia_turno_curso_pares/dia_turno_curso_pares_init180.json,dia_turno_curso -> par_cursos,alfabetica,,alfabetica,,180.0,1,180.0,600.0,1,0,CICLO_SEM_MELHORIA,3,,,
3,5,6,dia_turno_curso,2_M_PED,88,21574,73416,OPTIMAL,185264.5,185264.5,False,185264.5,33.24,32.94,600.0,2,M,PED,alfabetica,,1,True,True,CICLO_SEM_MELHORIA,iteracao,hibrida_dia_turno_curso_pares,180.0,180.0,600.0,14400.0,False,False,alfabetica,,alfabetica,,./dados/2024_1/horarios_2024_1.xlsx,./dados/2024_1/salas_2024_1.csv,./dados/2024_1/salas_preferenciais_2024.1.xlsx,/Users/robertdrey/Documents/workspace/development/alocador_de_salas,resultados/experimentos/2024_1/hibridas_dia_turno_curso_pares/dia_turno_curso_pares_init180.sol,resultados/experimentos/2024_1/hibridas_dia_turno_curso_pares/dia_turno_curso_pares_init180.csv,resultados/experimentos/2024_1/hibridas_dia_turno_curso_pares/dia_turno_curso_pares_init180.json,dia_turno_curso -> par_cursos,alfabetica,,alfabetica,,180.0,1,180.0,600.0,1,0,CICLO_SEM_MELHORIA,3,,,
3,5,7,dia_turno_curso,2_T_AGRO,82,20194,74796,OPTIMAL,185264.5,185264.5,False,185264.5,18.64,18.34,600.0,2,T,AGRO,alfabetica,,1,True,True,CICLO_SEM_MELHORIA,iteracao,hibrida_dia_turno_curso_pares,180.0,180.0,600.0,14400.0,False,False,alfabetica,,alfabetica,,./dados/2024_1/horarios_2024_1.xlsx,./dados/2024_1/salas_2024_1.csv,./dados/2024_1/salas_preferenciais_2024.1.xlsx,/Users/robertdrey/Documents/workspace/development/alocador_de_salas,resultados/experimentos/2024_1/hibridas_dia_turno_curso_pares/dia_turno_curso_pares_init180.sol,resultados/experimentos/2024_1/hibridas_dia_turno_curso_pares/dia_turno_curso_pares_init180.csv,resultados/experimentos/2024_1/hibridas_dia_turno_curso_pares/dia_turno_curso_pares_init180.json,dia_turno_curso -> par_cursos,alfabetica,,alfabetica,,180.0,1,180.0,600.0,1,0,CICLO_SEM_MELHORIA,3,,,
3,5,8,dia_turno_curso,2_T_CC,70,20010,74980,OPTIMAL,185264.5,185264.5,False,185264.5,3.51,3.2,600.0,2,T,CC,alfabetica,,1,True,True,CICLO_SEM_MELHORIA,iteracao,hibrida_dia_turno_curso_pares,180.0,180.0,600.0,14400.0,False,False,alfabetica,,alfabetica,,./dados/2024_1/horarios_2024_1.xlsx,./dados/2024_1/salas_2024_1.csv,./dados/2024_1/salas_preferenciais_2024.1.xlsx,/Users/robertdrey/Documents/workspace/development/alocador_de_salas,resultados/experimentos/2024_1/hibridas_dia_turno_curso_pares/dia_turno_curso_pares_init180.sol,resultados/experimentos/2024_1/hibridas_dia_turno_curso_pares/dia_turno_curso_pares_init180.csv,resultados/experimentos/2024_1/hibridas_dia_turno_curso_pares/dia_turno_curso_pares_init180.json,dia_turno_curso -> par_cursos,alfabetica,,alfabetica,,180.0,1,180.0,600.0,1,0,CICLO_SEM_MELHORIA,3,,,
3,5,9,dia_turno_curso,2_T_CS,55,16284,78706,OPTIMAL,185264.5,185264.5,False,185264.5,1.4,1.09,600.0,2,T,CS,alfabetica,,1,True,True,CICLO_SEM_MELHORIA,iteracao,hibrida_dia_turno_curso_pares,180.0,180.0,600.0,14400.0,False,False,alfabetica,,alfabetica,,./dados/2024_1/horarios_2024_1.xlsx,./dados/2024_1/salas_2024_1.csv,./dados/2024_1/salas_preferenciais_2024.1.xlsx,/Users/robertdrey/Documents/workspace/development/alocador_de_salas,resultados/experimentos/2024_1/hibridas_dia_turno_curso_pares/dia_turno_curso_pares_init180.sol,resultados/experimentos/2024_1/hibridas_dia_turno_curso_pares/dia_turno_curso_pares_init180.csv,resultados/experimentos/2024_1/hibridas_dia_turno_curso_pares/dia_turno_curso_pares_init180.json,dia_turno_curso -> par_cursos,alfabetica,,alfabetica,,180.0,1,180.0,600.0,1,0,CICLO_SEM_MELHORIA,3,,,
3,5,10,dia_turno_curso,2_T_EAS,74,18538,76452,OPTIMAL,185264.5,185264.5,False,185264.5,2.01,1.71,600.0,2,T,EAS,alfabetica,,1,True,True,CICLO_SEM_MELHORIA,iteracao,hibrida_dia_turno_curso_pares,180.0,180.0,600.0,14400.0,False,False,alfabetica,,alfabetica,,./dados/2024_1/horarios_2024_1.xlsx,./dados/2024_1/salas_2024_1.csv,./dados/2024_1/salas_preferenciais_2024.1.xlsx,/Users/robertdrey/Documents/workspace/development/alocador_de_salas,resultados/experimentos/2024_1/hibridas_dia_turno_curso_pares/dia_turno_curso_pares_init180.sol,resultados/experimentos/2024_1/hibridas_dia_turno_curso_pares/dia_turno_curso_pares_init180.csv,resultados/experimentos/2024_1/hibridas_dia_turno_curso_pares/dia_turno_curso_pares_init180.json,dia_turno_curso -> par_cursos,alfabetica,,alfabetica,,180.0,1,180.0,600.0,1,0,CICLO_SEM_MELHORIA,3,,,
3,5,11,dia_turno_curso,2_T_ENF,47,16422,78568,OPTIMAL,185264.5,185264.5,False,185264.5,3.65,3.34,600.0,2,T,ENF,alfabetica,,1,True,True,CICLO_SEM_MELHORIA,iteracao,hibrida_dia_turno_curso_pares,180.0,180.0,600.0,14400.0,False,False,alfabetica,,alfabetica,,./dados/2024_1/horarios_2024_1.xlsx,./dados/2024_1/salas_2024_1.csv,./dados/2024_1/salas_preferenciais_2024.1.xlsx,/Users/robertdrey/Documents/workspace/development/alocador_de_salas,resultados/experimentos/2024_1/hibridas_dia_turno_curso_pares/dia_turno_curso_pares_init180.sol,resultados/experimentos/2024_1/hibridas_dia_turno_curso_pares/dia_turno_curso_pares_init180.csv,resultados/experimentos/2024_1/hibridas_dia_turno_curso_pares/dia_turno_curso_pares_init180.json,dia_turno_curso -> par_cursos,alfabetica,,alfabetica,,180.0,1,180.0,600.0,1,0,CICLO_SEM_MELHORIA,3,,,
3,5,12,dia_turno_curso,2_T_GEO,43,13846,81144,OPTIMAL,185264.5,185264.5,False,185264.5,1.31,1.0,600.0,2,T,GEO,alfabetica,,1,True,True,CICLO_SEM_MELHORIA,iteracao,hibrida_dia_turno_curso_pares,180.0,180.0,600.0,14400.0,False,False,alfabetica,,alfabetica,,./dados/2024_1/horarios_2024_1.xlsx,./dados/2024_1/salas_2024_1.csv,./dados/2024_1/salas_preferenciais_2024.1.xlsx,/Users/robertdrey/Documents/workspace/development/alocador_de_salas,resultados/experimentos/2024_1/hibridas_dia_turno_curso_pares/dia_turno_curso_pares_init180.sol,resultados/experimentos/2024_1/hibridas_dia_turno_curso_pares/dia_turno_curso_pares_init180.csv,resultados/experimentos/2024_1/hibridas_dia_turno_curso_pares/dia_turno_curso_pares_init180.json,dia_turno_curso -> par_cursos,alfabetica,,alfabetica,,180.0,1,180.0,600.0,1,0,CICLO_SEM_MELHORIA,3,,,
3,5,13,dia_turno_curso,2_T_LET,67,19228,75762,OPTIMAL,185264.5,185264.5,False,185264.5,2.97,2.66,600.0,2,T,LET,alfabetica,,1,True,True,CICLO_SEM_MELHORIA,iteracao,hibrida_dia_turno_curso_pares,180.0,180.0,600.0,14400.0,False,False,alfabetica,,alfabetica,,./dados/2024_1/horarios_2024_1.xlsx,./dados/2024_1/salas_2024_1.csv,./dados/2024_1/salas_preferenciais_2024.1.xlsx,/Users/robertdrey/Documents/workspace/development/alocador_de_salas,resultados/experimentos/2024_1/hibridas_dia_turno_curso_pares/dia_turno_curso_pares_init180.sol,resultados/experimentos/2024_1/hibridas_dia_turno_curso_pares/dia_turno_curso_pares_init180.csv,resultados/experimentos/2024_1/hibridas_dia_turno_curso_pares/dia_turno_curso_pares_init180.json,dia_turno_curso -> par_cursos,alfabetica,,alfabetica,,180.0,1,180.0,600.0,1,0,CICLO_SEM_MELHORIA,3,,,
3,5,14,dia_turno_curso,2_T_MAT,56,16606,78384,OPTIMAL,185264.5,185264.5,False,185264.5,1.57,1.27,600.0,2,T,MAT,alfabetica,,1,True,True,CICLO_SEM_MELHORIA,iteracao,hibrida_dia_turno_curso_pares,180.0,180.0,600.0,14400.0,False,False,alfabetica,,alfabetica,,./dados/2024_1/horarios_2024_1.xlsx,./dados/2024_1/salas_2024_1.csv,./dados/2024_1/salas_preferenciais_2024.1.xlsx,/Users/robertdrey/Documents/workspace/development/alocador_de_salas,resultados/experimentos/2024_1/hibridas_dia_turno_curso_pares/dia_turno_curso_pares_init180.sol,resultados/experimentos/2024_1/hibridas_dia_turno_curso_pares/dia_turno_curso_pares_init180.csv,resultados/experimentos/2024_1/hibridas_dia_turno_curso_pares/dia_turno_curso_pares_init180.json,dia_turno_curso -> par_cursos,alfabetica,,alfabetica,,180.0,1,180.0,600.0,1,0,CICLO_SEM_MELHORIA,3,,,
3,5,15,dia_turno_curso,2_T_MED,71,20286,74704,OPTIMAL,185264.5,185264.5,False,185264.5,2.71,2.41,600.0,2,T,MED,alfabetica,,1,True,True,CICLO_SEM_MELHORIA,iteracao,hibrida_dia_turno_curso_pares,180.0,180.0,600.0,14400.0,False,False,alfabetica,,alfabetica,,./dados/2024_1/horarios_2024_1.xlsx,./dados/2024_1/salas_2024_1.csv,./dados/2024_1/salas_preferenciais_2024.1.xlsx,/Users/robertdrey/Documents/workspace/development/alocador_de_salas,resultados/experimentos/2024_1/hibridas_dia_turno_curso_pares/dia_turno_curso_pares_init180.sol,resultados/experimentos/2024_1/hibridas_dia_turno_curso_pares/dia_turno_curso_pares_init180.csv,resultados/experimentos/2024_1/hibridas_dia_turno_curso_pares/dia_turno_curso_pares_init180.json,dia_turno_curso -> par_cursos,alfabetica,,alfabetica,,180.0,1,180.0,600.0,1,0,CICLO_SEM_MELHORIA,3,,,
3,5,16,dia_turno_curso,2_N_ADM,85,18078,76912,OPTIMAL,185264.5,185264.5,False,185264.5,2.32,2.02,600.0,2,N,ADM,alfabetica,,1,True,True,CICLO_SEM_MELHORIA,iteracao,hibrida_dia_turno_curso_pares,180.0,180.0,600.0,14400.0,False,False,alfabetica,,alfabetica,,./dados/2024_1/horarios_2024_1.xlsx,./dados/2024_1/salas_2024_1.csv,./dados/2024_1/salas_preferenciais_2024.1.xlsx,/Users/robertdrey/Documents/workspace/development/alocador_de_salas,resultados/experimentos/2024_1/hibridas_dia_turno_curso_pares/dia_turno_curso_pares_init180.sol,resultados/experimentos/2024_1/hibridas_dia_turno_curso_pares/dia_turno_curso_pares_init180.csv,resultados/experimentos/2024_1/hibridas_dia_turno_curso_pares/dia_turno_curso_pares_init180.json,dia_turno_curso -> par_cursos,alfabetica,,alfabetica,,180.0,1,180.0,600.0,1,0,CICLO_SEM_MELHORIA,3,,,
3,5,17,dia_turno_curso,2_N_CC,83,19136,75854,OPTIMAL,185264.5,185264.5,False,185264.5,4.92,4.61,600.0,2,N,CC,alfabetica,,1,True,True,CICLO_SEM_MELHORIA,iteracao,hibrida_dia_turno_curso_pares,180.0,180.0,600.0,14400.0,False,False,alfabetica,,alfabetica,,./dados/2024_1/horarios_2024_1.xlsx,./dados/2024_1/salas_2024_1.csv,./dados/2024_1/salas_preferenciais_2024.1.xlsx,/Users/robertdrey/Documents/workspace/development/alocador_de_salas,resultados/experimentos/2024_1/hibridas_dia_turno_curso_pares/dia_turno_curso_pares_init180.sol,resultados/experimentos/2024_1/hibridas_dia_turno_curso_pares/dia_turno_curso_pares_init180.csv,resultados/experimentos/2024_1/hibridas_dia_turno_curso_pares/dia_turno_curso_pares_init180.json,dia_turno_curso -> par_cursos,alfabetica,,alfabetica,,180.0,1,180.0,600.0,1,0,CICLO_SEM_MELHORIA,3,,,
3,5,18,dia_turno_curso,2_N_CS,59,13248,81742,OPTIMAL,185264.5,185264.5,False,185264.5,1.92,1.61,600.0,2,N,CS,alfabetica,,1,True,True,CICLO_SEM_MELHORIA,iteracao,hibrida_dia_turno_curso_pares,180.0,180.0,600.0,14400.0,False,False,alfabetica,,alfabetica,,./dados/2024_1/horarios_2024_1.xlsx,./dados/2024_1/salas_2024_1.csv,./dados/2024_1/salas_preferenciais_2024.1.xlsx,/Users/robertdrey/Documents/workspace/development/alocador_de_salas,resultados/experimentos/2024_1/hibridas_dia_turno_curso_pares/dia_turno_curso_pares_init180.sol,resultados/experimentos/2024_1/hibridas_dia_turno_curso_pares/dia_turno_curso_pares_init180.csv,resultados/experimentos/2024_1/hibridas_dia_turno_curso_pares/dia_turno_curso_pares_init180.json,dia_turno_curso -> par_cursos,alfabetica,,alfabetica,,180.0,1,180.0,600.0,1,0,CICLO_SEM_MELHORIA,3,,,
3,5,19,dia_turno_curso,2_N_EAS,85,16376,78614,OPTIMAL,185264.5,185264.5,False,185264.5,1.89,1.59,600.0,2,N,EAS,alfabetica,,1,True,True,CICLO_SEM_MELHORIA,iteracao,hibrida_dia_turno_curso_pares,180.0,180.0,600.0,14400.0,False,False,alfabetica,,alfabetica,,./dados/2024_1/horarios_2024_1.xlsx,./dados/2024_1/salas_2024_1.csv,./dados/2024_1/salas_preferenciais_2024.1.xlsx,/Users/robertdrey/Documents/workspace/development/alocador_de_salas,resultados/experimentos/2024_1/hibridas_dia_turno_curso_pares/dia_turno_curso_pares_init180.sol,resultados/experimentos/2024_1/hibridas_dia_turno_curso_pares/dia_turno_curso_pares_init180.csv,resultados/experimentos/2024_1/hibridas_dia_turno_curso_pares/dia_turno_curso_pares_init180.json,dia_turno_curso -> par_cursos,alfabetica,,alfabetica,,180.0,1,180.0,600.0,1,0,CICLO_SEM_MELHORIA,3,,,
3,5,20,dia_turno_curso,2_N_FIL,53,11730,83260,OPTIMAL,185264.5,185264.5,False,185264.5,1.6,1.3,600.0,2,N,FIL,alfabetica,,1,True,True,CICLO_SEM_MELHORIA,iteracao,hibrida_dia_turno_curso_pares,180.0,180.0,600.0,14400.0,False,False,alfabetica,,alfabetica,,./dados/2024_1/horarios_2024_1.xlsx,./dados/2024_1/salas_2024_1.csv,./dados/2024_1/salas_preferenciais_2024.1.xlsx,/Users/robertdrey/Documents/workspace/development/alocador_de_salas,resultados/experimentos/2024_1/hibridas_dia_turno_curso_pares/dia_turno_curso_pares_init180.sol,resultados/experimentos/2024_1/hibridas_dia_turno_curso_pares/dia_turno_curso_pares_init180.csv,resultados/experimentos/2024_1/hibridas_dia_turno_curso_pares/dia_turno_curso_pares_init180.json,dia_turno_curso -> par_cursos,alfabetica,,alfabetica,,180.0,1,180.0,600.0,1,0,CICLO_SEM_MELHORIA,3,,,
3,5,21,dia_turno_curso,2_N_GEO,48,10994,83996,OPTIMAL,185264.5,185264.5,False,185264.5,1.56,1.25,600.0,2,N,GEO,alfabetica,,1,True,True,CICLO_SEM_MELHORIA,iteracao,hibrida_dia_turno_curso_pares,180.0,180.0,600.0,14400.0,False,False,alfabetica,,alfabetica,,./dados/2024_1/horarios_2024_1.xlsx,./dados/2024_1/salas_2024_1.csv,./dados/2024_1/salas_preferenciais_2024.1.xlsx,/Users/robertdrey/Documents/workspace/development/alocador_de_salas,resultados/experimentos/2024_1/hibridas_dia_turno_curso_pares/dia_turno_curso_pares_init180.sol,resultados/experimentos/2024_1/hibridas_dia_turno_curso_pares/dia_turno_curso_pares_init180.csv,resultados/experimentos/2024_1/hibridas_dia_turno_curso_pares/dia_turno_curso_pares_init180.json,dia_turno_curso -> par_cursos,alfabetica,,alfabetica,,180.0,1,180.0,600.0,1,0,CICLO_SEM_MELHORIA,3,,,
3,5,22,dia_turno_curso,2_N_HIS,61,13570,81420,OPTIMAL,185264.5,185264.5,False,185264.5,2.04,1.74,600.0,2,N,HIS,alfabetica,,1,True,True,CICLO_SEM_MELHORIA,iteracao,hibrida_dia_turno_curso_pares,180.0,180.0,600.0,14400.0,False,False,alfabetica,,alfabetica,,./dados/2024_1/horarios_2024_1.xlsx,./dados/2024_1/salas_2024_1.csv,./dados/2024_1/salas_preferenciais_2024.1.xlsx,/Users/robertdrey/Documents/workspace/development/alocador_de_salas,resultados/experimentos/2024_1/hibridas_dia_turno_curso_pares/dia_turno_curso_pares_init180.sol,resultados/experimentos/2024_1/hibridas_dia_turno_curso_pares/dia_turno_curso_pares_init180.csv,resultados/experimentos/2024_1/hibridas_dia_turno_curso_pares/dia_turno_curso_pares_init180.json,dia_turno_curso -> par_cursos,alfabetica,,alfabetica,,180.0,1,180.0,600.0,1,0,CICLO_SEM_MELHORIA,3,,,
3,5,23,dia_turno_curso,2_N_LET,71,16790,78200,OPTIMAL,185264.5,185264.5,False,185264.5,3.16,2.86,600.0,2,N,LET,alfabetica,,1,True,True,CICLO_SEM_MELHORIA,iteracao,hibrida_dia_turno_curso_pares,180.0,180.0,600.0,14400.0,False,False,alfabetica,,alfabetica,,./dados/2024_1/horarios_2024_1.xlsx,./dados/2024_1/salas_2024_1.csv,./dados/2024_1/salas_preferenciais_2024.1.xlsx,/Users/robertdrey/Documents/workspace/development/alocador_de_salas,resultados/experimentos/2024_1/hibridas_dia_turno_curso_pares/dia_turno_curso_pares_init180.sol,resultados/experimentos/2024_1/hibridas_dia_turno_curso_pares/dia_turno_curso_pares_init180.csv,resultados/experimentos/2024_1/hibridas_dia_turno_curso_pares/dia_turno_curso_pares_init180.json,dia_turno_curso -> par_cursos,alfabetica,,alfabetica,,180.0,1,180.0,600.0,1,0,CICLO_SEM_MELHORIA,3,,,
3,5,24,dia_turno_curso,2_N_MAT,60,13386,81604,OPTIMAL,185264.5,185264.5,False,185264.5,1.52,1.22,600.0,2,N,MAT,alfabetica,,1,True,True,CICLO_SEM_MELHORIA,iteracao,hibrida_dia_turno_curso_pares,180.0,180.0,600.0,14400.0,False,False,alfabetica,,alfabetica,,./dados/2024_1/horarios_2024_1.xlsx,./dados/2024_1/salas_2024_1.csv,./dados/2024_1/salas_preferenciais_2024.1.xlsx,/Users/robertdrey/Documents/workspace/development/alocador_de_salas,resultados/experimentos/2024_1/hibridas_dia_turno_curso_pares/dia_turno_curso_pares_init180.sol,resultados/experimentos/2024_1/hibridas_dia_turno_curso_pares/dia_turno_curso_pares_init180.csv,resultados/experimentos/2024_1/hibridas_dia_turno_curso_pares/dia_turno_curso_pares_init180.json,dia_turno_curso -> par_cursos,alfabetica,,alfabetica,,180.0,1,180.0,600.0,1,0,CICLO_SEM_MELHORIA,3,,,
3,5,25,dia_turno_curso,2_N_MED,81,18630,76360,OPTIMAL,185264.5,185264.5,False,185264.5,1.99,1.69,600.0,2,N,MED,alfabetica,,1,True,True,CICLO_SEM_MELHORIA,iteracao,hibrida_dia_turno_curso_pares,180.0,180.0,600.0,14400.0,False,False,alfabetica,,alfabetica,,./dados/2024_1/horarios_2024_1.xlsx,./dados/2024_1/salas_2024_1.csv,./dados/2024_1/salas_preferenciais_2024.1.xlsx,/Users/robertdrey/Documents/workspace/development/alocador_de_salas,resultados/experimentos/2024_1/hibridas_dia_turno_curso_pares/dia_turno_curso_pares_init180.sol,resultados/experimentos/2024_1/hibridas_dia_turno_curso_pares/dia_turno_curso_pares_init180.csv,resultados/experimentos/2024_1/hibridas_dia_turno_curso_pares/dia_turno_curso_pares_init180.json,dia_turno_curso -> par_cursos,alfabetica,,alfabetica,,180.0,1,180.0,600.0,1,0,CICLO_SEM_MELHORIA,3,,,
3,5,26,dia_turno_curso,2_N_PED,91,21022,73968,OPTIMAL,185264.5,185264.5,False,185264.5,40.77,40.47,600.0,2,N,PED,alfabetica,,1,True,True,CICLO_SEM_MELHORIA,iteracao,hibrida_dia_turno_curso_pares,180.0,180.0,600.0,14400.0,False,False,alfabetica,,alfabetica,,./dados/2024_1/horarios_2024_1.xlsx,./dados/2024_1/salas_2024_1.csv,./dados/2024_1/salas_preferenciais_2024.1.xlsx,/Users/robertdrey/Documents/workspace/development/alocador_de_salas,resultados/experimentos/2024_1/hibridas_dia_turno_curso_pares/dia_turno_curso_pares_init180.sol,resultados/experimentos/2024_1/hibridas_dia_turno_curso_pares/dia_turno_curso_pares_init180.csv,resultados/experimentos/2024_1/hibridas_dia_turno_curso_pares/dia_turno_curso_pares_init180.json,dia_turno_curso -> par_cursos,alfabetica,,alfabetica,,180.0,1,180.0,600.0,1,0,CICLO_SEM_MELHORIA,3,,,
3,5,27,dia_turno_curso,3_M_ADM,79,18676,76314,OPTIMAL,185264.5,185264.5,False,185264.5,2.45,2.14,600.0,3,M,ADM,alfabetica,,1,True,True,CICLO_SEM_MELHORIA,iteracao,hibrida_dia_turno_curso_pares,180.0,180.0,600.0,14400.0,False,False,alfabetica,,alfabetica,,./dados/2024_1/horarios_2024_1.xlsx,./dados/2024_1/salas_2024_1.csv,./dados/2024_1/salas_preferenciais_2024.1.xlsx,/Users/robertdrey/Documents/workspace/development/alocador_de_salas,resultados/experimentos/2024_1/hibridas_dia_turno_curso_pares/dia_turno_curso_pares_init180.sol,resultados/experimentos/2024_1/hibridas_dia_turno_curso_pares/dia_turno_curso_pares_init180.csv,resultados/experimentos/2024_1/hibridas_dia_turno_curso_pares/dia_turno_curso_pares_init180.json,dia_turno_curso -> par_cursos,alfabetica,,alfabetica,,180.0,1,180.0,600.0,1,0,CICLO_SEM_MELHORIA,3,,,
3,5,28,dia_turno_curso,3_M_AGRO,77,16514,78476,OPTIMAL,185264.5,185264.5,False,185264.5,14.5,14.2,600.0,3,M,AGRO,alfabetica,,1,True,True,CICLO_SEM_MELHORIA,iteracao,hibrida_dia_turno_curso_pares,180.0,180.0,600.0,14400.0,False,False,alfabetica,,alfabetica,,./dados/2024_1/horarios_2024_1.xlsx,./dados/2024_1/salas_2024_1.csv,./dados/2024_1/salas_preferenciais_2024.1.xlsx,/Users/robertdrey/Documents/workspace/development/alocador_de_salas,resultados/experimentos/2024_1/hibridas_dia_turno_curso_pares/dia_turno_curso_pares_init180.sol,resultados/experimentos/2024_1/hibridas_dia_turno_curso_pares/dia_turno_curso_pares_init180.csv,resultados/experimentos/2024_1/hibridas_dia_turno_curso_pares/dia_turno_curso_pares_init180.json,dia_turno_curso -> par_cursos,alfabetica,,alfabetica,,180.0,1,180.0,600.0,1,0,CICLO_SEM_MELHORIA,3,,,
3,5,29,dia_turno_curso,3_M_EAS,75,16928,78062,OPTIMAL,185264.5,185264.5,False,185264.5,2.89,2.58,600.0,3,M,EAS,alfabetica,,1,True,True,CICLO_SEM_MELHORIA,iteracao,hibrida_dia_turno_curso_pares,180.0,180.0,600.0,14400.0,False,False,alfabetica,,alfabetica,,./dados/2024_1/horarios_2024_1.xlsx,./dados/2024_1/salas_2024_1.csv,./dados/2024_1/salas_preferenciais_2024.1.xlsx,/Users/robertdrey/Documents/workspace/development/alocador_de_salas,resultados/experimentos/2024_1/hibridas_dia_turno_curso_pares/dia_turno_curso_pares_init180.sol,resultados/experimentos/2024_1/hibridas_dia_turno_curso_pares/dia_turno_curso_pares_init180.csv,resultados/experimentos/2024_1/hibridas_dia_turno_curso_pares/dia_turno_curso_pares_init180.json,dia_turno_curso -> par_cursos,alfabetica,,alfabetica,,180.0,1,180.0,600.0,1,0,CICLO_SEM_MELHORIA,3,,,
3,5,30,dia_turno_curso,3_M_ENF,49,15640,79350,OPTIMAL,185264.5,185264.5,False,185264.5,3.97,3.66,600.0,3,M,ENF,alfabetica,,1,True,True,CICLO_SEM_MELHORIA,iteracao,hibrida_dia_turno_curso_pares,180.0,180.0,600.0,14400.0,False,False,alfabetica,,alfabetica,,./dados/2024_1/horarios_2024_1.xlsx,./dados/2024_1/salas_2024_1.csv,./dados/2024_1/salas_preferenciais_2024.1.xlsx,/Users/robertdrey/Documents/workspace/development/alocador_de_salas,resultados/experimentos/2024_1/hibridas_dia_turno_curso_pares/dia_turno_curso_pares_init180.sol,resultados/experimentos/2024_1/hibridas_dia_turno_curso_pares/dia_turno_curso_pares_init180.csv,resultados/experimentos/2024_1/hibridas_dia_turno_curso_pares/dia_turno_curso_pares_init180.json,dia_turno_curso -> par_cursos,alfabetica,,alfabetica,,180.0,1,180.0,600.0,1,0,CICLO_SEM_MELHORIA,3,,,
3,5,31,dia_turno_curso,3_M_MED,73,18492,76498,OPTIMAL,185264.5,185264.5,False,185264.5,3.2,2.87,600.0,3,M,MED,alfabetica,,1,True,True,CICLO_SEM_MELHORIA,iteracao,hibrida_dia_turno_curso_pares,180.0,180.0,600.0,14400.0,False,False,alfabetica,,alfabetica,,./dados/2024_1/horarios_2024_1.xlsx,./dados/2024_1/salas_2024_1.csv,./dados/2024_1/salas_preferenciais_2024.1.xlsx,/Users/robertdrey/Documents/workspace/development/alocador_de_salas,resultados/experimentos/2024_1/hibridas_dia_turno_curso_pares/dia_turno_curso_pares_init180.sol,resultados/experimentos/2024_1/hibridas_dia_turno_curso_pares/dia_turno_curso_pares_init180.csv,resultados/experimentos/2024_1/hibridas_dia_turno_curso_pares/dia_turno_curso_pares_init180.json,dia_turno_curso -> par_cursos,alfabetica,,alfabetica,,180.0,1,180.0,600.0,1,0,CICLO_SEM_MELHORIA,3,,,
3,5,32,dia_turno_curso,3_M_PED,86,22126,72864,OPTIMAL,185264.5,185264.5,False,185264.5,41.26,40.95,600.0,3,M,PED,alfabetica,,1,True,True,CICLO_SEM_MELHORIA,iteracao,hibrida_dia_turno_curso_pares,180.0,180.0,600.0,14400.0,False,False,alfabetica,,alfabetica,,./dados/2024_1/horarios_2024_1.xlsx,./dados/2024_1/salas_2024_1.csv,./dados/2024_1/salas_preferenciais_2024.1.xlsx,/Users/robertdrey/Documents/workspace/development/alocador_de_salas,resultados/experimentos/2024_1/hibridas_dia_turno_curso_pares/dia_turno_curso_pares_init180.sol,resultados/experimentos/2024_1/hibridas_dia_turno_curso_pares/dia_turno_curso_pares_init180.csv,resultados/experimentos/2024_1/hibridas_dia_turno_curso_pares/dia_turno_curso_pares_init180.json,dia_turno_curso -> par_cursos,alfabetica,,alfabetica,,180.0,1,180.0,600.0,1,0,CICLO_SEM_MELHORIA,3,,,
3,5,33,dia_turno_curso,3_T_AGRO,82,19872,75118,OPTIMAL,185264.5,185264.5,False,185264.5,11.29,10.98,600.0,3,T,AGRO,alfabetica,,1,True,True,CICLO_SEM_MELHORIA,iteracao,hibrida_dia_turno_curso_pares,180.0,180.0,600.0,14400.0,False,False,alfabetica,,alfabetica,,./dados/2024_1/horarios_2024_1.xlsx,./dados/2024_1/salas_2024_1.csv,./dados/2024_1/salas_preferenciais_2024.1.xlsx,/Users/robertdrey/Documents/workspace/development/alocador_de_salas,resultados/experimentos/2024_1/hibridas_dia_turno_curso_pares/dia_turno_curso_pares_init180.sol,resultados/experimentos/2024_1/hibridas_dia_turno_curso_pares/dia_turno_curso_pares_init180.csv,resultados/experimentos/2024_1/hibridas_dia_turno_curso_pares/dia_turno_curso_pares_init180.json,dia_turno_curso -> par_cursos,alfabetica,,alfabetica,,180.0,1,180.0,600.0,1,0,CICLO_SEM_MELHORIA,3,,,
3,5,34,dia_turno_curso,3_T_CC,71,19964,75026,OPTIMAL,185264.5,185264.5,False,185264.5,3.09,2.79,600.0,3,T,CC,alfabetica,,1,True,True,CICLO_SEM_MELHORIA,iteracao,hibrida_dia_turno_curso_pares,180.0,180.0,600.0,14400.0,False,False,alfabetica,,alfabetica,,./dados/2024_1/horarios_2024_1.xlsx,./dados/2024_1/salas_2024_1.csv,./dados/2024_1/salas_preferenciais_2024.1.xlsx,/Users/robertdrey/Documents/workspace/development/alocador_de_salas,resultados/experimentos/2024_1/hibridas_dia_turno_curso_pares/dia_turno_curso_pares_init180.sol,resultados/experimentos/2024_1/hibridas_dia_turno_curso_pares/dia_turno_curso_pares_init180.csv,resultados/experimentos/2024_1/hibridas_dia_turno_curso_pares/dia_turno_curso_pares_init180.json,dia_turno_curso -> par_cursos,alfabetica,,alfabetica,,180.0,1,180.0,600.0,1,0,CICLO_SEM_MELHORIA,3,,,
3,5,35,dia_turno_curso,3_T_EAS,74,17848,77142,OPTIMAL,185264.5,185264.5,False,185264.5,1.61,1.29,600.0,3,T,EAS,alfabetica,,1,True,True,CICLO_SEM_MELHORIA,iteracao,hibrida_dia_turno_curso_pares,180.0,180.0,600.0,14400.0,False,False,alfabetica,,alfabetica,,./dados/2024_1/horarios_2024_1.xlsx,./dados/2024_1/salas_2024_1.csv,./dados/2024_1/salas_preferenciais_2024.1.xlsx,/Users/robertdrey/Documents/workspace/development/alocador_de_salas,resultados/experimentos/2024_1/hibridas_dia_turno_curso_pares/dia_turno_curso_pares_init180.sol,resultados/experimentos/2024_1/hibridas_dia_turno_curso_pares/dia_turno_curso_pares_init180.csv,resultados/experimentos/2024_1/hibridas_dia_turno_curso_pares/dia_turno_curso_pares_init180.json,dia_turno_curso -> par_cursos,alfabetica,,alfabetica,,180.0,1,180.0,600.0,1,0,CICLO_SEM_MELHORIA,3,,,
3,5,36,dia_turno_curso,3_T_ENF,47,16146,78844,OPTIMAL,185264.5,185264.5,False,185264.5,2.71,2.4,600.0,3,T,ENF,alfabetica,,1,True,True,CICLO_SEM_MELHORIA,iteracao,hibrida_dia_turno_curso_pares,180.0,180.0,600.0,14400.0,False,False,alfabetica,,alfabetica,,./dados/2024_1/horarios_2024_1.xlsx,./dados/2024_1/salas_2024_1.csv,./dados/2024_1/salas_preferenciais_2024.1.xlsx,/Users/robertdrey/Documents/workspace/development/alocador_de_salas,resultados/experimentos/2024_1/hibridas_dia_turno_curso_pares/dia_turno_curso_pares_init180.sol,resultados/experimentos/2024_1/hibridas_dia_turno_curso_pares/dia_turno_curso_pares_init180.csv,resultados/experimentos/2024_1/hibridas_dia_turno_curso_pares/dia_turno_curso_pares_init180.json,dia_turno_curso -> par_cursos,alfabetica,,alfabetica,,180.0,1,180.0,600.0,1,0,CICLO_SEM_MELHORIA,3,,,
3,5,37,dia_turno_curso,3_T_GEO,43,13524,81466,OPTIMAL,185264.5,185264.5,False,185264.5,1.12,0.8,600.0,3,T,GEO,alfabetica,,1,True,True,CICLO_SEM_MELHORIA,iteracao,hibrida_dia_turno_curso_pares,180.0,180.0,600.0,14400.0,False,False,alfabetica,,alfabetica,,./dados/2024_1/horarios_2024_1.xlsx,./dados/2024_1/salas_2024_1.csv,./dados/2024_1/salas_preferenciais_2024.1.xlsx,/Users/robertdrey/Documents/workspace/development/alocador_de_salas,resultados/experimentos/2024_1/hibridas_dia_turno_curso_pares/dia_turno_curso_pares_init180.sol,resultados/experimentos/2024_1/hibridas_dia_turno_curso_pares/dia_turno_curso_pares_init180.csv,resultados/experimentos/2024_1/hibridas_dia_turno_curso_pares/dia_turno_curso_pares_init180.json,dia_turno_curso -> par_cursos,alfabetica,,alfabetica,,180.0,1,180.0,600.0,1,0,CICLO_SEM_MELHORIA,3,,,
3,5,38,dia_turno_curso,3_T_LET,67,19090,75900,OPTIMAL,185264.5,185264.5,False,185264.5,2.0,1.7,600.0,3,T,LET,alfabetica,,1,True,True,CICLO_SEM_MELHORIA,iteracao,hibrida_dia_turno_curso_pares,180.0,180.0,600.0,14400.0,False,False,alfabetica,,alfabetica,,./dados/2024_1/horarios_2024_1.xlsx,./dados/2024_1/salas_2024_1.csv,./dados/2024_1/salas_preferenciais_2024.1.xlsx,/Users/robertdrey/Documents/workspace/development/alocador_de_salas,resultados/experimentos/2024_1/hibridas_dia_turno_curso_pares/dia_turno_curso_pares_init180.sol,resultados/experimentos/2024_1/hibridas_dia_turno_curso_pares/dia_turno_curso_pares_init180.csv,resultados/experimentos/2024_1/hibridas_dia_turno_curso_pares/dia_turno_curso_pares_init180.json,dia_turno_curso -> par_cursos,alfabetica,,alfabetica,,180.0,1,180.0,600.0,1,0,CICLO_SEM_MELHORIA,3,,,
3,5,39,dia_turno_curso,3_T_MED,68,19504,75486,OPTIMAL,185264.5,185264.5,False,185264.5,2.66,2.36,600.0,3,T,MED,alfabetica,,1,True,True,CICLO_SEM_MELHORIA,iteracao,hibrida_dia_turno_curso_pares,180.0,180.0,600.0,14400.0,False,False,alfabetica,,alfabetica,,./dados/2024_1/horarios_2024_1.xlsx,./dados/2024_1/salas_2024_1.csv,./dados/2024_1/salas_preferenciais_2024.1.xlsx,/Users/robertdrey/Documents/workspace/development/alocador_de_salas,resultados/experimentos/2024_1/hibridas_dia_turno_curso_pares/dia_turno_curso_pares_init180.sol,resultados/experimentos/2024_1/hibridas_dia_turno_curso_pares/dia_turno_curso_pares_init180.csv,resultados/experimentos/2024_1/hibridas_dia_turno_curso_pares/dia_turno_curso_pares_init180.json,dia_turno_curso -> par_cursos,alfabetica,,alfabetica,,180.0,1,180.0,600.0,1,0,CICLO_SEM_MELHORIA,3,,,
3,5,40,dia_turno_curso,3_N_ADM,84,16468,78522,OPTIMAL,185264.5,185264.5,False,185264.5,2.21,1.91,600.0,3,N,ADM,alfabetica,,1,True,True,CICLO_SEM_MELHORIA,iteracao,hibrida_dia_turno_curso_pares,180.0,180.0,600.0,14400.0,False,False,alfabetica,,alfabetica,,./dados/2024_1/horarios_2024_1.xlsx,./dados/2024_1/salas_2024_1.csv,./dados/2024_1/salas_preferenciais_2024.1.xlsx,/Users/robertdrey/Documents/workspace/development/alocador_de_salas,resultados/experimentos/2024_1/hibridas_dia_turno_curso_pares/dia_turno_curso_pares_init180.sol,resultados/experimentos/2024_1/hibridas_dia_turno_curso_pares/dia_turno_curso_pares_init180.csv,resultados/experimentos/2024_1/hibridas_dia_turno_curso_pares/dia_turno_curso_pares_init180.json,dia_turno_curso -> par_cursos,alfabetica,,alfabetica,,180.0,1,180.0,600.0,1,0,CICLO_SEM_MELHORIA,3,,,
3,5,41,dia_turno_curso,3_N_CC,81,17342,77648,OPTIMAL,185264.5,185264.5,False,185264.5,4.32,4.01,600.0,3,N,CC,alfabetica,,1,True,True,CICLO_SEM_MELHORIA,iteracao,hibrida_dia_turno_curso_pares,180.0,180.0,600.0,14400.0,False,False,alfabetica,,alfabetica,,./dados/2024_1/horarios_2024_1.xlsx,./dados/2024_1/salas_2024_1.csv,./dados/2024_1/salas_preferenciais_2024.1.xlsx,/Users/robertdrey/Documents/workspace/development/alocador_de_salas,resultados/experimentos/2024_1/hibridas_dia_turno_curso_pares/dia_turno_curso_pares_init180.sol,resultados/experimentos/2024_1/hibridas_dia_turno_curso_pares/dia_turno_curso_pares_init180.csv,resultados/experimentos/2024_1/hibridas_dia_turno_curso_pares/dia_turno_curso_pares_init180.json,dia_turno_curso -> par_cursos,alfabetica,,alfabetica,,180.0,1,180.0,600.0,1,0,CICLO_SEM_MELHORIA,3,,,
3,5,42,dia_turno_curso,3_N_CS,57,11546,83444,OPTIMAL,185264.5,185264.5,False,185264.5,1.93,1.61,600.0,3,N,CS,alfabetica,,1,True,True,CICLO_SEM_MELHORIA,iteracao,hibrida_dia_turno_curso_pares,180.0,180.0,600.0,14400.0,False,False,alfabetica,,alfabetica,,./dados/2024_1/horarios_2024_1.xlsx,./dados/2024_1/salas_2024_1.csv,./dados/2024_1/salas_preferenciais_2024.1.xlsx,/Users/robertdrey/Documents/workspace/development/alocador_de_salas,resultados/experimentos/2024_1/hibridas_dia_turno_curso_pares/dia_turno_curso_pares_init180.sol,resultados/experimentos/2024_1/hibridas_dia_turno_curso_pares/dia_turno_curso_pares_init180.csv,resultados/experimentos/2024_1/hibridas_dia_turno_curso_pares/dia_turno_curso_pares_init180.json,dia_turno_curso -> par_cursos,alfabetica,,alfabetica,,180.0,1,180.0,600.0,1,0,CICLO_SEM_MELHORIA,3,,,
3,5,43,dia_turno_curso,3_N_EAS,84,15180,79810,OPTIMAL,185264.5,185264.5,False,185264.5,1.88,1.58,600.0,3,N,EAS,alfabetica,,1,True,True,CICLO_SEM_MELHORIA,iteracao,hibrida_dia_turno_curso_pares,180.0,180.0,600.0,14400.0,False,False,alfabetica,,alfabetica,,./dados/2024_1/horarios_2024_1.xlsx,./dados/2024_1/salas_2024_1.csv,./dados/2024_1/salas_preferenciais_2024.1.xlsx,/Users/robertdrey/Documents/workspace/development/alocador_de_salas,resultados/experimentos/2024_1/hibridas_dia_turno_curso_pares/dia_turno_curso_pares_init180.sol,resultados/experimentos/2024_1/hibridas_dia_turno_curso_pares/dia_turno_curso_pares_init180.csv,resultados/experimentos/2024_1/hibridas_dia_turno_curso_pares/dia_turno_curso_pares_init180.json,dia_turno_curso -> par_cursos,alfabetica,,alfabetica,,180.0,1,180.0,600.0,1,0,CICLO_SEM_MELHORIA,3,,,
3,5,44,dia_turno_curso,3_N_FIL,53,10304,84686,OPTIMAL,185264.5,185264.5,False,185264.5,1.57,1.27,600.0,3,N,FIL,alfabetica,,1,True,True,CICLO_SEM_MELHORIA,iteracao,hibrida_dia_turno_curso_pares,180.0,180.0,600.0,14400.0,False,False,alfabetica,,alfabetica,,./dados/2024_1/horarios_2024_1.xlsx,./dados/2024_1/salas_2024_1.csv,./dados/2024_1/salas_preferenciais_2024.1.xlsx,/Users/robertdrey/Documents/workspace/development/alocador_de_salas,resultados/experimentos/2024_1/hibridas_dia_turno_curso_pares/dia_turno_curso_pares_init180.sol,resultados/experimentos/2024_1/hibridas_dia_turno_curso_pares/dia_turno_curso_pares_init180.csv,resultados/experimentos/2024_1/hibridas_dia_turno_curso_pares/dia_turno_curso_pares_init180.json,dia_turno_curso -> par_cursos,alfabetica,,alfabetica,,180.0,1,180.0,600.0,1,0,CICLO_SEM_MELHORIA,3,,,
3,5,45,dia_turno_curso,3_N_GEO,48,9568,85422,OPTIMAL,185264.5,185264.5,False,185264.5,1.65,1.33,600.0,3,N,GEO,alfabetica,,1,True,True,CICLO_SEM_MELHORIA,iteracao,hibrida_dia_turno_curso_pares,180.0,180.0,600.0,14400.0,False,False,alfabetica,,alfabetica,,./dados/2024_1/horarios_2024_1.xlsx,./dados/2024_1/salas_2024_1.csv,./dados/2024_1/salas_preferenciais_2024.1.xlsx,/Users/robertdrey/Documents/workspace/development/alocador_de_salas,resultados/experimentos/2024_1/hibridas_dia_turno_curso_pares/dia_turno_curso_pares_init180.sol,resultados/experimentos/2024_1/hibridas_dia_turno_curso_pares/dia_turno_curso_pares_init180.csv,resultados/experimentos/2024_1/hibridas_dia_turno_curso_pares/dia_turno_curso_pares_init180.json,dia_turno_curso -> par_cursos,alfabetica,,alfabetica,,180.0,1,180.0,600.0,1,0,CICLO_SEM_MELHORIA,3,,,
3,5,46,dia_turno_curso,3_N_HIS,60,11960,83030,OPTIMAL,185264.5,185264.5,False,185264.5,1.89,1.58,600.0,3,N,HIS,alfabetica,,1,True,True,CICLO_SEM_MELHORIA,iteracao,hibrida_dia_turno_curso_pares,180.0,180.0,600.0,14400.0,False,False,alfabetica,,alfabetica,,./dados/2024_1/horarios_2024_1.xlsx,./dados/2024_1/salas_2024_1.csv,./dados/2024_1/salas_preferenciais_2024.1.xlsx,/Users/robertdrey/Documents/workspace/development/alocador_de_salas,resultados/experimentos/2024_1/hibridas_dia_turno_curso_pares/dia_turno_curso_pares_init180.sol,resultados/experimentos/2024_1/hibridas_dia_turno_curso_pares/dia_turno_curso_pares_init180.csv,resultados/experimentos/2024_1/hibridas_dia_turno_curso_pares/dia_turno_curso_pares_init180.json,dia_turno_curso -> par_cursos,alfabetica,,alfabetica,,180.0,1,180.0,600.0,1,0,CICLO_SEM_MELHORIA,3,,,
3,5,47,dia_turno_curso,3_N_LET,70,15732,79258,OPTIMAL,185264.5,185264.5,False,185264.5,3.3,2.99,600.0,3,N,LET,alfabetica,,1,True,True,CICLO_SEM_MELHORIA,iteracao,hibrida_dia_turno_curso_pares,180.0,180.0,600.0,14400.0,False,False,alfabetica,,alfabetica,,./dados/2024_1/horarios_2024_1.xlsx,./dados/2024_1/salas_2024_1.csv,./dados/2024_1/salas_preferenciais_2024.1.xlsx,/Users/robertdrey/Documents/workspace/development/alocador_de_salas,resultados/experimentos/2024_1/hibridas_dia_turno_curso_pares/dia_turno_curso_pares_init180.sol,resultados/experimentos/2024_1/hibridas_dia_turno_curso_pares/dia_turno_curso_pares_init180.csv,resultados/experimentos/2024_1/hibridas_dia_turno_curso_pares/dia_turno_curso_pares_init180.json,dia_turno_curso -> par_cursos,alfabetica,,alfabetica,,180.0,1,180.0,600.0,1,0,CICLO_SEM_MELHORIA,3,,,
3,5,48,dia_turno_curso,3_N_MAT,58,11960,83030,OPTIMAL,185264.5,185264.5,False,185264.5,1.69,1.39,600.0,3,N,MAT,alfabetica,,1,True,True,CICLO_SEM_MELHORIA,iteracao,hibrida_dia_turno_curso_pares,180.0,180.0,600.0,14400.0,False,False,alfabetica,,alfabetica,,./dados/2024_1/horarios_2024_1.xlsx,./dados/2024_1/salas_2024_1.csv,./dados/2024_1/salas_preferenciais_2024.1.xlsx,/Users/robertdrey/Documents/workspace/development/alocador_de_salas,resultados/experimentos/2024_1/hibridas_dia_turno_curso_pares/dia_turno_curso_pares_init180.sol,resultados/experimentos/2024_1/hibridas_dia_turno_curso_pares/dia_turno_curso_pares_init180.csv,resultados/experimentos/2024_1/hibridas_dia_turno_curso_pares/dia_turno_curso_pares_init180.json,dia_turno_curso -> par_cursos,alfabetica,,alfabetica,,180.0,1,180.0,600.0,1,0,CICLO_SEM_MELHORIA,3,,,
3,5,49,dia_turno_curso,3_N_PED,91,19504,75486,OPTIMAL,185264.5,185264.5,False,185264.5,45.08,44.77,600.0,3,N,PED,alfabetica,,1,True,True,CICLO_SEM_MELHORIA,iteracao,hibrida_dia_turno_curso_pares,180.0,180.0,600.0,14400.0,False,False,alfabetica,,alfabetica,,./dados/2024_1/horarios_2024_1.xlsx,./dados/2024_1/salas_2024_1.csv,./dados/2024_1/salas_preferenciais_2024.1.xlsx,/Users/robertdrey/Documents/workspace/development/alocador_de_salas,resultados/experimentos/2024_1/hibridas_dia_turno_curso_pares/dia_turno_curso_pares_init180.sol,resultados/experimentos/2024_1/hibridas_dia_turno_curso_pares/dia_turno_curso_pares_init180.csv,resultados/experimentos/2024_1/hibridas_dia_turno_curso_pares/dia_turno_curso_pares_init180.json,dia_turno_curso -> par_cursos,alfabetica,,alfabetica,,180.0,1,180.0,600.0,1,0,CICLO_SEM_MELHORIA,3,,,
3,5,50,dia_turno_curso,4_M_ADM,78,19596,75394,OPTIMAL,185264.5,185264.5,False,185264.5,2.06,1.76,600.0,4,M,ADM,alfabetica,,1,True,True,CICLO_SEM_MELHORIA,iteracao,hibrida_dia_turno_curso_pares,180.0,180.0,600.0,14400.0,False,False,alfabetica,,alfabetica,,./dados/2024_1/horarios_2024_1.xlsx,./dados/2024_1/salas_2024_1.csv,./dados/2024_1/salas_preferenciais_2024.1.xlsx,/Users/robertdrey/Documents/workspace/development/alocador_de_salas,resultados/experimentos/2024_1/hibridas_dia_turno_curso_pares/dia_turno_curso_pares_init180.sol,resultados/experimentos/2024_1/hibridas_dia_turno_curso_pares/dia_turno_curso_pares_init180.csv,resultados/experimentos/2024_1/hibridas_dia_turno_curso_pares/dia_turno_curso_pares_init180.json,dia_turno_curso -> par_cursos,alfabetica,,alfabetica,,180.0,1,180.0,600.0,1,0,CICLO_SEM_MELHORIA,3,,,
3,5,51,dia_turno_curso,4_M_AGRO,77,17710,77280,OPTIMAL,185264.5,185264.5,False,185264.5,26.88,26.58,600.0,4,M,AGRO,alfabetica,,1,True,True,CICLO_SEM_MELHORIA,iteracao,hibrida_dia_turno_curso_pares,180.0,180.0,600.0,14400.0,False,False,alfabetica,,alfabetica,,./dados/2024_1/horarios_2024_1.xlsx,./dados/2024_1/salas_2024_1.csv,./dados/2024_1/salas_preferenciais_2024.1.xlsx,/Users/robertdrey/Documents/workspace/development/alocador_de_salas,resultados/experimentos/2024_1/hibridas_dia_turno_curso_pares/dia_turno_curso_pares_init180.sol,resultados/experimentos/2024_1/hibridas_dia_turno_curso_pares/dia_turno_curso_pares_init180.csv,resultados/experimentos/2024_1/hibridas_dia_turno_curso_pares/dia_turno_curso_pares_init180.json,dia_turno_curso -> par_cursos,alfabetica,,alfabetica,,180.0,1,180.0,600.0,1,0,CICLO_SEM_MELHORIA,3,,,
3,5,52,dia_turno_curso,4_M_CS,56,15180,79810,OPTIMAL,185264.5,185264.5,False,185264.5,1.42,1.11,600.0,4,M,CS,alfabetica,,1,True,True,CICLO_SEM_MELHORIA,iteracao,hibrida_dia_turno_curso_pares,180.0,180.0,600.0,14400.0,False,False,alfabetica,,alfabetica,,./dados/2024_1/horarios_2024_1.xlsx,./dados/2024_1/salas_2024_1.csv,./dados/2024_1/salas_preferenciais_2024.1.xlsx,/Users/robertdrey/Documents/workspace/development/alocador_de_salas,resultados/experimentos/2024_1/hibridas_dia_turno_curso_pares/dia_turno_curso_pares_init180.sol,resultados/experimentos/2024_1/hibridas_dia_turno_curso_pares/dia_turno_curso_pares_init180.csv,resultados/experimentos/2024_1/hibridas_dia_turno_curso_pares/dia_turno_curso_pares_init180.json,dia_turno_curso -> par_cursos,alfabetica,,alfabetica,,180.0,1,180.0,600.0,1,0,CICLO_SEM_MELHORIA,3,,,
3,5,53,dia_turno_curso,4_M_EAS,74,17756,77234,OPTIMAL,185264.5,185264.5,False,185264.5,3.29,2.99,600.0,4,M,EAS,alfabetica,,1,True,True,CICLO_SEM_MELHORIA,iteracao,hibrida_dia_turno_curso_pares,180.0,180.0,600.0,14400.0,False,False,alfabetica,,alfabetica,,./dados/2024_1/horarios_2024_1.xlsx,./dados/2024_1/salas_2024_1.csv,./dados/2024_1/salas_preferenciais_2024.1.xlsx,/Users/robertdrey/Documents/workspace/development/alocador_de_salas,resultados/experimentos/2024_1/hibridas_dia_turno_curso_pares/dia_turno_curso_pares_init180.sol,resultados/experimentos/2024_1/hibridas_dia_turno_curso_pares/dia_turno_curso_pares_init180.csv,resultados/experimentos/2024_1/hibridas_dia_turno_curso_pares/dia_turno_curso_pares_init180.json,dia_turno_curso -> par_cursos,alfabetica,,alfabetica,,180.0,1,180.0,600.0,1,0,CICLO_SEM_MELHORIA,3,,,
3,5,54,dia_turno_curso,4_M_ENF,49,15318,79672,OPTIMAL,185264.5,185264.5,False,185264.5,3.92,3.61,600.0,4,M,ENF,alfabetica,,1,True,True,CICLO_SEM_MELHORIA,iteracao,hibrida_dia_turno_curso_pares,180.0,180.0,600.0,14400.0,False,False,alfabetica,,alfabetica,,./dados/2024_1/horarios_2024_1.xlsx,./dados/2024_1/salas_2024_1.csv,./dados/2024_1/salas_preferenciais_2024.1.xlsx,/Users/robertdrey/Documents/workspace/development/alocador_de_salas,resultados/experimentos/2024_1/hibridas_dia_turno_curso_pares/dia_turno_curso_pares_init180.sol,resultados/experimentos/2024_1/hibridas_dia_turno_curso_pares/dia_turno_curso_pares_init180.csv,resultados/experimentos/2024_1/hibridas_dia_turno_curso_pares/dia_turno_curso_pares_init180.json,dia_turno_curso -> par_cursos,alfabetica,,alfabetica,,180.0,1,180.0,600.0,1,0,CICLO_SEM_MELHORIA,3,,,
3,5,55,dia_turno_curso,4_M_MED,71,19412,75578,OPTIMAL,185264.5,185264.5,False,185264.5,4.06,3.75,600.0,4,M,MED,alfabetica,,1,True,True,CICLO_SEM_MELHORIA,iteracao,hibrida_dia_turno_curso_pares,180.0,180.0,600.0,14400.0,False,False,alfabetica,,alfabetica,,./dados/2024_1/horarios_2024_1.xlsx,./dados/2024_1/salas_2024_1.csv,./dados/2024_1/salas_preferenciais_2024.1.xlsx,/Users/robertdrey/Documents/workspace/development/alocador_de_salas,resultados/experimentos/2024_1/hibridas_dia_turno_curso_pares/dia_turno_curso_pares_init180.sol,resultados/experimentos/2024_1/hibridas_dia_turno_curso_pares/dia_turno_curso_pares_init180.csv,resultados/experimentos/2024_1/hibridas_dia_turno_curso_pares/dia_turno_curso_pares_init180.json,dia_turno_curso -> par_cursos,alfabetica,,alfabetica,,180.0,1,180.0,600.0,1,0,CICLO_SEM_MELHORIA,3,,,
3,5,56,dia_turno_curso,4_M_PED,86,23092,71898,OPTIMAL,185264.5,185264.5,False,185264.5,31.91,31.61,600.0,4,M,PED,alfabetica,,1,True,True,CICLO_SEM_MELHORIA,iteracao,hibrida_dia_turno_curso_pares,180.0,180.0,600.0,14400.0,False,False,alfabetica,,alfabetica,,./dados/2024_1/horarios_2024_1.xlsx,./dados/2024_1/salas_2024_1.csv,./dados/2024_1/salas_preferenciais_2024.1.xlsx,/Users/robertdrey/Documents/workspace/development/alocador_de_salas,resultados/experimentos/2024_1/hibridas_dia_turno_curso_pares/dia_turno_curso_pares_init180.sol,resultados/experimentos/2024_1/hibridas_dia_turno_curso_pares/dia_turno_curso_pares_init180.csv,resultados/experimentos/2024_1/hibridas_dia_turno_curso_pares/dia_turno_curso_pares_init180.json,dia_turno_curso -> par_cursos,alfabetica,,alfabetica,,180.0,1,180.0,600.0,1,0,CICLO_SEM_MELHORIA,3,,,
3,5,57,dia_turno_curso,4_T_AGRO,78,19458,75532,OPTIMAL,185264.5,185264.5,False,185264.5,21.5,21.19,600.0,4,T,AGRO,alfabetica,,1,True,True,CICLO_SEM_MELHORIA,iteracao,hibrida_dia_turno_curso_pares,180.0,180.0,600.0,14400.0,False,False,alfabetica,,alfabetica,,./dados/2024_1/horarios_2024_1.xlsx,./dados/2024_1/salas_2024_1.csv,./dados/2024_1/salas_preferenciais_2024.1.xlsx,/Users/robertdrey/Documents/workspace/development/alocador_de_salas,resultados/experimentos/2024_1/hibridas_dia_turno_curso_pares/dia_turno_curso_pares_init180.sol,resultados/experimentos/2024_1/hibridas_dia_turno_curso_pares/dia_turno_curso_pares_init180.csv,resultados/experimentos/2024_1/hibridas_dia_turno_curso_pares/dia_turno_curso_pares_init180.json,dia_turno_curso -> par_cursos,alfabetica,,alfabetica,,180.0,1,180.0,600.0,1,0,CICLO_SEM_MELHORIA,3,,,
3,5,58,dia_turno_curso,4_T_CC,69,19964,75026,OPTIMAL,185264.5,185264.5,False,185264.5,2.89,2.57,600.0,4,T,CC,alfabetica,,1,True,True,CICLO_SEM_MELHORIA,iteracao,hibrida_dia_turno_curso_pares,180.0,180.0,600.0,14400.0,False,False,alfabetica,,alfabetica,,./dados/2024_1/horarios_2024_1.xlsx,./dados/2024_1/salas_2024_1.csv,./dados/2024_1/salas_preferenciais_2024.1.xlsx,/Users/robertdrey/Documents/workspace/development/alocador_de_salas,resultados/experimentos/2024_1/hibridas_dia_turno_curso_pares/dia_turno_curso_pares_init180.sol,resultados/experimentos/2024_1/hibridas_dia_turno_curso_pares/dia_turno_curso_pares_init180.csv,resultados/experimentos/2024_1/hibridas_dia_turno_curso_pares/dia_turno_curso_pares_init180.json,dia_turno_curso -> par_cursos,alfabetica,,alfabetica,,180.0,1,180.0,600.0,1,0,CICLO_SEM_MELHORIA,3,,,
3,5,59,dia_turno_curso,4_T_CS,50,14950,80040,OPTIMAL,185264.5,185264.5,False,185264.5,1.06,0.75,600.0,4,T,CS,alfabetica,,1,True,True,CICLO_SEM_MELHORIA,iteracao,hibrida_dia_turno_curso_pares,180.0,180.0,600.0,14400.0,False,False,alfabetica,,alfabetica,,./dados/2024_1/horarios_2024_1.xlsx,./dados/2024_1/salas_2024_1.csv,./dados/2024_1/salas_preferenciais_2024.1.xlsx,/Users/robertdrey/Documents/workspace/development/alocador_de_salas,resultados/experimentos/2024_1/hibridas_dia_turno_curso_pares/dia_turno_curso_pares_init180.sol,resultados/experimentos/2024_1/hibridas_dia_turno_curso_pares/dia_turno_curso_pares_init180.csv,resultados/experimentos/2024_1/hibridas_dia_turno_curso_pares/dia_turno_curso_pares_init180.json,dia_turno_curso -> par_cursos,alfabetica,,alfabetica,,180.0,1,180.0,600.0,1,0,CICLO_SEM_MELHORIA,3,,,
3,5,60,dia_turno_curso,4_T_EAS,71,17986,77004,OPTIMAL,185264.5,185264.5,False,185264.5,1.42,1.12,600.0,4,T,EAS,alfabetica,,1,True,True,CICLO_SEM_MELHORIA,iteracao,hibrida_dia_turno_curso_pares,180.0,180.0,600.0,14400.0,False,False,alfabetica,,alfabetica,,./dados/2024_1/horarios_2024_1.xlsx,./dados/2024_1/salas_2024_1.csv,./dados/2024_1/salas_preferenciais_2024.1.xlsx,/Users/robertdrey/Documents/workspace/development/alocador_de_salas,resultados/experimentos/2024_1/hibridas_dia_turno_curso_pares/dia_turno_curso_pares_init180.sol,resultados/experimentos/2024_1/hibridas_dia_turno_curso_pares/dia_turno_curso_pares_init180.csv,resultados/experimentos/2024_1/hibridas_dia_turno_curso_pares/dia_turno_curso_pares_init180.json,dia_turno_curso -> par_cursos,alfabetica,,alfabetica,,180.0,1,180.0,600.0,1,0,CICLO_SEM_MELHORIA,3,,,
3,5,61,dia_turno_curso,4_T_ENF,43,16192,78798,OPTIMAL,185264.5,185264.5,False,185264.5,4.74,4.43,600.0,4,T,ENF,alfabetica,,1,True,True,CICLO_SEM_MELHORIA,iteracao,hibrida_dia_turno_curso_pares,180.0,180.0,600.0,14400.0,False,False,alfabetica,,alfabetica,,./dados/2024_1/horarios_2024_1.xlsx,./dados/2024_1/salas_2024_1.csv,./dados/2024_1/salas_preferenciais_2024.1.xlsx,/Users/robertdrey/Documents/workspace/development/alocador_de_salas,resultados/experimentos/2024_1/hibridas_dia_turno_curso_pares/dia_turno_curso_pares_init180.sol,resultados/experimentos/2024_1/hibridas_dia_turno_curso_pares/dia_turno_curso_pares_init180.csv,resultados/experimentos/2024_1/hibridas_dia_turno_curso_pares/dia_turno_curso_pares_init180.json,dia_turno_curso -> par_cursos,alfabetica,,alfabetica,,180.0,1,180.0,600.0,1,0,CICLO_SEM_MELHORIA,3,,,
3,5,62,dia_turno_curso,4_T_LET,60,17618,77372,OPTIMAL,185264.5,185264.5,False,185264.5,2.36,2.04,600.0,4,T,LET,alfabetica,,1,True,True,CICLO_SEM_MELHORIA,iteracao,hibrida_dia_turno_curso_pares,180.0,180.0,600.0,14400.0,False,False,alfabetica,,alfabetica,,./dados/2024_1/horarios_2024_1.xlsx,./dados/2024_1/salas_2024_1.csv,./dados/2024_1/salas_preferenciais_2024.1.xlsx,/Users/robertdrey/Documents/workspace/development/alocador_de_salas,resultados/experimentos/2024_1/hibridas_dia_turno_curso_pares/dia_turno_curso_pares_init180.sol,resultados/experimentos/2024_1/hibridas_dia_turno_curso_pares/dia_turno_curso_pares_init180.csv,resultados/experimentos/2024_1/hibridas_dia_turno_curso_pares/dia_turno_curso_pares_init180.json,dia_turno_curso -> par_cursos,alfabetica,,alfabetica,,180.0,1,180.0,600.0,1,0,CICLO_SEM_MELHORIA,3,,,
3,5,63,dia_turno_curso,4_T_MAT,51,15410,79580,OPTIMAL,185264.5,185264.5,False,185264.5,1.13,0.83,600.0,4,T,MAT,alfabetica,,1,True,True,CICLO_SEM_MELHORIA,iteracao,hibrida_dia_turno_curso_pares,180.0,180.0,600.0,14400.0,False,False,alfabetica,,alfabetica,,./dados/2024_1/horarios_2024_1.xlsx,./dados/2024_1/salas_2024_1.csv,./dados/2024_1/salas_preferenciais_2024.1.xlsx,/Users/robertdrey/Documents/workspace/development/alocador_de_salas,resultados/experimentos/2024_1/hibridas_dia_turno_curso_pares/dia_turno_curso_pares_init180.sol,resultados/experimentos/2024_1/hibridas_dia_turno_curso_pares/dia_turno_curso_pares_init180.csv,resultados/experimentos/2024_1/hibridas_dia_turno_curso_pares/dia_turno_curso_pares_init180.json,dia_turno_curso -> par_cursos,alfabetica,,alfabetica,,180.0,1,180.0,600.0,1,0,CICLO_SEM_MELHORIA,3,,,
3,5,64,dia_turno_curso,4_T_MED,64,18676,76314,OPTIMAL,185264.5,185264.5,False,185264.5,2.05,1.75,600.0,4,T,MED,alfabetica,,1,True,True,CICLO_SEM_MELHORIA,iteracao,hibrida_dia_turno_curso_pares,180.0,180.0,600.0,14400.0,False,False,alfabetica,,alfabetica,,./dados/2024_1/horarios_2024_1.xlsx,./dados/2024_1/salas_2024_1.csv,./dados/2024_1/salas_preferenciais_2024.1.xlsx,/Users/robertdrey/Documents/workspace/development/alocador_de_salas,resultados/experimentos/2024_1/hibridas_dia_turno_curso_pares/dia_turno_curso_pares_init180.sol,resultados/experimentos/2024_1/hibridas_dia_turno_curso_pares/dia_turno_curso_pares_init180.csv,resultados/experimentos/2024_1/hibridas_dia_turno_curso_pares/dia_turno_curso_pares_init180.json,dia_turno_curso -> par_cursos,alfabetica,,alfabetica,,180.0,1,180.0,600.0,1,0,CICLO_SEM_MELHORIA,3,,,
3,5,65,dia_turno_curso,4_N_ADM,85,18262,76728,OPTIMAL,185264.5,185264.5,False,185264.5,3.56,3.25,600.0,4,N,ADM,alfabetica,,1,True,True,CICLO_SEM_MELHORIA,iteracao,hibrida_dia_turno_curso_pares,180.0,180.0,600.0,14400.0,False,False,alfabetica,,alfabetica,,./dados/2024_1/horarios_2024_1.xlsx,./dados/2024_1/salas_2024_1.csv,./dados/2024_1/salas_preferenciais_2024.1.xlsx,/Users/robertdrey/Documents/workspace/development/alocador_de_salas,resultados/experimentos/2024_1/hibridas_dia_turno_curso_pares/dia_turno_curso_pares_init180.sol,resultados/experimentos/2024_1/hibridas_dia_turno_curso_pares/dia_turno_curso_pares_init180.csv,resultados/experimentos/2024_1/hibridas_dia_turno_curso_pares/dia_turno_curso_pares_init180.json,dia_turno_curso -> par_cursos,alfabetica,,alfabetica,,180.0,1,180.0,600.0,1,0,CICLO_SEM_MELHORIA,3,,,
3,5,66,dia_turno_curso,4_N_CC,86,19872,75118,OPTIMAL,185264.5,185264.5,False,185264.5,5.66,5.36,600.0,4,N,CC,alfabetica,,1,True,True,CICLO_SEM_MELHORIA,iteracao,hibrida_dia_turno_curso_pares,180.0,180.0,600.0,14400.0,False,False,alfabetica,,alfabetica,,./dados/2024_1/horarios_2024_1.xlsx,./dados/2024_1/salas_2024_1.csv,./dados/2024_1/salas_preferenciais_2024.1.xlsx,/Users/robertdrey/Documents/workspace/development/alocador_de_salas,resultados/experimentos/2024_1/hibridas_dia_turno_curso_pares/dia_turno_curso_pares_init180.sol,resultados/experimentos/2024_1/hibridas_dia_turno_curso_pares/dia_turno_curso_pares_init180.csv,resultados/experimentos/2024_1/hibridas_dia_turno_curso_pares/dia_turno_curso_pares_init180.json,dia_turno_curso -> par_cursos,alfabetica,,alfabetica,,180.0,1,180.0,600.0,1,0,CICLO_SEM_MELHORIA,3,,,
3,5,67,dia_turno_curso,4_N_CS,60,13294,81696,OPTIMAL,185264.5,185264.5,False,185264.5,2.05,1.75,600.0,4,N,CS,alfabetica,,1,True,True,CICLO_SEM_MELHORIA,iteracao,hibrida_dia_turno_curso_pares,180.0,180.0,600.0,14400.0,False,False,alfabetica,,alfabetica,,./dados/2024_1/horarios_2024_1.xlsx,./dados/2024_1/salas_2024_1.csv,./dados/2024_1/salas_preferenciais_2024.1.xlsx,/Users/robertdrey/Documents/workspace/development/alocador_de_salas,resultados/experimentos/2024_1/hibridas_dia_turno_curso_pares/dia_turno_curso_pares_init180.sol,resultados/experimentos/2024_1/hibridas_dia_turno_curso_pares/dia_turno_curso_pares_init180.csv,resultados/experimentos/2024_1/hibridas_dia_turno_curso_pares/dia_turno_curso_pares_init180.json,dia_turno_curso -> par_cursos,alfabetica,,alfabetica,,180.0,1,180.0,600.0,1,0,CICLO_SEM_MELHORIA,3,,,
3,5,68,dia_turno_curso,4_N_EAS,86,17204,77786,OPTIMAL,185264.5,185264.5,False,185264.5,2.95,2.64,600.0,4,N,EAS,alfabetica,,1,True,True,CICLO_SEM_MELHORIA,iteracao,hibrida_dia_turno_curso_pares,180.0,180.0,600.0,14400.0,False,False,alfabetica,,alfabetica,,./dados/2024_1/horarios_2024_1.xlsx,./dados/2024_1/salas_2024_1.csv,./dados/2024_1/salas_preferenciais_2024.1.xlsx,/Users/robertdrey/Documents/workspace/development/alocador_de_salas,resultados/experimentos/2024_1/hibridas_dia_turno_curso_pares/dia_turno_curso_pares_init180.sol,resultados/experimentos/2024_1/hibridas_dia_turno_curso_pares/dia_turno_curso_pares_init180.csv,resultados/experimentos/2024_1/hibridas_dia_turno_curso_pares/dia_turno_curso_pares_init180.json,dia_turno_curso -> par_cursos,alfabetica,,alfabetica,,180.0,1,180.0,600.0,1,0,CICLO_SEM_MELHORIA,3,,,
3,5,69,dia_turno_curso,4_N_FIL,53,11914,83076,OPTIMAL,185264.5,185264.5,False,185264.5,1.94,1.63,600.0,4,N,FIL,alfabetica,,1,True,True,CICLO_SEM_MELHORIA,iteracao,hibrida_dia_turno_curso_pares,180.0,180.0,600.0,14400.0,False,False,alfabetica,,alfabetica,,./dados/2024_1/horarios_2024_1.xlsx,./dados/2024_1/salas_2024_1.csv,./dados/2024_1/salas_preferenciais_2024.1.xlsx,/Users/robertdrey/Documents/workspace/development/alocador_de_salas,resultados/experimentos/2024_1/hibridas_dia_turno_curso_pares/dia_turno_curso_pares_init180.sol,resultados/experimentos/2024_1/hibridas_dia_turno_curso_pares/dia_turno_curso_pares_init180.csv,resultados/experimentos/2024_1/hibridas_dia_turno_curso_pares/dia_turno_curso_pares_init180.json,dia_turno_curso -> par_cursos,alfabetica,,alfabetica,,180.0,1,180.0,600.0,1,0,CICLO_SEM_MELHORIA,3,,,
3,5,70,dia_turno_curso,4_N_GEO,51,11776,83214,OPTIMAL,185264.5,185264.5,False,185264.5,2.18,1.87,600.0,4,N,GEO,alfabetica,,1,True,True,CICLO_SEM_MELHORIA,iteracao,hibrida_dia_turno_curso_pares,180.0,180.0,600.0,14400.0,False,False,alfabetica,,alfabetica,,./dados/2024_1/horarios_2024_1.xlsx,./dados/2024_1/salas_2024_1.csv,./dados/2024_1/salas_preferenciais_2024.1.xlsx,/Users/robertdrey/Documents/workspace/development/alocador_de_salas,resultados/experimentos/2024_1/hibridas_dia_turno_curso_pares/dia_turno_curso_pares_init180.sol,resultados/experimentos/2024_1/hibridas_dia_turno_curso_pares/dia_turno_curso_pares_init180.csv,resultados/experimentos/2024_1/hibridas_dia_turno_curso_pares/dia_turno_curso_pares_init180.json,dia_turno_curso -> par_cursos,alfabetica,,alfabetica,,180.0,1,180.0,600.0,1,0,CICLO_SEM_MELHORIA,3,,,
3,5,71,dia_turno_curso,4_N_HIS,62,13938,81052,OPTIMAL,185264.5,185264.5,False,185264.5,1.81,1.51,600.0,4,N,HIS,alfabetica,,1,True,True,CICLO_SEM_MELHORIA,iteracao,hibrida_dia_turno_curso_pares,180.0,180.0,600.0,14400.0,False,False,alfabetica,,alfabetica,,./dados/2024_1/horarios_2024_1.xlsx,./dados/2024_1/salas_2024_1.csv,./dados/2024_1/salas_preferenciais_2024.1.xlsx,/Users/robertdrey/Documents/workspace/development/alocador_de_salas,resultados/experimentos/2024_1/hibridas_dia_turno_curso_pares/dia_turno_curso_pares_init180.sol,resultados/experimentos/2024_1/hibridas_dia_turno_curso_pares/dia_turno_curso_pares_init180.csv,resultados/experimentos/2024_1/hibridas_dia_turno_curso_pares/dia_turno_curso_pares_init180.json,dia_turno_curso -> par_cursos,alfabetica,,alfabetica,,180.0,1,180.0,600.0,1,0,CICLO_SEM_MELHORIA,3,,,
3,5,72,dia_turno_curso,4_N_LET,69,16744,78246,TIME_LIMIT,185264.5,185264.5,False,185264.5,600.38,600.03,600.0,4,N,LET,alfabetica,,1,True,True,CICLO_SEM_MELHORIA,iteracao,hibrida_dia_turno_curso_pares,180.0,180.0,600.0,14400.0,False,False,alfabetica,,alfabetica,,./dados/2024_1/horarios_2024_1.xlsx,./dados/2024_1/salas_2024_1.csv,./dados/2024_1/salas_preferenciais_2024.1.xlsx,/Users/robertdrey/Documents/workspace/development/alocador_de_salas,resultados/experimentos/2024_1/hibridas_dia_turno_curso_pares/dia_turno_curso_pares_init180.sol,resultados/experimentos/2024_1/hibridas_dia_turno_curso_pares/dia_turno_curso_pares_init180.csv,resultados/experimentos/2024_1/hibridas_dia_turno_curso_pares/dia_turno_curso_pares_init180.json,dia_turno_curso -> par_cursos,alfabetica,,alfabetica,,180.0,1,180.0,600.0,1,0,CICLO_SEM_MELHORIA,3,,,
3,5,73,dia_turno_curso,4_N_MAT,59,13202,81788,OPTIMAL,185264.5,185264.5,False,185264.5,2.09,1.72,600.0,4,N,MAT,alfabetica,,1,True,True,CICLO_SEM_MELHORIA,iteracao,hibrida_dia_turno_curso_pares,180.0,180.0,600.0,14400.0,False,False,alfabetica,,alfabetica,,./dados/2024_1/horarios_2024_1.xlsx,./dados/2024_1/salas_2024_1.csv,./dados/2024_1/salas_preferenciais_2024.1.xlsx,/Users/robertdrey/Documents/workspace/development/alocador_de_salas,resultados/experimentos/2024_1/hibridas_dia_turno_curso_pares/dia_turno_curso_pares_init180.sol,resultados/experimentos/2024_1/hibridas_dia_turno_curso_pares/dia_turno_curso_pares_init180.csv,resultados/experimentos/2024_1/hibridas_dia_turno_curso_pares/dia_turno_curso_pares_init180.json,dia_turno_curso -> par_cursos,alfabetica,,alfabetica,,180.0,1,180.0,600.0,1,0,CICLO_SEM_MELHORIA,3,,,
3,5,74,dia_turno_curso,4_N_PED,93,21160,73830,OPTIMAL,185264.5,185264.5,False,185264.5,28.65,28.32,600.0,4,N,PED,alfabetica,,1,True,True,CICLO_SEM_MELHORIA,iteracao,hibrida_dia_turno_curso_pares,180.0,180.0,600.0,14400.0,False,False,alfabetica,,alfabetica,,./dados/2024_1/horarios_2024_1.xlsx,./dados/2024_1/salas_2024_1.csv,./dados/2024_1/salas_preferenciais_2024.1.xlsx,/Users/robertdrey/Documents/workspace/development/alocador_de_salas,resultados/experimentos/2024_1/hibridas_dia_turno_curso_pares/dia_turno_curso_pares_init180.sol,resultados/experimentos/2024_1/hibridas_dia_turno_curso_pares/dia_turno_curso_pares_init180.csv,resultados/experimentos/2024_1/hibridas_dia_turno_curso_pares/dia_turno_curso_pares_init180.json,dia_turno_curso -> par_cursos,alfabetica,,alfabetica,,180.0,1,180.0,600.0,1,0,CICLO_SEM_MELHORIA,3,,,
3,5,75,dia_turno_curso,5_M_ADM,80,19734,75256,OPTIMAL,185264.5,185264.5,False,185264.5,2.55,2.22,600.0,5,M,ADM,alfabetica,,1,True,True,CICLO_SEM_MELHORIA,iteracao,hibrida_dia_turno_curso_pares,180.0,180.0,600.0,14400.0,False,False,alfabetica,,alfabetica,,./dados/2024_1/horarios_2024_1.xlsx,./dados/2024_1/salas_2024_1.csv,./dados/2024_1/salas_preferenciais_2024.1.xlsx,/Users/robertdrey/Documents/workspace/development/alocador_de_salas,resultados/experimentos/2024_1/hibridas_dia_turno_curso_pares/dia_turno_curso_pares_init180.sol,resultados/experimentos/2024_1/hibridas_dia_turno_curso_pares/dia_turno_curso_pares_init180.csv,resultados/experimentos/2024_1/hibridas_dia_turno_curso_pares/dia_turno_curso_pares_init180.json,dia_turno_curso -> par_cursos,alfabetica,,alfabetica,,180.0,1,180.0,600.0,1,0,CICLO_SEM_MELHORIA,3,,,
3,5,76,dia_turno_curso,5_M_AGRO,80,18492,76498,OPTIMAL,185264.5,185264.5,False,185264.5,13.78,13.47,600.0,5,M,AGRO,alfabetica,,1,True,True,CICLO_SEM_MELHORIA,iteracao,hibrida_dia_turno_curso_pares,180.0,180.0,600.0,14400.0,False,False,alfabetica,,alfabetica,,./dados/2024_1/horarios_2024_1.xlsx,./dados/2024_1/salas_2024_1.csv,./dados/2024_1/salas_preferenciais_2024.1.xlsx,/Users/robertdrey/Documents/workspace/development/alocador_de_salas,resultados/experimentos/2024_1/hibridas_dia_turno_curso_pares/dia_turno_curso_pares_init180.sol,resultados/experimentos/2024_1/hibridas_dia_turno_curso_pares/dia_turno_curso_pares_init180.csv,resultados/experimentos/2024_1/hibridas_dia_turno_curso_pares/dia_turno_curso_pares_init180.json,dia_turno_curso -> par_cursos,alfabetica,,alfabetica,,180.0,1,180.0,600.0,1,0,CICLO_SEM_MELHORIA,3,,,
3,5,77,dia_turno_curso,5_M_EAS,75,17618,77372,OPTIMAL,185264.5,185264.5,False,185264.5,2.65,2.34,600.0,5,M,EAS,alfabetica,,1,True,True,CICLO_SEM_MELHORIA,iteracao,hibrida_dia_turno_curso_pares,180.0,180.0,600.0,14400.0,False,False,alfabetica,,alfabetica,,./dados/2024_1/horarios_2024_1.xlsx,./dados/2024_1/salas_2024_1.csv,./dados/2024_1/salas_preferenciais_2024.1.xlsx,/Users/robertdrey/Documents/workspace/development/alocador_de_salas,resultados/experimentos/2024_1/hibridas_dia_turno_curso_pares/dia_turno_curso_pares_init180.sol,resultados/experimentos/2024_1/hibridas_dia_turno_curso_pares/dia_turno_curso_pares_init180.csv,resultados/experimentos/2024_1/hibridas_dia_turno_curso_pares/dia_turno_curso_pares_init180.json,dia_turno_curso -> par_cursos,alfabetica,,alfabetica,,180.0,1,180.0,600.0,1,0,CICLO_SEM_MELHORIA,3,,,
3,5,78,dia_turno_curso,5_M_ENF,51,15732,79258,OPTIMAL,185264.5,185264.5,False,185264.5,4.63,4.3,600.0,5,M,ENF,alfabetica,,1,True,True,CICLO_SEM_MELHORIA,iteracao,hibrida_dia_turno_curso_pares,180.0,180.0,600.0,14400.0,False,False,alfabetica,,alfabetica,,./dados/2024_1/horarios_2024_1.xlsx,./dados/2024_1/salas_2024_1.csv,./dados/2024_1/salas_preferenciais_2024.1.xlsx,/Users/robertdrey/Documents/workspace/development/alocador_de_salas,resultados/experimentos/2024_1/hibridas_dia_turno_curso_pares/dia_turno_curso_pares_init180.sol,resultados/experimentos/2024_1/hibridas_dia_turno_curso_pares/dia_turno_curso_pares_init180.csv,resultados/experimentos/2024_1/hibridas_dia_turno_curso_pares/dia_turno_curso_pares_init180.json,dia_turno_curso -> par_cursos,alfabetica,,alfabetica,,180.0,1,180.0,600.0,1,0,CICLO_SEM_MELHORIA,3,,,
3,5,79,dia_turno_curso,5_M_MED,74,19550,75440,OPTIMAL,185264.5,185264.5,False,185264.5,3.14,2.81,600.0,5,M,MED,alfabetica,,1,True,True,CICLO_SEM_MELHORIA,iteracao,hibrida_dia_turno_curso_pares,180.0,180.0,600.0,14400.0,False,False,alfabetica,,alfabetica,,./dados/2024_1/horarios_2024_1.xlsx,./dados/2024_1/salas_2024_1.csv,./dados/2024_1/salas_preferenciais_2024.1.xlsx,/Users/robertdrey/Documents/workspace/development/alocador_de_salas,resultados/experimentos/2024_1/hibridas_dia_turno_curso_pares/dia_turno_curso_pares_init180.sol,resultados/experimentos/2024_1/hibridas_dia_turno_curso_pares/dia_turno_curso_pares_init180.csv,resultados/experimentos/2024_1/hibridas_dia_turno_curso_pares/dia_turno_curso_pares_init180.json,dia_turno_curso -> par_cursos,alfabetica,,alfabetica,,180.0,1,180.0,600.0,1,0,CICLO_SEM_MELHORIA,3,,,
3,5,80,dia_turno_curso,5_M_PED,89,23230,71760,OPTIMAL,185264.5,185264.5,False,185264.5,37.89,37.58,600.0,5,M,PED,alfabetica,,1,True,True,CICLO_SEM_MELHORIA,iteracao,hibrida_dia_turno_curso_pares,180.0,180.0,600.0,14400.0,False,False,alfabetica,,alfabetica,,./dados/2024_1/horarios_2024_1.xlsx,./dados/2024_1/salas_2024_1.csv,./dados/2024_1/salas_preferenciais_2024.1.xlsx,/Users/robertdrey/Documents/workspace/development/alocador_de_salas,resultados/experimentos/2024_1/hibridas_dia_turno_curso_pares/dia_turno_curso_pares_init180.sol,resultados/experimentos/2024_1/hibridas_dia_turno_curso_pares/dia_turno_curso_pares_init180.csv,resultados/experimentos/2024_1/hibridas_dia_turno_curso_pares/dia_turno_curso_pares_init180.json,dia_turno_curso -> par_cursos,alfabetica,,alfabetica,,180.0,1,180.0,600.0,1,0,CICLO_SEM_MELHORIA,3,,,
3,5,81,dia_turno_curso,5_T_AGRO,77,18814,76176,OPTIMAL,185264.5,185264.5,False,185264.5,17.29,16.98,600.0,5,T,AGRO,alfabetica,,1,True,True,CICLO_SEM_MELHORIA,iteracao,hibrida_dia_turno_curso_pares,180.0,180.0,600.0,14400.0,False,False,alfabetica,,alfabetica,,./dados/2024_1/horarios_2024_1.xlsx,./dados/2024_1/salas_2024_1.csv,./dados/2024_1/salas_preferenciais_2024.1.xlsx,/Users/robertdrey/Documents/workspace/development/alocador_de_salas,resultados/experimentos/2024_1/hibridas_dia_turno_curso_pares/dia_turno_curso_pares_init180.sol,resultados/experimentos/2024_1/hibridas_dia_turno_curso_pares/dia_turno_curso_pares_init180.csv,resultados/experimentos/2024_1/hibridas_dia_turno_curso_pares/dia_turno_curso_pares_init180.json,dia_turno_curso -> par_cursos,alfabetica,,alfabetica,,180.0,1,180.0,600.0,1,0,CICLO_SEM_MELHORIA,3,,,
3,5,82,dia_turno_curso,5_T_CC,70,19596,75394,OPTIMAL,185264.5,185264.5,False,185264.5,2.6,2.28,600.0,5,T,CC,alfabetica,,1,True,True,CICLO_SEM_MELHORIA,iteracao,hibrida_dia_turno_curso_pares,180.0,180.0,600.0,14400.0,False,False,alfabetica,,alfabetica,,./dados/2024_1/horarios_2024_1.xlsx,./dados/2024_1/salas_2024_1.csv,./dados/2024_1/salas_preferenciais_2024.1.xlsx,/Users/robertdrey/Documents/workspace/development/alocador_de_salas,resultados/experimentos/2024_1/hibridas_dia_turno_curso_pares/dia_turno_curso_pares_init180.sol,resultados/experimentos/2024_1/hibridas_dia_turno_curso_pares/dia_turno_curso_pares_init180.csv,resultados/experimentos/2024_1/hibridas_dia_turno_curso_pares/dia_turno_curso_pares_init180.json,dia_turno_curso -> par_cursos,alfabetica,,alfabetica,,180.0,1,180.0,600.0,1,0,CICLO_SEM_MELHORIA,3,,,
3,5,83,dia_turno_curso,5_T_EAS,71,17342,77648,OPTIMAL,185264.5,185264.5,False,185264.5,1.83,1.51,600.0,5,T,EAS,alfabetica,,1,True,True,CICLO_SEM_MELHORIA,iteracao,hibrida_dia_turno_curso_pares,180.0,180.0,600.0,14400.0,False,False,alfabetica,,alfabetica,,./dados/2024_1/horarios_2024_1.xlsx,./dados/2024_1/salas_2024_1.csv,./dados/2024_1/salas_preferenciais_2024.1.xlsx,/Users/robertdrey/Documents/workspace/development/alocador_de_salas,resultados/experimentos/2024_1/hibridas_dia_turno_curso_pares/dia_turno_curso_pares_init180.sol,resultados/experimentos/2024_1/hibridas_dia_turno_curso_pares/dia_turno_curso_pares_init180.csv,resultados/experimentos/2024_1/hibridas_dia_turno_curso_pares/dia_turno_curso_pares_init180.json,dia_turno_curso -> par_cursos,alfabetica,,alfabetica,,180.0,1,180.0,600.0,1,0,CICLO_SEM_MELHORIA,3,,,
3,5,84,dia_turno_curso,5_T_ENF,44,14858,80132,OPTIMAL,185264.5,185264.5,False,185264.5,2.82,2.5,600.0,5,T,ENF,alfabetica,,1,True,True,CICLO_SEM_MELHORIA,iteracao,hibrida_dia_turno_curso_pares,180.0,180.0,600.0,14400.0,False,False,alfabetica,,alfabetica,,./dados/2024_1/horarios_2024_1.xlsx,./dados/2024_1/salas_2024_1.csv,./dados/2024_1/salas_preferenciais_2024.1.xlsx,/Users/robertdrey/Documents/workspace/development/alocador_de_salas,resultados/experimentos/2024_1/hibridas_dia_turno_curso_pares/dia_turno_curso_pares_init180.sol,resultados/experimentos/2024_1/hibridas_dia_turno_curso_pares/dia_turno_curso_pares_init180.csv,resultados/experimentos/2024_1/hibridas_dia_turno_curso_pares/dia_turno_curso_pares_init180.json,dia_turno_curso -> par_cursos,alfabetica,,alfabetica,,180.0,1,180.0,600.0,1,0,CICLO_SEM_MELHORIA,3,,,
3,5,85,dia_turno_curso,5_T_GEO,40,12650,82340,OPTIMAL,185264.5,185264.5,False,185264.5,1.29,0.97,600.0,5,T,GEO,alfabetica,,1,True,True,CICLO_SEM_MELHORIA,iteracao,hibrida_dia_turno_curso_pares,180.0,180.0,600.0,14400.0,False,False,alfabetica,,alfabetica,,./dados/2024_1/horarios_2024_1.xlsx,./dados/2024_1/salas_2024_1.csv,./dados/2024_1/salas_preferenciais_2024.1.xlsx,/Users/robertdrey/Documents/workspace/development/alocador_de_salas,resultados/experimentos/2024_1/hibridas_dia_turno_curso_pares/dia_turno_curso_pares_init180.sol,resultados/experimentos/2024_1/hibridas_dia_turno_curso_pares/dia_turno_curso_pares_init180.csv,resultados/experimentos/2024_1/hibridas_dia_turno_curso_pares/dia_turno_curso_pares_init180.json,dia_turno_curso -> par_cursos,alfabetica,,alfabetica,,180.0,1,180.0,600.0,1,0,CICLO_SEM_MELHORIA,3,,,
3,5,86,dia_turno_curso,5_T_LET,65,18722,76268,OPTIMAL,185264.5,185264.5,False,185264.5,2.25,1.94,600.0,5,T,LET,alfabetica,,1,True,True,CICLO_SEM_MELHORIA,iteracao,hibrida_dia_turno_curso_pares,180.0,180.0,600.0,14400.0,False,False,alfabetica,,alfabetica,,./dados/2024_1/horarios_2024_1.xlsx,./dados/2024_1/salas_2024_1.csv,./dados/2024_1/salas_preferenciais_2024.1.xlsx,/Users/robertdrey/Documents/workspace/development/alocador_de_salas,resultados/experimentos/2024_1/hibridas_dia_turno_curso_pares/dia_turno_curso_pares_init180.sol,resultados/experimentos/2024_1/hibridas_dia_turno_curso_pares/dia_turno_curso_pares_init180.csv,resultados/experimentos/2024_1/hibridas_dia_turno_curso_pares/dia_turno_curso_pares_init180.json,dia_turno_curso -> par_cursos,alfabetica,,alfabetica,,180.0,1,180.0,600.0,1,0,CICLO_SEM_MELHORIA,3,,,
3,5,87,dia_turno_curso,5_T_MED,67,19274,75716,OPTIMAL,185264.5,185264.5,False,185264.5,2.88,2.57,600.0,5,T,MED,alfabetica,,1,True,True,CICLO_SEM_MELHORIA,iteracao,hibrida_dia_turno_curso_pares,180.0,180.0,600.0,14400.0,False,False,alfabetica,,alfabetica,,./dados/2024_1/horarios_2024_1.xlsx,./dados/2024_1/salas_2024_1.csv,./dados/2024_1/salas_preferenciais_2024.1.xlsx,/Users/robertdrey/Documents/workspace/development/alocador_de_salas,resultados/experimentos/2024_1/hibridas_dia_turno_curso_pares/dia_turno_curso_pares_init180.sol,resultados/experimentos/2024_1/hibridas_dia_turno_curso_pares/dia_turno_curso_pares_init180.csv,resultados/experimentos/2024_1/hibridas_dia_turno_curso_pares/dia_turno_curso_pares_init180.json,dia_turno_curso -> par_cursos,alfabetica,,alfabetica,,180.0,1,180.0,600.0,1,0,CICLO_SEM_MELHORIA,3,,,
3,5,88,dia_turno_curso,5_N_ADM,83,16652,78338,OPTIMAL,185264.5,185264.5,False,185264.5,2.29,1.98,600.0,5,N,ADM,alfabetica,,1,True,True,CICLO_SEM_MELHORIA,iteracao,hibrida_dia_turno_curso_pares,180.0,180.0,600.0,14400.0,False,False,alfabetica,,alfabetica,,./dados/2024_1/horarios_2024_1.xlsx,./dados/2024_1/salas_2024_1.csv,./dados/2024_1/salas_preferenciais_2024.1.xlsx,/Users/robertdrey/Documents/workspace/development/alocador_de_salas,resultados/experimentos/2024_1/hibridas_dia_turno_curso_pares/dia_turno_curso_pares_init180.sol,resultados/experimentos/2024_1/hibridas_dia_turno_curso_pares/dia_turno_curso_pares_init180.csv,resultados/experimentos/2024_1/hibridas_dia_turno_curso_pares/dia_turno_curso_pares_init180.json,dia_turno_curso -> par_cursos,alfabetica,,alfabetica,,180.0,1,180.0,600.0,1,0,CICLO_SEM_MELHORIA,3,,,
3,5,89,dia_turno_curso,5_N_CC,83,18078,76912,OPTIMAL,185264.5,185264.5,False,185264.5,3.69,3.38,600.0,5,N,CC,alfabetica,,1,True,True,CICLO_SEM_MELHORIA,iteracao,hibrida_dia_turno_curso_pares,180.0,180.0,600.0,14400.0,False,False,alfabetica,,alfabetica,,./dados/2024_1/horarios_2024_1.xlsx,./dados/2024_1/salas_2024_1.csv,./dados/2024_1/salas_preferenciais_2024.1.xlsx,/Users/robertdrey/Documents/workspace/development/alocador_de_salas,resultados/experimentos/2024_1/hibridas_dia_turno_curso_pares/dia_turno_curso_pares_init180.sol,resultados/experimentos/2024_1/hibridas_dia_turno_curso_pares/dia_turno_curso_pares_init180.csv,resultados/experimentos/2024_1/hibridas_dia_turno_curso_pares/dia_turno_curso_pares_init180.json,dia_turno_curso -> par_cursos,alfabetica,,alfabetica,,180.0,1,180.0,600.0,1,0,CICLO_SEM_MELHORIA,3,,,
3,5,90,dia_turno_curso,5_N_CS,57,11914,83076,OPTIMAL,185264.5,185264.5,False,185264.5,2.13,1.82,600.0,5,N,CS,alfabetica,,1,True,True,CICLO_SEM_MELHORIA,iteracao,hibrida_dia_turno_curso_pares,180.0,180.0,600.0,14400.0,False,False,alfabetica,,alfabetica,,./dados/2024_1/horarios_2024_1.xlsx,./dados/2024_1/salas_2024_1.csv,./dados/2024_1/salas_preferenciais_2024.1.xlsx,/Users/robertdrey/Documents/workspace/development/alocador_de_salas,resultados/experimentos/2024_1/hibridas_dia_turno_curso_pares/dia_turno_curso_pares_init180.sol,resultados/experimentos/2024_1/hibridas_dia_turno_curso_pares/dia_turno_curso_pares_init180.csv,resultados/experimentos/2024_1/hibridas_dia_turno_curso_pares/dia_turno_curso_pares_init180.json,dia_turno_curso -> par_cursos,alfabetica,,alfabetica,,180.0,1,180.0,600.0,1,0,CICLO_SEM_MELHORIA,3,,,
3,5,91,dia_turno_curso,5_N_EAS,83,14950,80040,OPTIMAL,185264.5,185264.5,False,185264.5,1.88,1.58,600.0,5,N,EAS,alfabetica,,1,True,True,CICLO_SEM_MELHORIA,iteracao,hibrida_dia_turno_curso_pares,180.0,180.0,600.0,14400.0,False,False,alfabetica,,alfabetica,,./dados/2024_1/horarios_2024_1.xlsx,./dados/2024_1/salas_2024_1.csv,./dados/2024_1/salas_preferenciais_2024.1.xlsx,/Users/robertdrey/Documents/workspace/development/alocador_de_salas,resultados/experimentos/2024_1/hibridas_dia_turno_curso_pares/dia_turno_curso_pares_init180.sol,resultados/experimentos/2024_1/hibridas_dia_turno_curso_pares/dia_turno_curso_pares_init180.csv,resultados/experimentos/2024_1/hibridas_dia_turno_curso_pares/dia_turno_curso_pares_init180.json,dia_turno_curso -> par_cursos,alfabetica,,alfabetica,,180.0,1,180.0,600.0,1,0,CICLO_SEM_MELHORIA,3,,,
3,5,92,dia_turno_curso,5_N_FIL,51,10304,84686,OPTIMAL,185264.5,185264.5,False,185264.5,1.47,1.17,600.0,5,N,FIL,alfabetica,,1,True,True,CICLO_SEM_MELHORIA,iteracao,hibrida_dia_turno_curso_pares,180.0,180.0,600.0,14400.0,False,False,alfabetica,,alfabetica,,./dados/2024_1/horarios_2024_1.xlsx,./dados/2024_1/salas_2024_1.csv,./dados/2024_1/salas_preferenciais_2024.1.xlsx,/Users/robertdrey/Documents/workspace/development/alocador_de_salas,resultados/experimentos/2024_1/hibridas_dia_turno_curso_pares/dia_turno_curso_pares_init180.sol,resultados/experimentos/2024_1/hibridas_dia_turno_curso_pares/dia_turno_curso_pares_init180.csv,resultados/experimentos/2024_1/hibridas_dia_turno_curso_pares/dia_turno_curso_pares_init180.json,dia_turno_curso -> par_cursos,alfabetica,,alfabetica,,180.0,1,180.0,600.0,1,0,CICLO_SEM_MELHORIA,3,,,
3,5,93,dia_turno_curso,5_N_GEO,48,9844,85146,OPTIMAL,185264.5,185264.5,False,185264.5,1.46,1.14,600.0,5,N,GEO,alfabetica,,1,True,True,CICLO_SEM_MELHORIA,iteracao,hibrida_dia_turno_curso_pares,180.0,180.0,600.0,14400.0,False,False,alfabetica,,alfabetica,,./dados/2024_1/horarios_2024_1.xlsx,./dados/2024_1/salas_2024_1.csv,./dados/2024_1/salas_preferenciais_2024.1.xlsx,/Users/robertdrey/Documents/workspace/development/alocador_de_salas,resultados/experimentos/2024_1/hibridas_dia_turno_curso_pares/dia_turno_curso_pares_init180.sol,resultados/experimentos/2024_1/hibridas_dia_turno_curso_pares/dia_turno_curso_pares_init180.csv,resultados/experimentos/2024_1/hibridas_dia_turno_curso_pares/dia_turno_curso_pares_init180.json,dia_turno_curso -> par_cursos,alfabetica,,alfabetica,,180.0,1,180.0,600.0,1,0,CICLO_SEM_MELHORIA,3,,,
3,5,94,dia_turno_curso,5_N_HIS,58,11960,83030,OPTIMAL,185264.5,185264.5,False,185264.5,1.86,1.54,600.0,5,N,HIS,alfabetica,,1,True,True,CICLO_SEM_MELHORIA,iteracao,hibrida_dia_turno_curso_pares,180.0,180.0,600.0,14400.0,False,False,alfabetica,,alfabetica,,./dados/2024_1/horarios_2024_1.xlsx,./dados/2024_1/salas_2024_1.csv,./dados/2024_1/salas_preferenciais_2024.1.xlsx,/Users/robertdrey/Documents/workspace/development/alocador_de_salas,resultados/experimentos/2024_1/hibridas_dia_turno_curso_pares/dia_turno_curso_pares_init180.sol,resultados/experimentos/2024_1/hibridas_dia_turno_curso_pares/dia_turno_curso_pares_init180.csv,resultados/experimentos/2024_1/hibridas_dia_turno_curso_pares/dia_turno_curso_pares_init180.json,dia_turno_curso -> par_cursos,alfabetica,,alfabetica,,180.0,1,180.0,600.0,1,0,CICLO_SEM_MELHORIA,3,,,
3,5,95,dia_turno_curso,5_N_LET,68,15962,79028,OPTIMAL,185264.5,185264.5,False,185264.5,3.02,2.71,600.0,5,N,LET,alfabetica,,1,True,True,CICLO_SEM_MELHORIA,iteracao,hibrida_dia_turno_curso_pares,180.0,180.0,600.0,14400.0,False,False,alfabetica,,alfabetica,,./dados/2024_1/horarios_2024_1.xlsx,./dados/2024_1/salas_2024_1.csv,./dados/2024_1/salas_preferenciais_2024.1.xlsx,/Users/robertdrey/Documents/workspace/development/alocador_de_salas,resultados/experimentos/2024_1/hibridas_dia_turno_curso_pares/dia_turno_curso_pares_init180.sol,resultados/experimentos/2024_1/hibridas_dia_turno_curso_pares/dia_turno_curso_pares_init180.csv,resultados/experimentos/2024_1/hibridas_dia_turno_curso_pares/dia_turno_curso_pares_init180.json,dia_turno_curso -> par_cursos,alfabetica,,alfabetica,,180.0,1,180.0,600.0,1,0,CICLO_SEM_MELHORIA,3,,,
3,5,96,dia_turno_curso,5_N_MAT,58,12328,82662,OPTIMAL,185264.5,185264.5,False,185264.5,2.27,1.96,600.0,5,N,MAT,alfabetica,,1,True,True,CICLO_SEM_MELHORIA,iteracao,hibrida_dia_turno_curso_pares,180.0,180.0,600.0,14400.0,False,False,alfabetica,,alfabetica,,./dados/2024_1/horarios_2024_1.xlsx,./dados/2024_1/salas_2024_1.csv,./dados/2024_1/salas_preferenciais_2024.1.xlsx,/Users/robertdrey/Documents/workspace/development/alocador_de_salas,resultados/experimentos/2024_1/hibridas_dia_turno_curso_pares/dia_turno_curso_pares_init180.sol,resultados/experimentos/2024_1/hibridas_dia_turno_curso_pares/dia_turno_curso_pares_init180.csv,resultados/experimentos/2024_1/hibridas_dia_turno_curso_pares/dia_turno_curso_pares_init180.json,dia_turno_curso -> par_cursos,alfabetica,,alfabetica,,180.0,1,180.0,600.0,1,0,CICLO_SEM_MELHORIA,3,,,
3,5,97,dia_turno_curso,5_N_MED,78,16928,78062,OPTIMAL,185264.5,185264.5,False,185264.5,2.25,1.95,600.0,5,N,MED,alfabetica,,1,True,True,CICLO_SEM_MELHORIA,iteracao,hibrida_dia_turno_curso_pares,180.0,180.0,600.0,14400.0,False,False,alfabetica,,alfabetica,,./dados/2024_1/horarios_2024_1.xlsx,./dados/2024_1/salas_2024_1.csv,./dados/2024_1/salas_preferenciais_2024.1.xlsx,/Users/robertdrey/Documents/workspace/development/alocador_de_salas,resultados/experimentos/2024_1/hibridas_dia_turno_curso_pares/dia_turno_curso_pares_init180.sol,resultados/experimentos/2024_1/hibridas_dia_turno_curso_pares/dia_turno_curso_pares_init180.csv,resultados/experimentos/2024_1/hibridas_dia_turno_curso_pares/dia_turno_curso_pares_init180.json,dia_turno_curso -> par_cursos,alfabetica,,alfabetica,,180.0,1,180.0,600.0,1,0,CICLO_SEM_MELHORIA,3,,,
3,5,98,dia_turno_curso,5_N_PED,90,19780,75210,OPTIMAL,185264.5,185264.5,False,185264.5,41.6,41.3,600.0,5,N,PED,alfabetica,,1,True,True,CICLO_SEM_MELHORIA,iteracao,hibrida_dia_turno_curso_pares,180.0,180.0,600.0,14400.0,False,False,alfabetica,,alfabetica,,./dados/2024_1/horarios_2024_1.xlsx,./dados/2024_1/salas_2024_1.csv,./dados/2024_1/salas_preferenciais_2024.1.xlsx,/Users/robertdrey/Documents/workspace/development/alocador_de_salas,resultados/experimentos/2024_1/hibridas_dia_turno_curso_pares/dia_turno_curso_pares_init180.sol,resultados/experimentos/2024_1/hibridas_dia_turno_curso_pares/dia_turno_curso_pares_init180.csv,resultados/experimentos/2024_1/hibridas_dia_turno_curso_pares/dia_turno_curso_pares_init180.json,dia_turno_curso -> par_cursos,alfabetica,,alfabetica,,180.0,1,180.0,600.0,1,0,CICLO_SEM_MELHORIA,3,,,
3,5,99,dia_turno_curso,6_M_ADM,74,15226,79764,OPTIMAL,185264.5,185264.5,False,185264.5,1.89,1.58,600.0,6,M,ADM,alfabetica,,1,True,True,CICLO_SEM_MELHORIA,iteracao,hibrida_dia_turno_curso_pares,180.0,180.0,600.0,14400.0,False,False,alfabetica,,alfabetica,,./dados/2024_1/horarios_2024_1.xlsx,./dados/2024_1/salas_2024_1.csv,./dados/2024_1/salas_preferenciais_2024.1.xlsx,/Users/robertdrey/Documents/workspace/development/alocador_de_salas,resultados/experimentos/2024_1/hibridas_dia_turno_curso_pares/dia_turno_curso_pares_init180.sol,resultados/experimentos/2024_1/hibridas_dia_turno_curso_pares/dia_turno_curso_pares_init180.csv,resultados/experimentos/2024_1/hibridas_dia_turno_curso_pares/dia_turno_curso_pares_init180.json,dia_turno_curso -> par_cursos,alfabetica,,alfabetica,,180.0,1,180.0,600.0,1,0,CICLO_SEM_MELHORIA,3,,,
3,5,100,dia_turno_curso,6_M_AGRO,76,14168,80822,OPTIMAL,185264.5,185264.5,False,185264.5,7.19,6.87,600.0,6,M,AGRO,alfabetica,,1,True,True,CICLO_SEM_MELHORIA,iteracao,hibrida_dia_turno_curso_pares,180.0,180.0,600.0,14400.0,False,False,alfabetica,,alfabetica,,./dados/2024_1/horarios_2024_1.xlsx,./dados/2024_1/salas_2024_1.csv,./dados/2024_1/salas_preferenciais_2024.1.xlsx,/Users/robertdrey/Documents/workspace/development/alocador_de_salas,resultados/experimentos/2024_1/hibridas_dia_turno_curso_pares/dia_turno_curso_pares_init180.sol,resultados/experimentos/2024_1/hibridas_dia_turno_curso_pares/dia_turno_curso_pares_init180.csv,resultados/experimentos/2024_1/hibridas_dia_turno_curso_pares/dia_turno_curso_pares_init180.json,dia_turno_curso -> par_cursos,alfabetica,,alfabetica,,180.0,1,180.0,600.0,1,0,CICLO_SEM_MELHORIA,3,,,
3,5,101,dia_turno_curso,6_M_EAS,69,13294,81696,OPTIMAL,185264.5,185264.5,False,185264.5,1.95,1.64,600.0,6,M,EAS,alfabetica,,1,True,True,CICLO_SEM_MELHORIA,iteracao,hibrida_dia_turno_curso_pares,180.0,180.0,600.0,14400.0,False,False,alfabetica,,alfabetica,,./dados/2024_1/horarios_2024_1.xlsx,./dados/2024_1/salas_2024_1.csv,./dados/2024_1/salas_preferenciais_2024.1.xlsx,/Users/robertdrey/Documents/workspace/development/alocador_de_salas,resultados/experimentos/2024_1/hibridas_dia_turno_curso_pares/dia_turno_curso_pares_init180.sol,resultados/experimentos/2024_1/hibridas_dia_turno_curso_pares/dia_turno_curso_pares_init180.csv,resultados/experimentos/2024_1/hibridas_dia_turno_curso_pares/dia_turno_curso_pares_init180.json,dia_turno_curso -> par_cursos,alfabetica,,alfabetica,,180.0,1,180.0,600.0,1,0,CICLO_SEM_MELHORIA,3,,,
3,5,102,dia_turno_curso,6_M_MED,69,15778,79212,OPTIMAL,185264.5,185264.5,False,185264.5,3.66,3.35,600.0,6,M,MED,alfabetica,,1,True,True,CICLO_SEM_MELHORIA,iteracao,hibrida_dia_turno_curso_pares,180.0,180.0,600.0,14400.0,False,False,alfabetica,,alfabetica,,./dados/2024_1/horarios_2024_1.xlsx,./dados/2024_1/salas_2024_1.csv,./dados/2024_1/salas_preferenciais_2024.1.xlsx,/Users/robertdrey/Documents/workspace/development/alocador_de_salas,resultados/experimentos/2024_1/hibridas_dia_turno_curso_pares/dia_turno_curso_pares_init180.sol,resultados/experimentos/2024_1/hibridas_dia_turno_curso_pares/dia_turno_curso_pares_init180.csv,resultados/experimentos/2024_1/hibridas_dia_turno_curso_pares/dia_turno_curso_pares_init180.json,dia_turno_curso -> par_cursos,alfabetica,,alfabetica,,180.0,1,180.0,600.0,1,0,CICLO_SEM_MELHORIA,3,,,
3,5,103,dia_turno_curso,6_M_PED,81,18078,76912,OPTIMAL,185264.5,185264.5,False,185264.5,24.88,24.56,600.0,6,M,PED,alfabetica,,1,True,True,CICLO_SEM_MELHORIA,iteracao,hibrida_dia_turno_curso_pares,180.0,180.0,600.0,14400.0,False,False,alfabetica,,alfabetica,,./dados/2024_1/horarios_2024_1.xlsx,./dados/2024_1/salas_2024_1.csv,./dados/2024_1/salas_preferenciais_2024.1.xlsx,/Users/robertdrey/Documents/workspace/development/alocador_de_salas,resultados/experimentos/2024_1/hibridas_dia_turno_curso_pares/dia_turno_curso_pares_init180.sol,resultados/experimentos/2024_1/hibridas_dia_turno_curso_pares/dia_turno_curso_pares_init180.csv,resultados/experimentos/2024_1/hibridas_dia_turno_curso_pares/dia_turno_curso_pares_init180.json,dia_turno_curso -> par_cursos,alfabetica,,alfabetica,,180.0,1,180.0,600.0,1,0,CICLO_SEM_MELHORIA,3,,,
3,5,104,dia_turno_curso,6_T_AGRO,79,20102,74888,OPTIMAL,185264.5,185264.5,False,185264.5,9.94,9.63,600.0,6,T,AGRO,alfabetica,,1,True,True,CICLO_SEM_MELHORIA,iteracao,hibrida_dia_turno_curso_pares,180.0,180.0,600.0,14400.0,False,False,alfabetica,,alfabetica,,./dados/2024_1/horarios_2024_1.xlsx,./dados/2024_1/salas_2024_1.csv,./dados/2024_1/salas_preferenciais_2024.1.xlsx,/Users/robertdrey/Documents/workspace/development/alocador_de_salas,resultados/experimentos/2024_1/hibridas_dia_turno_curso_pares/dia_turno_curso_pares_init180.sol,resultados/experimentos/2024_1/hibridas_dia_turno_curso_pares/dia_turno_curso_pares_init180.csv,resultados/experimentos/2024_1/hibridas_dia_turno_curso_pares/dia_turno_curso_pares_init180.json,dia_turno_curso -> par_cursos,alfabetica,,alfabetica,,180.0,1,180.0,600.0,1,0,CICLO_SEM_MELHORIA,3,,,
3,5,105,dia_turno_curso,6_T_CC,68,20102,74888,OPTIMAL,185264.5,185264.5,False,185264.5,2.59,2.28,600.0,6,T,CC,alfabetica,,1,True,True,CICLO_SEM_MELHORIA,iteracao,hibrida_dia_turno_curso_pares,180.0,180.0,600.0,14400.0,False,False,alfabetica,,alfabetica,,./dados/2024_1/horarios_2024_1.xlsx,./dados/2024_1/salas_2024_1.csv,./dados/2024_1/salas_preferenciais_2024.1.xlsx,/Users/robertdrey/Documents/workspace/development/alocador_de_salas,resultados/experimentos/2024_1/hibridas_dia_turno_curso_pares/dia_turno_curso_pares_init180.sol,resultados/experimentos/2024_1/hibridas_dia_turno_curso_pares/dia_turno_curso_pares_init180.csv,resultados/experimentos/2024_1/hibridas_dia_turno_curso_pares/dia_turno_curso_pares_init180.json,dia_turno_curso -> par_cursos,alfabetica,,alfabetica,,180.0,1,180.0,600.0,1,0,CICLO_SEM_MELHORIA,3,,,
3,5,106,dia_turno_curso,6_T_EAS,71,18124,76866,OPTIMAL,185264.5,185264.5,False,185264.5,1.64,1.33,600.0,6,T,EAS,alfabetica,,1,True,True,CICLO_SEM_MELHORIA,iteracao,hibrida_dia_turno_curso_pares,180.0,180.0,600.0,14400.0,False,False,alfabetica,,alfabetica,,./dados/2024_1/horarios_2024_1.xlsx,./dados/2024_1/salas_2024_1.csv,./dados/2024_1/salas_preferenciais_2024.1.xlsx,/Users/robertdrey/Documents/workspace/development/alocador_de_salas,resultados/experimentos/2024_1/hibridas_dia_turno_curso_pares/dia_turno_curso_pares_init180.sol,resultados/experimentos/2024_1/hibridas_dia_turno_curso_pares/dia_turno_curso_pares_init180.csv,resultados/experimentos/2024_1/hibridas_dia_turno_curso_pares/dia_turno_curso_pares_init180.json,dia_turno_curso -> par_cursos,alfabetica,,alfabetica,,180.0,1,180.0,600.0,1,0,CICLO_SEM_MELHORIA,3,,,
3,5,107,dia_turno_curso,6_T_ENF,43,15364,79626,OPTIMAL,185264.5,185264.5,False,185264.5,7.01,6.69,600.0,6,T,ENF,alfabetica,,1,True,True,CICLO_SEM_MELHORIA,iteracao,hibrida_dia_turno_curso_pares,180.0,180.0,600.0,14400.0,False,False,alfabetica,,alfabetica,,./dados/2024_1/horarios_2024_1.xlsx,./dados/2024_1/salas_2024_1.csv,./dados/2024_1/salas_preferenciais_2024.1.xlsx,/Users/robertdrey/Documents/workspace/development/alocador_de_salas,resultados/experimentos/2024_1/hibridas_dia_turno_curso_pares/dia_turno_curso_pares_init180.sol,resultados/experimentos/2024_1/hibridas_dia_turno_curso_pares/dia_turno_curso_pares_init180.csv,resultados/experimentos/2024_1/hibridas_dia_turno_curso_pares/dia_turno_curso_pares_init180.json,dia_turno_curso -> par_cursos,alfabetica,,alfabetica,,180.0,1,180.0,600.0,1,0,CICLO_SEM_MELHORIA,3,,,
3,5,108,dia_turno_curso,6_T_LET,63,18998,75992,OPTIMAL,185264.5,185264.5,False,185264.5,1.92,1.61,600.0,6,T,LET,alfabetica,,1,True,True,CICLO_SEM_MELHORIA,iteracao,hibrida_dia_turno_curso_pares,180.0,180.0,600.0,14400.0,False,False,alfabetica,,alfabetica,,./dados/2024_1/horarios_2024_1.xlsx,./dados/2024_1/salas_2024_1.csv,./dados/2024_1/salas_preferenciais_2024.1.xlsx,/Users/robertdrey/Documents/workspace/development/alocador_de_salas,resultados/experimentos/2024_1/hibridas_dia_turno_curso_pares/dia_turno_curso_pares_init180.sol,resultados/experimentos/2024_1/hibridas_dia_turno_curso_pares/dia_turno_curso_pares_init180.csv,resultados/experimentos/2024_1/hibridas_dia_turno_curso_pares/dia_turno_curso_pares_init180.json,dia_turno_curso -> par_cursos,alfabetica,,alfabetica,,180.0,1,180.0,600.0,1,0,CICLO_SEM_MELHORIA,3,,,
3,5,109,dia_turno_curso,6_T_MED,64,19274,75716,OPTIMAL,185264.5,185264.5,False,185264.5,2.28,1.97,600.0,6,T,MED,alfabetica,,1,True,True,CICLO_SEM_MELHORIA,iteracao,hibrida_dia_turno_curso_pares,180.0,180.0,600.0,14400.0,False,False,alfabetica,,alfabetica,,./dados/2024_1/horarios_2024_1.xlsx,./dados/2024_1/salas_2024_1.csv,./dados/2024_1/salas_preferenciais_2024.1.xlsx,/Users/robertdrey/Documents/workspace/development/alocador_de_salas,resultados/experimentos/2024_1/hibridas_dia_turno_curso_pares/dia_turno_curso_pares_init180.sol,resultados/experimentos/2024_1/hibridas_dia_turno_curso_pares/dia_turno_curso_pares_init180.csv,resultados/experimentos/2024_1/hibridas_dia_turno_curso_pares/dia_turno_curso_pares_init180.json,dia_turno_curso -> par_cursos,alfabetica,,alfabetica,,180.0,1,180.0,600.0,1,0,CICLO_SEM_MELHORIA,3,,,
3,5,110,dia_turno_curso,6_N_ADM,83,17158,77832,OPTIMAL,185264.5,185264.5,False,185264.5,2.56,2.25,600.0,6,N,ADM,alfabetica,,1,True,True,CICLO_SEM_MELHORIA,iteracao,hibrida_dia_turno_curso_pares,180.0,180.0,600.0,14400.0,False,False,alfabetica,,alfabetica,,./dados/2024_1/horarios_2024_1.xlsx,./dados/2024_1/salas_2024_1.csv,./dados/2024_1/salas_preferenciais_2024.1.xlsx,/Users/robertdrey/Documents/workspace/development/alocador_de_salas,resultados/experimentos/2024_1/hibridas_dia_turno_curso_pares/dia_turno_curso_pares_init180.sol,resultados/experimentos/2024_1/hibridas_dia_turno_curso_pares/dia_turno_curso_pares_init180.csv,resultados/experimentos/2024_1/hibridas_dia_turno_curso_pares/dia_turno_curso_pares_init180.json,dia_turno_curso -> par_cursos,alfabetica,,alfabetica,,180.0,1,180.0,600.0,1,0,CICLO_SEM_MELHORIA,3,,,
3,5,111,dia_turno_curso,6_N_AGRO,89,16422,78568,OPTIMAL,185264.5,185264.5,False,185264.5,6.45,6.13,600.0,6,N,AGRO,alfabetica,,1,True,True,CICLO_SEM_MELHORIA,iteracao,hibrida_dia_turno_curso_pares,180.0,180.0,600.0,14400.0,False,False,alfabetica,,alfabetica,,./dados/2024_1/horarios_2024_1.xlsx,./dados/2024_1/salas_2024_1.csv,./dados/2024_1/salas_preferenciais_2024.1.xlsx,/Users/robertdrey/Documents/workspace/development/alocador_de_salas,resultados/experimentos/2024_1/hibridas_dia_turno_curso_pares/dia_turno_curso_pares_init180.sol,resultados/experimentos/2024_1/hibridas_dia_turno_curso_pares/dia_turno_curso_pares_init180.csv,resultados/experimentos/2024_1/hibridas_dia_turno_curso_pares/dia_turno_curso_pares_init180.json,dia_turno_curso -> par_cursos,alfabetica,,alfabetica,,180.0,1,180.0,600.0,1,0,CICLO_SEM_MELHORIA,3,,,
3,5,112,dia_turno_curso,6_N_CC,82,18400,76590,OPTIMAL,185264.5,185264.5,False,185264.5,3.33,3.01,600.0,6,N,CC,alfabetica,,1,True,True,CICLO_SEM_MELHORIA,iteracao,hibrida_dia_turno_curso_pares,180.0,180.0,600.0,14400.0,False,False,alfabetica,,alfabetica,,./dados/2024_1/horarios_2024_1.xlsx,./dados/2024_1/salas_2024_1.csv,./dados/2024_1/salas_preferenciais_2024.1.xlsx,/Users/robertdrey/Documents/workspace/development/alocador_de_salas,resultados/experimentos/2024_1/hibridas_dia_turno_curso_pares/dia_turno_curso_pares_init180.sol,resultados/experimentos/2024_1/hibridas_dia_turno_curso_pares/dia_turno_curso_pares_init180.csv,resultados/experimentos/2024_1/hibridas_dia_turno_curso_pares/dia_turno_curso_pares_init180.json,dia_turno_curso -> par_cursos,alfabetica,,alfabetica,,180.0,1,180.0,600.0,1,0,CICLO_SEM_MELHORIA,3,,,
3,5,113,dia_turno_curso,6_N_CS,57,12420,82570,OPTIMAL,185264.5,185264.5,False,185264.5,2.88,2.57,600.0,6,N,CS,alfabetica,,1,True,True,CICLO_SEM_MELHORIA,iteracao,hibrida_dia_turno_curso_pares,180.0,180.0,600.0,14400.0,False,False,alfabetica,,alfabetica,,./dados/2024_1/horarios_2024_1.xlsx,./dados/2024_1/salas_2024_1.csv,./dados/2024_1/salas_preferenciais_2024.1.xlsx,/Users/robertdrey/Documents/workspace/development/alocador_de_salas,resultados/experimentos/2024_1/hibridas_dia_turno_curso_pares/dia_turno_curso_pares_init180.sol,resultados/experimentos/2024_1/hibridas_dia_turno_curso_pares/dia_turno_curso_pares_init180.csv,resultados/experimentos/2024_1/hibridas_dia_turno_curso_pares/dia_turno_curso_pares_init180.json,dia_turno_curso -> par_cursos,alfabetica,,alfabetica,,180.0,1,180.0,600.0,1,0,CICLO_SEM_MELHORIA,3,,,
3,5,114,dia_turno_curso,6_N_EAS,83,15456,79534,OPTIMAL,185264.5,185264.5,False,185264.5,1.6,1.29,600.0,6,N,EAS,alfabetica,,1,True,True,CICLO_SEM_MELHORIA,iteracao,hibrida_dia_turno_curso_pares,180.0,180.0,600.0,14400.0,False,False,alfabetica,,alfabetica,,./dados/2024_1/horarios_2024_1.xlsx,./dados/2024_1/salas_2024_1.csv,./dados/2024_1/salas_preferenciais_2024.1.xlsx,/Users/robertdrey/Documents/workspace/development/alocador_de_salas,resultados/experimentos/2024_1/hibridas_dia_turno_curso_pares/dia_turno_curso_pares_init180.sol,resultados/experimentos/2024_1/hibridas_dia_turno_curso_pares/dia_turno_curso_pares_init180.csv,resultados/experimentos/2024_1/hibridas_dia_turno_curso_pares/dia_turno_curso_pares_init180.json,dia_turno_curso -> par_cursos,alfabetica,,alfabetica,,180.0,1,180.0,600.0,1,0,CICLO_SEM_MELHORIA,3,,,
3,5,115,dia_turno_curso,6_N_FIL,51,10810,84180,OPTIMAL,185264.5,185264.5,False,185264.5,1.75,1.44,600.0,6,N,FIL,alfabetica,,1,True,True,CICLO_SEM_MELHORIA,iteracao,hibrida_dia_turno_curso_pares,180.0,180.0,600.0,14400.0,False,False,alfabetica,,alfabetica,,./dados/2024_1/horarios_2024_1.xlsx,./dados/2024_1/salas_2024_1.csv,./dados/2024_1/salas_preferenciais_2024.1.xlsx,/Users/robertdrey/Documents/workspace/development/alocador_de_salas,resultados/experimentos/2024_1/hibridas_dia_turno_curso_pares/dia_turno_curso_pares_init180.sol,resultados/experimentos/2024_1/hibridas_dia_turno_curso_pares/dia_turno_curso_pares_init180.csv,resultados/experimentos/2024_1/hibridas_dia_turno_curso_pares/dia_turno_curso_pares_init180.json,dia_turno_curso -> par_cursos,alfabetica,,alfabetica,,180.0,1,180.0,600.0,1,0,CICLO_SEM_MELHORIA,3,,,
3,5,116,dia_turno_curso,6_N_GEO,47,10304,84686,OPTIMAL,185264.5,185264.5,False,185264.5,1.87,1.55,600.0,6,N,GEO,alfabetica,,1,True,True,CICLO_SEM_MELHORIA,iteracao,hibrida_dia_turno_curso_pares,180.0,180.0,600.0,14400.0,False,False,alfabetica,,alfabetica,,./dados/2024_1/horarios_2024_1.xlsx,./dados/2024_1/salas_2024_1.csv,./dados/2024_1/salas_preferenciais_2024.1.xlsx,/Users/robertdrey/Documents/workspace/development/alocador_de_salas,resultados/experimentos/2024_1/hibridas_dia_turno_curso_pares/dia_turno_curso_pares_init180.sol,resultados/experimentos/2024_1/hibridas_dia_turno_curso_pares/dia_turno_curso_pares_init180.csv,resultados/experimentos/2024_1/hibridas_dia_turno_curso_pares/dia_turno_curso_pares_init180.json,dia_turno_curso -> par_cursos,alfabetica,,alfabetica,,180.0,1,180.0,600.0,1,0,CICLO_SEM_MELHORIA,3,,,
3,5,117,dia_turno_curso,6_N_HIS,59,12650,82340,OPTIMAL,185264.5,185264.5,False,185264.5,2.04,1.73,600.0,6,N,HIS,alfabetica,,1,True,True,CICLO_SEM_MELHORIA,iteracao,hibrida_dia_turno_curso_pares,180.0,180.0,600.0,14400.0,False,False,alfabetica,,alfabetica,,./dados/2024_1/horarios_2024_1.xlsx,./dados/2024_1/salas_2024_1.csv,./dados/2024_1/salas_preferenciais_2024.1.xlsx,/Users/robertdrey/Documents/workspace/development/alocador_de_salas,resultados/experimentos/2024_1/hibridas_dia_turno_curso_pares/dia_turno_curso_pares_init180.sol,resultados/experimentos/2024_1/hibridas_dia_turno_curso_pares/dia_turno_curso_pares_init180.csv,resultados/experimentos/2024_1/hibridas_dia_turno_curso_pares/dia_turno_curso_pares_init180.json,dia_turno_curso -> par_cursos,alfabetica,,alfabetica,,180.0,1,180.0,600.0,1,0,CICLO_SEM_MELHORIA,3,,,
3,5,118,dia_turno_curso,6_N_LET,69,16376,78614,OPTIMAL,185264.5,185264.5,False,185264.5,3.82,3.51,600.0,6,N,LET,alfabetica,,1,True,True,CICLO_SEM_MELHORIA,iteracao,hibrida_dia_turno_curso_pares,180.0,180.0,600.0,14400.0,False,False,alfabetica,,alfabetica,,./dados/2024_1/horarios_2024_1.xlsx,./dados/2024_1/salas_2024_1.csv,./dados/2024_1/salas_preferenciais_2024.1.xlsx,/Users/robertdrey/Documents/workspace/development/alocador_de_salas,resultados/experimentos/2024_1/hibridas_dia_turno_curso_pares/dia_turno_curso_pares_init180.sol,resultados/experimentos/2024_1/hibridas_dia_turno_curso_pares/dia_turno_curso_pares_init180.csv,resultados/experimentos/2024_1/hibridas_dia_turno_curso_pares/dia_turno_curso_pares_init180.json,dia_turno_curso -> par_cursos,alfabetica,,alfabetica,,180.0,1,180.0,600.0,1,0,CICLO_SEM_MELHORIA,3,,,
3,5,119,dia_turno_curso,6_N_MAT,58,12834,82156,OPTIMAL,185264.5,185264.5,False,185264.5,2.38,2.08,600.0,6,N,MAT,alfabetica,,1,True,True,CICLO_SEM_MELHORIA,iteracao,hibrida_dia_turno_curso_pares,180.0,180.0,600.0,14400.0,False,False,alfabetica,,alfabetica,,./dados/2024_1/horarios_2024_1.xlsx,./dados/2024_1/salas_2024_1.csv,./dados/2024_1/salas_preferenciais_2024.1.xlsx,/Users/robertdrey/Documents/workspace/development/alocador_de_salas,resultados/experimentos/2024_1/hibridas_dia_turno_curso_pares/dia_turno_curso_pares_init180.sol,resultados/experimentos/2024_1/hibridas_dia_turno_curso_pares/dia_turno_curso_pares_init180.csv,resultados/experimentos/2024_1/hibridas_dia_turno_curso_pares/dia_turno_curso_pares_init180.json,dia_turno_curso -> par_cursos,alfabetica,,alfabetica,,180.0,1,180.0,600.0,1,0,CICLO_SEM_MELHORIA,3,,,
3,5,120,dia_turno_curso,6_N_PED,89,20286,74704,OPTIMAL,185264.5,185264.5,False,185264.5,31.94,31.63,600.0,6,N,PED,alfabetica,,1,True,True,CICLO_SEM_MELHORIA,iteracao,hibrida_dia_turno_curso_pares,180.0,180.0,600.0,14400.0,False,False,alfabetica,,alfabetica,,./dados/2024_1/horarios_2024_1.xlsx,./dados/2024_1/salas_2024_1.csv,./dados/2024_1/salas_preferenciais_2024.1.xlsx,/Users/robertdrey/Documents/workspace/development/alocador_de_salas,resultados/experimentos/2024_1/hibridas_dia_turno_curso_pares/dia_turno_curso_pares_init180.sol,resultados/experimentos/2024_1/hibridas_dia_turno_curso_pares/dia_turno_curso_pares_init180.csv,resultados/experimentos/2024_1/hibridas_dia_turno_curso_pares/dia_turno_curso_pares_init180.json,dia_turno_curso -> par_cursos,alfabetica,,alfabetica,,180.0,1,180.0,600.0,1,0,CICLO_SEM_MELHORIA,3,,,
3,5,121,dia_turno_curso,7_M_AGRO,68,15870,79120,OPTIMAL,185264.5,185264.5,False,185264.5,8.38,8.06,600.0,7,M,AGRO,alfabetica,,1,True,True,CICLO_SEM_MELHORIA,iteracao,hibrida_dia_turno_curso_pares,180.0,180.0,600.0,14400.0,False,False,alfabetica,,alfabetica,,./dados/2024_1/horarios_2024_1.xlsx,./dados/2024_1/salas_2024_1.csv,./dados/2024_1/salas_preferenciais_2024.1.xlsx,/Users/robertdrey/Documents/workspace/development/alocador_de_salas,resultados/experimentos/2024_1/hibridas_dia_turno_curso_pares/dia_turno_curso_pares_init180.sol,resultados/experimentos/2024_1/hibridas_dia_turno_curso_pares/dia_turno_curso_pares_init180.csv,resultados/experimentos/2024_1/hibridas_dia_turno_curso_pares/dia_turno_curso_pares_init180.json,dia_turno_curso -> par_cursos,alfabetica,,alfabetica,,180.0,1,180.0,600.0,1,0,CICLO_SEM_MELHORIA,3,,,
3,5,122,dia_turno_curso,7_M_CC,63,17480,77510,OPTIMAL,185264.5,185264.5,False,185264.5,4.2,3.89,600.0,7,M,CC,alfabetica,,1,True,True,CICLO_SEM_MELHORIA,iteracao,hibrida_dia_turno_curso_pares,180.0,180.0,600.0,14400.0,False,False,alfabetica,,alfabetica,,./dados/2024_1/horarios_2024_1.xlsx,./dados/2024_1/salas_2024_1.csv,./dados/2024_1/salas_preferenciais_2024.1.xlsx,/Users/robertdrey/Documents/workspace/development/alocador_de_salas,resultados/experimentos/2024_1/hibridas_dia_turno_curso_pares/dia_turno_curso_pares_init180.sol,resultados/experimentos/2024_1/hibridas_dia_turno_curso_pares/dia_turno_curso_pares_init180.csv,resultados/experimentos/2024_1/hibridas_dia_turno_curso_pares/dia_turno_curso_pares_init180.json,dia_turno_curso -> par_cursos,alfabetica,,alfabetica,,180.0,1,180.0,600.0,1,0,CICLO_SEM_MELHORIA,3,,,
3,5,123,dia_turno_curso,7_M_CS,40,12742,82248,OPTIMAL,185264.5,185264.5,False,185264.5,0.96,0.65,600.0,7,M,CS,alfabetica,,1,True,True,CICLO_SEM_MELHORIA,iteracao,hibrida_dia_turno_curso_pares,180.0,180.0,600.0,14400.0,False,False,alfabetica,,alfabetica,,./dados/2024_1/horarios_2024_1.xlsx,./dados/2024_1/salas_2024_1.csv,./dados/2024_1/salas_preferenciais_2024.1.xlsx,/Users/robertdrey/Documents/workspace/development/alocador_de_salas,resultados/experimentos/2024_1/hibridas_dia_turno_curso_pares/dia_turno_curso_pares_init180.sol,resultados/experimentos/2024_1/hibridas_dia_turno_curso_pares/dia_turno_curso_pares_init180.csv,resultados/experimentos/2024_1/hibridas_dia_turno_curso_pares/dia_turno_curso_pares_init180.json,dia_turno_curso -> par_cursos,alfabetica,,alfabetica,,180.0,1,180.0,600.0,1,0,CICLO_SEM_MELHORIA,3,,,
3,5,124,dia_turno_curso,7_M_GEO,28,10258,84732,OPTIMAL,185264.5,185264.5,False,185264.5,0.89,0.57,600.0,7,M,GEO,alfabetica,,1,True,True,CICLO_SEM_MELHORIA,iteracao,hibrida_dia_turno_curso_pares,180.0,180.0,600.0,14400.0,False,False,alfabetica,,alfabetica,,./dados/2024_1/horarios_2024_1.xlsx,./dados/2024_1/salas_2024_1.csv,./dados/2024_1/salas_preferenciais_2024.1.xlsx,/Users/robertdrey/Documents/workspace/development/alocador_de_salas,resultados/experimentos/2024_1/hibridas_dia_turno_curso_pares/dia_turno_curso_pares_init180.sol,resultados/experimentos/2024_1/hibridas_dia_turno_curso_pares/dia_turno_curso_pares_init180.csv,resultados/experimentos/2024_1/hibridas_dia_turno_curso_pares/dia_turno_curso_pares_init180.json,dia_turno_curso -> par_cursos,alfabetica,,alfabetica,,180.0,1,180.0,600.0,1,0,CICLO_SEM_MELHORIA,3,,,
3,5,125,dia_turno_curso,7_M_HIS,41,12420,82570,OPTIMAL,185264.5,185264.5,False,185264.5,1.03,0.71,600.0,7,M,HIS,alfabetica,,1,True,True,CICLO_SEM_MELHORIA,iteracao,hibrida_dia_turno_curso_pares,180.0,180.0,600.0,14400.0,False,False,alfabetica,,alfabetica,,./dados/2024_1/horarios_2024_1.xlsx,./dados/2024_1/salas_2024_1.csv,./dados/2024_1/salas_preferenciais_2024.1.xlsx,/Users/robertdrey/Documents/workspace/development/alocador_de_salas,resultados/experimentos/2024_1/hibridas_dia_turno_curso_pares/dia_turno_curso_pares_init180.sol,resultados/experimentos/2024_1/hibridas_dia_turno_curso_pares/dia_turno_curso_pares_init180.csv,resultados/experimentos/2024_1/hibridas_dia_turno_curso_pares/dia_turno_curso_pares_init180.json,dia_turno_curso -> par_cursos,alfabetica,,alfabetica,,180.0,1,180.0,600.0,1,0,CICLO_SEM_MELHORIA,3,,,
3,5,126,dia_turno_curso,7_M_MAT,40,12604,82386,OPTIMAL,185264.5,185264.5,False,185264.5,1.15,0.84,600.0,7,M,MAT,alfabetica,,1,True,True,CICLO_SEM_MELHORIA,iteracao,hibrida_dia_turno_curso_pares,180.0,180.0,600.0,14400.0,False,False,alfabetica,,alfabetica,,./dados/2024_1/horarios_2024_1.xlsx,./dados/2024_1/salas_2024_1.csv,./dados/2024_1/salas_preferenciais_2024.1.xlsx,/Users/robertdrey/Documents/workspace/development/alocador_de_salas,resultados/experimentos/2024_1/hibridas_dia_turno_curso_pares/dia_turno_curso_pares_init180.sol,resultados/experimentos/2024_1/hibridas_dia_turno_curso_pares/dia_turno_curso_pares_init180.csv,resultados/experimentos/2024_1/hibridas_dia_turno_curso_pares/dia_turno_curso_pares_init180.json,dia_turno_curso -> par_cursos,alfabetica,,alfabetica,,180.0,1,180.0,600.0,1,0,CICLO_SEM_MELHORIA,3,,,
3,5,127,dia_turno_curso,7_M_MED,59,17480,77510,OPTIMAL,185264.5,185264.5,False,185264.5,1.7,1.4,600.0,7,M,MED,alfabetica,,1,True,True,CICLO_SEM_MELHORIA,iteracao,hibrida_dia_turno_curso_pares,180.0,180.0,600.0,14400.0,False,False,alfabetica,,alfabetica,,./dados/2024_1/horarios_2024_1.xlsx,./dados/2024_1/salas_2024_1.csv,./dados/2024_1/salas_preferenciais_2024.1.xlsx,/Users/robertdrey/Documents/workspace/development/alocador_de_salas,resultados/experimentos/2024_1/hibridas_dia_turno_curso_pares/dia_turno_curso_pares_init180.sol,resultados/experimentos/2024_1/hibridas_dia_turno_curso_pares/dia_turno_curso_pares_init180.csv,resultados/experimentos/2024_1/hibridas_dia_turno_curso_pares/dia_turno_curso_pares_init180.json,dia_turno_curso -> par_cursos,alfabetica,,alfabetica,,180.0,1,180.0,600.0,1,0,CICLO_SEM_MELHORIA,3,,,
3,5,128,dia_turno_curso,7_M_PED,68,17572,77418,OPTIMAL,185264.5,185264.5,False,185264.5,60.3,59.99,600.0,7,M,PED,alfabetica,,1,True,True,CICLO_SEM_MELHORIA,iteracao,hibrida_dia_turno_curso_pares,180.0,180.0,600.0,14400.0,False,False,alfabetica,,alfabetica,,./dados/2024_1/horarios_2024_1.xlsx,./dados/2024_1/salas_2024_1.csv,./dados/2024_1/salas_preferenciais_2024.1.xlsx,/Users/robertdrey/Documents/workspace/development/alocador_de_salas,resultados/experimentos/2024_1/hibridas_dia_turno_curso_pares/dia_turno_curso_pares_init180.sol,resultados/experimentos/2024_1/hibridas_dia_turno_curso_pares/dia_turno_curso_pares_init180.csv,resultados/experimentos/2024_1/hibridas_dia_turno_curso_pares/dia_turno_curso_pares_init180.json,dia_turno_curso -> par_cursos,alfabetica,,alfabetica,,180.0,1,180.0,600.0,1,0,CICLO_SEM_MELHORIA,3,,,
3,5,129,dia_turno_curso,7_T_AGRO,58,12144,82846,OPTIMAL,185264.5,185264.5,False,185264.5,5.68,5.37,600.0,7,T,AGRO,alfabetica,,1,True,True,CICLO_SEM_MELHORIA,iteracao,hibrida_dia_turno_curso_pares,180.0,180.0,600.0,14400.0,False,False,alfabetica,,alfabetica,,./dados/2024_1/horarios_2024_1.xlsx,./dados/2024_1/salas_2024_1.csv,./dados/2024_1/salas_preferenciais_2024.1.xlsx,/Users/robertdrey/Documents/workspace/development/alocador_de_salas,resultados/experimentos/2024_1/hibridas_dia_turno_curso_pares/dia_turno_curso_pares_init180.sol,resultados/experimentos/2024_1/hibridas_dia_turno_curso_pares/dia_turno_curso_pares_init180.csv,resultados/experimentos/2024_1/hibridas_dia_turno_curso_pares/dia_turno_curso_pares_init180.json,dia_turno_curso -> par_cursos,alfabetica,,alfabetica,,180.0,1,180.0,600.0,1,0,CICLO_SEM_MELHORIA,3,,,
3,5,130,dia_turno_curso,7_T_CC,53,13754,81236,OPTIMAL,185264.5,185264.5,False,185264.5,4.36,4.04,600.0,7,T,CC,alfabetica,,1,True,True,CICLO_SEM_MELHORIA,iteracao,hibrida_dia_turno_curso_pares,180.0,180.0,600.0,14400.0,False,False,alfabetica,,alfabetica,,./dados/2024_1/horarios_2024_1.xlsx,./dados/2024_1/salas_2024_1.csv,./dados/2024_1/salas_preferenciais_2024.1.xlsx,/Users/robertdrey/Documents/workspace/development/alocador_de_salas,resultados/experimentos/2024_1/hibridas_dia_turno_curso_pares/dia_turno_curso_pares_init180.sol,resultados/experimentos/2024_1/hibridas_dia_turno_curso_pares/dia_turno_curso_pares_init180.csv,resultados/experimentos/2024_1/hibridas_dia_turno_curso_pares/dia_turno_curso_pares_init180.json,dia_turno_curso -> par_cursos,alfabetica,,alfabetica,,180.0,1,180.0,600.0,1,0,CICLO_SEM_MELHORIA,3,,,
3,5,131,dia_turno_curso,7_T_HIS,32,9246,85744,OPTIMAL,185264.5,185264.5,False,185264.5,0.81,0.49,600.0,7,T,HIS,alfabetica,,1,True,True,CICLO_SEM_MELHORIA,iteracao,hibrida_dia_turno_curso_pares,180.0,180.0,600.0,14400.0,False,False,alfabetica,,alfabetica,,./dados/2024_1/horarios_2024_1.xlsx,./dados/2024_1/salas_2024_1.csv,./dados/2024_1/salas_preferenciais_2024.1.xlsx,/Users/robertdrey/Documents/workspace/development/alocador_de_salas,resultados/experimentos/2024_1/hibridas_dia_turno_curso_pares/dia_turno_curso_pares_init180.sol,resultados/experimentos/2024_1/hibridas_dia_turno_curso_pares/dia_turno_curso_pares_init180.csv,resultados/experimentos/2024_1/hibridas_dia_turno_curso_pares/dia_turno_curso_pares_init180.json,dia_turno_curso -> par_cursos,alfabetica,,alfabetica,,180.0,1,180.0,600.0,1,0,CICLO_SEM_MELHORIA,3,,,
3,5,132,dia_turno_curso,7_T_PED,62,15640,79350,OPTIMAL,185264.5,185264.5,False,185264.5,44.37,44.06,600.0,7,T,PED,alfabetica,,1,True,True,CICLO_SEM_MELHORIA,iteracao,hibrida_dia_turno_curso_pares,180.0,180.0,600.0,14400.0,False,False,alfabetica,,alfabetica,,./dados/2024_1/horarios_2024_1.xlsx,./dados/2024_1/salas_2024_1.csv,./dados/2024_1/salas_preferenciais_2024.1.xlsx,/Users/robertdrey/Documents/workspace/development/alocador_de_salas,resultados/experimentos/2024_1/hibridas_dia_turno_curso_pares/dia_turno_curso_pares_init180.sol,resultados/experimentos/2024_1/hibridas_dia_turno_curso_pares/dia_turno_curso_pares_init180.csv,resultados/experimentos/2024_1/hibridas_dia_turno_curso_pares/dia_turno_curso_pares_init180.json,dia_turno_curso -> par_cursos,alfabetica,,alfabetica,,180.0,1,180.0,600.0,1,0,CICLO_SEM_MELHORIA,3,,,
3,5,133,dia_turno_curso,7_N_AGRO,53,10028,84962,OPTIMAL,185264.5,185264.5,False,185264.5,5.61,5.3,600.0,7,N,AGRO,alfabetica,,1,True,True,CICLO_SEM_MELHORIA,iteracao,hibrida_dia_turno_curso_pares,180.0,180.0,600.0,14400.0,False,False,alfabetica,,alfabetica,,./dados/2024_1/horarios_2024_1.xlsx,./dados/2024_1/salas_2024_1.csv,./dados/2024_1/salas_preferenciais_2024.1.xlsx,/Users/robertdrey/Documents/workspace/development/alocador_de_salas,resultados/experimentos/2024_1/hibridas_dia_turno_curso_pares/dia_turno_curso_pares_init180.sol,resultados/experimentos/2024_1/hibridas_dia_turno_curso_pares/dia_turno_curso_pares_init180.csv,resultados/experimentos/2024_1/hibridas_dia_turno_curso_pares/dia_turno_curso_pares_init180.json,dia_turno_curso -> par_cursos,alfabetica,,alfabetica,,180.0,1,180.0,600.0,1,0,CICLO_SEM_MELHORIA,3,,,
3,5,134,dia_turno_curso,7_N_HIS,26,6532,88458,OPTIMAL,185264.5,185264.5,False,185264.5,0.72,0.4,600.0,7,N,HIS,alfabetica,,1,True,True,CICLO_SEM_MELHORIA,iteracao,hibrida_dia_turno_curso_pares,180.0,180.0,600.0,14400.0,False,False,alfabetica,,alfabetica,,./dados/2024_1/horarios_2024_1.xlsx,./dados/2024_1/salas_2024_1.csv,./dados/2024_1/salas_preferenciais_2024.1.xlsx,/Users/robertdrey/Documents/workspace/development/alocador_de_salas,resultados/experimentos/2024_1/hibridas_dia_turno_curso_pares/dia_turno_curso_pares_init180.sol,resultados/experimentos/2024_1/hibridas_dia_turno_curso_pares/dia_turno_curso_pares_init180.csv,resultados/experimentos/2024_1/hibridas_dia_turno_curso_pares/dia_turno_curso_pares_init180.json,dia_turno_curso -> par_cursos,alfabetica,,alfabetica,,180.0,1,180.0,600.0,1,0,CICLO_SEM_MELHORIA,3,,,
3,5,135,dia_turno_curso,7_N_PED,58,14168,80822,OPTIMAL,185264.5,185264.5,False,185264.5,13.8,13.46,600.0,7,N,PED,alfabetica,,1,True,True,CICLO_SEM_MELHORIA,iteracao,hibrida_dia_turno_curso_pares,180.0,180.0,600.0,14400.0,False,False,alfabetica,,alfabetica,,./dados/2024_1/horarios_2024_1.xlsx,./dados/2024_1/salas_2024_1.csv,./dados/2024_1/salas_preferenciais_2024.1.xlsx,/Users/robertdrey/Documents/workspace/development/alocador_de_salas,resultados/experimentos/2024_1/hibridas_dia_turno_curso_pares/dia_turno_curso_pares_init180.sol,resultados/experimentos/2024_1/hibridas_dia_turno_curso_pares/dia_turno_curso_pares_init180.csv,resultados/experimentos/2024_1/hibridas_dia_turno_curso_pares/dia_turno_curso_pares_init180.json,dia_turno_curso -> par_cursos,alfabetica,,alfabetica,,180.0,1,180.0,600.0,1,0,CICLO_SEM_MELHORIA,3,,,
3,6,1,par_cursos,ADM+AGRO,99,18032,76958,OPTIMAL,185264.5,185264.5,False,185264.5,9.77,9.42,600.0,,,,alfabetica,,2,True,True,CICLO_SEM_MELHORIA,iteracao,hibrida_dia_turno_curso_pares,180.0,180.0,600.0,14400.0,False,False,alfabetica,,alfabetica,,./dados/2024_1/horarios_2024_1.xlsx,./dados/2024_1/salas_2024_1.csv,./dados/2024_1/salas_preferenciais_2024.1.xlsx,/Users/robertdrey/Documents/workspace/development/alocador_de_salas,resultados/experimentos/2024_1/hibridas_dia_turno_curso_pares/dia_turno_curso_pares_init180.sol,resultados/experimentos/2024_1/hibridas_dia_turno_curso_pares/dia_turno_curso_pares_init180.csv,resultados/experimentos/2024_1/hibridas_dia_turno_curso_pares/dia_turno_curso_pares_init180.json,dia_turno_curso -> par_cursos,alfabetica,,alfabetica,,180.0,1,180.0,600.0,1,0,CICLO_SEM_MELHORIA,3,ADM,AGRO,1
3,6,2,par_cursos,ADM+CC,95,19826,75164,OPTIMAL,185264.5,185264.5,False,185264.5,4.56,4.24,600.0,,,,alfabetica,,2,True,True,CICLO_SEM_MELHORIA,iteracao,hibrida_dia_turno_curso_pares,180.0,180.0,600.0,14400.0,False,False,alfabetica,,alfabetica,,./dados/2024_1/horarios_2024_1.xlsx,./dados/2024_1/salas_2024_1.csv,./dados/2024_1/salas_preferenciais_2024.1.xlsx,/Users/robertdrey/Documents/workspace/development/alocador_de_salas,resultados/experimentos/2024_1/hibridas_dia_turno_curso_pares/dia_turno_curso_pares_init180.sol,resultados/experimentos/2024_1/hibridas_dia_turno_curso_pares/dia_turno_curso_pares_init180.csv,resultados/experimentos/2024_1/hibridas_dia_turno_curso_pares/dia_turno_curso_pares_init180.json,dia_turno_curso -> par_cursos,alfabetica,,alfabetica,,180.0,1,180.0,600.0,1,0,CICLO_SEM_MELHORIA,3,ADM,CC,2
3,6,3,par_cursos,ADM+CS,70,13846,81144,OPTIMAL,185264.5,185264.5,False,185264.5,1.12,0.8,600.0,,,,alfabetica,,2,True,True,CICLO_SEM_MELHORIA,iteracao,hibrida_dia_turno_curso_pares,180.0,180.0,600.0,14400.0,False,False,alfabetica,,alfabetica,,./dados/2024_1/horarios_2024_1.xlsx,./dados/2024_1/salas_2024_1.csv,./dados/2024_1/salas_preferenciais_2024.1.xlsx,/Users/robertdrey/Documents/workspace/development/alocador_de_salas,resultados/experimentos/2024_1/hibridas_dia_turno_curso_pares/dia_turno_curso_pares_init180.sol,resultados/experimentos/2024_1/hibridas_dia_turno_curso_pares/dia_turno_curso_pares_init180.csv,resultados/experimentos/2024_1/hibridas_dia_turno_curso_pares/dia_turno_curso_pares_init180.json,dia_turno_curso -> par_cursos,alfabetica,,alfabetica,,180.0,1,180.0,600.0,1,0,CICLO_SEM_MELHORIA,3,ADM,CS,3
3,6,4,par_cursos,ADM+EAS,93,16744,78246,OPTIMAL,185264.5,185264.5,False,185264.5,1.31,1.0,600.0,,,,alfabetica,,2,True,True,CICLO_SEM_MELHORIA,iteracao,hibrida_dia_turno_curso_pares,180.0,180.0,600.0,14400.0,False,False,alfabetica,,alfabetica,,./dados/2024_1/horarios_2024_1.xlsx,./dados/2024_1/salas_2024_1.csv,./dados/2024_1/salas_preferenciais_2024.1.xlsx,/Users/robertdrey/Documents/workspace/development/alocador_de_salas,resultados/experimentos/2024_1/hibridas_dia_turno_curso_pares/dia_turno_curso_pares_init180.sol,resultados/experimentos/2024_1/hibridas_dia_turno_curso_pares/dia_turno_curso_pares_init180.csv,resultados/experimentos/2024_1/hibridas_dia_turno_curso_pares/dia_turno_curso_pares_init180.json,dia_turno_curso -> par_cursos,alfabetica,,alfabetica,,180.0,1,180.0,600.0,1,0,CICLO_SEM_MELHORIA,3,ADM,EAS,4
3,6,5,par_cursos,ADM+ENF,66,17802,77188,OPTIMAL,185264.5,185264.5,False,185264.5,5.16,4.84,600.0,,,,alfabetica,,2,True,True,CICLO_SEM_MELHORIA,iteracao,hibrida_dia_turno_curso_pares,180.0,180.0,600.0,14400.0,False,False,alfabetica,,alfabetica,,./dados/2024_1/horarios_2024_1.xlsx,./dados/2024_1/salas_2024_1.csv,./dados/2024_1/salas_preferenciais_2024.1.xlsx,/Users/robertdrey/Documents/workspace/development/alocador_de_salas,resultados/experimentos/2024_1/hibridas_dia_turno_curso_pares/dia_turno_curso_pares_init180.sol,resultados/experimentos/2024_1/hibridas_dia_turno_curso_pares/dia_turno_curso_pares_init180.csv,resultados/experimentos/2024_1/hibridas_dia_turno_curso_pares/dia_turno_curso_pares_init180.json,dia_turno_curso -> par_cursos,alfabetica,,alfabetica,,180.0,1,180.0,600.0,1,0,CICLO_SEM_MELHORIA,3,ADM,ENF,5
3,6,6,par_cursos,ADM+FIL,63,12052,82938,OPTIMAL,185264.5,185264.5,False,185264.5,0.94,0.63,600.0,,,,alfabetica,,2,True,True,CICLO_SEM_MELHORIA,iteracao,hibrida_dia_turno_curso_pares,180.0,180.0,600.0,14400.0,False,False,alfabetica,,alfabetica,,./dados/2024_1/horarios_2024_1.xlsx,./dados/2024_1/salas_2024_1.csv,./dados/2024_1/salas_preferenciais_2024.1.xlsx,/Users/robertdrey/Documents/workspace/development/alocador_de_salas,resultados/experimentos/2024_1/hibridas_dia_turno_curso_pares/dia_turno_curso_pares_init180.sol,resultados/experimentos/2024_1/hibridas_dia_turno_curso_pares/dia_turno_curso_pares_init180.csv,resultados/experimentos/2024_1/hibridas_dia_turno_curso_pares/dia_turno_curso_pares_init180.json,dia_turno_curso -> par_cursos,alfabetica,,alfabetica,,180.0,1,180.0,600.0,1,0,CICLO_SEM_MELHORIA,3,ADM,FIL,6
3,6,7,par_cursos,ADM+GEO,58,11362,83628,OPTIMAL,185264.5,185264.5,False,185264.5,0.91,0.6,600.0,,,,alfabetica,,2,True,True,CICLO_SEM_MELHORIA,iteracao,hibrida_dia_turno_curso_pares,180.0,180.0,600.0,14400.0,False,False,alfabetica,,alfabetica,,./dados/2024_1/horarios_2024_1.xlsx,./dados/2024_1/salas_2024_1.csv,./dados/2024_1/salas_preferenciais_2024.1.xlsx,/Users/robertdrey/Documents/workspace/development/alocador_de_salas,resultados/experimentos/2024_1/hibridas_dia_turno_curso_pares/dia_turno_curso_pares_init180.sol,resultados/experimentos/2024_1/hibridas_dia_turno_curso_pares/dia_turno_curso_pares_init180.csv,resultados/experimentos/2024_1/hibridas_dia_turno_curso_pares/dia_turno_curso_pares_init180.json,dia_turno_curso -> par_cursos,alfabetica,,alfabetica,,180.0,1,180.0,600.0,1,0,CICLO_SEM_MELHORIA,3,ADM,GEO,7
3,6,8,par_cursos,ADM+HIS,72,14076,80914,OPTIMAL,185264.5,185264.5,False,185264.5,1.09,0.77,600.0,,,,alfabetica,,2,True,True,CICLO_SEM_MELHORIA,iteracao,hibrida_dia_turno_curso_pares,180.0,180.0,600.0,14400.0,False,False,alfabetica,,alfabetica,,./dados/2024_1/horarios_2024_1.xlsx,./dados/2024_1/salas_2024_1.csv,./dados/2024_1/salas_preferenciais_2024.1.xlsx,/Users/robertdrey/Documents/workspace/development/alocador_de_salas,resultados/experimentos/2024_1/hibridas_dia_turno_curso_pares/dia_turno_curso_pares_init180.sol,resultados/experimentos/2024_1/hibridas_dia_turno_curso_pares/dia_turno_curso_pares_init180.csv,resultados/experimentos/2024_1/hibridas_dia_turno_curso_pares/dia_turno_curso_pares_init180.json,dia_turno_curso -> par_cursos,alfabetica,,alfabetica,,180.0,1,180.0,600.0,1,0,CICLO_SEM_MELHORIA,3,ADM,HIS,8
3,6,9,par_cursos,ADM+LET,84,18446,76544,OPTIMAL,185264.5,185264.5,False,185264.5,2.53,2.21,600.0,,,,alfabetica,,2,True,True,CICLO_SEM_MELHORIA,iteracao,hibrida_dia_turno_curso_pares,180.0,180.0,600.0,14400.0,False,False,alfabetica,,alfabetica,,./dados/2024_1/horarios_2024_1.xlsx,./dados/2024_1/salas_2024_1.csv,./dados/2024_1/salas_preferenciais_2024.1.xlsx,/Users/robertdrey/Documents/workspace/development/alocador_de_salas,resultados/experimentos/2024_1/hibridas_dia_turno_curso_pares/dia_turno_curso_pares_init180.sol,resultados/experimentos/2024_1/hibridas_dia_turno_curso_pares/dia_turno_curso_pares_init180.csv,resultados/experimentos/2024_1/hibridas_dia_turno_curso_pares/dia_turno_curso_pares_init180.json,dia_turno_curso -> par_cursos,alfabetica,,alfabetica,,180.0,1,180.0,600.0,1,0,CICLO_SEM_MELHORIA,3,ADM,LET,9
3,6,10,par_cursos,ADM+MAT,71,14260,80730,OPTIMAL,185264.5,185264.5,False,185264.5,1.13,0.82,600.0,,,,alfabetica,,2,True,True,CICLO_SEM_MELHORIA,iteracao,hibrida_dia_turno_curso_pares,180.0,180.0,600.0,14400.0,False,False,alfabetica,,alfabetica,,./dados/2024_1/horarios_2024_1.xlsx,./dados/2024_1/salas_2024_1.csv,./dados/2024_1/salas_preferenciais_2024.1.xlsx,/Users/robertdrey/Documents/workspace/development/alocador_de_salas,resultados/experimentos/2024_1/hibridas_dia_turno_curso_pares/dia_turno_curso_pares_init180.sol,resultados/experimentos/2024_1/hibridas_dia_turno_curso_pares/dia_turno_curso_pares_init180.csv,resultados/experimentos/2024_1/hibridas_dia_turno_curso_pares/dia_turno_curso_pares_init180.json,dia_turno_curso -> par_cursos,alfabetica,,alfabetica,,180.0,1,180.0,600.0,1,0,CICLO_SEM_MELHORIA,3,ADM,MAT,10
3,6,11,par_cursos,ADM+MED,89,18676,76314,OPTIMAL,185264.5,185264.5,False,185264.5,1.91,1.6,600.0,,,,alfabetica,,2,True,True,CICLO_SEM_MELHORIA,iteracao,hibrida_dia_turno_curso_pares,180.0,180.0,600.0,14400.0,False,False,alfabetica,,alfabetica,,./dados/2024_1/horarios_2024_1.xlsx,./dados/2024_1/salas_2024_1.csv,./dados/2024_1/salas_preferenciais_2024.1.xlsx,/Users/robertdrey/Documents/workspace/development/alocador_de_salas,resultados/experimentos/2024_1/hibridas_dia_turno_curso_pares/dia_turno_curso_pares_init180.sol,resultados/experimentos/2024_1/hibridas_dia_turno_curso_pares/dia_turno_curso_pares_init180.csv,resultados/experimentos/2024_1/hibridas_dia_turno_curso_pares/dia_turno_curso_pares_init180.json,dia_turno_curso -> par_cursos,alfabetica,,alfabetica,,180.0,1,180.0,600.0,1,0,CICLO_SEM_MELHORIA,3,ADM,MED,11
3,6,12,par_cursos,ADM+PED,104,22080,72910,TIME_LIMIT,185264.5,185264.5,False,185264.5,600.51,600.17,600.0,,,,alfabetica,,2,True,True,CICLO_SEM_MELHORIA,iteracao,hibrida_dia_turno_curso_pares,180.0,180.0,600.0,14400.0,False,False,alfabetica,,alfabetica,,./dados/2024_1/horarios_2024_1.xlsx,./dados/2024_1/salas_2024_1.csv,./dados/2024_1/salas_preferenciais_2024.1.xlsx,/Users/robertdrey/Documents/workspace/development/alocador_de_salas,resultados/experimentos/2024_1/hibridas_dia_turno_curso_pares/dia_turno_curso_pares_init180.sol,resultados/experimentos/2024_1/hibridas_dia_turno_curso_pares/dia_turno_curso_pares_init180.csv,resultados/experimentos/2024_1/hibridas_dia_turno_curso_pares/dia_turno_curso_pares_init180.json,dia_turno_curso -> par_cursos,alfabetica,,alfabetica,,180.0,1,180.0,600.0,1,0,CICLO_SEM_MELHORIA,3,ADM,PED,12
3,6,13,par_cursos,AGRO+CC,98,19274,75716,OPTIMAL,185264.5,185264.5,False,185264.5,160.7,160.32,600.0,,,,alfabetica,,2,True,True,CICLO_SEM_MELHORIA,iteracao,hibrida_dia_turno_curso_pares,180.0,180.0,600.0,14400.0,False,False,alfabetica,,alfabetica,,./dados/2024_1/horarios_2024_1.xlsx,./dados/2024_1/salas_2024_1.csv,./dados/2024_1/salas_preferenciais_2024.1.xlsx,/Users/robertdrey/Documents/workspace/development/alocador_de_salas,resultados/experimentos/2024_1/hibridas_dia_turno_curso_pares/dia_turno_curso_pares_init180.sol,resultados/experimentos/2024_1/hibridas_dia_turno_curso_pares/dia_turno_curso_pares_init180.csv,resultados/experimentos/2024_1/hibridas_dia_turno_curso_pares/dia_turno_curso_pares_init180.json,dia_turno_curso -> par_cursos,alfabetica,,alfabetica,,180.0,1,180.0,600.0,1,0,CICLO_SEM_MELHORIA,3,AGRO,CC,13
3,6,14,par_cursos,AGRO+CS,73,13294,81696,OPTIMAL,185264.5,185264.5,False,185264.5,16.24,15.92,600.0,,,,alfabetica,,2,True,True,CICLO_SEM_MELHORIA,iteracao,hibrida_dia_turno_curso_pares,180.0,180.0,600.0,14400.0,False,False,alfabetica,,alfabetica,,./dados/2024_1/horarios_2024_1.xlsx,./dados/2024_1/salas_2024_1.csv,./dados/2024_1/salas_preferenciais_2024.1.xlsx,/Users/robertdrey/Documents/workspace/development/alocador_de_salas,resultados/experimentos/2024_1/hibridas_dia_turno_curso_pares/dia_turno_curso_pares_init180.sol,resultados/experimentos/2024_1/hibridas_dia_turno_curso_pares/dia_turno_curso_pares_init180.csv,resultados/experimentos/2024_1/hibridas_dia_turno_curso_pares/dia_turno_curso_pares_init180.json,dia_turno_curso -> par_cursos,alfabetica,,alfabetica,,180.0,1,180.0,600.0,1,0,CICLO_SEM_MELHORIA,3,AGRO,CS,14
3,6,15,par_cursos,AGRO+EAS,96,16192,78798,OPTIMAL,185264.5,185264.5,False,185264.5,24.44,24.09,600.0,,,,alfabetica,,2,True,True,CICLO_SEM_MELHORIA,iteracao,hibrida_dia_turno_curso_pares,180.0,180.0,600.0,14400.0,False,False,alfabetica,,alfabetica,,./dados/2024_1/horarios_2024_1.xlsx,./dados/2024_1/salas_2024_1.csv,./dados/2024_1/salas_preferenciais_2024.1.xlsx,/Users/robertdrey/Documents/workspace/development/alocador_de_salas,resultados/experimentos/2024_1/hibridas_dia_turno_curso_pares/dia_turno_curso_pares_init180.sol,resultados/experimentos/2024_1/hibridas_dia_turno_curso_pares/dia_turno_curso_pares_init180.csv,resultados/experimentos/2024_1/hibridas_dia_turno_curso_pares/dia_turno_curso_pares_init180.json,dia_turno_curso -> par_cursos,alfabetica,,alfabetica,,180.0,1,180.0,600.0,1,0,CICLO_SEM_MELHORIA,3,AGRO,EAS,15
3,6,16,par_cursos,AGRO+ENF,69,17250,77740,OPTIMAL,185264.5,185264.5,False,185264.5,170.27,169.96,600.0,,,,alfabetica,,2,True,True,CICLO_SEM_MELHORIA,iteracao,hibrida_dia_turno_curso_pares,180.0,180.0,600.0,14400.0,False,False,alfabetica,,alfabetica,,./dados/2024_1/horarios_2024_1.xlsx,./dados/2024_1/salas_2024_1.csv,./dados/2024_1/salas_preferenciais_2024.1.xlsx,/Users/robertdrey/Documents/workspace/development/alocador_de_salas,resultados/experimentos/2024_1/hibridas_dia_turno_curso_pares/dia_turno_curso_pares_init180.sol,resultados/experimentos/2024_1/hibridas_dia_turno_curso_pares/dia_turno_curso_pares_init180.csv,resultados/experimentos/2024_1/hibridas_dia_turno_curso_pares/dia_turno_curso_pares_init180.json,dia_turno_curso -> par_cursos,alfabetica,,alfabetica,,180.0,1,180.0,600.0,1,0,CICLO_SEM_MELHORIA,3,AGRO,ENF,16
3,6,17,par_cursos,AGRO+FIL,66,11500,83490,OPTIMAL,185264.5,185264.5,False,185264.5,5.67,5.36,600.0,,,,alfabetica,,2,True,True,CICLO_SEM_MELHORIA,iteracao,hibrida_dia_turno_curso_pares,180.0,180.0,600.0,14400.0,False,False,alfabetica,,alfabetica,,./dados/2024_1/horarios_2024_1.xlsx,./dados/2024_1/salas_2024_1.csv,./dados/2024_1/salas_preferenciais_2024.1.xlsx,/Users/robertdrey/Documents/workspace/development/alocador_de_salas,resultados/experimentos/2024_1/hibridas_dia_turno_curso_pares/dia_turno_curso_pares_init180.sol,resultados/experimentos/2024_1/hibridas_dia_turno_curso_pares/dia_turno_curso_pares_init180.csv,resultados/experimentos/2024_1/hibridas_dia_turno_curso_pares/dia_turno_curso_pares_init180.json,dia_turno_curso -> par_cursos,alfabetica,,alfabetica,,180.0,1,180.0,600.0,1,0,CICLO_SEM_MELHORIA,3,AGRO,FIL,17
3,6,18,par_cursos,AGRO+GEO,61,10810,84180,OPTIMAL,185264.5,185264.5,False,185264.5,5.52,5.19,600.0,,,,alfabetica,,2,True,True,CICLO_SEM_MELHORIA,iteracao,hibrida_dia_turno_curso_pares,180.0,180.0,600.0,14400.0,False,False,alfabetica,,alfabetica,,./dados/2024_1/horarios_2024_1.xlsx,./dados/2024_1/salas_2024_1.csv,./dados/2024_1/salas_preferenciais_2024.1.xlsx,/Users/robertdrey/Documents/workspace/development/alocador_de_salas,resultados/experimentos/2024_1/hibridas_dia_turno_curso_pares/dia_turno_curso_pares_init180.sol,resultados/experimentos/2024_1/hibridas_dia_turno_curso_pares/dia_turno_curso_pares_init180.csv,resultados/experimentos/2024_1/hibridas_dia_turno_curso_pares/dia_turno_curso_pares_init180.json,dia_turno_curso -> par_cursos,alfabetica,,alfabetica,,180.0,1,180.0,600.0,1,0,CICLO_SEM_MELHORIA,3,AGRO,GEO,18
3,6,19,par_cursos,AGRO+HIS,75,13524,81466,OPTIMAL,185264.5,185264.5,False,185264.5,6.6,6.27,600.0,,,,alfabetica,,2,True,True,CICLO_SEM_MELHORIA,iteracao,hibrida_dia_turno_curso_pares,180.0,180.0,600.0,14400.0,False,False,alfabetica,,alfabetica,,./dados/2024_1/horarios_2024_1.xlsx,./dados/2024_1/salas_2024_1.csv,./dados/2024_1/salas_preferenciais_2024.1.xlsx,/Users/robertdrey/Documents/workspace/development/alocador_de_salas,resultados/experimentos/2024_1/hibridas_dia_turno_curso_pares/dia_turno_curso_pares_init180.sol,resultados/experimentos/2024_1/hibridas_dia_turno_curso_pares/dia_turno_curso_pares_init180.csv,resultados/experimentos/2024_1/hibridas_dia_turno_curso_pares/dia_turno_curso_pares_init180.json,dia_turno_curso -> par_cursos,alfabetica,,alfabetica,,180.0,1,180.0,600.0,1,0,CICLO_SEM_MELHORIA,3,AGRO,HIS,19
3,6,20,par_cursos,AGRO+LET,87,17894,77096,OPTIMAL,185264.5,185264.5,False,185264.5,11.86,11.54,600.0,,,,alfabetica,,2,True,True,CICLO_SEM_MELHORIA,iteracao,hibrida_dia_turno_curso_pares,180.0,180.0,600.0,14400.0,False,False,alfabetica,,alfabetica,,./dados/2024_1/horarios_2024_1.xlsx,./dados/2024_1/salas_2024_1.csv,./dados/2024_1/salas_preferenciais_2024.1.xlsx,/Users/robertdrey/Documents/workspace/development/alocador_de_salas,resultados/experimentos/2024_1/hibridas_dia_turno_curso_pares/dia_turno_curso_pares_init180.sol,resultados/experimentos/2024_1/hibridas_dia_turno_curso_pares/dia_turno_curso_pares_init180.csv,resultados/experimentos/2024_1/hibridas_dia_turno_curso_pares/dia_turno_curso_pares_init180.json,dia_turno_curso -> par_cursos,alfabetica,,alfabetica,,180.0,1,180.0,600.0,1,0,CICLO_SEM_MELHORIA,3,AGRO,LET,20
3,6,21,par_cursos,AGRO+MAT,74,13708,81282,OPTIMAL,185264.5,185264.5,False,185264.5,6.26,5.95,600.0,,,,alfabetica,,2,True,True,CICLO_SEM_MELHORIA,iteracao,hibrida_dia_turno_curso_pares,180.0,180.0,600.0,14400.0,False,False,alfabetica,,alfabetica,,./dados/2024_1/horarios_2024_1.xlsx,./dados/2024_1/salas_2024_1.csv,./dados/2024_1/salas_preferenciais_2024.1.xlsx,/Users/robertdrey/Documents/workspace/development/alocador_de_salas,resultados/experimentos/2024_1/hibridas_dia_turno_curso_pares/dia_turno_curso_pares_init180.sol,resultados/experimentos/2024_1/hibridas_dia_turno_curso_pares/dia_turno_curso_pares_init180.csv,resultados/experimentos/2024_1/hibridas_dia_turno_curso_pares/dia_turno_curso_pares_init180.json,dia_turno_curso -> par_cursos,alfabetica,,alfabetica,,180.0,1,180.0,600.0,1,0,CICLO_SEM_MELHORIA,3,AGRO,MAT,21
3,6,22,par_cursos,AGRO+MED,92,18124,76866,TIME_LIMIT,185264.5,185264.5,False,185264.5,600.36,600.03,600.0,,,,alfabetica,,2,True,True,CICLO_SEM_MELHORIA,iteracao,hibrida_dia_turno_curso_pares,180.0,180.0,600.0,14400.0,False,False,alfabetica,,alfabetica,,./dados/2024_1/horarios_2024_1.xlsx,./dados/2024_1/salas_2024_1.csv,./dados/2024_1/salas_preferenciais_2024.1.xlsx,/Users/robertdrey/Documents/workspace/development/alocador_de_salas,resultados/experimentos/2024_1/hibridas_dia_turno_curso_pares/dia_turno_curso_pares_init180.sol,resultados/experimentos/2024_1/hibridas_dia_turno_curso_pares/dia_turno_curso_pares_init180.csv,resultados/experimentos/2024_1/hibridas_dia_turno_curso_pares/dia_turno_curso_pares_init180.json,dia_turno_curso -> par_cursos,alfabetica,,alfabetica,,180.0,1,180.0,600.0,1,0,CICLO_SEM_MELHORIA,3,AGRO,MED,22
3,6,23,par_cursos,AGRO+PED,107,21528,73462,OPTIMAL,185264.5,185264.5,False,185264.5,76.21,75.87,600.0,,,,alfabetica,,2,True,True,CICLO_SEM_MELHORIA,iteracao,hibrida_dia_turno_curso_pares,180.0,180.0,600.0,14400.0,False,False,alfabetica,,alfabetica,,./dados/2024_1/horarios_2024_1.xlsx,./dados/2024_1/salas_2024_1.csv,./dados/2024_1/salas_preferenciais_2024.1.xlsx,/Users/robertdrey/Documents/workspace/development/alocador_de_salas,resultados/experimentos/2024_1/hibridas_dia_turno_curso_pares/dia_turno_curso_pares_init180.sol,resultados/experimentos/2024_1/hibridas_dia_turno_curso_pares/dia_turno_curso_pares_init180.csv,resultados/experimentos/2024_1/hibridas_dia_turno_curso_pares/dia_turno_curso_pares_init180.json,dia_turno_curso -> par_cursos,alfabetica,,alfabetica,,180.0,1,180.0,600.0,1,0,CICLO_SEM_MELHORIA,3,AGRO,PED,23
3,6,24,par_cursos,CC+CS,69,15088,79902,OPTIMAL,185264.5,185264.5,False,185264.5,11.1,10.79,600.0,,,,alfabetica,,2,True,True,CICLO_SEM_MELHORIA,iteracao,hibrida_dia_turno_curso_pares,180.0,180.0,600.0,14400.0,False,False,alfabetica,,alfabetica,,./dados/2024_1/horarios_2024_1.xlsx,./dados/2024_1/salas_2024_1.csv,./dados/2024_1/salas_preferenciais_2024.1.xlsx,/Users/robertdrey/Documents/workspace/development/alocador_de_salas,resultados/experimentos/2024_1/hibridas_dia_turno_curso_pares/dia_turno_curso_pares_init180.sol,resultados/experimentos/2024_1/hibridas_dia_turno_curso_pares/dia_turno_curso_pares_init180.csv,resultados/experimentos/2024_1/hibridas_dia_turno_curso_pares/dia_turno_curso_pares_init180.json,dia_turno_curso -> par_cursos,alfabetica,,alfabetica,,180.0,1,180.0,600.0,1,0,CICLO_SEM_MELHORIA,3,CC,CS,24
3,6,25,par_cursos,CC+EAS,92,17986,77004,OPTIMAL,185264.5,185264.5,False,185264.5,3.92,3.62,600.0,,,,alfabetica,,2,True,True,CICLO_SEM_MELHORIA,iteracao,hibrida_dia_turno_curso_pares,180.0,180.0,600.0,14400.0,False,False,alfabetica,,alfabetica,,./dados/2024_1/horarios_2024_1.xlsx,./dados/2024_1/salas_2024_1.csv,./dados/2024_1/salas_preferenciais_2024.1.xlsx,/Users/robertdrey/Documents/workspace/development/alocador_de_salas,resultados/experimentos/2024_1/hibridas_dia_turno_curso_pares/dia_turno_curso_pares_init180.sol,resultados/experimentos/2024_1/hibridas_dia_turno_curso_pares/dia_turno_curso_pares_init180.csv,resultados/experimentos/2024_1/hibridas_dia_turno_curso_pares/dia_turno_curso_pares_init180.json,dia_turno_curso -> par_cursos,alfabetica,,alfabetica,,180.0,1,180.0,600.0,1,0,CICLO_SEM_MELHORIA,3,CC,EAS,25
3,6,26,par_cursos,CC+ENF,65,19044,75946,OPTIMAL,185264.5,185264.5,False,185264.5,85.71,85.39,600.0,,,,alfabetica,,2,True,True,CICLO_SEM_MELHORIA,iteracao,hibrida_dia_turno_curso_pares,180.0,180.0,600.0,14400.0,False,False,alfabetica,,alfabetica,,./dados/2024_1/horarios_2024_1.xlsx,./dados/2024_1/salas_2024_1.csv,./dados/2024_1/salas_preferenciais_2024.1.xlsx,/Users/robertdrey/Documents/workspace/development/alocador_de_salas,resultados/experimentos/2024_1/hibridas_dia_turno_curso_pares/dia_turno_curso_pares_init180.sol,resultados/experimentos/2024_1/hibridas_dia_turno_curso_pares/dia_turno_curso_pares_init180.csv,resultados/experimentos/2024_1/hibridas_dia_turno_curso_pares/dia_turno_curso_pares_init180.json,dia_turno_curso -> par_cursos,alfabetica,,alfabetica,,180.0,1,180.0,600.0,1,0,CICLO_SEM_MELHORIA,3,CC,ENF,26
3,6,27,par_cursos,CC+FIL,62,13294,81696,OPTIMAL,185264.5,185264.5,False,185264.5,23.88,23.54,600.0,,,,alfabetica,,2,True,True,CICLO_SEM_MELHORIA,iteracao,hibrida_dia_turno_curso_pares,180.0,180.0,600.0,14400.0,False,False,alfabetica,,alfabetica,,./dados/2024_1/horarios_2024_1.xlsx,./dados/2024_1/salas_2024_1.csv,./dados/2024_1/salas_preferenciais_2024.1.xlsx,/Users/robertdrey/Documents/workspace/development/alocador_de_salas,resultados/experimentos/2024_1/hibridas_dia_turno_curso_pares/dia_turno_curso_pares_init180.sol,resultados/experimentos/2024_1/hibridas_dia_turno_curso_pares/dia_turno_curso_pares_init180.csv,resultados/experimentos/2024_1/hibridas_dia_turno_curso_pares/dia_turno_curso_pares_init180.json,dia_turno_curso -> par_cursos,alfabetica,,alfabetica,,180.0,1,180.0,600.0,1,0,CICLO_SEM_MELHORIA,3,CC,FIL,27
3,6,28,par_cursos,CC+GEO,57,12604,82386,OPTIMAL,185264.5,185264.5,False,185264.5,2.46,2.12,600.0,,,,alfabetica,,2,True,True,CICLO_SEM_MELHORIA,iteracao,hibrida_dia_turno_curso_pares,180.0,180.0,600.0,14400.0,False,False,alfabetica,,alfabetica,,./dados/2024_1/horarios_2024_1.xlsx,./dados/2024_1/salas_2024_1.csv,./dados/2024_1/salas_preferenciais_2024.1.xlsx,/Users/robertdrey/Documents/workspace/development/alocador_de_salas,resultados/experimentos/2024_1/hibridas_dia_turno_curso_pares/dia_turno_curso_pares_init180.sol,resultados/experimentos/2024_1/hibridas_dia_turno_curso_pares/dia_turno_curso_pares_init180.csv,resultados/experimentos/2024_1/hibridas_dia_turno_curso_pares/dia_turno_curso_pares_init180.json,dia_turno_curso -> par_cursos,alfabetica,,alfabetica,,180.0,1,180.0,600.0,1,0,CICLO_SEM_MELHORIA,3,CC,GEO,28
3,6,29,par_cursos,CC+HIS,71,15318,79672,OPTIMAL,185264.5,185264.5,False,185264.5,14.92,14.59,600.0,,,,alfabetica,,2,True,True,CICLO_SEM_MELHORIA,iteracao,hibrida_dia_turno_curso_pares,180.0,180.0,600.0,14400.0,False,False,alfabetica,,alfabetica,,./dados/2024_1/horarios_2024_1.xlsx,./dados/2024_1/salas_2024_1.csv,./dados/2024_1/salas_preferenciais_2024.1.xlsx,/Users/robertdrey/Documents/workspace/development/alocador_de_salas,resultados/experimentos/2024_1/hibridas_dia_turno_curso_pares/dia_turno_curso_pares_init180.sol,resultados/experimentos/2024_1/hibridas_dia_turno_curso_pares/dia_turno_curso_pares_init180.csv,resultados/experimentos/2024_1/hibridas_dia_turno_curso_pares/dia_turno_curso_pares_init180.json,dia_turno_curso -> par_cursos,alfabetica,,alfabetica,,180.0,1,180.0,600.0,1,0,CICLO_SEM_MELHORIA,3,CC,HIS,29
3,6,30,par_cursos,CC+LET,83,19688,75302,OPTIMAL,185264.5,185264.5,False,185264.5,11.04,10.64,600.0,,,,alfabetica,,2,True,True,CICLO_SEM_MELHORIA,iteracao,hibrida_dia_turno_curso_pares,180.0,180.0,600.0,14400.0,False,False,alfabetica,,alfabetica,,./dados/2024_1/horarios_2024_1.xlsx,./dados/2024_1/salas_2024_1.csv,./dados/2024_1/salas_preferenciais_2024.1.xlsx,/Users/robertdrey/Documents/workspace/development/alocador_de_salas,resultados/experimentos/2024_1/hibridas_dia_turno_curso_pares/dia_turno_curso_pares_init180.sol,resultados/experimentos/2024_1/hibridas_dia_turno_curso_pares/dia_turno_curso_pares_init180.csv,resultados/experimentos/2024_1/hibridas_dia_turno_curso_pares/dia_turno_curso_pares_init180.json,dia_turno_curso -> par_cursos,alfabetica,,alfabetica,,180.0,1,180.0,600.0,1,0,CICLO_SEM_MELHORIA,3,CC,LET,30
3,6,31,par_cursos,CC+MAT,70,15502,79488,OPTIMAL,185264.5,185264.5,False,185264.5,4.0,3.47,600.0,,,,alfabetica,,2,True,True,CICLO_SEM_MELHORIA,iteracao,hibrida_dia_turno_curso_pares,180.0,180.0,600.0,14400.0,False,False,alfabetica,,alfabetica,,./dados/2024_1/horarios_2024_1.xlsx,./dados/2024_1/salas_2024_1.csv,./dados/2024_1/salas_preferenciais_2024.1.xlsx,/Users/robertdrey/Documents/workspace/development/alocador_de_salas,resultados/experimentos/2024_1/hibridas_dia_turno_curso_pares/dia_turno_curso_pares_init180.sol,resultados/experimentos/2024_1/hibridas_dia_turno_curso_pares/dia_turno_curso_pares_init180.csv,resultados/experimentos/2024_1/hibridas_dia_turno_curso_pares/dia_turno_curso_pares_init180.json,dia_turno_curso -> par_cursos,alfabetica,,alfabetica,,180.0,1,180.0,600.0,1,0,CICLO_SEM_MELHORIA,3,CC,MAT,31
3,6,32,par_cursos,CC+MED,88,19918,75072,OPTIMAL,185264.5,185264.5,False,185264.5,6.67,6.27,600.0,,,,alfabetica,,2,True,True,CICLO_SEM_MELHORIA,iteracao,hibrida_dia_turno_curso_pares,180.0,180.0,600.0,14400.0,False,False,alfabetica,,alfabetica,,./dados/2024_1/horarios_2024_1.xlsx,./dados/2024_1/salas_2024_1.csv,./dados/2024_1/salas_preferenciais_2024.1.xlsx,/Users/robertdrey/Documents/workspace/development/alocador_de_salas,resultados/experimentos/2024_1/hibridas_dia_turno_curso_pares/dia_turno_curso_pares_init180.sol,resultados/experimentos/2024_1/hibridas_dia_turno_curso_pares/dia_turno_curso_pares_init180.csv,resultados/experimentos/2024_1/hibridas_dia_turno_curso_pares/dia_turno_curso_pares_init180.json,dia_turno_curso -> par_cursos,alfabetica,,alfabetica,,180.0,1,180.0,600.0,1,0,CICLO_SEM_MELHORIA,3,CC,MED,32
3,6,33,par_cursos,CC+PED,103,23322,71668,OPTIMAL,185264.5,185264.5,False,185264.5,82.38,82.09,600.0,,,,alfabetica,,2,True,True,CICLO_SEM_MELHORIA,iteracao,hibrida_dia_turno_curso_pares,180.0,180.0,600.0,14400.0,False,False,alfabetica,,alfabetica,,./dados/2024_1/horarios_2024_1.xlsx,./dados/2024_1/salas_2024_1.csv,./dados/2024_1/salas_preferenciais_2024.1.xlsx,/Users/robertdrey/Documents/workspace/development/alocador_de_salas,resultados/experimentos/2024_1/hibridas_dia_turno_curso_pares/dia_turno_curso_pares_init180.sol,resultados/experimentos/2024_1/hibridas_dia_turno_curso_pares/dia_turno_curso_pares_init180.csv,resultados/experimentos/2024_1/hibridas_dia_turno_curso_pares/dia_turno_curso_pares_init180.json,dia_turno_curso -> par_cursos,alfabetica,,alfabetica,,180.0,1,180.0,600.0,1,0,CICLO_SEM_MELHORIA,3,CC,PED,33
3,6,34,par_cursos,CS+EAS,67,12006,82984,OPTIMAL,185264.5,185264.5,False,185264.5,0.92,0.62,600.0,,,,alfabetica,,2,True,True,CICLO_SEM_MELHORIA,iteracao,hibrida_dia_turno_curso_pares,180.0,180.0,600.0,14400.0,False,False,alfabetica,,alfabetica,,./dados/2024_1/horarios_2024_1.xlsx,./dados/2024_1/salas_2024_1.csv,./dados/2024_1/salas_preferenciais_2024.1.xlsx,/Users/robertdrey/Documents/workspace/development/alocador_de_salas,resultados/experimentos/2024_1/hibridas_dia_turno_curso_pares/dia_turno_curso_pares_init180.sol,resultados/experimentos/2024_1/hibridas_dia_turno_curso_pares/dia_turno_curso_pares_init180.csv,resultados/experimentos/2024_1/hibridas_dia_turno_curso_pares/dia_turno_curso_pares_init180.json,dia_turno_curso -> par_cursos,alfabetica,,alfabetica,,180.0,1,180.0,600.0,1,0,CICLO_SEM_MELHORIA,3,CS,EAS,34
3,6,35,par_cursos,CS+ENF,40,13064,81926,OPTIMAL,185264.5,185264.5,False,185264.5,1.58,1.27,600.0,,,,alfabetica,,2,True,True,CICLO_SEM_MELHORIA,iteracao,hibrida_dia_turno_curso_pares,180.0,180.0,600.0,14400.0,False,False,alfabetica,,alfabetica,,./dados/2024_1/horarios_2024_1.xlsx,./dados/2024_1/salas_2024_1.csv,./dados/2024_1/salas_preferenciais_2024.1.xlsx,/Users/robertdrey/Documents/workspace/development/alocador_de_salas,resultados/experimentos/2024_1/hibridas_dia_turno_curso_pares/dia_turno_curso_pares_init180.sol,resultados/experimentos/2024_1/hibridas_dia_turno_curso_pares/dia_turno_curso_pares_init180.csv,resultados/experimentos/2024_1/hibridas_dia_turno_curso_pares/dia_turno_curso_pares_init180.json,dia_turno_curso -> par_cursos,alfabetica,,alfabetica,,180.0,1,180.0,600.0,1,0,CICLO_SEM_MELHORIA,3,CS,ENF,35
3,6,36,par_cursos,CS+FIL,37,7314,87676,OPTIMAL,185264.5,185264.5,False,185264.5,0.68,0.36,600.0,,,,alfabetica,,2,True,True,CICLO_SEM_MELHORIA,iteracao,hibrida_dia_turno_curso_pares,180.0,180.0,600.0,14400.0,False,False,alfabetica,,alfabetica,,./dados/2024_1/horarios_2024_1.xlsx,./dados/2024_1/salas_2024_1.csv,./dados/2024_1/salas_preferenciais_2024.1.xlsx,/Users/robertdrey/Documents/workspace/development/alocador_de_salas,resultados/experimentos/2024_1/hibridas_dia_turno_curso_pares/dia_turno_curso_pares_init180.sol,resultados/experimentos/2024_1/hibridas_dia_turno_curso_pares/dia_turno_curso_pares_init180.csv,resultados/experimentos/2024_1/hibridas_dia_turno_curso_pares/dia_turno_curso_pares_init180.json,dia_turno_curso -> par_cursos,alfabetica,,alfabetica,,180.0,1,180.0,600.0,1,0,CICLO_SEM_MELHORIA,3,CS,FIL,36
3,6,37,par_cursos,CS+GEO,32,6624,88366,OPTIMAL,185264.5,185264.5,False,185264.5,0.66,0.34,600.0,,,,alfabetica,,2,True,True,CICLO_SEM_MELHORIA,iteracao,hibrida_dia_turno_curso_pares,180.0,180.0,600.0,14400.0,False,False,alfabetica,,alfabetica,,./dados/2024_1/horarios_2024_1.xlsx,./dados/2024_1/salas_2024_1.csv,./dados/2024_1/salas_preferenciais_2024.1.xlsx,/Users/robertdrey/Documents/workspace/development/alocador_de_salas,resultados/experimentos/2024_1/hibridas_dia_turno_curso_pares/dia_turno_curso_pares_init180.sol,resultados/experimentos/2024_1/hibridas_dia_turno_curso_pares/dia_turno_curso_pares_init180.csv,resultados/experimentos/2024_1/hibridas_dia_turno_curso_pares/dia_turno_curso_pares_init180.json,dia_turno_curso -> par_cursos,alfabetica,,alfabetica,,180.0,1,180.0,600.0,1,0,CICLO_SEM_MELHORIA,3,CS,GEO,37
3,6,38,par_cursos,CS+HIS,46,9338,85652,OPTIMAL,185264.5,185264.5,False,185264.5,0.9,0.59,600.0,,,,alfabetica,,2,True,True,CICLO_SEM_MELHORIA,iteracao,hibrida_dia_turno_curso_pares,180.0,180.0,600.0,14400.0,False,False,alfabetica,,alfabetica,,./dados/2024_1/horarios_2024_1.xlsx,./dados/2024_1/salas_2024_1.csv,./dados/2024_1/salas_preferenciais_2024.1.xlsx,/Users/robertdrey/Documents/workspace/development/alocador_de_salas,resultados/experimentos/2024_1/hibridas_dia_turno_curso_pares/dia_turno_curso_pares_init180.sol,resultados/experimentos/2024_1/hibridas_dia_turno_curso_pares/dia_turno_curso_pares_init180.csv,resultados/experimentos/2024_1/hibridas_dia_turno_curso_pares/dia_turno_curso_pares_init180.json,dia_turno_curso -> par_cursos,alfabetica,,alfabetica,,180.0,1,180.0,600.0,1,0,CICLO_SEM_MELHORIA,3,CS,HIS,38
3,6,39,par_cursos,CS+LET,58,13708,81282,OPTIMAL,185264.5,185264.5,False,185264.5,1.57,1.26,600.0,,,,alfabetica,,2,True,True,CICLO_SEM_MELHORIA,iteracao,hibrida_dia_turno_curso_pares,180.0,180.0,600.0,14400.0,False,False,alfabetica,,alfabetica,,./dados/2024_1/horarios_2024_1.xlsx,./dados/2024_1/salas_2024_1.csv,./dados/2024_1/salas_preferenciais_2024.1.xlsx,/Users/robertdrey/Documents/workspace/development/alocador_de_salas,resultados/experimentos/2024_1/hibridas_dia_turno_curso_pares/dia_turno_curso_pares_init180.sol,resultados/experimentos/2024_1/hibridas_dia_turno_curso_pares/dia_turno_curso_pares_init180.csv,resultados/experimentos/2024_1/hibridas_dia_turno_curso_pares/dia_turno_curso_pares_init180.json,dia_turno_curso -> par_cursos,alfabetica,,alfabetica,,180.0,1,180.0,600.0,1,0,CICLO_SEM_MELHORIA,3,CS,LET,39
3,6,40,par_cursos,CS+MAT,45,9522,85468,OPTIMAL,185264.5,185264.5,False,185264.5,0.93,0.62,600.0,,,,alfabetica,,2,True,True,CICLO_SEM_MELHORIA,iteracao,hibrida_dia_turno_curso_pares,180.0,180.0,600.0,14400.0,False,False,alfabetica,,alfabetica,,./dados/2024_1/horarios_2024_1.xlsx,./dados/2024_1/salas_2024_1.csv,./dados/2024_1/salas_preferenciais_2024.1.xlsx,/Users/robertdrey/Documents/workspace/development/alocador_de_salas,resultados/experimentos/2024_1/hibridas_dia_turno_curso_pares/dia_turno_curso_pares_init180.sol,resultados/experimentos/2024_1/hibridas_dia_turno_curso_pares/dia_turno_curso_pares_init180.csv,resultados/experimentos/2024_1/hibridas_dia_turno_curso_pares/dia_turno_curso_pares_init180.json,dia_turno_curso -> par_cursos,alfabetica,,alfabetica,,180.0,1,180.0,600.0,1,0,CICLO_SEM_MELHORIA,3,CS,MAT,40
3,6,41,par_cursos,CS+MED,63,13938,81052,OPTIMAL,185264.5,185264.5,False,185264.5,1.21,0.9,600.0,,,,alfabetica,,2,True,True,CICLO_SEM_MELHORIA,iteracao,hibrida_dia_turno_curso_pares,180.0,180.0,600.0,14400.0,False,False,alfabetica,,alfabetica,,./dados/2024_1/horarios_2024_1.xlsx,./dados/2024_1/salas_2024_1.csv,./dados/2024_1/salas_preferenciais_2024.1.xlsx,/Users/robertdrey/Documents/workspace/development/alocador_de_salas,resultados/experimentos/2024_1/hibridas_dia_turno_curso_pares/dia_turno_curso_pares_init180.sol,resultados/experimentos/2024_1/hibridas_dia_turno_curso_pares/dia_turno_curso_pares_init180.csv,resultados/experimentos/2024_1/hibridas_dia_turno_curso_pares/dia_turno_curso_pares_init180.json,dia_turno_curso -> par_cursos,alfabetica,,alfabetica,,180.0,1,180.0,600.0,1,0,CICLO_SEM_MELHORIA,3,CS,MED,41
3,6,42,par_cursos,CS+PED,78,17342,77648,OPTIMAL,185264.5,185264.5,False,185264.5,24.23,23.91,600.0,,,,alfabetica,,2,True,True,CICLO_SEM_MELHORIA,iteracao,hibrida_dia_turno_curso_pares,180.0,180.0,600.0,14400.0,False,False,alfabetica,,alfabetica,,./dados/2024_1/horarios_2024_1.xlsx,./dados/2024_1/salas_2024_1.csv,./dados/2024_1/salas_preferenciais_2024.1.xlsx,/Users/robertdrey/Documents/workspace/development/alocador_de_salas,resultados/experimentos/2024_1/hibridas_dia_turno_curso_pares/dia_turno_curso_pares_init180.sol,resultados/experimentos/2024_1/hibridas_dia_turno_curso_pares/dia_turno_curso_pares_init180.csv,resultados/experimentos/2024_1/hibridas_dia_turno_curso_pares/dia_turno_curso_pares_init180.json,dia_turno_curso -> par_cursos,alfabetica,,alfabetica,,180.0,1,180.0,600.0,1,0,CICLO_SEM_MELHORIA,3,CS,PED,42
3,6,43,par_cursos,EAS+ENF,63,15962,79028,OPTIMAL,185264.5,185264.5,False,185264.5,5.98,5.65,600.0,,,,alfabetica,,2,True,True,CICLO_SEM_MELHORIA,iteracao,hibrida_dia_turno_curso_pares,180.0,180.0,600.0,14400.0,False,False,alfabetica,,alfabetica,,./dados/2024_1/horarios_2024_1.xlsx,./dados/2024_1/salas_2024_1.csv,./dados/2024_1/salas_preferenciais_2024.1.xlsx,/Users/robertdrey/Documents/workspace/development/alocador_de_salas,resultados/experimentos/2024_1/hibridas_dia_turno_curso_pares/dia_turno_curso_pares_init180.sol,resultados/experimentos/2024_1/hibridas_dia_turno_curso_pares/dia_turno_curso_pares_init180.csv,resultados/experimentos/2024_1/hibridas_dia_turno_curso_pares/dia_turno_curso_pares_init180.json,dia_turno_curso -> par_cursos,alfabetica,,alfabetica,,180.0,1,180.0,600.0,1,0,CICLO_SEM_MELHORIA,3,EAS,ENF,43
3,6,44,par_cursos,EAS+FIL,60,10212,84778,OPTIMAL,185264.5,185264.5,False,185264.5,0.73,0.42,600.0,,,,alfabetica,,2,True,True,CICLO_SEM_MELHORIA,iteracao,hibrida_dia_turno_curso_pares,180.0,180.0,600.0,14400.0,False,False,alfabetica,,alfabetica,,./dados/2024_1/horarios_2024_1.xlsx,./dados/2024_1/salas_2024_1.csv,./dados/2024_1/salas_preferenciais_2024.1.xlsx,/Users/robertdrey/Documents/workspace/development/alocador_de_salas,resultados/experimentos/2024_1/hibridas_dia_turno_curso_pares/dia_turno_curso_pares_init180.sol,resultados/experimentos/2024_1/hibridas_dia_turno_curso_pares/dia_turno_curso_pares_init180.csv,resultados/experimentos/2024_1/hibridas_dia_turno_curso_pares/dia_turno_curso_pares_init180.json,dia_turno_curso -> par_cursos,alfabetica,,alfabetica,,180.0,1,180.0,600.0,1,0,CICLO_SEM_MELHORIA,3,EAS,FIL,44
3,6,45,par_cursos,EAS+GEO,55,9522,85468,OPTIMAL,185264.5,185264.5,False,185264.5,0.76,0.45,600.0,,,,alfabetica,,2,True,True,CICLO_SEM_MELHORIA,iteracao,hibrida_dia_turno_curso_pares,180.0,180.0,600.0,14400.0,False,False,alfabetica,,alfabetica,,./dados/2024_1/horarios_2024_1.xlsx,./dados/2024_1/salas_2024_1.csv,./dados/2024_1/salas_preferenciais_2024.1.xlsx,/Users/robertdrey/Documents/workspace/development/alocador_de_salas,resultados/experimentos/2024_1/hibridas_dia_turno_curso_pares/dia_turno_curso_pares_init180.sol,resultados/experimentos/2024_1/hibridas_dia_turno_curso_pares/dia_turno_curso_pares_init180.csv,resultados/experimentos/2024_1/hibridas_dia_turno_curso_pares/dia_turno_curso_pares_init180.json,dia_turno_curso -> par_cursos,alfabetica,,alfabetica,,180.0,1,180.0,600.0,1,0,CICLO_SEM_MELHORIA,3,EAS,GEO,45
3,6,46,par_cursos,EAS+HIS,69,12236,82754,OPTIMAL,185264.5,185264.5,False,185264.5,0.9,0.59,600.0,,,,alfabetica,,2,True,True,CICLO_SEM_MELHORIA,iteracao,hibrida_dia_turno_curso_pares,180.0,180.0,600.0,14400.0,False,False,alfabetica,,alfabetica,,./dados/2024_1/horarios_2024_1.xlsx,./dados/2024_1/salas_2024_1.csv,./dados/2024_1/salas_preferenciais_2024.1.xlsx,/Users/robertdrey/Documents/workspace/development/alocador_de_salas,resultados/experimentos/2024_1/hibridas_dia_turno_curso_pares/dia_turno_curso_pares_init180.sol,resultados/experimentos/2024_1/hibridas_dia_turno_curso_pares/dia_turno_curso_pares_init180.csv,resultados/experimentos/2024_1/hibridas_dia_turno_curso_pares/dia_turno_curso_pares_init180.json,dia_turno_curso -> par_cursos,alfabetica,,alfabetica,,180.0,1,180.0,600.0,1,0,CICLO_SEM_MELHORIA,3,EAS,HIS,46
3,6,47,par_cursos,EAS+LET,81,16606,78384,OPTIMAL,185264.5,185264.5,False,185264.5,1.84,1.54,600.0,,,,alfabetica,,2,True,True,CICLO_SEM_MELHORIA,iteracao,hibrida_dia_turno_curso_pares,180.0,180.0,600.0,14400.0,False,False,alfabetica,,alfabetica,,./dados/2024_1/horarios_2024_1.xlsx,./dados/2024_1/salas_2024_1.csv,./dados/2024_1/salas_preferenciais_2024.1.xlsx,/Users/robertdrey/Documents/workspace/development/alocador_de_salas,resultados/experimentos/2024_1/hibridas_dia_turno_curso_pares/dia_turno_curso_pares_init180.sol,resultados/experimentos/2024_1/hibridas_dia_turno_curso_pares/dia_turno_curso_pares_init180.csv,resultados/experimentos/2024_1/hibridas_dia_turno_curso_pares/dia_turno_curso_pares_init180.json,dia_turno_curso -> par_cursos,alfabetica,,alfabetica,,180.0,1,180.0,600.0,1,0,CICLO_SEM_MELHORIA,3,EAS,LET,47
3,6,48,par_cursos,EAS+MAT,68,12420,82570,OPTIMAL,185264.5,185264.5,False,185264.5,1.18,0.87,600.0,,,,alfabetica,,2,True,True,CICLO_SEM_MELHORIA,iteracao,hibrida_dia_turno_curso_pares,180.0,180.0,600.0,14400.0,False,False,alfabetica,,alfabetica,,./dados/2024_1/horarios_2024_1.xlsx,./dados/2024_1/salas_2024_1.csv,./dados/2024_1/salas_preferenciais_2024.1.xlsx,/Users/robertdrey/Documents/workspace/development/alocador_de_salas,resultados/experimentos/2024_1/hibridas_dia_turno_curso_pares/dia_turno_curso_pares_init180.sol,resultados/experimentos/2024_1/hibridas_dia_turno_curso_pares/dia_turno_curso_pares_init180.csv,resultados/experimentos/2024_1/hibridas_dia_turno_curso_pares/dia_turno_curso_pares_init180.json,dia_turno_curso -> par_cursos,alfabetica,,alfabetica,,180.0,1,180.0,600.0,1,0,CICLO_SEM_MELHORIA,3,EAS,MAT,48
3,6,49,par_cursos,EAS+MED,86,16836,78154,OPTIMAL,185264.5,185264.5,False,185264.5,2.12,1.8,600.0,,,,alfabetica,,2,True,True,CICLO_SEM_MELHORIA,iteracao,hibrida_dia_turno_curso_pares,180.0,180.0,600.0,14400.0,False,False,alfabetica,,alfabetica,,./dados/2024_1/horarios_2024_1.xlsx,./dados/2024_1/salas_2024_1.csv,./dados/2024_1/salas_preferenciais_2024.1.xlsx,/Users/robertdrey/Documents/workspace/development/alocador_de_salas,resultados/experimentos/2024_1/hibridas_dia_turno_curso_pares/dia_turno_curso_pares_init180.sol,resultados/experimentos/2024_1/hibridas_dia_turno_curso_pares/dia_turno_curso_pares_init180.csv,resultados/experimentos/2024_1/hibridas_dia_turno_curso_pares/dia_turno_curso_pares_init180.json,dia_turno_curso -> par_cursos,alfabetica,,alfabetica,,180.0,1,180.0,600.0,1,0,CICLO_SEM_MELHORIA,3,EAS,MED,49
3,6,50,par_cursos,EAS+PED,101,20240,74750,OPTIMAL,185264.5,185264.5,False,185264.5,40.92,40.62,600.0,,,,alfabetica,,2,True,True,CICLO_SEM_MELHORIA,iteracao,hibrida_dia_turno_curso_pares,180.0,180.0,600.0,14400.0,False,False,alfabetica,,alfabetica,,./dados/2024_1/horarios_2024_1.xlsx,./dados/2024_1/salas_2024_1.csv,./dados/2024_1/salas_preferenciais_2024.1.xlsx,/Users/robertdrey/Documents/workspace/development/alocador_de_salas,resultados/experimentos/2024_1/hibridas_dia_turno_curso_pares/dia_turno_curso_pares_init180.sol,resultados/experimentos/2024_1/hibridas_dia_turno_curso_pares/dia_turno_curso_pares_init180.csv,resultados/experimentos/2024_1/hibridas_dia_turno_curso_pares/dia_turno_curso_pares_init180.json,dia_turno_curso -> par_cursos,alfabetica,,alfabetica,,180.0,1,180.0,600.0,1,0,CICLO_SEM_MELHORIA,3,EAS,PED,50
3,6,51,par_cursos,ENF+FIL,33,11270,83720,OPTIMAL,185264.5,185264.5,False,185264.5,2.08,1.77,600.0,,,,alfabetica,,2,True,True,CICLO_SEM_MELHORIA,iteracao,hibrida_dia_turno_curso_pares,180.0,180.0,600.0,14400.0,False,False,alfabetica,,alfabetica,,./dados/2024_1/horarios_2024_1.xlsx,./dados/2024_1/salas_2024_1.csv,./dados/2024_1/salas_preferenciais_2024.1.xlsx,/Users/robertdrey/Documents/workspace/development/alocador_de_salas,resultados/experimentos/2024_1/hibridas_dia_turno_curso_pares/dia_turno_curso_pares_init180.sol,resultados/experimentos/2024_1/hibridas_dia_turno_curso_pares/dia_turno_curso_pares_init180.csv,resultados/experimentos/2024_1/hibridas_dia_turno_curso_pares/dia_turno_curso_pares_init180.json,dia_turno_curso -> par_cursos,alfabetica,,alfabetica,,180.0,1,180.0,600.0,1,0,CICLO_SEM_MELHORIA,3,ENF,FIL,51
3,6,52,par_cursos,ENF+GEO,28,10580,84410,OPTIMAL,185264.5,185264.5,False,185264.5,1.71,1.39,600.0,,,,alfabetica,,2,True,True,CICLO_SEM_MELHORIA,iteracao,hibrida_dia_turno_curso_pares,180.0,180.0,600.0,14400.0,False,False,alfabetica,,alfabetica,,./dados/2024_1/horarios_2024_1.xlsx,./dados/2024_1/salas_2024_1.csv,./dados/2024_1/salas_preferenciais_2024.1.xlsx,/Users/robertdrey/Documents/workspace/development/alocador_de_salas,resultados/experimentos/2024_1/hibridas_dia_turno_curso_pares/dia_turno_curso_pares_init180.sol,resultados/experimentos/2024_1/hibridas_dia_turno_curso_pares/dia_turno_curso_pares_init180.csv,resultados/experimentos/2024_1/hibridas_dia_turno_curso_pares/dia_turno_curso_pares_init180.json,dia_turno_curso -> par_cursos,alfabetica,,alfabetica,,180.0,1,180.0,600.0,1,0,CICLO_SEM_MELHORIA,3,ENF,GEO,52
3,6,53,par_cursos,ENF+HIS,42,13294,81696,OPTIMAL,185264.5,185264.5,False,185264.5,2.33,2.0,600.0,,,,alfabetica,,2,True,True,CICLO_SEM_MELHORIA,iteracao,hibrida_dia_turno_curso_pares,180.0,180.0,600.0,14400.0,False,False,alfabetica,,alfabetica,,./dados/2024_1/horarios_2024_1.xlsx,./dados/2024_1/salas_2024_1.csv,./dados/2024_1/salas_preferenciais_2024.1.xlsx,/Users/robertdrey/Documents/workspace/development/alocador_de_salas,resultados/experimentos/2024_1/hibridas_dia_turno_curso_pares/dia_turno_curso_pares_init180.sol,resultados/experimentos/2024_1/hibridas_dia_turno_curso_pares/dia_turno_curso_pares_init180.csv,resultados/experimentos/2024_1/hibridas_dia_turno_curso_pares/dia_turno_curso_pares_init180.json,dia_turno_curso -> par_cursos,alfabetica,,alfabetica,,180.0,1,180.0,600.0,1,0,CICLO_SEM_MELHORIA,3,ENF,HIS,53
3,6,54,par_cursos,ENF+LET,54,17664,77326,OPTIMAL,185264.5,185264.5,False,185264.5,7.74,7.41,600.0,,,,alfabetica,,2,True,True,CICLO_SEM_MELHORIA,iteracao,hibrida_dia_turno_curso_pares,180.0,180.0,600.0,14400.0,False,False,alfabetica,,alfabetica,,./dados/2024_1/horarios_2024_1.xlsx,./dados/2024_1/salas_2024_1.csv,./dados/2024_1/salas_preferenciais_2024.1.xlsx,/Users/robertdrey/Documents/workspace/development/alocador_de_salas,resultados/experimentos/2024_1/hibridas_dia_turno_curso_pares/dia_turno_curso_pares_init180.sol,resultados/experimentos/2024_1/hibridas_dia_turno_curso_pares/dia_turno_curso_pares_init180.csv,resultados/experimentos/2024_1/hibridas_dia_turno_curso_pares/dia_turno_curso_pares_init180.json,dia_turno_curso -> par_cursos,alfabetica,,alfabetica,,180.0,1,180.0,600.0,1,0,CICLO_SEM_MELHORIA,3,ENF,LET,54
3,6,55,par_cursos,ENF+MAT,41,13478,81512,OPTIMAL,185264.5,185264.5,False,185264.5,2.07,1.75,600.0,,,,alfabetica,,2,True,True,CICLO_SEM_MELHORIA,iteracao,hibrida_dia_turno_curso_pares,180.0,180.0,600.0,14400.0,False,False,alfabetica,,alfabetica,,./dados/2024_1/horarios_2024_1.xlsx,./dados/2024_1/salas_2024_1.csv,./dados/2024_1/salas_preferenciais_2024.1.xlsx,/Users/robertdrey/Documents/workspace/development/alocador_de_salas,resultados/experimentos/2024_1/hibridas_dia_turno_curso_pares/dia_turno_curso_pares_init180.sol,resultados/experimentos/2024_1/hibridas_dia_turno_curso_pares/dia_turno_curso_pares_init180.csv,resultados/experimentos/2024_1/hibridas_dia_turno_curso_pares/dia_turno_curso_pares_init180.json,dia_turno_curso -> par_cursos,alfabetica,,alfabetica,,180.0,1,180.0,600.0,1,0,CICLO_SEM_MELHORIA,3,ENF,MAT,55
3,6,56,par_cursos,ENF+MED,59,17894,77096,OPTIMAL,185264.5,185264.5,False,185264.5,45.73,45.41,600.0,,,,alfabetica,,2,True,True,CICLO_SEM_MELHORIA,iteracao,hibrida_dia_turno_curso_pares,180.0,180.0,600.0,14400.0,False,False,alfabetica,,alfabetica,,./dados/2024_1/horarios_2024_1.xlsx,./dados/2024_1/salas_2024_1.csv,./dados/2024_1/salas_preferenciais_2024.1.xlsx,/Users/robertdrey/Documents/workspace/development/alocador_de_salas,resultados/experimentos/2024_1/hibridas_dia_turno_curso_pares/dia_turno_curso_pares_init180.sol,resultados/experimentos/2024_1/hibridas_dia_turno_curso_pares/dia_turno_curso_pares_init180.csv,resultados/experimentos/2024_1/hibridas_dia_turno_curso_pares/dia_turno_curso_pares_init180.json,dia_turno_curso -> par_cursos,alfabetica,,alfabetica,,180.0,1,180.0,600.0,1,0,CICLO_SEM_MELHORIA,3,ENF,MED,56
3,6,57,par_cursos,ENF+PED,74,21298,73692,OPTIMAL,185264.5,185264.5,False,185264.5,376.99,376.68,600.0,,,,alfabetica,,2,True,True,CICLO_SEM_MELHORIA,iteracao,hibrida_dia_turno_curso_pares,180.0,180.0,600.0,14400.0,False,False,alfabetica,,alfabetica,,./dados/2024_1/horarios_2024_1.xlsx,./dados/2024_1/salas_2024_1.csv,./dados/2024_1/salas_preferenciais_2024.1.xlsx,/Users/robertdrey/Documents/workspace/development/alocador_de_salas,resultados/experimentos/2024_1/hibridas_dia_turno_curso_pares/dia_turno_curso_pares_init180.sol,resultados/experimentos/2024_1/hibridas_dia_turno_curso_pares/dia_turno_curso_pares_init180.csv,resultados/experimentos/2024_1/hibridas_dia_turno_curso_pares/dia_turno_curso_pares_init180.json,dia_turno_curso -> par_cursos,alfabetica,,alfabetica,,180.0,1,180.0,600.0,1,0,CICLO_SEM_MELHORIA,3,ENF,PED,57
3,6,58,par_cursos,FIL+GEO,25,4830,90160,OPTIMAL,185264.5,185264.5,False,185264.5,0.62,0.31,600.0,,,,alfabetica,,2,True,True,CICLO_SEM_MELHORIA,iteracao,hibrida_dia_turno_curso_pares,180.0,180.0,600.0,14400.0,False,False,alfabetica,,alfabetica,,./dados/2024_1/horarios_2024_1.xlsx,./dados/2024_1/salas_2024_1.csv,./dados/2024_1/salas_preferenciais_2024.1.xlsx,/Users/robertdrey/Documents/workspace/development/alocador_de_salas,resultados/experimentos/2024_1/hibridas_dia_turno_curso_pares/dia_turno_curso_pares_init180.sol,resultados/experimentos/2024_1/hibridas_dia_turno_curso_pares/dia_turno_curso_pares_init180.csv,resultados/experimentos/2024_1/hibridas_dia_turno_curso_pares/dia_turno_curso_pares_init180.json,dia_turno_curso -> par_cursos,alfabetica,,alfabetica,,180.0,1,180.0,600.0,1,0,CICLO_SEM_MELHORIA,3,FIL,GEO,58
3,6,59,par_cursos,FIL+HIS,39,7544,87446,OPTIMAL,185264.5,185264.5,False,185264.5,0.67,0.36,600.0,,,,alfabetica,,2,True,True,CICLO_SEM_MELHORIA,iteracao,hibrida_dia_turno_curso_pares,180.0,180.0,600.0,14400.0,False,False,alfabetica,,alfabetica,,./dados/2024_1/horarios_2024_1.xlsx,./dados/2024_1/salas_2024_1.csv,./dados/2024_1/salas_preferenciais_2024.1.xlsx,/Users/robertdrey/Documents/workspace/development/alocador_de_salas,resultados/experimentos/2024_1/hibridas_dia_turno_curso_pares/dia_turno_curso_pares_init180.sol,resultados/experimentos/2024_1/hibridas_dia_turno_curso_pares/dia_turno_curso_pares_init180.csv,resultados/experimentos/2024_1/hibridas_dia_turno_curso_pares/dia_turno_curso_pares_init180.json,dia_turno_curso -> par_cursos,alfabetica,,alfabetica,,180.0,1,180.0,600.0,1,0,CICLO_SEM_MELHORIA,3,FIL,HIS,59
3,6,60,par_cursos,FIL+LET,51,11914,83076,OPTIMAL,185264.5,185264.5,False,185264.5,2.24,1.94,600.0,,,,alfabetica,,2,True,True,CICLO_SEM_MELHORIA,iteracao,hibrida_dia_turno_curso_pares,180.0,180.0,600.0,14400.0,False,False,alfabetica,,alfabetica,,./dados/2024_1/horarios_2024_1.xlsx,./dados/2024_1/salas_2024_1.csv,./dados/2024_1/salas_preferenciais_2024.1.xlsx,/Users/robertdrey/Documents/workspace/development/alocador_de_salas,resultados/experimentos/2024_1/hibridas_dia_turno_curso_pares/dia_turno_curso_pares_init180.sol,resultados/experimentos/2024_1/hibridas_dia_turno_curso_pares/dia_turno_curso_pares_init180.csv,resultados/experimentos/2024_1/hibridas_dia_turno_curso_pares/dia_turno_curso_pares_init180.json,dia_turno_curso -> par_cursos,alfabetica,,alfabetica,,180.0,1,180.0,600.0,1,0,CICLO_SEM_MELHORIA,3,FIL,LET,60
3,6,61,par_cursos,FIL+MAT,38,7728,87262,OPTIMAL,185264.5,185264.5,False,185264.5,0.69,0.37,600.0,,,,alfabetica,,2,True,True,CICLO_SEM_MELHORIA,iteracao,hibrida_dia_turno_curso_pares,180.0,180.0,600.0,14400.0,False,False,alfabetica,,alfabetica,,./dados/2024_1/horarios_2024_1.xlsx,./dados/2024_1/salas_2024_1.csv,./dados/2024_1/salas_preferenciais_2024.1.xlsx,/Users/robertdrey/Documents/workspace/development/alocador_de_salas,resultados/experimentos/2024_1/hibridas_dia_turno_curso_pares/dia_turno_curso_pares_init180.sol,resultados/experimentos/2024_1/hibridas_dia_turno_curso_pares/dia_turno_curso_pares_init180.csv,resultados/experimentos/2024_1/hibridas_dia_turno_curso_pares/dia_turno_curso_pares_init180.json,dia_turno_curso -> par_cursos,alfabetica,,alfabetica,,180.0,1,180.0,600.0,1,0,CICLO_SEM_MELHORIA,3,FIL,MAT,61
3,6,62,par_cursos,FIL+MED,56,12144,82846,OPTIMAL,185264.5,185264.5,False,185264.5,1.09,0.79,600.0,,,,alfabetica,,2,True,True,CICLO_SEM_MELHORIA,iteracao,hibrida_dia_turno_curso_pares,180.0,180.0,600.0,14400.0,False,False,alfabetica,,alfabetica,,./dados/2024_1/horarios_2024_1.xlsx,./dados/2024_1/salas_2024_1.csv,./dados/2024_1/salas_preferenciais_2024.1.xlsx,/Users/robertdrey/Documents/workspace/development/alocador_de_salas,resultados/experimentos/2024_1/hibridas_dia_turno_curso_pares/dia_turno_curso_pares_init180.sol,resultados/experimentos/2024_1/hibridas_dia_turno_curso_pares/dia_turno_curso_pares_init180.csv,resultados/experimentos/2024_1/hibridas_dia_turno_curso_pares/dia_turno_curso_pares_init180.json,dia_turno_curso -> par_cursos,alfabetica,,alfabetica,,180.0,1,180.0,600.0,1,0,CICLO_SEM_MELHORIA,3,FIL,MED,62
3,6,63,par_cursos,FIL+PED,71,15548,79442,OPTIMAL,185264.5,185264.5,False,185264.5,13.32,12.99,600.0,,,,alfabetica,,2,True,True,CICLO_SEM_MELHORIA,iteracao,hibrida_dia_turno_curso_pares,180.0,180.0,600.0,14400.0,False,False,alfabetica,,alfabetica,,./dados/2024_1/horarios_2024_1.xlsx,./dados/2024_1/salas_2024_1.csv,./dados/2024_1/salas_preferenciais_2024.1.xlsx,/Users/robertdrey/Documents/workspace/development/alocador_de_salas,resultados/experimentos/2024_1/hibridas_dia_turno_curso_pares/dia_turno_curso_pares_init180.sol,resultados/experimentos/2024_1/hibridas_dia_turno_curso_pares/dia_turno_curso_pares_init180.csv,resultados/experimentos/2024_1/hibridas_dia_turno_curso_pares/dia_turno_curso_pares_init180.json,dia_turno_curso -> par_cursos,alfabetica,,alfabetica,,180.0,1,180.0,600.0,1,0,CICLO_SEM_MELHORIA,3,FIL,PED,63
3,6,64,par_cursos,GEO+HIS,34,6854,88136,OPTIMAL,185264.5,185264.5,False,185264.5,0.7,0.37,600.0,,,,alfabetica,,2,True,True,CICLO_SEM_MELHORIA,iteracao,hibrida_dia_turno_curso_pares,180.0,180.0,600.0,14400.0,False,False,alfabetica,,alfabetica,,./dados/2024_1/horarios_2024_1.xlsx,./dados/2024_1/salas_2024_1.csv,./dados/2024_1/salas_preferenciais_2024.1.xlsx,/Users/robertdrey/Documents/workspace/development/alocador_de_salas,resultados/experimentos/2024_1/hibridas_dia_turno_curso_pares/dia_turno_curso_pares_init180.sol,resultados/experimentos/2024_1/hibridas_dia_turno_curso_pares/dia_turno_curso_pares_init180.csv,resultados/experimentos/2024_1/hibridas_dia_turno_curso_pares/dia_turno_curso_pares_init180.json,dia_turno_curso -> par_cursos,alfabetica,,alfabetica,,180.0,1,180.0,600.0,1,0,CICLO_SEM_MELHORIA,3,GEO,HIS,64
3,6,65,par_cursos,GEO+LET,46,11224,83766,OPTIMAL,185264.5,185264.5,False,185264.5,2.19,1.88,600.0,,,,alfabetica,,2,True,True,CICLO_SEM_MELHORIA,iteracao,hibrida_dia_turno_curso_pares,180.0,180.0,600.0,14400.0,False,False,alfabetica,,alfabetica,,./dados/2024_1/horarios_2024_1.xlsx,./dados/2024_1/salas_2024_1.csv,./dados/2024_1/salas_preferenciais_2024.1.xlsx,/Users/robertdrey/Documents/workspace/development/alocador_de_salas,resultados/experimentos/2024_1/hibridas_dia_turno_curso_pares/dia_turno_curso_pares_init180.sol,resultados/experimentos/2024_1/hibridas_dia_turno_curso_pares/dia_turno_curso_pares_init180.csv,resultados/experimentos/2024_1/hibridas_dia_turno_curso_pares/dia_turno_curso_pares_init180.json,dia_turno_curso -> par_cursos,alfabetica,,alfabetica,,180.0,1,180.0,600.0,1,0,CICLO_SEM_MELHORIA,3,GEO,LET,65
3,6,66,par_cursos,GEO+MAT,33,7038,87952,OPTIMAL,185264.5,185264.5,False,185264.5,0.69,0.37,600.0,,,,alfabetica,,2,True,True,CICLO_SEM_MELHORIA,iteracao,hibrida_dia_turno_curso_pares,180.0,180.0,600.0,14400.0,False,False,alfabetica,,alfabetica,,./dados/2024_1/horarios_2024_1.xlsx,./dados/2024_1/salas_2024_1.csv,./dados/2024_1/salas_preferenciais_2024.1.xlsx,/Users/robertdrey/Documents/workspace/development/alocador_de_salas,resultados/experimentos/2024_1/hibridas_dia_turno_curso_pares/dia_turno_curso_pares_init180.sol,resultados/experimentos/2024_1/hibridas_dia_turno_curso_pares/dia_turno_curso_pares_init180.csv,resultados/experimentos/2024_1/hibridas_dia_turno_curso_pares/dia_turno_curso_pares_init180.json,dia_turno_curso -> par_cursos,alfabetica,,alfabetica,,180.0,1,180.0,600.0,1,0,CICLO_SEM_MELHORIA,3,GEO,MAT,66
3,6,67,par_cursos,GEO+MED,51,11454,83536,OPTIMAL,185264.5,185264.5,False,185264.5,1.12,0.8,600.0,,,,alfabetica,,2,True,True,CICLO_SEM_MELHORIA,iteracao,hibrida_dia_turno_curso_pares,180.0,180.0,600.0,14400.0,False,False,alfabetica,,alfabetica,,./dados/2024_1/horarios_2024_1.xlsx,./dados/2024_1/salas_2024_1.csv,./dados/2024_1/salas_preferenciais_2024.1.xlsx,/Users/robertdrey/Documents/workspace/development/alocador_de_salas,resultados/experimentos/2024_1/hibridas_dia_turno_curso_pares/dia_turno_curso_pares_init180.sol,resultados/experimentos/2024_1/hibridas_dia_turno_curso_pares/dia_turno_curso_pares_init180.csv,resultados/experimentos/2024_1/hibridas_dia_turno_curso_pares/dia_turno_curso_pares_init180.json,dia_turno_curso -> par_cursos,alfabetica,,alfabetica,,180.0,1,180.0,600.0,1,0,CICLO_SEM_MELHORIA,3,GEO,MED,67
3,6,68,par_cursos,GEO+PED,66,14858,80132,OPTIMAL,185264.5,185264.5,False,185264.5,31.86,31.54,600.0,,,,alfabetica,,2,True,True,CICLO_SEM_MELHORIA,iteracao,hibrida_dia_turno_curso_pares,180.0,180.0,600.0,14400.0,False,False,alfabetica,,alfabetica,,./dados/2024_1/horarios_2024_1.xlsx,./dados/2024_1/salas_2024_1.csv,./dados/2024_1/salas_preferenciais_2024.1.xlsx,/Users/robertdrey/Documents/workspace/development/alocador_de_salas,resultados/experimentos/2024_1/hibridas_dia_turno_curso_pares/dia_turno_curso_pares_init180.sol,resultados/experimentos/2024_1/hibridas_dia_turno_curso_pares/dia_turno_curso_pares_init180.csv,resultados/experimentos/2024_1/hibridas_dia_turno_curso_pares/dia_turno_curso_pares_init180.json,dia_turno_curso -> par_cursos,alfabetica,,alfabetica,,180.0,1,180.0,600.0,1,0,CICLO_SEM_MELHORIA,3,GEO,PED,68
3,6,69,par_cursos,HIS+LET,60,13938,81052,OPTIMAL,185264.5,185264.5,False,185264.5,2.82,2.51,600.0,,,,alfabetica,,2,True,True,CICLO_SEM_MELHORIA,iteracao,hibrida_dia_turno_curso_pares,180.0,180.0,600.0,14400.0,False,False,alfabetica,,alfabetica,,./dados/2024_1/horarios_2024_1.xlsx,./dados/2024_1/salas_2024_1.csv,./dados/2024_1/salas_preferenciais_2024.1.xlsx,/Users/robertdrey/Documents/workspace/development/alocador_de_salas,resultados/experimentos/2024_1/hibridas_dia_turno_curso_pares/dia_turno_curso_pares_init180.sol,resultados/experimentos/2024_1/hibridas_dia_turno_curso_pares/dia_turno_curso_pares_init180.csv,resultados/experimentos/2024_1/hibridas_dia_turno_curso_pares/dia_turno_curso_pares_init180.json,dia_turno_curso -> par_cursos,alfabetica,,alfabetica,,180.0,1,180.0,600.0,1,0,CICLO_SEM_MELHORIA,3,HIS,LET,69
3,6,70,par_cursos,HIS+MAT,47,9752,85238,OPTIMAL,185264.5,185264.5,False,185264.5,0.84,0.53,600.0,,,,alfabetica,,2,True,True,CICLO_SEM_MELHORIA,iteracao,hibrida_dia_turno_curso_pares,180.0,180.0,600.0,14400.0,False,False,alfabetica,,alfabetica,,./dados/2024_1/horarios_2024_1.xlsx,./dados/2024_1/salas_2024_1.csv,./dados/2024_1/salas_preferenciais_2024.1.xlsx,/Users/robertdrey/Documents/workspace/development/alocador_de_salas,resultados/experimentos/2024_1/hibridas_dia_turno_curso_pares/dia_turno_curso_pares_init180.sol,resultados/experimentos/2024_1/hibridas_dia_turno_curso_pares/dia_turno_curso_pares_init180.csv,resultados/experimentos/2024_1/hibridas_dia_turno_curso_pares/dia_turno_curso_pares_init180.json,dia_turno_curso -> par_cursos,alfabetica,,alfabetica,,180.0,1,180.0,600.0,1,0,CICLO_SEM_MELHORIA,3,HIS,MAT,70
3,6,71,par_cursos,HIS+MED,65,14168,80822,OPTIMAL,185264.5,185264.5,False,185264.5,1.2,0.9,600.0,,,,alfabetica,,2,True,True,CICLO_SEM_MELHORIA,iteracao,hibrida_dia_turno_curso_pares,180.0,180.0,600.0,14400.0,False,False,alfabetica,,alfabetica,,./dados/2024_1/horarios_2024_1.xlsx,./dados/2024_1/salas_2024_1.csv,./dados/2024_1/salas_preferenciais_2024.1.xlsx,/Users/robertdrey/Documents/workspace/development/alocador_de_salas,resultados/experimentos/2024_1/hibridas_dia_turno_curso_pares/dia_turno_curso_pares_init180.sol,resultados/experimentos/2024_1/hibridas_dia_turno_curso_pares/dia_turno_curso_pares_init180.csv,resultados/experimentos/2024_1/hibridas_dia_turno_curso_pares/dia_turno_curso_pares_init180.json,dia_turno_curso -> par_cursos,alfabetica,,alfabetica,,180.0,1,180.0,600.0,1,0,CICLO_SEM_MELHORIA,3,HIS,MED,71
3,6,72,par_cursos,HIS+PED,80,17572,77418,OPTIMAL,185264.5,185264.5,False,185264.5,27.69,27.38,600.0,,,,alfabetica,,2,True,True,CICLO_SEM_MELHORIA,iteracao,hibrida_dia_turno_curso_pares,180.0,180.0,600.0,14400.0,False,False,alfabetica,,alfabetica,,./dados/2024_1/horarios_2024_1.xlsx,./dados/2024_1/salas_2024_1.csv,./dados/2024_1/salas_preferenciais_2024.1.xlsx,/Users/robertdrey/Documents/workspace/development/alocador_de_salas,resultados/experimentos/2024_1/hibridas_dia_turno_curso_pares/dia_turno_curso_pares_init180.sol,resultados/experimentos/2024_1/hibridas_dia_turno_curso_pares/dia_turno_curso_pares_init180.csv,resultados/experimentos/2024_1/hibridas_dia_turno_curso_pares/dia_turno_curso_pares_init180.json,dia_turno_curso -> par_cursos,alfabetica,,alfabetica,,180.0,1,180.0,600.0,1,0,CICLO_SEM_MELHORIA,3,HIS,PED,72
3,6,73,par_cursos,LET+MAT,59,14122,80868,OPTIMAL,185264.5,185264.5,False,185264.5,1.86,1.55,600.0,,,,alfabetica,,2,True,True,CICLO_SEM_MELHORIA,iteracao,hibrida_dia_turno_curso_pares,180.0,180.0,600.0,14400.0,False,False,alfabetica,,alfabetica,,./dados/2024_1/horarios_2024_1.xlsx,./dados/2024_1/salas_2024_1.csv,./dados/2024_1/salas_preferenciais_2024.1.xlsx,/Users/robertdrey/Documents/workspace/development/alocador_de_salas,resultados/experimentos/2024_1/hibridas_dia_turno_curso_pares/dia_turno_curso_pares_init180.sol,resultados/experimentos/2024_1/hibridas_dia_turno_curso_pares/dia_turno_curso_pares_init180.csv,resultados/experimentos/2024_1/hibridas_dia_turno_curso_pares/dia_turno_curso_pares_init180.json,dia_turno_curso -> par_cursos,alfabetica,,alfabetica,,180.0,1,180.0,600.0,1,0,CICLO_SEM_MELHORIA,3,LET,MAT,73
3,6,74,par_cursos,LET+MED,77,18538,76452,OPTIMAL,185264.5,185264.5,False,185264.5,2.09,1.79,600.0,,,,alfabetica,,2,True,True,CICLO_SEM_MELHORIA,iteracao,hibrida_dia_turno_curso_pares,180.0,180.0,600.0,14400.0,False,False,alfabetica,,alfabetica,,./dados/2024_1/horarios_2024_1.xlsx,./dados/2024_1/salas_2024_1.csv,./dados/2024_1/salas_preferenciais_2024.1.xlsx,/Users/robertdrey/Documents/workspace/development/alocador_de_salas,resultados/experimentos/2024_1/hibridas_dia_turno_curso_pares/dia_turno_curso_pares_init180.sol,resultados/experimentos/2024_1/hibridas_dia_turno_curso_pares/dia_turno_curso_pares_init180.csv,resultados/experimentos/2024_1/hibridas_dia_turno_curso_pares/dia_turno_curso_pares_init180.json,dia_turno_curso -> par_cursos,alfabetica,,alfabetica,,180.0,1,180.0,600.0,1,0,CICLO_SEM_MELHORIA,3,LET,MED,74
3,6,75,par_cursos,LET+PED,92,21942,73048,OPTIMAL,185264.5,185264.5,False,185264.5,404.68,404.36,600.0,,,,alfabetica,,2,True,True,CICLO_SEM_MELHORIA,iteracao,hibrida_dia_turno_curso_pares,180.0,180.0,600.0,14400.0,False,False,alfabetica,,alfabetica,,./dados/2024_1/horarios_2024_1.xlsx,./dados/2024_1/salas_2024_1.csv,./dados/2024_1/salas_preferenciais_2024.1.xlsx,/Users/robertdrey/Documents/workspace/development/alocador_de_salas,resultados/experimentos/2024_1/hibridas_dia_turno_curso_pares/dia_turno_curso_pares_init180.sol,resultados/experimentos/2024_1/hibridas_dia_turno_curso_pares/dia_turno_curso_pares_init180.csv,resultados/experimentos/2024_1/hibridas_dia_turno_curso_pares/dia_turno_curso_pares_init180.json,dia_turno_curso -> par_cursos,alfabetica,,alfabetica,,180.0,1,180.0,600.0,1,0,CICLO_SEM_MELHORIA,3,LET,PED,75
3,6,76,par_cursos,MAT+MED,64,14352,80638,OPTIMAL,185264.5,185264.5,False,185264.5,1.16,0.86,600.0,,,,alfabetica,,2,True,True,CICLO_SEM_MELHORIA,iteracao,hibrida_dia_turno_curso_pares,180.0,180.0,600.0,14400.0,False,False,alfabetica,,alfabetica,,./dados/2024_1/horarios_2024_1.xlsx,./dados/2024_1/salas_2024_1.csv,./dados/2024_1/salas_preferenciais_2024.1.xlsx,/Users/robertdrey/Documents/workspace/development/alocador_de_salas,resultados/experimentos/2024_1/hibridas_dia_turno_curso_pares/dia_turno_curso_pares_init180.sol,resultados/experimentos/2024_1/hibridas_dia_turno_curso_pares/dia_turno_curso_pares_init180.csv,resultados/experimentos/2024_1/hibridas_dia_turno_curso_pares/dia_turno_curso_pares_init180.json,dia_turno_curso -> par_cursos,alfabetica,,alfabetica,,180.0,1,180.0,600.0,1,0,CICLO_SEM_MELHORIA,3,MAT,MED,76
3,6,77,par_cursos,MAT+PED,79,17756,77234,OPTIMAL,185264.5,185264.5,False,185264.5,17.43,17.1,600.0,,,,alfabetica,,2,True,True,CICLO_SEM_MELHORIA,iteracao,hibrida_dia_turno_curso_pares,180.0,180.0,600.0,14400.0,False,False,alfabetica,,alfabetica,,./dados/2024_1/horarios_2024_1.xlsx,./dados/2024_1/salas_2024_1.csv,./dados/2024_1/salas_preferenciais_2024.1.xlsx,/Users/robertdrey/Documents/workspace/development/alocador_de_salas,resultados/experimentos/2024_1/hibridas_dia_turno_curso_pares/dia_turno_curso_pares_init180.sol,resultados/experimentos/2024_1/hibridas_dia_turno_curso_pares/dia_turno_curso_pares_init180.csv,resultados/experimentos/2024_1/hibridas_dia_turno_curso_pares/dia_turno_curso_pares_init180.json,dia_turno_curso -> par_cursos,alfabetica,,alfabetica,,180.0,1,180.0,600.0,1,0,CICLO_SEM_MELHORIA,3,MAT,PED,77
3,6,78,par_cursos,MED+PED,97,22172,72818,OPTIMAL,185264.5,185264.5,False,185264.5,37.38,37.06,600.0,,,,alfabetica,,2,True,True,CICLO_SEM_MELHORIA,iteracao,hibrida_dia_turno_curso_pares,180.0,180.0,600.0,14400.0,False,False,alfabetica,,alfabetica,,./dados/2024_1/horarios_2024_1.xlsx,./dados/2024_1/salas_2024_1.csv,./dados/2024_1/salas_preferenciais_2024.1.xlsx,/Users/robertdrey/Documents/workspace/development/alocador_de_salas,resultados/experimentos/2024_1/hibridas_dia_turno_curso_pares/dia_turno_curso_pares_init180.sol,resultados/experimentos/2024_1/hibridas_dia_turno_curso_pares/dia_turno_curso_pares_init180.csv,resultados/experimentos/2024_1/hibridas_dia_turno_curso_pares/dia_turno_curso_pares_init180.json,dia_turno_curso -> par_cursos,alfabetica,,alfabetica,,180.0,1,180.0,600.0,1,0,CICLO_SEM_MELHORIA,3,MED,PED,78
