ciclo,passada,iteracao,vizinhanca,recurso,disciplinas_livres,variaveis_x_livres,variaveis_x_fixadas,status_solver,objetivo_anterior,objetivo_candidato,melhorou,objetivo_incumbente,tempo_gasto_s,tempo_solver_s,tempo_limite_subproblema_s,curso_a,curso_b,ordem_cursos,seed_ordem_cursos,posicao_par,etapa_no_ciclo,etapa_completa,ciclo_completo,motivo_encerramento,tipo_registro,parametro_tipo_vizinhanca,parametro_tempo_modelo_inicial_s,parametro_tempo_heuristica_inicial_s,parametro_tempo_subproblema_s,parametro_tempo_total_maximo_s,parametro_apenas_uma_passada,parametro_salvar_candidatos,parametro_ordem_cursos_solicitada,parametro_seed_ordem_cursos_solicitada,parametro_ordem_cursos,parametro_seed_ordem_cursos,parametro_arquivo_horarios,parametro_arquivo_salas,parametro_arquivo_salas_preferenciais,parametro_diretorio_execucao,parametro_arquivo_melhor_solucao,parametro_arquivo_log_csv,parametro_arquivo_log_json,parametro_sequencia_etapas,parametro_etapa_1_ordem_cursos,parametro_etapa_1_seed,parametro_etapa_2_ordem_cursos,parametro_etapa_2_seed,parametro_gurobi_inicial_TimeLimit,parametro_gurobi_inicial_MIPFocus,parametro_gurobi_inicial_NoRelHeurTime,parametro_gurobi_subproblema_TimeLimit,parametro_gurobi_subproblema_MIPFocus,parametro_gurobi_subproblema_NoRelHeurTime,parametro_motivo_encerramento,parametro_ciclos_completos,dia,turno,curso
1,1,1,par_cursos,ADM+AGRO,99,18032,76958,OPTIMAL,186761.5,186725.5,True,186725.5,10.81,10.58,600.0,ADM,AGRO,alfabetica,,1,1,True,True,TEMPO_TOTAL,iteracao,hibrida_pares_dia_turno_curso,180.0,180.0,600.0,14400.0,False,False,alfabetica,,alfabetica,,./dados/2024_1/horarios_2024_1.xlsx,./dados/2024_1/salas_2024_1.csv,./dados/2024_1/salas_preferenciais_2024.1.xlsx,/Users/robertdrey/Documents/workspace/development/alocador_de_salas,resultados/experimentos/2024_1/hibridas_dia_turno_curso_pares/pares_dia_turno_curso_init180.sol,resultados/experimentos/2024_1/hibridas_dia_turno_curso_pares/pares_dia_turno_curso_init180.csv,resultados/experimentos/2024_1/hibridas_dia_turno_curso_pares/pares_dia_turno_curso_init180.json,par_cursos -> dia_turno_curso,alfabetica,,alfabetica,,180.0,1,180.0,600.0,1,0,TEMPO_TOTAL,2,,,
1,1,2,par_cursos,ADM+CC,95,19826,75164,OPTIMAL,186725.5,186725.5,False,186725.5,2.53,2.19,600.0,ADM,CC,alfabetica,,2,1,True,True,TEMPO_TOTAL,iteracao,hibrida_pares_dia_turno_curso,180.0,180.0,600.0,14400.0,False,False,alfabetica,,alfabetica,,./dados/2024_1/horarios_2024_1.xlsx,./dados/2024_1/salas_2024_1.csv,./dados/2024_1/salas_preferenciais_2024.1.xlsx,/Users/robertdrey/Documents/workspace/development/alocador_de_salas,resultados/experimentos/2024_1/hibridas_dia_turno_curso_pares/pares_dia_turno_curso_init180.sol,resultados/experimentos/2024_1/hibridas_dia_turno_curso_pares/pares_dia_turno_curso_init180.csv,resultados/experimentos/2024_1/hibridas_dia_turno_curso_pares/pares_dia_turno_curso_init180.json,par_cursos -> dia_turno_curso,alfabetica,,alfabetica,,180.0,1,180.0,600.0,1,0,TEMPO_TOTAL,2,,,
1,1,3,par_cursos,ADM+CS,70,13846,81144,OPTIMAL,186725.5,186725.5,False,186725.5,1.55,1.21,600.0,ADM,CS,alfabetica,,3,1,True,True,TEMPO_TOTAL,iteracao,hibrida_pares_dia_turno_curso,180.0,180.0,600.0,14400.0,False,False,alfabetica,,alfabetica,,./dados/2024_1/horarios_2024_1.xlsx,./dados/2024_1/salas_2024_1.csv,./dados/2024_1/salas_preferenciais_2024.1.xlsx,/Users/robertdrey/Documents/workspace/development/alocador_de_salas,resultados/experimentos/2024_1/hibridas_dia_turno_curso_pares/pares_dia_turno_curso_init180.sol,resultados/experimentos/2024_1/hibridas_dia_turno_curso_pares/pares_dia_turno_curso_init180.csv,resultados/experimentos/2024_1/hibridas_dia_turno_curso_pares/pares_dia_turno_curso_init180.json,par_cursos -> dia_turno_curso,alfabetica,,alfabetica,,180.0,1,180.0,600.0,1,0,TEMPO_TOTAL,2,,,
1,1,4,par_cursos,ADM+EAS,93,16744,78246,OPTIMAL,186725.5,186725.5,False,186725.5,1.41,1.08,600.0,ADM,EAS,alfabetica,,4,1,True,True,TEMPO_TOTAL,iteracao,hibrida_pares_dia_turno_curso,180.0,180.0,600.0,14400.0,False,False,alfabetica,,alfabetica,,./dados/2024_1/horarios_2024_1.xlsx,./dados/2024_1/salas_2024_1.csv,./dados/2024_1/salas_preferenciais_2024.1.xlsx,/Users/robertdrey/Documents/workspace/development/alocador_de_salas,resultados/experimentos/2024_1/hibridas_dia_turno_curso_pares/pares_dia_turno_curso_init180.sol,resultados/experimentos/2024_1/hibridas_dia_turno_curso_pares/pares_dia_turno_curso_init180.csv,resultados/experimentos/2024_1/hibridas_dia_turno_curso_pares/pares_dia_turno_curso_init180.json,par_cursos -> dia_turno_curso,alfabetica,,alfabetica,,180.0,1,180.0,600.0,1,0,TEMPO_TOTAL,2,,,
1,1,5,par_cursos,ADM+ENF,66,17802,77188,OPTIMAL,186725.5,186270.5,True,186270.5,28.69,28.34,600.0,ADM,ENF,alfabetica,,5,1,True,True,TEMPO_TOTAL,iteracao,hibrida_pares_dia_turno_curso,180.0,180.0,600.0,14400.0,False,False,alfabetica,,alfabetica,,./dados/2024_1/horarios_2024_1.xlsx,./dados/2024_1/salas_2024_1.csv,./dados/2024_1/salas_preferenciais_2024.1.xlsx,/Users/robertdrey/Documents/workspace/development/alocador_de_salas,resultados/experimentos/2024_1/hibridas_dia_turno_curso_pares/pares_dia_turno_curso_init180.sol,resultados/experimentos/2024_1/hibridas_dia_turno_curso_pares/pares_dia_turno_curso_init180.csv,resultados/experimentos/2024_1/hibridas_dia_turno_curso_pares/pares_dia_turno_curso_init180.json,par_cursos -> dia_turno_curso,alfabetica,,alfabetica,,180.0,1,180.0,600.0,1,0,TEMPO_TOTAL,2,,,
1,1,6,par_cursos,ADM+FIL,63,12052,82938,OPTIMAL,186270.5,186270.5,False,186270.5,1.04,0.72,600.0,ADM,FIL,alfabetica,,6,1,True,True,TEMPO_TOTAL,iteracao,hibrida_pares_dia_turno_curso,180.0,180.0,600.0,14400.0,False,False,alfabetica,,alfabetica,,./dados/2024_1/horarios_2024_1.xlsx,./dados/2024_1/salas_2024_1.csv,./dados/2024_1/salas_preferenciais_2024.1.xlsx,/Users/robertdrey/Documents/workspace/development/alocador_de_salas,resultados/experimentos/2024_1/hibridas_dia_turno_curso_pares/pares_dia_turno_curso_init180.sol,resultados/experimentos/2024_1/hibridas_dia_turno_curso_pares/pares_dia_turno_curso_init180.csv,resultados/experimentos/2024_1/hibridas_dia_turno_curso_pares/pares_dia_turno_curso_init180.json,par_cursos -> dia_turno_curso,alfabetica,,alfabetica,,180.0,1,180.0,600.0,1,0,TEMPO_TOTAL,2,,,
1,1,7,par_cursos,ADM+GEO,58,11362,83628,OPTIMAL,186270.5,186270.5,False,186270.5,1.05,0.72,600.0,ADM,GEO,alfabetica,,7,1,True,True,TEMPO_TOTAL,iteracao,hibrida_pares_dia_turno_curso,180.0,180.0,600.0,14400.0,False,False,alfabetica,,alfabetica,,./dados/2024_1/horarios_2024_1.xlsx,./dados/2024_1/salas_2024_1.csv,./dados/2024_1/salas_preferenciais_2024.1.xlsx,/Users/robertdrey/Documents/workspace/development/alocador_de_salas,resultados/experimentos/2024_1/hibridas_dia_turno_curso_pares/pares_dia_turno_curso_init180.sol,resultados/experimentos/2024_1/hibridas_dia_turno_curso_pares/pares_dia_turno_curso_init180.csv,resultados/experimentos/2024_1/hibridas_dia_turno_curso_pares/pares_dia_turno_curso_init180.json,par_cursos -> dia_turno_curso,alfabetica,,alfabetica,,180.0,1,180.0,600.0,1,0,TEMPO_TOTAL,2,,,
1,1,8,par_cursos,ADM+HIS,72,14076,80914,OPTIMAL,186270.5,186270.5,False,186270.5,1.73,1.37,600.0,ADM,HIS,alfabetica,,8,1,True,True,TEMPO_TOTAL,iteracao,hibrida_pares_dia_turno_curso,180.0,180.0,600.0,14400.0,False,False,alfabetica,,alfabetica,,./dados/2024_1/horarios_2024_1.xlsx,./dados/2024_1/salas_2024_1.csv,./dados/2024_1/salas_preferenciais_2024.1.xlsx,/Users/robertdrey/Documents/workspace/development/alocador_de_salas,resultados/experimentos/2024_1/hibridas_dia_turno_curso_pares/pares_dia_turno_curso_init180.sol,resultados/experimentos/2024_1/hibridas_dia_turno_curso_pares/pares_dia_turno_curso_init180.csv,resultados/experimentos/2024_1/hibridas_dia_turno_curso_pares/pares_dia_turno_curso_init180.json,par_cursos -> dia_turno_curso,alfabetica,,alfabetica,,180.0,1,180.0,600.0,1,0,TEMPO_TOTAL,2,,,
1,1,9,par_cursos,ADM+LET,84,18446,76544,OPTIMAL,186270.5,186254.5,True,186254.5,75.73,75.36,600.0,ADM,LET,alfabetica,,9,1,True,True,TEMPO_TOTAL,iteracao,hibrida_pares_dia_turno_curso,180.0,180.0,600.0,14400.0,False,False,alfabetica,,alfabetica,,./dados/2024_1/horarios_2024_1.xlsx,./dados/2024_1/salas_2024_1.csv,./dados/2024_1/salas_preferenciais_2024.1.xlsx,/Users/robertdrey/Documents/workspace/development/alocador_de_salas,resultados/experimentos/2024_1/hibridas_dia_turno_curso_pares/pares_dia_turno_curso_init180.sol,resultados/experimentos/2024_1/hibridas_dia_turno_curso_pares/pares_dia_turno_curso_init180.csv,resultados/experimentos/2024_1/hibridas_dia_turno_curso_pares/pares_dia_turno_curso_init180.json,par_cursos -> dia_turno_curso,alfabetica,,alfabetica,,180.0,1,180.0,600.0,1,0,TEMPO_TOTAL,2,,,
1,1,10,par_cursos,ADM+MAT,71,14260,80730,OPTIMAL,186254.5,186224.5,True,186224.5,1.29,0.98,600.0,ADM,MAT,alfabetica,,10,1,True,True,TEMPO_TOTAL,iteracao,hibrida_pares_dia_turno_curso,180.0,180.0,600.0,14400.0,False,False,alfabetica,,alfabetica,,./dados/2024_1/horarios_2024_1.xlsx,./dados/2024_1/salas_2024_1.csv,./dados/2024_1/salas_preferenciais_2024.1.xlsx,/Users/robertdrey/Documents/workspace/development/alocador_de_salas,resultados/experimentos/2024_1/hibridas_dia_turno_curso_pares/pares_dia_turno_curso_init180.sol,resultados/experimentos/2024_1/hibridas_dia_turno_curso_pares/pares_dia_turno_curso_init180.csv,resultados/experimentos/2024_1/hibridas_dia_turno_curso_pares/pares_dia_turno_curso_init180.json,par_cursos -> dia_turno_curso,alfabetica,,alfabetica,,180.0,1,180.0,600.0,1,0,TEMPO_TOTAL,2,,,
1,1,11,par_cursos,ADM+MED,89,18676,76314,OPTIMAL,186224.5,186224.5,False,186224.5,2.36,2.05,600.0,ADM,MED,alfabetica,,11,1,True,True,TEMPO_TOTAL,iteracao,hibrida_pares_dia_turno_curso,180.0,180.0,600.0,14400.0,False,False,alfabetica,,alfabetica,,./dados/2024_1/horarios_2024_1.xlsx,./dados/2024_1/salas_2024_1.csv,./dados/2024_1/salas_preferenciais_2024.1.xlsx,/Users/robertdrey/Documents/workspace/development/alocador_de_salas,resultados/experimentos/2024_1/hibridas_dia_turno_curso_pares/pares_dia_turno_curso_init180.sol,resultados/experimentos/2024_1/hibridas_dia_turno_curso_pares/pares_dia_turno_curso_init180.csv,resultados/experimentos/2024_1/hibridas_dia_turno_curso_pares/pares_dia_turno_curso_init180.json,par_cursos -> dia_turno_curso,alfabetica,,alfabetica,,180.0,1,180.0,600.0,1,0,TEMPO_TOTAL,2,,,
1,1,12,par_cursos,ADM+PED,104,22080,72910,TIME_LIMIT,186224.5,186100.0,True,186100.0,600.5,600.17,600.0,ADM,PED,alfabetica,,12,1,True,True,TEMPO_TOTAL,iteracao,hibrida_pares_dia_turno_curso,180.0,180.0,600.0,14400.0,False,False,alfabetica,,alfabetica,,./dados/2024_1/horarios_2024_1.xlsx,./dados/2024_1/salas_2024_1.csv,./dados/2024_1/salas_preferenciais_2024.1.xlsx,/Users/robertdrey/Documents/workspace/development/alocador_de_salas,resultados/experimentos/2024_1/hibridas_dia_turno_curso_pares/pares_dia_turno_curso_init180.sol,resultados/experimentos/2024_1/hibridas_dia_turno_curso_pares/pares_dia_turno_curso_init180.csv,resultados/experimentos/2024_1/hibridas_dia_turno_curso_pares/pares_dia_turno_curso_init180.json,par_cursos -> dia_turno_curso,alfabetica,,alfabetica,,180.0,1,180.0,600.0,1,0,TEMPO_TOTAL,2,,,
1,1,13,par_cursos,AGRO+CC,98,19274,75716,OPTIMAL,186100.0,186100.0,False,186100.0,6.88,6.53,600.0,AGRO,CC,alfabetica,,13,1,True,True,TEMPO_TOTAL,iteracao,hibrida_pares_dia_turno_curso,180.0,180.0,600.0,14400.0,False,False,alfabetica,,alfabetica,,./dados/2024_1/horarios_2024_1.xlsx,./dados/2024_1/salas_2024_1.csv,./dados/2024_1/salas_preferenciais_2024.1.xlsx,/Users/robertdrey/Documents/workspace/development/alocador_de_salas,resultados/experimentos/2024_1/hibridas_dia_turno_curso_pares/pares_dia_turno_curso_init180.sol,resultados/experimentos/2024_1/hibridas_dia_turno_curso_pares/pares_dia_turno_curso_init180.csv,resultados/experimentos/2024_1/hibridas_dia_turno_curso_pares/pares_dia_turno_curso_init180.json,par_cursos -> dia_turno_curso,alfabetica,,alfabetica,,180.0,1,180.0,600.0,1,0,TEMPO_TOTAL,2,,,
1,1,14,par_cursos,AGRO+CS,73,13294,81696,OPTIMAL,186100.0,186095.0,True,186095.0,4.77,4.46,600.0,AGRO,CS,alfabetica,,14,1,True,True,TEMPO_TOTAL,iteracao,hibrida_pares_dia_turno_curso,180.0,180.0,600.0,14400.0,False,False,alfabetica,,alfabetica,,./dados/2024_1/horarios_2024_1.xlsx,./dados/2024_1/salas_2024_1.csv,./dados/2024_1/salas_preferenciais_2024.1.xlsx,/Users/robertdrey/Documents/workspace/development/alocador_de_salas,resultados/experimentos/2024_1/hibridas_dia_turno_curso_pares/pares_dia_turno_curso_init180.sol,resultados/experimentos/2024_1/hibridas_dia_turno_curso_pares/pares_dia_turno_curso_init180.csv,resultados/experimentos/2024_1/hibridas_dia_turno_curso_pares/pares_dia_turno_curso_init180.json,par_cursos -> dia_turno_curso,alfabetica,,alfabetica,,180.0,1,180.0,600.0,1,0,TEMPO_TOTAL,2,,,
1,1,15,par_cursos,AGRO+EAS,96,16192,78798,OPTIMAL,186095.0,186095.0,False,186095.0,6.38,6.06,600.0,AGRO,EAS,alfabetica,,15,1,True,True,TEMPO_TOTAL,iteracao,hibrida_pares_dia_turno_curso,180.0,180.0,600.0,14400.0,False,False,alfabetica,,alfabetica,,./dados/2024_1/horarios_2024_1.xlsx,./dados/2024_1/salas_2024_1.csv,./dados/2024_1/salas_preferenciais_2024.1.xlsx,/Users/robertdrey/Documents/workspace/development/alocador_de_salas,resultados/experimentos/2024_1/hibridas_dia_turno_curso_pares/pares_dia_turno_curso_init180.sol,resultados/experimentos/2024_1/hibridas_dia_turno_curso_pares/pares_dia_turno_curso_init180.csv,resultados/experimentos/2024_1/hibridas_dia_turno_curso_pares/pares_dia_turno_curso_init180.json,par_cursos -> dia_turno_curso,alfabetica,,alfabetica,,180.0,1,180.0,600.0,1,0,TEMPO_TOTAL,2,,,
1,1,16,par_cursos,AGRO+ENF,69,17250,77740,OPTIMAL,186095.0,186095.0,False,186095.0,297.13,296.83,600.0,AGRO,ENF,alfabetica,,16,1,True,True,TEMPO_TOTAL,iteracao,hibrida_pares_dia_turno_curso,180.0,180.0,600.0,14400.0,False,False,alfabetica,,alfabetica,,./dados/2024_1/horarios_2024_1.xlsx,./dados/2024_1/salas_2024_1.csv,./dados/2024_1/salas_preferenciais_2024.1.xlsx,/Users/robertdrey/Documents/workspace/development/alocador_de_salas,resultados/experimentos/2024_1/hibridas_dia_turno_curso_pares/pares_dia_turno_curso_init180.sol,resultados/experimentos/2024_1/hibridas_dia_turno_curso_pares/pares_dia_turno_curso_init180.csv,resultados/experimentos/2024_1/hibridas_dia_turno_curso_pares/pares_dia_turno_curso_init180.json,par_cursos -> dia_turno_curso,alfabetica,,alfabetica,,180.0,1,180.0,600.0,1,0,TEMPO_TOTAL,2,,,
1,1,17,par_cursos,AGRO+FIL,66,11500,83490,OPTIMAL,186095.0,186095.0,False,186095.0,4.05,3.74,600.0,AGRO,FIL,alfabetica,,17,1,True,True,TEMPO_TOTAL,iteracao,hibrida_pares_dia_turno_curso,180.0,180.0,600.0,14400.0,False,False,alfabetica,,alfabetica,,./dados/2024_1/horarios_2024_1.xlsx,./dados/2024_1/salas_2024_1.csv,./dados/2024_1/salas_preferenciais_2024.1.xlsx,/Users/robertdrey/Documents/workspace/development/alocador_de_salas,resultados/experimentos/2024_1/hibridas_dia_turno_curso_pares/pares_dia_turno_curso_init180.sol,resultados/experimentos/2024_1/hibridas_dia_turno_curso_pares/pares_dia_turno_curso_init180.csv,resultados/experimentos/2024_1/hibridas_dia_turno_curso_pares/pares_dia_turno_curso_init180.json,par_cursos -> dia_turno_curso,alfabetica,,alfabetica,,180.0,1,180.0,600.0,1,0,TEMPO_TOTAL,2,,,
1,1,18,par_cursos,AGRO+GEO,61,10810,84180,OPTIMAL,186095.0,186095.0,False,186095.0,4.37,4.02,600.0,AGRO,GEO,alfabetica,,18,1,True,True,TEMPO_TOTAL,iteracao,hibrida_pares_dia_turno_curso,180.0,180.0,600.0,14400.0,False,False,alfabetica,,alfabetica,,./dados/2024_1/horarios_2024_1.xlsx,./dados/2024_1/salas_2024_1.csv,./dados/2024_1/salas_preferenciais_2024.1.xlsx,/Users/robertdrey/Documents/workspace/development/alocador_de_salas,resultados/experimentos/2024_1/hibridas_dia_turno_curso_pares/pares_dia_turno_curso_init180.sol,resultados/experimentos/2024_1/hibridas_dia_turno_curso_pares/pares_dia_turno_curso_init180.csv,resultados/experimentos/2024_1/hibridas_dia_turno_curso_pares/pares_dia_turno_curso_init180.json,par_cursos -> dia_turno_curso,alfabetica,,alfabetica,,180.0,1,180.0,600.0,1,0,TEMPO_TOTAL,2,,,
1,1,19,par_cursos,AGRO+HIS,75,13524,81466,OPTIMAL,186095.0,186095.0,False,186095.0,5.71,5.38,600.0,AGRO,HIS,alfabetica,,19,1,True,True,TEMPO_TOTAL,iteracao,hibrida_pares_dia_turno_curso,180.0,180.0,600.0,14400.0,False,False,alfabetica,,alfabetica,,./dados/2024_1/horarios_2024_1.xlsx,./dados/2024_1/salas_2024_1.csv,./dados/2024_1/salas_preferenciais_2024.1.xlsx,/Users/robertdrey/Documents/workspace/development/alocador_de_salas,resultados/experimentos/2024_1/hibridas_dia_turno_curso_pares/pares_dia_turno_curso_init180.sol,resultados/experimentos/2024_1/hibridas_dia_turno_curso_pares/pares_dia_turno_curso_init180.csv,resultados/experimentos/2024_1/hibridas_dia_turno_curso_pares/pares_dia_turno_curso_init180.json,par_cursos -> dia_turno_curso,alfabetica,,alfabetica,,180.0,1,180.0,600.0,1,0,TEMPO_TOTAL,2,,,
1,1,20,par_cursos,AGRO+LET,87,17894,77096,OPTIMAL,186095.0,186093.0,True,186093.0,60.58,60.24,600.0,AGRO,LET,alfabetica,,20,1,True,True,TEMPO_TOTAL,iteracao,hibrida_pares_dia_turno_curso,180.0,180.0,600.0,14400.0,False,False,alfabetica,,alfabetica,,./dados/2024_1/horarios_2024_1.xlsx,./dados/2024_1/salas_2024_1.csv,./dados/2024_1/salas_preferenciais_2024.1.xlsx,/Users/robertdrey/Documents/workspace/development/alocador_de_salas,resultados/experimentos/2024_1/hibridas_dia_turno_curso_pares/pares_dia_turno_curso_init180.sol,resultados/experimentos/2024_1/hibridas_dia_turno_curso_pares/pares_dia_turno_curso_init180.csv,resultados/experimentos/2024_1/hibridas_dia_turno_curso_pares/pares_dia_turno_curso_init180.json,par_cursos -> dia_turno_curso,alfabetica,,alfabetica,,180.0,1,180.0,600.0,1,0,TEMPO_TOTAL,2,,,
1,1,21,par_cursos,AGRO+MAT,74,13708,81282,OPTIMAL,186093.0,186093.0,False,186093.0,4.96,4.61,600.0,AGRO,MAT,alfabetica,,21,1,True,True,TEMPO_TOTAL,iteracao,hibrida_pares_dia_turno_curso,180.0,180.0,600.0,14400.0,False,False,alfabetica,,alfabetica,,./dados/2024_1/horarios_2024_1.xlsx,./dados/2024_1/salas_2024_1.csv,./dados/2024_1/salas_preferenciais_2024.1.xlsx,/Users/robertdrey/Documents/workspace/development/alocador_de_salas,resultados/experimentos/2024_1/hibridas_dia_turno_curso_pares/pares_dia_turno_curso_init180.sol,resultados/experimentos/2024_1/hibridas_dia_turno_curso_pares/pares_dia_turno_curso_init180.csv,resultados/experimentos/2024_1/hibridas_dia_turno_curso_pares/pares_dia_turno_curso_init180.json,par_cursos -> dia_turno_curso,alfabetica,,alfabetica,,180.0,1,180.0,600.0,1,0,TEMPO_TOTAL,2,,,
1,1,22,par_cursos,AGRO+MED,92,18124,76866,TIME_LIMIT,186093.0,186089.5,True,186089.5,600.34,600.02,600.0,AGRO,MED,alfabetica,,22,1,True,True,TEMPO_TOTAL,iteracao,hibrida_pares_dia_turno_curso,180.0,180.0,600.0,14400.0,False,False,alfabetica,,alfabetica,,./dados/2024_1/horarios_2024_1.xlsx,./dados/2024_1/salas_2024_1.csv,./dados/2024_1/salas_preferenciais_2024.1.xlsx,/Users/robertdrey/Documents/workspace/development/alocador_de_salas,resultados/experimentos/2024_1/hibridas_dia_turno_curso_pares/pares_dia_turno_curso_init180.sol,resultados/experimentos/2024_1/hibridas_dia_turno_curso_pares/pares_dia_turno_curso_init180.csv,resultados/experimentos/2024_1/hibridas_dia_turno_curso_pares/pares_dia_turno_curso_init180.json,par_cursos -> dia_turno_curso,alfabetica,,alfabetica,,180.0,1,180.0,600.0,1,0,TEMPO_TOTAL,2,,,
1,1,23,par_cursos,AGRO+PED,107,21528,73462,OPTIMAL,186089.5,186089.5,False,186089.5,54.56,54.22,600.0,AGRO,PED,alfabetica,,23,1,True,True,TEMPO_TOTAL,iteracao,hibrida_pares_dia_turno_curso,180.0,180.0,600.0,14400.0,False,False,alfabetica,,alfabetica,,./dados/2024_1/horarios_2024_1.xlsx,./dados/2024_1/salas_2024_1.csv,./dados/2024_1/salas_preferenciais_2024.1.xlsx,/Users/robertdrey/Documents/workspace/development/alocador_de_salas,resultados/experimentos/2024_1/hibridas_dia_turno_curso_pares/pares_dia_turno_curso_init180.sol,resultados/experimentos/2024_1/hibridas_dia_turno_curso_pares/pares_dia_turno_curso_init180.csv,resultados/experimentos/2024_1/hibridas_dia_turno_curso_pares/pares_dia_turno_curso_init180.json,par_cursos -> dia_turno_curso,alfabetica,,alfabetica,,180.0,1,180.0,600.0,1,0,TEMPO_TOTAL,2,,,
1,1,24,par_cursos,CC+CS,69,15088,79902,TIME_LIMIT,186089.5,186089.5,False,186089.5,600.59,600.22,600.0,CC,CS,alfabetica,,24,1,True,True,TEMPO_TOTAL,iteracao,hibrida_pares_dia_turno_curso,180.0,180.0,600.0,14400.0,False,False,alfabetica,,alfabetica,,./dados/2024_1/horarios_2024_1.xlsx,./dados/2024_1/salas_2024_1.csv,./dados/2024_1/salas_preferenciais_2024.1.xlsx,/Users/robertdrey/Documents/workspace/development/alocador_de_salas,resultados/experimentos/2024_1/hibridas_dia_turno_curso_pares/pares_dia_turno_curso_init180.sol,resultados/experimentos/2024_1/hibridas_dia_turno_curso_pares/pares_dia_turno_curso_init180.csv,resultados/experimentos/2024_1/hibridas_dia_turno_curso_pares/pares_dia_turno_curso_init180.json,par_cursos -> dia_turno_curso,alfabetica,,alfabetica,,180.0,1,180.0,600.0,1,0,TEMPO_TOTAL,2,,,
1,1,25,par_cursos,CC+EAS,92,17986,77004,OPTIMAL,186089.5,186089.5,False,186089.5,3.98,3.18,600.0,CC,EAS,alfabetica,,25,1,True,True,TEMPO_TOTAL,iteracao,hibrida_pares_dia_turno_curso,180.0,180.0,600.0,14400.0,False,False,alfabetica,,alfabetica,,./dados/2024_1/horarios_2024_1.xlsx,./dados/2024_1/salas_2024_1.csv,./dados/2024_1/salas_preferenciais_2024.1.xlsx,/Users/robertdrey/Documents/workspace/development/alocador_de_salas,resultados/experimentos/2024_1/hibridas_dia_turno_curso_pares/pares_dia_turno_curso_init180.sol,resultados/experimentos/2024_1/hibridas_dia_turno_curso_pares/pares_dia_turno_curso_init180.csv,resultados/experimentos/2024_1/hibridas_dia_turno_curso_pares/pares_dia_turno_curso_init180.json,par_cursos -> dia_turno_curso,alfabetica,,alfabetica,,180.0,1,180.0,600.0,1,0,TEMPO_TOTAL,2,,,
1,1,26,par_cursos,CC+ENF,65,19044,75946,OPTIMAL,186089.5,186089.5,False,186089.5,63.45,63.13,600.0,CC,ENF,alfabetica,,26,1,True,True,TEMPO_TOTAL,iteracao,hibrida_pares_dia_turno_curso,180.0,180.0,600.0,14400.0,False,False,alfabetica,,alfabetica,,./dados/2024_1/horarios_2024_1.xlsx,./dados/2024_1/salas_2024_1.csv,./dados/2024_1/salas_preferenciais_2024.1.xlsx,/Users/robertdrey/Documents/workspace/development/alocador_de_salas,resultados/experimentos/2024_1/hibridas_dia_turno_curso_pares/pares_dia_turno_curso_init180.sol,resultados/experimentos/2024_1/hibridas_dia_turno_curso_pares/pares_dia_turno_curso_init180.csv,resultados/experimentos/2024_1/hibridas_dia_turno_curso_pares/pares_dia_turno_curso_init180.json,par_cursos -> dia_turno_curso,alfabetica,,alfabetica,,180.0,1,180.0,600.0,1,0,TEMPO_TOTAL,2,,,
1,1,27,par_cursos,CC+FIL,62,13294,81696,OPTIMAL,186089.5,186079.5,True,186079.5,25.12,24.8,600.0,CC,FIL,alfabetica,,27,1,True,True,TEMPO_TOTAL,iteracao,hibrida_pares_dia_turno_curso,180.0,180.0,600.0,14400.0,False,False,alfabetica,,alfabetica,,./dados/2024_1/horarios_2024_1.xlsx,./dados/2024_1/salas_2024_1.csv,./dados/2024_1/salas_preferenciais_2024.1.xlsx,/Users/robertdrey/Documents/workspace/development/alocador_de_salas,resultados/experimentos/2024_1/hibridas_dia_turno_curso_pares/pares_dia_turno_curso_init180.sol,resultados/experimentos/2024_1/hibridas_dia_turno_curso_pares/pares_dia_turno_curso_init180.csv,resultados/experimentos/2024_1/hibridas_dia_turno_curso_pares/pares_dia_turno_curso_init180.json,par_cursos -> dia_turno_curso,alfabetica,,alfabetica,,180.0,1,180.0,600.0,1,0,TEMPO_TOTAL,2,,,
1,1,28,par_cursos,CC+GEO,57,12604,82386,OPTIMAL,186079.5,186079.5,False,186079.5,2.2,1.89,600.0,CC,GEO,alfabetica,,28,1,True,True,TEMPO_TOTAL,iteracao,hibrida_pares_dia_turno_curso,180.0,180.0,600.0,14400.0,False,False,alfabetica,,alfabetica,,./dados/2024_1/horarios_2024_1.xlsx,./dados/2024_1/salas_2024_1.csv,./dados/2024_1/salas_preferenciais_2024.1.xlsx,/Users/robertdrey/Documents/workspace/development/alocador_de_salas,resultados/experimentos/2024_1/hibridas_dia_turno_curso_pares/pares_dia_turno_curso_init180.sol,resultados/experimentos/2024_1/hibridas_dia_turno_curso_pares/pares_dia_turno_curso_init180.csv,resultados/experimentos/2024_1/hibridas_dia_turno_curso_pares/pares_dia_turno_curso_init180.json,par_cursos -> dia_turno_curso,alfabetica,,alfabetica,,180.0,1,180.0,600.0,1,0,TEMPO_TOTAL,2,,,
1,1,29,par_cursos,CC+HIS,71,15318,79672,OPTIMAL,186079.5,186079.5,False,186079.5,2.67,2.34,600.0,CC,HIS,alfabetica,,29,1,True,True,TEMPO_TOTAL,iteracao,hibrida_pares_dia_turno_curso,180.0,180.0,600.0,14400.0,False,False,alfabetica,,alfabetica,,./dados/2024_1/horarios_2024_1.xlsx,./dados/2024_1/salas_2024_1.csv,./dados/2024_1/salas_preferenciais_2024.1.xlsx,/Users/robertdrey/Documents/workspace/development/alocador_de_salas,resultados/experimentos/2024_1/hibridas_dia_turno_curso_pares/pares_dia_turno_curso_init180.sol,resultados/experimentos/2024_1/hibridas_dia_turno_curso_pares/pares_dia_turno_curso_init180.csv,resultados/experimentos/2024_1/hibridas_dia_turno_curso_pares/pares_dia_turno_curso_init180.json,par_cursos -> dia_turno_curso,alfabetica,,alfabetica,,180.0,1,180.0,600.0,1,0,TEMPO_TOTAL,2,,,
1,1,30,par_cursos,CC+LET,83,19688,75302,TIME_LIMIT,186079.5,186071.5,True,186071.5,600.38,600.03,600.0,CC,LET,alfabetica,,30,1,True,True,TEMPO_TOTAL,iteracao,hibrida_pares_dia_turno_curso,180.0,180.0,600.0,14400.0,False,False,alfabetica,,alfabetica,,./dados/2024_1/horarios_2024_1.xlsx,./dados/2024_1/salas_2024_1.csv,./dados/2024_1/salas_preferenciais_2024.1.xlsx,/Users/robertdrey/Documents/workspace/development/alocador_de_salas,resultados/experimentos/2024_1/hibridas_dia_turno_curso_pares/pares_dia_turno_curso_init180.sol,resultados/experimentos/2024_1/hibridas_dia_turno_curso_pares/pares_dia_turno_curso_init180.csv,resultados/experimentos/2024_1/hibridas_dia_turno_curso_pares/pares_dia_turno_curso_init180.json,par_cursos -> dia_turno_curso,alfabetica,,alfabetica,,180.0,1,180.0,600.0,1,0,TEMPO_TOTAL,2,,,
1,1,31,par_cursos,CC+MAT,70,15502,79488,OPTIMAL,186071.5,186071.5,False,186071.5,3.27,2.9,600.0,CC,MAT,alfabetica,,31,1,True,True,TEMPO_TOTAL,iteracao,hibrida_pares_dia_turno_curso,180.0,180.0,600.0,14400.0,False,False,alfabetica,,alfabetica,,./dados/2024_1/horarios_2024_1.xlsx,./dados/2024_1/salas_2024_1.csv,./dados/2024_1/salas_preferenciais_2024.1.xlsx,/Users/robertdrey/Documents/workspace/development/alocador_de_salas,resultados/experimentos/2024_1/hibridas_dia_turno_curso_pares/pares_dia_turno_curso_init180.sol,resultados/experimentos/2024_1/hibridas_dia_turno_curso_pares/pares_dia_turno_curso_init180.csv,resultados/experimentos/2024_1/hibridas_dia_turno_curso_pares/pares_dia_turno_curso_init180.json,par_cursos -> dia_turno_curso,alfabetica,,alfabetica,,180.0,1,180.0,600.0,1,0,TEMPO_TOTAL,2,,,
1,1,32,par_cursos,CC+MED,88,19918,75072,OPTIMAL,186071.5,186071.5,False,186071.5,7.02,6.7,600.0,CC,MED,alfabetica,,32,1,True,True,TEMPO_TOTAL,iteracao,hibrida_pares_dia_turno_curso,180.0,180.0,600.0,14400.0,False,False,alfabetica,,alfabetica,,./dados/2024_1/horarios_2024_1.xlsx,./dados/2024_1/salas_2024_1.csv,./dados/2024_1/salas_preferenciais_2024.1.xlsx,/Users/robertdrey/Documents/workspace/development/alocador_de_salas,resultados/experimentos/2024_1/hibridas_dia_turno_curso_pares/pares_dia_turno_curso_init180.sol,resultados/experimentos/2024_1/hibridas_dia_turno_curso_pares/pares_dia_turno_curso_init180.csv,resultados/experimentos/2024_1/hibridas_dia_turno_curso_pares/pares_dia_turno_curso_init180.json,par_cursos -> dia_turno_curso,alfabetica,,alfabetica,,180.0,1,180.0,600.0,1,0,TEMPO_TOTAL,2,,,
1,1,33,par_cursos,CC+PED,103,23322,71668,OPTIMAL,186071.5,186071.5,False,186071.5,127.75,127.44,600.0,CC,PED,alfabetica,,33,1,True,True,TEMPO_TOTAL,iteracao,hibrida_pares_dia_turno_curso,180.0,180.0,600.0,14400.0,False,False,alfabetica,,alfabetica,,./dados/2024_1/horarios_2024_1.xlsx,./dados/2024_1/salas_2024_1.csv,./dados/2024_1/salas_preferenciais_2024.1.xlsx,/Users/robertdrey/Documents/workspace/development/alocador_de_salas,resultados/experimentos/2024_1/hibridas_dia_turno_curso_pares/pares_dia_turno_curso_init180.sol,resultados/experimentos/2024_1/hibridas_dia_turno_curso_pares/pares_dia_turno_curso_init180.csv,resultados/experimentos/2024_1/hibridas_dia_turno_curso_pares/pares_dia_turno_curso_init180.json,par_cursos -> dia_turno_curso,alfabetica,,alfabetica,,180.0,1,180.0,600.0,1,0,TEMPO_TOTAL,2,,,
1,1,34,par_cursos,CS+EAS,67,12006,82984,OPTIMAL,186071.5,186071.5,False,186071.5,0.75,0.45,600.0,CS,EAS,alfabetica,,34,1,True,True,TEMPO_TOTAL,iteracao,hibrida_pares_dia_turno_curso,180.0,180.0,600.0,14400.0,False,False,alfabetica,,alfabetica,,./dados/2024_1/horarios_2024_1.xlsx,./dados/2024_1/salas_2024_1.csv,./dados/2024_1/salas_preferenciais_2024.1.xlsx,/Users/robertdrey/Documents/workspace/development/alocador_de_salas,resultados/experimentos/2024_1/hibridas_dia_turno_curso_pares/pares_dia_turno_curso_init180.sol,resultados/experimentos/2024_1/hibridas_dia_turno_curso_pares/pares_dia_turno_curso_init180.csv,resultados/experimentos/2024_1/hibridas_dia_turno_curso_pares/pares_dia_turno_curso_init180.json,par_cursos -> dia_turno_curso,alfabetica,,alfabetica,,180.0,1,180.0,600.0,1,0,TEMPO_TOTAL,2,,,
1,1,35,par_cursos,CS+ENF,40,13064,81926,OPTIMAL,186071.5,186071.5,False,186071.5,2.39,2.09,600.0,CS,ENF,alfabetica,,35,1,True,True,TEMPO_TOTAL,iteracao,hibrida_pares_dia_turno_curso,180.0,180.0,600.0,14400.0,False,False,alfabetica,,alfabetica,,./dados/2024_1/horarios_2024_1.xlsx,./dados/2024_1/salas_2024_1.csv,./dados/2024_1/salas_preferenciais_2024.1.xlsx,/Users/robertdrey/Documents/workspace/development/alocador_de_salas,resultados/experimentos/2024_1/hibridas_dia_turno_curso_pares/pares_dia_turno_curso_init180.sol,resultados/experimentos/2024_1/hibridas_dia_turno_curso_pares/pares_dia_turno_curso_init180.csv,resultados/experimentos/2024_1/hibridas_dia_turno_curso_pares/pares_dia_turno_curso_init180.json,par_cursos -> dia_turno_curso,alfabetica,,alfabetica,,180.0,1,180.0,600.0,1,0,TEMPO_TOTAL,2,,,
1,1,36,par_cursos,CS+FIL,37,7314,87676,OPTIMAL,186071.5,186071.5,False,186071.5,0.64,0.33,600.0,CS,FIL,alfabetica,,36,1,True,True,TEMPO_TOTAL,iteracao,hibrida_pares_dia_turno_curso,180.0,180.0,600.0,14400.0,False,False,alfabetica,,alfabetica,,./dados/2024_1/horarios_2024_1.xlsx,./dados/2024_1/salas_2024_1.csv,./dados/2024_1/salas_preferenciais_2024.1.xlsx,/Users/robertdrey/Documents/workspace/development/alocador_de_salas,resultados/experimentos/2024_1/hibridas_dia_turno_curso_pares/pares_dia_turno_curso_init180.sol,resultados/experimentos/2024_1/hibridas_dia_turno_curso_pares/pares_dia_turno_curso_init180.csv,resultados/experimentos/2024_1/hibridas_dia_turno_curso_pares/pares_dia_turno_curso_init180.json,par_cursos -> dia_turno_curso,alfabetica,,alfabetica,,180.0,1,180.0,600.0,1,0,TEMPO_TOTAL,2,,,
1,1,37,par_cursos,CS+GEO,32,6624,88366,OPTIMAL,186071.5,186071.5,False,186071.5,0.64,0.33,600.0,CS,GEO,alfabetica,,37,1,True,True,TEMPO_TOTAL,iteracao,hibrida_pares_dia_turno_curso,180.0,180.0,600.0,14400.0,False,False,alfabetica,,alfabetica,,./dados/2024_1/horarios_2024_1.xlsx,./dados/2024_1/salas_2024_1.csv,./dados/2024_1/salas_preferenciais_2024.1.xlsx,/Users/robertdrey/Documents/workspace/development/alocador_de_salas,resultados/experimentos/2024_1/hibridas_dia_turno_curso_pares/pares_dia_turno_curso_init180.sol,resultados/experimentos/2024_1/hibridas_dia_turno_curso_pares/pares_dia_turno_curso_init180.csv,resultados/experimentos/2024_1/hibridas_dia_turno_curso_pares/pares_dia_turno_curso_init180.json,par_cursos -> dia_turno_curso,alfabetica,,alfabetica,,180.0,1,180.0,600.0,1,0,TEMPO_TOTAL,2,,,
1,1,38,par_cursos,CS+HIS,46,9338,85652,OPTIMAL,186071.5,186071.5,False,186071.5,0.87,0.55,600.0,CS,HIS,alfabetica,,38,1,True,True,TEMPO_TOTAL,iteracao,hibrida_pares_dia_turno_curso,180.0,180.0,600.0,14400.0,False,False,alfabetica,,alfabetica,,./dados/2024_1/horarios_2024_1.xlsx,./dados/2024_1/salas_2024_1.csv,./dados/2024_1/salas_preferenciais_2024.1.xlsx,/Users/robertdrey/Documents/workspace/development/alocador_de_salas,resultados/experimentos/2024_1/hibridas_dia_turno_curso_pares/pares_dia_turno_curso_init180.sol,resultados/experimentos/2024_1/hibridas_dia_turno_curso_pares/pares_dia_turno_curso_init180.csv,resultados/experimentos/2024_1/hibridas_dia_turno_curso_pares/pares_dia_turno_curso_init180.json,par_cursos -> dia_turno_curso,alfabetica,,alfabetica,,180.0,1,180.0,600.0,1,0,TEMPO_TOTAL,2,,,
1,1,39,par_cursos,CS+LET,58,13708,81282,OPTIMAL,186071.5,186071.5,False,186071.5,6.53,6.19,600.0,CS,LET,alfabetica,,39,1,True,True,TEMPO_TOTAL,iteracao,hibrida_pares_dia_turno_curso,180.0,180.0,600.0,14400.0,False,False,alfabetica,,alfabetica,,./dados/2024_1/horarios_2024_1.xlsx,./dados/2024_1/salas_2024_1.csv,./dados/2024_1/salas_preferenciais_2024.1.xlsx,/Users/robertdrey/Documents/workspace/development/alocador_de_salas,resultados/experimentos/2024_1/hibridas_dia_turno_curso_pares/pares_dia_turno_curso_init180.sol,resultados/experimentos/2024_1/hibridas_dia_turno_curso_pares/pares_dia_turno_curso_init180.csv,resultados/experimentos/2024_1/hibridas_dia_turno_curso_pares/pares_dia_turno_curso_init180.json,par_cursos -> dia_turno_curso,alfabetica,,alfabetica,,180.0,1,180.0,600.0,1,0,TEMPO_TOTAL,2,,,
1,1,40,par_cursos,CS+MAT,45,9522,85468,OPTIMAL,186071.5,186071.5,False,186071.5,0.86,0.52,600.0,CS,MAT,alfabetica,,40,1,True,True,TEMPO_TOTAL,iteracao,hibrida_pares_dia_turno_curso,180.0,180.0,600.0,14400.0,False,False,alfabetica,,alfabetica,,./dados/2024_1/horarios_2024_1.xlsx,./dados/2024_1/salas_2024_1.csv,./dados/2024_1/salas_preferenciais_2024.1.xlsx,/Users/robertdrey/Documents/workspace/development/alocador_de_salas,resultados/experimentos/2024_1/hibridas_dia_turno_curso_pares/pares_dia_turno_curso_init180.sol,resultados/experimentos/2024_1/hibridas_dia_turno_curso_pares/pares_dia_turno_curso_init180.csv,resultados/experimentos/2024_1/hibridas_dia_turno_curso_pares/pares_dia_turno_curso_init180.json,par_cursos -> dia_turno_curso,alfabetica,,alfabetica,,180.0,1,180.0,600.0,1,0,TEMPO_TOTAL,2,,,
1,1,41,par_cursos,CS+MED,63,13938,81052,OPTIMAL,186071.5,186071.5,False,186071.5,1.26,0.96,600.0,CS,MED,alfabetica,,41,1,True,True,TEMPO_TOTAL,iteracao,hibrida_pares_dia_turno_curso,180.0,180.0,600.0,14400.0,False,False,alfabetica,,alfabetica,,./dados/2024_1/horarios_2024_1.xlsx,./dados/2024_1/salas_2024_1.csv,./dados/2024_1/salas_preferenciais_2024.1.xlsx,/Users/robertdrey/Documents/workspace/development/alocador_de_salas,resultados/experimentos/2024_1/hibridas_dia_turno_curso_pares/pares_dia_turno_curso_init180.sol,resultados/experimentos/2024_1/hibridas_dia_turno_curso_pares/pares_dia_turno_curso_init180.csv,resultados/experimentos/2024_1/hibridas_dia_turno_curso_pares/pares_dia_turno_curso_init180.json,par_cursos -> dia_turno_curso,alfabetica,,alfabetica,,180.0,1,180.0,600.0,1,0,TEMPO_TOTAL,2,,,
1,1,42,par_cursos,CS+PED,78,17342,77648,OPTIMAL,186071.5,186071.5,False,186071.5,27.86,27.54,600.0,CS,PED,alfabetica,,42,1,True,True,TEMPO_TOTAL,iteracao,hibrida_pares_dia_turno_curso,180.0,180.0,600.0,14400.0,False,False,alfabetica,,alfabetica,,./dados/2024_1/horarios_2024_1.xlsx,./dados/2024_1/salas_2024_1.csv,./dados/2024_1/salas_preferenciais_2024.1.xlsx,/Users/robertdrey/Documents/workspace/development/alocador_de_salas,resultados/experimentos/2024_1/hibridas_dia_turno_curso_pares/pares_dia_turno_curso_init180.sol,resultados/experimentos/2024_1/hibridas_dia_turno_curso_pares/pares_dia_turno_curso_init180.csv,resultados/experimentos/2024_1/hibridas_dia_turno_curso_pares/pares_dia_turno_curso_init180.json,par_cursos -> dia_turno_curso,alfabetica,,alfabetica,,180.0,1,180.0,600.0,1,0,TEMPO_TOTAL,2,,,
1,1,43,par_cursos,EAS+ENF,63,15962,79028,OPTIMAL,186071.5,186071.5,False,186071.5,13.49,13.16,600.0,EAS,ENF,alfabetica,,43,1,True,True,TEMPO_TOTAL,iteracao,hibrida_pares_dia_turno_curso,180.0,180.0,600.0,14400.0,False,False,alfabetica,,alfabetica,,./dados/2024_1/horarios_2024_1.xlsx,./dados/2024_1/salas_2024_1.csv,./dados/2024_1/salas_preferenciais_2024.1.xlsx,/Users/robertdrey/Documents/workspace/development/alocador_de_salas,resultados/experimentos/2024_1/hibridas_dia_turno_curso_pares/pares_dia_turno_curso_init180.sol,resultados/experimentos/2024_1/hibridas_dia_turno_curso_pares/pares_dia_turno_curso_init180.csv,resultados/experimentos/2024_1/hibridas_dia_turno_curso_pares/pares_dia_turno_curso_init180.json,par_cursos -> dia_turno_curso,alfabetica,,alfabetica,,180.0,1,180.0,600.0,1,0,TEMPO_TOTAL,2,,,
1,1,44,par_cursos,EAS+FIL,60,10212,84778,OPTIMAL,186071.5,186071.5,False,186071.5,0.69,0.37,600.0,EAS,FIL,alfabetica,,44,1,True,True,TEMPO_TOTAL,iteracao,hibrida_pares_dia_turno_curso,180.0,180.0,600.0,14400.0,False,False,alfabetica,,alfabetica,,./dados/2024_1/horarios_2024_1.xlsx,./dados/2024_1/salas_2024_1.csv,./dados/2024_1/salas_preferenciais_2024.1.xlsx,/Users/robertdrey/Documents/workspace/development/alocador_de_salas,resultados/experimentos/2024_1/hibridas_dia_turno_curso_pares/pares_dia_turno_curso_init180.sol,resultados/experimentos/2024_1/hibridas_dia_turno_curso_pares/pares_dia_turno_curso_init180.csv,resultados/experimentos/2024_1/hibridas_dia_turno_curso_pares/pares_dia_turno_curso_init180.json,par_cursos -> dia_turno_curso,alfabetica,,alfabetica,,180.0,1,180.0,600.0,1,0,TEMPO_TOTAL,2,,,
1,1,45,par_cursos,EAS+GEO,55,9522,85468,OPTIMAL,186071.5,186071.5,False,186071.5,0.67,0.37,600.0,EAS,GEO,alfabetica,,45,1,True,True,TEMPO_TOTAL,iteracao,hibrida_pares_dia_turno_curso,180.0,180.0,600.0,14400.0,False,False,alfabetica,,alfabetica,,./dados/2024_1/horarios_2024_1.xlsx,./dados/2024_1/salas_2024_1.csv,./dados/2024_1/salas_preferenciais_2024.1.xlsx,/Users/robertdrey/Documents/workspace/development/alocador_de_salas,resultados/experimentos/2024_1/hibridas_dia_turno_curso_pares/pares_dia_turno_curso_init180.sol,resultados/experimentos/2024_1/hibridas_dia_turno_curso_pares/pares_dia_turno_curso_init180.csv,resultados/experimentos/2024_1/hibridas_dia_turno_curso_pares/pares_dia_turno_curso_init180.json,par_cursos -> dia_turno_curso,alfabetica,,alfabetica,,180.0,1,180.0,600.0,1,0,TEMPO_TOTAL,2,,,
1,1,46,par_cursos,EAS+HIS,69,12236,82754,OPTIMAL,186071.5,186071.5,False,186071.5,0.88,0.58,600.0,EAS,HIS,alfabetica,,46,1,True,True,TEMPO_TOTAL,iteracao,hibrida_pares_dia_turno_curso,180.0,180.0,600.0,14400.0,False,False,alfabetica,,alfabetica,,./dados/2024_1/horarios_2024_1.xlsx,./dados/2024_1/salas_2024_1.csv,./dados/2024_1/salas_preferenciais_2024.1.xlsx,/Users/robertdrey/Documents/workspace/development/alocador_de_salas,resultados/experimentos/2024_1/hibridas_dia_turno_curso_pares/pares_dia_turno_curso_init180.sol,resultados/experimentos/2024_1/hibridas_dia_turno_curso_pares/pares_dia_turno_curso_init180.csv,resultados/experimentos/2024_1/hibridas_dia_turno_curso_pares/pares_dia_turno_curso_init180.json,par_cursos -> dia_turno_curso,alfabetica,,alfabetica,,180.0,1,180.0,600.0,1,0,TEMPO_TOTAL,2,,,
1,1,47,par_cursos,EAS+LET,81,16606,78384,OPTIMAL,186071.5,186071.5,False,186071.5,15.03,14.7,600.0,EAS,LET,alfabetica,,47,1,True,True,TEMPO_TOTAL,iteracao,hibrida_pares_dia_turno_curso,180.0,180.0,600.0,14400.0,False,False,alfabetica,,alfabetica,,./dados/2024_1/horarios_2024_1.xlsx,./dados/2024_1/salas_2024_1.csv,./dados/2024_1/salas_preferenciais_2024.1.xlsx,/Users/robertdrey/Documents/workspace/development/alocador_de_salas,resultados/experimentos/2024_1/hibridas_dia_turno_curso_pares/pares_dia_turno_curso_init180.sol,resultados/experimentos/2024_1/hibridas_dia_turno_curso_pares/pares_dia_turno_curso_init180.csv,resultados/experimentos/2024_1/hibridas_dia_turno_curso_pares/pares_dia_turno_curso_init180.json,par_cursos -> dia_turno_curso,alfabetica,,alfabetica,,180.0,1,180.0,600.0,1,0,TEMPO_TOTAL,2,,,
1,1,48,par_cursos,EAS+MAT,68,12420,82570,OPTIMAL,186071.5,186066.5,True,186066.5,1.23,0.89,600.0,EAS,MAT,alfabetica,,48,1,True,True,TEMPO_TOTAL,iteracao,hibrida_pares_dia_turno_curso,180.0,180.0,600.0,14400.0,False,False,alfabetica,,alfabetica,,./dados/2024_1/horarios_2024_1.xlsx,./dados/2024_1/salas_2024_1.csv,./dados/2024_1/salas_preferenciais_2024.1.xlsx,/Users/robertdrey/Documents/workspace/development/alocador_de_salas,resultados/experimentos/2024_1/hibridas_dia_turno_curso_pares/pares_dia_turno_curso_init180.sol,resultados/experimentos/2024_1/hibridas_dia_turno_curso_pares/pares_dia_turno_curso_init180.csv,resultados/experimentos/2024_1/hibridas_dia_turno_curso_pares/pares_dia_turno_curso_init180.json,par_cursos -> dia_turno_curso,alfabetica,,alfabetica,,180.0,1,180.0,600.0,1,0,TEMPO_TOTAL,2,,,
1,1,49,par_cursos,EAS+MED,86,16836,78154,OPTIMAL,186066.5,186066.5,False,186066.5,2.06,1.74,600.0,EAS,MED,alfabetica,,49,1,True,True,TEMPO_TOTAL,iteracao,hibrida_pares_dia_turno_curso,180.0,180.0,600.0,14400.0,False,False,alfabetica,,alfabetica,,./dados/2024_1/horarios_2024_1.xlsx,./dados/2024_1/salas_2024_1.csv,./dados/2024_1/salas_preferenciais_2024.1.xlsx,/Users/robertdrey/Documents/workspace/development/alocador_de_salas,resultados/experimentos/2024_1/hibridas_dia_turno_curso_pares/pares_dia_turno_curso_init180.sol,resultados/experimentos/2024_1/hibridas_dia_turno_curso_pares/pares_dia_turno_curso_init180.csv,resultados/experimentos/2024_1/hibridas_dia_turno_curso_pares/pares_dia_turno_curso_init180.json,par_cursos -> dia_turno_curso,alfabetica,,alfabetica,,180.0,1,180.0,600.0,1,0,TEMPO_TOTAL,2,,,
1,1,50,par_cursos,EAS+PED,101,20240,74750,OPTIMAL,186066.5,186066.5,False,186066.5,13.19,12.86,600.0,EAS,PED,alfabetica,,50,1,True,True,TEMPO_TOTAL,iteracao,hibrida_pares_dia_turno_curso,180.0,180.0,600.0,14400.0,False,False,alfabetica,,alfabetica,,./dados/2024_1/horarios_2024_1.xlsx,./dados/2024_1/salas_2024_1.csv,./dados/2024_1/salas_preferenciais_2024.1.xlsx,/Users/robertdrey/Documents/workspace/development/alocador_de_salas,resultados/experimentos/2024_1/hibridas_dia_turno_curso_pares/pares_dia_turno_curso_init180.sol,resultados/experimentos/2024_1/hibridas_dia_turno_curso_pares/pares_dia_turno_curso_init180.csv,resultados/experimentos/2024_1/hibridas_dia_turno_curso_pares/pares_dia_turno_curso_init180.json,par_cursos -> dia_turno_curso,alfabetica,,alfabetica,,180.0,1,180.0,600.0,1,0,TEMPO_TOTAL,2,,,
1,1,51,par_cursos,ENF+FIL,33,11270,83720,OPTIMAL,186066.5,186066.5,False,186066.5,2.24,1.9,600.0,ENF,FIL,alfabetica,,51,1,True,True,TEMPO_TOTAL,iteracao,hibrida_pares_dia_turno_curso,180.0,180.0,600.0,14400.0,False,False,alfabetica,,alfabetica,,./dados/2024_1/horarios_2024_1.xlsx,./dados/2024_1/salas_2024_1.csv,./dados/2024_1/salas_preferenciais_2024.1.xlsx,/Users/robertdrey/Documents/workspace/development/alocador_de_salas,resultados/experimentos/2024_1/hibridas_dia_turno_curso_pares/pares_dia_turno_curso_init180.sol,resultados/experimentos/2024_1/hibridas_dia_turno_curso_pares/pares_dia_turno_curso_init180.csv,resultados/experimentos/2024_1/hibridas_dia_turno_curso_pares/pares_dia_turno_curso_init180.json,par_cursos -> dia_turno_curso,alfabetica,,alfabetica,,180.0,1,180.0,600.0,1,0,TEMPO_TOTAL,2,,,
1,1,52,par_cursos,ENF+GEO,28,10580,84410,OPTIMAL,186066.5,186066.5,False,186066.5,3.32,2.98,600.0,ENF,GEO,alfabetica,,52,1,True,True,TEMPO_TOTAL,iteracao,hibrida_pares_dia_turno_curso,180.0,180.0,600.0,14400.0,False,False,alfabetica,,alfabetica,,./dados/2024_1/horarios_2024_1.xlsx,./dados/2024_1/salas_2024_1.csv,./dados/2024_1/salas_preferenciais_2024.1.xlsx,/Users/robertdrey/Documents/workspace/development/alocador_de_salas,resultados/experimentos/2024_1/hibridas_dia_turno_curso_pares/pares_dia_turno_curso_init180.sol,resultados/experimentos/2024_1/hibridas_dia_turno_curso_pares/pares_dia_turno_curso_init180.csv,resultados/experimentos/2024_1/hibridas_dia_turno_curso_pares/pares_dia_turno_curso_init180.json,par_cursos -> dia_turno_curso,alfabetica,,alfabetica,,180.0,1,180.0,600.0,1,0,TEMPO_TOTAL,2,,,
1,1,53,par_cursos,ENF+HIS,42,13294,81696,OPTIMAL,186066.5,186066.5,False,186066.5,2.5,2.16,600.0,ENF,HIS,alfabetica,,53,1,True,True,TEMPO_TOTAL,iteracao,hibrida_pares_dia_turno_curso,180.0,180.0,600.0,14400.0,False,False,alfabetica,,alfabetica,,./dados/2024_1/horarios_2024_1.xlsx,./dados/2024_1/salas_2024_1.csv,./dados/2024_1/salas_preferenciais_2024.1.xlsx,/Users/robertdrey/Documents/workspace/development/alocador_de_salas,resultados/experimentos/2024_1/hibridas_dia_turno_curso_pares/pares_dia_turno_curso_init180.sol,resultados/experimentos/2024_1/hibridas_dia_turno_curso_pares/pares_dia_turno_curso_init180.csv,resultados/experimentos/2024_1/hibridas_dia_turno_curso_pares/pares_dia_turno_curso_init180.json,par_cursos -> dia_turno_curso,alfabetica,,alfabetica,,180.0,1,180.0,600.0,1,0,TEMPO_TOTAL,2,,,
1,1,54,par_cursos,ENF+LET,54,17664,77326,OPTIMAL,186066.5,186066.5,False,186066.5,76.22,75.89,600.0,ENF,LET,alfabetica,,54,1,True,True,TEMPO_TOTAL,iteracao,hibrida_pares_dia_turno_curso,180.0,180.0,600.0,14400.0,False,False,alfabetica,,alfabetica,,./dados/2024_1/horarios_2024_1.xlsx,./dados/2024_1/salas_2024_1.csv,./dados/2024_1/salas_preferenciais_2024.1.xlsx,/Users/robertdrey/Documents/workspace/development/alocador_de_salas,resultados/experimentos/2024_1/hibridas_dia_turno_curso_pares/pares_dia_turno_curso_init180.sol,resultados/experimentos/2024_1/hibridas_dia_turno_curso_pares/pares_dia_turno_curso_init180.csv,resultados/experimentos/2024_1/hibridas_dia_turno_curso_pares/pares_dia_turno_curso_init180.json,par_cursos -> dia_turno_curso,alfabetica,,alfabetica,,180.0,1,180.0,600.0,1,0,TEMPO_TOTAL,2,,,
1,1,55,par_cursos,ENF+MAT,41,13478,81512,OPTIMAL,186066.5,186066.5,False,186066.5,2.31,1.98,600.0,ENF,MAT,alfabetica,,55,1,True,True,TEMPO_TOTAL,iteracao,hibrida_pares_dia_turno_curso,180.0,180.0,600.0,14400.0,False,False,alfabetica,,alfabetica,,./dados/2024_1/horarios_2024_1.xlsx,./dados/2024_1/salas_2024_1.csv,./dados/2024_1/salas_preferenciais_2024.1.xlsx,/Users/robertdrey/Documents/workspace/development/alocador_de_salas,resultados/experimentos/2024_1/hibridas_dia_turno_curso_pares/pares_dia_turno_curso_init180.sol,resultados/experimentos/2024_1/hibridas_dia_turno_curso_pares/pares_dia_turno_curso_init180.csv,resultados/experimentos/2024_1/hibridas_dia_turno_curso_pares/pares_dia_turno_curso_init180.json,par_cursos -> dia_turno_curso,alfabetica,,alfabetica,,180.0,1,180.0,600.0,1,0,TEMPO_TOTAL,2,,,
1,1,56,par_cursos,ENF+MED,59,17894,77096,OPTIMAL,186066.5,186024.5,True,186024.5,27.26,26.92,600.0,ENF,MED,alfabetica,,56,1,True,True,TEMPO_TOTAL,iteracao,hibrida_pares_dia_turno_curso,180.0,180.0,600.0,14400.0,False,False,alfabetica,,alfabetica,,./dados/2024_1/horarios_2024_1.xlsx,./dados/2024_1/salas_2024_1.csv,./dados/2024_1/salas_preferenciais_2024.1.xlsx,/Users/robertdrey/Documents/workspace/development/alocador_de_salas,resultados/experimentos/2024_1/hibridas_dia_turno_curso_pares/pares_dia_turno_curso_init180.sol,resultados/experimentos/2024_1/hibridas_dia_turno_curso_pares/pares_dia_turno_curso_init180.csv,resultados/experimentos/2024_1/hibridas_dia_turno_curso_pares/pares_dia_turno_curso_init180.json,par_cursos -> dia_turno_curso,alfabetica,,alfabetica,,180.0,1,180.0,600.0,1,0,TEMPO_TOTAL,2,,,
1,1,57,par_cursos,ENF+PED,74,21298,73692,TIME_LIMIT,186024.5,186024.5,False,186024.5,600.51,600.16,600.0,ENF,PED,alfabetica,,57,1,True,True,TEMPO_TOTAL,iteracao,hibrida_pares_dia_turno_curso,180.0,180.0,600.0,14400.0,False,False,alfabetica,,alfabetica,,./dados/2024_1/horarios_2024_1.xlsx,./dados/2024_1/salas_2024_1.csv,./dados/2024_1/salas_preferenciais_2024.1.xlsx,/Users/robertdrey/Documents/workspace/development/alocador_de_salas,resultados/experimentos/2024_1/hibridas_dia_turno_curso_pares/pares_dia_turno_curso_init180.sol,resultados/experimentos/2024_1/hibridas_dia_turno_curso_pares/pares_dia_turno_curso_init180.csv,resultados/experimentos/2024_1/hibridas_dia_turno_curso_pares/pares_dia_turno_curso_init180.json,par_cursos -> dia_turno_curso,alfabetica,,alfabetica,,180.0,1,180.0,600.0,1,0,TEMPO_TOTAL,2,,,
1,1,58,par_cursos,FIL+GEO,25,4830,90160,OPTIMAL,186024.5,186024.5,False,186024.5,0.73,0.31,600.0,FIL,GEO,alfabetica,,58,1,True,True,TEMPO_TOTAL,iteracao,hibrida_pares_dia_turno_curso,180.0,180.0,600.0,14400.0,False,False,alfabetica,,alfabetica,,./dados/2024_1/horarios_2024_1.xlsx,./dados/2024_1/salas_2024_1.csv,./dados/2024_1/salas_preferenciais_2024.1.xlsx,/Users/robertdrey/Documents/workspace/development/alocador_de_salas,resultados/experimentos/2024_1/hibridas_dia_turno_curso_pares/pares_dia_turno_curso_init180.sol,resultados/experimentos/2024_1/hibridas_dia_turno_curso_pares/pares_dia_turno_curso_init180.csv,resultados/experimentos/2024_1/hibridas_dia_turno_curso_pares/pares_dia_turno_curso_init180.json,par_cursos -> dia_turno_curso,alfabetica,,alfabetica,,180.0,1,180.0,600.0,1,0,TEMPO_TOTAL,2,,,
1,1,59,par_cursos,FIL+HIS,39,7544,87446,OPTIMAL,186024.5,186024.5,False,186024.5,0.65,0.35,600.0,FIL,HIS,alfabetica,,59,1,True,True,TEMPO_TOTAL,iteracao,hibrida_pares_dia_turno_curso,180.0,180.0,600.0,14400.0,False,False,alfabetica,,alfabetica,,./dados/2024_1/horarios_2024_1.xlsx,./dados/2024_1/salas_2024_1.csv,./dados/2024_1/salas_preferenciais_2024.1.xlsx,/Users/robertdrey/Documents/workspace/development/alocador_de_salas,resultados/experimentos/2024_1/hibridas_dia_turno_curso_pares/pares_dia_turno_curso_init180.sol,resultados/experimentos/2024_1/hibridas_dia_turno_curso_pares/pares_dia_turno_curso_init180.csv,resultados/experimentos/2024_1/hibridas_dia_turno_curso_pares/pares_dia_turno_curso_init180.json,par_cursos -> dia_turno_curso,alfabetica,,alfabetica,,180.0,1,180.0,600.0,1,0,TEMPO_TOTAL,2,,,
1,1,60,par_cursos,FIL+LET,51,11914,83076,OPTIMAL,186024.5,186024.5,False,186024.5,38.65,38.32,600.0,FIL,LET,alfabetica,,60,1,True,True,TEMPO_TOTAL,iteracao,hibrida_pares_dia_turno_curso,180.0,180.0,600.0,14400.0,False,False,alfabetica,,alfabetica,,./dados/2024_1/horarios_2024_1.xlsx,./dados/2024_1/salas_2024_1.csv,./dados/2024_1/salas_preferenciais_2024.1.xlsx,/Users/robertdrey/Documents/workspace/development/alocador_de_salas,resultados/experimentos/2024_1/hibridas_dia_turno_curso_pares/pares_dia_turno_curso_init180.sol,resultados/experimentos/2024_1/hibridas_dia_turno_curso_pares/pares_dia_turno_curso_init180.csv,resultados/experimentos/2024_1/hibridas_dia_turno_curso_pares/pares_dia_turno_curso_init180.json,par_cursos -> dia_turno_curso,alfabetica,,alfabetica,,180.0,1,180.0,600.0,1,0,TEMPO_TOTAL,2,,,
1,1,61,par_cursos,FIL+MAT,38,7728,87262,OPTIMAL,186024.5,186024.5,False,186024.5,0.7,0.35,600.0,FIL,MAT,alfabetica,,61,1,True,True,TEMPO_TOTAL,iteracao,hibrida_pares_dia_turno_curso,180.0,180.0,600.0,14400.0,False,False,alfabetica,,alfabetica,,./dados/2024_1/horarios_2024_1.xlsx,./dados/2024_1/salas_2024_1.csv,./dados/2024_1/salas_preferenciais_2024.1.xlsx,/Users/robertdrey/Documents/workspace/development/alocador_de_salas,resultados/experimentos/2024_1/hibridas_dia_turno_curso_pares/pares_dia_turno_curso_init180.sol,resultados/experimentos/2024_1/hibridas_dia_turno_curso_pares/pares_dia_turno_curso_init180.csv,resultados/experimentos/2024_1/hibridas_dia_turno_curso_pares/pares_dia_turno_curso_init180.json,par_cursos -> dia_turno_curso,alfabetica,,alfabetica,,180.0,1,180.0,600.0,1,0,TEMPO_TOTAL,2,,,
1,1,62,par_cursos,FIL+MED,56,12144,82846,OPTIMAL,186024.5,186024.5,False,186024.5,1.13,0.82,600.0,FIL,MED,alfabetica,,62,1,True,True,TEMPO_TOTAL,iteracao,hibrida_pares_dia_turno_curso,180.0,180.0,600.0,14400.0,False,False,alfabetica,,alfabetica,,./dados/2024_1/horarios_2024_1.xlsx,./dados/2024_1/salas_2024_1.csv,./dados/2024_1/salas_preferenciais_2024.1.xlsx,/Users/robertdrey/Documents/workspace/development/alocador_de_salas,resultados/experimentos/2024_1/hibridas_dia_turno_curso_pares/pares_dia_turno_curso_init180.sol,resultados/experimentos/2024_1/hibridas_dia_turno_curso_pares/pares_dia_turno_curso_init180.csv,resultados/experimentos/2024_1/hibridas_dia_turno_curso_pares/pares_dia_turno_curso_init180.json,par_cursos -> dia_turno_curso,alfabetica,,alfabetica,,180.0,1,180.0,600.0,1,0,TEMPO_TOTAL,2,,,
1,1,63,par_cursos,FIL+PED,71,15548,79442,OPTIMAL,186024.5,186024.5,False,186024.5,24.83,24.51,600.0,FIL,PED,alfabetica,,63,1,True,True,TEMPO_TOTAL,iteracao,hibrida_pares_dia_turno_curso,180.0,180.0,600.0,14400.0,False,False,alfabetica,,alfabetica,,./dados/2024_1/horarios_2024_1.xlsx,./dados/2024_1/salas_2024_1.csv,./dados/2024_1/salas_preferenciais_2024.1.xlsx,/Users/robertdrey/Documents/workspace/development/alocador_de_salas,resultados/experimentos/2024_1/hibridas_dia_turno_curso_pares/pares_dia_turno_curso_init180.sol,resultados/experimentos/2024_1/hibridas_dia_turno_curso_pares/pares_dia_turno_curso_init180.csv,resultados/experimentos/2024_1/hibridas_dia_turno_curso_pares/pares_dia_turno_curso_init180.json,par_cursos -> dia_turno_curso,alfabetica,,alfabetica,,180.0,1,180.0,600.0,1,0,TEMPO_TOTAL,2,,,
1,1,64,par_cursos,GEO+HIS,34,6854,88136,OPTIMAL,186024.5,186024.5,False,186024.5,0.7,0.38,600.0,GEO,HIS,alfabetica,,64,1,True,True,TEMPO_TOTAL,iteracao,hibrida_pares_dia_turno_curso,180.0,180.0,600.0,14400.0,False,False,alfabetica,,alfabetica,,./dados/2024_1/horarios_2024_1.xlsx,./dados/2024_1/salas_2024_1.csv,./dados/2024_1/salas_preferenciais_2024.1.xlsx,/Users/robertdrey/Documents/workspace/development/alocador_de_salas,resultados/experimentos/2024_1/hibridas_dia_turno_curso_pares/pares_dia_turno_curso_init180.sol,resultados/experimentos/2024_1/hibridas_dia_turno_curso_pares/pares_dia_turno_curso_init180.csv,resultados/experimentos/2024_1/hibridas_dia_turno_curso_pares/pares_dia_turno_curso_init180.json,par_cursos -> dia_turno_curso,alfabetica,,alfabetica,,180.0,1,180.0,600.0,1,0,TEMPO_TOTAL,2,,,
1,1,65,par_cursos,GEO+LET,46,11224,83766,OPTIMAL,186024.5,185934.5,True,185934.5,30.56,30.22,600.0,GEO,LET,alfabetica,,65,1,True,True,TEMPO_TOTAL,iteracao,hibrida_pares_dia_turno_curso,180.0,180.0,600.0,14400.0,False,False,alfabetica,,alfabetica,,./dados/2024_1/horarios_2024_1.xlsx,./dados/2024_1/salas_2024_1.csv,./dados/2024_1/salas_preferenciais_2024.1.xlsx,/Users/robertdrey/Documents/workspace/development/alocador_de_salas,resultados/experimentos/2024_1/hibridas_dia_turno_curso_pares/pares_dia_turno_curso_init180.sol,resultados/experimentos/2024_1/hibridas_dia_turno_curso_pares/pares_dia_turno_curso_init180.csv,resultados/experimentos/2024_1/hibridas_dia_turno_curso_pares/pares_dia_turno_curso_init180.json,par_cursos -> dia_turno_curso,alfabetica,,alfabetica,,180.0,1,180.0,600.0,1,0,TEMPO_TOTAL,2,,,
1,1,66,par_cursos,GEO+MAT,33,7038,87952,OPTIMAL,185934.5,185934.5,False,185934.5,0.75,0.39,600.0,GEO,MAT,alfabetica,,66,1,True,True,TEMPO_TOTAL,iteracao,hibrida_pares_dia_turno_curso,180.0,180.0,600.0,14400.0,False,False,alfabetica,,alfabetica,,./dados/2024_1/horarios_2024_1.xlsx,./dados/2024_1/salas_2024_1.csv,./dados/2024_1/salas_preferenciais_2024.1.xlsx,/Users/robertdrey/Documents/workspace/development/alocador_de_salas,resultados/experimentos/2024_1/hibridas_dia_turno_curso_pares/pares_dia_turno_curso_init180.sol,resultados/experimentos/2024_1/hibridas_dia_turno_curso_pares/pares_dia_turno_curso_init180.csv,resultados/experimentos/2024_1/hibridas_dia_turno_curso_pares/pares_dia_turno_curso_init180.json,par_cursos -> dia_turno_curso,alfabetica,,alfabetica,,180.0,1,180.0,600.0,1,0,TEMPO_TOTAL,2,,,
1,1,67,par_cursos,GEO+MED,51,11454,83536,OPTIMAL,185934.5,185934.5,False,185934.5,1.17,0.86,600.0,GEO,MED,alfabetica,,67,1,True,True,TEMPO_TOTAL,iteracao,hibrida_pares_dia_turno_curso,180.0,180.0,600.0,14400.0,False,False,alfabetica,,alfabetica,,./dados/2024_1/horarios_2024_1.xlsx,./dados/2024_1/salas_2024_1.csv,./dados/2024_1/salas_preferenciais_2024.1.xlsx,/Users/robertdrey/Documents/workspace/development/alocador_de_salas,resultados/experimentos/2024_1/hibridas_dia_turno_curso_pares/pares_dia_turno_curso_init180.sol,resultados/experimentos/2024_1/hibridas_dia_turno_curso_pares/pares_dia_turno_curso_init180.csv,resultados/experimentos/2024_1/hibridas_dia_turno_curso_pares/pares_dia_turno_curso_init180.json,par_cursos -> dia_turno_curso,alfabetica,,alfabetica,,180.0,1,180.0,600.0,1,0,TEMPO_TOTAL,2,,,
1,1,68,par_cursos,GEO+PED,66,14858,80132,OPTIMAL,185934.5,185934.5,False,185934.5,44.3,43.99,600.0,GEO,PED,alfabetica,,68,1,True,True,TEMPO_TOTAL,iteracao,hibrida_pares_dia_turno_curso,180.0,180.0,600.0,14400.0,False,False,alfabetica,,alfabetica,,./dados/2024_1/horarios_2024_1.xlsx,./dados/2024_1/salas_2024_1.csv,./dados/2024_1/salas_preferenciais_2024.1.xlsx,/Users/robertdrey/Documents/workspace/development/alocador_de_salas,resultados/experimentos/2024_1/hibridas_dia_turno_curso_pares/pares_dia_turno_curso_init180.sol,resultados/experimentos/2024_1/hibridas_dia_turno_curso_pares/pares_dia_turno_curso_init180.csv,resultados/experimentos/2024_1/hibridas_dia_turno_curso_pares/pares_dia_turno_curso_init180.json,par_cursos -> dia_turno_curso,alfabetica,,alfabetica,,180.0,1,180.0,600.0,1,0,TEMPO_TOTAL,2,,,
1,1,69,par_cursos,HIS+LET,60,13938,81052,OPTIMAL,185934.5,185934.5,False,185934.5,16.5,16.18,600.0,HIS,LET,alfabetica,,69,1,True,True,TEMPO_TOTAL,iteracao,hibrida_pares_dia_turno_curso,180.0,180.0,600.0,14400.0,False,False,alfabetica,,alfabetica,,./dados/2024_1/horarios_2024_1.xlsx,./dados/2024_1/salas_2024_1.csv,./dados/2024_1/salas_preferenciais_2024.1.xlsx,/Users/robertdrey/Documents/workspace/development/alocador_de_salas,resultados/experimentos/2024_1/hibridas_dia_turno_curso_pares/pares_dia_turno_curso_init180.sol,resultados/experimentos/2024_1/hibridas_dia_turno_curso_pares/pares_dia_turno_curso_init180.csv,resultados/experimentos/2024_1/hibridas_dia_turno_curso_pares/pares_dia_turno_curso_init180.json,par_cursos -> dia_turno_curso,alfabetica,,alfabetica,,180.0,1,180.0,600.0,1,0,TEMPO_TOTAL,2,,,
1,1,70,par_cursos,HIS+MAT,47,9752,85238,OPTIMAL,185934.5,185934.5,False,185934.5,0.85,0.53,600.0,HIS,MAT,alfabetica,,70,1,True,True,TEMPO_TOTAL,iteracao,hibrida_pares_dia_turno_curso,180.0,180.0,600.0,14400.0,False,False,alfabetica,,alfabetica,,./dados/2024_1/horarios_2024_1.xlsx,./dados/2024_1/salas_2024_1.csv,./dados/2024_1/salas_preferenciais_2024.1.xlsx,/Users/robertdrey/Documents/workspace/development/alocador_de_salas,resultados/experimentos/2024_1/hibridas_dia_turno_curso_pares/pares_dia_turno_curso_init180.sol,resultados/experimentos/2024_1/hibridas_dia_turno_curso_pares/pares_dia_turno_curso_init180.csv,resultados/experimentos/2024_1/hibridas_dia_turno_curso_pares/pares_dia_turno_curso_init180.json,par_cursos -> dia_turno_curso,alfabetica,,alfabetica,,180.0,1,180.0,600.0,1,0,TEMPO_TOTAL,2,,,
1,1,71,par_cursos,HIS+MED,65,14168,80822,OPTIMAL,185934.5,185934.5,False,185934.5,1.47,1.15,600.0,HIS,MED,alfabetica,,71,1,True,True,TEMPO_TOTAL,iteracao,hibrida_pares_dia_turno_curso,180.0,180.0,600.0,14400.0,False,False,alfabetica,,alfabetica,,./dados/2024_1/horarios_2024_1.xlsx,./dados/2024_1/salas_2024_1.csv,./dados/2024_1/salas_preferenciais_2024.1.xlsx,/Users/robertdrey/Documents/workspace/development/alocador_de_salas,resultados/experimentos/2024_1/hibridas_dia_turno_curso_pares/pares_dia_turno_curso_init180.sol,resultados/experimentos/2024_1/hibridas_dia_turno_curso_pares/pares_dia_turno_curso_init180.csv,resultados/experimentos/2024_1/hibridas_dia_turno_curso_pares/pares_dia_turno_curso_init180.json,par_cursos -> dia_turno_curso,alfabetica,,alfabetica,,180.0,1,180.0,600.0,1,0,TEMPO_TOTAL,2,,,
1,1,72,par_cursos,HIS+PED,80,17572,77418,OPTIMAL,185934.5,185934.5,False,185934.5,26.46,26.14,600.0,HIS,PED,alfabetica,,72,1,True,True,TEMPO_TOTAL,iteracao,hibrida_pares_dia_turno_curso,180.0,180.0,600.0,14400.0,False,False,alfabetica,,alfabetica,,./dados/2024_1/horarios_2024_1.xlsx,./dados/2024_1/salas_2024_1.csv,./dados/2024_1/salas_preferenciais_2024.1.xlsx,/Users/robertdrey/Documents/workspace/development/alocador_de_salas,resultados/experimentos/2024_1/hibridas_dia_turno_curso_pares/pares_dia_turno_curso_init180.sol,resultados/experimentos/2024_1/hibridas_dia_turno_curso_pares/pares_dia_turno_curso_init180.csv,resultados/experimentos/2024_1/hibridas_dia_turno_curso_pares/pares_dia_turno_curso_init180.json,par_cursos -> dia_turno_curso,alfabetica,,alfabetica,,180.0,1,180.0,600.0,1,0,TEMPO_TOTAL,2,,,
1,1,73,par_cursos,LET+MAT,59,14122,80868,OPTIMAL,185934.5,185934.5,False,185934.5,11.8,11.47,600.0,LET,MAT,alfabetica,,73,1,True,True,TEMPO_TOTAL,iteracao,hibrida_pares_dia_turno_curso,180.0,180.0,600.0,14400.0,False,False,alfabetica,,alfabetica,,./dados/2024_1/horarios_2024_1.xlsx,./dados/2024_1/salas_2024_1.csv,./dados/2024_1/salas_preferenciais_2024.1.xlsx,/Users/robertdrey/Documents/workspace/development/alocador_de_salas,resultados/experimentos/2024_1/hibridas_dia_turno_curso_pares/pares_dia_turno_curso_init180.sol,resultados/experimentos/2024_1/hibridas_dia_turno_curso_pares/pares_dia_turno_curso_init180.csv,resultados/experimentos/2024_1/hibridas_dia_turno_curso_pares/pares_dia_turno_curso_init180.json,par_cursos -> dia_turno_curso,alfabetica,,alfabetica,,180.0,1,180.0,600.0,1,0,TEMPO_TOTAL,2,,,
1,1,74,par_cursos,LET+MED,77,18538,76452,OPTIMAL,185934.5,185934.5,False,185934.5,6.65,6.32,600.0,LET,MED,alfabetica,,74,1,True,True,TEMPO_TOTAL,iteracao,hibrida_pares_dia_turno_curso,180.0,180.0,600.0,14400.0,False,False,alfabetica,,alfabetica,,./dados/2024_1/horarios_2024_1.xlsx,./dados/2024_1/salas_2024_1.csv,./dados/2024_1/salas_preferenciais_2024.1.xlsx,/Users/robertdrey/Documents/workspace/development/alocador_de_salas,resultados/experimentos/2024_1/hibridas_dia_turno_curso_pares/pares_dia_turno_curso_init180.sol,resultados/experimentos/2024_1/hibridas_dia_turno_curso_pares/pares_dia_turno_curso_init180.csv,resultados/experimentos/2024_1/hibridas_dia_turno_curso_pares/pares_dia_turno_curso_init180.json,par_cursos -> dia_turno_curso,alfabetica,,alfabetica,,180.0,1,180.0,600.0,1,0,TEMPO_TOTAL,2,,,
1,1,75,par_cursos,LET+PED,92,21942,73048,TIME_LIMIT,185934.5,185934.5,False,185934.5,600.4,600.04,600.0,LET,PED,alfabetica,,75,1,True,True,TEMPO_TOTAL,iteracao,hibrida_pares_dia_turno_curso,180.0,180.0,600.0,14400.0,False,False,alfabetica,,alfabetica,,./dados/2024_1/horarios_2024_1.xlsx,./dados/2024_1/salas_2024_1.csv,./dados/2024_1/salas_preferenciais_2024.1.xlsx,/Users/robertdrey/Documents/workspace/development/alocador_de_salas,resultados/experimentos/2024_1/hibridas_dia_turno_curso_pares/pares_dia_turno_curso_init180.sol,resultados/experimentos/2024_1/hibridas_dia_turno_curso_pares/pares_dia_turno_curso_init180.csv,resultados/experimentos/2024_1/hibridas_dia_turno_curso_pares/pares_dia_turno_curso_init180.json,par_cursos -> dia_turno_curso,alfabetica,,alfabetica,,180.0,1,180.0,600.0,1,0,TEMPO_TOTAL,2,,,
1,1,76,par_cursos,MAT+MED,64,14352,80638,OPTIMAL,185934.5,185934.5,False,185934.5,1.43,1.07,600.0,MAT,MED,alfabetica,,76,1,True,True,TEMPO_TOTAL,iteracao,hibrida_pares_dia_turno_curso,180.0,180.0,600.0,14400.0,False,False,alfabetica,,alfabetica,,./dados/2024_1/horarios_2024_1.xlsx,./dados/2024_1/salas_2024_1.csv,./dados/2024_1/salas_preferenciais_2024.1.xlsx,/Users/robertdrey/Documents/workspace/development/alocador_de_salas,resultados/experimentos/2024_1/hibridas_dia_turno_curso_pares/pares_dia_turno_curso_init180.sol,resultados/experimentos/2024_1/hibridas_dia_turno_curso_pares/pares_dia_turno_curso_init180.csv,resultados/experimentos/2024_1/hibridas_dia_turno_curso_pares/pares_dia_turno_curso_init180.json,par_cursos -> dia_turno_curso,alfabetica,,alfabetica,,180.0,1,180.0,600.0,1,0,TEMPO_TOTAL,2,,,
1,1,77,par_cursos,MAT+PED,79,17756,77234,OPTIMAL,185934.5,185934.5,False,185934.5,21.31,21.0,600.0,MAT,PED,alfabetica,,77,1,True,True,TEMPO_TOTAL,iteracao,hibrida_pares_dia_turno_curso,180.0,180.0,600.0,14400.0,False,False,alfabetica,,alfabetica,,./dados/2024_1/horarios_2024_1.xlsx,./dados/2024_1/salas_2024_1.csv,./dados/2024_1/salas_preferenciais_2024.1.xlsx,/Users/robertdrey/Documents/workspace/development/alocador_de_salas,resultados/experimentos/2024_1/hibridas_dia_turno_curso_pares/pares_dia_turno_curso_init180.sol,resultados/experimentos/2024_1/hibridas_dia_turno_curso_pares/pares_dia_turno_curso_init180.csv,resultados/experimentos/2024_1/hibridas_dia_turno_curso_pares/pares_dia_turno_curso_init180.json,par_cursos -> dia_turno_curso,alfabetica,,alfabetica,,180.0,1,180.0,600.0,1,0,TEMPO_TOTAL,2,,,
1,1,78,par_cursos,MED+PED,97,22172,72818,OPTIMAL,185934.5,185934.5,False,185934.5,51.87,51.56,600.0,MED,PED,alfabetica,,78,1,True,True,TEMPO_TOTAL,iteracao,hibrida_pares_dia_turno_curso,180.0,180.0,600.0,14400.0,False,False,alfabetica,,alfabetica,,./dados/2024_1/horarios_2024_1.xlsx,./dados/2024_1/salas_2024_1.csv,./dados/2024_1/salas_preferenciais_2024.1.xlsx,/Users/robertdrey/Documents/workspace/development/alocador_de_salas,resultados/experimentos/2024_1/hibridas_dia_turno_curso_pares/pares_dia_turno_curso_init180.sol,resultados/experimentos/2024_1/hibridas_dia_turno_curso_pares/pares_dia_turno_curso_init180.csv,resultados/experimentos/2024_1/hibridas_dia_turno_curso_pares/pares_dia_turno_curso_init180.json,par_cursos -> dia_turno_curso,alfabetica,,alfabetica,,180.0,1,180.0,600.0,1,0,TEMPO_TOTAL,2,,,
1,2,1,dia_turno_curso,2_M_ADM,81,18538,76452,OPTIMAL,185934.5,185934.5,False,185934.5,2.29,1.97,600.0,,,alfabetica,,,2,True,True,TEMPO_TOTAL,iteracao,hibrida_pares_dia_turno_curso,180.0,180.0,600.0,14400.0,False,False,alfabetica,,alfabetica,,./dados/2024_1/horarios_2024_1.xlsx,./dados/2024_1/salas_2024_1.csv,./dados/2024_1/salas_preferenciais_2024.1.xlsx,/Users/robertdrey/Documents/workspace/development/alocador_de_salas,resultados/experimentos/2024_1/hibridas_dia_turno_curso_pares/pares_dia_turno_curso_init180.sol,resultados/experimentos/2024_1/hibridas_dia_turno_curso_pares/pares_dia_turno_curso_init180.csv,resultados/experimentos/2024_1/hibridas_dia_turno_curso_pares/pares_dia_turno_curso_init180.json,par_cursos -> dia_turno_curso,alfabetica,,alfabetica,,180.0,1,180.0,600.0,1,0,TEMPO_TOTAL,2,2,M,ADM
1,2,2,dia_turno_curso,2_M_AGRO,82,17250,77740,OPTIMAL,185934.5,185934.5,False,185934.5,5.97,5.65,600.0,,,alfabetica,,,2,True,True,TEMPO_TOTAL,iteracao,hibrida_pares_dia_turno_curso,180.0,180.0,600.0,14400.0,False,False,alfabetica,,alfabetica,,./dados/2024_1/horarios_2024_1.xlsx,./dados/2024_1/salas_2024_1.csv,./dados/2024_1/salas_preferenciais_2024.1.xlsx,/Users/robertdrey/Documents/workspace/development/alocador_de_salas,resultados/experimentos/2024_1/hibridas_dia_turno_curso_pares/pares_dia_turno_curso_init180.sol,resultados/experimentos/2024_1/hibridas_dia_turno_curso_pares/pares_dia_turno_curso_init180.csv,resultados/experimentos/2024_1/hibridas_dia_turno_curso_pares/pares_dia_turno_curso_init180.json,par_cursos -> dia_turno_curso,alfabetica,,alfabetica,,180.0,1,180.0,600.0,1,0,TEMPO_TOTAL,2,2,M,AGRO
1,2,3,dia_turno_curso,2_M_EAS,73,16238,78752,OPTIMAL,185934.5,185934.5,False,185934.5,2.11,1.79,600.0,,,alfabetica,,,2,True,True,TEMPO_TOTAL,iteracao,hibrida_pares_dia_turno_curso,180.0,180.0,600.0,14400.0,False,False,alfabetica,,alfabetica,,./dados/2024_1/horarios_2024_1.xlsx,./dados/2024_1/salas_2024_1.csv,./dados/2024_1/salas_preferenciais_2024.1.xlsx,/Users/robertdrey/Documents/workspace/development/alocador_de_salas,resultados/experimentos/2024_1/hibridas_dia_turno_curso_pares/pares_dia_turno_curso_init180.sol,resultados/experimentos/2024_1/hibridas_dia_turno_curso_pares/pares_dia_turno_curso_init180.csv,resultados/experimentos/2024_1/hibridas_dia_turno_curso_pares/pares_dia_turno_curso_init180.json,par_cursos -> dia_turno_curso,alfabetica,,alfabetica,,180.0,1,180.0,600.0,1,0,TEMPO_TOTAL,2,2,M,EAS
1,2,4,dia_turno_curso,2_M_ENF,51,15548,79442,OPTIMAL,185934.5,185934.5,False,185934.5,5.49,5.16,600.0,,,alfabetica,,,2,True,True,TEMPO_TOTAL,iteracao,hibrida_pares_dia_turno_curso,180.0,180.0,600.0,14400.0,False,False,alfabetica,,alfabetica,,./dados/2024_1/horarios_2024_1.xlsx,./dados/2024_1/salas_2024_1.csv,./dados/2024_1/salas_preferenciais_2024.1.xlsx,/Users/robertdrey/Documents/workspace/development/alocador_de_salas,resultados/experimentos/2024_1/hibridas_dia_turno_curso_pares/pares_dia_turno_curso_init180.sol,resultados/experimentos/2024_1/hibridas_dia_turno_curso_pares/pares_dia_turno_curso_init180.csv,resultados/experimentos/2024_1/hibridas_dia_turno_curso_pares/pares_dia_turno_curso_init180.json,par_cursos -> dia_turno_curso,alfabetica,,alfabetica,,180.0,1,180.0,600.0,1,0,TEMPO_TOTAL,2,2,M,ENF
1,2,5,dia_turno_curso,2_M_MED,74,18078,76912,OPTIMAL,185934.5,185934.5,False,185934.5,2.81,2.47,600.0,,,alfabetica,,,2,True,True,TEMPO_TOTAL,iteracao,hibrida_pares_dia_turno_curso,180.0,180.0,600.0,14400.0,False,False,alfabetica,,alfabetica,,./dados/2024_1/horarios_2024_1.xlsx,./dados/2024_1/salas_2024_1.csv,./dados/2024_1/salas_preferenciais_2024.1.xlsx,/Users/robertdrey/Documents/workspace/development/alocador_de_salas,resultados/experimentos/2024_1/hibridas_dia_turno_curso_pares/pares_dia_turno_curso_init180.sol,resultados/experimentos/2024_1/hibridas_dia_turno_curso_pares/pares_dia_turno_curso_init180.csv,resultados/experimentos/2024_1/hibridas_dia_turno_curso_pares/pares_dia_turno_curso_init180.json,par_cursos -> dia_turno_curso,alfabetica,,alfabetica,,180.0,1,180.0,600.0,1,0,TEMPO_TOTAL,2,2,M,MED
1,2,6,dia_turno_curso,2_M_PED,88,21574,73416,OPTIMAL,185934.5,185934.5,False,185934.5,23.38,23.04,600.0,,,alfabetica,,,2,True,True,TEMPO_TOTAL,iteracao,hibrida_pares_dia_turno_curso,180.0,180.0,600.0,14400.0,False,False,alfabetica,,alfabetica,,./dados/2024_1/horarios_2024_1.xlsx,./dados/2024_1/salas_2024_1.csv,./dados/2024_1/salas_preferenciais_2024.1.xlsx,/Users/robertdrey/Documents/workspace/development/alocador_de_salas,resultados/experimentos/2024_1/hibridas_dia_turno_curso_pares/pares_dia_turno_curso_init180.sol,resultados/experimentos/2024_1/hibridas_dia_turno_curso_pares/pares_dia_turno_curso_init180.csv,resultados/experimentos/2024_1/hibridas_dia_turno_curso_pares/pares_dia_turno_curso_init180.json,par_cursos -> dia_turno_curso,alfabetica,,alfabetica,,180.0,1,180.0,600.0,1,0,TEMPO_TOTAL,2,2,M,PED
1,2,7,dia_turno_curso,2_T_AGRO,82,20194,74796,OPTIMAL,185934.5,185934.5,False,185934.5,7.78,7.44,600.0,,,alfabetica,,,2,True,True,TEMPO_TOTAL,iteracao,hibrida_pares_dia_turno_curso,180.0,180.0,600.0,14400.0,False,False,alfabetica,,alfabetica,,./dados/2024_1/horarios_2024_1.xlsx,./dados/2024_1/salas_2024_1.csv,./dados/2024_1/salas_preferenciais_2024.1.xlsx,/Users/robertdrey/Documents/workspace/development/alocador_de_salas,resultados/experimentos/2024_1/hibridas_dia_turno_curso_pares/pares_dia_turno_curso_init180.sol,resultados/experimentos/2024_1/hibridas_dia_turno_curso_pares/pares_dia_turno_curso_init180.csv,resultados/experimentos/2024_1/hibridas_dia_turno_curso_pares/pares_dia_turno_curso_init180.json,par_cursos -> dia_turno_curso,alfabetica,,alfabetica,,180.0,1,180.0,600.0,1,0,TEMPO_TOTAL,2,2,T,AGRO
1,2,8,dia_turno_curso,2_T_CC,70,20010,74980,OPTIMAL,185934.5,185934.5,False,185934.5,6.24,5.92,600.0,,,alfabetica,,,2,True,True,TEMPO_TOTAL,iteracao,hibrida_pares_dia_turno_curso,180.0,180.0,600.0,14400.0,False,False,alfabetica,,alfabetica,,./dados/2024_1/horarios_2024_1.xlsx,./dados/2024_1/salas_2024_1.csv,./dados/2024_1/salas_preferenciais_2024.1.xlsx,/Users/robertdrey/Documents/workspace/development/alocador_de_salas,resultados/experimentos/2024_1/hibridas_dia_turno_curso_pares/pares_dia_turno_curso_init180.sol,resultados/experimentos/2024_1/hibridas_dia_turno_curso_pares/pares_dia_turno_curso_init180.csv,resultados/experimentos/2024_1/hibridas_dia_turno_curso_pares/pares_dia_turno_curso_init180.json,par_cursos -> dia_turno_curso,alfabetica,,alfabetica,,180.0,1,180.0,600.0,1,0,TEMPO_TOTAL,2,2,T,CC
1,2,9,dia_turno_curso,2_T_CS,55,16284,78706,OPTIMAL,185934.5,185934.5,False,185934.5,1.6,1.28,600.0,,,alfabetica,,,2,True,True,TEMPO_TOTAL,iteracao,hibrida_pares_dia_turno_curso,180.0,180.0,600.0,14400.0,False,False,alfabetica,,alfabetica,,./dados/2024_1/horarios_2024_1.xlsx,./dados/2024_1/salas_2024_1.csv,./dados/2024_1/salas_preferenciais_2024.1.xlsx,/Users/robertdrey/Documents/workspace/development/alocador_de_salas,resultados/experimentos/2024_1/hibridas_dia_turno_curso_pares/pares_dia_turno_curso_init180.sol,resultados/experimentos/2024_1/hibridas_dia_turno_curso_pares/pares_dia_turno_curso_init180.csv,resultados/experimentos/2024_1/hibridas_dia_turno_curso_pares/pares_dia_turno_curso_init180.json,par_cursos -> dia_turno_curso,alfabetica,,alfabetica,,180.0,1,180.0,600.0,1,0,TEMPO_TOTAL,2,2,T,CS
1,2,10,dia_turno_curso,2_T_EAS,74,18538,76452,OPTIMAL,185934.5,185934.5,False,185934.5,1.94,1.63,600.0,,,alfabetica,,,2,True,True,TEMPO_TOTAL,iteracao,hibrida_pares_dia_turno_curso,180.0,180.0,600.0,14400.0,False,False,alfabetica,,alfabetica,,./dados/2024_1/horarios_2024_1.xlsx,./dados/2024_1/salas_2024_1.csv,./dados/2024_1/salas_preferenciais_2024.1.xlsx,/Users/robertdrey/Documents/workspace/development/alocador_de_salas,resultados/experimentos/2024_1/hibridas_dia_turno_curso_pares/pares_dia_turno_curso_init180.sol,resultados/experimentos/2024_1/hibridas_dia_turno_curso_pares/pares_dia_turno_curso_init180.csv,resultados/experimentos/2024_1/hibridas_dia_turno_curso_pares/pares_dia_turno_curso_init180.json,par_cursos -> dia_turno_curso,alfabetica,,alfabetica,,180.0,1,180.0,600.0,1,0,TEMPO_TOTAL,2,2,T,EAS
1,2,11,dia_turno_curso,2_T_ENF,47,16422,78568,OPTIMAL,185934.5,185934.5,False,185934.5,4.46,4.14,600.0,,,alfabetica,,,2,True,True,TEMPO_TOTAL,iteracao,hibrida_pares_dia_turno_curso,180.0,180.0,600.0,14400.0,False,False,alfabetica,,alfabetica,,./dados/2024_1/horarios_2024_1.xlsx,./dados/2024_1/salas_2024_1.csv,./dados/2024_1/salas_preferenciais_2024.1.xlsx,/Users/robertdrey/Documents/workspace/development/alocador_de_salas,resultados/experimentos/2024_1/hibridas_dia_turno_curso_pares/pares_dia_turno_curso_init180.sol,resultados/experimentos/2024_1/hibridas_dia_turno_curso_pares/pares_dia_turno_curso_init180.csv,resultados/experimentos/2024_1/hibridas_dia_turno_curso_pares/pares_dia_turno_curso_init180.json,par_cursos -> dia_turno_curso,alfabetica,,alfabetica,,180.0,1,180.0,600.0,1,0,TEMPO_TOTAL,2,2,T,ENF
1,2,12,dia_turno_curso,2_T_GEO,43,13846,81144,OPTIMAL,185934.5,185934.5,False,185934.5,1.34,1.02,600.0,,,alfabetica,,,2,True,True,TEMPO_TOTAL,iteracao,hibrida_pares_dia_turno_curso,180.0,180.0,600.0,14400.0,False,False,alfabetica,,alfabetica,,./dados/2024_1/horarios_2024_1.xlsx,./dados/2024_1/salas_2024_1.csv,./dados/2024_1/salas_preferenciais_2024.1.xlsx,/Users/robertdrey/Documents/workspace/development/alocador_de_salas,resultados/experimentos/2024_1/hibridas_dia_turno_curso_pares/pares_dia_turno_curso_init180.sol,resultados/experimentos/2024_1/hibridas_dia_turno_curso_pares/pares_dia_turno_curso_init180.csv,resultados/experimentos/2024_1/hibridas_dia_turno_curso_pares/pares_dia_turno_curso_init180.json,par_cursos -> dia_turno_curso,alfabetica,,alfabetica,,180.0,1,180.0,600.0,1,0,TEMPO_TOTAL,2,2,T,GEO
1,2,13,dia_turno_curso,2_T_LET,67,19228,75762,OPTIMAL,185934.5,185934.5,False,185934.5,4.25,3.92,600.0,,,alfabetica,,,2,True,True,TEMPO_TOTAL,iteracao,hibrida_pares_dia_turno_curso,180.0,180.0,600.0,14400.0,False,False,alfabetica,,alfabetica,,./dados/2024_1/horarios_2024_1.xlsx,./dados/2024_1/salas_2024_1.csv,./dados/2024_1/salas_preferenciais_2024.1.xlsx,/Users/robertdrey/Documents/workspace/development/alocador_de_salas,resultados/experimentos/2024_1/hibridas_dia_turno_curso_pares/pares_dia_turno_curso_init180.sol,resultados/experimentos/2024_1/hibridas_dia_turno_curso_pares/pares_dia_turno_curso_init180.csv,resultados/experimentos/2024_1/hibridas_dia_turno_curso_pares/pares_dia_turno_curso_init180.json,par_cursos -> dia_turno_curso,alfabetica,,alfabetica,,180.0,1,180.0,600.0,1,0,TEMPO_TOTAL,2,2,T,LET
1,2,14,dia_turno_curso,2_T_MAT,56,16606,78384,OPTIMAL,185934.5,185934.5,False,185934.5,1.69,1.35,600.0,,,alfabetica,,,2,True,True,TEMPO_TOTAL,iteracao,hibrida_pares_dia_turno_curso,180.0,180.0,600.0,14400.0,False,False,alfabetica,,alfabetica,,./dados/2024_1/horarios_2024_1.xlsx,./dados/2024_1/salas_2024_1.csv,./dados/2024_1/salas_preferenciais_2024.1.xlsx,/Users/robertdrey/Documents/workspace/development/alocador_de_salas,resultados/experimentos/2024_1/hibridas_dia_turno_curso_pares/pares_dia_turno_curso_init180.sol,resultados/experimentos/2024_1/hibridas_dia_turno_curso_pares/pares_dia_turno_curso_init180.csv,resultados/experimentos/2024_1/hibridas_dia_turno_curso_pares/pares_dia_turno_curso_init180.json,par_cursos -> dia_turno_curso,alfabetica,,alfabetica,,180.0,1,180.0,600.0,1,0,TEMPO_TOTAL,2,2,T,MAT
1,2,15,dia_turno_curso,2_T_MED,71,20286,74704,OPTIMAL,185934.5,185934.5,False,185934.5,2.67,2.36,600.0,,,alfabetica,,,2,True,True,TEMPO_TOTAL,iteracao,hibrida_pares_dia_turno_curso,180.0,180.0,600.0,14400.0,False,False,alfabetica,,alfabetica,,./dados/2024_1/horarios_2024_1.xlsx,./dados/2024_1/salas_2024_1.csv,./dados/2024_1/salas_preferenciais_2024.1.xlsx,/Users/robertdrey/Documents/workspace/development/alocador_de_salas,resultados/experimentos/2024_1/hibridas_dia_turno_curso_pares/pares_dia_turno_curso_init180.sol,resultados/experimentos/2024_1/hibridas_dia_turno_curso_pares/pares_dia_turno_curso_init180.csv,resultados/experimentos/2024_1/hibridas_dia_turno_curso_pares/pares_dia_turno_curso_init180.json,par_cursos -> dia_turno_curso,alfabetica,,alfabetica,,180.0,1,180.0,600.0,1,0,TEMPO_TOTAL,2,2,T,MED
1,2,16,dia_turno_curso,2_N_ADM,85,18078,76912,OPTIMAL,185934.5,185934.5,False,185934.5,1.92,1.61,600.0,,,alfabetica,,,2,True,True,TEMPO_TOTAL,iteracao,hibrida_pares_dia_turno_curso,180.0,180.0,600.0,14400.0,False,False,alfabetica,,alfabetica,,./dados/2024_1/horarios_2024_1.xlsx,./dados/2024_1/salas_2024_1.csv,./dados/2024_1/salas_preferenciais_2024.1.xlsx,/Users/robertdrey/Documents/workspace/development/alocador_de_salas,resultados/experimentos/2024_1/hibridas_dia_turno_curso_pares/pares_dia_turno_curso_init180.sol,resultados/experimentos/2024_1/hibridas_dia_turno_curso_pares/pares_dia_turno_curso_init180.csv,resultados/experimentos/2024_1/hibridas_dia_turno_curso_pares/pares_dia_turno_curso_init180.json,par_cursos -> dia_turno_curso,alfabetica,,alfabetica,,180.0,1,180.0,600.0,1,0,TEMPO_TOTAL,2,2,N,ADM
1,2,17,dia_turno_curso,2_N_CC,83,19136,75854,OPTIMAL,185934.5,185934.5,False,185934.5,4.44,4.13,600.0,,,alfabetica,,,2,True,True,TEMPO_TOTAL,iteracao,hibrida_pares_dia_turno_curso,180.0,180.0,600.0,14400.0,False,False,alfabetica,,alfabetica,,./dados/2024_1/horarios_2024_1.xlsx,./dados/2024_1/salas_2024_1.csv,./dados/2024_1/salas_preferenciais_2024.1.xlsx,/Users/robertdrey/Documents/workspace/development/alocador_de_salas,resultados/experimentos/2024_1/hibridas_dia_turno_curso_pares/pares_dia_turno_curso_init180.sol,resultados/experimentos/2024_1/hibridas_dia_turno_curso_pares/pares_dia_turno_curso_init180.csv,resultados/experimentos/2024_1/hibridas_dia_turno_curso_pares/pares_dia_turno_curso_init180.json,par_cursos -> dia_turno_curso,alfabetica,,alfabetica,,180.0,1,180.0,600.0,1,0,TEMPO_TOTAL,2,2,N,CC
1,2,18,dia_turno_curso,2_N_CS,59,13248,81742,OPTIMAL,185934.5,185934.5,False,185934.5,1.56,1.23,600.0,,,alfabetica,,,2,True,True,TEMPO_TOTAL,iteracao,hibrida_pares_dia_turno_curso,180.0,180.0,600.0,14400.0,False,False,alfabetica,,alfabetica,,./dados/2024_1/horarios_2024_1.xlsx,./dados/2024_1/salas_2024_1.csv,./dados/2024_1/salas_preferenciais_2024.1.xlsx,/Users/robertdrey/Documents/workspace/development/alocador_de_salas,resultados/experimentos/2024_1/hibridas_dia_turno_curso_pares/pares_dia_turno_curso_init180.sol,resultados/experimentos/2024_1/hibridas_dia_turno_curso_pares/pares_dia_turno_curso_init180.csv,resultados/experimentos/2024_1/hibridas_dia_turno_curso_pares/pares_dia_turno_curso_init180.json,par_cursos -> dia_turno_curso,alfabetica,,alfabetica,,180.0,1,180.0,600.0,1,0,TEMPO_TOTAL,2,2,N,CS
1,2,19,dia_turno_curso,2_N_EAS,85,16376,78614,OPTIMAL,185934.5,185934.5,False,185934.5,1.57,1.27,600.0,,,alfabetica,,,2,True,True,TEMPO_TOTAL,iteracao,hibrida_pares_dia_turno_curso,180.0,180.0,600.0,14400.0,False,False,alfabetica,,alfabetica,,./dados/2024_1/horarios_2024_1.xlsx,./dados/2024_1/salas_2024_1.csv,./dados/2024_1/salas_preferenciais_2024.1.xlsx,/Users/robertdrey/Documents/workspace/development/alocador_de_salas,resultados/experimentos/2024_1/hibridas_dia_turno_curso_pares/pares_dia_turno_curso_init180.sol,resultados/experimentos/2024_1/hibridas_dia_turno_curso_pares/pares_dia_turno_curso_init180.csv,resultados/experimentos/2024_1/hibridas_dia_turno_curso_pares/pares_dia_turno_curso_init180.json,par_cursos -> dia_turno_curso,alfabetica,,alfabetica,,180.0,1,180.0,600.0,1,0,TEMPO_TOTAL,2,2,N,EAS
1,2,20,dia_turno_curso,2_N_FIL,53,11730,83260,OPTIMAL,185934.5,185934.5,False,185934.5,1.43,1.12,600.0,,,alfabetica,,,2,True,True,TEMPO_TOTAL,iteracao,hibrida_pares_dia_turno_curso,180.0,180.0,600.0,14400.0,False,False,alfabetica,,alfabetica,,./dados/2024_1/horarios_2024_1.xlsx,./dados/2024_1/salas_2024_1.csv,./dados/2024_1/salas_preferenciais_2024.1.xlsx,/Users/robertdrey/Documents/workspace/development/alocador_de_salas,resultados/experimentos/2024_1/hibridas_dia_turno_curso_pares/pares_dia_turno_curso_init180.sol,resultados/experimentos/2024_1/hibridas_dia_turno_curso_pares/pares_dia_turno_curso_init180.csv,resultados/experimentos/2024_1/hibridas_dia_turno_curso_pares/pares_dia_turno_curso_init180.json,par_cursos -> dia_turno_curso,alfabetica,,alfabetica,,180.0,1,180.0,600.0,1,0,TEMPO_TOTAL,2,2,N,FIL
1,2,21,dia_turno_curso,2_N_GEO,48,10994,83996,OPTIMAL,185934.5,185934.5,False,185934.5,1.47,1.16,600.0,,,alfabetica,,,2,True,True,TEMPO_TOTAL,iteracao,hibrida_pares_dia_turno_curso,180.0,180.0,600.0,14400.0,False,False,alfabetica,,alfabetica,,./dados/2024_1/horarios_2024_1.xlsx,./dados/2024_1/salas_2024_1.csv,./dados/2024_1/salas_preferenciais_2024.1.xlsx,/Users/robertdrey/Documents/workspace/development/alocador_de_salas,resultados/experimentos/2024_1/hibridas_dia_turno_curso_pares/pares_dia_turno_curso_init180.sol,resultados/experimentos/2024_1/hibridas_dia_turno_curso_pares/pares_dia_turno_curso_init180.csv,resultados/experimentos/2024_1/hibridas_dia_turno_curso_pares/pares_dia_turno_curso_init180.json,par_cursos -> dia_turno_curso,alfabetica,,alfabetica,,180.0,1,180.0,600.0,1,0,TEMPO_TOTAL,2,2,N,GEO
1,2,22,dia_turno_curso,2_N_HIS,61,13570,81420,OPTIMAL,185934.5,185934.5,False,185934.5,1.73,1.41,600.0,,,alfabetica,,,2,True,True,TEMPO_TOTAL,iteracao,hibrida_pares_dia_turno_curso,180.0,180.0,600.0,14400.0,False,False,alfabetica,,alfabetica,,./dados/2024_1/horarios_2024_1.xlsx,./dados/2024_1/salas_2024_1.csv,./dados/2024_1/salas_preferenciais_2024.1.xlsx,/Users/robertdrey/Documents/workspace/development/alocador_de_salas,resultados/experimentos/2024_1/hibridas_dia_turno_curso_pares/pares_dia_turno_curso_init180.sol,resultados/experimentos/2024_1/hibridas_dia_turno_curso_pares/pares_dia_turno_curso_init180.csv,resultados/experimentos/2024_1/hibridas_dia_turno_curso_pares/pares_dia_turno_curso_init180.json,par_cursos -> dia_turno_curso,alfabetica,,alfabetica,,180.0,1,180.0,600.0,1,0,TEMPO_TOTAL,2,2,N,HIS
1,2,23,dia_turno_curso,2_N_LET,71,16790,78200,OPTIMAL,185934.5,185934.5,False,185934.5,5.7,5.39,600.0,,,alfabetica,,,2,True,True,TEMPO_TOTAL,iteracao,hibrida_pares_dia_turno_curso,180.0,180.0,600.0,14400.0,False,False,alfabetica,,alfabetica,,./dados/2024_1/horarios_2024_1.xlsx,./dados/2024_1/salas_2024_1.csv,./dados/2024_1/salas_preferenciais_2024.1.xlsx,/Users/robertdrey/Documents/workspace/development/alocador_de_salas,resultados/experimentos/2024_1/hibridas_dia_turno_curso_pares/pares_dia_turno_curso_init180.sol,resultados/experimentos/2024_1/hibridas_dia_turno_curso_pares/pares_dia_turno_curso_init180.csv,resultados/experimentos/2024_1/hibridas_dia_turno_curso_pares/pares_dia_turno_curso_init180.json,par_cursos -> dia_turno_curso,alfabetica,,alfabetica,,180.0,1,180.0,600.0,1,0,TEMPO_TOTAL,2,2,N,LET
1,2,24,dia_turno_curso,2_N_MAT,60,13386,81604,OPTIMAL,185934.5,185934.5,False,185934.5,1.6,1.28,600.0,,,alfabetica,,,2,True,True,TEMPO_TOTAL,iteracao,hibrida_pares_dia_turno_curso,180.0,180.0,600.0,14400.0,False,False,alfabetica,,alfabetica,,./dados/2024_1/horarios_2024_1.xlsx,./dados/2024_1/salas_2024_1.csv,./dados/2024_1/salas_preferenciais_2024.1.xlsx,/Users/robertdrey/Documents/workspace/development/alocador_de_salas,resultados/experimentos/2024_1/hibridas_dia_turno_curso_pares/pares_dia_turno_curso_init180.sol,resultados/experimentos/2024_1/hibridas_dia_turno_curso_pares/pares_dia_turno_curso_init180.csv,resultados/experimentos/2024_1/hibridas_dia_turno_curso_pares/pares_dia_turno_curso_init180.json,par_cursos -> dia_turno_curso,alfabetica,,alfabetica,,180.0,1,180.0,600.0,1,0,TEMPO_TOTAL,2,2,N,MAT
1,2,25,dia_turno_curso,2_N_MED,81,18630,76360,OPTIMAL,185934.5,185934.5,False,185934.5,2.37,2.07,600.0,,,alfabetica,,,2,True,True,TEMPO_TOTAL,iteracao,hibrida_pares_dia_turno_curso,180.0,180.0,600.0,14400.0,False,False,alfabetica,,alfabetica,,./dados/2024_1/horarios_2024_1.xlsx,./dados/2024_1/salas_2024_1.csv,./dados/2024_1/salas_preferenciais_2024.1.xlsx,/Users/robertdrey/Documents/workspace/development/alocador_de_salas,resultados/experimentos/2024_1/hibridas_dia_turno_curso_pares/pares_dia_turno_curso_init180.sol,resultados/experimentos/2024_1/hibridas_dia_turno_curso_pares/pares_dia_turno_curso_init180.csv,resultados/experimentos/2024_1/hibridas_dia_turno_curso_pares/pares_dia_turno_curso_init180.json,par_cursos -> dia_turno_curso,alfabetica,,alfabetica,,180.0,1,180.0,600.0,1,0,TEMPO_TOTAL,2,2,N,MED
1,2,26,dia_turno_curso,2_N_PED,91,21022,73968,OPTIMAL,185934.5,185934.5,False,185934.5,70.86,70.55,600.0,,,alfabetica,,,2,True,True,TEMPO_TOTAL,iteracao,hibrida_pares_dia_turno_curso,180.0,180.0,600.0,14400.0,False,False,alfabetica,,alfabetica,,./dados/2024_1/horarios_2024_1.xlsx,./dados/2024_1/salas_2024_1.csv,./dados/2024_1/salas_preferenciais_2024.1.xlsx,/Users/robertdrey/Documents/workspace/development/alocador_de_salas,resultados/experimentos/2024_1/hibridas_dia_turno_curso_pares/pares_dia_turno_curso_init180.sol,resultados/experimentos/2024_1/hibridas_dia_turno_curso_pares/pares_dia_turno_curso_init180.csv,resultados/experimentos/2024_1/hibridas_dia_turno_curso_pares/pares_dia_turno_curso_init180.json,par_cursos -> dia_turno_curso,alfabetica,,alfabetica,,180.0,1,180.0,600.0,1,0,TEMPO_TOTAL,2,2,N,PED
1,2,27,dia_turno_curso,3_M_ADM,79,18676,76314,OPTIMAL,185934.5,185934.5,False,185934.5,2.23,1.92,600.0,,,alfabetica,,,2,True,True,TEMPO_TOTAL,iteracao,hibrida_pares_dia_turno_curso,180.0,180.0,600.0,14400.0,False,False,alfabetica,,alfabetica,,./dados/2024_1/horarios_2024_1.xlsx,./dados/2024_1/salas_2024_1.csv,./dados/2024_1/salas_preferenciais_2024.1.xlsx,/Users/robertdrey/Documents/workspace/development/alocador_de_salas,resultados/experimentos/2024_1/hibridas_dia_turno_curso_pares/pares_dia_turno_curso_init180.sol,resultados/experimentos/2024_1/hibridas_dia_turno_curso_pares/pares_dia_turno_curso_init180.csv,resultados/experimentos/2024_1/hibridas_dia_turno_curso_pares/pares_dia_turno_curso_init180.json,par_cursos -> dia_turno_curso,alfabetica,,alfabetica,,180.0,1,180.0,600.0,1,0,TEMPO_TOTAL,2,3,M,ADM
1,2,28,dia_turno_curso,3_M_AGRO,77,16514,78476,OPTIMAL,185934.5,185934.5,False,185934.5,10.19,9.88,600.0,,,alfabetica,,,2,True,True,TEMPO_TOTAL,iteracao,hibrida_pares_dia_turno_curso,180.0,180.0,600.0,14400.0,False,False,alfabetica,,alfabetica,,./dados/2024_1/horarios_2024_1.xlsx,./dados/2024_1/salas_2024_1.csv,./dados/2024_1/salas_preferenciais_2024.1.xlsx,/Users/robertdrey/Documents/workspace/development/alocador_de_salas,resultados/experimentos/2024_1/hibridas_dia_turno_curso_pares/pares_dia_turno_curso_init180.sol,resultados/experimentos/2024_1/hibridas_dia_turno_curso_pares/pares_dia_turno_curso_init180.csv,resultados/experimentos/2024_1/hibridas_dia_turno_curso_pares/pares_dia_turno_curso_init180.json,par_cursos -> dia_turno_curso,alfabetica,,alfabetica,,180.0,1,180.0,600.0,1,0,TEMPO_TOTAL,2,3,M,AGRO
1,2,29,dia_turno_curso,3_M_EAS,75,16928,78062,OPTIMAL,185934.5,185934.5,False,185934.5,2.52,2.2,600.0,,,alfabetica,,,2,True,True,TEMPO_TOTAL,iteracao,hibrida_pares_dia_turno_curso,180.0,180.0,600.0,14400.0,False,False,alfabetica,,alfabetica,,./dados/2024_1/horarios_2024_1.xlsx,./dados/2024_1/salas_2024_1.csv,./dados/2024_1/salas_preferenciais_2024.1.xlsx,/Users/robertdrey/Documents/workspace/development/alocador_de_salas,resultados/experimentos/2024_1/hibridas_dia_turno_curso_pares/pares_dia_turno_curso_init180.sol,resultados/experimentos/2024_1/hibridas_dia_turno_curso_pares/pares_dia_turno_curso_init180.csv,resultados/experimentos/2024_1/hibridas_dia_turno_curso_pares/pares_dia_turno_curso_init180.json,par_cursos -> dia_turno_curso,alfabetica,,alfabetica,,180.0,1,180.0,600.0,1,0,TEMPO_TOTAL,2,3,M,EAS
1,2,30,dia_turno_curso,3_M_ENF,49,15640,79350,OPTIMAL,185934.5,185934.5,False,185934.5,5.42,5.09,600.0,,,alfabetica,,,2,True,True,TEMPO_TOTAL,iteracao,hibrida_pares_dia_turno_curso,180.0,180.0,600.0,14400.0,False,False,alfabetica,,alfabetica,,./dados/2024_1/horarios_2024_1.xlsx,./dados/2024_1/salas_2024_1.csv,./dados/2024_1/salas_preferenciais_2024.1.xlsx,/Users/robertdrey/Documents/workspace/development/alocador_de_salas,resultados/experimentos/2024_1/hibridas_dia_turno_curso_pares/pares_dia_turno_curso_init180.sol,resultados/experimentos/2024_1/hibridas_dia_turno_curso_pares/pares_dia_turno_curso_init180.csv,resultados/experimentos/2024_1/hibridas_dia_turno_curso_pares/pares_dia_turno_curso_init180.json,par_cursos -> dia_turno_curso,alfabetica,,alfabetica,,180.0,1,180.0,600.0,1,0,TEMPO_TOTAL,2,3,M,ENF
1,2,31,dia_turno_curso,3_M_MED,73,18492,76498,OPTIMAL,185934.5,185934.5,False,185934.5,3.9,3.56,600.0,,,alfabetica,,,2,True,True,TEMPO_TOTAL,iteracao,hibrida_pares_dia_turno_curso,180.0,180.0,600.0,14400.0,False,False,alfabetica,,alfabetica,,./dados/2024_1/horarios_2024_1.xlsx,./dados/2024_1/salas_2024_1.csv,./dados/2024_1/salas_preferenciais_2024.1.xlsx,/Users/robertdrey/Documents/workspace/development/alocador_de_salas,resultados/experimentos/2024_1/hibridas_dia_turno_curso_pares/pares_dia_turno_curso_init180.sol,resultados/experimentos/2024_1/hibridas_dia_turno_curso_pares/pares_dia_turno_curso_init180.csv,resultados/experimentos/2024_1/hibridas_dia_turno_curso_pares/pares_dia_turno_curso_init180.json,par_cursos -> dia_turno_curso,alfabetica,,alfabetica,,180.0,1,180.0,600.0,1,0,TEMPO_TOTAL,2,3,M,MED
1,2,32,dia_turno_curso,3_M_PED,86,22126,72864,OPTIMAL,185934.5,185934.5,False,185934.5,44.97,44.64,600.0,,,alfabetica,,,2,True,True,TEMPO_TOTAL,iteracao,hibrida_pares_dia_turno_curso,180.0,180.0,600.0,14400.0,False,False,alfabetica,,alfabetica,,./dados/2024_1/horarios_2024_1.xlsx,./dados/2024_1/salas_2024_1.csv,./dados/2024_1/salas_preferenciais_2024.1.xlsx,/Users/robertdrey/Documents/workspace/development/alocador_de_salas,resultados/experimentos/2024_1/hibridas_dia_turno_curso_pares/pares_dia_turno_curso_init180.sol,resultados/experimentos/2024_1/hibridas_dia_turno_curso_pares/pares_dia_turno_curso_init180.csv,resultados/experimentos/2024_1/hibridas_dia_turno_curso_pares/pares_dia_turno_curso_init180.json,par_cursos -> dia_turno_curso,alfabetica,,alfabetica,,180.0,1,180.0,600.0,1,0,TEMPO_TOTAL,2,3,M,PED
1,2,33,dia_turno_curso,3_T_AGRO,82,19872,75118,OPTIMAL,185934.5,185934.5,False,185934.5,8.52,8.2,600.0,,,alfabetica,,,2,True,True,TEMPO_TOTAL,iteracao,hibrida_pares_dia_turno_curso,180.0,180.0,600.0,14400.0,False,False,alfabetica,,alfabetica,,./dados/2024_1/horarios_2024_1.xlsx,./dados/2024_1/salas_2024_1.csv,./dados/2024_1/salas_preferenciais_2024.1.xlsx,/Users/robertdrey/Documents/workspace/development/alocador_de_salas,resultados/experimentos/2024_1/hibridas_dia_turno_curso_pares/pares_dia_turno_curso_init180.sol,resultados/experimentos/2024_1/hibridas_dia_turno_curso_pares/pares_dia_turno_curso_init180.csv,resultados/experimentos/2024_1/hibridas_dia_turno_curso_pares/pares_dia_turno_curso_init180.json,par_cursos -> dia_turno_curso,alfabetica,,alfabetica,,180.0,1,180.0,600.0,1,0,TEMPO_TOTAL,2,3,T,AGRO
1,2,34,dia_turno_curso,3_T_CC,71,19964,75026,OPTIMAL,185934.5,185934.5,False,185934.5,3.22,2.91,600.0,,,alfabetica,,,2,True,True,TEMPO_TOTAL,iteracao,hibrida_pares_dia_turno_curso,180.0,180.0,600.0,14400.0,False,False,alfabetica,,alfabetica,,./dados/2024_1/horarios_2024_1.xlsx,./dados/2024_1/salas_2024_1.csv,./dados/2024_1/salas_preferenciais_2024.1.xlsx,/Users/robertdrey/Documents/workspace/development/alocador_de_salas,resultados/experimentos/2024_1/hibridas_dia_turno_curso_pares/pares_dia_turno_curso_init180.sol,resultados/experimentos/2024_1/hibridas_dia_turno_curso_pares/pares_dia_turno_curso_init180.csv,resultados/experimentos/2024_1/hibridas_dia_turno_curso_pares/pares_dia_turno_curso_init180.json,par_cursos -> dia_turno_curso,alfabetica,,alfabetica,,180.0,1,180.0,600.0,1,0,TEMPO_TOTAL,2,3,T,CC
1,2,35,dia_turno_curso,3_T_EAS,74,17848,77142,OPTIMAL,185934.5,185934.5,False,185934.5,1.72,1.4,600.0,,,alfabetica,,,2,True,True,TEMPO_TOTAL,iteracao,hibrida_pares_dia_turno_curso,180.0,180.0,600.0,14400.0,False,False,alfabetica,,alfabetica,,./dados/2024_1/horarios_2024_1.xlsx,./dados/2024_1/salas_2024_1.csv,./dados/2024_1/salas_preferenciais_2024.1.xlsx,/Users/robertdrey/Documents/workspace/development/alocador_de_salas,resultados/experimentos/2024_1/hibridas_dia_turno_curso_pares/pares_dia_turno_curso_init180.sol,resultados/experimentos/2024_1/hibridas_dia_turno_curso_pares/pares_dia_turno_curso_init180.csv,resultados/experimentos/2024_1/hibridas_dia_turno_curso_pares/pares_dia_turno_curso_init180.json,par_cursos -> dia_turno_curso,alfabetica,,alfabetica,,180.0,1,180.0,600.0,1,0,TEMPO_TOTAL,2,3,T,EAS
1,2,36,dia_turno_curso,3_T_ENF,47,16146,78844,OPTIMAL,185934.5,185934.5,False,185934.5,3.86,3.55,600.0,,,alfabetica,,,2,True,True,TEMPO_TOTAL,iteracao,hibrida_pares_dia_turno_curso,180.0,180.0,600.0,14400.0,False,False,alfabetica,,alfabetica,,./dados/2024_1/horarios_2024_1.xlsx,./dados/2024_1/salas_2024_1.csv,./dados/2024_1/salas_preferenciais_2024.1.xlsx,/Users/robertdrey/Documents/workspace/development/alocador_de_salas,resultados/experimentos/2024_1/hibridas_dia_turno_curso_pares/pares_dia_turno_curso_init180.sol,resultados/experimentos/2024_1/hibridas_dia_turno_curso_pares/pares_dia_turno_curso_init180.csv,resultados/experimentos/2024_1/hibridas_dia_turno_curso_pares/pares_dia_turno_curso_init180.json,par_cursos -> dia_turno_curso,alfabetica,,alfabetica,,180.0,1,180.0,600.0,1,0,TEMPO_TOTAL,2,3,T,ENF
1,2,37,dia_turno_curso,3_T_GEO,43,13524,81466,OPTIMAL,185934.5,185934.5,False,185934.5,1.12,0.8,600.0,,,alfabetica,,,2,True,True,TEMPO_TOTAL,iteracao,hibrida_pares_dia_turno_curso,180.0,180.0,600.0,14400.0,False,False,alfabetica,,alfabetica,,./dados/2024_1/horarios_2024_1.xlsx,./dados/2024_1/salas_2024_1.csv,./dados/2024_1/salas_preferenciais_2024.1.xlsx,/Users/robertdrey/Documents/workspace/development/alocador_de_salas,resultados/experimentos/2024_1/hibridas_dia_turno_curso_pares/pares_dia_turno_curso_init180.sol,resultados/experimentos/2024_1/hibridas_dia_turno_curso_pares/pares_dia_turno_curso_init180.csv,resultados/experimentos/2024_1/hibridas_dia_turno_curso_pares/pares_dia_turno_curso_init180.json,par_cursos -> dia_turno_curso,alfabetica,,alfabetica,,180.0,1,180.0,600.0,1,0,TEMPO_TOTAL,2,3,T,GEO
1,2,38,dia_turno_curso,3_T_LET,67,19090,75900,OPTIMAL,185934.5,185934.5,False,185934.5,3.27,2.95,600.0,,,alfabetica,,,2,True,True,TEMPO_TOTAL,iteracao,hibrida_pares_dia_turno_curso,180.0,180.0,600.0,14400.0,False,False,alfabetica,,alfabetica,,./dados/2024_1/horarios_2024_1.xlsx,./dados/2024_1/salas_2024_1.csv,./dados/2024_1/salas_preferenciais_2024.1.xlsx,/Users/robertdrey/Documents/workspace/development/alocador_de_salas,resultados/experimentos/2024_1/hibridas_dia_turno_curso_pares/pares_dia_turno_curso_init180.sol,resultados/experimentos/2024_1/hibridas_dia_turno_curso_pares/pares_dia_turno_curso_init180.csv,resultados/experimentos/2024_1/hibridas_dia_turno_curso_pares/pares_dia_turno_curso_init180.json,par_cursos -> dia_turno_curso,alfabetica,,alfabetica,,180.0,1,180.0,600.0,1,0,TEMPO_TOTAL,2,3,T,LET
1,2,39,dia_turno_curso,3_T_MED,68,19504,75486,OPTIMAL,185934.5,185934.5,False,185934.5,2.71,2.38,600.0,,,alfabetica,,,2,True,True,TEMPO_TOTAL,iteracao,hibrida_pares_dia_turno_curso,180.0,180.0,600.0,14400.0,False,False,alfabetica,,alfabetica,,./dados/2024_1/horarios_2024_1.xlsx,./dados/2024_1/salas_2024_1.csv,./dados/2024_1/salas_preferenciais_2024.1.xlsx,/Users/robertdrey/Documents/workspace/development/alocador_de_salas,resultados/experimentos/2024_1/hibridas_dia_turno_curso_pares/pares_dia_turno_curso_init180.sol,resultados/experimentos/2024_1/hibridas_dia_turno_curso_pares/pares_dia_turno_curso_init180.csv,resultados/experimentos/2024_1/hibridas_dia_turno_curso_pares/pares_dia_turno_curso_init180.json,par_cursos -> dia_turno_curso,alfabetica,,alfabetica,,180.0,1,180.0,600.0,1,0,TEMPO_TOTAL,2,3,T,MED
1,2,40,dia_turno_curso,3_N_ADM,84,16468,78522,OPTIMAL,185934.5,185934.5,False,185934.5,1.99,1.68,600.0,,,alfabetica,,,2,True,True,TEMPO_TOTAL,iteracao,hibrida_pares_dia_turno_curso,180.0,180.0,600.0,14400.0,False,False,alfabetica,,alfabetica,,./dados/2024_1/horarios_2024_1.xlsx,./dados/2024_1/salas_2024_1.csv,./dados/2024_1/salas_preferenciais_2024.1.xlsx,/Users/robertdrey/Documents/workspace/development/alocador_de_salas,resultados/experimentos/2024_1/hibridas_dia_turno_curso_pares/pares_dia_turno_curso_init180.sol,resultados/experimentos/2024_1/hibridas_dia_turno_curso_pares/pares_dia_turno_curso_init180.csv,resultados/experimentos/2024_1/hibridas_dia_turno_curso_pares/pares_dia_turno_curso_init180.json,par_cursos -> dia_turno_curso,alfabetica,,alfabetica,,180.0,1,180.0,600.0,1,0,TEMPO_TOTAL,2,3,N,ADM
1,2,41,dia_turno_curso,3_N_CC,81,17342,77648,OPTIMAL,185934.5,185934.5,False,185934.5,5.77,5.46,600.0,,,alfabetica,,,2,True,True,TEMPO_TOTAL,iteracao,hibrida_pares_dia_turno_curso,180.0,180.0,600.0,14400.0,False,False,alfabetica,,alfabetica,,./dados/2024_1/horarios_2024_1.xlsx,./dados/2024_1/salas_2024_1.csv,./dados/2024_1/salas_preferenciais_2024.1.xlsx,/Users/robertdrey/Documents/workspace/development/alocador_de_salas,resultados/experimentos/2024_1/hibridas_dia_turno_curso_pares/pares_dia_turno_curso_init180.sol,resultados/experimentos/2024_1/hibridas_dia_turno_curso_pares/pares_dia_turno_curso_init180.csv,resultados/experimentos/2024_1/hibridas_dia_turno_curso_pares/pares_dia_turno_curso_init180.json,par_cursos -> dia_turno_curso,alfabetica,,alfabetica,,180.0,1,180.0,600.0,1,0,TEMPO_TOTAL,2,3,N,CC
1,2,42,dia_turno_curso,3_N_CS,57,11546,83444,OPTIMAL,185934.5,185934.5,False,185934.5,1.94,1.61,600.0,,,alfabetica,,,2,True,True,TEMPO_TOTAL,iteracao,hibrida_pares_dia_turno_curso,180.0,180.0,600.0,14400.0,False,False,alfabetica,,alfabetica,,./dados/2024_1/horarios_2024_1.xlsx,./dados/2024_1/salas_2024_1.csv,./dados/2024_1/salas_preferenciais_2024.1.xlsx,/Users/robertdrey/Documents/workspace/development/alocador_de_salas,resultados/experimentos/2024_1/hibridas_dia_turno_curso_pares/pares_dia_turno_curso_init180.sol,resultados/experimentos/2024_1/hibridas_dia_turno_curso_pares/pares_dia_turno_curso_init180.csv,resultados/experimentos/2024_1/hibridas_dia_turno_curso_pares/pares_dia_turno_curso_init180.json,par_cursos -> dia_turno_curso,alfabetica,,alfabetica,,180.0,1,180.0,600.0,1,0,TEMPO_TOTAL,2,3,N,CS
1,2,43,dia_turno_curso,3_N_EAS,84,15180,79810,OPTIMAL,185934.5,185934.5,False,185934.5,1.98,1.67,600.0,,,alfabetica,,,2,True,True,TEMPO_TOTAL,iteracao,hibrida_pares_dia_turno_curso,180.0,180.0,600.0,14400.0,False,False,alfabetica,,alfabetica,,./dados/2024_1/horarios_2024_1.xlsx,./dados/2024_1/salas_2024_1.csv,./dados/2024_1/salas_preferenciais_2024.1.xlsx,/Users/robertdrey/Documents/workspace/development/alocador_de_salas,resultados/experimentos/2024_1/hibridas_dia_turno_curso_pares/pares_dia_turno_curso_init180.sol,resultados/experimentos/2024_1/hibridas_dia_turno_curso_pares/pares_dia_turno_curso_init180.csv,resultados/experimentos/2024_1/hibridas_dia_turno_curso_pares/pares_dia_turno_curso_init180.json,par_cursos -> dia_turno_curso,alfabetica,,alfabetica,,180.0,1,180.0,600.0,1,0,TEMPO_TOTAL,2,3,N,EAS
1,2,44,dia_turno_curso,3_N_FIL,53,10304,84686,OPTIMAL,185934.5,185934.5,False,185934.5,1.66,1.34,600.0,,,alfabetica,,,2,True,True,TEMPO_TOTAL,iteracao,hibrida_pares_dia_turno_curso,180.0,180.0,600.0,14400.0,False,False,alfabetica,,alfabetica,,./dados/2024_1/horarios_2024_1.xlsx,./dados/2024_1/salas_2024_1.csv,./dados/2024_1/salas_preferenciais_2024.1.xlsx,/Users/robertdrey/Documents/workspace/development/alocador_de_salas,resultados/experimentos/2024_1/hibridas_dia_turno_curso_pares/pares_dia_turno_curso_init180.sol,resultados/experimentos/2024_1/hibridas_dia_turno_curso_pares/pares_dia_turno_curso_init180.csv,resultados/experimentos/2024_1/hibridas_dia_turno_curso_pares/pares_dia_turno_curso_init180.json,par_cursos -> dia_turno_curso,alfabetica,,alfabetica,,180.0,1,180.0,600.0,1,0,TEMPO_TOTAL,2,3,N,FIL
1,2,45,dia_turno_curso,3_N_GEO,48,9568,85422,OPTIMAL,185934.5,185934.5,False,185934.5,1.68,1.36,600.0,,,alfabetica,,,2,True,True,TEMPO_TOTAL,iteracao,hibrida_pares_dia_turno_curso,180.0,180.0,600.0,14400.0,False,False,alfabetica,,alfabetica,,./dados/2024_1/horarios_2024_1.xlsx,./dados/2024_1/salas_2024_1.csv,./dados/2024_1/salas_preferenciais_2024.1.xlsx,/Users/robertdrey/Documents/workspace/development/alocador_de_salas,resultados/experimentos/2024_1/hibridas_dia_turno_curso_pares/pares_dia_turno_curso_init180.sol,resultados/experimentos/2024_1/hibridas_dia_turno_curso_pares/pares_dia_turno_curso_init180.csv,resultados/experimentos/2024_1/hibridas_dia_turno_curso_pares/pares_dia_turno_curso_init180.json,par_cursos -> dia_turno_curso,alfabetica,,alfabetica,,180.0,1,180.0,600.0,1,0,TEMPO_TOTAL,2,3,N,GEO
1,2,46,dia_turno_curso,3_N_HIS,60,11960,83030,OPTIMAL,185934.5,185934.5,False,185934.5,1.99,1.67,600.0,,,alfabetica,,,2,True,True,TEMPO_TOTAL,iteracao,hibrida_pares_dia_turno_curso,180.0,180.0,600.0,14400.0,False,False,alfabetica,,alfabetica,,./dados/2024_1/horarios_2024_1.xlsx,./dados/2024_1/salas_2024_1.csv,./dados/2024_1/salas_preferenciais_2024.1.xlsx,/Users/robertdrey/Documents/workspace/development/alocador_de_salas,resultados/experimentos/2024_1/hibridas_dia_turno_curso_pares/pares_dia_turno_curso_init180.sol,resultados/experimentos/2024_1/hibridas_dia_turno_curso_pares/pares_dia_turno_curso_init180.csv,resultados/experimentos/2024_1/hibridas_dia_turno_curso_pares/pares_dia_turno_curso_init180.json,par_cursos -> dia_turno_curso,alfabetica,,alfabetica,,180.0,1,180.0,600.0,1,0,TEMPO_TOTAL,2,3,N,HIS
1,2,47,dia_turno_curso,3_N_LET,70,15732,79258,OPTIMAL,185934.5,185934.5,False,185934.5,6.25,5.93,600.0,,,alfabetica,,,2,True,True,TEMPO_TOTAL,iteracao,hibrida_pares_dia_turno_curso,180.0,180.0,600.0,14400.0,False,False,alfabetica,,alfabetica,,./dados/2024_1/horarios_2024_1.xlsx,./dados/2024_1/salas_2024_1.csv,./dados/2024_1/salas_preferenciais_2024.1.xlsx,/Users/robertdrey/Documents/workspace/development/alocador_de_salas,resultados/experimentos/2024_1/hibridas_dia_turno_curso_pares/pares_dia_turno_curso_init180.sol,resultados/experimentos/2024_1/hibridas_dia_turno_curso_pares/pares_dia_turno_curso_init180.csv,resultados/experimentos/2024_1/hibridas_dia_turno_curso_pares/pares_dia_turno_curso_init180.json,par_cursos -> dia_turno_curso,alfabetica,,alfabetica,,180.0,1,180.0,600.0,1,0,TEMPO_TOTAL,2,3,N,LET
1,2,48,dia_turno_curso,3_N_MAT,58,11960,83030,OPTIMAL,185934.5,185934.5,False,185934.5,1.82,1.49,600.0,,,alfabetica,,,2,True,True,TEMPO_TOTAL,iteracao,hibrida_pares_dia_turno_curso,180.0,180.0,600.0,14400.0,False,False,alfabetica,,alfabetica,,./dados/2024_1/horarios_2024_1.xlsx,./dados/2024_1/salas_2024_1.csv,./dados/2024_1/salas_preferenciais_2024.1.xlsx,/Users/robertdrey/Documents/workspace/development/alocador_de_salas,resultados/experimentos/2024_1/hibridas_dia_turno_curso_pares/pares_dia_turno_curso_init180.sol,resultados/experimentos/2024_1/hibridas_dia_turno_curso_pares/pares_dia_turno_curso_init180.csv,resultados/experimentos/2024_1/hibridas_dia_turno_curso_pares/pares_dia_turno_curso_init180.json,par_cursos -> dia_turno_curso,alfabetica,,alfabetica,,180.0,1,180.0,600.0,1,0,TEMPO_TOTAL,2,3,N,MAT
1,2,49,dia_turno_curso,3_N_PED,91,19504,75486,OPTIMAL,185934.5,185934.5,False,185934.5,33.39,33.08,600.0,,,alfabetica,,,2,True,True,TEMPO_TOTAL,iteracao,hibrida_pares_dia_turno_curso,180.0,180.0,600.0,14400.0,False,False,alfabetica,,alfabetica,,./dados/2024_1/horarios_2024_1.xlsx,./dados/2024_1/salas_2024_1.csv,./dados/2024_1/salas_preferenciais_2024.1.xlsx,/Users/robertdrey/Documents/workspace/development/alocador_de_salas,resultados/experimentos/2024_1/hibridas_dia_turno_curso_pares/pares_dia_turno_curso_init180.sol,resultados/experimentos/2024_1/hibridas_dia_turno_curso_pares/pares_dia_turno_curso_init180.csv,resultados/experimentos/2024_1/hibridas_dia_turno_curso_pares/pares_dia_turno_curso_init180.json,par_cursos -> dia_turno_curso,alfabetica,,alfabetica,,180.0,1,180.0,600.0,1,0,TEMPO_TOTAL,2,3,N,PED
1,2,50,dia_turno_curso,4_M_ADM,78,19596,75394,OPTIMAL,185934.5,185934.5,False,185934.5,2.35,2.04,600.0,,,alfabetica,,,2,True,True,TEMPO_TOTAL,iteracao,hibrida_pares_dia_turno_curso,180.0,180.0,600.0,14400.0,False,False,alfabetica,,alfabetica,,./dados/2024_1/horarios_2024_1.xlsx,./dados/2024_1/salas_2024_1.csv,./dados/2024_1/salas_preferenciais_2024.1.xlsx,/Users/robertdrey/Documents/workspace/development/alocador_de_salas,resultados/experimentos/2024_1/hibridas_dia_turno_curso_pares/pares_dia_turno_curso_init180.sol,resultados/experimentos/2024_1/hibridas_dia_turno_curso_pares/pares_dia_turno_curso_init180.csv,resultados/experimentos/2024_1/hibridas_dia_turno_curso_pares/pares_dia_turno_curso_init180.json,par_cursos -> dia_turno_curso,alfabetica,,alfabetica,,180.0,1,180.0,600.0,1,0,TEMPO_TOTAL,2,4,M,ADM
1,2,51,dia_turno_curso,4_M_AGRO,77,17710,77280,OPTIMAL,185934.5,185934.5,False,185934.5,8.06,7.75,600.0,,,alfabetica,,,2,True,True,TEMPO_TOTAL,iteracao,hibrida_pares_dia_turno_curso,180.0,180.0,600.0,14400.0,False,False,alfabetica,,alfabetica,,./dados/2024_1/horarios_2024_1.xlsx,./dados/2024_1/salas_2024_1.csv,./dados/2024_1/salas_preferenciais_2024.1.xlsx,/Users/robertdrey/Documents/workspace/development/alocador_de_salas,resultados/experimentos/2024_1/hibridas_dia_turno_curso_pares/pares_dia_turno_curso_init180.sol,resultados/experimentos/2024_1/hibridas_dia_turno_curso_pares/pares_dia_turno_curso_init180.csv,resultados/experimentos/2024_1/hibridas_dia_turno_curso_pares/pares_dia_turno_curso_init180.json,par_cursos -> dia_turno_curso,alfabetica,,alfabetica,,180.0,1,180.0,600.0,1,0,TEMPO_TOTAL,2,4,M,AGRO
1,2,52,dia_turno_curso,4_M_CS,56,15180,79810,OPTIMAL,185934.5,185934.5,False,185934.5,1.44,1.13,600.0,,,alfabetica,,,2,True,True,TEMPO_TOTAL,iteracao,hibrida_pares_dia_turno_curso,180.0,180.0,600.0,14400.0,False,False,alfabetica,,alfabetica,,./dados/2024_1/horarios_2024_1.xlsx,./dados/2024_1/salas_2024_1.csv,./dados/2024_1/salas_preferenciais_2024.1.xlsx,/Users/robertdrey/Documents/workspace/development/alocador_de_salas,resultados/experimentos/2024_1/hibridas_dia_turno_curso_pares/pares_dia_turno_curso_init180.sol,resultados/experimentos/2024_1/hibridas_dia_turno_curso_pares/pares_dia_turno_curso_init180.csv,resultados/experimentos/2024_1/hibridas_dia_turno_curso_pares/pares_dia_turno_curso_init180.json,par_cursos -> dia_turno_curso,alfabetica,,alfabetica,,180.0,1,180.0,600.0,1,0,TEMPO_TOTAL,2,4,M,CS
1,2,53,dia_turno_curso,4_M_EAS,74,17756,77234,OPTIMAL,185934.5,185934.5,False,185934.5,4.18,3.86,600.0,,,alfabetica,,,2,True,True,TEMPO_TOTAL,iteracao,hibrida_pares_dia_turno_curso,180.0,180.0,600.0,14400.0,False,False,alfabetica,,alfabetica,,./dados/2024_1/horarios_2024_1.xlsx,./dados/2024_1/salas_2024_1.csv,./dados/2024_1/salas_preferenciais_2024.1.xlsx,/Users/robertdrey/Documents/workspace/development/alocador_de_salas,resultados/experimentos/2024_1/hibridas_dia_turno_curso_pares/pares_dia_turno_curso_init180.sol,resultados/experimentos/2024_1/hibridas_dia_turno_curso_pares/pares_dia_turno_curso_init180.csv,resultados/experimentos/2024_1/hibridas_dia_turno_curso_pares/pares_dia_turno_curso_init180.json,par_cursos -> dia_turno_curso,alfabetica,,alfabetica,,180.0,1,180.0,600.0,1,0,TEMPO_TOTAL,2,4,M,EAS
1,2,54,dia_turno_curso,4_M_ENF,49,15318,79672,OPTIMAL,185934.5,185934.5,False,185934.5,4.7,4.37,600.0,,,alfabetica,,,2,True,True,TEMPO_TOTAL,iteracao,hibrida_pares_dia_turno_curso,180.0,180.0,600.0,14400.0,False,False,alfabetica,,alfabetica,,./dados/2024_1/horarios_2024_1.xlsx,./dados/2024_1/salas_2024_1.csv,./dados/2024_1/salas_preferenciais_2024.1.xlsx,/Users/robertdrey/Documents/workspace/development/alocador_de_salas,resultados/experimentos/2024_1/hibridas_dia_turno_curso_pares/pares_dia_turno_curso_init180.sol,resultados/experimentos/2024_1/hibridas_dia_turno_curso_pares/pares_dia_turno_curso_init180.csv,resultados/experimentos/2024_1/hibridas_dia_turno_curso_pares/pares_dia_turno_curso_init180.json,par_cursos -> dia_turno_curso,alfabetica,,alfabetica,,180.0,1,180.0,600.0,1,0,TEMPO_TOTAL,2,4,M,ENF
1,2,55,dia_turno_curso,4_M_MED,71,19412,75578,OPTIMAL,185934.5,185934.5,False,185934.5,2.68,2.35,600.0,,,alfabetica,,,2,True,True,TEMPO_TOTAL,iteracao,hibrida_pares_dia_turno_curso,180.0,180.0,600.0,14400.0,False,False,alfabetica,,alfabetica,,./dados/2024_1/horarios_2024_1.xlsx,./dados/2024_1/salas_2024_1.csv,./dados/2024_1/salas_preferenciais_2024.1.xlsx,/Users/robertdrey/Documents/workspace/development/alocador_de_salas,resultados/experimentos/2024_1/hibridas_dia_turno_curso_pares/pares_dia_turno_curso_init180.sol,resultados/experimentos/2024_1/hibridas_dia_turno_curso_pares/pares_dia_turno_curso_init180.csv,resultados/experimentos/2024_1/hibridas_dia_turno_curso_pares/pares_dia_turno_curso_init180.json,par_cursos -> dia_turno_curso,alfabetica,,alfabetica,,180.0,1,180.0,600.0,1,0,TEMPO_TOTAL,2,4,M,MED
1,2,56,dia_turno_curso,4_M_PED,86,23092,71898,OPTIMAL,185934.5,185934.5,False,185934.5,17.48,17.13,600.0,,,alfabetica,,,2,True,True,TEMPO_TOTAL,iteracao,hibrida_pares_dia_turno_curso,180.0,180.0,600.0,14400.0,False,False,alfabetica,,alfabetica,,./dados/2024_1/horarios_2024_1.xlsx,./dados/2024_1/salas_2024_1.csv,./dados/2024_1/salas_preferenciais_2024.1.xlsx,/Users/robertdrey/Documents/workspace/development/alocador_de_salas,resultados/experimentos/2024_1/hibridas_dia_turno_curso_pares/pares_dia_turno_curso_init180.sol,resultados/experimentos/2024_1/hibridas_dia_turno_curso_pares/pares_dia_turno_curso_init180.csv,resultados/experimentos/2024_1/hibridas_dia_turno_curso_pares/pares_dia_turno_curso_init180.json,par_cursos -> dia_turno_curso,alfabetica,,alfabetica,,180.0,1,180.0,600.0,1,0,TEMPO_TOTAL,2,4,M,PED
1,2,57,dia_turno_curso,4_T_AGRO,78,19458,75532,OPTIMAL,185934.5,185934.5,False,185934.5,7.72,7.37,600.0,,,alfabetica,,,2,True,True,TEMPO_TOTAL,iteracao,hibrida_pares_dia_turno_curso,180.0,180.0,600.0,14400.0,False,False,alfabetica,,alfabetica,,./dados/2024_1/horarios_2024_1.xlsx,./dados/2024_1/salas_2024_1.csv,./dados/2024_1/salas_preferenciais_2024.1.xlsx,/Users/robertdrey/Documents/workspace/development/alocador_de_salas,resultados/experimentos/2024_1/hibridas_dia_turno_curso_pares/pares_dia_turno_curso_init180.sol,resultados/experimentos/2024_1/hibridas_dia_turno_curso_pares/pares_dia_turno_curso_init180.csv,resultados/experimentos/2024_1/hibridas_dia_turno_curso_pares/pares_dia_turno_curso_init180.json,par_cursos -> dia_turno_curso,alfabetica,,alfabetica,,180.0,1,180.0,600.0,1,0,TEMPO_TOTAL,2,4,T,AGRO
1,2,58,dia_turno_curso,4_T_CC,69,19964,75026,OPTIMAL,185934.5,185934.5,False,185934.5,53.71,53.4,600.0,,,alfabetica,,,2,True,True,TEMPO_TOTAL,iteracao,hibrida_pares_dia_turno_curso,180.0,180.0,600.0,14400.0,False,False,alfabetica,,alfabetica,,./dados/2024_1/horarios_2024_1.xlsx,./dados/2024_1/salas_2024_1.csv,./dados/2024_1/salas_preferenciais_2024.1.xlsx,/Users/robertdrey/Documents/workspace/development/alocador_de_salas,resultados/experimentos/2024_1/hibridas_dia_turno_curso_pares/pares_dia_turno_curso_init180.sol,resultados/experimentos/2024_1/hibridas_dia_turno_curso_pares/pares_dia_turno_curso_init180.csv,resultados/experimentos/2024_1/hibridas_dia_turno_curso_pares/pares_dia_turno_curso_init180.json,par_cursos -> dia_turno_curso,alfabetica,,alfabetica,,180.0,1,180.0,600.0,1,0,TEMPO_TOTAL,2,4,T,CC
1,2,59,dia_turno_curso,4_T_CS,50,14950,80040,OPTIMAL,185934.5,185934.5,False,185934.5,0.91,0.61,600.0,,,alfabetica,,,2,True,True,TEMPO_TOTAL,iteracao,hibrida_pares_dia_turno_curso,180.0,180.0,600.0,14400.0,False,False,alfabetica,,alfabetica,,./dados/2024_1/horarios_2024_1.xlsx,./dados/2024_1/salas_2024_1.csv,./dados/2024_1/salas_preferenciais_2024.1.xlsx,/Users/robertdrey/Documents/workspace/development/alocador_de_salas,resultados/experimentos/2024_1/hibridas_dia_turno_curso_pares/pares_dia_turno_curso_init180.sol,resultados/experimentos/2024_1/hibridas_dia_turno_curso_pares/pares_dia_turno_curso_init180.csv,resultados/experimentos/2024_1/hibridas_dia_turno_curso_pares/pares_dia_turno_curso_init180.json,par_cursos -> dia_turno_curso,alfabetica,,alfabetica,,180.0,1,180.0,600.0,1,0,TEMPO_TOTAL,2,4,T,CS
1,2,60,dia_turno_curso,4_T_EAS,71,17986,77004,OPTIMAL,185934.5,185934.5,False,185934.5,1.19,0.88,600.0,,,alfabetica,,,2,True,True,TEMPO_TOTAL,iteracao,hibrida_pares_dia_turno_curso,180.0,180.0,600.0,14400.0,False,False,alfabetica,,alfabetica,,./dados/2024_1/horarios_2024_1.xlsx,./dados/2024_1/salas_2024_1.csv,./dados/2024_1/salas_preferenciais_2024.1.xlsx,/Users/robertdrey/Documents/workspace/development/alocador_de_salas,resultados/experimentos/2024_1/hibridas_dia_turno_curso_pares/pares_dia_turno_curso_init180.sol,resultados/experimentos/2024_1/hibridas_dia_turno_curso_pares/pares_dia_turno_curso_init180.csv,resultados/experimentos/2024_1/hibridas_dia_turno_curso_pares/pares_dia_turno_curso_init180.json,par_cursos -> dia_turno_curso,alfabetica,,alfabetica,,180.0,1,180.0,600.0,1,0,TEMPO_TOTAL,2,4,T,EAS
1,2,61,dia_turno_curso,4_T_ENF,43,16192,78798,OPTIMAL,185934.5,185934.5,False,185934.5,5.65,5.34,600.0,,,alfabetica,,,2,True,True,TEMPO_TOTAL,iteracao,hibrida_pares_dia_turno_curso,180.0,180.0,600.0,14400.0,False,False,alfabetica,,alfabetica,,./dados/2024_1/horarios_2024_1.xlsx,./dados/2024_1/salas_2024_1.csv,./dados/2024_1/salas_preferenciais_2024.1.xlsx,/Users/robertdrey/Documents/workspace/development/alocador_de_salas,resultados/experimentos/2024_1/hibridas_dia_turno_curso_pares/pares_dia_turno_curso_init180.sol,resultados/experimentos/2024_1/hibridas_dia_turno_curso_pares/pares_dia_turno_curso_init180.csv,resultados/experimentos/2024_1/hibridas_dia_turno_curso_pares/pares_dia_turno_curso_init180.json,par_cursos -> dia_turno_curso,alfabetica,,alfabetica,,180.0,1,180.0,600.0,1,0,TEMPO_TOTAL,2,4,T,ENF
1,2,62,dia_turno_curso,4_T_LET,60,17618,77372,OPTIMAL,185934.5,185934.5,False,185934.5,3.72,3.41,600.0,,,alfabetica,,,2,True,True,TEMPO_TOTAL,iteracao,hibrida_pares_dia_turno_curso,180.0,180.0,600.0,14400.0,False,False,alfabetica,,alfabetica,,./dados/2024_1/horarios_2024_1.xlsx,./dados/2024_1/salas_2024_1.csv,./dados/2024_1/salas_preferenciais_2024.1.xlsx,/Users/robertdrey/Documents/workspace/development/alocador_de_salas,resultados/experimentos/2024_1/hibridas_dia_turno_curso_pares/pares_dia_turno_curso_init180.sol,resultados/experimentos/2024_1/hibridas_dia_turno_curso_pares/pares_dia_turno_curso_init180.csv,resultados/experimentos/2024_1/hibridas_dia_turno_curso_pares/pares_dia_turno_curso_init180.json,par_cursos -> dia_turno_curso,alfabetica,,alfabetica,,180.0,1,180.0,600.0,1,0,TEMPO_TOTAL,2,4,T,LET
1,2,63,dia_turno_curso,4_T_MAT,51,15410,79580,OPTIMAL,185934.5,185934.5,False,185934.5,1.13,0.82,600.0,,,alfabetica,,,2,True,True,TEMPO_TOTAL,iteracao,hibrida_pares_dia_turno_curso,180.0,180.0,600.0,14400.0,False,False,alfabetica,,alfabetica,,./dados/2024_1/horarios_2024_1.xlsx,./dados/2024_1/salas_2024_1.csv,./dados/2024_1/salas_preferenciais_2024.1.xlsx,/Users/robertdrey/Documents/workspace/development/alocador_de_salas,resultados/experimentos/2024_1/hibridas_dia_turno_curso_pares/pares_dia_turno_curso_init180.sol,resultados/experimentos/2024_1/hibridas_dia_turno_curso_pares/pares_dia_turno_curso_init180.csv,resultados/experimentos/2024_1/hibridas_dia_turno_curso_pares/pares_dia_turno_curso_init180.json,par_cursos -> dia_turno_curso,alfabetica,,alfabetica,,180.0,1,180.0,600.0,1,0,TEMPO_TOTAL,2,4,T,MAT
1,2,64,dia_turno_curso,4_T_MED,64,18676,76314,OPTIMAL,185934.5,185934.5,False,185934.5,1.92,1.61,600.0,,,alfabetica,,,2,True,True,TEMPO_TOTAL,iteracao,hibrida_pares_dia_turno_curso,180.0,180.0,600.0,14400.0,False,False,alfabetica,,alfabetica,,./dados/2024_1/horarios_2024_1.xlsx,./dados/2024_1/salas_2024_1.csv,./dados/2024_1/salas_preferenciais_2024.1.xlsx,/Users/robertdrey/Documents/workspace/development/alocador_de_salas,resultados/experimentos/2024_1/hibridas_dia_turno_curso_pares/pares_dia_turno_curso_init180.sol,resultados/experimentos/2024_1/hibridas_dia_turno_curso_pares/pares_dia_turno_curso_init180.csv,resultados/experimentos/2024_1/hibridas_dia_turno_curso_pares/pares_dia_turno_curso_init180.json,par_cursos -> dia_turno_curso,alfabetica,,alfabetica,,180.0,1,180.0,600.0,1,0,TEMPO_TOTAL,2,4,T,MED
1,2,65,dia_turno_curso,4_N_ADM,85,18262,76728,OPTIMAL,185934.5,185934.5,False,185934.5,4.2,3.89,600.0,,,alfabetica,,,2,True,True,TEMPO_TOTAL,iteracao,hibrida_pares_dia_turno_curso,180.0,180.0,600.0,14400.0,False,False,alfabetica,,alfabetica,,./dados/2024_1/horarios_2024_1.xlsx,./dados/2024_1/salas_2024_1.csv,./dados/2024_1/salas_preferenciais_2024.1.xlsx,/Users/robertdrey/Documents/workspace/development/alocador_de_salas,resultados/experimentos/2024_1/hibridas_dia_turno_curso_pares/pares_dia_turno_curso_init180.sol,resultados/experimentos/2024_1/hibridas_dia_turno_curso_pares/pares_dia_turno_curso_init180.csv,resultados/experimentos/2024_1/hibridas_dia_turno_curso_pares/pares_dia_turno_curso_init180.json,par_cursos -> dia_turno_curso,alfabetica,,alfabetica,,180.0,1,180.0,600.0,1,0,TEMPO_TOTAL,2,4,N,ADM
1,2,66,dia_turno_curso,4_N_CC,86,19872,75118,OPTIMAL,185934.5,185934.5,False,185934.5,57.9,57.61,600.0,,,alfabetica,,,2,True,True,TEMPO_TOTAL,iteracao,hibrida_pares_dia_turno_curso,180.0,180.0,600.0,14400.0,False,False,alfabetica,,alfabetica,,./dados/2024_1/horarios_2024_1.xlsx,./dados/2024_1/salas_2024_1.csv,./dados/2024_1/salas_preferenciais_2024.1.xlsx,/Users/robertdrey/Documents/workspace/development/alocador_de_salas,resultados/experimentos/2024_1/hibridas_dia_turno_curso_pares/pares_dia_turno_curso_init180.sol,resultados/experimentos/2024_1/hibridas_dia_turno_curso_pares/pares_dia_turno_curso_init180.csv,resultados/experimentos/2024_1/hibridas_dia_turno_curso_pares/pares_dia_turno_curso_init180.json,par_cursos -> dia_turno_curso,alfabetica,,alfabetica,,180.0,1,180.0,600.0,1,0,TEMPO_TOTAL,2,4,N,CC
1,2,67,dia_turno_curso,4_N_CS,60,13294,81696,OPTIMAL,185934.5,185934.5,False,185934.5,2.09,1.79,600.0,,,alfabetica,,,2,True,True,TEMPO_TOTAL,iteracao,hibrida_pares_dia_turno_curso,180.0,180.0,600.0,14400.0,False,False,alfabetica,,alfabetica,,./dados/2024_1/horarios_2024_1.xlsx,./dados/2024_1/salas_2024_1.csv,./dados/2024_1/salas_preferenciais_2024.1.xlsx,/Users/robertdrey/Documents/workspace/development/alocador_de_salas,resultados/experimentos/2024_1/hibridas_dia_turno_curso_pares/pares_dia_turno_curso_init180.sol,resultados/experimentos/2024_1/hibridas_dia_turno_curso_pares/pares_dia_turno_curso_init180.csv,resultados/experimentos/2024_1/hibridas_dia_turno_curso_pares/pares_dia_turno_curso_init180.json,par_cursos -> dia_turno_curso,alfabetica,,alfabetica,,180.0,1,180.0,600.0,1,0,TEMPO_TOTAL,2,4,N,CS
1,2,68,dia_turno_curso,4_N_EAS,86,17204,77786,OPTIMAL,185934.5,185934.5,False,185934.5,2.11,1.81,600.0,,,alfabetica,,,2,True,True,TEMPO_TOTAL,iteracao,hibrida_pares_dia_turno_curso,180.0,180.0,600.0,14400.0,False,False,alfabetica,,alfabetica,,./dados/2024_1/horarios_2024_1.xlsx,./dados/2024_1/salas_2024_1.csv,./dados/2024_1/salas_preferenciais_2024.1.xlsx,/Users/robertdrey/Documents/workspace/development/alocador_de_salas,resultados/experimentos/2024_1/hibridas_dia_turno_curso_pares/pares_dia_turno_curso_init180.sol,resultados/experimentos/2024_1/hibridas_dia_turno_curso_pares/pares_dia_turno_curso_init180.csv,resultados/experimentos/2024_1/hibridas_dia_turno_curso_pares/pares_dia_turno_curso_init180.json,par_cursos -> dia_turno_curso,alfabetica,,alfabetica,,180.0,1,180.0,600.0,1,0,TEMPO_TOTAL,2,4,N,EAS
1,2,69,dia_turno_curso,4_N_FIL,53,11914,83076,OPTIMAL,185934.5,185934.5,False,185934.5,2.3,2.0,600.0,,,alfabetica,,,2,True,True,TEMPO_TOTAL,iteracao,hibrida_pares_dia_turno_curso,180.0,180.0,600.0,14400.0,False,False,alfabetica,,alfabetica,,./dados/2024_1/horarios_2024_1.xlsx,./dados/2024_1/salas_2024_1.csv,./dados/2024_1/salas_preferenciais_2024.1.xlsx,/Users/robertdrey/Documents/workspace/development/alocador_de_salas,resultados/experimentos/2024_1/hibridas_dia_turno_curso_pares/pares_dia_turno_curso_init180.sol,resultados/experimentos/2024_1/hibridas_dia_turno_curso_pares/pares_dia_turno_curso_init180.csv,resultados/experimentos/2024_1/hibridas_dia_turno_curso_pares/pares_dia_turno_curso_init180.json,par_cursos -> dia_turno_curso,alfabetica,,alfabetica,,180.0,1,180.0,600.0,1,0,TEMPO_TOTAL,2,4,N,FIL
1,2,70,dia_turno_curso,4_N_GEO,51,11776,83214,OPTIMAL,185934.5,185934.5,False,185934.5,1.81,1.5,600.0,,,alfabetica,,,2,True,True,TEMPO_TOTAL,iteracao,hibrida_pares_dia_turno_curso,180.0,180.0,600.0,14400.0,False,False,alfabetica,,alfabetica,,./dados/2024_1/horarios_2024_1.xlsx,./dados/2024_1/salas_2024_1.csv,./dados/2024_1/salas_preferenciais_2024.1.xlsx,/Users/robertdrey/Documents/workspace/development/alocador_de_salas,resultados/experimentos/2024_1/hibridas_dia_turno_curso_pares/pares_dia_turno_curso_init180.sol,resultados/experimentos/2024_1/hibridas_dia_turno_curso_pares/pares_dia_turno_curso_init180.csv,resultados/experimentos/2024_1/hibridas_dia_turno_curso_pares/pares_dia_turno_curso_init180.json,par_cursos -> dia_turno_curso,alfabetica,,alfabetica,,180.0,1,180.0,600.0,1,0,TEMPO_TOTAL,2,4,N,GEO
1,2,71,dia_turno_curso,4_N_HIS,62,13938,81052,OPTIMAL,185934.5,185934.5,False,185934.5,1.82,1.52,600.0,,,alfabetica,,,2,True,True,TEMPO_TOTAL,iteracao,hibrida_pares_dia_turno_curso,180.0,180.0,600.0,14400.0,False,False,alfabetica,,alfabetica,,./dados/2024_1/horarios_2024_1.xlsx,./dados/2024_1/salas_2024_1.csv,./dados/2024_1/salas_preferenciais_2024.1.xlsx,/Users/robertdrey/Documents/workspace/development/alocador_de_salas,resultados/experimentos/2024_1/hibridas_dia_turno_curso_pares/pares_dia_turno_curso_init180.sol,resultados/experimentos/2024_1/hibridas_dia_turno_curso_pares/pares_dia_turno_curso_init180.csv,resultados/experimentos/2024_1/hibridas_dia_turno_curso_pares/pares_dia_turno_curso_init180.json,par_cursos -> dia_turno_curso,alfabetica,,alfabetica,,180.0,1,180.0,600.0,1,0,TEMPO_TOTAL,2,4,N,HIS
1,2,72,dia_turno_curso,4_N_LET,69,16744,78246,TIME_LIMIT,185934.5,185877.5,True,185877.5,600.39,600.04,600.0,,,alfabetica,,,2,True,True,TEMPO_TOTAL,iteracao,hibrida_pares_dia_turno_curso,180.0,180.0,600.0,14400.0,False,False,alfabetica,,alfabetica,,./dados/2024_1/horarios_2024_1.xlsx,./dados/2024_1/salas_2024_1.csv,./dados/2024_1/salas_preferenciais_2024.1.xlsx,/Users/robertdrey/Documents/workspace/development/alocador_de_salas,resultados/experimentos/2024_1/hibridas_dia_turno_curso_pares/pares_dia_turno_curso_init180.sol,resultados/experimentos/2024_1/hibridas_dia_turno_curso_pares/pares_dia_turno_curso_init180.csv,resultados/experimentos/2024_1/hibridas_dia_turno_curso_pares/pares_dia_turno_curso_init180.json,par_cursos -> dia_turno_curso,alfabetica,,alfabetica,,180.0,1,180.0,600.0,1,0,TEMPO_TOTAL,2,4,N,LET
1,2,73,dia_turno_curso,4_N_MAT,59,13202,81788,OPTIMAL,185877.5,185877.5,False,185877.5,2.17,1.81,600.0,,,alfabetica,,,2,True,True,TEMPO_TOTAL,iteracao,hibrida_pares_dia_turno_curso,180.0,180.0,600.0,14400.0,False,False,alfabetica,,alfabetica,,./dados/2024_1/horarios_2024_1.xlsx,./dados/2024_1/salas_2024_1.csv,./dados/2024_1/salas_preferenciais_2024.1.xlsx,/Users/robertdrey/Documents/workspace/development/alocador_de_salas,resultados/experimentos/2024_1/hibridas_dia_turno_curso_pares/pares_dia_turno_curso_init180.sol,resultados/experimentos/2024_1/hibridas_dia_turno_curso_pares/pares_dia_turno_curso_init180.csv,resultados/experimentos/2024_1/hibridas_dia_turno_curso_pares/pares_dia_turno_curso_init180.json,par_cursos -> dia_turno_curso,alfabetica,,alfabetica,,180.0,1,180.0,600.0,1,0,TEMPO_TOTAL,2,4,N,MAT
1,2,74,dia_turno_curso,4_N_PED,93,21160,73830,OPTIMAL,185877.5,185877.5,False,185877.5,23.28,22.98,600.0,,,alfabetica,,,2,True,True,TEMPO_TOTAL,iteracao,hibrida_pares_dia_turno_curso,180.0,180.0,600.0,14400.0,False,False,alfabetica,,alfabetica,,./dados/2024_1/horarios_2024_1.xlsx,./dados/2024_1/salas_2024_1.csv,./dados/2024_1/salas_preferenciais_2024.1.xlsx,/Users/robertdrey/Documents/workspace/development/alocador_de_salas,resultados/experimentos/2024_1/hibridas_dia_turno_curso_pares/pares_dia_turno_curso_init180.sol,resultados/experimentos/2024_1/hibridas_dia_turno_curso_pares/pares_dia_turno_curso_init180.csv,resultados/experimentos/2024_1/hibridas_dia_turno_curso_pares/pares_dia_turno_curso_init180.json,par_cursos -> dia_turno_curso,alfabetica,,alfabetica,,180.0,1,180.0,600.0,1,0,TEMPO_TOTAL,2,4,N,PED
1,2,75,dia_turno_curso,5_M_ADM,80,19734,75256,OPTIMAL,185877.5,185877.5,False,185877.5,2.23,1.94,600.0,,,alfabetica,,,2,True,True,TEMPO_TOTAL,iteracao,hibrida_pares_dia_turno_curso,180.0,180.0,600.0,14400.0,False,False,alfabetica,,alfabetica,,./dados/2024_1/horarios_2024_1.xlsx,./dados/2024_1/salas_2024_1.csv,./dados/2024_1/salas_preferenciais_2024.1.xlsx,/Users/robertdrey/Documents/workspace/development/alocador_de_salas,resultados/experimentos/2024_1/hibridas_dia_turno_curso_pares/pares_dia_turno_curso_init180.sol,resultados/experimentos/2024_1/hibridas_dia_turno_curso_pares/pares_dia_turno_curso_init180.csv,resultados/experimentos/2024_1/hibridas_dia_turno_curso_pares/pares_dia_turno_curso_init180.json,par_cursos -> dia_turno_curso,alfabetica,,alfabetica,,180.0,1,180.0,600.0,1,0,TEMPO_TOTAL,2,5,M,ADM
1,2,76,dia_turno_curso,5_M_AGRO,80,18492,76498,OPTIMAL,185877.5,185877.5,False,185877.5,10.01,9.71,600.0,,,alfabetica,,,2,True,True,TEMPO_TOTAL,iteracao,hibrida_pares_dia_turno_curso,180.0,180.0,600.0,14400.0,False,False,alfabetica,,alfabetica,,./dados/2024_1/horarios_2024_1.xlsx,./dados/2024_1/salas_2024_1.csv,./dados/2024_1/salas_preferenciais_2024.1.xlsx,/Users/robertdrey/Documents/workspace/development/alocador_de_salas,resultados/experimentos/2024_1/hibridas_dia_turno_curso_pares/pares_dia_turno_curso_init180.sol,resultados/experimentos/2024_1/hibridas_dia_turno_curso_pares/pares_dia_turno_curso_init180.csv,resultados/experimentos/2024_1/hibridas_dia_turno_curso_pares/pares_dia_turno_curso_init180.json,par_cursos -> dia_turno_curso,alfabetica,,alfabetica,,180.0,1,180.0,600.0,1,0,TEMPO_TOTAL,2,5,M,AGRO
1,2,77,dia_turno_curso,5_M_EAS,75,17618,77372,OPTIMAL,185877.5,185877.5,False,185877.5,2.21,1.91,600.0,,,alfabetica,,,2,True,True,TEMPO_TOTAL,iteracao,hibrida_pares_dia_turno_curso,180.0,180.0,600.0,14400.0,False,False,alfabetica,,alfabetica,,./dados/2024_1/horarios_2024_1.xlsx,./dados/2024_1/salas_2024_1.csv,./dados/2024_1/salas_preferenciais_2024.1.xlsx,/Users/robertdrey/Documents/workspace/development/alocador_de_salas,resultados/experimentos/2024_1/hibridas_dia_turno_curso_pares/pares_dia_turno_curso_init180.sol,resultados/experimentos/2024_1/hibridas_dia_turno_curso_pares/pares_dia_turno_curso_init180.csv,resultados/experimentos/2024_1/hibridas_dia_turno_curso_pares/pares_dia_turno_curso_init180.json,par_cursos -> dia_turno_curso,alfabetica,,alfabetica,,180.0,1,180.0,600.0,1,0,TEMPO_TOTAL,2,5,M,EAS
1,2,78,dia_turno_curso,5_M_ENF,51,15732,79258,OPTIMAL,185877.5,185877.5,False,185877.5,6.47,6.16,600.0,,,alfabetica,,,2,True,True,TEMPO_TOTAL,iteracao,hibrida_pares_dia_turno_curso,180.0,180.0,600.0,14400.0,False,False,alfabetica,,alfabetica,,./dados/2024_1/horarios_2024_1.xlsx,./dados/2024_1/salas_2024_1.csv,./dados/2024_1/salas_preferenciais_2024.1.xlsx,/Users/robertdrey/Documents/workspace/development/alocador_de_salas,resultados/experimentos/2024_1/hibridas_dia_turno_curso_pares/pares_dia_turno_curso_init180.sol,resultados/experimentos/2024_1/hibridas_dia_turno_curso_pares/pares_dia_turno_curso_init180.csv,resultados/experimentos/2024_1/hibridas_dia_turno_curso_pares/pares_dia_turno_curso_init180.json,par_cursos -> dia_turno_curso,alfabetica,,alfabetica,,180.0,1,180.0,600.0,1,0,TEMPO_TOTAL,2,5,M,ENF
1,2,79,dia_turno_curso,5_M_MED,74,19550,75440,OPTIMAL,185877.5,185877.5,False,185877.5,3.7,3.38,600.0,,,alfabetica,,,2,True,True,TEMPO_TOTAL,iteracao,hibrida_pares_dia_turno_curso,180.0,180.0,600.0,14400.0,False,False,alfabetica,,alfabetica,,./dados/2024_1/horarios_2024_1.xlsx,./dados/2024_1/salas_2024_1.csv,./dados/2024_1/salas_preferenciais_2024.1.xlsx,/Users/robertdrey/Documents/workspace/development/alocador_de_salas,resultados/experimentos/2024_1/hibridas_dia_turno_curso_pares/pares_dia_turno_curso_init180.sol,resultados/experimentos/2024_1/hibridas_dia_turno_curso_pares/pares_dia_turno_curso_init180.csv,resultados/experimentos/2024_1/hibridas_dia_turno_curso_pares/pares_dia_turno_curso_init180.json,par_cursos -> dia_turno_curso,alfabetica,,alfabetica,,180.0,1,180.0,600.0,1,0,TEMPO_TOTAL,2,5,M,MED
1,2,80,dia_turno_curso,5_M_PED,89,23230,71760,OPTIMAL,185877.5,185877.5,False,185877.5,18.33,18.01,600.0,,,alfabetica,,,2,True,True,TEMPO_TOTAL,iteracao,hibrida_pares_dia_turno_curso,180.0,180.0,600.0,14400.0,False,False,alfabetica,,alfabetica,,./dados/2024_1/horarios_2024_1.xlsx,./dados/2024_1/salas_2024_1.csv,./dados/2024_1/salas_preferenciais_2024.1.xlsx,/Users/robertdrey/Documents/workspace/development/alocador_de_salas,resultados/experimentos/2024_1/hibridas_dia_turno_curso_pares/pares_dia_turno_curso_init180.sol,resultados/experimentos/2024_1/hibridas_dia_turno_curso_pares/pares_dia_turno_curso_init180.csv,resultados/experimentos/2024_1/hibridas_dia_turno_curso_pares/pares_dia_turno_curso_init180.json,par_cursos -> dia_turno_curso,alfabetica,,alfabetica,,180.0,1,180.0,600.0,1,0,TEMPO_TOTAL,2,5,M,PED
1,2,81,dia_turno_curso,5_T_AGRO,77,18814,76176,OPTIMAL,185877.5,185877.5,False,185877.5,9.86,9.55,600.0,,,alfabetica,,,2,True,True,TEMPO_TOTAL,iteracao,hibrida_pares_dia_turno_curso,180.0,180.0,600.0,14400.0,False,False,alfabetica,,alfabetica,,./dados/2024_1/horarios_2024_1.xlsx,./dados/2024_1/salas_2024_1.csv,./dados/2024_1/salas_preferenciais_2024.1.xlsx,/Users/robertdrey/Documents/workspace/development/alocador_de_salas,resultados/experimentos/2024_1/hibridas_dia_turno_curso_pares/pares_dia_turno_curso_init180.sol,resultados/experimentos/2024_1/hibridas_dia_turno_curso_pares/pares_dia_turno_curso_init180.csv,resultados/experimentos/2024_1/hibridas_dia_turno_curso_pares/pares_dia_turno_curso_init180.json,par_cursos -> dia_turno_curso,alfabetica,,alfabetica,,180.0,1,180.0,600.0,1,0,TEMPO_TOTAL,2,5,T,AGRO
1,2,82,dia_turno_curso,5_T_CC,70,19596,75394,OPTIMAL,185877.5,185869.5,True,185869.5,38.03,37.72,600.0,,,alfabetica,,,2,True,True,TEMPO_TOTAL,iteracao,hibrida_pares_dia_turno_curso,180.0,180.0,600.0,14400.0,False,False,alfabetica,,alfabetica,,./dados/2024_1/horarios_2024_1.xlsx,./dados/2024_1/salas_2024_1.csv,./dados/2024_1/salas_preferenciais_2024.1.xlsx,/Users/robertdrey/Documents/workspace/development/alocador_de_salas,resultados/experimentos/2024_1/hibridas_dia_turno_curso_pares/pares_dia_turno_curso_init180.sol,resultados/experimentos/2024_1/hibridas_dia_turno_curso_pares/pares_dia_turno_curso_init180.csv,resultados/experimentos/2024_1/hibridas_dia_turno_curso_pares/pares_dia_turno_curso_init180.json,par_cursos -> dia_turno_curso,alfabetica,,alfabetica,,180.0,1,180.0,600.0,1,0,TEMPO_TOTAL,2,5,T,CC
1,2,83,dia_turno_curso,5_T_EAS,71,17342,77648,OPTIMAL,185869.5,185869.5,False,185869.5,1.55,1.26,600.0,,,alfabetica,,,2,True,True,TEMPO_TOTAL,iteracao,hibrida_pares_dia_turno_curso,180.0,180.0,600.0,14400.0,False,False,alfabetica,,alfabetica,,./dados/2024_1/horarios_2024_1.xlsx,./dados/2024_1/salas_2024_1.csv,./dados/2024_1/salas_preferenciais_2024.1.xlsx,/Users/robertdrey/Documents/workspace/development/alocador_de_salas,resultados/experimentos/2024_1/hibridas_dia_turno_curso_pares/pares_dia_turno_curso_init180.sol,resultados/experimentos/2024_1/hibridas_dia_turno_curso_pares/pares_dia_turno_curso_init180.csv,resultados/experimentos/2024_1/hibridas_dia_turno_curso_pares/pares_dia_turno_curso_init180.json,par_cursos -> dia_turno_curso,alfabetica,,alfabetica,,180.0,1,180.0,600.0,1,0,TEMPO_TOTAL,2,5,T,EAS
1,2,84,dia_turno_curso,5_T_ENF,44,14858,80132,OPTIMAL,185869.5,185869.5,False,185869.5,3.87,3.56,600.0,,,alfabetica,,,2,True,True,TEMPO_TOTAL,iteracao,hibrida_pares_dia_turno_curso,180.0,180.0,600.0,14400.0,False,False,alfabetica,,alfabetica,,./dados/2024_1/horarios_2024_1.xlsx,./dados/2024_1/salas_2024_1.csv,./dados/2024_1/salas_preferenciais_2024.1.xlsx,/Users/robertdrey/Documents/workspace/development/alocador_de_salas,resultados/experimentos/2024_1/hibridas_dia_turno_curso_pares/pares_dia_turno_curso_init180.sol,resultados/experimentos/2024_1/hibridas_dia_turno_curso_pares/pares_dia_turno_curso_init180.csv,resultados/experimentos/2024_1/hibridas_dia_turno_curso_pares/pares_dia_turno_curso_init180.json,par_cursos -> dia_turno_curso,alfabetica,,alfabetica,,180.0,1,180.0,600.0,1,0,TEMPO_TOTAL,2,5,T,ENF
1,2,85,dia_turno_curso,5_T_GEO,40,12650,82340,OPTIMAL,185869.5,185869.5,False,185869.5,1.29,0.96,600.0,,,alfabetica,,,2,True,True,TEMPO_TOTAL,iteracao,hibrida_pares_dia_turno_curso,180.0,180.0,600.0,14400.0,False,False,alfabetica,,alfabetica,,./dados/2024_1/horarios_2024_1.xlsx,./dados/2024_1/salas_2024_1.csv,./dados/2024_1/salas_preferenciais_2024.1.xlsx,/Users/robertdrey/Documents/workspace/development/alocador_de_salas,resultados/experimentos/2024_1/hibridas_dia_turno_curso_pares/pares_dia_turno_curso_init180.sol,resultados/experimentos/2024_1/hibridas_dia_turno_curso_pares/pares_dia_turno_curso_init180.csv,resultados/experimentos/2024_1/hibridas_dia_turno_curso_pares/pares_dia_turno_curso_init180.json,par_cursos -> dia_turno_curso,alfabetica,,alfabetica,,180.0,1,180.0,600.0,1,0,TEMPO_TOTAL,2,5,T,GEO
1,2,86,dia_turno_curso,5_T_LET,65,18722,76268,OPTIMAL,185869.5,185869.5,False,185869.5,2.07,1.75,600.0,,,alfabetica,,,2,True,True,TEMPO_TOTAL,iteracao,hibrida_pares_dia_turno_curso,180.0,180.0,600.0,14400.0,False,False,alfabetica,,alfabetica,,./dados/2024_1/horarios_2024_1.xlsx,./dados/2024_1/salas_2024_1.csv,./dados/2024_1/salas_preferenciais_2024.1.xlsx,/Users/robertdrey/Documents/workspace/development/alocador_de_salas,resultados/experimentos/2024_1/hibridas_dia_turno_curso_pares/pares_dia_turno_curso_init180.sol,resultados/experimentos/2024_1/hibridas_dia_turno_curso_pares/pares_dia_turno_curso_init180.csv,resultados/experimentos/2024_1/hibridas_dia_turno_curso_pares/pares_dia_turno_curso_init180.json,par_cursos -> dia_turno_curso,alfabetica,,alfabetica,,180.0,1,180.0,600.0,1,0,TEMPO_TOTAL,2,5,T,LET
1,2,87,dia_turno_curso,5_T_MED,67,19274,75716,OPTIMAL,185869.5,185869.5,False,185869.5,2.66,2.35,600.0,,,alfabetica,,,2,True,True,TEMPO_TOTAL,iteracao,hibrida_pares_dia_turno_curso,180.0,180.0,600.0,14400.0,False,False,alfabetica,,alfabetica,,./dados/2024_1/horarios_2024_1.xlsx,./dados/2024_1/salas_2024_1.csv,./dados/2024_1/salas_preferenciais_2024.1.xlsx,/Users/robertdrey/Documents/workspace/development/alocador_de_salas,resultados/experimentos/2024_1/hibridas_dia_turno_curso_pares/pares_dia_turno_curso_init180.sol,resultados/experimentos/2024_1/hibridas_dia_turno_curso_pares/pares_dia_turno_curso_init180.csv,resultados/experimentos/2024_1/hibridas_dia_turno_curso_pares/pares_dia_turno_curso_init180.json,par_cursos -> dia_turno_curso,alfabetica,,alfabetica,,180.0,1,180.0,600.0,1,0,TEMPO_TOTAL,2,5,T,MED
1,2,88,dia_turno_curso,5_N_ADM,83,16652,78338,OPTIMAL,185869.5,185869.5,False,185869.5,2.55,2.23,600.0,,,alfabetica,,,2,True,True,TEMPO_TOTAL,iteracao,hibrida_pares_dia_turno_curso,180.0,180.0,600.0,14400.0,False,False,alfabetica,,alfabetica,,./dados/2024_1/horarios_2024_1.xlsx,./dados/2024_1/salas_2024_1.csv,./dados/2024_1/salas_preferenciais_2024.1.xlsx,/Users/robertdrey/Documents/workspace/development/alocador_de_salas,resultados/experimentos/2024_1/hibridas_dia_turno_curso_pares/pares_dia_turno_curso_init180.sol,resultados/experimentos/2024_1/hibridas_dia_turno_curso_pares/pares_dia_turno_curso_init180.csv,resultados/experimentos/2024_1/hibridas_dia_turno_curso_pares/pares_dia_turno_curso_init180.json,par_cursos -> dia_turno_curso,alfabetica,,alfabetica,,180.0,1,180.0,600.0,1,0,TEMPO_TOTAL,2,5,N,ADM
1,2,89,dia_turno_curso,5_N_CC,83,18078,76912,OPTIMAL,185869.5,185869.5,False,185869.5,64.19,63.88,600.0,,,alfabetica,,,2,True,True,TEMPO_TOTAL,iteracao,hibrida_pares_dia_turno_curso,180.0,180.0,600.0,14400.0,False,False,alfabetica,,alfabetica,,./dados/2024_1/horarios_2024_1.xlsx,./dados/2024_1/salas_2024_1.csv,./dados/2024_1/salas_preferenciais_2024.1.xlsx,/Users/robertdrey/Documents/workspace/development/alocador_de_salas,resultados/experimentos/2024_1/hibridas_dia_turno_curso_pares/pares_dia_turno_curso_init180.sol,resultados/experimentos/2024_1/hibridas_dia_turno_curso_pares/pares_dia_turno_curso_init180.csv,resultados/experimentos/2024_1/hibridas_dia_turno_curso_pares/pares_dia_turno_curso_init180.json,par_cursos -> dia_turno_curso,alfabetica,,alfabetica,,180.0,1,180.0,600.0,1,0,TEMPO_TOTAL,2,5,N,CC
1,2,90,dia_turno_curso,5_N_CS,57,11914,83076,OPTIMAL,185869.5,185869.5,False,185869.5,1.66,1.35,600.0,,,alfabetica,,,2,True,True,TEMPO_TOTAL,iteracao,hibrida_pares_dia_turno_curso,180.0,180.0,600.0,14400.0,False,False,alfabetica,,alfabetica,,./dados/2024_1/horarios_2024_1.xlsx,./dados/2024_1/salas_2024_1.csv,./dados/2024_1/salas_preferenciais_2024.1.xlsx,/Users/robertdrey/Documents/workspace/development/alocador_de_salas,resultados/experimentos/2024_1/hibridas_dia_turno_curso_pares/pares_dia_turno_curso_init180.sol,resultados/experimentos/2024_1/hibridas_dia_turno_curso_pares/pares_dia_turno_curso_init180.csv,resultados/experimentos/2024_1/hibridas_dia_turno_curso_pares/pares_dia_turno_curso_init180.json,par_cursos -> dia_turno_curso,alfabetica,,alfabetica,,180.0,1,180.0,600.0,1,0,TEMPO_TOTAL,2,5,N,CS
1,2,91,dia_turno_curso,5_N_EAS,83,14950,80040,OPTIMAL,185869.5,185869.5,False,185869.5,1.65,1.34,600.0,,,alfabetica,,,2,True,True,TEMPO_TOTAL,iteracao,hibrida_pares_dia_turno_curso,180.0,180.0,600.0,14400.0,False,False,alfabetica,,alfabetica,,./dados/2024_1/horarios_2024_1.xlsx,./dados/2024_1/salas_2024_1.csv,./dados/2024_1/salas_preferenciais_2024.1.xlsx,/Users/robertdrey/Documents/workspace/development/alocador_de_salas,resultados/experimentos/2024_1/hibridas_dia_turno_curso_pares/pares_dia_turno_curso_init180.sol,resultados/experimentos/2024_1/hibridas_dia_turno_curso_pares/pares_dia_turno_curso_init180.csv,resultados/experimentos/2024_1/hibridas_dia_turno_curso_pares/pares_dia_turno_curso_init180.json,par_cursos -> dia_turno_curso,alfabetica,,alfabetica,,180.0,1,180.0,600.0,1,0,TEMPO_TOTAL,2,5,N,EAS
1,2,92,dia_turno_curso,5_N_FIL,51,10304,84686,OPTIMAL,185869.5,185697.0,True,185697.0,1.93,1.62,600.0,,,alfabetica,,,2,True,True,TEMPO_TOTAL,iteracao,hibrida_pares_dia_turno_curso,180.0,180.0,600.0,14400.0,False,False,alfabetica,,alfabetica,,./dados/2024_1/horarios_2024_1.xlsx,./dados/2024_1/salas_2024_1.csv,./dados/2024_1/salas_preferenciais_2024.1.xlsx,/Users/robertdrey/Documents/workspace/development/alocador_de_salas,resultados/experimentos/2024_1/hibridas_dia_turno_curso_pares/pares_dia_turno_curso_init180.sol,resultados/experimentos/2024_1/hibridas_dia_turno_curso_pares/pares_dia_turno_curso_init180.csv,resultados/experimentos/2024_1/hibridas_dia_turno_curso_pares/pares_dia_turno_curso_init180.json,par_cursos -> dia_turno_curso,alfabetica,,alfabetica,,180.0,1,180.0,600.0,1,0,TEMPO_TOTAL,2,5,N,FIL
1,2,93,dia_turno_curso,5_N_GEO,48,9844,85146,OPTIMAL,185697.0,185695.0,True,185695.0,1.91,1.59,600.0,,,alfabetica,,,2,True,True,TEMPO_TOTAL,iteracao,hibrida_pares_dia_turno_curso,180.0,180.0,600.0,14400.0,False,False,alfabetica,,alfabetica,,./dados/2024_1/horarios_2024_1.xlsx,./dados/2024_1/salas_2024_1.csv,./dados/2024_1/salas_preferenciais_2024.1.xlsx,/Users/robertdrey/Documents/workspace/development/alocador_de_salas,resultados/experimentos/2024_1/hibridas_dia_turno_curso_pares/pares_dia_turno_curso_init180.sol,resultados/experimentos/2024_1/hibridas_dia_turno_curso_pares/pares_dia_turno_curso_init180.csv,resultados/experimentos/2024_1/hibridas_dia_turno_curso_pares/pares_dia_turno_curso_init180.json,par_cursos -> dia_turno_curso,alfabetica,,alfabetica,,180.0,1,180.0,600.0,1,0,TEMPO_TOTAL,2,5,N,GEO
1,2,94,dia_turno_curso,5_N_HIS,58,11960,83030,OPTIMAL,185695.0,185695.0,False,185695.0,1.71,1.4,600.0,,,alfabetica,,,2,True,True,TEMPO_TOTAL,iteracao,hibrida_pares_dia_turno_curso,180.0,180.0,600.0,14400.0,False,False,alfabetica,,alfabetica,,./dados/2024_1/horarios_2024_1.xlsx,./dados/2024_1/salas_2024_1.csv,./dados/2024_1/salas_preferenciais_2024.1.xlsx,/Users/robertdrey/Documents/workspace/development/alocador_de_salas,resultados/experimentos/2024_1/hibridas_dia_turno_curso_pares/pares_dia_turno_curso_init180.sol,resultados/experimentos/2024_1/hibridas_dia_turno_curso_pares/pares_dia_turno_curso_init180.csv,resultados/experimentos/2024_1/hibridas_dia_turno_curso_pares/pares_dia_turno_curso_init180.json,par_cursos -> dia_turno_curso,alfabetica,,alfabetica,,180.0,1,180.0,600.0,1,0,TEMPO_TOTAL,2,5,N,HIS
1,2,95,dia_turno_curso,5_N_LET,68,15962,79028,OPTIMAL,185695.0,185382.0,True,185382.0,3.98,3.67,600.0,,,alfabetica,,,2,True,True,TEMPO_TOTAL,iteracao,hibrida_pares_dia_turno_curso,180.0,180.0,600.0,14400.0,False,False,alfabetica,,alfabetica,,./dados/2024_1/horarios_2024_1.xlsx,./dados/2024_1/salas_2024_1.csv,./dados/2024_1/salas_preferenciais_2024.1.xlsx,/Users/robertdrey/Documents/workspace/development/alocador_de_salas,resultados/experimentos/2024_1/hibridas_dia_turno_curso_pares/pares_dia_turno_curso_init180.sol,resultados/experimentos/2024_1/hibridas_dia_turno_curso_pares/pares_dia_turno_curso_init180.csv,resultados/experimentos/2024_1/hibridas_dia_turno_curso_pares/pares_dia_turno_curso_init180.json,par_cursos -> dia_turno_curso,alfabetica,,alfabetica,,180.0,1,180.0,600.0,1,0,TEMPO_TOTAL,2,5,N,LET
1,2,96,dia_turno_curso,5_N_MAT,58,12328,82662,OPTIMAL,185382.0,185382.0,False,185382.0,1.55,1.24,600.0,,,alfabetica,,,2,True,True,TEMPO_TOTAL,iteracao,hibrida_pares_dia_turno_curso,180.0,180.0,600.0,14400.0,False,False,alfabetica,,alfabetica,,./dados/2024_1/horarios_2024_1.xlsx,./dados/2024_1/salas_2024_1.csv,./dados/2024_1/salas_preferenciais_2024.1.xlsx,/Users/robertdrey/Documents/workspace/development/alocador_de_salas,resultados/experimentos/2024_1/hibridas_dia_turno_curso_pares/pares_dia_turno_curso_init180.sol,resultados/experimentos/2024_1/hibridas_dia_turno_curso_pares/pares_dia_turno_curso_init180.csv,resultados/experimentos/2024_1/hibridas_dia_turno_curso_pares/pares_dia_turno_curso_init180.json,par_cursos -> dia_turno_curso,alfabetica,,alfabetica,,180.0,1,180.0,600.0,1,0,TEMPO_TOTAL,2,5,N,MAT
1,2,97,dia_turno_curso,5_N_MED,78,16928,78062,OPTIMAL,185382.0,185382.0,False,185382.0,2.54,2.24,600.0,,,alfabetica,,,2,True,True,TEMPO_TOTAL,iteracao,hibrida_pares_dia_turno_curso,180.0,180.0,600.0,14400.0,False,False,alfabetica,,alfabetica,,./dados/2024_1/horarios_2024_1.xlsx,./dados/2024_1/salas_2024_1.csv,./dados/2024_1/salas_preferenciais_2024.1.xlsx,/Users/robertdrey/Documents/workspace/development/alocador_de_salas,resultados/experimentos/2024_1/hibridas_dia_turno_curso_pares/pares_dia_turno_curso_init180.sol,resultados/experimentos/2024_1/hibridas_dia_turno_curso_pares/pares_dia_turno_curso_init180.csv,resultados/experimentos/2024_1/hibridas_dia_turno_curso_pares/pares_dia_turno_curso_init180.json,par_cursos -> dia_turno_curso,alfabetica,,alfabetica,,180.0,1,180.0,600.0,1,0,TEMPO_TOTAL,2,5,N,MED
1,2,98,dia_turno_curso,5_N_PED,90,19780,75210,OPTIMAL,185382.0,185382.0,False,185382.0,32.48,32.18,600.0,,,alfabetica,,,2,True,True,TEMPO_TOTAL,iteracao,hibrida_pares_dia_turno_curso,180.0,180.0,600.0,14400.0,False,False,alfabetica,,alfabetica,,./dados/2024_1/horarios_2024_1.xlsx,./dados/2024_1/salas_2024_1.csv,./dados/2024_1/salas_preferenciais_2024.1.xlsx,/Users/robertdrey/Documents/workspace/development/alocador_de_salas,resultados/experimentos/2024_1/hibridas_dia_turno_curso_pares/pares_dia_turno_curso_init180.sol,resultados/experimentos/2024_1/hibridas_dia_turno_curso_pares/pares_dia_turno_curso_init180.csv,resultados/experimentos/2024_1/hibridas_dia_turno_curso_pares/pares_dia_turno_curso_init180.json,par_cursos -> dia_turno_curso,alfabetica,,alfabetica,,180.0,1,180.0,600.0,1,0,TEMPO_TOTAL,2,5,N,PED
1,2,99,dia_turno_curso,6_M_ADM,74,15226,79764,OPTIMAL,185382.0,185382.0,False,185382.0,1.88,1.58,600.0,,,alfabetica,,,2,True,True,TEMPO_TOTAL,iteracao,hibrida_pares_dia_turno_curso,180.0,180.0,600.0,14400.0,False,False,alfabetica,,alfabetica,,./dados/2024_1/horarios_2024_1.xlsx,./dados/2024_1/salas_2024_1.csv,./dados/2024_1/salas_preferenciais_2024.1.xlsx,/Users/robertdrey/Documents/workspace/development/alocador_de_salas,resultados/experimentos/2024_1/hibridas_dia_turno_curso_pares/pares_dia_turno_curso_init180.sol,resultados/experimentos/2024_1/hibridas_dia_turno_curso_pares/pares_dia_turno_curso_init180.csv,resultados/experimentos/2024_1/hibridas_dia_turno_curso_pares/pares_dia_turno_curso_init180.json,par_cursos -> dia_turno_curso,alfabetica,,alfabetica,,180.0,1,180.0,600.0,1,0,TEMPO_TOTAL,2,6,M,ADM
1,2,100,dia_turno_curso,6_M_AGRO,76,14168,80822,OPTIMAL,185382.0,185382.0,False,185382.0,5.14,4.82,600.0,,,alfabetica,,,2,True,True,TEMPO_TOTAL,iteracao,hibrida_pares_dia_turno_curso,180.0,180.0,600.0,14400.0,False,False,alfabetica,,alfabetica,,./dados/2024_1/horarios_2024_1.xlsx,./dados/2024_1/salas_2024_1.csv,./dados/2024_1/salas_preferenciais_2024.1.xlsx,/Users/robertdrey/Documents/workspace/development/alocador_de_salas,resultados/experimentos/2024_1/hibridas_dia_turno_curso_pares/pares_dia_turno_curso_init180.sol,resultados/experimentos/2024_1/hibridas_dia_turno_curso_pares/pares_dia_turno_curso_init180.csv,resultados/experimentos/2024_1/hibridas_dia_turno_curso_pares/pares_dia_turno_curso_init180.json,par_cursos -> dia_turno_curso,alfabetica,,alfabetica,,180.0,1,180.0,600.0,1,0,TEMPO_TOTAL,2,6,M,AGRO
1,2,101,dia_turno_curso,6_M_EAS,69,13294,81696,OPTIMAL,185382.0,185382.0,False,185382.0,2.02,1.7,600.0,,,alfabetica,,,2,True,True,TEMPO_TOTAL,iteracao,hibrida_pares_dia_turno_curso,180.0,180.0,600.0,14400.0,False,False,alfabetica,,alfabetica,,./dados/2024_1/horarios_2024_1.xlsx,./dados/2024_1/salas_2024_1.csv,./dados/2024_1/salas_preferenciais_2024.1.xlsx,/Users/robertdrey/Documents/workspace/development/alocador_de_salas,resultados/experimentos/2024_1/hibridas_dia_turno_curso_pares/pares_dia_turno_curso_init180.sol,resultados/experimentos/2024_1/hibridas_dia_turno_curso_pares/pares_dia_turno_curso_init180.csv,resultados/experimentos/2024_1/hibridas_dia_turno_curso_pares/pares_dia_turno_curso_init180.json,par_cursos -> dia_turno_curso,alfabetica,,alfabetica,,180.0,1,180.0,600.0,1,0,TEMPO_TOTAL,2,6,M,EAS
1,2,102,dia_turno_curso,6_M_MED,69,15778,79212,OPTIMAL,185382.0,185382.0,False,185382.0,2.32,2.0,600.0,,,alfabetica,,,2,True,True,TEMPO_TOTAL,iteracao,hibrida_pares_dia_turno_curso,180.0,180.0,600.0,14400.0,False,False,alfabetica,,alfabetica,,./dados/2024_1/horarios_2024_1.xlsx,./dados/2024_1/salas_2024_1.csv,./dados/2024_1/salas_preferenciais_2024.1.xlsx,/Users/robertdrey/Documents/workspace/development/alocador_de_salas,resultados/experimentos/2024_1/hibridas_dia_turno_curso_pares/pares_dia_turno_curso_init180.sol,resultados/experimentos/2024_1/hibridas_dia_turno_curso_pares/pares_dia_turno_curso_init180.csv,resultados/experimentos/2024_1/hibridas_dia_turno_curso_pares/pares_dia_turno_curso_init180.json,par_cursos -> dia_turno_curso,alfabetica,,alfabetica,,180.0,1,180.0,600.0,1,0,TEMPO_TOTAL,2,6,M,MED
1,2,103,dia_turno_curso,6_M_PED,81,18078,76912,OPTIMAL,185382.0,185382.0,False,185382.0,25.65,25.32,600.0,,,alfabetica,,,2,True,True,TEMPO_TOTAL,iteracao,hibrida_pares_dia_turno_curso,180.0,180.0,600.0,14400.0,False,False,alfabetica,,alfabetica,,./dados/2024_1/horarios_2024_1.xlsx,./dados/2024_1/salas_2024_1.csv,./dados/2024_1/salas_preferenciais_2024.1.xlsx,/Users/robertdrey/Documents/workspace/development/alocador_de_salas,resultados/experimentos/2024_1/hibridas_dia_turno_curso_pares/pares_dia_turno_curso_init180.sol,resultados/experimentos/2024_1/hibridas_dia_turno_curso_pares/pares_dia_turno_curso_init180.csv,resultados/experimentos/2024_1/hibridas_dia_turno_curso_pares/pares_dia_turno_curso_init180.json,par_cursos -> dia_turno_curso,alfabetica,,alfabetica,,180.0,1,180.0,600.0,1,0,TEMPO_TOTAL,2,6,M,PED
1,2,104,dia_turno_curso,6_T_AGRO,79,20102,74888,OPTIMAL,185382.0,185382.0,False,185382.0,6.81,6.49,600.0,,,alfabetica,,,2,True,True,TEMPO_TOTAL,iteracao,hibrida_pares_dia_turno_curso,180.0,180.0,600.0,14400.0,False,False,alfabetica,,alfabetica,,./dados/2024_1/horarios_2024_1.xlsx,./dados/2024_1/salas_2024_1.csv,./dados/2024_1/salas_preferenciais_2024.1.xlsx,/Users/robertdrey/Documents/workspace/development/alocador_de_salas,resultados/experimentos/2024_1/hibridas_dia_turno_curso_pares/pares_dia_turno_curso_init180.sol,resultados/experimentos/2024_1/hibridas_dia_turno_curso_pares/pares_dia_turno_curso_init180.csv,resultados/experimentos/2024_1/hibridas_dia_turno_curso_pares/pares_dia_turno_curso_init180.json,par_cursos -> dia_turno_curso,alfabetica,,alfabetica,,180.0,1,180.0,600.0,1,0,TEMPO_TOTAL,2,6,T,AGRO
1,2,105,dia_turno_curso,6_T_CC,68,20102,74888,OPTIMAL,185382.0,185382.0,False,185382.0,1.79,1.49,600.0,,,alfabetica,,,2,True,True,TEMPO_TOTAL,iteracao,hibrida_pares_dia_turno_curso,180.0,180.0,600.0,14400.0,False,False,alfabetica,,alfabetica,,./dados/2024_1/horarios_2024_1.xlsx,./dados/2024_1/salas_2024_1.csv,./dados/2024_1/salas_preferenciais_2024.1.xlsx,/Users/robertdrey/Documents/workspace/development/alocador_de_salas,resultados/experimentos/2024_1/hibridas_dia_turno_curso_pares/pares_dia_turno_curso_init180.sol,resultados/experimentos/2024_1/hibridas_dia_turno_curso_pares/pares_dia_turno_curso_init180.csv,resultados/experimentos/2024_1/hibridas_dia_turno_curso_pares/pares_dia_turno_curso_init180.json,par_cursos -> dia_turno_curso,alfabetica,,alfabetica,,180.0,1,180.0,600.0,1,0,TEMPO_TOTAL,2,6,T,CC
1,2,106,dia_turno_curso,6_T_EAS,71,18124,76866,OPTIMAL,185382.0,185382.0,False,185382.0,1.52,1.22,600.0,,,alfabetica,,,2,True,True,TEMPO_TOTAL,iteracao,hibrida_pares_dia_turno_curso,180.0,180.0,600.0,14400.0,False,False,alfabetica,,alfabetica,,./dados/2024_1/horarios_2024_1.xlsx,./dados/2024_1/salas_2024_1.csv,./dados/2024_1/salas_preferenciais_2024.1.xlsx,/Users/robertdrey/Documents/workspace/development/alocador_de_salas,resultados/experimentos/2024_1/hibridas_dia_turno_curso_pares/pares_dia_turno_curso_init180.sol,resultados/experimentos/2024_1/hibridas_dia_turno_curso_pares/pares_dia_turno_curso_init180.csv,resultados/experimentos/2024_1/hibridas_dia_turno_curso_pares/pares_dia_turno_curso_init180.json,par_cursos -> dia_turno_curso,alfabetica,,alfabetica,,180.0,1,180.0,600.0,1,0,TEMPO_TOTAL,2,6,T,EAS
1,2,107,dia_turno_curso,6_T_ENF,43,15364,79626,OPTIMAL,185382.0,185382.0,False,185382.0,9.46,9.15,600.0,,,alfabetica,,,2,True,True,TEMPO_TOTAL,iteracao,hibrida_pares_dia_turno_curso,180.0,180.0,600.0,14400.0,False,False,alfabetica,,alfabetica,,./dados/2024_1/horarios_2024_1.xlsx,./dados/2024_1/salas_2024_1.csv,./dados/2024_1/salas_preferenciais_2024.1.xlsx,/Users/robertdrey/Documents/workspace/development/alocador_de_salas,resultados/experimentos/2024_1/hibridas_dia_turno_curso_pares/pares_dia_turno_curso_init180.sol,resultados/experimentos/2024_1/hibridas_dia_turno_curso_pares/pares_dia_turno_curso_init180.csv,resultados/experimentos/2024_1/hibridas_dia_turno_curso_pares/pares_dia_turno_curso_init180.json,par_cursos -> dia_turno_curso,alfabetica,,alfabetica,,180.0,1,180.0,600.0,1,0,TEMPO_TOTAL,2,6,T,ENF
1,2,108,dia_turno_curso,6_T_LET,63,18998,75992,OPTIMAL,185382.0,185382.0,False,185382.0,2.2,1.89,600.0,,,alfabetica,,,2,True,True,TEMPO_TOTAL,iteracao,hibrida_pares_dia_turno_curso,180.0,180.0,600.0,14400.0,False,False,alfabetica,,alfabetica,,./dados/2024_1/horarios_2024_1.xlsx,./dados/2024_1/salas_2024_1.csv,./dados/2024_1/salas_preferenciais_2024.1.xlsx,/Users/robertdrey/Documents/workspace/development/alocador_de_salas,resultados/experimentos/2024_1/hibridas_dia_turno_curso_pares/pares_dia_turno_curso_init180.sol,resultados/experimentos/2024_1/hibridas_dia_turno_curso_pares/pares_dia_turno_curso_init180.csv,resultados/experimentos/2024_1/hibridas_dia_turno_curso_pares/pares_dia_turno_curso_init180.json,par_cursos -> dia_turno_curso,alfabetica,,alfabetica,,180.0,1,180.0,600.0,1,0,TEMPO_TOTAL,2,6,T,LET
1,2,109,dia_turno_curso,6_T_MED,64,19274,75716,OPTIMAL,185382.0,185382.0,False,185382.0,2.23,1.92,600.0,,,alfabetica,,,2,True,True,TEMPO_TOTAL,iteracao,hibrida_pares_dia_turno_curso,180.0,180.0,600.0,14400.0,False,False,alfabetica,,alfabetica,,./dados/2024_1/horarios_2024_1.xlsx,./dados/2024_1/salas_2024_1.csv,./dados/2024_1/salas_preferenciais_2024.1.xlsx,/Users/robertdrey/Documents/workspace/development/alocador_de_salas,resultados/experimentos/2024_1/hibridas_dia_turno_curso_pares/pares_dia_turno_curso_init180.sol,resultados/experimentos/2024_1/hibridas_dia_turno_curso_pares/pares_dia_turno_curso_init180.csv,resultados/experimentos/2024_1/hibridas_dia_turno_curso_pares/pares_dia_turno_curso_init180.json,par_cursos -> dia_turno_curso,alfabetica,,alfabetica,,180.0,1,180.0,600.0,1,0,TEMPO_TOTAL,2,6,T,MED
1,2,110,dia_turno_curso,6_N_ADM,83,17158,77832,OPTIMAL,185382.0,185382.0,False,185382.0,2.39,2.07,600.0,,,alfabetica,,,2,True,True,TEMPO_TOTAL,iteracao,hibrida_pares_dia_turno_curso,180.0,180.0,600.0,14400.0,False,False,alfabetica,,alfabetica,,./dados/2024_1/horarios_2024_1.xlsx,./dados/2024_1/salas_2024_1.csv,./dados/2024_1/salas_preferenciais_2024.1.xlsx,/Users/robertdrey/Documents/workspace/development/alocador_de_salas,resultados/experimentos/2024_1/hibridas_dia_turno_curso_pares/pares_dia_turno_curso_init180.sol,resultados/experimentos/2024_1/hibridas_dia_turno_curso_pares/pares_dia_turno_curso_init180.csv,resultados/experimentos/2024_1/hibridas_dia_turno_curso_pares/pares_dia_turno_curso_init180.json,par_cursos -> dia_turno_curso,alfabetica,,alfabetica,,180.0,1,180.0,600.0,1,0,TEMPO_TOTAL,2,6,N,ADM
1,2,111,dia_turno_curso,6_N_AGRO,89,16422,78568,OPTIMAL,185382.0,185382.0,False,185382.0,5.13,4.82,600.0,,,alfabetica,,,2,True,True,TEMPO_TOTAL,iteracao,hibrida_pares_dia_turno_curso,180.0,180.0,600.0,14400.0,False,False,alfabetica,,alfabetica,,./dados/2024_1/horarios_2024_1.xlsx,./dados/2024_1/salas_2024_1.csv,./dados/2024_1/salas_preferenciais_2024.1.xlsx,/Users/robertdrey/Documents/workspace/development/alocador_de_salas,resultados/experimentos/2024_1/hibridas_dia_turno_curso_pares/pares_dia_turno_curso_init180.sol,resultados/experimentos/2024_1/hibridas_dia_turno_curso_pares/pares_dia_turno_curso_init180.csv,resultados/experimentos/2024_1/hibridas_dia_turno_curso_pares/pares_dia_turno_curso_init180.json,par_cursos -> dia_turno_curso,alfabetica,,alfabetica,,180.0,1,180.0,600.0,1,0,TEMPO_TOTAL,2,6,N,AGRO
1,2,112,dia_turno_curso,6_N_CC,82,18400,76590,OPTIMAL,185382.0,185382.0,False,185382.0,2.56,2.25,600.0,,,alfabetica,,,2,True,True,TEMPO_TOTAL,iteracao,hibrida_pares_dia_turno_curso,180.0,180.0,600.0,14400.0,False,False,alfabetica,,alfabetica,,./dados/2024_1/horarios_2024_1.xlsx,./dados/2024_1/salas_2024_1.csv,./dados/2024_1/salas_preferenciais_2024.1.xlsx,/Users/robertdrey/Documents/workspace/development/alocador_de_salas,resultados/experimentos/2024_1/hibridas_dia_turno_curso_pares/pares_dia_turno_curso_init180.sol,resultados/experimentos/2024_1/hibridas_dia_turno_curso_pares/pares_dia_turno_curso_init180.csv,resultados/experimentos/2024_1/hibridas_dia_turno_curso_pares/pares_dia_turno_curso_init180.json,par_cursos -> dia_turno_curso,alfabetica,,alfabetica,,180.0,1,180.0,600.0,1,0,TEMPO_TOTAL,2,6,N,CC
1,2,113,dia_turno_curso,6_N_CS,57,12420,82570,OPTIMAL,185382.0,185382.0,False,185382.0,2.03,1.74,600.0,,,alfabetica,,,2,True,True,TEMPO_TOTAL,iteracao,hibrida_pares_dia_turno_curso,180.0,180.0,600.0,14400.0,False,False,alfabetica,,alfabetica,,./dados/2024_1/horarios_2024_1.xlsx,./dados/2024_1/salas_2024_1.csv,./dados/2024_1/salas_preferenciais_2024.1.xlsx,/Users/robertdrey/Documents/workspace/development/alocador_de_salas,resultados/experimentos/2024_1/hibridas_dia_turno_curso_pares/pares_dia_turno_curso_init180.sol,resultados/experimentos/2024_1/hibridas_dia_turno_curso_pares/pares_dia_turno_curso_init180.csv,resultados/experimentos/2024_1/hibridas_dia_turno_curso_pares/pares_dia_turno_curso_init180.json,par_cursos -> dia_turno_curso,alfabetica,,alfabetica,,180.0,1,180.0,600.0,1,0,TEMPO_TOTAL,2,6,N,CS
1,2,114,dia_turno_curso,6_N_EAS,83,15456,79534,OPTIMAL,185382.0,185382.0,False,185382.0,1.94,1.64,600.0,,,alfabetica,,,2,True,True,TEMPO_TOTAL,iteracao,hibrida_pares_dia_turno_curso,180.0,180.0,600.0,14400.0,False,False,alfabetica,,alfabetica,,./dados/2024_1/horarios_2024_1.xlsx,./dados/2024_1/salas_2024_1.csv,./dados/2024_1/salas_preferenciais_2024.1.xlsx,/Users/robertdrey/Documents/workspace/development/alocador_de_salas,resultados/experimentos/2024_1/hibridas_dia_turno_curso_pares/pares_dia_turno_curso_init180.sol,resultados/experimentos/2024_1/hibridas_dia_turno_curso_pares/pares_dia_turno_curso_init180.csv,resultados/experimentos/2024_1/hibridas_dia_turno_curso_pares/pares_dia_turno_curso_init180.json,par_cursos -> dia_turno_curso,alfabetica,,alfabetica,,180.0,1,180.0,600.0,1,0,TEMPO_TOTAL,2,6,N,EAS
1,2,115,dia_turno_curso,6_N_FIL,51,10810,84180,OPTIMAL,185382.0,185382.0,False,185382.0,1.6,1.28,600.0,,,alfabetica,,,2,True,True,TEMPO_TOTAL,iteracao,hibrida_pares_dia_turno_curso,180.0,180.0,600.0,14400.0,False,False,alfabetica,,alfabetica,,./dados/2024_1/horarios_2024_1.xlsx,./dados/2024_1/salas_2024_1.csv,./dados/2024_1/salas_preferenciais_2024.1.xlsx,/Users/robertdrey/Documents/workspace/development/alocador_de_salas,resultados/experimentos/2024_1/hibridas_dia_turno_curso_pares/pares_dia_turno_curso_init180.sol,resultados/experimentos/2024_1/hibridas_dia_turno_curso_pares/pares_dia_turno_curso_init180.csv,resultados/experimentos/2024_1/hibridas_dia_turno_curso_pares/pares_dia_turno_curso_init180.json,par_cursos -> dia_turno_curso,alfabetica,,alfabetica,,180.0,1,180.0,600.0,1,0,TEMPO_TOTAL,2,6,N,FIL
1,2,116,dia_turno_curso,6_N_GEO,47,10304,84686,OPTIMAL,185382.0,185382.0,False,185382.0,1.74,1.42,600.0,,,alfabetica,,,2,True,True,TEMPO_TOTAL,iteracao,hibrida_pares_dia_turno_curso,180.0,180.0,600.0,14400.0,False,False,alfabetica,,alfabetica,,./dados/2024_1/horarios_2024_1.xlsx,./dados/2024_1/salas_2024_1.csv,./dados/2024_1/salas_preferenciais_2024.1.xlsx,/Users/robertdrey/Documents/workspace/development/alocador_de_salas,resultados/experimentos/2024_1/hibridas_dia_turno_curso_pares/pares_dia_turno_curso_init180.sol,resultados/experimentos/2024_1/hibridas_dia_turno_curso_pares/pares_dia_turno_curso_init180.csv,resultados/experimentos/2024_1/hibridas_dia_turno_curso_pares/pares_dia_turno_curso_init180.json,par_cursos -> dia_turno_curso,alfabetica,,alfabetica,,180.0,1,180.0,600.0,1,0,TEMPO_TOTAL,2,6,N,GEO
1,2,117,dia_turno_curso,6_N_HIS,59,12650,82340,OPTIMAL,185382.0,185382.0,False,185382.0,1.67,1.36,600.0,,,alfabetica,,,2,True,True,TEMPO_TOTAL,iteracao,hibrida_pares_dia_turno_curso,180.0,180.0,600.0,14400.0,False,False,alfabetica,,alfabetica,,./dados/2024_1/horarios_2024_1.xlsx,./dados/2024_1/salas_2024_1.csv,./dados/2024_1/salas_preferenciais_2024.1.xlsx,/Users/robertdrey/Documents/workspace/development/alocador_de_salas,resultados/experimentos/2024_1/hibridas_dia_turno_curso_pares/pares_dia_turno_curso_init180.sol,resultados/experimentos/2024_1/hibridas_dia_turno_curso_pares/pares_dia_turno_curso_init180.csv,resultados/experimentos/2024_1/hibridas_dia_turno_curso_pares/pares_dia_turno_curso_init180.json,par_cursos -> dia_turno_curso,alfabetica,,alfabetica,,180.0,1,180.0,600.0,1,0,TEMPO_TOTAL,2,6,N,HIS
1,2,118,dia_turno_curso,6_N_LET,69,16376,78614,OPTIMAL,185382.0,185381.0,True,185381.0,3.13,2.82,600.0,,,alfabetica,,,2,True,True,TEMPO_TOTAL,iteracao,hibrida_pares_dia_turno_curso,180.0,180.0,600.0,14400.0,False,False,alfabetica,,alfabetica,,./dados/2024_1/horarios_2024_1.xlsx,./dados/2024_1/salas_2024_1.csv,./dados/2024_1/salas_preferenciais_2024.1.xlsx,/Users/robertdrey/Documents/workspace/development/alocador_de_salas,resultados/experimentos/2024_1/hibridas_dia_turno_curso_pares/pares_dia_turno_curso_init180.sol,resultados/experimentos/2024_1/hibridas_dia_turno_curso_pares/pares_dia_turno_curso_init180.csv,resultados/experimentos/2024_1/hibridas_dia_turno_curso_pares/pares_dia_turno_curso_init180.json,par_cursos -> dia_turno_curso,alfabetica,,alfabetica,,180.0,1,180.0,600.0,1,0,TEMPO_TOTAL,2,6,N,LET
1,2,119,dia_turno_curso,6_N_MAT,58,12834,82156,OPTIMAL,185381.0,185381.0,False,185381.0,2.2,1.89,600.0,,,alfabetica,,,2,True,True,TEMPO_TOTAL,iteracao,hibrida_pares_dia_turno_curso,180.0,180.0,600.0,14400.0,False,False,alfabetica,,alfabetica,,./dados/2024_1/horarios_2024_1.xlsx,./dados/2024_1/salas_2024_1.csv,./dados/2024_1/salas_preferenciais_2024.1.xlsx,/Users/robertdrey/Documents/workspace/development/alocador_de_salas,resultados/experimentos/2024_1/hibridas_dia_turno_curso_pares/pares_dia_turno_curso_init180.sol,resultados/experimentos/2024_1/hibridas_dia_turno_curso_pares/pares_dia_turno_curso_init180.csv,resultados/experimentos/2024_1/hibridas_dia_turno_curso_pares/pares_dia_turno_curso_init180.json,par_cursos -> dia_turno_curso,alfabetica,,alfabetica,,180.0,1,180.0,600.0,1,0,TEMPO_TOTAL,2,6,N,MAT
1,2,120,dia_turno_curso,6_N_PED,89,20286,74704,OPTIMAL,185381.0,185381.0,False,185381.0,16.43,16.12,600.0,,,alfabetica,,,2,True,True,TEMPO_TOTAL,iteracao,hibrida_pares_dia_turno_curso,180.0,180.0,600.0,14400.0,False,False,alfabetica,,alfabetica,,./dados/2024_1/horarios_2024_1.xlsx,./dados/2024_1/salas_2024_1.csv,./dados/2024_1/salas_preferenciais_2024.1.xlsx,/Users/robertdrey/Documents/workspace/development/alocador_de_salas,resultados/experimentos/2024_1/hibridas_dia_turno_curso_pares/pares_dia_turno_curso_init180.sol,resultados/experimentos/2024_1/hibridas_dia_turno_curso_pares/pares_dia_turno_curso_init180.csv,resultados/experimentos/2024_1/hibridas_dia_turno_curso_pares/pares_dia_turno_curso_init180.json,par_cursos -> dia_turno_curso,alfabetica,,alfabetica,,180.0,1,180.0,600.0,1,0,TEMPO_TOTAL,2,6,N,PED
1,2,121,dia_turno_curso,7_M_AGRO,68,15870,79120,OPTIMAL,185381.0,185381.0,False,185381.0,6.08,5.76,600.0,,,alfabetica,,,2,True,True,TEMPO_TOTAL,iteracao,hibrida_pares_dia_turno_curso,180.0,180.0,600.0,14400.0,False,False,alfabetica,,alfabetica,,./dados/2024_1/horarios_2024_1.xlsx,./dados/2024_1/salas_2024_1.csv,./dados/2024_1/salas_preferenciais_2024.1.xlsx,/Users/robertdrey/Documents/workspace/development/alocador_de_salas,resultados/experimentos/2024_1/hibridas_dia_turno_curso_pares/pares_dia_turno_curso_init180.sol,resultados/experimentos/2024_1/hibridas_dia_turno_curso_pares/pares_dia_turno_curso_init180.csv,resultados/experimentos/2024_1/hibridas_dia_turno_curso_pares/pares_dia_turno_curso_init180.json,par_cursos -> dia_turno_curso,alfabetica,,alfabetica,,180.0,1,180.0,600.0,1,0,TEMPO_TOTAL,2,7,M,AGRO
1,2,122,dia_turno_curso,7_M_CC,63,17480,77510,OPTIMAL,185381.0,185381.0,False,185381.0,2.68,2.37,600.0,,,alfabetica,,,2,True,True,TEMPO_TOTAL,iteracao,hibrida_pares_dia_turno_curso,180.0,180.0,600.0,14400.0,False,False,alfabetica,,alfabetica,,./dados/2024_1/horarios_2024_1.xlsx,./dados/2024_1/salas_2024_1.csv,./dados/2024_1/salas_preferenciais_2024.1.xlsx,/Users/robertdrey/Documents/workspace/development/alocador_de_salas,resultados/experimentos/2024_1/hibridas_dia_turno_curso_pares/pares_dia_turno_curso_init180.sol,resultados/experimentos/2024_1/hibridas_dia_turno_curso_pares/pares_dia_turno_curso_init180.csv,resultados/experimentos/2024_1/hibridas_dia_turno_curso_pares/pares_dia_turno_curso_init180.json,par_cursos -> dia_turno_curso,alfabetica,,alfabetica,,180.0,1,180.0,600.0,1,0,TEMPO_TOTAL,2,7,M,CC
1,2,123,dia_turno_curso,7_M_CS,40,12742,82248,OPTIMAL,185381.0,185381.0,False,185381.0,1.01,0.7,600.0,,,alfabetica,,,2,True,True,TEMPO_TOTAL,iteracao,hibrida_pares_dia_turno_curso,180.0,180.0,600.0,14400.0,False,False,alfabetica,,alfabetica,,./dados/2024_1/horarios_2024_1.xlsx,./dados/2024_1/salas_2024_1.csv,./dados/2024_1/salas_preferenciais_2024.1.xlsx,/Users/robertdrey/Documents/workspace/development/alocador_de_salas,resultados/experimentos/2024_1/hibridas_dia_turno_curso_pares/pares_dia_turno_curso_init180.sol,resultados/experimentos/2024_1/hibridas_dia_turno_curso_pares/pares_dia_turno_curso_init180.csv,resultados/experimentos/2024_1/hibridas_dia_turno_curso_pares/pares_dia_turno_curso_init180.json,par_cursos -> dia_turno_curso,alfabetica,,alfabetica,,180.0,1,180.0,600.0,1,0,TEMPO_TOTAL,2,7,M,CS
1,2,124,dia_turno_curso,7_M_GEO,28,10258,84732,OPTIMAL,185381.0,185381.0,False,185381.0,0.98,0.68,600.0,,,alfabetica,,,2,True,True,TEMPO_TOTAL,iteracao,hibrida_pares_dia_turno_curso,180.0,180.0,600.0,14400.0,False,False,alfabetica,,alfabetica,,./dados/2024_1/horarios_2024_1.xlsx,./dados/2024_1/salas_2024_1.csv,./dados/2024_1/salas_preferenciais_2024.1.xlsx,/Users/robertdrey/Documents/workspace/development/alocador_de_salas,resultados/experimentos/2024_1/hibridas_dia_turno_curso_pares/pares_dia_turno_curso_init180.sol,resultados/experimentos/2024_1/hibridas_dia_turno_curso_pares/pares_dia_turno_curso_init180.csv,resultados/experimentos/2024_1/hibridas_dia_turno_curso_pares/pares_dia_turno_curso_init180.json,par_cursos -> dia_turno_curso,alfabetica,,alfabetica,,180.0,1,180.0,600.0,1,0,TEMPO_TOTAL,2,7,M,GEO
1,2,125,dia_turno_curso,7_M_HIS,41,12420,82570,OPTIMAL,185381.0,185381.0,False,185381.0,1.03,0.72,600.0,,,alfabetica,,,2,True,True,TEMPO_TOTAL,iteracao,hibrida_pares_dia_turno_curso,180.0,180.0,600.0,14400.0,False,False,alfabetica,,alfabetica,,./dados/2024_1/horarios_2024_1.xlsx,./dados/2024_1/salas_2024_1.csv,./dados/2024_1/salas_preferenciais_2024.1.xlsx,/Users/robertdrey/Documents/workspace/development/alocador_de_salas,resultados/experimentos/2024_1/hibridas_dia_turno_curso_pares/pares_dia_turno_curso_init180.sol,resultados/experimentos/2024_1/hibridas_dia_turno_curso_pares/pares_dia_turno_curso_init180.csv,resultados/experimentos/2024_1/hibridas_dia_turno_curso_pares/pares_dia_turno_curso_init180.json,par_cursos -> dia_turno_curso,alfabetica,,alfabetica,,180.0,1,180.0,600.0,1,0,TEMPO_TOTAL,2,7,M,HIS
1,2,126,dia_turno_curso,7_M_MAT,40,12604,82386,OPTIMAL,185381.0,185381.0,False,185381.0,1.02,0.7,600.0,,,alfabetica,,,2,True,True,TEMPO_TOTAL,iteracao,hibrida_pares_dia_turno_curso,180.0,180.0,600.0,14400.0,False,False,alfabetica,,alfabetica,,./dados/2024_1/horarios_2024_1.xlsx,./dados/2024_1/salas_2024_1.csv,./dados/2024_1/salas_preferenciais_2024.1.xlsx,/Users/robertdrey/Documents/workspace/development/alocador_de_salas,resultados/experimentos/2024_1/hibridas_dia_turno_curso_pares/pares_dia_turno_curso_init180.sol,resultados/experimentos/2024_1/hibridas_dia_turno_curso_pares/pares_dia_turno_curso_init180.csv,resultados/experimentos/2024_1/hibridas_dia_turno_curso_pares/pares_dia_turno_curso_init180.json,par_cursos -> dia_turno_curso,alfabetica,,alfabetica,,180.0,1,180.0,600.0,1,0,TEMPO_TOTAL,2,7,M,MAT
1,2,127,dia_turno_curso,7_M_MED,59,17480,77510,OPTIMAL,185381.0,185381.0,False,185381.0,1.91,1.6,600.0,,,alfabetica,,,2,True,True,TEMPO_TOTAL,iteracao,hibrida_pares_dia_turno_curso,180.0,180.0,600.0,14400.0,False,False,alfabetica,,alfabetica,,./dados/2024_1/horarios_2024_1.xlsx,./dados/2024_1/salas_2024_1.csv,./dados/2024_1/salas_preferenciais_2024.1.xlsx,/Users/robertdrey/Documents/workspace/development/alocador_de_salas,resultados/experimentos/2024_1/hibridas_dia_turno_curso_pares/pares_dia_turno_curso_init180.sol,resultados/experimentos/2024_1/hibridas_dia_turno_curso_pares/pares_dia_turno_curso_init180.csv,resultados/experimentos/2024_1/hibridas_dia_turno_curso_pares/pares_dia_turno_curso_init180.json,par_cursos -> dia_turno_curso,alfabetica,,alfabetica,,180.0,1,180.0,600.0,1,0,TEMPO_TOTAL,2,7,M,MED
1,2,128,dia_turno_curso,7_M_PED,68,17572,77418,OPTIMAL,185381.0,185381.0,False,185381.0,23.99,23.69,600.0,,,alfabetica,,,2,True,True,TEMPO_TOTAL,iteracao,hibrida_pares_dia_turno_curso,180.0,180.0,600.0,14400.0,False,False,alfabetica,,alfabetica,,./dados/2024_1/horarios_2024_1.xlsx,./dados/2024_1/salas_2024_1.csv,./dados/2024_1/salas_preferenciais_2024.1.xlsx,/Users/robertdrey/Documents/workspace/development/alocador_de_salas,resultados/experimentos/2024_1/hibridas_dia_turno_curso_pares/pares_dia_turno_curso_init180.sol,resultados/experimentos/2024_1/hibridas_dia_turno_curso_pares/pares_dia_turno_curso_init180.csv,resultados/experimentos/2024_1/hibridas_dia_turno_curso_pares/pares_dia_turno_curso_init180.json,par_cursos -> dia_turno_curso,alfabetica,,alfabetica,,180.0,1,180.0,600.0,1,0,TEMPO_TOTAL,2,7,M,PED
1,2,129,dia_turno_curso,7_T_AGRO,58,12144,82846,OPTIMAL,185381.0,185381.0,False,185381.0,4.71,4.39,600.0,,,alfabetica,,,2,True,True,TEMPO_TOTAL,iteracao,hibrida_pares_dia_turno_curso,180.0,180.0,600.0,14400.0,False,False,alfabetica,,alfabetica,,./dados/2024_1/horarios_2024_1.xlsx,./dados/2024_1/salas_2024_1.csv,./dados/2024_1/salas_preferenciais_2024.1.xlsx,/Users/robertdrey/Documents/workspace/development/alocador_de_salas,resultados/experimentos/2024_1/hibridas_dia_turno_curso_pares/pares_dia_turno_curso_init180.sol,resultados/experimentos/2024_1/hibridas_dia_turno_curso_pares/pares_dia_turno_curso_init180.csv,resultados/experimentos/2024_1/hibridas_dia_turno_curso_pares/pares_dia_turno_curso_init180.json,par_cursos -> dia_turno_curso,alfabetica,,alfabetica,,180.0,1,180.0,600.0,1,0,TEMPO_TOTAL,2,7,T,AGRO
1,2,130,dia_turno_curso,7_T_CC,53,13754,81236,OPTIMAL,185381.0,185381.0,False,185381.0,4.51,4.19,600.0,,,alfabetica,,,2,True,True,TEMPO_TOTAL,iteracao,hibrida_pares_dia_turno_curso,180.0,180.0,600.0,14400.0,False,False,alfabetica,,alfabetica,,./dados/2024_1/horarios_2024_1.xlsx,./dados/2024_1/salas_2024_1.csv,./dados/2024_1/salas_preferenciais_2024.1.xlsx,/Users/robertdrey/Documents/workspace/development/alocador_de_salas,resultados/experimentos/2024_1/hibridas_dia_turno_curso_pares/pares_dia_turno_curso_init180.sol,resultados/experimentos/2024_1/hibridas_dia_turno_curso_pares/pares_dia_turno_curso_init180.csv,resultados/experimentos/2024_1/hibridas_dia_turno_curso_pares/pares_dia_turno_curso_init180.json,par_cursos -> dia_turno_curso,alfabetica,,alfabetica,,180.0,1,180.0,600.0,1,0,TEMPO_TOTAL,2,7,T,CC
1,2,131,dia_turno_curso,7_T_HIS,32,9246,85744,OPTIMAL,185381.0,185381.0,False,185381.0,0.78,0.47,600.0,,,alfabetica,,,2,True,True,TEMPO_TOTAL,iteracao,hibrida_pares_dia_turno_curso,180.0,180.0,600.0,14400.0,False,False,alfabetica,,alfabetica,,./dados/2024_1/horarios_2024_1.xlsx,./dados/2024_1/salas_2024_1.csv,./dados/2024_1/salas_preferenciais_2024.1.xlsx,/Users/robertdrey/Documents/workspace/development/alocador_de_salas,resultados/experimentos/2024_1/hibridas_dia_turno_curso_pares/pares_dia_turno_curso_init180.sol,resultados/experimentos/2024_1/hibridas_dia_turno_curso_pares/pares_dia_turno_curso_init180.csv,resultados/experimentos/2024_1/hibridas_dia_turno_curso_pares/pares_dia_turno_curso_init180.json,par_cursos -> dia_turno_curso,alfabetica,,alfabetica,,180.0,1,180.0,600.0,1,0,TEMPO_TOTAL,2,7,T,HIS
1,2,132,dia_turno_curso,7_T_PED,62,15640,79350,OPTIMAL,185381.0,185381.0,False,185381.0,27.5,27.19,600.0,,,alfabetica,,,2,True,True,TEMPO_TOTAL,iteracao,hibrida_pares_dia_turno_curso,180.0,180.0,600.0,14400.0,False,False,alfabetica,,alfabetica,,./dados/2024_1/horarios_2024_1.xlsx,./dados/2024_1/salas_2024_1.csv,./dados/2024_1/salas_preferenciais_2024.1.xlsx,/Users/robertdrey/Documents/workspace/development/alocador_de_salas,resultados/experimentos/2024_1/hibridas_dia_turno_curso_pares/pares_dia_turno_curso_init180.sol,resultados/experimentos/2024_1/hibridas_dia_turno_curso_pares/pares_dia_turno_curso_init180.csv,resultados/experimentos/2024_1/hibridas_dia_turno_curso_pares/pares_dia_turno_curso_init180.json,par_cursos -> dia_turno_curso,alfabetica,,alfabetica,,180.0,1,180.0,600.0,1,0,TEMPO_TOTAL,2,7,T,PED
1,2,133,dia_turno_curso,7_N_AGRO,53,10028,84962,OPTIMAL,185381.0,185381.0,False,185381.0,4.84,4.52,600.0,,,alfabetica,,,2,True,True,TEMPO_TOTAL,iteracao,hibrida_pares_dia_turno_curso,180.0,180.0,600.0,14400.0,False,False,alfabetica,,alfabetica,,./dados/2024_1/horarios_2024_1.xlsx,./dados/2024_1/salas_2024_1.csv,./dados/2024_1/salas_preferenciais_2024.1.xlsx,/Users/robertdrey/Documents/workspace/development/alocador_de_salas,resultados/experimentos/2024_1/hibridas_dia_turno_curso_pares/pares_dia_turno_curso_init180.sol,resultados/experimentos/2024_1/hibridas_dia_turno_curso_pares/pares_dia_turno_curso_init180.csv,resultados/experimentos/2024_1/hibridas_dia_turno_curso_pares/pares_dia_turno_curso_init180.json,par_cursos -> dia_turno_curso,alfabetica,,alfabetica,,180.0,1,180.0,600.0,1,0,TEMPO_TOTAL,2,7,N,AGRO
1,2,134,dia_turno_curso,7_N_HIS,26,6532,88458,OPTIMAL,185381.0,185381.0,False,185381.0,0.7,0.38,600.0,,,alfabetica,,,2,True,True,TEMPO_TOTAL,iteracao,hibrida_pares_dia_turno_curso,180.0,180.0,600.0,14400.0,False,False,alfabetica,,alfabetica,,./dados/2024_1/horarios_2024_1.xlsx,./dados/2024_1/salas_2024_1.csv,./dados/2024_1/salas_preferenciais_2024.1.xlsx,/Users/robertdrey/Documents/workspace/development/alocador_de_salas,resultados/experimentos/2024_1/hibridas_dia_turno_curso_pares/pares_dia_turno_curso_init180.sol,resultados/experimentos/2024_1/hibridas_dia_turno_curso_pares/pares_dia_turno_curso_init180.csv,resultados/experimentos/2024_1/hibridas_dia_turno_curso_pares/pares_dia_turno_curso_init180.json,par_cursos -> dia_turno_curso,alfabetica,,alfabetica,,180.0,1,180.0,600.0,1,0,TEMPO_TOTAL,2,7,N,HIS
1,2,135,dia_turno_curso,7_N_PED,58,14168,80822,OPTIMAL,185381.0,185381.0,False,185381.0,27.36,27.03,600.0,,,alfabetica,,,2,True,True,TEMPO_TOTAL,iteracao,hibrida_pares_dia_turno_curso,180.0,180.0,600.0,14400.0,False,False,alfabetica,,alfabetica,,./dados/2024_1/horarios_2024_1.xlsx,./dados/2024_1/salas_2024_1.csv,./dados/2024_1/salas_preferenciais_2024.1.xlsx,/Users/robertdrey/Documents/workspace/development/alocador_de_salas,resultados/experimentos/2024_1/hibridas_dia_turno_curso_pares/pares_dia_turno_curso_init180.sol,resultados/experimentos/2024_1/hibridas_dia_turno_curso_pares/pares_dia_turno_curso_init180.csv,resultados/experimentos/2024_1/hibridas_dia_turno_curso_pares/pares_dia_turno_curso_init180.json,par_cursos -> dia_turno_curso,alfabetica,,alfabetica,,180.0,1,180.0,600.0,1,0,TEMPO_TOTAL,2,7,N,PED
2,3,1,par_cursos,ADM+AGRO,99,18032,76958,OPTIMAL,185381.0,185381.0,False,185381.0,6.46,6.04,600.0,ADM,AGRO,alfabetica,,1,1,True,True,TEMPO_TOTAL,iteracao,hibrida_pares_dia_turno_curso,180.0,180.0,600.0,14400.0,False,False,alfabetica,,alfabetica,,./dados/2024_1/horarios_2024_1.xlsx,./dados/2024_1/salas_2024_1.csv,./dados/2024_1/salas_preferenciais_2024.1.xlsx,/Users/robertdrey/Documents/workspace/development/alocador_de_salas,resultados/experimentos/2024_1/hibridas_dia_turno_curso_pares/pares_dia_turno_curso_init180.sol,resultados/experimentos/2024_1/hibridas_dia_turno_curso_pares/pares_dia_turno_curso_init180.csv,resultados/experimentos/2024_1/hibridas_dia_turno_curso_pares/pares_dia_turno_curso_init180.json,par_cursos -> dia_turno_curso,alfabetica,,alfabetica,,180.0,1,180.0,600.0,1,0,TEMPO_TOTAL,2,,,
2,3,2,par_cursos,ADM+CC,95,19826,75164,OPTIMAL,185381.0,185381.0,False,185381.0,35.26,34.92,600.0,ADM,CC,alfabetica,,2,1,True,True,TEMPO_TOTAL,iteracao,hibrida_pares_dia_turno_curso,180.0,180.0,600.0,14400.0,False,False,alfabetica,,alfabetica,,./dados/2024_1/horarios_2024_1.xlsx,./dados/2024_1/salas_2024_1.csv,./dados/2024_1/salas_preferenciais_2024.1.xlsx,/Users/robertdrey/Documents/workspace/development/alocador_de_salas,resultados/experimentos/2024_1/hibridas_dia_turno_curso_pares/pares_dia_turno_curso_init180.sol,resultados/experimentos/2024_1/hibridas_dia_turno_curso_pares/pares_dia_turno_curso_init180.csv,resultados/experimentos/2024_1/hibridas_dia_turno_curso_pares/pares_dia_turno_curso_init180.json,par_cursos -> dia_turno_curso,alfabetica,,alfabetica,,180.0,1,180.0,600.0,1,0,TEMPO_TOTAL,2,,,
2,3,3,par_cursos,ADM+CS,70,13846,81144,OPTIMAL,185381.0,185381.0,False,185381.0,1.12,0.81,600.0,ADM,CS,alfabetica,,3,1,True,True,TEMPO_TOTAL,iteracao,hibrida_pares_dia_turno_curso,180.0,180.0,600.0,14400.0,False,False,alfabetica,,alfabetica,,./dados/2024_1/horarios_2024_1.xlsx,./dados/2024_1/salas_2024_1.csv,./dados/2024_1/salas_preferenciais_2024.1.xlsx,/Users/robertdrey/Documents/workspace/development/alocador_de_salas,resultados/experimentos/2024_1/hibridas_dia_turno_curso_pares/pares_dia_turno_curso_init180.sol,resultados/experimentos/2024_1/hibridas_dia_turno_curso_pares/pares_dia_turno_curso_init180.csv,resultados/experimentos/2024_1/hibridas_dia_turno_curso_pares/pares_dia_turno_curso_init180.json,par_cursos -> dia_turno_curso,alfabetica,,alfabetica,,180.0,1,180.0,600.0,1,0,TEMPO_TOTAL,2,,,
2,3,4,par_cursos,ADM+EAS,93,16744,78246,OPTIMAL,185381.0,185381.0,False,185381.0,1.26,0.95,600.0,ADM,EAS,alfabetica,,4,1,True,True,TEMPO_TOTAL,iteracao,hibrida_pares_dia_turno_curso,180.0,180.0,600.0,14400.0,False,False,alfabetica,,alfabetica,,./dados/2024_1/horarios_2024_1.xlsx,./dados/2024_1/salas_2024_1.csv,./dados/2024_1/salas_preferenciais_2024.1.xlsx,/Users/robertdrey/Documents/workspace/development/alocador_de_salas,resultados/experimentos/2024_1/hibridas_dia_turno_curso_pares/pares_dia_turno_curso_init180.sol,resultados/experimentos/2024_1/hibridas_dia_turno_curso_pares/pares_dia_turno_curso_init180.csv,resultados/experimentos/2024_1/hibridas_dia_turno_curso_pares/pares_dia_turno_curso_init180.json,par_cursos -> dia_turno_curso,alfabetica,,alfabetica,,180.0,1,180.0,600.0,1,0,TEMPO_TOTAL,2,,,
2,3,5,par_cursos,ADM+ENF,66,17802,77188,OPTIMAL,185381.0,185381.0,False,185381.0,6.21,5.89,600.0,ADM,ENF,alfabetica,,5,1,True,True,TEMPO_TOTAL,iteracao,hibrida_pares_dia_turno_curso,180.0,180.0,600.0,14400.0,False,False,alfabetica,,alfabetica,,./dados/2024_1/horarios_2024_1.xlsx,./dados/2024_1/salas_2024_1.csv,./dados/2024_1/salas_preferenciais_2024.1.xlsx,/Users/robertdrey/Documents/workspace/development/alocador_de_salas,resultados/experimentos/2024_1/hibridas_dia_turno_curso_pares/pares_dia_turno_curso_init180.sol,resultados/experimentos/2024_1/hibridas_dia_turno_curso_pares/pares_dia_turno_curso_init180.csv,resultados/experimentos/2024_1/hibridas_dia_turno_curso_pares/pares_dia_turno_curso_init180.json,par_cursos -> dia_turno_curso,alfabetica,,alfabetica,,180.0,1,180.0,600.0,1,0,TEMPO_TOTAL,2,,,
2,3,6,par_cursos,ADM+FIL,63,12052,82938,OPTIMAL,185381.0,185381.0,False,185381.0,0.93,0.61,600.0,ADM,FIL,alfabetica,,6,1,True,True,TEMPO_TOTAL,iteracao,hibrida_pares_dia_turno_curso,180.0,180.0,600.0,14400.0,False,False,alfabetica,,alfabetica,,./dados/2024_1/horarios_2024_1.xlsx,./dados/2024_1/salas_2024_1.csv,./dados/2024_1/salas_preferenciais_2024.1.xlsx,/Users/robertdrey/Documents/workspace/development/alocador_de_salas,resultados/experimentos/2024_1/hibridas_dia_turno_curso_pares/pares_dia_turno_curso_init180.sol,resultados/experimentos/2024_1/hibridas_dia_turno_curso_pares/pares_dia_turno_curso_init180.csv,resultados/experimentos/2024_1/hibridas_dia_turno_curso_pares/pares_dia_turno_curso_init180.json,par_cursos -> dia_turno_curso,alfabetica,,alfabetica,,180.0,1,180.0,600.0,1,0,TEMPO_TOTAL,2,,,
2,3,7,par_cursos,ADM+GEO,58,11362,83628,OPTIMAL,185381.0,185379.0,True,185379.0,0.93,0.62,600.0,ADM,GEO,alfabetica,,7,1,True,True,TEMPO_TOTAL,iteracao,hibrida_pares_dia_turno_curso,180.0,180.0,600.0,14400.0,False,False,alfabetica,,alfabetica,,./dados/2024_1/horarios_2024_1.xlsx,./dados/2024_1/salas_2024_1.csv,./dados/2024_1/salas_preferenciais_2024.1.xlsx,/Users/robertdrey/Documents/workspace/development/alocador_de_salas,resultados/experimentos/2024_1/hibridas_dia_turno_curso_pares/pares_dia_turno_curso_init180.sol,resultados/experimentos/2024_1/hibridas_dia_turno_curso_pares/pares_dia_turno_curso_init180.csv,resultados/experimentos/2024_1/hibridas_dia_turno_curso_pares/pares_dia_turno_curso_init180.json,par_cursos -> dia_turno_curso,alfabetica,,alfabetica,,180.0,1,180.0,600.0,1,0,TEMPO_TOTAL,2,,,
2,3,8,par_cursos,ADM+HIS,72,14076,80914,OPTIMAL,185379.0,185379.0,False,185379.0,1.13,0.82,600.0,ADM,HIS,alfabetica,,8,1,True,True,TEMPO_TOTAL,iteracao,hibrida_pares_dia_turno_curso,180.0,180.0,600.0,14400.0,False,False,alfabetica,,alfabetica,,./dados/2024_1/horarios_2024_1.xlsx,./dados/2024_1/salas_2024_1.csv,./dados/2024_1/salas_preferenciais_2024.1.xlsx,/Users/robertdrey/Documents/workspace/development/alocador_de_salas,resultados/experimentos/2024_1/hibridas_dia_turno_curso_pares/pares_dia_turno_curso_init180.sol,resultados/experimentos/2024_1/hibridas_dia_turno_curso_pares/pares_dia_turno_curso_init180.csv,resultados/experimentos/2024_1/hibridas_dia_turno_curso_pares/pares_dia_turno_curso_init180.json,par_cursos -> dia_turno_curso,alfabetica,,alfabetica,,180.0,1,180.0,600.0,1,0,TEMPO_TOTAL,2,,,
2,3,9,par_cursos,ADM+LET,84,18446,76544,OPTIMAL,185379.0,185379.0,False,185379.0,3.12,2.81,600.0,ADM,LET,alfabetica,,9,1,True,True,TEMPO_TOTAL,iteracao,hibrida_pares_dia_turno_curso,180.0,180.0,600.0,14400.0,False,False,alfabetica,,alfabetica,,./dados/2024_1/horarios_2024_1.xlsx,./dados/2024_1/salas_2024_1.csv,./dados/2024_1/salas_preferenciais_2024.1.xlsx,/Users/robertdrey/Documents/workspace/development/alocador_de_salas,resultados/experimentos/2024_1/hibridas_dia_turno_curso_pares/pares_dia_turno_curso_init180.sol,resultados/experimentos/2024_1/hibridas_dia_turno_curso_pares/pares_dia_turno_curso_init180.csv,resultados/experimentos/2024_1/hibridas_dia_turno_curso_pares/pares_dia_turno_curso_init180.json,par_cursos -> dia_turno_curso,alfabetica,,alfabetica,,180.0,1,180.0,600.0,1,0,TEMPO_TOTAL,2,,,
2,3,10,par_cursos,ADM+MAT,71,14260,80730,OPTIMAL,185379.0,185379.0,False,185379.0,1.12,0.81,600.0,ADM,MAT,alfabetica,,10,1,True,True,TEMPO_TOTAL,iteracao,hibrida_pares_dia_turno_curso,180.0,180.0,600.0,14400.0,False,False,alfabetica,,alfabetica,,./dados/2024_1/horarios_2024_1.xlsx,./dados/2024_1/salas_2024_1.csv,./dados/2024_1/salas_preferenciais_2024.1.xlsx,/Users/robertdrey/Documents/workspace/development/alocador_de_salas,resultados/experimentos/2024_1/hibridas_dia_turno_curso_pares/pares_dia_turno_curso_init180.sol,resultados/experimentos/2024_1/hibridas_dia_turno_curso_pares/pares_dia_turno_curso_init180.csv,resultados/experimentos/2024_1/hibridas_dia_turno_curso_pares/pares_dia_turno_curso_init180.json,par_cursos -> dia_turno_curso,alfabetica,,alfabetica,,180.0,1,180.0,600.0,1,0,TEMPO_TOTAL,2,,,
2,3,11,par_cursos,ADM+MED,89,18676,76314,OPTIMAL,185379.0,185379.0,False,185379.0,1.99,1.68,600.0,ADM,MED,alfabetica,,11,1,True,True,TEMPO_TOTAL,iteracao,hibrida_pares_dia_turno_curso,180.0,180.0,600.0,14400.0,False,False,alfabetica,,alfabetica,,./dados/2024_1/horarios_2024_1.xlsx,./dados/2024_1/salas_2024_1.csv,./dados/2024_1/salas_preferenciais_2024.1.xlsx,/Users/robertdrey/Documents/workspace/development/alocador_de_salas,resultados/experimentos/2024_1/hibridas_dia_turno_curso_pares/pares_dia_turno_curso_init180.sol,resultados/experimentos/2024_1/hibridas_dia_turno_curso_pares/pares_dia_turno_curso_init180.csv,resultados/experimentos/2024_1/hibridas_dia_turno_curso_pares/pares_dia_turno_curso_init180.json,par_cursos -> dia_turno_curso,alfabetica,,alfabetica,,180.0,1,180.0,600.0,1,0,TEMPO_TOTAL,2,,,
2,3,12,par_cursos,ADM+PED,104,22080,72910,TIME_LIMIT,185379.0,185379.0,False,185379.0,600.46,600.14,600.0,ADM,PED,alfabetica,,12,1,True,True,TEMPO_TOTAL,iteracao,hibrida_pares_dia_turno_curso,180.0,180.0,600.0,14400.0,False,False,alfabetica,,alfabetica,,./dados/2024_1/horarios_2024_1.xlsx,./dados/2024_1/salas_2024_1.csv,./dados/2024_1/salas_preferenciais_2024.1.xlsx,/Users/robertdrey/Documents/workspace/development/alocador_de_salas,resultados/experimentos/2024_1/hibridas_dia_turno_curso_pares/pares_dia_turno_curso_init180.sol,resultados/experimentos/2024_1/hibridas_dia_turno_curso_pares/pares_dia_turno_curso_init180.csv,resultados/experimentos/2024_1/hibridas_dia_turno_curso_pares/pares_dia_turno_curso_init180.json,par_cursos -> dia_turno_curso,alfabetica,,alfabetica,,180.0,1,180.0,600.0,1,0,TEMPO_TOTAL,2,,,
2,3,13,par_cursos,AGRO+CC,98,19274,75716,OPTIMAL,185379.0,185379.0,False,185379.0,89.79,89.45,600.0,AGRO,CC,alfabetica,,13,1,True,True,TEMPO_TOTAL,iteracao,hibrida_pares_dia_turno_curso,180.0,180.0,600.0,14400.0,False,False,alfabetica,,alfabetica,,./dados/2024_1/horarios_2024_1.xlsx,./dados/2024_1/salas_2024_1.csv,./dados/2024_1/salas_preferenciais_2024.1.xlsx,/Users/robertdrey/Documents/workspace/development/alocador_de_salas,resultados/experimentos/2024_1/hibridas_dia_turno_curso_pares/pares_dia_turno_curso_init180.sol,resultados/experimentos/2024_1/hibridas_dia_turno_curso_pares/pares_dia_turno_curso_init180.csv,resultados/experimentos/2024_1/hibridas_dia_turno_curso_pares/pares_dia_turno_curso_init180.json,par_cursos -> dia_turno_curso,alfabetica,,alfabetica,,180.0,1,180.0,600.0,1,0,TEMPO_TOTAL,2,,,
2,3,14,par_cursos,AGRO+CS,73,13294,81696,OPTIMAL,185379.0,185379.0,False,185379.0,4.98,4.66,600.0,AGRO,CS,alfabetica,,14,1,True,True,TEMPO_TOTAL,iteracao,hibrida_pares_dia_turno_curso,180.0,180.0,600.0,14400.0,False,False,alfabetica,,alfabetica,,./dados/2024_1/horarios_2024_1.xlsx,./dados/2024_1/salas_2024_1.csv,./dados/2024_1/salas_preferenciais_2024.1.xlsx,/Users/robertdrey/Documents/workspace/development/alocador_de_salas,resultados/experimentos/2024_1/hibridas_dia_turno_curso_pares/pares_dia_turno_curso_init180.sol,resultados/experimentos/2024_1/hibridas_dia_turno_curso_pares/pares_dia_turno_curso_init180.csv,resultados/experimentos/2024_1/hibridas_dia_turno_curso_pares/pares_dia_turno_curso_init180.json,par_cursos -> dia_turno_curso,alfabetica,,alfabetica,,180.0,1,180.0,600.0,1,0,TEMPO_TOTAL,2,,,
2,3,15,par_cursos,AGRO+EAS,96,16192,78798,OPTIMAL,185379.0,185379.0,False,185379.0,7.99,7.66,600.0,AGRO,EAS,alfabetica,,15,1,True,True,TEMPO_TOTAL,iteracao,hibrida_pares_dia_turno_curso,180.0,180.0,600.0,14400.0,False,False,alfabetica,,alfabetica,,./dados/2024_1/horarios_2024_1.xlsx,./dados/2024_1/salas_2024_1.csv,./dados/2024_1/salas_preferenciais_2024.1.xlsx,/Users/robertdrey/Documents/workspace/development/alocador_de_salas,resultados/experimentos/2024_1/hibridas_dia_turno_curso_pares/pares_dia_turno_curso_init180.sol,resultados/experimentos/2024_1/hibridas_dia_turno_curso_pares/pares_dia_turno_curso_init180.csv,resultados/experimentos/2024_1/hibridas_dia_turno_curso_pares/pares_dia_turno_curso_init180.json,par_cursos -> dia_turno_curso,alfabetica,,alfabetica,,180.0,1,180.0,600.0,1,0,TEMPO_TOTAL,2,,,
2,3,16,par_cursos,AGRO+ENF,69,17250,77740,OPTIMAL,185379.0,185356.0,True,185356.0,177.28,176.95,600.0,AGRO,ENF,alfabetica,,16,1,True,True,TEMPO_TOTAL,iteracao,hibrida_pares_dia_turno_curso,180.0,180.0,600.0,14400.0,False,False,alfabetica,,alfabetica,,./dados/2024_1/horarios_2024_1.xlsx,./dados/2024_1/salas_2024_1.csv,./dados/2024_1/salas_preferenciais_2024.1.xlsx,/Users/robertdrey/Documents/workspace/development/alocador_de_salas,resultados/experimentos/2024_1/hibridas_dia_turno_curso_pares/pares_dia_turno_curso_init180.sol,resultados/experimentos/2024_1/hibridas_dia_turno_curso_pares/pares_dia_turno_curso_init180.csv,resultados/experimentos/2024_1/hibridas_dia_turno_curso_pares/pares_dia_turno_curso_init180.json,par_cursos -> dia_turno_curso,alfabetica,,alfabetica,,180.0,1,180.0,600.0,1,0,TEMPO_TOTAL,2,,,
2,3,17,par_cursos,AGRO+FIL,66,11500,83490,OPTIMAL,185356.0,185356.0,False,185356.0,3.33,2.99,600.0,AGRO,FIL,alfabetica,,17,1,True,True,TEMPO_TOTAL,iteracao,hibrida_pares_dia_turno_curso,180.0,180.0,600.0,14400.0,False,False,alfabetica,,alfabetica,,./dados/2024_1/horarios_2024_1.xlsx,./dados/2024_1/salas_2024_1.csv,./dados/2024_1/salas_preferenciais_2024.1.xlsx,/Users/robertdrey/Documents/workspace/development/alocador_de_salas,resultados/experimentos/2024_1/hibridas_dia_turno_curso_pares/pares_dia_turno_curso_init180.sol,resultados/experimentos/2024_1/hibridas_dia_turno_curso_pares/pares_dia_turno_curso_init180.csv,resultados/experimentos/2024_1/hibridas_dia_turno_curso_pares/pares_dia_turno_curso_init180.json,par_cursos -> dia_turno_curso,alfabetica,,alfabetica,,180.0,1,180.0,600.0,1,0,TEMPO_TOTAL,2,,,
2,3,18,par_cursos,AGRO+GEO,61,10810,84180,OPTIMAL,185356.0,185356.0,False,185356.0,3.27,2.92,600.0,AGRO,GEO,alfabetica,,18,1,True,True,TEMPO_TOTAL,iteracao,hibrida_pares_dia_turno_curso,180.0,180.0,600.0,14400.0,False,False,alfabetica,,alfabetica,,./dados/2024_1/horarios_2024_1.xlsx,./dados/2024_1/salas_2024_1.csv,./dados/2024_1/salas_preferenciais_2024.1.xlsx,/Users/robertdrey/Documents/workspace/development/alocador_de_salas,resultados/experimentos/2024_1/hibridas_dia_turno_curso_pares/pares_dia_turno_curso_init180.sol,resultados/experimentos/2024_1/hibridas_dia_turno_curso_pares/pares_dia_turno_curso_init180.csv,resultados/experimentos/2024_1/hibridas_dia_turno_curso_pares/pares_dia_turno_curso_init180.json,par_cursos -> dia_turno_curso,alfabetica,,alfabetica,,180.0,1,180.0,600.0,1,0,TEMPO_TOTAL,2,,,
2,3,19,par_cursos,AGRO+HIS,75,13524,81466,OPTIMAL,185356.0,185356.0,False,185356.0,4.48,4.14,600.0,AGRO,HIS,alfabetica,,19,1,True,True,TEMPO_TOTAL,iteracao,hibrida_pares_dia_turno_curso,180.0,180.0,600.0,14400.0,False,False,alfabetica,,alfabetica,,./dados/2024_1/horarios_2024_1.xlsx,./dados/2024_1/salas_2024_1.csv,./dados/2024_1/salas_preferenciais_2024.1.xlsx,/Users/robertdrey/Documents/workspace/development/alocador_de_salas,resultados/experimentos/2024_1/hibridas_dia_turno_curso_pares/pares_dia_turno_curso_init180.sol,resultados/experimentos/2024_1/hibridas_dia_turno_curso_pares/pares_dia_turno_curso_init180.csv,resultados/experimentos/2024_1/hibridas_dia_turno_curso_pares/pares_dia_turno_curso_init180.json,par_cursos -> dia_turno_curso,alfabetica,,alfabetica,,180.0,1,180.0,600.0,1,0,TEMPO_TOTAL,2,,,
2,3,20,par_cursos,AGRO+LET,87,17894,77096,OPTIMAL,185356.0,185356.0,False,185356.0,6.17,5.83,600.0,AGRO,LET,alfabetica,,20,1,True,True,TEMPO_TOTAL,iteracao,hibrida_pares_dia_turno_curso,180.0,180.0,600.0,14400.0,False,False,alfabetica,,alfabetica,,./dados/2024_1/horarios_2024_1.xlsx,./dados/2024_1/salas_2024_1.csv,./dados/2024_1/salas_preferenciais_2024.1.xlsx,/Users/robertdrey/Documents/workspace/development/alocador_de_salas,resultados/experimentos/2024_1/hibridas_dia_turno_curso_pares/pares_dia_turno_curso_init180.sol,resultados/experimentos/2024_1/hibridas_dia_turno_curso_pares/pares_dia_turno_curso_init180.csv,resultados/experimentos/2024_1/hibridas_dia_turno_curso_pares/pares_dia_turno_curso_init180.json,par_cursos -> dia_turno_curso,alfabetica,,alfabetica,,180.0,1,180.0,600.0,1,0,TEMPO_TOTAL,2,,,
2,3,21,par_cursos,AGRO+MAT,74,13708,81282,OPTIMAL,185356.0,185356.0,False,185356.0,4.12,3.79,600.0,AGRO,MAT,alfabetica,,21,1,True,True,TEMPO_TOTAL,iteracao,hibrida_pares_dia_turno_curso,180.0,180.0,600.0,14400.0,False,False,alfabetica,,alfabetica,,./dados/2024_1/horarios_2024_1.xlsx,./dados/2024_1/salas_2024_1.csv,./dados/2024_1/salas_preferenciais_2024.1.xlsx,/Users/robertdrey/Documents/workspace/development/alocador_de_salas,resultados/experimentos/2024_1/hibridas_dia_turno_curso_pares/pares_dia_turno_curso_init180.sol,resultados/experimentos/2024_1/hibridas_dia_turno_curso_pares/pares_dia_turno_curso_init180.csv,resultados/experimentos/2024_1/hibridas_dia_turno_curso_pares/pares_dia_turno_curso_init180.json,par_cursos -> dia_turno_curso,alfabetica,,alfabetica,,180.0,1,180.0,600.0,1,0,TEMPO_TOTAL,2,,,
2,3,22,par_cursos,AGRO+MED,92,18124,76866,TIME_LIMIT,185356.0,185333.5,True,185333.5,600.34,600.02,600.0,AGRO,MED,alfabetica,,22,1,True,True,TEMPO_TOTAL,iteracao,hibrida_pares_dia_turno_curso,180.0,180.0,600.0,14400.0,False,False,alfabetica,,alfabetica,,./dados/2024_1/horarios_2024_1.xlsx,./dados/2024_1/salas_2024_1.csv,./dados/2024_1/salas_preferenciais_2024.1.xlsx,/Users/robertdrey/Documents/workspace/development/alocador_de_salas,resultados/experimentos/2024_1/hibridas_dia_turno_curso_pares/pares_dia_turno_curso_init180.sol,resultados/experimentos/2024_1/hibridas_dia_turno_curso_pares/pares_dia_turno_curso_init180.csv,resultados/experimentos/2024_1/hibridas_dia_turno_curso_pares/pares_dia_turno_curso_init180.json,par_cursos -> dia_turno_curso,alfabetica,,alfabetica,,180.0,1,180.0,600.0,1,0,TEMPO_TOTAL,2,,,
2,3,23,par_cursos,AGRO+PED,107,21528,73462,OPTIMAL,185333.5,185333.5,False,185333.5,76.29,75.98,600.0,AGRO,PED,alfabetica,,23,1,True,True,TEMPO_TOTAL,iteracao,hibrida_pares_dia_turno_curso,180.0,180.0,600.0,14400.0,False,False,alfabetica,,alfabetica,,./dados/2024_1/horarios_2024_1.xlsx,./dados/2024_1/salas_2024_1.csv,./dados/2024_1/salas_preferenciais_2024.1.xlsx,/Users/robertdrey/Documents/workspace/development/alocador_de_salas,resultados/experimentos/2024_1/hibridas_dia_turno_curso_pares/pares_dia_turno_curso_init180.sol,resultados/experimentos/2024_1/hibridas_dia_turno_curso_pares/pares_dia_turno_curso_init180.csv,resultados/experimentos/2024_1/hibridas_dia_turno_curso_pares/pares_dia_turno_curso_init180.json,par_cursos -> dia_turno_curso,alfabetica,,alfabetica,,180.0,1,180.0,600.0,1,0,TEMPO_TOTAL,2,,,
2,3,24,par_cursos,CC+CS,69,15088,79902,OPTIMAL,185333.5,185328.5,True,185328.5,2.94,2.62,600.0,CC,CS,alfabetica,,24,1,True,True,TEMPO_TOTAL,iteracao,hibrida_pares_dia_turno_curso,180.0,180.0,600.0,14400.0,False,False,alfabetica,,alfabetica,,./dados/2024_1/horarios_2024_1.xlsx,./dados/2024_1/salas_2024_1.csv,./dados/2024_1/salas_preferenciais_2024.1.xlsx,/Users/robertdrey/Documents/workspace/development/alocador_de_salas,resultados/experimentos/2024_1/hibridas_dia_turno_curso_pares/pares_dia_turno_curso_init180.sol,resultados/experimentos/2024_1/hibridas_dia_turno_curso_pares/pares_dia_turno_curso_init180.csv,resultados/experimentos/2024_1/hibridas_dia_turno_curso_pares/pares_dia_turno_curso_init180.json,par_cursos -> dia_turno_curso,alfabetica,,alfabetica,,180.0,1,180.0,600.0,1,0,TEMPO_TOTAL,2,,,
2,3,25,par_cursos,CC+EAS,92,17986,77004,OPTIMAL,185328.5,185328.5,False,185328.5,11.09,10.74,600.0,CC,EAS,alfabetica,,25,1,True,True,TEMPO_TOTAL,iteracao,hibrida_pares_dia_turno_curso,180.0,180.0,600.0,14400.0,False,False,alfabetica,,alfabetica,,./dados/2024_1/horarios_2024_1.xlsx,./dados/2024_1/salas_2024_1.csv,./dados/2024_1/salas_preferenciais_2024.1.xlsx,/Users/robertdrey/Documents/workspace/development/alocador_de_salas,resultados/experimentos/2024_1/hibridas_dia_turno_curso_pares/pares_dia_turno_curso_init180.sol,resultados/experimentos/2024_1/hibridas_dia_turno_curso_pares/pares_dia_turno_curso_init180.csv,resultados/experimentos/2024_1/hibridas_dia_turno_curso_pares/pares_dia_turno_curso_init180.json,par_cursos -> dia_turno_curso,alfabetica,,alfabetica,,180.0,1,180.0,600.0,1,0,TEMPO_TOTAL,2,,,
2,3,26,par_cursos,CC+ENF,65,19044,75946,OPTIMAL,185328.5,185328.5,False,185328.5,141.2,140.84,600.0,CC,ENF,alfabetica,,26,1,True,True,TEMPO_TOTAL,iteracao,hibrida_pares_dia_turno_curso,180.0,180.0,600.0,14400.0,False,False,alfabetica,,alfabetica,,./dados/2024_1/horarios_2024_1.xlsx,./dados/2024_1/salas_2024_1.csv,./dados/2024_1/salas_preferenciais_2024.1.xlsx,/Users/robertdrey/Documents/workspace/development/alocador_de_salas,resultados/experimentos/2024_1/hibridas_dia_turno_curso_pares/pares_dia_turno_curso_init180.sol,resultados/experimentos/2024_1/hibridas_dia_turno_curso_pares/pares_dia_turno_curso_init180.csv,resultados/experimentos/2024_1/hibridas_dia_turno_curso_pares/pares_dia_turno_curso_init180.json,par_cursos -> dia_turno_curso,alfabetica,,alfabetica,,180.0,1,180.0,600.0,1,0,TEMPO_TOTAL,2,,,
2,3,27,par_cursos,CC+FIL,62,13294,81696,OPTIMAL,185328.5,185328.5,False,185328.5,33.82,33.51,600.0,CC,FIL,alfabetica,,27,1,True,True,TEMPO_TOTAL,iteracao,hibrida_pares_dia_turno_curso,180.0,180.0,600.0,14400.0,False,False,alfabetica,,alfabetica,,./dados/2024_1/horarios_2024_1.xlsx,./dados/2024_1/salas_2024_1.csv,./dados/2024_1/salas_preferenciais_2024.1.xlsx,/Users/robertdrey/Documents/workspace/development/alocador_de_salas,resultados/experimentos/2024_1/hibridas_dia_turno_curso_pares/pares_dia_turno_curso_init180.sol,resultados/experimentos/2024_1/hibridas_dia_turno_curso_pares/pares_dia_turno_curso_init180.csv,resultados/experimentos/2024_1/hibridas_dia_turno_curso_pares/pares_dia_turno_curso_init180.json,par_cursos -> dia_turno_curso,alfabetica,,alfabetica,,180.0,1,180.0,600.0,1,0,TEMPO_TOTAL,2,,,
2,3,28,par_cursos,CC+GEO,57,12604,82386,OPTIMAL,185328.5,185328.5,False,185328.5,2.21,1.9,600.0,CC,GEO,alfabetica,,28,1,True,True,TEMPO_TOTAL,iteracao,hibrida_pares_dia_turno_curso,180.0,180.0,600.0,14400.0,False,False,alfabetica,,alfabetica,,./dados/2024_1/horarios_2024_1.xlsx,./dados/2024_1/salas_2024_1.csv,./dados/2024_1/salas_preferenciais_2024.1.xlsx,/Users/robertdrey/Documents/workspace/development/alocador_de_salas,resultados/experimentos/2024_1/hibridas_dia_turno_curso_pares/pares_dia_turno_curso_init180.sol,resultados/experimentos/2024_1/hibridas_dia_turno_curso_pares/pares_dia_turno_curso_init180.csv,resultados/experimentos/2024_1/hibridas_dia_turno_curso_pares/pares_dia_turno_curso_init180.json,par_cursos -> dia_turno_curso,alfabetica,,alfabetica,,180.0,1,180.0,600.0,1,0,TEMPO_TOTAL,2,,,
2,3,29,par_cursos,CC+HIS,71,15318,79672,OPTIMAL,185328.5,185328.5,False,185328.5,3.2,2.88,600.0,CC,HIS,alfabetica,,29,1,True,True,TEMPO_TOTAL,iteracao,hibrida_pares_dia_turno_curso,180.0,180.0,600.0,14400.0,False,False,alfabetica,,alfabetica,,./dados/2024_1/horarios_2024_1.xlsx,./dados/2024_1/salas_2024_1.csv,./dados/2024_1/salas_preferenciais_2024.1.xlsx,/Users/robertdrey/Documents/workspace/development/alocador_de_salas,resultados/experimentos/2024_1/hibridas_dia_turno_curso_pares/pares_dia_turno_curso_init180.sol,resultados/experimentos/2024_1/hibridas_dia_turno_curso_pares/pares_dia_turno_curso_init180.csv,resultados/experimentos/2024_1/hibridas_dia_turno_curso_pares/pares_dia_turno_curso_init180.json,par_cursos -> dia_turno_curso,alfabetica,,alfabetica,,180.0,1,180.0,600.0,1,0,TEMPO_TOTAL,2,,,
2,3,30,par_cursos,CC+LET,83,19688,75302,OPTIMAL,185328.5,185328.5,False,185328.5,10.15,9.84,600.0,CC,LET,alfabetica,,30,1,True,True,TEMPO_TOTAL,iteracao,hibrida_pares_dia_turno_curso,180.0,180.0,600.0,14400.0,False,False,alfabetica,,alfabetica,,./dados/2024_1/horarios_2024_1.xlsx,./dados/2024_1/salas_2024_1.csv,./dados/2024_1/salas_preferenciais_2024.1.xlsx,/Users/robertdrey/Documents/workspace/development/alocador_de_salas,resultados/experimentos/2024_1/hibridas_dia_turno_curso_pares/pares_dia_turno_curso_init180.sol,resultados/experimentos/2024_1/hibridas_dia_turno_curso_pares/pares_dia_turno_curso_init180.csv,resultados/experimentos/2024_1/hibridas_dia_turno_curso_pares/pares_dia_turno_curso_init180.json,par_cursos -> dia_turno_curso,alfabetica,,alfabetica,,180.0,1,180.0,600.0,1,0,TEMPO_TOTAL,2,,,
2,3,31,par_cursos,CC+MAT,70,15502,79488,OPTIMAL,185328.5,185328.5,False,185328.5,13.83,13.53,600.0,CC,MAT,alfabetica,,31,1,True,True,TEMPO_TOTAL,iteracao,hibrida_pares_dia_turno_curso,180.0,180.0,600.0,14400.0,False,False,alfabetica,,alfabetica,,./dados/2024_1/horarios_2024_1.xlsx,./dados/2024_1/salas_2024_1.csv,./dados/2024_1/salas_preferenciais_2024.1.xlsx,/Users/robertdrey/Documents/workspace/development/alocador_de_salas,resultados/experimentos/2024_1/hibridas_dia_turno_curso_pares/pares_dia_turno_curso_init180.sol,resultados/experimentos/2024_1/hibridas_dia_turno_curso_pares/pares_dia_turno_curso_init180.csv,resultados/experimentos/2024_1/hibridas_dia_turno_curso_pares/pares_dia_turno_curso_init180.json,par_cursos -> dia_turno_curso,alfabetica,,alfabetica,,180.0,1,180.0,600.0,1,0,TEMPO_TOTAL,2,,,
2,3,32,par_cursos,CC+MED,88,19918,75072,OPTIMAL,185328.5,185328.5,False,185328.5,5.67,5.36,600.0,CC,MED,alfabetica,,32,1,True,True,TEMPO_TOTAL,iteracao,hibrida_pares_dia_turno_curso,180.0,180.0,600.0,14400.0,False,False,alfabetica,,alfabetica,,./dados/2024_1/horarios_2024_1.xlsx,./dados/2024_1/salas_2024_1.csv,./dados/2024_1/salas_preferenciais_2024.1.xlsx,/Users/robertdrey/Documents/workspace/development/alocador_de_salas,resultados/experimentos/2024_1/hibridas_dia_turno_curso_pares/pares_dia_turno_curso_init180.sol,resultados/experimentos/2024_1/hibridas_dia_turno_curso_pares/pares_dia_turno_curso_init180.csv,resultados/experimentos/2024_1/hibridas_dia_turno_curso_pares/pares_dia_turno_curso_init180.json,par_cursos -> dia_turno_curso,alfabetica,,alfabetica,,180.0,1,180.0,600.0,1,0,TEMPO_TOTAL,2,,,
2,3,33,par_cursos,CC+PED,103,23322,71668,OPTIMAL,185328.5,185328.5,False,185328.5,122.23,121.93,600.0,CC,PED,alfabetica,,33,1,True,True,TEMPO_TOTAL,iteracao,hibrida_pares_dia_turno_curso,180.0,180.0,600.0,14400.0,False,False,alfabetica,,alfabetica,,./dados/2024_1/horarios_2024_1.xlsx,./dados/2024_1/salas_2024_1.csv,./dados/2024_1/salas_preferenciais_2024.1.xlsx,/Users/robertdrey/Documents/workspace/development/alocador_de_salas,resultados/experimentos/2024_1/hibridas_dia_turno_curso_pares/pares_dia_turno_curso_init180.sol,resultados/experimentos/2024_1/hibridas_dia_turno_curso_pares/pares_dia_turno_curso_init180.csv,resultados/experimentos/2024_1/hibridas_dia_turno_curso_pares/pares_dia_turno_curso_init180.json,par_cursos -> dia_turno_curso,alfabetica,,alfabetica,,180.0,1,180.0,600.0,1,0,TEMPO_TOTAL,2,,,
2,3,34,par_cursos,CS+EAS,67,12006,82984,OPTIMAL,185328.5,185328.5,False,185328.5,0.87,0.56,600.0,CS,EAS,alfabetica,,34,1,True,True,TEMPO_TOTAL,iteracao,hibrida_pares_dia_turno_curso,180.0,180.0,600.0,14400.0,False,False,alfabetica,,alfabetica,,./dados/2024_1/horarios_2024_1.xlsx,./dados/2024_1/salas_2024_1.csv,./dados/2024_1/salas_preferenciais_2024.1.xlsx,/Users/robertdrey/Documents/workspace/development/alocador_de_salas,resultados/experimentos/2024_1/hibridas_dia_turno_curso_pares/pares_dia_turno_curso_init180.sol,resultados/experimentos/2024_1/hibridas_dia_turno_curso_pares/pares_dia_turno_curso_init180.csv,resultados/experimentos/2024_1/hibridas_dia_turno_curso_pares/pares_dia_turno_curso_init180.json,par_cursos -> dia_turno_curso,alfabetica,,alfabetica,,180.0,1,180.0,600.0,1,0,TEMPO_TOTAL,2,,,
2,3,35,par_cursos,CS+ENF,40,13064,81926,OPTIMAL,185328.5,185328.5,False,185328.5,2.32,2.0,600.0,CS,ENF,alfabetica,,35,1,True,True,TEMPO_TOTAL,iteracao,hibrida_pares_dia_turno_curso,180.0,180.0,600.0,14400.0,False,False,alfabetica,,alfabetica,,./dados/2024_1/horarios_2024_1.xlsx,./dados/2024_1/salas_2024_1.csv,./dados/2024_1/salas_preferenciais_2024.1.xlsx,/Users/robertdrey/Documents/workspace/development/alocador_de_salas,resultados/experimentos/2024_1/hibridas_dia_turno_curso_pares/pares_dia_turno_curso_init180.sol,resultados/experimentos/2024_1/hibridas_dia_turno_curso_pares/pares_dia_turno_curso_init180.csv,resultados/experimentos/2024_1/hibridas_dia_turno_curso_pares/pares_dia_turno_curso_init180.json,par_cursos -> dia_turno_curso,alfabetica,,alfabetica,,180.0,1,180.0,600.0,1,0,TEMPO_TOTAL,2,,,
2,3,36,par_cursos,CS+FIL,37,7314,87676,OPTIMAL,185328.5,185328.5,False,185328.5,0.68,0.35,600.0,CS,FIL,alfabetica,,36,1,True,True,TEMPO_TOTAL,iteracao,hibrida_pares_dia_turno_curso,180.0,180.0,600.0,14400.0,False,False,alfabetica,,alfabetica,,./dados/2024_1/horarios_2024_1.xlsx,./dados/2024_1/salas_2024_1.csv,./dados/2024_1/salas_preferenciais_2024.1.xlsx,/Users/robertdrey/Documents/workspace/development/alocador_de_salas,resultados/experimentos/2024_1/hibridas_dia_turno_curso_pares/pares_dia_turno_curso_init180.sol,resultados/experimentos/2024_1/hibridas_dia_turno_curso_pares/pares_dia_turno_curso_init180.csv,resultados/experimentos/2024_1/hibridas_dia_turno_curso_pares/pares_dia_turno_curso_init180.json,par_cursos -> dia_turno_curso,alfabetica,,alfabetica,,180.0,1,180.0,600.0,1,0,TEMPO_TOTAL,2,,,
2,3,37,par_cursos,CS+GEO,32,6624,88366,OPTIMAL,185328.5,185328.5,False,185328.5,0.65,0.34,600.0,CS,GEO,alfabetica,,37,1,True,True,TEMPO_TOTAL,iteracao,hibrida_pares_dia_turno_curso,180.0,180.0,600.0,14400.0,False,False,alfabetica,,alfabetica,,./dados/2024_1/horarios_2024_1.xlsx,./dados/2024_1/salas_2024_1.csv,./dados/2024_1/salas_preferenciais_2024.1.xlsx,/Users/robertdrey/Documents/workspace/development/alocador_de_salas,resultados/experimentos/2024_1/hibridas_dia_turno_curso_pares/pares_dia_turno_curso_init180.sol,resultados/experimentos/2024_1/hibridas_dia_turno_curso_pares/pares_dia_turno_curso_init180.csv,resultados/experimentos/2024_1/hibridas_dia_turno_curso_pares/pares_dia_turno_curso_init180.json,par_cursos -> dia_turno_curso,alfabetica,,alfabetica,,180.0,1,180.0,600.0,1,0,TEMPO_TOTAL,2,,,
2,3,38,par_cursos,CS+HIS,46,9338,85652,OPTIMAL,185328.5,185328.5,False,185328.5,0.91,0.59,600.0,CS,HIS,alfabetica,,38,1,True,True,TEMPO_TOTAL,iteracao,hibrida_pares_dia_turno_curso,180.0,180.0,600.0,14400.0,False,False,alfabetica,,alfabetica,,./dados/2024_1/horarios_2024_1.xlsx,./dados/2024_1/salas_2024_1.csv,./dados/2024_1/salas_preferenciais_2024.1.xlsx,/Users/robertdrey/Documents/workspace/development/alocador_de_salas,resultados/experimentos/2024_1/hibridas_dia_turno_curso_pares/pares_dia_turno_curso_init180.sol,resultados/experimentos/2024_1/hibridas_dia_turno_curso_pares/pares_dia_turno_curso_init180.csv,resultados/experimentos/2024_1/hibridas_dia_turno_curso_pares/pares_dia_turno_curso_init180.json,par_cursos -> dia_turno_curso,alfabetica,,alfabetica,,180.0,1,180.0,600.0,1,0,TEMPO_TOTAL,2,,,
2,3,39,par_cursos,CS+LET,58,13708,81282,OPTIMAL,185328.5,185328.5,False,185328.5,1.76,1.43,600.0,CS,LET,alfabetica,,39,1,True,True,TEMPO_TOTAL,iteracao,hibrida_pares_dia_turno_curso,180.0,180.0,600.0,14400.0,False,False,alfabetica,,alfabetica,,./dados/2024_1/horarios_2024_1.xlsx,./dados/2024_1/salas_2024_1.csv,./dados/2024_1/salas_preferenciais_2024.1.xlsx,/Users/robertdrey/Documents/workspace/development/alocador_de_salas,resultados/experimentos/2024_1/hibridas_dia_turno_curso_pares/pares_dia_turno_curso_init180.sol,resultados/experimentos/2024_1/hibridas_dia_turno_curso_pares/pares_dia_turno_curso_init180.csv,resultados/experimentos/2024_1/hibridas_dia_turno_curso_pares/pares_dia_turno_curso_init180.json,par_cursos -> dia_turno_curso,alfabetica,,alfabetica,,180.0,1,180.0,600.0,1,0,TEMPO_TOTAL,2,,,
2,3,40,par_cursos,CS+MAT,45,9522,85468,OPTIMAL,185328.5,185328.5,False,185328.5,0.96,0.64,600.0,CS,MAT,alfabetica,,40,1,True,True,TEMPO_TOTAL,iteracao,hibrida_pares_dia_turno_curso,180.0,180.0,600.0,14400.0,False,False,alfabetica,,alfabetica,,./dados/2024_1/horarios_2024_1.xlsx,./dados/2024_1/salas_2024_1.csv,./dados/2024_1/salas_preferenciais_2024.1.xlsx,/Users/robertdrey/Documents/workspace/development/alocador_de_salas,resultados/experimentos/2024_1/hibridas_dia_turno_curso_pares/pares_dia_turno_curso_init180.sol,resultados/experimentos/2024_1/hibridas_dia_turno_curso_pares/pares_dia_turno_curso_init180.csv,resultados/experimentos/2024_1/hibridas_dia_turno_curso_pares/pares_dia_turno_curso_init180.json,par_cursos -> dia_turno_curso,alfabetica,,alfabetica,,180.0,1,180.0,600.0,1,0,TEMPO_TOTAL,2,,,
2,3,41,par_cursos,CS+MED,63,13938,81052,OPTIMAL,185328.5,185328.5,False,185328.5,1.38,1.07,600.0,CS,MED,alfabetica,,41,1,True,True,TEMPO_TOTAL,iteracao,hibrida_pares_dia_turno_curso,180.0,180.0,600.0,14400.0,False,False,alfabetica,,alfabetica,,./dados/2024_1/horarios_2024_1.xlsx,./dados/2024_1/salas_2024_1.csv,./dados/2024_1/salas_preferenciais_2024.1.xlsx,/Users/robertdrey/Documents/workspace/development/alocador_de_salas,resultados/experimentos/2024_1/hibridas_dia_turno_curso_pares/pares_dia_turno_curso_init180.sol,resultados/experimentos/2024_1/hibridas_dia_turno_curso_pares/pares_dia_turno_curso_init180.csv,resultados/experimentos/2024_1/hibridas_dia_turno_curso_pares/pares_dia_turno_curso_init180.json,par_cursos -> dia_turno_curso,alfabetica,,alfabetica,,180.0,1,180.0,600.0,1,0,TEMPO_TOTAL,2,,,
2,3,42,par_cursos,CS+PED,78,17342,77648,OPTIMAL,185328.5,185328.5,False,185328.5,14.15,13.83,600.0,CS,PED,alfabetica,,42,1,True,True,TEMPO_TOTAL,iteracao,hibrida_pares_dia_turno_curso,180.0,180.0,600.0,14400.0,False,False,alfabetica,,alfabetica,,./dados/2024_1/horarios_2024_1.xlsx,./dados/2024_1/salas_2024_1.csv,./dados/2024_1/salas_preferenciais_2024.1.xlsx,/Users/robertdrey/Documents/workspace/development/alocador_de_salas,resultados/experimentos/2024_1/hibridas_dia_turno_curso_pares/pares_dia_turno_curso_init180.sol,resultados/experimentos/2024_1/hibridas_dia_turno_curso_pares/pares_dia_turno_curso_init180.csv,resultados/experimentos/2024_1/hibridas_dia_turno_curso_pares/pares_dia_turno_curso_init180.json,par_cursos -> dia_turno_curso,alfabetica,,alfabetica,,180.0,1,180.0,600.0,1,0,TEMPO_TOTAL,2,,,
2,3,43,par_cursos,EAS+ENF,63,15962,79028,OPTIMAL,185328.5,185328.5,False,185328.5,5.98,5.65,600.0,EAS,ENF,alfabetica,,43,1,True,True,TEMPO_TOTAL,iteracao,hibrida_pares_dia_turno_curso,180.0,180.0,600.0,14400.0,False,False,alfabetica,,alfabetica,,./dados/2024_1/horarios_2024_1.xlsx,./dados/2024_1/salas_2024_1.csv,./dados/2024_1/salas_preferenciais_2024.1.xlsx,/Users/robertdrey/Documents/workspace/development/alocador_de_salas,resultados/experimentos/2024_1/hibridas_dia_turno_curso_pares/pares_dia_turno_curso_init180.sol,resultados/experimentos/2024_1/hibridas_dia_turno_curso_pares/pares_dia_turno_curso_init180.csv,resultados/experimentos/2024_1/hibridas_dia_turno_curso_pares/pares_dia_turno_curso_init180.json,par_cursos -> dia_turno_curso,alfabetica,,alfabetica,,180.0,1,180.0,600.0,1,0,TEMPO_TOTAL,2,,,
2,3,44,par_cursos,EAS+FIL,60,10212,84778,OPTIMAL,185328.5,185328.5,False,185328.5,0.78,0.47,600.0,EAS,FIL,alfabetica,,44,1,True,True,TEMPO_TOTAL,iteracao,hibrida_pares_dia_turno_curso,180.0,180.0,600.0,14400.0,False,False,alfabetica,,alfabetica,,./dados/2024_1/horarios_2024_1.xlsx,./dados/2024_1/salas_2024_1.csv,./dados/2024_1/salas_preferenciais_2024.1.xlsx,/Users/robertdrey/Documents/workspace/development/alocador_de_salas,resultados/experimentos/2024_1/hibridas_dia_turno_curso_pares/pares_dia_turno_curso_init180.sol,resultados/experimentos/2024_1/hibridas_dia_turno_curso_pares/pares_dia_turno_curso_init180.csv,resultados/experimentos/2024_1/hibridas_dia_turno_curso_pares/pares_dia_turno_curso_init180.json,par_cursos -> dia_turno_curso,alfabetica,,alfabetica,,180.0,1,180.0,600.0,1,0,TEMPO_TOTAL,2,,,
2,3,45,par_cursos,EAS+GEO,55,9522,85468,OPTIMAL,185328.5,185328.5,False,185328.5,0.74,0.43,600.0,EAS,GEO,alfabetica,,45,1,True,True,TEMPO_TOTAL,iteracao,hibrida_pares_dia_turno_curso,180.0,180.0,600.0,14400.0,False,False,alfabetica,,alfabetica,,./dados/2024_1/horarios_2024_1.xlsx,./dados/2024_1/salas_2024_1.csv,./dados/2024_1/salas_preferenciais_2024.1.xlsx,/Users/robertdrey/Documents/workspace/development/alocador_de_salas,resultados/experimentos/2024_1/hibridas_dia_turno_curso_pares/pares_dia_turno_curso_init180.sol,resultados/experimentos/2024_1/hibridas_dia_turno_curso_pares/pares_dia_turno_curso_init180.csv,resultados/experimentos/2024_1/hibridas_dia_turno_curso_pares/pares_dia_turno_curso_init180.json,par_cursos -> dia_turno_curso,alfabetica,,alfabetica,,180.0,1,180.0,600.0,1,0,TEMPO_TOTAL,2,,,
2,3,46,par_cursos,EAS+HIS,69,12236,82754,OPTIMAL,185328.5,185328.5,False,185328.5,0.87,0.56,600.0,EAS,HIS,alfabetica,,46,1,True,True,TEMPO_TOTAL,iteracao,hibrida_pares_dia_turno_curso,180.0,180.0,600.0,14400.0,False,False,alfabetica,,alfabetica,,./dados/2024_1/horarios_2024_1.xlsx,./dados/2024_1/salas_2024_1.csv,./dados/2024_1/salas_preferenciais_2024.1.xlsx,/Users/robertdrey/Documents/workspace/development/alocador_de_salas,resultados/experimentos/2024_1/hibridas_dia_turno_curso_pares/pares_dia_turno_curso_init180.sol,resultados/experimentos/2024_1/hibridas_dia_turno_curso_pares/pares_dia_turno_curso_init180.csv,resultados/experimentos/2024_1/hibridas_dia_turno_curso_pares/pares_dia_turno_curso_init180.json,par_cursos -> dia_turno_curso,alfabetica,,alfabetica,,180.0,1,180.0,600.0,1,0,TEMPO_TOTAL,2,,,
2,3,47,par_cursos,EAS+LET,81,16606,78384,OPTIMAL,185328.5,185328.5,False,185328.5,1.62,1.31,600.0,EAS,LET,alfabetica,,47,1,True,True,TEMPO_TOTAL,iteracao,hibrida_pares_dia_turno_curso,180.0,180.0,600.0,14400.0,False,False,alfabetica,,alfabetica,,./dados/2024_1/horarios_2024_1.xlsx,./dados/2024_1/salas_2024_1.csv,./dados/2024_1/salas_preferenciais_2024.1.xlsx,/Users/robertdrey/Documents/workspace/development/alocador_de_salas,resultados/experimentos/2024_1/hibridas_dia_turno_curso_pares/pares_dia_turno_curso_init180.sol,resultados/experimentos/2024_1/hibridas_dia_turno_curso_pares/pares_dia_turno_curso_init180.csv,resultados/experimentos/2024_1/hibridas_dia_turno_curso_pares/pares_dia_turno_curso_init180.json,par_cursos -> dia_turno_curso,alfabetica,,alfabetica,,180.0,1,180.0,600.0,1,0,TEMPO_TOTAL,2,,,
2,3,48,par_cursos,EAS+MAT,68,12420,82570,OPTIMAL,185328.5,185328.5,False,185328.5,1.24,0.94,600.0,EAS,MAT,alfabetica,,48,1,True,True,TEMPO_TOTAL,iteracao,hibrida_pares_dia_turno_curso,180.0,180.0,600.0,14400.0,False,False,alfabetica,,alfabetica,,./dados/2024_1/horarios_2024_1.xlsx,./dados/2024_1/salas_2024_1.csv,./dados/2024_1/salas_preferenciais_2024.1.xlsx,/Users/robertdrey/Documents/workspace/development/alocador_de_salas,resultados/experimentos/2024_1/hibridas_dia_turno_curso_pares/pares_dia_turno_curso_init180.sol,resultados/experimentos/2024_1/hibridas_dia_turno_curso_pares/pares_dia_turno_curso_init180.csv,resultados/experimentos/2024_1/hibridas_dia_turno_curso_pares/pares_dia_turno_curso_init180.json,par_cursos -> dia_turno_curso,alfabetica,,alfabetica,,180.0,1,180.0,600.0,1,0,TEMPO_TOTAL,2,,,
2,3,49,par_cursos,EAS+MED,86,16836,78154,OPTIMAL,185328.5,185328.5,False,185328.5,2.19,1.89,600.0,EAS,MED,alfabetica,,49,1,True,True,TEMPO_TOTAL,iteracao,hibrida_pares_dia_turno_curso,180.0,180.0,600.0,14400.0,False,False,alfabetica,,alfabetica,,./dados/2024_1/horarios_2024_1.xlsx,./dados/2024_1/salas_2024_1.csv,./dados/2024_1/salas_preferenciais_2024.1.xlsx,/Users/robertdrey/Documents/workspace/development/alocador_de_salas,resultados/experimentos/2024_1/hibridas_dia_turno_curso_pares/pares_dia_turno_curso_init180.sol,resultados/experimentos/2024_1/hibridas_dia_turno_curso_pares/pares_dia_turno_curso_init180.csv,resultados/experimentos/2024_1/hibridas_dia_turno_curso_pares/pares_dia_turno_curso_init180.json,par_cursos -> dia_turno_curso,alfabetica,,alfabetica,,180.0,1,180.0,600.0,1,0,TEMPO_TOTAL,2,,,
2,3,50,par_cursos,EAS+PED,101,20240,74750,OPTIMAL,185328.5,185328.5,False,185328.5,39.57,39.26,600.0,EAS,PED,alfabetica,,50,1,True,True,TEMPO_TOTAL,iteracao,hibrida_pares_dia_turno_curso,180.0,180.0,600.0,14400.0,False,False,alfabetica,,alfabetica,,./dados/2024_1/horarios_2024_1.xlsx,./dados/2024_1/salas_2024_1.csv,./dados/2024_1/salas_preferenciais_2024.1.xlsx,/Users/robertdrey/Documents/workspace/development/alocador_de_salas,resultados/experimentos/2024_1/hibridas_dia_turno_curso_pares/pares_dia_turno_curso_init180.sol,resultados/experimentos/2024_1/hibridas_dia_turno_curso_pares/pares_dia_turno_curso_init180.csv,resultados/experimentos/2024_1/hibridas_dia_turno_curso_pares/pares_dia_turno_curso_init180.json,par_cursos -> dia_turno_curso,alfabetica,,alfabetica,,180.0,1,180.0,600.0,1,0,TEMPO_TOTAL,2,,,
2,3,51,par_cursos,ENF+FIL,33,11270,83720,OPTIMAL,185328.5,185328.5,False,185328.5,1.73,1.42,600.0,ENF,FIL,alfabetica,,51,1,True,True,TEMPO_TOTAL,iteracao,hibrida_pares_dia_turno_curso,180.0,180.0,600.0,14400.0,False,False,alfabetica,,alfabetica,,./dados/2024_1/horarios_2024_1.xlsx,./dados/2024_1/salas_2024_1.csv,./dados/2024_1/salas_preferenciais_2024.1.xlsx,/Users/robertdrey/Documents/workspace/development/alocador_de_salas,resultados/experimentos/2024_1/hibridas_dia_turno_curso_pares/pares_dia_turno_curso_init180.sol,resultados/experimentos/2024_1/hibridas_dia_turno_curso_pares/pares_dia_turno_curso_init180.csv,resultados/experimentos/2024_1/hibridas_dia_turno_curso_pares/pares_dia_turno_curso_init180.json,par_cursos -> dia_turno_curso,alfabetica,,alfabetica,,180.0,1,180.0,600.0,1,0,TEMPO_TOTAL,2,,,
2,3,52,par_cursos,ENF+GEO,28,10580,84410,OPTIMAL,185328.5,185328.5,False,185328.5,2.19,1.87,600.0,ENF,GEO,alfabetica,,52,1,True,True,TEMPO_TOTAL,iteracao,hibrida_pares_dia_turno_curso,180.0,180.0,600.0,14400.0,False,False,alfabetica,,alfabetica,,./dados/2024_1/horarios_2024_1.xlsx,./dados/2024_1/salas_2024_1.csv,./dados/2024_1/salas_preferenciais_2024.1.xlsx,/Users/robertdrey/Documents/workspace/development/alocador_de_salas,resultados/experimentos/2024_1/hibridas_dia_turno_curso_pares/pares_dia_turno_curso_init180.sol,resultados/experimentos/2024_1/hibridas_dia_turno_curso_pares/pares_dia_turno_curso_init180.csv,resultados/experimentos/2024_1/hibridas_dia_turno_curso_pares/pares_dia_turno_curso_init180.json,par_cursos -> dia_turno_curso,alfabetica,,alfabetica,,180.0,1,180.0,600.0,1,0,TEMPO_TOTAL,2,,,
2,3,53,par_cursos,ENF+HIS,42,13294,81696,OPTIMAL,185328.5,185328.5,False,185328.5,2.02,1.69,600.0,ENF,HIS,alfabetica,,53,1,True,True,TEMPO_TOTAL,iteracao,hibrida_pares_dia_turno_curso,180.0,180.0,600.0,14400.0,False,False,alfabetica,,alfabetica,,./dados/2024_1/horarios_2024_1.xlsx,./dados/2024_1/salas_2024_1.csv,./dados/2024_1/salas_preferenciais_2024.1.xlsx,/Users/robertdrey/Documents/workspace/development/alocador_de_salas,resultados/experimentos/2024_1/hibridas_dia_turno_curso_pares/pares_dia_turno_curso_init180.sol,resultados/experimentos/2024_1/hibridas_dia_turno_curso_pares/pares_dia_turno_curso_init180.csv,resultados/experimentos/2024_1/hibridas_dia_turno_curso_pares/pares_dia_turno_curso_init180.json,par_cursos -> dia_turno_curso,alfabetica,,alfabetica,,180.0,1,180.0,600.0,1,0,TEMPO_TOTAL,2,,,
2,3,54,par_cursos,ENF+LET,54,17664,77326,OPTIMAL,185328.5,185328.5,False,185328.5,5.74,5.41,600.0,ENF,LET,alfabetica,,54,1,True,True,TEMPO_TOTAL,iteracao,hibrida_pares_dia_turno_curso,180.0,180.0,600.0,14400.0,False,False,alfabetica,,alfabetica,,./dados/2024_1/horarios_2024_1.xlsx,./dados/2024_1/salas_2024_1.csv,./dados/2024_1/salas_preferenciais_2024.1.xlsx,/Users/robertdrey/Documents/workspace/development/alocador_de_salas,resultados/experimentos/2024_1/hibridas_dia_turno_curso_pares/pares_dia_turno_curso_init180.sol,resultados/experimentos/2024_1/hibridas_dia_turno_curso_pares/pares_dia_turno_curso_init180.csv,resultados/experimentos/2024_1/hibridas_dia_turno_curso_pares/pares_dia_turno_curso_init180.json,par_cursos -> dia_turno_curso,alfabetica,,alfabetica,,180.0,1,180.0,600.0,1,0,TEMPO_TOTAL,2,,,
2,3,55,par_cursos,ENF+MAT,41,13478,81512,OPTIMAL,185328.5,185328.5,False,185328.5,2.62,2.29,600.0,ENF,MAT,alfabetica,,55,1,True,True,TEMPO_TOTAL,iteracao,hibrida_pares_dia_turno_curso,180.0,180.0,600.0,14400.0,False,False,alfabetica,,alfabetica,,./dados/2024_1/horarios_2024_1.xlsx,./dados/2024_1/salas_2024_1.csv,./dados/2024_1/salas_preferenciais_2024.1.xlsx,/Users/robertdrey/Documents/workspace/development/alocador_de_salas,resultados/experimentos/2024_1/hibridas_dia_turno_curso_pares/pares_dia_turno_curso_init180.sol,resultados/experimentos/2024_1/hibridas_dia_turno_curso_pares/pares_dia_turno_curso_init180.csv,resultados/experimentos/2024_1/hibridas_dia_turno_curso_pares/pares_dia_turno_curso_init180.json,par_cursos -> dia_turno_curso,alfabetica,,alfabetica,,180.0,1,180.0,600.0,1,0,TEMPO_TOTAL,2,,,
2,3,56,par_cursos,ENF+MED,59,17894,77096,OPTIMAL,185328.5,185297.5,True,185297.5,51.36,51.0,600.0,ENF,MED,alfabetica,,56,1,True,True,TEMPO_TOTAL,iteracao,hibrida_pares_dia_turno_curso,180.0,180.0,600.0,14400.0,False,False,alfabetica,,alfabetica,,./dados/2024_1/horarios_2024_1.xlsx,./dados/2024_1/salas_2024_1.csv,./dados/2024_1/salas_preferenciais_2024.1.xlsx,/Users/robertdrey/Documents/workspace/development/alocador_de_salas,resultados/experimentos/2024_1/hibridas_dia_turno_curso_pares/pares_dia_turno_curso_init180.sol,resultados/experimentos/2024_1/hibridas_dia_turno_curso_pares/pares_dia_turno_curso_init180.csv,resultados/experimentos/2024_1/hibridas_dia_turno_curso_pares/pares_dia_turno_curso_init180.json,par_cursos -> dia_turno_curso,alfabetica,,alfabetica,,180.0,1,180.0,600.0,1,0,TEMPO_TOTAL,2,,,
2,3,57,par_cursos,ENF+PED,74,21298,73692,TIME_LIMIT,185297.5,185297.5,False,185297.5,600.48,600.13,600.0,ENF,PED,alfabetica,,57,1,True,True,TEMPO_TOTAL,iteracao,hibrida_pares_dia_turno_curso,180.0,180.0,600.0,14400.0,False,False,alfabetica,,alfabetica,,./dados/2024_1/horarios_2024_1.xlsx,./dados/2024_1/salas_2024_1.csv,./dados/2024_1/salas_preferenciais_2024.1.xlsx,/Users/robertdrey/Documents/workspace/development/alocador_de_salas,resultados/experimentos/2024_1/hibridas_dia_turno_curso_pares/pares_dia_turno_curso_init180.sol,resultados/experimentos/2024_1/hibridas_dia_turno_curso_pares/pares_dia_turno_curso_init180.csv,resultados/experimentos/2024_1/hibridas_dia_turno_curso_pares/pares_dia_turno_curso_init180.json,par_cursos -> dia_turno_curso,alfabetica,,alfabetica,,180.0,1,180.0,600.0,1,0,TEMPO_TOTAL,2,,,
2,3,58,par_cursos,FIL+GEO,25,4830,90160,OPTIMAL,185297.5,185297.5,False,185297.5,0.64,0.31,600.0,FIL,GEO,alfabetica,,58,1,True,True,TEMPO_TOTAL,iteracao,hibrida_pares_dia_turno_curso,180.0,180.0,600.0,14400.0,False,False,alfabetica,,alfabetica,,./dados/2024_1/horarios_2024_1.xlsx,./dados/2024_1/salas_2024_1.csv,./dados/2024_1/salas_preferenciais_2024.1.xlsx,/Users/robertdrey/Documents/workspace/development/alocador_de_salas,resultados/experimentos/2024_1/hibridas_dia_turno_curso_pares/pares_dia_turno_curso_init180.sol,resultados/experimentos/2024_1/hibridas_dia_turno_curso_pares/pares_dia_turno_curso_init180.csv,resultados/experimentos/2024_1/hibridas_dia_turno_curso_pares/pares_dia_turno_curso_init180.json,par_cursos -> dia_turno_curso,alfabetica,,alfabetica,,180.0,1,180.0,600.0,1,0,TEMPO_TOTAL,2,,,
2,3,59,par_cursos,FIL+HIS,39,7544,87446,OPTIMAL,185297.5,185297.5,False,185297.5,0.71,0.4,600.0,FIL,HIS,alfabetica,,59,1,True,True,TEMPO_TOTAL,iteracao,hibrida_pares_dia_turno_curso,180.0,180.0,600.0,14400.0,False,False,alfabetica,,alfabetica,,./dados/2024_1/horarios_2024_1.xlsx,./dados/2024_1/salas_2024_1.csv,./dados/2024_1/salas_preferenciais_2024.1.xlsx,/Users/robertdrey/Documents/workspace/development/alocador_de_salas,resultados/experimentos/2024_1/hibridas_dia_turno_curso_pares/pares_dia_turno_curso_init180.sol,resultados/experimentos/2024_1/hibridas_dia_turno_curso_pares/pares_dia_turno_curso_init180.csv,resultados/experimentos/2024_1/hibridas_dia_turno_curso_pares/pares_dia_turno_curso_init180.json,par_cursos -> dia_turno_curso,alfabetica,,alfabetica,,180.0,1,180.0,600.0,1,0,TEMPO_TOTAL,2,,,
2,3,60,par_cursos,FIL+LET,51,11914,83076,OPTIMAL,185297.5,185297.5,False,185297.5,3.78,3.47,600.0,FIL,LET,alfabetica,,60,1,True,True,TEMPO_TOTAL,iteracao,hibrida_pares_dia_turno_curso,180.0,180.0,600.0,14400.0,False,False,alfabetica,,alfabetica,,./dados/2024_1/horarios_2024_1.xlsx,./dados/2024_1/salas_2024_1.csv,./dados/2024_1/salas_preferenciais_2024.1.xlsx,/Users/robertdrey/Documents/workspace/development/alocador_de_salas,resultados/experimentos/2024_1/hibridas_dia_turno_curso_pares/pares_dia_turno_curso_init180.sol,resultados/experimentos/2024_1/hibridas_dia_turno_curso_pares/pares_dia_turno_curso_init180.csv,resultados/experimentos/2024_1/hibridas_dia_turno_curso_pares/pares_dia_turno_curso_init180.json,par_cursos -> dia_turno_curso,alfabetica,,alfabetica,,180.0,1,180.0,600.0,1,0,TEMPO_TOTAL,2,,,
2,3,61,par_cursos,FIL+MAT,38,7728,87262,OPTIMAL,185297.5,185297.5,False,185297.5,0.68,0.37,600.0,FIL,MAT,alfabetica,,61,1,True,True,TEMPO_TOTAL,iteracao,hibrida_pares_dia_turno_curso,180.0,180.0,600.0,14400.0,False,False,alfabetica,,alfabetica,,./dados/2024_1/horarios_2024_1.xlsx,./dados/2024_1/salas_2024_1.csv,./dados/2024_1/salas_preferenciais_2024.1.xlsx,/Users/robertdrey/Documents/workspace/development/alocador_de_salas,resultados/experimentos/2024_1/hibridas_dia_turno_curso_pares/pares_dia_turno_curso_init180.sol,resultados/experimentos/2024_1/hibridas_dia_turno_curso_pares/pares_dia_turno_curso_init180.csv,resultados/experimentos/2024_1/hibridas_dia_turno_curso_pares/pares_dia_turno_curso_init180.json,par_cursos -> dia_turno_curso,alfabetica,,alfabetica,,180.0,1,180.0,600.0,1,0,TEMPO_TOTAL,2,,,
2,3,62,par_cursos,FIL+MED,56,12144,82846,OPTIMAL,185297.5,185297.5,False,185297.5,1.08,0.77,600.0,FIL,MED,alfabetica,,62,1,True,True,TEMPO_TOTAL,iteracao,hibrida_pares_dia_turno_curso,180.0,180.0,600.0,14400.0,False,False,alfabetica,,alfabetica,,./dados/2024_1/horarios_2024_1.xlsx,./dados/2024_1/salas_2024_1.csv,./dados/2024_1/salas_preferenciais_2024.1.xlsx,/Users/robertdrey/Documents/workspace/development/alocador_de_salas,resultados/experimentos/2024_1/hibridas_dia_turno_curso_pares/pares_dia_turno_curso_init180.sol,resultados/experimentos/2024_1/hibridas_dia_turno_curso_pares/pares_dia_turno_curso_init180.csv,resultados/experimentos/2024_1/hibridas_dia_turno_curso_pares/pares_dia_turno_curso_init180.json,par_cursos -> dia_turno_curso,alfabetica,,alfabetica,,180.0,1,180.0,600.0,1,0,TEMPO_TOTAL,2,,,
2,3,63,par_cursos,FIL+PED,71,15548,79442,OPTIMAL,185297.5,185297.5,False,185297.5,13.75,13.42,600.0,FIL,PED,alfabetica,,63,1,True,True,TEMPO_TOTAL,iteracao,hibrida_pares_dia_turno_curso,180.0,180.0,600.0,14400.0,False,False,alfabetica,,alfabetica,,./dados/2024_1/horarios_2024_1.xlsx,./dados/2024_1/salas_2024_1.csv,./dados/2024_1/salas_preferenciais_2024.1.xlsx,/Users/robertdrey/Documents/workspace/development/alocador_de_salas,resultados/experimentos/2024_1/hibridas_dia_turno_curso_pares/pares_dia_turno_curso_init180.sol,resultados/experimentos/2024_1/hibridas_dia_turno_curso_pares/pares_dia_turno_curso_init180.csv,resultados/experimentos/2024_1/hibridas_dia_turno_curso_pares/pares_dia_turno_curso_init180.json,par_cursos -> dia_turno_curso,alfabetica,,alfabetica,,180.0,1,180.0,600.0,1,0,TEMPO_TOTAL,2,,,
2,3,64,par_cursos,GEO+HIS,34,6854,88136,OPTIMAL,185297.5,185297.5,False,185297.5,0.71,0.38,600.0,GEO,HIS,alfabetica,,64,1,True,True,TEMPO_TOTAL,iteracao,hibrida_pares_dia_turno_curso,180.0,180.0,600.0,14400.0,False,False,alfabetica,,alfabetica,,./dados/2024_1/horarios_2024_1.xlsx,./dados/2024_1/salas_2024_1.csv,./dados/2024_1/salas_preferenciais_2024.1.xlsx,/Users/robertdrey/Documents/workspace/development/alocador_de_salas,resultados/experimentos/2024_1/hibridas_dia_turno_curso_pares/pares_dia_turno_curso_init180.sol,resultados/experimentos/2024_1/hibridas_dia_turno_curso_pares/pares_dia_turno_curso_init180.csv,resultados/experimentos/2024_1/hibridas_dia_turno_curso_pares/pares_dia_turno_curso_init180.json,par_cursos -> dia_turno_curso,alfabetica,,alfabetica,,180.0,1,180.0,600.0,1,0,TEMPO_TOTAL,2,,,
2,3,65,par_cursos,GEO+LET,46,11224,83766,OPTIMAL,185297.5,185289.5,True,185289.5,2.11,1.8,600.0,GEO,LET,alfabetica,,65,1,True,True,TEMPO_TOTAL,iteracao,hibrida_pares_dia_turno_curso,180.0,180.0,600.0,14400.0,False,False,alfabetica,,alfabetica,,./dados/2024_1/horarios_2024_1.xlsx,./dados/2024_1/salas_2024_1.csv,./dados/2024_1/salas_preferenciais_2024.1.xlsx,/Users/robertdrey/Documents/workspace/development/alocador_de_salas,resultados/experimentos/2024_1/hibridas_dia_turno_curso_pares/pares_dia_turno_curso_init180.sol,resultados/experimentos/2024_1/hibridas_dia_turno_curso_pares/pares_dia_turno_curso_init180.csv,resultados/experimentos/2024_1/hibridas_dia_turno_curso_pares/pares_dia_turno_curso_init180.json,par_cursos -> dia_turno_curso,alfabetica,,alfabetica,,180.0,1,180.0,600.0,1,0,TEMPO_TOTAL,2,,,
2,3,66,par_cursos,GEO+MAT,33,7038,87952,OPTIMAL,185289.5,185289.5,False,185289.5,0.7,0.38,600.0,GEO,MAT,alfabetica,,66,1,True,True,TEMPO_TOTAL,iteracao,hibrida_pares_dia_turno_curso,180.0,180.0,600.0,14400.0,False,False,alfabetica,,alfabetica,,./dados/2024_1/horarios_2024_1.xlsx,./dados/2024_1/salas_2024_1.csv,./dados/2024_1/salas_preferenciais_2024.1.xlsx,/Users/robertdrey/Documents/workspace/development/alocador_de_salas,resultados/experimentos/2024_1/hibridas_dia_turno_curso_pares/pares_dia_turno_curso_init180.sol,resultados/experimentos/2024_1/hibridas_dia_turno_curso_pares/pares_dia_turno_curso_init180.csv,resultados/experimentos/2024_1/hibridas_dia_turno_curso_pares/pares_dia_turno_curso_init180.json,par_cursos -> dia_turno_curso,alfabetica,,alfabetica,,180.0,1,180.0,600.0,1,0,TEMPO_TOTAL,2,,,
2,3,67,par_cursos,GEO+MED,51,11454,83536,OPTIMAL,185289.5,185289.5,False,185289.5,1.07,0.76,600.0,GEO,MED,alfabetica,,67,1,True,True,TEMPO_TOTAL,iteracao,hibrida_pares_dia_turno_curso,180.0,180.0,600.0,14400.0,False,False,alfabetica,,alfabetica,,./dados/2024_1/horarios_2024_1.xlsx,./dados/2024_1/salas_2024_1.csv,./dados/2024_1/salas_preferenciais_2024.1.xlsx,/Users/robertdrey/Documents/workspace/development/alocador_de_salas,resultados/experimentos/2024_1/hibridas_dia_turno_curso_pares/pares_dia_turno_curso_init180.sol,resultados/experimentos/2024_1/hibridas_dia_turno_curso_pares/pares_dia_turno_curso_init180.csv,resultados/experimentos/2024_1/hibridas_dia_turno_curso_pares/pares_dia_turno_curso_init180.json,par_cursos -> dia_turno_curso,alfabetica,,alfabetica,,180.0,1,180.0,600.0,1,0,TEMPO_TOTAL,2,,,
2,3,68,par_cursos,GEO+PED,66,14858,80132,OPTIMAL,185289.5,185289.5,False,185289.5,18.92,18.59,600.0,GEO,PED,alfabetica,,68,1,True,True,TEMPO_TOTAL,iteracao,hibrida_pares_dia_turno_curso,180.0,180.0,600.0,14400.0,False,False,alfabetica,,alfabetica,,./dados/2024_1/horarios_2024_1.xlsx,./dados/2024_1/salas_2024_1.csv,./dados/2024_1/salas_preferenciais_2024.1.xlsx,/Users/robertdrey/Documents/workspace/development/alocador_de_salas,resultados/experimentos/2024_1/hibridas_dia_turno_curso_pares/pares_dia_turno_curso_init180.sol,resultados/experimentos/2024_1/hibridas_dia_turno_curso_pares/pares_dia_turno_curso_init180.csv,resultados/experimentos/2024_1/hibridas_dia_turno_curso_pares/pares_dia_turno_curso_init180.json,par_cursos -> dia_turno_curso,alfabetica,,alfabetica,,180.0,1,180.0,600.0,1,0,TEMPO_TOTAL,2,,,
2,3,69,par_cursos,HIS+LET,60,13938,81052,OPTIMAL,185289.5,185289.5,False,185289.5,2.38,2.05,600.0,HIS,LET,alfabetica,,69,1,True,True,TEMPO_TOTAL,iteracao,hibrida_pares_dia_turno_curso,180.0,180.0,600.0,14400.0,False,False,alfabetica,,alfabetica,,./dados/2024_1/horarios_2024_1.xlsx,./dados/2024_1/salas_2024_1.csv,./dados/2024_1/salas_preferenciais_2024.1.xlsx,/Users/robertdrey/Documents/workspace/development/alocador_de_salas,resultados/experimentos/2024_1/hibridas_dia_turno_curso_pares/pares_dia_turno_curso_init180.sol,resultados/experimentos/2024_1/hibridas_dia_turno_curso_pares/pares_dia_turno_curso_init180.csv,resultados/experimentos/2024_1/hibridas_dia_turno_curso_pares/pares_dia_turno_curso_init180.json,par_cursos -> dia_turno_curso,alfabetica,,alfabetica,,180.0,1,180.0,600.0,1,0,TEMPO_TOTAL,2,,,
2,3,70,par_cursos,HIS+MAT,47,9752,85238,OPTIMAL,185289.5,185289.5,False,185289.5,0.79,0.48,600.0,HIS,MAT,alfabetica,,70,1,True,True,TEMPO_TOTAL,iteracao,hibrida_pares_dia_turno_curso,180.0,180.0,600.0,14400.0,False,False,alfabetica,,alfabetica,,./dados/2024_1/horarios_2024_1.xlsx,./dados/2024_1/salas_2024_1.csv,./dados/2024_1/salas_preferenciais_2024.1.xlsx,/Users/robertdrey/Documents/workspace/development/alocador_de_salas,resultados/experimentos/2024_1/hibridas_dia_turno_curso_pares/pares_dia_turno_curso_init180.sol,resultados/experimentos/2024_1/hibridas_dia_turno_curso_pares/pares_dia_turno_curso_init180.csv,resultados/experimentos/2024_1/hibridas_dia_turno_curso_pares/pares_dia_turno_curso_init180.json,par_cursos -> dia_turno_curso,alfabetica,,alfabetica,,180.0,1,180.0,600.0,1,0,TEMPO_TOTAL,2,,,
2,3,71,par_cursos,HIS+MED,65,14168,80822,OPTIMAL,185289.5,185289.5,False,185289.5,1.31,1.01,600.0,HIS,MED,alfabetica,,71,1,True,True,TEMPO_TOTAL,iteracao,hibrida_pares_dia_turno_curso,180.0,180.0,600.0,14400.0,False,False,alfabetica,,alfabetica,,./dados/2024_1/horarios_2024_1.xlsx,./dados/2024_1/salas_2024_1.csv,./dados/2024_1/salas_preferenciais_2024.1.xlsx,/Users/robertdrey/Documents/workspace/development/alocador_de_salas,resultados/experimentos/2024_1/hibridas_dia_turno_curso_pares/pares_dia_turno_curso_init180.sol,resultados/experimentos/2024_1/hibridas_dia_turno_curso_pares/pares_dia_turno_curso_init180.csv,resultados/experimentos/2024_1/hibridas_dia_turno_curso_pares/pares_dia_turno_curso_init180.json,par_cursos -> dia_turno_curso,alfabetica,,alfabetica,,180.0,1,180.0,600.0,1,0,TEMPO_TOTAL,2,,,
2,3,72,par_cursos,HIS+PED,80,17572,77418,OPTIMAL,185289.5,185289.5,False,185289.5,16.49,16.15,600.0,HIS,PED,alfabetica,,72,1,True,True,TEMPO_TOTAL,iteracao,hibrida_pares_dia_turno_curso,180.0,180.0,600.0,14400.0,False,False,alfabetica,,alfabetica,,./dados/2024_1/horarios_2024_1.xlsx,./dados/2024_1/salas_2024_1.csv,./dados/2024_1/salas_preferenciais_2024.1.xlsx,/Users/robertdrey/Documents/workspace/development/alocador_de_salas,resultados/experimentos/2024_1/hibridas_dia_turno_curso_pares/pares_dia_turno_curso_init180.sol,resultados/experimentos/2024_1/hibridas_dia_turno_curso_pares/pares_dia_turno_curso_init180.csv,resultados/experimentos/2024_1/hibridas_dia_turno_curso_pares/pares_dia_turno_curso_init180.json,par_cursos -> dia_turno_curso,alfabetica,,alfabetica,,180.0,1,180.0,600.0,1,0,TEMPO_TOTAL,2,,,
2,3,73,par_cursos,LET+MAT,59,14122,80868,OPTIMAL,185289.5,185289.5,False,185289.5,1.63,1.3,600.0,LET,MAT,alfabetica,,73,1,True,True,TEMPO_TOTAL,iteracao,hibrida_pares_dia_turno_curso,180.0,180.0,600.0,14400.0,False,False,alfabetica,,alfabetica,,./dados/2024_1/horarios_2024_1.xlsx,./dados/2024_1/salas_2024_1.csv,./dados/2024_1/salas_preferenciais_2024.1.xlsx,/Users/robertdrey/Documents/workspace/development/alocador_de_salas,resultados/experimentos/2024_1/hibridas_dia_turno_curso_pares/pares_dia_turno_curso_init180.sol,resultados/experimentos/2024_1/hibridas_dia_turno_curso_pares/pares_dia_turno_curso_init180.csv,resultados/experimentos/2024_1/hibridas_dia_turno_curso_pares/pares_dia_turno_curso_init180.json,par_cursos -> dia_turno_curso,alfabetica,,alfabetica,,180.0,1,180.0,600.0,1,0,TEMPO_TOTAL,2,,,
2,3,74,par_cursos,LET+MED,77,18538,76452,OPTIMAL,185289.5,185289.5,False,185289.5,2.13,1.83,600.0,LET,MED,alfabetica,,74,1,True,True,TEMPO_TOTAL,iteracao,hibrida_pares_dia_turno_curso,180.0,180.0,600.0,14400.0,False,False,alfabetica,,alfabetica,,./dados/2024_1/horarios_2024_1.xlsx,./dados/2024_1/salas_2024_1.csv,./dados/2024_1/salas_preferenciais_2024.1.xlsx,/Users/robertdrey/Documents/workspace/development/alocador_de_salas,resultados/experimentos/2024_1/hibridas_dia_turno_curso_pares/pares_dia_turno_curso_init180.sol,resultados/experimentos/2024_1/hibridas_dia_turno_curso_pares/pares_dia_turno_curso_init180.csv,resultados/experimentos/2024_1/hibridas_dia_turno_curso_pares/pares_dia_turno_curso_init180.json,par_cursos -> dia_turno_curso,alfabetica,,alfabetica,,180.0,1,180.0,600.0,1,0,TEMPO_TOTAL,2,,,
2,3,75,par_cursos,LET+PED,92,21942,73048,OPTIMAL,185289.5,185289.5,False,185289.5,32.96,32.66,600.0,LET,PED,alfabetica,,75,1,True,True,TEMPO_TOTAL,iteracao,hibrida_pares_dia_turno_curso,180.0,180.0,600.0,14400.0,False,False,alfabetica,,alfabetica,,./dados/2024_1/horarios_2024_1.xlsx,./dados/2024_1/salas_2024_1.csv,./dados/2024_1/salas_preferenciais_2024.1.xlsx,/Users/robertdrey/Documents/workspace/development/alocador_de_salas,resultados/experimentos/2024_1/hibridas_dia_turno_curso_pares/pares_dia_turno_curso_init180.sol,resultados/experimentos/2024_1/hibridas_dia_turno_curso_pares/pares_dia_turno_curso_init180.csv,resultados/experimentos/2024_1/hibridas_dia_turno_curso_pares/pares_dia_turno_curso_init180.json,par_cursos -> dia_turno_curso,alfabetica,,alfabetica,,180.0,1,180.0,600.0,1,0,TEMPO_TOTAL,2,,,
2,3,76,par_cursos,MAT+MED,64,14352,80638,OPTIMAL,185289.5,185289.5,False,185289.5,1.26,0.96,600.0,MAT,MED,alfabetica,,76,1,True,True,TEMPO_TOTAL,iteracao,hibrida_pares_dia_turno_curso,180.0,180.0,600.0,14400.0,False,False,alfabetica,,alfabetica,,./dados/2024_1/horarios_2024_1.xlsx,./dados/2024_1/salas_2024_1.csv,./dados/2024_1/salas_preferenciais_2024.1.xlsx,/Users/robertdrey/Documents/workspace/development/alocador_de_salas,resultados/experimentos/2024_1/hibridas_dia_turno_curso_pares/pares_dia_turno_curso_init180.sol,resultados/experimentos/2024_1/hibridas_dia_turno_curso_pares/pares_dia_turno_curso_init180.csv,resultados/experimentos/2024_1/hibridas_dia_turno_curso_pares/pares_dia_turno_curso_init180.json,par_cursos -> dia_turno_curso,alfabetica,,alfabetica,,180.0,1,180.0,600.0,1,0,TEMPO_TOTAL,2,,,
2,3,77,par_cursos,MAT+PED,79,17756,77234,OPTIMAL,185289.5,185289.5,False,185289.5,14.78,14.45,600.0,MAT,PED,alfabetica,,77,1,True,True,TEMPO_TOTAL,iteracao,hibrida_pares_dia_turno_curso,180.0,180.0,600.0,14400.0,False,False,alfabetica,,alfabetica,,./dados/2024_1/horarios_2024_1.xlsx,./dados/2024_1/salas_2024_1.csv,./dados/2024_1/salas_preferenciais_2024.1.xlsx,/Users/robertdrey/Documents/workspace/development/alocador_de_salas,resultados/experimentos/2024_1/hibridas_dia_turno_curso_pares/pares_dia_turno_curso_init180.sol,resultados/experimentos/2024_1/hibridas_dia_turno_curso_pares/pares_dia_turno_curso_init180.csv,resultados/experimentos/2024_1/hibridas_dia_turno_curso_pares/pares_dia_turno_curso_init180.json,par_cursos -> dia_turno_curso,alfabetica,,alfabetica,,180.0,1,180.0,600.0,1,0,TEMPO_TOTAL,2,,,
2,3,78,par_cursos,MED+PED,97,22172,72818,OPTIMAL,185289.5,185289.5,False,185289.5,22.89,22.56,600.0,MED,PED,alfabetica,,78,1,True,True,TEMPO_TOTAL,iteracao,hibrida_pares_dia_turno_curso,180.0,180.0,600.0,14400.0,False,False,alfabetica,,alfabetica,,./dados/2024_1/horarios_2024_1.xlsx,./dados/2024_1/salas_2024_1.csv,./dados/2024_1/salas_preferenciais_2024.1.xlsx,/Users/robertdrey/Documents/workspace/development/alocador_de_salas,resultados/experimentos/2024_1/hibridas_dia_turno_curso_pares/pares_dia_turno_curso_init180.sol,resultados/experimentos/2024_1/hibridas_dia_turno_curso_pares/pares_dia_turno_curso_init180.csv,resultados/experimentos/2024_1/hibridas_dia_turno_curso_pares/pares_dia_turno_curso_init180.json,par_cursos -> dia_turno_curso,alfabetica,,alfabetica,,180.0,1,180.0,600.0,1,0,TEMPO_TOTAL,2,,,
2,4,1,dia_turno_curso,2_M_ADM,81,18538,76452,OPTIMAL,185289.5,185289.5,False,185289.5,2.1,1.8,600.0,,,alfabetica,,,2,True,True,TEMPO_TOTAL,iteracao,hibrida_pares_dia_turno_curso,180.0,180.0,600.0,14400.0,False,False,alfabetica,,alfabetica,,./dados/2024_1/horarios_2024_1.xlsx,./dados/2024_1/salas_2024_1.csv,./dados/2024_1/salas_preferenciais_2024.1.xlsx,/Users/robertdrey/Documents/workspace/development/alocador_de_salas,resultados/experimentos/2024_1/hibridas_dia_turno_curso_pares/pares_dia_turno_curso_init180.sol,resultados/experimentos/2024_1/hibridas_dia_turno_curso_pares/pares_dia_turno_curso_init180.csv,resultados/experimentos/2024_1/hibridas_dia_turno_curso_pares/pares_dia_turno_curso_init180.json,par_cursos -> dia_turno_curso,alfabetica,,alfabetica,,180.0,1,180.0,600.0,1,0,TEMPO_TOTAL,2,2,M,ADM
2,4,2,dia_turno_curso,2_M_AGRO,82,17250,77740,OPTIMAL,185289.5,185289.5,False,185289.5,11.17,10.86,600.0,,,alfabetica,,,2,True,True,TEMPO_TOTAL,iteracao,hibrida_pares_dia_turno_curso,180.0,180.0,600.0,14400.0,False,False,alfabetica,,alfabetica,,./dados/2024_1/horarios_2024_1.xlsx,./dados/2024_1/salas_2024_1.csv,./dados/2024_1/salas_preferenciais_2024.1.xlsx,/Users/robertdrey/Documents/workspace/development/alocador_de_salas,resultados/experimentos/2024_1/hibridas_dia_turno_curso_pares/pares_dia_turno_curso_init180.sol,resultados/experimentos/2024_1/hibridas_dia_turno_curso_pares/pares_dia_turno_curso_init180.csv,resultados/experimentos/2024_1/hibridas_dia_turno_curso_pares/pares_dia_turno_curso_init180.json,par_cursos -> dia_turno_curso,alfabetica,,alfabetica,,180.0,1,180.0,600.0,1,0,TEMPO_TOTAL,2,2,M,AGRO
2,4,3,dia_turno_curso,2_M_EAS,73,16238,78752,OPTIMAL,185289.5,185289.5,False,185289.5,1.87,1.56,600.0,,,alfabetica,,,2,True,True,TEMPO_TOTAL,iteracao,hibrida_pares_dia_turno_curso,180.0,180.0,600.0,14400.0,False,False,alfabetica,,alfabetica,,./dados/2024_1/horarios_2024_1.xlsx,./dados/2024_1/salas_2024_1.csv,./dados/2024_1/salas_preferenciais_2024.1.xlsx,/Users/robertdrey/Documents/workspace/development/alocador_de_salas,resultados/experimentos/2024_1/hibridas_dia_turno_curso_pares/pares_dia_turno_curso_init180.sol,resultados/experimentos/2024_1/hibridas_dia_turno_curso_pares/pares_dia_turno_curso_init180.csv,resultados/experimentos/2024_1/hibridas_dia_turno_curso_pares/pares_dia_turno_curso_init180.json,par_cursos -> dia_turno_curso,alfabetica,,alfabetica,,180.0,1,180.0,600.0,1,0,TEMPO_TOTAL,2,2,M,EAS
2,4,4,dia_turno_curso,2_M_ENF,51,15548,79442,OPTIMAL,185289.5,185289.5,False,185289.5,4.82,4.51,600.0,,,alfabetica,,,2,True,True,TEMPO_TOTAL,iteracao,hibrida_pares_dia_turno_curso,180.0,180.0,600.0,14400.0,False,False,alfabetica,,alfabetica,,./dados/2024_1/horarios_2024_1.xlsx,./dados/2024_1/salas_2024_1.csv,./dados/2024_1/salas_preferenciais_2024.1.xlsx,/Users/robertdrey/Documents/workspace/development/alocador_de_salas,resultados/experimentos/2024_1/hibridas_dia_turno_curso_pares/pares_dia_turno_curso_init180.sol,resultados/experimentos/2024_1/hibridas_dia_turno_curso_pares/pares_dia_turno_curso_init180.csv,resultados/experimentos/2024_1/hibridas_dia_turno_curso_pares/pares_dia_turno_curso_init180.json,par_cursos -> dia_turno_curso,alfabetica,,alfabetica,,180.0,1,180.0,600.0,1,0,TEMPO_TOTAL,2,2,M,ENF
2,4,5,dia_turno_curso,2_M_MED,74,18078,76912,OPTIMAL,185289.5,185289.5,False,185289.5,4.14,3.82,600.0,,,alfabetica,,,2,True,True,TEMPO_TOTAL,iteracao,hibrida_pares_dia_turno_curso,180.0,180.0,600.0,14400.0,False,False,alfabetica,,alfabetica,,./dados/2024_1/horarios_2024_1.xlsx,./dados/2024_1/salas_2024_1.csv,./dados/2024_1/salas_preferenciais_2024.1.xlsx,/Users/robertdrey/Documents/workspace/development/alocador_de_salas,resultados/experimentos/2024_1/hibridas_dia_turno_curso_pares/pares_dia_turno_curso_init180.sol,resultados/experimentos/2024_1/hibridas_dia_turno_curso_pares/pares_dia_turno_curso_init180.csv,resultados/experimentos/2024_1/hibridas_dia_turno_curso_pares/pares_dia_turno_curso_init180.json,par_cursos -> dia_turno_curso,alfabetica,,alfabetica,,180.0,1,180.0,600.0,1,0,TEMPO_TOTAL,2,2,M,MED
2,4,6,dia_turno_curso,2_M_PED,88,21574,73416,OPTIMAL,185289.5,185289.5,False,185289.5,35.72,35.42,600.0,,,alfabetica,,,2,True,True,TEMPO_TOTAL,iteracao,hibrida_pares_dia_turno_curso,180.0,180.0,600.0,14400.0,False,False,alfabetica,,alfabetica,,./dados/2024_1/horarios_2024_1.xlsx,./dados/2024_1/salas_2024_1.csv,./dados/2024_1/salas_preferenciais_2024.1.xlsx,/Users/robertdrey/Documents/workspace/development/alocador_de_salas,resultados/experimentos/2024_1/hibridas_dia_turno_curso_pares/pares_dia_turno_curso_init180.sol,resultados/experimentos/2024_1/hibridas_dia_turno_curso_pares/pares_dia_turno_curso_init180.csv,resultados/experimentos/2024_1/hibridas_dia_turno_curso_pares/pares_dia_turno_curso_init180.json,par_cursos -> dia_turno_curso,alfabetica,,alfabetica,,180.0,1,180.0,600.0,1,0,TEMPO_TOTAL,2,2,M,PED
2,4,7,dia_turno_curso,2_T_AGRO,82,20194,74796,OPTIMAL,185289.5,185284.0,True,185284.0,17.92,17.6,600.0,,,alfabetica,,,2,True,True,TEMPO_TOTAL,iteracao,hibrida_pares_dia_turno_curso,180.0,180.0,600.0,14400.0,False,False,alfabetica,,alfabetica,,./dados/2024_1/horarios_2024_1.xlsx,./dados/2024_1/salas_2024_1.csv,./dados/2024_1/salas_preferenciais_2024.1.xlsx,/Users/robertdrey/Documents/workspace/development/alocador_de_salas,resultados/experimentos/2024_1/hibridas_dia_turno_curso_pares/pares_dia_turno_curso_init180.sol,resultados/experimentos/2024_1/hibridas_dia_turno_curso_pares/pares_dia_turno_curso_init180.csv,resultados/experimentos/2024_1/hibridas_dia_turno_curso_pares/pares_dia_turno_curso_init180.json,par_cursos -> dia_turno_curso,alfabetica,,alfabetica,,180.0,1,180.0,600.0,1,0,TEMPO_TOTAL,2,2,T,AGRO
2,4,8,dia_turno_curso,2_T_CC,70,20010,74980,OPTIMAL,185284.0,185284.0,False,185284.0,3.43,3.1,600.0,,,alfabetica,,,2,True,True,TEMPO_TOTAL,iteracao,hibrida_pares_dia_turno_curso,180.0,180.0,600.0,14400.0,False,False,alfabetica,,alfabetica,,./dados/2024_1/horarios_2024_1.xlsx,./dados/2024_1/salas_2024_1.csv,./dados/2024_1/salas_preferenciais_2024.1.xlsx,/Users/robertdrey/Documents/workspace/development/alocador_de_salas,resultados/experimentos/2024_1/hibridas_dia_turno_curso_pares/pares_dia_turno_curso_init180.sol,resultados/experimentos/2024_1/hibridas_dia_turno_curso_pares/pares_dia_turno_curso_init180.csv,resultados/experimentos/2024_1/hibridas_dia_turno_curso_pares/pares_dia_turno_curso_init180.json,par_cursos -> dia_turno_curso,alfabetica,,alfabetica,,180.0,1,180.0,600.0,1,0,TEMPO_TOTAL,2,2,T,CC
2,4,9,dia_turno_curso,2_T_CS,55,16284,78706,OPTIMAL,185284.0,185284.0,False,185284.0,1.69,1.38,600.0,,,alfabetica,,,2,True,True,TEMPO_TOTAL,iteracao,hibrida_pares_dia_turno_curso,180.0,180.0,600.0,14400.0,False,False,alfabetica,,alfabetica,,./dados/2024_1/horarios_2024_1.xlsx,./dados/2024_1/salas_2024_1.csv,./dados/2024_1/salas_preferenciais_2024.1.xlsx,/Users/robertdrey/Documents/workspace/development/alocador_de_salas,resultados/experimentos/2024_1/hibridas_dia_turno_curso_pares/pares_dia_turno_curso_init180.sol,resultados/experimentos/2024_1/hibridas_dia_turno_curso_pares/pares_dia_turno_curso_init180.csv,resultados/experimentos/2024_1/hibridas_dia_turno_curso_pares/pares_dia_turno_curso_init180.json,par_cursos -> dia_turno_curso,alfabetica,,alfabetica,,180.0,1,180.0,600.0,1,0,TEMPO_TOTAL,2,2,T,CS
2,4,10,dia_turno_curso,2_T_EAS,74,18538,76452,OPTIMAL,185284.0,185284.0,False,185284.0,1.91,1.61,600.0,,,alfabetica,,,2,True,True,TEMPO_TOTAL,iteracao,hibrida_pares_dia_turno_curso,180.0,180.0,600.0,14400.0,False,False,alfabetica,,alfabetica,,./dados/2024_1/horarios_2024_1.xlsx,./dados/2024_1/salas_2024_1.csv,./dados/2024_1/salas_preferenciais_2024.1.xlsx,/Users/robertdrey/Documents/workspace/development/alocador_de_salas,resultados/experimentos/2024_1/hibridas_dia_turno_curso_pares/pares_dia_turno_curso_init180.sol,resultados/experimentos/2024_1/hibridas_dia_turno_curso_pares/pares_dia_turno_curso_init180.csv,resultados/experimentos/2024_1/hibridas_dia_turno_curso_pares/pares_dia_turno_curso_init180.json,par_cursos -> dia_turno_curso,alfabetica,,alfabetica,,180.0,1,180.0,600.0,1,0,TEMPO_TOTAL,2,2,T,EAS
2,4,11,dia_turno_curso,2_T_ENF,47,16422,78568,OPTIMAL,185284.0,185284.0,False,185284.0,4.08,3.77,600.0,,,alfabetica,,,2,True,True,TEMPO_TOTAL,iteracao,hibrida_pares_dia_turno_curso,180.0,180.0,600.0,14400.0,False,False,alfabetica,,alfabetica,,./dados/2024_1/horarios_2024_1.xlsx,./dados/2024_1/salas_2024_1.csv,./dados/2024_1/salas_preferenciais_2024.1.xlsx,/Users/robertdrey/Documents/workspace/development/alocador_de_salas,resultados/experimentos/2024_1/hibridas_dia_turno_curso_pares/pares_dia_turno_curso_init180.sol,resultados/experimentos/2024_1/hibridas_dia_turno_curso_pares/pares_dia_turno_curso_init180.csv,resultados/experimentos/2024_1/hibridas_dia_turno_curso_pares/pares_dia_turno_curso_init180.json,par_cursos -> dia_turno_curso,alfabetica,,alfabetica,,180.0,1,180.0,600.0,1,0,TEMPO_TOTAL,2,2,T,ENF
2,4,12,dia_turno_curso,2_T_GEO,43,13846,81144,OPTIMAL,185284.0,185284.0,False,185284.0,1.2,0.88,600.0,,,alfabetica,,,2,True,True,TEMPO_TOTAL,iteracao,hibrida_pares_dia_turno_curso,180.0,180.0,600.0,14400.0,False,False,alfabetica,,alfabetica,,./dados/2024_1/horarios_2024_1.xlsx,./dados/2024_1/salas_2024_1.csv,./dados/2024_1/salas_preferenciais_2024.1.xlsx,/Users/robertdrey/Documents/workspace/development/alocador_de_salas,resultados/experimentos/2024_1/hibridas_dia_turno_curso_pares/pares_dia_turno_curso_init180.sol,resultados/experimentos/2024_1/hibridas_dia_turno_curso_pares/pares_dia_turno_curso_init180.csv,resultados/experimentos/2024_1/hibridas_dia_turno_curso_pares/pares_dia_turno_curso_init180.json,par_cursos -> dia_turno_curso,alfabetica,,alfabetica,,180.0,1,180.0,600.0,1,0,TEMPO_TOTAL,2,2,T,GEO
2,4,13,dia_turno_curso,2_T_LET,67,19228,75762,OPTIMAL,185284.0,185284.0,False,185284.0,2.45,2.15,600.0,,,alfabetica,,,2,True,True,TEMPO_TOTAL,iteracao,hibrida_pares_dia_turno_curso,180.0,180.0,600.0,14400.0,False,False,alfabetica,,alfabetica,,./dados/2024_1/horarios_2024_1.xlsx,./dados/2024_1/salas_2024_1.csv,./dados/2024_1/salas_preferenciais_2024.1.xlsx,/Users/robertdrey/Documents/workspace/development/alocador_de_salas,resultados/experimentos/2024_1/hibridas_dia_turno_curso_pares/pares_dia_turno_curso_init180.sol,resultados/experimentos/2024_1/hibridas_dia_turno_curso_pares/pares_dia_turno_curso_init180.csv,resultados/experimentos/2024_1/hibridas_dia_turno_curso_pares/pares_dia_turno_curso_init180.json,par_cursos -> dia_turno_curso,alfabetica,,alfabetica,,180.0,1,180.0,600.0,1,0,TEMPO_TOTAL,2,2,T,LET
2,4,14,dia_turno_curso,2_T_MAT,56,16606,78384,OPTIMAL,185284.0,185266.5,True,185266.5,1.74,1.43,600.0,,,alfabetica,,,2,True,True,TEMPO_TOTAL,iteracao,hibrida_pares_dia_turno_curso,180.0,180.0,600.0,14400.0,False,False,alfabetica,,alfabetica,,./dados/2024_1/horarios_2024_1.xlsx,./dados/2024_1/salas_2024_1.csv,./dados/2024_1/salas_preferenciais_2024.1.xlsx,/Users/robertdrey/Documents/workspace/development/alocador_de_salas,resultados/experimentos/2024_1/hibridas_dia_turno_curso_pares/pares_dia_turno_curso_init180.sol,resultados/experimentos/2024_1/hibridas_dia_turno_curso_pares/pares_dia_turno_curso_init180.csv,resultados/experimentos/2024_1/hibridas_dia_turno_curso_pares/pares_dia_turno_curso_init180.json,par_cursos -> dia_turno_curso,alfabetica,,alfabetica,,180.0,1,180.0,600.0,1,0,TEMPO_TOTAL,2,2,T,MAT
2,4,15,dia_turno_curso,2_T_MED,71,20286,74704,OPTIMAL,185266.5,185266.5,False,185266.5,2.64,2.33,600.0,,,alfabetica,,,2,True,True,TEMPO_TOTAL,iteracao,hibrida_pares_dia_turno_curso,180.0,180.0,600.0,14400.0,False,False,alfabetica,,alfabetica,,./dados/2024_1/horarios_2024_1.xlsx,./dados/2024_1/salas_2024_1.csv,./dados/2024_1/salas_preferenciais_2024.1.xlsx,/Users/robertdrey/Documents/workspace/development/alocador_de_salas,resultados/experimentos/2024_1/hibridas_dia_turno_curso_pares/pares_dia_turno_curso_init180.sol,resultados/experimentos/2024_1/hibridas_dia_turno_curso_pares/pares_dia_turno_curso_init180.csv,resultados/experimentos/2024_1/hibridas_dia_turno_curso_pares/pares_dia_turno_curso_init180.json,par_cursos -> dia_turno_curso,alfabetica,,alfabetica,,180.0,1,180.0,600.0,1,0,TEMPO_TOTAL,2,2,T,MED
2,4,16,dia_turno_curso,2_N_ADM,85,18078,76912,OPTIMAL,185266.5,185266.5,False,185266.5,1.97,1.67,600.0,,,alfabetica,,,2,True,True,TEMPO_TOTAL,iteracao,hibrida_pares_dia_turno_curso,180.0,180.0,600.0,14400.0,False,False,alfabetica,,alfabetica,,./dados/2024_1/horarios_2024_1.xlsx,./dados/2024_1/salas_2024_1.csv,./dados/2024_1/salas_preferenciais_2024.1.xlsx,/Users/robertdrey/Documents/workspace/development/alocador_de_salas,resultados/experimentos/2024_1/hibridas_dia_turno_curso_pares/pares_dia_turno_curso_init180.sol,resultados/experimentos/2024_1/hibridas_dia_turno_curso_pares/pares_dia_turno_curso_init180.csv,resultados/experimentos/2024_1/hibridas_dia_turno_curso_pares/pares_dia_turno_curso_init180.json,par_cursos -> dia_turno_curso,alfabetica,,alfabetica,,180.0,1,180.0,600.0,1,0,TEMPO_TOTAL,2,2,N,ADM
2,4,17,dia_turno_curso,2_N_CC,83,19136,75854,OPTIMAL,185266.5,185266.5,False,185266.5,4.59,4.28,600.0,,,alfabetica,,,2,True,True,TEMPO_TOTAL,iteracao,hibrida_pares_dia_turno_curso,180.0,180.0,600.0,14400.0,False,False,alfabetica,,alfabetica,,./dados/2024_1/horarios_2024_1.xlsx,./dados/2024_1/salas_2024_1.csv,./dados/2024_1/salas_preferenciais_2024.1.xlsx,/Users/robertdrey/Documents/workspace/development/alocador_de_salas,resultados/experimentos/2024_1/hibridas_dia_turno_curso_pares/pares_dia_turno_curso_init180.sol,resultados/experimentos/2024_1/hibridas_dia_turno_curso_pares/pares_dia_turno_curso_init180.csv,resultados/experimentos/2024_1/hibridas_dia_turno_curso_pares/pares_dia_turno_curso_init180.json,par_cursos -> dia_turno_curso,alfabetica,,alfabetica,,180.0,1,180.0,600.0,1,0,TEMPO_TOTAL,2,2,N,CC
2,4,18,dia_turno_curso,2_N_CS,59,13248,81742,OPTIMAL,185266.5,185266.5,False,185266.5,1.86,1.55,600.0,,,alfabetica,,,2,True,True,TEMPO_TOTAL,iteracao,hibrida_pares_dia_turno_curso,180.0,180.0,600.0,14400.0,False,False,alfabetica,,alfabetica,,./dados/2024_1/horarios_2024_1.xlsx,./dados/2024_1/salas_2024_1.csv,./dados/2024_1/salas_preferenciais_2024.1.xlsx,/Users/robertdrey/Documents/workspace/development/alocador_de_salas,resultados/experimentos/2024_1/hibridas_dia_turno_curso_pares/pares_dia_turno_curso_init180.sol,resultados/experimentos/2024_1/hibridas_dia_turno_curso_pares/pares_dia_turno_curso_init180.csv,resultados/experimentos/2024_1/hibridas_dia_turno_curso_pares/pares_dia_turno_curso_init180.json,par_cursos -> dia_turno_curso,alfabetica,,alfabetica,,180.0,1,180.0,600.0,1,0,TEMPO_TOTAL,2,2,N,CS
2,4,19,dia_turno_curso,2_N_EAS,85,16376,78614,OPTIMAL,185266.5,185256.5,True,185256.5,1.72,1.42,600.0,,,alfabetica,,,2,True,True,TEMPO_TOTAL,iteracao,hibrida_pares_dia_turno_curso,180.0,180.0,600.0,14400.0,False,False,alfabetica,,alfabetica,,./dados/2024_1/horarios_2024_1.xlsx,./dados/2024_1/salas_2024_1.csv,./dados/2024_1/salas_preferenciais_2024.1.xlsx,/Users/robertdrey/Documents/workspace/development/alocador_de_salas,resultados/experimentos/2024_1/hibridas_dia_turno_curso_pares/pares_dia_turno_curso_init180.sol,resultados/experimentos/2024_1/hibridas_dia_turno_curso_pares/pares_dia_turno_curso_init180.csv,resultados/experimentos/2024_1/hibridas_dia_turno_curso_pares/pares_dia_turno_curso_init180.json,par_cursos -> dia_turno_curso,alfabetica,,alfabetica,,180.0,1,180.0,600.0,1,0,TEMPO_TOTAL,2,2,N,EAS
2,4,20,dia_turno_curso,2_N_FIL,53,11730,83260,OPTIMAL,185256.5,185256.5,False,185256.5,1.46,1.16,600.0,,,alfabetica,,,2,True,True,TEMPO_TOTAL,iteracao,hibrida_pares_dia_turno_curso,180.0,180.0,600.0,14400.0,False,False,alfabetica,,alfabetica,,./dados/2024_1/horarios_2024_1.xlsx,./dados/2024_1/salas_2024_1.csv,./dados/2024_1/salas_preferenciais_2024.1.xlsx,/Users/robertdrey/Documents/workspace/development/alocador_de_salas,resultados/experimentos/2024_1/hibridas_dia_turno_curso_pares/pares_dia_turno_curso_init180.sol,resultados/experimentos/2024_1/hibridas_dia_turno_curso_pares/pares_dia_turno_curso_init180.csv,resultados/experimentos/2024_1/hibridas_dia_turno_curso_pares/pares_dia_turno_curso_init180.json,par_cursos -> dia_turno_curso,alfabetica,,alfabetica,,180.0,1,180.0,600.0,1,0,TEMPO_TOTAL,2,2,N,FIL
2,4,21,dia_turno_curso,2_N_GEO,48,10994,83996,OPTIMAL,185256.5,185256.5,False,185256.5,1.43,1.11,600.0,,,alfabetica,,,2,True,True,TEMPO_TOTAL,iteracao,hibrida_pares_dia_turno_curso,180.0,180.0,600.0,14400.0,False,False,alfabetica,,alfabetica,,./dados/2024_1/horarios_2024_1.xlsx,./dados/2024_1/salas_2024_1.csv,./dados/2024_1/salas_preferenciais_2024.1.xlsx,/Users/robertdrey/Documents/workspace/development/alocador_de_salas,resultados/experimentos/2024_1/hibridas_dia_turno_curso_pares/pares_dia_turno_curso_init180.sol,resultados/experimentos/2024_1/hibridas_dia_turno_curso_pares/pares_dia_turno_curso_init180.csv,resultados/experimentos/2024_1/hibridas_dia_turno_curso_pares/pares_dia_turno_curso_init180.json,par_cursos -> dia_turno_curso,alfabetica,,alfabetica,,180.0,1,180.0,600.0,1,0,TEMPO_TOTAL,2,2,N,GEO
2,4,22,dia_turno_curso,2_N_HIS,61,13570,81420,OPTIMAL,185256.5,185256.5,False,185256.5,2.0,1.69,600.0,,,alfabetica,,,2,True,True,TEMPO_TOTAL,iteracao,hibrida_pares_dia_turno_curso,180.0,180.0,600.0,14400.0,False,False,alfabetica,,alfabetica,,./dados/2024_1/horarios_2024_1.xlsx,./dados/2024_1/salas_2024_1.csv,./dados/2024_1/salas_preferenciais_2024.1.xlsx,/Users/robertdrey/Documents/workspace/development/alocador_de_salas,resultados/experimentos/2024_1/hibridas_dia_turno_curso_pares/pares_dia_turno_curso_init180.sol,resultados/experimentos/2024_1/hibridas_dia_turno_curso_pares/pares_dia_turno_curso_init180.csv,resultados/experimentos/2024_1/hibridas_dia_turno_curso_pares/pares_dia_turno_curso_init180.json,par_cursos -> dia_turno_curso,alfabetica,,alfabetica,,180.0,1,180.0,600.0,1,0,TEMPO_TOTAL,2,2,N,HIS
2,4,23,dia_turno_curso,2_N_LET,71,16790,78200,OPTIMAL,185256.5,185256.5,False,185256.5,2.65,2.34,600.0,,,alfabetica,,,2,True,True,TEMPO_TOTAL,iteracao,hibrida_pares_dia_turno_curso,180.0,180.0,600.0,14400.0,False,False,alfabetica,,alfabetica,,./dados/2024_1/horarios_2024_1.xlsx,./dados/2024_1/salas_2024_1.csv,./dados/2024_1/salas_preferenciais_2024.1.xlsx,/Users/robertdrey/Documents/workspace/development/alocador_de_salas,resultados/experimentos/2024_1/hibridas_dia_turno_curso_pares/pares_dia_turno_curso_init180.sol,resultados/experimentos/2024_1/hibridas_dia_turno_curso_pares/pares_dia_turno_curso_init180.csv,resultados/experimentos/2024_1/hibridas_dia_turno_curso_pares/pares_dia_turno_curso_init180.json,par_cursos -> dia_turno_curso,alfabetica,,alfabetica,,180.0,1,180.0,600.0,1,0,TEMPO_TOTAL,2,2,N,LET
2,4,24,dia_turno_curso,2_N_MAT,60,13386,81604,OPTIMAL,185256.5,185256.5,False,185256.5,1.91,1.59,600.0,,,alfabetica,,,2,True,True,TEMPO_TOTAL,iteracao,hibrida_pares_dia_turno_curso,180.0,180.0,600.0,14400.0,False,False,alfabetica,,alfabetica,,./dados/2024_1/horarios_2024_1.xlsx,./dados/2024_1/salas_2024_1.csv,./dados/2024_1/salas_preferenciais_2024.1.xlsx,/Users/robertdrey/Documents/workspace/development/alocador_de_salas,resultados/experimentos/2024_1/hibridas_dia_turno_curso_pares/pares_dia_turno_curso_init180.sol,resultados/experimentos/2024_1/hibridas_dia_turno_curso_pares/pares_dia_turno_curso_init180.csv,resultados/experimentos/2024_1/hibridas_dia_turno_curso_pares/pares_dia_turno_curso_init180.json,par_cursos -> dia_turno_curso,alfabetica,,alfabetica,,180.0,1,180.0,600.0,1,0,TEMPO_TOTAL,2,2,N,MAT
2,4,25,dia_turno_curso,2_N_MED,81,18630,76360,OPTIMAL,185256.5,185256.5,False,185256.5,1.78,1.48,600.0,,,alfabetica,,,2,True,True,TEMPO_TOTAL,iteracao,hibrida_pares_dia_turno_curso,180.0,180.0,600.0,14400.0,False,False,alfabetica,,alfabetica,,./dados/2024_1/horarios_2024_1.xlsx,./dados/2024_1/salas_2024_1.csv,./dados/2024_1/salas_preferenciais_2024.1.xlsx,/Users/robertdrey/Documents/workspace/development/alocador_de_salas,resultados/experimentos/2024_1/hibridas_dia_turno_curso_pares/pares_dia_turno_curso_init180.sol,resultados/experimentos/2024_1/hibridas_dia_turno_curso_pares/pares_dia_turno_curso_init180.csv,resultados/experimentos/2024_1/hibridas_dia_turno_curso_pares/pares_dia_turno_curso_init180.json,par_cursos -> dia_turno_curso,alfabetica,,alfabetica,,180.0,1,180.0,600.0,1,0,TEMPO_TOTAL,2,2,N,MED
2,4,26,dia_turno_curso,2_N_PED,91,21022,73968,OPTIMAL,185256.5,185256.5,False,185256.5,37.1,36.8,600.0,,,alfabetica,,,2,True,True,TEMPO_TOTAL,iteracao,hibrida_pares_dia_turno_curso,180.0,180.0,600.0,14400.0,False,False,alfabetica,,alfabetica,,./dados/2024_1/horarios_2024_1.xlsx,./dados/2024_1/salas_2024_1.csv,./dados/2024_1/salas_preferenciais_2024.1.xlsx,/Users/robertdrey/Documents/workspace/development/alocador_de_salas,resultados/experimentos/2024_1/hibridas_dia_turno_curso_pares/pares_dia_turno_curso_init180.sol,resultados/experimentos/2024_1/hibridas_dia_turno_curso_pares/pares_dia_turno_curso_init180.csv,resultados/experimentos/2024_1/hibridas_dia_turno_curso_pares/pares_dia_turno_curso_init180.json,par_cursos -> dia_turno_curso,alfabetica,,alfabetica,,180.0,1,180.0,600.0,1,0,TEMPO_TOTAL,2,2,N,PED
2,4,27,dia_turno_curso,3_M_ADM,79,18676,76314,OPTIMAL,185256.5,185256.5,False,185256.5,2.94,2.64,600.0,,,alfabetica,,,2,True,True,TEMPO_TOTAL,iteracao,hibrida_pares_dia_turno_curso,180.0,180.0,600.0,14400.0,False,False,alfabetica,,alfabetica,,./dados/2024_1/horarios_2024_1.xlsx,./dados/2024_1/salas_2024_1.csv,./dados/2024_1/salas_preferenciais_2024.1.xlsx,/Users/robertdrey/Documents/workspace/development/alocador_de_salas,resultados/experimentos/2024_1/hibridas_dia_turno_curso_pares/pares_dia_turno_curso_init180.sol,resultados/experimentos/2024_1/hibridas_dia_turno_curso_pares/pares_dia_turno_curso_init180.csv,resultados/experimentos/2024_1/hibridas_dia_turno_curso_pares/pares_dia_turno_curso_init180.json,par_cursos -> dia_turno_curso,alfabetica,,alfabetica,,180.0,1,180.0,600.0,1,0,TEMPO_TOTAL,2,3,M,ADM
2,4,28,dia_turno_curso,3_M_AGRO,77,16514,78476,OPTIMAL,185256.5,185223.0,True,185223.0,17.27,16.96,600.0,,,alfabetica,,,2,True,True,TEMPO_TOTAL,iteracao,hibrida_pares_dia_turno_curso,180.0,180.0,600.0,14400.0,False,False,alfabetica,,alfabetica,,./dados/2024_1/horarios_2024_1.xlsx,./dados/2024_1/salas_2024_1.csv,./dados/2024_1/salas_preferenciais_2024.1.xlsx,/Users/robertdrey/Documents/workspace/development/alocador_de_salas,resultados/experimentos/2024_1/hibridas_dia_turno_curso_pares/pares_dia_turno_curso_init180.sol,resultados/experimentos/2024_1/hibridas_dia_turno_curso_pares/pares_dia_turno_curso_init180.csv,resultados/experimentos/2024_1/hibridas_dia_turno_curso_pares/pares_dia_turno_curso_init180.json,par_cursos -> dia_turno_curso,alfabetica,,alfabetica,,180.0,1,180.0,600.0,1,0,TEMPO_TOTAL,2,3,M,AGRO
2,4,29,dia_turno_curso,3_M_EAS,75,16928,78062,OPTIMAL,185223.0,185223.0,False,185223.0,2.47,2.15,600.0,,,alfabetica,,,2,True,True,TEMPO_TOTAL,iteracao,hibrida_pares_dia_turno_curso,180.0,180.0,600.0,14400.0,False,False,alfabetica,,alfabetica,,./dados/2024_1/horarios_2024_1.xlsx,./dados/2024_1/salas_2024_1.csv,./dados/2024_1/salas_preferenciais_2024.1.xlsx,/Users/robertdrey/Documents/workspace/development/alocador_de_salas,resultados/experimentos/2024_1/hibridas_dia_turno_curso_pares/pares_dia_turno_curso_init180.sol,resultados/experimentos/2024_1/hibridas_dia_turno_curso_pares/pares_dia_turno_curso_init180.csv,resultados/experimentos/2024_1/hibridas_dia_turno_curso_pares/pares_dia_turno_curso_init180.json,par_cursos -> dia_turno_curso,alfabetica,,alfabetica,,180.0,1,180.0,600.0,1,0,TEMPO_TOTAL,2,3,M,EAS
2,4,30,dia_turno_curso,3_M_ENF,49,15640,79350,OPTIMAL,185223.0,185223.0,False,185223.0,3.93,3.62,600.0,,,alfabetica,,,2,True,True,TEMPO_TOTAL,iteracao,hibrida_pares_dia_turno_curso,180.0,180.0,600.0,14400.0,False,False,alfabetica,,alfabetica,,./dados/2024_1/horarios_2024_1.xlsx,./dados/2024_1/salas_2024_1.csv,./dados/2024_1/salas_preferenciais_2024.1.xlsx,/Users/robertdrey/Documents/workspace/development/alocador_de_salas,resultados/experimentos/2024_1/hibridas_dia_turno_curso_pares/pares_dia_turno_curso_init180.sol,resultados/experimentos/2024_1/hibridas_dia_turno_curso_pares/pares_dia_turno_curso_init180.csv,resultados/experimentos/2024_1/hibridas_dia_turno_curso_pares/pares_dia_turno_curso_init180.json,par_cursos -> dia_turno_curso,alfabetica,,alfabetica,,180.0,1,180.0,600.0,1,0,TEMPO_TOTAL,2,3,M,ENF
2,4,31,dia_turno_curso,3_M_MED,73,18492,76498,OPTIMAL,185223.0,185223.0,False,185223.0,5.26,4.94,600.0,,,alfabetica,,,2,True,True,TEMPO_TOTAL,iteracao,hibrida_pares_dia_turno_curso,180.0,180.0,600.0,14400.0,False,False,alfabetica,,alfabetica,,./dados/2024_1/horarios_2024_1.xlsx,./dados/2024_1/salas_2024_1.csv,./dados/2024_1/salas_preferenciais_2024.1.xlsx,/Users/robertdrey/Documents/workspace/development/alocador_de_salas,resultados/experimentos/2024_1/hibridas_dia_turno_curso_pares/pares_dia_turno_curso_init180.sol,resultados/experimentos/2024_1/hibridas_dia_turno_curso_pares/pares_dia_turno_curso_init180.csv,resultados/experimentos/2024_1/hibridas_dia_turno_curso_pares/pares_dia_turno_curso_init180.json,par_cursos -> dia_turno_curso,alfabetica,,alfabetica,,180.0,1,180.0,600.0,1,0,TEMPO_TOTAL,2,3,M,MED
2,4,32,dia_turno_curso,3_M_PED,86,22126,72864,OPTIMAL,185223.0,185223.0,False,185223.0,21.36,21.04,600.0,,,alfabetica,,,2,True,True,TEMPO_TOTAL,iteracao,hibrida_pares_dia_turno_curso,180.0,180.0,600.0,14400.0,False,False,alfabetica,,alfabetica,,./dados/2024_1/horarios_2024_1.xlsx,./dados/2024_1/salas_2024_1.csv,./dados/2024_1/salas_preferenciais_2024.1.xlsx,/Users/robertdrey/Documents/workspace/development/alocador_de_salas,resultados/experimentos/2024_1/hibridas_dia_turno_curso_pares/pares_dia_turno_curso_init180.sol,resultados/experimentos/2024_1/hibridas_dia_turno_curso_pares/pares_dia_turno_curso_init180.csv,resultados/experimentos/2024_1/hibridas_dia_turno_curso_pares/pares_dia_turno_curso_init180.json,par_cursos -> dia_turno_curso,alfabetica,,alfabetica,,180.0,1,180.0,600.0,1,0,TEMPO_TOTAL,2,3,M,PED
2,4,33,dia_turno_curso,3_T_AGRO,82,19872,75118,OPTIMAL,185223.0,185223.0,False,185223.0,12.12,11.81,600.0,,,alfabetica,,,2,True,True,TEMPO_TOTAL,iteracao,hibrida_pares_dia_turno_curso,180.0,180.0,600.0,14400.0,False,False,alfabetica,,alfabetica,,./dados/2024_1/horarios_2024_1.xlsx,./dados/2024_1/salas_2024_1.csv,./dados/2024_1/salas_preferenciais_2024.1.xlsx,/Users/robertdrey/Documents/workspace/development/alocador_de_salas,resultados/experimentos/2024_1/hibridas_dia_turno_curso_pares/pares_dia_turno_curso_init180.sol,resultados/experimentos/2024_1/hibridas_dia_turno_curso_pares/pares_dia_turno_curso_init180.csv,resultados/experimentos/2024_1/hibridas_dia_turno_curso_pares/pares_dia_turno_curso_init180.json,par_cursos -> dia_turno_curso,alfabetica,,alfabetica,,180.0,1,180.0,600.0,1,0,TEMPO_TOTAL,2,3,T,AGRO
2,4,34,dia_turno_curso,3_T_CC,71,19964,75026,OPTIMAL,185223.0,185223.0,False,185223.0,2.8,2.49,600.0,,,alfabetica,,,2,True,True,TEMPO_TOTAL,iteracao,hibrida_pares_dia_turno_curso,180.0,180.0,600.0,14400.0,False,False,alfabetica,,alfabetica,,./dados/2024_1/horarios_2024_1.xlsx,./dados/2024_1/salas_2024_1.csv,./dados/2024_1/salas_preferenciais_2024.1.xlsx,/Users/robertdrey/Documents/workspace/development/alocador_de_salas,resultados/experimentos/2024_1/hibridas_dia_turno_curso_pares/pares_dia_turno_curso_init180.sol,resultados/experimentos/2024_1/hibridas_dia_turno_curso_pares/pares_dia_turno_curso_init180.csv,resultados/experimentos/2024_1/hibridas_dia_turno_curso_pares/pares_dia_turno_curso_init180.json,par_cursos -> dia_turno_curso,alfabetica,,alfabetica,,180.0,1,180.0,600.0,1,0,TEMPO_TOTAL,2,3,T,CC
2,4,35,dia_turno_curso,3_T_EAS,74,17848,77142,OPTIMAL,185223.0,185223.0,False,185223.0,1.68,1.37,600.0,,,alfabetica,,,2,True,True,TEMPO_TOTAL,iteracao,hibrida_pares_dia_turno_curso,180.0,180.0,600.0,14400.0,False,False,alfabetica,,alfabetica,,./dados/2024_1/horarios_2024_1.xlsx,./dados/2024_1/salas_2024_1.csv,./dados/2024_1/salas_preferenciais_2024.1.xlsx,/Users/robertdrey/Documents/workspace/development/alocador_de_salas,resultados/experimentos/2024_1/hibridas_dia_turno_curso_pares/pares_dia_turno_curso_init180.sol,resultados/experimentos/2024_1/hibridas_dia_turno_curso_pares/pares_dia_turno_curso_init180.csv,resultados/experimentos/2024_1/hibridas_dia_turno_curso_pares/pares_dia_turno_curso_init180.json,par_cursos -> dia_turno_curso,alfabetica,,alfabetica,,180.0,1,180.0,600.0,1,0,TEMPO_TOTAL,2,3,T,EAS
2,4,36,dia_turno_curso,3_T_ENF,47,16146,78844,OPTIMAL,185223.0,185223.0,False,185223.0,3.21,2.89,600.0,,,alfabetica,,,2,True,True,TEMPO_TOTAL,iteracao,hibrida_pares_dia_turno_curso,180.0,180.0,600.0,14400.0,False,False,alfabetica,,alfabetica,,./dados/2024_1/horarios_2024_1.xlsx,./dados/2024_1/salas_2024_1.csv,./dados/2024_1/salas_preferenciais_2024.1.xlsx,/Users/robertdrey/Documents/workspace/development/alocador_de_salas,resultados/experimentos/2024_1/hibridas_dia_turno_curso_pares/pares_dia_turno_curso_init180.sol,resultados/experimentos/2024_1/hibridas_dia_turno_curso_pares/pares_dia_turno_curso_init180.csv,resultados/experimentos/2024_1/hibridas_dia_turno_curso_pares/pares_dia_turno_curso_init180.json,par_cursos -> dia_turno_curso,alfabetica,,alfabetica,,180.0,1,180.0,600.0,1,0,TEMPO_TOTAL,2,3,T,ENF
2,4,37,dia_turno_curso,3_T_GEO,43,13524,81466,OPTIMAL,185223.0,185223.0,False,185223.0,1.2,0.88,600.0,,,alfabetica,,,2,True,True,TEMPO_TOTAL,iteracao,hibrida_pares_dia_turno_curso,180.0,180.0,600.0,14400.0,False,False,alfabetica,,alfabetica,,./dados/2024_1/horarios_2024_1.xlsx,./dados/2024_1/salas_2024_1.csv,./dados/2024_1/salas_preferenciais_2024.1.xlsx,/Users/robertdrey/Documents/workspace/development/alocador_de_salas,resultados/experimentos/2024_1/hibridas_dia_turno_curso_pares/pares_dia_turno_curso_init180.sol,resultados/experimentos/2024_1/hibridas_dia_turno_curso_pares/pares_dia_turno_curso_init180.csv,resultados/experimentos/2024_1/hibridas_dia_turno_curso_pares/pares_dia_turno_curso_init180.json,par_cursos -> dia_turno_curso,alfabetica,,alfabetica,,180.0,1,180.0,600.0,1,0,TEMPO_TOTAL,2,3,T,GEO
2,4,38,dia_turno_curso,3_T_LET,67,19090,75900,OPTIMAL,185223.0,185223.0,False,185223.0,2.17,1.86,600.0,,,alfabetica,,,2,True,True,TEMPO_TOTAL,iteracao,hibrida_pares_dia_turno_curso,180.0,180.0,600.0,14400.0,False,False,alfabetica,,alfabetica,,./dados/2024_1/horarios_2024_1.xlsx,./dados/2024_1/salas_2024_1.csv,./dados/2024_1/salas_preferenciais_2024.1.xlsx,/Users/robertdrey/Documents/workspace/development/alocador_de_salas,resultados/experimentos/2024_1/hibridas_dia_turno_curso_pares/pares_dia_turno_curso_init180.sol,resultados/experimentos/2024_1/hibridas_dia_turno_curso_pares/pares_dia_turno_curso_init180.csv,resultados/experimentos/2024_1/hibridas_dia_turno_curso_pares/pares_dia_turno_curso_init180.json,par_cursos -> dia_turno_curso,alfabetica,,alfabetica,,180.0,1,180.0,600.0,1,0,TEMPO_TOTAL,2,3,T,LET
2,4,39,dia_turno_curso,3_T_MED,68,19504,75486,OPTIMAL,185223.0,185223.0,False,185223.0,2.47,2.16,600.0,,,alfabetica,,,2,True,True,TEMPO_TOTAL,iteracao,hibrida_pares_dia_turno_curso,180.0,180.0,600.0,14400.0,False,False,alfabetica,,alfabetica,,./dados/2024_1/horarios_2024_1.xlsx,./dados/2024_1/salas_2024_1.csv,./dados/2024_1/salas_preferenciais_2024.1.xlsx,/Users/robertdrey/Documents/workspace/development/alocador_de_salas,resultados/experimentos/2024_1/hibridas_dia_turno_curso_pares/pares_dia_turno_curso_init180.sol,resultados/experimentos/2024_1/hibridas_dia_turno_curso_pares/pares_dia_turno_curso_init180.csv,resultados/experimentos/2024_1/hibridas_dia_turno_curso_pares/pares_dia_turno_curso_init180.json,par_cursos -> dia_turno_curso,alfabetica,,alfabetica,,180.0,1,180.0,600.0,1,0,TEMPO_TOTAL,2,3,T,MED
2,4,40,dia_turno_curso,3_N_ADM,84,16468,78522,OPTIMAL,185223.0,185223.0,False,185223.0,2.88,2.58,600.0,,,alfabetica,,,2,True,True,TEMPO_TOTAL,iteracao,hibrida_pares_dia_turno_curso,180.0,180.0,600.0,14400.0,False,False,alfabetica,,alfabetica,,./dados/2024_1/horarios_2024_1.xlsx,./dados/2024_1/salas_2024_1.csv,./dados/2024_1/salas_preferenciais_2024.1.xlsx,/Users/robertdrey/Documents/workspace/development/alocador_de_salas,resultados/experimentos/2024_1/hibridas_dia_turno_curso_pares/pares_dia_turno_curso_init180.sol,resultados/experimentos/2024_1/hibridas_dia_turno_curso_pares/pares_dia_turno_curso_init180.csv,resultados/experimentos/2024_1/hibridas_dia_turno_curso_pares/pares_dia_turno_curso_init180.json,par_cursos -> dia_turno_curso,alfabetica,,alfabetica,,180.0,1,180.0,600.0,1,0,TEMPO_TOTAL,2,3,N,ADM
2,4,41,dia_turno_curso,3_N_CC,81,17342,77648,OPTIMAL,185223.0,185223.0,False,185223.0,7.21,6.9,600.0,,,alfabetica,,,2,True,True,TEMPO_TOTAL,iteracao,hibrida_pares_dia_turno_curso,180.0,180.0,600.0,14400.0,False,False,alfabetica,,alfabetica,,./dados/2024_1/horarios_2024_1.xlsx,./dados/2024_1/salas_2024_1.csv,./dados/2024_1/salas_preferenciais_2024.1.xlsx,/Users/robertdrey/Documents/workspace/development/alocador_de_salas,resultados/experimentos/2024_1/hibridas_dia_turno_curso_pares/pares_dia_turno_curso_init180.sol,resultados/experimentos/2024_1/hibridas_dia_turno_curso_pares/pares_dia_turno_curso_init180.csv,resultados/experimentos/2024_1/hibridas_dia_turno_curso_pares/pares_dia_turno_curso_init180.json,par_cursos -> dia_turno_curso,alfabetica,,alfabetica,,180.0,1,180.0,600.0,1,0,TEMPO_TOTAL,2,3,N,CC
2,4,42,dia_turno_curso,3_N_CS,57,11546,83444,OPTIMAL,185223.0,185223.0,False,185223.0,1.7,1.4,600.0,,,alfabetica,,,2,True,True,TEMPO_TOTAL,iteracao,hibrida_pares_dia_turno_curso,180.0,180.0,600.0,14400.0,False,False,alfabetica,,alfabetica,,./dados/2024_1/horarios_2024_1.xlsx,./dados/2024_1/salas_2024_1.csv,./dados/2024_1/salas_preferenciais_2024.1.xlsx,/Users/robertdrey/Documents/workspace/development/alocador_de_salas,resultados/experimentos/2024_1/hibridas_dia_turno_curso_pares/pares_dia_turno_curso_init180.sol,resultados/experimentos/2024_1/hibridas_dia_turno_curso_pares/pares_dia_turno_curso_init180.csv,resultados/experimentos/2024_1/hibridas_dia_turno_curso_pares/pares_dia_turno_curso_init180.json,par_cursos -> dia_turno_curso,alfabetica,,alfabetica,,180.0,1,180.0,600.0,1,0,TEMPO_TOTAL,2,3,N,CS
2,4,43,dia_turno_curso,3_N_EAS,84,15180,79810,OPTIMAL,185223.0,185223.0,False,185223.0,1.8,1.5,600.0,,,alfabetica,,,2,True,True,TEMPO_TOTAL,iteracao,hibrida_pares_dia_turno_curso,180.0,180.0,600.0,14400.0,False,False,alfabetica,,alfabetica,,./dados/2024_1/horarios_2024_1.xlsx,./dados/2024_1/salas_2024_1.csv,./dados/2024_1/salas_preferenciais_2024.1.xlsx,/Users/robertdrey/Documents/workspace/development/alocador_de_salas,resultados/experimentos/2024_1/hibridas_dia_turno_curso_pares/pares_dia_turno_curso_init180.sol,resultados/experimentos/2024_1/hibridas_dia_turno_curso_pares/pares_dia_turno_curso_init180.csv,resultados/experimentos/2024_1/hibridas_dia_turno_curso_pares/pares_dia_turno_curso_init180.json,par_cursos -> dia_turno_curso,alfabetica,,alfabetica,,180.0,1,180.0,600.0,1,0,TEMPO_TOTAL,2,3,N,EAS
2,4,44,dia_turno_curso,3_N_FIL,53,10304,84686,OPTIMAL,185223.0,185223.0,False,185223.0,1.39,1.08,600.0,,,alfabetica,,,2,True,True,TEMPO_TOTAL,iteracao,hibrida_pares_dia_turno_curso,180.0,180.0,600.0,14400.0,False,False,alfabetica,,alfabetica,,./dados/2024_1/horarios_2024_1.xlsx,./dados/2024_1/salas_2024_1.csv,./dados/2024_1/salas_preferenciais_2024.1.xlsx,/Users/robertdrey/Documents/workspace/development/alocador_de_salas,resultados/experimentos/2024_1/hibridas_dia_turno_curso_pares/pares_dia_turno_curso_init180.sol,resultados/experimentos/2024_1/hibridas_dia_turno_curso_pares/pares_dia_turno_curso_init180.csv,resultados/experimentos/2024_1/hibridas_dia_turno_curso_pares/pares_dia_turno_curso_init180.json,par_cursos -> dia_turno_curso,alfabetica,,alfabetica,,180.0,1,180.0,600.0,1,0,TEMPO_TOTAL,2,3,N,FIL
2,4,45,dia_turno_curso,3_N_GEO,48,9568,85422,OPTIMAL,185223.0,185223.0,False,185223.0,1.71,1.39,600.0,,,alfabetica,,,2,True,True,TEMPO_TOTAL,iteracao,hibrida_pares_dia_turno_curso,180.0,180.0,600.0,14400.0,False,False,alfabetica,,alfabetica,,./dados/2024_1/horarios_2024_1.xlsx,./dados/2024_1/salas_2024_1.csv,./dados/2024_1/salas_preferenciais_2024.1.xlsx,/Users/robertdrey/Documents/workspace/development/alocador_de_salas,resultados/experimentos/2024_1/hibridas_dia_turno_curso_pares/pares_dia_turno_curso_init180.sol,resultados/experimentos/2024_1/hibridas_dia_turno_curso_pares/pares_dia_turno_curso_init180.csv,resultados/experimentos/2024_1/hibridas_dia_turno_curso_pares/pares_dia_turno_curso_init180.json,par_cursos -> dia_turno_curso,alfabetica,,alfabetica,,180.0,1,180.0,600.0,1,0,TEMPO_TOTAL,2,3,N,GEO
2,4,46,dia_turno_curso,3_N_HIS,60,11960,83030,OPTIMAL,185223.0,185223.0,False,185223.0,1.98,1.66,600.0,,,alfabetica,,,2,True,True,TEMPO_TOTAL,iteracao,hibrida_pares_dia_turno_curso,180.0,180.0,600.0,14400.0,False,False,alfabetica,,alfabetica,,./dados/2024_1/horarios_2024_1.xlsx,./dados/2024_1/salas_2024_1.csv,./dados/2024_1/salas_preferenciais_2024.1.xlsx,/Users/robertdrey/Documents/workspace/development/alocador_de_salas,resultados/experimentos/2024_1/hibridas_dia_turno_curso_pares/pares_dia_turno_curso_init180.sol,resultados/experimentos/2024_1/hibridas_dia_turno_curso_pares/pares_dia_turno_curso_init180.csv,resultados/experimentos/2024_1/hibridas_dia_turno_curso_pares/pares_dia_turno_curso_init180.json,par_cursos -> dia_turno_curso,alfabetica,,alfabetica,,180.0,1,180.0,600.0,1,0,TEMPO_TOTAL,2,3,N,HIS
2,4,47,dia_turno_curso,3_N_LET,70,15732,79258,OPTIMAL,185223.0,185223.0,False,185223.0,3.49,3.17,600.0,,,alfabetica,,,2,True,True,TEMPO_TOTAL,iteracao,hibrida_pares_dia_turno_curso,180.0,180.0,600.0,14400.0,False,False,alfabetica,,alfabetica,,./dados/2024_1/horarios_2024_1.xlsx,./dados/2024_1/salas_2024_1.csv,./dados/2024_1/salas_preferenciais_2024.1.xlsx,/Users/robertdrey/Documents/workspace/development/alocador_de_salas,resultados/experimentos/2024_1/hibridas_dia_turno_curso_pares/pares_dia_turno_curso_init180.sol,resultados/experimentos/2024_1/hibridas_dia_turno_curso_pares/pares_dia_turno_curso_init180.csv,resultados/experimentos/2024_1/hibridas_dia_turno_curso_pares/pares_dia_turno_curso_init180.json,par_cursos -> dia_turno_curso,alfabetica,,alfabetica,,180.0,1,180.0,600.0,1,0,TEMPO_TOTAL,2,3,N,LET
2,4,48,dia_turno_curso,3_N_MAT,58,11960,83030,OPTIMAL,185223.0,185223.0,False,185223.0,2.31,1.98,600.0,,,alfabetica,,,2,True,True,TEMPO_TOTAL,iteracao,hibrida_pares_dia_turno_curso,180.0,180.0,600.0,14400.0,False,False,alfabetica,,alfabetica,,./dados/2024_1/horarios_2024_1.xlsx,./dados/2024_1/salas_2024_1.csv,./dados/2024_1/salas_preferenciais_2024.1.xlsx,/Users/robertdrey/Documents/workspace/development/alocador_de_salas,resultados/experimentos/2024_1/hibridas_dia_turno_curso_pares/pares_dia_turno_curso_init180.sol,resultados/experimentos/2024_1/hibridas_dia_turno_curso_pares/pares_dia_turno_curso_init180.csv,resultados/experimentos/2024_1/hibridas_dia_turno_curso_pares/pares_dia_turno_curso_init180.json,par_cursos -> dia_turno_curso,alfabetica,,alfabetica,,180.0,1,180.0,600.0,1,0,TEMPO_TOTAL,2,3,N,MAT
2,4,49,dia_turno_curso,3_N_PED,91,19504,75486,OPTIMAL,185223.0,185223.0,False,185223.0,12.55,12.21,600.0,,,alfabetica,,,2,True,True,TEMPO_TOTAL,iteracao,hibrida_pares_dia_turno_curso,180.0,180.0,600.0,14400.0,False,False,alfabetica,,alfabetica,,./dados/2024_1/horarios_2024_1.xlsx,./dados/2024_1/salas_2024_1.csv,./dados/2024_1/salas_preferenciais_2024.1.xlsx,/Users/robertdrey/Documents/workspace/development/alocador_de_salas,resultados/experimentos/2024_1/hibridas_dia_turno_curso_pares/pares_dia_turno_curso_init180.sol,resultados/experimentos/2024_1/hibridas_dia_turno_curso_pares/pares_dia_turno_curso_init180.csv,resultados/experimentos/2024_1/hibridas_dia_turno_curso_pares/pares_dia_turno_curso_init180.json,par_cursos -> dia_turno_curso,alfabetica,,alfabetica,,180.0,1,180.0,600.0,1,0,TEMPO_TOTAL,2,3,N,PED
2,4,50,dia_turno_curso,4_M_ADM,78,19596,75394,OPTIMAL,185223.0,185223.0,False,185223.0,2.02,1.69,600.0,,,alfabetica,,,2,True,True,TEMPO_TOTAL,iteracao,hibrida_pares_dia_turno_curso,180.0,180.0,600.0,14400.0,False,False,alfabetica,,alfabetica,,./dados/2024_1/horarios_2024_1.xlsx,./dados/2024_1/salas_2024_1.csv,./dados/2024_1/salas_preferenciais_2024.1.xlsx,/Users/robertdrey/Documents/workspace/development/alocador_de_salas,resultados/experimentos/2024_1/hibridas_dia_turno_curso_pares/pares_dia_turno_curso_init180.sol,resultados/experimentos/2024_1/hibridas_dia_turno_curso_pares/pares_dia_turno_curso_init180.csv,resultados/experimentos/2024_1/hibridas_dia_turno_curso_pares/pares_dia_turno_curso_init180.json,par_cursos -> dia_turno_curso,alfabetica,,alfabetica,,180.0,1,180.0,600.0,1,0,TEMPO_TOTAL,2,4,M,ADM
2,4,51,dia_turno_curso,4_M_AGRO,77,17710,77280,OPTIMAL,185223.0,185223.0,False,185223.0,23.04,22.72,600.0,,,alfabetica,,,2,True,True,TEMPO_TOTAL,iteracao,hibrida_pares_dia_turno_curso,180.0,180.0,600.0,14400.0,False,False,alfabetica,,alfabetica,,./dados/2024_1/horarios_2024_1.xlsx,./dados/2024_1/salas_2024_1.csv,./dados/2024_1/salas_preferenciais_2024.1.xlsx,/Users/robertdrey/Documents/workspace/development/alocador_de_salas,resultados/experimentos/2024_1/hibridas_dia_turno_curso_pares/pares_dia_turno_curso_init180.sol,resultados/experimentos/2024_1/hibridas_dia_turno_curso_pares/pares_dia_turno_curso_init180.csv,resultados/experimentos/2024_1/hibridas_dia_turno_curso_pares/pares_dia_turno_curso_init180.json,par_cursos -> dia_turno_curso,alfabetica,,alfabetica,,180.0,1,180.0,600.0,1,0,TEMPO_TOTAL,2,4,M,AGRO
2,4,52,dia_turno_curso,4_M_CS,56,15180,79810,OPTIMAL,185223.0,185223.0,False,185223.0,1.55,1.24,600.0,,,alfabetica,,,2,True,True,TEMPO_TOTAL,iteracao,hibrida_pares_dia_turno_curso,180.0,180.0,600.0,14400.0,False,False,alfabetica,,alfabetica,,./dados/2024_1/horarios_2024_1.xlsx,./dados/2024_1/salas_2024_1.csv,./dados/2024_1/salas_preferenciais_2024.1.xlsx,/Users/robertdrey/Documents/workspace/development/alocador_de_salas,resultados/experimentos/2024_1/hibridas_dia_turno_curso_pares/pares_dia_turno_curso_init180.sol,resultados/experimentos/2024_1/hibridas_dia_turno_curso_pares/pares_dia_turno_curso_init180.csv,resultados/experimentos/2024_1/hibridas_dia_turno_curso_pares/pares_dia_turno_curso_init180.json,par_cursos -> dia_turno_curso,alfabetica,,alfabetica,,180.0,1,180.0,600.0,1,0,TEMPO_TOTAL,2,4,M,CS
2,4,53,dia_turno_curso,4_M_EAS,74,17756,77234,OPTIMAL,185223.0,185223.0,False,185223.0,2.47,2.16,600.0,,,alfabetica,,,2,True,True,TEMPO_TOTAL,iteracao,hibrida_pares_dia_turno_curso,180.0,180.0,600.0,14400.0,False,False,alfabetica,,alfabetica,,./dados/2024_1/horarios_2024_1.xlsx,./dados/2024_1/salas_2024_1.csv,./dados/2024_1/salas_preferenciais_2024.1.xlsx,/Users/robertdrey/Documents/workspace/development/alocador_de_salas,resultados/experimentos/2024_1/hibridas_dia_turno_curso_pares/pares_dia_turno_curso_init180.sol,resultados/experimentos/2024_1/hibridas_dia_turno_curso_pares/pares_dia_turno_curso_init180.csv,resultados/experimentos/2024_1/hibridas_dia_turno_curso_pares/pares_dia_turno_curso_init180.json,par_cursos -> dia_turno_curso,alfabetica,,alfabetica,,180.0,1,180.0,600.0,1,0,TEMPO_TOTAL,2,4,M,EAS
2,4,54,dia_turno_curso,4_M_ENF,49,15318,79672,OPTIMAL,185223.0,185223.0,False,185223.0,4.3,3.98,600.0,,,alfabetica,,,2,True,True,TEMPO_TOTAL,iteracao,hibrida_pares_dia_turno_curso,180.0,180.0,600.0,14400.0,False,False,alfabetica,,alfabetica,,./dados/2024_1/horarios_2024_1.xlsx,./dados/2024_1/salas_2024_1.csv,./dados/2024_1/salas_preferenciais_2024.1.xlsx,/Users/robertdrey/Documents/workspace/development/alocador_de_salas,resultados/experimentos/2024_1/hibridas_dia_turno_curso_pares/pares_dia_turno_curso_init180.sol,resultados/experimentos/2024_1/hibridas_dia_turno_curso_pares/pares_dia_turno_curso_init180.csv,resultados/experimentos/2024_1/hibridas_dia_turno_curso_pares/pares_dia_turno_curso_init180.json,par_cursos -> dia_turno_curso,alfabetica,,alfabetica,,180.0,1,180.0,600.0,1,0,TEMPO_TOTAL,2,4,M,ENF
2,4,55,dia_turno_curso,4_M_MED,71,19412,75578,OPTIMAL,185223.0,185223.0,False,185223.0,2.36,2.03,600.0,,,alfabetica,,,2,True,True,TEMPO_TOTAL,iteracao,hibrida_pares_dia_turno_curso,180.0,180.0,600.0,14400.0,False,False,alfabetica,,alfabetica,,./dados/2024_1/horarios_2024_1.xlsx,./dados/2024_1/salas_2024_1.csv,./dados/2024_1/salas_preferenciais_2024.1.xlsx,/Users/robertdrey/Documents/workspace/development/alocador_de_salas,resultados/experimentos/2024_1/hibridas_dia_turno_curso_pares/pares_dia_turno_curso_init180.sol,resultados/experimentos/2024_1/hibridas_dia_turno_curso_pares/pares_dia_turno_curso_init180.csv,resultados/experimentos/2024_1/hibridas_dia_turno_curso_pares/pares_dia_turno_curso_init180.json,par_cursos -> dia_turno_curso,alfabetica,,alfabetica,,180.0,1,180.0,600.0,1,0,TEMPO_TOTAL,2,4,M,MED
2,4,56,dia_turno_curso,4_M_PED,86,23092,71898,OPTIMAL,185223.0,185223.0,False,185223.0,23.04,22.72,600.0,,,alfabetica,,,2,True,True,TEMPO_TOTAL,iteracao,hibrida_pares_dia_turno_curso,180.0,180.0,600.0,14400.0,False,False,alfabetica,,alfabetica,,./dados/2024_1/horarios_2024_1.xlsx,./dados/2024_1/salas_2024_1.csv,./dados/2024_1/salas_preferenciais_2024.1.xlsx,/Users/robertdrey/Documents/workspace/development/alocador_de_salas,resultados/experimentos/2024_1/hibridas_dia_turno_curso_pares/pares_dia_turno_curso_init180.sol,resultados/experimentos/2024_1/hibridas_dia_turno_curso_pares/pares_dia_turno_curso_init180.csv,resultados/experimentos/2024_1/hibridas_dia_turno_curso_pares/pares_dia_turno_curso_init180.json,par_cursos -> dia_turno_curso,alfabetica,,alfabetica,,180.0,1,180.0,600.0,1,0,TEMPO_TOTAL,2,4,M,PED
2,4,57,dia_turno_curso,4_T_AGRO,78,19458,75532,OPTIMAL,185223.0,185223.0,False,185223.0,22.13,21.81,600.0,,,alfabetica,,,2,True,True,TEMPO_TOTAL,iteracao,hibrida_pares_dia_turno_curso,180.0,180.0,600.0,14400.0,False,False,alfabetica,,alfabetica,,./dados/2024_1/horarios_2024_1.xlsx,./dados/2024_1/salas_2024_1.csv,./dados/2024_1/salas_preferenciais_2024.1.xlsx,/Users/robertdrey/Documents/workspace/development/alocador_de_salas,resultados/experimentos/2024_1/hibridas_dia_turno_curso_pares/pares_dia_turno_curso_init180.sol,resultados/experimentos/2024_1/hibridas_dia_turno_curso_pares/pares_dia_turno_curso_init180.csv,resultados/experimentos/2024_1/hibridas_dia_turno_curso_pares/pares_dia_turno_curso_init180.json,par_cursos -> dia_turno_curso,alfabetica,,alfabetica,,180.0,1,180.0,600.0,1,0,TEMPO_TOTAL,2,4,T,AGRO
2,4,58,dia_turno_curso,4_T_CC,69,19964,75026,OPTIMAL,185223.0,185223.0,False,185223.0,2.79,2.47,600.0,,,alfabetica,,,2,True,True,TEMPO_TOTAL,iteracao,hibrida_pares_dia_turno_curso,180.0,180.0,600.0,14400.0,False,False,alfabetica,,alfabetica,,./dados/2024_1/horarios_2024_1.xlsx,./dados/2024_1/salas_2024_1.csv,./dados/2024_1/salas_preferenciais_2024.1.xlsx,/Users/robertdrey/Documents/workspace/development/alocador_de_salas,resultados/experimentos/2024_1/hibridas_dia_turno_curso_pares/pares_dia_turno_curso_init180.sol,resultados/experimentos/2024_1/hibridas_dia_turno_curso_pares/pares_dia_turno_curso_init180.csv,resultados/experimentos/2024_1/hibridas_dia_turno_curso_pares/pares_dia_turno_curso_init180.json,par_cursos -> dia_turno_curso,alfabetica,,alfabetica,,180.0,1,180.0,600.0,1,0,TEMPO_TOTAL,2,4,T,CC
2,4,59,dia_turno_curso,4_T_CS,50,14950,80040,OPTIMAL,185223.0,185223.0,False,185223.0,1.11,0.8,600.0,,,alfabetica,,,2,True,True,TEMPO_TOTAL,iteracao,hibrida_pares_dia_turno_curso,180.0,180.0,600.0,14400.0,False,False,alfabetica,,alfabetica,,./dados/2024_1/horarios_2024_1.xlsx,./dados/2024_1/salas_2024_1.csv,./dados/2024_1/salas_preferenciais_2024.1.xlsx,/Users/robertdrey/Documents/workspace/development/alocador_de_salas,resultados/experimentos/2024_1/hibridas_dia_turno_curso_pares/pares_dia_turno_curso_init180.sol,resultados/experimentos/2024_1/hibridas_dia_turno_curso_pares/pares_dia_turno_curso_init180.csv,resultados/experimentos/2024_1/hibridas_dia_turno_curso_pares/pares_dia_turno_curso_init180.json,par_cursos -> dia_turno_curso,alfabetica,,alfabetica,,180.0,1,180.0,600.0,1,0,TEMPO_TOTAL,2,4,T,CS
2,4,60,dia_turno_curso,4_T_EAS,71,17986,77004,OPTIMAL,185223.0,185223.0,False,185223.0,1.45,1.15,600.0,,,alfabetica,,,2,True,True,TEMPO_TOTAL,iteracao,hibrida_pares_dia_turno_curso,180.0,180.0,600.0,14400.0,False,False,alfabetica,,alfabetica,,./dados/2024_1/horarios_2024_1.xlsx,./dados/2024_1/salas_2024_1.csv,./dados/2024_1/salas_preferenciais_2024.1.xlsx,/Users/robertdrey/Documents/workspace/development/alocador_de_salas,resultados/experimentos/2024_1/hibridas_dia_turno_curso_pares/pares_dia_turno_curso_init180.sol,resultados/experimentos/2024_1/hibridas_dia_turno_curso_pares/pares_dia_turno_curso_init180.csv,resultados/experimentos/2024_1/hibridas_dia_turno_curso_pares/pares_dia_turno_curso_init180.json,par_cursos -> dia_turno_curso,alfabetica,,alfabetica,,180.0,1,180.0,600.0,1,0,TEMPO_TOTAL,2,4,T,EAS
2,4,61,dia_turno_curso,4_T_ENF,43,16192,78798,OPTIMAL,185223.0,185223.0,False,185223.0,5.52,5.2,600.0,,,alfabetica,,,2,True,True,TEMPO_TOTAL,iteracao,hibrida_pares_dia_turno_curso,180.0,180.0,600.0,14400.0,False,False,alfabetica,,alfabetica,,./dados/2024_1/horarios_2024_1.xlsx,./dados/2024_1/salas_2024_1.csv,./dados/2024_1/salas_preferenciais_2024.1.xlsx,/Users/robertdrey/Documents/workspace/development/alocador_de_salas,resultados/experimentos/2024_1/hibridas_dia_turno_curso_pares/pares_dia_turno_curso_init180.sol,resultados/experimentos/2024_1/hibridas_dia_turno_curso_pares/pares_dia_turno_curso_init180.csv,resultados/experimentos/2024_1/hibridas_dia_turno_curso_pares/pares_dia_turno_curso_init180.json,par_cursos -> dia_turno_curso,alfabetica,,alfabetica,,180.0,1,180.0,600.0,1,0,TEMPO_TOTAL,2,4,T,ENF
2,4,62,dia_turno_curso,4_T_LET,60,17618,77372,OPTIMAL,185223.0,185223.0,False,185223.0,2.06,1.74,600.0,,,alfabetica,,,2,True,True,TEMPO_TOTAL,iteracao,hibrida_pares_dia_turno_curso,180.0,180.0,600.0,14400.0,False,False,alfabetica,,alfabetica,,./dados/2024_1/horarios_2024_1.xlsx,./dados/2024_1/salas_2024_1.csv,./dados/2024_1/salas_preferenciais_2024.1.xlsx,/Users/robertdrey/Documents/workspace/development/alocador_de_salas,resultados/experimentos/2024_1/hibridas_dia_turno_curso_pares/pares_dia_turno_curso_init180.sol,resultados/experimentos/2024_1/hibridas_dia_turno_curso_pares/pares_dia_turno_curso_init180.csv,resultados/experimentos/2024_1/hibridas_dia_turno_curso_pares/pares_dia_turno_curso_init180.json,par_cursos -> dia_turno_curso,alfabetica,,alfabetica,,180.0,1,180.0,600.0,1,0,TEMPO_TOTAL,2,4,T,LET
2,4,63,dia_turno_curso,4_T_MAT,51,15410,79580,OPTIMAL,185223.0,185223.0,False,185223.0,1.38,1.07,600.0,,,alfabetica,,,2,True,True,TEMPO_TOTAL,iteracao,hibrida_pares_dia_turno_curso,180.0,180.0,600.0,14400.0,False,False,alfabetica,,alfabetica,,./dados/2024_1/horarios_2024_1.xlsx,./dados/2024_1/salas_2024_1.csv,./dados/2024_1/salas_preferenciais_2024.1.xlsx,/Users/robertdrey/Documents/workspace/development/alocador_de_salas,resultados/experimentos/2024_1/hibridas_dia_turno_curso_pares/pares_dia_turno_curso_init180.sol,resultados/experimentos/2024_1/hibridas_dia_turno_curso_pares/pares_dia_turno_curso_init180.csv,resultados/experimentos/2024_1/hibridas_dia_turno_curso_pares/pares_dia_turno_curso_init180.json,par_cursos -> dia_turno_curso,alfabetica,,alfabetica,,180.0,1,180.0,600.0,1,0,TEMPO_TOTAL,2,4,T,MAT
2,4,64,dia_turno_curso,4_T_MED,64,18676,76314,OPTIMAL,185223.0,185223.0,False,185223.0,1.73,1.42,600.0,,,alfabetica,,,2,True,True,TEMPO_TOTAL,iteracao,hibrida_pares_dia_turno_curso,180.0,180.0,600.0,14400.0,False,False,alfabetica,,alfabetica,,./dados/2024_1/horarios_2024_1.xlsx,./dados/2024_1/salas_2024_1.csv,./dados/2024_1/salas_preferenciais_2024.1.xlsx,/Users/robertdrey/Documents/workspace/development/alocador_de_salas,resultados/experimentos/2024_1/hibridas_dia_turno_curso_pares/pares_dia_turno_curso_init180.sol,resultados/experimentos/2024_1/hibridas_dia_turno_curso_pares/pares_dia_turno_curso_init180.csv,resultados/experimentos/2024_1/hibridas_dia_turno_curso_pares/pares_dia_turno_curso_init180.json,par_cursos -> dia_turno_curso,alfabetica,,alfabetica,,180.0,1,180.0,600.0,1,0,TEMPO_TOTAL,2,4,T,MED
2,4,65,dia_turno_curso,4_N_ADM,85,18262,76728,OPTIMAL,185223.0,185223.0,False,185223.0,2.94,2.63,600.0,,,alfabetica,,,2,True,True,TEMPO_TOTAL,iteracao,hibrida_pares_dia_turno_curso,180.0,180.0,600.0,14400.0,False,False,alfabetica,,alfabetica,,./dados/2024_1/horarios_2024_1.xlsx,./dados/2024_1/salas_2024_1.csv,./dados/2024_1/salas_preferenciais_2024.1.xlsx,/Users/robertdrey/Documents/workspace/development/alocador_de_salas,resultados/experimentos/2024_1/hibridas_dia_turno_curso_pares/pares_dia_turno_curso_init180.sol,resultados/experimentos/2024_1/hibridas_dia_turno_curso_pares/pares_dia_turno_curso_init180.csv,resultados/experimentos/2024_1/hibridas_dia_turno_curso_pares/pares_dia_turno_curso_init180.json,par_cursos -> dia_turno_curso,alfabetica,,alfabetica,,180.0,1,180.0,600.0,1,0,TEMPO_TOTAL,2,4,N,ADM
2,4,66,dia_turno_curso,4_N_CC,86,19872,75118,OPTIMAL,185223.0,185223.0,False,185223.0,4.94,4.62,600.0,,,alfabetica,,,2,True,True,TEMPO_TOTAL,iteracao,hibrida_pares_dia_turno_curso,180.0,180.0,600.0,14400.0,False,False,alfabetica,,alfabetica,,./dados/2024_1/horarios_2024_1.xlsx,./dados/2024_1/salas_2024_1.csv,./dados/2024_1/salas_preferenciais_2024.1.xlsx,/Users/robertdrey/Documents/workspace/development/alocador_de_salas,resultados/experimentos/2024_1/hibridas_dia_turno_curso_pares/pares_dia_turno_curso_init180.sol,resultados/experimentos/2024_1/hibridas_dia_turno_curso_pares/pares_dia_turno_curso_init180.csv,resultados/experimentos/2024_1/hibridas_dia_turno_curso_pares/pares_dia_turno_curso_init180.json,par_cursos -> dia_turno_curso,alfabetica,,alfabetica,,180.0,1,180.0,600.0,1,0,TEMPO_TOTAL,2,4,N,CC
2,4,67,dia_turno_curso,4_N_CS,60,13294,81696,OPTIMAL,185223.0,185223.0,False,185223.0,1.9,1.59,600.0,,,alfabetica,,,2,True,True,TEMPO_TOTAL,iteracao,hibrida_pares_dia_turno_curso,180.0,180.0,600.0,14400.0,False,False,alfabetica,,alfabetica,,./dados/2024_1/horarios_2024_1.xlsx,./dados/2024_1/salas_2024_1.csv,./dados/2024_1/salas_preferenciais_2024.1.xlsx,/Users/robertdrey/Documents/workspace/development/alocador_de_salas,resultados/experimentos/2024_1/hibridas_dia_turno_curso_pares/pares_dia_turno_curso_init180.sol,resultados/experimentos/2024_1/hibridas_dia_turno_curso_pares/pares_dia_turno_curso_init180.csv,resultados/experimentos/2024_1/hibridas_dia_turno_curso_pares/pares_dia_turno_curso_init180.json,par_cursos -> dia_turno_curso,alfabetica,,alfabetica,,180.0,1,180.0,600.0,1,0,TEMPO_TOTAL,2,4,N,CS
2,4,68,dia_turno_curso,4_N_EAS,86,17204,77786,OPTIMAL,185223.0,185223.0,False,185223.0,2.73,2.43,600.0,,,alfabetica,,,2,True,True,TEMPO_TOTAL,iteracao,hibrida_pares_dia_turno_curso,180.0,180.0,600.0,14400.0,False,False,alfabetica,,alfabetica,,./dados/2024_1/horarios_2024_1.xlsx,./dados/2024_1/salas_2024_1.csv,./dados/2024_1/salas_preferenciais_2024.1.xlsx,/Users/robertdrey/Documents/workspace/development/alocador_de_salas,resultados/experimentos/2024_1/hibridas_dia_turno_curso_pares/pares_dia_turno_curso_init180.sol,resultados/experimentos/2024_1/hibridas_dia_turno_curso_pares/pares_dia_turno_curso_init180.csv,resultados/experimentos/2024_1/hibridas_dia_turno_curso_pares/pares_dia_turno_curso_init180.json,par_cursos -> dia_turno_curso,alfabetica,,alfabetica,,180.0,1,180.0,600.0,1,0,TEMPO_TOTAL,2,4,N,EAS
2,4,69,dia_turno_curso,4_N_FIL,53,11914,83076,OPTIMAL,185223.0,185223.0,False,185223.0,2.47,2.16,600.0,,,alfabetica,,,2,True,True,TEMPO_TOTAL,iteracao,hibrida_pares_dia_turno_curso,180.0,180.0,600.0,14400.0,False,False,alfabetica,,alfabetica,,./dados/2024_1/horarios_2024_1.xlsx,./dados/2024_1/salas_2024_1.csv,./dados/2024_1/salas_preferenciais_2024.1.xlsx,/Users/robertdrey/Documents/workspace/development/alocador_de_salas,resultados/experimentos/2024_1/hibridas_dia_turno_curso_pares/pares_dia_turno_curso_init180.sol,resultados/experimentos/2024_1/hibridas_dia_turno_curso_pares/pares_dia_turno_curso_init180.csv,resultados/experimentos/2024_1/hibridas_dia_turno_curso_pares/pares_dia_turno_curso_init180.json,par_cursos -> dia_turno_curso,alfabetica,,alfabetica,,180.0,1,180.0,600.0,1,0,TEMPO_TOTAL,2,4,N,FIL
2,4,70,dia_turno_curso,4_N_GEO,51,11776,83214,OPTIMAL,185223.0,185223.0,False,185223.0,1.99,1.67,600.0,,,alfabetica,,,2,True,True,TEMPO_TOTAL,iteracao,hibrida_pares_dia_turno_curso,180.0,180.0,600.0,14400.0,False,False,alfabetica,,alfabetica,,./dados/2024_1/horarios_2024_1.xlsx,./dados/2024_1/salas_2024_1.csv,./dados/2024_1/salas_preferenciais_2024.1.xlsx,/Users/robertdrey/Documents/workspace/development/alocador_de_salas,resultados/experimentos/2024_1/hibridas_dia_turno_curso_pares/pares_dia_turno_curso_init180.sol,resultados/experimentos/2024_1/hibridas_dia_turno_curso_pares/pares_dia_turno_curso_init180.csv,resultados/experimentos/2024_1/hibridas_dia_turno_curso_pares/pares_dia_turno_curso_init180.json,par_cursos -> dia_turno_curso,alfabetica,,alfabetica,,180.0,1,180.0,600.0,1,0,TEMPO_TOTAL,2,4,N,GEO
2,4,71,dia_turno_curso,4_N_HIS,62,13938,81052,OPTIMAL,185223.0,185223.0,False,185223.0,2.05,1.74,600.0,,,alfabetica,,,2,True,True,TEMPO_TOTAL,iteracao,hibrida_pares_dia_turno_curso,180.0,180.0,600.0,14400.0,False,False,alfabetica,,alfabetica,,./dados/2024_1/horarios_2024_1.xlsx,./dados/2024_1/salas_2024_1.csv,./dados/2024_1/salas_preferenciais_2024.1.xlsx,/Users/robertdrey/Documents/workspace/development/alocador_de_salas,resultados/experimentos/2024_1/hibridas_dia_turno_curso_pares/pares_dia_turno_curso_init180.sol,resultados/experimentos/2024_1/hibridas_dia_turno_curso_pares/pares_dia_turno_curso_init180.csv,resultados/experimentos/2024_1/hibridas_dia_turno_curso_pares/pares_dia_turno_curso_init180.json,par_cursos -> dia_turno_curso,alfabetica,,alfabetica,,180.0,1,180.0,600.0,1,0,TEMPO_TOTAL,2,4,N,HIS
2,4,72,dia_turno_curso,4_N_LET,69,16744,78246,TIME_LIMIT,185223.0,185223.0,False,185223.0,600.54,600.2,600.0,,,alfabetica,,,2,True,True,TEMPO_TOTAL,iteracao,hibrida_pares_dia_turno_curso,180.0,180.0,600.0,14400.0,False,False,alfabetica,,alfabetica,,./dados/2024_1/horarios_2024_1.xlsx,./dados/2024_1/salas_2024_1.csv,./dados/2024_1/salas_preferenciais_2024.1.xlsx,/Users/robertdrey/Documents/workspace/development/alocador_de_salas,resultados/experimentos/2024_1/hibridas_dia_turno_curso_pares/pares_dia_turno_curso_init180.sol,resultados/experimentos/2024_1/hibridas_dia_turno_curso_pares/pares_dia_turno_curso_init180.csv,resultados/experimentos/2024_1/hibridas_dia_turno_curso_pares/pares_dia_turno_curso_init180.json,par_cursos -> dia_turno_curso,alfabetica,,alfabetica,,180.0,1,180.0,600.0,1,0,TEMPO_TOTAL,2,4,N,LET
2,4,73,dia_turno_curso,4_N_MAT,59,13202,81788,OPTIMAL,185223.0,185223.0,False,185223.0,2.97,2.6,600.0,,,alfabetica,,,2,True,True,TEMPO_TOTAL,iteracao,hibrida_pares_dia_turno_curso,180.0,180.0,600.0,14400.0,False,False,alfabetica,,alfabetica,,./dados/2024_1/horarios_2024_1.xlsx,./dados/2024_1/salas_2024_1.csv,./dados/2024_1/salas_preferenciais_2024.1.xlsx,/Users/robertdrey/Documents/workspace/development/alocador_de_salas,resultados/experimentos/2024_1/hibridas_dia_turno_curso_pares/pares_dia_turno_curso_init180.sol,resultados/experimentos/2024_1/hibridas_dia_turno_curso_pares/pares_dia_turno_curso_init180.csv,resultados/experimentos/2024_1/hibridas_dia_turno_curso_pares/pares_dia_turno_curso_init180.json,par_cursos -> dia_turno_curso,alfabetica,,alfabetica,,180.0,1,180.0,600.0,1,0,TEMPO_TOTAL,2,4,N,MAT
2,4,74,dia_turno_curso,4_N_PED,93,21160,73830,OPTIMAL,185223.0,185223.0,False,185223.0,29.12,28.79,600.0,,,alfabetica,,,2,True,True,TEMPO_TOTAL,iteracao,hibrida_pares_dia_turno_curso,180.0,180.0,600.0,14400.0,False,False,alfabetica,,alfabetica,,./dados/2024_1/horarios_2024_1.xlsx,./dados/2024_1/salas_2024_1.csv,./dados/2024_1/salas_preferenciais_2024.1.xlsx,/Users/robertdrey/Documents/workspace/development/alocador_de_salas,resultados/experimentos/2024_1/hibridas_dia_turno_curso_pares/pares_dia_turno_curso_init180.sol,resultados/experimentos/2024_1/hibridas_dia_turno_curso_pares/pares_dia_turno_curso_init180.csv,resultados/experimentos/2024_1/hibridas_dia_turno_curso_pares/pares_dia_turno_curso_init180.json,par_cursos -> dia_turno_curso,alfabetica,,alfabetica,,180.0,1,180.0,600.0,1,0,TEMPO_TOTAL,2,4,N,PED
2,4,75,dia_turno_curso,5_M_ADM,80,19734,75256,OPTIMAL,185223.0,185223.0,False,185223.0,2.32,2.01,600.0,,,alfabetica,,,2,True,True,TEMPO_TOTAL,iteracao,hibrida_pares_dia_turno_curso,180.0,180.0,600.0,14400.0,False,False,alfabetica,,alfabetica,,./dados/2024_1/horarios_2024_1.xlsx,./dados/2024_1/salas_2024_1.csv,./dados/2024_1/salas_preferenciais_2024.1.xlsx,/Users/robertdrey/Documents/workspace/development/alocador_de_salas,resultados/experimentos/2024_1/hibridas_dia_turno_curso_pares/pares_dia_turno_curso_init180.sol,resultados/experimentos/2024_1/hibridas_dia_turno_curso_pares/pares_dia_turno_curso_init180.csv,resultados/experimentos/2024_1/hibridas_dia_turno_curso_pares/pares_dia_turno_curso_init180.json,par_cursos -> dia_turno_curso,alfabetica,,alfabetica,,180.0,1,180.0,600.0,1,0,TEMPO_TOTAL,2,5,M,ADM
2,4,76,dia_turno_curso,5_M_AGRO,80,18492,76498,OPTIMAL,185223.0,185223.0,False,185223.0,10.99,10.68,600.0,,,alfabetica,,,2,True,True,TEMPO_TOTAL,iteracao,hibrida_pares_dia_turno_curso,180.0,180.0,600.0,14400.0,False,False,alfabetica,,alfabetica,,./dados/2024_1/horarios_2024_1.xlsx,./dados/2024_1/salas_2024_1.csv,./dados/2024_1/salas_preferenciais_2024.1.xlsx,/Users/robertdrey/Documents/workspace/development/alocador_de_salas,resultados/experimentos/2024_1/hibridas_dia_turno_curso_pares/pares_dia_turno_curso_init180.sol,resultados/experimentos/2024_1/hibridas_dia_turno_curso_pares/pares_dia_turno_curso_init180.csv,resultados/experimentos/2024_1/hibridas_dia_turno_curso_pares/pares_dia_turno_curso_init180.json,par_cursos -> dia_turno_curso,alfabetica,,alfabetica,,180.0,1,180.0,600.0,1,0,TEMPO_TOTAL,2,5,M,AGRO
2,4,77,dia_turno_curso,5_M_EAS,75,17618,77372,OPTIMAL,185223.0,185223.0,False,185223.0,2.21,1.91,600.0,,,alfabetica,,,2,True,True,TEMPO_TOTAL,iteracao,hibrida_pares_dia_turno_curso,180.0,180.0,600.0,14400.0,False,False,alfabetica,,alfabetica,,./dados/2024_1/horarios_2024_1.xlsx,./dados/2024_1/salas_2024_1.csv,./dados/2024_1/salas_preferenciais_2024.1.xlsx,/Users/robertdrey/Documents/workspace/development/alocador_de_salas,resultados/experimentos/2024_1/hibridas_dia_turno_curso_pares/pares_dia_turno_curso_init180.sol,resultados/experimentos/2024_1/hibridas_dia_turno_curso_pares/pares_dia_turno_curso_init180.csv,resultados/experimentos/2024_1/hibridas_dia_turno_curso_pares/pares_dia_turno_curso_init180.json,par_cursos -> dia_turno_curso,alfabetica,,alfabetica,,180.0,1,180.0,600.0,1,0,TEMPO_TOTAL,2,5,M,EAS
2,4,78,dia_turno_curso,5_M_ENF,51,15732,79258,OPTIMAL,185223.0,185223.0,False,185223.0,4.96,4.64,600.0,,,alfabetica,,,2,True,True,TEMPO_TOTAL,iteracao,hibrida_pares_dia_turno_curso,180.0,180.0,600.0,14400.0,False,False,alfabetica,,alfabetica,,./dados/2024_1/horarios_2024_1.xlsx,./dados/2024_1/salas_2024_1.csv,./dados/2024_1/salas_preferenciais_2024.1.xlsx,/Users/robertdrey/Documents/workspace/development/alocador_de_salas,resultados/experimentos/2024_1/hibridas_dia_turno_curso_pares/pares_dia_turno_curso_init180.sol,resultados/experimentos/2024_1/hibridas_dia_turno_curso_pares/pares_dia_turno_curso_init180.csv,resultados/experimentos/2024_1/hibridas_dia_turno_curso_pares/pares_dia_turno_curso_init180.json,par_cursos -> dia_turno_curso,alfabetica,,alfabetica,,180.0,1,180.0,600.0,1,0,TEMPO_TOTAL,2,5,M,ENF
2,4,79,dia_turno_curso,5_M_MED,74,19550,75440,OPTIMAL,185223.0,185223.0,False,185223.0,3.0,2.69,600.0,,,alfabetica,,,2,True,True,TEMPO_TOTAL,iteracao,hibrida_pares_dia_turno_curso,180.0,180.0,600.0,14400.0,False,False,alfabetica,,alfabetica,,./dados/2024_1/horarios_2024_1.xlsx,./dados/2024_1/salas_2024_1.csv,./dados/2024_1/salas_preferenciais_2024.1.xlsx,/Users/robertdrey/Documents/workspace/development/alocador_de_salas,resultados/experimentos/2024_1/hibridas_dia_turno_curso_pares/pares_dia_turno_curso_init180.sol,resultados/experimentos/2024_1/hibridas_dia_turno_curso_pares/pares_dia_turno_curso_init180.csv,resultados/experimentos/2024_1/hibridas_dia_turno_curso_pares/pares_dia_turno_curso_init180.json,par_cursos -> dia_turno_curso,alfabetica,,alfabetica,,180.0,1,180.0,600.0,1,0,TEMPO_TOTAL,2,5,M,MED
2,4,80,dia_turno_curso,5_M_PED,89,23230,71760,OPTIMAL,185223.0,185223.0,False,185223.0,32.11,31.8,600.0,,,alfabetica,,,2,True,True,TEMPO_TOTAL,iteracao,hibrida_pares_dia_turno_curso,180.0,180.0,600.0,14400.0,False,False,alfabetica,,alfabetica,,./dados/2024_1/horarios_2024_1.xlsx,./dados/2024_1/salas_2024_1.csv,./dados/2024_1/salas_preferenciais_2024.1.xlsx,/Users/robertdrey/Documents/workspace/development/alocador_de_salas,resultados/experimentos/2024_1/hibridas_dia_turno_curso_pares/pares_dia_turno_curso_init180.sol,resultados/experimentos/2024_1/hibridas_dia_turno_curso_pares/pares_dia_turno_curso_init180.csv,resultados/experimentos/2024_1/hibridas_dia_turno_curso_pares/pares_dia_turno_curso_init180.json,par_cursos -> dia_turno_curso,alfabetica,,alfabetica,,180.0,1,180.0,600.0,1,0,TEMPO_TOTAL,2,5,M,PED
2,4,81,dia_turno_curso,5_T_AGRO,77,18814,76176,OPTIMAL,185223.0,185223.0,False,185223.0,18.72,18.39,600.0,,,alfabetica,,,2,True,True,TEMPO_TOTAL,iteracao,hibrida_pares_dia_turno_curso,180.0,180.0,600.0,14400.0,False,False,alfabetica,,alfabetica,,./dados/2024_1/horarios_2024_1.xlsx,./dados/2024_1/salas_2024_1.csv,./dados/2024_1/salas_preferenciais_2024.1.xlsx,/Users/robertdrey/Documents/workspace/development/alocador_de_salas,resultados/experimentos/2024_1/hibridas_dia_turno_curso_pares/pares_dia_turno_curso_init180.sol,resultados/experimentos/2024_1/hibridas_dia_turno_curso_pares/pares_dia_turno_curso_init180.csv,resultados/experimentos/2024_1/hibridas_dia_turno_curso_pares/pares_dia_turno_curso_init180.json,par_cursos -> dia_turno_curso,alfabetica,,alfabetica,,180.0,1,180.0,600.0,1,0,TEMPO_TOTAL,2,5,T,AGRO
2,4,82,dia_turno_curso,5_T_CC,70,19596,75394,OPTIMAL,185223.0,185223.0,False,185223.0,2.89,2.56,600.0,,,alfabetica,,,2,True,True,TEMPO_TOTAL,iteracao,hibrida_pares_dia_turno_curso,180.0,180.0,600.0,14400.0,False,False,alfabetica,,alfabetica,,./dados/2024_1/horarios_2024_1.xlsx,./dados/2024_1/salas_2024_1.csv,./dados/2024_1/salas_preferenciais_2024.1.xlsx,/Users/robertdrey/Documents/workspace/development/alocador_de_salas,resultados/experimentos/2024_1/hibridas_dia_turno_curso_pares/pares_dia_turno_curso_init180.sol,resultados/experimentos/2024_1/hibridas_dia_turno_curso_pares/pares_dia_turno_curso_init180.csv,resultados/experimentos/2024_1/hibridas_dia_turno_curso_pares/pares_dia_turno_curso_init180.json,par_cursos -> dia_turno_curso,alfabetica,,alfabetica,,180.0,1,180.0,600.0,1,0,TEMPO_TOTAL,2,5,T,CC
2,4,83,dia_turno_curso,5_T_EAS,71,17342,77648,OPTIMAL,185223.0,185223.0,False,185223.0,1.9,1.58,600.0,,,alfabetica,,,2,True,True,TEMPO_TOTAL,iteracao,hibrida_pares_dia_turno_curso,180.0,180.0,600.0,14400.0,False,False,alfabetica,,alfabetica,,./dados/2024_1/horarios_2024_1.xlsx,./dados/2024_1/salas_2024_1.csv,./dados/2024_1/salas_preferenciais_2024.1.xlsx,/Users/robertdrey/Documents/workspace/development/alocador_de_salas,resultados/experimentos/2024_1/hibridas_dia_turno_curso_pares/pares_dia_turno_curso_init180.sol,resultados/experimentos/2024_1/hibridas_dia_turno_curso_pares/pares_dia_turno_curso_init180.csv,resultados/experimentos/2024_1/hibridas_dia_turno_curso_pares/pares_dia_turno_curso_init180.json,par_cursos -> dia_turno_curso,alfabetica,,alfabetica,,180.0,1,180.0,600.0,1,0,TEMPO_TOTAL,2,5,T,EAS
2,4,84,dia_turno_curso,5_T_ENF,44,14858,80132,OPTIMAL,185223.0,185223.0,False,185223.0,3.05,2.73,600.0,,,alfabetica,,,2,True,True,TEMPO_TOTAL,iteracao,hibrida_pares_dia_turno_curso,180.0,180.0,600.0,14400.0,False,False,alfabetica,,alfabetica,,./dados/2024_1/horarios_2024_1.xlsx,./dados/2024_1/salas_2024_1.csv,./dados/2024_1/salas_preferenciais_2024.1.xlsx,/Users/robertdrey/Documents/workspace/development/alocador_de_salas,resultados/experimentos/2024_1/hibridas_dia_turno_curso_pares/pares_dia_turno_curso_init180.sol,resultados/experimentos/2024_1/hibridas_dia_turno_curso_pares/pares_dia_turno_curso_init180.csv,resultados/experimentos/2024_1/hibridas_dia_turno_curso_pares/pares_dia_turno_curso_init180.json,par_cursos -> dia_turno_curso,alfabetica,,alfabetica,,180.0,1,180.0,600.0,1,0,TEMPO_TOTAL,2,5,T,ENF
2,4,85,dia_turno_curso,5_T_GEO,40,12650,82340,OPTIMAL,185223.0,185223.0,False,185223.0,1.16,0.84,600.0,,,alfabetica,,,2,True,True,TEMPO_TOTAL,iteracao,hibrida_pares_dia_turno_curso,180.0,180.0,600.0,14400.0,False,False,alfabetica,,alfabetica,,./dados/2024_1/horarios_2024_1.xlsx,./dados/2024_1/salas_2024_1.csv,./dados/2024_1/salas_preferenciais_2024.1.xlsx,/Users/robertdrey/Documents/workspace/development/alocador_de_salas,resultados/experimentos/2024_1/hibridas_dia_turno_curso_pares/pares_dia_turno_curso_init180.sol,resultados/experimentos/2024_1/hibridas_dia_turno_curso_pares/pares_dia_turno_curso_init180.csv,resultados/experimentos/2024_1/hibridas_dia_turno_curso_pares/pares_dia_turno_curso_init180.json,par_cursos -> dia_turno_curso,alfabetica,,alfabetica,,180.0,1,180.0,600.0,1,0,TEMPO_TOTAL,2,5,T,GEO
2,4,86,dia_turno_curso,5_T_LET,65,18722,76268,OPTIMAL,185223.0,185223.0,False,185223.0,2.12,1.82,600.0,,,alfabetica,,,2,True,True,TEMPO_TOTAL,iteracao,hibrida_pares_dia_turno_curso,180.0,180.0,600.0,14400.0,False,False,alfabetica,,alfabetica,,./dados/2024_1/horarios_2024_1.xlsx,./dados/2024_1/salas_2024_1.csv,./dados/2024_1/salas_preferenciais_2024.1.xlsx,/Users/robertdrey/Documents/workspace/development/alocador_de_salas,resultados/experimentos/2024_1/hibridas_dia_turno_curso_pares/pares_dia_turno_curso_init180.sol,resultados/experimentos/2024_1/hibridas_dia_turno_curso_pares/pares_dia_turno_curso_init180.csv,resultados/experimentos/2024_1/hibridas_dia_turno_curso_pares/pares_dia_turno_curso_init180.json,par_cursos -> dia_turno_curso,alfabetica,,alfabetica,,180.0,1,180.0,600.0,1,0,TEMPO_TOTAL,2,5,T,LET
2,4,87,dia_turno_curso,5_T_MED,67,19274,75716,OPTIMAL,185223.0,185223.0,False,185223.0,2.75,2.45,600.0,,,alfabetica,,,2,True,True,TEMPO_TOTAL,iteracao,hibrida_pares_dia_turno_curso,180.0,180.0,600.0,14400.0,False,False,alfabetica,,alfabetica,,./dados/2024_1/horarios_2024_1.xlsx,./dados/2024_1/salas_2024_1.csv,./dados/2024_1/salas_preferenciais_2024.1.xlsx,/Users/robertdrey/Documents/workspace/development/alocador_de_salas,resultados/experimentos/2024_1/hibridas_dia_turno_curso_pares/pares_dia_turno_curso_init180.sol,resultados/experimentos/2024_1/hibridas_dia_turno_curso_pares/pares_dia_turno_curso_init180.csv,resultados/experimentos/2024_1/hibridas_dia_turno_curso_pares/pares_dia_turno_curso_init180.json,par_cursos -> dia_turno_curso,alfabetica,,alfabetica,,180.0,1,180.0,600.0,1,0,TEMPO_TOTAL,2,5,T,MED
2,4,88,dia_turno_curso,5_N_ADM,83,16652,78338,OPTIMAL,185223.0,185223.0,False,185223.0,2.47,2.17,600.0,,,alfabetica,,,2,True,True,TEMPO_TOTAL,iteracao,hibrida_pares_dia_turno_curso,180.0,180.0,600.0,14400.0,False,False,alfabetica,,alfabetica,,./dados/2024_1/horarios_2024_1.xlsx,./dados/2024_1/salas_2024_1.csv,./dados/2024_1/salas_preferenciais_2024.1.xlsx,/Users/robertdrey/Documents/workspace/development/alocador_de_salas,resultados/experimentos/2024_1/hibridas_dia_turno_curso_pares/pares_dia_turno_curso_init180.sol,resultados/experimentos/2024_1/hibridas_dia_turno_curso_pares/pares_dia_turno_curso_init180.csv,resultados/experimentos/2024_1/hibridas_dia_turno_curso_pares/pares_dia_turno_curso_init180.json,par_cursos -> dia_turno_curso,alfabetica,,alfabetica,,180.0,1,180.0,600.0,1,0,TEMPO_TOTAL,2,5,N,ADM
2,4,89,dia_turno_curso,5_N_CC,83,18078,76912,OPTIMAL,185223.0,185223.0,False,185223.0,3.58,3.27,600.0,,,alfabetica,,,2,True,True,TEMPO_TOTAL,iteracao,hibrida_pares_dia_turno_curso,180.0,180.0,600.0,14400.0,False,False,alfabetica,,alfabetica,,./dados/2024_1/horarios_2024_1.xlsx,./dados/2024_1/salas_2024_1.csv,./dados/2024_1/salas_preferenciais_2024.1.xlsx,/Users/robertdrey/Documents/workspace/development/alocador_de_salas,resultados/experimentos/2024_1/hibridas_dia_turno_curso_pares/pares_dia_turno_curso_init180.sol,resultados/experimentos/2024_1/hibridas_dia_turno_curso_pares/pares_dia_turno_curso_init180.csv,resultados/experimentos/2024_1/hibridas_dia_turno_curso_pares/pares_dia_turno_curso_init180.json,par_cursos -> dia_turno_curso,alfabetica,,alfabetica,,180.0,1,180.0,600.0,1,0,TEMPO_TOTAL,2,5,N,CC
2,4,90,dia_turno_curso,5_N_CS,57,11914,83076,OPTIMAL,185223.0,185223.0,False,185223.0,1.98,1.66,600.0,,,alfabetica,,,2,True,True,TEMPO_TOTAL,iteracao,hibrida_pares_dia_turno_curso,180.0,180.0,600.0,14400.0,False,False,alfabetica,,alfabetica,,./dados/2024_1/horarios_2024_1.xlsx,./dados/2024_1/salas_2024_1.csv,./dados/2024_1/salas_preferenciais_2024.1.xlsx,/Users/robertdrey/Documents/workspace/development/alocador_de_salas,resultados/experimentos/2024_1/hibridas_dia_turno_curso_pares/pares_dia_turno_curso_init180.sol,resultados/experimentos/2024_1/hibridas_dia_turno_curso_pares/pares_dia_turno_curso_init180.csv,resultados/experimentos/2024_1/hibridas_dia_turno_curso_pares/pares_dia_turno_curso_init180.json,par_cursos -> dia_turno_curso,alfabetica,,alfabetica,,180.0,1,180.0,600.0,1,0,TEMPO_TOTAL,2,5,N,CS
2,4,91,dia_turno_curso,5_N_EAS,83,14950,80040,OPTIMAL,185223.0,185223.0,False,185223.0,1.61,1.3,600.0,,,alfabetica,,,2,True,True,TEMPO_TOTAL,iteracao,hibrida_pares_dia_turno_curso,180.0,180.0,600.0,14400.0,False,False,alfabetica,,alfabetica,,./dados/2024_1/horarios_2024_1.xlsx,./dados/2024_1/salas_2024_1.csv,./dados/2024_1/salas_preferenciais_2024.1.xlsx,/Users/robertdrey/Documents/workspace/development/alocador_de_salas,resultados/experimentos/2024_1/hibridas_dia_turno_curso_pares/pares_dia_turno_curso_init180.sol,resultados/experimentos/2024_1/hibridas_dia_turno_curso_pares/pares_dia_turno_curso_init180.csv,resultados/experimentos/2024_1/hibridas_dia_turno_curso_pares/pares_dia_turno_curso_init180.json,par_cursos -> dia_turno_curso,alfabetica,,alfabetica,,180.0,1,180.0,600.0,1,0,TEMPO_TOTAL,2,5,N,EAS
2,4,92,dia_turno_curso,5_N_FIL,51,10304,84686,OPTIMAL,185223.0,185223.0,False,185223.0,1.79,1.47,600.0,,,alfabetica,,,2,True,True,TEMPO_TOTAL,iteracao,hibrida_pares_dia_turno_curso,180.0,180.0,600.0,14400.0,False,False,alfabetica,,alfabetica,,./dados/2024_1/horarios_2024_1.xlsx,./dados/2024_1/salas_2024_1.csv,./dados/2024_1/salas_preferenciais_2024.1.xlsx,/Users/robertdrey/Documents/workspace/development/alocador_de_salas,resultados/experimentos/2024_1/hibridas_dia_turno_curso_pares/pares_dia_turno_curso_init180.sol,resultados/experimentos/2024_1/hibridas_dia_turno_curso_pares/pares_dia_turno_curso_init180.csv,resultados/experimentos/2024_1/hibridas_dia_turno_curso_pares/pares_dia_turno_curso_init180.json,par_cursos -> dia_turno_curso,alfabetica,,alfabetica,,180.0,1,180.0,600.0,1,0,TEMPO_TOTAL,2,5,N,FIL
2,4,93,dia_turno_curso,5_N_GEO,48,9844,85146,OPTIMAL,185223.0,185223.0,False,185223.0,1.62,1.31,600.0,,,alfabetica,,,2,True,True,TEMPO_TOTAL,iteracao,hibrida_pares_dia_turno_curso,180.0,180.0,600.0,14400.0,False,False,alfabetica,,alfabetica,,./dados/2024_1/horarios_2024_1.xlsx,./dados/2024_1/salas_2024_1.csv,./dados/2024_1/salas_preferenciais_2024.1.xlsx,/Users/robertdrey/Documents/workspace/development/alocador_de_salas,resultados/experimentos/2024_1/hibridas_dia_turno_curso_pares/pares_dia_turno_curso_init180.sol,resultados/experimentos/2024_1/hibridas_dia_turno_curso_pares/pares_dia_turno_curso_init180.csv,resultados/experimentos/2024_1/hibridas_dia_turno_curso_pares/pares_dia_turno_curso_init180.json,par_cursos -> dia_turno_curso,alfabetica,,alfabetica,,180.0,1,180.0,600.0,1,0,TEMPO_TOTAL,2,5,N,GEO
2,4,94,dia_turno_curso,5_N_HIS,58,11960,83030,OPTIMAL,185223.0,185223.0,False,185223.0,1.98,1.67,600.0,,,alfabetica,,,2,True,True,TEMPO_TOTAL,iteracao,hibrida_pares_dia_turno_curso,180.0,180.0,600.0,14400.0,False,False,alfabetica,,alfabetica,,./dados/2024_1/horarios_2024_1.xlsx,./dados/2024_1/salas_2024_1.csv,./dados/2024_1/salas_preferenciais_2024.1.xlsx,/Users/robertdrey/Documents/workspace/development/alocador_de_salas,resultados/experimentos/2024_1/hibridas_dia_turno_curso_pares/pares_dia_turno_curso_init180.sol,resultados/experimentos/2024_1/hibridas_dia_turno_curso_pares/pares_dia_turno_curso_init180.csv,resultados/experimentos/2024_1/hibridas_dia_turno_curso_pares/pares_dia_turno_curso_init180.json,par_cursos -> dia_turno_curso,alfabetica,,alfabetica,,180.0,1,180.0,600.0,1,0,TEMPO_TOTAL,2,5,N,HIS
2,4,95,dia_turno_curso,5_N_LET,68,15962,79028,OPTIMAL,185223.0,185223.0,False,185223.0,2.59,2.28,600.0,,,alfabetica,,,2,True,True,TEMPO_TOTAL,iteracao,hibrida_pares_dia_turno_curso,180.0,180.0,600.0,14400.0,False,False,alfabetica,,alfabetica,,./dados/2024_1/horarios_2024_1.xlsx,./dados/2024_1/salas_2024_1.csv,./dados/2024_1/salas_preferenciais_2024.1.xlsx,/Users/robertdrey/Documents/workspace/development/alocador_de_salas,resultados/experimentos/2024_1/hibridas_dia_turno_curso_pares/pares_dia_turno_curso_init180.sol,resultados/experimentos/2024_1/hibridas_dia_turno_curso_pares/pares_dia_turno_curso_init180.csv,resultados/experimentos/2024_1/hibridas_dia_turno_curso_pares/pares_dia_turno_curso_init180.json,par_cursos -> dia_turno_curso,alfabetica,,alfabetica,,180.0,1,180.0,600.0,1,0,TEMPO_TOTAL,2,5,N,LET
2,4,96,dia_turno_curso,5_N_MAT,58,12328,82662,OPTIMAL,185223.0,185223.0,False,185223.0,2.2,1.88,600.0,,,alfabetica,,,2,True,True,TEMPO_TOTAL,iteracao,hibrida_pares_dia_turno_curso,180.0,180.0,600.0,14400.0,False,False,alfabetica,,alfabetica,,./dados/2024_1/horarios_2024_1.xlsx,./dados/2024_1/salas_2024_1.csv,./dados/2024_1/salas_preferenciais_2024.1.xlsx,/Users/robertdrey/Documents/workspace/development/alocador_de_salas,resultados/experimentos/2024_1/hibridas_dia_turno_curso_pares/pares_dia_turno_curso_init180.sol,resultados/experimentos/2024_1/hibridas_dia_turno_curso_pares/pares_dia_turno_curso_init180.csv,resultados/experimentos/2024_1/hibridas_dia_turno_curso_pares/pares_dia_turno_curso_init180.json,par_cursos -> dia_turno_curso,alfabetica,,alfabetica,,180.0,1,180.0,600.0,1,0,TEMPO_TOTAL,2,5,N,MAT
2,4,97,dia_turno_curso,5_N_MED,78,16928,78062,OPTIMAL,185223.0,185223.0,False,185223.0,2.34,2.04,600.0,,,alfabetica,,,2,True,True,TEMPO_TOTAL,iteracao,hibrida_pares_dia_turno_curso,180.0,180.0,600.0,14400.0,False,False,alfabetica,,alfabetica,,./dados/2024_1/horarios_2024_1.xlsx,./dados/2024_1/salas_2024_1.csv,./dados/2024_1/salas_preferenciais_2024.1.xlsx,/Users/robertdrey/Documents/workspace/development/alocador_de_salas,resultados/experimentos/2024_1/hibridas_dia_turno_curso_pares/pares_dia_turno_curso_init180.sol,resultados/experimentos/2024_1/hibridas_dia_turno_curso_pares/pares_dia_turno_curso_init180.csv,resultados/experimentos/2024_1/hibridas_dia_turno_curso_pares/pares_dia_turno_curso_init180.json,par_cursos -> dia_turno_curso,alfabetica,,alfabetica,,180.0,1,180.0,600.0,1,0,TEMPO_TOTAL,2,5,N,MED
2,4,98,dia_turno_curso,5_N_PED,90,19780,75210,OPTIMAL,185223.0,185223.0,False,185223.0,30.76,30.45,600.0,,,alfabetica,,,2,True,True,TEMPO_TOTAL,iteracao,hibrida_pares_dia_turno_curso,180.0,180.0,600.0,14400.0,False,False,alfabetica,,alfabetica,,./dados/2024_1/horarios_2024_1.xlsx,./dados/2024_1/salas_2024_1.csv,./dados/2024_1/salas_preferenciais_2024.1.xlsx,/Users/robertdrey/Documents/workspace/development/alocador_de_salas,resultados/experimentos/2024_1/hibridas_dia_turno_curso_pares/pares_dia_turno_curso_init180.sol,resultados/experimentos/2024_1/hibridas_dia_turno_curso_pares/pares_dia_turno_curso_init180.csv,resultados/experimentos/2024_1/hibridas_dia_turno_curso_pares/pares_dia_turno_curso_init180.json,par_cursos -> dia_turno_curso,alfabetica,,alfabetica,,180.0,1,180.0,600.0,1,0,TEMPO_TOTAL,2,5,N,PED
2,4,99,dia_turno_curso,6_M_ADM,74,15226,79764,OPTIMAL,185223.0,185223.0,False,185223.0,2.01,1.69,600.0,,,alfabetica,,,2,True,True,TEMPO_TOTAL,iteracao,hibrida_pares_dia_turno_curso,180.0,180.0,600.0,14400.0,False,False,alfabetica,,alfabetica,,./dados/2024_1/horarios_2024_1.xlsx,./dados/2024_1/salas_2024_1.csv,./dados/2024_1/salas_preferenciais_2024.1.xlsx,/Users/robertdrey/Documents/workspace/development/alocador_de_salas,resultados/experimentos/2024_1/hibridas_dia_turno_curso_pares/pares_dia_turno_curso_init180.sol,resultados/experimentos/2024_1/hibridas_dia_turno_curso_pares/pares_dia_turno_curso_init180.csv,resultados/experimentos/2024_1/hibridas_dia_turno_curso_pares/pares_dia_turno_curso_init180.json,par_cursos -> dia_turno_curso,alfabetica,,alfabetica,,180.0,1,180.0,600.0,1,0,TEMPO_TOTAL,2,6,M,ADM
2,4,100,dia_turno_curso,6_M_AGRO,76,14168,80822,OPTIMAL,185223.0,185223.0,False,185223.0,8.17,7.86,600.0,,,alfabetica,,,2,True,True,TEMPO_TOTAL,iteracao,hibrida_pares_dia_turno_curso,180.0,180.0,600.0,14400.0,False,False,alfabetica,,alfabetica,,./dados/2024_1/horarios_2024_1.xlsx,./dados/2024_1/salas_2024_1.csv,./dados/2024_1/salas_preferenciais_2024.1.xlsx,/Users/robertdrey/Documents/workspace/development/alocador_de_salas,resultados/experimentos/2024_1/hibridas_dia_turno_curso_pares/pares_dia_turno_curso_init180.sol,resultados/experimentos/2024_1/hibridas_dia_turno_curso_pares/pares_dia_turno_curso_init180.csv,resultados/experimentos/2024_1/hibridas_dia_turno_curso_pares/pares_dia_turno_curso_init180.json,par_cursos -> dia_turno_curso,alfabetica,,alfabetica,,180.0,1,180.0,600.0,1,0,TEMPO_TOTAL,2,6,M,AGRO
2,4,101,dia_turno_curso,6_M_EAS,69,13294,81696,OPTIMAL,185223.0,185223.0,False,185223.0,1.64,1.33,600.0,,,alfabetica,,,2,True,True,TEMPO_TOTAL,iteracao,hibrida_pares_dia_turno_curso,180.0,180.0,600.0,14400.0,False,False,alfabetica,,alfabetica,,./dados/2024_1/horarios_2024_1.xlsx,./dados/2024_1/salas_2024_1.csv,./dados/2024_1/salas_preferenciais_2024.1.xlsx,/Users/robertdrey/Documents/workspace/development/alocador_de_salas,resultados/experimentos/2024_1/hibridas_dia_turno_curso_pares/pares_dia_turno_curso_init180.sol,resultados/experimentos/2024_1/hibridas_dia_turno_curso_pares/pares_dia_turno_curso_init180.csv,resultados/experimentos/2024_1/hibridas_dia_turno_curso_pares/pares_dia_turno_curso_init180.json,par_cursos -> dia_turno_curso,alfabetica,,alfabetica,,180.0,1,180.0,600.0,1,0,TEMPO_TOTAL,2,6,M,EAS
2,4,102,dia_turno_curso,6_M_MED,69,15778,79212,OPTIMAL,185223.0,185223.0,False,185223.0,2.13,1.82,600.0,,,alfabetica,,,2,True,True,TEMPO_TOTAL,iteracao,hibrida_pares_dia_turno_curso,180.0,180.0,600.0,14400.0,False,False,alfabetica,,alfabetica,,./dados/2024_1/horarios_2024_1.xlsx,./dados/2024_1/salas_2024_1.csv,./dados/2024_1/salas_preferenciais_2024.1.xlsx,/Users/robertdrey/Documents/workspace/development/alocador_de_salas,resultados/experimentos/2024_1/hibridas_dia_turno_curso_pares/pares_dia_turno_curso_init180.sol,resultados/experimentos/2024_1/hibridas_dia_turno_curso_pares/pares_dia_turno_curso_init180.csv,resultados/experimentos/2024_1/hibridas_dia_turno_curso_pares/pares_dia_turno_curso_init180.json,par_cursos -> dia_turno_curso,alfabetica,,alfabetica,,180.0,1,180.0,600.0,1,0,TEMPO_TOTAL,2,6,M,MED
2,4,103,dia_turno_curso,6_M_PED,81,18078,76912,OPTIMAL,185223.0,185223.0,False,185223.0,25.79,25.44,600.0,,,alfabetica,,,2,True,True,TEMPO_TOTAL,iteracao,hibrida_pares_dia_turno_curso,180.0,180.0,600.0,14400.0,False,False,alfabetica,,alfabetica,,./dados/2024_1/horarios_2024_1.xlsx,./dados/2024_1/salas_2024_1.csv,./dados/2024_1/salas_preferenciais_2024.1.xlsx,/Users/robertdrey/Documents/workspace/development/alocador_de_salas,resultados/experimentos/2024_1/hibridas_dia_turno_curso_pares/pares_dia_turno_curso_init180.sol,resultados/experimentos/2024_1/hibridas_dia_turno_curso_pares/pares_dia_turno_curso_init180.csv,resultados/experimentos/2024_1/hibridas_dia_turno_curso_pares/pares_dia_turno_curso_init180.json,par_cursos -> dia_turno_curso,alfabetica,,alfabetica,,180.0,1,180.0,600.0,1,0,TEMPO_TOTAL,2,6,M,PED
2,4,104,dia_turno_curso,6_T_AGRO,79,20102,74888,OPTIMAL,185223.0,185223.0,False,185223.0,11.05,10.73,600.0,,,alfabetica,,,2,True,True,TEMPO_TOTAL,iteracao,hibrida_pares_dia_turno_curso,180.0,180.0,600.0,14400.0,False,False,alfabetica,,alfabetica,,./dados/2024_1/horarios_2024_1.xlsx,./dados/2024_1/salas_2024_1.csv,./dados/2024_1/salas_preferenciais_2024.1.xlsx,/Users/robertdrey/Documents/workspace/development/alocador_de_salas,resultados/experimentos/2024_1/hibridas_dia_turno_curso_pares/pares_dia_turno_curso_init180.sol,resultados/experimentos/2024_1/hibridas_dia_turno_curso_pares/pares_dia_turno_curso_init180.csv,resultados/experimentos/2024_1/hibridas_dia_turno_curso_pares/pares_dia_turno_curso_init180.json,par_cursos -> dia_turno_curso,alfabetica,,alfabetica,,180.0,1,180.0,600.0,1,0,TEMPO_TOTAL,2,6,T,AGRO
2,4,105,dia_turno_curso,6_T_CC,68,20102,74888,OPTIMAL,185223.0,185223.0,False,185223.0,2.71,2.4,600.0,,,alfabetica,,,2,True,True,TEMPO_TOTAL,iteracao,hibrida_pares_dia_turno_curso,180.0,180.0,600.0,14400.0,False,False,alfabetica,,alfabetica,,./dados/2024_1/horarios_2024_1.xlsx,./dados/2024_1/salas_2024_1.csv,./dados/2024_1/salas_preferenciais_2024.1.xlsx,/Users/robertdrey/Documents/workspace/development/alocador_de_salas,resultados/experimentos/2024_1/hibridas_dia_turno_curso_pares/pares_dia_turno_curso_init180.sol,resultados/experimentos/2024_1/hibridas_dia_turno_curso_pares/pares_dia_turno_curso_init180.csv,resultados/experimentos/2024_1/hibridas_dia_turno_curso_pares/pares_dia_turno_curso_init180.json,par_cursos -> dia_turno_curso,alfabetica,,alfabetica,,180.0,1,180.0,600.0,1,0,TEMPO_TOTAL,2,6,T,CC
2,4,106,dia_turno_curso,6_T_EAS,71,18124,76866,OPTIMAL,185223.0,185223.0,False,185223.0,1.36,1.05,600.0,,,alfabetica,,,2,True,True,TEMPO_TOTAL,iteracao,hibrida_pares_dia_turno_curso,180.0,180.0,600.0,14400.0,False,False,alfabetica,,alfabetica,,./dados/2024_1/horarios_2024_1.xlsx,./dados/2024_1/salas_2024_1.csv,./dados/2024_1/salas_preferenciais_2024.1.xlsx,/Users/robertdrey/Documents/workspace/development/alocador_de_salas,resultados/experimentos/2024_1/hibridas_dia_turno_curso_pares/pares_dia_turno_curso_init180.sol,resultados/experimentos/2024_1/hibridas_dia_turno_curso_pares/pares_dia_turno_curso_init180.csv,resultados/experimentos/2024_1/hibridas_dia_turno_curso_pares/pares_dia_turno_curso_init180.json,par_cursos -> dia_turno_curso,alfabetica,,alfabetica,,180.0,1,180.0,600.0,1,0,TEMPO_TOTAL,2,6,T,EAS
2,4,107,dia_turno_curso,6_T_ENF,43,15364,79626,OPTIMAL,185223.0,185223.0,False,185223.0,6.29,5.98,600.0,,,alfabetica,,,2,True,True,TEMPO_TOTAL,iteracao,hibrida_pares_dia_turno_curso,180.0,180.0,600.0,14400.0,False,False,alfabetica,,alfabetica,,./dados/2024_1/horarios_2024_1.xlsx,./dados/2024_1/salas_2024_1.csv,./dados/2024_1/salas_preferenciais_2024.1.xlsx,/Users/robertdrey/Documents/workspace/development/alocador_de_salas,resultados/experimentos/2024_1/hibridas_dia_turno_curso_pares/pares_dia_turno_curso_init180.sol,resultados/experimentos/2024_1/hibridas_dia_turno_curso_pares/pares_dia_turno_curso_init180.csv,resultados/experimentos/2024_1/hibridas_dia_turno_curso_pares/pares_dia_turno_curso_init180.json,par_cursos -> dia_turno_curso,alfabetica,,alfabetica,,180.0,1,180.0,600.0,1,0,TEMPO_TOTAL,2,6,T,ENF
2,4,108,dia_turno_curso,6_T_LET,63,18998,75992,OPTIMAL,185223.0,185223.0,False,185223.0,1.95,1.63,600.0,,,alfabetica,,,2,True,True,TEMPO_TOTAL,iteracao,hibrida_pares_dia_turno_curso,180.0,180.0,600.0,14400.0,False,False,alfabetica,,alfabetica,,./dados/2024_1/horarios_2024_1.xlsx,./dados/2024_1/salas_2024_1.csv,./dados/2024_1/salas_preferenciais_2024.1.xlsx,/Users/robertdrey/Documents/workspace/development/alocador_de_salas,resultados/experimentos/2024_1/hibridas_dia_turno_curso_pares/pares_dia_turno_curso_init180.sol,resultados/experimentos/2024_1/hibridas_dia_turno_curso_pares/pares_dia_turno_curso_init180.csv,resultados/experimentos/2024_1/hibridas_dia_turno_curso_pares/pares_dia_turno_curso_init180.json,par_cursos -> dia_turno_curso,alfabetica,,alfabetica,,180.0,1,180.0,600.0,1,0,TEMPO_TOTAL,2,6,T,LET
2,4,109,dia_turno_curso,6_T_MED,64,19274,75716,OPTIMAL,185223.0,185223.0,False,185223.0,2.26,1.96,600.0,,,alfabetica,,,2,True,True,TEMPO_TOTAL,iteracao,hibrida_pares_dia_turno_curso,180.0,180.0,600.0,14400.0,False,False,alfabetica,,alfabetica,,./dados/2024_1/horarios_2024_1.xlsx,./dados/2024_1/salas_2024_1.csv,./dados/2024_1/salas_preferenciais_2024.1.xlsx,/Users/robertdrey/Documents/workspace/development/alocador_de_salas,resultados/experimentos/2024_1/hibridas_dia_turno_curso_pares/pares_dia_turno_curso_init180.sol,resultados/experimentos/2024_1/hibridas_dia_turno_curso_pares/pares_dia_turno_curso_init180.csv,resultados/experimentos/2024_1/hibridas_dia_turno_curso_pares/pares_dia_turno_curso_init180.json,par_cursos -> dia_turno_curso,alfabetica,,alfabetica,,180.0,1,180.0,600.0,1,0,TEMPO_TOTAL,2,6,T,MED
2,4,110,dia_turno_curso,6_N_ADM,83,17158,77832,OPTIMAL,185223.0,185223.0,False,185223.0,2.82,2.52,600.0,,,alfabetica,,,2,True,True,TEMPO_TOTAL,iteracao,hibrida_pares_dia_turno_curso,180.0,180.0,600.0,14400.0,False,False,alfabetica,,alfabetica,,./dados/2024_1/horarios_2024_1.xlsx,./dados/2024_1/salas_2024_1.csv,./dados/2024_1/salas_preferenciais_2024.1.xlsx,/Users/robertdrey/Documents/workspace/development/alocador_de_salas,resultados/experimentos/2024_1/hibridas_dia_turno_curso_pares/pares_dia_turno_curso_init180.sol,resultados/experimentos/2024_1/hibridas_dia_turno_curso_pares/pares_dia_turno_curso_init180.csv,resultados/experimentos/2024_1/hibridas_dia_turno_curso_pares/pares_dia_turno_curso_init180.json,par_cursos -> dia_turno_curso,alfabetica,,alfabetica,,180.0,1,180.0,600.0,1,0,TEMPO_TOTAL,2,6,N,ADM
2,4,111,dia_turno_curso,6_N_AGRO,89,16422,78568,OPTIMAL,185223.0,185223.0,False,185223.0,5.44,5.13,600.0,,,alfabetica,,,2,True,True,TEMPO_TOTAL,iteracao,hibrida_pares_dia_turno_curso,180.0,180.0,600.0,14400.0,False,False,alfabetica,,alfabetica,,./dados/2024_1/horarios_2024_1.xlsx,./dados/2024_1/salas_2024_1.csv,./dados/2024_1/salas_preferenciais_2024.1.xlsx,/Users/robertdrey/Documents/workspace/development/alocador_de_salas,resultados/experimentos/2024_1/hibridas_dia_turno_curso_pares/pares_dia_turno_curso_init180.sol,resultados/experimentos/2024_1/hibridas_dia_turno_curso_pares/pares_dia_turno_curso_init180.csv,resultados/experimentos/2024_1/hibridas_dia_turno_curso_pares/pares_dia_turno_curso_init180.json,par_cursos -> dia_turno_curso,alfabetica,,alfabetica,,180.0,1,180.0,600.0,1,0,TEMPO_TOTAL,2,6,N,AGRO
2,4,112,dia_turno_curso,6_N_CC,82,18400,76590,OPTIMAL,185223.0,185223.0,False,185223.0,3.21,2.9,600.0,,,alfabetica,,,2,True,True,TEMPO_TOTAL,iteracao,hibrida_pares_dia_turno_curso,180.0,180.0,600.0,14400.0,False,False,alfabetica,,alfabetica,,./dados/2024_1/horarios_2024_1.xlsx,./dados/2024_1/salas_2024_1.csv,./dados/2024_1/salas_preferenciais_2024.1.xlsx,/Users/robertdrey/Documents/workspace/development/alocador_de_salas,resultados/experimentos/2024_1/hibridas_dia_turno_curso_pares/pares_dia_turno_curso_init180.sol,resultados/experimentos/2024_1/hibridas_dia_turno_curso_pares/pares_dia_turno_curso_init180.csv,resultados/experimentos/2024_1/hibridas_dia_turno_curso_pares/pares_dia_turno_curso_init180.json,par_cursos -> dia_turno_curso,alfabetica,,alfabetica,,180.0,1,180.0,600.0,1,0,TEMPO_TOTAL,2,6,N,CC
2,4,113,dia_turno_curso,6_N_CS,57,12420,82570,OPTIMAL,185223.0,185223.0,False,185223.0,2.37,2.05,600.0,,,alfabetica,,,2,True,True,TEMPO_TOTAL,iteracao,hibrida_pares_dia_turno_curso,180.0,180.0,600.0,14400.0,False,False,alfabetica,,alfabetica,,./dados/2024_1/horarios_2024_1.xlsx,./dados/2024_1/salas_2024_1.csv,./dados/2024_1/salas_preferenciais_2024.1.xlsx,/Users/robertdrey/Documents/workspace/development/alocador_de_salas,resultados/experimentos/2024_1/hibridas_dia_turno_curso_pares/pares_dia_turno_curso_init180.sol,resultados/experimentos/2024_1/hibridas_dia_turno_curso_pares/pares_dia_turno_curso_init180.csv,resultados/experimentos/2024_1/hibridas_dia_turno_curso_pares/pares_dia_turno_curso_init180.json,par_cursos -> dia_turno_curso,alfabetica,,alfabetica,,180.0,1,180.0,600.0,1,0,TEMPO_TOTAL,2,6,N,CS
2,4,114,dia_turno_curso,6_N_EAS,83,15456,79534,OPTIMAL,185223.0,185223.0,False,185223.0,1.9,1.6,600.0,,,alfabetica,,,2,True,True,TEMPO_TOTAL,iteracao,hibrida_pares_dia_turno_curso,180.0,180.0,600.0,14400.0,False,False,alfabetica,,alfabetica,,./dados/2024_1/horarios_2024_1.xlsx,./dados/2024_1/salas_2024_1.csv,./dados/2024_1/salas_preferenciais_2024.1.xlsx,/Users/robertdrey/Documents/workspace/development/alocador_de_salas,resultados/experimentos/2024_1/hibridas_dia_turno_curso_pares/pares_dia_turno_curso_init180.sol,resultados/experimentos/2024_1/hibridas_dia_turno_curso_pares/pares_dia_turno_curso_init180.csv,resultados/experimentos/2024_1/hibridas_dia_turno_curso_pares/pares_dia_turno_curso_init180.json,par_cursos -> dia_turno_curso,alfabetica,,alfabetica,,180.0,1,180.0,600.0,1,0,TEMPO_TOTAL,2,6,N,EAS
2,4,115,dia_turno_curso,6_N_FIL,51,10810,84180,OPTIMAL,185223.0,185223.0,False,185223.0,1.67,1.37,600.0,,,alfabetica,,,2,True,True,TEMPO_TOTAL,iteracao,hibrida_pares_dia_turno_curso,180.0,180.0,600.0,14400.0,False,False,alfabetica,,alfabetica,,./dados/2024_1/horarios_2024_1.xlsx,./dados/2024_1/salas_2024_1.csv,./dados/2024_1/salas_preferenciais_2024.1.xlsx,/Users/robertdrey/Documents/workspace/development/alocador_de_salas,resultados/experimentos/2024_1/hibridas_dia_turno_curso_pares/pares_dia_turno_curso_init180.sol,resultados/experimentos/2024_1/hibridas_dia_turno_curso_pares/pares_dia_turno_curso_init180.csv,resultados/experimentos/2024_1/hibridas_dia_turno_curso_pares/pares_dia_turno_curso_init180.json,par_cursos -> dia_turno_curso,alfabetica,,alfabetica,,180.0,1,180.0,600.0,1,0,TEMPO_TOTAL,2,6,N,FIL
2,4,116,dia_turno_curso,6_N_GEO,47,10304,84686,OPTIMAL,185223.0,185223.0,False,185223.0,1.81,1.5,600.0,,,alfabetica,,,2,True,True,TEMPO_TOTAL,iteracao,hibrida_pares_dia_turno_curso,180.0,180.0,600.0,14400.0,False,False,alfabetica,,alfabetica,,./dados/2024_1/horarios_2024_1.xlsx,./dados/2024_1/salas_2024_1.csv,./dados/2024_1/salas_preferenciais_2024.1.xlsx,/Users/robertdrey/Documents/workspace/development/alocador_de_salas,resultados/experimentos/2024_1/hibridas_dia_turno_curso_pares/pares_dia_turno_curso_init180.sol,resultados/experimentos/2024_1/hibridas_dia_turno_curso_pares/pares_dia_turno_curso_init180.csv,resultados/experimentos/2024_1/hibridas_dia_turno_curso_pares/pares_dia_turno_curso_init180.json,par_cursos -> dia_turno_curso,alfabetica,,alfabetica,,180.0,1,180.0,600.0,1,0,TEMPO_TOTAL,2,6,N,GEO
2,4,117,dia_turno_curso,6_N_HIS,59,12650,82340,OPTIMAL,185223.0,185223.0,False,185223.0,1.88,1.56,600.0,,,alfabetica,,,2,True,True,TEMPO_TOTAL,iteracao,hibrida_pares_dia_turno_curso,180.0,180.0,600.0,14400.0,False,False,alfabetica,,alfabetica,,./dados/2024_1/horarios_2024_1.xlsx,./dados/2024_1/salas_2024_1.csv,./dados/2024_1/salas_preferenciais_2024.1.xlsx,/Users/robertdrey/Documents/workspace/development/alocador_de_salas,resultados/experimentos/2024_1/hibridas_dia_turno_curso_pares/pares_dia_turno_curso_init180.sol,resultados/experimentos/2024_1/hibridas_dia_turno_curso_pares/pares_dia_turno_curso_init180.csv,resultados/experimentos/2024_1/hibridas_dia_turno_curso_pares/pares_dia_turno_curso_init180.json,par_cursos -> dia_turno_curso,alfabetica,,alfabetica,,180.0,1,180.0,600.0,1,0,TEMPO_TOTAL,2,6,N,HIS
2,4,118,dia_turno_curso,6_N_LET,69,16376,78614,OPTIMAL,185223.0,185223.0,False,185223.0,2.89,2.58,600.0,,,alfabetica,,,2,True,True,TEMPO_TOTAL,iteracao,hibrida_pares_dia_turno_curso,180.0,180.0,600.0,14400.0,False,False,alfabetica,,alfabetica,,./dados/2024_1/horarios_2024_1.xlsx,./dados/2024_1/salas_2024_1.csv,./dados/2024_1/salas_preferenciais_2024.1.xlsx,/Users/robertdrey/Documents/workspace/development/alocador_de_salas,resultados/experimentos/2024_1/hibridas_dia_turno_curso_pares/pares_dia_turno_curso_init180.sol,resultados/experimentos/2024_1/hibridas_dia_turno_curso_pares/pares_dia_turno_curso_init180.csv,resultados/experimentos/2024_1/hibridas_dia_turno_curso_pares/pares_dia_turno_curso_init180.json,par_cursos -> dia_turno_curso,alfabetica,,alfabetica,,180.0,1,180.0,600.0,1,0,TEMPO_TOTAL,2,6,N,LET
2,4,119,dia_turno_curso,6_N_MAT,58,12834,82156,OPTIMAL,185223.0,185223.0,False,185223.0,2.24,1.93,600.0,,,alfabetica,,,2,True,True,TEMPO_TOTAL,iteracao,hibrida_pares_dia_turno_curso,180.0,180.0,600.0,14400.0,False,False,alfabetica,,alfabetica,,./dados/2024_1/horarios_2024_1.xlsx,./dados/2024_1/salas_2024_1.csv,./dados/2024_1/salas_preferenciais_2024.1.xlsx,/Users/robertdrey/Documents/workspace/development/alocador_de_salas,resultados/experimentos/2024_1/hibridas_dia_turno_curso_pares/pares_dia_turno_curso_init180.sol,resultados/experimentos/2024_1/hibridas_dia_turno_curso_pares/pares_dia_turno_curso_init180.csv,resultados/experimentos/2024_1/hibridas_dia_turno_curso_pares/pares_dia_turno_curso_init180.json,par_cursos -> dia_turno_curso,alfabetica,,alfabetica,,180.0,1,180.0,600.0,1,0,TEMPO_TOTAL,2,6,N,MAT
2,4,120,dia_turno_curso,6_N_PED,89,20286,74704,OPTIMAL,185223.0,185223.0,False,185223.0,30.16,29.84,600.0,,,alfabetica,,,2,True,True,TEMPO_TOTAL,iteracao,hibrida_pares_dia_turno_curso,180.0,180.0,600.0,14400.0,False,False,alfabetica,,alfabetica,,./dados/2024_1/horarios_2024_1.xlsx,./dados/2024_1/salas_2024_1.csv,./dados/2024_1/salas_preferenciais_2024.1.xlsx,/Users/robertdrey/Documents/workspace/development/alocador_de_salas,resultados/experimentos/2024_1/hibridas_dia_turno_curso_pares/pares_dia_turno_curso_init180.sol,resultados/experimentos/2024_1/hibridas_dia_turno_curso_pares/pares_dia_turno_curso_init180.csv,resultados/experimentos/2024_1/hibridas_dia_turno_curso_pares/pares_dia_turno_curso_init180.json,par_cursos -> dia_turno_curso,alfabetica,,alfabetica,,180.0,1,180.0,600.0,1,0,TEMPO_TOTAL,2,6,N,PED
2,4,121,dia_turno_curso,7_M_AGRO,68,15870,79120,OPTIMAL,185223.0,185223.0,False,185223.0,6.69,6.38,600.0,,,alfabetica,,,2,True,True,TEMPO_TOTAL,iteracao,hibrida_pares_dia_turno_curso,180.0,180.0,600.0,14400.0,False,False,alfabetica,,alfabetica,,./dados/2024_1/horarios_2024_1.xlsx,./dados/2024_1/salas_2024_1.csv,./dados/2024_1/salas_preferenciais_2024.1.xlsx,/Users/robertdrey/Documents/workspace/development/alocador_de_salas,resultados/experimentos/2024_1/hibridas_dia_turno_curso_pares/pares_dia_turno_curso_init180.sol,resultados/experimentos/2024_1/hibridas_dia_turno_curso_pares/pares_dia_turno_curso_init180.csv,resultados/experimentos/2024_1/hibridas_dia_turno_curso_pares/pares_dia_turno_curso_init180.json,par_cursos -> dia_turno_curso,alfabetica,,alfabetica,,180.0,1,180.0,600.0,1,0,TEMPO_TOTAL,2,7,M,AGRO
2,4,122,dia_turno_curso,7_M_CC,63,17480,77510,OPTIMAL,185223.0,185223.0,False,185223.0,3.06,2.73,600.0,,,alfabetica,,,2,True,True,TEMPO_TOTAL,iteracao,hibrida_pares_dia_turno_curso,180.0,180.0,600.0,14400.0,False,False,alfabetica,,alfabetica,,./dados/2024_1/horarios_2024_1.xlsx,./dados/2024_1/salas_2024_1.csv,./dados/2024_1/salas_preferenciais_2024.1.xlsx,/Users/robertdrey/Documents/workspace/development/alocador_de_salas,resultados/experimentos/2024_1/hibridas_dia_turno_curso_pares/pares_dia_turno_curso_init180.sol,resultados/experimentos/2024_1/hibridas_dia_turno_curso_pares/pares_dia_turno_curso_init180.csv,resultados/experimentos/2024_1/hibridas_dia_turno_curso_pares/pares_dia_turno_curso_init180.json,par_cursos -> dia_turno_curso,alfabetica,,alfabetica,,180.0,1,180.0,600.0,1,0,TEMPO_TOTAL,2,7,M,CC
2,4,123,dia_turno_curso,7_M_CS,40,12742,82248,OPTIMAL,185223.0,185223.0,False,185223.0,1.13,0.82,600.0,,,alfabetica,,,2,True,True,TEMPO_TOTAL,iteracao,hibrida_pares_dia_turno_curso,180.0,180.0,600.0,14400.0,False,False,alfabetica,,alfabetica,,./dados/2024_1/horarios_2024_1.xlsx,./dados/2024_1/salas_2024_1.csv,./dados/2024_1/salas_preferenciais_2024.1.xlsx,/Users/robertdrey/Documents/workspace/development/alocador_de_salas,resultados/experimentos/2024_1/hibridas_dia_turno_curso_pares/pares_dia_turno_curso_init180.sol,resultados/experimentos/2024_1/hibridas_dia_turno_curso_pares/pares_dia_turno_curso_init180.csv,resultados/experimentos/2024_1/hibridas_dia_turno_curso_pares/pares_dia_turno_curso_init180.json,par_cursos -> dia_turno_curso,alfabetica,,alfabetica,,180.0,1,180.0,600.0,1,0,TEMPO_TOTAL,2,7,M,CS
2,4,124,dia_turno_curso,7_M_GEO,28,10258,84732,OPTIMAL,185223.0,185223.0,False,185223.0,0.99,0.67,600.0,,,alfabetica,,,2,True,True,TEMPO_TOTAL,iteracao,hibrida_pares_dia_turno_curso,180.0,180.0,600.0,14400.0,False,False,alfabetica,,alfabetica,,./dados/2024_1/horarios_2024_1.xlsx,./dados/2024_1/salas_2024_1.csv,./dados/2024_1/salas_preferenciais_2024.1.xlsx,/Users/robertdrey/Documents/workspace/development/alocador_de_salas,resultados/experimentos/2024_1/hibridas_dia_turno_curso_pares/pares_dia_turno_curso_init180.sol,resultados/experimentos/2024_1/hibridas_dia_turno_curso_pares/pares_dia_turno_curso_init180.csv,resultados/experimentos/2024_1/hibridas_dia_turno_curso_pares/pares_dia_turno_curso_init180.json,par_cursos -> dia_turno_curso,alfabetica,,alfabetica,,180.0,1,180.0,600.0,1,0,TEMPO_TOTAL,2,7,M,GEO
2,4,125,dia_turno_curso,7_M_HIS,41,12420,82570,OPTIMAL,185223.0,185223.0,False,185223.0,1.16,0.84,600.0,,,alfabetica,,,2,True,True,TEMPO_TOTAL,iteracao,hibrida_pares_dia_turno_curso,180.0,180.0,600.0,14400.0,False,False,alfabetica,,alfabetica,,./dados/2024_1/horarios_2024_1.xlsx,./dados/2024_1/salas_2024_1.csv,./dados/2024_1/salas_preferenciais_2024.1.xlsx,/Users/robertdrey/Documents/workspace/development/alocador_de_salas,resultados/experimentos/2024_1/hibridas_dia_turno_curso_pares/pares_dia_turno_curso_init180.sol,resultados/experimentos/2024_1/hibridas_dia_turno_curso_pares/pares_dia_turno_curso_init180.csv,resultados/experimentos/2024_1/hibridas_dia_turno_curso_pares/pares_dia_turno_curso_init180.json,par_cursos -> dia_turno_curso,alfabetica,,alfabetica,,180.0,1,180.0,600.0,1,0,TEMPO_TOTAL,2,7,M,HIS
2,4,126,dia_turno_curso,7_M_MAT,40,12604,82386,OPTIMAL,185223.0,185223.0,False,185223.0,1.07,0.77,600.0,,,alfabetica,,,2,True,True,TEMPO_TOTAL,iteracao,hibrida_pares_dia_turno_curso,180.0,180.0,600.0,14400.0,False,False,alfabetica,,alfabetica,,./dados/2024_1/horarios_2024_1.xlsx,./dados/2024_1/salas_2024_1.csv,./dados/2024_1/salas_preferenciais_2024.1.xlsx,/Users/robertdrey/Documents/workspace/development/alocador_de_salas,resultados/experimentos/2024_1/hibridas_dia_turno_curso_pares/pares_dia_turno_curso_init180.sol,resultados/experimentos/2024_1/hibridas_dia_turno_curso_pares/pares_dia_turno_curso_init180.csv,resultados/experimentos/2024_1/hibridas_dia_turno_curso_pares/pares_dia_turno_curso_init180.json,par_cursos -> dia_turno_curso,alfabetica,,alfabetica,,180.0,1,180.0,600.0,1,0,TEMPO_TOTAL,2,7,M,MAT
2,4,127,dia_turno_curso,7_M_MED,59,17480,77510,OPTIMAL,185223.0,185223.0,False,185223.0,1.73,1.41,600.0,,,alfabetica,,,2,True,True,TEMPO_TOTAL,iteracao,hibrida_pares_dia_turno_curso,180.0,180.0,600.0,14400.0,False,False,alfabetica,,alfabetica,,./dados/2024_1/horarios_2024_1.xlsx,./dados/2024_1/salas_2024_1.csv,./dados/2024_1/salas_preferenciais_2024.1.xlsx,/Users/robertdrey/Documents/workspace/development/alocador_de_salas,resultados/experimentos/2024_1/hibridas_dia_turno_curso_pares/pares_dia_turno_curso_init180.sol,resultados/experimentos/2024_1/hibridas_dia_turno_curso_pares/pares_dia_turno_curso_init180.csv,resultados/experimentos/2024_1/hibridas_dia_turno_curso_pares/pares_dia_turno_curso_init180.json,par_cursos -> dia_turno_curso,alfabetica,,alfabetica,,180.0,1,180.0,600.0,1,0,TEMPO_TOTAL,2,7,M,MED
2,4,128,dia_turno_curso,7_M_PED,68,17572,77418,OPTIMAL,185223.0,185223.0,False,185223.0,36.72,36.39,600.0,,,alfabetica,,,2,True,True,TEMPO_TOTAL,iteracao,hibrida_pares_dia_turno_curso,180.0,180.0,600.0,14400.0,False,False,alfabetica,,alfabetica,,./dados/2024_1/horarios_2024_1.xlsx,./dados/2024_1/salas_2024_1.csv,./dados/2024_1/salas_preferenciais_2024.1.xlsx,/Users/robertdrey/Documents/workspace/development/alocador_de_salas,resultados/experimentos/2024_1/hibridas_dia_turno_curso_pares/pares_dia_turno_curso_init180.sol,resultados/experimentos/2024_1/hibridas_dia_turno_curso_pares/pares_dia_turno_curso_init180.csv,resultados/experimentos/2024_1/hibridas_dia_turno_curso_pares/pares_dia_turno_curso_init180.json,par_cursos -> dia_turno_curso,alfabetica,,alfabetica,,180.0,1,180.0,600.0,1,0,TEMPO_TOTAL,2,7,M,PED
2,4,129,dia_turno_curso,7_T_AGRO,58,12144,82846,OPTIMAL,185223.0,185223.0,False,185223.0,6.86,6.54,600.0,,,alfabetica,,,2,True,True,TEMPO_TOTAL,iteracao,hibrida_pares_dia_turno_curso,180.0,180.0,600.0,14400.0,False,False,alfabetica,,alfabetica,,./dados/2024_1/horarios_2024_1.xlsx,./dados/2024_1/salas_2024_1.csv,./dados/2024_1/salas_preferenciais_2024.1.xlsx,/Users/robertdrey/Documents/workspace/development/alocador_de_salas,resultados/experimentos/2024_1/hibridas_dia_turno_curso_pares/pares_dia_turno_curso_init180.sol,resultados/experimentos/2024_1/hibridas_dia_turno_curso_pares/pares_dia_turno_curso_init180.csv,resultados/experimentos/2024_1/hibridas_dia_turno_curso_pares/pares_dia_turno_curso_init180.json,par_cursos -> dia_turno_curso,alfabetica,,alfabetica,,180.0,1,180.0,600.0,1,0,TEMPO_TOTAL,2,7,T,AGRO
2,4,130,dia_turno_curso,7_T_CC,53,13754,81236,OPTIMAL,185223.0,185223.0,False,185223.0,4.08,3.75,600.0,,,alfabetica,,,2,True,True,TEMPO_TOTAL,iteracao,hibrida_pares_dia_turno_curso,180.0,180.0,600.0,14400.0,False,False,alfabetica,,alfabetica,,./dados/2024_1/horarios_2024_1.xlsx,./dados/2024_1/salas_2024_1.csv,./dados/2024_1/salas_preferenciais_2024.1.xlsx,/Users/robertdrey/Documents/workspace/development/alocador_de_salas,resultados/experimentos/2024_1/hibridas_dia_turno_curso_pares/pares_dia_turno_curso_init180.sol,resultados/experimentos/2024_1/hibridas_dia_turno_curso_pares/pares_dia_turno_curso_init180.csv,resultados/experimentos/2024_1/hibridas_dia_turno_curso_pares/pares_dia_turno_curso_init180.json,par_cursos -> dia_turno_curso,alfabetica,,alfabetica,,180.0,1,180.0,600.0,1,0,TEMPO_TOTAL,2,7,T,CC
2,4,131,dia_turno_curso,7_T_HIS,32,9246,85744,OPTIMAL,185223.0,185223.0,False,185223.0,0.8,0.48,600.0,,,alfabetica,,,2,True,True,TEMPO_TOTAL,iteracao,hibrida_pares_dia_turno_curso,180.0,180.0,600.0,14400.0,False,False,alfabetica,,alfabetica,,./dados/2024_1/horarios_2024_1.xlsx,./dados/2024_1/salas_2024_1.csv,./dados/2024_1/salas_preferenciais_2024.1.xlsx,/Users/robertdrey/Documents/workspace/development/alocador_de_salas,resultados/experimentos/2024_1/hibridas_dia_turno_curso_pares/pares_dia_turno_curso_init180.sol,resultados/experimentos/2024_1/hibridas_dia_turno_curso_pares/pares_dia_turno_curso_init180.csv,resultados/experimentos/2024_1/hibridas_dia_turno_curso_pares/pares_dia_turno_curso_init180.json,par_cursos -> dia_turno_curso,alfabetica,,alfabetica,,180.0,1,180.0,600.0,1,0,TEMPO_TOTAL,2,7,T,HIS
2,4,132,dia_turno_curso,7_T_PED,62,15640,79350,OPTIMAL,185223.0,185223.0,False,185223.0,24.61,24.28,600.0,,,alfabetica,,,2,True,True,TEMPO_TOTAL,iteracao,hibrida_pares_dia_turno_curso,180.0,180.0,600.0,14400.0,False,False,alfabetica,,alfabetica,,./dados/2024_1/horarios_2024_1.xlsx,./dados/2024_1/salas_2024_1.csv,./dados/2024_1/salas_preferenciais_2024.1.xlsx,/Users/robertdrey/Documents/workspace/development/alocador_de_salas,resultados/experimentos/2024_1/hibridas_dia_turno_curso_pares/pares_dia_turno_curso_init180.sol,resultados/experimentos/2024_1/hibridas_dia_turno_curso_pares/pares_dia_turno_curso_init180.csv,resultados/experimentos/2024_1/hibridas_dia_turno_curso_pares/pares_dia_turno_curso_init180.json,par_cursos -> dia_turno_curso,alfabetica,,alfabetica,,180.0,1,180.0,600.0,1,0,TEMPO_TOTAL,2,7,T,PED
2,4,133,dia_turno_curso,7_N_AGRO,53,10028,84962,OPTIMAL,185223.0,185223.0,False,185223.0,5.43,5.09,600.0,,,alfabetica,,,2,True,True,TEMPO_TOTAL,iteracao,hibrida_pares_dia_turno_curso,180.0,180.0,600.0,14400.0,False,False,alfabetica,,alfabetica,,./dados/2024_1/horarios_2024_1.xlsx,./dados/2024_1/salas_2024_1.csv,./dados/2024_1/salas_preferenciais_2024.1.xlsx,/Users/robertdrey/Documents/workspace/development/alocador_de_salas,resultados/experimentos/2024_1/hibridas_dia_turno_curso_pares/pares_dia_turno_curso_init180.sol,resultados/experimentos/2024_1/hibridas_dia_turno_curso_pares/pares_dia_turno_curso_init180.csv,resultados/experimentos/2024_1/hibridas_dia_turno_curso_pares/pares_dia_turno_curso_init180.json,par_cursos -> dia_turno_curso,alfabetica,,alfabetica,,180.0,1,180.0,600.0,1,0,TEMPO_TOTAL,2,7,N,AGRO
2,4,134,dia_turno_curso,7_N_HIS,26,6532,88458,OPTIMAL,185223.0,185223.0,False,185223.0,0.72,0.39,600.0,,,alfabetica,,,2,True,True,TEMPO_TOTAL,iteracao,hibrida_pares_dia_turno_curso,180.0,180.0,600.0,14400.0,False,False,alfabetica,,alfabetica,,./dados/2024_1/horarios_2024_1.xlsx,./dados/2024_1/salas_2024_1.csv,./dados/2024_1/salas_preferenciais_2024.1.xlsx,/Users/robertdrey/Documents/workspace/development/alocador_de_salas,resultados/experimentos/2024_1/hibridas_dia_turno_curso_pares/pares_dia_turno_curso_init180.sol,resultados/experimentos/2024_1/hibridas_dia_turno_curso_pares/pares_dia_turno_curso_init180.csv,resultados/experimentos/2024_1/hibridas_dia_turno_curso_pares/pares_dia_turno_curso_init180.json,par_cursos -> dia_turno_curso,alfabetica,,alfabetica,,180.0,1,180.0,600.0,1,0,TEMPO_TOTAL,2,7,N,HIS
2,4,135,dia_turno_curso,7_N_PED,58,14168,80822,OPTIMAL,185223.0,185223.0,False,185223.0,19.49,19.16,600.0,,,alfabetica,,,2,True,True,TEMPO_TOTAL,iteracao,hibrida_pares_dia_turno_curso,180.0,180.0,600.0,14400.0,False,False,alfabetica,,alfabetica,,./dados/2024_1/horarios_2024_1.xlsx,./dados/2024_1/salas_2024_1.csv,./dados/2024_1/salas_preferenciais_2024.1.xlsx,/Users/robertdrey/Documents/workspace/development/alocador_de_salas,resultados/experimentos/2024_1/hibridas_dia_turno_curso_pares/pares_dia_turno_curso_init180.sol,resultados/experimentos/2024_1/hibridas_dia_turno_curso_pares/pares_dia_turno_curso_init180.csv,resultados/experimentos/2024_1/hibridas_dia_turno_curso_pares/pares_dia_turno_curso_init180.json,par_cursos -> dia_turno_curso,alfabetica,,alfabetica,,180.0,1,180.0,600.0,1,0,TEMPO_TOTAL,2,7,N,PED
3,5,1,par_cursos,ADM+AGRO,99,18032,76958,OPTIMAL,185223.0,185223.0,False,185223.0,9.58,9.24,600.0,ADM,AGRO,alfabetica,,1,1,True,False,TEMPO_TOTAL,iteracao,hibrida_pares_dia_turno_curso,180.0,180.0,600.0,14400.0,False,False,alfabetica,,alfabetica,,./dados/2024_1/horarios_2024_1.xlsx,./dados/2024_1/salas_2024_1.csv,./dados/2024_1/salas_preferenciais_2024.1.xlsx,/Users/robertdrey/Documents/workspace/development/alocador_de_salas,resultados/experimentos/2024_1/hibridas_dia_turno_curso_pares/pares_dia_turno_curso_init180.sol,resultados/experimentos/2024_1/hibridas_dia_turno_curso_pares/pares_dia_turno_curso_init180.csv,resultados/experimentos/2024_1/hibridas_dia_turno_curso_pares/pares_dia_turno_curso_init180.json,par_cursos -> dia_turno_curso,alfabetica,,alfabetica,,180.0,1,180.0,600.0,1,0,TEMPO_TOTAL,2,,,
3,5,2,par_cursos,ADM+CC,95,19826,75164,OPTIMAL,185223.0,185223.0,False,185223.0,28.45,28.14,600.0,ADM,CC,alfabetica,,2,1,True,False,TEMPO_TOTAL,iteracao,hibrida_pares_dia_turno_curso,180.0,180.0,600.0,14400.0,False,False,alfabetica,,alfabetica,,./dados/2024_1/horarios_2024_1.xlsx,./dados/2024_1/salas_2024_1.csv,./dados/2024_1/salas_preferenciais_2024.1.xlsx,/Users/robertdrey/Documents/workspace/development/alocador_de_salas,resultados/experimentos/2024_1/hibridas_dia_turno_curso_pares/pares_dia_turno_curso_init180.sol,resultados/experimentos/2024_1/hibridas_dia_turno_curso_pares/pares_dia_turno_curso_init180.csv,resultados/experimentos/2024_1/hibridas_dia_turno_curso_pares/pares_dia_turno_curso_init180.json,par_cursos -> dia_turno_curso,alfabetica,,alfabetica,,180.0,1,180.0,600.0,1,0,TEMPO_TOTAL,2,,,
3,5,3,par_cursos,ADM+CS,70,13846,81144,OPTIMAL,185223.0,185223.0,False,185223.0,1.1,0.8,600.0,ADM,CS,alfabetica,,3,1,True,False,TEMPO_TOTAL,iteracao,hibrida_pares_dia_turno_curso,180.0,180.0,600.0,14400.0,False,False,alfabetica,,alfabetica,,./dados/2024_1/horarios_2024_1.xlsx,./dados/2024_1/salas_2024_1.csv,./dados/2024_1/salas_preferenciais_2024.1.xlsx,/Users/robertdrey/Documents/workspace/development/alocador_de_salas,resultados/experimentos/2024_1/hibridas_dia_turno_curso_pares/pares_dia_turno_curso_init180.sol,resultados/experimentos/2024_1/hibridas_dia_turno_curso_pares/pares_dia_turno_curso_init180.csv,resultados/experimentos/2024_1/hibridas_dia_turno_curso_pares/pares_dia_turno_curso_init180.json,par_cursos -> dia_turno_curso,alfabetica,,alfabetica,,180.0,1,180.0,600.0,1,0,TEMPO_TOTAL,2,,,
3,5,4,par_cursos,ADM+EAS,93,16744,78246,OPTIMAL,185223.0,185223.0,False,185223.0,1.37,1.07,600.0,ADM,EAS,alfabetica,,4,1,True,False,TEMPO_TOTAL,iteracao,hibrida_pares_dia_turno_curso,180.0,180.0,600.0,14400.0,False,False,alfabetica,,alfabetica,,./dados/2024_1/horarios_2024_1.xlsx,./dados/2024_1/salas_2024_1.csv,./dados/2024_1/salas_preferenciais_2024.1.xlsx,/Users/robertdrey/Documents/workspace/development/alocador_de_salas,resultados/experimentos/2024_1/hibridas_dia_turno_curso_pares/pares_dia_turno_curso_init180.sol,resultados/experimentos/2024_1/hibridas_dia_turno_curso_pares/pares_dia_turno_curso_init180.csv,resultados/experimentos/2024_1/hibridas_dia_turno_curso_pares/pares_dia_turno_curso_init180.json,par_cursos -> dia_turno_curso,alfabetica,,alfabetica,,180.0,1,180.0,600.0,1,0,TEMPO_TOTAL,2,,,
3,5,5,par_cursos,ADM+ENF,66,17802,77188,OPTIMAL,185223.0,185223.0,False,185223.0,8.81,8.48,600.0,ADM,ENF,alfabetica,,5,1,True,False,TEMPO_TOTAL,iteracao,hibrida_pares_dia_turno_curso,180.0,180.0,600.0,14400.0,False,False,alfabetica,,alfabetica,,./dados/2024_1/horarios_2024_1.xlsx,./dados/2024_1/salas_2024_1.csv,./dados/2024_1/salas_preferenciais_2024.1.xlsx,/Users/robertdrey/Documents/workspace/development/alocador_de_salas,resultados/experimentos/2024_1/hibridas_dia_turno_curso_pares/pares_dia_turno_curso_init180.sol,resultados/experimentos/2024_1/hibridas_dia_turno_curso_pares/pares_dia_turno_curso_init180.csv,resultados/experimentos/2024_1/hibridas_dia_turno_curso_pares/pares_dia_turno_curso_init180.json,par_cursos -> dia_turno_curso,alfabetica,,alfabetica,,180.0,1,180.0,600.0,1,0,TEMPO_TOTAL,2,,,
3,5,6,par_cursos,ADM+FIL,63,12052,82938,OPTIMAL,185223.0,185223.0,False,185223.0,0.92,0.6,600.0,ADM,FIL,alfabetica,,6,1,True,False,TEMPO_TOTAL,iteracao,hibrida_pares_dia_turno_curso,180.0,180.0,600.0,14400.0,False,False,alfabetica,,alfabetica,,./dados/2024_1/horarios_2024_1.xlsx,./dados/2024_1/salas_2024_1.csv,./dados/2024_1/salas_preferenciais_2024.1.xlsx,/Users/robertdrey/Documents/workspace/development/alocador_de_salas,resultados/experimentos/2024_1/hibridas_dia_turno_curso_pares/pares_dia_turno_curso_init180.sol,resultados/experimentos/2024_1/hibridas_dia_turno_curso_pares/pares_dia_turno_curso_init180.csv,resultados/experimentos/2024_1/hibridas_dia_turno_curso_pares/pares_dia_turno_curso_init180.json,par_cursos -> dia_turno_curso,alfabetica,,alfabetica,,180.0,1,180.0,600.0,1,0,TEMPO_TOTAL,2,,,
3,5,7,par_cursos,ADM+GEO,58,11362,83628,OPTIMAL,185223.0,185223.0,False,185223.0,0.91,0.6,600.0,ADM,GEO,alfabetica,,7,1,True,False,TEMPO_TOTAL,iteracao,hibrida_pares_dia_turno_curso,180.0,180.0,600.0,14400.0,False,False,alfabetica,,alfabetica,,./dados/2024_1/horarios_2024_1.xlsx,./dados/2024_1/salas_2024_1.csv,./dados/2024_1/salas_preferenciais_2024.1.xlsx,/Users/robertdrey/Documents/workspace/development/alocador_de_salas,resultados/experimentos/2024_1/hibridas_dia_turno_curso_pares/pares_dia_turno_curso_init180.sol,resultados/experimentos/2024_1/hibridas_dia_turno_curso_pares/pares_dia_turno_curso_init180.csv,resultados/experimentos/2024_1/hibridas_dia_turno_curso_pares/pares_dia_turno_curso_init180.json,par_cursos -> dia_turno_curso,alfabetica,,alfabetica,,180.0,1,180.0,600.0,1,0,TEMPO_TOTAL,2,,,
3,5,8,par_cursos,ADM+HIS,72,14076,80914,OPTIMAL,185223.0,185223.0,False,185223.0,1.03,0.72,600.0,ADM,HIS,alfabetica,,8,1,True,False,TEMPO_TOTAL,iteracao,hibrida_pares_dia_turno_curso,180.0,180.0,600.0,14400.0,False,False,alfabetica,,alfabetica,,./dados/2024_1/horarios_2024_1.xlsx,./dados/2024_1/salas_2024_1.csv,./dados/2024_1/salas_preferenciais_2024.1.xlsx,/Users/robertdrey/Documents/workspace/development/alocador_de_salas,resultados/experimentos/2024_1/hibridas_dia_turno_curso_pares/pares_dia_turno_curso_init180.sol,resultados/experimentos/2024_1/hibridas_dia_turno_curso_pares/pares_dia_turno_curso_init180.csv,resultados/experimentos/2024_1/hibridas_dia_turno_curso_pares/pares_dia_turno_curso_init180.json,par_cursos -> dia_turno_curso,alfabetica,,alfabetica,,180.0,1,180.0,600.0,1,0,TEMPO_TOTAL,2,,,
3,5,9,par_cursos,ADM+LET,84,18446,76544,OPTIMAL,185223.0,185223.0,False,185223.0,2.44,2.14,600.0,ADM,LET,alfabetica,,9,1,True,False,TEMPO_TOTAL,iteracao,hibrida_pares_dia_turno_curso,180.0,180.0,600.0,14400.0,False,False,alfabetica,,alfabetica,,./dados/2024_1/horarios_2024_1.xlsx,./dados/2024_1/salas_2024_1.csv,./dados/2024_1/salas_preferenciais_2024.1.xlsx,/Users/robertdrey/Documents/workspace/development/alocador_de_salas,resultados/experimentos/2024_1/hibridas_dia_turno_curso_pares/pares_dia_turno_curso_init180.sol,resultados/experimentos/2024_1/hibridas_dia_turno_curso_pares/pares_dia_turno_curso_init180.csv,resultados/experimentos/2024_1/hibridas_dia_turno_curso_pares/pares_dia_turno_curso_init180.json,par_cursos -> dia_turno_curso,alfabetica,,alfabetica,,180.0,1,180.0,600.0,1,0,TEMPO_TOTAL,2,,,
3,5,10,par_cursos,ADM+MAT,71,14260,80730,OPTIMAL,185223.0,185223.0,False,185223.0,1.17,0.86,600.0,ADM,MAT,alfabetica,,10,1,True,False,TEMPO_TOTAL,iteracao,hibrida_pares_dia_turno_curso,180.0,180.0,600.0,14400.0,False,False,alfabetica,,alfabetica,,./dados/2024_1/horarios_2024_1.xlsx,./dados/2024_1/salas_2024_1.csv,./dados/2024_1/salas_preferenciais_2024.1.xlsx,/Users/robertdrey/Documents/workspace/development/alocador_de_salas,resultados/experimentos/2024_1/hibridas_dia_turno_curso_pares/pares_dia_turno_curso_init180.sol,resultados/experimentos/2024_1/hibridas_dia_turno_curso_pares/pares_dia_turno_curso_init180.csv,resultados/experimentos/2024_1/hibridas_dia_turno_curso_pares/pares_dia_turno_curso_init180.json,par_cursos -> dia_turno_curso,alfabetica,,alfabetica,,180.0,1,180.0,600.0,1,0,TEMPO_TOTAL,2,,,
3,5,11,par_cursos,ADM+MED,89,18676,76314,OPTIMAL,185223.0,185223.0,False,185223.0,1.83,1.52,600.0,ADM,MED,alfabetica,,11,1,True,False,TEMPO_TOTAL,iteracao,hibrida_pares_dia_turno_curso,180.0,180.0,600.0,14400.0,False,False,alfabetica,,alfabetica,,./dados/2024_1/horarios_2024_1.xlsx,./dados/2024_1/salas_2024_1.csv,./dados/2024_1/salas_preferenciais_2024.1.xlsx,/Users/robertdrey/Documents/workspace/development/alocador_de_salas,resultados/experimentos/2024_1/hibridas_dia_turno_curso_pares/pares_dia_turno_curso_init180.sol,resultados/experimentos/2024_1/hibridas_dia_turno_curso_pares/pares_dia_turno_curso_init180.csv,resultados/experimentos/2024_1/hibridas_dia_turno_curso_pares/pares_dia_turno_curso_init180.json,par_cursos -> dia_turno_curso,alfabetica,,alfabetica,,180.0,1,180.0,600.0,1,0,TEMPO_TOTAL,2,,,
3,5,12,par_cursos,ADM+PED,104,22080,72910,TIME_LIMIT,185223.0,185223.0,False,185223.0,600.49,600.17,600.0,ADM,PED,alfabetica,,12,1,True,False,TEMPO_TOTAL,iteracao,hibrida_pares_dia_turno_curso,180.0,180.0,600.0,14400.0,False,False,alfabetica,,alfabetica,,./dados/2024_1/horarios_2024_1.xlsx,./dados/2024_1/salas_2024_1.csv,./dados/2024_1/salas_preferenciais_2024.1.xlsx,/Users/robertdrey/Documents/workspace/development/alocador_de_salas,resultados/experimentos/2024_1/hibridas_dia_turno_curso_pares/pares_dia_turno_curso_init180.sol,resultados/experimentos/2024_1/hibridas_dia_turno_curso_pares/pares_dia_turno_curso_init180.csv,resultados/experimentos/2024_1/hibridas_dia_turno_curso_pares/pares_dia_turno_curso_init180.json,par_cursos -> dia_turno_curso,alfabetica,,alfabetica,,180.0,1,180.0,600.0,1,0,TEMPO_TOTAL,2,,,
3,5,13,par_cursos,AGRO+CC,98,19274,75716,OPTIMAL,185223.0,185223.0,False,185223.0,177.91,177.53,600.0,AGRO,CC,alfabetica,,13,1,True,False,TEMPO_TOTAL,iteracao,hibrida_pares_dia_turno_curso,180.0,180.0,600.0,14400.0,False,False,alfabetica,,alfabetica,,./dados/2024_1/horarios_2024_1.xlsx,./dados/2024_1/salas_2024_1.csv,./dados/2024_1/salas_preferenciais_2024.1.xlsx,/Users/robertdrey/Documents/workspace/development/alocador_de_salas,resultados/experimentos/2024_1/hibridas_dia_turno_curso_pares/pares_dia_turno_curso_init180.sol,resultados/experimentos/2024_1/hibridas_dia_turno_curso_pares/pares_dia_turno_curso_init180.csv,resultados/experimentos/2024_1/hibridas_dia_turno_curso_pares/pares_dia_turno_curso_init180.json,par_cursos -> dia_turno_curso,alfabetica,,alfabetica,,180.0,1,180.0,600.0,1,0,TEMPO_TOTAL,2,,,
3,5,14,par_cursos,AGRO+CS,73,13294,81696,OPTIMAL,185223.0,185223.0,False,185223.0,14.87,14.53,600.0,AGRO,CS,alfabetica,,14,1,True,False,TEMPO_TOTAL,iteracao,hibrida_pares_dia_turno_curso,180.0,180.0,600.0,14400.0,False,False,alfabetica,,alfabetica,,./dados/2024_1/horarios_2024_1.xlsx,./dados/2024_1/salas_2024_1.csv,./dados/2024_1/salas_preferenciais_2024.1.xlsx,/Users/robertdrey/Documents/workspace/development/alocador_de_salas,resultados/experimentos/2024_1/hibridas_dia_turno_curso_pares/pares_dia_turno_curso_init180.sol,resultados/experimentos/2024_1/hibridas_dia_turno_curso_pares/pares_dia_turno_curso_init180.csv,resultados/experimentos/2024_1/hibridas_dia_turno_curso_pares/pares_dia_turno_curso_init180.json,par_cursos -> dia_turno_curso,alfabetica,,alfabetica,,180.0,1,180.0,600.0,1,0,TEMPO_TOTAL,2,,,
3,5,15,par_cursos,AGRO+EAS,96,16192,78798,OPTIMAL,185223.0,185223.0,False,185223.0,23.81,23.45,600.0,AGRO,EAS,alfabetica,,15,1,True,False,TEMPO_TOTAL,iteracao,hibrida_pares_dia_turno_curso,180.0,180.0,600.0,14400.0,False,False,alfabetica,,alfabetica,,./dados/2024_1/horarios_2024_1.xlsx,./dados/2024_1/salas_2024_1.csv,./dados/2024_1/salas_preferenciais_2024.1.xlsx,/Users/robertdrey/Documents/workspace/development/alocador_de_salas,resultados/experimentos/2024_1/hibridas_dia_turno_curso_pares/pares_dia_turno_curso_init180.sol,resultados/experimentos/2024_1/hibridas_dia_turno_curso_pares/pares_dia_turno_curso_init180.csv,resultados/experimentos/2024_1/hibridas_dia_turno_curso_pares/pares_dia_turno_curso_init180.json,par_cursos -> dia_turno_curso,alfabetica,,alfabetica,,180.0,1,180.0,600.0,1,0,TEMPO_TOTAL,2,,,
3,5,16,par_cursos,AGRO+ENF,69,17250,77740,OPTIMAL,185223.0,185202.0,True,185202.0,212.33,211.97,600.0,AGRO,ENF,alfabetica,,16,1,True,False,TEMPO_TOTAL,iteracao,hibrida_pares_dia_turno_curso,180.0,180.0,600.0,14400.0,False,False,alfabetica,,alfabetica,,./dados/2024_1/horarios_2024_1.xlsx,./dados/2024_1/salas_2024_1.csv,./dados/2024_1/salas_preferenciais_2024.1.xlsx,/Users/robertdrey/Documents/workspace/development/alocador_de_salas,resultados/experimentos/2024_1/hibridas_dia_turno_curso_pares/pares_dia_turno_curso_init180.sol,resultados/experimentos/2024_1/hibridas_dia_turno_curso_pares/pares_dia_turno_curso_init180.csv,resultados/experimentos/2024_1/hibridas_dia_turno_curso_pares/pares_dia_turno_curso_init180.json,par_cursos -> dia_turno_curso,alfabetica,,alfabetica,,180.0,1,180.0,600.0,1,0,TEMPO_TOTAL,2,,,
3,5,17,par_cursos,AGRO+FIL,66,11500,83490,OPTIMAL,185202.0,185202.0,False,185202.0,5.35,5.02,600.0,AGRO,FIL,alfabetica,,17,1,True,False,TEMPO_TOTAL,iteracao,hibrida_pares_dia_turno_curso,180.0,180.0,600.0,14400.0,False,False,alfabetica,,alfabetica,,./dados/2024_1/horarios_2024_1.xlsx,./dados/2024_1/salas_2024_1.csv,./dados/2024_1/salas_preferenciais_2024.1.xlsx,/Users/robertdrey/Documents/workspace/development/alocador_de_salas,resultados/experimentos/2024_1/hibridas_dia_turno_curso_pares/pares_dia_turno_curso_init180.sol,resultados/experimentos/2024_1/hibridas_dia_turno_curso_pares/pares_dia_turno_curso_init180.csv,resultados/experimentos/2024_1/hibridas_dia_turno_curso_pares/pares_dia_turno_curso_init180.json,par_cursos -> dia_turno_curso,alfabetica,,alfabetica,,180.0,1,180.0,600.0,1,0,TEMPO_TOTAL,2,,,
3,5,18,par_cursos,AGRO+GEO,61,10810,84180,OPTIMAL,185202.0,185202.0,False,185202.0,5.3,4.97,600.0,AGRO,GEO,alfabetica,,18,1,True,False,TEMPO_TOTAL,iteracao,hibrida_pares_dia_turno_curso,180.0,180.0,600.0,14400.0,False,False,alfabetica,,alfabetica,,./dados/2024_1/horarios_2024_1.xlsx,./dados/2024_1/salas_2024_1.csv,./dados/2024_1/salas_preferenciais_2024.1.xlsx,/Users/robertdrey/Documents/workspace/development/alocador_de_salas,resultados/experimentos/2024_1/hibridas_dia_turno_curso_pares/pares_dia_turno_curso_init180.sol,resultados/experimentos/2024_1/hibridas_dia_turno_curso_pares/pares_dia_turno_curso_init180.csv,resultados/experimentos/2024_1/hibridas_dia_turno_curso_pares/pares_dia_turno_curso_init180.json,par_cursos -> dia_turno_curso,alfabetica,,alfabetica,,180.0,1,180.0,600.0,1,0,TEMPO_TOTAL,2,,,
3,5,19,par_cursos,AGRO+HIS,75,13524,81466,OPTIMAL,185202.0,185202.0,False,185202.0,5.39,5.05,600.0,AGRO,HIS,alfabetica,,19,1,True,False,TEMPO_TOTAL,iteracao,hibrida_pares_dia_turno_curso,180.0,180.0,600.0,14400.0,False,False,alfabetica,,alfabetica,,./dados/2024_1/horarios_2024_1.xlsx,./dados/2024_1/salas_2024_1.csv,./dados/2024_1/salas_preferenciais_2024.1.xlsx,/Users/robertdrey/Documents/workspace/development/alocador_de_salas,resultados/experimentos/2024_1/hibridas_dia_turno_curso_pares/pares_dia_turno_curso_init180.sol,resultados/experimentos/2024_1/hibridas_dia_turno_curso_pares/pares_dia_turno_curso_init180.csv,resultados/experimentos/2024_1/hibridas_dia_turno_curso_pares/pares_dia_turno_curso_init180.json,par_cursos -> dia_turno_curso,alfabetica,,alfabetica,,180.0,1,180.0,600.0,1,0,TEMPO_TOTAL,2,,,
3,5,20,par_cursos,AGRO+LET,87,17894,77096,OPTIMAL,185202.0,185202.0,False,185202.0,8.55,8.22,600.0,AGRO,LET,alfabetica,,20,1,True,False,TEMPO_TOTAL,iteracao,hibrida_pares_dia_turno_curso,180.0,180.0,600.0,14400.0,False,False,alfabetica,,alfabetica,,./dados/2024_1/horarios_2024_1.xlsx,./dados/2024_1/salas_2024_1.csv,./dados/2024_1/salas_preferenciais_2024.1.xlsx,/Users/robertdrey/Documents/workspace/development/alocador_de_salas,resultados/experimentos/2024_1/hibridas_dia_turno_curso_pares/pares_dia_turno_curso_init180.sol,resultados/experimentos/2024_1/hibridas_dia_turno_curso_pares/pares_dia_turno_curso_init180.csv,resultados/experimentos/2024_1/hibridas_dia_turno_curso_pares/pares_dia_turno_curso_init180.json,par_cursos -> dia_turno_curso,alfabetica,,alfabetica,,180.0,1,180.0,600.0,1,0,TEMPO_TOTAL,2,,,
3,5,21,par_cursos,AGRO+MAT,74,13708,81282,OPTIMAL,185202.0,185202.0,False,185202.0,5.8,5.48,600.0,AGRO,MAT,alfabetica,,21,1,True,False,TEMPO_TOTAL,iteracao,hibrida_pares_dia_turno_curso,180.0,180.0,600.0,14400.0,False,False,alfabetica,,alfabetica,,./dados/2024_1/horarios_2024_1.xlsx,./dados/2024_1/salas_2024_1.csv,./dados/2024_1/salas_preferenciais_2024.1.xlsx,/Users/robertdrey/Documents/workspace/development/alocador_de_salas,resultados/experimentos/2024_1/hibridas_dia_turno_curso_pares/pares_dia_turno_curso_init180.sol,resultados/experimentos/2024_1/hibridas_dia_turno_curso_pares/pares_dia_turno_curso_init180.csv,resultados/experimentos/2024_1/hibridas_dia_turno_curso_pares/pares_dia_turno_curso_init180.json,par_cursos -> dia_turno_curso,alfabetica,,alfabetica,,180.0,1,180.0,600.0,1,0,TEMPO_TOTAL,2,,,
3,5,22,par_cursos,AGRO+MED,92,18124,76866,TIME_LIMIT,185202.0,185197.0,True,185197.0,600.4,600.05,600.0,AGRO,MED,alfabetica,,22,1,True,False,TEMPO_TOTAL,iteracao,hibrida_pares_dia_turno_curso,180.0,180.0,600.0,14400.0,False,False,alfabetica,,alfabetica,,./dados/2024_1/horarios_2024_1.xlsx,./dados/2024_1/salas_2024_1.csv,./dados/2024_1/salas_preferenciais_2024.1.xlsx,/Users/robertdrey/Documents/workspace/development/alocador_de_salas,resultados/experimentos/2024_1/hibridas_dia_turno_curso_pares/pares_dia_turno_curso_init180.sol,resultados/experimentos/2024_1/hibridas_dia_turno_curso_pares/pares_dia_turno_curso_init180.csv,resultados/experimentos/2024_1/hibridas_dia_turno_curso_pares/pares_dia_turno_curso_init180.json,par_cursos -> dia_turno_curso,alfabetica,,alfabetica,,180.0,1,180.0,600.0,1,0,TEMPO_TOTAL,2,,,
3,5,23,par_cursos,AGRO+PED,107,21528,73462,OPTIMAL,185197.0,185197.0,False,185197.0,84.63,84.29,600.0,AGRO,PED,alfabetica,,23,1,True,False,TEMPO_TOTAL,iteracao,hibrida_pares_dia_turno_curso,180.0,180.0,600.0,14400.0,False,False,alfabetica,,alfabetica,,./dados/2024_1/horarios_2024_1.xlsx,./dados/2024_1/salas_2024_1.csv,./dados/2024_1/salas_preferenciais_2024.1.xlsx,/Users/robertdrey/Documents/workspace/development/alocador_de_salas,resultados/experimentos/2024_1/hibridas_dia_turno_curso_pares/pares_dia_turno_curso_init180.sol,resultados/experimentos/2024_1/hibridas_dia_turno_curso_pares/pares_dia_turno_curso_init180.csv,resultados/experimentos/2024_1/hibridas_dia_turno_curso_pares/pares_dia_turno_curso_init180.json,par_cursos -> dia_turno_curso,alfabetica,,alfabetica,,180.0,1,180.0,600.0,1,0,TEMPO_TOTAL,2,,,
3,5,24,par_cursos,CC+CS,69,15088,79902,OPTIMAL,185197.0,185197.0,False,185197.0,3.02,2.69,600.0,CC,CS,alfabetica,,24,1,True,False,TEMPO_TOTAL,iteracao,hibrida_pares_dia_turno_curso,180.0,180.0,600.0,14400.0,False,False,alfabetica,,alfabetica,,./dados/2024_1/horarios_2024_1.xlsx,./dados/2024_1/salas_2024_1.csv,./dados/2024_1/salas_preferenciais_2024.1.xlsx,/Users/robertdrey/Documents/workspace/development/alocador_de_salas,resultados/experimentos/2024_1/hibridas_dia_turno_curso_pares/pares_dia_turno_curso_init180.sol,resultados/experimentos/2024_1/hibridas_dia_turno_curso_pares/pares_dia_turno_curso_init180.csv,resultados/experimentos/2024_1/hibridas_dia_turno_curso_pares/pares_dia_turno_curso_init180.json,par_cursos -> dia_turno_curso,alfabetica,,alfabetica,,180.0,1,180.0,600.0,1,0,TEMPO_TOTAL,2,,,
3,5,25,par_cursos,CC+EAS,92,17986,77004,OPTIMAL,185197.0,185197.0,False,185197.0,4.06,3.75,600.0,CC,EAS,alfabetica,,25,1,True,False,TEMPO_TOTAL,iteracao,hibrida_pares_dia_turno_curso,180.0,180.0,600.0,14400.0,False,False,alfabetica,,alfabetica,,./dados/2024_1/horarios_2024_1.xlsx,./dados/2024_1/salas_2024_1.csv,./dados/2024_1/salas_preferenciais_2024.1.xlsx,/Users/robertdrey/Documents/workspace/development/alocador_de_salas,resultados/experimentos/2024_1/hibridas_dia_turno_curso_pares/pares_dia_turno_curso_init180.sol,resultados/experimentos/2024_1/hibridas_dia_turno_curso_pares/pares_dia_turno_curso_init180.csv,resultados/experimentos/2024_1/hibridas_dia_turno_curso_pares/pares_dia_turno_curso_init180.json,par_cursos -> dia_turno_curso,alfabetica,,alfabetica,,180.0,1,180.0,600.0,1,0,TEMPO_TOTAL,2,,,
3,5,26,par_cursos,CC+ENF,65,19044,75946,OPTIMAL,185197.0,185197.0,False,185197.0,92.36,92.05,600.0,CC,ENF,alfabetica,,26,1,True,False,TEMPO_TOTAL,iteracao,hibrida_pares_dia_turno_curso,180.0,180.0,600.0,14400.0,False,False,alfabetica,,alfabetica,,./dados/2024_1/horarios_2024_1.xlsx,./dados/2024_1/salas_2024_1.csv,./dados/2024_1/salas_preferenciais_2024.1.xlsx,/Users/robertdrey/Documents/workspace/development/alocador_de_salas,resultados/experimentos/2024_1/hibridas_dia_turno_curso_pares/pares_dia_turno_curso_init180.sol,resultados/experimentos/2024_1/hibridas_dia_turno_curso_pares/pares_dia_turno_curso_init180.csv,resultados/experimentos/2024_1/hibridas_dia_turno_curso_pares/pares_dia_turno_curso_init180.json,par_cursos -> dia_turno_curso,alfabetica,,alfabetica,,180.0,1,180.0,600.0,1,0,TEMPO_TOTAL,2,,,
3,5,27,par_cursos,CC+FIL,62,13294,81696,OPTIMAL,185197.0,185197.0,False,185197.0,12.81,12.49,600.0,CC,FIL,alfabetica,,27,1,True,False,TEMPO_TOTAL,iteracao,hibrida_pares_dia_turno_curso,180.0,180.0,600.0,14400.0,False,False,alfabetica,,alfabetica,,./dados/2024_1/horarios_2024_1.xlsx,./dados/2024_1/salas_2024_1.csv,./dados/2024_1/salas_preferenciais_2024.1.xlsx,/Users/robertdrey/Documents/workspace/development/alocador_de_salas,resultados/experimentos/2024_1/hibridas_dia_turno_curso_pares/pares_dia_turno_curso_init180.sol,resultados/experimentos/2024_1/hibridas_dia_turno_curso_pares/pares_dia_turno_curso_init180.csv,resultados/experimentos/2024_1/hibridas_dia_turno_curso_pares/pares_dia_turno_curso_init180.json,par_cursos -> dia_turno_curso,alfabetica,,alfabetica,,180.0,1,180.0,600.0,1,0,TEMPO_TOTAL,2,,,
3,5,28,par_cursos,CC+GEO,57,12604,82386,OPTIMAL,185197.0,185197.0,False,185197.0,2.14,1.82,600.0,CC,GEO,alfabetica,,28,1,True,False,TEMPO_TOTAL,iteracao,hibrida_pares_dia_turno_curso,180.0,180.0,600.0,14400.0,False,False,alfabetica,,alfabetica,,./dados/2024_1/horarios_2024_1.xlsx,./dados/2024_1/salas_2024_1.csv,./dados/2024_1/salas_preferenciais_2024.1.xlsx,/Users/robertdrey/Documents/workspace/development/alocador_de_salas,resultados/experimentos/2024_1/hibridas_dia_turno_curso_pares/pares_dia_turno_curso_init180.sol,resultados/experimentos/2024_1/hibridas_dia_turno_curso_pares/pares_dia_turno_curso_init180.csv,resultados/experimentos/2024_1/hibridas_dia_turno_curso_pares/pares_dia_turno_curso_init180.json,par_cursos -> dia_turno_curso,alfabetica,,alfabetica,,180.0,1,180.0,600.0,1,0,TEMPO_TOTAL,2,,,
3,5,29,par_cursos,CC+HIS,71,15318,79672,OPTIMAL,185197.0,185197.0,False,185197.0,13.73,13.4,600.0,CC,HIS,alfabetica,,29,1,True,False,TEMPO_TOTAL,iteracao,hibrida_pares_dia_turno_curso,180.0,180.0,600.0,14400.0,False,False,alfabetica,,alfabetica,,./dados/2024_1/horarios_2024_1.xlsx,./dados/2024_1/salas_2024_1.csv,./dados/2024_1/salas_preferenciais_2024.1.xlsx,/Users/robertdrey/Documents/workspace/development/alocador_de_salas,resultados/experimentos/2024_1/hibridas_dia_turno_curso_pares/pares_dia_turno_curso_init180.sol,resultados/experimentos/2024_1/hibridas_dia_turno_curso_pares/pares_dia_turno_curso_init180.csv,resultados/experimentos/2024_1/hibridas_dia_turno_curso_pares/pares_dia_turno_curso_init180.json,par_cursos -> dia_turno_curso,alfabetica,,alfabetica,,180.0,1,180.0,600.0,1,0,TEMPO_TOTAL,2,,,
3,5,30,par_cursos,CC+LET,83,19688,75302,OPTIMAL,185197.0,185197.0,False,185197.0,67.46,67.15,600.0,CC,LET,alfabetica,,30,1,True,False,TEMPO_TOTAL,iteracao,hibrida_pares_dia_turno_curso,180.0,180.0,600.0,14400.0,False,False,alfabetica,,alfabetica,,./dados/2024_1/horarios_2024_1.xlsx,./dados/2024_1/salas_2024_1.csv,./dados/2024_1/salas_preferenciais_2024.1.xlsx,/Users/robertdrey/Documents/workspace/development/alocador_de_salas,resultados/experimentos/2024_1/hibridas_dia_turno_curso_pares/pares_dia_turno_curso_init180.sol,resultados/experimentos/2024_1/hibridas_dia_turno_curso_pares/pares_dia_turno_curso_init180.csv,resultados/experimentos/2024_1/hibridas_dia_turno_curso_pares/pares_dia_turno_curso_init180.json,par_cursos -> dia_turno_curso,alfabetica,,alfabetica,,180.0,1,180.0,600.0,1,0,TEMPO_TOTAL,2,,,
3,5,31,par_cursos,CC+MAT,70,15502,79488,OPTIMAL,185197.0,185197.0,False,185197.0,3.69,3.38,600.0,CC,MAT,alfabetica,,31,1,True,False,TEMPO_TOTAL,iteracao,hibrida_pares_dia_turno_curso,180.0,180.0,600.0,14400.0,False,False,alfabetica,,alfabetica,,./dados/2024_1/horarios_2024_1.xlsx,./dados/2024_1/salas_2024_1.csv,./dados/2024_1/salas_preferenciais_2024.1.xlsx,/Users/robertdrey/Documents/workspace/development/alocador_de_salas,resultados/experimentos/2024_1/hibridas_dia_turno_curso_pares/pares_dia_turno_curso_init180.sol,resultados/experimentos/2024_1/hibridas_dia_turno_curso_pares/pares_dia_turno_curso_init180.csv,resultados/experimentos/2024_1/hibridas_dia_turno_curso_pares/pares_dia_turno_curso_init180.json,par_cursos -> dia_turno_curso,alfabetica,,alfabetica,,180.0,1,180.0,600.0,1,0,TEMPO_TOTAL,2,,,
3,5,32,par_cursos,CC+MED,88,19918,75072,OPTIMAL,185197.0,185197.0,False,185197.0,31.87,31.55,600.0,CC,MED,alfabetica,,32,1,True,False,TEMPO_TOTAL,iteracao,hibrida_pares_dia_turno_curso,180.0,180.0,600.0,14400.0,False,False,alfabetica,,alfabetica,,./dados/2024_1/horarios_2024_1.xlsx,./dados/2024_1/salas_2024_1.csv,./dados/2024_1/salas_preferenciais_2024.1.xlsx,/Users/robertdrey/Documents/workspace/development/alocador_de_salas,resultados/experimentos/2024_1/hibridas_dia_turno_curso_pares/pares_dia_turno_curso_init180.sol,resultados/experimentos/2024_1/hibridas_dia_turno_curso_pares/pares_dia_turno_curso_init180.csv,resultados/experimentos/2024_1/hibridas_dia_turno_curso_pares/pares_dia_turno_curso_init180.json,par_cursos -> dia_turno_curso,alfabetica,,alfabetica,,180.0,1,180.0,600.0,1,0,TEMPO_TOTAL,2,,,
3,5,33,par_cursos,CC+PED,103,23322,71668,OPTIMAL,185197.0,185197.0,False,185197.0,94.74,94.43,600.0,CC,PED,alfabetica,,33,1,True,False,TEMPO_TOTAL,iteracao,hibrida_pares_dia_turno_curso,180.0,180.0,600.0,14400.0,False,False,alfabetica,,alfabetica,,./dados/2024_1/horarios_2024_1.xlsx,./dados/2024_1/salas_2024_1.csv,./dados/2024_1/salas_preferenciais_2024.1.xlsx,/Users/robertdrey/Documents/workspace/development/alocador_de_salas,resultados/experimentos/2024_1/hibridas_dia_turno_curso_pares/pares_dia_turno_curso_init180.sol,resultados/experimentos/2024_1/hibridas_dia_turno_curso_pares/pares_dia_turno_curso_init180.csv,resultados/experimentos/2024_1/hibridas_dia_turno_curso_pares/pares_dia_turno_curso_init180.json,par_cursos -> dia_turno_curso,alfabetica,,alfabetica,,180.0,1,180.0,600.0,1,0,TEMPO_TOTAL,2,,,
3,5,34,par_cursos,CS+EAS,67,12006,82984,OPTIMAL,185197.0,185197.0,False,185197.0,0.94,0.62,600.0,CS,EAS,alfabetica,,34,1,True,False,TEMPO_TOTAL,iteracao,hibrida_pares_dia_turno_curso,180.0,180.0,600.0,14400.0,False,False,alfabetica,,alfabetica,,./dados/2024_1/horarios_2024_1.xlsx,./dados/2024_1/salas_2024_1.csv,./dados/2024_1/salas_preferenciais_2024.1.xlsx,/Users/robertdrey/Documents/workspace/development/alocador_de_salas,resultados/experimentos/2024_1/hibridas_dia_turno_curso_pares/pares_dia_turno_curso_init180.sol,resultados/experimentos/2024_1/hibridas_dia_turno_curso_pares/pares_dia_turno_curso_init180.csv,resultados/experimentos/2024_1/hibridas_dia_turno_curso_pares/pares_dia_turno_curso_init180.json,par_cursos -> dia_turno_curso,alfabetica,,alfabetica,,180.0,1,180.0,600.0,1,0,TEMPO_TOTAL,2,,,
3,5,35,par_cursos,CS+ENF,40,13064,81926,OPTIMAL,185197.0,185197.0,False,185197.0,2.07,1.75,600.0,CS,ENF,alfabetica,,35,1,True,False,TEMPO_TOTAL,iteracao,hibrida_pares_dia_turno_curso,180.0,180.0,600.0,14400.0,False,False,alfabetica,,alfabetica,,./dados/2024_1/horarios_2024_1.xlsx,./dados/2024_1/salas_2024_1.csv,./dados/2024_1/salas_preferenciais_2024.1.xlsx,/Users/robertdrey/Documents/workspace/development/alocador_de_salas,resultados/experimentos/2024_1/hibridas_dia_turno_curso_pares/pares_dia_turno_curso_init180.sol,resultados/experimentos/2024_1/hibridas_dia_turno_curso_pares/pares_dia_turno_curso_init180.csv,resultados/experimentos/2024_1/hibridas_dia_turno_curso_pares/pares_dia_turno_curso_init180.json,par_cursos -> dia_turno_curso,alfabetica,,alfabetica,,180.0,1,180.0,600.0,1,0,TEMPO_TOTAL,2,,,
3,5,36,par_cursos,CS+FIL,37,7314,87676,OPTIMAL,185197.0,185197.0,False,185197.0,0.69,0.36,600.0,CS,FIL,alfabetica,,36,1,True,False,TEMPO_TOTAL,iteracao,hibrida_pares_dia_turno_curso,180.0,180.0,600.0,14400.0,False,False,alfabetica,,alfabetica,,./dados/2024_1/horarios_2024_1.xlsx,./dados/2024_1/salas_2024_1.csv,./dados/2024_1/salas_preferenciais_2024.1.xlsx,/Users/robertdrey/Documents/workspace/development/alocador_de_salas,resultados/experimentos/2024_1/hibridas_dia_turno_curso_pares/pares_dia_turno_curso_init180.sol,resultados/experimentos/2024_1/hibridas_dia_turno_curso_pares/pares_dia_turno_curso_init180.csv,resultados/experimentos/2024_1/hibridas_dia_turno_curso_pares/pares_dia_turno_curso_init180.json,par_cursos -> dia_turno_curso,alfabetica,,alfabetica,,180.0,1,180.0,600.0,1,0,TEMPO_TOTAL,2,,,
3,5,37,par_cursos,CS+GEO,32,6624,88366,OPTIMAL,185197.0,185197.0,False,185197.0,0.65,0.34,600.0,CS,GEO,alfabetica,,37,1,True,False,TEMPO_TOTAL,iteracao,hibrida_pares_dia_turno_curso,180.0,180.0,600.0,14400.0,False,False,alfabetica,,alfabetica,,./dados/2024_1/horarios_2024_1.xlsx,./dados/2024_1/salas_2024_1.csv,./dados/2024_1/salas_preferenciais_2024.1.xlsx,/Users/robertdrey/Documents/workspace/development/alocador_de_salas,resultados/experimentos/2024_1/hibridas_dia_turno_curso_pares/pares_dia_turno_curso_init180.sol,resultados/experimentos/2024_1/hibridas_dia_turno_curso_pares/pares_dia_turno_curso_init180.csv,resultados/experimentos/2024_1/hibridas_dia_turno_curso_pares/pares_dia_turno_curso_init180.json,par_cursos -> dia_turno_curso,alfabetica,,alfabetica,,180.0,1,180.0,600.0,1,0,TEMPO_TOTAL,2,,,
3,5,38,par_cursos,CS+HIS,46,9338,85652,OPTIMAL,185197.0,185197.0,False,185197.0,0.91,0.59,600.0,CS,HIS,alfabetica,,38,1,True,False,TEMPO_TOTAL,iteracao,hibrida_pares_dia_turno_curso,180.0,180.0,600.0,14400.0,False,False,alfabetica,,alfabetica,,./dados/2024_1/horarios_2024_1.xlsx,./dados/2024_1/salas_2024_1.csv,./dados/2024_1/salas_preferenciais_2024.1.xlsx,/Users/robertdrey/Documents/workspace/development/alocador_de_salas,resultados/experimentos/2024_1/hibridas_dia_turno_curso_pares/pares_dia_turno_curso_init180.sol,resultados/experimentos/2024_1/hibridas_dia_turno_curso_pares/pares_dia_turno_curso_init180.csv,resultados/experimentos/2024_1/hibridas_dia_turno_curso_pares/pares_dia_turno_curso_init180.json,par_cursos -> dia_turno_curso,alfabetica,,alfabetica,,180.0,1,180.0,600.0,1,0,TEMPO_TOTAL,2,,,
3,5,39,par_cursos,CS+LET,58,13708,81282,OPTIMAL,185197.0,185197.0,False,185197.0,1.5,1.18,600.0,CS,LET,alfabetica,,39,1,True,False,TEMPO_TOTAL,iteracao,hibrida_pares_dia_turno_curso,180.0,180.0,600.0,14400.0,False,False,alfabetica,,alfabetica,,./dados/2024_1/horarios_2024_1.xlsx,./dados/2024_1/salas_2024_1.csv,./dados/2024_1/salas_preferenciais_2024.1.xlsx,/Users/robertdrey/Documents/workspace/development/alocador_de_salas,resultados/experimentos/2024_1/hibridas_dia_turno_curso_pares/pares_dia_turno_curso_init180.sol,resultados/experimentos/2024_1/hibridas_dia_turno_curso_pares/pares_dia_turno_curso_init180.csv,resultados/experimentos/2024_1/hibridas_dia_turno_curso_pares/pares_dia_turno_curso_init180.json,par_cursos -> dia_turno_curso,alfabetica,,alfabetica,,180.0,1,180.0,600.0,1,0,TEMPO_TOTAL,2,,,
3,5,40,par_cursos,CS+MAT,45,9522,85468,OPTIMAL,185197.0,185197.0,False,185197.0,0.9,0.58,600.0,CS,MAT,alfabetica,,40,1,True,False,TEMPO_TOTAL,iteracao,hibrida_pares_dia_turno_curso,180.0,180.0,600.0,14400.0,False,False,alfabetica,,alfabetica,,./dados/2024_1/horarios_2024_1.xlsx,./dados/2024_1/salas_2024_1.csv,./dados/2024_1/salas_preferenciais_2024.1.xlsx,/Users/robertdrey/Documents/workspace/development/alocador_de_salas,resultados/experimentos/2024_1/hibridas_dia_turno_curso_pares/pares_dia_turno_curso_init180.sol,resultados/experimentos/2024_1/hibridas_dia_turno_curso_pares/pares_dia_turno_curso_init180.csv,resultados/experimentos/2024_1/hibridas_dia_turno_curso_pares/pares_dia_turno_curso_init180.json,par_cursos -> dia_turno_curso,alfabetica,,alfabetica,,180.0,1,180.0,600.0,1,0,TEMPO_TOTAL,2,,,
3,5,41,par_cursos,CS+MED,63,13938,81052,OPTIMAL,185197.0,185197.0,False,185197.0,1.2,0.89,600.0,CS,MED,alfabetica,,41,1,True,False,TEMPO_TOTAL,iteracao,hibrida_pares_dia_turno_curso,180.0,180.0,600.0,14400.0,False,False,alfabetica,,alfabetica,,./dados/2024_1/horarios_2024_1.xlsx,./dados/2024_1/salas_2024_1.csv,./dados/2024_1/salas_preferenciais_2024.1.xlsx,/Users/robertdrey/Documents/workspace/development/alocador_de_salas,resultados/experimentos/2024_1/hibridas_dia_turno_curso_pares/pares_dia_turno_curso_init180.sol,resultados/experimentos/2024_1/hibridas_dia_turno_curso_pares/pares_dia_turno_curso_init180.csv,resultados/experimentos/2024_1/hibridas_dia_turno_curso_pares/pares_dia_turno_curso_init180.json,par_cursos -> dia_turno_curso,alfabetica,,alfabetica,,180.0,1,180.0,600.0,1,0,TEMPO_TOTAL,2,,,
3,5,42,par_cursos,CS+PED,78,17342,77648,OPTIMAL,185197.0,185197.0,False,185197.0,20.6,20.26,600.0,CS,PED,alfabetica,,42,1,True,False,TEMPO_TOTAL,iteracao,hibrida_pares_dia_turno_curso,180.0,180.0,600.0,14400.0,False,False,alfabetica,,alfabetica,,./dados/2024_1/horarios_2024_1.xlsx,./dados/2024_1/salas_2024_1.csv,./dados/2024_1/salas_preferenciais_2024.1.xlsx,/Users/robertdrey/Documents/workspace/development/alocador_de_salas,resultados/experimentos/2024_1/hibridas_dia_turno_curso_pares/pares_dia_turno_curso_init180.sol,resultados/experimentos/2024_1/hibridas_dia_turno_curso_pares/pares_dia_turno_curso_init180.csv,resultados/experimentos/2024_1/hibridas_dia_turno_curso_pares/pares_dia_turno_curso_init180.json,par_cursos -> dia_turno_curso,alfabetica,,alfabetica,,180.0,1,180.0,600.0,1,0,TEMPO_TOTAL,2,,,
3,5,43,par_cursos,EAS+ENF,63,15962,79028,OPTIMAL,185197.0,185197.0,False,185197.0,3.8,3.46,600.0,EAS,ENF,alfabetica,,43,1,True,False,TEMPO_TOTAL,iteracao,hibrida_pares_dia_turno_curso,180.0,180.0,600.0,14400.0,False,False,alfabetica,,alfabetica,,./dados/2024_1/horarios_2024_1.xlsx,./dados/2024_1/salas_2024_1.csv,./dados/2024_1/salas_preferenciais_2024.1.xlsx,/Users/robertdrey/Documents/workspace/development/alocador_de_salas,resultados/experimentos/2024_1/hibridas_dia_turno_curso_pares/pares_dia_turno_curso_init180.sol,resultados/experimentos/2024_1/hibridas_dia_turno_curso_pares/pares_dia_turno_curso_init180.csv,resultados/experimentos/2024_1/hibridas_dia_turno_curso_pares/pares_dia_turno_curso_init180.json,par_cursos -> dia_turno_curso,alfabetica,,alfabetica,,180.0,1,180.0,600.0,1,0,TEMPO_TOTAL,2,,,
3,5,44,par_cursos,EAS+FIL,60,10212,84778,OPTIMAL,185197.0,185197.0,False,185197.0,0.81,0.48,600.0,EAS,FIL,alfabetica,,44,1,True,False,TEMPO_TOTAL,iteracao,hibrida_pares_dia_turno_curso,180.0,180.0,600.0,14400.0,False,False,alfabetica,,alfabetica,,./dados/2024_1/horarios_2024_1.xlsx,./dados/2024_1/salas_2024_1.csv,./dados/2024_1/salas_preferenciais_2024.1.xlsx,/Users/robertdrey/Documents/workspace/development/alocador_de_salas,resultados/experimentos/2024_1/hibridas_dia_turno_curso_pares/pares_dia_turno_curso_init180.sol,resultados/experimentos/2024_1/hibridas_dia_turno_curso_pares/pares_dia_turno_curso_init180.csv,resultados/experimentos/2024_1/hibridas_dia_turno_curso_pares/pares_dia_turno_curso_init180.json,par_cursos -> dia_turno_curso,alfabetica,,alfabetica,,180.0,1,180.0,600.0,1,0,TEMPO_TOTAL,2,,,
3,5,45,par_cursos,EAS+GEO,55,9522,85468,OPTIMAL,185197.0,185197.0,False,185197.0,0.77,0.45,600.0,EAS,GEO,alfabetica,,45,1,True,False,TEMPO_TOTAL,iteracao,hibrida_pares_dia_turno_curso,180.0,180.0,600.0,14400.0,False,False,alfabetica,,alfabetica,,./dados/2024_1/horarios_2024_1.xlsx,./dados/2024_1/salas_2024_1.csv,./dados/2024_1/salas_preferenciais_2024.1.xlsx,/Users/robertdrey/Documents/workspace/development/alocador_de_salas,resultados/experimentos/2024_1/hibridas_dia_turno_curso_pares/pares_dia_turno_curso_init180.sol,resultados/experimentos/2024_1/hibridas_dia_turno_curso_pares/pares_dia_turno_curso_init180.csv,resultados/experimentos/2024_1/hibridas_dia_turno_curso_pares/pares_dia_turno_curso_init180.json,par_cursos -> dia_turno_curso,alfabetica,,alfabetica,,180.0,1,180.0,600.0,1,0,TEMPO_TOTAL,2,,,
3,5,46,par_cursos,EAS+HIS,69,12236,82754,OPTIMAL,185197.0,185197.0,False,185197.0,0.91,0.6,600.0,EAS,HIS,alfabetica,,46,1,True,False,TEMPO_TOTAL,iteracao,hibrida_pares_dia_turno_curso,180.0,180.0,600.0,14400.0,False,False,alfabetica,,alfabetica,,./dados/2024_1/horarios_2024_1.xlsx,./dados/2024_1/salas_2024_1.csv,./dados/2024_1/salas_preferenciais_2024.1.xlsx,/Users/robertdrey/Documents/workspace/development/alocador_de_salas,resultados/experimentos/2024_1/hibridas_dia_turno_curso_pares/pares_dia_turno_curso_init180.sol,resultados/experimentos/2024_1/hibridas_dia_turno_curso_pares/pares_dia_turno_curso_init180.csv,resultados/experimentos/2024_1/hibridas_dia_turno_curso_pares/pares_dia_turno_curso_init180.json,par_cursos -> dia_turno_curso,alfabetica,,alfabetica,,180.0,1,180.0,600.0,1,0,TEMPO_TOTAL,2,,,
3,5,47,par_cursos,EAS+LET,81,16606,78384,OPTIMAL,185197.0,185197.0,False,185197.0,2.02,1.7,600.0,EAS,LET,alfabetica,,47,1,True,False,TEMPO_TOTAL,iteracao,hibrida_pares_dia_turno_curso,180.0,180.0,600.0,14400.0,False,False,alfabetica,,alfabetica,,./dados/2024_1/horarios_2024_1.xlsx,./dados/2024_1/salas_2024_1.csv,./dados/2024_1/salas_preferenciais_2024.1.xlsx,/Users/robertdrey/Documents/workspace/development/alocador_de_salas,resultados/experimentos/2024_1/hibridas_dia_turno_curso_pares/pares_dia_turno_curso_init180.sol,resultados/experimentos/2024_1/hibridas_dia_turno_curso_pares/pares_dia_turno_curso_init180.csv,resultados/experimentos/2024_1/hibridas_dia_turno_curso_pares/pares_dia_turno_curso_init180.json,par_cursos -> dia_turno_curso,alfabetica,,alfabetica,,180.0,1,180.0,600.0,1,0,TEMPO_TOTAL,2,,,
3,5,48,par_cursos,EAS+MAT,68,12420,82570,OPTIMAL,185197.0,185197.0,False,185197.0,1.58,1.23,600.0,EAS,MAT,alfabetica,,48,1,True,False,TEMPO_TOTAL,iteracao,hibrida_pares_dia_turno_curso,180.0,180.0,600.0,14400.0,False,False,alfabetica,,alfabetica,,./dados/2024_1/horarios_2024_1.xlsx,./dados/2024_1/salas_2024_1.csv,./dados/2024_1/salas_preferenciais_2024.1.xlsx,/Users/robertdrey/Documents/workspace/development/alocador_de_salas,resultados/experimentos/2024_1/hibridas_dia_turno_curso_pares/pares_dia_turno_curso_init180.sol,resultados/experimentos/2024_1/hibridas_dia_turno_curso_pares/pares_dia_turno_curso_init180.csv,resultados/experimentos/2024_1/hibridas_dia_turno_curso_pares/pares_dia_turno_curso_init180.json,par_cursos -> dia_turno_curso,alfabetica,,alfabetica,,180.0,1,180.0,600.0,1,0,TEMPO_TOTAL,2,,,
3,5,49,par_cursos,EAS+MED,86,16836,78154,OPTIMAL,185197.0,185185.5,True,185185.5,2.03,1.68,600.0,EAS,MED,alfabetica,,49,1,True,False,TEMPO_TOTAL,iteracao,hibrida_pares_dia_turno_curso,180.0,180.0,600.0,14400.0,False,False,alfabetica,,alfabetica,,./dados/2024_1/horarios_2024_1.xlsx,./dados/2024_1/salas_2024_1.csv,./dados/2024_1/salas_preferenciais_2024.1.xlsx,/Users/robertdrey/Documents/workspace/development/alocador_de_salas,resultados/experimentos/2024_1/hibridas_dia_turno_curso_pares/pares_dia_turno_curso_init180.sol,resultados/experimentos/2024_1/hibridas_dia_turno_curso_pares/pares_dia_turno_curso_init180.csv,resultados/experimentos/2024_1/hibridas_dia_turno_curso_pares/pares_dia_turno_curso_init180.json,par_cursos -> dia_turno_curso,alfabetica,,alfabetica,,180.0,1,180.0,600.0,1,0,TEMPO_TOTAL,2,,,
3,5,50,par_cursos,EAS+PED,101,20240,74750,OPTIMAL,185185.5,185185.5,False,185185.5,41.4,41.09,600.0,EAS,PED,alfabetica,,50,1,True,False,TEMPO_TOTAL,iteracao,hibrida_pares_dia_turno_curso,180.0,180.0,600.0,14400.0,False,False,alfabetica,,alfabetica,,./dados/2024_1/horarios_2024_1.xlsx,./dados/2024_1/salas_2024_1.csv,./dados/2024_1/salas_preferenciais_2024.1.xlsx,/Users/robertdrey/Documents/workspace/development/alocador_de_salas,resultados/experimentos/2024_1/hibridas_dia_turno_curso_pares/pares_dia_turno_curso_init180.sol,resultados/experimentos/2024_1/hibridas_dia_turno_curso_pares/pares_dia_turno_curso_init180.csv,resultados/experimentos/2024_1/hibridas_dia_turno_curso_pares/pares_dia_turno_curso_init180.json,par_cursos -> dia_turno_curso,alfabetica,,alfabetica,,180.0,1,180.0,600.0,1,0,TEMPO_TOTAL,2,,,
3,5,51,par_cursos,ENF+FIL,33,11270,83720,OPTIMAL,185185.5,185185.5,False,185185.5,1.54,1.23,600.0,ENF,FIL,alfabetica,,51,1,True,False,TEMPO_TOTAL,iteracao,hibrida_pares_dia_turno_curso,180.0,180.0,600.0,14400.0,False,False,alfabetica,,alfabetica,,./dados/2024_1/horarios_2024_1.xlsx,./dados/2024_1/salas_2024_1.csv,./dados/2024_1/salas_preferenciais_2024.1.xlsx,/Users/robertdrey/Documents/workspace/development/alocador_de_salas,resultados/experimentos/2024_1/hibridas_dia_turno_curso_pares/pares_dia_turno_curso_init180.sol,resultados/experimentos/2024_1/hibridas_dia_turno_curso_pares/pares_dia_turno_curso_init180.csv,resultados/experimentos/2024_1/hibridas_dia_turno_curso_pares/pares_dia_turno_curso_init180.json,par_cursos -> dia_turno_curso,alfabetica,,alfabetica,,180.0,1,180.0,600.0,1,0,TEMPO_TOTAL,2,,,
3,5,52,par_cursos,ENF+GEO,28,10580,84410,OPTIMAL,185185.5,185185.5,False,185185.5,1.92,1.59,600.0,ENF,GEO,alfabetica,,52,1,True,False,TEMPO_TOTAL,iteracao,hibrida_pares_dia_turno_curso,180.0,180.0,600.0,14400.0,False,False,alfabetica,,alfabetica,,./dados/2024_1/horarios_2024_1.xlsx,./dados/2024_1/salas_2024_1.csv,./dados/2024_1/salas_preferenciais_2024.1.xlsx,/Users/robertdrey/Documents/workspace/development/alocador_de_salas,resultados/experimentos/2024_1/hibridas_dia_turno_curso_pares/pares_dia_turno_curso_init180.sol,resultados/experimentos/2024_1/hibridas_dia_turno_curso_pares/pares_dia_turno_curso_init180.csv,resultados/experimentos/2024_1/hibridas_dia_turno_curso_pares/pares_dia_turno_curso_init180.json,par_cursos -> dia_turno_curso,alfabetica,,alfabetica,,180.0,1,180.0,600.0,1,0,TEMPO_TOTAL,2,,,
3,5,53,par_cursos,ENF+HIS,42,13294,81696,OPTIMAL,185185.5,185185.5,False,185185.5,1.71,1.37,600.0,ENF,HIS,alfabetica,,53,1,True,False,TEMPO_TOTAL,iteracao,hibrida_pares_dia_turno_curso,180.0,180.0,600.0,14400.0,False,False,alfabetica,,alfabetica,,./dados/2024_1/horarios_2024_1.xlsx,./dados/2024_1/salas_2024_1.csv,./dados/2024_1/salas_preferenciais_2024.1.xlsx,/Users/robertdrey/Documents/workspace/development/alocador_de_salas,resultados/experimentos/2024_1/hibridas_dia_turno_curso_pares/pares_dia_turno_curso_init180.sol,resultados/experimentos/2024_1/hibridas_dia_turno_curso_pares/pares_dia_turno_curso_init180.csv,resultados/experimentos/2024_1/hibridas_dia_turno_curso_pares/pares_dia_turno_curso_init180.json,par_cursos -> dia_turno_curso,alfabetica,,alfabetica,,180.0,1,180.0,600.0,1,0,TEMPO_TOTAL,2,,,
3,5,54,par_cursos,ENF+LET,54,17664,77326,OPTIMAL,185185.5,185181.5,True,185181.5,5.5,5.16,600.0,ENF,LET,alfabetica,,54,1,True,False,TEMPO_TOTAL,iteracao,hibrida_pares_dia_turno_curso,180.0,180.0,600.0,14400.0,False,False,alfabetica,,alfabetica,,./dados/2024_1/horarios_2024_1.xlsx,./dados/2024_1/salas_2024_1.csv,./dados/2024_1/salas_preferenciais_2024.1.xlsx,/Users/robertdrey/Documents/workspace/development/alocador_de_salas,resultados/experimentos/2024_1/hibridas_dia_turno_curso_pares/pares_dia_turno_curso_init180.sol,resultados/experimentos/2024_1/hibridas_dia_turno_curso_pares/pares_dia_turno_curso_init180.csv,resultados/experimentos/2024_1/hibridas_dia_turno_curso_pares/pares_dia_turno_curso_init180.json,par_cursos -> dia_turno_curso,alfabetica,,alfabetica,,180.0,1,180.0,600.0,1,0,TEMPO_TOTAL,2,,,
3,5,55,par_cursos,ENF+MAT,41,13478,81512,OPTIMAL,185181.5,185181.5,False,185181.5,2.85,2.51,600.0,ENF,MAT,alfabetica,,55,1,True,False,TEMPO_TOTAL,iteracao,hibrida_pares_dia_turno_curso,180.0,180.0,600.0,14400.0,False,False,alfabetica,,alfabetica,,./dados/2024_1/horarios_2024_1.xlsx,./dados/2024_1/salas_2024_1.csv,./dados/2024_1/salas_preferenciais_2024.1.xlsx,/Users/robertdrey/Documents/workspace/development/alocador_de_salas,resultados/experimentos/2024_1/hibridas_dia_turno_curso_pares/pares_dia_turno_curso_init180.sol,resultados/experimentos/2024_1/hibridas_dia_turno_curso_pares/pares_dia_turno_curso_init180.csv,resultados/experimentos/2024_1/hibridas_dia_turno_curso_pares/pares_dia_turno_curso_init180.json,par_cursos -> dia_turno_curso,alfabetica,,alfabetica,,180.0,1,180.0,600.0,1,0,TEMPO_TOTAL,2,,,
3,5,56,par_cursos,ENF+MED,59,17894,77096,OPTIMAL,185181.5,185181.5,False,185181.5,39.88,39.55,600.0,ENF,MED,alfabetica,,56,1,True,False,TEMPO_TOTAL,iteracao,hibrida_pares_dia_turno_curso,180.0,180.0,600.0,14400.0,False,False,alfabetica,,alfabetica,,./dados/2024_1/horarios_2024_1.xlsx,./dados/2024_1/salas_2024_1.csv,./dados/2024_1/salas_preferenciais_2024.1.xlsx,/Users/robertdrey/Documents/workspace/development/alocador_de_salas,resultados/experimentos/2024_1/hibridas_dia_turno_curso_pares/pares_dia_turno_curso_init180.sol,resultados/experimentos/2024_1/hibridas_dia_turno_curso_pares/pares_dia_turno_curso_init180.csv,resultados/experimentos/2024_1/hibridas_dia_turno_curso_pares/pares_dia_turno_curso_init180.json,par_cursos -> dia_turno_curso,alfabetica,,alfabetica,,180.0,1,180.0,600.0,1,0,TEMPO_TOTAL,2,,,
3,5,57,par_cursos,ENF+PED,74,21298,73692,OPTIMAL,185181.5,185181.5,False,185181.5,176.16,175.85,600.0,ENF,PED,alfabetica,,57,1,True,False,TEMPO_TOTAL,iteracao,hibrida_pares_dia_turno_curso,180.0,180.0,600.0,14400.0,False,False,alfabetica,,alfabetica,,./dados/2024_1/horarios_2024_1.xlsx,./dados/2024_1/salas_2024_1.csv,./dados/2024_1/salas_preferenciais_2024.1.xlsx,/Users/robertdrey/Documents/workspace/development/alocador_de_salas,resultados/experimentos/2024_1/hibridas_dia_turno_curso_pares/pares_dia_turno_curso_init180.sol,resultados/experimentos/2024_1/hibridas_dia_turno_curso_pares/pares_dia_turno_curso_init180.csv,resultados/experimentos/2024_1/hibridas_dia_turno_curso_pares/pares_dia_turno_curso_init180.json,par_cursos -> dia_turno_curso,alfabetica,,alfabetica,,180.0,1,180.0,600.0,1,0,TEMPO_TOTAL,2,,,
3,5,58,par_cursos,FIL+GEO,25,4830,90160,OPTIMAL,185181.5,185181.5,False,185181.5,0.61,0.3,600.0,FIL,GEO,alfabetica,,58,1,True,False,TEMPO_TOTAL,iteracao,hibrida_pares_dia_turno_curso,180.0,180.0,600.0,14400.0,False,False,alfabetica,,alfabetica,,./dados/2024_1/horarios_2024_1.xlsx,./dados/2024_1/salas_2024_1.csv,./dados/2024_1/salas_preferenciais_2024.1.xlsx,/Users/robertdrey/Documents/workspace/development/alocador_de_salas,resultados/experimentos/2024_1/hibridas_dia_turno_curso_pares/pares_dia_turno_curso_init180.sol,resultados/experimentos/2024_1/hibridas_dia_turno_curso_pares/pares_dia_turno_curso_init180.csv,resultados/experimentos/2024_1/hibridas_dia_turno_curso_pares/pares_dia_turno_curso_init180.json,par_cursos -> dia_turno_curso,alfabetica,,alfabetica,,180.0,1,180.0,600.0,1,0,TEMPO_TOTAL,2,,,
3,5,59,par_cursos,FIL+HIS,39,7544,87446,OPTIMAL,185181.5,185181.5,False,185181.5,0.66,0.35,600.0,FIL,HIS,alfabetica,,59,1,True,False,TEMPO_TOTAL,iteracao,hibrida_pares_dia_turno_curso,180.0,180.0,600.0,14400.0,False,False,alfabetica,,alfabetica,,./dados/2024_1/horarios_2024_1.xlsx,./dados/2024_1/salas_2024_1.csv,./dados/2024_1/salas_preferenciais_2024.1.xlsx,/Users/robertdrey/Documents/workspace/development/alocador_de_salas,resultados/experimentos/2024_1/hibridas_dia_turno_curso_pares/pares_dia_turno_curso_init180.sol,resultados/experimentos/2024_1/hibridas_dia_turno_curso_pares/pares_dia_turno_curso_init180.csv,resultados/experimentos/2024_1/hibridas_dia_turno_curso_pares/pares_dia_turno_curso_init180.json,par_cursos -> dia_turno_curso,alfabetica,,alfabetica,,180.0,1,180.0,600.0,1,0,TEMPO_TOTAL,2,,,
3,5,60,par_cursos,FIL+LET,51,11914,83076,OPTIMAL,185181.5,185181.5,False,185181.5,1.59,1.28,600.0,FIL,LET,alfabetica,,60,1,True,False,TEMPO_TOTAL,iteracao,hibrida_pares_dia_turno_curso,180.0,180.0,600.0,14400.0,False,False,alfabetica,,alfabetica,,./dados/2024_1/horarios_2024_1.xlsx,./dados/2024_1/salas_2024_1.csv,./dados/2024_1/salas_preferenciais_2024.1.xlsx,/Users/robertdrey/Documents/workspace/development/alocador_de_salas,resultados/experimentos/2024_1/hibridas_dia_turno_curso_pares/pares_dia_turno_curso_init180.sol,resultados/experimentos/2024_1/hibridas_dia_turno_curso_pares/pares_dia_turno_curso_init180.csv,resultados/experimentos/2024_1/hibridas_dia_turno_curso_pares/pares_dia_turno_curso_init180.json,par_cursos -> dia_turno_curso,alfabetica,,alfabetica,,180.0,1,180.0,600.0,1,0,TEMPO_TOTAL,2,,,
3,5,61,par_cursos,FIL+MAT,38,7728,87262,OPTIMAL,185181.5,185181.5,False,185181.5,0.76,0.44,600.0,FIL,MAT,alfabetica,,61,1,True,False,TEMPO_TOTAL,iteracao,hibrida_pares_dia_turno_curso,180.0,180.0,600.0,14400.0,False,False,alfabetica,,alfabetica,,./dados/2024_1/horarios_2024_1.xlsx,./dados/2024_1/salas_2024_1.csv,./dados/2024_1/salas_preferenciais_2024.1.xlsx,/Users/robertdrey/Documents/workspace/development/alocador_de_salas,resultados/experimentos/2024_1/hibridas_dia_turno_curso_pares/pares_dia_turno_curso_init180.sol,resultados/experimentos/2024_1/hibridas_dia_turno_curso_pares/pares_dia_turno_curso_init180.csv,resultados/experimentos/2024_1/hibridas_dia_turno_curso_pares/pares_dia_turno_curso_init180.json,par_cursos -> dia_turno_curso,alfabetica,,alfabetica,,180.0,1,180.0,600.0,1,0,TEMPO_TOTAL,2,,,
3,5,62,par_cursos,FIL+MED,56,12144,82846,OPTIMAL,185181.5,185181.5,False,185181.5,0.93,0.62,600.0,FIL,MED,alfabetica,,62,1,True,False,TEMPO_TOTAL,iteracao,hibrida_pares_dia_turno_curso,180.0,180.0,600.0,14400.0,False,False,alfabetica,,alfabetica,,./dados/2024_1/horarios_2024_1.xlsx,./dados/2024_1/salas_2024_1.csv,./dados/2024_1/salas_preferenciais_2024.1.xlsx,/Users/robertdrey/Documents/workspace/development/alocador_de_salas,resultados/experimentos/2024_1/hibridas_dia_turno_curso_pares/pares_dia_turno_curso_init180.sol,resultados/experimentos/2024_1/hibridas_dia_turno_curso_pares/pares_dia_turno_curso_init180.csv,resultados/experimentos/2024_1/hibridas_dia_turno_curso_pares/pares_dia_turno_curso_init180.json,par_cursos -> dia_turno_curso,alfabetica,,alfabetica,,180.0,1,180.0,600.0,1,0,TEMPO_TOTAL,2,,,
3,5,63,par_cursos,FIL+PED,71,15548,79442,OPTIMAL,185181.5,185181.5,False,185181.5,37.58,37.27,600.0,FIL,PED,alfabetica,,63,1,True,False,TEMPO_TOTAL,iteracao,hibrida_pares_dia_turno_curso,180.0,180.0,600.0,14400.0,False,False,alfabetica,,alfabetica,,./dados/2024_1/horarios_2024_1.xlsx,./dados/2024_1/salas_2024_1.csv,./dados/2024_1/salas_preferenciais_2024.1.xlsx,/Users/robertdrey/Documents/workspace/development/alocador_de_salas,resultados/experimentos/2024_1/hibridas_dia_turno_curso_pares/pares_dia_turno_curso_init180.sol,resultados/experimentos/2024_1/hibridas_dia_turno_curso_pares/pares_dia_turno_curso_init180.csv,resultados/experimentos/2024_1/hibridas_dia_turno_curso_pares/pares_dia_turno_curso_init180.json,par_cursos -> dia_turno_curso,alfabetica,,alfabetica,,180.0,1,180.0,600.0,1,0,TEMPO_TOTAL,2,,,
3,5,64,par_cursos,GEO+HIS,34,6854,88136,OPTIMAL,185181.5,185181.5,False,185181.5,0.7,0.37,600.0,GEO,HIS,alfabetica,,64,1,True,False,TEMPO_TOTAL,iteracao,hibrida_pares_dia_turno_curso,180.0,180.0,600.0,14400.0,False,False,alfabetica,,alfabetica,,./dados/2024_1/horarios_2024_1.xlsx,./dados/2024_1/salas_2024_1.csv,./dados/2024_1/salas_preferenciais_2024.1.xlsx,/Users/robertdrey/Documents/workspace/development/alocador_de_salas,resultados/experimentos/2024_1/hibridas_dia_turno_curso_pares/pares_dia_turno_curso_init180.sol,resultados/experimentos/2024_1/hibridas_dia_turno_curso_pares/pares_dia_turno_curso_init180.csv,resultados/experimentos/2024_1/hibridas_dia_turno_curso_pares/pares_dia_turno_curso_init180.json,par_cursos -> dia_turno_curso,alfabetica,,alfabetica,,180.0,1,180.0,600.0,1,0,TEMPO_TOTAL,2,,,
3,5,65,par_cursos,GEO+LET,46,11224,83766,OPTIMAL,185181.5,185181.5,False,185181.5,2.26,1.94,600.0,GEO,LET,alfabetica,,65,1,True,False,TEMPO_TOTAL,iteracao,hibrida_pares_dia_turno_curso,180.0,180.0,600.0,14400.0,False,False,alfabetica,,alfabetica,,./dados/2024_1/horarios_2024_1.xlsx,./dados/2024_1/salas_2024_1.csv,./dados/2024_1/salas_preferenciais_2024.1.xlsx,/Users/robertdrey/Documents/workspace/development/alocador_de_salas,resultados/experimentos/2024_1/hibridas_dia_turno_curso_pares/pares_dia_turno_curso_init180.sol,resultados/experimentos/2024_1/hibridas_dia_turno_curso_pares/pares_dia_turno_curso_init180.csv,resultados/experimentos/2024_1/hibridas_dia_turno_curso_pares/pares_dia_turno_curso_init180.json,par_cursos -> dia_turno_curso,alfabetica,,alfabetica,,180.0,1,180.0,600.0,1,0,TEMPO_TOTAL,2,,,
3,5,66,par_cursos,GEO+MAT,33,7038,87952,OPTIMAL,185181.5,185181.5,False,185181.5,0.75,0.42,600.0,GEO,MAT,alfabetica,,66,1,True,False,TEMPO_TOTAL,iteracao,hibrida_pares_dia_turno_curso,180.0,180.0,600.0,14400.0,False,False,alfabetica,,alfabetica,,./dados/2024_1/horarios_2024_1.xlsx,./dados/2024_1/salas_2024_1.csv,./dados/2024_1/salas_preferenciais_2024.1.xlsx,/Users/robertdrey/Documents/workspace/development/alocador_de_salas,resultados/experimentos/2024_1/hibridas_dia_turno_curso_pares/pares_dia_turno_curso_init180.sol,resultados/experimentos/2024_1/hibridas_dia_turno_curso_pares/pares_dia_turno_curso_init180.csv,resultados/experimentos/2024_1/hibridas_dia_turno_curso_pares/pares_dia_turno_curso_init180.json,par_cursos -> dia_turno_curso,alfabetica,,alfabetica,,180.0,1,180.0,600.0,1,0,TEMPO_TOTAL,2,,,
3,5,67,par_cursos,GEO+MED,51,11454,83536,OPTIMAL,185181.5,185181.5,False,185181.5,0.98,0.67,600.0,GEO,MED,alfabetica,,67,1,True,False,TEMPO_TOTAL,iteracao,hibrida_pares_dia_turno_curso,180.0,180.0,600.0,14400.0,False,False,alfabetica,,alfabetica,,./dados/2024_1/horarios_2024_1.xlsx,./dados/2024_1/salas_2024_1.csv,./dados/2024_1/salas_preferenciais_2024.1.xlsx,/Users/robertdrey/Documents/workspace/development/alocador_de_salas,resultados/experimentos/2024_1/hibridas_dia_turno_curso_pares/pares_dia_turno_curso_init180.sol,resultados/experimentos/2024_1/hibridas_dia_turno_curso_pares/pares_dia_turno_curso_init180.csv,resultados/experimentos/2024_1/hibridas_dia_turno_curso_pares/pares_dia_turno_curso_init180.json,par_cursos -> dia_turno_curso,alfabetica,,alfabetica,,180.0,1,180.0,600.0,1,0,TEMPO_TOTAL,2,,,
3,5,68,par_cursos,GEO+PED,66,14858,80132,OPTIMAL,185181.5,185181.5,False,185181.5,23.7,23.38,600.0,GEO,PED,alfabetica,,68,1,True,False,TEMPO_TOTAL,iteracao,hibrida_pares_dia_turno_curso,180.0,180.0,600.0,14400.0,False,False,alfabetica,,alfabetica,,./dados/2024_1/horarios_2024_1.xlsx,./dados/2024_1/salas_2024_1.csv,./dados/2024_1/salas_preferenciais_2024.1.xlsx,/Users/robertdrey/Documents/workspace/development/alocador_de_salas,resultados/experimentos/2024_1/hibridas_dia_turno_curso_pares/pares_dia_turno_curso_init180.sol,resultados/experimentos/2024_1/hibridas_dia_turno_curso_pares/pares_dia_turno_curso_init180.csv,resultados/experimentos/2024_1/hibridas_dia_turno_curso_pares/pares_dia_turno_curso_init180.json,par_cursos -> dia_turno_curso,alfabetica,,alfabetica,,180.0,1,180.0,600.0,1,0,TEMPO_TOTAL,2,,,
3,5,69,par_cursos,HIS+LET,60,13938,81052,OPTIMAL,185181.5,185180.5,True,185180.5,1.6,1.29,600.0,HIS,LET,alfabetica,,69,1,True,False,TEMPO_TOTAL,iteracao,hibrida_pares_dia_turno_curso,180.0,180.0,600.0,14400.0,False,False,alfabetica,,alfabetica,,./dados/2024_1/horarios_2024_1.xlsx,./dados/2024_1/salas_2024_1.csv,./dados/2024_1/salas_preferenciais_2024.1.xlsx,/Users/robertdrey/Documents/workspace/development/alocador_de_salas,resultados/experimentos/2024_1/hibridas_dia_turno_curso_pares/pares_dia_turno_curso_init180.sol,resultados/experimentos/2024_1/hibridas_dia_turno_curso_pares/pares_dia_turno_curso_init180.csv,resultados/experimentos/2024_1/hibridas_dia_turno_curso_pares/pares_dia_turno_curso_init180.json,par_cursos -> dia_turno_curso,alfabetica,,alfabetica,,180.0,1,180.0,600.0,1,0,TEMPO_TOTAL,2,,,
3,5,70,par_cursos,HIS+MAT,47,9752,85238,OPTIMAL,185180.5,185180.5,False,185180.5,0.94,0.62,600.0,HIS,MAT,alfabetica,,70,1,True,False,TEMPO_TOTAL,iteracao,hibrida_pares_dia_turno_curso,180.0,180.0,600.0,14400.0,False,False,alfabetica,,alfabetica,,./dados/2024_1/horarios_2024_1.xlsx,./dados/2024_1/salas_2024_1.csv,./dados/2024_1/salas_preferenciais_2024.1.xlsx,/Users/robertdrey/Documents/workspace/development/alocador_de_salas,resultados/experimentos/2024_1/hibridas_dia_turno_curso_pares/pares_dia_turno_curso_init180.sol,resultados/experimentos/2024_1/hibridas_dia_turno_curso_pares/pares_dia_turno_curso_init180.csv,resultados/experimentos/2024_1/hibridas_dia_turno_curso_pares/pares_dia_turno_curso_init180.json,par_cursos -> dia_turno_curso,alfabetica,,alfabetica,,180.0,1,180.0,600.0,1,0,TEMPO_TOTAL,2,,,
3,5,71,par_cursos,HIS+MED,65,14168,80822,OPTIMAL,185180.5,185180.5,False,185180.5,1.2,0.9,600.0,HIS,MED,alfabetica,,71,1,True,False,TEMPO_TOTAL,iteracao,hibrida_pares_dia_turno_curso,180.0,180.0,600.0,14400.0,False,False,alfabetica,,alfabetica,,./dados/2024_1/horarios_2024_1.xlsx,./dados/2024_1/salas_2024_1.csv,./dados/2024_1/salas_preferenciais_2024.1.xlsx,/Users/robertdrey/Documents/workspace/development/alocador_de_salas,resultados/experimentos/2024_1/hibridas_dia_turno_curso_pares/pares_dia_turno_curso_init180.sol,resultados/experimentos/2024_1/hibridas_dia_turno_curso_pares/pares_dia_turno_curso_init180.csv,resultados/experimentos/2024_1/hibridas_dia_turno_curso_pares/pares_dia_turno_curso_init180.json,par_cursos -> dia_turno_curso,alfabetica,,alfabetica,,180.0,1,180.0,600.0,1,0,TEMPO_TOTAL,2,,,
3,5,72,par_cursos,HIS+PED,80,17572,77418,OPTIMAL,185180.5,185180.5,False,185180.5,15.16,14.85,600.0,HIS,PED,alfabetica,,72,1,True,False,TEMPO_TOTAL,iteracao,hibrida_pares_dia_turno_curso,180.0,180.0,600.0,14400.0,False,False,alfabetica,,alfabetica,,./dados/2024_1/horarios_2024_1.xlsx,./dados/2024_1/salas_2024_1.csv,./dados/2024_1/salas_preferenciais_2024.1.xlsx,/Users/robertdrey/Documents/workspace/development/alocador_de_salas,resultados/experimentos/2024_1/hibridas_dia_turno_curso_pares/pares_dia_turno_curso_init180.sol,resultados/experimentos/2024_1/hibridas_dia_turno_curso_pares/pares_dia_turno_curso_init180.csv,resultados/experimentos/2024_1/hibridas_dia_turno_curso_pares/pares_dia_turno_curso_init180.json,par_cursos -> dia_turno_curso,alfabetica,,alfabetica,,180.0,1,180.0,600.0,1,0,TEMPO_TOTAL,2,,,
3,5,73,par_cursos,LET+MAT,59,14122,80868,OPTIMAL,185180.5,185180.5,False,185180.5,1.59,1.25,600.0,LET,MAT,alfabetica,,73,1,True,False,TEMPO_TOTAL,iteracao,hibrida_pares_dia_turno_curso,180.0,180.0,600.0,14400.0,False,False,alfabetica,,alfabetica,,./dados/2024_1/horarios_2024_1.xlsx,./dados/2024_1/salas_2024_1.csv,./dados/2024_1/salas_preferenciais_2024.1.xlsx,/Users/robertdrey/Documents/workspace/development/alocador_de_salas,resultados/experimentos/2024_1/hibridas_dia_turno_curso_pares/pares_dia_turno_curso_init180.sol,resultados/experimentos/2024_1/hibridas_dia_turno_curso_pares/pares_dia_turno_curso_init180.csv,resultados/experimentos/2024_1/hibridas_dia_turno_curso_pares/pares_dia_turno_curso_init180.json,par_cursos -> dia_turno_curso,alfabetica,,alfabetica,,180.0,1,180.0,600.0,1,0,TEMPO_TOTAL,2,,,
3,5,74,par_cursos,LET+MED,77,18538,76452,OPTIMAL,185180.5,185180.5,False,185180.5,1.75,1.45,600.0,LET,MED,alfabetica,,74,1,True,False,TEMPO_TOTAL,iteracao,hibrida_pares_dia_turno_curso,180.0,180.0,600.0,14400.0,False,False,alfabetica,,alfabetica,,./dados/2024_1/horarios_2024_1.xlsx,./dados/2024_1/salas_2024_1.csv,./dados/2024_1/salas_preferenciais_2024.1.xlsx,/Users/robertdrey/Documents/workspace/development/alocador_de_salas,resultados/experimentos/2024_1/hibridas_dia_turno_curso_pares/pares_dia_turno_curso_init180.sol,resultados/experimentos/2024_1/hibridas_dia_turno_curso_pares/pares_dia_turno_curso_init180.csv,resultados/experimentos/2024_1/hibridas_dia_turno_curso_pares/pares_dia_turno_curso_init180.json,par_cursos -> dia_turno_curso,alfabetica,,alfabetica,,180.0,1,180.0,600.0,1,0,TEMPO_TOTAL,2,,,
3,5,75,par_cursos,LET+PED,92,21942,73048,OPTIMAL,185180.5,185180.5,False,185180.5,37.09,36.78,600.0,LET,PED,alfabetica,,75,1,True,False,TEMPO_TOTAL,iteracao,hibrida_pares_dia_turno_curso,180.0,180.0,600.0,14400.0,False,False,alfabetica,,alfabetica,,./dados/2024_1/horarios_2024_1.xlsx,./dados/2024_1/salas_2024_1.csv,./dados/2024_1/salas_preferenciais_2024.1.xlsx,/Users/robertdrey/Documents/workspace/development/alocador_de_salas,resultados/experimentos/2024_1/hibridas_dia_turno_curso_pares/pares_dia_turno_curso_init180.sol,resultados/experimentos/2024_1/hibridas_dia_turno_curso_pares/pares_dia_turno_curso_init180.csv,resultados/experimentos/2024_1/hibridas_dia_turno_curso_pares/pares_dia_turno_curso_init180.json,par_cursos -> dia_turno_curso,alfabetica,,alfabetica,,180.0,1,180.0,600.0,1,0,TEMPO_TOTAL,2,,,
3,5,76,par_cursos,MAT+MED,64,14352,80638,OPTIMAL,185180.5,185180.5,False,185180.5,1.14,0.81,600.0,MAT,MED,alfabetica,,76,1,True,False,TEMPO_TOTAL,iteracao,hibrida_pares_dia_turno_curso,180.0,180.0,600.0,14400.0,False,False,alfabetica,,alfabetica,,./dados/2024_1/horarios_2024_1.xlsx,./dados/2024_1/salas_2024_1.csv,./dados/2024_1/salas_preferenciais_2024.1.xlsx,/Users/robertdrey/Documents/workspace/development/alocador_de_salas,resultados/experimentos/2024_1/hibridas_dia_turno_curso_pares/pares_dia_turno_curso_init180.sol,resultados/experimentos/2024_1/hibridas_dia_turno_curso_pares/pares_dia_turno_curso_init180.csv,resultados/experimentos/2024_1/hibridas_dia_turno_curso_pares/pares_dia_turno_curso_init180.json,par_cursos -> dia_turno_curso,alfabetica,,alfabetica,,180.0,1,180.0,600.0,1,0,TEMPO_TOTAL,2,,,
3,5,77,par_cursos,MAT+PED,79,17756,77234,OPTIMAL,185180.5,185180.5,False,185180.5,44.93,44.62,600.0,MAT,PED,alfabetica,,77,1,True,False,TEMPO_TOTAL,iteracao,hibrida_pares_dia_turno_curso,180.0,180.0,600.0,14400.0,False,False,alfabetica,,alfabetica,,./dados/2024_1/horarios_2024_1.xlsx,./dados/2024_1/salas_2024_1.csv,./dados/2024_1/salas_preferenciais_2024.1.xlsx,/Users/robertdrey/Documents/workspace/development/alocador_de_salas,resultados/experimentos/2024_1/hibridas_dia_turno_curso_pares/pares_dia_turno_curso_init180.sol,resultados/experimentos/2024_1/hibridas_dia_turno_curso_pares/pares_dia_turno_curso_init180.csv,resultados/experimentos/2024_1/hibridas_dia_turno_curso_pares/pares_dia_turno_curso_init180.json,par_cursos -> dia_turno_curso,alfabetica,,alfabetica,,180.0,1,180.0,600.0,1,0,TEMPO_TOTAL,2,,,
3,5,78,par_cursos,MED+PED,97,22172,72818,OPTIMAL,185180.5,185180.5,False,185180.5,26.28,25.96,600.0,MED,PED,alfabetica,,78,1,True,False,TEMPO_TOTAL,iteracao,hibrida_pares_dia_turno_curso,180.0,180.0,600.0,14400.0,False,False,alfabetica,,alfabetica,,./dados/2024_1/horarios_2024_1.xlsx,./dados/2024_1/salas_2024_1.csv,./dados/2024_1/salas_preferenciais_2024.1.xlsx,/Users/robertdrey/Documents/workspace/development/alocador_de_salas,resultados/experimentos/2024_1/hibridas_dia_turno_curso_pares/pares_dia_turno_curso_init180.sol,resultados/experimentos/2024_1/hibridas_dia_turno_curso_pares/pares_dia_turno_curso_init180.csv,resultados/experimentos/2024_1/hibridas_dia_turno_curso_pares/pares_dia_turno_curso_init180.json,par_cursos -> dia_turno_curso,alfabetica,,alfabetica,,180.0,1,180.0,600.0,1,0,TEMPO_TOTAL,2,,,
3,6,1,dia_turno_curso,2_M_ADM,81,18538,76452,OPTIMAL,185180.5,185180.5,False,185180.5,2.32,2.0,600.0,,,alfabetica,,,2,False,False,TEMPO_TOTAL,iteracao,hibrida_pares_dia_turno_curso,180.0,180.0,600.0,14400.0,False,False,alfabetica,,alfabetica,,./dados/2024_1/horarios_2024_1.xlsx,./dados/2024_1/salas_2024_1.csv,./dados/2024_1/salas_preferenciais_2024.1.xlsx,/Users/robertdrey/Documents/workspace/development/alocador_de_salas,resultados/experimentos/2024_1/hibridas_dia_turno_curso_pares/pares_dia_turno_curso_init180.sol,resultados/experimentos/2024_1/hibridas_dia_turno_curso_pares/pares_dia_turno_curso_init180.csv,resultados/experimentos/2024_1/hibridas_dia_turno_curso_pares/pares_dia_turno_curso_init180.json,par_cursos -> dia_turno_curso,alfabetica,,alfabetica,,180.0,1,180.0,600.0,1,0,TEMPO_TOTAL,2,2,M,ADM
3,6,2,dia_turno_curso,2_M_AGRO,82,17250,77740,OPTIMAL,185180.5,185180.5,False,185180.5,7.43,7.11,600.0,,,alfabetica,,,2,False,False,TEMPO_TOTAL,iteracao,hibrida_pares_dia_turno_curso,180.0,180.0,600.0,14400.0,False,False,alfabetica,,alfabetica,,./dados/2024_1/horarios_2024_1.xlsx,./dados/2024_1/salas_2024_1.csv,./dados/2024_1/salas_preferenciais_2024.1.xlsx,/Users/robertdrey/Documents/workspace/development/alocador_de_salas,resultados/experimentos/2024_1/hibridas_dia_turno_curso_pares/pares_dia_turno_curso_init180.sol,resultados/experimentos/2024_1/hibridas_dia_turno_curso_pares/pares_dia_turno_curso_init180.csv,resultados/experimentos/2024_1/hibridas_dia_turno_curso_pares/pares_dia_turno_curso_init180.json,par_cursos -> dia_turno_curso,alfabetica,,alfabetica,,180.0,1,180.0,600.0,1,0,TEMPO_TOTAL,2,2,M,AGRO
3,6,3,dia_turno_curso,2_M_EAS,73,16238,78752,OPTIMAL,185180.5,185180.5,False,185180.5,1.47,1.17,600.0,,,alfabetica,,,2,False,False,TEMPO_TOTAL,iteracao,hibrida_pares_dia_turno_curso,180.0,180.0,600.0,14400.0,False,False,alfabetica,,alfabetica,,./dados/2024_1/horarios_2024_1.xlsx,./dados/2024_1/salas_2024_1.csv,./dados/2024_1/salas_preferenciais_2024.1.xlsx,/Users/robertdrey/Documents/workspace/development/alocador_de_salas,resultados/experimentos/2024_1/hibridas_dia_turno_curso_pares/pares_dia_turno_curso_init180.sol,resultados/experimentos/2024_1/hibridas_dia_turno_curso_pares/pares_dia_turno_curso_init180.csv,resultados/experimentos/2024_1/hibridas_dia_turno_curso_pares/pares_dia_turno_curso_init180.json,par_cursos -> dia_turno_curso,alfabetica,,alfabetica,,180.0,1,180.0,600.0,1,0,TEMPO_TOTAL,2,2,M,EAS
3,6,4,dia_turno_curso,2_M_ENF,51,15548,79442,OPTIMAL,185180.5,185180.5,False,185180.5,4.56,4.24,600.0,,,alfabetica,,,2,False,False,TEMPO_TOTAL,iteracao,hibrida_pares_dia_turno_curso,180.0,180.0,600.0,14400.0,False,False,alfabetica,,alfabetica,,./dados/2024_1/horarios_2024_1.xlsx,./dados/2024_1/salas_2024_1.csv,./dados/2024_1/salas_preferenciais_2024.1.xlsx,/Users/robertdrey/Documents/workspace/development/alocador_de_salas,resultados/experimentos/2024_1/hibridas_dia_turno_curso_pares/pares_dia_turno_curso_init180.sol,resultados/experimentos/2024_1/hibridas_dia_turno_curso_pares/pares_dia_turno_curso_init180.csv,resultados/experimentos/2024_1/hibridas_dia_turno_curso_pares/pares_dia_turno_curso_init180.json,par_cursos -> dia_turno_curso,alfabetica,,alfabetica,,180.0,1,180.0,600.0,1,0,TEMPO_TOTAL,2,2,M,ENF
3,6,5,dia_turno_curso,2_M_MED,74,18078,76912,OPTIMAL,185180.5,185180.5,False,185180.5,1.9,1.59,600.0,,,alfabetica,,,2,False,False,TEMPO_TOTAL,iteracao,hibrida_pares_dia_turno_curso,180.0,180.0,600.0,14400.0,False,False,alfabetica,,alfabetica,,./dados/2024_1/horarios_2024_1.xlsx,./dados/2024_1/salas_2024_1.csv,./dados/2024_1/salas_preferenciais_2024.1.xlsx,/Users/robertdrey/Documents/workspace/development/alocador_de_salas,resultados/experimentos/2024_1/hibridas_dia_turno_curso_pares/pares_dia_turno_curso_init180.sol,resultados/experimentos/2024_1/hibridas_dia_turno_curso_pares/pares_dia_turno_curso_init180.csv,resultados/experimentos/2024_1/hibridas_dia_turno_curso_pares/pares_dia_turno_curso_init180.json,par_cursos -> dia_turno_curso,alfabetica,,alfabetica,,180.0,1,180.0,600.0,1,0,TEMPO_TOTAL,2,2,M,MED
3,6,6,dia_turno_curso,2_M_PED,88,21574,73416,OPTIMAL,185180.5,185180.5,False,185180.5,16.72,16.42,600.0,,,alfabetica,,,2,False,False,TEMPO_TOTAL,iteracao,hibrida_pares_dia_turno_curso,180.0,180.0,600.0,14400.0,False,False,alfabetica,,alfabetica,,./dados/2024_1/horarios_2024_1.xlsx,./dados/2024_1/salas_2024_1.csv,./dados/2024_1/salas_preferenciais_2024.1.xlsx,/Users/robertdrey/Documents/workspace/development/alocador_de_salas,resultados/experimentos/2024_1/hibridas_dia_turno_curso_pares/pares_dia_turno_curso_init180.sol,resultados/experimentos/2024_1/hibridas_dia_turno_curso_pares/pares_dia_turno_curso_init180.csv,resultados/experimentos/2024_1/hibridas_dia_turno_curso_pares/pares_dia_turno_curso_init180.json,par_cursos -> dia_turno_curso,alfabetica,,alfabetica,,180.0,1,180.0,600.0,1,0,TEMPO_TOTAL,2,2,M,PED
3,6,7,dia_turno_curso,2_T_AGRO,82,20194,74796,OPTIMAL,185180.5,185180.5,False,185180.5,8.4,8.09,600.0,,,alfabetica,,,2,False,False,TEMPO_TOTAL,iteracao,hibrida_pares_dia_turno_curso,180.0,180.0,600.0,14400.0,False,False,alfabetica,,alfabetica,,./dados/2024_1/horarios_2024_1.xlsx,./dados/2024_1/salas_2024_1.csv,./dados/2024_1/salas_preferenciais_2024.1.xlsx,/Users/robertdrey/Documents/workspace/development/alocador_de_salas,resultados/experimentos/2024_1/hibridas_dia_turno_curso_pares/pares_dia_turno_curso_init180.sol,resultados/experimentos/2024_1/hibridas_dia_turno_curso_pares/pares_dia_turno_curso_init180.csv,resultados/experimentos/2024_1/hibridas_dia_turno_curso_pares/pares_dia_turno_curso_init180.json,par_cursos -> dia_turno_curso,alfabetica,,alfabetica,,180.0,1,180.0,600.0,1,0,TEMPO_TOTAL,2,2,T,AGRO
3,6,8,dia_turno_curso,2_T_CC,70,20010,74980,OPTIMAL,185180.5,185180.5,False,185180.5,2.78,2.48,600.0,,,alfabetica,,,2,False,False,TEMPO_TOTAL,iteracao,hibrida_pares_dia_turno_curso,180.0,180.0,600.0,14400.0,False,False,alfabetica,,alfabetica,,./dados/2024_1/horarios_2024_1.xlsx,./dados/2024_1/salas_2024_1.csv,./dados/2024_1/salas_preferenciais_2024.1.xlsx,/Users/robertdrey/Documents/workspace/development/alocador_de_salas,resultados/experimentos/2024_1/hibridas_dia_turno_curso_pares/pares_dia_turno_curso_init180.sol,resultados/experimentos/2024_1/hibridas_dia_turno_curso_pares/pares_dia_turno_curso_init180.csv,resultados/experimentos/2024_1/hibridas_dia_turno_curso_pares/pares_dia_turno_curso_init180.json,par_cursos -> dia_turno_curso,alfabetica,,alfabetica,,180.0,1,180.0,600.0,1,0,TEMPO_TOTAL,2,2,T,CC
3,6,9,dia_turno_curso,2_T_CS,55,16284,78706,OPTIMAL,185180.5,185180.5,False,185180.5,1.44,1.14,600.0,,,alfabetica,,,2,False,False,TEMPO_TOTAL,iteracao,hibrida_pares_dia_turno_curso,180.0,180.0,600.0,14400.0,False,False,alfabetica,,alfabetica,,./dados/2024_1/horarios_2024_1.xlsx,./dados/2024_1/salas_2024_1.csv,./dados/2024_1/salas_preferenciais_2024.1.xlsx,/Users/robertdrey/Documents/workspace/development/alocador_de_salas,resultados/experimentos/2024_1/hibridas_dia_turno_curso_pares/pares_dia_turno_curso_init180.sol,resultados/experimentos/2024_1/hibridas_dia_turno_curso_pares/pares_dia_turno_curso_init180.csv,resultados/experimentos/2024_1/hibridas_dia_turno_curso_pares/pares_dia_turno_curso_init180.json,par_cursos -> dia_turno_curso,alfabetica,,alfabetica,,180.0,1,180.0,600.0,1,0,TEMPO_TOTAL,2,2,T,CS
3,6,10,dia_turno_curso,2_T_EAS,74,18538,76452,OPTIMAL,185180.5,185180.5,False,185180.5,1.61,1.31,600.0,,,alfabetica,,,2,False,False,TEMPO_TOTAL,iteracao,hibrida_pares_dia_turno_curso,180.0,180.0,600.0,14400.0,False,False,alfabetica,,alfabetica,,./dados/2024_1/horarios_2024_1.xlsx,./dados/2024_1/salas_2024_1.csv,./dados/2024_1/salas_preferenciais_2024.1.xlsx,/Users/robertdrey/Documents/workspace/development/alocador_de_salas,resultados/experimentos/2024_1/hibridas_dia_turno_curso_pares/pares_dia_turno_curso_init180.sol,resultados/experimentos/2024_1/hibridas_dia_turno_curso_pares/pares_dia_turno_curso_init180.csv,resultados/experimentos/2024_1/hibridas_dia_turno_curso_pares/pares_dia_turno_curso_init180.json,par_cursos -> dia_turno_curso,alfabetica,,alfabetica,,180.0,1,180.0,600.0,1,0,TEMPO_TOTAL,2,2,T,EAS
3,6,11,dia_turno_curso,2_T_ENF,47,16422,78568,OPTIMAL,185180.5,185180.5,False,185180.5,4.47,4.16,600.0,,,alfabetica,,,2,False,False,TEMPO_TOTAL,iteracao,hibrida_pares_dia_turno_curso,180.0,180.0,600.0,14400.0,False,False,alfabetica,,alfabetica,,./dados/2024_1/horarios_2024_1.xlsx,./dados/2024_1/salas_2024_1.csv,./dados/2024_1/salas_preferenciais_2024.1.xlsx,/Users/robertdrey/Documents/workspace/development/alocador_de_salas,resultados/experimentos/2024_1/hibridas_dia_turno_curso_pares/pares_dia_turno_curso_init180.sol,resultados/experimentos/2024_1/hibridas_dia_turno_curso_pares/pares_dia_turno_curso_init180.csv,resultados/experimentos/2024_1/hibridas_dia_turno_curso_pares/pares_dia_turno_curso_init180.json,par_cursos -> dia_turno_curso,alfabetica,,alfabetica,,180.0,1,180.0,600.0,1,0,TEMPO_TOTAL,2,2,T,ENF
3,6,12,dia_turno_curso,2_T_GEO,43,13846,81144,OPTIMAL,185180.5,185180.5,False,185180.5,1.37,1.05,600.0,,,alfabetica,,,2,False,False,TEMPO_TOTAL,iteracao,hibrida_pares_dia_turno_curso,180.0,180.0,600.0,14400.0,False,False,alfabetica,,alfabetica,,./dados/2024_1/horarios_2024_1.xlsx,./dados/2024_1/salas_2024_1.csv,./dados/2024_1/salas_preferenciais_2024.1.xlsx,/Users/robertdrey/Documents/workspace/development/alocador_de_salas,resultados/experimentos/2024_1/hibridas_dia_turno_curso_pares/pares_dia_turno_curso_init180.sol,resultados/experimentos/2024_1/hibridas_dia_turno_curso_pares/pares_dia_turno_curso_init180.csv,resultados/experimentos/2024_1/hibridas_dia_turno_curso_pares/pares_dia_turno_curso_init180.json,par_cursos -> dia_turno_curso,alfabetica,,alfabetica,,180.0,1,180.0,600.0,1,0,TEMPO_TOTAL,2,2,T,GEO
3,6,13,dia_turno_curso,2_T_LET,67,19228,75762,OPTIMAL,185180.5,185180.5,False,185180.5,2.56,2.26,600.0,,,alfabetica,,,2,False,False,TEMPO_TOTAL,iteracao,hibrida_pares_dia_turno_curso,180.0,180.0,600.0,14400.0,False,False,alfabetica,,alfabetica,,./dados/2024_1/horarios_2024_1.xlsx,./dados/2024_1/salas_2024_1.csv,./dados/2024_1/salas_preferenciais_2024.1.xlsx,/Users/robertdrey/Documents/workspace/development/alocador_de_salas,resultados/experimentos/2024_1/hibridas_dia_turno_curso_pares/pares_dia_turno_curso_init180.sol,resultados/experimentos/2024_1/hibridas_dia_turno_curso_pares/pares_dia_turno_curso_init180.csv,resultados/experimentos/2024_1/hibridas_dia_turno_curso_pares/pares_dia_turno_curso_init180.json,par_cursos -> dia_turno_curso,alfabetica,,alfabetica,,180.0,1,180.0,600.0,1,0,TEMPO_TOTAL,2,2,T,LET
3,6,14,dia_turno_curso,2_T_MAT,56,16606,78384,OPTIMAL,185180.5,185180.5,False,185180.5,1.68,1.37,600.0,,,alfabetica,,,2,False,False,TEMPO_TOTAL,iteracao,hibrida_pares_dia_turno_curso,180.0,180.0,600.0,14400.0,False,False,alfabetica,,alfabetica,,./dados/2024_1/horarios_2024_1.xlsx,./dados/2024_1/salas_2024_1.csv,./dados/2024_1/salas_preferenciais_2024.1.xlsx,/Users/robertdrey/Documents/workspace/development/alocador_de_salas,resultados/experimentos/2024_1/hibridas_dia_turno_curso_pares/pares_dia_turno_curso_init180.sol,resultados/experimentos/2024_1/hibridas_dia_turno_curso_pares/pares_dia_turno_curso_init180.csv,resultados/experimentos/2024_1/hibridas_dia_turno_curso_pares/pares_dia_turno_curso_init180.json,par_cursos -> dia_turno_curso,alfabetica,,alfabetica,,180.0,1,180.0,600.0,1,0,TEMPO_TOTAL,2,2,T,MAT
3,6,15,dia_turno_curso,2_T_MED,71,20286,74704,OPTIMAL,185180.5,185180.5,False,185180.5,2.54,2.23,600.0,,,alfabetica,,,2,False,False,TEMPO_TOTAL,iteracao,hibrida_pares_dia_turno_curso,180.0,180.0,600.0,14400.0,False,False,alfabetica,,alfabetica,,./dados/2024_1/horarios_2024_1.xlsx,./dados/2024_1/salas_2024_1.csv,./dados/2024_1/salas_preferenciais_2024.1.xlsx,/Users/robertdrey/Documents/workspace/development/alocador_de_salas,resultados/experimentos/2024_1/hibridas_dia_turno_curso_pares/pares_dia_turno_curso_init180.sol,resultados/experimentos/2024_1/hibridas_dia_turno_curso_pares/pares_dia_turno_curso_init180.csv,resultados/experimentos/2024_1/hibridas_dia_turno_curso_pares/pares_dia_turno_curso_init180.json,par_cursos -> dia_turno_curso,alfabetica,,alfabetica,,180.0,1,180.0,600.0,1,0,TEMPO_TOTAL,2,2,T,MED
3,6,16,dia_turno_curso,2_N_ADM,85,18078,76912,OPTIMAL,185180.5,185180.5,False,185180.5,2.01,1.71,600.0,,,alfabetica,,,2,False,False,TEMPO_TOTAL,iteracao,hibrida_pares_dia_turno_curso,180.0,180.0,600.0,14400.0,False,False,alfabetica,,alfabetica,,./dados/2024_1/horarios_2024_1.xlsx,./dados/2024_1/salas_2024_1.csv,./dados/2024_1/salas_preferenciais_2024.1.xlsx,/Users/robertdrey/Documents/workspace/development/alocador_de_salas,resultados/experimentos/2024_1/hibridas_dia_turno_curso_pares/pares_dia_turno_curso_init180.sol,resultados/experimentos/2024_1/hibridas_dia_turno_curso_pares/pares_dia_turno_curso_init180.csv,resultados/experimentos/2024_1/hibridas_dia_turno_curso_pares/pares_dia_turno_curso_init180.json,par_cursos -> dia_turno_curso,alfabetica,,alfabetica,,180.0,1,180.0,600.0,1,0,TEMPO_TOTAL,2,2,N,ADM
3,6,17,dia_turno_curso,2_N_CC,83,19136,75854,OPTIMAL,185180.5,185180.5,False,185180.5,2.73,2.42,600.0,,,alfabetica,,,2,False,False,TEMPO_TOTAL,iteracao,hibrida_pares_dia_turno_curso,180.0,180.0,600.0,14400.0,False,False,alfabetica,,alfabetica,,./dados/2024_1/horarios_2024_1.xlsx,./dados/2024_1/salas_2024_1.csv,./dados/2024_1/salas_preferenciais_2024.1.xlsx,/Users/robertdrey/Documents/workspace/development/alocador_de_salas,resultados/experimentos/2024_1/hibridas_dia_turno_curso_pares/pares_dia_turno_curso_init180.sol,resultados/experimentos/2024_1/hibridas_dia_turno_curso_pares/pares_dia_turno_curso_init180.csv,resultados/experimentos/2024_1/hibridas_dia_turno_curso_pares/pares_dia_turno_curso_init180.json,par_cursos -> dia_turno_curso,alfabetica,,alfabetica,,180.0,1,180.0,600.0,1,0,TEMPO_TOTAL,2,2,N,CC
3,6,18,dia_turno_curso,2_N_CS,59,13248,81742,OPTIMAL,185180.5,185180.5,False,185180.5,1.73,1.43,600.0,,,alfabetica,,,2,False,False,TEMPO_TOTAL,iteracao,hibrida_pares_dia_turno_curso,180.0,180.0,600.0,14400.0,False,False,alfabetica,,alfabetica,,./dados/2024_1/horarios_2024_1.xlsx,./dados/2024_1/salas_2024_1.csv,./dados/2024_1/salas_preferenciais_2024.1.xlsx,/Users/robertdrey/Documents/workspace/development/alocador_de_salas,resultados/experimentos/2024_1/hibridas_dia_turno_curso_pares/pares_dia_turno_curso_init180.sol,resultados/experimentos/2024_1/hibridas_dia_turno_curso_pares/pares_dia_turno_curso_init180.csv,resultados/experimentos/2024_1/hibridas_dia_turno_curso_pares/pares_dia_turno_curso_init180.json,par_cursos -> dia_turno_curso,alfabetica,,alfabetica,,180.0,1,180.0,600.0,1,0,TEMPO_TOTAL,2,2,N,CS
3,6,19,dia_turno_curso,2_N_EAS,85,16376,78614,OPTIMAL,185180.5,185180.5,False,185180.5,1.56,1.26,600.0,,,alfabetica,,,2,False,False,TEMPO_TOTAL,iteracao,hibrida_pares_dia_turno_curso,180.0,180.0,600.0,14400.0,False,False,alfabetica,,alfabetica,,./dados/2024_1/horarios_2024_1.xlsx,./dados/2024_1/salas_2024_1.csv,./dados/2024_1/salas_preferenciais_2024.1.xlsx,/Users/robertdrey/Documents/workspace/development/alocador_de_salas,resultados/experimentos/2024_1/hibridas_dia_turno_curso_pares/pares_dia_turno_curso_init180.sol,resultados/experimentos/2024_1/hibridas_dia_turno_curso_pares/pares_dia_turno_curso_init180.csv,resultados/experimentos/2024_1/hibridas_dia_turno_curso_pares/pares_dia_turno_curso_init180.json,par_cursos -> dia_turno_curso,alfabetica,,alfabetica,,180.0,1,180.0,600.0,1,0,TEMPO_TOTAL,2,2,N,EAS
3,6,20,dia_turno_curso,2_N_FIL,53,11730,83260,OPTIMAL,185180.5,185180.5,False,185180.5,1.32,1.02,600.0,,,alfabetica,,,2,False,False,TEMPO_TOTAL,iteracao,hibrida_pares_dia_turno_curso,180.0,180.0,600.0,14400.0,False,False,alfabetica,,alfabetica,,./dados/2024_1/horarios_2024_1.xlsx,./dados/2024_1/salas_2024_1.csv,./dados/2024_1/salas_preferenciais_2024.1.xlsx,/Users/robertdrey/Documents/workspace/development/alocador_de_salas,resultados/experimentos/2024_1/hibridas_dia_turno_curso_pares/pares_dia_turno_curso_init180.sol,resultados/experimentos/2024_1/hibridas_dia_turno_curso_pares/pares_dia_turno_curso_init180.csv,resultados/experimentos/2024_1/hibridas_dia_turno_curso_pares/pares_dia_turno_curso_init180.json,par_cursos -> dia_turno_curso,alfabetica,,alfabetica,,180.0,1,180.0,600.0,1,0,TEMPO_TOTAL,2,2,N,FIL
3,6,21,dia_turno_curso,2_N_GEO,48,10994,83996,OPTIMAL,185180.5,185180.5,False,185180.5,1.49,1.18,600.0,,,alfabetica,,,2,False,False,TEMPO_TOTAL,iteracao,hibrida_pares_dia_turno_curso,180.0,180.0,600.0,14400.0,False,False,alfabetica,,alfabetica,,./dados/2024_1/horarios_2024_1.xlsx,./dados/2024_1/salas_2024_1.csv,./dados/2024_1/salas_preferenciais_2024.1.xlsx,/Users/robertdrey/Documents/workspace/development/alocador_de_salas,resultados/experimentos/2024_1/hibridas_dia_turno_curso_pares/pares_dia_turno_curso_init180.sol,resultados/experimentos/2024_1/hibridas_dia_turno_curso_pares/pares_dia_turno_curso_init180.csv,resultados/experimentos/2024_1/hibridas_dia_turno_curso_pares/pares_dia_turno_curso_init180.json,par_cursos -> dia_turno_curso,alfabetica,,alfabetica,,180.0,1,180.0,600.0,1,0,TEMPO_TOTAL,2,2,N,GEO
3,6,22,dia_turno_curso,2_N_HIS,61,13570,81420,OPTIMAL,185180.5,185180.5,False,185180.5,2.01,1.7,600.0,,,alfabetica,,,2,False,False,TEMPO_TOTAL,iteracao,hibrida_pares_dia_turno_curso,180.0,180.0,600.0,14400.0,False,False,alfabetica,,alfabetica,,./dados/2024_1/horarios_2024_1.xlsx,./dados/2024_1/salas_2024_1.csv,./dados/2024_1/salas_preferenciais_2024.1.xlsx,/Users/robertdrey/Documents/workspace/development/alocador_de_salas,resultados/experimentos/2024_1/hibridas_dia_turno_curso_pares/pares_dia_turno_curso_init180.sol,resultados/experimentos/2024_1/hibridas_dia_turno_curso_pares/pares_dia_turno_curso_init180.csv,resultados/experimentos/2024_1/hibridas_dia_turno_curso_pares/pares_dia_turno_curso_init180.json,par_cursos -> dia_turno_curso,alfabetica,,alfabetica,,180.0,1,180.0,600.0,1,0,TEMPO_TOTAL,2,2,N,HIS
3,6,23,dia_turno_curso,2_N_LET,71,16790,78200,OPTIMAL,185180.5,185180.5,False,185180.5,2.87,2.56,600.0,,,alfabetica,,,2,False,False,TEMPO_TOTAL,iteracao,hibrida_pares_dia_turno_curso,180.0,180.0,600.0,14400.0,False,False,alfabetica,,alfabetica,,./dados/2024_1/horarios_2024_1.xlsx,./dados/2024_1/salas_2024_1.csv,./dados/2024_1/salas_preferenciais_2024.1.xlsx,/Users/robertdrey/Documents/workspace/development/alocador_de_salas,resultados/experimentos/2024_1/hibridas_dia_turno_curso_pares/pares_dia_turno_curso_init180.sol,resultados/experimentos/2024_1/hibridas_dia_turno_curso_pares/pares_dia_turno_curso_init180.csv,resultados/experimentos/2024_1/hibridas_dia_turno_curso_pares/pares_dia_turno_curso_init180.json,par_cursos -> dia_turno_curso,alfabetica,,alfabetica,,180.0,1,180.0,600.0,1,0,TEMPO_TOTAL,2,2,N,LET
3,6,24,dia_turno_curso,2_N_MAT,60,13386,81604,OPTIMAL,185180.5,185180.5,False,185180.5,1.89,1.57,600.0,,,alfabetica,,,2,False,False,TEMPO_TOTAL,iteracao,hibrida_pares_dia_turno_curso,180.0,180.0,600.0,14400.0,False,False,alfabetica,,alfabetica,,./dados/2024_1/horarios_2024_1.xlsx,./dados/2024_1/salas_2024_1.csv,./dados/2024_1/salas_preferenciais_2024.1.xlsx,/Users/robertdrey/Documents/workspace/development/alocador_de_salas,resultados/experimentos/2024_1/hibridas_dia_turno_curso_pares/pares_dia_turno_curso_init180.sol,resultados/experimentos/2024_1/hibridas_dia_turno_curso_pares/pares_dia_turno_curso_init180.csv,resultados/experimentos/2024_1/hibridas_dia_turno_curso_pares/pares_dia_turno_curso_init180.json,par_cursos -> dia_turno_curso,alfabetica,,alfabetica,,180.0,1,180.0,600.0,1,0,TEMPO_TOTAL,2,2,N,MAT
3,6,25,dia_turno_curso,2_N_MED,81,18630,76360,OPTIMAL,185180.5,185180.5,False,185180.5,1.98,1.67,600.0,,,alfabetica,,,2,False,False,TEMPO_TOTAL,iteracao,hibrida_pares_dia_turno_curso,180.0,180.0,600.0,14400.0,False,False,alfabetica,,alfabetica,,./dados/2024_1/horarios_2024_1.xlsx,./dados/2024_1/salas_2024_1.csv,./dados/2024_1/salas_preferenciais_2024.1.xlsx,/Users/robertdrey/Documents/workspace/development/alocador_de_salas,resultados/experimentos/2024_1/hibridas_dia_turno_curso_pares/pares_dia_turno_curso_init180.sol,resultados/experimentos/2024_1/hibridas_dia_turno_curso_pares/pares_dia_turno_curso_init180.csv,resultados/experimentos/2024_1/hibridas_dia_turno_curso_pares/pares_dia_turno_curso_init180.json,par_cursos -> dia_turno_curso,alfabetica,,alfabetica,,180.0,1,180.0,600.0,1,0,TEMPO_TOTAL,2,2,N,MED
3,6,26,dia_turno_curso,2_N_PED,91,21022,73968,OPTIMAL,185180.5,185180.5,False,185180.5,33.9,33.59,600.0,,,alfabetica,,,2,False,False,TEMPO_TOTAL,iteracao,hibrida_pares_dia_turno_curso,180.0,180.0,600.0,14400.0,False,False,alfabetica,,alfabetica,,./dados/2024_1/horarios_2024_1.xlsx,./dados/2024_1/salas_2024_1.csv,./dados/2024_1/salas_preferenciais_2024.1.xlsx,/Users/robertdrey/Documents/workspace/development/alocador_de_salas,resultados/experimentos/2024_1/hibridas_dia_turno_curso_pares/pares_dia_turno_curso_init180.sol,resultados/experimentos/2024_1/hibridas_dia_turno_curso_pares/pares_dia_turno_curso_init180.csv,resultados/experimentos/2024_1/hibridas_dia_turno_curso_pares/pares_dia_turno_curso_init180.json,par_cursos -> dia_turno_curso,alfabetica,,alfabetica,,180.0,1,180.0,600.0,1,0,TEMPO_TOTAL,2,2,N,PED
3,6,27,dia_turno_curso,3_M_ADM,79,18676,76314,OPTIMAL,185180.5,185180.5,False,185180.5,2.68,2.38,600.0,,,alfabetica,,,2,False,False,TEMPO_TOTAL,iteracao,hibrida_pares_dia_turno_curso,180.0,180.0,600.0,14400.0,False,False,alfabetica,,alfabetica,,./dados/2024_1/horarios_2024_1.xlsx,./dados/2024_1/salas_2024_1.csv,./dados/2024_1/salas_preferenciais_2024.1.xlsx,/Users/robertdrey/Documents/workspace/development/alocador_de_salas,resultados/experimentos/2024_1/hibridas_dia_turno_curso_pares/pares_dia_turno_curso_init180.sol,resultados/experimentos/2024_1/hibridas_dia_turno_curso_pares/pares_dia_turno_curso_init180.csv,resultados/experimentos/2024_1/hibridas_dia_turno_curso_pares/pares_dia_turno_curso_init180.json,par_cursos -> dia_turno_curso,alfabetica,,alfabetica,,180.0,1,180.0,600.0,1,0,TEMPO_TOTAL,2,3,M,ADM
3,6,28,dia_turno_curso,3_M_AGRO,77,16514,78476,OPTIMAL,185180.5,185180.5,False,185180.5,14.04,13.73,600.0,,,alfabetica,,,2,False,False,TEMPO_TOTAL,iteracao,hibrida_pares_dia_turno_curso,180.0,180.0,600.0,14400.0,False,False,alfabetica,,alfabetica,,./dados/2024_1/horarios_2024_1.xlsx,./dados/2024_1/salas_2024_1.csv,./dados/2024_1/salas_preferenciais_2024.1.xlsx,/Users/robertdrey/Documents/workspace/development/alocador_de_salas,resultados/experimentos/2024_1/hibridas_dia_turno_curso_pares/pares_dia_turno_curso_init180.sol,resultados/experimentos/2024_1/hibridas_dia_turno_curso_pares/pares_dia_turno_curso_init180.csv,resultados/experimentos/2024_1/hibridas_dia_turno_curso_pares/pares_dia_turno_curso_init180.json,par_cursos -> dia_turno_curso,alfabetica,,alfabetica,,180.0,1,180.0,600.0,1,0,TEMPO_TOTAL,2,3,M,AGRO
3,6,29,dia_turno_curso,3_M_EAS,75,16928,78062,OPTIMAL,185180.5,185180.5,False,185180.5,4.23,3.93,600.0,,,alfabetica,,,2,False,False,TEMPO_TOTAL,iteracao,hibrida_pares_dia_turno_curso,180.0,180.0,600.0,14400.0,False,False,alfabetica,,alfabetica,,./dados/2024_1/horarios_2024_1.xlsx,./dados/2024_1/salas_2024_1.csv,./dados/2024_1/salas_preferenciais_2024.1.xlsx,/Users/robertdrey/Documents/workspace/development/alocador_de_salas,resultados/experimentos/2024_1/hibridas_dia_turno_curso_pares/pares_dia_turno_curso_init180.sol,resultados/experimentos/2024_1/hibridas_dia_turno_curso_pares/pares_dia_turno_curso_init180.csv,resultados/experimentos/2024_1/hibridas_dia_turno_curso_pares/pares_dia_turno_curso_init180.json,par_cursos -> dia_turno_curso,alfabetica,,alfabetica,,180.0,1,180.0,600.0,1,0,TEMPO_TOTAL,2,3,M,EAS
3,6,30,dia_turno_curso,3_M_ENF,49,15640,79350,OPTIMAL,185180.5,185180.5,False,185180.5,8.73,8.42,600.0,,,alfabetica,,,2,False,False,TEMPO_TOTAL,iteracao,hibrida_pares_dia_turno_curso,180.0,180.0,600.0,14400.0,False,False,alfabetica,,alfabetica,,./dados/2024_1/horarios_2024_1.xlsx,./dados/2024_1/salas_2024_1.csv,./dados/2024_1/salas_preferenciais_2024.1.xlsx,/Users/robertdrey/Documents/workspace/development/alocador_de_salas,resultados/experimentos/2024_1/hibridas_dia_turno_curso_pares/pares_dia_turno_curso_init180.sol,resultados/experimentos/2024_1/hibridas_dia_turno_curso_pares/pares_dia_turno_curso_init180.csv,resultados/experimentos/2024_1/hibridas_dia_turno_curso_pares/pares_dia_turno_curso_init180.json,par_cursos -> dia_turno_curso,alfabetica,,alfabetica,,180.0,1,180.0,600.0,1,0,TEMPO_TOTAL,2,3,M,ENF
3,6,31,dia_turno_curso,3_M_MED,73,18492,76498,OPTIMAL,185180.5,185180.5,False,185180.5,5.09,4.77,600.0,,,alfabetica,,,2,False,False,TEMPO_TOTAL,iteracao,hibrida_pares_dia_turno_curso,180.0,180.0,600.0,14400.0,False,False,alfabetica,,alfabetica,,./dados/2024_1/horarios_2024_1.xlsx,./dados/2024_1/salas_2024_1.csv,./dados/2024_1/salas_preferenciais_2024.1.xlsx,/Users/robertdrey/Documents/workspace/development/alocador_de_salas,resultados/experimentos/2024_1/hibridas_dia_turno_curso_pares/pares_dia_turno_curso_init180.sol,resultados/experimentos/2024_1/hibridas_dia_turno_curso_pares/pares_dia_turno_curso_init180.csv,resultados/experimentos/2024_1/hibridas_dia_turno_curso_pares/pares_dia_turno_curso_init180.json,par_cursos -> dia_turno_curso,alfabetica,,alfabetica,,180.0,1,180.0,600.0,1,0,TEMPO_TOTAL,2,3,M,MED
3,6,32,dia_turno_curso,3_M_PED,86,22126,72864,OPTIMAL,185180.5,185180.5,False,185180.5,22.61,22.27,600.0,,,alfabetica,,,2,False,False,TEMPO_TOTAL,iteracao,hibrida_pares_dia_turno_curso,180.0,180.0,600.0,14400.0,False,False,alfabetica,,alfabetica,,./dados/2024_1/horarios_2024_1.xlsx,./dados/2024_1/salas_2024_1.csv,./dados/2024_1/salas_preferenciais_2024.1.xlsx,/Users/robertdrey/Documents/workspace/development/alocador_de_salas,resultados/experimentos/2024_1/hibridas_dia_turno_curso_pares/pares_dia_turno_curso_init180.sol,resultados/experimentos/2024_1/hibridas_dia_turno_curso_pares/pares_dia_turno_curso_init180.csv,resultados/experimentos/2024_1/hibridas_dia_turno_curso_pares/pares_dia_turno_curso_init180.json,par_cursos -> dia_turno_curso,alfabetica,,alfabetica,,180.0,1,180.0,600.0,1,0,TEMPO_TOTAL,2,3,M,PED
3,6,33,dia_turno_curso,3_T_AGRO,82,19872,75118,OPTIMAL,185180.5,185180.5,False,185180.5,7.95,7.62,600.0,,,alfabetica,,,2,False,False,TEMPO_TOTAL,iteracao,hibrida_pares_dia_turno_curso,180.0,180.0,600.0,14400.0,False,False,alfabetica,,alfabetica,,./dados/2024_1/horarios_2024_1.xlsx,./dados/2024_1/salas_2024_1.csv,./dados/2024_1/salas_preferenciais_2024.1.xlsx,/Users/robertdrey/Documents/workspace/development/alocador_de_salas,resultados/experimentos/2024_1/hibridas_dia_turno_curso_pares/pares_dia_turno_curso_init180.sol,resultados/experimentos/2024_1/hibridas_dia_turno_curso_pares/pares_dia_turno_curso_init180.csv,resultados/experimentos/2024_1/hibridas_dia_turno_curso_pares/pares_dia_turno_curso_init180.json,par_cursos -> dia_turno_curso,alfabetica,,alfabetica,,180.0,1,180.0,600.0,1,0,TEMPO_TOTAL,2,3,T,AGRO
3,6,34,dia_turno_curso,3_T_CC,71,19964,75026,OPTIMAL,185180.5,185180.5,False,185180.5,2.11,1.79,600.0,,,alfabetica,,,2,False,False,TEMPO_TOTAL,iteracao,hibrida_pares_dia_turno_curso,180.0,180.0,600.0,14400.0,False,False,alfabetica,,alfabetica,,./dados/2024_1/horarios_2024_1.xlsx,./dados/2024_1/salas_2024_1.csv,./dados/2024_1/salas_preferenciais_2024.1.xlsx,/Users/robertdrey/Documents/workspace/development/alocador_de_salas,resultados/experimentos/2024_1/hibridas_dia_turno_curso_pares/pares_dia_turno_curso_init180.sol,resultados/experimentos/2024_1/hibridas_dia_turno_curso_pares/pares_dia_turno_curso_init180.csv,resultados/experimentos/2024_1/hibridas_dia_turno_curso_pares/pares_dia_turno_curso_init180.json,par_cursos -> dia_turno_curso,alfabetica,,alfabetica,,180.0,1,180.0,600.0,1,0,TEMPO_TOTAL,2,3,T,CC
3,6,35,dia_turno_curso,3_T_EAS,74,17848,77142,OPTIMAL,185180.5,185180.5,False,185180.5,1.35,1.04,600.0,,,alfabetica,,,2,False,False,TEMPO_TOTAL,iteracao,hibrida_pares_dia_turno_curso,180.0,180.0,600.0,14400.0,False,False,alfabetica,,alfabetica,,./dados/2024_1/horarios_2024_1.xlsx,./dados/2024_1/salas_2024_1.csv,./dados/2024_1/salas_preferenciais_2024.1.xlsx,/Users/robertdrey/Documents/workspace/development/alocador_de_salas,resultados/experimentos/2024_1/hibridas_dia_turno_curso_pares/pares_dia_turno_curso_init180.sol,resultados/experimentos/2024_1/hibridas_dia_turno_curso_pares/pares_dia_turno_curso_init180.csv,resultados/experimentos/2024_1/hibridas_dia_turno_curso_pares/pares_dia_turno_curso_init180.json,par_cursos -> dia_turno_curso,alfabetica,,alfabetica,,180.0,1,180.0,600.0,1,0,TEMPO_TOTAL,2,3,T,EAS
3,6,36,dia_turno_curso,3_T_ENF,47,16146,78844,OPTIMAL,185180.5,185180.5,False,185180.5,3.37,3.06,600.0,,,alfabetica,,,2,False,False,TEMPO_TOTAL,iteracao,hibrida_pares_dia_turno_curso,180.0,180.0,600.0,14400.0,False,False,alfabetica,,alfabetica,,./dados/2024_1/horarios_2024_1.xlsx,./dados/2024_1/salas_2024_1.csv,./dados/2024_1/salas_preferenciais_2024.1.xlsx,/Users/robertdrey/Documents/workspace/development/alocador_de_salas,resultados/experimentos/2024_1/hibridas_dia_turno_curso_pares/pares_dia_turno_curso_init180.sol,resultados/experimentos/2024_1/hibridas_dia_turno_curso_pares/pares_dia_turno_curso_init180.csv,resultados/experimentos/2024_1/hibridas_dia_turno_curso_pares/pares_dia_turno_curso_init180.json,par_cursos -> dia_turno_curso,alfabetica,,alfabetica,,180.0,1,180.0,600.0,1,0,TEMPO_TOTAL,2,3,T,ENF
3,6,37,dia_turno_curso,3_T_GEO,43,13524,81466,OPTIMAL,185180.5,185180.5,False,185180.5,1.11,0.8,600.0,,,alfabetica,,,2,False,False,TEMPO_TOTAL,iteracao,hibrida_pares_dia_turno_curso,180.0,180.0,600.0,14400.0,False,False,alfabetica,,alfabetica,,./dados/2024_1/horarios_2024_1.xlsx,./dados/2024_1/salas_2024_1.csv,./dados/2024_1/salas_preferenciais_2024.1.xlsx,/Users/robertdrey/Documents/workspace/development/alocador_de_salas,resultados/experimentos/2024_1/hibridas_dia_turno_curso_pares/pares_dia_turno_curso_init180.sol,resultados/experimentos/2024_1/hibridas_dia_turno_curso_pares/pares_dia_turno_curso_init180.csv,resultados/experimentos/2024_1/hibridas_dia_turno_curso_pares/pares_dia_turno_curso_init180.json,par_cursos -> dia_turno_curso,alfabetica,,alfabetica,,180.0,1,180.0,600.0,1,0,TEMPO_TOTAL,2,3,T,GEO
3,6,38,dia_turno_curso,3_T_LET,67,19090,75900,OPTIMAL,185180.5,185180.5,False,185180.5,2.03,1.72,600.0,,,alfabetica,,,2,False,False,TEMPO_TOTAL,iteracao,hibrida_pares_dia_turno_curso,180.0,180.0,600.0,14400.0,False,False,alfabetica,,alfabetica,,./dados/2024_1/horarios_2024_1.xlsx,./dados/2024_1/salas_2024_1.csv,./dados/2024_1/salas_preferenciais_2024.1.xlsx,/Users/robertdrey/Documents/workspace/development/alocador_de_salas,resultados/experimentos/2024_1/hibridas_dia_turno_curso_pares/pares_dia_turno_curso_init180.sol,resultados/experimentos/2024_1/hibridas_dia_turno_curso_pares/pares_dia_turno_curso_init180.csv,resultados/experimentos/2024_1/hibridas_dia_turno_curso_pares/pares_dia_turno_curso_init180.json,par_cursos -> dia_turno_curso,alfabetica,,alfabetica,,180.0,1,180.0,600.0,1,0,TEMPO_TOTAL,2,3,T,LET
3,6,39,dia_turno_curso,3_T_MED,68,19504,75486,OPTIMAL,185180.5,185180.5,False,185180.5,2.7,2.4,600.0,,,alfabetica,,,2,False,False,TEMPO_TOTAL,iteracao,hibrida_pares_dia_turno_curso,180.0,180.0,600.0,14400.0,False,False,alfabetica,,alfabetica,,./dados/2024_1/horarios_2024_1.xlsx,./dados/2024_1/salas_2024_1.csv,./dados/2024_1/salas_preferenciais_2024.1.xlsx,/Users/robertdrey/Documents/workspace/development/alocador_de_salas,resultados/experimentos/2024_1/hibridas_dia_turno_curso_pares/pares_dia_turno_curso_init180.sol,resultados/experimentos/2024_1/hibridas_dia_turno_curso_pares/pares_dia_turno_curso_init180.csv,resultados/experimentos/2024_1/hibridas_dia_turno_curso_pares/pares_dia_turno_curso_init180.json,par_cursos -> dia_turno_curso,alfabetica,,alfabetica,,180.0,1,180.0,600.0,1,0,TEMPO_TOTAL,2,3,T,MED
3,6,40,dia_turno_curso,3_N_ADM,84,16468,78522,OPTIMAL,185180.5,185180.5,False,185180.5,2.72,2.42,600.0,,,alfabetica,,,2,False,False,TEMPO_TOTAL,iteracao,hibrida_pares_dia_turno_curso,180.0,180.0,600.0,14400.0,False,False,alfabetica,,alfabetica,,./dados/2024_1/horarios_2024_1.xlsx,./dados/2024_1/salas_2024_1.csv,./dados/2024_1/salas_preferenciais_2024.1.xlsx,/Users/robertdrey/Documents/workspace/development/alocador_de_salas,resultados/experimentos/2024_1/hibridas_dia_turno_curso_pares/pares_dia_turno_curso_init180.sol,resultados/experimentos/2024_1/hibridas_dia_turno_curso_pares/pares_dia_turno_curso_init180.csv,resultados/experimentos/2024_1/hibridas_dia_turno_curso_pares/pares_dia_turno_curso_init180.json,par_cursos -> dia_turno_curso,alfabetica,,alfabetica,,180.0,1,180.0,600.0,1,0,TEMPO_TOTAL,2,3,N,ADM
3,6,41,dia_turno_curso,3_N_CC,81,17342,77648,OPTIMAL,185180.5,185180.5,False,185180.5,3.07,2.74,600.0,,,alfabetica,,,2,False,False,TEMPO_TOTAL,iteracao,hibrida_pares_dia_turno_curso,180.0,180.0,600.0,14400.0,False,False,alfabetica,,alfabetica,,./dados/2024_1/horarios_2024_1.xlsx,./dados/2024_1/salas_2024_1.csv,./dados/2024_1/salas_preferenciais_2024.1.xlsx,/Users/robertdrey/Documents/workspace/development/alocador_de_salas,resultados/experimentos/2024_1/hibridas_dia_turno_curso_pares/pares_dia_turno_curso_init180.sol,resultados/experimentos/2024_1/hibridas_dia_turno_curso_pares/pares_dia_turno_curso_init180.csv,resultados/experimentos/2024_1/hibridas_dia_turno_curso_pares/pares_dia_turno_curso_init180.json,par_cursos -> dia_turno_curso,alfabetica,,alfabetica,,180.0,1,180.0,600.0,1,0,TEMPO_TOTAL,2,3,N,CC
3,6,42,dia_turno_curso,3_N_CS,57,11546,83444,OPTIMAL,185180.5,185180.5,False,185180.5,1.84,1.51,600.0,,,alfabetica,,,2,False,False,TEMPO_TOTAL,iteracao,hibrida_pares_dia_turno_curso,180.0,180.0,600.0,14400.0,False,False,alfabetica,,alfabetica,,./dados/2024_1/horarios_2024_1.xlsx,./dados/2024_1/salas_2024_1.csv,./dados/2024_1/salas_preferenciais_2024.1.xlsx,/Users/robertdrey/Documents/workspace/development/alocador_de_salas,resultados/experimentos/2024_1/hibridas_dia_turno_curso_pares/pares_dia_turno_curso_init180.sol,resultados/experimentos/2024_1/hibridas_dia_turno_curso_pares/pares_dia_turno_curso_init180.csv,resultados/experimentos/2024_1/hibridas_dia_turno_curso_pares/pares_dia_turno_curso_init180.json,par_cursos -> dia_turno_curso,alfabetica,,alfabetica,,180.0,1,180.0,600.0,1,0,TEMPO_TOTAL,2,3,N,CS
3,6,43,dia_turno_curso,3_N_EAS,84,15180,79810,OPTIMAL,185180.5,185180.5,False,185180.5,1.96,1.65,600.0,,,alfabetica,,,2,False,False,TEMPO_TOTAL,iteracao,hibrida_pares_dia_turno_curso,180.0,180.0,600.0,14400.0,False,False,alfabetica,,alfabetica,,./dados/2024_1/horarios_2024_1.xlsx,./dados/2024_1/salas_2024_1.csv,./dados/2024_1/salas_preferenciais_2024.1.xlsx,/Users/robertdrey/Documents/workspace/development/alocador_de_salas,resultados/experimentos/2024_1/hibridas_dia_turno_curso_pares/pares_dia_turno_curso_init180.sol,resultados/experimentos/2024_1/hibridas_dia_turno_curso_pares/pares_dia_turno_curso_init180.csv,resultados/experimentos/2024_1/hibridas_dia_turno_curso_pares/pares_dia_turno_curso_init180.json,par_cursos -> dia_turno_curso,alfabetica,,alfabetica,,180.0,1,180.0,600.0,1,0,TEMPO_TOTAL,2,3,N,EAS
3,6,44,dia_turno_curso,3_N_FIL,53,10304,84686,OPTIMAL,185180.5,185180.5,False,185180.5,1.89,1.58,600.0,,,alfabetica,,,2,False,False,TEMPO_TOTAL,iteracao,hibrida_pares_dia_turno_curso,180.0,180.0,600.0,14400.0,False,False,alfabetica,,alfabetica,,./dados/2024_1/horarios_2024_1.xlsx,./dados/2024_1/salas_2024_1.csv,./dados/2024_1/salas_preferenciais_2024.1.xlsx,/Users/robertdrey/Documents/workspace/development/alocador_de_salas,resultados/experimentos/2024_1/hibridas_dia_turno_curso_pares/pares_dia_turno_curso_init180.sol,resultados/experimentos/2024_1/hibridas_dia_turno_curso_pares/pares_dia_turno_curso_init180.csv,resultados/experimentos/2024_1/hibridas_dia_turno_curso_pares/pares_dia_turno_curso_init180.json,par_cursos -> dia_turno_curso,alfabetica,,alfabetica,,180.0,1,180.0,600.0,1,0,TEMPO_TOTAL,2,3,N,FIL
3,6,45,dia_turno_curso,3_N_GEO,48,9568,85422,OPTIMAL,185180.5,185180.5,False,185180.5,1.61,1.29,600.0,,,alfabetica,,,2,False,False,TEMPO_TOTAL,iteracao,hibrida_pares_dia_turno_curso,180.0,180.0,600.0,14400.0,False,False,alfabetica,,alfabetica,,./dados/2024_1/horarios_2024_1.xlsx,./dados/2024_1/salas_2024_1.csv,./dados/2024_1/salas_preferenciais_2024.1.xlsx,/Users/robertdrey/Documents/workspace/development/alocador_de_salas,resultados/experimentos/2024_1/hibridas_dia_turno_curso_pares/pares_dia_turno_curso_init180.sol,resultados/experimentos/2024_1/hibridas_dia_turno_curso_pares/pares_dia_turno_curso_init180.csv,resultados/experimentos/2024_1/hibridas_dia_turno_curso_pares/pares_dia_turno_curso_init180.json,par_cursos -> dia_turno_curso,alfabetica,,alfabetica,,180.0,1,180.0,600.0,1,0,TEMPO_TOTAL,2,3,N,GEO
3,6,46,dia_turno_curso,3_N_HIS,60,11960,83030,OPTIMAL,185180.5,185180.5,False,185180.5,1.82,1.5,600.0,,,alfabetica,,,2,False,False,TEMPO_TOTAL,iteracao,hibrida_pares_dia_turno_curso,180.0,180.0,600.0,14400.0,False,False,alfabetica,,alfabetica,,./dados/2024_1/horarios_2024_1.xlsx,./dados/2024_1/salas_2024_1.csv,./dados/2024_1/salas_preferenciais_2024.1.xlsx,/Users/robertdrey/Documents/workspace/development/alocador_de_salas,resultados/experimentos/2024_1/hibridas_dia_turno_curso_pares/pares_dia_turno_curso_init180.sol,resultados/experimentos/2024_1/hibridas_dia_turno_curso_pares/pares_dia_turno_curso_init180.csv,resultados/experimentos/2024_1/hibridas_dia_turno_curso_pares/pares_dia_turno_curso_init180.json,par_cursos -> dia_turno_curso,alfabetica,,alfabetica,,180.0,1,180.0,600.0,1,0,TEMPO_TOTAL,2,3,N,HIS
3,6,47,dia_turno_curso,3_N_LET,70,15732,79258,OPTIMAL,185180.5,185180.5,False,185180.5,4.04,3.74,600.0,,,alfabetica,,,2,False,False,TEMPO_TOTAL,iteracao,hibrida_pares_dia_turno_curso,180.0,180.0,600.0,14400.0,False,False,alfabetica,,alfabetica,,./dados/2024_1/horarios_2024_1.xlsx,./dados/2024_1/salas_2024_1.csv,./dados/2024_1/salas_preferenciais_2024.1.xlsx,/Users/robertdrey/Documents/workspace/development/alocador_de_salas,resultados/experimentos/2024_1/hibridas_dia_turno_curso_pares/pares_dia_turno_curso_init180.sol,resultados/experimentos/2024_1/hibridas_dia_turno_curso_pares/pares_dia_turno_curso_init180.csv,resultados/experimentos/2024_1/hibridas_dia_turno_curso_pares/pares_dia_turno_curso_init180.json,par_cursos -> dia_turno_curso,alfabetica,,alfabetica,,180.0,1,180.0,600.0,1,0,TEMPO_TOTAL,2,3,N,LET
3,6,48,dia_turno_curso,3_N_MAT,58,11960,83030,OPTIMAL,185180.5,185180.5,False,185180.5,1.83,1.52,600.0,,,alfabetica,,,2,False,False,TEMPO_TOTAL,iteracao,hibrida_pares_dia_turno_curso,180.0,180.0,600.0,14400.0,False,False,alfabetica,,alfabetica,,./dados/2024_1/horarios_2024_1.xlsx,./dados/2024_1/salas_2024_1.csv,./dados/2024_1/salas_preferenciais_2024.1.xlsx,/Users/robertdrey/Documents/workspace/development/alocador_de_salas,resultados/experimentos/2024_1/hibridas_dia_turno_curso_pares/pares_dia_turno_curso_init180.sol,resultados/experimentos/2024_1/hibridas_dia_turno_curso_pares/pares_dia_turno_curso_init180.csv,resultados/experimentos/2024_1/hibridas_dia_turno_curso_pares/pares_dia_turno_curso_init180.json,par_cursos -> dia_turno_curso,alfabetica,,alfabetica,,180.0,1,180.0,600.0,1,0,TEMPO_TOTAL,2,3,N,MAT
3,6,49,dia_turno_curso,3_N_PED,91,19504,75486,OPTIMAL,185180.5,185180.5,False,185180.5,21.07,20.74,600.0,,,alfabetica,,,2,False,False,TEMPO_TOTAL,iteracao,hibrida_pares_dia_turno_curso,180.0,180.0,600.0,14400.0,False,False,alfabetica,,alfabetica,,./dados/2024_1/horarios_2024_1.xlsx,./dados/2024_1/salas_2024_1.csv,./dados/2024_1/salas_preferenciais_2024.1.xlsx,/Users/robertdrey/Documents/workspace/development/alocador_de_salas,resultados/experimentos/2024_1/hibridas_dia_turno_curso_pares/pares_dia_turno_curso_init180.sol,resultados/experimentos/2024_1/hibridas_dia_turno_curso_pares/pares_dia_turno_curso_init180.csv,resultados/experimentos/2024_1/hibridas_dia_turno_curso_pares/pares_dia_turno_curso_init180.json,par_cursos -> dia_turno_curso,alfabetica,,alfabetica,,180.0,1,180.0,600.0,1,0,TEMPO_TOTAL,2,3,N,PED
3,6,50,dia_turno_curso,4_M_ADM,78,19596,75394,OPTIMAL,185180.5,185180.5,False,185180.5,2.13,1.82,600.0,,,alfabetica,,,2,False,False,TEMPO_TOTAL,iteracao,hibrida_pares_dia_turno_curso,180.0,180.0,600.0,14400.0,False,False,alfabetica,,alfabetica,,./dados/2024_1/horarios_2024_1.xlsx,./dados/2024_1/salas_2024_1.csv,./dados/2024_1/salas_preferenciais_2024.1.xlsx,/Users/robertdrey/Documents/workspace/development/alocador_de_salas,resultados/experimentos/2024_1/hibridas_dia_turno_curso_pares/pares_dia_turno_curso_init180.sol,resultados/experimentos/2024_1/hibridas_dia_turno_curso_pares/pares_dia_turno_curso_init180.csv,resultados/experimentos/2024_1/hibridas_dia_turno_curso_pares/pares_dia_turno_curso_init180.json,par_cursos -> dia_turno_curso,alfabetica,,alfabetica,,180.0,1,180.0,600.0,1,0,TEMPO_TOTAL,2,4,M,ADM
3,6,51,dia_turno_curso,4_M_AGRO,77,17710,77280,OPTIMAL,185180.5,185180.5,False,185180.5,15.76,15.43,600.0,,,alfabetica,,,2,False,False,TEMPO_TOTAL,iteracao,hibrida_pares_dia_turno_curso,180.0,180.0,600.0,14400.0,False,False,alfabetica,,alfabetica,,./dados/2024_1/horarios_2024_1.xlsx,./dados/2024_1/salas_2024_1.csv,./dados/2024_1/salas_preferenciais_2024.1.xlsx,/Users/robertdrey/Documents/workspace/development/alocador_de_salas,resultados/experimentos/2024_1/hibridas_dia_turno_curso_pares/pares_dia_turno_curso_init180.sol,resultados/experimentos/2024_1/hibridas_dia_turno_curso_pares/pares_dia_turno_curso_init180.csv,resultados/experimentos/2024_1/hibridas_dia_turno_curso_pares/pares_dia_turno_curso_init180.json,par_cursos -> dia_turno_curso,alfabetica,,alfabetica,,180.0,1,180.0,600.0,1,0,TEMPO_TOTAL,2,4,M,AGRO
3,6,52,dia_turno_curso,4_M_CS,56,15180,79810,OPTIMAL,185180.5,185180.5,False,185180.5,1.53,1.2,589.76,,,alfabetica,,,2,False,False,TEMPO_TOTAL,iteracao,hibrida_pares_dia_turno_curso,180.0,180.0,600.0,14400.0,False,False,alfabetica,,alfabetica,,./dados/2024_1/horarios_2024_1.xlsx,./dados/2024_1/salas_2024_1.csv,./dados/2024_1/salas_preferenciais_2024.1.xlsx,/Users/robertdrey/Documents/workspace/development/alocador_de_salas,resultados/experimentos/2024_1/hibridas_dia_turno_curso_pares/pares_dia_turno_curso_init180.sol,resultados/experimentos/2024_1/hibridas_dia_turno_curso_pares/pares_dia_turno_curso_init180.csv,resultados/experimentos/2024_1/hibridas_dia_turno_curso_pares/pares_dia_turno_curso_init180.json,par_cursos -> dia_turno_curso,alfabetica,,alfabetica,,180.0,1,180.0,600.0,1,0,TEMPO_TOTAL,2,4,M,CS
3,6,53,dia_turno_curso,4_M_EAS,74,17756,77234,OPTIMAL,185180.5,185180.5,False,185180.5,1.9,1.6,588.23,,,alfabetica,,,2,False,False,TEMPO_TOTAL,iteracao,hibrida_pares_dia_turno_curso,180.0,180.0,600.0,14400.0,False,False,alfabetica,,alfabetica,,./dados/2024_1/horarios_2024_1.xlsx,./dados/2024_1/salas_2024_1.csv,./dados/2024_1/salas_preferenciais_2024.1.xlsx,/Users/robertdrey/Documents/workspace/development/alocador_de_salas,resultados/experimentos/2024_1/hibridas_dia_turno_curso_pares/pares_dia_turno_curso_init180.sol,resultados/experimentos/2024_1/hibridas_dia_turno_curso_pares/pares_dia_turno_curso_init180.csv,resultados/experimentos/2024_1/hibridas_dia_turno_curso_pares/pares_dia_turno_curso_init180.json,par_cursos -> dia_turno_curso,alfabetica,,alfabetica,,180.0,1,180.0,600.0,1,0,TEMPO_TOTAL,2,4,M,EAS
3,6,54,dia_turno_curso,4_M_ENF,49,15318,79672,OPTIMAL,185180.5,185180.5,False,185180.5,4.6,4.28,586.33,,,alfabetica,,,2,False,False,TEMPO_TOTAL,iteracao,hibrida_pares_dia_turno_curso,180.0,180.0,600.0,14400.0,False,False,alfabetica,,alfabetica,,./dados/2024_1/horarios_2024_1.xlsx,./dados/2024_1/salas_2024_1.csv,./dados/2024_1/salas_preferenciais_2024.1.xlsx,/Users/robertdrey/Documents/workspace/development/alocador_de_salas,resultados/experimentos/2024_1/hibridas_dia_turno_curso_pares/pares_dia_turno_curso_init180.sol,resultados/experimentos/2024_1/hibridas_dia_turno_curso_pares/pares_dia_turno_curso_init180.csv,resultados/experimentos/2024_1/hibridas_dia_turno_curso_pares/pares_dia_turno_curso_init180.json,par_cursos -> dia_turno_curso,alfabetica,,alfabetica,,180.0,1,180.0,600.0,1,0,TEMPO_TOTAL,2,4,M,ENF
3,6,55,dia_turno_curso,4_M_MED,71,19412,75578,OPTIMAL,185180.5,185180.5,False,185180.5,2.41,2.08,581.74,,,alfabetica,,,2,False,False,TEMPO_TOTAL,iteracao,hibrida_pares_dia_turno_curso,180.0,180.0,600.0,14400.0,False,False,alfabetica,,alfabetica,,./dados/2024_1/horarios_2024_1.xlsx,./dados/2024_1/salas_2024_1.csv,./dados/2024_1/salas_preferenciais_2024.1.xlsx,/Users/robertdrey/Documents/workspace/development/alocador_de_salas,resultados/experimentos/2024_1/hibridas_dia_turno_curso_pares/pares_dia_turno_curso_init180.sol,resultados/experimentos/2024_1/hibridas_dia_turno_curso_pares/pares_dia_turno_curso_init180.csv,resultados/experimentos/2024_1/hibridas_dia_turno_curso_pares/pares_dia_turno_curso_init180.json,par_cursos -> dia_turno_curso,alfabetica,,alfabetica,,180.0,1,180.0,600.0,1,0,TEMPO_TOTAL,2,4,M,MED
3,6,56,dia_turno_curso,4_M_PED,86,23092,71898,OPTIMAL,185180.5,185180.5,False,185180.5,22.07,21.75,579.33,,,alfabetica,,,2,False,False,TEMPO_TOTAL,iteracao,hibrida_pares_dia_turno_curso,180.0,180.0,600.0,14400.0,False,False,alfabetica,,alfabetica,,./dados/2024_1/horarios_2024_1.xlsx,./dados/2024_1/salas_2024_1.csv,./dados/2024_1/salas_preferenciais_2024.1.xlsx,/Users/robertdrey/Documents/workspace/development/alocador_de_salas,resultados/experimentos/2024_1/hibridas_dia_turno_curso_pares/pares_dia_turno_curso_init180.sol,resultados/experimentos/2024_1/hibridas_dia_turno_curso_pares/pares_dia_turno_curso_init180.csv,resultados/experimentos/2024_1/hibridas_dia_turno_curso_pares/pares_dia_turno_curso_init180.json,par_cursos -> dia_turno_curso,alfabetica,,alfabetica,,180.0,1,180.0,600.0,1,0,TEMPO_TOTAL,2,4,M,PED
3,6,57,dia_turno_curso,4_T_AGRO,78,19458,75532,OPTIMAL,185180.5,185180.5,False,185180.5,15.1,14.76,557.26,,,alfabetica,,,2,False,False,TEMPO_TOTAL,iteracao,hibrida_pares_dia_turno_curso,180.0,180.0,600.0,14400.0,False,False,alfabetica,,alfabetica,,./dados/2024_1/horarios_2024_1.xlsx,./dados/2024_1/salas_2024_1.csv,./dados/2024_1/salas_preferenciais_2024.1.xlsx,/Users/robertdrey/Documents/workspace/development/alocador_de_salas,resultados/experimentos/2024_1/hibridas_dia_turno_curso_pares/pares_dia_turno_curso_init180.sol,resultados/experimentos/2024_1/hibridas_dia_turno_curso_pares/pares_dia_turno_curso_init180.csv,resultados/experimentos/2024_1/hibridas_dia_turno_curso_pares/pares_dia_turno_curso_init180.json,par_cursos -> dia_turno_curso,alfabetica,,alfabetica,,180.0,1,180.0,600.0,1,0,TEMPO_TOTAL,2,4,T,AGRO
3,6,58,dia_turno_curso,4_T_CC,69,19964,75026,OPTIMAL,185180.5,185180.5,False,185180.5,1.93,1.6,542.15,,,alfabetica,,,2,False,False,TEMPO_TOTAL,iteracao,hibrida_pares_dia_turno_curso,180.0,180.0,600.0,14400.0,False,False,alfabetica,,alfabetica,,./dados/2024_1/horarios_2024_1.xlsx,./dados/2024_1/salas_2024_1.csv,./dados/2024_1/salas_preferenciais_2024.1.xlsx,/Users/robertdrey/Documents/workspace/development/alocador_de_salas,resultados/experimentos/2024_1/hibridas_dia_turno_curso_pares/pares_dia_turno_curso_init180.sol,resultados/experimentos/2024_1/hibridas_dia_turno_curso_pares/pares_dia_turno_curso_init180.csv,resultados/experimentos/2024_1/hibridas_dia_turno_curso_pares/pares_dia_turno_curso_init180.json,par_cursos -> dia_turno_curso,alfabetica,,alfabetica,,180.0,1,180.0,600.0,1,0,TEMPO_TOTAL,2,4,T,CC
3,6,59,dia_turno_curso,4_T_CS,50,14950,80040,OPTIMAL,185180.5,185180.5,False,185180.5,1.18,0.88,540.22,,,alfabetica,,,2,False,False,TEMPO_TOTAL,iteracao,hibrida_pares_dia_turno_curso,180.0,180.0,600.0,14400.0,False,False,alfabetica,,alfabetica,,./dados/2024_1/horarios_2024_1.xlsx,./dados/2024_1/salas_2024_1.csv,./dados/2024_1/salas_preferenciais_2024.1.xlsx,/Users/robertdrey/Documents/workspace/development/alocador_de_salas,resultados/experimentos/2024_1/hibridas_dia_turno_curso_pares/pares_dia_turno_curso_init180.sol,resultados/experimentos/2024_1/hibridas_dia_turno_curso_pares/pares_dia_turno_curso_init180.csv,resultados/experimentos/2024_1/hibridas_dia_turno_curso_pares/pares_dia_turno_curso_init180.json,par_cursos -> dia_turno_curso,alfabetica,,alfabetica,,180.0,1,180.0,600.0,1,0,TEMPO_TOTAL,2,4,T,CS
3,6,60,dia_turno_curso,4_T_EAS,71,17986,77004,OPTIMAL,185180.5,185180.5,False,185180.5,1.33,1.03,539.04,,,alfabetica,,,2,False,False,TEMPO_TOTAL,iteracao,hibrida_pares_dia_turno_curso,180.0,180.0,600.0,14400.0,False,False,alfabetica,,alfabetica,,./dados/2024_1/horarios_2024_1.xlsx,./dados/2024_1/salas_2024_1.csv,./dados/2024_1/salas_preferenciais_2024.1.xlsx,/Users/robertdrey/Documents/workspace/development/alocador_de_salas,resultados/experimentos/2024_1/hibridas_dia_turno_curso_pares/pares_dia_turno_curso_init180.sol,resultados/experimentos/2024_1/hibridas_dia_turno_curso_pares/pares_dia_turno_curso_init180.csv,resultados/experimentos/2024_1/hibridas_dia_turno_curso_pares/pares_dia_turno_curso_init180.json,par_cursos -> dia_turno_curso,alfabetica,,alfabetica,,180.0,1,180.0,600.0,1,0,TEMPO_TOTAL,2,4,T,EAS
3,6,61,dia_turno_curso,4_T_ENF,43,16192,78798,OPTIMAL,185180.5,185180.5,False,185180.5,5.75,5.45,537.71,,,alfabetica,,,2,False,False,TEMPO_TOTAL,iteracao,hibrida_pares_dia_turno_curso,180.0,180.0,600.0,14400.0,False,False,alfabetica,,alfabetica,,./dados/2024_1/horarios_2024_1.xlsx,./dados/2024_1/salas_2024_1.csv,./dados/2024_1/salas_preferenciais_2024.1.xlsx,/Users/robertdrey/Documents/workspace/development/alocador_de_salas,resultados/experimentos/2024_1/hibridas_dia_turno_curso_pares/pares_dia_turno_curso_init180.sol,resultados/experimentos/2024_1/hibridas_dia_turno_curso_pares/pares_dia_turno_curso_init180.csv,resultados/experimentos/2024_1/hibridas_dia_turno_curso_pares/pares_dia_turno_curso_init180.json,par_cursos -> dia_turno_curso,alfabetica,,alfabetica,,180.0,1,180.0,600.0,1,0,TEMPO_TOTAL,2,4,T,ENF
3,6,62,dia_turno_curso,4_T_LET,60,17618,77372,OPTIMAL,185180.5,185180.5,False,185180.5,1.58,1.26,531.96,,,alfabetica,,,2,False,False,TEMPO_TOTAL,iteracao,hibrida_pares_dia_turno_curso,180.0,180.0,600.0,14400.0,False,False,alfabetica,,alfabetica,,./dados/2024_1/horarios_2024_1.xlsx,./dados/2024_1/salas_2024_1.csv,./dados/2024_1/salas_preferenciais_2024.1.xlsx,/Users/robertdrey/Documents/workspace/development/alocador_de_salas,resultados/experimentos/2024_1/hibridas_dia_turno_curso_pares/pares_dia_turno_curso_init180.sol,resultados/experimentos/2024_1/hibridas_dia_turno_curso_pares/pares_dia_turno_curso_init180.csv,resultados/experimentos/2024_1/hibridas_dia_turno_curso_pares/pares_dia_turno_curso_init180.json,par_cursos -> dia_turno_curso,alfabetica,,alfabetica,,180.0,1,180.0,600.0,1,0,TEMPO_TOTAL,2,4,T,LET
3,6,63,dia_turno_curso,4_T_MAT,51,15410,79580,OPTIMAL,185180.5,185180.5,False,185180.5,1.46,1.15,530.38,,,alfabetica,,,2,False,False,TEMPO_TOTAL,iteracao,hibrida_pares_dia_turno_curso,180.0,180.0,600.0,14400.0,False,False,alfabetica,,alfabetica,,./dados/2024_1/horarios_2024_1.xlsx,./dados/2024_1/salas_2024_1.csv,./dados/2024_1/salas_preferenciais_2024.1.xlsx,/Users/robertdrey/Documents/workspace/development/alocador_de_salas,resultados/experimentos/2024_1/hibridas_dia_turno_curso_pares/pares_dia_turno_curso_init180.sol,resultados/experimentos/2024_1/hibridas_dia_turno_curso_pares/pares_dia_turno_curso_init180.csv,resultados/experimentos/2024_1/hibridas_dia_turno_curso_pares/pares_dia_turno_curso_init180.json,par_cursos -> dia_turno_curso,alfabetica,,alfabetica,,180.0,1,180.0,600.0,1,0,TEMPO_TOTAL,2,4,T,MAT
3,6,64,dia_turno_curso,4_T_MED,64,18676,76314,OPTIMAL,185180.5,185180.5,False,185180.5,1.94,1.64,528.93,,,alfabetica,,,2,False,False,TEMPO_TOTAL,iteracao,hibrida_pares_dia_turno_curso,180.0,180.0,600.0,14400.0,False,False,alfabetica,,alfabetica,,./dados/2024_1/horarios_2024_1.xlsx,./dados/2024_1/salas_2024_1.csv,./dados/2024_1/salas_preferenciais_2024.1.xlsx,/Users/robertdrey/Documents/workspace/development/alocador_de_salas,resultados/experimentos/2024_1/hibridas_dia_turno_curso_pares/pares_dia_turno_curso_init180.sol,resultados/experimentos/2024_1/hibridas_dia_turno_curso_pares/pares_dia_turno_curso_init180.csv,resultados/experimentos/2024_1/hibridas_dia_turno_curso_pares/pares_dia_turno_curso_init180.json,par_cursos -> dia_turno_curso,alfabetica,,alfabetica,,180.0,1,180.0,600.0,1,0,TEMPO_TOTAL,2,4,T,MED
3,6,65,dia_turno_curso,4_N_ADM,85,18262,76728,OPTIMAL,185180.5,185180.5,False,185180.5,2.7,2.4,526.98,,,alfabetica,,,2,False,False,TEMPO_TOTAL,iteracao,hibrida_pares_dia_turno_curso,180.0,180.0,600.0,14400.0,False,False,alfabetica,,alfabetica,,./dados/2024_1/horarios_2024_1.xlsx,./dados/2024_1/salas_2024_1.csv,./dados/2024_1/salas_preferenciais_2024.1.xlsx,/Users/robertdrey/Documents/workspace/development/alocador_de_salas,resultados/experimentos/2024_1/hibridas_dia_turno_curso_pares/pares_dia_turno_curso_init180.sol,resultados/experimentos/2024_1/hibridas_dia_turno_curso_pares/pares_dia_turno_curso_init180.csv,resultados/experimentos/2024_1/hibridas_dia_turno_curso_pares/pares_dia_turno_curso_init180.json,par_cursos -> dia_turno_curso,alfabetica,,alfabetica,,180.0,1,180.0,600.0,1,0,TEMPO_TOTAL,2,4,N,ADM
3,6,66,dia_turno_curso,4_N_CC,86,19872,75118,OPTIMAL,185180.5,185180.5,False,185180.5,3.11,2.8,524.28,,,alfabetica,,,2,False,False,TEMPO_TOTAL,iteracao,hibrida_pares_dia_turno_curso,180.0,180.0,600.0,14400.0,False,False,alfabetica,,alfabetica,,./dados/2024_1/horarios_2024_1.xlsx,./dados/2024_1/salas_2024_1.csv,./dados/2024_1/salas_preferenciais_2024.1.xlsx,/Users/robertdrey/Documents/workspace/development/alocador_de_salas,resultados/experimentos/2024_1/hibridas_dia_turno_curso_pares/pares_dia_turno_curso_init180.sol,resultados/experimentos/2024_1/hibridas_dia_turno_curso_pares/pares_dia_turno_curso_init180.csv,resultados/experimentos/2024_1/hibridas_dia_turno_curso_pares/pares_dia_turno_curso_init180.json,par_cursos -> dia_turno_curso,alfabetica,,alfabetica,,180.0,1,180.0,600.0,1,0,TEMPO_TOTAL,2,4,N,CC
3,6,67,dia_turno_curso,4_N_CS,60,13294,81696,OPTIMAL,185180.5,185180.5,False,185180.5,2.18,1.86,521.17,,,alfabetica,,,2,False,False,TEMPO_TOTAL,iteracao,hibrida_pares_dia_turno_curso,180.0,180.0,600.0,14400.0,False,False,alfabetica,,alfabetica,,./dados/2024_1/horarios_2024_1.xlsx,./dados/2024_1/salas_2024_1.csv,./dados/2024_1/salas_preferenciais_2024.1.xlsx,/Users/robertdrey/Documents/workspace/development/alocador_de_salas,resultados/experimentos/2024_1/hibridas_dia_turno_curso_pares/pares_dia_turno_curso_init180.sol,resultados/experimentos/2024_1/hibridas_dia_turno_curso_pares/pares_dia_turno_curso_init180.csv,resultados/experimentos/2024_1/hibridas_dia_turno_curso_pares/pares_dia_turno_curso_init180.json,par_cursos -> dia_turno_curso,alfabetica,,alfabetica,,180.0,1,180.0,600.0,1,0,TEMPO_TOTAL,2,4,N,CS
3,6,68,dia_turno_curso,4_N_EAS,86,17204,77786,OPTIMAL,185180.5,185180.5,False,185180.5,2.4,2.1,518.99,,,alfabetica,,,2,False,False,TEMPO_TOTAL,iteracao,hibrida_pares_dia_turno_curso,180.0,180.0,600.0,14400.0,False,False,alfabetica,,alfabetica,,./dados/2024_1/horarios_2024_1.xlsx,./dados/2024_1/salas_2024_1.csv,./dados/2024_1/salas_preferenciais_2024.1.xlsx,/Users/robertdrey/Documents/workspace/development/alocador_de_salas,resultados/experimentos/2024_1/hibridas_dia_turno_curso_pares/pares_dia_turno_curso_init180.sol,resultados/experimentos/2024_1/hibridas_dia_turno_curso_pares/pares_dia_turno_curso_init180.csv,resultados/experimentos/2024_1/hibridas_dia_turno_curso_pares/pares_dia_turno_curso_init180.json,par_cursos -> dia_turno_curso,alfabetica,,alfabetica,,180.0,1,180.0,600.0,1,0,TEMPO_TOTAL,2,4,N,EAS
3,6,69,dia_turno_curso,4_N_FIL,53,11914,83076,OPTIMAL,185180.5,185180.5,False,185180.5,1.67,1.37,516.59,,,alfabetica,,,2,False,False,TEMPO_TOTAL,iteracao,hibrida_pares_dia_turno_curso,180.0,180.0,600.0,14400.0,False,False,alfabetica,,alfabetica,,./dados/2024_1/horarios_2024_1.xlsx,./dados/2024_1/salas_2024_1.csv,./dados/2024_1/salas_preferenciais_2024.1.xlsx,/Users/robertdrey/Documents/workspace/development/alocador_de_salas,resultados/experimentos/2024_1/hibridas_dia_turno_curso_pares/pares_dia_turno_curso_init180.sol,resultados/experimentos/2024_1/hibridas_dia_turno_curso_pares/pares_dia_turno_curso_init180.csv,resultados/experimentos/2024_1/hibridas_dia_turno_curso_pares/pares_dia_turno_curso_init180.json,par_cursos -> dia_turno_curso,alfabetica,,alfabetica,,180.0,1,180.0,600.0,1,0,TEMPO_TOTAL,2,4,N,FIL
3,6,70,dia_turno_curso,4_N_GEO,51,11776,83214,OPTIMAL,185180.5,185180.5,False,185180.5,1.71,1.4,514.92,,,alfabetica,,,2,False,False,TEMPO_TOTAL,iteracao,hibrida_pares_dia_turno_curso,180.0,180.0,600.0,14400.0,False,False,alfabetica,,alfabetica,,./dados/2024_1/horarios_2024_1.xlsx,./dados/2024_1/salas_2024_1.csv,./dados/2024_1/salas_preferenciais_2024.1.xlsx,/Users/robertdrey/Documents/workspace/development/alocador_de_salas,resultados/experimentos/2024_1/hibridas_dia_turno_curso_pares/pares_dia_turno_curso_init180.sol,resultados/experimentos/2024_1/hibridas_dia_turno_curso_pares/pares_dia_turno_curso_init180.csv,resultados/experimentos/2024_1/hibridas_dia_turno_curso_pares/pares_dia_turno_curso_init180.json,par_cursos -> dia_turno_curso,alfabetica,,alfabetica,,180.0,1,180.0,600.0,1,0,TEMPO_TOTAL,2,4,N,GEO
3,6,71,dia_turno_curso,4_N_HIS,62,13938,81052,OPTIMAL,185180.5,185180.5,False,185180.5,1.87,1.56,513.21,,,alfabetica,,,2,False,False,TEMPO_TOTAL,iteracao,hibrida_pares_dia_turno_curso,180.0,180.0,600.0,14400.0,False,False,alfabetica,,alfabetica,,./dados/2024_1/horarios_2024_1.xlsx,./dados/2024_1/salas_2024_1.csv,./dados/2024_1/salas_preferenciais_2024.1.xlsx,/Users/robertdrey/Documents/workspace/development/alocador_de_salas,resultados/experimentos/2024_1/hibridas_dia_turno_curso_pares/pares_dia_turno_curso_init180.sol,resultados/experimentos/2024_1/hibridas_dia_turno_curso_pares/pares_dia_turno_curso_init180.csv,resultados/experimentos/2024_1/hibridas_dia_turno_curso_pares/pares_dia_turno_curso_init180.json,par_cursos -> dia_turno_curso,alfabetica,,alfabetica,,180.0,1,180.0,600.0,1,0,TEMPO_TOTAL,2,4,N,HIS
3,6,72,dia_turno_curso,4_N_LET,69,16744,78246,TIME_LIMIT,185180.5,185180.5,False,185180.5,511.69,511.36,511.34,,,alfabetica,,,2,False,False,TEMPO_TOTAL,iteracao,hibrida_pares_dia_turno_curso,180.0,180.0,600.0,14400.0,False,False,alfabetica,,alfabetica,,./dados/2024_1/horarios_2024_1.xlsx,./dados/2024_1/salas_2024_1.csv,./dados/2024_1/salas_preferenciais_2024.1.xlsx,/Users/robertdrey/Documents/workspace/development/alocador_de_salas,resultados/experimentos/2024_1/hibridas_dia_turno_curso_pares/pares_dia_turno_curso_init180.sol,resultados/experimentos/2024_1/hibridas_dia_turno_curso_pares/pares_dia_turno_curso_init180.csv,resultados/experimentos/2024_1/hibridas_dia_turno_curso_pares/pares_dia_turno_curso_init180.json,par_cursos -> dia_turno_curso,alfabetica,,alfabetica,,180.0,1,180.0,600.0,1,0,TEMPO_TOTAL,2,4,N,LET
