Agrupamento!
Curso:  ADMINISTRAÇÃO
Disciplina 1: GCS528_1 | ('2M2345 (04/03/2024 - 29/04/2024)',)
Disciplina 2: GCH087_1 | ('2M2345 (06/05/2024 - 01/07/2024)',)
Agrupamento!
Curso:  ENFERMAGEM
Disciplina 1: GCH090_1 | ('3T1234 (06/05/2024 - 06/07/2024)',)
Disciplina 2: GSA020_1 | ('3T1234 (04/03/2024 - 04/05/2024)',)
Agrupamento!
Curso:  ENGENHARIA AMBIENTAL E SANITÁRIA
Disciplina 1: GEN108_1 | ('2T345 (04/03/2024 - 11/05/2024),  2T345 6T45 (13/05/2024 - 06/07/2024),  2T34 (08/07/2024 - 13/07/2024)',)
Disciplina 2: GEN107_1 | ('5T123 6T45 (04/03/2024 - 11/05/2024),  5T123 (13/05/2024 - 13/07/2024)',)
Agrupamento!
Curso:  LETRAS - PORTUGUÊS E ESPANHOL
Disciplina 1: GLA369_1 | ('2N1234 (15/04/2024 - 15/06/2024),  2T12  2N1234 (17/06/2024 - 22/06/2024)',)
Disciplina 2: GCH837_2 | ('2T12345  2N1234 (04/03/2024 - 13/04/2024),  2T12345 (15/04/2024 - 04/05/2024),  2T12345 (27/05/2024 - 08/06/2024),  2T12345 (10/06/2024 - 15/06/2024),  2N1234 (24/06/2024 - 13/07/2024)',)
Agrupamento!
Curso:  LETRAS - PORTUGUÊS E ESPANHOL
Disciplina 1: GLA381_1 | ('4N1234 (08/04/2024 - 11/05/2024),  4T1234  4N1234 (13/05/2024 - 25/05/2024),  4N1234 (27/05/2024 - 13/07/2024)',)
Disciplina 2: GLA379_1 | ('4N1234 (04/03/2024 - 06/04/2024),   2N1234 (08/04/2024 - 13/04/2024),  2N1234 (29/04/2024 - 11/05/2024), 2N1234 (24/06/2024 - 24/06/2024)',)
Agrupamento!
Curso:  LETRAS - PORTUGUÊS E ESPANHOL
Disciplina 1: GLA380_1 | ('6N1234 (20/05/2024 - 01/06/2024),  6T1234  6N1234 (03/06/2024 - 08/06/2024),  6N1234 (10/06/2024 - 13/07/2024)',)
Disciplina 2: GLA384_1 | ('6T12  6N1234 (04/03/2024 - 09/03/2024),  6N1234 (11/03/2024 - 18/05/2024)',)
Agrupamento!
Curso:  LETRAS - PORTUGUÊS E ESPANHOL
Disciplina 1: GLA383_1 | ('2N1234 (04/03/2024 - 06/04/2024),  2N1234 (15/04/2024 - 27/04/2024),  2N1234 (13/05/2024 - 22/06/2024),  2N1234 (01/07/2024 - 13/07/2024)',)
Disciplina 2: GLA379_1 | ('4N1234 (04/03/2024 - 06/04/2024),   2N1234 (08/04/2024 - 13/04/2024),  2N1234 (29/04/2024 - 11/05/2024), 2N1234 (24/06/2024 - 24/06/2024)',)
Agrupamento!
Curso:  LETRAS - PORTUGUÊS E ESPANHOL
Disciplina 1: GLA386_1 | ('3N1234 (29/04/2024 - 06/07/2024),  3N12 (08/07/2024 - 13/07/2024)',)
Disciplina 2: GLA385_1 | ('3T12345  3N1234 (04/03/2024 - 16/03/2024),  3N1234 (18/03/2024 - 27/04/2024)',)
Agrupamento!
Curso:  LETRAS - PORTUGUÊS E ESPANHOL
Disciplina 1: GLA395_1 | ('2T1234  2N1234 (04/03/2024 - 23/03/2024),  2T1234 (25/03/2024 - 30/03/2024),  2N1234 (01/07/2024 - 13/07/2024)',)
Disciplina 2: GLA397_1 | ('2N1234 (25/03/2024 - 01/06/2024),  2N12 (03/06/2024 - 08/06/2024)',)
Agrupamento!
Curso:  MATEMÁTICA
Disciplina 1: GEX983_1 | ('6N1234 (04/03/2024 - 26/04/2024),  6N12 (03/05/2024 - 03/05/2024)',)
Disciplina 2: GEX980_1 | ('6N1234 (17/05/2024 - 24/05/2024),  6N1234 (07/06/2024 - 05/07/2024),  6N12 (12/07/2024 - 12/07/2024)',)
Agrupamento!
Curso:  MATEMÁTICA
Disciplina 1: GEX989_1 | ('4N1234 (13/03/2024 - 13/03/2024),  4N1234 (10/04/2024 - 10/04/2024),  4N1234 (08/05/2024 - 08/05/2024),  4N1234 (22/05/2024 - 22/05/2024),  4N1234 (12/06/2024 - 12/06/2024),  2N1234 (17/06/2024 - 17/06/2024),  24N1234 (24/06/2024 - 26/06/2024),  2N1234 (01/07/2024 - 01/07/2024)',)
Disciplina 2: GEX988_1 | ('2N1234 (04/03/2024 - 10/06/2024)',)
Agrupamento!
Curso:  MATEMÁTICA
Disciplina 1: GEX996_1 | ('2N1234 (04/03/2024 - 04/03/2024),  2N1234 (18/03/2024 - 18/03/2024),  2N1234 (01/04/2024 - 01/04/2024),  2N1234 (15/04/2024 - 15/04/2024),  2N1234 (29/04/2024 - 29/04/2024),  2N1234 (13/05/2024 - 13/05/2024),  2N1234 (27/05/2024 - 27/05/2024),  2N1234 (10/06/2024 - 10/06/2024),  2N1234 (24/06/2024 - 24/06/2024)',)
Disciplina 2: GEX995_1 | ('2N1234 (11/03/2024 - 11/03/2024),  2T2345  2N1234 (25/03/2024 - 25/03/2024),  2T2345 (01/04/2024 - 01/04/2024),  2T2345  2N1234 (08/04/2024 - 08/04/2024),  2T2345 (15/04/2024 - 15/04/2024),  2T2345  2N1234 (22/04/2024 - 22/04/2024),  2T2345 (29/04/2024 - 29/04/2024),  2T2345  2N1234 (06/05/2024 - 06/05/2024),  2T2345 (13/05/2024 - 13/05/2024),  2T2345  2N1234 (20/05/2024 - 20/05/2024),  2T2345 (27/05/2024 - 27/05/2024),  2T2345  2N1234 (03/06/2024 - 03/06/2024),  2T2345 (10/06/2024 - 10/06/2024),  2T2345  2N1234 (17/06/2024 - 17/06/2024),  2T2345 (24/06/2024 - 24/06/2024),  2N12 (01/07/2024 - 01/07/2024)',)
Agrupamento!
Curso:  MEDICINA
Disciplina 1: GSA286_1 | ('4T1234 (06/03/2024 - 06/03/2024),  4T1234 (20/03/2024 - 20/03/2024),  4T1234 (03/04/2024 - 03/04/2024),  4T1234 (17/04/2024 - 17/04/2024),  4T1234 (08/05/2024 - 08/05/2024),  4T1234 (22/05/2024 - 22/05/2024),  4T1234 (29/05/2024 - 29/05/2024),  4T1234 (12/06/2024 - 12/06/2024),  4T1234 (26/06/2024 - 26/06/2024)',)
Disciplina 2: GSA285_1 | ('4T12345 (05/06/2024 - 05/06/2024),  4T12345 (19/06/2024 - 19/06/2024),  4T12345 (03/07/2024 - 03/07/2024),  4T123 (10/07/2024 - 10/07/2024)',)
Agrupamento!
Curso:  PEDAGOGIA
Disciplina 1: GCH1036_1 | ('5M1234 (28/03/2024 - 28/03/2024), 5M1234 (02/05/2024 - 02/05/2024), 5M1234 (06/06/2024 - 06/06/2024), 5M1234 (20/06/2024 - 20/06/2024), 5M12 (27/06/2024 - 27/06/2024)',)
Disciplina 2: GCH1100_1 | ('5M1234 (04/03/2024 - 21/03/2024), 5M1234 (04/04/2024 - 25/04/2024), 5M1234 (09/05/2024 - 09/05/2024), 5M1234 (16/05/2024 - 16/05/2024)',)
Agrupamento!
Curso:  PEDAGOGIA
Disciplina 1: GCH1039_1 | ('4N1234 (27/03/2024 - 27/03/2024),  4N1234 (08/05/2024 - 08/05/2024),  4N1234 (27/05/2024 - 08/06/2024),  4N12 (12/06/2024 - 12/06/2024)',)
Disciplina 2: GCH1038_1 | ('4N1234 (04/03/2024 - 23/03/2024),  4N1234 (01/04/2024 - 27/04/2024),  4N1234 (13/05/2024 - 25/05/2024)',)
Agrupamento!
Curso:  PEDAGOGIA
Disciplina 1: GCH1099_1 | ('6M1234 (04/03/2024 - 23/03/2024), 6M1234 (08/04/2024 - 04/05/2024), 6M1234 (13/05/2024 - 01/06/2024), 6M1234 (14/06/2024 - 14/06/2024), 6M34 (28/06/2024 - 28/06/2024), 6M1234 (01/07/2024 - 13/07/2024)',)
Disciplina 2: GCH1088_1 | ('6M1234 (01/04/2024 - 06/04/2024), 6M1234 (06/05/2024 - 11/05/2024), 6M1234 (03/06/2024 - 08/06/2024), 6M1234 (17/06/2024 - 22/06/2024), 6M12 (24/06/2024 - 29/06/2024)',)
Agrupamento!
Curso:  PEDAGOGIA
Disciplina 1: GCH1105_1 | ('3N1234 (04/03/2024 - 30/03/2024), 7M123456  3N1234 (01/07/2024 - 13/07/2024)',)
Disciplina 2: GCH1104_1 | ('3N1234 (01/04/2024 - 27/04/2024),  3N1234 (06/05/2024 - 18/05/2024)',)
Agrupamento!
Curso:  PEDAGOGIA
Disciplina 1: GCH1106_1 | ('2N1234 (25/03/2024 - 25/03/2024),  2N1234 (29/04/2024 - 29/04/2024),  2N1234 (27/05/2024 - 27/05/2024),  2N1234 (10/06/2024 - 10/06/2024),  2N12 (17/06/2024 - 17/06/2024)',)
Disciplina 2: GCH1102_1 | ('2N1234 (04/03/2024 - 23/03/2024),  2N1234 (01/04/2024 - 27/04/2024),  2N1234 (06/05/2024 - 25/05/2024),  2N1234 (03/06/2024 - 03/06/2024),  2N34 (17/06/2024 - 17/06/2024),  2N1234 (24/06/2024 - 06/07/2024)',)
Agrupamento!
Curso:  PEDAGOGIA
Disciplina 1: GCH1109_1 | ('3M1234 (06/05/2024 - 06/07/2024)',)
Disciplina 2: GCH1108_1 | ('3M1234 (04/03/2024 - 04/05/2024)',)
Agrupamento!
Curso:  PEDAGOGIA
Disciplina 1: GCH1111_1 | ('5M1234 (28/03/2024 - 28/03/2024), 5M1234 (02/05/2024 - 02/05/2024), 5M1234 (06/06/2024 - 06/06/2024), 5M1234 (20/06/2024 - 20/06/2024), 5M12 (27/06/2024 - 27/06/2024)',)
Disciplina 2: GCH837_3 | ('57M12345 (04/03/2024 - 23/03/2024), 57M12345 (01/04/2024 - 27/04/2024), 5M12345 (06/05/2024 - 25/05/2024), 57M12345 (13/06/2024 - 15/06/2024), 5M345 (27/06/2024 - 27/06/2024), 5M12345 (01/07/2024 - 13/07/2024)',)
Agrupamento!
Curso:  PEDAGOGIA
Disciplina 1: GCH1114_1 | ('7M2345  5N1234 (06/05/2024 - 25/05/2024), 7M2345  5N1234 (27/05/2024 - 08/06/2024),  5N1234 (10/06/2024 - 13/07/2024)',)
Disciplina 2: GCH1115_1 | ('7M2345  5N1234 (04/03/2024 - 23/03/2024),  5N1234 (25/03/2024 - 20/04/2024), 7M2345  5N1234 (22/04/2024 - 04/05/2024)',)
Agrupamento!
Curso:  PEDAGOGIA
Disciplina 1: GCH1116_1 | ('4N1234 (27/03/2024 - 27/03/2024),  4N1234 (08/05/2024 - 08/05/2024),  4N1234 (05/06/2024 - 05/06/2024),  4N1234 (19/06/2024 - 19/06/2024),  4N12 (26/06/2024 - 26/06/2024)',)
Disciplina 2: GCH1113_1 | ('4N1234 (04/03/2024 - 23/03/2024),  4N1234 (01/04/2024 - 27/04/2024),  4N1234 (13/05/2024 - 01/06/2024),  4N1234 (12/06/2024 - 12/06/2024),  4N34 (26/06/2024 - 26/06/2024), 7M123456  7T123  4N1234 (01/07/2024 - 13/07/2024)',)
Agrupamento!
Curso:  PEDAGOGIA
Disciplina 1: GLA240_1 | ('5M1234 (04/03/2024 - 04/05/2024)',)
Disciplina 2: GCH1119_1 | ('5M1234 (06/05/2024 - 13/07/2024)',)
Agrupamento!
Curso:  PEDAGOGIA
Disciplina 1: GEX776_1 | ('6M1234 (13/05/2024 - 13/07/2024)',)
Disciplina 2: GCH1118_1 | ('6M1234 (04/03/2024 - 11/05/2024)',)
Agrupamento!
Curso:  PEDAGOGIA
Disciplina 1: GCH1121_1 | ('7M2345 (09/03/2024 - 09/03/2024),  4N1234 (13/03/2024 - 13/03/2024), 7M2345 (16/03/2024 - 16/03/2024), 7M2345 (23/03/2024 - 23/03/2024),  4N1234 (10/04/2024 - 10/04/2024),  4N1234 (08/05/2024 - 08/05/2024),  4N1234 (22/05/2024 - 22/05/2024),  4N1234 (12/06/2024 - 12/06/2024),  4N1234 (26/06/2024 - 26/06/2024)',)
Disciplina 2: GEX777_1 | ('4N1234 (06/03/2024 - 06/03/2024),  4N1234 (18/03/2024 - 06/04/2024),  4N1234 (15/04/2024 - 27/04/2024), 7M2345  4N1234 (15/05/2024 - 18/05/2024), 7M2345  4N1234 (27/05/2024 - 08/06/2024), 7M2345  4N1234 (19/06/2024 - 22/06/2024), 7M2345  4N1234 (01/07/2024 - 13/07/2024)',)
Agrupamento!
Curso:  PEDAGOGIA
Disciplina 1: GCH1126_1 | ('2N1234 (25/03/2024 - 25/03/2024),  2N1234 (29/04/2024 - 29/04/2024),  2N1234 (27/05/2024 - 27/05/2024),  2N1234 (10/06/2024 - 10/06/2024),  2N12 (17/06/2024 - 17/06/2024)',)
Disciplina 2: GCH1122_1 | ('2N1234 (04/03/2024 - 23/03/2024),  2N1234 (01/04/2024 - 27/04/2024),  2N1234 (06/05/2024 - 06/05/2024),  2N1234 (13/05/2024 - 13/05/2024),  7T2345 (18/05/2024 - 18/05/2024),  2N1234 (20/05/2024 - 20/05/2024),  7T2345 (25/05/2024 - 25/05/2024),  7T2345 (01/06/2024 - 01/06/2024),  2N1234 (03/06/2024 - 03/06/2024),  7T2345 (08/06/2024 - 08/06/2024),  2N1234 (24/06/2024 - 13/07/2024)',)
Agrupamento!
Curso:  PEDAGOGIA
Disciplina 1: GCH1134_1 | ('3N1234 (26/03/2024 - 26/03/2024),  3N1234 (30/04/2024 - 30/04/2024),  3N1234 (21/05/2024 - 01/06/2024),  3N12 (04/06/2024 - 04/06/2024)',)
Disciplina 2: GCH1132_1 | ('3N1234 (04/03/2024 - 23/03/2024),  3N1234 (01/04/2024 - 27/04/2024),  3N1234 (06/05/2024 - 18/05/2024)',)
Agrupamentos:  27
Set parameter Username
Set parameter LicenseID to value 2851439
Academic license - for non-commercial use only - expires 2027-08-04
Set parameter TimeLimit to value 25200
Set parameter TimeLimit to value 3
Set parameter MIPFocus to value 1
Set parameter NoRelHeurTime to value 3
Gurobi Optimizer version 10.0.2 build v10.0.2rc0 (mac64[arm])

CPU model: Apple M5
Thread count: 10 physical cores, 10 logical processors, using up to 10 threads

Optimize a model with 548706 rows, 284763 columns and 1341935 nonzeros
Model fingerprint: 0x554225e6
Variable types: 0 continuous, 284763 integer (264707 binary)
Coefficient statistics:
  Matrix range     [1e+00, 8e+01]
  Objective range  [5e-01, 2e+03]
  Bounds range     [1e+00, 1e+00]
  RHS range        [1e+00, 1e+02]
Found heuristic solution: objective 4130000.0000
Presolve removed 258478 rows and 68178 columns
Presolve time: 1.93s
Presolved: 290228 rows, 216585 columns, 898474 nonzeros
Variable types: 0 continuous, 216585 integer (216585 binary)
Found heuristic solution: objective 3264725.0000
Starting NoRel heuristic
Found heuristic solution: objective 3264325.0000
NoRel heuristic complete

Explored 0 nodes (0 simplex iterations) in 3.45 seconds (6.67 work units)
Thread count was 10 (of 10 available processors)

Solution count 3: 3.26432e+06 3.26472e+06 4.13e+06 

Time limit reached
Best objective 3.264325000000e+06, best bound -4.283850000000e+06, gap 231.2323%
Solução -> não <- ótima.
Set parameter TimeLimit to value 25200
Set parameter TimeLimit to value 600
Set parameter NoRelHeurTime to value 0
Gurobi Optimizer version 10.0.2 build v10.0.2rc0 (mac64[arm])

CPU model: Apple M5
Thread count: 10 physical cores, 10 logical processors, using up to 10 threads

Optimize a model with 548706 rows, 284763 columns and 1341935 nonzeros
Model fingerprint: 0x1eaea909
Variable types: 0 continuous, 284763 integer (264707 binary)
Coefficient statistics:
  Matrix range     [1e+00, 8e+01]
  Objective range  [5e-01, 2e+03]
  Bounds range     [1e+00, 1e+00]
  RHS range        [1e+00, 1e+02]

User MIP start produced solution with objective 3.26432e+06 (0.12s)
Loaded user MIP start with objective 3.26432e+06
MIP start from previous solve did not produce a new incumbent solution

Presolve removed 522944 rows and 264064 columns
Presolve time: 0.32s
Presolved: 25762 rows, 20699 columns, 75159 nonzeros
Variable types: 0 continuous, 20699 integer (20699 binary)
Found heuristic solution: objective 3264075.0000

Root relaxation: objective 2.827134e+06, 5632 iterations, 0.19 seconds (0.47 work units)

    Nodes    |    Current Node    |     Objective Bounds      |     Work
 Expl Unexpl |  Obj  Depth IntInf | Incumbent    BestBd   Gap | It/Node Time

     0     0 2827133.50    0  669 3264075.00 2827133.50  13.4%     -    0s
H    0     0                    2885263.0000 2827133.50  2.01%     -    0s
H    0     0                    2872652.5000 2827133.50  1.58%     -    0s
     0     0 2827139.25    0  591 2872652.50 2827139.25  1.58%     -    1s
H    0     0                    2865273.0000 2827139.25  1.33%     -    1s
H    0     0                    2843033.0000 2827139.25  0.56%     -    2s
     0     0 2827144.89    0  717 2843033.00 2827144.89  0.56%     -    2s
     0     0 2827145.00    0  559 2843033.00 2827145.00  0.56%     -    2s
     0     0 2827146.67    0  370 2843033.00 2827146.67  0.56%     -    2s
H    0     0                    2827433.0000 2827146.67  0.01%     -    2s
     0     0 2827148.00    0  454 2827433.00 2827148.00  0.01%     -    2s
     0     0 2827148.33    0  555 2827433.00 2827148.33  0.01%     -    2s
     0     0 2827148.33    0  619 2827433.00 2827148.33  0.01%     -    2s
     0     0 2827149.20    0  634 2827433.00 2827149.20  0.01%     -    2s
     0     0 2827149.20    0  621 2827433.00 2827149.20  0.01%     -    3s
     0     0 2827149.20    0  644 2827433.00 2827149.20  0.01%     -    3s
     0     0 2827151.50    0  582 2827433.00 2827151.50  0.01%     -    3s

Cutting planes:
  Gomory: 2
  Zero half: 5
  RLT: 1
  BQP: 9

Explored 1 nodes (24492 simplex iterations) in 3.58 seconds (6.65 work units)
Thread count was 10 (of 10 available processors)

Solution count 8: 2.82743e+06 2.84303e+06 2.86527e+06 ... 3.26432e+06

Optimal solution found (tolerance 1.00e-04)
Best objective 2.827433000000e+06, best bound 2.827151500000e+06, gap 0.0100%
Solução ótima encontrada.
Set parameter TimeLimit to value 25200
Set parameter TimeLimit to value 600
Gurobi Optimizer version 10.0.2 build v10.0.2rc0 (mac64[arm])

CPU model: Apple M5
Thread count: 10 physical cores, 10 logical processors, using up to 10 threads

Optimize a model with 548706 rows, 284763 columns and 1341935 nonzeros
Model fingerprint: 0x2778004e
Variable types: 0 continuous, 284763 integer (264707 binary)
Coefficient statistics:
  Matrix range     [1e+00, 8e+01]
  Objective range  [5e-01, 2e+03]
  Bounds range     [1e+00, 1e+00]
  RHS range        [1e+00, 1e+02]

User MIP start produced solution with objective 2.82743e+06 (0.13s)
Loaded user MIP start with objective 2.82743e+06
MIP start from previous solve did not produce a new incumbent solution

Presolve removed 526161 rows and 267189 columns
Presolve time: 0.27s
Presolved: 22545 rows, 17574 columns, 64625 nonzeros
Variable types: 0 continuous, 17574 integer (17574 binary)

Root relaxation: objective 2.524888e+06, 4102 iterations, 0.13 seconds (0.34 work units)

    Nodes    |    Current Node    |     Objective Bounds      |     Work
 Expl Unexpl |  Obj  Depth IntInf | Incumbent    BestBd   Gap | It/Node Time

     0     0 2524888.50    0  353 2827433.00 2524888.50  10.7%     -    0s
H    0     0                    2590660.5000 2524888.50  2.54%     -    0s
H    0     0                    2537955.5000 2524888.50  0.51%     -    0s
H    0     0                    2531800.5000 2524888.50  0.27%     -    0s
H    0     0                    2527880.5000 2524888.50  0.12%     -    0s
     0     0 2524891.00    0  409 2527880.50 2524891.00  0.12%     -    0s
H    0     0                    2526515.5000 2524891.00  0.06%     -    0s
H    0     0                    2526505.5000 2524893.00  0.06%     -    0s
     0     0 2524894.33    0  476 2526505.50 2524894.33  0.06%     -    0s
H    0     0                    2525201.0000 2524896.56  0.01%     -    1s
     0     0 2524896.56    0  496 2525201.00 2524896.56  0.01%     -    1s
     0     0 2524896.63    0  454 2525201.00 2524896.63  0.01%     -    1s
     0     0 2524897.67    0  524 2525201.00 2524897.67  0.01%     -    1s
     0     0 2524897.67    0  387 2525201.00 2524897.67  0.01%     -    1s
     0     0 2524897.67    0  519 2525201.00 2524897.67  0.01%     -    1s
     0     0 2524897.67    0  570 2525201.00 2524897.67  0.01%     -    1s
     0     0 2524898.50    0  648 2525201.00 2524898.50  0.01%     -    1s
     0     0 2524898.50    0  664 2525201.00 2524898.50  0.01%     -    1s
     0     0 2524900.00    0  648 2525201.00 2524900.00  0.01%     -    1s
     0     0 2524901.25    0  416 2525201.00 2524901.25  0.01%     -    1s
     0     0 2524901.38    0  606 2525201.00 2524901.38  0.01%     -    1s
     0     0 2524901.38    0  601 2525201.00 2524901.38  0.01%     -    1s
H    0     0                    2524991.0000 2524901.38  0.00%     -    2s
     0     0 2524901.38    0  590 2524991.00 2524901.38  0.00%     -    2s

Cutting planes:
  Gomory: 1
  Lift-and-project: 2
  MIR: 1
  Zero half: 21
  RLT: 5
  BQP: 7

Explored 1 nodes (14739 simplex iterations) in 2.04 seconds (4.20 work units)
Thread count was 10 (of 10 available processors)

Solution count 9: 2.52499e+06 2.5252e+06 2.52651e+06 ... 2.82743e+06

Optimal solution found (tolerance 1.00e-04)
Best objective 2.524991000000e+06, best bound 2.524901500000e+06, gap 0.0035%
Solução ótima encontrada.
Set parameter TimeLimit to value 25200
Set parameter TimeLimit to value 600
Gurobi Optimizer version 10.0.2 build v10.0.2rc0 (mac64[arm])

CPU model: Apple M5
Thread count: 10 physical cores, 10 logical processors, using up to 10 threads

Optimize a model with 548706 rows, 284763 columns and 1341935 nonzeros
Model fingerprint: 0x7864e596
Variable types: 0 continuous, 284763 integer (264707 binary)
Coefficient statistics:
  Matrix range     [1e+00, 8e+01]
  Objective range  [5e-01, 2e+03]
  Bounds range     [1e+00, 1e+00]
  RHS range        [1e+00, 1e+02]

User MIP start produced solution with objective 2.52499e+06 (0.10s)
Loaded user MIP start with objective 2.52499e+06
MIP start from previous solve did not produce a new incumbent solution

Presolve removed 530480 rows and 269365 columns
Presolve time: 0.25s
Presolved: 18226 rows, 15398 columns, 53538 nonzeros
Variable types: 0 continuous, 15398 integer (15398 binary)

Root relaxation: objective 2.188626e+06, 8609 iterations, 0.23 seconds (0.47 work units)

    Nodes    |    Current Node    |     Objective Bounds      |     Work
 Expl Unexpl |  Obj  Depth IntInf | Incumbent    BestBd   Gap | It/Node Time

     0     0 2188626.50    0  483 2524991.00 2188626.50  13.3%     -    0s
H    0     0                    2228594.0000 2188626.50  1.79%     -    0s
H    0     0                    2226854.0000 2188626.50  1.72%     -    0s
H    0     0                    2225104.0000 2188626.50  1.64%     -    0s
H    0     0                    2217104.0000 2188626.50  1.28%     -    0s
     0     0 2188671.17    0  437 2217104.00 2188671.17  1.28%     -    0s
H    0     0                    2211792.0000 2188671.17  1.05%     -    0s
H    0     0                    2210646.0000 2188671.17  0.99%     -    0s
H    0     0                    2204527.0000 2188677.78  0.72%     -    1s
     0     0 2188677.78    0  409 2204527.00 2188677.78  0.72%     -    1s
     0     0 2188679.44    0  505 2204527.00 2188679.44  0.72%     -    1s
     0     0 2188680.94    0  488 2204527.00 2188680.94  0.72%     -    1s
     0     0 2188681.79    0  517 2204527.00 2188681.79  0.72%     -    1s
H    0     0                    2194385.0000 2188682.50  0.26%     -    1s
     0     0 2188682.50    0  567 2194385.00 2188682.50  0.26%     -    1s
H    0     0                    2189094.5000 2188682.75  0.02%     -    1s
     0     0 2188682.75    0  539 2189094.50 2188682.75  0.02%     -    1s
     0     0 2188682.81    0  572 2189094.50 2188682.81  0.02%     -    1s
     0     0 2188683.13    0  658 2189094.50 2188683.13  0.02%     -    1s
     0     0 2188974.50    0  305 2189094.50 2188974.50  0.01%     -    1s

Explored 1 nodes (24715 simplex iterations) in 2.00 seconds (4.50 work units)
Thread count was 10 (of 10 available processors)

Solution count 10: 2.18909e+06 2.19438e+06 2.20453e+06 ... 2.22859e+06

Optimal solution found (tolerance 1.00e-04)
Best objective 2.189094500000e+06, best bound 2.188974500000e+06, gap 0.0055%
Solução ótima encontrada.
Set parameter TimeLimit to value 25200
Set parameter TimeLimit to value 600
Gurobi Optimizer version 10.0.2 build v10.0.2rc0 (mac64[arm])

CPU model: Apple M5
Thread count: 10 physical cores, 10 logical processors, using up to 10 threads

Optimize a model with 548706 rows, 284763 columns and 1341935 nonzeros
Model fingerprint: 0x27bc5e18
Variable types: 0 continuous, 284763 integer (264707 binary)
Coefficient statistics:
  Matrix range     [1e+00, 8e+01]
  Objective range  [5e-01, 2e+03]
  Bounds range     [1e+00, 1e+00]
  RHS range        [1e+00, 1e+02]

User MIP start produced solution with objective 2.18909e+06 (0.11s)
Loaded user MIP start with objective 2.18909e+06
MIP start from previous solve did not produce a new incumbent solution

Presolve removed 527322 rows and 267574 columns
Presolve time: 0.28s
Presolved: 21384 rows, 17189 columns, 63312 nonzeros
Variable types: 0 continuous, 17189 integer (17189 binary)
Found heuristic solution: objective 2136454.5000

Root relaxation: objective 1.751316e+06, 3297 iterations, 0.07 seconds (0.16 work units)

    Nodes    |    Current Node    |     Objective Bounds      |     Work
 Expl Unexpl |  Obj  Depth IntInf | Incumbent    BestBd   Gap | It/Node Time

     0     0 1751316.00    0  571 2136454.50 1751316.00  18.0%     -    0s
H    0     0                    1849054.5000 1751316.00  5.29%     -    0s
H    0     0                    1808173.5000 1751316.00  3.14%     -    0s
H    0     0                    1799378.5000 1751316.00  2.67%     -    0s
     0     0 1751372.30    0  822 1799378.50 1751372.30  2.67%     -    0s
H    0     0                    1795166.0000 1751372.30  2.44%     -    0s
H    0     0                    1769772.5000 1751388.29  1.04%     -    0s
     0     0 1751388.29    0  662 1769772.50 1751388.29  1.04%     -    1s
     0     0 1751389.25    0  662 1769772.50 1751389.25  1.04%     -    1s
     0     0 1751441.88    0  830 1769772.50 1751441.88  1.04%     -    1s
H    0     0                    1769333.5000 1751442.79  1.01%     -    1s
     0     0 1751442.79    0  747 1769333.50 1751442.79  1.01%     -    1s
     0     0 1751443.67    0  721 1769333.50 1751443.67  1.01%     -    1s
     0     0 1751474.28    0  842 1769333.50 1751474.28  1.01%     -    1s
H    0     0                    1752329.0000 1751474.28  0.05%     -    1s
     0     0 1751481.92    0  806 1752329.00 1751481.92  0.05%     -    1s
     0     0 1751482.27    0  808 1752329.00 1751482.27  0.05%     -    1s
     0     0 1751482.97    0  822 1752329.00 1751482.97  0.05%     -    1s
     0     0 1751483.00    0  806 1752329.00 1751483.00  0.05%     -    1s
     0     0 1751491.48    0  826 1752329.00 1751491.48  0.05%     -    1s
     0     0 1751498.41    0  882 1752329.00 1751498.41  0.05%     -    1s
     0     0 1751499.00    0  761 1752329.00 1751499.00  0.05%     -    1s
     0     0 1751500.38    0  763 1752329.00 1751500.38  0.05%     -    1s
     0     0 1751504.33    0  683 1752329.00 1751504.33  0.05%     -    2s
     0     2 1751504.83    0  666 1752329.00 1751504.83  0.05%     -    2s
H   39    46                    1752237.5000 1751505.77  0.04%   405    2s
H   63    66                    1752232.5000 1751505.77  0.04%   347    3s
   402   525 1752037.90   31  334 1752232.50 1751505.88  0.04%   168    5s
  1888  1303 1751578.08   15  569 1752232.50 1751508.38  0.04%   114   10s
H 1894  1241                    1752227.5000 1751531.61  0.04%   113   13s
H 1900  1183                    1752225.5000 1751576.06  0.04%   113   15s
H 1906  1127                    1752218.5000 1751602.52  0.04%   112   18s
  1917  1079 1751965.79   28  494 1752218.50 1751965.79  0.01%   122   20s

Explored 1921 nodes (266745 simplex iterations) in 21.10 seconds (40.08 work units)
Thread count was 10 (of 10 available processors)

Solution count 10: 1.75222e+06 1.75223e+06 1.75223e+06 ... 1.79938e+06

Optimal solution found (tolerance 1.00e-04)
Best objective 1.752218500000e+06, best bound 1.752190500000e+06, gap 0.0016%
Solução ótima encontrada.
Set parameter TimeLimit to value 25200
Set parameter TimeLimit to value 600
Gurobi Optimizer version 10.0.2 build v10.0.2rc0 (mac64[arm])

CPU model: Apple M5
Thread count: 10 physical cores, 10 logical processors, using up to 10 threads

Optimize a model with 548706 rows, 284763 columns and 1341935 nonzeros
Model fingerprint: 0x2721e2cc
Variable types: 0 continuous, 284763 integer (264707 binary)
Coefficient statistics:
  Matrix range     [1e+00, 8e+01]
  Objective range  [5e-01, 2e+03]
  Bounds range     [1e+00, 1e+00]
  RHS range        [1e+00, 1e+02]

User MIP start produced solution with objective 1.75222e+06 (0.12s)
Loaded user MIP start with objective 1.75222e+06
MIP start from previous solve did not produce a new incumbent solution

Presolve removed 528803 rows and 269478 columns
Presolve time: 0.25s
Presolved: 19903 rows, 15285 columns, 55985 nonzeros
Variable types: 0 continuous, 15285 integer (15285 binary)

Root relaxation: objective 1.579386e+06, 4751 iterations, 0.23 seconds (0.88 work units)

    Nodes    |    Current Node    |     Objective Bounds      |     Work
 Expl Unexpl |  Obj  Depth IntInf | Incumbent    BestBd   Gap | It/Node Time

     0     0 1579386.40    0  233 1752218.50 1579386.40  9.86%     -    0s
H    0     0                    1608525.0000 1579386.40  1.81%     -    0s
H    0     0                    1587966.5000 1579386.40  0.54%     -    0s
H    0     0                    1586266.5000 1579386.40  0.43%     -    0s
     0     0 1579401.78    0  452 1586266.50 1579401.78  0.43%     -    0s
H    0     0                    1579406.5000 1579401.78  0.00%     -    0s

Cutting planes:
  Gomory: 1
  Zero half: 2
  RLT: 8
  BQP: 2

Explored 1 nodes (6040 simplex iterations) in 0.83 seconds (2.34 work units)
Thread count was 10 (of 10 available processors)

Solution count 6: 1.57941e+06 1.58627e+06 1.58627e+06 ... 1.75222e+06

Optimal solution found (tolerance 1.00e-04)
Best objective 1.579406500000e+06, best bound 1.579401777778e+06, gap 0.0003%
Solução ótima encontrada.
Set parameter TimeLimit to value 25200
Set parameter TimeLimit to value 600
Gurobi Optimizer version 10.0.2 build v10.0.2rc0 (mac64[arm])

CPU model: Apple M5
Thread count: 10 physical cores, 10 logical processors, using up to 10 threads

Optimize a model with 548706 rows, 284763 columns and 1341935 nonzeros
Model fingerprint: 0x6dddc020
Variable types: 0 continuous, 284763 integer (264707 binary)
Coefficient statistics:
  Matrix range     [1e+00, 8e+01]
  Objective range  [5e-01, 2e+03]
  Bounds range     [1e+00, 1e+00]
  RHS range        [1e+00, 1e+02]

User MIP start produced solution with objective 1.57941e+06 (0.11s)
Loaded user MIP start with objective 1.57941e+06
MIP start from previous solve did not produce a new incumbent solution

Presolve removed 528510 rows and 270166 columns
Presolve time: 0.29s
Presolved: 20196 rows, 14597 columns, 57639 nonzeros
Variable types: 0 continuous, 14597 integer (14597 binary)

Root relaxation: objective 1.304487e+06, 14253 iterations, 0.46 seconds (0.92 work units)

    Nodes    |    Current Node    |     Objective Bounds      |     Work
 Expl Unexpl |  Obj  Depth IntInf | Incumbent    BestBd   Gap | It/Node Time

     0     0 1304486.75    0  841 1579406.50 1304486.75  17.4%     -    1s
H    0     0                    1492201.5000 1304486.75  12.6%     -    1s
H    0     0                    1450841.5000 1304486.75  10.1%     -    1s
H    0     0                    1450704.0000 1304486.75  10.1%     -    1s
H    0     0                    1402713.5000 1304553.38  7.00%     -    1s
     0     0 1304553.38    0 1167 1402713.50 1304553.38  7.00%     -    1s
H    0     0                    1354588.5000 1304553.38  3.69%     -    1s
     0     0 1304553.68    0 1167 1354588.50 1304553.68  3.69%     -    1s
     0     0 1304607.29    0 1027 1354588.50 1304607.29  3.69%     -    1s
H    0     0                    1353178.5000 1304607.29  3.59%     -    1s
     0     0 1304615.91    0 1205 1353178.50 1304615.91  3.59%     -    2s
     0     0 1304617.07    0 1215 1353178.50 1304617.07  3.59%     -    2s
     0     0 1304617.31    0 1197 1353178.50 1304617.31  3.59%     -    2s
     0     0 1304617.35    0 1212 1353178.50 1304617.35  3.59%     -    2s
H    0     0                    1352258.0000 1304670.93  3.52%     -    2s
H    0     0                    1316116.5000 1304670.93  0.87%     -    2s
     0     0 1304670.93    0 1358 1316116.50 1304670.93  0.87%     -    2s
     0     0 1304675.94    0 1324 1316116.50 1304675.94  0.87%     -    2s
     0     0 1304677.51    0 1321 1316116.50 1304677.51  0.87%     -    2s
     0     0 1304678.15    0 1308 1316116.50 1304678.15  0.87%     -    2s
     0     0 1304678.16    0 1300 1316116.50 1304678.16  0.87%     -    2s
     0     0 1304702.60    0 1167 1316116.50 1304702.60  0.87%     -    3s
     0     0 1304706.69    0 1205 1316116.50 1304706.69  0.87%     -    3s
     0     0 1304709.13    0 1186 1316116.50 1304709.13  0.87%     -    3s
     0     0 1304709.13    0 1190 1316116.50 1304709.13  0.87%     -    3s
     0     0 1304723.78    0 1359 1316116.50 1304723.78  0.87%     -    3s
     0     2 1304723.78    0 1359 1316116.50 1304723.78  0.87%     -    5s
H   12    16                    1315674.0000 1304782.69  0.83%  1775    6s
H   38    46                    1314183.5000 1304816.84  0.71%  1955    8s
H   41    46                    1314143.9973 1304816.84  0.71%  1857    8s
H   43    46                    1308699.0000 1304816.84  0.30%  1797    8s
    69   115 1305115.67    9 1163 1308699.00 1304816.84  0.30%  1427   10s
H   71   115                    1308519.0000 1304816.84  0.28%  1408   10s
H   84   115                    1307989.0000 1304816.84  0.24%  1299   10s
H   91   115                    1306756.0000 1304816.84  0.15%  1210   10s
H  107   115                    1306664.5000 1304816.84  0.14%  1091   10s
*  110   115              14    1305548.5000 1304816.84  0.06%  1078   10s
H  127   209                    1305526.0000 1304816.84  0.05%   993   11s
*  128   209              22    1305511.0000 1304816.84  0.05%   986   11s
*  140   209              19    1305300.5000 1304816.84  0.04%   932   11s
*  174   209              16    1305297.5000 1304816.84  0.04%   825   11s
*  177   209              16    1305284.5000 1304816.84  0.04%   812   11s
*  184   209              14    1305233.5000 1304816.84  0.03%   790   11s
*  187   209              15    1305225.5000 1304816.84  0.03%   779   11s
*  538   475              13    1305199.5000 1304840.36  0.03%   554   14s
   717   572 1304972.13    9  809 1305199.50 1304848.76  0.03%   510   15s
*  763   572              19    1305151.0000 1304848.95  0.02%   502   15s
  1113   734 1305119.00   19  684 1305151.00 1304864.16  0.02%   464   20s
  1889  1173 1305061.88   12  721 1305151.00 1304894.33  0.02%   419   28s
H 2088  1171                    1305145.5000 1304894.33  0.02%   412   28s
H 2128  1166                    1305141.0000 1304894.33  0.02%   410   28s
  2513  1108 1304914.77   12 1359 1305141.00 1304903.86  0.02%   400   30s
  2521  1113 1304949.11   10 1319 1305141.00 1304903.86  0.02%   399   35s
  2567  1155 1304903.86   19 1132 1305141.00 1304903.86  0.02%   420   40s
H 2607  1117                    1305135.5000 1304903.86  0.02%   421   42s
H 2611  1061                    1305133.5000 1304903.86  0.02%   421   42s
  2867  1074 1305117.86   24  567 1305133.50 1304903.86  0.02%   412   45s
  3253  1073 1305034.59   25  751 1305133.50 1304903.86  0.02%   411   54s
  3355  1087 1305107.92   26  726 1305133.50 1304903.86  0.02%   410   55s
  3965  1055 1305060.37   25  807 1305133.50 1304922.43  0.02%   405   62s
  4131  1011     cutoff   25      1305133.50 1304956.34  0.01%   402   66s
  4273  1082 1305101.18   25 1262 1305133.50 1304976.74  0.01%   398   70s

Cutting planes:
  Gomory: 4
  Lift-and-project: 8
  MIR: 8
  Flow cover: 3
  Zero half: 68
  RLT: 109
  BQP: 339
  PSD: 1

Explored 5403 nodes (2037657 simplex iterations) in 70.55 seconds (154.81 work units)
Thread count was 10 (of 10 available processors)

Solution count 10: 1.30513e+06 1.30514e+06 1.30514e+06 ... 1.3053e+06

Optimal solution found (tolerance 1.00e-04)
Best objective 1.305133500000e+06, best bound 1.305009000000e+06, gap 0.0095%
Solução ótima encontrada.
Set parameter TimeLimit to value 25200
Set parameter TimeLimit to value 600
Gurobi Optimizer version 10.0.2 build v10.0.2rc0 (mac64[arm])

CPU model: Apple M5
Thread count: 10 physical cores, 10 logical processors, using up to 10 threads

Optimize a model with 548706 rows, 284763 columns and 1341935 nonzeros
Model fingerprint: 0xd84dff77
Variable types: 0 continuous, 284763 integer (264707 binary)
Coefficient statistics:
  Matrix range     [1e+00, 8e+01]
  Objective range  [5e-01, 2e+03]
  Bounds range     [1e+00, 1e+00]
  RHS range        [1e+00, 1e+02]

User MIP start produced solution with objective 1.30513e+06 (0.14s)
Loaded user MIP start with objective 1.30513e+06
MIP start from previous solve did not produce a new incumbent solution

Presolve removed 532137 rows and 271555 columns
Presolve time: 0.28s
Presolved: 16569 rows, 13208 columns, 48291 nonzeros
Variable types: 0 continuous, 13208 integer (13208 binary)

Root relaxation: objective 1.027528e+06, 12893 iterations, 0.69 seconds (2.19 work units)

    Nodes    |    Current Node    |     Objective Bounds      |     Work
 Expl Unexpl |  Obj  Depth IntInf | Incumbent    BestBd   Gap | It/Node Time

     0     0 1027528.50    0  408 1305133.50 1027528.50  21.3%     -    2s
H    0     0                    1304883.5000 1027528.50  21.3%     -    2s
H    0     0                    1099208.5000 1027528.50  6.52%     -    2s
H    0     0                    1032483.5000 1027528.50  0.48%     -    2s
H    0     0                    1030895.5000 1027538.00  0.33%     -    3s
     0     0 1027538.00    0  757 1030895.50 1027538.00  0.33%     -    3s
     0     0 1027540.17    0  859 1030895.50 1027540.17  0.33%     -    3s
     0     0 1027540.50    0  759 1030895.50 1027540.50  0.33%     -    3s
     0     0 1027540.50    0  688 1030895.50 1027540.50  0.33%     -    3s
H    0     0                    1030730.0000 1027548.61  0.31%     -    4s
     0     0 1027548.61    0  894 1030730.00 1027548.61  0.31%     -    4s
     0     0 1027550.44    0  886 1030730.00 1027550.44  0.31%     -    4s
     0     0 1027550.74    0  844 1030730.00 1027550.74  0.31%     -    4s
     0     0 1027550.92    0  747 1030730.00 1027550.92  0.31%     -    5s
     0     0 1027551.97    0  825 1030730.00 1027551.97  0.31%     -    5s
     0     0 1027552.33    0  722 1030730.00 1027552.33  0.31%     -    5s
     0     0 1027552.52    0  609 1030730.00 1027552.52  0.31%     -    5s
     0     0 1027552.52    0  609 1030730.00 1027552.52  0.31%     -    5s
     0     0 1027553.28    0  606 1030730.00 1027553.28  0.31%     -    5s
H    0     0                    1029980.5000 1027554.10  0.24%     -    6s
     0     0 1027554.10    0  666 1029980.50 1027554.10  0.24%     -    6s
     0     0 1027554.19    0  610 1029980.50 1027554.19  0.24%     -    6s
H    0     0                    1027854.0000 1027559.82  0.03%     -    6s
     0     0 1027559.82    0  737 1027854.00 1027559.82  0.03%     -    6s
     0     0 1027562.59    0  901 1027854.00 1027562.59  0.03%     -    6s
     0     0 1027562.64    0  660 1027854.00 1027562.64  0.03%     -    6s
     0     0 1027565.49    0 1011 1027854.00 1027565.49  0.03%     -    7s
     0     0 1027565.49    0  350 1027854.00 1027565.49  0.03%     -    8s
     0     0 1027565.49    0  760 1027854.00 1027565.49  0.03%     -    9s
     0     0 1027565.49    0  619 1027854.00 1027565.49  0.03%     -    9s
     0     0 1027565.55    0  792 1027854.00 1027565.55  0.03%     -    9s
     0     0 1027565.87    0  706 1027854.00 1027565.87  0.03%     -    9s
     0     0 1027565.88    0  712 1027854.00 1027565.88  0.03%     -    9s
     0     0 1027568.79    0  949 1027854.00 1027568.79  0.03%     -   10s
     0     0 1027570.34    0  922 1027854.00 1027570.34  0.03%     -   10s
     0     0 1027571.81    0  840 1027854.00 1027571.81  0.03%     -   10s
     0     0 1027571.86    0  814 1027854.00 1027571.86  0.03%     -   10s
     0     0 1027576.85    0  821 1027854.00 1027576.85  0.03%     -   11s
     0     0 1027577.39    0  810 1027854.00 1027577.39  0.03%     -   11s
     0     0 1027577.96    0  871 1027854.00 1027577.96  0.03%     -   11s
     0     0 1027578.04    0  864 1027854.00 1027578.04  0.03%     -   11s
     0     0 1027581.54    0  843 1027854.00 1027581.54  0.03%     -   12s
H    0     0                    1027848.5000 1027581.54  0.03%     -   12s
H    0     0                    1027813.5000 1027581.54  0.02%     -   12s
H    0     0                    1027809.0000 1027581.54  0.02%     -   12s
H    0     0                    1027801.5000 1027581.54  0.02%     -   12s
     0     0 1027584.65    0  758 1027801.50 1027584.65  0.02%     -   12s
     0     0 1027586.13    0  551 1027801.50 1027586.13  0.02%     -   12s
     0     0 1027586.77    0  711 1027801.50 1027586.77  0.02%     -   12s
     0     0 1027586.87    0  671 1027801.50 1027586.87  0.02%     -   13s
     0     0 1027588.06    0  936 1027801.50 1027588.06  0.02%     -   13s
     0     0 1027588.06    0  116 1027801.50 1027588.06  0.02%     -   13s
     0     0 1027588.06    0  259 1027801.50 1027588.06  0.02%     -   13s
     0     0 1027588.06    0  303 1027801.50 1027588.06  0.02%     -   13s
     0     0 1027588.06    0  322 1027801.50 1027588.06  0.02%     -   13s
     0     0 1027588.06    0  264 1027801.50 1027588.06  0.02%     -   13s
     0     0 1027588.06    0  294 1027801.50 1027588.06  0.02%     -   14s
     0     0 1027588.06    0  270 1027801.50 1027588.06  0.02%     -   14s
     0     0 1027588.06    0  271 1027801.50 1027588.06  0.02%     -   14s
     0     0 1027588.06    0  273 1027801.50 1027588.06  0.02%     -   14s
     0     0 1027589.57    0  320 1027801.50 1027589.57  0.02%     -   14s
     0     0 1027589.80    0  306 1027801.50 1027589.80  0.02%     -   14s
     0     0 1027592.54    0  290 1027801.50 1027592.54  0.02%     -   14s
     0     0 1027592.73    0  288 1027801.50 1027592.73  0.02%     -   14s
     0     0 1027592.87    0  228 1027801.50 1027592.87  0.02%     -   14s
     0     0 1027592.96    0  226 1027801.50 1027592.96  0.02%     -   14s
     0     0 1027592.98    0  262 1027801.50 1027592.98  0.02%     -   14s
     0     0 1027593.02    0  263 1027801.50 1027593.02  0.02%     -   14s
     0     0 1027593.02    0  281 1027801.50 1027593.02  0.02%     -   14s
     0     0 1027593.02    0  291 1027801.50 1027593.02  0.02%     -   14s
     0     0 1027593.02    0  241 1027801.50 1027593.02  0.02%     -   14s
     0     2 1027593.02    0  241 1027801.50 1027593.02  0.02%     -   14s
   132    90 1027593.02   13  225 1027801.50 1027593.02  0.02%   122   15s
H  133    90                    1027779.0000 1027593.02  0.02%   121   15s
H  141    90                    1027766.5000 1027593.02  0.02%   116   15s
H  196    82                    1027761.5000 1027593.02  0.02%   140   15s
   635   308 1027742.50   17  146 1027761.50 1027593.02  0.02%   154   20s

Cutting planes:
  Gomory: 8
  Implied bound: 2
  MIR: 1
  Zero half: 22
  RLT: 58
  BQP: 59

Explored 955 nodes (257585 simplex iterations) in 20.84 seconds (44.13 work units)
Thread count was 10 (of 10 available processors)

Solution count 10: 1.02776e+06 1.02777e+06 1.02778e+06 ... 1.03073e+06

Optimal solution found (tolerance 1.00e-04)
Best objective 1.027761500000e+06, best bound 1.027686500000e+06, gap 0.0073%
Solução ótima encontrada.
Set parameter TimeLimit to value 25200
Set parameter TimeLimit to value 600
Gurobi Optimizer version 10.0.2 build v10.0.2rc0 (mac64[arm])

CPU model: Apple M5
Thread count: 10 physical cores, 10 logical processors, using up to 10 threads

Optimize a model with 548706 rows, 284763 columns and 1341935 nonzeros
Model fingerprint: 0x698d5aeb
Variable types: 0 continuous, 284763 integer (264707 binary)
Coefficient statistics:
  Matrix range     [1e+00, 8e+01]
  Objective range  [5e-01, 2e+03]
  Bounds range     [1e+00, 1e+00]
  RHS range        [1e+00, 1e+02]

User MIP start produced solution with objective 1.02776e+06 (0.12s)
Loaded user MIP start with objective 1.02776e+06
MIP start from previous solve did not produce a new incumbent solution

Presolve removed 540731 rows and 277898 columns
Presolve time: 0.21s
Presolved: 7975 rows, 6865 columns, 22784 nonzeros
Variable types: 0 continuous, 6865 integer (6865 binary)

Root relaxation: objective 8.878935e+05, 1329 iterations, 0.02 seconds (0.05 work units)

    Nodes    |    Current Node    |     Objective Bounds      |     Work
 Expl Unexpl |  Obj  Depth IntInf | Incumbent    BestBd   Gap | It/Node Time

     0     0 887893.500    0   62 1027761.50 887893.500  13.6%     -    0s
H    0     0                    897438.50000 887893.500  1.06%     -    0s
H    0     0                    889163.50000 887893.500  0.14%     -    0s
H    0     0                    887913.50000 887893.500  0.00%     -    0s

Cutting planes:
  Gomory: 1
  Zero half: 7

Explored 1 nodes (1733 simplex iterations) in 0.42 seconds (1.06 work units)
Thread count was 10 (of 10 available processors)

Solution count 4: 887914 889164 897438 1.02776e+06 

Optimal solution found (tolerance 1.00e-04)
Best objective 8.879135000000e+05, best bound 8.878935000000e+05, gap 0.0023%
Solução ótima encontrada.
Set parameter TimeLimit to value 25200
Set parameter TimeLimit to value 600
Gurobi Optimizer version 10.0.2 build v10.0.2rc0 (mac64[arm])

CPU model: Apple M5
Thread count: 10 physical cores, 10 logical processors, using up to 10 threads

Optimize a model with 548706 rows, 284763 columns and 1341935 nonzeros
Model fingerprint: 0x252d348c
Variable types: 0 continuous, 284763 integer (264707 binary)
Coefficient statistics:
  Matrix range     [1e+00, 8e+01]
  Objective range  [5e-01, 2e+03]
  Bounds range     [1e+00, 1e+00]
  RHS range        [1e+00, 1e+02]

User MIP start produced solution with objective 887914 (0.11s)
Loaded user MIP start with objective 887914
MIP start from previous solve did not produce a new incumbent solution

Presolve removed 541652 rows and 278828 columns
Presolve time: 0.20s
Presolved: 7054 rows, 5935 columns, 20048 nonzeros
Variable types: 0 continuous, 5935 integer (5935 binary)
Found heuristic solution: objective 880163.50000

Root relaxation: objective 7.358653e+05, 3088 iterations, 0.05 seconds (0.10 work units)

    Nodes    |    Current Node    |     Objective Bounds      |     Work
 Expl Unexpl |  Obj  Depth IntInf | Incumbent    BestBd   Gap | It/Node Time

     0     0 735865.259    0  422 880163.500 735865.259  16.4%     -    0s
H    0     0                    760985.00000 735865.259  3.30%     -    0s
H    0     0                    736886.00000 735865.259  0.14%     -    0s
     0     0 735872.500    0  118 736886.000 735872.500  0.14%     -    0s
H    0     0                    736736.00000 735872.500  0.12%     -    0s
H    0     0                    736112.50000 735872.500  0.03%     -    0s
     0     0 735872.500    0  177 736112.500 735872.500  0.03%     -    0s
     0     0 735872.500    0  208 736112.500 735872.500  0.03%     -    0s
     0     0 735872.500    0   56 736112.500 735872.500  0.03%     -    0s
H    0     0                    736057.50000 735872.500  0.03%     -    0s
H    0     0                    735912.50000 735872.500  0.01%     -    0s

Cutting planes:
  Gomory: 2
  RLT: 36
  BQP: 33

Explored 1 nodes (5958 simplex iterations) in 0.60 seconds (1.32 work units)
Thread count was 10 (of 10 available processors)

Solution count 8: 735912 736058 736112 ... 887914

Optimal solution found (tolerance 1.00e-04)
Best objective 7.359125000000e+05, best bound 7.358725000000e+05, gap 0.0054%
Solução ótima encontrada.
Set parameter TimeLimit to value 25200
Set parameter TimeLimit to value 600
Gurobi Optimizer version 10.0.2 build v10.0.2rc0 (mac64[arm])

CPU model: Apple M5
Thread count: 10 physical cores, 10 logical processors, using up to 10 threads

Optimize a model with 548706 rows, 284763 columns and 1341935 nonzeros
Model fingerprint: 0x29569a93
Variable types: 0 continuous, 284763 integer (264707 binary)
Coefficient statistics:
  Matrix range     [1e+00, 8e+01]
  Objective range  [5e-01, 2e+03]
  Bounds range     [1e+00, 1e+00]
  RHS range        [1e+00, 1e+02]

User MIP start produced solution with objective 735912 (0.13s)
Loaded user MIP start with objective 735912
MIP start from previous solve did not produce a new incumbent solution

Presolve removed 542008 rows and 279045 columns
Presolve time: 0.20s
Presolved: 6698 rows, 5718 columns, 18923 nonzeros
Variable types: 0 continuous, 5718 integer (5718 binary)

Root relaxation: objective 6.134328e+05, 2749 iterations, 0.05 seconds (0.08 work units)

    Nodes    |    Current Node    |     Objective Bounds      |     Work
 Expl Unexpl |  Obj  Depth IntInf | Incumbent    BestBd   Gap | It/Node Time

     0     0 613432.800    0  465 735912.500 613432.800  16.6%     -    0s
H    0     0                    665005.00000 613432.800  7.76%     -    0s
H    0     0                    663504.50000 613432.800  7.55%     -    0s
H    0     0                    629500.00000 613466.036  2.55%     -    0s
H    0     0                    626222.50000 613466.036  2.04%     -    0s
     0     0 613466.036    0  459 626222.500 613466.036  2.04%     -    0s
H    0     0                    625822.50000 613466.036  1.97%     -    0s
     0     0 613466.107    0  459 625822.500 613466.107  1.97%     -    0s
H    0     0                    619082.50000 613479.414  0.91%     -    0s
     0     0 613479.414    0  385 619082.500 613479.414  0.91%     -    0s
H    0     0                    618682.50000 613479.414  0.84%     -    0s
     0     0 613483.854    0  437 618682.500 613483.854  0.84%     -    0s
     0     0 613484.164    0  484 618682.500 613484.164  0.84%     -    0s
     0     0 613484.254    0  436 618682.500 613484.254  0.84%     -    0s
     0     0 613484.313    0  480 618682.500 613484.313  0.84%     -    0s
     0     0 613491.217    0  506 618682.500 613491.217  0.84%     -    0s
     0     0 613491.349    0  528 618682.500 613491.349  0.84%     -    0s
     0     0 613491.524    0  495 618682.500 613491.524  0.84%     -    0s
     0     0 613491.553    0  494 618682.500 613491.553  0.84%     -    0s
H    0     0                    616886.50000 613491.553  0.55%     -    0s
H    0     0                    613630.50000 613493.148  0.02%     -    0s
     0     0 613493.148    0  534 613630.500 613493.148  0.02%     -    0s
H    0     0                    613585.50000 613493.978  0.01%     -    0s
     0     0 613493.978    0  522 613585.500 613493.978  0.01%     -    0s
     0     0 613494.196    0  507 613585.500 613494.196  0.01%     -    0s
     0     0 613494.375    0  520 613585.500 613494.375  0.01%     -    0s
     0     0 613494.405    0  522 613585.500 613494.405  0.01%     -    0s
     0     0 613496.854    0  531 613585.500 613496.854  0.01%     -    0s
     0     0 613496.854    0  157 613585.500 613496.854  0.01%     -    0s
     0     0 613496.854    0  140 613585.500 613496.854  0.01%     -    0s
H    0     0                    613580.50000 613496.854  0.01%     -    0s
     0     0 613503.250    0  158 613580.500 613503.250  0.01%     -    0s
     0     0 613504.500    0  102 613580.500 613504.500  0.01%     -    0s
     0     0 613504.556    0  159 613580.500 613504.556  0.01%     -    0s
H    0     0                    613565.50000 613504.556  0.01%     -    1s

Cutting planes:
  Gomory: 5
  Clique: 9
  MIR: 3
  Zero half: 18
  RLT: 27
  BQP: 96

Explored 1 nodes (7938 simplex iterations) in 1.02 seconds (1.83 work units)
Thread count was 10 (of 10 available processors)

Solution count 10: 613566 613580 613586 ... 625822

Optimal solution found (tolerance 1.00e-04)
Best objective 6.135655000000e+05, best bound 6.135045555556e+05, gap 0.0099%
Solução ótima encontrada.
Set parameter TimeLimit to value 25200
Set parameter TimeLimit to value 600
Gurobi Optimizer version 10.0.2 build v10.0.2rc0 (mac64[arm])

CPU model: Apple M5
Thread count: 10 physical cores, 10 logical processors, using up to 10 threads

Optimize a model with 548706 rows, 284763 columns and 1341935 nonzeros
Model fingerprint: 0xce8a4d8e
Variable types: 0 continuous, 284763 integer (264707 binary)
Coefficient statistics:
  Matrix range     [1e+00, 8e+01]
  Objective range  [5e-01, 2e+03]
  Bounds range     [1e+00, 1e+00]
  RHS range        [1e+00, 1e+02]

User MIP start produced solution with objective 613566 (0.12s)
Loaded user MIP start with objective 613566
MIP start from previous solve did not produce a new incumbent solution

Presolve removed 531230 rows and 272479 columns
Presolve time: 0.20s
Presolved: 17476 rows, 12284 columns, 50173 nonzeros
Variable types: 0 continuous, 12284 integer (12284 binary)
Found heuristic solution: objective 593215.50000

Root relaxation: objective 3.320973e+05, 19971 iterations, 0.93 seconds (2.44 work units)

    Nodes    |    Current Node    |     Objective Bounds      |     Work
 Expl Unexpl |  Obj  Depth IntInf | Incumbent    BestBd   Gap | It/Node Time

     0     0 332097.321    0  982 593215.500 332097.321  44.0%     -    1s
H    0     0                    421211.50000 332097.321  21.2%     -    1s
H    0     0                    419823.00000 332097.321  20.9%     -    1s
H    0     0                    362214.50000 332097.321  8.31%     -    1s
     0     0 332147.052    0 1208 362214.500 332147.052  8.30%     -    2s
     0     0 332153.125    0 1038 362214.500 332153.125  8.30%     -    2s
     0     0 332188.752    0 1246 362214.500 332188.752  8.29%     -    2s
     0     0 332191.733    0 1155 362214.500 332191.733  8.29%     -    2s
     0     0 332192.153    0 1181 362214.500 332192.153  8.29%     -    2s
     0     0 332192.219    0 1178 362214.500 332192.219  8.29%     -    2s
H    0     0                    342131.50000 332192.219  2.91%     -    3s
H    0     0                    340605.50000 332192.219  2.47%     -    3s
H    0     0                    337030.50000 332216.066  1.43%     -    3s
     0     0 332216.066    0 1200 337030.500 332216.066  1.43%     -    3s
     0     0 332222.258    0 1076 337030.500 332222.258  1.43%     -    3s
     0     0 332222.833    0  995 337030.500 332222.833  1.43%     -    3s
     0     0 332222.849    0 1050 337030.500 332222.849  1.43%     -    3s
     0     0 332242.393    0  922 337030.500 332242.393  1.42%     -    4s
     0     0 332246.915    0  968 337030.500 332246.915  1.42%     -    4s
     0     0 332246.929    0  968 337030.500 332246.929  1.42%     -    4s
     0     0 332263.943    0 1131 337030.500 332263.943  1.41%     -    4s
     0     2 332263.943    0 1106 337030.500 332263.943  1.41%     -    5s
H    1     4                    336780.50000 332263.960  1.34%  2214    6s
H   27    36                    335091.50000 332386.897  0.81%  2875    8s
H   29    36                    334491.50000 332386.897  0.63%  2823    8s
H   31    36                    332807.50000 332386.897  0.13%  2857    8s
H   40    44                    332772.50000 332386.897  0.12%  2672    9s
    55    69 332564.277    8 1000 332772.500 332386.897  0.12%  2385   10s
H   78    76                    332528.50000 332386.897  0.04%  1907   10s
H  169    69                    332518.50000 332474.367  0.01%  1033   11s

Cutting planes:
  Gomory: 6
  MIR: 1
  Zero half: 42
  RLT: 109
  BQP: 176

Explored 239 nodes (245007 simplex iterations) in 12.40 seconds (33.48 work units)
Thread count was 10 (of 10 available processors)

Solution count 10: 332518 332528 332772 ... 342132

Optimal solution found (tolerance 1.00e-04)
Best objective 3.325185000000e+05, best bound 3.324862538462e+05, gap 0.0097%
Solução ótima encontrada.
Set parameter TimeLimit to value 25200
Set parameter TimeLimit to value 600
Gurobi Optimizer version 10.0.2 build v10.0.2rc0 (mac64[arm])

CPU model: Apple M5
Thread count: 10 physical cores, 10 logical processors, using up to 10 threads

Optimize a model with 548706 rows, 284763 columns and 1341935 nonzeros
Model fingerprint: 0xe2ae81bd
Variable types: 0 continuous, 284763 integer (264707 binary)
Coefficient statistics:
  Matrix range     [1e+00, 8e+01]
  Objective range  [5e-01, 2e+03]
  Bounds range     [1e+00, 1e+00]
  RHS range        [1e+00, 1e+02]

User MIP start produced solution with objective 332518 (0.11s)
Loaded user MIP start with objective 332518
MIP start from previous solve did not produce a new incumbent solution

Presolve removed 546841 rows and 283150 columns
Presolve time: 0.16s
Presolved: 1865 rows, 1613 columns, 5261 nonzeros
Variable types: 0 continuous, 1613 integer (1613 binary)

Root relaxation: objective 2.579215e+05, 957 iterations, 0.01 seconds (0.02 work units)

    Nodes    |    Current Node    |     Objective Bounds      |     Work
 Expl Unexpl |  Obj  Depth IntInf | Incumbent    BestBd   Gap | It/Node Time

     0     0 257921.500    0  106 332518.500 257921.500  22.4%     -    0s
H    0     0                    283805.50000 257921.500  9.12%     -    0s
H    0     0                    259226.50000 257921.500  0.50%     -    0s
     0     0 257924.000    0  147 259226.500 257924.000  0.50%     -    0s
H    0     0                    259211.50000 257924.000  0.50%     -    0s
H    0     0                    258611.50000 257936.500  0.26%     -    0s
     0     0 257936.500    0  165 258611.500 257936.500  0.26%     -    0s
H    0     0                    258188.50000 257942.176  0.10%     -    0s
     0     0 257942.176    0  249 258188.500 257942.176  0.10%     -    0s
H    0     0                    258173.50000 257946.500  0.09%     -    0s
     0     0 257946.500    0  163 258173.500 257946.500  0.09%     -    0s
     0     0 257975.500    0  260 258173.500 257975.500  0.08%     -    0s
     0     0 257980.500    0   62 258173.500 257980.500  0.07%     -    0s
     0     0 258030.083    0  115 258173.500 258030.083  0.06%     -    0s
     0     0 258040.500    0   49 258173.500 258040.500  0.05%     -    0s
     0     0 258045.167    0   98 258173.500 258045.167  0.05%     -    0s
     0     0 258045.167    0   94 258173.500 258045.167  0.05%     -    0s
     0     0 258053.000    0   52 258173.500 258053.000  0.05%     -    0s
     0     0 258084.694    0  139 258173.500 258084.694  0.03%     -    0s
     0     0 258084.694    0  121 258173.500 258084.694  0.03%     -    0s
     0     0 258084.694    0  145 258173.500 258084.694  0.03%     -    0s
     0     0 258143.500    0  139 258173.500 258143.500  0.01%     -    0s
     0     0 258148.500    0  105 258173.500 258148.500  0.01%     -    0s

Cutting planes:
  MIR: 9
  Zero half: 18
  Mod-K: 1
  RLT: 14
  BQP: 23

Explored 1 nodes (2342 simplex iterations) in 0.41 seconds (0.95 work units)
Thread count was 10 (of 10 available processors)

Solution count 7: 258174 258188 258612 ... 332518

Optimal solution found (tolerance 1.00e-04)
Best objective 2.581735000000e+05, best bound 2.581485000000e+05, gap 0.0097%
Solução ótima encontrada.
Set parameter TimeLimit to value 25200
Set parameter TimeLimit to value 600
Gurobi Optimizer version 10.0.2 build v10.0.2rc0 (mac64[arm])

CPU model: Apple M5
Thread count: 10 physical cores, 10 logical processors, using up to 10 threads

Optimize a model with 548706 rows, 284763 columns and 1341935 nonzeros
Model fingerprint: 0xd6680391
Variable types: 0 continuous, 284763 integer (264707 binary)
Coefficient statistics:
  Matrix range     [1e+00, 8e+01]
  Objective range  [5e-01, 2e+03]
  Bounds range     [1e+00, 1e+00]
  RHS range        [1e+00, 1e+02]

User MIP start produced solution with objective 258174 (0.11s)
Loaded user MIP start with objective 258174
MIP start from previous solve did not produce a new incumbent solution

Presolve removed 545524 rows and 281871 columns
Presolve time: 0.17s
Presolved: 3182 rows, 2892 columns, 9060 nonzeros
Variable types: 0 continuous, 2892 integer (2892 binary)

Root relaxation: objective 2.234160e+05, 205 iterations, 0.00 seconds (0.00 work units)

    Nodes    |    Current Node    |     Objective Bounds      |     Work
 Expl Unexpl |  Obj  Depth IntInf | Incumbent    BestBd   Gap | It/Node Time

     0     0 223416.000    0   64 258173.500 223416.000  13.5%     -    0s
H    0     0                    238080.50000 223416.000  6.16%     -    0s
H    0     0                    224441.50000 223416.000  0.46%     -    0s
     0     0 223447.167    0  111 224441.500 223447.167  0.44%     -    0s
H    0     0                    224436.50000 223447.167  0.44%     -    0s
     0     0 223539.500    0   79 224436.500 223539.500  0.40%     -    0s
     0     0 223580.000    0   85 224436.500 223580.000  0.38%     -    0s
     0     0 223602.000    0   86 224436.500 223602.000  0.37%     -    0s
     0     0 223958.000    0  108 224436.500 223958.000  0.21%     -    0s
H    0     0                    224368.50000 223983.500  0.17%     -    0s
     0     0 223983.500    0  108 224368.500 223983.500  0.17%     -    0s
     0     0 224023.500    0  138 224368.500 224023.500  0.15%     -    0s
     0     0 224095.000    0  145 224368.500 224095.000  0.12%     -    0s
     0     0 224368.500    0  137 224368.500 224368.500  0.00%     -    0s

Cutting planes:
  Gomory: 1
  Lift-and-project: 5
  Zero half: 18
  RLT: 5
  BQP: 5

Explored 1 nodes (399 simplex iterations) in 0.38 seconds (0.92 work units)
Thread count was 10 (of 10 available processors)

Solution count 5: 224368 224436 224442 ... 258174

Optimal solution found (tolerance 1.00e-04)
Best objective 2.243685000000e+05, best bound 2.243685000000e+05, gap 0.0000%
Solução ótima encontrada.
Set parameter TimeLimit to value 25200
Set parameter TimeLimit to value 600
Gurobi Optimizer version 10.0.2 build v10.0.2rc0 (mac64[arm])

CPU model: Apple M5
Thread count: 10 physical cores, 10 logical processors, using up to 10 threads

Optimize a model with 548706 rows, 284763 columns and 1341935 nonzeros
Model fingerprint: 0x92a82803
Variable types: 0 continuous, 284763 integer (264707 binary)
Coefficient statistics:
  Matrix range     [1e+00, 8e+01]
  Objective range  [5e-01, 2e+03]
  Bounds range     [1e+00, 1e+00]
  RHS range        [1e+00, 1e+02]

User MIP start produced solution with objective 224368 (0.12s)
Loaded user MIP start with objective 224368
MIP start from previous solve did not produce a new incumbent solution

Presolve removed 527760 rows and 268008 columns
Presolve time: 0.29s
Presolved: 20946 rows, 16755 columns, 60945 nonzeros
Variable types: 0 continuous, 16755 integer (16755 binary)

Root relaxation: objective 2.240695e+05, 6997 iterations, 0.29 seconds (0.71 work units)

    Nodes    |    Current Node    |     Objective Bounds      |     Work
 Expl Unexpl |  Obj  Depth IntInf | Incumbent    BestBd   Gap | It/Node Time

     0     0 224069.500    0  746 224368.500 224069.500  0.13%     -    0s
     0     0 224075.167    0  998 224368.500 224075.167  0.13%     -    1s
     0     0 224075.167    0  760 224368.500 224075.167  0.13%     -    1s
     0     0 224075.167    0  589 224368.500 224075.167  0.13%     -    1s
     0     0 224076.417    0  650 224368.500 224076.417  0.13%     -    1s
H    0     0                    224118.50000 224076.417  0.02%     -    2s
     0     0 224083.500    0  573 224118.500 224083.500  0.02%     -    2s
     0     0 224083.500    0  573 224118.500 224083.500  0.02%     -    2s
     0     0 224086.000    0  889 224118.500 224086.000  0.01%     -    2s
     0     0 224086.000    0  191 224118.500 224086.000  0.01%     -    2s
     0     0 224086.000    0  242 224118.500 224086.000  0.01%     -    2s
     0     0 224086.000    0  148 224118.500 224086.000  0.01%     -    2s
     0     0 224086.000    0  149 224118.500 224086.000  0.01%     -    2s
     0     0 224086.000    0  214 224118.500 224086.000  0.01%     -    2s
H    0     0                    224108.50000 224086.000  0.01%     -    2s
     0     0 224088.500    0  110 224108.500 224088.500  0.01%     -    2s

Cutting planes:
  Gomory: 6
  Clique: 1
  Zero half: 10
  RLT: 7
  BQP: 10

Explored 1 nodes (31738 simplex iterations) in 2.35 seconds (5.04 work units)
Thread count was 10 (of 10 available processors)

Solution count 3: 224108 224118 224368 

Optimal solution found (tolerance 1.00e-04)
Best objective 2.241085000000e+05, best bound 2.240885000000e+05, gap 0.0089%
Solução ótima encontrada.
Set parameter TimeLimit to value 25200
Set parameter TimeLimit to value 600
Gurobi Optimizer version 10.0.2 build v10.0.2rc0 (mac64[arm])

CPU model: Apple M5
Thread count: 10 physical cores, 10 logical processors, using up to 10 threads

Optimize a model with 548706 rows, 284763 columns and 1341935 nonzeros
Model fingerprint: 0xa247e3f4
Variable types: 0 continuous, 284763 integer (264707 binary)
Coefficient statistics:
  Matrix range     [1e+00, 8e+01]
  Objective range  [5e-01, 2e+03]
  Bounds range     [1e+00, 1e+00]
  RHS range        [1e+00, 1e+02]

User MIP start produced solution with objective 224108 (0.12s)
Loaded user MIP start with objective 224108
MIP start from previous solve did not produce a new incumbent solution

Presolve removed 529491 rows and 269617 columns
Presolve time: 0.27s
Presolved: 19215 rows, 15146 columns, 55194 nonzeros
Variable types: 0 continuous, 15146 integer (15146 binary)

Root relaxation: objective 2.240668e+05, 2779 iterations, 0.06 seconds (0.11 work units)

    Nodes    |    Current Node    |     Objective Bounds      |     Work
 Expl Unexpl |  Obj  Depth IntInf | Incumbent    BestBd   Gap | It/Node Time

     0     0 224066.833    0  328 224108.500 224066.833  0.02%     -    0s
H    0     0                    224088.50000 224066.833  0.01%     -    0s

Explored 1 nodes (3515 simplex iterations) in 0.53 seconds (1.32 work units)
Thread count was 10 (of 10 available processors)

Solution count 2: 224088 224108 

Optimal solution found (tolerance 1.00e-04)
Best objective 2.240885000000e+05, best bound 2.240668333333e+05, gap 0.0097%
Solução ótima encontrada.
Set parameter TimeLimit to value 25200
Set parameter TimeLimit to value 600
Gurobi Optimizer version 10.0.2 build v10.0.2rc0 (mac64[arm])

CPU model: Apple M5
Thread count: 10 physical cores, 10 logical processors, using up to 10 threads

Optimize a model with 548706 rows, 284763 columns and 1341935 nonzeros
Model fingerprint: 0x9a32058e
Variable types: 0 continuous, 284763 integer (264707 binary)
Coefficient statistics:
  Matrix range     [1e+00, 8e+01]
  Objective range  [5e-01, 2e+03]
  Bounds range     [1e+00, 1e+00]
  RHS range        [1e+00, 1e+02]

User MIP start produced solution with objective 224088 (0.11s)
Loaded user MIP start with objective 224088
MIP start from previous solve did not produce a new incumbent solution

Presolve removed 534831 rows and 273356 columns
Presolve time: 0.24s
Presolved: 13875 rows, 11407 columns, 40406 nonzeros
Variable types: 0 continuous, 11407 integer (11407 binary)

Root relaxation: objective 2.239685e+05, 7318 iterations, 0.25 seconds (0.46 work units)

    Nodes    |    Current Node    |     Objective Bounds      |     Work
 Expl Unexpl |  Obj  Depth IntInf | Incumbent    BestBd   Gap | It/Node Time

     0     0 223968.500    0  377 224088.500 223968.500  0.05%     -    0s
     0     0 223968.500    0  377 224088.500 223968.500  0.05%     -    0s
     0     0 223968.500    0  377 224088.500 223968.500  0.05%     -    0s
     0     0 223968.500    0  102 224088.500 223968.500  0.05%     -    0s
     0     0 223973.500    0  115 224088.500 223973.500  0.05%     -    0s
     0     0 223973.500    0  174 224088.500 223973.500  0.05%     -    0s
H    0     0                    224083.50000 223973.500  0.05%     -    0s
     0     0 223973.500    0  156 224083.500 223973.500  0.05%     -    0s
H    0     0                    224078.50000 223973.500  0.05%     -    0s
     0     0 223975.000    0   86 224078.500 223975.000  0.05%     -    0s
     0     0 223975.000    0   86 224078.500 223975.000  0.05%     -    0s
     0     0 223975.313    0  156 224078.500 223975.313  0.05%     -    0s
     0     0 223976.136    0  148 224078.500 223976.136  0.05%     -    0s
     0     0 223976.136    0  155 224078.500 223976.136  0.05%     -    0s
     0     0 223976.833    0   78 224078.500 223976.833  0.05%     -    0s
     0     0 223977.000    0   89 224078.500 223977.000  0.05%     -    0s
     0     0 223977.000    0   89 224078.500 223977.000  0.05%     -    0s
     0     0 223977.000    0   75 224078.500 223977.000  0.05%     -    0s
     0     0 223977.000    0  126 224078.500 223977.000  0.05%     -    0s
     0     0 223977.278    0  141 224078.500 223977.278  0.05%     -    0s
     0     0 223978.500    0  117 224078.500 223978.500  0.04%     -    0s
H    0     0                    224073.50000 223978.500  0.04%     -    0s
     0     0 223978.500    0   89 224073.500 223978.500  0.04%     -    0s
     0     0 223978.500    0   56 224073.500 223978.500  0.04%     -    0s
     0     0 223978.500    0  109 224073.500 223978.500  0.04%     -    0s
     0     0 223978.500    0  139 224073.500 223978.500  0.04%     -    0s
     0     0 223978.500    0   99 224073.500 223978.500  0.04%     -    1s
     0     2 223978.500    0   46 224073.500 223978.500  0.04%     -    1s

Cutting planes:
  Gomory: 3
  Lift-and-project: 3
  MIR: 5
  Inf proof: 3
  Zero half: 33
  RLT: 14
  BQP: 15

Explored 2826 nodes (95904 simplex iterations) in 1.47 seconds (2.79 work units)
Thread count was 10 (of 10 available processors)

Solution count 4: 224074 224078 224084 224088 

Optimal solution found (tolerance 1.00e-04)
Best objective 2.240735000000e+05, best bound 2.240735000000e+05, gap 0.0000%
Solução ótima encontrada.
Set parameter TimeLimit to value 25200
Set parameter TimeLimit to value 600
Gurobi Optimizer version 10.0.2 build v10.0.2rc0 (mac64[arm])

CPU model: Apple M5
Thread count: 10 physical cores, 10 logical processors, using up to 10 threads

Optimize a model with 548706 rows, 284763 columns and 1341935 nonzeros
Model fingerprint: 0x64a1f5f5
Variable types: 0 continuous, 284763 integer (264707 binary)
Coefficient statistics:
  Matrix range     [1e+00, 8e+01]
  Objective range  [5e-01, 2e+03]
  Bounds range     [1e+00, 1e+00]
  RHS range        [1e+00, 1e+02]

User MIP start produced solution with objective 224074 (0.11s)
Loaded user MIP start with objective 224074
MIP start from previous solve did not produce a new incumbent solution

Presolve removed 531694 rows and 270984 columns
Presolve time: 0.26s
Presolved: 17012 rows, 13779 columns, 50105 nonzeros
Variable types: 0 continuous, 13779 integer (13779 binary)

Root relaxation: objective 2.233382e+05, 2668 iterations, 0.05 seconds (0.10 work units)

    Nodes    |    Current Node    |     Objective Bounds      |     Work
 Expl Unexpl |  Obj  Depth IntInf | Incumbent    BestBd   Gap | It/Node Time

     0     0 223338.214    0  582 224073.500 223338.214  0.33%     -    0s
     0     0 223493.528    0  716 224073.500 223493.528  0.26%     -    0s
     0     0 223501.194    0  712 224073.500 223501.194  0.26%     -    0s
     0     0 223524.500    0  570 224073.500 223524.500  0.25%     -    0s
     0     0 223526.857    0  687 224073.500 223526.857  0.24%     -    0s
     0     0 223526.857    0  686 224073.500 223526.857  0.24%     -    0s
     0     0 223584.767    0  735 224073.500 223584.767  0.22%     -    0s
     0     0 223608.000    0  730 224073.500 223608.000  0.21%     -    1s
     0     0 223608.000    0  457 224073.500 223608.000  0.21%     -    1s
     0     0 223636.056    0  780 224073.500 223636.056  0.20%     -    1s
     0     0 223680.468    0  779 224073.500 223680.468  0.18%     -    1s
     0     0 223688.213    0  775 224073.500 223688.213  0.17%     -    1s
     0     0 223693.407    0  726 224073.500 223693.407  0.17%     -    1s
     0     0 223698.130    0  727 224073.500 223698.130  0.17%     -    1s
     0     0 223698.745    0  725 224073.500 223698.745  0.17%     -    1s
     0     0 223700.352    0  722 224073.500 223700.352  0.17%     -    1s
     0     0 223700.352    0  722 224073.500 223700.352  0.17%     -    1s
     0     0 223786.533    0  665 224073.500 223786.533  0.13%     -    1s
     0     0 224048.500    0  326 224073.500 224048.500  0.01%     -    1s
     0     0 224066.000    0  466 224073.500 224066.000  0.00%     -    1s

Cutting planes:
  Gomory: 4
  Implied bound: 3
  Zero half: 27
  RLT: 4
  BQP: 10

Explored 1 nodes (15781 simplex iterations) in 1.69 seconds (3.02 work units)
Thread count was 10 (of 10 available processors)

Solution count 1: 224074 

Optimal solution found (tolerance 1.00e-04)
Best objective 2.240735000000e+05, best bound 2.240660000000e+05, gap 0.0033%
Solução ótima encontrada.
Set parameter TimeLimit to value 25200
Set parameter TimeLimit to value 600
Gurobi Optimizer version 10.0.2 build v10.0.2rc0 (mac64[arm])

CPU model: Apple M5
Thread count: 10 physical cores, 10 logical processors, using up to 10 threads

Optimize a model with 548706 rows, 284763 columns and 1341935 nonzeros
Model fingerprint: 0x2fc47077
Variable types: 0 continuous, 284763 integer (264707 binary)
Coefficient statistics:
  Matrix range     [1e+00, 8e+01]
  Objective range  [5e-01, 2e+03]
  Bounds range     [1e+00, 1e+00]
  RHS range        [1e+00, 1e+02]

User MIP start produced solution with objective 224074 (0.11s)
Loaded user MIP start with objective 224074
MIP start from previous solve did not produce a new incumbent solution

Presolve removed 531141 rows and 271045 columns
Presolve time: 0.17s
Presolved: 17565 rows, 13718 columns, 49430 nonzeros
Variable types: 0 continuous, 13718 integer (13718 binary)

Root relaxation: objective 2.230967e+05, 3456 iterations, 0.08 seconds (0.17 work units)

    Nodes    |    Current Node    |     Objective Bounds      |     Work
 Expl Unexpl |  Obj  Depth IntInf | Incumbent    BestBd   Gap | It/Node Time

     0     0 223096.667    0  529 224073.500 223096.667  0.44%     -    0s
H    0     0                    223308.50000 223112.833  0.09%     -    0s
     0     0 223112.833    0  549 223308.500 223112.833  0.09%     -    0s
     0     0 223114.667    0  520 223308.500 223114.667  0.09%     -    0s
     0     0 223118.250    0  590 223308.500 223118.250  0.09%     -    0s
     0     0 223118.250    0  492 223308.500 223118.250  0.09%     -    0s
     0     0 223118.250    0  507 223308.500 223118.250  0.09%     -    0s
     0     0 223118.250    0  241 223308.500 223118.250  0.09%     -    0s
     0     0 223118.250    0  240 223308.500 223118.250  0.09%     -    0s
     0     0 223118.250    0  245 223308.500 223118.250  0.09%     -    0s
     0     0 223124.375    0  266 223308.500 223124.375  0.08%     -    0s
     0     0 223124.727    0  280 223308.500 223124.727  0.08%     -    0s
     0     0 223124.929    0  274 223308.500 223124.929  0.08%     -    0s
H    0     0                    223263.50000 223124.929  0.06%     -    0s
     0     0 223132.063    0  264 223263.500 223132.063  0.06%     -    0s
     0     0 223132.063    0  207 223263.500 223132.063  0.06%     -    0s
     0     0 223152.000    0  218 223263.500 223152.000  0.05%     -    0s
     0     0 223160.000    0  215 223263.500 223160.000  0.05%     -    0s
     0     0 223160.000    0  215 223263.500 223160.000  0.05%     -    0s
     0     0 223160.000    0  222 223263.500 223160.000  0.05%     -    0s
     0     0 223196.667    0  240 223263.500 223196.667  0.03%     -    0s
     0     0 223197.125    0  220 223263.500 223197.125  0.03%     -    0s
     0     0 223197.700    0  190 223263.500 223197.700  0.03%     -    0s
     0     0 223201.000    0  233 223263.500 223201.000  0.03%     -    0s
     0     0 223227.556    0  247 223263.500 223227.556  0.02%     -    0s
     0     0 223227.556    0  233 223263.500 223227.556  0.02%     -    0s

Cutting planes:
  Gomory: 9
  Clique: 5
  MIR: 2
  Zero half: 37
  RLT: 15
  BQP: 11

Explored 1 nodes (10010 simplex iterations) in 0.86 seconds (1.72 work units)
Thread count was 10 (of 10 available processors)

Solution count 3: 223264 223308 224074 

Optimal solution found (tolerance 1.00e-04)
Best objective 2.232635000000e+05, best bound 2.232415000000e+05, gap 0.0099%
Solução ótima encontrada.
Set parameter TimeLimit to value 25200
Set parameter TimeLimit to value 600
Gurobi Optimizer version 10.0.2 build v10.0.2rc0 (mac64[arm])

CPU model: Apple M5
Thread count: 10 physical cores, 10 logical processors, using up to 10 threads

Optimize a model with 548706 rows, 284763 columns and 1341935 nonzeros
Model fingerprint: 0xe4462321
Variable types: 0 continuous, 284763 integer (264707 binary)
Coefficient statistics:
  Matrix range     [1e+00, 8e+01]
  Objective range  [5e-01, 2e+03]
  Bounds range     [1e+00, 1e+00]
  RHS range        [1e+00, 1e+02]

User MIP start produced solution with objective 223264 (0.12s)
Loaded user MIP start with objective 223264
MIP start from previous solve did not produce a new incumbent solution

Presolve removed 530468 rows and 271112 columns
Presolve time: 0.28s
Presolved: 18238 rows, 13651 columns, 52183 nonzeros
Variable types: 0 continuous, 13651 integer (13651 binary)

Root relaxation: objective 2.228195e+05, 18363 iterations, 0.83 seconds (1.78 work units)

    Nodes    |    Current Node    |     Objective Bounds      |     Work
 Expl Unexpl |  Obj  Depth IntInf | Incumbent    BestBd   Gap | It/Node Time

     0     0 222819.500    0  685 223263.500 222819.500  0.20%     -    1s
     0     0 222945.187    0 1095 223263.500 222945.187  0.14%     -    1s
     0     0 222952.833    0 1059 223263.500 222952.833  0.14%     -    1s
     0     0 222952.833    0 1060 223263.500 222952.833  0.14%     -    1s
     0     0 223025.448    0 1214 223263.500 223025.448  0.11%     -    2s
     0     0 223025.448    0  654 223263.500 223025.448  0.11%     -    3s
     0     0 223036.772    0 1012 223263.500 223036.772  0.10%     -    4s
     0     0 223048.472    0  970 223263.500 223048.472  0.10%     -    4s
     0     0 223048.986    0  926 223263.500 223048.986  0.10%     -    4s
     0     0 223066.598    0  930 223263.500 223066.598  0.09%     -    4s
     0     0 223066.598    0  925 223263.500 223066.598  0.09%     -    4s
     0     0 223068.024    0  935 223263.500 223068.024  0.09%     -    4s
     0     0 223068.030    0  942 223263.500 223068.030  0.09%     -    4s
     0     0 223121.945    0 1049 223263.500 223121.945  0.06%     -    4s
     0     0 223123.212    0  992 223263.500 223123.212  0.06%     -    4s
     0     0 223123.383    0  972 223263.500 223123.383  0.06%     -    4s
     0     0 223123.385    0  959 223263.500 223123.385  0.06%     -    4s
     0     0 223129.423    0 1249 223263.500 223129.423  0.06%     -    4s
     0     0 223129.752    0  964 223263.500 223129.752  0.06%     -    4s
     0     0 223133.027    0  970 223263.500 223133.027  0.06%     -    4s
     0     0 223133.513    0  984 223263.500 223133.513  0.06%     -    4s
     0     0 223133.614    0  974 223263.500 223133.614  0.06%     -    4s
     0     0 223133.621    0  974 223263.500 223133.621  0.06%     -    4s
     0     0 223150.669    0 1013 223263.500 223150.669  0.05%     -    5s
     0     0 223150.669    0  430 223263.500 223150.669  0.05%     -    5s
     0     0 223154.691    0  539 223263.500 223154.691  0.05%     -    5s
     0     0 223154.691    0  538 223263.500 223154.691  0.05%     -    5s
     0     0 223176.491    0  568 223263.500 223176.491  0.04%     -    5s
     0     0 223179.281    0  570 223263.500 223179.281  0.04%     -    5s
     0     0 223179.944    0  570 223263.500 223179.944  0.04%     -    5s
     0     0 223180.137    0  582 223263.500 223180.137  0.04%     -    5s
     0     0 223198.000    0  505 223263.500 223198.000  0.03%     -    5s
     0     0 223198.000    0  261 223263.500 223198.000  0.03%     -    5s
     0     0 223198.000    0  345 223263.500 223198.000  0.03%     -    5s
     0     0 223198.000    0  344 223263.500 223198.000  0.03%     -    5s
     0     0 223212.866    0  313 223263.500 223212.866  0.02%     -    5s
     0     0 223212.880    0  313 223263.500 223212.880  0.02%     -    5s
     0     0 223213.972    0  257 223263.500 223213.972  0.02%     -    5s
     0     0 223214.248    0  317 223263.500 223214.248  0.02%     -    5s
     0     0 223214.248    0  316 223263.500 223214.248  0.02%     -    5s
     0     0 223214.366    0  315 223263.500 223214.366  0.02%     -    5s
     0     0 223227.516    0  357 223263.500 223227.516  0.02%     -    5s
     0     0 223227.580    0  264 223263.500 223227.580  0.02%     -    5s
H    0     0                    223257.00000 223227.580  0.01%     -    5s
     0     0 223229.864    0  258 223257.000 223229.864  0.01%     -    5s
     0     0 223232.056    0  273 223257.000 223232.056  0.01%     -    5s
     0     0     cutoff    0      223257.000 223257.000  0.00%     -    5s

Explored 1 nodes (65843 simplex iterations) in 5.80 seconds (12.09 work units)
Thread count was 10 (of 10 available processors)

Solution count 2: 223257 223264 

Optimal solution found (tolerance 1.00e-04)
Best objective 2.232570000000e+05, best bound 2.232570000000e+05, gap 0.0000%
Solução ótima encontrada.
Set parameter TimeLimit to value 25200
Set parameter TimeLimit to value 600
Gurobi Optimizer version 10.0.2 build v10.0.2rc0 (mac64[arm])

CPU model: Apple M5
Thread count: 10 physical cores, 10 logical processors, using up to 10 threads

Optimize a model with 548706 rows, 284763 columns and 1341935 nonzeros
Model fingerprint: 0x06a0f895
Variable types: 0 continuous, 284763 integer (264707 binary)
Coefficient statistics:
  Matrix range     [1e+00, 8e+01]
  Objective range  [5e-01, 2e+03]
  Bounds range     [1e+00, 1e+00]
  RHS range        [1e+00, 1e+02]

User MIP start produced solution with objective 223257 (0.11s)
Loaded user MIP start with objective 223257
MIP start from previous solve did not produce a new incumbent solution

Presolve removed 536589 rows and 275156 columns
Presolve time: 0.22s
Presolved: 12117 rows, 9607 columns, 34976 nonzeros
Variable types: 0 continuous, 9607 integer (9607 binary)

Root relaxation: objective 2.232245e+05, 6138 iterations, 0.12 seconds (0.21 work units)

    Nodes    |    Current Node    |     Objective Bounds      |     Work
 Expl Unexpl |  Obj  Depth IntInf | Incumbent    BestBd   Gap | It/Node Time

     0     0 223224.500    0  295 223257.000 223224.500  0.01%     -    0s
     0     0 223229.500    0  297 223257.000 223229.500  0.01%     -    0s
     0     0 223229.500    0  485 223257.000 223229.500  0.01%     -    0s
     0     0 223242.000    0   46 223257.000 223242.000  0.01%     -    0s

Explored 1 nodes (15706 simplex iterations) in 0.87 seconds (2.16 work units)
Thread count was 10 (of 10 available processors)

Solution count 1: 223257 

Optimal solution found (tolerance 1.00e-04)
Best objective 2.232570000000e+05, best bound 2.232420000000e+05, gap 0.0067%
Solução ótima encontrada.
Set parameter TimeLimit to value 25200
Set parameter TimeLimit to value 600
Gurobi Optimizer version 10.0.2 build v10.0.2rc0 (mac64[arm])

CPU model: Apple M5
Thread count: 10 physical cores, 10 logical processors, using up to 10 threads

Optimize a model with 548706 rows, 284763 columns and 1341935 nonzeros
Model fingerprint: 0x7ac3d097
Variable types: 0 continuous, 284763 integer (264707 binary)
Coefficient statistics:
  Matrix range     [1e+00, 8e+01]
  Objective range  [5e-01, 2e+03]
  Bounds range     [1e+00, 1e+00]
  RHS range        [1e+00, 1e+02]

User MIP start produced solution with objective 223257 (0.11s)
Loaded user MIP start with objective 223257
MIP start from previous solve did not produce a new incumbent solution

Presolve removed 542534 rows and 279583 columns
Presolve time: 0.19s
Presolved: 6172 rows, 5180 columns, 17446 nonzeros
Variable types: 0 continuous, 5180 integer (5180 binary)

Root relaxation: objective 2.232370e+05, 879 iterations, 0.01 seconds (0.02 work units)

    Nodes    |    Current Node    |     Objective Bounds      |     Work
 Expl Unexpl |  Obj  Depth IntInf | Incumbent    BestBd   Gap | It/Node Time

     0     0 223237.000    0   70 223257.000 223237.000  0.01%     -    0s

Explored 1 nodes (1048 simplex iterations) in 0.34 seconds (0.93 work units)
Thread count was 10 (of 10 available processors)

Solution count 1: 223257 

Optimal solution found (tolerance 1.00e-04)
Best objective 2.232570000000e+05, best bound 2.232370000000e+05, gap 0.0090%
Solução ótima encontrada.
Set parameter TimeLimit to value 25200
Set parameter TimeLimit to value 600
Gurobi Optimizer version 10.0.2 build v10.0.2rc0 (mac64[arm])

CPU model: Apple M5
Thread count: 10 physical cores, 10 logical processors, using up to 10 threads

Optimize a model with 548706 rows, 284763 columns and 1341935 nonzeros
Model fingerprint: 0xeee8f698
Variable types: 0 continuous, 284763 integer (264707 binary)
Coefficient statistics:
  Matrix range     [1e+00, 8e+01]
  Objective range  [5e-01, 2e+03]
  Bounds range     [1e+00, 1e+00]
  RHS range        [1e+00, 1e+02]

User MIP start produced solution with objective 223257 (0.11s)
Loaded user MIP start with objective 223257
MIP start from previous solve did not produce a new incumbent solution

Presolve removed 543285 rows and 280263 columns
Presolve time: 0.19s
Presolved: 5421 rows, 4500 columns, 15294 nonzeros
Variable types: 0 continuous, 4500 integer (4500 binary)
Found heuristic solution: objective 222457.00000

Root relaxation: objective 2.177888e+05, 1855 iterations, 0.03 seconds (0.04 work units)

    Nodes    |    Current Node    |     Objective Bounds      |     Work
 Expl Unexpl |  Obj  Depth IntInf | Incumbent    BestBd   Gap | It/Node Time

     0     0 217788.819    0  363 222457.000 217788.819  2.10%     -    0s
H    0     0                    222057.00000 217788.819  1.92%     -    0s
H    0     0                    220233.50000 217788.819  1.11%     -    0s
H    0     0                    217847.00000 217796.750  0.02%     -    0s
     0     0 217796.750    0  236 217847.000 217796.750  0.02%     -    0s
     0     0 217796.750    0  106 217847.000 217796.750  0.02%     -    0s
H    0     0                    217842.00000 217796.750  0.02%     -    0s
     0     0 217805.000    0   31 217842.000 217805.000  0.02%     -    0s
H    0     0                    217835.00000 217805.000  0.01%     -    0s
H    0     0                    217817.00000 217805.000  0.01%     -    0s

Cutting planes:
  Gomory: 3
  Clique: 1
  Zero half: 16
  RLT: 18
  BQP: 52

Explored 1 nodes (3549 simplex iterations) in 0.44 seconds (1.05 work units)
Thread count was 10 (of 10 available processors)

Solution count 8: 217817 217835 217842 ... 223257

Optimal solution found (tolerance 1.00e-04)
Best objective 2.178170000000e+05, best bound 2.178050000000e+05, gap 0.0055%
Solução ótima encontrada.
Set parameter TimeLimit to value 25200
Set parameter TimeLimit to value 600
Gurobi Optimizer version 10.0.2 build v10.0.2rc0 (mac64[arm])

CPU model: Apple M5
Thread count: 10 physical cores, 10 logical processors, using up to 10 threads

Optimize a model with 548706 rows, 284763 columns and 1341935 nonzeros
Model fingerprint: 0x58109236
Variable types: 0 continuous, 284763 integer (264707 binary)
Coefficient statistics:
  Matrix range     [1e+00, 8e+01]
  Objective range  [5e-01, 2e+03]
  Bounds range     [1e+00, 1e+00]
  RHS range        [1e+00, 1e+02]

User MIP start produced solution with objective 217817 (0.11s)
Loaded user MIP start with objective 217817
MIP start from previous solve did not produce a new incumbent solution

Presolve removed 543051 rows and 279917 columns
Presolve time: 0.18s
Presolved: 5655 rows, 4846 columns, 15943 nonzeros
Variable types: 0 continuous, 4846 integer (4846 binary)

Root relaxation: objective 2.177051e+05, 2504 iterations, 0.04 seconds (0.08 work units)

    Nodes    |    Current Node    |     Objective Bounds      |     Work
 Expl Unexpl |  Obj  Depth IntInf | Incumbent    BestBd   Gap | It/Node Time

     0     0 217705.063    0  416 217817.000 217705.063  0.05%     -    0s
     0     0 217716.095    0  350 217817.000 217716.095  0.05%     -    0s
     0     0 217716.095    0  350 217817.000 217716.095  0.05%     -    0s
     0     0 217716.095    0  151 217817.000 217716.095  0.05%     -    0s
H    0     0                    217809.50000 217716.095  0.04%     -    0s
     0     0 217736.250    0  110 217809.500 217736.250  0.03%     -    0s
     0     0 217744.464    0  140 217809.500 217744.464  0.03%     -    0s
     0     0 217744.833    0  168 217809.500 217744.833  0.03%     -    0s
H    0     0                    217794.50000 217744.833  0.02%     -    0s
     0     0 217747.083    0  151 217794.500 217747.083  0.02%     -    0s
H    0     0                    217790.50000 217747.083  0.02%     -    0s
     0     0 217753.148    0  136 217790.500 217753.148  0.02%     -    0s
     0     0 217753.148    0  117 217790.500 217753.148  0.02%     -    0s
H    0     0                    217784.50000 217753.148  0.01%     -    0s
     0     0 217767.750    0   87 217784.500 217767.750  0.01%     -    0s

Cutting planes:
  Gomory: 4
  Clique: 22
  MIR: 3
  Zero half: 19
  RLT: 6
  BQP: 10

Explored 1 nodes (5175 simplex iterations) in 0.47 seconds (1.10 work units)
Thread count was 10 (of 10 available processors)

Solution count 5: 217784 217790 217794 ... 217817

Optimal solution found (tolerance 1.00e-04)
Best objective 2.177845000000e+05, best bound 2.177680000000e+05, gap 0.0076%
Solução ótima encontrada.
Set parameter TimeLimit to value 25200
Set parameter TimeLimit to value 600
Gurobi Optimizer version 10.0.2 build v10.0.2rc0 (mac64[arm])

CPU model: Apple M5
Thread count: 10 physical cores, 10 logical processors, using up to 10 threads

Optimize a model with 548706 rows, 284763 columns and 1341935 nonzeros
Model fingerprint: 0xe2763014
Variable types: 0 continuous, 284763 integer (264707 binary)
Coefficient statistics:
  Matrix range     [1e+00, 8e+01]
  Objective range  [5e-01, 2e+03]
  Bounds range     [1e+00, 1e+00]
  RHS range        [1e+00, 1e+02]

User MIP start produced solution with objective 217784 (0.11s)
Loaded user MIP start with objective 217784
MIP start from previous solve did not produce a new incumbent solution

Presolve removed 531141 rows and 272387 columns
Presolve time: 0.19s
Presolved: 17565 rows, 12376 columns, 50438 nonzeros
Variable types: 0 continuous, 12376 integer (12376 binary)
Found heuristic solution: objective 217634.50000

Root relaxation: objective 2.171210e+05, 14923 iterations, 0.60 seconds (1.48 work units)

    Nodes    |    Current Node    |     Objective Bounds      |     Work
 Expl Unexpl |  Obj  Depth IntInf | Incumbent    BestBd   Gap | It/Node Time

     0     0 217121.000    0  578 217634.500 217121.000  0.24%     -    1s
H    0     0                    217422.50000 217196.556  0.10%     -    1s
     0     0 217196.556    0  943 217422.500 217196.556  0.10%     -    1s
     0     0 217263.585    0 1177 217422.500 217263.585  0.07%     -    2s
     0     0 217263.585    0  536 217422.500 217263.585  0.07%     -    2s
     0     0 217263.585    0  872 217422.500 217263.585  0.07%     -    3s
     0     0 217263.585    0  846 217422.500 217263.585  0.07%     -    3s
     0     0 217263.585    0  857 217422.500 217263.585  0.07%     -    3s
     0     0 217263.585    0  807 217422.500 217263.585  0.07%     -    3s
     0     0 217265.111    0  956 217422.500 217265.111  0.07%     -    3s
     0     0 217265.111    0  952 217422.500 217265.111  0.07%     -    3s
     0     0 217267.636    0 1032 217422.500 217267.636  0.07%     -    3s
     0     0 217267.704    0 1035 217422.500 217267.704  0.07%     -    3s
     0     0 217268.799    0 1001 217422.500 217268.799  0.07%     -    3s
     0     0 217268.810    0  973 217422.500 217268.810  0.07%     -    3s
     0     0 217268.872    0  971 217422.500 217268.872  0.07%     -    3s
     0     0 217321.398    0  903 217422.500 217321.398  0.05%     -    4s
     0     0 217322.133    0  894 217422.500 217322.133  0.05%     -    4s
     0     0 217322.427    0  910 217422.500 217322.427  0.05%     -    4s
     0     0 217322.460    0  891 217422.500 217322.460  0.05%     -    4s
     0     0 217322.507    0  866 217422.500 217322.507  0.05%     -    4s
     0     0 217327.217    0  879 217422.500 217327.217  0.04%     -    4s
     0     0 217328.786    0  888 217422.500 217328.786  0.04%     -    4s
     0     0 217328.978    0  865 217422.500 217328.978  0.04%     -    4s
H    0     0                    217417.50000 217328.978  0.04%     -    4s
     0     0 217329.007    0  864 217417.500 217329.007  0.04%     -    4s
     0     0 217340.808    0  966 217417.500 217340.808  0.04%     -    4s
     0     0 217340.808    0  317 217417.500 217340.808  0.04%     -    4s
     0     0 217340.808    0  375 217417.500 217340.808  0.04%     -    4s
     0     0 217340.808    0  376 217417.500 217340.808  0.04%     -    4s
     0     0 217350.644    0  375 217417.500 217350.644  0.03%     -    4s
     0     0 217350.644    0  379 217417.500 217350.644  0.03%     -    4s
     0     0 217356.896    0  367 217417.500 217356.896  0.03%     -    4s
     0     0 217356.959    0  380 217417.500 217356.959  0.03%     -    4s
     0     0 217356.959    0  380 217417.500 217356.959  0.03%     -    4s
     0     0 217356.981    0  370 217417.500 217356.981  0.03%     -    4s
     0     0 217377.273    0  380 217417.500 217377.273  0.02%     -    4s
     0     0 217380.000    0   80 217417.500 217380.000  0.02%     -    4s
     0     0 217385.000    0   50 217417.500 217385.000  0.01%     -    4s
     0     0 217390.833    0   85 217417.500 217390.833  0.01%     -    4s
     0     0 217390.833    0   28 217417.500 217390.833  0.01%     -    4s
H    0     0                    217397.50000 217390.833  0.00%     -    4s

Explored 1 nodes (67541 simplex iterations) in 4.69 seconds (10.05 work units)
Thread count was 10 (of 10 available processors)

Solution count 5: 217398 217418 217422 ... 217784

Optimal solution found (tolerance 1.00e-04)
Best objective 2.173975000000e+05, best bound 2.173925000000e+05, gap 0.0023%
Solução ótima encontrada.
Set parameter TimeLimit to value 25200
Set parameter TimeLimit to value 600
Gurobi Optimizer version 10.0.2 build v10.0.2rc0 (mac64[arm])

CPU model: Apple M5
Thread count: 10 physical cores, 10 logical processors, using up to 10 threads

Optimize a model with 548706 rows, 284763 columns and 1341935 nonzeros
Model fingerprint: 0xafe736fd
Variable types: 0 continuous, 284763 integer (264707 binary)
Coefficient statistics:
  Matrix range     [1e+00, 8e+01]
  Objective range  [5e-01, 2e+03]
  Bounds range     [1e+00, 1e+00]
  RHS range        [1e+00, 1e+02]

User MIP start produced solution with objective 217398 (0.11s)
Loaded user MIP start with objective 217398
MIP start from previous solve did not produce a new incumbent solution

Presolve removed 547132 rows and 283427 columns
Presolve time: 0.15s
Presolved: 1574 rows, 1336 columns, 4406 nonzeros
Variable types: 0 continuous, 1336 integer (1336 binary)

Root relaxation: objective 2.173225e+05, 846 iterations, 0.01 seconds (0.02 work units)

    Nodes    |    Current Node    |     Objective Bounds      |     Work
 Expl Unexpl |  Obj  Depth IntInf | Incumbent    BestBd   Gap | It/Node Time

     0     0 217322.500    0  112 217397.500 217322.500  0.03%     -    0s
     0     0 217322.500    0  112 217397.500 217322.500  0.03%     -    0s
     0     0 217322.500    0   38 217397.500 217322.500  0.03%     -    0s
     0     0 217332.500    0   39 217397.500 217332.500  0.03%     -    0s
     0     0 217337.500    0   35 217397.500 217337.500  0.03%     -    0s
     0     0 217367.500    0   51 217397.500 217367.500  0.01%     -    0s
     0     0 217367.500    0   48 217397.500 217367.500  0.01%     -    0s
     0     0 217369.167    0   55 217397.500 217369.167  0.01%     -    0s
     0     0 217370.833    0   61 217397.500 217370.833  0.01%     -    0s
     0     0 217370.833    0   60 217397.500 217370.833  0.01%     -    0s

Cutting planes:
  Gomory: 1
  Clique: 6
  MIR: 4
  Zero half: 17
  RLT: 7
  BQP: 8

Explored 1 nodes (1312 simplex iterations) in 0.31 seconds (0.84 work units)
Thread count was 10 (of 10 available processors)

Solution count 1: 217398 

Optimal solution found (tolerance 1.00e-04)
Best objective 2.173975000000e+05, best bound 2.173975000000e+05, gap 0.0000%
Solução ótima encontrada.
Set parameter TimeLimit to value 25200
Set parameter TimeLimit to value 600
Gurobi Optimizer version 10.0.2 build v10.0.2rc0 (mac64[arm])

CPU model: Apple M5
Thread count: 10 physical cores, 10 logical processors, using up to 10 threads

Optimize a model with 548706 rows, 284763 columns and 1341935 nonzeros
Model fingerprint: 0x402237d5
Variable types: 0 continuous, 284763 integer (264707 binary)
Coefficient statistics:
  Matrix range     [1e+00, 8e+01]
  Objective range  [5e-01, 2e+03]
  Bounds range     [1e+00, 1e+00]
  RHS range        [1e+00, 1e+02]

User MIP start produced solution with objective 217398 (0.12s)
Loaded user MIP start with objective 217398
MIP start from previous solve did not produce a new incumbent solution

Presolve removed 545493 rows and 281839 columns
Presolve time: 0.17s
Presolved: 3213 rows, 2924 columns, 9155 nonzeros
Variable types: 0 continuous, 2924 integer (2924 binary)

Root relaxation: objective 2.164455e+05, 233 iterations, 0.00 seconds (0.00 work units)

    Nodes    |    Current Node    |     Objective Bounds      |     Work
 Expl Unexpl |  Obj  Depth IntInf | Incumbent    BestBd   Gap | It/Node Time

     0     0 216445.500    0   64 217397.500 216445.500  0.44%     -    0s
     0     0 216482.500    0  110 217397.500 216482.500  0.42%     -    0s
     0     0 216639.000    0   90 217397.500 216639.000  0.35%     -    0s
     0     0 216747.500    0   80 217397.500 216747.500  0.30%     -    0s
     0     0 216899.500    0  105 217397.500 216899.500  0.23%     -    0s
     0     0 216899.500    0   95 217397.500 216899.500  0.23%     -    0s
     0     0 216987.500    0   75 217397.500 216987.500  0.19%     -    0s
     0     0 217054.000    0   83 217397.500 217054.000  0.16%     -    0s
     0     0 217078.333    0   98 217397.500 217078.333  0.15%     -    0s
     0     0 217105.000    0   99 217397.500 217105.000  0.13%     -    0s
     0     0 217125.500    0  102 217397.500 217125.500  0.13%     -    0s
     0     0 217275.000    0  102 217397.500 217275.000  0.06%     -    0s
     0     0 217287.500    0  103 217397.500 217287.500  0.05%     -    0s

Cutting planes:
  Gomory: 1
  Lift-and-project: 2
  MIR: 1
  Inf proof: 1
  Zero half: 7
  RLT: 6
  BQP: 6

Explored 1 nodes (381 simplex iterations) in 0.40 seconds (0.93 work units)
Thread count was 10 (of 10 available processors)

Solution count 1: 217398 

Optimal solution found (tolerance 1.00e-04)
Best objective 2.173975000000e+05, best bound 2.173975000000e+05, gap 0.0000%
Solução ótima encontrada.
Set parameter TimeLimit to value 25200
Set parameter TimeLimit to value 600
Gurobi Optimizer version 10.0.2 build v10.0.2rc0 (mac64[arm])

CPU model: Apple M5
Thread count: 10 physical cores, 10 logical processors, using up to 10 threads

Optimize a model with 548706 rows, 284763 columns and 1341935 nonzeros
Model fingerprint: 0x58931367
Variable types: 0 continuous, 284763 integer (264707 binary)
Coefficient statistics:
  Matrix range     [1e+00, 8e+01]
  Objective range  [5e-01, 2e+03]
  Bounds range     [1e+00, 1e+00]
  RHS range        [1e+00, 1e+02]

User MIP start produced solution with objective 217398 (0.14s)
Loaded user MIP start with objective 217398
MIP start from previous solve did not produce a new incumbent solution

Presolve removed 528028 rows and 268101 columns
Presolve time: 0.28s
Presolved: 20678 rows, 16662 columns, 60187 nonzeros
Variable types: 0 continuous, 16662 integer (16662 binary)

Root relaxation: objective 2.173585e+05, 5911 iterations, 0.20 seconds (0.48 work units)

    Nodes    |    Current Node    |     Objective Bounds      |     Work
 Expl Unexpl |  Obj  Depth IntInf | Incumbent    BestBd   Gap | It/Node Time

     0     0 217358.500    0  768 217397.500 217358.500  0.02%     -    0s
     0     0 217358.500    0  768 217397.500 217358.500  0.02%     -    0s
     0     0 217358.500    0  198 217397.500 217358.500  0.02%     -    0s
     0     0 217366.000    0  270 217397.500 217366.000  0.01%     -    0s
     0     0 217366.333    0  292 217397.500 217366.333  0.01%     -    1s
     0     0 217366.333    0  280 217397.500 217366.333  0.01%     -    1s
     0     0 217377.500    0  120 217397.500 217377.500  0.01%     -    1s

Cutting planes:
  Gomory: 4
  Zero half: 15
  RLT: 17
  BQP: 10

Explored 1 nodes (13304 simplex iterations) in 1.02 seconds (2.40 work units)
Thread count was 10 (of 10 available processors)

Solution count 1: 217398 

Optimal solution found (tolerance 1.00e-04)
Best objective 2.173975000000e+05, best bound 2.173775000000e+05, gap 0.0092%
Solução ótima encontrada.
Set parameter TimeLimit to value 25200
Set parameter TimeLimit to value 600
Gurobi Optimizer version 10.0.2 build v10.0.2rc0 (mac64[arm])

CPU model: Apple M5
Thread count: 10 physical cores, 10 logical processors, using up to 10 threads

Optimize a model with 548706 rows, 284763 columns and 1341935 nonzeros
Model fingerprint: 0x74306047
Variable types: 0 continuous, 284763 integer (264707 binary)
Coefficient statistics:
  Matrix range     [1e+00, 8e+01]
  Objective range  [5e-01, 2e+03]
  Bounds range     [1e+00, 1e+00]
  RHS range        [1e+00, 1e+02]

User MIP start produced solution with objective 217398 (0.12s)
Loaded user MIP start with objective 217398
MIP start from previous solve did not produce a new incumbent solution

Presolve removed 529397 rows and 269567 columns
Presolve time: 0.25s
Presolved: 19309 rows, 15196 columns, 55481 nonzeros
Variable types: 0 continuous, 15196 integer (15196 binary)

Root relaxation: objective 2.173758e+05, 2838 iterations, 0.08 seconds (0.21 work units)

    Nodes    |    Current Node    |     Objective Bounds      |     Work
 Expl Unexpl |  Obj  Depth IntInf | Incumbent    BestBd   Gap | It/Node Time

     0     0 217375.833    0  329 217397.500 217375.833  0.01%     -    0s

Explored 1 nodes (3611 simplex iterations) in 0.51 seconds (1.36 work units)
Thread count was 10 (of 10 available processors)

Solution count 1: 217398 

Optimal solution found (tolerance 1.00e-04)
Best objective 2.173975000000e+05, best bound 2.173758333333e+05, gap 0.0100%
Solução ótima encontrada.
Set parameter TimeLimit to value 25200
Set parameter TimeLimit to value 600
Gurobi Optimizer version 10.0.2 build v10.0.2rc0 (mac64[arm])

CPU model: Apple M5
Thread count: 10 physical cores, 10 logical processors, using up to 10 threads

Optimize a model with 548706 rows, 284763 columns and 1341935 nonzeros
Model fingerprint: 0x8e6ffc55
Variable types: 0 continuous, 284763 integer (264707 binary)
Coefficient statistics:
  Matrix range     [1e+00, 8e+01]
  Objective range  [5e-01, 2e+03]
  Bounds range     [1e+00, 1e+00]
  RHS range        [1e+00, 1e+02]

User MIP start produced solution with objective 217398 (0.11s)
Loaded user MIP start with objective 217398
MIP start from previous solve did not produce a new incumbent solution

Presolve removed 534948 rows and 273283 columns
Presolve time: 0.24s
Presolved: 13758 rows, 11480 columns, 40155 nonzeros
Variable types: 0 continuous, 11480 integer (11480 binary)

Root relaxation: objective 2.172925e+05, 8391 iterations, 0.28 seconds (0.58 work units)

    Nodes    |    Current Node    |     Objective Bounds      |     Work
 Expl Unexpl |  Obj  Depth IntInf | Incumbent    BestBd   Gap | It/Node Time

     0     0 217292.500    0  407 217397.500 217292.500  0.05%     -    0s
     0     0 217292.500    0  407 217397.500 217292.500  0.05%     -    0s
     0     0 217292.500    0  119 217397.500 217292.500  0.05%     -    0s
     0     0 217297.500    0  128 217397.500 217297.500  0.05%     -    0s
     0     0 217299.000    0   73 217397.500 217299.000  0.05%     -    0s
     0     0 217299.875    0  186 217397.500 217299.875  0.04%     -    0s
     0     0 217300.000    0  130 217397.500 217300.000  0.04%     -    0s
     0     0 217300.000    0  107 217397.500 217300.000  0.04%     -    0s
     0     0 217300.846    0  161 217397.500 217300.846  0.04%     -    0s
     0     0 217300.923    0   82 217397.500 217300.923  0.04%     -    0s
     0     0 217300.923    0  118 217397.500 217300.923  0.04%     -    0s
     0     0 217300.923    0  117 217397.500 217300.923  0.04%     -    0s
     0     0 217300.923    0   95 217397.500 217300.923  0.04%     -    0s
     0     0 217300.923    0  136 217397.500 217300.923  0.04%     -    0s
     0     0 217301.250    0  118 217397.500 217301.250  0.04%     -    0s
     0     0 217301.250    0  122 217397.500 217301.250  0.04%     -    0s
     0     0 217301.250    0  141 217397.500 217301.250  0.04%     -    0s
     0     0 217301.250    0  130 217397.500 217301.250  0.04%     -    0s
     0     0 217301.583    0  122 217397.500 217301.583  0.04%     -    0s
     0     0 217301.583    0  131 217397.500 217301.583  0.04%     -    0s
     0     0 217301.583    0  129 217397.500 217301.583  0.04%     -    0s
     0     2 217301.750    0  119 217397.500 217301.750  0.04%     -    0s

Cutting planes:
  Gomory: 1
  Lift-and-project: 4
  MIR: 3
  Inf proof: 4
  Zero half: 26
  RLT: 16
  BQP: 27

Explored 6987 nodes (215495 simplex iterations) in 2.63 seconds (4.68 work units)
Thread count was 10 (of 10 available processors)

Solution count 1: 217398 

Optimal solution found (tolerance 1.00e-04)
Best objective 2.173975000000e+05, best bound 2.173975000000e+05, gap 0.0000%
Solução ótima encontrada.
Set parameter TimeLimit to value 25200
Set parameter TimeLimit to value 600
Gurobi Optimizer version 10.0.2 build v10.0.2rc0 (mac64[arm])

CPU model: Apple M5
Thread count: 10 physical cores, 10 logical processors, using up to 10 threads

Optimize a model with 548706 rows, 284763 columns and 1341935 nonzeros
Model fingerprint: 0x51d73c15
Variable types: 0 continuous, 284763 integer (264707 binary)
Coefficient statistics:
  Matrix range     [1e+00, 8e+01]
  Objective range  [5e-01, 2e+03]
  Bounds range     [1e+00, 1e+00]
  RHS range        [1e+00, 1e+02]

User MIP start produced solution with objective 217398 (0.10s)
Loaded user MIP start with objective 217398
MIP start from previous solve did not produce a new incumbent solution

Presolve removed 531939 rows and 271155 columns
Presolve time: 0.24s
Presolved: 16767 rows, 13608 columns, 49406 nonzeros
Variable types: 0 continuous, 13608 integer (13608 binary)

Root relaxation: objective 2.166575e+05, 2673 iterations, 0.04 seconds (0.09 work units)

    Nodes    |    Current Node    |     Objective Bounds      |     Work
 Expl Unexpl |  Obj  Depth IntInf | Incumbent    BestBd   Gap | It/Node Time

     0     0 216657.500    0  604 217397.500 216657.500  0.34%     -    0s
     0     0 216716.361    0  805 217397.500 216716.361  0.31%     -    0s
     0     0 216834.125    0  615 217397.500 216834.125  0.26%     -    0s
     0     0 216834.679    0  629 217397.500 216834.679  0.26%     -    0s
     0     0 216849.750    0  606 217397.500 216849.750  0.25%     -    0s
     0     0 216856.167    0  706 217397.500 216856.167  0.25%     -    0s
     0     0 216856.167    0  707 217397.500 216856.167  0.25%     -    0s
     0     0 216894.500    0  513 217397.500 216894.500  0.23%     -    1s
     0     0 216895.250    0  546 217397.500 216895.250  0.23%     -    1s
     0     0 216895.583    0  495 217397.500 216895.583  0.23%     -    1s
     0     0 216948.633    0  664 217397.500 216948.633  0.21%     -    1s
     0     0 216980.625    0  516 217397.500 216980.625  0.19%     -    1s
     0     0 217382.778    0  647 217397.500 217382.778  0.01%     -    1s

Cutting planes:
  Gomory: 4
  Clique: 105
  Zero half: 20
  RLT: 7
  BQP: 11

Explored 1 nodes (16325 simplex iterations) in 1.67 seconds (3.19 work units)
Thread count was 10 (of 10 available processors)

Solution count 1: 217398 

Optimal solution found (tolerance 1.00e-04)
Best objective 2.173975000000e+05, best bound 2.173827777778e+05, gap 0.0068%
Solução ótima encontrada.
Set parameter TimeLimit to value 25200
Set parameter TimeLimit to value 600
Gurobi Optimizer version 10.0.2 build v10.0.2rc0 (mac64[arm])

CPU model: Apple M5
Thread count: 10 physical cores, 10 logical processors, using up to 10 threads

Optimize a model with 548706 rows, 284763 columns and 1341935 nonzeros
Model fingerprint: 0xb517e6fe
Variable types: 0 continuous, 284763 integer (264707 binary)
Coefficient statistics:
  Matrix range     [1e+00, 8e+01]
  Objective range  [5e-01, 2e+03]
  Bounds range     [1e+00, 1e+00]
  RHS range        [1e+00, 1e+02]

User MIP start produced solution with objective 217398 (0.11s)
Loaded user MIP start with objective 217398
MIP start from previous solve did not produce a new incumbent solution

Presolve removed 531147 rows and 271051 columns
Presolve time: 0.17s
Presolved: 17559 rows, 13712 columns, 49418 nonzeros
Variable types: 0 continuous, 13712 integer (13712 binary)

Root relaxation: objective 2.172575e+05, 3537 iterations, 0.07 seconds (0.15 work units)

    Nodes    |    Current Node    |     Objective Bounds      |     Work
 Expl Unexpl |  Obj  Depth IntInf | Incumbent    BestBd   Gap | It/Node Time

     0     0 217257.500    0  434 217397.500 217257.500  0.06%     -    0s
     0     0 217257.500    0  434 217397.500 217257.500  0.06%     -    0s
     0     0 217257.500    0  206 217397.500 217257.500  0.06%     -    0s
     0     0 217288.800    0  211 217397.500 217288.800  0.05%     -    0s
     0     0 217307.500    0  247 217397.500 217307.500  0.04%     -    0s
     0     0 217307.562    0  253 217397.500 217307.562  0.04%     -    0s
     0     0 217309.000    0  244 217397.500 217309.000  0.04%     -    0s
     0     0 217332.500    0  222 217397.500 217332.500  0.03%     -    0s
     0     0 217332.500    0  145 217397.500 217332.500  0.03%     -    0s
     0     0 217332.500    0  159 217397.500 217332.500  0.03%     -    0s
     0     0 217332.500    0  164 217397.500 217332.500  0.03%     -    0s
     0     0 217332.500    0  163 217397.500 217332.500  0.03%     -    0s

Cutting planes:
  Gomory: 3
  Clique: 1
  Zero half: 27
  RLT: 8
  BQP: 5

Explored 1 nodes (6447 simplex iterations) in 0.59 seconds (1.37 work units)
Thread count was 10 (of 10 available processors)

Solution count 1: 217398 

Optimal solution found (tolerance 1.00e-04)
Best objective 2.173975000000e+05, best bound 2.173875000000e+05, gap 0.0046%
Solução ótima encontrada.
Set parameter TimeLimit to value 25200
Set parameter TimeLimit to value 600
Gurobi Optimizer version 10.0.2 build v10.0.2rc0 (mac64[arm])

CPU model: Apple M5
Thread count: 10 physical cores, 10 logical processors, using up to 10 threads

Optimize a model with 548706 rows, 284763 columns and 1341935 nonzeros
Model fingerprint: 0x3a778815
Variable types: 0 continuous, 284763 integer (264707 binary)
Coefficient statistics:
  Matrix range     [1e+00, 8e+01]
  Objective range  [5e-01, 2e+03]
  Bounds range     [1e+00, 1e+00]
  RHS range        [1e+00, 1e+02]

User MIP start produced solution with objective 217398 (0.12s)
Loaded user MIP start with objective 217398
MIP start from previous solve did not produce a new incumbent solution

Presolve removed 530462 rows and 271109 columns
Presolve time: 0.27s
Presolved: 18244 rows, 13654 columns, 52199 nonzeros
Variable types: 0 continuous, 13654 integer (13654 binary)

Root relaxation: objective 2.169846e+05, 16841 iterations, 0.68 seconds (1.34 work units)

    Nodes    |    Current Node    |     Objective Bounds      |     Work
 Expl Unexpl |  Obj  Depth IntInf | Incumbent    BestBd   Gap | It/Node Time

     0     0 216984.571    0  838 217397.500 216984.571  0.19%     -    1s
     0     0 217101.945    0 1119 217397.500 217101.945  0.14%     -    1s
     0     0 217103.434    0 1163 217397.500 217103.434  0.14%     -    1s
     0     0 217103.434    0 1142 217397.500 217103.434  0.14%     -    1s
     0     0 217103.434    0 1122 217397.500 217103.434  0.14%     -    1s
     0     0 217103.434    0 1122 217397.500 217103.434  0.14%     -    1s
     0     0 217161.008    0 1234 217397.500 217161.008  0.11%     -    2s
     0     0 217161.008    0  804 217397.500 217161.008  0.11%     -    3s
     0     0 217161.008    0  804 217397.500 217161.008  0.11%     -    3s
     0     0 217161.008    0  799 217397.500 217161.008  0.11%     -    3s
     0     0 217161.008    0  801 217397.500 217161.008  0.11%     -    3s
     0     0 217212.038    0 1361 217397.500 217212.038  0.09%     -    4s
     0     0 217224.718    0 1029 217397.500 217224.718  0.08%     -    4s
     0     0 217226.088    0 1007 217397.500 217226.088  0.08%     -    4s
     0     0 217227.771    0 1245 217397.500 217227.771  0.08%     -    4s
     0     0 217239.333    0 1269 217397.500 217239.333  0.07%     -    4s
     0     0 217240.639    0 1083 217397.500 217240.639  0.07%     -    4s
     0     0 217240.650    0 1072 217397.500 217240.650  0.07%     -    4s
     0     0 217241.259    0 1069 217397.500 217241.259  0.07%     -    4s
     0     0 217241.386    0 1068 217397.500 217241.386  0.07%     -    4s
     0     0 217241.450    0 1071 217397.500 217241.450  0.07%     -    4s
     0     0 217241.621    0 1071 217397.500 217241.621  0.07%     -    4s
     0     0 217303.652    0 1152 217397.500 217303.652  0.04%     -    5s
     0     0 217303.652    0  449 217397.500 217303.652  0.04%     -    5s
     0     0 217317.500    0  585 217397.500 217317.500  0.04%     -    5s
     0     0 217318.370    0  616 217397.500 217318.370  0.04%     -    5s
     0     0 217318.399    0  631 217397.500 217318.399  0.04%     -    5s
     0     0 217318.518    0  606 217397.500 217318.518  0.04%     -    5s
     0     0 217348.006    0  626 217397.500 217348.006  0.02%     -    5s
     0     0 217348.341    0  549 217397.500 217348.341  0.02%     -    5s
     0     0 217348.602    0  547 217397.500 217348.602  0.02%     -    5s
     0     0 217349.986    0  534 217397.500 217349.986  0.02%     -    5s
     0     0 217350.000    0  537 217397.500 217350.000  0.02%     -    5s
     0     0 217350.096    0  552 217397.500 217350.096  0.02%     -    5s
     0     0 217380.289    0  622 217397.500 217380.289  0.01%     -    5s

Cutting planes:
  Gomory: 4
  Clique: 6
  Zero half: 60
  RLT: 42
  BQP: 103

Explored 1 nodes (64492 simplex iterations) in 5.53 seconds (11.72 work units)
Thread count was 10 (of 10 available processors)

Solution count 1: 217398 

Optimal solution found (tolerance 1.00e-04)
Best objective 2.173975000000e+05, best bound 2.173805000000e+05, gap 0.0078%
Solução ótima encontrada.
Set parameter TimeLimit to value 25200
Set parameter TimeLimit to value 600
Gurobi Optimizer version 10.0.2 build v10.0.2rc0 (mac64[arm])

CPU model: Apple M5
Thread count: 10 physical cores, 10 logical processors, using up to 10 threads

Optimize a model with 548706 rows, 284763 columns and 1341935 nonzeros
Model fingerprint: 0x4b629ae7
Variable types: 0 continuous, 284763 integer (264707 binary)
Coefficient statistics:
  Matrix range     [1e+00, 8e+01]
  Objective range  [5e-01, 2e+03]
  Bounds range     [1e+00, 1e+00]
  RHS range        [1e+00, 1e+02]

User MIP start produced solution with objective 217398 (0.11s)
Loaded user MIP start with objective 217398
MIP start from previous solve did not produce a new incumbent solution

Presolve removed 536821 rows and 275346 columns
Presolve time: 0.24s
Presolved: 11885 rows, 9417 columns, 34349 nonzeros
Variable types: 0 continuous, 9417 integer (9417 binary)

Root relaxation: objective 2.173650e+05, 7400 iterations, 0.31 seconds (0.82 work units)

    Nodes    |    Current Node    |     Objective Bounds      |     Work
 Expl Unexpl |  Obj  Depth IntInf | Incumbent    BestBd   Gap | It/Node Time

     0     0 217365.000    0  277 217397.500 217365.000  0.01%     -    0s
     0     0 217370.000    0  279 217397.500 217370.000  0.01%     -    0s
     0     0 217370.000    0  279 217397.500 217370.000  0.01%     -    0s
     0     0 217382.500    0   59 217397.500 217382.500  0.01%     -    0s

Explored 1 nodes (17259 simplex iterations) in 0.99 seconds (2.55 work units)
Thread count was 10 (of 10 available processors)

Solution count 1: 217398 

Optimal solution found (tolerance 1.00e-04)
Best objective 2.173975000000e+05, best bound 2.173825000000e+05, gap 0.0069%
Solução ótima encontrada.
Set parameter TimeLimit to value 25200
Set parameter TimeLimit to value 600
Gurobi Optimizer version 10.0.2 build v10.0.2rc0 (mac64[arm])

CPU model: Apple M5
Thread count: 10 physical cores, 10 logical processors, using up to 10 threads

Optimize a model with 548706 rows, 284763 columns and 1341935 nonzeros
Model fingerprint: 0x38b35ac7
Variable types: 0 continuous, 284763 integer (264707 binary)
Coefficient statistics:
  Matrix range     [1e+00, 8e+01]
  Objective range  [5e-01, 2e+03]
  Bounds range     [1e+00, 1e+00]
  RHS range        [1e+00, 1e+02]

User MIP start produced solution with objective 217398 (0.12s)
Loaded user MIP start with objective 217398
MIP start from previous solve did not produce a new incumbent solution

Presolve removed 542652 rows and 279673 columns
Presolve time: 0.20s
Presolved: 6054 rows, 5090 columns, 17124 nonzeros
Variable types: 0 continuous, 5090 integer (5090 binary)

Root relaxation: objective 2.173775e+05, 986 iterations, 0.01 seconds (0.02 work units)

    Nodes    |    Current Node    |     Objective Bounds      |     Work
 Expl Unexpl |  Obj  Depth IntInf | Incumbent    BestBd   Gap | It/Node Time

     0     0 217377.500    0   66 217397.500 217377.500  0.01%     -    0s

Explored 1 nodes (1242 simplex iterations) in 0.36 seconds (0.93 work units)
Thread count was 10 (of 10 available processors)

Solution count 1: 217398 

Optimal solution found (tolerance 1.00e-04)
Best objective 2.173975000000e+05, best bound 2.173775000000e+05, gap 0.0092%
Solução ótima encontrada.
Set parameter TimeLimit to value 25200
Set parameter TimeLimit to value 600
Gurobi Optimizer version 10.0.2 build v10.0.2rc0 (mac64[arm])

CPU model: Apple M5
Thread count: 10 physical cores, 10 logical processors, using up to 10 threads

Optimize a model with 548706 rows, 284763 columns and 1341935 nonzeros
Model fingerprint: 0x28f6ce2d
Variable types: 0 continuous, 284763 integer (264707 binary)
Coefficient statistics:
  Matrix range     [1e+00, 8e+01]
  Objective range  [5e-01, 2e+03]
  Bounds range     [1e+00, 1e+00]
  RHS range        [1e+00, 1e+02]

User MIP start produced solution with objective 217398 (0.11s)
Loaded user MIP start with objective 217398
MIP start from previous solve did not produce a new incumbent solution

Presolve removed 543392 rows and 280298 columns
Presolve time: 0.19s
Presolved: 5314 rows, 4465 columns, 15007 nonzeros
Variable types: 0 continuous, 4465 integer (4465 binary)

Root relaxation: objective 2.173699e+05, 1792 iterations, 0.02 seconds (0.04 work units)

    Nodes    |    Current Node    |     Objective Bounds      |     Work
 Expl Unexpl |  Obj  Depth IntInf | Incumbent    BestBd   Gap | It/Node Time

     0     0 217369.917    0  321 217397.500 217369.917  0.01%     -    0s
     0     0 217370.000    0  218 217397.500 217370.000  0.01%     -    0s
     0     0 217370.000    0  218 217397.500 217370.000  0.01%     -    0s
     0     0 217379.220    0  101 217397.500 217379.220  0.01%     -    0s

Explored 1 nodes (2541 simplex iterations) in 0.39 seconds (0.98 work units)
Thread count was 10 (of 10 available processors)

Solution count 1: 217398 

Optimal solution found (tolerance 1.00e-04)
Best objective 2.173975000000e+05, best bound 2.173795000000e+05, gap 0.0083%
Solução ótima encontrada.
Set parameter TimeLimit to value 25200
Set parameter TimeLimit to value 600
Gurobi Optimizer version 10.0.2 build v10.0.2rc0 (mac64[arm])

CPU model: Apple M5
Thread count: 10 physical cores, 10 logical processors, using up to 10 threads

Optimize a model with 548706 rows, 284763 columns and 1341935 nonzeros
Model fingerprint: 0xc4e0dced
Variable types: 0 continuous, 284763 integer (264707 binary)
Coefficient statistics:
  Matrix range     [1e+00, 8e+01]
  Objective range  [5e-01, 2e+03]
  Bounds range     [1e+00, 1e+00]
  RHS range        [1e+00, 1e+02]

User MIP start produced solution with objective 217398 (0.11s)
Loaded user MIP start with objective 217398
MIP start from previous solve did not produce a new incumbent solution

Presolve removed 543051 rows and 279917 columns
Presolve time: 0.19s
Presolved: 5655 rows, 4846 columns, 15943 nonzeros
Variable types: 0 continuous, 4846 integer (4846 binary)

Root relaxation: objective 2.173181e+05, 2358 iterations, 0.04 seconds (0.06 work units)

    Nodes    |    Current Node    |     Objective Bounds      |     Work
 Expl Unexpl |  Obj  Depth IntInf | Incumbent    BestBd   Gap | It/Node Time

     0     0 217318.063    0  416 217397.500 217318.063  0.04%     -    0s
     0     0 217329.095    0  359 217397.500 217329.095  0.03%     -    0s
     0     0 217329.214    0  350 217397.500 217329.214  0.03%     -    0s
     0     0 217329.214    0  143 217397.500 217329.214  0.03%     -    0s
     0     0 217350.833    0   98 217397.500 217350.833  0.02%     -    0s
     0     0 217360.167    0  135 217397.500 217360.167  0.02%     -    0s
     0     0 217360.167    0  118 217397.500 217360.167  0.02%     -    0s
     0     0 217380.000    0   67 217397.500 217380.000  0.01%     -    0s

Cutting planes:
  Gomory: 3
  Clique: 25
  Zero half: 16
  RLT: 10
  BQP: 5

Explored 1 nodes (4706 simplex iterations) in 0.45 seconds (1.06 work units)
Thread count was 10 (of 10 available processors)

Solution count 1: 217398 

Optimal solution found (tolerance 1.00e-04)
Best objective 2.173975000000e+05, best bound 2.173800000000e+05, gap 0.0080%
Solução ótima encontrada.
Set parameter TimeLimit to value 25200
Set parameter TimeLimit to value 600
Gurobi Optimizer version 10.0.2 build v10.0.2rc0 (mac64[arm])

CPU model: Apple M5
Thread count: 10 physical cores, 10 logical processors, using up to 10 threads

Optimize a model with 548706 rows, 284763 columns and 1341935 nonzeros
Model fingerprint: 0xfd752b6d
Variable types: 0 continuous, 284763 integer (264707 binary)
Coefficient statistics:
  Matrix range     [1e+00, 8e+01]
  Objective range  [5e-01, 2e+03]
  Bounds range     [1e+00, 1e+00]
  RHS range        [1e+00, 1e+02]

User MIP start produced solution with objective 217398 (0.12s)
Loaded user MIP start with objective 217398
MIP start from previous solve did not produce a new incumbent solution

Presolve removed 531141 rows and 272387 columns
Presolve time: 0.20s
Presolved: 17565 rows, 12376 columns, 50438 nonzeros
Variable types: 0 continuous, 12376 integer (12376 binary)

Root relaxation: objective 2.171210e+05, 14923 iterations, 0.60 seconds (1.48 work units)

    Nodes    |    Current Node    |     Objective Bounds      |     Work
 Expl Unexpl |  Obj  Depth IntInf | Incumbent    BestBd   Gap | It/Node Time

     0     0 217121.000    0  578 217397.500 217121.000  0.13%     -    1s
     0     0 217195.033    0  870 217397.500 217195.033  0.09%     -    1s
     0     0 217195.033    0  542 217397.500 217195.033  0.09%     -    2s
     0     0 217200.382    0  906 217397.500 217200.382  0.09%     -    2s
     0     0 217200.382    0  886 217397.500 217200.382  0.09%     -    2s
     0     0 217204.144    0  928 217397.500 217204.144  0.09%     -    2s
     0     0 217204.343    0  930 217397.500 217204.343  0.09%     -    2s
     0     0 217242.746    0 1057 217397.500 217242.746  0.07%     -    3s
     0     0 217242.774    0 1025 217397.500 217242.774  0.07%     -    3s
     0     0 217242.860    0 1049 217397.500 217242.860  0.07%     -    3s
     0     0 217244.753    0 1076 217397.500 217244.753  0.07%     -    3s
     0     0 217244.753    0 1077 217397.500 217244.753  0.07%     -    3s
     0     0 217245.179    0 1093 217397.500 217245.179  0.07%     -    3s
     0     0 217245.197    0 1093 217397.500 217245.197  0.07%     -    3s
     0     0 217266.111    0  713 217397.500 217266.111  0.06%     -    3s
     0     0 217270.990    0 1090 217397.500 217270.990  0.06%     -    3s
     0     0 217271.652    0 1073 217397.500 217271.652  0.06%     -    3s
     0     0 217272.351    0  965 217397.500 217272.351  0.06%     -    3s
     0     0 217272.351    0  965 217397.500 217272.351  0.06%     -    3s
     0     0 217272.983    0  983 217397.500 217272.983  0.06%     -    3s
     0     0 217273.026    0  990 217397.500 217273.026  0.06%     -    3s
     0     0 217273.036    0  999 217397.500 217273.036  0.06%     -    3s
     0     0 217312.452    0 1087 217397.500 217312.452  0.04%     -    4s
     0     0 217312.452    0  287 217397.500 217312.452  0.04%     -    4s
     0     0 217344.038    0  384 217397.500 217344.038  0.02%     -    4s
     0     0 217382.500    0  131 217397.500 217382.500  0.01%     -    4s

Cutting planes:
  Gomory: 2
  Clique: 44
  MIR: 7
  Zero half: 51
  RLT: 23
  BQP: 13

Explored 1 nodes (61695 simplex iterations) in 4.30 seconds (9.12 work units)
Thread count was 10 (of 10 available processors)

Solution count 1: 217398 

Optimal solution found (tolerance 1.00e-04)
Best objective 2.173975000000e+05, best bound 2.173825000000e+05, gap 0.0069%
Solução ótima encontrada.
Set parameter TimeLimit to value 25200
Set parameter TimeLimit to value 600
Gurobi Optimizer version 10.0.2 build v10.0.2rc0 (mac64[arm])

CPU model: Apple M5
Thread count: 10 physical cores, 10 logical processors, using up to 10 threads

Optimize a model with 548706 rows, 284763 columns and 1341935 nonzeros
Model fingerprint: 0xafe736fd
Variable types: 0 continuous, 284763 integer (264707 binary)
Coefficient statistics:
  Matrix range     [1e+00, 8e+01]
  Objective range  [5e-01, 2e+03]
  Bounds range     [1e+00, 1e+00]
  RHS range        [1e+00, 1e+02]

User MIP start produced solution with objective 217398 (0.11s)
Loaded user MIP start with objective 217398
MIP start from previous solve did not produce a new incumbent solution

Presolve removed 547132 rows and 283427 columns
Presolve time: 0.15s
Presolved: 1574 rows, 1336 columns, 4406 nonzeros
Variable types: 0 continuous, 1336 integer (1336 binary)

Root relaxation: objective 2.173225e+05, 846 iterations, 0.01 seconds (0.02 work units)

    Nodes    |    Current Node    |     Objective Bounds      |     Work
 Expl Unexpl |  Obj  Depth IntInf | Incumbent    BestBd   Gap | It/Node Time

     0     0 217322.500    0  112 217397.500 217322.500  0.03%     -    0s
     0     0 217322.500    0  112 217397.500 217322.500  0.03%     -    0s
     0     0 217322.500    0   38 217397.500 217322.500  0.03%     -    0s
     0     0 217332.500    0   39 217397.500 217332.500  0.03%     -    0s
     0     0 217337.500    0   35 217397.500 217337.500  0.03%     -    0s
     0     0 217367.500    0   51 217397.500 217367.500  0.01%     -    0s
     0     0 217367.500    0   48 217397.500 217367.500  0.01%     -    0s
     0     0 217369.167    0   55 217397.500 217369.167  0.01%     -    0s
     0     0 217370.833    0   61 217397.500 217370.833  0.01%     -    0s
     0     0 217370.833    0   60 217397.500 217370.833  0.01%     -    0s

Cutting planes:
  Gomory: 1
  Clique: 6
  MIR: 4
  Zero half: 17
  RLT: 7
  BQP: 8

Explored 1 nodes (1312 simplex iterations) in 0.31 seconds (0.84 work units)
Thread count was 10 (of 10 available processors)

Solution count 1: 217398 

Optimal solution found (tolerance 1.00e-04)
Best objective 2.173975000000e+05, best bound 2.173975000000e+05, gap 0.0000%
Solução ótima encontrada.
Set parameter TimeLimit to value 25200
Set parameter TimeLimit to value 600
Gurobi Optimizer version 10.0.2 build v10.0.2rc0 (mac64[arm])

CPU model: Apple M5
Thread count: 10 physical cores, 10 logical processors, using up to 10 threads

Optimize a model with 548706 rows, 284763 columns and 1341935 nonzeros
Model fingerprint: 0x402237d5
Variable types: 0 continuous, 284763 integer (264707 binary)
Coefficient statistics:
  Matrix range     [1e+00, 8e+01]
  Objective range  [5e-01, 2e+03]
  Bounds range     [1e+00, 1e+00]
  RHS range        [1e+00, 1e+02]

User MIP start produced solution with objective 217398 (0.11s)
Loaded user MIP start with objective 217398
MIP start from previous solve did not produce a new incumbent solution

Presolve removed 545493 rows and 281839 columns
Presolve time: 0.18s
Presolved: 3213 rows, 2924 columns, 9155 nonzeros
Variable types: 0 continuous, 2924 integer (2924 binary)

Root relaxation: objective 2.164455e+05, 233 iterations, 0.00 seconds (0.00 work units)

    Nodes    |    Current Node    |     Objective Bounds      |     Work
 Expl Unexpl |  Obj  Depth IntInf | Incumbent    BestBd   Gap | It/Node Time

     0     0 216445.500    0   64 217397.500 216445.500  0.44%     -    0s
     0     0 216482.500    0  110 217397.500 216482.500  0.42%     -    0s
     0     0 216639.000    0   90 217397.500 216639.000  0.35%     -    0s
     0     0 216747.500    0   80 217397.500 216747.500  0.30%     -    0s
     0     0 216899.500    0  105 217397.500 216899.500  0.23%     -    0s
     0     0 216899.500    0   95 217397.500 216899.500  0.23%     -    0s
     0     0 216987.500    0   75 217397.500 216987.500  0.19%     -    0s
     0     0 217054.000    0   83 217397.500 217054.000  0.16%     -    0s
     0     0 217078.333    0   98 217397.500 217078.333  0.15%     -    0s
     0     0 217105.000    0   99 217397.500 217105.000  0.13%     -    0s
     0     0 217125.500    0  102 217397.500 217125.500  0.13%     -    0s
     0     0 217275.000    0  102 217397.500 217275.000  0.06%     -    0s
     0     0 217287.500    0  103 217397.500 217287.500  0.05%     -    0s

Cutting planes:
  Gomory: 1
  Lift-and-project: 2
  MIR: 1
  Inf proof: 1
  Zero half: 7
  RLT: 6
  BQP: 6

Explored 1 nodes (381 simplex iterations) in 0.39 seconds (0.93 work units)
Thread count was 10 (of 10 available processors)

Solution count 1: 217398 

Optimal solution found (tolerance 1.00e-04)
Best objective 2.173975000000e+05, best bound 2.173975000000e+05, gap 0.0000%
Solução ótima encontrada.
RESULTADO_JSON={"arquivo_log_csv": "resultados/experimentos/ordem_cursos_3s/historico_maior_demanda2.csv", "arquivo_log_json": "resultados/experimentos/ordem_cursos_3s/historico_maior_demanda2.json", "arquivo_melhor_solucao": "resultados/experimentos/ordem_cursos_3s/melhor_maior_demanda2.sol", "etapa": "fix_and_optimize_cursos", "ganho_absoluto": 3046927.5, "historico": [{"ciclo": 1, "curso": "PED", "disciplinas_livres": 56, "iteracao": 1, "melhorou": true, "objetivo_anterior": 3264325.0, "objetivo_candidato": 2827433.0, "objetivo_incumbente": 2827433.0, "ordem_cursos": "maior-demanda", "passada": 1, "posicao_ordem_curso": 1, "recurso": "PED", "seed_ordem_cursos": null, "status_solver": "OPTIMAL", "tempo_gasto_s": 3.81, "tempo_limite_subproblema_s": 600.0, "tempo_solver_s": 3.58, "variaveis_x_fixadas": 82202, "variaveis_x_livres": 12788, "vizinhanca": "curso"}, {"ciclo": 1, "curso": "AGRO", "disciplinas_livres": 51, "iteracao": 2, "melhorou": true, "objetivo_anterior": 2827433.0, "objetivo_candidato": 2524991.0, "objetivo_incumbente": 2524991.0, "ordem_cursos": "maior-demanda", "passada": 1, "posicao_ordem_curso": 2, "recurso": "AGRO", "seed_ordem_cursos": null, "status_solver": "OPTIMAL", "tempo_gasto_s": 2.39, "tempo_limite_subproblema_s": 600.0, "tempo_solver_s": 2.04, "variaveis_x_fixadas": 86250, "variaveis_x_livres": 8740, "vizinhanca": "curso"}, {"ciclo": 1, "curso": "ADM", "disciplinas_livres": 48, "iteracao": 3, "melhorou": true, "objetivo_anterior": 2524991.0, "objetivo_candidato": 2189094.5, "objetivo_incumbente": 2189094.5, "ordem_cursos": "maior-demanda", "passada": 1, "posicao_ordem_curso": 3, "recurso": "ADM", "seed_ordem_cursos": null, "status_solver": "OPTIMAL", "tempo_gasto_s": 2.35, "tempo_limite_subproblema_s": 600.0, "tempo_solver_s": 2.01, "variaveis_x_fixadas": 85698, "variaveis_x_livres": 9292, "vizinhanca": "curso"}, {"ciclo": 1, "curso": "CC", "disciplinas_livres": 47, "iteracao": 4, "melhorou": true, "objetivo_anterior": 2189094.5, "objetivo_candidato": 1752218.5, "objetivo_incumbente": 1752218.5, "ordem_cursos": "maior-demanda", "passada": 1, "posicao_ordem_curso": 4, "recurso": "CC", "seed_ordem_cursos": null, "status_solver": "OPTIMAL", "tempo_gasto_s": 21.45, "tempo_limite_subproblema_s": 600.0, "tempo_solver_s": 21.1, "variaveis_x_fixadas": 84456, "variaveis_x_livres": 10534, "vizinhanca": "curso"}, {"ciclo": 1, "curso": "EAS", "disciplinas_livres": 45, "iteracao": 5, "melhorou": true, "objetivo_anterior": 1752218.5, "objetivo_candidato": 1579406.5, "objetivo_incumbente": 1579406.5, "ordem_cursos": "maior-demanda", "passada": 1, "posicao_ordem_curso": 5, "recurso": "EAS", "seed_ordem_cursos": null, "status_solver": "OPTIMAL", "tempo_gasto_s": 1.18, "tempo_limite_subproblema_s": 600.0, "tempo_solver_s": 0.83, "variaveis_x_fixadas": 87538, "variaveis_x_livres": 7452, "vizinhanca": "curso"}, {"ciclo": 1, "curso": "MED", "disciplinas_livres": 41, "iteracao": 6, "melhorou": true, "objetivo_anterior": 1579406.5, "objetivo_candidato": 1305133.5, "objetivo_incumbente": 1305133.5, "ordem_cursos": "maior-demanda", "passada": 1, "posicao_ordem_curso": 6, "recurso": "MED", "seed_ordem_cursos": null, "status_solver": "OPTIMAL", "tempo_gasto_s": 70.95, "tempo_limite_subproblema_s": 600.0, "tempo_solver_s": 70.55, "variaveis_x_fixadas": 85606, "variaveis_x_livres": 9384, "vizinhanca": "curso"}, {"ciclo": 1, "curso": "LET", "disciplinas_livres": 36, "iteracao": 7, "melhorou": true, "objetivo_anterior": 1305133.5, "objetivo_candidato": 1027761.5, "objetivo_incumbente": 1027761.5, "ordem_cursos": "maior-demanda", "passada": 1, "posicao_ordem_curso": 7, "recurso": "LET", "seed_ordem_cursos": null, "status_solver": "OPTIMAL", "tempo_gasto_s": 21.26, "tempo_limite_subproblema_s": 600.0, "tempo_solver_s": 20.85, "variaveis_x_fixadas": 85836, "variaveis_x_livres": 9154, "vizinhanca": "curso"}, {"ciclo": 1, "curso": "HIS", "disciplinas_livres": 24, "iteracao": 8, "melhorou": true, "objetivo_anterior": 1027761.5, "objetivo_candidato": 887913.5, "objetivo_incumbente": 887913.5, "ordem_cursos": "maior-demanda", "passada": 1, "posicao_ordem_curso": 8, "recurso": "HIS", "seed_ordem_cursos": null, "status_solver": "OPTIMAL", "tempo_gasto_s": 0.83, "tempo_limite_subproblema_s": 600.0, "tempo_solver_s": 0.43, "variaveis_x_fixadas": 90206, "variaveis_x_livres": 4784, "vizinhanca": "curso"}, {"ciclo": 1, "curso": "MAT", "disciplinas_livres": 23, "iteracao": 9, "melhorou": true, "objetivo_anterior": 887913.5, "objetivo_candidato": 735912.5, "objetivo_incumbente": 735912.5, "ordem_cursos": "maior-demanda", "passada": 1, "posicao_ordem_curso": 9, "recurso": "MAT", "seed_ordem_cursos": null, "status_solver": "OPTIMAL", "tempo_gasto_s": 1.0, "tempo_limite_subproblema_s": 600.0, "tempo_solver_s": 0.6, "variaveis_x_fixadas": 90022, "variaveis_x_livres": 4968, "vizinhanca": "curso"}, {"ciclo": 1, "curso": "CS", "disciplinas_livres": 22, "iteracao": 10, "melhorou": true, "objetivo_anterior": 735912.5, "objetivo_candidato": 613565.5, "objetivo_incumbente": 613565.5, "ordem_cursos": "maior-demanda", "passada": 1, "posicao_ordem_curso": 10, "recurso": "CS", "seed_ordem_cursos": null, "status_solver": "OPTIMAL", "tempo_gasto_s": 1.45, "tempo_limite_subproblema_s": 600.0, "tempo_solver_s": 1.02, "variaveis_x_fixadas": 90436, "variaveis_x_livres": 4554, "vizinhanca": "curso"}, {"ciclo": 1, "curso": "ENF", "disciplinas_livres": 18, "iteracao": 11, "melhorou": true, "objetivo_anterior": 613565.5, "objetivo_candidato": 332518.5, "objetivo_incumbente": 332518.5, "ordem_cursos": "maior-demanda", "passada": 1, "posicao_ordem_curso": 11, "recurso": "ENF", "seed_ordem_cursos": null, "status_solver": "OPTIMAL", "tempo_gasto_s": 12.81, "tempo_limite_subproblema_s": 600.0, "tempo_solver_s": 12.41, "variaveis_x_fixadas": 86480, "variaveis_x_livres": 8510, "vizinhanca": "curso"}, {"ciclo": 1, "curso": "FIL", "disciplinas_livres": 15, "iteracao": 12, "melhorou": true, "objetivo_anterior": 332518.5, "objetivo_candidato": 258173.5, "objetivo_incumbente": 258173.5, "ordem_cursos": "maior-demanda", "passada": 1, "posicao_ordem_curso": 12, "recurso": "FIL", "seed_ordem_cursos": null, "status_solver": "OPTIMAL", "tempo_gasto_s": 0.81, "tempo_limite_subproblema_s": 600.0, "tempo_solver_s": 0.41, "variaveis_x_fixadas": 92230, "variaveis_x_livres": 2760, "vizinhanca": "curso"}, {"ciclo": 1, "curso": "GEO", "disciplinas_livres": 10, "iteracao": 13, "melhorou": true, "objetivo_anterior": 258173.5, "objetivo_candidato": 224368.5, "objetivo_incumbente": 224368.5, "ordem_cursos": "maior-demanda", "passada": 1, "posicao_ordem_curso": 13, "recurso": "GEO", "seed_ordem_cursos": null, "status_solver": "OPTIMAL", "tempo_gasto_s": 0.76, "tempo_limite_subproblema_s": 600.0, "tempo_solver_s": 0.38, "variaveis_x_fixadas": 92920, "variaveis_x_livres": 2070, "vizinhanca": "curso"}, {"ciclo": 1, "curso": "PED", "disciplinas_livres": 56, "iteracao": 1, "melhorou": true, "objetivo_anterior": 224368.5, "objetivo_candidato": 224108.5, "objetivo_incumbente": 224108.5, "ordem_cursos": "maior-demanda", "passada": 2, "posicao_ordem_curso": 1, "recurso": "PED", "seed_ordem_cursos": null, "status_solver": "OPTIMAL", "tempo_gasto_s": 2.75, "tempo_limite_subproblema_s": 600.0, "tempo_solver_s": 2.35, "variaveis_x_fixadas": 82202, "variaveis_x_livres": 12788, "vizinhanca": "curso"}, {"ciclo": 1, "curso": "AGRO", "disciplinas_livres": 51, "iteracao": 2, "melhorou": true, "objetivo_anterior": 224108.5, "objetivo_candidato": 224088.5, "objetivo_incumbente": 224088.5, "ordem_cursos": "maior-demanda", "passada": 2, "posicao_ordem_curso": 2, "recurso": "AGRO", "seed_ordem_cursos": null, "status_solver": "OPTIMAL", "tempo_gasto_s": 0.92, "tempo_limite_subproblema_s": 600.0, "tempo_solver_s": 0.53, "variaveis_x_fixadas": 86250, "variaveis_x_livres": 8740, "vizinhanca": "curso"}, {"ciclo": 1, "curso": "ADM", "disciplinas_livres": 48, "iteracao": 3, "melhorou": true, "objetivo_anterior": 224088.5, "objetivo_candidato": 224073.5, "objetivo_incumbente": 224073.5, "ordem_cursos": "maior-demanda", "passada": 2, "posicao_ordem_curso": 3, "recurso": "ADM", "seed_ordem_cursos": null, "status_solver": "OPTIMAL", "tempo_gasto_s": 1.84, "tempo_limite_subproblema_s": 600.0, "tempo_solver_s": 1.48, "variaveis_x_fixadas": 85698, "variaveis_x_livres": 9292, "vizinhanca": "curso"}, {"ciclo": 1, "curso": "CC", "disciplinas_livres": 47, "iteracao": 4, "melhorou": false, "objetivo_anterior": 224073.5, "objetivo_candidato": 224073.5, "objetivo_incumbente": 224073.5, "ordem_cursos": "maior-demanda", "passada": 2, "posicao_ordem_curso": 4, "recurso": "CC", "seed_ordem_cursos": null, "status_solver": "OPTIMAL", "tempo_gasto_s": 2.08, "tempo_limite_subproblema_s": 600.0, "tempo_solver_s": 1.7, "variaveis_x_fixadas": 84456, "variaveis_x_livres": 10534, "vizinhanca": "curso"}, {"ciclo": 1, "curso": "EAS", "disciplinas_livres": 45, "iteracao": 5, "melhorou": true, "objetivo_anterior": 224073.5, "objetivo_candidato": 223263.5, "objetivo_incumbente": 223263.5, "ordem_cursos": "maior-demanda", "passada": 2, "posicao_ordem_curso": 5, "recurso": "EAS", "seed_ordem_cursos": null, "status_solver": "OPTIMAL", "tempo_gasto_s": 1.24, "tempo_limite_subproblema_s": 600.0, "tempo_solver_s": 0.86, "variaveis_x_fixadas": 87538, "variaveis_x_livres": 7452, "vizinhanca": "curso"}, {"ciclo": 1, "curso": "MED", "disciplinas_livres": 41, "iteracao": 6, "melhorou": true, "objetivo_anterior": 223263.5, "objetivo_candidato": 223257.0, "objetivo_incumbente": 223257.0, "ordem_cursos": "maior-demanda", "passada": 2, "posicao_ordem_curso": 6, "recurso": "MED", "seed_ordem_cursos": null, "status_solver": "OPTIMAL", "tempo_gasto_s": 6.21, "tempo_limite_subproblema_s": 600.0, "tempo_solver_s": 5.8, "variaveis_x_fixadas": 85606, "variaveis_x_livres": 9384, "vizinhanca": "curso"}, {"ciclo": 1, "curso": "LET", "disciplinas_livres": 36, "iteracao": 7, "melhorou": false, "objetivo_anterior": 223257.0, "objetivo_candidato": 223257.0, "objetivo_incumbente": 223257.0, "ordem_cursos": "maior-demanda", "passada": 2, "posicao_ordem_curso": 7, "recurso": "LET", "seed_ordem_cursos": null, "status_solver": "OPTIMAL", "tempo_gasto_s": 1.24, "tempo_limite_subproblema_s": 600.0, "tempo_solver_s": 0.88, "variaveis_x_fixadas": 85836, "variaveis_x_livres": 9154, "vizinhanca": "curso"}, {"ciclo": 1, "curso": "HIS", "disciplinas_livres": 24, "iteracao": 8, "melhorou": false, "objetivo_anterior": 223257.0, "objetivo_candidato": 223257.0, "objetivo_incumbente": 223257.0, "ordem_cursos": "maior-demanda", "passada": 2, "posicao_ordem_curso": 8, "recurso": "HIS", "seed_ordem_cursos": null, "status_solver": "OPTIMAL", "tempo_gasto_s": 0.7, "tempo_limite_subproblema_s": 600.0, "tempo_solver_s": 0.34, "variaveis_x_fixadas": 90206, "variaveis_x_livres": 4784, "vizinhanca": "curso"}, {"ciclo": 1, "curso": "MAT", "disciplinas_livres": 23, "iteracao": 9, "melhorou": true, "objetivo_anterior": 223257.0, "objetivo_candidato": 217817.0, "objetivo_incumbente": 217817.0, "ordem_cursos": "maior-demanda", "passada": 2, "posicao_ordem_curso": 9, "recurso": "MAT", "seed_ordem_cursos": null, "status_solver": "OPTIMAL", "tempo_gasto_s": 0.81, "tempo_limite_subproblema_s": 600.0, "tempo_solver_s": 0.45, "variaveis_x_fixadas": 90022, "variaveis_x_livres": 4968, "vizinhanca": "curso"}, {"ciclo": 1, "curso": "CS", "disciplinas_livres": 22, "iteracao": 10, "melhorou": true, "objetivo_anterior": 217817.0, "objetivo_candidato": 217784.5, "objetivo_incumbente": 217784.5, "ordem_cursos": "maior-demanda", "passada": 2, "posicao_ordem_curso": 10, "recurso": "CS", "seed_ordem_cursos": null, "status_solver": "OPTIMAL", "tempo_gasto_s": 0.85, "tempo_limite_subproblema_s": 600.0, "tempo_solver_s": 0.47, "variaveis_x_fixadas": 90436, "variaveis_x_livres": 4554, "vizinhanca": "curso"}, {"ciclo": 1, "curso": "ENF", "disciplinas_livres": 18, "iteracao": 11, "melhorou": true, "objetivo_anterior": 217784.5, "objetivo_candidato": 217397.5, "objetivo_incumbente": 217397.5, "ordem_cursos": "maior-demanda", "passada": 2, "posicao_ordem_curso": 11, "recurso": "ENF", "seed_ordem_cursos": null, "status_solver": "OPTIMAL", "tempo_gasto_s": 5.07, "tempo_limite_subproblema_s": 600.0, "tempo_solver_s": 4.69, "variaveis_x_fixadas": 86480, "variaveis_x_livres": 8510, "vizinhanca": "curso"}, {"ciclo": 1, "curso": "FIL", "disciplinas_livres": 15, "iteracao": 12, "melhorou": false, "objetivo_anterior": 217397.5, "objetivo_candidato": 217397.5, "objetivo_incumbente": 217397.5, "ordem_cursos": "maior-demanda", "passada": 2, "posicao_ordem_curso": 12, "recurso": "FIL", "seed_ordem_cursos": null, "status_solver": "OPTIMAL", "tempo_gasto_s": 0.68, "tempo_limite_subproblema_s": 600.0, "tempo_solver_s": 0.31, "variaveis_x_fixadas": 92230, "variaveis_x_livres": 2760, "vizinhanca": "curso"}, {"ciclo": 1, "curso": "GEO", "disciplinas_livres": 10, "iteracao": 13, "melhorou": false, "objetivo_anterior": 217397.5, "objetivo_candidato": 217397.5, "objetivo_incumbente": 217397.5, "ordem_cursos": "maior-demanda", "passada": 2, "posicao_ordem_curso": 13, "recurso": "GEO", "seed_ordem_cursos": null, "status_solver": "OPTIMAL", "tempo_gasto_s": 0.82, "tempo_limite_subproblema_s": 600.0, "tempo_solver_s": 0.4, "variaveis_x_fixadas": 92920, "variaveis_x_livres": 2070, "vizinhanca": "curso"}, {"ciclo": 1, "curso": "PED", "disciplinas_livres": 56, "iteracao": 1, "melhorou": false, "objetivo_anterior": 217397.5, "objetivo_candidato": 217397.5, "objetivo_incumbente": 217397.5, "ordem_cursos": "maior-demanda", "passada": 3, "posicao_ordem_curso": 1, "recurso": "PED", "seed_ordem_cursos": null, "status_solver": "OPTIMAL", "tempo_gasto_s": 1.44, "tempo_limite_subproblema_s": 600.0, "tempo_solver_s": 1.02, "variaveis_x_fixadas": 82202, "variaveis_x_livres": 12788, "vizinhanca": "curso"}, {"ciclo": 1, "curso": "AGRO", "disciplinas_livres": 51, "iteracao": 2, "melhorou": false, "objetivo_anterior": 217397.5, "objetivo_candidato": 217397.5, "objetivo_incumbente": 217397.5, "ordem_cursos": "maior-demanda", "passada": 3, "posicao_ordem_curso": 2, "recurso": "AGRO", "seed_ordem_cursos": null, "status_solver": "OPTIMAL", "tempo_gasto_s": 0.9, "tempo_limite_subproblema_s": 600.0, "tempo_solver_s": 0.51, "variaveis_x_fixadas": 86250, "variaveis_x_livres": 8740, "vizinhanca": "curso"}, {"ciclo": 1, "curso": "ADM", "disciplinas_livres": 48, "iteracao": 3, "melhorou": false, "objetivo_anterior": 217397.5, "objetivo_candidato": 217397.5, "objetivo_incumbente": 217397.5, "ordem_cursos": "maior-demanda", "passada": 3, "posicao_ordem_curso": 3, "recurso": "ADM", "seed_ordem_cursos": null, "status_solver": "OPTIMAL", "tempo_gasto_s": 2.98, "tempo_limite_subproblema_s": 600.0, "tempo_solver_s": 2.63, "variaveis_x_fixadas": 85698, "variaveis_x_livres": 9292, "vizinhanca": "curso"}, {"ciclo": 1, "curso": "CC", "disciplinas_livres": 47, "iteracao": 4, "melhorou": false, "objetivo_anterior": 217397.5, "objetivo_candidato": 217397.5, "objetivo_incumbente": 217397.5, "ordem_cursos": "maior-demanda", "passada": 3, "posicao_ordem_curso": 4, "recurso": "CC", "seed_ordem_cursos": null, "status_solver": "OPTIMAL", "tempo_gasto_s": 2.04, "tempo_limite_subproblema_s": 600.0, "tempo_solver_s": 1.68, "variaveis_x_fixadas": 84456, "variaveis_x_livres": 10534, "vizinhanca": "curso"}, {"ciclo": 1, "curso": "EAS", "disciplinas_livres": 45, "iteracao": 5, "melhorou": false, "objetivo_anterior": 217397.5, "objetivo_candidato": 217397.5, "objetivo_incumbente": 217397.5, "ordem_cursos": "maior-demanda", "passada": 3, "posicao_ordem_curso": 5, "recurso": "EAS", "seed_ordem_cursos": null, "status_solver": "OPTIMAL", "tempo_gasto_s": 0.95, "tempo_limite_subproblema_s": 600.0, "tempo_solver_s": 0.59, "variaveis_x_fixadas": 87538, "variaveis_x_livres": 7452, "vizinhanca": "curso"}, {"ciclo": 1, "curso": "MED", "disciplinas_livres": 41, "iteracao": 6, "melhorou": false, "objetivo_anterior": 217397.5, "objetivo_candidato": 217397.5, "objetivo_incumbente": 217397.5, "ordem_cursos": "maior-demanda", "passada": 3, "posicao_ordem_curso": 6, "recurso": "MED", "seed_ordem_cursos": null, "status_solver": "OPTIMAL", "tempo_gasto_s": 5.91, "tempo_limite_subproblema_s": 600.0, "tempo_solver_s": 5.54, "variaveis_x_fixadas": 85606, "variaveis_x_livres": 9384, "vizinhanca": "curso"}, {"ciclo": 1, "curso": "LET", "disciplinas_livres": 36, "iteracao": 7, "melhorou": false, "objetivo_anterior": 217397.5, "objetivo_candidato": 217397.5, "objetivo_incumbente": 217397.5, "ordem_cursos": "maior-demanda", "passada": 3, "posicao_ordem_curso": 7, "recurso": "LET", "seed_ordem_cursos": null, "status_solver": "OPTIMAL", "tempo_gasto_s": 1.36, "tempo_limite_subproblema_s": 600.0, "tempo_solver_s": 1.0, "variaveis_x_fixadas": 85836, "variaveis_x_livres": 9154, "vizinhanca": "curso"}, {"ciclo": 1, "curso": "HIS", "disciplinas_livres": 24, "iteracao": 8, "melhorou": false, "objetivo_anterior": 217397.5, "objetivo_candidato": 217397.5, "objetivo_incumbente": 217397.5, "ordem_cursos": "maior-demanda", "passada": 3, "posicao_ordem_curso": 8, "recurso": "HIS", "seed_ordem_cursos": null, "status_solver": "OPTIMAL", "tempo_gasto_s": 0.76, "tempo_limite_subproblema_s": 600.0, "tempo_solver_s": 0.36, "variaveis_x_fixadas": 90206, "variaveis_x_livres": 4784, "vizinhanca": "curso"}, {"ciclo": 1, "curso": "MAT", "disciplinas_livres": 23, "iteracao": 9, "melhorou": false, "objetivo_anterior": 217397.5, "objetivo_candidato": 217397.5, "objetivo_incumbente": 217397.5, "ordem_cursos": "maior-demanda", "passada": 3, "posicao_ordem_curso": 9, "recurso": "MAT", "seed_ordem_cursos": null, "status_solver": "OPTIMAL", "tempo_gasto_s": 0.75, "tempo_limite_subproblema_s": 600.0, "tempo_solver_s": 0.39, "variaveis_x_fixadas": 90022, "variaveis_x_livres": 4968, "vizinhanca": "curso"}, {"ciclo": 1, "curso": "CS", "disciplinas_livres": 22, "iteracao": 10, "melhorou": false, "objetivo_anterior": 217397.5, "objetivo_candidato": 217397.5, "objetivo_incumbente": 217397.5, "ordem_cursos": "maior-demanda", "passada": 3, "posicao_ordem_curso": 10, "recurso": "CS", "seed_ordem_cursos": null, "status_solver": "OPTIMAL", "tempo_gasto_s": 0.83, "tempo_limite_subproblema_s": 600.0, "tempo_solver_s": 0.45, "variaveis_x_fixadas": 90436, "variaveis_x_livres": 4554, "vizinhanca": "curso"}, {"ciclo": 1, "curso": "ENF", "disciplinas_livres": 18, "iteracao": 11, "melhorou": false, "objetivo_anterior": 217397.5, "objetivo_candidato": 217397.5, "objetivo_incumbente": 217397.5, "ordem_cursos": "maior-demanda", "passada": 3, "posicao_ordem_curso": 11, "recurso": "ENF", "seed_ordem_cursos": null, "status_solver": "OPTIMAL", "tempo_gasto_s": 4.68, "tempo_limite_subproblema_s": 600.0, "tempo_solver_s": 4.31, "variaveis_x_fixadas": 86480, "variaveis_x_livres": 8510, "vizinhanca": "curso"}, {"ciclo": 1, "curso": "FIL", "disciplinas_livres": 15, "iteracao": 12, "melhorou": false, "objetivo_anterior": 217397.5, "objetivo_candidato": 217397.5, "objetivo_incumbente": 217397.5, "ordem_cursos": "maior-demanda", "passada": 3, "posicao_ordem_curso": 12, "recurso": "FIL", "seed_ordem_cursos": null, "status_solver": "OPTIMAL", "tempo_gasto_s": 0.69, "tempo_limite_subproblema_s": 600.0, "tempo_solver_s": 0.31, "variaveis_x_fixadas": 92230, "variaveis_x_livres": 2760, "vizinhanca": "curso"}, {"ciclo": 1, "curso": "GEO", "disciplinas_livres": 10, "iteracao": 13, "melhorou": false, "objetivo_anterior": 217397.5, "objetivo_candidato": 217397.5, "objetivo_incumbente": 217397.5, "ordem_cursos": "maior-demanda", "passada": 3, "posicao_ordem_curso": 13, "recurso": "GEO", "seed_ordem_cursos": null, "status_solver": "OPTIMAL", "tempo_gasto_s": 0.77, "tempo_limite_subproblema_s": 600.0, "tempo_solver_s": 0.39, "variaveis_x_fixadas": 92920, "variaveis_x_livres": 2070, "vizinhanca": "curso"}], "melhorias_aceitas": 21, "objetivo_final": 217397.5, "objetivo_inicial": 3264325.0, "ordem_cursos": "maior-demanda", "passadas_executadas": 3, "seed_ordem_cursos": null, "status": "CONCLUIDO", "tempo_total_s": 197.74, "tipo_vizinhanca": "curso", "total_iteracoes": 39}
{'etapa': 'fix_and_optimize_cursos', 'tipo_vizinhanca': 'curso', 'status': 'CONCLUIDO', 'objetivo_inicial': 3264325.0, 'objetivo_final': 217397.5, 'ganho_absoluto': 3046927.5, 'passadas_executadas': 3, 'total_iteracoes': 39, 'melhorias_aceitas': 21, 'tempo_total_s': 197.74, 'arquivo_melhor_solucao': 'resultados/experimentos/ordem_cursos_3s/melhor_maior_demanda2.sol', 'arquivo_log_csv': 'resultados/experimentos/ordem_cursos_3s/historico_maior_demanda2.csv', 'arquivo_log_json': 'resultados/experimentos/ordem_cursos_3s/historico_maior_demanda2.json', 'ordem_cursos': 'maior-demanda', 'seed_ordem_cursos': None, 'historico': [{'ciclo': 1, 'passada': 1, 'iteracao': 1, 'vizinhanca': 'curso', 'recurso': 'PED', 'disciplinas_livres': 56, 'variaveis_x_livres': 12788, 'variaveis_x_fixadas': 82202, 'status_solver': 'OPTIMAL', 'objetivo_anterior': 3264325.0, 'objetivo_candidato': 2827433.0, 'melhorou': True, 'objetivo_incumbente': 2827433.0, 'tempo_gasto_s': 3.81, 'tempo_solver_s': 3.58, 'tempo_limite_subproblema_s': 600.0, 'curso': 'PED', 'ordem_cursos': 'maior-demanda', 'seed_ordem_cursos': None, 'posicao_ordem_curso': 1}, {'ciclo': 1, 'passada': 1, 'iteracao': 2, 'vizinhanca': 'curso', 'recurso': 'AGRO', 'disciplinas_livres': 51, 'variaveis_x_livres': 8740, 'variaveis_x_fixadas': 86250, 'status_solver': 'OPTIMAL', 'objetivo_anterior': 2827433.0, 'objetivo_candidato': 2524991.0, 'melhorou': True, 'objetivo_incumbente': 2524991.0, 'tempo_gasto_s': 2.39, 'tempo_solver_s': 2.04, 'tempo_limite_subproblema_s': 600.0, 'curso': 'AGRO', 'ordem_cursos': 'maior-demanda', 'seed_ordem_cursos': None, 'posicao_ordem_curso': 2}, {'ciclo': 1, 'passada': 1, 'iteracao': 3, 'vizinhanca': 'curso', 'recurso': 'ADM', 'disciplinas_livres': 48, 'variaveis_x_livres': 9292, 'variaveis_x_fixadas': 85698, 'status_solver': 'OPTIMAL', 'objetivo_anterior': 2524991.0, 'objetivo_candidato': 2189094.5, 'melhorou': True, 'objetivo_incumbente': 2189094.5, 'tempo_gasto_s': 2.35, 'tempo_solver_s': 2.01, 'tempo_limite_subproblema_s': 600.0, 'curso': 'ADM', 'ordem_cursos': 'maior-demanda', 'seed_ordem_cursos': None, 'posicao_ordem_curso': 3}, {'ciclo': 1, 'passada': 1, 'iteracao': 4, 'vizinhanca': 'curso', 'recurso': 'CC', 'disciplinas_livres': 47, 'variaveis_x_livres': 10534, 'variaveis_x_fixadas': 84456, 'status_solver': 'OPTIMAL', 'objetivo_anterior': 2189094.5, 'objetivo_candidato': 1752218.5, 'melhorou': True, 'objetivo_incumbente': 1752218.5, 'tempo_gasto_s': 21.45, 'tempo_solver_s': 21.1, 'tempo_limite_subproblema_s': 600.0, 'curso': 'CC', 'ordem_cursos': 'maior-demanda', 'seed_ordem_cursos': None, 'posicao_ordem_curso': 4}, {'ciclo': 1, 'passada': 1, 'iteracao': 5, 'vizinhanca': 'curso', 'recurso': 'EAS', 'disciplinas_livres': 45, 'variaveis_x_livres': 7452, 'variaveis_x_fixadas': 87538, 'status_solver': 'OPTIMAL', 'objetivo_anterior': 1752218.5, 'objetivo_candidato': 1579406.5, 'melhorou': True, 'objetivo_incumbente': 1579406.5, 'tempo_gasto_s': 1.18, 'tempo_solver_s': 0.83, 'tempo_limite_subproblema_s': 600.0, 'curso': 'EAS', 'ordem_cursos': 'maior-demanda', 'seed_ordem_cursos': None, 'posicao_ordem_curso': 5}, {'ciclo': 1, 'passada': 1, 'iteracao': 6, 'vizinhanca': 'curso', 'recurso': 'MED', 'disciplinas_livres': 41, 'variaveis_x_livres': 9384, 'variaveis_x_fixadas': 85606, 'status_solver': 'OPTIMAL', 'objetivo_anterior': 1579406.5, 'objetivo_candidato': 1305133.5, 'melhorou': True, 'objetivo_incumbente': 1305133.5, 'tempo_gasto_s': 70.95, 'tempo_solver_s': 70.55, 'tempo_limite_subproblema_s': 600.0, 'curso': 'MED', 'ordem_cursos': 'maior-demanda', 'seed_ordem_cursos': None, 'posicao_ordem_curso': 6}, {'ciclo': 1, 'passada': 1, 'iteracao': 7, 'vizinhanca': 'curso', 'recurso': 'LET', 'disciplinas_livres': 36, 'variaveis_x_livres': 9154, 'variaveis_x_fixadas': 85836, 'status_solver': 'OPTIMAL', 'objetivo_anterior': 1305133.5, 'objetivo_candidato': 1027761.5, 'melhorou': True, 'objetivo_incumbente': 1027761.5, 'tempo_gasto_s': 21.26, 'tempo_solver_s': 20.85, 'tempo_limite_subproblema_s': 600.0, 'curso': 'LET', 'ordem_cursos': 'maior-demanda', 'seed_ordem_cursos': None, 'posicao_ordem_curso': 7}, {'ciclo': 1, 'passada': 1, 'iteracao': 8, 'vizinhanca': 'curso', 'recurso': 'HIS', 'disciplinas_livres': 24, 'variaveis_x_livres': 4784, 'variaveis_x_fixadas': 90206, 'status_solver': 'OPTIMAL', 'objetivo_anterior': 1027761.5, 'objetivo_candidato': 887913.5, 'melhorou': True, 'objetivo_incumbente': 887913.5, 'tempo_gasto_s': 0.83, 'tempo_solver_s': 0.43, 'tempo_limite_subproblema_s': 600.0, 'curso': 'HIS', 'ordem_cursos': 'maior-demanda', 'seed_ordem_cursos': None, 'posicao_ordem_curso': 8}, {'ciclo': 1, 'passada': 1, 'iteracao': 9, 'vizinhanca': 'curso', 'recurso': 'MAT', 'disciplinas_livres': 23, 'variaveis_x_livres': 4968, 'variaveis_x_fixadas': 90022, 'status_solver': 'OPTIMAL', 'objetivo_anterior': 887913.5, 'objetivo_candidato': 735912.5, 'melhorou': True, 'objetivo_incumbente': 735912.5, 'tempo_gasto_s': 1.0, 'tempo_solver_s': 0.6, 'tempo_limite_subproblema_s': 600.0, 'curso': 'MAT', 'ordem_cursos': 'maior-demanda', 'seed_ordem_cursos': None, 'posicao_ordem_curso': 9}, {'ciclo': 1, 'passada': 1, 'iteracao': 10, 'vizinhanca': 'curso', 'recurso': 'CS', 'disciplinas_livres': 22, 'variaveis_x_livres': 4554, 'variaveis_x_fixadas': 90436, 'status_solver': 'OPTIMAL', 'objetivo_anterior': 735912.5, 'objetivo_candidato': 613565.5, 'melhorou': True, 'objetivo_incumbente': 613565.5, 'tempo_gasto_s': 1.45, 'tempo_solver_s': 1.02, 'tempo_limite_subproblema_s': 600.0, 'curso': 'CS', 'ordem_cursos': 'maior-demanda', 'seed_ordem_cursos': None, 'posicao_ordem_curso': 10}, {'ciclo': 1, 'passada': 1, 'iteracao': 11, 'vizinhanca': 'curso', 'recurso': 'ENF', 'disciplinas_livres': 18, 'variaveis_x_livres': 8510, 'variaveis_x_fixadas': 86480, 'status_solver': 'OPTIMAL', 'objetivo_anterior': 613565.5, 'objetivo_candidato': 332518.5, 'melhorou': True, 'objetivo_incumbente': 332518.5, 'tempo_gasto_s': 12.81, 'tempo_solver_s': 12.41, 'tempo_limite_subproblema_s': 600.0, 'curso': 'ENF', 'ordem_cursos': 'maior-demanda', 'seed_ordem_cursos': None, 'posicao_ordem_curso': 11}, {'ciclo': 1, 'passada': 1, 'iteracao': 12, 'vizinhanca': 'curso', 'recurso': 'FIL', 'disciplinas_livres': 15, 'variaveis_x_livres': 2760, 'variaveis_x_fixadas': 92230, 'status_solver': 'OPTIMAL', 'objetivo_anterior': 332518.5, 'objetivo_candidato': 258173.5, 'melhorou': True, 'objetivo_incumbente': 258173.5, 'tempo_gasto_s': 0.81, 'tempo_solver_s': 0.41, 'tempo_limite_subproblema_s': 600.0, 'curso': 'FIL', 'ordem_cursos': 'maior-demanda', 'seed_ordem_cursos': None, 'posicao_ordem_curso': 12}, {'ciclo': 1, 'passada': 1, 'iteracao': 13, 'vizinhanca': 'curso', 'recurso': 'GEO', 'disciplinas_livres': 10, 'variaveis_x_livres': 2070, 'variaveis_x_fixadas': 92920, 'status_solver': 'OPTIMAL', 'objetivo_anterior': 258173.5, 'objetivo_candidato': 224368.5, 'melhorou': True, 'objetivo_incumbente': 224368.5, 'tempo_gasto_s': 0.76, 'tempo_solver_s': 0.38, 'tempo_limite_subproblema_s': 600.0, 'curso': 'GEO', 'ordem_cursos': 'maior-demanda', 'seed_ordem_cursos': None, 'posicao_ordem_curso': 13}, {'ciclo': 1, 'passada': 2, 'iteracao': 1, 'vizinhanca': 'curso', 'recurso': 'PED', 'disciplinas_livres': 56, 'variaveis_x_livres': 12788, 'variaveis_x_fixadas': 82202, 'status_solver': 'OPTIMAL', 'objetivo_anterior': 224368.5, 'objetivo_candidato': 224108.5, 'melhorou': True, 'objetivo_incumbente': 224108.5, 'tempo_gasto_s': 2.75, 'tempo_solver_s': 2.35, 'tempo_limite_subproblema_s': 600.0, 'curso': 'PED', 'ordem_cursos': 'maior-demanda', 'seed_ordem_cursos': None, 'posicao_ordem_curso': 1}, {'ciclo': 1, 'passada': 2, 'iteracao': 2, 'vizinhanca': 'curso', 'recurso': 'AGRO', 'disciplinas_livres': 51, 'variaveis_x_livres': 8740, 'variaveis_x_fixadas': 86250, 'status_solver': 'OPTIMAL', 'objetivo_anterior': 224108.5, 'objetivo_candidato': 224088.5, 'melhorou': True, 'objetivo_incumbente': 224088.5, 'tempo_gasto_s': 0.92, 'tempo_solver_s': 0.53, 'tempo_limite_subproblema_s': 600.0, 'curso': 'AGRO', 'ordem_cursos': 'maior-demanda', 'seed_ordem_cursos': None, 'posicao_ordem_curso': 2}, {'ciclo': 1, 'passada': 2, 'iteracao': 3, 'vizinhanca': 'curso', 'recurso': 'ADM', 'disciplinas_livres': 48, 'variaveis_x_livres': 9292, 'variaveis_x_fixadas': 85698, 'status_solver': 'OPTIMAL', 'objetivo_anterior': 224088.5, 'objetivo_candidato': 224073.5, 'melhorou': True, 'objetivo_incumbente': 224073.5, 'tempo_gasto_s': 1.84, 'tempo_solver_s': 1.48, 'tempo_limite_subproblema_s': 600.0, 'curso': 'ADM', 'ordem_cursos': 'maior-demanda', 'seed_ordem_cursos': None, 'posicao_ordem_curso': 3}, {'ciclo': 1, 'passada': 2, 'iteracao': 4, 'vizinhanca': 'curso', 'recurso': 'CC', 'disciplinas_livres': 47, 'variaveis_x_livres': 10534, 'variaveis_x_fixadas': 84456, 'status_solver': 'OPTIMAL', 'objetivo_anterior': 224073.5, 'objetivo_candidato': 224073.5, 'melhorou': False, 'objetivo_incumbente': 224073.5, 'tempo_gasto_s': 2.08, 'tempo_solver_s': 1.7, 'tempo_limite_subproblema_s': 600.0, 'curso': 'CC', 'ordem_cursos': 'maior-demanda', 'seed_ordem_cursos': None, 'posicao_ordem_curso': 4}, {'ciclo': 1, 'passada': 2, 'iteracao': 5, 'vizinhanca': 'curso', 'recurso': 'EAS', 'disciplinas_livres': 45, 'variaveis_x_livres': 7452, 'variaveis_x_fixadas': 87538, 'status_solver': 'OPTIMAL', 'objetivo_anterior': 224073.5, 'objetivo_candidato': 223263.5, 'melhorou': True, 'objetivo_incumbente': 223263.5, 'tempo_gasto_s': 1.24, 'tempo_solver_s': 0.86, 'tempo_limite_subproblema_s': 600.0, 'curso': 'EAS', 'ordem_cursos': 'maior-demanda', 'seed_ordem_cursos': None, 'posicao_ordem_curso': 5}, {'ciclo': 1, 'passada': 2, 'iteracao': 6, 'vizinhanca': 'curso', 'recurso': 'MED', 'disciplinas_livres': 41, 'variaveis_x_livres': 9384, 'variaveis_x_fixadas': 85606, 'status_solver': 'OPTIMAL', 'objetivo_anterior': 223263.5, 'objetivo_candidato': 223257.0, 'melhorou': True, 'objetivo_incumbente': 223257.0, 'tempo_gasto_s': 6.21, 'tempo_solver_s': 5.8, 'tempo_limite_subproblema_s': 600.0, 'curso': 'MED', 'ordem_cursos': 'maior-demanda', 'seed_ordem_cursos': None, 'posicao_ordem_curso': 6}, {'ciclo': 1, 'passada': 2, 'iteracao': 7, 'vizinhanca': 'curso', 'recurso': 'LET', 'disciplinas_livres': 36, 'variaveis_x_livres': 9154, 'variaveis_x_fixadas': 85836, 'status_solver': 'OPTIMAL', 'objetivo_anterior': 223257.0, 'objetivo_candidato': 223257.0, 'melhorou': False, 'objetivo_incumbente': 223257.0, 'tempo_gasto_s': 1.24, 'tempo_solver_s': 0.88, 'tempo_limite_subproblema_s': 600.0, 'curso': 'LET', 'ordem_cursos': 'maior-demanda', 'seed_ordem_cursos': None, 'posicao_ordem_curso': 7}, {'ciclo': 1, 'passada': 2, 'iteracao': 8, 'vizinhanca': 'curso', 'recurso': 'HIS', 'disciplinas_livres': 24, 'variaveis_x_livres': 4784, 'variaveis_x_fixadas': 90206, 'status_solver': 'OPTIMAL', 'objetivo_anterior': 223257.0, 'objetivo_candidato': 223257.0, 'melhorou': False, 'objetivo_incumbente': 223257.0, 'tempo_gasto_s': 0.7, 'tempo_solver_s': 0.34, 'tempo_limite_subproblema_s': 600.0, 'curso': 'HIS', 'ordem_cursos': 'maior-demanda', 'seed_ordem_cursos': None, 'posicao_ordem_curso': 8}, {'ciclo': 1, 'passada': 2, 'iteracao': 9, 'vizinhanca': 'curso', 'recurso': 'MAT', 'disciplinas_livres': 23, 'variaveis_x_livres': 4968, 'variaveis_x_fixadas': 90022, 'status_solver': 'OPTIMAL', 'objetivo_anterior': 223257.0, 'objetivo_candidato': 217817.0, 'melhorou': True, 'objetivo_incumbente': 217817.0, 'tempo_gasto_s': 0.81, 'tempo_solver_s': 0.45, 'tempo_limite_subproblema_s': 600.0, 'curso': 'MAT', 'ordem_cursos': 'maior-demanda', 'seed_ordem_cursos': None, 'posicao_ordem_curso': 9}, {'ciclo': 1, 'passada': 2, 'iteracao': 10, 'vizinhanca': 'curso', 'recurso': 'CS', 'disciplinas_livres': 22, 'variaveis_x_livres': 4554, 'variaveis_x_fixadas': 90436, 'status_solver': 'OPTIMAL', 'objetivo_anterior': 217817.0, 'objetivo_candidato': 217784.5, 'melhorou': True, 'objetivo_incumbente': 217784.5, 'tempo_gasto_s': 0.85, 'tempo_solver_s': 0.47, 'tempo_limite_subproblema_s': 600.0, 'curso': 'CS', 'ordem_cursos': 'maior-demanda', 'seed_ordem_cursos': None, 'posicao_ordem_curso': 10}, {'ciclo': 1, 'passada': 2, 'iteracao': 11, 'vizinhanca': 'curso', 'recurso': 'ENF', 'disciplinas_livres': 18, 'variaveis_x_livres': 8510, 'variaveis_x_fixadas': 86480, 'status_solver': 'OPTIMAL', 'objetivo_anterior': 217784.5, 'objetivo_candidato': 217397.5, 'melhorou': True, 'objetivo_incumbente': 217397.5, 'tempo_gasto_s': 5.07, 'tempo_solver_s': 4.69, 'tempo_limite_subproblema_s': 600.0, 'curso': 'ENF', 'ordem_cursos': 'maior-demanda', 'seed_ordem_cursos': None, 'posicao_ordem_curso': 11}, {'ciclo': 1, 'passada': 2, 'iteracao': 12, 'vizinhanca': 'curso', 'recurso': 'FIL', 'disciplinas_livres': 15, 'variaveis_x_livres': 2760, 'variaveis_x_fixadas': 92230, 'status_solver': 'OPTIMAL', 'objetivo_anterior': 217397.5, 'objetivo_candidato': 217397.5, 'melhorou': False, 'objetivo_incumbente': 217397.5, 'tempo_gasto_s': 0.68, 'tempo_solver_s': 0.31, 'tempo_limite_subproblema_s': 600.0, 'curso': 'FIL', 'ordem_cursos': 'maior-demanda', 'seed_ordem_cursos': None, 'posicao_ordem_curso': 12}, {'ciclo': 1, 'passada': 2, 'iteracao': 13, 'vizinhanca': 'curso', 'recurso': 'GEO', 'disciplinas_livres': 10, 'variaveis_x_livres': 2070, 'variaveis_x_fixadas': 92920, 'status_solver': 'OPTIMAL', 'objetivo_anterior': 217397.5, 'objetivo_candidato': 217397.5, 'melhorou': False, 'objetivo_incumbente': 217397.5, 'tempo_gasto_s': 0.82, 'tempo_solver_s': 0.4, 'tempo_limite_subproblema_s': 600.0, 'curso': 'GEO', 'ordem_cursos': 'maior-demanda', 'seed_ordem_cursos': None, 'posicao_ordem_curso': 13}, {'ciclo': 1, 'passada': 3, 'iteracao': 1, 'vizinhanca': 'curso', 'recurso': 'PED', 'disciplinas_livres': 56, 'variaveis_x_livres': 12788, 'variaveis_x_fixadas': 82202, 'status_solver': 'OPTIMAL', 'objetivo_anterior': 217397.5, 'objetivo_candidato': 217397.5, 'melhorou': False, 'objetivo_incumbente': 217397.5, 'tempo_gasto_s': 1.44, 'tempo_solver_s': 1.02, 'tempo_limite_subproblema_s': 600.0, 'curso': 'PED', 'ordem_cursos': 'maior-demanda', 'seed_ordem_cursos': None, 'posicao_ordem_curso': 1}, {'ciclo': 1, 'passada': 3, 'iteracao': 2, 'vizinhanca': 'curso', 'recurso': 'AGRO', 'disciplinas_livres': 51, 'variaveis_x_livres': 8740, 'variaveis_x_fixadas': 86250, 'status_solver': 'OPTIMAL', 'objetivo_anterior': 217397.5, 'objetivo_candidato': 217397.5, 'melhorou': False, 'objetivo_incumbente': 217397.5, 'tempo_gasto_s': 0.9, 'tempo_solver_s': 0.51, 'tempo_limite_subproblema_s': 600.0, 'curso': 'AGRO', 'ordem_cursos': 'maior-demanda', 'seed_ordem_cursos': None, 'posicao_ordem_curso': 2}, {'ciclo': 1, 'passada': 3, 'iteracao': 3, 'vizinhanca': 'curso', 'recurso': 'ADM', 'disciplinas_livres': 48, 'variaveis_x_livres': 9292, 'variaveis_x_fixadas': 85698, 'status_solver': 'OPTIMAL', 'objetivo_anterior': 217397.5, 'objetivo_candidato': 217397.5, 'melhorou': False, 'objetivo_incumbente': 217397.5, 'tempo_gasto_s': 2.98, 'tempo_solver_s': 2.63, 'tempo_limite_subproblema_s': 600.0, 'curso': 'ADM', 'ordem_cursos': 'maior-demanda', 'seed_ordem_cursos': None, 'posicao_ordem_curso': 3}, {'ciclo': 1, 'passada': 3, 'iteracao': 4, 'vizinhanca': 'curso', 'recurso': 'CC', 'disciplinas_livres': 47, 'variaveis_x_livres': 10534, 'variaveis_x_fixadas': 84456, 'status_solver': 'OPTIMAL', 'objetivo_anterior': 217397.5, 'objetivo_candidato': 217397.5, 'melhorou': False, 'objetivo_incumbente': 217397.5, 'tempo_gasto_s': 2.04, 'tempo_solver_s': 1.68, 'tempo_limite_subproblema_s': 600.0, 'curso': 'CC', 'ordem_cursos': 'maior-demanda', 'seed_ordem_cursos': None, 'posicao_ordem_curso': 4}, {'ciclo': 1, 'passada': 3, 'iteracao': 5, 'vizinhanca': 'curso', 'recurso': 'EAS', 'disciplinas_livres': 45, 'variaveis_x_livres': 7452, 'variaveis_x_fixadas': 87538, 'status_solver': 'OPTIMAL', 'objetivo_anterior': 217397.5, 'objetivo_candidato': 217397.5, 'melhorou': False, 'objetivo_incumbente': 217397.5, 'tempo_gasto_s': 0.95, 'tempo_solver_s': 0.59, 'tempo_limite_subproblema_s': 600.0, 'curso': 'EAS', 'ordem_cursos': 'maior-demanda', 'seed_ordem_cursos': None, 'posicao_ordem_curso': 5}, {'ciclo': 1, 'passada': 3, 'iteracao': 6, 'vizinhanca': 'curso', 'recurso': 'MED', 'disciplinas_livres': 41, 'variaveis_x_livres': 9384, 'variaveis_x_fixadas': 85606, 'status_solver': 'OPTIMAL', 'objetivo_anterior': 217397.5, 'objetivo_candidato': 217397.5, 'melhorou': False, 'objetivo_incumbente': 217397.5, 'tempo_gasto_s': 5.91, 'tempo_solver_s': 5.54, 'tempo_limite_subproblema_s': 600.0, 'curso': 'MED', 'ordem_cursos': 'maior-demanda', 'seed_ordem_cursos': None, 'posicao_ordem_curso': 6}, {'ciclo': 1, 'passada': 3, 'iteracao': 7, 'vizinhanca': 'curso', 'recurso': 'LET', 'disciplinas_livres': 36, 'variaveis_x_livres': 9154, 'variaveis_x_fixadas': 85836, 'status_solver': 'OPTIMAL', 'objetivo_anterior': 217397.5, 'objetivo_candidato': 217397.5, 'melhorou': False, 'objetivo_incumbente': 217397.5, 'tempo_gasto_s': 1.36, 'tempo_solver_s': 1.0, 'tempo_limite_subproblema_s': 600.0, 'curso': 'LET', 'ordem_cursos': 'maior-demanda', 'seed_ordem_cursos': None, 'posicao_ordem_curso': 7}, {'ciclo': 1, 'passada': 3, 'iteracao': 8, 'vizinhanca': 'curso', 'recurso': 'HIS', 'disciplinas_livres': 24, 'variaveis_x_livres': 4784, 'variaveis_x_fixadas': 90206, 'status_solver': 'OPTIMAL', 'objetivo_anterior': 217397.5, 'objetivo_candidato': 217397.5, 'melhorou': False, 'objetivo_incumbente': 217397.5, 'tempo_gasto_s': 0.76, 'tempo_solver_s': 0.36, 'tempo_limite_subproblema_s': 600.0, 'curso': 'HIS', 'ordem_cursos': 'maior-demanda', 'seed_ordem_cursos': None, 'posicao_ordem_curso': 8}, {'ciclo': 1, 'passada': 3, 'iteracao': 9, 'vizinhanca': 'curso', 'recurso': 'MAT', 'disciplinas_livres': 23, 'variaveis_x_livres': 4968, 'variaveis_x_fixadas': 90022, 'status_solver': 'OPTIMAL', 'objetivo_anterior': 217397.5, 'objetivo_candidato': 217397.5, 'melhorou': False, 'objetivo_incumbente': 217397.5, 'tempo_gasto_s': 0.75, 'tempo_solver_s': 0.39, 'tempo_limite_subproblema_s': 600.0, 'curso': 'MAT', 'ordem_cursos': 'maior-demanda', 'seed_ordem_cursos': None, 'posicao_ordem_curso': 9}, {'ciclo': 1, 'passada': 3, 'iteracao': 10, 'vizinhanca': 'curso', 'recurso': 'CS', 'disciplinas_livres': 22, 'variaveis_x_livres': 4554, 'variaveis_x_fixadas': 90436, 'status_solver': 'OPTIMAL', 'objetivo_anterior': 217397.5, 'objetivo_candidato': 217397.5, 'melhorou': False, 'objetivo_incumbente': 217397.5, 'tempo_gasto_s': 0.83, 'tempo_solver_s': 0.45, 'tempo_limite_subproblema_s': 600.0, 'curso': 'CS', 'ordem_cursos': 'maior-demanda', 'seed_ordem_cursos': None, 'posicao_ordem_curso': 10}, {'ciclo': 1, 'passada': 3, 'iteracao': 11, 'vizinhanca': 'curso', 'recurso': 'ENF', 'disciplinas_livres': 18, 'variaveis_x_livres': 8510, 'variaveis_x_fixadas': 86480, 'status_solver': 'OPTIMAL', 'objetivo_anterior': 217397.5, 'objetivo_candidato': 217397.5, 'melhorou': False, 'objetivo_incumbente': 217397.5, 'tempo_gasto_s': 4.68, 'tempo_solver_s': 4.31, 'tempo_limite_subproblema_s': 600.0, 'curso': 'ENF', 'ordem_cursos': 'maior-demanda', 'seed_ordem_cursos': None, 'posicao_ordem_curso': 11}, {'ciclo': 1, 'passada': 3, 'iteracao': 12, 'vizinhanca': 'curso', 'recurso': 'FIL', 'disciplinas_livres': 15, 'variaveis_x_livres': 2760, 'variaveis_x_fixadas': 92230, 'status_solver': 'OPTIMAL', 'objetivo_anterior': 217397.5, 'objetivo_candidato': 217397.5, 'melhorou': False, 'objetivo_incumbente': 217397.5, 'tempo_gasto_s': 0.69, 'tempo_solver_s': 0.31, 'tempo_limite_subproblema_s': 600.0, 'curso': 'FIL', 'ordem_cursos': 'maior-demanda', 'seed_ordem_cursos': None, 'posicao_ordem_curso': 12}, {'ciclo': 1, 'passada': 3, 'iteracao': 13, 'vizinhanca': 'curso', 'recurso': 'GEO', 'disciplinas_livres': 10, 'variaveis_x_livres': 2070, 'variaveis_x_fixadas': 92920, 'status_solver': 'OPTIMAL', 'objetivo_anterior': 217397.5, 'objetivo_candidato': 217397.5, 'melhorou': False, 'objetivo_incumbente': 217397.5, 'tempo_gasto_s': 0.77, 'tempo_solver_s': 0.39, 'tempo_limite_subproblema_s': 600.0, 'curso': 'GEO', 'ordem_cursos': 'maior-demanda', 'seed_ordem_cursos': None, 'posicao_ordem_curso': 13}]}
