ciclo,passada,iteracao,vizinhanca,recurso,disciplinas_livres,variaveis_x_livres,variaveis_x_fixadas,status_solver,objetivo_anterior,objetivo_candidato,melhorou,objetivo_incumbente,tempo_gasto_s,tempo_solver_s,tempo_limite_subproblema_s,dia,turno,curso,ordem_cursos,tipo_registro,parametro_tipo_vizinhanca,parametro_tempo_modelo_inicial_s,parametro_tempo_heuristica_inicial_s,parametro_tempo_subproblema_s,parametro_tempo_total_maximo_s,parametro_apenas_uma_passada,parametro_salvar_candidatos,parametro_ordem_cursos_solicitada,parametro_seed_ordem_cursos_solicitada,parametro_ordem_cursos,parametro_seed_ordem_cursos,parametro_arquivo_horarios,parametro_arquivo_salas,parametro_arquivo_salas_preferenciais,parametro_diretorio_execucao,parametro_arquivo_melhor_solucao,parametro_arquivo_log_csv,parametro_arquivo_log_json,parametro_gurobi_inicial_TimeLimit,parametro_gurobi_inicial_MIPFocus,parametro_gurobi_inicial_NoRelHeurTime,parametro_gurobi_subproblema_TimeLimit,parametro_gurobi_subproblema_MIPFocus,parametro_gurobi_subproblema_NoRelHeurTime
1,1,1,dia_turno_curso,2_M_ADM,81,18538,76452,OPTIMAL,186694.5,186586.5,True,186586.5,3.2,2.96,600.0,2,M,ADM,alfabetica,iteracao,dia_turno_curso,180.0,180.0,600.0,14400.0,False,False,alfabetica,,alfabetica,,./dados/2024_1/horarios_2024_1.xlsx,./dados/2024_1/salas_2024_1.csv,./dados/2024_1/salas_preferenciais_2024.1.xlsx,/Users/robertdrey/Documents/workspace/development/alocador_de_salas,resultados/experimentos/2024_1/dia_turno_curso/20260923_200415/melhor_solucao.sol,resultados/experimentos/2024_1/dia_turno_curso/20260923_200415/historico.csv,resultados/experimentos/2024_1/dia_turno_curso/20260923_200415/historico.json,180.0,1,180.0,600.0,1,0
1,1,2,dia_turno_curso,2_M_AGRO,82,17250,77740,OPTIMAL,186586.5,186583.5,True,186583.5,5.95,5.63,600.0,2,M,AGRO,alfabetica,iteracao,dia_turno_curso,180.0,180.0,600.0,14400.0,False,False,alfabetica,,alfabetica,,./dados/2024_1/horarios_2024_1.xlsx,./dados/2024_1/salas_2024_1.csv,./dados/2024_1/salas_preferenciais_2024.1.xlsx,/Users/robertdrey/Documents/workspace/development/alocador_de_salas,resultados/experimentos/2024_1/dia_turno_curso/20260923_200415/melhor_solucao.sol,resultados/experimentos/2024_1/dia_turno_curso/20260923_200415/historico.csv,resultados/experimentos/2024_1/dia_turno_curso/20260923_200415/historico.json,180.0,1,180.0,600.0,1,0
1,1,3,dia_turno_curso,2_M_EAS,73,16238,78752,OPTIMAL,186583.5,186578.5,True,186578.5,2.25,1.93,600.0,2,M,EAS,alfabetica,iteracao,dia_turno_curso,180.0,180.0,600.0,14400.0,False,False,alfabetica,,alfabetica,,./dados/2024_1/horarios_2024_1.xlsx,./dados/2024_1/salas_2024_1.csv,./dados/2024_1/salas_preferenciais_2024.1.xlsx,/Users/robertdrey/Documents/workspace/development/alocador_de_salas,resultados/experimentos/2024_1/dia_turno_curso/20260923_200415/melhor_solucao.sol,resultados/experimentos/2024_1/dia_turno_curso/20260923_200415/historico.csv,resultados/experimentos/2024_1/dia_turno_curso/20260923_200415/historico.json,180.0,1,180.0,600.0,1,0
1,1,4,dia_turno_curso,2_M_ENF,51,15548,79442,OPTIMAL,186578.5,186360.5,True,186360.5,10.52,10.21,600.0,2,M,ENF,alfabetica,iteracao,dia_turno_curso,180.0,180.0,600.0,14400.0,False,False,alfabetica,,alfabetica,,./dados/2024_1/horarios_2024_1.xlsx,./dados/2024_1/salas_2024_1.csv,./dados/2024_1/salas_preferenciais_2024.1.xlsx,/Users/robertdrey/Documents/workspace/development/alocador_de_salas,resultados/experimentos/2024_1/dia_turno_curso/20260923_200415/melhor_solucao.sol,resultados/experimentos/2024_1/dia_turno_curso/20260923_200415/historico.csv,resultados/experimentos/2024_1/dia_turno_curso/20260923_200415/historico.json,180.0,1,180.0,600.0,1,0
1,1,5,dia_turno_curso,2_M_MED,74,18078,76912,OPTIMAL,186360.5,186360.5,False,186360.5,2.58,2.27,600.0,2,M,MED,alfabetica,iteracao,dia_turno_curso,180.0,180.0,600.0,14400.0,False,False,alfabetica,,alfabetica,,./dados/2024_1/horarios_2024_1.xlsx,./dados/2024_1/salas_2024_1.csv,./dados/2024_1/salas_preferenciais_2024.1.xlsx,/Users/robertdrey/Documents/workspace/development/alocador_de_salas,resultados/experimentos/2024_1/dia_turno_curso/20260923_200415/melhor_solucao.sol,resultados/experimentos/2024_1/dia_turno_curso/20260923_200415/historico.csv,resultados/experimentos/2024_1/dia_turno_curso/20260923_200415/historico.json,180.0,1,180.0,600.0,1,0
1,1,6,dia_turno_curso,2_M_PED,88,21574,73416,OPTIMAL,186360.5,186315.5,True,186315.5,8.17,7.86,600.0,2,M,PED,alfabetica,iteracao,dia_turno_curso,180.0,180.0,600.0,14400.0,False,False,alfabetica,,alfabetica,,./dados/2024_1/horarios_2024_1.xlsx,./dados/2024_1/salas_2024_1.csv,./dados/2024_1/salas_preferenciais_2024.1.xlsx,/Users/robertdrey/Documents/workspace/development/alocador_de_salas,resultados/experimentos/2024_1/dia_turno_curso/20260923_200415/melhor_solucao.sol,resultados/experimentos/2024_1/dia_turno_curso/20260923_200415/historico.csv,resultados/experimentos/2024_1/dia_turno_curso/20260923_200415/historico.json,180.0,1,180.0,600.0,1,0
1,1,7,dia_turno_curso,2_T_AGRO,82,20194,74796,OPTIMAL,186315.5,186315.5,False,186315.5,7.14,6.82,600.0,2,T,AGRO,alfabetica,iteracao,dia_turno_curso,180.0,180.0,600.0,14400.0,False,False,alfabetica,,alfabetica,,./dados/2024_1/horarios_2024_1.xlsx,./dados/2024_1/salas_2024_1.csv,./dados/2024_1/salas_preferenciais_2024.1.xlsx,/Users/robertdrey/Documents/workspace/development/alocador_de_salas,resultados/experimentos/2024_1/dia_turno_curso/20260923_200415/melhor_solucao.sol,resultados/experimentos/2024_1/dia_turno_curso/20260923_200415/historico.csv,resultados/experimentos/2024_1/dia_turno_curso/20260923_200415/historico.json,180.0,1,180.0,600.0,1,0
1,1,8,dia_turno_curso,2_T_CC,70,20010,74980,OPTIMAL,186315.5,186315.5,False,186315.5,2.59,2.28,600.0,2,T,CC,alfabetica,iteracao,dia_turno_curso,180.0,180.0,600.0,14400.0,False,False,alfabetica,,alfabetica,,./dados/2024_1/horarios_2024_1.xlsx,./dados/2024_1/salas_2024_1.csv,./dados/2024_1/salas_preferenciais_2024.1.xlsx,/Users/robertdrey/Documents/workspace/development/alocador_de_salas,resultados/experimentos/2024_1/dia_turno_curso/20260923_200415/melhor_solucao.sol,resultados/experimentos/2024_1/dia_turno_curso/20260923_200415/historico.csv,resultados/experimentos/2024_1/dia_turno_curso/20260923_200415/historico.json,180.0,1,180.0,600.0,1,0
1,1,9,dia_turno_curso,2_T_CS,55,16284,78706,OPTIMAL,186315.5,186315.5,False,186315.5,1.41,1.1,600.0,2,T,CS,alfabetica,iteracao,dia_turno_curso,180.0,180.0,600.0,14400.0,False,False,alfabetica,,alfabetica,,./dados/2024_1/horarios_2024_1.xlsx,./dados/2024_1/salas_2024_1.csv,./dados/2024_1/salas_preferenciais_2024.1.xlsx,/Users/robertdrey/Documents/workspace/development/alocador_de_salas,resultados/experimentos/2024_1/dia_turno_curso/20260923_200415/melhor_solucao.sol,resultados/experimentos/2024_1/dia_turno_curso/20260923_200415/historico.csv,resultados/experimentos/2024_1/dia_turno_curso/20260923_200415/historico.json,180.0,1,180.0,600.0,1,0
1,1,10,dia_turno_curso,2_T_EAS,74,18538,76452,OPTIMAL,186315.5,186305.5,True,186305.5,2.12,1.81,600.0,2,T,EAS,alfabetica,iteracao,dia_turno_curso,180.0,180.0,600.0,14400.0,False,False,alfabetica,,alfabetica,,./dados/2024_1/horarios_2024_1.xlsx,./dados/2024_1/salas_2024_1.csv,./dados/2024_1/salas_preferenciais_2024.1.xlsx,/Users/robertdrey/Documents/workspace/development/alocador_de_salas,resultados/experimentos/2024_1/dia_turno_curso/20260923_200415/melhor_solucao.sol,resultados/experimentos/2024_1/dia_turno_curso/20260923_200415/historico.csv,resultados/experimentos/2024_1/dia_turno_curso/20260923_200415/historico.json,180.0,1,180.0,600.0,1,0
1,1,11,dia_turno_curso,2_T_ENF,47,16422,78568,OPTIMAL,186305.5,186305.5,False,186305.5,5.37,5.06,600.0,2,T,ENF,alfabetica,iteracao,dia_turno_curso,180.0,180.0,600.0,14400.0,False,False,alfabetica,,alfabetica,,./dados/2024_1/horarios_2024_1.xlsx,./dados/2024_1/salas_2024_1.csv,./dados/2024_1/salas_preferenciais_2024.1.xlsx,/Users/robertdrey/Documents/workspace/development/alocador_de_salas,resultados/experimentos/2024_1/dia_turno_curso/20260923_200415/melhor_solucao.sol,resultados/experimentos/2024_1/dia_turno_curso/20260923_200415/historico.csv,resultados/experimentos/2024_1/dia_turno_curso/20260923_200415/historico.json,180.0,1,180.0,600.0,1,0
1,1,12,dia_turno_curso,2_T_GEO,43,13846,81144,OPTIMAL,186305.5,186305.5,False,186305.5,1.16,0.85,600.0,2,T,GEO,alfabetica,iteracao,dia_turno_curso,180.0,180.0,600.0,14400.0,False,False,alfabetica,,alfabetica,,./dados/2024_1/horarios_2024_1.xlsx,./dados/2024_1/salas_2024_1.csv,./dados/2024_1/salas_preferenciais_2024.1.xlsx,/Users/robertdrey/Documents/workspace/development/alocador_de_salas,resultados/experimentos/2024_1/dia_turno_curso/20260923_200415/melhor_solucao.sol,resultados/experimentos/2024_1/dia_turno_curso/20260923_200415/historico.csv,resultados/experimentos/2024_1/dia_turno_curso/20260923_200415/historico.json,180.0,1,180.0,600.0,1,0
1,1,13,dia_turno_curso,2_T_LET,67,19228,75762,OPTIMAL,186305.5,186305.5,False,186305.5,5.1,4.8,600.0,2,T,LET,alfabetica,iteracao,dia_turno_curso,180.0,180.0,600.0,14400.0,False,False,alfabetica,,alfabetica,,./dados/2024_1/horarios_2024_1.xlsx,./dados/2024_1/salas_2024_1.csv,./dados/2024_1/salas_preferenciais_2024.1.xlsx,/Users/robertdrey/Documents/workspace/development/alocador_de_salas,resultados/experimentos/2024_1/dia_turno_curso/20260923_200415/melhor_solucao.sol,resultados/experimentos/2024_1/dia_turno_curso/20260923_200415/historico.csv,resultados/experimentos/2024_1/dia_turno_curso/20260923_200415/historico.json,180.0,1,180.0,600.0,1,0
1,1,14,dia_turno_curso,2_T_MAT,56,16606,78384,OPTIMAL,186305.5,186285.5,True,186285.5,2.03,1.71,600.0,2,T,MAT,alfabetica,iteracao,dia_turno_curso,180.0,180.0,600.0,14400.0,False,False,alfabetica,,alfabetica,,./dados/2024_1/horarios_2024_1.xlsx,./dados/2024_1/salas_2024_1.csv,./dados/2024_1/salas_preferenciais_2024.1.xlsx,/Users/robertdrey/Documents/workspace/development/alocador_de_salas,resultados/experimentos/2024_1/dia_turno_curso/20260923_200415/melhor_solucao.sol,resultados/experimentos/2024_1/dia_turno_curso/20260923_200415/historico.csv,resultados/experimentos/2024_1/dia_turno_curso/20260923_200415/historico.json,180.0,1,180.0,600.0,1,0
1,1,15,dia_turno_curso,2_T_MED,71,20286,74704,OPTIMAL,186285.5,186285.5,False,186285.5,2.49,2.18,600.0,2,T,MED,alfabetica,iteracao,dia_turno_curso,180.0,180.0,600.0,14400.0,False,False,alfabetica,,alfabetica,,./dados/2024_1/horarios_2024_1.xlsx,./dados/2024_1/salas_2024_1.csv,./dados/2024_1/salas_preferenciais_2024.1.xlsx,/Users/robertdrey/Documents/workspace/development/alocador_de_salas,resultados/experimentos/2024_1/dia_turno_curso/20260923_200415/melhor_solucao.sol,resultados/experimentos/2024_1/dia_turno_curso/20260923_200415/historico.csv,resultados/experimentos/2024_1/dia_turno_curso/20260923_200415/historico.json,180.0,1,180.0,600.0,1,0
1,1,16,dia_turno_curso,2_N_ADM,85,18078,76912,OPTIMAL,186285.5,186285.5,False,186285.5,2.53,2.21,600.0,2,N,ADM,alfabetica,iteracao,dia_turno_curso,180.0,180.0,600.0,14400.0,False,False,alfabetica,,alfabetica,,./dados/2024_1/horarios_2024_1.xlsx,./dados/2024_1/salas_2024_1.csv,./dados/2024_1/salas_preferenciais_2024.1.xlsx,/Users/robertdrey/Documents/workspace/development/alocador_de_salas,resultados/experimentos/2024_1/dia_turno_curso/20260923_200415/melhor_solucao.sol,resultados/experimentos/2024_1/dia_turno_curso/20260923_200415/historico.csv,resultados/experimentos/2024_1/dia_turno_curso/20260923_200415/historico.json,180.0,1,180.0,600.0,1,0
1,1,17,dia_turno_curso,2_N_CC,83,19136,75854,OPTIMAL,186285.5,186285.5,False,186285.5,2.96,2.65,600.0,2,N,CC,alfabetica,iteracao,dia_turno_curso,180.0,180.0,600.0,14400.0,False,False,alfabetica,,alfabetica,,./dados/2024_1/horarios_2024_1.xlsx,./dados/2024_1/salas_2024_1.csv,./dados/2024_1/salas_preferenciais_2024.1.xlsx,/Users/robertdrey/Documents/workspace/development/alocador_de_salas,resultados/experimentos/2024_1/dia_turno_curso/20260923_200415/melhor_solucao.sol,resultados/experimentos/2024_1/dia_turno_curso/20260923_200415/historico.csv,resultados/experimentos/2024_1/dia_turno_curso/20260923_200415/historico.json,180.0,1,180.0,600.0,1,0
1,1,18,dia_turno_curso,2_N_CS,59,13248,81742,OPTIMAL,186285.5,186285.5,False,186285.5,1.7,1.39,600.0,2,N,CS,alfabetica,iteracao,dia_turno_curso,180.0,180.0,600.0,14400.0,False,False,alfabetica,,alfabetica,,./dados/2024_1/horarios_2024_1.xlsx,./dados/2024_1/salas_2024_1.csv,./dados/2024_1/salas_preferenciais_2024.1.xlsx,/Users/robertdrey/Documents/workspace/development/alocador_de_salas,resultados/experimentos/2024_1/dia_turno_curso/20260923_200415/melhor_solucao.sol,resultados/experimentos/2024_1/dia_turno_curso/20260923_200415/historico.csv,resultados/experimentos/2024_1/dia_turno_curso/20260923_200415/historico.json,180.0,1,180.0,600.0,1,0
1,1,19,dia_turno_curso,2_N_EAS,85,16376,78614,OPTIMAL,186285.5,186285.5,False,186285.5,1.55,1.25,600.0,2,N,EAS,alfabetica,iteracao,dia_turno_curso,180.0,180.0,600.0,14400.0,False,False,alfabetica,,alfabetica,,./dados/2024_1/horarios_2024_1.xlsx,./dados/2024_1/salas_2024_1.csv,./dados/2024_1/salas_preferenciais_2024.1.xlsx,/Users/robertdrey/Documents/workspace/development/alocador_de_salas,resultados/experimentos/2024_1/dia_turno_curso/20260923_200415/melhor_solucao.sol,resultados/experimentos/2024_1/dia_turno_curso/20260923_200415/historico.csv,resultados/experimentos/2024_1/dia_turno_curso/20260923_200415/historico.json,180.0,1,180.0,600.0,1,0
1,1,20,dia_turno_curso,2_N_FIL,53,11730,83260,OPTIMAL,186285.5,186285.5,False,186285.5,1.58,1.28,600.0,2,N,FIL,alfabetica,iteracao,dia_turno_curso,180.0,180.0,600.0,14400.0,False,False,alfabetica,,alfabetica,,./dados/2024_1/horarios_2024_1.xlsx,./dados/2024_1/salas_2024_1.csv,./dados/2024_1/salas_preferenciais_2024.1.xlsx,/Users/robertdrey/Documents/workspace/development/alocador_de_salas,resultados/experimentos/2024_1/dia_turno_curso/20260923_200415/melhor_solucao.sol,resultados/experimentos/2024_1/dia_turno_curso/20260923_200415/historico.csv,resultados/experimentos/2024_1/dia_turno_curso/20260923_200415/historico.json,180.0,1,180.0,600.0,1,0
1,1,21,dia_turno_curso,2_N_GEO,48,10994,83996,OPTIMAL,186285.5,186285.5,False,186285.5,1.36,1.05,600.0,2,N,GEO,alfabetica,iteracao,dia_turno_curso,180.0,180.0,600.0,14400.0,False,False,alfabetica,,alfabetica,,./dados/2024_1/horarios_2024_1.xlsx,./dados/2024_1/salas_2024_1.csv,./dados/2024_1/salas_preferenciais_2024.1.xlsx,/Users/robertdrey/Documents/workspace/development/alocador_de_salas,resultados/experimentos/2024_1/dia_turno_curso/20260923_200415/melhor_solucao.sol,resultados/experimentos/2024_1/dia_turno_curso/20260923_200415/historico.csv,resultados/experimentos/2024_1/dia_turno_curso/20260923_200415/historico.json,180.0,1,180.0,600.0,1,0
1,1,22,dia_turno_curso,2_N_HIS,61,13570,81420,OPTIMAL,186285.5,186285.5,False,186285.5,1.67,1.37,600.0,2,N,HIS,alfabetica,iteracao,dia_turno_curso,180.0,180.0,600.0,14400.0,False,False,alfabetica,,alfabetica,,./dados/2024_1/horarios_2024_1.xlsx,./dados/2024_1/salas_2024_1.csv,./dados/2024_1/salas_preferenciais_2024.1.xlsx,/Users/robertdrey/Documents/workspace/development/alocador_de_salas,resultados/experimentos/2024_1/dia_turno_curso/20260923_200415/melhor_solucao.sol,resultados/experimentos/2024_1/dia_turno_curso/20260923_200415/historico.csv,resultados/experimentos/2024_1/dia_turno_curso/20260923_200415/historico.json,180.0,1,180.0,600.0,1,0
1,1,23,dia_turno_curso,2_N_LET,71,16790,78200,OPTIMAL,186285.5,186278.0,True,186278.0,5.7,5.4,600.0,2,N,LET,alfabetica,iteracao,dia_turno_curso,180.0,180.0,600.0,14400.0,False,False,alfabetica,,alfabetica,,./dados/2024_1/horarios_2024_1.xlsx,./dados/2024_1/salas_2024_1.csv,./dados/2024_1/salas_preferenciais_2024.1.xlsx,/Users/robertdrey/Documents/workspace/development/alocador_de_salas,resultados/experimentos/2024_1/dia_turno_curso/20260923_200415/melhor_solucao.sol,resultados/experimentos/2024_1/dia_turno_curso/20260923_200415/historico.csv,resultados/experimentos/2024_1/dia_turno_curso/20260923_200415/historico.json,180.0,1,180.0,600.0,1,0
1,1,24,dia_turno_curso,2_N_MAT,60,13386,81604,OPTIMAL,186278.0,186278.0,False,186278.0,1.78,1.47,600.0,2,N,MAT,alfabetica,iteracao,dia_turno_curso,180.0,180.0,600.0,14400.0,False,False,alfabetica,,alfabetica,,./dados/2024_1/horarios_2024_1.xlsx,./dados/2024_1/salas_2024_1.csv,./dados/2024_1/salas_preferenciais_2024.1.xlsx,/Users/robertdrey/Documents/workspace/development/alocador_de_salas,resultados/experimentos/2024_1/dia_turno_curso/20260923_200415/melhor_solucao.sol,resultados/experimentos/2024_1/dia_turno_curso/20260923_200415/historico.csv,resultados/experimentos/2024_1/dia_turno_curso/20260923_200415/historico.json,180.0,1,180.0,600.0,1,0
1,1,25,dia_turno_curso,2_N_MED,81,18630,76360,OPTIMAL,186278.0,186278.0,False,186278.0,2.18,1.88,600.0,2,N,MED,alfabetica,iteracao,dia_turno_curso,180.0,180.0,600.0,14400.0,False,False,alfabetica,,alfabetica,,./dados/2024_1/horarios_2024_1.xlsx,./dados/2024_1/salas_2024_1.csv,./dados/2024_1/salas_preferenciais_2024.1.xlsx,/Users/robertdrey/Documents/workspace/development/alocador_de_salas,resultados/experimentos/2024_1/dia_turno_curso/20260923_200415/melhor_solucao.sol,resultados/experimentos/2024_1/dia_turno_curso/20260923_200415/historico.csv,resultados/experimentos/2024_1/dia_turno_curso/20260923_200415/historico.json,180.0,1,180.0,600.0,1,0
1,1,26,dia_turno_curso,2_N_PED,91,21022,73968,OPTIMAL,186278.0,186278.0,False,186278.0,4.07,3.77,600.0,2,N,PED,alfabetica,iteracao,dia_turno_curso,180.0,180.0,600.0,14400.0,False,False,alfabetica,,alfabetica,,./dados/2024_1/horarios_2024_1.xlsx,./dados/2024_1/salas_2024_1.csv,./dados/2024_1/salas_preferenciais_2024.1.xlsx,/Users/robertdrey/Documents/workspace/development/alocador_de_salas,resultados/experimentos/2024_1/dia_turno_curso/20260923_200415/melhor_solucao.sol,resultados/experimentos/2024_1/dia_turno_curso/20260923_200415/historico.csv,resultados/experimentos/2024_1/dia_turno_curso/20260923_200415/historico.json,180.0,1,180.0,600.0,1,0
1,1,27,dia_turno_curso,3_M_ADM,79,18676,76314,OPTIMAL,186278.0,186278.0,False,186278.0,3.0,2.7,600.0,3,M,ADM,alfabetica,iteracao,dia_turno_curso,180.0,180.0,600.0,14400.0,False,False,alfabetica,,alfabetica,,./dados/2024_1/horarios_2024_1.xlsx,./dados/2024_1/salas_2024_1.csv,./dados/2024_1/salas_preferenciais_2024.1.xlsx,/Users/robertdrey/Documents/workspace/development/alocador_de_salas,resultados/experimentos/2024_1/dia_turno_curso/20260923_200415/melhor_solucao.sol,resultados/experimentos/2024_1/dia_turno_curso/20260923_200415/historico.csv,resultados/experimentos/2024_1/dia_turno_curso/20260923_200415/historico.json,180.0,1,180.0,600.0,1,0
1,1,28,dia_turno_curso,3_M_AGRO,77,16514,78476,OPTIMAL,186278.0,186278.0,False,186278.0,12.67,12.36,600.0,3,M,AGRO,alfabetica,iteracao,dia_turno_curso,180.0,180.0,600.0,14400.0,False,False,alfabetica,,alfabetica,,./dados/2024_1/horarios_2024_1.xlsx,./dados/2024_1/salas_2024_1.csv,./dados/2024_1/salas_preferenciais_2024.1.xlsx,/Users/robertdrey/Documents/workspace/development/alocador_de_salas,resultados/experimentos/2024_1/dia_turno_curso/20260923_200415/melhor_solucao.sol,resultados/experimentos/2024_1/dia_turno_curso/20260923_200415/historico.csv,resultados/experimentos/2024_1/dia_turno_curso/20260923_200415/historico.json,180.0,1,180.0,600.0,1,0
1,1,29,dia_turno_curso,3_M_EAS,75,16928,78062,OPTIMAL,186278.0,186278.0,False,186278.0,2.39,2.08,600.0,3,M,EAS,alfabetica,iteracao,dia_turno_curso,180.0,180.0,600.0,14400.0,False,False,alfabetica,,alfabetica,,./dados/2024_1/horarios_2024_1.xlsx,./dados/2024_1/salas_2024_1.csv,./dados/2024_1/salas_preferenciais_2024.1.xlsx,/Users/robertdrey/Documents/workspace/development/alocador_de_salas,resultados/experimentos/2024_1/dia_turno_curso/20260923_200415/melhor_solucao.sol,resultados/experimentos/2024_1/dia_turno_curso/20260923_200415/historico.csv,resultados/experimentos/2024_1/dia_turno_curso/20260923_200415/historico.json,180.0,1,180.0,600.0,1,0
1,1,30,dia_turno_curso,3_M_ENF,49,15640,79350,OPTIMAL,186278.0,186278.0,False,186278.0,6.17,5.86,600.0,3,M,ENF,alfabetica,iteracao,dia_turno_curso,180.0,180.0,600.0,14400.0,False,False,alfabetica,,alfabetica,,./dados/2024_1/horarios_2024_1.xlsx,./dados/2024_1/salas_2024_1.csv,./dados/2024_1/salas_preferenciais_2024.1.xlsx,/Users/robertdrey/Documents/workspace/development/alocador_de_salas,resultados/experimentos/2024_1/dia_turno_curso/20260923_200415/melhor_solucao.sol,resultados/experimentos/2024_1/dia_turno_curso/20260923_200415/historico.csv,resultados/experimentos/2024_1/dia_turno_curso/20260923_200415/historico.json,180.0,1,180.0,600.0,1,0
1,1,31,dia_turno_curso,3_M_MED,73,18492,76498,OPTIMAL,186278.0,186269.5,True,186269.5,4.07,3.75,600.0,3,M,MED,alfabetica,iteracao,dia_turno_curso,180.0,180.0,600.0,14400.0,False,False,alfabetica,,alfabetica,,./dados/2024_1/horarios_2024_1.xlsx,./dados/2024_1/salas_2024_1.csv,./dados/2024_1/salas_preferenciais_2024.1.xlsx,/Users/robertdrey/Documents/workspace/development/alocador_de_salas,resultados/experimentos/2024_1/dia_turno_curso/20260923_200415/melhor_solucao.sol,resultados/experimentos/2024_1/dia_turno_curso/20260923_200415/historico.csv,resultados/experimentos/2024_1/dia_turno_curso/20260923_200415/historico.json,180.0,1,180.0,600.0,1,0
1,1,32,dia_turno_curso,3_M_PED,86,22126,72864,OPTIMAL,186269.5,186269.5,False,186269.5,5.07,4.77,600.0,3,M,PED,alfabetica,iteracao,dia_turno_curso,180.0,180.0,600.0,14400.0,False,False,alfabetica,,alfabetica,,./dados/2024_1/horarios_2024_1.xlsx,./dados/2024_1/salas_2024_1.csv,./dados/2024_1/salas_preferenciais_2024.1.xlsx,/Users/robertdrey/Documents/workspace/development/alocador_de_salas,resultados/experimentos/2024_1/dia_turno_curso/20260923_200415/melhor_solucao.sol,resultados/experimentos/2024_1/dia_turno_curso/20260923_200415/historico.csv,resultados/experimentos/2024_1/dia_turno_curso/20260923_200415/historico.json,180.0,1,180.0,600.0,1,0
1,1,33,dia_turno_curso,3_T_AGRO,82,19872,75118,OPTIMAL,186269.5,186269.5,False,186269.5,7.74,7.42,600.0,3,T,AGRO,alfabetica,iteracao,dia_turno_curso,180.0,180.0,600.0,14400.0,False,False,alfabetica,,alfabetica,,./dados/2024_1/horarios_2024_1.xlsx,./dados/2024_1/salas_2024_1.csv,./dados/2024_1/salas_preferenciais_2024.1.xlsx,/Users/robertdrey/Documents/workspace/development/alocador_de_salas,resultados/experimentos/2024_1/dia_turno_curso/20260923_200415/melhor_solucao.sol,resultados/experimentos/2024_1/dia_turno_curso/20260923_200415/historico.csv,resultados/experimentos/2024_1/dia_turno_curso/20260923_200415/historico.json,180.0,1,180.0,600.0,1,0
1,1,34,dia_turno_curso,3_T_CC,71,19964,75026,OPTIMAL,186269.5,186269.5,False,186269.5,1.96,1.65,600.0,3,T,CC,alfabetica,iteracao,dia_turno_curso,180.0,180.0,600.0,14400.0,False,False,alfabetica,,alfabetica,,./dados/2024_1/horarios_2024_1.xlsx,./dados/2024_1/salas_2024_1.csv,./dados/2024_1/salas_preferenciais_2024.1.xlsx,/Users/robertdrey/Documents/workspace/development/alocador_de_salas,resultados/experimentos/2024_1/dia_turno_curso/20260923_200415/melhor_solucao.sol,resultados/experimentos/2024_1/dia_turno_curso/20260923_200415/historico.csv,resultados/experimentos/2024_1/dia_turno_curso/20260923_200415/historico.json,180.0,1,180.0,600.0,1,0
1,1,35,dia_turno_curso,3_T_EAS,74,17848,77142,OPTIMAL,186269.5,186269.5,False,186269.5,1.81,1.51,600.0,3,T,EAS,alfabetica,iteracao,dia_turno_curso,180.0,180.0,600.0,14400.0,False,False,alfabetica,,alfabetica,,./dados/2024_1/horarios_2024_1.xlsx,./dados/2024_1/salas_2024_1.csv,./dados/2024_1/salas_preferenciais_2024.1.xlsx,/Users/robertdrey/Documents/workspace/development/alocador_de_salas,resultados/experimentos/2024_1/dia_turno_curso/20260923_200415/melhor_solucao.sol,resultados/experimentos/2024_1/dia_turno_curso/20260923_200415/historico.csv,resultados/experimentos/2024_1/dia_turno_curso/20260923_200415/historico.json,180.0,1,180.0,600.0,1,0
1,1,36,dia_turno_curso,3_T_ENF,47,16146,78844,OPTIMAL,186269.5,186254.5,True,186254.5,4.5,4.17,600.0,3,T,ENF,alfabetica,iteracao,dia_turno_curso,180.0,180.0,600.0,14400.0,False,False,alfabetica,,alfabetica,,./dados/2024_1/horarios_2024_1.xlsx,./dados/2024_1/salas_2024_1.csv,./dados/2024_1/salas_preferenciais_2024.1.xlsx,/Users/robertdrey/Documents/workspace/development/alocador_de_salas,resultados/experimentos/2024_1/dia_turno_curso/20260923_200415/melhor_solucao.sol,resultados/experimentos/2024_1/dia_turno_curso/20260923_200415/historico.csv,resultados/experimentos/2024_1/dia_turno_curso/20260923_200415/historico.json,180.0,1,180.0,600.0,1,0
1,1,37,dia_turno_curso,3_T_GEO,43,13524,81466,OPTIMAL,186254.5,186254.5,False,186254.5,1.41,1.08,600.0,3,T,GEO,alfabetica,iteracao,dia_turno_curso,180.0,180.0,600.0,14400.0,False,False,alfabetica,,alfabetica,,./dados/2024_1/horarios_2024_1.xlsx,./dados/2024_1/salas_2024_1.csv,./dados/2024_1/salas_preferenciais_2024.1.xlsx,/Users/robertdrey/Documents/workspace/development/alocador_de_salas,resultados/experimentos/2024_1/dia_turno_curso/20260923_200415/melhor_solucao.sol,resultados/experimentos/2024_1/dia_turno_curso/20260923_200415/historico.csv,resultados/experimentos/2024_1/dia_turno_curso/20260923_200415/historico.json,180.0,1,180.0,600.0,1,0
1,1,38,dia_turno_curso,3_T_LET,67,19090,75900,OPTIMAL,186254.5,186254.5,False,186254.5,4.2,3.88,600.0,3,T,LET,alfabetica,iteracao,dia_turno_curso,180.0,180.0,600.0,14400.0,False,False,alfabetica,,alfabetica,,./dados/2024_1/horarios_2024_1.xlsx,./dados/2024_1/salas_2024_1.csv,./dados/2024_1/salas_preferenciais_2024.1.xlsx,/Users/robertdrey/Documents/workspace/development/alocador_de_salas,resultados/experimentos/2024_1/dia_turno_curso/20260923_200415/melhor_solucao.sol,resultados/experimentos/2024_1/dia_turno_curso/20260923_200415/historico.csv,resultados/experimentos/2024_1/dia_turno_curso/20260923_200415/historico.json,180.0,1,180.0,600.0,1,0
1,1,39,dia_turno_curso,3_T_MED,68,19504,75486,OPTIMAL,186254.5,186254.5,False,186254.5,2.86,2.55,600.0,3,T,MED,alfabetica,iteracao,dia_turno_curso,180.0,180.0,600.0,14400.0,False,False,alfabetica,,alfabetica,,./dados/2024_1/horarios_2024_1.xlsx,./dados/2024_1/salas_2024_1.csv,./dados/2024_1/salas_preferenciais_2024.1.xlsx,/Users/robertdrey/Documents/workspace/development/alocador_de_salas,resultados/experimentos/2024_1/dia_turno_curso/20260923_200415/melhor_solucao.sol,resultados/experimentos/2024_1/dia_turno_curso/20260923_200415/historico.csv,resultados/experimentos/2024_1/dia_turno_curso/20260923_200415/historico.json,180.0,1,180.0,600.0,1,0
1,1,40,dia_turno_curso,3_N_ADM,84,16468,78522,OPTIMAL,186254.5,186254.5,False,186254.5,2.49,2.19,600.0,3,N,ADM,alfabetica,iteracao,dia_turno_curso,180.0,180.0,600.0,14400.0,False,False,alfabetica,,alfabetica,,./dados/2024_1/horarios_2024_1.xlsx,./dados/2024_1/salas_2024_1.csv,./dados/2024_1/salas_preferenciais_2024.1.xlsx,/Users/robertdrey/Documents/workspace/development/alocador_de_salas,resultados/experimentos/2024_1/dia_turno_curso/20260923_200415/melhor_solucao.sol,resultados/experimentos/2024_1/dia_turno_curso/20260923_200415/historico.csv,resultados/experimentos/2024_1/dia_turno_curso/20260923_200415/historico.json,180.0,1,180.0,600.0,1,0
1,1,41,dia_turno_curso,3_N_CC,81,17342,77648,OPTIMAL,186254.5,186254.5,False,186254.5,2.71,2.4,600.0,3,N,CC,alfabetica,iteracao,dia_turno_curso,180.0,180.0,600.0,14400.0,False,False,alfabetica,,alfabetica,,./dados/2024_1/horarios_2024_1.xlsx,./dados/2024_1/salas_2024_1.csv,./dados/2024_1/salas_preferenciais_2024.1.xlsx,/Users/robertdrey/Documents/workspace/development/alocador_de_salas,resultados/experimentos/2024_1/dia_turno_curso/20260923_200415/melhor_solucao.sol,resultados/experimentos/2024_1/dia_turno_curso/20260923_200415/historico.csv,resultados/experimentos/2024_1/dia_turno_curso/20260923_200415/historico.json,180.0,1,180.0,600.0,1,0
1,1,42,dia_turno_curso,3_N_CS,57,11546,83444,OPTIMAL,186254.5,186254.5,False,186254.5,2.02,1.7,600.0,3,N,CS,alfabetica,iteracao,dia_turno_curso,180.0,180.0,600.0,14400.0,False,False,alfabetica,,alfabetica,,./dados/2024_1/horarios_2024_1.xlsx,./dados/2024_1/salas_2024_1.csv,./dados/2024_1/salas_preferenciais_2024.1.xlsx,/Users/robertdrey/Documents/workspace/development/alocador_de_salas,resultados/experimentos/2024_1/dia_turno_curso/20260923_200415/melhor_solucao.sol,resultados/experimentos/2024_1/dia_turno_curso/20260923_200415/historico.csv,resultados/experimentos/2024_1/dia_turno_curso/20260923_200415/historico.json,180.0,1,180.0,600.0,1,0
1,1,43,dia_turno_curso,3_N_EAS,84,15180,79810,OPTIMAL,186254.5,186254.5,False,186254.5,2.07,1.75,600.0,3,N,EAS,alfabetica,iteracao,dia_turno_curso,180.0,180.0,600.0,14400.0,False,False,alfabetica,,alfabetica,,./dados/2024_1/horarios_2024_1.xlsx,./dados/2024_1/salas_2024_1.csv,./dados/2024_1/salas_preferenciais_2024.1.xlsx,/Users/robertdrey/Documents/workspace/development/alocador_de_salas,resultados/experimentos/2024_1/dia_turno_curso/20260923_200415/melhor_solucao.sol,resultados/experimentos/2024_1/dia_turno_curso/20260923_200415/historico.csv,resultados/experimentos/2024_1/dia_turno_curso/20260923_200415/historico.json,180.0,1,180.0,600.0,1,0
1,1,44,dia_turno_curso,3_N_FIL,53,10304,84686,OPTIMAL,186254.5,186254.5,False,186254.5,1.79,1.48,600.0,3,N,FIL,alfabetica,iteracao,dia_turno_curso,180.0,180.0,600.0,14400.0,False,False,alfabetica,,alfabetica,,./dados/2024_1/horarios_2024_1.xlsx,./dados/2024_1/salas_2024_1.csv,./dados/2024_1/salas_preferenciais_2024.1.xlsx,/Users/robertdrey/Documents/workspace/development/alocador_de_salas,resultados/experimentos/2024_1/dia_turno_curso/20260923_200415/melhor_solucao.sol,resultados/experimentos/2024_1/dia_turno_curso/20260923_200415/historico.csv,resultados/experimentos/2024_1/dia_turno_curso/20260923_200415/historico.json,180.0,1,180.0,600.0,1,0
1,1,45,dia_turno_curso,3_N_GEO,48,9568,85422,OPTIMAL,186254.5,186254.5,False,186254.5,1.84,1.52,600.0,3,N,GEO,alfabetica,iteracao,dia_turno_curso,180.0,180.0,600.0,14400.0,False,False,alfabetica,,alfabetica,,./dados/2024_1/horarios_2024_1.xlsx,./dados/2024_1/salas_2024_1.csv,./dados/2024_1/salas_preferenciais_2024.1.xlsx,/Users/robertdrey/Documents/workspace/development/alocador_de_salas,resultados/experimentos/2024_1/dia_turno_curso/20260923_200415/melhor_solucao.sol,resultados/experimentos/2024_1/dia_turno_curso/20260923_200415/historico.csv,resultados/experimentos/2024_1/dia_turno_curso/20260923_200415/historico.json,180.0,1,180.0,600.0,1,0
1,1,46,dia_turno_curso,3_N_HIS,60,11960,83030,OPTIMAL,186254.5,186254.5,False,186254.5,1.89,1.57,600.0,3,N,HIS,alfabetica,iteracao,dia_turno_curso,180.0,180.0,600.0,14400.0,False,False,alfabetica,,alfabetica,,./dados/2024_1/horarios_2024_1.xlsx,./dados/2024_1/salas_2024_1.csv,./dados/2024_1/salas_preferenciais_2024.1.xlsx,/Users/robertdrey/Documents/workspace/development/alocador_de_salas,resultados/experimentos/2024_1/dia_turno_curso/20260923_200415/melhor_solucao.sol,resultados/experimentos/2024_1/dia_turno_curso/20260923_200415/historico.csv,resultados/experimentos/2024_1/dia_turno_curso/20260923_200415/historico.json,180.0,1,180.0,600.0,1,0
1,1,47,dia_turno_curso,3_N_LET,70,15732,79258,OPTIMAL,186254.5,186254.5,False,186254.5,5.02,4.7,600.0,3,N,LET,alfabetica,iteracao,dia_turno_curso,180.0,180.0,600.0,14400.0,False,False,alfabetica,,alfabetica,,./dados/2024_1/horarios_2024_1.xlsx,./dados/2024_1/salas_2024_1.csv,./dados/2024_1/salas_preferenciais_2024.1.xlsx,/Users/robertdrey/Documents/workspace/development/alocador_de_salas,resultados/experimentos/2024_1/dia_turno_curso/20260923_200415/melhor_solucao.sol,resultados/experimentos/2024_1/dia_turno_curso/20260923_200415/historico.csv,resultados/experimentos/2024_1/dia_turno_curso/20260923_200415/historico.json,180.0,1,180.0,600.0,1,0
1,1,48,dia_turno_curso,3_N_MAT,58,11960,83030,OPTIMAL,186254.5,186254.5,False,186254.5,2.51,2.17,600.0,3,N,MAT,alfabetica,iteracao,dia_turno_curso,180.0,180.0,600.0,14400.0,False,False,alfabetica,,alfabetica,,./dados/2024_1/horarios_2024_1.xlsx,./dados/2024_1/salas_2024_1.csv,./dados/2024_1/salas_preferenciais_2024.1.xlsx,/Users/robertdrey/Documents/workspace/development/alocador_de_salas,resultados/experimentos/2024_1/dia_turno_curso/20260923_200415/melhor_solucao.sol,resultados/experimentos/2024_1/dia_turno_curso/20260923_200415/historico.csv,resultados/experimentos/2024_1/dia_turno_curso/20260923_200415/historico.json,180.0,1,180.0,600.0,1,0
1,1,49,dia_turno_curso,3_N_PED,91,19504,75486,OPTIMAL,186254.5,186254.5,False,186254.5,6.36,6.02,600.0,3,N,PED,alfabetica,iteracao,dia_turno_curso,180.0,180.0,600.0,14400.0,False,False,alfabetica,,alfabetica,,./dados/2024_1/horarios_2024_1.xlsx,./dados/2024_1/salas_2024_1.csv,./dados/2024_1/salas_preferenciais_2024.1.xlsx,/Users/robertdrey/Documents/workspace/development/alocador_de_salas,resultados/experimentos/2024_1/dia_turno_curso/20260923_200415/melhor_solucao.sol,resultados/experimentos/2024_1/dia_turno_curso/20260923_200415/historico.csv,resultados/experimentos/2024_1/dia_turno_curso/20260923_200415/historico.json,180.0,1,180.0,600.0,1,0
1,1,50,dia_turno_curso,4_M_ADM,78,19596,75394,OPTIMAL,186254.5,186254.5,False,186254.5,2.66,2.34,600.0,4,M,ADM,alfabetica,iteracao,dia_turno_curso,180.0,180.0,600.0,14400.0,False,False,alfabetica,,alfabetica,,./dados/2024_1/horarios_2024_1.xlsx,./dados/2024_1/salas_2024_1.csv,./dados/2024_1/salas_preferenciais_2024.1.xlsx,/Users/robertdrey/Documents/workspace/development/alocador_de_salas,resultados/experimentos/2024_1/dia_turno_curso/20260923_200415/melhor_solucao.sol,resultados/experimentos/2024_1/dia_turno_curso/20260923_200415/historico.csv,resultados/experimentos/2024_1/dia_turno_curso/20260923_200415/historico.json,180.0,1,180.0,600.0,1,0
1,1,51,dia_turno_curso,4_M_AGRO,77,17710,77280,OPTIMAL,186254.5,186254.5,False,186254.5,7.17,6.85,600.0,4,M,AGRO,alfabetica,iteracao,dia_turno_curso,180.0,180.0,600.0,14400.0,False,False,alfabetica,,alfabetica,,./dados/2024_1/horarios_2024_1.xlsx,./dados/2024_1/salas_2024_1.csv,./dados/2024_1/salas_preferenciais_2024.1.xlsx,/Users/robertdrey/Documents/workspace/development/alocador_de_salas,resultados/experimentos/2024_1/dia_turno_curso/20260923_200415/melhor_solucao.sol,resultados/experimentos/2024_1/dia_turno_curso/20260923_200415/historico.csv,resultados/experimentos/2024_1/dia_turno_curso/20260923_200415/historico.json,180.0,1,180.0,600.0,1,0
1,1,52,dia_turno_curso,4_M_CS,56,15180,79810,OPTIMAL,186254.5,186254.5,False,186254.5,1.34,1.03,600.0,4,M,CS,alfabetica,iteracao,dia_turno_curso,180.0,180.0,600.0,14400.0,False,False,alfabetica,,alfabetica,,./dados/2024_1/horarios_2024_1.xlsx,./dados/2024_1/salas_2024_1.csv,./dados/2024_1/salas_preferenciais_2024.1.xlsx,/Users/robertdrey/Documents/workspace/development/alocador_de_salas,resultados/experimentos/2024_1/dia_turno_curso/20260923_200415/melhor_solucao.sol,resultados/experimentos/2024_1/dia_turno_curso/20260923_200415/historico.csv,resultados/experimentos/2024_1/dia_turno_curso/20260923_200415/historico.json,180.0,1,180.0,600.0,1,0
1,1,53,dia_turno_curso,4_M_EAS,74,17756,77234,OPTIMAL,186254.5,186249.5,True,186249.5,2.22,1.91,600.0,4,M,EAS,alfabetica,iteracao,dia_turno_curso,180.0,180.0,600.0,14400.0,False,False,alfabetica,,alfabetica,,./dados/2024_1/horarios_2024_1.xlsx,./dados/2024_1/salas_2024_1.csv,./dados/2024_1/salas_preferenciais_2024.1.xlsx,/Users/robertdrey/Documents/workspace/development/alocador_de_salas,resultados/experimentos/2024_1/dia_turno_curso/20260923_200415/melhor_solucao.sol,resultados/experimentos/2024_1/dia_turno_curso/20260923_200415/historico.csv,resultados/experimentos/2024_1/dia_turno_curso/20260923_200415/historico.json,180.0,1,180.0,600.0,1,0
1,1,54,dia_turno_curso,4_M_ENF,49,15318,79672,OPTIMAL,186249.5,186249.5,False,186249.5,4.56,4.27,600.0,4,M,ENF,alfabetica,iteracao,dia_turno_curso,180.0,180.0,600.0,14400.0,False,False,alfabetica,,alfabetica,,./dados/2024_1/horarios_2024_1.xlsx,./dados/2024_1/salas_2024_1.csv,./dados/2024_1/salas_preferenciais_2024.1.xlsx,/Users/robertdrey/Documents/workspace/development/alocador_de_salas,resultados/experimentos/2024_1/dia_turno_curso/20260923_200415/melhor_solucao.sol,resultados/experimentos/2024_1/dia_turno_curso/20260923_200415/historico.csv,resultados/experimentos/2024_1/dia_turno_curso/20260923_200415/historico.json,180.0,1,180.0,600.0,1,0
1,1,55,dia_turno_curso,4_M_MED,71,19412,75578,OPTIMAL,186249.5,186249.5,False,186249.5,3.12,2.8,600.0,4,M,MED,alfabetica,iteracao,dia_turno_curso,180.0,180.0,600.0,14400.0,False,False,alfabetica,,alfabetica,,./dados/2024_1/horarios_2024_1.xlsx,./dados/2024_1/salas_2024_1.csv,./dados/2024_1/salas_preferenciais_2024.1.xlsx,/Users/robertdrey/Documents/workspace/development/alocador_de_salas,resultados/experimentos/2024_1/dia_turno_curso/20260923_200415/melhor_solucao.sol,resultados/experimentos/2024_1/dia_turno_curso/20260923_200415/historico.csv,resultados/experimentos/2024_1/dia_turno_curso/20260923_200415/historico.json,180.0,1,180.0,600.0,1,0
1,1,56,dia_turno_curso,4_M_PED,86,23092,71898,OPTIMAL,186249.5,186249.5,False,186249.5,5.3,5.0,600.0,4,M,PED,alfabetica,iteracao,dia_turno_curso,180.0,180.0,600.0,14400.0,False,False,alfabetica,,alfabetica,,./dados/2024_1/horarios_2024_1.xlsx,./dados/2024_1/salas_2024_1.csv,./dados/2024_1/salas_preferenciais_2024.1.xlsx,/Users/robertdrey/Documents/workspace/development/alocador_de_salas,resultados/experimentos/2024_1/dia_turno_curso/20260923_200415/melhor_solucao.sol,resultados/experimentos/2024_1/dia_turno_curso/20260923_200415/historico.csv,resultados/experimentos/2024_1/dia_turno_curso/20260923_200415/historico.json,180.0,1,180.0,600.0,1,0
1,1,57,dia_turno_curso,4_T_AGRO,78,19458,75532,OPTIMAL,186249.5,186249.5,False,186249.5,4.7,4.39,600.0,4,T,AGRO,alfabetica,iteracao,dia_turno_curso,180.0,180.0,600.0,14400.0,False,False,alfabetica,,alfabetica,,./dados/2024_1/horarios_2024_1.xlsx,./dados/2024_1/salas_2024_1.csv,./dados/2024_1/salas_preferenciais_2024.1.xlsx,/Users/robertdrey/Documents/workspace/development/alocador_de_salas,resultados/experimentos/2024_1/dia_turno_curso/20260923_200415/melhor_solucao.sol,resultados/experimentos/2024_1/dia_turno_curso/20260923_200415/historico.csv,resultados/experimentos/2024_1/dia_turno_curso/20260923_200415/historico.json,180.0,1,180.0,600.0,1,0
1,1,58,dia_turno_curso,4_T_CC,69,19964,75026,OPTIMAL,186249.5,186249.5,False,186249.5,2.47,2.16,600.0,4,T,CC,alfabetica,iteracao,dia_turno_curso,180.0,180.0,600.0,14400.0,False,False,alfabetica,,alfabetica,,./dados/2024_1/horarios_2024_1.xlsx,./dados/2024_1/salas_2024_1.csv,./dados/2024_1/salas_preferenciais_2024.1.xlsx,/Users/robertdrey/Documents/workspace/development/alocador_de_salas,resultados/experimentos/2024_1/dia_turno_curso/20260923_200415/melhor_solucao.sol,resultados/experimentos/2024_1/dia_turno_curso/20260923_200415/historico.csv,resultados/experimentos/2024_1/dia_turno_curso/20260923_200415/historico.json,180.0,1,180.0,600.0,1,0
1,1,59,dia_turno_curso,4_T_CS,50,14950,80040,OPTIMAL,186249.5,186249.5,False,186249.5,1.11,0.8,600.0,4,T,CS,alfabetica,iteracao,dia_turno_curso,180.0,180.0,600.0,14400.0,False,False,alfabetica,,alfabetica,,./dados/2024_1/horarios_2024_1.xlsx,./dados/2024_1/salas_2024_1.csv,./dados/2024_1/salas_preferenciais_2024.1.xlsx,/Users/robertdrey/Documents/workspace/development/alocador_de_salas,resultados/experimentos/2024_1/dia_turno_curso/20260923_200415/melhor_solucao.sol,resultados/experimentos/2024_1/dia_turno_curso/20260923_200415/historico.csv,resultados/experimentos/2024_1/dia_turno_curso/20260923_200415/historico.json,180.0,1,180.0,600.0,1,0
1,1,60,dia_turno_curso,4_T_EAS,71,17986,77004,OPTIMAL,186249.5,186249.5,False,186249.5,1.41,1.11,600.0,4,T,EAS,alfabetica,iteracao,dia_turno_curso,180.0,180.0,600.0,14400.0,False,False,alfabetica,,alfabetica,,./dados/2024_1/horarios_2024_1.xlsx,./dados/2024_1/salas_2024_1.csv,./dados/2024_1/salas_preferenciais_2024.1.xlsx,/Users/robertdrey/Documents/workspace/development/alocador_de_salas,resultados/experimentos/2024_1/dia_turno_curso/20260923_200415/melhor_solucao.sol,resultados/experimentos/2024_1/dia_turno_curso/20260923_200415/historico.csv,resultados/experimentos/2024_1/dia_turno_curso/20260923_200415/historico.json,180.0,1,180.0,600.0,1,0
1,1,61,dia_turno_curso,4_T_ENF,43,16192,78798,OPTIMAL,186249.5,186249.5,False,186249.5,5.14,4.84,600.0,4,T,ENF,alfabetica,iteracao,dia_turno_curso,180.0,180.0,600.0,14400.0,False,False,alfabetica,,alfabetica,,./dados/2024_1/horarios_2024_1.xlsx,./dados/2024_1/salas_2024_1.csv,./dados/2024_1/salas_preferenciais_2024.1.xlsx,/Users/robertdrey/Documents/workspace/development/alocador_de_salas,resultados/experimentos/2024_1/dia_turno_curso/20260923_200415/melhor_solucao.sol,resultados/experimentos/2024_1/dia_turno_curso/20260923_200415/historico.csv,resultados/experimentos/2024_1/dia_turno_curso/20260923_200415/historico.json,180.0,1,180.0,600.0,1,0
1,1,62,dia_turno_curso,4_T_LET,60,17618,77372,OPTIMAL,186249.5,186249.5,False,186249.5,4.09,3.78,600.0,4,T,LET,alfabetica,iteracao,dia_turno_curso,180.0,180.0,600.0,14400.0,False,False,alfabetica,,alfabetica,,./dados/2024_1/horarios_2024_1.xlsx,./dados/2024_1/salas_2024_1.csv,./dados/2024_1/salas_preferenciais_2024.1.xlsx,/Users/robertdrey/Documents/workspace/development/alocador_de_salas,resultados/experimentos/2024_1/dia_turno_curso/20260923_200415/melhor_solucao.sol,resultados/experimentos/2024_1/dia_turno_curso/20260923_200415/historico.csv,resultados/experimentos/2024_1/dia_turno_curso/20260923_200415/historico.json,180.0,1,180.0,600.0,1,0
1,1,63,dia_turno_curso,4_T_MAT,51,15410,79580,OPTIMAL,186249.5,186239.5,True,186239.5,1.46,1.14,600.0,4,T,MAT,alfabetica,iteracao,dia_turno_curso,180.0,180.0,600.0,14400.0,False,False,alfabetica,,alfabetica,,./dados/2024_1/horarios_2024_1.xlsx,./dados/2024_1/salas_2024_1.csv,./dados/2024_1/salas_preferenciais_2024.1.xlsx,/Users/robertdrey/Documents/workspace/development/alocador_de_salas,resultados/experimentos/2024_1/dia_turno_curso/20260923_200415/melhor_solucao.sol,resultados/experimentos/2024_1/dia_turno_curso/20260923_200415/historico.csv,resultados/experimentos/2024_1/dia_turno_curso/20260923_200415/historico.json,180.0,1,180.0,600.0,1,0
1,1,64,dia_turno_curso,4_T_MED,64,18676,76314,OPTIMAL,186239.5,186239.5,False,186239.5,1.86,1.55,600.0,4,T,MED,alfabetica,iteracao,dia_turno_curso,180.0,180.0,600.0,14400.0,False,False,alfabetica,,alfabetica,,./dados/2024_1/horarios_2024_1.xlsx,./dados/2024_1/salas_2024_1.csv,./dados/2024_1/salas_preferenciais_2024.1.xlsx,/Users/robertdrey/Documents/workspace/development/alocador_de_salas,resultados/experimentos/2024_1/dia_turno_curso/20260923_200415/melhor_solucao.sol,resultados/experimentos/2024_1/dia_turno_curso/20260923_200415/historico.csv,resultados/experimentos/2024_1/dia_turno_curso/20260923_200415/historico.json,180.0,1,180.0,600.0,1,0
1,1,65,dia_turno_curso,4_N_ADM,85,18262,76728,OPTIMAL,186239.5,186239.5,False,186239.5,4.18,3.88,600.0,4,N,ADM,alfabetica,iteracao,dia_turno_curso,180.0,180.0,600.0,14400.0,False,False,alfabetica,,alfabetica,,./dados/2024_1/horarios_2024_1.xlsx,./dados/2024_1/salas_2024_1.csv,./dados/2024_1/salas_preferenciais_2024.1.xlsx,/Users/robertdrey/Documents/workspace/development/alocador_de_salas,resultados/experimentos/2024_1/dia_turno_curso/20260923_200415/melhor_solucao.sol,resultados/experimentos/2024_1/dia_turno_curso/20260923_200415/historico.csv,resultados/experimentos/2024_1/dia_turno_curso/20260923_200415/historico.json,180.0,1,180.0,600.0,1,0
1,1,66,dia_turno_curso,4_N_CC,86,19872,75118,OPTIMAL,186239.5,186239.5,False,186239.5,3.05,2.73,600.0,4,N,CC,alfabetica,iteracao,dia_turno_curso,180.0,180.0,600.0,14400.0,False,False,alfabetica,,alfabetica,,./dados/2024_1/horarios_2024_1.xlsx,./dados/2024_1/salas_2024_1.csv,./dados/2024_1/salas_preferenciais_2024.1.xlsx,/Users/robertdrey/Documents/workspace/development/alocador_de_salas,resultados/experimentos/2024_1/dia_turno_curso/20260923_200415/melhor_solucao.sol,resultados/experimentos/2024_1/dia_turno_curso/20260923_200415/historico.csv,resultados/experimentos/2024_1/dia_turno_curso/20260923_200415/historico.json,180.0,1,180.0,600.0,1,0
1,1,67,dia_turno_curso,4_N_CS,60,13294,81696,OPTIMAL,186239.5,186239.5,False,186239.5,1.71,1.39,600.0,4,N,CS,alfabetica,iteracao,dia_turno_curso,180.0,180.0,600.0,14400.0,False,False,alfabetica,,alfabetica,,./dados/2024_1/horarios_2024_1.xlsx,./dados/2024_1/salas_2024_1.csv,./dados/2024_1/salas_preferenciais_2024.1.xlsx,/Users/robertdrey/Documents/workspace/development/alocador_de_salas,resultados/experimentos/2024_1/dia_turno_curso/20260923_200415/melhor_solucao.sol,resultados/experimentos/2024_1/dia_turno_curso/20260923_200415/historico.csv,resultados/experimentos/2024_1/dia_turno_curso/20260923_200415/historico.json,180.0,1,180.0,600.0,1,0
1,1,68,dia_turno_curso,4_N_EAS,86,17204,77786,OPTIMAL,186239.5,186239.5,False,186239.5,2.16,1.85,600.0,4,N,EAS,alfabetica,iteracao,dia_turno_curso,180.0,180.0,600.0,14400.0,False,False,alfabetica,,alfabetica,,./dados/2024_1/horarios_2024_1.xlsx,./dados/2024_1/salas_2024_1.csv,./dados/2024_1/salas_preferenciais_2024.1.xlsx,/Users/robertdrey/Documents/workspace/development/alocador_de_salas,resultados/experimentos/2024_1/dia_turno_curso/20260923_200415/melhor_solucao.sol,resultados/experimentos/2024_1/dia_turno_curso/20260923_200415/historico.csv,resultados/experimentos/2024_1/dia_turno_curso/20260923_200415/historico.json,180.0,1,180.0,600.0,1,0
1,1,69,dia_turno_curso,4_N_FIL,53,11914,83076,OPTIMAL,186239.5,186239.5,False,186239.5,1.69,1.38,600.0,4,N,FIL,alfabetica,iteracao,dia_turno_curso,180.0,180.0,600.0,14400.0,False,False,alfabetica,,alfabetica,,./dados/2024_1/horarios_2024_1.xlsx,./dados/2024_1/salas_2024_1.csv,./dados/2024_1/salas_preferenciais_2024.1.xlsx,/Users/robertdrey/Documents/workspace/development/alocador_de_salas,resultados/experimentos/2024_1/dia_turno_curso/20260923_200415/melhor_solucao.sol,resultados/experimentos/2024_1/dia_turno_curso/20260923_200415/historico.csv,resultados/experimentos/2024_1/dia_turno_curso/20260923_200415/historico.json,180.0,1,180.0,600.0,1,0
1,1,70,dia_turno_curso,4_N_GEO,51,11776,83214,OPTIMAL,186239.5,186239.5,False,186239.5,1.45,1.14,600.0,4,N,GEO,alfabetica,iteracao,dia_turno_curso,180.0,180.0,600.0,14400.0,False,False,alfabetica,,alfabetica,,./dados/2024_1/horarios_2024_1.xlsx,./dados/2024_1/salas_2024_1.csv,./dados/2024_1/salas_preferenciais_2024.1.xlsx,/Users/robertdrey/Documents/workspace/development/alocador_de_salas,resultados/experimentos/2024_1/dia_turno_curso/20260923_200415/melhor_solucao.sol,resultados/experimentos/2024_1/dia_turno_curso/20260923_200415/historico.csv,resultados/experimentos/2024_1/dia_turno_curso/20260923_200415/historico.json,180.0,1,180.0,600.0,1,0
1,1,71,dia_turno_curso,4_N_HIS,62,13938,81052,OPTIMAL,186239.5,186239.5,False,186239.5,1.67,1.36,600.0,4,N,HIS,alfabetica,iteracao,dia_turno_curso,180.0,180.0,600.0,14400.0,False,False,alfabetica,,alfabetica,,./dados/2024_1/horarios_2024_1.xlsx,./dados/2024_1/salas_2024_1.csv,./dados/2024_1/salas_preferenciais_2024.1.xlsx,/Users/robertdrey/Documents/workspace/development/alocador_de_salas,resultados/experimentos/2024_1/dia_turno_curso/20260923_200415/melhor_solucao.sol,resultados/experimentos/2024_1/dia_turno_curso/20260923_200415/historico.csv,resultados/experimentos/2024_1/dia_turno_curso/20260923_200415/historico.json,180.0,1,180.0,600.0,1,0
1,1,72,dia_turno_curso,4_N_LET,69,16744,78246,TIME_LIMIT,186239.5,186162.0,True,186162.0,600.4,600.04,600.0,4,N,LET,alfabetica,iteracao,dia_turno_curso,180.0,180.0,600.0,14400.0,False,False,alfabetica,,alfabetica,,./dados/2024_1/horarios_2024_1.xlsx,./dados/2024_1/salas_2024_1.csv,./dados/2024_1/salas_preferenciais_2024.1.xlsx,/Users/robertdrey/Documents/workspace/development/alocador_de_salas,resultados/experimentos/2024_1/dia_turno_curso/20260923_200415/melhor_solucao.sol,resultados/experimentos/2024_1/dia_turno_curso/20260923_200415/historico.csv,resultados/experimentos/2024_1/dia_turno_curso/20260923_200415/historico.json,180.0,1,180.0,600.0,1,0
1,1,73,dia_turno_curso,4_N_MAT,59,13202,81788,OPTIMAL,186162.0,186162.0,False,186162.0,1.99,1.6,600.0,4,N,MAT,alfabetica,iteracao,dia_turno_curso,180.0,180.0,600.0,14400.0,False,False,alfabetica,,alfabetica,,./dados/2024_1/horarios_2024_1.xlsx,./dados/2024_1/salas_2024_1.csv,./dados/2024_1/salas_preferenciais_2024.1.xlsx,/Users/robertdrey/Documents/workspace/development/alocador_de_salas,resultados/experimentos/2024_1/dia_turno_curso/20260923_200415/melhor_solucao.sol,resultados/experimentos/2024_1/dia_turno_curso/20260923_200415/historico.csv,resultados/experimentos/2024_1/dia_turno_curso/20260923_200415/historico.json,180.0,1,180.0,600.0,1,0
1,1,74,dia_turno_curso,4_N_PED,93,21160,73830,OPTIMAL,186162.0,186162.0,False,186162.0,9.33,9.0,600.0,4,N,PED,alfabetica,iteracao,dia_turno_curso,180.0,180.0,600.0,14400.0,False,False,alfabetica,,alfabetica,,./dados/2024_1/horarios_2024_1.xlsx,./dados/2024_1/salas_2024_1.csv,./dados/2024_1/salas_preferenciais_2024.1.xlsx,/Users/robertdrey/Documents/workspace/development/alocador_de_salas,resultados/experimentos/2024_1/dia_turno_curso/20260923_200415/melhor_solucao.sol,resultados/experimentos/2024_1/dia_turno_curso/20260923_200415/historico.csv,resultados/experimentos/2024_1/dia_turno_curso/20260923_200415/historico.json,180.0,1,180.0,600.0,1,0
1,1,75,dia_turno_curso,5_M_ADM,80,19734,75256,OPTIMAL,186162.0,186162.0,False,186162.0,2.28,1.91,600.0,5,M,ADM,alfabetica,iteracao,dia_turno_curso,180.0,180.0,600.0,14400.0,False,False,alfabetica,,alfabetica,,./dados/2024_1/horarios_2024_1.xlsx,./dados/2024_1/salas_2024_1.csv,./dados/2024_1/salas_preferenciais_2024.1.xlsx,/Users/robertdrey/Documents/workspace/development/alocador_de_salas,resultados/experimentos/2024_1/dia_turno_curso/20260923_200415/melhor_solucao.sol,resultados/experimentos/2024_1/dia_turno_curso/20260923_200415/historico.csv,resultados/experimentos/2024_1/dia_turno_curso/20260923_200415/historico.json,180.0,1,180.0,600.0,1,0
1,1,76,dia_turno_curso,5_M_AGRO,80,18492,76498,OPTIMAL,186162.0,186162.0,False,186162.0,8.76,8.43,600.0,5,M,AGRO,alfabetica,iteracao,dia_turno_curso,180.0,180.0,600.0,14400.0,False,False,alfabetica,,alfabetica,,./dados/2024_1/horarios_2024_1.xlsx,./dados/2024_1/salas_2024_1.csv,./dados/2024_1/salas_preferenciais_2024.1.xlsx,/Users/robertdrey/Documents/workspace/development/alocador_de_salas,resultados/experimentos/2024_1/dia_turno_curso/20260923_200415/melhor_solucao.sol,resultados/experimentos/2024_1/dia_turno_curso/20260923_200415/historico.csv,resultados/experimentos/2024_1/dia_turno_curso/20260923_200415/historico.json,180.0,1,180.0,600.0,1,0
1,1,77,dia_turno_curso,5_M_EAS,75,17618,77372,OPTIMAL,186162.0,186162.0,False,186162.0,2.96,2.64,600.0,5,M,EAS,alfabetica,iteracao,dia_turno_curso,180.0,180.0,600.0,14400.0,False,False,alfabetica,,alfabetica,,./dados/2024_1/horarios_2024_1.xlsx,./dados/2024_1/salas_2024_1.csv,./dados/2024_1/salas_preferenciais_2024.1.xlsx,/Users/robertdrey/Documents/workspace/development/alocador_de_salas,resultados/experimentos/2024_1/dia_turno_curso/20260923_200415/melhor_solucao.sol,resultados/experimentos/2024_1/dia_turno_curso/20260923_200415/historico.csv,resultados/experimentos/2024_1/dia_turno_curso/20260923_200415/historico.json,180.0,1,180.0,600.0,1,0
1,1,78,dia_turno_curso,5_M_ENF,51,15732,79258,OPTIMAL,186162.0,186162.0,False,186162.0,7.39,7.06,600.0,5,M,ENF,alfabetica,iteracao,dia_turno_curso,180.0,180.0,600.0,14400.0,False,False,alfabetica,,alfabetica,,./dados/2024_1/horarios_2024_1.xlsx,./dados/2024_1/salas_2024_1.csv,./dados/2024_1/salas_preferenciais_2024.1.xlsx,/Users/robertdrey/Documents/workspace/development/alocador_de_salas,resultados/experimentos/2024_1/dia_turno_curso/20260923_200415/melhor_solucao.sol,resultados/experimentos/2024_1/dia_turno_curso/20260923_200415/historico.csv,resultados/experimentos/2024_1/dia_turno_curso/20260923_200415/historico.json,180.0,1,180.0,600.0,1,0
1,1,79,dia_turno_curso,5_M_MED,74,19550,75440,OPTIMAL,186162.0,186162.0,False,186162.0,3.8,3.48,600.0,5,M,MED,alfabetica,iteracao,dia_turno_curso,180.0,180.0,600.0,14400.0,False,False,alfabetica,,alfabetica,,./dados/2024_1/horarios_2024_1.xlsx,./dados/2024_1/salas_2024_1.csv,./dados/2024_1/salas_preferenciais_2024.1.xlsx,/Users/robertdrey/Documents/workspace/development/alocador_de_salas,resultados/experimentos/2024_1/dia_turno_curso/20260923_200415/melhor_solucao.sol,resultados/experimentos/2024_1/dia_turno_curso/20260923_200415/historico.csv,resultados/experimentos/2024_1/dia_turno_curso/20260923_200415/historico.json,180.0,1,180.0,600.0,1,0
1,1,80,dia_turno_curso,5_M_PED,89,23230,71760,OPTIMAL,186162.0,186162.0,False,186162.0,8.16,7.84,600.0,5,M,PED,alfabetica,iteracao,dia_turno_curso,180.0,180.0,600.0,14400.0,False,False,alfabetica,,alfabetica,,./dados/2024_1/horarios_2024_1.xlsx,./dados/2024_1/salas_2024_1.csv,./dados/2024_1/salas_preferenciais_2024.1.xlsx,/Users/robertdrey/Documents/workspace/development/alocador_de_salas,resultados/experimentos/2024_1/dia_turno_curso/20260923_200415/melhor_solucao.sol,resultados/experimentos/2024_1/dia_turno_curso/20260923_200415/historico.csv,resultados/experimentos/2024_1/dia_turno_curso/20260923_200415/historico.json,180.0,1,180.0,600.0,1,0
1,1,81,dia_turno_curso,5_T_AGRO,77,18814,76176,OPTIMAL,186162.0,186162.0,False,186162.0,10.47,10.16,600.0,5,T,AGRO,alfabetica,iteracao,dia_turno_curso,180.0,180.0,600.0,14400.0,False,False,alfabetica,,alfabetica,,./dados/2024_1/horarios_2024_1.xlsx,./dados/2024_1/salas_2024_1.csv,./dados/2024_1/salas_preferenciais_2024.1.xlsx,/Users/robertdrey/Documents/workspace/development/alocador_de_salas,resultados/experimentos/2024_1/dia_turno_curso/20260923_200415/melhor_solucao.sol,resultados/experimentos/2024_1/dia_turno_curso/20260923_200415/historico.csv,resultados/experimentos/2024_1/dia_turno_curso/20260923_200415/historico.json,180.0,1,180.0,600.0,1,0
1,1,82,dia_turno_curso,5_T_CC,70,19596,75394,OPTIMAL,186162.0,186162.0,False,186162.0,1.98,1.66,600.0,5,T,CC,alfabetica,iteracao,dia_turno_curso,180.0,180.0,600.0,14400.0,False,False,alfabetica,,alfabetica,,./dados/2024_1/horarios_2024_1.xlsx,./dados/2024_1/salas_2024_1.csv,./dados/2024_1/salas_preferenciais_2024.1.xlsx,/Users/robertdrey/Documents/workspace/development/alocador_de_salas,resultados/experimentos/2024_1/dia_turno_curso/20260923_200415/melhor_solucao.sol,resultados/experimentos/2024_1/dia_turno_curso/20260923_200415/historico.csv,resultados/experimentos/2024_1/dia_turno_curso/20260923_200415/historico.json,180.0,1,180.0,600.0,1,0
1,1,83,dia_turno_curso,5_T_EAS,71,17342,77648,OPTIMAL,186162.0,186162.0,False,186162.0,1.89,1.57,600.0,5,T,EAS,alfabetica,iteracao,dia_turno_curso,180.0,180.0,600.0,14400.0,False,False,alfabetica,,alfabetica,,./dados/2024_1/horarios_2024_1.xlsx,./dados/2024_1/salas_2024_1.csv,./dados/2024_1/salas_preferenciais_2024.1.xlsx,/Users/robertdrey/Documents/workspace/development/alocador_de_salas,resultados/experimentos/2024_1/dia_turno_curso/20260923_200415/melhor_solucao.sol,resultados/experimentos/2024_1/dia_turno_curso/20260923_200415/historico.csv,resultados/experimentos/2024_1/dia_turno_curso/20260923_200415/historico.json,180.0,1,180.0,600.0,1,0
1,1,84,dia_turno_curso,5_T_ENF,44,14858,80132,OPTIMAL,186162.0,186162.0,False,186162.0,5.37,5.06,600.0,5,T,ENF,alfabetica,iteracao,dia_turno_curso,180.0,180.0,600.0,14400.0,False,False,alfabetica,,alfabetica,,./dados/2024_1/horarios_2024_1.xlsx,./dados/2024_1/salas_2024_1.csv,./dados/2024_1/salas_preferenciais_2024.1.xlsx,/Users/robertdrey/Documents/workspace/development/alocador_de_salas,resultados/experimentos/2024_1/dia_turno_curso/20260923_200415/melhor_solucao.sol,resultados/experimentos/2024_1/dia_turno_curso/20260923_200415/historico.csv,resultados/experimentos/2024_1/dia_turno_curso/20260923_200415/historico.json,180.0,1,180.0,600.0,1,0
1,1,85,dia_turno_curso,5_T_GEO,40,12650,82340,OPTIMAL,186162.0,186162.0,False,186162.0,1.06,0.75,600.0,5,T,GEO,alfabetica,iteracao,dia_turno_curso,180.0,180.0,600.0,14400.0,False,False,alfabetica,,alfabetica,,./dados/2024_1/horarios_2024_1.xlsx,./dados/2024_1/salas_2024_1.csv,./dados/2024_1/salas_preferenciais_2024.1.xlsx,/Users/robertdrey/Documents/workspace/development/alocador_de_salas,resultados/experimentos/2024_1/dia_turno_curso/20260923_200415/melhor_solucao.sol,resultados/experimentos/2024_1/dia_turno_curso/20260923_200415/historico.csv,resultados/experimentos/2024_1/dia_turno_curso/20260923_200415/historico.json,180.0,1,180.0,600.0,1,0
1,1,86,dia_turno_curso,5_T_LET,65,18722,76268,OPTIMAL,186162.0,186162.0,False,186162.0,4.54,4.21,600.0,5,T,LET,alfabetica,iteracao,dia_turno_curso,180.0,180.0,600.0,14400.0,False,False,alfabetica,,alfabetica,,./dados/2024_1/horarios_2024_1.xlsx,./dados/2024_1/salas_2024_1.csv,./dados/2024_1/salas_preferenciais_2024.1.xlsx,/Users/robertdrey/Documents/workspace/development/alocador_de_salas,resultados/experimentos/2024_1/dia_turno_curso/20260923_200415/melhor_solucao.sol,resultados/experimentos/2024_1/dia_turno_curso/20260923_200415/historico.csv,resultados/experimentos/2024_1/dia_turno_curso/20260923_200415/historico.json,180.0,1,180.0,600.0,1,0
1,1,87,dia_turno_curso,5_T_MED,67,19274,75716,OPTIMAL,186162.0,186162.0,False,186162.0,3.18,2.84,600.0,5,T,MED,alfabetica,iteracao,dia_turno_curso,180.0,180.0,600.0,14400.0,False,False,alfabetica,,alfabetica,,./dados/2024_1/horarios_2024_1.xlsx,./dados/2024_1/salas_2024_1.csv,./dados/2024_1/salas_preferenciais_2024.1.xlsx,/Users/robertdrey/Documents/workspace/development/alocador_de_salas,resultados/experimentos/2024_1/dia_turno_curso/20260923_200415/melhor_solucao.sol,resultados/experimentos/2024_1/dia_turno_curso/20260923_200415/historico.csv,resultados/experimentos/2024_1/dia_turno_curso/20260923_200415/historico.json,180.0,1,180.0,600.0,1,0
1,1,88,dia_turno_curso,5_N_ADM,83,16652,78338,OPTIMAL,186162.0,186162.0,False,186162.0,2.9,2.58,600.0,5,N,ADM,alfabetica,iteracao,dia_turno_curso,180.0,180.0,600.0,14400.0,False,False,alfabetica,,alfabetica,,./dados/2024_1/horarios_2024_1.xlsx,./dados/2024_1/salas_2024_1.csv,./dados/2024_1/salas_preferenciais_2024.1.xlsx,/Users/robertdrey/Documents/workspace/development/alocador_de_salas,resultados/experimentos/2024_1/dia_turno_curso/20260923_200415/melhor_solucao.sol,resultados/experimentos/2024_1/dia_turno_curso/20260923_200415/historico.csv,resultados/experimentos/2024_1/dia_turno_curso/20260923_200415/historico.json,180.0,1,180.0,600.0,1,0
1,1,89,dia_turno_curso,5_N_CC,83,18078,76912,OPTIMAL,186162.0,186162.0,False,186162.0,2.54,2.21,600.0,5,N,CC,alfabetica,iteracao,dia_turno_curso,180.0,180.0,600.0,14400.0,False,False,alfabetica,,alfabetica,,./dados/2024_1/horarios_2024_1.xlsx,./dados/2024_1/salas_2024_1.csv,./dados/2024_1/salas_preferenciais_2024.1.xlsx,/Users/robertdrey/Documents/workspace/development/alocador_de_salas,resultados/experimentos/2024_1/dia_turno_curso/20260923_200415/melhor_solucao.sol,resultados/experimentos/2024_1/dia_turno_curso/20260923_200415/historico.csv,resultados/experimentos/2024_1/dia_turno_curso/20260923_200415/historico.json,180.0,1,180.0,600.0,1,0
1,1,90,dia_turno_curso,5_N_CS,57,11914,83076,OPTIMAL,186162.0,186162.0,False,186162.0,1.62,1.29,600.0,5,N,CS,alfabetica,iteracao,dia_turno_curso,180.0,180.0,600.0,14400.0,False,False,alfabetica,,alfabetica,,./dados/2024_1/horarios_2024_1.xlsx,./dados/2024_1/salas_2024_1.csv,./dados/2024_1/salas_preferenciais_2024.1.xlsx,/Users/robertdrey/Documents/workspace/development/alocador_de_salas,resultados/experimentos/2024_1/dia_turno_curso/20260923_200415/melhor_solucao.sol,resultados/experimentos/2024_1/dia_turno_curso/20260923_200415/historico.csv,resultados/experimentos/2024_1/dia_turno_curso/20260923_200415/historico.json,180.0,1,180.0,600.0,1,0
1,1,91,dia_turno_curso,5_N_EAS,83,14950,80040,OPTIMAL,186162.0,186162.0,False,186162.0,1.7,1.4,600.0,5,N,EAS,alfabetica,iteracao,dia_turno_curso,180.0,180.0,600.0,14400.0,False,False,alfabetica,,alfabetica,,./dados/2024_1/horarios_2024_1.xlsx,./dados/2024_1/salas_2024_1.csv,./dados/2024_1/salas_preferenciais_2024.1.xlsx,/Users/robertdrey/Documents/workspace/development/alocador_de_salas,resultados/experimentos/2024_1/dia_turno_curso/20260923_200415/melhor_solucao.sol,resultados/experimentos/2024_1/dia_turno_curso/20260923_200415/historico.csv,resultados/experimentos/2024_1/dia_turno_curso/20260923_200415/historico.json,180.0,1,180.0,600.0,1,0
1,1,92,dia_turno_curso,5_N_FIL,51,10304,84686,OPTIMAL,186162.0,186162.0,False,186162.0,1.71,1.4,600.0,5,N,FIL,alfabetica,iteracao,dia_turno_curso,180.0,180.0,600.0,14400.0,False,False,alfabetica,,alfabetica,,./dados/2024_1/horarios_2024_1.xlsx,./dados/2024_1/salas_2024_1.csv,./dados/2024_1/salas_preferenciais_2024.1.xlsx,/Users/robertdrey/Documents/workspace/development/alocador_de_salas,resultados/experimentos/2024_1/dia_turno_curso/20260923_200415/melhor_solucao.sol,resultados/experimentos/2024_1/dia_turno_curso/20260923_200415/historico.csv,resultados/experimentos/2024_1/dia_turno_curso/20260923_200415/historico.json,180.0,1,180.0,600.0,1,0
1,1,93,dia_turno_curso,5_N_GEO,48,9844,85146,OPTIMAL,186162.0,186162.0,False,186162.0,1.69,1.36,600.0,5,N,GEO,alfabetica,iteracao,dia_turno_curso,180.0,180.0,600.0,14400.0,False,False,alfabetica,,alfabetica,,./dados/2024_1/horarios_2024_1.xlsx,./dados/2024_1/salas_2024_1.csv,./dados/2024_1/salas_preferenciais_2024.1.xlsx,/Users/robertdrey/Documents/workspace/development/alocador_de_salas,resultados/experimentos/2024_1/dia_turno_curso/20260923_200415/melhor_solucao.sol,resultados/experimentos/2024_1/dia_turno_curso/20260923_200415/historico.csv,resultados/experimentos/2024_1/dia_turno_curso/20260923_200415/historico.json,180.0,1,180.0,600.0,1,0
1,1,94,dia_turno_curso,5_N_HIS,58,11960,83030,OPTIMAL,186162.0,186162.0,False,186162.0,2.07,1.75,600.0,5,N,HIS,alfabetica,iteracao,dia_turno_curso,180.0,180.0,600.0,14400.0,False,False,alfabetica,,alfabetica,,./dados/2024_1/horarios_2024_1.xlsx,./dados/2024_1/salas_2024_1.csv,./dados/2024_1/salas_preferenciais_2024.1.xlsx,/Users/robertdrey/Documents/workspace/development/alocador_de_salas,resultados/experimentos/2024_1/dia_turno_curso/20260923_200415/melhor_solucao.sol,resultados/experimentos/2024_1/dia_turno_curso/20260923_200415/historico.csv,resultados/experimentos/2024_1/dia_turno_curso/20260923_200415/historico.json,180.0,1,180.0,600.0,1,0
1,1,95,dia_turno_curso,5_N_LET,68,15962,79028,OPTIMAL,186162.0,186162.0,False,186162.0,3.68,3.35,600.0,5,N,LET,alfabetica,iteracao,dia_turno_curso,180.0,180.0,600.0,14400.0,False,False,alfabetica,,alfabetica,,./dados/2024_1/horarios_2024_1.xlsx,./dados/2024_1/salas_2024_1.csv,./dados/2024_1/salas_preferenciais_2024.1.xlsx,/Users/robertdrey/Documents/workspace/development/alocador_de_salas,resultados/experimentos/2024_1/dia_turno_curso/20260923_200415/melhor_solucao.sol,resultados/experimentos/2024_1/dia_turno_curso/20260923_200415/historico.csv,resultados/experimentos/2024_1/dia_turno_curso/20260923_200415/historico.json,180.0,1,180.0,600.0,1,0
1,1,96,dia_turno_curso,5_N_MAT,58,12328,82662,OPTIMAL,186162.0,186162.0,False,186162.0,2.12,1.75,600.0,5,N,MAT,alfabetica,iteracao,dia_turno_curso,180.0,180.0,600.0,14400.0,False,False,alfabetica,,alfabetica,,./dados/2024_1/horarios_2024_1.xlsx,./dados/2024_1/salas_2024_1.csv,./dados/2024_1/salas_preferenciais_2024.1.xlsx,/Users/robertdrey/Documents/workspace/development/alocador_de_salas,resultados/experimentos/2024_1/dia_turno_curso/20260923_200415/melhor_solucao.sol,resultados/experimentos/2024_1/dia_turno_curso/20260923_200415/historico.csv,resultados/experimentos/2024_1/dia_turno_curso/20260923_200415/historico.json,180.0,1,180.0,600.0,1,0
1,1,97,dia_turno_curso,5_N_MED,78,16928,78062,OPTIMAL,186162.0,186162.0,False,186162.0,2.32,2.01,600.0,5,N,MED,alfabetica,iteracao,dia_turno_curso,180.0,180.0,600.0,14400.0,False,False,alfabetica,,alfabetica,,./dados/2024_1/horarios_2024_1.xlsx,./dados/2024_1/salas_2024_1.csv,./dados/2024_1/salas_preferenciais_2024.1.xlsx,/Users/robertdrey/Documents/workspace/development/alocador_de_salas,resultados/experimentos/2024_1/dia_turno_curso/20260923_200415/melhor_solucao.sol,resultados/experimentos/2024_1/dia_turno_curso/20260923_200415/historico.csv,resultados/experimentos/2024_1/dia_turno_curso/20260923_200415/historico.json,180.0,1,180.0,600.0,1,0
1,1,98,dia_turno_curso,5_N_PED,90,19780,75210,OPTIMAL,186162.0,186162.0,False,186162.0,7.49,7.18,600.0,5,N,PED,alfabetica,iteracao,dia_turno_curso,180.0,180.0,600.0,14400.0,False,False,alfabetica,,alfabetica,,./dados/2024_1/horarios_2024_1.xlsx,./dados/2024_1/salas_2024_1.csv,./dados/2024_1/salas_preferenciais_2024.1.xlsx,/Users/robertdrey/Documents/workspace/development/alocador_de_salas,resultados/experimentos/2024_1/dia_turno_curso/20260923_200415/melhor_solucao.sol,resultados/experimentos/2024_1/dia_turno_curso/20260923_200415/historico.csv,resultados/experimentos/2024_1/dia_turno_curso/20260923_200415/historico.json,180.0,1,180.0,600.0,1,0
1,1,99,dia_turno_curso,6_M_ADM,74,15226,79764,OPTIMAL,186162.0,186146.5,True,186146.5,2.53,2.18,600.0,6,M,ADM,alfabetica,iteracao,dia_turno_curso,180.0,180.0,600.0,14400.0,False,False,alfabetica,,alfabetica,,./dados/2024_1/horarios_2024_1.xlsx,./dados/2024_1/salas_2024_1.csv,./dados/2024_1/salas_preferenciais_2024.1.xlsx,/Users/robertdrey/Documents/workspace/development/alocador_de_salas,resultados/experimentos/2024_1/dia_turno_curso/20260923_200415/melhor_solucao.sol,resultados/experimentos/2024_1/dia_turno_curso/20260923_200415/historico.csv,resultados/experimentos/2024_1/dia_turno_curso/20260923_200415/historico.json,180.0,1,180.0,600.0,1,0
1,1,100,dia_turno_curso,6_M_AGRO,76,14168,80822,OPTIMAL,186146.5,186146.5,False,186146.5,4.98,4.61,600.0,6,M,AGRO,alfabetica,iteracao,dia_turno_curso,180.0,180.0,600.0,14400.0,False,False,alfabetica,,alfabetica,,./dados/2024_1/horarios_2024_1.xlsx,./dados/2024_1/salas_2024_1.csv,./dados/2024_1/salas_preferenciais_2024.1.xlsx,/Users/robertdrey/Documents/workspace/development/alocador_de_salas,resultados/experimentos/2024_1/dia_turno_curso/20260923_200415/melhor_solucao.sol,resultados/experimentos/2024_1/dia_turno_curso/20260923_200415/historico.csv,resultados/experimentos/2024_1/dia_turno_curso/20260923_200415/historico.json,180.0,1,180.0,600.0,1,0
1,1,101,dia_turno_curso,6_M_EAS,69,13294,81696,OPTIMAL,186146.5,186146.5,False,186146.5,1.88,1.55,600.0,6,M,EAS,alfabetica,iteracao,dia_turno_curso,180.0,180.0,600.0,14400.0,False,False,alfabetica,,alfabetica,,./dados/2024_1/horarios_2024_1.xlsx,./dados/2024_1/salas_2024_1.csv,./dados/2024_1/salas_preferenciais_2024.1.xlsx,/Users/robertdrey/Documents/workspace/development/alocador_de_salas,resultados/experimentos/2024_1/dia_turno_curso/20260923_200415/melhor_solucao.sol,resultados/experimentos/2024_1/dia_turno_curso/20260923_200415/historico.csv,resultados/experimentos/2024_1/dia_turno_curso/20260923_200415/historico.json,180.0,1,180.0,600.0,1,0
1,1,102,dia_turno_curso,6_M_MED,69,15778,79212,OPTIMAL,186146.5,186146.5,False,186146.5,2.84,2.52,600.0,6,M,MED,alfabetica,iteracao,dia_turno_curso,180.0,180.0,600.0,14400.0,False,False,alfabetica,,alfabetica,,./dados/2024_1/horarios_2024_1.xlsx,./dados/2024_1/salas_2024_1.csv,./dados/2024_1/salas_preferenciais_2024.1.xlsx,/Users/robertdrey/Documents/workspace/development/alocador_de_salas,resultados/experimentos/2024_1/dia_turno_curso/20260923_200415/melhor_solucao.sol,resultados/experimentos/2024_1/dia_turno_curso/20260923_200415/historico.csv,resultados/experimentos/2024_1/dia_turno_curso/20260923_200415/historico.json,180.0,1,180.0,600.0,1,0
1,1,103,dia_turno_curso,6_M_PED,81,18078,76912,OPTIMAL,186146.5,186123.0,True,186123.0,27.01,26.66,600.0,6,M,PED,alfabetica,iteracao,dia_turno_curso,180.0,180.0,600.0,14400.0,False,False,alfabetica,,alfabetica,,./dados/2024_1/horarios_2024_1.xlsx,./dados/2024_1/salas_2024_1.csv,./dados/2024_1/salas_preferenciais_2024.1.xlsx,/Users/robertdrey/Documents/workspace/development/alocador_de_salas,resultados/experimentos/2024_1/dia_turno_curso/20260923_200415/melhor_solucao.sol,resultados/experimentos/2024_1/dia_turno_curso/20260923_200415/historico.csv,resultados/experimentos/2024_1/dia_turno_curso/20260923_200415/historico.json,180.0,1,180.0,600.0,1,0
1,1,104,dia_turno_curso,6_T_AGRO,79,20102,74888,OPTIMAL,186123.0,186123.0,False,186123.0,7.51,7.17,600.0,6,T,AGRO,alfabetica,iteracao,dia_turno_curso,180.0,180.0,600.0,14400.0,False,False,alfabetica,,alfabetica,,./dados/2024_1/horarios_2024_1.xlsx,./dados/2024_1/salas_2024_1.csv,./dados/2024_1/salas_preferenciais_2024.1.xlsx,/Users/robertdrey/Documents/workspace/development/alocador_de_salas,resultados/experimentos/2024_1/dia_turno_curso/20260923_200415/melhor_solucao.sol,resultados/experimentos/2024_1/dia_turno_curso/20260923_200415/historico.csv,resultados/experimentos/2024_1/dia_turno_curso/20260923_200415/historico.json,180.0,1,180.0,600.0,1,0
1,1,105,dia_turno_curso,6_T_CC,68,20102,74888,OPTIMAL,186123.0,186123.0,False,186123.0,2.13,1.82,600.0,6,T,CC,alfabetica,iteracao,dia_turno_curso,180.0,180.0,600.0,14400.0,False,False,alfabetica,,alfabetica,,./dados/2024_1/horarios_2024_1.xlsx,./dados/2024_1/salas_2024_1.csv,./dados/2024_1/salas_preferenciais_2024.1.xlsx,/Users/robertdrey/Documents/workspace/development/alocador_de_salas,resultados/experimentos/2024_1/dia_turno_curso/20260923_200415/melhor_solucao.sol,resultados/experimentos/2024_1/dia_turno_curso/20260923_200415/historico.csv,resultados/experimentos/2024_1/dia_turno_curso/20260923_200415/historico.json,180.0,1,180.0,600.0,1,0
1,1,106,dia_turno_curso,6_T_EAS,71,18124,76866,OPTIMAL,186123.0,186123.0,False,186123.0,1.62,1.31,600.0,6,T,EAS,alfabetica,iteracao,dia_turno_curso,180.0,180.0,600.0,14400.0,False,False,alfabetica,,alfabetica,,./dados/2024_1/horarios_2024_1.xlsx,./dados/2024_1/salas_2024_1.csv,./dados/2024_1/salas_preferenciais_2024.1.xlsx,/Users/robertdrey/Documents/workspace/development/alocador_de_salas,resultados/experimentos/2024_1/dia_turno_curso/20260923_200415/melhor_solucao.sol,resultados/experimentos/2024_1/dia_turno_curso/20260923_200415/historico.csv,resultados/experimentos/2024_1/dia_turno_curso/20260923_200415/historico.json,180.0,1,180.0,600.0,1,0
1,1,107,dia_turno_curso,6_T_ENF,43,15364,79626,OPTIMAL,186123.0,186123.0,False,186123.0,7.47,7.15,600.0,6,T,ENF,alfabetica,iteracao,dia_turno_curso,180.0,180.0,600.0,14400.0,False,False,alfabetica,,alfabetica,,./dados/2024_1/horarios_2024_1.xlsx,./dados/2024_1/salas_2024_1.csv,./dados/2024_1/salas_preferenciais_2024.1.xlsx,/Users/robertdrey/Documents/workspace/development/alocador_de_salas,resultados/experimentos/2024_1/dia_turno_curso/20260923_200415/melhor_solucao.sol,resultados/experimentos/2024_1/dia_turno_curso/20260923_200415/historico.csv,resultados/experimentos/2024_1/dia_turno_curso/20260923_200415/historico.json,180.0,1,180.0,600.0,1,0
1,1,108,dia_turno_curso,6_T_LET,63,18998,75992,OPTIMAL,186123.0,186055.0,True,186055.0,2.94,2.59,600.0,6,T,LET,alfabetica,iteracao,dia_turno_curso,180.0,180.0,600.0,14400.0,False,False,alfabetica,,alfabetica,,./dados/2024_1/horarios_2024_1.xlsx,./dados/2024_1/salas_2024_1.csv,./dados/2024_1/salas_preferenciais_2024.1.xlsx,/Users/robertdrey/Documents/workspace/development/alocador_de_salas,resultados/experimentos/2024_1/dia_turno_curso/20260923_200415/melhor_solucao.sol,resultados/experimentos/2024_1/dia_turno_curso/20260923_200415/historico.csv,resultados/experimentos/2024_1/dia_turno_curso/20260923_200415/historico.json,180.0,1,180.0,600.0,1,0
1,1,109,dia_turno_curso,6_T_MED,64,19274,75716,OPTIMAL,186055.0,186055.0,False,186055.0,2.27,1.93,600.0,6,T,MED,alfabetica,iteracao,dia_turno_curso,180.0,180.0,600.0,14400.0,False,False,alfabetica,,alfabetica,,./dados/2024_1/horarios_2024_1.xlsx,./dados/2024_1/salas_2024_1.csv,./dados/2024_1/salas_preferenciais_2024.1.xlsx,/Users/robertdrey/Documents/workspace/development/alocador_de_salas,resultados/experimentos/2024_1/dia_turno_curso/20260923_200415/melhor_solucao.sol,resultados/experimentos/2024_1/dia_turno_curso/20260923_200415/historico.csv,resultados/experimentos/2024_1/dia_turno_curso/20260923_200415/historico.json,180.0,1,180.0,600.0,1,0
1,1,110,dia_turno_curso,6_N_ADM,83,17158,77832,OPTIMAL,186055.0,186055.0,False,186055.0,1.83,1.53,600.0,6,N,ADM,alfabetica,iteracao,dia_turno_curso,180.0,180.0,600.0,14400.0,False,False,alfabetica,,alfabetica,,./dados/2024_1/horarios_2024_1.xlsx,./dados/2024_1/salas_2024_1.csv,./dados/2024_1/salas_preferenciais_2024.1.xlsx,/Users/robertdrey/Documents/workspace/development/alocador_de_salas,resultados/experimentos/2024_1/dia_turno_curso/20260923_200415/melhor_solucao.sol,resultados/experimentos/2024_1/dia_turno_curso/20260923_200415/historico.csv,resultados/experimentos/2024_1/dia_turno_curso/20260923_200415/historico.json,180.0,1,180.0,600.0,1,0
1,1,111,dia_turno_curso,6_N_AGRO,89,16422,78568,OPTIMAL,186055.0,186055.0,False,186055.0,5.9,5.58,600.0,6,N,AGRO,alfabetica,iteracao,dia_turno_curso,180.0,180.0,600.0,14400.0,False,False,alfabetica,,alfabetica,,./dados/2024_1/horarios_2024_1.xlsx,./dados/2024_1/salas_2024_1.csv,./dados/2024_1/salas_preferenciais_2024.1.xlsx,/Users/robertdrey/Documents/workspace/development/alocador_de_salas,resultados/experimentos/2024_1/dia_turno_curso/20260923_200415/melhor_solucao.sol,resultados/experimentos/2024_1/dia_turno_curso/20260923_200415/historico.csv,resultados/experimentos/2024_1/dia_turno_curso/20260923_200415/historico.json,180.0,1,180.0,600.0,1,0
1,1,112,dia_turno_curso,6_N_CC,82,18400,76590,OPTIMAL,186055.0,186051.0,True,186051.0,57.45,57.07,600.0,6,N,CC,alfabetica,iteracao,dia_turno_curso,180.0,180.0,600.0,14400.0,False,False,alfabetica,,alfabetica,,./dados/2024_1/horarios_2024_1.xlsx,./dados/2024_1/salas_2024_1.csv,./dados/2024_1/salas_preferenciais_2024.1.xlsx,/Users/robertdrey/Documents/workspace/development/alocador_de_salas,resultados/experimentos/2024_1/dia_turno_curso/20260923_200415/melhor_solucao.sol,resultados/experimentos/2024_1/dia_turno_curso/20260923_200415/historico.csv,resultados/experimentos/2024_1/dia_turno_curso/20260923_200415/historico.json,180.0,1,180.0,600.0,1,0
1,1,113,dia_turno_curso,6_N_CS,57,12420,82570,OPTIMAL,186051.0,186051.0,False,186051.0,2.11,1.8,600.0,6,N,CS,alfabetica,iteracao,dia_turno_curso,180.0,180.0,600.0,14400.0,False,False,alfabetica,,alfabetica,,./dados/2024_1/horarios_2024_1.xlsx,./dados/2024_1/salas_2024_1.csv,./dados/2024_1/salas_preferenciais_2024.1.xlsx,/Users/robertdrey/Documents/workspace/development/alocador_de_salas,resultados/experimentos/2024_1/dia_turno_curso/20260923_200415/melhor_solucao.sol,resultados/experimentos/2024_1/dia_turno_curso/20260923_200415/historico.csv,resultados/experimentos/2024_1/dia_turno_curso/20260923_200415/historico.json,180.0,1,180.0,600.0,1,0
1,1,114,dia_turno_curso,6_N_EAS,83,15456,79534,OPTIMAL,186051.0,186051.0,False,186051.0,2.38,2.08,600.0,6,N,EAS,alfabetica,iteracao,dia_turno_curso,180.0,180.0,600.0,14400.0,False,False,alfabetica,,alfabetica,,./dados/2024_1/horarios_2024_1.xlsx,./dados/2024_1/salas_2024_1.csv,./dados/2024_1/salas_preferenciais_2024.1.xlsx,/Users/robertdrey/Documents/workspace/development/alocador_de_salas,resultados/experimentos/2024_1/dia_turno_curso/20260923_200415/melhor_solucao.sol,resultados/experimentos/2024_1/dia_turno_curso/20260923_200415/historico.csv,resultados/experimentos/2024_1/dia_turno_curso/20260923_200415/historico.json,180.0,1,180.0,600.0,1,0
1,1,115,dia_turno_curso,6_N_FIL,51,10810,84180,OPTIMAL,186051.0,185878.5,True,185878.5,2.31,2.0,600.0,6,N,FIL,alfabetica,iteracao,dia_turno_curso,180.0,180.0,600.0,14400.0,False,False,alfabetica,,alfabetica,,./dados/2024_1/horarios_2024_1.xlsx,./dados/2024_1/salas_2024_1.csv,./dados/2024_1/salas_preferenciais_2024.1.xlsx,/Users/robertdrey/Documents/workspace/development/alocador_de_salas,resultados/experimentos/2024_1/dia_turno_curso/20260923_200415/melhor_solucao.sol,resultados/experimentos/2024_1/dia_turno_curso/20260923_200415/historico.csv,resultados/experimentos/2024_1/dia_turno_curso/20260923_200415/historico.json,180.0,1,180.0,600.0,1,0
1,1,116,dia_turno_curso,6_N_GEO,47,10304,84686,OPTIMAL,185878.5,185878.5,False,185878.5,1.49,1.17,600.0,6,N,GEO,alfabetica,iteracao,dia_turno_curso,180.0,180.0,600.0,14400.0,False,False,alfabetica,,alfabetica,,./dados/2024_1/horarios_2024_1.xlsx,./dados/2024_1/salas_2024_1.csv,./dados/2024_1/salas_preferenciais_2024.1.xlsx,/Users/robertdrey/Documents/workspace/development/alocador_de_salas,resultados/experimentos/2024_1/dia_turno_curso/20260923_200415/melhor_solucao.sol,resultados/experimentos/2024_1/dia_turno_curso/20260923_200415/historico.csv,resultados/experimentos/2024_1/dia_turno_curso/20260923_200415/historico.json,180.0,1,180.0,600.0,1,0
1,1,117,dia_turno_curso,6_N_HIS,59,12650,82340,OPTIMAL,185878.5,185878.5,False,185878.5,1.74,1.43,600.0,6,N,HIS,alfabetica,iteracao,dia_turno_curso,180.0,180.0,600.0,14400.0,False,False,alfabetica,,alfabetica,,./dados/2024_1/horarios_2024_1.xlsx,./dados/2024_1/salas_2024_1.csv,./dados/2024_1/salas_preferenciais_2024.1.xlsx,/Users/robertdrey/Documents/workspace/development/alocador_de_salas,resultados/experimentos/2024_1/dia_turno_curso/20260923_200415/melhor_solucao.sol,resultados/experimentos/2024_1/dia_turno_curso/20260923_200415/historico.csv,resultados/experimentos/2024_1/dia_turno_curso/20260923_200415/historico.json,180.0,1,180.0,600.0,1,0
1,1,118,dia_turno_curso,6_N_LET,69,16376,78614,OPTIMAL,185878.5,185514.5,True,185514.5,4.15,3.84,600.0,6,N,LET,alfabetica,iteracao,dia_turno_curso,180.0,180.0,600.0,14400.0,False,False,alfabetica,,alfabetica,,./dados/2024_1/horarios_2024_1.xlsx,./dados/2024_1/salas_2024_1.csv,./dados/2024_1/salas_preferenciais_2024.1.xlsx,/Users/robertdrey/Documents/workspace/development/alocador_de_salas,resultados/experimentos/2024_1/dia_turno_curso/20260923_200415/melhor_solucao.sol,resultados/experimentos/2024_1/dia_turno_curso/20260923_200415/historico.csv,resultados/experimentos/2024_1/dia_turno_curso/20260923_200415/historico.json,180.0,1,180.0,600.0,1,0
1,1,119,dia_turno_curso,6_N_MAT,58,12834,82156,OPTIMAL,185514.5,185514.5,False,185514.5,1.86,1.53,600.0,6,N,MAT,alfabetica,iteracao,dia_turno_curso,180.0,180.0,600.0,14400.0,False,False,alfabetica,,alfabetica,,./dados/2024_1/horarios_2024_1.xlsx,./dados/2024_1/salas_2024_1.csv,./dados/2024_1/salas_preferenciais_2024.1.xlsx,/Users/robertdrey/Documents/workspace/development/alocador_de_salas,resultados/experimentos/2024_1/dia_turno_curso/20260923_200415/melhor_solucao.sol,resultados/experimentos/2024_1/dia_turno_curso/20260923_200415/historico.csv,resultados/experimentos/2024_1/dia_turno_curso/20260923_200415/historico.json,180.0,1,180.0,600.0,1,0
1,1,120,dia_turno_curso,6_N_PED,89,20286,74704,OPTIMAL,185514.5,185514.5,False,185514.5,22.85,22.52,600.0,6,N,PED,alfabetica,iteracao,dia_turno_curso,180.0,180.0,600.0,14400.0,False,False,alfabetica,,alfabetica,,./dados/2024_1/horarios_2024_1.xlsx,./dados/2024_1/salas_2024_1.csv,./dados/2024_1/salas_preferenciais_2024.1.xlsx,/Users/robertdrey/Documents/workspace/development/alocador_de_salas,resultados/experimentos/2024_1/dia_turno_curso/20260923_200415/melhor_solucao.sol,resultados/experimentos/2024_1/dia_turno_curso/20260923_200415/historico.csv,resultados/experimentos/2024_1/dia_turno_curso/20260923_200415/historico.json,180.0,1,180.0,600.0,1,0
1,1,121,dia_turno_curso,7_M_AGRO,68,15870,79120,OPTIMAL,185514.5,185514.5,False,185514.5,5.46,5.13,600.0,7,M,AGRO,alfabetica,iteracao,dia_turno_curso,180.0,180.0,600.0,14400.0,False,False,alfabetica,,alfabetica,,./dados/2024_1/horarios_2024_1.xlsx,./dados/2024_1/salas_2024_1.csv,./dados/2024_1/salas_preferenciais_2024.1.xlsx,/Users/robertdrey/Documents/workspace/development/alocador_de_salas,resultados/experimentos/2024_1/dia_turno_curso/20260923_200415/melhor_solucao.sol,resultados/experimentos/2024_1/dia_turno_curso/20260923_200415/historico.csv,resultados/experimentos/2024_1/dia_turno_curso/20260923_200415/historico.json,180.0,1,180.0,600.0,1,0
1,1,122,dia_turno_curso,7_M_CC,63,17480,77510,OPTIMAL,185514.5,185514.5,False,185514.5,2.54,2.21,600.0,7,M,CC,alfabetica,iteracao,dia_turno_curso,180.0,180.0,600.0,14400.0,False,False,alfabetica,,alfabetica,,./dados/2024_1/horarios_2024_1.xlsx,./dados/2024_1/salas_2024_1.csv,./dados/2024_1/salas_preferenciais_2024.1.xlsx,/Users/robertdrey/Documents/workspace/development/alocador_de_salas,resultados/experimentos/2024_1/dia_turno_curso/20260923_200415/melhor_solucao.sol,resultados/experimentos/2024_1/dia_turno_curso/20260923_200415/historico.csv,resultados/experimentos/2024_1/dia_turno_curso/20260923_200415/historico.json,180.0,1,180.0,600.0,1,0
1,1,123,dia_turno_curso,7_M_CS,40,12742,82248,OPTIMAL,185514.5,185514.5,False,185514.5,1.2,0.88,600.0,7,M,CS,alfabetica,iteracao,dia_turno_curso,180.0,180.0,600.0,14400.0,False,False,alfabetica,,alfabetica,,./dados/2024_1/horarios_2024_1.xlsx,./dados/2024_1/salas_2024_1.csv,./dados/2024_1/salas_preferenciais_2024.1.xlsx,/Users/robertdrey/Documents/workspace/development/alocador_de_salas,resultados/experimentos/2024_1/dia_turno_curso/20260923_200415/melhor_solucao.sol,resultados/experimentos/2024_1/dia_turno_curso/20260923_200415/historico.csv,resultados/experimentos/2024_1/dia_turno_curso/20260923_200415/historico.json,180.0,1,180.0,600.0,1,0
1,1,124,dia_turno_curso,7_M_GEO,28,10258,84732,OPTIMAL,185514.5,185514.5,False,185514.5,0.93,0.63,600.0,7,M,GEO,alfabetica,iteracao,dia_turno_curso,180.0,180.0,600.0,14400.0,False,False,alfabetica,,alfabetica,,./dados/2024_1/horarios_2024_1.xlsx,./dados/2024_1/salas_2024_1.csv,./dados/2024_1/salas_preferenciais_2024.1.xlsx,/Users/robertdrey/Documents/workspace/development/alocador_de_salas,resultados/experimentos/2024_1/dia_turno_curso/20260923_200415/melhor_solucao.sol,resultados/experimentos/2024_1/dia_turno_curso/20260923_200415/historico.csv,resultados/experimentos/2024_1/dia_turno_curso/20260923_200415/historico.json,180.0,1,180.0,600.0,1,0
1,1,125,dia_turno_curso,7_M_HIS,41,12420,82570,OPTIMAL,185514.5,185514.5,False,185514.5,1.01,0.71,600.0,7,M,HIS,alfabetica,iteracao,dia_turno_curso,180.0,180.0,600.0,14400.0,False,False,alfabetica,,alfabetica,,./dados/2024_1/horarios_2024_1.xlsx,./dados/2024_1/salas_2024_1.csv,./dados/2024_1/salas_preferenciais_2024.1.xlsx,/Users/robertdrey/Documents/workspace/development/alocador_de_salas,resultados/experimentos/2024_1/dia_turno_curso/20260923_200415/melhor_solucao.sol,resultados/experimentos/2024_1/dia_turno_curso/20260923_200415/historico.csv,resultados/experimentos/2024_1/dia_turno_curso/20260923_200415/historico.json,180.0,1,180.0,600.0,1,0
1,1,126,dia_turno_curso,7_M_MAT,40,12604,82386,OPTIMAL,185514.5,185514.5,False,185514.5,1.16,0.86,600.0,7,M,MAT,alfabetica,iteracao,dia_turno_curso,180.0,180.0,600.0,14400.0,False,False,alfabetica,,alfabetica,,./dados/2024_1/horarios_2024_1.xlsx,./dados/2024_1/salas_2024_1.csv,./dados/2024_1/salas_preferenciais_2024.1.xlsx,/Users/robertdrey/Documents/workspace/development/alocador_de_salas,resultados/experimentos/2024_1/dia_turno_curso/20260923_200415/melhor_solucao.sol,resultados/experimentos/2024_1/dia_turno_curso/20260923_200415/historico.csv,resultados/experimentos/2024_1/dia_turno_curso/20260923_200415/historico.json,180.0,1,180.0,600.0,1,0
1,1,127,dia_turno_curso,7_M_MED,59,17480,77510,OPTIMAL,185514.5,185514.5,False,185514.5,2.13,1.81,600.0,7,M,MED,alfabetica,iteracao,dia_turno_curso,180.0,180.0,600.0,14400.0,False,False,alfabetica,,alfabetica,,./dados/2024_1/horarios_2024_1.xlsx,./dados/2024_1/salas_2024_1.csv,./dados/2024_1/salas_preferenciais_2024.1.xlsx,/Users/robertdrey/Documents/workspace/development/alocador_de_salas,resultados/experimentos/2024_1/dia_turno_curso/20260923_200415/melhor_solucao.sol,resultados/experimentos/2024_1/dia_turno_curso/20260923_200415/historico.csv,resultados/experimentos/2024_1/dia_turno_curso/20260923_200415/historico.json,180.0,1,180.0,600.0,1,0
1,1,128,dia_turno_curso,7_M_PED,68,17572,77418,OPTIMAL,185514.5,185514.5,False,185514.5,25.51,25.2,600.0,7,M,PED,alfabetica,iteracao,dia_turno_curso,180.0,180.0,600.0,14400.0,False,False,alfabetica,,alfabetica,,./dados/2024_1/horarios_2024_1.xlsx,./dados/2024_1/salas_2024_1.csv,./dados/2024_1/salas_preferenciais_2024.1.xlsx,/Users/robertdrey/Documents/workspace/development/alocador_de_salas,resultados/experimentos/2024_1/dia_turno_curso/20260923_200415/melhor_solucao.sol,resultados/experimentos/2024_1/dia_turno_curso/20260923_200415/historico.csv,resultados/experimentos/2024_1/dia_turno_curso/20260923_200415/historico.json,180.0,1,180.0,600.0,1,0
1,1,129,dia_turno_curso,7_T_AGRO,58,12144,82846,OPTIMAL,185514.5,185514.5,False,185514.5,4.63,4.32,600.0,7,T,AGRO,alfabetica,iteracao,dia_turno_curso,180.0,180.0,600.0,14400.0,False,False,alfabetica,,alfabetica,,./dados/2024_1/horarios_2024_1.xlsx,./dados/2024_1/salas_2024_1.csv,./dados/2024_1/salas_preferenciais_2024.1.xlsx,/Users/robertdrey/Documents/workspace/development/alocador_de_salas,resultados/experimentos/2024_1/dia_turno_curso/20260923_200415/melhor_solucao.sol,resultados/experimentos/2024_1/dia_turno_curso/20260923_200415/historico.csv,resultados/experimentos/2024_1/dia_turno_curso/20260923_200415/historico.json,180.0,1,180.0,600.0,1,0
1,1,130,dia_turno_curso,7_T_CC,53,13754,81236,OPTIMAL,185514.5,185514.5,False,185514.5,2.99,2.66,600.0,7,T,CC,alfabetica,iteracao,dia_turno_curso,180.0,180.0,600.0,14400.0,False,False,alfabetica,,alfabetica,,./dados/2024_1/horarios_2024_1.xlsx,./dados/2024_1/salas_2024_1.csv,./dados/2024_1/salas_preferenciais_2024.1.xlsx,/Users/robertdrey/Documents/workspace/development/alocador_de_salas,resultados/experimentos/2024_1/dia_turno_curso/20260923_200415/melhor_solucao.sol,resultados/experimentos/2024_1/dia_turno_curso/20260923_200415/historico.csv,resultados/experimentos/2024_1/dia_turno_curso/20260923_200415/historico.json,180.0,1,180.0,600.0,1,0
1,1,131,dia_turno_curso,7_T_HIS,32,9246,85744,OPTIMAL,185514.5,185514.5,False,185514.5,0.81,0.48,600.0,7,T,HIS,alfabetica,iteracao,dia_turno_curso,180.0,180.0,600.0,14400.0,False,False,alfabetica,,alfabetica,,./dados/2024_1/horarios_2024_1.xlsx,./dados/2024_1/salas_2024_1.csv,./dados/2024_1/salas_preferenciais_2024.1.xlsx,/Users/robertdrey/Documents/workspace/development/alocador_de_salas,resultados/experimentos/2024_1/dia_turno_curso/20260923_200415/melhor_solucao.sol,resultados/experimentos/2024_1/dia_turno_curso/20260923_200415/historico.csv,resultados/experimentos/2024_1/dia_turno_curso/20260923_200415/historico.json,180.0,1,180.0,600.0,1,0
1,1,132,dia_turno_curso,7_T_PED,62,15640,79350,OPTIMAL,185514.5,185514.5,False,185514.5,31.24,30.93,600.0,7,T,PED,alfabetica,iteracao,dia_turno_curso,180.0,180.0,600.0,14400.0,False,False,alfabetica,,alfabetica,,./dados/2024_1/horarios_2024_1.xlsx,./dados/2024_1/salas_2024_1.csv,./dados/2024_1/salas_preferenciais_2024.1.xlsx,/Users/robertdrey/Documents/workspace/development/alocador_de_salas,resultados/experimentos/2024_1/dia_turno_curso/20260923_200415/melhor_solucao.sol,resultados/experimentos/2024_1/dia_turno_curso/20260923_200415/historico.csv,resultados/experimentos/2024_1/dia_turno_curso/20260923_200415/historico.json,180.0,1,180.0,600.0,1,0
1,1,133,dia_turno_curso,7_N_AGRO,53,10028,84962,OPTIMAL,185514.5,185514.5,False,185514.5,3.48,3.15,600.0,7,N,AGRO,alfabetica,iteracao,dia_turno_curso,180.0,180.0,600.0,14400.0,False,False,alfabetica,,alfabetica,,./dados/2024_1/horarios_2024_1.xlsx,./dados/2024_1/salas_2024_1.csv,./dados/2024_1/salas_preferenciais_2024.1.xlsx,/Users/robertdrey/Documents/workspace/development/alocador_de_salas,resultados/experimentos/2024_1/dia_turno_curso/20260923_200415/melhor_solucao.sol,resultados/experimentos/2024_1/dia_turno_curso/20260923_200415/historico.csv,resultados/experimentos/2024_1/dia_turno_curso/20260923_200415/historico.json,180.0,1,180.0,600.0,1,0
1,1,134,dia_turno_curso,7_N_HIS,26,6532,88458,OPTIMAL,185514.5,185514.5,False,185514.5,0.74,0.41,600.0,7,N,HIS,alfabetica,iteracao,dia_turno_curso,180.0,180.0,600.0,14400.0,False,False,alfabetica,,alfabetica,,./dados/2024_1/horarios_2024_1.xlsx,./dados/2024_1/salas_2024_1.csv,./dados/2024_1/salas_preferenciais_2024.1.xlsx,/Users/robertdrey/Documents/workspace/development/alocador_de_salas,resultados/experimentos/2024_1/dia_turno_curso/20260923_200415/melhor_solucao.sol,resultados/experimentos/2024_1/dia_turno_curso/20260923_200415/historico.csv,resultados/experimentos/2024_1/dia_turno_curso/20260923_200415/historico.json,180.0,1,180.0,600.0,1,0
1,1,135,dia_turno_curso,7_N_PED,58,14168,80822,OPTIMAL,185514.5,185514.5,False,185514.5,24.05,23.73,600.0,7,N,PED,alfabetica,iteracao,dia_turno_curso,180.0,180.0,600.0,14400.0,False,False,alfabetica,,alfabetica,,./dados/2024_1/horarios_2024_1.xlsx,./dados/2024_1/salas_2024_1.csv,./dados/2024_1/salas_preferenciais_2024.1.xlsx,/Users/robertdrey/Documents/workspace/development/alocador_de_salas,resultados/experimentos/2024_1/dia_turno_curso/20260923_200415/melhor_solucao.sol,resultados/experimentos/2024_1/dia_turno_curso/20260923_200415/historico.csv,resultados/experimentos/2024_1/dia_turno_curso/20260923_200415/historico.json,180.0,1,180.0,600.0,1,0
1,2,1,dia_turno_curso,2_M_ADM,81,18538,76452,OPTIMAL,185514.5,185514.5,False,185514.5,2.26,1.94,600.0,2,M,ADM,alfabetica,iteracao,dia_turno_curso,180.0,180.0,600.0,14400.0,False,False,alfabetica,,alfabetica,,./dados/2024_1/horarios_2024_1.xlsx,./dados/2024_1/salas_2024_1.csv,./dados/2024_1/salas_preferenciais_2024.1.xlsx,/Users/robertdrey/Documents/workspace/development/alocador_de_salas,resultados/experimentos/2024_1/dia_turno_curso/20260923_200415/melhor_solucao.sol,resultados/experimentos/2024_1/dia_turno_curso/20260923_200415/historico.csv,resultados/experimentos/2024_1/dia_turno_curso/20260923_200415/historico.json,180.0,1,180.0,600.0,1,0
1,2,2,dia_turno_curso,2_M_AGRO,82,17250,77740,OPTIMAL,185514.5,185514.5,False,185514.5,6.59,6.26,600.0,2,M,AGRO,alfabetica,iteracao,dia_turno_curso,180.0,180.0,600.0,14400.0,False,False,alfabetica,,alfabetica,,./dados/2024_1/horarios_2024_1.xlsx,./dados/2024_1/salas_2024_1.csv,./dados/2024_1/salas_preferenciais_2024.1.xlsx,/Users/robertdrey/Documents/workspace/development/alocador_de_salas,resultados/experimentos/2024_1/dia_turno_curso/20260923_200415/melhor_solucao.sol,resultados/experimentos/2024_1/dia_turno_curso/20260923_200415/historico.csv,resultados/experimentos/2024_1/dia_turno_curso/20260923_200415/historico.json,180.0,1,180.0,600.0,1,0
1,2,3,dia_turno_curso,2_M_EAS,73,16238,78752,OPTIMAL,185514.5,185514.5,False,185514.5,1.96,1.65,600.0,2,M,EAS,alfabetica,iteracao,dia_turno_curso,180.0,180.0,600.0,14400.0,False,False,alfabetica,,alfabetica,,./dados/2024_1/horarios_2024_1.xlsx,./dados/2024_1/salas_2024_1.csv,./dados/2024_1/salas_preferenciais_2024.1.xlsx,/Users/robertdrey/Documents/workspace/development/alocador_de_salas,resultados/experimentos/2024_1/dia_turno_curso/20260923_200415/melhor_solucao.sol,resultados/experimentos/2024_1/dia_turno_curso/20260923_200415/historico.csv,resultados/experimentos/2024_1/dia_turno_curso/20260923_200415/historico.json,180.0,1,180.0,600.0,1,0
1,2,4,dia_turno_curso,2_M_ENF,51,15548,79442,OPTIMAL,185514.5,185514.5,False,185514.5,5.17,4.84,600.0,2,M,ENF,alfabetica,iteracao,dia_turno_curso,180.0,180.0,600.0,14400.0,False,False,alfabetica,,alfabetica,,./dados/2024_1/horarios_2024_1.xlsx,./dados/2024_1/salas_2024_1.csv,./dados/2024_1/salas_preferenciais_2024.1.xlsx,/Users/robertdrey/Documents/workspace/development/alocador_de_salas,resultados/experimentos/2024_1/dia_turno_curso/20260923_200415/melhor_solucao.sol,resultados/experimentos/2024_1/dia_turno_curso/20260923_200415/historico.csv,resultados/experimentos/2024_1/dia_turno_curso/20260923_200415/historico.json,180.0,1,180.0,600.0,1,0
1,2,5,dia_turno_curso,2_M_MED,74,18078,76912,OPTIMAL,185514.5,185514.5,False,185514.5,3.07,2.73,600.0,2,M,MED,alfabetica,iteracao,dia_turno_curso,180.0,180.0,600.0,14400.0,False,False,alfabetica,,alfabetica,,./dados/2024_1/horarios_2024_1.xlsx,./dados/2024_1/salas_2024_1.csv,./dados/2024_1/salas_preferenciais_2024.1.xlsx,/Users/robertdrey/Documents/workspace/development/alocador_de_salas,resultados/experimentos/2024_1/dia_turno_curso/20260923_200415/melhor_solucao.sol,resultados/experimentos/2024_1/dia_turno_curso/20260923_200415/historico.csv,resultados/experimentos/2024_1/dia_turno_curso/20260923_200415/historico.json,180.0,1,180.0,600.0,1,0
1,2,6,dia_turno_curso,2_M_PED,88,21574,73416,OPTIMAL,185514.5,185514.5,False,185514.5,24.77,24.43,600.0,2,M,PED,alfabetica,iteracao,dia_turno_curso,180.0,180.0,600.0,14400.0,False,False,alfabetica,,alfabetica,,./dados/2024_1/horarios_2024_1.xlsx,./dados/2024_1/salas_2024_1.csv,./dados/2024_1/salas_preferenciais_2024.1.xlsx,/Users/robertdrey/Documents/workspace/development/alocador_de_salas,resultados/experimentos/2024_1/dia_turno_curso/20260923_200415/melhor_solucao.sol,resultados/experimentos/2024_1/dia_turno_curso/20260923_200415/historico.csv,resultados/experimentos/2024_1/dia_turno_curso/20260923_200415/historico.json,180.0,1,180.0,600.0,1,0
1,2,7,dia_turno_curso,2_T_AGRO,82,20194,74796,OPTIMAL,185514.5,185514.5,False,185514.5,9.51,9.18,600.0,2,T,AGRO,alfabetica,iteracao,dia_turno_curso,180.0,180.0,600.0,14400.0,False,False,alfabetica,,alfabetica,,./dados/2024_1/horarios_2024_1.xlsx,./dados/2024_1/salas_2024_1.csv,./dados/2024_1/salas_preferenciais_2024.1.xlsx,/Users/robertdrey/Documents/workspace/development/alocador_de_salas,resultados/experimentos/2024_1/dia_turno_curso/20260923_200415/melhor_solucao.sol,resultados/experimentos/2024_1/dia_turno_curso/20260923_200415/historico.csv,resultados/experimentos/2024_1/dia_turno_curso/20260923_200415/historico.json,180.0,1,180.0,600.0,1,0
1,2,8,dia_turno_curso,2_T_CC,70,20010,74980,OPTIMAL,185514.5,185514.5,False,185514.5,3.24,2.92,600.0,2,T,CC,alfabetica,iteracao,dia_turno_curso,180.0,180.0,600.0,14400.0,False,False,alfabetica,,alfabetica,,./dados/2024_1/horarios_2024_1.xlsx,./dados/2024_1/salas_2024_1.csv,./dados/2024_1/salas_preferenciais_2024.1.xlsx,/Users/robertdrey/Documents/workspace/development/alocador_de_salas,resultados/experimentos/2024_1/dia_turno_curso/20260923_200415/melhor_solucao.sol,resultados/experimentos/2024_1/dia_turno_curso/20260923_200415/historico.csv,resultados/experimentos/2024_1/dia_turno_curso/20260923_200415/historico.json,180.0,1,180.0,600.0,1,0
1,2,9,dia_turno_curso,2_T_CS,55,16284,78706,OPTIMAL,185514.5,185514.5,False,185514.5,1.64,1.31,600.0,2,T,CS,alfabetica,iteracao,dia_turno_curso,180.0,180.0,600.0,14400.0,False,False,alfabetica,,alfabetica,,./dados/2024_1/horarios_2024_1.xlsx,./dados/2024_1/salas_2024_1.csv,./dados/2024_1/salas_preferenciais_2024.1.xlsx,/Users/robertdrey/Documents/workspace/development/alocador_de_salas,resultados/experimentos/2024_1/dia_turno_curso/20260923_200415/melhor_solucao.sol,resultados/experimentos/2024_1/dia_turno_curso/20260923_200415/historico.csv,resultados/experimentos/2024_1/dia_turno_curso/20260923_200415/historico.json,180.0,1,180.0,600.0,1,0
1,2,10,dia_turno_curso,2_T_EAS,74,18538,76452,OPTIMAL,185514.5,185488.5,True,185488.5,2.13,1.83,600.0,2,T,EAS,alfabetica,iteracao,dia_turno_curso,180.0,180.0,600.0,14400.0,False,False,alfabetica,,alfabetica,,./dados/2024_1/horarios_2024_1.xlsx,./dados/2024_1/salas_2024_1.csv,./dados/2024_1/salas_preferenciais_2024.1.xlsx,/Users/robertdrey/Documents/workspace/development/alocador_de_salas,resultados/experimentos/2024_1/dia_turno_curso/20260923_200415/melhor_solucao.sol,resultados/experimentos/2024_1/dia_turno_curso/20260923_200415/historico.csv,resultados/experimentos/2024_1/dia_turno_curso/20260923_200415/historico.json,180.0,1,180.0,600.0,1,0
1,2,11,dia_turno_curso,2_T_ENF,47,16422,78568,OPTIMAL,185488.5,185478.5,True,185478.5,3.73,3.4,600.0,2,T,ENF,alfabetica,iteracao,dia_turno_curso,180.0,180.0,600.0,14400.0,False,False,alfabetica,,alfabetica,,./dados/2024_1/horarios_2024_1.xlsx,./dados/2024_1/salas_2024_1.csv,./dados/2024_1/salas_preferenciais_2024.1.xlsx,/Users/robertdrey/Documents/workspace/development/alocador_de_salas,resultados/experimentos/2024_1/dia_turno_curso/20260923_200415/melhor_solucao.sol,resultados/experimentos/2024_1/dia_turno_curso/20260923_200415/historico.csv,resultados/experimentos/2024_1/dia_turno_curso/20260923_200415/historico.json,180.0,1,180.0,600.0,1,0
1,2,12,dia_turno_curso,2_T_GEO,43,13846,81144,OPTIMAL,185478.5,185478.5,False,185478.5,1.43,1.1,600.0,2,T,GEO,alfabetica,iteracao,dia_turno_curso,180.0,180.0,600.0,14400.0,False,False,alfabetica,,alfabetica,,./dados/2024_1/horarios_2024_1.xlsx,./dados/2024_1/salas_2024_1.csv,./dados/2024_1/salas_preferenciais_2024.1.xlsx,/Users/robertdrey/Documents/workspace/development/alocador_de_salas,resultados/experimentos/2024_1/dia_turno_curso/20260923_200415/melhor_solucao.sol,resultados/experimentos/2024_1/dia_turno_curso/20260923_200415/historico.csv,resultados/experimentos/2024_1/dia_turno_curso/20260923_200415/historico.json,180.0,1,180.0,600.0,1,0
1,2,13,dia_turno_curso,2_T_LET,67,19228,75762,OPTIMAL,185478.5,185478.5,False,185478.5,2.92,2.6,600.0,2,T,LET,alfabetica,iteracao,dia_turno_curso,180.0,180.0,600.0,14400.0,False,False,alfabetica,,alfabetica,,./dados/2024_1/horarios_2024_1.xlsx,./dados/2024_1/salas_2024_1.csv,./dados/2024_1/salas_preferenciais_2024.1.xlsx,/Users/robertdrey/Documents/workspace/development/alocador_de_salas,resultados/experimentos/2024_1/dia_turno_curso/20260923_200415/melhor_solucao.sol,resultados/experimentos/2024_1/dia_turno_curso/20260923_200415/historico.csv,resultados/experimentos/2024_1/dia_turno_curso/20260923_200415/historico.json,180.0,1,180.0,600.0,1,0
1,2,14,dia_turno_curso,2_T_MAT,56,16606,78384,OPTIMAL,185478.5,185478.5,False,185478.5,1.48,1.16,600.0,2,T,MAT,alfabetica,iteracao,dia_turno_curso,180.0,180.0,600.0,14400.0,False,False,alfabetica,,alfabetica,,./dados/2024_1/horarios_2024_1.xlsx,./dados/2024_1/salas_2024_1.csv,./dados/2024_1/salas_preferenciais_2024.1.xlsx,/Users/robertdrey/Documents/workspace/development/alocador_de_salas,resultados/experimentos/2024_1/dia_turno_curso/20260923_200415/melhor_solucao.sol,resultados/experimentos/2024_1/dia_turno_curso/20260923_200415/historico.csv,resultados/experimentos/2024_1/dia_turno_curso/20260923_200415/historico.json,180.0,1,180.0,600.0,1,0
1,2,15,dia_turno_curso,2_T_MED,71,20286,74704,OPTIMAL,185478.5,185478.5,False,185478.5,3.14,2.83,600.0,2,T,MED,alfabetica,iteracao,dia_turno_curso,180.0,180.0,600.0,14400.0,False,False,alfabetica,,alfabetica,,./dados/2024_1/horarios_2024_1.xlsx,./dados/2024_1/salas_2024_1.csv,./dados/2024_1/salas_preferenciais_2024.1.xlsx,/Users/robertdrey/Documents/workspace/development/alocador_de_salas,resultados/experimentos/2024_1/dia_turno_curso/20260923_200415/melhor_solucao.sol,resultados/experimentos/2024_1/dia_turno_curso/20260923_200415/historico.csv,resultados/experimentos/2024_1/dia_turno_curso/20260923_200415/historico.json,180.0,1,180.0,600.0,1,0
1,2,16,dia_turno_curso,2_N_ADM,85,18078,76912,OPTIMAL,185478.5,185478.5,False,185478.5,2.18,1.86,600.0,2,N,ADM,alfabetica,iteracao,dia_turno_curso,180.0,180.0,600.0,14400.0,False,False,alfabetica,,alfabetica,,./dados/2024_1/horarios_2024_1.xlsx,./dados/2024_1/salas_2024_1.csv,./dados/2024_1/salas_preferenciais_2024.1.xlsx,/Users/robertdrey/Documents/workspace/development/alocador_de_salas,resultados/experimentos/2024_1/dia_turno_curso/20260923_200415/melhor_solucao.sol,resultados/experimentos/2024_1/dia_turno_curso/20260923_200415/historico.csv,resultados/experimentos/2024_1/dia_turno_curso/20260923_200415/historico.json,180.0,1,180.0,600.0,1,0
1,2,17,dia_turno_curso,2_N_CC,83,19136,75854,OPTIMAL,185478.5,185478.5,False,185478.5,4.42,4.11,600.0,2,N,CC,alfabetica,iteracao,dia_turno_curso,180.0,180.0,600.0,14400.0,False,False,alfabetica,,alfabetica,,./dados/2024_1/horarios_2024_1.xlsx,./dados/2024_1/salas_2024_1.csv,./dados/2024_1/salas_preferenciais_2024.1.xlsx,/Users/robertdrey/Documents/workspace/development/alocador_de_salas,resultados/experimentos/2024_1/dia_turno_curso/20260923_200415/melhor_solucao.sol,resultados/experimentos/2024_1/dia_turno_curso/20260923_200415/historico.csv,resultados/experimentos/2024_1/dia_turno_curso/20260923_200415/historico.json,180.0,1,180.0,600.0,1,0
1,2,18,dia_turno_curso,2_N_CS,59,13248,81742,OPTIMAL,185478.5,185478.5,False,185478.5,1.83,1.5,600.0,2,N,CS,alfabetica,iteracao,dia_turno_curso,180.0,180.0,600.0,14400.0,False,False,alfabetica,,alfabetica,,./dados/2024_1/horarios_2024_1.xlsx,./dados/2024_1/salas_2024_1.csv,./dados/2024_1/salas_preferenciais_2024.1.xlsx,/Users/robertdrey/Documents/workspace/development/alocador_de_salas,resultados/experimentos/2024_1/dia_turno_curso/20260923_200415/melhor_solucao.sol,resultados/experimentos/2024_1/dia_turno_curso/20260923_200415/historico.csv,resultados/experimentos/2024_1/dia_turno_curso/20260923_200415/historico.json,180.0,1,180.0,600.0,1,0
1,2,19,dia_turno_curso,2_N_EAS,85,16376,78614,OPTIMAL,185478.5,185478.5,False,185478.5,2.67,2.36,600.0,2,N,EAS,alfabetica,iteracao,dia_turno_curso,180.0,180.0,600.0,14400.0,False,False,alfabetica,,alfabetica,,./dados/2024_1/horarios_2024_1.xlsx,./dados/2024_1/salas_2024_1.csv,./dados/2024_1/salas_preferenciais_2024.1.xlsx,/Users/robertdrey/Documents/workspace/development/alocador_de_salas,resultados/experimentos/2024_1/dia_turno_curso/20260923_200415/melhor_solucao.sol,resultados/experimentos/2024_1/dia_turno_curso/20260923_200415/historico.csv,resultados/experimentos/2024_1/dia_turno_curso/20260923_200415/historico.json,180.0,1,180.0,600.0,1,0
1,2,20,dia_turno_curso,2_N_FIL,53,11730,83260,OPTIMAL,185478.5,185478.5,False,185478.5,1.35,1.04,600.0,2,N,FIL,alfabetica,iteracao,dia_turno_curso,180.0,180.0,600.0,14400.0,False,False,alfabetica,,alfabetica,,./dados/2024_1/horarios_2024_1.xlsx,./dados/2024_1/salas_2024_1.csv,./dados/2024_1/salas_preferenciais_2024.1.xlsx,/Users/robertdrey/Documents/workspace/development/alocador_de_salas,resultados/experimentos/2024_1/dia_turno_curso/20260923_200415/melhor_solucao.sol,resultados/experimentos/2024_1/dia_turno_curso/20260923_200415/historico.csv,resultados/experimentos/2024_1/dia_turno_curso/20260923_200415/historico.json,180.0,1,180.0,600.0,1,0
1,2,21,dia_turno_curso,2_N_GEO,48,10994,83996,OPTIMAL,185478.5,185478.5,False,185478.5,1.65,1.33,600.0,2,N,GEO,alfabetica,iteracao,dia_turno_curso,180.0,180.0,600.0,14400.0,False,False,alfabetica,,alfabetica,,./dados/2024_1/horarios_2024_1.xlsx,./dados/2024_1/salas_2024_1.csv,./dados/2024_1/salas_preferenciais_2024.1.xlsx,/Users/robertdrey/Documents/workspace/development/alocador_de_salas,resultados/experimentos/2024_1/dia_turno_curso/20260923_200415/melhor_solucao.sol,resultados/experimentos/2024_1/dia_turno_curso/20260923_200415/historico.csv,resultados/experimentos/2024_1/dia_turno_curso/20260923_200415/historico.json,180.0,1,180.0,600.0,1,0
1,2,22,dia_turno_curso,2_N_HIS,61,13570,81420,OPTIMAL,185478.5,185478.5,False,185478.5,1.9,1.58,600.0,2,N,HIS,alfabetica,iteracao,dia_turno_curso,180.0,180.0,600.0,14400.0,False,False,alfabetica,,alfabetica,,./dados/2024_1/horarios_2024_1.xlsx,./dados/2024_1/salas_2024_1.csv,./dados/2024_1/salas_preferenciais_2024.1.xlsx,/Users/robertdrey/Documents/workspace/development/alocador_de_salas,resultados/experimentos/2024_1/dia_turno_curso/20260923_200415/melhor_solucao.sol,resultados/experimentos/2024_1/dia_turno_curso/20260923_200415/historico.csv,resultados/experimentos/2024_1/dia_turno_curso/20260923_200415/historico.json,180.0,1,180.0,600.0,1,0
1,2,23,dia_turno_curso,2_N_LET,71,16790,78200,OPTIMAL,185478.5,185478.5,False,185478.5,2.98,2.67,600.0,2,N,LET,alfabetica,iteracao,dia_turno_curso,180.0,180.0,600.0,14400.0,False,False,alfabetica,,alfabetica,,./dados/2024_1/horarios_2024_1.xlsx,./dados/2024_1/salas_2024_1.csv,./dados/2024_1/salas_preferenciais_2024.1.xlsx,/Users/robertdrey/Documents/workspace/development/alocador_de_salas,resultados/experimentos/2024_1/dia_turno_curso/20260923_200415/melhor_solucao.sol,resultados/experimentos/2024_1/dia_turno_curso/20260923_200415/historico.csv,resultados/experimentos/2024_1/dia_turno_curso/20260923_200415/historico.json,180.0,1,180.0,600.0,1,0
1,2,24,dia_turno_curso,2_N_MAT,60,13386,81604,OPTIMAL,185478.5,185478.5,False,185478.5,1.72,1.4,600.0,2,N,MAT,alfabetica,iteracao,dia_turno_curso,180.0,180.0,600.0,14400.0,False,False,alfabetica,,alfabetica,,./dados/2024_1/horarios_2024_1.xlsx,./dados/2024_1/salas_2024_1.csv,./dados/2024_1/salas_preferenciais_2024.1.xlsx,/Users/robertdrey/Documents/workspace/development/alocador_de_salas,resultados/experimentos/2024_1/dia_turno_curso/20260923_200415/melhor_solucao.sol,resultados/experimentos/2024_1/dia_turno_curso/20260923_200415/historico.csv,resultados/experimentos/2024_1/dia_turno_curso/20260923_200415/historico.json,180.0,1,180.0,600.0,1,0
1,2,25,dia_turno_curso,2_N_MED,81,18630,76360,OPTIMAL,185478.5,185478.5,False,185478.5,2.38,2.06,600.0,2,N,MED,alfabetica,iteracao,dia_turno_curso,180.0,180.0,600.0,14400.0,False,False,alfabetica,,alfabetica,,./dados/2024_1/horarios_2024_1.xlsx,./dados/2024_1/salas_2024_1.csv,./dados/2024_1/salas_preferenciais_2024.1.xlsx,/Users/robertdrey/Documents/workspace/development/alocador_de_salas,resultados/experimentos/2024_1/dia_turno_curso/20260923_200415/melhor_solucao.sol,resultados/experimentos/2024_1/dia_turno_curso/20260923_200415/historico.csv,resultados/experimentos/2024_1/dia_turno_curso/20260923_200415/historico.json,180.0,1,180.0,600.0,1,0
1,2,26,dia_turno_curso,2_N_PED,91,21022,73968,OPTIMAL,185478.5,185478.5,False,185478.5,35.35,35.04,600.0,2,N,PED,alfabetica,iteracao,dia_turno_curso,180.0,180.0,600.0,14400.0,False,False,alfabetica,,alfabetica,,./dados/2024_1/horarios_2024_1.xlsx,./dados/2024_1/salas_2024_1.csv,./dados/2024_1/salas_preferenciais_2024.1.xlsx,/Users/robertdrey/Documents/workspace/development/alocador_de_salas,resultados/experimentos/2024_1/dia_turno_curso/20260923_200415/melhor_solucao.sol,resultados/experimentos/2024_1/dia_turno_curso/20260923_200415/historico.csv,resultados/experimentos/2024_1/dia_turno_curso/20260923_200415/historico.json,180.0,1,180.0,600.0,1,0
1,2,27,dia_turno_curso,3_M_ADM,79,18676,76314,OPTIMAL,185478.5,185478.5,False,185478.5,2.63,2.32,600.0,3,M,ADM,alfabetica,iteracao,dia_turno_curso,180.0,180.0,600.0,14400.0,False,False,alfabetica,,alfabetica,,./dados/2024_1/horarios_2024_1.xlsx,./dados/2024_1/salas_2024_1.csv,./dados/2024_1/salas_preferenciais_2024.1.xlsx,/Users/robertdrey/Documents/workspace/development/alocador_de_salas,resultados/experimentos/2024_1/dia_turno_curso/20260923_200415/melhor_solucao.sol,resultados/experimentos/2024_1/dia_turno_curso/20260923_200415/historico.csv,resultados/experimentos/2024_1/dia_turno_curso/20260923_200415/historico.json,180.0,1,180.0,600.0,1,0
1,2,28,dia_turno_curso,3_M_AGRO,77,16514,78476,OPTIMAL,185478.5,185478.5,False,185478.5,11.19,10.87,600.0,3,M,AGRO,alfabetica,iteracao,dia_turno_curso,180.0,180.0,600.0,14400.0,False,False,alfabetica,,alfabetica,,./dados/2024_1/horarios_2024_1.xlsx,./dados/2024_1/salas_2024_1.csv,./dados/2024_1/salas_preferenciais_2024.1.xlsx,/Users/robertdrey/Documents/workspace/development/alocador_de_salas,resultados/experimentos/2024_1/dia_turno_curso/20260923_200415/melhor_solucao.sol,resultados/experimentos/2024_1/dia_turno_curso/20260923_200415/historico.csv,resultados/experimentos/2024_1/dia_turno_curso/20260923_200415/historico.json,180.0,1,180.0,600.0,1,0
1,2,29,dia_turno_curso,3_M_EAS,75,16928,78062,OPTIMAL,185478.5,185478.5,False,185478.5,2.66,2.35,600.0,3,M,EAS,alfabetica,iteracao,dia_turno_curso,180.0,180.0,600.0,14400.0,False,False,alfabetica,,alfabetica,,./dados/2024_1/horarios_2024_1.xlsx,./dados/2024_1/salas_2024_1.csv,./dados/2024_1/salas_preferenciais_2024.1.xlsx,/Users/robertdrey/Documents/workspace/development/alocador_de_salas,resultados/experimentos/2024_1/dia_turno_curso/20260923_200415/melhor_solucao.sol,resultados/experimentos/2024_1/dia_turno_curso/20260923_200415/historico.csv,resultados/experimentos/2024_1/dia_turno_curso/20260923_200415/historico.json,180.0,1,180.0,600.0,1,0
1,2,30,dia_turno_curso,3_M_ENF,49,15640,79350,OPTIMAL,185478.5,185478.5,False,185478.5,4.67,4.35,600.0,3,M,ENF,alfabetica,iteracao,dia_turno_curso,180.0,180.0,600.0,14400.0,False,False,alfabetica,,alfabetica,,./dados/2024_1/horarios_2024_1.xlsx,./dados/2024_1/salas_2024_1.csv,./dados/2024_1/salas_preferenciais_2024.1.xlsx,/Users/robertdrey/Documents/workspace/development/alocador_de_salas,resultados/experimentos/2024_1/dia_turno_curso/20260923_200415/melhor_solucao.sol,resultados/experimentos/2024_1/dia_turno_curso/20260923_200415/historico.csv,resultados/experimentos/2024_1/dia_turno_curso/20260923_200415/historico.json,180.0,1,180.0,600.0,1,0
1,2,31,dia_turno_curso,3_M_MED,73,18492,76498,OPTIMAL,185478.5,185478.5,False,185478.5,5.67,5.34,600.0,3,M,MED,alfabetica,iteracao,dia_turno_curso,180.0,180.0,600.0,14400.0,False,False,alfabetica,,alfabetica,,./dados/2024_1/horarios_2024_1.xlsx,./dados/2024_1/salas_2024_1.csv,./dados/2024_1/salas_preferenciais_2024.1.xlsx,/Users/robertdrey/Documents/workspace/development/alocador_de_salas,resultados/experimentos/2024_1/dia_turno_curso/20260923_200415/melhor_solucao.sol,resultados/experimentos/2024_1/dia_turno_curso/20260923_200415/historico.csv,resultados/experimentos/2024_1/dia_turno_curso/20260923_200415/historico.json,180.0,1,180.0,600.0,1,0
1,2,32,dia_turno_curso,3_M_PED,86,22126,72864,OPTIMAL,185478.5,185478.5,False,185478.5,18.27,17.94,600.0,3,M,PED,alfabetica,iteracao,dia_turno_curso,180.0,180.0,600.0,14400.0,False,False,alfabetica,,alfabetica,,./dados/2024_1/horarios_2024_1.xlsx,./dados/2024_1/salas_2024_1.csv,./dados/2024_1/salas_preferenciais_2024.1.xlsx,/Users/robertdrey/Documents/workspace/development/alocador_de_salas,resultados/experimentos/2024_1/dia_turno_curso/20260923_200415/melhor_solucao.sol,resultados/experimentos/2024_1/dia_turno_curso/20260923_200415/historico.csv,resultados/experimentos/2024_1/dia_turno_curso/20260923_200415/historico.json,180.0,1,180.0,600.0,1,0
1,2,33,dia_turno_curso,3_T_AGRO,82,19872,75118,OPTIMAL,185478.5,185478.5,False,185478.5,9.39,9.07,600.0,3,T,AGRO,alfabetica,iteracao,dia_turno_curso,180.0,180.0,600.0,14400.0,False,False,alfabetica,,alfabetica,,./dados/2024_1/horarios_2024_1.xlsx,./dados/2024_1/salas_2024_1.csv,./dados/2024_1/salas_preferenciais_2024.1.xlsx,/Users/robertdrey/Documents/workspace/development/alocador_de_salas,resultados/experimentos/2024_1/dia_turno_curso/20260923_200415/melhor_solucao.sol,resultados/experimentos/2024_1/dia_turno_curso/20260923_200415/historico.csv,resultados/experimentos/2024_1/dia_turno_curso/20260923_200415/historico.json,180.0,1,180.0,600.0,1,0
1,2,34,dia_turno_curso,3_T_CC,71,19964,75026,OPTIMAL,185478.5,185478.5,False,185478.5,3.01,2.71,600.0,3,T,CC,alfabetica,iteracao,dia_turno_curso,180.0,180.0,600.0,14400.0,False,False,alfabetica,,alfabetica,,./dados/2024_1/horarios_2024_1.xlsx,./dados/2024_1/salas_2024_1.csv,./dados/2024_1/salas_preferenciais_2024.1.xlsx,/Users/robertdrey/Documents/workspace/development/alocador_de_salas,resultados/experimentos/2024_1/dia_turno_curso/20260923_200415/melhor_solucao.sol,resultados/experimentos/2024_1/dia_turno_curso/20260923_200415/historico.csv,resultados/experimentos/2024_1/dia_turno_curso/20260923_200415/historico.json,180.0,1,180.0,600.0,1,0
1,2,35,dia_turno_curso,3_T_EAS,74,17848,77142,OPTIMAL,185478.5,185478.5,False,185478.5,1.64,1.33,600.0,3,T,EAS,alfabetica,iteracao,dia_turno_curso,180.0,180.0,600.0,14400.0,False,False,alfabetica,,alfabetica,,./dados/2024_1/horarios_2024_1.xlsx,./dados/2024_1/salas_2024_1.csv,./dados/2024_1/salas_preferenciais_2024.1.xlsx,/Users/robertdrey/Documents/workspace/development/alocador_de_salas,resultados/experimentos/2024_1/dia_turno_curso/20260923_200415/melhor_solucao.sol,resultados/experimentos/2024_1/dia_turno_curso/20260923_200415/historico.csv,resultados/experimentos/2024_1/dia_turno_curso/20260923_200415/historico.json,180.0,1,180.0,600.0,1,0
1,2,36,dia_turno_curso,3_T_ENF,47,16146,78844,OPTIMAL,185478.5,185478.5,False,185478.5,3.28,2.97,600.0,3,T,ENF,alfabetica,iteracao,dia_turno_curso,180.0,180.0,600.0,14400.0,False,False,alfabetica,,alfabetica,,./dados/2024_1/horarios_2024_1.xlsx,./dados/2024_1/salas_2024_1.csv,./dados/2024_1/salas_preferenciais_2024.1.xlsx,/Users/robertdrey/Documents/workspace/development/alocador_de_salas,resultados/experimentos/2024_1/dia_turno_curso/20260923_200415/melhor_solucao.sol,resultados/experimentos/2024_1/dia_turno_curso/20260923_200415/historico.csv,resultados/experimentos/2024_1/dia_turno_curso/20260923_200415/historico.json,180.0,1,180.0,600.0,1,0
1,2,37,dia_turno_curso,3_T_GEO,43,13524,81466,OPTIMAL,185478.5,185478.5,False,185478.5,1.1,0.78,600.0,3,T,GEO,alfabetica,iteracao,dia_turno_curso,180.0,180.0,600.0,14400.0,False,False,alfabetica,,alfabetica,,./dados/2024_1/horarios_2024_1.xlsx,./dados/2024_1/salas_2024_1.csv,./dados/2024_1/salas_preferenciais_2024.1.xlsx,/Users/robertdrey/Documents/workspace/development/alocador_de_salas,resultados/experimentos/2024_1/dia_turno_curso/20260923_200415/melhor_solucao.sol,resultados/experimentos/2024_1/dia_turno_curso/20260923_200415/historico.csv,resultados/experimentos/2024_1/dia_turno_curso/20260923_200415/historico.json,180.0,1,180.0,600.0,1,0
1,2,38,dia_turno_curso,3_T_LET,67,19090,75900,OPTIMAL,185478.5,185478.5,False,185478.5,1.88,1.58,600.0,3,T,LET,alfabetica,iteracao,dia_turno_curso,180.0,180.0,600.0,14400.0,False,False,alfabetica,,alfabetica,,./dados/2024_1/horarios_2024_1.xlsx,./dados/2024_1/salas_2024_1.csv,./dados/2024_1/salas_preferenciais_2024.1.xlsx,/Users/robertdrey/Documents/workspace/development/alocador_de_salas,resultados/experimentos/2024_1/dia_turno_curso/20260923_200415/melhor_solucao.sol,resultados/experimentos/2024_1/dia_turno_curso/20260923_200415/historico.csv,resultados/experimentos/2024_1/dia_turno_curso/20260923_200415/historico.json,180.0,1,180.0,600.0,1,0
1,2,39,dia_turno_curso,3_T_MED,68,19504,75486,OPTIMAL,185478.5,185478.5,False,185478.5,2.95,2.64,600.0,3,T,MED,alfabetica,iteracao,dia_turno_curso,180.0,180.0,600.0,14400.0,False,False,alfabetica,,alfabetica,,./dados/2024_1/horarios_2024_1.xlsx,./dados/2024_1/salas_2024_1.csv,./dados/2024_1/salas_preferenciais_2024.1.xlsx,/Users/robertdrey/Documents/workspace/development/alocador_de_salas,resultados/experimentos/2024_1/dia_turno_curso/20260923_200415/melhor_solucao.sol,resultados/experimentos/2024_1/dia_turno_curso/20260923_200415/historico.csv,resultados/experimentos/2024_1/dia_turno_curso/20260923_200415/historico.json,180.0,1,180.0,600.0,1,0
1,2,40,dia_turno_curso,3_N_ADM,84,16468,78522,OPTIMAL,185478.5,185478.5,False,185478.5,2.11,1.8,600.0,3,N,ADM,alfabetica,iteracao,dia_turno_curso,180.0,180.0,600.0,14400.0,False,False,alfabetica,,alfabetica,,./dados/2024_1/horarios_2024_1.xlsx,./dados/2024_1/salas_2024_1.csv,./dados/2024_1/salas_preferenciais_2024.1.xlsx,/Users/robertdrey/Documents/workspace/development/alocador_de_salas,resultados/experimentos/2024_1/dia_turno_curso/20260923_200415/melhor_solucao.sol,resultados/experimentos/2024_1/dia_turno_curso/20260923_200415/historico.csv,resultados/experimentos/2024_1/dia_turno_curso/20260923_200415/historico.json,180.0,1,180.0,600.0,1,0
1,2,41,dia_turno_curso,3_N_CC,81,17342,77648,OPTIMAL,185478.5,185478.5,False,185478.5,5.9,5.59,600.0,3,N,CC,alfabetica,iteracao,dia_turno_curso,180.0,180.0,600.0,14400.0,False,False,alfabetica,,alfabetica,,./dados/2024_1/horarios_2024_1.xlsx,./dados/2024_1/salas_2024_1.csv,./dados/2024_1/salas_preferenciais_2024.1.xlsx,/Users/robertdrey/Documents/workspace/development/alocador_de_salas,resultados/experimentos/2024_1/dia_turno_curso/20260923_200415/melhor_solucao.sol,resultados/experimentos/2024_1/dia_turno_curso/20260923_200415/historico.csv,resultados/experimentos/2024_1/dia_turno_curso/20260923_200415/historico.json,180.0,1,180.0,600.0,1,0
1,2,42,dia_turno_curso,3_N_CS,57,11546,83444,OPTIMAL,185478.5,185478.5,False,185478.5,1.69,1.38,600.0,3,N,CS,alfabetica,iteracao,dia_turno_curso,180.0,180.0,600.0,14400.0,False,False,alfabetica,,alfabetica,,./dados/2024_1/horarios_2024_1.xlsx,./dados/2024_1/salas_2024_1.csv,./dados/2024_1/salas_preferenciais_2024.1.xlsx,/Users/robertdrey/Documents/workspace/development/alocador_de_salas,resultados/experimentos/2024_1/dia_turno_curso/20260923_200415/melhor_solucao.sol,resultados/experimentos/2024_1/dia_turno_curso/20260923_200415/historico.csv,resultados/experimentos/2024_1/dia_turno_curso/20260923_200415/historico.json,180.0,1,180.0,600.0,1,0
1,2,43,dia_turno_curso,3_N_EAS,84,15180,79810,OPTIMAL,185478.5,185478.5,False,185478.5,2.03,1.73,600.0,3,N,EAS,alfabetica,iteracao,dia_turno_curso,180.0,180.0,600.0,14400.0,False,False,alfabetica,,alfabetica,,./dados/2024_1/horarios_2024_1.xlsx,./dados/2024_1/salas_2024_1.csv,./dados/2024_1/salas_preferenciais_2024.1.xlsx,/Users/robertdrey/Documents/workspace/development/alocador_de_salas,resultados/experimentos/2024_1/dia_turno_curso/20260923_200415/melhor_solucao.sol,resultados/experimentos/2024_1/dia_turno_curso/20260923_200415/historico.csv,resultados/experimentos/2024_1/dia_turno_curso/20260923_200415/historico.json,180.0,1,180.0,600.0,1,0
1,2,44,dia_turno_curso,3_N_FIL,53,10304,84686,OPTIMAL,185478.5,185478.5,False,185478.5,1.57,1.27,600.0,3,N,FIL,alfabetica,iteracao,dia_turno_curso,180.0,180.0,600.0,14400.0,False,False,alfabetica,,alfabetica,,./dados/2024_1/horarios_2024_1.xlsx,./dados/2024_1/salas_2024_1.csv,./dados/2024_1/salas_preferenciais_2024.1.xlsx,/Users/robertdrey/Documents/workspace/development/alocador_de_salas,resultados/experimentos/2024_1/dia_turno_curso/20260923_200415/melhor_solucao.sol,resultados/experimentos/2024_1/dia_turno_curso/20260923_200415/historico.csv,resultados/experimentos/2024_1/dia_turno_curso/20260923_200415/historico.json,180.0,1,180.0,600.0,1,0
1,2,45,dia_turno_curso,3_N_GEO,48,9568,85422,OPTIMAL,185478.5,185478.5,False,185478.5,1.26,0.95,600.0,3,N,GEO,alfabetica,iteracao,dia_turno_curso,180.0,180.0,600.0,14400.0,False,False,alfabetica,,alfabetica,,./dados/2024_1/horarios_2024_1.xlsx,./dados/2024_1/salas_2024_1.csv,./dados/2024_1/salas_preferenciais_2024.1.xlsx,/Users/robertdrey/Documents/workspace/development/alocador_de_salas,resultados/experimentos/2024_1/dia_turno_curso/20260923_200415/melhor_solucao.sol,resultados/experimentos/2024_1/dia_turno_curso/20260923_200415/historico.csv,resultados/experimentos/2024_1/dia_turno_curso/20260923_200415/historico.json,180.0,1,180.0,600.0,1,0
1,2,46,dia_turno_curso,3_N_HIS,60,11960,83030,OPTIMAL,185478.5,185478.5,False,185478.5,1.88,1.57,600.0,3,N,HIS,alfabetica,iteracao,dia_turno_curso,180.0,180.0,600.0,14400.0,False,False,alfabetica,,alfabetica,,./dados/2024_1/horarios_2024_1.xlsx,./dados/2024_1/salas_2024_1.csv,./dados/2024_1/salas_preferenciais_2024.1.xlsx,/Users/robertdrey/Documents/workspace/development/alocador_de_salas,resultados/experimentos/2024_1/dia_turno_curso/20260923_200415/melhor_solucao.sol,resultados/experimentos/2024_1/dia_turno_curso/20260923_200415/historico.csv,resultados/experimentos/2024_1/dia_turno_curso/20260923_200415/historico.json,180.0,1,180.0,600.0,1,0
1,2,47,dia_turno_curso,3_N_LET,70,15732,79258,OPTIMAL,185478.5,185478.5,False,185478.5,3.09,2.79,600.0,3,N,LET,alfabetica,iteracao,dia_turno_curso,180.0,180.0,600.0,14400.0,False,False,alfabetica,,alfabetica,,./dados/2024_1/horarios_2024_1.xlsx,./dados/2024_1/salas_2024_1.csv,./dados/2024_1/salas_preferenciais_2024.1.xlsx,/Users/robertdrey/Documents/workspace/development/alocador_de_salas,resultados/experimentos/2024_1/dia_turno_curso/20260923_200415/melhor_solucao.sol,resultados/experimentos/2024_1/dia_turno_curso/20260923_200415/historico.csv,resultados/experimentos/2024_1/dia_turno_curso/20260923_200415/historico.json,180.0,1,180.0,600.0,1,0
1,2,48,dia_turno_curso,3_N_MAT,58,11960,83030,OPTIMAL,185478.5,185478.5,False,185478.5,2.29,1.98,600.0,3,N,MAT,alfabetica,iteracao,dia_turno_curso,180.0,180.0,600.0,14400.0,False,False,alfabetica,,alfabetica,,./dados/2024_1/horarios_2024_1.xlsx,./dados/2024_1/salas_2024_1.csv,./dados/2024_1/salas_preferenciais_2024.1.xlsx,/Users/robertdrey/Documents/workspace/development/alocador_de_salas,resultados/experimentos/2024_1/dia_turno_curso/20260923_200415/melhor_solucao.sol,resultados/experimentos/2024_1/dia_turno_curso/20260923_200415/historico.csv,resultados/experimentos/2024_1/dia_turno_curso/20260923_200415/historico.json,180.0,1,180.0,600.0,1,0
1,2,49,dia_turno_curso,3_N_PED,91,19504,75486,OPTIMAL,185478.5,185478.5,False,185478.5,29.93,29.63,600.0,3,N,PED,alfabetica,iteracao,dia_turno_curso,180.0,180.0,600.0,14400.0,False,False,alfabetica,,alfabetica,,./dados/2024_1/horarios_2024_1.xlsx,./dados/2024_1/salas_2024_1.csv,./dados/2024_1/salas_preferenciais_2024.1.xlsx,/Users/robertdrey/Documents/workspace/development/alocador_de_salas,resultados/experimentos/2024_1/dia_turno_curso/20260923_200415/melhor_solucao.sol,resultados/experimentos/2024_1/dia_turno_curso/20260923_200415/historico.csv,resultados/experimentos/2024_1/dia_turno_curso/20260923_200415/historico.json,180.0,1,180.0,600.0,1,0
1,2,50,dia_turno_curso,4_M_ADM,78,19596,75394,OPTIMAL,185478.5,185478.5,False,185478.5,1.79,1.49,600.0,4,M,ADM,alfabetica,iteracao,dia_turno_curso,180.0,180.0,600.0,14400.0,False,False,alfabetica,,alfabetica,,./dados/2024_1/horarios_2024_1.xlsx,./dados/2024_1/salas_2024_1.csv,./dados/2024_1/salas_preferenciais_2024.1.xlsx,/Users/robertdrey/Documents/workspace/development/alocador_de_salas,resultados/experimentos/2024_1/dia_turno_curso/20260923_200415/melhor_solucao.sol,resultados/experimentos/2024_1/dia_turno_curso/20260923_200415/historico.csv,resultados/experimentos/2024_1/dia_turno_curso/20260923_200415/historico.json,180.0,1,180.0,600.0,1,0
1,2,51,dia_turno_curso,4_M_AGRO,77,17710,77280,OPTIMAL,185478.5,185478.5,False,185478.5,8.03,7.73,600.0,4,M,AGRO,alfabetica,iteracao,dia_turno_curso,180.0,180.0,600.0,14400.0,False,False,alfabetica,,alfabetica,,./dados/2024_1/horarios_2024_1.xlsx,./dados/2024_1/salas_2024_1.csv,./dados/2024_1/salas_preferenciais_2024.1.xlsx,/Users/robertdrey/Documents/workspace/development/alocador_de_salas,resultados/experimentos/2024_1/dia_turno_curso/20260923_200415/melhor_solucao.sol,resultados/experimentos/2024_1/dia_turno_curso/20260923_200415/historico.csv,resultados/experimentos/2024_1/dia_turno_curso/20260923_200415/historico.json,180.0,1,180.0,600.0,1,0
1,2,52,dia_turno_curso,4_M_CS,56,15180,79810,OPTIMAL,185478.5,185478.5,False,185478.5,1.44,1.14,600.0,4,M,CS,alfabetica,iteracao,dia_turno_curso,180.0,180.0,600.0,14400.0,False,False,alfabetica,,alfabetica,,./dados/2024_1/horarios_2024_1.xlsx,./dados/2024_1/salas_2024_1.csv,./dados/2024_1/salas_preferenciais_2024.1.xlsx,/Users/robertdrey/Documents/workspace/development/alocador_de_salas,resultados/experimentos/2024_1/dia_turno_curso/20260923_200415/melhor_solucao.sol,resultados/experimentos/2024_1/dia_turno_curso/20260923_200415/historico.csv,resultados/experimentos/2024_1/dia_turno_curso/20260923_200415/historico.json,180.0,1,180.0,600.0,1,0
1,2,53,dia_turno_curso,4_M_EAS,74,17756,77234,OPTIMAL,185478.5,185478.5,False,185478.5,2.2,1.9,600.0,4,M,EAS,alfabetica,iteracao,dia_turno_curso,180.0,180.0,600.0,14400.0,False,False,alfabetica,,alfabetica,,./dados/2024_1/horarios_2024_1.xlsx,./dados/2024_1/salas_2024_1.csv,./dados/2024_1/salas_preferenciais_2024.1.xlsx,/Users/robertdrey/Documents/workspace/development/alocador_de_salas,resultados/experimentos/2024_1/dia_turno_curso/20260923_200415/melhor_solucao.sol,resultados/experimentos/2024_1/dia_turno_curso/20260923_200415/historico.csv,resultados/experimentos/2024_1/dia_turno_curso/20260923_200415/historico.json,180.0,1,180.0,600.0,1,0
1,2,54,dia_turno_curso,4_M_ENF,49,15318,79672,OPTIMAL,185478.5,185478.5,False,185478.5,3.91,3.6,600.0,4,M,ENF,alfabetica,iteracao,dia_turno_curso,180.0,180.0,600.0,14400.0,False,False,alfabetica,,alfabetica,,./dados/2024_1/horarios_2024_1.xlsx,./dados/2024_1/salas_2024_1.csv,./dados/2024_1/salas_preferenciais_2024.1.xlsx,/Users/robertdrey/Documents/workspace/development/alocador_de_salas,resultados/experimentos/2024_1/dia_turno_curso/20260923_200415/melhor_solucao.sol,resultados/experimentos/2024_1/dia_turno_curso/20260923_200415/historico.csv,resultados/experimentos/2024_1/dia_turno_curso/20260923_200415/historico.json,180.0,1,180.0,600.0,1,0
1,2,55,dia_turno_curso,4_M_MED,71,19412,75578,OPTIMAL,185478.5,185478.5,False,185478.5,3.03,2.71,600.0,4,M,MED,alfabetica,iteracao,dia_turno_curso,180.0,180.0,600.0,14400.0,False,False,alfabetica,,alfabetica,,./dados/2024_1/horarios_2024_1.xlsx,./dados/2024_1/salas_2024_1.csv,./dados/2024_1/salas_preferenciais_2024.1.xlsx,/Users/robertdrey/Documents/workspace/development/alocador_de_salas,resultados/experimentos/2024_1/dia_turno_curso/20260923_200415/melhor_solucao.sol,resultados/experimentos/2024_1/dia_turno_curso/20260923_200415/historico.csv,resultados/experimentos/2024_1/dia_turno_curso/20260923_200415/historico.json,180.0,1,180.0,600.0,1,0
1,2,56,dia_turno_curso,4_M_PED,86,23092,71898,OPTIMAL,185478.5,185478.5,False,185478.5,22.72,22.43,600.0,4,M,PED,alfabetica,iteracao,dia_turno_curso,180.0,180.0,600.0,14400.0,False,False,alfabetica,,alfabetica,,./dados/2024_1/horarios_2024_1.xlsx,./dados/2024_1/salas_2024_1.csv,./dados/2024_1/salas_preferenciais_2024.1.xlsx,/Users/robertdrey/Documents/workspace/development/alocador_de_salas,resultados/experimentos/2024_1/dia_turno_curso/20260923_200415/melhor_solucao.sol,resultados/experimentos/2024_1/dia_turno_curso/20260923_200415/historico.csv,resultados/experimentos/2024_1/dia_turno_curso/20260923_200415/historico.json,180.0,1,180.0,600.0,1,0
1,2,57,dia_turno_curso,4_T_AGRO,78,19458,75532,OPTIMAL,185478.5,185478.5,False,185478.5,4.96,4.68,600.0,4,T,AGRO,alfabetica,iteracao,dia_turno_curso,180.0,180.0,600.0,14400.0,False,False,alfabetica,,alfabetica,,./dados/2024_1/horarios_2024_1.xlsx,./dados/2024_1/salas_2024_1.csv,./dados/2024_1/salas_preferenciais_2024.1.xlsx,/Users/robertdrey/Documents/workspace/development/alocador_de_salas,resultados/experimentos/2024_1/dia_turno_curso/20260923_200415/melhor_solucao.sol,resultados/experimentos/2024_1/dia_turno_curso/20260923_200415/historico.csv,resultados/experimentos/2024_1/dia_turno_curso/20260923_200415/historico.json,180.0,1,180.0,600.0,1,0
1,2,58,dia_turno_curso,4_T_CC,69,19964,75026,OPTIMAL,185478.5,185478.5,False,185478.5,2.91,2.6,600.0,4,T,CC,alfabetica,iteracao,dia_turno_curso,180.0,180.0,600.0,14400.0,False,False,alfabetica,,alfabetica,,./dados/2024_1/horarios_2024_1.xlsx,./dados/2024_1/salas_2024_1.csv,./dados/2024_1/salas_preferenciais_2024.1.xlsx,/Users/robertdrey/Documents/workspace/development/alocador_de_salas,resultados/experimentos/2024_1/dia_turno_curso/20260923_200415/melhor_solucao.sol,resultados/experimentos/2024_1/dia_turno_curso/20260923_200415/historico.csv,resultados/experimentos/2024_1/dia_turno_curso/20260923_200415/historico.json,180.0,1,180.0,600.0,1,0
1,2,59,dia_turno_curso,4_T_CS,50,14950,80040,OPTIMAL,185478.5,185478.5,False,185478.5,1.09,0.79,600.0,4,T,CS,alfabetica,iteracao,dia_turno_curso,180.0,180.0,600.0,14400.0,False,False,alfabetica,,alfabetica,,./dados/2024_1/horarios_2024_1.xlsx,./dados/2024_1/salas_2024_1.csv,./dados/2024_1/salas_preferenciais_2024.1.xlsx,/Users/robertdrey/Documents/workspace/development/alocador_de_salas,resultados/experimentos/2024_1/dia_turno_curso/20260923_200415/melhor_solucao.sol,resultados/experimentos/2024_1/dia_turno_curso/20260923_200415/historico.csv,resultados/experimentos/2024_1/dia_turno_curso/20260923_200415/historico.json,180.0,1,180.0,600.0,1,0
1,2,60,dia_turno_curso,4_T_EAS,71,17986,77004,OPTIMAL,185478.5,185478.5,False,185478.5,1.38,1.09,600.0,4,T,EAS,alfabetica,iteracao,dia_turno_curso,180.0,180.0,600.0,14400.0,False,False,alfabetica,,alfabetica,,./dados/2024_1/horarios_2024_1.xlsx,./dados/2024_1/salas_2024_1.csv,./dados/2024_1/salas_preferenciais_2024.1.xlsx,/Users/robertdrey/Documents/workspace/development/alocador_de_salas,resultados/experimentos/2024_1/dia_turno_curso/20260923_200415/melhor_solucao.sol,resultados/experimentos/2024_1/dia_turno_curso/20260923_200415/historico.csv,resultados/experimentos/2024_1/dia_turno_curso/20260923_200415/historico.json,180.0,1,180.0,600.0,1,0
1,2,61,dia_turno_curso,4_T_ENF,43,16192,78798,OPTIMAL,185478.5,185478.5,False,185478.5,3.86,3.54,600.0,4,T,ENF,alfabetica,iteracao,dia_turno_curso,180.0,180.0,600.0,14400.0,False,False,alfabetica,,alfabetica,,./dados/2024_1/horarios_2024_1.xlsx,./dados/2024_1/salas_2024_1.csv,./dados/2024_1/salas_preferenciais_2024.1.xlsx,/Users/robertdrey/Documents/workspace/development/alocador_de_salas,resultados/experimentos/2024_1/dia_turno_curso/20260923_200415/melhor_solucao.sol,resultados/experimentos/2024_1/dia_turno_curso/20260923_200415/historico.csv,resultados/experimentos/2024_1/dia_turno_curso/20260923_200415/historico.json,180.0,1,180.0,600.0,1,0
1,2,62,dia_turno_curso,4_T_LET,60,17618,77372,OPTIMAL,185478.5,185478.5,False,185478.5,1.95,1.64,600.0,4,T,LET,alfabetica,iteracao,dia_turno_curso,180.0,180.0,600.0,14400.0,False,False,alfabetica,,alfabetica,,./dados/2024_1/horarios_2024_1.xlsx,./dados/2024_1/salas_2024_1.csv,./dados/2024_1/salas_preferenciais_2024.1.xlsx,/Users/robertdrey/Documents/workspace/development/alocador_de_salas,resultados/experimentos/2024_1/dia_turno_curso/20260923_200415/melhor_solucao.sol,resultados/experimentos/2024_1/dia_turno_curso/20260923_200415/historico.csv,resultados/experimentos/2024_1/dia_turno_curso/20260923_200415/historico.json,180.0,1,180.0,600.0,1,0
1,2,63,dia_turno_curso,4_T_MAT,51,15410,79580,OPTIMAL,185478.5,185478.5,False,185478.5,1.15,0.86,600.0,4,T,MAT,alfabetica,iteracao,dia_turno_curso,180.0,180.0,600.0,14400.0,False,False,alfabetica,,alfabetica,,./dados/2024_1/horarios_2024_1.xlsx,./dados/2024_1/salas_2024_1.csv,./dados/2024_1/salas_preferenciais_2024.1.xlsx,/Users/robertdrey/Documents/workspace/development/alocador_de_salas,resultados/experimentos/2024_1/dia_turno_curso/20260923_200415/melhor_solucao.sol,resultados/experimentos/2024_1/dia_turno_curso/20260923_200415/historico.csv,resultados/experimentos/2024_1/dia_turno_curso/20260923_200415/historico.json,180.0,1,180.0,600.0,1,0
1,2,64,dia_turno_curso,4_T_MED,64,18676,76314,OPTIMAL,185478.5,185478.5,False,185478.5,2.03,1.73,600.0,4,T,MED,alfabetica,iteracao,dia_turno_curso,180.0,180.0,600.0,14400.0,False,False,alfabetica,,alfabetica,,./dados/2024_1/horarios_2024_1.xlsx,./dados/2024_1/salas_2024_1.csv,./dados/2024_1/salas_preferenciais_2024.1.xlsx,/Users/robertdrey/Documents/workspace/development/alocador_de_salas,resultados/experimentos/2024_1/dia_turno_curso/20260923_200415/melhor_solucao.sol,resultados/experimentos/2024_1/dia_turno_curso/20260923_200415/historico.csv,resultados/experimentos/2024_1/dia_turno_curso/20260923_200415/historico.json,180.0,1,180.0,600.0,1,0
1,2,65,dia_turno_curso,4_N_ADM,85,18262,76728,OPTIMAL,185478.5,185478.5,False,185478.5,3.59,3.29,600.0,4,N,ADM,alfabetica,iteracao,dia_turno_curso,180.0,180.0,600.0,14400.0,False,False,alfabetica,,alfabetica,,./dados/2024_1/horarios_2024_1.xlsx,./dados/2024_1/salas_2024_1.csv,./dados/2024_1/salas_preferenciais_2024.1.xlsx,/Users/robertdrey/Documents/workspace/development/alocador_de_salas,resultados/experimentos/2024_1/dia_turno_curso/20260923_200415/melhor_solucao.sol,resultados/experimentos/2024_1/dia_turno_curso/20260923_200415/historico.csv,resultados/experimentos/2024_1/dia_turno_curso/20260923_200415/historico.json,180.0,1,180.0,600.0,1,0
1,2,66,dia_turno_curso,4_N_CC,86,19872,75118,OPTIMAL,185478.5,185478.5,False,185478.5,8.61,8.31,600.0,4,N,CC,alfabetica,iteracao,dia_turno_curso,180.0,180.0,600.0,14400.0,False,False,alfabetica,,alfabetica,,./dados/2024_1/horarios_2024_1.xlsx,./dados/2024_1/salas_2024_1.csv,./dados/2024_1/salas_preferenciais_2024.1.xlsx,/Users/robertdrey/Documents/workspace/development/alocador_de_salas,resultados/experimentos/2024_1/dia_turno_curso/20260923_200415/melhor_solucao.sol,resultados/experimentos/2024_1/dia_turno_curso/20260923_200415/historico.csv,resultados/experimentos/2024_1/dia_turno_curso/20260923_200415/historico.json,180.0,1,180.0,600.0,1,0
1,2,67,dia_turno_curso,4_N_CS,60,13294,81696,OPTIMAL,185478.5,185478.5,False,185478.5,1.87,1.57,600.0,4,N,CS,alfabetica,iteracao,dia_turno_curso,180.0,180.0,600.0,14400.0,False,False,alfabetica,,alfabetica,,./dados/2024_1/horarios_2024_1.xlsx,./dados/2024_1/salas_2024_1.csv,./dados/2024_1/salas_preferenciais_2024.1.xlsx,/Users/robertdrey/Documents/workspace/development/alocador_de_salas,resultados/experimentos/2024_1/dia_turno_curso/20260923_200415/melhor_solucao.sol,resultados/experimentos/2024_1/dia_turno_curso/20260923_200415/historico.csv,resultados/experimentos/2024_1/dia_turno_curso/20260923_200415/historico.json,180.0,1,180.0,600.0,1,0
1,2,68,dia_turno_curso,4_N_EAS,86,17204,77786,OPTIMAL,185478.5,185478.5,False,185478.5,2.48,2.18,600.0,4,N,EAS,alfabetica,iteracao,dia_turno_curso,180.0,180.0,600.0,14400.0,False,False,alfabetica,,alfabetica,,./dados/2024_1/horarios_2024_1.xlsx,./dados/2024_1/salas_2024_1.csv,./dados/2024_1/salas_preferenciais_2024.1.xlsx,/Users/robertdrey/Documents/workspace/development/alocador_de_salas,resultados/experimentos/2024_1/dia_turno_curso/20260923_200415/melhor_solucao.sol,resultados/experimentos/2024_1/dia_turno_curso/20260923_200415/historico.csv,resultados/experimentos/2024_1/dia_turno_curso/20260923_200415/historico.json,180.0,1,180.0,600.0,1,0
1,2,69,dia_turno_curso,4_N_FIL,53,11914,83076,OPTIMAL,185478.5,185478.5,False,185478.5,1.88,1.58,600.0,4,N,FIL,alfabetica,iteracao,dia_turno_curso,180.0,180.0,600.0,14400.0,False,False,alfabetica,,alfabetica,,./dados/2024_1/horarios_2024_1.xlsx,./dados/2024_1/salas_2024_1.csv,./dados/2024_1/salas_preferenciais_2024.1.xlsx,/Users/robertdrey/Documents/workspace/development/alocador_de_salas,resultados/experimentos/2024_1/dia_turno_curso/20260923_200415/melhor_solucao.sol,resultados/experimentos/2024_1/dia_turno_curso/20260923_200415/historico.csv,resultados/experimentos/2024_1/dia_turno_curso/20260923_200415/historico.json,180.0,1,180.0,600.0,1,0
1,2,70,dia_turno_curso,4_N_GEO,51,11776,83214,OPTIMAL,185478.5,185478.5,False,185478.5,1.67,1.37,600.0,4,N,GEO,alfabetica,iteracao,dia_turno_curso,180.0,180.0,600.0,14400.0,False,False,alfabetica,,alfabetica,,./dados/2024_1/horarios_2024_1.xlsx,./dados/2024_1/salas_2024_1.csv,./dados/2024_1/salas_preferenciais_2024.1.xlsx,/Users/robertdrey/Documents/workspace/development/alocador_de_salas,resultados/experimentos/2024_1/dia_turno_curso/20260923_200415/melhor_solucao.sol,resultados/experimentos/2024_1/dia_turno_curso/20260923_200415/historico.csv,resultados/experimentos/2024_1/dia_turno_curso/20260923_200415/historico.json,180.0,1,180.0,600.0,1,0
1,2,71,dia_turno_curso,4_N_HIS,62,13938,81052,OPTIMAL,185478.5,185478.5,False,185478.5,1.86,1.56,600.0,4,N,HIS,alfabetica,iteracao,dia_turno_curso,180.0,180.0,600.0,14400.0,False,False,alfabetica,,alfabetica,,./dados/2024_1/horarios_2024_1.xlsx,./dados/2024_1/salas_2024_1.csv,./dados/2024_1/salas_preferenciais_2024.1.xlsx,/Users/robertdrey/Documents/workspace/development/alocador_de_salas,resultados/experimentos/2024_1/dia_turno_curso/20260923_200415/melhor_solucao.sol,resultados/experimentos/2024_1/dia_turno_curso/20260923_200415/historico.csv,resultados/experimentos/2024_1/dia_turno_curso/20260923_200415/historico.json,180.0,1,180.0,600.0,1,0
1,2,72,dia_turno_curso,4_N_LET,69,16744,78246,TIME_LIMIT,185478.5,185478.5,False,185478.5,600.47,600.15,600.0,4,N,LET,alfabetica,iteracao,dia_turno_curso,180.0,180.0,600.0,14400.0,False,False,alfabetica,,alfabetica,,./dados/2024_1/horarios_2024_1.xlsx,./dados/2024_1/salas_2024_1.csv,./dados/2024_1/salas_preferenciais_2024.1.xlsx,/Users/robertdrey/Documents/workspace/development/alocador_de_salas,resultados/experimentos/2024_1/dia_turno_curso/20260923_200415/melhor_solucao.sol,resultados/experimentos/2024_1/dia_turno_curso/20260923_200415/historico.csv,resultados/experimentos/2024_1/dia_turno_curso/20260923_200415/historico.json,180.0,1,180.0,600.0,1,0
1,2,73,dia_turno_curso,4_N_MAT,59,13202,81788,OPTIMAL,185478.5,185478.5,False,185478.5,2.22,1.9,600.0,4,N,MAT,alfabetica,iteracao,dia_turno_curso,180.0,180.0,600.0,14400.0,False,False,alfabetica,,alfabetica,,./dados/2024_1/horarios_2024_1.xlsx,./dados/2024_1/salas_2024_1.csv,./dados/2024_1/salas_preferenciais_2024.1.xlsx,/Users/robertdrey/Documents/workspace/development/alocador_de_salas,resultados/experimentos/2024_1/dia_turno_curso/20260923_200415/melhor_solucao.sol,resultados/experimentos/2024_1/dia_turno_curso/20260923_200415/historico.csv,resultados/experimentos/2024_1/dia_turno_curso/20260923_200415/historico.json,180.0,1,180.0,600.0,1,0
1,2,74,dia_turno_curso,4_N_PED,93,21160,73830,OPTIMAL,185478.5,185478.5,False,185478.5,42.28,41.98,600.0,4,N,PED,alfabetica,iteracao,dia_turno_curso,180.0,180.0,600.0,14400.0,False,False,alfabetica,,alfabetica,,./dados/2024_1/horarios_2024_1.xlsx,./dados/2024_1/salas_2024_1.csv,./dados/2024_1/salas_preferenciais_2024.1.xlsx,/Users/robertdrey/Documents/workspace/development/alocador_de_salas,resultados/experimentos/2024_1/dia_turno_curso/20260923_200415/melhor_solucao.sol,resultados/experimentos/2024_1/dia_turno_curso/20260923_200415/historico.csv,resultados/experimentos/2024_1/dia_turno_curso/20260923_200415/historico.json,180.0,1,180.0,600.0,1,0
1,2,75,dia_turno_curso,5_M_ADM,80,19734,75256,OPTIMAL,185478.5,185478.5,False,185478.5,2.03,1.73,600.0,5,M,ADM,alfabetica,iteracao,dia_turno_curso,180.0,180.0,600.0,14400.0,False,False,alfabetica,,alfabetica,,./dados/2024_1/horarios_2024_1.xlsx,./dados/2024_1/salas_2024_1.csv,./dados/2024_1/salas_preferenciais_2024.1.xlsx,/Users/robertdrey/Documents/workspace/development/alocador_de_salas,resultados/experimentos/2024_1/dia_turno_curso/20260923_200415/melhor_solucao.sol,resultados/experimentos/2024_1/dia_turno_curso/20260923_200415/historico.csv,resultados/experimentos/2024_1/dia_turno_curso/20260923_200415/historico.json,180.0,1,180.0,600.0,1,0
1,2,76,dia_turno_curso,5_M_AGRO,80,18492,76498,OPTIMAL,185478.5,185478.5,False,185478.5,6.3,6.0,600.0,5,M,AGRO,alfabetica,iteracao,dia_turno_curso,180.0,180.0,600.0,14400.0,False,False,alfabetica,,alfabetica,,./dados/2024_1/horarios_2024_1.xlsx,./dados/2024_1/salas_2024_1.csv,./dados/2024_1/salas_preferenciais_2024.1.xlsx,/Users/robertdrey/Documents/workspace/development/alocador_de_salas,resultados/experimentos/2024_1/dia_turno_curso/20260923_200415/melhor_solucao.sol,resultados/experimentos/2024_1/dia_turno_curso/20260923_200415/historico.csv,resultados/experimentos/2024_1/dia_turno_curso/20260923_200415/historico.json,180.0,1,180.0,600.0,1,0
1,2,77,dia_turno_curso,5_M_EAS,75,17618,77372,OPTIMAL,185478.5,185468.5,True,185468.5,2.28,1.97,600.0,5,M,EAS,alfabetica,iteracao,dia_turno_curso,180.0,180.0,600.0,14400.0,False,False,alfabetica,,alfabetica,,./dados/2024_1/horarios_2024_1.xlsx,./dados/2024_1/salas_2024_1.csv,./dados/2024_1/salas_preferenciais_2024.1.xlsx,/Users/robertdrey/Documents/workspace/development/alocador_de_salas,resultados/experimentos/2024_1/dia_turno_curso/20260923_200415/melhor_solucao.sol,resultados/experimentos/2024_1/dia_turno_curso/20260923_200415/historico.csv,resultados/experimentos/2024_1/dia_turno_curso/20260923_200415/historico.json,180.0,1,180.0,600.0,1,0
1,2,78,dia_turno_curso,5_M_ENF,51,15732,79258,OPTIMAL,185468.5,185468.5,False,185468.5,4.39,4.08,600.0,5,M,ENF,alfabetica,iteracao,dia_turno_curso,180.0,180.0,600.0,14400.0,False,False,alfabetica,,alfabetica,,./dados/2024_1/horarios_2024_1.xlsx,./dados/2024_1/salas_2024_1.csv,./dados/2024_1/salas_preferenciais_2024.1.xlsx,/Users/robertdrey/Documents/workspace/development/alocador_de_salas,resultados/experimentos/2024_1/dia_turno_curso/20260923_200415/melhor_solucao.sol,resultados/experimentos/2024_1/dia_turno_curso/20260923_200415/historico.csv,resultados/experimentos/2024_1/dia_turno_curso/20260923_200415/historico.json,180.0,1,180.0,600.0,1,0
1,2,79,dia_turno_curso,5_M_MED,74,19550,75440,OPTIMAL,185468.5,185468.5,False,185468.5,3.72,3.4,600.0,5,M,MED,alfabetica,iteracao,dia_turno_curso,180.0,180.0,600.0,14400.0,False,False,alfabetica,,alfabetica,,./dados/2024_1/horarios_2024_1.xlsx,./dados/2024_1/salas_2024_1.csv,./dados/2024_1/salas_preferenciais_2024.1.xlsx,/Users/robertdrey/Documents/workspace/development/alocador_de_salas,resultados/experimentos/2024_1/dia_turno_curso/20260923_200415/melhor_solucao.sol,resultados/experimentos/2024_1/dia_turno_curso/20260923_200415/historico.csv,resultados/experimentos/2024_1/dia_turno_curso/20260923_200415/historico.json,180.0,1,180.0,600.0,1,0
1,2,80,dia_turno_curso,5_M_PED,89,23230,71760,OPTIMAL,185468.5,185468.5,False,185468.5,19.7,19.39,600.0,5,M,PED,alfabetica,iteracao,dia_turno_curso,180.0,180.0,600.0,14400.0,False,False,alfabetica,,alfabetica,,./dados/2024_1/horarios_2024_1.xlsx,./dados/2024_1/salas_2024_1.csv,./dados/2024_1/salas_preferenciais_2024.1.xlsx,/Users/robertdrey/Documents/workspace/development/alocador_de_salas,resultados/experimentos/2024_1/dia_turno_curso/20260923_200415/melhor_solucao.sol,resultados/experimentos/2024_1/dia_turno_curso/20260923_200415/historico.csv,resultados/experimentos/2024_1/dia_turno_curso/20260923_200415/historico.json,180.0,1,180.0,600.0,1,0
1,2,81,dia_turno_curso,5_T_AGRO,77,18814,76176,OPTIMAL,185468.5,185468.5,False,185468.5,8.13,7.82,600.0,5,T,AGRO,alfabetica,iteracao,dia_turno_curso,180.0,180.0,600.0,14400.0,False,False,alfabetica,,alfabetica,,./dados/2024_1/horarios_2024_1.xlsx,./dados/2024_1/salas_2024_1.csv,./dados/2024_1/salas_preferenciais_2024.1.xlsx,/Users/robertdrey/Documents/workspace/development/alocador_de_salas,resultados/experimentos/2024_1/dia_turno_curso/20260923_200415/melhor_solucao.sol,resultados/experimentos/2024_1/dia_turno_curso/20260923_200415/historico.csv,resultados/experimentos/2024_1/dia_turno_curso/20260923_200415/historico.json,180.0,1,180.0,600.0,1,0
1,2,82,dia_turno_curso,5_T_CC,70,19596,75394,OPTIMAL,185468.5,185468.5,False,185468.5,2.56,2.25,600.0,5,T,CC,alfabetica,iteracao,dia_turno_curso,180.0,180.0,600.0,14400.0,False,False,alfabetica,,alfabetica,,./dados/2024_1/horarios_2024_1.xlsx,./dados/2024_1/salas_2024_1.csv,./dados/2024_1/salas_preferenciais_2024.1.xlsx,/Users/robertdrey/Documents/workspace/development/alocador_de_salas,resultados/experimentos/2024_1/dia_turno_curso/20260923_200415/melhor_solucao.sol,resultados/experimentos/2024_1/dia_turno_curso/20260923_200415/historico.csv,resultados/experimentos/2024_1/dia_turno_curso/20260923_200415/historico.json,180.0,1,180.0,600.0,1,0
1,2,83,dia_turno_curso,5_T_EAS,71,17342,77648,OPTIMAL,185468.5,185468.5,False,185468.5,1.46,1.15,600.0,5,T,EAS,alfabetica,iteracao,dia_turno_curso,180.0,180.0,600.0,14400.0,False,False,alfabetica,,alfabetica,,./dados/2024_1/horarios_2024_1.xlsx,./dados/2024_1/salas_2024_1.csv,./dados/2024_1/salas_preferenciais_2024.1.xlsx,/Users/robertdrey/Documents/workspace/development/alocador_de_salas,resultados/experimentos/2024_1/dia_turno_curso/20260923_200415/melhor_solucao.sol,resultados/experimentos/2024_1/dia_turno_curso/20260923_200415/historico.csv,resultados/experimentos/2024_1/dia_turno_curso/20260923_200415/historico.json,180.0,1,180.0,600.0,1,0
1,2,84,dia_turno_curso,5_T_ENF,44,14858,80132,OPTIMAL,185468.5,185468.5,False,185468.5,3.9,3.59,600.0,5,T,ENF,alfabetica,iteracao,dia_turno_curso,180.0,180.0,600.0,14400.0,False,False,alfabetica,,alfabetica,,./dados/2024_1/horarios_2024_1.xlsx,./dados/2024_1/salas_2024_1.csv,./dados/2024_1/salas_preferenciais_2024.1.xlsx,/Users/robertdrey/Documents/workspace/development/alocador_de_salas,resultados/experimentos/2024_1/dia_turno_curso/20260923_200415/melhor_solucao.sol,resultados/experimentos/2024_1/dia_turno_curso/20260923_200415/historico.csv,resultados/experimentos/2024_1/dia_turno_curso/20260923_200415/historico.json,180.0,1,180.0,600.0,1,0
1,2,85,dia_turno_curso,5_T_GEO,40,12650,82340,OPTIMAL,185468.5,185468.5,False,185468.5,1.32,0.99,600.0,5,T,GEO,alfabetica,iteracao,dia_turno_curso,180.0,180.0,600.0,14400.0,False,False,alfabetica,,alfabetica,,./dados/2024_1/horarios_2024_1.xlsx,./dados/2024_1/salas_2024_1.csv,./dados/2024_1/salas_preferenciais_2024.1.xlsx,/Users/robertdrey/Documents/workspace/development/alocador_de_salas,resultados/experimentos/2024_1/dia_turno_curso/20260923_200415/melhor_solucao.sol,resultados/experimentos/2024_1/dia_turno_curso/20260923_200415/historico.csv,resultados/experimentos/2024_1/dia_turno_curso/20260923_200415/historico.json,180.0,1,180.0,600.0,1,0
1,2,86,dia_turno_curso,5_T_LET,65,18722,76268,OPTIMAL,185468.5,185468.5,False,185468.5,2.33,2.03,600.0,5,T,LET,alfabetica,iteracao,dia_turno_curso,180.0,180.0,600.0,14400.0,False,False,alfabetica,,alfabetica,,./dados/2024_1/horarios_2024_1.xlsx,./dados/2024_1/salas_2024_1.csv,./dados/2024_1/salas_preferenciais_2024.1.xlsx,/Users/robertdrey/Documents/workspace/development/alocador_de_salas,resultados/experimentos/2024_1/dia_turno_curso/20260923_200415/melhor_solucao.sol,resultados/experimentos/2024_1/dia_turno_curso/20260923_200415/historico.csv,resultados/experimentos/2024_1/dia_turno_curso/20260923_200415/historico.json,180.0,1,180.0,600.0,1,0
1,2,87,dia_turno_curso,5_T_MED,67,19274,75716,OPTIMAL,185468.5,185468.5,False,185468.5,2.36,2.06,600.0,5,T,MED,alfabetica,iteracao,dia_turno_curso,180.0,180.0,600.0,14400.0,False,False,alfabetica,,alfabetica,,./dados/2024_1/horarios_2024_1.xlsx,./dados/2024_1/salas_2024_1.csv,./dados/2024_1/salas_preferenciais_2024.1.xlsx,/Users/robertdrey/Documents/workspace/development/alocador_de_salas,resultados/experimentos/2024_1/dia_turno_curso/20260923_200415/melhor_solucao.sol,resultados/experimentos/2024_1/dia_turno_curso/20260923_200415/historico.csv,resultados/experimentos/2024_1/dia_turno_curso/20260923_200415/historico.json,180.0,1,180.0,600.0,1,0
1,2,88,dia_turno_curso,5_N_ADM,83,16652,78338,OPTIMAL,185468.5,185468.5,False,185468.5,2.17,1.87,600.0,5,N,ADM,alfabetica,iteracao,dia_turno_curso,180.0,180.0,600.0,14400.0,False,False,alfabetica,,alfabetica,,./dados/2024_1/horarios_2024_1.xlsx,./dados/2024_1/salas_2024_1.csv,./dados/2024_1/salas_preferenciais_2024.1.xlsx,/Users/robertdrey/Documents/workspace/development/alocador_de_salas,resultados/experimentos/2024_1/dia_turno_curso/20260923_200415/melhor_solucao.sol,resultados/experimentos/2024_1/dia_turno_curso/20260923_200415/historico.csv,resultados/experimentos/2024_1/dia_turno_curso/20260923_200415/historico.json,180.0,1,180.0,600.0,1,0
1,2,89,dia_turno_curso,5_N_CC,83,18078,76912,OPTIMAL,185468.5,185468.5,False,185468.5,4.34,4.04,600.0,5,N,CC,alfabetica,iteracao,dia_turno_curso,180.0,180.0,600.0,14400.0,False,False,alfabetica,,alfabetica,,./dados/2024_1/horarios_2024_1.xlsx,./dados/2024_1/salas_2024_1.csv,./dados/2024_1/salas_preferenciais_2024.1.xlsx,/Users/robertdrey/Documents/workspace/development/alocador_de_salas,resultados/experimentos/2024_1/dia_turno_curso/20260923_200415/melhor_solucao.sol,resultados/experimentos/2024_1/dia_turno_curso/20260923_200415/historico.csv,resultados/experimentos/2024_1/dia_turno_curso/20260923_200415/historico.json,180.0,1,180.0,600.0,1,0
1,2,90,dia_turno_curso,5_N_CS,57,11914,83076,OPTIMAL,185468.5,185468.5,False,185468.5,1.64,1.33,600.0,5,N,CS,alfabetica,iteracao,dia_turno_curso,180.0,180.0,600.0,14400.0,False,False,alfabetica,,alfabetica,,./dados/2024_1/horarios_2024_1.xlsx,./dados/2024_1/salas_2024_1.csv,./dados/2024_1/salas_preferenciais_2024.1.xlsx,/Users/robertdrey/Documents/workspace/development/alocador_de_salas,resultados/experimentos/2024_1/dia_turno_curso/20260923_200415/melhor_solucao.sol,resultados/experimentos/2024_1/dia_turno_curso/20260923_200415/historico.csv,resultados/experimentos/2024_1/dia_turno_curso/20260923_200415/historico.json,180.0,1,180.0,600.0,1,0
1,2,91,dia_turno_curso,5_N_EAS,83,14950,80040,OPTIMAL,185468.5,185468.5,False,185468.5,1.68,1.37,600.0,5,N,EAS,alfabetica,iteracao,dia_turno_curso,180.0,180.0,600.0,14400.0,False,False,alfabetica,,alfabetica,,./dados/2024_1/horarios_2024_1.xlsx,./dados/2024_1/salas_2024_1.csv,./dados/2024_1/salas_preferenciais_2024.1.xlsx,/Users/robertdrey/Documents/workspace/development/alocador_de_salas,resultados/experimentos/2024_1/dia_turno_curso/20260923_200415/melhor_solucao.sol,resultados/experimentos/2024_1/dia_turno_curso/20260923_200415/historico.csv,resultados/experimentos/2024_1/dia_turno_curso/20260923_200415/historico.json,180.0,1,180.0,600.0,1,0
1,2,92,dia_turno_curso,5_N_FIL,51,10304,84686,OPTIMAL,185468.5,185468.5,False,185468.5,1.64,1.33,600.0,5,N,FIL,alfabetica,iteracao,dia_turno_curso,180.0,180.0,600.0,14400.0,False,False,alfabetica,,alfabetica,,./dados/2024_1/horarios_2024_1.xlsx,./dados/2024_1/salas_2024_1.csv,./dados/2024_1/salas_preferenciais_2024.1.xlsx,/Users/robertdrey/Documents/workspace/development/alocador_de_salas,resultados/experimentos/2024_1/dia_turno_curso/20260923_200415/melhor_solucao.sol,resultados/experimentos/2024_1/dia_turno_curso/20260923_200415/historico.csv,resultados/experimentos/2024_1/dia_turno_curso/20260923_200415/historico.json,180.0,1,180.0,600.0,1,0
1,2,93,dia_turno_curso,5_N_GEO,48,9844,85146,OPTIMAL,185468.5,185468.5,False,185468.5,1.77,1.44,600.0,5,N,GEO,alfabetica,iteracao,dia_turno_curso,180.0,180.0,600.0,14400.0,False,False,alfabetica,,alfabetica,,./dados/2024_1/horarios_2024_1.xlsx,./dados/2024_1/salas_2024_1.csv,./dados/2024_1/salas_preferenciais_2024.1.xlsx,/Users/robertdrey/Documents/workspace/development/alocador_de_salas,resultados/experimentos/2024_1/dia_turno_curso/20260923_200415/melhor_solucao.sol,resultados/experimentos/2024_1/dia_turno_curso/20260923_200415/historico.csv,resultados/experimentos/2024_1/dia_turno_curso/20260923_200415/historico.json,180.0,1,180.0,600.0,1,0
1,2,94,dia_turno_curso,5_N_HIS,58,11960,83030,OPTIMAL,185468.5,185468.5,False,185468.5,1.82,1.5,600.0,5,N,HIS,alfabetica,iteracao,dia_turno_curso,180.0,180.0,600.0,14400.0,False,False,alfabetica,,alfabetica,,./dados/2024_1/horarios_2024_1.xlsx,./dados/2024_1/salas_2024_1.csv,./dados/2024_1/salas_preferenciais_2024.1.xlsx,/Users/robertdrey/Documents/workspace/development/alocador_de_salas,resultados/experimentos/2024_1/dia_turno_curso/20260923_200415/melhor_solucao.sol,resultados/experimentos/2024_1/dia_turno_curso/20260923_200415/historico.csv,resultados/experimentos/2024_1/dia_turno_curso/20260923_200415/historico.json,180.0,1,180.0,600.0,1,0
1,2,95,dia_turno_curso,5_N_LET,68,15962,79028,OPTIMAL,185468.5,185468.5,False,185468.5,2.68,2.38,600.0,5,N,LET,alfabetica,iteracao,dia_turno_curso,180.0,180.0,600.0,14400.0,False,False,alfabetica,,alfabetica,,./dados/2024_1/horarios_2024_1.xlsx,./dados/2024_1/salas_2024_1.csv,./dados/2024_1/salas_preferenciais_2024.1.xlsx,/Users/robertdrey/Documents/workspace/development/alocador_de_salas,resultados/experimentos/2024_1/dia_turno_curso/20260923_200415/melhor_solucao.sol,resultados/experimentos/2024_1/dia_turno_curso/20260923_200415/historico.csv,resultados/experimentos/2024_1/dia_turno_curso/20260923_200415/historico.json,180.0,1,180.0,600.0,1,0
1,2,96,dia_turno_curso,5_N_MAT,58,12328,82662,OPTIMAL,185468.5,185468.5,False,185468.5,2.23,1.92,600.0,5,N,MAT,alfabetica,iteracao,dia_turno_curso,180.0,180.0,600.0,14400.0,False,False,alfabetica,,alfabetica,,./dados/2024_1/horarios_2024_1.xlsx,./dados/2024_1/salas_2024_1.csv,./dados/2024_1/salas_preferenciais_2024.1.xlsx,/Users/robertdrey/Documents/workspace/development/alocador_de_salas,resultados/experimentos/2024_1/dia_turno_curso/20260923_200415/melhor_solucao.sol,resultados/experimentos/2024_1/dia_turno_curso/20260923_200415/historico.csv,resultados/experimentos/2024_1/dia_turno_curso/20260923_200415/historico.json,180.0,1,180.0,600.0,1,0
1,2,97,dia_turno_curso,5_N_MED,78,16928,78062,OPTIMAL,185468.5,185468.5,False,185468.5,2.24,1.94,600.0,5,N,MED,alfabetica,iteracao,dia_turno_curso,180.0,180.0,600.0,14400.0,False,False,alfabetica,,alfabetica,,./dados/2024_1/horarios_2024_1.xlsx,./dados/2024_1/salas_2024_1.csv,./dados/2024_1/salas_preferenciais_2024.1.xlsx,/Users/robertdrey/Documents/workspace/development/alocador_de_salas,resultados/experimentos/2024_1/dia_turno_curso/20260923_200415/melhor_solucao.sol,resultados/experimentos/2024_1/dia_turno_curso/20260923_200415/historico.csv,resultados/experimentos/2024_1/dia_turno_curso/20260923_200415/historico.json,180.0,1,180.0,600.0,1,0
1,2,98,dia_turno_curso,5_N_PED,90,19780,75210,OPTIMAL,185468.5,185468.5,False,185468.5,40.87,40.57,600.0,5,N,PED,alfabetica,iteracao,dia_turno_curso,180.0,180.0,600.0,14400.0,False,False,alfabetica,,alfabetica,,./dados/2024_1/horarios_2024_1.xlsx,./dados/2024_1/salas_2024_1.csv,./dados/2024_1/salas_preferenciais_2024.1.xlsx,/Users/robertdrey/Documents/workspace/development/alocador_de_salas,resultados/experimentos/2024_1/dia_turno_curso/20260923_200415/melhor_solucao.sol,resultados/experimentos/2024_1/dia_turno_curso/20260923_200415/historico.csv,resultados/experimentos/2024_1/dia_turno_curso/20260923_200415/historico.json,180.0,1,180.0,600.0,1,0
1,2,99,dia_turno_curso,6_M_ADM,74,15226,79764,OPTIMAL,185468.5,185468.5,False,185468.5,1.86,1.53,600.0,6,M,ADM,alfabetica,iteracao,dia_turno_curso,180.0,180.0,600.0,14400.0,False,False,alfabetica,,alfabetica,,./dados/2024_1/horarios_2024_1.xlsx,./dados/2024_1/salas_2024_1.csv,./dados/2024_1/salas_preferenciais_2024.1.xlsx,/Users/robertdrey/Documents/workspace/development/alocador_de_salas,resultados/experimentos/2024_1/dia_turno_curso/20260923_200415/melhor_solucao.sol,resultados/experimentos/2024_1/dia_turno_curso/20260923_200415/historico.csv,resultados/experimentos/2024_1/dia_turno_curso/20260923_200415/historico.json,180.0,1,180.0,600.0,1,0
1,2,100,dia_turno_curso,6_M_AGRO,76,14168,80822,OPTIMAL,185468.5,185468.5,False,185468.5,4.81,4.48,600.0,6,M,AGRO,alfabetica,iteracao,dia_turno_curso,180.0,180.0,600.0,14400.0,False,False,alfabetica,,alfabetica,,./dados/2024_1/horarios_2024_1.xlsx,./dados/2024_1/salas_2024_1.csv,./dados/2024_1/salas_preferenciais_2024.1.xlsx,/Users/robertdrey/Documents/workspace/development/alocador_de_salas,resultados/experimentos/2024_1/dia_turno_curso/20260923_200415/melhor_solucao.sol,resultados/experimentos/2024_1/dia_turno_curso/20260923_200415/historico.csv,resultados/experimentos/2024_1/dia_turno_curso/20260923_200415/historico.json,180.0,1,180.0,600.0,1,0
1,2,101,dia_turno_curso,6_M_EAS,69,13294,81696,OPTIMAL,185468.5,185468.5,False,185468.5,1.52,1.19,600.0,6,M,EAS,alfabetica,iteracao,dia_turno_curso,180.0,180.0,600.0,14400.0,False,False,alfabetica,,alfabetica,,./dados/2024_1/horarios_2024_1.xlsx,./dados/2024_1/salas_2024_1.csv,./dados/2024_1/salas_preferenciais_2024.1.xlsx,/Users/robertdrey/Documents/workspace/development/alocador_de_salas,resultados/experimentos/2024_1/dia_turno_curso/20260923_200415/melhor_solucao.sol,resultados/experimentos/2024_1/dia_turno_curso/20260923_200415/historico.csv,resultados/experimentos/2024_1/dia_turno_curso/20260923_200415/historico.json,180.0,1,180.0,600.0,1,0
1,2,102,dia_turno_curso,6_M_MED,69,15778,79212,OPTIMAL,185468.5,185468.5,False,185468.5,2.45,2.12,600.0,6,M,MED,alfabetica,iteracao,dia_turno_curso,180.0,180.0,600.0,14400.0,False,False,alfabetica,,alfabetica,,./dados/2024_1/horarios_2024_1.xlsx,./dados/2024_1/salas_2024_1.csv,./dados/2024_1/salas_preferenciais_2024.1.xlsx,/Users/robertdrey/Documents/workspace/development/alocador_de_salas,resultados/experimentos/2024_1/dia_turno_curso/20260923_200415/melhor_solucao.sol,resultados/experimentos/2024_1/dia_turno_curso/20260923_200415/historico.csv,resultados/experimentos/2024_1/dia_turno_curso/20260923_200415/historico.json,180.0,1,180.0,600.0,1,0
1,2,103,dia_turno_curso,6_M_PED,81,18078,76912,OPTIMAL,185468.5,185468.5,False,185468.5,17.81,17.5,600.0,6,M,PED,alfabetica,iteracao,dia_turno_curso,180.0,180.0,600.0,14400.0,False,False,alfabetica,,alfabetica,,./dados/2024_1/horarios_2024_1.xlsx,./dados/2024_1/salas_2024_1.csv,./dados/2024_1/salas_preferenciais_2024.1.xlsx,/Users/robertdrey/Documents/workspace/development/alocador_de_salas,resultados/experimentos/2024_1/dia_turno_curso/20260923_200415/melhor_solucao.sol,resultados/experimentos/2024_1/dia_turno_curso/20260923_200415/historico.csv,resultados/experimentos/2024_1/dia_turno_curso/20260923_200415/historico.json,180.0,1,180.0,600.0,1,0
1,2,104,dia_turno_curso,6_T_AGRO,79,20102,74888,OPTIMAL,185468.5,185468.5,False,185468.5,6.72,6.41,600.0,6,T,AGRO,alfabetica,iteracao,dia_turno_curso,180.0,180.0,600.0,14400.0,False,False,alfabetica,,alfabetica,,./dados/2024_1/horarios_2024_1.xlsx,./dados/2024_1/salas_2024_1.csv,./dados/2024_1/salas_preferenciais_2024.1.xlsx,/Users/robertdrey/Documents/workspace/development/alocador_de_salas,resultados/experimentos/2024_1/dia_turno_curso/20260923_200415/melhor_solucao.sol,resultados/experimentos/2024_1/dia_turno_curso/20260923_200415/historico.csv,resultados/experimentos/2024_1/dia_turno_curso/20260923_200415/historico.json,180.0,1,180.0,600.0,1,0
1,2,105,dia_turno_curso,6_T_CC,68,20102,74888,OPTIMAL,185468.5,185468.5,False,185468.5,2.37,2.05,600.0,6,T,CC,alfabetica,iteracao,dia_turno_curso,180.0,180.0,600.0,14400.0,False,False,alfabetica,,alfabetica,,./dados/2024_1/horarios_2024_1.xlsx,./dados/2024_1/salas_2024_1.csv,./dados/2024_1/salas_preferenciais_2024.1.xlsx,/Users/robertdrey/Documents/workspace/development/alocador_de_salas,resultados/experimentos/2024_1/dia_turno_curso/20260923_200415/melhor_solucao.sol,resultados/experimentos/2024_1/dia_turno_curso/20260923_200415/historico.csv,resultados/experimentos/2024_1/dia_turno_curso/20260923_200415/historico.json,180.0,1,180.0,600.0,1,0
1,2,106,dia_turno_curso,6_T_EAS,71,18124,76866,OPTIMAL,185468.5,185468.5,False,185468.5,1.1,0.79,600.0,6,T,EAS,alfabetica,iteracao,dia_turno_curso,180.0,180.0,600.0,14400.0,False,False,alfabetica,,alfabetica,,./dados/2024_1/horarios_2024_1.xlsx,./dados/2024_1/salas_2024_1.csv,./dados/2024_1/salas_preferenciais_2024.1.xlsx,/Users/robertdrey/Documents/workspace/development/alocador_de_salas,resultados/experimentos/2024_1/dia_turno_curso/20260923_200415/melhor_solucao.sol,resultados/experimentos/2024_1/dia_turno_curso/20260923_200415/historico.csv,resultados/experimentos/2024_1/dia_turno_curso/20260923_200415/historico.json,180.0,1,180.0,600.0,1,0
1,2,107,dia_turno_curso,6_T_ENF,43,15364,79626,OPTIMAL,185468.5,185468.5,False,185468.5,5.44,5.13,600.0,6,T,ENF,alfabetica,iteracao,dia_turno_curso,180.0,180.0,600.0,14400.0,False,False,alfabetica,,alfabetica,,./dados/2024_1/horarios_2024_1.xlsx,./dados/2024_1/salas_2024_1.csv,./dados/2024_1/salas_preferenciais_2024.1.xlsx,/Users/robertdrey/Documents/workspace/development/alocador_de_salas,resultados/experimentos/2024_1/dia_turno_curso/20260923_200415/melhor_solucao.sol,resultados/experimentos/2024_1/dia_turno_curso/20260923_200415/historico.csv,resultados/experimentos/2024_1/dia_turno_curso/20260923_200415/historico.json,180.0,1,180.0,600.0,1,0
1,2,108,dia_turno_curso,6_T_LET,63,18998,75992,OPTIMAL,185468.5,185468.5,False,185468.5,1.82,1.5,600.0,6,T,LET,alfabetica,iteracao,dia_turno_curso,180.0,180.0,600.0,14400.0,False,False,alfabetica,,alfabetica,,./dados/2024_1/horarios_2024_1.xlsx,./dados/2024_1/salas_2024_1.csv,./dados/2024_1/salas_preferenciais_2024.1.xlsx,/Users/robertdrey/Documents/workspace/development/alocador_de_salas,resultados/experimentos/2024_1/dia_turno_curso/20260923_200415/melhor_solucao.sol,resultados/experimentos/2024_1/dia_turno_curso/20260923_200415/historico.csv,resultados/experimentos/2024_1/dia_turno_curso/20260923_200415/historico.json,180.0,1,180.0,600.0,1,0
1,2,109,dia_turno_curso,6_T_MED,64,19274,75716,OPTIMAL,185468.5,185468.5,False,185468.5,2.21,1.91,600.0,6,T,MED,alfabetica,iteracao,dia_turno_curso,180.0,180.0,600.0,14400.0,False,False,alfabetica,,alfabetica,,./dados/2024_1/horarios_2024_1.xlsx,./dados/2024_1/salas_2024_1.csv,./dados/2024_1/salas_preferenciais_2024.1.xlsx,/Users/robertdrey/Documents/workspace/development/alocador_de_salas,resultados/experimentos/2024_1/dia_turno_curso/20260923_200415/melhor_solucao.sol,resultados/experimentos/2024_1/dia_turno_curso/20260923_200415/historico.csv,resultados/experimentos/2024_1/dia_turno_curso/20260923_200415/historico.json,180.0,1,180.0,600.0,1,0
1,2,110,dia_turno_curso,6_N_ADM,83,17158,77832,OPTIMAL,185468.5,185468.5,False,185468.5,2.14,1.84,600.0,6,N,ADM,alfabetica,iteracao,dia_turno_curso,180.0,180.0,600.0,14400.0,False,False,alfabetica,,alfabetica,,./dados/2024_1/horarios_2024_1.xlsx,./dados/2024_1/salas_2024_1.csv,./dados/2024_1/salas_preferenciais_2024.1.xlsx,/Users/robertdrey/Documents/workspace/development/alocador_de_salas,resultados/experimentos/2024_1/dia_turno_curso/20260923_200415/melhor_solucao.sol,resultados/experimentos/2024_1/dia_turno_curso/20260923_200415/historico.csv,resultados/experimentos/2024_1/dia_turno_curso/20260923_200415/historico.json,180.0,1,180.0,600.0,1,0
1,2,111,dia_turno_curso,6_N_AGRO,89,16422,78568,OPTIMAL,185468.5,185468.5,False,185468.5,4.6,4.3,600.0,6,N,AGRO,alfabetica,iteracao,dia_turno_curso,180.0,180.0,600.0,14400.0,False,False,alfabetica,,alfabetica,,./dados/2024_1/horarios_2024_1.xlsx,./dados/2024_1/salas_2024_1.csv,./dados/2024_1/salas_preferenciais_2024.1.xlsx,/Users/robertdrey/Documents/workspace/development/alocador_de_salas,resultados/experimentos/2024_1/dia_turno_curso/20260923_200415/melhor_solucao.sol,resultados/experimentos/2024_1/dia_turno_curso/20260923_200415/historico.csv,resultados/experimentos/2024_1/dia_turno_curso/20260923_200415/historico.json,180.0,1,180.0,600.0,1,0
1,2,112,dia_turno_curso,6_N_CC,82,18400,76590,OPTIMAL,185468.5,185468.5,False,185468.5,4.68,4.36,600.0,6,N,CC,alfabetica,iteracao,dia_turno_curso,180.0,180.0,600.0,14400.0,False,False,alfabetica,,alfabetica,,./dados/2024_1/horarios_2024_1.xlsx,./dados/2024_1/salas_2024_1.csv,./dados/2024_1/salas_preferenciais_2024.1.xlsx,/Users/robertdrey/Documents/workspace/development/alocador_de_salas,resultados/experimentos/2024_1/dia_turno_curso/20260923_200415/melhor_solucao.sol,resultados/experimentos/2024_1/dia_turno_curso/20260923_200415/historico.csv,resultados/experimentos/2024_1/dia_turno_curso/20260923_200415/historico.json,180.0,1,180.0,600.0,1,0
1,2,113,dia_turno_curso,6_N_CS,57,12420,82570,OPTIMAL,185468.5,185468.5,False,185468.5,2.54,2.23,600.0,6,N,CS,alfabetica,iteracao,dia_turno_curso,180.0,180.0,600.0,14400.0,False,False,alfabetica,,alfabetica,,./dados/2024_1/horarios_2024_1.xlsx,./dados/2024_1/salas_2024_1.csv,./dados/2024_1/salas_preferenciais_2024.1.xlsx,/Users/robertdrey/Documents/workspace/development/alocador_de_salas,resultados/experimentos/2024_1/dia_turno_curso/20260923_200415/melhor_solucao.sol,resultados/experimentos/2024_1/dia_turno_curso/20260923_200415/historico.csv,resultados/experimentos/2024_1/dia_turno_curso/20260923_200415/historico.json,180.0,1,180.0,600.0,1,0
1,2,114,dia_turno_curso,6_N_EAS,83,15456,79534,OPTIMAL,185468.5,185468.5,False,185468.5,2.07,1.76,600.0,6,N,EAS,alfabetica,iteracao,dia_turno_curso,180.0,180.0,600.0,14400.0,False,False,alfabetica,,alfabetica,,./dados/2024_1/horarios_2024_1.xlsx,./dados/2024_1/salas_2024_1.csv,./dados/2024_1/salas_preferenciais_2024.1.xlsx,/Users/robertdrey/Documents/workspace/development/alocador_de_salas,resultados/experimentos/2024_1/dia_turno_curso/20260923_200415/melhor_solucao.sol,resultados/experimentos/2024_1/dia_turno_curso/20260923_200415/historico.csv,resultados/experimentos/2024_1/dia_turno_curso/20260923_200415/historico.json,180.0,1,180.0,600.0,1,0
1,2,115,dia_turno_curso,6_N_FIL,51,10810,84180,OPTIMAL,185468.5,185468.5,False,185468.5,1.51,1.2,600.0,6,N,FIL,alfabetica,iteracao,dia_turno_curso,180.0,180.0,600.0,14400.0,False,False,alfabetica,,alfabetica,,./dados/2024_1/horarios_2024_1.xlsx,./dados/2024_1/salas_2024_1.csv,./dados/2024_1/salas_preferenciais_2024.1.xlsx,/Users/robertdrey/Documents/workspace/development/alocador_de_salas,resultados/experimentos/2024_1/dia_turno_curso/20260923_200415/melhor_solucao.sol,resultados/experimentos/2024_1/dia_turno_curso/20260923_200415/historico.csv,resultados/experimentos/2024_1/dia_turno_curso/20260923_200415/historico.json,180.0,1,180.0,600.0,1,0
1,2,116,dia_turno_curso,6_N_GEO,47,10304,84686,OPTIMAL,185468.5,185468.5,False,185468.5,1.52,1.2,600.0,6,N,GEO,alfabetica,iteracao,dia_turno_curso,180.0,180.0,600.0,14400.0,False,False,alfabetica,,alfabetica,,./dados/2024_1/horarios_2024_1.xlsx,./dados/2024_1/salas_2024_1.csv,./dados/2024_1/salas_preferenciais_2024.1.xlsx,/Users/robertdrey/Documents/workspace/development/alocador_de_salas,resultados/experimentos/2024_1/dia_turno_curso/20260923_200415/melhor_solucao.sol,resultados/experimentos/2024_1/dia_turno_curso/20260923_200415/historico.csv,resultados/experimentos/2024_1/dia_turno_curso/20260923_200415/historico.json,180.0,1,180.0,600.0,1,0
1,2,117,dia_turno_curso,6_N_HIS,59,12650,82340,OPTIMAL,185468.5,185468.5,False,185468.5,1.66,1.35,600.0,6,N,HIS,alfabetica,iteracao,dia_turno_curso,180.0,180.0,600.0,14400.0,False,False,alfabetica,,alfabetica,,./dados/2024_1/horarios_2024_1.xlsx,./dados/2024_1/salas_2024_1.csv,./dados/2024_1/salas_preferenciais_2024.1.xlsx,/Users/robertdrey/Documents/workspace/development/alocador_de_salas,resultados/experimentos/2024_1/dia_turno_curso/20260923_200415/melhor_solucao.sol,resultados/experimentos/2024_1/dia_turno_curso/20260923_200415/historico.csv,resultados/experimentos/2024_1/dia_turno_curso/20260923_200415/historico.json,180.0,1,180.0,600.0,1,0
1,2,118,dia_turno_curso,6_N_LET,69,16376,78614,OPTIMAL,185468.5,185468.5,False,185468.5,3.78,3.47,600.0,6,N,LET,alfabetica,iteracao,dia_turno_curso,180.0,180.0,600.0,14400.0,False,False,alfabetica,,alfabetica,,./dados/2024_1/horarios_2024_1.xlsx,./dados/2024_1/salas_2024_1.csv,./dados/2024_1/salas_preferenciais_2024.1.xlsx,/Users/robertdrey/Documents/workspace/development/alocador_de_salas,resultados/experimentos/2024_1/dia_turno_curso/20260923_200415/melhor_solucao.sol,resultados/experimentos/2024_1/dia_turno_curso/20260923_200415/historico.csv,resultados/experimentos/2024_1/dia_turno_curso/20260923_200415/historico.json,180.0,1,180.0,600.0,1,0
1,2,119,dia_turno_curso,6_N_MAT,58,12834,82156,OPTIMAL,185468.5,185468.5,False,185468.5,2.03,1.71,600.0,6,N,MAT,alfabetica,iteracao,dia_turno_curso,180.0,180.0,600.0,14400.0,False,False,alfabetica,,alfabetica,,./dados/2024_1/horarios_2024_1.xlsx,./dados/2024_1/salas_2024_1.csv,./dados/2024_1/salas_preferenciais_2024.1.xlsx,/Users/robertdrey/Documents/workspace/development/alocador_de_salas,resultados/experimentos/2024_1/dia_turno_curso/20260923_200415/melhor_solucao.sol,resultados/experimentos/2024_1/dia_turno_curso/20260923_200415/historico.csv,resultados/experimentos/2024_1/dia_turno_curso/20260923_200415/historico.json,180.0,1,180.0,600.0,1,0
1,2,120,dia_turno_curso,6_N_PED,89,20286,74704,OPTIMAL,185468.5,185468.5,False,185468.5,13.93,13.63,600.0,6,N,PED,alfabetica,iteracao,dia_turno_curso,180.0,180.0,600.0,14400.0,False,False,alfabetica,,alfabetica,,./dados/2024_1/horarios_2024_1.xlsx,./dados/2024_1/salas_2024_1.csv,./dados/2024_1/salas_preferenciais_2024.1.xlsx,/Users/robertdrey/Documents/workspace/development/alocador_de_salas,resultados/experimentos/2024_1/dia_turno_curso/20260923_200415/melhor_solucao.sol,resultados/experimentos/2024_1/dia_turno_curso/20260923_200415/historico.csv,resultados/experimentos/2024_1/dia_turno_curso/20260923_200415/historico.json,180.0,1,180.0,600.0,1,0
1,2,121,dia_turno_curso,7_M_AGRO,68,15870,79120,OPTIMAL,185468.5,185468.5,False,185468.5,3.79,3.48,600.0,7,M,AGRO,alfabetica,iteracao,dia_turno_curso,180.0,180.0,600.0,14400.0,False,False,alfabetica,,alfabetica,,./dados/2024_1/horarios_2024_1.xlsx,./dados/2024_1/salas_2024_1.csv,./dados/2024_1/salas_preferenciais_2024.1.xlsx,/Users/robertdrey/Documents/workspace/development/alocador_de_salas,resultados/experimentos/2024_1/dia_turno_curso/20260923_200415/melhor_solucao.sol,resultados/experimentos/2024_1/dia_turno_curso/20260923_200415/historico.csv,resultados/experimentos/2024_1/dia_turno_curso/20260923_200415/historico.json,180.0,1,180.0,600.0,1,0
1,2,122,dia_turno_curso,7_M_CC,63,17480,77510,OPTIMAL,185468.5,185468.5,False,185468.5,2.39,2.07,600.0,7,M,CC,alfabetica,iteracao,dia_turno_curso,180.0,180.0,600.0,14400.0,False,False,alfabetica,,alfabetica,,./dados/2024_1/horarios_2024_1.xlsx,./dados/2024_1/salas_2024_1.csv,./dados/2024_1/salas_preferenciais_2024.1.xlsx,/Users/robertdrey/Documents/workspace/development/alocador_de_salas,resultados/experimentos/2024_1/dia_turno_curso/20260923_200415/melhor_solucao.sol,resultados/experimentos/2024_1/dia_turno_curso/20260923_200415/historico.csv,resultados/experimentos/2024_1/dia_turno_curso/20260923_200415/historico.json,180.0,1,180.0,600.0,1,0
1,2,123,dia_turno_curso,7_M_CS,40,12742,82248,OPTIMAL,185468.5,185468.5,False,185468.5,1.27,0.94,600.0,7,M,CS,alfabetica,iteracao,dia_turno_curso,180.0,180.0,600.0,14400.0,False,False,alfabetica,,alfabetica,,./dados/2024_1/horarios_2024_1.xlsx,./dados/2024_1/salas_2024_1.csv,./dados/2024_1/salas_preferenciais_2024.1.xlsx,/Users/robertdrey/Documents/workspace/development/alocador_de_salas,resultados/experimentos/2024_1/dia_turno_curso/20260923_200415/melhor_solucao.sol,resultados/experimentos/2024_1/dia_turno_curso/20260923_200415/historico.csv,resultados/experimentos/2024_1/dia_turno_curso/20260923_200415/historico.json,180.0,1,180.0,600.0,1,0
1,2,124,dia_turno_curso,7_M_GEO,28,10258,84732,OPTIMAL,185468.5,185468.5,False,185468.5,1.03,0.71,600.0,7,M,GEO,alfabetica,iteracao,dia_turno_curso,180.0,180.0,600.0,14400.0,False,False,alfabetica,,alfabetica,,./dados/2024_1/horarios_2024_1.xlsx,./dados/2024_1/salas_2024_1.csv,./dados/2024_1/salas_preferenciais_2024.1.xlsx,/Users/robertdrey/Documents/workspace/development/alocador_de_salas,resultados/experimentos/2024_1/dia_turno_curso/20260923_200415/melhor_solucao.sol,resultados/experimentos/2024_1/dia_turno_curso/20260923_200415/historico.csv,resultados/experimentos/2024_1/dia_turno_curso/20260923_200415/historico.json,180.0,1,180.0,600.0,1,0
1,2,125,dia_turno_curso,7_M_HIS,41,12420,82570,OPTIMAL,185468.5,185468.5,False,185468.5,0.99,0.67,600.0,7,M,HIS,alfabetica,iteracao,dia_turno_curso,180.0,180.0,600.0,14400.0,False,False,alfabetica,,alfabetica,,./dados/2024_1/horarios_2024_1.xlsx,./dados/2024_1/salas_2024_1.csv,./dados/2024_1/salas_preferenciais_2024.1.xlsx,/Users/robertdrey/Documents/workspace/development/alocador_de_salas,resultados/experimentos/2024_1/dia_turno_curso/20260923_200415/melhor_solucao.sol,resultados/experimentos/2024_1/dia_turno_curso/20260923_200415/historico.csv,resultados/experimentos/2024_1/dia_turno_curso/20260923_200415/historico.json,180.0,1,180.0,600.0,1,0
1,2,126,dia_turno_curso,7_M_MAT,40,12604,82386,OPTIMAL,185468.5,185468.5,False,185468.5,1.18,0.87,600.0,7,M,MAT,alfabetica,iteracao,dia_turno_curso,180.0,180.0,600.0,14400.0,False,False,alfabetica,,alfabetica,,./dados/2024_1/horarios_2024_1.xlsx,./dados/2024_1/salas_2024_1.csv,./dados/2024_1/salas_preferenciais_2024.1.xlsx,/Users/robertdrey/Documents/workspace/development/alocador_de_salas,resultados/experimentos/2024_1/dia_turno_curso/20260923_200415/melhor_solucao.sol,resultados/experimentos/2024_1/dia_turno_curso/20260923_200415/historico.csv,resultados/experimentos/2024_1/dia_turno_curso/20260923_200415/historico.json,180.0,1,180.0,600.0,1,0
1,2,127,dia_turno_curso,7_M_MED,59,17480,77510,OPTIMAL,185468.5,185468.5,False,185468.5,1.94,1.63,600.0,7,M,MED,alfabetica,iteracao,dia_turno_curso,180.0,180.0,600.0,14400.0,False,False,alfabetica,,alfabetica,,./dados/2024_1/horarios_2024_1.xlsx,./dados/2024_1/salas_2024_1.csv,./dados/2024_1/salas_preferenciais_2024.1.xlsx,/Users/robertdrey/Documents/workspace/development/alocador_de_salas,resultados/experimentos/2024_1/dia_turno_curso/20260923_200415/melhor_solucao.sol,resultados/experimentos/2024_1/dia_turno_curso/20260923_200415/historico.csv,resultados/experimentos/2024_1/dia_turno_curso/20260923_200415/historico.json,180.0,1,180.0,600.0,1,0
1,2,128,dia_turno_curso,7_M_PED,68,17572,77418,OPTIMAL,185468.5,185468.5,False,185468.5,17.31,16.99,600.0,7,M,PED,alfabetica,iteracao,dia_turno_curso,180.0,180.0,600.0,14400.0,False,False,alfabetica,,alfabetica,,./dados/2024_1/horarios_2024_1.xlsx,./dados/2024_1/salas_2024_1.csv,./dados/2024_1/salas_preferenciais_2024.1.xlsx,/Users/robertdrey/Documents/workspace/development/alocador_de_salas,resultados/experimentos/2024_1/dia_turno_curso/20260923_200415/melhor_solucao.sol,resultados/experimentos/2024_1/dia_turno_curso/20260923_200415/historico.csv,resultados/experimentos/2024_1/dia_turno_curso/20260923_200415/historico.json,180.0,1,180.0,600.0,1,0
1,2,129,dia_turno_curso,7_T_AGRO,58,12144,82846,OPTIMAL,185468.5,185468.5,False,185468.5,3.68,3.34,600.0,7,T,AGRO,alfabetica,iteracao,dia_turno_curso,180.0,180.0,600.0,14400.0,False,False,alfabetica,,alfabetica,,./dados/2024_1/horarios_2024_1.xlsx,./dados/2024_1/salas_2024_1.csv,./dados/2024_1/salas_preferenciais_2024.1.xlsx,/Users/robertdrey/Documents/workspace/development/alocador_de_salas,resultados/experimentos/2024_1/dia_turno_curso/20260923_200415/melhor_solucao.sol,resultados/experimentos/2024_1/dia_turno_curso/20260923_200415/historico.csv,resultados/experimentos/2024_1/dia_turno_curso/20260923_200415/historico.json,180.0,1,180.0,600.0,1,0
1,2,130,dia_turno_curso,7_T_CC,53,13754,81236,OPTIMAL,185468.5,185468.5,False,185468.5,2.7,2.38,600.0,7,T,CC,alfabetica,iteracao,dia_turno_curso,180.0,180.0,600.0,14400.0,False,False,alfabetica,,alfabetica,,./dados/2024_1/horarios_2024_1.xlsx,./dados/2024_1/salas_2024_1.csv,./dados/2024_1/salas_preferenciais_2024.1.xlsx,/Users/robertdrey/Documents/workspace/development/alocador_de_salas,resultados/experimentos/2024_1/dia_turno_curso/20260923_200415/melhor_solucao.sol,resultados/experimentos/2024_1/dia_turno_curso/20260923_200415/historico.csv,resultados/experimentos/2024_1/dia_turno_curso/20260923_200415/historico.json,180.0,1,180.0,600.0,1,0
1,2,131,dia_turno_curso,7_T_HIS,32,9246,85744,OPTIMAL,185468.5,185468.5,False,185468.5,0.8,0.48,600.0,7,T,HIS,alfabetica,iteracao,dia_turno_curso,180.0,180.0,600.0,14400.0,False,False,alfabetica,,alfabetica,,./dados/2024_1/horarios_2024_1.xlsx,./dados/2024_1/salas_2024_1.csv,./dados/2024_1/salas_preferenciais_2024.1.xlsx,/Users/robertdrey/Documents/workspace/development/alocador_de_salas,resultados/experimentos/2024_1/dia_turno_curso/20260923_200415/melhor_solucao.sol,resultados/experimentos/2024_1/dia_turno_curso/20260923_200415/historico.csv,resultados/experimentos/2024_1/dia_turno_curso/20260923_200415/historico.json,180.0,1,180.0,600.0,1,0
1,2,132,dia_turno_curso,7_T_PED,62,15640,79350,OPTIMAL,185468.5,185468.5,False,185468.5,25.9,25.57,600.0,7,T,PED,alfabetica,iteracao,dia_turno_curso,180.0,180.0,600.0,14400.0,False,False,alfabetica,,alfabetica,,./dados/2024_1/horarios_2024_1.xlsx,./dados/2024_1/salas_2024_1.csv,./dados/2024_1/salas_preferenciais_2024.1.xlsx,/Users/robertdrey/Documents/workspace/development/alocador_de_salas,resultados/experimentos/2024_1/dia_turno_curso/20260923_200415/melhor_solucao.sol,resultados/experimentos/2024_1/dia_turno_curso/20260923_200415/historico.csv,resultados/experimentos/2024_1/dia_turno_curso/20260923_200415/historico.json,180.0,1,180.0,600.0,1,0
1,2,133,dia_turno_curso,7_N_AGRO,53,10028,84962,OPTIMAL,185468.5,185468.5,False,185468.5,4.11,3.78,600.0,7,N,AGRO,alfabetica,iteracao,dia_turno_curso,180.0,180.0,600.0,14400.0,False,False,alfabetica,,alfabetica,,./dados/2024_1/horarios_2024_1.xlsx,./dados/2024_1/salas_2024_1.csv,./dados/2024_1/salas_preferenciais_2024.1.xlsx,/Users/robertdrey/Documents/workspace/development/alocador_de_salas,resultados/experimentos/2024_1/dia_turno_curso/20260923_200415/melhor_solucao.sol,resultados/experimentos/2024_1/dia_turno_curso/20260923_200415/historico.csv,resultados/experimentos/2024_1/dia_turno_curso/20260923_200415/historico.json,180.0,1,180.0,600.0,1,0
1,2,134,dia_turno_curso,7_N_HIS,26,6532,88458,OPTIMAL,185468.5,185468.5,False,185468.5,0.74,0.39,600.0,7,N,HIS,alfabetica,iteracao,dia_turno_curso,180.0,180.0,600.0,14400.0,False,False,alfabetica,,alfabetica,,./dados/2024_1/horarios_2024_1.xlsx,./dados/2024_1/salas_2024_1.csv,./dados/2024_1/salas_preferenciais_2024.1.xlsx,/Users/robertdrey/Documents/workspace/development/alocador_de_salas,resultados/experimentos/2024_1/dia_turno_curso/20260923_200415/melhor_solucao.sol,resultados/experimentos/2024_1/dia_turno_curso/20260923_200415/historico.csv,resultados/experimentos/2024_1/dia_turno_curso/20260923_200415/historico.json,180.0,1,180.0,600.0,1,0
1,2,135,dia_turno_curso,7_N_PED,58,14168,80822,OPTIMAL,185468.5,185468.5,False,185468.5,28.5,28.17,600.0,7,N,PED,alfabetica,iteracao,dia_turno_curso,180.0,180.0,600.0,14400.0,False,False,alfabetica,,alfabetica,,./dados/2024_1/horarios_2024_1.xlsx,./dados/2024_1/salas_2024_1.csv,./dados/2024_1/salas_preferenciais_2024.1.xlsx,/Users/robertdrey/Documents/workspace/development/alocador_de_salas,resultados/experimentos/2024_1/dia_turno_curso/20260923_200415/melhor_solucao.sol,resultados/experimentos/2024_1/dia_turno_curso/20260923_200415/historico.csv,resultados/experimentos/2024_1/dia_turno_curso/20260923_200415/historico.json,180.0,1,180.0,600.0,1,0
1,3,1,dia_turno_curso,2_M_ADM,81,18538,76452,OPTIMAL,185468.5,185468.5,False,185468.5,2.04,1.71,600.0,2,M,ADM,alfabetica,iteracao,dia_turno_curso,180.0,180.0,600.0,14400.0,False,False,alfabetica,,alfabetica,,./dados/2024_1/horarios_2024_1.xlsx,./dados/2024_1/salas_2024_1.csv,./dados/2024_1/salas_preferenciais_2024.1.xlsx,/Users/robertdrey/Documents/workspace/development/alocador_de_salas,resultados/experimentos/2024_1/dia_turno_curso/20260923_200415/melhor_solucao.sol,resultados/experimentos/2024_1/dia_turno_curso/20260923_200415/historico.csv,resultados/experimentos/2024_1/dia_turno_curso/20260923_200415/historico.json,180.0,1,180.0,600.0,1,0
1,3,2,dia_turno_curso,2_M_AGRO,82,17250,77740,OPTIMAL,185468.5,185468.5,False,185468.5,5.99,5.67,600.0,2,M,AGRO,alfabetica,iteracao,dia_turno_curso,180.0,180.0,600.0,14400.0,False,False,alfabetica,,alfabetica,,./dados/2024_1/horarios_2024_1.xlsx,./dados/2024_1/salas_2024_1.csv,./dados/2024_1/salas_preferenciais_2024.1.xlsx,/Users/robertdrey/Documents/workspace/development/alocador_de_salas,resultados/experimentos/2024_1/dia_turno_curso/20260923_200415/melhor_solucao.sol,resultados/experimentos/2024_1/dia_turno_curso/20260923_200415/historico.csv,resultados/experimentos/2024_1/dia_turno_curso/20260923_200415/historico.json,180.0,1,180.0,600.0,1,0
1,3,3,dia_turno_curso,2_M_EAS,73,16238,78752,OPTIMAL,185468.5,185468.5,False,185468.5,1.85,1.54,600.0,2,M,EAS,alfabetica,iteracao,dia_turno_curso,180.0,180.0,600.0,14400.0,False,False,alfabetica,,alfabetica,,./dados/2024_1/horarios_2024_1.xlsx,./dados/2024_1/salas_2024_1.csv,./dados/2024_1/salas_preferenciais_2024.1.xlsx,/Users/robertdrey/Documents/workspace/development/alocador_de_salas,resultados/experimentos/2024_1/dia_turno_curso/20260923_200415/melhor_solucao.sol,resultados/experimentos/2024_1/dia_turno_curso/20260923_200415/historico.csv,resultados/experimentos/2024_1/dia_turno_curso/20260923_200415/historico.json,180.0,1,180.0,600.0,1,0
1,3,4,dia_turno_curso,2_M_ENF,51,15548,79442,OPTIMAL,185468.5,185468.5,False,185468.5,4.58,4.26,600.0,2,M,ENF,alfabetica,iteracao,dia_turno_curso,180.0,180.0,600.0,14400.0,False,False,alfabetica,,alfabetica,,./dados/2024_1/horarios_2024_1.xlsx,./dados/2024_1/salas_2024_1.csv,./dados/2024_1/salas_preferenciais_2024.1.xlsx,/Users/robertdrey/Documents/workspace/development/alocador_de_salas,resultados/experimentos/2024_1/dia_turno_curso/20260923_200415/melhor_solucao.sol,resultados/experimentos/2024_1/dia_turno_curso/20260923_200415/historico.csv,resultados/experimentos/2024_1/dia_turno_curso/20260923_200415/historico.json,180.0,1,180.0,600.0,1,0
1,3,5,dia_turno_curso,2_M_MED,74,18078,76912,OPTIMAL,185468.5,185468.5,False,185468.5,3.05,2.73,600.0,2,M,MED,alfabetica,iteracao,dia_turno_curso,180.0,180.0,600.0,14400.0,False,False,alfabetica,,alfabetica,,./dados/2024_1/horarios_2024_1.xlsx,./dados/2024_1/salas_2024_1.csv,./dados/2024_1/salas_preferenciais_2024.1.xlsx,/Users/robertdrey/Documents/workspace/development/alocador_de_salas,resultados/experimentos/2024_1/dia_turno_curso/20260923_200415/melhor_solucao.sol,resultados/experimentos/2024_1/dia_turno_curso/20260923_200415/historico.csv,resultados/experimentos/2024_1/dia_turno_curso/20260923_200415/historico.json,180.0,1,180.0,600.0,1,0
1,3,6,dia_turno_curso,2_M_PED,88,21574,73416,OPTIMAL,185468.5,185468.5,False,185468.5,21.38,21.07,600.0,2,M,PED,alfabetica,iteracao,dia_turno_curso,180.0,180.0,600.0,14400.0,False,False,alfabetica,,alfabetica,,./dados/2024_1/horarios_2024_1.xlsx,./dados/2024_1/salas_2024_1.csv,./dados/2024_1/salas_preferenciais_2024.1.xlsx,/Users/robertdrey/Documents/workspace/development/alocador_de_salas,resultados/experimentos/2024_1/dia_turno_curso/20260923_200415/melhor_solucao.sol,resultados/experimentos/2024_1/dia_turno_curso/20260923_200415/historico.csv,resultados/experimentos/2024_1/dia_turno_curso/20260923_200415/historico.json,180.0,1,180.0,600.0,1,0
1,3,7,dia_turno_curso,2_T_AGRO,82,20194,74796,OPTIMAL,185468.5,185468.5,False,185468.5,7.92,7.61,600.0,2,T,AGRO,alfabetica,iteracao,dia_turno_curso,180.0,180.0,600.0,14400.0,False,False,alfabetica,,alfabetica,,./dados/2024_1/horarios_2024_1.xlsx,./dados/2024_1/salas_2024_1.csv,./dados/2024_1/salas_preferenciais_2024.1.xlsx,/Users/robertdrey/Documents/workspace/development/alocador_de_salas,resultados/experimentos/2024_1/dia_turno_curso/20260923_200415/melhor_solucao.sol,resultados/experimentos/2024_1/dia_turno_curso/20260923_200415/historico.csv,resultados/experimentos/2024_1/dia_turno_curso/20260923_200415/historico.json,180.0,1,180.0,600.0,1,0
1,3,8,dia_turno_curso,2_T_CC,70,20010,74980,OPTIMAL,185468.5,185468.5,False,185468.5,2.9,2.59,600.0,2,T,CC,alfabetica,iteracao,dia_turno_curso,180.0,180.0,600.0,14400.0,False,False,alfabetica,,alfabetica,,./dados/2024_1/horarios_2024_1.xlsx,./dados/2024_1/salas_2024_1.csv,./dados/2024_1/salas_preferenciais_2024.1.xlsx,/Users/robertdrey/Documents/workspace/development/alocador_de_salas,resultados/experimentos/2024_1/dia_turno_curso/20260923_200415/melhor_solucao.sol,resultados/experimentos/2024_1/dia_turno_curso/20260923_200415/historico.csv,resultados/experimentos/2024_1/dia_turno_curso/20260923_200415/historico.json,180.0,1,180.0,600.0,1,0
1,3,9,dia_turno_curso,2_T_CS,55,16284,78706,OPTIMAL,185468.5,185468.5,False,185468.5,1.62,1.31,600.0,2,T,CS,alfabetica,iteracao,dia_turno_curso,180.0,180.0,600.0,14400.0,False,False,alfabetica,,alfabetica,,./dados/2024_1/horarios_2024_1.xlsx,./dados/2024_1/salas_2024_1.csv,./dados/2024_1/salas_preferenciais_2024.1.xlsx,/Users/robertdrey/Documents/workspace/development/alocador_de_salas,resultados/experimentos/2024_1/dia_turno_curso/20260923_200415/melhor_solucao.sol,resultados/experimentos/2024_1/dia_turno_curso/20260923_200415/historico.csv,resultados/experimentos/2024_1/dia_turno_curso/20260923_200415/historico.json,180.0,1,180.0,600.0,1,0
1,3,10,dia_turno_curso,2_T_EAS,74,18538,76452,OPTIMAL,185468.5,185468.5,False,185468.5,2.08,1.77,600.0,2,T,EAS,alfabetica,iteracao,dia_turno_curso,180.0,180.0,600.0,14400.0,False,False,alfabetica,,alfabetica,,./dados/2024_1/horarios_2024_1.xlsx,./dados/2024_1/salas_2024_1.csv,./dados/2024_1/salas_preferenciais_2024.1.xlsx,/Users/robertdrey/Documents/workspace/development/alocador_de_salas,resultados/experimentos/2024_1/dia_turno_curso/20260923_200415/melhor_solucao.sol,resultados/experimentos/2024_1/dia_turno_curso/20260923_200415/historico.csv,resultados/experimentos/2024_1/dia_turno_curso/20260923_200415/historico.json,180.0,1,180.0,600.0,1,0
1,3,11,dia_turno_curso,2_T_ENF,47,16422,78568,OPTIMAL,185468.5,185468.5,False,185468.5,3.62,3.31,600.0,2,T,ENF,alfabetica,iteracao,dia_turno_curso,180.0,180.0,600.0,14400.0,False,False,alfabetica,,alfabetica,,./dados/2024_1/horarios_2024_1.xlsx,./dados/2024_1/salas_2024_1.csv,./dados/2024_1/salas_preferenciais_2024.1.xlsx,/Users/robertdrey/Documents/workspace/development/alocador_de_salas,resultados/experimentos/2024_1/dia_turno_curso/20260923_200415/melhor_solucao.sol,resultados/experimentos/2024_1/dia_turno_curso/20260923_200415/historico.csv,resultados/experimentos/2024_1/dia_turno_curso/20260923_200415/historico.json,180.0,1,180.0,600.0,1,0
1,3,12,dia_turno_curso,2_T_GEO,43,13846,81144,OPTIMAL,185468.5,185468.5,False,185468.5,1.22,0.91,600.0,2,T,GEO,alfabetica,iteracao,dia_turno_curso,180.0,180.0,600.0,14400.0,False,False,alfabetica,,alfabetica,,./dados/2024_1/horarios_2024_1.xlsx,./dados/2024_1/salas_2024_1.csv,./dados/2024_1/salas_preferenciais_2024.1.xlsx,/Users/robertdrey/Documents/workspace/development/alocador_de_salas,resultados/experimentos/2024_1/dia_turno_curso/20260923_200415/melhor_solucao.sol,resultados/experimentos/2024_1/dia_turno_curso/20260923_200415/historico.csv,resultados/experimentos/2024_1/dia_turno_curso/20260923_200415/historico.json,180.0,1,180.0,600.0,1,0
1,3,13,dia_turno_curso,2_T_LET,67,19228,75762,OPTIMAL,185468.5,185468.5,False,185468.5,1.82,1.5,600.0,2,T,LET,alfabetica,iteracao,dia_turno_curso,180.0,180.0,600.0,14400.0,False,False,alfabetica,,alfabetica,,./dados/2024_1/horarios_2024_1.xlsx,./dados/2024_1/salas_2024_1.csv,./dados/2024_1/salas_preferenciais_2024.1.xlsx,/Users/robertdrey/Documents/workspace/development/alocador_de_salas,resultados/experimentos/2024_1/dia_turno_curso/20260923_200415/melhor_solucao.sol,resultados/experimentos/2024_1/dia_turno_curso/20260923_200415/historico.csv,resultados/experimentos/2024_1/dia_turno_curso/20260923_200415/historico.json,180.0,1,180.0,600.0,1,0
1,3,14,dia_turno_curso,2_T_MAT,56,16606,78384,OPTIMAL,185468.5,185468.5,False,185468.5,1.65,1.34,600.0,2,T,MAT,alfabetica,iteracao,dia_turno_curso,180.0,180.0,600.0,14400.0,False,False,alfabetica,,alfabetica,,./dados/2024_1/horarios_2024_1.xlsx,./dados/2024_1/salas_2024_1.csv,./dados/2024_1/salas_preferenciais_2024.1.xlsx,/Users/robertdrey/Documents/workspace/development/alocador_de_salas,resultados/experimentos/2024_1/dia_turno_curso/20260923_200415/melhor_solucao.sol,resultados/experimentos/2024_1/dia_turno_curso/20260923_200415/historico.csv,resultados/experimentos/2024_1/dia_turno_curso/20260923_200415/historico.json,180.0,1,180.0,600.0,1,0
1,3,15,dia_turno_curso,2_T_MED,71,20286,74704,OPTIMAL,185468.5,185468.5,False,185468.5,2.67,2.37,600.0,2,T,MED,alfabetica,iteracao,dia_turno_curso,180.0,180.0,600.0,14400.0,False,False,alfabetica,,alfabetica,,./dados/2024_1/horarios_2024_1.xlsx,./dados/2024_1/salas_2024_1.csv,./dados/2024_1/salas_preferenciais_2024.1.xlsx,/Users/robertdrey/Documents/workspace/development/alocador_de_salas,resultados/experimentos/2024_1/dia_turno_curso/20260923_200415/melhor_solucao.sol,resultados/experimentos/2024_1/dia_turno_curso/20260923_200415/historico.csv,resultados/experimentos/2024_1/dia_turno_curso/20260923_200415/historico.json,180.0,1,180.0,600.0,1,0
1,3,16,dia_turno_curso,2_N_ADM,85,18078,76912,OPTIMAL,185468.5,185468.5,False,185468.5,1.98,1.67,600.0,2,N,ADM,alfabetica,iteracao,dia_turno_curso,180.0,180.0,600.0,14400.0,False,False,alfabetica,,alfabetica,,./dados/2024_1/horarios_2024_1.xlsx,./dados/2024_1/salas_2024_1.csv,./dados/2024_1/salas_preferenciais_2024.1.xlsx,/Users/robertdrey/Documents/workspace/development/alocador_de_salas,resultados/experimentos/2024_1/dia_turno_curso/20260923_200415/melhor_solucao.sol,resultados/experimentos/2024_1/dia_turno_curso/20260923_200415/historico.csv,resultados/experimentos/2024_1/dia_turno_curso/20260923_200415/historico.json,180.0,1,180.0,600.0,1,0
1,3,17,dia_turno_curso,2_N_CC,83,19136,75854,OPTIMAL,185468.5,185468.5,False,185468.5,4.41,4.11,600.0,2,N,CC,alfabetica,iteracao,dia_turno_curso,180.0,180.0,600.0,14400.0,False,False,alfabetica,,alfabetica,,./dados/2024_1/horarios_2024_1.xlsx,./dados/2024_1/salas_2024_1.csv,./dados/2024_1/salas_preferenciais_2024.1.xlsx,/Users/robertdrey/Documents/workspace/development/alocador_de_salas,resultados/experimentos/2024_1/dia_turno_curso/20260923_200415/melhor_solucao.sol,resultados/experimentos/2024_1/dia_turno_curso/20260923_200415/historico.csv,resultados/experimentos/2024_1/dia_turno_curso/20260923_200415/historico.json,180.0,1,180.0,600.0,1,0
1,3,18,dia_turno_curso,2_N_CS,59,13248,81742,OPTIMAL,185468.5,185468.5,False,185468.5,1.85,1.55,600.0,2,N,CS,alfabetica,iteracao,dia_turno_curso,180.0,180.0,600.0,14400.0,False,False,alfabetica,,alfabetica,,./dados/2024_1/horarios_2024_1.xlsx,./dados/2024_1/salas_2024_1.csv,./dados/2024_1/salas_preferenciais_2024.1.xlsx,/Users/robertdrey/Documents/workspace/development/alocador_de_salas,resultados/experimentos/2024_1/dia_turno_curso/20260923_200415/melhor_solucao.sol,resultados/experimentos/2024_1/dia_turno_curso/20260923_200415/historico.csv,resultados/experimentos/2024_1/dia_turno_curso/20260923_200415/historico.json,180.0,1,180.0,600.0,1,0
1,3,19,dia_turno_curso,2_N_EAS,85,16376,78614,OPTIMAL,185468.5,185468.5,False,185468.5,2.56,2.26,600.0,2,N,EAS,alfabetica,iteracao,dia_turno_curso,180.0,180.0,600.0,14400.0,False,False,alfabetica,,alfabetica,,./dados/2024_1/horarios_2024_1.xlsx,./dados/2024_1/salas_2024_1.csv,./dados/2024_1/salas_preferenciais_2024.1.xlsx,/Users/robertdrey/Documents/workspace/development/alocador_de_salas,resultados/experimentos/2024_1/dia_turno_curso/20260923_200415/melhor_solucao.sol,resultados/experimentos/2024_1/dia_turno_curso/20260923_200415/historico.csv,resultados/experimentos/2024_1/dia_turno_curso/20260923_200415/historico.json,180.0,1,180.0,600.0,1,0
1,3,20,dia_turno_curso,2_N_FIL,53,11730,83260,OPTIMAL,185468.5,185468.5,False,185468.5,1.32,1.01,600.0,2,N,FIL,alfabetica,iteracao,dia_turno_curso,180.0,180.0,600.0,14400.0,False,False,alfabetica,,alfabetica,,./dados/2024_1/horarios_2024_1.xlsx,./dados/2024_1/salas_2024_1.csv,./dados/2024_1/salas_preferenciais_2024.1.xlsx,/Users/robertdrey/Documents/workspace/development/alocador_de_salas,resultados/experimentos/2024_1/dia_turno_curso/20260923_200415/melhor_solucao.sol,resultados/experimentos/2024_1/dia_turno_curso/20260923_200415/historico.csv,resultados/experimentos/2024_1/dia_turno_curso/20260923_200415/historico.json,180.0,1,180.0,600.0,1,0
1,3,21,dia_turno_curso,2_N_GEO,48,10994,83996,OPTIMAL,185468.5,185468.5,False,185468.5,2.06,1.75,600.0,2,N,GEO,alfabetica,iteracao,dia_turno_curso,180.0,180.0,600.0,14400.0,False,False,alfabetica,,alfabetica,,./dados/2024_1/horarios_2024_1.xlsx,./dados/2024_1/salas_2024_1.csv,./dados/2024_1/salas_preferenciais_2024.1.xlsx,/Users/robertdrey/Documents/workspace/development/alocador_de_salas,resultados/experimentos/2024_1/dia_turno_curso/20260923_200415/melhor_solucao.sol,resultados/experimentos/2024_1/dia_turno_curso/20260923_200415/historico.csv,resultados/experimentos/2024_1/dia_turno_curso/20260923_200415/historico.json,180.0,1,180.0,600.0,1,0
1,3,22,dia_turno_curso,2_N_HIS,61,13570,81420,OPTIMAL,185468.5,185468.5,False,185468.5,2.02,1.71,600.0,2,N,HIS,alfabetica,iteracao,dia_turno_curso,180.0,180.0,600.0,14400.0,False,False,alfabetica,,alfabetica,,./dados/2024_1/horarios_2024_1.xlsx,./dados/2024_1/salas_2024_1.csv,./dados/2024_1/salas_preferenciais_2024.1.xlsx,/Users/robertdrey/Documents/workspace/development/alocador_de_salas,resultados/experimentos/2024_1/dia_turno_curso/20260923_200415/melhor_solucao.sol,resultados/experimentos/2024_1/dia_turno_curso/20260923_200415/historico.csv,resultados/experimentos/2024_1/dia_turno_curso/20260923_200415/historico.json,180.0,1,180.0,600.0,1,0
1,3,23,dia_turno_curso,2_N_LET,71,16790,78200,OPTIMAL,185468.5,185468.5,False,185468.5,2.83,2.53,600.0,2,N,LET,alfabetica,iteracao,dia_turno_curso,180.0,180.0,600.0,14400.0,False,False,alfabetica,,alfabetica,,./dados/2024_1/horarios_2024_1.xlsx,./dados/2024_1/salas_2024_1.csv,./dados/2024_1/salas_preferenciais_2024.1.xlsx,/Users/robertdrey/Documents/workspace/development/alocador_de_salas,resultados/experimentos/2024_1/dia_turno_curso/20260923_200415/melhor_solucao.sol,resultados/experimentos/2024_1/dia_turno_curso/20260923_200415/historico.csv,resultados/experimentos/2024_1/dia_turno_curso/20260923_200415/historico.json,180.0,1,180.0,600.0,1,0
1,3,24,dia_turno_curso,2_N_MAT,60,13386,81604,OPTIMAL,185468.5,185468.5,False,185468.5,2.4,2.1,600.0,2,N,MAT,alfabetica,iteracao,dia_turno_curso,180.0,180.0,600.0,14400.0,False,False,alfabetica,,alfabetica,,./dados/2024_1/horarios_2024_1.xlsx,./dados/2024_1/salas_2024_1.csv,./dados/2024_1/salas_preferenciais_2024.1.xlsx,/Users/robertdrey/Documents/workspace/development/alocador_de_salas,resultados/experimentos/2024_1/dia_turno_curso/20260923_200415/melhor_solucao.sol,resultados/experimentos/2024_1/dia_turno_curso/20260923_200415/historico.csv,resultados/experimentos/2024_1/dia_turno_curso/20260923_200415/historico.json,180.0,1,180.0,600.0,1,0
1,3,25,dia_turno_curso,2_N_MED,81,18630,76360,OPTIMAL,185468.5,185468.5,False,185468.5,2.27,1.96,600.0,2,N,MED,alfabetica,iteracao,dia_turno_curso,180.0,180.0,600.0,14400.0,False,False,alfabetica,,alfabetica,,./dados/2024_1/horarios_2024_1.xlsx,./dados/2024_1/salas_2024_1.csv,./dados/2024_1/salas_preferenciais_2024.1.xlsx,/Users/robertdrey/Documents/workspace/development/alocador_de_salas,resultados/experimentos/2024_1/dia_turno_curso/20260923_200415/melhor_solucao.sol,resultados/experimentos/2024_1/dia_turno_curso/20260923_200415/historico.csv,resultados/experimentos/2024_1/dia_turno_curso/20260923_200415/historico.json,180.0,1,180.0,600.0,1,0
1,3,26,dia_turno_curso,2_N_PED,91,21022,73968,OPTIMAL,185468.5,185468.5,False,185468.5,14.33,14.02,600.0,2,N,PED,alfabetica,iteracao,dia_turno_curso,180.0,180.0,600.0,14400.0,False,False,alfabetica,,alfabetica,,./dados/2024_1/horarios_2024_1.xlsx,./dados/2024_1/salas_2024_1.csv,./dados/2024_1/salas_preferenciais_2024.1.xlsx,/Users/robertdrey/Documents/workspace/development/alocador_de_salas,resultados/experimentos/2024_1/dia_turno_curso/20260923_200415/melhor_solucao.sol,resultados/experimentos/2024_1/dia_turno_curso/20260923_200415/historico.csv,resultados/experimentos/2024_1/dia_turno_curso/20260923_200415/historico.json,180.0,1,180.0,600.0,1,0
1,3,27,dia_turno_curso,3_M_ADM,79,18676,76314,OPTIMAL,185468.5,185468.5,False,185468.5,2.29,1.97,600.0,3,M,ADM,alfabetica,iteracao,dia_turno_curso,180.0,180.0,600.0,14400.0,False,False,alfabetica,,alfabetica,,./dados/2024_1/horarios_2024_1.xlsx,./dados/2024_1/salas_2024_1.csv,./dados/2024_1/salas_preferenciais_2024.1.xlsx,/Users/robertdrey/Documents/workspace/development/alocador_de_salas,resultados/experimentos/2024_1/dia_turno_curso/20260923_200415/melhor_solucao.sol,resultados/experimentos/2024_1/dia_turno_curso/20260923_200415/historico.csv,resultados/experimentos/2024_1/dia_turno_curso/20260923_200415/historico.json,180.0,1,180.0,600.0,1,0
1,3,28,dia_turno_curso,3_M_AGRO,77,16514,78476,OPTIMAL,185468.5,185468.5,False,185468.5,9.94,9.61,600.0,3,M,AGRO,alfabetica,iteracao,dia_turno_curso,180.0,180.0,600.0,14400.0,False,False,alfabetica,,alfabetica,,./dados/2024_1/horarios_2024_1.xlsx,./dados/2024_1/salas_2024_1.csv,./dados/2024_1/salas_preferenciais_2024.1.xlsx,/Users/robertdrey/Documents/workspace/development/alocador_de_salas,resultados/experimentos/2024_1/dia_turno_curso/20260923_200415/melhor_solucao.sol,resultados/experimentos/2024_1/dia_turno_curso/20260923_200415/historico.csv,resultados/experimentos/2024_1/dia_turno_curso/20260923_200415/historico.json,180.0,1,180.0,600.0,1,0
1,3,29,dia_turno_curso,3_M_EAS,75,16928,78062,OPTIMAL,185468.5,185468.5,False,185468.5,2.51,2.2,600.0,3,M,EAS,alfabetica,iteracao,dia_turno_curso,180.0,180.0,600.0,14400.0,False,False,alfabetica,,alfabetica,,./dados/2024_1/horarios_2024_1.xlsx,./dados/2024_1/salas_2024_1.csv,./dados/2024_1/salas_preferenciais_2024.1.xlsx,/Users/robertdrey/Documents/workspace/development/alocador_de_salas,resultados/experimentos/2024_1/dia_turno_curso/20260923_200415/melhor_solucao.sol,resultados/experimentos/2024_1/dia_turno_curso/20260923_200415/historico.csv,resultados/experimentos/2024_1/dia_turno_curso/20260923_200415/historico.json,180.0,1,180.0,600.0,1,0
1,3,30,dia_turno_curso,3_M_ENF,49,15640,79350,OPTIMAL,185468.5,185468.5,False,185468.5,5.24,4.92,600.0,3,M,ENF,alfabetica,iteracao,dia_turno_curso,180.0,180.0,600.0,14400.0,False,False,alfabetica,,alfabetica,,./dados/2024_1/horarios_2024_1.xlsx,./dados/2024_1/salas_2024_1.csv,./dados/2024_1/salas_preferenciais_2024.1.xlsx,/Users/robertdrey/Documents/workspace/development/alocador_de_salas,resultados/experimentos/2024_1/dia_turno_curso/20260923_200415/melhor_solucao.sol,resultados/experimentos/2024_1/dia_turno_curso/20260923_200415/historico.csv,resultados/experimentos/2024_1/dia_turno_curso/20260923_200415/historico.json,180.0,1,180.0,600.0,1,0
1,3,31,dia_turno_curso,3_M_MED,73,18492,76498,OPTIMAL,185468.5,185468.5,False,185468.5,4.17,3.84,600.0,3,M,MED,alfabetica,iteracao,dia_turno_curso,180.0,180.0,600.0,14400.0,False,False,alfabetica,,alfabetica,,./dados/2024_1/horarios_2024_1.xlsx,./dados/2024_1/salas_2024_1.csv,./dados/2024_1/salas_preferenciais_2024.1.xlsx,/Users/robertdrey/Documents/workspace/development/alocador_de_salas,resultados/experimentos/2024_1/dia_turno_curso/20260923_200415/melhor_solucao.sol,resultados/experimentos/2024_1/dia_turno_curso/20260923_200415/historico.csv,resultados/experimentos/2024_1/dia_turno_curso/20260923_200415/historico.json,180.0,1,180.0,600.0,1,0
1,3,32,dia_turno_curso,3_M_PED,86,22126,72864,OPTIMAL,185468.5,185468.5,False,185468.5,35.68,35.37,600.0,3,M,PED,alfabetica,iteracao,dia_turno_curso,180.0,180.0,600.0,14400.0,False,False,alfabetica,,alfabetica,,./dados/2024_1/horarios_2024_1.xlsx,./dados/2024_1/salas_2024_1.csv,./dados/2024_1/salas_preferenciais_2024.1.xlsx,/Users/robertdrey/Documents/workspace/development/alocador_de_salas,resultados/experimentos/2024_1/dia_turno_curso/20260923_200415/melhor_solucao.sol,resultados/experimentos/2024_1/dia_turno_curso/20260923_200415/historico.csv,resultados/experimentos/2024_1/dia_turno_curso/20260923_200415/historico.json,180.0,1,180.0,600.0,1,0
1,3,33,dia_turno_curso,3_T_AGRO,82,19872,75118,OPTIMAL,185468.5,185468.5,False,185468.5,8.08,7.76,600.0,3,T,AGRO,alfabetica,iteracao,dia_turno_curso,180.0,180.0,600.0,14400.0,False,False,alfabetica,,alfabetica,,./dados/2024_1/horarios_2024_1.xlsx,./dados/2024_1/salas_2024_1.csv,./dados/2024_1/salas_preferenciais_2024.1.xlsx,/Users/robertdrey/Documents/workspace/development/alocador_de_salas,resultados/experimentos/2024_1/dia_turno_curso/20260923_200415/melhor_solucao.sol,resultados/experimentos/2024_1/dia_turno_curso/20260923_200415/historico.csv,resultados/experimentos/2024_1/dia_turno_curso/20260923_200415/historico.json,180.0,1,180.0,600.0,1,0
1,3,34,dia_turno_curso,3_T_CC,71,19964,75026,OPTIMAL,185468.5,185468.5,False,185468.5,2.85,2.54,600.0,3,T,CC,alfabetica,iteracao,dia_turno_curso,180.0,180.0,600.0,14400.0,False,False,alfabetica,,alfabetica,,./dados/2024_1/horarios_2024_1.xlsx,./dados/2024_1/salas_2024_1.csv,./dados/2024_1/salas_preferenciais_2024.1.xlsx,/Users/robertdrey/Documents/workspace/development/alocador_de_salas,resultados/experimentos/2024_1/dia_turno_curso/20260923_200415/melhor_solucao.sol,resultados/experimentos/2024_1/dia_turno_curso/20260923_200415/historico.csv,resultados/experimentos/2024_1/dia_turno_curso/20260923_200415/historico.json,180.0,1,180.0,600.0,1,0
1,3,35,dia_turno_curso,3_T_EAS,74,17848,77142,OPTIMAL,185468.5,185468.5,False,185468.5,1.49,1.18,600.0,3,T,EAS,alfabetica,iteracao,dia_turno_curso,180.0,180.0,600.0,14400.0,False,False,alfabetica,,alfabetica,,./dados/2024_1/horarios_2024_1.xlsx,./dados/2024_1/salas_2024_1.csv,./dados/2024_1/salas_preferenciais_2024.1.xlsx,/Users/robertdrey/Documents/workspace/development/alocador_de_salas,resultados/experimentos/2024_1/dia_turno_curso/20260923_200415/melhor_solucao.sol,resultados/experimentos/2024_1/dia_turno_curso/20260923_200415/historico.csv,resultados/experimentos/2024_1/dia_turno_curso/20260923_200415/historico.json,180.0,1,180.0,600.0,1,0
1,3,36,dia_turno_curso,3_T_ENF,47,16146,78844,OPTIMAL,185468.5,185468.5,False,185468.5,2.95,2.64,600.0,3,T,ENF,alfabetica,iteracao,dia_turno_curso,180.0,180.0,600.0,14400.0,False,False,alfabetica,,alfabetica,,./dados/2024_1/horarios_2024_1.xlsx,./dados/2024_1/salas_2024_1.csv,./dados/2024_1/salas_preferenciais_2024.1.xlsx,/Users/robertdrey/Documents/workspace/development/alocador_de_salas,resultados/experimentos/2024_1/dia_turno_curso/20260923_200415/melhor_solucao.sol,resultados/experimentos/2024_1/dia_turno_curso/20260923_200415/historico.csv,resultados/experimentos/2024_1/dia_turno_curso/20260923_200415/historico.json,180.0,1,180.0,600.0,1,0
1,3,37,dia_turno_curso,3_T_GEO,43,13524,81466,OPTIMAL,185468.5,185468.5,False,185468.5,1.09,0.77,600.0,3,T,GEO,alfabetica,iteracao,dia_turno_curso,180.0,180.0,600.0,14400.0,False,False,alfabetica,,alfabetica,,./dados/2024_1/horarios_2024_1.xlsx,./dados/2024_1/salas_2024_1.csv,./dados/2024_1/salas_preferenciais_2024.1.xlsx,/Users/robertdrey/Documents/workspace/development/alocador_de_salas,resultados/experimentos/2024_1/dia_turno_curso/20260923_200415/melhor_solucao.sol,resultados/experimentos/2024_1/dia_turno_curso/20260923_200415/historico.csv,resultados/experimentos/2024_1/dia_turno_curso/20260923_200415/historico.json,180.0,1,180.0,600.0,1,0
1,3,38,dia_turno_curso,3_T_LET,67,19090,75900,OPTIMAL,185468.5,185468.5,False,185468.5,2.08,1.77,600.0,3,T,LET,alfabetica,iteracao,dia_turno_curso,180.0,180.0,600.0,14400.0,False,False,alfabetica,,alfabetica,,./dados/2024_1/horarios_2024_1.xlsx,./dados/2024_1/salas_2024_1.csv,./dados/2024_1/salas_preferenciais_2024.1.xlsx,/Users/robertdrey/Documents/workspace/development/alocador_de_salas,resultados/experimentos/2024_1/dia_turno_curso/20260923_200415/melhor_solucao.sol,resultados/experimentos/2024_1/dia_turno_curso/20260923_200415/historico.csv,resultados/experimentos/2024_1/dia_turno_curso/20260923_200415/historico.json,180.0,1,180.0,600.0,1,0
1,3,39,dia_turno_curso,3_T_MED,68,19504,75486,OPTIMAL,185468.5,185468.5,False,185468.5,2.96,2.66,600.0,3,T,MED,alfabetica,iteracao,dia_turno_curso,180.0,180.0,600.0,14400.0,False,False,alfabetica,,alfabetica,,./dados/2024_1/horarios_2024_1.xlsx,./dados/2024_1/salas_2024_1.csv,./dados/2024_1/salas_preferenciais_2024.1.xlsx,/Users/robertdrey/Documents/workspace/development/alocador_de_salas,resultados/experimentos/2024_1/dia_turno_curso/20260923_200415/melhor_solucao.sol,resultados/experimentos/2024_1/dia_turno_curso/20260923_200415/historico.csv,resultados/experimentos/2024_1/dia_turno_curso/20260923_200415/historico.json,180.0,1,180.0,600.0,1,0
1,3,40,dia_turno_curso,3_N_ADM,84,16468,78522,OPTIMAL,185468.5,185468.5,False,185468.5,2.31,2.01,600.0,3,N,ADM,alfabetica,iteracao,dia_turno_curso,180.0,180.0,600.0,14400.0,False,False,alfabetica,,alfabetica,,./dados/2024_1/horarios_2024_1.xlsx,./dados/2024_1/salas_2024_1.csv,./dados/2024_1/salas_preferenciais_2024.1.xlsx,/Users/robertdrey/Documents/workspace/development/alocador_de_salas,resultados/experimentos/2024_1/dia_turno_curso/20260923_200415/melhor_solucao.sol,resultados/experimentos/2024_1/dia_turno_curso/20260923_200415/historico.csv,resultados/experimentos/2024_1/dia_turno_curso/20260923_200415/historico.json,180.0,1,180.0,600.0,1,0
1,3,41,dia_turno_curso,3_N_CC,81,17342,77648,OPTIMAL,185468.5,185468.5,False,185468.5,6.95,6.65,600.0,3,N,CC,alfabetica,iteracao,dia_turno_curso,180.0,180.0,600.0,14400.0,False,False,alfabetica,,alfabetica,,./dados/2024_1/horarios_2024_1.xlsx,./dados/2024_1/salas_2024_1.csv,./dados/2024_1/salas_preferenciais_2024.1.xlsx,/Users/robertdrey/Documents/workspace/development/alocador_de_salas,resultados/experimentos/2024_1/dia_turno_curso/20260923_200415/melhor_solucao.sol,resultados/experimentos/2024_1/dia_turno_curso/20260923_200415/historico.csv,resultados/experimentos/2024_1/dia_turno_curso/20260923_200415/historico.json,180.0,1,180.0,600.0,1,0
1,3,42,dia_turno_curso,3_N_CS,57,11546,83444,OPTIMAL,185468.5,185468.5,False,185468.5,1.9,1.58,600.0,3,N,CS,alfabetica,iteracao,dia_turno_curso,180.0,180.0,600.0,14400.0,False,False,alfabetica,,alfabetica,,./dados/2024_1/horarios_2024_1.xlsx,./dados/2024_1/salas_2024_1.csv,./dados/2024_1/salas_preferenciais_2024.1.xlsx,/Users/robertdrey/Documents/workspace/development/alocador_de_salas,resultados/experimentos/2024_1/dia_turno_curso/20260923_200415/melhor_solucao.sol,resultados/experimentos/2024_1/dia_turno_curso/20260923_200415/historico.csv,resultados/experimentos/2024_1/dia_turno_curso/20260923_200415/historico.json,180.0,1,180.0,600.0,1,0
1,3,43,dia_turno_curso,3_N_EAS,84,15180,79810,OPTIMAL,185468.5,185468.5,False,185468.5,1.9,1.59,600.0,3,N,EAS,alfabetica,iteracao,dia_turno_curso,180.0,180.0,600.0,14400.0,False,False,alfabetica,,alfabetica,,./dados/2024_1/horarios_2024_1.xlsx,./dados/2024_1/salas_2024_1.csv,./dados/2024_1/salas_preferenciais_2024.1.xlsx,/Users/robertdrey/Documents/workspace/development/alocador_de_salas,resultados/experimentos/2024_1/dia_turno_curso/20260923_200415/melhor_solucao.sol,resultados/experimentos/2024_1/dia_turno_curso/20260923_200415/historico.csv,resultados/experimentos/2024_1/dia_turno_curso/20260923_200415/historico.json,180.0,1,180.0,600.0,1,0
1,3,44,dia_turno_curso,3_N_FIL,53,10304,84686,OPTIMAL,185468.5,185468.5,False,185468.5,1.57,1.26,600.0,3,N,FIL,alfabetica,iteracao,dia_turno_curso,180.0,180.0,600.0,14400.0,False,False,alfabetica,,alfabetica,,./dados/2024_1/horarios_2024_1.xlsx,./dados/2024_1/salas_2024_1.csv,./dados/2024_1/salas_preferenciais_2024.1.xlsx,/Users/robertdrey/Documents/workspace/development/alocador_de_salas,resultados/experimentos/2024_1/dia_turno_curso/20260923_200415/melhor_solucao.sol,resultados/experimentos/2024_1/dia_turno_curso/20260923_200415/historico.csv,resultados/experimentos/2024_1/dia_turno_curso/20260923_200415/historico.json,180.0,1,180.0,600.0,1,0
1,3,45,dia_turno_curso,3_N_GEO,48,9568,85422,OPTIMAL,185468.5,185468.5,False,185468.5,1.62,1.29,600.0,3,N,GEO,alfabetica,iteracao,dia_turno_curso,180.0,180.0,600.0,14400.0,False,False,alfabetica,,alfabetica,,./dados/2024_1/horarios_2024_1.xlsx,./dados/2024_1/salas_2024_1.csv,./dados/2024_1/salas_preferenciais_2024.1.xlsx,/Users/robertdrey/Documents/workspace/development/alocador_de_salas,resultados/experimentos/2024_1/dia_turno_curso/20260923_200415/melhor_solucao.sol,resultados/experimentos/2024_1/dia_turno_curso/20260923_200415/historico.csv,resultados/experimentos/2024_1/dia_turno_curso/20260923_200415/historico.json,180.0,1,180.0,600.0,1,0
1,3,46,dia_turno_curso,3_N_HIS,60,11960,83030,OPTIMAL,185468.5,185468.5,False,185468.5,1.89,1.57,600.0,3,N,HIS,alfabetica,iteracao,dia_turno_curso,180.0,180.0,600.0,14400.0,False,False,alfabetica,,alfabetica,,./dados/2024_1/horarios_2024_1.xlsx,./dados/2024_1/salas_2024_1.csv,./dados/2024_1/salas_preferenciais_2024.1.xlsx,/Users/robertdrey/Documents/workspace/development/alocador_de_salas,resultados/experimentos/2024_1/dia_turno_curso/20260923_200415/melhor_solucao.sol,resultados/experimentos/2024_1/dia_turno_curso/20260923_200415/historico.csv,resultados/experimentos/2024_1/dia_turno_curso/20260923_200415/historico.json,180.0,1,180.0,600.0,1,0
1,3,47,dia_turno_curso,3_N_LET,70,15732,79258,OPTIMAL,185468.5,185468.5,False,185468.5,2.94,2.64,600.0,3,N,LET,alfabetica,iteracao,dia_turno_curso,180.0,180.0,600.0,14400.0,False,False,alfabetica,,alfabetica,,./dados/2024_1/horarios_2024_1.xlsx,./dados/2024_1/salas_2024_1.csv,./dados/2024_1/salas_preferenciais_2024.1.xlsx,/Users/robertdrey/Documents/workspace/development/alocador_de_salas,resultados/experimentos/2024_1/dia_turno_curso/20260923_200415/melhor_solucao.sol,resultados/experimentos/2024_1/dia_turno_curso/20260923_200415/historico.csv,resultados/experimentos/2024_1/dia_turno_curso/20260923_200415/historico.json,180.0,1,180.0,600.0,1,0
1,3,48,dia_turno_curso,3_N_MAT,58,11960,83030,OPTIMAL,185468.5,185468.5,False,185468.5,1.96,1.64,600.0,3,N,MAT,alfabetica,iteracao,dia_turno_curso,180.0,180.0,600.0,14400.0,False,False,alfabetica,,alfabetica,,./dados/2024_1/horarios_2024_1.xlsx,./dados/2024_1/salas_2024_1.csv,./dados/2024_1/salas_preferenciais_2024.1.xlsx,/Users/robertdrey/Documents/workspace/development/alocador_de_salas,resultados/experimentos/2024_1/dia_turno_curso/20260923_200415/melhor_solucao.sol,resultados/experimentos/2024_1/dia_turno_curso/20260923_200415/historico.csv,resultados/experimentos/2024_1/dia_turno_curso/20260923_200415/historico.json,180.0,1,180.0,600.0,1,0
1,3,49,dia_turno_curso,3_N_PED,91,19504,75486,OPTIMAL,185468.5,185468.5,False,185468.5,22.48,22.16,600.0,3,N,PED,alfabetica,iteracao,dia_turno_curso,180.0,180.0,600.0,14400.0,False,False,alfabetica,,alfabetica,,./dados/2024_1/horarios_2024_1.xlsx,./dados/2024_1/salas_2024_1.csv,./dados/2024_1/salas_preferenciais_2024.1.xlsx,/Users/robertdrey/Documents/workspace/development/alocador_de_salas,resultados/experimentos/2024_1/dia_turno_curso/20260923_200415/melhor_solucao.sol,resultados/experimentos/2024_1/dia_turno_curso/20260923_200415/historico.csv,resultados/experimentos/2024_1/dia_turno_curso/20260923_200415/historico.json,180.0,1,180.0,600.0,1,0
1,3,50,dia_turno_curso,4_M_ADM,78,19596,75394,OPTIMAL,185468.5,185468.5,False,185468.5,2.18,1.84,600.0,4,M,ADM,alfabetica,iteracao,dia_turno_curso,180.0,180.0,600.0,14400.0,False,False,alfabetica,,alfabetica,,./dados/2024_1/horarios_2024_1.xlsx,./dados/2024_1/salas_2024_1.csv,./dados/2024_1/salas_preferenciais_2024.1.xlsx,/Users/robertdrey/Documents/workspace/development/alocador_de_salas,resultados/experimentos/2024_1/dia_turno_curso/20260923_200415/melhor_solucao.sol,resultados/experimentos/2024_1/dia_turno_curso/20260923_200415/historico.csv,resultados/experimentos/2024_1/dia_turno_curso/20260923_200415/historico.json,180.0,1,180.0,600.0,1,0
1,3,51,dia_turno_curso,4_M_AGRO,77,17710,77280,OPTIMAL,185468.5,185468.5,False,185468.5,7.3,6.98,600.0,4,M,AGRO,alfabetica,iteracao,dia_turno_curso,180.0,180.0,600.0,14400.0,False,False,alfabetica,,alfabetica,,./dados/2024_1/horarios_2024_1.xlsx,./dados/2024_1/salas_2024_1.csv,./dados/2024_1/salas_preferenciais_2024.1.xlsx,/Users/robertdrey/Documents/workspace/development/alocador_de_salas,resultados/experimentos/2024_1/dia_turno_curso/20260923_200415/melhor_solucao.sol,resultados/experimentos/2024_1/dia_turno_curso/20260923_200415/historico.csv,resultados/experimentos/2024_1/dia_turno_curso/20260923_200415/historico.json,180.0,1,180.0,600.0,1,0
1,3,52,dia_turno_curso,4_M_CS,56,15180,79810,OPTIMAL,185468.5,185468.5,False,185468.5,1.82,1.51,600.0,4,M,CS,alfabetica,iteracao,dia_turno_curso,180.0,180.0,600.0,14400.0,False,False,alfabetica,,alfabetica,,./dados/2024_1/horarios_2024_1.xlsx,./dados/2024_1/salas_2024_1.csv,./dados/2024_1/salas_preferenciais_2024.1.xlsx,/Users/robertdrey/Documents/workspace/development/alocador_de_salas,resultados/experimentos/2024_1/dia_turno_curso/20260923_200415/melhor_solucao.sol,resultados/experimentos/2024_1/dia_turno_curso/20260923_200415/historico.csv,resultados/experimentos/2024_1/dia_turno_curso/20260923_200415/historico.json,180.0,1,180.0,600.0,1,0
1,3,53,dia_turno_curso,4_M_EAS,74,17756,77234,OPTIMAL,185468.5,185468.5,False,185468.5,2.08,1.76,600.0,4,M,EAS,alfabetica,iteracao,dia_turno_curso,180.0,180.0,600.0,14400.0,False,False,alfabetica,,alfabetica,,./dados/2024_1/horarios_2024_1.xlsx,./dados/2024_1/salas_2024_1.csv,./dados/2024_1/salas_preferenciais_2024.1.xlsx,/Users/robertdrey/Documents/workspace/development/alocador_de_salas,resultados/experimentos/2024_1/dia_turno_curso/20260923_200415/melhor_solucao.sol,resultados/experimentos/2024_1/dia_turno_curso/20260923_200415/historico.csv,resultados/experimentos/2024_1/dia_turno_curso/20260923_200415/historico.json,180.0,1,180.0,600.0,1,0
1,3,54,dia_turno_curso,4_M_ENF,49,15318,79672,OPTIMAL,185468.5,185468.5,False,185468.5,4.3,3.99,600.0,4,M,ENF,alfabetica,iteracao,dia_turno_curso,180.0,180.0,600.0,14400.0,False,False,alfabetica,,alfabetica,,./dados/2024_1/horarios_2024_1.xlsx,./dados/2024_1/salas_2024_1.csv,./dados/2024_1/salas_preferenciais_2024.1.xlsx,/Users/robertdrey/Documents/workspace/development/alocador_de_salas,resultados/experimentos/2024_1/dia_turno_curso/20260923_200415/melhor_solucao.sol,resultados/experimentos/2024_1/dia_turno_curso/20260923_200415/historico.csv,resultados/experimentos/2024_1/dia_turno_curso/20260923_200415/historico.json,180.0,1,180.0,600.0,1,0
1,3,55,dia_turno_curso,4_M_MED,71,19412,75578,OPTIMAL,185468.5,185468.5,False,185468.5,3.15,2.83,600.0,4,M,MED,alfabetica,iteracao,dia_turno_curso,180.0,180.0,600.0,14400.0,False,False,alfabetica,,alfabetica,,./dados/2024_1/horarios_2024_1.xlsx,./dados/2024_1/salas_2024_1.csv,./dados/2024_1/salas_preferenciais_2024.1.xlsx,/Users/robertdrey/Documents/workspace/development/alocador_de_salas,resultados/experimentos/2024_1/dia_turno_curso/20260923_200415/melhor_solucao.sol,resultados/experimentos/2024_1/dia_turno_curso/20260923_200415/historico.csv,resultados/experimentos/2024_1/dia_turno_curso/20260923_200415/historico.json,180.0,1,180.0,600.0,1,0
1,3,56,dia_turno_curso,4_M_PED,86,23092,71898,OPTIMAL,185468.5,185468.5,False,185468.5,15.26,14.94,600.0,4,M,PED,alfabetica,iteracao,dia_turno_curso,180.0,180.0,600.0,14400.0,False,False,alfabetica,,alfabetica,,./dados/2024_1/horarios_2024_1.xlsx,./dados/2024_1/salas_2024_1.csv,./dados/2024_1/salas_preferenciais_2024.1.xlsx,/Users/robertdrey/Documents/workspace/development/alocador_de_salas,resultados/experimentos/2024_1/dia_turno_curso/20260923_200415/melhor_solucao.sol,resultados/experimentos/2024_1/dia_turno_curso/20260923_200415/historico.csv,resultados/experimentos/2024_1/dia_turno_curso/20260923_200415/historico.json,180.0,1,180.0,600.0,1,0
1,3,57,dia_turno_curso,4_T_AGRO,78,19458,75532,OPTIMAL,185468.5,185468.5,False,185468.5,5.12,4.81,600.0,4,T,AGRO,alfabetica,iteracao,dia_turno_curso,180.0,180.0,600.0,14400.0,False,False,alfabetica,,alfabetica,,./dados/2024_1/horarios_2024_1.xlsx,./dados/2024_1/salas_2024_1.csv,./dados/2024_1/salas_preferenciais_2024.1.xlsx,/Users/robertdrey/Documents/workspace/development/alocador_de_salas,resultados/experimentos/2024_1/dia_turno_curso/20260923_200415/melhor_solucao.sol,resultados/experimentos/2024_1/dia_turno_curso/20260923_200415/historico.csv,resultados/experimentos/2024_1/dia_turno_curso/20260923_200415/historico.json,180.0,1,180.0,600.0,1,0
1,3,58,dia_turno_curso,4_T_CC,69,19964,75026,OPTIMAL,185468.5,185468.5,False,185468.5,2.96,2.64,600.0,4,T,CC,alfabetica,iteracao,dia_turno_curso,180.0,180.0,600.0,14400.0,False,False,alfabetica,,alfabetica,,./dados/2024_1/horarios_2024_1.xlsx,./dados/2024_1/salas_2024_1.csv,./dados/2024_1/salas_preferenciais_2024.1.xlsx,/Users/robertdrey/Documents/workspace/development/alocador_de_salas,resultados/experimentos/2024_1/dia_turno_curso/20260923_200415/melhor_solucao.sol,resultados/experimentos/2024_1/dia_turno_curso/20260923_200415/historico.csv,resultados/experimentos/2024_1/dia_turno_curso/20260923_200415/historico.json,180.0,1,180.0,600.0,1,0
1,3,59,dia_turno_curso,4_T_CS,50,14950,80040,OPTIMAL,185468.5,185468.5,False,185468.5,1.11,0.8,600.0,4,T,CS,alfabetica,iteracao,dia_turno_curso,180.0,180.0,600.0,14400.0,False,False,alfabetica,,alfabetica,,./dados/2024_1/horarios_2024_1.xlsx,./dados/2024_1/salas_2024_1.csv,./dados/2024_1/salas_preferenciais_2024.1.xlsx,/Users/robertdrey/Documents/workspace/development/alocador_de_salas,resultados/experimentos/2024_1/dia_turno_curso/20260923_200415/melhor_solucao.sol,resultados/experimentos/2024_1/dia_turno_curso/20260923_200415/historico.csv,resultados/experimentos/2024_1/dia_turno_curso/20260923_200415/historico.json,180.0,1,180.0,600.0,1,0
1,3,60,dia_turno_curso,4_T_EAS,71,17986,77004,OPTIMAL,185468.5,185468.5,False,185468.5,1.29,0.98,600.0,4,T,EAS,alfabetica,iteracao,dia_turno_curso,180.0,180.0,600.0,14400.0,False,False,alfabetica,,alfabetica,,./dados/2024_1/horarios_2024_1.xlsx,./dados/2024_1/salas_2024_1.csv,./dados/2024_1/salas_preferenciais_2024.1.xlsx,/Users/robertdrey/Documents/workspace/development/alocador_de_salas,resultados/experimentos/2024_1/dia_turno_curso/20260923_200415/melhor_solucao.sol,resultados/experimentos/2024_1/dia_turno_curso/20260923_200415/historico.csv,resultados/experimentos/2024_1/dia_turno_curso/20260923_200415/historico.json,180.0,1,180.0,600.0,1,0
1,3,61,dia_turno_curso,4_T_ENF,43,16192,78798,OPTIMAL,185468.5,185468.5,False,185468.5,4.42,4.09,600.0,4,T,ENF,alfabetica,iteracao,dia_turno_curso,180.0,180.0,600.0,14400.0,False,False,alfabetica,,alfabetica,,./dados/2024_1/horarios_2024_1.xlsx,./dados/2024_1/salas_2024_1.csv,./dados/2024_1/salas_preferenciais_2024.1.xlsx,/Users/robertdrey/Documents/workspace/development/alocador_de_salas,resultados/experimentos/2024_1/dia_turno_curso/20260923_200415/melhor_solucao.sol,resultados/experimentos/2024_1/dia_turno_curso/20260923_200415/historico.csv,resultados/experimentos/2024_1/dia_turno_curso/20260923_200415/historico.json,180.0,1,180.0,600.0,1,0
1,3,62,dia_turno_curso,4_T_LET,60,17618,77372,OPTIMAL,185468.5,185468.5,False,185468.5,1.8,1.48,600.0,4,T,LET,alfabetica,iteracao,dia_turno_curso,180.0,180.0,600.0,14400.0,False,False,alfabetica,,alfabetica,,./dados/2024_1/horarios_2024_1.xlsx,./dados/2024_1/salas_2024_1.csv,./dados/2024_1/salas_preferenciais_2024.1.xlsx,/Users/robertdrey/Documents/workspace/development/alocador_de_salas,resultados/experimentos/2024_1/dia_turno_curso/20260923_200415/melhor_solucao.sol,resultados/experimentos/2024_1/dia_turno_curso/20260923_200415/historico.csv,resultados/experimentos/2024_1/dia_turno_curso/20260923_200415/historico.json,180.0,1,180.0,600.0,1,0
1,3,63,dia_turno_curso,4_T_MAT,51,15410,79580,OPTIMAL,185468.5,185468.5,False,185468.5,1.42,1.11,600.0,4,T,MAT,alfabetica,iteracao,dia_turno_curso,180.0,180.0,600.0,14400.0,False,False,alfabetica,,alfabetica,,./dados/2024_1/horarios_2024_1.xlsx,./dados/2024_1/salas_2024_1.csv,./dados/2024_1/salas_preferenciais_2024.1.xlsx,/Users/robertdrey/Documents/workspace/development/alocador_de_salas,resultados/experimentos/2024_1/dia_turno_curso/20260923_200415/melhor_solucao.sol,resultados/experimentos/2024_1/dia_turno_curso/20260923_200415/historico.csv,resultados/experimentos/2024_1/dia_turno_curso/20260923_200415/historico.json,180.0,1,180.0,600.0,1,0
1,3,64,dia_turno_curso,4_T_MED,64,18676,76314,OPTIMAL,185468.5,185468.5,False,185468.5,1.91,1.61,600.0,4,T,MED,alfabetica,iteracao,dia_turno_curso,180.0,180.0,600.0,14400.0,False,False,alfabetica,,alfabetica,,./dados/2024_1/horarios_2024_1.xlsx,./dados/2024_1/salas_2024_1.csv,./dados/2024_1/salas_preferenciais_2024.1.xlsx,/Users/robertdrey/Documents/workspace/development/alocador_de_salas,resultados/experimentos/2024_1/dia_turno_curso/20260923_200415/melhor_solucao.sol,resultados/experimentos/2024_1/dia_turno_curso/20260923_200415/historico.csv,resultados/experimentos/2024_1/dia_turno_curso/20260923_200415/historico.json,180.0,1,180.0,600.0,1,0
1,3,65,dia_turno_curso,4_N_ADM,85,18262,76728,OPTIMAL,185468.5,185468.5,False,185468.5,3.45,3.14,600.0,4,N,ADM,alfabetica,iteracao,dia_turno_curso,180.0,180.0,600.0,14400.0,False,False,alfabetica,,alfabetica,,./dados/2024_1/horarios_2024_1.xlsx,./dados/2024_1/salas_2024_1.csv,./dados/2024_1/salas_preferenciais_2024.1.xlsx,/Users/robertdrey/Documents/workspace/development/alocador_de_salas,resultados/experimentos/2024_1/dia_turno_curso/20260923_200415/melhor_solucao.sol,resultados/experimentos/2024_1/dia_turno_curso/20260923_200415/historico.csv,resultados/experimentos/2024_1/dia_turno_curso/20260923_200415/historico.json,180.0,1,180.0,600.0,1,0
1,3,66,dia_turno_curso,4_N_CC,86,19872,75118,OPTIMAL,185468.5,185468.5,False,185468.5,8.15,7.84,600.0,4,N,CC,alfabetica,iteracao,dia_turno_curso,180.0,180.0,600.0,14400.0,False,False,alfabetica,,alfabetica,,./dados/2024_1/horarios_2024_1.xlsx,./dados/2024_1/salas_2024_1.csv,./dados/2024_1/salas_preferenciais_2024.1.xlsx,/Users/robertdrey/Documents/workspace/development/alocador_de_salas,resultados/experimentos/2024_1/dia_turno_curso/20260923_200415/melhor_solucao.sol,resultados/experimentos/2024_1/dia_turno_curso/20260923_200415/historico.csv,resultados/experimentos/2024_1/dia_turno_curso/20260923_200415/historico.json,180.0,1,180.0,600.0,1,0
1,3,67,dia_turno_curso,4_N_CS,60,13294,81696,OPTIMAL,185468.5,185468.5,False,185468.5,2.15,1.83,600.0,4,N,CS,alfabetica,iteracao,dia_turno_curso,180.0,180.0,600.0,14400.0,False,False,alfabetica,,alfabetica,,./dados/2024_1/horarios_2024_1.xlsx,./dados/2024_1/salas_2024_1.csv,./dados/2024_1/salas_preferenciais_2024.1.xlsx,/Users/robertdrey/Documents/workspace/development/alocador_de_salas,resultados/experimentos/2024_1/dia_turno_curso/20260923_200415/melhor_solucao.sol,resultados/experimentos/2024_1/dia_turno_curso/20260923_200415/historico.csv,resultados/experimentos/2024_1/dia_turno_curso/20260923_200415/historico.json,180.0,1,180.0,600.0,1,0
1,3,68,dia_turno_curso,4_N_EAS,86,17204,77786,OPTIMAL,185468.5,185468.5,False,185468.5,2.48,2.16,600.0,4,N,EAS,alfabetica,iteracao,dia_turno_curso,180.0,180.0,600.0,14400.0,False,False,alfabetica,,alfabetica,,./dados/2024_1/horarios_2024_1.xlsx,./dados/2024_1/salas_2024_1.csv,./dados/2024_1/salas_preferenciais_2024.1.xlsx,/Users/robertdrey/Documents/workspace/development/alocador_de_salas,resultados/experimentos/2024_1/dia_turno_curso/20260923_200415/melhor_solucao.sol,resultados/experimentos/2024_1/dia_turno_curso/20260923_200415/historico.csv,resultados/experimentos/2024_1/dia_turno_curso/20260923_200415/historico.json,180.0,1,180.0,600.0,1,0
1,3,69,dia_turno_curso,4_N_FIL,53,11914,83076,OPTIMAL,185468.5,185468.5,False,185468.5,1.57,1.26,600.0,4,N,FIL,alfabetica,iteracao,dia_turno_curso,180.0,180.0,600.0,14400.0,False,False,alfabetica,,alfabetica,,./dados/2024_1/horarios_2024_1.xlsx,./dados/2024_1/salas_2024_1.csv,./dados/2024_1/salas_preferenciais_2024.1.xlsx,/Users/robertdrey/Documents/workspace/development/alocador_de_salas,resultados/experimentos/2024_1/dia_turno_curso/20260923_200415/melhor_solucao.sol,resultados/experimentos/2024_1/dia_turno_curso/20260923_200415/historico.csv,resultados/experimentos/2024_1/dia_turno_curso/20260923_200415/historico.json,180.0,1,180.0,600.0,1,0
1,3,70,dia_turno_curso,4_N_GEO,51,11776,83214,OPTIMAL,185468.5,185468.5,False,185468.5,1.96,1.64,600.0,4,N,GEO,alfabetica,iteracao,dia_turno_curso,180.0,180.0,600.0,14400.0,False,False,alfabetica,,alfabetica,,./dados/2024_1/horarios_2024_1.xlsx,./dados/2024_1/salas_2024_1.csv,./dados/2024_1/salas_preferenciais_2024.1.xlsx,/Users/robertdrey/Documents/workspace/development/alocador_de_salas,resultados/experimentos/2024_1/dia_turno_curso/20260923_200415/melhor_solucao.sol,resultados/experimentos/2024_1/dia_turno_curso/20260923_200415/historico.csv,resultados/experimentos/2024_1/dia_turno_curso/20260923_200415/historico.json,180.0,1,180.0,600.0,1,0
1,3,71,dia_turno_curso,4_N_HIS,62,13938,81052,OPTIMAL,185468.5,185468.5,False,185468.5,1.75,1.43,600.0,4,N,HIS,alfabetica,iteracao,dia_turno_curso,180.0,180.0,600.0,14400.0,False,False,alfabetica,,alfabetica,,./dados/2024_1/horarios_2024_1.xlsx,./dados/2024_1/salas_2024_1.csv,./dados/2024_1/salas_preferenciais_2024.1.xlsx,/Users/robertdrey/Documents/workspace/development/alocador_de_salas,resultados/experimentos/2024_1/dia_turno_curso/20260923_200415/melhor_solucao.sol,resultados/experimentos/2024_1/dia_turno_curso/20260923_200415/historico.csv,resultados/experimentos/2024_1/dia_turno_curso/20260923_200415/historico.json,180.0,1,180.0,600.0,1,0
1,3,72,dia_turno_curso,4_N_LET,69,16744,78246,TIME_LIMIT,185468.5,185468.5,False,185468.5,600.56,600.21,600.0,4,N,LET,alfabetica,iteracao,dia_turno_curso,180.0,180.0,600.0,14400.0,False,False,alfabetica,,alfabetica,,./dados/2024_1/horarios_2024_1.xlsx,./dados/2024_1/salas_2024_1.csv,./dados/2024_1/salas_preferenciais_2024.1.xlsx,/Users/robertdrey/Documents/workspace/development/alocador_de_salas,resultados/experimentos/2024_1/dia_turno_curso/20260923_200415/melhor_solucao.sol,resultados/experimentos/2024_1/dia_turno_curso/20260923_200415/historico.csv,resultados/experimentos/2024_1/dia_turno_curso/20260923_200415/historico.json,180.0,1,180.0,600.0,1,0
1,3,73,dia_turno_curso,4_N_MAT,59,13202,81788,OPTIMAL,185468.5,185468.5,False,185468.5,2.48,2.11,600.0,4,N,MAT,alfabetica,iteracao,dia_turno_curso,180.0,180.0,600.0,14400.0,False,False,alfabetica,,alfabetica,,./dados/2024_1/horarios_2024_1.xlsx,./dados/2024_1/salas_2024_1.csv,./dados/2024_1/salas_preferenciais_2024.1.xlsx,/Users/robertdrey/Documents/workspace/development/alocador_de_salas,resultados/experimentos/2024_1/dia_turno_curso/20260923_200415/melhor_solucao.sol,resultados/experimentos/2024_1/dia_turno_curso/20260923_200415/historico.csv,resultados/experimentos/2024_1/dia_turno_curso/20260923_200415/historico.json,180.0,1,180.0,600.0,1,0
1,3,74,dia_turno_curso,4_N_PED,93,21160,73830,OPTIMAL,185468.5,185468.5,False,185468.5,145.29,144.96,600.0,4,N,PED,alfabetica,iteracao,dia_turno_curso,180.0,180.0,600.0,14400.0,False,False,alfabetica,,alfabetica,,./dados/2024_1/horarios_2024_1.xlsx,./dados/2024_1/salas_2024_1.csv,./dados/2024_1/salas_preferenciais_2024.1.xlsx,/Users/robertdrey/Documents/workspace/development/alocador_de_salas,resultados/experimentos/2024_1/dia_turno_curso/20260923_200415/melhor_solucao.sol,resultados/experimentos/2024_1/dia_turno_curso/20260923_200415/historico.csv,resultados/experimentos/2024_1/dia_turno_curso/20260923_200415/historico.json,180.0,1,180.0,600.0,1,0
1,3,75,dia_turno_curso,5_M_ADM,80,19734,75256,OPTIMAL,185468.5,185468.5,False,185468.5,2.18,1.87,600.0,5,M,ADM,alfabetica,iteracao,dia_turno_curso,180.0,180.0,600.0,14400.0,False,False,alfabetica,,alfabetica,,./dados/2024_1/horarios_2024_1.xlsx,./dados/2024_1/salas_2024_1.csv,./dados/2024_1/salas_preferenciais_2024.1.xlsx,/Users/robertdrey/Documents/workspace/development/alocador_de_salas,resultados/experimentos/2024_1/dia_turno_curso/20260923_200415/melhor_solucao.sol,resultados/experimentos/2024_1/dia_turno_curso/20260923_200415/historico.csv,resultados/experimentos/2024_1/dia_turno_curso/20260923_200415/historico.json,180.0,1,180.0,600.0,1,0
1,3,76,dia_turno_curso,5_M_AGRO,80,18492,76498,OPTIMAL,185468.5,185468.5,False,185468.5,8.29,7.97,600.0,5,M,AGRO,alfabetica,iteracao,dia_turno_curso,180.0,180.0,600.0,14400.0,False,False,alfabetica,,alfabetica,,./dados/2024_1/horarios_2024_1.xlsx,./dados/2024_1/salas_2024_1.csv,./dados/2024_1/salas_preferenciais_2024.1.xlsx,/Users/robertdrey/Documents/workspace/development/alocador_de_salas,resultados/experimentos/2024_1/dia_turno_curso/20260923_200415/melhor_solucao.sol,resultados/experimentos/2024_1/dia_turno_curso/20260923_200415/historico.csv,resultados/experimentos/2024_1/dia_turno_curso/20260923_200415/historico.json,180.0,1,180.0,600.0,1,0
1,3,77,dia_turno_curso,5_M_EAS,75,17618,77372,OPTIMAL,185468.5,185468.5,False,185468.5,2.21,1.89,600.0,5,M,EAS,alfabetica,iteracao,dia_turno_curso,180.0,180.0,600.0,14400.0,False,False,alfabetica,,alfabetica,,./dados/2024_1/horarios_2024_1.xlsx,./dados/2024_1/salas_2024_1.csv,./dados/2024_1/salas_preferenciais_2024.1.xlsx,/Users/robertdrey/Documents/workspace/development/alocador_de_salas,resultados/experimentos/2024_1/dia_turno_curso/20260923_200415/melhor_solucao.sol,resultados/experimentos/2024_1/dia_turno_curso/20260923_200415/historico.csv,resultados/experimentos/2024_1/dia_turno_curso/20260923_200415/historico.json,180.0,1,180.0,600.0,1,0
1,3,78,dia_turno_curso,5_M_ENF,51,15732,79258,OPTIMAL,185468.5,185468.5,False,185468.5,4.92,4.6,600.0,5,M,ENF,alfabetica,iteracao,dia_turno_curso,180.0,180.0,600.0,14400.0,False,False,alfabetica,,alfabetica,,./dados/2024_1/horarios_2024_1.xlsx,./dados/2024_1/salas_2024_1.csv,./dados/2024_1/salas_preferenciais_2024.1.xlsx,/Users/robertdrey/Documents/workspace/development/alocador_de_salas,resultados/experimentos/2024_1/dia_turno_curso/20260923_200415/melhor_solucao.sol,resultados/experimentos/2024_1/dia_turno_curso/20260923_200415/historico.csv,resultados/experimentos/2024_1/dia_turno_curso/20260923_200415/historico.json,180.0,1,180.0,600.0,1,0
1,3,79,dia_turno_curso,5_M_MED,74,19550,75440,OPTIMAL,185468.5,185468.5,False,185468.5,3.97,3.64,600.0,5,M,MED,alfabetica,iteracao,dia_turno_curso,180.0,180.0,600.0,14400.0,False,False,alfabetica,,alfabetica,,./dados/2024_1/horarios_2024_1.xlsx,./dados/2024_1/salas_2024_1.csv,./dados/2024_1/salas_preferenciais_2024.1.xlsx,/Users/robertdrey/Documents/workspace/development/alocador_de_salas,resultados/experimentos/2024_1/dia_turno_curso/20260923_200415/melhor_solucao.sol,resultados/experimentos/2024_1/dia_turno_curso/20260923_200415/historico.csv,resultados/experimentos/2024_1/dia_turno_curso/20260923_200415/historico.json,180.0,1,180.0,600.0,1,0
1,3,80,dia_turno_curso,5_M_PED,89,23230,71760,OPTIMAL,185468.5,185468.5,False,185468.5,23.99,23.65,600.0,5,M,PED,alfabetica,iteracao,dia_turno_curso,180.0,180.0,600.0,14400.0,False,False,alfabetica,,alfabetica,,./dados/2024_1/horarios_2024_1.xlsx,./dados/2024_1/salas_2024_1.csv,./dados/2024_1/salas_preferenciais_2024.1.xlsx,/Users/robertdrey/Documents/workspace/development/alocador_de_salas,resultados/experimentos/2024_1/dia_turno_curso/20260923_200415/melhor_solucao.sol,resultados/experimentos/2024_1/dia_turno_curso/20260923_200415/historico.csv,resultados/experimentos/2024_1/dia_turno_curso/20260923_200415/historico.json,180.0,1,180.0,600.0,1,0
1,3,81,dia_turno_curso,5_T_AGRO,77,18814,76176,OPTIMAL,185468.5,185468.5,False,185468.5,9.04,8.7,600.0,5,T,AGRO,alfabetica,iteracao,dia_turno_curso,180.0,180.0,600.0,14400.0,False,False,alfabetica,,alfabetica,,./dados/2024_1/horarios_2024_1.xlsx,./dados/2024_1/salas_2024_1.csv,./dados/2024_1/salas_preferenciais_2024.1.xlsx,/Users/robertdrey/Documents/workspace/development/alocador_de_salas,resultados/experimentos/2024_1/dia_turno_curso/20260923_200415/melhor_solucao.sol,resultados/experimentos/2024_1/dia_turno_curso/20260923_200415/historico.csv,resultados/experimentos/2024_1/dia_turno_curso/20260923_200415/historico.json,180.0,1,180.0,600.0,1,0
1,3,82,dia_turno_curso,5_T_CC,70,19596,75394,OPTIMAL,185468.5,185468.5,False,185468.5,2.78,2.45,600.0,5,T,CC,alfabetica,iteracao,dia_turno_curso,180.0,180.0,600.0,14400.0,False,False,alfabetica,,alfabetica,,./dados/2024_1/horarios_2024_1.xlsx,./dados/2024_1/salas_2024_1.csv,./dados/2024_1/salas_preferenciais_2024.1.xlsx,/Users/robertdrey/Documents/workspace/development/alocador_de_salas,resultados/experimentos/2024_1/dia_turno_curso/20260923_200415/melhor_solucao.sol,resultados/experimentos/2024_1/dia_turno_curso/20260923_200415/historico.csv,resultados/experimentos/2024_1/dia_turno_curso/20260923_200415/historico.json,180.0,1,180.0,600.0,1,0
1,3,83,dia_turno_curso,5_T_EAS,71,17342,77648,OPTIMAL,185468.5,185468.5,False,185468.5,1.52,1.19,600.0,5,T,EAS,alfabetica,iteracao,dia_turno_curso,180.0,180.0,600.0,14400.0,False,False,alfabetica,,alfabetica,,./dados/2024_1/horarios_2024_1.xlsx,./dados/2024_1/salas_2024_1.csv,./dados/2024_1/salas_preferenciais_2024.1.xlsx,/Users/robertdrey/Documents/workspace/development/alocador_de_salas,resultados/experimentos/2024_1/dia_turno_curso/20260923_200415/melhor_solucao.sol,resultados/experimentos/2024_1/dia_turno_curso/20260923_200415/historico.csv,resultados/experimentos/2024_1/dia_turno_curso/20260923_200415/historico.json,180.0,1,180.0,600.0,1,0
1,3,84,dia_turno_curso,5_T_ENF,44,14858,80132,OPTIMAL,185468.5,185468.5,False,185468.5,4.41,4.1,600.0,5,T,ENF,alfabetica,iteracao,dia_turno_curso,180.0,180.0,600.0,14400.0,False,False,alfabetica,,alfabetica,,./dados/2024_1/horarios_2024_1.xlsx,./dados/2024_1/salas_2024_1.csv,./dados/2024_1/salas_preferenciais_2024.1.xlsx,/Users/robertdrey/Documents/workspace/development/alocador_de_salas,resultados/experimentos/2024_1/dia_turno_curso/20260923_200415/melhor_solucao.sol,resultados/experimentos/2024_1/dia_turno_curso/20260923_200415/historico.csv,resultados/experimentos/2024_1/dia_turno_curso/20260923_200415/historico.json,180.0,1,180.0,600.0,1,0
1,3,85,dia_turno_curso,5_T_GEO,40,12650,82340,OPTIMAL,185468.5,185468.5,False,185468.5,1.33,1.01,600.0,5,T,GEO,alfabetica,iteracao,dia_turno_curso,180.0,180.0,600.0,14400.0,False,False,alfabetica,,alfabetica,,./dados/2024_1/horarios_2024_1.xlsx,./dados/2024_1/salas_2024_1.csv,./dados/2024_1/salas_preferenciais_2024.1.xlsx,/Users/robertdrey/Documents/workspace/development/alocador_de_salas,resultados/experimentos/2024_1/dia_turno_curso/20260923_200415/melhor_solucao.sol,resultados/experimentos/2024_1/dia_turno_curso/20260923_200415/historico.csv,resultados/experimentos/2024_1/dia_turno_curso/20260923_200415/historico.json,180.0,1,180.0,600.0,1,0
1,3,86,dia_turno_curso,5_T_LET,65,18722,76268,OPTIMAL,185468.5,185468.5,False,185468.5,2.49,2.18,600.0,5,T,LET,alfabetica,iteracao,dia_turno_curso,180.0,180.0,600.0,14400.0,False,False,alfabetica,,alfabetica,,./dados/2024_1/horarios_2024_1.xlsx,./dados/2024_1/salas_2024_1.csv,./dados/2024_1/salas_preferenciais_2024.1.xlsx,/Users/robertdrey/Documents/workspace/development/alocador_de_salas,resultados/experimentos/2024_1/dia_turno_curso/20260923_200415/melhor_solucao.sol,resultados/experimentos/2024_1/dia_turno_curso/20260923_200415/historico.csv,resultados/experimentos/2024_1/dia_turno_curso/20260923_200415/historico.json,180.0,1,180.0,600.0,1,0
1,3,87,dia_turno_curso,5_T_MED,67,19274,75716,OPTIMAL,185468.5,185468.5,False,185468.5,2.63,2.3,600.0,5,T,MED,alfabetica,iteracao,dia_turno_curso,180.0,180.0,600.0,14400.0,False,False,alfabetica,,alfabetica,,./dados/2024_1/horarios_2024_1.xlsx,./dados/2024_1/salas_2024_1.csv,./dados/2024_1/salas_preferenciais_2024.1.xlsx,/Users/robertdrey/Documents/workspace/development/alocador_de_salas,resultados/experimentos/2024_1/dia_turno_curso/20260923_200415/melhor_solucao.sol,resultados/experimentos/2024_1/dia_turno_curso/20260923_200415/historico.csv,resultados/experimentos/2024_1/dia_turno_curso/20260923_200415/historico.json,180.0,1,180.0,600.0,1,0
1,3,88,dia_turno_curso,5_N_ADM,83,16652,78338,OPTIMAL,185468.5,185468.5,False,185468.5,2.35,2.02,600.0,5,N,ADM,alfabetica,iteracao,dia_turno_curso,180.0,180.0,600.0,14400.0,False,False,alfabetica,,alfabetica,,./dados/2024_1/horarios_2024_1.xlsx,./dados/2024_1/salas_2024_1.csv,./dados/2024_1/salas_preferenciais_2024.1.xlsx,/Users/robertdrey/Documents/workspace/development/alocador_de_salas,resultados/experimentos/2024_1/dia_turno_curso/20260923_200415/melhor_solucao.sol,resultados/experimentos/2024_1/dia_turno_curso/20260923_200415/historico.csv,resultados/experimentos/2024_1/dia_turno_curso/20260923_200415/historico.json,180.0,1,180.0,600.0,1,0
1,3,89,dia_turno_curso,5_N_CC,83,18078,76912,OPTIMAL,185468.5,185468.5,False,185468.5,5.01,4.68,600.0,5,N,CC,alfabetica,iteracao,dia_turno_curso,180.0,180.0,600.0,14400.0,False,False,alfabetica,,alfabetica,,./dados/2024_1/horarios_2024_1.xlsx,./dados/2024_1/salas_2024_1.csv,./dados/2024_1/salas_preferenciais_2024.1.xlsx,/Users/robertdrey/Documents/workspace/development/alocador_de_salas,resultados/experimentos/2024_1/dia_turno_curso/20260923_200415/melhor_solucao.sol,resultados/experimentos/2024_1/dia_turno_curso/20260923_200415/historico.csv,resultados/experimentos/2024_1/dia_turno_curso/20260923_200415/historico.json,180.0,1,180.0,600.0,1,0
1,3,90,dia_turno_curso,5_N_CS,57,11914,83076,OPTIMAL,185468.5,185468.5,False,185468.5,1.68,1.36,600.0,5,N,CS,alfabetica,iteracao,dia_turno_curso,180.0,180.0,600.0,14400.0,False,False,alfabetica,,alfabetica,,./dados/2024_1/horarios_2024_1.xlsx,./dados/2024_1/salas_2024_1.csv,./dados/2024_1/salas_preferenciais_2024.1.xlsx,/Users/robertdrey/Documents/workspace/development/alocador_de_salas,resultados/experimentos/2024_1/dia_turno_curso/20260923_200415/melhor_solucao.sol,resultados/experimentos/2024_1/dia_turno_curso/20260923_200415/historico.csv,resultados/experimentos/2024_1/dia_turno_curso/20260923_200415/historico.json,180.0,1,180.0,600.0,1,0
1,3,91,dia_turno_curso,5_N_EAS,83,14950,80040,OPTIMAL,185468.5,185468.5,False,185468.5,1.74,1.43,600.0,5,N,EAS,alfabetica,iteracao,dia_turno_curso,180.0,180.0,600.0,14400.0,False,False,alfabetica,,alfabetica,,./dados/2024_1/horarios_2024_1.xlsx,./dados/2024_1/salas_2024_1.csv,./dados/2024_1/salas_preferenciais_2024.1.xlsx,/Users/robertdrey/Documents/workspace/development/alocador_de_salas,resultados/experimentos/2024_1/dia_turno_curso/20260923_200415/melhor_solucao.sol,resultados/experimentos/2024_1/dia_turno_curso/20260923_200415/historico.csv,resultados/experimentos/2024_1/dia_turno_curso/20260923_200415/historico.json,180.0,1,180.0,600.0,1,0
1,3,92,dia_turno_curso,5_N_FIL,51,10304,84686,OPTIMAL,185468.5,185468.5,False,185468.5,1.78,1.47,600.0,5,N,FIL,alfabetica,iteracao,dia_turno_curso,180.0,180.0,600.0,14400.0,False,False,alfabetica,,alfabetica,,./dados/2024_1/horarios_2024_1.xlsx,./dados/2024_1/salas_2024_1.csv,./dados/2024_1/salas_preferenciais_2024.1.xlsx,/Users/robertdrey/Documents/workspace/development/alocador_de_salas,resultados/experimentos/2024_1/dia_turno_curso/20260923_200415/melhor_solucao.sol,resultados/experimentos/2024_1/dia_turno_curso/20260923_200415/historico.csv,resultados/experimentos/2024_1/dia_turno_curso/20260923_200415/historico.json,180.0,1,180.0,600.0,1,0
1,3,93,dia_turno_curso,5_N_GEO,48,9844,85146,OPTIMAL,185468.5,185468.5,False,185468.5,1.84,1.51,600.0,5,N,GEO,alfabetica,iteracao,dia_turno_curso,180.0,180.0,600.0,14400.0,False,False,alfabetica,,alfabetica,,./dados/2024_1/horarios_2024_1.xlsx,./dados/2024_1/salas_2024_1.csv,./dados/2024_1/salas_preferenciais_2024.1.xlsx,/Users/robertdrey/Documents/workspace/development/alocador_de_salas,resultados/experimentos/2024_1/dia_turno_curso/20260923_200415/melhor_solucao.sol,resultados/experimentos/2024_1/dia_turno_curso/20260923_200415/historico.csv,resultados/experimentos/2024_1/dia_turno_curso/20260923_200415/historico.json,180.0,1,180.0,600.0,1,0
1,3,94,dia_turno_curso,5_N_HIS,58,11960,83030,OPTIMAL,185468.5,185468.5,False,185468.5,1.91,1.59,600.0,5,N,HIS,alfabetica,iteracao,dia_turno_curso,180.0,180.0,600.0,14400.0,False,False,alfabetica,,alfabetica,,./dados/2024_1/horarios_2024_1.xlsx,./dados/2024_1/salas_2024_1.csv,./dados/2024_1/salas_preferenciais_2024.1.xlsx,/Users/robertdrey/Documents/workspace/development/alocador_de_salas,resultados/experimentos/2024_1/dia_turno_curso/20260923_200415/melhor_solucao.sol,resultados/experimentos/2024_1/dia_turno_curso/20260923_200415/historico.csv,resultados/experimentos/2024_1/dia_turno_curso/20260923_200415/historico.json,180.0,1,180.0,600.0,1,0
1,3,95,dia_turno_curso,5_N_LET,68,15962,79028,OPTIMAL,185468.5,185468.5,False,185468.5,2.92,2.6,600.0,5,N,LET,alfabetica,iteracao,dia_turno_curso,180.0,180.0,600.0,14400.0,False,False,alfabetica,,alfabetica,,./dados/2024_1/horarios_2024_1.xlsx,./dados/2024_1/salas_2024_1.csv,./dados/2024_1/salas_preferenciais_2024.1.xlsx,/Users/robertdrey/Documents/workspace/development/alocador_de_salas,resultados/experimentos/2024_1/dia_turno_curso/20260923_200415/melhor_solucao.sol,resultados/experimentos/2024_1/dia_turno_curso/20260923_200415/historico.csv,resultados/experimentos/2024_1/dia_turno_curso/20260923_200415/historico.json,180.0,1,180.0,600.0,1,0
1,3,96,dia_turno_curso,5_N_MAT,58,12328,82662,OPTIMAL,185468.5,185468.5,False,185468.5,2.33,2.0,600.0,5,N,MAT,alfabetica,iteracao,dia_turno_curso,180.0,180.0,600.0,14400.0,False,False,alfabetica,,alfabetica,,./dados/2024_1/horarios_2024_1.xlsx,./dados/2024_1/salas_2024_1.csv,./dados/2024_1/salas_preferenciais_2024.1.xlsx,/Users/robertdrey/Documents/workspace/development/alocador_de_salas,resultados/experimentos/2024_1/dia_turno_curso/20260923_200415/melhor_solucao.sol,resultados/experimentos/2024_1/dia_turno_curso/20260923_200415/historico.csv,resultados/experimentos/2024_1/dia_turno_curso/20260923_200415/historico.json,180.0,1,180.0,600.0,1,0
1,3,97,dia_turno_curso,5_N_MED,78,16928,78062,OPTIMAL,185468.5,185468.5,False,185468.5,2.39,2.06,600.0,5,N,MED,alfabetica,iteracao,dia_turno_curso,180.0,180.0,600.0,14400.0,False,False,alfabetica,,alfabetica,,./dados/2024_1/horarios_2024_1.xlsx,./dados/2024_1/salas_2024_1.csv,./dados/2024_1/salas_preferenciais_2024.1.xlsx,/Users/robertdrey/Documents/workspace/development/alocador_de_salas,resultados/experimentos/2024_1/dia_turno_curso/20260923_200415/melhor_solucao.sol,resultados/experimentos/2024_1/dia_turno_curso/20260923_200415/historico.csv,resultados/experimentos/2024_1/dia_turno_curso/20260923_200415/historico.json,180.0,1,180.0,600.0,1,0
1,3,98,dia_turno_curso,5_N_PED,90,19780,75210,OPTIMAL,185468.5,185468.5,False,185468.5,50.35,50.03,600.0,5,N,PED,alfabetica,iteracao,dia_turno_curso,180.0,180.0,600.0,14400.0,False,False,alfabetica,,alfabetica,,./dados/2024_1/horarios_2024_1.xlsx,./dados/2024_1/salas_2024_1.csv,./dados/2024_1/salas_preferenciais_2024.1.xlsx,/Users/robertdrey/Documents/workspace/development/alocador_de_salas,resultados/experimentos/2024_1/dia_turno_curso/20260923_200415/melhor_solucao.sol,resultados/experimentos/2024_1/dia_turno_curso/20260923_200415/historico.csv,resultados/experimentos/2024_1/dia_turno_curso/20260923_200415/historico.json,180.0,1,180.0,600.0,1,0
1,3,99,dia_turno_curso,6_M_ADM,74,15226,79764,OPTIMAL,185468.5,185468.5,False,185468.5,1.81,1.49,600.0,6,M,ADM,alfabetica,iteracao,dia_turno_curso,180.0,180.0,600.0,14400.0,False,False,alfabetica,,alfabetica,,./dados/2024_1/horarios_2024_1.xlsx,./dados/2024_1/salas_2024_1.csv,./dados/2024_1/salas_preferenciais_2024.1.xlsx,/Users/robertdrey/Documents/workspace/development/alocador_de_salas,resultados/experimentos/2024_1/dia_turno_curso/20260923_200415/melhor_solucao.sol,resultados/experimentos/2024_1/dia_turno_curso/20260923_200415/historico.csv,resultados/experimentos/2024_1/dia_turno_curso/20260923_200415/historico.json,180.0,1,180.0,600.0,1,0
1,3,100,dia_turno_curso,6_M_AGRO,76,14168,80822,OPTIMAL,185468.5,185468.5,False,185468.5,5.26,4.94,600.0,6,M,AGRO,alfabetica,iteracao,dia_turno_curso,180.0,180.0,600.0,14400.0,False,False,alfabetica,,alfabetica,,./dados/2024_1/horarios_2024_1.xlsx,./dados/2024_1/salas_2024_1.csv,./dados/2024_1/salas_preferenciais_2024.1.xlsx,/Users/robertdrey/Documents/workspace/development/alocador_de_salas,resultados/experimentos/2024_1/dia_turno_curso/20260923_200415/melhor_solucao.sol,resultados/experimentos/2024_1/dia_turno_curso/20260923_200415/historico.csv,resultados/experimentos/2024_1/dia_turno_curso/20260923_200415/historico.json,180.0,1,180.0,600.0,1,0
1,3,101,dia_turno_curso,6_M_EAS,69,13294,81696,OPTIMAL,185468.5,185468.5,False,185468.5,1.55,1.22,600.0,6,M,EAS,alfabetica,iteracao,dia_turno_curso,180.0,180.0,600.0,14400.0,False,False,alfabetica,,alfabetica,,./dados/2024_1/horarios_2024_1.xlsx,./dados/2024_1/salas_2024_1.csv,./dados/2024_1/salas_preferenciais_2024.1.xlsx,/Users/robertdrey/Documents/workspace/development/alocador_de_salas,resultados/experimentos/2024_1/dia_turno_curso/20260923_200415/melhor_solucao.sol,resultados/experimentos/2024_1/dia_turno_curso/20260923_200415/historico.csv,resultados/experimentos/2024_1/dia_turno_curso/20260923_200415/historico.json,180.0,1,180.0,600.0,1,0
1,3,102,dia_turno_curso,6_M_MED,69,15778,79212,OPTIMAL,185468.5,185468.5,False,185468.5,2.6,2.28,600.0,6,M,MED,alfabetica,iteracao,dia_turno_curso,180.0,180.0,600.0,14400.0,False,False,alfabetica,,alfabetica,,./dados/2024_1/horarios_2024_1.xlsx,./dados/2024_1/salas_2024_1.csv,./dados/2024_1/salas_preferenciais_2024.1.xlsx,/Users/robertdrey/Documents/workspace/development/alocador_de_salas,resultados/experimentos/2024_1/dia_turno_curso/20260923_200415/melhor_solucao.sol,resultados/experimentos/2024_1/dia_turno_curso/20260923_200415/historico.csv,resultados/experimentos/2024_1/dia_turno_curso/20260923_200415/historico.json,180.0,1,180.0,600.0,1,0
1,3,103,dia_turno_curso,6_M_PED,81,18078,76912,OPTIMAL,185468.5,185468.5,False,185468.5,21.46,21.11,600.0,6,M,PED,alfabetica,iteracao,dia_turno_curso,180.0,180.0,600.0,14400.0,False,False,alfabetica,,alfabetica,,./dados/2024_1/horarios_2024_1.xlsx,./dados/2024_1/salas_2024_1.csv,./dados/2024_1/salas_preferenciais_2024.1.xlsx,/Users/robertdrey/Documents/workspace/development/alocador_de_salas,resultados/experimentos/2024_1/dia_turno_curso/20260923_200415/melhor_solucao.sol,resultados/experimentos/2024_1/dia_turno_curso/20260923_200415/historico.csv,resultados/experimentos/2024_1/dia_turno_curso/20260923_200415/historico.json,180.0,1,180.0,600.0,1,0
1,3,104,dia_turno_curso,6_T_AGRO,79,20102,74888,OPTIMAL,185468.5,185468.5,False,185468.5,7.45,7.11,600.0,6,T,AGRO,alfabetica,iteracao,dia_turno_curso,180.0,180.0,600.0,14400.0,False,False,alfabetica,,alfabetica,,./dados/2024_1/horarios_2024_1.xlsx,./dados/2024_1/salas_2024_1.csv,./dados/2024_1/salas_preferenciais_2024.1.xlsx,/Users/robertdrey/Documents/workspace/development/alocador_de_salas,resultados/experimentos/2024_1/dia_turno_curso/20260923_200415/melhor_solucao.sol,resultados/experimentos/2024_1/dia_turno_curso/20260923_200415/historico.csv,resultados/experimentos/2024_1/dia_turno_curso/20260923_200415/historico.json,180.0,1,180.0,600.0,1,0
1,3,105,dia_turno_curso,6_T_CC,68,20102,74888,OPTIMAL,185468.5,185468.5,False,185468.5,2.56,2.23,600.0,6,T,CC,alfabetica,iteracao,dia_turno_curso,180.0,180.0,600.0,14400.0,False,False,alfabetica,,alfabetica,,./dados/2024_1/horarios_2024_1.xlsx,./dados/2024_1/salas_2024_1.csv,./dados/2024_1/salas_preferenciais_2024.1.xlsx,/Users/robertdrey/Documents/workspace/development/alocador_de_salas,resultados/experimentos/2024_1/dia_turno_curso/20260923_200415/melhor_solucao.sol,resultados/experimentos/2024_1/dia_turno_curso/20260923_200415/historico.csv,resultados/experimentos/2024_1/dia_turno_curso/20260923_200415/historico.json,180.0,1,180.0,600.0,1,0
1,3,106,dia_turno_curso,6_T_EAS,71,18124,76866,OPTIMAL,185468.5,185468.5,False,185468.5,1.12,0.8,600.0,6,T,EAS,alfabetica,iteracao,dia_turno_curso,180.0,180.0,600.0,14400.0,False,False,alfabetica,,alfabetica,,./dados/2024_1/horarios_2024_1.xlsx,./dados/2024_1/salas_2024_1.csv,./dados/2024_1/salas_preferenciais_2024.1.xlsx,/Users/robertdrey/Documents/workspace/development/alocador_de_salas,resultados/experimentos/2024_1/dia_turno_curso/20260923_200415/melhor_solucao.sol,resultados/experimentos/2024_1/dia_turno_curso/20260923_200415/historico.csv,resultados/experimentos/2024_1/dia_turno_curso/20260923_200415/historico.json,180.0,1,180.0,600.0,1,0
1,3,107,dia_turno_curso,6_T_ENF,43,15364,79626,OPTIMAL,185468.5,185468.5,False,185468.5,6.15,5.84,600.0,6,T,ENF,alfabetica,iteracao,dia_turno_curso,180.0,180.0,600.0,14400.0,False,False,alfabetica,,alfabetica,,./dados/2024_1/horarios_2024_1.xlsx,./dados/2024_1/salas_2024_1.csv,./dados/2024_1/salas_preferenciais_2024.1.xlsx,/Users/robertdrey/Documents/workspace/development/alocador_de_salas,resultados/experimentos/2024_1/dia_turno_curso/20260923_200415/melhor_solucao.sol,resultados/experimentos/2024_1/dia_turno_curso/20260923_200415/historico.csv,resultados/experimentos/2024_1/dia_turno_curso/20260923_200415/historico.json,180.0,1,180.0,600.0,1,0
1,3,108,dia_turno_curso,6_T_LET,63,18998,75992,OPTIMAL,185468.5,185468.5,False,185468.5,1.86,1.54,600.0,6,T,LET,alfabetica,iteracao,dia_turno_curso,180.0,180.0,600.0,14400.0,False,False,alfabetica,,alfabetica,,./dados/2024_1/horarios_2024_1.xlsx,./dados/2024_1/salas_2024_1.csv,./dados/2024_1/salas_preferenciais_2024.1.xlsx,/Users/robertdrey/Documents/workspace/development/alocador_de_salas,resultados/experimentos/2024_1/dia_turno_curso/20260923_200415/melhor_solucao.sol,resultados/experimentos/2024_1/dia_turno_curso/20260923_200415/historico.csv,resultados/experimentos/2024_1/dia_turno_curso/20260923_200415/historico.json,180.0,1,180.0,600.0,1,0
1,3,109,dia_turno_curso,6_T_MED,64,19274,75716,OPTIMAL,185468.5,185468.5,False,185468.5,2.32,2.01,600.0,6,T,MED,alfabetica,iteracao,dia_turno_curso,180.0,180.0,600.0,14400.0,False,False,alfabetica,,alfabetica,,./dados/2024_1/horarios_2024_1.xlsx,./dados/2024_1/salas_2024_1.csv,./dados/2024_1/salas_preferenciais_2024.1.xlsx,/Users/robertdrey/Documents/workspace/development/alocador_de_salas,resultados/experimentos/2024_1/dia_turno_curso/20260923_200415/melhor_solucao.sol,resultados/experimentos/2024_1/dia_turno_curso/20260923_200415/historico.csv,resultados/experimentos/2024_1/dia_turno_curso/20260923_200415/historico.json,180.0,1,180.0,600.0,1,0
1,3,110,dia_turno_curso,6_N_ADM,83,17158,77832,OPTIMAL,185468.5,185468.5,False,185468.5,2.32,2.0,600.0,6,N,ADM,alfabetica,iteracao,dia_turno_curso,180.0,180.0,600.0,14400.0,False,False,alfabetica,,alfabetica,,./dados/2024_1/horarios_2024_1.xlsx,./dados/2024_1/salas_2024_1.csv,./dados/2024_1/salas_preferenciais_2024.1.xlsx,/Users/robertdrey/Documents/workspace/development/alocador_de_salas,resultados/experimentos/2024_1/dia_turno_curso/20260923_200415/melhor_solucao.sol,resultados/experimentos/2024_1/dia_turno_curso/20260923_200415/historico.csv,resultados/experimentos/2024_1/dia_turno_curso/20260923_200415/historico.json,180.0,1,180.0,600.0,1,0
1,3,111,dia_turno_curso,6_N_AGRO,89,16422,78568,OPTIMAL,185468.5,185468.5,False,185468.5,5.18,4.87,600.0,6,N,AGRO,alfabetica,iteracao,dia_turno_curso,180.0,180.0,600.0,14400.0,False,False,alfabetica,,alfabetica,,./dados/2024_1/horarios_2024_1.xlsx,./dados/2024_1/salas_2024_1.csv,./dados/2024_1/salas_preferenciais_2024.1.xlsx,/Users/robertdrey/Documents/workspace/development/alocador_de_salas,resultados/experimentos/2024_1/dia_turno_curso/20260923_200415/melhor_solucao.sol,resultados/experimentos/2024_1/dia_turno_curso/20260923_200415/historico.csv,resultados/experimentos/2024_1/dia_turno_curso/20260923_200415/historico.json,180.0,1,180.0,600.0,1,0
1,3,112,dia_turno_curso,6_N_CC,82,18400,76590,OPTIMAL,185468.5,185468.5,False,185468.5,5.15,4.82,600.0,6,N,CC,alfabetica,iteracao,dia_turno_curso,180.0,180.0,600.0,14400.0,False,False,alfabetica,,alfabetica,,./dados/2024_1/horarios_2024_1.xlsx,./dados/2024_1/salas_2024_1.csv,./dados/2024_1/salas_preferenciais_2024.1.xlsx,/Users/robertdrey/Documents/workspace/development/alocador_de_salas,resultados/experimentos/2024_1/dia_turno_curso/20260923_200415/melhor_solucao.sol,resultados/experimentos/2024_1/dia_turno_curso/20260923_200415/historico.csv,resultados/experimentos/2024_1/dia_turno_curso/20260923_200415/historico.json,180.0,1,180.0,600.0,1,0
1,3,113,dia_turno_curso,6_N_CS,57,12420,82570,OPTIMAL,185468.5,185468.5,False,185468.5,2.65,2.32,600.0,6,N,CS,alfabetica,iteracao,dia_turno_curso,180.0,180.0,600.0,14400.0,False,False,alfabetica,,alfabetica,,./dados/2024_1/horarios_2024_1.xlsx,./dados/2024_1/salas_2024_1.csv,./dados/2024_1/salas_preferenciais_2024.1.xlsx,/Users/robertdrey/Documents/workspace/development/alocador_de_salas,resultados/experimentos/2024_1/dia_turno_curso/20260923_200415/melhor_solucao.sol,resultados/experimentos/2024_1/dia_turno_curso/20260923_200415/historico.csv,resultados/experimentos/2024_1/dia_turno_curso/20260923_200415/historico.json,180.0,1,180.0,600.0,1,0
1,3,114,dia_turno_curso,6_N_EAS,83,15456,79534,OPTIMAL,185468.5,185468.5,False,185468.5,2.23,1.92,600.0,6,N,EAS,alfabetica,iteracao,dia_turno_curso,180.0,180.0,600.0,14400.0,False,False,alfabetica,,alfabetica,,./dados/2024_1/horarios_2024_1.xlsx,./dados/2024_1/salas_2024_1.csv,./dados/2024_1/salas_preferenciais_2024.1.xlsx,/Users/robertdrey/Documents/workspace/development/alocador_de_salas,resultados/experimentos/2024_1/dia_turno_curso/20260923_200415/melhor_solucao.sol,resultados/experimentos/2024_1/dia_turno_curso/20260923_200415/historico.csv,resultados/experimentos/2024_1/dia_turno_curso/20260923_200415/historico.json,180.0,1,180.0,600.0,1,0
1,3,115,dia_turno_curso,6_N_FIL,51,10810,84180,OPTIMAL,185468.5,185468.5,False,185468.5,1.57,1.26,600.0,6,N,FIL,alfabetica,iteracao,dia_turno_curso,180.0,180.0,600.0,14400.0,False,False,alfabetica,,alfabetica,,./dados/2024_1/horarios_2024_1.xlsx,./dados/2024_1/salas_2024_1.csv,./dados/2024_1/salas_preferenciais_2024.1.xlsx,/Users/robertdrey/Documents/workspace/development/alocador_de_salas,resultados/experimentos/2024_1/dia_turno_curso/20260923_200415/melhor_solucao.sol,resultados/experimentos/2024_1/dia_turno_curso/20260923_200415/historico.csv,resultados/experimentos/2024_1/dia_turno_curso/20260923_200415/historico.json,180.0,1,180.0,600.0,1,0
1,3,116,dia_turno_curso,6_N_GEO,47,10304,84686,OPTIMAL,185468.5,185468.5,False,185468.5,1.63,1.31,600.0,6,N,GEO,alfabetica,iteracao,dia_turno_curso,180.0,180.0,600.0,14400.0,False,False,alfabetica,,alfabetica,,./dados/2024_1/horarios_2024_1.xlsx,./dados/2024_1/salas_2024_1.csv,./dados/2024_1/salas_preferenciais_2024.1.xlsx,/Users/robertdrey/Documents/workspace/development/alocador_de_salas,resultados/experimentos/2024_1/dia_turno_curso/20260923_200415/melhor_solucao.sol,resultados/experimentos/2024_1/dia_turno_curso/20260923_200415/historico.csv,resultados/experimentos/2024_1/dia_turno_curso/20260923_200415/historico.json,180.0,1,180.0,600.0,1,0
1,3,117,dia_turno_curso,6_N_HIS,59,12650,82340,OPTIMAL,185468.5,185468.5,False,185468.5,1.74,1.42,600.0,6,N,HIS,alfabetica,iteracao,dia_turno_curso,180.0,180.0,600.0,14400.0,False,False,alfabetica,,alfabetica,,./dados/2024_1/horarios_2024_1.xlsx,./dados/2024_1/salas_2024_1.csv,./dados/2024_1/salas_preferenciais_2024.1.xlsx,/Users/robertdrey/Documents/workspace/development/alocador_de_salas,resultados/experimentos/2024_1/dia_turno_curso/20260923_200415/melhor_solucao.sol,resultados/experimentos/2024_1/dia_turno_curso/20260923_200415/historico.csv,resultados/experimentos/2024_1/dia_turno_curso/20260923_200415/historico.json,180.0,1,180.0,600.0,1,0
1,3,118,dia_turno_curso,6_N_LET,69,16376,78614,OPTIMAL,185468.5,185468.5,False,185468.5,4.22,3.91,600.0,6,N,LET,alfabetica,iteracao,dia_turno_curso,180.0,180.0,600.0,14400.0,False,False,alfabetica,,alfabetica,,./dados/2024_1/horarios_2024_1.xlsx,./dados/2024_1/salas_2024_1.csv,./dados/2024_1/salas_preferenciais_2024.1.xlsx,/Users/robertdrey/Documents/workspace/development/alocador_de_salas,resultados/experimentos/2024_1/dia_turno_curso/20260923_200415/melhor_solucao.sol,resultados/experimentos/2024_1/dia_turno_curso/20260923_200415/historico.csv,resultados/experimentos/2024_1/dia_turno_curso/20260923_200415/historico.json,180.0,1,180.0,600.0,1,0
1,3,119,dia_turno_curso,6_N_MAT,58,12834,82156,OPTIMAL,185468.5,185468.5,False,185468.5,2.18,1.85,600.0,6,N,MAT,alfabetica,iteracao,dia_turno_curso,180.0,180.0,600.0,14400.0,False,False,alfabetica,,alfabetica,,./dados/2024_1/horarios_2024_1.xlsx,./dados/2024_1/salas_2024_1.csv,./dados/2024_1/salas_preferenciais_2024.1.xlsx,/Users/robertdrey/Documents/workspace/development/alocador_de_salas,resultados/experimentos/2024_1/dia_turno_curso/20260923_200415/melhor_solucao.sol,resultados/experimentos/2024_1/dia_turno_curso/20260923_200415/historico.csv,resultados/experimentos/2024_1/dia_turno_curso/20260923_200415/historico.json,180.0,1,180.0,600.0,1,0
1,3,120,dia_turno_curso,6_N_PED,89,20286,74704,OPTIMAL,185468.5,185468.5,False,185468.5,17.38,17.06,600.0,6,N,PED,alfabetica,iteracao,dia_turno_curso,180.0,180.0,600.0,14400.0,False,False,alfabetica,,alfabetica,,./dados/2024_1/horarios_2024_1.xlsx,./dados/2024_1/salas_2024_1.csv,./dados/2024_1/salas_preferenciais_2024.1.xlsx,/Users/robertdrey/Documents/workspace/development/alocador_de_salas,resultados/experimentos/2024_1/dia_turno_curso/20260923_200415/melhor_solucao.sol,resultados/experimentos/2024_1/dia_turno_curso/20260923_200415/historico.csv,resultados/experimentos/2024_1/dia_turno_curso/20260923_200415/historico.json,180.0,1,180.0,600.0,1,0
1,3,121,dia_turno_curso,7_M_AGRO,68,15870,79120,OPTIMAL,185468.5,185468.5,False,185468.5,4.17,3.86,600.0,7,M,AGRO,alfabetica,iteracao,dia_turno_curso,180.0,180.0,600.0,14400.0,False,False,alfabetica,,alfabetica,,./dados/2024_1/horarios_2024_1.xlsx,./dados/2024_1/salas_2024_1.csv,./dados/2024_1/salas_preferenciais_2024.1.xlsx,/Users/robertdrey/Documents/workspace/development/alocador_de_salas,resultados/experimentos/2024_1/dia_turno_curso/20260923_200415/melhor_solucao.sol,resultados/experimentos/2024_1/dia_turno_curso/20260923_200415/historico.csv,resultados/experimentos/2024_1/dia_turno_curso/20260923_200415/historico.json,180.0,1,180.0,600.0,1,0
1,3,122,dia_turno_curso,7_M_CC,63,17480,77510,OPTIMAL,185468.5,185468.5,False,185468.5,2.62,2.28,600.0,7,M,CC,alfabetica,iteracao,dia_turno_curso,180.0,180.0,600.0,14400.0,False,False,alfabetica,,alfabetica,,./dados/2024_1/horarios_2024_1.xlsx,./dados/2024_1/salas_2024_1.csv,./dados/2024_1/salas_preferenciais_2024.1.xlsx,/Users/robertdrey/Documents/workspace/development/alocador_de_salas,resultados/experimentos/2024_1/dia_turno_curso/20260923_200415/melhor_solucao.sol,resultados/experimentos/2024_1/dia_turno_curso/20260923_200415/historico.csv,resultados/experimentos/2024_1/dia_turno_curso/20260923_200415/historico.json,180.0,1,180.0,600.0,1,0
1,3,123,dia_turno_curso,7_M_CS,40,12742,82248,OPTIMAL,185468.5,185468.5,False,185468.5,1.31,0.95,600.0,7,M,CS,alfabetica,iteracao,dia_turno_curso,180.0,180.0,600.0,14400.0,False,False,alfabetica,,alfabetica,,./dados/2024_1/horarios_2024_1.xlsx,./dados/2024_1/salas_2024_1.csv,./dados/2024_1/salas_preferenciais_2024.1.xlsx,/Users/robertdrey/Documents/workspace/development/alocador_de_salas,resultados/experimentos/2024_1/dia_turno_curso/20260923_200415/melhor_solucao.sol,resultados/experimentos/2024_1/dia_turno_curso/20260923_200415/historico.csv,resultados/experimentos/2024_1/dia_turno_curso/20260923_200415/historico.json,180.0,1,180.0,600.0,1,0
1,3,124,dia_turno_curso,7_M_GEO,28,10258,84732,OPTIMAL,185468.5,185468.5,False,185468.5,1.08,0.76,600.0,7,M,GEO,alfabetica,iteracao,dia_turno_curso,180.0,180.0,600.0,14400.0,False,False,alfabetica,,alfabetica,,./dados/2024_1/horarios_2024_1.xlsx,./dados/2024_1/salas_2024_1.csv,./dados/2024_1/salas_preferenciais_2024.1.xlsx,/Users/robertdrey/Documents/workspace/development/alocador_de_salas,resultados/experimentos/2024_1/dia_turno_curso/20260923_200415/melhor_solucao.sol,resultados/experimentos/2024_1/dia_turno_curso/20260923_200415/historico.csv,resultados/experimentos/2024_1/dia_turno_curso/20260923_200415/historico.json,180.0,1,180.0,600.0,1,0
1,3,125,dia_turno_curso,7_M_HIS,41,12420,82570,OPTIMAL,185468.5,185468.5,False,185468.5,1.01,0.7,600.0,7,M,HIS,alfabetica,iteracao,dia_turno_curso,180.0,180.0,600.0,14400.0,False,False,alfabetica,,alfabetica,,./dados/2024_1/horarios_2024_1.xlsx,./dados/2024_1/salas_2024_1.csv,./dados/2024_1/salas_preferenciais_2024.1.xlsx,/Users/robertdrey/Documents/workspace/development/alocador_de_salas,resultados/experimentos/2024_1/dia_turno_curso/20260923_200415/melhor_solucao.sol,resultados/experimentos/2024_1/dia_turno_curso/20260923_200415/historico.csv,resultados/experimentos/2024_1/dia_turno_curso/20260923_200415/historico.json,180.0,1,180.0,600.0,1,0
1,3,126,dia_turno_curso,7_M_MAT,40,12604,82386,OPTIMAL,185468.5,185468.5,False,185468.5,1.23,0.91,600.0,7,M,MAT,alfabetica,iteracao,dia_turno_curso,180.0,180.0,600.0,14400.0,False,False,alfabetica,,alfabetica,,./dados/2024_1/horarios_2024_1.xlsx,./dados/2024_1/salas_2024_1.csv,./dados/2024_1/salas_preferenciais_2024.1.xlsx,/Users/robertdrey/Documents/workspace/development/alocador_de_salas,resultados/experimentos/2024_1/dia_turno_curso/20260923_200415/melhor_solucao.sol,resultados/experimentos/2024_1/dia_turno_curso/20260923_200415/historico.csv,resultados/experimentos/2024_1/dia_turno_curso/20260923_200415/historico.json,180.0,1,180.0,600.0,1,0
1,3,127,dia_turno_curso,7_M_MED,59,17480,77510,OPTIMAL,185468.5,185468.5,False,185468.5,2.25,1.91,600.0,7,M,MED,alfabetica,iteracao,dia_turno_curso,180.0,180.0,600.0,14400.0,False,False,alfabetica,,alfabetica,,./dados/2024_1/horarios_2024_1.xlsx,./dados/2024_1/salas_2024_1.csv,./dados/2024_1/salas_preferenciais_2024.1.xlsx,/Users/robertdrey/Documents/workspace/development/alocador_de_salas,resultados/experimentos/2024_1/dia_turno_curso/20260923_200415/melhor_solucao.sol,resultados/experimentos/2024_1/dia_turno_curso/20260923_200415/historico.csv,resultados/experimentos/2024_1/dia_turno_curso/20260923_200415/historico.json,180.0,1,180.0,600.0,1,0
1,3,128,dia_turno_curso,7_M_PED,68,17572,77418,OPTIMAL,185468.5,185468.5,False,185468.5,23.11,22.74,600.0,7,M,PED,alfabetica,iteracao,dia_turno_curso,180.0,180.0,600.0,14400.0,False,False,alfabetica,,alfabetica,,./dados/2024_1/horarios_2024_1.xlsx,./dados/2024_1/salas_2024_1.csv,./dados/2024_1/salas_preferenciais_2024.1.xlsx,/Users/robertdrey/Documents/workspace/development/alocador_de_salas,resultados/experimentos/2024_1/dia_turno_curso/20260923_200415/melhor_solucao.sol,resultados/experimentos/2024_1/dia_turno_curso/20260923_200415/historico.csv,resultados/experimentos/2024_1/dia_turno_curso/20260923_200415/historico.json,180.0,1,180.0,600.0,1,0
1,3,129,dia_turno_curso,7_T_AGRO,58,12144,82846,OPTIMAL,185468.5,185468.5,False,185468.5,4.02,3.67,600.0,7,T,AGRO,alfabetica,iteracao,dia_turno_curso,180.0,180.0,600.0,14400.0,False,False,alfabetica,,alfabetica,,./dados/2024_1/horarios_2024_1.xlsx,./dados/2024_1/salas_2024_1.csv,./dados/2024_1/salas_preferenciais_2024.1.xlsx,/Users/robertdrey/Documents/workspace/development/alocador_de_salas,resultados/experimentos/2024_1/dia_turno_curso/20260923_200415/melhor_solucao.sol,resultados/experimentos/2024_1/dia_turno_curso/20260923_200415/historico.csv,resultados/experimentos/2024_1/dia_turno_curso/20260923_200415/historico.json,180.0,1,180.0,600.0,1,0
1,3,130,dia_turno_curso,7_T_CC,53,13754,81236,OPTIMAL,185468.5,185468.5,False,185468.5,3.02,2.68,600.0,7,T,CC,alfabetica,iteracao,dia_turno_curso,180.0,180.0,600.0,14400.0,False,False,alfabetica,,alfabetica,,./dados/2024_1/horarios_2024_1.xlsx,./dados/2024_1/salas_2024_1.csv,./dados/2024_1/salas_preferenciais_2024.1.xlsx,/Users/robertdrey/Documents/workspace/development/alocador_de_salas,resultados/experimentos/2024_1/dia_turno_curso/20260923_200415/melhor_solucao.sol,resultados/experimentos/2024_1/dia_turno_curso/20260923_200415/historico.csv,resultados/experimentos/2024_1/dia_turno_curso/20260923_200415/historico.json,180.0,1,180.0,600.0,1,0
1,3,131,dia_turno_curso,7_T_HIS,32,9246,85744,OPTIMAL,185468.5,185468.5,False,185468.5,0.81,0.49,600.0,7,T,HIS,alfabetica,iteracao,dia_turno_curso,180.0,180.0,600.0,14400.0,False,False,alfabetica,,alfabetica,,./dados/2024_1/horarios_2024_1.xlsx,./dados/2024_1/salas_2024_1.csv,./dados/2024_1/salas_preferenciais_2024.1.xlsx,/Users/robertdrey/Documents/workspace/development/alocador_de_salas,resultados/experimentos/2024_1/dia_turno_curso/20260923_200415/melhor_solucao.sol,resultados/experimentos/2024_1/dia_turno_curso/20260923_200415/historico.csv,resultados/experimentos/2024_1/dia_turno_curso/20260923_200415/historico.json,180.0,1,180.0,600.0,1,0
1,3,132,dia_turno_curso,7_T_PED,62,15640,79350,OPTIMAL,185468.5,185468.5,False,185468.5,32.82,32.5,600.0,7,T,PED,alfabetica,iteracao,dia_turno_curso,180.0,180.0,600.0,14400.0,False,False,alfabetica,,alfabetica,,./dados/2024_1/horarios_2024_1.xlsx,./dados/2024_1/salas_2024_1.csv,./dados/2024_1/salas_preferenciais_2024.1.xlsx,/Users/robertdrey/Documents/workspace/development/alocador_de_salas,resultados/experimentos/2024_1/dia_turno_curso/20260923_200415/melhor_solucao.sol,resultados/experimentos/2024_1/dia_turno_curso/20260923_200415/historico.csv,resultados/experimentos/2024_1/dia_turno_curso/20260923_200415/historico.json,180.0,1,180.0,600.0,1,0
1,3,133,dia_turno_curso,7_N_AGRO,53,10028,84962,OPTIMAL,185468.5,185468.5,False,185468.5,4.39,4.05,600.0,7,N,AGRO,alfabetica,iteracao,dia_turno_curso,180.0,180.0,600.0,14400.0,False,False,alfabetica,,alfabetica,,./dados/2024_1/horarios_2024_1.xlsx,./dados/2024_1/salas_2024_1.csv,./dados/2024_1/salas_preferenciais_2024.1.xlsx,/Users/robertdrey/Documents/workspace/development/alocador_de_salas,resultados/experimentos/2024_1/dia_turno_curso/20260923_200415/melhor_solucao.sol,resultados/experimentos/2024_1/dia_turno_curso/20260923_200415/historico.csv,resultados/experimentos/2024_1/dia_turno_curso/20260923_200415/historico.json,180.0,1,180.0,600.0,1,0
1,3,134,dia_turno_curso,7_N_HIS,26,6532,88458,OPTIMAL,185468.5,185468.5,False,185468.5,0.72,0.39,600.0,7,N,HIS,alfabetica,iteracao,dia_turno_curso,180.0,180.0,600.0,14400.0,False,False,alfabetica,,alfabetica,,./dados/2024_1/horarios_2024_1.xlsx,./dados/2024_1/salas_2024_1.csv,./dados/2024_1/salas_preferenciais_2024.1.xlsx,/Users/robertdrey/Documents/workspace/development/alocador_de_salas,resultados/experimentos/2024_1/dia_turno_curso/20260923_200415/melhor_solucao.sol,resultados/experimentos/2024_1/dia_turno_curso/20260923_200415/historico.csv,resultados/experimentos/2024_1/dia_turno_curso/20260923_200415/historico.json,180.0,1,180.0,600.0,1,0
1,3,135,dia_turno_curso,7_N_PED,58,14168,80822,OPTIMAL,185468.5,185468.5,False,185468.5,34.92,34.59,600.0,7,N,PED,alfabetica,iteracao,dia_turno_curso,180.0,180.0,600.0,14400.0,False,False,alfabetica,,alfabetica,,./dados/2024_1/horarios_2024_1.xlsx,./dados/2024_1/salas_2024_1.csv,./dados/2024_1/salas_preferenciais_2024.1.xlsx,/Users/robertdrey/Documents/workspace/development/alocador_de_salas,resultados/experimentos/2024_1/dia_turno_curso/20260923_200415/melhor_solucao.sol,resultados/experimentos/2024_1/dia_turno_curso/20260923_200415/historico.csv,resultados/experimentos/2024_1/dia_turno_curso/20260923_200415/historico.json,180.0,1,180.0,600.0,1,0
