Agrupamento!
Curso:  ADMINISTRAÇÃO
Disciplina 1: GCS528_1 | ('2M2345 (04/03/2024 - 29/04/2024)',)
Disciplina 2: GCH087_1 | ('2M2345 (06/05/2024 - 01/07/2024)',)
Agrupamento!
Curso:  ENFERMAGEM
Disciplina 1: GCH090_1 | ('3T1234 (06/05/2024 - 06/07/2024)',)
Disciplina 2: GSA020_1 | ('3T1234 (04/03/2024 - 04/05/2024)',)
Agrupamento!
Curso:  ENGENHARIA AMBIENTAL E SANITÁRIA
Disciplina 1: GEN108_1 | ('2T345 (04/03/2024 - 11/05/2024),  2T345 6T45 (13/05/2024 - 06/07/2024),  2T34 (08/07/2024 - 13/07/2024)',)
Disciplina 2: GEN107_1 | ('5T123 6T45 (04/03/2024 - 11/05/2024),  5T123 (13/05/2024 - 13/07/2024)',)
Agrupamento!
Curso:  LETRAS - PORTUGUÊS E ESPANHOL
Disciplina 1: GLA369_1 | ('2N1234 (15/04/2024 - 15/06/2024),  2T12  2N1234 (17/06/2024 - 22/06/2024)',)
Disciplina 2: GCH837_2 | ('2T12345  2N1234 (04/03/2024 - 13/04/2024),  2T12345 (15/04/2024 - 04/05/2024),  2T12345 (27/05/2024 - 08/06/2024),  2T12345 (10/06/2024 - 15/06/2024),  2N1234 (24/06/2024 - 13/07/2024)',)
Agrupamento!
Curso:  LETRAS - PORTUGUÊS E ESPANHOL
Disciplina 1: GLA381_1 | ('4N1234 (08/04/2024 - 11/05/2024),  4T1234  4N1234 (13/05/2024 - 25/05/2024),  4N1234 (27/05/2024 - 13/07/2024)',)
Disciplina 2: GLA379_1 | ('4N1234 (04/03/2024 - 06/04/2024),   2N1234 (08/04/2024 - 13/04/2024),  2N1234 (29/04/2024 - 11/05/2024), 2N1234 (24/06/2024 - 24/06/2024)',)
Agrupamento!
Curso:  LETRAS - PORTUGUÊS E ESPANHOL
Disciplina 1: GLA380_1 | ('6N1234 (20/05/2024 - 01/06/2024),  6T1234  6N1234 (03/06/2024 - 08/06/2024),  6N1234 (10/06/2024 - 13/07/2024)',)
Disciplina 2: GLA384_1 | ('6T12  6N1234 (04/03/2024 - 09/03/2024),  6N1234 (11/03/2024 - 18/05/2024)',)
Agrupamento!
Curso:  LETRAS - PORTUGUÊS E ESPANHOL
Disciplina 1: GLA383_1 | ('2N1234 (04/03/2024 - 06/04/2024),  2N1234 (15/04/2024 - 27/04/2024),  2N1234 (13/05/2024 - 22/06/2024),  2N1234 (01/07/2024 - 13/07/2024)',)
Disciplina 2: GLA379_1 | ('4N1234 (04/03/2024 - 06/04/2024),   2N1234 (08/04/2024 - 13/04/2024),  2N1234 (29/04/2024 - 11/05/2024), 2N1234 (24/06/2024 - 24/06/2024)',)
Agrupamento!
Curso:  LETRAS - PORTUGUÊS E ESPANHOL
Disciplina 1: GLA386_1 | ('3N1234 (29/04/2024 - 06/07/2024),  3N12 (08/07/2024 - 13/07/2024)',)
Disciplina 2: GLA385_1 | ('3T12345  3N1234 (04/03/2024 - 16/03/2024),  3N1234 (18/03/2024 - 27/04/2024)',)
Agrupamento!
Curso:  LETRAS - PORTUGUÊS E ESPANHOL
Disciplina 1: GLA395_1 | ('2T1234  2N1234 (04/03/2024 - 23/03/2024),  2T1234 (25/03/2024 - 30/03/2024),  2N1234 (01/07/2024 - 13/07/2024)',)
Disciplina 2: GLA397_1 | ('2N1234 (25/03/2024 - 01/06/2024),  2N12 (03/06/2024 - 08/06/2024)',)
Agrupamento!
Curso:  MATEMÁTICA
Disciplina 1: GEX983_1 | ('6N1234 (04/03/2024 - 26/04/2024),  6N12 (03/05/2024 - 03/05/2024)',)
Disciplina 2: GEX980_1 | ('6N1234 (17/05/2024 - 24/05/2024),  6N1234 (07/06/2024 - 05/07/2024),  6N12 (12/07/2024 - 12/07/2024)',)
Agrupamento!
Curso:  MATEMÁTICA
Disciplina 1: GEX989_1 | ('4N1234 (13/03/2024 - 13/03/2024),  4N1234 (10/04/2024 - 10/04/2024),  4N1234 (08/05/2024 - 08/05/2024),  4N1234 (22/05/2024 - 22/05/2024),  4N1234 (12/06/2024 - 12/06/2024),  2N1234 (17/06/2024 - 17/06/2024),  24N1234 (24/06/2024 - 26/06/2024),  2N1234 (01/07/2024 - 01/07/2024)',)
Disciplina 2: GEX988_1 | ('2N1234 (04/03/2024 - 10/06/2024)',)
Agrupamento!
Curso:  MATEMÁTICA
Disciplina 1: GEX996_1 | ('2N1234 (04/03/2024 - 04/03/2024),  2N1234 (18/03/2024 - 18/03/2024),  2N1234 (01/04/2024 - 01/04/2024),  2N1234 (15/04/2024 - 15/04/2024),  2N1234 (29/04/2024 - 29/04/2024),  2N1234 (13/05/2024 - 13/05/2024),  2N1234 (27/05/2024 - 27/05/2024),  2N1234 (10/06/2024 - 10/06/2024),  2N1234 (24/06/2024 - 24/06/2024)',)
Disciplina 2: GEX995_1 | ('2N1234 (11/03/2024 - 11/03/2024),  2T2345  2N1234 (25/03/2024 - 25/03/2024),  2T2345 (01/04/2024 - 01/04/2024),  2T2345  2N1234 (08/04/2024 - 08/04/2024),  2T2345 (15/04/2024 - 15/04/2024),  2T2345  2N1234 (22/04/2024 - 22/04/2024),  2T2345 (29/04/2024 - 29/04/2024),  2T2345  2N1234 (06/05/2024 - 06/05/2024),  2T2345 (13/05/2024 - 13/05/2024),  2T2345  2N1234 (20/05/2024 - 20/05/2024),  2T2345 (27/05/2024 - 27/05/2024),  2T2345  2N1234 (03/06/2024 - 03/06/2024),  2T2345 (10/06/2024 - 10/06/2024),  2T2345  2N1234 (17/06/2024 - 17/06/2024),  2T2345 (24/06/2024 - 24/06/2024),  2N12 (01/07/2024 - 01/07/2024)',)
Agrupamento!
Curso:  MEDICINA
Disciplina 1: GSA286_1 | ('4T1234 (06/03/2024 - 06/03/2024),  4T1234 (20/03/2024 - 20/03/2024),  4T1234 (03/04/2024 - 03/04/2024),  4T1234 (17/04/2024 - 17/04/2024),  4T1234 (08/05/2024 - 08/05/2024),  4T1234 (22/05/2024 - 22/05/2024),  4T1234 (29/05/2024 - 29/05/2024),  4T1234 (12/06/2024 - 12/06/2024),  4T1234 (26/06/2024 - 26/06/2024)',)
Disciplina 2: GSA285_1 | ('4T12345 (05/06/2024 - 05/06/2024),  4T12345 (19/06/2024 - 19/06/2024),  4T12345 (03/07/2024 - 03/07/2024),  4T123 (10/07/2024 - 10/07/2024)',)
Agrupamento!
Curso:  PEDAGOGIA
Disciplina 1: GCH1036_1 | ('5M1234 (28/03/2024 - 28/03/2024), 5M1234 (02/05/2024 - 02/05/2024), 5M1234 (06/06/2024 - 06/06/2024), 5M1234 (20/06/2024 - 20/06/2024), 5M12 (27/06/2024 - 27/06/2024)',)
Disciplina 2: GCH1100_1 | ('5M1234 (04/03/2024 - 21/03/2024), 5M1234 (04/04/2024 - 25/04/2024), 5M1234 (09/05/2024 - 09/05/2024), 5M1234 (16/05/2024 - 16/05/2024)',)
Agrupamento!
Curso:  PEDAGOGIA
Disciplina 1: GCH1039_1 | ('4N1234 (27/03/2024 - 27/03/2024),  4N1234 (08/05/2024 - 08/05/2024),  4N1234 (27/05/2024 - 08/06/2024),  4N12 (12/06/2024 - 12/06/2024)',)
Disciplina 2: GCH1038_1 | ('4N1234 (04/03/2024 - 23/03/2024),  4N1234 (01/04/2024 - 27/04/2024),  4N1234 (13/05/2024 - 25/05/2024)',)
Agrupamento!
Curso:  PEDAGOGIA
Disciplina 1: GCH1099_1 | ('6M1234 (04/03/2024 - 23/03/2024), 6M1234 (08/04/2024 - 04/05/2024), 6M1234 (13/05/2024 - 01/06/2024), 6M1234 (14/06/2024 - 14/06/2024), 6M34 (28/06/2024 - 28/06/2024), 6M1234 (01/07/2024 - 13/07/2024)',)
Disciplina 2: GCH1088_1 | ('6M1234 (01/04/2024 - 06/04/2024), 6M1234 (06/05/2024 - 11/05/2024), 6M1234 (03/06/2024 - 08/06/2024), 6M1234 (17/06/2024 - 22/06/2024), 6M12 (24/06/2024 - 29/06/2024)',)
Agrupamento!
Curso:  PEDAGOGIA
Disciplina 1: GCH1105_1 | ('3N1234 (04/03/2024 - 30/03/2024), 7M123456  3N1234 (01/07/2024 - 13/07/2024)',)
Disciplina 2: GCH1104_1 | ('3N1234 (01/04/2024 - 27/04/2024),  3N1234 (06/05/2024 - 18/05/2024)',)
Agrupamento!
Curso:  PEDAGOGIA
Disciplina 1: GCH1106_1 | ('2N1234 (25/03/2024 - 25/03/2024),  2N1234 (29/04/2024 - 29/04/2024),  2N1234 (27/05/2024 - 27/05/2024),  2N1234 (10/06/2024 - 10/06/2024),  2N12 (17/06/2024 - 17/06/2024)',)
Disciplina 2: GCH1102_1 | ('2N1234 (04/03/2024 - 23/03/2024),  2N1234 (01/04/2024 - 27/04/2024),  2N1234 (06/05/2024 - 25/05/2024),  2N1234 (03/06/2024 - 03/06/2024),  2N34 (17/06/2024 - 17/06/2024),  2N1234 (24/06/2024 - 06/07/2024)',)
Agrupamento!
Curso:  PEDAGOGIA
Disciplina 1: GCH1109_1 | ('3M1234 (06/05/2024 - 06/07/2024)',)
Disciplina 2: GCH1108_1 | ('3M1234 (04/03/2024 - 04/05/2024)',)
Agrupamento!
Curso:  PEDAGOGIA
Disciplina 1: GCH1111_1 | ('5M1234 (28/03/2024 - 28/03/2024), 5M1234 (02/05/2024 - 02/05/2024), 5M1234 (06/06/2024 - 06/06/2024), 5M1234 (20/06/2024 - 20/06/2024), 5M12 (27/06/2024 - 27/06/2024)',)
Disciplina 2: GCH837_3 | ('57M12345 (04/03/2024 - 23/03/2024), 57M12345 (01/04/2024 - 27/04/2024), 5M12345 (06/05/2024 - 25/05/2024), 57M12345 (13/06/2024 - 15/06/2024), 5M345 (27/06/2024 - 27/06/2024), 5M12345 (01/07/2024 - 13/07/2024)',)
Agrupamento!
Curso:  PEDAGOGIA
Disciplina 1: GCH1114_1 | ('7M2345  5N1234 (06/05/2024 - 25/05/2024), 7M2345  5N1234 (27/05/2024 - 08/06/2024),  5N1234 (10/06/2024 - 13/07/2024)',)
Disciplina 2: GCH1115_1 | ('7M2345  5N1234 (04/03/2024 - 23/03/2024),  5N1234 (25/03/2024 - 20/04/2024), 7M2345  5N1234 (22/04/2024 - 04/05/2024)',)
Agrupamento!
Curso:  PEDAGOGIA
Disciplina 1: GCH1116_1 | ('4N1234 (27/03/2024 - 27/03/2024),  4N1234 (08/05/2024 - 08/05/2024),  4N1234 (05/06/2024 - 05/06/2024),  4N1234 (19/06/2024 - 19/06/2024),  4N12 (26/06/2024 - 26/06/2024)',)
Disciplina 2: GCH1113_1 | ('4N1234 (04/03/2024 - 23/03/2024),  4N1234 (01/04/2024 - 27/04/2024),  4N1234 (13/05/2024 - 01/06/2024),  4N1234 (12/06/2024 - 12/06/2024),  4N34 (26/06/2024 - 26/06/2024), 7M123456  7T123  4N1234 (01/07/2024 - 13/07/2024)',)
Agrupamento!
Curso:  PEDAGOGIA
Disciplina 1: GLA240_1 | ('5M1234 (04/03/2024 - 04/05/2024)',)
Disciplina 2: GCH1119_1 | ('5M1234 (06/05/2024 - 13/07/2024)',)
Agrupamento!
Curso:  PEDAGOGIA
Disciplina 1: GEX776_1 | ('6M1234 (13/05/2024 - 13/07/2024)',)
Disciplina 2: GCH1118_1 | ('6M1234 (04/03/2024 - 11/05/2024)',)
Agrupamento!
Curso:  PEDAGOGIA
Disciplina 1: GCH1121_1 | ('7M2345 (09/03/2024 - 09/03/2024),  4N1234 (13/03/2024 - 13/03/2024), 7M2345 (16/03/2024 - 16/03/2024), 7M2345 (23/03/2024 - 23/03/2024),  4N1234 (10/04/2024 - 10/04/2024),  4N1234 (08/05/2024 - 08/05/2024),  4N1234 (22/05/2024 - 22/05/2024),  4N1234 (12/06/2024 - 12/06/2024),  4N1234 (26/06/2024 - 26/06/2024)',)
Disciplina 2: GEX777_1 | ('4N1234 (06/03/2024 - 06/03/2024),  4N1234 (18/03/2024 - 06/04/2024),  4N1234 (15/04/2024 - 27/04/2024), 7M2345  4N1234 (15/05/2024 - 18/05/2024), 7M2345  4N1234 (27/05/2024 - 08/06/2024), 7M2345  4N1234 (19/06/2024 - 22/06/2024), 7M2345  4N1234 (01/07/2024 - 13/07/2024)',)
Agrupamento!
Curso:  PEDAGOGIA
Disciplina 1: GCH1126_1 | ('2N1234 (25/03/2024 - 25/03/2024),  2N1234 (29/04/2024 - 29/04/2024),  2N1234 (27/05/2024 - 27/05/2024),  2N1234 (10/06/2024 - 10/06/2024),  2N12 (17/06/2024 - 17/06/2024)',)
Disciplina 2: GCH1122_1 | ('2N1234 (04/03/2024 - 23/03/2024),  2N1234 (01/04/2024 - 27/04/2024),  2N1234 (06/05/2024 - 06/05/2024),  2N1234 (13/05/2024 - 13/05/2024),  7T2345 (18/05/2024 - 18/05/2024),  2N1234 (20/05/2024 - 20/05/2024),  7T2345 (25/05/2024 - 25/05/2024),  7T2345 (01/06/2024 - 01/06/2024),  2N1234 (03/06/2024 - 03/06/2024),  7T2345 (08/06/2024 - 08/06/2024),  2N1234 (24/06/2024 - 13/07/2024)',)
Agrupamento!
Curso:  PEDAGOGIA
Disciplina 1: GCH1134_1 | ('3N1234 (26/03/2024 - 26/03/2024),  3N1234 (30/04/2024 - 30/04/2024),  3N1234 (21/05/2024 - 01/06/2024),  3N12 (04/06/2024 - 04/06/2024)',)
Disciplina 2: GCH1132_1 | ('3N1234 (04/03/2024 - 23/03/2024),  3N1234 (01/04/2024 - 27/04/2024),  3N1234 (06/05/2024 - 18/05/2024)',)
Agrupamentos:  27
Set parameter Username
Set parameter LicenseID to value 2851439
Academic license - for non-commercial use only - expires 2027-08-04
Set parameter TimeLimit to value 25200
Set parameter TimeLimit to value 180
Set parameter MIPFocus to value 1
Set parameter NoRelHeurTime to value 180
Gurobi Optimizer version 10.0.2 build v10.0.2rc0 (mac64[arm])

CPU model: Apple M5
Thread count: 10 physical cores, 10 logical processors, using up to 10 threads

Optimize a model with 548706 rows, 284763 columns and 1341935 nonzeros
Model fingerprint: 0x554225e6
Variable types: 0 continuous, 284763 integer (264707 binary)
Coefficient statistics:
  Matrix range     [1e+00, 8e+01]
  Objective range  [5e-01, 2e+03]
  Bounds range     [1e+00, 1e+00]
  RHS range        [1e+00, 1e+02]
Found heuristic solution: objective 4130000.0000
Presolve removed 258478 rows and 68178 columns
Presolve time: 1.64s
Presolved: 290228 rows, 216585 columns, 898474 nonzeros
Variable types: 0 continuous, 216585 integer (216585 binary)
Found heuristic solution: objective 3264725.0000
Starting NoRel heuristic
Found heuristic solution: objective 3264325.0000
Found heuristic solution: objective 1205379.0000
Found heuristic solution: objective 1168629.0000
Found heuristic solution: objective 1167689.0000
Found heuristic solution: objective 1014507.5000
Found heuristic solution: objective 1001215.0000
Found heuristic solution: objective 980986.50000
Found heuristic solution: objective 961056.50000
Found heuristic solution: objective 958228.00000
Found heuristic solution: objective 916147.00000
Elapsed time for NoRel heuristic: 6s (best bound -3.1692e+06)
Found heuristic solution: objective 878620.00000
Found heuristic solution: objective 870740.00000
Found heuristic solution: objective 844845.00000
Found heuristic solution: objective 810575.50000
Found heuristic solution: objective 801066.00000
Found heuristic solution: objective 500264.00000
Found heuristic solution: objective 499864.00000
Found heuristic solution: objective 489746.00000
Found heuristic solution: objective 470090.50000
Found heuristic solution: objective 466390.50000
Found heuristic solution: objective 455585.50000
Found heuristic solution: objective 449164.50000
Found heuristic solution: objective 440196.00000
Found heuristic solution: objective 435634.50000
Found heuristic solution: objective 418926.00000
Found heuristic solution: objective 414821.00000
Found heuristic solution: objective 411606.00000
Found heuristic solution: objective 410262.50000
Elapsed time for NoRel heuristic: 11s (best bound -2.80555e+06)
Found heuristic solution: objective 406462.50000
Found heuristic solution: objective 400876.00000
Found heuristic solution: objective 367801.50000
Found heuristic solution: objective 366830.00000
Found heuristic solution: objective 363434.50000
Found heuristic solution: objective 361914.00000
Found heuristic solution: objective 361384.50000
Found heuristic solution: objective 361084.50000
Found heuristic solution: objective 356589.00000
Found heuristic solution: objective 350552.00000
Found heuristic solution: objective 324668.00000
Found heuristic solution: objective 292767.50000
Found heuristic solution: objective 290377.00000
Elapsed time for NoRel heuristic: 16s (best bound -2.73885e+06)
Found heuristic solution: objective 289797.00000
Found heuristic solution: objective 288797.00000
Found heuristic solution: objective 287547.00000
Found heuristic solution: objective 285877.00000
Found heuristic solution: objective 285492.00000
Found heuristic solution: objective 283407.50000
Found heuristic solution: objective 279425.00000
Found heuristic solution: objective 277334.50000
Found heuristic solution: objective 275884.50000
Found heuristic solution: objective 275584.50000
Elapsed time for NoRel heuristic: 22s (best bound -2.35215e+06)
Found heuristic solution: objective 274804.50000
Found heuristic solution: objective 274304.50000
Found heuristic solution: objective 273764.50000
Found heuristic solution: objective 271257.50000
Found heuristic solution: objective 270139.00000
Found heuristic solution: objective 269539.00000
Found heuristic solution: objective 255639.00000
Found heuristic solution: objective 254829.00000
Found heuristic solution: objective 251338.00000
Elapsed time for NoRel heuristic: 27s (best bound -2.18035e+06)
Found heuristic solution: objective 250938.00000
Found heuristic solution: objective 249513.00000
Found heuristic solution: objective 248763.00000
Found heuristic solution: objective 247303.00000
Found heuristic solution: objective 246158.00000
Found heuristic solution: objective 241998.50000
Found heuristic solution: objective 239900.50000
Elapsed time for NoRel heuristic: 32s (best bound -1.91715e+06)
Found heuristic solution: objective 237641.00000
Found heuristic solution: objective 233357.00000
Found heuristic solution: objective 232451.50000
Found heuristic solution: objective 231921.50000
Found heuristic solution: objective 231421.50000
Found heuristic solution: objective 231296.50000
Found heuristic solution: objective 229526.50000
Found heuristic solution: objective 227472.50000
Elapsed time for NoRel heuristic: 39s (best bound -1.66275e+06)
Found heuristic solution: objective 221368.00000
Found heuristic solution: objective 218695.00000
Found heuristic solution: objective 218195.00000
Found heuristic solution: objective 218175.00000
Found heuristic solution: objective 217930.00000
Found heuristic solution: objective 217273.00000
Found heuristic solution: objective 216016.00000
Elapsed time for NoRel heuristic: 44s (best bound -1.34295e+06)
Found heuristic solution: objective 212777.50000
Found heuristic solution: objective 209085.50000
Found heuristic solution: objective 207924.00000
Found heuristic solution: objective 206557.50000
Elapsed time for NoRel heuristic: 50s (best bound -727700)
Found heuristic solution: objective 204211.00000
Found heuristic solution: objective 201797.50000
Found heuristic solution: objective 201772.50000
Found heuristic solution: objective 201486.50000
Found heuristic solution: objective 201417.00000
Found heuristic solution: objective 200153.50000
Found heuristic solution: objective 199528.00000
Found heuristic solution: objective 199493.00000
Elapsed time for NoRel heuristic: 56s (best bound -401250)
Found heuristic solution: objective 199052.00000
Found heuristic solution: objective 198921.00000
Found heuristic solution: objective 197249.50000
Found heuristic solution: objective 196489.00000
Elapsed time for NoRel heuristic: 62s (best bound -266050)
Found heuristic solution: objective 196219.00000
Found heuristic solution: objective 196199.00000
Found heuristic solution: objective 195437.00000
Found heuristic solution: objective 194981.50000
Found heuristic solution: objective 194941.50000
Found heuristic solution: objective 194682.00000
Found heuristic solution: objective 194302.00000
Found heuristic solution: objective 194287.00000
Found heuristic solution: objective 193982.00000
Elapsed time for NoRel heuristic: 68s (best bound -120700)
Found heuristic solution: objective 193873.00000
Found heuristic solution: objective 193778.00000
Found heuristic solution: objective 193673.00000
Found heuristic solution: objective 193623.00000
Found heuristic solution: objective 193338.00000
Found heuristic solution: objective 192857.50000
Found heuristic solution: objective 192847.50000
Elapsed time for NoRel heuristic: 75s (best bound -66073)
Found heuristic solution: objective 192665.00000
Found heuristic solution: objective 192469.00000
Found heuristic solution: objective 192309.00000
Found heuristic solution: objective 192274.00000
Found heuristic solution: objective 192158.00000
Found heuristic solution: objective 191498.50000
Elapsed time for NoRel heuristic: 82s (best bound 45150.8)
Found heuristic solution: objective 191313.50000
Found heuristic solution: objective 191233.50000
Found heuristic solution: objective 190440.50000
Elapsed time for NoRel heuristic: 88s (best bound 57397.7)
Found heuristic solution: objective 190317.50000
Found heuristic solution: objective 190302.50000
Found heuristic solution: objective 190212.50000
Elapsed time for NoRel heuristic: 94s (best bound 62189.5)
Found heuristic solution: objective 190117.50000
Found heuristic solution: objective 189962.00000
Found heuristic solution: objective 189754.50000
Found heuristic solution: objective 189739.50000
Found heuristic solution: objective 189729.50000
Elapsed time for NoRel heuristic: 100s (best bound 67724.5)
Found heuristic solution: objective 189517.50000
Found heuristic solution: objective 189292.50000
Elapsed time for NoRel heuristic: 110s (best bound 74682.5)
Found heuristic solution: objective 189232.00000
Found heuristic solution: objective 189227.00000
Found heuristic solution: objective 189218.50000
Found heuristic solution: objective 189012.00000
Found heuristic solution: objective 188954.50000
Elapsed time for NoRel heuristic: 115s (best bound 79242.5)
Found heuristic solution: objective 188706.50000
Found heuristic solution: objective 188661.50000
Elapsed time for NoRel heuristic: 121s (best bound 82085)
Found heuristic solution: objective 188576.50000
Found heuristic solution: objective 188423.50000
Elapsed time for NoRel heuristic: 127s (best bound 85715)
Found heuristic solution: objective 187842.50000
Elapsed time for NoRel heuristic: 133s (best bound 89597.5)
Found heuristic solution: objective 187460.00000
Elapsed time for NoRel heuristic: 141s (best bound 94363)
Found heuristic solution: objective 187205.00000
Elapsed time for NoRel heuristic: 148s (best bound 97632.5)
Found heuristic solution: objective 187190.00000
Found heuristic solution: objective 187178.50000
Elapsed time for NoRel heuristic: 156s (best bound 99456.2)
Found heuristic solution: objective 187147.50000
Found heuristic solution: objective 187132.50000
Elapsed time for NoRel heuristic: 165s (best bound 102589)
Found heuristic solution: objective 187097.50000
Found heuristic solution: objective 187082.50000
Elapsed time for NoRel heuristic: 175s (best bound 105074)
Found heuristic solution: objective 187047.50000
Found heuristic solution: objective 186761.50000
NoRel heuristic complete

Explored 0 nodes (0 simplex iterations) in 180.19 seconds (149.79 work units)
Thread count was 10 (of 10 available processors)

Solution count 10: 186762 187048 187082 ... 187460

Time limit reached
Best objective 1.867615000000e+05, best bound 1.085456666667e+05, gap 41.8801%
Solução -> não <- ótima.
Set parameter TimeLimit to value 25200
Set parameter TimeLimit to value 600
Set parameter NoRelHeurTime to value 0
Gurobi Optimizer version 10.0.2 build v10.0.2rc0 (mac64[arm])

CPU model: Apple M5
Thread count: 10 physical cores, 10 logical processors, using up to 10 threads

Optimize a model with 548706 rows, 284763 columns and 1341935 nonzeros
Model fingerprint: 0x44f384b9
Variable types: 0 continuous, 284763 integer (264707 binary)
Coefficient statistics:
  Matrix range     [1e+00, 8e+01]
  Objective range  [5e-01, 2e+03]
  Bounds range     [1e+00, 1e+00]
  RHS range        [1e+00, 1e+02]

User MIP start produced solution with objective 186762 (0.11s)
Loaded user MIP start with objective 186762
MIP start from previous solve did not produce a new incumbent solution

Presolve removed 545643 rows and 281991 columns
Presolve time: 0.17s
Presolved: 3063 rows, 2772 columns, 8709 nonzeros
Variable types: 0 continuous, 2772 integer (2772 binary)

Root relaxation: cutoff, 128 iterations, 0.00 seconds (0.00 work units)

    Nodes    |    Current Node    |     Objective Bounds      |     Work
 Expl Unexpl |  Obj  Depth IntInf | Incumbent    BestBd   Gap | It/Node Time

     0     0     cutoff    0      186761.500 186761.500  0.00%     -    0s

Explored 1 nodes (128 simplex iterations) in 0.30 seconds (0.83 work units)
Thread count was 10 (of 10 available processors)

Solution count 1: 186762 

Optimal solution found (tolerance 1.00e-04)
Best objective 1.867615000000e+05, best bound 1.867615000000e+05, gap 0.0000%
Solução ótima encontrada.
Set parameter TimeLimit to value 25200
Set parameter TimeLimit to value 600
Gurobi Optimizer version 10.0.2 build v10.0.2rc0 (mac64[arm])

CPU model: Apple M5
Thread count: 10 physical cores, 10 logical processors, using up to 10 threads

Optimize a model with 548706 rows, 284763 columns and 1341935 nonzeros
Model fingerprint: 0x86b1f335
Variable types: 0 continuous, 284763 integer (264707 binary)
Coefficient statistics:
  Matrix range     [1e+00, 8e+01]
  Objective range  [5e-01, 2e+03]
  Bounds range     [1e+00, 1e+00]
  RHS range        [1e+00, 1e+02]

User MIP start produced solution with objective 186762 (0.11s)
Loaded user MIP start with objective 186762
MIP start from previous solve did not produce a new incumbent solution

Presolve removed 547230 rows and 283531 columns
Presolve time: 0.15s
Presolved: 1476 rows, 1232 columns, 4114 nonzeros
Variable types: 0 continuous, 1232 integer (1232 binary)

Root relaxation: cutoff, 253 iterations, 0.00 seconds (0.00 work units)

    Nodes    |    Current Node    |     Objective Bounds      |     Work
 Expl Unexpl |  Obj  Depth IntInf | Incumbent    BestBd   Gap | It/Node Time

     0     0     cutoff    0      186761.500 186761.500  0.00%     -    0s

Explored 1 nodes (253 simplex iterations) in 0.28 seconds (0.83 work units)
Thread count was 10 (of 10 available processors)

Solution count 1: 186762 

Optimal solution found (tolerance 1.00e-04)
Best objective 1.867615000000e+05, best bound 1.867615000000e+05, gap 0.0000%
Solução ótima encontrada.
Set parameter TimeLimit to value 25200
Set parameter TimeLimit to value 600
Gurobi Optimizer version 10.0.2 build v10.0.2rc0 (mac64[arm])

CPU model: Apple M5
Thread count: 10 physical cores, 10 logical processors, using up to 10 threads

Optimize a model with 548706 rows, 284763 columns and 1341935 nonzeros
Model fingerprint: 0xab05a866
Variable types: 0 continuous, 284763 integer (264707 binary)
Coefficient statistics:
  Matrix range     [1e+00, 8e+01]
  Objective range  [5e-01, 2e+03]
  Bounds range     [1e+00, 1e+00]
  RHS range        [1e+00, 1e+02]

User MIP start produced solution with objective 186762 (0.11s)
Loaded user MIP start with objective 186762
MIP start from previous solve did not produce a new incumbent solution

Presolve removed 531625 rows and 270857 columns
Presolve time: 0.24s
Presolved: 17081 rows, 13906 columns, 50332 nonzeros
Variable types: 0 continuous, 13906 integer (13906 binary)

Root relaxation: objective 1.860095e+05, 2792 iterations, 0.05 seconds (0.10 work units)

    Nodes    |    Current Node    |     Objective Bounds      |     Work
 Expl Unexpl |  Obj  Depth IntInf | Incumbent    BestBd   Gap | It/Node Time

     0     0 186009.500    0  602 186761.500 186009.500  0.40%     -    0s
     0     0 186521.617    0  748 186761.500 186521.617  0.13%     -    0s
     0     0 186546.729    0  734 186761.500 186546.729  0.11%     -    0s
     0     0 186721.500    0  188 186761.500 186721.500  0.02%     -    0s
     0     0 186729.000    0  407 186761.500 186729.000  0.02%     -    0s
     0     0 186734.000    0  363 186761.500 186734.000  0.01%     -    0s
     0     0 186741.500    0  262 186761.500 186741.500  0.01%     -    0s
     0     0 186741.500    0   84 186761.500 186741.500  0.01%     -    0s
     0     0 186741.500    0  128 186761.500 186741.500  0.01%     -    0s
     0     0 186741.500    0   70 186761.500 186741.500  0.01%     -    0s
     0     0 186744.000    0   79 186761.500 186744.000  0.01%     -    0s

Cutting planes:
  Gomory: 3
  Clique: 10
  Zero half: 12
  RLT: 6
  BQP: 8

Explored 1 nodes (11270 simplex iterations) in 0.80 seconds (1.82 work units)
Thread count was 10 (of 10 available processors)

Solution count 1: 186762 

Optimal solution found (tolerance 1.00e-04)
Best objective 1.867615000000e+05, best bound 1.867440000000e+05, gap 0.0094%
Solução ótima encontrada.
Set parameter TimeLimit to value 25200
Set parameter TimeLimit to value 600
Gurobi Optimizer version 10.0.2 build v10.0.2rc0 (mac64[arm])

CPU model: Apple M5
Thread count: 10 physical cores, 10 logical processors, using up to 10 threads

Optimize a model with 548706 rows, 284763 columns and 1341935 nonzeros
Model fingerprint: 0x1ca089cc
Variable types: 0 continuous, 284763 integer (264707 binary)
Coefficient statistics:
  Matrix range     [1e+00, 8e+01]
  Objective range  [5e-01, 2e+03]
  Bounds range     [1e+00, 1e+00]
  RHS range        [1e+00, 1e+02]

User MIP start produced solution with objective 186762 (0.12s)
Loaded user MIP start with objective 186762
MIP start from previous solve did not produce a new incumbent solution

Presolve removed 536149 rows and 274796 columns
Presolve time: 0.23s
Presolved: 12557 rows, 9967 columns, 36397 nonzeros
Variable types: 0 continuous, 9967 integer (9967 binary)

Root relaxation: objective 1.864872e+05, 8840 iterations, 0.41 seconds (1.04 work units)

    Nodes    |    Current Node    |     Objective Bounds      |     Work
 Expl Unexpl |  Obj  Depth IntInf | Incumbent    BestBd   Gap | It/Node Time

     0     0 186487.250    0  336 186761.500 186487.250  0.15%     -    1s
     0     0 186521.625    0  901 186761.500 186521.625  0.13%     -    1s
     0     0 186521.625    0  282 186761.500 186521.625  0.13%     -    2s
     0     0 186527.500    0  614 186761.500 186527.500  0.13%     -    2s
     0     0 186530.000    0  624 186761.500 186530.000  0.12%     -    2s
     0     0 186567.606    0  588 186761.500 186567.606  0.10%     -    2s
     0     0 186583.500    0  300 186761.500 186583.500  0.10%     -    2s
     0     0 186586.955    0  531 186761.500 186586.955  0.09%     -    2s
     0     0 186587.500    0  314 186761.500 186587.500  0.09%     -    2s
     0     0 186588.250    0  328 186761.500 186588.250  0.09%     -    2s
     0     0 186588.500    0  335 186761.500 186588.500  0.09%     -    2s
     0     0 186603.374    0  741 186761.500 186603.374  0.08%     -    2s
     0     0 186603.374    0  117 186761.500 186603.374  0.08%     -    2s
     0     0 186603.374    0  271 186761.500 186603.374  0.08%     -    2s
     0     0 186603.374    0  177 186761.500 186603.374  0.08%     -    2s
     0     0 186604.750    0  244 186761.500 186604.750  0.08%     -    2s
     0     0 186606.183    0  247 186761.500 186606.183  0.08%     -    2s
     0     0 186606.987    0  291 186761.500 186606.987  0.08%     -    2s
     0     0 186606.995    0  293 186761.500 186606.995  0.08%     -    2s
     0     0 186633.218    0  217 186761.500 186633.218  0.07%     -    2s
     0     0 186634.811    0  217 186761.500 186634.811  0.07%     -    2s
     0     0 186638.135    0  201 186761.500 186638.135  0.07%     -    2s
     0     0 186638.792    0  216 186761.500 186638.792  0.07%     -    2s
     0     0 186638.948    0  211 186761.500 186638.948  0.07%     -    2s
     0     0 186647.668    0  204 186761.500 186647.668  0.06%     -    2s
     0     0 186649.700    0  209 186761.500 186649.700  0.06%     -    2s
     0     0 186649.951    0  213 186761.500 186649.951  0.06%     -    2s
     0     0 186650.579    0  209 186761.500 186650.579  0.06%     -    2s
     0     0 186650.890    0  146 186761.500 186650.890  0.06%     -    2s
     0     0 186651.090    0  213 186761.500 186651.090  0.06%     -    2s
     0     0 186651.157    0  213 186761.500 186651.157  0.06%     -    2s
     0     0 186655.787    0  211 186761.500 186655.787  0.06%     -    2s
     0     0 186656.786    0  199 186761.500 186656.786  0.06%     -    2s
     0     0 186656.956    0  208 186761.500 186656.956  0.06%     -    2s
     0     0 186656.962    0  203 186761.500 186656.962  0.06%     -    2s
     0     0 186657.143    0  189 186761.500 186657.143  0.06%     -    2s
     0     2 186657.321    0  187 186761.500 186657.321  0.06%     -    2s

Cutting planes:
  Implied bound: 14
  Clique: 60
  MIR: 1
  Zero half: 31
  RLT: 75
  BQP: 117

Explored 533 nodes (71739 simplex iterations) in 3.10 seconds (7.49 work units)
Thread count was 10 (of 10 available processors)

Solution count 1: 186762 

Optimal solution found (tolerance 1.00e-04)
Best objective 1.867615000000e+05, best bound 1.867595000000e+05, gap 0.0011%
Solução ótima encontrada.
Set parameter TimeLimit to value 25200
Set parameter TimeLimit to value 600
Gurobi Optimizer version 10.0.2 build v10.0.2rc0 (mac64[arm])

CPU model: Apple M5
Thread count: 10 physical cores, 10 logical processors, using up to 10 threads

Optimize a model with 548706 rows, 284763 columns and 1341935 nonzeros
Model fingerprint: 0x9e6f1454
Variable types: 0 continuous, 284763 integer (264707 binary)
Coefficient statistics:
  Matrix range     [1e+00, 8e+01]
  Objective range  [5e-01, 2e+03]
  Bounds range     [1e+00, 1e+00]
  RHS range        [1e+00, 1e+02]

User MIP start produced solution with objective 186762 (0.11s)
Loaded user MIP start with objective 186762
MIP start from previous solve did not produce a new incumbent solution

Presolve removed 527943 rows and 268031 columns
Presolve time: 0.26s
Presolved: 20763 rows, 16732 columns, 60480 nonzeros
Variable types: 0 continuous, 16732 integer (16732 binary)

Root relaxation: objective 1.866415e+05, 8853 iterations, 0.40 seconds (1.15 work units)

    Nodes    |    Current Node    |     Objective Bounds      |     Work
 Expl Unexpl |  Obj  Depth IntInf | Incumbent    BestBd   Gap | It/Node Time

     0     0 186641.500    0  457 186761.500 186641.500  0.06%     -    1s
     0     0 186641.500    0  457 186761.500 186641.500  0.06%     -    1s
     0     0 186641.500    0  214 186761.500 186641.500  0.06%     -    1s
     0     0 186644.167    0  328 186761.500 186644.167  0.06%     -    1s
     0     0 186650.355    0  308 186761.500 186650.355  0.06%     -    1s
H    0     0                    186726.50000 186650.355  0.04%     -    1s
     0     0 186650.678    0  294 186726.500 186650.678  0.04%     -    1s
     0     0 186652.288    0  339 186726.500 186652.288  0.04%     -    1s
     0     0 186652.870    0  305 186726.500 186652.870  0.04%     -    1s
     0     0 186652.870    0  301 186726.500 186652.870  0.04%     -    1s
H    0     0                    186724.50000 186652.870  0.04%     -    1s
     0     0 186654.606    0  335 186724.500 186654.606  0.04%     -    1s
     0     0 186654.763    0  350 186724.500 186654.763  0.04%     -    1s
     0     0 186654.941    0  349 186724.500 186654.941  0.04%     -    1s
     0     0 186654.992    0  343 186724.500 186654.992  0.04%     -    1s
     0     0 186655.038    0  327 186724.500 186655.038  0.04%     -    1s
     0     0 186656.064    0  290 186724.500 186656.064  0.04%     -    1s
     0     0 186656.356    0   93 186724.500 186656.356  0.04%     -    1s
     0     0 186656.356    0  198 186724.500 186656.356  0.04%     -    1s
     0     0 186656.356    0  255 186724.500 186656.356  0.04%     -    1s
     0     0 186656.356    0  251 186724.500 186656.356  0.04%     -    1s
     0     0 186656.356    0  265 186724.500 186656.356  0.04%     -    1s
     0     0 186656.356    0  274 186724.500 186656.356  0.04%     -    1s
     0     0 186656.750    0  236 186724.500 186656.750  0.04%     -    1s
     0     0 186656.750    0  234 186724.500 186656.750  0.04%     -    1s
     0     0 186657.083    0  275 186724.500 186657.083  0.04%     -    1s
     0     0 186657.083    0  269 186724.500 186657.083  0.04%     -    1s
     0     0 186657.300    0  296 186724.500 186657.300  0.04%     -    1s
     0     0 186657.332    0  282 186724.500 186657.332  0.04%     -    1s
     0     0 186657.439    0  295 186724.500 186657.439  0.04%     -    1s
     0     0 186657.439    0  296 186724.500 186657.439  0.04%     -    1s
     0     0 186657.754    0  274 186724.500 186657.754  0.04%     -    1s
     0     2 186657.789    0  217 186724.500 186657.789  0.04%     -    1s
H   72    56                    186716.50000 186658.792  0.03%   110    1s
*   79    46               8    186711.50000 186658.792  0.03%   105    1s

Cutting planes:
  Gomory: 2
  Clique: 6
  MIR: 5
  Zero half: 15
  RLT: 12
  BQP: 27

Explored 3436 nodes (171892 simplex iterations) in 3.78 seconds (7.96 work units)
Thread count was 10 (of 10 available processors)

Solution count 5: 186712 186716 186724 ... 186762

Optimal solution found (tolerance 1.00e-04)
Best objective 1.867115000000e+05, best bound 1.867115000000e+05, gap 0.0000%
Solução ótima encontrada.
Set parameter TimeLimit to value 25200
Set parameter TimeLimit to value 600
Gurobi Optimizer version 10.0.2 build v10.0.2rc0 (mac64[arm])

CPU model: Apple M5
Thread count: 10 physical cores, 10 logical processors, using up to 10 threads

Optimize a model with 548706 rows, 284763 columns and 1341935 nonzeros
Model fingerprint: 0x3972447e
Variable types: 0 continuous, 284763 integer (264707 binary)
Coefficient statistics:
  Matrix range     [1e+00, 8e+01]
  Objective range  [5e-01, 2e+03]
  Bounds range     [1e+00, 1e+00]
  RHS range        [1e+00, 1e+02]

User MIP start produced solution with objective 186712 (0.10s)
Loaded user MIP start with objective 186712
MIP start from previous solve did not produce a new incumbent solution

Presolve removed 531796 rows and 272596 columns
Presolve time: 0.23s
Presolved: 16910 rows, 12167 columns, 48625 nonzeros
Variable types: 0 continuous, 12167 integer (12167 binary)

Root relaxation: objective 1.860262e+05, 9667 iterations, 0.35 seconds (0.68 work units)

    Nodes    |    Current Node    |     Objective Bounds      |     Work
 Expl Unexpl |  Obj  Depth IntInf | Incumbent    BestBd   Gap | It/Node Time

     0     0 186026.250    0  646 186711.500 186026.250  0.37%     -    0s
     0     0 186052.107    0  751 186711.500 186052.107  0.35%     -    1s
     0     0 186055.167    0  617 186711.500 186055.167  0.35%     -    1s
     0     0 186055.167    0  627 186711.500 186055.167  0.35%     -    1s
     0     0 186070.156    0  753 186711.500 186070.156  0.34%     -    1s
     0     0 186087.917    0  745 186711.500 186087.917  0.33%     -    1s
     0     0 186087.917    0  745 186711.500 186087.917  0.33%     -    1s
     0     0 186103.738    0  819 186711.500 186103.738  0.33%     -    1s
     0     0 186105.889    0  654 186711.500 186105.889  0.32%     -    1s
     0     0 186106.857    0  629 186711.500 186106.857  0.32%     -    1s
     0     0 186106.857    0  631 186711.500 186106.857  0.32%     -    1s
     0     0 186114.038    0  680 186711.500 186114.038  0.32%     -    1s
H    0     0                    186301.50000 186116.847  0.10%     -    1s
     0     0 186116.847    0  758 186301.500 186116.847  0.10%     -    1s
H    0     0                    186256.50000 186117.616  0.07%     -    1s
     0     0 186117.616    0  689 186256.500 186117.616  0.07%     -    1s
     0     0 186117.750    0  642 186256.500 186117.750  0.07%     -    1s
     0     0 186117.750    0  764 186256.500 186117.750  0.07%     -    1s
     0     0 186119.667    0  795 186256.500 186119.667  0.07%     -    2s
     0     0 186119.667    0  402 186256.500 186119.667  0.07%     -    2s
     0     0 186119.667    0  366 186256.500 186119.667  0.07%     -    2s
     0     0 186119.667    0  417 186256.500 186119.667  0.07%     -    2s
     0     0 186120.389    0  405 186256.500 186120.389  0.07%     -    2s
     0     0 186122.556    0  430 186256.500 186122.556  0.07%     -    2s
     0     0 186122.556    0  431 186256.500 186122.556  0.07%     -    2s
     0     0 186125.700    0  448 186256.500 186125.700  0.07%     -    2s
     0     0 186125.700    0  218 186256.500 186125.700  0.07%     -    2s
     0     0 186125.700    0  247 186256.500 186125.700  0.07%     -    2s
     0     0 186125.700    0  295 186256.500 186125.700  0.07%     -    2s
     0     0 186125.755    0  284 186256.500 186125.755  0.07%     -    2s
     0     0 186126.333    0  282 186256.500 186126.333  0.07%     -    2s
     0     0 186127.136    0  308 186256.500 186127.136  0.07%     -    2s
     0     0 186132.500    0  230 186256.500 186132.500  0.07%     -    2s
     0     0 186144.000    0  230 186256.500 186144.000  0.06%     -    2s
     0     0 186161.500    0  200 186256.500 186161.500  0.05%     -    2s
     0     0 186163.000    0  271 186256.500 186163.000  0.05%     -    2s
     0     0 186163.000    0  274 186256.500 186163.000  0.05%     -    2s
     0     0 186196.500    0  243 186256.500 186196.500  0.03%     -    2s
     0     0 186196.500    0  203 186256.500 186196.500  0.03%     -    2s
     0     0 186196.500    0  171 186256.500 186196.500  0.03%     -    2s
     0     0 186196.500    0  222 186256.500 186196.500  0.03%     -    2s
     0     0 186196.500    0  257 186256.500 186196.500  0.03%     -    2s
     0     0 186196.500    0  236 186256.500 186196.500  0.03%     -    2s
     0     0 186196.500    0  260 186256.500 186196.500  0.03%     -    2s
     0     0 186196.500    0  243 186256.500 186196.500  0.03%     -    2s
     0     0 186196.500    0  257 186256.500 186196.500  0.03%     -    2s
     0     0 186196.500    0  264 186256.500 186196.500  0.03%     -    2s
     0     0 186196.500    0  264 186256.500 186196.500  0.03%     -    2s
     0     0 186209.000    0  268 186256.500 186209.000  0.03%     -    2s
     0     0 186209.000    0  270 186256.500 186209.000  0.03%     -    2s
     0     0 186209.000    0  268 186256.500 186209.000  0.03%     -    2s
     0     0 186216.500    0  276 186256.500 186216.500  0.02%     -    2s
     0     0 186216.500    0  165 186256.500 186216.500  0.02%     -    2s
     0     0 186216.500    0  205 186256.500 186216.500  0.02%     -    2s
     0     0 186216.500    0  197 186256.500 186216.500  0.02%     -    2s
     0     0 186216.500    0  195 186256.500 186216.500  0.02%     -    2s
     0     0 186216.500    0  216 186256.500 186216.500  0.02%     -    2s
     0     0 186216.500    0  212 186256.500 186216.500  0.02%     -    2s
     0     0 186242.375    0  171 186256.500 186242.375  0.01%     -    2s

Cutting planes:
  Gomory: 4
  Clique: 6
  MIR: 2
  Zero half: 38
  RLT: 16
  BQP: 11

Explored 1 nodes (29512 simplex iterations) in 2.64 seconds (5.44 work units)
Thread count was 10 (of 10 available processors)

Solution count 3: 186256 186302 186712 

Optimal solution found (tolerance 1.00e-04)
Best objective 1.862565000000e+05, best bound 1.862425000000e+05, gap 0.0075%
Solução ótima encontrada.
Set parameter TimeLimit to value 25200
Set parameter TimeLimit to value 600
Gurobi Optimizer version 10.0.2 build v10.0.2rc0 (mac64[arm])

CPU model: Apple M5
Thread count: 10 physical cores, 10 logical processors, using up to 10 threads

Optimize a model with 548706 rows, 284763 columns and 1341935 nonzeros
Model fingerprint: 0x01b74eb2
Variable types: 0 continuous, 284763 integer (264707 binary)
Coefficient statistics:
  Matrix range     [1e+00, 8e+01]
  Objective range  [5e-01, 2e+03]
  Bounds range     [1e+00, 1e+00]
  RHS range        [1e+00, 1e+02]

User MIP start produced solution with objective 186256 (0.10s)
Loaded user MIP start with objective 186256
MIP start from previous solve did not produce a new incumbent solution

Presolve removed 530530 rows and 271261 columns
Presolve time: 0.24s
Presolved: 18176 rows, 13502 columns, 51917 nonzeros
Variable types: 0 continuous, 13502 integer (13502 binary)

Root relaxation: objective 1.861584e+05, 9961 iterations, 0.27 seconds (0.57 work units)

    Nodes    |    Current Node    |     Objective Bounds      |     Work
 Expl Unexpl |  Obj  Depth IntInf | Incumbent    BestBd   Gap | It/Node Time

     0     0 186158.438    0  642 186256.500 186158.438  0.05%     -    0s
     0     0 186164.548    0  621 186256.500 186164.548  0.05%     -    0s
     0     0 186164.548    0  621 186256.500 186164.548  0.05%     -    0s
     0     0 186170.350    0  185 186256.500 186170.350  0.05%     -    0s
     0     0 186193.773    0  191 186256.500 186193.773  0.03%     -    0s
     0     0 186196.250    0   83 186256.500 186196.250  0.03%     -    0s
     0     0 186228.750    0   95 186256.500 186228.750  0.01%     -    0s

Explored 1 nodes (14582 simplex iterations) in 0.87 seconds (2.15 work units)
Thread count was 10 (of 10 available processors)

Solution count 1: 186256 

Optimal solution found (tolerance 1.00e-04)
Best objective 1.862565000000e+05, best bound 1.862565000000e+05, gap 0.0000%
Solução ótima encontrada.
Set parameter TimeLimit to value 25200
Set parameter TimeLimit to value 600
Gurobi Optimizer version 10.0.2 build v10.0.2rc0 (mac64[arm])

CPU model: Apple M5
Thread count: 10 physical cores, 10 logical processors, using up to 10 threads

Optimize a model with 548706 rows, 284763 columns and 1341935 nonzeros
Model fingerprint: 0x727fabf1
Variable types: 0 continuous, 284763 integer (264707 binary)
Coefficient statistics:
  Matrix range     [1e+00, 8e+01]
  Objective range  [5e-01, 2e+03]
  Bounds range     [1e+00, 1e+00]
  RHS range        [1e+00, 1e+02]

User MIP start produced solution with objective 186256 (0.10s)
Loaded user MIP start with objective 186256
MIP start from previous solve did not produce a new incumbent solution

Presolve removed 542315 rows and 279438 columns
Presolve time: 0.18s
Presolved: 6391 rows, 5325 columns, 18072 nonzeros
Variable types: 0 continuous, 5325 integer (5325 binary)

Root relaxation: objective 1.862515e+05, 1424 iterations, 0.02 seconds (0.04 work units)

    Nodes    |    Current Node    |     Objective Bounds      |     Work
 Expl Unexpl |  Obj  Depth IntInf | Incumbent    BestBd   Gap | It/Node Time

     0     0 186251.500    0  114 186256.500 186251.500  0.00%     -    0s

Explored 1 nodes (1979 simplex iterations) in 0.33 seconds (0.96 work units)
Thread count was 10 (of 10 available processors)

Solution count 1: 186256 

Optimal solution found (tolerance 1.00e-04)
Best objective 1.862565000000e+05, best bound 1.862515000000e+05, gap 0.0027%
Solução ótima encontrada.
Set parameter TimeLimit to value 25200
Set parameter TimeLimit to value 600
Gurobi Optimizer version 10.0.2 build v10.0.2rc0 (mac64[arm])

CPU model: Apple M5
Thread count: 10 physical cores, 10 logical processors, using up to 10 threads

Optimize a model with 548706 rows, 284763 columns and 1341935 nonzeros
Model fingerprint: 0xd0368f2a
Variable types: 0 continuous, 284763 integer (264707 binary)
Coefficient statistics:
  Matrix range     [1e+00, 8e+01]
  Objective range  [5e-01, 2e+03]
  Bounds range     [1e+00, 1e+00]
  RHS range        [1e+00, 1e+02]

User MIP start produced solution with objective 186256 (0.10s)
Loaded user MIP start with objective 186256
MIP start from previous solve did not produce a new incumbent solution

Presolve removed 542842 rows and 279698 columns
Presolve time: 0.18s
Presolved: 5864 rows, 5065 columns, 16574 nonzeros
Variable types: 0 continuous, 5065 integer (5065 binary)

Root relaxation: cutoff, 833 iterations, 0.01 seconds (0.02 work units)

    Nodes    |    Current Node    |     Objective Bounds      |     Work
 Expl Unexpl |  Obj  Depth IntInf | Incumbent    BestBd   Gap | It/Node Time

     0     0     cutoff    0      186256.500 186256.500  0.00%     -    0s

Explored 1 nodes (833 simplex iterations) in 0.31 seconds (0.93 work units)
Thread count was 10 (of 10 available processors)

Solution count 1: 186256 

Optimal solution found (tolerance 1.00e-04)
Best objective 1.862565000000e+05, best bound 1.862565000000e+05, gap 0.0000%
Solução ótima encontrada.
Set parameter TimeLimit to value 25200
Set parameter TimeLimit to value 600
Gurobi Optimizer version 10.0.2 build v10.0.2rc0 (mac64[arm])

CPU model: Apple M5
Thread count: 10 physical cores, 10 logical processors, using up to 10 threads

Optimize a model with 548706 rows, 284763 columns and 1341935 nonzeros
Model fingerprint: 0x7e8bc89e
Variable types: 0 continuous, 284763 integer (264707 binary)
Coefficient statistics:
  Matrix range     [1e+00, 8e+01]
  Objective range  [5e-01, 2e+03]
  Bounds range     [1e+00, 1e+00]
  RHS range        [1e+00, 1e+02]

User MIP start produced solution with objective 186256 (0.10s)
Loaded user MIP start with objective 186256
MIP start from previous solve did not produce a new incumbent solution

Presolve removed 530944 rows and 270846 columns
Presolve time: 0.17s
Presolved: 17762 rows, 13917 columns, 50019 nonzeros
Variable types: 0 continuous, 13917 integer (13917 binary)

Root relaxation: objective 1.862412e+05, 1262 iterations, 0.02 seconds (0.03 work units)

    Nodes    |    Current Node    |     Objective Bounds      |     Work
 Expl Unexpl |  Obj  Depth IntInf | Incumbent    BestBd   Gap | It/Node Time

     0     0 186241.167    0  243 186256.500 186241.167  0.01%     -    0s

Explored 1 nodes (2127 simplex iterations) in 0.34 seconds (1.00 work units)
Thread count was 10 (of 10 available processors)

Solution count 1: 186256 

Optimal solution found (tolerance 1.00e-04)
Best objective 1.862565000000e+05, best bound 1.862411666667e+05, gap 0.0082%
Solução ótima encontrada.
Set parameter TimeLimit to value 25200
Set parameter TimeLimit to value 600
Gurobi Optimizer version 10.0.2 build v10.0.2rc0 (mac64[arm])

CPU model: Apple M5
Thread count: 10 physical cores, 10 logical processors, using up to 10 threads

Optimize a model with 548706 rows, 284763 columns and 1341935 nonzeros
Model fingerprint: 0x7614d0e7
Variable types: 0 continuous, 284763 integer (264707 binary)
Coefficient statistics:
  Matrix range     [1e+00, 8e+01]
  Objective range  [5e-01, 2e+03]
  Bounds range     [1e+00, 1e+00]
  RHS range        [1e+00, 1e+02]

User MIP start produced solution with objective 186256 (0.10s)
Loaded user MIP start with objective 186256
MIP start from previous solve did not produce a new incumbent solution

Presolve removed 534894 rows and 273427 columns
Presolve time: 0.22s
Presolved: 13812 rows, 11336 columns, 40204 nonzeros
Variable types: 0 continuous, 11336 integer (11336 binary)

Root relaxation: objective 1.861160e+05, 4059 iterations, 0.09 seconds (0.16 work units)

    Nodes    |    Current Node    |     Objective Bounds      |     Work
 Expl Unexpl |  Obj  Depth IntInf | Incumbent    BestBd   Gap | It/Node Time

     0     0 186116.000    0  375 186256.500 186116.000  0.08%     -    0s
     0     0 186116.000    0  375 186256.500 186116.000  0.08%     -    0s
     0     0 186116.000    0  117 186256.500 186116.000  0.08%     -    0s
     0     0 186120.500    0   36 186256.500 186120.500  0.07%     -    0s
     0     0 186121.833    0  152 186256.500 186121.833  0.07%     -    0s
     0     0 186121.833    0  156 186256.500 186121.833  0.07%     -    0s
H    0     0                    186241.50000 186121.833  0.06%     -    0s
H    0     0                    186236.00000 186121.833  0.06%     -    0s
     0     0 186123.500    0  113 186236.000 186123.500  0.06%     -    0s
H    0     0                    186228.50000 186123.500  0.06%     -    0s
H    0     0                    186226.50000 186123.500  0.06%     -    0s
     0     0 186123.500    0   73 186226.500 186123.500  0.06%     -    0s
     0     0 186125.750    0  156 186226.500 186125.750  0.05%     -    0s
     0     0 186125.750    0  170 186226.500 186125.750  0.05%     -    0s
     0     0 186126.000    0  146 186226.500 186126.000  0.05%     -    0s
     0     2 186126.050    0  146 186226.500 186126.050  0.05%     -    0s
H   39    28                    186223.50000 186131.500  0.05%  24.8    0s

Cutting planes:
  Inf proof: 1
  Zero half: 10
  RLT: 3
  BQP: 10

Explored 550 nodes (15978 simplex iterations) in 0.69 seconds (1.68 work units)
Thread count was 10 (of 10 available processors)

Solution count 6: 186224 186226 186228 ... 186256

Optimal solution found (tolerance 1.00e-04)
Best objective 1.862235000000e+05, best bound 1.862235000000e+05, gap 0.0000%
Solução ótima encontrada.
Set parameter TimeLimit to value 25200
Set parameter TimeLimit to value 600
Gurobi Optimizer version 10.0.2 build v10.0.2rc0 (mac64[arm])

CPU model: Apple M5
Thread count: 10 physical cores, 10 logical processors, using up to 10 threads

Optimize a model with 548706 rows, 284763 columns and 1341935 nonzeros
Model fingerprint: 0xeac704af
Variable types: 0 continuous, 284763 integer (264707 binary)
Coefficient statistics:
  Matrix range     [1e+00, 8e+01]
  Objective range  [5e-01, 2e+03]
  Bounds range     [1e+00, 1e+00]
  RHS range        [1e+00, 1e+02]

User MIP start produced solution with objective 186224 (0.11s)
Loaded user MIP start with objective 186224
MIP start from previous solve did not produce a new incumbent solution

Presolve removed 529646 rows and 269707 columns
Presolve time: 0.24s
Presolved: 19060 rows, 15056 columns, 54685 nonzeros
Variable types: 0 continuous, 15056 integer (15056 binary)

Root relaxation: objective 1.857811e+05, 13023 iterations, 0.37 seconds (0.74 work units)

    Nodes    |    Current Node    |     Objective Bounds      |     Work
 Expl Unexpl |  Obj  Depth IntInf | Incumbent    BestBd   Gap | It/Node Time

     0     0 185781.111    0  762 186223.500 185781.111  0.24%     -    0s
     0     0 185781.111    0  792 186223.500 185781.111  0.24%     -    0s
     0     0 185781.120    0  780 186223.500 185781.120  0.24%     -    0s
     0     0 185781.120    0  725 186223.500 185781.120  0.24%     -    1s
     0     0 185983.331    0  776 186223.500 185983.331  0.13%     -    1s
     0     0 185983.953    0  760 186223.500 185983.953  0.13%     -    1s
     0     0 185985.026    0  768 186223.500 185985.026  0.13%     -    1s
     0     0 185985.052    0  767 186223.500 185985.052  0.13%     -    1s
H    0     0                    186220.50000 185985.052  0.13%     -    1s
     0     0 185993.454    0  795 186220.500 185993.454  0.12%     -    1s
     0     0 185994.727    0 1323 186220.500 185994.727  0.12%     -    2s
     0     0 185994.745    0 1320 186220.500 185994.745  0.12%     -    2s
     0     0 185994.768    0 1320 186220.500 185994.768  0.12%     -    2s
     0     0 185994.792    0 1283 186220.500 185994.792  0.12%     -    2s
     0     0 186099.067    0  748 186220.500 186099.067  0.07%     -    2s
     0     0 186099.067    0  526 186220.500 186099.067  0.07%     -    2s
     0     0 186106.750    0  583 186220.500 186106.750  0.06%     -    2s
     0     0 186109.118    0  723 186220.500 186109.118  0.06%     -    2s
     0     0 186109.500    0  545 186220.500 186109.500  0.06%     -    2s
     0     0 186161.077    0  462 186220.500 186161.077  0.03%     -    3s
     0     0 186162.426    0  495 186220.500 186162.426  0.03%     -    3s
     0     0 186162.750    0  393 186220.500 186162.750  0.03%     -    3s
     0     0 186218.532    0  697 186220.500 186218.532  0.00%     -    3s

Cutting planes:
  Gomory: 4
  Implied bound: 7
  Clique: 9
  MIR: 4
  Zero half: 28
  RLT: 57
  BQP: 20

Explored 1 nodes (50220 simplex iterations) in 3.10 seconds (6.42 work units)
Thread count was 10 (of 10 available processors)

Solution count 2: 186220 186224 

Optimal solution found (tolerance 1.00e-04)
Best objective 1.862205000000e+05, best bound 1.862185323344e+05, gap 0.0011%
Solução ótima encontrada.
Set parameter TimeLimit to value 25200
Set parameter TimeLimit to value 600
Gurobi Optimizer version 10.0.2 build v10.0.2rc0 (mac64[arm])

CPU model: Apple M5
Thread count: 10 physical cores, 10 logical processors, using up to 10 threads

Optimize a model with 548706 rows, 284763 columns and 1341935 nonzeros
Model fingerprint: 0x34cc83b4
Variable types: 0 continuous, 284763 integer (264707 binary)
Coefficient statistics:
  Matrix range     [1e+00, 8e+01]
  Objective range  [5e-01, 2e+03]
  Bounds range     [1e+00, 1e+00]
  RHS range        [1e+00, 1e+02]

User MIP start produced solution with objective 186220 (0.10s)
Loaded user MIP start with objective 186220
MIP start from previous solve did not produce a new incumbent solution

Presolve removed 543228 rows and 280125 columns
Presolve time: 0.20s
Presolved: 5478 rows, 4638 columns, 15500 nonzeros
Variable types: 0 continuous, 4638 integer (4638 binary)

Root relaxation: objective 1.861680e+05, 1041 iterations, 0.01 seconds (0.02 work units)

    Nodes    |    Current Node    |     Objective Bounds      |     Work
 Expl Unexpl |  Obj  Depth IntInf | Incumbent    BestBd   Gap | It/Node Time

     0     0 186168.000    0  195 186220.500 186168.000  0.03%     -    0s
     0     0 186168.000    0  195 186220.500 186168.000  0.03%     -    0s
     0     0 186168.000    0   51 186220.500 186168.000  0.03%     -    0s
     0     0 186175.500    0   77 186220.500 186175.500  0.02%     -    0s
H    0     0                    186205.50000 186175.500  0.02%     -    0s
H    0     0                    186190.50000 186175.500  0.01%     -    0s

Cutting planes:
  Gomory: 1
  Zero half: 2
  RLT: 3
  BQP: 1

Explored 1 nodes (1561 simplex iterations) in 0.38 seconds (0.98 work units)
Thread count was 10 (of 10 available processors)

Solution count 3: 186190 186206 186220 

Optimal solution found (tolerance 1.00e-04)
Best objective 1.861905000000e+05, best bound 1.861755000000e+05, gap 0.0081%
Solução ótima encontrada.
Set parameter TimeLimit to value 25200
Set parameter TimeLimit to value 600
Gurobi Optimizer version 10.0.2 build v10.0.2rc0 (mac64[arm])

CPU model: Apple M5
Thread count: 10 physical cores, 10 logical processors, using up to 10 threads

Optimize a model with 548706 rows, 284763 columns and 1341935 nonzeros
Model fingerprint: 0x4d25ca3f
Variable types: 0 continuous, 284763 integer (264707 binary)
Coefficient statistics:
  Matrix range     [1e+00, 8e+01]
  Objective range  [5e-01, 2e+03]
  Bounds range     [1e+00, 1e+00]
  RHS range        [1e+00, 1e+02]

User MIP start produced solution with objective 186190 (0.11s)
Loaded user MIP start with objective 186190
MIP start from previous solve did not produce a new incumbent solution

Presolve removed 545622 rows and 281970 columns
Presolve time: 0.16s
Presolved: 3084 rows, 2793 columns, 8771 nonzeros
Variable types: 0 continuous, 2793 integer (2793 binary)

Root relaxation: cutoff, 127 iterations, 0.00 seconds (0.00 work units)

    Nodes    |    Current Node    |     Objective Bounds      |     Work
 Expl Unexpl |  Obj  Depth IntInf | Incumbent    BestBd   Gap | It/Node Time

     0     0     cutoff    0      186190.500 186190.500  0.00%     -    0s

Explored 1 nodes (127 simplex iterations) in 0.29 seconds (0.83 work units)
Thread count was 10 (of 10 available processors)

Solution count 1: 186190 

Optimal solution found (tolerance 1.00e-04)
Best objective 1.861905000000e+05, best bound 1.861905000000e+05, gap 0.0000%
Solução ótima encontrada.
Set parameter TimeLimit to value 25200
Set parameter TimeLimit to value 600
Gurobi Optimizer version 10.0.2 build v10.0.2rc0 (mac64[arm])

CPU model: Apple M5
Thread count: 10 physical cores, 10 logical processors, using up to 10 threads

Optimize a model with 548706 rows, 284763 columns and 1341935 nonzeros
Model fingerprint: 0x46237a6c
Variable types: 0 continuous, 284763 integer (264707 binary)
Coefficient statistics:
  Matrix range     [1e+00, 8e+01]
  Objective range  [5e-01, 2e+03]
  Bounds range     [1e+00, 1e+00]
  RHS range        [1e+00, 1e+02]

User MIP start produced solution with objective 186190 (0.10s)
Loaded user MIP start with objective 186190
MIP start from previous solve did not produce a new incumbent solution

Presolve removed 547182 rows and 283480 columns
Presolve time: 0.15s
Presolved: 1524 rows, 1283 columns, 4258 nonzeros
Variable types: 0 continuous, 1283 integer (1283 binary)

Root relaxation: cutoff, 235 iterations, 0.00 seconds (0.00 work units)

    Nodes    |    Current Node    |     Objective Bounds      |     Work
 Expl Unexpl |  Obj  Depth IntInf | Incumbent    BestBd   Gap | It/Node Time

     0     0     cutoff    0      186190.500 186190.500  0.00%     -    0s

Explored 1 nodes (235 simplex iterations) in 0.28 seconds (0.83 work units)
Thread count was 10 (of 10 available processors)

Solution count 1: 186190 

Optimal solution found (tolerance 1.00e-04)
Best objective 1.861905000000e+05, best bound 1.861905000000e+05, gap 0.0000%
Solução ótima encontrada.
Set parameter TimeLimit to value 25200
Set parameter TimeLimit to value 600
Gurobi Optimizer version 10.0.2 build v10.0.2rc0 (mac64[arm])

CPU model: Apple M5
Thread count: 10 physical cores, 10 logical processors, using up to 10 threads

Optimize a model with 548706 rows, 284763 columns and 1341935 nonzeros
Model fingerprint: 0xe230c9f7
Variable types: 0 continuous, 284763 integer (264707 binary)
Coefficient statistics:
  Matrix range     [1e+00, 8e+01]
  Objective range  [5e-01, 2e+03]
  Bounds range     [1e+00, 1e+00]
  RHS range        [1e+00, 1e+02]

User MIP start produced solution with objective 186190 (0.12s)
Loaded user MIP start with objective 186190
MIP start from previous solve did not produce a new incumbent solution

Presolve removed 531593 rows and 270812 columns
Presolve time: 0.25s
Presolved: 17113 rows, 13951 columns, 50453 nonzeros
Variable types: 0 continuous, 13951 integer (13951 binary)

Root relaxation: objective 1.854385e+05, 2700 iterations, 0.05 seconds (0.09 work units)

    Nodes    |    Current Node    |     Objective Bounds      |     Work
 Expl Unexpl |  Obj  Depth IntInf | Incumbent    BestBd   Gap | It/Node Time

     0     0 185438.500    0  557 186190.500 185438.500  0.40%     -    0s
     0     0 185963.167    0  750 186190.500 185963.167  0.12%     -    0s
     0     0 185976.042    0  730 186190.500 185976.042  0.12%     -    0s
     0     0 185978.646    0  777 186190.500 185978.646  0.11%     -    0s
     0     0 186150.500    0  238 186190.500 186150.500  0.02%     -    0s
     0     0 186158.833    0  313 186190.500 186158.833  0.02%     -    0s
     0     0 186158.833    0  301 186190.500 186158.833  0.02%     -    0s
     0     0 186170.500    0  224 186190.500 186170.500  0.01%     -    0s
     0     0 186170.500    0   90 186190.500 186170.500  0.01%     -    0s
     0     0 186170.500    0  124 186190.500 186170.500  0.01%     -    0s
     0     0 186173.000    0   75 186190.500 186173.000  0.01%     -    0s

Cutting planes:
  Gomory: 5
  Clique: 7
  MIR: 3
  Zero half: 9
  RLT: 4
  BQP: 9

Explored 1 nodes (9653 simplex iterations) in 0.80 seconds (1.74 work units)
Thread count was 10 (of 10 available processors)

Solution count 1: 186190 

Optimal solution found (tolerance 1.00e-04)
Best objective 1.861905000000e+05, best bound 1.861730000000e+05, gap 0.0094%
Solução ótima encontrada.
Set parameter TimeLimit to value 25200
Set parameter TimeLimit to value 600
Gurobi Optimizer version 10.0.2 build v10.0.2rc0 (mac64[arm])

CPU model: Apple M5
Thread count: 10 physical cores, 10 logical processors, using up to 10 threads

Optimize a model with 548706 rows, 284763 columns and 1341935 nonzeros
Model fingerprint: 0x06200c31
Variable types: 0 continuous, 284763 integer (264707 binary)
Coefficient statistics:
  Matrix range     [1e+00, 8e+01]
  Objective range  [5e-01, 2e+03]
  Bounds range     [1e+00, 1e+00]
  RHS range        [1e+00, 1e+02]

User MIP start produced solution with objective 186190 (0.12s)
Loaded user MIP start with objective 186190
MIP start from previous solve did not produce a new incumbent solution

Presolve removed 536085 rows and 274762 columns
Presolve time: 0.23s
Presolved: 12621 rows, 10001 columns, 36530 nonzeros
Variable types: 0 continuous, 10001 integer (10001 binary)

Root relaxation: objective 1.859165e+05, 9824 iterations, 0.46 seconds (1.17 work units)

    Nodes    |    Current Node    |     Objective Bounds      |     Work
 Expl Unexpl |  Obj  Depth IntInf | Incumbent    BestBd   Gap | It/Node Time

     0     0 185916.500    0  342 186190.500 185916.500  0.15%     -    1s
     0     0 185947.250    0  816 186190.500 185947.250  0.13%     -    1s
     0     0 185947.250    0  504 186190.500 185947.250  0.13%     -    1s
     0     0 185951.643    0  770 186190.500 185951.643  0.13%     -    2s
     0     0 185951.643    0  709 186190.500 185951.643  0.13%     -    2s
     0     0 185956.643    0  709 186190.500 185956.643  0.13%     -    2s
     0     0 185996.137    0  730 186190.500 185996.137  0.10%     -    2s
     0     0 185996.137    0  132 186190.500 185996.137  0.10%     -    2s
     0     0 185996.137    0  251 186190.500 185996.137  0.10%     -    2s
     0     0 185996.137    0  224 186190.500 185996.137  0.10%     -    2s
     0     0 186005.944    0  151 186190.500 186005.944  0.10%     -    2s
     0     0 186006.000    0  136 186190.500 186006.000  0.10%     -    2s
     0     0 186017.972    0  275 186190.500 186017.972  0.09%     -    2s
     0     0 186023.250    0  145 186190.500 186023.250  0.09%     -    2s
     0     0 186023.563    0  146 186190.500 186023.563  0.09%     -    2s
H    0     0                    186188.50000 186023.563  0.09%     -    2s
     0     0 186034.141    0  252 186188.500 186034.141  0.08%     -    2s
     0     0 186046.250    0  124 186188.500 186046.250  0.08%     -    2s
     0     0 186048.167    0  253 186188.500 186048.167  0.08%     -    2s
     0     0 186049.833    0  258 186188.500 186049.833  0.07%     -    2s
     0     0 186050.333    0  252 186188.500 186050.333  0.07%     -    2s
     0     0 186050.462    0  263 186188.500 186050.462  0.07%     -    2s
     0     0 186052.300    0  171 186188.500 186052.300  0.07%     -    2s
     0     0 186058.870    0  227 186188.500 186058.870  0.07%     -    2s
     0     0 186058.917    0  208 186188.500 186058.917  0.07%     -    2s
     0     0 186059.735    0  207 186188.500 186059.735  0.07%     -    2s
     0     0 186059.750    0  226 186188.500 186059.750  0.07%     -    2s
     0     0 186060.814    0  205 186188.500 186060.814  0.07%     -    2s
     0     2 186061.314    0  203 186188.500 186061.314  0.07%     -    2s
*  413   148              15    186186.50000 186087.587  0.05%  40.1    2s

Cutting planes:
  Implied bound: 15
  Clique: 90
  MIR: 4
  Inf proof: 1
  Zero half: 36
  RLT: 57
  BQP: 66

Explored 5601 nodes (249358 simplex iterations) in 3.97 seconds (8.25 work units)
Thread count was 10 (of 10 available processors)

Solution count 3: 186186 186188 186190 

Optimal solution found (tolerance 1.00e-04)
Best objective 1.861865000000e+05, best bound 1.861865000000e+05, gap 0.0000%
Solução ótima encontrada.
Set parameter TimeLimit to value 25200
Set parameter TimeLimit to value 600
Gurobi Optimizer version 10.0.2 build v10.0.2rc0 (mac64[arm])

CPU model: Apple M5
Thread count: 10 physical cores, 10 logical processors, using up to 10 threads

Optimize a model with 548706 rows, 284763 columns and 1341935 nonzeros
Model fingerprint: 0x3967d653
Variable types: 0 continuous, 284763 integer (264707 binary)
Coefficient statistics:
  Matrix range     [1e+00, 8e+01]
  Objective range  [5e-01, 2e+03]
  Bounds range     [1e+00, 1e+00]
  RHS range        [1e+00, 1e+02]

User MIP start produced solution with objective 186186 (0.10s)
Loaded user MIP start with objective 186186
MIP start from previous solve did not produce a new incumbent solution

Presolve removed 527684 rows and 267922 columns
Presolve time: 0.25s
Presolved: 21022 rows, 16841 columns, 61199 nonzeros
Variable types: 0 continuous, 16841 integer (16841 binary)

Root relaxation: objective 1.861165e+05, 8819 iterations, 0.39 seconds (1.09 work units)

    Nodes    |    Current Node    |     Objective Bounds      |     Work
 Expl Unexpl |  Obj  Depth IntInf | Incumbent    BestBd   Gap | It/Node Time

     0     0 186116.500    0  350 186186.500 186116.500  0.04%     -    1s
     0     0 186116.500    0  350 186186.500 186116.500  0.04%     -    1s
     0     0 186116.500    0  139 186186.500 186116.500  0.04%     -    1s
     0     0 186116.500    0  148 186186.500 186116.500  0.04%     -    1s
     0     0 186119.000    0  154 186186.500 186119.000  0.04%     -    1s
     0     0 186119.000    0  188 186186.500 186119.000  0.04%     -    1s
     0     0 186120.800    0  224 186186.500 186120.800  0.04%     -    1s
     0     0 186121.800    0  239 186186.500 186121.800  0.03%     -    1s
     0     0 186123.000    0  245 186186.500 186123.000  0.03%     -    1s
     0     0 186125.500    0  137 186186.500 186125.500  0.03%     -    1s
     0     2 186126.000    0  101 186186.500 186126.000  0.03%     -    1s

Cutting planes:
  Gomory: 2
  MIR: 3
  Zero half: 11
  RLT: 14
  BQP: 23

Explored 1580 nodes (108388 simplex iterations) in 3.04 seconds (7.66 work units)
Thread count was 10 (of 10 available processors)

Solution count 1: 186186 

Optimal solution found (tolerance 1.00e-04)
Best objective 1.861865000000e+05, best bound 1.861740000000e+05, gap 0.0067%
Solução ótima encontrada.
Set parameter TimeLimit to value 25200
Set parameter TimeLimit to value 600
Gurobi Optimizer version 10.0.2 build v10.0.2rc0 (mac64[arm])

CPU model: Apple M5
Thread count: 10 physical cores, 10 logical processors, using up to 10 threads

Optimize a model with 548706 rows, 284763 columns and 1341935 nonzeros
Model fingerprint: 0x32cc268a
Variable types: 0 continuous, 284763 integer (264707 binary)
Coefficient statistics:
  Matrix range     [1e+00, 8e+01]
  Objective range  [5e-01, 2e+03]
  Bounds range     [1e+00, 1e+00]
  RHS range        [1e+00, 1e+02]

User MIP start produced solution with objective 186186 (0.10s)
Loaded user MIP start with objective 186186
MIP start from previous solve did not produce a new incumbent solution

Presolve removed 531804 rows and 272603 columns
Presolve time: 0.23s
Presolved: 16902 rows, 12160 columns, 48608 nonzeros
Variable types: 0 continuous, 12160 integer (12160 binary)

Root relaxation: objective 1.859748e+05, 9461 iterations, 0.29 seconds (0.55 work units)

    Nodes    |    Current Node    |     Objective Bounds      |     Work
 Expl Unexpl |  Obj  Depth IntInf | Incumbent    BestBd   Gap | It/Node Time

     0     0 185974.750    0  642 186186.500 185974.750  0.11%     -    0s
     0     0 185978.500    0  602 186186.500 185978.500  0.11%     -    0s
     0     0 185978.500    0  602 186186.500 185978.500  0.11%     -    0s
     0     0 185978.500    0  501 186186.500 185978.500  0.11%     -    1s
     0     0 186016.621    0  516 186186.500 186016.621  0.09%     -    1s
     0     0 186024.500    0  512 186186.500 186024.500  0.09%     -    1s
     0     0 186024.500    0  440 186186.500 186024.500  0.09%     -    1s
     0     0 186033.167    0  439 186186.500 186033.167  0.08%     -    1s
     0     0 186033.167    0  384 186186.500 186033.167  0.08%     -    1s
     0     0 186033.167    0  361 186186.500 186033.167  0.08%     -    1s
     0     0 186041.500    0  358 186186.500 186041.500  0.08%     -    1s
     0     0 186063.063    0  484 186186.500 186063.063  0.07%     -    1s
     0     0 186063.500    0  417 186186.500 186063.500  0.07%     -    1s
     0     0 186066.500    0  364 186186.500 186066.500  0.06%     -    1s
     0     0 186067.133    0  480 186186.500 186067.133  0.06%     -    1s
     0     0 186067.750    0  506 186186.500 186067.750  0.06%     -    1s
     0     0 186067.750    0  506 186186.500 186067.750  0.06%     -    1s
     0     0 186077.310    0  489 186186.500 186077.310  0.06%     -    1s
     0     0 186080.929    0  521 186186.500 186080.929  0.06%     -    1s
     0     0 186081.568    0  531 186186.500 186081.568  0.06%     -    1s
     0     0 186081.579    0  531 186186.500 186081.579  0.06%     -    1s
     0     0 186082.526    0  553 186186.500 186082.526  0.06%     -    1s
     0     0 186082.526    0  310 186186.500 186082.526  0.06%     -    1s
     0     0 186082.526    0  328 186186.500 186082.526  0.06%     -    1s
     0     0 186082.526    0  362 186186.500 186082.526  0.06%     -    1s
     0     0 186085.667    0  417 186186.500 186085.667  0.05%     -    1s
     0     0 186086.159    0  421 186186.500 186086.159  0.05%     -    1s
     0     0 186086.292    0  412 186186.500 186086.292  0.05%     -    1s
     0     0 186086.292    0  411 186186.500 186086.292  0.05%     -    1s
     0     0 186087.317    0  444 186186.500 186087.317  0.05%     -    1s
     0     0 186087.362    0  446 186186.500 186087.362  0.05%     -    1s
     0     0 186090.875    0  407 186186.500 186090.875  0.05%     -    1s
     0     0 186092.444    0  402 186186.500 186092.444  0.05%     -    1s
     0     0 186093.222    0  420 186186.500 186093.222  0.05%     -    1s
     0     0 186093.424    0  424 186186.500 186093.424  0.05%     -    1s
     0     0 186093.471    0  440 186186.500 186093.471  0.05%     -    1s
     0     0 186093.479    0  445 186186.500 186093.479  0.05%     -    1s
     0     0 186094.032    0  464 186186.500 186094.032  0.05%     -    1s
     0     0 186094.495    0  461 186186.500 186094.495  0.05%     -    1s
     0     0 186094.603    0  465 186186.500 186094.603  0.05%     -    1s
     0     0 186094.643    0  465 186186.500 186094.643  0.05%     -    1s
     0     0 186095.603    0  458 186186.500 186095.603  0.05%     -    1s
     0     0 186095.782    0  186 186186.500 186095.782  0.05%     -    1s
     0     0 186095.782    0  246 186186.500 186095.782  0.05%     -    1s
     0     0 186095.782    0  258 186186.500 186095.782  0.05%     -    1s
     0     0 186095.782    0  251 186186.500 186095.782  0.05%     -    1s
     0     0 186095.782    0  273 186186.500 186095.782  0.05%     -    1s
     0     0 186095.782    0  272 186186.500 186095.782  0.05%     -    1s
     0     0 186095.818    0  291 186186.500 186095.818  0.05%     -    1s
     0     0 186106.500    0  293 186186.500 186106.500  0.04%     -    1s
     0     0 186106.500    0  294 186186.500 186106.500  0.04%     -    1s

Cutting planes:
  Gomory: 5
  Cover: 1
  MIR: 7
  Zero half: 27
  Mod-K: 1
  RLT: 6
  BQP: 11

Explored 1 nodes (25105 simplex iterations) in 1.70 seconds (3.51 work units)
Thread count was 10 (of 10 available processors)

Solution count 1: 186186 

Optimal solution found (tolerance 1.00e-04)
Best objective 1.861865000000e+05, best bound 1.861715000000e+05, gap 0.0081%
Solução ótima encontrada.
Set parameter TimeLimit to value 25200
Set parameter TimeLimit to value 600
Gurobi Optimizer version 10.0.2 build v10.0.2rc0 (mac64[arm])

CPU model: Apple M5
Thread count: 10 physical cores, 10 logical processors, using up to 10 threads

Optimize a model with 548706 rows, 284763 columns and 1341935 nonzeros
Model fingerprint: 0x6c39d8c2
Variable types: 0 continuous, 284763 integer (264707 binary)
Coefficient statistics:
  Matrix range     [1e+00, 8e+01]
  Objective range  [5e-01, 2e+03]
  Bounds range     [1e+00, 1e+00]
  RHS range        [1e+00, 1e+02]

User MIP start produced solution with objective 186186 (0.10s)
Loaded user MIP start with objective 186186
MIP start from previous solve did not produce a new incumbent solution

Presolve removed 530729 rows and 271364 columns
Presolve time: 0.24s
Presolved: 17977 rows, 13399 columns, 51334 nonzeros
Variable types: 0 continuous, 13399 integer (13399 binary)

Root relaxation: objective 1.860878e+05, 11527 iterations, 0.35 seconds (0.74 work units)

    Nodes    |    Current Node    |     Objective Bounds      |     Work
 Expl Unexpl |  Obj  Depth IntInf | Incumbent    BestBd   Gap | It/Node Time

     0     0 186087.813    0  650 186186.500 186087.813  0.05%     -    0s
     0     0 186093.554    0  621 186186.500 186093.554  0.05%     -    0s
     0     0 186093.554    0  621 186186.500 186093.554  0.05%     -    0s
     0     0 186099.575    0  181 186186.500 186099.575  0.05%     -    0s
     0     0 186103.750    0  122 186186.500 186103.750  0.04%     -    0s
     0     0 186156.250    0  179 186186.500 186156.250  0.02%     -    0s
     0     0 186163.750    0   79 186186.500 186163.750  0.01%     -    0s

Cutting planes:
  Clique: 2
  MIR: 4
  Zero half: 9
  RLT: 5
  BQP: 2

Explored 1 nodes (16177 simplex iterations) in 0.91 seconds (2.30 work units)
Thread count was 10 (of 10 available processors)

Solution count 1: 186186 

Optimal solution found (tolerance 1.00e-04)
Best objective 1.861865000000e+05, best bound 1.861865000000e+05, gap 0.0000%
Solução ótima encontrada.
Set parameter TimeLimit to value 25200
Set parameter TimeLimit to value 600
Gurobi Optimizer version 10.0.2 build v10.0.2rc0 (mac64[arm])

CPU model: Apple M5
Thread count: 10 physical cores, 10 logical processors, using up to 10 threads

Optimize a model with 548706 rows, 284763 columns and 1341935 nonzeros
Model fingerprint: 0xb66804d6
Variable types: 0 continuous, 284763 integer (264707 binary)
Coefficient statistics:
  Matrix range     [1e+00, 8e+01]
  Objective range  [5e-01, 2e+03]
  Bounds range     [1e+00, 1e+00]
  RHS range        [1e+00, 1e+02]

User MIP start produced solution with objective 186186 (0.11s)
Loaded user MIP start with objective 186186
MIP start from previous solve did not produce a new incumbent solution

Presolve removed 542538 rows and 279575 columns
Presolve time: 0.19s
Presolved: 6168 rows, 5188 columns, 17453 nonzeros
Variable types: 0 continuous, 5188 integer (5188 binary)

Root relaxation: objective 1.861815e+05, 1236 iterations, 0.02 seconds (0.03 work units)

    Nodes    |    Current Node    |     Objective Bounds      |     Work
 Expl Unexpl |  Obj  Depth IntInf | Incumbent    BestBd   Gap | It/Node Time

     0     0 186181.500    0   70 186186.500 186181.500  0.00%     -    0s

Explored 1 nodes (1927 simplex iterations) in 0.36 seconds (0.96 work units)
Thread count was 10 (of 10 available processors)

Solution count 1: 186186 

Optimal solution found (tolerance 1.00e-04)
Best objective 1.861865000000e+05, best bound 1.861815000000e+05, gap 0.0027%
Solução ótima encontrada.
Set parameter TimeLimit to value 25200
Set parameter TimeLimit to value 600
Gurobi Optimizer version 10.0.2 build v10.0.2rc0 (mac64[arm])

CPU model: Apple M5
Thread count: 10 physical cores, 10 logical processors, using up to 10 threads

Optimize a model with 548706 rows, 284763 columns and 1341935 nonzeros
Model fingerprint: 0xba995453
Variable types: 0 continuous, 284763 integer (264707 binary)
Coefficient statistics:
  Matrix range     [1e+00, 8e+01]
  Objective range  [5e-01, 2e+03]
  Bounds range     [1e+00, 1e+00]
  RHS range        [1e+00, 1e+02]

User MIP start produced solution with objective 186186 (0.10s)
Loaded user MIP start with objective 186186
MIP start from previous solve did not produce a new incumbent solution

Presolve removed 542889 rows and 279747 columns
Presolve time: 0.18s
Presolved: 5817 rows, 5016 columns, 16438 nonzeros
Variable types: 0 continuous, 5016 integer (5016 binary)

Root relaxation: cutoff, 730 iterations, 0.01 seconds (0.01 work units)

    Nodes    |    Current Node    |     Objective Bounds      |     Work
 Expl Unexpl |  Obj  Depth IntInf | Incumbent    BestBd   Gap | It/Node Time

     0     0     cutoff    0      186186.500 186186.500  0.00%     -    0s

Explored 1 nodes (730 simplex iterations) in 0.31 seconds (0.92 work units)
Thread count was 10 (of 10 available processors)

Solution count 1: 186186 

Optimal solution found (tolerance 1.00e-04)
Best objective 1.861865000000e+05, best bound 1.861865000000e+05, gap 0.0000%
Solução ótima encontrada.
Set parameter TimeLimit to value 25200
Set parameter TimeLimit to value 600
Gurobi Optimizer version 10.0.2 build v10.0.2rc0 (mac64[arm])

CPU model: Apple M5
Thread count: 10 physical cores, 10 logical processors, using up to 10 threads

Optimize a model with 548706 rows, 284763 columns and 1341935 nonzeros
Model fingerprint: 0x2df758fe
Variable types: 0 continuous, 284763 integer (264707 binary)
Coefficient statistics:
  Matrix range     [1e+00, 8e+01]
  Objective range  [5e-01, 2e+03]
  Bounds range     [1e+00, 1e+00]
  RHS range        [1e+00, 1e+02]

User MIP start produced solution with objective 186186 (0.10s)
Loaded user MIP start with objective 186186
MIP start from previous solve did not produce a new incumbent solution

Presolve removed 530977 rows and 270881 columns
Presolve time: 0.17s
Presolved: 17729 rows, 13882 columns, 49921 nonzeros
Variable types: 0 continuous, 13882 integer (13882 binary)

Root relaxation: objective 1.861748e+05, 1274 iterations, 0.02 seconds (0.04 work units)

    Nodes    |    Current Node    |     Objective Bounds      |     Work
 Expl Unexpl |  Obj  Depth IntInf | Incumbent    BestBd   Gap | It/Node Time

     0     0 186174.750    0  321 186186.500 186174.750  0.01%     -    0s

Explored 1 nodes (2106 simplex iterations) in 0.34 seconds (1.00 work units)
Thread count was 10 (of 10 available processors)

Solution count 1: 186186 

Optimal solution found (tolerance 1.00e-04)
Best objective 1.861865000000e+05, best bound 1.861747500000e+05, gap 0.0063%
Solução ótima encontrada.
Set parameter TimeLimit to value 25200
Set parameter TimeLimit to value 600
Gurobi Optimizer version 10.0.2 build v10.0.2rc0 (mac64[arm])

CPU model: Apple M5
Thread count: 10 physical cores, 10 logical processors, using up to 10 threads

Optimize a model with 548706 rows, 284763 columns and 1341935 nonzeros
Model fingerprint: 0x902bdc57
Variable types: 0 continuous, 284763 integer (264707 binary)
Coefficient statistics:
  Matrix range     [1e+00, 8e+01]
  Objective range  [5e-01, 2e+03]
  Bounds range     [1e+00, 1e+00]
  RHS range        [1e+00, 1e+02]

User MIP start produced solution with objective 186186 (0.10s)
Loaded user MIP start with objective 186186
MIP start from previous solve did not produce a new incumbent solution

Presolve removed 534774 rows and 273379 columns
Presolve time: 0.21s
Presolved: 13932 rows, 11384 columns, 40475 nonzeros
Variable types: 0 continuous, 11384 integer (11384 binary)

Root relaxation: objective 1.859870e+05, 4177 iterations, 0.08 seconds (0.16 work units)

    Nodes    |    Current Node    |     Objective Bounds      |     Work
 Expl Unexpl |  Obj  Depth IntInf | Incumbent    BestBd   Gap | It/Node Time

     0     0 185987.000    0  409 186186.500 185987.000  0.11%     -    0s
     0     0 186079.000    0  365 186186.500 186079.000  0.06%     -    0s
     0     0 186079.000    0  365 186186.500 186079.000  0.06%     -    0s
     0     0 186079.000    0  117 186186.500 186079.000  0.06%     -    0s
     0     0 186082.167    0   60 186186.500 186082.167  0.06%     -    0s
     0     0 186086.500    0  118 186186.500 186086.500  0.05%     -    0s
     0     0 186086.500    0  112 186186.500 186086.500  0.05%     -    0s
     0     0 186086.625    0  168 186186.500 186086.625  0.05%     -    0s
     0     0 186086.625    0  158 186186.500 186086.625  0.05%     -    0s
     0     0 186089.333    0  160 186186.500 186089.333  0.05%     -    0s
     0     0 186089.333    0  115 186186.500 186089.333  0.05%     -    0s
     0     0 186090.000    0  153 186186.500 186090.000  0.05%     -    0s
     0     2 186090.333    0  153 186186.500 186090.333  0.05%     -    0s

Cutting planes:
  Gomory: 2
  MIR: 2
  Zero half: 13
  RLT: 7
  BQP: 11

Explored 370 nodes (12619 simplex iterations) in 0.66 seconds (1.64 work units)
Thread count was 10 (of 10 available processors)

Solution count 1: 186186 

Optimal solution found (tolerance 1.00e-04)
Best objective 1.861865000000e+05, best bound 1.861865000000e+05, gap 0.0000%
Solução ótima encontrada.
Set parameter TimeLimit to value 25200
Set parameter TimeLimit to value 600
Gurobi Optimizer version 10.0.2 build v10.0.2rc0 (mac64[arm])

CPU model: Apple M5
Thread count: 10 physical cores, 10 logical processors, using up to 10 threads

Optimize a model with 548706 rows, 284763 columns and 1341935 nonzeros
Model fingerprint: 0x217b518c
Variable types: 0 continuous, 284763 integer (264707 binary)
Coefficient statistics:
  Matrix range     [1e+00, 8e+01]
  Objective range  [5e-01, 2e+03]
  Bounds range     [1e+00, 1e+00]
  RHS range        [1e+00, 1e+02]

User MIP start produced solution with objective 186186 (0.10s)
Loaded user MIP start with objective 186186
MIP start from previous solve did not produce a new incumbent solution

Presolve removed 529647 rows and 269708 columns
Presolve time: 0.23s
Presolved: 19059 rows, 15055 columns, 54683 nonzeros
Variable types: 0 continuous, 15055 integer (15055 binary)

Root relaxation: objective 1.857456e+05, 12645 iterations, 0.38 seconds (0.77 work units)

    Nodes    |    Current Node    |     Objective Bounds      |     Work
 Expl Unexpl |  Obj  Depth IntInf | Incumbent    BestBd   Gap | It/Node Time

     0     0 185745.625    0  760 186186.500 185745.625  0.24%     -    0s
     0     0 185745.625    0  762 186186.500 185745.625  0.24%     -    0s
     0     0 185745.792    0  769 186186.500 185745.792  0.24%     -    0s
     0     0 185745.792    0  722 186186.500 185745.792  0.24%     -    1s
     0     0 185959.944    0 1566 186186.500 185959.944  0.12%     -    1s
     0     0 185962.651    0 1553 186186.500 185962.651  0.12%     -    2s
     0     0 185963.440    0 1467 186186.500 185963.440  0.12%     -    2s
     0     0 185967.762    0 1541 186186.500 185967.762  0.12%     -    2s
     0     0 185967.789    0 1541 186186.500 185967.789  0.12%     -    2s
     0     0 186087.526    0  767 186186.500 186087.526  0.05%     -    2s
     0     0 186087.526    0  477 186186.500 186087.526  0.05%     -    2s
     0     0 186087.526    0  812 186186.500 186087.526  0.05%     -    3s
     0     0 186087.526    0  783 186186.500 186087.526  0.05%     -    3s
     0     0 186087.526    0  795 186186.500 186087.526  0.05%     -    3s
     0     0 186087.526    0  782 186186.500 186087.526  0.05%     -    3s
     0     0 186110.382    0  440 186186.500 186110.382  0.04%     -    3s
     0     0 186111.444    0  440 186186.500 186111.444  0.04%     -    3s
     0     0 186111.600    0  439 186186.500 186111.600  0.04%     -    3s
     0     0     cutoff    0      186186.500 186186.500  0.00%     -    3s

Cutting planes:
  Gomory: 6
  Lift-and-project: 4
  Implied bound: 10
  Clique: 2
  MIR: 2
  Zero half: 40
  RLT: 113
  BQP: 29

Explored 1 nodes (48889 simplex iterations) in 3.19 seconds (6.91 work units)
Thread count was 10 (of 10 available processors)

Solution count 1: 186186 

Optimal solution found (tolerance 1.00e-04)
Best objective 1.861865000000e+05, best bound 1.861865000000e+05, gap 0.0000%
Solução ótima encontrada.
Set parameter TimeLimit to value 25200
Set parameter TimeLimit to value 600
Gurobi Optimizer version 10.0.2 build v10.0.2rc0 (mac64[arm])

CPU model: Apple M5
Thread count: 10 physical cores, 10 logical processors, using up to 10 threads

Optimize a model with 548706 rows, 284763 columns and 1341935 nonzeros
Model fingerprint: 0xe9e72747
Variable types: 0 continuous, 284763 integer (264707 binary)
Coefficient statistics:
  Matrix range     [1e+00, 8e+01]
  Objective range  [5e-01, 2e+03]
  Bounds range     [1e+00, 1e+00]
  RHS range        [1e+00, 1e+02]

User MIP start produced solution with objective 186186 (0.10s)
Loaded user MIP start with objective 186186
MIP start from previous solve did not produce a new incumbent solution

Presolve removed 543246 rows and 280142 columns
Presolve time: 0.18s
Presolved: 5460 rows, 4621 columns, 15446 nonzeros
Variable types: 0 continuous, 4621 integer (4621 binary)

Root relaxation: objective 1.861640e+05, 994 iterations, 0.01 seconds (0.02 work units)

    Nodes    |    Current Node    |     Objective Bounds      |     Work
 Expl Unexpl |  Obj  Depth IntInf | Incumbent    BestBd   Gap | It/Node Time

     0     0 186164.000    0  167 186186.500 186164.000  0.01%     -    0s
     0     0 186164.000    0  167 186186.500 186164.000  0.01%     -    0s
     0     0 186164.000    0   51 186186.500 186164.000  0.01%     -    0s
     0     0 186171.500    0   54 186186.500 186171.500  0.01%     -    0s

Cutting planes:
  Gomory: 2
  Implied bound: 1
  Clique: 6
  MIR: 1
  Zero half: 10
  RLT: 1
  BQP: 2

Explored 1 nodes (1553 simplex iterations) in 0.35 seconds (0.98 work units)
Thread count was 10 (of 10 available processors)

Solution count 1: 186186 

Optimal solution found (tolerance 1.00e-04)
Best objective 1.861865000000e+05, best bound 1.861715000000e+05, gap 0.0081%
Solução ótima encontrada.
Set parameter TimeLimit to value 25200
Set parameter TimeLimit to value 600
Gurobi Optimizer version 10.0.2 build v10.0.2rc0 (mac64[arm])

CPU model: Apple M5
Thread count: 10 physical cores, 10 logical processors, using up to 10 threads

Optimize a model with 548706 rows, 284763 columns and 1341935 nonzeros
Model fingerprint: 0x70f87ce4
Variable types: 0 continuous, 284763 integer (264707 binary)
Coefficient statistics:
  Matrix range     [1e+00, 8e+01]
  Objective range  [5e-01, 2e+03]
  Bounds range     [1e+00, 1e+00]
  RHS range        [1e+00, 1e+02]

User MIP start produced solution with objective 186186 (0.10s)
Loaded user MIP start with objective 186186
MIP start from previous solve did not produce a new incumbent solution

Presolve removed 545491 rows and 281931 columns
Presolve time: 0.15s
Presolved: 3215 rows, 2832 columns, 9065 nonzeros
Variable types: 0 continuous, 2832 integer (2832 binary)

Root relaxation: cutoff, 223 iterations, 0.00 seconds (0.00 work units)

    Nodes    |    Current Node    |     Objective Bounds      |     Work
 Expl Unexpl |  Obj  Depth IntInf | Incumbent    BestBd   Gap | It/Node Time

     0     0     cutoff    0      186186.500 186186.500  0.00%     -    0s

Explored 1 nodes (223 simplex iterations) in 0.27 seconds (0.82 work units)
Thread count was 10 (of 10 available processors)

Solution count 1: 186186 

Optimal solution found (tolerance 1.00e-04)
Best objective 1.861865000000e+05, best bound 1.861865000000e+05, gap 0.0000%
Solução ótima encontrada.
Set parameter TimeLimit to value 25200
Set parameter TimeLimit to value 600
Gurobi Optimizer version 10.0.2 build v10.0.2rc0 (mac64[arm])

CPU model: Apple M5
Thread count: 10 physical cores, 10 logical processors, using up to 10 threads

Optimize a model with 548706 rows, 284763 columns and 1341935 nonzeros
Model fingerprint: 0x912e6943
Variable types: 0 continuous, 284763 integer (264707 binary)
Coefficient statistics:
  Matrix range     [1e+00, 8e+01]
  Objective range  [5e-01, 2e+03]
  Bounds range     [1e+00, 1e+00]
  RHS range        [1e+00, 1e+02]

User MIP start produced solution with objective 186186 (0.10s)
Loaded user MIP start with objective 186186
MIP start from previous solve did not produce a new incumbent solution

Presolve removed 547205 rows and 283504 columns
Presolve time: 0.15s
Presolved: 1501 rows, 1259 columns, 4189 nonzeros
Variable types: 0 continuous, 1259 integer (1259 binary)

Root relaxation: cutoff, 273 iterations, 0.00 seconds (0.00 work units)

    Nodes    |    Current Node    |     Objective Bounds      |     Work
 Expl Unexpl |  Obj  Depth IntInf | Incumbent    BestBd   Gap | It/Node Time

     0     0     cutoff    0      186186.500 186186.500  0.00%     -    0s

Explored 1 nodes (273 simplex iterations) in 0.27 seconds (0.83 work units)
Thread count was 10 (of 10 available processors)

Solution count 1: 186186 

Optimal solution found (tolerance 1.00e-04)
Best objective 1.861865000000e+05, best bound 1.861865000000e+05, gap 0.0000%
Solução ótima encontrada.
Set parameter TimeLimit to value 25200
Set parameter TimeLimit to value 600
Gurobi Optimizer version 10.0.2 build v10.0.2rc0 (mac64[arm])

CPU model: Apple M5
Thread count: 10 physical cores, 10 logical processors, using up to 10 threads

Optimize a model with 548706 rows, 284763 columns and 1341935 nonzeros
Model fingerprint: 0xff32dd84
Variable types: 0 continuous, 284763 integer (264707 binary)
Coefficient statistics:
  Matrix range     [1e+00, 8e+01]
  Objective range  [5e-01, 2e+03]
  Bounds range     [1e+00, 1e+00]
  RHS range        [1e+00, 1e+02]

User MIP start produced solution with objective 186186 (0.10s)
Loaded user MIP start with objective 186186
MIP start from previous solve did not produce a new incumbent solution

Presolve removed 531674 rows and 270873 columns
Presolve time: 0.23s
Presolved: 17032 rows, 13890 columns, 50213 nonzeros
Variable types: 0 continuous, 13890 integer (13890 binary)

Root relaxation: objective 1.854342e+05, 2672 iterations, 0.04 seconds (0.08 work units)

    Nodes    |    Current Node    |     Objective Bounds      |     Work
 Expl Unexpl |  Obj  Depth IntInf | Incumbent    BestBd   Gap | It/Node Time

     0     0 185434.214    0  594 186186.500 185434.214  0.40%     -    0s
     0     0 185595.167    0  654 186186.500 185595.167  0.32%     -    0s
     0     0 185610.250    0  530 186186.500 185610.250  0.31%     -    0s
     0     0 185610.250    0  471 186186.500 185610.250  0.31%     -    0s
     0     0 185623.000    0  464 186186.500 185623.000  0.30%     -    0s
     0     0 185623.000    0  379 186186.500 185623.000  0.30%     -    0s
     0     0 185640.560    0  578 186186.500 185640.560  0.29%     -    0s
     0     0 185644.250    0  578 186186.500 185644.250  0.29%     -    0s
     0     0 185644.250    0  515 186186.500 185644.250  0.29%     -    0s
     0     0 185694.056    0  608 186186.500 185694.056  0.26%     -    1s
     0     0 185759.214    0  499 186186.500 185759.214  0.23%     -    1s
     0     0 186158.167    0  408 186186.500 186158.167  0.02%     -    1s
     0     0 186170.250    0  477 186186.500 186170.250  0.01%     -    1s

Cutting planes:
  Gomory: 7
  Clique: 69
  Zero half: 28
  RLT: 1
  BQP: 15

Explored 1 nodes (17615 simplex iterations) in 1.57 seconds (3.27 work units)
Thread count was 10 (of 10 available processors)

Solution count 1: 186186 

Optimal solution found (tolerance 1.00e-04)
Best objective 1.861865000000e+05, best bound 1.861702500000e+05, gap 0.0087%
Solução ótima encontrada.
Set parameter TimeLimit to value 25200
Set parameter TimeLimit to value 600
Gurobi Optimizer version 10.0.2 build v10.0.2rc0 (mac64[arm])

CPU model: Apple M5
Thread count: 10 physical cores, 10 logical processors, using up to 10 threads

Optimize a model with 548706 rows, 284763 columns and 1341935 nonzeros
Model fingerprint: 0xe22437e3
Variable types: 0 continuous, 284763 integer (264707 binary)
Coefficient statistics:
  Matrix range     [1e+00, 8e+01]
  Objective range  [5e-01, 2e+03]
  Bounds range     [1e+00, 1e+00]
  RHS range        [1e+00, 1e+02]

User MIP start produced solution with objective 186186 (0.10s)
Loaded user MIP start with objective 186186
MIP start from previous solve did not produce a new incumbent solution

Presolve removed 536085 rows and 274762 columns
Presolve time: 0.21s
Presolved: 12621 rows, 10001 columns, 36530 nonzeros
Variable types: 0 continuous, 10001 integer (10001 binary)

Root relaxation: objective 1.859165e+05, 9824 iterations, 0.43 seconds (1.17 work units)

    Nodes    |    Current Node    |     Objective Bounds      |     Work
 Expl Unexpl |  Obj  Depth IntInf | Incumbent    BestBd   Gap | It/Node Time

     0     0 185916.500    0  342 186186.500 185916.500  0.15%     -    0s
     0     0 185947.429    0  830 186186.500 185947.429  0.13%     -    1s
     0     0 185947.429    0  375 186186.500 185947.429  0.13%     -    1s
     0     0 185953.929    0  737 186186.500 185953.929  0.12%     -    1s
     0     0 185955.500    0  697 186186.500 185955.500  0.12%     -    2s
     0     0 186003.284    0  816 186186.500 186003.284  0.10%     -    2s
     0     0 186003.284    0  132 186186.500 186003.284  0.10%     -    2s
     0     0 186003.284    0  253 186186.500 186003.284  0.10%     -    2s
     0     0 186003.284    0  261 186186.500 186003.284  0.10%     -    2s
     0     0 186004.000    0  102 186186.500 186004.000  0.10%     -    2s
     0     0 186010.788    0  293 186186.500 186010.788  0.09%     -    2s
     0     0 186012.385    0  312 186186.500 186012.385  0.09%     -    2s
     0     0 186012.891    0  306 186186.500 186012.891  0.09%     -    2s
     0     0 186013.619    0  312 186186.500 186013.619  0.09%     -    2s
     0     0 186013.808    0  302 186186.500 186013.808  0.09%     -    2s
     0     0 186026.545    0  227 186186.500 186026.545  0.09%     -    2s
     0     0 186027.962    0  195 186186.500 186027.962  0.09%     -    2s
     0     0 186028.500    0  156 186186.500 186028.500  0.08%     -    2s
     0     0 186036.875    0  238 186186.500 186036.875  0.08%     -    2s
     0     0 186038.654    0  247 186186.500 186038.654  0.08%     -    2s
     0     0 186038.773    0  249 186186.500 186038.773  0.08%     -    2s
     0     0 186038.791    0  250 186186.500 186038.791  0.08%     -    2s
     0     0 186042.660    0  264 186186.500 186042.660  0.08%     -    2s
     0     2 186043.140    0  253 186186.500 186043.140  0.08%     -    2s

Cutting planes:
  Lift-and-project: 1
  Implied bound: 25
  Clique: 41
  MIR: 1
  Inf proof: 1
  Zero half: 50
  RLT: 72
  BQP: 83

Explored 9482 nodes (371696 simplex iterations) in 4.58 seconds (9.96 work units)
Thread count was 10 (of 10 available processors)

Solution count 1: 186186 

Optimal solution found (tolerance 1.00e-04)
Best objective 1.861865000000e+05, best bound 1.861865000000e+05, gap 0.0000%
Solução ótima encontrada.
Set parameter TimeLimit to value 25200
Set parameter TimeLimit to value 600
Gurobi Optimizer version 10.0.2 build v10.0.2rc0 (mac64[arm])

CPU model: Apple M5
Thread count: 10 physical cores, 10 logical processors, using up to 10 threads

Optimize a model with 548706 rows, 284763 columns and 1341935 nonzeros
Model fingerprint: 0x3967d653
Variable types: 0 continuous, 284763 integer (264707 binary)
Coefficient statistics:
  Matrix range     [1e+00, 8e+01]
  Objective range  [5e-01, 2e+03]
  Bounds range     [1e+00, 1e+00]
  RHS range        [1e+00, 1e+02]

User MIP start produced solution with objective 186186 (0.10s)
Loaded user MIP start with objective 186186
MIP start from previous solve did not produce a new incumbent solution

Presolve removed 527684 rows and 267922 columns
Presolve time: 0.25s
Presolved: 21022 rows, 16841 columns, 61199 nonzeros
Variable types: 0 continuous, 16841 integer (16841 binary)

Root relaxation: objective 1.861165e+05, 8819 iterations, 0.39 seconds (1.09 work units)

    Nodes    |    Current Node    |     Objective Bounds      |     Work
 Expl Unexpl |  Obj  Depth IntInf | Incumbent    BestBd   Gap | It/Node Time

     0     0 186116.500    0  350 186186.500 186116.500  0.04%     -    1s
     0     0 186116.500    0  350 186186.500 186116.500  0.04%     -    1s
     0     0 186116.500    0  139 186186.500 186116.500  0.04%     -    1s
     0     0 186116.500    0  148 186186.500 186116.500  0.04%     -    1s
     0     0 186119.000    0  154 186186.500 186119.000  0.04%     -    1s
     0     0 186119.000    0  188 186186.500 186119.000  0.04%     -    1s
     0     0 186120.800    0  224 186186.500 186120.800  0.04%     -    1s
     0     0 186121.800    0  239 186186.500 186121.800  0.03%     -    1s
     0     0 186123.000    0  245 186186.500 186123.000  0.03%     -    1s
     0     0 186125.500    0  137 186186.500 186125.500  0.03%     -    1s
     0     2 186126.000    0  101 186186.500 186126.000  0.03%     -    1s

Cutting planes:
  Gomory: 2
  MIR: 3
  Zero half: 11
  RLT: 14
  BQP: 23

Explored 1580 nodes (108388 simplex iterations) in 3.02 seconds (7.66 work units)
Thread count was 10 (of 10 available processors)

Solution count 1: 186186 

Optimal solution found (tolerance 1.00e-04)
Best objective 1.861865000000e+05, best bound 1.861740000000e+05, gap 0.0067%
Solução ótima encontrada.
Set parameter TimeLimit to value 25200
Set parameter TimeLimit to value 600
Gurobi Optimizer version 10.0.2 build v10.0.2rc0 (mac64[arm])

CPU model: Apple M5
Thread count: 10 physical cores, 10 logical processors, using up to 10 threads

Optimize a model with 548706 rows, 284763 columns and 1341935 nonzeros
Model fingerprint: 0x32cc268a
Variable types: 0 continuous, 284763 integer (264707 binary)
Coefficient statistics:
  Matrix range     [1e+00, 8e+01]
  Objective range  [5e-01, 2e+03]
  Bounds range     [1e+00, 1e+00]
  RHS range        [1e+00, 1e+02]

User MIP start produced solution with objective 186186 (0.10s)
Loaded user MIP start with objective 186186
MIP start from previous solve did not produce a new incumbent solution

Presolve removed 531804 rows and 272603 columns
Presolve time: 0.22s
Presolved: 16902 rows, 12160 columns, 48608 nonzeros
Variable types: 0 continuous, 12160 integer (12160 binary)

Root relaxation: objective 1.859748e+05, 9461 iterations, 0.27 seconds (0.55 work units)

    Nodes    |    Current Node    |     Objective Bounds      |     Work
 Expl Unexpl |  Obj  Depth IntInf | Incumbent    BestBd   Gap | It/Node Time

     0     0 185974.750    0  642 186186.500 185974.750  0.11%     -    0s
     0     0 185978.500    0  602 186186.500 185978.500  0.11%     -    0s
     0     0 185978.500    0  602 186186.500 185978.500  0.11%     -    0s
     0     0 185978.500    0  501 186186.500 185978.500  0.11%     -    0s
     0     0 186016.621    0  516 186186.500 186016.621  0.09%     -    1s
     0     0 186024.500    0  512 186186.500 186024.500  0.09%     -    1s
     0     0 186024.500    0  440 186186.500 186024.500  0.09%     -    1s
     0     0 186033.167    0  439 186186.500 186033.167  0.08%     -    1s
     0     0 186033.167    0  384 186186.500 186033.167  0.08%     -    1s
     0     0 186033.167    0  361 186186.500 186033.167  0.08%     -    1s
     0     0 186041.500    0  358 186186.500 186041.500  0.08%     -    1s
     0     0 186063.063    0  484 186186.500 186063.063  0.07%     -    1s
     0     0 186063.500    0  417 186186.500 186063.500  0.07%     -    1s
     0     0 186066.500    0  364 186186.500 186066.500  0.06%     -    1s
     0     0 186067.133    0  480 186186.500 186067.133  0.06%     -    1s
     0     0 186067.750    0  506 186186.500 186067.750  0.06%     -    1s
     0     0 186067.750    0  506 186186.500 186067.750  0.06%     -    1s
     0     0 186077.310    0  489 186186.500 186077.310  0.06%     -    1s
     0     0 186080.929    0  521 186186.500 186080.929  0.06%     -    1s
     0     0 186081.568    0  531 186186.500 186081.568  0.06%     -    1s
     0     0 186081.579    0  531 186186.500 186081.579  0.06%     -    1s
     0     0 186082.526    0  553 186186.500 186082.526  0.06%     -    1s
     0     0 186082.526    0  310 186186.500 186082.526  0.06%     -    1s
     0     0 186082.526    0  328 186186.500 186082.526  0.06%     -    1s
     0     0 186082.526    0  362 186186.500 186082.526  0.06%     -    1s
     0     0 186085.667    0  417 186186.500 186085.667  0.05%     -    1s
     0     0 186086.159    0  421 186186.500 186086.159  0.05%     -    1s
     0     0 186086.292    0  412 186186.500 186086.292  0.05%     -    1s
     0     0 186086.292    0  411 186186.500 186086.292  0.05%     -    1s
     0     0 186087.317    0  444 186186.500 186087.317  0.05%     -    1s
     0     0 186087.362    0  446 186186.500 186087.362  0.05%     -    1s
     0     0 186090.875    0  407 186186.500 186090.875  0.05%     -    1s
     0     0 186092.444    0  402 186186.500 186092.444  0.05%     -    1s
     0     0 186093.222    0  420 186186.500 186093.222  0.05%     -    1s
     0     0 186093.424    0  424 186186.500 186093.424  0.05%     -    1s
     0     0 186093.471    0  440 186186.500 186093.471  0.05%     -    1s
     0     0 186093.479    0  445 186186.500 186093.479  0.05%     -    1s
     0     0 186094.032    0  464 186186.500 186094.032  0.05%     -    1s
     0     0 186094.495    0  461 186186.500 186094.495  0.05%     -    1s
     0     0 186094.603    0  465 186186.500 186094.603  0.05%     -    1s
     0     0 186094.643    0  465 186186.500 186094.643  0.05%     -    1s
     0     0 186095.603    0  458 186186.500 186095.603  0.05%     -    1s
     0     0 186095.782    0  186 186186.500 186095.782  0.05%     -    1s
     0     0 186095.782    0  246 186186.500 186095.782  0.05%     -    1s
     0     0 186095.782    0  258 186186.500 186095.782  0.05%     -    1s
     0     0 186095.782    0  251 186186.500 186095.782  0.05%     -    1s
     0     0 186095.782    0  273 186186.500 186095.782  0.05%     -    1s
     0     0 186095.782    0  272 186186.500 186095.782  0.05%     -    1s
     0     0 186095.818    0  291 186186.500 186095.818  0.05%     -    1s
     0     0 186106.500    0  293 186186.500 186106.500  0.04%     -    1s
     0     0 186106.500    0  294 186186.500 186106.500  0.04%     -    1s

Cutting planes:
  Gomory: 5
  Cover: 1
  MIR: 7
  Zero half: 27
  Mod-K: 1
  RLT: 6
  BQP: 11

Explored 1 nodes (25105 simplex iterations) in 1.67 seconds (3.51 work units)
Thread count was 10 (of 10 available processors)

Solution count 1: 186186 

Optimal solution found (tolerance 1.00e-04)
Best objective 1.861865000000e+05, best bound 1.861715000000e+05, gap 0.0081%
Solução ótima encontrada.
Set parameter TimeLimit to value 25200
Set parameter TimeLimit to value 600
Gurobi Optimizer version 10.0.2 build v10.0.2rc0 (mac64[arm])

CPU model: Apple M5
Thread count: 10 physical cores, 10 logical processors, using up to 10 threads

Optimize a model with 548706 rows, 284763 columns and 1341935 nonzeros
Model fingerprint: 0x6c39d8c2
Variable types: 0 continuous, 284763 integer (264707 binary)
Coefficient statistics:
  Matrix range     [1e+00, 8e+01]
  Objective range  [5e-01, 2e+03]
  Bounds range     [1e+00, 1e+00]
  RHS range        [1e+00, 1e+02]

User MIP start produced solution with objective 186186 (0.11s)
Loaded user MIP start with objective 186186
MIP start from previous solve did not produce a new incumbent solution

Presolve removed 530729 rows and 271364 columns
Presolve time: 0.25s
Presolved: 17977 rows, 13399 columns, 51334 nonzeros
Variable types: 0 continuous, 13399 integer (13399 binary)

Root relaxation: objective 1.860878e+05, 11527 iterations, 0.35 seconds (0.74 work units)

    Nodes    |    Current Node    |     Objective Bounds      |     Work
 Expl Unexpl |  Obj  Depth IntInf | Incumbent    BestBd   Gap | It/Node Time

     0     0 186087.813    0  650 186186.500 186087.813  0.05%     -    0s
     0     0 186093.554    0  621 186186.500 186093.554  0.05%     -    0s
     0     0 186093.554    0  621 186186.500 186093.554  0.05%     -    0s
     0     0 186099.575    0  181 186186.500 186099.575  0.05%     -    0s
     0     0 186103.750    0  122 186186.500 186103.750  0.04%     -    0s
     0     0 186156.250    0  179 186186.500 186156.250  0.02%     -    0s
     0     0 186163.750    0   79 186186.500 186163.750  0.01%     -    0s

Cutting planes:
  Clique: 2
  MIR: 4
  Zero half: 9
  RLT: 5
  BQP: 2

Explored 1 nodes (16177 simplex iterations) in 0.94 seconds (2.30 work units)
Thread count was 10 (of 10 available processors)

Solution count 1: 186186 

Optimal solution found (tolerance 1.00e-04)
Best objective 1.861865000000e+05, best bound 1.861865000000e+05, gap 0.0000%
Solução ótima encontrada.
Set parameter TimeLimit to value 25200
Set parameter TimeLimit to value 600
Gurobi Optimizer version 10.0.2 build v10.0.2rc0 (mac64[arm])

CPU model: Apple M5
Thread count: 10 physical cores, 10 logical processors, using up to 10 threads

Optimize a model with 548706 rows, 284763 columns and 1341935 nonzeros
Model fingerprint: 0xb66804d6
Variable types: 0 continuous, 284763 integer (264707 binary)
Coefficient statistics:
  Matrix range     [1e+00, 8e+01]
  Objective range  [5e-01, 2e+03]
  Bounds range     [1e+00, 1e+00]
  RHS range        [1e+00, 1e+02]

User MIP start produced solution with objective 186186 (0.10s)
Loaded user MIP start with objective 186186
MIP start from previous solve did not produce a new incumbent solution

Presolve removed 542538 rows and 279575 columns
Presolve time: 0.18s
Presolved: 6168 rows, 5188 columns, 17453 nonzeros
Variable types: 0 continuous, 5188 integer (5188 binary)

Root relaxation: objective 1.861815e+05, 1236 iterations, 0.02 seconds (0.03 work units)

    Nodes    |    Current Node    |     Objective Bounds      |     Work
 Expl Unexpl |  Obj  Depth IntInf | Incumbent    BestBd   Gap | It/Node Time

     0     0 186181.500    0   70 186186.500 186181.500  0.00%     -    0s

Explored 1 nodes (1927 simplex iterations) in 0.33 seconds (0.96 work units)
Thread count was 10 (of 10 available processors)

Solution count 1: 186186 

Optimal solution found (tolerance 1.00e-04)
Best objective 1.861865000000e+05, best bound 1.861815000000e+05, gap 0.0027%
Solução ótima encontrada.
Set parameter TimeLimit to value 25200
Set parameter TimeLimit to value 600
Gurobi Optimizer version 10.0.2 build v10.0.2rc0 (mac64[arm])

CPU model: Apple M5
Thread count: 10 physical cores, 10 logical processors, using up to 10 threads

Optimize a model with 548706 rows, 284763 columns and 1341935 nonzeros
Model fingerprint: 0xba995453
Variable types: 0 continuous, 284763 integer (264707 binary)
Coefficient statistics:
  Matrix range     [1e+00, 8e+01]
  Objective range  [5e-01, 2e+03]
  Bounds range     [1e+00, 1e+00]
  RHS range        [1e+00, 1e+02]

User MIP start produced solution with objective 186186 (0.10s)
Loaded user MIP start with objective 186186
MIP start from previous solve did not produce a new incumbent solution

Presolve removed 542889 rows and 279747 columns
Presolve time: 0.17s
Presolved: 5817 rows, 5016 columns, 16438 nonzeros
Variable types: 0 continuous, 5016 integer (5016 binary)

Root relaxation: cutoff, 730 iterations, 0.01 seconds (0.01 work units)

    Nodes    |    Current Node    |     Objective Bounds      |     Work
 Expl Unexpl |  Obj  Depth IntInf | Incumbent    BestBd   Gap | It/Node Time

     0     0     cutoff    0      186186.500 186186.500  0.00%     -    0s

Explored 1 nodes (730 simplex iterations) in 0.30 seconds (0.92 work units)
Thread count was 10 (of 10 available processors)

Solution count 1: 186186 

Optimal solution found (tolerance 1.00e-04)
Best objective 1.861865000000e+05, best bound 1.861865000000e+05, gap 0.0000%
Solução ótima encontrada.
Set parameter TimeLimit to value 25200
Set parameter TimeLimit to value 600
Gurobi Optimizer version 10.0.2 build v10.0.2rc0 (mac64[arm])

CPU model: Apple M5
Thread count: 10 physical cores, 10 logical processors, using up to 10 threads

Optimize a model with 548706 rows, 284763 columns and 1341935 nonzeros
Model fingerprint: 0x2df758fe
Variable types: 0 continuous, 284763 integer (264707 binary)
Coefficient statistics:
  Matrix range     [1e+00, 8e+01]
  Objective range  [5e-01, 2e+03]
  Bounds range     [1e+00, 1e+00]
  RHS range        [1e+00, 1e+02]

User MIP start produced solution with objective 186186 (0.10s)
Loaded user MIP start with objective 186186
MIP start from previous solve did not produce a new incumbent solution

Presolve removed 530977 rows and 270881 columns
Presolve time: 0.16s
Presolved: 17729 rows, 13882 columns, 49921 nonzeros
Variable types: 0 continuous, 13882 integer (13882 binary)

Root relaxation: objective 1.861748e+05, 1274 iterations, 0.02 seconds (0.04 work units)

    Nodes    |    Current Node    |     Objective Bounds      |     Work
 Expl Unexpl |  Obj  Depth IntInf | Incumbent    BestBd   Gap | It/Node Time

     0     0 186174.750    0  321 186186.500 186174.750  0.01%     -    0s

Explored 1 nodes (2106 simplex iterations) in 0.33 seconds (1.00 work units)
Thread count was 10 (of 10 available processors)

Solution count 1: 186186 

Optimal solution found (tolerance 1.00e-04)
Best objective 1.861865000000e+05, best bound 1.861747500000e+05, gap 0.0063%
Solução ótima encontrada.
Set parameter TimeLimit to value 25200
Set parameter TimeLimit to value 600
Gurobi Optimizer version 10.0.2 build v10.0.2rc0 (mac64[arm])

CPU model: Apple M5
Thread count: 10 physical cores, 10 logical processors, using up to 10 threads

Optimize a model with 548706 rows, 284763 columns and 1341935 nonzeros
Model fingerprint: 0x902bdc57
Variable types: 0 continuous, 284763 integer (264707 binary)
Coefficient statistics:
  Matrix range     [1e+00, 8e+01]
  Objective range  [5e-01, 2e+03]
  Bounds range     [1e+00, 1e+00]
  RHS range        [1e+00, 1e+02]

User MIP start produced solution with objective 186186 (0.10s)
Loaded user MIP start with objective 186186
MIP start from previous solve did not produce a new incumbent solution

Presolve removed 534774 rows and 273379 columns
Presolve time: 0.21s
Presolved: 13932 rows, 11384 columns, 40475 nonzeros
Variable types: 0 continuous, 11384 integer (11384 binary)

Root relaxation: objective 1.859870e+05, 4177 iterations, 0.08 seconds (0.16 work units)

    Nodes    |    Current Node    |     Objective Bounds      |     Work
 Expl Unexpl |  Obj  Depth IntInf | Incumbent    BestBd   Gap | It/Node Time

     0     0 185987.000    0  409 186186.500 185987.000  0.11%     -    0s
     0     0 186079.000    0  365 186186.500 186079.000  0.06%     -    0s
     0     0 186079.000    0  365 186186.500 186079.000  0.06%     -    0s
     0     0 186079.000    0  117 186186.500 186079.000  0.06%     -    0s
     0     0 186082.167    0   60 186186.500 186082.167  0.06%     -    0s
     0     0 186086.500    0  118 186186.500 186086.500  0.05%     -    0s
     0     0 186086.500    0  112 186186.500 186086.500  0.05%     -    0s
     0     0 186086.625    0  168 186186.500 186086.625  0.05%     -    0s
     0     0 186086.625    0  158 186186.500 186086.625  0.05%     -    0s
     0     0 186089.333    0  160 186186.500 186089.333  0.05%     -    0s
     0     0 186089.333    0  115 186186.500 186089.333  0.05%     -    0s
     0     0 186090.000    0  153 186186.500 186090.000  0.05%     -    0s
     0     2 186090.333    0  153 186186.500 186090.333  0.05%     -    0s

Cutting planes:
  Gomory: 2
  MIR: 2
  Zero half: 13
  RLT: 7
  BQP: 11

Explored 370 nodes (12619 simplex iterations) in 0.65 seconds (1.64 work units)
Thread count was 10 (of 10 available processors)

Solution count 1: 186186 

Optimal solution found (tolerance 1.00e-04)
Best objective 1.861865000000e+05, best bound 1.861865000000e+05, gap 0.0000%
Solução ótima encontrada.
Set parameter TimeLimit to value 25200
Set parameter TimeLimit to value 600
Gurobi Optimizer version 10.0.2 build v10.0.2rc0 (mac64[arm])

CPU model: Apple M5
Thread count: 10 physical cores, 10 logical processors, using up to 10 threads

Optimize a model with 548706 rows, 284763 columns and 1341935 nonzeros
Model fingerprint: 0x217b518c
Variable types: 0 continuous, 284763 integer (264707 binary)
Coefficient statistics:
  Matrix range     [1e+00, 8e+01]
  Objective range  [5e-01, 2e+03]
  Bounds range     [1e+00, 1e+00]
  RHS range        [1e+00, 1e+02]

User MIP start produced solution with objective 186186 (0.10s)
Loaded user MIP start with objective 186186
MIP start from previous solve did not produce a new incumbent solution

Presolve removed 529647 rows and 269708 columns
Presolve time: 0.23s
Presolved: 19059 rows, 15055 columns, 54683 nonzeros
Variable types: 0 continuous, 15055 integer (15055 binary)

Root relaxation: objective 1.857456e+05, 12645 iterations, 0.38 seconds (0.77 work units)

    Nodes    |    Current Node    |     Objective Bounds      |     Work
 Expl Unexpl |  Obj  Depth IntInf | Incumbent    BestBd   Gap | It/Node Time

     0     0 185745.625    0  760 186186.500 185745.625  0.24%     -    0s
     0     0 185745.625    0  762 186186.500 185745.625  0.24%     -    0s
     0     0 185745.792    0  769 186186.500 185745.792  0.24%     -    0s
     0     0 185745.792    0  722 186186.500 185745.792  0.24%     -    1s
     0     0 185959.944    0 1566 186186.500 185959.944  0.12%     -    1s
     0     0 185962.651    0 1553 186186.500 185962.651  0.12%     -    2s
     0     0 185963.440    0 1467 186186.500 185963.440  0.12%     -    2s
     0     0 185967.762    0 1541 186186.500 185967.762  0.12%     -    2s
     0     0 185967.789    0 1541 186186.500 185967.789  0.12%     -    2s
     0     0 186087.526    0  767 186186.500 186087.526  0.05%     -    2s
     0     0 186087.526    0  477 186186.500 186087.526  0.05%     -    2s
     0     0 186087.526    0  812 186186.500 186087.526  0.05%     -    2s
     0     0 186087.526    0  783 186186.500 186087.526  0.05%     -    3s
     0     0 186087.526    0  795 186186.500 186087.526  0.05%     -    3s
     0     0 186087.526    0  782 186186.500 186087.526  0.05%     -    3s
     0     0 186110.382    0  440 186186.500 186110.382  0.04%     -    3s
     0     0 186111.444    0  440 186186.500 186111.444  0.04%     -    3s
     0     0 186111.600    0  439 186186.500 186111.600  0.04%     -    3s
     0     0     cutoff    0      186186.500 186186.500  0.00%     -    3s

Cutting planes:
  Gomory: 6
  Lift-and-project: 4
  Implied bound: 10
  Clique: 2
  MIR: 2
  Zero half: 40
  RLT: 113
  BQP: 29

Explored 1 nodes (48889 simplex iterations) in 3.17 seconds (6.91 work units)
Thread count was 10 (of 10 available processors)

Solution count 1: 186186 

Optimal solution found (tolerance 1.00e-04)
Best objective 1.861865000000e+05, best bound 1.861865000000e+05, gap 0.0000%
Solução ótima encontrada.
Set parameter TimeLimit to value 25200
Set parameter TimeLimit to value 600
Gurobi Optimizer version 10.0.2 build v10.0.2rc0 (mac64[arm])

CPU model: Apple M5
Thread count: 10 physical cores, 10 logical processors, using up to 10 threads

Optimize a model with 548706 rows, 284763 columns and 1341935 nonzeros
Model fingerprint: 0xe9e72747
Variable types: 0 continuous, 284763 integer (264707 binary)
Coefficient statistics:
  Matrix range     [1e+00, 8e+01]
  Objective range  [5e-01, 2e+03]
  Bounds range     [1e+00, 1e+00]
  RHS range        [1e+00, 1e+02]

User MIP start produced solution with objective 186186 (0.10s)
Loaded user MIP start with objective 186186
MIP start from previous solve did not produce a new incumbent solution

Presolve removed 543246 rows and 280142 columns
Presolve time: 0.16s
Presolved: 5460 rows, 4621 columns, 15446 nonzeros
Variable types: 0 continuous, 4621 integer (4621 binary)

Root relaxation: objective 1.861640e+05, 994 iterations, 0.01 seconds (0.02 work units)

    Nodes    |    Current Node    |     Objective Bounds      |     Work
 Expl Unexpl |  Obj  Depth IntInf | Incumbent    BestBd   Gap | It/Node Time

     0     0 186164.000    0  167 186186.500 186164.000  0.01%     -    0s
     0     0 186164.000    0  167 186186.500 186164.000  0.01%     -    0s
     0     0 186164.000    0   51 186186.500 186164.000  0.01%     -    0s
     0     0 186171.500    0   54 186186.500 186171.500  0.01%     -    0s

Cutting planes:
  Gomory: 2
  Implied bound: 1
  Clique: 6
  MIR: 1
  Zero half: 10
  RLT: 1
  BQP: 2

Explored 1 nodes (1553 simplex iterations) in 0.32 seconds (0.98 work units)
Thread count was 10 (of 10 available processors)

Solution count 1: 186186 

Optimal solution found (tolerance 1.00e-04)
Best objective 1.861865000000e+05, best bound 1.861715000000e+05, gap 0.0081%
Solução ótima encontrada.
RESULTADO_JSON={"arquivo_log_csv": "resultados/experimentos/ordem_cursos_3min_4h/20260923_185629/aleatoria_seed42.csv", "arquivo_log_json": "resultados/experimentos/ordem_cursos_3min_4h/20260923_185629/aleatoria_seed42.json", "arquivo_melhor_solucao": "resultados/experimentos/ordem_cursos_3min_4h/20260923_185629/aleatoria_seed42.sol", "etapa": "fix_and_optimize_cursos", "ganho_absoluto": 575.0, "historico": [{"ciclo": 1, "curso": "GEO", "disciplinas_livres": 10, "iteracao": 1, "melhorou": false, "objetivo_anterior": 186761.5, "objetivo_candidato": 186761.5, "objetivo_incumbente": 186761.5, "ordem_cursos": "aleatoria", "passada": 1, "posicao_ordem_curso": 1, "recurso": "GEO", "seed_ordem_cursos": 42, "status_solver": "OPTIMAL", "tempo_gasto_s": 0.57, "tempo_limite_subproblema_s": 600.0, "tempo_solver_s": 0.3, "variaveis_x_fixadas": 92920, "variaveis_x_livres": 2070, "vizinhanca": "curso"}, {"ciclo": 1, "curso": "FIL", "disciplinas_livres": 15, "iteracao": 2, "melhorou": false, "objetivo_anterior": 186761.5, "objetivo_candidato": 186761.5, "objetivo_incumbente": 186761.5, "ordem_cursos": "aleatoria", "passada": 1, "posicao_ordem_curso": 2, "recurso": "FIL", "seed_ordem_cursos": 42, "status_solver": "OPTIMAL", "tempo_gasto_s": 0.66, "tempo_limite_subproblema_s": 600.0, "tempo_solver_s": 0.29, "variaveis_x_fixadas": 92230, "variaveis_x_livres": 2760, "vizinhanca": "curso"}, {"ciclo": 1, "curso": "CC", "disciplinas_livres": 47, "iteracao": 3, "melhorou": false, "objetivo_anterior": 186761.5, "objetivo_candidato": 186761.5, "objetivo_incumbente": 186761.5, "ordem_cursos": "aleatoria", "passada": 1, "posicao_ordem_curso": 3, "recurso": "CC", "seed_ordem_cursos": 42, "status_solver": "OPTIMAL", "tempo_gasto_s": 1.17, "tempo_limite_subproblema_s": 600.0, "tempo_solver_s": 0.8, "variaveis_x_fixadas": 84456, "variaveis_x_livres": 10534, "vizinhanca": "curso"}, {"ciclo": 1, "curso": "LET", "disciplinas_livres": 36, "iteracao": 4, "melhorou": false, "objetivo_anterior": 186761.5, "objetivo_candidato": 186761.5, "objetivo_incumbente": 186761.5, "ordem_cursos": "aleatoria", "passada": 1, "posicao_ordem_curso": 4, "recurso": "LET", "seed_ordem_cursos": 42, "status_solver": "OPTIMAL", "tempo_gasto_s": 3.5, "tempo_limite_subproblema_s": 600.0, "tempo_solver_s": 3.11, "variaveis_x_fixadas": 85836, "variaveis_x_livres": 9154, "vizinhanca": "curso"}, {"ciclo": 1, "curso": "PED", "disciplinas_livres": 56, "iteracao": 5, "melhorou": true, "objetivo_anterior": 186761.5, "objetivo_candidato": 186711.5, "objetivo_incumbente": 186711.5, "ordem_cursos": "aleatoria", "passada": 1, "posicao_ordem_curso": 5, "recurso": "PED", "seed_ordem_cursos": 42, "status_solver": "OPTIMAL", "tempo_gasto_s": 4.14, "tempo_limite_subproblema_s": 600.0, "tempo_solver_s": 3.78, "variaveis_x_fixadas": 82202, "variaveis_x_livres": 12788, "vizinhanca": "curso"}, {"ciclo": 1, "curso": "ENF", "disciplinas_livres": 18, "iteracao": 6, "melhorou": true, "objetivo_anterior": 186711.5, "objetivo_candidato": 186256.5, "objetivo_incumbente": 186256.5, "ordem_cursos": "aleatoria", "passada": 1, "posicao_ordem_curso": 6, "recurso": "ENF", "seed_ordem_cursos": 42, "status_solver": "OPTIMAL", "tempo_gasto_s": 3.0, "tempo_limite_subproblema_s": 600.0, "tempo_solver_s": 2.65, "variaveis_x_fixadas": 86480, "variaveis_x_livres": 8510, "vizinhanca": "curso"}, {"ciclo": 1, "curso": "MED", "disciplinas_livres": 41, "iteracao": 7, "melhorou": false, "objetivo_anterior": 186256.5, "objetivo_candidato": 186256.5, "objetivo_incumbente": 186256.5, "ordem_cursos": "aleatoria", "passada": 1, "posicao_ordem_curso": 7, "recurso": "MED", "seed_ordem_cursos": 42, "status_solver": "OPTIMAL", "tempo_gasto_s": 1.22, "tempo_limite_subproblema_s": 600.0, "tempo_solver_s": 0.87, "variaveis_x_fixadas": 85606, "variaveis_x_livres": 9384, "vizinhanca": "curso"}, {"ciclo": 1, "curso": "HIS", "disciplinas_livres": 24, "iteracao": 8, "melhorou": false, "objetivo_anterior": 186256.5, "objetivo_candidato": 186256.5, "objetivo_incumbente": 186256.5, "ordem_cursos": "aleatoria", "passada": 1, "posicao_ordem_curso": 8, "recurso": "HIS", "seed_ordem_cursos": 42, "status_solver": "OPTIMAL", "tempo_gasto_s": 0.66, "tempo_limite_subproblema_s": 600.0, "tempo_solver_s": 0.33, "variaveis_x_fixadas": 90206, "variaveis_x_livres": 4784, "vizinhanca": "curso"}, {"ciclo": 1, "curso": "CS", "disciplinas_livres": 22, "iteracao": 9, "melhorou": false, "objetivo_anterior": 186256.5, "objetivo_candidato": 186256.5, "objetivo_incumbente": 186256.5, "ordem_cursos": "aleatoria", "passada": 1, "posicao_ordem_curso": 9, "recurso": "CS", "seed_ordem_cursos": 42, "status_solver": "OPTIMAL", "tempo_gasto_s": 0.64, "tempo_limite_subproblema_s": 600.0, "tempo_solver_s": 0.31, "variaveis_x_fixadas": 90436, "variaveis_x_livres": 4554, "vizinhanca": "curso"}, {"ciclo": 1, "curso": "EAS", "disciplinas_livres": 45, "iteracao": 10, "melhorou": false, "objetivo_anterior": 186256.5, "objetivo_candidato": 186256.5, "objetivo_incumbente": 186256.5, "ordem_cursos": "aleatoria", "passada": 1, "posicao_ordem_curso": 10, "recurso": "EAS", "seed_ordem_cursos": 42, "status_solver": "OPTIMAL", "tempo_gasto_s": 0.66, "tempo_limite_subproblema_s": 600.0, "tempo_solver_s": 0.34, "variaveis_x_fixadas": 87538, "variaveis_x_livres": 7452, "vizinhanca": "curso"}, {"ciclo": 1, "curso": "ADM", "disciplinas_livres": 48, "iteracao": 11, "melhorou": true, "objetivo_anterior": 186256.5, "objetivo_candidato": 186223.5, "objetivo_incumbente": 186223.5, "ordem_cursos": "aleatoria", "passada": 1, "posicao_ordem_curso": 11, "recurso": "ADM", "seed_ordem_cursos": 42, "status_solver": "OPTIMAL", "tempo_gasto_s": 1.03, "tempo_limite_subproblema_s": 600.0, "tempo_solver_s": 0.69, "variaveis_x_fixadas": 85698, "variaveis_x_livres": 9292, "vizinhanca": "curso"}, {"ciclo": 1, "curso": "AGRO", "disciplinas_livres": 51, "iteracao": 12, "melhorou": true, "objetivo_anterior": 186223.5, "objetivo_candidato": 186220.5, "objetivo_incumbente": 186220.5, "ordem_cursos": "aleatoria", "passada": 1, "posicao_ordem_curso": 12, "recurso": "AGRO", "seed_ordem_cursos": 42, "status_solver": "OPTIMAL", "tempo_gasto_s": 3.47, "tempo_limite_subproblema_s": 600.0, "tempo_solver_s": 3.11, "variaveis_x_fixadas": 86250, "variaveis_x_livres": 8740, "vizinhanca": "curso"}, {"ciclo": 1, "curso": "MAT", "disciplinas_livres": 23, "iteracao": 13, "melhorou": true, "objetivo_anterior": 186220.5, "objetivo_candidato": 186190.5, "objetivo_incumbente": 186190.5, "ordem_cursos": "aleatoria", "passada": 1, "posicao_ordem_curso": 13, "recurso": "MAT", "seed_ordem_cursos": 42, "status_solver": "OPTIMAL", "tempo_gasto_s": 0.72, "tempo_limite_subproblema_s": 600.0, "tempo_solver_s": 0.38, "variaveis_x_fixadas": 90022, "variaveis_x_livres": 4968, "vizinhanca": "curso"}, {"ciclo": 1, "curso": "GEO", "disciplinas_livres": 10, "iteracao": 1, "melhorou": false, "objetivo_anterior": 186190.5, "objetivo_candidato": 186190.5, "objetivo_incumbente": 186190.5, "ordem_cursos": "aleatoria", "passada": 2, "posicao_ordem_curso": 1, "recurso": "GEO", "seed_ordem_cursos": 42, "status_solver": "OPTIMAL", "tempo_gasto_s": 0.65, "tempo_limite_subproblema_s": 600.0, "tempo_solver_s": 0.29, "variaveis_x_fixadas": 92920, "variaveis_x_livres": 2070, "vizinhanca": "curso"}, {"ciclo": 1, "curso": "FIL", "disciplinas_livres": 15, "iteracao": 2, "melhorou": false, "objetivo_anterior": 186190.5, "objetivo_candidato": 186190.5, "objetivo_incumbente": 186190.5, "ordem_cursos": "aleatoria", "passada": 2, "posicao_ordem_curso": 2, "recurso": "FIL", "seed_ordem_cursos": 42, "status_solver": "OPTIMAL", "tempo_gasto_s": 0.64, "tempo_limite_subproblema_s": 600.0, "tempo_solver_s": 0.28, "variaveis_x_fixadas": 92230, "variaveis_x_livres": 2760, "vizinhanca": "curso"}, {"ciclo": 1, "curso": "CC", "disciplinas_livres": 47, "iteracao": 3, "melhorou": false, "objetivo_anterior": 186190.5, "objetivo_candidato": 186190.5, "objetivo_incumbente": 186190.5, "ordem_cursos": "aleatoria", "passada": 2, "posicao_ordem_curso": 3, "recurso": "CC", "seed_ordem_cursos": 42, "status_solver": "OPTIMAL", "tempo_gasto_s": 1.16, "tempo_limite_subproblema_s": 600.0, "tempo_solver_s": 0.8, "variaveis_x_fixadas": 84456, "variaveis_x_livres": 10534, "vizinhanca": "curso"}, {"ciclo": 1, "curso": "LET", "disciplinas_livres": 36, "iteracao": 4, "melhorou": true, "objetivo_anterior": 186190.5, "objetivo_candidato": 186186.5, "objetivo_incumbente": 186186.5, "ordem_cursos": "aleatoria", "passada": 2, "posicao_ordem_curso": 4, "recurso": "LET", "seed_ordem_cursos": 42, "status_solver": "OPTIMAL", "tempo_gasto_s": 4.38, "tempo_limite_subproblema_s": 600.0, "tempo_solver_s": 3.97, "variaveis_x_fixadas": 85836, "variaveis_x_livres": 9154, "vizinhanca": "curso"}, {"ciclo": 1, "curso": "PED", "disciplinas_livres": 56, "iteracao": 5, "melhorou": false, "objetivo_anterior": 186186.5, "objetivo_candidato": 186186.5, "objetivo_incumbente": 186186.5, "ordem_cursos": "aleatoria", "passada": 2, "posicao_ordem_curso": 5, "recurso": "PED", "seed_ordem_cursos": 42, "status_solver": "OPTIMAL", "tempo_gasto_s": 3.39, "tempo_limite_subproblema_s": 600.0, "tempo_solver_s": 3.04, "variaveis_x_fixadas": 82202, "variaveis_x_livres": 12788, "vizinhanca": "curso"}, {"ciclo": 1, "curso": "ENF", "disciplinas_livres": 18, "iteracao": 6, "melhorou": false, "objetivo_anterior": 186186.5, "objetivo_candidato": 186186.5, "objetivo_incumbente": 186186.5, "ordem_cursos": "aleatoria", "passada": 2, "posicao_ordem_curso": 6, "recurso": "ENF", "seed_ordem_cursos": 42, "status_solver": "OPTIMAL", "tempo_gasto_s": 2.05, "tempo_limite_subproblema_s": 600.0, "tempo_solver_s": 1.7, "variaveis_x_fixadas": 86480, "variaveis_x_livres": 8510, "vizinhanca": "curso"}, {"ciclo": 1, "curso": "MED", "disciplinas_livres": 41, "iteracao": 7, "melhorou": false, "objetivo_anterior": 186186.5, "objetivo_candidato": 186186.5, "objetivo_incumbente": 186186.5, "ordem_cursos": "aleatoria", "passada": 2, "posicao_ordem_curso": 7, "recurso": "MED", "seed_ordem_cursos": 42, "status_solver": "OPTIMAL", "tempo_gasto_s": 1.26, "tempo_limite_subproblema_s": 600.0, "tempo_solver_s": 0.91, "variaveis_x_fixadas": 85606, "variaveis_x_livres": 9384, "vizinhanca": "curso"}, {"ciclo": 1, "curso": "HIS", "disciplinas_livres": 24, "iteracao": 8, "melhorou": false, "objetivo_anterior": 186186.5, "objetivo_candidato": 186186.5, "objetivo_incumbente": 186186.5, "ordem_cursos": "aleatoria", "passada": 2, "posicao_ordem_curso": 8, "recurso": "HIS", "seed_ordem_cursos": 42, "status_solver": "OPTIMAL", "tempo_gasto_s": 0.73, "tempo_limite_subproblema_s": 600.0, "tempo_solver_s": 0.36, "variaveis_x_fixadas": 90206, "variaveis_x_livres": 4784, "vizinhanca": "curso"}, {"ciclo": 1, "curso": "CS", "disciplinas_livres": 22, "iteracao": 9, "melhorou": false, "objetivo_anterior": 186186.5, "objetivo_candidato": 186186.5, "objetivo_incumbente": 186186.5, "ordem_cursos": "aleatoria", "passada": 2, "posicao_ordem_curso": 9, "recurso": "CS", "seed_ordem_cursos": 42, "status_solver": "OPTIMAL", "tempo_gasto_s": 0.64, "tempo_limite_subproblema_s": 600.0, "tempo_solver_s": 0.31, "variaveis_x_fixadas": 90436, "variaveis_x_livres": 4554, "vizinhanca": "curso"}, {"ciclo": 1, "curso": "EAS", "disciplinas_livres": 45, "iteracao": 10, "melhorou": false, "objetivo_anterior": 186186.5, "objetivo_candidato": 186186.5, "objetivo_incumbente": 186186.5, "ordem_cursos": "aleatoria", "passada": 2, "posicao_ordem_curso": 10, "recurso": "EAS", "seed_ordem_cursos": 42, "status_solver": "OPTIMAL", "tempo_gasto_s": 0.66, "tempo_limite_subproblema_s": 600.0, "tempo_solver_s": 0.34, "variaveis_x_fixadas": 87538, "variaveis_x_livres": 7452, "vizinhanca": "curso"}, {"ciclo": 1, "curso": "ADM", "disciplinas_livres": 48, "iteracao": 11, "melhorou": false, "objetivo_anterior": 186186.5, "objetivo_candidato": 186186.5, "objetivo_incumbente": 186186.5, "ordem_cursos": "aleatoria", "passada": 2, "posicao_ordem_curso": 11, "recurso": "ADM", "seed_ordem_cursos": 42, "status_solver": "OPTIMAL", "tempo_gasto_s": 0.98, "tempo_limite_subproblema_s": 600.0, "tempo_solver_s": 0.66, "variaveis_x_fixadas": 85698, "variaveis_x_livres": 9292, "vizinhanca": "curso"}, {"ciclo": 1, "curso": "AGRO", "disciplinas_livres": 51, "iteracao": 12, "melhorou": false, "objetivo_anterior": 186186.5, "objetivo_candidato": 186186.5, "objetivo_incumbente": 186186.5, "ordem_cursos": "aleatoria", "passada": 2, "posicao_ordem_curso": 12, "recurso": "AGRO", "seed_ordem_cursos": 42, "status_solver": "OPTIMAL", "tempo_gasto_s": 3.53, "tempo_limite_subproblema_s": 600.0, "tempo_solver_s": 3.2, "variaveis_x_fixadas": 86250, "variaveis_x_livres": 8740, "vizinhanca": "curso"}, {"ciclo": 1, "curso": "MAT", "disciplinas_livres": 23, "iteracao": 13, "melhorou": false, "objetivo_anterior": 186186.5, "objetivo_candidato": 186186.5, "objetivo_incumbente": 186186.5, "ordem_cursos": "aleatoria", "passada": 2, "posicao_ordem_curso": 13, "recurso": "MAT", "seed_ordem_cursos": 42, "status_solver": "OPTIMAL", "tempo_gasto_s": 0.67, "tempo_limite_subproblema_s": 600.0, "tempo_solver_s": 0.35, "variaveis_x_fixadas": 90022, "variaveis_x_livres": 4968, "vizinhanca": "curso"}, {"ciclo": 1, "curso": "GEO", "disciplinas_livres": 10, "iteracao": 1, "melhorou": false, "objetivo_anterior": 186186.5, "objetivo_candidato": 186186.5, "objetivo_incumbente": 186186.5, "ordem_cursos": "aleatoria", "passada": 3, "posicao_ordem_curso": 1, "recurso": "GEO", "seed_ordem_cursos": 42, "status_solver": "OPTIMAL", "tempo_gasto_s": 0.6, "tempo_limite_subproblema_s": 600.0, "tempo_solver_s": 0.27, "variaveis_x_fixadas": 92920, "variaveis_x_livres": 2070, "vizinhanca": "curso"}, {"ciclo": 1, "curso": "FIL", "disciplinas_livres": 15, "iteracao": 2, "melhorou": false, "objetivo_anterior": 186186.5, "objetivo_candidato": 186186.5, "objetivo_incumbente": 186186.5, "ordem_cursos": "aleatoria", "passada": 3, "posicao_ordem_curso": 2, "recurso": "FIL", "seed_ordem_cursos": 42, "status_solver": "OPTIMAL", "tempo_gasto_s": 0.6, "tempo_limite_subproblema_s": 600.0, "tempo_solver_s": 0.27, "variaveis_x_fixadas": 92230, "variaveis_x_livres": 2760, "vizinhanca": "curso"}, {"ciclo": 1, "curso": "CC", "disciplinas_livres": 47, "iteracao": 3, "melhorou": false, "objetivo_anterior": 186186.5, "objetivo_candidato": 186186.5, "objetivo_incumbente": 186186.5, "ordem_cursos": "aleatoria", "passada": 3, "posicao_ordem_curso": 3, "recurso": "CC", "seed_ordem_cursos": 42, "status_solver": "OPTIMAL", "tempo_gasto_s": 1.89, "tempo_limite_subproblema_s": 600.0, "tempo_solver_s": 1.57, "variaveis_x_fixadas": 84456, "variaveis_x_livres": 10534, "vizinhanca": "curso"}, {"ciclo": 1, "curso": "LET", "disciplinas_livres": 36, "iteracao": 4, "melhorou": false, "objetivo_anterior": 186186.5, "objetivo_candidato": 186186.5, "objetivo_incumbente": 186186.5, "ordem_cursos": "aleatoria", "passada": 3, "posicao_ordem_curso": 4, "recurso": "LET", "seed_ordem_cursos": 42, "status_solver": "OPTIMAL", "tempo_gasto_s": 4.92, "tempo_limite_subproblema_s": 600.0, "tempo_solver_s": 4.59, "variaveis_x_fixadas": 85836, "variaveis_x_livres": 9154, "vizinhanca": "curso"}, {"ciclo": 1, "curso": "PED", "disciplinas_livres": 56, "iteracao": 5, "melhorou": false, "objetivo_anterior": 186186.5, "objetivo_candidato": 186186.5, "objetivo_incumbente": 186186.5, "ordem_cursos": "aleatoria", "passada": 3, "posicao_ordem_curso": 5, "recurso": "PED", "seed_ordem_cursos": 42, "status_solver": "OPTIMAL", "tempo_gasto_s": 3.37, "tempo_limite_subproblema_s": 600.0, "tempo_solver_s": 3.02, "variaveis_x_fixadas": 82202, "variaveis_x_livres": 12788, "vizinhanca": "curso"}, {"ciclo": 1, "curso": "ENF", "disciplinas_livres": 18, "iteracao": 6, "melhorou": false, "objetivo_anterior": 186186.5, "objetivo_candidato": 186186.5, "objetivo_incumbente": 186186.5, "ordem_cursos": "aleatoria", "passada": 3, "posicao_ordem_curso": 6, "recurso": "ENF", "seed_ordem_cursos": 42, "status_solver": "OPTIMAL", "tempo_gasto_s": 2.01, "tempo_limite_subproblema_s": 600.0, "tempo_solver_s": 1.67, "variaveis_x_fixadas": 86480, "variaveis_x_livres": 8510, "vizinhanca": "curso"}, {"ciclo": 1, "curso": "MED", "disciplinas_livres": 41, "iteracao": 7, "melhorou": false, "objetivo_anterior": 186186.5, "objetivo_candidato": 186186.5, "objetivo_incumbente": 186186.5, "ordem_cursos": "aleatoria", "passada": 3, "posicao_ordem_curso": 7, "recurso": "MED", "seed_ordem_cursos": 42, "status_solver": "OPTIMAL", "tempo_gasto_s": 1.31, "tempo_limite_subproblema_s": 600.0, "tempo_solver_s": 0.94, "variaveis_x_fixadas": 85606, "variaveis_x_livres": 9384, "vizinhanca": "curso"}, {"ciclo": 1, "curso": "HIS", "disciplinas_livres": 24, "iteracao": 8, "melhorou": false, "objetivo_anterior": 186186.5, "objetivo_candidato": 186186.5, "objetivo_incumbente": 186186.5, "ordem_cursos": "aleatoria", "passada": 3, "posicao_ordem_curso": 8, "recurso": "HIS", "seed_ordem_cursos": 42, "status_solver": "OPTIMAL", "tempo_gasto_s": 0.66, "tempo_limite_subproblema_s": 600.0, "tempo_solver_s": 0.34, "variaveis_x_fixadas": 90206, "variaveis_x_livres": 4784, "vizinhanca": "curso"}, {"ciclo": 1, "curso": "CS", "disciplinas_livres": 22, "iteracao": 9, "melhorou": false, "objetivo_anterior": 186186.5, "objetivo_candidato": 186186.5, "objetivo_incumbente": 186186.5, "ordem_cursos": "aleatoria", "passada": 3, "posicao_ordem_curso": 9, "recurso": "CS", "seed_ordem_cursos": 42, "status_solver": "OPTIMAL", "tempo_gasto_s": 0.63, "tempo_limite_subproblema_s": 600.0, "tempo_solver_s": 0.31, "variaveis_x_fixadas": 90436, "variaveis_x_livres": 4554, "vizinhanca": "curso"}, {"ciclo": 1, "curso": "EAS", "disciplinas_livres": 45, "iteracao": 10, "melhorou": false, "objetivo_anterior": 186186.5, "objetivo_candidato": 186186.5, "objetivo_incumbente": 186186.5, "ordem_cursos": "aleatoria", "passada": 3, "posicao_ordem_curso": 10, "recurso": "EAS", "seed_ordem_cursos": 42, "status_solver": "OPTIMAL", "tempo_gasto_s": 0.65, "tempo_limite_subproblema_s": 600.0, "tempo_solver_s": 0.33, "variaveis_x_fixadas": 87538, "variaveis_x_livres": 7452, "vizinhanca": "curso"}, {"ciclo": 1, "curso": "ADM", "disciplinas_livres": 48, "iteracao": 11, "melhorou": false, "objetivo_anterior": 186186.5, "objetivo_candidato": 186186.5, "objetivo_incumbente": 186186.5, "ordem_cursos": "aleatoria", "passada": 3, "posicao_ordem_curso": 11, "recurso": "ADM", "seed_ordem_cursos": 42, "status_solver": "OPTIMAL", "tempo_gasto_s": 0.96, "tempo_limite_subproblema_s": 600.0, "tempo_solver_s": 0.65, "variaveis_x_fixadas": 85698, "variaveis_x_livres": 9292, "vizinhanca": "curso"}, {"ciclo": 1, "curso": "AGRO", "disciplinas_livres": 51, "iteracao": 12, "melhorou": false, "objetivo_anterior": 186186.5, "objetivo_candidato": 186186.5, "objetivo_incumbente": 186186.5, "ordem_cursos": "aleatoria", "passada": 3, "posicao_ordem_curso": 12, "recurso": "AGRO", "seed_ordem_cursos": 42, "status_solver": "OPTIMAL", "tempo_gasto_s": 3.51, "tempo_limite_subproblema_s": 600.0, "tempo_solver_s": 3.18, "variaveis_x_fixadas": 86250, "variaveis_x_livres": 8740, "vizinhanca": "curso"}, {"ciclo": 1, "curso": "MAT", "disciplinas_livres": 23, "iteracao": 13, "melhorou": false, "objetivo_anterior": 186186.5, "objetivo_candidato": 186186.5, "objetivo_incumbente": 186186.5, "ordem_cursos": "aleatoria", "passada": 3, "posicao_ordem_curso": 13, "recurso": "MAT", "seed_ordem_cursos": 42, "status_solver": "OPTIMAL", "tempo_gasto_s": 0.65, "tempo_limite_subproblema_s": 600.0, "tempo_solver_s": 0.33, "variaveis_x_fixadas": 90022, "variaveis_x_livres": 4968, "vizinhanca": "curso"}], "melhorias_aceitas": 6, "objetivo_final": 186186.5, "objetivo_inicial": 186761.5, "ordem_cursos": "aleatoria", "passadas_executadas": 3, "seed_ordem_cursos": 42, "status": "CONCLUIDO", "tempo_total_s": 247.89, "tipo_vizinhanca": "curso", "total_iteracoes": 39}
