Agrupamento!
Curso:  ADMINISTRAÇÃO
Disciplina 1: GCS528_1 | ('2M2345 (04/03/2024 - 29/04/2024)',)
Disciplina 2: GCH087_1 | ('2M2345 (06/05/2024 - 01/07/2024)',)
Agrupamento!
Curso:  ENFERMAGEM
Disciplina 1: GCH090_1 | ('3T1234 (06/05/2024 - 06/07/2024)',)
Disciplina 2: GSA020_1 | ('3T1234 (04/03/2024 - 04/05/2024)',)
Agrupamento!
Curso:  ENGENHARIA AMBIENTAL E SANITÁRIA
Disciplina 1: GEN108_1 | ('2T345 (04/03/2024 - 11/05/2024),  2T345 6T45 (13/05/2024 - 06/07/2024),  2T34 (08/07/2024 - 13/07/2024)',)
Disciplina 2: GEN107_1 | ('5T123 6T45 (04/03/2024 - 11/05/2024),  5T123 (13/05/2024 - 13/07/2024)',)
Agrupamento!
Curso:  LETRAS - PORTUGUÊS E ESPANHOL
Disciplina 1: GLA369_1 | ('2N1234 (15/04/2024 - 15/06/2024),  2T12  2N1234 (17/06/2024 - 22/06/2024)',)
Disciplina 2: GCH837_2 | ('2T12345  2N1234 (04/03/2024 - 13/04/2024),  2T12345 (15/04/2024 - 04/05/2024),  2T12345 (27/05/2024 - 08/06/2024),  2T12345 (10/06/2024 - 15/06/2024),  2N1234 (24/06/2024 - 13/07/2024)',)
Agrupamento!
Curso:  LETRAS - PORTUGUÊS E ESPANHOL
Disciplina 1: GLA381_1 | ('4N1234 (08/04/2024 - 11/05/2024),  4T1234  4N1234 (13/05/2024 - 25/05/2024),  4N1234 (27/05/2024 - 13/07/2024)',)
Disciplina 2: GLA379_1 | ('4N1234 (04/03/2024 - 06/04/2024),   2N1234 (08/04/2024 - 13/04/2024),  2N1234 (29/04/2024 - 11/05/2024), 2N1234 (24/06/2024 - 24/06/2024)',)
Agrupamento!
Curso:  LETRAS - PORTUGUÊS E ESPANHOL
Disciplina 1: GLA380_1 | ('6N1234 (20/05/2024 - 01/06/2024),  6T1234  6N1234 (03/06/2024 - 08/06/2024),  6N1234 (10/06/2024 - 13/07/2024)',)
Disciplina 2: GLA384_1 | ('6T12  6N1234 (04/03/2024 - 09/03/2024),  6N1234 (11/03/2024 - 18/05/2024)',)
Agrupamento!
Curso:  LETRAS - PORTUGUÊS E ESPANHOL
Disciplina 1: GLA383_1 | ('2N1234 (04/03/2024 - 06/04/2024),  2N1234 (15/04/2024 - 27/04/2024),  2N1234 (13/05/2024 - 22/06/2024),  2N1234 (01/07/2024 - 13/07/2024)',)
Disciplina 2: GLA379_1 | ('4N1234 (04/03/2024 - 06/04/2024),   2N1234 (08/04/2024 - 13/04/2024),  2N1234 (29/04/2024 - 11/05/2024), 2N1234 (24/06/2024 - 24/06/2024)',)
Agrupamento!
Curso:  LETRAS - PORTUGUÊS E ESPANHOL
Disciplina 1: GLA386_1 | ('3N1234 (29/04/2024 - 06/07/2024),  3N12 (08/07/2024 - 13/07/2024)',)
Disciplina 2: GLA385_1 | ('3T12345  3N1234 (04/03/2024 - 16/03/2024),  3N1234 (18/03/2024 - 27/04/2024)',)
Agrupamento!
Curso:  LETRAS - PORTUGUÊS E ESPANHOL
Disciplina 1: GLA395_1 | ('2T1234  2N1234 (04/03/2024 - 23/03/2024),  2T1234 (25/03/2024 - 30/03/2024),  2N1234 (01/07/2024 - 13/07/2024)',)
Disciplina 2: GLA397_1 | ('2N1234 (25/03/2024 - 01/06/2024),  2N12 (03/06/2024 - 08/06/2024)',)
Agrupamento!
Curso:  MATEMÁTICA
Disciplina 1: GEX983_1 | ('6N1234 (04/03/2024 - 26/04/2024),  6N12 (03/05/2024 - 03/05/2024)',)
Disciplina 2: GEX980_1 | ('6N1234 (17/05/2024 - 24/05/2024),  6N1234 (07/06/2024 - 05/07/2024),  6N12 (12/07/2024 - 12/07/2024)',)
Agrupamento!
Curso:  MATEMÁTICA
Disciplina 1: GEX989_1 | ('4N1234 (13/03/2024 - 13/03/2024),  4N1234 (10/04/2024 - 10/04/2024),  4N1234 (08/05/2024 - 08/05/2024),  4N1234 (22/05/2024 - 22/05/2024),  4N1234 (12/06/2024 - 12/06/2024),  2N1234 (17/06/2024 - 17/06/2024),  24N1234 (24/06/2024 - 26/06/2024),  2N1234 (01/07/2024 - 01/07/2024)',)
Disciplina 2: GEX988_1 | ('2N1234 (04/03/2024 - 10/06/2024)',)
Agrupamento!
Curso:  MATEMÁTICA
Disciplina 1: GEX996_1 | ('2N1234 (04/03/2024 - 04/03/2024),  2N1234 (18/03/2024 - 18/03/2024),  2N1234 (01/04/2024 - 01/04/2024),  2N1234 (15/04/2024 - 15/04/2024),  2N1234 (29/04/2024 - 29/04/2024),  2N1234 (13/05/2024 - 13/05/2024),  2N1234 (27/05/2024 - 27/05/2024),  2N1234 (10/06/2024 - 10/06/2024),  2N1234 (24/06/2024 - 24/06/2024)',)
Disciplina 2: GEX995_1 | ('2N1234 (11/03/2024 - 11/03/2024),  2T2345  2N1234 (25/03/2024 - 25/03/2024),  2T2345 (01/04/2024 - 01/04/2024),  2T2345  2N1234 (08/04/2024 - 08/04/2024),  2T2345 (15/04/2024 - 15/04/2024),  2T2345  2N1234 (22/04/2024 - 22/04/2024),  2T2345 (29/04/2024 - 29/04/2024),  2T2345  2N1234 (06/05/2024 - 06/05/2024),  2T2345 (13/05/2024 - 13/05/2024),  2T2345  2N1234 (20/05/2024 - 20/05/2024),  2T2345 (27/05/2024 - 27/05/2024),  2T2345  2N1234 (03/06/2024 - 03/06/2024),  2T2345 (10/06/2024 - 10/06/2024),  2T2345  2N1234 (17/06/2024 - 17/06/2024),  2T2345 (24/06/2024 - 24/06/2024),  2N12 (01/07/2024 - 01/07/2024)',)
Agrupamento!
Curso:  MEDICINA
Disciplina 1: GSA286_1 | ('4T1234 (06/03/2024 - 06/03/2024),  4T1234 (20/03/2024 - 20/03/2024),  4T1234 (03/04/2024 - 03/04/2024),  4T1234 (17/04/2024 - 17/04/2024),  4T1234 (08/05/2024 - 08/05/2024),  4T1234 (22/05/2024 - 22/05/2024),  4T1234 (29/05/2024 - 29/05/2024),  4T1234 (12/06/2024 - 12/06/2024),  4T1234 (26/06/2024 - 26/06/2024)',)
Disciplina 2: GSA285_1 | ('4T12345 (05/06/2024 - 05/06/2024),  4T12345 (19/06/2024 - 19/06/2024),  4T12345 (03/07/2024 - 03/07/2024),  4T123 (10/07/2024 - 10/07/2024)',)
Agrupamento!
Curso:  PEDAGOGIA
Disciplina 1: GCH1036_1 | ('5M1234 (28/03/2024 - 28/03/2024), 5M1234 (02/05/2024 - 02/05/2024), 5M1234 (06/06/2024 - 06/06/2024), 5M1234 (20/06/2024 - 20/06/2024), 5M12 (27/06/2024 - 27/06/2024)',)
Disciplina 2: GCH1100_1 | ('5M1234 (04/03/2024 - 21/03/2024), 5M1234 (04/04/2024 - 25/04/2024), 5M1234 (09/05/2024 - 09/05/2024), 5M1234 (16/05/2024 - 16/05/2024)',)
Agrupamento!
Curso:  PEDAGOGIA
Disciplina 1: GCH1039_1 | ('4N1234 (27/03/2024 - 27/03/2024),  4N1234 (08/05/2024 - 08/05/2024),  4N1234 (27/05/2024 - 08/06/2024),  4N12 (12/06/2024 - 12/06/2024)',)
Disciplina 2: GCH1038_1 | ('4N1234 (04/03/2024 - 23/03/2024),  4N1234 (01/04/2024 - 27/04/2024),  4N1234 (13/05/2024 - 25/05/2024)',)
Agrupamento!
Curso:  PEDAGOGIA
Disciplina 1: GCH1099_1 | ('6M1234 (04/03/2024 - 23/03/2024), 6M1234 (08/04/2024 - 04/05/2024), 6M1234 (13/05/2024 - 01/06/2024), 6M1234 (14/06/2024 - 14/06/2024), 6M34 (28/06/2024 - 28/06/2024), 6M1234 (01/07/2024 - 13/07/2024)',)
Disciplina 2: GCH1088_1 | ('6M1234 (01/04/2024 - 06/04/2024), 6M1234 (06/05/2024 - 11/05/2024), 6M1234 (03/06/2024 - 08/06/2024), 6M1234 (17/06/2024 - 22/06/2024), 6M12 (24/06/2024 - 29/06/2024)',)
Agrupamento!
Curso:  PEDAGOGIA
Disciplina 1: GCH1105_1 | ('3N1234 (04/03/2024 - 30/03/2024), 7M123456  3N1234 (01/07/2024 - 13/07/2024)',)
Disciplina 2: GCH1104_1 | ('3N1234 (01/04/2024 - 27/04/2024),  3N1234 (06/05/2024 - 18/05/2024)',)
Agrupamento!
Curso:  PEDAGOGIA
Disciplina 1: GCH1106_1 | ('2N1234 (25/03/2024 - 25/03/2024),  2N1234 (29/04/2024 - 29/04/2024),  2N1234 (27/05/2024 - 27/05/2024),  2N1234 (10/06/2024 - 10/06/2024),  2N12 (17/06/2024 - 17/06/2024)',)
Disciplina 2: GCH1102_1 | ('2N1234 (04/03/2024 - 23/03/2024),  2N1234 (01/04/2024 - 27/04/2024),  2N1234 (06/05/2024 - 25/05/2024),  2N1234 (03/06/2024 - 03/06/2024),  2N34 (17/06/2024 - 17/06/2024),  2N1234 (24/06/2024 - 06/07/2024)',)
Agrupamento!
Curso:  PEDAGOGIA
Disciplina 1: GCH1109_1 | ('3M1234 (06/05/2024 - 06/07/2024)',)
Disciplina 2: GCH1108_1 | ('3M1234 (04/03/2024 - 04/05/2024)',)
Agrupamento!
Curso:  PEDAGOGIA
Disciplina 1: GCH1111_1 | ('5M1234 (28/03/2024 - 28/03/2024), 5M1234 (02/05/2024 - 02/05/2024), 5M1234 (06/06/2024 - 06/06/2024), 5M1234 (20/06/2024 - 20/06/2024), 5M12 (27/06/2024 - 27/06/2024)',)
Disciplina 2: GCH837_3 | ('57M12345 (04/03/2024 - 23/03/2024), 57M12345 (01/04/2024 - 27/04/2024), 5M12345 (06/05/2024 - 25/05/2024), 57M12345 (13/06/2024 - 15/06/2024), 5M345 (27/06/2024 - 27/06/2024), 5M12345 (01/07/2024 - 13/07/2024)',)
Agrupamento!
Curso:  PEDAGOGIA
Disciplina 1: GCH1114_1 | ('7M2345  5N1234 (06/05/2024 - 25/05/2024), 7M2345  5N1234 (27/05/2024 - 08/06/2024),  5N1234 (10/06/2024 - 13/07/2024)',)
Disciplina 2: GCH1115_1 | ('7M2345  5N1234 (04/03/2024 - 23/03/2024),  5N1234 (25/03/2024 - 20/04/2024), 7M2345  5N1234 (22/04/2024 - 04/05/2024)',)
Agrupamento!
Curso:  PEDAGOGIA
Disciplina 1: GCH1116_1 | ('4N1234 (27/03/2024 - 27/03/2024),  4N1234 (08/05/2024 - 08/05/2024),  4N1234 (05/06/2024 - 05/06/2024),  4N1234 (19/06/2024 - 19/06/2024),  4N12 (26/06/2024 - 26/06/2024)',)
Disciplina 2: GCH1113_1 | ('4N1234 (04/03/2024 - 23/03/2024),  4N1234 (01/04/2024 - 27/04/2024),  4N1234 (13/05/2024 - 01/06/2024),  4N1234 (12/06/2024 - 12/06/2024),  4N34 (26/06/2024 - 26/06/2024), 7M123456  7T123  4N1234 (01/07/2024 - 13/07/2024)',)
Agrupamento!
Curso:  PEDAGOGIA
Disciplina 1: GLA240_1 | ('5M1234 (04/03/2024 - 04/05/2024)',)
Disciplina 2: GCH1119_1 | ('5M1234 (06/05/2024 - 13/07/2024)',)
Agrupamento!
Curso:  PEDAGOGIA
Disciplina 1: GEX776_1 | ('6M1234 (13/05/2024 - 13/07/2024)',)
Disciplina 2: GCH1118_1 | ('6M1234 (04/03/2024 - 11/05/2024)',)
Agrupamento!
Curso:  PEDAGOGIA
Disciplina 1: GCH1121_1 | ('7M2345 (09/03/2024 - 09/03/2024),  4N1234 (13/03/2024 - 13/03/2024), 7M2345 (16/03/2024 - 16/03/2024), 7M2345 (23/03/2024 - 23/03/2024),  4N1234 (10/04/2024 - 10/04/2024),  4N1234 (08/05/2024 - 08/05/2024),  4N1234 (22/05/2024 - 22/05/2024),  4N1234 (12/06/2024 - 12/06/2024),  4N1234 (26/06/2024 - 26/06/2024)',)
Disciplina 2: GEX777_1 | ('4N1234 (06/03/2024 - 06/03/2024),  4N1234 (18/03/2024 - 06/04/2024),  4N1234 (15/04/2024 - 27/04/2024), 7M2345  4N1234 (15/05/2024 - 18/05/2024), 7M2345  4N1234 (27/05/2024 - 08/06/2024), 7M2345  4N1234 (19/06/2024 - 22/06/2024), 7M2345  4N1234 (01/07/2024 - 13/07/2024)',)
Agrupamento!
Curso:  PEDAGOGIA
Disciplina 1: GCH1126_1 | ('2N1234 (25/03/2024 - 25/03/2024),  2N1234 (29/04/2024 - 29/04/2024),  2N1234 (27/05/2024 - 27/05/2024),  2N1234 (10/06/2024 - 10/06/2024),  2N12 (17/06/2024 - 17/06/2024)',)
Disciplina 2: GCH1122_1 | ('2N1234 (04/03/2024 - 23/03/2024),  2N1234 (01/04/2024 - 27/04/2024),  2N1234 (06/05/2024 - 06/05/2024),  2N1234 (13/05/2024 - 13/05/2024),  7T2345 (18/05/2024 - 18/05/2024),  2N1234 (20/05/2024 - 20/05/2024),  7T2345 (25/05/2024 - 25/05/2024),  7T2345 (01/06/2024 - 01/06/2024),  2N1234 (03/06/2024 - 03/06/2024),  7T2345 (08/06/2024 - 08/06/2024),  2N1234 (24/06/2024 - 13/07/2024)',)
Agrupamento!
Curso:  PEDAGOGIA
Disciplina 1: GCH1134_1 | ('3N1234 (26/03/2024 - 26/03/2024),  3N1234 (30/04/2024 - 30/04/2024),  3N1234 (21/05/2024 - 01/06/2024),  3N12 (04/06/2024 - 04/06/2024)',)
Disciplina 2: GCH1132_1 | ('3N1234 (04/03/2024 - 23/03/2024),  3N1234 (01/04/2024 - 27/04/2024),  3N1234 (06/05/2024 - 18/05/2024)',)
Agrupamentos:  27
Set parameter Username
Set parameter LicenseID to value 2851439
Academic license - for non-commercial use only - expires 2027-08-04
Set parameter TimeLimit to value 25200
Set parameter TimeLimit to value 300
Set parameter MIPFocus to value 1
Set parameter NoRelHeurTime to value 300
Gurobi Optimizer version 10.0.2 build v10.0.2rc0 (mac64[arm])

CPU model: Apple M5
Thread count: 10 physical cores, 10 logical processors, using up to 10 threads

Optimize a model with 548706 rows, 284763 columns and 1341935 nonzeros
Model fingerprint: 0x554225e6
Variable types: 0 continuous, 284763 integer (264707 binary)
Coefficient statistics:
  Matrix range     [1e+00, 8e+01]
  Objective range  [5e-01, 2e+03]
  Bounds range     [1e+00, 1e+00]
  RHS range        [1e+00, 1e+02]
Found heuristic solution: objective 4130000.0000
Presolve removed 258478 rows and 68178 columns
Presolve time: 1.59s
Presolved: 290228 rows, 216585 columns, 898474 nonzeros
Variable types: 0 continuous, 216585 integer (216585 binary)
Found heuristic solution: objective 3264725.0000
Starting NoRel heuristic
Found heuristic solution: objective 3264325.0000
Found heuristic solution: objective 1205379.0000
Found heuristic solution: objective 1168629.0000
Found heuristic solution: objective 1167689.0000
Found heuristic solution: objective 1014507.5000
Found heuristic solution: objective 1001215.0000
Found heuristic solution: objective 980986.50000
Found heuristic solution: objective 961056.50000
Found heuristic solution: objective 958228.00000
Found heuristic solution: objective 916147.00000
Elapsed time for NoRel heuristic: 5s (best bound -3.1692e+06)
Found heuristic solution: objective 878620.00000
Found heuristic solution: objective 870740.00000
Found heuristic solution: objective 844845.00000
Found heuristic solution: objective 810575.50000
Found heuristic solution: objective 801066.00000
Found heuristic solution: objective 500264.00000
Found heuristic solution: objective 499864.00000
Found heuristic solution: objective 489746.00000
Found heuristic solution: objective 470090.50000
Found heuristic solution: objective 466390.50000
Found heuristic solution: objective 455585.50000
Found heuristic solution: objective 449164.50000
Found heuristic solution: objective 440196.00000
Found heuristic solution: objective 435634.50000
Found heuristic solution: objective 418926.00000
Found heuristic solution: objective 414821.00000
Found heuristic solution: objective 411606.00000
Found heuristic solution: objective 410262.50000
Found heuristic solution: objective 406462.50000
Found heuristic solution: objective 400876.00000
Found heuristic solution: objective 367801.50000
Elapsed time for NoRel heuristic: 11s (best bound -2.80555e+06)
Found heuristic solution: objective 366830.00000
Found heuristic solution: objective 363434.50000
Found heuristic solution: objective 361914.00000
Found heuristic solution: objective 361384.50000
Found heuristic solution: objective 361084.50000
Found heuristic solution: objective 356589.00000
Found heuristic solution: objective 350552.00000
Found heuristic solution: objective 324668.00000
Found heuristic solution: objective 292767.50000
Found heuristic solution: objective 290377.00000
Found heuristic solution: objective 289797.00000
Found heuristic solution: objective 288797.00000
Found heuristic solution: objective 287547.00000
Elapsed time for NoRel heuristic: 16s (best bound -2.73435e+06)
Found heuristic solution: objective 285877.00000
Found heuristic solution: objective 285492.00000
Found heuristic solution: objective 283407.50000
Found heuristic solution: objective 279425.00000
Found heuristic solution: objective 277334.50000
Found heuristic solution: objective 275884.50000
Found heuristic solution: objective 275584.50000
Found heuristic solution: objective 274804.50000
Found heuristic solution: objective 274304.50000
Found heuristic solution: objective 273764.50000
Found heuristic solution: objective 271257.50000
Found heuristic solution: objective 270139.00000
Elapsed time for NoRel heuristic: 22s (best bound -2.1826e+06)
Found heuristic solution: objective 269539.00000
Found heuristic solution: objective 255639.00000
Found heuristic solution: objective 254829.00000
Found heuristic solution: objective 251338.00000
Found heuristic solution: objective 250938.00000
Found heuristic solution: objective 249513.00000
Found heuristic solution: objective 248763.00000
Found heuristic solution: objective 247303.00000
Found heuristic solution: objective 246158.00000
Elapsed time for NoRel heuristic: 29s (best bound -2.0731e+06)
Found heuristic solution: objective 241998.50000
Found heuristic solution: objective 239900.50000
Found heuristic solution: objective 237641.00000
Found heuristic solution: objective 233357.00000
Found heuristic solution: objective 232451.50000
Found heuristic solution: objective 231921.50000
Found heuristic solution: objective 231421.50000
Found heuristic solution: objective 231296.50000
Found heuristic solution: objective 229526.50000
Found heuristic solution: objective 227472.50000
Elapsed time for NoRel heuristic: 35s (best bound -1.66275e+06)
Found heuristic solution: objective 221368.00000
Found heuristic solution: objective 218695.00000
Found heuristic solution: objective 218195.00000
Found heuristic solution: objective 218175.00000
Found heuristic solution: objective 217930.00000
Found heuristic solution: objective 217273.00000
Found heuristic solution: objective 216016.00000
Elapsed time for NoRel heuristic: 41s (best bound -1.34295e+06)
Found heuristic solution: objective 212777.50000
Found heuristic solution: objective 209085.50000
Found heuristic solution: objective 207924.00000
Found heuristic solution: objective 206557.50000
Elapsed time for NoRel heuristic: 46s (best bound -727700)
Found heuristic solution: objective 204211.00000
Found heuristic solution: objective 201797.50000
Found heuristic solution: objective 201772.50000
Found heuristic solution: objective 201486.50000
Found heuristic solution: objective 201417.00000
Found heuristic solution: objective 200153.50000
Found heuristic solution: objective 199528.00000
Found heuristic solution: objective 199493.00000
Elapsed time for NoRel heuristic: 52s (best bound -401250)
Found heuristic solution: objective 199052.00000
Found heuristic solution: objective 198921.00000
Found heuristic solution: objective 197249.50000
Found heuristic solution: objective 196489.00000
Found heuristic solution: objective 196219.00000
Found heuristic solution: objective 196199.00000
Found heuristic solution: objective 195437.00000
Elapsed time for NoRel heuristic: 58s (best bound -228350)
Found heuristic solution: objective 194981.50000
Found heuristic solution: objective 194941.50000
Found heuristic solution: objective 194682.00000
Found heuristic solution: objective 194302.00000
Found heuristic solution: objective 194287.00000
Found heuristic solution: objective 193982.00000
Elapsed time for NoRel heuristic: 63s (best bound -120700)
Found heuristic solution: objective 193873.00000
Found heuristic solution: objective 193778.00000
Found heuristic solution: objective 193673.00000
Found heuristic solution: objective 193623.00000
Found heuristic solution: objective 193338.00000
Found heuristic solution: objective 192857.50000
Found heuristic solution: objective 192847.50000
Elapsed time for NoRel heuristic: 70s (best bound -66073)
Found heuristic solution: objective 192665.00000
Found heuristic solution: objective 192469.00000
Found heuristic solution: objective 192309.00000
Found heuristic solution: objective 192274.00000
Found heuristic solution: objective 192158.00000
Found heuristic solution: objective 191498.50000
Elapsed time for NoRel heuristic: 75s (best bound 45150.8)
Found heuristic solution: objective 191313.50000
Found heuristic solution: objective 191233.50000
Found heuristic solution: objective 190440.50000
Elapsed time for NoRel heuristic: 82s (best bound 57397.7)
Found heuristic solution: objective 190317.50000
Found heuristic solution: objective 190302.50000
Found heuristic solution: objective 190212.50000
Elapsed time for NoRel heuristic: 87s (best bound 62189.5)
Found heuristic solution: objective 190117.50000
Found heuristic solution: objective 189962.00000
Found heuristic solution: objective 189754.50000
Found heuristic solution: objective 189739.50000
Found heuristic solution: objective 189729.50000
Elapsed time for NoRel heuristic: 93s (best bound 67724.5)
Found heuristic solution: objective 189517.50000
Found heuristic solution: objective 189292.50000
Elapsed time for NoRel heuristic: 103s (best bound 74682.5)
Found heuristic solution: objective 189232.00000
Found heuristic solution: objective 189227.00000
Found heuristic solution: objective 189218.50000
Found heuristic solution: objective 189012.00000
Found heuristic solution: objective 188954.50000
Elapsed time for NoRel heuristic: 108s (best bound 79242.5)
Found heuristic solution: objective 188706.50000
Found heuristic solution: objective 188661.50000
Elapsed time for NoRel heuristic: 113s (best bound 82085)
Found heuristic solution: objective 188576.50000
Found heuristic solution: objective 188423.50000
Elapsed time for NoRel heuristic: 120s (best bound 85715)
Found heuristic solution: objective 187842.50000
Elapsed time for NoRel heuristic: 125s (best bound 89597.5)
Found heuristic solution: objective 187460.00000
Elapsed time for NoRel heuristic: 133s (best bound 94363)
Found heuristic solution: objective 187205.00000
Elapsed time for NoRel heuristic: 139s (best bound 97632.5)
Found heuristic solution: objective 187190.00000
Found heuristic solution: objective 187178.50000
Elapsed time for NoRel heuristic: 147s (best bound 99456.2)
Found heuristic solution: objective 187147.50000
Found heuristic solution: objective 187132.50000
Elapsed time for NoRel heuristic: 156s (best bound 102589)
Found heuristic solution: objective 187097.50000
Found heuristic solution: objective 187082.50000
Elapsed time for NoRel heuristic: 165s (best bound 105074)
Found heuristic solution: objective 187047.50000
Found heuristic solution: objective 186761.50000
Elapsed time for NoRel heuristic: 173s (best bound 108546)
Found heuristic solution: objective 186694.50000
Elapsed time for NoRel heuristic: 182s (best bound 111048)
Found heuristic solution: objective 186684.50000
Found heuristic solution: objective 186551.50000
Elapsed time for NoRel heuristic: 190s (best bound 113544)
Found heuristic solution: objective 186501.00000
Elapsed time for NoRel heuristic: 201s (best bound 115381)
Found heuristic solution: objective 186471.00000
Elapsed time for NoRel heuristic: 210s (best bound 117247)
Elapsed time for NoRel heuristic: 221s (best bound 118784)
Elapsed time for NoRel heuristic: 234s (best bound 119524)
Found heuristic solution: objective 186441.50000
Found heuristic solution: objective 186385.50000
Elapsed time for NoRel heuristic: 245s (best bound 120240)
Found heuristic solution: objective 186341.00000
Elapsed time for NoRel heuristic: 259s (best bound 120974)
Found heuristic solution: objective 186311.00000
Found heuristic solution: objective 186294.00000
Elapsed time for NoRel heuristic: 270s (best bound 121709)
Elapsed time for NoRel heuristic: 287s (best bound 122512)
Elapsed time for NoRel heuristic: 298s (best bound 123034)
NoRel heuristic complete

Explored 0 nodes (0 simplex iterations) in 300.04 seconds (295.96 work units)
Thread count was 10 (of 10 available processors)

Solution count 10: 186294 186311 186341 ... 186694

Time limit reached
Best objective 1.862940000000e+05, best bound 1.230340833333e+05, gap 33.9570%
Solução -> não <- ótima.
Set parameter TimeLimit to value 25200
Set parameter TimeLimit to value 600
Set parameter NoRelHeurTime to value 0
Gurobi Optimizer version 10.0.2 build v10.0.2rc0 (mac64[arm])

CPU model: Apple M5
Thread count: 10 physical cores, 10 logical processors, using up to 10 threads

Optimize a model with 548706 rows, 284763 columns and 1341935 nonzeros
Model fingerprint: 0x7ffcf72a
Variable types: 0 continuous, 284763 integer (264707 binary)
Coefficient statistics:
  Matrix range     [1e+00, 8e+01]
  Objective range  [5e-01, 2e+03]
  Bounds range     [1e+00, 1e+00]
  RHS range        [1e+00, 1e+02]

User MIP start produced solution with objective 186294 (0.14s)
Loaded user MIP start with objective 186294
MIP start from previous solve did not produce a new incumbent solution

Presolve removed 534754 rows and 273355 columns
Presolve time: 0.25s
Presolved: 13952 rows, 11408 columns, 40539 nonzeros
Variable types: 0 continuous, 11408 integer (11408 binary)

Root relaxation: objective 1.862368e+05, 3930 iterations, 0.09 seconds (0.15 work units)

    Nodes    |    Current Node    |     Objective Bounds      |     Work
 Expl Unexpl |  Obj  Depth IntInf | Incumbent    BestBd   Gap | It/Node Time

     0     0 186236.750    0  479 186294.000 186236.750  0.03%     -    0s
     0     0 186236.750    0  479 186294.000 186236.750  0.03%     -    0s
     0     0 186236.750    0  127 186294.000 186236.750  0.03%     -    0s
     0     0 186240.600    0   71 186294.000 186240.600  0.03%     -    0s
     0     0 186241.500    0   61 186294.000 186241.500  0.03%     -    0s
     0     0 186242.000    0   28 186294.000 186242.000  0.03%     -    0s
     0     0 186242.000    0   79 186294.000 186242.000  0.03%     -    0s
     0     0 186242.000    0   76 186294.000 186242.000  0.03%     -    0s
*    0     0               0    186289.00000 186289.000  0.00%     -    0s

Cutting planes:
  Gomory: 2
  Implied bound: 4
  Clique: 27
  Zero half: 7
  RLT: 3
  BQP: 4
  PSD: 1

Explored 1 nodes (6527 simplex iterations) in 0.64 seconds (1.43 work units)
Thread count was 10 (of 10 available processors)

Solution count 2: 186289 186294 

Optimal solution found (tolerance 1.00e-04)
Best objective 1.862890000000e+05, best bound 1.862890000000e+05, gap 0.0000%
Solução ótima encontrada.
Set parameter TimeLimit to value 25200
Set parameter TimeLimit to value 600
Gurobi Optimizer version 10.0.2 build v10.0.2rc0 (mac64[arm])

CPU model: Apple M5
Thread count: 10 physical cores, 10 logical processors, using up to 10 threads

Optimize a model with 548706 rows, 284763 columns and 1341935 nonzeros
Model fingerprint: 0xe85b29d2
Variable types: 0 continuous, 284763 integer (264707 binary)
Coefficient statistics:
  Matrix range     [1e+00, 8e+01]
  Objective range  [5e-01, 2e+03]
  Bounds range     [1e+00, 1e+00]
  RHS range        [1e+00, 1e+02]

User MIP start produced solution with objective 186289 (0.10s)
Loaded user MIP start with objective 186289
MIP start from previous solve did not produce a new incumbent solution

Presolve removed 529636 rows and 269696 columns
Presolve time: 0.23s
Presolved: 19070 rows, 15067 columns, 54649 nonzeros
Variable types: 0 continuous, 15067 integer (15067 binary)

Root relaxation: objective 1.857678e+05, 14509 iterations, 0.44 seconds (0.86 work units)

    Nodes    |    Current Node    |     Objective Bounds      |     Work
 Expl Unexpl |  Obj  Depth IntInf | Incumbent    BestBd   Gap | It/Node Time

     0     0 185767.795    0  939 186289.000 185767.795  0.28%     -    0s
     0     0 185775.697    0  921 186289.000 185775.697  0.28%     -    0s
     0     0 185775.697    0  921 186289.000 185775.697  0.28%     -    1s
     0     0 185775.697    0  862 186289.000 185775.697  0.28%     -    1s
     0     0 185985.174    0 1017 186289.000 185985.174  0.16%     -    2s
     0     0 185985.180    0  999 186289.000 185985.180  0.16%     -    2s
     0     0 185994.197    0  984 186289.000 185994.197  0.16%     -    2s
     0     0 185996.883    0 1006 186289.000 185996.883  0.16%     -    2s
     0     0 186087.432    0  806 186289.000 186087.432  0.11%     -    2s
     0     0 186087.469    0  807 186289.000 186087.469  0.11%     -    2s
     0     0 186087.469    0  806 186289.000 186087.469  0.11%     -    2s
     0     0 186087.505    0  806 186289.000 186087.505  0.11%     -    2s
     0     0 186087.578    0  804 186289.000 186087.578  0.11%     -    2s
     0     0 186087.614    0  803 186289.000 186087.614  0.11%     -    2s
     0     0 186087.723    0  807 186289.000 186087.723  0.11%     -    2s
     0     0 186087.829    0  803 186289.000 186087.829  0.11%     -    2s
     0     0 186087.845    0  976 186289.000 186087.845  0.11%     -    2s
     0     0 186111.011    0  841 186289.000 186111.011  0.10%     -    2s
     0     0 186111.011    0  859 186289.000 186111.011  0.10%     -    2s
     0     0 186111.011    0  655 186289.000 186111.011  0.10%     -    2s
H    0     0                    186286.00000 186111.011  0.09%     -    2s
     0     0 186112.365    0  849 186286.000 186112.365  0.09%     -    2s
     0     0 186113.079    0  798 186286.000 186113.079  0.09%     -    2s
     0     0 186113.167    0  740 186286.000 186113.167  0.09%     -    2s
     0     0 186113.207    0  842 186286.000 186113.207  0.09%     -    2s
     0     0 186113.233    0  819 186286.000 186113.233  0.09%     -    2s
     0     0 186152.173    0  781 186286.000 186152.173  0.07%     -    2s
     0     0 186152.173    0  432 186286.000 186152.173  0.07%     -    3s
     0     0 186152.173    0  579 186286.000 186152.173  0.07%     -    3s
     0     0 186207.733    0  556 186286.000 186207.733  0.04%     -    3s
     0     0 186215.150    0  548 186286.000 186215.150  0.04%     -    3s
     0     0 186215.165    0  549 186286.000 186215.165  0.04%     -    3s
     0     0 186223.620    0  571 186286.000 186223.620  0.03%     -    3s
     0     0 186226.300    0  617 186286.000 186226.300  0.03%     -    3s
     0     0 186226.612    0  656 186286.000 186226.612  0.03%     -    3s
     0     0 186226.717    0  633 186286.000 186226.717  0.03%     -    3s
     0     0 186227.209    0  704 186286.000 186227.209  0.03%     -    3s
     0     0 186227.422    0  699 186286.000 186227.422  0.03%     -    3s
     0     0 186227.457    0  699 186286.000 186227.457  0.03%     -    3s
     0     0 186232.825    0  596 186286.000 186232.825  0.03%     -    3s
     0     0 186232.825    0   56 186286.000 186232.825  0.03%     -    3s

Cutting planes:
  Gomory: 1
  Clique: 24
  MIR: 2
  Zero half: 6
  RLT: 14
  BQP: 28

Explored 1 nodes (51060 simplex iterations) in 3.52 seconds (7.00 work units)
Thread count was 10 (of 10 available processors)

Solution count 2: 186286 186289 

Optimal solution found (tolerance 1.00e-04)
Best objective 1.862860000000e+05, best bound 1.862860000000e+05, gap 0.0000%
Solução ótima encontrada.
Set parameter TimeLimit to value 25200
Set parameter TimeLimit to value 600
Gurobi Optimizer version 10.0.2 build v10.0.2rc0 (mac64[arm])

CPU model: Apple M5
Thread count: 10 physical cores, 10 logical processors, using up to 10 threads

Optimize a model with 548706 rows, 284763 columns and 1341935 nonzeros
Model fingerprint: 0x3ae65746
Variable types: 0 continuous, 284763 integer (264707 binary)
Coefficient statistics:
  Matrix range     [1e+00, 8e+01]
  Objective range  [5e-01, 2e+03]
  Bounds range     [1e+00, 1e+00]
  RHS range        [1e+00, 1e+02]

User MIP start produced solution with objective 186286 (0.11s)
Loaded user MIP start with objective 186286
MIP start from previous solve did not produce a new incumbent solution

Presolve removed 531672 rows and 270902 columns
Presolve time: 0.23s
Presolved: 17034 rows, 13861 columns, 50199 nonzeros
Variable types: 0 continuous, 13861 integer (13861 binary)

Root relaxation: objective 1.855340e+05, 2672 iterations, 0.04 seconds (0.09 work units)

    Nodes    |    Current Node    |     Objective Bounds      |     Work
 Expl Unexpl |  Obj  Depth IntInf | Incumbent    BestBd   Gap | It/Node Time

     0     0 185534.000    0  595 186286.000 185534.000  0.40%     -    0s
     0     0 186070.750    0  789 186286.000 186070.750  0.12%     -    0s
     0     0 186099.090    0  701 186286.000 186099.090  0.10%     -    0s
     0     0 186117.250    0  582 186286.000 186117.250  0.09%     -    0s
     0     0 186246.000    0  168 186286.000 186246.000  0.02%     -    0s
     0     0 186262.667    0  280 186286.000 186262.667  0.01%     -    0s
     0     0 186262.667    0   84 186286.000 186262.667  0.01%     -    0s
     0     0 186262.667    0  141 186286.000 186262.667  0.01%     -    0s
     0     0 186262.667    0  141 186286.000 186262.667  0.01%     -    0s
     0     0 186262.667    0  122 186286.000 186262.667  0.01%     -    0s
     0     0 186263.381    0  129 186286.000 186263.381  0.01%     -    0s
     0     0 186271.000    0   52 186286.000 186271.000  0.01%     -    0s

Cutting planes:
  Gomory: 4
  Clique: 6
  Zero half: 19
  RLT: 13
  BQP: 8

Explored 1 nodes (9797 simplex iterations) in 0.72 seconds (1.75 work units)
Thread count was 10 (of 10 available processors)

Solution count 1: 186286 

Optimal solution found (tolerance 1.00e-04)
Best objective 1.862860000000e+05, best bound 1.862710000000e+05, gap 0.0081%
Solução ótima encontrada.
Set parameter TimeLimit to value 25200
Set parameter TimeLimit to value 600
Gurobi Optimizer version 10.0.2 build v10.0.2rc0 (mac64[arm])

CPU model: Apple M5
Thread count: 10 physical cores, 10 logical processors, using up to 10 threads

Optimize a model with 548706 rows, 284763 columns and 1341935 nonzeros
Model fingerprint: 0x33f70eb4
Variable types: 0 continuous, 284763 integer (264707 binary)
Coefficient statistics:
  Matrix range     [1e+00, 8e+01]
  Objective range  [5e-01, 2e+03]
  Bounds range     [1e+00, 1e+00]
  RHS range        [1e+00, 1e+02]

User MIP start produced solution with objective 186286 (0.11s)
Loaded user MIP start with objective 186286
MIP start from previous solve did not produce a new incumbent solution

Presolve removed 543190 rows and 279931 columns
Presolve time: 0.18s
Presolved: 5516 rows, 4832 columns, 15651 nonzeros
Variable types: 0 continuous, 4832 integer (4832 binary)

Root relaxation: cutoff, 871 iterations, 0.01 seconds (0.02 work units)

    Nodes    |    Current Node    |     Objective Bounds      |     Work
 Expl Unexpl |  Obj  Depth IntInf | Incumbent    BestBd   Gap | It/Node Time

     0     0     cutoff    0      186286.000 186286.000  0.00%     -    0s

Explored 1 nodes (871 simplex iterations) in 0.32 seconds (0.90 work units)
Thread count was 10 (of 10 available processors)

Solution count 1: 186286 

Optimal solution found (tolerance 1.00e-04)
Best objective 1.862860000000e+05, best bound 1.862860000000e+05, gap 0.0000%
Solução ótima encontrada.
Set parameter TimeLimit to value 25200
Set parameter TimeLimit to value 600
Gurobi Optimizer version 10.0.2 build v10.0.2rc0 (mac64[arm])

CPU model: Apple M5
Thread count: 10 physical cores, 10 logical processors, using up to 10 threads

Optimize a model with 548706 rows, 284763 columns and 1341935 nonzeros
Model fingerprint: 0x01ab8944
Variable types: 0 continuous, 284763 integer (264707 binary)
Coefficient statistics:
  Matrix range     [1e+00, 8e+01]
  Objective range  [5e-01, 2e+03]
  Bounds range     [1e+00, 1e+00]
  RHS range        [1e+00, 1e+02]

User MIP start produced solution with objective 186286 (0.10s)
Loaded user MIP start with objective 186286
MIP start from previous solve did not produce a new incumbent solution

Presolve removed 530948 rows and 270853 columns
Presolve time: 0.17s
Presolved: 17758 rows, 13910 columns, 50006 nonzeros
Variable types: 0 continuous, 13910 integer (13910 binary)

Root relaxation: objective 1.862512e+05, 1568 iterations, 0.02 seconds (0.04 work units)

    Nodes    |    Current Node    |     Objective Bounds      |     Work
 Expl Unexpl |  Obj  Depth IntInf | Incumbent    BestBd   Gap | It/Node Time

     0     0 186251.250    0  257 186286.000 186251.250  0.02%     -    0s
     0     0 186251.250    0  257 186286.000 186251.250  0.02%     -    0s
     0     0 186273.750    0   69 186286.000 186273.750  0.01%     -    0s

Explored 1 nodes (2834 simplex iterations) in 0.39 seconds (1.08 work units)
Thread count was 10 (of 10 available processors)

Solution count 1: 186286 

Optimal solution found (tolerance 1.00e-04)
Best objective 1.862860000000e+05, best bound 1.862740000000e+05, gap 0.0064%
Solução ótima encontrada.
Set parameter TimeLimit to value 25200
Set parameter TimeLimit to value 600
Gurobi Optimizer version 10.0.2 build v10.0.2rc0 (mac64[arm])

CPU model: Apple M5
Thread count: 10 physical cores, 10 logical processors, using up to 10 threads

Optimize a model with 548706 rows, 284763 columns and 1341935 nonzeros
Model fingerprint: 0x758c3ff8
Variable types: 0 continuous, 284763 integer (264707 binary)
Coefficient statistics:
  Matrix range     [1e+00, 8e+01]
  Objective range  [5e-01, 2e+03]
  Bounds range     [1e+00, 1e+00]
  RHS range        [1e+00, 1e+02]

User MIP start produced solution with objective 186286 (0.10s)
Loaded user MIP start with objective 186286
MIP start from previous solve did not produce a new incumbent solution

Presolve removed 531715 rows and 272515 columns
Presolve time: 0.23s
Presolved: 16991 rows, 12248 columns, 48868 nonzeros
Variable types: 0 continuous, 12248 integer (12248 binary)

Root relaxation: objective 1.858700e+05, 8108 iterations, 0.23 seconds (0.44 work units)

    Nodes    |    Current Node    |     Objective Bounds      |     Work
 Expl Unexpl |  Obj  Depth IntInf | Incumbent    BestBd   Gap | It/Node Time

     0     0 185870.000    0  597 186286.000 185870.000  0.22%     -    0s
     0     0 185934.500    0  801 186286.000 185934.500  0.19%     -    0s
     0     0 185934.500    0  801 186286.000 185934.500  0.19%     -    0s
     0     0 185956.679    0  765 186286.000 185956.679  0.18%     -    1s
     0     0 185957.413    0  767 186286.000 185957.413  0.18%     -    1s
     0     0 185957.427    0  781 186286.000 185957.427  0.18%     -    1s
     0     0 185972.560    0  854 186286.000 185972.560  0.17%     -    1s
     0     0 185972.560    0  616 186286.000 185972.560  0.17%     -    1s
     0     0 185972.560    0  522 186286.000 185972.560  0.17%     -    2s
     0     0 185974.189    0  889 186286.000 185974.189  0.17%     -    2s
     0     0 185974.253    0  853 186286.000 185974.253  0.17%     -    2s
     0     0 185979.957    0  819 186286.000 185979.957  0.16%     -    2s
     0     0 185980.544    0  840 186286.000 185980.544  0.16%     -    2s
     0     0 185980.544    0  840 186286.000 185980.544  0.16%     -    2s
     0     0 185990.647    0  895 186286.000 185990.647  0.16%     -    2s
     0     0 185996.337    0  896 186286.000 185996.337  0.16%     -    2s
     0     0 185997.562    0  884 186286.000 185997.562  0.15%     -    2s
     0     0 185997.900    0  872 186286.000 185997.900  0.15%     -    3s
     0     0 185997.977    0  888 186286.000 185997.977  0.15%     -    3s
     0     0 185998.011    0  897 186286.000 185998.011  0.15%     -    3s
H    0     0                    186271.00000 185998.011  0.15%     -    3s
     0     0 186001.705    0  877 186271.000 186001.705  0.14%     -    3s
     0     0 186004.005    0  929 186271.000 186004.005  0.14%     -    3s
     0     0 186004.157    0  935 186271.000 186004.157  0.14%     -    3s
     0     0 186004.182    0  894 186271.000 186004.182  0.14%     -    3s
     0     0 186004.291    0  896 186271.000 186004.291  0.14%     -    3s
     0     0 186004.307    0  919 186271.000 186004.307  0.14%     -    3s
H    0     0                    186176.00000 186004.307  0.09%     -    3s
     0     0 186014.924    0  812 186176.000 186014.924  0.09%     -    3s
     0     0 186014.924    0  404 186176.000 186014.924  0.09%     -    3s
     0     0 186014.924    0  569 186176.000 186014.924  0.09%     -    4s
     0     0 186014.924    0  562 186176.000 186014.924  0.09%     -    4s
     0     0 186016.557    0  533 186176.000 186016.557  0.09%     -    4s
     0     0 186017.160    0  523 186176.000 186017.160  0.09%     -    4s
     0     0 186017.167    0  464 186176.000 186017.167  0.09%     -    4s
     0     0 186023.473    0  533 186176.000 186023.473  0.08%     -    4s
     0     0 186024.196    0  548 186176.000 186024.196  0.08%     -    4s
     0     0 186024.429    0  552 186176.000 186024.429  0.08%     -    4s
     0     0 186024.477    0  560 186176.000 186024.477  0.08%     -    4s
     0     0 186024.477    0  567 186176.000 186024.477  0.08%     -    4s
     0     0 186025.000    0  592 186176.000 186025.000  0.08%     -    4s
     0     0 186026.342    0  597 186176.000 186026.342  0.08%     -    4s
     0     0 186026.560    0  561 186176.000 186026.560  0.08%     -    4s
     0     0 186026.560    0  561 186176.000 186026.560  0.08%     -    4s
     0     0 186027.217    0  597 186176.000 186027.217  0.08%     -    4s
     0     0 186027.446    0  593 186176.000 186027.446  0.08%     -    4s
     0     0 186027.627    0  608 186176.000 186027.627  0.08%     -    4s
     0     0 186027.629    0  608 186176.000 186027.629  0.08%     -    4s
     0     0 186028.280    0  591 186176.000 186028.280  0.08%     -    4s
     0     0 186028.319    0  280 186176.000 186028.319  0.08%     -    4s
     0     0 186028.319    0  415 186176.000 186028.319  0.08%     -    4s
     0     0 186028.500    0  279 186176.000 186028.500  0.08%     -    4s
     0     0 186030.601    0  440 186176.000 186030.601  0.08%     -    4s
     0     0 186032.250    0  282 186176.000 186032.250  0.08%     -    4s
     0     0 186034.530    0  433 186176.000 186034.530  0.08%     -    4s
     0     0 186034.824    0  437 186176.000 186034.824  0.08%     -    4s
     0     0 186035.262    0  435 186176.000 186035.262  0.08%     -    4s
     0     0 186035.262    0  436 186176.000 186035.262  0.08%     -    4s
H    0     0                    186141.00000 186035.262  0.06%     -    4s
     0     0 186038.622    0  435 186141.000 186038.622  0.06%     -    4s
     0     0 186040.000    0  210 186141.000 186040.000  0.05%     -    4s
     0     0 186040.157    0  465 186141.000 186040.157  0.05%     -    4s
     0     0 186041.629    0  447 186141.000 186041.629  0.05%     -    4s
     0     0 186041.764    0  455 186141.000 186041.764  0.05%     -    4s
     0     0 186041.829    0  456 186141.000 186041.829  0.05%     -    4s
     0     0 186041.846    0  471 186141.000 186041.846  0.05%     -    4s
     0     0 186053.500    0  384 186141.000 186053.500  0.05%     -    4s
     0     0 186053.500    0  413 186141.000 186053.500  0.05%     -    4s
     0     0 186053.500    0  448 186141.000 186053.500  0.05%     -    4s
     0     0 186053.750    0  435 186141.000 186053.750  0.05%     -    4s
     0     0 186060.917    0  485 186141.000 186060.917  0.04%     -    4s
     0     0 186060.917    0  496 186141.000 186060.917  0.04%     -    4s
     0     0 186060.917    0  451 186141.000 186060.917  0.04%     -    4s
     0     0 186060.917    0  486 186141.000 186060.917  0.04%     -    4s
     0     0 186065.000    0  482 186141.000 186065.000  0.04%     -    4s
     0     0 186065.000    0  233 186141.000 186065.000  0.04%     -    4s
     0     0 186065.000    0  265 186141.000 186065.000  0.04%     -    4s
     0     0 186065.000    0  321 186141.000 186065.000  0.04%     -    4s
     0     0 186065.000    0  359 186141.000 186065.000  0.04%     -    4s
     0     0 186065.000    0  347 186141.000 186065.000  0.04%     -    4s
     0     0 186065.000    0  355 186141.000 186065.000  0.04%     -    4s
     0     0 186065.000    0  328 186141.000 186065.000  0.04%     -    4s
     0     0 186065.000    0  187 186141.000 186065.000  0.04%     -    4s
     0     0 186065.000    0  192 186141.000 186065.000  0.04%     -    4s
     0     0 186065.000    0  317 186141.000 186065.000  0.04%     -    4s
     0     0 186065.000    0  272 186141.000 186065.000  0.04%     -    4s
     0     0 186065.000    0  260 186141.000 186065.000  0.04%     -    4s
     0     0 186065.000    0  272 186141.000 186065.000  0.04%     -    4s
     0     0 186065.000    0  271 186141.000 186065.000  0.04%     -    4s
     0     0 186065.000    0  274 186141.000 186065.000  0.04%     -    4s
     0     0 186065.000    0  272 186141.000 186065.000  0.04%     -    4s
     0     0 186069.846    0  261 186141.000 186069.846  0.04%     -    4s
     0     0 186071.818    0  276 186141.000 186071.818  0.04%     -    4s
     0     0 186071.818    0  278 186141.000 186071.818  0.04%     -    4s
     0     0 186073.424    0  280 186141.000 186073.424  0.04%     -    4s
     0     0 186073.900    0  271 186141.000 186073.900  0.04%     -    4s
     0     0 186073.900    0  272 186141.000 186073.900  0.04%     -    4s

Cutting planes:
  Gomory: 4
  Clique: 4
  MIR: 5
  Zero half: 29
  RLT: 17
  BQP: 15

Explored 1 nodes (53386 simplex iterations) in 4.98 seconds (10.65 work units)
Thread count was 10 (of 10 available processors)

Solution count 4: 186141 186176 186271 186286 

Optimal solution found (tolerance 1.00e-04)
Best objective 1.861410000000e+05, best bound 1.861235000000e+05, gap 0.0094%
Solução ótima encontrada.
Set parameter TimeLimit to value 25200
Set parameter TimeLimit to value 600
Gurobi Optimizer version 10.0.2 build v10.0.2rc0 (mac64[arm])

CPU model: Apple M5
Thread count: 10 physical cores, 10 logical processors, using up to 10 threads

Optimize a model with 548706 rows, 284763 columns and 1341935 nonzeros
Model fingerprint: 0xa730a3b7
Variable types: 0 continuous, 284763 integer (264707 binary)
Coefficient statistics:
  Matrix range     [1e+00, 8e+01]
  Objective range  [5e-01, 2e+03]
  Bounds range     [1e+00, 1e+00]
  RHS range        [1e+00, 1e+02]

User MIP start produced solution with objective 186141 (0.10s)
Loaded user MIP start with objective 186141
MIP start from previous solve did not produce a new incumbent solution

Presolve removed 547488 rows and 283660 columns
Presolve time: 0.15s
Presolved: 1218 rows, 1103 columns, 3463 nonzeros
Variable types: 0 continuous, 1103 integer (1103 binary)

Root relaxation: cutoff, 161 iterations, 0.00 seconds (0.00 work units)

    Nodes    |    Current Node    |     Objective Bounds      |     Work
 Expl Unexpl |  Obj  Depth IntInf | Incumbent    BestBd   Gap | It/Node Time

     0     0     cutoff    0      186141.000 186141.000  0.00%     -    0s

Explored 1 nodes (161 simplex iterations) in 0.27 seconds (0.83 work units)
Thread count was 10 (of 10 available processors)

Solution count 1: 186141 

Optimal solution found (tolerance 1.00e-04)
Best objective 1.861410000000e+05, best bound 1.861410000000e+05, gap 0.0000%
Solução ótima encontrada.
Set parameter TimeLimit to value 25200
Set parameter TimeLimit to value 600
Gurobi Optimizer version 10.0.2 build v10.0.2rc0 (mac64[arm])

CPU model: Apple M5
Thread count: 10 physical cores, 10 logical processors, using up to 10 threads

Optimize a model with 548706 rows, 284763 columns and 1341935 nonzeros
Model fingerprint: 0xa011505c
Variable types: 0 continuous, 284763 integer (264707 binary)
Coefficient statistics:
  Matrix range     [1e+00, 8e+01]
  Objective range  [5e-01, 2e+03]
  Bounds range     [1e+00, 1e+00]
  RHS range        [1e+00, 1e+02]

User MIP start produced solution with objective 186141 (0.10s)
Loaded user MIP start with objective 186141
MIP start from previous solve did not produce a new incumbent solution

Presolve removed 545380 rows and 281812 columns
Presolve time: 0.16s
Presolved: 3326 rows, 2951 columns, 9402 nonzeros
Variable types: 0 continuous, 2951 integer (2951 binary)

Root relaxation: cutoff, 138 iterations, 0.00 seconds (0.00 work units)

    Nodes    |    Current Node    |     Objective Bounds      |     Work
 Expl Unexpl |  Obj  Depth IntInf | Incumbent    BestBd   Gap | It/Node Time

     0     0     cutoff    0      186141.000 186141.000  0.00%     -    0s

Explored 1 nodes (138 simplex iterations) in 0.28 seconds (0.82 work units)
Thread count was 10 (of 10 available processors)

Solution count 1: 186141 

Optimal solution found (tolerance 1.00e-04)
Best objective 1.861410000000e+05, best bound 1.861410000000e+05, gap 0.0000%
Solução ótima encontrada.
Set parameter TimeLimit to value 25200
Set parameter TimeLimit to value 600
Gurobi Optimizer version 10.0.2 build v10.0.2rc0 (mac64[arm])

CPU model: Apple M5
Thread count: 10 physical cores, 10 logical processors, using up to 10 threads

Optimize a model with 548706 rows, 284763 columns and 1341935 nonzeros
Model fingerprint: 0x16b23b19
Variable types: 0 continuous, 284763 integer (264707 binary)
Coefficient statistics:
  Matrix range     [1e+00, 8e+01]
  Objective range  [5e-01, 2e+03]
  Bounds range     [1e+00, 1e+00]
  RHS range        [1e+00, 1e+02]

User MIP start produced solution with objective 186141 (0.10s)
Loaded user MIP start with objective 186141
MIP start from previous solve did not produce a new incumbent solution

Presolve removed 542413 rows and 279540 columns
Presolve time: 0.18s
Presolved: 6293 rows, 5223 columns, 17774 nonzeros
Variable types: 0 continuous, 5223 integer (5223 binary)

Root relaxation: objective 1.861360e+05, 1692 iterations, 0.03 seconds (0.04 work units)

    Nodes    |    Current Node    |     Objective Bounds      |     Work
 Expl Unexpl |  Obj  Depth IntInf | Incumbent    BestBd   Gap | It/Node Time

     0     0 186136.000    0  108 186141.000 186136.000  0.00%     -    0s

Explored 1 nodes (2270 simplex iterations) in 0.34 seconds (0.97 work units)
Thread count was 10 (of 10 available processors)

Solution count 1: 186141 

Optimal solution found (tolerance 1.00e-04)
Best objective 1.861410000000e+05, best bound 1.861360000000e+05, gap 0.0027%
Solução ótima encontrada.
Set parameter TimeLimit to value 25200
Set parameter TimeLimit to value 600
Gurobi Optimizer version 10.0.2 build v10.0.2rc0 (mac64[arm])

CPU model: Apple M5
Thread count: 10 physical cores, 10 logical processors, using up to 10 threads

Optimize a model with 548706 rows, 284763 columns and 1341935 nonzeros
Model fingerprint: 0x43db8219
Variable types: 0 continuous, 284763 integer (264707 binary)
Coefficient statistics:
  Matrix range     [1e+00, 8e+01]
  Objective range  [5e-01, 2e+03]
  Bounds range     [1e+00, 1e+00]
  RHS range        [1e+00, 1e+02]

User MIP start produced solution with objective 186141 (0.10s)
Loaded user MIP start with objective 186141
MIP start from previous solve did not produce a new incumbent solution

Presolve removed 536114 rows and 274746 columns
Presolve time: 0.21s
Presolved: 12592 rows, 10017 columns, 36394 nonzeros
Variable types: 0 continuous, 10017 integer (10017 binary)

Root relaxation: objective 1.858702e+05, 8875 iterations, 0.32 seconds (0.91 work units)

    Nodes    |    Current Node    |     Objective Bounds      |     Work
 Expl Unexpl |  Obj  Depth IntInf | Incumbent    BestBd   Gap | It/Node Time

     0     0 185870.250    0  384 186141.000 185870.250  0.15%     -    1s
     0     0 185897.000    0  557 186141.000 185897.000  0.13%     -    1s
     0     0 185897.000    0  414 186141.000 185897.000  0.13%     -    1s
     0     0 185910.750    0  647 186141.000 185910.750  0.12%     -    1s
     0     0 185910.750    0  647 186141.000 185910.750  0.12%     -    1s
     0     0 185912.000    0  665 186141.000 185912.000  0.12%     -    1s
     0     0 185913.250    0  629 186141.000 185913.250  0.12%     -    1s
     0     0 185951.323    0  764 186141.000 185951.323  0.10%     -    2s
     0     0 185951.323    0  137 186141.000 185951.323  0.10%     -    2s
     0     0 185951.323    0  273 186141.000 185951.323  0.10%     -    2s
     0     0 185952.500    0  199 186141.000 185952.500  0.10%     -    2s
     0     0 185954.000    0   95 186141.000 185954.000  0.10%     -    2s
     0     0 185957.556    0  147 186141.000 185957.556  0.10%     -    2s
     0     0 185958.409    0  264 186141.000 185958.409  0.10%     -    2s
     0     0 185958.688    0  137 186141.000 185958.688  0.10%     -    2s
     0     0 185964.000    0  136 186141.000 185964.000  0.10%     -    2s
     0     0 185967.875    0  150 186141.000 185967.875  0.09%     -    2s
     0     0 185967.875    0  146 186141.000 185967.875  0.09%     -    2s
     0     0 185986.364    0  179 186141.000 185986.364  0.08%     -    2s
     0     0 185990.111    0  212 186141.000 185990.111  0.08%     -    2s
     0     0 185991.476    0  201 186141.000 185991.476  0.08%     -    2s
     0     0 185991.542    0  203 186141.000 185991.542  0.08%     -    2s
     0     0 185997.000    0  170 186141.000 185997.000  0.08%     -    2s
     0     2 185997.500    0  167 186141.000 185997.500  0.08%     -    2s

Cutting planes:
  Gomory: 1
  Lift-and-project: 2
  Implied bound: 10
  Clique: 74
  MIR: 1
  Inf proof: 1
  Zero half: 25
  RLT: 49
  BQP: 31

Explored 946 nodes (83590 simplex iterations) in 2.82 seconds (6.40 work units)
Thread count was 10 (of 10 available processors)

Solution count 1: 186141 

Optimal solution found (tolerance 1.00e-04)
Best objective 1.861410000000e+05, best bound 1.861410000000e+05, gap 0.0000%
Solução ótima encontrada.
Set parameter TimeLimit to value 25200
Set parameter TimeLimit to value 600
Gurobi Optimizer version 10.0.2 build v10.0.2rc0 (mac64[arm])

CPU model: Apple M5
Thread count: 10 physical cores, 10 logical processors, using up to 10 threads

Optimize a model with 548706 rows, 284763 columns and 1341935 nonzeros
Model fingerprint: 0xab65ff46
Variable types: 0 continuous, 284763 integer (264707 binary)
Coefficient statistics:
  Matrix range     [1e+00, 8e+01]
  Objective range  [5e-01, 2e+03]
  Bounds range     [1e+00, 1e+00]
  RHS range        [1e+00, 1e+02]

User MIP start produced solution with objective 186141 (0.12s)
Loaded user MIP start with objective 186141
MIP start from previous solve did not produce a new incumbent solution

Presolve removed 543284 rows and 280184 columns
Presolve time: 0.19s
Presolved: 5422 rows, 4579 columns, 15330 nonzeros
Variable types: 0 continuous, 4579 integer (4579 binary)

Root relaxation: objective 1.861160e+05, 1001 iterations, 0.01 seconds (0.02 work units)

    Nodes    |    Current Node    |     Objective Bounds      |     Work
 Expl Unexpl |  Obj  Depth IntInf | Incumbent    BestBd   Gap | It/Node Time

     0     0 186116.000    0  179 186141.000 186116.000  0.01%     -    0s
     0     0 186116.000    0  179 186141.000 186116.000  0.01%     -    0s
     0     0 186116.000    0   45 186141.000 186116.000  0.01%     -    0s
     0     0 186118.500    0   86 186141.000 186118.500  0.01%     -    0s
     0     0 186121.000    0   59 186141.000 186121.000  0.01%     -    0s
     0     0 186121.000    0   59 186141.000 186121.000  0.01%     -    0s
     0     0 186122.250    0   60 186141.000 186122.250  0.01%     -    0s

Cutting planes:
  Gomory: 4
  StrongCG: 1
  Inf proof: 1
  Zero half: 17
  RLT: 4
  BQP: 3

Explored 1 nodes (2013 simplex iterations) in 0.40 seconds (1.00 work units)
Thread count was 10 (of 10 available processors)

Solution count 1: 186141 

Optimal solution found (tolerance 1.00e-04)
Best objective 1.861410000000e+05, best bound 1.861225000000e+05, gap 0.0099%
Solução ótima encontrada.
Set parameter TimeLimit to value 25200
Set parameter TimeLimit to value 600
Gurobi Optimizer version 10.0.2 build v10.0.2rc0 (mac64[arm])

CPU model: Apple M5
Thread count: 10 physical cores, 10 logical processors, using up to 10 threads

Optimize a model with 548706 rows, 284763 columns and 1341935 nonzeros
Model fingerprint: 0x589626b2
Variable types: 0 continuous, 284763 integer (264707 binary)
Coefficient statistics:
  Matrix range     [1e+00, 8e+01]
  Objective range  [5e-01, 2e+03]
  Bounds range     [1e+00, 1e+00]
  RHS range        [1e+00, 1e+02]

User MIP start produced solution with objective 186141 (0.10s)
Loaded user MIP start with objective 186141
MIP start from previous solve did not produce a new incumbent solution

Presolve removed 530440 rows and 271223 columns
Presolve time: 0.23s
Presolved: 18266 rows, 13540 columns, 52210 nonzeros
Variable types: 0 continuous, 13540 integer (13540 binary)

Root relaxation: objective 1.859673e+05, 9349 iterations, 0.23 seconds (0.50 work units)

    Nodes    |    Current Node    |     Objective Bounds      |     Work
 Expl Unexpl |  Obj  Depth IntInf | Incumbent    BestBd   Gap | It/Node Time

     0     0 185967.333    0  516 186141.000 185967.333  0.09%     -    0s
     0     0 185967.333    0  516 186141.000 185967.333  0.09%     -    0s
     0     0 185967.333    0  367 186141.000 185967.333  0.09%     -    0s
     0     0 186124.000    0  375 186141.000 186124.000  0.01%     -    0s

Cutting planes:
  Gomory: 2
  Zero half: 30
  RLT: 16
  BQP: 40

Explored 1 nodes (14686 simplex iterations) in 0.80 seconds (2.04 work units)
Thread count was 10 (of 10 available processors)

Solution count 1: 186141 

Optimal solution found (tolerance 1.00e-04)
Best objective 1.861410000000e+05, best bound 1.861240000000e+05, gap 0.0091%
Solução ótima encontrada.
Set parameter TimeLimit to value 25200
Set parameter TimeLimit to value 600
Gurobi Optimizer version 10.0.2 build v10.0.2rc0 (mac64[arm])

CPU model: Apple M5
Thread count: 10 physical cores, 10 logical processors, using up to 10 threads

Optimize a model with 548706 rows, 284763 columns and 1341935 nonzeros
Model fingerprint: 0x18f5bd9a
Variable types: 0 continuous, 284763 integer (264707 binary)
Coefficient statistics:
  Matrix range     [1e+00, 8e+01]
  Objective range  [5e-01, 2e+03]
  Bounds range     [1e+00, 1e+00]
  RHS range        [1e+00, 1e+02]

User MIP start produced solution with objective 186141 (0.10s)
Loaded user MIP start with objective 186141
MIP start from previous solve did not produce a new incumbent solution

Presolve removed 528036 rows and 268128 columns
Presolve time: 0.25s
Presolved: 20670 rows, 16635 columns, 60204 nonzeros
Variable types: 0 continuous, 16635 integer (16635 binary)

Root relaxation: objective 1.859960e+05, 9486 iterations, 0.40 seconds (1.24 work units)

    Nodes    |    Current Node    |     Objective Bounds      |     Work
 Expl Unexpl |  Obj  Depth IntInf | Incumbent    BestBd   Gap | It/Node Time

     0     0 185996.000    0  426 186141.000 185996.000  0.08%     -    1s
     0     0 185996.000    0  426 186141.000 185996.000  0.08%     -    1s
     0     0 185996.000    0  148 186141.000 185996.000  0.08%     -    1s
     0     0 185996.000    0  180 186141.000 185996.000  0.08%     -    1s
     0     0 185996.375    0  228 186141.000 185996.375  0.08%     -    1s
     0     0 185997.500    0  267 186141.000 185997.500  0.08%     -    1s
     0     0 185997.537    0  325 186141.000 185997.537  0.08%     -    1s
     0     0 185999.500    0  281 186141.000 185999.500  0.08%     -    1s
     0     0 185999.500    0  283 186141.000 185999.500  0.08%     -    1s
     0     0 186000.000    0  327 186141.000 186000.000  0.08%     -    1s
     0     0 186000.167    0  323 186141.000 186000.167  0.08%     -    1s
     0     0 186000.167    0  325 186141.000 186000.167  0.08%     -    1s
     0     0 186002.250    0  271 186141.000 186002.250  0.07%     -    1s
     0     2 186002.500    0  266 186141.000 186002.500  0.07%     -    1s
H   74    88                    186121.00000 186002.667  0.06%   210    1s
H   85    88                    186116.00000 186002.667  0.06%   205    1s
*  169   130              17    186112.00000 186002.667  0.06%   139    1s
H  411   226                    186111.00000 186004.833  0.06%   114    2s
* 1309   741              24    186107.50000 186006.250  0.05%   103    3s
  3843  1604 186104.625   23  220 186107.500 186015.792  0.05%   108    5s
  4735  1828 186084.000   33   28 186107.500 186021.000  0.05%   105   10s
 21726  3246 186049.775   47  187 186107.500 186036.000  0.04%  75.6   15s

Cutting planes:
  MIR: 2
  Flow cover: 5
  Inf proof: 1
  Zero half: 33
  RLT: 15
  BQP: 79

Explored 30922 nodes (2330541 simplex iterations) in 17.53 seconds (34.32 work units)
Thread count was 10 (of 10 available processors)

Solution count 6: 186108 186111 186112 ... 186141

Optimal solution found (tolerance 1.00e-04)
Best objective 1.861075000000e+05, best bound 1.861075000000e+05, gap 0.0000%
Solução ótima encontrada.
Set parameter TimeLimit to value 25200
Set parameter TimeLimit to value 600
Gurobi Optimizer version 10.0.2 build v10.0.2rc0 (mac64[arm])

CPU model: Apple M5
Thread count: 10 physical cores, 10 logical processors, using up to 10 threads

Optimize a model with 548706 rows, 284763 columns and 1341935 nonzeros
Model fingerprint: 0x516b24f8
Variable types: 0 continuous, 284763 integer (264707 binary)
Coefficient statistics:
  Matrix range     [1e+00, 8e+01]
  Objective range  [5e-01, 2e+03]
  Bounds range     [1e+00, 1e+00]
  RHS range        [1e+00, 1e+02]

User MIP start produced solution with objective 186108 (0.10s)
Loaded user MIP start with objective 186108
MIP start from previous solve did not produce a new incumbent solution

Presolve removed 534757 rows and 273315 columns
Presolve time: 0.22s
Presolved: 13949 rows, 11448 columns, 40547 nonzeros
Variable types: 0 continuous, 11448 integer (11448 binary)

Root relaxation: objective 1.859655e+05, 3981 iterations, 0.08 seconds (0.15 work units)

    Nodes    |    Current Node    |     Objective Bounds      |     Work
 Expl Unexpl |  Obj  Depth IntInf | Incumbent    BestBd   Gap | It/Node Time

     0     0 185965.500    0  527 186107.500 185965.500  0.08%     -    0s
     0     0 186055.250    0  521 186107.500 186055.250  0.03%     -    0s
     0     0 186055.250    0  521 186107.500 186055.250  0.03%     -    0s
     0     0 186055.250    0  127 186107.500 186055.250  0.03%     -    0s
     0     0 186107.500    0  147 186107.500 186107.500  0.00%     -    0s

Cutting planes:
  Gomory: 1
  Implied bound: 3
  Clique: 22
  Zero half: 2
  RLT: 3
  BQP: 6
  PSD: 1

Explored 1 nodes (6564 simplex iterations) in 0.57 seconds (1.44 work units)
Thread count was 10 (of 10 available processors)

Solution count 1: 186108 

Optimal solution found (tolerance 1.00e-04)
Best objective 1.861075000000e+05, best bound 1.861075000000e+05, gap 0.0000%
Solução ótima encontrada.
Set parameter TimeLimit to value 25200
Set parameter TimeLimit to value 600
Gurobi Optimizer version 10.0.2 build v10.0.2rc0 (mac64[arm])

CPU model: Apple M5
Thread count: 10 physical cores, 10 logical processors, using up to 10 threads

Optimize a model with 548706 rows, 284763 columns and 1341935 nonzeros
Model fingerprint: 0xe5731699
Variable types: 0 continuous, 284763 integer (264707 binary)
Coefficient statistics:
  Matrix range     [1e+00, 8e+01]
  Objective range  [5e-01, 2e+03]
  Bounds range     [1e+00, 1e+00]
  RHS range        [1e+00, 1e+02]

User MIP start produced solution with objective 186108 (0.11s)
Loaded user MIP start with objective 186108
MIP start from previous solve did not produce a new incumbent solution

Presolve removed 529608 rows and 269671 columns
Presolve time: 0.25s
Presolved: 19098 rows, 15092 columns, 54796 nonzeros
Variable types: 0 continuous, 15092 integer (15092 binary)

Root relaxation: objective 1.855782e+05, 12285 iterations, 0.35 seconds (0.68 work units)

    Nodes    |    Current Node    |     Objective Bounds      |     Work
 Expl Unexpl |  Obj  Depth IntInf | Incumbent    BestBd   Gap | It/Node Time

     0     0 185578.197    0  951 186107.500 185578.197  0.28%     -    0s
     0     0 185588.031    0  944 186107.500 185588.031  0.28%     -    0s
     0     0 185588.031    0  944 186107.500 185588.031  0.28%     -    0s
     0     0 185588.031    0  886 186107.500 185588.031  0.28%     -    1s
     0     0 185588.031    0  872 186107.500 185588.031  0.28%     -    1s
     0     0 185816.984    0  721 186107.500 185816.984  0.16%     -    1s
     0     0 185817.149    0  820 186107.500 185817.149  0.16%     -    1s
     0     0 185817.387    0  799 186107.500 185817.387  0.16%     -    1s
     0     0 185817.470    0  749 186107.500 185817.470  0.16%     -    1s
     0     0 185817.558    0  788 186107.500 185817.558  0.16%     -    1s
     0     0 185817.558    0  746 186107.500 185817.558  0.16%     -    1s
     0     0 185820.290    0  787 186107.500 185820.290  0.15%     -    1s
     0     0 185820.554    0  724 186107.500 185820.554  0.15%     -    1s
     0     0 185820.580    0  765 186107.500 185820.580  0.15%     -    1s
     0     0 185820.796    0  787 186107.500 185820.796  0.15%     -    1s
     0     0 185898.168    0 1144 186107.500 185898.168  0.11%     -    2s
     0     0 185909.572    0 1109 186107.500 185909.572  0.11%     -    2s
     0     0 185909.572    0 1104 186107.500 185909.572  0.11%     -    2s
     0     0 185913.604    0 1057 186107.500 185913.604  0.10%     -    2s
     0     0 185915.551    0 1050 186107.500 185915.551  0.10%     -    2s
     0     0 185916.007    0 1075 186107.500 185916.007  0.10%     -    2s
     0     0 185950.761    0 1061 186107.500 185950.761  0.08%     -    2s
     0     0 185950.761    0  630 186107.500 185950.761  0.08%     -    3s
     0     0 185950.761    0  680 186107.500 185950.761  0.08%     -    3s
     0     0 185950.761    0  853 186107.500 185950.761  0.08%     -    3s
     0     0 185964.642    0  661 186107.500 185964.642  0.08%     -    3s
     0     0 185964.727    0  638 186107.500 185964.727  0.08%     -    3s
     0     0 185966.117    0  656 186107.500 185966.117  0.08%     -    3s
     0     0 185966.361    0  623 186107.500 185966.361  0.08%     -    3s
     0     0 185994.418    0  952 186107.500 185994.418  0.06%     -    3s
     0     0 186000.997    0  910 186107.500 186000.997  0.06%     -    3s
     0     0 186002.513    0  846 186107.500 186002.513  0.06%     -    3s
     0     0 186015.094    0  845 186107.500 186015.094  0.05%     -    3s
     0     0 186015.513    0  809 186107.500 186015.513  0.05%     -    3s
     0     0 186015.665    0  801 186107.500 186015.665  0.05%     -    3s
     0     0 186019.866    0  845 186107.500 186019.866  0.05%     -    3s
     0     0 186020.177    0  858 186107.500 186020.177  0.05%     -    3s
     0     0 186020.748    0  887 186107.500 186020.748  0.05%     -    3s
     0     0 186020.823    0  836 186107.500 186020.823  0.05%     -    3s
     0     0 186021.034    0  846 186107.500 186021.034  0.05%     -    3s
     0     0 186021.067    0  847 186107.500 186021.067  0.05%     -    3s
     0     0 186037.500    0  102 186107.500 186037.500  0.04%     -    4s
     0     0 186037.500    0  191 186107.500 186037.500  0.04%     -    4s
     0     0 186072.500    0   41 186107.500 186072.500  0.02%     -    4s
     0     0     cutoff    0      186107.500 186107.500  0.00%     -    4s

Cutting planes:
  Gomory: 5
  Implied bound: 5
  Clique: 10
  MIR: 5
  Zero half: 28
  RLT: 45
  BQP: 184

Explored 1 nodes (56985 simplex iterations) in 4.18 seconds (8.18 work units)
Thread count was 10 (of 10 available processors)

Solution count 1: 186108 

Optimal solution found (tolerance 1.00e-04)
Best objective 1.861075000000e+05, best bound 1.861075000000e+05, gap 0.0000%
Solução ótima encontrada.
Set parameter TimeLimit to value 25200
Set parameter TimeLimit to value 600
Gurobi Optimizer version 10.0.2 build v10.0.2rc0 (mac64[arm])

CPU model: Apple M5
Thread count: 10 physical cores, 10 logical processors, using up to 10 threads

Optimize a model with 548706 rows, 284763 columns and 1341935 nonzeros
Model fingerprint: 0xc01be4f8
Variable types: 0 continuous, 284763 integer (264707 binary)
Coefficient statistics:
  Matrix range     [1e+00, 8e+01]
  Objective range  [5e-01, 2e+03]
  Bounds range     [1e+00, 1e+00]
  RHS range        [1e+00, 1e+02]

User MIP start produced solution with objective 186108 (0.10s)
Loaded user MIP start with objective 186108
MIP start from previous solve did not produce a new incumbent solution

Presolve removed 531647 rows and 270891 columns
Presolve time: 0.24s
Presolved: 17059 rows, 13872 columns, 50249 nonzeros
Variable types: 0 continuous, 13872 integer (13872 binary)

Root relaxation: objective 1.853555e+05, 2919 iterations, 0.05 seconds (0.10 work units)

    Nodes    |    Current Node    |     Objective Bounds      |     Work
 Expl Unexpl |  Obj  Depth IntInf | Incumbent    BestBd   Gap | It/Node Time

     0     0 185355.500    0  572 186107.500 185355.500  0.40%     -    0s
     0     0 185871.917    0  835 186107.500 185871.917  0.13%     -    0s
     0     0 185883.917    0  739 186107.500 185883.917  0.12%     -    0s
     0     0 185902.583    0  706 186107.500 185902.583  0.11%     -    0s
     0     0 186085.000    0  341 186107.500 186085.000  0.01%     -    0s
     0     0 186085.000    0  200 186107.500 186085.000  0.01%     -    0s
     0     0 186085.000    0  350 186107.500 186085.000  0.01%     -    0s
     0     0 186085.000    0  219 186107.500 186085.000  0.01%     -    0s
     0     0 186085.833    0  245 186107.500 186085.833  0.01%     -    0s
     0     0 186090.000    0  245 186107.500 186090.000  0.01%     -    0s

Cutting planes:
  Gomory: 5
  Clique: 32
  MIR: 1
  Zero half: 21
  RLT: 3
  BQP: 16

Explored 1 nodes (10329 simplex iterations) in 0.79 seconds (1.82 work units)
Thread count was 10 (of 10 available processors)

Solution count 1: 186108 

Optimal solution found (tolerance 1.00e-04)
Best objective 1.861075000000e+05, best bound 1.860900000000e+05, gap 0.0094%
Solução ótima encontrada.
Set parameter TimeLimit to value 25200
Set parameter TimeLimit to value 600
Gurobi Optimizer version 10.0.2 build v10.0.2rc0 (mac64[arm])

CPU model: Apple M5
Thread count: 10 physical cores, 10 logical processors, using up to 10 threads

Optimize a model with 548706 rows, 284763 columns and 1341935 nonzeros
Model fingerprint: 0xf4048485
Variable types: 0 continuous, 284763 integer (264707 binary)
Coefficient statistics:
  Matrix range     [1e+00, 8e+01]
  Objective range  [5e-01, 2e+03]
  Bounds range     [1e+00, 1e+00]
  RHS range        [1e+00, 1e+02]

User MIP start produced solution with objective 186108 (0.10s)
Loaded user MIP start with objective 186108
MIP start from previous solve did not produce a new incumbent solution

Presolve removed 543170 rows and 279912 columns
Presolve time: 0.18s
Presolved: 5536 rows, 4851 columns, 15660 nonzeros
Variable types: 0 continuous, 4851 integer (4851 binary)

Root relaxation: cutoff, 813 iterations, 0.01 seconds (0.03 work units)

    Nodes    |    Current Node    |     Objective Bounds      |     Work
 Expl Unexpl |  Obj  Depth IntInf | Incumbent    BestBd   Gap | It/Node Time

     0     0     cutoff    0      186107.500 186107.500  0.00%     -    0s

Explored 1 nodes (813 simplex iterations) in 0.31 seconds (0.90 work units)
Thread count was 10 (of 10 available processors)

Solution count 1: 186108 

Optimal solution found (tolerance 1.00e-04)
Best objective 1.861075000000e+05, best bound 1.861075000000e+05, gap 0.0000%
Solução ótima encontrada.
Set parameter TimeLimit to value 25200
Set parameter TimeLimit to value 600
Gurobi Optimizer version 10.0.2 build v10.0.2rc0 (mac64[arm])

CPU model: Apple M5
Thread count: 10 physical cores, 10 logical processors, using up to 10 threads

Optimize a model with 548706 rows, 284763 columns and 1341935 nonzeros
Model fingerprint: 0xa803b645
Variable types: 0 continuous, 284763 integer (264707 binary)
Coefficient statistics:
  Matrix range     [1e+00, 8e+01]
  Objective range  [5e-01, 2e+03]
  Bounds range     [1e+00, 1e+00]
  RHS range        [1e+00, 1e+02]

User MIP start produced solution with objective 186108 (0.10s)
Loaded user MIP start with objective 186108
MIP start from previous solve did not produce a new incumbent solution

Presolve removed 530949 rows and 270854 columns
Presolve time: 0.17s
Presolved: 17757 rows, 13909 columns, 50004 nonzeros
Variable types: 0 continuous, 13909 integer (13909 binary)

Root relaxation: objective 1.860728e+05, 1490 iterations, 0.02 seconds (0.05 work units)

    Nodes    |    Current Node    |     Objective Bounds      |     Work
 Expl Unexpl |  Obj  Depth IntInf | Incumbent    BestBd   Gap | It/Node Time

     0     0 186072.750    0  221 186107.500 186072.750  0.02%     -    0s
     0     0 186072.750    0  221 186107.500 186072.750  0.02%     -    0s
     0     0 186095.250    0   61 186107.500 186095.250  0.01%     -    0s

Explored 1 nodes (3187 simplex iterations) in 0.40 seconds (1.13 work units)
Thread count was 10 (of 10 available processors)

Solution count 1: 186108 

Optimal solution found (tolerance 1.00e-04)
Best objective 1.861075000000e+05, best bound 1.860955000000e+05, gap 0.0064%
Solução ótima encontrada.
Set parameter TimeLimit to value 25200
Set parameter TimeLimit to value 600
Gurobi Optimizer version 10.0.2 build v10.0.2rc0 (mac64[arm])

CPU model: Apple M5
Thread count: 10 physical cores, 10 logical processors, using up to 10 threads

Optimize a model with 548706 rows, 284763 columns and 1341935 nonzeros
Model fingerprint: 0x6dbd908b
Variable types: 0 continuous, 284763 integer (264707 binary)
Coefficient statistics:
  Matrix range     [1e+00, 8e+01]
  Objective range  [5e-01, 2e+03]
  Bounds range     [1e+00, 1e+00]
  RHS range        [1e+00, 1e+02]

User MIP start produced solution with objective 186108 (0.10s)
Loaded user MIP start with objective 186108
MIP start from previous solve did not produce a new incumbent solution

Presolve removed 531716 rows and 272516 columns
Presolve time: 0.22s
Presolved: 16990 rows, 12247 columns, 48866 nonzeros
Variable types: 0 continuous, 12247 integer (12247 binary)

Root relaxation: objective 1.858365e+05, 7927 iterations, 0.26 seconds (0.51 work units)

    Nodes    |    Current Node    |     Objective Bounds      |     Work
 Expl Unexpl |  Obj  Depth IntInf | Incumbent    BestBd   Gap | It/Node Time

     0     0 185836.500    0  591 186107.500 185836.500  0.15%     -    0s
     0     0 185859.250    0  699 186107.500 185859.250  0.13%     -    0s
     0     0 185859.250    0  699 186107.500 185859.250  0.13%     -    0s
     0     0 185859.250    0  699 186107.500 185859.250  0.13%     -    0s
     0     0 185880.250    0  500 186107.500 185880.250  0.12%     -    1s
     0     0 185920.534    0  622 186107.500 185920.534  0.10%     -    1s
     0     0 185929.551    0  524 186107.500 185929.551  0.10%     -    1s
     0     0 185929.674    0  539 186107.500 185929.674  0.10%     -    1s
     0     0 185929.674    0  561 186107.500 185929.674  0.10%     -    1s
     0     0 185943.385    0  548 186107.500 185943.385  0.09%     -    1s
     0     0 185945.787    0  559 186107.500 185945.787  0.09%     -    1s
     0     0 185948.997    0  636 186107.500 185948.997  0.09%     -    1s
     0     0 185951.079    0  531 186107.500 185951.079  0.08%     -    1s
     0     0 185951.082    0  665 186107.500 185951.082  0.08%     -    1s
     0     0 185957.165    0  710 186107.500 185957.165  0.08%     -    1s
     0     0 185957.194    0  556 186107.500 185957.194  0.08%     -    1s
     0     0 185958.069    0  690 186107.500 185958.069  0.08%     -    1s
     0     0 185958.317    0  698 186107.500 185958.317  0.08%     -    1s
     0     0 185958.452    0  673 186107.500 185958.452  0.08%     -    1s
     0     0 185958.563    0  707 186107.500 185958.563  0.08%     -    1s
     0     0 185960.399    0  719 186107.500 185960.399  0.08%     -    1s
     0     0 185960.592    0  397 186107.500 185960.592  0.08%     -    2s
     0     0 185960.592    0  573 186107.500 185960.592  0.08%     -    2s
     0     0 185960.592    0  529 186107.500 185960.592  0.08%     -    2s
     0     0 185960.592    0  583 186107.500 185960.592  0.08%     -    2s
     0     0 185960.592    0  592 186107.500 185960.592  0.08%     -    2s
     0     0 185961.060    0  567 186107.500 185961.060  0.08%     -    2s
     0     0 185961.073    0  568 186107.500 185961.073  0.08%     -    2s
     0     0 185962.554    0  589 186107.500 185962.554  0.08%     -    2s
     0     0 185963.341    0  622 186107.500 185963.341  0.08%     -    2s
     0     0 185963.404    0  619 186107.500 185963.404  0.08%     -    2s
     0     0 185963.407    0  619 186107.500 185963.407  0.08%     -    2s
     0     0 185964.687    0  592 186107.500 185964.687  0.08%     -    2s
     0     0 185964.755    0  594 186107.500 185964.755  0.08%     -    2s
     0     0 185964.755    0  599 186107.500 185964.755  0.08%     -    2s
     0     0 185978.333    0  596 186107.500 185978.333  0.07%     -    2s
     0     0 185979.418    0  322 186107.500 185979.418  0.07%     -    2s
     0     0 185979.418    0  443 186107.500 185979.418  0.07%     -    2s
     0     0 185979.418    0  492 186107.500 185979.418  0.07%     -    2s
     0     0 185979.418    0  487 186107.500 185979.418  0.07%     -    2s
     0     0 185979.418    0  523 186107.500 185979.418  0.07%     -    2s
     0     0 185979.418    0  473 186107.500 185979.418  0.07%     -    2s
     0     0 186005.000    0  496 186107.500 186005.000  0.06%     -    2s
     0     0 186007.667    0  517 186107.500 186007.667  0.05%     -    2s
     0     0 186007.667    0  515 186107.500 186007.667  0.05%     -    2s
     0     0 186007.667    0  504 186107.500 186007.667  0.05%     -    2s
     0     0 186008.000    0  506 186107.500 186008.000  0.05%     -    2s
     0     0 186022.500    0  509 186107.500 186022.500  0.05%     -    3s
     0     0 186027.500    0  514 186107.500 186027.500  0.04%     -    3s
     0     0 186027.500    0  503 186107.500 186027.500  0.04%     -    3s
     0     0 186029.250    0  518 186107.500 186029.250  0.04%     -    3s
     0     0 186032.500    0  516 186107.500 186032.500  0.04%     -    3s
     0     0 186032.500    0  518 186107.500 186032.500  0.04%     -    3s
     0     0 186032.500    0  522 186107.500 186032.500  0.04%     -    3s
     0     0 186058.500    0  503 186107.500 186058.500  0.03%     -    3s
     0     0 186060.500    0  518 186107.500 186060.500  0.03%     -    3s
     0     0 186060.500    0  519 186107.500 186060.500  0.03%     -    3s

Cutting planes:
  Gomory: 5
  Clique: 5
  MIR: 6
  Zero half: 37
  RLT: 10
  BQP: 17

Explored 1 nodes (34161 simplex iterations) in 3.18 seconds (6.80 work units)
Thread count was 10 (of 10 available processors)

Solution count 1: 186108 

Optimal solution found (tolerance 1.00e-04)
Best objective 1.861075000000e+05, best bound 1.860900000000e+05, gap 0.0094%
Solução ótima encontrada.
Set parameter TimeLimit to value 25200
Set parameter TimeLimit to value 600
Gurobi Optimizer version 10.0.2 build v10.0.2rc0 (mac64[arm])

CPU model: Apple M5
Thread count: 10 physical cores, 10 logical processors, using up to 10 threads

Optimize a model with 548706 rows, 284763 columns and 1341935 nonzeros
Model fingerprint: 0x4b2663a2
Variable types: 0 continuous, 284763 integer (264707 binary)
Coefficient statistics:
  Matrix range     [1e+00, 8e+01]
  Objective range  [5e-01, 2e+03]
  Bounds range     [1e+00, 1e+00]
  RHS range        [1e+00, 1e+02]

User MIP start produced solution with objective 186108 (0.10s)
Loaded user MIP start with objective 186108
MIP start from previous solve did not produce a new incumbent solution

Presolve removed 547488 rows and 283660 columns
Presolve time: 0.16s
Presolved: 1218 rows, 1103 columns, 3463 nonzeros
Variable types: 0 continuous, 1103 integer (1103 binary)

Root relaxation: cutoff, 161 iterations, 0.00 seconds (0.00 work units)

    Nodes    |    Current Node    |     Objective Bounds      |     Work
 Expl Unexpl |  Obj  Depth IntInf | Incumbent    BestBd   Gap | It/Node Time

     0     0     cutoff    0      186107.500 186107.500  0.00%     -    0s

Explored 1 nodes (161 simplex iterations) in 0.28 seconds (0.83 work units)
Thread count was 10 (of 10 available processors)

Solution count 1: 186108 

Optimal solution found (tolerance 1.00e-04)
Best objective 1.861075000000e+05, best bound 1.861075000000e+05, gap 0.0000%
Solução ótima encontrada.
Set parameter TimeLimit to value 25200
Set parameter TimeLimit to value 600
Gurobi Optimizer version 10.0.2 build v10.0.2rc0 (mac64[arm])

CPU model: Apple M5
Thread count: 10 physical cores, 10 logical processors, using up to 10 threads

Optimize a model with 548706 rows, 284763 columns and 1341935 nonzeros
Model fingerprint: 0x30c604f8
Variable types: 0 continuous, 284763 integer (264707 binary)
Coefficient statistics:
  Matrix range     [1e+00, 8e+01]
  Objective range  [5e-01, 2e+03]
  Bounds range     [1e+00, 1e+00]
  RHS range        [1e+00, 1e+02]

User MIP start produced solution with objective 186108 (0.10s)
Loaded user MIP start with objective 186108
MIP start from previous solve did not produce a new incumbent solution

Presolve removed 545380 rows and 281812 columns
Presolve time: 0.16s
Presolved: 3326 rows, 2951 columns, 9402 nonzeros
Variable types: 0 continuous, 2951 integer (2951 binary)

Root relaxation: cutoff, 138 iterations, 0.00 seconds (0.00 work units)

    Nodes    |    Current Node    |     Objective Bounds      |     Work
 Expl Unexpl |  Obj  Depth IntInf | Incumbent    BestBd   Gap | It/Node Time

     0     0     cutoff    0      186107.500 186107.500  0.00%     -    0s

Explored 1 nodes (138 simplex iterations) in 0.28 seconds (0.82 work units)
Thread count was 10 (of 10 available processors)

Solution count 1: 186108 

Optimal solution found (tolerance 1.00e-04)
Best objective 1.861075000000e+05, best bound 1.861075000000e+05, gap 0.0000%
Solução ótima encontrada.
Set parameter TimeLimit to value 25200
Set parameter TimeLimit to value 600
Gurobi Optimizer version 10.0.2 build v10.0.2rc0 (mac64[arm])

CPU model: Apple M5
Thread count: 10 physical cores, 10 logical processors, using up to 10 threads

Optimize a model with 548706 rows, 284763 columns and 1341935 nonzeros
Model fingerprint: 0xa8a464d0
Variable types: 0 continuous, 284763 integer (264707 binary)
Coefficient statistics:
  Matrix range     [1e+00, 8e+01]
  Objective range  [5e-01, 2e+03]
  Bounds range     [1e+00, 1e+00]
  RHS range        [1e+00, 1e+02]

User MIP start produced solution with objective 186108 (0.10s)
Loaded user MIP start with objective 186108
MIP start from previous solve did not produce a new incumbent solution

Presolve removed 542417 rows and 279544 columns
Presolve time: 0.17s
Presolved: 6289 rows, 5219 columns, 17766 nonzeros
Variable types: 0 continuous, 5219 integer (5219 binary)

Root relaxation: objective 1.861025e+05, 1449 iterations, 0.02 seconds (0.03 work units)

    Nodes    |    Current Node    |     Objective Bounds      |     Work
 Expl Unexpl |  Obj  Depth IntInf | Incumbent    BestBd   Gap | It/Node Time

     0     0 186102.500    0  114 186107.500 186102.500  0.00%     -    0s

Explored 1 nodes (2332 simplex iterations) in 0.34 seconds (0.97 work units)
Thread count was 10 (of 10 available processors)

Solution count 1: 186108 

Optimal solution found (tolerance 1.00e-04)
Best objective 1.861075000000e+05, best bound 1.861025000000e+05, gap 0.0027%
Solução ótima encontrada.
Set parameter TimeLimit to value 25200
Set parameter TimeLimit to value 600
Gurobi Optimizer version 10.0.2 build v10.0.2rc0 (mac64[arm])

CPU model: Apple M5
Thread count: 10 physical cores, 10 logical processors, using up to 10 threads

Optimize a model with 548706 rows, 284763 columns and 1341935 nonzeros
Model fingerprint: 0xc13faebc
Variable types: 0 continuous, 284763 integer (264707 binary)
Coefficient statistics:
  Matrix range     [1e+00, 8e+01]
  Objective range  [5e-01, 2e+03]
  Bounds range     [1e+00, 1e+00]
  RHS range        [1e+00, 1e+02]

User MIP start produced solution with objective 186108 (0.10s)
Loaded user MIP start with objective 186108
MIP start from previous solve did not produce a new incumbent solution

Presolve removed 536114 rows and 274746 columns
Presolve time: 0.21s
Presolved: 12592 rows, 10017 columns, 36394 nonzeros
Variable types: 0 continuous, 10017 integer (10017 binary)

Root relaxation: objective 1.858365e+05, 9632 iterations, 0.44 seconds (1.43 work units)

    Nodes    |    Current Node    |     Objective Bounds      |     Work
 Expl Unexpl |  Obj  Depth IntInf | Incumbent    BestBd   Gap | It/Node Time

     0     0 185836.500    0  466 186107.500 185836.500  0.15%     -    1s
     0     0 185865.333    0  908 186107.500 185865.333  0.13%     -    1s
     0     0 185865.333    0  482 186107.500 185865.333  0.13%     -    2s
     0     0 185876.125    0  698 186107.500 185876.125  0.12%     -    2s
     0     0 185878.625    0  597 186107.500 185878.625  0.12%     -    2s
     0     0 185902.500    0  753 186107.500 185902.500  0.11%     -    2s
     0     0 185913.324    0  756 186107.500 185913.324  0.10%     -    2s
     0     0 185914.862    0  760 186107.500 185914.862  0.10%     -    2s
     0     0 185928.250    0  341 186107.500 185928.250  0.10%     -    2s
     0     0 185928.250    0  124 186107.500 185928.250  0.10%     -    2s
     0     0 185928.250    0  263 186107.500 185928.250  0.10%     -    2s
     0     0 185928.250    0   77 186107.500 185928.250  0.10%     -    2s
     0     0 185928.250    0  119 186107.500 185928.250  0.10%     -    2s
     0     0 185928.250    0  120 186107.500 185928.250  0.10%     -    2s
     0     0 185942.250    0   96 186107.500 185942.250  0.09%     -    2s
     0     0 185942.875    0  121 186107.500 185942.875  0.09%     -    2s
     0     0 185951.000    0  147 186107.500 185951.000  0.08%     -    2s
     0     0 185951.417    0  152 186107.500 185951.417  0.08%     -    2s
     0     0 185957.500    0  184 186107.500 185957.500  0.08%     -    2s
     0     0 185966.154    0  181 186107.500 185966.154  0.08%     -    2s
     0     0 185967.147    0  199 186107.500 185967.147  0.08%     -    2s
     0     0 185972.383    0  155 186107.500 185972.383  0.07%     -    2s
     0     0 185972.383    0  163 186107.500 185972.383  0.07%     -    2s
     0     0 185974.383    0  160 186107.500 185974.383  0.07%     -    2s
     0     2 185974.750    0  150 186107.500 185974.750  0.07%     -    2s

Cutting planes:
  Lift-and-project: 5
  Implied bound: 6
  Clique: 84
  Zero half: 20
  RLT: 66
  BQP: 56

Explored 535 nodes (66590 simplex iterations) in 3.12 seconds (7.95 work units)
Thread count was 10 (of 10 available processors)

Solution count 1: 186108 

Optimal solution found (tolerance 1.00e-04)
Best objective 1.861075000000e+05, best bound 1.861075000000e+05, gap 0.0000%
Solução ótima encontrada.
Set parameter TimeLimit to value 25200
Set parameter TimeLimit to value 600
Gurobi Optimizer version 10.0.2 build v10.0.2rc0 (mac64[arm])

CPU model: Apple M5
Thread count: 10 physical cores, 10 logical processors, using up to 10 threads

Optimize a model with 548706 rows, 284763 columns and 1341935 nonzeros
Model fingerprint: 0xcd095ed3
Variable types: 0 continuous, 284763 integer (264707 binary)
Coefficient statistics:
  Matrix range     [1e+00, 8e+01]
  Objective range  [5e-01, 2e+03]
  Bounds range     [1e+00, 1e+00]
  RHS range        [1e+00, 1e+02]

User MIP start produced solution with objective 186108 (0.10s)
Loaded user MIP start with objective 186108
MIP start from previous solve did not produce a new incumbent solution

Presolve removed 543284 rows and 280184 columns
Presolve time: 0.17s
Presolved: 5422 rows, 4579 columns, 15330 nonzeros
Variable types: 0 continuous, 4579 integer (4579 binary)

Root relaxation: objective 1.860825e+05, 1089 iterations, 0.01 seconds (0.02 work units)

    Nodes    |    Current Node    |     Objective Bounds      |     Work
 Expl Unexpl |  Obj  Depth IntInf | Incumbent    BestBd   Gap | It/Node Time

     0     0 186082.500    0  158 186107.500 186082.500  0.01%     -    0s
     0     0 186082.500    0  158 186107.500 186082.500  0.01%     -    0s
     0     0 186082.500    0   57 186107.500 186082.500  0.01%     -    0s
     0     0 186085.000    0   46 186107.500 186085.000  0.01%     -    0s
     0     0 186087.500    0   33 186107.500 186087.500  0.01%     -    0s
     0     0 186087.500    0   71 186107.500 186087.500  0.01%     -    0s
     0     0 186087.500    0   89 186107.500 186087.500  0.01%     -    0s
     0     0 186087.500    0   77 186107.500 186087.500  0.01%     -    0s
     0     0 186087.500    0   43 186107.500 186087.500  0.01%     -    0s
     0     0 186087.500    0   59 186107.500 186087.500  0.01%     -    0s
     0     2 186087.500    0   59 186107.500 186087.500  0.01%     -    0s

Cutting planes:
  Gomory: 1
  Clique: 2
  Inf proof: 1
  Zero half: 8
  RLT: 4
  BQP: 2

Explored 3 nodes (2393 simplex iterations) in 0.35 seconds (1.02 work units)
Thread count was 10 (of 10 available processors)

Solution count 1: 186108 

Optimal solution found (tolerance 1.00e-04)
Best objective 1.861075000000e+05, best bound 1.860895000000e+05, gap 0.0097%
Solução ótima encontrada.
Set parameter TimeLimit to value 25200
Set parameter TimeLimit to value 600
Gurobi Optimizer version 10.0.2 build v10.0.2rc0 (mac64[arm])

CPU model: Apple M5
Thread count: 10 physical cores, 10 logical processors, using up to 10 threads

Optimize a model with 548706 rows, 284763 columns and 1341935 nonzeros
Model fingerprint: 0xeae574fa
Variable types: 0 continuous, 284763 integer (264707 binary)
Coefficient statistics:
  Matrix range     [1e+00, 8e+01]
  Objective range  [5e-01, 2e+03]
  Bounds range     [1e+00, 1e+00]
  RHS range        [1e+00, 1e+02]

User MIP start produced solution with objective 186108 (0.10s)
Loaded user MIP start with objective 186108
MIP start from previous solve did not produce a new incumbent solution

Presolve removed 530773 rows and 271404 columns
Presolve time: 0.24s
Presolved: 17933 rows, 13359 columns, 51208 nonzeros
Variable types: 0 continuous, 13359 integer (13359 binary)

Root relaxation: objective 1.859338e+05, 9094 iterations, 0.19 seconds (0.40 work units)

    Nodes    |    Current Node    |     Objective Bounds      |     Work
 Expl Unexpl |  Obj  Depth IntInf | Incumbent    BestBd   Gap | It/Node Time

     0     0 185933.833    0  529 186107.500 185933.833  0.09%     -    0s
     0     0 185933.833    0  529 186107.500 185933.833  0.09%     -    0s
     0     0 185933.833    0  355 186107.500 185933.833  0.09%     -    0s
     0     0 186072.375    0  396 186107.500 186072.375  0.02%     -    0s
     0     0     cutoff    0      186107.500 186107.500  0.00%     -    0s

Cutting planes:
  Gomory: 1
  Clique: 22
  Zero half: 13
  RLT: 8
  BQP: 6

Explored 1 nodes (14006 simplex iterations) in 0.76 seconds (1.95 work units)
Thread count was 10 (of 10 available processors)

Solution count 1: 186108 

Optimal solution found (tolerance 1.00e-04)
Best objective 1.861075000000e+05, best bound 1.861075000000e+05, gap 0.0000%
Solução ótima encontrada.
Set parameter TimeLimit to value 25200
Set parameter TimeLimit to value 600
Gurobi Optimizer version 10.0.2 build v10.0.2rc0 (mac64[arm])

CPU model: Apple M5
Thread count: 10 physical cores, 10 logical processors, using up to 10 threads

Optimize a model with 548706 rows, 284763 columns and 1341935 nonzeros
Model fingerprint: 0x143eb8eb
Variable types: 0 continuous, 284763 integer (264707 binary)
Coefficient statistics:
  Matrix range     [1e+00, 8e+01]
  Objective range  [5e-01, 2e+03]
  Bounds range     [1e+00, 1e+00]
  RHS range        [1e+00, 1e+02]

User MIP start produced solution with objective 186108 (0.10s)
Loaded user MIP start with objective 186108
MIP start from previous solve did not produce a new incumbent solution

Presolve removed 528036 rows and 268128 columns
Presolve time: 0.26s
Presolved: 20670 rows, 16635 columns, 60204 nonzeros
Variable types: 0 continuous, 16635 integer (16635 binary)

Root relaxation: objective 1.859960e+05, 9486 iterations, 0.41 seconds (1.24 work units)

    Nodes    |    Current Node    |     Objective Bounds      |     Work
 Expl Unexpl |  Obj  Depth IntInf | Incumbent    BestBd   Gap | It/Node Time

     0     0 185996.000    0  426 186107.500 185996.000  0.06%     -    1s
     0     0 185996.000    0  426 186107.500 185996.000  0.06%     -    1s
     0     0 185996.000    0  120 186107.500 185996.000  0.06%     -    1s
     0     0 185996.000    0  152 186107.500 185996.000  0.06%     -    1s
     0     0 185996.375    0  180 186107.500 185996.375  0.06%     -    1s
     0     0 185997.367    0  244 186107.500 185997.367  0.06%     -    1s
     0     0 185997.367    0  235 186107.500 185997.367  0.06%     -    1s
     0     0 185999.400    0  213 186107.500 185999.400  0.06%     -    1s
     0     0 186000.067    0  282 186107.500 186000.067  0.06%     -    1s
     0     0 186000.083    0  285 186107.500 186000.083  0.06%     -    1s
     0     0 186002.250    0  132 186107.500 186002.250  0.06%     -    1s
     0     0 186002.750    0  113 186107.500 186002.750  0.06%     -    1s
     0     2 186002.966    0  113 186107.500 186002.966  0.06%     -    1s
  2892  1620 186077.000   17  138 186107.500 186018.000  0.05%  51.3    5s
 13687  3500 infeasible   70      186107.500 186028.571  0.04%  75.2   10s
 27532  6538 186055.000   40   40 186107.500 186034.333  0.04%  73.6   15s
 40305  7480 186050.250   48   83 186107.500 186039.000  0.04%  73.7   20s
 59847  4469 infeasible   50      186107.500 186046.631  0.03%  73.3   25s

Cutting planes:
  Gomory: 6
  Clique: 1
  MIR: 8
  Flow cover: 7
  Inf proof: 5
  Zero half: 38
  RLT: 26
  BQP: 86

Explored 69945 nodes (5181420 simplex iterations) in 27.74 seconds (51.27 work units)
Thread count was 10 (of 10 available processors)

Solution count 1: 186108 

Optimal solution found (tolerance 1.00e-04)
Best objective 1.861075000000e+05, best bound 1.860895000000e+05, gap 0.0097%
Solução ótima encontrada.
Set parameter TimeLimit to value 25200
Set parameter TimeLimit to value 600
Gurobi Optimizer version 10.0.2 build v10.0.2rc0 (mac64[arm])

CPU model: Apple M5
Thread count: 10 physical cores, 10 logical processors, using up to 10 threads

Optimize a model with 548706 rows, 284763 columns and 1341935 nonzeros
Model fingerprint: 0xb4271c97
Variable types: 0 continuous, 284763 integer (264707 binary)
Coefficient statistics:
  Matrix range     [1e+00, 8e+01]
  Objective range  [5e-01, 2e+03]
  Bounds range     [1e+00, 1e+00]
  RHS range        [1e+00, 1e+02]

User MIP start produced solution with objective 186108 (0.10s)
Loaded user MIP start with objective 186108
MIP start from previous solve did not produce a new incumbent solution

Presolve removed 522821 rows and 265735 columns
Presolve time: 0.27s
Presolved: 25885 rows, 19028 columns, 74822 nonzeros
Variable types: 0 continuous, 19028 integer (19028 binary)

Root relaxation: cutoff, 5237 iterations, 0.06 seconds (0.19 work units)

    Nodes    |    Current Node    |     Objective Bounds      |     Work
 Expl Unexpl |  Obj  Depth IntInf | Incumbent    BestBd   Gap | It/Node Time

     0     0     cutoff    0      186107.500 186107.500  0.00%     -    0s

Explored 1 nodes (5237 simplex iterations) in 0.47 seconds (1.45 work units)
Thread count was 10 (of 10 available processors)

Solution count 1: 186108 

Optimal solution found (tolerance 1.00e-04)
Best objective 1.861075000000e+05, best bound 1.861075000000e+05, gap 0.0000%
Solução ótima encontrada.
Set parameter TimeLimit to value 25200
Set parameter TimeLimit to value 600
Gurobi Optimizer version 10.0.2 build v10.0.2rc0 (mac64[arm])

CPU model: Apple M5
Thread count: 10 physical cores, 10 logical processors, using up to 10 threads

Optimize a model with 548706 rows, 284763 columns and 1341935 nonzeros
Model fingerprint: 0x017cc553
Variable types: 0 continuous, 284763 integer (264707 binary)
Coefficient statistics:
  Matrix range     [1e+00, 8e+01]
  Objective range  [5e-01, 2e+03]
  Bounds range     [1e+00, 1e+00]
  RHS range        [1e+00, 1e+02]

User MIP start produced solution with objective 186108 (0.11s)
Loaded user MIP start with objective 186108
MIP start from previous solve did not produce a new incumbent solution

Presolve removed 535301 rows and 274990 columns
Presolve time: 0.23s
Presolved: 13405 rows, 9773 columns, 37027 nonzeros
Variable types: 0 continuous, 9773 integer (9773 binary)

Root relaxation: cutoff, 2355 iterations, 0.02 seconds (0.04 work units)

    Nodes    |    Current Node    |     Objective Bounds      |     Work
 Expl Unexpl |  Obj  Depth IntInf | Incumbent    BestBd   Gap | It/Node Time

     0     0     cutoff    0      186107.500 186107.500  0.00%     -    0s

Explored 1 nodes (2355 simplex iterations) in 0.38 seconds (1.09 work units)
Thread count was 10 (of 10 available processors)

Solution count 1: 186108 

Optimal solution found (tolerance 1.00e-04)
Best objective 1.861075000000e+05, best bound 1.861075000000e+05, gap 0.0000%
Solução ótima encontrada.
Set parameter TimeLimit to value 25200
Set parameter TimeLimit to value 600
Gurobi Optimizer version 10.0.2 build v10.0.2rc0 (mac64[arm])

CPU model: Apple M5
Thread count: 10 physical cores, 10 logical processors, using up to 10 threads

Optimize a model with 548706 rows, 284763 columns and 1341935 nonzeros
Model fingerprint: 0x4dcb8777
Variable types: 0 continuous, 284763 integer (264707 binary)
Coefficient statistics:
  Matrix range     [1e+00, 8e+01]
  Objective range  [5e-01, 2e+03]
  Bounds range     [1e+00, 1e+00]
  RHS range        [1e+00, 1e+02]

User MIP start produced solution with objective 186108 (0.10s)
Loaded user MIP start with objective 186108
MIP start from previous solve did not produce a new incumbent solution

Presolve removed 542668 rows and 280018 columns
Presolve time: 0.19s
Presolved: 6038 rows, 4745 columns, 16857 nonzeros
Variable types: 0 continuous, 4745 integer (4745 binary)

Root relaxation: cutoff, 1196 iterations, 0.01 seconds (0.02 work units)

    Nodes    |    Current Node    |     Objective Bounds      |     Work
 Expl Unexpl |  Obj  Depth IntInf | Incumbent    BestBd   Gap | It/Node Time

     0     0     cutoff    0      186107.500 186107.500  0.00%     -    0s

Explored 1 nodes (1196 simplex iterations) in 0.32 seconds (0.91 work units)
Thread count was 10 (of 10 available processors)

Solution count 1: 186108 

Optimal solution found (tolerance 1.00e-04)
Best objective 1.861075000000e+05, best bound 1.861075000000e+05, gap 0.0000%
Solução ótima encontrada.
Set parameter TimeLimit to value 25200
Set parameter TimeLimit to value 600
Gurobi Optimizer version 10.0.2 build v10.0.2rc0 (mac64[arm])

CPU model: Apple M5
Thread count: 10 physical cores, 10 logical processors, using up to 10 threads

Optimize a model with 548706 rows, 284763 columns and 1341935 nonzeros
Model fingerprint: 0x9eb87cad
Variable types: 0 continuous, 284763 integer (264707 binary)
Coefficient statistics:
  Matrix range     [1e+00, 8e+01]
  Objective range  [5e-01, 2e+03]
  Bounds range     [1e+00, 1e+00]
  RHS range        [1e+00, 1e+02]

User MIP start produced solution with objective 186108 (0.10s)
Loaded user MIP start with objective 186108
MIP start from previous solve did not produce a new incumbent solution

Presolve removed 545713 rows and 282188 columns
Presolve time: 0.17s
Presolved: 2993 rows, 2575 columns, 8956 nonzeros
Variable types: 0 continuous, 2575 integer (2575 binary)

Root relaxation: cutoff, 718 iterations, 0.00 seconds (0.01 work units)

    Nodes    |    Current Node    |     Objective Bounds      |     Work
 Expl Unexpl |  Obj  Depth IntInf | Incumbent    BestBd   Gap | It/Node Time

     0     0     cutoff    0      186107.500 186107.500  0.00%     -    0s

Explored 1 nodes (718 simplex iterations) in 0.29 seconds (0.85 work units)
Thread count was 10 (of 10 available processors)

Solution count 1: 186108 

Optimal solution found (tolerance 1.00e-04)
Best objective 1.861075000000e+05, best bound 1.861075000000e+05, gap 0.0000%
Solução ótima encontrada.
Set parameter TimeLimit to value 25200
Set parameter TimeLimit to value 600
Gurobi Optimizer version 10.0.2 build v10.0.2rc0 (mac64[arm])

CPU model: Apple M5
Thread count: 10 physical cores, 10 logical processors, using up to 10 threads

Optimize a model with 548706 rows, 284763 columns and 1341935 nonzeros
Model fingerprint: 0x5f71b2ee
Variable types: 0 continuous, 284763 integer (264707 binary)
Coefficient statistics:
  Matrix range     [1e+00, 8e+01]
  Objective range  [5e-01, 2e+03]
  Bounds range     [1e+00, 1e+00]
  RHS range        [1e+00, 1e+02]

User MIP start produced solution with objective 186108 (0.10s)
Loaded user MIP start with objective 186108
MIP start from previous solve did not produce a new incumbent solution

Presolve removed 541984 rows and 278914 columns
Presolve time: 0.19s
Presolved: 6722 rows, 5849 columns, 19595 nonzeros
Variable types: 0 continuous, 5849 integer (5849 binary)

Root relaxation: cutoff, 1239 iterations, 0.01 seconds (0.02 work units)

    Nodes    |    Current Node    |     Objective Bounds      |     Work
 Expl Unexpl |  Obj  Depth IntInf | Incumbent    BestBd   Gap | It/Node Time

     0     0     cutoff    0      186107.500 186107.500  0.00%     -    0s

Explored 1 nodes (1239 simplex iterations) in 0.32 seconds (0.96 work units)
Thread count was 10 (of 10 available processors)

Solution count 1: 186108 

Optimal solution found (tolerance 1.00e-04)
Best objective 1.861075000000e+05, best bound 1.861075000000e+05, gap 0.0000%
Solução ótima encontrada.
Set parameter TimeLimit to value 25200
Set parameter TimeLimit to value 600
Gurobi Optimizer version 10.0.2 build v10.0.2rc0 (mac64[arm])

CPU model: Apple M5
Thread count: 10 physical cores, 10 logical processors, using up to 10 threads

Optimize a model with 548706 rows, 284763 columns and 1341935 nonzeros
Model fingerprint: 0xae41651e
Variable types: 0 continuous, 284763 integer (264707 binary)
Coefficient statistics:
  Matrix range     [1e+00, 8e+01]
  Objective range  [5e-01, 2e+03]
  Bounds range     [1e+00, 1e+00]
  RHS range        [1e+00, 1e+02]

User MIP start produced solution with objective 186108 (0.10s)
Loaded user MIP start with objective 186108
MIP start from previous solve did not produce a new incumbent solution

Presolve removed 542761 rows and 279649 columns
Presolve time: 0.17s
Presolved: 5945 rows, 5114 columns, 17256 nonzeros
Variable types: 0 continuous, 5114 integer (5114 binary)

Root relaxation: cutoff, 1814 iterations, 0.02 seconds (0.03 work units)

    Nodes    |    Current Node    |     Objective Bounds      |     Work
 Expl Unexpl |  Obj  Depth IntInf | Incumbent    BestBd   Gap | It/Node Time

     0     0     cutoff    0      186107.500 186107.500  0.00%     -    0s

Explored 1 nodes (1814 simplex iterations) in 0.31 seconds (0.89 work units)
Thread count was 10 (of 10 available processors)

Solution count 1: 186108 

Optimal solution found (tolerance 1.00e-04)
Best objective 1.861075000000e+05, best bound 1.861075000000e+05, gap 0.0000%
Solução ótima encontrada.
Set parameter TimeLimit to value 25200
Set parameter TimeLimit to value 600
Gurobi Optimizer version 10.0.2 build v10.0.2rc0 (mac64[arm])

CPU model: Apple M5
Thread count: 10 physical cores, 10 logical processors, using up to 10 threads

Optimize a model with 548706 rows, 284763 columns and 1341935 nonzeros
Model fingerprint: 0x239dd66a
Variable types: 0 continuous, 284763 integer (264707 binary)
Coefficient statistics:
  Matrix range     [1e+00, 8e+01]
  Objective range  [5e-01, 2e+03]
  Bounds range     [1e+00, 1e+00]
  RHS range        [1e+00, 1e+02]

User MIP start produced solution with objective 186108 (0.10s)
Loaded user MIP start with objective 186108
MIP start from previous solve did not produce a new incumbent solution

Presolve removed 544592 rows and 281162 columns
Presolve time: 0.17s
Presolved: 4114 rows, 3601 columns, 11921 nonzeros
Variable types: 0 continuous, 3601 integer (3601 binary)

Root relaxation: cutoff, 954 iterations, 0.01 seconds (0.01 work units)

    Nodes    |    Current Node    |     Objective Bounds      |     Work
 Expl Unexpl |  Obj  Depth IntInf | Incumbent    BestBd   Gap | It/Node Time

     0     0     cutoff    0      186107.500 186107.500  0.00%     -    0s

Explored 1 nodes (954 simplex iterations) in 0.30 seconds (0.91 work units)
Thread count was 10 (of 10 available processors)

Solution count 1: 186108 

Optimal solution found (tolerance 1.00e-04)
Best objective 1.861075000000e+05, best bound 1.861075000000e+05, gap 0.0000%
Solução ótima encontrada.
Set parameter TimeLimit to value 25200
Set parameter TimeLimit to value 600
Gurobi Optimizer version 10.0.2 build v10.0.2rc0 (mac64[arm])

CPU model: Apple M5
Thread count: 10 physical cores, 10 logical processors, using up to 10 threads

Optimize a model with 548706 rows, 284763 columns and 1341935 nonzeros
Model fingerprint: 0x60594d54
Variable types: 0 continuous, 284763 integer (264707 binary)
Coefficient statistics:
  Matrix range     [1e+00, 8e+01]
  Objective range  [5e-01, 2e+03]
  Bounds range     [1e+00, 1e+00]
  RHS range        [1e+00, 1e+02]

User MIP start produced solution with objective 186108 (0.10s)
Loaded user MIP start with objective 186108
MIP start from previous solve did not produce a new incumbent solution

Presolve removed 530358 rows and 269896 columns
Presolve time: 0.23s
Presolved: 18348 rows, 14867 columns, 52278 nonzeros
Variable types: 0 continuous, 14867 integer (14867 binary)

Root relaxation: cutoff, 2861 iterations, 0.06 seconds (0.20 work units)

    Nodes    |    Current Node    |     Objective Bounds      |     Work
 Expl Unexpl |  Obj  Depth IntInf | Incumbent    BestBd   Gap | It/Node Time

     0     0     cutoff    0      186107.500 186107.500  0.00%     -    0s

Explored 1 nodes (2861 simplex iterations) in 0.41 seconds (1.30 work units)
Thread count was 10 (of 10 available processors)

Solution count 1: 186108 

Optimal solution found (tolerance 1.00e-04)
Best objective 1.861075000000e+05, best bound 1.861075000000e+05, gap 0.0000%
Solução ótima encontrada.
Set parameter TimeLimit to value 25200
Set parameter TimeLimit to value 600
Gurobi Optimizer version 10.0.2 build v10.0.2rc0 (mac64[arm])

CPU model: Apple M5
Thread count: 10 physical cores, 10 logical processors, using up to 10 threads

Optimize a model with 548706 rows, 284763 columns and 1341935 nonzeros
Model fingerprint: 0x1c4ba393
Variable types: 0 continuous, 284763 integer (264707 binary)
Coefficient statistics:
  Matrix range     [1e+00, 8e+01]
  Objective range  [5e-01, 2e+03]
  Bounds range     [1e+00, 1e+00]
  RHS range        [1e+00, 1e+02]

User MIP start produced solution with objective 186108 (0.10s)
Loaded user MIP start with objective 186108
MIP start from previous solve did not produce a new incumbent solution

Presolve removed 516508 rows and 260218 columns
Presolve time: 0.22s
Presolved: 32198 rows, 24545 columns, 94142 nonzeros
Variable types: 0 continuous, 24545 integer (24545 binary)

Root relaxation: cutoff, 6615 iterations, 0.11 seconds (0.32 work units)

    Nodes    |    Current Node    |     Objective Bounds      |     Work
 Expl Unexpl |  Obj  Depth IntInf | Incumbent    BestBd   Gap | It/Node Time

     0     0     cutoff    0      186107.500 186107.500  0.00%     -    0s

Explored 1 nodes (6615 simplex iterations) in 0.46 seconds (1.42 work units)
Thread count was 10 (of 10 available processors)

Solution count 1: 186108 

Optimal solution found (tolerance 1.00e-04)
Best objective 1.861075000000e+05, best bound 1.861075000000e+05, gap 0.0000%
Solução ótima encontrada.
Set parameter TimeLimit to value 25200
Set parameter TimeLimit to value 600
Gurobi Optimizer version 10.0.2 build v10.0.2rc0 (mac64[arm])

CPU model: Apple M5
Thread count: 10 physical cores, 10 logical processors, using up to 10 threads

Optimize a model with 548706 rows, 284763 columns and 1341935 nonzeros
Model fingerprint: 0xc985ac55
Variable types: 0 continuous, 284763 integer (264707 binary)
Coefficient statistics:
  Matrix range     [1e+00, 8e+01]
  Objective range  [5e-01, 2e+03]
  Bounds range     [1e+00, 1e+00]
  RHS range        [1e+00, 1e+02]

User MIP start produced solution with objective 186108 (0.10s)
Loaded user MIP start with objective 186108
MIP start from previous solve did not produce a new incumbent solution

Presolve removed 529731 rows and 269534 columns
Presolve time: 0.18s
Presolved: 18975 rows, 15229 columns, 55456 nonzeros
Variable types: 0 continuous, 15229 integer (15229 binary)

Root relaxation: cutoff, 4892 iterations, 0.09 seconds (0.25 work units)

    Nodes    |    Current Node    |     Objective Bounds      |     Work
 Expl Unexpl |  Obj  Depth IntInf | Incumbent    BestBd   Gap | It/Node Time

     0     0     cutoff    0      186107.500 186107.500  0.00%     -    0s

Explored 1 nodes (4892 simplex iterations) in 0.39 seconds (1.15 work units)
Thread count was 10 (of 10 available processors)

Solution count 1: 186108 

Optimal solution found (tolerance 1.00e-04)
Best objective 1.861075000000e+05, best bound 1.861075000000e+05, gap 0.0000%
Solução ótima encontrada.
RESULTADO_JSON={"arquivo_log_csv": "resultados/experimentos/2024_1/fixopt_hibrida_adaptativa_init5min_sub10min_total4h.csv", "arquivo_log_json": "resultados/experimentos/2024_1/fixopt_hibrida_adaptativa_init5min_sub10min_total4h.json", "arquivo_melhor_solucao": "resultados/experimentos/2024_1/fixopt_hibrida_adaptativa_init5min_sub10min_total4h.sol", "arquivo_solucao_inicial": null, "etapa": "fix_and_optimize_hibrida_adaptativa", "ganho_absoluto": 186.5, "historico": [{"ciclo": 1, "curso": "ADM", "disciplinas_livres": 48, "iteracao": 1, "melhorou": true, "objetivo_anterior": 186294.0, "objetivo_candidato": 186289.0, "objetivo_incumbente": 186289.0, "passada": 1, "recurso": "ADM", "status_solver": "OPTIMAL", "tempo_gasto_s": 0.9, "tempo_limite_subproblema_s": 600.0, "tempo_solver_s": 0.65, "variaveis_x_fixadas": 85698, "variaveis_x_livres": 9292, "vizinhanca": "curso"}, {"ciclo": 1, "curso": "AGRO", "disciplinas_livres": 51, "iteracao": 2, "melhorou": true, "objetivo_anterior": 186289.0, "objetivo_candidato": 186286.0, "objetivo_incumbente": 186286.0, "passada": 1, "recurso": "AGRO", "status_solver": "OPTIMAL", "tempo_gasto_s": 3.87, "tempo_limite_subproblema_s": 600.0, "tempo_solver_s": 3.53, "variaveis_x_fixadas": 86250, "variaveis_x_livres": 8740, "vizinhanca": "curso"}, {"ciclo": 1, "curso": "CC", "disciplinas_livres": 47, "iteracao": 3, "melhorou": false, "objetivo_anterior": 186286.0, "objetivo_candidato": 186286.0, "objetivo_incumbente": 186286.0, "passada": 1, "recurso": "CC", "status_solver": "OPTIMAL", "tempo_gasto_s": 1.07, "tempo_limite_subproblema_s": 600.0, "tempo_solver_s": 0.72, "variaveis_x_fixadas": 84456, "variaveis_x_livres": 10534, "vizinhanca": "curso"}, {"ciclo": 1, "curso": "CS", "disciplinas_livres": 22, "iteracao": 4, "melhorou": false, "objetivo_anterior": 186286.0, "objetivo_candidato": 186286.0, "objetivo_incumbente": 186286.0, "passada": 1, "recurso": "CS", "status_solver": "OPTIMAL", "tempo_gasto_s": 0.68, "tempo_limite_subproblema_s": 600.0, "tempo_solver_s": 0.32, "variaveis_x_fixadas": 90436, "variaveis_x_livres": 4554, "vizinhanca": "curso"}, {"ciclo": 1, "curso": "EAS", "disciplinas_livres": 45, "iteracao": 5, "melhorou": false, "objetivo_anterior": 186286.0, "objetivo_candidato": 186286.0, "objetivo_incumbente": 186286.0, "passada": 1, "recurso": "EAS", "status_solver": "OPTIMAL", "tempo_gasto_s": 0.72, "tempo_limite_subproblema_s": 600.0, "tempo_solver_s": 0.4, "variaveis_x_fixadas": 87538, "variaveis_x_livres": 7452, "vizinhanca": "curso"}, {"ciclo": 1, "curso": "ENF", "disciplinas_livres": 18, "iteracao": 6, "melhorou": true, "objetivo_anterior": 186286.0, "objetivo_candidato": 186141.0, "objetivo_incumbente": 186141.0, "passada": 1, "recurso": "ENF", "status_solver": "OPTIMAL", "tempo_gasto_s": 5.32, "tempo_limite_subproblema_s": 600.0, "tempo_solver_s": 4.99, "variaveis_x_fixadas": 86480, "variaveis_x_livres": 8510, "vizinhanca": "curso"}, {"ciclo": 1, "curso": "FIL", "disciplinas_livres": 15, "iteracao": 7, "melhorou": false, "objetivo_anterior": 186141.0, "objetivo_candidato": 186141.0, "objetivo_incumbente": 186141.0, "passada": 1, "recurso": "FIL", "status_solver": "OPTIMAL", "tempo_gasto_s": 0.61, "tempo_limite_subproblema_s": 600.0, "tempo_solver_s": 0.27, "variaveis_x_fixadas": 92230, "variaveis_x_livres": 2760, "vizinhanca": "curso"}, {"ciclo": 1, "curso": "GEO", "disciplinas_livres": 10, "iteracao": 8, "melhorou": false, "objetivo_anterior": 186141.0, "objetivo_candidato": 186141.0, "objetivo_incumbente": 186141.0, "passada": 1, "recurso": "GEO", "status_solver": "OPTIMAL", "tempo_gasto_s": 0.62, "tempo_limite_subproblema_s": 600.0, "tempo_solver_s": 0.28, "variaveis_x_fixadas": 92920, "variaveis_x_livres": 2070, "vizinhanca": "curso"}, {"ciclo": 1, "curso": "HIS", "disciplinas_livres": 24, "iteracao": 9, "melhorou": false, "objetivo_anterior": 186141.0, "objetivo_candidato": 186141.0, "objetivo_incumbente": 186141.0, "passada": 1, "recurso": "HIS", "status_solver": "OPTIMAL", "tempo_gasto_s": 0.67, "tempo_limite_subproblema_s": 600.0, "tempo_solver_s": 0.35, "variaveis_x_fixadas": 90206, "variaveis_x_livres": 4784, "vizinhanca": "curso"}, {"ciclo": 1, "curso": "LET", "disciplinas_livres": 36, "iteracao": 10, "melhorou": false, "objetivo_anterior": 186141.0, "objetivo_candidato": 186141.0, "objetivo_incumbente": 186141.0, "passada": 1, "recurso": "LET", "status_solver": "OPTIMAL", "tempo_gasto_s": 3.16, "tempo_limite_subproblema_s": 600.0, "tempo_solver_s": 2.82, "variaveis_x_fixadas": 85836, "variaveis_x_livres": 9154, "vizinhanca": "curso"}, {"ciclo": 1, "curso": "MAT", "disciplinas_livres": 23, "iteracao": 11, "melhorou": false, "objetivo_anterior": 186141.0, "objetivo_candidato": 186141.0, "objetivo_incumbente": 186141.0, "passada": 1, "recurso": "MAT", "status_solver": "OPTIMAL", "tempo_gasto_s": 0.78, "tempo_limite_subproblema_s": 600.0, "tempo_solver_s": 0.4, "variaveis_x_fixadas": 90022, "variaveis_x_livres": 4968, "vizinhanca": "curso"}, {"ciclo": 1, "curso": "MED", "disciplinas_livres": 41, "iteracao": 12, "melhorou": false, "objetivo_anterior": 186141.0, "objetivo_candidato": 186141.0, "objetivo_incumbente": 186141.0, "passada": 1, "recurso": "MED", "status_solver": "OPTIMAL", "tempo_gasto_s": 1.12, "tempo_limite_subproblema_s": 600.0, "tempo_solver_s": 0.8, "variaveis_x_fixadas": 85606, "variaveis_x_livres": 9384, "vizinhanca": "curso"}, {"ciclo": 1, "curso": "PED", "disciplinas_livres": 56, "iteracao": 13, "melhorou": true, "objetivo_anterior": 186141.0, "objetivo_candidato": 186107.5, "objetivo_incumbente": 186107.5, "passada": 1, "recurso": "PED", "status_solver": "OPTIMAL", "tempo_gasto_s": 17.85, "tempo_limite_subproblema_s": 600.0, "tempo_solver_s": 17.54, "variaveis_x_fixadas": 82202, "variaveis_x_livres": 12788, "vizinhanca": "curso"}, {"ciclo": 1, "curso": "ADM", "disciplinas_livres": 48, "iteracao": 1, "melhorou": false, "objetivo_anterior": 186107.5, "objetivo_candidato": 186107.5, "objetivo_incumbente": 186107.5, "passada": 2, "recurso": "ADM", "status_solver": "OPTIMAL", "tempo_gasto_s": 0.92, "tempo_limite_subproblema_s": 600.0, "tempo_solver_s": 0.57, "variaveis_x_fixadas": 85698, "variaveis_x_livres": 9292, "vizinhanca": "curso"}, {"ciclo": 1, "curso": "AGRO", "disciplinas_livres": 51, "iteracao": 2, "melhorou": false, "objetivo_anterior": 186107.5, "objetivo_candidato": 186107.5, "objetivo_incumbente": 186107.5, "passada": 2, "recurso": "AGRO", "status_solver": "OPTIMAL", "tempo_gasto_s": 4.56, "tempo_limite_subproblema_s": 600.0, "tempo_solver_s": 4.19, "variaveis_x_fixadas": 86250, "variaveis_x_livres": 8740, "vizinhanca": "curso"}, {"ciclo": 1, "curso": "CC", "disciplinas_livres": 47, "iteracao": 3, "melhorou": false, "objetivo_anterior": 186107.5, "objetivo_candidato": 186107.5, "objetivo_incumbente": 186107.5, "passada": 2, "recurso": "CC", "status_solver": "OPTIMAL", "tempo_gasto_s": 1.14, "tempo_limite_subproblema_s": 600.0, "tempo_solver_s": 0.79, "variaveis_x_fixadas": 84456, "variaveis_x_livres": 10534, "vizinhanca": "curso"}, {"ciclo": 1, "curso": "CS", "disciplinas_livres": 22, "iteracao": 4, "melhorou": false, "objetivo_anterior": 186107.5, "objetivo_candidato": 186107.5, "objetivo_incumbente": 186107.5, "passada": 2, "recurso": "CS", "status_solver": "OPTIMAL", "tempo_gasto_s": 0.65, "tempo_limite_subproblema_s": 600.0, "tempo_solver_s": 0.32, "variaveis_x_fixadas": 90436, "variaveis_x_livres": 4554, "vizinhanca": "curso"}, {"ciclo": 1, "curso": "EAS", "disciplinas_livres": 45, "iteracao": 5, "melhorou": false, "objetivo_anterior": 186107.5, "objetivo_candidato": 186107.5, "objetivo_incumbente": 186107.5, "passada": 2, "recurso": "EAS", "status_solver": "OPTIMAL", "tempo_gasto_s": 0.72, "tempo_limite_subproblema_s": 600.0, "tempo_solver_s": 0.4, "variaveis_x_fixadas": 87538, "variaveis_x_livres": 7452, "vizinhanca": "curso"}, {"ciclo": 1, "curso": "ENF", "disciplinas_livres": 18, "iteracao": 6, "melhorou": false, "objetivo_anterior": 186107.5, "objetivo_candidato": 186107.5, "objetivo_incumbente": 186107.5, "passada": 2, "recurso": "ENF", "status_solver": "OPTIMAL", "tempo_gasto_s": 3.5, "tempo_limite_subproblema_s": 600.0, "tempo_solver_s": 3.19, "variaveis_x_fixadas": 86480, "variaveis_x_livres": 8510, "vizinhanca": "curso"}, {"ciclo": 1, "curso": "FIL", "disciplinas_livres": 15, "iteracao": 7, "melhorou": false, "objetivo_anterior": 186107.5, "objetivo_candidato": 186107.5, "objetivo_incumbente": 186107.5, "passada": 2, "recurso": "FIL", "status_solver": "OPTIMAL", "tempo_gasto_s": 0.61, "tempo_limite_subproblema_s": 600.0, "tempo_solver_s": 0.28, "variaveis_x_fixadas": 92230, "variaveis_x_livres": 2760, "vizinhanca": "curso"}, {"ciclo": 1, "curso": "GEO", "disciplinas_livres": 10, "iteracao": 8, "melhorou": false, "objetivo_anterior": 186107.5, "objetivo_candidato": 186107.5, "objetivo_incumbente": 186107.5, "passada": 2, "recurso": "GEO", "status_solver": "OPTIMAL", "tempo_gasto_s": 0.6, "tempo_limite_subproblema_s": 600.0, "tempo_solver_s": 0.28, "variaveis_x_fixadas": 92920, "variaveis_x_livres": 2070, "vizinhanca": "curso"}, {"ciclo": 1, "curso": "HIS", "disciplinas_livres": 24, "iteracao": 9, "melhorou": false, "objetivo_anterior": 186107.5, "objetivo_candidato": 186107.5, "objetivo_incumbente": 186107.5, "passada": 2, "recurso": "HIS", "status_solver": "OPTIMAL", "tempo_gasto_s": 0.66, "tempo_limite_subproblema_s": 600.0, "tempo_solver_s": 0.34, "variaveis_x_fixadas": 90206, "variaveis_x_livres": 4784, "vizinhanca": "curso"}, {"ciclo": 1, "curso": "LET", "disciplinas_livres": 36, "iteracao": 10, "melhorou": false, "objetivo_anterior": 186107.5, "objetivo_candidato": 186107.5, "objetivo_incumbente": 186107.5, "passada": 2, "recurso": "LET", "status_solver": "OPTIMAL", "tempo_gasto_s": 3.45, "tempo_limite_subproblema_s": 600.0, "tempo_solver_s": 3.13, "variaveis_x_fixadas": 85836, "variaveis_x_livres": 9154, "vizinhanca": "curso"}, {"ciclo": 1, "curso": "MAT", "disciplinas_livres": 23, "iteracao": 11, "melhorou": false, "objetivo_anterior": 186107.5, "objetivo_candidato": 186107.5, "objetivo_incumbente": 186107.5, "passada": 2, "recurso": "MAT", "status_solver": "OPTIMAL", "tempo_gasto_s": 0.69, "tempo_limite_subproblema_s": 600.0, "tempo_solver_s": 0.35, "variaveis_x_fixadas": 90022, "variaveis_x_livres": 4968, "vizinhanca": "curso"}, {"ciclo": 1, "curso": "MED", "disciplinas_livres": 41, "iteracao": 12, "melhorou": false, "objetivo_anterior": 186107.5, "objetivo_candidato": 186107.5, "objetivo_incumbente": 186107.5, "passada": 2, "recurso": "MED", "status_solver": "OPTIMAL", "tempo_gasto_s": 1.11, "tempo_limite_subproblema_s": 600.0, "tempo_solver_s": 0.77, "variaveis_x_fixadas": 85606, "variaveis_x_livres": 9384, "vizinhanca": "curso"}, {"ciclo": 1, "curso": "PED", "disciplinas_livres": 56, "iteracao": 13, "melhorou": false, "objetivo_anterior": 186107.5, "objetivo_candidato": 186107.5, "objetivo_incumbente": 186107.5, "passada": 2, "recurso": "PED", "status_solver": "OPTIMAL", "tempo_gasto_s": 28.09, "tempo_limite_subproblema_s": 600.0, "tempo_solver_s": 27.76, "variaveis_x_fixadas": 82202, "variaveis_x_livres": 12788, "vizinhanca": "curso"}, {"bloqueadores": "GCA039_1;GCB080_1;GCH029_1;GCH029_2;GCH291_3;GCH855_1;GEX094_1;GEX560_1;GLA358_1;GLA361_1;GLA363_1;GLA490_1;GLA500_1;GSA018_1;GSA019_1;GSA0305_1;GSA0308_1;GSA0309_1;GSA046_1;GSA297_1", "ciclo": 1, "conflitos_encontrados": 190, "disciplinas_livres": 25, "falhas_consecutivas_antes": 0, "iteracao": 1, "limite_variaveis_x": 11398, "melhorou": false, "objetivo_anterior": 186107.5, "objetivo_candidato": 186107.5, "objetivo_incumbente": 186107.5, "passada": 3, "percentual_x_estimado": 0.119128, "profundidade_expansao": 1, "quantidade_bloqueadores": 20, "quantidade_sementes": 5, "recurso": "seeds_GLA553_1-GSA022_1-GLA379_1-GCH837_2-GLA385_1", "score_sementes": 17039.0, "sementes": "GLA553_1;GSA022_1;GLA379_1;GCH837_2;GLA385_1", "status_solver": "OPTIMAL", "tempo_gasto_s": 0.81, "tempo_limite_subproblema_s": 600.0, "tempo_solver_s": 0.47, "variaveis_x_estimadas": 11316, "variaveis_x_fixadas": 83674, "variaveis_x_livres": 11316, "vizinhanca": "penalidade_bloqueadores"}, {"bloqueadores": "GCA061_1;GCA244_1;GCH292_3;GCH630_1;GEX094_1;GLA001_1;GLA104_3;GLA362_1;GLA469_1;GLA490_1;GLA553_1;GSA022_1", "ciclo": 1, "conflitos_encontrados": 71, "disciplinas_livres": 17, "falhas_consecutivas_antes": 1, "iteracao": 2, "limite_variaveis_x": 11398, "melhorou": false, "objetivo_anterior": 186107.5, "objetivo_candidato": 186107.5, "objetivo_incumbente": 186107.5, "passada": 3, "percentual_x_estimado": 0.06586, "profundidade_expansao": 1, "quantidade_bloqueadores": 12, "quantidade_sementes": 5, "recurso": "seeds_GLA380_1-GLA395_1-GLA500_1-GLA506_1-GLA361_1", "score_sementes": 11220.0, "sementes": "GLA380_1;GLA395_1;GLA500_1;GLA506_1;GLA361_1", "status_solver": "OPTIMAL", "tempo_gasto_s": 0.71, "tempo_limite_subproblema_s": 600.0, "tempo_solver_s": 0.38, "variaveis_x_estimadas": 6256, "variaveis_x_fixadas": 88734, "variaveis_x_livres": 6256, "vizinhanca": "penalidade_bloqueadores"}, {"bloqueadores": "GCH621_1;GCH630_1;GEX210_5;GEX212_2;GLA104_3;GLA361_1;GLA500_1;GLA506_1;GLA553_1", "ciclo": 1, "conflitos_encontrados": 50, "disciplinas_livres": 14, "falhas_consecutivas_antes": 2, "iteracao": 3, "limite_variaveis_x": 11398, "melhorou": false, "objetivo_anterior": 186107.5, "objetivo_candidato": 186107.5, "objetivo_incumbente": 186107.5, "passada": 3, "percentual_x_estimado": 0.042615, "profundidade_expansao": 1, "quantidade_bloqueadores": 9, "quantidade_sementes": 5, "recurso": "seeds_GLA362_1-GLA469_1-GLA490_1-GLA517_1-GLA550_1", "score_sementes": 9660.0, "sementes": "GLA362_1;GLA469_1;GLA490_1;GLA517_1;GLA550_1", "status_solver": "OPTIMAL", "tempo_gasto_s": 0.66, "tempo_limite_subproblema_s": 600.0, "tempo_solver_s": 0.32, "variaveis_x_estimadas": 4048, "variaveis_x_fixadas": 90942, "variaveis_x_livres": 4048, "vizinhanca": "penalidade_bloqueadores"}, {"bloqueadores": "GCH619_1;GCH645_1;GEX105_1;GEX555_1;GEX605_1;GEX605_2;GEX615_1;GLA108_1;GLA517_1", "ciclo": 1, "conflitos_encontrados": 44, "disciplinas_livres": 14, "falhas_consecutivas_antes": 3, "iteracao": 4, "limite_variaveis_x": 11398, "melhorou": false, "objetivo_anterior": 186107.5, "objetivo_candidato": 186107.5, "objetivo_incumbente": 186107.5, "passada": 3, "percentual_x_estimado": 0.027603, "profundidade_expansao": 1, "quantidade_bloqueadores": 9, "quantidade_sementes": 5, "recurso": "seeds_GCH029_2-GCH291_3-GEX210_5-GLA363_1-GCH292_4", "score_sementes": 8915.0, "sementes": "GCH029_2;GCH291_3;GEX210_5;GLA363_1;GCH292_4", "status_solver": "OPTIMAL", "tempo_gasto_s": 0.62, "tempo_limite_subproblema_s": 600.0, "tempo_solver_s": 0.29, "variaveis_x_estimadas": 2622, "variaveis_x_fixadas": 92368, "variaveis_x_livres": 2622, "vizinhanca": "penalidade_bloqueadores"}, {"bloqueadores": "GCH290_2;GCS580_1;GEN253_1;GEN254_1;GEX055_1;GEX090_1;GEX108_1;GEX178_1;GEX195_1;GEX210_2;GEX213_1;GEX609_1;GEX609_2;GEX612_1;GEX613_1;GEX613_2;GEX616_1;GLA104_2;GLA356_1;GLA357_1", "ciclo": 1, "conflitos_encontrados": 69, "disciplinas_livres": 25, "falhas_consecutivas_antes": 4, "iteracao": 5, "limite_variaveis_x": 11398, "melhorou": false, "objetivo_anterior": 186107.5, "objetivo_candidato": 186107.5, "objetivo_incumbente": 186107.5, "passada": 3, "percentual_x_estimado": 0.050847, "profundidade_expansao": 1, "quantidade_bloqueadores": 20, "quantidade_sementes": 5, "recurso": "seeds_GEX002_1-GLA001_2-GLA001_3-GLA104_5-GLA355_1", "score_sementes": 8895.0, "sementes": "GEX002_1;GLA001_2;GLA001_3;GLA104_5;GLA355_1", "status_solver": "OPTIMAL", "tempo_gasto_s": 0.65, "tempo_limite_subproblema_s": 600.0, "tempo_solver_s": 0.32, "variaveis_x_estimadas": 4830, "variaveis_x_fixadas": 90160, "variaveis_x_livres": 4830, "vizinhanca": "penalidade_bloqueadores"}, {"bloqueadores": "GCH621_1;GCH849_1;GEN253_1;GEN254_1;GEX002_1;GEX055_1;GEX090_1;GEX108_1;GEX208_3;GEX210_5;GEX555_1;GEX612_1;GLA001_2;GLA371_1", "ciclo": 1, "conflitos_encontrados": 57, "disciplinas_livres": 19, "falhas_consecutivas_antes": 5, "iteracao": 6, "limite_variaveis_x": 11398, "melhorou": false, "objetivo_anterior": 186107.5, "objetivo_candidato": 186107.5, "objetivo_incumbente": 186107.5, "passada": 3, "percentual_x_estimado": 0.038741, "profundidade_expansao": 1, "quantidade_bloqueadores": 14, "quantidade_sementes": 5, "recurso": "seeds_GLA356_1-GLA357_1-GCH011_1-GCH838_1-GLA358_1", "score_sementes": 8880.0, "sementes": "GLA356_1;GLA357_1;GCH011_1;GCH838_1;GLA358_1", "status_solver": "OPTIMAL", "tempo_gasto_s": 0.63, "tempo_limite_subproblema_s": 600.0, "tempo_solver_s": 0.31, "variaveis_x_estimadas": 3680, "variaveis_x_fixadas": 91310, "variaveis_x_livres": 3680, "vizinhanca": "penalidade_bloqueadores"}, {"bloqueadores": "GCH011_1;GCH291_2;GCH370_1;GCH846_1;GEX208_3;GEX210_5;GEX212_2;GEX221_1;GEX555_1;GEX997_1;GLA104_3;GLA469_1;GLA500_1;GLA506_1;GLA517_1;GLA550_1", "ciclo": 1, "conflitos_encontrados": 63, "disciplinas_livres": 21, "falhas_consecutivas_antes": 6, "iteracao": 7, "limite_variaveis_x": 11398, "melhorou": false, "objetivo_anterior": 186107.5, "objetivo_candidato": 186107.5, "objetivo_incumbente": 186107.5, "passada": 3, "percentual_x_estimado": 0.042615, "profundidade_expansao": 1, "quantidade_bloqueadores": 16, "quantidade_sementes": 5, "recurso": "seeds_GLA370_1-GLA371_1-GLA372_1-GLA382_1-GLA393_1", "score_sementes": 8870.0, "sementes": "GLA370_1;GLA371_1;GLA372_1;GLA382_1;GLA393_1", "status_solver": "OPTIMAL", "tempo_gasto_s": 0.63, "tempo_limite_subproblema_s": 600.0, "tempo_solver_s": 0.3, "variaveis_x_estimadas": 4048, "variaveis_x_fixadas": 90942, "variaveis_x_livres": 4048, "vizinhanca": "penalidade_bloqueadores"}, {"bloqueadores": "GCH1088_1;GCH1110_1;GCH1113_1;GCH1115_1;GCH1117_1;GCH1122_1;GCH1131_1;GCH1283_1;GCH1412_1;GCH1433_1;GCH1448_1;GCH290_5;GCH293_5;GCH369_1;GCH837_3;GEX777_1;GEX981_1;GLA379_1", "ciclo": 1, "conflitos_encontrados": 78, "disciplinas_livres": 23, "falhas_consecutivas_antes": 7, "iteracao": 8, "limite_variaveis_x": 11398, "melhorou": false, "objetivo_anterior": 186107.5, "objetivo_candidato": 186107.5, "objetivo_incumbente": 186107.5, "passada": 3, "percentual_x_estimado": 0.077482, "profundidade_expansao": 1, "quantidade_bloqueadores": 18, "quantidade_sementes": 5, "recurso": "seeds_GLA394_1-GLA396_1-GCH1128_1-GEX094_1-GEX638_1", "score_sementes": 8187.5, "sementes": "GLA394_1;GLA396_1;GCH1128_1;GEX094_1;GEX638_1", "status_solver": "OPTIMAL", "tempo_gasto_s": 0.73, "tempo_limite_subproblema_s": 600.0, "tempo_solver_s": 0.41, "variaveis_x_estimadas": 7360, "variaveis_x_fixadas": 87630, "variaveis_x_livres": 7360, "vizinhanca": "penalidade_bloqueadores"}, {"bloqueadores": "GCA0683_1;GCA0683_2;GCA238_1;GCB057_1;GCB0607_1;GCB0608_1;GCH090_2;GCH1412_1;GCS238_5;GEX1047_1;GLA0705_1;GLA0706_1;GLA379_1;GLA385_1;GSA018_1;GSA0308_1;GSA0309_1;GSA0374_1;GSA0377_1;GSA046_1;GSA048_1;GSA175_2;GSA181_1;GSA197_1;GSA285_1;GSA295_1;GSA297_1;GSA300_1;GSA301_1", "ciclo": 1, "conflitos_encontrados": 101, "disciplinas_livres": 34, "falhas_consecutivas_antes": 8, "iteracao": 9, "limite_variaveis_x": 11398, "melhorou": false, "objetivo_anterior": 186107.5, "objetivo_candidato": 186107.5, "objetivo_incumbente": 186107.5, "passada": 3, "percentual_x_estimado": 0.119613, "profundidade_expansao": 1, "quantidade_bloqueadores": 29, "quantidade_sementes": 5, "recurso": "seeds_GEX1104_1-GSA289_1-GEX392_1-GSA0307_1-GCA225_1", "score_sementes": 6650.5, "sementes": "GEX1104_1;GSA289_1;GEX392_1;GSA0307_1;GCA225_1", "status_solver": "OPTIMAL", "tempo_gasto_s": 0.77, "tempo_limite_subproblema_s": 600.0, "tempo_solver_s": 0.46, "variaveis_x_estimadas": 11362, "variaveis_x_fixadas": 83628, "variaveis_x_livres": 11362, "vizinhanca": "penalidade_bloqueadores"}, {"bloqueadores": "GCA039_1;GCA041_1;GCA0683_1;GCA0683_2;GCA0684_1;GCA238_1;GCA259_1;GCB057_1;GCB140_1;GCH292_6;GCH641_1;GEN090_1;GSA0308_1;GSA0374_1;GSA0377_1;GSA0378_1;GSA182_1;GSA196_1;GSA291_1;GSA295_1;GSA301_1", "ciclo": 1, "conflitos_encontrados": 97, "disciplinas_livres": 26, "falhas_consecutivas_antes": 9, "iteracao": 10, "limite_variaveis_x": 11398, "melhorou": false, "objetivo_anterior": 186107.5, "objetivo_candidato": 186107.5, "objetivo_incumbente": 186107.5, "passada": 3, "percentual_x_estimado": 0.06247, "profundidade_expansao": 1, "quantidade_bloqueadores": 21, "quantidade_sementes": 5, "recurso": "seeds_GCA244_1-GCA060_1-GCA268_1-GCA038_1-GEN081_1", "score_sementes": 6002.5, "sementes": "GCA244_1;GCA060_1;GCA268_1;GCA038_1;GEN081_1", "status_solver": "OPTIMAL", "tempo_gasto_s": 0.7, "tempo_limite_subproblema_s": 600.0, "tempo_solver_s": 0.39, "variaveis_x_estimadas": 5934, "variaveis_x_fixadas": 89056, "variaveis_x_livres": 5934, "vizinhanca": "penalidade_bloqueadores"}], "melhorias_aceitas": 4, "objetivo_final": 186107.5, "objetivo_inicial": 186294.0, "parametros_vizinhanca": {"max_falhas_consecutivas": 10, "max_salas_candidatas": 5, "percentual_x_maximo": 0.12, "sementes_por_vizinhanca": 5}, "passadas_executadas": 3, "status": "CONCLUIDO", "tempo_total_s": 394.66, "tipo_vizinhanca": "hibrida_adaptativa", "total_iteracoes": 36}
{'etapa': 'fix_and_optimize_hibrida_adaptativa', 'tipo_vizinhanca': 'hibrida_adaptativa', 'status': 'CONCLUIDO', 'objetivo_inicial': 186294.0, 'objetivo_final': 186107.5, 'ganho_absoluto': 186.5, 'passadas_executadas': 3, 'total_iteracoes': 36, 'melhorias_aceitas': 4, 'tempo_total_s': 394.66, 'arquivo_melhor_solucao': 'resultados/experimentos/2024_1/fixopt_hibrida_adaptativa_init5min_sub10min_total4h.sol', 'arquivo_log_csv': 'resultados/experimentos/2024_1/fixopt_hibrida_adaptativa_init5min_sub10min_total4h.csv', 'arquivo_log_json': 'resultados/experimentos/2024_1/fixopt_hibrida_adaptativa_init5min_sub10min_total4h.json', 'arquivo_solucao_inicial': None, 'parametros_vizinhanca': {'sementes_por_vizinhanca': 5, 'max_salas_candidatas': 5, 'percentual_x_maximo': 0.12, 'max_falhas_consecutivas': 10}, 'historico': [{'ciclo': 1, 'passada': 1, 'iteracao': 1, 'vizinhanca': 'curso', 'recurso': 'ADM', 'disciplinas_livres': 48, 'variaveis_x_livres': 9292, 'variaveis_x_fixadas': 85698, 'status_solver': 'OPTIMAL', 'objetivo_anterior': 186294.0, 'objetivo_candidato': 186289.0, 'melhorou': True, 'objetivo_incumbente': 186289.0, 'tempo_gasto_s': 0.9, 'tempo_solver_s': 0.65, 'tempo_limite_subproblema_s': 600.0, 'curso': 'ADM'}, {'ciclo': 1, 'passada': 1, 'iteracao': 2, 'vizinhanca': 'curso', 'recurso': 'AGRO', 'disciplinas_livres': 51, 'variaveis_x_livres': 8740, 'variaveis_x_fixadas': 86250, 'status_solver': 'OPTIMAL', 'objetivo_anterior': 186289.0, 'objetivo_candidato': 186286.0, 'melhorou': True, 'objetivo_incumbente': 186286.0, 'tempo_gasto_s': 3.87, 'tempo_solver_s': 3.53, 'tempo_limite_subproblema_s': 600.0, 'curso': 'AGRO'}, {'ciclo': 1, 'passada': 1, 'iteracao': 3, 'vizinhanca': 'curso', 'recurso': 'CC', 'disciplinas_livres': 47, 'variaveis_x_livres': 10534, 'variaveis_x_fixadas': 84456, 'status_solver': 'OPTIMAL', 'objetivo_anterior': 186286.0, 'objetivo_candidato': 186286.0, 'melhorou': False, 'objetivo_incumbente': 186286.0, 'tempo_gasto_s': 1.07, 'tempo_solver_s': 0.72, 'tempo_limite_subproblema_s': 600.0, 'curso': 'CC'}, {'ciclo': 1, 'passada': 1, 'iteracao': 4, 'vizinhanca': 'curso', 'recurso': 'CS', 'disciplinas_livres': 22, 'variaveis_x_livres': 4554, 'variaveis_x_fixadas': 90436, 'status_solver': 'OPTIMAL', 'objetivo_anterior': 186286.0, 'objetivo_candidato': 186286.0, 'melhorou': False, 'objetivo_incumbente': 186286.0, 'tempo_gasto_s': 0.68, 'tempo_solver_s': 0.32, 'tempo_limite_subproblema_s': 600.0, 'curso': 'CS'}, {'ciclo': 1, 'passada': 1, 'iteracao': 5, 'vizinhanca': 'curso', 'recurso': 'EAS', 'disciplinas_livres': 45, 'variaveis_x_livres': 7452, 'variaveis_x_fixadas': 87538, 'status_solver': 'OPTIMAL', 'objetivo_anterior': 186286.0, 'objetivo_candidato': 186286.0, 'melhorou': False, 'objetivo_incumbente': 186286.0, 'tempo_gasto_s': 0.72, 'tempo_solver_s': 0.4, 'tempo_limite_subproblema_s': 600.0, 'curso': 'EAS'}, {'ciclo': 1, 'passada': 1, 'iteracao': 6, 'vizinhanca': 'curso', 'recurso': 'ENF', 'disciplinas_livres': 18, 'variaveis_x_livres': 8510, 'variaveis_x_fixadas': 86480, 'status_solver': 'OPTIMAL', 'objetivo_anterior': 186286.0, 'objetivo_candidato': 186141.0, 'melhorou': True, 'objetivo_incumbente': 186141.0, 'tempo_gasto_s': 5.32, 'tempo_solver_s': 4.99, 'tempo_limite_subproblema_s': 600.0, 'curso': 'ENF'}, {'ciclo': 1, 'passada': 1, 'iteracao': 7, 'vizinhanca': 'curso', 'recurso': 'FIL', 'disciplinas_livres': 15, 'variaveis_x_livres': 2760, 'variaveis_x_fixadas': 92230, 'status_solver': 'OPTIMAL', 'objetivo_anterior': 186141.0, 'objetivo_candidato': 186141.0, 'melhorou': False, 'objetivo_incumbente': 186141.0, 'tempo_gasto_s': 0.61, 'tempo_solver_s': 0.27, 'tempo_limite_subproblema_s': 600.0, 'curso': 'FIL'}, {'ciclo': 1, 'passada': 1, 'iteracao': 8, 'vizinhanca': 'curso', 'recurso': 'GEO', 'disciplinas_livres': 10, 'variaveis_x_livres': 2070, 'variaveis_x_fixadas': 92920, 'status_solver': 'OPTIMAL', 'objetivo_anterior': 186141.0, 'objetivo_candidato': 186141.0, 'melhorou': False, 'objetivo_incumbente': 186141.0, 'tempo_gasto_s': 0.62, 'tempo_solver_s': 0.28, 'tempo_limite_subproblema_s': 600.0, 'curso': 'GEO'}, {'ciclo': 1, 'passada': 1, 'iteracao': 9, 'vizinhanca': 'curso', 'recurso': 'HIS', 'disciplinas_livres': 24, 'variaveis_x_livres': 4784, 'variaveis_x_fixadas': 90206, 'status_solver': 'OPTIMAL', 'objetivo_anterior': 186141.0, 'objetivo_candidato': 186141.0, 'melhorou': False, 'objetivo_incumbente': 186141.0, 'tempo_gasto_s': 0.67, 'tempo_solver_s': 0.35, 'tempo_limite_subproblema_s': 600.0, 'curso': 'HIS'}, {'ciclo': 1, 'passada': 1, 'iteracao': 10, 'vizinhanca': 'curso', 'recurso': 'LET', 'disciplinas_livres': 36, 'variaveis_x_livres': 9154, 'variaveis_x_fixadas': 85836, 'status_solver': 'OPTIMAL', 'objetivo_anterior': 186141.0, 'objetivo_candidato': 186141.0, 'melhorou': False, 'objetivo_incumbente': 186141.0, 'tempo_gasto_s': 3.16, 'tempo_solver_s': 2.82, 'tempo_limite_subproblema_s': 600.0, 'curso': 'LET'}, {'ciclo': 1, 'passada': 1, 'iteracao': 11, 'vizinhanca': 'curso', 'recurso': 'MAT', 'disciplinas_livres': 23, 'variaveis_x_livres': 4968, 'variaveis_x_fixadas': 90022, 'status_solver': 'OPTIMAL', 'objetivo_anterior': 186141.0, 'objetivo_candidato': 186141.0, 'melhorou': False, 'objetivo_incumbente': 186141.0, 'tempo_gasto_s': 0.78, 'tempo_solver_s': 0.4, 'tempo_limite_subproblema_s': 600.0, 'curso': 'MAT'}, {'ciclo': 1, 'passada': 1, 'iteracao': 12, 'vizinhanca': 'curso', 'recurso': 'MED', 'disciplinas_livres': 41, 'variaveis_x_livres': 9384, 'variaveis_x_fixadas': 85606, 'status_solver': 'OPTIMAL', 'objetivo_anterior': 186141.0, 'objetivo_candidato': 186141.0, 'melhorou': False, 'objetivo_incumbente': 186141.0, 'tempo_gasto_s': 1.12, 'tempo_solver_s': 0.8, 'tempo_limite_subproblema_s': 600.0, 'curso': 'MED'}, {'ciclo': 1, 'passada': 1, 'iteracao': 13, 'vizinhanca': 'curso', 'recurso': 'PED', 'disciplinas_livres': 56, 'variaveis_x_livres': 12788, 'variaveis_x_fixadas': 82202, 'status_solver': 'OPTIMAL', 'objetivo_anterior': 186141.0, 'objetivo_candidato': 186107.5, 'melhorou': True, 'objetivo_incumbente': 186107.5, 'tempo_gasto_s': 17.85, 'tempo_solver_s': 17.54, 'tempo_limite_subproblema_s': 600.0, 'curso': 'PED'}, {'ciclo': 1, 'passada': 2, 'iteracao': 1, 'vizinhanca': 'curso', 'recurso': 'ADM', 'disciplinas_livres': 48, 'variaveis_x_livres': 9292, 'variaveis_x_fixadas': 85698, 'status_solver': 'OPTIMAL', 'objetivo_anterior': 186107.5, 'objetivo_candidato': 186107.5, 'melhorou': False, 'objetivo_incumbente': 186107.5, 'tempo_gasto_s': 0.92, 'tempo_solver_s': 0.57, 'tempo_limite_subproblema_s': 600.0, 'curso': 'ADM'}, {'ciclo': 1, 'passada': 2, 'iteracao': 2, 'vizinhanca': 'curso', 'recurso': 'AGRO', 'disciplinas_livres': 51, 'variaveis_x_livres': 8740, 'variaveis_x_fixadas': 86250, 'status_solver': 'OPTIMAL', 'objetivo_anterior': 186107.5, 'objetivo_candidato': 186107.5, 'melhorou': False, 'objetivo_incumbente': 186107.5, 'tempo_gasto_s': 4.56, 'tempo_solver_s': 4.19, 'tempo_limite_subproblema_s': 600.0, 'curso': 'AGRO'}, {'ciclo': 1, 'passada': 2, 'iteracao': 3, 'vizinhanca': 'curso', 'recurso': 'CC', 'disciplinas_livres': 47, 'variaveis_x_livres': 10534, 'variaveis_x_fixadas': 84456, 'status_solver': 'OPTIMAL', 'objetivo_anterior': 186107.5, 'objetivo_candidato': 186107.5, 'melhorou': False, 'objetivo_incumbente': 186107.5, 'tempo_gasto_s': 1.14, 'tempo_solver_s': 0.79, 'tempo_limite_subproblema_s': 600.0, 'curso': 'CC'}, {'ciclo': 1, 'passada': 2, 'iteracao': 4, 'vizinhanca': 'curso', 'recurso': 'CS', 'disciplinas_livres': 22, 'variaveis_x_livres': 4554, 'variaveis_x_fixadas': 90436, 'status_solver': 'OPTIMAL', 'objetivo_anterior': 186107.5, 'objetivo_candidato': 186107.5, 'melhorou': False, 'objetivo_incumbente': 186107.5, 'tempo_gasto_s': 0.65, 'tempo_solver_s': 0.32, 'tempo_limite_subproblema_s': 600.0, 'curso': 'CS'}, {'ciclo': 1, 'passada': 2, 'iteracao': 5, 'vizinhanca': 'curso', 'recurso': 'EAS', 'disciplinas_livres': 45, 'variaveis_x_livres': 7452, 'variaveis_x_fixadas': 87538, 'status_solver': 'OPTIMAL', 'objetivo_anterior': 186107.5, 'objetivo_candidato': 186107.5, 'melhorou': False, 'objetivo_incumbente': 186107.5, 'tempo_gasto_s': 0.72, 'tempo_solver_s': 0.4, 'tempo_limite_subproblema_s': 600.0, 'curso': 'EAS'}, {'ciclo': 1, 'passada': 2, 'iteracao': 6, 'vizinhanca': 'curso', 'recurso': 'ENF', 'disciplinas_livres': 18, 'variaveis_x_livres': 8510, 'variaveis_x_fixadas': 86480, 'status_solver': 'OPTIMAL', 'objetivo_anterior': 186107.5, 'objetivo_candidato': 186107.5, 'melhorou': False, 'objetivo_incumbente': 186107.5, 'tempo_gasto_s': 3.5, 'tempo_solver_s': 3.19, 'tempo_limite_subproblema_s': 600.0, 'curso': 'ENF'}, {'ciclo': 1, 'passada': 2, 'iteracao': 7, 'vizinhanca': 'curso', 'recurso': 'FIL', 'disciplinas_livres': 15, 'variaveis_x_livres': 2760, 'variaveis_x_fixadas': 92230, 'status_solver': 'OPTIMAL', 'objetivo_anterior': 186107.5, 'objetivo_candidato': 186107.5, 'melhorou': False, 'objetivo_incumbente': 186107.5, 'tempo_gasto_s': 0.61, 'tempo_solver_s': 0.28, 'tempo_limite_subproblema_s': 600.0, 'curso': 'FIL'}, {'ciclo': 1, 'passada': 2, 'iteracao': 8, 'vizinhanca': 'curso', 'recurso': 'GEO', 'disciplinas_livres': 10, 'variaveis_x_livres': 2070, 'variaveis_x_fixadas': 92920, 'status_solver': 'OPTIMAL', 'objetivo_anterior': 186107.5, 'objetivo_candidato': 186107.5, 'melhorou': False, 'objetivo_incumbente': 186107.5, 'tempo_gasto_s': 0.6, 'tempo_solver_s': 0.28, 'tempo_limite_subproblema_s': 600.0, 'curso': 'GEO'}, {'ciclo': 1, 'passada': 2, 'iteracao': 9, 'vizinhanca': 'curso', 'recurso': 'HIS', 'disciplinas_livres': 24, 'variaveis_x_livres': 4784, 'variaveis_x_fixadas': 90206, 'status_solver': 'OPTIMAL', 'objetivo_anterior': 186107.5, 'objetivo_candidato': 186107.5, 'melhorou': False, 'objetivo_incumbente': 186107.5, 'tempo_gasto_s': 0.66, 'tempo_solver_s': 0.34, 'tempo_limite_subproblema_s': 600.0, 'curso': 'HIS'}, {'ciclo': 1, 'passada': 2, 'iteracao': 10, 'vizinhanca': 'curso', 'recurso': 'LET', 'disciplinas_livres': 36, 'variaveis_x_livres': 9154, 'variaveis_x_fixadas': 85836, 'status_solver': 'OPTIMAL', 'objetivo_anterior': 186107.5, 'objetivo_candidato': 186107.5, 'melhorou': False, 'objetivo_incumbente': 186107.5, 'tempo_gasto_s': 3.45, 'tempo_solver_s': 3.13, 'tempo_limite_subproblema_s': 600.0, 'curso': 'LET'}, {'ciclo': 1, 'passada': 2, 'iteracao': 11, 'vizinhanca': 'curso', 'recurso': 'MAT', 'disciplinas_livres': 23, 'variaveis_x_livres': 4968, 'variaveis_x_fixadas': 90022, 'status_solver': 'OPTIMAL', 'objetivo_anterior': 186107.5, 'objetivo_candidato': 186107.5, 'melhorou': False, 'objetivo_incumbente': 186107.5, 'tempo_gasto_s': 0.69, 'tempo_solver_s': 0.35, 'tempo_limite_subproblema_s': 600.0, 'curso': 'MAT'}, {'ciclo': 1, 'passada': 2, 'iteracao': 12, 'vizinhanca': 'curso', 'recurso': 'MED', 'disciplinas_livres': 41, 'variaveis_x_livres': 9384, 'variaveis_x_fixadas': 85606, 'status_solver': 'OPTIMAL', 'objetivo_anterior': 186107.5, 'objetivo_candidato': 186107.5, 'melhorou': False, 'objetivo_incumbente': 186107.5, 'tempo_gasto_s': 1.11, 'tempo_solver_s': 0.77, 'tempo_limite_subproblema_s': 600.0, 'curso': 'MED'}, {'ciclo': 1, 'passada': 2, 'iteracao': 13, 'vizinhanca': 'curso', 'recurso': 'PED', 'disciplinas_livres': 56, 'variaveis_x_livres': 12788, 'variaveis_x_fixadas': 82202, 'status_solver': 'OPTIMAL', 'objetivo_anterior': 186107.5, 'objetivo_candidato': 186107.5, 'melhorou': False, 'objetivo_incumbente': 186107.5, 'tempo_gasto_s': 28.09, 'tempo_solver_s': 27.76, 'tempo_limite_subproblema_s': 600.0, 'curso': 'PED'}, {'ciclo': 1, 'passada': 3, 'iteracao': 1, 'vizinhanca': 'penalidade_bloqueadores', 'recurso': 'seeds_GLA553_1-GSA022_1-GLA379_1-GCH837_2-GLA385_1', 'disciplinas_livres': 25, 'variaveis_x_livres': 11316, 'variaveis_x_fixadas': 83674, 'status_solver': 'OPTIMAL', 'objetivo_anterior': 186107.5, 'objetivo_candidato': 186107.5, 'melhorou': False, 'objetivo_incumbente': 186107.5, 'tempo_gasto_s': 0.81, 'tempo_solver_s': 0.47, 'tempo_limite_subproblema_s': 600.0, 'sementes': 'GLA553_1;GSA022_1;GLA379_1;GCH837_2;GLA385_1', 'bloqueadores': 'GCA039_1;GCB080_1;GCH029_1;GCH029_2;GCH291_3;GCH855_1;GEX094_1;GEX560_1;GLA358_1;GLA361_1;GLA363_1;GLA490_1;GLA500_1;GSA018_1;GSA019_1;GSA0305_1;GSA0308_1;GSA0309_1;GSA046_1;GSA297_1', 'quantidade_sementes': 5, 'quantidade_bloqueadores': 20, 'score_sementes': 17039.0, 'conflitos_encontrados': 190, 'variaveis_x_estimadas': 11316, 'percentual_x_estimado': 0.119128, 'limite_variaveis_x': 11398, 'profundidade_expansao': 1, 'falhas_consecutivas_antes': 0}, {'ciclo': 1, 'passada': 3, 'iteracao': 2, 'vizinhanca': 'penalidade_bloqueadores', 'recurso': 'seeds_GLA380_1-GLA395_1-GLA500_1-GLA506_1-GLA361_1', 'disciplinas_livres': 17, 'variaveis_x_livres': 6256, 'variaveis_x_fixadas': 88734, 'status_solver': 'OPTIMAL', 'objetivo_anterior': 186107.5, 'objetivo_candidato': 186107.5, 'melhorou': False, 'objetivo_incumbente': 186107.5, 'tempo_gasto_s': 0.71, 'tempo_solver_s': 0.38, 'tempo_limite_subproblema_s': 600.0, 'sementes': 'GLA380_1;GLA395_1;GLA500_1;GLA506_1;GLA361_1', 'bloqueadores': 'GCA061_1;GCA244_1;GCH292_3;GCH630_1;GEX094_1;GLA001_1;GLA104_3;GLA362_1;GLA469_1;GLA490_1;GLA553_1;GSA022_1', 'quantidade_sementes': 5, 'quantidade_bloqueadores': 12, 'score_sementes': 11220.0, 'conflitos_encontrados': 71, 'variaveis_x_estimadas': 6256, 'percentual_x_estimado': 0.06586, 'limite_variaveis_x': 11398, 'profundidade_expansao': 1, 'falhas_consecutivas_antes': 1}, {'ciclo': 1, 'passada': 3, 'iteracao': 3, 'vizinhanca': 'penalidade_bloqueadores', 'recurso': 'seeds_GLA362_1-GLA469_1-GLA490_1-GLA517_1-GLA550_1', 'disciplinas_livres': 14, 'variaveis_x_livres': 4048, 'variaveis_x_fixadas': 90942, 'status_solver': 'OPTIMAL', 'objetivo_anterior': 186107.5, 'objetivo_candidato': 186107.5, 'melhorou': False, 'objetivo_incumbente': 186107.5, 'tempo_gasto_s': 0.66, 'tempo_solver_s': 0.32, 'tempo_limite_subproblema_s': 600.0, 'sementes': 'GLA362_1;GLA469_1;GLA490_1;GLA517_1;GLA550_1', 'bloqueadores': 'GCH621_1;GCH630_1;GEX210_5;GEX212_2;GLA104_3;GLA361_1;GLA500_1;GLA506_1;GLA553_1', 'quantidade_sementes': 5, 'quantidade_bloqueadores': 9, 'score_sementes': 9660.0, 'conflitos_encontrados': 50, 'variaveis_x_estimadas': 4048, 'percentual_x_estimado': 0.042615, 'limite_variaveis_x': 11398, 'profundidade_expansao': 1, 'falhas_consecutivas_antes': 2}, {'ciclo': 1, 'passada': 3, 'iteracao': 4, 'vizinhanca': 'penalidade_bloqueadores', 'recurso': 'seeds_GCH029_2-GCH291_3-GEX210_5-GLA363_1-GCH292_4', 'disciplinas_livres': 14, 'variaveis_x_livres': 2622, 'variaveis_x_fixadas': 92368, 'status_solver': 'OPTIMAL', 'objetivo_anterior': 186107.5, 'objetivo_candidato': 186107.5, 'melhorou': False, 'objetivo_incumbente': 186107.5, 'tempo_gasto_s': 0.62, 'tempo_solver_s': 0.29, 'tempo_limite_subproblema_s': 600.0, 'sementes': 'GCH029_2;GCH291_3;GEX210_5;GLA363_1;GCH292_4', 'bloqueadores': 'GCH619_1;GCH645_1;GEX105_1;GEX555_1;GEX605_1;GEX605_2;GEX615_1;GLA108_1;GLA517_1', 'quantidade_sementes': 5, 'quantidade_bloqueadores': 9, 'score_sementes': 8915.0, 'conflitos_encontrados': 44, 'variaveis_x_estimadas': 2622, 'percentual_x_estimado': 0.027603, 'limite_variaveis_x': 11398, 'profundidade_expansao': 1, 'falhas_consecutivas_antes': 3}, {'ciclo': 1, 'passada': 3, 'iteracao': 5, 'vizinhanca': 'penalidade_bloqueadores', 'recurso': 'seeds_GEX002_1-GLA001_2-GLA001_3-GLA104_5-GLA355_1', 'disciplinas_livres': 25, 'variaveis_x_livres': 4830, 'variaveis_x_fixadas': 90160, 'status_solver': 'OPTIMAL', 'objetivo_anterior': 186107.5, 'objetivo_candidato': 186107.5, 'melhorou': False, 'objetivo_incumbente': 186107.5, 'tempo_gasto_s': 0.65, 'tempo_solver_s': 0.32, 'tempo_limite_subproblema_s': 600.0, 'sementes': 'GEX002_1;GLA001_2;GLA001_3;GLA104_5;GLA355_1', 'bloqueadores': 'GCH290_2;GCS580_1;GEN253_1;GEN254_1;GEX055_1;GEX090_1;GEX108_1;GEX178_1;GEX195_1;GEX210_2;GEX213_1;GEX609_1;GEX609_2;GEX612_1;GEX613_1;GEX613_2;GEX616_1;GLA104_2;GLA356_1;GLA357_1', 'quantidade_sementes': 5, 'quantidade_bloqueadores': 20, 'score_sementes': 8895.0, 'conflitos_encontrados': 69, 'variaveis_x_estimadas': 4830, 'percentual_x_estimado': 0.050847, 'limite_variaveis_x': 11398, 'profundidade_expansao': 1, 'falhas_consecutivas_antes': 4}, {'ciclo': 1, 'passada': 3, 'iteracao': 6, 'vizinhanca': 'penalidade_bloqueadores', 'recurso': 'seeds_GLA356_1-GLA357_1-GCH011_1-GCH838_1-GLA358_1', 'disciplinas_livres': 19, 'variaveis_x_livres': 3680, 'variaveis_x_fixadas': 91310, 'status_solver': 'OPTIMAL', 'objetivo_anterior': 186107.5, 'objetivo_candidato': 186107.5, 'melhorou': False, 'objetivo_incumbente': 186107.5, 'tempo_gasto_s': 0.63, 'tempo_solver_s': 0.31, 'tempo_limite_subproblema_s': 600.0, 'sementes': 'GLA356_1;GLA357_1;GCH011_1;GCH838_1;GLA358_1', 'bloqueadores': 'GCH621_1;GCH849_1;GEN253_1;GEN254_1;GEX002_1;GEX055_1;GEX090_1;GEX108_1;GEX208_3;GEX210_5;GEX555_1;GEX612_1;GLA001_2;GLA371_1', 'quantidade_sementes': 5, 'quantidade_bloqueadores': 14, 'score_sementes': 8880.0, 'conflitos_encontrados': 57, 'variaveis_x_estimadas': 3680, 'percentual_x_estimado': 0.038741, 'limite_variaveis_x': 11398, 'profundidade_expansao': 1, 'falhas_consecutivas_antes': 5}, {'ciclo': 1, 'passada': 3, 'iteracao': 7, 'vizinhanca': 'penalidade_bloqueadores', 'recurso': 'seeds_GLA370_1-GLA371_1-GLA372_1-GLA382_1-GLA393_1', 'disciplinas_livres': 21, 'variaveis_x_livres': 4048, 'variaveis_x_fixadas': 90942, 'status_solver': 'OPTIMAL', 'objetivo_anterior': 186107.5, 'objetivo_candidato': 186107.5, 'melhorou': False, 'objetivo_incumbente': 186107.5, 'tempo_gasto_s': 0.63, 'tempo_solver_s': 0.3, 'tempo_limite_subproblema_s': 600.0, 'sementes': 'GLA370_1;GLA371_1;GLA372_1;GLA382_1;GLA393_1', 'bloqueadores': 'GCH011_1;GCH291_2;GCH370_1;GCH846_1;GEX208_3;GEX210_5;GEX212_2;GEX221_1;GEX555_1;GEX997_1;GLA104_3;GLA469_1;GLA500_1;GLA506_1;GLA517_1;GLA550_1', 'quantidade_sementes': 5, 'quantidade_bloqueadores': 16, 'score_sementes': 8870.0, 'conflitos_encontrados': 63, 'variaveis_x_estimadas': 4048, 'percentual_x_estimado': 0.042615, 'limite_variaveis_x': 11398, 'profundidade_expansao': 1, 'falhas_consecutivas_antes': 6}, {'ciclo': 1, 'passada': 3, 'iteracao': 8, 'vizinhanca': 'penalidade_bloqueadores', 'recurso': 'seeds_GLA394_1-GLA396_1-GCH1128_1-GEX094_1-GEX638_1', 'disciplinas_livres': 23, 'variaveis_x_livres': 7360, 'variaveis_x_fixadas': 87630, 'status_solver': 'OPTIMAL', 'objetivo_anterior': 186107.5, 'objetivo_candidato': 186107.5, 'melhorou': False, 'objetivo_incumbente': 186107.5, 'tempo_gasto_s': 0.73, 'tempo_solver_s': 0.41, 'tempo_limite_subproblema_s': 600.0, 'sementes': 'GLA394_1;GLA396_1;GCH1128_1;GEX094_1;GEX638_1', 'bloqueadores': 'GCH1088_1;GCH1110_1;GCH1113_1;GCH1115_1;GCH1117_1;GCH1122_1;GCH1131_1;GCH1283_1;GCH1412_1;GCH1433_1;GCH1448_1;GCH290_5;GCH293_5;GCH369_1;GCH837_3;GEX777_1;GEX981_1;GLA379_1', 'quantidade_sementes': 5, 'quantidade_bloqueadores': 18, 'score_sementes': 8187.5, 'conflitos_encontrados': 78, 'variaveis_x_estimadas': 7360, 'percentual_x_estimado': 0.077482, 'limite_variaveis_x': 11398, 'profundidade_expansao': 1, 'falhas_consecutivas_antes': 7}, {'ciclo': 1, 'passada': 3, 'iteracao': 9, 'vizinhanca': 'penalidade_bloqueadores', 'recurso': 'seeds_GEX1104_1-GSA289_1-GEX392_1-GSA0307_1-GCA225_1', 'disciplinas_livres': 34, 'variaveis_x_livres': 11362, 'variaveis_x_fixadas': 83628, 'status_solver': 'OPTIMAL', 'objetivo_anterior': 186107.5, 'objetivo_candidato': 186107.5, 'melhorou': False, 'objetivo_incumbente': 186107.5, 'tempo_gasto_s': 0.77, 'tempo_solver_s': 0.46, 'tempo_limite_subproblema_s': 600.0, 'sementes': 'GEX1104_1;GSA289_1;GEX392_1;GSA0307_1;GCA225_1', 'bloqueadores': 'GCA0683_1;GCA0683_2;GCA238_1;GCB057_1;GCB0607_1;GCB0608_1;GCH090_2;GCH1412_1;GCS238_5;GEX1047_1;GLA0705_1;GLA0706_1;GLA379_1;GLA385_1;GSA018_1;GSA0308_1;GSA0309_1;GSA0374_1;GSA0377_1;GSA046_1;GSA048_1;GSA175_2;GSA181_1;GSA197_1;GSA285_1;GSA295_1;GSA297_1;GSA300_1;GSA301_1', 'quantidade_sementes': 5, 'quantidade_bloqueadores': 29, 'score_sementes': 6650.5, 'conflitos_encontrados': 101, 'variaveis_x_estimadas': 11362, 'percentual_x_estimado': 0.119613, 'limite_variaveis_x': 11398, 'profundidade_expansao': 1, 'falhas_consecutivas_antes': 8}, {'ciclo': 1, 'passada': 3, 'iteracao': 10, 'vizinhanca': 'penalidade_bloqueadores', 'recurso': 'seeds_GCA244_1-GCA060_1-GCA268_1-GCA038_1-GEN081_1', 'disciplinas_livres': 26, 'variaveis_x_livres': 5934, 'variaveis_x_fixadas': 89056, 'status_solver': 'OPTIMAL', 'objetivo_anterior': 186107.5, 'objetivo_candidato': 186107.5, 'melhorou': False, 'objetivo_incumbente': 186107.5, 'tempo_gasto_s': 0.7, 'tempo_solver_s': 0.39, 'tempo_limite_subproblema_s': 600.0, 'sementes': 'GCA244_1;GCA060_1;GCA268_1;GCA038_1;GEN081_1', 'bloqueadores': 'GCA039_1;GCA041_1;GCA0683_1;GCA0683_2;GCA0684_1;GCA238_1;GCA259_1;GCB057_1;GCB140_1;GCH292_6;GCH641_1;GEN090_1;GSA0308_1;GSA0374_1;GSA0377_1;GSA0378_1;GSA182_1;GSA196_1;GSA291_1;GSA295_1;GSA301_1', 'quantidade_sementes': 5, 'quantidade_bloqueadores': 21, 'score_sementes': 6002.5, 'conflitos_encontrados': 97, 'variaveis_x_estimadas': 5934, 'percentual_x_estimado': 0.06247, 'limite_variaveis_x': 11398, 'profundidade_expansao': 1, 'falhas_consecutivas_antes': 9}]}
