Agrupamento!
Curso:  ADMINISTRAÇÃO
Disciplina 1: GCS528_1 | ('2M2345 (04/03/2024 - 29/04/2024)',)
Disciplina 2: GCH087_1 | ('2M2345 (06/05/2024 - 01/07/2024)',)
Agrupamento!
Curso:  ENFERMAGEM
Disciplina 1: GCH090_1 | ('3T1234 (06/05/2024 - 06/07/2024)',)
Disciplina 2: GSA020_1 | ('3T1234 (04/03/2024 - 04/05/2024)',)
Agrupamento!
Curso:  ENGENHARIA AMBIENTAL E SANITÁRIA
Disciplina 1: GEN108_1 | ('2T345 (04/03/2024 - 11/05/2024),  2T345 6T45 (13/05/2024 - 06/07/2024),  2T34 (08/07/2024 - 13/07/2024)',)
Disciplina 2: GEN107_1 | ('5T123 6T45 (04/03/2024 - 11/05/2024),  5T123 (13/05/2024 - 13/07/2024)',)
Agrupamento!
Curso:  LETRAS - PORTUGUÊS E ESPANHOL
Disciplina 1: GLA369_1 | ('2N1234 (15/04/2024 - 15/06/2024),  2T12  2N1234 (17/06/2024 - 22/06/2024)',)
Disciplina 2: GCH837_2 | ('2T12345  2N1234 (04/03/2024 - 13/04/2024),  2T12345 (15/04/2024 - 04/05/2024),  2T12345 (27/05/2024 - 08/06/2024),  2T12345 (10/06/2024 - 15/06/2024),  2N1234 (24/06/2024 - 13/07/2024)',)
Agrupamento!
Curso:  LETRAS - PORTUGUÊS E ESPANHOL
Disciplina 1: GLA381_1 | ('4N1234 (08/04/2024 - 11/05/2024),  4T1234  4N1234 (13/05/2024 - 25/05/2024),  4N1234 (27/05/2024 - 13/07/2024)',)
Disciplina 2: GLA379_1 | ('4N1234 (04/03/2024 - 06/04/2024),   2N1234 (08/04/2024 - 13/04/2024),  2N1234 (29/04/2024 - 11/05/2024), 2N1234 (24/06/2024 - 24/06/2024)',)
Agrupamento!
Curso:  LETRAS - PORTUGUÊS E ESPANHOL
Disciplina 1: GLA380_1 | ('6N1234 (20/05/2024 - 01/06/2024),  6T1234  6N1234 (03/06/2024 - 08/06/2024),  6N1234 (10/06/2024 - 13/07/2024)',)
Disciplina 2: GLA384_1 | ('6T12  6N1234 (04/03/2024 - 09/03/2024),  6N1234 (11/03/2024 - 18/05/2024)',)
Agrupamento!
Curso:  LETRAS - PORTUGUÊS E ESPANHOL
Disciplina 1: GLA383_1 | ('2N1234 (04/03/2024 - 06/04/2024),  2N1234 (15/04/2024 - 27/04/2024),  2N1234 (13/05/2024 - 22/06/2024),  2N1234 (01/07/2024 - 13/07/2024)',)
Disciplina 2: GLA379_1 | ('4N1234 (04/03/2024 - 06/04/2024),   2N1234 (08/04/2024 - 13/04/2024),  2N1234 (29/04/2024 - 11/05/2024), 2N1234 (24/06/2024 - 24/06/2024)',)
Agrupamento!
Curso:  LETRAS - PORTUGUÊS E ESPANHOL
Disciplina 1: GLA386_1 | ('3N1234 (29/04/2024 - 06/07/2024),  3N12 (08/07/2024 - 13/07/2024)',)
Disciplina 2: GLA385_1 | ('3T12345  3N1234 (04/03/2024 - 16/03/2024),  3N1234 (18/03/2024 - 27/04/2024)',)
Agrupamento!
Curso:  LETRAS - PORTUGUÊS E ESPANHOL
Disciplina 1: GLA395_1 | ('2T1234  2N1234 (04/03/2024 - 23/03/2024),  2T1234 (25/03/2024 - 30/03/2024),  2N1234 (01/07/2024 - 13/07/2024)',)
Disciplina 2: GLA397_1 | ('2N1234 (25/03/2024 - 01/06/2024),  2N12 (03/06/2024 - 08/06/2024)',)
Agrupamento!
Curso:  MATEMÁTICA
Disciplina 1: GEX983_1 | ('6N1234 (04/03/2024 - 26/04/2024),  6N12 (03/05/2024 - 03/05/2024)',)
Disciplina 2: GEX980_1 | ('6N1234 (17/05/2024 - 24/05/2024),  6N1234 (07/06/2024 - 05/07/2024),  6N12 (12/07/2024 - 12/07/2024)',)
Agrupamento!
Curso:  MATEMÁTICA
Disciplina 1: GEX989_1 | ('4N1234 (13/03/2024 - 13/03/2024),  4N1234 (10/04/2024 - 10/04/2024),  4N1234 (08/05/2024 - 08/05/2024),  4N1234 (22/05/2024 - 22/05/2024),  4N1234 (12/06/2024 - 12/06/2024),  2N1234 (17/06/2024 - 17/06/2024),  24N1234 (24/06/2024 - 26/06/2024),  2N1234 (01/07/2024 - 01/07/2024)',)
Disciplina 2: GEX988_1 | ('2N1234 (04/03/2024 - 10/06/2024)',)
Agrupamento!
Curso:  MATEMÁTICA
Disciplina 1: GEX996_1 | ('2N1234 (04/03/2024 - 04/03/2024),  2N1234 (18/03/2024 - 18/03/2024),  2N1234 (01/04/2024 - 01/04/2024),  2N1234 (15/04/2024 - 15/04/2024),  2N1234 (29/04/2024 - 29/04/2024),  2N1234 (13/05/2024 - 13/05/2024),  2N1234 (27/05/2024 - 27/05/2024),  2N1234 (10/06/2024 - 10/06/2024),  2N1234 (24/06/2024 - 24/06/2024)',)
Disciplina 2: GEX995_1 | ('2N1234 (11/03/2024 - 11/03/2024),  2T2345  2N1234 (25/03/2024 - 25/03/2024),  2T2345 (01/04/2024 - 01/04/2024),  2T2345  2N1234 (08/04/2024 - 08/04/2024),  2T2345 (15/04/2024 - 15/04/2024),  2T2345  2N1234 (22/04/2024 - 22/04/2024),  2T2345 (29/04/2024 - 29/04/2024),  2T2345  2N1234 (06/05/2024 - 06/05/2024),  2T2345 (13/05/2024 - 13/05/2024),  2T2345  2N1234 (20/05/2024 - 20/05/2024),  2T2345 (27/05/2024 - 27/05/2024),  2T2345  2N1234 (03/06/2024 - 03/06/2024),  2T2345 (10/06/2024 - 10/06/2024),  2T2345  2N1234 (17/06/2024 - 17/06/2024),  2T2345 (24/06/2024 - 24/06/2024),  2N12 (01/07/2024 - 01/07/2024)',)
Agrupamento!
Curso:  MEDICINA
Disciplina 1: GSA286_1 | ('4T1234 (06/03/2024 - 06/03/2024),  4T1234 (20/03/2024 - 20/03/2024),  4T1234 (03/04/2024 - 03/04/2024),  4T1234 (17/04/2024 - 17/04/2024),  4T1234 (08/05/2024 - 08/05/2024),  4T1234 (22/05/2024 - 22/05/2024),  4T1234 (29/05/2024 - 29/05/2024),  4T1234 (12/06/2024 - 12/06/2024),  4T1234 (26/06/2024 - 26/06/2024)',)
Disciplina 2: GSA285_1 | ('4T12345 (05/06/2024 - 05/06/2024),  4T12345 (19/06/2024 - 19/06/2024),  4T12345 (03/07/2024 - 03/07/2024),  4T123 (10/07/2024 - 10/07/2024)',)
Agrupamento!
Curso:  PEDAGOGIA
Disciplina 1: GCH1036_1 | ('5M1234 (28/03/2024 - 28/03/2024), 5M1234 (02/05/2024 - 02/05/2024), 5M1234 (06/06/2024 - 06/06/2024), 5M1234 (20/06/2024 - 20/06/2024), 5M12 (27/06/2024 - 27/06/2024)',)
Disciplina 2: GCH1100_1 | ('5M1234 (04/03/2024 - 21/03/2024), 5M1234 (04/04/2024 - 25/04/2024), 5M1234 (09/05/2024 - 09/05/2024), 5M1234 (16/05/2024 - 16/05/2024)',)
Agrupamento!
Curso:  PEDAGOGIA
Disciplina 1: GCH1039_1 | ('4N1234 (27/03/2024 - 27/03/2024),  4N1234 (08/05/2024 - 08/05/2024),  4N1234 (27/05/2024 - 08/06/2024),  4N12 (12/06/2024 - 12/06/2024)',)
Disciplina 2: GCH1038_1 | ('4N1234 (04/03/2024 - 23/03/2024),  4N1234 (01/04/2024 - 27/04/2024),  4N1234 (13/05/2024 - 25/05/2024)',)
Agrupamento!
Curso:  PEDAGOGIA
Disciplina 1: GCH1099_1 | ('6M1234 (04/03/2024 - 23/03/2024), 6M1234 (08/04/2024 - 04/05/2024), 6M1234 (13/05/2024 - 01/06/2024), 6M1234 (14/06/2024 - 14/06/2024), 6M34 (28/06/2024 - 28/06/2024), 6M1234 (01/07/2024 - 13/07/2024)',)
Disciplina 2: GCH1088_1 | ('6M1234 (01/04/2024 - 06/04/2024), 6M1234 (06/05/2024 - 11/05/2024), 6M1234 (03/06/2024 - 08/06/2024), 6M1234 (17/06/2024 - 22/06/2024), 6M12 (24/06/2024 - 29/06/2024)',)
Agrupamento!
Curso:  PEDAGOGIA
Disciplina 1: GCH1105_1 | ('3N1234 (04/03/2024 - 30/03/2024), 7M123456  3N1234 (01/07/2024 - 13/07/2024)',)
Disciplina 2: GCH1104_1 | ('3N1234 (01/04/2024 - 27/04/2024),  3N1234 (06/05/2024 - 18/05/2024)',)
Agrupamento!
Curso:  PEDAGOGIA
Disciplina 1: GCH1106_1 | ('2N1234 (25/03/2024 - 25/03/2024),  2N1234 (29/04/2024 - 29/04/2024),  2N1234 (27/05/2024 - 27/05/2024),  2N1234 (10/06/2024 - 10/06/2024),  2N12 (17/06/2024 - 17/06/2024)',)
Disciplina 2: GCH1102_1 | ('2N1234 (04/03/2024 - 23/03/2024),  2N1234 (01/04/2024 - 27/04/2024),  2N1234 (06/05/2024 - 25/05/2024),  2N1234 (03/06/2024 - 03/06/2024),  2N34 (17/06/2024 - 17/06/2024),  2N1234 (24/06/2024 - 06/07/2024)',)
Agrupamento!
Curso:  PEDAGOGIA
Disciplina 1: GCH1109_1 | ('3M1234 (06/05/2024 - 06/07/2024)',)
Disciplina 2: GCH1108_1 | ('3M1234 (04/03/2024 - 04/05/2024)',)
Agrupamento!
Curso:  PEDAGOGIA
Disciplina 1: GCH1111_1 | ('5M1234 (28/03/2024 - 28/03/2024), 5M1234 (02/05/2024 - 02/05/2024), 5M1234 (06/06/2024 - 06/06/2024), 5M1234 (20/06/2024 - 20/06/2024), 5M12 (27/06/2024 - 27/06/2024)',)
Disciplina 2: GCH837_3 | ('57M12345 (04/03/2024 - 23/03/2024), 57M12345 (01/04/2024 - 27/04/2024), 5M12345 (06/05/2024 - 25/05/2024), 57M12345 (13/06/2024 - 15/06/2024), 5M345 (27/06/2024 - 27/06/2024), 5M12345 (01/07/2024 - 13/07/2024)',)
Agrupamento!
Curso:  PEDAGOGIA
Disciplina 1: GCH1114_1 | ('7M2345  5N1234 (06/05/2024 - 25/05/2024), 7M2345  5N1234 (27/05/2024 - 08/06/2024),  5N1234 (10/06/2024 - 13/07/2024)',)
Disciplina 2: GCH1115_1 | ('7M2345  5N1234 (04/03/2024 - 23/03/2024),  5N1234 (25/03/2024 - 20/04/2024), 7M2345  5N1234 (22/04/2024 - 04/05/2024)',)
Agrupamento!
Curso:  PEDAGOGIA
Disciplina 1: GCH1116_1 | ('4N1234 (27/03/2024 - 27/03/2024),  4N1234 (08/05/2024 - 08/05/2024),  4N1234 (05/06/2024 - 05/06/2024),  4N1234 (19/06/2024 - 19/06/2024),  4N12 (26/06/2024 - 26/06/2024)',)
Disciplina 2: GCH1113_1 | ('4N1234 (04/03/2024 - 23/03/2024),  4N1234 (01/04/2024 - 27/04/2024),  4N1234 (13/05/2024 - 01/06/2024),  4N1234 (12/06/2024 - 12/06/2024),  4N34 (26/06/2024 - 26/06/2024), 7M123456  7T123  4N1234 (01/07/2024 - 13/07/2024)',)
Agrupamento!
Curso:  PEDAGOGIA
Disciplina 1: GLA240_1 | ('5M1234 (04/03/2024 - 04/05/2024)',)
Disciplina 2: GCH1119_1 | ('5M1234 (06/05/2024 - 13/07/2024)',)
Agrupamento!
Curso:  PEDAGOGIA
Disciplina 1: GEX776_1 | ('6M1234 (13/05/2024 - 13/07/2024)',)
Disciplina 2: GCH1118_1 | ('6M1234 (04/03/2024 - 11/05/2024)',)
Agrupamento!
Curso:  PEDAGOGIA
Disciplina 1: GCH1121_1 | ('7M2345 (09/03/2024 - 09/03/2024),  4N1234 (13/03/2024 - 13/03/2024), 7M2345 (16/03/2024 - 16/03/2024), 7M2345 (23/03/2024 - 23/03/2024),  4N1234 (10/04/2024 - 10/04/2024),  4N1234 (08/05/2024 - 08/05/2024),  4N1234 (22/05/2024 - 22/05/2024),  4N1234 (12/06/2024 - 12/06/2024),  4N1234 (26/06/2024 - 26/06/2024)',)
Disciplina 2: GEX777_1 | ('4N1234 (06/03/2024 - 06/03/2024),  4N1234 (18/03/2024 - 06/04/2024),  4N1234 (15/04/2024 - 27/04/2024), 7M2345  4N1234 (15/05/2024 - 18/05/2024), 7M2345  4N1234 (27/05/2024 - 08/06/2024), 7M2345  4N1234 (19/06/2024 - 22/06/2024), 7M2345  4N1234 (01/07/2024 - 13/07/2024)',)
Agrupamento!
Curso:  PEDAGOGIA
Disciplina 1: GCH1126_1 | ('2N1234 (25/03/2024 - 25/03/2024),  2N1234 (29/04/2024 - 29/04/2024),  2N1234 (27/05/2024 - 27/05/2024),  2N1234 (10/06/2024 - 10/06/2024),  2N12 (17/06/2024 - 17/06/2024)',)
Disciplina 2: GCH1122_1 | ('2N1234 (04/03/2024 - 23/03/2024),  2N1234 (01/04/2024 - 27/04/2024),  2N1234 (06/05/2024 - 06/05/2024),  2N1234 (13/05/2024 - 13/05/2024),  7T2345 (18/05/2024 - 18/05/2024),  2N1234 (20/05/2024 - 20/05/2024),  7T2345 (25/05/2024 - 25/05/2024),  7T2345 (01/06/2024 - 01/06/2024),  2N1234 (03/06/2024 - 03/06/2024),  7T2345 (08/06/2024 - 08/06/2024),  2N1234 (24/06/2024 - 13/07/2024)',)
Agrupamento!
Curso:  PEDAGOGIA
Disciplina 1: GCH1134_1 | ('3N1234 (26/03/2024 - 26/03/2024),  3N1234 (30/04/2024 - 30/04/2024),  3N1234 (21/05/2024 - 01/06/2024),  3N12 (04/06/2024 - 04/06/2024)',)
Disciplina 2: GCH1132_1 | ('3N1234 (04/03/2024 - 23/03/2024),  3N1234 (01/04/2024 - 27/04/2024),  3N1234 (06/05/2024 - 18/05/2024)',)
Agrupamentos:  27
Set parameter Username
Set parameter LicenseID to value 2851439
Academic license - for non-commercial use only - expires 2027-08-04
Set parameter TimeLimit to value 25200
Set parameter TimeLimit to value 300
Set parameter MIPFocus to value 1
Set parameter NoRelHeurTime to value 300
Gurobi Optimizer version 10.0.2 build v10.0.2rc0 (mac64[arm])

CPU model: Apple M5
Thread count: 10 physical cores, 10 logical processors, using up to 10 threads

Optimize a model with 548706 rows, 284763 columns and 1341935 nonzeros
Model fingerprint: 0x554225e6
Variable types: 0 continuous, 284763 integer (264707 binary)
Coefficient statistics:
  Matrix range     [1e+00, 8e+01]
  Objective range  [5e-01, 2e+03]
  Bounds range     [1e+00, 1e+00]
  RHS range        [1e+00, 1e+02]
Found heuristic solution: objective 4130000.0000
Presolve removed 258478 rows and 68178 columns
Presolve time: 1.60s
Presolved: 290228 rows, 216585 columns, 898474 nonzeros
Variable types: 0 continuous, 216585 integer (216585 binary)
Found heuristic solution: objective 3264725.0000
Starting NoRel heuristic
Found heuristic solution: objective 3264325.0000
Found heuristic solution: objective 1205379.0000
Found heuristic solution: objective 1168629.0000
Found heuristic solution: objective 1167689.0000
Found heuristic solution: objective 1014507.5000
Found heuristic solution: objective 1001215.0000
Found heuristic solution: objective 980986.50000
Found heuristic solution: objective 961056.50000
Found heuristic solution: objective 958228.00000
Found heuristic solution: objective 916147.00000
Elapsed time for NoRel heuristic: 5s (best bound -3.1692e+06)
Found heuristic solution: objective 878620.00000
Found heuristic solution: objective 870740.00000
Found heuristic solution: objective 844845.00000
Found heuristic solution: objective 810575.50000
Found heuristic solution: objective 801066.00000
Found heuristic solution: objective 500264.00000
Found heuristic solution: objective 499864.00000
Found heuristic solution: objective 489746.00000
Found heuristic solution: objective 470090.50000
Found heuristic solution: objective 466390.50000
Found heuristic solution: objective 455585.50000
Found heuristic solution: objective 449164.50000
Found heuristic solution: objective 440196.00000
Found heuristic solution: objective 435634.50000
Found heuristic solution: objective 418926.00000
Found heuristic solution: objective 414821.00000
Found heuristic solution: objective 411606.00000
Found heuristic solution: objective 410262.50000
Elapsed time for NoRel heuristic: 10s (best bound -2.80555e+06)
Found heuristic solution: objective 406462.50000
Found heuristic solution: objective 400876.00000
Found heuristic solution: objective 367801.50000
Found heuristic solution: objective 366830.00000
Found heuristic solution: objective 363434.50000
Found heuristic solution: objective 361914.00000
Found heuristic solution: objective 361384.50000
Found heuristic solution: objective 361084.50000
Found heuristic solution: objective 356589.00000
Found heuristic solution: objective 350552.00000
Found heuristic solution: objective 324668.00000
Found heuristic solution: objective 292767.50000
Found heuristic solution: objective 290377.00000
Found heuristic solution: objective 289797.00000
Found heuristic solution: objective 288797.00000
Elapsed time for NoRel heuristic: 16s (best bound -2.73885e+06)
Found heuristic solution: objective 287547.00000
Found heuristic solution: objective 285877.00000
Found heuristic solution: objective 285492.00000
Found heuristic solution: objective 283407.50000
Found heuristic solution: objective 279425.00000
Found heuristic solution: objective 277334.50000
Found heuristic solution: objective 275884.50000
Found heuristic solution: objective 275584.50000
Found heuristic solution: objective 274804.50000
Found heuristic solution: objective 274304.50000
Elapsed time for NoRel heuristic: 21s (best bound -2.35215e+06)
Found heuristic solution: objective 273764.50000
Found heuristic solution: objective 271257.50000
Found heuristic solution: objective 270139.00000
Found heuristic solution: objective 269539.00000
Found heuristic solution: objective 255639.00000
Found heuristic solution: objective 254829.00000
Found heuristic solution: objective 251338.00000
Found heuristic solution: objective 250938.00000
Found heuristic solution: objective 249513.00000
Found heuristic solution: objective 248763.00000
Elapsed time for NoRel heuristic: 27s (best bound -2.0731e+06)
Found heuristic solution: objective 247303.00000
Found heuristic solution: objective 246158.00000
Found heuristic solution: objective 241998.50000
Found heuristic solution: objective 239900.50000
Found heuristic solution: objective 237641.00000
Found heuristic solution: objective 233357.00000
Found heuristic solution: objective 232451.50000
Elapsed time for NoRel heuristic: 33s (best bound -1.7143e+06)
Found heuristic solution: objective 231921.50000
Found heuristic solution: objective 231421.50000
Found heuristic solution: objective 231296.50000
Found heuristic solution: objective 229526.50000
Found heuristic solution: objective 227472.50000
Found heuristic solution: objective 221368.00000
Found heuristic solution: objective 218695.00000
Found heuristic solution: objective 218195.00000
Elapsed time for NoRel heuristic: 38s (best bound -1.5166e+06)
Found heuristic solution: objective 218175.00000
Found heuristic solution: objective 217930.00000
Found heuristic solution: objective 217273.00000
Found heuristic solution: objective 216016.00000
Found heuristic solution: objective 212777.50000
Elapsed time for NoRel heuristic: 45s (best bound -1.1016e+06)
Found heuristic solution: objective 209085.50000
Found heuristic solution: objective 207924.00000
Found heuristic solution: objective 206557.50000
Found heuristic solution: objective 204211.00000
Found heuristic solution: objective 201797.50000
Found heuristic solution: objective 201772.50000
Elapsed time for NoRel heuristic: 51s (best bound -649500)
Found heuristic solution: objective 201486.50000
Found heuristic solution: objective 201417.00000
Found heuristic solution: objective 200153.50000
Found heuristic solution: objective 199528.00000
Found heuristic solution: objective 199493.00000
Found heuristic solution: objective 199052.00000
Found heuristic solution: objective 198921.00000
Elapsed time for NoRel heuristic: 57s (best bound -401250)
Found heuristic solution: objective 197249.50000
Found heuristic solution: objective 196489.00000
Found heuristic solution: objective 196219.00000
Found heuristic solution: objective 196199.00000
Found heuristic solution: objective 195437.00000
Found heuristic solution: objective 194981.50000
Found heuristic solution: objective 194941.50000
Found heuristic solution: objective 194682.00000
Found heuristic solution: objective 194302.00000
Elapsed time for NoRel heuristic: 63s (best bound -151950)
Found heuristic solution: objective 194287.00000
Found heuristic solution: objective 193982.00000
Found heuristic solution: objective 193873.00000
Found heuristic solution: objective 193778.00000
Elapsed time for NoRel heuristic: 68s (best bound -100500)
Found heuristic solution: objective 193673.00000
Found heuristic solution: objective 193623.00000
Found heuristic solution: objective 193338.00000
Found heuristic solution: objective 192857.50000
Found heuristic solution: objective 192847.50000
Found heuristic solution: objective 192665.00000
Found heuristic solution: objective 192469.00000
Elapsed time for NoRel heuristic: 74s (best bound 6018.5)
Found heuristic solution: objective 192309.00000
Found heuristic solution: objective 192274.00000
Found heuristic solution: objective 192158.00000
Found heuristic solution: objective 191498.50000
Found heuristic solution: objective 191313.50000
Elapsed time for NoRel heuristic: 80s (best bound 55680.7)
Found heuristic solution: objective 191233.50000
Found heuristic solution: objective 190440.50000
Found heuristic solution: objective 190317.50000
Elapsed time for NoRel heuristic: 87s (best bound 60364.5)
Found heuristic solution: objective 190302.50000
Found heuristic solution: objective 190212.50000
Found heuristic solution: objective 190117.50000
Found heuristic solution: objective 189962.00000
Found heuristic solution: objective 189754.50000
Elapsed time for NoRel heuristic: 93s (best bound 65280.5)
Found heuristic solution: objective 189739.50000
Found heuristic solution: objective 189729.50000
Found heuristic solution: objective 189517.50000
Elapsed time for NoRel heuristic: 100s (best bound 72037)
Found heuristic solution: objective 189292.50000
Elapsed time for NoRel heuristic: 105s (best bound 74682.5)
Found heuristic solution: objective 189232.00000
Found heuristic solution: objective 189227.00000
Found heuristic solution: objective 189218.50000
Found heuristic solution: objective 189012.00000
Found heuristic solution: objective 188954.50000
Found heuristic solution: objective 188706.50000
Found heuristic solution: objective 188661.50000
Elapsed time for NoRel heuristic: 115s (best bound 82085)
Found heuristic solution: objective 188576.50000
Found heuristic solution: objective 188423.50000
Elapsed time for NoRel heuristic: 122s (best bound 85715)
Found heuristic solution: objective 187842.50000
Elapsed time for NoRel heuristic: 127s (best bound 89597.5)
Found heuristic solution: objective 187460.00000
Elapsed time for NoRel heuristic: 135s (best bound 94363)
Found heuristic solution: objective 187205.00000
Elapsed time for NoRel heuristic: 141s (best bound 97632.5)
Found heuristic solution: objective 187190.00000
Found heuristic solution: objective 187178.50000
Elapsed time for NoRel heuristic: 149s (best bound 99456.2)
Found heuristic solution: objective 187147.50000
Found heuristic solution: objective 187132.50000
Elapsed time for NoRel heuristic: 158s (best bound 102589)
Found heuristic solution: objective 187097.50000
Found heuristic solution: objective 187082.50000
Elapsed time for NoRel heuristic: 167s (best bound 105074)
Found heuristic solution: objective 187047.50000
Found heuristic solution: objective 186761.50000
Elapsed time for NoRel heuristic: 175s (best bound 108546)
Found heuristic solution: objective 186694.50000
Elapsed time for NoRel heuristic: 184s (best bound 111048)
Found heuristic solution: objective 186684.50000
Found heuristic solution: objective 186551.50000
Elapsed time for NoRel heuristic: 192s (best bound 113544)
Found heuristic solution: objective 186501.00000
Elapsed time for NoRel heuristic: 202s (best bound 115381)
Found heuristic solution: objective 186471.00000
Elapsed time for NoRel heuristic: 211s (best bound 117247)
Elapsed time for NoRel heuristic: 221s (best bound 118784)
Elapsed time for NoRel heuristic: 234s (best bound 119524)
Found heuristic solution: objective 186441.50000
Found heuristic solution: objective 186385.50000
Elapsed time for NoRel heuristic: 246s (best bound 120240)
Found heuristic solution: objective 186341.00000
Elapsed time for NoRel heuristic: 259s (best bound 120974)
Found heuristic solution: objective 186311.00000
Found heuristic solution: objective 186294.00000
Elapsed time for NoRel heuristic: 270s (best bound 121709)
Elapsed time for NoRel heuristic: 286s (best bound 122512)
Elapsed time for NoRel heuristic: 298s (best bound 123034)
NoRel heuristic complete

Explored 0 nodes (0 simplex iterations) in 300.04 seconds (297.42 work units)
Thread count was 10 (of 10 available processors)

Solution count 10: 186294 186311 186341 ... 186694

Time limit reached
Best objective 1.862940000000e+05, best bound 1.230340833333e+05, gap 33.9570%
Solução -> não <- ótima.
Set parameter TimeLimit to value 25200
Set parameter TimeLimit to value 1.4096690597295761e+04
Gurobi Optimizer version 10.0.2 build v10.0.2rc0 (mac64[arm])

CPU model: Apple M5
Thread count: 10 physical cores, 10 logical processors, using up to 10 threads

Optimize a model with 548706 rows, 284763 columns and 1341935 nonzeros
Model fingerprint: 0x7ffcf72a
Variable types: 0 continuous, 284763 integer (264707 binary)
Coefficient statistics:
  Matrix range     [1e+00, 8e+01]
  Objective range  [5e-01, 2e+03]
  Bounds range     [1e+00, 1e+00]
  RHS range        [1e+00, 1e+02]

User MIP start produced solution with objective 186294 (0.14s)
Loaded user MIP start with objective 186294
MIP start from previous solve did not produce a new incumbent solution

Presolve removed 534754 rows and 273355 columns
Presolve time: 0.23s
Presolved: 13952 rows, 11408 columns, 40539 nonzeros
Variable types: 0 continuous, 11408 integer (11408 binary)
Starting NoRel heuristic
Elapsed time for NoRel heuristic: 5s (best bound 186237)
Elapsed time for NoRel heuristic: 10s (best bound 186237)
Found heuristic solution: objective 186289.00000
Elapsed time for NoRel heuristic: 15s (best bound 186237)
Elapsed time for NoRel heuristic: 20s (best bound 186237)
Elapsed time for NoRel heuristic: 26s (best bound 186237)
Elapsed time for NoRel heuristic: 32s (best bound 186237)
Elapsed time for NoRel heuristic: 38s (best bound 186237)
Elapsed time for NoRel heuristic: 45s (best bound 186237)
Elapsed time for NoRel heuristic: 52s (best bound 186237)
Elapsed time for NoRel heuristic: 58s (best bound 186237)
Elapsed time for NoRel heuristic: 64s (best bound 186237)
Elapsed time for NoRel heuristic: 70s (best bound 186237)
Elapsed time for NoRel heuristic: 77s (best bound 186237)
Elapsed time for NoRel heuristic: 84s (best bound 186237)
Elapsed time for NoRel heuristic: 91s (best bound 186237)
Elapsed time for NoRel heuristic: 98s (best bound 186237)
Elapsed time for NoRel heuristic: 105s (best bound 186237)
Elapsed time for NoRel heuristic: 112s (best bound 186237)
Elapsed time for NoRel heuristic: 120s (best bound 186237)
Elapsed time for NoRel heuristic: 127s (best bound 186237)
Elapsed time for NoRel heuristic: 135s (best bound 186237)
Elapsed time for NoRel heuristic: 143s (best bound 186237)
Elapsed time for NoRel heuristic: 151s (best bound 186237)
Elapsed time for NoRel heuristic: 159s (best bound 186237)
Elapsed time for NoRel heuristic: 166s (best bound 186237)
Elapsed time for NoRel heuristic: 174s (best bound 186237)
Elapsed time for NoRel heuristic: 182s (best bound 186237)
Elapsed time for NoRel heuristic: 191s (best bound 186237)
Elapsed time for NoRel heuristic: 199s (best bound 186237)
Elapsed time for NoRel heuristic: 207s (best bound 186237)
Elapsed time for NoRel heuristic: 216s (best bound 186237)
Elapsed time for NoRel heuristic: 224s (best bound 186237)
Elapsed time for NoRel heuristic: 232s (best bound 186237)
Elapsed time for NoRel heuristic: 240s (best bound 186237)
Elapsed time for NoRel heuristic: 248s (best bound 186237)
Elapsed time for NoRel heuristic: 257s (best bound 186237)
Elapsed time for NoRel heuristic: 265s (best bound 186237)
Elapsed time for NoRel heuristic: 273s (best bound 186237)
Elapsed time for NoRel heuristic: 281s (best bound 186237)
Elapsed time for NoRel heuristic: 289s (best bound 186237)
Elapsed time for NoRel heuristic: 298s (best bound 186237)

Root simplex log...

Iteration    Objective       Primal Inf.    Dual Inf.      Time
       0    1.7226600e+05   4.800000e+02   0.000000e+00    302s
    3930    1.8623675e+05   0.000000e+00   0.000000e+00    302s

Root relaxation: objective 1.862368e+05, 3930 iterations, 0.11 seconds (0.15 work units)

    Nodes    |    Current Node    |     Objective Bounds      |     Work
 Expl Unexpl |  Obj  Depth IntInf | Incumbent    BestBd   Gap | It/Node Time

     0     0 186236.750    0  479 186289.000 186236.750  0.03%     -  302s
     0     0 186236.750    0  479 186289.000 186236.750  0.03%     -  302s
     0     0 186236.750    0  120 186289.000 186236.750  0.03%     -  302s
     0     0 186242.667    0   44 186289.000 186242.667  0.02%     -  302s
     0     0 186254.800    0  151 186289.000 186254.800  0.02%     -  302s
     0     0     cutoff    0      186289.000 186289.000  0.00%     -  302s

Cutting planes:
  Gomory: 1
  Clique: 27
  RLT: 1
  BQP: 2

Explored 1 nodes (6151 simplex iterations) in 302.36 seconds (364.29 work units)
Thread count was 10 (of 10 available processors)

Solution count 2: 186289 186294 

Optimal solution found (tolerance 1.00e-04)
Best objective 1.862890000000e+05, best bound 1.862890000000e+05, gap 0.0000%
Solução ótima encontrada.
Set parameter TimeLimit to value 25200
Set parameter TimeLimit to value 1.3794076167106628e+04
Gurobi Optimizer version 10.0.2 build v10.0.2rc0 (mac64[arm])

CPU model: Apple M5
Thread count: 10 physical cores, 10 logical processors, using up to 10 threads

Optimize a model with 548706 rows, 284763 columns and 1341935 nonzeros
Model fingerprint: 0x2a6de2a1
Variable types: 0 continuous, 284763 integer (264707 binary)
Coefficient statistics:
  Matrix range     [1e+00, 8e+01]
  Objective range  [5e-01, 2e+03]
  Bounds range     [1e+00, 1e+00]
  RHS range        [1e+00, 1e+02]

User MIP start produced solution with objective 186289 (0.12s)
Loaded user MIP start with objective 186289
MIP start from previous solve did not produce a new incumbent solution

Presolve removed 529500 rows and 269615 columns
Presolve time: 0.22s
Presolved: 19206 rows, 15148 columns, 55110 nonzeros
Variable types: 0 continuous, 15148 integer (15148 binary)
Starting NoRel heuristic
Elapsed time for NoRel heuristic: 6s (best bound 185266)
Elapsed time for NoRel heuristic: 11s (best bound 185763)
Found heuristic solution: objective 186286.00000
Elapsed time for NoRel heuristic: 19s (best bound 185763)
Elapsed time for NoRel heuristic: 27s (best bound 185763)
Elapsed time for NoRel heuristic: 37s (best bound 185763)
Elapsed time for NoRel heuristic: 44s (best bound 185763)
Elapsed time for NoRel heuristic: 51s (best bound 185763)
Elapsed time for NoRel heuristic: 57s (best bound 185763)
Elapsed time for NoRel heuristic: 68s (best bound 185763)
Elapsed time for NoRel heuristic: 75s (best bound 185763)
Elapsed time for NoRel heuristic: 83s (best bound 185763)
Elapsed time for NoRel heuristic: 89s (best bound 185763)
Elapsed time for NoRel heuristic: 101s (best bound 185763)
Elapsed time for NoRel heuristic: 107s (best bound 185763)
Elapsed time for NoRel heuristic: 141s (best bound 185763)
Elapsed time for NoRel heuristic: 166s (best bound 185763)
Elapsed time for NoRel heuristic: 198s (best bound 185763)
Elapsed time for NoRel heuristic: 250s (best bound 185763)
Elapsed time for NoRel heuristic: 289s (best bound 185763)
Elapsed time for NoRel heuristic: 347s (best bound 185763)

Root simplex log...

Iteration    Objective       Primal Inf.    Dual Inf.      Time
       0    1.6050250e+05   5.300000e+02   0.000000e+00    347s
   12199    1.8576780e+05   0.000000e+00   0.000000e+00    347s

Root relaxation: objective 1.857678e+05, 12199 iterations, 0.30 seconds (0.59 work units)

    Nodes    |    Current Node    |     Objective Bounds      |     Work
 Expl Unexpl |  Obj  Depth IntInf | Incumbent    BestBd   Gap | It/Node Time

     0     0 185767.795    0  953 186286.000 185767.795  0.28%     -  347s
     0     0 185775.697    0  978 186286.000 185775.697  0.27%     -  347s
     0     0 185775.697    0  978 186286.000 185775.697  0.27%     -  347s
     0     0 185775.697    0  897 186286.000 185775.697  0.27%     -  348s
     0     0 185987.626    0 1024 186286.000 185987.626  0.16%     -  348s
     0     0 185988.321    0  723 186286.000 185988.321  0.16%     -  348s
     0     0 185990.848    0  716 186286.000 185990.848  0.16%     -  348s
     0     0 186105.403    0 1189 186286.000 186105.403  0.10%     -  349s
     0     0 186116.391    0 1174 186286.000 186116.391  0.09%     -  349s
     0     0 186119.612    0 1096 186286.000 186119.612  0.09%     -  349s
     0     0 186120.406    0 1138 186286.000 186120.406  0.09%     -  349s
     0     0 186120.510    0 1117 186286.000 186120.510  0.09%     -  349s
     0     0 186129.872    0 1047 186286.000 186129.872  0.08%     -  349s
     0     0 186132.774    0  996 186286.000 186132.774  0.08%     -  349s
     0     0 186133.141    0 1008 186286.000 186133.141  0.08%     -  349s
     0     0 186133.179    0 1023 186286.000 186133.179  0.08%     -  349s
     0     0 186133.305    0 1024 186286.000 186133.305  0.08%     -  349s
     0     0 186133.309    0 1024 186286.000 186133.309  0.08%     -  349s
     0     0 186177.434    0 1054 186286.000 186177.434  0.06%     -  350s
     0     0 186177.434    0  406 186286.000 186177.434  0.06%     -  350s
     0     0 186177.434    0  538 186286.000 186177.434  0.06%     -  350s
     0     0 186218.500    0   98 186286.000 186218.500  0.04%     -  350s
     0     0 186226.625    0  463 186286.000 186226.625  0.03%     -  350s
     0     0 186230.008    0  525 186286.000 186230.008  0.03%     -  350s
     0     0 186231.879    0  542 186286.000 186231.879  0.03%     -  350s
     0     0 186232.191    0  516 186286.000 186232.191  0.03%     -  350s
     0     0 186232.261    0  515 186286.000 186232.261  0.03%     -  350s
     0     0 186241.032    0  482 186286.000 186241.032  0.02%     -  350s
     0     0 186241.048    0  482 186286.000 186241.048  0.02%     -  350s
     0     0 186261.000    0  153 186286.000 186261.000  0.01%     -  350s

Cutting planes:
  Gomory: 3
  Implied bound: 15
  Clique: 5
  MIR: 4
  Zero half: 26
  RLT: 66
  BQP: 24

Explored 1 nodes (46879 simplex iterations) in 350.55 seconds (382.41 work units)
Thread count was 10 (of 10 available processors)

Solution count 2: 186286 186289 

Optimal solution found (tolerance 1.00e-04)
Best objective 1.862860000000e+05, best bound 1.862860000000e+05, gap 0.0000%
Solução ótima encontrada.
Set parameter TimeLimit to value 25200
Set parameter TimeLimit to value 1.3443191776037216e+04
Gurobi Optimizer version 10.0.2 build v10.0.2rc0 (mac64[arm])

CPU model: Apple M5
Thread count: 10 physical cores, 10 logical processors, using up to 10 threads

Optimize a model with 548706 rows, 284763 columns and 1341935 nonzeros
Model fingerprint: 0x59bc92c1
Variable types: 0 continuous, 284763 integer (264707 binary)
Coefficient statistics:
  Matrix range     [1e+00, 8e+01]
  Objective range  [5e-01, 2e+03]
  Bounds range     [1e+00, 1e+00]
  RHS range        [1e+00, 1e+02]

User MIP start produced solution with objective 186286 (0.13s)
Loaded user MIP start with objective 186286
MIP start from previous solve did not produce a new incumbent solution

Presolve removed 531769 rows and 270951 columns
Presolve time: 0.23s
Presolved: 16937 rows, 13812 columns, 49905 nonzeros
Variable types: 0 continuous, 13812 integer (13812 binary)
Starting NoRel heuristic
Elapsed time for NoRel heuristic: 5s (best bound 185178)
Elapsed time for NoRel heuristic: 11s (best bound 185178)
Elapsed time for NoRel heuristic: 16s (best bound 185178)
Elapsed time for NoRel heuristic: 22s (best bound 185178)
Elapsed time for NoRel heuristic: 28s (best bound 185178)
Elapsed time for NoRel heuristic: 35s (best bound 185178)
Elapsed time for NoRel heuristic: 44s (best bound 185178)
Elapsed time for NoRel heuristic: 50s (best bound 185178)
Elapsed time for NoRel heuristic: 57s (best bound 185178)
Elapsed time for NoRel heuristic: 66s (best bound 185178)
Elapsed time for NoRel heuristic: 72s (best bound 185178)
Elapsed time for NoRel heuristic: 77s (best bound 185178)
Elapsed time for NoRel heuristic: 84s (best bound 185178)
Elapsed time for NoRel heuristic: 95s (best bound 185178)
Elapsed time for NoRel heuristic: 106s (best bound 185178)
Elapsed time for NoRel heuristic: 113s (best bound 185178)
Elapsed time for NoRel heuristic: 119s (best bound 185178)
Elapsed time for NoRel heuristic: 126s (best bound 185178)
Elapsed time for NoRel heuristic: 132s (best bound 185178)
Elapsed time for NoRel heuristic: 139s (best bound 185178)
Elapsed time for NoRel heuristic: 145s (best bound 185178)
Elapsed time for NoRel heuristic: 152s (best bound 185178)
Elapsed time for NoRel heuristic: 158s (best bound 185178)
Elapsed time for NoRel heuristic: 166s (best bound 185178)
Elapsed time for NoRel heuristic: 173s (best bound 185178)
Elapsed time for NoRel heuristic: 180s (best bound 185178)
Elapsed time for NoRel heuristic: 187s (best bound 185178)
Elapsed time for NoRel heuristic: 194s (best bound 185178)
Elapsed time for NoRel heuristic: 201s (best bound 185178)
Elapsed time for NoRel heuristic: 207s (best bound 185178)
Elapsed time for NoRel heuristic: 215s (best bound 185178)
Elapsed time for NoRel heuristic: 222s (best bound 185178)
Elapsed time for NoRel heuristic: 230s (best bound 185178)
Elapsed time for NoRel heuristic: 238s (best bound 185178)
Elapsed time for NoRel heuristic: 246s (best bound 185178)
Elapsed time for NoRel heuristic: 253s (best bound 185178)
Elapsed time for NoRel heuristic: 259s (best bound 185178)
Elapsed time for NoRel heuristic: 267s (best bound 185178)
Elapsed time for NoRel heuristic: 274s (best bound 185178)
Elapsed time for NoRel heuristic: 280s (best bound 185178)
Elapsed time for NoRel heuristic: 288s (best bound 185178)
Elapsed time for NoRel heuristic: 295s (best bound 185178)
Elapsed time for NoRel heuristic: 303s (best bound 185178)

Root simplex log...

Iteration    Objective       Primal Inf.    Dual Inf.      Time
       0    1.7443800e+05   5.090000e+02   0.000000e+00    303s
    2661    1.8553400e+05   0.000000e+00   0.000000e+00    303s

Root relaxation: objective 1.855340e+05, 2661 iterations, 0.05 seconds (0.09 work units)

    Nodes    |    Current Node    |     Objective Bounds      |     Work
 Expl Unexpl |  Obj  Depth IntInf | Incumbent    BestBd   Gap | It/Node Time

     0     0 185534.000    0  575 186286.000 185534.000  0.40%     -  303s
     0     0 186056.042    0  678 186286.000 186056.042  0.12%     -  303s
     0     0 186069.979    0  765 186286.000 186069.979  0.12%     -  303s
     0     0 186069.979    0  728 186286.000 186069.979  0.12%     -  303s
     0     0 186246.000    0  208 186286.000 186246.000  0.02%     -  303s
     0     0 186252.667    0  279 186286.000 186252.667  0.02%     -  303s
     0     0 186257.875    0  283 186286.000 186257.875  0.02%     -  303s
     0     0 186257.875    0  263 186286.000 186257.875  0.02%     -  303s
     0     0 186263.500    0  287 186286.000 186263.500  0.01%     -  303s
     0     0 186263.500    0   84 186286.000 186263.500  0.01%     -  303s
     0     0 186263.500    0  119 186286.000 186263.500  0.01%     -  303s
     0     0 186264.333    0  114 186286.000 186264.333  0.01%     -  303s
     0     0 186265.583    0  124 186286.000 186265.583  0.01%     -  303s
     0     0 186270.167    0  124 186286.000 186270.167  0.01%     -  303s

Cutting planes:
  Gomory: 6
  Implied bound: 1
  Clique: 5
  Zero half: 23
  RLT: 7
  BQP: 16

Explored 1 nodes (10793 simplex iterations) in 303.42 seconds (298.46 work units)
Thread count was 10 (of 10 available processors)

Solution count 1: 186286 

Optimal solution found (tolerance 1.00e-04)
Best objective 1.862860000000e+05, best bound 1.862705000000e+05, gap 0.0083%
Solução ótima encontrada.
Set parameter TimeLimit to value 25200
Set parameter TimeLimit to value 1.3139430714130402e+04
Gurobi Optimizer version 10.0.2 build v10.0.2rc0 (mac64[arm])

CPU model: Apple M5
Thread count: 10 physical cores, 10 logical processors, using up to 10 threads

Optimize a model with 548706 rows, 284763 columns and 1341935 nonzeros
Model fingerprint: 0xa7ba16ee
Variable types: 0 continuous, 284763 integer (264707 binary)
Coefficient statistics:
  Matrix range     [1e+00, 8e+01]
  Objective range  [5e-01, 2e+03]
  Bounds range     [1e+00, 1e+00]
  RHS range        [1e+00, 1e+02]

User MIP start produced solution with objective 186286 (0.12s)
Loaded user MIP start with objective 186286
MIP start from previous solve did not produce a new incumbent solution

Presolve removed 543190 rows and 279931 columns
Presolve time: 0.17s
Presolved: 5516 rows, 4832 columns, 15651 nonzeros
Variable types: 0 continuous, 4832 integer (4832 binary)
Starting NoRel heuristic
NoRel heuristic complete

Explored 0 nodes (0 simplex iterations) in 0.33 seconds (0.90 work units)
Thread count was 10 (of 10 available processors)

Solution count 1: 186286 

Optimal solution found (tolerance 1.00e-04)
Best objective 1.862860000000e+05, best bound 1.862860000000e+05, gap 0.0000%
Solução ótima encontrada.
Set parameter TimeLimit to value 25200
Set parameter TimeLimit to value 1.3138777598142624e+04
Gurobi Optimizer version 10.0.2 build v10.0.2rc0 (mac64[arm])

CPU model: Apple M5
Thread count: 10 physical cores, 10 logical processors, using up to 10 threads

Optimize a model with 548706 rows, 284763 columns and 1341935 nonzeros
Model fingerprint: 0x80f2b3f4
Variable types: 0 continuous, 284763 integer (264707 binary)
Coefficient statistics:
  Matrix range     [1e+00, 8e+01]
  Objective range  [5e-01, 2e+03]
  Bounds range     [1e+00, 1e+00]
  RHS range        [1e+00, 1e+02]

User MIP start produced solution with objective 186286 (0.09s)
Loaded user MIP start with objective 186286
MIP start from previous solve did not produce a new incumbent solution

Presolve removed 530948 rows and 270854 columns
Presolve time: 0.16s
Presolved: 17758 rows, 13909 columns, 50006 nonzeros
Variable types: 0 continuous, 13909 integer (13909 binary)
Starting NoRel heuristic
Elapsed time for NoRel heuristic: 5s (best bound 186250)
Elapsed time for NoRel heuristic: 11s (best bound 186250)
Elapsed time for NoRel heuristic: 16s (best bound 186250)
Elapsed time for NoRel heuristic: 22s (best bound 186250)
Elapsed time for NoRel heuristic: 28s (best bound 186250)
Elapsed time for NoRel heuristic: 33s (best bound 186250)
Elapsed time for NoRel heuristic: 39s (best bound 186250)
Elapsed time for NoRel heuristic: 44s (best bound 186250)
Elapsed time for NoRel heuristic: 50s (best bound 186250)
Elapsed time for NoRel heuristic: 57s (best bound 186250)
Elapsed time for NoRel heuristic: 63s (best bound 186250)
Elapsed time for NoRel heuristic: 70s (best bound 186250)
Elapsed time for NoRel heuristic: 77s (best bound 186250)
Elapsed time for NoRel heuristic: 84s (best bound 186250)
Elapsed time for NoRel heuristic: 91s (best bound 186250)
Elapsed time for NoRel heuristic: 99s (best bound 186250)
Elapsed time for NoRel heuristic: 106s (best bound 186250)
Elapsed time for NoRel heuristic: 111s (best bound 186250)
Elapsed time for NoRel heuristic: 116s (best bound 186250)
Elapsed time for NoRel heuristic: 122s (best bound 186250)
Elapsed time for NoRel heuristic: 127s (best bound 186250)
Elapsed time for NoRel heuristic: 132s (best bound 186250)
Elapsed time for NoRel heuristic: 139s (best bound 186250)
Elapsed time for NoRel heuristic: 146s (best bound 186250)
Elapsed time for NoRel heuristic: 153s (best bound 186250)
Elapsed time for NoRel heuristic: 161s (best bound 186250)
Elapsed time for NoRel heuristic: 168s (best bound 186250)
Elapsed time for NoRel heuristic: 175s (best bound 186250)
Elapsed time for NoRel heuristic: 182s (best bound 186250)
Elapsed time for NoRel heuristic: 190s (best bound 186250)
Elapsed time for NoRel heuristic: 195s (best bound 186250)
Elapsed time for NoRel heuristic: 202s (best bound 186250)
Elapsed time for NoRel heuristic: 210s (best bound 186250)
Elapsed time for NoRel heuristic: 217s (best bound 186250)
Elapsed time for NoRel heuristic: 222s (best bound 186250)
Elapsed time for NoRel heuristic: 230s (best bound 186250)
Elapsed time for NoRel heuristic: 237s (best bound 186250)
Elapsed time for NoRel heuristic: 244s (best bound 186250)
Elapsed time for NoRel heuristic: 249s (best bound 186250)
Elapsed time for NoRel heuristic: 257s (best bound 186250)
Elapsed time for NoRel heuristic: 264s (best bound 186250)
Elapsed time for NoRel heuristic: 271s (best bound 186250)
Elapsed time for NoRel heuristic: 279s (best bound 186250)
Elapsed time for NoRel heuristic: 284s (best bound 186250)
Elapsed time for NoRel heuristic: 289s (best bound 186250)
Elapsed time for NoRel heuristic: 297s (best bound 186250)

Root simplex log...

Iteration    Objective       Primal Inf.    Dual Inf.      Time
       0    1.7518350e+05   4.850000e+02   0.000000e+00    302s
    1470    1.8625125e+05   0.000000e+00   0.000000e+00    302s

Root relaxation: objective 1.862512e+05, 1470 iterations, 0.04 seconds (0.05 work units)

    Nodes    |    Current Node    |     Objective Bounds      |     Work
 Expl Unexpl |  Obj  Depth IntInf | Incumbent    BestBd   Gap | It/Node Time

     0     0 186251.250    0  221 186286.000 186251.250  0.02%     -  301s
     0     0 186251.250    0  221 186286.000 186251.250  0.02%     -  301s
     0     0 186273.750    0   79 186286.000 186273.750  0.01%     -  301s

Explored 1 nodes (2846 simplex iterations) in 301.95 seconds (328.75 work units)
Thread count was 10 (of 10 available processors)

Solution count 1: 186286 

Optimal solution found (tolerance 1.00e-04)
Best objective 1.862860000000e+05, best bound 1.862740000000e+05, gap 0.0064%
Solução ótima encontrada.
Set parameter TimeLimit to value 25200
Set parameter TimeLimit to value 1.2836471758127213e+04
Gurobi Optimizer version 10.0.2 build v10.0.2rc0 (mac64[arm])

CPU model: Apple M5
Thread count: 10 physical cores, 10 logical processors, using up to 10 threads

Optimize a model with 548706 rows, 284763 columns and 1341935 nonzeros
Model fingerprint: 0x40ba63fc
Variable types: 0 continuous, 284763 integer (264707 binary)
Coefficient statistics:
  Matrix range     [1e+00, 8e+01]
  Objective range  [5e-01, 2e+03]
  Bounds range     [1e+00, 1e+00]
  RHS range        [1e+00, 1e+02]

User MIP start produced solution with objective 186286 (0.14s)
Loaded user MIP start with objective 186286
MIP start from previous solve did not produce a new incumbent solution

Presolve removed 531712 rows and 272512 columns
Presolve time: 0.23s
Presolved: 16994 rows, 12251 columns, 48875 nonzeros
Variable types: 0 continuous, 12251 integer (12251 binary)
Starting NoRel heuristic
Elapsed time for NoRel heuristic: 6s (best bound 185154)
Found heuristic solution: objective 186281.00000
Elapsed time for NoRel heuristic: 11s (best bound 185894)
Found heuristic solution: objective 186221.00000
Found heuristic solution: objective 186171.00000
Found heuristic solution: objective 186146.00000
Elapsed time for NoRel heuristic: 16s (best bound 185894)
Elapsed time for NoRel heuristic: 21s (best bound 185894)
Found heuristic solution: objective 186141.00000
Elapsed time for NoRel heuristic: 27s (best bound 185894)
Elapsed time for NoRel heuristic: 37s (best bound 185894)
Elapsed time for NoRel heuristic: 43s (best bound 185894)
Elapsed time for NoRel heuristic: 51s (best bound 185894)
Elapsed time for NoRel heuristic: 57s (best bound 185894)
Elapsed time for NoRel heuristic: 67s (best bound 185894)
Elapsed time for NoRel heuristic: 76s (best bound 185894)
Elapsed time for NoRel heuristic: 87s (best bound 185894)
Elapsed time for NoRel heuristic: 98s (best bound 185894)
Elapsed time for NoRel heuristic: 111s (best bound 185894)
Elapsed time for NoRel heuristic: 126s (best bound 185894)
Elapsed time for NoRel heuristic: 141s (best bound 185894)
Elapsed time for NoRel heuristic: 163s (best bound 185894)
Elapsed time for NoRel heuristic: 177s (best bound 185894)
Elapsed time for NoRel heuristic: 208s (best bound 185894)
Elapsed time for NoRel heuristic: 227s (best bound 185894)
Elapsed time for NoRel heuristic: 240s (best bound 185894)
Elapsed time for NoRel heuristic: 251s (best bound 185894)
Elapsed time for NoRel heuristic: 263s (best bound 185894)
Elapsed time for NoRel heuristic: 282s (best bound 185894)
Elapsed time for NoRel heuristic: 300s (best bound 185894)

Root simplex log...

Iteration    Objective       Primal Inf.    Dual Inf.      Time
       0    1.7334300e+05   5.130000e+02   0.000000e+00    300s
    9977    1.8589833e+05   0.000000e+00   0.000000e+00    301s

Root relaxation: objective 1.858983e+05, 9977 iterations, 0.40 seconds (0.68 work units)

    Nodes    |    Current Node    |     Objective Bounds      |     Work
 Expl Unexpl |  Obj  Depth IntInf | Incumbent    BestBd   Gap | It/Node Time

     0     0 185898.333    0  629 186141.000 185898.333  0.13%     -  301s
     0     0 185935.250    0  522 186141.000 185935.250  0.11%     -  301s
     0     0 185935.250    0  522 186141.000 185935.250  0.11%     -  301s
     0     0 185935.250    0  412 186141.000 185935.250  0.11%     -  302s
     0     0 185959.833    0  531 186141.000 185959.833  0.10%     -  302s
     0     0 185961.500    0  532 186141.000 185961.500  0.10%     -  302s
     0     0 185981.102    0  645 186141.000 185981.102  0.09%     -  302s
     0     0 185981.683    0  656 186141.000 185981.683  0.09%     -  302s
     0     0 185982.551    0  606 186141.000 185982.551  0.09%     -  302s
     0     0 185982.556    0  607 186141.000 185982.556  0.09%     -  302s
     0     0 185998.500    0  483 186141.000 185998.500  0.08%     -  302s
     0     0 185998.500    0  568 186141.000 185998.500  0.08%     -  302s
     0     0 185998.810    0  567 186141.000 185998.810  0.08%     -  302s
     0     0 185998.810    0  569 186141.000 185998.810  0.08%     -  302s
     0     0 185998.810    0  568 186141.000 185998.810  0.08%     -  302s
     0     0 186008.969    0  569 186141.000 186008.969  0.07%     -  302s
     0     0 186008.969    0  507 186141.000 186008.969  0.07%     -  302s
     0     0 186012.167    0  562 186141.000 186012.167  0.07%     -  303s
     0     0 186012.167    0  567 186141.000 186012.167  0.07%     -  303s
     0     0 186012.750    0  481 186141.000 186012.750  0.07%     -  303s
     0     0 186012.894    0  350 186141.000 186012.894  0.07%     -  303s
     0     0 186012.894    0  515 186141.000 186012.894  0.07%     -  303s
     0     0 186012.894    0  402 186141.000 186012.894  0.07%     -  303s
     0     0 186012.894    0  489 186141.000 186012.894  0.07%     -  303s
     0     0 186012.894    0  492 186141.000 186012.894  0.07%     -  303s
     0     0 186012.894    0  493 186141.000 186012.894  0.07%     -  304s
     0     0 186012.894    0  538 186141.000 186012.894  0.07%     -  304s
     0     0 186012.894    0  525 186141.000 186012.894  0.07%     -  304s
     0     0 186012.894    0  504 186141.000 186012.894  0.07%     -  304s
     0     0 186012.894    0  506 186141.000 186012.894  0.07%     -  304s
     0     0 186012.894    0  506 186141.000 186012.894  0.07%     -  304s
     0     0 186023.889    0  518 186141.000 186023.889  0.06%     -  304s
     0     0 186023.889    0  545 186141.000 186023.889  0.06%     -  304s
     0     0 186024.143    0  540 186141.000 186024.143  0.06%     -  304s
     0     0 186024.188    0  335 186141.000 186024.188  0.06%     -  304s
     0     0 186024.188    0  498 186141.000 186024.188  0.06%     -  304s
     0     0 186024.188    0  486 186141.000 186024.188  0.06%     -  304s
     0     0 186024.188    0  478 186141.000 186024.188  0.06%     -  304s
     0     0 186024.188    0  479 186141.000 186024.188  0.06%     -  304s
     0     0 186026.500    0  499 186141.000 186026.500  0.06%     -  304s
     0     0 186026.500    0  499 186141.000 186026.500  0.06%     -  304s
     0     0 186033.333    0  510 186141.000 186033.333  0.06%     -  305s
     0     0 186035.750    0  510 186141.000 186035.750  0.06%     -  305s
     0     0 186039.000    0  516 186141.000 186039.000  0.05%     -  305s
     0     0 186039.000    0  516 186141.000 186039.000  0.05%     -  305s
     0     0 186050.500    0  516 186141.000 186050.500  0.05%     -  305s
     0     0 186050.500    0  517 186141.000 186050.500  0.05%     -  305s
     0     0 186052.500    0  490 186141.000 186052.500  0.05%     -  305s
     0     0 186056.685    0  497 186141.000 186056.685  0.05%     -  305s
     0     2 186056.690    0  494 186141.000 186056.690  0.05%     -  305s

Cutting planes:
  Gomory: 2
  Clique: 1
  MIR: 8
  Zero half: 28
  RLT: 8
  BQP: 11

Explored 82 nodes (47729 simplex iterations) in 305.61 seconds (287.99 work units)
Thread count was 10 (of 10 available processors)

Solution count 6: 186141 186146 186171 ... 186286

Optimal solution found (tolerance 1.00e-04)
Best objective 1.861410000000e+05, best bound 1.861410000000e+05, gap 0.0000%
Solução ótima encontrada.
Set parameter TimeLimit to value 25200
Set parameter TimeLimit to value 12530.4068441391
Gurobi Optimizer version 10.0.2 build v10.0.2rc0 (mac64[arm])

CPU model: Apple M5
Thread count: 10 physical cores, 10 logical processors, using up to 10 threads

Optimize a model with 548706 rows, 284763 columns and 1341935 nonzeros
Model fingerprint: 0xb34664a9
Variable types: 0 continuous, 284763 integer (264707 binary)
Coefficient statistics:
  Matrix range     [1e+00, 8e+01]
  Objective range  [5e-01, 2e+03]
  Bounds range     [1e+00, 1e+00]
  RHS range        [1e+00, 1e+02]

User MIP start produced solution with objective 186141 (0.17s)
Loaded user MIP start with objective 186141
MIP start from previous solve did not produce a new incumbent solution

Presolve removed 547488 rows and 283660 columns
Presolve time: 0.20s
Presolved: 1218 rows, 1103 columns, 3463 nonzeros
Variable types: 0 continuous, 1103 integer (1103 binary)
Starting NoRel heuristic
Elapsed time for NoRel heuristic: 5s (best bound 183180)
Elapsed time for NoRel heuristic: 10s (best bound 183180)
Elapsed time for NoRel heuristic: 15s (best bound 183180)
Elapsed time for NoRel heuristic: 20s (best bound 183180)
Elapsed time for NoRel heuristic: 25s (best bound 183180)
Elapsed time for NoRel heuristic: 30s (best bound 183180)
Elapsed time for NoRel heuristic: 35s (best bound 183180)
Elapsed time for NoRel heuristic: 40s (best bound 183180)
Elapsed time for NoRel heuristic: 45s (best bound 183180)
Elapsed time for NoRel heuristic: 50s (best bound 183180)
Elapsed time for NoRel heuristic: 55s (best bound 183180)
Elapsed time for NoRel heuristic: 60s (best bound 183180)
Elapsed time for NoRel heuristic: 65s (best bound 183180)
Elapsed time for NoRel heuristic: 71s (best bound 183180)
Elapsed time for NoRel heuristic: 76s (best bound 183180)
Elapsed time for NoRel heuristic: 81s (best bound 183180)
Elapsed time for NoRel heuristic: 86s (best bound 183180)
Elapsed time for NoRel heuristic: 91s (best bound 183180)
Elapsed time for NoRel heuristic: 96s (best bound 183180)
Elapsed time for NoRel heuristic: 101s (best bound 183180)
Elapsed time for NoRel heuristic: 106s (best bound 183180)
Elapsed time for NoRel heuristic: 111s (best bound 183180)
Elapsed time for NoRel heuristic: 116s (best bound 183180)
Elapsed time for NoRel heuristic: 121s (best bound 183180)
Elapsed time for NoRel heuristic: 126s (best bound 183180)
Elapsed time for NoRel heuristic: 131s (best bound 183180)
Elapsed time for NoRel heuristic: 136s (best bound 183180)
Elapsed time for NoRel heuristic: 141s (best bound 183180)
Elapsed time for NoRel heuristic: 146s (best bound 183180)
Elapsed time for NoRel heuristic: 151s (best bound 183180)
Elapsed time for NoRel heuristic: 156s (best bound 183180)
Elapsed time for NoRel heuristic: 161s (best bound 183180)
Elapsed time for NoRel heuristic: 166s (best bound 183180)
Elapsed time for NoRel heuristic: 171s (best bound 183180)
Elapsed time for NoRel heuristic: 176s (best bound 183180)
Elapsed time for NoRel heuristic: 181s (best bound 183180)
Elapsed time for NoRel heuristic: 186s (best bound 183180)
Elapsed time for NoRel heuristic: 191s (best bound 183180)
Elapsed time for NoRel heuristic: 196s (best bound 183180)
Elapsed time for NoRel heuristic: 201s (best bound 183180)
Elapsed time for NoRel heuristic: 206s (best bound 183180)
Elapsed time for NoRel heuristic: 211s (best bound 183180)
Elapsed time for NoRel heuristic: 217s (best bound 183180)
Elapsed time for NoRel heuristic: 222s (best bound 183180)
Elapsed time for NoRel heuristic: 227s (best bound 183180)
Elapsed time for NoRel heuristic: 232s (best bound 183180)
Elapsed time for NoRel heuristic: 237s (best bound 183180)
Elapsed time for NoRel heuristic: 242s (best bound 183180)
Elapsed time for NoRel heuristic: 247s (best bound 183180)
Elapsed time for NoRel heuristic: 252s (best bound 183180)
Elapsed time for NoRel heuristic: 257s (best bound 183180)
Elapsed time for NoRel heuristic: 262s (best bound 183180)
Elapsed time for NoRel heuristic: 267s (best bound 183180)
Elapsed time for NoRel heuristic: 272s (best bound 183180)
Elapsed time for NoRel heuristic: 277s (best bound 183180)
Elapsed time for NoRel heuristic: 282s (best bound 183180)
Elapsed time for NoRel heuristic: 287s (best bound 183180)
Elapsed time for NoRel heuristic: 292s (best bound 183180)
Elapsed time for NoRel heuristic: 297s (best bound 183180)

Root simplex log...

Iteration    Objective       Primal Inf.    Dual Inf.      Time
       0    1.8293050e+05   7.800000e+01   0.000000e+00    300s

Root relaxation: cutoff, 161 iterations, 0.00 seconds (0.00 work units)

    Nodes    |    Current Node    |     Objective Bounds      |     Work
 Expl Unexpl |  Obj  Depth IntInf | Incumbent    BestBd   Gap | It/Node Time

     0     0     cutoff    0      186141.000 186141.000  0.00%     -  300s

Explored 1 nodes (161 simplex iterations) in 300.45 seconds (241.41 work units)
Thread count was 10 (of 10 available processors)

Solution count 1: 186141 

Optimal solution found (tolerance 1.00e-04)
Best objective 1.861410000000e+05, best bound 1.861410000000e+05, gap 0.0000%
Solução ótima encontrada.
Set parameter TimeLimit to value 25200
Set parameter TimeLimit to value 1.2229432325124741e+04
Gurobi Optimizer version 10.0.2 build v10.0.2rc0 (mac64[arm])

CPU model: Apple M5
Thread count: 10 physical cores, 10 logical processors, using up to 10 threads

Optimize a model with 548706 rows, 284763 columns and 1341935 nonzeros
Model fingerprint: 0xbf45c920
Variable types: 0 continuous, 284763 integer (264707 binary)
Coefficient statistics:
  Matrix range     [1e+00, 8e+01]
  Objective range  [5e-01, 2e+03]
  Bounds range     [1e+00, 1e+00]
  RHS range        [1e+00, 1e+02]

User MIP start produced solution with objective 186141 (0.13s)
Loaded user MIP start with objective 186141
MIP start from previous solve did not produce a new incumbent solution

Presolve removed 545380 rows and 281812 columns
Presolve time: 0.16s
Presolved: 3326 rows, 2951 columns, 9402 nonzeros
Variable types: 0 continuous, 2951 integer (2951 binary)
Starting NoRel heuristic
NoRel heuristic complete

Explored 0 nodes (0 simplex iterations) in 0.31 seconds (0.82 work units)
Thread count was 10 (of 10 available processors)

Solution count 1: 186141 

Optimal solution found (tolerance 1.00e-04)
Best objective 1.861410000000e+05, best bound 1.861410000000e+05, gap 0.0000%
Solução ótima encontrada.
Set parameter TimeLimit to value 25200
Set parameter TimeLimit to value 1.2228716969966888e+04
Gurobi Optimizer version 10.0.2 build v10.0.2rc0 (mac64[arm])

CPU model: Apple M5
Thread count: 10 physical cores, 10 logical processors, using up to 10 threads

Optimize a model with 548706 rows, 284763 columns and 1341935 nonzeros
Model fingerprint: 0xef317ea4
Variable types: 0 continuous, 284763 integer (264707 binary)
Coefficient statistics:
  Matrix range     [1e+00, 8e+01]
  Objective range  [5e-01, 2e+03]
  Bounds range     [1e+00, 1e+00]
  RHS range        [1e+00, 1e+02]

User MIP start produced solution with objective 186141 (0.10s)
Loaded user MIP start with objective 186141
MIP start from previous solve did not produce a new incumbent solution

Presolve removed 542413 rows and 279540 columns
Presolve time: 0.17s
Presolved: 6293 rows, 5223 columns, 17774 nonzeros
Variable types: 0 continuous, 5223 integer (5223 binary)
Starting NoRel heuristic
Elapsed time for NoRel heuristic: 5s (best bound 185992)
Elapsed time for NoRel heuristic: 10s (best bound 185992)
Elapsed time for NoRel heuristic: 16s (best bound 185992)
Elapsed time for NoRel heuristic: 21s (best bound 185992)
Elapsed time for NoRel heuristic: 27s (best bound 185992)
Elapsed time for NoRel heuristic: 32s (best bound 185992)
Elapsed time for NoRel heuristic: 37s (best bound 185992)
Elapsed time for NoRel heuristic: 42s (best bound 185992)
Elapsed time for NoRel heuristic: 48s (best bound 185992)
Elapsed time for NoRel heuristic: 53s (best bound 185992)
Elapsed time for NoRel heuristic: 59s (best bound 185992)
Elapsed time for NoRel heuristic: 64s (best bound 185992)
Elapsed time for NoRel heuristic: 70s (best bound 185992)
Elapsed time for NoRel heuristic: 75s (best bound 185992)
Elapsed time for NoRel heuristic: 81s (best bound 185992)
Elapsed time for NoRel heuristic: 86s (best bound 185992)
Elapsed time for NoRel heuristic: 92s (best bound 185992)
Elapsed time for NoRel heuristic: 97s (best bound 185992)
Elapsed time for NoRel heuristic: 103s (best bound 185992)
Elapsed time for NoRel heuristic: 108s (best bound 185992)
Elapsed time for NoRel heuristic: 113s (best bound 185992)
Elapsed time for NoRel heuristic: 119s (best bound 185992)
Elapsed time for NoRel heuristic: 124s (best bound 185992)
Elapsed time for NoRel heuristic: 130s (best bound 185992)
Elapsed time for NoRel heuristic: 135s (best bound 185992)
Elapsed time for NoRel heuristic: 140s (best bound 185992)
Elapsed time for NoRel heuristic: 146s (best bound 185992)
Elapsed time for NoRel heuristic: 152s (best bound 185992)
Elapsed time for NoRel heuristic: 157s (best bound 185992)
Elapsed time for NoRel heuristic: 163s (best bound 185992)
Elapsed time for NoRel heuristic: 168s (best bound 185992)
Elapsed time for NoRel heuristic: 173s (best bound 185992)
Elapsed time for NoRel heuristic: 179s (best bound 185992)
Elapsed time for NoRel heuristic: 185s (best bound 185992)
Elapsed time for NoRel heuristic: 190s (best bound 185992)
Elapsed time for NoRel heuristic: 195s (best bound 185992)
Elapsed time for NoRel heuristic: 201s (best bound 185992)
Elapsed time for NoRel heuristic: 206s (best bound 185992)
Elapsed time for NoRel heuristic: 212s (best bound 185992)
Elapsed time for NoRel heuristic: 217s (best bound 185992)
Elapsed time for NoRel heuristic: 223s (best bound 185992)
Elapsed time for NoRel heuristic: 228s (best bound 185992)
Elapsed time for NoRel heuristic: 234s (best bound 185992)
Elapsed time for NoRel heuristic: 240s (best bound 185992)
Elapsed time for NoRel heuristic: 245s (best bound 185992)
Elapsed time for NoRel heuristic: 250s (best bound 185992)
Elapsed time for NoRel heuristic: 256s (best bound 185992)
Elapsed time for NoRel heuristic: 261s (best bound 185992)
Elapsed time for NoRel heuristic: 267s (best bound 185992)
Elapsed time for NoRel heuristic: 272s (best bound 185992)
Elapsed time for NoRel heuristic: 278s (best bound 185992)
Elapsed time for NoRel heuristic: 283s (best bound 185992)
Elapsed time for NoRel heuristic: 289s (best bound 185992)
Elapsed time for NoRel heuristic: 294s (best bound 185992)
Elapsed time for NoRel heuristic: 300s (best bound 185992)

Root simplex log...

Iteration    Objective       Primal Inf.    Dual Inf.      Time
       0    1.7806900e+05   2.030000e+02   0.000000e+00    301s
    1692    1.8613600e+05   0.000000e+00   0.000000e+00    301s

Root relaxation: objective 1.861360e+05, 1692 iterations, 0.05 seconds (0.04 work units)

    Nodes    |    Current Node    |     Objective Bounds      |     Work
 Expl Unexpl |  Obj  Depth IntInf | Incumbent    BestBd   Gap | It/Node Time

     0     0 186136.000    0  108 186141.000 186136.000  0.00%     -  300s

Explored 1 nodes (2270 simplex iterations) in 300.85 seconds (284.66 work units)
Thread count was 10 (of 10 available processors)

Solution count 1: 186141 

Optimal solution found (tolerance 1.00e-04)
Best objective 1.861410000000e+05, best bound 1.861360000000e+05, gap 0.0027%
Solução ótima encontrada.
Set parameter TimeLimit to value 25200
Set parameter TimeLimit to value 1.1927488885164261e+04
Gurobi Optimizer version 10.0.2 build v10.0.2rc0 (mac64[arm])

CPU model: Apple M5
Thread count: 10 physical cores, 10 logical processors, using up to 10 threads

Optimize a model with 548706 rows, 284763 columns and 1341935 nonzeros
Model fingerprint: 0xc3417dd4
Variable types: 0 continuous, 284763 integer (264707 binary)
Coefficient statistics:
  Matrix range     [1e+00, 8e+01]
  Objective range  [5e-01, 2e+03]
  Bounds range     [1e+00, 1e+00]
  RHS range        [1e+00, 1e+02]

User MIP start produced solution with objective 186141 (0.14s)
Loaded user MIP start with objective 186141
MIP start from previous solve did not produce a new incumbent solution

Presolve removed 535986 rows and 274710 columns
Presolve time: 0.22s
Presolved: 12720 rows, 10053 columns, 36672 nonzeros
Variable types: 0 continuous, 10053 integer (10053 binary)
Starting NoRel heuristic
Elapsed time for NoRel heuristic: 5s (best bound 184524)
Elapsed time for NoRel heuristic: 11s (best bound 185801)
Elapsed time for NoRel heuristic: 17s (best bound 185870)
Found heuristic solution: objective 186139.00000
Elapsed time for NoRel heuristic: 23s (best bound 185870)
Elapsed time for NoRel heuristic: 30s (best bound 185870)
Elapsed time for NoRel heuristic: 35s (best bound 185870)
Elapsed time for NoRel heuristic: 46s (best bound 185870)
Elapsed time for NoRel heuristic: 54s (best bound 185870)
Elapsed time for NoRel heuristic: 64s (best bound 185870)
Elapsed time for NoRel heuristic: 72s (best bound 185870)
Elapsed time for NoRel heuristic: 85s (best bound 185870)
Elapsed time for NoRel heuristic: 98s (best bound 185870)
Elapsed time for NoRel heuristic: 113s (best bound 185870)
Elapsed time for NoRel heuristic: 128s (best bound 185870)
Elapsed time for NoRel heuristic: 143s (best bound 185870)
Elapsed time for NoRel heuristic: 165s (best bound 185870)
Elapsed time for NoRel heuristic: 182s (best bound 185870)
Elapsed time for NoRel heuristic: 207s (best bound 185870)
Elapsed time for NoRel heuristic: 230s (best bound 185870)
Elapsed time for NoRel heuristic: 242s (best bound 185870)
Elapsed time for NoRel heuristic: 252s (best bound 185870)
Elapsed time for NoRel heuristic: 268s (best bound 185870)
Elapsed time for NoRel heuristic: 282s (best bound 185870)
Elapsed time for NoRel heuristic: 298s (best bound 185870)
Elapsed time for NoRel heuristic: 357s (best bound 185870)

Root simplex log...

Iteration    Objective       Primal Inf.    Dual Inf.      Time
       0    1.7577700e+05   4.920000e+02   0.000000e+00    357s
    8823    1.8587025e+05   0.000000e+00   0.000000e+00    357s

Root relaxation: objective 1.858702e+05, 8823 iterations, 0.37 seconds (1.02 work units)

    Nodes    |    Current Node    |     Objective Bounds      |     Work
 Expl Unexpl |  Obj  Depth IntInf | Incumbent    BestBd   Gap | It/Node Time

     0     0 185870.250    0  424 186139.000 185870.250  0.14%     -  357s
     0     0 185901.958    0  982 186139.000 185901.958  0.13%     -  358s
     0     0 185901.958    0  330 186139.000 185901.958  0.13%     -  358s
     0     0 185907.500    0  678 186139.000 185907.500  0.12%     -  358s
     0     0 185909.143    0  675 186139.000 185909.143  0.12%     -  358s
     0     0 185909.167    0  644 186139.000 185909.167  0.12%     -  358s
     0     0 185952.867    0  429 186139.000 185952.867  0.10%     -  358s
     0     0 185952.867    0  124 186139.000 185952.867  0.10%     -  359s
     0     0 185952.867    0  240 186139.000 185952.867  0.10%     -  359s
     0     0 185952.867    0  135 186139.000 185952.867  0.10%     -  359s
     0     0 185953.700    0  113 186139.000 185953.700  0.10%     -  359s
     0     0 185959.000    0  112 186139.000 185959.000  0.10%     -  359s
     0     0 185964.400    0  144 186139.000 185964.400  0.09%     -  359s
     0     0 185964.400    0  144 186139.000 185964.400  0.09%     -  359s
     0     0 185979.500    0  106 186139.000 185979.500  0.09%     -  359s
     0     0 185984.900    0  141 186139.000 185984.900  0.08%     -  359s
     0     0 185985.067    0  154 186139.000 185985.067  0.08%     -  359s
     0     0 185988.233    0  167 186139.000 185988.233  0.08%     -  359s
     0     0 185988.400    0  166 186139.000 185988.400  0.08%     -  359s
     0     0 185989.580    0  191 186139.000 185989.580  0.08%     -  359s
     0     2 185989.585    0  188 186139.000 185989.585  0.08%     -  359s

Cutting planes:
  Gomory: 1
  Lift-and-project: 4
  Implied bound: 6
  Clique: 55
  MIR: 1
  Zero half: 28
  RLT: 70
  BQP: 41

Explored 214 nodes (58867 simplex iterations) in 359.57 seconds (304.96 work units)
Thread count was 10 (of 10 available processors)

Solution count 2: 186139 186141 

Optimal solution found (tolerance 1.00e-04)
Best objective 1.861390000000e+05, best bound 1.861390000000e+05, gap 0.0000%
Solução ótima encontrada.
Set parameter TimeLimit to value 25200
Set parameter TimeLimit to value 1.1567495192050934e+04
Gurobi Optimizer version 10.0.2 build v10.0.2rc0 (mac64[arm])

CPU model: Apple M5
Thread count: 10 physical cores, 10 logical processors, using up to 10 threads

Optimize a model with 548706 rows, 284763 columns and 1341935 nonzeros
Model fingerprint: 0x889c44e0
Variable types: 0 continuous, 284763 integer (264707 binary)
Coefficient statistics:
  Matrix range     [1e+00, 8e+01]
  Objective range  [5e-01, 2e+03]
  Bounds range     [1e+00, 1e+00]
  RHS range        [1e+00, 1e+02]

User MIP start produced solution with objective 186139 (0.12s)
Loaded user MIP start with objective 186139
MIP start from previous solve did not produce a new incumbent solution

Presolve removed 543556 rows and 280340 columns
Presolve time: 0.19s
Presolved: 5150 rows, 4423 columns, 14632 nonzeros
Variable types: 0 continuous, 4423 integer (4423 binary)
Starting NoRel heuristic
Elapsed time for NoRel heuristic: 5s (best bound 180359)
Elapsed time for NoRel heuristic: 11s (best bound 180359)
Elapsed time for NoRel heuristic: 16s (best bound 180359)
Elapsed time for NoRel heuristic: 22s (best bound 180359)
Elapsed time for NoRel heuristic: 27s (best bound 180359)
Elapsed time for NoRel heuristic: 32s (best bound 180359)
Elapsed time for NoRel heuristic: 38s (best bound 180359)
Elapsed time for NoRel heuristic: 45s (best bound 180359)
Elapsed time for NoRel heuristic: 52s (best bound 180359)
Elapsed time for NoRel heuristic: 57s (best bound 180359)
Elapsed time for NoRel heuristic: 62s (best bound 180359)
Elapsed time for NoRel heuristic: 67s (best bound 180359)
Elapsed time for NoRel heuristic: 72s (best bound 180359)
Elapsed time for NoRel heuristic: 77s (best bound 180359)
Elapsed time for NoRel heuristic: 83s (best bound 180359)
Elapsed time for NoRel heuristic: 88s (best bound 180359)
Elapsed time for NoRel heuristic: 94s (best bound 180359)
Elapsed time for NoRel heuristic: 99s (best bound 180359)
Elapsed time for NoRel heuristic: 104s (best bound 180359)
Elapsed time for NoRel heuristic: 109s (best bound 180359)
Elapsed time for NoRel heuristic: 115s (best bound 180359)
Elapsed time for NoRel heuristic: 120s (best bound 180359)
Elapsed time for NoRel heuristic: 125s (best bound 180359)
Elapsed time for NoRel heuristic: 130s (best bound 180359)
Elapsed time for NoRel heuristic: 135s (best bound 180359)
Elapsed time for NoRel heuristic: 140s (best bound 180359)
Elapsed time for NoRel heuristic: 145s (best bound 180359)
Elapsed time for NoRel heuristic: 150s (best bound 180359)
Elapsed time for NoRel heuristic: 156s (best bound 180359)
Elapsed time for NoRel heuristic: 161s (best bound 180359)
Elapsed time for NoRel heuristic: 166s (best bound 180359)
Elapsed time for NoRel heuristic: 171s (best bound 180359)
Elapsed time for NoRel heuristic: 176s (best bound 180359)
Elapsed time for NoRel heuristic: 181s (best bound 180359)
Elapsed time for NoRel heuristic: 187s (best bound 180359)
Elapsed time for NoRel heuristic: 192s (best bound 180359)
Elapsed time for NoRel heuristic: 197s (best bound 180359)
Elapsed time for NoRel heuristic: 202s (best bound 180359)
Elapsed time for NoRel heuristic: 207s (best bound 180359)
Elapsed time for NoRel heuristic: 212s (best bound 180359)
Elapsed time for NoRel heuristic: 218s (best bound 180359)
Elapsed time for NoRel heuristic: 223s (best bound 180359)
Elapsed time for NoRel heuristic: 228s (best bound 180359)
Elapsed time for NoRel heuristic: 233s (best bound 180359)
Elapsed time for NoRel heuristic: 238s (best bound 180359)
Elapsed time for NoRel heuristic: 243s (best bound 180359)
Elapsed time for NoRel heuristic: 248s (best bound 180359)
Elapsed time for NoRel heuristic: 254s (best bound 180359)
Elapsed time for NoRel heuristic: 259s (best bound 180359)
Elapsed time for NoRel heuristic: 264s (best bound 180359)
Elapsed time for NoRel heuristic: 269s (best bound 180359)
Elapsed time for NoRel heuristic: 274s (best bound 180359)
Elapsed time for NoRel heuristic: 279s (best bound 180359)
Elapsed time for NoRel heuristic: 284s (best bound 180359)
Elapsed time for NoRel heuristic: 290s (best bound 180359)
Elapsed time for NoRel heuristic: 295s (best bound 180359)
Elapsed time for NoRel heuristic: 300s (best bound 180359)

Root simplex log...

Iteration    Objective       Primal Inf.    Dual Inf.      Time
       0    1.8010400e+05   1.700000e+02   0.000000e+00    301s
     819    1.8611400e+05   0.000000e+00   0.000000e+00    301s

Root relaxation: objective 1.861140e+05, 819 iterations, 0.02 seconds (0.02 work units)

    Nodes    |    Current Node    |     Objective Bounds      |     Work
 Expl Unexpl |  Obj  Depth IntInf | Incumbent    BestBd   Gap | It/Node Time

     0     0 186114.000    0  170 186139.000 186114.000  0.01%     -  301s
     0     0 186114.000    0  170 186139.000 186114.000  0.01%     -  301s
     0     0 186114.000    0   45 186139.000 186114.000  0.01%     -  301s
     0     0 186116.500    0   79 186139.000 186116.500  0.01%     -  301s
     0     0 186119.000    0   59 186139.000 186119.000  0.01%     -  301s
     0     0 186119.000    0   84 186139.000 186119.000  0.01%     -  301s
     0     0 186120.250    0   90 186139.000 186120.250  0.01%     -  301s

Cutting planes:
  MIR: 1
  Zero half: 16
  RLT: 7
  BQP: 3

Explored 1 nodes (1739 simplex iterations) in 301.19 seconds (271.64 work units)
Thread count was 10 (of 10 available processors)

Solution count 1: 186139 

Optimal solution found (tolerance 1.00e-04)
Best objective 1.861390000000e+05, best bound 1.861205000000e+05, gap 0.0099%
Solução ótima encontrada.
Set parameter TimeLimit to value 25200
Set parameter TimeLimit to value 1.1265865843057632e+04
Gurobi Optimizer version 10.0.2 build v10.0.2rc0 (mac64[arm])

CPU model: Apple M5
Thread count: 10 physical cores, 10 logical processors, using up to 10 threads

Optimize a model with 548706 rows, 284763 columns and 1341935 nonzeros
Model fingerprint: 0x316abc87
Variable types: 0 continuous, 284763 integer (264707 binary)
Coefficient statistics:
  Matrix range     [1e+00, 8e+01]
  Objective range  [5e-01, 2e+03]
  Bounds range     [1e+00, 1e+00]
  RHS range        [1e+00, 1e+02]

User MIP start produced solution with objective 186139 (0.13s)
Loaded user MIP start with objective 186139
MIP start from previous solve did not produce a new incumbent solution

Presolve removed 530444 rows and 271224 columns
Presolve time: 0.25s
Presolved: 18262 rows, 13539 columns, 52202 nonzeros
Variable types: 0 continuous, 13539 integer (13539 binary)
Starting NoRel heuristic
Elapsed time for NoRel heuristic: 5s (best bound 185788)
Elapsed time for NoRel heuristic: 10s (best bound 185954)
Elapsed time for NoRel heuristic: 16s (best bound 185965)
Elapsed time for NoRel heuristic: 21s (best bound 185965)
Elapsed time for NoRel heuristic: 27s (best bound 185965)
Elapsed time for NoRel heuristic: 37s (best bound 185965)
Elapsed time for NoRel heuristic: 43s (best bound 185965)
Elapsed time for NoRel heuristic: 49s (best bound 185965)
Elapsed time for NoRel heuristic: 57s (best bound 185965)
Elapsed time for NoRel heuristic: 65s (best bound 185965)
Elapsed time for NoRel heuristic: 78s (best bound 185965)
Elapsed time for NoRel heuristic: 83s (best bound 185965)
Elapsed time for NoRel heuristic: 89s (best bound 185965)
Elapsed time for NoRel heuristic: 98s (best bound 185965)
Elapsed time for NoRel heuristic: 104s (best bound 185965)
Elapsed time for NoRel heuristic: 114s (best bound 185965)
Elapsed time for NoRel heuristic: 120s (best bound 185965)
Elapsed time for NoRel heuristic: 127s (best bound 185965)
Elapsed time for NoRel heuristic: 137s (best bound 185965)
Elapsed time for NoRel heuristic: 144s (best bound 185965)
Elapsed time for NoRel heuristic: 154s (best bound 185965)
Elapsed time for NoRel heuristic: 161s (best bound 185965)
Elapsed time for NoRel heuristic: 171s (best bound 185965)
Elapsed time for NoRel heuristic: 179s (best bound 185965)
Elapsed time for NoRel heuristic: 187s (best bound 185965)
Elapsed time for NoRel heuristic: 197s (best bound 185965)
Elapsed time for NoRel heuristic: 205s (best bound 185965)
Elapsed time for NoRel heuristic: 215s (best bound 185965)
Elapsed time for NoRel heuristic: 224s (best bound 185965)
Elapsed time for NoRel heuristic: 234s (best bound 185965)
Elapsed time for NoRel heuristic: 243s (best bound 185965)
Elapsed time for NoRel heuristic: 253s (best bound 185965)
Elapsed time for NoRel heuristic: 262s (best bound 185965)
Elapsed time for NoRel heuristic: 272s (best bound 185965)
Elapsed time for NoRel heuristic: 281s (best bound 185965)
Elapsed time for NoRel heuristic: 292s (best bound 185965)
Elapsed time for NoRel heuristic: 302s (best bound 185965)

Root simplex log...

Iteration    Objective       Primal Inf.    Dual Inf.      Time
       0    1.6977150e+05   5.610000e+02   0.000000e+00    302s
   10461    1.8596533e+05   0.000000e+00   0.000000e+00    302s

Root relaxation: objective 1.859653e+05, 10461 iterations, 0.41 seconds (0.66 work units)

    Nodes    |    Current Node    |     Objective Bounds      |     Work
 Expl Unexpl |  Obj  Depth IntInf | Incumbent    BestBd   Gap | It/Node Time

     0     0 185965.333    0  514 186139.000 185965.333  0.09%     -  302s
     0     0 185965.333    0  514 186139.000 185965.333  0.09%     -  302s
     0     0 185965.333    0  374 186139.000 185965.333  0.09%     -  302s
     0     0 186133.250    0  234 186139.000 186133.250  0.00%     -  302s

Cutting planes:
  Gomory: 2
  MIR: 1
  Zero half: 29
  RLT: 10
  BQP: 48

Explored 1 nodes (17219 simplex iterations) in 302.60 seconds (294.27 work units)
Thread count was 10 (of 10 available processors)

Solution count 1: 186139 

Optimal solution found (tolerance 1.00e-04)
Best objective 1.861390000000e+05, best bound 1.861335000000e+05, gap 0.0030%
Solução ótima encontrada.
Set parameter TimeLimit to value 25200
Set parameter TimeLimit to value 1.0962869076967239e+04
Gurobi Optimizer version 10.0.2 build v10.0.2rc0 (mac64[arm])

CPU model: Apple M5
Thread count: 10 physical cores, 10 logical processors, using up to 10 threads

Optimize a model with 548706 rows, 284763 columns and 1341935 nonzeros
Model fingerprint: 0x8ff90873
Variable types: 0 continuous, 284763 integer (264707 binary)
Coefficient statistics:
  Matrix range     [1e+00, 8e+01]
  Objective range  [5e-01, 2e+03]
  Bounds range     [1e+00, 1e+00]
  RHS range        [1e+00, 1e+02]

User MIP start produced solution with objective 186139 (0.12s)
Loaded user MIP start with objective 186139
MIP start from previous solve did not produce a new incumbent solution

Presolve removed 528012 rows and 268104 columns
Presolve time: 0.25s
Presolved: 20694 rows, 16659 columns, 60277 nonzeros
Variable types: 0 continuous, 16659 integer (16659 binary)
Starting NoRel heuristic
Elapsed time for NoRel heuristic: 5s (best bound 184300)
Elapsed time for NoRel heuristic: 11s (best bound 185749)
Found heuristic solution: objective 186119.00000
Elapsed time for NoRel heuristic: 18s (best bound 185989)
Elapsed time for NoRel heuristic: 23s (best bound 185994)
Elapsed time for NoRel heuristic: 30s (best bound 185994)
Elapsed time for NoRel heuristic: 41s (best bound 185994)
Elapsed time for NoRel heuristic: 47s (best bound 185994)
Found heuristic solution: objective 186117.50000
Elapsed time for NoRel heuristic: 55s (best bound 185994)
Found heuristic solution: objective 186113.00000
Elapsed time for NoRel heuristic: 61s (best bound 185994)
Found heuristic solution: objective 186109.00000
Elapsed time for NoRel heuristic: 67s (best bound 185994)
Elapsed time for NoRel heuristic: 74s (best bound 185994)
Elapsed time for NoRel heuristic: 91s (best bound 185994)
Found heuristic solution: objective 186107.50000
Elapsed time for NoRel heuristic: 107s (best bound 185994)
Elapsed time for NoRel heuristic: 116s (best bound 185994)
Elapsed time for NoRel heuristic: 122s (best bound 185994)
Found heuristic solution: objective 186105.50000
Elapsed time for NoRel heuristic: 142s (best bound 185994)
Elapsed time for NoRel heuristic: 152s (best bound 185994)
Elapsed time for NoRel heuristic: 165s (best bound 185994)
Elapsed time for NoRel heuristic: 172s (best bound 185994)
Elapsed time for NoRel heuristic: 199s (best bound 185994)
Elapsed time for NoRel heuristic: 233s (best bound 185994)
Elapsed time for NoRel heuristic: 268s (best bound 185994)
Elapsed time for NoRel heuristic: 302s (best bound 185994)

Root simplex log...

Iteration    Objective       Primal Inf.    Dual Inf.      Time
       0    1.6858200e+05   6.450000e+02   0.000000e+00    303s
   10327    1.8599400e+05   0.000000e+00   0.000000e+00    303s

Root relaxation: objective 1.859940e+05, 10327 iterations, 0.52 seconds (1.45 work units)

    Nodes    |    Current Node    |     Objective Bounds      |     Work
 Expl Unexpl |  Obj  Depth IntInf | Incumbent    BestBd   Gap | It/Node Time

     0     0 185994.000    0  344 186105.500 185994.000  0.06%     -  303s
     0     0 185994.000    0  344 186105.500 185994.000  0.06%     -  303s
     0     0 185994.000    0  156 186105.500 185994.000  0.06%     -  303s
     0     0 185994.000    0  316 186105.500 185994.000  0.06%     -  303s
     0     0 185996.167    0  218 186105.500 185996.167  0.06%     -  303s
     0     0 185998.333    0  325 186105.500 185998.333  0.06%     -  303s
     0     0 185998.750    0  292 186105.500 185998.750  0.06%     -  303s
     0     0 185998.750    0  285 186105.500 185998.750  0.06%     -  303s
     0     0 186000.000    0  222 186105.500 186000.000  0.06%     -  303s
     0     0 186000.000    0  218 186105.500 186000.000  0.06%     -  303s
     0     0 186000.000    0  156 186105.500 186000.000  0.06%     -  303s
     0     2 186000.500    0  146 186105.500 186000.500  0.06%     -  303s
   309   187     cutoff   24      186105.500 186000.500  0.06%  83.3  305s
   695   396 186074.333   24   69 186105.500 186000.500  0.06%  72.4  311s
  1046   578 186004.125   15  275 186105.500 186000.500  0.06%  69.8  315s
  2812  1440 186019.000   16  112 186105.500 186010.224  0.05%  73.8  320s
  3678  1633 186024.556   51  156 186105.500 186015.139  0.05%  80.1  326s
  6763  2358 186051.375   77  127 186105.500 186019.667  0.05%  85.5  330s
 21454  6024 186046.556   84  203 186105.500 186029.944  0.04%  82.9  335s
 34583  6865 186046.050   71  142 186105.500 186036.917  0.04%  82.9  340s
 46289  3507 infeasible   60      186105.500 186044.167  0.03%  84.3  345s

Cutting planes:
  Gomory: 6
  MIR: 3
  Flow cover: 5
  Inf proof: 2
  Zero half: 16
  RLT: 18
  BQP: 99

Explored 53823 nodes (4611957 simplex iterations) in 350.15 seconds (327.58 work units)
Thread count was 10 (of 10 available processors)

Solution count 7: 186106 186108 186109 ... 186139

Optimal solution found (tolerance 1.00e-04)
Best objective 1.861055000000e+05, best bound 1.861055000000e+05, gap 0.0000%
Solução ótima encontrada.
Set parameter TimeLimit to value 25200
Set parameter TimeLimit to value 1.0612366197109222e+04
Gurobi Optimizer version 10.0.2 build v10.0.2rc0 (mac64[arm])

CPU model: Apple M5
Thread count: 10 physical cores, 10 logical processors, using up to 10 threads

Optimize a model with 548706 rows, 284763 columns and 1341935 nonzeros
Model fingerprint: 0x2abe9757
Variable types: 0 continuous, 284763 integer (264707 binary)
Coefficient statistics:
  Matrix range     [1e+00, 8e+01]
  Objective range  [5e-01, 2e+03]
  Bounds range     [1e+00, 1e+00]
  RHS range        [1e+00, 1e+02]

User MIP start produced solution with objective 186106 (0.11s)
Loaded user MIP start with objective 186106
MIP start from previous solve did not produce a new incumbent solution

Presolve removed 534634 rows and 273290 columns
Presolve time: 0.21s
Presolved: 14072 rows, 11473 columns, 40866 nonzeros
Variable types: 0 continuous, 11473 integer (11473 binary)
Starting NoRel heuristic
Elapsed time for NoRel heuristic: 5s (best bound 185962)
Elapsed time for NoRel heuristic: 11s (best bound 185962)
Elapsed time for NoRel heuristic: 17s (best bound 185962)
Elapsed time for NoRel heuristic: 23s (best bound 185962)
Elapsed time for NoRel heuristic: 30s (best bound 185962)
Elapsed time for NoRel heuristic: 37s (best bound 185962)
Elapsed time for NoRel heuristic: 43s (best bound 185962)
Elapsed time for NoRel heuristic: 49s (best bound 185962)
Elapsed time for NoRel heuristic: 55s (best bound 185962)
Elapsed time for NoRel heuristic: 62s (best bound 185962)
Elapsed time for NoRel heuristic: 68s (best bound 185962)
Elapsed time for NoRel heuristic: 75s (best bound 185962)
Elapsed time for NoRel heuristic: 83s (best bound 185962)
Elapsed time for NoRel heuristic: 91s (best bound 185962)
Elapsed time for NoRel heuristic: 99s (best bound 185962)
Elapsed time for NoRel heuristic: 107s (best bound 185962)
Elapsed time for NoRel heuristic: 115s (best bound 185962)
Elapsed time for NoRel heuristic: 124s (best bound 185962)
Elapsed time for NoRel heuristic: 132s (best bound 185962)
Elapsed time for NoRel heuristic: 141s (best bound 185962)
Elapsed time for NoRel heuristic: 150s (best bound 185962)
Elapsed time for NoRel heuristic: 159s (best bound 185962)
Elapsed time for NoRel heuristic: 168s (best bound 185962)
Elapsed time for NoRel heuristic: 178s (best bound 185962)
Elapsed time for NoRel heuristic: 187s (best bound 185962)
Elapsed time for NoRel heuristic: 197s (best bound 185962)
Elapsed time for NoRel heuristic: 206s (best bound 185962)
Elapsed time for NoRel heuristic: 216s (best bound 185962)
Elapsed time for NoRel heuristic: 225s (best bound 185962)
Elapsed time for NoRel heuristic: 233s (best bound 185962)
Elapsed time for NoRel heuristic: 241s (best bound 185962)
Elapsed time for NoRel heuristic: 249s (best bound 185962)
Elapsed time for NoRel heuristic: 257s (best bound 185962)
Elapsed time for NoRel heuristic: 266s (best bound 185962)
Elapsed time for NoRel heuristic: 274s (best bound 185962)
Elapsed time for NoRel heuristic: 282s (best bound 185962)
Elapsed time for NoRel heuristic: 290s (best bound 185962)
Elapsed time for NoRel heuristic: 298s (best bound 185962)

Root simplex log...

Iteration    Objective       Primal Inf.    Dual Inf.      Time
       0    1.7208250e+05   4.920000e+02   0.000000e+00    302s
    4160    1.8596350e+05   0.000000e+00   0.000000e+00    302s

Root relaxation: objective 1.859635e+05, 4160 iterations, 0.14 seconds (0.15 work units)

    Nodes    |    Current Node    |     Objective Bounds      |     Work
 Expl Unexpl |  Obj  Depth IntInf | Incumbent    BestBd   Gap | It/Node Time

     0     0 185963.500    0  524 186105.500 185963.500  0.08%     -  302s
     0     0 186053.250    0  513 186105.500 186053.250  0.03%     -  302s
     0     0 186053.250    0  513 186105.500 186053.250  0.03%     -  302s
     0     0 186053.250    0  127 186105.500 186053.250  0.03%     -  302s

Cutting planes:
  Gomory: 2
  Clique: 27
  Zero half: 6
  RLT: 3
  BQP: 4

Explored 1 nodes (6598 simplex iterations) in 302.47 seconds (310.50 work units)
Thread count was 10 (of 10 available processors)

Solution count 1: 186106 

Optimal solution found (tolerance 1.00e-04)
Best objective 1.861055000000e+05, best bound 1.861055000000e+05, gap 0.0000%
Solução ótima encontrada.
Set parameter TimeLimit to value 25200
Set parameter TimeLimit to value 1.0309546605110168e+04
Gurobi Optimizer version 10.0.2 build v10.0.2rc0 (mac64[arm])

CPU model: Apple M5
Thread count: 10 physical cores, 10 logical processors, using up to 10 threads

Optimize a model with 548706 rows, 284763 columns and 1341935 nonzeros
Model fingerprint: 0xb8b20663
Variable types: 0 continuous, 284763 integer (264707 binary)
Coefficient statistics:
  Matrix range     [1e+00, 8e+01]
  Objective range  [5e-01, 2e+03]
  Bounds range     [1e+00, 1e+00]
  RHS range        [1e+00, 1e+02]

User MIP start produced solution with objective 186106 (0.13s)
Loaded user MIP start with objective 186106
MIP start from previous solve did not produce a new incumbent solution

Presolve removed 529607 rows and 269670 columns
Presolve time: 0.23s
Presolved: 19099 rows, 15093 columns, 54798 nonzeros
Variable types: 0 continuous, 15093 integer (15093 binary)
Starting NoRel heuristic
Elapsed time for NoRel heuristic: 5s (best bound 184752)
Elapsed time for NoRel heuristic: 12s (best bound 185519)
Elapsed time for NoRel heuristic: 17s (best bound 185575)
Elapsed time for NoRel heuristic: 24s (best bound 185575)
Elapsed time for NoRel heuristic: 33s (best bound 185575)
Elapsed time for NoRel heuristic: 42s (best bound 185575)
Elapsed time for NoRel heuristic: 53s (best bound 185575)
Elapsed time for NoRel heuristic: 62s (best bound 185575)
Elapsed time for NoRel heuristic: 77s (best bound 185575)
Elapsed time for NoRel heuristic: 87s (best bound 185575)
Elapsed time for NoRel heuristic: 100s (best bound 185575)
Elapsed time for NoRel heuristic: 120s (best bound 185575)
Elapsed time for NoRel heuristic: 137s (best bound 185575)
Elapsed time for NoRel heuristic: 162s (best bound 185575)
Elapsed time for NoRel heuristic: 180s (best bound 185575)
Elapsed time for NoRel heuristic: 204s (best bound 185575)
Elapsed time for NoRel heuristic: 243s (best bound 185575)
Elapsed time for NoRel heuristic: 274s (best bound 185575)
Elapsed time for NoRel heuristic: 320s (best bound 185575)

Root simplex log...

Iteration    Objective       Primal Inf.    Dual Inf.      Time
       0    1.6032200e+05   5.240000e+02   0.000000e+00    321s
   10836    1.8557492e+05   0.000000e+00   0.000000e+00    321s

Root relaxation: objective 1.855749e+05, 10836 iterations, 0.25 seconds (0.47 work units)

    Nodes    |    Current Node    |     Objective Bounds      |     Work
 Expl Unexpl |  Obj  Depth IntInf | Incumbent    BestBd   Gap | It/Node Time

     0     0 185574.917    0  925 186105.500 185574.917  0.29%     -  321s
     0     0 185584.844    0  923 186105.500 185584.844  0.28%     -  321s
     0     0 185584.844    0  923 186105.500 185584.844  0.28%     -  321s
     0     0 185584.844    0  830 186105.500 185584.844  0.28%     -  321s
     0     0 185801.125    0 1133 186105.500 185801.125  0.16%     -  322s
     0     0 185804.511    0 1165 186105.500 185804.511  0.16%     -  322s
     0     0 185804.571    0 1159 186105.500 185804.571  0.16%     -  322s
     0     0 185813.381    0 1106 186105.500 185813.381  0.16%     -  322s
     0     0 185813.460    0 1130 186105.500 185813.460  0.16%     -  322s
     0     0 185890.775    0  860 186105.500 185890.775  0.12%     -  322s
     0     0 185891.452    0  830 186105.500 185891.452  0.12%     -  322s
     0     0 185902.725    0  761 186105.500 185902.725  0.11%     -  322s
     0     0 185902.785    0  749 186105.500 185902.785  0.11%     -  322s
     0     0 185902.821    0  761 186105.500 185902.821  0.11%     -  322s
     0     0 185902.929    0  838 186105.500 185902.929  0.11%     -  322s
     0     0 185904.104    0  723 186105.500 185904.104  0.11%     -  322s
     0     0 185904.292    0  703 186105.500 185904.292  0.11%     -  322s
     0     0 185904.292    0  703 186105.500 185904.292  0.11%     -  322s
     0     0 185936.445    0 1011 186105.500 185936.445  0.09%     -  323s
     0     0 185936.445    0  686 186105.500 185936.445  0.09%     -  323s
     0     0 185936.445    0  915 186105.500 185936.445  0.09%     -  324s
     0     0 185936.445    0  872 186105.500 185936.445  0.09%     -  324s
     0     0 185943.885    0  617 186105.500 185943.885  0.09%     -  324s
     0     0 185952.529    0  839 186105.500 185952.529  0.08%     -  324s
     0     0 185953.520    0  848 186105.500 185953.520  0.08%     -  324s
     0     0 185954.482    0  685 186105.500 185954.482  0.08%     -  324s
     0     0 185998.444    0  904 186105.500 185998.444  0.06%     -  324s
     0     0 185998.519    0  895 186105.500 185998.519  0.06%     -  324s
     0     0 186003.824    0  978 186105.500 186003.824  0.05%     -  324s
     0     0 186005.304    0  863 186105.500 186005.304  0.05%     -  324s
     0     0 186005.561    0  887 186105.500 186005.561  0.05%     -  324s
     0     0 186005.711    0  957 186105.500 186005.711  0.05%     -  324s
     0     0 186005.711    0  964 186105.500 186005.711  0.05%     -  324s
     0     0 186017.004    0  858 186105.500 186017.004  0.05%     -  324s
     0     0 186017.693    0  875 186105.500 186017.693  0.05%     -  324s
     0     0 186018.780    0  864 186105.500 186018.780  0.05%     -  324s
     0     0 186024.774    0  831 186105.500 186024.774  0.04%     -  325s
     0     0 186026.073    0  811 186105.500 186026.073  0.04%     -  325s
     0     0 186026.073    0  817 186105.500 186026.073  0.04%     -  325s
     0     0 186026.086    0  789 186105.500 186026.086  0.04%     -  325s
     0     0 186026.344    0  797 186105.500 186026.344  0.04%     -  325s
     0     0 186026.406    0  796 186105.500 186026.406  0.04%     -  325s
     0     0 186026.410    0  802 186105.500 186026.410  0.04%     -  325s
     0     0 186029.725    0  790 186105.500 186029.725  0.04%     -  325s
     0     0 186029.725    0  791 186105.500 186029.725  0.04%     -  325s
     0     0 186029.774    0  814 186105.500 186029.774  0.04%     -  325s
     0     0 186031.335    0  951 186105.500 186031.335  0.04%     -  325s
     0     0 186031.356    0  880 186105.500 186031.356  0.04%     -  325s
     0     0 186031.925    0  842 186105.500 186031.925  0.04%     -  325s
     0     0 186032.008    0  871 186105.500 186032.008  0.04%     -  325s
     0     0 186032.008    0  873 186105.500 186032.008  0.04%     -  325s
     0     0 186035.500    0  159 186105.500 186035.500  0.04%     -  325s
     0     0 186035.500    0  169 186105.500 186035.500  0.04%     -  325s
     0     0 186035.500    0   39 186105.500 186035.500  0.04%     -  325s
     0     0 186035.500    0   39 186105.500 186035.500  0.04%     -  325s
     0     0 186038.000    0   51 186105.500 186038.000  0.04%     -  325s
     0     0 infeasible    0      186105.500 186105.500  0.00%     -  325s

Explored 1 nodes (60865 simplex iterations) in 325.75 seconds (319.20 work units)
Thread count was 10 (of 10 available processors)

Solution count 1: 186106 

Optimal solution found (tolerance 1.00e-04)
Best objective 1.861055000000e+05, best bound 1.861055000000e+05, gap 0.0000%
Solução ótima encontrada.
Set parameter TimeLimit to value 25200
Set parameter TimeLimit to value 9.9834485971927643e+03
Gurobi Optimizer version 10.0.2 build v10.0.2rc0 (mac64[arm])

CPU model: Apple M5
Thread count: 10 physical cores, 10 logical processors, using up to 10 threads

Optimize a model with 548706 rows, 284763 columns and 1341935 nonzeros
Model fingerprint: 0xa1e9c7f5
Variable types: 0 continuous, 284763 integer (264707 binary)
Coefficient statistics:
  Matrix range     [1e+00, 8e+01]
  Objective range  [5e-01, 2e+03]
  Bounds range     [1e+00, 1e+00]
  RHS range        [1e+00, 1e+02]

User MIP start produced solution with objective 186106 (0.11s)
Loaded user MIP start with objective 186106
MIP start from previous solve did not produce a new incumbent solution

Presolve removed 531658 rows and 270933 columns
Presolve time: 0.24s
Presolved: 17048 rows, 13830 columns, 50245 nonzeros
Variable types: 0 continuous, 13830 integer (13830 binary)
Starting NoRel heuristic
Elapsed time for NoRel heuristic: 5s (best bound 185291)
Elapsed time for NoRel heuristic: 11s (best bound 185291)
Elapsed time for NoRel heuristic: 16s (best bound 185291)
Elapsed time for NoRel heuristic: 21s (best bound 185291)
Elapsed time for NoRel heuristic: 28s (best bound 185291)
Elapsed time for NoRel heuristic: 39s (best bound 185291)
Elapsed time for NoRel heuristic: 49s (best bound 185291)
Elapsed time for NoRel heuristic: 59s (best bound 185291)
Elapsed time for NoRel heuristic: 66s (best bound 185291)
Elapsed time for NoRel heuristic: 74s (best bound 185291)
Elapsed time for NoRel heuristic: 89s (best bound 185291)
Elapsed time for NoRel heuristic: 102s (best bound 185291)
Elapsed time for NoRel heuristic: 120s (best bound 185291)
Elapsed time for NoRel heuristic: 135s (best bound 185291)
Elapsed time for NoRel heuristic: 151s (best bound 185291)
Elapsed time for NoRel heuristic: 179s (best bound 185291)
Elapsed time for NoRel heuristic: 203s (best bound 185291)
Elapsed time for NoRel heuristic: 236s (best bound 185291)
Elapsed time for NoRel heuristic: 256s (best bound 185291)
Elapsed time for NoRel heuristic: 282s (best bound 185291)
Elapsed time for NoRel heuristic: 310s (best bound 185291)

Root simplex log...

Iteration    Objective       Primal Inf.    Dual Inf.      Time
       0    1.7425750e+05   5.090000e+02   0.000000e+00    311s
    2702    1.8535321e+05   0.000000e+00   0.000000e+00    311s

Root relaxation: objective 1.853532e+05, 2702 iterations, 0.04 seconds (0.08 work units)

    Nodes    |    Current Node    |     Objective Bounds      |     Work
 Expl Unexpl |  Obj  Depth IntInf | Incumbent    BestBd   Gap | It/Node Time

     0     0 185353.214    0  613 186105.500 185353.214  0.40%     -  310s
     0     0 185512.917    0  698 186105.500 185512.917  0.32%     -  310s
     0     0 185530.250    0  490 186105.500 185530.250  0.31%     -  310s
     0     0 185530.250    0  489 186105.500 185530.250  0.31%     -  311s
     0     0 185552.500    0  579 186105.500 185552.500  0.30%     -  311s
     0     0 185552.500    0  398 186105.500 185552.500  0.30%     -  311s
     0     0 185667.167    0  579 186105.500 185667.167  0.24%     -  311s
     0     0 185681.750    0  591 186105.500 185681.750  0.23%     -  311s
     0     0 185682.167    0  452 186105.500 185682.167  0.23%     -  311s
     0     0 185682.167    0  406 186105.500 185682.167  0.23%     -  311s
     0     0 185735.500    0  258 186105.500 185735.500  0.20%     -  311s
     0     0 186065.500    0  292 186105.500 186065.500  0.02%     -  311s
     0     0 186074.667    0  515 186105.500 186074.667  0.02%     -  311s
     0     0 186074.667    0   86 186105.500 186074.667  0.02%     -  311s
     0     0 186074.667    0  129 186105.500 186074.667  0.02%     -  311s
     0     0 186075.500    0  117 186105.500 186075.500  0.02%     -  311s
     0     0 186075.500    0  124 186105.500 186075.500  0.02%     -  311s
     0     0 186084.167    0  115 186105.500 186084.167  0.01%     -  311s
     0     0 186084.167    0  114 186105.500 186084.167  0.01%     -  311s
     0     0 186085.500    0   92 186105.500 186085.500  0.01%     -  311s
     0     0 186085.500    0   91 186105.500 186085.500  0.01%     -  311s
     0     0 186086.333    0  132 186105.500 186086.333  0.01%     -  311s
     0     0 186086.333    0  125 186105.500 186086.333  0.01%     -  311s
     0     0 186088.000    0  111 186105.500 186088.000  0.01%     -  311s

Cutting planes:
  Gomory: 6
  Clique: 1
  MIR: 1
  Zero half: 21
  RLT: 8
  BQP: 17

Explored 1 nodes (16555 simplex iterations) in 311.83 seconds (257.57 work units)
Thread count was 10 (of 10 available processors)

Solution count 1: 186106 

Optimal solution found (tolerance 1.00e-04)
Best objective 1.861055000000e+05, best bound 1.860880000000e+05, gap 0.0094%
Solução ótima encontrada.
Set parameter TimeLimit to value 25200
Set parameter TimeLimit to value 9.6712600171566010e+03
Gurobi Optimizer version 10.0.2 build v10.0.2rc0 (mac64[arm])

CPU model: Apple M5
Thread count: 10 physical cores, 10 logical processors, using up to 10 threads

Optimize a model with 548706 rows, 284763 columns and 1341935 nonzeros
Model fingerprint: 0xe7f0f2b6
Variable types: 0 continuous, 284763 integer (264707 binary)
Coefficient statistics:
  Matrix range     [1e+00, 8e+01]
  Objective range  [5e-01, 2e+03]
  Bounds range     [1e+00, 1e+00]
  RHS range        [1e+00, 1e+02]

User MIP start produced solution with objective 186106 (0.14s)
Loaded user MIP start with objective 186106
MIP start from previous solve did not produce a new incumbent solution

Presolve removed 543016 rows and 279880 columns
Presolve time: 0.18s
Presolved: 5690 rows, 4883 columns, 16054 nonzeros
Variable types: 0 continuous, 4883 integer (4883 binary)
Starting NoRel heuristic
Elapsed time for NoRel heuristic: 5s (best bound 180088)
Elapsed time for NoRel heuristic: 10s (best bound 180088)
Elapsed time for NoRel heuristic: 16s (best bound 180088)
Elapsed time for NoRel heuristic: 21s (best bound 180088)
Elapsed time for NoRel heuristic: 26s (best bound 180088)
Elapsed time for NoRel heuristic: 31s (best bound 180088)
Elapsed time for NoRel heuristic: 37s (best bound 180088)
Elapsed time for NoRel heuristic: 42s (best bound 180088)
Elapsed time for NoRel heuristic: 47s (best bound 180088)
Elapsed time for NoRel heuristic: 52s (best bound 180088)
Elapsed time for NoRel heuristic: 58s (best bound 180088)
Elapsed time for NoRel heuristic: 63s (best bound 180088)
Elapsed time for NoRel heuristic: 68s (best bound 180088)
Elapsed time for NoRel heuristic: 74s (best bound 180088)
Elapsed time for NoRel heuristic: 79s (best bound 180088)
Elapsed time for NoRel heuristic: 84s (best bound 180088)
Elapsed time for NoRel heuristic: 89s (best bound 180088)
Elapsed time for NoRel heuristic: 95s (best bound 180088)
Elapsed time for NoRel heuristic: 100s (best bound 180088)
Elapsed time for NoRel heuristic: 105s (best bound 180088)
Elapsed time for NoRel heuristic: 111s (best bound 180088)
Elapsed time for NoRel heuristic: 116s (best bound 180088)
Elapsed time for NoRel heuristic: 121s (best bound 180088)
Elapsed time for NoRel heuristic: 126s (best bound 180088)
Elapsed time for NoRel heuristic: 132s (best bound 180088)
Elapsed time for NoRel heuristic: 137s (best bound 180088)
Elapsed time for NoRel heuristic: 142s (best bound 180088)
Elapsed time for NoRel heuristic: 148s (best bound 180088)
Elapsed time for NoRel heuristic: 153s (best bound 180088)
Elapsed time for NoRel heuristic: 158s (best bound 180088)
Elapsed time for NoRel heuristic: 163s (best bound 180088)
Elapsed time for NoRel heuristic: 169s (best bound 180088)
Elapsed time for NoRel heuristic: 174s (best bound 180088)
Elapsed time for NoRel heuristic: 179s (best bound 180088)
Elapsed time for NoRel heuristic: 185s (best bound 180088)
Elapsed time for NoRel heuristic: 190s (best bound 180088)
Elapsed time for NoRel heuristic: 195s (best bound 180088)
Elapsed time for NoRel heuristic: 200s (best bound 180088)
Elapsed time for NoRel heuristic: 206s (best bound 180088)
Elapsed time for NoRel heuristic: 211s (best bound 180088)
Elapsed time for NoRel heuristic: 216s (best bound 180088)
Elapsed time for NoRel heuristic: 222s (best bound 180088)
Elapsed time for NoRel heuristic: 227s (best bound 180088)
Elapsed time for NoRel heuristic: 232s (best bound 180088)
Elapsed time for NoRel heuristic: 238s (best bound 180088)
Elapsed time for NoRel heuristic: 243s (best bound 180088)
Elapsed time for NoRel heuristic: 248s (best bound 180088)
Elapsed time for NoRel heuristic: 253s (best bound 180088)
Elapsed time for NoRel heuristic: 259s (best bound 180088)
Elapsed time for NoRel heuristic: 264s (best bound 180088)
Elapsed time for NoRel heuristic: 269s (best bound 180088)
Elapsed time for NoRel heuristic: 275s (best bound 180088)
Elapsed time for NoRel heuristic: 280s (best bound 180088)
Elapsed time for NoRel heuristic: 285s (best bound 180088)
Elapsed time for NoRel heuristic: 290s (best bound 180088)
Elapsed time for NoRel heuristic: 296s (best bound 180088)

Root simplex log...

Iteration    Objective       Primal Inf.    Dual Inf.      Time
       0    1.7906750e+05   1.860000e+02   0.000000e+00    301s

Root relaxation: cutoff, 920 iterations, 0.02 seconds (0.02 work units)

    Nodes    |    Current Node    |     Objective Bounds      |     Work
 Expl Unexpl |  Obj  Depth IntInf | Incumbent    BestBd   Gap | It/Node Time

     0     0     cutoff    0      186105.500 186105.500  0.00%     -  300s

Explored 1 nodes (920 simplex iterations) in 300.55 seconds (310.67 work units)
Thread count was 10 (of 10 available processors)

Solution count 1: 186106 

Optimal solution found (tolerance 1.00e-04)
Best objective 1.861055000000e+05, best bound 1.861055000000e+05, gap 0.0000%
Solução ótima encontrada.
Set parameter TimeLimit to value 25200
Set parameter TimeLimit to value 9.3703222043514252e+03
Gurobi Optimizer version 10.0.2 build v10.0.2rc0 (mac64[arm])

CPU model: Apple M5
Thread count: 10 physical cores, 10 logical processors, using up to 10 threads

Optimize a model with 548706 rows, 284763 columns and 1341935 nonzeros
Model fingerprint: 0xe4b86892
Variable types: 0 continuous, 284763 integer (264707 binary)
Coefficient statistics:
  Matrix range     [1e+00, 8e+01]
  Objective range  [5e-01, 2e+03]
  Bounds range     [1e+00, 1e+00]
  RHS range        [1e+00, 1e+02]

User MIP start produced solution with objective 186106 (0.13s)
Loaded user MIP start with objective 186106
MIP start from previous solve did not produce a new incumbent solution

Presolve removed 530950 rows and 270856 columns
Presolve time: 0.17s
Presolved: 17756 rows, 13907 columns, 50002 nonzeros
Variable types: 0 continuous, 13907 integer (13907 binary)
Starting NoRel heuristic
Elapsed time for NoRel heuristic: 5s (best bound 186072)
Elapsed time for NoRel heuristic: 11s (best bound 186072)
Elapsed time for NoRel heuristic: 16s (best bound 186072)
Elapsed time for NoRel heuristic: 22s (best bound 186072)
Elapsed time for NoRel heuristic: 28s (best bound 186072)
Elapsed time for NoRel heuristic: 33s (best bound 186072)
Elapsed time for NoRel heuristic: 39s (best bound 186072)
Elapsed time for NoRel heuristic: 44s (best bound 186072)
Elapsed time for NoRel heuristic: 50s (best bound 186072)
Elapsed time for NoRel heuristic: 57s (best bound 186072)
Elapsed time for NoRel heuristic: 63s (best bound 186072)
Elapsed time for NoRel heuristic: 70s (best bound 186072)
Elapsed time for NoRel heuristic: 77s (best bound 186072)
Elapsed time for NoRel heuristic: 84s (best bound 186072)
Elapsed time for NoRel heuristic: 91s (best bound 186072)
Elapsed time for NoRel heuristic: 99s (best bound 186072)
Elapsed time for NoRel heuristic: 104s (best bound 186072)
Elapsed time for NoRel heuristic: 109s (best bound 186072)
Elapsed time for NoRel heuristic: 114s (best bound 186072)
Elapsed time for NoRel heuristic: 119s (best bound 186072)
Elapsed time for NoRel heuristic: 125s (best bound 186072)
Elapsed time for NoRel heuristic: 130s (best bound 186072)
Elapsed time for NoRel heuristic: 137s (best bound 186072)
Elapsed time for NoRel heuristic: 144s (best bound 186072)
Elapsed time for NoRel heuristic: 152s (best bound 186072)
Elapsed time for NoRel heuristic: 159s (best bound 186072)
Elapsed time for NoRel heuristic: 166s (best bound 186072)
Elapsed time for NoRel heuristic: 174s (best bound 186072)
Elapsed time for NoRel heuristic: 181s (best bound 186072)
Elapsed time for NoRel heuristic: 188s (best bound 186072)
Elapsed time for NoRel heuristic: 195s (best bound 186072)
Elapsed time for NoRel heuristic: 203s (best bound 186072)
Elapsed time for NoRel heuristic: 210s (best bound 186072)
Elapsed time for NoRel heuristic: 217s (best bound 186072)
Elapsed time for NoRel heuristic: 225s (best bound 186072)
Elapsed time for NoRel heuristic: 232s (best bound 186072)
Elapsed time for NoRel heuristic: 239s (best bound 186072)
Elapsed time for NoRel heuristic: 246s (best bound 186072)
Elapsed time for NoRel heuristic: 254s (best bound 186072)
Elapsed time for NoRel heuristic: 259s (best bound 186072)
Elapsed time for NoRel heuristic: 266s (best bound 186072)
Elapsed time for NoRel heuristic: 273s (best bound 186072)
Elapsed time for NoRel heuristic: 280s (best bound 186072)
Elapsed time for NoRel heuristic: 288s (best bound 186072)
Elapsed time for NoRel heuristic: 295s (best bound 186072)
Elapsed time for NoRel heuristic: 302s (best bound 186072)

Root simplex log...

Iteration    Objective       Primal Inf.    Dual Inf.      Time
       0    1.7500300e+05   4.850000e+02   0.000000e+00    302s
    1418    1.8607175e+05   0.000000e+00   0.000000e+00    303s

Root relaxation: objective 1.860718e+05, 1418 iterations, 0.04 seconds (0.04 work units)

    Nodes    |    Current Node    |     Objective Bounds      |     Work
 Expl Unexpl |  Obj  Depth IntInf | Incumbent    BestBd   Gap | It/Node Time

     0     0 186071.750    0  221 186105.500 186071.750  0.02%     -  302s
     0     0 186071.750    0  221 186105.500 186071.750  0.02%     -  302s
     0     0 186094.250    0   79 186105.500 186094.250  0.01%     -  302s

Explored 1 nodes (2773 simplex iterations) in 302.66 seconds (327.35 work units)
Thread count was 10 (of 10 available processors)

Solution count 1: 186106 

Optimal solution found (tolerance 1.00e-04)
Best objective 1.861055000000e+05, best bound 1.860945000000e+05, gap 0.0059%
Solução ótima encontrada.
Set parameter TimeLimit to value 25200
Set parameter TimeLimit to value 9.0672446253299713e+03
Gurobi Optimizer version 10.0.2 build v10.0.2rc0 (mac64[arm])

CPU model: Apple M5
Thread count: 10 physical cores, 10 logical processors, using up to 10 threads

Optimize a model with 548706 rows, 284763 columns and 1341935 nonzeros
Model fingerprint: 0xf59acbbd
Variable types: 0 continuous, 284763 integer (264707 binary)
Coefficient statistics:
  Matrix range     [1e+00, 8e+01]
  Objective range  [5e-01, 2e+03]
  Bounds range     [1e+00, 1e+00]
  RHS range        [1e+00, 1e+02]

User MIP start produced solution with objective 186106 (0.14s)
Loaded user MIP start with objective 186106
MIP start from previous solve did not produce a new incumbent solution

Presolve removed 531714 rows and 272512 columns
Presolve time: 0.23s
Presolved: 16992 rows, 12251 columns, 48871 nonzeros
Variable types: 0 continuous, 12251 integer (12251 binary)
Starting NoRel heuristic
Elapsed time for NoRel heuristic: 5s (best bound 184657)
Elapsed time for NoRel heuristic: 11s (best bound 185743)
Elapsed time for NoRel heuristic: 16s (best bound 185860)
Elapsed time for NoRel heuristic: 21s (best bound 185860)
Elapsed time for NoRel heuristic: 26s (best bound 185860)
Elapsed time for NoRel heuristic: 34s (best bound 185860)
Elapsed time for NoRel heuristic: 46s (best bound 185860)
Elapsed time for NoRel heuristic: 59s (best bound 185860)
Elapsed time for NoRel heuristic: 67s (best bound 185860)
Elapsed time for NoRel heuristic: 83s (best bound 185860)
Elapsed time for NoRel heuristic: 93s (best bound 185860)
Elapsed time for NoRel heuristic: 103s (best bound 185860)
Elapsed time for NoRel heuristic: 123s (best bound 185860)
Elapsed time for NoRel heuristic: 136s (best bound 185860)
Elapsed time for NoRel heuristic: 152s (best bound 185860)
Elapsed time for NoRel heuristic: 175s (best bound 185860)
Elapsed time for NoRel heuristic: 195s (best bound 185860)
Elapsed time for NoRel heuristic: 222s (best bound 185860)
Elapsed time for NoRel heuristic: 244s (best bound 185860)
Elapsed time for NoRel heuristic: 276s (best bound 185860)
Elapsed time for NoRel heuristic: 298s (best bound 185860)
Elapsed time for NoRel heuristic: 324s (best bound 185860)

Root simplex log...

Iteration    Objective       Primal Inf.    Dual Inf.      Time
       0    1.7330750e+05   5.130000e+02   0.000000e+00    324s
   10093    1.8586025e+05   0.000000e+00   0.000000e+00    325s

Root relaxation: objective 1.858602e+05, 10093 iterations, 0.28 seconds (0.67 work units)

    Nodes    |    Current Node    |     Objective Bounds      |     Work
 Expl Unexpl |  Obj  Depth IntInf | Incumbent    BestBd   Gap | It/Node Time

     0     0 185860.250    0  575 186105.500 185860.250  0.13%     -  324s
     0     0 185888.000    0  499 186105.500 185888.000  0.12%     -  324s
     0     0 185888.000    0  499 186105.500 185888.000  0.12%     -  324s
     0     0 185888.000    0  412 186105.500 185888.000  0.12%     -  325s
     0     0 185900.889    0  558 186105.500 185900.889  0.11%     -  325s
     0     0 185908.800    0  543 186105.500 185908.800  0.11%     -  325s
     0     0 185908.800    0  565 186105.500 185908.800  0.11%     -  325s
     0     0 185932.357    0  445 186105.500 185932.357  0.09%     -  325s
     0     0 185932.500    0  389 186105.500 185932.500  0.09%     -  325s
     0     0 185947.125    0  464 186105.500 185947.125  0.09%     -  325s
     0     0 185948.950    0  479 186105.500 185948.950  0.08%     -  325s
     0     0 185948.950    0  613 186105.500 185948.950  0.08%     -  325s
     0     0 185948.950    0  634 186105.500 185948.950  0.08%     -  325s
     0     0 185950.950    0  461 186105.500 185950.950  0.08%     -  325s
     0     0 185950.950    0  469 186105.500 185950.950  0.08%     -  325s
     0     0 185971.423    0  647 186105.500 185971.423  0.07%     -  325s
     0     0 185971.423    0  350 186105.500 185971.423  0.07%     -  325s
     0     0 185971.423    0  469 186105.500 185971.423  0.07%     -  325s
     0     0 185971.423    0  256 186105.500 185971.423  0.07%     -  325s
     0     0 185971.423    0  456 186105.500 185971.423  0.07%     -  325s
     0     0 185971.423    0  479 186105.500 185971.423  0.07%     -  325s
     0     0 185971.423    0  487 186105.500 185971.423  0.07%     -  325s
     0     0 185972.534    0  487 186105.500 185972.534  0.07%     -  326s
     0     0 185972.982    0  486 186105.500 185972.982  0.07%     -  326s
     0     0 185973.048    0  488 186105.500 185973.048  0.07%     -  326s
     0     0 185973.058    0  487 186105.500 185973.058  0.07%     -  326s
     0     0 185976.339    0  340 186105.500 185976.339  0.07%     -  326s
     0     0 185977.427    0  501 186105.500 185977.427  0.07%     -  326s
     0     0 185977.479    0  518 186105.500 185977.479  0.07%     -  326s
     0     0 185977.486    0  528 186105.500 185977.486  0.07%     -  326s
     0     0 185979.407    0  531 186105.500 185979.407  0.07%     -  326s
     0     0 185979.727    0  485 186105.500 185979.727  0.07%     -  326s
     0     0 185979.935    0  531 186105.500 185979.935  0.07%     -  326s
     0     0 185979.961    0  534 186105.500 185979.961  0.07%     -  326s
     0     0 185980.071    0  545 186105.500 185980.071  0.07%     -  326s
     0     0 185980.143    0  546 186105.500 185980.143  0.07%     -  326s
     0     0 185980.145    0  547 186105.500 185980.145  0.07%     -  326s
     0     0 185981.681    0  559 186105.500 185981.681  0.07%     -  326s
     0     0 185981.949    0  318 186105.500 185981.949  0.07%     -  326s
     0     0 185981.949    0  417 186105.500 185981.949  0.07%     -  326s
     0     0 185983.993    0  468 186105.500 185983.993  0.07%     -  326s
     0     0 185988.266    0  479 186105.500 185988.266  0.06%     -  326s
     0     0 185988.563    0  450 186105.500 185988.563  0.06%     -  326s
     0     0 185988.833    0  415 186105.500 185988.833  0.06%     -  326s
     0     0 185988.833    0  416 186105.500 185988.833  0.06%     -  326s
     0     0 185994.471    0  484 186105.500 185994.471  0.06%     -  326s
     0     0 185997.007    0  505 186105.500 185997.007  0.06%     -  326s
     0     0 185997.322    0  476 186105.500 185997.322  0.06%     -  326s
     0     0 185997.718    0  496 186105.500 185997.718  0.06%     -  326s
     0     0 185997.820    0  507 186105.500 185997.820  0.06%     -  326s
     0     0 186011.500    0  462 186105.500 186011.500  0.05%     -  326s
     0     0 186012.606    0  418 186105.500 186012.606  0.05%     -  326s
     0     0 186012.628    0  449 186105.500 186012.628  0.05%     -  326s
     0     0 186012.654    0  452 186105.500 186012.654  0.05%     -  326s
     0     0 186012.654    0  452 186105.500 186012.654  0.05%     -  326s
     0     0 186014.010    0  441 186105.500 186014.010  0.05%     -  326s
     0     0 186014.053    0  447 186105.500 186014.053  0.05%     -  326s
     0     0 186014.109    0  459 186105.500 186014.109  0.05%     -  326s
     0     0 186014.112    0  483 186105.500 186014.112  0.05%     -  326s
     0     0 186015.857    0  445 186105.500 186015.857  0.05%     -  326s
     0     0 186015.958    0  238 186105.500 186015.958  0.05%     -  326s
     0     0 186015.958    0  313 186105.500 186015.958  0.05%     -  326s
     0     0 186015.958    0  286 186105.500 186015.958  0.05%     -  326s
     0     0 186015.958    0  352 186105.500 186015.958  0.05%     -  326s
     0     0 186015.958    0  347 186105.500 186015.958  0.05%     -  326s
     0     0 186016.458    0  355 186105.500 186016.458  0.05%     -  326s
     0     0 186021.250    0  300 186105.500 186021.250  0.05%     -  327s
     0     0 186025.500    0  334 186105.500 186025.500  0.04%     -  327s
     0     0 186025.500    0  289 186105.500 186025.500  0.04%     -  327s
     0     0 186028.000    0  296 186105.500 186028.000  0.04%     -  327s
     0     0 186073.500    0  370 186105.500 186073.500  0.02%     -  327s
     0     0 186088.000    0  368 186105.500 186088.000  0.01%     -  327s

Cutting planes:
  Gomory: 4
  Clique: 13
  MIR: 9
  Zero half: 26
  RLT: 12
  BQP: 11

Explored 1 nodes (37989 simplex iterations) in 327.08 seconds (332.99 work units)
Thread count was 10 (of 10 available processors)

Solution count 1: 186106 

Optimal solution found (tolerance 1.00e-04)
Best objective 1.861055000000e+05, best bound 1.860880000000e+05, gap 0.0094%
Solução ótima encontrada.
Set parameter TimeLimit to value 25200
Set parameter TimeLimit to value 8739.77306509018
Gurobi Optimizer version 10.0.2 build v10.0.2rc0 (mac64[arm])

CPU model: Apple M5
Thread count: 10 physical cores, 10 logical processors, using up to 10 threads

Optimize a model with 548706 rows, 284763 columns and 1341935 nonzeros
Model fingerprint: 0xa45c35ac
Variable types: 0 continuous, 284763 integer (264707 binary)
Coefficient statistics:
  Matrix range     [1e+00, 8e+01]
  Objective range  [5e-01, 2e+03]
  Bounds range     [1e+00, 1e+00]
  RHS range        [1e+00, 1e+02]

User MIP start produced solution with objective 186106 (0.12s)
Loaded user MIP start with objective 186106
MIP start from previous solve did not produce a new incumbent solution

Presolve removed 547264 rows and 283567 columns
Presolve time: 0.15s
Presolved: 1442 rows, 1196 columns, 4012 nonzeros
Variable types: 0 continuous, 1196 integer (1196 binary)
Starting NoRel heuristic
Elapsed time for NoRel heuristic: 5s (best bound 182300)
Elapsed time for NoRel heuristic: 10s (best bound 182300)
Elapsed time for NoRel heuristic: 15s (best bound 182300)
Elapsed time for NoRel heuristic: 20s (best bound 182300)
Elapsed time for NoRel heuristic: 25s (best bound 182300)
Elapsed time for NoRel heuristic: 30s (best bound 182300)
Elapsed time for NoRel heuristic: 35s (best bound 182300)
Elapsed time for NoRel heuristic: 40s (best bound 182300)
Elapsed time for NoRel heuristic: 45s (best bound 182300)
Elapsed time for NoRel heuristic: 50s (best bound 182300)
Elapsed time for NoRel heuristic: 55s (best bound 182300)
Elapsed time for NoRel heuristic: 60s (best bound 182300)
Elapsed time for NoRel heuristic: 65s (best bound 182300)
Elapsed time for NoRel heuristic: 70s (best bound 182300)
Elapsed time for NoRel heuristic: 76s (best bound 182300)
Elapsed time for NoRel heuristic: 81s (best bound 182300)
Elapsed time for NoRel heuristic: 86s (best bound 182300)
Elapsed time for NoRel heuristic: 91s (best bound 182300)
Elapsed time for NoRel heuristic: 96s (best bound 182300)
Elapsed time for NoRel heuristic: 101s (best bound 182300)
Elapsed time for NoRel heuristic: 106s (best bound 182300)
Elapsed time for NoRel heuristic: 111s (best bound 182300)
Elapsed time for NoRel heuristic: 116s (best bound 182300)
Elapsed time for NoRel heuristic: 121s (best bound 182300)
Elapsed time for NoRel heuristic: 126s (best bound 182300)
Elapsed time for NoRel heuristic: 131s (best bound 182300)
Elapsed time for NoRel heuristic: 136s (best bound 182300)
Elapsed time for NoRel heuristic: 141s (best bound 182300)
Elapsed time for NoRel heuristic: 146s (best bound 182300)
Elapsed time for NoRel heuristic: 151s (best bound 182300)
Elapsed time for NoRel heuristic: 156s (best bound 182300)
Elapsed time for NoRel heuristic: 161s (best bound 182300)
Elapsed time for NoRel heuristic: 166s (best bound 182300)
Elapsed time for NoRel heuristic: 171s (best bound 182300)
Elapsed time for NoRel heuristic: 176s (best bound 182300)
Elapsed time for NoRel heuristic: 181s (best bound 182300)
Elapsed time for NoRel heuristic: 186s (best bound 182300)
Elapsed time for NoRel heuristic: 191s (best bound 182300)
Elapsed time for NoRel heuristic: 196s (best bound 182300)
Elapsed time for NoRel heuristic: 201s (best bound 182300)
Elapsed time for NoRel heuristic: 206s (best bound 182300)
Elapsed time for NoRel heuristic: 211s (best bound 182300)
Elapsed time for NoRel heuristic: 216s (best bound 182300)
Elapsed time for NoRel heuristic: 222s (best bound 182300)
Elapsed time for NoRel heuristic: 227s (best bound 182300)
Elapsed time for NoRel heuristic: 232s (best bound 182300)
Elapsed time for NoRel heuristic: 237s (best bound 182300)
Elapsed time for NoRel heuristic: 242s (best bound 182300)
Elapsed time for NoRel heuristic: 247s (best bound 182300)
Elapsed time for NoRel heuristic: 252s (best bound 182300)
Elapsed time for NoRel heuristic: 257s (best bound 182300)
Elapsed time for NoRel heuristic: 262s (best bound 182300)
Elapsed time for NoRel heuristic: 267s (best bound 182300)
Elapsed time for NoRel heuristic: 272s (best bound 182300)
Elapsed time for NoRel heuristic: 277s (best bound 182300)
Elapsed time for NoRel heuristic: 282s (best bound 182300)
Elapsed time for NoRel heuristic: 287s (best bound 182300)
Elapsed time for NoRel heuristic: 292s (best bound 182300)
Elapsed time for NoRel heuristic: 297s (best bound 182300)

Root simplex log...

Iteration    Objective       Primal Inf.    Dual Inf.      Time
       0    1.8214500e+05   1.080000e+02   0.000000e+00    300s

Root relaxation: cutoff, 237 iterations, 0.00 seconds (0.00 work units)

    Nodes    |    Current Node    |     Objective Bounds      |     Work
 Expl Unexpl |  Obj  Depth IntInf | Incumbent    BestBd   Gap | It/Node Time

     0     0     cutoff    0      186105.500 186105.500  0.00%     -  300s

Explored 1 nodes (237 simplex iterations) in 300.33 seconds (272.91 work units)
Thread count was 10 (of 10 available processors)

Solution count 1: 186106 

Optimal solution found (tolerance 1.00e-04)
Best objective 1.861055000000e+05, best bound 1.861055000000e+05, gap 0.0000%
Solução ótima encontrada.
Set parameter TimeLimit to value 25200
Set parameter TimeLimit to value 8.4390389471054077e+03
Gurobi Optimizer version 10.0.2 build v10.0.2rc0 (mac64[arm])

CPU model: Apple M5
Thread count: 10 physical cores, 10 logical processors, using up to 10 threads

Optimize a model with 548706 rows, 284763 columns and 1341935 nonzeros
Model fingerprint: 0x2d45c639
Variable types: 0 continuous, 284763 integer (264707 binary)
Coefficient statistics:
  Matrix range     [1e+00, 8e+01]
  Objective range  [5e-01, 2e+03]
  Bounds range     [1e+00, 1e+00]
  RHS range        [1e+00, 1e+02]

User MIP start produced solution with objective 186106 (0.12s)
Loaded user MIP start with objective 186106
MIP start from previous solve did not produce a new incumbent solution

Presolve removed 545549 rows and 281894 columns
Presolve time: 0.16s
Presolved: 3157 rows, 2869 columns, 8989 nonzeros
Variable types: 0 continuous, 2869 integer (2869 binary)
Starting NoRel heuristic
NoRel heuristic complete

Explored 0 nodes (0 simplex iterations) in 0.31 seconds (0.83 work units)
Thread count was 10 (of 10 available processors)

Solution count 1: 186106 

Optimal solution found (tolerance 1.00e-04)
Best objective 1.861055000000e+05, best bound 1.861055000000e+05, gap 0.0000%
Solução ótima encontrada.
Set parameter TimeLimit to value 25200
Set parameter TimeLimit to value 8.4383427212238312e+03
Gurobi Optimizer version 10.0.2 build v10.0.2rc0 (mac64[arm])

CPU model: Apple M5
Thread count: 10 physical cores, 10 logical processors, using up to 10 threads

Optimize a model with 548706 rows, 284763 columns and 1341935 nonzeros
Model fingerprint: 0xe647ccb5
Variable types: 0 continuous, 284763 integer (264707 binary)
Coefficient statistics:
  Matrix range     [1e+00, 8e+01]
  Objective range  [5e-01, 2e+03]
  Bounds range     [1e+00, 1e+00]
  RHS range        [1e+00, 1e+02]

User MIP start produced solution with objective 186106 (0.09s)
Loaded user MIP start with objective 186106
MIP start from previous solve did not produce a new incumbent solution

Presolve removed 542831 rows and 279764 columns
Presolve time: 0.16s
Presolved: 5875 rows, 4999 columns, 16641 nonzeros
Variable types: 0 continuous, 4999 integer (4999 binary)
Starting NoRel heuristic
NoRel heuristic complete

Explored 0 nodes (0 simplex iterations) in 1.61 seconds (1.26 work units)
Thread count was 10 (of 10 available processors)

Solution count 1: 186106 

Optimal solution found (tolerance 1.00e-04)
Best objective 1.861055000000e+05, best bound 1.861005000000e+05, gap 0.0027%
Solução ótima encontrada.
Set parameter TimeLimit to value 25200
Set parameter TimeLimit to value 8.4363854773044586e+03
Gurobi Optimizer version 10.0.2 build v10.0.2rc0 (mac64[arm])

CPU model: Apple M5
Thread count: 10 physical cores, 10 logical processors, using up to 10 threads

Optimize a model with 548706 rows, 284763 columns and 1341935 nonzeros
Model fingerprint: 0x0dedd2c1
Variable types: 0 continuous, 284763 integer (264707 binary)
Coefficient statistics:
  Matrix range     [1e+00, 8e+01]
  Objective range  [5e-01, 2e+03]
  Bounds range     [1e+00, 1e+00]
  RHS range        [1e+00, 1e+02]

User MIP start produced solution with objective 186106 (0.10s)
Loaded user MIP start with objective 186106
MIP start from previous solve did not produce a new incumbent solution

Presolve removed 536114 rows and 274746 columns
Presolve time: 0.22s
Presolved: 12592 rows, 10017 columns, 36394 nonzeros
Variable types: 0 continuous, 10017 integer (10017 binary)
Starting NoRel heuristic
Elapsed time for NoRel heuristic: 5s (best bound 185077)
Elapsed time for NoRel heuristic: 11s (best bound 185832)
Elapsed time for NoRel heuristic: 16s (best bound 185837)
Elapsed time for NoRel heuristic: 22s (best bound 185837)
Elapsed time for NoRel heuristic: 32s (best bound 185837)
Elapsed time for NoRel heuristic: 39s (best bound 185837)
Elapsed time for NoRel heuristic: 48s (best bound 185837)
Elapsed time for NoRel heuristic: 57s (best bound 185837)
Elapsed time for NoRel heuristic: 69s (best bound 185837)
Elapsed time for NoRel heuristic: 80s (best bound 185837)
Elapsed time for NoRel heuristic: 94s (best bound 185837)
Elapsed time for NoRel heuristic: 111s (best bound 185837)
Elapsed time for NoRel heuristic: 129s (best bound 185837)
Elapsed time for NoRel heuristic: 150s (best bound 185837)
Elapsed time for NoRel heuristic: 171s (best bound 185837)
Elapsed time for NoRel heuristic: 199s (best bound 185837)
Elapsed time for NoRel heuristic: 227s (best bound 185837)
Elapsed time for NoRel heuristic: 253s (best bound 185837)
Elapsed time for NoRel heuristic: 281s (best bound 185837)
Elapsed time for NoRel heuristic: 323s (best bound 185837)

Root simplex log...

Iteration    Objective       Primal Inf.    Dual Inf.      Time
       0    1.7574350e+05   4.830000e+02   0.000000e+00    323s
    8564    1.8583875e+05   0.000000e+00   0.000000e+00    323s

Root relaxation: objective 1.858388e+05, 8564 iterations, 0.31 seconds (0.88 work units)

    Nodes    |    Current Node    |     Objective Bounds      |     Work
 Expl Unexpl |  Obj  Depth IntInf | Incumbent    BestBd   Gap | It/Node Time

     0     0 185838.750    0  446 186105.500 185838.750  0.14%     -  323s
     0     0 185863.052    0 1060 186105.500 185863.052  0.13%     -  324s
     0     0 185863.052    0  301 186105.500 185863.052  0.13%     -  324s
     0     0 185875.833    0  665 186105.500 185875.833  0.12%     -  324s
     0     0 185907.250    0  674 186105.500 185907.250  0.11%     -  324s
     0     0 185916.750    0  454 186105.500 185916.750  0.10%     -  325s
     0     0 185927.012    0  725 186105.500 185927.012  0.10%     -  325s
     0     0 185927.012    0  124 186105.500 185927.012  0.10%     -  325s
     0     0 185927.012    0  241 186105.500 185927.012  0.10%     -  325s
     0     0 185927.012    0  227 186105.500 185927.012  0.10%     -  325s
     0     0 185927.012    0  295 186105.500 185927.012  0.10%     -  325s
     0     0 185927.517    0  286 186105.500 185927.517  0.10%     -  325s
     0     0 185927.814    0  241 186105.500 185927.814  0.10%     -  325s
     0     0 185935.367    0  164 186105.500 185935.367  0.09%     -  325s
     0     0 185937.040    0  298 186105.500 185937.040  0.09%     -  325s
     0     0 185937.708    0  164 186105.500 185937.708  0.09%     -  325s
     0     0 185937.738    0  171 186105.500 185937.738  0.09%     -  325s
     0     0 185937.813    0  171 186105.500 185937.813  0.09%     -  325s
     0     0 185943.278    0  169 186105.500 185943.278  0.09%     -  325s
     0     0 185946.255    0  263 186105.500 185946.255  0.09%     -  325s
     0     0 185946.456    0  167 186105.500 185946.456  0.09%     -  325s
     0     0 185951.321    0  161 186105.500 185951.321  0.08%     -  325s
     0     0 185952.582    0  165 186105.500 185952.582  0.08%     -  325s
     0     0 185954.264    0  165 186105.500 185954.264  0.08%     -  325s
     0     0 185955.958    0  147 186105.500 185955.958  0.08%     -  325s
     0     2 185956.458    0  146 186105.500 185956.458  0.08%     -  325s

Cutting planes:
  Gomory: 1
  Lift-and-project: 4
  Implied bound: 14
  Clique: 60
  MIR: 1
  Zero half: 28
  RLT: 55
  BQP: 53

Explored 623 nodes (71343 simplex iterations) in 326.01 seconds (315.75 work units)
Thread count was 10 (of 10 available processors)

Solution count 1: 186106 

Optimal solution found (tolerance 1.00e-04)
Best objective 1.861055000000e+05, best bound 1.860945000000e+05, gap 0.0059%
Solução ótima encontrada.
Set parameter TimeLimit to value 25200
Set parameter TimeLimit to value 8.1099670710563660e+03
Gurobi Optimizer version 10.0.2 build v10.0.2rc0 (mac64[arm])

CPU model: Apple M5
Thread count: 10 physical cores, 10 logical processors, using up to 10 threads

Optimize a model with 548706 rows, 284763 columns and 1341935 nonzeros
Model fingerprint: 0xbd24db0e
Variable types: 0 continuous, 284763 integer (264707 binary)
Coefficient statistics:
  Matrix range     [1e+00, 8e+01]
  Objective range  [5e-01, 2e+03]
  Bounds range     [1e+00, 1e+00]
  RHS range        [1e+00, 1e+02]

User MIP start produced solution with objective 186106 (0.13s)
Loaded user MIP start with objective 186106
MIP start from previous solve did not produce a new incumbent solution

Presolve removed 543297 rows and 280199 columns
Presolve time: 0.17s
Presolved: 5409 rows, 4564 columns, 15291 nonzeros
Variable types: 0 continuous, 4564 integer (4564 binary)
Starting NoRel heuristic
Elapsed time for NoRel heuristic: 5s (best bound 179326)
Elapsed time for NoRel heuristic: 11s (best bound 179326)
Elapsed time for NoRel heuristic: 17s (best bound 179326)
Elapsed time for NoRel heuristic: 22s (best bound 179326)
Elapsed time for NoRel heuristic: 28s (best bound 179326)
Elapsed time for NoRel heuristic: 33s (best bound 179326)
Elapsed time for NoRel heuristic: 39s (best bound 179326)
Elapsed time for NoRel heuristic: 45s (best bound 179326)
Elapsed time for NoRel heuristic: 51s (best bound 179326)
Elapsed time for NoRel heuristic: 58s (best bound 179326)
Elapsed time for NoRel heuristic: 64s (best bound 179326)
Elapsed time for NoRel heuristic: 71s (best bound 179326)
Elapsed time for NoRel heuristic: 76s (best bound 179326)
Elapsed time for NoRel heuristic: 81s (best bound 179326)
Elapsed time for NoRel heuristic: 87s (best bound 179326)
Elapsed time for NoRel heuristic: 92s (best bound 179326)
Elapsed time for NoRel heuristic: 98s (best bound 179326)
Elapsed time for NoRel heuristic: 103s (best bound 179326)
Elapsed time for NoRel heuristic: 109s (best bound 179326)
Elapsed time for NoRel heuristic: 114s (best bound 179326)
Elapsed time for NoRel heuristic: 120s (best bound 179326)
Elapsed time for NoRel heuristic: 126s (best bound 179326)
Elapsed time for NoRel heuristic: 131s (best bound 179326)
Elapsed time for NoRel heuristic: 137s (best bound 179326)
Elapsed time for NoRel heuristic: 142s (best bound 179326)
Elapsed time for NoRel heuristic: 148s (best bound 179326)
Elapsed time for NoRel heuristic: 153s (best bound 179326)
Elapsed time for NoRel heuristic: 159s (best bound 179326)
Elapsed time for NoRel heuristic: 164s (best bound 179326)
Elapsed time for NoRel heuristic: 170s (best bound 179326)
Elapsed time for NoRel heuristic: 175s (best bound 179326)
Elapsed time for NoRel heuristic: 181s (best bound 179326)
Elapsed time for NoRel heuristic: 187s (best bound 179326)
Elapsed time for NoRel heuristic: 192s (best bound 179326)
Elapsed time for NoRel heuristic: 198s (best bound 179326)
Elapsed time for NoRel heuristic: 204s (best bound 179326)
Elapsed time for NoRel heuristic: 209s (best bound 179326)
Elapsed time for NoRel heuristic: 214s (best bound 179326)
Elapsed time for NoRel heuristic: 220s (best bound 179326)
Elapsed time for NoRel heuristic: 226s (best bound 179326)
Elapsed time for NoRel heuristic: 231s (best bound 179326)
Elapsed time for NoRel heuristic: 237s (best bound 179326)
Elapsed time for NoRel heuristic: 242s (best bound 179326)
Elapsed time for NoRel heuristic: 248s (best bound 179326)
Elapsed time for NoRel heuristic: 253s (best bound 179326)
Elapsed time for NoRel heuristic: 259s (best bound 179326)
Elapsed time for NoRel heuristic: 265s (best bound 179326)
Elapsed time for NoRel heuristic: 270s (best bound 179326)
Elapsed time for NoRel heuristic: 276s (best bound 179326)
Elapsed time for NoRel heuristic: 281s (best bound 179326)
Elapsed time for NoRel heuristic: 287s (best bound 179326)
Elapsed time for NoRel heuristic: 292s (best bound 179326)
Elapsed time for NoRel heuristic: 298s (best bound 179326)

Root simplex log...

Iteration    Objective       Primal Inf.    Dual Inf.      Time
       0    1.7907050e+05   1.980000e+02   0.000000e+00    301s
     951    1.8608050e+05   0.000000e+00   0.000000e+00    301s

Root relaxation: objective 1.860805e+05, 951 iterations, 0.02 seconds (0.02 work units)

    Nodes    |    Current Node    |     Objective Bounds      |     Work
 Expl Unexpl |  Obj  Depth IntInf | Incumbent    BestBd   Gap | It/Node Time

     0     0 186080.500    0  158 186105.500 186080.500  0.01%     -  300s
     0     0 186080.500    0  158 186105.500 186080.500  0.01%     -  300s
     0     0 186080.500    0   45 186105.500 186080.500  0.01%     -  300s
     0     0 186083.000    0   58 186105.500 186083.000  0.01%     -  300s
     0     0 186085.500    0   83 186105.500 186085.500  0.01%     -  300s
     0     0 186085.500    0   31 186105.500 186085.500  0.01%     -  300s
     0     0 186085.500    0   59 186105.500 186085.500  0.01%     -  300s
     0     0 186085.500    0   71 186105.500 186085.500  0.01%     -  300s

Cutting planes:
  Gomory: 1
  MIR: 2
  Zero half: 28
  RLT: 3
  BQP: 2

Explored 1 nodes (2350 simplex iterations) in 300.83 seconds (312.75 work units)
Thread count was 10 (of 10 available processors)

Solution count 1: 186106 

Optimal solution found (tolerance 1.00e-04)
Best objective 1.861055000000e+05, best bound 1.860870000000e+05, gap 0.0099%
Solução ótima encontrada.
Set parameter TimeLimit to value 25200
Set parameter TimeLimit to value 7.8087241401672363e+03
Gurobi Optimizer version 10.0.2 build v10.0.2rc0 (mac64[arm])

CPU model: Apple M5
Thread count: 10 physical cores, 10 logical processors, using up to 10 threads

Optimize a model with 548706 rows, 284763 columns and 1341935 nonzeros
Model fingerprint: 0xad8d07d5
Variable types: 0 continuous, 284763 integer (264707 binary)
Coefficient statistics:
  Matrix range     [1e+00, 8e+01]
  Objective range  [5e-01, 2e+03]
  Bounds range     [1e+00, 1e+00]
  RHS range        [1e+00, 1e+02]

User MIP start produced solution with objective 186106 (0.12s)
Loaded user MIP start with objective 186106
MIP start from previous solve did not produce a new incumbent solution

Presolve removed 530446 rows and 271225 columns
Presolve time: 0.24s
Presolved: 18260 rows, 13538 columns, 52198 nonzeros
Variable types: 0 continuous, 13538 integer (13538 binary)
Starting NoRel heuristic
Elapsed time for NoRel heuristic: 5s (best bound 185236)
Elapsed time for NoRel heuristic: 10s (best bound 185920)
Elapsed time for NoRel heuristic: 15s (best bound 185932)
Elapsed time for NoRel heuristic: 24s (best bound 185932)
Elapsed time for NoRel heuristic: 33s (best bound 185932)
Elapsed time for NoRel heuristic: 43s (best bound 185932)
Elapsed time for NoRel heuristic: 50s (best bound 185932)
Elapsed time for NoRel heuristic: 56s (best bound 185932)
Elapsed time for NoRel heuristic: 66s (best bound 185932)
Elapsed time for NoRel heuristic: 76s (best bound 185932)
Elapsed time for NoRel heuristic: 83s (best bound 185932)
Elapsed time for NoRel heuristic: 88s (best bound 185932)
Elapsed time for NoRel heuristic: 96s (best bound 185932)
Elapsed time for NoRel heuristic: 101s (best bound 185932)
Elapsed time for NoRel heuristic: 108s (best bound 185932)
Elapsed time for NoRel heuristic: 116s (best bound 185932)
Elapsed time for NoRel heuristic: 122s (best bound 185932)
Elapsed time for NoRel heuristic: 131s (best bound 185932)
Elapsed time for NoRel heuristic: 138s (best bound 185932)
Elapsed time for NoRel heuristic: 146s (best bound 185932)
Elapsed time for NoRel heuristic: 154s (best bound 185932)
Elapsed time for NoRel heuristic: 163s (best bound 185932)
Elapsed time for NoRel heuristic: 171s (best bound 185932)
Elapsed time for NoRel heuristic: 178s (best bound 185932)
Elapsed time for NoRel heuristic: 188s (best bound 185932)
Elapsed time for NoRel heuristic: 196s (best bound 185932)
Elapsed time for NoRel heuristic: 205s (best bound 185932)
Elapsed time for NoRel heuristic: 213s (best bound 185932)
Elapsed time for NoRel heuristic: 223s (best bound 185932)
Elapsed time for NoRel heuristic: 231s (best bound 185932)
Elapsed time for NoRel heuristic: 241s (best bound 185932)
Elapsed time for NoRel heuristic: 250s (best bound 185932)
Elapsed time for NoRel heuristic: 260s (best bound 185932)
Elapsed time for NoRel heuristic: 269s (best bound 185932)
Elapsed time for NoRel heuristic: 279s (best bound 185932)
Elapsed time for NoRel heuristic: 288s (best bound 185932)
Elapsed time for NoRel heuristic: 297s (best bound 185932)
Elapsed time for NoRel heuristic: 307s (best bound 185932)

Root simplex log...

Iteration    Objective       Primal Inf.    Dual Inf.      Time
       0    1.6973800e+05   5.610000e+02   0.000000e+00    308s
   11492    1.8593183e+05   0.000000e+00   0.000000e+00    308s

Root relaxation: objective 1.859318e+05, 11492 iterations, 0.38 seconds (0.74 work units)

    Nodes    |    Current Node    |     Objective Bounds      |     Work
 Expl Unexpl |  Obj  Depth IntInf | Incumbent    BestBd   Gap | It/Node Time

     0     0 185931.833    0  535 186105.500 185931.833  0.09%     -  308s
     0     0 185931.833    0  535 186105.500 185931.833  0.09%     -  308s
     0     0 185931.833    0  398 186105.500 185931.833  0.09%     -  308s
     0     0 186079.783    0  497 186105.500 186079.783  0.01%     -  308s
     0     0 186079.783    0   67 186105.500 186079.783  0.01%     -  308s
     0     0     cutoff    0      186105.500 186105.500  0.00%     -  308s

Explored 1 nodes (17646 simplex iterations) in 308.50 seconds (333.28 work units)
Thread count was 10 (of 10 available processors)

Solution count 1: 186106 

Optimal solution found (tolerance 1.00e-04)
Best objective 1.861055000000e+05, best bound 1.861055000000e+05, gap 0.0000%
Solução ótima encontrada.
Set parameter TimeLimit to value 25200
Set parameter TimeLimit to value 7.4998696861267090e+03
Gurobi Optimizer version 10.0.2 build v10.0.2rc0 (mac64[arm])

CPU model: Apple M5
Thread count: 10 physical cores, 10 logical processors, using up to 10 threads

Optimize a model with 548706 rows, 284763 columns and 1341935 nonzeros
Model fingerprint: 0xc559c17d
Variable types: 0 continuous, 284763 integer (264707 binary)
Coefficient statistics:
  Matrix range     [1e+00, 8e+01]
  Objective range  [5e-01, 2e+03]
  Bounds range     [1e+00, 1e+00]
  RHS range        [1e+00, 1e+02]

User MIP start produced solution with objective 186106 (0.11s)
Loaded user MIP start with objective 186106
MIP start from previous solve did not produce a new incumbent solution

Presolve removed 528012 rows and 268104 columns
Presolve time: 0.24s
Presolved: 20694 rows, 16659 columns, 60277 nonzeros
Variable types: 0 continuous, 16659 integer (16659 binary)
Starting NoRel heuristic
Elapsed time for NoRel heuristic: 5s (best bound 184300)
Elapsed time for NoRel heuristic: 11s (best bound 185749)
Elapsed time for NoRel heuristic: 17s (best bound 185989)
Elapsed time for NoRel heuristic: 23s (best bound 185994)
Elapsed time for NoRel heuristic: 29s (best bound 185994)
Elapsed time for NoRel heuristic: 39s (best bound 185994)
Elapsed time for NoRel heuristic: 46s (best bound 185994)
Elapsed time for NoRel heuristic: 53s (best bound 185994)
Elapsed time for NoRel heuristic: 63s (best bound 185994)
Elapsed time for NoRel heuristic: 74s (best bound 185994)
Elapsed time for NoRel heuristic: 92s (best bound 185994)
Elapsed time for NoRel heuristic: 114s (best bound 185994)
Elapsed time for NoRel heuristic: 137s (best bound 185994)
Elapsed time for NoRel heuristic: 162s (best bound 185994)
Elapsed time for NoRel heuristic: 197s (best bound 185994)
Elapsed time for NoRel heuristic: 228s (best bound 185994)
Elapsed time for NoRel heuristic: 274s (best bound 185994)
Elapsed time for NoRel heuristic: 317s (best bound 185994)

Root simplex log...

Iteration    Objective       Primal Inf.    Dual Inf.      Time
       0    1.6858200e+05   6.450000e+02   0.000000e+00    317s
   10327    1.8599400e+05   0.000000e+00   0.000000e+00    318s

Root relaxation: objective 1.859940e+05, 10327 iterations, 0.51 seconds (1.45 work units)

    Nodes    |    Current Node    |     Objective Bounds      |     Work
 Expl Unexpl |  Obj  Depth IntInf | Incumbent    BestBd   Gap | It/Node Time

     0     0 185994.000    0  344 186105.500 185994.000  0.06%     -  318s
     0     0 185994.000    0  344 186105.500 185994.000  0.06%     -  318s
     0     0 185994.000    0  156 186105.500 185994.000  0.06%     -  318s
     0     0 185994.000    0  316 186105.500 185994.000  0.06%     -  318s
     0     0 185996.167    0  218 186105.500 185996.167  0.06%     -  318s
     0     0 185998.333    0  325 186105.500 185998.333  0.06%     -  318s
     0     0 185998.750    0  292 186105.500 185998.750  0.06%     -  318s
     0     0 185998.750    0  285 186105.500 185998.750  0.06%     -  318s
     0     0 186000.000    0  222 186105.500 186000.000  0.06%     -  318s
     0     0 186000.000    0  218 186105.500 186000.000  0.06%     -  318s
     0     0 186000.000    0  156 186105.500 186000.000  0.06%     -  318s
     0     2 186000.500    0  146 186105.500 186000.500  0.06%     -  318s
   280   189 infeasible   23      186105.500 186000.500  0.06%  86.4  321s
  1009   581 186019.000   10  185 186105.500 186000.500  0.06%  77.2  325s
  4280  1981 186091.000   31  169 186105.500 186012.105  0.05%  71.1  330s
 12031  3038 186051.857   36  107 186105.500 186024.250  0.04%  92.6  335s
 27062  6476 186053.250   39  126 186105.500 186029.818  0.04%  90.2  340s
 33460  7949     cutoff   44      186105.500 186031.000  0.04%  88.4  345s
 49884 10336 186038.333   40  176 186105.500 186034.000  0.04%  85.5  351s
 59385 11396     cutoff   43      186105.500 186035.500  0.04%  85.1  355s
 78523 12886 186051.750   49  127 186105.500 186037.917  0.04%  83.7  361s
 83479 13104     cutoff   39      186105.500 186038.500  0.04%  83.3  365s
 97422 13706 infeasible   48      186105.500 186039.875  0.04%  82.6  370s
 111364 13379 infeasible   32      186105.500 186041.576  0.03%  82.3  377s
 117808 12791 186049.200   42  137 186105.500 186042.472  0.03%  82.3  380s
 130595 11119 186048.000   40   74 186105.500 186044.000  0.03%  82.2  385s
 142759  8344 186048.500   52  119 186105.500 186046.000  0.03%  82.2  390s
 159015  1812 186055.500   42  103 186105.500 186050.000  0.03%  82.7  395s

Cutting planes:
  Gomory: 2
  Clique: 2
  MIR: 3
  Flow cover: 5
  Inf proof: 10
  Zero half: 37
  RLT: 27
  BQP: 86

Explored 163981 nodes (13566438 simplex iterations) in 397.19 seconds (417.96 work units)
Thread count was 10 (of 10 available processors)

Solution count 1: 186106 

Optimal solution found (tolerance 1.00e-04)
Best objective 1.861055000000e+05, best bound 1.861055000000e+05, gap 0.0000%
Solução ótima encontrada.
RESULTADO_JSON={"arquivo_log_csv": "resultados/experimentos/2024_1/fixopt_total4h_init5min.csv", "arquivo_log_json": "resultados/experimentos/2024_1/fixopt_total4h_init5min.json", "arquivo_melhor_solucao": "resultados/experimentos/2024_1/fixopt_total4h_init5min.sol", "etapa": "fix_and_optimize_cursos", "ganho_absoluto": 188.5, "historico": [{"curso": "ADM", "disciplinas_livres": 48, "iteracao": 1, "melhorou": true, "objetivo_anterior": 186294.0, "objetivo_candidato": 186289.0, "objetivo_incumbente": 186289.0, "passada": 1, "status_solver": "OPTIMAL", "tempo_gasto_s": 302.61, "tempo_limite_subproblema_s": 14096.69, "variaveis_x_fixadas": 85698, "variaveis_x_livres": 9292, "vizinhanca": "curso"}, {"curso": "AGRO", "disciplinas_livres": 51, "iteracao": 2, "melhorou": true, "objetivo_anterior": 186289.0, "objetivo_candidato": 186286.0, "objetivo_incumbente": 186286.0, "passada": 1, "status_solver": "OPTIMAL", "tempo_gasto_s": 350.88, "tempo_limite_subproblema_s": 13794.08, "variaveis_x_fixadas": 86250, "variaveis_x_livres": 8740, "vizinhanca": "curso"}, {"curso": "CC", "disciplinas_livres": 47, "iteracao": 3, "melhorou": false, "objetivo_anterior": 186286.0, "objetivo_candidato": 186286.0, "objetivo_incumbente": 186286.0, "passada": 1, "status_solver": "OPTIMAL", "tempo_gasto_s": 303.76, "tempo_limite_subproblema_s": 13443.19, "variaveis_x_fixadas": 84456, "variaveis_x_livres": 10534, "vizinhanca": "curso"}, {"curso": "CS", "disciplinas_livres": 22, "iteracao": 4, "melhorou": false, "objetivo_anterior": 186286.0, "objetivo_candidato": 186286.0, "objetivo_incumbente": 186286.0, "passada": 1, "status_solver": "OPTIMAL", "tempo_gasto_s": 0.65, "tempo_limite_subproblema_s": 13139.43, "variaveis_x_fixadas": 90436, "variaveis_x_livres": 4554, "vizinhanca": "curso"}, {"curso": "EAS", "disciplinas_livres": 45, "iteracao": 5, "melhorou": false, "objetivo_anterior": 186286.0, "objetivo_candidato": 186286.0, "objetivo_incumbente": 186286.0, "passada": 1, "status_solver": "OPTIMAL", "tempo_gasto_s": 302.31, "tempo_limite_subproblema_s": 13138.78, "variaveis_x_fixadas": 87538, "variaveis_x_livres": 7452, "vizinhanca": "curso"}, {"curso": "ENF", "disciplinas_livres": 18, "iteracao": 6, "melhorou": true, "objetivo_anterior": 186286.0, "objetivo_candidato": 186141.0, "objetivo_incumbente": 186141.0, "passada": 1, "status_solver": "OPTIMAL", "tempo_gasto_s": 306.06, "tempo_limite_subproblema_s": 12836.47, "variaveis_x_fixadas": 86480, "variaveis_x_livres": 8510, "vizinhanca": "curso"}, {"curso": "FIL", "disciplinas_livres": 15, "iteracao": 7, "melhorou": false, "objetivo_anterior": 186141.0, "objetivo_candidato": 186141.0, "objetivo_incumbente": 186141.0, "passada": 1, "status_solver": "OPTIMAL", "tempo_gasto_s": 300.97, "tempo_limite_subproblema_s": 12530.41, "variaveis_x_fixadas": 92230, "variaveis_x_livres": 2760, "vizinhanca": "curso"}, {"curso": "GEO", "disciplinas_livres": 10, "iteracao": 8, "melhorou": false, "objetivo_anterior": 186141.0, "objetivo_candidato": 186141.0, "objetivo_incumbente": 186141.0, "passada": 1, "status_solver": "OPTIMAL", "tempo_gasto_s": 0.72, "tempo_limite_subproblema_s": 12229.43, "variaveis_x_fixadas": 92920, "variaveis_x_livres": 2070, "vizinhanca": "curso"}, {"curso": "HIS", "disciplinas_livres": 24, "iteracao": 9, "melhorou": false, "objetivo_anterior": 186141.0, "objetivo_candidato": 186141.0, "objetivo_incumbente": 186141.0, "passada": 1, "status_solver": "OPTIMAL", "tempo_gasto_s": 301.23, "tempo_limite_subproblema_s": 12228.72, "variaveis_x_fixadas": 90206, "variaveis_x_livres": 4784, "vizinhanca": "curso"}, {"curso": "LET", "disciplinas_livres": 36, "iteracao": 10, "melhorou": true, "objetivo_anterior": 186141.0, "objetivo_candidato": 186139.0, "objetivo_incumbente": 186139.0, "passada": 1, "status_solver": "OPTIMAL", "tempo_gasto_s": 359.99, "tempo_limite_subproblema_s": 11927.49, "variaveis_x_fixadas": 85836, "variaveis_x_livres": 9154, "vizinhanca": "curso"}, {"curso": "MAT", "disciplinas_livres": 23, "iteracao": 11, "melhorou": false, "objetivo_anterior": 186139.0, "objetivo_candidato": 186139.0, "objetivo_incumbente": 186139.0, "passada": 1, "status_solver": "OPTIMAL", "tempo_gasto_s": 301.63, "tempo_limite_subproblema_s": 11567.5, "variaveis_x_fixadas": 90022, "variaveis_x_livres": 4968, "vizinhanca": "curso"}, {"curso": "MED", "disciplinas_livres": 41, "iteracao": 12, "melhorou": false, "objetivo_anterior": 186139.0, "objetivo_candidato": 186139.0, "objetivo_incumbente": 186139.0, "passada": 1, "status_solver": "OPTIMAL", "tempo_gasto_s": 303.0, "tempo_limite_subproblema_s": 11265.87, "variaveis_x_fixadas": 85606, "variaveis_x_livres": 9384, "vizinhanca": "curso"}, {"curso": "PED", "disciplinas_livres": 56, "iteracao": 13, "melhorou": true, "objetivo_anterior": 186139.0, "objetivo_candidato": 186105.5, "objetivo_incumbente": 186105.5, "passada": 1, "status_solver": "OPTIMAL", "tempo_gasto_s": 350.5, "tempo_limite_subproblema_s": 10962.87, "variaveis_x_fixadas": 82202, "variaveis_x_livres": 12788, "vizinhanca": "curso"}, {"curso": "ADM", "disciplinas_livres": 48, "iteracao": 1, "melhorou": false, "objetivo_anterior": 186105.5, "objetivo_candidato": 186105.5, "objetivo_incumbente": 186105.5, "passada": 2, "status_solver": "OPTIMAL", "tempo_gasto_s": 302.82, "tempo_limite_subproblema_s": 10612.37, "variaveis_x_fixadas": 85698, "variaveis_x_livres": 9292, "vizinhanca": "curso"}, {"curso": "AGRO", "disciplinas_livres": 51, "iteracao": 2, "melhorou": false, "objetivo_anterior": 186105.5, "objetivo_candidato": 186105.5, "objetivo_incumbente": 186105.5, "passada": 2, "status_solver": "OPTIMAL", "tempo_gasto_s": 326.1, "tempo_limite_subproblema_s": 10309.55, "variaveis_x_fixadas": 86250, "variaveis_x_livres": 8740, "vizinhanca": "curso"}, {"curso": "CC", "disciplinas_livres": 47, "iteracao": 3, "melhorou": false, "objetivo_anterior": 186105.5, "objetivo_candidato": 186105.5, "objetivo_incumbente": 186105.5, "passada": 2, "status_solver": "OPTIMAL", "tempo_gasto_s": 312.19, "tempo_limite_subproblema_s": 9983.45, "variaveis_x_fixadas": 84456, "variaveis_x_livres": 10534, "vizinhanca": "curso"}, {"curso": "CS", "disciplinas_livres": 22, "iteracao": 4, "melhorou": false, "objetivo_anterior": 186105.5, "objetivo_candidato": 186105.5, "objetivo_incumbente": 186105.5, "passada": 2, "status_solver": "OPTIMAL", "tempo_gasto_s": 300.94, "tempo_limite_subproblema_s": 9671.26, "variaveis_x_fixadas": 90436, "variaveis_x_livres": 4554, "vizinhanca": "curso"}, {"curso": "EAS", "disciplinas_livres": 45, "iteracao": 5, "melhorou": false, "objetivo_anterior": 186105.5, "objetivo_candidato": 186105.5, "objetivo_incumbente": 186105.5, "passada": 2, "status_solver": "OPTIMAL", "tempo_gasto_s": 303.08, "tempo_limite_subproblema_s": 9370.32, "variaveis_x_fixadas": 87538, "variaveis_x_livres": 7452, "vizinhanca": "curso"}, {"curso": "ENF", "disciplinas_livres": 18, "iteracao": 6, "melhorou": false, "objetivo_anterior": 186105.5, "objetivo_candidato": 186105.5, "objetivo_incumbente": 186105.5, "passada": 2, "status_solver": "OPTIMAL", "tempo_gasto_s": 327.47, "tempo_limite_subproblema_s": 9067.24, "variaveis_x_fixadas": 86480, "variaveis_x_livres": 8510, "vizinhanca": "curso"}, {"curso": "FIL", "disciplinas_livres": 15, "iteracao": 7, "melhorou": false, "objetivo_anterior": 186105.5, "objetivo_candidato": 186105.5, "objetivo_incumbente": 186105.5, "passada": 2, "status_solver": "OPTIMAL", "tempo_gasto_s": 300.73, "tempo_limite_subproblema_s": 8739.77, "variaveis_x_fixadas": 92230, "variaveis_x_livres": 2760, "vizinhanca": "curso"}, {"curso": "GEO", "disciplinas_livres": 10, "iteracao": 8, "melhorou": false, "objetivo_anterior": 186105.5, "objetivo_candidato": 186105.5, "objetivo_incumbente": 186105.5, "passada": 2, "status_solver": "OPTIMAL", "tempo_gasto_s": 0.7, "tempo_limite_subproblema_s": 8439.04, "variaveis_x_fixadas": 92920, "variaveis_x_livres": 2070, "vizinhanca": "curso"}, {"curso": "HIS", "disciplinas_livres": 24, "iteracao": 9, "melhorou": false, "objetivo_anterior": 186105.5, "objetivo_candidato": 186105.5, "objetivo_incumbente": 186105.5, "passada": 2, "status_solver": "OPTIMAL", "tempo_gasto_s": 1.96, "tempo_limite_subproblema_s": 8438.34, "variaveis_x_fixadas": 90206, "variaveis_x_livres": 4784, "vizinhanca": "curso"}, {"curso": "LET", "disciplinas_livres": 36, "iteracao": 10, "melhorou": false, "objetivo_anterior": 186105.5, "objetivo_candidato": 186105.5, "objetivo_incumbente": 186105.5, "passada": 2, "status_solver": "OPTIMAL", "tempo_gasto_s": 326.42, "tempo_limite_subproblema_s": 8436.39, "variaveis_x_fixadas": 85836, "variaveis_x_livres": 9154, "vizinhanca": "curso"}, {"curso": "MAT", "disciplinas_livres": 23, "iteracao": 11, "melhorou": false, "objetivo_anterior": 186105.5, "objetivo_candidato": 186105.5, "objetivo_incumbente": 186105.5, "passada": 2, "status_solver": "OPTIMAL", "tempo_gasto_s": 301.24, "tempo_limite_subproblema_s": 8109.97, "variaveis_x_fixadas": 90022, "variaveis_x_livres": 4968, "vizinhanca": "curso"}, {"curso": "MED", "disciplinas_livres": 41, "iteracao": 12, "melhorou": false, "objetivo_anterior": 186105.5, "objetivo_candidato": 186105.5, "objetivo_incumbente": 186105.5, "passada": 2, "status_solver": "OPTIMAL", "tempo_gasto_s": 308.85, "tempo_limite_subproblema_s": 7808.72, "variaveis_x_fixadas": 85606, "variaveis_x_livres": 9384, "vizinhanca": "curso"}, {"curso": "PED", "disciplinas_livres": 56, "iteracao": 13, "melhorou": false, "objetivo_anterior": 186105.5, "objetivo_candidato": 186105.5, "objetivo_incumbente": 186105.5, "passada": 2, "status_solver": "OPTIMAL", "tempo_gasto_s": 397.53, "tempo_limite_subproblema_s": 7499.87, "variaveis_x_fixadas": 82202, "variaveis_x_livres": 12788, "vizinhanca": "curso"}], "melhorias_aceitas": 5, "objetivo_final": 186105.5, "objetivo_inicial": 186294.0, "passadas_executadas": 2, "status": "CONCLUIDO", "tempo_total_s": 7297.79, "total_iteracoes": 26}
