Agrupamento!
Curso:  ADMINISTRAÇÃO
Disciplina 1: GCS528_1 | ('2M2345 (04/03/2024 - 29/04/2024)',)
Disciplina 2: GCH087_1 | ('2M2345 (06/05/2024 - 01/07/2024)',)
Agrupamento!
Curso:  ENFERMAGEM
Disciplina 1: GCH090_1 | ('3T1234 (06/05/2024 - 06/07/2024)',)
Disciplina 2: GSA020_1 | ('3T1234 (04/03/2024 - 04/05/2024)',)
Agrupamento!
Curso:  ENGENHARIA AMBIENTAL E SANITÁRIA
Disciplina 1: GEN108_1 | ('2T345 (04/03/2024 - 11/05/2024),  2T345 6T45 (13/05/2024 - 06/07/2024),  2T34 (08/07/2024 - 13/07/2024)',)
Disciplina 2: GEN107_1 | ('5T123 6T45 (04/03/2024 - 11/05/2024),  5T123 (13/05/2024 - 13/07/2024)',)
Agrupamento!
Curso:  LETRAS - PORTUGUÊS E ESPANHOL
Disciplina 1: GLA369_1 | ('2N1234 (15/04/2024 - 15/06/2024),  2T12  2N1234 (17/06/2024 - 22/06/2024)',)
Disciplina 2: GCH837_2 | ('2T12345  2N1234 (04/03/2024 - 13/04/2024),  2T12345 (15/04/2024 - 04/05/2024),  2T12345 (27/05/2024 - 08/06/2024),  2T12345 (10/06/2024 - 15/06/2024),  2N1234 (24/06/2024 - 13/07/2024)',)
Agrupamento!
Curso:  LETRAS - PORTUGUÊS E ESPANHOL
Disciplina 1: GLA381_1 | ('4N1234 (08/04/2024 - 11/05/2024),  4T1234  4N1234 (13/05/2024 - 25/05/2024),  4N1234 (27/05/2024 - 13/07/2024)',)
Disciplina 2: GLA379_1 | ('4N1234 (04/03/2024 - 06/04/2024),   2N1234 (08/04/2024 - 13/04/2024),  2N1234 (29/04/2024 - 11/05/2024), 2N1234 (24/06/2024 - 24/06/2024)',)
Agrupamento!
Curso:  LETRAS - PORTUGUÊS E ESPANHOL
Disciplina 1: GLA380_1 | ('6N1234 (20/05/2024 - 01/06/2024),  6T1234  6N1234 (03/06/2024 - 08/06/2024),  6N1234 (10/06/2024 - 13/07/2024)',)
Disciplina 2: GLA384_1 | ('6T12  6N1234 (04/03/2024 - 09/03/2024),  6N1234 (11/03/2024 - 18/05/2024)',)
Agrupamento!
Curso:  LETRAS - PORTUGUÊS E ESPANHOL
Disciplina 1: GLA383_1 | ('2N1234 (04/03/2024 - 06/04/2024),  2N1234 (15/04/2024 - 27/04/2024),  2N1234 (13/05/2024 - 22/06/2024),  2N1234 (01/07/2024 - 13/07/2024)',)
Disciplina 2: GLA379_1 | ('4N1234 (04/03/2024 - 06/04/2024),   2N1234 (08/04/2024 - 13/04/2024),  2N1234 (29/04/2024 - 11/05/2024), 2N1234 (24/06/2024 - 24/06/2024)',)
Agrupamento!
Curso:  LETRAS - PORTUGUÊS E ESPANHOL
Disciplina 1: GLA386_1 | ('3N1234 (29/04/2024 - 06/07/2024),  3N12 (08/07/2024 - 13/07/2024)',)
Disciplina 2: GLA385_1 | ('3T12345  3N1234 (04/03/2024 - 16/03/2024),  3N1234 (18/03/2024 - 27/04/2024)',)
Agrupamento!
Curso:  LETRAS - PORTUGUÊS E ESPANHOL
Disciplina 1: GLA395_1 | ('2T1234  2N1234 (04/03/2024 - 23/03/2024),  2T1234 (25/03/2024 - 30/03/2024),  2N1234 (01/07/2024 - 13/07/2024)',)
Disciplina 2: GLA397_1 | ('2N1234 (25/03/2024 - 01/06/2024),  2N12 (03/06/2024 - 08/06/2024)',)
Agrupamento!
Curso:  MATEMÁTICA
Disciplina 1: GEX983_1 | ('6N1234 (04/03/2024 - 26/04/2024),  6N12 (03/05/2024 - 03/05/2024)',)
Disciplina 2: GEX980_1 | ('6N1234 (17/05/2024 - 24/05/2024),  6N1234 (07/06/2024 - 05/07/2024),  6N12 (12/07/2024 - 12/07/2024)',)
Agrupamento!
Curso:  MATEMÁTICA
Disciplina 1: GEX989_1 | ('4N1234 (13/03/2024 - 13/03/2024),  4N1234 (10/04/2024 - 10/04/2024),  4N1234 (08/05/2024 - 08/05/2024),  4N1234 (22/05/2024 - 22/05/2024),  4N1234 (12/06/2024 - 12/06/2024),  2N1234 (17/06/2024 - 17/06/2024),  24N1234 (24/06/2024 - 26/06/2024),  2N1234 (01/07/2024 - 01/07/2024)',)
Disciplina 2: GEX988_1 | ('2N1234 (04/03/2024 - 10/06/2024)',)
Agrupamento!
Curso:  MATEMÁTICA
Disciplina 1: GEX996_1 | ('2N1234 (04/03/2024 - 04/03/2024),  2N1234 (18/03/2024 - 18/03/2024),  2N1234 (01/04/2024 - 01/04/2024),  2N1234 (15/04/2024 - 15/04/2024),  2N1234 (29/04/2024 - 29/04/2024),  2N1234 (13/05/2024 - 13/05/2024),  2N1234 (27/05/2024 - 27/05/2024),  2N1234 (10/06/2024 - 10/06/2024),  2N1234 (24/06/2024 - 24/06/2024)',)
Disciplina 2: GEX995_1 | ('2N1234 (11/03/2024 - 11/03/2024),  2T2345  2N1234 (25/03/2024 - 25/03/2024),  2T2345 (01/04/2024 - 01/04/2024),  2T2345  2N1234 (08/04/2024 - 08/04/2024),  2T2345 (15/04/2024 - 15/04/2024),  2T2345  2N1234 (22/04/2024 - 22/04/2024),  2T2345 (29/04/2024 - 29/04/2024),  2T2345  2N1234 (06/05/2024 - 06/05/2024),  2T2345 (13/05/2024 - 13/05/2024),  2T2345  2N1234 (20/05/2024 - 20/05/2024),  2T2345 (27/05/2024 - 27/05/2024),  2T2345  2N1234 (03/06/2024 - 03/06/2024),  2T2345 (10/06/2024 - 10/06/2024),  2T2345  2N1234 (17/06/2024 - 17/06/2024),  2T2345 (24/06/2024 - 24/06/2024),  2N12 (01/07/2024 - 01/07/2024)',)
Agrupamento!
Curso:  MEDICINA
Disciplina 1: GSA286_1 | ('4T1234 (06/03/2024 - 06/03/2024),  4T1234 (20/03/2024 - 20/03/2024),  4T1234 (03/04/2024 - 03/04/2024),  4T1234 (17/04/2024 - 17/04/2024),  4T1234 (08/05/2024 - 08/05/2024),  4T1234 (22/05/2024 - 22/05/2024),  4T1234 (29/05/2024 - 29/05/2024),  4T1234 (12/06/2024 - 12/06/2024),  4T1234 (26/06/2024 - 26/06/2024)',)
Disciplina 2: GSA285_1 | ('4T12345 (05/06/2024 - 05/06/2024),  4T12345 (19/06/2024 - 19/06/2024),  4T12345 (03/07/2024 - 03/07/2024),  4T123 (10/07/2024 - 10/07/2024)',)
Agrupamento!
Curso:  PEDAGOGIA
Disciplina 1: GCH1036_1 | ('5M1234 (28/03/2024 - 28/03/2024), 5M1234 (02/05/2024 - 02/05/2024), 5M1234 (06/06/2024 - 06/06/2024), 5M1234 (20/06/2024 - 20/06/2024), 5M12 (27/06/2024 - 27/06/2024)',)
Disciplina 2: GCH1100_1 | ('5M1234 (04/03/2024 - 21/03/2024), 5M1234 (04/04/2024 - 25/04/2024), 5M1234 (09/05/2024 - 09/05/2024), 5M1234 (16/05/2024 - 16/05/2024)',)
Agrupamento!
Curso:  PEDAGOGIA
Disciplina 1: GCH1039_1 | ('4N1234 (27/03/2024 - 27/03/2024),  4N1234 (08/05/2024 - 08/05/2024),  4N1234 (27/05/2024 - 08/06/2024),  4N12 (12/06/2024 - 12/06/2024)',)
Disciplina 2: GCH1038_1 | ('4N1234 (04/03/2024 - 23/03/2024),  4N1234 (01/04/2024 - 27/04/2024),  4N1234 (13/05/2024 - 25/05/2024)',)
Agrupamento!
Curso:  PEDAGOGIA
Disciplina 1: GCH1099_1 | ('6M1234 (04/03/2024 - 23/03/2024), 6M1234 (08/04/2024 - 04/05/2024), 6M1234 (13/05/2024 - 01/06/2024), 6M1234 (14/06/2024 - 14/06/2024), 6M34 (28/06/2024 - 28/06/2024), 6M1234 (01/07/2024 - 13/07/2024)',)
Disciplina 2: GCH1088_1 | ('6M1234 (01/04/2024 - 06/04/2024), 6M1234 (06/05/2024 - 11/05/2024), 6M1234 (03/06/2024 - 08/06/2024), 6M1234 (17/06/2024 - 22/06/2024), 6M12 (24/06/2024 - 29/06/2024)',)
Agrupamento!
Curso:  PEDAGOGIA
Disciplina 1: GCH1105_1 | ('3N1234 (04/03/2024 - 30/03/2024), 7M123456  3N1234 (01/07/2024 - 13/07/2024)',)
Disciplina 2: GCH1104_1 | ('3N1234 (01/04/2024 - 27/04/2024),  3N1234 (06/05/2024 - 18/05/2024)',)
Agrupamento!
Curso:  PEDAGOGIA
Disciplina 1: GCH1106_1 | ('2N1234 (25/03/2024 - 25/03/2024),  2N1234 (29/04/2024 - 29/04/2024),  2N1234 (27/05/2024 - 27/05/2024),  2N1234 (10/06/2024 - 10/06/2024),  2N12 (17/06/2024 - 17/06/2024)',)
Disciplina 2: GCH1102_1 | ('2N1234 (04/03/2024 - 23/03/2024),  2N1234 (01/04/2024 - 27/04/2024),  2N1234 (06/05/2024 - 25/05/2024),  2N1234 (03/06/2024 - 03/06/2024),  2N34 (17/06/2024 - 17/06/2024),  2N1234 (24/06/2024 - 06/07/2024)',)
Agrupamento!
Curso:  PEDAGOGIA
Disciplina 1: GCH1109_1 | ('3M1234 (06/05/2024 - 06/07/2024)',)
Disciplina 2: GCH1108_1 | ('3M1234 (04/03/2024 - 04/05/2024)',)
Agrupamento!
Curso:  PEDAGOGIA
Disciplina 1: GCH1111_1 | ('5M1234 (28/03/2024 - 28/03/2024), 5M1234 (02/05/2024 - 02/05/2024), 5M1234 (06/06/2024 - 06/06/2024), 5M1234 (20/06/2024 - 20/06/2024), 5M12 (27/06/2024 - 27/06/2024)',)
Disciplina 2: GCH837_3 | ('57M12345 (04/03/2024 - 23/03/2024), 57M12345 (01/04/2024 - 27/04/2024), 5M12345 (06/05/2024 - 25/05/2024), 57M12345 (13/06/2024 - 15/06/2024), 5M345 (27/06/2024 - 27/06/2024), 5M12345 (01/07/2024 - 13/07/2024)',)
Agrupamento!
Curso:  PEDAGOGIA
Disciplina 1: GCH1114_1 | ('7M2345  5N1234 (06/05/2024 - 25/05/2024), 7M2345  5N1234 (27/05/2024 - 08/06/2024),  5N1234 (10/06/2024 - 13/07/2024)',)
Disciplina 2: GCH1115_1 | ('7M2345  5N1234 (04/03/2024 - 23/03/2024),  5N1234 (25/03/2024 - 20/04/2024), 7M2345  5N1234 (22/04/2024 - 04/05/2024)',)
Agrupamento!
Curso:  PEDAGOGIA
Disciplina 1: GCH1116_1 | ('4N1234 (27/03/2024 - 27/03/2024),  4N1234 (08/05/2024 - 08/05/2024),  4N1234 (05/06/2024 - 05/06/2024),  4N1234 (19/06/2024 - 19/06/2024),  4N12 (26/06/2024 - 26/06/2024)',)
Disciplina 2: GCH1113_1 | ('4N1234 (04/03/2024 - 23/03/2024),  4N1234 (01/04/2024 - 27/04/2024),  4N1234 (13/05/2024 - 01/06/2024),  4N1234 (12/06/2024 - 12/06/2024),  4N34 (26/06/2024 - 26/06/2024), 7M123456  7T123  4N1234 (01/07/2024 - 13/07/2024)',)
Agrupamento!
Curso:  PEDAGOGIA
Disciplina 1: GLA240_1 | ('5M1234 (04/03/2024 - 04/05/2024)',)
Disciplina 2: GCH1119_1 | ('5M1234 (06/05/2024 - 13/07/2024)',)
Agrupamento!
Curso:  PEDAGOGIA
Disciplina 1: GEX776_1 | ('6M1234 (13/05/2024 - 13/07/2024)',)
Disciplina 2: GCH1118_1 | ('6M1234 (04/03/2024 - 11/05/2024)',)
Agrupamento!
Curso:  PEDAGOGIA
Disciplina 1: GCH1121_1 | ('7M2345 (09/03/2024 - 09/03/2024),  4N1234 (13/03/2024 - 13/03/2024), 7M2345 (16/03/2024 - 16/03/2024), 7M2345 (23/03/2024 - 23/03/2024),  4N1234 (10/04/2024 - 10/04/2024),  4N1234 (08/05/2024 - 08/05/2024),  4N1234 (22/05/2024 - 22/05/2024),  4N1234 (12/06/2024 - 12/06/2024),  4N1234 (26/06/2024 - 26/06/2024)',)
Disciplina 2: GEX777_1 | ('4N1234 (06/03/2024 - 06/03/2024),  4N1234 (18/03/2024 - 06/04/2024),  4N1234 (15/04/2024 - 27/04/2024), 7M2345  4N1234 (15/05/2024 - 18/05/2024), 7M2345  4N1234 (27/05/2024 - 08/06/2024), 7M2345  4N1234 (19/06/2024 - 22/06/2024), 7M2345  4N1234 (01/07/2024 - 13/07/2024)',)
Agrupamento!
Curso:  PEDAGOGIA
Disciplina 1: GCH1126_1 | ('2N1234 (25/03/2024 - 25/03/2024),  2N1234 (29/04/2024 - 29/04/2024),  2N1234 (27/05/2024 - 27/05/2024),  2N1234 (10/06/2024 - 10/06/2024),  2N12 (17/06/2024 - 17/06/2024)',)
Disciplina 2: GCH1122_1 | ('2N1234 (04/03/2024 - 23/03/2024),  2N1234 (01/04/2024 - 27/04/2024),  2N1234 (06/05/2024 - 06/05/2024),  2N1234 (13/05/2024 - 13/05/2024),  7T2345 (18/05/2024 - 18/05/2024),  2N1234 (20/05/2024 - 20/05/2024),  7T2345 (25/05/2024 - 25/05/2024),  7T2345 (01/06/2024 - 01/06/2024),  2N1234 (03/06/2024 - 03/06/2024),  7T2345 (08/06/2024 - 08/06/2024),  2N1234 (24/06/2024 - 13/07/2024)',)
Agrupamento!
Curso:  PEDAGOGIA
Disciplina 1: GCH1134_1 | ('3N1234 (26/03/2024 - 26/03/2024),  3N1234 (30/04/2024 - 30/04/2024),  3N1234 (21/05/2024 - 01/06/2024),  3N12 (04/06/2024 - 04/06/2024)',)
Disciplina 2: GCH1132_1 | ('3N1234 (04/03/2024 - 23/03/2024),  3N1234 (01/04/2024 - 27/04/2024),  3N1234 (06/05/2024 - 18/05/2024)',)
Agrupamentos:  27
Set parameter Username
Set parameter LicenseID to value 2851439
Academic license - for non-commercial use only - expires 2027-08-04
Set parameter TimeLimit to value 25200
Set parameter TimeLimit to value 180
Set parameter MIPFocus to value 1
Set parameter NoRelHeurTime to value 180
Gurobi Optimizer version 10.0.2 build v10.0.2rc0 (mac64[arm])

CPU model: Apple M5
Thread count: 10 physical cores, 10 logical processors, using up to 10 threads

Optimize a model with 548706 rows, 284763 columns and 1341935 nonzeros
Model fingerprint: 0x554225e6
Variable types: 0 continuous, 284763 integer (264707 binary)
Coefficient statistics:
  Matrix range     [1e+00, 8e+01]
  Objective range  [5e-01, 2e+03]
  Bounds range     [1e+00, 1e+00]
  RHS range        [1e+00, 1e+02]
Found heuristic solution: objective 4130000.0000
Presolve removed 258478 rows and 68178 columns
Presolve time: 1.60s
Presolved: 290228 rows, 216585 columns, 898474 nonzeros
Variable types: 0 continuous, 216585 integer (216585 binary)
Found heuristic solution: objective 3264725.0000
Starting NoRel heuristic
Found heuristic solution: objective 3264325.0000
Found heuristic solution: objective 1205379.0000
Found heuristic solution: objective 1168629.0000
Found heuristic solution: objective 1167689.0000
Found heuristic solution: objective 1014507.5000
Found heuristic solution: objective 1001215.0000
Found heuristic solution: objective 980986.50000
Found heuristic solution: objective 961056.50000
Found heuristic solution: objective 958228.00000
Found heuristic solution: objective 916147.00000
Elapsed time for NoRel heuristic: 5s (best bound -3.1692e+06)
Found heuristic solution: objective 878620.00000
Found heuristic solution: objective 870740.00000
Found heuristic solution: objective 844845.00000
Found heuristic solution: objective 810575.50000
Found heuristic solution: objective 801066.00000
Found heuristic solution: objective 500264.00000
Found heuristic solution: objective 499864.00000
Found heuristic solution: objective 489746.00000
Found heuristic solution: objective 470090.50000
Found heuristic solution: objective 466390.50000
Found heuristic solution: objective 455585.50000
Found heuristic solution: objective 449164.50000
Found heuristic solution: objective 440196.00000
Found heuristic solution: objective 435634.50000
Found heuristic solution: objective 418926.00000
Found heuristic solution: objective 414821.00000
Found heuristic solution: objective 411606.00000
Found heuristic solution: objective 410262.50000
Elapsed time for NoRel heuristic: 11s (best bound -2.80555e+06)
Found heuristic solution: objective 406462.50000
Found heuristic solution: objective 400876.00000
Found heuristic solution: objective 367801.50000
Found heuristic solution: objective 366830.00000
Found heuristic solution: objective 363434.50000
Found heuristic solution: objective 361914.00000
Found heuristic solution: objective 361384.50000
Found heuristic solution: objective 361084.50000
Found heuristic solution: objective 356589.00000
Found heuristic solution: objective 350552.00000
Found heuristic solution: objective 324668.00000
Found heuristic solution: objective 292767.50000
Found heuristic solution: objective 290377.00000
Found heuristic solution: objective 289797.00000
Found heuristic solution: objective 288797.00000
Elapsed time for NoRel heuristic: 16s (best bound -2.73885e+06)
Found heuristic solution: objective 287547.00000
Found heuristic solution: objective 285877.00000
Found heuristic solution: objective 285492.00000
Found heuristic solution: objective 283407.50000
Found heuristic solution: objective 279425.00000
Found heuristic solution: objective 277334.50000
Found heuristic solution: objective 275884.50000
Found heuristic solution: objective 275584.50000
Found heuristic solution: objective 274804.50000
Found heuristic solution: objective 274304.50000
Elapsed time for NoRel heuristic: 22s (best bound -2.35215e+06)
Found heuristic solution: objective 273764.50000
Found heuristic solution: objective 271257.50000
Found heuristic solution: objective 270139.00000
Found heuristic solution: objective 269539.00000
Found heuristic solution: objective 255639.00000
Found heuristic solution: objective 254829.00000
Found heuristic solution: objective 251338.00000
Found heuristic solution: objective 250938.00000
Found heuristic solution: objective 249513.00000
Found heuristic solution: objective 248763.00000
Elapsed time for NoRel heuristic: 28s (best bound -2.0731e+06)
Found heuristic solution: objective 247303.00000
Found heuristic solution: objective 246158.00000
Found heuristic solution: objective 241998.50000
Found heuristic solution: objective 239900.50000
Found heuristic solution: objective 237641.00000
Found heuristic solution: objective 233357.00000
Found heuristic solution: objective 232451.50000
Elapsed time for NoRel heuristic: 33s (best bound -1.7143e+06)
Found heuristic solution: objective 231921.50000
Found heuristic solution: objective 231421.50000
Found heuristic solution: objective 231296.50000
Found heuristic solution: objective 229526.50000
Found heuristic solution: objective 227472.50000
Found heuristic solution: objective 221368.00000
Found heuristic solution: objective 218695.00000
Found heuristic solution: objective 218195.00000
Elapsed time for NoRel heuristic: 38s (best bound -1.5166e+06)
Found heuristic solution: objective 218175.00000
Found heuristic solution: objective 217930.00000
Found heuristic solution: objective 217273.00000
Found heuristic solution: objective 216016.00000
Found heuristic solution: objective 212777.50000
Elapsed time for NoRel heuristic: 44s (best bound -1.1016e+06)
Found heuristic solution: objective 209085.50000
Found heuristic solution: objective 207924.00000
Found heuristic solution: objective 206557.50000
Found heuristic solution: objective 204211.00000
Found heuristic solution: objective 201797.50000
Found heuristic solution: objective 201772.50000
Elapsed time for NoRel heuristic: 50s (best bound -649500)
Found heuristic solution: objective 201486.50000
Found heuristic solution: objective 201417.00000
Found heuristic solution: objective 200153.50000
Found heuristic solution: objective 199528.00000
Found heuristic solution: objective 199493.00000
Found heuristic solution: objective 199052.00000
Found heuristic solution: objective 198921.00000
Elapsed time for NoRel heuristic: 56s (best bound -401250)
Found heuristic solution: objective 197249.50000
Found heuristic solution: objective 196489.00000
Found heuristic solution: objective 196219.00000
Found heuristic solution: objective 196199.00000
Found heuristic solution: objective 195437.00000
Found heuristic solution: objective 194981.50000
Found heuristic solution: objective 194941.50000
Found heuristic solution: objective 194682.00000
Found heuristic solution: objective 194302.00000
Elapsed time for NoRel heuristic: 62s (best bound -151950)
Found heuristic solution: objective 194287.00000
Found heuristic solution: objective 193982.00000
Found heuristic solution: objective 193873.00000
Found heuristic solution: objective 193778.00000
Elapsed time for NoRel heuristic: 67s (best bound -100500)
Found heuristic solution: objective 193673.00000
Found heuristic solution: objective 193623.00000
Found heuristic solution: objective 193338.00000
Found heuristic solution: objective 192857.50000
Found heuristic solution: objective 192847.50000
Found heuristic solution: objective 192665.00000
Found heuristic solution: objective 192469.00000
Elapsed time for NoRel heuristic: 72s (best bound 6018.5)
Found heuristic solution: objective 192309.00000
Found heuristic solution: objective 192274.00000
Found heuristic solution: objective 192158.00000
Found heuristic solution: objective 191498.50000
Found heuristic solution: objective 191313.50000
Elapsed time for NoRel heuristic: 78s (best bound 55680.7)
Found heuristic solution: objective 191233.50000
Found heuristic solution: objective 190440.50000
Found heuristic solution: objective 190317.50000
Elapsed time for NoRel heuristic: 85s (best bound 60364.5)
Found heuristic solution: objective 190302.50000
Found heuristic solution: objective 190212.50000
Found heuristic solution: objective 190117.50000
Found heuristic solution: objective 189962.00000
Found heuristic solution: objective 189754.50000
Elapsed time for NoRel heuristic: 91s (best bound 65280.5)
Found heuristic solution: objective 189739.50000
Found heuristic solution: objective 189729.50000
Found heuristic solution: objective 189517.50000
Elapsed time for NoRel heuristic: 98s (best bound 72037)
Found heuristic solution: objective 189292.50000
Elapsed time for NoRel heuristic: 103s (best bound 74682.5)
Found heuristic solution: objective 189232.00000
Found heuristic solution: objective 189227.00000
Found heuristic solution: objective 189218.50000
Found heuristic solution: objective 189012.00000
Found heuristic solution: objective 188954.50000
Found heuristic solution: objective 188706.50000
Found heuristic solution: objective 188661.50000
Elapsed time for NoRel heuristic: 113s (best bound 82085)
Found heuristic solution: objective 188576.50000
Found heuristic solution: objective 188423.50000
Elapsed time for NoRel heuristic: 120s (best bound 85715)
Found heuristic solution: objective 187842.50000
Elapsed time for NoRel heuristic: 125s (best bound 89597.5)
Found heuristic solution: objective 187460.00000
Elapsed time for NoRel heuristic: 132s (best bound 94363)
Found heuristic solution: objective 187205.00000
Elapsed time for NoRel heuristic: 139s (best bound 97632.5)
Found heuristic solution: objective 187190.00000
Found heuristic solution: objective 187178.50000
Elapsed time for NoRel heuristic: 146s (best bound 99456.2)
Found heuristic solution: objective 187147.50000
Found heuristic solution: objective 187132.50000
Elapsed time for NoRel heuristic: 155s (best bound 102589)
Found heuristic solution: objective 187097.50000
Found heuristic solution: objective 187082.50000
Elapsed time for NoRel heuristic: 164s (best bound 105074)
Found heuristic solution: objective 187047.50000
Found heuristic solution: objective 186761.50000
Elapsed time for NoRel heuristic: 172s (best bound 108546)
Found heuristic solution: objective 186694.50000
Elapsed time for NoRel heuristic: 178s (best bound 111048)
NoRel heuristic complete

Explored 0 nodes (0 simplex iterations) in 180.06 seconds (162.47 work units)
Thread count was 10 (of 10 available processors)

Solution count 10: 186694 186762 187048 ... 187205

Time limit reached
Best objective 1.866945000000e+05, best bound 1.110481666667e+05, gap 40.5188%
Solução -> não <- ótima.
Set parameter TimeLimit to value 25200
Set parameter TimeLimit to value 600
Set parameter NoRelHeurTime to value 0
Gurobi Optimizer version 10.0.2 build v10.0.2rc0 (mac64[arm])

CPU model: Apple M5
Thread count: 10 physical cores, 10 logical processors, using up to 10 threads

Optimize a model with 548706 rows, 284763 columns and 1341935 nonzeros
Model fingerprint: 0x2e4d5d1e
Variable types: 0 continuous, 284763 integer (264707 binary)
Coefficient statistics:
  Matrix range     [1e+00, 8e+01]
  Objective range  [5e-01, 2e+03]
  Bounds range     [1e+00, 1e+00]
  RHS range        [1e+00, 1e+02]

User MIP start produced solution with objective 186694 (0.12s)
Loaded user MIP start with objective 186694
MIP start from previous solve did not produce a new incumbent solution

Presolve removed 534600 rows and 273208 columns
Presolve time: 0.22s
Presolved: 14106 rows, 11555 columns, 41072 nonzeros
Variable types: 0 continuous, 11555 integer (11555 binary)

Root relaxation: objective 1.865540e+05, 4321 iterations, 0.11 seconds (0.20 work units)

    Nodes    |    Current Node    |     Objective Bounds      |     Work
 Expl Unexpl |  Obj  Depth IntInf | Incumbent    BestBd   Gap | It/Node Time

     0     0 186554.000    0  379 186694.500 186554.000  0.08%     -    0s
     0     0 186554.000    0  379 186694.500 186554.000  0.08%     -    0s
     0     0 186554.000    0  115 186694.500 186554.000  0.08%     -    0s
     0     0 186557.167    0   70 186694.500 186557.167  0.07%     -    0s
     0     0 186561.000    0  128 186694.500 186561.000  0.07%     -    0s
     0     0 186561.000    0   64 186694.500 186561.000  0.07%     -    0s
     0     0 186561.000    0   94 186694.500 186561.000  0.07%     -    0s
     0     0 186561.000    0   81 186694.500 186561.000  0.07%     -    0s
H    0     0                    186684.50000 186561.000  0.07%     -    0s
H    0     0                    186674.00000 186561.000  0.06%     -    0s
     0     0 186561.500    0   76 186674.000 186561.500  0.06%     -    0s
     0     0 186562.000    0   92 186674.000 186562.000  0.06%     -    0s
     0     0 186563.917    0  102 186674.000 186563.917  0.06%     -    0s
     0     0 186563.917    0  102 186674.000 186563.917  0.06%     -    0s
H    0     0                    186669.50000 186563.917  0.06%     -    0s
     0     0 186565.250    0   87 186669.500 186565.250  0.06%     -    0s
H    0     0                    186666.50000 186565.250  0.05%     -    0s
     0     0 186567.900    0   88 186666.500 186567.900  0.05%     -    0s
     0     2 186568.000    0   85 186666.500 186568.000  0.05%     -    0s
H  120    55                    186664.50000 186572.167  0.05%  16.1    0s
*  155    51              12    186661.50000 186573.750  0.05%  15.9    0s

Cutting planes:
  Gomory: 1
  MIR: 1
  Inf proof: 2
  Zero half: 25
  RLT: 13
  BQP: 15

Explored 488 nodes (15132 simplex iterations) in 0.74 seconds (1.69 work units)
Thread count was 10 (of 10 available processors)

Solution count 7: 186662 186664 186666 ... 186694

Optimal solution found (tolerance 1.00e-04)
Best objective 1.866615000000e+05, best bound 1.866615000000e+05, gap 0.0000%
Solução ótima encontrada.
Set parameter TimeLimit to value 25200
Set parameter TimeLimit to value 600
Gurobi Optimizer version 10.0.2 build v10.0.2rc0 (mac64[arm])

CPU model: Apple M5
Thread count: 10 physical cores, 10 logical processors, using up to 10 threads

Optimize a model with 548706 rows, 284763 columns and 1341935 nonzeros
Model fingerprint: 0xcf8dd83e
Variable types: 0 continuous, 284763 integer (264707 binary)
Coefficient statistics:
  Matrix range     [1e+00, 8e+01]
  Objective range  [5e-01, 2e+03]
  Bounds range     [1e+00, 1e+00]
  RHS range        [1e+00, 1e+02]

User MIP start produced solution with objective 186662 (0.10s)
Loaded user MIP start with objective 186662
MIP start from previous solve did not produce a new incumbent solution

Presolve removed 529643 rows and 269702 columns
Presolve time: 0.23s
Presolved: 19063 rows, 15061 columns, 54691 nonzeros
Variable types: 0 continuous, 15061 integer (15061 binary)

Root relaxation: objective 1.862224e+05, 12120 iterations, 0.31 seconds (0.59 work units)

    Nodes    |    Current Node    |     Objective Bounds      |     Work
 Expl Unexpl |  Obj  Depth IntInf | Incumbent    BestBd   Gap | It/Node Time

     0     0 186222.438    0  698 186661.500 186222.438  0.24%     -    0s
     0     0 186222.438    0  729 186661.500 186222.438  0.24%     -    0s
     0     0 186222.521    0  698 186661.500 186222.521  0.24%     -    0s
     0     0 186222.521    0  680 186661.500 186222.521  0.24%     -    1s
     0     0 186440.064    0 1234 186661.500 186440.064  0.12%     -    1s
     0     0 186440.255    0 1218 186661.500 186440.255  0.12%     -    1s
     0     0 186442.407    0 1295 186661.500 186442.407  0.12%     -    1s
     0     0 186442.538    0 1250 186661.500 186442.538  0.12%     -    1s
     0     0 186442.538    0 1234 186661.500 186442.538  0.12%     -    1s
     0     0 186442.538    0 1235 186661.500 186442.538  0.12%     -    1s
     0     0 186442.538    0 1229 186661.500 186442.538  0.12%     -    1s
     0     0 186442.604    0 1258 186661.500 186442.604  0.12%     -    1s
     0     0 186442.755    0 1229 186661.500 186442.755  0.12%     -    1s
     0     0 186442.956    0 1251 186661.500 186442.956  0.12%     -    1s
     0     0 186444.013    0 1253 186661.500 186444.013  0.12%     -    1s
     0     0 186444.019    0 1247 186661.500 186444.019  0.12%     -    1s
     0     0 186554.363    0  791 186661.500 186554.363  0.06%     -    2s
     0     0 186554.363    0  394 186661.500 186554.363  0.06%     -    2s
     0     0 186554.363    0  825 186661.500 186554.363  0.06%     -    2s
     0     0 186602.949    0  528 186661.500 186602.949  0.03%     -    2s
     0     0 186613.621    0  488 186661.500 186613.621  0.03%     -    2s
     0     0 186613.902    0  507 186661.500 186613.902  0.03%     -    2s
     0     0 186614.058    0  474 186661.500 186614.058  0.03%     -    2s
     0     0 186618.081    0  488 186661.500 186618.081  0.02%     -    2s
     0     0 186618.081    0  497 186661.500 186618.081  0.02%     -    2s
     0     0 186618.108    0  498 186661.500 186618.108  0.02%     -    2s
     0     0 186618.108    0  492 186661.500 186618.108  0.02%     -    2s
     0     0 186618.108    0  495 186661.500 186618.108  0.02%     -    2s
H    0     0                    186658.50000 186618.108  0.02%     -    2s
     0     0     cutoff    0      186658.500 186658.500  0.00%     -    2s

Cutting planes:
  Gomory: 5
  Lift-and-project: 1
  Implied bound: 14
  Clique: 5
  MIR: 1
  Zero half: 24
  RLT: 105
  BQP: 25

Explored 1 nodes (49414 simplex iterations) in 2.97 seconds (6.09 work units)
Thread count was 10 (of 10 available processors)

Solution count 2: 186658 186662 

Optimal solution found (tolerance 1.00e-04)
Best objective 1.866585000000e+05, best bound 1.866585000000e+05, gap 0.0000%
Solução ótima encontrada.
Set parameter TimeLimit to value 25200
Set parameter TimeLimit to value 600
Gurobi Optimizer version 10.0.2 build v10.0.2rc0 (mac64[arm])

CPU model: Apple M5
Thread count: 10 physical cores, 10 logical processors, using up to 10 threads

Optimize a model with 548706 rows, 284763 columns and 1341935 nonzeros
Model fingerprint: 0x56d1d4c2
Variable types: 0 continuous, 284763 integer (264707 binary)
Coefficient statistics:
  Matrix range     [1e+00, 8e+01]
  Objective range  [5e-01, 2e+03]
  Bounds range     [1e+00, 1e+00]
  RHS range        [1e+00, 1e+02]

User MIP start produced solution with objective 186658 (0.10s)
Loaded user MIP start with objective 186658
MIP start from previous solve did not produce a new incumbent solution

Presolve removed 531203 rows and 270626 columns
Presolve time: 0.23s
Presolved: 17503 rows, 14137 columns, 51576 nonzeros
Variable types: 0 continuous, 14137 integer (14137 binary)

Root relaxation: objective 1.859065e+05, 2518 iterations, 0.04 seconds (0.07 work units)

    Nodes    |    Current Node    |     Objective Bounds      |     Work
 Expl Unexpl |  Obj  Depth IntInf | Incumbent    BestBd   Gap | It/Node Time

     0     0 185906.500    0  640 186658.500 185906.500  0.40%     -    0s
     0     0 186442.500    0  639 186658.500 186442.500  0.12%     -    0s
     0     0 186456.125    0  542 186658.500 186456.125  0.11%     -    0s
     0     0 186471.667    0  543 186658.500 186471.667  0.10%     -    0s
     0     0 186641.000    0  389 186658.500 186641.000  0.01%     -    0s

Cutting planes:
  Gomory: 4
  Clique: 23
  MIR: 1
  Zero half: 37
  RLT: 20
  BQP: 13

Explored 1 nodes (8255 simplex iterations) in 0.69 seconds (1.72 work units)
Thread count was 10 (of 10 available processors)

Solution count 1: 186658 

Optimal solution found (tolerance 1.00e-04)
Best objective 1.866585000000e+05, best bound 1.866410000000e+05, gap 0.0094%
Solução ótima encontrada.
Set parameter TimeLimit to value 25200
Set parameter TimeLimit to value 600
Gurobi Optimizer version 10.0.2 build v10.0.2rc0 (mac64[arm])

CPU model: Apple M5
Thread count: 10 physical cores, 10 logical processors, using up to 10 threads

Optimize a model with 548706 rows, 284763 columns and 1341935 nonzeros
Model fingerprint: 0xecd9e586
Variable types: 0 continuous, 284763 integer (264707 binary)
Coefficient statistics:
  Matrix range     [1e+00, 8e+01]
  Objective range  [5e-01, 2e+03]
  Bounds range     [1e+00, 1e+00]
  RHS range        [1e+00, 1e+02]

User MIP start produced solution with objective 186658 (0.10s)
Loaded user MIP start with objective 186658
MIP start from previous solve did not produce a new incumbent solution

Presolve removed 542965 rows and 279868 columns
Presolve time: 0.17s
Presolved: 5741 rows, 4895 columns, 16160 nonzeros
Variable types: 0 continuous, 4895 integer (4895 binary)

Root relaxation: cutoff, 806 iterations, 0.01 seconds (0.02 work units)

    Nodes    |    Current Node    |     Objective Bounds      |     Work
 Expl Unexpl |  Obj  Depth IntInf | Incumbent    BestBd   Gap | It/Node Time

     0     0     cutoff    0      186658.500 186658.500  0.00%     -    0s

Explored 1 nodes (806 simplex iterations) in 0.31 seconds (0.89 work units)
Thread count was 10 (of 10 available processors)

Solution count 1: 186658 

Optimal solution found (tolerance 1.00e-04)
Best objective 1.866585000000e+05, best bound 1.866585000000e+05, gap 0.0000%
Solução ótima encontrada.
Set parameter TimeLimit to value 25200
Set parameter TimeLimit to value 600
Gurobi Optimizer version 10.0.2 build v10.0.2rc0 (mac64[arm])

CPU model: Apple M5
Thread count: 10 physical cores, 10 logical processors, using up to 10 threads

Optimize a model with 548706 rows, 284763 columns and 1341935 nonzeros
Model fingerprint: 0xdc34ec10
Variable types: 0 continuous, 284763 integer (264707 binary)
Coefficient statistics:
  Matrix range     [1e+00, 8e+01]
  Objective range  [5e-01, 2e+03]
  Bounds range     [1e+00, 1e+00]
  RHS range        [1e+00, 1e+02]

User MIP start produced solution with objective 186658 (0.09s)
Loaded user MIP start with objective 186658
MIP start from previous solve did not produce a new incumbent solution

Presolve removed 531014 rows and 270921 columns
Presolve time: 0.16s
Presolved: 17692 rows, 13842 columns, 49806 nonzeros
Variable types: 0 continuous, 13842 integer (13842 binary)

Root relaxation: objective 1.866335e+05, 1228 iterations, 0.01 seconds (0.03 work units)

    Nodes    |    Current Node    |     Objective Bounds      |     Work
 Expl Unexpl |  Obj  Depth IntInf | Incumbent    BestBd   Gap | It/Node Time

     0     0 186633.500    0  132 186658.500 186633.500  0.01%     -    0s
     0     0 186633.500    0  132 186658.500 186633.500  0.01%     -    0s
     0     0 186633.500    0   33 186658.500 186633.500  0.01%     -    0s
H    0     0                    186648.50000 186633.500  0.01%     -    0s

Explored 1 nodes (2089 simplex iterations) in 0.36 seconds (1.07 work units)
Thread count was 10 (of 10 available processors)

Solution count 2: 186648 186658 

Optimal solution found (tolerance 1.00e-04)
Best objective 1.866485000000e+05, best bound 1.866335000000e+05, gap 0.0080%
Solução ótima encontrada.
Set parameter TimeLimit to value 25200
Set parameter TimeLimit to value 600
Gurobi Optimizer version 10.0.2 build v10.0.2rc0 (mac64[arm])

CPU model: Apple M5
Thread count: 10 physical cores, 10 logical processors, using up to 10 threads

Optimize a model with 548706 rows, 284763 columns and 1341935 nonzeros
Model fingerprint: 0xf6cc5037
Variable types: 0 continuous, 284763 integer (264707 binary)
Coefficient statistics:
  Matrix range     [1e+00, 8e+01]
  Objective range  [5e-01, 2e+03]
  Bounds range     [1e+00, 1e+00]
  RHS range        [1e+00, 1e+02]

User MIP start produced solution with objective 186648 (0.10s)
Loaded user MIP start with objective 186648
MIP start from previous solve did not produce a new incumbent solution

Presolve removed 531825 rows and 272626 columns
Presolve time: 0.21s
Presolved: 16881 rows, 12137 columns, 48532 nonzeros
Variable types: 0 continuous, 12137 integer (12137 binary)

Root relaxation: objective 1.861008e+05, 8028 iterations, 0.17 seconds (0.34 work units)

    Nodes    |    Current Node    |     Objective Bounds      |     Work
 Expl Unexpl |  Obj  Depth IntInf | Incumbent    BestBd   Gap | It/Node Time

     0     0 186100.750    0  607 186648.500 186100.750  0.29%     -    0s
     0     0 186146.250    0  643 186648.500 186146.250  0.27%     -    0s
     0     0 186146.625    0  643 186648.500 186146.625  0.27%     -    0s
     0     0 186168.375    0  796 186648.500 186168.375  0.26%     -    0s
     0     0 186169.679    0  773 186648.500 186169.679  0.26%     -    1s
     0     0 186171.500    0  751 186648.500 186171.500  0.26%     -    1s
     0     0 186180.769    0  812 186648.500 186180.769  0.25%     -    1s
     0     0 186184.577    0  815 186648.500 186184.577  0.25%     -    1s
H    0     0                    186375.50000 186184.577  0.10%     -    1s
     0     0 186184.577    0  822 186375.500 186184.577  0.10%     -    1s
H    0     0                    186355.50000 186184.577  0.09%     -    1s
     0     0 186192.654    0  832 186355.500 186192.654  0.09%     -    1s
     0     0 186192.654    0  516 186355.500 186192.654  0.09%     -    1s
     0     0 186192.654    0  539 186355.500 186192.654  0.09%     -    1s
     0     0 186202.150    0  571 186355.500 186202.150  0.08%     -    1s
     0     0 186202.875    0  572 186355.500 186202.875  0.08%     -    1s
     0     0 186215.763    0  627 186355.500 186215.763  0.07%     -    1s
     0     0 186215.763    0  390 186355.500 186215.763  0.07%     -    1s
     0     0 186215.763    0  463 186355.500 186215.763  0.07%     -    1s
     0     0 186215.763    0  493 186355.500 186215.763  0.07%     -    1s
     0     0 186216.585    0  510 186355.500 186216.585  0.07%     -    1s
     0     0 186216.717    0  512 186355.500 186216.717  0.07%     -    1s
     0     0 186216.772    0  511 186355.500 186216.772  0.07%     -    1s
     0     0 186216.772    0  511 186355.500 186216.772  0.07%     -    1s
     0     0 186225.061    0  493 186355.500 186225.061  0.07%     -    1s
     0     0 186226.238    0  524 186355.500 186226.238  0.07%     -    2s
     0     0 186226.421    0  533 186355.500 186226.421  0.07%     -    2s
     0     0 186226.470    0  504 186355.500 186226.470  0.07%     -    2s
     0     0 186226.473    0  533 186355.500 186226.473  0.07%     -    2s
     0     0 186235.167    0  550 186355.500 186235.167  0.06%     -    2s
     0     0 186235.167    0  524 186355.500 186235.167  0.06%     -    2s
     0     0 186239.500    0  533 186355.500 186239.500  0.06%     -    2s
     0     0 186245.286    0  535 186355.500 186245.286  0.06%     -    2s
     0     0 186246.000    0  554 186355.500 186246.000  0.06%     -    2s
     0     0 186246.000    0  555 186355.500 186246.000  0.06%     -    2s
     0     0 186260.000    0  540 186355.500 186260.000  0.05%     -    2s
     0     0 186260.000    0  249 186355.500 186260.000  0.05%     -    2s
     0     0 186260.000    0  273 186355.500 186260.000  0.05%     -    2s
     0     0 186260.000    0  285 186355.500 186260.000  0.05%     -    2s
     0     0 186260.000    0  353 186355.500 186260.000  0.05%     -    2s
     0     0 186260.000    0  320 186355.500 186260.000  0.05%     -    2s
     0     0 186260.000    0  296 186355.500 186260.000  0.05%     -    2s
     0     0 186260.000    0  378 186355.500 186260.000  0.05%     -    2s
     0     0 186260.000    0  293 186355.500 186260.000  0.05%     -    2s
     0     0 186268.125    0  371 186355.500 186268.125  0.05%     -    2s
     0     0 186269.500    0  261 186355.500 186269.500  0.05%     -    2s
     0     0 186292.000    0  202 186355.500 186292.000  0.03%     -    2s
     0     0 186294.688    0  394 186355.500 186294.688  0.03%     -    2s
     0     0 186310.500    0  398 186355.500 186310.500  0.02%     -    2s

Cutting planes:
  Gomory: 2
  Clique: 15
  MIR: 2
  Zero half: 33
  RLT: 26
  BQP: 21

Explored 1 nodes (30564 simplex iterations) in 2.39 seconds (5.14 work units)
Thread count was 10 (of 10 available processors)

Solution count 3: 186356 186376 186648 

Optimal solution found (tolerance 1.00e-04)
Best objective 1.863555000000e+05, best bound 1.863405000000e+05, gap 0.0080%
Solução ótima encontrada.
Set parameter TimeLimit to value 25200
Set parameter TimeLimit to value 600
Gurobi Optimizer version 10.0.2 build v10.0.2rc0 (mac64[arm])

CPU model: Apple M5
Thread count: 10 physical cores, 10 logical processors, using up to 10 threads

Optimize a model with 548706 rows, 284763 columns and 1341935 nonzeros
Model fingerprint: 0xf3791170
Variable types: 0 continuous, 284763 integer (264707 binary)
Coefficient statistics:
  Matrix range     [1e+00, 8e+01]
  Objective range  [5e-01, 2e+03]
  Bounds range     [1e+00, 1e+00]
  RHS range        [1e+00, 1e+02]

User MIP start produced solution with objective 186356 (0.09s)
Loaded user MIP start with objective 186356
MIP start from previous solve did not produce a new incumbent solution

Presolve removed 547488 rows and 283660 columns
Presolve time: 0.14s
Presolved: 1218 rows, 1103 columns, 3463 nonzeros
Variable types: 0 continuous, 1103 integer (1103 binary)

Root relaxation: cutoff, 161 iterations, 0.00 seconds (0.00 work units)

    Nodes    |    Current Node    |     Objective Bounds      |     Work
 Expl Unexpl |  Obj  Depth IntInf | Incumbent    BestBd   Gap | It/Node Time

     0     0     cutoff    0      186355.500 186355.500  0.00%     -    0s

Explored 1 nodes (161 simplex iterations) in 0.25 seconds (0.83 work units)
Thread count was 10 (of 10 available processors)

Solution count 1: 186356 

Optimal solution found (tolerance 1.00e-04)
Best objective 1.863555000000e+05, best bound 1.863555000000e+05, gap 0.0000%
Solução ótima encontrada.
Set parameter TimeLimit to value 25200
Set parameter TimeLimit to value 600
Gurobi Optimizer version 10.0.2 build v10.0.2rc0 (mac64[arm])

CPU model: Apple M5
Thread count: 10 physical cores, 10 logical processors, using up to 10 threads

Optimize a model with 548706 rows, 284763 columns and 1341935 nonzeros
Model fingerprint: 0x56013507
Variable types: 0 continuous, 284763 integer (264707 binary)
Coefficient statistics:
  Matrix range     [1e+00, 8e+01]
  Objective range  [5e-01, 2e+03]
  Bounds range     [1e+00, 1e+00]
  RHS range        [1e+00, 1e+02]

User MIP start produced solution with objective 186356 (0.10s)
Loaded user MIP start with objective 186356
MIP start from previous solve did not produce a new incumbent solution

Presolve removed 545459 rows and 281895 columns
Presolve time: 0.15s
Presolved: 3247 rows, 2868 columns, 9142 nonzeros
Variable types: 0 continuous, 2868 integer (2868 binary)

Root relaxation: cutoff, 138 iterations, 0.00 seconds (0.00 work units)

    Nodes    |    Current Node    |     Objective Bounds      |     Work
 Expl Unexpl |  Obj  Depth IntInf | Incumbent    BestBd   Gap | It/Node Time

     0     0     cutoff    0      186355.500 186355.500  0.00%     -    0s

Explored 1 nodes (138 simplex iterations) in 0.28 seconds (0.82 work units)
Thread count was 10 (of 10 available processors)

Solution count 1: 186356 

Optimal solution found (tolerance 1.00e-04)
Best objective 1.863555000000e+05, best bound 1.863555000000e+05, gap 0.0000%
Solução ótima encontrada.
Set parameter TimeLimit to value 25200
Set parameter TimeLimit to value 600
Gurobi Optimizer version 10.0.2 build v10.0.2rc0 (mac64[arm])

CPU model: Apple M5
Thread count: 10 physical cores, 10 logical processors, using up to 10 threads

Optimize a model with 548706 rows, 284763 columns and 1341935 nonzeros
Model fingerprint: 0x8b798c91
Variable types: 0 continuous, 284763 integer (264707 binary)
Coefficient statistics:
  Matrix range     [1e+00, 8e+01]
  Objective range  [5e-01, 2e+03]
  Bounds range     [1e+00, 1e+00]
  RHS range        [1e+00, 1e+02]

User MIP start produced solution with objective 186356 (0.09s)
Loaded user MIP start with objective 186356
MIP start from previous solve did not produce a new incumbent solution

Presolve removed 542375 rows and 279501 columns
Presolve time: 0.16s
Presolved: 6331 rows, 5262 columns, 17892 nonzeros
Variable types: 0 continuous, 5262 integer (5262 binary)

Root relaxation: objective 1.863505e+05, 1295 iterations, 0.01 seconds (0.03 work units)

    Nodes    |    Current Node    |     Objective Bounds      |     Work
 Expl Unexpl |  Obj  Depth IntInf | Incumbent    BestBd   Gap | It/Node Time

     0     0 186350.500    0  122 186355.500 186350.500  0.00%     -    0s

Explored 1 nodes (2099 simplex iterations) in 0.31 seconds (0.96 work units)
Thread count was 10 (of 10 available processors)

Solution count 1: 186356 

Optimal solution found (tolerance 1.00e-04)
Best objective 1.863555000000e+05, best bound 1.863505000000e+05, gap 0.0027%
Solução ótima encontrada.
Set parameter TimeLimit to value 25200
Set parameter TimeLimit to value 600
Gurobi Optimizer version 10.0.2 build v10.0.2rc0 (mac64[arm])

CPU model: Apple M5
Thread count: 10 physical cores, 10 logical processors, using up to 10 threads

Optimize a model with 548706 rows, 284763 columns and 1341935 nonzeros
Model fingerprint: 0xe0e7e22b
Variable types: 0 continuous, 284763 integer (264707 binary)
Coefficient statistics:
  Matrix range     [1e+00, 8e+01]
  Objective range  [5e-01, 2e+03]
  Bounds range     [1e+00, 1e+00]
  RHS range        [1e+00, 1e+02]

User MIP start produced solution with objective 186356 (0.10s)
Loaded user MIP start with objective 186356
MIP start from previous solve did not produce a new incumbent solution

Presolve removed 536866 rows and 275295 columns
Presolve time: 0.19s
Presolved: 11840 rows, 9468 columns, 34194 nonzeros
Variable types: 0 continuous, 9468 integer (9468 binary)

Root relaxation: objective 1.860848e+05, 8615 iterations, 0.35 seconds (1.07 work units)

    Nodes    |    Current Node    |     Objective Bounds      |     Work
 Expl Unexpl |  Obj  Depth IntInf | Incumbent    BestBd   Gap | It/Node Time

     0     0 186084.750    0  330 186355.500 186084.750  0.15%     -    0s
     0     0 186109.119    0 1051 186355.500 186109.119  0.13%     -    1s
     0     0 186109.119    0  296 186355.500 186109.119  0.13%     -    1s
     0     0 186114.375    0  693 186355.500 186114.375  0.13%     -    1s
     0     0 186116.875    0  673 186355.500 186116.875  0.13%     -    1s
     0     0 186116.875    0  684 186355.500 186116.875  0.13%     -    2s
     0     0 186116.875    0  700 186355.500 186116.875  0.13%     -    2s
     0     0 186160.042    0  601 186355.500 186160.042  0.10%     -    2s
     0     0 186160.042    0  193 186355.500 186160.042  0.10%     -    2s
     0     0 186160.042    0  323 186355.500 186160.042  0.10%     -    2s
     0     0 186160.042    0  277 186355.500 186160.042  0.10%     -    2s
     0     0 186163.500    0  281 186355.500 186163.500  0.10%     -    2s
     0     0 186165.333    0  282 186355.500 186165.333  0.10%     -    2s
     0     0 186165.667    0  280 186355.500 186165.667  0.10%     -    2s
     0     0 186175.250    0  175 186355.500 186175.250  0.10%     -    2s
     0     0 186175.924    0  185 186355.500 186175.924  0.10%     -    2s
     0     0 186175.924    0  186 186355.500 186175.924  0.10%     -    2s
     0     0 186184.083    0  168 186355.500 186184.083  0.09%     -    2s
     0     0 186184.083    0  138 186355.500 186184.083  0.09%     -    2s
     0     0 186184.083    0  282 186355.500 186184.083  0.09%     -    2s
     0     0 186184.083    0  268 186355.500 186184.083  0.09%     -    2s
     0     0 186184.083    0  194 186355.500 186184.083  0.09%     -    2s
     0     0 186184.083    0  136 186355.500 186184.083  0.09%     -    2s
     0     0 186184.083    0  124 186355.500 186184.083  0.09%     -    2s
     0     0 186187.833    0  157 186355.500 186187.833  0.09%     -    2s
     0     0 186189.694    0  240 186355.500 186189.694  0.09%     -    2s
     0     0 186190.500    0  127 186355.500 186190.500  0.09%     -    2s
     0     0 186190.700    0  153 186355.500 186190.700  0.09%     -    2s
     0     0 186190.848    0  153 186355.500 186190.848  0.09%     -    2s
     0     0 186197.722    0  216 186355.500 186197.722  0.08%     -    2s
     0     0 186215.161    0  254 186355.500 186215.161  0.08%     -    2s
     0     0 186219.412    0  203 186355.500 186219.412  0.07%     -    2s
     0     0 186219.626    0  239 186355.500 186219.626  0.07%     -    2s
     0     0 186220.097    0  202 186355.500 186220.097  0.07%     -    2s
     0     0 186220.257    0  222 186355.500 186220.257  0.07%     -    2s
     0     0 186220.257    0  222 186355.500 186220.257  0.07%     -    2s
     0     0 186221.693    0  270 186355.500 186221.693  0.07%     -    2s
     0     0 186221.693    0  270 186355.500 186221.693  0.07%     -    2s
     0     0 186223.433    0  219 186355.500 186223.433  0.07%     -    2s
     0     2 186223.543    0  211 186355.500 186223.543  0.07%     -    2s

Cutting planes:
  Implied bound: 7
  Clique: 50
  MIR: 2
  Zero half: 19
  RLT: 66
  BQP: 52

Explored 238 nodes (63420 simplex iterations) in 2.74 seconds (6.73 work units)
Thread count was 10 (of 10 available processors)

Solution count 1: 186356 

Optimal solution found (tolerance 1.00e-04)
Best objective 1.863555000000e+05, best bound 1.863555000000e+05, gap 0.0000%
Solução ótima encontrada.
Set parameter TimeLimit to value 25200
Set parameter TimeLimit to value 600
Gurobi Optimizer version 10.0.2 build v10.0.2rc0 (mac64[arm])

CPU model: Apple M5
Thread count: 10 physical cores, 10 logical processors, using up to 10 threads

Optimize a model with 548706 rows, 284763 columns and 1341935 nonzeros
Model fingerprint: 0x2ca9dd98
Variable types: 0 continuous, 284763 integer (264707 binary)
Coefficient statistics:
  Matrix range     [1e+00, 8e+01]
  Objective range  [5e-01, 2e+03]
  Bounds range     [1e+00, 1e+00]
  RHS range        [1e+00, 1e+02]

User MIP start produced solution with objective 186356 (0.10s)
Loaded user MIP start with objective 186356
MIP start from previous solve did not produce a new incumbent solution

Presolve removed 543375 rows and 280225 columns
Presolve time: 0.16s
Presolved: 5331 rows, 4538 columns, 15139 nonzeros
Variable types: 0 continuous, 4538 integer (4538 binary)

Root relaxation: objective 1.863005e+05, 981 iterations, 0.01 seconds (0.02 work units)

    Nodes    |    Current Node    |     Objective Bounds      |     Work
 Expl Unexpl |  Obj  Depth IntInf | Incumbent    BestBd   Gap | It/Node Time

     0     0 186300.500    0  148 186355.500 186300.500  0.03%     -    0s
     0     0 186300.500    0  148 186355.500 186300.500  0.03%     -    0s
     0     0 186300.500    0   70 186355.500 186300.500  0.03%     -    0s
     0     0 186305.500    0   60 186355.500 186305.500  0.03%     -    0s
H    0     0                    186350.50000 186305.500  0.02%     -    0s
H    0     0                    186340.50000 186305.500  0.02%     -    0s
     0     0 186305.500    0   89 186340.500 186305.500  0.02%     -    0s
H    0     0                    186325.50000 186305.500  0.01%     -    0s
     0     0 186308.000    0   74 186325.500 186308.000  0.01%     -    0s

Cutting planes:
  Gomory: 1
  MIR: 1
  Zero half: 7
  RLT: 3
  BQP: 4

Explored 1 nodes (2497 simplex iterations) in 0.34 seconds (1.00 work units)
Thread count was 10 (of 10 available processors)

Solution count 4: 186326 186340 186350 186356 

Optimal solution found (tolerance 1.00e-04)
Best objective 1.863255000000e+05, best bound 1.863080000000e+05, gap 0.0094%
Solução ótima encontrada.
Set parameter TimeLimit to value 25200
Set parameter TimeLimit to value 600
Gurobi Optimizer version 10.0.2 build v10.0.2rc0 (mac64[arm])

CPU model: Apple M5
Thread count: 10 physical cores, 10 logical processors, using up to 10 threads

Optimize a model with 548706 rows, 284763 columns and 1341935 nonzeros
Model fingerprint: 0x9c2da62f
Variable types: 0 continuous, 284763 integer (264707 binary)
Coefficient statistics:
  Matrix range     [1e+00, 8e+01]
  Objective range  [5e-01, 2e+03]
  Bounds range     [1e+00, 1e+00]
  RHS range        [1e+00, 1e+02]

User MIP start produced solution with objective 186326 (0.10s)
Loaded user MIP start with objective 186326
MIP start from previous solve did not produce a new incumbent solution

Presolve removed 530802 rows and 271442 columns
Presolve time: 0.24s
Presolved: 17904 rows, 13321 columns, 51113 nonzeros
Variable types: 0 continuous, 13321 integer (13321 binary)

Root relaxation: objective 1.862035e+05, 9094 iterations, 0.23 seconds (0.50 work units)

    Nodes    |    Current Node    |     Objective Bounds      |     Work
 Expl Unexpl |  Obj  Depth IntInf | Incumbent    BestBd   Gap | It/Node Time

     0     0 186203.500    0  549 186325.500 186203.500  0.07%     -    0s
     0     0 186203.500    0  549 186325.500 186203.500  0.07%     -    0s
     0     0 186203.500    0  233 186325.500 186203.500  0.07%     -    0s
     0     0 186311.250    0  221 186325.500 186311.250  0.01%     -    0s

Cutting planes:
  Gomory: 2
  Clique: 5
  Zero half: 15
  RLT: 9
  BQP: 20

Explored 1 nodes (12254 simplex iterations) in 0.78 seconds (2.02 work units)
Thread count was 10 (of 10 available processors)

Solution count 1: 186326 

Optimal solution found (tolerance 1.00e-04)
Best objective 1.863255000000e+05, best bound 1.863115000000e+05, gap 0.0075%
Solução ótima encontrada.
Set parameter TimeLimit to value 25200
Set parameter TimeLimit to value 600
Gurobi Optimizer version 10.0.2 build v10.0.2rc0 (mac64[arm])

CPU model: Apple M5
Thread count: 10 physical cores, 10 logical processors, using up to 10 threads

Optimize a model with 548706 rows, 284763 columns and 1341935 nonzeros
Model fingerprint: 0x39d75d08
Variable types: 0 continuous, 284763 integer (264707 binary)
Coefficient statistics:
  Matrix range     [1e+00, 8e+01]
  Objective range  [5e-01, 2e+03]
  Bounds range     [1e+00, 1e+00]
  RHS range        [1e+00, 1e+02]

User MIP start produced solution with objective 186326 (0.10s)
Loaded user MIP start with objective 186326
MIP start from previous solve did not produce a new incumbent solution

Presolve removed 528006 rows and 268071 columns
Presolve time: 0.25s
Presolved: 20700 rows, 16692 columns, 60271 nonzeros
Variable types: 0 continuous, 16692 integer (16692 binary)

Root relaxation: objective 1.862055e+05, 9469 iterations, 0.46 seconds (1.31 work units)

    Nodes    |    Current Node    |     Objective Bounds      |     Work
 Expl Unexpl |  Obj  Depth IntInf | Incumbent    BestBd   Gap | It/Node Time

     0     0 186205.500    0  547 186325.500 186205.500  0.06%     -    1s
     0     0 186205.500    0  547 186325.500 186205.500  0.06%     -    1s
     0     0 186205.500    0  156 186325.500 186205.500  0.06%     -    1s
     0     0 186205.500    0  158 186325.500 186205.500  0.06%     -    1s
     0     0 186207.500    0  156 186325.500 186207.500  0.06%     -    1s
     0     0 186207.500    0  199 186325.500 186207.500  0.06%     -    1s
H    0     0                    186320.50000 186207.500  0.06%     -    1s
     0     0 186208.625    0  224 186320.500 186208.625  0.06%     -    1s
     0     0 186210.259    0  299 186320.500 186210.259  0.06%     -    1s
     0     0 186211.000    0  280 186320.500 186211.000  0.06%     -    1s
     0     0 186211.000    0  290 186320.500 186211.000  0.06%     -    1s
     0     0 186216.906    0  292 186320.500 186216.906  0.06%     -    1s
     0     0 186217.069    0  315 186320.500 186217.069  0.06%     -    1s
     0     0 186217.074    0  297 186320.500 186217.074  0.06%     -    1s
     0     0 186219.955    0  246 186320.500 186219.955  0.05%     -    1s
H    0     0                    186275.50000 186219.955  0.03%     -    1s
     0     0 186220.125    0  107 186275.500 186220.125  0.03%     -    1s
     0     0 186220.125    0  228 186275.500 186220.125  0.03%     -    1s
     0     0 186220.125    0  275 186275.500 186220.125  0.03%     -    1s
     0     0 186220.125    0  272 186275.500 186220.125  0.03%     -    1s
     0     0 186220.125    0  272 186275.500 186220.125  0.03%     -    1s
     0     0 186220.500    0  259 186275.500 186220.500  0.03%     -    1s
     0     0 186221.198    0  287 186275.500 186221.198  0.03%     -    1s
     0     0 186221.347    0  280 186275.500 186221.347  0.03%     -    1s
     0     0 186221.347    0  288 186275.500 186221.347  0.03%     -    1s
     0     0 186222.154    0  259 186275.500 186222.154  0.03%     -    1s
     0     0 186222.325    0  244 186275.500 186222.325  0.03%     -    1s
     0     0 186222.443    0  248 186275.500 186222.443  0.03%     -    1s
     0     0 186222.463    0  248 186275.500 186222.463  0.03%     -    1s
     0     0 186222.772    0  262 186275.500 186222.772  0.03%     -    1s
     0     0 186223.220    0  247 186275.500 186223.220  0.03%     -    1s
     0     0 186223.564    0  272 186275.500 186223.564  0.03%     -    1s
     0     0 186223.864    0  261 186275.500 186223.864  0.03%     -    1s
     0     0 186223.864    0  262 186275.500 186223.864  0.03%     -    1s
     0     0 186223.931    0  209 186275.500 186223.931  0.03%     -    1s
     0     2 186223.977    0  209 186275.500 186223.977  0.03%     -    1s

Cutting planes:
  Gomory: 9
  Clique: 5
  MIR: 4
  Zero half: 7
  RLT: 10
  BQP: 32

Explored 474 nodes (67945 simplex iterations) in 2.20 seconds (5.52 work units)
Thread count was 10 (of 10 available processors)

Solution count 3: 186276 186320 186326 

Optimal solution found (tolerance 1.00e-04)
Best objective 1.862755000000e+05, best bound 1.862755000000e+05, gap 0.0000%
Solução ótima encontrada.
Set parameter TimeLimit to value 25200
Set parameter TimeLimit to value 600
Gurobi Optimizer version 10.0.2 build v10.0.2rc0 (mac64[arm])

CPU model: Apple M5
Thread count: 10 physical cores, 10 logical processors, using up to 10 threads

Optimize a model with 548706 rows, 284763 columns and 1341935 nonzeros
Model fingerprint: 0x04e2cb52
Variable types: 0 continuous, 284763 integer (264707 binary)
Coefficient statistics:
  Matrix range     [1e+00, 8e+01]
  Objective range  [5e-01, 2e+03]
  Bounds range     [1e+00, 1e+00]
  RHS range        [1e+00, 1e+02]

User MIP start produced solution with objective 186276 (0.09s)
Loaded user MIP start with objective 186276
MIP start from previous solve did not produce a new incumbent solution

Presolve removed 534795 rows and 273325 columns
Presolve time: 0.20s
Presolved: 13911 rows, 11438 columns, 40493 nonzeros
Variable types: 0 continuous, 11438 integer (11438 binary)

Root relaxation: objective 1.860760e+05, 3917 iterations, 0.07 seconds (0.13 work units)

    Nodes    |    Current Node    |     Objective Bounds      |     Work
 Expl Unexpl |  Obj  Depth IntInf | Incumbent    BestBd   Gap | It/Node Time

     0     0 186076.000    0  375 186275.500 186076.000  0.11%     -    0s
     0     0 186168.000    0  375 186275.500 186168.000  0.06%     -    0s
     0     0 186171.167    0  231 186275.500 186171.167  0.06%     -    0s
     0     0 186171.167    0  113 186275.500 186171.167  0.06%     -    0s
     0     0 186171.389    0   62 186275.500 186171.389  0.06%     -    0s
     0     0 186172.000    0   62 186275.500 186172.000  0.06%     -    0s
     0     0 186177.167    0  138 186275.500 186177.167  0.05%     -    0s
     0     0 186177.292    0  148 186275.500 186177.292  0.05%     -    0s
     0     0 186177.292    0  152 186275.500 186177.292  0.05%     -    0s
     0     0 186226.750    0   31 186275.500 186226.750  0.03%     -    0s
     0     0 186229.250    0   45 186275.500 186229.250  0.02%     -    0s
     0     0 186229.250    0   36 186275.500 186229.250  0.02%     -    0s
     0     0 186229.250    0   60 186275.500 186229.250  0.02%     -    0s
     0     0 186229.250    0   72 186275.500 186229.250  0.02%     -    0s
     0     0 infeasible    0      186275.500 186275.500  0.00%     -    0s

Cutting planes:
  Gomory: 1
  Clique: 2
  MIR: 2
  Zero half: 6
  RLT: 5
  BQP: 1

Explored 1 nodes (8842 simplex iterations) in 0.59 seconds (1.56 work units)
Thread count was 10 (of 10 available processors)

Solution count 1: 186276 

Optimal solution found (tolerance 1.00e-04)
Best objective 1.862755000000e+05, best bound 1.862755000000e+05, gap 0.0000%
Solução ótima encontrada.
Set parameter TimeLimit to value 25200
Set parameter TimeLimit to value 600
Gurobi Optimizer version 10.0.2 build v10.0.2rc0 (mac64[arm])

CPU model: Apple M5
Thread count: 10 physical cores, 10 logical processors, using up to 10 threads

Optimize a model with 548706 rows, 284763 columns and 1341935 nonzeros
Model fingerprint: 0x323abb71
Variable types: 0 continuous, 284763 integer (264707 binary)
Coefficient statistics:
  Matrix range     [1e+00, 8e+01]
  Objective range  [5e-01, 2e+03]
  Bounds range     [1e+00, 1e+00]
  RHS range        [1e+00, 1e+02]

User MIP start produced solution with objective 186276 (0.10s)
Loaded user MIP start with objective 186276
MIP start from previous solve did not produce a new incumbent solution

Presolve removed 529671 rows and 269726 columns
Presolve time: 0.23s
Presolved: 19035 rows, 15037 columns, 54610 nonzeros
Variable types: 0 continuous, 15037 integer (15037 binary)

Root relaxation: objective 1.858575e+05, 12924 iterations, 0.31 seconds (0.68 work units)

    Nodes    |    Current Node    |     Objective Bounds      |     Work
 Expl Unexpl |  Obj  Depth IntInf | Incumbent    BestBd   Gap | It/Node Time

     0     0 185857.524    0  756 186275.500 185857.524  0.22%     -    0s
     0     0 185857.683    0  740 186275.500 185857.683  0.22%     -    0s
     0     0 185857.683    0  740 186275.500 185857.683  0.22%     -    0s
     0     0 185857.683    0  689 186275.500 185857.683  0.22%     -    1s
     0     0 186017.496    0 1461 186275.500 186017.496  0.14%     -    1s
     0     0 186017.496    0 1432 186275.500 186017.496  0.14%     -    1s
     0     0 186019.193    0 1354 186275.500 186019.193  0.14%     -    1s
     0     0 186019.241    0 1384 186275.500 186019.241  0.14%     -    1s
     0     0 186019.380    0 1353 186275.500 186019.380  0.14%     -    1s
     0     0 186021.728    0 1347 186275.500 186021.728  0.14%     -    1s
     0     0 186021.750    0 1351 186275.500 186021.750  0.14%     -    1s
     0     0 186182.400    0  624 186275.500 186182.400  0.05%     -    2s
     0     0 186182.400    0  720 186275.500 186182.400  0.05%     -    2s
     0     0 186182.400    0  618 186275.500 186182.400  0.05%     -    2s
     0     0 186182.400    0  653 186275.500 186182.400  0.05%     -    2s
     0     0 186182.400    0  995 186275.500 186182.400  0.05%     -    3s
     0     0 186182.400    0  711 186275.500 186182.400  0.05%     -    3s
     0     0 186182.400    0  705 186275.500 186182.400  0.05%     -    3s
     0     0 186222.000    0  554 186275.500 186222.000  0.03%     -    3s
     0     0 186227.316    0  651 186275.500 186227.316  0.03%     -    3s
     0     0 186240.862    0  999 186275.500 186240.862  0.02%     -    3s
     0     0 186245.602    0  741 186275.500 186245.602  0.02%     -    3s
     0     0 186246.436    0  779 186275.500 186246.436  0.02%     -    3s
     0     0 186247.621    0  712 186275.500 186247.621  0.01%     -    3s
     0     0 186247.621    0  709 186275.500 186247.621  0.01%     -    3s
     0     0 186247.966    0  713 186275.500 186247.966  0.01%     -    3s
     0     0 186248.276    0  725 186275.500 186248.276  0.01%     -    3s
     0     0 186248.450    0  722 186275.500 186248.450  0.01%     -    3s
     0     0 186248.833    0  703 186275.500 186248.833  0.01%     -    3s
     0     0     cutoff    0      186275.500 186275.500  0.00%     -    3s

Cutting planes:
  Gomory: 4
  Implied bound: 7
  Clique: 8
  MIR: 3
  Zero half: 10
  RLT: 38
  BQP: 14

Explored 1 nodes (58913 simplex iterations) in 3.22 seconds (7.04 work units)
Thread count was 10 (of 10 available processors)

Solution count 1: 186276 

Optimal solution found (tolerance 1.00e-04)
Best objective 1.862755000000e+05, best bound 1.862755000000e+05, gap 0.0000%
Solução ótima encontrada.
Set parameter TimeLimit to value 25200
Set parameter TimeLimit to value 600
Gurobi Optimizer version 10.0.2 build v10.0.2rc0 (mac64[arm])

CPU model: Apple M5
Thread count: 10 physical cores, 10 logical processors, using up to 10 threads

Optimize a model with 548706 rows, 284763 columns and 1341935 nonzeros
Model fingerprint: 0xf77395f3
Variable types: 0 continuous, 284763 integer (264707 binary)
Coefficient statistics:
  Matrix range     [1e+00, 8e+01]
  Objective range  [5e-01, 2e+03]
  Bounds range     [1e+00, 1e+00]
  RHS range        [1e+00, 1e+02]

User MIP start produced solution with objective 186276 (0.10s)
Loaded user MIP start with objective 186276
MIP start from previous solve did not produce a new incumbent solution

Presolve removed 531701 rows and 270925 columns
Presolve time: 0.24s
Presolved: 17005 rows, 13838 columns, 50123 nonzeros
Variable types: 0 continuous, 13838 integer (13838 binary)

Root relaxation: objective 1.855235e+05, 2722 iterations, 0.05 seconds (0.10 work units)

    Nodes    |    Current Node    |     Objective Bounds      |     Work
 Expl Unexpl |  Obj  Depth IntInf | Incumbent    BestBd   Gap | It/Node Time

     0     0 185523.500    0  622 186275.500 185523.500  0.40%     -    0s
     0     0 186045.833    0  735 186275.500 186045.833  0.12%     -    0s
     0     0 186058.375    0  611 186275.500 186058.375  0.12%     -    0s
     0     0 186113.861    0  605 186275.500 186113.861  0.09%     -    0s
     0     0 186235.500    0  206 186275.500 186235.500  0.02%     -    0s
     0     0 186249.667    0  373 186275.500 186249.667  0.01%     -    0s
     0     0 186253.000    0  277 186275.500 186253.000  0.01%     -    0s
     0     0 186253.000    0  219 186275.500 186253.000  0.01%     -    0s
     0     0 186254.861    0  359 186275.500 186254.861  0.01%     -    0s
     0     0 186254.861    0   90 186275.500 186254.861  0.01%     -    0s
     0     0 186254.861    0  151 186275.500 186254.861  0.01%     -    0s
     0     0 186256.651    0  130 186275.500 186256.651  0.01%     -    0s

Cutting planes:
  Gomory: 4
  Zero half: 9
  RLT: 2
  BQP: 13

Explored 1 nodes (10449 simplex iterations) in 0.77 seconds (1.88 work units)
Thread count was 10 (of 10 available processors)

Solution count 1: 186276 

Optimal solution found (tolerance 1.00e-04)
Best objective 1.862755000000e+05, best bound 1.862570000000e+05, gap 0.0099%
Solução ótima encontrada.
Set parameter TimeLimit to value 25200
Set parameter TimeLimit to value 600
Gurobi Optimizer version 10.0.2 build v10.0.2rc0 (mac64[arm])

CPU model: Apple M5
Thread count: 10 physical cores, 10 logical processors, using up to 10 threads

Optimize a model with 548706 rows, 284763 columns and 1341935 nonzeros
Model fingerprint: 0x06404cb2
Variable types: 0 continuous, 284763 integer (264707 binary)
Coefficient statistics:
  Matrix range     [1e+00, 8e+01]
  Objective range  [5e-01, 2e+03]
  Bounds range     [1e+00, 1e+00]
  RHS range        [1e+00, 1e+02]

User MIP start produced solution with objective 186276 (0.10s)
Loaded user MIP start with objective 186276
MIP start from previous solve did not produce a new incumbent solution

Presolve removed 542995 rows and 279856 columns
Presolve time: 0.16s
Presolved: 5711 rows, 4907 columns, 16116 nonzeros
Variable types: 0 continuous, 4907 integer (4907 binary)

Root relaxation: cutoff, 882 iterations, 0.01 seconds (0.02 work units)

    Nodes    |    Current Node    |     Objective Bounds      |     Work
 Expl Unexpl |  Obj  Depth IntInf | Incumbent    BestBd   Gap | It/Node Time

     0     0     cutoff    0      186275.500 186275.500  0.00%     -    0s

Explored 1 nodes (882 simplex iterations) in 0.29 seconds (0.89 work units)
Thread count was 10 (of 10 available processors)

Solution count 1: 186276 

Optimal solution found (tolerance 1.00e-04)
Best objective 1.862755000000e+05, best bound 1.862755000000e+05, gap 0.0000%
Solução ótima encontrada.
Set parameter TimeLimit to value 25200
Set parameter TimeLimit to value 600
Gurobi Optimizer version 10.0.2 build v10.0.2rc0 (mac64[arm])

CPU model: Apple M5
Thread count: 10 physical cores, 10 logical processors, using up to 10 threads

Optimize a model with 548706 rows, 284763 columns and 1341935 nonzeros
Model fingerprint: 0xd47b2231
Variable types: 0 continuous, 284763 integer (264707 binary)
Coefficient statistics:
  Matrix range     [1e+00, 8e+01]
  Objective range  [5e-01, 2e+03]
  Bounds range     [1e+00, 1e+00]
  RHS range        [1e+00, 1e+02]

User MIP start produced solution with objective 186276 (0.09s)
Loaded user MIP start with objective 186276
MIP start from previous solve did not produce a new incumbent solution

Presolve removed 531018 rows and 270925 columns
Presolve time: 0.16s
Presolved: 17688 rows, 13838 columns, 49799 nonzeros
Variable types: 0 continuous, 13838 integer (13838 binary)

Root relaxation: objective 1.862358e+05, 1390 iterations, 0.02 seconds (0.04 work units)

    Nodes    |    Current Node    |     Objective Bounds      |     Work
 Expl Unexpl |  Obj  Depth IntInf | Incumbent    BestBd   Gap | It/Node Time

     0     0 186235.750    0  253 186275.500 186235.750  0.02%     -    0s
     0     0 186235.750    0  253 186275.500 186235.750  0.02%     -    0s
     0     0 186248.250    0   67 186275.500 186248.250  0.01%     -    0s

Cutting planes:
  Clique: 10
  MIR: 4
  Zero half: 6
  RLT: 3
  BQP: 4

Explored 1 nodes (2899 simplex iterations) in 0.37 seconds (1.10 work units)
Thread count was 10 (of 10 available processors)

Solution count 1: 186276 

Optimal solution found (tolerance 1.00e-04)
Best objective 1.862755000000e+05, best bound 1.862605000000e+05, gap 0.0081%
Solução ótima encontrada.
Set parameter TimeLimit to value 25200
Set parameter TimeLimit to value 600
Gurobi Optimizer version 10.0.2 build v10.0.2rc0 (mac64[arm])

CPU model: Apple M5
Thread count: 10 physical cores, 10 logical processors, using up to 10 threads

Optimize a model with 548706 rows, 284763 columns and 1341935 nonzeros
Model fingerprint: 0x838568bf
Variable types: 0 continuous, 284763 integer (264707 binary)
Coefficient statistics:
  Matrix range     [1e+00, 8e+01]
  Objective range  [5e-01, 2e+03]
  Bounds range     [1e+00, 1e+00]
  RHS range        [1e+00, 1e+02]

User MIP start produced solution with objective 186276 (0.09s)
Loaded user MIP start with objective 186276
MIP start from previous solve did not produce a new incumbent solution

Presolve removed 531825 rows and 272626 columns
Presolve time: 0.21s
Presolved: 16881 rows, 12137 columns, 48532 nonzeros
Variable types: 0 continuous, 12137 integer (12137 binary)

Root relaxation: objective 1.860208e+05, 7810 iterations, 0.17 seconds (0.36 work units)

    Nodes    |    Current Node    |     Objective Bounds      |     Work
 Expl Unexpl |  Obj  Depth IntInf | Incumbent    BestBd   Gap | It/Node Time

     0     0 186020.750    0  639 186275.500 186020.750  0.14%     -    0s
     0     0 186052.250    0  598 186275.500 186052.250  0.12%     -    0s
     0     0 186052.250    0  598 186275.500 186052.250  0.12%     -    0s
     0     0 186052.250    0  548 186275.500 186052.250  0.12%     -    1s
     0     0 186089.591    0  465 186275.500 186089.591  0.10%     -    1s
     0     0 186092.300    0  486 186275.500 186092.300  0.10%     -    1s
     0     0 186092.300    0  509 186275.500 186092.300  0.10%     -    1s
     0     0 186112.214    0  638 186275.500 186112.214  0.09%     -    1s
     0     0 186113.813    0  648 186275.500 186113.813  0.09%     -    1s
     0     0 186115.063    0  649 186275.500 186115.063  0.09%     -    1s
     0     0 186115.625    0  656 186275.500 186115.625  0.09%     -    1s
     0     0 186115.667    0  648 186275.500 186115.667  0.09%     -    1s
     0     0 186124.000    0  638 186275.500 186124.000  0.08%     -    1s
     0     0 186125.050    0  690 186275.500 186125.050  0.08%     -    1s
     0     0 186126.372    0  683 186275.500 186126.372  0.08%     -    1s
     0     0 186126.372    0  695 186275.500 186126.372  0.08%     -    1s
     0     0 186127.052    0  711 186275.500 186127.052  0.08%     -    1s
     0     0 186127.100    0  707 186275.500 186127.100  0.08%     -    1s
     0     0 186127.177    0  718 186275.500 186127.177  0.08%     -    1s
     0     0 186127.378    0  710 186275.500 186127.378  0.08%     -    1s
     0     0 186127.407    0  691 186275.500 186127.407  0.08%     -    1s
     0     0 186129.044    0  708 186275.500 186129.044  0.08%     -    1s
     0     0 186129.475    0  336 186275.500 186129.475  0.08%     -    1s
     0     0 186129.475    0  454 186275.500 186129.475  0.08%     -    1s
     0     0 186129.475    0  425 186275.500 186129.475  0.08%     -    1s
     0     0 186129.475    0  468 186275.500 186129.475  0.08%     -    1s
     0     0 186129.475    0  461 186275.500 186129.475  0.08%     -    1s
     0     0 186129.796    0  462 186275.500 186129.796  0.08%     -    1s
     0     0 186133.576    0  460 186275.500 186133.576  0.08%     -    1s
     0     0 186135.125    0  451 186275.500 186135.125  0.08%     -    1s
     0     0 186135.125    0  450 186275.500 186135.125  0.08%     -    1s
     0     0 186175.500    0  432 186275.500 186175.500  0.05%     -    1s
     0     0 186182.000    0  425 186275.500 186182.000  0.05%     -    1s
     0     0 186182.250    0  465 186275.500 186182.250  0.05%     -    1s
     0     0 186182.250    0  447 186275.500 186182.250  0.05%     -    1s
     0     0 186185.500    0  416 186275.500 186185.500  0.05%     -    1s
     0     0 186187.000    0  420 186275.500 186187.000  0.05%     -    1s
     0     0 186191.000    0  459 186275.500 186191.000  0.05%     -    1s
     0     0 186191.000    0  465 186275.500 186191.000  0.05%     -    1s
     0     0 186191.000    0  466 186275.500 186191.000  0.05%     -    1s
     0     0 186193.500    0  489 186275.500 186193.500  0.04%     -    1s
     0     0 186193.500    0  259 186275.500 186193.500  0.04%     -    2s
     0     0 186193.500    0  297 186275.500 186193.500  0.04%     -    2s
     0     0 186193.500    0  368 186275.500 186193.500  0.04%     -    2s
     0     0 186193.500    0  221 186275.500 186193.500  0.04%     -    2s
     0     0 186193.500    0  305 186275.500 186193.500  0.04%     -    2s
     0     0 186193.500    0  354 186275.500 186193.500  0.04%     -    2s
     0     0 186193.500    0  278 186275.500 186193.500  0.04%     -    2s
     0     0 186193.500    0  361 186275.500 186193.500  0.04%     -    2s
     0     0 186193.500    0  366 186275.500 186193.500  0.04%     -    2s
     0     0 186193.500    0  367 186275.500 186193.500  0.04%     -    2s
     0     0 186193.500    0  279 186275.500 186193.500  0.04%     -    2s
     0     0 186193.500    0  362 186275.500 186193.500  0.04%     -    2s
     0     0 186193.500    0  375 186275.500 186193.500  0.04%     -    2s
     0     0 186193.500    0  390 186275.500 186193.500  0.04%     -    2s
     0     0 186254.500    0  380 186275.500 186254.500  0.01%     -    2s
     0     0 186257.250    0  372 186275.500 186257.250  0.01%     -    2s

Cutting planes:
  Gomory: 3
  MIR: 5
  Zero half: 32
  RLT: 5
  BQP: 14

Explored 1 nodes (29114 simplex iterations) in 2.23 seconds (5.15 work units)
Thread count was 10 (of 10 available processors)

Solution count 1: 186276 

Optimal solution found (tolerance 1.00e-04)
Best objective 1.862755000000e+05, best bound 1.862575000000e+05, gap 0.0097%
Solução ótima encontrada.
Set parameter TimeLimit to value 25200
Set parameter TimeLimit to value 600
Gurobi Optimizer version 10.0.2 build v10.0.2rc0 (mac64[arm])

CPU model: Apple M5
Thread count: 10 physical cores, 10 logical processors, using up to 10 threads

Optimize a model with 548706 rows, 284763 columns and 1341935 nonzeros
Model fingerprint: 0xbf3c32d0
Variable types: 0 continuous, 284763 integer (264707 binary)
Coefficient statistics:
  Matrix range     [1e+00, 8e+01]
  Objective range  [5e-01, 2e+03]
  Bounds range     [1e+00, 1e+00]
  RHS range        [1e+00, 1e+02]

User MIP start produced solution with objective 186276 (0.09s)
Loaded user MIP start with objective 186276
MIP start from previous solve did not produce a new incumbent solution

Presolve removed 547488 rows and 283660 columns
Presolve time: 0.14s
Presolved: 1218 rows, 1103 columns, 3463 nonzeros
Variable types: 0 continuous, 1103 integer (1103 binary)

Root relaxation: cutoff, 161 iterations, 0.00 seconds (0.00 work units)

    Nodes    |    Current Node    |     Objective Bounds      |     Work
 Expl Unexpl |  Obj  Depth IntInf | Incumbent    BestBd   Gap | It/Node Time

     0     0     cutoff    0      186275.500 186275.500  0.00%     -    0s

Explored 1 nodes (161 simplex iterations) in 0.25 seconds (0.83 work units)
Thread count was 10 (of 10 available processors)

Solution count 1: 186276 

Optimal solution found (tolerance 1.00e-04)
Best objective 1.862755000000e+05, best bound 1.862755000000e+05, gap 0.0000%
Solução ótima encontrada.
Set parameter TimeLimit to value 25200
Set parameter TimeLimit to value 600
Gurobi Optimizer version 10.0.2 build v10.0.2rc0 (mac64[arm])

CPU model: Apple M5
Thread count: 10 physical cores, 10 logical processors, using up to 10 threads

Optimize a model with 548706 rows, 284763 columns and 1341935 nonzeros
Model fingerprint: 0x8fd68538
Variable types: 0 continuous, 284763 integer (264707 binary)
Coefficient statistics:
  Matrix range     [1e+00, 8e+01]
  Objective range  [5e-01, 2e+03]
  Bounds range     [1e+00, 1e+00]
  RHS range        [1e+00, 1e+02]

User MIP start produced solution with objective 186276 (0.09s)
Loaded user MIP start with objective 186276
MIP start from previous solve did not produce a new incumbent solution

Presolve removed 545461 rows and 281897 columns
Presolve time: 0.15s
Presolved: 3245 rows, 2866 columns, 9137 nonzeros
Variable types: 0 continuous, 2866 integer (2866 binary)

Root relaxation: cutoff, 138 iterations, 0.00 seconds (0.00 work units)

    Nodes    |    Current Node    |     Objective Bounds      |     Work
 Expl Unexpl |  Obj  Depth IntInf | Incumbent    BestBd   Gap | It/Node Time

     0     0     cutoff    0      186275.500 186275.500  0.00%     -    0s

Explored 1 nodes (138 simplex iterations) in 0.26 seconds (0.86 work units)
Thread count was 10 (of 10 available processors)

Solution count 1: 186276 

Optimal solution found (tolerance 1.00e-04)
Best objective 1.862755000000e+05, best bound 1.862755000000e+05, gap 0.0000%
Solução ótima encontrada.
Set parameter TimeLimit to value 25200
Set parameter TimeLimit to value 600
Gurobi Optimizer version 10.0.2 build v10.0.2rc0 (mac64[arm])

CPU model: Apple M5
Thread count: 10 physical cores, 10 logical processors, using up to 10 threads

Optimize a model with 548706 rows, 284763 columns and 1341935 nonzeros
Model fingerprint: 0xfb93d80d
Variable types: 0 continuous, 284763 integer (264707 binary)
Coefficient statistics:
  Matrix range     [1e+00, 8e+01]
  Objective range  [5e-01, 2e+03]
  Bounds range     [1e+00, 1e+00]
  RHS range        [1e+00, 1e+02]

User MIP start produced solution with objective 186276 (0.09s)
Loaded user MIP start with objective 186276
MIP start from previous solve did not produce a new incumbent solution

Presolve removed 542540 rows and 279577 columns
Presolve time: 0.16s
Presolved: 6166 rows, 5186 columns, 17446 nonzeros
Variable types: 0 continuous, 5186 integer (5186 binary)

Root relaxation: objective 1.862705e+05, 1556 iterations, 0.02 seconds (0.03 work units)

    Nodes    |    Current Node    |     Objective Bounds      |     Work
 Expl Unexpl |  Obj  Depth IntInf | Incumbent    BestBd   Gap | It/Node Time

     0     0 186270.500    0  107 186275.500 186270.500  0.00%     -    0s

Explored 1 nodes (2051 simplex iterations) in 0.30 seconds (0.95 work units)
Thread count was 10 (of 10 available processors)

Solution count 1: 186276 

Optimal solution found (tolerance 1.00e-04)
Best objective 1.862755000000e+05, best bound 1.862705000000e+05, gap 0.0027%
Solução ótima encontrada.
Set parameter TimeLimit to value 25200
Set parameter TimeLimit to value 600
Gurobi Optimizer version 10.0.2 build v10.0.2rc0 (mac64[arm])

CPU model: Apple M5
Thread count: 10 physical cores, 10 logical processors, using up to 10 threads

Optimize a model with 548706 rows, 284763 columns and 1341935 nonzeros
Model fingerprint: 0xd8df3fb9
Variable types: 0 continuous, 284763 integer (264707 binary)
Coefficient statistics:
  Matrix range     [1e+00, 8e+01]
  Objective range  [5e-01, 2e+03]
  Bounds range     [1e+00, 1e+00]
  RHS range        [1e+00, 1e+02]

User MIP start produced solution with objective 186276 (0.10s)
Loaded user MIP start with objective 186276
MIP start from previous solve did not produce a new incumbent solution

Presolve removed 536866 rows and 275295 columns
Presolve time: 0.19s
Presolved: 11840 rows, 9468 columns, 34194 nonzeros
Variable types: 0 continuous, 9468 integer (9468 binary)

Root relaxation: objective 1.860015e+05, 9525 iterations, 0.36 seconds (1.00 work units)

    Nodes    |    Current Node    |     Objective Bounds      |     Work
 Expl Unexpl |  Obj  Depth IntInf | Incumbent    BestBd   Gap | It/Node Time

     0     0 186001.500    0  390 186275.500 186001.500  0.15%     -    1s
     0     0 186034.205    0  935 186275.500 186034.205  0.13%     -    1s
     0     0 186034.205    0  328 186275.500 186034.205  0.13%     -    1s
     0     0 186040.000    0  602 186275.500 186040.000  0.13%     -    1s
     0     0 186040.000    0  615 186275.500 186040.000  0.13%     -    1s
     0     0 186040.000    0  538 186275.500 186040.000  0.13%     -    1s
     0     0 186080.917    0  410 186275.500 186080.917  0.10%     -    1s
     0     0 186080.917    0  142 186275.500 186080.917  0.10%     -    1s
     0     0 186080.917    0  295 186275.500 186080.917  0.10%     -    1s
     0     0 186080.958    0  160 186275.500 186080.958  0.10%     -    1s
     0     0 186083.000    0  100 186275.500 186083.000  0.10%     -    1s
     0     0 186094.100    0  138 186275.500 186094.100  0.10%     -    1s
     0     0 186094.773    0  135 186275.500 186094.773  0.10%     -    1s
     0     0 186094.773    0  137 186275.500 186094.773  0.10%     -    1s
     0     0 186098.667    0  125 186275.500 186098.667  0.09%     -    1s
     0     0 186099.500    0  117 186275.500 186099.500  0.09%     -    1s
     0     0 186101.269    0  215 186275.500 186101.269  0.09%     -    1s
     0     0 186101.732    0  207 186275.500 186101.732  0.09%     -    1s
     0     0 186101.861    0  201 186275.500 186101.861  0.09%     -    1s
     0     0 186101.877    0  205 186275.500 186101.877  0.09%     -    1s
     0     0 186109.300    0  164 186275.500 186109.300  0.09%     -    1s
     0     0 186112.031    0  201 186275.500 186112.031  0.09%     -    1s
     0     0 186112.841    0  199 186275.500 186112.841  0.09%     -    1s
     0     0 186113.333    0  178 186275.500 186113.333  0.09%     -    1s
     0     0 186113.500    0  196 186275.500 186113.500  0.09%     -    1s
     0     0 186113.598    0  196 186275.500 186113.598  0.09%     -    1s
     0     0 186118.429    0  190 186275.500 186118.429  0.08%     -    2s
     0     2 186118.471    0  184 186275.500 186118.471  0.08%     -    2s

Cutting planes:
  Gomory: 1
  Lift-and-project: 4
  Implied bound: 2
  Clique: 57
  Zero half: 18
  RLT: 43
  BQP: 42

Explored 253 nodes (47485 simplex iterations) in 2.16 seconds (5.43 work units)
Thread count was 10 (of 10 available processors)

Solution count 1: 186276 

Optimal solution found (tolerance 1.00e-04)
Best objective 1.862755000000e+05, best bound 1.862605000000e+05, gap 0.0081%
Solução ótima encontrada.
Set parameter TimeLimit to value 25200
Set parameter TimeLimit to value 600
Gurobi Optimizer version 10.0.2 build v10.0.2rc0 (mac64[arm])

CPU model: Apple M5
Thread count: 10 physical cores, 10 logical processors, using up to 10 threads

Optimize a model with 548706 rows, 284763 columns and 1341935 nonzeros
Model fingerprint: 0xb2e7c571
Variable types: 0 continuous, 284763 integer (264707 binary)
Coefficient statistics:
  Matrix range     [1e+00, 8e+01]
  Objective range  [5e-01, 2e+03]
  Bounds range     [1e+00, 1e+00]
  RHS range        [1e+00, 1e+02]

User MIP start produced solution with objective 186276 (0.10s)
Loaded user MIP start with objective 186276
MIP start from previous solve did not produce a new incumbent solution

Presolve removed 543335 rows and 280184 columns
Presolve time: 0.17s
Presolved: 5371 rows, 4579 columns, 15259 nonzeros
Variable types: 0 continuous, 4579 integer (4579 binary)

Root relaxation: objective 1.862505e+05, 950 iterations, 0.01 seconds (0.02 work units)

    Nodes    |    Current Node    |     Objective Bounds      |     Work
 Expl Unexpl |  Obj  Depth IntInf | Incumbent    BestBd   Gap | It/Node Time

     0     0 186250.500    0  180 186275.500 186250.500  0.01%     -    0s
     0     0 186250.500    0  180 186275.500 186250.500  0.01%     -    0s
     0     0 186250.500    0   58 186275.500 186250.500  0.01%     -    0s
     0     0 186252.167    0   75 186275.500 186252.167  0.01%     -    0s
     0     0 186255.500    0   90 186275.500 186255.500  0.01%     -    0s
     0     0 186256.750    0   45 186275.500 186256.750  0.01%     -    0s

Cutting planes:
  Gomory: 1
  Zero half: 5
  RLT: 3
  BQP: 5

Explored 1 nodes (1898 simplex iterations) in 0.35 seconds (0.96 work units)
Thread count was 10 (of 10 available processors)

Solution count 1: 186276 

Optimal solution found (tolerance 1.00e-04)
Best objective 1.862755000000e+05, best bound 1.862570000000e+05, gap 0.0099%
Solução ótima encontrada.
Set parameter TimeLimit to value 25200
Set parameter TimeLimit to value 600
Gurobi Optimizer version 10.0.2 build v10.0.2rc0 (mac64[arm])

CPU model: Apple M5
Thread count: 10 physical cores, 10 logical processors, using up to 10 threads

Optimize a model with 548706 rows, 284763 columns and 1341935 nonzeros
Model fingerprint: 0x63db434f
Variable types: 0 continuous, 284763 integer (264707 binary)
Coefficient statistics:
  Matrix range     [1e+00, 8e+01]
  Objective range  [5e-01, 2e+03]
  Bounds range     [1e+00, 1e+00]
  RHS range        [1e+00, 1e+02]

User MIP start produced solution with objective 186276 (0.09s)
Loaded user MIP start with objective 186276
MIP start from previous solve did not produce a new incumbent solution

Presolve removed 530470 rows and 271261 columns
Presolve time: 0.22s
Presolved: 18236 rows, 13502 columns, 52113 nonzeros
Variable types: 0 continuous, 13502 integer (13502 binary)

Root relaxation: objective 1.861535e+05, 10631 iterations, 0.32 seconds (0.71 work units)

    Nodes    |    Current Node    |     Objective Bounds      |     Work
 Expl Unexpl |  Obj  Depth IntInf | Incumbent    BestBd   Gap | It/Node Time

     0     0 186153.500    0  550 186275.500 186153.500  0.07%     -    0s
     0     0 186153.500    0  550 186275.500 186153.500  0.07%     -    0s
     0     0 186153.500    0  240 186275.500 186153.500  0.07%     -    0s
     0     0 infeasible    0      186275.500 186275.500  0.00%     -    0s

Cutting planes:
  Gomory: 2
  Clique: 5
  MIR: 1
  Zero half: 15
  RLT: 9
  BQP: 21

Explored 1 nodes (14267 simplex iterations) in 0.84 seconds (2.25 work units)
Thread count was 10 (of 10 available processors)

Solution count 1: 186276 

Optimal solution found (tolerance 1.00e-04)
Best objective 1.862755000000e+05, best bound 1.862755000000e+05, gap 0.0000%
Solução ótima encontrada.
Set parameter TimeLimit to value 25200
Set parameter TimeLimit to value 600
Gurobi Optimizer version 10.0.2 build v10.0.2rc0 (mac64[arm])

CPU model: Apple M5
Thread count: 10 physical cores, 10 logical processors, using up to 10 threads

Optimize a model with 548706 rows, 284763 columns and 1341935 nonzeros
Model fingerprint: 0x6b37588e
Variable types: 0 continuous, 284763 integer (264707 binary)
Coefficient statistics:
  Matrix range     [1e+00, 8e+01]
  Objective range  [5e-01, 2e+03]
  Bounds range     [1e+00, 1e+00]
  RHS range        [1e+00, 1e+02]

User MIP start produced solution with objective 186276 (0.10s)
Loaded user MIP start with objective 186276
MIP start from previous solve did not produce a new incumbent solution

Presolve removed 528006 rows and 268071 columns
Presolve time: 0.23s
Presolved: 20700 rows, 16692 columns, 60271 nonzeros
Variable types: 0 continuous, 16692 integer (16692 binary)

Root relaxation: objective 1.862055e+05, 9469 iterations, 0.46 seconds (1.31 work units)

    Nodes    |    Current Node    |     Objective Bounds      |     Work
 Expl Unexpl |  Obj  Depth IntInf | Incumbent    BestBd   Gap | It/Node Time

     0     0 186205.500    0  547 186275.500 186205.500  0.04%     -    1s
     0     0 186205.500    0  547 186275.500 186205.500  0.04%     -    1s
     0     0 186205.500    0  153 186275.500 186205.500  0.04%     -    1s
     0     0 186205.500    0  181 186275.500 186205.500  0.04%     -    1s
     0     0 186208.500    0   99 186275.500 186208.500  0.04%     -    1s
     0     0 186208.500    0  167 186275.500 186208.500  0.04%     -    1s
     0     0 186210.375    0  232 186275.500 186210.375  0.03%     -    1s
     0     0 186210.750    0  199 186275.500 186210.750  0.03%     -    1s
     0     2 186210.875    0  199 186275.500 186210.875  0.03%     -    1s

Cutting planes:
  Gomory: 3
  Clique: 2
  Zero half: 13
  RLT: 13
  BQP: 18

Explored 6456 nodes (292646 simplex iterations) in 3.54 seconds (8.11 work units)
Thread count was 10 (of 10 available processors)

Solution count 1: 186276 

Optimal solution found (tolerance 1.00e-04)
Best objective 1.862755000000e+05, best bound 1.862755000000e+05, gap 0.0000%
Solução ótima encontrada.
RESULTADO_JSON={"arquivo_log_csv": "resultados/experimentos/2024_1/fixopt_curso_init3min_sub10min_total4h.csv", "arquivo_log_json": "resultados/experimentos/2024_1/fixopt_curso_init3min_sub10min_total4h.json", "arquivo_melhor_solucao": "resultados/experimentos/2024_1/fixopt_curso_init3min_sub10min_total4h.sol", "etapa": "fix_and_optimize_cursos", "ganho_absoluto": 419.0, "historico": [{"ciclo": 1, "curso": "ADM", "disciplinas_livres": 48, "iteracao": 1, "melhorou": true, "objetivo_anterior": 186694.5, "objetivo_candidato": 186661.5, "objetivo_incumbente": 186661.5, "passada": 1, "recurso": "ADM", "status_solver": "OPTIMAL", "tempo_gasto_s": 1.0, "tempo_limite_subproblema_s": 600.0, "tempo_solver_s": 0.75, "variaveis_x_fixadas": 85698, "variaveis_x_livres": 9292, "vizinhanca": "curso"}, {"ciclo": 1, "curso": "AGRO", "disciplinas_livres": 51, "iteracao": 2, "melhorou": true, "objetivo_anterior": 186661.5, "objetivo_candidato": 186658.5, "objetivo_incumbente": 186658.5, "passada": 1, "recurso": "AGRO", "status_solver": "OPTIMAL", "tempo_gasto_s": 3.32, "tempo_limite_subproblema_s": 600.0, "tempo_solver_s": 2.98, "variaveis_x_fixadas": 86250, "variaveis_x_livres": 8740, "vizinhanca": "curso"}, {"ciclo": 1, "curso": "CC", "disciplinas_livres": 47, "iteracao": 3, "melhorou": false, "objetivo_anterior": 186658.5, "objetivo_candidato": 186658.5, "objetivo_incumbente": 186658.5, "passada": 1, "recurso": "CC", "status_solver": "OPTIMAL", "tempo_gasto_s": 1.01, "tempo_limite_subproblema_s": 600.0, "tempo_solver_s": 0.69, "variaveis_x_fixadas": 84456, "variaveis_x_livres": 10534, "vizinhanca": "curso"}, {"ciclo": 1, "curso": "CS", "disciplinas_livres": 22, "iteracao": 4, "melhorou": false, "objetivo_anterior": 186658.5, "objetivo_candidato": 186658.5, "objetivo_incumbente": 186658.5, "passada": 1, "recurso": "CS", "status_solver": "OPTIMAL", "tempo_gasto_s": 0.64, "tempo_limite_subproblema_s": 600.0, "tempo_solver_s": 0.31, "variaveis_x_fixadas": 90436, "variaveis_x_livres": 4554, "vizinhanca": "curso"}, {"ciclo": 1, "curso": "EAS", "disciplinas_livres": 45, "iteracao": 5, "melhorou": true, "objetivo_anterior": 186658.5, "objetivo_candidato": 186648.5, "objetivo_incumbente": 186648.5, "passada": 1, "recurso": "EAS", "status_solver": "OPTIMAL", "tempo_gasto_s": 0.67, "tempo_limite_subproblema_s": 600.0, "tempo_solver_s": 0.36, "variaveis_x_fixadas": 87538, "variaveis_x_livres": 7452, "vizinhanca": "curso"}, {"ciclo": 1, "curso": "ENF", "disciplinas_livres": 18, "iteracao": 6, "melhorou": true, "objetivo_anterior": 186648.5, "objetivo_candidato": 186355.5, "objetivo_incumbente": 186355.5, "passada": 1, "recurso": "ENF", "status_solver": "OPTIMAL", "tempo_gasto_s": 2.71, "tempo_limite_subproblema_s": 600.0, "tempo_solver_s": 2.4, "variaveis_x_fixadas": 86480, "variaveis_x_livres": 8510, "vizinhanca": "curso"}, {"ciclo": 1, "curso": "FIL", "disciplinas_livres": 15, "iteracao": 7, "melhorou": false, "objetivo_anterior": 186355.5, "objetivo_candidato": 186355.5, "objetivo_incumbente": 186355.5, "passada": 1, "recurso": "FIL", "status_solver": "OPTIMAL", "tempo_gasto_s": 0.58, "tempo_limite_subproblema_s": 600.0, "tempo_solver_s": 0.26, "variaveis_x_fixadas": 92230, "variaveis_x_livres": 2760, "vizinhanca": "curso"}, {"ciclo": 1, "curso": "GEO", "disciplinas_livres": 10, "iteracao": 8, "melhorou": false, "objetivo_anterior": 186355.5, "objetivo_candidato": 186355.5, "objetivo_incumbente": 186355.5, "passada": 1, "recurso": "GEO", "status_solver": "OPTIMAL", "tempo_gasto_s": 0.6, "tempo_limite_subproblema_s": 600.0, "tempo_solver_s": 0.28, "variaveis_x_fixadas": 92920, "variaveis_x_livres": 2070, "vizinhanca": "curso"}, {"ciclo": 1, "curso": "HIS", "disciplinas_livres": 24, "iteracao": 9, "melhorou": false, "objetivo_anterior": 186355.5, "objetivo_candidato": 186355.5, "objetivo_incumbente": 186355.5, "passada": 1, "recurso": "HIS", "status_solver": "OPTIMAL", "tempo_gasto_s": 0.62, "tempo_limite_subproblema_s": 600.0, "tempo_solver_s": 0.31, "variaveis_x_fixadas": 90206, "variaveis_x_livres": 4784, "vizinhanca": "curso"}, {"ciclo": 1, "curso": "LET", "disciplinas_livres": 36, "iteracao": 10, "melhorou": false, "objetivo_anterior": 186355.5, "objetivo_candidato": 186355.5, "objetivo_incumbente": 186355.5, "passada": 1, "recurso": "LET", "status_solver": "OPTIMAL", "tempo_gasto_s": 3.05, "tempo_limite_subproblema_s": 600.0, "tempo_solver_s": 2.74, "variaveis_x_fixadas": 85836, "variaveis_x_livres": 9154, "vizinhanca": "curso"}, {"ciclo": 1, "curso": "MAT", "disciplinas_livres": 23, "iteracao": 11, "melhorou": true, "objetivo_anterior": 186355.5, "objetivo_candidato": 186325.5, "objetivo_incumbente": 186325.5, "passada": 1, "recurso": "MAT", "status_solver": "OPTIMAL", "tempo_gasto_s": 0.66, "tempo_limite_subproblema_s": 600.0, "tempo_solver_s": 0.34, "variaveis_x_fixadas": 90022, "variaveis_x_livres": 4968, "vizinhanca": "curso"}, {"ciclo": 1, "curso": "MED", "disciplinas_livres": 41, "iteracao": 12, "melhorou": false, "objetivo_anterior": 186325.5, "objetivo_candidato": 186325.5, "objetivo_incumbente": 186325.5, "passada": 1, "recurso": "MED", "status_solver": "OPTIMAL", "tempo_gasto_s": 1.11, "tempo_limite_subproblema_s": 600.0, "tempo_solver_s": 0.78, "variaveis_x_fixadas": 85606, "variaveis_x_livres": 9384, "vizinhanca": "curso"}, {"ciclo": 1, "curso": "PED", "disciplinas_livres": 56, "iteracao": 13, "melhorou": true, "objetivo_anterior": 186325.5, "objetivo_candidato": 186275.5, "objetivo_incumbente": 186275.5, "passada": 1, "recurso": "PED", "status_solver": "OPTIMAL", "tempo_gasto_s": 2.52, "tempo_limite_subproblema_s": 600.0, "tempo_solver_s": 2.2, "variaveis_x_fixadas": 82202, "variaveis_x_livres": 12788, "vizinhanca": "curso"}, {"ciclo": 1, "curso": "ADM", "disciplinas_livres": 48, "iteracao": 1, "melhorou": false, "objetivo_anterior": 186275.5, "objetivo_candidato": 186275.5, "objetivo_incumbente": 186275.5, "passada": 2, "recurso": "ADM", "status_solver": "OPTIMAL", "tempo_gasto_s": 0.89, "tempo_limite_subproblema_s": 600.0, "tempo_solver_s": 0.59, "variaveis_x_fixadas": 85698, "variaveis_x_livres": 9292, "vizinhanca": "curso"}, {"ciclo": 1, "curso": "AGRO", "disciplinas_livres": 51, "iteracao": 2, "melhorou": false, "objetivo_anterior": 186275.5, "objetivo_candidato": 186275.5, "objetivo_incumbente": 186275.5, "passada": 2, "recurso": "AGRO", "status_solver": "OPTIMAL", "tempo_gasto_s": 3.55, "tempo_limite_subproblema_s": 600.0, "tempo_solver_s": 3.23, "variaveis_x_fixadas": 86250, "variaveis_x_livres": 8740, "vizinhanca": "curso"}, {"ciclo": 1, "curso": "CC", "disciplinas_livres": 47, "iteracao": 3, "melhorou": false, "objetivo_anterior": 186275.5, "objetivo_candidato": 186275.5, "objetivo_incumbente": 186275.5, "passada": 2, "recurso": "CC", "status_solver": "OPTIMAL", "tempo_gasto_s": 1.11, "tempo_limite_subproblema_s": 600.0, "tempo_solver_s": 0.78, "variaveis_x_fixadas": 84456, "variaveis_x_livres": 10534, "vizinhanca": "curso"}, {"ciclo": 1, "curso": "CS", "disciplinas_livres": 22, "iteracao": 4, "melhorou": false, "objetivo_anterior": 186275.5, "objetivo_candidato": 186275.5, "objetivo_incumbente": 186275.5, "passada": 2, "recurso": "CS", "status_solver": "OPTIMAL", "tempo_gasto_s": 0.6, "tempo_limite_subproblema_s": 600.0, "tempo_solver_s": 0.29, "variaveis_x_fixadas": 90436, "variaveis_x_livres": 4554, "vizinhanca": "curso"}, {"ciclo": 1, "curso": "EAS", "disciplinas_livres": 45, "iteracao": 5, "melhorou": false, "objetivo_anterior": 186275.5, "objetivo_candidato": 186275.5, "objetivo_incumbente": 186275.5, "passada": 2, "recurso": "EAS", "status_solver": "OPTIMAL", "tempo_gasto_s": 0.68, "tempo_limite_subproblema_s": 600.0, "tempo_solver_s": 0.37, "variaveis_x_fixadas": 87538, "variaveis_x_livres": 7452, "vizinhanca": "curso"}, {"ciclo": 1, "curso": "ENF", "disciplinas_livres": 18, "iteracao": 6, "melhorou": false, "objetivo_anterior": 186275.5, "objetivo_candidato": 186275.5, "objetivo_incumbente": 186275.5, "passada": 2, "recurso": "ENF", "status_solver": "OPTIMAL", "tempo_gasto_s": 2.54, "tempo_limite_subproblema_s": 600.0, "tempo_solver_s": 2.24, "variaveis_x_fixadas": 86480, "variaveis_x_livres": 8510, "vizinhanca": "curso"}, {"ciclo": 1, "curso": "FIL", "disciplinas_livres": 15, "iteracao": 7, "melhorou": false, "objetivo_anterior": 186275.5, "objetivo_candidato": 186275.5, "objetivo_incumbente": 186275.5, "passada": 2, "recurso": "FIL", "status_solver": "OPTIMAL", "tempo_gasto_s": 0.56, "tempo_limite_subproblema_s": 600.0, "tempo_solver_s": 0.26, "variaveis_x_fixadas": 92230, "variaveis_x_livres": 2760, "vizinhanca": "curso"}, {"ciclo": 1, "curso": "GEO", "disciplinas_livres": 10, "iteracao": 8, "melhorou": false, "objetivo_anterior": 186275.5, "objetivo_candidato": 186275.5, "objetivo_incumbente": 186275.5, "passada": 2, "recurso": "GEO", "status_solver": "OPTIMAL", "tempo_gasto_s": 0.58, "tempo_limite_subproblema_s": 600.0, "tempo_solver_s": 0.26, "variaveis_x_fixadas": 92920, "variaveis_x_livres": 2070, "vizinhanca": "curso"}, {"ciclo": 1, "curso": "HIS", "disciplinas_livres": 24, "iteracao": 9, "melhorou": false, "objetivo_anterior": 186275.5, "objetivo_candidato": 186275.5, "objetivo_incumbente": 186275.5, "passada": 2, "recurso": "HIS", "status_solver": "OPTIMAL", "tempo_gasto_s": 0.61, "tempo_limite_subproblema_s": 600.0, "tempo_solver_s": 0.31, "variaveis_x_fixadas": 90206, "variaveis_x_livres": 4784, "vizinhanca": "curso"}, {"ciclo": 1, "curso": "LET", "disciplinas_livres": 36, "iteracao": 10, "melhorou": false, "objetivo_anterior": 186275.5, "objetivo_candidato": 186275.5, "objetivo_incumbente": 186275.5, "passada": 2, "recurso": "LET", "status_solver": "OPTIMAL", "tempo_gasto_s": 2.47, "tempo_limite_subproblema_s": 600.0, "tempo_solver_s": 2.16, "variaveis_x_fixadas": 85836, "variaveis_x_livres": 9154, "vizinhanca": "curso"}, {"ciclo": 1, "curso": "MAT", "disciplinas_livres": 23, "iteracao": 11, "melhorou": false, "objetivo_anterior": 186275.5, "objetivo_candidato": 186275.5, "objetivo_incumbente": 186275.5, "passada": 2, "recurso": "MAT", "status_solver": "OPTIMAL", "tempo_gasto_s": 0.67, "tempo_limite_subproblema_s": 600.0, "tempo_solver_s": 0.35, "variaveis_x_fixadas": 90022, "variaveis_x_livres": 4968, "vizinhanca": "curso"}, {"ciclo": 1, "curso": "MED", "disciplinas_livres": 41, "iteracao": 12, "melhorou": false, "objetivo_anterior": 186275.5, "objetivo_candidato": 186275.5, "objetivo_incumbente": 186275.5, "passada": 2, "recurso": "MED", "status_solver": "OPTIMAL", "tempo_gasto_s": 1.14, "tempo_limite_subproblema_s": 600.0, "tempo_solver_s": 0.84, "variaveis_x_fixadas": 85606, "variaveis_x_livres": 9384, "vizinhanca": "curso"}, {"ciclo": 1, "curso": "PED", "disciplinas_livres": 56, "iteracao": 13, "melhorou": false, "objetivo_anterior": 186275.5, "objetivo_candidato": 186275.5, "objetivo_incumbente": 186275.5, "passada": 2, "recurso": "PED", "status_solver": "OPTIMAL", "tempo_gasto_s": 3.85, "tempo_limite_subproblema_s": 600.0, "tempo_solver_s": 3.54, "variaveis_x_fixadas": 82202, "variaveis_x_livres": 12788, "vizinhanca": "curso"}], "melhorias_aceitas": 6, "objetivo_final": 186275.5, "objetivo_inicial": 186694.5, "passadas_executadas": 2, "status": "CONCLUIDO", "tempo_total_s": 221.28, "tipo_vizinhanca": "curso", "total_iteracoes": 26}
{'etapa': 'fix_and_optimize_cursos', 'tipo_vizinhanca': 'curso', 'status': 'CONCLUIDO', 'objetivo_inicial': 186694.5, 'objetivo_final': 186275.5, 'ganho_absoluto': 419.0, 'passadas_executadas': 2, 'total_iteracoes': 26, 'melhorias_aceitas': 6, 'tempo_total_s': 221.28, 'arquivo_melhor_solucao': 'resultados/experimentos/2024_1/fixopt_curso_init3min_sub10min_total4h.sol', 'arquivo_log_csv': 'resultados/experimentos/2024_1/fixopt_curso_init3min_sub10min_total4h.csv', 'arquivo_log_json': 'resultados/experimentos/2024_1/fixopt_curso_init3min_sub10min_total4h.json', 'historico': [{'ciclo': 1, 'passada': 1, 'iteracao': 1, 'vizinhanca': 'curso', 'recurso': 'ADM', 'disciplinas_livres': 48, 'variaveis_x_livres': 9292, 'variaveis_x_fixadas': 85698, 'status_solver': 'OPTIMAL', 'objetivo_anterior': 186694.5, 'objetivo_candidato': 186661.5, 'melhorou': True, 'objetivo_incumbente': 186661.5, 'tempo_gasto_s': 1.0, 'tempo_solver_s': 0.75, 'tempo_limite_subproblema_s': 600.0, 'curso': 'ADM'}, {'ciclo': 1, 'passada': 1, 'iteracao': 2, 'vizinhanca': 'curso', 'recurso': 'AGRO', 'disciplinas_livres': 51, 'variaveis_x_livres': 8740, 'variaveis_x_fixadas': 86250, 'status_solver': 'OPTIMAL', 'objetivo_anterior': 186661.5, 'objetivo_candidato': 186658.5, 'melhorou': True, 'objetivo_incumbente': 186658.5, 'tempo_gasto_s': 3.32, 'tempo_solver_s': 2.98, 'tempo_limite_subproblema_s': 600.0, 'curso': 'AGRO'}, {'ciclo': 1, 'passada': 1, 'iteracao': 3, 'vizinhanca': 'curso', 'recurso': 'CC', 'disciplinas_livres': 47, 'variaveis_x_livres': 10534, 'variaveis_x_fixadas': 84456, 'status_solver': 'OPTIMAL', 'objetivo_anterior': 186658.5, 'objetivo_candidato': 186658.5, 'melhorou': False, 'objetivo_incumbente': 186658.5, 'tempo_gasto_s': 1.01, 'tempo_solver_s': 0.69, 'tempo_limite_subproblema_s': 600.0, 'curso': 'CC'}, {'ciclo': 1, 'passada': 1, 'iteracao': 4, 'vizinhanca': 'curso', 'recurso': 'CS', 'disciplinas_livres': 22, 'variaveis_x_livres': 4554, 'variaveis_x_fixadas': 90436, 'status_solver': 'OPTIMAL', 'objetivo_anterior': 186658.5, 'objetivo_candidato': 186658.5, 'melhorou': False, 'objetivo_incumbente': 186658.5, 'tempo_gasto_s': 0.64, 'tempo_solver_s': 0.31, 'tempo_limite_subproblema_s': 600.0, 'curso': 'CS'}, {'ciclo': 1, 'passada': 1, 'iteracao': 5, 'vizinhanca': 'curso', 'recurso': 'EAS', 'disciplinas_livres': 45, 'variaveis_x_livres': 7452, 'variaveis_x_fixadas': 87538, 'status_solver': 'OPTIMAL', 'objetivo_anterior': 186658.5, 'objetivo_candidato': 186648.5, 'melhorou': True, 'objetivo_incumbente': 186648.5, 'tempo_gasto_s': 0.67, 'tempo_solver_s': 0.36, 'tempo_limite_subproblema_s': 600.0, 'curso': 'EAS'}, {'ciclo': 1, 'passada': 1, 'iteracao': 6, 'vizinhanca': 'curso', 'recurso': 'ENF', 'disciplinas_livres': 18, 'variaveis_x_livres': 8510, 'variaveis_x_fixadas': 86480, 'status_solver': 'OPTIMAL', 'objetivo_anterior': 186648.5, 'objetivo_candidato': 186355.5, 'melhorou': True, 'objetivo_incumbente': 186355.5, 'tempo_gasto_s': 2.71, 'tempo_solver_s': 2.4, 'tempo_limite_subproblema_s': 600.0, 'curso': 'ENF'}, {'ciclo': 1, 'passada': 1, 'iteracao': 7, 'vizinhanca': 'curso', 'recurso': 'FIL', 'disciplinas_livres': 15, 'variaveis_x_livres': 2760, 'variaveis_x_fixadas': 92230, 'status_solver': 'OPTIMAL', 'objetivo_anterior': 186355.5, 'objetivo_candidato': 186355.5, 'melhorou': False, 'objetivo_incumbente': 186355.5, 'tempo_gasto_s': 0.58, 'tempo_solver_s': 0.26, 'tempo_limite_subproblema_s': 600.0, 'curso': 'FIL'}, {'ciclo': 1, 'passada': 1, 'iteracao': 8, 'vizinhanca': 'curso', 'recurso': 'GEO', 'disciplinas_livres': 10, 'variaveis_x_livres': 2070, 'variaveis_x_fixadas': 92920, 'status_solver': 'OPTIMAL', 'objetivo_anterior': 186355.5, 'objetivo_candidato': 186355.5, 'melhorou': False, 'objetivo_incumbente': 186355.5, 'tempo_gasto_s': 0.6, 'tempo_solver_s': 0.28, 'tempo_limite_subproblema_s': 600.0, 'curso': 'GEO'}, {'ciclo': 1, 'passada': 1, 'iteracao': 9, 'vizinhanca': 'curso', 'recurso': 'HIS', 'disciplinas_livres': 24, 'variaveis_x_livres': 4784, 'variaveis_x_fixadas': 90206, 'status_solver': 'OPTIMAL', 'objetivo_anterior': 186355.5, 'objetivo_candidato': 186355.5, 'melhorou': False, 'objetivo_incumbente': 186355.5, 'tempo_gasto_s': 0.62, 'tempo_solver_s': 0.31, 'tempo_limite_subproblema_s': 600.0, 'curso': 'HIS'}, {'ciclo': 1, 'passada': 1, 'iteracao': 10, 'vizinhanca': 'curso', 'recurso': 'LET', 'disciplinas_livres': 36, 'variaveis_x_livres': 9154, 'variaveis_x_fixadas': 85836, 'status_solver': 'OPTIMAL', 'objetivo_anterior': 186355.5, 'objetivo_candidato': 186355.5, 'melhorou': False, 'objetivo_incumbente': 186355.5, 'tempo_gasto_s': 3.05, 'tempo_solver_s': 2.74, 'tempo_limite_subproblema_s': 600.0, 'curso': 'LET'}, {'ciclo': 1, 'passada': 1, 'iteracao': 11, 'vizinhanca': 'curso', 'recurso': 'MAT', 'disciplinas_livres': 23, 'variaveis_x_livres': 4968, 'variaveis_x_fixadas': 90022, 'status_solver': 'OPTIMAL', 'objetivo_anterior': 186355.5, 'objetivo_candidato': 186325.5, 'melhorou': True, 'objetivo_incumbente': 186325.5, 'tempo_gasto_s': 0.66, 'tempo_solver_s': 0.34, 'tempo_limite_subproblema_s': 600.0, 'curso': 'MAT'}, {'ciclo': 1, 'passada': 1, 'iteracao': 12, 'vizinhanca': 'curso', 'recurso': 'MED', 'disciplinas_livres': 41, 'variaveis_x_livres': 9384, 'variaveis_x_fixadas': 85606, 'status_solver': 'OPTIMAL', 'objetivo_anterior': 186325.5, 'objetivo_candidato': 186325.5, 'melhorou': False, 'objetivo_incumbente': 186325.5, 'tempo_gasto_s': 1.11, 'tempo_solver_s': 0.78, 'tempo_limite_subproblema_s': 600.0, 'curso': 'MED'}, {'ciclo': 1, 'passada': 1, 'iteracao': 13, 'vizinhanca': 'curso', 'recurso': 'PED', 'disciplinas_livres': 56, 'variaveis_x_livres': 12788, 'variaveis_x_fixadas': 82202, 'status_solver': 'OPTIMAL', 'objetivo_anterior': 186325.5, 'objetivo_candidato': 186275.5, 'melhorou': True, 'objetivo_incumbente': 186275.5, 'tempo_gasto_s': 2.52, 'tempo_solver_s': 2.2, 'tempo_limite_subproblema_s': 600.0, 'curso': 'PED'}, {'ciclo': 1, 'passada': 2, 'iteracao': 1, 'vizinhanca': 'curso', 'recurso': 'ADM', 'disciplinas_livres': 48, 'variaveis_x_livres': 9292, 'variaveis_x_fixadas': 85698, 'status_solver': 'OPTIMAL', 'objetivo_anterior': 186275.5, 'objetivo_candidato': 186275.5, 'melhorou': False, 'objetivo_incumbente': 186275.5, 'tempo_gasto_s': 0.89, 'tempo_solver_s': 0.59, 'tempo_limite_subproblema_s': 600.0, 'curso': 'ADM'}, {'ciclo': 1, 'passada': 2, 'iteracao': 2, 'vizinhanca': 'curso', 'recurso': 'AGRO', 'disciplinas_livres': 51, 'variaveis_x_livres': 8740, 'variaveis_x_fixadas': 86250, 'status_solver': 'OPTIMAL', 'objetivo_anterior': 186275.5, 'objetivo_candidato': 186275.5, 'melhorou': False, 'objetivo_incumbente': 186275.5, 'tempo_gasto_s': 3.55, 'tempo_solver_s': 3.23, 'tempo_limite_subproblema_s': 600.0, 'curso': 'AGRO'}, {'ciclo': 1, 'passada': 2, 'iteracao': 3, 'vizinhanca': 'curso', 'recurso': 'CC', 'disciplinas_livres': 47, 'variaveis_x_livres': 10534, 'variaveis_x_fixadas': 84456, 'status_solver': 'OPTIMAL', 'objetivo_anterior': 186275.5, 'objetivo_candidato': 186275.5, 'melhorou': False, 'objetivo_incumbente': 186275.5, 'tempo_gasto_s': 1.11, 'tempo_solver_s': 0.78, 'tempo_limite_subproblema_s': 600.0, 'curso': 'CC'}, {'ciclo': 1, 'passada': 2, 'iteracao': 4, 'vizinhanca': 'curso', 'recurso': 'CS', 'disciplinas_livres': 22, 'variaveis_x_livres': 4554, 'variaveis_x_fixadas': 90436, 'status_solver': 'OPTIMAL', 'objetivo_anterior': 186275.5, 'objetivo_candidato': 186275.5, 'melhorou': False, 'objetivo_incumbente': 186275.5, 'tempo_gasto_s': 0.6, 'tempo_solver_s': 0.29, 'tempo_limite_subproblema_s': 600.0, 'curso': 'CS'}, {'ciclo': 1, 'passada': 2, 'iteracao': 5, 'vizinhanca': 'curso', 'recurso': 'EAS', 'disciplinas_livres': 45, 'variaveis_x_livres': 7452, 'variaveis_x_fixadas': 87538, 'status_solver': 'OPTIMAL', 'objetivo_anterior': 186275.5, 'objetivo_candidato': 186275.5, 'melhorou': False, 'objetivo_incumbente': 186275.5, 'tempo_gasto_s': 0.68, 'tempo_solver_s': 0.37, 'tempo_limite_subproblema_s': 600.0, 'curso': 'EAS'}, {'ciclo': 1, 'passada': 2, 'iteracao': 6, 'vizinhanca': 'curso', 'recurso': 'ENF', 'disciplinas_livres': 18, 'variaveis_x_livres': 8510, 'variaveis_x_fixadas': 86480, 'status_solver': 'OPTIMAL', 'objetivo_anterior': 186275.5, 'objetivo_candidato': 186275.5, 'melhorou': False, 'objetivo_incumbente': 186275.5, 'tempo_gasto_s': 2.54, 'tempo_solver_s': 2.24, 'tempo_limite_subproblema_s': 600.0, 'curso': 'ENF'}, {'ciclo': 1, 'passada': 2, 'iteracao': 7, 'vizinhanca': 'curso', 'recurso': 'FIL', 'disciplinas_livres': 15, 'variaveis_x_livres': 2760, 'variaveis_x_fixadas': 92230, 'status_solver': 'OPTIMAL', 'objetivo_anterior': 186275.5, 'objetivo_candidato': 186275.5, 'melhorou': False, 'objetivo_incumbente': 186275.5, 'tempo_gasto_s': 0.56, 'tempo_solver_s': 0.26, 'tempo_limite_subproblema_s': 600.0, 'curso': 'FIL'}, {'ciclo': 1, 'passada': 2, 'iteracao': 8, 'vizinhanca': 'curso', 'recurso': 'GEO', 'disciplinas_livres': 10, 'variaveis_x_livres': 2070, 'variaveis_x_fixadas': 92920, 'status_solver': 'OPTIMAL', 'objetivo_anterior': 186275.5, 'objetivo_candidato': 186275.5, 'melhorou': False, 'objetivo_incumbente': 186275.5, 'tempo_gasto_s': 0.58, 'tempo_solver_s': 0.26, 'tempo_limite_subproblema_s': 600.0, 'curso': 'GEO'}, {'ciclo': 1, 'passada': 2, 'iteracao': 9, 'vizinhanca': 'curso', 'recurso': 'HIS', 'disciplinas_livres': 24, 'variaveis_x_livres': 4784, 'variaveis_x_fixadas': 90206, 'status_solver': 'OPTIMAL', 'objetivo_anterior': 186275.5, 'objetivo_candidato': 186275.5, 'melhorou': False, 'objetivo_incumbente': 186275.5, 'tempo_gasto_s': 0.61, 'tempo_solver_s': 0.31, 'tempo_limite_subproblema_s': 600.0, 'curso': 'HIS'}, {'ciclo': 1, 'passada': 2, 'iteracao': 10, 'vizinhanca': 'curso', 'recurso': 'LET', 'disciplinas_livres': 36, 'variaveis_x_livres': 9154, 'variaveis_x_fixadas': 85836, 'status_solver': 'OPTIMAL', 'objetivo_anterior': 186275.5, 'objetivo_candidato': 186275.5, 'melhorou': False, 'objetivo_incumbente': 186275.5, 'tempo_gasto_s': 2.47, 'tempo_solver_s': 2.16, 'tempo_limite_subproblema_s': 600.0, 'curso': 'LET'}, {'ciclo': 1, 'passada': 2, 'iteracao': 11, 'vizinhanca': 'curso', 'recurso': 'MAT', 'disciplinas_livres': 23, 'variaveis_x_livres': 4968, 'variaveis_x_fixadas': 90022, 'status_solver': 'OPTIMAL', 'objetivo_anterior': 186275.5, 'objetivo_candidato': 186275.5, 'melhorou': False, 'objetivo_incumbente': 186275.5, 'tempo_gasto_s': 0.67, 'tempo_solver_s': 0.35, 'tempo_limite_subproblema_s': 600.0, 'curso': 'MAT'}, {'ciclo': 1, 'passada': 2, 'iteracao': 12, 'vizinhanca': 'curso', 'recurso': 'MED', 'disciplinas_livres': 41, 'variaveis_x_livres': 9384, 'variaveis_x_fixadas': 85606, 'status_solver': 'OPTIMAL', 'objetivo_anterior': 186275.5, 'objetivo_candidato': 186275.5, 'melhorou': False, 'objetivo_incumbente': 186275.5, 'tempo_gasto_s': 1.14, 'tempo_solver_s': 0.84, 'tempo_limite_subproblema_s': 600.0, 'curso': 'MED'}, {'ciclo': 1, 'passada': 2, 'iteracao': 13, 'vizinhanca': 'curso', 'recurso': 'PED', 'disciplinas_livres': 56, 'variaveis_x_livres': 12788, 'variaveis_x_fixadas': 82202, 'status_solver': 'OPTIMAL', 'objetivo_anterior': 186275.5, 'objetivo_candidato': 186275.5, 'melhorou': False, 'objetivo_incumbente': 186275.5, 'tempo_gasto_s': 3.85, 'tempo_solver_s': 3.54, 'tempo_limite_subproblema_s': 600.0, 'curso': 'PED'}]}
