Agrupamento!
Curso:  ADMINISTRAÇÃO
Disciplina 1: GCS528_1 | ('2M2345 (04/03/2024 - 29/04/2024)',)
Disciplina 2: GCH087_1 | ('2M2345 (06/05/2024 - 01/07/2024)',)
Agrupamento!
Curso:  ENFERMAGEM
Disciplina 1: GCH090_1 | ('3T1234 (06/05/2024 - 06/07/2024)',)
Disciplina 2: GSA020_1 | ('3T1234 (04/03/2024 - 04/05/2024)',)
Agrupamento!
Curso:  ENGENHARIA AMBIENTAL E SANITÁRIA
Disciplina 1: GEN108_1 | ('2T345 (04/03/2024 - 11/05/2024),  2T345 6T45 (13/05/2024 - 06/07/2024),  2T34 (08/07/2024 - 13/07/2024)',)
Disciplina 2: GEN107_1 | ('5T123 6T45 (04/03/2024 - 11/05/2024),  5T123 (13/05/2024 - 13/07/2024)',)
Agrupamento!
Curso:  LETRAS - PORTUGUÊS E ESPANHOL
Disciplina 1: GLA369_1 | ('2N1234 (15/04/2024 - 15/06/2024),  2T12  2N1234 (17/06/2024 - 22/06/2024)',)
Disciplina 2: GCH837_2 | ('2T12345  2N1234 (04/03/2024 - 13/04/2024),  2T12345 (15/04/2024 - 04/05/2024),  2T12345 (27/05/2024 - 08/06/2024),  2T12345 (10/06/2024 - 15/06/2024),  2N1234 (24/06/2024 - 13/07/2024)',)
Agrupamento!
Curso:  LETRAS - PORTUGUÊS E ESPANHOL
Disciplina 1: GLA381_1 | ('4N1234 (08/04/2024 - 11/05/2024),  4T1234  4N1234 (13/05/2024 - 25/05/2024),  4N1234 (27/05/2024 - 13/07/2024)',)
Disciplina 2: GLA379_1 | ('4N1234 (04/03/2024 - 06/04/2024),   2N1234 (08/04/2024 - 13/04/2024),  2N1234 (29/04/2024 - 11/05/2024), 2N1234 (24/06/2024 - 24/06/2024)',)
Agrupamento!
Curso:  LETRAS - PORTUGUÊS E ESPANHOL
Disciplina 1: GLA380_1 | ('6N1234 (20/05/2024 - 01/06/2024),  6T1234  6N1234 (03/06/2024 - 08/06/2024),  6N1234 (10/06/2024 - 13/07/2024)',)
Disciplina 2: GLA384_1 | ('6T12  6N1234 (04/03/2024 - 09/03/2024),  6N1234 (11/03/2024 - 18/05/2024)',)
Agrupamento!
Curso:  LETRAS - PORTUGUÊS E ESPANHOL
Disciplina 1: GLA383_1 | ('2N1234 (04/03/2024 - 06/04/2024),  2N1234 (15/04/2024 - 27/04/2024),  2N1234 (13/05/2024 - 22/06/2024),  2N1234 (01/07/2024 - 13/07/2024)',)
Disciplina 2: GLA379_1 | ('4N1234 (04/03/2024 - 06/04/2024),   2N1234 (08/04/2024 - 13/04/2024),  2N1234 (29/04/2024 - 11/05/2024), 2N1234 (24/06/2024 - 24/06/2024)',)
Agrupamento!
Curso:  LETRAS - PORTUGUÊS E ESPANHOL
Disciplina 1: GLA386_1 | ('3N1234 (29/04/2024 - 06/07/2024),  3N12 (08/07/2024 - 13/07/2024)',)
Disciplina 2: GLA385_1 | ('3T12345  3N1234 (04/03/2024 - 16/03/2024),  3N1234 (18/03/2024 - 27/04/2024)',)
Agrupamento!
Curso:  LETRAS - PORTUGUÊS E ESPANHOL
Disciplina 1: GLA395_1 | ('2T1234  2N1234 (04/03/2024 - 23/03/2024),  2T1234 (25/03/2024 - 30/03/2024),  2N1234 (01/07/2024 - 13/07/2024)',)
Disciplina 2: GLA397_1 | ('2N1234 (25/03/2024 - 01/06/2024),  2N12 (03/06/2024 - 08/06/2024)',)
Agrupamento!
Curso:  MATEMÁTICA
Disciplina 1: GEX983_1 | ('6N1234 (04/03/2024 - 26/04/2024),  6N12 (03/05/2024 - 03/05/2024)',)
Disciplina 2: GEX980_1 | ('6N1234 (17/05/2024 - 24/05/2024),  6N1234 (07/06/2024 - 05/07/2024),  6N12 (12/07/2024 - 12/07/2024)',)
Agrupamento!
Curso:  MATEMÁTICA
Disciplina 1: GEX989_1 | ('4N1234 (13/03/2024 - 13/03/2024),  4N1234 (10/04/2024 - 10/04/2024),  4N1234 (08/05/2024 - 08/05/2024),  4N1234 (22/05/2024 - 22/05/2024),  4N1234 (12/06/2024 - 12/06/2024),  2N1234 (17/06/2024 - 17/06/2024),  24N1234 (24/06/2024 - 26/06/2024),  2N1234 (01/07/2024 - 01/07/2024)',)
Disciplina 2: GEX988_1 | ('2N1234 (04/03/2024 - 10/06/2024)',)
Agrupamento!
Curso:  MATEMÁTICA
Disciplina 1: GEX996_1 | ('2N1234 (04/03/2024 - 04/03/2024),  2N1234 (18/03/2024 - 18/03/2024),  2N1234 (01/04/2024 - 01/04/2024),  2N1234 (15/04/2024 - 15/04/2024),  2N1234 (29/04/2024 - 29/04/2024),  2N1234 (13/05/2024 - 13/05/2024),  2N1234 (27/05/2024 - 27/05/2024),  2N1234 (10/06/2024 - 10/06/2024),  2N1234 (24/06/2024 - 24/06/2024)',)
Disciplina 2: GEX995_1 | ('2N1234 (11/03/2024 - 11/03/2024),  2T2345  2N1234 (25/03/2024 - 25/03/2024),  2T2345 (01/04/2024 - 01/04/2024),  2T2345  2N1234 (08/04/2024 - 08/04/2024),  2T2345 (15/04/2024 - 15/04/2024),  2T2345  2N1234 (22/04/2024 - 22/04/2024),  2T2345 (29/04/2024 - 29/04/2024),  2T2345  2N1234 (06/05/2024 - 06/05/2024),  2T2345 (13/05/2024 - 13/05/2024),  2T2345  2N1234 (20/05/2024 - 20/05/2024),  2T2345 (27/05/2024 - 27/05/2024),  2T2345  2N1234 (03/06/2024 - 03/06/2024),  2T2345 (10/06/2024 - 10/06/2024),  2T2345  2N1234 (17/06/2024 - 17/06/2024),  2T2345 (24/06/2024 - 24/06/2024),  2N12 (01/07/2024 - 01/07/2024)',)
Agrupamento!
Curso:  MEDICINA
Disciplina 1: GSA286_1 | ('4T1234 (06/03/2024 - 06/03/2024),  4T1234 (20/03/2024 - 20/03/2024),  4T1234 (03/04/2024 - 03/04/2024),  4T1234 (17/04/2024 - 17/04/2024),  4T1234 (08/05/2024 - 08/05/2024),  4T1234 (22/05/2024 - 22/05/2024),  4T1234 (29/05/2024 - 29/05/2024),  4T1234 (12/06/2024 - 12/06/2024),  4T1234 (26/06/2024 - 26/06/2024)',)
Disciplina 2: GSA285_1 | ('4T12345 (05/06/2024 - 05/06/2024),  4T12345 (19/06/2024 - 19/06/2024),  4T12345 (03/07/2024 - 03/07/2024),  4T123 (10/07/2024 - 10/07/2024)',)
Agrupamento!
Curso:  PEDAGOGIA
Disciplina 1: GCH1036_1 | ('5M1234 (28/03/2024 - 28/03/2024), 5M1234 (02/05/2024 - 02/05/2024), 5M1234 (06/06/2024 - 06/06/2024), 5M1234 (20/06/2024 - 20/06/2024), 5M12 (27/06/2024 - 27/06/2024)',)
Disciplina 2: GCH1100_1 | ('5M1234 (04/03/2024 - 21/03/2024), 5M1234 (04/04/2024 - 25/04/2024), 5M1234 (09/05/2024 - 09/05/2024), 5M1234 (16/05/2024 - 16/05/2024)',)
Agrupamento!
Curso:  PEDAGOGIA
Disciplina 1: GCH1039_1 | ('4N1234 (27/03/2024 - 27/03/2024),  4N1234 (08/05/2024 - 08/05/2024),  4N1234 (27/05/2024 - 08/06/2024),  4N12 (12/06/2024 - 12/06/2024)',)
Disciplina 2: GCH1038_1 | ('4N1234 (04/03/2024 - 23/03/2024),  4N1234 (01/04/2024 - 27/04/2024),  4N1234 (13/05/2024 - 25/05/2024)',)
Agrupamento!
Curso:  PEDAGOGIA
Disciplina 1: GCH1099_1 | ('6M1234 (04/03/2024 - 23/03/2024), 6M1234 (08/04/2024 - 04/05/2024), 6M1234 (13/05/2024 - 01/06/2024), 6M1234 (14/06/2024 - 14/06/2024), 6M34 (28/06/2024 - 28/06/2024), 6M1234 (01/07/2024 - 13/07/2024)',)
Disciplina 2: GCH1088_1 | ('6M1234 (01/04/2024 - 06/04/2024), 6M1234 (06/05/2024 - 11/05/2024), 6M1234 (03/06/2024 - 08/06/2024), 6M1234 (17/06/2024 - 22/06/2024), 6M12 (24/06/2024 - 29/06/2024)',)
Agrupamento!
Curso:  PEDAGOGIA
Disciplina 1: GCH1105_1 | ('3N1234 (04/03/2024 - 30/03/2024), 7M123456  3N1234 (01/07/2024 - 13/07/2024)',)
Disciplina 2: GCH1104_1 | ('3N1234 (01/04/2024 - 27/04/2024),  3N1234 (06/05/2024 - 18/05/2024)',)
Agrupamento!
Curso:  PEDAGOGIA
Disciplina 1: GCH1106_1 | ('2N1234 (25/03/2024 - 25/03/2024),  2N1234 (29/04/2024 - 29/04/2024),  2N1234 (27/05/2024 - 27/05/2024),  2N1234 (10/06/2024 - 10/06/2024),  2N12 (17/06/2024 - 17/06/2024)',)
Disciplina 2: GCH1102_1 | ('2N1234 (04/03/2024 - 23/03/2024),  2N1234 (01/04/2024 - 27/04/2024),  2N1234 (06/05/2024 - 25/05/2024),  2N1234 (03/06/2024 - 03/06/2024),  2N34 (17/06/2024 - 17/06/2024),  2N1234 (24/06/2024 - 06/07/2024)',)
Agrupamento!
Curso:  PEDAGOGIA
Disciplina 1: GCH1109_1 | ('3M1234 (06/05/2024 - 06/07/2024)',)
Disciplina 2: GCH1108_1 | ('3M1234 (04/03/2024 - 04/05/2024)',)
Agrupamento!
Curso:  PEDAGOGIA
Disciplina 1: GCH1111_1 | ('5M1234 (28/03/2024 - 28/03/2024), 5M1234 (02/05/2024 - 02/05/2024), 5M1234 (06/06/2024 - 06/06/2024), 5M1234 (20/06/2024 - 20/06/2024), 5M12 (27/06/2024 - 27/06/2024)',)
Disciplina 2: GCH837_3 | ('57M12345 (04/03/2024 - 23/03/2024), 57M12345 (01/04/2024 - 27/04/2024), 5M12345 (06/05/2024 - 25/05/2024), 57M12345 (13/06/2024 - 15/06/2024), 5M345 (27/06/2024 - 27/06/2024), 5M12345 (01/07/2024 - 13/07/2024)',)
Agrupamento!
Curso:  PEDAGOGIA
Disciplina 1: GCH1114_1 | ('7M2345  5N1234 (06/05/2024 - 25/05/2024), 7M2345  5N1234 (27/05/2024 - 08/06/2024),  5N1234 (10/06/2024 - 13/07/2024)',)
Disciplina 2: GCH1115_1 | ('7M2345  5N1234 (04/03/2024 - 23/03/2024),  5N1234 (25/03/2024 - 20/04/2024), 7M2345  5N1234 (22/04/2024 - 04/05/2024)',)
Agrupamento!
Curso:  PEDAGOGIA
Disciplina 1: GCH1116_1 | ('4N1234 (27/03/2024 - 27/03/2024),  4N1234 (08/05/2024 - 08/05/2024),  4N1234 (05/06/2024 - 05/06/2024),  4N1234 (19/06/2024 - 19/06/2024),  4N12 (26/06/2024 - 26/06/2024)',)
Disciplina 2: GCH1113_1 | ('4N1234 (04/03/2024 - 23/03/2024),  4N1234 (01/04/2024 - 27/04/2024),  4N1234 (13/05/2024 - 01/06/2024),  4N1234 (12/06/2024 - 12/06/2024),  4N34 (26/06/2024 - 26/06/2024), 7M123456  7T123  4N1234 (01/07/2024 - 13/07/2024)',)
Agrupamento!
Curso:  PEDAGOGIA
Disciplina 1: GLA240_1 | ('5M1234 (04/03/2024 - 04/05/2024)',)
Disciplina 2: GCH1119_1 | ('5M1234 (06/05/2024 - 13/07/2024)',)
Agrupamento!
Curso:  PEDAGOGIA
Disciplina 1: GEX776_1 | ('6M1234 (13/05/2024 - 13/07/2024)',)
Disciplina 2: GCH1118_1 | ('6M1234 (04/03/2024 - 11/05/2024)',)
Agrupamento!
Curso:  PEDAGOGIA
Disciplina 1: GCH1121_1 | ('7M2345 (09/03/2024 - 09/03/2024),  4N1234 (13/03/2024 - 13/03/2024), 7M2345 (16/03/2024 - 16/03/2024), 7M2345 (23/03/2024 - 23/03/2024),  4N1234 (10/04/2024 - 10/04/2024),  4N1234 (08/05/2024 - 08/05/2024),  4N1234 (22/05/2024 - 22/05/2024),  4N1234 (12/06/2024 - 12/06/2024),  4N1234 (26/06/2024 - 26/06/2024)',)
Disciplina 2: GEX777_1 | ('4N1234 (06/03/2024 - 06/03/2024),  4N1234 (18/03/2024 - 06/04/2024),  4N1234 (15/04/2024 - 27/04/2024), 7M2345  4N1234 (15/05/2024 - 18/05/2024), 7M2345  4N1234 (27/05/2024 - 08/06/2024), 7M2345  4N1234 (19/06/2024 - 22/06/2024), 7M2345  4N1234 (01/07/2024 - 13/07/2024)',)
Agrupamento!
Curso:  PEDAGOGIA
Disciplina 1: GCH1126_1 | ('2N1234 (25/03/2024 - 25/03/2024),  2N1234 (29/04/2024 - 29/04/2024),  2N1234 (27/05/2024 - 27/05/2024),  2N1234 (10/06/2024 - 10/06/2024),  2N12 (17/06/2024 - 17/06/2024)',)
Disciplina 2: GCH1122_1 | ('2N1234 (04/03/2024 - 23/03/2024),  2N1234 (01/04/2024 - 27/04/2024),  2N1234 (06/05/2024 - 06/05/2024),  2N1234 (13/05/2024 - 13/05/2024),  7T2345 (18/05/2024 - 18/05/2024),  2N1234 (20/05/2024 - 20/05/2024),  7T2345 (25/05/2024 - 25/05/2024),  7T2345 (01/06/2024 - 01/06/2024),  2N1234 (03/06/2024 - 03/06/2024),  7T2345 (08/06/2024 - 08/06/2024),  2N1234 (24/06/2024 - 13/07/2024)',)
Agrupamento!
Curso:  PEDAGOGIA
Disciplina 1: GCH1134_1 | ('3N1234 (26/03/2024 - 26/03/2024),  3N1234 (30/04/2024 - 30/04/2024),  3N1234 (21/05/2024 - 01/06/2024),  3N12 (04/06/2024 - 04/06/2024)',)
Disciplina 2: GCH1132_1 | ('3N1234 (04/03/2024 - 23/03/2024),  3N1234 (01/04/2024 - 27/04/2024),  3N1234 (06/05/2024 - 18/05/2024)',)
Agrupamentos:  27
Set parameter Username
Set parameter LicenseID to value 2851439
Academic license - for non-commercial use only - expires 2027-08-04
Set parameter TimeLimit to value 25200
Set parameter TimeLimit to value 300
Set parameter MIPFocus to value 1
Set parameter NoRelHeurTime to value 300
Gurobi Optimizer version 10.0.2 build v10.0.2rc0 (mac64[arm])

CPU model: Apple M5
Thread count: 10 physical cores, 10 logical processors, using up to 10 threads

Optimize a model with 548706 rows, 284763 columns and 1341935 nonzeros
Model fingerprint: 0x554225e6
Variable types: 0 continuous, 284763 integer (264707 binary)
Coefficient statistics:
  Matrix range     [1e+00, 8e+01]
  Objective range  [5e-01, 2e+03]
  Bounds range     [1e+00, 1e+00]
  RHS range        [1e+00, 1e+02]
Found heuristic solution: objective 4130000.0000
Presolve removed 258478 rows and 68178 columns
Presolve time: 1.59s
Presolved: 290228 rows, 216585 columns, 898474 nonzeros
Variable types: 0 continuous, 216585 integer (216585 binary)
Found heuristic solution: objective 3264725.0000
Starting NoRel heuristic
Found heuristic solution: objective 3264325.0000
Found heuristic solution: objective 1205379.0000
Found heuristic solution: objective 1168629.0000
Found heuristic solution: objective 1167689.0000
Found heuristic solution: objective 1014507.5000
Found heuristic solution: objective 1001215.0000
Found heuristic solution: objective 980986.50000
Found heuristic solution: objective 961056.50000
Found heuristic solution: objective 958228.00000
Found heuristic solution: objective 916147.00000
Elapsed time for NoRel heuristic: 5s (best bound -3.1692e+06)
Found heuristic solution: objective 878620.00000
Found heuristic solution: objective 870740.00000
Found heuristic solution: objective 844845.00000
Found heuristic solution: objective 810575.50000
Found heuristic solution: objective 801066.00000
Found heuristic solution: objective 500264.00000
Found heuristic solution: objective 499864.00000
Found heuristic solution: objective 489746.00000
Found heuristic solution: objective 470090.50000
Found heuristic solution: objective 466390.50000
Found heuristic solution: objective 455585.50000
Found heuristic solution: objective 449164.50000
Found heuristic solution: objective 440196.00000
Found heuristic solution: objective 435634.50000
Found heuristic solution: objective 418926.00000
Found heuristic solution: objective 414821.00000
Found heuristic solution: objective 411606.00000
Found heuristic solution: objective 410262.50000
Found heuristic solution: objective 406462.50000
Found heuristic solution: objective 400876.00000
Found heuristic solution: objective 367801.50000
Elapsed time for NoRel heuristic: 11s (best bound -2.80555e+06)
Found heuristic solution: objective 366830.00000
Found heuristic solution: objective 363434.50000
Found heuristic solution: objective 361914.00000
Found heuristic solution: objective 361384.50000
Found heuristic solution: objective 361084.50000
Found heuristic solution: objective 356589.00000
Found heuristic solution: objective 350552.00000
Found heuristic solution: objective 324668.00000
Found heuristic solution: objective 292767.50000
Found heuristic solution: objective 290377.00000
Found heuristic solution: objective 289797.00000
Found heuristic solution: objective 288797.00000
Found heuristic solution: objective 287547.00000
Elapsed time for NoRel heuristic: 16s (best bound -2.73435e+06)
Found heuristic solution: objective 285877.00000
Found heuristic solution: objective 285492.00000
Found heuristic solution: objective 283407.50000
Found heuristic solution: objective 279425.00000
Found heuristic solution: objective 277334.50000
Found heuristic solution: objective 275884.50000
Found heuristic solution: objective 275584.50000
Found heuristic solution: objective 274804.50000
Found heuristic solution: objective 274304.50000
Found heuristic solution: objective 273764.50000
Found heuristic solution: objective 271257.50000
Found heuristic solution: objective 270139.00000
Elapsed time for NoRel heuristic: 23s (best bound -2.1826e+06)
Found heuristic solution: objective 269539.00000
Found heuristic solution: objective 255639.00000
Found heuristic solution: objective 254829.00000
Found heuristic solution: objective 251338.00000
Found heuristic solution: objective 250938.00000
Found heuristic solution: objective 249513.00000
Found heuristic solution: objective 248763.00000
Found heuristic solution: objective 247303.00000
Found heuristic solution: objective 246158.00000
Elapsed time for NoRel heuristic: 29s (best bound -2.0731e+06)
Found heuristic solution: objective 241998.50000
Found heuristic solution: objective 239900.50000
Found heuristic solution: objective 237641.00000
Found heuristic solution: objective 233357.00000
Found heuristic solution: objective 232451.50000
Found heuristic solution: objective 231921.50000
Found heuristic solution: objective 231421.50000
Found heuristic solution: objective 231296.50000
Found heuristic solution: objective 229526.50000
Found heuristic solution: objective 227472.50000
Elapsed time for NoRel heuristic: 35s (best bound -1.66275e+06)
Found heuristic solution: objective 221368.00000
Found heuristic solution: objective 218695.00000
Found heuristic solution: objective 218195.00000
Found heuristic solution: objective 218175.00000
Found heuristic solution: objective 217930.00000
Found heuristic solution: objective 217273.00000
Found heuristic solution: objective 216016.00000
Elapsed time for NoRel heuristic: 41s (best bound -1.34295e+06)
Found heuristic solution: objective 212777.50000
Found heuristic solution: objective 209085.50000
Found heuristic solution: objective 207924.00000
Found heuristic solution: objective 206557.50000
Elapsed time for NoRel heuristic: 47s (best bound -727700)
Found heuristic solution: objective 204211.00000
Found heuristic solution: objective 201797.50000
Found heuristic solution: objective 201772.50000
Found heuristic solution: objective 201486.50000
Found heuristic solution: objective 201417.00000
Found heuristic solution: objective 200153.50000
Found heuristic solution: objective 199528.00000
Found heuristic solution: objective 199493.00000
Elapsed time for NoRel heuristic: 52s (best bound -401250)
Found heuristic solution: objective 199052.00000
Found heuristic solution: objective 198921.00000
Found heuristic solution: objective 197249.50000
Found heuristic solution: objective 196489.00000
Found heuristic solution: objective 196219.00000
Found heuristic solution: objective 196199.00000
Found heuristic solution: objective 195437.00000
Elapsed time for NoRel heuristic: 58s (best bound -228350)
Found heuristic solution: objective 194981.50000
Found heuristic solution: objective 194941.50000
Found heuristic solution: objective 194682.00000
Found heuristic solution: objective 194302.00000
Found heuristic solution: objective 194287.00000
Found heuristic solution: objective 193982.00000
Found heuristic solution: objective 193873.00000
Elapsed time for NoRel heuristic: 65s (best bound -101700)
Found heuristic solution: objective 193778.00000
Found heuristic solution: objective 193673.00000
Found heuristic solution: objective 193623.00000
Found heuristic solution: objective 193338.00000
Found heuristic solution: objective 192857.50000
Found heuristic solution: objective 192847.50000
Elapsed time for NoRel heuristic: 70s (best bound -66073)
Found heuristic solution: objective 192665.00000
Found heuristic solution: objective 192469.00000
Found heuristic solution: objective 192309.00000
Found heuristic solution: objective 192274.00000
Found heuristic solution: objective 192158.00000
Found heuristic solution: objective 191498.50000
Elapsed time for NoRel heuristic: 76s (best bound 45150.8)
Found heuristic solution: objective 191313.50000
Found heuristic solution: objective 191233.50000
Found heuristic solution: objective 190440.50000
Elapsed time for NoRel heuristic: 82s (best bound 57397.7)
Found heuristic solution: objective 190317.50000
Found heuristic solution: objective 190302.50000
Found heuristic solution: objective 190212.50000
Found heuristic solution: objective 190117.50000
Found heuristic solution: objective 189962.00000
Found heuristic solution: objective 189754.50000
Elapsed time for NoRel heuristic: 90s (best bound 65280.5)
Found heuristic solution: objective 189739.50000
Found heuristic solution: objective 189729.50000
Found heuristic solution: objective 189517.50000
Elapsed time for NoRel heuristic: 97s (best bound 72037)
Found heuristic solution: objective 189292.50000
Elapsed time for NoRel heuristic: 103s (best bound 74682.5)
Found heuristic solution: objective 189232.00000
Found heuristic solution: objective 189227.00000
Found heuristic solution: objective 189218.50000
Found heuristic solution: objective 189012.00000
Found heuristic solution: objective 188954.50000
Found heuristic solution: objective 188706.50000
Found heuristic solution: objective 188661.50000
Elapsed time for NoRel heuristic: 113s (best bound 82085)
Found heuristic solution: objective 188576.50000
Found heuristic solution: objective 188423.50000
Elapsed time for NoRel heuristic: 119s (best bound 85715)
Found heuristic solution: objective 187842.50000
Elapsed time for NoRel heuristic: 125s (best bound 89597.5)
Found heuristic solution: objective 187460.00000
Elapsed time for NoRel heuristic: 132s (best bound 94363)
Found heuristic solution: objective 187205.00000
Elapsed time for NoRel heuristic: 139s (best bound 97632.5)
Found heuristic solution: objective 187190.00000
Found heuristic solution: objective 187178.50000
Elapsed time for NoRel heuristic: 146s (best bound 99456.2)
Found heuristic solution: objective 187147.50000
Found heuristic solution: objective 187132.50000
Elapsed time for NoRel heuristic: 155s (best bound 102589)
Found heuristic solution: objective 187097.50000
Found heuristic solution: objective 187082.50000
Elapsed time for NoRel heuristic: 165s (best bound 105074)
Found heuristic solution: objective 187047.50000
Found heuristic solution: objective 186761.50000
Elapsed time for NoRel heuristic: 172s (best bound 108546)
Found heuristic solution: objective 186694.50000
Elapsed time for NoRel heuristic: 181s (best bound 111048)
Found heuristic solution: objective 186684.50000
Found heuristic solution: objective 186551.50000
Elapsed time for NoRel heuristic: 189s (best bound 113544)
Found heuristic solution: objective 186501.00000
Elapsed time for NoRel heuristic: 199s (best bound 115381)
Found heuristic solution: objective 186471.00000
Elapsed time for NoRel heuristic: 209s (best bound 117247)
Elapsed time for NoRel heuristic: 220s (best bound 118784)
Elapsed time for NoRel heuristic: 233s (best bound 119524)
Found heuristic solution: objective 186441.50000
Found heuristic solution: objective 186385.50000
Elapsed time for NoRel heuristic: 244s (best bound 120240)
Found heuristic solution: objective 186341.00000
Elapsed time for NoRel heuristic: 257s (best bound 120974)
Found heuristic solution: objective 186311.00000
Found heuristic solution: objective 186294.00000
Elapsed time for NoRel heuristic: 269s (best bound 121709)
Elapsed time for NoRel heuristic: 286s (best bound 122512)
Elapsed time for NoRel heuristic: 298s (best bound 123034)
NoRel heuristic complete

Explored 0 nodes (0 simplex iterations) in 300.03 seconds (297.99 work units)
Thread count was 10 (of 10 available processors)

Solution count 10: 186294 186311 186341 ... 186694

Time limit reached
Best objective 1.862940000000e+05, best bound 1.230340833333e+05, gap 33.9570%
Solução -> não <- ótima.
Set parameter TimeLimit to value 25200
Set parameter TimeLimit to value 600
Set parameter NoRelHeurTime to value 0
Gurobi Optimizer version 10.0.2 build v10.0.2rc0 (mac64[arm])

CPU model: Apple M5
Thread count: 10 physical cores, 10 logical processors, using up to 10 threads

Optimize a model with 548706 rows, 284763 columns and 1341935 nonzeros
Model fingerprint: 0xde520c8a
Variable types: 0 continuous, 284763 integer (264707 binary)
Coefficient statistics:
  Matrix range     [1e+00, 8e+01]
  Objective range  [5e-01, 2e+03]
  Bounds range     [1e+00, 1e+00]
  RHS range        [1e+00, 1e+02]

User MIP start produced solution with objective 186294 (0.11s)
Loaded user MIP start with objective 186294
MIP start from previous solve did not produce a new incumbent solution

Presolve removed 523508 rows and 266125 columns
Presolve time: 0.27s
Presolved: 25198 rows, 18638 columns, 72495 nonzeros
Variable types: 0 continuous, 18638 integer (18638 binary)

Root relaxation: cutoff, 5209 iterations, 0.06 seconds (0.15 work units)

    Nodes    |    Current Node    |     Objective Bounds      |     Work
 Expl Unexpl |  Obj  Depth IntInf | Incumbent    BestBd   Gap | It/Node Time

     0     0     cutoff    0      186294.000 186294.000  0.00%     -    0s

Explored 1 nodes (5209 simplex iterations) in 0.47 seconds (1.38 work units)
Thread count was 10 (of 10 available processors)

Solution count 1: 186294 

Optimal solution found (tolerance 1.00e-04)
Best objective 1.862940000000e+05, best bound 1.862940000000e+05, gap 0.0000%
Solução ótima encontrada.
Set parameter TimeLimit to value 25200
Set parameter TimeLimit to value 600
Gurobi Optimizer version 10.0.2 build v10.0.2rc0 (mac64[arm])

CPU model: Apple M5
Thread count: 10 physical cores, 10 logical processors, using up to 10 threads

Optimize a model with 548706 rows, 284763 columns and 1341935 nonzeros
Model fingerprint: 0x581f022a
Variable types: 0 continuous, 284763 integer (264707 binary)
Coefficient statistics:
  Matrix range     [1e+00, 8e+01]
  Objective range  [5e-01, 2e+03]
  Bounds range     [1e+00, 1e+00]
  RHS range        [1e+00, 1e+02]

User MIP start produced solution with objective 186294 (0.10s)
Loaded user MIP start with objective 186294
MIP start from previous solve did not produce a new incumbent solution

Presolve removed 517743 rows and 261845 columns
Presolve time: 0.23s
Presolved: 30963 rows, 22918 columns, 89365 nonzeros
Variable types: 0 continuous, 22918 integer (22918 binary)

Root relaxation: cutoff, 6185 iterations, 0.10 seconds (0.30 work units)

    Nodes    |    Current Node    |     Objective Bounds      |     Work
 Expl Unexpl |  Obj  Depth IntInf | Incumbent    BestBd   Gap | It/Node Time

     0     0     cutoff    0      186294.000 186294.000  0.00%     -    0s

Explored 1 nodes (6185 simplex iterations) in 0.46 seconds (1.36 work units)
Thread count was 10 (of 10 available processors)

Solution count 1: 186294 

Optimal solution found (tolerance 1.00e-04)
Best objective 1.862940000000e+05, best bound 1.862940000000e+05, gap 0.0000%
Solução ótima encontrada.
Set parameter TimeLimit to value 25200
Set parameter TimeLimit to value 600
Gurobi Optimizer version 10.0.2 build v10.0.2rc0 (mac64[arm])

CPU model: Apple M5
Thread count: 10 physical cores, 10 logical processors, using up to 10 threads

Optimize a model with 548706 rows, 284763 columns and 1341935 nonzeros
Model fingerprint: 0x2cc43e24
Variable types: 0 continuous, 284763 integer (264707 binary)
Coefficient statistics:
  Matrix range     [1e+00, 8e+01]
  Objective range  [5e-01, 2e+03]
  Bounds range     [1e+00, 1e+00]
  RHS range        [1e+00, 1e+02]

User MIP start produced solution with objective 186294 (0.10s)
Loaded user MIP start with objective 186294
MIP start from previous solve did not produce a new incumbent solution

Presolve removed 542087 rows and 279794 columns
Presolve time: 0.17s
Presolved: 6619 rows, 4969 columns, 18375 nonzeros
Variable types: 0 continuous, 4969 integer (4969 binary)

Root relaxation: cutoff, 1589 iterations, 0.01 seconds (0.02 work units)

    Nodes    |    Current Node    |     Objective Bounds      |     Work
 Expl Unexpl |  Obj  Depth IntInf | Incumbent    BestBd   Gap | It/Node Time

     0     0     cutoff    0      186294.000 186294.000  0.00%     -    0s

Explored 1 nodes (1589 simplex iterations) in 0.30 seconds (0.91 work units)
Thread count was 10 (of 10 available processors)

Solution count 1: 186294 

Optimal solution found (tolerance 1.00e-04)
Best objective 1.862940000000e+05, best bound 1.862940000000e+05, gap 0.0000%
Solução ótima encontrada.
Set parameter TimeLimit to value 25200
Set parameter TimeLimit to value 600
Gurobi Optimizer version 10.0.2 build v10.0.2rc0 (mac64[arm])

CPU model: Apple M5
Thread count: 10 physical cores, 10 logical processors, using up to 10 threads

Optimize a model with 548706 rows, 284763 columns and 1341935 nonzeros
Model fingerprint: 0x76a4f382
Variable types: 0 continuous, 284763 integer (264707 binary)
Coefficient statistics:
  Matrix range     [1e+00, 8e+01]
  Objective range  [5e-01, 2e+03]
  Bounds range     [1e+00, 1e+00]
  RHS range        [1e+00, 1e+02]

User MIP start produced solution with objective 186294 (0.10s)
Loaded user MIP start with objective 186294
MIP start from previous solve did not produce a new incumbent solution

Presolve removed 545668 rows and 282260 columns
Presolve time: 0.15s
Presolved: 3038 rows, 2503 columns, 8655 nonzeros
Variable types: 0 continuous, 2503 integer (2503 binary)

Root relaxation: objective 1.862880e+05, 810 iterations, 0.01 seconds (0.01 work units)

    Nodes    |    Current Node    |     Objective Bounds      |     Work
 Expl Unexpl |  Obj  Depth IntInf | Incumbent    BestBd   Gap | It/Node Time

     0     0          -    0      186294.000 186288.000  0.00%     -    0s

Explored 1 nodes (810 simplex iterations) in 0.27 seconds (0.86 work units)
Thread count was 10 (of 10 available processors)

Solution count 1: 186294 

Optimal solution found (tolerance 1.00e-04)
Best objective 1.862940000000e+05, best bound 1.862880000000e+05, gap 0.0032%
Solução ótima encontrada.
Set parameter TimeLimit to value 25200
Set parameter TimeLimit to value 600
Gurobi Optimizer version 10.0.2 build v10.0.2rc0 (mac64[arm])

CPU model: Apple M5
Thread count: 10 physical cores, 10 logical processors, using up to 10 threads

Optimize a model with 548706 rows, 284763 columns and 1341935 nonzeros
Model fingerprint: 0x0fc039e9
Variable types: 0 continuous, 284763 integer (264707 binary)
Coefficient statistics:
  Matrix range     [1e+00, 8e+01]
  Objective range  [5e-01, 2e+03]
  Bounds range     [1e+00, 1e+00]
  RHS range        [1e+00, 1e+02]

User MIP start produced solution with objective 186294 (0.10s)
Loaded user MIP start with objective 186294
MIP start from previous solve did not produce a new incumbent solution

Presolve removed 541727 rows and 278903 columns
Presolve time: 0.19s
Presolved: 6979 rows, 5860 columns, 20304 nonzeros
Variable types: 0 continuous, 5860 integer (5860 binary)

Root relaxation: cutoff, 1397 iterations, 0.01 seconds (0.02 work units)

    Nodes    |    Current Node    |     Objective Bounds      |     Work
 Expl Unexpl |  Obj  Depth IntInf | Incumbent    BestBd   Gap | It/Node Time

     0     0     cutoff    0      186294.000 186294.000  0.00%     -    0s

Explored 1 nodes (1397 simplex iterations) in 0.32 seconds (0.97 work units)
Thread count was 10 (of 10 available processors)

Solution count 1: 186294 

Optimal solution found (tolerance 1.00e-04)
Best objective 1.862940000000e+05, best bound 1.862940000000e+05, gap 0.0000%
Solução ótima encontrada.
Set parameter TimeLimit to value 25200
Set parameter TimeLimit to value 600
Gurobi Optimizer version 10.0.2 build v10.0.2rc0 (mac64[arm])

CPU model: Apple M5
Thread count: 10 physical cores, 10 logical processors, using up to 10 threads

Optimize a model with 548706 rows, 284763 columns and 1341935 nonzeros
Model fingerprint: 0x30a28436
Variable types: 0 continuous, 284763 integer (264707 binary)
Coefficient statistics:
  Matrix range     [1e+00, 8e+01]
  Objective range  [5e-01, 2e+03]
  Bounds range     [1e+00, 1e+00]
  RHS range        [1e+00, 1e+02]

User MIP start produced solution with objective 186294 (0.10s)
Loaded user MIP start with objective 186294
MIP start from previous solve did not produce a new incumbent solution

Presolve removed 543268 rows and 280028 columns
Presolve time: 0.17s
Presolved: 5438 rows, 4735 columns, 16033 nonzeros
Variable types: 0 continuous, 4735 integer (4735 binary)

Root relaxation: cutoff, 1824 iterations, 0.02 seconds (0.03 work units)

    Nodes    |    Current Node    |     Objective Bounds      |     Work
 Expl Unexpl |  Obj  Depth IntInf | Incumbent    BestBd   Gap | It/Node Time

     0     0     cutoff    0      186294.000 186294.000  0.00%     -    0s

Explored 1 nodes (1824 simplex iterations) in 0.31 seconds (0.89 work units)
Thread count was 10 (of 10 available processors)

Solution count 1: 186294 

Optimal solution found (tolerance 1.00e-04)
Best objective 1.862940000000e+05, best bound 1.862940000000e+05, gap 0.0000%
Solução ótima encontrada.
Set parameter TimeLimit to value 25200
Set parameter TimeLimit to value 600
Gurobi Optimizer version 10.0.2 build v10.0.2rc0 (mac64[arm])

CPU model: Apple M5
Thread count: 10 physical cores, 10 logical processors, using up to 10 threads

Optimize a model with 548706 rows, 284763 columns and 1341935 nonzeros
Model fingerprint: 0x454cdb56
Variable types: 0 continuous, 284763 integer (264707 binary)
Coefficient statistics:
  Matrix range     [1e+00, 8e+01]
  Objective range  [5e-01, 2e+03]
  Bounds range     [1e+00, 1e+00]
  RHS range        [1e+00, 1e+02]

User MIP start produced solution with objective 186294 (0.10s)
Loaded user MIP start with objective 186294
MIP start from previous solve did not produce a new incumbent solution

Presolve removed 544496 rows and 281200 columns
Presolve time: 0.16s
Presolved: 4210 rows, 3563 columns, 12018 nonzeros
Variable types: 0 continuous, 3563 integer (3563 binary)

Root relaxation: objective 1.862660e+05, 1044 iterations, 0.01 seconds (0.02 work units)

    Nodes    |    Current Node    |     Objective Bounds      |     Work
 Expl Unexpl |  Obj  Depth IntInf | Incumbent    BestBd   Gap | It/Node Time

*    0     0               0    186266.00000 186266.000  0.00%     -    0s

Explored 1 nodes (1044 simplex iterations) in 0.29 seconds (0.89 work units)
Thread count was 10 (of 10 available processors)

Solution count 2: 186266 186294 

Optimal solution found (tolerance 1.00e-04)
Best objective 1.862660000000e+05, best bound 1.862660000000e+05, gap 0.0000%
Solução ótima encontrada.
Set parameter TimeLimit to value 25200
Set parameter TimeLimit to value 600
Gurobi Optimizer version 10.0.2 build v10.0.2rc0 (mac64[arm])

CPU model: Apple M5
Thread count: 10 physical cores, 10 logical processors, using up to 10 threads

Optimize a model with 548706 rows, 284763 columns and 1341935 nonzeros
Model fingerprint: 0x735e9690
Variable types: 0 continuous, 284763 integer (264707 binary)
Coefficient statistics:
  Matrix range     [1e+00, 8e+01]
  Objective range  [5e-01, 2e+03]
  Bounds range     [1e+00, 1e+00]
  RHS range        [1e+00, 1e+02]

User MIP start produced solution with objective 186266 (0.10s)
Loaded user MIP start with objective 186266
MIP start from previous solve did not produce a new incumbent solution

Presolve removed 524852 rows and 267297 columns
Presolve time: 0.26s
Presolved: 23854 rows, 17466 columns, 68513 nonzeros
Variable types: 0 continuous, 17466 integer (17466 binary)

Root relaxation: cutoff, 5563 iterations, 0.07 seconds (0.22 work units)

    Nodes    |    Current Node    |     Objective Bounds      |     Work
 Expl Unexpl |  Obj  Depth IntInf | Incumbent    BestBd   Gap | It/Node Time

     0     0     cutoff    0      186266.000 186266.000  0.00%     -    0s

Explored 1 nodes (5563 simplex iterations) in 0.46 seconds (1.43 work units)
Thread count was 10 (of 10 available processors)

Solution count 1: 186266 

Optimal solution found (tolerance 1.00e-04)
Best objective 1.862660000000e+05, best bound 1.862660000000e+05, gap 0.0000%
Solução ótima encontrada.
Set parameter TimeLimit to value 25200
Set parameter TimeLimit to value 600
Gurobi Optimizer version 10.0.2 build v10.0.2rc0 (mac64[arm])

CPU model: Apple M5
Thread count: 10 physical cores, 10 logical processors, using up to 10 threads

Optimize a model with 548706 rows, 284763 columns and 1341935 nonzeros
Model fingerprint: 0xb129d2e6
Variable types: 0 continuous, 284763 integer (264707 binary)
Coefficient statistics:
  Matrix range     [1e+00, 8e+01]
  Objective range  [5e-01, 2e+03]
  Bounds range     [1e+00, 1e+00]
  RHS range        [1e+00, 1e+02]

User MIP start produced solution with objective 186266 (0.10s)
Loaded user MIP start with objective 186266
MIP start from previous solve did not produce a new incumbent solution

Presolve removed 517813 rows and 261880 columns
Presolve time: 0.22s
Presolved: 30893 rows, 22883 columns, 89205 nonzeros
Variable types: 0 continuous, 22883 integer (22883 binary)

Root relaxation: cutoff, 5675 iterations, 0.07 seconds (0.22 work units)

    Nodes    |    Current Node    |     Objective Bounds      |     Work
 Expl Unexpl |  Obj  Depth IntInf | Incumbent    BestBd   Gap | It/Node Time

     0     0     cutoff    0      186266.000 186266.000  0.00%     -    0s

Explored 1 nodes (5675 simplex iterations) in 0.41 seconds (1.28 work units)
Thread count was 10 (of 10 available processors)

Solution count 1: 186266 

Optimal solution found (tolerance 1.00e-04)
Best objective 1.862660000000e+05, best bound 1.862660000000e+05, gap 0.0000%
Solução ótima encontrada.
Set parameter TimeLimit to value 25200
Set parameter TimeLimit to value 600
Gurobi Optimizer version 10.0.2 build v10.0.2rc0 (mac64[arm])

CPU model: Apple M5
Thread count: 10 physical cores, 10 logical processors, using up to 10 threads

Optimize a model with 548706 rows, 284763 columns and 1341935 nonzeros
Model fingerprint: 0x157635e8
Variable types: 0 continuous, 284763 integer (264707 binary)
Coefficient statistics:
  Matrix range     [1e+00, 8e+01]
  Objective range  [5e-01, 2e+03]
  Bounds range     [1e+00, 1e+00]
  RHS range        [1e+00, 1e+02]

User MIP start produced solution with objective 186266 (0.09s)
Loaded user MIP start with objective 186266
MIP start from previous solve did not produce a new incumbent solution

Presolve removed 543149 rows and 280623 columns
Presolve time: 0.16s
Presolved: 5557 rows, 4140 columns, 15463 nonzeros
Variable types: 0 continuous, 4140 integer (4140 binary)

Root relaxation: objective 1.862331e+05, 1707 iterations, 0.01 seconds (0.02 work units)

    Nodes    |    Current Node    |     Objective Bounds      |     Work
 Expl Unexpl |  Obj  Depth IntInf | Incumbent    BestBd   Gap | It/Node Time

     0     0 infeasible    0      186266.000 186266.000  0.00%     -    0s

Explored 1 nodes (3131 simplex iterations) in 0.31 seconds (0.93 work units)
Thread count was 10 (of 10 available processors)

Solution count 1: 186266 

Optimal solution found (tolerance 1.00e-04)
Best objective 1.862660000000e+05, best bound 1.862660000000e+05, gap 0.0000%
Solução ótima encontrada.
Set parameter TimeLimit to value 25200
Set parameter TimeLimit to value 600
Gurobi Optimizer version 10.0.2 build v10.0.2rc0 (mac64[arm])

CPU model: Apple M5
Thread count: 10 physical cores, 10 logical processors, using up to 10 threads

Optimize a model with 548706 rows, 284763 columns and 1341935 nonzeros
Model fingerprint: 0x0fe33410
Variable types: 0 continuous, 284763 integer (264707 binary)
Coefficient statistics:
  Matrix range     [1e+00, 8e+01]
  Objective range  [5e-01, 2e+03]
  Bounds range     [1e+00, 1e+00]
  RHS range        [1e+00, 1e+02]

User MIP start produced solution with objective 186266 (0.09s)
Loaded user MIP start with objective 186266
MIP start from previous solve did not produce a new incumbent solution

Presolve removed 545916 rows and 282364 columns
Presolve time: 0.16s
Presolved: 2790 rows, 2399 columns, 8084 nonzeros
Variable types: 0 continuous, 2399 integer (2399 binary)

Root relaxation: objective 1.862600e+05, 780 iterations, 0.00 seconds (0.01 work units)

    Nodes    |    Current Node    |     Objective Bounds      |     Work
 Expl Unexpl |  Obj  Depth IntInf | Incumbent    BestBd   Gap | It/Node Time

     0     0          -    0      186266.000 186260.000  0.00%     -    0s

Explored 1 nodes (780 simplex iterations) in 0.28 seconds (0.89 work units)
Thread count was 10 (of 10 available processors)

Solution count 1: 186266 

Optimal solution found (tolerance 1.00e-04)
Best objective 1.862660000000e+05, best bound 1.862600000000e+05, gap 0.0032%
Solução ótima encontrada.
Set parameter TimeLimit to value 25200
Set parameter TimeLimit to value 600
Gurobi Optimizer version 10.0.2 build v10.0.2rc0 (mac64[arm])

CPU model: Apple M5
Thread count: 10 physical cores, 10 logical processors, using up to 10 threads

Optimize a model with 548706 rows, 284763 columns and 1341935 nonzeros
Model fingerprint: 0xae7942f7
Variable types: 0 continuous, 284763 integer (264707 binary)
Coefficient statistics:
  Matrix range     [1e+00, 8e+01]
  Objective range  [5e-01, 2e+03]
  Bounds range     [1e+00, 1e+00]
  RHS range        [1e+00, 1e+02]

User MIP start produced solution with objective 186266 (0.10s)
Loaded user MIP start with objective 186266
MIP start from previous solve did not produce a new incumbent solution

Presolve removed 542042 rows and 279046 columns
Presolve time: 0.18s
Presolved: 6664 rows, 5717 columns, 19404 nonzeros
Variable types: 0 continuous, 5717 integer (5717 binary)

Root relaxation: cutoff, 1337 iterations, 0.01 seconds (0.02 work units)

    Nodes    |    Current Node    |     Objective Bounds      |     Work
 Expl Unexpl |  Obj  Depth IntInf | Incumbent    BestBd   Gap | It/Node Time

     0     0     cutoff    0      186266.000 186266.000  0.00%     -    0s

Explored 1 nodes (1337 simplex iterations) in 0.30 seconds (0.96 work units)
Thread count was 10 (of 10 available processors)

Solution count 1: 186266 

Optimal solution found (tolerance 1.00e-04)
Best objective 1.862660000000e+05, best bound 1.862660000000e+05, gap 0.0000%
Solução ótima encontrada.
Set parameter TimeLimit to value 25200
Set parameter TimeLimit to value 600
Gurobi Optimizer version 10.0.2 build v10.0.2rc0 (mac64[arm])

CPU model: Apple M5
Thread count: 10 physical cores, 10 logical processors, using up to 10 threads

Optimize a model with 548706 rows, 284763 columns and 1341935 nonzeros
Model fingerprint: 0xf631734f
Variable types: 0 continuous, 284763 integer (264707 binary)
Coefficient statistics:
  Matrix range     [1e+00, 8e+01]
  Objective range  [5e-01, 2e+03]
  Bounds range     [1e+00, 1e+00]
  RHS range        [1e+00, 1e+02]

User MIP start produced solution with objective 186266 (0.10s)
Loaded user MIP start with objective 186266
MIP start from previous solve did not produce a new incumbent solution

Presolve removed 541473 rows and 278342 columns
Presolve time: 0.17s
Presolved: 7233 rows, 6421 columns, 21196 nonzeros
Variable types: 0 continuous, 6421 integer (6421 binary)

Root relaxation: cutoff, 1654 iterations, 0.01 seconds (0.03 work units)

    Nodes    |    Current Node    |     Objective Bounds      |     Work
 Expl Unexpl |  Obj  Depth IntInf | Incumbent    BestBd   Gap | It/Node Time

     0     0     cutoff    0      186266.000 186266.000  0.00%     -    0s

Explored 1 nodes (1654 simplex iterations) in 0.30 seconds (0.93 work units)
Thread count was 10 (of 10 available processors)

Solution count 1: 186266 

Optimal solution found (tolerance 1.00e-04)
Best objective 1.862660000000e+05, best bound 1.862660000000e+05, gap 0.0000%
Solução ótima encontrada.
Set parameter TimeLimit to value 25200
Set parameter TimeLimit to value 600
Gurobi Optimizer version 10.0.2 build v10.0.2rc0 (mac64[arm])

CPU model: Apple M5
Thread count: 10 physical cores, 10 logical processors, using up to 10 threads

Optimize a model with 548706 rows, 284763 columns and 1341935 nonzeros
Model fingerprint: 0x6490f633
Variable types: 0 continuous, 284763 integer (264707 binary)
Coefficient statistics:
  Matrix range     [1e+00, 8e+01]
  Objective range  [5e-01, 2e+03]
  Bounds range     [1e+00, 1e+00]
  RHS range        [1e+00, 1e+02]

User MIP start produced solution with objective 186266 (0.09s)
Loaded user MIP start with objective 186266
MIP start from previous solve did not produce a new incumbent solution

Presolve removed 540898 rows and 278629 columns
Presolve time: 0.18s
Presolved: 7808 rows, 6134 columns, 22018 nonzeros
Variable types: 0 continuous, 6134 integer (6134 binary)

Root relaxation: cutoff, 1360 iterations, 0.01 seconds (0.02 work units)

    Nodes    |    Current Node    |     Objective Bounds      |     Work
 Expl Unexpl |  Obj  Depth IntInf | Incumbent    BestBd   Gap | It/Node Time

     0     0     cutoff    0      186266.000 186266.000  0.00%     -    0s

Explored 1 nodes (1360 simplex iterations) in 0.30 seconds (0.97 work units)
Thread count was 10 (of 10 available processors)

Solution count 1: 186266 

Optimal solution found (tolerance 1.00e-04)
Best objective 1.862660000000e+05, best bound 1.862660000000e+05, gap 0.0000%
Solução ótima encontrada.
Set parameter TimeLimit to value 25200
Set parameter TimeLimit to value 600
Gurobi Optimizer version 10.0.2 build v10.0.2rc0 (mac64[arm])

CPU model: Apple M5
Thread count: 10 physical cores, 10 logical processors, using up to 10 threads

Optimize a model with 548706 rows, 284763 columns and 1341935 nonzeros
Model fingerprint: 0xd285b8bb
Variable types: 0 continuous, 284763 integer (264707 binary)
Coefficient statistics:
  Matrix range     [1e+00, 8e+01]
  Objective range  [5e-01, 2e+03]
  Bounds range     [1e+00, 1e+00]
  RHS range        [1e+00, 1e+02]

User MIP start produced solution with objective 186266 (0.10s)
Loaded user MIP start with objective 186266
MIP start from previous solve did not produce a new incumbent solution

Presolve removed 530119 rows and 268954 columns
Presolve time: 0.24s
Presolved: 18587 rows, 15809 columns, 53526 nonzeros
Variable types: 0 continuous, 15809 integer (15809 binary)

Root relaxation: cutoff, 3115 iterations, 0.04 seconds (0.08 work units)

    Nodes    |    Current Node    |     Objective Bounds      |     Work
 Expl Unexpl |  Obj  Depth IntInf | Incumbent    BestBd   Gap | It/Node Time

     0     0     cutoff    0      186266.000 186266.000  0.00%     -    0s

Explored 1 nodes (3115 simplex iterations) in 0.40 seconds (1.25 work units)
Thread count was 10 (of 10 available processors)

Solution count 1: 186266 

Optimal solution found (tolerance 1.00e-04)
Best objective 1.862660000000e+05, best bound 1.862660000000e+05, gap 0.0000%
Solução ótima encontrada.
Set parameter TimeLimit to value 25200
Set parameter TimeLimit to value 600
Gurobi Optimizer version 10.0.2 build v10.0.2rc0 (mac64[arm])

CPU model: Apple M5
Thread count: 10 physical cores, 10 logical processors, using up to 10 threads

Optimize a model with 548706 rows, 284763 columns and 1341935 nonzeros
Model fingerprint: 0x4640db1e
Variable types: 0 continuous, 284763 integer (264707 binary)
Coefficient statistics:
  Matrix range     [1e+00, 8e+01]
  Objective range  [5e-01, 2e+03]
  Bounds range     [1e+00, 1e+00]
  RHS range        [1e+00, 1e+02]

User MIP start produced solution with objective 186266 (0.10s)
Loaded user MIP start with objective 186266
MIP start from previous solve did not produce a new incumbent solution

Presolve removed 520462 rows and 263334 columns
Presolve time: 0.20s
Presolved: 28244 rows, 21429 columns, 80684 nonzeros
Variable types: 0 continuous, 21429 integer (21429 binary)

Root relaxation: cutoff, 4603 iterations, 0.05 seconds (0.16 work units)

    Nodes    |    Current Node    |     Objective Bounds      |     Work
 Expl Unexpl |  Obj  Depth IntInf | Incumbent    BestBd   Gap | It/Node Time

     0     0     cutoff    0      186266.000 186266.000  0.00%     -    0s

Explored 1 nodes (4603 simplex iterations) in 0.37 seconds (1.21 work units)
Thread count was 10 (of 10 available processors)

Solution count 1: 186266 

Optimal solution found (tolerance 1.00e-04)
Best objective 1.862660000000e+05, best bound 1.862660000000e+05, gap 0.0000%
Solução ótima encontrada.
Set parameter TimeLimit to value 25200
Set parameter TimeLimit to value 600
Gurobi Optimizer version 10.0.2 build v10.0.2rc0 (mac64[arm])

CPU model: Apple M5
Thread count: 10 physical cores, 10 logical processors, using up to 10 threads

Optimize a model with 548706 rows, 284763 columns and 1341935 nonzeros
Model fingerprint: 0x90aaf281
Variable types: 0 continuous, 284763 integer (264707 binary)
Coefficient statistics:
  Matrix range     [1e+00, 8e+01]
  Objective range  [5e-01, 2e+03]
  Bounds range     [1e+00, 1e+00]
  RHS range        [1e+00, 1e+02]

User MIP start produced solution with objective 186266 (0.10s)
Loaded user MIP start with objective 186266
MIP start from previous solve did not produce a new incumbent solution

Presolve removed 529691 rows and 269494 columns
Presolve time: 0.16s
Presolved: 19015 rows, 15269 columns, 55566 nonzeros
Variable types: 0 continuous, 15269 integer (15269 binary)

Root relaxation: cutoff, 5032 iterations, 0.08 seconds (0.24 work units)

    Nodes    |    Current Node    |     Objective Bounds      |     Work
 Expl Unexpl |  Obj  Depth IntInf | Incumbent    BestBd   Gap | It/Node Time

     0     0     cutoff    0      186266.000 186266.000  0.00%     -    0s

Explored 1 nodes (5032 simplex iterations) in 0.36 seconds (1.14 work units)
Thread count was 10 (of 10 available processors)

Solution count 1: 186266 

Optimal solution found (tolerance 1.00e-04)
Best objective 1.862660000000e+05, best bound 1.862660000000e+05, gap 0.0000%
Solução ótima encontrada.
Set parameter TimeLimit to value 25200
Set parameter TimeLimit to value 600
Gurobi Optimizer version 10.0.2 build v10.0.2rc0 (mac64[arm])

CPU model: Apple M5
Thread count: 10 physical cores, 10 logical processors, using up to 10 threads

Optimize a model with 548706 rows, 284763 columns and 1341935 nonzeros
Model fingerprint: 0x735e9690
Variable types: 0 continuous, 284763 integer (264707 binary)
Coefficient statistics:
  Matrix range     [1e+00, 8e+01]
  Objective range  [5e-01, 2e+03]
  Bounds range     [1e+00, 1e+00]
  RHS range        [1e+00, 1e+02]

User MIP start produced solution with objective 186266 (0.10s)
Loaded user MIP start with objective 186266
MIP start from previous solve did not produce a new incumbent solution

Presolve removed 524852 rows and 267297 columns
Presolve time: 0.25s
Presolved: 23854 rows, 17466 columns, 68513 nonzeros
Variable types: 0 continuous, 17466 integer (17466 binary)

Root relaxation: cutoff, 5563 iterations, 0.07 seconds (0.22 work units)

    Nodes    |    Current Node    |     Objective Bounds      |     Work
 Expl Unexpl |  Obj  Depth IntInf | Incumbent    BestBd   Gap | It/Node Time

     0     0     cutoff    0      186266.000 186266.000  0.00%     -    0s

Explored 1 nodes (5563 simplex iterations) in 0.44 seconds (1.43 work units)
Thread count was 10 (of 10 available processors)

Solution count 1: 186266 

Optimal solution found (tolerance 1.00e-04)
Best objective 1.862660000000e+05, best bound 1.862660000000e+05, gap 0.0000%
Solução ótima encontrada.
Set parameter TimeLimit to value 25200
Set parameter TimeLimit to value 600
Gurobi Optimizer version 10.0.2 build v10.0.2rc0 (mac64[arm])

CPU model: Apple M5
Thread count: 10 physical cores, 10 logical processors, using up to 10 threads

Optimize a model with 548706 rows, 284763 columns and 1341935 nonzeros
Model fingerprint: 0xb129d2e6
Variable types: 0 continuous, 284763 integer (264707 binary)
Coefficient statistics:
  Matrix range     [1e+00, 8e+01]
  Objective range  [5e-01, 2e+03]
  Bounds range     [1e+00, 1e+00]
  RHS range        [1e+00, 1e+02]

User MIP start produced solution with objective 186266 (0.09s)
Loaded user MIP start with objective 186266
MIP start from previous solve did not produce a new incumbent solution

Presolve removed 517813 rows and 261880 columns
Presolve time: 0.21s
Presolved: 30893 rows, 22883 columns, 89205 nonzeros
Variable types: 0 continuous, 22883 integer (22883 binary)

Root relaxation: cutoff, 5675 iterations, 0.06 seconds (0.22 work units)

    Nodes    |    Current Node    |     Objective Bounds      |     Work
 Expl Unexpl |  Obj  Depth IntInf | Incumbent    BestBd   Gap | It/Node Time

     0     0     cutoff    0      186266.000 186266.000  0.00%     -    0s

Explored 1 nodes (5675 simplex iterations) in 0.40 seconds (1.28 work units)
Thread count was 10 (of 10 available processors)

Solution count 1: 186266 

Optimal solution found (tolerance 1.00e-04)
Best objective 1.862660000000e+05, best bound 1.862660000000e+05, gap 0.0000%
Solução ótima encontrada.
Set parameter TimeLimit to value 25200
Set parameter TimeLimit to value 600
Gurobi Optimizer version 10.0.2 build v10.0.2rc0 (mac64[arm])

CPU model: Apple M5
Thread count: 10 physical cores, 10 logical processors, using up to 10 threads

Optimize a model with 548706 rows, 284763 columns and 1341935 nonzeros
Model fingerprint: 0x157635e8
Variable types: 0 continuous, 284763 integer (264707 binary)
Coefficient statistics:
  Matrix range     [1e+00, 8e+01]
  Objective range  [5e-01, 2e+03]
  Bounds range     [1e+00, 1e+00]
  RHS range        [1e+00, 1e+02]

User MIP start produced solution with objective 186266 (0.10s)
Loaded user MIP start with objective 186266
MIP start from previous solve did not produce a new incumbent solution

Presolve removed 543149 rows and 280623 columns
Presolve time: 0.16s
Presolved: 5557 rows, 4140 columns, 15463 nonzeros
Variable types: 0 continuous, 4140 integer (4140 binary)

Root relaxation: objective 1.862331e+05, 1707 iterations, 0.01 seconds (0.02 work units)

    Nodes    |    Current Node    |     Objective Bounds      |     Work
 Expl Unexpl |  Obj  Depth IntInf | Incumbent    BestBd   Gap | It/Node Time

     0     0 infeasible    0      186266.000 186266.000  0.00%     -    0s

Explored 1 nodes (3131 simplex iterations) in 0.31 seconds (0.93 work units)
Thread count was 10 (of 10 available processors)

Solution count 1: 186266 

Optimal solution found (tolerance 1.00e-04)
Best objective 1.862660000000e+05, best bound 1.862660000000e+05, gap 0.0000%
Solução ótima encontrada.
Set parameter TimeLimit to value 25200
Set parameter TimeLimit to value 600
Gurobi Optimizer version 10.0.2 build v10.0.2rc0 (mac64[arm])

CPU model: Apple M5
Thread count: 10 physical cores, 10 logical processors, using up to 10 threads

Optimize a model with 548706 rows, 284763 columns and 1341935 nonzeros
Model fingerprint: 0x0fe33410
Variable types: 0 continuous, 284763 integer (264707 binary)
Coefficient statistics:
  Matrix range     [1e+00, 8e+01]
  Objective range  [5e-01, 2e+03]
  Bounds range     [1e+00, 1e+00]
  RHS range        [1e+00, 1e+02]

User MIP start produced solution with objective 186266 (0.09s)
Loaded user MIP start with objective 186266
MIP start from previous solve did not produce a new incumbent solution

Presolve removed 545916 rows and 282364 columns
Presolve time: 0.15s
Presolved: 2790 rows, 2399 columns, 8084 nonzeros
Variable types: 0 continuous, 2399 integer (2399 binary)

Root relaxation: objective 1.862600e+05, 780 iterations, 0.00 seconds (0.01 work units)

    Nodes    |    Current Node    |     Objective Bounds      |     Work
 Expl Unexpl |  Obj  Depth IntInf | Incumbent    BestBd   Gap | It/Node Time

     0     0          -    0      186266.000 186260.000  0.00%     -    0s

Explored 1 nodes (780 simplex iterations) in 0.27 seconds (0.89 work units)
Thread count was 10 (of 10 available processors)

Solution count 1: 186266 

Optimal solution found (tolerance 1.00e-04)
Best objective 1.862660000000e+05, best bound 1.862600000000e+05, gap 0.0032%
Solução ótima encontrada.
Set parameter TimeLimit to value 25200
Set parameter TimeLimit to value 600
Gurobi Optimizer version 10.0.2 build v10.0.2rc0 (mac64[arm])

CPU model: Apple M5
Thread count: 10 physical cores, 10 logical processors, using up to 10 threads

Optimize a model with 548706 rows, 284763 columns and 1341935 nonzeros
Model fingerprint: 0xae7942f7
Variable types: 0 continuous, 284763 integer (264707 binary)
Coefficient statistics:
  Matrix range     [1e+00, 8e+01]
  Objective range  [5e-01, 2e+03]
  Bounds range     [1e+00, 1e+00]
  RHS range        [1e+00, 1e+02]

User MIP start produced solution with objective 186266 (0.10s)
Loaded user MIP start with objective 186266
MIP start from previous solve did not produce a new incumbent solution

Presolve removed 542042 rows and 279046 columns
Presolve time: 0.18s
Presolved: 6664 rows, 5717 columns, 19404 nonzeros
Variable types: 0 continuous, 5717 integer (5717 binary)

Root relaxation: cutoff, 1337 iterations, 0.01 seconds (0.02 work units)

    Nodes    |    Current Node    |     Objective Bounds      |     Work
 Expl Unexpl |  Obj  Depth IntInf | Incumbent    BestBd   Gap | It/Node Time

     0     0     cutoff    0      186266.000 186266.000  0.00%     -    0s

Explored 1 nodes (1337 simplex iterations) in 0.31 seconds (0.96 work units)
Thread count was 10 (of 10 available processors)

Solution count 1: 186266 

Optimal solution found (tolerance 1.00e-04)
Best objective 1.862660000000e+05, best bound 1.862660000000e+05, gap 0.0000%
Solução ótima encontrada.
Set parameter TimeLimit to value 25200
Set parameter TimeLimit to value 600
Gurobi Optimizer version 10.0.2 build v10.0.2rc0 (mac64[arm])

CPU model: Apple M5
Thread count: 10 physical cores, 10 logical processors, using up to 10 threads

Optimize a model with 548706 rows, 284763 columns and 1341935 nonzeros
Model fingerprint: 0xf631734f
Variable types: 0 continuous, 284763 integer (264707 binary)
Coefficient statistics:
  Matrix range     [1e+00, 8e+01]
  Objective range  [5e-01, 2e+03]
  Bounds range     [1e+00, 1e+00]
  RHS range        [1e+00, 1e+02]

User MIP start produced solution with objective 186266 (0.09s)
Loaded user MIP start with objective 186266
MIP start from previous solve did not produce a new incumbent solution

Presolve removed 541473 rows and 278342 columns
Presolve time: 0.17s
Presolved: 7233 rows, 6421 columns, 21196 nonzeros
Variable types: 0 continuous, 6421 integer (6421 binary)

Root relaxation: cutoff, 1654 iterations, 0.01 seconds (0.03 work units)

    Nodes    |    Current Node    |     Objective Bounds      |     Work
 Expl Unexpl |  Obj  Depth IntInf | Incumbent    BestBd   Gap | It/Node Time

     0     0     cutoff    0      186266.000 186266.000  0.00%     -    0s

Explored 1 nodes (1654 simplex iterations) in 0.30 seconds (0.93 work units)
Thread count was 10 (of 10 available processors)

Solution count 1: 186266 

Optimal solution found (tolerance 1.00e-04)
Best objective 1.862660000000e+05, best bound 1.862660000000e+05, gap 0.0000%
Solução ótima encontrada.
Set parameter TimeLimit to value 25200
Set parameter TimeLimit to value 600
Gurobi Optimizer version 10.0.2 build v10.0.2rc0 (mac64[arm])

CPU model: Apple M5
Thread count: 10 physical cores, 10 logical processors, using up to 10 threads

Optimize a model with 548706 rows, 284763 columns and 1341935 nonzeros
Model fingerprint: 0x6490f633
Variable types: 0 continuous, 284763 integer (264707 binary)
Coefficient statistics:
  Matrix range     [1e+00, 8e+01]
  Objective range  [5e-01, 2e+03]
  Bounds range     [1e+00, 1e+00]
  RHS range        [1e+00, 1e+02]

User MIP start produced solution with objective 186266 (0.09s)
Loaded user MIP start with objective 186266
MIP start from previous solve did not produce a new incumbent solution

Presolve removed 540898 rows and 278629 columns
Presolve time: 0.17s
Presolved: 7808 rows, 6134 columns, 22018 nonzeros
Variable types: 0 continuous, 6134 integer (6134 binary)

Root relaxation: cutoff, 1360 iterations, 0.01 seconds (0.02 work units)

    Nodes    |    Current Node    |     Objective Bounds      |     Work
 Expl Unexpl |  Obj  Depth IntInf | Incumbent    BestBd   Gap | It/Node Time

     0     0     cutoff    0      186266.000 186266.000  0.00%     -    0s

Explored 1 nodes (1360 simplex iterations) in 0.30 seconds (0.97 work units)
Thread count was 10 (of 10 available processors)

Solution count 1: 186266 

Optimal solution found (tolerance 1.00e-04)
Best objective 1.862660000000e+05, best bound 1.862660000000e+05, gap 0.0000%
Solução ótima encontrada.
Set parameter TimeLimit to value 25200
Set parameter TimeLimit to value 600
Gurobi Optimizer version 10.0.2 build v10.0.2rc0 (mac64[arm])

CPU model: Apple M5
Thread count: 10 physical cores, 10 logical processors, using up to 10 threads

Optimize a model with 548706 rows, 284763 columns and 1341935 nonzeros
Model fingerprint: 0xd285b8bb
Variable types: 0 continuous, 284763 integer (264707 binary)
Coefficient statistics:
  Matrix range     [1e+00, 8e+01]
  Objective range  [5e-01, 2e+03]
  Bounds range     [1e+00, 1e+00]
  RHS range        [1e+00, 1e+02]

User MIP start produced solution with objective 186266 (0.10s)
Loaded user MIP start with objective 186266
MIP start from previous solve did not produce a new incumbent solution

Presolve removed 530119 rows and 268954 columns
Presolve time: 0.23s
Presolved: 18587 rows, 15809 columns, 53526 nonzeros
Variable types: 0 continuous, 15809 integer (15809 binary)

Root relaxation: cutoff, 3115 iterations, 0.04 seconds (0.08 work units)

    Nodes    |    Current Node    |     Objective Bounds      |     Work
 Expl Unexpl |  Obj  Depth IntInf | Incumbent    BestBd   Gap | It/Node Time

     0     0     cutoff    0      186266.000 186266.000  0.00%     -    0s

Explored 1 nodes (3115 simplex iterations) in 0.39 seconds (1.25 work units)
Thread count was 10 (of 10 available processors)

Solution count 1: 186266 

Optimal solution found (tolerance 1.00e-04)
Best objective 1.862660000000e+05, best bound 1.862660000000e+05, gap 0.0000%
Solução ótima encontrada.
Set parameter TimeLimit to value 25200
Set parameter TimeLimit to value 600
Gurobi Optimizer version 10.0.2 build v10.0.2rc0 (mac64[arm])

CPU model: Apple M5
Thread count: 10 physical cores, 10 logical processors, using up to 10 threads

Optimize a model with 548706 rows, 284763 columns and 1341935 nonzeros
Model fingerprint: 0x4640db1e
Variable types: 0 continuous, 284763 integer (264707 binary)
Coefficient statistics:
  Matrix range     [1e+00, 8e+01]
  Objective range  [5e-01, 2e+03]
  Bounds range     [1e+00, 1e+00]
  RHS range        [1e+00, 1e+02]

User MIP start produced solution with objective 186266 (0.10s)
Loaded user MIP start with objective 186266
MIP start from previous solve did not produce a new incumbent solution

Presolve removed 520462 rows and 263334 columns
Presolve time: 0.22s
Presolved: 28244 rows, 21429 columns, 80684 nonzeros
Variable types: 0 continuous, 21429 integer (21429 binary)

Root relaxation: cutoff, 4603 iterations, 0.05 seconds (0.16 work units)

    Nodes    |    Current Node    |     Objective Bounds      |     Work
 Expl Unexpl |  Obj  Depth IntInf | Incumbent    BestBd   Gap | It/Node Time

     0     0     cutoff    0      186266.000 186266.000  0.00%     -    0s

Explored 1 nodes (4603 simplex iterations) in 0.39 seconds (1.21 work units)
Thread count was 10 (of 10 available processors)

Solution count 1: 186266 

Optimal solution found (tolerance 1.00e-04)
Best objective 1.862660000000e+05, best bound 1.862660000000e+05, gap 0.0000%
Solução ótima encontrada.
Set parameter TimeLimit to value 25200
Set parameter TimeLimit to value 600
Gurobi Optimizer version 10.0.2 build v10.0.2rc0 (mac64[arm])

CPU model: Apple M5
Thread count: 10 physical cores, 10 logical processors, using up to 10 threads

Optimize a model with 548706 rows, 284763 columns and 1341935 nonzeros
Model fingerprint: 0x90aaf281
Variable types: 0 continuous, 284763 integer (264707 binary)
Coefficient statistics:
  Matrix range     [1e+00, 8e+01]
  Objective range  [5e-01, 2e+03]
  Bounds range     [1e+00, 1e+00]
  RHS range        [1e+00, 1e+02]

User MIP start produced solution with objective 186266 (0.09s)
Loaded user MIP start with objective 186266
MIP start from previous solve did not produce a new incumbent solution

Presolve removed 529691 rows and 269494 columns
Presolve time: 0.16s
Presolved: 19015 rows, 15269 columns, 55566 nonzeros
Variable types: 0 continuous, 15269 integer (15269 binary)

Root relaxation: cutoff, 5032 iterations, 0.08 seconds (0.24 work units)

    Nodes    |    Current Node    |     Objective Bounds      |     Work
 Expl Unexpl |  Obj  Depth IntInf | Incumbent    BestBd   Gap | It/Node Time

     0     0     cutoff    0      186266.000 186266.000  0.00%     -    0s

Explored 1 nodes (5032 simplex iterations) in 0.36 seconds (1.14 work units)
Thread count was 10 (of 10 available processors)

Solution count 1: 186266 

Optimal solution found (tolerance 1.00e-04)
Best objective 1.862660000000e+05, best bound 1.862660000000e+05, gap 0.0000%
Solução ótima encontrada.
RESULTADO_JSON={"arquivo_log_csv": "resultados/experimentos/2024_1/fixopt_penalidade_init5min_sub10min_total4h.csv", "arquivo_log_json": "resultados/experimentos/2024_1/fixopt_penalidade_init5min_sub10min_total4h.json", "arquivo_melhor_solucao": "resultados/experimentos/2024_1/fixopt_penalidade_init5min_sub10min_total4h.sol", "arquivo_solucao_inicial": null, "etapa": "fix_and_optimize_penalidade_bloqueadores", "ganho_absoluto": 28.0, "historico": [{"bloqueadores": "GCA238_1;GCH029_2;GCH090_2;GCH291_3;GCH619_1;GCH645_1;GCH855_1;GCS0687_1;GEX094_1;GEX560_1;GLA108_1;GLA358_1;GLA361_1;GLA363_1;GLA490_1;GLA500_1;GSA022_1;GSA0306_1;GSA0307_1;GSA0309_1;GSA045_1;GSA046_1;GSA297_1", "ciclo": 1, "conflitos_encontrados": 138, "disciplinas_livres": 28, "falhas_consecutivas_antes": 0, "iteracao": 1, "limite_variaveis_x": 11398, "melhorou": false, "objetivo_anterior": 186294.0, "objetivo_candidato": 186294.0, "objetivo_incumbente": 186294.0, "passada": 1, "percentual_x_estimado": 0.119613, "profundidade_expansao": 1, "quantidade_bloqueadores": 23, "quantidade_sementes": 5, "recurso": "seeds_GLA553_1-GLA379_1-GCH837_2-GLA385_1-GSA018_1", "score_sementes": 15589.0, "sementes": "GLA553_1;GLA379_1;GCH837_2;GLA385_1;GSA018_1", "status_solver": "OPTIMAL", "tempo_gasto_s": 0.71, "tempo_limite_subproblema_s": 600.0, "tempo_solver_s": 0.47, "variaveis_x_estimadas": 11362, "variaveis_x_fixadas": 83628, "variaveis_x_livres": 11362, "vizinhanca": "penalidade_bloqueadores"}, {"bloqueadores": "GCA039_1;GCA0683_2;GCA238_1;GCA244_1;GCB080_1;GCH090_2;GCH1412_1;GCH292_3;GCS010_1;GLA001_1;GLA104_3;GLA361_1;GLA362_1;GLA469_1;GLA490_1;GLA553_1;GSA019_1;GSA0307_1;GSA0308_1;GSA0309_1;GSA046_1;GSA297_1", "ciclo": 1, "conflitos_encontrados": 183, "disciplinas_livres": 27, "falhas_consecutivas_antes": 1, "iteracao": 2, "limite_variaveis_x": 11398, "melhorou": false, "objetivo_anterior": 186294.0, "objetivo_candidato": 186294.0, "objetivo_incumbente": 186294.0, "passada": 1, "percentual_x_estimado": 0.119613, "profundidade_expansao": 1, "quantidade_bloqueadores": 22, "quantidade_sementes": 5, "recurso": "seeds_GLA380_1-GLA395_1-GLA500_1-GLA506_1-GSA022_1", "score_sementes": 11274.0, "sementes": "GLA380_1;GLA395_1;GLA500_1;GLA506_1;GSA022_1", "status_solver": "OPTIMAL", "tempo_gasto_s": 0.78, "tempo_limite_subproblema_s": 600.0, "tempo_solver_s": 0.46, "variaveis_x_estimadas": 11362, "variaveis_x_fixadas": 83628, "variaveis_x_livres": 11362, "vizinhanca": "penalidade_bloqueadores"}, {"bloqueadores": "GCH621_1;GCH630_1;GEX094_1;GEX210_5;GEX212_2;GLA104_3;GLA500_1;GLA506_1;GLA550_1;GLA553_1", "ciclo": 1, "conflitos_encontrados": 58, "disciplinas_livres": 15, "falhas_consecutivas_antes": 2, "iteracao": 3, "limite_variaveis_x": 11398, "melhorou": false, "objetivo_anterior": 186294.0, "objetivo_candidato": 186294.0, "objetivo_incumbente": 186294.0, "passada": 1, "percentual_x_estimado": 0.044552, "profundidade_expansao": 1, "quantidade_bloqueadores": 10, "quantidade_sementes": 5, "recurso": "seeds_GLA361_1-GLA362_1-GLA469_1-GLA490_1-GLA517_1", "score_sementes": 9850.0, "sementes": "GLA361_1;GLA362_1;GLA469_1;GLA490_1;GLA517_1", "status_solver": "OPTIMAL", "tempo_gasto_s": 0.63, "tempo_limite_subproblema_s": 600.0, "tempo_solver_s": 0.3, "variaveis_x_estimadas": 4232, "variaveis_x_fixadas": 90758, "variaveis_x_livres": 4232, "vizinhanca": "penalidade_bloqueadores"}, {"bloqueadores": "GCH619_1;GCH630_1;GCH645_1;GEX212_2;GEX555_1;GLA108_1;GLA362_1;GLA469_1;GLA517_1", "ciclo": 1, "conflitos_encontrados": 44, "disciplinas_livres": 14, "falhas_consecutivas_antes": 3, "iteracao": 4, "limite_variaveis_x": 11398, "melhorou": false, "objetivo_anterior": 186294.0, "objetivo_candidato": 186294.0, "objetivo_incumbente": 186294.0, "passada": 1, "percentual_x_estimado": 0.028571, "profundidade_expansao": 1, "quantidade_bloqueadores": 9, "quantidade_sementes": 5, "recurso": "seeds_GLA550_1-GCH029_2-GCH291_3-GEX210_5-GLA363_1", "score_sementes": 9030.0, "sementes": "GLA550_1;GCH029_2;GCH291_3;GEX210_5;GLA363_1", "status_solver": "OPTIMAL", "tempo_gasto_s": 0.6, "tempo_limite_subproblema_s": 600.0, "tempo_solver_s": 0.28, "variaveis_x_estimadas": 2714, "variaveis_x_fixadas": 92276, "variaveis_x_livres": 2714, "vizinhanca": "penalidade_bloqueadores"}, {"bloqueadores": "GCH290_2;GEN253_1;GEN254_1;GEX055_1;GEX090_1;GEX105_1;GEX108_1;GEX195_1;GEX210_2;GEX213_1;GEX605_1;GEX605_2;GEX609_1;GEX609_2;GEX612_1;GEX615_1;GEX616_1;GLA104_2;GLA356_1;GLA357_1", "ciclo": 1, "conflitos_encontrados": 69, "disciplinas_livres": 25, "falhas_consecutivas_antes": 4, "iteracao": 5, "limite_variaveis_x": 11398, "melhorou": false, "objetivo_anterior": 186294.0, "objetivo_candidato": 186294.0, "objetivo_incumbente": 186294.0, "passada": 1, "percentual_x_estimado": 0.050847, "profundidade_expansao": 1, "quantidade_bloqueadores": 20, "quantidade_sementes": 5, "recurso": "seeds_GCH292_4-GEX002_1-GLA001_2-GLA001_3-GLA104_5", "score_sementes": 8895.0, "sementes": "GCH292_4;GEX002_1;GLA001_2;GLA001_3;GLA104_5", "status_solver": "OPTIMAL", "tempo_gasto_s": 0.65, "tempo_limite_subproblema_s": 600.0, "tempo_solver_s": 0.32, "variaveis_x_estimadas": 4830, "variaveis_x_fixadas": 90160, "variaveis_x_livres": 4830, "vizinhanca": "penalidade_bloqueadores"}, {"bloqueadores": "GCH621_1;GCH849_1;GCS580_1;GEN253_1;GEN254_1;GEX002_1;GEX055_1;GEX090_1;GEX108_1;GEX178_1;GEX208_3;GEX210_5;GEX555_1;GEX612_1;GEX613_1;GEX613_2;GLA001_2;GLA371_1", "ciclo": 1, "conflitos_encontrados": 72, "disciplinas_livres": 23, "falhas_consecutivas_antes": 5, "iteracao": 6, "limite_variaveis_x": 11398, "melhorou": false, "objetivo_anterior": 186294.0, "objetivo_candidato": 186294.0, "objetivo_incumbente": 186294.0, "passada": 1, "percentual_x_estimado": 0.046489, "profundidade_expansao": 1, "quantidade_bloqueadores": 18, "quantidade_sementes": 5, "recurso": "seeds_GLA355_1-GLA356_1-GLA357_1-GCH011_1-GCH838_1", "score_sementes": 8885.0, "sementes": "GLA355_1;GLA356_1;GLA357_1;GCH011_1;GCH838_1", "status_solver": "OPTIMAL", "tempo_gasto_s": 0.63, "tempo_limite_subproblema_s": 600.0, "tempo_solver_s": 0.31, "variaveis_x_estimadas": 4416, "variaveis_x_fixadas": 90574, "variaveis_x_livres": 4416, "vizinhanca": "penalidade_bloqueadores"}, {"bloqueadores": "GCH011_1;GCH291_2;GCH846_1;GEX208_3;GEX210_5;GEX212_2;GEX555_1;GLA104_3;GLA469_1;GLA500_1;GLA506_1;GLA517_1;GLA550_1", "ciclo": 1, "conflitos_encontrados": 53, "disciplinas_livres": 18, "falhas_consecutivas_antes": 6, "iteracao": 7, "limite_variaveis_x": 11398, "melhorou": true, "objetivo_anterior": 186294.0, "objetivo_candidato": 186266.0, "objetivo_incumbente": 186266.0, "passada": 1, "percentual_x_estimado": 0.037288, "profundidade_expansao": 1, "quantidade_bloqueadores": 13, "quantidade_sementes": 5, "recurso": "seeds_GLA358_1-GLA370_1-GLA371_1-GLA372_1-GLA382_1", "score_sementes": 8870.0, "sementes": "GLA358_1;GLA370_1;GLA371_1;GLA372_1;GLA382_1", "status_solver": "OPTIMAL", "tempo_gasto_s": 0.62, "tempo_limite_subproblema_s": 600.0, "tempo_solver_s": 0.29, "variaveis_x_estimadas": 3542, "variaveis_x_fixadas": 91448, "variaveis_x_livres": 3542, "vizinhanca": "penalidade_bloqueadores"}, {"bloqueadores": "GCH011_1;GCH029_2;GCH090_2;GCH291_3;GCH619_1;GCH645_1;GCH855_1;GEX094_1;GEX560_1;GLA108_1;GLA358_1;GLA361_1;GLA363_1;GLA490_1;GLA500_1;GSA022_1;GSA0306_1;GSA0307_1;GSA0309_1;GSA045_1;GSA046_1;GSA297_1", "ciclo": 1, "conflitos_encontrados": 142, "disciplinas_livres": 27, "falhas_consecutivas_antes": 0, "iteracao": 8, "limite_variaveis_x": 11398, "melhorou": false, "objetivo_anterior": 186266.0, "objetivo_candidato": 186266.0, "objetivo_incumbente": 186266.0, "passada": 1, "percentual_x_estimado": 0.119128, "profundidade_expansao": 1, "quantidade_bloqueadores": 22, "quantidade_sementes": 5, "recurso": "seeds_GLA553_1-GLA379_1-GSA018_1-GCH837_2-GLA385_1", "score_sementes": 15497.0, "sementes": "GLA553_1;GLA379_1;GSA018_1;GCH837_2;GLA385_1", "status_solver": "OPTIMAL", "tempo_gasto_s": 0.79, "tempo_limite_subproblema_s": 600.0, "tempo_solver_s": 0.46, "variaveis_x_estimadas": 11316, "variaveis_x_fixadas": 83674, "variaveis_x_livres": 11316, "vizinhanca": "penalidade_bloqueadores"}, {"bloqueadores": "GCA039_1;GCA0683_2;GCA238_1;GCA244_1;GCB080_1;GCH090_2;GCH1412_1;GCH292_3;GCS010_1;GLA001_1;GLA361_1;GLA362_1;GLA370_1;GLA469_1;GLA490_1;GLA553_1;GSA019_1;GSA0307_1;GSA0308_1;GSA0309_1;GSA046_1;GSA297_1", "ciclo": 1, "conflitos_encontrados": 183, "disciplinas_livres": 27, "falhas_consecutivas_antes": 1, "iteracao": 9, "limite_variaveis_x": 11398, "melhorou": false, "objetivo_anterior": 186266.0, "objetivo_candidato": 186266.0, "objetivo_incumbente": 186266.0, "passada": 1, "percentual_x_estimado": 0.119613, "profundidade_expansao": 1, "quantidade_bloqueadores": 22, "quantidade_sementes": 5, "recurso": "seeds_GLA380_1-GLA395_1-GLA500_1-GLA506_1-GSA022_1", "score_sementes": 11142.0, "sementes": "GLA380_1;GLA395_1;GLA500_1;GLA506_1;GSA022_1", "status_solver": "OPTIMAL", "tempo_gasto_s": 0.72, "tempo_limite_subproblema_s": 600.0, "tempo_solver_s": 0.41, "variaveis_x_estimadas": 11362, "variaveis_x_fixadas": 83628, "variaveis_x_livres": 11362, "vizinhanca": "penalidade_bloqueadores"}, {"bloqueadores": "GCH630_1;GCH838_1;GEX094_1;GEX210_5;GLA370_1;GLA372_1;GLA500_1;GLA506_1;GLA550_1;GLA553_1", "ciclo": 1, "conflitos_encontrados": 60, "disciplinas_livres": 15, "falhas_consecutivas_antes": 2, "iteracao": 10, "limite_variaveis_x": 11398, "melhorou": false, "objetivo_anterior": 186266.0, "objetivo_candidato": 186266.0, "objetivo_incumbente": 186266.0, "passada": 1, "percentual_x_estimado": 0.043099, "profundidade_expansao": 1, "quantidade_bloqueadores": 10, "quantidade_sementes": 5, "recurso": "seeds_GLA361_1-GLA362_1-GLA469_1-GLA490_1-GLA517_1", "score_sementes": 9665.0, "sementes": "GLA361_1;GLA362_1;GLA469_1;GLA490_1;GLA517_1", "status_solver": "OPTIMAL", "tempo_gasto_s": 0.63, "tempo_limite_subproblema_s": 600.0, "tempo_solver_s": 0.31, "variaveis_x_estimadas": 4094, "variaveis_x_fixadas": 90896, "variaveis_x_livres": 4094, "vizinhanca": "penalidade_bloqueadores"}, {"bloqueadores": "GCH011_1;GCH619_1;GCH630_1;GCH645_1;GEX555_1;GLA108_1;GLA362_1;GLA372_1;GLA469_1;GLA517_1", "ciclo": 1, "conflitos_encontrados": 48, "disciplinas_livres": 15, "falhas_consecutivas_antes": 3, "iteracao": 11, "limite_variaveis_x": 11398, "melhorou": false, "objetivo_anterior": 186266.0, "objetivo_candidato": 186266.0, "objetivo_incumbente": 186266.0, "passada": 1, "percentual_x_estimado": 0.030508, "profundidade_expansao": 1, "quantidade_bloqueadores": 10, "quantidade_sementes": 5, "recurso": "seeds_GLA550_1-GCH029_2-GCH291_3-GEX210_5-GLA363_1", "score_sementes": 8925.0, "sementes": "GLA550_1;GCH029_2;GCH291_3;GEX210_5;GLA363_1", "status_solver": "OPTIMAL", "tempo_gasto_s": 0.61, "tempo_limite_subproblema_s": 600.0, "tempo_solver_s": 0.28, "variaveis_x_estimadas": 2898, "variaveis_x_fixadas": 92092, "variaveis_x_livres": 2898, "vizinhanca": "penalidade_bloqueadores"}, {"bloqueadores": "GCH290_2;GEN253_1;GEN254_1;GEX055_1;GEX090_1;GEX105_1;GEX108_1;GEX195_1;GEX210_2;GEX213_1;GEX605_1;GEX605_2;GEX609_1;GEX609_2;GEX612_1;GEX615_1;GEX616_1;GLA104_2;GLA356_1;GLA357_1", "ciclo": 1, "conflitos_encontrados": 69, "disciplinas_livres": 25, "falhas_consecutivas_antes": 4, "iteracao": 12, "limite_variaveis_x": 11398, "melhorou": false, "objetivo_anterior": 186266.0, "objetivo_candidato": 186266.0, "objetivo_incumbente": 186266.0, "passada": 1, "percentual_x_estimado": 0.050847, "profundidade_expansao": 1, "quantidade_bloqueadores": 20, "quantidade_sementes": 5, "recurso": "seeds_GCH292_4-GEX002_1-GLA001_2-GLA001_3-GLA104_5", "score_sementes": 8830.0, "sementes": "GCH292_4;GEX002_1;GLA001_2;GLA001_3;GLA104_5", "status_solver": "OPTIMAL", "tempo_gasto_s": 0.62, "tempo_limite_subproblema_s": 600.0, "tempo_solver_s": 0.3, "variaveis_x_estimadas": 4830, "variaveis_x_fixadas": 90160, "variaveis_x_livres": 4830, "vizinhanca": "penalidade_bloqueadores"}, {"bloqueadores": "GCH291_3;GCH621_1;GCH849_1;GCS580_1;GEN253_1;GEN254_1;GEX002_1;GEX055_1;GEX090_1;GEX108_1;GEX178_1;GEX555_1;GEX612_1;GEX613_1;GEX613_2;GLA001_2;GLA108_1;GLA385_1", "ciclo": 1, "conflitos_encontrados": 72, "disciplinas_livres": 23, "falhas_consecutivas_antes": 5, "iteracao": 13, "limite_variaveis_x": 11398, "melhorou": false, "objetivo_anterior": 186266.0, "objetivo_candidato": 186266.0, "objetivo_incumbente": 186266.0, "passada": 1, "percentual_x_estimado": 0.04891, "profundidade_expansao": 1, "quantidade_bloqueadores": 18, "quantidade_sementes": 5, "recurso": "seeds_GLA355_1-GLA356_1-GLA357_1-GCH011_1-GCH838_1", "score_sementes": 8820.0, "sementes": "GLA355_1;GLA356_1;GLA357_1;GCH011_1;GCH838_1", "status_solver": "OPTIMAL", "tempo_gasto_s": 0.62, "tempo_limite_subproblema_s": 600.0, "tempo_solver_s": 0.3, "variaveis_x_estimadas": 4646, "variaveis_x_fixadas": 90344, "variaveis_x_livres": 4646, "vizinhanca": "penalidade_bloqueadores"}, {"bloqueadores": "GCH011_1;GCH291_2;GCH846_1;GEX208_3;GEX210_5;GEX212_2;GEX555_1;GLA104_3;GLA385_1;GLA469_1;GLA500_1;GLA506_1;GLA517_1;GLA550_1;GLA553_1", "ciclo": 1, "conflitos_encontrados": 61, "disciplinas_livres": 20, "falhas_consecutivas_antes": 6, "iteracao": 14, "limite_variaveis_x": 11398, "melhorou": false, "objetivo_anterior": 186266.0, "objetivo_candidato": 186266.0, "objetivo_incumbente": 186266.0, "passada": 1, "percentual_x_estimado": 0.053753, "profundidade_expansao": 1, "quantidade_bloqueadores": 15, "quantidade_sementes": 5, "recurso": "seeds_GLA358_1-GLA370_1-GLA371_1-GLA372_1-GLA382_1", "score_sementes": 8805.0, "sementes": "GLA358_1;GLA370_1;GLA371_1;GLA372_1;GLA382_1", "status_solver": "OPTIMAL", "tempo_gasto_s": 0.62, "tempo_limite_subproblema_s": 600.0, "tempo_solver_s": 0.3, "variaveis_x_estimadas": 5106, "variaveis_x_fixadas": 89884, "variaveis_x_livres": 5106, "vizinhanca": "penalidade_bloqueadores"}, {"bloqueadores": "GCH1088_1;GCH1105_1;GCH1113_1;GCH1115_1;GCH1122_1;GCH1131_1;GCH1283_1;GCH1412_1;GCH1433_1;GCH1448_1;GCH290_5;GCH293_5;GCH369_1;GCH370_1;GCH837_3;GCS525_1;GEX221_1;GEX777_1;GEX981_1;GEX997_1;GLA379_1", "ciclo": 1, "conflitos_encontrados": 90, "disciplinas_livres": 26, "falhas_consecutivas_antes": 7, "iteracao": 15, "limite_variaveis_x": 11398, "melhorou": false, "objetivo_anterior": 186266.0, "objetivo_candidato": 186266.0, "objetivo_incumbente": 186266.0, "passada": 1, "percentual_x_estimado": 0.081356, "profundidade_expansao": 1, "quantidade_bloqueadores": 21, "quantidade_sementes": 5, "recurso": "seeds_GLA393_1-GLA394_1-GLA396_1-GCH1128_1-GEX094_1", "score_sementes": 8438.0, "sementes": "GLA393_1;GLA394_1;GLA396_1;GCH1128_1;GEX094_1", "status_solver": "OPTIMAL", "tempo_gasto_s": 0.71, "tempo_limite_subproblema_s": 600.0, "tempo_solver_s": 0.4, "variaveis_x_estimadas": 7728, "variaveis_x_fixadas": 87262, "variaveis_x_livres": 7728, "vizinhanca": "penalidade_bloqueadores"}, {"bloqueadores": "GCA0683_1;GCA0683_2;GCA238_1;GCB057_1;GCH1412_1;GCS238_5;GEX1047_1;GLA0705_1;GLA0706_1;GLA379_1;GLA385_1;GSA022_1;GSA0308_1;GSA0374_1;GSA0377_1;GSA175_2;GSA181_1;GSA197_1;GSA285_1;GSA295_1;GSA297_1;GSA300_1;GSA301_1", "ciclo": 1, "conflitos_encontrados": 69, "disciplinas_livres": 28, "falhas_consecutivas_antes": 8, "iteracao": 16, "limite_variaveis_x": 11398, "melhorou": false, "objetivo_anterior": 186266.0, "objetivo_candidato": 186266.0, "objetivo_incumbente": 186266.0, "passada": 1, "percentual_x_estimado": 0.101211, "profundidade_expansao": 1, "quantidade_bloqueadores": 23, "quantidade_sementes": 5, "recurso": "seeds_GEX638_1-GEX1104_1-GSA289_1-GEX392_1-GCA225_1", "score_sementes": 6851.5, "sementes": "GEX638_1;GEX1104_1;GSA289_1;GEX392_1;GCA225_1", "status_solver": "OPTIMAL", "tempo_gasto_s": 0.68, "tempo_limite_subproblema_s": 600.0, "tempo_solver_s": 0.38, "variaveis_x_estimadas": 9614, "variaveis_x_fixadas": 85376, "variaveis_x_livres": 9614, "vizinhanca": "penalidade_bloqueadores"}, {"bloqueadores": "GCA039_1;GCA041_1;GCA0683_1;GCA0683_2;GCA0684_1;GCA238_1;GCA259_1;GCB057_1;GCB140_1;GCH292_6;GCH641_1;GEN090_1;GSA0308_1;GSA0374_1;GSA0377_1;GSA0378_1;GSA182_1;GSA196_1;GSA291_1;GSA295_1;GSA301_1", "ciclo": 1, "conflitos_encontrados": 97, "disciplinas_livres": 26, "falhas_consecutivas_antes": 9, "iteracao": 17, "limite_variaveis_x": 11398, "melhorou": false, "objetivo_anterior": 186266.0, "objetivo_candidato": 186266.0, "objetivo_incumbente": 186266.0, "passada": 1, "percentual_x_estimado": 0.06247, "profundidade_expansao": 1, "quantidade_bloqueadores": 21, "quantidade_sementes": 5, "recurso": "seeds_GCA244_1-GCA060_1-GCA268_1-GCA038_1-GEN081_1", "score_sementes": 6017.5, "sementes": "GCA244_1;GCA060_1;GCA268_1;GCA038_1;GEN081_1", "status_solver": "OPTIMAL", "tempo_gasto_s": 0.67, "tempo_limite_subproblema_s": 600.0, "tempo_solver_s": 0.37, "variaveis_x_estimadas": 5934, "variaveis_x_fixadas": 89056, "variaveis_x_livres": 5934, "vizinhanca": "penalidade_bloqueadores"}, {"bloqueadores": "GCH011_1;GCH029_2;GCH090_2;GCH291_3;GCH619_1;GCH645_1;GCH855_1;GEX094_1;GEX560_1;GLA108_1;GLA358_1;GLA361_1;GLA363_1;GLA490_1;GLA500_1;GSA022_1;GSA0306_1;GSA0307_1;GSA0309_1;GSA045_1;GSA046_1;GSA297_1", "ciclo": 1, "conflitos_encontrados": 142, "disciplinas_livres": 27, "falhas_consecutivas_antes": 0, "iteracao": 1, "limite_variaveis_x": 11398, "melhorou": false, "objetivo_anterior": 186266.0, "objetivo_candidato": 186266.0, "objetivo_incumbente": 186266.0, "passada": 2, "percentual_x_estimado": 0.119128, "profundidade_expansao": 1, "quantidade_bloqueadores": 22, "quantidade_sementes": 5, "recurso": "seeds_GLA553_1-GLA379_1-GSA018_1-GCH837_2-GLA385_1", "score_sementes": 15497.0, "sementes": "GLA553_1;GLA379_1;GSA018_1;GCH837_2;GLA385_1", "status_solver": "OPTIMAL", "tempo_gasto_s": 0.75, "tempo_limite_subproblema_s": 600.0, "tempo_solver_s": 0.45, "variaveis_x_estimadas": 11316, "variaveis_x_fixadas": 83674, "variaveis_x_livres": 11316, "vizinhanca": "penalidade_bloqueadores"}, {"bloqueadores": "GCA039_1;GCA0683_2;GCA238_1;GCA244_1;GCB080_1;GCH090_2;GCH1412_1;GCH292_3;GCS010_1;GLA001_1;GLA361_1;GLA362_1;GLA370_1;GLA469_1;GLA490_1;GLA553_1;GSA019_1;GSA0307_1;GSA0308_1;GSA0309_1;GSA046_1;GSA297_1", "ciclo": 1, "conflitos_encontrados": 183, "disciplinas_livres": 27, "falhas_consecutivas_antes": 1, "iteracao": 2, "limite_variaveis_x": 11398, "melhorou": false, "objetivo_anterior": 186266.0, "objetivo_candidato": 186266.0, "objetivo_incumbente": 186266.0, "passada": 2, "percentual_x_estimado": 0.119613, "profundidade_expansao": 1, "quantidade_bloqueadores": 22, "quantidade_sementes": 5, "recurso": "seeds_GLA380_1-GLA395_1-GLA500_1-GLA506_1-GSA022_1", "score_sementes": 11142.0, "sementes": "GLA380_1;GLA395_1;GLA500_1;GLA506_1;GSA022_1", "status_solver": "OPTIMAL", "tempo_gasto_s": 0.7, "tempo_limite_subproblema_s": 600.0, "tempo_solver_s": 0.4, "variaveis_x_estimadas": 11362, "variaveis_x_fixadas": 83628, "variaveis_x_livres": 11362, "vizinhanca": "penalidade_bloqueadores"}, {"bloqueadores": "GCH630_1;GCH838_1;GEX094_1;GEX210_5;GLA370_1;GLA372_1;GLA500_1;GLA506_1;GLA550_1;GLA553_1", "ciclo": 1, "conflitos_encontrados": 60, "disciplinas_livres": 15, "falhas_consecutivas_antes": 2, "iteracao": 3, "limite_variaveis_x": 11398, "melhorou": false, "objetivo_anterior": 186266.0, "objetivo_candidato": 186266.0, "objetivo_incumbente": 186266.0, "passada": 2, "percentual_x_estimado": 0.043099, "profundidade_expansao": 1, "quantidade_bloqueadores": 10, "quantidade_sementes": 5, "recurso": "seeds_GLA361_1-GLA362_1-GLA469_1-GLA490_1-GLA517_1", "score_sementes": 9665.0, "sementes": "GLA361_1;GLA362_1;GLA469_1;GLA490_1;GLA517_1", "status_solver": "OPTIMAL", "tempo_gasto_s": 0.61, "tempo_limite_subproblema_s": 600.0, "tempo_solver_s": 0.31, "variaveis_x_estimadas": 4094, "variaveis_x_fixadas": 90896, "variaveis_x_livres": 4094, "vizinhanca": "penalidade_bloqueadores"}, {"bloqueadores": "GCH011_1;GCH619_1;GCH630_1;GCH645_1;GEX555_1;GLA108_1;GLA362_1;GLA372_1;GLA469_1;GLA517_1", "ciclo": 1, "conflitos_encontrados": 48, "disciplinas_livres": 15, "falhas_consecutivas_antes": 3, "iteracao": 4, "limite_variaveis_x": 11398, "melhorou": false, "objetivo_anterior": 186266.0, "objetivo_candidato": 186266.0, "objetivo_incumbente": 186266.0, "passada": 2, "percentual_x_estimado": 0.030508, "profundidade_expansao": 1, "quantidade_bloqueadores": 10, "quantidade_sementes": 5, "recurso": "seeds_GLA550_1-GCH029_2-GCH291_3-GEX210_5-GLA363_1", "score_sementes": 8925.0, "sementes": "GLA550_1;GCH029_2;GCH291_3;GEX210_5;GLA363_1", "status_solver": "OPTIMAL", "tempo_gasto_s": 0.58, "tempo_limite_subproblema_s": 600.0, "tempo_solver_s": 0.27, "variaveis_x_estimadas": 2898, "variaveis_x_fixadas": 92092, "variaveis_x_livres": 2898, "vizinhanca": "penalidade_bloqueadores"}, {"bloqueadores": "GCH290_2;GEN253_1;GEN254_1;GEX055_1;GEX090_1;GEX105_1;GEX108_1;GEX195_1;GEX210_2;GEX213_1;GEX605_1;GEX605_2;GEX609_1;GEX609_2;GEX612_1;GEX615_1;GEX616_1;GLA104_2;GLA356_1;GLA357_1", "ciclo": 1, "conflitos_encontrados": 69, "disciplinas_livres": 25, "falhas_consecutivas_antes": 4, "iteracao": 5, "limite_variaveis_x": 11398, "melhorou": false, "objetivo_anterior": 186266.0, "objetivo_candidato": 186266.0, "objetivo_incumbente": 186266.0, "passada": 2, "percentual_x_estimado": 0.050847, "profundidade_expansao": 1, "quantidade_bloqueadores": 20, "quantidade_sementes": 5, "recurso": "seeds_GCH292_4-GEX002_1-GLA001_2-GLA001_3-GLA104_5", "score_sementes": 8830.0, "sementes": "GCH292_4;GEX002_1;GLA001_2;GLA001_3;GLA104_5", "status_solver": "OPTIMAL", "tempo_gasto_s": 0.62, "tempo_limite_subproblema_s": 600.0, "tempo_solver_s": 0.31, "variaveis_x_estimadas": 4830, "variaveis_x_fixadas": 90160, "variaveis_x_livres": 4830, "vizinhanca": "penalidade_bloqueadores"}, {"bloqueadores": "GCH291_3;GCH621_1;GCH849_1;GCS580_1;GEN253_1;GEN254_1;GEX002_1;GEX055_1;GEX090_1;GEX108_1;GEX178_1;GEX555_1;GEX612_1;GEX613_1;GEX613_2;GLA001_2;GLA108_1;GLA385_1", "ciclo": 1, "conflitos_encontrados": 72, "disciplinas_livres": 23, "falhas_consecutivas_antes": 5, "iteracao": 6, "limite_variaveis_x": 11398, "melhorou": false, "objetivo_anterior": 186266.0, "objetivo_candidato": 186266.0, "objetivo_incumbente": 186266.0, "passada": 2, "percentual_x_estimado": 0.04891, "profundidade_expansao": 1, "quantidade_bloqueadores": 18, "quantidade_sementes": 5, "recurso": "seeds_GLA355_1-GLA356_1-GLA357_1-GCH011_1-GCH838_1", "score_sementes": 8820.0, "sementes": "GLA355_1;GLA356_1;GLA357_1;GCH011_1;GCH838_1", "status_solver": "OPTIMAL", "tempo_gasto_s": 0.61, "tempo_limite_subproblema_s": 600.0, "tempo_solver_s": 0.3, "variaveis_x_estimadas": 4646, "variaveis_x_fixadas": 90344, "variaveis_x_livres": 4646, "vizinhanca": "penalidade_bloqueadores"}, {"bloqueadores": "GCH011_1;GCH291_2;GCH846_1;GEX208_3;GEX210_5;GEX212_2;GEX555_1;GLA104_3;GLA385_1;GLA469_1;GLA500_1;GLA506_1;GLA517_1;GLA550_1;GLA553_1", "ciclo": 1, "conflitos_encontrados": 61, "disciplinas_livres": 20, "falhas_consecutivas_antes": 6, "iteracao": 7, "limite_variaveis_x": 11398, "melhorou": false, "objetivo_anterior": 186266.0, "objetivo_candidato": 186266.0, "objetivo_incumbente": 186266.0, "passada": 2, "percentual_x_estimado": 0.053753, "profundidade_expansao": 1, "quantidade_bloqueadores": 15, "quantidade_sementes": 5, "recurso": "seeds_GLA358_1-GLA370_1-GLA371_1-GLA372_1-GLA382_1", "score_sementes": 8805.0, "sementes": "GLA358_1;GLA370_1;GLA371_1;GLA372_1;GLA382_1", "status_solver": "OPTIMAL", "tempo_gasto_s": 0.62, "tempo_limite_subproblema_s": 600.0, "tempo_solver_s": 0.3, "variaveis_x_estimadas": 5106, "variaveis_x_fixadas": 89884, "variaveis_x_livres": 5106, "vizinhanca": "penalidade_bloqueadores"}, {"bloqueadores": "GCH1088_1;GCH1105_1;GCH1113_1;GCH1115_1;GCH1122_1;GCH1131_1;GCH1283_1;GCH1412_1;GCH1433_1;GCH1448_1;GCH290_5;GCH293_5;GCH369_1;GCH370_1;GCH837_3;GCS525_1;GEX221_1;GEX777_1;GEX981_1;GEX997_1;GLA379_1", "ciclo": 1, "conflitos_encontrados": 90, "disciplinas_livres": 26, "falhas_consecutivas_antes": 7, "iteracao": 8, "limite_variaveis_x": 11398, "melhorou": false, "objetivo_anterior": 186266.0, "objetivo_candidato": 186266.0, "objetivo_incumbente": 186266.0, "passada": 2, "percentual_x_estimado": 0.081356, "profundidade_expansao": 1, "quantidade_bloqueadores": 21, "quantidade_sementes": 5, "recurso": "seeds_GLA393_1-GLA394_1-GLA396_1-GCH1128_1-GEX094_1", "score_sementes": 8438.0, "sementes": "GLA393_1;GLA394_1;GLA396_1;GCH1128_1;GEX094_1", "status_solver": "OPTIMAL", "tempo_gasto_s": 0.7, "tempo_limite_subproblema_s": 600.0, "tempo_solver_s": 0.39, "variaveis_x_estimadas": 7728, "variaveis_x_fixadas": 87262, "variaveis_x_livres": 7728, "vizinhanca": "penalidade_bloqueadores"}, {"bloqueadores": "GCA0683_1;GCA0683_2;GCA238_1;GCB057_1;GCH1412_1;GCS238_5;GEX1047_1;GLA0705_1;GLA0706_1;GLA379_1;GLA385_1;GSA022_1;GSA0308_1;GSA0374_1;GSA0377_1;GSA175_2;GSA181_1;GSA197_1;GSA285_1;GSA295_1;GSA297_1;GSA300_1;GSA301_1", "ciclo": 1, "conflitos_encontrados": 69, "disciplinas_livres": 28, "falhas_consecutivas_antes": 8, "iteracao": 9, "limite_variaveis_x": 11398, "melhorou": false, "objetivo_anterior": 186266.0, "objetivo_candidato": 186266.0, "objetivo_incumbente": 186266.0, "passada": 2, "percentual_x_estimado": 0.101211, "profundidade_expansao": 1, "quantidade_bloqueadores": 23, "quantidade_sementes": 5, "recurso": "seeds_GEX638_1-GEX1104_1-GSA289_1-GEX392_1-GCA225_1", "score_sementes": 6851.5, "sementes": "GEX638_1;GEX1104_1;GSA289_1;GEX392_1;GCA225_1", "status_solver": "OPTIMAL", "tempo_gasto_s": 0.7, "tempo_limite_subproblema_s": 600.0, "tempo_solver_s": 0.39, "variaveis_x_estimadas": 9614, "variaveis_x_fixadas": 85376, "variaveis_x_livres": 9614, "vizinhanca": "penalidade_bloqueadores"}, {"bloqueadores": "GCA039_1;GCA041_1;GCA0683_1;GCA0683_2;GCA0684_1;GCA238_1;GCA259_1;GCB057_1;GCB140_1;GCH292_6;GCH641_1;GEN090_1;GSA0308_1;GSA0374_1;GSA0377_1;GSA0378_1;GSA182_1;GSA196_1;GSA291_1;GSA295_1;GSA301_1", "ciclo": 1, "conflitos_encontrados": 97, "disciplinas_livres": 26, "falhas_consecutivas_antes": 9, "iteracao": 10, "limite_variaveis_x": 11398, "melhorou": false, "objetivo_anterior": 186266.0, "objetivo_candidato": 186266.0, "objetivo_incumbente": 186266.0, "passada": 2, "percentual_x_estimado": 0.06247, "profundidade_expansao": 1, "quantidade_bloqueadores": 21, "quantidade_sementes": 5, "recurso": "seeds_GCA244_1-GCA060_1-GCA268_1-GCA038_1-GEN081_1", "score_sementes": 6017.5, "sementes": "GCA244_1;GCA060_1;GCA268_1;GCA038_1;GEN081_1", "status_solver": "OPTIMAL", "tempo_gasto_s": 0.67, "tempo_limite_subproblema_s": 600.0, "tempo_solver_s": 0.36, "variaveis_x_estimadas": 5934, "variaveis_x_fixadas": 89056, "variaveis_x_livres": 5934, "vizinhanca": "penalidade_bloqueadores"}], "melhorias_aceitas": 1, "objetivo_final": 186266.0, "objetivo_inicial": 186294.0, "parametros_vizinhanca": {"max_falhas_consecutivas": 10, "max_salas_candidatas": 5, "percentual_x_maximo": 0.12, "sementes_por_vizinhanca": 5}, "passadas_executadas": 2, "status": "CONCLUIDO", "tempo_total_s": 322.05, "tipo_vizinhanca": "penalidade_bloqueadores", "total_iteracoes": 27}
{'etapa': 'fix_and_optimize_penalidade_bloqueadores', 'tipo_vizinhanca': 'penalidade_bloqueadores', 'status': 'CONCLUIDO', 'objetivo_inicial': 186294.0, 'objetivo_final': 186266.0, 'ganho_absoluto': 28.0, 'passadas_executadas': 2, 'total_iteracoes': 27, 'melhorias_aceitas': 1, 'tempo_total_s': 322.05, 'arquivo_melhor_solucao': 'resultados/experimentos/2024_1/fixopt_penalidade_init5min_sub10min_total4h.sol', 'arquivo_log_csv': 'resultados/experimentos/2024_1/fixopt_penalidade_init5min_sub10min_total4h.csv', 'arquivo_log_json': 'resultados/experimentos/2024_1/fixopt_penalidade_init5min_sub10min_total4h.json', 'arquivo_solucao_inicial': None, 'parametros_vizinhanca': {'sementes_por_vizinhanca': 5, 'max_salas_candidatas': 5, 'percentual_x_maximo': 0.12, 'max_falhas_consecutivas': 10}, 'historico': [{'ciclo': 1, 'passada': 1, 'iteracao': 1, 'vizinhanca': 'penalidade_bloqueadores', 'recurso': 'seeds_GLA553_1-GLA379_1-GCH837_2-GLA385_1-GSA018_1', 'disciplinas_livres': 28, 'variaveis_x_livres': 11362, 'variaveis_x_fixadas': 83628, 'status_solver': 'OPTIMAL', 'objetivo_anterior': 186294.0, 'objetivo_candidato': 186294.0, 'melhorou': False, 'objetivo_incumbente': 186294.0, 'tempo_gasto_s': 0.71, 'tempo_solver_s': 0.47, 'tempo_limite_subproblema_s': 600.0, 'sementes': 'GLA553_1;GLA379_1;GCH837_2;GLA385_1;GSA018_1', 'bloqueadores': 'GCA238_1;GCH029_2;GCH090_2;GCH291_3;GCH619_1;GCH645_1;GCH855_1;GCS0687_1;GEX094_1;GEX560_1;GLA108_1;GLA358_1;GLA361_1;GLA363_1;GLA490_1;GLA500_1;GSA022_1;GSA0306_1;GSA0307_1;GSA0309_1;GSA045_1;GSA046_1;GSA297_1', 'quantidade_sementes': 5, 'quantidade_bloqueadores': 23, 'score_sementes': 15589.0, 'conflitos_encontrados': 138, 'variaveis_x_estimadas': 11362, 'percentual_x_estimado': 0.119613, 'limite_variaveis_x': 11398, 'profundidade_expansao': 1, 'falhas_consecutivas_antes': 0}, {'ciclo': 1, 'passada': 1, 'iteracao': 2, 'vizinhanca': 'penalidade_bloqueadores', 'recurso': 'seeds_GLA380_1-GLA395_1-GLA500_1-GLA506_1-GSA022_1', 'disciplinas_livres': 27, 'variaveis_x_livres': 11362, 'variaveis_x_fixadas': 83628, 'status_solver': 'OPTIMAL', 'objetivo_anterior': 186294.0, 'objetivo_candidato': 186294.0, 'melhorou': False, 'objetivo_incumbente': 186294.0, 'tempo_gasto_s': 0.78, 'tempo_solver_s': 0.46, 'tempo_limite_subproblema_s': 600.0, 'sementes': 'GLA380_1;GLA395_1;GLA500_1;GLA506_1;GSA022_1', 'bloqueadores': 'GCA039_1;GCA0683_2;GCA238_1;GCA244_1;GCB080_1;GCH090_2;GCH1412_1;GCH292_3;GCS010_1;GLA001_1;GLA104_3;GLA361_1;GLA362_1;GLA469_1;GLA490_1;GLA553_1;GSA019_1;GSA0307_1;GSA0308_1;GSA0309_1;GSA046_1;GSA297_1', 'quantidade_sementes': 5, 'quantidade_bloqueadores': 22, 'score_sementes': 11274.0, 'conflitos_encontrados': 183, 'variaveis_x_estimadas': 11362, 'percentual_x_estimado': 0.119613, 'limite_variaveis_x': 11398, 'profundidade_expansao': 1, 'falhas_consecutivas_antes': 1}, {'ciclo': 1, 'passada': 1, 'iteracao': 3, 'vizinhanca': 'penalidade_bloqueadores', 'recurso': 'seeds_GLA361_1-GLA362_1-GLA469_1-GLA490_1-GLA517_1', 'disciplinas_livres': 15, 'variaveis_x_livres': 4232, 'variaveis_x_fixadas': 90758, 'status_solver': 'OPTIMAL', 'objetivo_anterior': 186294.0, 'objetivo_candidato': 186294.0, 'melhorou': False, 'objetivo_incumbente': 186294.0, 'tempo_gasto_s': 0.63, 'tempo_solver_s': 0.3, 'tempo_limite_subproblema_s': 600.0, 'sementes': 'GLA361_1;GLA362_1;GLA469_1;GLA490_1;GLA517_1', 'bloqueadores': 'GCH621_1;GCH630_1;GEX094_1;GEX210_5;GEX212_2;GLA104_3;GLA500_1;GLA506_1;GLA550_1;GLA553_1', 'quantidade_sementes': 5, 'quantidade_bloqueadores': 10, 'score_sementes': 9850.0, 'conflitos_encontrados': 58, 'variaveis_x_estimadas': 4232, 'percentual_x_estimado': 0.044552, 'limite_variaveis_x': 11398, 'profundidade_expansao': 1, 'falhas_consecutivas_antes': 2}, {'ciclo': 1, 'passada': 1, 'iteracao': 4, 'vizinhanca': 'penalidade_bloqueadores', 'recurso': 'seeds_GLA550_1-GCH029_2-GCH291_3-GEX210_5-GLA363_1', 'disciplinas_livres': 14, 'variaveis_x_livres': 2714, 'variaveis_x_fixadas': 92276, 'status_solver': 'OPTIMAL', 'objetivo_anterior': 186294.0, 'objetivo_candidato': 186294.0, 'melhorou': False, 'objetivo_incumbente': 186294.0, 'tempo_gasto_s': 0.6, 'tempo_solver_s': 0.28, 'tempo_limite_subproblema_s': 600.0, 'sementes': 'GLA550_1;GCH029_2;GCH291_3;GEX210_5;GLA363_1', 'bloqueadores': 'GCH619_1;GCH630_1;GCH645_1;GEX212_2;GEX555_1;GLA108_1;GLA362_1;GLA469_1;GLA517_1', 'quantidade_sementes': 5, 'quantidade_bloqueadores': 9, 'score_sementes': 9030.0, 'conflitos_encontrados': 44, 'variaveis_x_estimadas': 2714, 'percentual_x_estimado': 0.028571, 'limite_variaveis_x': 11398, 'profundidade_expansao': 1, 'falhas_consecutivas_antes': 3}, {'ciclo': 1, 'passada': 1, 'iteracao': 5, 'vizinhanca': 'penalidade_bloqueadores', 'recurso': 'seeds_GCH292_4-GEX002_1-GLA001_2-GLA001_3-GLA104_5', 'disciplinas_livres': 25, 'variaveis_x_livres': 4830, 'variaveis_x_fixadas': 90160, 'status_solver': 'OPTIMAL', 'objetivo_anterior': 186294.0, 'objetivo_candidato': 186294.0, 'melhorou': False, 'objetivo_incumbente': 186294.0, 'tempo_gasto_s': 0.65, 'tempo_solver_s': 0.32, 'tempo_limite_subproblema_s': 600.0, 'sementes': 'GCH292_4;GEX002_1;GLA001_2;GLA001_3;GLA104_5', 'bloqueadores': 'GCH290_2;GEN253_1;GEN254_1;GEX055_1;GEX090_1;GEX105_1;GEX108_1;GEX195_1;GEX210_2;GEX213_1;GEX605_1;GEX605_2;GEX609_1;GEX609_2;GEX612_1;GEX615_1;GEX616_1;GLA104_2;GLA356_1;GLA357_1', 'quantidade_sementes': 5, 'quantidade_bloqueadores': 20, 'score_sementes': 8895.0, 'conflitos_encontrados': 69, 'variaveis_x_estimadas': 4830, 'percentual_x_estimado': 0.050847, 'limite_variaveis_x': 11398, 'profundidade_expansao': 1, 'falhas_consecutivas_antes': 4}, {'ciclo': 1, 'passada': 1, 'iteracao': 6, 'vizinhanca': 'penalidade_bloqueadores', 'recurso': 'seeds_GLA355_1-GLA356_1-GLA357_1-GCH011_1-GCH838_1', 'disciplinas_livres': 23, 'variaveis_x_livres': 4416, 'variaveis_x_fixadas': 90574, 'status_solver': 'OPTIMAL', 'objetivo_anterior': 186294.0, 'objetivo_candidato': 186294.0, 'melhorou': False, 'objetivo_incumbente': 186294.0, 'tempo_gasto_s': 0.63, 'tempo_solver_s': 0.31, 'tempo_limite_subproblema_s': 600.0, 'sementes': 'GLA355_1;GLA356_1;GLA357_1;GCH011_1;GCH838_1', 'bloqueadores': 'GCH621_1;GCH849_1;GCS580_1;GEN253_1;GEN254_1;GEX002_1;GEX055_1;GEX090_1;GEX108_1;GEX178_1;GEX208_3;GEX210_5;GEX555_1;GEX612_1;GEX613_1;GEX613_2;GLA001_2;GLA371_1', 'quantidade_sementes': 5, 'quantidade_bloqueadores': 18, 'score_sementes': 8885.0, 'conflitos_encontrados': 72, 'variaveis_x_estimadas': 4416, 'percentual_x_estimado': 0.046489, 'limite_variaveis_x': 11398, 'profundidade_expansao': 1, 'falhas_consecutivas_antes': 5}, {'ciclo': 1, 'passada': 1, 'iteracao': 7, 'vizinhanca': 'penalidade_bloqueadores', 'recurso': 'seeds_GLA358_1-GLA370_1-GLA371_1-GLA372_1-GLA382_1', 'disciplinas_livres': 18, 'variaveis_x_livres': 3542, 'variaveis_x_fixadas': 91448, 'status_solver': 'OPTIMAL', 'objetivo_anterior': 186294.0, 'objetivo_candidato': 186266.0, 'melhorou': True, 'objetivo_incumbente': 186266.0, 'tempo_gasto_s': 0.62, 'tempo_solver_s': 0.29, 'tempo_limite_subproblema_s': 600.0, 'sementes': 'GLA358_1;GLA370_1;GLA371_1;GLA372_1;GLA382_1', 'bloqueadores': 'GCH011_1;GCH291_2;GCH846_1;GEX208_3;GEX210_5;GEX212_2;GEX555_1;GLA104_3;GLA469_1;GLA500_1;GLA506_1;GLA517_1;GLA550_1', 'quantidade_sementes': 5, 'quantidade_bloqueadores': 13, 'score_sementes': 8870.0, 'conflitos_encontrados': 53, 'variaveis_x_estimadas': 3542, 'percentual_x_estimado': 0.037288, 'limite_variaveis_x': 11398, 'profundidade_expansao': 1, 'falhas_consecutivas_antes': 6}, {'ciclo': 1, 'passada': 1, 'iteracao': 8, 'vizinhanca': 'penalidade_bloqueadores', 'recurso': 'seeds_GLA553_1-GLA379_1-GSA018_1-GCH837_2-GLA385_1', 'disciplinas_livres': 27, 'variaveis_x_livres': 11316, 'variaveis_x_fixadas': 83674, 'status_solver': 'OPTIMAL', 'objetivo_anterior': 186266.0, 'objetivo_candidato': 186266.0, 'melhorou': False, 'objetivo_incumbente': 186266.0, 'tempo_gasto_s': 0.79, 'tempo_solver_s': 0.46, 'tempo_limite_subproblema_s': 600.0, 'sementes': 'GLA553_1;GLA379_1;GSA018_1;GCH837_2;GLA385_1', 'bloqueadores': 'GCH011_1;GCH029_2;GCH090_2;GCH291_3;GCH619_1;GCH645_1;GCH855_1;GEX094_1;GEX560_1;GLA108_1;GLA358_1;GLA361_1;GLA363_1;GLA490_1;GLA500_1;GSA022_1;GSA0306_1;GSA0307_1;GSA0309_1;GSA045_1;GSA046_1;GSA297_1', 'quantidade_sementes': 5, 'quantidade_bloqueadores': 22, 'score_sementes': 15497.0, 'conflitos_encontrados': 142, 'variaveis_x_estimadas': 11316, 'percentual_x_estimado': 0.119128, 'limite_variaveis_x': 11398, 'profundidade_expansao': 1, 'falhas_consecutivas_antes': 0}, {'ciclo': 1, 'passada': 1, 'iteracao': 9, 'vizinhanca': 'penalidade_bloqueadores', 'recurso': 'seeds_GLA380_1-GLA395_1-GLA500_1-GLA506_1-GSA022_1', 'disciplinas_livres': 27, 'variaveis_x_livres': 11362, 'variaveis_x_fixadas': 83628, 'status_solver': 'OPTIMAL', 'objetivo_anterior': 186266.0, 'objetivo_candidato': 186266.0, 'melhorou': False, 'objetivo_incumbente': 186266.0, 'tempo_gasto_s': 0.72, 'tempo_solver_s': 0.41, 'tempo_limite_subproblema_s': 600.0, 'sementes': 'GLA380_1;GLA395_1;GLA500_1;GLA506_1;GSA022_1', 'bloqueadores': 'GCA039_1;GCA0683_2;GCA238_1;GCA244_1;GCB080_1;GCH090_2;GCH1412_1;GCH292_3;GCS010_1;GLA001_1;GLA361_1;GLA362_1;GLA370_1;GLA469_1;GLA490_1;GLA553_1;GSA019_1;GSA0307_1;GSA0308_1;GSA0309_1;GSA046_1;GSA297_1', 'quantidade_sementes': 5, 'quantidade_bloqueadores': 22, 'score_sementes': 11142.0, 'conflitos_encontrados': 183, 'variaveis_x_estimadas': 11362, 'percentual_x_estimado': 0.119613, 'limite_variaveis_x': 11398, 'profundidade_expansao': 1, 'falhas_consecutivas_antes': 1}, {'ciclo': 1, 'passada': 1, 'iteracao': 10, 'vizinhanca': 'penalidade_bloqueadores', 'recurso': 'seeds_GLA361_1-GLA362_1-GLA469_1-GLA490_1-GLA517_1', 'disciplinas_livres': 15, 'variaveis_x_livres': 4094, 'variaveis_x_fixadas': 90896, 'status_solver': 'OPTIMAL', 'objetivo_anterior': 186266.0, 'objetivo_candidato': 186266.0, 'melhorou': False, 'objetivo_incumbente': 186266.0, 'tempo_gasto_s': 0.63, 'tempo_solver_s': 0.31, 'tempo_limite_subproblema_s': 600.0, 'sementes': 'GLA361_1;GLA362_1;GLA469_1;GLA490_1;GLA517_1', 'bloqueadores': 'GCH630_1;GCH838_1;GEX094_1;GEX210_5;GLA370_1;GLA372_1;GLA500_1;GLA506_1;GLA550_1;GLA553_1', 'quantidade_sementes': 5, 'quantidade_bloqueadores': 10, 'score_sementes': 9665.0, 'conflitos_encontrados': 60, 'variaveis_x_estimadas': 4094, 'percentual_x_estimado': 0.043099, 'limite_variaveis_x': 11398, 'profundidade_expansao': 1, 'falhas_consecutivas_antes': 2}, {'ciclo': 1, 'passada': 1, 'iteracao': 11, 'vizinhanca': 'penalidade_bloqueadores', 'recurso': 'seeds_GLA550_1-GCH029_2-GCH291_3-GEX210_5-GLA363_1', 'disciplinas_livres': 15, 'variaveis_x_livres': 2898, 'variaveis_x_fixadas': 92092, 'status_solver': 'OPTIMAL', 'objetivo_anterior': 186266.0, 'objetivo_candidato': 186266.0, 'melhorou': False, 'objetivo_incumbente': 186266.0, 'tempo_gasto_s': 0.61, 'tempo_solver_s': 0.28, 'tempo_limite_subproblema_s': 600.0, 'sementes': 'GLA550_1;GCH029_2;GCH291_3;GEX210_5;GLA363_1', 'bloqueadores': 'GCH011_1;GCH619_1;GCH630_1;GCH645_1;GEX555_1;GLA108_1;GLA362_1;GLA372_1;GLA469_1;GLA517_1', 'quantidade_sementes': 5, 'quantidade_bloqueadores': 10, 'score_sementes': 8925.0, 'conflitos_encontrados': 48, 'variaveis_x_estimadas': 2898, 'percentual_x_estimado': 0.030508, 'limite_variaveis_x': 11398, 'profundidade_expansao': 1, 'falhas_consecutivas_antes': 3}, {'ciclo': 1, 'passada': 1, 'iteracao': 12, 'vizinhanca': 'penalidade_bloqueadores', 'recurso': 'seeds_GCH292_4-GEX002_1-GLA001_2-GLA001_3-GLA104_5', 'disciplinas_livres': 25, 'variaveis_x_livres': 4830, 'variaveis_x_fixadas': 90160, 'status_solver': 'OPTIMAL', 'objetivo_anterior': 186266.0, 'objetivo_candidato': 186266.0, 'melhorou': False, 'objetivo_incumbente': 186266.0, 'tempo_gasto_s': 0.62, 'tempo_solver_s': 0.3, 'tempo_limite_subproblema_s': 600.0, 'sementes': 'GCH292_4;GEX002_1;GLA001_2;GLA001_3;GLA104_5', 'bloqueadores': 'GCH290_2;GEN253_1;GEN254_1;GEX055_1;GEX090_1;GEX105_1;GEX108_1;GEX195_1;GEX210_2;GEX213_1;GEX605_1;GEX605_2;GEX609_1;GEX609_2;GEX612_1;GEX615_1;GEX616_1;GLA104_2;GLA356_1;GLA357_1', 'quantidade_sementes': 5, 'quantidade_bloqueadores': 20, 'score_sementes': 8830.0, 'conflitos_encontrados': 69, 'variaveis_x_estimadas': 4830, 'percentual_x_estimado': 0.050847, 'limite_variaveis_x': 11398, 'profundidade_expansao': 1, 'falhas_consecutivas_antes': 4}, {'ciclo': 1, 'passada': 1, 'iteracao': 13, 'vizinhanca': 'penalidade_bloqueadores', 'recurso': 'seeds_GLA355_1-GLA356_1-GLA357_1-GCH011_1-GCH838_1', 'disciplinas_livres': 23, 'variaveis_x_livres': 4646, 'variaveis_x_fixadas': 90344, 'status_solver': 'OPTIMAL', 'objetivo_anterior': 186266.0, 'objetivo_candidato': 186266.0, 'melhorou': False, 'objetivo_incumbente': 186266.0, 'tempo_gasto_s': 0.62, 'tempo_solver_s': 0.3, 'tempo_limite_subproblema_s': 600.0, 'sementes': 'GLA355_1;GLA356_1;GLA357_1;GCH011_1;GCH838_1', 'bloqueadores': 'GCH291_3;GCH621_1;GCH849_1;GCS580_1;GEN253_1;GEN254_1;GEX002_1;GEX055_1;GEX090_1;GEX108_1;GEX178_1;GEX555_1;GEX612_1;GEX613_1;GEX613_2;GLA001_2;GLA108_1;GLA385_1', 'quantidade_sementes': 5, 'quantidade_bloqueadores': 18, 'score_sementes': 8820.0, 'conflitos_encontrados': 72, 'variaveis_x_estimadas': 4646, 'percentual_x_estimado': 0.04891, 'limite_variaveis_x': 11398, 'profundidade_expansao': 1, 'falhas_consecutivas_antes': 5}, {'ciclo': 1, 'passada': 1, 'iteracao': 14, 'vizinhanca': 'penalidade_bloqueadores', 'recurso': 'seeds_GLA358_1-GLA370_1-GLA371_1-GLA372_1-GLA382_1', 'disciplinas_livres': 20, 'variaveis_x_livres': 5106, 'variaveis_x_fixadas': 89884, 'status_solver': 'OPTIMAL', 'objetivo_anterior': 186266.0, 'objetivo_candidato': 186266.0, 'melhorou': False, 'objetivo_incumbente': 186266.0, 'tempo_gasto_s': 0.62, 'tempo_solver_s': 0.3, 'tempo_limite_subproblema_s': 600.0, 'sementes': 'GLA358_1;GLA370_1;GLA371_1;GLA372_1;GLA382_1', 'bloqueadores': 'GCH011_1;GCH291_2;GCH846_1;GEX208_3;GEX210_5;GEX212_2;GEX555_1;GLA104_3;GLA385_1;GLA469_1;GLA500_1;GLA506_1;GLA517_1;GLA550_1;GLA553_1', 'quantidade_sementes': 5, 'quantidade_bloqueadores': 15, 'score_sementes': 8805.0, 'conflitos_encontrados': 61, 'variaveis_x_estimadas': 5106, 'percentual_x_estimado': 0.053753, 'limite_variaveis_x': 11398, 'profundidade_expansao': 1, 'falhas_consecutivas_antes': 6}, {'ciclo': 1, 'passada': 1, 'iteracao': 15, 'vizinhanca': 'penalidade_bloqueadores', 'recurso': 'seeds_GLA393_1-GLA394_1-GLA396_1-GCH1128_1-GEX094_1', 'disciplinas_livres': 26, 'variaveis_x_livres': 7728, 'variaveis_x_fixadas': 87262, 'status_solver': 'OPTIMAL', 'objetivo_anterior': 186266.0, 'objetivo_candidato': 186266.0, 'melhorou': False, 'objetivo_incumbente': 186266.0, 'tempo_gasto_s': 0.71, 'tempo_solver_s': 0.4, 'tempo_limite_subproblema_s': 600.0, 'sementes': 'GLA393_1;GLA394_1;GLA396_1;GCH1128_1;GEX094_1', 'bloqueadores': 'GCH1088_1;GCH1105_1;GCH1113_1;GCH1115_1;GCH1122_1;GCH1131_1;GCH1283_1;GCH1412_1;GCH1433_1;GCH1448_1;GCH290_5;GCH293_5;GCH369_1;GCH370_1;GCH837_3;GCS525_1;GEX221_1;GEX777_1;GEX981_1;GEX997_1;GLA379_1', 'quantidade_sementes': 5, 'quantidade_bloqueadores': 21, 'score_sementes': 8438.0, 'conflitos_encontrados': 90, 'variaveis_x_estimadas': 7728, 'percentual_x_estimado': 0.081356, 'limite_variaveis_x': 11398, 'profundidade_expansao': 1, 'falhas_consecutivas_antes': 7}, {'ciclo': 1, 'passada': 1, 'iteracao': 16, 'vizinhanca': 'penalidade_bloqueadores', 'recurso': 'seeds_GEX638_1-GEX1104_1-GSA289_1-GEX392_1-GCA225_1', 'disciplinas_livres': 28, 'variaveis_x_livres': 9614, 'variaveis_x_fixadas': 85376, 'status_solver': 'OPTIMAL', 'objetivo_anterior': 186266.0, 'objetivo_candidato': 186266.0, 'melhorou': False, 'objetivo_incumbente': 186266.0, 'tempo_gasto_s': 0.68, 'tempo_solver_s': 0.38, 'tempo_limite_subproblema_s': 600.0, 'sementes': 'GEX638_1;GEX1104_1;GSA289_1;GEX392_1;GCA225_1', 'bloqueadores': 'GCA0683_1;GCA0683_2;GCA238_1;GCB057_1;GCH1412_1;GCS238_5;GEX1047_1;GLA0705_1;GLA0706_1;GLA379_1;GLA385_1;GSA022_1;GSA0308_1;GSA0374_1;GSA0377_1;GSA175_2;GSA181_1;GSA197_1;GSA285_1;GSA295_1;GSA297_1;GSA300_1;GSA301_1', 'quantidade_sementes': 5, 'quantidade_bloqueadores': 23, 'score_sementes': 6851.5, 'conflitos_encontrados': 69, 'variaveis_x_estimadas': 9614, 'percentual_x_estimado': 0.101211, 'limite_variaveis_x': 11398, 'profundidade_expansao': 1, 'falhas_consecutivas_antes': 8}, {'ciclo': 1, 'passada': 1, 'iteracao': 17, 'vizinhanca': 'penalidade_bloqueadores', 'recurso': 'seeds_GCA244_1-GCA060_1-GCA268_1-GCA038_1-GEN081_1', 'disciplinas_livres': 26, 'variaveis_x_livres': 5934, 'variaveis_x_fixadas': 89056, 'status_solver': 'OPTIMAL', 'objetivo_anterior': 186266.0, 'objetivo_candidato': 186266.0, 'melhorou': False, 'objetivo_incumbente': 186266.0, 'tempo_gasto_s': 0.67, 'tempo_solver_s': 0.37, 'tempo_limite_subproblema_s': 600.0, 'sementes': 'GCA244_1;GCA060_1;GCA268_1;GCA038_1;GEN081_1', 'bloqueadores': 'GCA039_1;GCA041_1;GCA0683_1;GCA0683_2;GCA0684_1;GCA238_1;GCA259_1;GCB057_1;GCB140_1;GCH292_6;GCH641_1;GEN090_1;GSA0308_1;GSA0374_1;GSA0377_1;GSA0378_1;GSA182_1;GSA196_1;GSA291_1;GSA295_1;GSA301_1', 'quantidade_sementes': 5, 'quantidade_bloqueadores': 21, 'score_sementes': 6017.5, 'conflitos_encontrados': 97, 'variaveis_x_estimadas': 5934, 'percentual_x_estimado': 0.06247, 'limite_variaveis_x': 11398, 'profundidade_expansao': 1, 'falhas_consecutivas_antes': 9}, {'ciclo': 1, 'passada': 2, 'iteracao': 1, 'vizinhanca': 'penalidade_bloqueadores', 'recurso': 'seeds_GLA553_1-GLA379_1-GSA018_1-GCH837_2-GLA385_1', 'disciplinas_livres': 27, 'variaveis_x_livres': 11316, 'variaveis_x_fixadas': 83674, 'status_solver': 'OPTIMAL', 'objetivo_anterior': 186266.0, 'objetivo_candidato': 186266.0, 'melhorou': False, 'objetivo_incumbente': 186266.0, 'tempo_gasto_s': 0.75, 'tempo_solver_s': 0.45, 'tempo_limite_subproblema_s': 600.0, 'sementes': 'GLA553_1;GLA379_1;GSA018_1;GCH837_2;GLA385_1', 'bloqueadores': 'GCH011_1;GCH029_2;GCH090_2;GCH291_3;GCH619_1;GCH645_1;GCH855_1;GEX094_1;GEX560_1;GLA108_1;GLA358_1;GLA361_1;GLA363_1;GLA490_1;GLA500_1;GSA022_1;GSA0306_1;GSA0307_1;GSA0309_1;GSA045_1;GSA046_1;GSA297_1', 'quantidade_sementes': 5, 'quantidade_bloqueadores': 22, 'score_sementes': 15497.0, 'conflitos_encontrados': 142, 'variaveis_x_estimadas': 11316, 'percentual_x_estimado': 0.119128, 'limite_variaveis_x': 11398, 'profundidade_expansao': 1, 'falhas_consecutivas_antes': 0}, {'ciclo': 1, 'passada': 2, 'iteracao': 2, 'vizinhanca': 'penalidade_bloqueadores', 'recurso': 'seeds_GLA380_1-GLA395_1-GLA500_1-GLA506_1-GSA022_1', 'disciplinas_livres': 27, 'variaveis_x_livres': 11362, 'variaveis_x_fixadas': 83628, 'status_solver': 'OPTIMAL', 'objetivo_anterior': 186266.0, 'objetivo_candidato': 186266.0, 'melhorou': False, 'objetivo_incumbente': 186266.0, 'tempo_gasto_s': 0.7, 'tempo_solver_s': 0.4, 'tempo_limite_subproblema_s': 600.0, 'sementes': 'GLA380_1;GLA395_1;GLA500_1;GLA506_1;GSA022_1', 'bloqueadores': 'GCA039_1;GCA0683_2;GCA238_1;GCA244_1;GCB080_1;GCH090_2;GCH1412_1;GCH292_3;GCS010_1;GLA001_1;GLA361_1;GLA362_1;GLA370_1;GLA469_1;GLA490_1;GLA553_1;GSA019_1;GSA0307_1;GSA0308_1;GSA0309_1;GSA046_1;GSA297_1', 'quantidade_sementes': 5, 'quantidade_bloqueadores': 22, 'score_sementes': 11142.0, 'conflitos_encontrados': 183, 'variaveis_x_estimadas': 11362, 'percentual_x_estimado': 0.119613, 'limite_variaveis_x': 11398, 'profundidade_expansao': 1, 'falhas_consecutivas_antes': 1}, {'ciclo': 1, 'passada': 2, 'iteracao': 3, 'vizinhanca': 'penalidade_bloqueadores', 'recurso': 'seeds_GLA361_1-GLA362_1-GLA469_1-GLA490_1-GLA517_1', 'disciplinas_livres': 15, 'variaveis_x_livres': 4094, 'variaveis_x_fixadas': 90896, 'status_solver': 'OPTIMAL', 'objetivo_anterior': 186266.0, 'objetivo_candidato': 186266.0, 'melhorou': False, 'objetivo_incumbente': 186266.0, 'tempo_gasto_s': 0.61, 'tempo_solver_s': 0.31, 'tempo_limite_subproblema_s': 600.0, 'sementes': 'GLA361_1;GLA362_1;GLA469_1;GLA490_1;GLA517_1', 'bloqueadores': 'GCH630_1;GCH838_1;GEX094_1;GEX210_5;GLA370_1;GLA372_1;GLA500_1;GLA506_1;GLA550_1;GLA553_1', 'quantidade_sementes': 5, 'quantidade_bloqueadores': 10, 'score_sementes': 9665.0, 'conflitos_encontrados': 60, 'variaveis_x_estimadas': 4094, 'percentual_x_estimado': 0.043099, 'limite_variaveis_x': 11398, 'profundidade_expansao': 1, 'falhas_consecutivas_antes': 2}, {'ciclo': 1, 'passada': 2, 'iteracao': 4, 'vizinhanca': 'penalidade_bloqueadores', 'recurso': 'seeds_GLA550_1-GCH029_2-GCH291_3-GEX210_5-GLA363_1', 'disciplinas_livres': 15, 'variaveis_x_livres': 2898, 'variaveis_x_fixadas': 92092, 'status_solver': 'OPTIMAL', 'objetivo_anterior': 186266.0, 'objetivo_candidato': 186266.0, 'melhorou': False, 'objetivo_incumbente': 186266.0, 'tempo_gasto_s': 0.58, 'tempo_solver_s': 0.27, 'tempo_limite_subproblema_s': 600.0, 'sementes': 'GLA550_1;GCH029_2;GCH291_3;GEX210_5;GLA363_1', 'bloqueadores': 'GCH011_1;GCH619_1;GCH630_1;GCH645_1;GEX555_1;GLA108_1;GLA362_1;GLA372_1;GLA469_1;GLA517_1', 'quantidade_sementes': 5, 'quantidade_bloqueadores': 10, 'score_sementes': 8925.0, 'conflitos_encontrados': 48, 'variaveis_x_estimadas': 2898, 'percentual_x_estimado': 0.030508, 'limite_variaveis_x': 11398, 'profundidade_expansao': 1, 'falhas_consecutivas_antes': 3}, {'ciclo': 1, 'passada': 2, 'iteracao': 5, 'vizinhanca': 'penalidade_bloqueadores', 'recurso': 'seeds_GCH292_4-GEX002_1-GLA001_2-GLA001_3-GLA104_5', 'disciplinas_livres': 25, 'variaveis_x_livres': 4830, 'variaveis_x_fixadas': 90160, 'status_solver': 'OPTIMAL', 'objetivo_anterior': 186266.0, 'objetivo_candidato': 186266.0, 'melhorou': False, 'objetivo_incumbente': 186266.0, 'tempo_gasto_s': 0.62, 'tempo_solver_s': 0.31, 'tempo_limite_subproblema_s': 600.0, 'sementes': 'GCH292_4;GEX002_1;GLA001_2;GLA001_3;GLA104_5', 'bloqueadores': 'GCH290_2;GEN253_1;GEN254_1;GEX055_1;GEX090_1;GEX105_1;GEX108_1;GEX195_1;GEX210_2;GEX213_1;GEX605_1;GEX605_2;GEX609_1;GEX609_2;GEX612_1;GEX615_1;GEX616_1;GLA104_2;GLA356_1;GLA357_1', 'quantidade_sementes': 5, 'quantidade_bloqueadores': 20, 'score_sementes': 8830.0, 'conflitos_encontrados': 69, 'variaveis_x_estimadas': 4830, 'percentual_x_estimado': 0.050847, 'limite_variaveis_x': 11398, 'profundidade_expansao': 1, 'falhas_consecutivas_antes': 4}, {'ciclo': 1, 'passada': 2, 'iteracao': 6, 'vizinhanca': 'penalidade_bloqueadores', 'recurso': 'seeds_GLA355_1-GLA356_1-GLA357_1-GCH011_1-GCH838_1', 'disciplinas_livres': 23, 'variaveis_x_livres': 4646, 'variaveis_x_fixadas': 90344, 'status_solver': 'OPTIMAL', 'objetivo_anterior': 186266.0, 'objetivo_candidato': 186266.0, 'melhorou': False, 'objetivo_incumbente': 186266.0, 'tempo_gasto_s': 0.61, 'tempo_solver_s': 0.3, 'tempo_limite_subproblema_s': 600.0, 'sementes': 'GLA355_1;GLA356_1;GLA357_1;GCH011_1;GCH838_1', 'bloqueadores': 'GCH291_3;GCH621_1;GCH849_1;GCS580_1;GEN253_1;GEN254_1;GEX002_1;GEX055_1;GEX090_1;GEX108_1;GEX178_1;GEX555_1;GEX612_1;GEX613_1;GEX613_2;GLA001_2;GLA108_1;GLA385_1', 'quantidade_sementes': 5, 'quantidade_bloqueadores': 18, 'score_sementes': 8820.0, 'conflitos_encontrados': 72, 'variaveis_x_estimadas': 4646, 'percentual_x_estimado': 0.04891, 'limite_variaveis_x': 11398, 'profundidade_expansao': 1, 'falhas_consecutivas_antes': 5}, {'ciclo': 1, 'passada': 2, 'iteracao': 7, 'vizinhanca': 'penalidade_bloqueadores', 'recurso': 'seeds_GLA358_1-GLA370_1-GLA371_1-GLA372_1-GLA382_1', 'disciplinas_livres': 20, 'variaveis_x_livres': 5106, 'variaveis_x_fixadas': 89884, 'status_solver': 'OPTIMAL', 'objetivo_anterior': 186266.0, 'objetivo_candidato': 186266.0, 'melhorou': False, 'objetivo_incumbente': 186266.0, 'tempo_gasto_s': 0.62, 'tempo_solver_s': 0.3, 'tempo_limite_subproblema_s': 600.0, 'sementes': 'GLA358_1;GLA370_1;GLA371_1;GLA372_1;GLA382_1', 'bloqueadores': 'GCH011_1;GCH291_2;GCH846_1;GEX208_3;GEX210_5;GEX212_2;GEX555_1;GLA104_3;GLA385_1;GLA469_1;GLA500_1;GLA506_1;GLA517_1;GLA550_1;GLA553_1', 'quantidade_sementes': 5, 'quantidade_bloqueadores': 15, 'score_sementes': 8805.0, 'conflitos_encontrados': 61, 'variaveis_x_estimadas': 5106, 'percentual_x_estimado': 0.053753, 'limite_variaveis_x': 11398, 'profundidade_expansao': 1, 'falhas_consecutivas_antes': 6}, {'ciclo': 1, 'passada': 2, 'iteracao': 8, 'vizinhanca': 'penalidade_bloqueadores', 'recurso': 'seeds_GLA393_1-GLA394_1-GLA396_1-GCH1128_1-GEX094_1', 'disciplinas_livres': 26, 'variaveis_x_livres': 7728, 'variaveis_x_fixadas': 87262, 'status_solver': 'OPTIMAL', 'objetivo_anterior': 186266.0, 'objetivo_candidato': 186266.0, 'melhorou': False, 'objetivo_incumbente': 186266.0, 'tempo_gasto_s': 0.7, 'tempo_solver_s': 0.39, 'tempo_limite_subproblema_s': 600.0, 'sementes': 'GLA393_1;GLA394_1;GLA396_1;GCH1128_1;GEX094_1', 'bloqueadores': 'GCH1088_1;GCH1105_1;GCH1113_1;GCH1115_1;GCH1122_1;GCH1131_1;GCH1283_1;GCH1412_1;GCH1433_1;GCH1448_1;GCH290_5;GCH293_5;GCH369_1;GCH370_1;GCH837_3;GCS525_1;GEX221_1;GEX777_1;GEX981_1;GEX997_1;GLA379_1', 'quantidade_sementes': 5, 'quantidade_bloqueadores': 21, 'score_sementes': 8438.0, 'conflitos_encontrados': 90, 'variaveis_x_estimadas': 7728, 'percentual_x_estimado': 0.081356, 'limite_variaveis_x': 11398, 'profundidade_expansao': 1, 'falhas_consecutivas_antes': 7}, {'ciclo': 1, 'passada': 2, 'iteracao': 9, 'vizinhanca': 'penalidade_bloqueadores', 'recurso': 'seeds_GEX638_1-GEX1104_1-GSA289_1-GEX392_1-GCA225_1', 'disciplinas_livres': 28, 'variaveis_x_livres': 9614, 'variaveis_x_fixadas': 85376, 'status_solver': 'OPTIMAL', 'objetivo_anterior': 186266.0, 'objetivo_candidato': 186266.0, 'melhorou': False, 'objetivo_incumbente': 186266.0, 'tempo_gasto_s': 0.7, 'tempo_solver_s': 0.39, 'tempo_limite_subproblema_s': 600.0, 'sementes': 'GEX638_1;GEX1104_1;GSA289_1;GEX392_1;GCA225_1', 'bloqueadores': 'GCA0683_1;GCA0683_2;GCA238_1;GCB057_1;GCH1412_1;GCS238_5;GEX1047_1;GLA0705_1;GLA0706_1;GLA379_1;GLA385_1;GSA022_1;GSA0308_1;GSA0374_1;GSA0377_1;GSA175_2;GSA181_1;GSA197_1;GSA285_1;GSA295_1;GSA297_1;GSA300_1;GSA301_1', 'quantidade_sementes': 5, 'quantidade_bloqueadores': 23, 'score_sementes': 6851.5, 'conflitos_encontrados': 69, 'variaveis_x_estimadas': 9614, 'percentual_x_estimado': 0.101211, 'limite_variaveis_x': 11398, 'profundidade_expansao': 1, 'falhas_consecutivas_antes': 8}, {'ciclo': 1, 'passada': 2, 'iteracao': 10, 'vizinhanca': 'penalidade_bloqueadores', 'recurso': 'seeds_GCA244_1-GCA060_1-GCA268_1-GCA038_1-GEN081_1', 'disciplinas_livres': 26, 'variaveis_x_livres': 5934, 'variaveis_x_fixadas': 89056, 'status_solver': 'OPTIMAL', 'objetivo_anterior': 186266.0, 'objetivo_candidato': 186266.0, 'melhorou': False, 'objetivo_incumbente': 186266.0, 'tempo_gasto_s': 0.67, 'tempo_solver_s': 0.36, 'tempo_limite_subproblema_s': 600.0, 'sementes': 'GCA244_1;GCA060_1;GCA268_1;GCA038_1;GEN081_1', 'bloqueadores': 'GCA039_1;GCA041_1;GCA0683_1;GCA0683_2;GCA0684_1;GCA238_1;GCA259_1;GCB057_1;GCB140_1;GCH292_6;GCH641_1;GEN090_1;GSA0308_1;GSA0374_1;GSA0377_1;GSA0378_1;GSA182_1;GSA196_1;GSA291_1;GSA295_1;GSA301_1', 'quantidade_sementes': 5, 'quantidade_bloqueadores': 21, 'score_sementes': 6017.5, 'conflitos_encontrados': 97, 'variaveis_x_estimadas': 5934, 'percentual_x_estimado': 0.06247, 'limite_variaveis_x': 11398, 'profundidade_expansao': 1, 'falhas_consecutivas_antes': 9}]}
