Agrupamento!
Curso:  ADMINISTRAÇÃO
Disciplina 1: GCS528_1 | ('2M2345 (04/03/2024 - 29/04/2024)',)
Disciplina 2: GCH087_1 | ('2M2345 (06/05/2024 - 01/07/2024)',)
Agrupamento!
Curso:  ENFERMAGEM
Disciplina 1: GCH090_1 | ('3T1234 (06/05/2024 - 06/07/2024)',)
Disciplina 2: GSA020_1 | ('3T1234 (04/03/2024 - 04/05/2024)',)
Agrupamento!
Curso:  ENGENHARIA AMBIENTAL E SANITÁRIA
Disciplina 1: GEN108_1 | ('2T345 (04/03/2024 - 11/05/2024),  2T345 6T45 (13/05/2024 - 06/07/2024),  2T34 (08/07/2024 - 13/07/2024)',)
Disciplina 2: GEN107_1 | ('5T123 6T45 (04/03/2024 - 11/05/2024),  5T123 (13/05/2024 - 13/07/2024)',)
Agrupamento!
Curso:  LETRAS - PORTUGUÊS E ESPANHOL
Disciplina 1: GLA369_1 | ('2N1234 (15/04/2024 - 15/06/2024),  2T12  2N1234 (17/06/2024 - 22/06/2024)',)
Disciplina 2: GCH837_2 | ('2T12345  2N1234 (04/03/2024 - 13/04/2024),  2T12345 (15/04/2024 - 04/05/2024),  2T12345 (27/05/2024 - 08/06/2024),  2T12345 (10/06/2024 - 15/06/2024),  2N1234 (24/06/2024 - 13/07/2024)',)
Agrupamento!
Curso:  LETRAS - PORTUGUÊS E ESPANHOL
Disciplina 1: GLA381_1 | ('4N1234 (08/04/2024 - 11/05/2024),  4T1234  4N1234 (13/05/2024 - 25/05/2024),  4N1234 (27/05/2024 - 13/07/2024)',)
Disciplina 2: GLA379_1 | ('4N1234 (04/03/2024 - 06/04/2024),   2N1234 (08/04/2024 - 13/04/2024),  2N1234 (29/04/2024 - 11/05/2024), 2N1234 (24/06/2024 - 24/06/2024)',)
Agrupamento!
Curso:  LETRAS - PORTUGUÊS E ESPANHOL
Disciplina 1: GLA380_1 | ('6N1234 (20/05/2024 - 01/06/2024),  6T1234  6N1234 (03/06/2024 - 08/06/2024),  6N1234 (10/06/2024 - 13/07/2024)',)
Disciplina 2: GLA384_1 | ('6T12  6N1234 (04/03/2024 - 09/03/2024),  6N1234 (11/03/2024 - 18/05/2024)',)
Agrupamento!
Curso:  LETRAS - PORTUGUÊS E ESPANHOL
Disciplina 1: GLA383_1 | ('2N1234 (04/03/2024 - 06/04/2024),  2N1234 (15/04/2024 - 27/04/2024),  2N1234 (13/05/2024 - 22/06/2024),  2N1234 (01/07/2024 - 13/07/2024)',)
Disciplina 2: GLA379_1 | ('4N1234 (04/03/2024 - 06/04/2024),   2N1234 (08/04/2024 - 13/04/2024),  2N1234 (29/04/2024 - 11/05/2024), 2N1234 (24/06/2024 - 24/06/2024)',)
Agrupamento!
Curso:  LETRAS - PORTUGUÊS E ESPANHOL
Disciplina 1: GLA386_1 | ('3N1234 (29/04/2024 - 06/07/2024),  3N12 (08/07/2024 - 13/07/2024)',)
Disciplina 2: GLA385_1 | ('3T12345  3N1234 (04/03/2024 - 16/03/2024),  3N1234 (18/03/2024 - 27/04/2024)',)
Agrupamento!
Curso:  LETRAS - PORTUGUÊS E ESPANHOL
Disciplina 1: GLA395_1 | ('2T1234  2N1234 (04/03/2024 - 23/03/2024),  2T1234 (25/03/2024 - 30/03/2024),  2N1234 (01/07/2024 - 13/07/2024)',)
Disciplina 2: GLA397_1 | ('2N1234 (25/03/2024 - 01/06/2024),  2N12 (03/06/2024 - 08/06/2024)',)
Agrupamento!
Curso:  MATEMÁTICA
Disciplina 1: GEX983_1 | ('6N1234 (04/03/2024 - 26/04/2024),  6N12 (03/05/2024 - 03/05/2024)',)
Disciplina 2: GEX980_1 | ('6N1234 (17/05/2024 - 24/05/2024),  6N1234 (07/06/2024 - 05/07/2024),  6N12 (12/07/2024 - 12/07/2024)',)
Agrupamento!
Curso:  MATEMÁTICA
Disciplina 1: GEX989_1 | ('4N1234 (13/03/2024 - 13/03/2024),  4N1234 (10/04/2024 - 10/04/2024),  4N1234 (08/05/2024 - 08/05/2024),  4N1234 (22/05/2024 - 22/05/2024),  4N1234 (12/06/2024 - 12/06/2024),  2N1234 (17/06/2024 - 17/06/2024),  24N1234 (24/06/2024 - 26/06/2024),  2N1234 (01/07/2024 - 01/07/2024)',)
Disciplina 2: GEX988_1 | ('2N1234 (04/03/2024 - 10/06/2024)',)
Agrupamento!
Curso:  MATEMÁTICA
Disciplina 1: GEX996_1 | ('2N1234 (04/03/2024 - 04/03/2024),  2N1234 (18/03/2024 - 18/03/2024),  2N1234 (01/04/2024 - 01/04/2024),  2N1234 (15/04/2024 - 15/04/2024),  2N1234 (29/04/2024 - 29/04/2024),  2N1234 (13/05/2024 - 13/05/2024),  2N1234 (27/05/2024 - 27/05/2024),  2N1234 (10/06/2024 - 10/06/2024),  2N1234 (24/06/2024 - 24/06/2024)',)
Disciplina 2: GEX995_1 | ('2N1234 (11/03/2024 - 11/03/2024),  2T2345  2N1234 (25/03/2024 - 25/03/2024),  2T2345 (01/04/2024 - 01/04/2024),  2T2345  2N1234 (08/04/2024 - 08/04/2024),  2T2345 (15/04/2024 - 15/04/2024),  2T2345  2N1234 (22/04/2024 - 22/04/2024),  2T2345 (29/04/2024 - 29/04/2024),  2T2345  2N1234 (06/05/2024 - 06/05/2024),  2T2345 (13/05/2024 - 13/05/2024),  2T2345  2N1234 (20/05/2024 - 20/05/2024),  2T2345 (27/05/2024 - 27/05/2024),  2T2345  2N1234 (03/06/2024 - 03/06/2024),  2T2345 (10/06/2024 - 10/06/2024),  2T2345  2N1234 (17/06/2024 - 17/06/2024),  2T2345 (24/06/2024 - 24/06/2024),  2N12 (01/07/2024 - 01/07/2024)',)
Agrupamento!
Curso:  MEDICINA
Disciplina 1: GSA286_1 | ('4T1234 (06/03/2024 - 06/03/2024),  4T1234 (20/03/2024 - 20/03/2024),  4T1234 (03/04/2024 - 03/04/2024),  4T1234 (17/04/2024 - 17/04/2024),  4T1234 (08/05/2024 - 08/05/2024),  4T1234 (22/05/2024 - 22/05/2024),  4T1234 (29/05/2024 - 29/05/2024),  4T1234 (12/06/2024 - 12/06/2024),  4T1234 (26/06/2024 - 26/06/2024)',)
Disciplina 2: GSA285_1 | ('4T12345 (05/06/2024 - 05/06/2024),  4T12345 (19/06/2024 - 19/06/2024),  4T12345 (03/07/2024 - 03/07/2024),  4T123 (10/07/2024 - 10/07/2024)',)
Agrupamento!
Curso:  PEDAGOGIA
Disciplina 1: GCH1036_1 | ('5M1234 (28/03/2024 - 28/03/2024), 5M1234 (02/05/2024 - 02/05/2024), 5M1234 (06/06/2024 - 06/06/2024), 5M1234 (20/06/2024 - 20/06/2024), 5M12 (27/06/2024 - 27/06/2024)',)
Disciplina 2: GCH1100_1 | ('5M1234 (04/03/2024 - 21/03/2024), 5M1234 (04/04/2024 - 25/04/2024), 5M1234 (09/05/2024 - 09/05/2024), 5M1234 (16/05/2024 - 16/05/2024)',)
Agrupamento!
Curso:  PEDAGOGIA
Disciplina 1: GCH1039_1 | ('4N1234 (27/03/2024 - 27/03/2024),  4N1234 (08/05/2024 - 08/05/2024),  4N1234 (27/05/2024 - 08/06/2024),  4N12 (12/06/2024 - 12/06/2024)',)
Disciplina 2: GCH1038_1 | ('4N1234 (04/03/2024 - 23/03/2024),  4N1234 (01/04/2024 - 27/04/2024),  4N1234 (13/05/2024 - 25/05/2024)',)
Agrupamento!
Curso:  PEDAGOGIA
Disciplina 1: GCH1099_1 | ('6M1234 (04/03/2024 - 23/03/2024), 6M1234 (08/04/2024 - 04/05/2024), 6M1234 (13/05/2024 - 01/06/2024), 6M1234 (14/06/2024 - 14/06/2024), 6M34 (28/06/2024 - 28/06/2024), 6M1234 (01/07/2024 - 13/07/2024)',)
Disciplina 2: GCH1088_1 | ('6M1234 (01/04/2024 - 06/04/2024), 6M1234 (06/05/2024 - 11/05/2024), 6M1234 (03/06/2024 - 08/06/2024), 6M1234 (17/06/2024 - 22/06/2024), 6M12 (24/06/2024 - 29/06/2024)',)
Agrupamento!
Curso:  PEDAGOGIA
Disciplina 1: GCH1105_1 | ('3N1234 (04/03/2024 - 30/03/2024), 7M123456  3N1234 (01/07/2024 - 13/07/2024)',)
Disciplina 2: GCH1104_1 | ('3N1234 (01/04/2024 - 27/04/2024),  3N1234 (06/05/2024 - 18/05/2024)',)
Agrupamento!
Curso:  PEDAGOGIA
Disciplina 1: GCH1106_1 | ('2N1234 (25/03/2024 - 25/03/2024),  2N1234 (29/04/2024 - 29/04/2024),  2N1234 (27/05/2024 - 27/05/2024),  2N1234 (10/06/2024 - 10/06/2024),  2N12 (17/06/2024 - 17/06/2024)',)
Disciplina 2: GCH1102_1 | ('2N1234 (04/03/2024 - 23/03/2024),  2N1234 (01/04/2024 - 27/04/2024),  2N1234 (06/05/2024 - 25/05/2024),  2N1234 (03/06/2024 - 03/06/2024),  2N34 (17/06/2024 - 17/06/2024),  2N1234 (24/06/2024 - 06/07/2024)',)
Agrupamento!
Curso:  PEDAGOGIA
Disciplina 1: GCH1109_1 | ('3M1234 (06/05/2024 - 06/07/2024)',)
Disciplina 2: GCH1108_1 | ('3M1234 (04/03/2024 - 04/05/2024)',)
Agrupamento!
Curso:  PEDAGOGIA
Disciplina 1: GCH1111_1 | ('5M1234 (28/03/2024 - 28/03/2024), 5M1234 (02/05/2024 - 02/05/2024), 5M1234 (06/06/2024 - 06/06/2024), 5M1234 (20/06/2024 - 20/06/2024), 5M12 (27/06/2024 - 27/06/2024)',)
Disciplina 2: GCH837_3 | ('57M12345 (04/03/2024 - 23/03/2024), 57M12345 (01/04/2024 - 27/04/2024), 5M12345 (06/05/2024 - 25/05/2024), 57M12345 (13/06/2024 - 15/06/2024), 5M345 (27/06/2024 - 27/06/2024), 5M12345 (01/07/2024 - 13/07/2024)',)
Agrupamento!
Curso:  PEDAGOGIA
Disciplina 1: GCH1114_1 | ('7M2345  5N1234 (06/05/2024 - 25/05/2024), 7M2345  5N1234 (27/05/2024 - 08/06/2024),  5N1234 (10/06/2024 - 13/07/2024)',)
Disciplina 2: GCH1115_1 | ('7M2345  5N1234 (04/03/2024 - 23/03/2024),  5N1234 (25/03/2024 - 20/04/2024), 7M2345  5N1234 (22/04/2024 - 04/05/2024)',)
Agrupamento!
Curso:  PEDAGOGIA
Disciplina 1: GCH1116_1 | ('4N1234 (27/03/2024 - 27/03/2024),  4N1234 (08/05/2024 - 08/05/2024),  4N1234 (05/06/2024 - 05/06/2024),  4N1234 (19/06/2024 - 19/06/2024),  4N12 (26/06/2024 - 26/06/2024)',)
Disciplina 2: GCH1113_1 | ('4N1234 (04/03/2024 - 23/03/2024),  4N1234 (01/04/2024 - 27/04/2024),  4N1234 (13/05/2024 - 01/06/2024),  4N1234 (12/06/2024 - 12/06/2024),  4N34 (26/06/2024 - 26/06/2024), 7M123456  7T123  4N1234 (01/07/2024 - 13/07/2024)',)
Agrupamento!
Curso:  PEDAGOGIA
Disciplina 1: GLA240_1 | ('5M1234 (04/03/2024 - 04/05/2024)',)
Disciplina 2: GCH1119_1 | ('5M1234 (06/05/2024 - 13/07/2024)',)
Agrupamento!
Curso:  PEDAGOGIA
Disciplina 1: GEX776_1 | ('6M1234 (13/05/2024 - 13/07/2024)',)
Disciplina 2: GCH1118_1 | ('6M1234 (04/03/2024 - 11/05/2024)',)
Agrupamento!
Curso:  PEDAGOGIA
Disciplina 1: GCH1121_1 | ('7M2345 (09/03/2024 - 09/03/2024),  4N1234 (13/03/2024 - 13/03/2024), 7M2345 (16/03/2024 - 16/03/2024), 7M2345 (23/03/2024 - 23/03/2024),  4N1234 (10/04/2024 - 10/04/2024),  4N1234 (08/05/2024 - 08/05/2024),  4N1234 (22/05/2024 - 22/05/2024),  4N1234 (12/06/2024 - 12/06/2024),  4N1234 (26/06/2024 - 26/06/2024)',)
Disciplina 2: GEX777_1 | ('4N1234 (06/03/2024 - 06/03/2024),  4N1234 (18/03/2024 - 06/04/2024),  4N1234 (15/04/2024 - 27/04/2024), 7M2345  4N1234 (15/05/2024 - 18/05/2024), 7M2345  4N1234 (27/05/2024 - 08/06/2024), 7M2345  4N1234 (19/06/2024 - 22/06/2024), 7M2345  4N1234 (01/07/2024 - 13/07/2024)',)
Agrupamento!
Curso:  PEDAGOGIA
Disciplina 1: GCH1126_1 | ('2N1234 (25/03/2024 - 25/03/2024),  2N1234 (29/04/2024 - 29/04/2024),  2N1234 (27/05/2024 - 27/05/2024),  2N1234 (10/06/2024 - 10/06/2024),  2N12 (17/06/2024 - 17/06/2024)',)
Disciplina 2: GCH1122_1 | ('2N1234 (04/03/2024 - 23/03/2024),  2N1234 (01/04/2024 - 27/04/2024),  2N1234 (06/05/2024 - 06/05/2024),  2N1234 (13/05/2024 - 13/05/2024),  7T2345 (18/05/2024 - 18/05/2024),  2N1234 (20/05/2024 - 20/05/2024),  7T2345 (25/05/2024 - 25/05/2024),  7T2345 (01/06/2024 - 01/06/2024),  2N1234 (03/06/2024 - 03/06/2024),  7T2345 (08/06/2024 - 08/06/2024),  2N1234 (24/06/2024 - 13/07/2024)',)
Agrupamento!
Curso:  PEDAGOGIA
Disciplina 1: GCH1134_1 | ('3N1234 (26/03/2024 - 26/03/2024),  3N1234 (30/04/2024 - 30/04/2024),  3N1234 (21/05/2024 - 01/06/2024),  3N12 (04/06/2024 - 04/06/2024)',)
Disciplina 2: GCH1132_1 | ('3N1234 (04/03/2024 - 23/03/2024),  3N1234 (01/04/2024 - 27/04/2024),  3N1234 (06/05/2024 - 18/05/2024)',)
Agrupamentos:  27
Set parameter Username
Set parameter LicenseID to value 2851439
Academic license - for non-commercial use only - expires 2027-08-04
Set parameter TimeLimit to value 25200
Set parameter TimeLimit to value 180
Set parameter MIPFocus to value 1
Set parameter NoRelHeurTime to value 180
Gurobi Optimizer version 10.0.2 build v10.0.2rc0 (mac64[arm])

CPU model: Apple M5
Thread count: 10 physical cores, 10 logical processors, using up to 10 threads

Optimize a model with 548706 rows, 284763 columns and 1341935 nonzeros
Model fingerprint: 0x554225e6
Variable types: 0 continuous, 284763 integer (264707 binary)
Coefficient statistics:
  Matrix range     [1e+00, 8e+01]
  Objective range  [5e-01, 2e+03]
  Bounds range     [1e+00, 1e+00]
  RHS range        [1e+00, 1e+02]
Found heuristic solution: objective 4130000.0000
Presolve removed 258478 rows and 68178 columns
Presolve time: 1.62s
Presolved: 290228 rows, 216585 columns, 898474 nonzeros
Variable types: 0 continuous, 216585 integer (216585 binary)
Found heuristic solution: objective 3264725.0000
Starting NoRel heuristic
Found heuristic solution: objective 3264325.0000
Found heuristic solution: objective 1205379.0000
Found heuristic solution: objective 1168629.0000
Found heuristic solution: objective 1167689.0000
Found heuristic solution: objective 1014507.5000
Found heuristic solution: objective 1001215.0000
Found heuristic solution: objective 980986.50000
Found heuristic solution: objective 961056.50000
Found heuristic solution: objective 958228.00000
Found heuristic solution: objective 916147.00000
Elapsed time for NoRel heuristic: 5s (best bound -3.1692e+06)
Found heuristic solution: objective 878620.00000
Found heuristic solution: objective 870740.00000
Found heuristic solution: objective 844845.00000
Found heuristic solution: objective 810575.50000
Found heuristic solution: objective 801066.00000
Found heuristic solution: objective 500264.00000
Found heuristic solution: objective 499864.00000
Found heuristic solution: objective 489746.00000
Found heuristic solution: objective 470090.50000
Found heuristic solution: objective 466390.50000
Found heuristic solution: objective 455585.50000
Found heuristic solution: objective 449164.50000
Found heuristic solution: objective 440196.00000
Found heuristic solution: objective 435634.50000
Found heuristic solution: objective 418926.00000
Found heuristic solution: objective 414821.00000
Found heuristic solution: objective 411606.00000
Found heuristic solution: objective 410262.50000
Elapsed time for NoRel heuristic: 10s (best bound -2.80555e+06)
Found heuristic solution: objective 406462.50000
Found heuristic solution: objective 400876.00000
Found heuristic solution: objective 367801.50000
Found heuristic solution: objective 366830.00000
Found heuristic solution: objective 363434.50000
Found heuristic solution: objective 361914.00000
Found heuristic solution: objective 361384.50000
Found heuristic solution: objective 361084.50000
Found heuristic solution: objective 356589.00000
Found heuristic solution: objective 350552.00000
Found heuristic solution: objective 324668.00000
Found heuristic solution: objective 292767.50000
Found heuristic solution: objective 290377.00000
Found heuristic solution: objective 289797.00000
Found heuristic solution: objective 288797.00000
Elapsed time for NoRel heuristic: 16s (best bound -2.73885e+06)
Found heuristic solution: objective 287547.00000
Found heuristic solution: objective 285877.00000
Found heuristic solution: objective 285492.00000
Found heuristic solution: objective 283407.50000
Found heuristic solution: objective 279425.00000
Found heuristic solution: objective 277334.50000
Found heuristic solution: objective 275884.50000
Found heuristic solution: objective 275584.50000
Found heuristic solution: objective 274804.50000
Found heuristic solution: objective 274304.50000
Elapsed time for NoRel heuristic: 22s (best bound -2.35215e+06)
Found heuristic solution: objective 273764.50000
Found heuristic solution: objective 271257.50000
Found heuristic solution: objective 270139.00000
Found heuristic solution: objective 269539.00000
Found heuristic solution: objective 255639.00000
Found heuristic solution: objective 254829.00000
Found heuristic solution: objective 251338.00000
Found heuristic solution: objective 250938.00000
Found heuristic solution: objective 249513.00000
Found heuristic solution: objective 248763.00000
Elapsed time for NoRel heuristic: 28s (best bound -2.0731e+06)
Found heuristic solution: objective 247303.00000
Found heuristic solution: objective 246158.00000
Found heuristic solution: objective 241998.50000
Found heuristic solution: objective 239900.50000
Found heuristic solution: objective 237641.00000
Found heuristic solution: objective 233357.00000
Found heuristic solution: objective 232451.50000
Elapsed time for NoRel heuristic: 34s (best bound -1.7143e+06)
Found heuristic solution: objective 231921.50000
Found heuristic solution: objective 231421.50000
Found heuristic solution: objective 231296.50000
Found heuristic solution: objective 229526.50000
Found heuristic solution: objective 227472.50000
Found heuristic solution: objective 221368.00000
Found heuristic solution: objective 218695.00000
Found heuristic solution: objective 218195.00000
Elapsed time for NoRel heuristic: 39s (best bound -1.5166e+06)
Found heuristic solution: objective 218175.00000
Found heuristic solution: objective 217930.00000
Found heuristic solution: objective 217273.00000
Found heuristic solution: objective 216016.00000
Found heuristic solution: objective 212777.50000
Elapsed time for NoRel heuristic: 46s (best bound -1.1016e+06)
Found heuristic solution: objective 209085.50000
Found heuristic solution: objective 207924.00000
Found heuristic solution: objective 206557.50000
Found heuristic solution: objective 204211.00000
Found heuristic solution: objective 201797.50000
Found heuristic solution: objective 201772.50000
Elapsed time for NoRel heuristic: 52s (best bound -649500)
Found heuristic solution: objective 201486.50000
Found heuristic solution: objective 201417.00000
Found heuristic solution: objective 200153.50000
Found heuristic solution: objective 199528.00000
Found heuristic solution: objective 199493.00000
Found heuristic solution: objective 199052.00000
Found heuristic solution: objective 198921.00000
Elapsed time for NoRel heuristic: 58s (best bound -401250)
Found heuristic solution: objective 197249.50000
Found heuristic solution: objective 196489.00000
Found heuristic solution: objective 196219.00000
Found heuristic solution: objective 196199.00000
Found heuristic solution: objective 195437.00000
Found heuristic solution: objective 194981.50000
Found heuristic solution: objective 194941.50000
Found heuristic solution: objective 194682.00000
Found heuristic solution: objective 194302.00000
Elapsed time for NoRel heuristic: 64s (best bound -151950)
Found heuristic solution: objective 194287.00000
Found heuristic solution: objective 193982.00000
Found heuristic solution: objective 193873.00000
Found heuristic solution: objective 193778.00000
Elapsed time for NoRel heuristic: 70s (best bound -100500)
Found heuristic solution: objective 193673.00000
Found heuristic solution: objective 193623.00000
Found heuristic solution: objective 193338.00000
Found heuristic solution: objective 192857.50000
Found heuristic solution: objective 192847.50000
Found heuristic solution: objective 192665.00000
Found heuristic solution: objective 192469.00000
Elapsed time for NoRel heuristic: 76s (best bound 6018.5)
Found heuristic solution: objective 192309.00000
Found heuristic solution: objective 192274.00000
Found heuristic solution: objective 192158.00000
Found heuristic solution: objective 191498.50000
Found heuristic solution: objective 191313.50000
Elapsed time for NoRel heuristic: 82s (best bound 55680.7)
Found heuristic solution: objective 191233.50000
Found heuristic solution: objective 190440.50000
Found heuristic solution: objective 190317.50000
Elapsed time for NoRel heuristic: 89s (best bound 60364.5)
Found heuristic solution: objective 190302.50000
Found heuristic solution: objective 190212.50000
Found heuristic solution: objective 190117.50000
Found heuristic solution: objective 189962.00000
Found heuristic solution: objective 189754.50000
Elapsed time for NoRel heuristic: 95s (best bound 65280.5)
Found heuristic solution: objective 189739.50000
Found heuristic solution: objective 189729.50000
Found heuristic solution: objective 189517.50000
Elapsed time for NoRel heuristic: 103s (best bound 72037)
Found heuristic solution: objective 189292.50000
Elapsed time for NoRel heuristic: 108s (best bound 74682.5)
Found heuristic solution: objective 189232.00000
Found heuristic solution: objective 189227.00000
Found heuristic solution: objective 189218.50000
Found heuristic solution: objective 189012.00000
Found heuristic solution: objective 188954.50000
Elapsed time for NoRel heuristic: 114s (best bound 79242.5)
Found heuristic solution: objective 188706.50000
Found heuristic solution: objective 188661.50000
Elapsed time for NoRel heuristic: 119s (best bound 82085)
Found heuristic solution: objective 188576.50000
Found heuristic solution: objective 188423.50000
Elapsed time for NoRel heuristic: 126s (best bound 85715)
Found heuristic solution: objective 187842.50000
Elapsed time for NoRel heuristic: 132s (best bound 89597.5)
Found heuristic solution: objective 187460.00000
Elapsed time for NoRel heuristic: 140s (best bound 94363)
Found heuristic solution: objective 187205.00000
Elapsed time for NoRel heuristic: 146s (best bound 97632.5)
Found heuristic solution: objective 187190.00000
Found heuristic solution: objective 187178.50000
Elapsed time for NoRel heuristic: 154s (best bound 99456.2)
Found heuristic solution: objective 187147.50000
Found heuristic solution: objective 187132.50000
Elapsed time for NoRel heuristic: 163s (best bound 102589)
Found heuristic solution: objective 187097.50000
Found heuristic solution: objective 187082.50000
Elapsed time for NoRel heuristic: 173s (best bound 105074)
Found heuristic solution: objective 187047.50000
Found heuristic solution: objective 186761.50000
Elapsed time for NoRel heuristic: 178s (best bound 108546)
NoRel heuristic complete

Explored 0 nodes (0 simplex iterations) in 180.09 seconds (152.01 work units)
Thread count was 10 (of 10 available processors)

Solution count 10: 186762 187048 187082 ... 187460

Time limit reached
Best objective 1.867615000000e+05, best bound 1.085456666667e+05, gap 41.8801%
Solução -> não <- ótima.
Set parameter TimeLimit to value 25200
Set parameter TimeLimit to value 600
Set parameter NoRelHeurTime to value 0
Gurobi Optimizer version 10.0.2 build v10.0.2rc0 (mac64[arm])

CPU model: Apple M5
Thread count: 10 physical cores, 10 logical processors, using up to 10 threads

Optimize a model with 548706 rows, 284763 columns and 1341935 nonzeros
Model fingerprint: 0xcf2e8d72
Variable types: 0 continuous, 284763 integer (264707 binary)
Coefficient statistics:
  Matrix range     [1e+00, 8e+01]
  Objective range  [5e-01, 2e+03]
  Bounds range     [1e+00, 1e+00]
  RHS range        [1e+00, 1e+02]

User MIP start produced solution with objective 186762 (0.12s)
Loaded user MIP start with objective 186762
MIP start from previous solve did not produce a new incumbent solution

Presolve removed 534755 rows and 273359 columns
Presolve time: 0.22s
Presolved: 13951 rows, 11404 columns, 40531 nonzeros
Variable types: 0 continuous, 11404 integer (11404 binary)

Root relaxation: objective 1.866210e+05, 4011 iterations, 0.08 seconds (0.15 work units)

    Nodes    |    Current Node    |     Objective Bounds      |     Work
 Expl Unexpl |  Obj  Depth IntInf | Incumbent    BestBd   Gap | It/Node Time

     0     0 186621.000    0  389 186761.500 186621.000  0.08%     -    0s
     0     0 186621.000    0  389 186761.500 186621.000  0.08%     -    0s
     0     0 186621.000    0  125 186761.500 186621.000  0.08%     -    0s
     0     0 186624.833    0   53 186761.500 186624.833  0.07%     -    0s
H    0     0                    186733.50000 186624.833  0.06%     -    0s
     0     0 186628.500    0  116 186733.500 186628.500  0.06%     -    0s
     0     0 186628.500    0  120 186733.500 186628.500  0.06%     -    0s
     0     0 186628.500    0   72 186733.500 186628.500  0.06%     -    0s
     0     0 186628.625    0  153 186733.500 186628.625  0.06%     -    0s
     0     0 186628.750    0  139 186733.500 186628.750  0.06%     -    0s
H    0     0                    186731.50000 186628.750  0.06%     -    0s
     0     0 186629.813    0  170 186731.500 186629.813  0.05%     -    0s
     0     0 186629.875    0  163 186731.500 186629.875  0.05%     -    0s
     0     0 186631.208    0  164 186731.500 186631.208  0.05%     -    0s
     0     0 186631.375    0   83 186731.500 186631.375  0.05%     -    0s
     0     0 186631.375    0  116 186731.500 186631.375  0.05%     -    0s
     0     0 186631.375    0   93 186731.500 186631.375  0.05%     -    0s
     0     0 186631.458    0  113 186731.500 186631.458  0.05%     -    0s
     0     0 186631.583    0  114 186731.500 186631.583  0.05%     -    0s
     0     0 186658.250    0  104 186731.500 186658.250  0.04%     -    0s
     0     0 186678.500    0  109 186731.500 186678.500  0.03%     -    0s
     0     0 186678.500    0  108 186731.500 186678.500  0.03%     -    0s
     0     0 186678.900    0  131 186731.500 186678.900  0.03%     -    0s
     0     0 186678.900    0  131 186731.500 186678.900  0.03%     -    0s
     0     0 186678.900    0  131 186731.500 186678.900  0.03%     -    0s
     0     0 186679.083    0  121 186731.500 186679.083  0.03%     -    0s
     0     0 186679.125    0  105 186731.500 186679.125  0.03%     -    0s
     0     0 186679.125    0   69 186731.500 186679.125  0.03%     -    0s
     0     0 186679.125    0   68 186731.500 186679.125  0.03%     -    0s
     0     0 186679.125    0   66 186731.500 186679.125  0.03%     -    0s
     0     0 186679.125    0   72 186731.500 186679.125  0.03%     -    0s
     0     0 186706.000    0   67 186731.500 186706.000  0.01%     -    0s
*    0     0               0    186728.50000 186728.500  0.00%     -    0s

Cutting planes:
  Gomory: 4
  Clique: 6
  Zero half: 2
  RLT: 11
  BQP: 4

Explored 1 nodes (8408 simplex iterations) in 0.70 seconds (1.58 work units)
Thread count was 10 (of 10 available processors)

Solution count 4: 186728 186732 186734 186762 

Optimal solution found (tolerance 1.00e-04)
Best objective 1.867285000000e+05, best bound 1.867285000000e+05, gap 0.0000%
Solução ótima encontrada.
Set parameter TimeLimit to value 25200
Set parameter TimeLimit to value 600
Gurobi Optimizer version 10.0.2 build v10.0.2rc0 (mac64[arm])

CPU model: Apple M5
Thread count: 10 physical cores, 10 logical processors, using up to 10 threads

Optimize a model with 548706 rows, 284763 columns and 1341935 nonzeros
Model fingerprint: 0x60feff35
Variable types: 0 continuous, 284763 integer (264707 binary)
Coefficient statistics:
  Matrix range     [1e+00, 8e+01]
  Objective range  [5e-01, 2e+03]
  Bounds range     [1e+00, 1e+00]
  RHS range        [1e+00, 1e+02]

User MIP start produced solution with objective 186728 (0.11s)
Loaded user MIP start with objective 186728
MIP start from previous solve did not produce a new incumbent solution

Presolve removed 529642 rows and 269703 columns
Presolve time: 0.25s
Presolved: 19064 rows, 15060 columns, 54695 nonzeros
Variable types: 0 continuous, 15060 integer (15060 binary)

Root relaxation: objective 1.862894e+05, 11916 iterations, 0.33 seconds (0.62 work units)

    Nodes    |    Current Node    |     Objective Bounds      |     Work
 Expl Unexpl |  Obj  Depth IntInf | Incumbent    BestBd   Gap | It/Node Time

     0     0 186289.370    0  810 186728.500 186289.370  0.24%     -    0s
     0     0 186289.370    0  810 186728.500 186289.370  0.24%     -    0s
     0     0 186289.370    0  724 186728.500 186289.370  0.24%     -    1s
     0     0 186539.497    0 1470 186728.500 186539.497  0.10%     -    2s
     0     0 186550.102    0 1414 186728.500 186550.102  0.10%     -    2s
     0     0 186550.551    0 1370 186728.500 186550.551  0.10%     -    2s
H    0     0                    186725.50000 186550.551  0.09%     -    2s
     0     0 186553.854    0 1408 186725.500 186553.854  0.09%     -    2s
     0     0 186553.952    0 1407 186725.500 186553.952  0.09%     -    2s
     0     0 186556.735    0 1392 186725.500 186556.735  0.09%     -    2s
     0     0 186556.756    0 1394 186725.500 186556.756  0.09%     -    2s
     0     0 186635.644    0  688 186725.500 186635.644  0.05%     -    2s
     0     0 186635.644    0  399 186725.500 186635.644  0.05%     -    2s
     0     0 186635.644    0  477 186725.500 186635.644  0.05%     -    2s
     0     0 186656.548    0  585 186725.500 186656.548  0.04%     -    3s
     0     0 186659.120    0  555 186725.500 186659.120  0.04%     -    3s
     0     0 186659.120    0  554 186725.500 186659.120  0.04%     -    3s
     0     0 186659.773    0  519 186725.500 186659.773  0.04%     -    3s
     0     0 186675.861    0  721 186725.500 186675.861  0.03%     -    3s
     0     0 186679.469    0  493 186725.500 186679.469  0.02%     -    3s
     0     0 186679.496    0  472 186725.500 186679.496  0.02%     -    3s
     0     0 186679.496    0  477 186725.500 186679.496  0.02%     -    3s
     0     0 186679.862    0  451 186725.500 186679.862  0.02%     -    3s
     0     0     cutoff    0      186725.500 186725.500  0.00%     -    3s

Cutting planes:
  Gomory: 4
  Lift-and-project: 17
  Implied bound: 14
  Clique: 9
  MIR: 6
  Zero half: 27
  RLT: 68
  BQP: 29

Explored 1 nodes (46577 simplex iterations) in 3.30 seconds (6.57 work units)
Thread count was 10 (of 10 available processors)

Solution count 2: 186726 186728 

Optimal solution found (tolerance 1.00e-04)
Best objective 1.867255000000e+05, best bound 1.867255000000e+05, gap 0.0000%
Solução ótima encontrada.
Set parameter TimeLimit to value 25200
Set parameter TimeLimit to value 600
Gurobi Optimizer version 10.0.2 build v10.0.2rc0 (mac64[arm])

CPU model: Apple M5
Thread count: 10 physical cores, 10 logical processors, using up to 10 threads

Optimize a model with 548706 rows, 284763 columns and 1341935 nonzeros
Model fingerprint: 0x55e8b489
Variable types: 0 continuous, 284763 integer (264707 binary)
Coefficient statistics:
  Matrix range     [1e+00, 8e+01]
  Objective range  [5e-01, 2e+03]
  Bounds range     [1e+00, 1e+00]
  RHS range        [1e+00, 1e+02]

User MIP start produced solution with objective 186726 (0.10s)
Loaded user MIP start with objective 186726
MIP start from previous solve did not produce a new incumbent solution

Presolve removed 531621 rows and 270853 columns
Presolve time: 0.23s
Presolved: 17085 rows, 13910 columns, 50340 nonzeros
Variable types: 0 continuous, 13910 integer (13910 binary)

Root relaxation: objective 1.859735e+05, 2750 iterations, 0.04 seconds (0.09 work units)

    Nodes    |    Current Node    |     Objective Bounds      |     Work
 Expl Unexpl |  Obj  Depth IntInf | Incumbent    BestBd   Gap | It/Node Time

     0     0 185973.500    0  572 186725.500 185973.500  0.40%     -    0s
     0     0 186491.792    0  702 186725.500 186491.792  0.13%     -    0s
     0     0 186505.389    0  770 186725.500 186505.389  0.12%     -    0s
     0     0 186685.500    0  178 186725.500 186685.500  0.02%     -    0s
     0     0 186688.417    0  380 186725.500 186688.417  0.02%     -    0s
     0     0 186693.333    0  346 186725.500 186693.333  0.02%     -    0s
     0     0 186695.833    0  346 186725.500 186695.833  0.02%     -    0s
     0     0 186705.500    0  220 186725.500 186705.500  0.01%     -    0s
     0     0 186705.500    0   92 186725.500 186705.500  0.01%     -    0s
     0     0 186705.500    0  119 186725.500 186705.500  0.01%     -    0s
     0     0 186708.000    0  120 186725.500 186708.000  0.01%     -    0s

Cutting planes:
  Gomory: 4
  Clique: 4
  MIR: 3
  Zero half: 11
  RLT: 3
  BQP: 9

Explored 1 nodes (10985 simplex iterations) in 0.76 seconds (1.80 work units)
Thread count was 10 (of 10 available processors)

Solution count 1: 186726 

Optimal solution found (tolerance 1.00e-04)
Best objective 1.867255000000e+05, best bound 1.867080000000e+05, gap 0.0094%
Solução ótima encontrada.
Set parameter TimeLimit to value 25200
Set parameter TimeLimit to value 600
Gurobi Optimizer version 10.0.2 build v10.0.2rc0 (mac64[arm])

CPU model: Apple M5
Thread count: 10 physical cores, 10 logical processors, using up to 10 threads

Optimize a model with 548706 rows, 284763 columns and 1341935 nonzeros
Model fingerprint: 0x985f3f70
Variable types: 0 continuous, 284763 integer (264707 binary)
Coefficient statistics:
  Matrix range     [1e+00, 8e+01]
  Objective range  [5e-01, 2e+03]
  Bounds range     [1e+00, 1e+00]
  RHS range        [1e+00, 1e+02]

User MIP start produced solution with objective 186726 (0.10s)
Loaded user MIP start with objective 186726
MIP start from previous solve did not produce a new incumbent solution

Presolve removed 542928 rows and 279787 columns
Presolve time: 0.17s
Presolved: 5778 rows, 4976 columns, 16317 nonzeros
Variable types: 0 continuous, 4976 integer (4976 binary)

Root relaxation: cutoff, 769 iterations, 0.01 seconds (0.01 work units)

    Nodes    |    Current Node    |     Objective Bounds      |     Work
 Expl Unexpl |  Obj  Depth IntInf | Incumbent    BestBd   Gap | It/Node Time

     0     0     cutoff    0      186725.500 186725.500  0.00%     -    0s

Explored 1 nodes (769 simplex iterations) in 0.31 seconds (0.89 work units)
Thread count was 10 (of 10 available processors)

Solution count 1: 186726 

Optimal solution found (tolerance 1.00e-04)
Best objective 1.867255000000e+05, best bound 1.867255000000e+05, gap 0.0000%
Solução ótima encontrada.
Set parameter TimeLimit to value 25200
Set parameter TimeLimit to value 600
Gurobi Optimizer version 10.0.2 build v10.0.2rc0 (mac64[arm])

CPU model: Apple M5
Thread count: 10 physical cores, 10 logical processors, using up to 10 threads

Optimize a model with 548706 rows, 284763 columns and 1341935 nonzeros
Model fingerprint: 0x8f79b771
Variable types: 0 continuous, 284763 integer (264707 binary)
Coefficient statistics:
  Matrix range     [1e+00, 8e+01]
  Objective range  [5e-01, 2e+03]
  Bounds range     [1e+00, 1e+00]
  RHS range        [1e+00, 1e+02]

User MIP start produced solution with objective 186726 (0.10s)
Loaded user MIP start with objective 186726
MIP start from previous solve did not produce a new incumbent solution

Presolve removed 530942 rows and 270845 columns
Presolve time: 0.17s
Presolved: 17764 rows, 13918 columns, 50023 nonzeros
Variable types: 0 continuous, 13918 integer (13918 binary)

Root relaxation: objective 1.867102e+05, 1317 iterations, 0.02 seconds (0.04 work units)

    Nodes    |    Current Node    |     Objective Bounds      |     Work
 Expl Unexpl |  Obj  Depth IntInf | Incumbent    BestBd   Gap | It/Node Time

     0     0 186710.167    0  243 186725.500 186710.167  0.01%     -    0s

Explored 1 nodes (2003 simplex iterations) in 0.33 seconds (0.99 work units)
Thread count was 10 (of 10 available processors)

Solution count 1: 186726 

Optimal solution found (tolerance 1.00e-04)
Best objective 1.867255000000e+05, best bound 1.867101666667e+05, gap 0.0082%
Solução ótima encontrada.
Set parameter TimeLimit to value 25200
Set parameter TimeLimit to value 600
Gurobi Optimizer version 10.0.2 build v10.0.2rc0 (mac64[arm])

CPU model: Apple M5
Thread count: 10 physical cores, 10 logical processors, using up to 10 threads

Optimize a model with 548706 rows, 284763 columns and 1341935 nonzeros
Model fingerprint: 0x158cdb97
Variable types: 0 continuous, 284763 integer (264707 binary)
Coefficient statistics:
  Matrix range     [1e+00, 8e+01]
  Objective range  [5e-01, 2e+03]
  Bounds range     [1e+00, 1e+00]
  RHS range        [1e+00, 1e+02]

User MIP start produced solution with objective 186726 (0.10s)
Loaded user MIP start with objective 186726
MIP start from previous solve did not produce a new incumbent solution

Presolve removed 530997 rows and 272229 columns
Presolve time: 0.18s
Presolved: 17709 rows, 12534 columns, 50878 nonzeros
Variable types: 0 continuous, 12534 integer (12534 binary)

Root relaxation: objective 1.860519e+05, 9389 iterations, 0.31 seconds (0.74 work units)

    Nodes    |    Current Node    |     Objective Bounds      |     Work
 Expl Unexpl |  Obj  Depth IntInf | Incumbent    BestBd   Gap | It/Node Time

     0     0 186051.875    0  636 186725.500 186051.875  0.36%     -    0s
     0     0 186082.800    0  761 186725.500 186082.800  0.34%     -    0s
     0     0 186084.600    0  761 186725.500 186084.600  0.34%     -    0s
     0     0 186084.600    0  724 186725.500 186084.600  0.34%     -    0s
     0     0 186107.293    0  731 186725.500 186107.293  0.33%     -    1s
     0     0 186110.083    0  675 186725.500 186110.083  0.33%     -    1s
     0     0 186116.611    0  547 186725.500 186116.611  0.33%     -    1s
     0     0 186116.611    0  591 186725.500 186116.611  0.33%     -    1s
H    0     0                    186690.50000 186116.611  0.31%     -    1s
     0     0 186131.417    0  713 186690.500 186131.417  0.30%     -    1s
     0     0 186131.417    0  813 186690.500 186131.417  0.30%     -    1s
     0     0 186131.417    0  718 186690.500 186131.417  0.30%     -    1s
     0     0 186131.417    0  719 186690.500 186131.417  0.30%     -    1s
     0     0 186131.417    0  840 186690.500 186131.417  0.30%     -    1s
     0     0 186131.417    0  580 186690.500 186131.417  0.30%     -    2s
     0     0 186131.417    0  484 186690.500 186131.417  0.30%     -    2s
     0     0 186131.417    0  781 186690.500 186131.417  0.30%     -    2s
     0     0 186131.417    0  778 186690.500 186131.417  0.30%     -    2s
     0     0 186131.417    0  775 186690.500 186131.417  0.30%     -    2s
     0     0 186131.417    0  795 186690.500 186131.417  0.30%     -    3s
     0     0 186134.947    0  802 186690.500 186134.947  0.30%     -    3s
     0     0 186135.449    0  830 186690.500 186135.449  0.30%     -    3s
H    0     0                    186275.50000 186135.449  0.08%     -    3s
     0     0 186136.287    0  751 186275.500 186136.287  0.07%     -    3s
     0     0 186136.287    0  383 186275.500 186136.287  0.07%     -    3s
     0     0 186136.287    0  335 186275.500 186136.287  0.07%     -    3s
     0     0 186147.469    0  465 186275.500 186147.469  0.07%     -    3s
     0     0 186149.357    0  452 186275.500 186149.357  0.07%     -    3s
     0     0 186149.924    0  463 186275.500 186149.924  0.07%     -    3s
     0     0 186149.925    0  458 186275.500 186149.925  0.07%     -    3s
     0     0 186158.833    0  332 186275.500 186158.833  0.06%     -    3s
     0     0 186158.833    0  291 186275.500 186158.833  0.06%     -    3s
     0     0 186158.833    0  281 186275.500 186158.833  0.06%     -    3s
     0     0 186165.187    0  367 186275.500 186165.187  0.06%     -    3s
     0     0 186165.665    0  368 186275.500 186165.665  0.06%     -    3s
     0     0 186165.758    0  366 186275.500 186165.758  0.06%     -    3s
     0     0 186165.758    0  365 186275.500 186165.758  0.06%     -    3s
     0     0 186169.775    0  363 186275.500 186169.775  0.06%     -    3s
     0     0 186169.775    0  227 186275.500 186169.775  0.06%     -    3s
     0     0 186169.775    0  278 186275.500 186169.775  0.06%     -    3s
     0     0 186169.775    0  262 186275.500 186169.775  0.06%     -    3s
     0     0 186171.136    0  271 186275.500 186171.136  0.06%     -    3s
     0     0 186171.244    0  274 186275.500 186171.244  0.06%     -    3s
     0     0 186173.893    0  333 186275.500 186173.893  0.05%     -    3s
     0     0 186175.054    0  310 186275.500 186175.054  0.05%     -    3s
H    0     0                    186270.50000 186175.500  0.05%     -    3s
     0     0 186175.500    0  312 186270.500 186175.500  0.05%     -    3s
     0     0 186175.500    0  325 186270.500 186175.500  0.05%     -    3s
     0     0 186228.000    0  309 186270.500 186228.000  0.02%     -    3s
     0     0 186235.500    0  348 186270.500 186235.500  0.02%     -    3s
     0     0 186237.000    0  348 186270.500 186237.000  0.02%     -    3s

Cutting planes:
  Gomory: 7
  Cover: 1
  Implied bound: 1
  MIR: 4
  Zero half: 21
  RLT: 17
  BQP: 15

Explored 1 nodes (51726 simplex iterations) in 3.91 seconds (8.36 work units)
Thread count was 10 (of 10 available processors)

Solution count 4: 186270 186276 186690 186726 

Optimal solution found (tolerance 1.00e-04)
Best objective 1.862705000000e+05, best bound 1.862705000000e+05, gap 0.0000%
Solução ótima encontrada.
Set parameter TimeLimit to value 25200
Set parameter TimeLimit to value 600
Gurobi Optimizer version 10.0.2 build v10.0.2rc0 (mac64[arm])

CPU model: Apple M5
Thread count: 10 physical cores, 10 logical processors, using up to 10 threads

Optimize a model with 548706 rows, 284763 columns and 1341935 nonzeros
Model fingerprint: 0x8b5610d0
Variable types: 0 continuous, 284763 integer (264707 binary)
Coefficient statistics:
  Matrix range     [1e+00, 8e+01]
  Objective range  [5e-01, 2e+03]
  Bounds range     [1e+00, 1e+00]
  RHS range        [1e+00, 1e+02]

User MIP start produced solution with objective 186270 (0.10s)
Loaded user MIP start with objective 186270
MIP start from previous solve did not produce a new incumbent solution

Presolve removed 547230 rows and 283531 columns
Presolve time: 0.14s
Presolved: 1476 rows, 1232 columns, 4114 nonzeros
Variable types: 0 continuous, 1232 integer (1232 binary)

Root relaxation: cutoff, 253 iterations, 0.00 seconds (0.00 work units)

    Nodes    |    Current Node    |     Objective Bounds      |     Work
 Expl Unexpl |  Obj  Depth IntInf | Incumbent    BestBd   Gap | It/Node Time

     0     0     cutoff    0      186270.500 186270.500  0.00%     -    0s

Explored 1 nodes (253 simplex iterations) in 0.26 seconds (0.83 work units)
Thread count was 10 (of 10 available processors)

Solution count 1: 186270 

Optimal solution found (tolerance 1.00e-04)
Best objective 1.862705000000e+05, best bound 1.862705000000e+05, gap 0.0000%
Solução ótima encontrada.
Set parameter TimeLimit to value 25200
Set parameter TimeLimit to value 600
Gurobi Optimizer version 10.0.2 build v10.0.2rc0 (mac64[arm])

CPU model: Apple M5
Thread count: 10 physical cores, 10 logical processors, using up to 10 threads

Optimize a model with 548706 rows, 284763 columns and 1341935 nonzeros
Model fingerprint: 0x544016f7
Variable types: 0 continuous, 284763 integer (264707 binary)
Coefficient statistics:
  Matrix range     [1e+00, 8e+01]
  Objective range  [5e-01, 2e+03]
  Bounds range     [1e+00, 1e+00]
  RHS range        [1e+00, 1e+02]

User MIP start produced solution with objective 186270 (0.10s)
Loaded user MIP start with objective 186270
MIP start from previous solve did not produce a new incumbent solution

Presolve removed 545643 rows and 281991 columns
Presolve time: 0.15s
Presolved: 3063 rows, 2772 columns, 8709 nonzeros
Variable types: 0 continuous, 2772 integer (2772 binary)

Root relaxation: cutoff, 128 iterations, 0.00 seconds (0.00 work units)

    Nodes    |    Current Node    |     Objective Bounds      |     Work
 Expl Unexpl |  Obj  Depth IntInf | Incumbent    BestBd   Gap | It/Node Time

     0     0     cutoff    0      186270.500 186270.500  0.00%     -    0s

Explored 1 nodes (128 simplex iterations) in 0.28 seconds (0.83 work units)
Thread count was 10 (of 10 available processors)

Solution count 1: 186270 

Optimal solution found (tolerance 1.00e-04)
Best objective 1.862705000000e+05, best bound 1.862705000000e+05, gap 0.0000%
Solução ótima encontrada.
Set parameter TimeLimit to value 25200
Set parameter TimeLimit to value 600
Gurobi Optimizer version 10.0.2 build v10.0.2rc0 (mac64[arm])

CPU model: Apple M5
Thread count: 10 physical cores, 10 logical processors, using up to 10 threads

Optimize a model with 548706 rows, 284763 columns and 1341935 nonzeros
Model fingerprint: 0x3a1289d5
Variable types: 0 continuous, 284763 integer (264707 binary)
Coefficient statistics:
  Matrix range     [1e+00, 8e+01]
  Objective range  [5e-01, 2e+03]
  Bounds range     [1e+00, 1e+00]
  RHS range        [1e+00, 1e+02]

User MIP start produced solution with objective 186270 (0.10s)
Loaded user MIP start with objective 186270
MIP start from previous solve did not produce a new incumbent solution

Presolve removed 542371 rows and 279497 columns
Presolve time: 0.17s
Presolved: 6335 rows, 5266 columns, 17900 nonzeros
Variable types: 0 continuous, 5266 integer (5266 binary)

Root relaxation: objective 1.862655e+05, 1620 iterations, 0.03 seconds (0.05 work units)

    Nodes    |    Current Node    |     Objective Bounds      |     Work
 Expl Unexpl |  Obj  Depth IntInf | Incumbent    BestBd   Gap | It/Node Time

     0     0 186265.500    0  122 186270.500 186265.500  0.00%     -    0s

Explored 1 nodes (2040 simplex iterations) in 0.33 seconds (0.98 work units)
Thread count was 10 (of 10 available processors)

Solution count 1: 186270 

Optimal solution found (tolerance 1.00e-04)
Best objective 1.862705000000e+05, best bound 1.862655000000e+05, gap 0.0027%
Solução ótima encontrada.
Set parameter TimeLimit to value 25200
Set parameter TimeLimit to value 600
Gurobi Optimizer version 10.0.2 build v10.0.2rc0 (mac64[arm])

CPU model: Apple M5
Thread count: 10 physical cores, 10 logical processors, using up to 10 threads

Optimize a model with 548706 rows, 284763 columns and 1341935 nonzeros
Model fingerprint: 0x8b3c991d
Variable types: 0 continuous, 284763 integer (264707 binary)
Coefficient statistics:
  Matrix range     [1e+00, 8e+01]
  Objective range  [5e-01, 2e+03]
  Bounds range     [1e+00, 1e+00]
  RHS range        [1e+00, 1e+02]

User MIP start produced solution with objective 186270 (0.11s)
Loaded user MIP start with objective 186270
MIP start from previous solve did not produce a new incumbent solution

Presolve removed 536816 rows and 275140 columns
Presolve time: 0.20s
Presolved: 11890 rows, 9623 columns, 34426 nonzeros
Variable types: 0 continuous, 9623 integer (9623 binary)

Root relaxation: objective 1.859962e+05, 7277 iterations, 0.24 seconds (0.66 work units)

    Nodes    |    Current Node    |     Objective Bounds      |     Work
 Expl Unexpl |  Obj  Depth IntInf | Incumbent    BestBd   Gap | It/Node Time

     0     0 185996.250    0  298 186270.500 185996.250  0.15%     -    0s
     0     0 186026.467    0  881 186270.500 186026.467  0.13%     -    1s
     0     0 186026.467    0  297 186270.500 186026.467  0.13%     -    1s
     0     0 186032.406    0  692 186270.500 186032.406  0.13%     -    1s
     0     0 186032.406    0  658 186270.500 186032.406  0.13%     -    1s
     0     0 186036.357    0  633 186270.500 186036.357  0.13%     -    1s
     0     0 186036.633    0  614 186270.500 186036.633  0.13%     -    1s
     0     0 186036.633    0  617 186270.500 186036.633  0.13%     -    1s
     0     0 186076.400    0  564 186270.500 186076.400  0.10%     -    1s
     0     0 186076.679    0  620 186270.500 186076.679  0.10%     -    1s
     0     0 186082.500    0  334 186270.500 186082.500  0.10%     -    1s
     0     0 186082.500    0  334 186270.500 186082.500  0.10%     -    1s
     0     0 186090.774    0  661 186270.500 186090.774  0.10%     -    1s
     0     0 186090.774    0  121 186270.500 186090.774  0.10%     -    1s
     0     0 186090.774    0  254 186270.500 186090.774  0.10%     -    2s
     0     0 186103.991    0  280 186270.500 186103.991  0.09%     -    2s
     0     0 186108.277    0  282 186270.500 186108.277  0.09%     -    2s
     0     0 186108.277    0  282 186270.500 186108.277  0.09%     -    2s
     0     0 186129.134    0  292 186270.500 186129.134  0.08%     -    2s
     0     0 186129.443    0  287 186270.500 186129.443  0.08%     -    2s
     0     0 186132.635    0  286 186270.500 186132.635  0.07%     -    2s
     0     0 186132.863    0  271 186270.500 186132.863  0.07%     -    2s
     0     0 186132.865    0  288 186270.500 186132.865  0.07%     -    2s
     0     0 186145.000    0  134 186270.500 186145.000  0.07%     -    2s
     0     0 186156.571    0  250 186270.500 186156.571  0.06%     -    2s
     0     0 186156.813    0  199 186270.500 186156.813  0.06%     -    2s
     0     0 186156.813    0  202 186270.500 186156.813  0.06%     -    2s
     0     0 186160.491    0  256 186270.500 186160.491  0.06%     -    2s
     0     0 186160.929    0  236 186270.500 186160.929  0.06%     -    2s
     0     0 186161.804    0  242 186270.500 186161.804  0.06%     -    2s
     0     0 186166.251    0  288 186270.500 186166.251  0.06%     -    2s
     0     2 186166.442    0  286 186270.500 186166.442  0.06%     -    2s

Cutting planes:
  Gomory: 1
  Lift-and-project: 1
  Implied bound: 13
  Clique: 58
  MIR: 2
  Zero half: 21
  RLT: 84
  BQP: 188

Explored 388 nodes (59026 simplex iterations) in 2.46 seconds (5.62 work units)
Thread count was 10 (of 10 available processors)

Solution count 1: 186270 

Optimal solution found (tolerance 1.00e-04)
Best objective 1.862705000000e+05, best bound 1.862705000000e+05, gap 0.0000%
Solução ótima encontrada.
Set parameter TimeLimit to value 25200
Set parameter TimeLimit to value 600
Gurobi Optimizer version 10.0.2 build v10.0.2rc0 (mac64[arm])

CPU model: Apple M5
Thread count: 10 physical cores, 10 logical processors, using up to 10 threads

Optimize a model with 548706 rows, 284763 columns and 1341935 nonzeros
Model fingerprint: 0x2339a467
Variable types: 0 continuous, 284763 integer (264707 binary)
Coefficient statistics:
  Matrix range     [1e+00, 8e+01]
  Objective range  [5e-01, 2e+03]
  Bounds range     [1e+00, 1e+00]
  RHS range        [1e+00, 1e+02]

User MIP start produced solution with objective 186270 (0.11s)
Loaded user MIP start with objective 186270
MIP start from previous solve did not produce a new incumbent solution

Presolve removed 543457 rows and 280236 columns
Presolve time: 0.18s
Presolved: 5249 rows, 4527 columns, 14931 nonzeros
Variable types: 0 continuous, 4527 integer (4527 binary)

Root relaxation: objective 1.862180e+05, 959 iterations, 0.01 seconds (0.02 work units)

    Nodes    |    Current Node    |     Objective Bounds      |     Work
 Expl Unexpl |  Obj  Depth IntInf | Incumbent    BestBd   Gap | It/Node Time

     0     0 186218.000    0  169 186270.500 186218.000  0.03%     -    0s
     0     0 186218.000    0  169 186270.500 186218.000  0.03%     -    0s
     0     0 186218.000    0   51 186270.500 186218.000  0.03%     -    0s
     0     0 186225.500    0   38 186270.500 186225.500  0.02%     -    0s
     0     0 186225.500    0   38 186270.500 186225.500  0.02%     -    0s
H    0     0                    186260.50000 186225.500  0.02%     -    0s
H    0     0                    186240.50000 186225.500  0.01%     -    0s

Cutting planes:
  Gomory: 1
  MIR: 2
  Zero half: 4
  RLT: 2
  BQP: 2

Explored 1 nodes (1635 simplex iterations) in 0.36 seconds (0.99 work units)
Thread count was 10 (of 10 available processors)

Solution count 3: 186240 186260 186270 

Optimal solution found (tolerance 1.00e-04)
Best objective 1.862405000000e+05, best bound 1.862255000000e+05, gap 0.0081%
Solução ótima encontrada.
Set parameter TimeLimit to value 25200
Set parameter TimeLimit to value 600
Gurobi Optimizer version 10.0.2 build v10.0.2rc0 (mac64[arm])

CPU model: Apple M5
Thread count: 10 physical cores, 10 logical processors, using up to 10 threads

Optimize a model with 548706 rows, 284763 columns and 1341935 nonzeros
Model fingerprint: 0x125a9e2e
Variable types: 0 continuous, 284763 integer (264707 binary)
Coefficient statistics:
  Matrix range     [1e+00, 8e+01]
  Objective range  [5e-01, 2e+03]
  Bounds range     [1e+00, 1e+00]
  RHS range        [1e+00, 1e+02]

User MIP start produced solution with objective 186240 (0.10s)
Loaded user MIP start with objective 186240
MIP start from previous solve did not produce a new incumbent solution

Presolve removed 530400 rows and 271185 columns
Presolve time: 0.24s
Presolved: 18306 rows, 13578 columns, 52329 nonzeros
Variable types: 0 continuous, 13578 integer (13578 binary)

Root relaxation: objective 1.861413e+05, 9814 iterations, 0.26 seconds (0.59 work units)

    Nodes    |    Current Node    |     Objective Bounds      |     Work
 Expl Unexpl |  Obj  Depth IntInf | Incumbent    BestBd   Gap | It/Node Time

     0     0 186141.313    0  664 186240.500 186141.313  0.05%     -    0s
     0     0 186147.554    0  623 186240.500 186147.554  0.05%     -    0s
     0     0 186147.554    0  623 186240.500 186147.554  0.05%     -    0s
     0     0 186153.667    0  193 186240.500 186153.667  0.05%     -    0s
     0     0 186157.750    0  128 186240.500 186157.750  0.04%     -    0s
     0     0 186180.250    0   81 186240.500 186180.250  0.03%     -    0s
     0     0 186225.250    0   80 186240.500 186225.250  0.01%     -    0s

Cutting planes:
  Gomory: 2
  Zero half: 3

Explored 1 nodes (13963 simplex iterations) in 0.83 seconds (2.14 work units)
Thread count was 10 (of 10 available processors)

Solution count 1: 186240 

Optimal solution found (tolerance 1.00e-04)
Best objective 1.862405000000e+05, best bound 1.862255000000e+05, gap 0.0081%
Solução ótima encontrada.
Set parameter TimeLimit to value 25200
Set parameter TimeLimit to value 600
Gurobi Optimizer version 10.0.2 build v10.0.2rc0 (mac64[arm])

CPU model: Apple M5
Thread count: 10 physical cores, 10 logical processors, using up to 10 threads

Optimize a model with 548706 rows, 284763 columns and 1341935 nonzeros
Model fingerprint: 0x21a48214
Variable types: 0 continuous, 284763 integer (264707 binary)
Coefficient statistics:
  Matrix range     [1e+00, 8e+01]
  Objective range  [5e-01, 2e+03]
  Bounds range     [1e+00, 1e+00]
  RHS range        [1e+00, 1e+02]

User MIP start produced solution with objective 186240 (0.10s)
Loaded user MIP start with objective 186240
MIP start from previous solve did not produce a new incumbent solution

Presolve removed 527949 rows and 268037 columns
Presolve time: 0.26s
Presolved: 20757 rows, 16726 columns, 60467 nonzeros
Variable types: 0 continuous, 16726 integer (16726 binary)

Root relaxation: objective 1.861205e+05, 8150 iterations, 0.37 seconds (1.09 work units)

    Nodes    |    Current Node    |     Objective Bounds      |     Work
 Expl Unexpl |  Obj  Depth IntInf | Incumbent    BestBd   Gap | It/Node Time

     0     0 186120.500    0  448 186240.500 186120.500  0.06%     -    1s
     0     0 186120.500    0  448 186240.500 186120.500  0.06%     -    1s
     0     0 186120.500    0  176 186240.500 186120.500  0.06%     -    1s
     0     0 186120.500    0  186 186240.500 186120.500  0.06%     -    1s
     0     0 186122.500    0  258 186240.500 186122.500  0.06%     -    1s
     0     0 186122.500    0  258 186240.500 186122.500  0.06%     -    1s
     0     0 186124.000    0  272 186240.500 186124.000  0.06%     -    1s
     0     0 186125.750    0  233 186240.500 186125.750  0.06%     -    1s
     0     0 186125.750    0  249 186240.500 186125.750  0.06%     -    1s
     0     0 186127.004    0  328 186240.500 186127.004  0.06%     -    1s
     0     0 186128.042    0  313 186240.500 186128.042  0.06%     -    1s
     0     0 186128.042    0  326 186240.500 186128.042  0.06%     -    1s
     0     0 186129.500    0  277 186240.500 186129.500  0.06%     -    1s
     0     2 186129.513    0  258 186240.500 186129.513  0.06%     -    1s
H   10    16                    186215.50000 186130.981  0.05%   218    1s
H   14    16                    186210.50000 186130.981  0.04%   235    1s
H   81    80                    186205.50000 186131.545  0.04%   163    1s
H  179   126                    186200.50000 186131.545  0.04%   115    2s
*  727   338              20    186195.50000 186132.591  0.03%  83.4    2s
* 1084   503              18    186190.50000 186137.000  0.03%  85.6    3s

Cutting planes:
  Gomory: 2
  Clique: 1
  MIR: 1
  Inf proof: 2
  Zero half: 11
  RLT: 12
  BQP: 24

Explored 4152 nodes (328831 simplex iterations) in 4.14 seconds (8.76 work units)
Thread count was 10 (of 10 available processors)

Solution count 7: 186190 186196 186200 ... 186240

Optimal solution found (tolerance 1.00e-04)
Best objective 1.861905000000e+05, best bound 1.861905000000e+05, gap 0.0000%
Solução ótima encontrada.
Set parameter TimeLimit to value 25200
Set parameter TimeLimit to value 600
Gurobi Optimizer version 10.0.2 build v10.0.2rc0 (mac64[arm])

CPU model: Apple M5
Thread count: 10 physical cores, 10 logical processors, using up to 10 threads

Optimize a model with 548706 rows, 284763 columns and 1341935 nonzeros
Model fingerprint: 0xa96387a0
Variable types: 0 continuous, 284763 integer (264707 binary)
Coefficient statistics:
  Matrix range     [1e+00, 8e+01]
  Objective range  [5e-01, 2e+03]
  Bounds range     [1e+00, 1e+00]
  RHS range        [1e+00, 1e+02]

User MIP start produced solution with objective 186190 (0.10s)
Loaded user MIP start with objective 186190
MIP start from previous solve did not produce a new incumbent solution

Presolve removed 534756 rows and 273360 columns
Presolve time: 0.21s
Presolved: 13950 rows, 11403 columns, 40529 nonzeros
Variable types: 0 continuous, 11403 integer (11403 binary)

Root relaxation: objective 1.859910e+05, 3838 iterations, 0.07 seconds (0.12 work units)

    Nodes    |    Current Node    |     Objective Bounds      |     Work
 Expl Unexpl |  Obj  Depth IntInf | Incumbent    BestBd   Gap | It/Node Time

     0     0 185991.000    0  389 186190.500 185991.000  0.11%     -    0s
     0     0 186083.000    0  389 186190.500 186083.000  0.06%     -    0s
     0     0 186083.000    0  389 186190.500 186083.000  0.06%     -    0s
     0     0 186083.000    0  118 186190.500 186083.000  0.06%     -    0s
     0     0 186086.167    0   75 186190.500 186086.167  0.06%     -    0s
     0     0 186090.500    0  123 186190.500 186090.500  0.05%     -    0s
     0     0 186090.500    0  119 186190.500 186090.500  0.05%     -    0s
     0     0 186091.333    0  157 186190.500 186091.333  0.05%     -    0s
     0     0 186106.333    0  182 186190.500 186106.333  0.05%     -    0s
     0     0 186106.417    0  175 186190.500 186106.417  0.05%     -    0s
     0     0 186118.250    0  127 186190.500 186118.250  0.04%     -    0s
     0     0 186118.250    0   69 186190.500 186118.250  0.04%     -    0s
     0     0 186118.250    0   31 186190.500 186118.250  0.04%     -    0s
     0     0 186118.250    0   91 186190.500 186118.250  0.04%     -    0s
     0     0 186118.250    0   74 186190.500 186118.250  0.04%     -    0s
     0     0 186118.250    0   79 186190.500 186118.250  0.04%     -    0s
     0     0 186140.500    0   68 186190.500 186140.500  0.03%     -    0s
     0     0 186141.000    0   92 186190.500 186141.000  0.03%     -    0s
     0     0 186141.000    0   95 186190.500 186141.000  0.03%     -    0s
     0     0 186141.000    0   90 186190.500 186141.000  0.03%     -    0s
     0     0 186141.000    0   90 186190.500 186141.000  0.03%     -    0s
     0     0 186141.125    0   88 186190.500 186141.125  0.03%     -    0s
     0     0 186141.875    0   97 186190.500 186141.875  0.03%     -    0s
     0     0 186142.000    0   84 186190.500 186142.000  0.03%     -    0s
     0     0 186142.000    0   85 186190.500 186142.000  0.03%     -    0s
     0     0 186142.316    0  116 186190.500 186142.316  0.03%     -    0s
     0     0 186142.316    0   63 186190.500 186142.316  0.03%     -    0s
     0     0 186142.316    0   54 186190.500 186142.316  0.03%     -    0s
     0     0     cutoff    0      186190.500 186190.500  0.00%     -    0s

Cutting planes:
  Gomory: 2
  Clique: 4
  MIR: 2
  Zero half: 5
  RLT: 4
  BQP: 1

Explored 1 nodes (7746 simplex iterations) in 0.59 seconds (1.50 work units)
Thread count was 10 (of 10 available processors)

Solution count 1: 186190 

Optimal solution found (tolerance 1.00e-04)
Best objective 1.861905000000e+05, best bound 1.861905000000e+05, gap 0.0000%
Solução ótima encontrada.
Set parameter TimeLimit to value 25200
Set parameter TimeLimit to value 600
Gurobi Optimizer version 10.0.2 build v10.0.2rc0 (mac64[arm])

CPU model: Apple M5
Thread count: 10 physical cores, 10 logical processors, using up to 10 threads

Optimize a model with 548706 rows, 284763 columns and 1341935 nonzeros
Model fingerprint: 0x13d36c02
Variable types: 0 continuous, 284763 integer (264707 binary)
Coefficient statistics:
  Matrix range     [1e+00, 8e+01]
  Objective range  [5e-01, 2e+03]
  Bounds range     [1e+00, 1e+00]
  RHS range        [1e+00, 1e+02]

User MIP start produced solution with objective 186190 (0.10s)
Loaded user MIP start with objective 186190
MIP start from previous solve did not produce a new incumbent solution

Presolve removed 529647 rows and 269708 columns
Presolve time: 0.23s
Presolved: 19059 rows, 15055 columns, 54683 nonzeros
Variable types: 0 continuous, 15055 integer (15055 binary)

Root relaxation: objective 1.857511e+05, 12592 iterations, 0.37 seconds (0.73 work units)

    Nodes    |    Current Node    |     Objective Bounds      |     Work
 Expl Unexpl |  Obj  Depth IntInf | Incumbent    BestBd   Gap | It/Node Time

     0     0 185751.111    0  754 186190.500 185751.111  0.24%     -    0s
     0     0 185751.111    0  793 186190.500 185751.111  0.24%     -    0s
     0     0 185751.120    0  772 186190.500 185751.120  0.24%     -    0s
     0     0 185751.120    0  733 186190.500 185751.120  0.24%     -    1s
     0     0 185978.522    0 1406 186190.500 185978.522  0.11%     -    2s
     0     0 185983.429    0  702 186190.500 185983.429  0.11%     -    2s
     0     0 185987.188    0  737 186190.500 185987.188  0.11%     -    2s
     0     0 186095.515    0 1424 186190.500 186095.515  0.05%     -    2s
     0     0 186095.515    0  475 186190.500 186095.515  0.05%     -    2s
     0     0 186095.515    0  847 186190.500 186095.515  0.05%     -    3s
     0     0 186095.515    0  631 186190.500 186095.515  0.05%     -    3s
     0     0 186125.050    0  506 186190.500 186125.050  0.04%     -    3s
     0     0 186125.809    0  547 186190.500 186125.809  0.03%     -    3s
     0     0 186126.368    0  693 186190.500 186126.368  0.03%     -    3s
     0     0 186126.500    0  521 186190.500 186126.500  0.03%     -    3s
     0     0 186126.550    0  515 186190.500 186126.550  0.03%     -    3s
     0     0 186128.721    0  739 186190.500 186128.721  0.03%     -    3s
     0     0 186128.966    0  517 186190.500 186128.966  0.03%     -    3s
     0     0 186129.655    0  602 186190.500 186129.655  0.03%     -    3s
     0     0 186129.855    0  588 186190.500 186129.855  0.03%     -    3s
     0     0 186129.868    0  594 186190.500 186129.868  0.03%     -    3s
     0     0 186172.014    0  551 186190.500 186172.014  0.01%     -    3s

Cutting planes:
  Gomory: 3
  Implied bound: 21
  Clique: 9
  MIR: 3
  Zero half: 40
  RLT: 90
  BQP: 21

Explored 1 nodes (52184 simplex iterations) in 3.52 seconds (7.11 work units)
Thread count was 10 (of 10 available processors)

Solution count 1: 186190 

Optimal solution found (tolerance 1.00e-04)
Best objective 1.861905000000e+05, best bound 1.861720138137e+05, gap 0.0099%
Solução ótima encontrada.
Set parameter TimeLimit to value 25200
Set parameter TimeLimit to value 600
Gurobi Optimizer version 10.0.2 build v10.0.2rc0 (mac64[arm])

CPU model: Apple M5
Thread count: 10 physical cores, 10 logical processors, using up to 10 threads

Optimize a model with 548706 rows, 284763 columns and 1341935 nonzeros
Model fingerprint: 0x5d5a198e
Variable types: 0 continuous, 284763 integer (264707 binary)
Coefficient statistics:
  Matrix range     [1e+00, 8e+01]
  Objective range  [5e-01, 2e+03]
  Bounds range     [1e+00, 1e+00]
  RHS range        [1e+00, 1e+02]

User MIP start produced solution with objective 186190 (0.10s)
Loaded user MIP start with objective 186190
MIP start from previous solve did not produce a new incumbent solution

Presolve removed 531622 rows and 270856 columns
Presolve time: 0.24s
Presolved: 17084 rows, 13907 columns, 50338 nonzeros
Variable types: 0 continuous, 13907 integer (13907 binary)

Root relaxation: objective 1.854385e+05, 2700 iterations, 0.04 seconds (0.09 work units)

    Nodes    |    Current Node    |     Objective Bounds      |     Work
 Expl Unexpl |  Obj  Depth IntInf | Incumbent    BestBd   Gap | It/Node Time

     0     0 185438.500    0  561 186190.500 185438.500  0.40%     -    0s
     0     0 185967.735    0  838 186190.500 185967.735  0.12%     -    0s
     0     0 185987.000    0  708 186190.500 185987.000  0.11%     -    0s
     0     0 186150.500    0  202 186190.500 186150.500  0.02%     -    0s
     0     0 186155.500    0  261 186190.500 186155.500  0.02%     -    0s
     0     0 186163.000    0  297 186190.500 186163.000  0.01%     -    0s
     0     0 186170.500    0  278 186190.500 186170.500  0.01%     -    0s
     0     0 186170.500    0   90 186190.500 186170.500  0.01%     -    0s
     0     0 186170.500    0  113 186190.500 186170.500  0.01%     -    0s
     0     0 186173.000    0   91 186190.500 186173.000  0.01%     -    0s

Cutting planes:
  Gomory: 3
  Clique: 5
  MIR: 2
  Zero half: 13
  RLT: 2
  BQP: 7

Explored 1 nodes (10652 simplex iterations) in 0.74 seconds (1.79 work units)
Thread count was 10 (of 10 available processors)

Solution count 1: 186190 

Optimal solution found (tolerance 1.00e-04)
Best objective 1.861905000000e+05, best bound 1.861730000000e+05, gap 0.0094%
Solução ótima encontrada.
Set parameter TimeLimit to value 25200
Set parameter TimeLimit to value 600
Gurobi Optimizer version 10.0.2 build v10.0.2rc0 (mac64[arm])

CPU model: Apple M5
Thread count: 10 physical cores, 10 logical processors, using up to 10 threads

Optimize a model with 548706 rows, 284763 columns and 1341935 nonzeros
Model fingerprint: 0xb6e80124
Variable types: 0 continuous, 284763 integer (264707 binary)
Coefficient statistics:
  Matrix range     [1e+00, 8e+01]
  Objective range  [5e-01, 2e+03]
  Bounds range     [1e+00, 1e+00]
  RHS range        [1e+00, 1e+02]

User MIP start produced solution with objective 186190 (0.10s)
Loaded user MIP start with objective 186190
MIP start from previous solve did not produce a new incumbent solution

Presolve removed 542888 rows and 279746 columns
Presolve time: 0.18s
Presolved: 5818 rows, 5017 columns, 16441 nonzeros
Variable types: 0 continuous, 5017 integer (5017 binary)

Root relaxation: cutoff, 748 iterations, 0.01 seconds (0.01 work units)

    Nodes    |    Current Node    |     Objective Bounds      |     Work
 Expl Unexpl |  Obj  Depth IntInf | Incumbent    BestBd   Gap | It/Node Time

     0     0     cutoff    0      186190.500 186190.500  0.00%     -    0s

Explored 1 nodes (748 simplex iterations) in 0.31 seconds (0.92 work units)
Thread count was 10 (of 10 available processors)

Solution count 1: 186190 

Optimal solution found (tolerance 1.00e-04)
Best objective 1.861905000000e+05, best bound 1.861905000000e+05, gap 0.0000%
Solução ótima encontrada.
Set parameter TimeLimit to value 25200
Set parameter TimeLimit to value 600
Gurobi Optimizer version 10.0.2 build v10.0.2rc0 (mac64[arm])

CPU model: Apple M5
Thread count: 10 physical cores, 10 logical processors, using up to 10 threads

Optimize a model with 548706 rows, 284763 columns and 1341935 nonzeros
Model fingerprint: 0x44072670
Variable types: 0 continuous, 284763 integer (264707 binary)
Coefficient statistics:
  Matrix range     [1e+00, 8e+01]
  Objective range  [5e-01, 2e+03]
  Bounds range     [1e+00, 1e+00]
  RHS range        [1e+00, 1e+02]

User MIP start produced solution with objective 186190 (0.10s)
Loaded user MIP start with objective 186190
MIP start from previous solve did not produce a new incumbent solution

Presolve removed 530945 rows and 270846 columns
Presolve time: 0.17s
Presolved: 17761 rows, 13917 columns, 50018 nonzeros
Variable types: 0 continuous, 13917 integer (13917 binary)

Root relaxation: objective 1.861752e+05, 1309 iterations, 0.02 seconds (0.03 work units)

    Nodes    |    Current Node    |     Objective Bounds      |     Work
 Expl Unexpl |  Obj  Depth IntInf | Incumbent    BestBd   Gap | It/Node Time

     0     0 186175.167    0  243 186190.500 186175.167  0.01%     -    0s

Explored 1 nodes (1893 simplex iterations) in 0.32 seconds (0.97 work units)
Thread count was 10 (of 10 available processors)

Solution count 1: 186190 

Optimal solution found (tolerance 1.00e-04)
Best objective 1.861905000000e+05, best bound 1.861751666667e+05, gap 0.0082%
Solução ótima encontrada.
Set parameter TimeLimit to value 25200
Set parameter TimeLimit to value 600
Gurobi Optimizer version 10.0.2 build v10.0.2rc0 (mac64[arm])

CPU model: Apple M5
Thread count: 10 physical cores, 10 logical processors, using up to 10 threads

Optimize a model with 548706 rows, 284763 columns and 1341935 nonzeros
Model fingerprint: 0x5ffaa8a4
Variable types: 0 continuous, 284763 integer (264707 binary)
Coefficient statistics:
  Matrix range     [1e+00, 8e+01]
  Objective range  [5e-01, 2e+03]
  Bounds range     [1e+00, 1e+00]
  RHS range        [1e+00, 1e+02]

User MIP start produced solution with objective 186190 (0.10s)
Loaded user MIP start with objective 186190
MIP start from previous solve did not produce a new incumbent solution

Presolve removed 530999 rows and 272231 columns
Presolve time: 0.17s
Presolved: 17707 rows, 12532 columns, 50874 nonzeros
Variable types: 0 continuous, 12532 integer (12532 binary)

Root relaxation: objective 1.859719e+05, 10736 iterations, 0.30 seconds (0.78 work units)

    Nodes    |    Current Node    |     Objective Bounds      |     Work
 Expl Unexpl |  Obj  Depth IntInf | Incumbent    BestBd   Gap | It/Node Time

     0     0 185971.875    0  664 186190.500 185971.875  0.12%     -    0s
     0     0 185982.500    0  655 186190.500 185982.500  0.11%     -    0s
     0     0 185982.500    0  655 186190.500 185982.500  0.11%     -    0s
     0     0 185982.500    0  455 186190.500 185982.500  0.11%     -    1s
     0     0 186020.250    0  430 186190.500 186020.250  0.09%     -    1s
     0     0 186021.833    0  449 186190.500 186021.833  0.09%     -    1s
     0     0 186035.500    0  585 186190.500 186035.500  0.08%     -    1s
     0     0 186035.500    0  382 186190.500 186035.500  0.08%     -    1s
     0     0 186035.500    0  392 186190.500 186035.500  0.08%     -    1s
     0     0 186036.833    0  467 186190.500 186036.833  0.08%     -    1s
     0     0 186041.333    0  410 186190.500 186041.333  0.08%     -    1s
     0     0 186052.487    0  467 186190.500 186052.487  0.07%     -    1s
     0     0 186052.487    0  299 186190.500 186052.487  0.07%     -    1s
     0     0 186052.487    0  348 186190.500 186052.487  0.07%     -    1s
     0     0 186067.100    0  333 186190.500 186067.100  0.07%     -    1s
     0     0 186068.300    0  354 186190.500 186068.300  0.07%     -    1s
     0     0 186069.100    0  337 186190.500 186069.100  0.07%     -    1s
     0     0 186077.808    0  373 186190.500 186077.808  0.06%     -    1s
     0     0 186080.500    0  380 186190.500 186080.500  0.06%     -    1s
     0     0 186081.945    0  364 186190.500 186081.945  0.06%     -    1s
     0     0 186083.141    0  300 186190.500 186083.141  0.06%     -    1s
     0     0 186095.400    0  382 186190.500 186095.400  0.05%     -    1s
     0     0 186102.056    0  379 186190.500 186102.056  0.05%     -    1s
     0     0 186102.056    0  379 186190.500 186102.056  0.05%     -    1s
     0     0 186132.167    0  404 186190.500 186132.167  0.03%     -    1s
     0     0 186132.167    0  267 186190.500 186132.167  0.03%     -    1s
     0     0 186132.167    0  267 186190.500 186132.167  0.03%     -    1s
     0     0 186132.167    0  286 186190.500 186132.167  0.03%     -    1s
     0     0 186132.167    0  311 186190.500 186132.167  0.03%     -    1s
     0     0 186132.167    0  339 186190.500 186132.167  0.03%     -    1s
     0     0 186132.167    0  331 186190.500 186132.167  0.03%     -    1s
     0     0 186132.167    0  338 186190.500 186132.167  0.03%     -    1s
     0     0 186132.167    0  330 186190.500 186132.167  0.03%     -    1s
     0     0 186132.167    0  359 186190.500 186132.167  0.03%     -    1s
     0     0 186132.167    0  350 186190.500 186132.167  0.03%     -    1s
     0     0 186132.167    0  329 186190.500 186132.167  0.03%     -    1s
     0     0 186132.167    0  335 186190.500 186132.167  0.03%     -    1s
     0     0 186132.167    0  159 186190.500 186132.167  0.03%     -    1s
     0     0 186132.167    0  174 186190.500 186132.167  0.03%     -    1s
     0     0 186132.167    0  171 186190.500 186132.167  0.03%     -    1s
     0     0 186145.500    0  156 186190.500 186145.500  0.02%     -    1s
     0     0 186154.250    0  191 186190.500 186154.250  0.02%     -    1s
     0     0 186155.357    0  193 186190.500 186155.357  0.02%     -    1s
     0     0 186163.125    0  186 186190.500 186163.125  0.01%     -    1s
     0     0 186164.227    0  187 186190.500 186164.227  0.01%     -    1s
     0     0 186164.250    0  167 186190.500 186164.250  0.01%     -    1s
     0     0 186164.629    0  192 186190.500 186164.629  0.01%     -    1s
     0     0 186164.648    0  192 186190.500 186164.648  0.01%     -    1s
     0     0 186189.937    0  190 186190.500 186189.937  0.00%     -    1s

Cutting planes:
  Gomory: 7
  Clique: 20
  MIR: 2
  Zero half: 31
  RLT: 10
  BQP: 16

Explored 1 nodes (30726 simplex iterations) in 1.55 seconds (3.39 work units)
Thread count was 10 (of 10 available processors)

Solution count 1: 186190 

Optimal solution found (tolerance 1.00e-04)
Best objective 1.861905000000e+05, best bound 1.861900000000e+05, gap 0.0003%
Solução ótima encontrada.
Set parameter TimeLimit to value 25200
Set parameter TimeLimit to value 600
Gurobi Optimizer version 10.0.2 build v10.0.2rc0 (mac64[arm])

CPU model: Apple M5
Thread count: 10 physical cores, 10 logical processors, using up to 10 threads

Optimize a model with 548706 rows, 284763 columns and 1341935 nonzeros
Model fingerprint: 0x5012188e
Variable types: 0 continuous, 284763 integer (264707 binary)
Coefficient statistics:
  Matrix range     [1e+00, 8e+01]
  Objective range  [5e-01, 2e+03]
  Bounds range     [1e+00, 1e+00]
  RHS range        [1e+00, 1e+02]

User MIP start produced solution with objective 186190 (0.10s)
Loaded user MIP start with objective 186190
MIP start from previous solve did not produce a new incumbent solution

Presolve removed 547488 rows and 283660 columns
Presolve time: 0.15s
Presolved: 1218 rows, 1103 columns, 3463 nonzeros
Variable types: 0 continuous, 1103 integer (1103 binary)

Root relaxation: cutoff, 161 iterations, 0.00 seconds (0.00 work units)

    Nodes    |    Current Node    |     Objective Bounds      |     Work
 Expl Unexpl |  Obj  Depth IntInf | Incumbent    BestBd   Gap | It/Node Time

     0     0     cutoff    0      186190.500 186190.500  0.00%     -    0s

Explored 1 nodes (161 simplex iterations) in 0.27 seconds (0.83 work units)
Thread count was 10 (of 10 available processors)

Solution count 1: 186190 

Optimal solution found (tolerance 1.00e-04)
Best objective 1.861905000000e+05, best bound 1.861905000000e+05, gap 0.0000%
Solução ótima encontrada.
Set parameter TimeLimit to value 25200
Set parameter TimeLimit to value 600
Gurobi Optimizer version 10.0.2 build v10.0.2rc0 (mac64[arm])

CPU model: Apple M5
Thread count: 10 physical cores, 10 logical processors, using up to 10 threads

Optimize a model with 548706 rows, 284763 columns and 1341935 nonzeros
Model fingerprint: 0x64c57db1
Variable types: 0 continuous, 284763 integer (264707 binary)
Coefficient statistics:
  Matrix range     [1e+00, 8e+01]
  Objective range  [5e-01, 2e+03]
  Bounds range     [1e+00, 1e+00]
  RHS range        [1e+00, 1e+02]

User MIP start produced solution with objective 186190 (0.10s)
Loaded user MIP start with objective 186190
MIP start from previous solve did not produce a new incumbent solution

Presolve removed 545643 rows and 281991 columns
Presolve time: 0.15s
Presolved: 3063 rows, 2772 columns, 8709 nonzeros
Variable types: 0 continuous, 2772 integer (2772 binary)

Root relaxation: cutoff, 128 iterations, 0.00 seconds (0.00 work units)

    Nodes    |    Current Node    |     Objective Bounds      |     Work
 Expl Unexpl |  Obj  Depth IntInf | Incumbent    BestBd   Gap | It/Node Time

     0     0     cutoff    0      186190.500 186190.500  0.00%     -    0s

Explored 1 nodes (128 simplex iterations) in 0.28 seconds (0.83 work units)
Thread count was 10 (of 10 available processors)

Solution count 1: 186190 

Optimal solution found (tolerance 1.00e-04)
Best objective 1.861905000000e+05, best bound 1.861905000000e+05, gap 0.0000%
Solução ótima encontrada.
Set parameter TimeLimit to value 25200
Set parameter TimeLimit to value 600
Gurobi Optimizer version 10.0.2 build v10.0.2rc0 (mac64[arm])

CPU model: Apple M5
Thread count: 10 physical cores, 10 logical processors, using up to 10 threads

Optimize a model with 548706 rows, 284763 columns and 1341935 nonzeros
Model fingerprint: 0x3f1b2488
Variable types: 0 continuous, 284763 integer (264707 binary)
Coefficient statistics:
  Matrix range     [1e+00, 8e+01]
  Objective range  [5e-01, 2e+03]
  Bounds range     [1e+00, 1e+00]
  RHS range        [1e+00, 1e+02]

User MIP start produced solution with objective 186190 (0.10s)
Loaded user MIP start with objective 186190
MIP start from previous solve did not produce a new incumbent solution

Presolve removed 542489 rows and 279557 columns
Presolve time: 0.17s
Presolved: 6217 rows, 5206 columns, 17574 nonzeros
Variable types: 0 continuous, 5206 integer (5206 binary)

Root relaxation: objective 1.861855e+05, 1426 iterations, 0.02 seconds (0.03 work units)

    Nodes    |    Current Node    |     Objective Bounds      |     Work
 Expl Unexpl |  Obj  Depth IntInf | Incumbent    BestBd   Gap | It/Node Time

     0     0 186185.500    0   74 186190.500 186185.500  0.00%     -    0s

Explored 1 nodes (2203 simplex iterations) in 0.32 seconds (0.97 work units)
Thread count was 10 (of 10 available processors)

Solution count 1: 186190 

Optimal solution found (tolerance 1.00e-04)
Best objective 1.861905000000e+05, best bound 1.861855000000e+05, gap 0.0027%
Solução ótima encontrada.
Set parameter TimeLimit to value 25200
Set parameter TimeLimit to value 600
Gurobi Optimizer version 10.0.2 build v10.0.2rc0 (mac64[arm])

CPU model: Apple M5
Thread count: 10 physical cores, 10 logical processors, using up to 10 threads

Optimize a model with 548706 rows, 284763 columns and 1341935 nonzeros
Model fingerprint: 0xff9ade66
Variable types: 0 continuous, 284763 integer (264707 binary)
Coefficient statistics:
  Matrix range     [1e+00, 8e+01]
  Objective range  [5e-01, 2e+03]
  Bounds range     [1e+00, 1e+00]
  RHS range        [1e+00, 1e+02]

User MIP start produced solution with objective 186190 (0.10s)
Loaded user MIP start with objective 186190
MIP start from previous solve did not produce a new incumbent solution

Presolve removed 536392 rows and 274905 columns
Presolve time: 0.19s
Presolved: 12314 rows, 9858 columns, 35600 nonzeros
Variable types: 0 continuous, 9858 integer (9858 binary)

Root relaxation: objective 1.859165e+05, 8803 iterations, 0.33 seconds (1.02 work units)

    Nodes    |    Current Node    |     Objective Bounds      |     Work
 Expl Unexpl |  Obj  Depth IntInf | Incumbent    BestBd   Gap | It/Node Time

     0     0 185916.500    0  330 186190.500 185916.500  0.15%     -    1s
     0     0 185945.450    0  952 186190.500 185945.450  0.13%     -    1s
     0     0 185945.450    0  300 186190.500 185945.450  0.13%     -    1s
     0     0 185952.938    0  761 186190.500 185952.938  0.13%     -    2s
     0     0 185955.438    0  825 186190.500 185955.438  0.13%     -    2s
     0     0 185955.438    0  714 186190.500 185955.438  0.13%     -    2s
     0     0 185963.972    0  699 186190.500 185963.972  0.12%     -    2s
     0     0 186003.333    0  473 186190.500 186003.333  0.10%     -    2s
     0     0 186003.333    0  123 186190.500 186003.333  0.10%     -    2s
     0     0 186003.333    0  253 186190.500 186003.333  0.10%     -    2s
     0     0 186010.125    0  250 186190.500 186010.125  0.10%     -    2s
     0     0 186012.000    0  192 186190.500 186012.000  0.10%     -    2s
     0     0 186012.563    0  187 186190.500 186012.563  0.10%     -    2s
     0     0 186012.563    0  187 186190.500 186012.563  0.10%     -    2s
     0     0 186025.625    0  136 186190.500 186025.625  0.09%     -    2s
     0     0 186035.800    0  241 186190.500 186035.800  0.08%     -    2s
     0     0 186036.900    0  140 186190.500 186036.900  0.08%     -    2s
     0     0 186037.667    0  159 186190.500 186037.667  0.08%     -    2s
     0     0 186052.760    0  312 186190.500 186052.760  0.07%     -    2s
     0     0 186059.333    0  252 186190.500 186059.333  0.07%     -    2s
     0     0 186060.059    0  254 186190.500 186060.059  0.07%     -    2s
     0     0 186060.207    0  256 186190.500 186060.207  0.07%     -    2s
     0     0 186060.353    0  255 186190.500 186060.353  0.07%     -    2s
     0     0 186069.639    0  221 186190.500 186069.639  0.06%     -    2s
     0     0 186071.056    0  208 186190.500 186071.056  0.06%     -    2s
     0     0 186071.750    0  221 186190.500 186071.750  0.06%     -    2s
     0     0 186071.758    0  225 186190.500 186071.758  0.06%     -    2s
     0     0 186074.661    0  179 186190.500 186074.661  0.06%     -    2s
     0     2 186074.710    0  168 186190.500 186074.710  0.06%     -    2s

Cutting planes:
  Gomory: 4
  Implied bound: 15
  Clique: 59
  MIR: 3
  Zero half: 20
  RLT: 57
  BQP: 49

Explored 245 nodes (61058 simplex iterations) in 2.64 seconds (6.37 work units)
Thread count was 10 (of 10 available processors)

Solution count 1: 186190 

Optimal solution found (tolerance 1.00e-04)
Best objective 1.861905000000e+05, best bound 1.861905000000e+05, gap 0.0000%
Solução ótima encontrada.
Set parameter TimeLimit to value 25200
Set parameter TimeLimit to value 600
Gurobi Optimizer version 10.0.2 build v10.0.2rc0 (mac64[arm])

CPU model: Apple M5
Thread count: 10 physical cores, 10 logical processors, using up to 10 threads

Optimize a model with 548706 rows, 284763 columns and 1341935 nonzeros
Model fingerprint: 0xe8cd8d87
Variable types: 0 continuous, 284763 integer (264707 binary)
Coefficient statistics:
  Matrix range     [1e+00, 8e+01]
  Objective range  [5e-01, 2e+03]
  Bounds range     [1e+00, 1e+00]
  RHS range        [1e+00, 1e+02]

User MIP start produced solution with objective 186190 (0.10s)
Loaded user MIP start with objective 186190
MIP start from previous solve did not produce a new incumbent solution

Presolve removed 543285 rows and 280185 columns
Presolve time: 0.18s
Presolved: 5421 rows, 4578 columns, 15329 nonzeros
Variable types: 0 continuous, 4578 integer (4578 binary)

Root relaxation: objective 1.861680e+05, 1164 iterations, 0.01 seconds (0.02 work units)

    Nodes    |    Current Node    |     Objective Bounds      |     Work
 Expl Unexpl |  Obj  Depth IntInf | Incumbent    BestBd   Gap | It/Node Time

     0     0 186168.000    0  167 186190.500 186168.000  0.01%     -    0s
     0     0 186168.000    0  167 186190.500 186168.000  0.01%     -    0s
     0     0 186168.000    0   51 186190.500 186168.000  0.01%     -    0s
     0     0 186175.500    0   72 186190.500 186175.500  0.01%     -    0s

Cutting planes:
  Gomory: 2
  Clique: 8
  MIR: 1
  Zero half: 13
  RLT: 3
  BQP: 2

Explored 1 nodes (1712 simplex iterations) in 0.35 seconds (0.99 work units)
Thread count was 10 (of 10 available processors)

Solution count 1: 186190 

Optimal solution found (tolerance 1.00e-04)
Best objective 1.861905000000e+05, best bound 1.861755000000e+05, gap 0.0081%
Solução ótima encontrada.
Set parameter TimeLimit to value 25200
Set parameter TimeLimit to value 600
Gurobi Optimizer version 10.0.2 build v10.0.2rc0 (mac64[arm])

CPU model: Apple M5
Thread count: 10 physical cores, 10 logical processors, using up to 10 threads

Optimize a model with 548706 rows, 284763 columns and 1341935 nonzeros
Model fingerprint: 0xeada7d3f
Variable types: 0 continuous, 284763 integer (264707 binary)
Coefficient statistics:
  Matrix range     [1e+00, 8e+01]
  Objective range  [5e-01, 2e+03]
  Bounds range     [1e+00, 1e+00]
  RHS range        [1e+00, 1e+02]

User MIP start produced solution with objective 186190 (0.10s)
Loaded user MIP start with objective 186190
MIP start from previous solve did not produce a new incumbent solution

Presolve removed 530398 rows and 271183 columns
Presolve time: 0.24s
Presolved: 18308 rows, 13580 columns, 52333 nonzeros
Variable types: 0 continuous, 13580 integer (13580 binary)

Root relaxation: objective 1.860918e+05, 9797 iterations, 0.24 seconds (0.53 work units)

    Nodes    |    Current Node    |     Objective Bounds      |     Work
 Expl Unexpl |  Obj  Depth IntInf | Incumbent    BestBd   Gap | It/Node Time

     0     0 186091.813    0  655 186190.500 186091.813  0.05%     -    0s
     0     0 186097.732    0  681 186190.500 186097.732  0.05%     -    0s
     0     0 186097.732    0  681 186190.500 186097.732  0.05%     -    0s
     0     0 186103.667    0  190 186190.500 186103.667  0.05%     -    0s
     0     0 186107.750    0  123 186190.500 186107.750  0.04%     -    0s
     0     0 186167.750    0   79 186190.500 186167.750  0.01%     -    0s
     0     0     cutoff    0      186190.500 186190.500  0.00%     -    0s

Cutting planes:
  Gomory: 2
  Clique: 2
  MIR: 2
  Zero half: 11
  RLT: 8
  BQP: 5

Explored 1 nodes (13048 simplex iterations) in 0.76 seconds (2.03 work units)
Thread count was 10 (of 10 available processors)

Solution count 1: 186190 

Optimal solution found (tolerance 1.00e-04)
Best objective 1.861905000000e+05, best bound 1.861905000000e+05, gap 0.0000%
Solução ótima encontrada.
Set parameter TimeLimit to value 25200
Set parameter TimeLimit to value 600
Gurobi Optimizer version 10.0.2 build v10.0.2rc0 (mac64[arm])

CPU model: Apple M5
Thread count: 10 physical cores, 10 logical processors, using up to 10 threads

Optimize a model with 548706 rows, 284763 columns and 1341935 nonzeros
Model fingerprint: 0xa14c2a2c
Variable types: 0 continuous, 284763 integer (264707 binary)
Coefficient statistics:
  Matrix range     [1e+00, 8e+01]
  Objective range  [5e-01, 2e+03]
  Bounds range     [1e+00, 1e+00]
  RHS range        [1e+00, 1e+02]

User MIP start produced solution with objective 186190 (0.10s)
Loaded user MIP start with objective 186190
MIP start from previous solve did not produce a new incumbent solution

Presolve removed 527949 rows and 268037 columns
Presolve time: 0.26s
Presolved: 20757 rows, 16726 columns, 60467 nonzeros
Variable types: 0 continuous, 16726 integer (16726 binary)

Root relaxation: objective 1.861205e+05, 8150 iterations, 0.36 seconds (1.09 work units)

    Nodes    |    Current Node    |     Objective Bounds      |     Work
 Expl Unexpl |  Obj  Depth IntInf | Incumbent    BestBd   Gap | It/Node Time

     0     0 186120.500    0  448 186190.500 186120.500  0.04%     -    1s
     0     0 186120.500    0  448 186190.500 186120.500  0.04%     -    1s
     0     0 186120.500    0  151 186190.500 186120.500  0.04%     -    1s
     0     0 186120.500    0  150 186190.500 186120.500  0.04%     -    1s
     0     0 186122.500    0  160 186190.500 186122.500  0.04%     -    1s
     0     0 186122.500    0  161 186190.500 186122.500  0.04%     -    1s
     0     0 186125.500    0  257 186190.500 186125.500  0.03%     -    1s
     0     0 186125.611    0  255 186190.500 186125.611  0.03%     -    1s
     0     0 186126.833    0  236 186190.500 186126.833  0.03%     -    1s
     0     0 186126.833    0  198 186190.500 186126.833  0.03%     -    1s
     0     0 186127.000    0  211 186190.500 186127.000  0.03%     -    1s
     0     2 186127.500    0  208 186190.500 186127.500  0.03%     -    1s

Cutting planes:
  Gomory: 1
  Clique: 2
  MIR: 3
  Zero half: 31
  RLT: 7
  BQP: 21

Explored 4138 nodes (172366 simplex iterations) in 3.18 seconds (7.29 work units)
Thread count was 10 (of 10 available processors)

Solution count 1: 186190 

Optimal solution found (tolerance 1.00e-04)
Best objective 1.861905000000e+05, best bound 1.861905000000e+05, gap 0.0000%
Solução ótima encontrada.
Set parameter TimeLimit to value 25200
Set parameter TimeLimit to value 600
Gurobi Optimizer version 10.0.2 build v10.0.2rc0 (mac64[arm])

CPU model: Apple M5
Thread count: 10 physical cores, 10 logical processors, using up to 10 threads

Optimize a model with 548706 rows, 284763 columns and 1341935 nonzeros
Model fingerprint: 0x10b8562c
Variable types: 0 continuous, 284763 integer (264707 binary)
Coefficient statistics:
  Matrix range     [1e+00, 8e+01]
  Objective range  [5e-01, 2e+03]
  Bounds range     [1e+00, 1e+00]
  RHS range        [1e+00, 1e+02]

User MIP start produced solution with objective 186190 (0.10s)
Loaded user MIP start with objective 186190
MIP start from previous solve did not produce a new incumbent solution

Presolve removed 495016 rows and 239848 columns
Presolve time: 0.26s
Presolved: 53690 rows, 44915 columns, 158047 nonzeros
Variable types: 0 continuous, 44915 integer (44915 binary)
Deterministic concurrent LP optimizer: primal and dual simplex
Showing first log only...

Concurrent spin time: 0.00s

Solved with dual simplex

Root relaxation: cutoff, 19580 iterations, 0.84 seconds (1.70 work units)

    Nodes    |    Current Node    |     Objective Bounds      |     Work
 Expl Unexpl |  Obj  Depth IntInf | Incumbent    BestBd   Gap | It/Node Time

     0     0     cutoff    0      186190.500 186190.500  0.00%     -    1s

Explored 1 nodes (19580 simplex iterations) in 1.23 seconds (3.00 work units)
Thread count was 10 (of 10 available processors)

Solution count 1: 186190 

Optimal solution found (tolerance 1.00e-04)
Best objective 1.861905000000e+05, best bound 1.861905000000e+05, gap 0.0000%
Solução ótima encontrada.
Set parameter TimeLimit to value 25200
Set parameter TimeLimit to value 600
Gurobi Optimizer version 10.0.2 build v10.0.2rc0 (mac64[arm])

CPU model: Apple M5
Thread count: 10 physical cores, 10 logical processors, using up to 10 threads

Optimize a model with 548706 rows, 284763 columns and 1341935 nonzeros
Model fingerprint: 0xdadf0ab3
Variable types: 0 continuous, 284763 integer (264707 binary)
Coefficient statistics:
  Matrix range     [1e+00, 8e+01]
  Objective range  [5e-01, 2e+03]
  Bounds range     [1e+00, 1e+00]
  RHS range        [1e+00, 1e+02]

User MIP start produced solution with objective 186190 (0.09s)
Loaded user MIP start with objective 186190
MIP start from previous solve did not produce a new incumbent solution

Presolve removed 498226 rows and 244187 columns
Presolve time: 0.27s
Presolved: 50480 rows, 40576 columns, 149710 nonzeros
Variable types: 0 continuous, 40576 integer (40576 binary)
Deterministic concurrent LP optimizer: primal and dual simplex
Showing first log only...

Concurrent spin time: 0.00s

Solved with dual simplex

Root relaxation: cutoff, 18671 iterations, 0.56 seconds (1.22 work units)

    Nodes    |    Current Node    |     Objective Bounds      |     Work
 Expl Unexpl |  Obj  Depth IntInf | Incumbent    BestBd   Gap | It/Node Time

     0     0     cutoff    0      186190.500 186190.500  0.00%     -    0s

Explored 1 nodes (18671 simplex iterations) in 0.96 seconds (2.55 work units)
Thread count was 10 (of 10 available processors)

Solution count 1: 186190 

Optimal solution found (tolerance 1.00e-04)
Best objective 1.861905000000e+05, best bound 1.861905000000e+05, gap 0.0000%
Solução ótima encontrada.
Set parameter TimeLimit to value 25200
Set parameter TimeLimit to value 600
Gurobi Optimizer version 10.0.2 build v10.0.2rc0 (mac64[arm])

CPU model: Apple M5
Thread count: 10 physical cores, 10 logical processors, using up to 10 threads

Optimize a model with 548706 rows, 284763 columns and 1341935 nonzeros
Model fingerprint: 0xf646ed3a
Variable types: 0 continuous, 284763 integer (264707 binary)
Coefficient statistics:
  Matrix range     [1e+00, 8e+01]
  Objective range  [5e-01, 2e+03]
  Bounds range     [1e+00, 1e+00]
  RHS range        [1e+00, 1e+02]

User MIP start produced solution with objective 186190 (0.10s)
Loaded user MIP start with objective 186190
MIP start from previous solve did not produce a new incumbent solution

Presolve removed 482756 rows and 225486 columns
Presolve time: 0.30s
Presolved: 65950 rows, 59277 columns, 199175 nonzeros
Variable types: 0 continuous, 59277 integer (59277 binary)
Deterministic concurrent LP optimizer: primal and dual simplex
Showing first log only...

Concurrent spin time: 0.00s

Solved with dual simplex

Root relaxation: cutoff, 11455 iterations, 0.57 seconds (1.57 work units)

    Nodes    |    Current Node    |     Objective Bounds      |     Work
 Expl Unexpl |  Obj  Depth IntInf | Incumbent    BestBd   Gap | It/Node Time

     0     0     cutoff    0      186190.500 186190.500  0.00%     -    1s

Explored 1 nodes (11455 simplex iterations) in 1.01 seconds (2.97 work units)
Thread count was 10 (of 10 available processors)

Solution count 1: 186190 

Optimal solution found (tolerance 1.00e-04)
Best objective 1.861905000000e+05, best bound 1.861905000000e+05, gap 0.0000%
Solução ótima encontrada.
Set parameter TimeLimit to value 25200
Set parameter TimeLimit to value 600
Gurobi Optimizer version 10.0.2 build v10.0.2rc0 (mac64[arm])

CPU model: Apple M5
Thread count: 10 physical cores, 10 logical processors, using up to 10 threads

Optimize a model with 548706 rows, 284763 columns and 1341935 nonzeros
Model fingerprint: 0x4abfbc8b
Variable types: 0 continuous, 284763 integer (264707 binary)
Coefficient statistics:
  Matrix range     [1e+00, 8e+01]
  Objective range  [5e-01, 2e+03]
  Bounds range     [1e+00, 1e+00]
  RHS range        [1e+00, 1e+02]

User MIP start produced solution with objective 186190 (0.09s)
Loaded user MIP start with objective 186190
MIP start from previous solve did not produce a new incumbent solution

Presolve removed 494821 rows and 239656 columns
Presolve time: 0.26s
Presolved: 53885 rows, 45107 columns, 159513 nonzeros
Variable types: 0 continuous, 45107 integer (45107 binary)
Deterministic concurrent LP optimizer: primal and dual simplex
Showing first log only...

Concurrent spin time: 0.00s

Solved with dual simplex

Root relaxation: cutoff, 26873 iterations, 1.15 seconds (2.29 work units)

    Nodes    |    Current Node    |     Objective Bounds      |     Work
 Expl Unexpl |  Obj  Depth IntInf | Incumbent    BestBd   Gap | It/Node Time

     0     0     cutoff    0      186190.500 186190.500  0.00%     -    1s

Explored 1 nodes (26873 simplex iterations) in 1.54 seconds (3.60 work units)
Thread count was 10 (of 10 available processors)

Solution count 1: 186190 

Optimal solution found (tolerance 1.00e-04)
Best objective 1.861905000000e+05, best bound 1.861905000000e+05, gap 0.0000%
Solução ótima encontrada.
Set parameter TimeLimit to value 25200
Set parameter TimeLimit to value 600
Gurobi Optimizer version 10.0.2 build v10.0.2rc0 (mac64[arm])

CPU model: Apple M5
Thread count: 10 physical cores, 10 logical processors, using up to 10 threads

Optimize a model with 548706 rows, 284763 columns and 1341935 nonzeros
Model fingerprint: 0xdc6249e3
Variable types: 0 continuous, 284763 integer (264707 binary)
Coefficient statistics:
  Matrix range     [1e+00, 8e+01]
  Objective range  [5e-01, 2e+03]
  Bounds range     [1e+00, 1e+00]
  RHS range        [1e+00, 1e+02]

User MIP start produced solution with objective 186190 (0.09s)
Loaded user MIP start with objective 186190
MIP start from previous solve did not produce a new incumbent solution

Presolve removed 502837 rows and 247791 columns
Presolve time: 0.25s
Presolved: 45869 rows, 36972 columns, 135834 nonzeros
Variable types: 0 continuous, 36972 integer (36972 binary)
Deterministic concurrent LP optimizer: primal and dual simplex
Showing first log only...

Concurrent spin time: 0.00s

Solved with dual simplex

Root relaxation: cutoff, 13234 iterations, 0.38 seconds (0.92 work units)

    Nodes    |    Current Node    |     Objective Bounds      |     Work
 Expl Unexpl |  Obj  Depth IntInf | Incumbent    BestBd   Gap | It/Node Time

     0     0     cutoff    0      186190.500 186190.500  0.00%     -    0s

Explored 1 nodes (13234 simplex iterations) in 0.76 seconds (2.20 work units)
Thread count was 10 (of 10 available processors)

Solution count 1: 186190 

Optimal solution found (tolerance 1.00e-04)
Best objective 1.861905000000e+05, best bound 1.861905000000e+05, gap 0.0000%
Solução ótima encontrada.
Set parameter TimeLimit to value 25200
Set parameter TimeLimit to value 600
Gurobi Optimizer version 10.0.2 build v10.0.2rc0 (mac64[arm])

CPU model: Apple M5
Thread count: 10 physical cores, 10 logical processors, using up to 10 threads

Optimize a model with 548706 rows, 284763 columns and 1341935 nonzeros
Model fingerprint: 0x82ee6d29
Variable types: 0 continuous, 284763 integer (264707 binary)
Coefficient statistics:
  Matrix range     [1e+00, 8e+01]
  Objective range  [5e-01, 2e+03]
  Bounds range     [1e+00, 1e+00]
  RHS range        [1e+00, 1e+02]

User MIP start produced solution with objective 186190 (0.10s)
Loaded user MIP start with objective 186190
MIP start from previous solve did not produce a new incumbent solution

Presolve removed 485301 rows and 227004 columns
Presolve time: 0.30s
Presolved: 63405 rows, 57759 columns, 192092 nonzeros
Variable types: 0 continuous, 57759 integer (57759 binary)
Deterministic concurrent LP optimizer: primal and dual simplex
Showing first log only...

Concurrent spin time: 0.00s

Solved with dual simplex

Root relaxation: cutoff, 13313 iterations, 0.80 seconds (2.25 work units)

    Nodes    |    Current Node    |     Objective Bounds      |     Work
 Expl Unexpl |  Obj  Depth IntInf | Incumbent    BestBd   Gap | It/Node Time

     0     0     cutoff    0      186190.500 186190.500  0.00%     -    1s

Explored 1 nodes (13313 simplex iterations) in 1.24 seconds (3.63 work units)
Thread count was 10 (of 10 available processors)

Solution count 1: 186190 

Optimal solution found (tolerance 1.00e-04)
Best objective 1.861905000000e+05, best bound 1.861905000000e+05, gap 0.0000%
Solução ótima encontrada.
Set parameter TimeLimit to value 25200
Set parameter TimeLimit to value 600
Gurobi Optimizer version 10.0.2 build v10.0.2rc0 (mac64[arm])

CPU model: Apple M5
Thread count: 10 physical cores, 10 logical processors, using up to 10 threads

Optimize a model with 548706 rows, 284763 columns and 1341935 nonzeros
Model fingerprint: 0xdf8714c2
Variable types: 0 continuous, 284763 integer (264707 binary)
Coefficient statistics:
  Matrix range     [1e+00, 8e+01]
  Objective range  [5e-01, 2e+03]
  Bounds range     [1e+00, 1e+00]
  RHS range        [1e+00, 1e+02]

User MIP start produced solution with objective 186190 (0.09s)
Loaded user MIP start with objective 186190
MIP start from previous solve did not produce a new incumbent solution

Presolve removed 496170 rows and 241629 columns
Presolve time: 0.25s
Presolved: 52536 rows, 43134 columns, 153908 nonzeros
Variable types: 0 continuous, 43134 integer (43134 binary)
Deterministic concurrent LP optimizer: primal and dual simplex
Showing first log only...

Concurrent spin time: 0.00s

Solved with dual simplex

Root relaxation: cutoff, 20751 iterations, 0.69 seconds (1.70 work units)

    Nodes    |    Current Node    |     Objective Bounds      |     Work
 Expl Unexpl |  Obj  Depth IntInf | Incumbent    BestBd   Gap | It/Node Time

     0     0     cutoff    0      186190.500 186190.500  0.00%     -    1s

Explored 1 nodes (20751 simplex iterations) in 1.07 seconds (3.00 work units)
Thread count was 10 (of 10 available processors)

Solution count 1: 186190 

Optimal solution found (tolerance 1.00e-04)
Best objective 1.861905000000e+05, best bound 1.861905000000e+05, gap 0.0000%
Solução ótima encontrada.
Set parameter TimeLimit to value 25200
Set parameter TimeLimit to value 600
Gurobi Optimizer version 10.0.2 build v10.0.2rc0 (mac64[arm])

CPU model: Apple M5
Thread count: 10 physical cores, 10 logical processors, using up to 10 threads

Optimize a model with 548706 rows, 284763 columns and 1341935 nonzeros
Model fingerprint: 0xc5a74ebe
Variable types: 0 continuous, 284763 integer (264707 binary)
Coefficient statistics:
  Matrix range     [1e+00, 8e+01]
  Objective range  [5e-01, 2e+03]
  Bounds range     [1e+00, 1e+00]
  RHS range        [1e+00, 1e+02]

User MIP start produced solution with objective 186190 (0.10s)
Loaded user MIP start with objective 186190
MIP start from previous solve did not produce a new incumbent solution

Presolve removed 503167 rows and 248441 columns
Presolve time: 0.26s
Presolved: 45539 rows, 36322 columns, 132699 nonzeros
Variable types: 0 continuous, 36322 integer (36322 binary)
Deterministic concurrent LP optimizer: primal and dual simplex
Showing first log only...

Concurrent spin time: 0.00s

Solved with dual simplex

Root relaxation: cutoff, 9199 iterations, 0.26 seconds (0.78 work units)

    Nodes    |    Current Node    |     Objective Bounds      |     Work
 Expl Unexpl |  Obj  Depth IntInf | Incumbent    BestBd   Gap | It/Node Time

     0     0     cutoff    0      186190.500 186190.500  0.00%     -    0s

Explored 1 nodes (9199 simplex iterations) in 0.66 seconds (1.99 work units)
Thread count was 10 (of 10 available processors)

Solution count 1: 186190 

Optimal solution found (tolerance 1.00e-04)
Best objective 1.861905000000e+05, best bound 1.861905000000e+05, gap 0.0000%
Solução ótima encontrada.
Set parameter TimeLimit to value 25200
Set parameter TimeLimit to value 600
Gurobi Optimizer version 10.0.2 build v10.0.2rc0 (mac64[arm])

CPU model: Apple M5
Thread count: 10 physical cores, 10 logical processors, using up to 10 threads

Optimize a model with 548706 rows, 284763 columns and 1341935 nonzeros
Model fingerprint: 0x95fb74d1
Variable types: 0 continuous, 284763 integer (264707 binary)
Coefficient statistics:
  Matrix range     [1e+00, 8e+01]
  Objective range  [5e-01, 2e+03]
  Bounds range     [1e+00, 1e+00]
  RHS range        [1e+00, 1e+02]

User MIP start produced solution with objective 186190 (0.10s)
Loaded user MIP start with objective 186190
MIP start from previous solve did not produce a new incumbent solution

Presolve removed 485827 rows and 228742 columns
Presolve time: 0.30s
Presolved: 62879 rows, 56021 columns, 191072 nonzeros
Variable types: 0 continuous, 56021 integer (56021 binary)
Deterministic concurrent LP optimizer: primal and dual simplex
Showing first log only...

Concurrent spin time: 0.00s

Solved with dual simplex

Root relaxation: cutoff, 14556 iterations, 0.86 seconds (2.47 work units)

    Nodes    |    Current Node    |     Objective Bounds      |     Work
 Expl Unexpl |  Obj  Depth IntInf | Incumbent    BestBd   Gap | It/Node Time

     0     0     cutoff    0      186190.500 186190.500  0.00%     -    1s

Explored 1 nodes (14556 simplex iterations) in 1.30 seconds (3.86 work units)
Thread count was 10 (of 10 available processors)

Solution count 1: 186190 

Optimal solution found (tolerance 1.00e-04)
Best objective 1.861905000000e+05, best bound 1.861905000000e+05, gap 0.0000%
Solução ótima encontrada.
Set parameter TimeLimit to value 25200
Set parameter TimeLimit to value 600
Gurobi Optimizer version 10.0.2 build v10.0.2rc0 (mac64[arm])

CPU model: Apple M5
Thread count: 10 physical cores, 10 logical processors, using up to 10 threads

Optimize a model with 548706 rows, 284763 columns and 1341935 nonzeros
Model fingerprint: 0x8eae9c60
Variable types: 0 continuous, 284763 integer (264707 binary)
Coefficient statistics:
  Matrix range     [1e+00, 8e+01]
  Objective range  [5e-01, 2e+03]
  Bounds range     [1e+00, 1e+00]
  RHS range        [1e+00, 1e+02]

User MIP start produced solution with objective 186190 (0.09s)
Loaded user MIP start with objective 186190
MIP start from previous solve did not produce a new incumbent solution

Presolve removed 493517 rows and 239673 columns
Presolve time: 0.27s
Presolved: 55189 rows, 45090 columns, 162259 nonzeros
Variable types: 0 continuous, 45090 integer (45090 binary)
Deterministic concurrent LP optimizer: primal and dual simplex
Showing first log only...

Concurrent spin time: 0.00s

Solved with dual simplex

Root relaxation: cutoff, 23290 iterations, 1.00 seconds (2.03 work units)

    Nodes    |    Current Node    |     Objective Bounds      |     Work
 Expl Unexpl |  Obj  Depth IntInf | Incumbent    BestBd   Gap | It/Node Time

     0     0     cutoff    0      186190.500 186190.500  0.00%     -    1s

Explored 1 nodes (23290 simplex iterations) in 1.40 seconds (3.36 work units)
Thread count was 10 (of 10 available processors)

Solution count 1: 186190 

Optimal solution found (tolerance 1.00e-04)
Best objective 1.861905000000e+05, best bound 1.861905000000e+05, gap 0.0000%
Solução ótima encontrada.
Set parameter TimeLimit to value 25200
Set parameter TimeLimit to value 600
Gurobi Optimizer version 10.0.2 build v10.0.2rc0 (mac64[arm])

CPU model: Apple M5
Thread count: 10 physical cores, 10 logical processors, using up to 10 threads

Optimize a model with 548706 rows, 284763 columns and 1341935 nonzeros
Model fingerprint: 0xd09829ef
Variable types: 0 continuous, 284763 integer (264707 binary)
Coefficient statistics:
  Matrix range     [1e+00, 8e+01]
  Objective range  [5e-01, 2e+03]
  Bounds range     [1e+00, 1e+00]
  RHS range        [1e+00, 1e+02]

User MIP start produced solution with objective 186190 (0.09s)
Loaded user MIP start with objective 186190
MIP start from previous solve did not produce a new incumbent solution

Presolve removed 502098 rows and 247331 columns
Presolve time: 0.25s
Presolved: 46608 rows, 37432 columns, 138238 nonzeros
Variable types: 0 continuous, 37432 integer (37432 binary)
Deterministic concurrent LP optimizer: primal and dual simplex
Showing first log only...

Concurrent spin time: 0.00s

Solved with dual simplex

Root relaxation: cutoff, 14137 iterations, 0.37 seconds (0.75 work units)

    Nodes    |    Current Node    |     Objective Bounds      |     Work
 Expl Unexpl |  Obj  Depth IntInf | Incumbent    BestBd   Gap | It/Node Time

     0     0     cutoff    0      186190.500 186190.500  0.00%     -    0s

Explored 1 nodes (14137 simplex iterations) in 0.74 seconds (1.99 work units)
Thread count was 10 (of 10 available processors)

Solution count 1: 186190 

Optimal solution found (tolerance 1.00e-04)
Best objective 1.861905000000e+05, best bound 1.861905000000e+05, gap 0.0000%
Solução ótima encontrada.
Set parameter TimeLimit to value 25200
Set parameter TimeLimit to value 600
Gurobi Optimizer version 10.0.2 build v10.0.2rc0 (mac64[arm])

CPU model: Apple M5
Thread count: 10 physical cores, 10 logical processors, using up to 10 threads

Optimize a model with 548706 rows, 284763 columns and 1341935 nonzeros
Model fingerprint: 0x28d67328
Variable types: 0 continuous, 284763 integer (264707 binary)
Coefficient statistics:
  Matrix range     [1e+00, 8e+01]
  Objective range  [5e-01, 2e+03]
  Bounds range     [1e+00, 1e+00]
  RHS range        [1e+00, 1e+02]

User MIP start produced solution with objective 186190 (0.10s)
Loaded user MIP start with objective 186190
MIP start from previous solve did not produce a new incumbent solution

Presolve removed 491797 rows and 230986 columns
Presolve time: 0.38s
Presolved: 56909 rows, 53777 columns, 171973 nonzeros
Variable types: 0 continuous, 53777 integer (53777 binary)
Deterministic concurrent LP optimizer: primal and dual simplex
Showing first log only...

Concurrent spin time: 0.00s

Solved with dual simplex

Root relaxation: cutoff, 9868 iterations, 0.47 seconds (1.37 work units)

    Nodes    |    Current Node    |     Objective Bounds      |     Work
 Expl Unexpl |  Obj  Depth IntInf | Incumbent    BestBd   Gap | It/Node Time

     0     0     cutoff    0      186190.500 186190.500  0.00%     -    0s

Explored 1 nodes (9868 simplex iterations) in 0.99 seconds (3.09 work units)
Thread count was 10 (of 10 available processors)

Solution count 1: 186190 

Optimal solution found (tolerance 1.00e-04)
Best objective 1.861905000000e+05, best bound 1.861905000000e+05, gap 0.0000%
Solução ótima encontrada.
Set parameter TimeLimit to value 25200
Set parameter TimeLimit to value 600
Gurobi Optimizer version 10.0.2 build v10.0.2rc0 (mac64[arm])

CPU model: Apple M5
Thread count: 10 physical cores, 10 logical processors, using up to 10 threads

Optimize a model with 548706 rows, 284763 columns and 1341935 nonzeros
Model fingerprint: 0xad18c764
Variable types: 0 continuous, 284763 integer (264707 binary)
Coefficient statistics:
  Matrix range     [1e+00, 8e+01]
  Objective range  [5e-01, 2e+03]
  Bounds range     [1e+00, 1e+00]
  RHS range        [1e+00, 1e+02]

User MIP start produced solution with objective 186190 (0.10s)
Loaded user MIP start with objective 186190
MIP start from previous solve did not produce a new incumbent solution

Presolve removed 510068 rows and 251200 columns
Presolve time: 0.29s
Presolved: 38638 rows, 33563 columns, 116658 nonzeros
Variable types: 0 continuous, 33563 integer (33563 binary)
Deterministic concurrent LP optimizer: primal and dual simplex
Showing first log only...

Concurrent spin time: 0.00s

Solved with dual simplex

Root relaxation: objective 1.861835e+05, 22108 iterations, 0.77 seconds (1.53 work units)

    Nodes    |    Current Node    |     Objective Bounds      |     Work
 Expl Unexpl |  Obj  Depth IntInf | Incumbent    BestBd   Gap | It/Node Time

     0     0          -    0      186190.500 186183.500  0.00%     -    1s

Explored 1 nodes (22108 simplex iterations) in 1.19 seconds (2.84 work units)
Thread count was 10 (of 10 available processors)

Solution count 1: 186190 

Optimal solution found (tolerance 1.00e-04)
Best objective 1.861905000000e+05, best bound 1.861835000000e+05, gap 0.0038%
Solução ótima encontrada.
Set parameter TimeLimit to value 25200
Set parameter TimeLimit to value 600
Gurobi Optimizer version 10.0.2 build v10.0.2rc0 (mac64[arm])

CPU model: Apple M5
Thread count: 10 physical cores, 10 logical processors, using up to 10 threads

Optimize a model with 548706 rows, 284763 columns and 1341935 nonzeros
Model fingerprint: 0xd7b06db6
Variable types: 0 continuous, 284763 integer (264707 binary)
Coefficient statistics:
  Matrix range     [1e+00, 8e+01]
  Objective range  [5e-01, 2e+03]
  Bounds range     [1e+00, 1e+00]
  RHS range        [1e+00, 1e+02]

User MIP start produced solution with objective 186190 (0.10s)
Loaded user MIP start with objective 186190
MIP start from previous solve did not produce a new incumbent solution

Presolve removed 505714 rows and 251208 columns
Presolve time: 0.24s
Presolved: 42992 rows, 33555 columns, 127524 nonzeros
Variable types: 0 continuous, 33555 integer (33555 binary)
Deterministic concurrent LP optimizer: primal and dual simplex
Showing first log only...

Concurrent spin time: 0.00s

Solved with dual simplex

Root relaxation: cutoff, 13102 iterations, 0.44 seconds (1.22 work units)

    Nodes    |    Current Node    |     Objective Bounds      |     Work
 Expl Unexpl |  Obj  Depth IntInf | Incumbent    BestBd   Gap | It/Node Time

     0     0     cutoff    0      186190.500 186190.500  0.00%     -    0s

Explored 1 nodes (13102 simplex iterations) in 0.82 seconds (2.44 work units)
Thread count was 10 (of 10 available processors)

Solution count 1: 186190 

Optimal solution found (tolerance 1.00e-04)
Best objective 1.861905000000e+05, best bound 1.861905000000e+05, gap 0.0000%
Solução ótima encontrada.
Set parameter TimeLimit to value 25200
Set parameter TimeLimit to value 600
Gurobi Optimizer version 10.0.2 build v10.0.2rc0 (mac64[arm])

CPU model: Apple M5
Thread count: 10 physical cores, 10 logical processors, using up to 10 threads

Optimize a model with 548706 rows, 284763 columns and 1341935 nonzeros
Model fingerprint: 0x9649a047
Variable types: 0 continuous, 284763 integer (264707 binary)
Coefficient statistics:
  Matrix range     [1e+00, 8e+01]
  Objective range  [5e-01, 2e+03]
  Bounds range     [1e+00, 1e+00]
  RHS range        [1e+00, 1e+02]

User MIP start produced solution with objective 186190 (0.10s)
Loaded user MIP start with objective 186190
MIP start from previous solve did not produce a new incumbent solution

Presolve removed 485580 rows and 228116 columns
Presolve time: 0.30s
Presolved: 63126 rows, 56647 columns, 190249 nonzeros
Variable types: 0 continuous, 56647 integer (56647 binary)
Deterministic concurrent LP optimizer: primal and dual simplex
Showing first log only...

Concurrent spin time: 0.00s

Solved with dual simplex

Root relaxation: cutoff, 14334 iterations, 1.03 seconds (2.85 work units)

    Nodes    |    Current Node    |     Objective Bounds      |     Work
 Expl Unexpl |  Obj  Depth IntInf | Incumbent    BestBd   Gap | It/Node Time

     0     0     cutoff    0      186190.500 186190.500  0.00%     -    1s

Explored 1 nodes (14334 simplex iterations) in 1.48 seconds (4.22 work units)
Thread count was 10 (of 10 available processors)

Solution count 1: 186190 

Optimal solution found (tolerance 1.00e-04)
Best objective 1.861905000000e+05, best bound 1.861905000000e+05, gap 0.0000%
Solução ótima encontrada.
Set parameter TimeLimit to value 25200
Set parameter TimeLimit to value 600
Gurobi Optimizer version 10.0.2 build v10.0.2rc0 (mac64[arm])

CPU model: Apple M5
Thread count: 10 physical cores, 10 logical processors, using up to 10 threads

Optimize a model with 548706 rows, 284763 columns and 1341935 nonzeros
Model fingerprint: 0xd84f67e4
Variable types: 0 continuous, 284763 integer (264707 binary)
Coefficient statistics:
  Matrix range     [1e+00, 8e+01]
  Objective range  [5e-01, 2e+03]
  Bounds range     [1e+00, 1e+00]
  RHS range        [1e+00, 1e+02]

User MIP start produced solution with objective 186190 (0.10s)
Loaded user MIP start with objective 186190
MIP start from previous solve did not produce a new incumbent solution

Presolve removed 508345 rows and 253204 columns
Presolve time: 0.23s
Presolved: 40361 rows, 31559 columns, 116588 nonzeros
Variable types: 0 continuous, 31559 integer (31559 binary)
Deterministic concurrent LP optimizer: primal and dual simplex
Showing first log only...

Concurrent spin time: 0.00s

Solved with dual simplex

Root relaxation: objective 1.860077e+05, 7510 iterations, 0.19 seconds (0.47 work units)

    Nodes    |    Current Node    |     Objective Bounds      |     Work
 Expl Unexpl |  Obj  Depth IntInf | Incumbent    BestBd   Gap | It/Node Time

     0     0 infeasible    0      186190.500 186190.500  0.00%     -    0s

Explored 1 nodes (8809 simplex iterations) in 0.60 seconds (1.71 work units)
Thread count was 10 (of 10 available processors)

Solution count 1: 186190 

Optimal solution found (tolerance 1.00e-04)
Best objective 1.861905000000e+05, best bound 1.861905000000e+05, gap 0.0000%
Solução ótima encontrada.
Set parameter TimeLimit to value 25200
Set parameter TimeLimit to value 600
Gurobi Optimizer version 10.0.2 build v10.0.2rc0 (mac64[arm])

CPU model: Apple M5
Thread count: 10 physical cores, 10 logical processors, using up to 10 threads

Optimize a model with 548706 rows, 284763 columns and 1341935 nonzeros
Model fingerprint: 0x0d8ffbb9
Variable types: 0 continuous, 284763 integer (264707 binary)
Coefficient statistics:
  Matrix range     [1e+00, 8e+01]
  Objective range  [5e-01, 2e+03]
  Bounds range     [1e+00, 1e+00]
  RHS range        [1e+00, 1e+02]

User MIP start produced solution with objective 186190 (0.10s)
Loaded user MIP start with objective 186190
MIP start from previous solve did not produce a new incumbent solution

Presolve removed 528185 rows and 269474 columns
Presolve time: 0.17s
Presolved: 20521 rows, 15289 columns, 57958 nonzeros
Variable types: 0 continuous, 15289 integer (15289 binary)

Root relaxation: objective 1.860077e+05, 2132 iterations, 0.02 seconds (0.04 work units)

    Nodes    |    Current Node    |     Objective Bounds      |     Work
 Expl Unexpl |  Obj  Depth IntInf | Incumbent    BestBd   Gap | It/Node Time

     0     0 infeasible    0      186190.500 186190.500  0.00%     -    0s

Explored 1 nodes (2494 simplex iterations) in 0.33 seconds (1.00 work units)
Thread count was 10 (of 10 available processors)

Solution count 1: 186190 

Optimal solution found (tolerance 1.00e-04)
Best objective 1.861905000000e+05, best bound 1.861905000000e+05, gap 0.0000%
Solução ótima encontrada.
Set parameter TimeLimit to value 25200
Set parameter TimeLimit to value 600
Gurobi Optimizer version 10.0.2 build v10.0.2rc0 (mac64[arm])

CPU model: Apple M5
Thread count: 10 physical cores, 10 logical processors, using up to 10 threads

Optimize a model with 548706 rows, 284763 columns and 1341935 nonzeros
Model fingerprint: 0x3dadecbe
Variable types: 0 continuous, 284763 integer (264707 binary)
Coefficient statistics:
  Matrix range     [1e+00, 8e+01]
  Objective range  [5e-01, 2e+03]
  Bounds range     [1e+00, 1e+00]
  RHS range        [1e+00, 1e+02]

User MIP start produced solution with objective 186190 (0.10s)
Loaded user MIP start with objective 186190
MIP start from previous solve did not produce a new incumbent solution

Presolve removed 538384 rows and 277542 columns
Presolve time: 0.17s
Presolved: 10322 rows, 7221 columns, 27526 nonzeros
Variable types: 0 continuous, 7221 integer (7221 binary)

Root relaxation: cutoff, 1208 iterations, 0.01 seconds (0.01 work units)

    Nodes    |    Current Node    |     Objective Bounds      |     Work
 Expl Unexpl |  Obj  Depth IntInf | Incumbent    BestBd   Gap | It/Node Time

     0     0     cutoff    0      186190.500 186190.500  0.00%     -    0s

Explored 1 nodes (1208 simplex iterations) in 0.29 seconds (0.91 work units)
Thread count was 10 (of 10 available processors)

Solution count 1: 186190 

Optimal solution found (tolerance 1.00e-04)
Best objective 1.861905000000e+05, best bound 1.861905000000e+05, gap 0.0000%
Solução ótima encontrada.
RESULTADO_JSON={"arquivo_log_csv": "resultados/experimentos/2024_1/fixopt_hibrida_init3min_sub10min_total4h.csv", "arquivo_log_json": "resultados/experimentos/2024_1/fixopt_hibrida_init3min_sub10min_total4h.json", "arquivo_melhor_solucao": "resultados/experimentos/2024_1/fixopt_hibrida_init3min_sub10min_total4h.sol", "etapa": "fix_and_optimize_hibrida", "ganho_absoluto": 571.0, "historico": [{"ciclo": 1, "curso": "ADM", "disciplinas_livres": 48, "iteracao": 1, "melhorou": true, "objetivo_anterior": 186761.5, "objetivo_candidato": 186728.5, "objetivo_incumbente": 186728.5, "passada": 1, "recurso": "ADM", "status_solver": "OPTIMAL", "tempo_gasto_s": 0.96, "tempo_limite_subproblema_s": 600.0, "tempo_solver_s": 0.71, "variaveis_x_fixadas": 85698, "variaveis_x_livres": 9292, "vizinhanca": "curso"}, {"ciclo": 1, "curso": "AGRO", "disciplinas_livres": 51, "iteracao": 2, "melhorou": true, "objetivo_anterior": 186728.5, "objetivo_candidato": 186725.5, "objetivo_incumbente": 186725.5, "passada": 1, "recurso": "AGRO", "status_solver": "OPTIMAL", "tempo_gasto_s": 3.7, "tempo_limite_subproblema_s": 600.0, "tempo_solver_s": 3.31, "variaveis_x_fixadas": 86250, "variaveis_x_livres": 8740, "vizinhanca": "curso"}, {"ciclo": 1, "curso": "CC", "disciplinas_livres": 47, "iteracao": 3, "melhorou": false, "objetivo_anterior": 186725.5, "objetivo_candidato": 186725.5, "objetivo_incumbente": 186725.5, "passada": 1, "recurso": "CC", "status_solver": "OPTIMAL", "tempo_gasto_s": 1.1, "tempo_limite_subproblema_s": 600.0, "tempo_solver_s": 0.76, "variaveis_x_fixadas": 84456, "variaveis_x_livres": 10534, "vizinhanca": "curso"}, {"ciclo": 1, "curso": "CS", "disciplinas_livres": 22, "iteracao": 4, "melhorou": false, "objetivo_anterior": 186725.5, "objetivo_candidato": 186725.5, "objetivo_incumbente": 186725.5, "passada": 1, "recurso": "CS", "status_solver": "OPTIMAL", "tempo_gasto_s": 0.65, "tempo_limite_subproblema_s": 600.0, "tempo_solver_s": 0.31, "variaveis_x_fixadas": 90436, "variaveis_x_livres": 4554, "vizinhanca": "curso"}, {"ciclo": 1, "curso": "EAS", "disciplinas_livres": 45, "iteracao": 5, "melhorou": false, "objetivo_anterior": 186725.5, "objetivo_candidato": 186725.5, "objetivo_incumbente": 186725.5, "passada": 1, "recurso": "EAS", "status_solver": "OPTIMAL", "tempo_gasto_s": 0.66, "tempo_limite_subproblema_s": 600.0, "tempo_solver_s": 0.34, "variaveis_x_fixadas": 87538, "variaveis_x_livres": 7452, "vizinhanca": "curso"}, {"ciclo": 1, "curso": "ENF", "disciplinas_livres": 18, "iteracao": 6, "melhorou": true, "objetivo_anterior": 186725.5, "objetivo_candidato": 186270.5, "objetivo_incumbente": 186270.5, "passada": 1, "recurso": "ENF", "status_solver": "OPTIMAL", "tempo_gasto_s": 4.24, "tempo_limite_subproblema_s": 600.0, "tempo_solver_s": 3.92, "variaveis_x_fixadas": 86480, "variaveis_x_livres": 8510, "vizinhanca": "curso"}, {"ciclo": 1, "curso": "FIL", "disciplinas_livres": 15, "iteracao": 7, "melhorou": false, "objetivo_anterior": 186270.5, "objetivo_candidato": 186270.5, "objetivo_incumbente": 186270.5, "passada": 1, "recurso": "FIL", "status_solver": "OPTIMAL", "tempo_gasto_s": 0.6, "tempo_limite_subproblema_s": 600.0, "tempo_solver_s": 0.26, "variaveis_x_fixadas": 92230, "variaveis_x_livres": 2760, "vizinhanca": "curso"}, {"ciclo": 1, "curso": "GEO", "disciplinas_livres": 10, "iteracao": 8, "melhorou": false, "objetivo_anterior": 186270.5, "objetivo_candidato": 186270.5, "objetivo_incumbente": 186270.5, "passada": 1, "recurso": "GEO", "status_solver": "OPTIMAL", "tempo_gasto_s": 0.62, "tempo_limite_subproblema_s": 600.0, "tempo_solver_s": 0.28, "variaveis_x_fixadas": 92920, "variaveis_x_livres": 2070, "vizinhanca": "curso"}, {"ciclo": 1, "curso": "HIS", "disciplinas_livres": 24, "iteracao": 9, "melhorou": false, "objetivo_anterior": 186270.5, "objetivo_candidato": 186270.5, "objetivo_incumbente": 186270.5, "passada": 1, "recurso": "HIS", "status_solver": "OPTIMAL", "tempo_gasto_s": 0.66, "tempo_limite_subproblema_s": 600.0, "tempo_solver_s": 0.33, "variaveis_x_fixadas": 90206, "variaveis_x_livres": 4784, "vizinhanca": "curso"}, {"ciclo": 1, "curso": "LET", "disciplinas_livres": 36, "iteracao": 10, "melhorou": false, "objetivo_anterior": 186270.5, "objetivo_candidato": 186270.5, "objetivo_incumbente": 186270.5, "passada": 1, "recurso": "LET", "status_solver": "OPTIMAL", "tempo_gasto_s": 2.8, "tempo_limite_subproblema_s": 600.0, "tempo_solver_s": 2.46, "variaveis_x_fixadas": 85836, "variaveis_x_livres": 9154, "vizinhanca": "curso"}, {"ciclo": 1, "curso": "MAT", "disciplinas_livres": 23, "iteracao": 11, "melhorou": true, "objetivo_anterior": 186270.5, "objetivo_candidato": 186240.5, "objetivo_incumbente": 186240.5, "passada": 1, "recurso": "MAT", "status_solver": "OPTIMAL", "tempo_gasto_s": 0.71, "tempo_limite_subproblema_s": 600.0, "tempo_solver_s": 0.36, "variaveis_x_fixadas": 90022, "variaveis_x_livres": 4968, "vizinhanca": "curso"}, {"ciclo": 1, "curso": "MED", "disciplinas_livres": 41, "iteracao": 12, "melhorou": false, "objetivo_anterior": 186240.5, "objetivo_candidato": 186240.5, "objetivo_incumbente": 186240.5, "passada": 1, "recurso": "MED", "status_solver": "OPTIMAL", "tempo_gasto_s": 1.15, "tempo_limite_subproblema_s": 600.0, "tempo_solver_s": 0.83, "variaveis_x_fixadas": 85606, "variaveis_x_livres": 9384, "vizinhanca": "curso"}, {"ciclo": 1, "curso": "PED", "disciplinas_livres": 56, "iteracao": 13, "melhorou": true, "objetivo_anterior": 186240.5, "objetivo_candidato": 186190.5, "objetivo_incumbente": 186190.5, "passada": 1, "recurso": "PED", "status_solver": "OPTIMAL", "tempo_gasto_s": 4.48, "tempo_limite_subproblema_s": 600.0, "tempo_solver_s": 4.14, "variaveis_x_fixadas": 82202, "variaveis_x_livres": 12788, "vizinhanca": "curso"}, {"ciclo": 1, "curso": "ADM", "disciplinas_livres": 48, "iteracao": 1, "melhorou": false, "objetivo_anterior": 186190.5, "objetivo_candidato": 186190.5, "objetivo_incumbente": 186190.5, "passada": 2, "recurso": "ADM", "status_solver": "OPTIMAL", "tempo_gasto_s": 0.93, "tempo_limite_subproblema_s": 600.0, "tempo_solver_s": 0.59, "variaveis_x_fixadas": 85698, "variaveis_x_livres": 9292, "vizinhanca": "curso"}, {"ciclo": 1, "curso": "AGRO", "disciplinas_livres": 51, "iteracao": 2, "melhorou": false, "objetivo_anterior": 186190.5, "objetivo_candidato": 186190.5, "objetivo_incumbente": 186190.5, "passada": 2, "recurso": "AGRO", "status_solver": "OPTIMAL", "tempo_gasto_s": 3.88, "tempo_limite_subproblema_s": 600.0, "tempo_solver_s": 3.53, "variaveis_x_fixadas": 86250, "variaveis_x_livres": 8740, "vizinhanca": "curso"}, {"ciclo": 1, "curso": "CC", "disciplinas_livres": 47, "iteracao": 3, "melhorou": false, "objetivo_anterior": 186190.5, "objetivo_candidato": 186190.5, "objetivo_incumbente": 186190.5, "passada": 2, "recurso": "CC", "status_solver": "OPTIMAL", "tempo_gasto_s": 1.08, "tempo_limite_subproblema_s": 600.0, "tempo_solver_s": 0.74, "variaveis_x_fixadas": 84456, "variaveis_x_livres": 10534, "vizinhanca": "curso"}, {"ciclo": 1, "curso": "CS", "disciplinas_livres": 22, "iteracao": 4, "melhorou": false, "objetivo_anterior": 186190.5, "objetivo_candidato": 186190.5, "objetivo_incumbente": 186190.5, "passada": 2, "recurso": "CS", "status_solver": "OPTIMAL", "tempo_gasto_s": 0.64, "tempo_limite_subproblema_s": 600.0, "tempo_solver_s": 0.31, "variaveis_x_fixadas": 90436, "variaveis_x_livres": 4554, "vizinhanca": "curso"}, {"ciclo": 1, "curso": "EAS", "disciplinas_livres": 45, "iteracao": 5, "melhorou": false, "objetivo_anterior": 186190.5, "objetivo_candidato": 186190.5, "objetivo_incumbente": 186190.5, "passada": 2, "recurso": "EAS", "status_solver": "OPTIMAL", "tempo_gasto_s": 0.65, "tempo_limite_subproblema_s": 600.0, "tempo_solver_s": 0.33, "variaveis_x_fixadas": 87538, "variaveis_x_livres": 7452, "vizinhanca": "curso"}, {"ciclo": 1, "curso": "ENF", "disciplinas_livres": 18, "iteracao": 6, "melhorou": false, "objetivo_anterior": 186190.5, "objetivo_candidato": 186190.5, "objetivo_incumbente": 186190.5, "passada": 2, "recurso": "ENF", "status_solver": "OPTIMAL", "tempo_gasto_s": 1.87, "tempo_limite_subproblema_s": 600.0, "tempo_solver_s": 1.55, "variaveis_x_fixadas": 86480, "variaveis_x_livres": 8510, "vizinhanca": "curso"}, {"ciclo": 1, "curso": "FIL", "disciplinas_livres": 15, "iteracao": 7, "melhorou": false, "objetivo_anterior": 186190.5, "objetivo_candidato": 186190.5, "objetivo_incumbente": 186190.5, "passada": 2, "recurso": "FIL", "status_solver": "OPTIMAL", "tempo_gasto_s": 0.6, "tempo_limite_subproblema_s": 600.0, "tempo_solver_s": 0.28, "variaveis_x_fixadas": 92230, "variaveis_x_livres": 2760, "vizinhanca": "curso"}, {"ciclo": 1, "curso": "GEO", "disciplinas_livres": 10, "iteracao": 8, "melhorou": false, "objetivo_anterior": 186190.5, "objetivo_candidato": 186190.5, "objetivo_incumbente": 186190.5, "passada": 2, "recurso": "GEO", "status_solver": "OPTIMAL", "tempo_gasto_s": 0.6, "tempo_limite_subproblema_s": 600.0, "tempo_solver_s": 0.28, "variaveis_x_fixadas": 92920, "variaveis_x_livres": 2070, "vizinhanca": "curso"}, {"ciclo": 1, "curso": "HIS", "disciplinas_livres": 24, "iteracao": 9, "melhorou": false, "objetivo_anterior": 186190.5, "objetivo_candidato": 186190.5, "objetivo_incumbente": 186190.5, "passada": 2, "recurso": "HIS", "status_solver": "OPTIMAL", "tempo_gasto_s": 0.65, "tempo_limite_subproblema_s": 600.0, "tempo_solver_s": 0.33, "variaveis_x_fixadas": 90206, "variaveis_x_livres": 4784, "vizinhanca": "curso"}, {"ciclo": 1, "curso": "LET", "disciplinas_livres": 36, "iteracao": 10, "melhorou": false, "objetivo_anterior": 186190.5, "objetivo_candidato": 186190.5, "objetivo_incumbente": 186190.5, "passada": 2, "recurso": "LET", "status_solver": "OPTIMAL", "tempo_gasto_s": 2.97, "tempo_limite_subproblema_s": 600.0, "tempo_solver_s": 2.64, "variaveis_x_fixadas": 85836, "variaveis_x_livres": 9154, "vizinhanca": "curso"}, {"ciclo": 1, "curso": "MAT", "disciplinas_livres": 23, "iteracao": 11, "melhorou": false, "objetivo_anterior": 186190.5, "objetivo_candidato": 186190.5, "objetivo_incumbente": 186190.5, "passada": 2, "recurso": "MAT", "status_solver": "OPTIMAL", "tempo_gasto_s": 0.69, "tempo_limite_subproblema_s": 600.0, "tempo_solver_s": 0.35, "variaveis_x_fixadas": 90022, "variaveis_x_livres": 4968, "vizinhanca": "curso"}, {"ciclo": 1, "curso": "MED", "disciplinas_livres": 41, "iteracao": 12, "melhorou": false, "objetivo_anterior": 186190.5, "objetivo_candidato": 186190.5, "objetivo_incumbente": 186190.5, "passada": 2, "recurso": "MED", "status_solver": "OPTIMAL", "tempo_gasto_s": 1.09, "tempo_limite_subproblema_s": 600.0, "tempo_solver_s": 0.77, "variaveis_x_fixadas": 85606, "variaveis_x_livres": 9384, "vizinhanca": "curso"}, {"ciclo": 1, "curso": "PED", "disciplinas_livres": 56, "iteracao": 13, "melhorou": false, "objetivo_anterior": 186190.5, "objetivo_candidato": 186190.5, "objetivo_incumbente": 186190.5, "passada": 2, "recurso": "PED", "status_solver": "OPTIMAL", "tempo_gasto_s": 3.51, "tempo_limite_subproblema_s": 600.0, "tempo_solver_s": 3.18, "variaveis_x_fixadas": 82202, "variaveis_x_livres": 12788, "vizinhanca": "curso"}, {"ciclo": 1, "dia": 2, "disciplinas_livres": 38, "iteracao": 1, "melhorou": false, "objetivo_anterior": 186190.5, "objetivo_candidato": 186190.5, "objetivo_incumbente": 186190.5, "passada": 3, "recurso": "2_M", "status_solver": "OPTIMAL", "tempo_gasto_s": 1.55, "tempo_limite_subproblema_s": 600.0, "tempo_solver_s": 1.23, "turno": "M", "variaveis_x_fixadas": 84778, "variaveis_x_livres": 10212, "vizinhanca": "dia_turno"}, {"ciclo": 1, "dia": 2, "disciplinas_livres": 34, "iteracao": 2, "melhorou": false, "objetivo_anterior": 186190.5, "objetivo_candidato": 186190.5, "objetivo_incumbente": 186190.5, "passada": 3, "recurso": "2_T", "status_solver": "OPTIMAL", "tempo_gasto_s": 1.28, "tempo_limite_subproblema_s": 600.0, "tempo_solver_s": 0.96, "turno": "T", "variaveis_x_fixadas": 82984, "variaveis_x_livres": 12006, "vizinhanca": "dia_turno"}, {"ciclo": 1, "dia": 2, "disciplinas_livres": 41, "iteracao": 3, "melhorou": false, "objetivo_anterior": 186190.5, "objetivo_candidato": 186190.5, "objetivo_incumbente": 186190.5, "passada": 3, "recurso": "2_N", "status_solver": "OPTIMAL", "tempo_gasto_s": 1.32, "tempo_limite_subproblema_s": 600.0, "tempo_solver_s": 1.01, "turno": "N", "variaveis_x_fixadas": 85468, "variaveis_x_livres": 9522, "vizinhanca": "dia_turno"}, {"ciclo": 1, "dia": 3, "disciplinas_livres": 36, "iteracao": 4, "melhorou": false, "objetivo_anterior": 186190.5, "objetivo_candidato": 186190.5, "objetivo_incumbente": 186190.5, "passada": 3, "recurso": "3_M", "status_solver": "OPTIMAL", "tempo_gasto_s": 1.86, "tempo_limite_subproblema_s": 600.0, "tempo_solver_s": 1.55, "turno": "M", "variaveis_x_fixadas": 84548, "variaveis_x_livres": 10442, "vizinhanca": "dia_turno"}, {"ciclo": 1, "dia": 3, "disciplinas_livres": 34, "iteracao": 5, "melhorou": false, "objetivo_anterior": 186190.5, "objetivo_candidato": 186190.5, "objetivo_incumbente": 186190.5, "passada": 3, "recurso": "3_T", "status_solver": "OPTIMAL", "tempo_gasto_s": 1.07, "tempo_limite_subproblema_s": 600.0, "tempo_solver_s": 0.76, "turno": "T", "variaveis_x_fixadas": 83306, "variaveis_x_livres": 11684, "vizinhanca": "dia_turno"}, {"ciclo": 1, "dia": 3, "disciplinas_livres": 40, "iteracao": 6, "melhorou": false, "objetivo_anterior": 186190.5, "objetivo_candidato": 186190.5, "objetivo_incumbente": 186190.5, "passada": 3, "recurso": "3_N", "status_solver": "OPTIMAL", "tempo_gasto_s": 1.56, "tempo_limite_subproblema_s": 600.0, "tempo_solver_s": 1.24, "turno": "N", "variaveis_x_fixadas": 87078, "variaveis_x_livres": 7912, "vizinhanca": "dia_turno"}, {"ciclo": 1, "dia": 4, "disciplinas_livres": 35, "iteracao": 7, "melhorou": false, "objetivo_anterior": 186190.5, "objetivo_candidato": 186190.5, "objetivo_incumbente": 186190.5, "passada": 3, "recurso": "4_M", "status_solver": "OPTIMAL", "tempo_gasto_s": 1.39, "tempo_limite_subproblema_s": 600.0, "tempo_solver_s": 1.07, "turno": "M", "variaveis_x_fixadas": 83766, "variaveis_x_livres": 11224, "vizinhanca": "dia_turno"}, {"ciclo": 1, "dia": 4, "disciplinas_livres": 29, "iteracao": 8, "melhorou": false, "objetivo_anterior": 186190.5, "objetivo_candidato": 186190.5, "objetivo_incumbente": 186190.5, "passada": 3, "recurso": "4_T", "status_solver": "OPTIMAL", "tempo_gasto_s": 0.99, "tempo_limite_subproblema_s": 600.0, "tempo_solver_s": 0.67, "turno": "T", "variaveis_x_fixadas": 83996, "variaveis_x_livres": 10994, "vizinhanca": "dia_turno"}, {"ciclo": 1, "dia": 4, "disciplinas_livres": 42, "iteracao": 9, "melhorou": false, "objetivo_anterior": 186190.5, "objetivo_candidato": 186190.5, "objetivo_incumbente": 186190.5, "passada": 3, "recurso": "4_N", "status_solver": "OPTIMAL", "tempo_gasto_s": 1.62, "tempo_limite_subproblema_s": 600.0, "tempo_solver_s": 1.3, "turno": "N", "variaveis_x_fixadas": 85100, "variaveis_x_livres": 9890, "vizinhanca": "dia_turno"}, {"ciclo": 1, "dia": 5, "disciplinas_livres": 38, "iteracao": 10, "melhorou": false, "objetivo_anterior": 186190.5, "objetivo_candidato": 186190.5, "objetivo_incumbente": 186190.5, "passada": 3, "recurso": "5_M", "status_solver": "OPTIMAL", "tempo_gasto_s": 1.7, "tempo_limite_subproblema_s": 600.0, "tempo_solver_s": 1.4, "turno": "M", "variaveis_x_fixadas": 83352, "variaveis_x_livres": 11638, "vizinhanca": "dia_turno"}, {"ciclo": 1, "dia": 5, "disciplinas_livres": 31, "iteracao": 11, "melhorou": false, "objetivo_anterior": 186190.5, "objetivo_candidato": 186190.5, "objetivo_incumbente": 186190.5, "passada": 3, "recurso": "5_T", "status_solver": "OPTIMAL", "tempo_gasto_s": 1.05, "tempo_limite_subproblema_s": 600.0, "tempo_solver_s": 0.74, "turno": "T", "variaveis_x_fixadas": 84088, "variaveis_x_livres": 10902, "vizinhanca": "dia_turno"}, {"ciclo": 1, "dia": 5, "disciplinas_livres": 39, "iteracao": 12, "melhorou": false, "objetivo_anterior": 186190.5, "objetivo_candidato": 186190.5, "objetivo_incumbente": 186190.5, "passada": 3, "recurso": "5_N", "status_solver": "OPTIMAL", "tempo_gasto_s": 1.31, "tempo_limite_subproblema_s": 600.0, "tempo_solver_s": 0.99, "turno": "N", "variaveis_x_fixadas": 86894, "variaveis_x_livres": 8096, "vizinhanca": "dia_turno"}, {"ciclo": 1, "dia": 6, "disciplinas_livres": 32, "iteracao": 13, "melhorou": false, "objetivo_anterior": 186190.5, "objetivo_candidato": 186190.5, "objetivo_incumbente": 186190.5, "passada": 3, "recurso": "6_M", "status_solver": "OPTIMAL", "tempo_gasto_s": 1.51, "tempo_limite_subproblema_s": 600.0, "tempo_solver_s": 1.19, "turno": "M", "variaveis_x_fixadas": 87768, "variaveis_x_livres": 7222, "vizinhanca": "dia_turno"}, {"ciclo": 1, "dia": 6, "disciplinas_livres": 30, "iteracao": 14, "melhorou": false, "objetivo_anterior": 186190.5, "objetivo_candidato": 186190.5, "objetivo_incumbente": 186190.5, "passada": 3, "recurso": "6_T", "status_solver": "OPTIMAL", "tempo_gasto_s": 1.14, "tempo_limite_subproblema_s": 600.0, "tempo_solver_s": 0.82, "turno": "T", "variaveis_x_fixadas": 83352, "variaveis_x_livres": 11638, "vizinhanca": "dia_turno"}, {"ciclo": 1, "dia": 6, "disciplinas_livres": 39, "iteracao": 15, "melhorou": false, "objetivo_anterior": 186190.5, "objetivo_candidato": 186190.5, "objetivo_incumbente": 186190.5, "passada": 3, "recurso": "6_N", "status_solver": "OPTIMAL", "tempo_gasto_s": 1.81, "tempo_limite_subproblema_s": 600.0, "tempo_solver_s": 1.48, "turno": "N", "variaveis_x_fixadas": 86388, "variaveis_x_livres": 8602, "vizinhanca": "dia_turno"}, {"ciclo": 1, "dia": 7, "disciplinas_livres": 19, "iteracao": 16, "melhorou": false, "objetivo_anterior": 186190.5, "objetivo_candidato": 186190.5, "objetivo_incumbente": 186190.5, "passada": 3, "recurso": "7_M", "status_solver": "OPTIMAL", "tempo_gasto_s": 0.93, "tempo_limite_subproblema_s": 600.0, "tempo_solver_s": 0.61, "turno": "M", "variaveis_x_fixadas": 86618, "variaveis_x_livres": 8372, "vizinhanca": "dia_turno"}, {"ciclo": 1, "dia": 7, "disciplinas_livres": 9, "iteracao": 17, "melhorou": false, "objetivo_anterior": 186190.5, "objetivo_candidato": 186190.5, "objetivo_incumbente": 186190.5, "passada": 3, "recurso": "7_T", "status_solver": "OPTIMAL", "tempo_gasto_s": 0.65, "tempo_limite_subproblema_s": 600.0, "tempo_solver_s": 0.33, "turno": "T", "variaveis_x_fixadas": 90344, "variaveis_x_livres": 4646, "vizinhanca": "dia_turno"}, {"ciclo": 1, "dia": 7, "disciplinas_livres": 3, "iteracao": 18, "melhorou": false, "objetivo_anterior": 186190.5, "objetivo_candidato": 186190.5, "objetivo_incumbente": 186190.5, "passada": 3, "recurso": "7_N", "status_solver": "OPTIMAL", "tempo_gasto_s": 0.61, "tempo_limite_subproblema_s": 600.0, "tempo_solver_s": 0.29, "turno": "N", "variaveis_x_fixadas": 92782, "variaveis_x_livres": 2208, "vizinhanca": "dia_turno"}], "melhorias_aceitas": 5, "objetivo_final": 186190.5, "objetivo_inicial": 186761.5, "passadas_executadas": 3, "status": "CONCLUIDO", "tempo_total_s": 248.54, "tipo_vizinhanca": "hibrida", "total_iteracoes": 44}
{'etapa': 'fix_and_optimize_hibrida', 'tipo_vizinhanca': 'hibrida', 'status': 'CONCLUIDO', 'objetivo_inicial': 186761.5, 'objetivo_final': 186190.5, 'ganho_absoluto': 571.0, 'passadas_executadas': 3, 'total_iteracoes': 44, 'melhorias_aceitas': 5, 'tempo_total_s': 248.54, 'arquivo_melhor_solucao': 'resultados/experimentos/2024_1/fixopt_hibrida_init3min_sub10min_total4h.sol', 'arquivo_log_csv': 'resultados/experimentos/2024_1/fixopt_hibrida_init3min_sub10min_total4h.csv', 'arquivo_log_json': 'resultados/experimentos/2024_1/fixopt_hibrida_init3min_sub10min_total4h.json', 'historico': [{'ciclo': 1, 'passada': 1, 'iteracao': 1, 'vizinhanca': 'curso', 'recurso': 'ADM', 'disciplinas_livres': 48, 'variaveis_x_livres': 9292, 'variaveis_x_fixadas': 85698, 'status_solver': 'OPTIMAL', 'objetivo_anterior': 186761.5, 'objetivo_candidato': 186728.5, 'melhorou': True, 'objetivo_incumbente': 186728.5, 'tempo_gasto_s': 0.96, 'tempo_solver_s': 0.71, 'tempo_limite_subproblema_s': 600.0, 'curso': 'ADM'}, {'ciclo': 1, 'passada': 1, 'iteracao': 2, 'vizinhanca': 'curso', 'recurso': 'AGRO', 'disciplinas_livres': 51, 'variaveis_x_livres': 8740, 'variaveis_x_fixadas': 86250, 'status_solver': 'OPTIMAL', 'objetivo_anterior': 186728.5, 'objetivo_candidato': 186725.5, 'melhorou': True, 'objetivo_incumbente': 186725.5, 'tempo_gasto_s': 3.7, 'tempo_solver_s': 3.31, 'tempo_limite_subproblema_s': 600.0, 'curso': 'AGRO'}, {'ciclo': 1, 'passada': 1, 'iteracao': 3, 'vizinhanca': 'curso', 'recurso': 'CC', 'disciplinas_livres': 47, 'variaveis_x_livres': 10534, 'variaveis_x_fixadas': 84456, 'status_solver': 'OPTIMAL', 'objetivo_anterior': 186725.5, 'objetivo_candidato': 186725.5, 'melhorou': False, 'objetivo_incumbente': 186725.5, 'tempo_gasto_s': 1.1, 'tempo_solver_s': 0.76, 'tempo_limite_subproblema_s': 600.0, 'curso': 'CC'}, {'ciclo': 1, 'passada': 1, 'iteracao': 4, 'vizinhanca': 'curso', 'recurso': 'CS', 'disciplinas_livres': 22, 'variaveis_x_livres': 4554, 'variaveis_x_fixadas': 90436, 'status_solver': 'OPTIMAL', 'objetivo_anterior': 186725.5, 'objetivo_candidato': 186725.5, 'melhorou': False, 'objetivo_incumbente': 186725.5, 'tempo_gasto_s': 0.65, 'tempo_solver_s': 0.31, 'tempo_limite_subproblema_s': 600.0, 'curso': 'CS'}, {'ciclo': 1, 'passada': 1, 'iteracao': 5, 'vizinhanca': 'curso', 'recurso': 'EAS', 'disciplinas_livres': 45, 'variaveis_x_livres': 7452, 'variaveis_x_fixadas': 87538, 'status_solver': 'OPTIMAL', 'objetivo_anterior': 186725.5, 'objetivo_candidato': 186725.5, 'melhorou': False, 'objetivo_incumbente': 186725.5, 'tempo_gasto_s': 0.66, 'tempo_solver_s': 0.34, 'tempo_limite_subproblema_s': 600.0, 'curso': 'EAS'}, {'ciclo': 1, 'passada': 1, 'iteracao': 6, 'vizinhanca': 'curso', 'recurso': 'ENF', 'disciplinas_livres': 18, 'variaveis_x_livres': 8510, 'variaveis_x_fixadas': 86480, 'status_solver': 'OPTIMAL', 'objetivo_anterior': 186725.5, 'objetivo_candidato': 186270.5, 'melhorou': True, 'objetivo_incumbente': 186270.5, 'tempo_gasto_s': 4.24, 'tempo_solver_s': 3.92, 'tempo_limite_subproblema_s': 600.0, 'curso': 'ENF'}, {'ciclo': 1, 'passada': 1, 'iteracao': 7, 'vizinhanca': 'curso', 'recurso': 'FIL', 'disciplinas_livres': 15, 'variaveis_x_livres': 2760, 'variaveis_x_fixadas': 92230, 'status_solver': 'OPTIMAL', 'objetivo_anterior': 186270.5, 'objetivo_candidato': 186270.5, 'melhorou': False, 'objetivo_incumbente': 186270.5, 'tempo_gasto_s': 0.6, 'tempo_solver_s': 0.26, 'tempo_limite_subproblema_s': 600.0, 'curso': 'FIL'}, {'ciclo': 1, 'passada': 1, 'iteracao': 8, 'vizinhanca': 'curso', 'recurso': 'GEO', 'disciplinas_livres': 10, 'variaveis_x_livres': 2070, 'variaveis_x_fixadas': 92920, 'status_solver': 'OPTIMAL', 'objetivo_anterior': 186270.5, 'objetivo_candidato': 186270.5, 'melhorou': False, 'objetivo_incumbente': 186270.5, 'tempo_gasto_s': 0.62, 'tempo_solver_s': 0.28, 'tempo_limite_subproblema_s': 600.0, 'curso': 'GEO'}, {'ciclo': 1, 'passada': 1, 'iteracao': 9, 'vizinhanca': 'curso', 'recurso': 'HIS', 'disciplinas_livres': 24, 'variaveis_x_livres': 4784, 'variaveis_x_fixadas': 90206, 'status_solver': 'OPTIMAL', 'objetivo_anterior': 186270.5, 'objetivo_candidato': 186270.5, 'melhorou': False, 'objetivo_incumbente': 186270.5, 'tempo_gasto_s': 0.66, 'tempo_solver_s': 0.33, 'tempo_limite_subproblema_s': 600.0, 'curso': 'HIS'}, {'ciclo': 1, 'passada': 1, 'iteracao': 10, 'vizinhanca': 'curso', 'recurso': 'LET', 'disciplinas_livres': 36, 'variaveis_x_livres': 9154, 'variaveis_x_fixadas': 85836, 'status_solver': 'OPTIMAL', 'objetivo_anterior': 186270.5, 'objetivo_candidato': 186270.5, 'melhorou': False, 'objetivo_incumbente': 186270.5, 'tempo_gasto_s': 2.8, 'tempo_solver_s': 2.46, 'tempo_limite_subproblema_s': 600.0, 'curso': 'LET'}, {'ciclo': 1, 'passada': 1, 'iteracao': 11, 'vizinhanca': 'curso', 'recurso': 'MAT', 'disciplinas_livres': 23, 'variaveis_x_livres': 4968, 'variaveis_x_fixadas': 90022, 'status_solver': 'OPTIMAL', 'objetivo_anterior': 186270.5, 'objetivo_candidato': 186240.5, 'melhorou': True, 'objetivo_incumbente': 186240.5, 'tempo_gasto_s': 0.71, 'tempo_solver_s': 0.36, 'tempo_limite_subproblema_s': 600.0, 'curso': 'MAT'}, {'ciclo': 1, 'passada': 1, 'iteracao': 12, 'vizinhanca': 'curso', 'recurso': 'MED', 'disciplinas_livres': 41, 'variaveis_x_livres': 9384, 'variaveis_x_fixadas': 85606, 'status_solver': 'OPTIMAL', 'objetivo_anterior': 186240.5, 'objetivo_candidato': 186240.5, 'melhorou': False, 'objetivo_incumbente': 186240.5, 'tempo_gasto_s': 1.15, 'tempo_solver_s': 0.83, 'tempo_limite_subproblema_s': 600.0, 'curso': 'MED'}, {'ciclo': 1, 'passada': 1, 'iteracao': 13, 'vizinhanca': 'curso', 'recurso': 'PED', 'disciplinas_livres': 56, 'variaveis_x_livres': 12788, 'variaveis_x_fixadas': 82202, 'status_solver': 'OPTIMAL', 'objetivo_anterior': 186240.5, 'objetivo_candidato': 186190.5, 'melhorou': True, 'objetivo_incumbente': 186190.5, 'tempo_gasto_s': 4.48, 'tempo_solver_s': 4.14, 'tempo_limite_subproblema_s': 600.0, 'curso': 'PED'}, {'ciclo': 1, 'passada': 2, 'iteracao': 1, 'vizinhanca': 'curso', 'recurso': 'ADM', 'disciplinas_livres': 48, 'variaveis_x_livres': 9292, 'variaveis_x_fixadas': 85698, 'status_solver': 'OPTIMAL', 'objetivo_anterior': 186190.5, 'objetivo_candidato': 186190.5, 'melhorou': False, 'objetivo_incumbente': 186190.5, 'tempo_gasto_s': 0.93, 'tempo_solver_s': 0.59, 'tempo_limite_subproblema_s': 600.0, 'curso': 'ADM'}, {'ciclo': 1, 'passada': 2, 'iteracao': 2, 'vizinhanca': 'curso', 'recurso': 'AGRO', 'disciplinas_livres': 51, 'variaveis_x_livres': 8740, 'variaveis_x_fixadas': 86250, 'status_solver': 'OPTIMAL', 'objetivo_anterior': 186190.5, 'objetivo_candidato': 186190.5, 'melhorou': False, 'objetivo_incumbente': 186190.5, 'tempo_gasto_s': 3.88, 'tempo_solver_s': 3.53, 'tempo_limite_subproblema_s': 600.0, 'curso': 'AGRO'}, {'ciclo': 1, 'passada': 2, 'iteracao': 3, 'vizinhanca': 'curso', 'recurso': 'CC', 'disciplinas_livres': 47, 'variaveis_x_livres': 10534, 'variaveis_x_fixadas': 84456, 'status_solver': 'OPTIMAL', 'objetivo_anterior': 186190.5, 'objetivo_candidato': 186190.5, 'melhorou': False, 'objetivo_incumbente': 186190.5, 'tempo_gasto_s': 1.08, 'tempo_solver_s': 0.74, 'tempo_limite_subproblema_s': 600.0, 'curso': 'CC'}, {'ciclo': 1, 'passada': 2, 'iteracao': 4, 'vizinhanca': 'curso', 'recurso': 'CS', 'disciplinas_livres': 22, 'variaveis_x_livres': 4554, 'variaveis_x_fixadas': 90436, 'status_solver': 'OPTIMAL', 'objetivo_anterior': 186190.5, 'objetivo_candidato': 186190.5, 'melhorou': False, 'objetivo_incumbente': 186190.5, 'tempo_gasto_s': 0.64, 'tempo_solver_s': 0.31, 'tempo_limite_subproblema_s': 600.0, 'curso': 'CS'}, {'ciclo': 1, 'passada': 2, 'iteracao': 5, 'vizinhanca': 'curso', 'recurso': 'EAS', 'disciplinas_livres': 45, 'variaveis_x_livres': 7452, 'variaveis_x_fixadas': 87538, 'status_solver': 'OPTIMAL', 'objetivo_anterior': 186190.5, 'objetivo_candidato': 186190.5, 'melhorou': False, 'objetivo_incumbente': 186190.5, 'tempo_gasto_s': 0.65, 'tempo_solver_s': 0.33, 'tempo_limite_subproblema_s': 600.0, 'curso': 'EAS'}, {'ciclo': 1, 'passada': 2, 'iteracao': 6, 'vizinhanca': 'curso', 'recurso': 'ENF', 'disciplinas_livres': 18, 'variaveis_x_livres': 8510, 'variaveis_x_fixadas': 86480, 'status_solver': 'OPTIMAL', 'objetivo_anterior': 186190.5, 'objetivo_candidato': 186190.5, 'melhorou': False, 'objetivo_incumbente': 186190.5, 'tempo_gasto_s': 1.87, 'tempo_solver_s': 1.55, 'tempo_limite_subproblema_s': 600.0, 'curso': 'ENF'}, {'ciclo': 1, 'passada': 2, 'iteracao': 7, 'vizinhanca': 'curso', 'recurso': 'FIL', 'disciplinas_livres': 15, 'variaveis_x_livres': 2760, 'variaveis_x_fixadas': 92230, 'status_solver': 'OPTIMAL', 'objetivo_anterior': 186190.5, 'objetivo_candidato': 186190.5, 'melhorou': False, 'objetivo_incumbente': 186190.5, 'tempo_gasto_s': 0.6, 'tempo_solver_s': 0.28, 'tempo_limite_subproblema_s': 600.0, 'curso': 'FIL'}, {'ciclo': 1, 'passada': 2, 'iteracao': 8, 'vizinhanca': 'curso', 'recurso': 'GEO', 'disciplinas_livres': 10, 'variaveis_x_livres': 2070, 'variaveis_x_fixadas': 92920, 'status_solver': 'OPTIMAL', 'objetivo_anterior': 186190.5, 'objetivo_candidato': 186190.5, 'melhorou': False, 'objetivo_incumbente': 186190.5, 'tempo_gasto_s': 0.6, 'tempo_solver_s': 0.28, 'tempo_limite_subproblema_s': 600.0, 'curso': 'GEO'}, {'ciclo': 1, 'passada': 2, 'iteracao': 9, 'vizinhanca': 'curso', 'recurso': 'HIS', 'disciplinas_livres': 24, 'variaveis_x_livres': 4784, 'variaveis_x_fixadas': 90206, 'status_solver': 'OPTIMAL', 'objetivo_anterior': 186190.5, 'objetivo_candidato': 186190.5, 'melhorou': False, 'objetivo_incumbente': 186190.5, 'tempo_gasto_s': 0.65, 'tempo_solver_s': 0.33, 'tempo_limite_subproblema_s': 600.0, 'curso': 'HIS'}, {'ciclo': 1, 'passada': 2, 'iteracao': 10, 'vizinhanca': 'curso', 'recurso': 'LET', 'disciplinas_livres': 36, 'variaveis_x_livres': 9154, 'variaveis_x_fixadas': 85836, 'status_solver': 'OPTIMAL', 'objetivo_anterior': 186190.5, 'objetivo_candidato': 186190.5, 'melhorou': False, 'objetivo_incumbente': 186190.5, 'tempo_gasto_s': 2.97, 'tempo_solver_s': 2.64, 'tempo_limite_subproblema_s': 600.0, 'curso': 'LET'}, {'ciclo': 1, 'passada': 2, 'iteracao': 11, 'vizinhanca': 'curso', 'recurso': 'MAT', 'disciplinas_livres': 23, 'variaveis_x_livres': 4968, 'variaveis_x_fixadas': 90022, 'status_solver': 'OPTIMAL', 'objetivo_anterior': 186190.5, 'objetivo_candidato': 186190.5, 'melhorou': False, 'objetivo_incumbente': 186190.5, 'tempo_gasto_s': 0.69, 'tempo_solver_s': 0.35, 'tempo_limite_subproblema_s': 600.0, 'curso': 'MAT'}, {'ciclo': 1, 'passada': 2, 'iteracao': 12, 'vizinhanca': 'curso', 'recurso': 'MED', 'disciplinas_livres': 41, 'variaveis_x_livres': 9384, 'variaveis_x_fixadas': 85606, 'status_solver': 'OPTIMAL', 'objetivo_anterior': 186190.5, 'objetivo_candidato': 186190.5, 'melhorou': False, 'objetivo_incumbente': 186190.5, 'tempo_gasto_s': 1.09, 'tempo_solver_s': 0.77, 'tempo_limite_subproblema_s': 600.0, 'curso': 'MED'}, {'ciclo': 1, 'passada': 2, 'iteracao': 13, 'vizinhanca': 'curso', 'recurso': 'PED', 'disciplinas_livres': 56, 'variaveis_x_livres': 12788, 'variaveis_x_fixadas': 82202, 'status_solver': 'OPTIMAL', 'objetivo_anterior': 186190.5, 'objetivo_candidato': 186190.5, 'melhorou': False, 'objetivo_incumbente': 186190.5, 'tempo_gasto_s': 3.51, 'tempo_solver_s': 3.18, 'tempo_limite_subproblema_s': 600.0, 'curso': 'PED'}, {'ciclo': 1, 'passada': 3, 'iteracao': 1, 'vizinhanca': 'dia_turno', 'recurso': '2_M', 'disciplinas_livres': 38, 'variaveis_x_livres': 10212, 'variaveis_x_fixadas': 84778, 'status_solver': 'OPTIMAL', 'objetivo_anterior': 186190.5, 'objetivo_candidato': 186190.5, 'melhorou': False, 'objetivo_incumbente': 186190.5, 'tempo_gasto_s': 1.55, 'tempo_solver_s': 1.23, 'tempo_limite_subproblema_s': 600.0, 'dia': 2, 'turno': 'M'}, {'ciclo': 1, 'passada': 3, 'iteracao': 2, 'vizinhanca': 'dia_turno', 'recurso': '2_T', 'disciplinas_livres': 34, 'variaveis_x_livres': 12006, 'variaveis_x_fixadas': 82984, 'status_solver': 'OPTIMAL', 'objetivo_anterior': 186190.5, 'objetivo_candidato': 186190.5, 'melhorou': False, 'objetivo_incumbente': 186190.5, 'tempo_gasto_s': 1.28, 'tempo_solver_s': 0.96, 'tempo_limite_subproblema_s': 600.0, 'dia': 2, 'turno': 'T'}, {'ciclo': 1, 'passada': 3, 'iteracao': 3, 'vizinhanca': 'dia_turno', 'recurso': '2_N', 'disciplinas_livres': 41, 'variaveis_x_livres': 9522, 'variaveis_x_fixadas': 85468, 'status_solver': 'OPTIMAL', 'objetivo_anterior': 186190.5, 'objetivo_candidato': 186190.5, 'melhorou': False, 'objetivo_incumbente': 186190.5, 'tempo_gasto_s': 1.32, 'tempo_solver_s': 1.01, 'tempo_limite_subproblema_s': 600.0, 'dia': 2, 'turno': 'N'}, {'ciclo': 1, 'passada': 3, 'iteracao': 4, 'vizinhanca': 'dia_turno', 'recurso': '3_M', 'disciplinas_livres': 36, 'variaveis_x_livres': 10442, 'variaveis_x_fixadas': 84548, 'status_solver': 'OPTIMAL', 'objetivo_anterior': 186190.5, 'objetivo_candidato': 186190.5, 'melhorou': False, 'objetivo_incumbente': 186190.5, 'tempo_gasto_s': 1.86, 'tempo_solver_s': 1.55, 'tempo_limite_subproblema_s': 600.0, 'dia': 3, 'turno': 'M'}, {'ciclo': 1, 'passada': 3, 'iteracao': 5, 'vizinhanca': 'dia_turno', 'recurso': '3_T', 'disciplinas_livres': 34, 'variaveis_x_livres': 11684, 'variaveis_x_fixadas': 83306, 'status_solver': 'OPTIMAL', 'objetivo_anterior': 186190.5, 'objetivo_candidato': 186190.5, 'melhorou': False, 'objetivo_incumbente': 186190.5, 'tempo_gasto_s': 1.07, 'tempo_solver_s': 0.76, 'tempo_limite_subproblema_s': 600.0, 'dia': 3, 'turno': 'T'}, {'ciclo': 1, 'passada': 3, 'iteracao': 6, 'vizinhanca': 'dia_turno', 'recurso': '3_N', 'disciplinas_livres': 40, 'variaveis_x_livres': 7912, 'variaveis_x_fixadas': 87078, 'status_solver': 'OPTIMAL', 'objetivo_anterior': 186190.5, 'objetivo_candidato': 186190.5, 'melhorou': False, 'objetivo_incumbente': 186190.5, 'tempo_gasto_s': 1.56, 'tempo_solver_s': 1.24, 'tempo_limite_subproblema_s': 600.0, 'dia': 3, 'turno': 'N'}, {'ciclo': 1, 'passada': 3, 'iteracao': 7, 'vizinhanca': 'dia_turno', 'recurso': '4_M', 'disciplinas_livres': 35, 'variaveis_x_livres': 11224, 'variaveis_x_fixadas': 83766, 'status_solver': 'OPTIMAL', 'objetivo_anterior': 186190.5, 'objetivo_candidato': 186190.5, 'melhorou': False, 'objetivo_incumbente': 186190.5, 'tempo_gasto_s': 1.39, 'tempo_solver_s': 1.07, 'tempo_limite_subproblema_s': 600.0, 'dia': 4, 'turno': 'M'}, {'ciclo': 1, 'passada': 3, 'iteracao': 8, 'vizinhanca': 'dia_turno', 'recurso': '4_T', 'disciplinas_livres': 29, 'variaveis_x_livres': 10994, 'variaveis_x_fixadas': 83996, 'status_solver': 'OPTIMAL', 'objetivo_anterior': 186190.5, 'objetivo_candidato': 186190.5, 'melhorou': False, 'objetivo_incumbente': 186190.5, 'tempo_gasto_s': 0.99, 'tempo_solver_s': 0.67, 'tempo_limite_subproblema_s': 600.0, 'dia': 4, 'turno': 'T'}, {'ciclo': 1, 'passada': 3, 'iteracao': 9, 'vizinhanca': 'dia_turno', 'recurso': '4_N', 'disciplinas_livres': 42, 'variaveis_x_livres': 9890, 'variaveis_x_fixadas': 85100, 'status_solver': 'OPTIMAL', 'objetivo_anterior': 186190.5, 'objetivo_candidato': 186190.5, 'melhorou': False, 'objetivo_incumbente': 186190.5, 'tempo_gasto_s': 1.62, 'tempo_solver_s': 1.3, 'tempo_limite_subproblema_s': 600.0, 'dia': 4, 'turno': 'N'}, {'ciclo': 1, 'passada': 3, 'iteracao': 10, 'vizinhanca': 'dia_turno', 'recurso': '5_M', 'disciplinas_livres': 38, 'variaveis_x_livres': 11638, 'variaveis_x_fixadas': 83352, 'status_solver': 'OPTIMAL', 'objetivo_anterior': 186190.5, 'objetivo_candidato': 186190.5, 'melhorou': False, 'objetivo_incumbente': 186190.5, 'tempo_gasto_s': 1.7, 'tempo_solver_s': 1.4, 'tempo_limite_subproblema_s': 600.0, 'dia': 5, 'turno': 'M'}, {'ciclo': 1, 'passada': 3, 'iteracao': 11, 'vizinhanca': 'dia_turno', 'recurso': '5_T', 'disciplinas_livres': 31, 'variaveis_x_livres': 10902, 'variaveis_x_fixadas': 84088, 'status_solver': 'OPTIMAL', 'objetivo_anterior': 186190.5, 'objetivo_candidato': 186190.5, 'melhorou': False, 'objetivo_incumbente': 186190.5, 'tempo_gasto_s': 1.05, 'tempo_solver_s': 0.74, 'tempo_limite_subproblema_s': 600.0, 'dia': 5, 'turno': 'T'}, {'ciclo': 1, 'passada': 3, 'iteracao': 12, 'vizinhanca': 'dia_turno', 'recurso': '5_N', 'disciplinas_livres': 39, 'variaveis_x_livres': 8096, 'variaveis_x_fixadas': 86894, 'status_solver': 'OPTIMAL', 'objetivo_anterior': 186190.5, 'objetivo_candidato': 186190.5, 'melhorou': False, 'objetivo_incumbente': 186190.5, 'tempo_gasto_s': 1.31, 'tempo_solver_s': 0.99, 'tempo_limite_subproblema_s': 600.0, 'dia': 5, 'turno': 'N'}, {'ciclo': 1, 'passada': 3, 'iteracao': 13, 'vizinhanca': 'dia_turno', 'recurso': '6_M', 'disciplinas_livres': 32, 'variaveis_x_livres': 7222, 'variaveis_x_fixadas': 87768, 'status_solver': 'OPTIMAL', 'objetivo_anterior': 186190.5, 'objetivo_candidato': 186190.5, 'melhorou': False, 'objetivo_incumbente': 186190.5, 'tempo_gasto_s': 1.51, 'tempo_solver_s': 1.19, 'tempo_limite_subproblema_s': 600.0, 'dia': 6, 'turno': 'M'}, {'ciclo': 1, 'passada': 3, 'iteracao': 14, 'vizinhanca': 'dia_turno', 'recurso': '6_T', 'disciplinas_livres': 30, 'variaveis_x_livres': 11638, 'variaveis_x_fixadas': 83352, 'status_solver': 'OPTIMAL', 'objetivo_anterior': 186190.5, 'objetivo_candidato': 186190.5, 'melhorou': False, 'objetivo_incumbente': 186190.5, 'tempo_gasto_s': 1.14, 'tempo_solver_s': 0.82, 'tempo_limite_subproblema_s': 600.0, 'dia': 6, 'turno': 'T'}, {'ciclo': 1, 'passada': 3, 'iteracao': 15, 'vizinhanca': 'dia_turno', 'recurso': '6_N', 'disciplinas_livres': 39, 'variaveis_x_livres': 8602, 'variaveis_x_fixadas': 86388, 'status_solver': 'OPTIMAL', 'objetivo_anterior': 186190.5, 'objetivo_candidato': 186190.5, 'melhorou': False, 'objetivo_incumbente': 186190.5, 'tempo_gasto_s': 1.81, 'tempo_solver_s': 1.48, 'tempo_limite_subproblema_s': 600.0, 'dia': 6, 'turno': 'N'}, {'ciclo': 1, 'passada': 3, 'iteracao': 16, 'vizinhanca': 'dia_turno', 'recurso': '7_M', 'disciplinas_livres': 19, 'variaveis_x_livres': 8372, 'variaveis_x_fixadas': 86618, 'status_solver': 'OPTIMAL', 'objetivo_anterior': 186190.5, 'objetivo_candidato': 186190.5, 'melhorou': False, 'objetivo_incumbente': 186190.5, 'tempo_gasto_s': 0.93, 'tempo_solver_s': 0.61, 'tempo_limite_subproblema_s': 600.0, 'dia': 7, 'turno': 'M'}, {'ciclo': 1, 'passada': 3, 'iteracao': 17, 'vizinhanca': 'dia_turno', 'recurso': '7_T', 'disciplinas_livres': 9, 'variaveis_x_livres': 4646, 'variaveis_x_fixadas': 90344, 'status_solver': 'OPTIMAL', 'objetivo_anterior': 186190.5, 'objetivo_candidato': 186190.5, 'melhorou': False, 'objetivo_incumbente': 186190.5, 'tempo_gasto_s': 0.65, 'tempo_solver_s': 0.33, 'tempo_limite_subproblema_s': 600.0, 'dia': 7, 'turno': 'T'}, {'ciclo': 1, 'passada': 3, 'iteracao': 18, 'vizinhanca': 'dia_turno', 'recurso': '7_N', 'disciplinas_livres': 3, 'variaveis_x_livres': 2208, 'variaveis_x_fixadas': 92782, 'status_solver': 'OPTIMAL', 'objetivo_anterior': 186190.5, 'objetivo_candidato': 186190.5, 'melhorou': False, 'objetivo_incumbente': 186190.5, 'tempo_gasto_s': 0.61, 'tempo_solver_s': 0.29, 'tempo_limite_subproblema_s': 600.0, 'dia': 7, 'turno': 'N'}]}
