ciclo,passada,iteracao,vizinhanca,recurso,disciplinas_livres,variaveis_x_livres,variaveis_x_fixadas,status_solver,objetivo_anterior,objetivo_candidato,melhorou,objetivo_incumbente,tempo_gasto_s,tempo_solver_s,tempo_limite_subproblema_s,dia,turno,curso,ordem_cursos,seed_ordem_cursos,ordem_vizinhancas,seed_vizinhancas,tipo_componente,posicao_na_passada,posicao_no_componente,passada_completa,motivo_encerramento,tipo_registro,parametro_tipo_vizinhanca,parametro_tempo_modelo_inicial_s,parametro_tempo_heuristica_inicial_s,parametro_tempo_subproblema_s,parametro_tempo_total_maximo_s,parametro_apenas_uma_passada,parametro_salvar_candidatos,parametro_ordem_cursos_solicitada,parametro_seed_ordem_cursos_solicitada,parametro_ordem_cursos,parametro_seed_ordem_cursos,parametro_arquivo_horarios,parametro_arquivo_salas,parametro_arquivo_salas_preferenciais,parametro_diretorio_execucao,parametro_arquivo_melhor_solucao,parametro_arquivo_log_csv,parametro_arquivo_log_json,parametro_tipo_estrategia,parametro_componentes,parametro_criterio_repeticao,parametro_ordem_vizinhancas,parametro_seed_vizinhancas,parametro_gurobi_inicial_TimeLimit,parametro_gurobi_inicial_MIPFocus,parametro_gurobi_inicial_NoRelHeurTime,parametro_gurobi_subproblema_TimeLimit,parametro_gurobi_subproblema_MIPFocus,parametro_gurobi_subproblema_NoRelHeurTime,parametro_motivo_encerramento,curso_a,curso_b,posicao_par
1,1,1,dia_turno_curso,5_N_LET,68,15962,79028,OPTIMAL,186694.5,186635.5,True,186635.5,5.06,4.81,600.0,5,N,LET,alfabetica,,aleatoria_por_passada,42,dia_turno_curso,1,1,True,TEMPO_TOTAL,iteracao,combinada_cursos_exat_2_dia_turno_curso_aleatoria,180.0,180.0,600.0,14400.0,False,False,alfabetica,42,alfabetica,,./dados/2024_1/horarios_2024_1.xlsx,./dados/2024_1/salas_2024_1.csv,./dados/2024_1/salas_preferenciais_2024.1.xlsx,/Users/robertdrey/Documents/workspace/development/alocador_de_salas,resultados/experimentos/2024_1/novas_hibridas/combinada_aleatoria/20261002_003719_seed42/melhor.sol,resultados/experimentos/2024_1/novas_hibridas/combinada_aleatoria/20261002_003719_seed42/historico.csv,resultados/experimentos/2024_1/novas_hibridas/combinada_aleatoria/20261002_003719_seed42/historico.json,combinada_aleatoria,cursos_exat_2 + dia_turno_curso,qualquer_melhoria_na_passada,aleatoria_por_passada,42,180.0,1,180.0,600.0,1,0,TEMPO_TOTAL,,,
1,1,2,par_cursos,CC+MAT,70,15502,79488,OPTIMAL,186635.5,186605.5,True,186605.5,3.02,2.69,600.0,,,,alfabetica,,aleatoria_por_passada,42,cursos_exat_2,2,1,True,TEMPO_TOTAL,iteracao,combinada_cursos_exat_2_dia_turno_curso_aleatoria,180.0,180.0,600.0,14400.0,False,False,alfabetica,42,alfabetica,,./dados/2024_1/horarios_2024_1.xlsx,./dados/2024_1/salas_2024_1.csv,./dados/2024_1/salas_preferenciais_2024.1.xlsx,/Users/robertdrey/Documents/workspace/development/alocador_de_salas,resultados/experimentos/2024_1/novas_hibridas/combinada_aleatoria/20261002_003719_seed42/melhor.sol,resultados/experimentos/2024_1/novas_hibridas/combinada_aleatoria/20261002_003719_seed42/historico.csv,resultados/experimentos/2024_1/novas_hibridas/combinada_aleatoria/20261002_003719_seed42/historico.json,combinada_aleatoria,cursos_exat_2 + dia_turno_curso,qualquer_melhoria_na_passada,aleatoria_por_passada,42,180.0,1,180.0,600.0,1,0,TEMPO_TOTAL,CC,MAT,2
1,1,3,par_cursos,FIL+MED,56,12144,82846,OPTIMAL,186605.5,186605.5,False,186605.5,1.22,0.89,600.0,,,,alfabetica,,aleatoria_por_passada,42,cursos_exat_2,3,2,True,TEMPO_TOTAL,iteracao,combinada_cursos_exat_2_dia_turno_curso_aleatoria,180.0,180.0,600.0,14400.0,False,False,alfabetica,42,alfabetica,,./dados/2024_1/horarios_2024_1.xlsx,./dados/2024_1/salas_2024_1.csv,./dados/2024_1/salas_preferenciais_2024.1.xlsx,/Users/robertdrey/Documents/workspace/development/alocador_de_salas,resultados/experimentos/2024_1/novas_hibridas/combinada_aleatoria/20261002_003719_seed42/melhor.sol,resultados/experimentos/2024_1/novas_hibridas/combinada_aleatoria/20261002_003719_seed42/historico.csv,resultados/experimentos/2024_1/novas_hibridas/combinada_aleatoria/20261002_003719_seed42/historico.json,combinada_aleatoria,cursos_exat_2 + dia_turno_curso,qualquer_melhoria_na_passada,aleatoria_por_passada,42,180.0,1,180.0,600.0,1,0,TEMPO_TOTAL,FIL,MED,3
1,1,4,dia_turno_curso,4_T_CS,50,14950,80040,OPTIMAL,186605.5,186605.5,False,186605.5,1.29,0.96,600.0,4,T,CS,alfabetica,,aleatoria_por_passada,42,dia_turno_curso,4,2,True,TEMPO_TOTAL,iteracao,combinada_cursos_exat_2_dia_turno_curso_aleatoria,180.0,180.0,600.0,14400.0,False,False,alfabetica,42,alfabetica,,./dados/2024_1/horarios_2024_1.xlsx,./dados/2024_1/salas_2024_1.csv,./dados/2024_1/salas_preferenciais_2024.1.xlsx,/Users/robertdrey/Documents/workspace/development/alocador_de_salas,resultados/experimentos/2024_1/novas_hibridas/combinada_aleatoria/20261002_003719_seed42/melhor.sol,resultados/experimentos/2024_1/novas_hibridas/combinada_aleatoria/20261002_003719_seed42/historico.csv,resultados/experimentos/2024_1/novas_hibridas/combinada_aleatoria/20261002_003719_seed42/historico.json,combinada_aleatoria,cursos_exat_2 + dia_turno_curso,qualquer_melhoria_na_passada,aleatoria_por_passada,42,180.0,1,180.0,600.0,1,0,TEMPO_TOTAL,,,
1,1,5,dia_turno_curso,7_M_CC,63,17480,77510,OPTIMAL,186605.5,186605.5,False,186605.5,2.53,2.2,600.0,7,M,CC,alfabetica,,aleatoria_por_passada,42,dia_turno_curso,5,3,True,TEMPO_TOTAL,iteracao,combinada_cursos_exat_2_dia_turno_curso_aleatoria,180.0,180.0,600.0,14400.0,False,False,alfabetica,42,alfabetica,,./dados/2024_1/horarios_2024_1.xlsx,./dados/2024_1/salas_2024_1.csv,./dados/2024_1/salas_preferenciais_2024.1.xlsx,/Users/robertdrey/Documents/workspace/development/alocador_de_salas,resultados/experimentos/2024_1/novas_hibridas/combinada_aleatoria/20261002_003719_seed42/melhor.sol,resultados/experimentos/2024_1/novas_hibridas/combinada_aleatoria/20261002_003719_seed42/historico.csv,resultados/experimentos/2024_1/novas_hibridas/combinada_aleatoria/20261002_003719_seed42/historico.json,combinada_aleatoria,cursos_exat_2 + dia_turno_curso,qualquer_melhoria_na_passada,aleatoria_por_passada,42,180.0,1,180.0,600.0,1,0,TEMPO_TOTAL,,,
1,1,6,dia_turno_curso,5_T_EAS,71,17342,77648,OPTIMAL,186605.5,186520.5,True,186520.5,1.51,1.2,600.0,5,T,EAS,alfabetica,,aleatoria_por_passada,42,dia_turno_curso,6,4,True,TEMPO_TOTAL,iteracao,combinada_cursos_exat_2_dia_turno_curso_aleatoria,180.0,180.0,600.0,14400.0,False,False,alfabetica,42,alfabetica,,./dados/2024_1/horarios_2024_1.xlsx,./dados/2024_1/salas_2024_1.csv,./dados/2024_1/salas_preferenciais_2024.1.xlsx,/Users/robertdrey/Documents/workspace/development/alocador_de_salas,resultados/experimentos/2024_1/novas_hibridas/combinada_aleatoria/20261002_003719_seed42/melhor.sol,resultados/experimentos/2024_1/novas_hibridas/combinada_aleatoria/20261002_003719_seed42/historico.csv,resultados/experimentos/2024_1/novas_hibridas/combinada_aleatoria/20261002_003719_seed42/historico.json,combinada_aleatoria,cursos_exat_2 + dia_turno_curso,qualquer_melhoria_na_passada,aleatoria_por_passada,42,180.0,1,180.0,600.0,1,0,TEMPO_TOTAL,,,
1,1,7,par_cursos,EAS+HIS,69,12236,82754,OPTIMAL,186520.5,186520.5,False,186520.5,0.91,0.59,600.0,,,,alfabetica,,aleatoria_por_passada,42,cursos_exat_2,7,3,True,TEMPO_TOTAL,iteracao,combinada_cursos_exat_2_dia_turno_curso_aleatoria,180.0,180.0,600.0,14400.0,False,False,alfabetica,42,alfabetica,,./dados/2024_1/horarios_2024_1.xlsx,./dados/2024_1/salas_2024_1.csv,./dados/2024_1/salas_preferenciais_2024.1.xlsx,/Users/robertdrey/Documents/workspace/development/alocador_de_salas,resultados/experimentos/2024_1/novas_hibridas/combinada_aleatoria/20261002_003719_seed42/melhor.sol,resultados/experimentos/2024_1/novas_hibridas/combinada_aleatoria/20261002_003719_seed42/historico.csv,resultados/experimentos/2024_1/novas_hibridas/combinada_aleatoria/20261002_003719_seed42/historico.json,combinada_aleatoria,cursos_exat_2 + dia_turno_curso,qualquer_melhoria_na_passada,aleatoria_por_passada,42,180.0,1,180.0,600.0,1,0,TEMPO_TOTAL,EAS,HIS,7
1,1,8,par_cursos,EAS+MAT,68,12420,82570,OPTIMAL,186520.5,186510.5,True,186510.5,1.25,0.9,600.0,,,,alfabetica,,aleatoria_por_passada,42,cursos_exat_2,8,4,True,TEMPO_TOTAL,iteracao,combinada_cursos_exat_2_dia_turno_curso_aleatoria,180.0,180.0,600.0,14400.0,False,False,alfabetica,42,alfabetica,,./dados/2024_1/horarios_2024_1.xlsx,./dados/2024_1/salas_2024_1.csv,./dados/2024_1/salas_preferenciais_2024.1.xlsx,/Users/robertdrey/Documents/workspace/development/alocador_de_salas,resultados/experimentos/2024_1/novas_hibridas/combinada_aleatoria/20261002_003719_seed42/melhor.sol,resultados/experimentos/2024_1/novas_hibridas/combinada_aleatoria/20261002_003719_seed42/historico.csv,resultados/experimentos/2024_1/novas_hibridas/combinada_aleatoria/20261002_003719_seed42/historico.json,combinada_aleatoria,cursos_exat_2 + dia_turno_curso,qualquer_melhoria_na_passada,aleatoria_por_passada,42,180.0,1,180.0,600.0,1,0,TEMPO_TOTAL,EAS,MAT,8
1,1,9,par_cursos,EAS+ENF,63,15962,79028,OPTIMAL,186510.5,186292.5,True,186292.5,22.38,22.05,600.0,,,,alfabetica,,aleatoria_por_passada,42,cursos_exat_2,9,5,True,TEMPO_TOTAL,iteracao,combinada_cursos_exat_2_dia_turno_curso_aleatoria,180.0,180.0,600.0,14400.0,False,False,alfabetica,42,alfabetica,,./dados/2024_1/horarios_2024_1.xlsx,./dados/2024_1/salas_2024_1.csv,./dados/2024_1/salas_preferenciais_2024.1.xlsx,/Users/robertdrey/Documents/workspace/development/alocador_de_salas,resultados/experimentos/2024_1/novas_hibridas/combinada_aleatoria/20261002_003719_seed42/melhor.sol,resultados/experimentos/2024_1/novas_hibridas/combinada_aleatoria/20261002_003719_seed42/historico.csv,resultados/experimentos/2024_1/novas_hibridas/combinada_aleatoria/20261002_003719_seed42/historico.json,combinada_aleatoria,cursos_exat_2 + dia_turno_curso,qualquer_melhoria_na_passada,aleatoria_por_passada,42,180.0,1,180.0,600.0,1,0,TEMPO_TOTAL,EAS,ENF,9
1,1,10,dia_turno_curso,3_N_PED,91,19504,75486,OPTIMAL,186292.5,186242.5,True,186242.5,10.24,9.93,600.0,3,N,PED,alfabetica,,aleatoria_por_passada,42,dia_turno_curso,10,5,True,TEMPO_TOTAL,iteracao,combinada_cursos_exat_2_dia_turno_curso_aleatoria,180.0,180.0,600.0,14400.0,False,False,alfabetica,42,alfabetica,,./dados/2024_1/horarios_2024_1.xlsx,./dados/2024_1/salas_2024_1.csv,./dados/2024_1/salas_preferenciais_2024.1.xlsx,/Users/robertdrey/Documents/workspace/development/alocador_de_salas,resultados/experimentos/2024_1/novas_hibridas/combinada_aleatoria/20261002_003719_seed42/melhor.sol,resultados/experimentos/2024_1/novas_hibridas/combinada_aleatoria/20261002_003719_seed42/historico.csv,resultados/experimentos/2024_1/novas_hibridas/combinada_aleatoria/20261002_003719_seed42/historico.json,combinada_aleatoria,cursos_exat_2 + dia_turno_curso,qualquer_melhoria_na_passada,aleatoria_por_passada,42,180.0,1,180.0,600.0,1,0,TEMPO_TOTAL,,,
1,1,11,par_cursos,ADM+EAS,93,16744,78246,OPTIMAL,186242.5,186209.5,True,186209.5,1.63,1.29,600.0,,,,alfabetica,,aleatoria_por_passada,42,cursos_exat_2,11,6,True,TEMPO_TOTAL,iteracao,combinada_cursos_exat_2_dia_turno_curso_aleatoria,180.0,180.0,600.0,14400.0,False,False,alfabetica,42,alfabetica,,./dados/2024_1/horarios_2024_1.xlsx,./dados/2024_1/salas_2024_1.csv,./dados/2024_1/salas_preferenciais_2024.1.xlsx,/Users/robertdrey/Documents/workspace/development/alocador_de_salas,resultados/experimentos/2024_1/novas_hibridas/combinada_aleatoria/20261002_003719_seed42/melhor.sol,resultados/experimentos/2024_1/novas_hibridas/combinada_aleatoria/20261002_003719_seed42/historico.csv,resultados/experimentos/2024_1/novas_hibridas/combinada_aleatoria/20261002_003719_seed42/historico.json,combinada_aleatoria,cursos_exat_2 + dia_turno_curso,qualquer_melhoria_na_passada,aleatoria_por_passada,42,180.0,1,180.0,600.0,1,0,TEMPO_TOTAL,ADM,EAS,11
1,1,12,dia_turno_curso,3_T_AGRO,82,19872,75118,OPTIMAL,186209.5,186121.0,True,186121.0,11.13,10.79,600.0,3,T,AGRO,alfabetica,,aleatoria_por_passada,42,dia_turno_curso,12,6,True,TEMPO_TOTAL,iteracao,combinada_cursos_exat_2_dia_turno_curso_aleatoria,180.0,180.0,600.0,14400.0,False,False,alfabetica,42,alfabetica,,./dados/2024_1/horarios_2024_1.xlsx,./dados/2024_1/salas_2024_1.csv,./dados/2024_1/salas_preferenciais_2024.1.xlsx,/Users/robertdrey/Documents/workspace/development/alocador_de_salas,resultados/experimentos/2024_1/novas_hibridas/combinada_aleatoria/20261002_003719_seed42/melhor.sol,resultados/experimentos/2024_1/novas_hibridas/combinada_aleatoria/20261002_003719_seed42/historico.csv,resultados/experimentos/2024_1/novas_hibridas/combinada_aleatoria/20261002_003719_seed42/historico.json,combinada_aleatoria,cursos_exat_2 + dia_turno_curso,qualquer_melhoria_na_passada,aleatoria_por_passada,42,180.0,1,180.0,600.0,1,0,TEMPO_TOTAL,,,
1,1,13,par_cursos,EAS+GEO,55,9522,85468,OPTIMAL,186121.0,186113.0,True,186113.0,0.77,0.45,600.0,,,,alfabetica,,aleatoria_por_passada,42,cursos_exat_2,13,7,True,TEMPO_TOTAL,iteracao,combinada_cursos_exat_2_dia_turno_curso_aleatoria,180.0,180.0,600.0,14400.0,False,False,alfabetica,42,alfabetica,,./dados/2024_1/horarios_2024_1.xlsx,./dados/2024_1/salas_2024_1.csv,./dados/2024_1/salas_preferenciais_2024.1.xlsx,/Users/robertdrey/Documents/workspace/development/alocador_de_salas,resultados/experimentos/2024_1/novas_hibridas/combinada_aleatoria/20261002_003719_seed42/melhor.sol,resultados/experimentos/2024_1/novas_hibridas/combinada_aleatoria/20261002_003719_seed42/historico.csv,resultados/experimentos/2024_1/novas_hibridas/combinada_aleatoria/20261002_003719_seed42/historico.json,combinada_aleatoria,cursos_exat_2 + dia_turno_curso,qualquer_melhoria_na_passada,aleatoria_por_passada,42,180.0,1,180.0,600.0,1,0,TEMPO_TOTAL,EAS,GEO,13
1,1,14,par_cursos,AGRO+CS,73,13294,81696,OPTIMAL,186113.0,186113.0,False,186113.0,5.91,5.59,600.0,,,,alfabetica,,aleatoria_por_passada,42,cursos_exat_2,14,8,True,TEMPO_TOTAL,iteracao,combinada_cursos_exat_2_dia_turno_curso_aleatoria,180.0,180.0,600.0,14400.0,False,False,alfabetica,42,alfabetica,,./dados/2024_1/horarios_2024_1.xlsx,./dados/2024_1/salas_2024_1.csv,./dados/2024_1/salas_preferenciais_2024.1.xlsx,/Users/robertdrey/Documents/workspace/development/alocador_de_salas,resultados/experimentos/2024_1/novas_hibridas/combinada_aleatoria/20261002_003719_seed42/melhor.sol,resultados/experimentos/2024_1/novas_hibridas/combinada_aleatoria/20261002_003719_seed42/historico.csv,resultados/experimentos/2024_1/novas_hibridas/combinada_aleatoria/20261002_003719_seed42/historico.json,combinada_aleatoria,cursos_exat_2 + dia_turno_curso,qualquer_melhoria_na_passada,aleatoria_por_passada,42,180.0,1,180.0,600.0,1,0,TEMPO_TOTAL,AGRO,CS,14
1,1,15,dia_turno_curso,5_N_PED,90,19780,75210,OPTIMAL,186113.0,186093.0,True,186093.0,5.17,4.85,600.0,5,N,PED,alfabetica,,aleatoria_por_passada,42,dia_turno_curso,15,7,True,TEMPO_TOTAL,iteracao,combinada_cursos_exat_2_dia_turno_curso_aleatoria,180.0,180.0,600.0,14400.0,False,False,alfabetica,42,alfabetica,,./dados/2024_1/horarios_2024_1.xlsx,./dados/2024_1/salas_2024_1.csv,./dados/2024_1/salas_preferenciais_2024.1.xlsx,/Users/robertdrey/Documents/workspace/development/alocador_de_salas,resultados/experimentos/2024_1/novas_hibridas/combinada_aleatoria/20261002_003719_seed42/melhor.sol,resultados/experimentos/2024_1/novas_hibridas/combinada_aleatoria/20261002_003719_seed42/historico.csv,resultados/experimentos/2024_1/novas_hibridas/combinada_aleatoria/20261002_003719_seed42/historico.json,combinada_aleatoria,cursos_exat_2 + dia_turno_curso,qualquer_melhoria_na_passada,aleatoria_por_passada,42,180.0,1,180.0,600.0,1,0,TEMPO_TOTAL,,,
1,1,16,par_cursos,MED+PED,97,22172,72818,OPTIMAL,186093.0,186093.0,False,186093.0,5.29,4.98,600.0,,,,alfabetica,,aleatoria_por_passada,42,cursos_exat_2,16,9,True,TEMPO_TOTAL,iteracao,combinada_cursos_exat_2_dia_turno_curso_aleatoria,180.0,180.0,600.0,14400.0,False,False,alfabetica,42,alfabetica,,./dados/2024_1/horarios_2024_1.xlsx,./dados/2024_1/salas_2024_1.csv,./dados/2024_1/salas_preferenciais_2024.1.xlsx,/Users/robertdrey/Documents/workspace/development/alocador_de_salas,resultados/experimentos/2024_1/novas_hibridas/combinada_aleatoria/20261002_003719_seed42/melhor.sol,resultados/experimentos/2024_1/novas_hibridas/combinada_aleatoria/20261002_003719_seed42/historico.csv,resultados/experimentos/2024_1/novas_hibridas/combinada_aleatoria/20261002_003719_seed42/historico.json,combinada_aleatoria,cursos_exat_2 + dia_turno_curso,qualquer_melhoria_na_passada,aleatoria_por_passada,42,180.0,1,180.0,600.0,1,0,TEMPO_TOTAL,MED,PED,16
1,1,17,par_cursos,ADM+FIL,63,12052,82938,OPTIMAL,186093.0,186093.0,False,186093.0,1.11,0.77,600.0,,,,alfabetica,,aleatoria_por_passada,42,cursos_exat_2,17,10,True,TEMPO_TOTAL,iteracao,combinada_cursos_exat_2_dia_turno_curso_aleatoria,180.0,180.0,600.0,14400.0,False,False,alfabetica,42,alfabetica,,./dados/2024_1/horarios_2024_1.xlsx,./dados/2024_1/salas_2024_1.csv,./dados/2024_1/salas_preferenciais_2024.1.xlsx,/Users/robertdrey/Documents/workspace/development/alocador_de_salas,resultados/experimentos/2024_1/novas_hibridas/combinada_aleatoria/20261002_003719_seed42/melhor.sol,resultados/experimentos/2024_1/novas_hibridas/combinada_aleatoria/20261002_003719_seed42/historico.csv,resultados/experimentos/2024_1/novas_hibridas/combinada_aleatoria/20261002_003719_seed42/historico.json,combinada_aleatoria,cursos_exat_2 + dia_turno_curso,qualquer_melhoria_na_passada,aleatoria_por_passada,42,180.0,1,180.0,600.0,1,0,TEMPO_TOTAL,ADM,FIL,17
1,1,18,par_cursos,AGRO+MED,92,18124,76866,TIME_LIMIT,186093.0,185947.0,True,185947.0,600.38,600.05,600.0,,,,alfabetica,,aleatoria_por_passada,42,cursos_exat_2,18,11,True,TEMPO_TOTAL,iteracao,combinada_cursos_exat_2_dia_turno_curso_aleatoria,180.0,180.0,600.0,14400.0,False,False,alfabetica,42,alfabetica,,./dados/2024_1/horarios_2024_1.xlsx,./dados/2024_1/salas_2024_1.csv,./dados/2024_1/salas_preferenciais_2024.1.xlsx,/Users/robertdrey/Documents/workspace/development/alocador_de_salas,resultados/experimentos/2024_1/novas_hibridas/combinada_aleatoria/20261002_003719_seed42/melhor.sol,resultados/experimentos/2024_1/novas_hibridas/combinada_aleatoria/20261002_003719_seed42/historico.csv,resultados/experimentos/2024_1/novas_hibridas/combinada_aleatoria/20261002_003719_seed42/historico.json,combinada_aleatoria,cursos_exat_2 + dia_turno_curso,qualquer_melhoria_na_passada,aleatoria_por_passada,42,180.0,1,180.0,600.0,1,0,TEMPO_TOTAL,AGRO,MED,18
1,1,19,dia_turno_curso,6_T_LET,63,18998,75992,OPTIMAL,185947.0,185937.0,True,185937.0,3.07,2.73,600.0,6,T,LET,alfabetica,,aleatoria_por_passada,42,dia_turno_curso,19,8,True,TEMPO_TOTAL,iteracao,combinada_cursos_exat_2_dia_turno_curso_aleatoria,180.0,180.0,600.0,14400.0,False,False,alfabetica,42,alfabetica,,./dados/2024_1/horarios_2024_1.xlsx,./dados/2024_1/salas_2024_1.csv,./dados/2024_1/salas_preferenciais_2024.1.xlsx,/Users/robertdrey/Documents/workspace/development/alocador_de_salas,resultados/experimentos/2024_1/novas_hibridas/combinada_aleatoria/20261002_003719_seed42/melhor.sol,resultados/experimentos/2024_1/novas_hibridas/combinada_aleatoria/20261002_003719_seed42/historico.csv,resultados/experimentos/2024_1/novas_hibridas/combinada_aleatoria/20261002_003719_seed42/historico.json,combinada_aleatoria,cursos_exat_2 + dia_turno_curso,qualquer_melhoria_na_passada,aleatoria_por_passada,42,180.0,1,180.0,600.0,1,0,TEMPO_TOTAL,,,
1,1,20,par_cursos,GEO+LET,46,11224,83766,OPTIMAL,185937.0,185937.0,False,185937.0,9.9,9.57,600.0,,,,alfabetica,,aleatoria_por_passada,42,cursos_exat_2,20,12,True,TEMPO_TOTAL,iteracao,combinada_cursos_exat_2_dia_turno_curso_aleatoria,180.0,180.0,600.0,14400.0,False,False,alfabetica,42,alfabetica,,./dados/2024_1/horarios_2024_1.xlsx,./dados/2024_1/salas_2024_1.csv,./dados/2024_1/salas_preferenciais_2024.1.xlsx,/Users/robertdrey/Documents/workspace/development/alocador_de_salas,resultados/experimentos/2024_1/novas_hibridas/combinada_aleatoria/20261002_003719_seed42/melhor.sol,resultados/experimentos/2024_1/novas_hibridas/combinada_aleatoria/20261002_003719_seed42/historico.csv,resultados/experimentos/2024_1/novas_hibridas/combinada_aleatoria/20261002_003719_seed42/historico.json,combinada_aleatoria,cursos_exat_2 + dia_turno_curso,qualquer_melhoria_na_passada,aleatoria_por_passada,42,180.0,1,180.0,600.0,1,0,TEMPO_TOTAL,GEO,LET,20
1,1,21,dia_turno_curso,4_M_EAS,74,17756,77234,OPTIMAL,185937.0,185937.0,False,185937.0,2.33,2.01,600.0,4,M,EAS,alfabetica,,aleatoria_por_passada,42,dia_turno_curso,21,9,True,TEMPO_TOTAL,iteracao,combinada_cursos_exat_2_dia_turno_curso_aleatoria,180.0,180.0,600.0,14400.0,False,False,alfabetica,42,alfabetica,,./dados/2024_1/horarios_2024_1.xlsx,./dados/2024_1/salas_2024_1.csv,./dados/2024_1/salas_preferenciais_2024.1.xlsx,/Users/robertdrey/Documents/workspace/development/alocador_de_salas,resultados/experimentos/2024_1/novas_hibridas/combinada_aleatoria/20261002_003719_seed42/melhor.sol,resultados/experimentos/2024_1/novas_hibridas/combinada_aleatoria/20261002_003719_seed42/historico.csv,resultados/experimentos/2024_1/novas_hibridas/combinada_aleatoria/20261002_003719_seed42/historico.json,combinada_aleatoria,cursos_exat_2 + dia_turno_curso,qualquer_melhoria_na_passada,aleatoria_por_passada,42,180.0,1,180.0,600.0,1,0,TEMPO_TOTAL,,,
1,1,22,dia_turno_curso,5_T_MED,67,19274,75716,OPTIMAL,185937.0,185937.0,False,185937.0,2.03,1.73,600.0,5,T,MED,alfabetica,,aleatoria_por_passada,42,dia_turno_curso,22,10,True,TEMPO_TOTAL,iteracao,combinada_cursos_exat_2_dia_turno_curso_aleatoria,180.0,180.0,600.0,14400.0,False,False,alfabetica,42,alfabetica,,./dados/2024_1/horarios_2024_1.xlsx,./dados/2024_1/salas_2024_1.csv,./dados/2024_1/salas_preferenciais_2024.1.xlsx,/Users/robertdrey/Documents/workspace/development/alocador_de_salas,resultados/experimentos/2024_1/novas_hibridas/combinada_aleatoria/20261002_003719_seed42/melhor.sol,resultados/experimentos/2024_1/novas_hibridas/combinada_aleatoria/20261002_003719_seed42/historico.csv,resultados/experimentos/2024_1/novas_hibridas/combinada_aleatoria/20261002_003719_seed42/historico.json,combinada_aleatoria,cursos_exat_2 + dia_turno_curso,qualquer_melhoria_na_passada,aleatoria_por_passada,42,180.0,1,180.0,600.0,1,0,TEMPO_TOTAL,,,
1,1,23,dia_turno_curso,4_N_CS,60,13294,81696,OPTIMAL,185937.0,185937.0,False,185937.0,2.0,1.71,600.0,4,N,CS,alfabetica,,aleatoria_por_passada,42,dia_turno_curso,23,11,True,TEMPO_TOTAL,iteracao,combinada_cursos_exat_2_dia_turno_curso_aleatoria,180.0,180.0,600.0,14400.0,False,False,alfabetica,42,alfabetica,,./dados/2024_1/horarios_2024_1.xlsx,./dados/2024_1/salas_2024_1.csv,./dados/2024_1/salas_preferenciais_2024.1.xlsx,/Users/robertdrey/Documents/workspace/development/alocador_de_salas,resultados/experimentos/2024_1/novas_hibridas/combinada_aleatoria/20261002_003719_seed42/melhor.sol,resultados/experimentos/2024_1/novas_hibridas/combinada_aleatoria/20261002_003719_seed42/historico.csv,resultados/experimentos/2024_1/novas_hibridas/combinada_aleatoria/20261002_003719_seed42/historico.json,combinada_aleatoria,cursos_exat_2 + dia_turno_curso,qualquer_melhoria_na_passada,aleatoria_por_passada,42,180.0,1,180.0,600.0,1,0,TEMPO_TOTAL,,,
1,1,24,par_cursos,CS+GEO,32,6624,88366,OPTIMAL,185937.0,185937.0,False,185937.0,0.64,0.33,600.0,,,,alfabetica,,aleatoria_por_passada,42,cursos_exat_2,24,13,True,TEMPO_TOTAL,iteracao,combinada_cursos_exat_2_dia_turno_curso_aleatoria,180.0,180.0,600.0,14400.0,False,False,alfabetica,42,alfabetica,,./dados/2024_1/horarios_2024_1.xlsx,./dados/2024_1/salas_2024_1.csv,./dados/2024_1/salas_preferenciais_2024.1.xlsx,/Users/robertdrey/Documents/workspace/development/alocador_de_salas,resultados/experimentos/2024_1/novas_hibridas/combinada_aleatoria/20261002_003719_seed42/melhor.sol,resultados/experimentos/2024_1/novas_hibridas/combinada_aleatoria/20261002_003719_seed42/historico.csv,resultados/experimentos/2024_1/novas_hibridas/combinada_aleatoria/20261002_003719_seed42/historico.json,combinada_aleatoria,cursos_exat_2 + dia_turno_curso,qualquer_melhoria_na_passada,aleatoria_por_passada,42,180.0,1,180.0,600.0,1,0,TEMPO_TOTAL,CS,GEO,24
1,1,25,dia_turno_curso,2_M_AGRO,82,17250,77740,OPTIMAL,185937.0,185937.0,False,185937.0,7.4,7.09,600.0,2,M,AGRO,alfabetica,,aleatoria_por_passada,42,dia_turno_curso,25,12,True,TEMPO_TOTAL,iteracao,combinada_cursos_exat_2_dia_turno_curso_aleatoria,180.0,180.0,600.0,14400.0,False,False,alfabetica,42,alfabetica,,./dados/2024_1/horarios_2024_1.xlsx,./dados/2024_1/salas_2024_1.csv,./dados/2024_1/salas_preferenciais_2024.1.xlsx,/Users/robertdrey/Documents/workspace/development/alocador_de_salas,resultados/experimentos/2024_1/novas_hibridas/combinada_aleatoria/20261002_003719_seed42/melhor.sol,resultados/experimentos/2024_1/novas_hibridas/combinada_aleatoria/20261002_003719_seed42/historico.csv,resultados/experimentos/2024_1/novas_hibridas/combinada_aleatoria/20261002_003719_seed42/historico.json,combinada_aleatoria,cursos_exat_2 + dia_turno_curso,qualquer_melhoria_na_passada,aleatoria_por_passada,42,180.0,1,180.0,600.0,1,0,TEMPO_TOTAL,,,
1,1,26,dia_turno_curso,5_N_FIL,51,10304,84686,OPTIMAL,185937.0,185937.0,False,185937.0,1.69,1.38,600.0,5,N,FIL,alfabetica,,aleatoria_por_passada,42,dia_turno_curso,26,13,True,TEMPO_TOTAL,iteracao,combinada_cursos_exat_2_dia_turno_curso_aleatoria,180.0,180.0,600.0,14400.0,False,False,alfabetica,42,alfabetica,,./dados/2024_1/horarios_2024_1.xlsx,./dados/2024_1/salas_2024_1.csv,./dados/2024_1/salas_preferenciais_2024.1.xlsx,/Users/robertdrey/Documents/workspace/development/alocador_de_salas,resultados/experimentos/2024_1/novas_hibridas/combinada_aleatoria/20261002_003719_seed42/melhor.sol,resultados/experimentos/2024_1/novas_hibridas/combinada_aleatoria/20261002_003719_seed42/historico.csv,resultados/experimentos/2024_1/novas_hibridas/combinada_aleatoria/20261002_003719_seed42/historico.json,combinada_aleatoria,cursos_exat_2 + dia_turno_curso,qualquer_melhoria_na_passada,aleatoria_por_passada,42,180.0,1,180.0,600.0,1,0,TEMPO_TOTAL,,,
1,1,27,par_cursos,ADM+CS,70,13846,81144,OPTIMAL,185937.0,185937.0,False,185937.0,1.5,1.18,600.0,,,,alfabetica,,aleatoria_por_passada,42,cursos_exat_2,27,14,True,TEMPO_TOTAL,iteracao,combinada_cursos_exat_2_dia_turno_curso_aleatoria,180.0,180.0,600.0,14400.0,False,False,alfabetica,42,alfabetica,,./dados/2024_1/horarios_2024_1.xlsx,./dados/2024_1/salas_2024_1.csv,./dados/2024_1/salas_preferenciais_2024.1.xlsx,/Users/robertdrey/Documents/workspace/development/alocador_de_salas,resultados/experimentos/2024_1/novas_hibridas/combinada_aleatoria/20261002_003719_seed42/melhor.sol,resultados/experimentos/2024_1/novas_hibridas/combinada_aleatoria/20261002_003719_seed42/historico.csv,resultados/experimentos/2024_1/novas_hibridas/combinada_aleatoria/20261002_003719_seed42/historico.json,combinada_aleatoria,cursos_exat_2 + dia_turno_curso,qualquer_melhoria_na_passada,aleatoria_por_passada,42,180.0,1,180.0,600.0,1,0,TEMPO_TOTAL,ADM,CS,27
1,1,28,dia_turno_curso,2_N_MED,81,18630,76360,OPTIMAL,185937.0,185937.0,False,185937.0,2.13,1.81,600.0,2,N,MED,alfabetica,,aleatoria_por_passada,42,dia_turno_curso,28,14,True,TEMPO_TOTAL,iteracao,combinada_cursos_exat_2_dia_turno_curso_aleatoria,180.0,180.0,600.0,14400.0,False,False,alfabetica,42,alfabetica,,./dados/2024_1/horarios_2024_1.xlsx,./dados/2024_1/salas_2024_1.csv,./dados/2024_1/salas_preferenciais_2024.1.xlsx,/Users/robertdrey/Documents/workspace/development/alocador_de_salas,resultados/experimentos/2024_1/novas_hibridas/combinada_aleatoria/20261002_003719_seed42/melhor.sol,resultados/experimentos/2024_1/novas_hibridas/combinada_aleatoria/20261002_003719_seed42/historico.csv,resultados/experimentos/2024_1/novas_hibridas/combinada_aleatoria/20261002_003719_seed42/historico.json,combinada_aleatoria,cursos_exat_2 + dia_turno_curso,qualquer_melhoria_na_passada,aleatoria_por_passada,42,180.0,1,180.0,600.0,1,0,TEMPO_TOTAL,,,
1,1,29,dia_turno_curso,2_T_GEO,43,13846,81144,OPTIMAL,185937.0,185937.0,False,185937.0,1.46,1.16,600.0,2,T,GEO,alfabetica,,aleatoria_por_passada,42,dia_turno_curso,29,15,True,TEMPO_TOTAL,iteracao,combinada_cursos_exat_2_dia_turno_curso_aleatoria,180.0,180.0,600.0,14400.0,False,False,alfabetica,42,alfabetica,,./dados/2024_1/horarios_2024_1.xlsx,./dados/2024_1/salas_2024_1.csv,./dados/2024_1/salas_preferenciais_2024.1.xlsx,/Users/robertdrey/Documents/workspace/development/alocador_de_salas,resultados/experimentos/2024_1/novas_hibridas/combinada_aleatoria/20261002_003719_seed42/melhor.sol,resultados/experimentos/2024_1/novas_hibridas/combinada_aleatoria/20261002_003719_seed42/historico.csv,resultados/experimentos/2024_1/novas_hibridas/combinada_aleatoria/20261002_003719_seed42/historico.json,combinada_aleatoria,cursos_exat_2 + dia_turno_curso,qualquer_melhoria_na_passada,aleatoria_por_passada,42,180.0,1,180.0,600.0,1,0,TEMPO_TOTAL,,,
1,1,30,dia_turno_curso,3_N_MAT,58,11960,83030,OPTIMAL,185937.0,185937.0,False,185937.0,2.4,2.09,600.0,3,N,MAT,alfabetica,,aleatoria_por_passada,42,dia_turno_curso,30,16,True,TEMPO_TOTAL,iteracao,combinada_cursos_exat_2_dia_turno_curso_aleatoria,180.0,180.0,600.0,14400.0,False,False,alfabetica,42,alfabetica,,./dados/2024_1/horarios_2024_1.xlsx,./dados/2024_1/salas_2024_1.csv,./dados/2024_1/salas_preferenciais_2024.1.xlsx,/Users/robertdrey/Documents/workspace/development/alocador_de_salas,resultados/experimentos/2024_1/novas_hibridas/combinada_aleatoria/20261002_003719_seed42/melhor.sol,resultados/experimentos/2024_1/novas_hibridas/combinada_aleatoria/20261002_003719_seed42/historico.csv,resultados/experimentos/2024_1/novas_hibridas/combinada_aleatoria/20261002_003719_seed42/historico.json,combinada_aleatoria,cursos_exat_2 + dia_turno_curso,qualquer_melhoria_na_passada,aleatoria_por_passada,42,180.0,1,180.0,600.0,1,0,TEMPO_TOTAL,,,
1,1,31,dia_turno_curso,7_M_PED,68,17572,77418,OPTIMAL,185937.0,185937.0,False,185937.0,8.35,8.03,600.0,7,M,PED,alfabetica,,aleatoria_por_passada,42,dia_turno_curso,31,17,True,TEMPO_TOTAL,iteracao,combinada_cursos_exat_2_dia_turno_curso_aleatoria,180.0,180.0,600.0,14400.0,False,False,alfabetica,42,alfabetica,,./dados/2024_1/horarios_2024_1.xlsx,./dados/2024_1/salas_2024_1.csv,./dados/2024_1/salas_preferenciais_2024.1.xlsx,/Users/robertdrey/Documents/workspace/development/alocador_de_salas,resultados/experimentos/2024_1/novas_hibridas/combinada_aleatoria/20261002_003719_seed42/melhor.sol,resultados/experimentos/2024_1/novas_hibridas/combinada_aleatoria/20261002_003719_seed42/historico.csv,resultados/experimentos/2024_1/novas_hibridas/combinada_aleatoria/20261002_003719_seed42/historico.json,combinada_aleatoria,cursos_exat_2 + dia_turno_curso,qualquer_melhoria_na_passada,aleatoria_por_passada,42,180.0,1,180.0,600.0,1,0,TEMPO_TOTAL,,,
1,1,32,par_cursos,AGRO+ENF,69,17250,77740,OPTIMAL,185937.0,185935.5,True,185935.5,142.8,142.47,600.0,,,,alfabetica,,aleatoria_por_passada,42,cursos_exat_2,32,15,True,TEMPO_TOTAL,iteracao,combinada_cursos_exat_2_dia_turno_curso_aleatoria,180.0,180.0,600.0,14400.0,False,False,alfabetica,42,alfabetica,,./dados/2024_1/horarios_2024_1.xlsx,./dados/2024_1/salas_2024_1.csv,./dados/2024_1/salas_preferenciais_2024.1.xlsx,/Users/robertdrey/Documents/workspace/development/alocador_de_salas,resultados/experimentos/2024_1/novas_hibridas/combinada_aleatoria/20261002_003719_seed42/melhor.sol,resultados/experimentos/2024_1/novas_hibridas/combinada_aleatoria/20261002_003719_seed42/historico.csv,resultados/experimentos/2024_1/novas_hibridas/combinada_aleatoria/20261002_003719_seed42/historico.json,combinada_aleatoria,cursos_exat_2 + dia_turno_curso,qualquer_melhoria_na_passada,aleatoria_por_passada,42,180.0,1,180.0,600.0,1,0,TEMPO_TOTAL,AGRO,ENF,32
1,1,33,dia_turno_curso,2_M_ADM,81,18538,76452,OPTIMAL,185935.5,185935.5,False,185935.5,2.3,1.97,600.0,2,M,ADM,alfabetica,,aleatoria_por_passada,42,dia_turno_curso,33,18,True,TEMPO_TOTAL,iteracao,combinada_cursos_exat_2_dia_turno_curso_aleatoria,180.0,180.0,600.0,14400.0,False,False,alfabetica,42,alfabetica,,./dados/2024_1/horarios_2024_1.xlsx,./dados/2024_1/salas_2024_1.csv,./dados/2024_1/salas_preferenciais_2024.1.xlsx,/Users/robertdrey/Documents/workspace/development/alocador_de_salas,resultados/experimentos/2024_1/novas_hibridas/combinada_aleatoria/20261002_003719_seed42/melhor.sol,resultados/experimentos/2024_1/novas_hibridas/combinada_aleatoria/20261002_003719_seed42/historico.csv,resultados/experimentos/2024_1/novas_hibridas/combinada_aleatoria/20261002_003719_seed42/historico.json,combinada_aleatoria,cursos_exat_2 + dia_turno_curso,qualquer_melhoria_na_passada,aleatoria_por_passada,42,180.0,1,180.0,600.0,1,0,TEMPO_TOTAL,,,
1,1,34,par_cursos,GEO+MED,51,11454,83536,OPTIMAL,185935.5,185935.5,False,185935.5,1.05,0.72,600.0,,,,alfabetica,,aleatoria_por_passada,42,cursos_exat_2,34,16,True,TEMPO_TOTAL,iteracao,combinada_cursos_exat_2_dia_turno_curso_aleatoria,180.0,180.0,600.0,14400.0,False,False,alfabetica,42,alfabetica,,./dados/2024_1/horarios_2024_1.xlsx,./dados/2024_1/salas_2024_1.csv,./dados/2024_1/salas_preferenciais_2024.1.xlsx,/Users/robertdrey/Documents/workspace/development/alocador_de_salas,resultados/experimentos/2024_1/novas_hibridas/combinada_aleatoria/20261002_003719_seed42/melhor.sol,resultados/experimentos/2024_1/novas_hibridas/combinada_aleatoria/20261002_003719_seed42/historico.csv,resultados/experimentos/2024_1/novas_hibridas/combinada_aleatoria/20261002_003719_seed42/historico.json,combinada_aleatoria,cursos_exat_2 + dia_turno_curso,qualquer_melhoria_na_passada,aleatoria_por_passada,42,180.0,1,180.0,600.0,1,0,TEMPO_TOTAL,GEO,MED,34
1,1,35,dia_turno_curso,3_N_FIL,53,10304,84686,OPTIMAL,185935.5,185935.5,False,185935.5,1.57,1.26,600.0,3,N,FIL,alfabetica,,aleatoria_por_passada,42,dia_turno_curso,35,19,True,TEMPO_TOTAL,iteracao,combinada_cursos_exat_2_dia_turno_curso_aleatoria,180.0,180.0,600.0,14400.0,False,False,alfabetica,42,alfabetica,,./dados/2024_1/horarios_2024_1.xlsx,./dados/2024_1/salas_2024_1.csv,./dados/2024_1/salas_preferenciais_2024.1.xlsx,/Users/robertdrey/Documents/workspace/development/alocador_de_salas,resultados/experimentos/2024_1/novas_hibridas/combinada_aleatoria/20261002_003719_seed42/melhor.sol,resultados/experimentos/2024_1/novas_hibridas/combinada_aleatoria/20261002_003719_seed42/historico.csv,resultados/experimentos/2024_1/novas_hibridas/combinada_aleatoria/20261002_003719_seed42/historico.json,combinada_aleatoria,cursos_exat_2 + dia_turno_curso,qualquer_melhoria_na_passada,aleatoria_por_passada,42,180.0,1,180.0,600.0,1,0,TEMPO_TOTAL,,,
1,1,36,dia_turno_curso,6_N_EAS,83,15456,79534,OPTIMAL,185935.5,185935.5,False,185935.5,1.99,1.68,600.0,6,N,EAS,alfabetica,,aleatoria_por_passada,42,dia_turno_curso,36,20,True,TEMPO_TOTAL,iteracao,combinada_cursos_exat_2_dia_turno_curso_aleatoria,180.0,180.0,600.0,14400.0,False,False,alfabetica,42,alfabetica,,./dados/2024_1/horarios_2024_1.xlsx,./dados/2024_1/salas_2024_1.csv,./dados/2024_1/salas_preferenciais_2024.1.xlsx,/Users/robertdrey/Documents/workspace/development/alocador_de_salas,resultados/experimentos/2024_1/novas_hibridas/combinada_aleatoria/20261002_003719_seed42/melhor.sol,resultados/experimentos/2024_1/novas_hibridas/combinada_aleatoria/20261002_003719_seed42/historico.csv,resultados/experimentos/2024_1/novas_hibridas/combinada_aleatoria/20261002_003719_seed42/historico.json,combinada_aleatoria,cursos_exat_2 + dia_turno_curso,qualquer_melhoria_na_passada,aleatoria_por_passada,42,180.0,1,180.0,600.0,1,0,TEMPO_TOTAL,,,
1,1,37,dia_turno_curso,3_N_GEO,48,9568,85422,OPTIMAL,185935.5,185935.5,False,185935.5,1.43,1.12,600.0,3,N,GEO,alfabetica,,aleatoria_por_passada,42,dia_turno_curso,37,21,True,TEMPO_TOTAL,iteracao,combinada_cursos_exat_2_dia_turno_curso_aleatoria,180.0,180.0,600.0,14400.0,False,False,alfabetica,42,alfabetica,,./dados/2024_1/horarios_2024_1.xlsx,./dados/2024_1/salas_2024_1.csv,./dados/2024_1/salas_preferenciais_2024.1.xlsx,/Users/robertdrey/Documents/workspace/development/alocador_de_salas,resultados/experimentos/2024_1/novas_hibridas/combinada_aleatoria/20261002_003719_seed42/melhor.sol,resultados/experimentos/2024_1/novas_hibridas/combinada_aleatoria/20261002_003719_seed42/historico.csv,resultados/experimentos/2024_1/novas_hibridas/combinada_aleatoria/20261002_003719_seed42/historico.json,combinada_aleatoria,cursos_exat_2 + dia_turno_curso,qualquer_melhoria_na_passada,aleatoria_por_passada,42,180.0,1,180.0,600.0,1,0,TEMPO_TOTAL,,,
1,1,38,dia_turno_curso,2_M_ENF,51,15548,79442,OPTIMAL,185935.5,185935.5,False,185935.5,4.65,4.33,600.0,2,M,ENF,alfabetica,,aleatoria_por_passada,42,dia_turno_curso,38,22,True,TEMPO_TOTAL,iteracao,combinada_cursos_exat_2_dia_turno_curso_aleatoria,180.0,180.0,600.0,14400.0,False,False,alfabetica,42,alfabetica,,./dados/2024_1/horarios_2024_1.xlsx,./dados/2024_1/salas_2024_1.csv,./dados/2024_1/salas_preferenciais_2024.1.xlsx,/Users/robertdrey/Documents/workspace/development/alocador_de_salas,resultados/experimentos/2024_1/novas_hibridas/combinada_aleatoria/20261002_003719_seed42/melhor.sol,resultados/experimentos/2024_1/novas_hibridas/combinada_aleatoria/20261002_003719_seed42/historico.csv,resultados/experimentos/2024_1/novas_hibridas/combinada_aleatoria/20261002_003719_seed42/historico.json,combinada_aleatoria,cursos_exat_2 + dia_turno_curso,qualquer_melhoria_na_passada,aleatoria_por_passada,42,180.0,1,180.0,600.0,1,0,TEMPO_TOTAL,,,
1,1,39,dia_turno_curso,7_T_AGRO,58,12144,82846,OPTIMAL,185935.5,185935.5,False,185935.5,3.82,3.5,600.0,7,T,AGRO,alfabetica,,aleatoria_por_passada,42,dia_turno_curso,39,23,True,TEMPO_TOTAL,iteracao,combinada_cursos_exat_2_dia_turno_curso_aleatoria,180.0,180.0,600.0,14400.0,False,False,alfabetica,42,alfabetica,,./dados/2024_1/horarios_2024_1.xlsx,./dados/2024_1/salas_2024_1.csv,./dados/2024_1/salas_preferenciais_2024.1.xlsx,/Users/robertdrey/Documents/workspace/development/alocador_de_salas,resultados/experimentos/2024_1/novas_hibridas/combinada_aleatoria/20261002_003719_seed42/melhor.sol,resultados/experimentos/2024_1/novas_hibridas/combinada_aleatoria/20261002_003719_seed42/historico.csv,resultados/experimentos/2024_1/novas_hibridas/combinada_aleatoria/20261002_003719_seed42/historico.json,combinada_aleatoria,cursos_exat_2 + dia_turno_curso,qualquer_melhoria_na_passada,aleatoria_por_passada,42,180.0,1,180.0,600.0,1,0,TEMPO_TOTAL,,,
1,1,40,par_cursos,FIL+MAT,38,7728,87262,OPTIMAL,185935.5,185935.5,False,185935.5,0.69,0.37,600.0,,,,alfabetica,,aleatoria_por_passada,42,cursos_exat_2,40,17,True,TEMPO_TOTAL,iteracao,combinada_cursos_exat_2_dia_turno_curso_aleatoria,180.0,180.0,600.0,14400.0,False,False,alfabetica,42,alfabetica,,./dados/2024_1/horarios_2024_1.xlsx,./dados/2024_1/salas_2024_1.csv,./dados/2024_1/salas_preferenciais_2024.1.xlsx,/Users/robertdrey/Documents/workspace/development/alocador_de_salas,resultados/experimentos/2024_1/novas_hibridas/combinada_aleatoria/20261002_003719_seed42/melhor.sol,resultados/experimentos/2024_1/novas_hibridas/combinada_aleatoria/20261002_003719_seed42/historico.csv,resultados/experimentos/2024_1/novas_hibridas/combinada_aleatoria/20261002_003719_seed42/historico.json,combinada_aleatoria,cursos_exat_2 + dia_turno_curso,qualquer_melhoria_na_passada,aleatoria_por_passada,42,180.0,1,180.0,600.0,1,0,TEMPO_TOTAL,FIL,MAT,40
1,1,41,dia_turno_curso,3_N_HIS,60,11960,83030,OPTIMAL,185935.5,185935.5,False,185935.5,1.98,1.67,600.0,3,N,HIS,alfabetica,,aleatoria_por_passada,42,dia_turno_curso,41,24,True,TEMPO_TOTAL,iteracao,combinada_cursos_exat_2_dia_turno_curso_aleatoria,180.0,180.0,600.0,14400.0,False,False,alfabetica,42,alfabetica,,./dados/2024_1/horarios_2024_1.xlsx,./dados/2024_1/salas_2024_1.csv,./dados/2024_1/salas_preferenciais_2024.1.xlsx,/Users/robertdrey/Documents/workspace/development/alocador_de_salas,resultados/experimentos/2024_1/novas_hibridas/combinada_aleatoria/20261002_003719_seed42/melhor.sol,resultados/experimentos/2024_1/novas_hibridas/combinada_aleatoria/20261002_003719_seed42/historico.csv,resultados/experimentos/2024_1/novas_hibridas/combinada_aleatoria/20261002_003719_seed42/historico.json,combinada_aleatoria,cursos_exat_2 + dia_turno_curso,qualquer_melhoria_na_passada,aleatoria_por_passada,42,180.0,1,180.0,600.0,1,0,TEMPO_TOTAL,,,
1,1,42,par_cursos,LET+MED,77,18538,76452,OPTIMAL,185935.5,185935.5,False,185935.5,3.02,2.72,600.0,,,,alfabetica,,aleatoria_por_passada,42,cursos_exat_2,42,18,True,TEMPO_TOTAL,iteracao,combinada_cursos_exat_2_dia_turno_curso_aleatoria,180.0,180.0,600.0,14400.0,False,False,alfabetica,42,alfabetica,,./dados/2024_1/horarios_2024_1.xlsx,./dados/2024_1/salas_2024_1.csv,./dados/2024_1/salas_preferenciais_2024.1.xlsx,/Users/robertdrey/Documents/workspace/development/alocador_de_salas,resultados/experimentos/2024_1/novas_hibridas/combinada_aleatoria/20261002_003719_seed42/melhor.sol,resultados/experimentos/2024_1/novas_hibridas/combinada_aleatoria/20261002_003719_seed42/historico.csv,resultados/experimentos/2024_1/novas_hibridas/combinada_aleatoria/20261002_003719_seed42/historico.json,combinada_aleatoria,cursos_exat_2 + dia_turno_curso,qualquer_melhoria_na_passada,aleatoria_por_passada,42,180.0,1,180.0,600.0,1,0,TEMPO_TOTAL,LET,MED,42
1,1,43,dia_turno_curso,4_M_MED,71,19412,75578,OPTIMAL,185935.5,185935.5,False,185935.5,2.57,2.27,600.0,4,M,MED,alfabetica,,aleatoria_por_passada,42,dia_turno_curso,43,25,True,TEMPO_TOTAL,iteracao,combinada_cursos_exat_2_dia_turno_curso_aleatoria,180.0,180.0,600.0,14400.0,False,False,alfabetica,42,alfabetica,,./dados/2024_1/horarios_2024_1.xlsx,./dados/2024_1/salas_2024_1.csv,./dados/2024_1/salas_preferenciais_2024.1.xlsx,/Users/robertdrey/Documents/workspace/development/alocador_de_salas,resultados/experimentos/2024_1/novas_hibridas/combinada_aleatoria/20261002_003719_seed42/melhor.sol,resultados/experimentos/2024_1/novas_hibridas/combinada_aleatoria/20261002_003719_seed42/historico.csv,resultados/experimentos/2024_1/novas_hibridas/combinada_aleatoria/20261002_003719_seed42/historico.json,combinada_aleatoria,cursos_exat_2 + dia_turno_curso,qualquer_melhoria_na_passada,aleatoria_por_passada,42,180.0,1,180.0,600.0,1,0,TEMPO_TOTAL,,,
1,1,44,dia_turno_curso,5_N_EAS,83,14950,80040,OPTIMAL,185935.5,185935.5,False,185935.5,2.06,1.77,600.0,5,N,EAS,alfabetica,,aleatoria_por_passada,42,dia_turno_curso,44,26,True,TEMPO_TOTAL,iteracao,combinada_cursos_exat_2_dia_turno_curso_aleatoria,180.0,180.0,600.0,14400.0,False,False,alfabetica,42,alfabetica,,./dados/2024_1/horarios_2024_1.xlsx,./dados/2024_1/salas_2024_1.csv,./dados/2024_1/salas_preferenciais_2024.1.xlsx,/Users/robertdrey/Documents/workspace/development/alocador_de_salas,resultados/experimentos/2024_1/novas_hibridas/combinada_aleatoria/20261002_003719_seed42/melhor.sol,resultados/experimentos/2024_1/novas_hibridas/combinada_aleatoria/20261002_003719_seed42/historico.csv,resultados/experimentos/2024_1/novas_hibridas/combinada_aleatoria/20261002_003719_seed42/historico.json,combinada_aleatoria,cursos_exat_2 + dia_turno_curso,qualquer_melhoria_na_passada,aleatoria_por_passada,42,180.0,1,180.0,600.0,1,0,TEMPO_TOTAL,,,
1,1,45,par_cursos,ADM+MAT,71,14260,80730,OPTIMAL,185935.5,185935.5,False,185935.5,1.27,0.96,600.0,,,,alfabetica,,aleatoria_por_passada,42,cursos_exat_2,45,19,True,TEMPO_TOTAL,iteracao,combinada_cursos_exat_2_dia_turno_curso_aleatoria,180.0,180.0,600.0,14400.0,False,False,alfabetica,42,alfabetica,,./dados/2024_1/horarios_2024_1.xlsx,./dados/2024_1/salas_2024_1.csv,./dados/2024_1/salas_preferenciais_2024.1.xlsx,/Users/robertdrey/Documents/workspace/development/alocador_de_salas,resultados/experimentos/2024_1/novas_hibridas/combinada_aleatoria/20261002_003719_seed42/melhor.sol,resultados/experimentos/2024_1/novas_hibridas/combinada_aleatoria/20261002_003719_seed42/historico.csv,resultados/experimentos/2024_1/novas_hibridas/combinada_aleatoria/20261002_003719_seed42/historico.json,combinada_aleatoria,cursos_exat_2 + dia_turno_curso,qualquer_melhoria_na_passada,aleatoria_por_passada,42,180.0,1,180.0,600.0,1,0,TEMPO_TOTAL,ADM,MAT,45
1,1,46,par_cursos,AGRO+CC,98,19274,75716,OPTIMAL,185935.5,185935.5,False,185935.5,114.89,114.58,600.0,,,,alfabetica,,aleatoria_por_passada,42,cursos_exat_2,46,20,True,TEMPO_TOTAL,iteracao,combinada_cursos_exat_2_dia_turno_curso_aleatoria,180.0,180.0,600.0,14400.0,False,False,alfabetica,42,alfabetica,,./dados/2024_1/horarios_2024_1.xlsx,./dados/2024_1/salas_2024_1.csv,./dados/2024_1/salas_preferenciais_2024.1.xlsx,/Users/robertdrey/Documents/workspace/development/alocador_de_salas,resultados/experimentos/2024_1/novas_hibridas/combinada_aleatoria/20261002_003719_seed42/melhor.sol,resultados/experimentos/2024_1/novas_hibridas/combinada_aleatoria/20261002_003719_seed42/historico.csv,resultados/experimentos/2024_1/novas_hibridas/combinada_aleatoria/20261002_003719_seed42/historico.json,combinada_aleatoria,cursos_exat_2 + dia_turno_curso,qualquer_melhoria_na_passada,aleatoria_por_passada,42,180.0,1,180.0,600.0,1,0,TEMPO_TOTAL,AGRO,CC,46
1,1,47,par_cursos,CS+LET,58,13708,81282,OPTIMAL,185935.5,185935.5,False,185935.5,2.44,2.13,600.0,,,,alfabetica,,aleatoria_por_passada,42,cursos_exat_2,47,21,True,TEMPO_TOTAL,iteracao,combinada_cursos_exat_2_dia_turno_curso_aleatoria,180.0,180.0,600.0,14400.0,False,False,alfabetica,42,alfabetica,,./dados/2024_1/horarios_2024_1.xlsx,./dados/2024_1/salas_2024_1.csv,./dados/2024_1/salas_preferenciais_2024.1.xlsx,/Users/robertdrey/Documents/workspace/development/alocador_de_salas,resultados/experimentos/2024_1/novas_hibridas/combinada_aleatoria/20261002_003719_seed42/melhor.sol,resultados/experimentos/2024_1/novas_hibridas/combinada_aleatoria/20261002_003719_seed42/historico.csv,resultados/experimentos/2024_1/novas_hibridas/combinada_aleatoria/20261002_003719_seed42/historico.json,combinada_aleatoria,cursos_exat_2 + dia_turno_curso,qualquer_melhoria_na_passada,aleatoria_por_passada,42,180.0,1,180.0,600.0,1,0,TEMPO_TOTAL,CS,LET,47
1,1,48,par_cursos,ENF+HIS,42,13294,81696,OPTIMAL,185935.5,185935.5,False,185935.5,2.11,1.78,600.0,,,,alfabetica,,aleatoria_por_passada,42,cursos_exat_2,48,22,True,TEMPO_TOTAL,iteracao,combinada_cursos_exat_2_dia_turno_curso_aleatoria,180.0,180.0,600.0,14400.0,False,False,alfabetica,42,alfabetica,,./dados/2024_1/horarios_2024_1.xlsx,./dados/2024_1/salas_2024_1.csv,./dados/2024_1/salas_preferenciais_2024.1.xlsx,/Users/robertdrey/Documents/workspace/development/alocador_de_salas,resultados/experimentos/2024_1/novas_hibridas/combinada_aleatoria/20261002_003719_seed42/melhor.sol,resultados/experimentos/2024_1/novas_hibridas/combinada_aleatoria/20261002_003719_seed42/historico.csv,resultados/experimentos/2024_1/novas_hibridas/combinada_aleatoria/20261002_003719_seed42/historico.json,combinada_aleatoria,cursos_exat_2 + dia_turno_curso,qualquer_melhoria_na_passada,aleatoria_por_passada,42,180.0,1,180.0,600.0,1,0,TEMPO_TOTAL,ENF,HIS,48
1,1,49,dia_turno_curso,3_N_CS,57,11546,83444,OPTIMAL,185935.5,185935.5,False,185935.5,1.72,1.4,600.0,3,N,CS,alfabetica,,aleatoria_por_passada,42,dia_turno_curso,49,27,True,TEMPO_TOTAL,iteracao,combinada_cursos_exat_2_dia_turno_curso_aleatoria,180.0,180.0,600.0,14400.0,False,False,alfabetica,42,alfabetica,,./dados/2024_1/horarios_2024_1.xlsx,./dados/2024_1/salas_2024_1.csv,./dados/2024_1/salas_preferenciais_2024.1.xlsx,/Users/robertdrey/Documents/workspace/development/alocador_de_salas,resultados/experimentos/2024_1/novas_hibridas/combinada_aleatoria/20261002_003719_seed42/melhor.sol,resultados/experimentos/2024_1/novas_hibridas/combinada_aleatoria/20261002_003719_seed42/historico.csv,resultados/experimentos/2024_1/novas_hibridas/combinada_aleatoria/20261002_003719_seed42/historico.json,combinada_aleatoria,cursos_exat_2 + dia_turno_curso,qualquer_melhoria_na_passada,aleatoria_por_passada,42,180.0,1,180.0,600.0,1,0,TEMPO_TOTAL,,,
1,1,50,dia_turno_curso,3_M_ADM,79,18676,76314,OPTIMAL,185935.5,185935.5,False,185935.5,2.51,2.19,600.0,3,M,ADM,alfabetica,,aleatoria_por_passada,42,dia_turno_curso,50,28,True,TEMPO_TOTAL,iteracao,combinada_cursos_exat_2_dia_turno_curso_aleatoria,180.0,180.0,600.0,14400.0,False,False,alfabetica,42,alfabetica,,./dados/2024_1/horarios_2024_1.xlsx,./dados/2024_1/salas_2024_1.csv,./dados/2024_1/salas_preferenciais_2024.1.xlsx,/Users/robertdrey/Documents/workspace/development/alocador_de_salas,resultados/experimentos/2024_1/novas_hibridas/combinada_aleatoria/20261002_003719_seed42/melhor.sol,resultados/experimentos/2024_1/novas_hibridas/combinada_aleatoria/20261002_003719_seed42/historico.csv,resultados/experimentos/2024_1/novas_hibridas/combinada_aleatoria/20261002_003719_seed42/historico.json,combinada_aleatoria,cursos_exat_2 + dia_turno_curso,qualquer_melhoria_na_passada,aleatoria_por_passada,42,180.0,1,180.0,600.0,1,0,TEMPO_TOTAL,,,
1,1,51,dia_turno_curso,3_M_PED,86,22126,72864,OPTIMAL,185935.5,185935.5,False,185935.5,7.16,6.83,600.0,3,M,PED,alfabetica,,aleatoria_por_passada,42,dia_turno_curso,51,29,True,TEMPO_TOTAL,iteracao,combinada_cursos_exat_2_dia_turno_curso_aleatoria,180.0,180.0,600.0,14400.0,False,False,alfabetica,42,alfabetica,,./dados/2024_1/horarios_2024_1.xlsx,./dados/2024_1/salas_2024_1.csv,./dados/2024_1/salas_preferenciais_2024.1.xlsx,/Users/robertdrey/Documents/workspace/development/alocador_de_salas,resultados/experimentos/2024_1/novas_hibridas/combinada_aleatoria/20261002_003719_seed42/melhor.sol,resultados/experimentos/2024_1/novas_hibridas/combinada_aleatoria/20261002_003719_seed42/historico.csv,resultados/experimentos/2024_1/novas_hibridas/combinada_aleatoria/20261002_003719_seed42/historico.json,combinada_aleatoria,cursos_exat_2 + dia_turno_curso,qualquer_melhoria_na_passada,aleatoria_por_passada,42,180.0,1,180.0,600.0,1,0,TEMPO_TOTAL,,,
1,1,52,dia_turno_curso,2_T_AGRO,82,20194,74796,OPTIMAL,185935.5,185935.5,False,185935.5,9.07,8.76,600.0,2,T,AGRO,alfabetica,,aleatoria_por_passada,42,dia_turno_curso,52,30,True,TEMPO_TOTAL,iteracao,combinada_cursos_exat_2_dia_turno_curso_aleatoria,180.0,180.0,600.0,14400.0,False,False,alfabetica,42,alfabetica,,./dados/2024_1/horarios_2024_1.xlsx,./dados/2024_1/salas_2024_1.csv,./dados/2024_1/salas_preferenciais_2024.1.xlsx,/Users/robertdrey/Documents/workspace/development/alocador_de_salas,resultados/experimentos/2024_1/novas_hibridas/combinada_aleatoria/20261002_003719_seed42/melhor.sol,resultados/experimentos/2024_1/novas_hibridas/combinada_aleatoria/20261002_003719_seed42/historico.csv,resultados/experimentos/2024_1/novas_hibridas/combinada_aleatoria/20261002_003719_seed42/historico.json,combinada_aleatoria,cursos_exat_2 + dia_turno_curso,qualquer_melhoria_na_passada,aleatoria_por_passada,42,180.0,1,180.0,600.0,1,0,TEMPO_TOTAL,,,
1,1,53,dia_turno_curso,5_N_GEO,48,9844,85146,OPTIMAL,185935.5,185935.5,False,185935.5,1.63,1.31,600.0,5,N,GEO,alfabetica,,aleatoria_por_passada,42,dia_turno_curso,53,31,True,TEMPO_TOTAL,iteracao,combinada_cursos_exat_2_dia_turno_curso_aleatoria,180.0,180.0,600.0,14400.0,False,False,alfabetica,42,alfabetica,,./dados/2024_1/horarios_2024_1.xlsx,./dados/2024_1/salas_2024_1.csv,./dados/2024_1/salas_preferenciais_2024.1.xlsx,/Users/robertdrey/Documents/workspace/development/alocador_de_salas,resultados/experimentos/2024_1/novas_hibridas/combinada_aleatoria/20261002_003719_seed42/melhor.sol,resultados/experimentos/2024_1/novas_hibridas/combinada_aleatoria/20261002_003719_seed42/historico.csv,resultados/experimentos/2024_1/novas_hibridas/combinada_aleatoria/20261002_003719_seed42/historico.json,combinada_aleatoria,cursos_exat_2 + dia_turno_curso,qualquer_melhoria_na_passada,aleatoria_por_passada,42,180.0,1,180.0,600.0,1,0,TEMPO_TOTAL,,,
1,1,54,dia_turno_curso,2_T_CC,70,20010,74980,OPTIMAL,185935.5,185935.5,False,185935.5,3.68,3.35,600.0,2,T,CC,alfabetica,,aleatoria_por_passada,42,dia_turno_curso,54,32,True,TEMPO_TOTAL,iteracao,combinada_cursos_exat_2_dia_turno_curso_aleatoria,180.0,180.0,600.0,14400.0,False,False,alfabetica,42,alfabetica,,./dados/2024_1/horarios_2024_1.xlsx,./dados/2024_1/salas_2024_1.csv,./dados/2024_1/salas_preferenciais_2024.1.xlsx,/Users/robertdrey/Documents/workspace/development/alocador_de_salas,resultados/experimentos/2024_1/novas_hibridas/combinada_aleatoria/20261002_003719_seed42/melhor.sol,resultados/experimentos/2024_1/novas_hibridas/combinada_aleatoria/20261002_003719_seed42/historico.csv,resultados/experimentos/2024_1/novas_hibridas/combinada_aleatoria/20261002_003719_seed42/historico.json,combinada_aleatoria,cursos_exat_2 + dia_turno_curso,qualquer_melhoria_na_passada,aleatoria_por_passada,42,180.0,1,180.0,600.0,1,0,TEMPO_TOTAL,,,
1,1,55,dia_turno_curso,7_N_PED,58,14168,80822,OPTIMAL,185935.5,185935.5,False,185935.5,3.75,3.4,600.0,7,N,PED,alfabetica,,aleatoria_por_passada,42,dia_turno_curso,55,33,True,TEMPO_TOTAL,iteracao,combinada_cursos_exat_2_dia_turno_curso_aleatoria,180.0,180.0,600.0,14400.0,False,False,alfabetica,42,alfabetica,,./dados/2024_1/horarios_2024_1.xlsx,./dados/2024_1/salas_2024_1.csv,./dados/2024_1/salas_preferenciais_2024.1.xlsx,/Users/robertdrey/Documents/workspace/development/alocador_de_salas,resultados/experimentos/2024_1/novas_hibridas/combinada_aleatoria/20261002_003719_seed42/melhor.sol,resultados/experimentos/2024_1/novas_hibridas/combinada_aleatoria/20261002_003719_seed42/historico.csv,resultados/experimentos/2024_1/novas_hibridas/combinada_aleatoria/20261002_003719_seed42/historico.json,combinada_aleatoria,cursos_exat_2 + dia_turno_curso,qualquer_melhoria_na_passada,aleatoria_por_passada,42,180.0,1,180.0,600.0,1,0,TEMPO_TOTAL,,,
1,1,56,dia_turno_curso,3_T_CC,71,19964,75026,OPTIMAL,185935.5,185935.5,False,185935.5,3.41,3.06,600.0,3,T,CC,alfabetica,,aleatoria_por_passada,42,dia_turno_curso,56,34,True,TEMPO_TOTAL,iteracao,combinada_cursos_exat_2_dia_turno_curso_aleatoria,180.0,180.0,600.0,14400.0,False,False,alfabetica,42,alfabetica,,./dados/2024_1/horarios_2024_1.xlsx,./dados/2024_1/salas_2024_1.csv,./dados/2024_1/salas_preferenciais_2024.1.xlsx,/Users/robertdrey/Documents/workspace/development/alocador_de_salas,resultados/experimentos/2024_1/novas_hibridas/combinada_aleatoria/20261002_003719_seed42/melhor.sol,resultados/experimentos/2024_1/novas_hibridas/combinada_aleatoria/20261002_003719_seed42/historico.csv,resultados/experimentos/2024_1/novas_hibridas/combinada_aleatoria/20261002_003719_seed42/historico.json,combinada_aleatoria,cursos_exat_2 + dia_turno_curso,qualquer_melhoria_na_passada,aleatoria_por_passada,42,180.0,1,180.0,600.0,1,0,TEMPO_TOTAL,,,
1,1,57,par_cursos,AGRO+FIL,66,11500,83490,OPTIMAL,185935.5,185935.5,False,185935.5,4.3,3.97,600.0,,,,alfabetica,,aleatoria_por_passada,42,cursos_exat_2,57,23,True,TEMPO_TOTAL,iteracao,combinada_cursos_exat_2_dia_turno_curso_aleatoria,180.0,180.0,600.0,14400.0,False,False,alfabetica,42,alfabetica,,./dados/2024_1/horarios_2024_1.xlsx,./dados/2024_1/salas_2024_1.csv,./dados/2024_1/salas_preferenciais_2024.1.xlsx,/Users/robertdrey/Documents/workspace/development/alocador_de_salas,resultados/experimentos/2024_1/novas_hibridas/combinada_aleatoria/20261002_003719_seed42/melhor.sol,resultados/experimentos/2024_1/novas_hibridas/combinada_aleatoria/20261002_003719_seed42/historico.csv,resultados/experimentos/2024_1/novas_hibridas/combinada_aleatoria/20261002_003719_seed42/historico.json,combinada_aleatoria,cursos_exat_2 + dia_turno_curso,qualquer_melhoria_na_passada,aleatoria_por_passada,42,180.0,1,180.0,600.0,1,0,TEMPO_TOTAL,AGRO,FIL,57
1,1,58,dia_turno_curso,5_M_AGRO,80,18492,76498,OPTIMAL,185935.5,185935.5,False,185935.5,8.96,8.64,600.0,5,M,AGRO,alfabetica,,aleatoria_por_passada,42,dia_turno_curso,58,35,True,TEMPO_TOTAL,iteracao,combinada_cursos_exat_2_dia_turno_curso_aleatoria,180.0,180.0,600.0,14400.0,False,False,alfabetica,42,alfabetica,,./dados/2024_1/horarios_2024_1.xlsx,./dados/2024_1/salas_2024_1.csv,./dados/2024_1/salas_preferenciais_2024.1.xlsx,/Users/robertdrey/Documents/workspace/development/alocador_de_salas,resultados/experimentos/2024_1/novas_hibridas/combinada_aleatoria/20261002_003719_seed42/melhor.sol,resultados/experimentos/2024_1/novas_hibridas/combinada_aleatoria/20261002_003719_seed42/historico.csv,resultados/experimentos/2024_1/novas_hibridas/combinada_aleatoria/20261002_003719_seed42/historico.json,combinada_aleatoria,cursos_exat_2 + dia_turno_curso,qualquer_melhoria_na_passada,aleatoria_por_passada,42,180.0,1,180.0,600.0,1,0,TEMPO_TOTAL,,,
1,1,59,dia_turno_curso,4_M_ADM,78,19596,75394,OPTIMAL,185935.5,185935.5,False,185935.5,2.61,2.29,600.0,4,M,ADM,alfabetica,,aleatoria_por_passada,42,dia_turno_curso,59,36,True,TEMPO_TOTAL,iteracao,combinada_cursos_exat_2_dia_turno_curso_aleatoria,180.0,180.0,600.0,14400.0,False,False,alfabetica,42,alfabetica,,./dados/2024_1/horarios_2024_1.xlsx,./dados/2024_1/salas_2024_1.csv,./dados/2024_1/salas_preferenciais_2024.1.xlsx,/Users/robertdrey/Documents/workspace/development/alocador_de_salas,resultados/experimentos/2024_1/novas_hibridas/combinada_aleatoria/20261002_003719_seed42/melhor.sol,resultados/experimentos/2024_1/novas_hibridas/combinada_aleatoria/20261002_003719_seed42/historico.csv,resultados/experimentos/2024_1/novas_hibridas/combinada_aleatoria/20261002_003719_seed42/historico.json,combinada_aleatoria,cursos_exat_2 + dia_turno_curso,qualquer_melhoria_na_passada,aleatoria_por_passada,42,180.0,1,180.0,600.0,1,0,TEMPO_TOTAL,,,
1,1,60,dia_turno_curso,5_T_CC,70,19596,75394,OPTIMAL,185935.5,185935.5,False,185935.5,2.7,2.37,600.0,5,T,CC,alfabetica,,aleatoria_por_passada,42,dia_turno_curso,60,37,True,TEMPO_TOTAL,iteracao,combinada_cursos_exat_2_dia_turno_curso_aleatoria,180.0,180.0,600.0,14400.0,False,False,alfabetica,42,alfabetica,,./dados/2024_1/horarios_2024_1.xlsx,./dados/2024_1/salas_2024_1.csv,./dados/2024_1/salas_preferenciais_2024.1.xlsx,/Users/robertdrey/Documents/workspace/development/alocador_de_salas,resultados/experimentos/2024_1/novas_hibridas/combinada_aleatoria/20261002_003719_seed42/melhor.sol,resultados/experimentos/2024_1/novas_hibridas/combinada_aleatoria/20261002_003719_seed42/historico.csv,resultados/experimentos/2024_1/novas_hibridas/combinada_aleatoria/20261002_003719_seed42/historico.json,combinada_aleatoria,cursos_exat_2 + dia_turno_curso,qualquer_melhoria_na_passada,aleatoria_por_passada,42,180.0,1,180.0,600.0,1,0,TEMPO_TOTAL,,,
1,1,61,par_cursos,ADM+AGRO,99,18032,76958,OPTIMAL,185935.5,185935.5,False,185935.5,13.73,13.39,600.0,,,,alfabetica,,aleatoria_por_passada,42,cursos_exat_2,61,24,True,TEMPO_TOTAL,iteracao,combinada_cursos_exat_2_dia_turno_curso_aleatoria,180.0,180.0,600.0,14400.0,False,False,alfabetica,42,alfabetica,,./dados/2024_1/horarios_2024_1.xlsx,./dados/2024_1/salas_2024_1.csv,./dados/2024_1/salas_preferenciais_2024.1.xlsx,/Users/robertdrey/Documents/workspace/development/alocador_de_salas,resultados/experimentos/2024_1/novas_hibridas/combinada_aleatoria/20261002_003719_seed42/melhor.sol,resultados/experimentos/2024_1/novas_hibridas/combinada_aleatoria/20261002_003719_seed42/historico.csv,resultados/experimentos/2024_1/novas_hibridas/combinada_aleatoria/20261002_003719_seed42/historico.json,combinada_aleatoria,cursos_exat_2 + dia_turno_curso,qualquer_melhoria_na_passada,aleatoria_por_passada,42,180.0,1,180.0,600.0,1,0,TEMPO_TOTAL,ADM,AGRO,61
1,1,62,dia_turno_curso,3_N_EAS,84,15180,79810,OPTIMAL,185935.5,185935.5,False,185935.5,2.24,1.91,600.0,3,N,EAS,alfabetica,,aleatoria_por_passada,42,dia_turno_curso,62,38,True,TEMPO_TOTAL,iteracao,combinada_cursos_exat_2_dia_turno_curso_aleatoria,180.0,180.0,600.0,14400.0,False,False,alfabetica,42,alfabetica,,./dados/2024_1/horarios_2024_1.xlsx,./dados/2024_1/salas_2024_1.csv,./dados/2024_1/salas_preferenciais_2024.1.xlsx,/Users/robertdrey/Documents/workspace/development/alocador_de_salas,resultados/experimentos/2024_1/novas_hibridas/combinada_aleatoria/20261002_003719_seed42/melhor.sol,resultados/experimentos/2024_1/novas_hibridas/combinada_aleatoria/20261002_003719_seed42/historico.csv,resultados/experimentos/2024_1/novas_hibridas/combinada_aleatoria/20261002_003719_seed42/historico.json,combinada_aleatoria,cursos_exat_2 + dia_turno_curso,qualquer_melhoria_na_passada,aleatoria_por_passada,42,180.0,1,180.0,600.0,1,0,TEMPO_TOTAL,,,
1,1,63,par_cursos,ADM+MED,89,18676,76314,OPTIMAL,185935.5,185935.5,False,185935.5,2.19,1.89,600.0,,,,alfabetica,,aleatoria_por_passada,42,cursos_exat_2,63,25,True,TEMPO_TOTAL,iteracao,combinada_cursos_exat_2_dia_turno_curso_aleatoria,180.0,180.0,600.0,14400.0,False,False,alfabetica,42,alfabetica,,./dados/2024_1/horarios_2024_1.xlsx,./dados/2024_1/salas_2024_1.csv,./dados/2024_1/salas_preferenciais_2024.1.xlsx,/Users/robertdrey/Documents/workspace/development/alocador_de_salas,resultados/experimentos/2024_1/novas_hibridas/combinada_aleatoria/20261002_003719_seed42/melhor.sol,resultados/experimentos/2024_1/novas_hibridas/combinada_aleatoria/20261002_003719_seed42/historico.csv,resultados/experimentos/2024_1/novas_hibridas/combinada_aleatoria/20261002_003719_seed42/historico.json,combinada_aleatoria,cursos_exat_2 + dia_turno_curso,qualquer_melhoria_na_passada,aleatoria_por_passada,42,180.0,1,180.0,600.0,1,0,TEMPO_TOTAL,ADM,MED,63
1,1,64,dia_turno_curso,5_N_HIS,58,11960,83030,OPTIMAL,185935.5,185935.5,False,185935.5,2.07,1.75,600.0,5,N,HIS,alfabetica,,aleatoria_por_passada,42,dia_turno_curso,64,39,True,TEMPO_TOTAL,iteracao,combinada_cursos_exat_2_dia_turno_curso_aleatoria,180.0,180.0,600.0,14400.0,False,False,alfabetica,42,alfabetica,,./dados/2024_1/horarios_2024_1.xlsx,./dados/2024_1/salas_2024_1.csv,./dados/2024_1/salas_preferenciais_2024.1.xlsx,/Users/robertdrey/Documents/workspace/development/alocador_de_salas,resultados/experimentos/2024_1/novas_hibridas/combinada_aleatoria/20261002_003719_seed42/melhor.sol,resultados/experimentos/2024_1/novas_hibridas/combinada_aleatoria/20261002_003719_seed42/historico.csv,resultados/experimentos/2024_1/novas_hibridas/combinada_aleatoria/20261002_003719_seed42/historico.json,combinada_aleatoria,cursos_exat_2 + dia_turno_curso,qualquer_melhoria_na_passada,aleatoria_por_passada,42,180.0,1,180.0,600.0,1,0,TEMPO_TOTAL,,,
1,1,65,par_cursos,CS+HIS,46,9338,85652,OPTIMAL,185935.5,185935.5,False,185935.5,0.98,0.65,600.0,,,,alfabetica,,aleatoria_por_passada,42,cursos_exat_2,65,26,True,TEMPO_TOTAL,iteracao,combinada_cursos_exat_2_dia_turno_curso_aleatoria,180.0,180.0,600.0,14400.0,False,False,alfabetica,42,alfabetica,,./dados/2024_1/horarios_2024_1.xlsx,./dados/2024_1/salas_2024_1.csv,./dados/2024_1/salas_preferenciais_2024.1.xlsx,/Users/robertdrey/Documents/workspace/development/alocador_de_salas,resultados/experimentos/2024_1/novas_hibridas/combinada_aleatoria/20261002_003719_seed42/melhor.sol,resultados/experimentos/2024_1/novas_hibridas/combinada_aleatoria/20261002_003719_seed42/historico.csv,resultados/experimentos/2024_1/novas_hibridas/combinada_aleatoria/20261002_003719_seed42/historico.json,combinada_aleatoria,cursos_exat_2 + dia_turno_curso,qualquer_melhoria_na_passada,aleatoria_por_passada,42,180.0,1,180.0,600.0,1,0,TEMPO_TOTAL,CS,HIS,65
1,1,66,dia_turno_curso,4_M_AGRO,77,17710,77280,OPTIMAL,185935.5,185935.5,False,185935.5,8.7,8.38,600.0,4,M,AGRO,alfabetica,,aleatoria_por_passada,42,dia_turno_curso,66,40,True,TEMPO_TOTAL,iteracao,combinada_cursos_exat_2_dia_turno_curso_aleatoria,180.0,180.0,600.0,14400.0,False,False,alfabetica,42,alfabetica,,./dados/2024_1/horarios_2024_1.xlsx,./dados/2024_1/salas_2024_1.csv,./dados/2024_1/salas_preferenciais_2024.1.xlsx,/Users/robertdrey/Documents/workspace/development/alocador_de_salas,resultados/experimentos/2024_1/novas_hibridas/combinada_aleatoria/20261002_003719_seed42/melhor.sol,resultados/experimentos/2024_1/novas_hibridas/combinada_aleatoria/20261002_003719_seed42/historico.csv,resultados/experimentos/2024_1/novas_hibridas/combinada_aleatoria/20261002_003719_seed42/historico.json,combinada_aleatoria,cursos_exat_2 + dia_turno_curso,qualquer_melhoria_na_passada,aleatoria_por_passada,42,180.0,1,180.0,600.0,1,0,TEMPO_TOTAL,,,
1,1,67,dia_turno_curso,4_M_PED,86,23092,71898,OPTIMAL,185935.5,185935.5,False,185935.5,6.74,6.41,600.0,4,M,PED,alfabetica,,aleatoria_por_passada,42,dia_turno_curso,67,41,True,TEMPO_TOTAL,iteracao,combinada_cursos_exat_2_dia_turno_curso_aleatoria,180.0,180.0,600.0,14400.0,False,False,alfabetica,42,alfabetica,,./dados/2024_1/horarios_2024_1.xlsx,./dados/2024_1/salas_2024_1.csv,./dados/2024_1/salas_preferenciais_2024.1.xlsx,/Users/robertdrey/Documents/workspace/development/alocador_de_salas,resultados/experimentos/2024_1/novas_hibridas/combinada_aleatoria/20261002_003719_seed42/melhor.sol,resultados/experimentos/2024_1/novas_hibridas/combinada_aleatoria/20261002_003719_seed42/historico.csv,resultados/experimentos/2024_1/novas_hibridas/combinada_aleatoria/20261002_003719_seed42/historico.json,combinada_aleatoria,cursos_exat_2 + dia_turno_curso,qualquer_melhoria_na_passada,aleatoria_por_passada,42,180.0,1,180.0,600.0,1,0,TEMPO_TOTAL,,,
1,1,68,dia_turno_curso,6_M_PED,81,18078,76912,OPTIMAL,185935.5,185881.0,True,185881.0,26.16,25.83,600.0,6,M,PED,alfabetica,,aleatoria_por_passada,42,dia_turno_curso,68,42,True,TEMPO_TOTAL,iteracao,combinada_cursos_exat_2_dia_turno_curso_aleatoria,180.0,180.0,600.0,14400.0,False,False,alfabetica,42,alfabetica,,./dados/2024_1/horarios_2024_1.xlsx,./dados/2024_1/salas_2024_1.csv,./dados/2024_1/salas_preferenciais_2024.1.xlsx,/Users/robertdrey/Documents/workspace/development/alocador_de_salas,resultados/experimentos/2024_1/novas_hibridas/combinada_aleatoria/20261002_003719_seed42/melhor.sol,resultados/experimentos/2024_1/novas_hibridas/combinada_aleatoria/20261002_003719_seed42/historico.csv,resultados/experimentos/2024_1/novas_hibridas/combinada_aleatoria/20261002_003719_seed42/historico.json,combinada_aleatoria,cursos_exat_2 + dia_turno_curso,qualquer_melhoria_na_passada,aleatoria_por_passada,42,180.0,1,180.0,600.0,1,0,TEMPO_TOTAL,,,
1,1,69,dia_turno_curso,5_M_PED,89,23230,71760,OPTIMAL,185881.0,185881.0,False,185881.0,21.43,21.11,600.0,5,M,PED,alfabetica,,aleatoria_por_passada,42,dia_turno_curso,69,43,True,TEMPO_TOTAL,iteracao,combinada_cursos_exat_2_dia_turno_curso_aleatoria,180.0,180.0,600.0,14400.0,False,False,alfabetica,42,alfabetica,,./dados/2024_1/horarios_2024_1.xlsx,./dados/2024_1/salas_2024_1.csv,./dados/2024_1/salas_preferenciais_2024.1.xlsx,/Users/robertdrey/Documents/workspace/development/alocador_de_salas,resultados/experimentos/2024_1/novas_hibridas/combinada_aleatoria/20261002_003719_seed42/melhor.sol,resultados/experimentos/2024_1/novas_hibridas/combinada_aleatoria/20261002_003719_seed42/historico.csv,resultados/experimentos/2024_1/novas_hibridas/combinada_aleatoria/20261002_003719_seed42/historico.json,combinada_aleatoria,cursos_exat_2 + dia_turno_curso,qualquer_melhoria_na_passada,aleatoria_por_passada,42,180.0,1,180.0,600.0,1,0,TEMPO_TOTAL,,,
1,1,70,dia_turno_curso,3_N_LET,70,15732,79258,OPTIMAL,185881.0,185881.0,False,185881.0,3.08,2.76,600.0,3,N,LET,alfabetica,,aleatoria_por_passada,42,dia_turno_curso,70,44,True,TEMPO_TOTAL,iteracao,combinada_cursos_exat_2_dia_turno_curso_aleatoria,180.0,180.0,600.0,14400.0,False,False,alfabetica,42,alfabetica,,./dados/2024_1/horarios_2024_1.xlsx,./dados/2024_1/salas_2024_1.csv,./dados/2024_1/salas_preferenciais_2024.1.xlsx,/Users/robertdrey/Documents/workspace/development/alocador_de_salas,resultados/experimentos/2024_1/novas_hibridas/combinada_aleatoria/20261002_003719_seed42/melhor.sol,resultados/experimentos/2024_1/novas_hibridas/combinada_aleatoria/20261002_003719_seed42/historico.csv,resultados/experimentos/2024_1/novas_hibridas/combinada_aleatoria/20261002_003719_seed42/historico.json,combinada_aleatoria,cursos_exat_2 + dia_turno_curso,qualquer_melhoria_na_passada,aleatoria_por_passada,42,180.0,1,180.0,600.0,1,0,TEMPO_TOTAL,,,
1,1,71,dia_turno_curso,6_M_AGRO,76,14168,80822,OPTIMAL,185881.0,185881.0,False,185881.0,7.17,6.84,600.0,6,M,AGRO,alfabetica,,aleatoria_por_passada,42,dia_turno_curso,71,45,True,TEMPO_TOTAL,iteracao,combinada_cursos_exat_2_dia_turno_curso_aleatoria,180.0,180.0,600.0,14400.0,False,False,alfabetica,42,alfabetica,,./dados/2024_1/horarios_2024_1.xlsx,./dados/2024_1/salas_2024_1.csv,./dados/2024_1/salas_preferenciais_2024.1.xlsx,/Users/robertdrey/Documents/workspace/development/alocador_de_salas,resultados/experimentos/2024_1/novas_hibridas/combinada_aleatoria/20261002_003719_seed42/melhor.sol,resultados/experimentos/2024_1/novas_hibridas/combinada_aleatoria/20261002_003719_seed42/historico.csv,resultados/experimentos/2024_1/novas_hibridas/combinada_aleatoria/20261002_003719_seed42/historico.json,combinada_aleatoria,cursos_exat_2 + dia_turno_curso,qualquer_melhoria_na_passada,aleatoria_por_passada,42,180.0,1,180.0,600.0,1,0,TEMPO_TOTAL,,,
1,1,72,dia_turno_curso,7_T_HIS,32,9246,85744,OPTIMAL,185881.0,185881.0,False,185881.0,0.78,0.47,600.0,7,T,HIS,alfabetica,,aleatoria_por_passada,42,dia_turno_curso,72,46,True,TEMPO_TOTAL,iteracao,combinada_cursos_exat_2_dia_turno_curso_aleatoria,180.0,180.0,600.0,14400.0,False,False,alfabetica,42,alfabetica,,./dados/2024_1/horarios_2024_1.xlsx,./dados/2024_1/salas_2024_1.csv,./dados/2024_1/salas_preferenciais_2024.1.xlsx,/Users/robertdrey/Documents/workspace/development/alocador_de_salas,resultados/experimentos/2024_1/novas_hibridas/combinada_aleatoria/20261002_003719_seed42/melhor.sol,resultados/experimentos/2024_1/novas_hibridas/combinada_aleatoria/20261002_003719_seed42/historico.csv,resultados/experimentos/2024_1/novas_hibridas/combinada_aleatoria/20261002_003719_seed42/historico.json,combinada_aleatoria,cursos_exat_2 + dia_turno_curso,qualquer_melhoria_na_passada,aleatoria_por_passada,42,180.0,1,180.0,600.0,1,0,TEMPO_TOTAL,,,
1,1,73,par_cursos,CC+PED,103,23322,71668,OPTIMAL,185881.0,185881.0,False,185881.0,59.7,59.39,600.0,,,,alfabetica,,aleatoria_por_passada,42,cursos_exat_2,73,27,True,TEMPO_TOTAL,iteracao,combinada_cursos_exat_2_dia_turno_curso_aleatoria,180.0,180.0,600.0,14400.0,False,False,alfabetica,42,alfabetica,,./dados/2024_1/horarios_2024_1.xlsx,./dados/2024_1/salas_2024_1.csv,./dados/2024_1/salas_preferenciais_2024.1.xlsx,/Users/robertdrey/Documents/workspace/development/alocador_de_salas,resultados/experimentos/2024_1/novas_hibridas/combinada_aleatoria/20261002_003719_seed42/melhor.sol,resultados/experimentos/2024_1/novas_hibridas/combinada_aleatoria/20261002_003719_seed42/historico.csv,resultados/experimentos/2024_1/novas_hibridas/combinada_aleatoria/20261002_003719_seed42/historico.json,combinada_aleatoria,cursos_exat_2 + dia_turno_curso,qualquer_melhoria_na_passada,aleatoria_por_passada,42,180.0,1,180.0,600.0,1,0,TEMPO_TOTAL,CC,PED,73
1,1,74,dia_turno_curso,5_T_GEO,40,12650,82340,OPTIMAL,185881.0,185881.0,False,185881.0,1.31,1.01,600.0,5,T,GEO,alfabetica,,aleatoria_por_passada,42,dia_turno_curso,74,47,True,TEMPO_TOTAL,iteracao,combinada_cursos_exat_2_dia_turno_curso_aleatoria,180.0,180.0,600.0,14400.0,False,False,alfabetica,42,alfabetica,,./dados/2024_1/horarios_2024_1.xlsx,./dados/2024_1/salas_2024_1.csv,./dados/2024_1/salas_preferenciais_2024.1.xlsx,/Users/robertdrey/Documents/workspace/development/alocador_de_salas,resultados/experimentos/2024_1/novas_hibridas/combinada_aleatoria/20261002_003719_seed42/melhor.sol,resultados/experimentos/2024_1/novas_hibridas/combinada_aleatoria/20261002_003719_seed42/historico.csv,resultados/experimentos/2024_1/novas_hibridas/combinada_aleatoria/20261002_003719_seed42/historico.json,combinada_aleatoria,cursos_exat_2 + dia_turno_curso,qualquer_melhoria_na_passada,aleatoria_por_passada,42,180.0,1,180.0,600.0,1,0,TEMPO_TOTAL,,,
1,1,75,dia_turno_curso,4_N_EAS,86,17204,77786,OPTIMAL,185881.0,185881.0,False,185881.0,2.4,2.1,600.0,4,N,EAS,alfabetica,,aleatoria_por_passada,42,dia_turno_curso,75,48,True,TEMPO_TOTAL,iteracao,combinada_cursos_exat_2_dia_turno_curso_aleatoria,180.0,180.0,600.0,14400.0,False,False,alfabetica,42,alfabetica,,./dados/2024_1/horarios_2024_1.xlsx,./dados/2024_1/salas_2024_1.csv,./dados/2024_1/salas_preferenciais_2024.1.xlsx,/Users/robertdrey/Documents/workspace/development/alocador_de_salas,resultados/experimentos/2024_1/novas_hibridas/combinada_aleatoria/20261002_003719_seed42/melhor.sol,resultados/experimentos/2024_1/novas_hibridas/combinada_aleatoria/20261002_003719_seed42/historico.csv,resultados/experimentos/2024_1/novas_hibridas/combinada_aleatoria/20261002_003719_seed42/historico.json,combinada_aleatoria,cursos_exat_2 + dia_turno_curso,qualquer_melhoria_na_passada,aleatoria_por_passada,42,180.0,1,180.0,600.0,1,0,TEMPO_TOTAL,,,
1,1,76,par_cursos,EAS+MED,86,16836,78154,OPTIMAL,185881.0,185881.0,False,185881.0,1.92,1.61,600.0,,,,alfabetica,,aleatoria_por_passada,42,cursos_exat_2,76,28,True,TEMPO_TOTAL,iteracao,combinada_cursos_exat_2_dia_turno_curso_aleatoria,180.0,180.0,600.0,14400.0,False,False,alfabetica,42,alfabetica,,./dados/2024_1/horarios_2024_1.xlsx,./dados/2024_1/salas_2024_1.csv,./dados/2024_1/salas_preferenciais_2024.1.xlsx,/Users/robertdrey/Documents/workspace/development/alocador_de_salas,resultados/experimentos/2024_1/novas_hibridas/combinada_aleatoria/20261002_003719_seed42/melhor.sol,resultados/experimentos/2024_1/novas_hibridas/combinada_aleatoria/20261002_003719_seed42/historico.csv,resultados/experimentos/2024_1/novas_hibridas/combinada_aleatoria/20261002_003719_seed42/historico.json,combinada_aleatoria,cursos_exat_2 + dia_turno_curso,qualquer_melhoria_na_passada,aleatoria_por_passada,42,180.0,1,180.0,600.0,1,0,TEMPO_TOTAL,EAS,MED,76
1,1,77,dia_turno_curso,7_M_AGRO,68,15870,79120,OPTIMAL,185881.0,185881.0,False,185881.0,4.83,4.51,600.0,7,M,AGRO,alfabetica,,aleatoria_por_passada,42,dia_turno_curso,77,49,True,TEMPO_TOTAL,iteracao,combinada_cursos_exat_2_dia_turno_curso_aleatoria,180.0,180.0,600.0,14400.0,False,False,alfabetica,42,alfabetica,,./dados/2024_1/horarios_2024_1.xlsx,./dados/2024_1/salas_2024_1.csv,./dados/2024_1/salas_preferenciais_2024.1.xlsx,/Users/robertdrey/Documents/workspace/development/alocador_de_salas,resultados/experimentos/2024_1/novas_hibridas/combinada_aleatoria/20261002_003719_seed42/melhor.sol,resultados/experimentos/2024_1/novas_hibridas/combinada_aleatoria/20261002_003719_seed42/historico.csv,resultados/experimentos/2024_1/novas_hibridas/combinada_aleatoria/20261002_003719_seed42/historico.json,combinada_aleatoria,cursos_exat_2 + dia_turno_curso,qualquer_melhoria_na_passada,aleatoria_por_passada,42,180.0,1,180.0,600.0,1,0,TEMPO_TOTAL,,,
1,1,78,dia_turno_curso,3_T_ENF,47,16146,78844,OPTIMAL,185881.0,185881.0,False,185881.0,4.63,4.3,600.0,3,T,ENF,alfabetica,,aleatoria_por_passada,42,dia_turno_curso,78,50,True,TEMPO_TOTAL,iteracao,combinada_cursos_exat_2_dia_turno_curso_aleatoria,180.0,180.0,600.0,14400.0,False,False,alfabetica,42,alfabetica,,./dados/2024_1/horarios_2024_1.xlsx,./dados/2024_1/salas_2024_1.csv,./dados/2024_1/salas_preferenciais_2024.1.xlsx,/Users/robertdrey/Documents/workspace/development/alocador_de_salas,resultados/experimentos/2024_1/novas_hibridas/combinada_aleatoria/20261002_003719_seed42/melhor.sol,resultados/experimentos/2024_1/novas_hibridas/combinada_aleatoria/20261002_003719_seed42/historico.csv,resultados/experimentos/2024_1/novas_hibridas/combinada_aleatoria/20261002_003719_seed42/historico.json,combinada_aleatoria,cursos_exat_2 + dia_turno_curso,qualquer_melhoria_na_passada,aleatoria_por_passada,42,180.0,1,180.0,600.0,1,0,TEMPO_TOTAL,,,
1,1,79,par_cursos,MAT+PED,79,17756,77234,OPTIMAL,185881.0,185881.0,False,185881.0,28.88,28.55,600.0,,,,alfabetica,,aleatoria_por_passada,42,cursos_exat_2,79,29,True,TEMPO_TOTAL,iteracao,combinada_cursos_exat_2_dia_turno_curso_aleatoria,180.0,180.0,600.0,14400.0,False,False,alfabetica,42,alfabetica,,./dados/2024_1/horarios_2024_1.xlsx,./dados/2024_1/salas_2024_1.csv,./dados/2024_1/salas_preferenciais_2024.1.xlsx,/Users/robertdrey/Documents/workspace/development/alocador_de_salas,resultados/experimentos/2024_1/novas_hibridas/combinada_aleatoria/20261002_003719_seed42/melhor.sol,resultados/experimentos/2024_1/novas_hibridas/combinada_aleatoria/20261002_003719_seed42/historico.csv,resultados/experimentos/2024_1/novas_hibridas/combinada_aleatoria/20261002_003719_seed42/historico.json,combinada_aleatoria,cursos_exat_2 + dia_turno_curso,qualquer_melhoria_na_passada,aleatoria_por_passada,42,180.0,1,180.0,600.0,1,0,TEMPO_TOTAL,MAT,PED,79
1,1,80,dia_turno_curso,4_T_MAT,51,15410,79580,OPTIMAL,185881.0,185881.0,False,185881.0,1.18,0.87,600.0,4,T,MAT,alfabetica,,aleatoria_por_passada,42,dia_turno_curso,80,51,True,TEMPO_TOTAL,iteracao,combinada_cursos_exat_2_dia_turno_curso_aleatoria,180.0,180.0,600.0,14400.0,False,False,alfabetica,42,alfabetica,,./dados/2024_1/horarios_2024_1.xlsx,./dados/2024_1/salas_2024_1.csv,./dados/2024_1/salas_preferenciais_2024.1.xlsx,/Users/robertdrey/Documents/workspace/development/alocador_de_salas,resultados/experimentos/2024_1/novas_hibridas/combinada_aleatoria/20261002_003719_seed42/melhor.sol,resultados/experimentos/2024_1/novas_hibridas/combinada_aleatoria/20261002_003719_seed42/historico.csv,resultados/experimentos/2024_1/novas_hibridas/combinada_aleatoria/20261002_003719_seed42/historico.json,combinada_aleatoria,cursos_exat_2 + dia_turno_curso,qualquer_melhoria_na_passada,aleatoria_por_passada,42,180.0,1,180.0,600.0,1,0,TEMPO_TOTAL,,,
1,1,81,dia_turno_curso,4_N_FIL,53,11914,83076,OPTIMAL,185881.0,185881.0,False,185881.0,1.84,1.52,600.0,4,N,FIL,alfabetica,,aleatoria_por_passada,42,dia_turno_curso,81,52,True,TEMPO_TOTAL,iteracao,combinada_cursos_exat_2_dia_turno_curso_aleatoria,180.0,180.0,600.0,14400.0,False,False,alfabetica,42,alfabetica,,./dados/2024_1/horarios_2024_1.xlsx,./dados/2024_1/salas_2024_1.csv,./dados/2024_1/salas_preferenciais_2024.1.xlsx,/Users/robertdrey/Documents/workspace/development/alocador_de_salas,resultados/experimentos/2024_1/novas_hibridas/combinada_aleatoria/20261002_003719_seed42/melhor.sol,resultados/experimentos/2024_1/novas_hibridas/combinada_aleatoria/20261002_003719_seed42/historico.csv,resultados/experimentos/2024_1/novas_hibridas/combinada_aleatoria/20261002_003719_seed42/historico.json,combinada_aleatoria,cursos_exat_2 + dia_turno_curso,qualquer_melhoria_na_passada,aleatoria_por_passada,42,180.0,1,180.0,600.0,1,0,TEMPO_TOTAL,,,
1,1,82,dia_turno_curso,2_M_EAS,73,16238,78752,OPTIMAL,185881.0,185881.0,False,185881.0,1.8,1.48,600.0,2,M,EAS,alfabetica,,aleatoria_por_passada,42,dia_turno_curso,82,53,True,TEMPO_TOTAL,iteracao,combinada_cursos_exat_2_dia_turno_curso_aleatoria,180.0,180.0,600.0,14400.0,False,False,alfabetica,42,alfabetica,,./dados/2024_1/horarios_2024_1.xlsx,./dados/2024_1/salas_2024_1.csv,./dados/2024_1/salas_preferenciais_2024.1.xlsx,/Users/robertdrey/Documents/workspace/development/alocador_de_salas,resultados/experimentos/2024_1/novas_hibridas/combinada_aleatoria/20261002_003719_seed42/melhor.sol,resultados/experimentos/2024_1/novas_hibridas/combinada_aleatoria/20261002_003719_seed42/historico.csv,resultados/experimentos/2024_1/novas_hibridas/combinada_aleatoria/20261002_003719_seed42/historico.json,combinada_aleatoria,cursos_exat_2 + dia_turno_curso,qualquer_melhoria_na_passada,aleatoria_por_passada,42,180.0,1,180.0,600.0,1,0,TEMPO_TOTAL,,,
1,1,83,par_cursos,AGRO+LET,87,17894,77096,OPTIMAL,185881.0,185881.0,False,185881.0,19.15,18.78,600.0,,,,alfabetica,,aleatoria_por_passada,42,cursos_exat_2,83,30,True,TEMPO_TOTAL,iteracao,combinada_cursos_exat_2_dia_turno_curso_aleatoria,180.0,180.0,600.0,14400.0,False,False,alfabetica,42,alfabetica,,./dados/2024_1/horarios_2024_1.xlsx,./dados/2024_1/salas_2024_1.csv,./dados/2024_1/salas_preferenciais_2024.1.xlsx,/Users/robertdrey/Documents/workspace/development/alocador_de_salas,resultados/experimentos/2024_1/novas_hibridas/combinada_aleatoria/20261002_003719_seed42/melhor.sol,resultados/experimentos/2024_1/novas_hibridas/combinada_aleatoria/20261002_003719_seed42/historico.csv,resultados/experimentos/2024_1/novas_hibridas/combinada_aleatoria/20261002_003719_seed42/historico.json,combinada_aleatoria,cursos_exat_2 + dia_turno_curso,qualquer_melhoria_na_passada,aleatoria_por_passada,42,180.0,1,180.0,600.0,1,0,TEMPO_TOTAL,AGRO,LET,83
1,1,84,par_cursos,AGRO+EAS,96,16192,78798,OPTIMAL,185881.0,185881.0,False,185881.0,9.06,8.7,600.0,,,,alfabetica,,aleatoria_por_passada,42,cursos_exat_2,84,31,True,TEMPO_TOTAL,iteracao,combinada_cursos_exat_2_dia_turno_curso_aleatoria,180.0,180.0,600.0,14400.0,False,False,alfabetica,42,alfabetica,,./dados/2024_1/horarios_2024_1.xlsx,./dados/2024_1/salas_2024_1.csv,./dados/2024_1/salas_preferenciais_2024.1.xlsx,/Users/robertdrey/Documents/workspace/development/alocador_de_salas,resultados/experimentos/2024_1/novas_hibridas/combinada_aleatoria/20261002_003719_seed42/melhor.sol,resultados/experimentos/2024_1/novas_hibridas/combinada_aleatoria/20261002_003719_seed42/historico.csv,resultados/experimentos/2024_1/novas_hibridas/combinada_aleatoria/20261002_003719_seed42/historico.json,combinada_aleatoria,cursos_exat_2 + dia_turno_curso,qualquer_melhoria_na_passada,aleatoria_por_passada,42,180.0,1,180.0,600.0,1,0,TEMPO_TOTAL,AGRO,EAS,84
1,1,85,dia_turno_curso,7_M_GEO,28,10258,84732,OPTIMAL,185881.0,185881.0,False,185881.0,0.94,0.62,600.0,7,M,GEO,alfabetica,,aleatoria_por_passada,42,dia_turno_curso,85,54,True,TEMPO_TOTAL,iteracao,combinada_cursos_exat_2_dia_turno_curso_aleatoria,180.0,180.0,600.0,14400.0,False,False,alfabetica,42,alfabetica,,./dados/2024_1/horarios_2024_1.xlsx,./dados/2024_1/salas_2024_1.csv,./dados/2024_1/salas_preferenciais_2024.1.xlsx,/Users/robertdrey/Documents/workspace/development/alocador_de_salas,resultados/experimentos/2024_1/novas_hibridas/combinada_aleatoria/20261002_003719_seed42/melhor.sol,resultados/experimentos/2024_1/novas_hibridas/combinada_aleatoria/20261002_003719_seed42/historico.csv,resultados/experimentos/2024_1/novas_hibridas/combinada_aleatoria/20261002_003719_seed42/historico.json,combinada_aleatoria,cursos_exat_2 + dia_turno_curso,qualquer_melhoria_na_passada,aleatoria_por_passada,42,180.0,1,180.0,600.0,1,0,TEMPO_TOTAL,,,
1,1,86,dia_turno_curso,4_N_LET,69,16744,78246,TIME_LIMIT,185881.0,185801.0,True,185801.0,600.39,600.04,600.0,4,N,LET,alfabetica,,aleatoria_por_passada,42,dia_turno_curso,86,55,True,TEMPO_TOTAL,iteracao,combinada_cursos_exat_2_dia_turno_curso_aleatoria,180.0,180.0,600.0,14400.0,False,False,alfabetica,42,alfabetica,,./dados/2024_1/horarios_2024_1.xlsx,./dados/2024_1/salas_2024_1.csv,./dados/2024_1/salas_preferenciais_2024.1.xlsx,/Users/robertdrey/Documents/workspace/development/alocador_de_salas,resultados/experimentos/2024_1/novas_hibridas/combinada_aleatoria/20261002_003719_seed42/melhor.sol,resultados/experimentos/2024_1/novas_hibridas/combinada_aleatoria/20261002_003719_seed42/historico.csv,resultados/experimentos/2024_1/novas_hibridas/combinada_aleatoria/20261002_003719_seed42/historico.json,combinada_aleatoria,cursos_exat_2 + dia_turno_curso,qualquer_melhoria_na_passada,aleatoria_por_passada,42,180.0,1,180.0,600.0,1,0,TEMPO_TOTAL,,,
1,1,87,dia_turno_curso,3_M_EAS,75,16928,78062,OPTIMAL,185801.0,185801.0,False,185801.0,2.54,2.16,600.0,3,M,EAS,alfabetica,,aleatoria_por_passada,42,dia_turno_curso,87,56,True,TEMPO_TOTAL,iteracao,combinada_cursos_exat_2_dia_turno_curso_aleatoria,180.0,180.0,600.0,14400.0,False,False,alfabetica,42,alfabetica,,./dados/2024_1/horarios_2024_1.xlsx,./dados/2024_1/salas_2024_1.csv,./dados/2024_1/salas_preferenciais_2024.1.xlsx,/Users/robertdrey/Documents/workspace/development/alocador_de_salas,resultados/experimentos/2024_1/novas_hibridas/combinada_aleatoria/20261002_003719_seed42/melhor.sol,resultados/experimentos/2024_1/novas_hibridas/combinada_aleatoria/20261002_003719_seed42/historico.csv,resultados/experimentos/2024_1/novas_hibridas/combinada_aleatoria/20261002_003719_seed42/historico.json,combinada_aleatoria,cursos_exat_2 + dia_turno_curso,qualquer_melhoria_na_passada,aleatoria_por_passada,42,180.0,1,180.0,600.0,1,0,TEMPO_TOTAL,,,
1,1,88,par_cursos,GEO+MAT,33,7038,87952,OPTIMAL,185801.0,185801.0,False,185801.0,0.69,0.37,600.0,,,,alfabetica,,aleatoria_por_passada,42,cursos_exat_2,88,32,True,TEMPO_TOTAL,iteracao,combinada_cursos_exat_2_dia_turno_curso_aleatoria,180.0,180.0,600.0,14400.0,False,False,alfabetica,42,alfabetica,,./dados/2024_1/horarios_2024_1.xlsx,./dados/2024_1/salas_2024_1.csv,./dados/2024_1/salas_preferenciais_2024.1.xlsx,/Users/robertdrey/Documents/workspace/development/alocador_de_salas,resultados/experimentos/2024_1/novas_hibridas/combinada_aleatoria/20261002_003719_seed42/melhor.sol,resultados/experimentos/2024_1/novas_hibridas/combinada_aleatoria/20261002_003719_seed42/historico.csv,resultados/experimentos/2024_1/novas_hibridas/combinada_aleatoria/20261002_003719_seed42/historico.json,combinada_aleatoria,cursos_exat_2 + dia_turno_curso,qualquer_melhoria_na_passada,aleatoria_por_passada,42,180.0,1,180.0,600.0,1,0,TEMPO_TOTAL,GEO,MAT,88
1,1,89,dia_turno_curso,2_N_LET,71,16790,78200,OPTIMAL,185801.0,185801.0,False,185801.0,3.9,3.59,600.0,2,N,LET,alfabetica,,aleatoria_por_passada,42,dia_turno_curso,89,57,True,TEMPO_TOTAL,iteracao,combinada_cursos_exat_2_dia_turno_curso_aleatoria,180.0,180.0,600.0,14400.0,False,False,alfabetica,42,alfabetica,,./dados/2024_1/horarios_2024_1.xlsx,./dados/2024_1/salas_2024_1.csv,./dados/2024_1/salas_preferenciais_2024.1.xlsx,/Users/robertdrey/Documents/workspace/development/alocador_de_salas,resultados/experimentos/2024_1/novas_hibridas/combinada_aleatoria/20261002_003719_seed42/melhor.sol,resultados/experimentos/2024_1/novas_hibridas/combinada_aleatoria/20261002_003719_seed42/historico.csv,resultados/experimentos/2024_1/novas_hibridas/combinada_aleatoria/20261002_003719_seed42/historico.json,combinada_aleatoria,cursos_exat_2 + dia_turno_curso,qualquer_melhoria_na_passada,aleatoria_por_passada,42,180.0,1,180.0,600.0,1,0,TEMPO_TOTAL,,,
1,1,90,dia_turno_curso,7_N_HIS,26,6532,88458,OPTIMAL,185801.0,185801.0,False,185801.0,0.73,0.4,600.0,7,N,HIS,alfabetica,,aleatoria_por_passada,42,dia_turno_curso,90,58,True,TEMPO_TOTAL,iteracao,combinada_cursos_exat_2_dia_turno_curso_aleatoria,180.0,180.0,600.0,14400.0,False,False,alfabetica,42,alfabetica,,./dados/2024_1/horarios_2024_1.xlsx,./dados/2024_1/salas_2024_1.csv,./dados/2024_1/salas_preferenciais_2024.1.xlsx,/Users/robertdrey/Documents/workspace/development/alocador_de_salas,resultados/experimentos/2024_1/novas_hibridas/combinada_aleatoria/20261002_003719_seed42/melhor.sol,resultados/experimentos/2024_1/novas_hibridas/combinada_aleatoria/20261002_003719_seed42/historico.csv,resultados/experimentos/2024_1/novas_hibridas/combinada_aleatoria/20261002_003719_seed42/historico.json,combinada_aleatoria,cursos_exat_2 + dia_turno_curso,qualquer_melhoria_na_passada,aleatoria_por_passada,42,180.0,1,180.0,600.0,1,0,TEMPO_TOTAL,,,
1,1,91,par_cursos,EAS+LET,81,16606,78384,OPTIMAL,185801.0,185801.0,False,185801.0,2.83,2.51,600.0,,,,alfabetica,,aleatoria_por_passada,42,cursos_exat_2,91,33,True,TEMPO_TOTAL,iteracao,combinada_cursos_exat_2_dia_turno_curso_aleatoria,180.0,180.0,600.0,14400.0,False,False,alfabetica,42,alfabetica,,./dados/2024_1/horarios_2024_1.xlsx,./dados/2024_1/salas_2024_1.csv,./dados/2024_1/salas_preferenciais_2024.1.xlsx,/Users/robertdrey/Documents/workspace/development/alocador_de_salas,resultados/experimentos/2024_1/novas_hibridas/combinada_aleatoria/20261002_003719_seed42/melhor.sol,resultados/experimentos/2024_1/novas_hibridas/combinada_aleatoria/20261002_003719_seed42/historico.csv,resultados/experimentos/2024_1/novas_hibridas/combinada_aleatoria/20261002_003719_seed42/historico.json,combinada_aleatoria,cursos_exat_2 + dia_turno_curso,qualquer_melhoria_na_passada,aleatoria_por_passada,42,180.0,1,180.0,600.0,1,0,TEMPO_TOTAL,EAS,LET,91
1,1,92,dia_turno_curso,3_T_LET,67,19090,75900,OPTIMAL,185801.0,185801.0,False,185801.0,2.16,1.82,600.0,3,T,LET,alfabetica,,aleatoria_por_passada,42,dia_turno_curso,92,59,True,TEMPO_TOTAL,iteracao,combinada_cursos_exat_2_dia_turno_curso_aleatoria,180.0,180.0,600.0,14400.0,False,False,alfabetica,42,alfabetica,,./dados/2024_1/horarios_2024_1.xlsx,./dados/2024_1/salas_2024_1.csv,./dados/2024_1/salas_preferenciais_2024.1.xlsx,/Users/robertdrey/Documents/workspace/development/alocador_de_salas,resultados/experimentos/2024_1/novas_hibridas/combinada_aleatoria/20261002_003719_seed42/melhor.sol,resultados/experimentos/2024_1/novas_hibridas/combinada_aleatoria/20261002_003719_seed42/historico.csv,resultados/experimentos/2024_1/novas_hibridas/combinada_aleatoria/20261002_003719_seed42/historico.json,combinada_aleatoria,cursos_exat_2 + dia_turno_curso,qualquer_melhoria_na_passada,aleatoria_por_passada,42,180.0,1,180.0,600.0,1,0,TEMPO_TOTAL,,,
1,1,93,dia_turno_curso,4_T_ENF,43,16192,78798,OPTIMAL,185801.0,185801.0,False,185801.0,4.28,3.95,600.0,4,T,ENF,alfabetica,,aleatoria_por_passada,42,dia_turno_curso,93,60,True,TEMPO_TOTAL,iteracao,combinada_cursos_exat_2_dia_turno_curso_aleatoria,180.0,180.0,600.0,14400.0,False,False,alfabetica,42,alfabetica,,./dados/2024_1/horarios_2024_1.xlsx,./dados/2024_1/salas_2024_1.csv,./dados/2024_1/salas_preferenciais_2024.1.xlsx,/Users/robertdrey/Documents/workspace/development/alocador_de_salas,resultados/experimentos/2024_1/novas_hibridas/combinada_aleatoria/20261002_003719_seed42/melhor.sol,resultados/experimentos/2024_1/novas_hibridas/combinada_aleatoria/20261002_003719_seed42/historico.csv,resultados/experimentos/2024_1/novas_hibridas/combinada_aleatoria/20261002_003719_seed42/historico.json,combinada_aleatoria,cursos_exat_2 + dia_turno_curso,qualquer_melhoria_na_passada,aleatoria_por_passada,42,180.0,1,180.0,600.0,1,0,TEMPO_TOTAL,,,
1,1,94,par_cursos,ENF+MAT,41,13478,81512,OPTIMAL,185801.0,185801.0,False,185801.0,2.75,2.41,600.0,,,,alfabetica,,aleatoria_por_passada,42,cursos_exat_2,94,34,True,TEMPO_TOTAL,iteracao,combinada_cursos_exat_2_dia_turno_curso_aleatoria,180.0,180.0,600.0,14400.0,False,False,alfabetica,42,alfabetica,,./dados/2024_1/horarios_2024_1.xlsx,./dados/2024_1/salas_2024_1.csv,./dados/2024_1/salas_preferenciais_2024.1.xlsx,/Users/robertdrey/Documents/workspace/development/alocador_de_salas,resultados/experimentos/2024_1/novas_hibridas/combinada_aleatoria/20261002_003719_seed42/melhor.sol,resultados/experimentos/2024_1/novas_hibridas/combinada_aleatoria/20261002_003719_seed42/historico.csv,resultados/experimentos/2024_1/novas_hibridas/combinada_aleatoria/20261002_003719_seed42/historico.json,combinada_aleatoria,cursos_exat_2 + dia_turno_curso,qualquer_melhoria_na_passada,aleatoria_por_passada,42,180.0,1,180.0,600.0,1,0,TEMPO_TOTAL,ENF,MAT,94
1,1,95,dia_turno_curso,5_M_ADM,80,19734,75256,OPTIMAL,185801.0,185780.0,True,185780.0,2.67,2.33,600.0,5,M,ADM,alfabetica,,aleatoria_por_passada,42,dia_turno_curso,95,61,True,TEMPO_TOTAL,iteracao,combinada_cursos_exat_2_dia_turno_curso_aleatoria,180.0,180.0,600.0,14400.0,False,False,alfabetica,42,alfabetica,,./dados/2024_1/horarios_2024_1.xlsx,./dados/2024_1/salas_2024_1.csv,./dados/2024_1/salas_preferenciais_2024.1.xlsx,/Users/robertdrey/Documents/workspace/development/alocador_de_salas,resultados/experimentos/2024_1/novas_hibridas/combinada_aleatoria/20261002_003719_seed42/melhor.sol,resultados/experimentos/2024_1/novas_hibridas/combinada_aleatoria/20261002_003719_seed42/historico.csv,resultados/experimentos/2024_1/novas_hibridas/combinada_aleatoria/20261002_003719_seed42/historico.json,combinada_aleatoria,cursos_exat_2 + dia_turno_curso,qualquer_melhoria_na_passada,aleatoria_por_passada,42,180.0,1,180.0,600.0,1,0,TEMPO_TOTAL,,,
1,1,96,dia_turno_curso,2_N_MAT,60,13386,81604,OPTIMAL,185780.0,185780.0,False,185780.0,1.84,1.52,600.0,2,N,MAT,alfabetica,,aleatoria_por_passada,42,dia_turno_curso,96,62,True,TEMPO_TOTAL,iteracao,combinada_cursos_exat_2_dia_turno_curso_aleatoria,180.0,180.0,600.0,14400.0,False,False,alfabetica,42,alfabetica,,./dados/2024_1/horarios_2024_1.xlsx,./dados/2024_1/salas_2024_1.csv,./dados/2024_1/salas_preferenciais_2024.1.xlsx,/Users/robertdrey/Documents/workspace/development/alocador_de_salas,resultados/experimentos/2024_1/novas_hibridas/combinada_aleatoria/20261002_003719_seed42/melhor.sol,resultados/experimentos/2024_1/novas_hibridas/combinada_aleatoria/20261002_003719_seed42/historico.csv,resultados/experimentos/2024_1/novas_hibridas/combinada_aleatoria/20261002_003719_seed42/historico.json,combinada_aleatoria,cursos_exat_2 + dia_turno_curso,qualquer_melhoria_na_passada,aleatoria_por_passada,42,180.0,1,180.0,600.0,1,0,TEMPO_TOTAL,,,
1,1,97,dia_turno_curso,4_T_CC,69,19964,75026,OPTIMAL,185780.0,185776.0,True,185776.0,69.79,69.48,600.0,4,T,CC,alfabetica,,aleatoria_por_passada,42,dia_turno_curso,97,63,True,TEMPO_TOTAL,iteracao,combinada_cursos_exat_2_dia_turno_curso_aleatoria,180.0,180.0,600.0,14400.0,False,False,alfabetica,42,alfabetica,,./dados/2024_1/horarios_2024_1.xlsx,./dados/2024_1/salas_2024_1.csv,./dados/2024_1/salas_preferenciais_2024.1.xlsx,/Users/robertdrey/Documents/workspace/development/alocador_de_salas,resultados/experimentos/2024_1/novas_hibridas/combinada_aleatoria/20261002_003719_seed42/melhor.sol,resultados/experimentos/2024_1/novas_hibridas/combinada_aleatoria/20261002_003719_seed42/historico.csv,resultados/experimentos/2024_1/novas_hibridas/combinada_aleatoria/20261002_003719_seed42/historico.json,combinada_aleatoria,cursos_exat_2 + dia_turno_curso,qualquer_melhoria_na_passada,aleatoria_por_passada,42,180.0,1,180.0,600.0,1,0,TEMPO_TOTAL,,,
1,1,98,dia_turno_curso,4_N_ADM,85,18262,76728,OPTIMAL,185776.0,185776.0,False,185776.0,4.28,3.97,600.0,4,N,ADM,alfabetica,,aleatoria_por_passada,42,dia_turno_curso,98,64,True,TEMPO_TOTAL,iteracao,combinada_cursos_exat_2_dia_turno_curso_aleatoria,180.0,180.0,600.0,14400.0,False,False,alfabetica,42,alfabetica,,./dados/2024_1/horarios_2024_1.xlsx,./dados/2024_1/salas_2024_1.csv,./dados/2024_1/salas_preferenciais_2024.1.xlsx,/Users/robertdrey/Documents/workspace/development/alocador_de_salas,resultados/experimentos/2024_1/novas_hibridas/combinada_aleatoria/20261002_003719_seed42/melhor.sol,resultados/experimentos/2024_1/novas_hibridas/combinada_aleatoria/20261002_003719_seed42/historico.csv,resultados/experimentos/2024_1/novas_hibridas/combinada_aleatoria/20261002_003719_seed42/historico.json,combinada_aleatoria,cursos_exat_2 + dia_turno_curso,qualquer_melhoria_na_passada,aleatoria_por_passada,42,180.0,1,180.0,600.0,1,0,TEMPO_TOTAL,,,
1,1,99,dia_turno_curso,2_N_CS,59,13248,81742,OPTIMAL,185776.0,185776.0,False,185776.0,2.0,1.69,600.0,2,N,CS,alfabetica,,aleatoria_por_passada,42,dia_turno_curso,99,65,True,TEMPO_TOTAL,iteracao,combinada_cursos_exat_2_dia_turno_curso_aleatoria,180.0,180.0,600.0,14400.0,False,False,alfabetica,42,alfabetica,,./dados/2024_1/horarios_2024_1.xlsx,./dados/2024_1/salas_2024_1.csv,./dados/2024_1/salas_preferenciais_2024.1.xlsx,/Users/robertdrey/Documents/workspace/development/alocador_de_salas,resultados/experimentos/2024_1/novas_hibridas/combinada_aleatoria/20261002_003719_seed42/melhor.sol,resultados/experimentos/2024_1/novas_hibridas/combinada_aleatoria/20261002_003719_seed42/historico.csv,resultados/experimentos/2024_1/novas_hibridas/combinada_aleatoria/20261002_003719_seed42/historico.json,combinada_aleatoria,cursos_exat_2 + dia_turno_curso,qualquer_melhoria_na_passada,aleatoria_por_passada,42,180.0,1,180.0,600.0,1,0,TEMPO_TOTAL,,,
1,1,100,dia_turno_curso,5_T_AGRO,77,18814,76176,OPTIMAL,185776.0,185776.0,False,185776.0,6.67,6.36,600.0,5,T,AGRO,alfabetica,,aleatoria_por_passada,42,dia_turno_curso,100,66,True,TEMPO_TOTAL,iteracao,combinada_cursos_exat_2_dia_turno_curso_aleatoria,180.0,180.0,600.0,14400.0,False,False,alfabetica,42,alfabetica,,./dados/2024_1/horarios_2024_1.xlsx,./dados/2024_1/salas_2024_1.csv,./dados/2024_1/salas_preferenciais_2024.1.xlsx,/Users/robertdrey/Documents/workspace/development/alocador_de_salas,resultados/experimentos/2024_1/novas_hibridas/combinada_aleatoria/20261002_003719_seed42/melhor.sol,resultados/experimentos/2024_1/novas_hibridas/combinada_aleatoria/20261002_003719_seed42/historico.csv,resultados/experimentos/2024_1/novas_hibridas/combinada_aleatoria/20261002_003719_seed42/historico.json,combinada_aleatoria,cursos_exat_2 + dia_turno_curso,qualquer_melhoria_na_passada,aleatoria_por_passada,42,180.0,1,180.0,600.0,1,0,TEMPO_TOTAL,,,
1,1,101,dia_turno_curso,6_T_ENF,43,15364,79626,OPTIMAL,185776.0,185776.0,False,185776.0,7.37,7.04,600.0,6,T,ENF,alfabetica,,aleatoria_por_passada,42,dia_turno_curso,101,67,True,TEMPO_TOTAL,iteracao,combinada_cursos_exat_2_dia_turno_curso_aleatoria,180.0,180.0,600.0,14400.0,False,False,alfabetica,42,alfabetica,,./dados/2024_1/horarios_2024_1.xlsx,./dados/2024_1/salas_2024_1.csv,./dados/2024_1/salas_preferenciais_2024.1.xlsx,/Users/robertdrey/Documents/workspace/development/alocador_de_salas,resultados/experimentos/2024_1/novas_hibridas/combinada_aleatoria/20261002_003719_seed42/melhor.sol,resultados/experimentos/2024_1/novas_hibridas/combinada_aleatoria/20261002_003719_seed42/historico.csv,resultados/experimentos/2024_1/novas_hibridas/combinada_aleatoria/20261002_003719_seed42/historico.json,combinada_aleatoria,cursos_exat_2 + dia_turno_curso,qualquer_melhoria_na_passada,aleatoria_por_passada,42,180.0,1,180.0,600.0,1,0,TEMPO_TOTAL,,,
1,1,102,par_cursos,CS+EAS,67,12006,82984,OPTIMAL,185776.0,185776.0,False,185776.0,0.87,0.54,600.0,,,,alfabetica,,aleatoria_por_passada,42,cursos_exat_2,102,35,True,TEMPO_TOTAL,iteracao,combinada_cursos_exat_2_dia_turno_curso_aleatoria,180.0,180.0,600.0,14400.0,False,False,alfabetica,42,alfabetica,,./dados/2024_1/horarios_2024_1.xlsx,./dados/2024_1/salas_2024_1.csv,./dados/2024_1/salas_preferenciais_2024.1.xlsx,/Users/robertdrey/Documents/workspace/development/alocador_de_salas,resultados/experimentos/2024_1/novas_hibridas/combinada_aleatoria/20261002_003719_seed42/melhor.sol,resultados/experimentos/2024_1/novas_hibridas/combinada_aleatoria/20261002_003719_seed42/historico.csv,resultados/experimentos/2024_1/novas_hibridas/combinada_aleatoria/20261002_003719_seed42/historico.json,combinada_aleatoria,cursos_exat_2 + dia_turno_curso,qualquer_melhoria_na_passada,aleatoria_por_passada,42,180.0,1,180.0,600.0,1,0,TEMPO_TOTAL,CS,EAS,102
1,1,103,dia_turno_curso,4_T_AGRO,78,19458,75532,OPTIMAL,185776.0,185776.0,False,185776.0,5.66,5.35,600.0,4,T,AGRO,alfabetica,,aleatoria_por_passada,42,dia_turno_curso,103,68,True,TEMPO_TOTAL,iteracao,combinada_cursos_exat_2_dia_turno_curso_aleatoria,180.0,180.0,600.0,14400.0,False,False,alfabetica,42,alfabetica,,./dados/2024_1/horarios_2024_1.xlsx,./dados/2024_1/salas_2024_1.csv,./dados/2024_1/salas_preferenciais_2024.1.xlsx,/Users/robertdrey/Documents/workspace/development/alocador_de_salas,resultados/experimentos/2024_1/novas_hibridas/combinada_aleatoria/20261002_003719_seed42/melhor.sol,resultados/experimentos/2024_1/novas_hibridas/combinada_aleatoria/20261002_003719_seed42/historico.csv,resultados/experimentos/2024_1/novas_hibridas/combinada_aleatoria/20261002_003719_seed42/historico.json,combinada_aleatoria,cursos_exat_2 + dia_turno_curso,qualquer_melhoria_na_passada,aleatoria_por_passada,42,180.0,1,180.0,600.0,1,0,TEMPO_TOTAL,,,
1,1,104,dia_turno_curso,4_N_HIS,62,13938,81052,OPTIMAL,185776.0,185776.0,False,185776.0,2.17,1.86,600.0,4,N,HIS,alfabetica,,aleatoria_por_passada,42,dia_turno_curso,104,69,True,TEMPO_TOTAL,iteracao,combinada_cursos_exat_2_dia_turno_curso_aleatoria,180.0,180.0,600.0,14400.0,False,False,alfabetica,42,alfabetica,,./dados/2024_1/horarios_2024_1.xlsx,./dados/2024_1/salas_2024_1.csv,./dados/2024_1/salas_preferenciais_2024.1.xlsx,/Users/robertdrey/Documents/workspace/development/alocador_de_salas,resultados/experimentos/2024_1/novas_hibridas/combinada_aleatoria/20261002_003719_seed42/melhor.sol,resultados/experimentos/2024_1/novas_hibridas/combinada_aleatoria/20261002_003719_seed42/historico.csv,resultados/experimentos/2024_1/novas_hibridas/combinada_aleatoria/20261002_003719_seed42/historico.json,combinada_aleatoria,cursos_exat_2 + dia_turno_curso,qualquer_melhoria_na_passada,aleatoria_por_passada,42,180.0,1,180.0,600.0,1,0,TEMPO_TOTAL,,,
1,1,105,dia_turno_curso,2_M_MED,74,18078,76912,OPTIMAL,185776.0,185776.0,False,185776.0,3.06,2.75,600.0,2,M,MED,alfabetica,,aleatoria_por_passada,42,dia_turno_curso,105,70,True,TEMPO_TOTAL,iteracao,combinada_cursos_exat_2_dia_turno_curso_aleatoria,180.0,180.0,600.0,14400.0,False,False,alfabetica,42,alfabetica,,./dados/2024_1/horarios_2024_1.xlsx,./dados/2024_1/salas_2024_1.csv,./dados/2024_1/salas_preferenciais_2024.1.xlsx,/Users/robertdrey/Documents/workspace/development/alocador_de_salas,resultados/experimentos/2024_1/novas_hibridas/combinada_aleatoria/20261002_003719_seed42/melhor.sol,resultados/experimentos/2024_1/novas_hibridas/combinada_aleatoria/20261002_003719_seed42/historico.csv,resultados/experimentos/2024_1/novas_hibridas/combinada_aleatoria/20261002_003719_seed42/historico.json,combinada_aleatoria,cursos_exat_2 + dia_turno_curso,qualquer_melhoria_na_passada,aleatoria_por_passada,42,180.0,1,180.0,600.0,1,0,TEMPO_TOTAL,,,
1,1,106,dia_turno_curso,6_N_ADM,83,17158,77832,OPTIMAL,185776.0,185776.0,False,185776.0,1.87,1.56,600.0,6,N,ADM,alfabetica,,aleatoria_por_passada,42,dia_turno_curso,106,71,True,TEMPO_TOTAL,iteracao,combinada_cursos_exat_2_dia_turno_curso_aleatoria,180.0,180.0,600.0,14400.0,False,False,alfabetica,42,alfabetica,,./dados/2024_1/horarios_2024_1.xlsx,./dados/2024_1/salas_2024_1.csv,./dados/2024_1/salas_preferenciais_2024.1.xlsx,/Users/robertdrey/Documents/workspace/development/alocador_de_salas,resultados/experimentos/2024_1/novas_hibridas/combinada_aleatoria/20261002_003719_seed42/melhor.sol,resultados/experimentos/2024_1/novas_hibridas/combinada_aleatoria/20261002_003719_seed42/historico.csv,resultados/experimentos/2024_1/novas_hibridas/combinada_aleatoria/20261002_003719_seed42/historico.json,combinada_aleatoria,cursos_exat_2 + dia_turno_curso,qualquer_melhoria_na_passada,aleatoria_por_passada,42,180.0,1,180.0,600.0,1,0,TEMPO_TOTAL,,,
1,1,107,par_cursos,GEO+HIS,34,6854,88136,OPTIMAL,185776.0,185776.0,False,185776.0,0.69,0.38,600.0,,,,alfabetica,,aleatoria_por_passada,42,cursos_exat_2,107,36,True,TEMPO_TOTAL,iteracao,combinada_cursos_exat_2_dia_turno_curso_aleatoria,180.0,180.0,600.0,14400.0,False,False,alfabetica,42,alfabetica,,./dados/2024_1/horarios_2024_1.xlsx,./dados/2024_1/salas_2024_1.csv,./dados/2024_1/salas_preferenciais_2024.1.xlsx,/Users/robertdrey/Documents/workspace/development/alocador_de_salas,resultados/experimentos/2024_1/novas_hibridas/combinada_aleatoria/20261002_003719_seed42/melhor.sol,resultados/experimentos/2024_1/novas_hibridas/combinada_aleatoria/20261002_003719_seed42/historico.csv,resultados/experimentos/2024_1/novas_hibridas/combinada_aleatoria/20261002_003719_seed42/historico.json,combinada_aleatoria,cursos_exat_2 + dia_turno_curso,qualquer_melhoria_na_passada,aleatoria_por_passada,42,180.0,1,180.0,600.0,1,0,TEMPO_TOTAL,GEO,HIS,107
1,1,108,dia_turno_curso,2_M_PED,88,21574,73416,OPTIMAL,185776.0,185776.0,False,185776.0,45.63,45.32,600.0,2,M,PED,alfabetica,,aleatoria_por_passada,42,dia_turno_curso,108,72,True,TEMPO_TOTAL,iteracao,combinada_cursos_exat_2_dia_turno_curso_aleatoria,180.0,180.0,600.0,14400.0,False,False,alfabetica,42,alfabetica,,./dados/2024_1/horarios_2024_1.xlsx,./dados/2024_1/salas_2024_1.csv,./dados/2024_1/salas_preferenciais_2024.1.xlsx,/Users/robertdrey/Documents/workspace/development/alocador_de_salas,resultados/experimentos/2024_1/novas_hibridas/combinada_aleatoria/20261002_003719_seed42/melhor.sol,resultados/experimentos/2024_1/novas_hibridas/combinada_aleatoria/20261002_003719_seed42/historico.csv,resultados/experimentos/2024_1/novas_hibridas/combinada_aleatoria/20261002_003719_seed42/historico.json,combinada_aleatoria,cursos_exat_2 + dia_turno_curso,qualquer_melhoria_na_passada,aleatoria_por_passada,42,180.0,1,180.0,600.0,1,0,TEMPO_TOTAL,,,
1,1,109,dia_turno_curso,3_T_EAS,74,17848,77142,OPTIMAL,185776.0,185776.0,False,185776.0,1.34,1.04,600.0,3,T,EAS,alfabetica,,aleatoria_por_passada,42,dia_turno_curso,109,73,True,TEMPO_TOTAL,iteracao,combinada_cursos_exat_2_dia_turno_curso_aleatoria,180.0,180.0,600.0,14400.0,False,False,alfabetica,42,alfabetica,,./dados/2024_1/horarios_2024_1.xlsx,./dados/2024_1/salas_2024_1.csv,./dados/2024_1/salas_preferenciais_2024.1.xlsx,/Users/robertdrey/Documents/workspace/development/alocador_de_salas,resultados/experimentos/2024_1/novas_hibridas/combinada_aleatoria/20261002_003719_seed42/melhor.sol,resultados/experimentos/2024_1/novas_hibridas/combinada_aleatoria/20261002_003719_seed42/historico.csv,resultados/experimentos/2024_1/novas_hibridas/combinada_aleatoria/20261002_003719_seed42/historico.json,combinada_aleatoria,cursos_exat_2 + dia_turno_curso,qualquer_melhoria_na_passada,aleatoria_por_passada,42,180.0,1,180.0,600.0,1,0,TEMPO_TOTAL,,,
1,1,110,dia_turno_curso,5_M_ENF,51,15732,79258,OPTIMAL,185776.0,185776.0,False,185776.0,6.06,5.75,600.0,5,M,ENF,alfabetica,,aleatoria_por_passada,42,dia_turno_curso,110,74,True,TEMPO_TOTAL,iteracao,combinada_cursos_exat_2_dia_turno_curso_aleatoria,180.0,180.0,600.0,14400.0,False,False,alfabetica,42,alfabetica,,./dados/2024_1/horarios_2024_1.xlsx,./dados/2024_1/salas_2024_1.csv,./dados/2024_1/salas_preferenciais_2024.1.xlsx,/Users/robertdrey/Documents/workspace/development/alocador_de_salas,resultados/experimentos/2024_1/novas_hibridas/combinada_aleatoria/20261002_003719_seed42/melhor.sol,resultados/experimentos/2024_1/novas_hibridas/combinada_aleatoria/20261002_003719_seed42/historico.csv,resultados/experimentos/2024_1/novas_hibridas/combinada_aleatoria/20261002_003719_seed42/historico.json,combinada_aleatoria,cursos_exat_2 + dia_turno_curso,qualquer_melhoria_na_passada,aleatoria_por_passada,42,180.0,1,180.0,600.0,1,0,TEMPO_TOTAL,,,
1,1,111,dia_turno_curso,5_N_ADM,83,16652,78338,OPTIMAL,185776.0,185776.0,False,185776.0,2.5,2.18,600.0,5,N,ADM,alfabetica,,aleatoria_por_passada,42,dia_turno_curso,111,75,True,TEMPO_TOTAL,iteracao,combinada_cursos_exat_2_dia_turno_curso_aleatoria,180.0,180.0,600.0,14400.0,False,False,alfabetica,42,alfabetica,,./dados/2024_1/horarios_2024_1.xlsx,./dados/2024_1/salas_2024_1.csv,./dados/2024_1/salas_preferenciais_2024.1.xlsx,/Users/robertdrey/Documents/workspace/development/alocador_de_salas,resultados/experimentos/2024_1/novas_hibridas/combinada_aleatoria/20261002_003719_seed42/melhor.sol,resultados/experimentos/2024_1/novas_hibridas/combinada_aleatoria/20261002_003719_seed42/historico.csv,resultados/experimentos/2024_1/novas_hibridas/combinada_aleatoria/20261002_003719_seed42/historico.json,combinada_aleatoria,cursos_exat_2 + dia_turno_curso,qualquer_melhoria_na_passada,aleatoria_por_passada,42,180.0,1,180.0,600.0,1,0,TEMPO_TOTAL,,,
1,1,112,par_cursos,LET+MAT,59,14122,80868,OPTIMAL,185776.0,185776.0,False,185776.0,2.4,2.08,600.0,,,,alfabetica,,aleatoria_por_passada,42,cursos_exat_2,112,37,True,TEMPO_TOTAL,iteracao,combinada_cursos_exat_2_dia_turno_curso_aleatoria,180.0,180.0,600.0,14400.0,False,False,alfabetica,42,alfabetica,,./dados/2024_1/horarios_2024_1.xlsx,./dados/2024_1/salas_2024_1.csv,./dados/2024_1/salas_preferenciais_2024.1.xlsx,/Users/robertdrey/Documents/workspace/development/alocador_de_salas,resultados/experimentos/2024_1/novas_hibridas/combinada_aleatoria/20261002_003719_seed42/melhor.sol,resultados/experimentos/2024_1/novas_hibridas/combinada_aleatoria/20261002_003719_seed42/historico.csv,resultados/experimentos/2024_1/novas_hibridas/combinada_aleatoria/20261002_003719_seed42/historico.json,combinada_aleatoria,cursos_exat_2 + dia_turno_curso,qualquer_melhoria_na_passada,aleatoria_por_passada,42,180.0,1,180.0,600.0,1,0,TEMPO_TOTAL,LET,MAT,112
1,1,113,par_cursos,CC+GEO,57,12604,82386,OPTIMAL,185776.0,185776.0,False,185776.0,28.79,28.47,600.0,,,,alfabetica,,aleatoria_por_passada,42,cursos_exat_2,113,38,True,TEMPO_TOTAL,iteracao,combinada_cursos_exat_2_dia_turno_curso_aleatoria,180.0,180.0,600.0,14400.0,False,False,alfabetica,42,alfabetica,,./dados/2024_1/horarios_2024_1.xlsx,./dados/2024_1/salas_2024_1.csv,./dados/2024_1/salas_preferenciais_2024.1.xlsx,/Users/robertdrey/Documents/workspace/development/alocador_de_salas,resultados/experimentos/2024_1/novas_hibridas/combinada_aleatoria/20261002_003719_seed42/melhor.sol,resultados/experimentos/2024_1/novas_hibridas/combinada_aleatoria/20261002_003719_seed42/historico.csv,resultados/experimentos/2024_1/novas_hibridas/combinada_aleatoria/20261002_003719_seed42/historico.json,combinada_aleatoria,cursos_exat_2 + dia_turno_curso,qualquer_melhoria_na_passada,aleatoria_por_passada,42,180.0,1,180.0,600.0,1,0,TEMPO_TOTAL,CC,GEO,113
1,1,114,dia_turno_curso,6_N_MAT,58,12834,82156,OPTIMAL,185776.0,185776.0,False,185776.0,1.57,1.28,600.0,6,N,MAT,alfabetica,,aleatoria_por_passada,42,dia_turno_curso,114,76,True,TEMPO_TOTAL,iteracao,combinada_cursos_exat_2_dia_turno_curso_aleatoria,180.0,180.0,600.0,14400.0,False,False,alfabetica,42,alfabetica,,./dados/2024_1/horarios_2024_1.xlsx,./dados/2024_1/salas_2024_1.csv,./dados/2024_1/salas_preferenciais_2024.1.xlsx,/Users/robertdrey/Documents/workspace/development/alocador_de_salas,resultados/experimentos/2024_1/novas_hibridas/combinada_aleatoria/20261002_003719_seed42/melhor.sol,resultados/experimentos/2024_1/novas_hibridas/combinada_aleatoria/20261002_003719_seed42/historico.csv,resultados/experimentos/2024_1/novas_hibridas/combinada_aleatoria/20261002_003719_seed42/historico.json,combinada_aleatoria,cursos_exat_2 + dia_turno_curso,qualquer_melhoria_na_passada,aleatoria_por_passada,42,180.0,1,180.0,600.0,1,0,TEMPO_TOTAL,,,
1,1,115,par_cursos,CS+ENF,40,13064,81926,OPTIMAL,185776.0,185776.0,False,185776.0,2.69,2.36,600.0,,,,alfabetica,,aleatoria_por_passada,42,cursos_exat_2,115,39,True,TEMPO_TOTAL,iteracao,combinada_cursos_exat_2_dia_turno_curso_aleatoria,180.0,180.0,600.0,14400.0,False,False,alfabetica,42,alfabetica,,./dados/2024_1/horarios_2024_1.xlsx,./dados/2024_1/salas_2024_1.csv,./dados/2024_1/salas_preferenciais_2024.1.xlsx,/Users/robertdrey/Documents/workspace/development/alocador_de_salas,resultados/experimentos/2024_1/novas_hibridas/combinada_aleatoria/20261002_003719_seed42/melhor.sol,resultados/experimentos/2024_1/novas_hibridas/combinada_aleatoria/20261002_003719_seed42/historico.csv,resultados/experimentos/2024_1/novas_hibridas/combinada_aleatoria/20261002_003719_seed42/historico.json,combinada_aleatoria,cursos_exat_2 + dia_turno_curso,qualquer_melhoria_na_passada,aleatoria_por_passada,42,180.0,1,180.0,600.0,1,0,TEMPO_TOTAL,CS,ENF,115
1,1,116,par_cursos,ENF+GEO,28,10580,84410,OPTIMAL,185776.0,185776.0,False,185776.0,2.14,1.78,600.0,,,,alfabetica,,aleatoria_por_passada,42,cursos_exat_2,116,40,True,TEMPO_TOTAL,iteracao,combinada_cursos_exat_2_dia_turno_curso_aleatoria,180.0,180.0,600.0,14400.0,False,False,alfabetica,42,alfabetica,,./dados/2024_1/horarios_2024_1.xlsx,./dados/2024_1/salas_2024_1.csv,./dados/2024_1/salas_preferenciais_2024.1.xlsx,/Users/robertdrey/Documents/workspace/development/alocador_de_salas,resultados/experimentos/2024_1/novas_hibridas/combinada_aleatoria/20261002_003719_seed42/melhor.sol,resultados/experimentos/2024_1/novas_hibridas/combinada_aleatoria/20261002_003719_seed42/historico.csv,resultados/experimentos/2024_1/novas_hibridas/combinada_aleatoria/20261002_003719_seed42/historico.json,combinada_aleatoria,cursos_exat_2 + dia_turno_curso,qualquer_melhoria_na_passada,aleatoria_por_passada,42,180.0,1,180.0,600.0,1,0,TEMPO_TOTAL,ENF,GEO,116
1,1,117,dia_turno_curso,6_M_ADM,74,15226,79764,OPTIMAL,185776.0,185776.0,False,185776.0,1.93,1.59,600.0,6,M,ADM,alfabetica,,aleatoria_por_passada,42,dia_turno_curso,117,77,True,TEMPO_TOTAL,iteracao,combinada_cursos_exat_2_dia_turno_curso_aleatoria,180.0,180.0,600.0,14400.0,False,False,alfabetica,42,alfabetica,,./dados/2024_1/horarios_2024_1.xlsx,./dados/2024_1/salas_2024_1.csv,./dados/2024_1/salas_preferenciais_2024.1.xlsx,/Users/robertdrey/Documents/workspace/development/alocador_de_salas,resultados/experimentos/2024_1/novas_hibridas/combinada_aleatoria/20261002_003719_seed42/melhor.sol,resultados/experimentos/2024_1/novas_hibridas/combinada_aleatoria/20261002_003719_seed42/historico.csv,resultados/experimentos/2024_1/novas_hibridas/combinada_aleatoria/20261002_003719_seed42/historico.json,combinada_aleatoria,cursos_exat_2 + dia_turno_curso,qualquer_melhoria_na_passada,aleatoria_por_passada,42,180.0,1,180.0,600.0,1,0,TEMPO_TOTAL,,,
1,1,118,dia_turno_curso,2_N_PED,91,21022,73968,OPTIMAL,185776.0,185776.0,False,185776.0,109.71,109.39,600.0,2,N,PED,alfabetica,,aleatoria_por_passada,42,dia_turno_curso,118,78,True,TEMPO_TOTAL,iteracao,combinada_cursos_exat_2_dia_turno_curso_aleatoria,180.0,180.0,600.0,14400.0,False,False,alfabetica,42,alfabetica,,./dados/2024_1/horarios_2024_1.xlsx,./dados/2024_1/salas_2024_1.csv,./dados/2024_1/salas_preferenciais_2024.1.xlsx,/Users/robertdrey/Documents/workspace/development/alocador_de_salas,resultados/experimentos/2024_1/novas_hibridas/combinada_aleatoria/20261002_003719_seed42/melhor.sol,resultados/experimentos/2024_1/novas_hibridas/combinada_aleatoria/20261002_003719_seed42/historico.csv,resultados/experimentos/2024_1/novas_hibridas/combinada_aleatoria/20261002_003719_seed42/historico.json,combinada_aleatoria,cursos_exat_2 + dia_turno_curso,qualquer_melhoria_na_passada,aleatoria_por_passada,42,180.0,1,180.0,600.0,1,0,TEMPO_TOTAL,,,
1,1,119,par_cursos,ADM+ENF,66,17802,77188,OPTIMAL,185776.0,185776.0,False,185776.0,9.2,8.83,600.0,,,,alfabetica,,aleatoria_por_passada,42,cursos_exat_2,119,41,True,TEMPO_TOTAL,iteracao,combinada_cursos_exat_2_dia_turno_curso_aleatoria,180.0,180.0,600.0,14400.0,False,False,alfabetica,42,alfabetica,,./dados/2024_1/horarios_2024_1.xlsx,./dados/2024_1/salas_2024_1.csv,./dados/2024_1/salas_preferenciais_2024.1.xlsx,/Users/robertdrey/Documents/workspace/development/alocador_de_salas,resultados/experimentos/2024_1/novas_hibridas/combinada_aleatoria/20261002_003719_seed42/melhor.sol,resultados/experimentos/2024_1/novas_hibridas/combinada_aleatoria/20261002_003719_seed42/historico.csv,resultados/experimentos/2024_1/novas_hibridas/combinada_aleatoria/20261002_003719_seed42/historico.json,combinada_aleatoria,cursos_exat_2 + dia_turno_curso,qualquer_melhoria_na_passada,aleatoria_por_passada,42,180.0,1,180.0,600.0,1,0,TEMPO_TOTAL,ADM,ENF,119
1,1,120,dia_turno_curso,3_M_AGRO,77,16514,78476,OPTIMAL,185776.0,185776.0,False,185776.0,11.1,10.77,600.0,3,M,AGRO,alfabetica,,aleatoria_por_passada,42,dia_turno_curso,120,79,True,TEMPO_TOTAL,iteracao,combinada_cursos_exat_2_dia_turno_curso_aleatoria,180.0,180.0,600.0,14400.0,False,False,alfabetica,42,alfabetica,,./dados/2024_1/horarios_2024_1.xlsx,./dados/2024_1/salas_2024_1.csv,./dados/2024_1/salas_preferenciais_2024.1.xlsx,/Users/robertdrey/Documents/workspace/development/alocador_de_salas,resultados/experimentos/2024_1/novas_hibridas/combinada_aleatoria/20261002_003719_seed42/melhor.sol,resultados/experimentos/2024_1/novas_hibridas/combinada_aleatoria/20261002_003719_seed42/historico.csv,resultados/experimentos/2024_1/novas_hibridas/combinada_aleatoria/20261002_003719_seed42/historico.json,combinada_aleatoria,cursos_exat_2 + dia_turno_curso,qualquer_melhoria_na_passada,aleatoria_por_passada,42,180.0,1,180.0,600.0,1,0,TEMPO_TOTAL,,,
1,1,121,par_cursos,CC+LET,83,19688,75302,OPTIMAL,185776.0,185776.0,False,185776.0,325.98,325.66,600.0,,,,alfabetica,,aleatoria_por_passada,42,cursos_exat_2,121,42,True,TEMPO_TOTAL,iteracao,combinada_cursos_exat_2_dia_turno_curso_aleatoria,180.0,180.0,600.0,14400.0,False,False,alfabetica,42,alfabetica,,./dados/2024_1/horarios_2024_1.xlsx,./dados/2024_1/salas_2024_1.csv,./dados/2024_1/salas_preferenciais_2024.1.xlsx,/Users/robertdrey/Documents/workspace/development/alocador_de_salas,resultados/experimentos/2024_1/novas_hibridas/combinada_aleatoria/20261002_003719_seed42/melhor.sol,resultados/experimentos/2024_1/novas_hibridas/combinada_aleatoria/20261002_003719_seed42/historico.csv,resultados/experimentos/2024_1/novas_hibridas/combinada_aleatoria/20261002_003719_seed42/historico.json,combinada_aleatoria,cursos_exat_2 + dia_turno_curso,qualquer_melhoria_na_passada,aleatoria_por_passada,42,180.0,1,180.0,600.0,1,0,TEMPO_TOTAL,CC,LET,121
1,1,122,dia_turno_curso,6_N_LET,69,16376,78614,OPTIMAL,185776.0,185776.0,False,185776.0,3.4,3.08,600.0,6,N,LET,alfabetica,,aleatoria_por_passada,42,dia_turno_curso,122,80,True,TEMPO_TOTAL,iteracao,combinada_cursos_exat_2_dia_turno_curso_aleatoria,180.0,180.0,600.0,14400.0,False,False,alfabetica,42,alfabetica,,./dados/2024_1/horarios_2024_1.xlsx,./dados/2024_1/salas_2024_1.csv,./dados/2024_1/salas_preferenciais_2024.1.xlsx,/Users/robertdrey/Documents/workspace/development/alocador_de_salas,resultados/experimentos/2024_1/novas_hibridas/combinada_aleatoria/20261002_003719_seed42/melhor.sol,resultados/experimentos/2024_1/novas_hibridas/combinada_aleatoria/20261002_003719_seed42/historico.csv,resultados/experimentos/2024_1/novas_hibridas/combinada_aleatoria/20261002_003719_seed42/historico.json,combinada_aleatoria,cursos_exat_2 + dia_turno_curso,qualquer_melhoria_na_passada,aleatoria_por_passada,42,180.0,1,180.0,600.0,1,0,TEMPO_TOTAL,,,
1,1,123,dia_turno_curso,2_N_HIS,61,13570,81420,OPTIMAL,185776.0,185776.0,False,185776.0,1.91,1.59,600.0,2,N,HIS,alfabetica,,aleatoria_por_passada,42,dia_turno_curso,123,81,True,TEMPO_TOTAL,iteracao,combinada_cursos_exat_2_dia_turno_curso_aleatoria,180.0,180.0,600.0,14400.0,False,False,alfabetica,42,alfabetica,,./dados/2024_1/horarios_2024_1.xlsx,./dados/2024_1/salas_2024_1.csv,./dados/2024_1/salas_preferenciais_2024.1.xlsx,/Users/robertdrey/Documents/workspace/development/alocador_de_salas,resultados/experimentos/2024_1/novas_hibridas/combinada_aleatoria/20261002_003719_seed42/melhor.sol,resultados/experimentos/2024_1/novas_hibridas/combinada_aleatoria/20261002_003719_seed42/historico.csv,resultados/experimentos/2024_1/novas_hibridas/combinada_aleatoria/20261002_003719_seed42/historico.json,combinada_aleatoria,cursos_exat_2 + dia_turno_curso,qualquer_melhoria_na_passada,aleatoria_por_passada,42,180.0,1,180.0,600.0,1,0,TEMPO_TOTAL,,,
1,1,124,dia_turno_curso,2_N_GEO,48,10994,83996,OPTIMAL,185776.0,185776.0,False,185776.0,1.59,1.28,600.0,2,N,GEO,alfabetica,,aleatoria_por_passada,42,dia_turno_curso,124,82,True,TEMPO_TOTAL,iteracao,combinada_cursos_exat_2_dia_turno_curso_aleatoria,180.0,180.0,600.0,14400.0,False,False,alfabetica,42,alfabetica,,./dados/2024_1/horarios_2024_1.xlsx,./dados/2024_1/salas_2024_1.csv,./dados/2024_1/salas_preferenciais_2024.1.xlsx,/Users/robertdrey/Documents/workspace/development/alocador_de_salas,resultados/experimentos/2024_1/novas_hibridas/combinada_aleatoria/20261002_003719_seed42/melhor.sol,resultados/experimentos/2024_1/novas_hibridas/combinada_aleatoria/20261002_003719_seed42/historico.csv,resultados/experimentos/2024_1/novas_hibridas/combinada_aleatoria/20261002_003719_seed42/historico.json,combinada_aleatoria,cursos_exat_2 + dia_turno_curso,qualquer_melhoria_na_passada,aleatoria_por_passada,42,180.0,1,180.0,600.0,1,0,TEMPO_TOTAL,,,
1,1,125,dia_turno_curso,6_T_CC,68,20102,74888,OPTIMAL,185776.0,185776.0,False,185776.0,49.05,48.74,600.0,6,T,CC,alfabetica,,aleatoria_por_passada,42,dia_turno_curso,125,83,True,TEMPO_TOTAL,iteracao,combinada_cursos_exat_2_dia_turno_curso_aleatoria,180.0,180.0,600.0,14400.0,False,False,alfabetica,42,alfabetica,,./dados/2024_1/horarios_2024_1.xlsx,./dados/2024_1/salas_2024_1.csv,./dados/2024_1/salas_preferenciais_2024.1.xlsx,/Users/robertdrey/Documents/workspace/development/alocador_de_salas,resultados/experimentos/2024_1/novas_hibridas/combinada_aleatoria/20261002_003719_seed42/melhor.sol,resultados/experimentos/2024_1/novas_hibridas/combinada_aleatoria/20261002_003719_seed42/historico.csv,resultados/experimentos/2024_1/novas_hibridas/combinada_aleatoria/20261002_003719_seed42/historico.json,combinada_aleatoria,cursos_exat_2 + dia_turno_curso,qualquer_melhoria_na_passada,aleatoria_por_passada,42,180.0,1,180.0,600.0,1,0,TEMPO_TOTAL,,,
1,1,126,dia_turno_curso,4_M_ENF,49,15318,79672,OPTIMAL,185776.0,185776.0,False,185776.0,4.55,4.24,600.0,4,M,ENF,alfabetica,,aleatoria_por_passada,42,dia_turno_curso,126,84,True,TEMPO_TOTAL,iteracao,combinada_cursos_exat_2_dia_turno_curso_aleatoria,180.0,180.0,600.0,14400.0,False,False,alfabetica,42,alfabetica,,./dados/2024_1/horarios_2024_1.xlsx,./dados/2024_1/salas_2024_1.csv,./dados/2024_1/salas_preferenciais_2024.1.xlsx,/Users/robertdrey/Documents/workspace/development/alocador_de_salas,resultados/experimentos/2024_1/novas_hibridas/combinada_aleatoria/20261002_003719_seed42/melhor.sol,resultados/experimentos/2024_1/novas_hibridas/combinada_aleatoria/20261002_003719_seed42/historico.csv,resultados/experimentos/2024_1/novas_hibridas/combinada_aleatoria/20261002_003719_seed42/historico.json,combinada_aleatoria,cursos_exat_2 + dia_turno_curso,qualquer_melhoria_na_passada,aleatoria_por_passada,42,180.0,1,180.0,600.0,1,0,TEMPO_TOTAL,,,
1,1,127,dia_turno_curso,5_N_MED,78,16928,78062,OPTIMAL,185776.0,185776.0,False,185776.0,2.02,1.7,600.0,5,N,MED,alfabetica,,aleatoria_por_passada,42,dia_turno_curso,127,85,True,TEMPO_TOTAL,iteracao,combinada_cursos_exat_2_dia_turno_curso_aleatoria,180.0,180.0,600.0,14400.0,False,False,alfabetica,42,alfabetica,,./dados/2024_1/horarios_2024_1.xlsx,./dados/2024_1/salas_2024_1.csv,./dados/2024_1/salas_preferenciais_2024.1.xlsx,/Users/robertdrey/Documents/workspace/development/alocador_de_salas,resultados/experimentos/2024_1/novas_hibridas/combinada_aleatoria/20261002_003719_seed42/melhor.sol,resultados/experimentos/2024_1/novas_hibridas/combinada_aleatoria/20261002_003719_seed42/historico.csv,resultados/experimentos/2024_1/novas_hibridas/combinada_aleatoria/20261002_003719_seed42/historico.json,combinada_aleatoria,cursos_exat_2 + dia_turno_curso,qualquer_melhoria_na_passada,aleatoria_por_passada,42,180.0,1,180.0,600.0,1,0,TEMPO_TOTAL,,,
1,1,128,dia_turno_curso,6_T_AGRO,79,20102,74888,OPTIMAL,185776.0,185776.0,False,185776.0,6.19,5.88,600.0,6,T,AGRO,alfabetica,,aleatoria_por_passada,42,dia_turno_curso,128,86,True,TEMPO_TOTAL,iteracao,combinada_cursos_exat_2_dia_turno_curso_aleatoria,180.0,180.0,600.0,14400.0,False,False,alfabetica,42,alfabetica,,./dados/2024_1/horarios_2024_1.xlsx,./dados/2024_1/salas_2024_1.csv,./dados/2024_1/salas_preferenciais_2024.1.xlsx,/Users/robertdrey/Documents/workspace/development/alocador_de_salas,resultados/experimentos/2024_1/novas_hibridas/combinada_aleatoria/20261002_003719_seed42/melhor.sol,resultados/experimentos/2024_1/novas_hibridas/combinada_aleatoria/20261002_003719_seed42/historico.csv,resultados/experimentos/2024_1/novas_hibridas/combinada_aleatoria/20261002_003719_seed42/historico.json,combinada_aleatoria,cursos_exat_2 + dia_turno_curso,qualquer_melhoria_na_passada,aleatoria_por_passada,42,180.0,1,180.0,600.0,1,0,TEMPO_TOTAL,,,
1,1,129,par_cursos,HIS+MAT,47,9752,85238,OPTIMAL,185776.0,185776.0,False,185776.0,0.79,0.48,600.0,,,,alfabetica,,aleatoria_por_passada,42,cursos_exat_2,129,43,True,TEMPO_TOTAL,iteracao,combinada_cursos_exat_2_dia_turno_curso_aleatoria,180.0,180.0,600.0,14400.0,False,False,alfabetica,42,alfabetica,,./dados/2024_1/horarios_2024_1.xlsx,./dados/2024_1/salas_2024_1.csv,./dados/2024_1/salas_preferenciais_2024.1.xlsx,/Users/robertdrey/Documents/workspace/development/alocador_de_salas,resultados/experimentos/2024_1/novas_hibridas/combinada_aleatoria/20261002_003719_seed42/melhor.sol,resultados/experimentos/2024_1/novas_hibridas/combinada_aleatoria/20261002_003719_seed42/historico.csv,resultados/experimentos/2024_1/novas_hibridas/combinada_aleatoria/20261002_003719_seed42/historico.json,combinada_aleatoria,cursos_exat_2 + dia_turno_curso,qualquer_melhoria_na_passada,aleatoria_por_passada,42,180.0,1,180.0,600.0,1,0,TEMPO_TOTAL,HIS,MAT,129
1,1,130,dia_turno_curso,7_M_MED,59,17480,77510,OPTIMAL,185776.0,185776.0,False,185776.0,1.7,1.4,600.0,7,M,MED,alfabetica,,aleatoria_por_passada,42,dia_turno_curso,130,87,True,TEMPO_TOTAL,iteracao,combinada_cursos_exat_2_dia_turno_curso_aleatoria,180.0,180.0,600.0,14400.0,False,False,alfabetica,42,alfabetica,,./dados/2024_1/horarios_2024_1.xlsx,./dados/2024_1/salas_2024_1.csv,./dados/2024_1/salas_preferenciais_2024.1.xlsx,/Users/robertdrey/Documents/workspace/development/alocador_de_salas,resultados/experimentos/2024_1/novas_hibridas/combinada_aleatoria/20261002_003719_seed42/melhor.sol,resultados/experimentos/2024_1/novas_hibridas/combinada_aleatoria/20261002_003719_seed42/historico.csv,resultados/experimentos/2024_1/novas_hibridas/combinada_aleatoria/20261002_003719_seed42/historico.json,combinada_aleatoria,cursos_exat_2 + dia_turno_curso,qualquer_melhoria_na_passada,aleatoria_por_passada,42,180.0,1,180.0,600.0,1,0,TEMPO_TOTAL,,,
1,1,131,dia_turno_curso,3_N_CC,81,17342,77648,OPTIMAL,185776.0,185776.0,False,185776.0,66.3,65.99,600.0,3,N,CC,alfabetica,,aleatoria_por_passada,42,dia_turno_curso,131,88,True,TEMPO_TOTAL,iteracao,combinada_cursos_exat_2_dia_turno_curso_aleatoria,180.0,180.0,600.0,14400.0,False,False,alfabetica,42,alfabetica,,./dados/2024_1/horarios_2024_1.xlsx,./dados/2024_1/salas_2024_1.csv,./dados/2024_1/salas_preferenciais_2024.1.xlsx,/Users/robertdrey/Documents/workspace/development/alocador_de_salas,resultados/experimentos/2024_1/novas_hibridas/combinada_aleatoria/20261002_003719_seed42/melhor.sol,resultados/experimentos/2024_1/novas_hibridas/combinada_aleatoria/20261002_003719_seed42/historico.csv,resultados/experimentos/2024_1/novas_hibridas/combinada_aleatoria/20261002_003719_seed42/historico.json,combinada_aleatoria,cursos_exat_2 + dia_turno_curso,qualquer_melhoria_na_passada,aleatoria_por_passada,42,180.0,1,180.0,600.0,1,0,TEMPO_TOTAL,,,
1,1,132,dia_turno_curso,6_T_MED,64,19274,75716,OPTIMAL,185776.0,185756.0,True,185756.0,1.9,1.59,600.0,6,T,MED,alfabetica,,aleatoria_por_passada,42,dia_turno_curso,132,89,True,TEMPO_TOTAL,iteracao,combinada_cursos_exat_2_dia_turno_curso_aleatoria,180.0,180.0,600.0,14400.0,False,False,alfabetica,42,alfabetica,,./dados/2024_1/horarios_2024_1.xlsx,./dados/2024_1/salas_2024_1.csv,./dados/2024_1/salas_preferenciais_2024.1.xlsx,/Users/robertdrey/Documents/workspace/development/alocador_de_salas,resultados/experimentos/2024_1/novas_hibridas/combinada_aleatoria/20261002_003719_seed42/melhor.sol,resultados/experimentos/2024_1/novas_hibridas/combinada_aleatoria/20261002_003719_seed42/historico.csv,resultados/experimentos/2024_1/novas_hibridas/combinada_aleatoria/20261002_003719_seed42/historico.json,combinada_aleatoria,cursos_exat_2 + dia_turno_curso,qualquer_melhoria_na_passada,aleatoria_por_passada,42,180.0,1,180.0,600.0,1,0,TEMPO_TOTAL,,,
1,1,133,dia_turno_curso,7_T_CC,53,13754,81236,OPTIMAL,185756.0,185756.0,False,185756.0,36.52,36.22,600.0,7,T,CC,alfabetica,,aleatoria_por_passada,42,dia_turno_curso,133,90,True,TEMPO_TOTAL,iteracao,combinada_cursos_exat_2_dia_turno_curso_aleatoria,180.0,180.0,600.0,14400.0,False,False,alfabetica,42,alfabetica,,./dados/2024_1/horarios_2024_1.xlsx,./dados/2024_1/salas_2024_1.csv,./dados/2024_1/salas_preferenciais_2024.1.xlsx,/Users/robertdrey/Documents/workspace/development/alocador_de_salas,resultados/experimentos/2024_1/novas_hibridas/combinada_aleatoria/20261002_003719_seed42/melhor.sol,resultados/experimentos/2024_1/novas_hibridas/combinada_aleatoria/20261002_003719_seed42/historico.csv,resultados/experimentos/2024_1/novas_hibridas/combinada_aleatoria/20261002_003719_seed42/historico.json,combinada_aleatoria,cursos_exat_2 + dia_turno_curso,qualquer_melhoria_na_passada,aleatoria_por_passada,42,180.0,1,180.0,600.0,1,0,TEMPO_TOTAL,,,
1,1,134,par_cursos,EAS+FIL,60,10212,84778,OPTIMAL,185756.0,185583.5,True,185583.5,0.83,0.52,600.0,,,,alfabetica,,aleatoria_por_passada,42,cursos_exat_2,134,44,True,TEMPO_TOTAL,iteracao,combinada_cursos_exat_2_dia_turno_curso_aleatoria,180.0,180.0,600.0,14400.0,False,False,alfabetica,42,alfabetica,,./dados/2024_1/horarios_2024_1.xlsx,./dados/2024_1/salas_2024_1.csv,./dados/2024_1/salas_preferenciais_2024.1.xlsx,/Users/robertdrey/Documents/workspace/development/alocador_de_salas,resultados/experimentos/2024_1/novas_hibridas/combinada_aleatoria/20261002_003719_seed42/melhor.sol,resultados/experimentos/2024_1/novas_hibridas/combinada_aleatoria/20261002_003719_seed42/historico.csv,resultados/experimentos/2024_1/novas_hibridas/combinada_aleatoria/20261002_003719_seed42/historico.json,combinada_aleatoria,cursos_exat_2 + dia_turno_curso,qualquer_melhoria_na_passada,aleatoria_por_passada,42,180.0,1,180.0,600.0,1,0,TEMPO_TOTAL,EAS,FIL,134
1,1,135,par_cursos,AGRO+HIS,75,13524,81466,OPTIMAL,185583.5,185583.5,False,185583.5,5.24,4.93,600.0,,,,alfabetica,,aleatoria_por_passada,42,cursos_exat_2,135,45,True,TEMPO_TOTAL,iteracao,combinada_cursos_exat_2_dia_turno_curso_aleatoria,180.0,180.0,600.0,14400.0,False,False,alfabetica,42,alfabetica,,./dados/2024_1/horarios_2024_1.xlsx,./dados/2024_1/salas_2024_1.csv,./dados/2024_1/salas_preferenciais_2024.1.xlsx,/Users/robertdrey/Documents/workspace/development/alocador_de_salas,resultados/experimentos/2024_1/novas_hibridas/combinada_aleatoria/20261002_003719_seed42/melhor.sol,resultados/experimentos/2024_1/novas_hibridas/combinada_aleatoria/20261002_003719_seed42/historico.csv,resultados/experimentos/2024_1/novas_hibridas/combinada_aleatoria/20261002_003719_seed42/historico.json,combinada_aleatoria,cursos_exat_2 + dia_turno_curso,qualquer_melhoria_na_passada,aleatoria_por_passada,42,180.0,1,180.0,600.0,1,0,TEMPO_TOTAL,AGRO,HIS,135
1,1,136,par_cursos,HIS+LET,60,13938,81052,OPTIMAL,185583.5,185264.5,True,185264.5,2.24,1.92,600.0,,,,alfabetica,,aleatoria_por_passada,42,cursos_exat_2,136,46,True,TEMPO_TOTAL,iteracao,combinada_cursos_exat_2_dia_turno_curso_aleatoria,180.0,180.0,600.0,14400.0,False,False,alfabetica,42,alfabetica,,./dados/2024_1/horarios_2024_1.xlsx,./dados/2024_1/salas_2024_1.csv,./dados/2024_1/salas_preferenciais_2024.1.xlsx,/Users/robertdrey/Documents/workspace/development/alocador_de_salas,resultados/experimentos/2024_1/novas_hibridas/combinada_aleatoria/20261002_003719_seed42/melhor.sol,resultados/experimentos/2024_1/novas_hibridas/combinada_aleatoria/20261002_003719_seed42/historico.csv,resultados/experimentos/2024_1/novas_hibridas/combinada_aleatoria/20261002_003719_seed42/historico.json,combinada_aleatoria,cursos_exat_2 + dia_turno_curso,qualquer_melhoria_na_passada,aleatoria_por_passada,42,180.0,1,180.0,600.0,1,0,TEMPO_TOTAL,HIS,LET,136
1,1,137,par_cursos,ENF+LET,54,17664,77326,OPTIMAL,185264.5,185264.5,False,185264.5,5.61,5.29,600.0,,,,alfabetica,,aleatoria_por_passada,42,cursos_exat_2,137,47,True,TEMPO_TOTAL,iteracao,combinada_cursos_exat_2_dia_turno_curso_aleatoria,180.0,180.0,600.0,14400.0,False,False,alfabetica,42,alfabetica,,./dados/2024_1/horarios_2024_1.xlsx,./dados/2024_1/salas_2024_1.csv,./dados/2024_1/salas_preferenciais_2024.1.xlsx,/Users/robertdrey/Documents/workspace/development/alocador_de_salas,resultados/experimentos/2024_1/novas_hibridas/combinada_aleatoria/20261002_003719_seed42/melhor.sol,resultados/experimentos/2024_1/novas_hibridas/combinada_aleatoria/20261002_003719_seed42/historico.csv,resultados/experimentos/2024_1/novas_hibridas/combinada_aleatoria/20261002_003719_seed42/historico.json,combinada_aleatoria,cursos_exat_2 + dia_turno_curso,qualquer_melhoria_na_passada,aleatoria_por_passada,42,180.0,1,180.0,600.0,1,0,TEMPO_TOTAL,ENF,LET,137
1,1,138,dia_turno_curso,2_T_LET,67,19228,75762,OPTIMAL,185264.5,185264.5,False,185264.5,2.68,2.36,600.0,2,T,LET,alfabetica,,aleatoria_por_passada,42,dia_turno_curso,138,91,True,TEMPO_TOTAL,iteracao,combinada_cursos_exat_2_dia_turno_curso_aleatoria,180.0,180.0,600.0,14400.0,False,False,alfabetica,42,alfabetica,,./dados/2024_1/horarios_2024_1.xlsx,./dados/2024_1/salas_2024_1.csv,./dados/2024_1/salas_preferenciais_2024.1.xlsx,/Users/robertdrey/Documents/workspace/development/alocador_de_salas,resultados/experimentos/2024_1/novas_hibridas/combinada_aleatoria/20261002_003719_seed42/melhor.sol,resultados/experimentos/2024_1/novas_hibridas/combinada_aleatoria/20261002_003719_seed42/historico.csv,resultados/experimentos/2024_1/novas_hibridas/combinada_aleatoria/20261002_003719_seed42/historico.json,combinada_aleatoria,cursos_exat_2 + dia_turno_curso,qualquer_melhoria_na_passada,aleatoria_por_passada,42,180.0,1,180.0,600.0,1,0,TEMPO_TOTAL,,,
1,1,139,dia_turno_curso,2_N_CC,83,19136,75854,OPTIMAL,185264.5,185264.5,False,185264.5,7.44,7.13,600.0,2,N,CC,alfabetica,,aleatoria_por_passada,42,dia_turno_curso,139,92,True,TEMPO_TOTAL,iteracao,combinada_cursos_exat_2_dia_turno_curso_aleatoria,180.0,180.0,600.0,14400.0,False,False,alfabetica,42,alfabetica,,./dados/2024_1/horarios_2024_1.xlsx,./dados/2024_1/salas_2024_1.csv,./dados/2024_1/salas_preferenciais_2024.1.xlsx,/Users/robertdrey/Documents/workspace/development/alocador_de_salas,resultados/experimentos/2024_1/novas_hibridas/combinada_aleatoria/20261002_003719_seed42/melhor.sol,resultados/experimentos/2024_1/novas_hibridas/combinada_aleatoria/20261002_003719_seed42/historico.csv,resultados/experimentos/2024_1/novas_hibridas/combinada_aleatoria/20261002_003719_seed42/historico.json,combinada_aleatoria,cursos_exat_2 + dia_turno_curso,qualquer_melhoria_na_passada,aleatoria_por_passada,42,180.0,1,180.0,600.0,1,0,TEMPO_TOTAL,,,
1,1,140,par_cursos,CS+PED,78,17342,77648,OPTIMAL,185264.5,185264.5,False,185264.5,40.44,40.12,600.0,,,,alfabetica,,aleatoria_por_passada,42,cursos_exat_2,140,48,True,TEMPO_TOTAL,iteracao,combinada_cursos_exat_2_dia_turno_curso_aleatoria,180.0,180.0,600.0,14400.0,False,False,alfabetica,42,alfabetica,,./dados/2024_1/horarios_2024_1.xlsx,./dados/2024_1/salas_2024_1.csv,./dados/2024_1/salas_preferenciais_2024.1.xlsx,/Users/robertdrey/Documents/workspace/development/alocador_de_salas,resultados/experimentos/2024_1/novas_hibridas/combinada_aleatoria/20261002_003719_seed42/melhor.sol,resultados/experimentos/2024_1/novas_hibridas/combinada_aleatoria/20261002_003719_seed42/historico.csv,resultados/experimentos/2024_1/novas_hibridas/combinada_aleatoria/20261002_003719_seed42/historico.json,combinada_aleatoria,cursos_exat_2 + dia_turno_curso,qualquer_melhoria_na_passada,aleatoria_por_passada,42,180.0,1,180.0,600.0,1,0,TEMPO_TOTAL,CS,PED,140
1,1,141,dia_turno_curso,2_N_ADM,85,18078,76912,OPTIMAL,185264.5,185264.5,False,185264.5,1.96,1.65,600.0,2,N,ADM,alfabetica,,aleatoria_por_passada,42,dia_turno_curso,141,93,True,TEMPO_TOTAL,iteracao,combinada_cursos_exat_2_dia_turno_curso_aleatoria,180.0,180.0,600.0,14400.0,False,False,alfabetica,42,alfabetica,,./dados/2024_1/horarios_2024_1.xlsx,./dados/2024_1/salas_2024_1.csv,./dados/2024_1/salas_preferenciais_2024.1.xlsx,/Users/robertdrey/Documents/workspace/development/alocador_de_salas,resultados/experimentos/2024_1/novas_hibridas/combinada_aleatoria/20261002_003719_seed42/melhor.sol,resultados/experimentos/2024_1/novas_hibridas/combinada_aleatoria/20261002_003719_seed42/historico.csv,resultados/experimentos/2024_1/novas_hibridas/combinada_aleatoria/20261002_003719_seed42/historico.json,combinada_aleatoria,cursos_exat_2 + dia_turno_curso,qualquer_melhoria_na_passada,aleatoria_por_passada,42,180.0,1,180.0,600.0,1,0,TEMPO_TOTAL,,,
1,1,142,dia_turno_curso,3_T_MED,68,19504,75486,OPTIMAL,185264.5,185264.5,False,185264.5,1.78,1.49,600.0,3,T,MED,alfabetica,,aleatoria_por_passada,42,dia_turno_curso,142,94,True,TEMPO_TOTAL,iteracao,combinada_cursos_exat_2_dia_turno_curso_aleatoria,180.0,180.0,600.0,14400.0,False,False,alfabetica,42,alfabetica,,./dados/2024_1/horarios_2024_1.xlsx,./dados/2024_1/salas_2024_1.csv,./dados/2024_1/salas_preferenciais_2024.1.xlsx,/Users/robertdrey/Documents/workspace/development/alocador_de_salas,resultados/experimentos/2024_1/novas_hibridas/combinada_aleatoria/20261002_003719_seed42/melhor.sol,resultados/experimentos/2024_1/novas_hibridas/combinada_aleatoria/20261002_003719_seed42/historico.csv,resultados/experimentos/2024_1/novas_hibridas/combinada_aleatoria/20261002_003719_seed42/historico.json,combinada_aleatoria,cursos_exat_2 + dia_turno_curso,qualquer_melhoria_na_passada,aleatoria_por_passada,42,180.0,1,180.0,600.0,1,0,TEMPO_TOTAL,,,
1,1,143,dia_turno_curso,7_M_HIS,41,12420,82570,OPTIMAL,185264.5,185264.5,False,185264.5,1.01,0.69,600.0,7,M,HIS,alfabetica,,aleatoria_por_passada,42,dia_turno_curso,143,95,True,TEMPO_TOTAL,iteracao,combinada_cursos_exat_2_dia_turno_curso_aleatoria,180.0,180.0,600.0,14400.0,False,False,alfabetica,42,alfabetica,,./dados/2024_1/horarios_2024_1.xlsx,./dados/2024_1/salas_2024_1.csv,./dados/2024_1/salas_preferenciais_2024.1.xlsx,/Users/robertdrey/Documents/workspace/development/alocador_de_salas,resultados/experimentos/2024_1/novas_hibridas/combinada_aleatoria/20261002_003719_seed42/melhor.sol,resultados/experimentos/2024_1/novas_hibridas/combinada_aleatoria/20261002_003719_seed42/historico.csv,resultados/experimentos/2024_1/novas_hibridas/combinada_aleatoria/20261002_003719_seed42/historico.json,combinada_aleatoria,cursos_exat_2 + dia_turno_curso,qualquer_melhoria_na_passada,aleatoria_por_passada,42,180.0,1,180.0,600.0,1,0,TEMPO_TOTAL,,,
1,1,144,dia_turno_curso,5_N_CS,57,11914,83076,OPTIMAL,185264.5,185264.5,False,185264.5,1.82,1.51,600.0,5,N,CS,alfabetica,,aleatoria_por_passada,42,dia_turno_curso,144,96,True,TEMPO_TOTAL,iteracao,combinada_cursos_exat_2_dia_turno_curso_aleatoria,180.0,180.0,600.0,14400.0,False,False,alfabetica,42,alfabetica,,./dados/2024_1/horarios_2024_1.xlsx,./dados/2024_1/salas_2024_1.csv,./dados/2024_1/salas_preferenciais_2024.1.xlsx,/Users/robertdrey/Documents/workspace/development/alocador_de_salas,resultados/experimentos/2024_1/novas_hibridas/combinada_aleatoria/20261002_003719_seed42/melhor.sol,resultados/experimentos/2024_1/novas_hibridas/combinada_aleatoria/20261002_003719_seed42/historico.csv,resultados/experimentos/2024_1/novas_hibridas/combinada_aleatoria/20261002_003719_seed42/historico.json,combinada_aleatoria,cursos_exat_2 + dia_turno_curso,qualquer_melhoria_na_passada,aleatoria_por_passada,42,180.0,1,180.0,600.0,1,0,TEMPO_TOTAL,,,
1,1,145,par_cursos,CC+ENF,65,19044,75946,OPTIMAL,185264.5,185264.5,False,185264.5,134.45,134.13,600.0,,,,alfabetica,,aleatoria_por_passada,42,cursos_exat_2,145,49,True,TEMPO_TOTAL,iteracao,combinada_cursos_exat_2_dia_turno_curso_aleatoria,180.0,180.0,600.0,14400.0,False,False,alfabetica,42,alfabetica,,./dados/2024_1/horarios_2024_1.xlsx,./dados/2024_1/salas_2024_1.csv,./dados/2024_1/salas_preferenciais_2024.1.xlsx,/Users/robertdrey/Documents/workspace/development/alocador_de_salas,resultados/experimentos/2024_1/novas_hibridas/combinada_aleatoria/20261002_003719_seed42/melhor.sol,resultados/experimentos/2024_1/novas_hibridas/combinada_aleatoria/20261002_003719_seed42/historico.csv,resultados/experimentos/2024_1/novas_hibridas/combinada_aleatoria/20261002_003719_seed42/historico.json,combinada_aleatoria,cursos_exat_2 + dia_turno_curso,qualquer_melhoria_na_passada,aleatoria_por_passada,42,180.0,1,180.0,600.0,1,0,TEMPO_TOTAL,CC,ENF,145
1,1,146,dia_turno_curso,6_N_FIL,51,10810,84180,OPTIMAL,185264.5,185264.5,False,185264.5,1.77,1.45,600.0,6,N,FIL,alfabetica,,aleatoria_por_passada,42,dia_turno_curso,146,97,True,TEMPO_TOTAL,iteracao,combinada_cursos_exat_2_dia_turno_curso_aleatoria,180.0,180.0,600.0,14400.0,False,False,alfabetica,42,alfabetica,,./dados/2024_1/horarios_2024_1.xlsx,./dados/2024_1/salas_2024_1.csv,./dados/2024_1/salas_preferenciais_2024.1.xlsx,/Users/robertdrey/Documents/workspace/development/alocador_de_salas,resultados/experimentos/2024_1/novas_hibridas/combinada_aleatoria/20261002_003719_seed42/melhor.sol,resultados/experimentos/2024_1/novas_hibridas/combinada_aleatoria/20261002_003719_seed42/historico.csv,resultados/experimentos/2024_1/novas_hibridas/combinada_aleatoria/20261002_003719_seed42/historico.json,combinada_aleatoria,cursos_exat_2 + dia_turno_curso,qualquer_melhoria_na_passada,aleatoria_por_passada,42,180.0,1,180.0,600.0,1,0,TEMPO_TOTAL,,,
1,1,147,dia_turno_curso,5_M_MED,74,19550,75440,OPTIMAL,185264.5,185264.5,False,185264.5,5.74,5.43,600.0,5,M,MED,alfabetica,,aleatoria_por_passada,42,dia_turno_curso,147,98,True,TEMPO_TOTAL,iteracao,combinada_cursos_exat_2_dia_turno_curso_aleatoria,180.0,180.0,600.0,14400.0,False,False,alfabetica,42,alfabetica,,./dados/2024_1/horarios_2024_1.xlsx,./dados/2024_1/salas_2024_1.csv,./dados/2024_1/salas_preferenciais_2024.1.xlsx,/Users/robertdrey/Documents/workspace/development/alocador_de_salas,resultados/experimentos/2024_1/novas_hibridas/combinada_aleatoria/20261002_003719_seed42/melhor.sol,resultados/experimentos/2024_1/novas_hibridas/combinada_aleatoria/20261002_003719_seed42/historico.csv,resultados/experimentos/2024_1/novas_hibridas/combinada_aleatoria/20261002_003719_seed42/historico.json,combinada_aleatoria,cursos_exat_2 + dia_turno_curso,qualquer_melhoria_na_passada,aleatoria_por_passada,42,180.0,1,180.0,600.0,1,0,TEMPO_TOTAL,,,
1,1,148,par_cursos,LET+PED,92,21942,73048,OPTIMAL,185264.5,185264.5,False,185264.5,16.65,16.34,600.0,,,,alfabetica,,aleatoria_por_passada,42,cursos_exat_2,148,50,True,TEMPO_TOTAL,iteracao,combinada_cursos_exat_2_dia_turno_curso_aleatoria,180.0,180.0,600.0,14400.0,False,False,alfabetica,42,alfabetica,,./dados/2024_1/horarios_2024_1.xlsx,./dados/2024_1/salas_2024_1.csv,./dados/2024_1/salas_preferenciais_2024.1.xlsx,/Users/robertdrey/Documents/workspace/development/alocador_de_salas,resultados/experimentos/2024_1/novas_hibridas/combinada_aleatoria/20261002_003719_seed42/melhor.sol,resultados/experimentos/2024_1/novas_hibridas/combinada_aleatoria/20261002_003719_seed42/historico.csv,resultados/experimentos/2024_1/novas_hibridas/combinada_aleatoria/20261002_003719_seed42/historico.json,combinada_aleatoria,cursos_exat_2 + dia_turno_curso,qualquer_melhoria_na_passada,aleatoria_por_passada,42,180.0,1,180.0,600.0,1,0,TEMPO_TOTAL,LET,PED,148
1,1,149,par_cursos,FIL+HIS,39,7544,87446,OPTIMAL,185264.5,185264.5,False,185264.5,0.71,0.39,600.0,,,,alfabetica,,aleatoria_por_passada,42,cursos_exat_2,149,51,True,TEMPO_TOTAL,iteracao,combinada_cursos_exat_2_dia_turno_curso_aleatoria,180.0,180.0,600.0,14400.0,False,False,alfabetica,42,alfabetica,,./dados/2024_1/horarios_2024_1.xlsx,./dados/2024_1/salas_2024_1.csv,./dados/2024_1/salas_preferenciais_2024.1.xlsx,/Users/robertdrey/Documents/workspace/development/alocador_de_salas,resultados/experimentos/2024_1/novas_hibridas/combinada_aleatoria/20261002_003719_seed42/melhor.sol,resultados/experimentos/2024_1/novas_hibridas/combinada_aleatoria/20261002_003719_seed42/historico.csv,resultados/experimentos/2024_1/novas_hibridas/combinada_aleatoria/20261002_003719_seed42/historico.json,combinada_aleatoria,cursos_exat_2 + dia_turno_curso,qualquer_melhoria_na_passada,aleatoria_por_passada,42,180.0,1,180.0,600.0,1,0,TEMPO_TOTAL,FIL,HIS,149
1,1,150,dia_turno_curso,5_T_ENF,44,14858,80132,OPTIMAL,185264.5,185264.5,False,185264.5,4.14,3.83,600.0,5,T,ENF,alfabetica,,aleatoria_por_passada,42,dia_turno_curso,150,99,True,TEMPO_TOTAL,iteracao,combinada_cursos_exat_2_dia_turno_curso_aleatoria,180.0,180.0,600.0,14400.0,False,False,alfabetica,42,alfabetica,,./dados/2024_1/horarios_2024_1.xlsx,./dados/2024_1/salas_2024_1.csv,./dados/2024_1/salas_preferenciais_2024.1.xlsx,/Users/robertdrey/Documents/workspace/development/alocador_de_salas,resultados/experimentos/2024_1/novas_hibridas/combinada_aleatoria/20261002_003719_seed42/melhor.sol,resultados/experimentos/2024_1/novas_hibridas/combinada_aleatoria/20261002_003719_seed42/historico.csv,resultados/experimentos/2024_1/novas_hibridas/combinada_aleatoria/20261002_003719_seed42/historico.json,combinada_aleatoria,cursos_exat_2 + dia_turno_curso,qualquer_melhoria_na_passada,aleatoria_por_passada,42,180.0,1,180.0,600.0,1,0,TEMPO_TOTAL,,,
1,1,151,par_cursos,AGRO+GEO,61,10810,84180,OPTIMAL,185264.5,185264.5,False,185264.5,4.2,3.86,600.0,,,,alfabetica,,aleatoria_por_passada,42,cursos_exat_2,151,52,True,TEMPO_TOTAL,iteracao,combinada_cursos_exat_2_dia_turno_curso_aleatoria,180.0,180.0,600.0,14400.0,False,False,alfabetica,42,alfabetica,,./dados/2024_1/horarios_2024_1.xlsx,./dados/2024_1/salas_2024_1.csv,./dados/2024_1/salas_preferenciais_2024.1.xlsx,/Users/robertdrey/Documents/workspace/development/alocador_de_salas,resultados/experimentos/2024_1/novas_hibridas/combinada_aleatoria/20261002_003719_seed42/melhor.sol,resultados/experimentos/2024_1/novas_hibridas/combinada_aleatoria/20261002_003719_seed42/historico.csv,resultados/experimentos/2024_1/novas_hibridas/combinada_aleatoria/20261002_003719_seed42/historico.json,combinada_aleatoria,cursos_exat_2 + dia_turno_curso,qualquer_melhoria_na_passada,aleatoria_por_passada,42,180.0,1,180.0,600.0,1,0,TEMPO_TOTAL,AGRO,GEO,151
1,1,152,par_cursos,EAS+PED,101,20240,74750,OPTIMAL,185264.5,185264.5,False,185264.5,49.25,48.91,600.0,,,,alfabetica,,aleatoria_por_passada,42,cursos_exat_2,152,53,True,TEMPO_TOTAL,iteracao,combinada_cursos_exat_2_dia_turno_curso_aleatoria,180.0,180.0,600.0,14400.0,False,False,alfabetica,42,alfabetica,,./dados/2024_1/horarios_2024_1.xlsx,./dados/2024_1/salas_2024_1.csv,./dados/2024_1/salas_preferenciais_2024.1.xlsx,/Users/robertdrey/Documents/workspace/development/alocador_de_salas,resultados/experimentos/2024_1/novas_hibridas/combinada_aleatoria/20261002_003719_seed42/melhor.sol,resultados/experimentos/2024_1/novas_hibridas/combinada_aleatoria/20261002_003719_seed42/historico.csv,resultados/experimentos/2024_1/novas_hibridas/combinada_aleatoria/20261002_003719_seed42/historico.json,combinada_aleatoria,cursos_exat_2 + dia_turno_curso,qualquer_melhoria_na_passada,aleatoria_por_passada,42,180.0,1,180.0,600.0,1,0,TEMPO_TOTAL,EAS,PED,152
1,1,153,dia_turno_curso,4_N_GEO,51,11776,83214,OPTIMAL,185264.5,185264.5,False,185264.5,1.73,1.42,600.0,4,N,GEO,alfabetica,,aleatoria_por_passada,42,dia_turno_curso,153,100,True,TEMPO_TOTAL,iteracao,combinada_cursos_exat_2_dia_turno_curso_aleatoria,180.0,180.0,600.0,14400.0,False,False,alfabetica,42,alfabetica,,./dados/2024_1/horarios_2024_1.xlsx,./dados/2024_1/salas_2024_1.csv,./dados/2024_1/salas_preferenciais_2024.1.xlsx,/Users/robertdrey/Documents/workspace/development/alocador_de_salas,resultados/experimentos/2024_1/novas_hibridas/combinada_aleatoria/20261002_003719_seed42/melhor.sol,resultados/experimentos/2024_1/novas_hibridas/combinada_aleatoria/20261002_003719_seed42/historico.csv,resultados/experimentos/2024_1/novas_hibridas/combinada_aleatoria/20261002_003719_seed42/historico.json,combinada_aleatoria,cursos_exat_2 + dia_turno_curso,qualquer_melhoria_na_passada,aleatoria_por_passada,42,180.0,1,180.0,600.0,1,0,TEMPO_TOTAL,,,
1,1,154,dia_turno_curso,2_T_MED,71,20286,74704,OPTIMAL,185264.5,185264.5,False,185264.5,2.65,2.34,600.0,2,T,MED,alfabetica,,aleatoria_por_passada,42,dia_turno_curso,154,101,True,TEMPO_TOTAL,iteracao,combinada_cursos_exat_2_dia_turno_curso_aleatoria,180.0,180.0,600.0,14400.0,False,False,alfabetica,42,alfabetica,,./dados/2024_1/horarios_2024_1.xlsx,./dados/2024_1/salas_2024_1.csv,./dados/2024_1/salas_preferenciais_2024.1.xlsx,/Users/robertdrey/Documents/workspace/development/alocador_de_salas,resultados/experimentos/2024_1/novas_hibridas/combinada_aleatoria/20261002_003719_seed42/melhor.sol,resultados/experimentos/2024_1/novas_hibridas/combinada_aleatoria/20261002_003719_seed42/historico.csv,resultados/experimentos/2024_1/novas_hibridas/combinada_aleatoria/20261002_003719_seed42/historico.json,combinada_aleatoria,cursos_exat_2 + dia_turno_curso,qualquer_melhoria_na_passada,aleatoria_por_passada,42,180.0,1,180.0,600.0,1,0,TEMPO_TOTAL,,,
1,1,155,par_cursos,MAT+MED,64,14352,80638,OPTIMAL,185264.5,185264.5,False,185264.5,1.04,0.74,600.0,,,,alfabetica,,aleatoria_por_passada,42,cursos_exat_2,155,54,True,TEMPO_TOTAL,iteracao,combinada_cursos_exat_2_dia_turno_curso_aleatoria,180.0,180.0,600.0,14400.0,False,False,alfabetica,42,alfabetica,,./dados/2024_1/horarios_2024_1.xlsx,./dados/2024_1/salas_2024_1.csv,./dados/2024_1/salas_preferenciais_2024.1.xlsx,/Users/robertdrey/Documents/workspace/development/alocador_de_salas,resultados/experimentos/2024_1/novas_hibridas/combinada_aleatoria/20261002_003719_seed42/melhor.sol,resultados/experimentos/2024_1/novas_hibridas/combinada_aleatoria/20261002_003719_seed42/historico.csv,resultados/experimentos/2024_1/novas_hibridas/combinada_aleatoria/20261002_003719_seed42/historico.json,combinada_aleatoria,cursos_exat_2 + dia_turno_curso,qualquer_melhoria_na_passada,aleatoria_por_passada,42,180.0,1,180.0,600.0,1,0,TEMPO_TOTAL,MAT,MED,155
1,1,156,dia_turno_curso,4_T_MED,64,18676,76314,OPTIMAL,185264.5,185264.5,False,185264.5,1.28,0.98,600.0,4,T,MED,alfabetica,,aleatoria_por_passada,42,dia_turno_curso,156,102,True,TEMPO_TOTAL,iteracao,combinada_cursos_exat_2_dia_turno_curso_aleatoria,180.0,180.0,600.0,14400.0,False,False,alfabetica,42,alfabetica,,./dados/2024_1/horarios_2024_1.xlsx,./dados/2024_1/salas_2024_1.csv,./dados/2024_1/salas_preferenciais_2024.1.xlsx,/Users/robertdrey/Documents/workspace/development/alocador_de_salas,resultados/experimentos/2024_1/novas_hibridas/combinada_aleatoria/20261002_003719_seed42/melhor.sol,resultados/experimentos/2024_1/novas_hibridas/combinada_aleatoria/20261002_003719_seed42/historico.csv,resultados/experimentos/2024_1/novas_hibridas/combinada_aleatoria/20261002_003719_seed42/historico.json,combinada_aleatoria,cursos_exat_2 + dia_turno_curso,qualquer_melhoria_na_passada,aleatoria_por_passada,42,180.0,1,180.0,600.0,1,0,TEMPO_TOTAL,,,
1,1,157,par_cursos,AGRO+MAT,74,13708,81282,OPTIMAL,185264.5,185264.5,False,185264.5,4.62,4.31,600.0,,,,alfabetica,,aleatoria_por_passada,42,cursos_exat_2,157,55,True,TEMPO_TOTAL,iteracao,combinada_cursos_exat_2_dia_turno_curso_aleatoria,180.0,180.0,600.0,14400.0,False,False,alfabetica,42,alfabetica,,./dados/2024_1/horarios_2024_1.xlsx,./dados/2024_1/salas_2024_1.csv,./dados/2024_1/salas_preferenciais_2024.1.xlsx,/Users/robertdrey/Documents/workspace/development/alocador_de_salas,resultados/experimentos/2024_1/novas_hibridas/combinada_aleatoria/20261002_003719_seed42/melhor.sol,resultados/experimentos/2024_1/novas_hibridas/combinada_aleatoria/20261002_003719_seed42/historico.csv,resultados/experimentos/2024_1/novas_hibridas/combinada_aleatoria/20261002_003719_seed42/historico.json,combinada_aleatoria,cursos_exat_2 + dia_turno_curso,qualquer_melhoria_na_passada,aleatoria_por_passada,42,180.0,1,180.0,600.0,1,0,TEMPO_TOTAL,AGRO,MAT,157
1,1,158,dia_turno_curso,2_N_EAS,85,16376,78614,OPTIMAL,185264.5,185264.5,False,185264.5,1.96,1.65,600.0,2,N,EAS,alfabetica,,aleatoria_por_passada,42,dia_turno_curso,158,103,True,TEMPO_TOTAL,iteracao,combinada_cursos_exat_2_dia_turno_curso_aleatoria,180.0,180.0,600.0,14400.0,False,False,alfabetica,42,alfabetica,,./dados/2024_1/horarios_2024_1.xlsx,./dados/2024_1/salas_2024_1.csv,./dados/2024_1/salas_preferenciais_2024.1.xlsx,/Users/robertdrey/Documents/workspace/development/alocador_de_salas,resultados/experimentos/2024_1/novas_hibridas/combinada_aleatoria/20261002_003719_seed42/melhor.sol,resultados/experimentos/2024_1/novas_hibridas/combinada_aleatoria/20261002_003719_seed42/historico.csv,resultados/experimentos/2024_1/novas_hibridas/combinada_aleatoria/20261002_003719_seed42/historico.json,combinada_aleatoria,cursos_exat_2 + dia_turno_curso,qualquer_melhoria_na_passada,aleatoria_por_passada,42,180.0,1,180.0,600.0,1,0,TEMPO_TOTAL,,,
1,1,159,par_cursos,CC+MED,88,19918,75072,OPTIMAL,185264.5,185264.5,False,185264.5,5.41,5.11,600.0,,,,alfabetica,,aleatoria_por_passada,42,cursos_exat_2,159,56,True,TEMPO_TOTAL,iteracao,combinada_cursos_exat_2_dia_turno_curso_aleatoria,180.0,180.0,600.0,14400.0,False,False,alfabetica,42,alfabetica,,./dados/2024_1/horarios_2024_1.xlsx,./dados/2024_1/salas_2024_1.csv,./dados/2024_1/salas_preferenciais_2024.1.xlsx,/Users/robertdrey/Documents/workspace/development/alocador_de_salas,resultados/experimentos/2024_1/novas_hibridas/combinada_aleatoria/20261002_003719_seed42/melhor.sol,resultados/experimentos/2024_1/novas_hibridas/combinada_aleatoria/20261002_003719_seed42/historico.csv,resultados/experimentos/2024_1/novas_hibridas/combinada_aleatoria/20261002_003719_seed42/historico.json,combinada_aleatoria,cursos_exat_2 + dia_turno_curso,qualquer_melhoria_na_passada,aleatoria_por_passada,42,180.0,1,180.0,600.0,1,0,TEMPO_TOTAL,CC,MED,159
1,1,160,dia_turno_curso,4_T_EAS,71,17986,77004,OPTIMAL,185264.5,185264.5,False,185264.5,1.53,1.23,600.0,4,T,EAS,alfabetica,,aleatoria_por_passada,42,dia_turno_curso,160,104,True,TEMPO_TOTAL,iteracao,combinada_cursos_exat_2_dia_turno_curso_aleatoria,180.0,180.0,600.0,14400.0,False,False,alfabetica,42,alfabetica,,./dados/2024_1/horarios_2024_1.xlsx,./dados/2024_1/salas_2024_1.csv,./dados/2024_1/salas_preferenciais_2024.1.xlsx,/Users/robertdrey/Documents/workspace/development/alocador_de_salas,resultados/experimentos/2024_1/novas_hibridas/combinada_aleatoria/20261002_003719_seed42/melhor.sol,resultados/experimentos/2024_1/novas_hibridas/combinada_aleatoria/20261002_003719_seed42/historico.csv,resultados/experimentos/2024_1/novas_hibridas/combinada_aleatoria/20261002_003719_seed42/historico.json,combinada_aleatoria,cursos_exat_2 + dia_turno_curso,qualquer_melhoria_na_passada,aleatoria_por_passada,42,180.0,1,180.0,600.0,1,0,TEMPO_TOTAL,,,
1,1,161,dia_turno_curso,3_N_ADM,84,16468,78522,OPTIMAL,185264.5,185264.5,False,185264.5,2.8,2.49,600.0,3,N,ADM,alfabetica,,aleatoria_por_passada,42,dia_turno_curso,161,105,True,TEMPO_TOTAL,iteracao,combinada_cursos_exat_2_dia_turno_curso_aleatoria,180.0,180.0,600.0,14400.0,False,False,alfabetica,42,alfabetica,,./dados/2024_1/horarios_2024_1.xlsx,./dados/2024_1/salas_2024_1.csv,./dados/2024_1/salas_preferenciais_2024.1.xlsx,/Users/robertdrey/Documents/workspace/development/alocador_de_salas,resultados/experimentos/2024_1/novas_hibridas/combinada_aleatoria/20261002_003719_seed42/melhor.sol,resultados/experimentos/2024_1/novas_hibridas/combinada_aleatoria/20261002_003719_seed42/historico.csv,resultados/experimentos/2024_1/novas_hibridas/combinada_aleatoria/20261002_003719_seed42/historico.json,combinada_aleatoria,cursos_exat_2 + dia_turno_curso,qualquer_melhoria_na_passada,aleatoria_por_passada,42,180.0,1,180.0,600.0,1,0,TEMPO_TOTAL,,,
1,1,162,par_cursos,ADM+PED,104,22080,72910,TIME_LIMIT,185264.5,185264.5,False,185264.5,600.46,600.13,600.0,,,,alfabetica,,aleatoria_por_passada,42,cursos_exat_2,162,57,True,TEMPO_TOTAL,iteracao,combinada_cursos_exat_2_dia_turno_curso_aleatoria,180.0,180.0,600.0,14400.0,False,False,alfabetica,42,alfabetica,,./dados/2024_1/horarios_2024_1.xlsx,./dados/2024_1/salas_2024_1.csv,./dados/2024_1/salas_preferenciais_2024.1.xlsx,/Users/robertdrey/Documents/workspace/development/alocador_de_salas,resultados/experimentos/2024_1/novas_hibridas/combinada_aleatoria/20261002_003719_seed42/melhor.sol,resultados/experimentos/2024_1/novas_hibridas/combinada_aleatoria/20261002_003719_seed42/historico.csv,resultados/experimentos/2024_1/novas_hibridas/combinada_aleatoria/20261002_003719_seed42/historico.json,combinada_aleatoria,cursos_exat_2 + dia_turno_curso,qualquer_melhoria_na_passada,aleatoria_por_passada,42,180.0,1,180.0,600.0,1,0,TEMPO_TOTAL,ADM,PED,162
1,1,163,par_cursos,GEO+PED,66,14858,80132,OPTIMAL,185264.5,185264.5,False,185264.5,20.39,19.99,600.0,,,,alfabetica,,aleatoria_por_passada,42,cursos_exat_2,163,58,True,TEMPO_TOTAL,iteracao,combinada_cursos_exat_2_dia_turno_curso_aleatoria,180.0,180.0,600.0,14400.0,False,False,alfabetica,42,alfabetica,,./dados/2024_1/horarios_2024_1.xlsx,./dados/2024_1/salas_2024_1.csv,./dados/2024_1/salas_preferenciais_2024.1.xlsx,/Users/robertdrey/Documents/workspace/development/alocador_de_salas,resultados/experimentos/2024_1/novas_hibridas/combinada_aleatoria/20261002_003719_seed42/melhor.sol,resultados/experimentos/2024_1/novas_hibridas/combinada_aleatoria/20261002_003719_seed42/historico.csv,resultados/experimentos/2024_1/novas_hibridas/combinada_aleatoria/20261002_003719_seed42/historico.json,combinada_aleatoria,cursos_exat_2 + dia_turno_curso,qualquer_melhoria_na_passada,aleatoria_por_passada,42,180.0,1,180.0,600.0,1,0,TEMPO_TOTAL,GEO,PED,163
1,1,164,dia_turno_curso,6_N_CS,57,12420,82570,OPTIMAL,185264.5,185264.5,False,185264.5,1.61,1.28,600.0,6,N,CS,alfabetica,,aleatoria_por_passada,42,dia_turno_curso,164,106,True,TEMPO_TOTAL,iteracao,combinada_cursos_exat_2_dia_turno_curso_aleatoria,180.0,180.0,600.0,14400.0,False,False,alfabetica,42,alfabetica,,./dados/2024_1/horarios_2024_1.xlsx,./dados/2024_1/salas_2024_1.csv,./dados/2024_1/salas_preferenciais_2024.1.xlsx,/Users/robertdrey/Documents/workspace/development/alocador_de_salas,resultados/experimentos/2024_1/novas_hibridas/combinada_aleatoria/20261002_003719_seed42/melhor.sol,resultados/experimentos/2024_1/novas_hibridas/combinada_aleatoria/20261002_003719_seed42/historico.csv,resultados/experimentos/2024_1/novas_hibridas/combinada_aleatoria/20261002_003719_seed42/historico.json,combinada_aleatoria,cursos_exat_2 + dia_turno_curso,qualquer_melhoria_na_passada,aleatoria_por_passada,42,180.0,1,180.0,600.0,1,0,TEMPO_TOTAL,,,
1,1,165,dia_turno_curso,2_T_ENF,47,16422,78568,OPTIMAL,185264.5,185264.5,False,185264.5,5.43,5.12,600.0,2,T,ENF,alfabetica,,aleatoria_por_passada,42,dia_turno_curso,165,107,True,TEMPO_TOTAL,iteracao,combinada_cursos_exat_2_dia_turno_curso_aleatoria,180.0,180.0,600.0,14400.0,False,False,alfabetica,42,alfabetica,,./dados/2024_1/horarios_2024_1.xlsx,./dados/2024_1/salas_2024_1.csv,./dados/2024_1/salas_preferenciais_2024.1.xlsx,/Users/robertdrey/Documents/workspace/development/alocador_de_salas,resultados/experimentos/2024_1/novas_hibridas/combinada_aleatoria/20261002_003719_seed42/melhor.sol,resultados/experimentos/2024_1/novas_hibridas/combinada_aleatoria/20261002_003719_seed42/historico.csv,resultados/experimentos/2024_1/novas_hibridas/combinada_aleatoria/20261002_003719_seed42/historico.json,combinada_aleatoria,cursos_exat_2 + dia_turno_curso,qualquer_melhoria_na_passada,aleatoria_por_passada,42,180.0,1,180.0,600.0,1,0,TEMPO_TOTAL,,,
1,1,166,dia_turno_curso,2_T_MAT,56,16606,78384,OPTIMAL,185264.5,185264.5,False,185264.5,1.71,1.4,600.0,2,T,MAT,alfabetica,,aleatoria_por_passada,42,dia_turno_curso,166,108,True,TEMPO_TOTAL,iteracao,combinada_cursos_exat_2_dia_turno_curso_aleatoria,180.0,180.0,600.0,14400.0,False,False,alfabetica,42,alfabetica,,./dados/2024_1/horarios_2024_1.xlsx,./dados/2024_1/salas_2024_1.csv,./dados/2024_1/salas_preferenciais_2024.1.xlsx,/Users/robertdrey/Documents/workspace/development/alocador_de_salas,resultados/experimentos/2024_1/novas_hibridas/combinada_aleatoria/20261002_003719_seed42/melhor.sol,resultados/experimentos/2024_1/novas_hibridas/combinada_aleatoria/20261002_003719_seed42/historico.csv,resultados/experimentos/2024_1/novas_hibridas/combinada_aleatoria/20261002_003719_seed42/historico.json,combinada_aleatoria,cursos_exat_2 + dia_turno_curso,qualquer_melhoria_na_passada,aleatoria_por_passada,42,180.0,1,180.0,600.0,1,0,TEMPO_TOTAL,,,
1,1,167,par_cursos,CC+EAS,92,17986,77004,OPTIMAL,185264.5,185264.5,False,185264.5,4.02,3.71,600.0,,,,alfabetica,,aleatoria_por_passada,42,cursos_exat_2,167,59,True,TEMPO_TOTAL,iteracao,combinada_cursos_exat_2_dia_turno_curso_aleatoria,180.0,180.0,600.0,14400.0,False,False,alfabetica,42,alfabetica,,./dados/2024_1/horarios_2024_1.xlsx,./dados/2024_1/salas_2024_1.csv,./dados/2024_1/salas_preferenciais_2024.1.xlsx,/Users/robertdrey/Documents/workspace/development/alocador_de_salas,resultados/experimentos/2024_1/novas_hibridas/combinada_aleatoria/20261002_003719_seed42/melhor.sol,resultados/experimentos/2024_1/novas_hibridas/combinada_aleatoria/20261002_003719_seed42/historico.csv,resultados/experimentos/2024_1/novas_hibridas/combinada_aleatoria/20261002_003719_seed42/historico.json,combinada_aleatoria,cursos_exat_2 + dia_turno_curso,qualquer_melhoria_na_passada,aleatoria_por_passada,42,180.0,1,180.0,600.0,1,0,TEMPO_TOTAL,CC,EAS,167
1,1,168,dia_turno_curso,2_N_FIL,53,11730,83260,OPTIMAL,185264.5,185264.5,False,185264.5,2.03,1.72,600.0,2,N,FIL,alfabetica,,aleatoria_por_passada,42,dia_turno_curso,168,109,True,TEMPO_TOTAL,iteracao,combinada_cursos_exat_2_dia_turno_curso_aleatoria,180.0,180.0,600.0,14400.0,False,False,alfabetica,42,alfabetica,,./dados/2024_1/horarios_2024_1.xlsx,./dados/2024_1/salas_2024_1.csv,./dados/2024_1/salas_preferenciais_2024.1.xlsx,/Users/robertdrey/Documents/workspace/development/alocador_de_salas,resultados/experimentos/2024_1/novas_hibridas/combinada_aleatoria/20261002_003719_seed42/melhor.sol,resultados/experimentos/2024_1/novas_hibridas/combinada_aleatoria/20261002_003719_seed42/historico.csv,resultados/experimentos/2024_1/novas_hibridas/combinada_aleatoria/20261002_003719_seed42/historico.json,combinada_aleatoria,cursos_exat_2 + dia_turno_curso,qualquer_melhoria_na_passada,aleatoria_por_passada,42,180.0,1,180.0,600.0,1,0,TEMPO_TOTAL,,,
1,1,169,dia_turno_curso,6_N_HIS,59,12650,82340,OPTIMAL,185264.5,185264.5,False,185264.5,1.96,1.64,600.0,6,N,HIS,alfabetica,,aleatoria_por_passada,42,dia_turno_curso,169,110,True,TEMPO_TOTAL,iteracao,combinada_cursos_exat_2_dia_turno_curso_aleatoria,180.0,180.0,600.0,14400.0,False,False,alfabetica,42,alfabetica,,./dados/2024_1/horarios_2024_1.xlsx,./dados/2024_1/salas_2024_1.csv,./dados/2024_1/salas_preferenciais_2024.1.xlsx,/Users/robertdrey/Documents/workspace/development/alocador_de_salas,resultados/experimentos/2024_1/novas_hibridas/combinada_aleatoria/20261002_003719_seed42/melhor.sol,resultados/experimentos/2024_1/novas_hibridas/combinada_aleatoria/20261002_003719_seed42/historico.csv,resultados/experimentos/2024_1/novas_hibridas/combinada_aleatoria/20261002_003719_seed42/historico.json,combinada_aleatoria,cursos_exat_2 + dia_turno_curso,qualquer_melhoria_na_passada,aleatoria_por_passada,42,180.0,1,180.0,600.0,1,0,TEMPO_TOTAL,,,
1,1,170,dia_turno_curso,7_M_MAT,40,12604,82386,OPTIMAL,185264.5,185264.5,False,185264.5,0.92,0.6,600.0,7,M,MAT,alfabetica,,aleatoria_por_passada,42,dia_turno_curso,170,111,True,TEMPO_TOTAL,iteracao,combinada_cursos_exat_2_dia_turno_curso_aleatoria,180.0,180.0,600.0,14400.0,False,False,alfabetica,42,alfabetica,,./dados/2024_1/horarios_2024_1.xlsx,./dados/2024_1/salas_2024_1.csv,./dados/2024_1/salas_preferenciais_2024.1.xlsx,/Users/robertdrey/Documents/workspace/development/alocador_de_salas,resultados/experimentos/2024_1/novas_hibridas/combinada_aleatoria/20261002_003719_seed42/melhor.sol,resultados/experimentos/2024_1/novas_hibridas/combinada_aleatoria/20261002_003719_seed42/historico.csv,resultados/experimentos/2024_1/novas_hibridas/combinada_aleatoria/20261002_003719_seed42/historico.json,combinada_aleatoria,cursos_exat_2 + dia_turno_curso,qualquer_melhoria_na_passada,aleatoria_por_passada,42,180.0,1,180.0,600.0,1,0,TEMPO_TOTAL,,,
1,1,171,dia_turno_curso,2_T_CS,55,16284,78706,OPTIMAL,185264.5,185264.5,False,185264.5,1.65,1.35,600.0,2,T,CS,alfabetica,,aleatoria_por_passada,42,dia_turno_curso,171,112,True,TEMPO_TOTAL,iteracao,combinada_cursos_exat_2_dia_turno_curso_aleatoria,180.0,180.0,600.0,14400.0,False,False,alfabetica,42,alfabetica,,./dados/2024_1/horarios_2024_1.xlsx,./dados/2024_1/salas_2024_1.csv,./dados/2024_1/salas_preferenciais_2024.1.xlsx,/Users/robertdrey/Documents/workspace/development/alocador_de_salas,resultados/experimentos/2024_1/novas_hibridas/combinada_aleatoria/20261002_003719_seed42/melhor.sol,resultados/experimentos/2024_1/novas_hibridas/combinada_aleatoria/20261002_003719_seed42/historico.csv,resultados/experimentos/2024_1/novas_hibridas/combinada_aleatoria/20261002_003719_seed42/historico.json,combinada_aleatoria,cursos_exat_2 + dia_turno_curso,qualquer_melhoria_na_passada,aleatoria_por_passada,42,180.0,1,180.0,600.0,1,0,TEMPO_TOTAL,,,
1,1,172,dia_turno_curso,6_N_GEO,47,10304,84686,OPTIMAL,185264.5,185264.5,False,185264.5,1.86,1.54,600.0,6,N,GEO,alfabetica,,aleatoria_por_passada,42,dia_turno_curso,172,113,True,TEMPO_TOTAL,iteracao,combinada_cursos_exat_2_dia_turno_curso_aleatoria,180.0,180.0,600.0,14400.0,False,False,alfabetica,42,alfabetica,,./dados/2024_1/horarios_2024_1.xlsx,./dados/2024_1/salas_2024_1.csv,./dados/2024_1/salas_preferenciais_2024.1.xlsx,/Users/robertdrey/Documents/workspace/development/alocador_de_salas,resultados/experimentos/2024_1/novas_hibridas/combinada_aleatoria/20261002_003719_seed42/melhor.sol,resultados/experimentos/2024_1/novas_hibridas/combinada_aleatoria/20261002_003719_seed42/historico.csv,resultados/experimentos/2024_1/novas_hibridas/combinada_aleatoria/20261002_003719_seed42/historico.json,combinada_aleatoria,cursos_exat_2 + dia_turno_curso,qualquer_melhoria_na_passada,aleatoria_por_passada,42,180.0,1,180.0,600.0,1,0,TEMPO_TOTAL,,,
1,1,173,par_cursos,CS+MAT,45,9522,85468,OPTIMAL,185264.5,185264.5,False,185264.5,0.84,0.52,600.0,,,,alfabetica,,aleatoria_por_passada,42,cursos_exat_2,173,60,True,TEMPO_TOTAL,iteracao,combinada_cursos_exat_2_dia_turno_curso_aleatoria,180.0,180.0,600.0,14400.0,False,False,alfabetica,42,alfabetica,,./dados/2024_1/horarios_2024_1.xlsx,./dados/2024_1/salas_2024_1.csv,./dados/2024_1/salas_preferenciais_2024.1.xlsx,/Users/robertdrey/Documents/workspace/development/alocador_de_salas,resultados/experimentos/2024_1/novas_hibridas/combinada_aleatoria/20261002_003719_seed42/melhor.sol,resultados/experimentos/2024_1/novas_hibridas/combinada_aleatoria/20261002_003719_seed42/historico.csv,resultados/experimentos/2024_1/novas_hibridas/combinada_aleatoria/20261002_003719_seed42/historico.json,combinada_aleatoria,cursos_exat_2 + dia_turno_curso,qualquer_melhoria_na_passada,aleatoria_por_passada,42,180.0,1,180.0,600.0,1,0,TEMPO_TOTAL,CS,MAT,173
1,1,174,dia_turno_curso,6_M_EAS,69,13294,81696,OPTIMAL,185264.5,185264.5,False,185264.5,1.77,1.46,600.0,6,M,EAS,alfabetica,,aleatoria_por_passada,42,dia_turno_curso,174,114,True,TEMPO_TOTAL,iteracao,combinada_cursos_exat_2_dia_turno_curso_aleatoria,180.0,180.0,600.0,14400.0,False,False,alfabetica,42,alfabetica,,./dados/2024_1/horarios_2024_1.xlsx,./dados/2024_1/salas_2024_1.csv,./dados/2024_1/salas_preferenciais_2024.1.xlsx,/Users/robertdrey/Documents/workspace/development/alocador_de_salas,resultados/experimentos/2024_1/novas_hibridas/combinada_aleatoria/20261002_003719_seed42/melhor.sol,resultados/experimentos/2024_1/novas_hibridas/combinada_aleatoria/20261002_003719_seed42/historico.csv,resultados/experimentos/2024_1/novas_hibridas/combinada_aleatoria/20261002_003719_seed42/historico.json,combinada_aleatoria,cursos_exat_2 + dia_turno_curso,qualquer_melhoria_na_passada,aleatoria_por_passada,42,180.0,1,180.0,600.0,1,0,TEMPO_TOTAL,,,
1,1,175,dia_turno_curso,2_T_EAS,74,18538,76452,OPTIMAL,185264.5,185264.5,False,185264.5,2.25,1.93,600.0,2,T,EAS,alfabetica,,aleatoria_por_passada,42,dia_turno_curso,175,115,True,TEMPO_TOTAL,iteracao,combinada_cursos_exat_2_dia_turno_curso_aleatoria,180.0,180.0,600.0,14400.0,False,False,alfabetica,42,alfabetica,,./dados/2024_1/horarios_2024_1.xlsx,./dados/2024_1/salas_2024_1.csv,./dados/2024_1/salas_preferenciais_2024.1.xlsx,/Users/robertdrey/Documents/workspace/development/alocador_de_salas,resultados/experimentos/2024_1/novas_hibridas/combinada_aleatoria/20261002_003719_seed42/melhor.sol,resultados/experimentos/2024_1/novas_hibridas/combinada_aleatoria/20261002_003719_seed42/historico.csv,resultados/experimentos/2024_1/novas_hibridas/combinada_aleatoria/20261002_003719_seed42/historico.json,combinada_aleatoria,cursos_exat_2 + dia_turno_curso,qualquer_melhoria_na_passada,aleatoria_por_passada,42,180.0,1,180.0,600.0,1,0,TEMPO_TOTAL,,,
1,1,176,dia_turno_curso,6_N_PED,89,20286,74704,OPTIMAL,185264.5,185264.5,False,185264.5,74.95,74.64,600.0,6,N,PED,alfabetica,,aleatoria_por_passada,42,dia_turno_curso,176,116,True,TEMPO_TOTAL,iteracao,combinada_cursos_exat_2_dia_turno_curso_aleatoria,180.0,180.0,600.0,14400.0,False,False,alfabetica,42,alfabetica,,./dados/2024_1/horarios_2024_1.xlsx,./dados/2024_1/salas_2024_1.csv,./dados/2024_1/salas_preferenciais_2024.1.xlsx,/Users/robertdrey/Documents/workspace/development/alocador_de_salas,resultados/experimentos/2024_1/novas_hibridas/combinada_aleatoria/20261002_003719_seed42/melhor.sol,resultados/experimentos/2024_1/novas_hibridas/combinada_aleatoria/20261002_003719_seed42/historico.csv,resultados/experimentos/2024_1/novas_hibridas/combinada_aleatoria/20261002_003719_seed42/historico.json,combinada_aleatoria,cursos_exat_2 + dia_turno_curso,qualquer_melhoria_na_passada,aleatoria_por_passada,42,180.0,1,180.0,600.0,1,0,TEMPO_TOTAL,,,
1,1,177,par_cursos,CS+MED,63,13938,81052,OPTIMAL,185264.5,185264.5,False,185264.5,1.18,0.87,600.0,,,,alfabetica,,aleatoria_por_passada,42,cursos_exat_2,177,61,True,TEMPO_TOTAL,iteracao,combinada_cursos_exat_2_dia_turno_curso_aleatoria,180.0,180.0,600.0,14400.0,False,False,alfabetica,42,alfabetica,,./dados/2024_1/horarios_2024_1.xlsx,./dados/2024_1/salas_2024_1.csv,./dados/2024_1/salas_preferenciais_2024.1.xlsx,/Users/robertdrey/Documents/workspace/development/alocador_de_salas,resultados/experimentos/2024_1/novas_hibridas/combinada_aleatoria/20261002_003719_seed42/melhor.sol,resultados/experimentos/2024_1/novas_hibridas/combinada_aleatoria/20261002_003719_seed42/historico.csv,resultados/experimentos/2024_1/novas_hibridas/combinada_aleatoria/20261002_003719_seed42/historico.json,combinada_aleatoria,cursos_exat_2 + dia_turno_curso,qualquer_melhoria_na_passada,aleatoria_por_passada,42,180.0,1,180.0,600.0,1,0,TEMPO_TOTAL,CS,MED,177
1,1,178,par_cursos,ADM+CC,95,19826,75164,OPTIMAL,185264.5,185264.5,False,185264.5,25.96,25.66,600.0,,,,alfabetica,,aleatoria_por_passada,42,cursos_exat_2,178,62,True,TEMPO_TOTAL,iteracao,combinada_cursos_exat_2_dia_turno_curso_aleatoria,180.0,180.0,600.0,14400.0,False,False,alfabetica,42,alfabetica,,./dados/2024_1/horarios_2024_1.xlsx,./dados/2024_1/salas_2024_1.csv,./dados/2024_1/salas_preferenciais_2024.1.xlsx,/Users/robertdrey/Documents/workspace/development/alocador_de_salas,resultados/experimentos/2024_1/novas_hibridas/combinada_aleatoria/20261002_003719_seed42/melhor.sol,resultados/experimentos/2024_1/novas_hibridas/combinada_aleatoria/20261002_003719_seed42/historico.csv,resultados/experimentos/2024_1/novas_hibridas/combinada_aleatoria/20261002_003719_seed42/historico.json,combinada_aleatoria,cursos_exat_2 + dia_turno_curso,qualquer_melhoria_na_passada,aleatoria_por_passada,42,180.0,1,180.0,600.0,1,0,TEMPO_TOTAL,ADM,CC,178
1,1,179,par_cursos,HIS+PED,80,17572,77418,OPTIMAL,185264.5,185264.5,False,185264.5,24.11,23.77,600.0,,,,alfabetica,,aleatoria_por_passada,42,cursos_exat_2,179,63,True,TEMPO_TOTAL,iteracao,combinada_cursos_exat_2_dia_turno_curso_aleatoria,180.0,180.0,600.0,14400.0,False,False,alfabetica,42,alfabetica,,./dados/2024_1/horarios_2024_1.xlsx,./dados/2024_1/salas_2024_1.csv,./dados/2024_1/salas_preferenciais_2024.1.xlsx,/Users/robertdrey/Documents/workspace/development/alocador_de_salas,resultados/experimentos/2024_1/novas_hibridas/combinada_aleatoria/20261002_003719_seed42/melhor.sol,resultados/experimentos/2024_1/novas_hibridas/combinada_aleatoria/20261002_003719_seed42/historico.csv,resultados/experimentos/2024_1/novas_hibridas/combinada_aleatoria/20261002_003719_seed42/historico.json,combinada_aleatoria,cursos_exat_2 + dia_turno_curso,qualquer_melhoria_na_passada,aleatoria_por_passada,42,180.0,1,180.0,600.0,1,0,TEMPO_TOTAL,HIS,PED,179
1,1,180,dia_turno_curso,4_N_MAT,59,13202,81788,OPTIMAL,185264.5,185264.5,False,185264.5,1.89,1.56,600.0,4,N,MAT,alfabetica,,aleatoria_por_passada,42,dia_turno_curso,180,117,True,TEMPO_TOTAL,iteracao,combinada_cursos_exat_2_dia_turno_curso_aleatoria,180.0,180.0,600.0,14400.0,False,False,alfabetica,42,alfabetica,,./dados/2024_1/horarios_2024_1.xlsx,./dados/2024_1/salas_2024_1.csv,./dados/2024_1/salas_preferenciais_2024.1.xlsx,/Users/robertdrey/Documents/workspace/development/alocador_de_salas,resultados/experimentos/2024_1/novas_hibridas/combinada_aleatoria/20261002_003719_seed42/melhor.sol,resultados/experimentos/2024_1/novas_hibridas/combinada_aleatoria/20261002_003719_seed42/historico.csv,resultados/experimentos/2024_1/novas_hibridas/combinada_aleatoria/20261002_003719_seed42/historico.json,combinada_aleatoria,cursos_exat_2 + dia_turno_curso,qualquer_melhoria_na_passada,aleatoria_por_passada,42,180.0,1,180.0,600.0,1,0,TEMPO_TOTAL,,,
1,1,181,dia_turno_curso,3_T_GEO,43,13524,81466,OPTIMAL,185264.5,185264.5,False,185264.5,1.21,0.9,600.0,3,T,GEO,alfabetica,,aleatoria_por_passada,42,dia_turno_curso,181,118,True,TEMPO_TOTAL,iteracao,combinada_cursos_exat_2_dia_turno_curso_aleatoria,180.0,180.0,600.0,14400.0,False,False,alfabetica,42,alfabetica,,./dados/2024_1/horarios_2024_1.xlsx,./dados/2024_1/salas_2024_1.csv,./dados/2024_1/salas_preferenciais_2024.1.xlsx,/Users/robertdrey/Documents/workspace/development/alocador_de_salas,resultados/experimentos/2024_1/novas_hibridas/combinada_aleatoria/20261002_003719_seed42/melhor.sol,resultados/experimentos/2024_1/novas_hibridas/combinada_aleatoria/20261002_003719_seed42/historico.csv,resultados/experimentos/2024_1/novas_hibridas/combinada_aleatoria/20261002_003719_seed42/historico.json,combinada_aleatoria,cursos_exat_2 + dia_turno_curso,qualquer_melhoria_na_passada,aleatoria_por_passada,42,180.0,1,180.0,600.0,1,0,TEMPO_TOTAL,,,
1,1,182,par_cursos,ENF+PED,74,21298,73692,TIME_LIMIT,185264.5,185264.5,False,185264.5,600.53,600.2,600.0,,,,alfabetica,,aleatoria_por_passada,42,cursos_exat_2,182,64,True,TEMPO_TOTAL,iteracao,combinada_cursos_exat_2_dia_turno_curso_aleatoria,180.0,180.0,600.0,14400.0,False,False,alfabetica,42,alfabetica,,./dados/2024_1/horarios_2024_1.xlsx,./dados/2024_1/salas_2024_1.csv,./dados/2024_1/salas_preferenciais_2024.1.xlsx,/Users/robertdrey/Documents/workspace/development/alocador_de_salas,resultados/experimentos/2024_1/novas_hibridas/combinada_aleatoria/20261002_003719_seed42/melhor.sol,resultados/experimentos/2024_1/novas_hibridas/combinada_aleatoria/20261002_003719_seed42/historico.csv,resultados/experimentos/2024_1/novas_hibridas/combinada_aleatoria/20261002_003719_seed42/historico.json,combinada_aleatoria,cursos_exat_2 + dia_turno_curso,qualquer_melhoria_na_passada,aleatoria_por_passada,42,180.0,1,180.0,600.0,1,0,TEMPO_TOTAL,ENF,PED,182
1,1,183,dia_turno_curso,3_M_ENF,49,15640,79350,OPTIMAL,185264.5,185264.5,False,185264.5,6.22,5.86,600.0,3,M,ENF,alfabetica,,aleatoria_por_passada,42,dia_turno_curso,183,119,True,TEMPO_TOTAL,iteracao,combinada_cursos_exat_2_dia_turno_curso_aleatoria,180.0,180.0,600.0,14400.0,False,False,alfabetica,42,alfabetica,,./dados/2024_1/horarios_2024_1.xlsx,./dados/2024_1/salas_2024_1.csv,./dados/2024_1/salas_preferenciais_2024.1.xlsx,/Users/robertdrey/Documents/workspace/development/alocador_de_salas,resultados/experimentos/2024_1/novas_hibridas/combinada_aleatoria/20261002_003719_seed42/melhor.sol,resultados/experimentos/2024_1/novas_hibridas/combinada_aleatoria/20261002_003719_seed42/historico.csv,resultados/experimentos/2024_1/novas_hibridas/combinada_aleatoria/20261002_003719_seed42/historico.json,combinada_aleatoria,cursos_exat_2 + dia_turno_curso,qualquer_melhoria_na_passada,aleatoria_por_passada,42,180.0,1,180.0,600.0,1,0,TEMPO_TOTAL,,,
1,1,184,dia_turno_curso,7_M_CS,40,12742,82248,OPTIMAL,185264.5,185264.5,False,185264.5,0.99,0.67,600.0,7,M,CS,alfabetica,,aleatoria_por_passada,42,dia_turno_curso,184,120,True,TEMPO_TOTAL,iteracao,combinada_cursos_exat_2_dia_turno_curso_aleatoria,180.0,180.0,600.0,14400.0,False,False,alfabetica,42,alfabetica,,./dados/2024_1/horarios_2024_1.xlsx,./dados/2024_1/salas_2024_1.csv,./dados/2024_1/salas_preferenciais_2024.1.xlsx,/Users/robertdrey/Documents/workspace/development/alocador_de_salas,resultados/experimentos/2024_1/novas_hibridas/combinada_aleatoria/20261002_003719_seed42/melhor.sol,resultados/experimentos/2024_1/novas_hibridas/combinada_aleatoria/20261002_003719_seed42/historico.csv,resultados/experimentos/2024_1/novas_hibridas/combinada_aleatoria/20261002_003719_seed42/historico.json,combinada_aleatoria,cursos_exat_2 + dia_turno_curso,qualquer_melhoria_na_passada,aleatoria_por_passada,42,180.0,1,180.0,600.0,1,0,TEMPO_TOTAL,,,
1,1,185,dia_turno_curso,6_M_MED,69,15778,79212,OPTIMAL,185264.5,185264.5,False,185264.5,2.28,1.97,600.0,6,M,MED,alfabetica,,aleatoria_por_passada,42,dia_turno_curso,185,121,True,TEMPO_TOTAL,iteracao,combinada_cursos_exat_2_dia_turno_curso_aleatoria,180.0,180.0,600.0,14400.0,False,False,alfabetica,42,alfabetica,,./dados/2024_1/horarios_2024_1.xlsx,./dados/2024_1/salas_2024_1.csv,./dados/2024_1/salas_preferenciais_2024.1.xlsx,/Users/robertdrey/Documents/workspace/development/alocador_de_salas,resultados/experimentos/2024_1/novas_hibridas/combinada_aleatoria/20261002_003719_seed42/melhor.sol,resultados/experimentos/2024_1/novas_hibridas/combinada_aleatoria/20261002_003719_seed42/historico.csv,resultados/experimentos/2024_1/novas_hibridas/combinada_aleatoria/20261002_003719_seed42/historico.json,combinada_aleatoria,cursos_exat_2 + dia_turno_curso,qualquer_melhoria_na_passada,aleatoria_por_passada,42,180.0,1,180.0,600.0,1,0,TEMPO_TOTAL,,,
1,1,186,dia_turno_curso,5_N_CC,83,18078,76912,OPTIMAL,185264.5,185264.5,False,185264.5,3.59,3.27,600.0,5,N,CC,alfabetica,,aleatoria_por_passada,42,dia_turno_curso,186,122,True,TEMPO_TOTAL,iteracao,combinada_cursos_exat_2_dia_turno_curso_aleatoria,180.0,180.0,600.0,14400.0,False,False,alfabetica,42,alfabetica,,./dados/2024_1/horarios_2024_1.xlsx,./dados/2024_1/salas_2024_1.csv,./dados/2024_1/salas_preferenciais_2024.1.xlsx,/Users/robertdrey/Documents/workspace/development/alocador_de_salas,resultados/experimentos/2024_1/novas_hibridas/combinada_aleatoria/20261002_003719_seed42/melhor.sol,resultados/experimentos/2024_1/novas_hibridas/combinada_aleatoria/20261002_003719_seed42/historico.csv,resultados/experimentos/2024_1/novas_hibridas/combinada_aleatoria/20261002_003719_seed42/historico.json,combinada_aleatoria,cursos_exat_2 + dia_turno_curso,qualquer_melhoria_na_passada,aleatoria_por_passada,42,180.0,1,180.0,600.0,1,0,TEMPO_TOTAL,,,
1,1,187,dia_turno_curso,6_T_EAS,71,18124,76866,OPTIMAL,185264.5,185264.5,False,185264.5,1.5,1.19,600.0,6,T,EAS,alfabetica,,aleatoria_por_passada,42,dia_turno_curso,187,123,True,TEMPO_TOTAL,iteracao,combinada_cursos_exat_2_dia_turno_curso_aleatoria,180.0,180.0,600.0,14400.0,False,False,alfabetica,42,alfabetica,,./dados/2024_1/horarios_2024_1.xlsx,./dados/2024_1/salas_2024_1.csv,./dados/2024_1/salas_preferenciais_2024.1.xlsx,/Users/robertdrey/Documents/workspace/development/alocador_de_salas,resultados/experimentos/2024_1/novas_hibridas/combinada_aleatoria/20261002_003719_seed42/melhor.sol,resultados/experimentos/2024_1/novas_hibridas/combinada_aleatoria/20261002_003719_seed42/historico.csv,resultados/experimentos/2024_1/novas_hibridas/combinada_aleatoria/20261002_003719_seed42/historico.json,combinada_aleatoria,cursos_exat_2 + dia_turno_curso,qualquer_melhoria_na_passada,aleatoria_por_passada,42,180.0,1,180.0,600.0,1,0,TEMPO_TOTAL,,,
1,1,188,par_cursos,ENF+FIL,33,11270,83720,OPTIMAL,185264.5,185264.5,False,185264.5,2.38,2.05,600.0,,,,alfabetica,,aleatoria_por_passada,42,cursos_exat_2,188,65,True,TEMPO_TOTAL,iteracao,combinada_cursos_exat_2_dia_turno_curso_aleatoria,180.0,180.0,600.0,14400.0,False,False,alfabetica,42,alfabetica,,./dados/2024_1/horarios_2024_1.xlsx,./dados/2024_1/salas_2024_1.csv,./dados/2024_1/salas_preferenciais_2024.1.xlsx,/Users/robertdrey/Documents/workspace/development/alocador_de_salas,resultados/experimentos/2024_1/novas_hibridas/combinada_aleatoria/20261002_003719_seed42/melhor.sol,resultados/experimentos/2024_1/novas_hibridas/combinada_aleatoria/20261002_003719_seed42/historico.csv,resultados/experimentos/2024_1/novas_hibridas/combinada_aleatoria/20261002_003719_seed42/historico.json,combinada_aleatoria,cursos_exat_2 + dia_turno_curso,qualquer_melhoria_na_passada,aleatoria_por_passada,42,180.0,1,180.0,600.0,1,0,TEMPO_TOTAL,ENF,FIL,188
1,1,189,dia_turno_curso,4_N_CC,86,19872,75118,OPTIMAL,185264.5,185264.5,False,185264.5,6.19,5.85,600.0,4,N,CC,alfabetica,,aleatoria_por_passada,42,dia_turno_curso,189,124,True,TEMPO_TOTAL,iteracao,combinada_cursos_exat_2_dia_turno_curso_aleatoria,180.0,180.0,600.0,14400.0,False,False,alfabetica,42,alfabetica,,./dados/2024_1/horarios_2024_1.xlsx,./dados/2024_1/salas_2024_1.csv,./dados/2024_1/salas_preferenciais_2024.1.xlsx,/Users/robertdrey/Documents/workspace/development/alocador_de_salas,resultados/experimentos/2024_1/novas_hibridas/combinada_aleatoria/20261002_003719_seed42/melhor.sol,resultados/experimentos/2024_1/novas_hibridas/combinada_aleatoria/20261002_003719_seed42/historico.csv,resultados/experimentos/2024_1/novas_hibridas/combinada_aleatoria/20261002_003719_seed42/historico.json,combinada_aleatoria,cursos_exat_2 + dia_turno_curso,qualquer_melhoria_na_passada,aleatoria_por_passada,42,180.0,1,180.0,600.0,1,0,TEMPO_TOTAL,,,
1,1,190,dia_turno_curso,7_N_AGRO,53,10028,84962,OPTIMAL,185264.5,185264.5,False,185264.5,4.37,4.04,600.0,7,N,AGRO,alfabetica,,aleatoria_por_passada,42,dia_turno_curso,190,125,True,TEMPO_TOTAL,iteracao,combinada_cursos_exat_2_dia_turno_curso_aleatoria,180.0,180.0,600.0,14400.0,False,False,alfabetica,42,alfabetica,,./dados/2024_1/horarios_2024_1.xlsx,./dados/2024_1/salas_2024_1.csv,./dados/2024_1/salas_preferenciais_2024.1.xlsx,/Users/robertdrey/Documents/workspace/development/alocador_de_salas,resultados/experimentos/2024_1/novas_hibridas/combinada_aleatoria/20261002_003719_seed42/melhor.sol,resultados/experimentos/2024_1/novas_hibridas/combinada_aleatoria/20261002_003719_seed42/historico.csv,resultados/experimentos/2024_1/novas_hibridas/combinada_aleatoria/20261002_003719_seed42/historico.json,combinada_aleatoria,cursos_exat_2 + dia_turno_curso,qualquer_melhoria_na_passada,aleatoria_por_passada,42,180.0,1,180.0,600.0,1,0,TEMPO_TOTAL,,,
1,1,191,dia_turno_curso,5_M_EAS,75,17618,77372,OPTIMAL,185264.5,185264.5,False,185264.5,2.71,2.39,600.0,5,M,EAS,alfabetica,,aleatoria_por_passada,42,dia_turno_curso,191,126,True,TEMPO_TOTAL,iteracao,combinada_cursos_exat_2_dia_turno_curso_aleatoria,180.0,180.0,600.0,14400.0,False,False,alfabetica,42,alfabetica,,./dados/2024_1/horarios_2024_1.xlsx,./dados/2024_1/salas_2024_1.csv,./dados/2024_1/salas_preferenciais_2024.1.xlsx,/Users/robertdrey/Documents/workspace/development/alocador_de_salas,resultados/experimentos/2024_1/novas_hibridas/combinada_aleatoria/20261002_003719_seed42/melhor.sol,resultados/experimentos/2024_1/novas_hibridas/combinada_aleatoria/20261002_003719_seed42/historico.csv,resultados/experimentos/2024_1/novas_hibridas/combinada_aleatoria/20261002_003719_seed42/historico.json,combinada_aleatoria,cursos_exat_2 + dia_turno_curso,qualquer_melhoria_na_passada,aleatoria_por_passada,42,180.0,1,180.0,600.0,1,0,TEMPO_TOTAL,,,
1,1,192,dia_turno_curso,4_M_CS,56,15180,79810,OPTIMAL,185264.5,185264.5,False,185264.5,1.82,1.51,600.0,4,M,CS,alfabetica,,aleatoria_por_passada,42,dia_turno_curso,192,127,True,TEMPO_TOTAL,iteracao,combinada_cursos_exat_2_dia_turno_curso_aleatoria,180.0,180.0,600.0,14400.0,False,False,alfabetica,42,alfabetica,,./dados/2024_1/horarios_2024_1.xlsx,./dados/2024_1/salas_2024_1.csv,./dados/2024_1/salas_preferenciais_2024.1.xlsx,/Users/robertdrey/Documents/workspace/development/alocador_de_salas,resultados/experimentos/2024_1/novas_hibridas/combinada_aleatoria/20261002_003719_seed42/melhor.sol,resultados/experimentos/2024_1/novas_hibridas/combinada_aleatoria/20261002_003719_seed42/historico.csv,resultados/experimentos/2024_1/novas_hibridas/combinada_aleatoria/20261002_003719_seed42/historico.json,combinada_aleatoria,cursos_exat_2 + dia_turno_curso,qualquer_melhoria_na_passada,aleatoria_por_passada,42,180.0,1,180.0,600.0,1,0,TEMPO_TOTAL,,,
1,1,193,par_cursos,FIL+LET,51,11914,83076,OPTIMAL,185264.5,185264.5,False,185264.5,2.31,2.0,600.0,,,,alfabetica,,aleatoria_por_passada,42,cursos_exat_2,193,66,True,TEMPO_TOTAL,iteracao,combinada_cursos_exat_2_dia_turno_curso_aleatoria,180.0,180.0,600.0,14400.0,False,False,alfabetica,42,alfabetica,,./dados/2024_1/horarios_2024_1.xlsx,./dados/2024_1/salas_2024_1.csv,./dados/2024_1/salas_preferenciais_2024.1.xlsx,/Users/robertdrey/Documents/workspace/development/alocador_de_salas,resultados/experimentos/2024_1/novas_hibridas/combinada_aleatoria/20261002_003719_seed42/melhor.sol,resultados/experimentos/2024_1/novas_hibridas/combinada_aleatoria/20261002_003719_seed42/historico.csv,resultados/experimentos/2024_1/novas_hibridas/combinada_aleatoria/20261002_003719_seed42/historico.json,combinada_aleatoria,cursos_exat_2 + dia_turno_curso,qualquer_melhoria_na_passada,aleatoria_por_passada,42,180.0,1,180.0,600.0,1,0,TEMPO_TOTAL,FIL,LET,193
1,1,194,par_cursos,ENF+MED,59,17894,77096,OPTIMAL,185264.5,185264.5,False,185264.5,46.65,46.33,600.0,,,,alfabetica,,aleatoria_por_passada,42,cursos_exat_2,194,67,True,TEMPO_TOTAL,iteracao,combinada_cursos_exat_2_dia_turno_curso_aleatoria,180.0,180.0,600.0,14400.0,False,False,alfabetica,42,alfabetica,,./dados/2024_1/horarios_2024_1.xlsx,./dados/2024_1/salas_2024_1.csv,./dados/2024_1/salas_preferenciais_2024.1.xlsx,/Users/robertdrey/Documents/workspace/development/alocador_de_salas,resultados/experimentos/2024_1/novas_hibridas/combinada_aleatoria/20261002_003719_seed42/melhor.sol,resultados/experimentos/2024_1/novas_hibridas/combinada_aleatoria/20261002_003719_seed42/historico.csv,resultados/experimentos/2024_1/novas_hibridas/combinada_aleatoria/20261002_003719_seed42/historico.json,combinada_aleatoria,cursos_exat_2 + dia_turno_curso,qualquer_melhoria_na_passada,aleatoria_por_passada,42,180.0,1,180.0,600.0,1,0,TEMPO_TOTAL,ENF,MED,194
1,1,195,par_cursos,CC+CS,69,15088,79902,OPTIMAL,185264.5,185264.5,False,185264.5,3.09,2.75,600.0,,,,alfabetica,,aleatoria_por_passada,42,cursos_exat_2,195,68,True,TEMPO_TOTAL,iteracao,combinada_cursos_exat_2_dia_turno_curso_aleatoria,180.0,180.0,600.0,14400.0,False,False,alfabetica,42,alfabetica,,./dados/2024_1/horarios_2024_1.xlsx,./dados/2024_1/salas_2024_1.csv,./dados/2024_1/salas_preferenciais_2024.1.xlsx,/Users/robertdrey/Documents/workspace/development/alocador_de_salas,resultados/experimentos/2024_1/novas_hibridas/combinada_aleatoria/20261002_003719_seed42/melhor.sol,resultados/experimentos/2024_1/novas_hibridas/combinada_aleatoria/20261002_003719_seed42/historico.csv,resultados/experimentos/2024_1/novas_hibridas/combinada_aleatoria/20261002_003719_seed42/historico.json,combinada_aleatoria,cursos_exat_2 + dia_turno_curso,qualquer_melhoria_na_passada,aleatoria_por_passada,42,180.0,1,180.0,600.0,1,0,TEMPO_TOTAL,CC,CS,195
1,1,196,par_cursos,ADM+HIS,72,14076,80914,OPTIMAL,185264.5,185264.5,False,185264.5,1.05,0.73,600.0,,,,alfabetica,,aleatoria_por_passada,42,cursos_exat_2,196,69,True,TEMPO_TOTAL,iteracao,combinada_cursos_exat_2_dia_turno_curso_aleatoria,180.0,180.0,600.0,14400.0,False,False,alfabetica,42,alfabetica,,./dados/2024_1/horarios_2024_1.xlsx,./dados/2024_1/salas_2024_1.csv,./dados/2024_1/salas_preferenciais_2024.1.xlsx,/Users/robertdrey/Documents/workspace/development/alocador_de_salas,resultados/experimentos/2024_1/novas_hibridas/combinada_aleatoria/20261002_003719_seed42/melhor.sol,resultados/experimentos/2024_1/novas_hibridas/combinada_aleatoria/20261002_003719_seed42/historico.csv,resultados/experimentos/2024_1/novas_hibridas/combinada_aleatoria/20261002_003719_seed42/historico.json,combinada_aleatoria,cursos_exat_2 + dia_turno_curso,qualquer_melhoria_na_passada,aleatoria_por_passada,42,180.0,1,180.0,600.0,1,0,TEMPO_TOTAL,ADM,HIS,196
1,1,197,par_cursos,ADM+LET,84,18446,76544,OPTIMAL,185264.5,185264.5,False,185264.5,3.43,3.13,600.0,,,,alfabetica,,aleatoria_por_passada,42,cursos_exat_2,197,70,True,TEMPO_TOTAL,iteracao,combinada_cursos_exat_2_dia_turno_curso_aleatoria,180.0,180.0,600.0,14400.0,False,False,alfabetica,42,alfabetica,,./dados/2024_1/horarios_2024_1.xlsx,./dados/2024_1/salas_2024_1.csv,./dados/2024_1/salas_preferenciais_2024.1.xlsx,/Users/robertdrey/Documents/workspace/development/alocador_de_salas,resultados/experimentos/2024_1/novas_hibridas/combinada_aleatoria/20261002_003719_seed42/melhor.sol,resultados/experimentos/2024_1/novas_hibridas/combinada_aleatoria/20261002_003719_seed42/historico.csv,resultados/experimentos/2024_1/novas_hibridas/combinada_aleatoria/20261002_003719_seed42/historico.json,combinada_aleatoria,cursos_exat_2 + dia_turno_curso,qualquer_melhoria_na_passada,aleatoria_por_passada,42,180.0,1,180.0,600.0,1,0,TEMPO_TOTAL,ADM,LET,197
1,1,198,dia_turno_curso,3_M_MED,73,18492,76498,OPTIMAL,185264.5,185264.5,False,185264.5,4.65,4.35,600.0,3,M,MED,alfabetica,,aleatoria_por_passada,42,dia_turno_curso,198,128,True,TEMPO_TOTAL,iteracao,combinada_cursos_exat_2_dia_turno_curso_aleatoria,180.0,180.0,600.0,14400.0,False,False,alfabetica,42,alfabetica,,./dados/2024_1/horarios_2024_1.xlsx,./dados/2024_1/salas_2024_1.csv,./dados/2024_1/salas_preferenciais_2024.1.xlsx,/Users/robertdrey/Documents/workspace/development/alocador_de_salas,resultados/experimentos/2024_1/novas_hibridas/combinada_aleatoria/20261002_003719_seed42/melhor.sol,resultados/experimentos/2024_1/novas_hibridas/combinada_aleatoria/20261002_003719_seed42/historico.csv,resultados/experimentos/2024_1/novas_hibridas/combinada_aleatoria/20261002_003719_seed42/historico.json,combinada_aleatoria,cursos_exat_2 + dia_turno_curso,qualquer_melhoria_na_passada,aleatoria_por_passada,42,180.0,1,180.0,600.0,1,0,TEMPO_TOTAL,,,
1,1,199,dia_turno_curso,4_N_PED,93,21160,73830,OPTIMAL,185264.5,185264.5,False,185264.5,13.86,13.53,600.0,4,N,PED,alfabetica,,aleatoria_por_passada,42,dia_turno_curso,199,129,True,TEMPO_TOTAL,iteracao,combinada_cursos_exat_2_dia_turno_curso_aleatoria,180.0,180.0,600.0,14400.0,False,False,alfabetica,42,alfabetica,,./dados/2024_1/horarios_2024_1.xlsx,./dados/2024_1/salas_2024_1.csv,./dados/2024_1/salas_preferenciais_2024.1.xlsx,/Users/robertdrey/Documents/workspace/development/alocador_de_salas,resultados/experimentos/2024_1/novas_hibridas/combinada_aleatoria/20261002_003719_seed42/melhor.sol,resultados/experimentos/2024_1/novas_hibridas/combinada_aleatoria/20261002_003719_seed42/historico.csv,resultados/experimentos/2024_1/novas_hibridas/combinada_aleatoria/20261002_003719_seed42/historico.json,combinada_aleatoria,cursos_exat_2 + dia_turno_curso,qualquer_melhoria_na_passada,aleatoria_por_passada,42,180.0,1,180.0,600.0,1,0,TEMPO_TOTAL,,,
1,1,200,par_cursos,AGRO+PED,107,21528,73462,OPTIMAL,185264.5,185264.5,False,185264.5,45.38,45.02,600.0,,,,alfabetica,,aleatoria_por_passada,42,cursos_exat_2,200,71,True,TEMPO_TOTAL,iteracao,combinada_cursos_exat_2_dia_turno_curso_aleatoria,180.0,180.0,600.0,14400.0,False,False,alfabetica,42,alfabetica,,./dados/2024_1/horarios_2024_1.xlsx,./dados/2024_1/salas_2024_1.csv,./dados/2024_1/salas_preferenciais_2024.1.xlsx,/Users/robertdrey/Documents/workspace/development/alocador_de_salas,resultados/experimentos/2024_1/novas_hibridas/combinada_aleatoria/20261002_003719_seed42/melhor.sol,resultados/experimentos/2024_1/novas_hibridas/combinada_aleatoria/20261002_003719_seed42/historico.csv,resultados/experimentos/2024_1/novas_hibridas/combinada_aleatoria/20261002_003719_seed42/historico.json,combinada_aleatoria,cursos_exat_2 + dia_turno_curso,qualquer_melhoria_na_passada,aleatoria_por_passada,42,180.0,1,180.0,600.0,1,0,TEMPO_TOTAL,AGRO,PED,200
1,1,201,dia_turno_curso,4_T_LET,60,17618,77372,OPTIMAL,185264.5,185264.5,False,185264.5,2.04,1.7,600.0,4,T,LET,alfabetica,,aleatoria_por_passada,42,dia_turno_curso,201,130,True,TEMPO_TOTAL,iteracao,combinada_cursos_exat_2_dia_turno_curso_aleatoria,180.0,180.0,600.0,14400.0,False,False,alfabetica,42,alfabetica,,./dados/2024_1/horarios_2024_1.xlsx,./dados/2024_1/salas_2024_1.csv,./dados/2024_1/salas_preferenciais_2024.1.xlsx,/Users/robertdrey/Documents/workspace/development/alocador_de_salas,resultados/experimentos/2024_1/novas_hibridas/combinada_aleatoria/20261002_003719_seed42/melhor.sol,resultados/experimentos/2024_1/novas_hibridas/combinada_aleatoria/20261002_003719_seed42/historico.csv,resultados/experimentos/2024_1/novas_hibridas/combinada_aleatoria/20261002_003719_seed42/historico.json,combinada_aleatoria,cursos_exat_2 + dia_turno_curso,qualquer_melhoria_na_passada,aleatoria_por_passada,42,180.0,1,180.0,600.0,1,0,TEMPO_TOTAL,,,
1,1,202,dia_turno_curso,7_T_PED,62,15640,79350,OPTIMAL,185264.5,185264.5,False,185264.5,46.06,45.74,600.0,7,T,PED,alfabetica,,aleatoria_por_passada,42,dia_turno_curso,202,131,True,TEMPO_TOTAL,iteracao,combinada_cursos_exat_2_dia_turno_curso_aleatoria,180.0,180.0,600.0,14400.0,False,False,alfabetica,42,alfabetica,,./dados/2024_1/horarios_2024_1.xlsx,./dados/2024_1/salas_2024_1.csv,./dados/2024_1/salas_preferenciais_2024.1.xlsx,/Users/robertdrey/Documents/workspace/development/alocador_de_salas,resultados/experimentos/2024_1/novas_hibridas/combinada_aleatoria/20261002_003719_seed42/melhor.sol,resultados/experimentos/2024_1/novas_hibridas/combinada_aleatoria/20261002_003719_seed42/historico.csv,resultados/experimentos/2024_1/novas_hibridas/combinada_aleatoria/20261002_003719_seed42/historico.json,combinada_aleatoria,cursos_exat_2 + dia_turno_curso,qualquer_melhoria_na_passada,aleatoria_por_passada,42,180.0,1,180.0,600.0,1,0,TEMPO_TOTAL,,,
1,1,203,dia_turno_curso,5_N_MAT,58,12328,82662,OPTIMAL,185264.5,185264.5,False,185264.5,1.44,1.13,600.0,5,N,MAT,alfabetica,,aleatoria_por_passada,42,dia_turno_curso,203,132,True,TEMPO_TOTAL,iteracao,combinada_cursos_exat_2_dia_turno_curso_aleatoria,180.0,180.0,600.0,14400.0,False,False,alfabetica,42,alfabetica,,./dados/2024_1/horarios_2024_1.xlsx,./dados/2024_1/salas_2024_1.csv,./dados/2024_1/salas_preferenciais_2024.1.xlsx,/Users/robertdrey/Documents/workspace/development/alocador_de_salas,resultados/experimentos/2024_1/novas_hibridas/combinada_aleatoria/20261002_003719_seed42/melhor.sol,resultados/experimentos/2024_1/novas_hibridas/combinada_aleatoria/20261002_003719_seed42/historico.csv,resultados/experimentos/2024_1/novas_hibridas/combinada_aleatoria/20261002_003719_seed42/historico.json,combinada_aleatoria,cursos_exat_2 + dia_turno_curso,qualquer_melhoria_na_passada,aleatoria_por_passada,42,180.0,1,180.0,600.0,1,0,TEMPO_TOTAL,,,
1,1,204,par_cursos,CC+FIL,62,13294,81696,OPTIMAL,185264.5,185264.5,False,185264.5,2.8,2.49,600.0,,,,alfabetica,,aleatoria_por_passada,42,cursos_exat_2,204,72,True,TEMPO_TOTAL,iteracao,combinada_cursos_exat_2_dia_turno_curso_aleatoria,180.0,180.0,600.0,14400.0,False,False,alfabetica,42,alfabetica,,./dados/2024_1/horarios_2024_1.xlsx,./dados/2024_1/salas_2024_1.csv,./dados/2024_1/salas_preferenciais_2024.1.xlsx,/Users/robertdrey/Documents/workspace/development/alocador_de_salas,resultados/experimentos/2024_1/novas_hibridas/combinada_aleatoria/20261002_003719_seed42/melhor.sol,resultados/experimentos/2024_1/novas_hibridas/combinada_aleatoria/20261002_003719_seed42/historico.csv,resultados/experimentos/2024_1/novas_hibridas/combinada_aleatoria/20261002_003719_seed42/historico.json,combinada_aleatoria,cursos_exat_2 + dia_turno_curso,qualquer_melhoria_na_passada,aleatoria_por_passada,42,180.0,1,180.0,600.0,1,0,TEMPO_TOTAL,CC,FIL,204
1,1,205,dia_turno_curso,6_N_AGRO,89,16422,78568,OPTIMAL,185264.5,185264.5,False,185264.5,6.07,5.73,600.0,6,N,AGRO,alfabetica,,aleatoria_por_passada,42,dia_turno_curso,205,133,True,TEMPO_TOTAL,iteracao,combinada_cursos_exat_2_dia_turno_curso_aleatoria,180.0,180.0,600.0,14400.0,False,False,alfabetica,42,alfabetica,,./dados/2024_1/horarios_2024_1.xlsx,./dados/2024_1/salas_2024_1.csv,./dados/2024_1/salas_preferenciais_2024.1.xlsx,/Users/robertdrey/Documents/workspace/development/alocador_de_salas,resultados/experimentos/2024_1/novas_hibridas/combinada_aleatoria/20261002_003719_seed42/melhor.sol,resultados/experimentos/2024_1/novas_hibridas/combinada_aleatoria/20261002_003719_seed42/historico.csv,resultados/experimentos/2024_1/novas_hibridas/combinada_aleatoria/20261002_003719_seed42/historico.json,combinada_aleatoria,cursos_exat_2 + dia_turno_curso,qualquer_melhoria_na_passada,aleatoria_por_passada,42,180.0,1,180.0,600.0,1,0,TEMPO_TOTAL,,,
1,1,206,par_cursos,CS+FIL,37,7314,87676,OPTIMAL,185264.5,185264.5,False,185264.5,0.68,0.36,600.0,,,,alfabetica,,aleatoria_por_passada,42,cursos_exat_2,206,73,True,TEMPO_TOTAL,iteracao,combinada_cursos_exat_2_dia_turno_curso_aleatoria,180.0,180.0,600.0,14400.0,False,False,alfabetica,42,alfabetica,,./dados/2024_1/horarios_2024_1.xlsx,./dados/2024_1/salas_2024_1.csv,./dados/2024_1/salas_preferenciais_2024.1.xlsx,/Users/robertdrey/Documents/workspace/development/alocador_de_salas,resultados/experimentos/2024_1/novas_hibridas/combinada_aleatoria/20261002_003719_seed42/melhor.sol,resultados/experimentos/2024_1/novas_hibridas/combinada_aleatoria/20261002_003719_seed42/historico.csv,resultados/experimentos/2024_1/novas_hibridas/combinada_aleatoria/20261002_003719_seed42/historico.json,combinada_aleatoria,cursos_exat_2 + dia_turno_curso,qualquer_melhoria_na_passada,aleatoria_por_passada,42,180.0,1,180.0,600.0,1,0,TEMPO_TOTAL,CS,FIL,206
1,1,207,par_cursos,FIL+GEO,25,4830,90160,OPTIMAL,185264.5,185264.5,False,185264.5,0.61,0.29,600.0,,,,alfabetica,,aleatoria_por_passada,42,cursos_exat_2,207,74,True,TEMPO_TOTAL,iteracao,combinada_cursos_exat_2_dia_turno_curso_aleatoria,180.0,180.0,600.0,14400.0,False,False,alfabetica,42,alfabetica,,./dados/2024_1/horarios_2024_1.xlsx,./dados/2024_1/salas_2024_1.csv,./dados/2024_1/salas_preferenciais_2024.1.xlsx,/Users/robertdrey/Documents/workspace/development/alocador_de_salas,resultados/experimentos/2024_1/novas_hibridas/combinada_aleatoria/20261002_003719_seed42/melhor.sol,resultados/experimentos/2024_1/novas_hibridas/combinada_aleatoria/20261002_003719_seed42/historico.csv,resultados/experimentos/2024_1/novas_hibridas/combinada_aleatoria/20261002_003719_seed42/historico.json,combinada_aleatoria,cursos_exat_2 + dia_turno_curso,qualquer_melhoria_na_passada,aleatoria_por_passada,42,180.0,1,180.0,600.0,1,0,TEMPO_TOTAL,FIL,GEO,207
1,1,208,par_cursos,FIL+PED,71,15548,79442,OPTIMAL,185264.5,185264.5,False,185264.5,36.14,35.82,600.0,,,,alfabetica,,aleatoria_por_passada,42,cursos_exat_2,208,75,True,TEMPO_TOTAL,iteracao,combinada_cursos_exat_2_dia_turno_curso_aleatoria,180.0,180.0,600.0,14400.0,False,False,alfabetica,42,alfabetica,,./dados/2024_1/horarios_2024_1.xlsx,./dados/2024_1/salas_2024_1.csv,./dados/2024_1/salas_preferenciais_2024.1.xlsx,/Users/robertdrey/Documents/workspace/development/alocador_de_salas,resultados/experimentos/2024_1/novas_hibridas/combinada_aleatoria/20261002_003719_seed42/melhor.sol,resultados/experimentos/2024_1/novas_hibridas/combinada_aleatoria/20261002_003719_seed42/historico.csv,resultados/experimentos/2024_1/novas_hibridas/combinada_aleatoria/20261002_003719_seed42/historico.json,combinada_aleatoria,cursos_exat_2 + dia_turno_curso,qualquer_melhoria_na_passada,aleatoria_por_passada,42,180.0,1,180.0,600.0,1,0,TEMPO_TOTAL,FIL,PED,208
1,1,209,par_cursos,HIS+MED,65,14168,80822,OPTIMAL,185264.5,185264.5,False,185264.5,1.09,0.79,600.0,,,,alfabetica,,aleatoria_por_passada,42,cursos_exat_2,209,76,True,TEMPO_TOTAL,iteracao,combinada_cursos_exat_2_dia_turno_curso_aleatoria,180.0,180.0,600.0,14400.0,False,False,alfabetica,42,alfabetica,,./dados/2024_1/horarios_2024_1.xlsx,./dados/2024_1/salas_2024_1.csv,./dados/2024_1/salas_preferenciais_2024.1.xlsx,/Users/robertdrey/Documents/workspace/development/alocador_de_salas,resultados/experimentos/2024_1/novas_hibridas/combinada_aleatoria/20261002_003719_seed42/melhor.sol,resultados/experimentos/2024_1/novas_hibridas/combinada_aleatoria/20261002_003719_seed42/historico.csv,resultados/experimentos/2024_1/novas_hibridas/combinada_aleatoria/20261002_003719_seed42/historico.json,combinada_aleatoria,cursos_exat_2 + dia_turno_curso,qualquer_melhoria_na_passada,aleatoria_por_passada,42,180.0,1,180.0,600.0,1,0,TEMPO_TOTAL,HIS,MED,209
1,1,210,dia_turno_curso,6_N_CC,82,18400,76590,OPTIMAL,185264.5,185264.5,False,185264.5,3.23,2.93,600.0,6,N,CC,alfabetica,,aleatoria_por_passada,42,dia_turno_curso,210,134,True,TEMPO_TOTAL,iteracao,combinada_cursos_exat_2_dia_turno_curso_aleatoria,180.0,180.0,600.0,14400.0,False,False,alfabetica,42,alfabetica,,./dados/2024_1/horarios_2024_1.xlsx,./dados/2024_1/salas_2024_1.csv,./dados/2024_1/salas_preferenciais_2024.1.xlsx,/Users/robertdrey/Documents/workspace/development/alocador_de_salas,resultados/experimentos/2024_1/novas_hibridas/combinada_aleatoria/20261002_003719_seed42/melhor.sol,resultados/experimentos/2024_1/novas_hibridas/combinada_aleatoria/20261002_003719_seed42/historico.csv,resultados/experimentos/2024_1/novas_hibridas/combinada_aleatoria/20261002_003719_seed42/historico.json,combinada_aleatoria,cursos_exat_2 + dia_turno_curso,qualquer_melhoria_na_passada,aleatoria_por_passada,42,180.0,1,180.0,600.0,1,0,TEMPO_TOTAL,,,
1,1,211,par_cursos,ADM+GEO,58,11362,83628,OPTIMAL,185264.5,185264.5,False,185264.5,0.93,0.61,600.0,,,,alfabetica,,aleatoria_por_passada,42,cursos_exat_2,211,77,True,TEMPO_TOTAL,iteracao,combinada_cursos_exat_2_dia_turno_curso_aleatoria,180.0,180.0,600.0,14400.0,False,False,alfabetica,42,alfabetica,,./dados/2024_1/horarios_2024_1.xlsx,./dados/2024_1/salas_2024_1.csv,./dados/2024_1/salas_preferenciais_2024.1.xlsx,/Users/robertdrey/Documents/workspace/development/alocador_de_salas,resultados/experimentos/2024_1/novas_hibridas/combinada_aleatoria/20261002_003719_seed42/melhor.sol,resultados/experimentos/2024_1/novas_hibridas/combinada_aleatoria/20261002_003719_seed42/historico.csv,resultados/experimentos/2024_1/novas_hibridas/combinada_aleatoria/20261002_003719_seed42/historico.json,combinada_aleatoria,cursos_exat_2 + dia_turno_curso,qualquer_melhoria_na_passada,aleatoria_por_passada,42,180.0,1,180.0,600.0,1,0,TEMPO_TOTAL,ADM,GEO,211
1,1,212,par_cursos,CC+HIS,71,15318,79672,OPTIMAL,185264.5,185264.5,False,185264.5,12.75,12.44,600.0,,,,alfabetica,,aleatoria_por_passada,42,cursos_exat_2,212,78,True,TEMPO_TOTAL,iteracao,combinada_cursos_exat_2_dia_turno_curso_aleatoria,180.0,180.0,600.0,14400.0,False,False,alfabetica,42,alfabetica,,./dados/2024_1/horarios_2024_1.xlsx,./dados/2024_1/salas_2024_1.csv,./dados/2024_1/salas_preferenciais_2024.1.xlsx,/Users/robertdrey/Documents/workspace/development/alocador_de_salas,resultados/experimentos/2024_1/novas_hibridas/combinada_aleatoria/20261002_003719_seed42/melhor.sol,resultados/experimentos/2024_1/novas_hibridas/combinada_aleatoria/20261002_003719_seed42/historico.csv,resultados/experimentos/2024_1/novas_hibridas/combinada_aleatoria/20261002_003719_seed42/historico.json,combinada_aleatoria,cursos_exat_2 + dia_turno_curso,qualquer_melhoria_na_passada,aleatoria_por_passada,42,180.0,1,180.0,600.0,1,0,TEMPO_TOTAL,CC,HIS,212
1,1,213,dia_turno_curso,5_T_LET,65,18722,76268,OPTIMAL,185264.5,185264.5,False,185264.5,2.22,1.91,600.0,5,T,LET,alfabetica,,aleatoria_por_passada,42,dia_turno_curso,213,135,True,TEMPO_TOTAL,iteracao,combinada_cursos_exat_2_dia_turno_curso_aleatoria,180.0,180.0,600.0,14400.0,False,False,alfabetica,42,alfabetica,,./dados/2024_1/horarios_2024_1.xlsx,./dados/2024_1/salas_2024_1.csv,./dados/2024_1/salas_preferenciais_2024.1.xlsx,/Users/robertdrey/Documents/workspace/development/alocador_de_salas,resultados/experimentos/2024_1/novas_hibridas/combinada_aleatoria/20261002_003719_seed42/melhor.sol,resultados/experimentos/2024_1/novas_hibridas/combinada_aleatoria/20261002_003719_seed42/historico.csv,resultados/experimentos/2024_1/novas_hibridas/combinada_aleatoria/20261002_003719_seed42/historico.json,combinada_aleatoria,cursos_exat_2 + dia_turno_curso,qualquer_melhoria_na_passada,aleatoria_por_passada,42,180.0,1,180.0,600.0,1,0,TEMPO_TOTAL,,,
1,2,1,par_cursos,EAS+GEO,55,9522,85468,OPTIMAL,185264.5,185264.5,False,185264.5,0.75,0.44,600.0,,,,alfabetica,,aleatoria_por_passada,42,cursos_exat_2,1,1,True,TEMPO_TOTAL,iteracao,combinada_cursos_exat_2_dia_turno_curso_aleatoria,180.0,180.0,600.0,14400.0,False,False,alfabetica,42,alfabetica,,./dados/2024_1/horarios_2024_1.xlsx,./dados/2024_1/salas_2024_1.csv,./dados/2024_1/salas_preferenciais_2024.1.xlsx,/Users/robertdrey/Documents/workspace/development/alocador_de_salas,resultados/experimentos/2024_1/novas_hibridas/combinada_aleatoria/20261002_003719_seed42/melhor.sol,resultados/experimentos/2024_1/novas_hibridas/combinada_aleatoria/20261002_003719_seed42/historico.csv,resultados/experimentos/2024_1/novas_hibridas/combinada_aleatoria/20261002_003719_seed42/historico.json,combinada_aleatoria,cursos_exat_2 + dia_turno_curso,qualquer_melhoria_na_passada,aleatoria_por_passada,42,180.0,1,180.0,600.0,1,0,TEMPO_TOTAL,EAS,GEO,1
1,2,2,dia_turno_curso,4_N_CC,86,19872,75118,OPTIMAL,185264.5,185264.5,False,185264.5,6.15,5.84,600.0,4,N,CC,alfabetica,,aleatoria_por_passada,42,dia_turno_curso,2,1,True,TEMPO_TOTAL,iteracao,combinada_cursos_exat_2_dia_turno_curso_aleatoria,180.0,180.0,600.0,14400.0,False,False,alfabetica,42,alfabetica,,./dados/2024_1/horarios_2024_1.xlsx,./dados/2024_1/salas_2024_1.csv,./dados/2024_1/salas_preferenciais_2024.1.xlsx,/Users/robertdrey/Documents/workspace/development/alocador_de_salas,resultados/experimentos/2024_1/novas_hibridas/combinada_aleatoria/20261002_003719_seed42/melhor.sol,resultados/experimentos/2024_1/novas_hibridas/combinada_aleatoria/20261002_003719_seed42/historico.csv,resultados/experimentos/2024_1/novas_hibridas/combinada_aleatoria/20261002_003719_seed42/historico.json,combinada_aleatoria,cursos_exat_2 + dia_turno_curso,qualquer_melhoria_na_passada,aleatoria_por_passada,42,180.0,1,180.0,600.0,1,0,TEMPO_TOTAL,,,
1,2,3,par_cursos,AGRO+EAS,96,16192,78798,OPTIMAL,185264.5,185264.5,False,185264.5,9.08,8.76,600.0,,,,alfabetica,,aleatoria_por_passada,42,cursos_exat_2,3,2,True,TEMPO_TOTAL,iteracao,combinada_cursos_exat_2_dia_turno_curso_aleatoria,180.0,180.0,600.0,14400.0,False,False,alfabetica,42,alfabetica,,./dados/2024_1/horarios_2024_1.xlsx,./dados/2024_1/salas_2024_1.csv,./dados/2024_1/salas_preferenciais_2024.1.xlsx,/Users/robertdrey/Documents/workspace/development/alocador_de_salas,resultados/experimentos/2024_1/novas_hibridas/combinada_aleatoria/20261002_003719_seed42/melhor.sol,resultados/experimentos/2024_1/novas_hibridas/combinada_aleatoria/20261002_003719_seed42/historico.csv,resultados/experimentos/2024_1/novas_hibridas/combinada_aleatoria/20261002_003719_seed42/historico.json,combinada_aleatoria,cursos_exat_2 + dia_turno_curso,qualquer_melhoria_na_passada,aleatoria_por_passada,42,180.0,1,180.0,600.0,1,0,TEMPO_TOTAL,AGRO,EAS,3
1,2,4,dia_turno_curso,5_T_CC,70,19596,75394,OPTIMAL,185264.5,185264.5,False,185264.5,3.01,2.7,600.0,5,T,CC,alfabetica,,aleatoria_por_passada,42,dia_turno_curso,4,2,True,TEMPO_TOTAL,iteracao,combinada_cursos_exat_2_dia_turno_curso_aleatoria,180.0,180.0,600.0,14400.0,False,False,alfabetica,42,alfabetica,,./dados/2024_1/horarios_2024_1.xlsx,./dados/2024_1/salas_2024_1.csv,./dados/2024_1/salas_preferenciais_2024.1.xlsx,/Users/robertdrey/Documents/workspace/development/alocador_de_salas,resultados/experimentos/2024_1/novas_hibridas/combinada_aleatoria/20261002_003719_seed42/melhor.sol,resultados/experimentos/2024_1/novas_hibridas/combinada_aleatoria/20261002_003719_seed42/historico.csv,resultados/experimentos/2024_1/novas_hibridas/combinada_aleatoria/20261002_003719_seed42/historico.json,combinada_aleatoria,cursos_exat_2 + dia_turno_curso,qualquer_melhoria_na_passada,aleatoria_por_passada,42,180.0,1,180.0,600.0,1,0,TEMPO_TOTAL,,,
1,2,5,dia_turno_curso,3_N_EAS,84,15180,79810,OPTIMAL,185264.5,185264.5,False,185264.5,2.24,1.92,600.0,3,N,EAS,alfabetica,,aleatoria_por_passada,42,dia_turno_curso,5,3,True,TEMPO_TOTAL,iteracao,combinada_cursos_exat_2_dia_turno_curso_aleatoria,180.0,180.0,600.0,14400.0,False,False,alfabetica,42,alfabetica,,./dados/2024_1/horarios_2024_1.xlsx,./dados/2024_1/salas_2024_1.csv,./dados/2024_1/salas_preferenciais_2024.1.xlsx,/Users/robertdrey/Documents/workspace/development/alocador_de_salas,resultados/experimentos/2024_1/novas_hibridas/combinada_aleatoria/20261002_003719_seed42/melhor.sol,resultados/experimentos/2024_1/novas_hibridas/combinada_aleatoria/20261002_003719_seed42/historico.csv,resultados/experimentos/2024_1/novas_hibridas/combinada_aleatoria/20261002_003719_seed42/historico.json,combinada_aleatoria,cursos_exat_2 + dia_turno_curso,qualquer_melhoria_na_passada,aleatoria_por_passada,42,180.0,1,180.0,600.0,1,0,TEMPO_TOTAL,,,
1,2,6,dia_turno_curso,4_M_AGRO,77,17710,77280,OPTIMAL,185264.5,185264.5,False,185264.5,8.86,8.55,600.0,4,M,AGRO,alfabetica,,aleatoria_por_passada,42,dia_turno_curso,6,4,True,TEMPO_TOTAL,iteracao,combinada_cursos_exat_2_dia_turno_curso_aleatoria,180.0,180.0,600.0,14400.0,False,False,alfabetica,42,alfabetica,,./dados/2024_1/horarios_2024_1.xlsx,./dados/2024_1/salas_2024_1.csv,./dados/2024_1/salas_preferenciais_2024.1.xlsx,/Users/robertdrey/Documents/workspace/development/alocador_de_salas,resultados/experimentos/2024_1/novas_hibridas/combinada_aleatoria/20261002_003719_seed42/melhor.sol,resultados/experimentos/2024_1/novas_hibridas/combinada_aleatoria/20261002_003719_seed42/historico.csv,resultados/experimentos/2024_1/novas_hibridas/combinada_aleatoria/20261002_003719_seed42/historico.json,combinada_aleatoria,cursos_exat_2 + dia_turno_curso,qualquer_melhoria_na_passada,aleatoria_por_passada,42,180.0,1,180.0,600.0,1,0,TEMPO_TOTAL,,,
1,2,7,par_cursos,ADM+PED,104,22080,72910,TIME_LIMIT,185264.5,185264.5,False,185264.5,600.5,600.17,600.0,,,,alfabetica,,aleatoria_por_passada,42,cursos_exat_2,7,3,True,TEMPO_TOTAL,iteracao,combinada_cursos_exat_2_dia_turno_curso_aleatoria,180.0,180.0,600.0,14400.0,False,False,alfabetica,42,alfabetica,,./dados/2024_1/horarios_2024_1.xlsx,./dados/2024_1/salas_2024_1.csv,./dados/2024_1/salas_preferenciais_2024.1.xlsx,/Users/robertdrey/Documents/workspace/development/alocador_de_salas,resultados/experimentos/2024_1/novas_hibridas/combinada_aleatoria/20261002_003719_seed42/melhor.sol,resultados/experimentos/2024_1/novas_hibridas/combinada_aleatoria/20261002_003719_seed42/historico.csv,resultados/experimentos/2024_1/novas_hibridas/combinada_aleatoria/20261002_003719_seed42/historico.json,combinada_aleatoria,cursos_exat_2 + dia_turno_curso,qualquer_melhoria_na_passada,aleatoria_por_passada,42,180.0,1,180.0,600.0,1,0,TEMPO_TOTAL,ADM,PED,7
1,2,8,dia_turno_curso,6_M_MED,69,15778,79212,OPTIMAL,185264.5,185264.5,False,185264.5,2.33,1.96,600.0,6,M,MED,alfabetica,,aleatoria_por_passada,42,dia_turno_curso,8,5,True,TEMPO_TOTAL,iteracao,combinada_cursos_exat_2_dia_turno_curso_aleatoria,180.0,180.0,600.0,14400.0,False,False,alfabetica,42,alfabetica,,./dados/2024_1/horarios_2024_1.xlsx,./dados/2024_1/salas_2024_1.csv,./dados/2024_1/salas_preferenciais_2024.1.xlsx,/Users/robertdrey/Documents/workspace/development/alocador_de_salas,resultados/experimentos/2024_1/novas_hibridas/combinada_aleatoria/20261002_003719_seed42/melhor.sol,resultados/experimentos/2024_1/novas_hibridas/combinada_aleatoria/20261002_003719_seed42/historico.csv,resultados/experimentos/2024_1/novas_hibridas/combinada_aleatoria/20261002_003719_seed42/historico.json,combinada_aleatoria,cursos_exat_2 + dia_turno_curso,qualquer_melhoria_na_passada,aleatoria_por_passada,42,180.0,1,180.0,600.0,1,0,TEMPO_TOTAL,,,
1,2,9,par_cursos,FIL+LET,51,11914,83076,OPTIMAL,185264.5,185264.5,False,185264.5,2.3,1.99,600.0,,,,alfabetica,,aleatoria_por_passada,42,cursos_exat_2,9,4,True,TEMPO_TOTAL,iteracao,combinada_cursos_exat_2_dia_turno_curso_aleatoria,180.0,180.0,600.0,14400.0,False,False,alfabetica,42,alfabetica,,./dados/2024_1/horarios_2024_1.xlsx,./dados/2024_1/salas_2024_1.csv,./dados/2024_1/salas_preferenciais_2024.1.xlsx,/Users/robertdrey/Documents/workspace/development/alocador_de_salas,resultados/experimentos/2024_1/novas_hibridas/combinada_aleatoria/20261002_003719_seed42/melhor.sol,resultados/experimentos/2024_1/novas_hibridas/combinada_aleatoria/20261002_003719_seed42/historico.csv,resultados/experimentos/2024_1/novas_hibridas/combinada_aleatoria/20261002_003719_seed42/historico.json,combinada_aleatoria,cursos_exat_2 + dia_turno_curso,qualquer_melhoria_na_passada,aleatoria_por_passada,42,180.0,1,180.0,600.0,1,0,TEMPO_TOTAL,FIL,LET,9
1,2,10,par_cursos,CS+GEO,32,6624,88366,OPTIMAL,185264.5,185264.5,False,185264.5,0.66,0.35,600.0,,,,alfabetica,,aleatoria_por_passada,42,cursos_exat_2,10,5,True,TEMPO_TOTAL,iteracao,combinada_cursos_exat_2_dia_turno_curso_aleatoria,180.0,180.0,600.0,14400.0,False,False,alfabetica,42,alfabetica,,./dados/2024_1/horarios_2024_1.xlsx,./dados/2024_1/salas_2024_1.csv,./dados/2024_1/salas_preferenciais_2024.1.xlsx,/Users/robertdrey/Documents/workspace/development/alocador_de_salas,resultados/experimentos/2024_1/novas_hibridas/combinada_aleatoria/20261002_003719_seed42/melhor.sol,resultados/experimentos/2024_1/novas_hibridas/combinada_aleatoria/20261002_003719_seed42/historico.csv,resultados/experimentos/2024_1/novas_hibridas/combinada_aleatoria/20261002_003719_seed42/historico.json,combinada_aleatoria,cursos_exat_2 + dia_turno_curso,qualquer_melhoria_na_passada,aleatoria_por_passada,42,180.0,1,180.0,600.0,1,0,TEMPO_TOTAL,CS,GEO,10
1,2,11,dia_turno_curso,2_N_MAT,60,13386,81604,OPTIMAL,185264.5,185264.5,False,185264.5,1.87,1.56,600.0,2,N,MAT,alfabetica,,aleatoria_por_passada,42,dia_turno_curso,11,6,True,TEMPO_TOTAL,iteracao,combinada_cursos_exat_2_dia_turno_curso_aleatoria,180.0,180.0,600.0,14400.0,False,False,alfabetica,42,alfabetica,,./dados/2024_1/horarios_2024_1.xlsx,./dados/2024_1/salas_2024_1.csv,./dados/2024_1/salas_preferenciais_2024.1.xlsx,/Users/robertdrey/Documents/workspace/development/alocador_de_salas,resultados/experimentos/2024_1/novas_hibridas/combinada_aleatoria/20261002_003719_seed42/melhor.sol,resultados/experimentos/2024_1/novas_hibridas/combinada_aleatoria/20261002_003719_seed42/historico.csv,resultados/experimentos/2024_1/novas_hibridas/combinada_aleatoria/20261002_003719_seed42/historico.json,combinada_aleatoria,cursos_exat_2 + dia_turno_curso,qualquer_melhoria_na_passada,aleatoria_por_passada,42,180.0,1,180.0,600.0,1,0,TEMPO_TOTAL,,,
1,2,12,par_cursos,ENF+MED,59,17894,77096,OPTIMAL,185264.5,185264.5,False,185264.5,46.82,46.49,600.0,,,,alfabetica,,aleatoria_por_passada,42,cursos_exat_2,12,6,True,TEMPO_TOTAL,iteracao,combinada_cursos_exat_2_dia_turno_curso_aleatoria,180.0,180.0,600.0,14400.0,False,False,alfabetica,42,alfabetica,,./dados/2024_1/horarios_2024_1.xlsx,./dados/2024_1/salas_2024_1.csv,./dados/2024_1/salas_preferenciais_2024.1.xlsx,/Users/robertdrey/Documents/workspace/development/alocador_de_salas,resultados/experimentos/2024_1/novas_hibridas/combinada_aleatoria/20261002_003719_seed42/melhor.sol,resultados/experimentos/2024_1/novas_hibridas/combinada_aleatoria/20261002_003719_seed42/historico.csv,resultados/experimentos/2024_1/novas_hibridas/combinada_aleatoria/20261002_003719_seed42/historico.json,combinada_aleatoria,cursos_exat_2 + dia_turno_curso,qualquer_melhoria_na_passada,aleatoria_por_passada,42,180.0,1,180.0,600.0,1,0,TEMPO_TOTAL,ENF,MED,12
1,2,13,dia_turno_curso,2_M_ENF,51,15548,79442,OPTIMAL,185264.5,185264.5,False,185264.5,5.1,4.77,600.0,2,M,ENF,alfabetica,,aleatoria_por_passada,42,dia_turno_curso,13,7,True,TEMPO_TOTAL,iteracao,combinada_cursos_exat_2_dia_turno_curso_aleatoria,180.0,180.0,600.0,14400.0,False,False,alfabetica,42,alfabetica,,./dados/2024_1/horarios_2024_1.xlsx,./dados/2024_1/salas_2024_1.csv,./dados/2024_1/salas_preferenciais_2024.1.xlsx,/Users/robertdrey/Documents/workspace/development/alocador_de_salas,resultados/experimentos/2024_1/novas_hibridas/combinada_aleatoria/20261002_003719_seed42/melhor.sol,resultados/experimentos/2024_1/novas_hibridas/combinada_aleatoria/20261002_003719_seed42/historico.csv,resultados/experimentos/2024_1/novas_hibridas/combinada_aleatoria/20261002_003719_seed42/historico.json,combinada_aleatoria,cursos_exat_2 + dia_turno_curso,qualquer_melhoria_na_passada,aleatoria_por_passada,42,180.0,1,180.0,600.0,1,0,TEMPO_TOTAL,,,
1,2,14,par_cursos,MAT+MED,64,14352,80638,OPTIMAL,185264.5,185264.5,False,185264.5,1.05,0.74,600.0,,,,alfabetica,,aleatoria_por_passada,42,cursos_exat_2,14,7,True,TEMPO_TOTAL,iteracao,combinada_cursos_exat_2_dia_turno_curso_aleatoria,180.0,180.0,600.0,14400.0,False,False,alfabetica,42,alfabetica,,./dados/2024_1/horarios_2024_1.xlsx,./dados/2024_1/salas_2024_1.csv,./dados/2024_1/salas_preferenciais_2024.1.xlsx,/Users/robertdrey/Documents/workspace/development/alocador_de_salas,resultados/experimentos/2024_1/novas_hibridas/combinada_aleatoria/20261002_003719_seed42/melhor.sol,resultados/experimentos/2024_1/novas_hibridas/combinada_aleatoria/20261002_003719_seed42/historico.csv,resultados/experimentos/2024_1/novas_hibridas/combinada_aleatoria/20261002_003719_seed42/historico.json,combinada_aleatoria,cursos_exat_2 + dia_turno_curso,qualquer_melhoria_na_passada,aleatoria_por_passada,42,180.0,1,180.0,600.0,1,0,TEMPO_TOTAL,MAT,MED,14
1,2,15,dia_turno_curso,7_M_MAT,40,12604,82386,OPTIMAL,185264.5,185264.5,False,185264.5,0.87,0.58,600.0,7,M,MAT,alfabetica,,aleatoria_por_passada,42,dia_turno_curso,15,8,True,TEMPO_TOTAL,iteracao,combinada_cursos_exat_2_dia_turno_curso_aleatoria,180.0,180.0,600.0,14400.0,False,False,alfabetica,42,alfabetica,,./dados/2024_1/horarios_2024_1.xlsx,./dados/2024_1/salas_2024_1.csv,./dados/2024_1/salas_preferenciais_2024.1.xlsx,/Users/robertdrey/Documents/workspace/development/alocador_de_salas,resultados/experimentos/2024_1/novas_hibridas/combinada_aleatoria/20261002_003719_seed42/melhor.sol,resultados/experimentos/2024_1/novas_hibridas/combinada_aleatoria/20261002_003719_seed42/historico.csv,resultados/experimentos/2024_1/novas_hibridas/combinada_aleatoria/20261002_003719_seed42/historico.json,combinada_aleatoria,cursos_exat_2 + dia_turno_curso,qualquer_melhoria_na_passada,aleatoria_por_passada,42,180.0,1,180.0,600.0,1,0,TEMPO_TOTAL,,,
1,2,16,par_cursos,CC+LET,83,19688,75302,OPTIMAL,185264.5,185264.5,False,185264.5,8.72,8.43,600.0,,,,alfabetica,,aleatoria_por_passada,42,cursos_exat_2,16,8,True,TEMPO_TOTAL,iteracao,combinada_cursos_exat_2_dia_turno_curso_aleatoria,180.0,180.0,600.0,14400.0,False,False,alfabetica,42,alfabetica,,./dados/2024_1/horarios_2024_1.xlsx,./dados/2024_1/salas_2024_1.csv,./dados/2024_1/salas_preferenciais_2024.1.xlsx,/Users/robertdrey/Documents/workspace/development/alocador_de_salas,resultados/experimentos/2024_1/novas_hibridas/combinada_aleatoria/20261002_003719_seed42/melhor.sol,resultados/experimentos/2024_1/novas_hibridas/combinada_aleatoria/20261002_003719_seed42/historico.csv,resultados/experimentos/2024_1/novas_hibridas/combinada_aleatoria/20261002_003719_seed42/historico.json,combinada_aleatoria,cursos_exat_2 + dia_turno_curso,qualquer_melhoria_na_passada,aleatoria_por_passada,42,180.0,1,180.0,600.0,1,0,TEMPO_TOTAL,CC,LET,16
1,2,17,par_cursos,EAS+FIL,60,10212,84778,OPTIMAL,185264.5,185264.5,False,185264.5,0.76,0.46,600.0,,,,alfabetica,,aleatoria_por_passada,42,cursos_exat_2,17,9,True,TEMPO_TOTAL,iteracao,combinada_cursos_exat_2_dia_turno_curso_aleatoria,180.0,180.0,600.0,14400.0,False,False,alfabetica,42,alfabetica,,./dados/2024_1/horarios_2024_1.xlsx,./dados/2024_1/salas_2024_1.csv,./dados/2024_1/salas_preferenciais_2024.1.xlsx,/Users/robertdrey/Documents/workspace/development/alocador_de_salas,resultados/experimentos/2024_1/novas_hibridas/combinada_aleatoria/20261002_003719_seed42/melhor.sol,resultados/experimentos/2024_1/novas_hibridas/combinada_aleatoria/20261002_003719_seed42/historico.csv,resultados/experimentos/2024_1/novas_hibridas/combinada_aleatoria/20261002_003719_seed42/historico.json,combinada_aleatoria,cursos_exat_2 + dia_turno_curso,qualquer_melhoria_na_passada,aleatoria_por_passada,42,180.0,1,180.0,600.0,1,0,TEMPO_TOTAL,EAS,FIL,17
1,2,18,dia_turno_curso,5_M_MED,74,19550,75440,OPTIMAL,185264.5,185264.5,False,185264.5,5.72,5.41,600.0,5,M,MED,alfabetica,,aleatoria_por_passada,42,dia_turno_curso,18,9,True,TEMPO_TOTAL,iteracao,combinada_cursos_exat_2_dia_turno_curso_aleatoria,180.0,180.0,600.0,14400.0,False,False,alfabetica,42,alfabetica,,./dados/2024_1/horarios_2024_1.xlsx,./dados/2024_1/salas_2024_1.csv,./dados/2024_1/salas_preferenciais_2024.1.xlsx,/Users/robertdrey/Documents/workspace/development/alocador_de_salas,resultados/experimentos/2024_1/novas_hibridas/combinada_aleatoria/20261002_003719_seed42/melhor.sol,resultados/experimentos/2024_1/novas_hibridas/combinada_aleatoria/20261002_003719_seed42/historico.csv,resultados/experimentos/2024_1/novas_hibridas/combinada_aleatoria/20261002_003719_seed42/historico.json,combinada_aleatoria,cursos_exat_2 + dia_turno_curso,qualquer_melhoria_na_passada,aleatoria_por_passada,42,180.0,1,180.0,600.0,1,0,TEMPO_TOTAL,,,
1,2,19,dia_turno_curso,4_M_ADM,78,19596,75394,OPTIMAL,185264.5,185264.5,False,185264.5,1.95,1.65,600.0,4,M,ADM,alfabetica,,aleatoria_por_passada,42,dia_turno_curso,19,10,True,TEMPO_TOTAL,iteracao,combinada_cursos_exat_2_dia_turno_curso_aleatoria,180.0,180.0,600.0,14400.0,False,False,alfabetica,42,alfabetica,,./dados/2024_1/horarios_2024_1.xlsx,./dados/2024_1/salas_2024_1.csv,./dados/2024_1/salas_preferenciais_2024.1.xlsx,/Users/robertdrey/Documents/workspace/development/alocador_de_salas,resultados/experimentos/2024_1/novas_hibridas/combinada_aleatoria/20261002_003719_seed42/melhor.sol,resultados/experimentos/2024_1/novas_hibridas/combinada_aleatoria/20261002_003719_seed42/historico.csv,resultados/experimentos/2024_1/novas_hibridas/combinada_aleatoria/20261002_003719_seed42/historico.json,combinada_aleatoria,cursos_exat_2 + dia_turno_curso,qualquer_melhoria_na_passada,aleatoria_por_passada,42,180.0,1,180.0,600.0,1,0,TEMPO_TOTAL,,,
1,2,20,dia_turno_curso,2_T_EAS,74,18538,76452,OPTIMAL,185264.5,185264.5,False,185264.5,2.24,1.93,600.0,2,T,EAS,alfabetica,,aleatoria_por_passada,42,dia_turno_curso,20,11,True,TEMPO_TOTAL,iteracao,combinada_cursos_exat_2_dia_turno_curso_aleatoria,180.0,180.0,600.0,14400.0,False,False,alfabetica,42,alfabetica,,./dados/2024_1/horarios_2024_1.xlsx,./dados/2024_1/salas_2024_1.csv,./dados/2024_1/salas_preferenciais_2024.1.xlsx,/Users/robertdrey/Documents/workspace/development/alocador_de_salas,resultados/experimentos/2024_1/novas_hibridas/combinada_aleatoria/20261002_003719_seed42/melhor.sol,resultados/experimentos/2024_1/novas_hibridas/combinada_aleatoria/20261002_003719_seed42/historico.csv,resultados/experimentos/2024_1/novas_hibridas/combinada_aleatoria/20261002_003719_seed42/historico.json,combinada_aleatoria,cursos_exat_2 + dia_turno_curso,qualquer_melhoria_na_passada,aleatoria_por_passada,42,180.0,1,180.0,600.0,1,0,TEMPO_TOTAL,,,
1,2,21,par_cursos,ADM+CS,70,13846,81144,OPTIMAL,185264.5,185264.5,False,185264.5,1.01,0.7,600.0,,,,alfabetica,,aleatoria_por_passada,42,cursos_exat_2,21,10,True,TEMPO_TOTAL,iteracao,combinada_cursos_exat_2_dia_turno_curso_aleatoria,180.0,180.0,600.0,14400.0,False,False,alfabetica,42,alfabetica,,./dados/2024_1/horarios_2024_1.xlsx,./dados/2024_1/salas_2024_1.csv,./dados/2024_1/salas_preferenciais_2024.1.xlsx,/Users/robertdrey/Documents/workspace/development/alocador_de_salas,resultados/experimentos/2024_1/novas_hibridas/combinada_aleatoria/20261002_003719_seed42/melhor.sol,resultados/experimentos/2024_1/novas_hibridas/combinada_aleatoria/20261002_003719_seed42/historico.csv,resultados/experimentos/2024_1/novas_hibridas/combinada_aleatoria/20261002_003719_seed42/historico.json,combinada_aleatoria,cursos_exat_2 + dia_turno_curso,qualquer_melhoria_na_passada,aleatoria_por_passada,42,180.0,1,180.0,600.0,1,0,TEMPO_TOTAL,ADM,CS,21
1,2,22,dia_turno_curso,2_N_GEO,48,10994,83996,OPTIMAL,185264.5,185264.5,False,185264.5,1.88,1.57,600.0,2,N,GEO,alfabetica,,aleatoria_por_passada,42,dia_turno_curso,22,12,True,TEMPO_TOTAL,iteracao,combinada_cursos_exat_2_dia_turno_curso_aleatoria,180.0,180.0,600.0,14400.0,False,False,alfabetica,42,alfabetica,,./dados/2024_1/horarios_2024_1.xlsx,./dados/2024_1/salas_2024_1.csv,./dados/2024_1/salas_preferenciais_2024.1.xlsx,/Users/robertdrey/Documents/workspace/development/alocador_de_salas,resultados/experimentos/2024_1/novas_hibridas/combinada_aleatoria/20261002_003719_seed42/melhor.sol,resultados/experimentos/2024_1/novas_hibridas/combinada_aleatoria/20261002_003719_seed42/historico.csv,resultados/experimentos/2024_1/novas_hibridas/combinada_aleatoria/20261002_003719_seed42/historico.json,combinada_aleatoria,cursos_exat_2 + dia_turno_curso,qualquer_melhoria_na_passada,aleatoria_por_passada,42,180.0,1,180.0,600.0,1,0,TEMPO_TOTAL,,,
1,2,23,dia_turno_curso,6_T_EAS,71,18124,76866,OPTIMAL,185264.5,185264.5,False,185264.5,1.55,1.23,600.0,6,T,EAS,alfabetica,,aleatoria_por_passada,42,dia_turno_curso,23,13,True,TEMPO_TOTAL,iteracao,combinada_cursos_exat_2_dia_turno_curso_aleatoria,180.0,180.0,600.0,14400.0,False,False,alfabetica,42,alfabetica,,./dados/2024_1/horarios_2024_1.xlsx,./dados/2024_1/salas_2024_1.csv,./dados/2024_1/salas_preferenciais_2024.1.xlsx,/Users/robertdrey/Documents/workspace/development/alocador_de_salas,resultados/experimentos/2024_1/novas_hibridas/combinada_aleatoria/20261002_003719_seed42/melhor.sol,resultados/experimentos/2024_1/novas_hibridas/combinada_aleatoria/20261002_003719_seed42/historico.csv,resultados/experimentos/2024_1/novas_hibridas/combinada_aleatoria/20261002_003719_seed42/historico.json,combinada_aleatoria,cursos_exat_2 + dia_turno_curso,qualquer_melhoria_na_passada,aleatoria_por_passada,42,180.0,1,180.0,600.0,1,0,TEMPO_TOTAL,,,
1,2,24,dia_turno_curso,3_N_PED,91,19504,75486,OPTIMAL,185264.5,185264.5,False,185264.5,37.63,37.32,600.0,3,N,PED,alfabetica,,aleatoria_por_passada,42,dia_turno_curso,24,14,True,TEMPO_TOTAL,iteracao,combinada_cursos_exat_2_dia_turno_curso_aleatoria,180.0,180.0,600.0,14400.0,False,False,alfabetica,42,alfabetica,,./dados/2024_1/horarios_2024_1.xlsx,./dados/2024_1/salas_2024_1.csv,./dados/2024_1/salas_preferenciais_2024.1.xlsx,/Users/robertdrey/Documents/workspace/development/alocador_de_salas,resultados/experimentos/2024_1/novas_hibridas/combinada_aleatoria/20261002_003719_seed42/melhor.sol,resultados/experimentos/2024_1/novas_hibridas/combinada_aleatoria/20261002_003719_seed42/historico.csv,resultados/experimentos/2024_1/novas_hibridas/combinada_aleatoria/20261002_003719_seed42/historico.json,combinada_aleatoria,cursos_exat_2 + dia_turno_curso,qualquer_melhoria_na_passada,aleatoria_por_passada,42,180.0,1,180.0,600.0,1,0,TEMPO_TOTAL,,,
1,2,25,dia_turno_curso,3_T_LET,67,19090,75900,OPTIMAL,185264.5,185264.5,False,185264.5,1.97,1.66,600.0,3,T,LET,alfabetica,,aleatoria_por_passada,42,dia_turno_curso,25,15,True,TEMPO_TOTAL,iteracao,combinada_cursos_exat_2_dia_turno_curso_aleatoria,180.0,180.0,600.0,14400.0,False,False,alfabetica,42,alfabetica,,./dados/2024_1/horarios_2024_1.xlsx,./dados/2024_1/salas_2024_1.csv,./dados/2024_1/salas_preferenciais_2024.1.xlsx,/Users/robertdrey/Documents/workspace/development/alocador_de_salas,resultados/experimentos/2024_1/novas_hibridas/combinada_aleatoria/20261002_003719_seed42/melhor.sol,resultados/experimentos/2024_1/novas_hibridas/combinada_aleatoria/20261002_003719_seed42/historico.csv,resultados/experimentos/2024_1/novas_hibridas/combinada_aleatoria/20261002_003719_seed42/historico.json,combinada_aleatoria,cursos_exat_2 + dia_turno_curso,qualquer_melhoria_na_passada,aleatoria_por_passada,42,180.0,1,180.0,600.0,1,0,TEMPO_TOTAL,,,
1,2,26,dia_turno_curso,5_N_MAT,58,12328,82662,OPTIMAL,185264.5,185264.5,False,185264.5,1.45,1.15,600.0,5,N,MAT,alfabetica,,aleatoria_por_passada,42,dia_turno_curso,26,16,True,TEMPO_TOTAL,iteracao,combinada_cursos_exat_2_dia_turno_curso_aleatoria,180.0,180.0,600.0,14400.0,False,False,alfabetica,42,alfabetica,,./dados/2024_1/horarios_2024_1.xlsx,./dados/2024_1/salas_2024_1.csv,./dados/2024_1/salas_preferenciais_2024.1.xlsx,/Users/robertdrey/Documents/workspace/development/alocador_de_salas,resultados/experimentos/2024_1/novas_hibridas/combinada_aleatoria/20261002_003719_seed42/melhor.sol,resultados/experimentos/2024_1/novas_hibridas/combinada_aleatoria/20261002_003719_seed42/historico.csv,resultados/experimentos/2024_1/novas_hibridas/combinada_aleatoria/20261002_003719_seed42/historico.json,combinada_aleatoria,cursos_exat_2 + dia_turno_curso,qualquer_melhoria_na_passada,aleatoria_por_passada,42,180.0,1,180.0,600.0,1,0,TEMPO_TOTAL,,,
1,2,27,dia_turno_curso,4_N_CS,60,13294,81696,OPTIMAL,185264.5,185264.5,False,185264.5,1.76,1.45,600.0,4,N,CS,alfabetica,,aleatoria_por_passada,42,dia_turno_curso,27,17,True,TEMPO_TOTAL,iteracao,combinada_cursos_exat_2_dia_turno_curso_aleatoria,180.0,180.0,600.0,14400.0,False,False,alfabetica,42,alfabetica,,./dados/2024_1/horarios_2024_1.xlsx,./dados/2024_1/salas_2024_1.csv,./dados/2024_1/salas_preferenciais_2024.1.xlsx,/Users/robertdrey/Documents/workspace/development/alocador_de_salas,resultados/experimentos/2024_1/novas_hibridas/combinada_aleatoria/20261002_003719_seed42/melhor.sol,resultados/experimentos/2024_1/novas_hibridas/combinada_aleatoria/20261002_003719_seed42/historico.csv,resultados/experimentos/2024_1/novas_hibridas/combinada_aleatoria/20261002_003719_seed42/historico.json,combinada_aleatoria,cursos_exat_2 + dia_turno_curso,qualquer_melhoria_na_passada,aleatoria_por_passada,42,180.0,1,180.0,600.0,1,0,TEMPO_TOTAL,,,
1,2,28,par_cursos,AGRO+MED,92,18124,76866,TIME_LIMIT,185264.5,185257.5,True,185257.5,600.4,600.05,600.0,,,,alfabetica,,aleatoria_por_passada,42,cursos_exat_2,28,11,True,TEMPO_TOTAL,iteracao,combinada_cursos_exat_2_dia_turno_curso_aleatoria,180.0,180.0,600.0,14400.0,False,False,alfabetica,42,alfabetica,,./dados/2024_1/horarios_2024_1.xlsx,./dados/2024_1/salas_2024_1.csv,./dados/2024_1/salas_preferenciais_2024.1.xlsx,/Users/robertdrey/Documents/workspace/development/alocador_de_salas,resultados/experimentos/2024_1/novas_hibridas/combinada_aleatoria/20261002_003719_seed42/melhor.sol,resultados/experimentos/2024_1/novas_hibridas/combinada_aleatoria/20261002_003719_seed42/historico.csv,resultados/experimentos/2024_1/novas_hibridas/combinada_aleatoria/20261002_003719_seed42/historico.json,combinada_aleatoria,cursos_exat_2 + dia_turno_curso,qualquer_melhoria_na_passada,aleatoria_por_passada,42,180.0,1,180.0,600.0,1,0,TEMPO_TOTAL,AGRO,MED,28
1,2,29,dia_turno_curso,5_T_AGRO,77,18814,76176,OPTIMAL,185257.5,185257.5,False,185257.5,8.82,8.45,600.0,5,T,AGRO,alfabetica,,aleatoria_por_passada,42,dia_turno_curso,29,18,True,TEMPO_TOTAL,iteracao,combinada_cursos_exat_2_dia_turno_curso_aleatoria,180.0,180.0,600.0,14400.0,False,False,alfabetica,42,alfabetica,,./dados/2024_1/horarios_2024_1.xlsx,./dados/2024_1/salas_2024_1.csv,./dados/2024_1/salas_preferenciais_2024.1.xlsx,/Users/robertdrey/Documents/workspace/development/alocador_de_salas,resultados/experimentos/2024_1/novas_hibridas/combinada_aleatoria/20261002_003719_seed42/melhor.sol,resultados/experimentos/2024_1/novas_hibridas/combinada_aleatoria/20261002_003719_seed42/historico.csv,resultados/experimentos/2024_1/novas_hibridas/combinada_aleatoria/20261002_003719_seed42/historico.json,combinada_aleatoria,cursos_exat_2 + dia_turno_curso,qualquer_melhoria_na_passada,aleatoria_por_passada,42,180.0,1,180.0,600.0,1,0,TEMPO_TOTAL,,,
1,2,30,dia_turno_curso,5_N_LET,68,15962,79028,OPTIMAL,185257.5,185257.5,False,185257.5,3.35,3.03,600.0,5,N,LET,alfabetica,,aleatoria_por_passada,42,dia_turno_curso,30,19,True,TEMPO_TOTAL,iteracao,combinada_cursos_exat_2_dia_turno_curso_aleatoria,180.0,180.0,600.0,14400.0,False,False,alfabetica,42,alfabetica,,./dados/2024_1/horarios_2024_1.xlsx,./dados/2024_1/salas_2024_1.csv,./dados/2024_1/salas_preferenciais_2024.1.xlsx,/Users/robertdrey/Documents/workspace/development/alocador_de_salas,resultados/experimentos/2024_1/novas_hibridas/combinada_aleatoria/20261002_003719_seed42/melhor.sol,resultados/experimentos/2024_1/novas_hibridas/combinada_aleatoria/20261002_003719_seed42/historico.csv,resultados/experimentos/2024_1/novas_hibridas/combinada_aleatoria/20261002_003719_seed42/historico.json,combinada_aleatoria,cursos_exat_2 + dia_turno_curso,qualquer_melhoria_na_passada,aleatoria_por_passada,42,180.0,1,180.0,600.0,1,0,TEMPO_TOTAL,,,
1,2,31,dia_turno_curso,7_M_HIS,41,12420,82570,OPTIMAL,185257.5,185257.5,False,185257.5,1.03,0.71,600.0,7,M,HIS,alfabetica,,aleatoria_por_passada,42,dia_turno_curso,31,20,True,TEMPO_TOTAL,iteracao,combinada_cursos_exat_2_dia_turno_curso_aleatoria,180.0,180.0,600.0,14400.0,False,False,alfabetica,42,alfabetica,,./dados/2024_1/horarios_2024_1.xlsx,./dados/2024_1/salas_2024_1.csv,./dados/2024_1/salas_preferenciais_2024.1.xlsx,/Users/robertdrey/Documents/workspace/development/alocador_de_salas,resultados/experimentos/2024_1/novas_hibridas/combinada_aleatoria/20261002_003719_seed42/melhor.sol,resultados/experimentos/2024_1/novas_hibridas/combinada_aleatoria/20261002_003719_seed42/historico.csv,resultados/experimentos/2024_1/novas_hibridas/combinada_aleatoria/20261002_003719_seed42/historico.json,combinada_aleatoria,cursos_exat_2 + dia_turno_curso,qualquer_melhoria_na_passada,aleatoria_por_passada,42,180.0,1,180.0,600.0,1,0,TEMPO_TOTAL,,,
1,2,32,dia_turno_curso,7_M_PED,68,17572,77418,OPTIMAL,185257.5,185257.5,False,185257.5,33.71,33.4,600.0,7,M,PED,alfabetica,,aleatoria_por_passada,42,dia_turno_curso,32,21,True,TEMPO_TOTAL,iteracao,combinada_cursos_exat_2_dia_turno_curso_aleatoria,180.0,180.0,600.0,14400.0,False,False,alfabetica,42,alfabetica,,./dados/2024_1/horarios_2024_1.xlsx,./dados/2024_1/salas_2024_1.csv,./dados/2024_1/salas_preferenciais_2024.1.xlsx,/Users/robertdrey/Documents/workspace/development/alocador_de_salas,resultados/experimentos/2024_1/novas_hibridas/combinada_aleatoria/20261002_003719_seed42/melhor.sol,resultados/experimentos/2024_1/novas_hibridas/combinada_aleatoria/20261002_003719_seed42/historico.csv,resultados/experimentos/2024_1/novas_hibridas/combinada_aleatoria/20261002_003719_seed42/historico.json,combinada_aleatoria,cursos_exat_2 + dia_turno_curso,qualquer_melhoria_na_passada,aleatoria_por_passada,42,180.0,1,180.0,600.0,1,0,TEMPO_TOTAL,,,
1,2,33,par_cursos,ENF+HIS,42,13294,81696,OPTIMAL,185257.5,185257.5,False,185257.5,2.02,1.7,600.0,,,,alfabetica,,aleatoria_por_passada,42,cursos_exat_2,33,12,True,TEMPO_TOTAL,iteracao,combinada_cursos_exat_2_dia_turno_curso_aleatoria,180.0,180.0,600.0,14400.0,False,False,alfabetica,42,alfabetica,,./dados/2024_1/horarios_2024_1.xlsx,./dados/2024_1/salas_2024_1.csv,./dados/2024_1/salas_preferenciais_2024.1.xlsx,/Users/robertdrey/Documents/workspace/development/alocador_de_salas,resultados/experimentos/2024_1/novas_hibridas/combinada_aleatoria/20261002_003719_seed42/melhor.sol,resultados/experimentos/2024_1/novas_hibridas/combinada_aleatoria/20261002_003719_seed42/historico.csv,resultados/experimentos/2024_1/novas_hibridas/combinada_aleatoria/20261002_003719_seed42/historico.json,combinada_aleatoria,cursos_exat_2 + dia_turno_curso,qualquer_melhoria_na_passada,aleatoria_por_passada,42,180.0,1,180.0,600.0,1,0,TEMPO_TOTAL,ENF,HIS,33
1,2,34,dia_turno_curso,6_N_LET,69,16376,78614,OPTIMAL,185257.5,185257.5,False,185257.5,4.29,3.96,600.0,6,N,LET,alfabetica,,aleatoria_por_passada,42,dia_turno_curso,34,22,True,TEMPO_TOTAL,iteracao,combinada_cursos_exat_2_dia_turno_curso_aleatoria,180.0,180.0,600.0,14400.0,False,False,alfabetica,42,alfabetica,,./dados/2024_1/horarios_2024_1.xlsx,./dados/2024_1/salas_2024_1.csv,./dados/2024_1/salas_preferenciais_2024.1.xlsx,/Users/robertdrey/Documents/workspace/development/alocador_de_salas,resultados/experimentos/2024_1/novas_hibridas/combinada_aleatoria/20261002_003719_seed42/melhor.sol,resultados/experimentos/2024_1/novas_hibridas/combinada_aleatoria/20261002_003719_seed42/historico.csv,resultados/experimentos/2024_1/novas_hibridas/combinada_aleatoria/20261002_003719_seed42/historico.json,combinada_aleatoria,cursos_exat_2 + dia_turno_curso,qualquer_melhoria_na_passada,aleatoria_por_passada,42,180.0,1,180.0,600.0,1,0,TEMPO_TOTAL,,,
1,2,35,dia_turno_curso,2_M_ADM,81,18538,76452,OPTIMAL,185257.5,185257.5,False,185257.5,2.01,1.7,600.0,2,M,ADM,alfabetica,,aleatoria_por_passada,42,dia_turno_curso,35,23,True,TEMPO_TOTAL,iteracao,combinada_cursos_exat_2_dia_turno_curso_aleatoria,180.0,180.0,600.0,14400.0,False,False,alfabetica,42,alfabetica,,./dados/2024_1/horarios_2024_1.xlsx,./dados/2024_1/salas_2024_1.csv,./dados/2024_1/salas_preferenciais_2024.1.xlsx,/Users/robertdrey/Documents/workspace/development/alocador_de_salas,resultados/experimentos/2024_1/novas_hibridas/combinada_aleatoria/20261002_003719_seed42/melhor.sol,resultados/experimentos/2024_1/novas_hibridas/combinada_aleatoria/20261002_003719_seed42/historico.csv,resultados/experimentos/2024_1/novas_hibridas/combinada_aleatoria/20261002_003719_seed42/historico.json,combinada_aleatoria,cursos_exat_2 + dia_turno_curso,qualquer_melhoria_na_passada,aleatoria_por_passada,42,180.0,1,180.0,600.0,1,0,TEMPO_TOTAL,,,
1,2,36,dia_turno_curso,5_M_AGRO,80,18492,76498,OPTIMAL,185257.5,185257.5,False,185257.5,9.41,9.09,600.0,5,M,AGRO,alfabetica,,aleatoria_por_passada,42,dia_turno_curso,36,24,True,TEMPO_TOTAL,iteracao,combinada_cursos_exat_2_dia_turno_curso_aleatoria,180.0,180.0,600.0,14400.0,False,False,alfabetica,42,alfabetica,,./dados/2024_1/horarios_2024_1.xlsx,./dados/2024_1/salas_2024_1.csv,./dados/2024_1/salas_preferenciais_2024.1.xlsx,/Users/robertdrey/Documents/workspace/development/alocador_de_salas,resultados/experimentos/2024_1/novas_hibridas/combinada_aleatoria/20261002_003719_seed42/melhor.sol,resultados/experimentos/2024_1/novas_hibridas/combinada_aleatoria/20261002_003719_seed42/historico.csv,resultados/experimentos/2024_1/novas_hibridas/combinada_aleatoria/20261002_003719_seed42/historico.json,combinada_aleatoria,cursos_exat_2 + dia_turno_curso,qualquer_melhoria_na_passada,aleatoria_por_passada,42,180.0,1,180.0,600.0,1,0,TEMPO_TOTAL,,,
1,2,37,dia_turno_curso,4_M_EAS,74,17756,77234,OPTIMAL,185257.5,185257.5,False,185257.5,2.13,1.81,600.0,4,M,EAS,alfabetica,,aleatoria_por_passada,42,dia_turno_curso,37,25,True,TEMPO_TOTAL,iteracao,combinada_cursos_exat_2_dia_turno_curso_aleatoria,180.0,180.0,600.0,14400.0,False,False,alfabetica,42,alfabetica,,./dados/2024_1/horarios_2024_1.xlsx,./dados/2024_1/salas_2024_1.csv,./dados/2024_1/salas_preferenciais_2024.1.xlsx,/Users/robertdrey/Documents/workspace/development/alocador_de_salas,resultados/experimentos/2024_1/novas_hibridas/combinada_aleatoria/20261002_003719_seed42/melhor.sol,resultados/experimentos/2024_1/novas_hibridas/combinada_aleatoria/20261002_003719_seed42/historico.csv,resultados/experimentos/2024_1/novas_hibridas/combinada_aleatoria/20261002_003719_seed42/historico.json,combinada_aleatoria,cursos_exat_2 + dia_turno_curso,qualquer_melhoria_na_passada,aleatoria_por_passada,42,180.0,1,180.0,600.0,1,0,TEMPO_TOTAL,,,
1,2,38,dia_turno_curso,4_T_CC,69,19964,75026,OPTIMAL,185257.5,185257.5,False,185257.5,2.72,2.4,600.0,4,T,CC,alfabetica,,aleatoria_por_passada,42,dia_turno_curso,38,26,True,TEMPO_TOTAL,iteracao,combinada_cursos_exat_2_dia_turno_curso_aleatoria,180.0,180.0,600.0,14400.0,False,False,alfabetica,42,alfabetica,,./dados/2024_1/horarios_2024_1.xlsx,./dados/2024_1/salas_2024_1.csv,./dados/2024_1/salas_preferenciais_2024.1.xlsx,/Users/robertdrey/Documents/workspace/development/alocador_de_salas,resultados/experimentos/2024_1/novas_hibridas/combinada_aleatoria/20261002_003719_seed42/melhor.sol,resultados/experimentos/2024_1/novas_hibridas/combinada_aleatoria/20261002_003719_seed42/historico.csv,resultados/experimentos/2024_1/novas_hibridas/combinada_aleatoria/20261002_003719_seed42/historico.json,combinada_aleatoria,cursos_exat_2 + dia_turno_curso,qualquer_melhoria_na_passada,aleatoria_por_passada,42,180.0,1,180.0,600.0,1,0,TEMPO_TOTAL,,,
1,2,39,dia_turno_curso,7_N_AGRO,53,10028,84962,OPTIMAL,185257.5,185257.5,False,185257.5,4.65,4.31,600.0,7,N,AGRO,alfabetica,,aleatoria_por_passada,42,dia_turno_curso,39,27,True,TEMPO_TOTAL,iteracao,combinada_cursos_exat_2_dia_turno_curso_aleatoria,180.0,180.0,600.0,14400.0,False,False,alfabetica,42,alfabetica,,./dados/2024_1/horarios_2024_1.xlsx,./dados/2024_1/salas_2024_1.csv,./dados/2024_1/salas_preferenciais_2024.1.xlsx,/Users/robertdrey/Documents/workspace/development/alocador_de_salas,resultados/experimentos/2024_1/novas_hibridas/combinada_aleatoria/20261002_003719_seed42/melhor.sol,resultados/experimentos/2024_1/novas_hibridas/combinada_aleatoria/20261002_003719_seed42/historico.csv,resultados/experimentos/2024_1/novas_hibridas/combinada_aleatoria/20261002_003719_seed42/historico.json,combinada_aleatoria,cursos_exat_2 + dia_turno_curso,qualquer_melhoria_na_passada,aleatoria_por_passada,42,180.0,1,180.0,600.0,1,0,TEMPO_TOTAL,,,
1,2,40,dia_turno_curso,5_N_GEO,48,9844,85146,OPTIMAL,185257.5,185257.5,False,185257.5,1.49,1.16,600.0,5,N,GEO,alfabetica,,aleatoria_por_passada,42,dia_turno_curso,40,28,True,TEMPO_TOTAL,iteracao,combinada_cursos_exat_2_dia_turno_curso_aleatoria,180.0,180.0,600.0,14400.0,False,False,alfabetica,42,alfabetica,,./dados/2024_1/horarios_2024_1.xlsx,./dados/2024_1/salas_2024_1.csv,./dados/2024_1/salas_preferenciais_2024.1.xlsx,/Users/robertdrey/Documents/workspace/development/alocador_de_salas,resultados/experimentos/2024_1/novas_hibridas/combinada_aleatoria/20261002_003719_seed42/melhor.sol,resultados/experimentos/2024_1/novas_hibridas/combinada_aleatoria/20261002_003719_seed42/historico.csv,resultados/experimentos/2024_1/novas_hibridas/combinada_aleatoria/20261002_003719_seed42/historico.json,combinada_aleatoria,cursos_exat_2 + dia_turno_curso,qualquer_melhoria_na_passada,aleatoria_por_passada,42,180.0,1,180.0,600.0,1,0,TEMPO_TOTAL,,,
1,2,41,par_cursos,EAS+MAT,68,12420,82570,OPTIMAL,185257.5,185257.5,False,185257.5,1.31,0.97,600.0,,,,alfabetica,,aleatoria_por_passada,42,cursos_exat_2,41,13,True,TEMPO_TOTAL,iteracao,combinada_cursos_exat_2_dia_turno_curso_aleatoria,180.0,180.0,600.0,14400.0,False,False,alfabetica,42,alfabetica,,./dados/2024_1/horarios_2024_1.xlsx,./dados/2024_1/salas_2024_1.csv,./dados/2024_1/salas_preferenciais_2024.1.xlsx,/Users/robertdrey/Documents/workspace/development/alocador_de_salas,resultados/experimentos/2024_1/novas_hibridas/combinada_aleatoria/20261002_003719_seed42/melhor.sol,resultados/experimentos/2024_1/novas_hibridas/combinada_aleatoria/20261002_003719_seed42/historico.csv,resultados/experimentos/2024_1/novas_hibridas/combinada_aleatoria/20261002_003719_seed42/historico.json,combinada_aleatoria,cursos_exat_2 + dia_turno_curso,qualquer_melhoria_na_passada,aleatoria_por_passada,42,180.0,1,180.0,600.0,1,0,TEMPO_TOTAL,EAS,MAT,41
1,2,42,dia_turno_curso,5_M_ENF,51,15732,79258,OPTIMAL,185257.5,185257.5,False,185257.5,6.04,5.69,600.0,5,M,ENF,alfabetica,,aleatoria_por_passada,42,dia_turno_curso,42,29,True,TEMPO_TOTAL,iteracao,combinada_cursos_exat_2_dia_turno_curso_aleatoria,180.0,180.0,600.0,14400.0,False,False,alfabetica,42,alfabetica,,./dados/2024_1/horarios_2024_1.xlsx,./dados/2024_1/salas_2024_1.csv,./dados/2024_1/salas_preferenciais_2024.1.xlsx,/Users/robertdrey/Documents/workspace/development/alocador_de_salas,resultados/experimentos/2024_1/novas_hibridas/combinada_aleatoria/20261002_003719_seed42/melhor.sol,resultados/experimentos/2024_1/novas_hibridas/combinada_aleatoria/20261002_003719_seed42/historico.csv,resultados/experimentos/2024_1/novas_hibridas/combinada_aleatoria/20261002_003719_seed42/historico.json,combinada_aleatoria,cursos_exat_2 + dia_turno_curso,qualquer_melhoria_na_passada,aleatoria_por_passada,42,180.0,1,180.0,600.0,1,0,TEMPO_TOTAL,,,
1,2,43,dia_turno_curso,4_M_PED,86,23092,71898,OPTIMAL,185257.5,185257.5,False,185257.5,17.06,16.75,600.0,4,M,PED,alfabetica,,aleatoria_por_passada,42,dia_turno_curso,43,30,True,TEMPO_TOTAL,iteracao,combinada_cursos_exat_2_dia_turno_curso_aleatoria,180.0,180.0,600.0,14400.0,False,False,alfabetica,42,alfabetica,,./dados/2024_1/horarios_2024_1.xlsx,./dados/2024_1/salas_2024_1.csv,./dados/2024_1/salas_preferenciais_2024.1.xlsx,/Users/robertdrey/Documents/workspace/development/alocador_de_salas,resultados/experimentos/2024_1/novas_hibridas/combinada_aleatoria/20261002_003719_seed42/melhor.sol,resultados/experimentos/2024_1/novas_hibridas/combinada_aleatoria/20261002_003719_seed42/historico.csv,resultados/experimentos/2024_1/novas_hibridas/combinada_aleatoria/20261002_003719_seed42/historico.json,combinada_aleatoria,cursos_exat_2 + dia_turno_curso,qualquer_melhoria_na_passada,aleatoria_por_passada,42,180.0,1,180.0,600.0,1,0,TEMPO_TOTAL,,,
1,2,44,dia_turno_curso,6_N_EAS,83,15456,79534,OPTIMAL,185257.5,185257.5,False,185257.5,1.74,1.44,600.0,6,N,EAS,alfabetica,,aleatoria_por_passada,42,dia_turno_curso,44,31,True,TEMPO_TOTAL,iteracao,combinada_cursos_exat_2_dia_turno_curso_aleatoria,180.0,180.0,600.0,14400.0,False,False,alfabetica,42,alfabetica,,./dados/2024_1/horarios_2024_1.xlsx,./dados/2024_1/salas_2024_1.csv,./dados/2024_1/salas_preferenciais_2024.1.xlsx,/Users/robertdrey/Documents/workspace/development/alocador_de_salas,resultados/experimentos/2024_1/novas_hibridas/combinada_aleatoria/20261002_003719_seed42/melhor.sol,resultados/experimentos/2024_1/novas_hibridas/combinada_aleatoria/20261002_003719_seed42/historico.csv,resultados/experimentos/2024_1/novas_hibridas/combinada_aleatoria/20261002_003719_seed42/historico.json,combinada_aleatoria,cursos_exat_2 + dia_turno_curso,qualquer_melhoria_na_passada,aleatoria_por_passada,42,180.0,1,180.0,600.0,1,0,TEMPO_TOTAL,,,
1,2,45,dia_turno_curso,2_M_PED,88,21574,73416,OPTIMAL,185257.5,185257.5,False,185257.5,62.5,62.2,600.0,2,M,PED,alfabetica,,aleatoria_por_passada,42,dia_turno_curso,45,32,True,TEMPO_TOTAL,iteracao,combinada_cursos_exat_2_dia_turno_curso_aleatoria,180.0,180.0,600.0,14400.0,False,False,alfabetica,42,alfabetica,,./dados/2024_1/horarios_2024_1.xlsx,./dados/2024_1/salas_2024_1.csv,./dados/2024_1/salas_preferenciais_2024.1.xlsx,/Users/robertdrey/Documents/workspace/development/alocador_de_salas,resultados/experimentos/2024_1/novas_hibridas/combinada_aleatoria/20261002_003719_seed42/melhor.sol,resultados/experimentos/2024_1/novas_hibridas/combinada_aleatoria/20261002_003719_seed42/historico.csv,resultados/experimentos/2024_1/novas_hibridas/combinada_aleatoria/20261002_003719_seed42/historico.json,combinada_aleatoria,cursos_exat_2 + dia_turno_curso,qualquer_melhoria_na_passada,aleatoria_por_passada,42,180.0,1,180.0,600.0,1,0,TEMPO_TOTAL,,,
1,2,46,par_cursos,CS+PED,78,17342,77648,OPTIMAL,185257.5,185257.5,False,185257.5,176.66,176.35,600.0,,,,alfabetica,,aleatoria_por_passada,42,cursos_exat_2,46,14,True,TEMPO_TOTAL,iteracao,combinada_cursos_exat_2_dia_turno_curso_aleatoria,180.0,180.0,600.0,14400.0,False,False,alfabetica,42,alfabetica,,./dados/2024_1/horarios_2024_1.xlsx,./dados/2024_1/salas_2024_1.csv,./dados/2024_1/salas_preferenciais_2024.1.xlsx,/Users/robertdrey/Documents/workspace/development/alocador_de_salas,resultados/experimentos/2024_1/novas_hibridas/combinada_aleatoria/20261002_003719_seed42/melhor.sol,resultados/experimentos/2024_1/novas_hibridas/combinada_aleatoria/20261002_003719_seed42/historico.csv,resultados/experimentos/2024_1/novas_hibridas/combinada_aleatoria/20261002_003719_seed42/historico.json,combinada_aleatoria,cursos_exat_2 + dia_turno_curso,qualquer_melhoria_na_passada,aleatoria_por_passada,42,180.0,1,180.0,600.0,1,0,TEMPO_TOTAL,CS,PED,46
1,2,47,par_cursos,CS+MAT,45,9522,85468,OPTIMAL,185257.5,185257.5,False,185257.5,0.83,0.51,600.0,,,,alfabetica,,aleatoria_por_passada,42,cursos_exat_2,47,15,True,TEMPO_TOTAL,iteracao,combinada_cursos_exat_2_dia_turno_curso_aleatoria,180.0,180.0,600.0,14400.0,False,False,alfabetica,42,alfabetica,,./dados/2024_1/horarios_2024_1.xlsx,./dados/2024_1/salas_2024_1.csv,./dados/2024_1/salas_preferenciais_2024.1.xlsx,/Users/robertdrey/Documents/workspace/development/alocador_de_salas,resultados/experimentos/2024_1/novas_hibridas/combinada_aleatoria/20261002_003719_seed42/melhor.sol,resultados/experimentos/2024_1/novas_hibridas/combinada_aleatoria/20261002_003719_seed42/historico.csv,resultados/experimentos/2024_1/novas_hibridas/combinada_aleatoria/20261002_003719_seed42/historico.json,combinada_aleatoria,cursos_exat_2 + dia_turno_curso,qualquer_melhoria_na_passada,aleatoria_por_passada,42,180.0,1,180.0,600.0,1,0,TEMPO_TOTAL,CS,MAT,47
1,2,48,dia_turno_curso,3_N_ADM,84,16468,78522,OPTIMAL,185257.5,185257.5,False,185257.5,2.16,1.85,600.0,3,N,ADM,alfabetica,,aleatoria_por_passada,42,dia_turno_curso,48,33,True,TEMPO_TOTAL,iteracao,combinada_cursos_exat_2_dia_turno_curso_aleatoria,180.0,180.0,600.0,14400.0,False,False,alfabetica,42,alfabetica,,./dados/2024_1/horarios_2024_1.xlsx,./dados/2024_1/salas_2024_1.csv,./dados/2024_1/salas_preferenciais_2024.1.xlsx,/Users/robertdrey/Documents/workspace/development/alocador_de_salas,resultados/experimentos/2024_1/novas_hibridas/combinada_aleatoria/20261002_003719_seed42/melhor.sol,resultados/experimentos/2024_1/novas_hibridas/combinada_aleatoria/20261002_003719_seed42/historico.csv,resultados/experimentos/2024_1/novas_hibridas/combinada_aleatoria/20261002_003719_seed42/historico.json,combinada_aleatoria,cursos_exat_2 + dia_turno_curso,qualquer_melhoria_na_passada,aleatoria_por_passada,42,180.0,1,180.0,600.0,1,0,TEMPO_TOTAL,,,
1,2,49,par_cursos,EAS+HIS,69,12236,82754,OPTIMAL,185257.5,185257.5,False,185257.5,0.92,0.61,600.0,,,,alfabetica,,aleatoria_por_passada,42,cursos_exat_2,49,16,True,TEMPO_TOTAL,iteracao,combinada_cursos_exat_2_dia_turno_curso_aleatoria,180.0,180.0,600.0,14400.0,False,False,alfabetica,42,alfabetica,,./dados/2024_1/horarios_2024_1.xlsx,./dados/2024_1/salas_2024_1.csv,./dados/2024_1/salas_preferenciais_2024.1.xlsx,/Users/robertdrey/Documents/workspace/development/alocador_de_salas,resultados/experimentos/2024_1/novas_hibridas/combinada_aleatoria/20261002_003719_seed42/melhor.sol,resultados/experimentos/2024_1/novas_hibridas/combinada_aleatoria/20261002_003719_seed42/historico.csv,resultados/experimentos/2024_1/novas_hibridas/combinada_aleatoria/20261002_003719_seed42/historico.json,combinada_aleatoria,cursos_exat_2 + dia_turno_curso,qualquer_melhoria_na_passada,aleatoria_por_passada,42,180.0,1,180.0,600.0,1,0,TEMPO_TOTAL,EAS,HIS,49
1,2,50,dia_turno_curso,5_T_LET,65,18722,76268,OPTIMAL,185257.5,185257.5,False,185257.5,2.65,2.34,600.0,5,T,LET,alfabetica,,aleatoria_por_passada,42,dia_turno_curso,50,34,True,TEMPO_TOTAL,iteracao,combinada_cursos_exat_2_dia_turno_curso_aleatoria,180.0,180.0,600.0,14400.0,False,False,alfabetica,42,alfabetica,,./dados/2024_1/horarios_2024_1.xlsx,./dados/2024_1/salas_2024_1.csv,./dados/2024_1/salas_preferenciais_2024.1.xlsx,/Users/robertdrey/Documents/workspace/development/alocador_de_salas,resultados/experimentos/2024_1/novas_hibridas/combinada_aleatoria/20261002_003719_seed42/melhor.sol,resultados/experimentos/2024_1/novas_hibridas/combinada_aleatoria/20261002_003719_seed42/historico.csv,resultados/experimentos/2024_1/novas_hibridas/combinada_aleatoria/20261002_003719_seed42/historico.json,combinada_aleatoria,cursos_exat_2 + dia_turno_curso,qualquer_melhoria_na_passada,aleatoria_por_passada,42,180.0,1,180.0,600.0,1,0,TEMPO_TOTAL,,,
1,2,51,par_cursos,CC+HIS,71,15318,79672,OPTIMAL,185257.5,185257.5,False,185257.5,3.01,2.69,600.0,,,,alfabetica,,aleatoria_por_passada,42,cursos_exat_2,51,17,True,TEMPO_TOTAL,iteracao,combinada_cursos_exat_2_dia_turno_curso_aleatoria,180.0,180.0,600.0,14400.0,False,False,alfabetica,42,alfabetica,,./dados/2024_1/horarios_2024_1.xlsx,./dados/2024_1/salas_2024_1.csv,./dados/2024_1/salas_preferenciais_2024.1.xlsx,/Users/robertdrey/Documents/workspace/development/alocador_de_salas,resultados/experimentos/2024_1/novas_hibridas/combinada_aleatoria/20261002_003719_seed42/melhor.sol,resultados/experimentos/2024_1/novas_hibridas/combinada_aleatoria/20261002_003719_seed42/historico.csv,resultados/experimentos/2024_1/novas_hibridas/combinada_aleatoria/20261002_003719_seed42/historico.json,combinada_aleatoria,cursos_exat_2 + dia_turno_curso,qualquer_melhoria_na_passada,aleatoria_por_passada,42,180.0,1,180.0,600.0,1,0,TEMPO_TOTAL,CC,HIS,51
1,2,52,dia_turno_curso,2_M_MED,74,18078,76912,OPTIMAL,185257.5,185257.5,False,185257.5,2.66,2.34,600.0,2,M,MED,alfabetica,,aleatoria_por_passada,42,dia_turno_curso,52,35,True,TEMPO_TOTAL,iteracao,combinada_cursos_exat_2_dia_turno_curso_aleatoria,180.0,180.0,600.0,14400.0,False,False,alfabetica,42,alfabetica,,./dados/2024_1/horarios_2024_1.xlsx,./dados/2024_1/salas_2024_1.csv,./dados/2024_1/salas_preferenciais_2024.1.xlsx,/Users/robertdrey/Documents/workspace/development/alocador_de_salas,resultados/experimentos/2024_1/novas_hibridas/combinada_aleatoria/20261002_003719_seed42/melhor.sol,resultados/experimentos/2024_1/novas_hibridas/combinada_aleatoria/20261002_003719_seed42/historico.csv,resultados/experimentos/2024_1/novas_hibridas/combinada_aleatoria/20261002_003719_seed42/historico.json,combinada_aleatoria,cursos_exat_2 + dia_turno_curso,qualquer_melhoria_na_passada,aleatoria_por_passada,42,180.0,1,180.0,600.0,1,0,TEMPO_TOTAL,,,
1,2,53,dia_turno_curso,6_N_FIL,51,10810,84180,OPTIMAL,185257.5,185257.5,False,185257.5,1.83,1.51,600.0,6,N,FIL,alfabetica,,aleatoria_por_passada,42,dia_turno_curso,53,36,True,TEMPO_TOTAL,iteracao,combinada_cursos_exat_2_dia_turno_curso_aleatoria,180.0,180.0,600.0,14400.0,False,False,alfabetica,42,alfabetica,,./dados/2024_1/horarios_2024_1.xlsx,./dados/2024_1/salas_2024_1.csv,./dados/2024_1/salas_preferenciais_2024.1.xlsx,/Users/robertdrey/Documents/workspace/development/alocador_de_salas,resultados/experimentos/2024_1/novas_hibridas/combinada_aleatoria/20261002_003719_seed42/melhor.sol,resultados/experimentos/2024_1/novas_hibridas/combinada_aleatoria/20261002_003719_seed42/historico.csv,resultados/experimentos/2024_1/novas_hibridas/combinada_aleatoria/20261002_003719_seed42/historico.json,combinada_aleatoria,cursos_exat_2 + dia_turno_curso,qualquer_melhoria_na_passada,aleatoria_por_passada,42,180.0,1,180.0,600.0,1,0,TEMPO_TOTAL,,,
1,2,54,dia_turno_curso,2_N_EAS,85,16376,78614,OPTIMAL,185257.5,185257.5,False,185257.5,1.78,1.47,600.0,2,N,EAS,alfabetica,,aleatoria_por_passada,42,dia_turno_curso,54,37,True,TEMPO_TOTAL,iteracao,combinada_cursos_exat_2_dia_turno_curso_aleatoria,180.0,180.0,600.0,14400.0,False,False,alfabetica,42,alfabetica,,./dados/2024_1/horarios_2024_1.xlsx,./dados/2024_1/salas_2024_1.csv,./dados/2024_1/salas_preferenciais_2024.1.xlsx,/Users/robertdrey/Documents/workspace/development/alocador_de_salas,resultados/experimentos/2024_1/novas_hibridas/combinada_aleatoria/20261002_003719_seed42/melhor.sol,resultados/experimentos/2024_1/novas_hibridas/combinada_aleatoria/20261002_003719_seed42/historico.csv,resultados/experimentos/2024_1/novas_hibridas/combinada_aleatoria/20261002_003719_seed42/historico.json,combinada_aleatoria,cursos_exat_2 + dia_turno_curso,qualquer_melhoria_na_passada,aleatoria_por_passada,42,180.0,1,180.0,600.0,1,0,TEMPO_TOTAL,,,
1,2,55,dia_turno_curso,3_N_MAT,58,11960,83030,OPTIMAL,185257.5,185257.5,False,185257.5,2.41,2.11,600.0,3,N,MAT,alfabetica,,aleatoria_por_passada,42,dia_turno_curso,55,38,True,TEMPO_TOTAL,iteracao,combinada_cursos_exat_2_dia_turno_curso_aleatoria,180.0,180.0,600.0,14400.0,False,False,alfabetica,42,alfabetica,,./dados/2024_1/horarios_2024_1.xlsx,./dados/2024_1/salas_2024_1.csv,./dados/2024_1/salas_preferenciais_2024.1.xlsx,/Users/robertdrey/Documents/workspace/development/alocador_de_salas,resultados/experimentos/2024_1/novas_hibridas/combinada_aleatoria/20261002_003719_seed42/melhor.sol,resultados/experimentos/2024_1/novas_hibridas/combinada_aleatoria/20261002_003719_seed42/historico.csv,resultados/experimentos/2024_1/novas_hibridas/combinada_aleatoria/20261002_003719_seed42/historico.json,combinada_aleatoria,cursos_exat_2 + dia_turno_curso,qualquer_melhoria_na_passada,aleatoria_por_passada,42,180.0,1,180.0,600.0,1,0,TEMPO_TOTAL,,,
1,2,56,dia_turno_curso,4_N_PED,93,21160,73830,OPTIMAL,185257.5,185257.5,False,185257.5,45.94,45.63,600.0,4,N,PED,alfabetica,,aleatoria_por_passada,42,dia_turno_curso,56,39,True,TEMPO_TOTAL,iteracao,combinada_cursos_exat_2_dia_turno_curso_aleatoria,180.0,180.0,600.0,14400.0,False,False,alfabetica,42,alfabetica,,./dados/2024_1/horarios_2024_1.xlsx,./dados/2024_1/salas_2024_1.csv,./dados/2024_1/salas_preferenciais_2024.1.xlsx,/Users/robertdrey/Documents/workspace/development/alocador_de_salas,resultados/experimentos/2024_1/novas_hibridas/combinada_aleatoria/20261002_003719_seed42/melhor.sol,resultados/experimentos/2024_1/novas_hibridas/combinada_aleatoria/20261002_003719_seed42/historico.csv,resultados/experimentos/2024_1/novas_hibridas/combinada_aleatoria/20261002_003719_seed42/historico.json,combinada_aleatoria,cursos_exat_2 + dia_turno_curso,qualquer_melhoria_na_passada,aleatoria_por_passada,42,180.0,1,180.0,600.0,1,0,TEMPO_TOTAL,,,
1,2,57,par_cursos,AGRO+PED,107,21528,73462,OPTIMAL,185257.5,185257.5,False,185257.5,65.29,64.98,600.0,,,,alfabetica,,aleatoria_por_passada,42,cursos_exat_2,57,18,True,TEMPO_TOTAL,iteracao,combinada_cursos_exat_2_dia_turno_curso_aleatoria,180.0,180.0,600.0,14400.0,False,False,alfabetica,42,alfabetica,,./dados/2024_1/horarios_2024_1.xlsx,./dados/2024_1/salas_2024_1.csv,./dados/2024_1/salas_preferenciais_2024.1.xlsx,/Users/robertdrey/Documents/workspace/development/alocador_de_salas,resultados/experimentos/2024_1/novas_hibridas/combinada_aleatoria/20261002_003719_seed42/melhor.sol,resultados/experimentos/2024_1/novas_hibridas/combinada_aleatoria/20261002_003719_seed42/historico.csv,resultados/experimentos/2024_1/novas_hibridas/combinada_aleatoria/20261002_003719_seed42/historico.json,combinada_aleatoria,cursos_exat_2 + dia_turno_curso,qualquer_melhoria_na_passada,aleatoria_por_passada,42,180.0,1,180.0,600.0,1,0,TEMPO_TOTAL,AGRO,PED,57
1,2,58,dia_turno_curso,5_M_PED,89,23230,71760,OPTIMAL,185257.5,185257.5,False,185257.5,30.99,30.69,600.0,5,M,PED,alfabetica,,aleatoria_por_passada,42,dia_turno_curso,58,40,True,TEMPO_TOTAL,iteracao,combinada_cursos_exat_2_dia_turno_curso_aleatoria,180.0,180.0,600.0,14400.0,False,False,alfabetica,42,alfabetica,,./dados/2024_1/horarios_2024_1.xlsx,./dados/2024_1/salas_2024_1.csv,./dados/2024_1/salas_preferenciais_2024.1.xlsx,/Users/robertdrey/Documents/workspace/development/alocador_de_salas,resultados/experimentos/2024_1/novas_hibridas/combinada_aleatoria/20261002_003719_seed42/melhor.sol,resultados/experimentos/2024_1/novas_hibridas/combinada_aleatoria/20261002_003719_seed42/historico.csv,resultados/experimentos/2024_1/novas_hibridas/combinada_aleatoria/20261002_003719_seed42/historico.json,combinada_aleatoria,cursos_exat_2 + dia_turno_curso,qualquer_melhoria_na_passada,aleatoria_por_passada,42,180.0,1,180.0,600.0,1,0,TEMPO_TOTAL,,,
1,2,59,par_cursos,HIS+MED,65,14168,80822,OPTIMAL,185257.5,185257.5,False,185257.5,1.13,0.82,600.0,,,,alfabetica,,aleatoria_por_passada,42,cursos_exat_2,59,19,True,TEMPO_TOTAL,iteracao,combinada_cursos_exat_2_dia_turno_curso_aleatoria,180.0,180.0,600.0,14400.0,False,False,alfabetica,42,alfabetica,,./dados/2024_1/horarios_2024_1.xlsx,./dados/2024_1/salas_2024_1.csv,./dados/2024_1/salas_preferenciais_2024.1.xlsx,/Users/robertdrey/Documents/workspace/development/alocador_de_salas,resultados/experimentos/2024_1/novas_hibridas/combinada_aleatoria/20261002_003719_seed42/melhor.sol,resultados/experimentos/2024_1/novas_hibridas/combinada_aleatoria/20261002_003719_seed42/historico.csv,resultados/experimentos/2024_1/novas_hibridas/combinada_aleatoria/20261002_003719_seed42/historico.json,combinada_aleatoria,cursos_exat_2 + dia_turno_curso,qualquer_melhoria_na_passada,aleatoria_por_passada,42,180.0,1,180.0,600.0,1,0,TEMPO_TOTAL,HIS,MED,59
1,2,60,par_cursos,CC+PED,103,23322,71668,OPTIMAL,185257.5,185257.5,False,185257.5,95.14,94.84,600.0,,,,alfabetica,,aleatoria_por_passada,42,cursos_exat_2,60,20,True,TEMPO_TOTAL,iteracao,combinada_cursos_exat_2_dia_turno_curso_aleatoria,180.0,180.0,600.0,14400.0,False,False,alfabetica,42,alfabetica,,./dados/2024_1/horarios_2024_1.xlsx,./dados/2024_1/salas_2024_1.csv,./dados/2024_1/salas_preferenciais_2024.1.xlsx,/Users/robertdrey/Documents/workspace/development/alocador_de_salas,resultados/experimentos/2024_1/novas_hibridas/combinada_aleatoria/20261002_003719_seed42/melhor.sol,resultados/experimentos/2024_1/novas_hibridas/combinada_aleatoria/20261002_003719_seed42/historico.csv,resultados/experimentos/2024_1/novas_hibridas/combinada_aleatoria/20261002_003719_seed42/historico.json,combinada_aleatoria,cursos_exat_2 + dia_turno_curso,qualquer_melhoria_na_passada,aleatoria_por_passada,42,180.0,1,180.0,600.0,1,0,TEMPO_TOTAL,CC,PED,60
1,2,61,dia_turno_curso,5_N_MED,78,16928,78062,OPTIMAL,185257.5,185257.5,False,185257.5,2.15,1.85,600.0,5,N,MED,alfabetica,,aleatoria_por_passada,42,dia_turno_curso,61,41,True,TEMPO_TOTAL,iteracao,combinada_cursos_exat_2_dia_turno_curso_aleatoria,180.0,180.0,600.0,14400.0,False,False,alfabetica,42,alfabetica,,./dados/2024_1/horarios_2024_1.xlsx,./dados/2024_1/salas_2024_1.csv,./dados/2024_1/salas_preferenciais_2024.1.xlsx,/Users/robertdrey/Documents/workspace/development/alocador_de_salas,resultados/experimentos/2024_1/novas_hibridas/combinada_aleatoria/20261002_003719_seed42/melhor.sol,resultados/experimentos/2024_1/novas_hibridas/combinada_aleatoria/20261002_003719_seed42/historico.csv,resultados/experimentos/2024_1/novas_hibridas/combinada_aleatoria/20261002_003719_seed42/historico.json,combinada_aleatoria,cursos_exat_2 + dia_turno_curso,qualquer_melhoria_na_passada,aleatoria_por_passada,42,180.0,1,180.0,600.0,1,0,TEMPO_TOTAL,,,
1,2,62,par_cursos,CS+ENF,40,13064,81926,OPTIMAL,185257.5,185257.5,False,185257.5,2.3,1.98,600.0,,,,alfabetica,,aleatoria_por_passada,42,cursos_exat_2,62,21,True,TEMPO_TOTAL,iteracao,combinada_cursos_exat_2_dia_turno_curso_aleatoria,180.0,180.0,600.0,14400.0,False,False,alfabetica,42,alfabetica,,./dados/2024_1/horarios_2024_1.xlsx,./dados/2024_1/salas_2024_1.csv,./dados/2024_1/salas_preferenciais_2024.1.xlsx,/Users/robertdrey/Documents/workspace/development/alocador_de_salas,resultados/experimentos/2024_1/novas_hibridas/combinada_aleatoria/20261002_003719_seed42/melhor.sol,resultados/experimentos/2024_1/novas_hibridas/combinada_aleatoria/20261002_003719_seed42/historico.csv,resultados/experimentos/2024_1/novas_hibridas/combinada_aleatoria/20261002_003719_seed42/historico.json,combinada_aleatoria,cursos_exat_2 + dia_turno_curso,qualquer_melhoria_na_passada,aleatoria_por_passada,42,180.0,1,180.0,600.0,1,0,TEMPO_TOTAL,CS,ENF,62
1,2,63,par_cursos,ADM+ENF,66,17802,77188,OPTIMAL,185257.5,185257.5,False,185257.5,9.18,8.82,600.0,,,,alfabetica,,aleatoria_por_passada,42,cursos_exat_2,63,22,True,TEMPO_TOTAL,iteracao,combinada_cursos_exat_2_dia_turno_curso_aleatoria,180.0,180.0,600.0,14400.0,False,False,alfabetica,42,alfabetica,,./dados/2024_1/horarios_2024_1.xlsx,./dados/2024_1/salas_2024_1.csv,./dados/2024_1/salas_preferenciais_2024.1.xlsx,/Users/robertdrey/Documents/workspace/development/alocador_de_salas,resultados/experimentos/2024_1/novas_hibridas/combinada_aleatoria/20261002_003719_seed42/melhor.sol,resultados/experimentos/2024_1/novas_hibridas/combinada_aleatoria/20261002_003719_seed42/historico.csv,resultados/experimentos/2024_1/novas_hibridas/combinada_aleatoria/20261002_003719_seed42/historico.json,combinada_aleatoria,cursos_exat_2 + dia_turno_curso,qualquer_melhoria_na_passada,aleatoria_por_passada,42,180.0,1,180.0,600.0,1,0,TEMPO_TOTAL,ADM,ENF,63
1,2,64,dia_turno_curso,4_N_EAS,86,17204,77786,OPTIMAL,185257.5,185257.5,False,185257.5,2.52,2.19,600.0,4,N,EAS,alfabetica,,aleatoria_por_passada,42,dia_turno_curso,64,42,True,TEMPO_TOTAL,iteracao,combinada_cursos_exat_2_dia_turno_curso_aleatoria,180.0,180.0,600.0,14400.0,False,False,alfabetica,42,alfabetica,,./dados/2024_1/horarios_2024_1.xlsx,./dados/2024_1/salas_2024_1.csv,./dados/2024_1/salas_preferenciais_2024.1.xlsx,/Users/robertdrey/Documents/workspace/development/alocador_de_salas,resultados/experimentos/2024_1/novas_hibridas/combinada_aleatoria/20261002_003719_seed42/melhor.sol,resultados/experimentos/2024_1/novas_hibridas/combinada_aleatoria/20261002_003719_seed42/historico.csv,resultados/experimentos/2024_1/novas_hibridas/combinada_aleatoria/20261002_003719_seed42/historico.json,combinada_aleatoria,cursos_exat_2 + dia_turno_curso,qualquer_melhoria_na_passada,aleatoria_por_passada,42,180.0,1,180.0,600.0,1,0,TEMPO_TOTAL,,,
1,2,65,par_cursos,HIS+LET,60,13938,81052,OPTIMAL,185257.5,185257.5,False,185257.5,2.33,2.03,600.0,,,,alfabetica,,aleatoria_por_passada,42,cursos_exat_2,65,23,True,TEMPO_TOTAL,iteracao,combinada_cursos_exat_2_dia_turno_curso_aleatoria,180.0,180.0,600.0,14400.0,False,False,alfabetica,42,alfabetica,,./dados/2024_1/horarios_2024_1.xlsx,./dados/2024_1/salas_2024_1.csv,./dados/2024_1/salas_preferenciais_2024.1.xlsx,/Users/robertdrey/Documents/workspace/development/alocador_de_salas,resultados/experimentos/2024_1/novas_hibridas/combinada_aleatoria/20261002_003719_seed42/melhor.sol,resultados/experimentos/2024_1/novas_hibridas/combinada_aleatoria/20261002_003719_seed42/historico.csv,resultados/experimentos/2024_1/novas_hibridas/combinada_aleatoria/20261002_003719_seed42/historico.json,combinada_aleatoria,cursos_exat_2 + dia_turno_curso,qualquer_melhoria_na_passada,aleatoria_por_passada,42,180.0,1,180.0,600.0,1,0,TEMPO_TOTAL,HIS,LET,65
1,2,66,dia_turno_curso,7_M_GEO,28,10258,84732,OPTIMAL,185257.5,185257.5,False,185257.5,0.92,0.61,600.0,7,M,GEO,alfabetica,,aleatoria_por_passada,42,dia_turno_curso,66,43,True,TEMPO_TOTAL,iteracao,combinada_cursos_exat_2_dia_turno_curso_aleatoria,180.0,180.0,600.0,14400.0,False,False,alfabetica,42,alfabetica,,./dados/2024_1/horarios_2024_1.xlsx,./dados/2024_1/salas_2024_1.csv,./dados/2024_1/salas_preferenciais_2024.1.xlsx,/Users/robertdrey/Documents/workspace/development/alocador_de_salas,resultados/experimentos/2024_1/novas_hibridas/combinada_aleatoria/20261002_003719_seed42/melhor.sol,resultados/experimentos/2024_1/novas_hibridas/combinada_aleatoria/20261002_003719_seed42/historico.csv,resultados/experimentos/2024_1/novas_hibridas/combinada_aleatoria/20261002_003719_seed42/historico.json,combinada_aleatoria,cursos_exat_2 + dia_turno_curso,qualquer_melhoria_na_passada,aleatoria_por_passada,42,180.0,1,180.0,600.0,1,0,TEMPO_TOTAL,,,
1,2,67,par_cursos,ADM+MAT,71,14260,80730,OPTIMAL,185257.5,185257.5,False,185257.5,1.01,0.7,600.0,,,,alfabetica,,aleatoria_por_passada,42,cursos_exat_2,67,24,True,TEMPO_TOTAL,iteracao,combinada_cursos_exat_2_dia_turno_curso_aleatoria,180.0,180.0,600.0,14400.0,False,False,alfabetica,42,alfabetica,,./dados/2024_1/horarios_2024_1.xlsx,./dados/2024_1/salas_2024_1.csv,./dados/2024_1/salas_preferenciais_2024.1.xlsx,/Users/robertdrey/Documents/workspace/development/alocador_de_salas,resultados/experimentos/2024_1/novas_hibridas/combinada_aleatoria/20261002_003719_seed42/melhor.sol,resultados/experimentos/2024_1/novas_hibridas/combinada_aleatoria/20261002_003719_seed42/historico.csv,resultados/experimentos/2024_1/novas_hibridas/combinada_aleatoria/20261002_003719_seed42/historico.json,combinada_aleatoria,cursos_exat_2 + dia_turno_curso,qualquer_melhoria_na_passada,aleatoria_por_passada,42,180.0,1,180.0,600.0,1,0,TEMPO_TOTAL,ADM,MAT,67
1,2,68,dia_turno_curso,2_M_EAS,73,16238,78752,OPTIMAL,185257.5,185257.5,False,185257.5,2.45,2.14,600.0,2,M,EAS,alfabetica,,aleatoria_por_passada,42,dia_turno_curso,68,44,True,TEMPO_TOTAL,iteracao,combinada_cursos_exat_2_dia_turno_curso_aleatoria,180.0,180.0,600.0,14400.0,False,False,alfabetica,42,alfabetica,,./dados/2024_1/horarios_2024_1.xlsx,./dados/2024_1/salas_2024_1.csv,./dados/2024_1/salas_preferenciais_2024.1.xlsx,/Users/robertdrey/Documents/workspace/development/alocador_de_salas,resultados/experimentos/2024_1/novas_hibridas/combinada_aleatoria/20261002_003719_seed42/melhor.sol,resultados/experimentos/2024_1/novas_hibridas/combinada_aleatoria/20261002_003719_seed42/historico.csv,resultados/experimentos/2024_1/novas_hibridas/combinada_aleatoria/20261002_003719_seed42/historico.json,combinada_aleatoria,cursos_exat_2 + dia_turno_curso,qualquer_melhoria_na_passada,aleatoria_por_passada,42,180.0,1,180.0,600.0,1,0,TEMPO_TOTAL,,,
1,2,69,dia_turno_curso,6_N_MAT,58,12834,82156,OPTIMAL,185257.5,185257.5,False,185257.5,1.79,1.48,600.0,6,N,MAT,alfabetica,,aleatoria_por_passada,42,dia_turno_curso,69,45,True,TEMPO_TOTAL,iteracao,combinada_cursos_exat_2_dia_turno_curso_aleatoria,180.0,180.0,600.0,14400.0,False,False,alfabetica,42,alfabetica,,./dados/2024_1/horarios_2024_1.xlsx,./dados/2024_1/salas_2024_1.csv,./dados/2024_1/salas_preferenciais_2024.1.xlsx,/Users/robertdrey/Documents/workspace/development/alocador_de_salas,resultados/experimentos/2024_1/novas_hibridas/combinada_aleatoria/20261002_003719_seed42/melhor.sol,resultados/experimentos/2024_1/novas_hibridas/combinada_aleatoria/20261002_003719_seed42/historico.csv,resultados/experimentos/2024_1/novas_hibridas/combinada_aleatoria/20261002_003719_seed42/historico.json,combinada_aleatoria,cursos_exat_2 + dia_turno_curso,qualquer_melhoria_na_passada,aleatoria_por_passada,42,180.0,1,180.0,600.0,1,0,TEMPO_TOTAL,,,
1,2,70,par_cursos,CS+LET,58,13708,81282,OPTIMAL,185257.5,185257.5,False,185257.5,1.46,1.15,600.0,,,,alfabetica,,aleatoria_por_passada,42,cursos_exat_2,70,25,True,TEMPO_TOTAL,iteracao,combinada_cursos_exat_2_dia_turno_curso_aleatoria,180.0,180.0,600.0,14400.0,False,False,alfabetica,42,alfabetica,,./dados/2024_1/horarios_2024_1.xlsx,./dados/2024_1/salas_2024_1.csv,./dados/2024_1/salas_preferenciais_2024.1.xlsx,/Users/robertdrey/Documents/workspace/development/alocador_de_salas,resultados/experimentos/2024_1/novas_hibridas/combinada_aleatoria/20261002_003719_seed42/melhor.sol,resultados/experimentos/2024_1/novas_hibridas/combinada_aleatoria/20261002_003719_seed42/historico.csv,resultados/experimentos/2024_1/novas_hibridas/combinada_aleatoria/20261002_003719_seed42/historico.json,combinada_aleatoria,cursos_exat_2 + dia_turno_curso,qualquer_melhoria_na_passada,aleatoria_por_passada,42,180.0,1,180.0,600.0,1,0,TEMPO_TOTAL,CS,LET,70
1,2,71,dia_turno_curso,7_T_PED,62,15640,79350,OPTIMAL,185257.5,185257.5,False,185257.5,26.94,26.61,600.0,7,T,PED,alfabetica,,aleatoria_por_passada,42,dia_turno_curso,71,46,True,TEMPO_TOTAL,iteracao,combinada_cursos_exat_2_dia_turno_curso_aleatoria,180.0,180.0,600.0,14400.0,False,False,alfabetica,42,alfabetica,,./dados/2024_1/horarios_2024_1.xlsx,./dados/2024_1/salas_2024_1.csv,./dados/2024_1/salas_preferenciais_2024.1.xlsx,/Users/robertdrey/Documents/workspace/development/alocador_de_salas,resultados/experimentos/2024_1/novas_hibridas/combinada_aleatoria/20261002_003719_seed42/melhor.sol,resultados/experimentos/2024_1/novas_hibridas/combinada_aleatoria/20261002_003719_seed42/historico.csv,resultados/experimentos/2024_1/novas_hibridas/combinada_aleatoria/20261002_003719_seed42/historico.json,combinada_aleatoria,cursos_exat_2 + dia_turno_curso,qualquer_melhoria_na_passada,aleatoria_por_passada,42,180.0,1,180.0,600.0,1,0,TEMPO_TOTAL,,,
1,2,72,par_cursos,ENF+FIL,33,11270,83720,OPTIMAL,185257.5,185257.5,False,185257.5,1.94,1.59,600.0,,,,alfabetica,,aleatoria_por_passada,42,cursos_exat_2,72,26,True,TEMPO_TOTAL,iteracao,combinada_cursos_exat_2_dia_turno_curso_aleatoria,180.0,180.0,600.0,14400.0,False,False,alfabetica,42,alfabetica,,./dados/2024_1/horarios_2024_1.xlsx,./dados/2024_1/salas_2024_1.csv,./dados/2024_1/salas_preferenciais_2024.1.xlsx,/Users/robertdrey/Documents/workspace/development/alocador_de_salas,resultados/experimentos/2024_1/novas_hibridas/combinada_aleatoria/20261002_003719_seed42/melhor.sol,resultados/experimentos/2024_1/novas_hibridas/combinada_aleatoria/20261002_003719_seed42/historico.csv,resultados/experimentos/2024_1/novas_hibridas/combinada_aleatoria/20261002_003719_seed42/historico.json,combinada_aleatoria,cursos_exat_2 + dia_turno_curso,qualquer_melhoria_na_passada,aleatoria_por_passada,42,180.0,1,180.0,600.0,1,0,TEMPO_TOTAL,ENF,FIL,72
1,2,73,dia_turno_curso,2_T_CC,70,20010,74980,OPTIMAL,185257.5,185257.5,False,185257.5,3.34,3.01,600.0,2,T,CC,alfabetica,,aleatoria_por_passada,42,dia_turno_curso,73,47,True,TEMPO_TOTAL,iteracao,combinada_cursos_exat_2_dia_turno_curso_aleatoria,180.0,180.0,600.0,14400.0,False,False,alfabetica,42,alfabetica,,./dados/2024_1/horarios_2024_1.xlsx,./dados/2024_1/salas_2024_1.csv,./dados/2024_1/salas_preferenciais_2024.1.xlsx,/Users/robertdrey/Documents/workspace/development/alocador_de_salas,resultados/experimentos/2024_1/novas_hibridas/combinada_aleatoria/20261002_003719_seed42/melhor.sol,resultados/experimentos/2024_1/novas_hibridas/combinada_aleatoria/20261002_003719_seed42/historico.csv,resultados/experimentos/2024_1/novas_hibridas/combinada_aleatoria/20261002_003719_seed42/historico.json,combinada_aleatoria,cursos_exat_2 + dia_turno_curso,qualquer_melhoria_na_passada,aleatoria_por_passada,42,180.0,1,180.0,600.0,1,0,TEMPO_TOTAL,,,
1,2,74,dia_turno_curso,5_N_FIL,51,10304,84686,OPTIMAL,185257.5,185257.5,False,185257.5,1.39,1.07,600.0,5,N,FIL,alfabetica,,aleatoria_por_passada,42,dia_turno_curso,74,48,True,TEMPO_TOTAL,iteracao,combinada_cursos_exat_2_dia_turno_curso_aleatoria,180.0,180.0,600.0,14400.0,False,False,alfabetica,42,alfabetica,,./dados/2024_1/horarios_2024_1.xlsx,./dados/2024_1/salas_2024_1.csv,./dados/2024_1/salas_preferenciais_2024.1.xlsx,/Users/robertdrey/Documents/workspace/development/alocador_de_salas,resultados/experimentos/2024_1/novas_hibridas/combinada_aleatoria/20261002_003719_seed42/melhor.sol,resultados/experimentos/2024_1/novas_hibridas/combinada_aleatoria/20261002_003719_seed42/historico.csv,resultados/experimentos/2024_1/novas_hibridas/combinada_aleatoria/20261002_003719_seed42/historico.json,combinada_aleatoria,cursos_exat_2 + dia_turno_curso,qualquer_melhoria_na_passada,aleatoria_por_passada,42,180.0,1,180.0,600.0,1,0,TEMPO_TOTAL,,,
1,2,75,par_cursos,MED+PED,97,22172,72818,OPTIMAL,185257.5,185257.5,False,185257.5,27.94,27.63,600.0,,,,alfabetica,,aleatoria_por_passada,42,cursos_exat_2,75,27,True,TEMPO_TOTAL,iteracao,combinada_cursos_exat_2_dia_turno_curso_aleatoria,180.0,180.0,600.0,14400.0,False,False,alfabetica,42,alfabetica,,./dados/2024_1/horarios_2024_1.xlsx,./dados/2024_1/salas_2024_1.csv,./dados/2024_1/salas_preferenciais_2024.1.xlsx,/Users/robertdrey/Documents/workspace/development/alocador_de_salas,resultados/experimentos/2024_1/novas_hibridas/combinada_aleatoria/20261002_003719_seed42/melhor.sol,resultados/experimentos/2024_1/novas_hibridas/combinada_aleatoria/20261002_003719_seed42/historico.csv,resultados/experimentos/2024_1/novas_hibridas/combinada_aleatoria/20261002_003719_seed42/historico.json,combinada_aleatoria,cursos_exat_2 + dia_turno_curso,qualquer_melhoria_na_passada,aleatoria_por_passada,42,180.0,1,180.0,600.0,1,0,TEMPO_TOTAL,MED,PED,75
1,2,76,par_cursos,CC+FIL,62,13294,81696,OPTIMAL,185257.5,185249.5,True,185249.5,28.32,28.01,600.0,,,,alfabetica,,aleatoria_por_passada,42,cursos_exat_2,76,28,True,TEMPO_TOTAL,iteracao,combinada_cursos_exat_2_dia_turno_curso_aleatoria,180.0,180.0,600.0,14400.0,False,False,alfabetica,42,alfabetica,,./dados/2024_1/horarios_2024_1.xlsx,./dados/2024_1/salas_2024_1.csv,./dados/2024_1/salas_preferenciais_2024.1.xlsx,/Users/robertdrey/Documents/workspace/development/alocador_de_salas,resultados/experimentos/2024_1/novas_hibridas/combinada_aleatoria/20261002_003719_seed42/melhor.sol,resultados/experimentos/2024_1/novas_hibridas/combinada_aleatoria/20261002_003719_seed42/historico.csv,resultados/experimentos/2024_1/novas_hibridas/combinada_aleatoria/20261002_003719_seed42/historico.json,combinada_aleatoria,cursos_exat_2 + dia_turno_curso,qualquer_melhoria_na_passada,aleatoria_por_passada,42,180.0,1,180.0,600.0,1,0,TEMPO_TOTAL,CC,FIL,76
1,2,77,dia_turno_curso,6_T_ENF,43,15364,79626,OPTIMAL,185249.5,185249.5,False,185249.5,10.61,10.27,600.0,6,T,ENF,alfabetica,,aleatoria_por_passada,42,dia_turno_curso,77,49,True,TEMPO_TOTAL,iteracao,combinada_cursos_exat_2_dia_turno_curso_aleatoria,180.0,180.0,600.0,14400.0,False,False,alfabetica,42,alfabetica,,./dados/2024_1/horarios_2024_1.xlsx,./dados/2024_1/salas_2024_1.csv,./dados/2024_1/salas_preferenciais_2024.1.xlsx,/Users/robertdrey/Documents/workspace/development/alocador_de_salas,resultados/experimentos/2024_1/novas_hibridas/combinada_aleatoria/20261002_003719_seed42/melhor.sol,resultados/experimentos/2024_1/novas_hibridas/combinada_aleatoria/20261002_003719_seed42/historico.csv,resultados/experimentos/2024_1/novas_hibridas/combinada_aleatoria/20261002_003719_seed42/historico.json,combinada_aleatoria,cursos_exat_2 + dia_turno_curso,qualquer_melhoria_na_passada,aleatoria_por_passada,42,180.0,1,180.0,600.0,1,0,TEMPO_TOTAL,,,
1,2,78,dia_turno_curso,3_M_ENF,49,15640,79350,OPTIMAL,185249.5,185249.5,False,185249.5,5.37,5.02,600.0,3,M,ENF,alfabetica,,aleatoria_por_passada,42,dia_turno_curso,78,50,True,TEMPO_TOTAL,iteracao,combinada_cursos_exat_2_dia_turno_curso_aleatoria,180.0,180.0,600.0,14400.0,False,False,alfabetica,42,alfabetica,,./dados/2024_1/horarios_2024_1.xlsx,./dados/2024_1/salas_2024_1.csv,./dados/2024_1/salas_preferenciais_2024.1.xlsx,/Users/robertdrey/Documents/workspace/development/alocador_de_salas,resultados/experimentos/2024_1/novas_hibridas/combinada_aleatoria/20261002_003719_seed42/melhor.sol,resultados/experimentos/2024_1/novas_hibridas/combinada_aleatoria/20261002_003719_seed42/historico.csv,resultados/experimentos/2024_1/novas_hibridas/combinada_aleatoria/20261002_003719_seed42/historico.json,combinada_aleatoria,cursos_exat_2 + dia_turno_curso,qualquer_melhoria_na_passada,aleatoria_por_passada,42,180.0,1,180.0,600.0,1,0,TEMPO_TOTAL,,,
1,2,79,par_cursos,GEO+MED,51,11454,83536,OPTIMAL,185249.5,185249.5,False,185249.5,1.04,0.72,600.0,,,,alfabetica,,aleatoria_por_passada,42,cursos_exat_2,79,29,True,TEMPO_TOTAL,iteracao,combinada_cursos_exat_2_dia_turno_curso_aleatoria,180.0,180.0,600.0,14400.0,False,False,alfabetica,42,alfabetica,,./dados/2024_1/horarios_2024_1.xlsx,./dados/2024_1/salas_2024_1.csv,./dados/2024_1/salas_preferenciais_2024.1.xlsx,/Users/robertdrey/Documents/workspace/development/alocador_de_salas,resultados/experimentos/2024_1/novas_hibridas/combinada_aleatoria/20261002_003719_seed42/melhor.sol,resultados/experimentos/2024_1/novas_hibridas/combinada_aleatoria/20261002_003719_seed42/historico.csv,resultados/experimentos/2024_1/novas_hibridas/combinada_aleatoria/20261002_003719_seed42/historico.json,combinada_aleatoria,cursos_exat_2 + dia_turno_curso,qualquer_melhoria_na_passada,aleatoria_por_passada,42,180.0,1,180.0,600.0,1,0,TEMPO_TOTAL,GEO,MED,79
1,2,80,dia_turno_curso,2_T_ENF,47,16422,78568,OPTIMAL,185249.5,185249.5,False,185249.5,5.74,5.43,600.0,2,T,ENF,alfabetica,,aleatoria_por_passada,42,dia_turno_curso,80,51,True,TEMPO_TOTAL,iteracao,combinada_cursos_exat_2_dia_turno_curso_aleatoria,180.0,180.0,600.0,14400.0,False,False,alfabetica,42,alfabetica,,./dados/2024_1/horarios_2024_1.xlsx,./dados/2024_1/salas_2024_1.csv,./dados/2024_1/salas_preferenciais_2024.1.xlsx,/Users/robertdrey/Documents/workspace/development/alocador_de_salas,resultados/experimentos/2024_1/novas_hibridas/combinada_aleatoria/20261002_003719_seed42/melhor.sol,resultados/experimentos/2024_1/novas_hibridas/combinada_aleatoria/20261002_003719_seed42/historico.csv,resultados/experimentos/2024_1/novas_hibridas/combinada_aleatoria/20261002_003719_seed42/historico.json,combinada_aleatoria,cursos_exat_2 + dia_turno_curso,qualquer_melhoria_na_passada,aleatoria_por_passada,42,180.0,1,180.0,600.0,1,0,TEMPO_TOTAL,,,
1,2,81,dia_turno_curso,2_T_MED,71,20286,74704,OPTIMAL,185249.5,185249.5,False,185249.5,2.81,2.5,600.0,2,T,MED,alfabetica,,aleatoria_por_passada,42,dia_turno_curso,81,52,True,TEMPO_TOTAL,iteracao,combinada_cursos_exat_2_dia_turno_curso_aleatoria,180.0,180.0,600.0,14400.0,False,False,alfabetica,42,alfabetica,,./dados/2024_1/horarios_2024_1.xlsx,./dados/2024_1/salas_2024_1.csv,./dados/2024_1/salas_preferenciais_2024.1.xlsx,/Users/robertdrey/Documents/workspace/development/alocador_de_salas,resultados/experimentos/2024_1/novas_hibridas/combinada_aleatoria/20261002_003719_seed42/melhor.sol,resultados/experimentos/2024_1/novas_hibridas/combinada_aleatoria/20261002_003719_seed42/historico.csv,resultados/experimentos/2024_1/novas_hibridas/combinada_aleatoria/20261002_003719_seed42/historico.json,combinada_aleatoria,cursos_exat_2 + dia_turno_curso,qualquer_melhoria_na_passada,aleatoria_por_passada,42,180.0,1,180.0,600.0,1,0,TEMPO_TOTAL,,,
1,2,82,par_cursos,ENF+LET,54,17664,77326,OPTIMAL,185249.5,185249.5,False,185249.5,4.86,4.56,600.0,,,,alfabetica,,aleatoria_por_passada,42,cursos_exat_2,82,30,True,TEMPO_TOTAL,iteracao,combinada_cursos_exat_2_dia_turno_curso_aleatoria,180.0,180.0,600.0,14400.0,False,False,alfabetica,42,alfabetica,,./dados/2024_1/horarios_2024_1.xlsx,./dados/2024_1/salas_2024_1.csv,./dados/2024_1/salas_preferenciais_2024.1.xlsx,/Users/robertdrey/Documents/workspace/development/alocador_de_salas,resultados/experimentos/2024_1/novas_hibridas/combinada_aleatoria/20261002_003719_seed42/melhor.sol,resultados/experimentos/2024_1/novas_hibridas/combinada_aleatoria/20261002_003719_seed42/historico.csv,resultados/experimentos/2024_1/novas_hibridas/combinada_aleatoria/20261002_003719_seed42/historico.json,combinada_aleatoria,cursos_exat_2 + dia_turno_curso,qualquer_melhoria_na_passada,aleatoria_por_passada,42,180.0,1,180.0,600.0,1,0,TEMPO_TOTAL,ENF,LET,82
1,2,83,dia_turno_curso,4_M_MED,71,19412,75578,OPTIMAL,185249.5,185249.5,False,185249.5,2.46,2.14,600.0,4,M,MED,alfabetica,,aleatoria_por_passada,42,dia_turno_curso,83,53,True,TEMPO_TOTAL,iteracao,combinada_cursos_exat_2_dia_turno_curso_aleatoria,180.0,180.0,600.0,14400.0,False,False,alfabetica,42,alfabetica,,./dados/2024_1/horarios_2024_1.xlsx,./dados/2024_1/salas_2024_1.csv,./dados/2024_1/salas_preferenciais_2024.1.xlsx,/Users/robertdrey/Documents/workspace/development/alocador_de_salas,resultados/experimentos/2024_1/novas_hibridas/combinada_aleatoria/20261002_003719_seed42/melhor.sol,resultados/experimentos/2024_1/novas_hibridas/combinada_aleatoria/20261002_003719_seed42/historico.csv,resultados/experimentos/2024_1/novas_hibridas/combinada_aleatoria/20261002_003719_seed42/historico.json,combinada_aleatoria,cursos_exat_2 + dia_turno_curso,qualquer_melhoria_na_passada,aleatoria_por_passada,42,180.0,1,180.0,600.0,1,0,TEMPO_TOTAL,,,
1,2,84,dia_turno_curso,2_M_AGRO,82,17250,77740,OPTIMAL,185249.5,185249.5,False,185249.5,9.63,9.32,600.0,2,M,AGRO,alfabetica,,aleatoria_por_passada,42,dia_turno_curso,84,54,True,TEMPO_TOTAL,iteracao,combinada_cursos_exat_2_dia_turno_curso_aleatoria,180.0,180.0,600.0,14400.0,False,False,alfabetica,42,alfabetica,,./dados/2024_1/horarios_2024_1.xlsx,./dados/2024_1/salas_2024_1.csv,./dados/2024_1/salas_preferenciais_2024.1.xlsx,/Users/robertdrey/Documents/workspace/development/alocador_de_salas,resultados/experimentos/2024_1/novas_hibridas/combinada_aleatoria/20261002_003719_seed42/melhor.sol,resultados/experimentos/2024_1/novas_hibridas/combinada_aleatoria/20261002_003719_seed42/historico.csv,resultados/experimentos/2024_1/novas_hibridas/combinada_aleatoria/20261002_003719_seed42/historico.json,combinada_aleatoria,cursos_exat_2 + dia_turno_curso,qualquer_melhoria_na_passada,aleatoria_por_passada,42,180.0,1,180.0,600.0,1,0,TEMPO_TOTAL,,,
1,2,85,dia_turno_curso,7_T_CC,53,13754,81236,OPTIMAL,185249.5,185249.5,False,185249.5,2.0,1.68,600.0,7,T,CC,alfabetica,,aleatoria_por_passada,42,dia_turno_curso,85,55,True,TEMPO_TOTAL,iteracao,combinada_cursos_exat_2_dia_turno_curso_aleatoria,180.0,180.0,600.0,14400.0,False,False,alfabetica,42,alfabetica,,./dados/2024_1/horarios_2024_1.xlsx,./dados/2024_1/salas_2024_1.csv,./dados/2024_1/salas_preferenciais_2024.1.xlsx,/Users/robertdrey/Documents/workspace/development/alocador_de_salas,resultados/experimentos/2024_1/novas_hibridas/combinada_aleatoria/20261002_003719_seed42/melhor.sol,resultados/experimentos/2024_1/novas_hibridas/combinada_aleatoria/20261002_003719_seed42/historico.csv,resultados/experimentos/2024_1/novas_hibridas/combinada_aleatoria/20261002_003719_seed42/historico.json,combinada_aleatoria,cursos_exat_2 + dia_turno_curso,qualquer_melhoria_na_passada,aleatoria_por_passada,42,180.0,1,180.0,600.0,1,0,TEMPO_TOTAL,,,
1,2,86,dia_turno_curso,3_T_CC,71,19964,75026,OPTIMAL,185249.5,185249.5,False,185249.5,3.27,2.94,600.0,3,T,CC,alfabetica,,aleatoria_por_passada,42,dia_turno_curso,86,56,True,TEMPO_TOTAL,iteracao,combinada_cursos_exat_2_dia_turno_curso_aleatoria,180.0,180.0,600.0,14400.0,False,False,alfabetica,42,alfabetica,,./dados/2024_1/horarios_2024_1.xlsx,./dados/2024_1/salas_2024_1.csv,./dados/2024_1/salas_preferenciais_2024.1.xlsx,/Users/robertdrey/Documents/workspace/development/alocador_de_salas,resultados/experimentos/2024_1/novas_hibridas/combinada_aleatoria/20261002_003719_seed42/melhor.sol,resultados/experimentos/2024_1/novas_hibridas/combinada_aleatoria/20261002_003719_seed42/historico.csv,resultados/experimentos/2024_1/novas_hibridas/combinada_aleatoria/20261002_003719_seed42/historico.json,combinada_aleatoria,cursos_exat_2 + dia_turno_curso,qualquer_melhoria_na_passada,aleatoria_por_passada,42,180.0,1,180.0,600.0,1,0,TEMPO_TOTAL,,,
1,2,87,dia_turno_curso,4_T_LET,60,17618,77372,OPTIMAL,185249.5,185249.5,False,185249.5,1.96,1.64,600.0,4,T,LET,alfabetica,,aleatoria_por_passada,42,dia_turno_curso,87,57,True,TEMPO_TOTAL,iteracao,combinada_cursos_exat_2_dia_turno_curso_aleatoria,180.0,180.0,600.0,14400.0,False,False,alfabetica,42,alfabetica,,./dados/2024_1/horarios_2024_1.xlsx,./dados/2024_1/salas_2024_1.csv,./dados/2024_1/salas_preferenciais_2024.1.xlsx,/Users/robertdrey/Documents/workspace/development/alocador_de_salas,resultados/experimentos/2024_1/novas_hibridas/combinada_aleatoria/20261002_003719_seed42/melhor.sol,resultados/experimentos/2024_1/novas_hibridas/combinada_aleatoria/20261002_003719_seed42/historico.csv,resultados/experimentos/2024_1/novas_hibridas/combinada_aleatoria/20261002_003719_seed42/historico.json,combinada_aleatoria,cursos_exat_2 + dia_turno_curso,qualquer_melhoria_na_passada,aleatoria_por_passada,42,180.0,1,180.0,600.0,1,0,TEMPO_TOTAL,,,
1,2,88,par_cursos,CC+MED,88,19918,75072,OPTIMAL,185249.5,185249.5,False,185249.5,28.43,28.13,600.0,,,,alfabetica,,aleatoria_por_passada,42,cursos_exat_2,88,31,True,TEMPO_TOTAL,iteracao,combinada_cursos_exat_2_dia_turno_curso_aleatoria,180.0,180.0,600.0,14400.0,False,False,alfabetica,42,alfabetica,,./dados/2024_1/horarios_2024_1.xlsx,./dados/2024_1/salas_2024_1.csv,./dados/2024_1/salas_preferenciais_2024.1.xlsx,/Users/robertdrey/Documents/workspace/development/alocador_de_salas,resultados/experimentos/2024_1/novas_hibridas/combinada_aleatoria/20261002_003719_seed42/melhor.sol,resultados/experimentos/2024_1/novas_hibridas/combinada_aleatoria/20261002_003719_seed42/historico.csv,resultados/experimentos/2024_1/novas_hibridas/combinada_aleatoria/20261002_003719_seed42/historico.json,combinada_aleatoria,cursos_exat_2 + dia_turno_curso,qualquer_melhoria_na_passada,aleatoria_por_passada,42,180.0,1,180.0,600.0,1,0,TEMPO_TOTAL,CC,MED,88
1,2,89,par_cursos,LET+MAT,59,14122,80868,OPTIMAL,185249.5,185249.5,False,185249.5,1.61,1.31,600.0,,,,alfabetica,,aleatoria_por_passada,42,cursos_exat_2,89,32,True,TEMPO_TOTAL,iteracao,combinada_cursos_exat_2_dia_turno_curso_aleatoria,180.0,180.0,600.0,14400.0,False,False,alfabetica,42,alfabetica,,./dados/2024_1/horarios_2024_1.xlsx,./dados/2024_1/salas_2024_1.csv,./dados/2024_1/salas_preferenciais_2024.1.xlsx,/Users/robertdrey/Documents/workspace/development/alocador_de_salas,resultados/experimentos/2024_1/novas_hibridas/combinada_aleatoria/20261002_003719_seed42/melhor.sol,resultados/experimentos/2024_1/novas_hibridas/combinada_aleatoria/20261002_003719_seed42/historico.csv,resultados/experimentos/2024_1/novas_hibridas/combinada_aleatoria/20261002_003719_seed42/historico.json,combinada_aleatoria,cursos_exat_2 + dia_turno_curso,qualquer_melhoria_na_passada,aleatoria_por_passada,42,180.0,1,180.0,600.0,1,0,TEMPO_TOTAL,LET,MAT,89
1,2,90,dia_turno_curso,4_T_AGRO,78,19458,75532,OPTIMAL,185249.5,185249.5,False,185249.5,6.43,6.12,600.0,4,T,AGRO,alfabetica,,aleatoria_por_passada,42,dia_turno_curso,90,58,True,TEMPO_TOTAL,iteracao,combinada_cursos_exat_2_dia_turno_curso_aleatoria,180.0,180.0,600.0,14400.0,False,False,alfabetica,42,alfabetica,,./dados/2024_1/horarios_2024_1.xlsx,./dados/2024_1/salas_2024_1.csv,./dados/2024_1/salas_preferenciais_2024.1.xlsx,/Users/robertdrey/Documents/workspace/development/alocador_de_salas,resultados/experimentos/2024_1/novas_hibridas/combinada_aleatoria/20261002_003719_seed42/melhor.sol,resultados/experimentos/2024_1/novas_hibridas/combinada_aleatoria/20261002_003719_seed42/historico.csv,resultados/experimentos/2024_1/novas_hibridas/combinada_aleatoria/20261002_003719_seed42/historico.json,combinada_aleatoria,cursos_exat_2 + dia_turno_curso,qualquer_melhoria_na_passada,aleatoria_por_passada,42,180.0,1,180.0,600.0,1,0,TEMPO_TOTAL,,,
1,2,91,par_cursos,ENF+GEO,28,10580,84410,OPTIMAL,185249.5,185249.5,False,185249.5,2.06,1.73,600.0,,,,alfabetica,,aleatoria_por_passada,42,cursos_exat_2,91,33,True,TEMPO_TOTAL,iteracao,combinada_cursos_exat_2_dia_turno_curso_aleatoria,180.0,180.0,600.0,14400.0,False,False,alfabetica,42,alfabetica,,./dados/2024_1/horarios_2024_1.xlsx,./dados/2024_1/salas_2024_1.csv,./dados/2024_1/salas_preferenciais_2024.1.xlsx,/Users/robertdrey/Documents/workspace/development/alocador_de_salas,resultados/experimentos/2024_1/novas_hibridas/combinada_aleatoria/20261002_003719_seed42/melhor.sol,resultados/experimentos/2024_1/novas_hibridas/combinada_aleatoria/20261002_003719_seed42/historico.csv,resultados/experimentos/2024_1/novas_hibridas/combinada_aleatoria/20261002_003719_seed42/historico.json,combinada_aleatoria,cursos_exat_2 + dia_turno_curso,qualquer_melhoria_na_passada,aleatoria_por_passada,42,180.0,1,180.0,600.0,1,0,TEMPO_TOTAL,ENF,GEO,91
1,2,92,dia_turno_curso,7_N_PED,58,14168,80822,OPTIMAL,185249.5,185249.5,False,185249.5,51.09,50.76,600.0,7,N,PED,alfabetica,,aleatoria_por_passada,42,dia_turno_curso,92,59,True,TEMPO_TOTAL,iteracao,combinada_cursos_exat_2_dia_turno_curso_aleatoria,180.0,180.0,600.0,14400.0,False,False,alfabetica,42,alfabetica,,./dados/2024_1/horarios_2024_1.xlsx,./dados/2024_1/salas_2024_1.csv,./dados/2024_1/salas_preferenciais_2024.1.xlsx,/Users/robertdrey/Documents/workspace/development/alocador_de_salas,resultados/experimentos/2024_1/novas_hibridas/combinada_aleatoria/20261002_003719_seed42/melhor.sol,resultados/experimentos/2024_1/novas_hibridas/combinada_aleatoria/20261002_003719_seed42/historico.csv,resultados/experimentos/2024_1/novas_hibridas/combinada_aleatoria/20261002_003719_seed42/historico.json,combinada_aleatoria,cursos_exat_2 + dia_turno_curso,qualquer_melhoria_na_passada,aleatoria_por_passada,42,180.0,1,180.0,600.0,1,0,TEMPO_TOTAL,,,
1,2,93,dia_turno_curso,5_T_GEO,40,12650,82340,OPTIMAL,185249.5,185249.5,False,185249.5,1.18,0.87,600.0,5,T,GEO,alfabetica,,aleatoria_por_passada,42,dia_turno_curso,93,60,True,TEMPO_TOTAL,iteracao,combinada_cursos_exat_2_dia_turno_curso_aleatoria,180.0,180.0,600.0,14400.0,False,False,alfabetica,42,alfabetica,,./dados/2024_1/horarios_2024_1.xlsx,./dados/2024_1/salas_2024_1.csv,./dados/2024_1/salas_preferenciais_2024.1.xlsx,/Users/robertdrey/Documents/workspace/development/alocador_de_salas,resultados/experimentos/2024_1/novas_hibridas/combinada_aleatoria/20261002_003719_seed42/melhor.sol,resultados/experimentos/2024_1/novas_hibridas/combinada_aleatoria/20261002_003719_seed42/historico.csv,resultados/experimentos/2024_1/novas_hibridas/combinada_aleatoria/20261002_003719_seed42/historico.json,combinada_aleatoria,cursos_exat_2 + dia_turno_curso,qualquer_melhoria_na_passada,aleatoria_por_passada,42,180.0,1,180.0,600.0,1,0,TEMPO_TOTAL,,,
1,2,94,dia_turno_curso,5_M_EAS,75,17618,77372,OPTIMAL,185249.5,185249.5,False,185249.5,2.18,1.87,600.0,5,M,EAS,alfabetica,,aleatoria_por_passada,42,dia_turno_curso,94,61,True,TEMPO_TOTAL,iteracao,combinada_cursos_exat_2_dia_turno_curso_aleatoria,180.0,180.0,600.0,14400.0,False,False,alfabetica,42,alfabetica,,./dados/2024_1/horarios_2024_1.xlsx,./dados/2024_1/salas_2024_1.csv,./dados/2024_1/salas_preferenciais_2024.1.xlsx,/Users/robertdrey/Documents/workspace/development/alocador_de_salas,resultados/experimentos/2024_1/novas_hibridas/combinada_aleatoria/20261002_003719_seed42/melhor.sol,resultados/experimentos/2024_1/novas_hibridas/combinada_aleatoria/20261002_003719_seed42/historico.csv,resultados/experimentos/2024_1/novas_hibridas/combinada_aleatoria/20261002_003719_seed42/historico.json,combinada_aleatoria,cursos_exat_2 + dia_turno_curso,qualquer_melhoria_na_passada,aleatoria_por_passada,42,180.0,1,180.0,600.0,1,0,TEMPO_TOTAL,,,
1,2,95,par_cursos,MAT+PED,79,17756,77234,OPTIMAL,185249.5,185249.5,False,185249.5,28.71,28.38,600.0,,,,alfabetica,,aleatoria_por_passada,42,cursos_exat_2,95,34,True,TEMPO_TOTAL,iteracao,combinada_cursos_exat_2_dia_turno_curso_aleatoria,180.0,180.0,600.0,14400.0,False,False,alfabetica,42,alfabetica,,./dados/2024_1/horarios_2024_1.xlsx,./dados/2024_1/salas_2024_1.csv,./dados/2024_1/salas_preferenciais_2024.1.xlsx,/Users/robertdrey/Documents/workspace/development/alocador_de_salas,resultados/experimentos/2024_1/novas_hibridas/combinada_aleatoria/20261002_003719_seed42/melhor.sol,resultados/experimentos/2024_1/novas_hibridas/combinada_aleatoria/20261002_003719_seed42/historico.csv,resultados/experimentos/2024_1/novas_hibridas/combinada_aleatoria/20261002_003719_seed42/historico.json,combinada_aleatoria,cursos_exat_2 + dia_turno_curso,qualquer_melhoria_na_passada,aleatoria_por_passada,42,180.0,1,180.0,600.0,1,0,TEMPO_TOTAL,MAT,PED,95
1,2,96,dia_turno_curso,6_N_HIS,59,12650,82340,OPTIMAL,185249.5,185249.5,False,185249.5,1.85,1.54,600.0,6,N,HIS,alfabetica,,aleatoria_por_passada,42,dia_turno_curso,96,62,True,TEMPO_TOTAL,iteracao,combinada_cursos_exat_2_dia_turno_curso_aleatoria,180.0,180.0,600.0,14400.0,False,False,alfabetica,42,alfabetica,,./dados/2024_1/horarios_2024_1.xlsx,./dados/2024_1/salas_2024_1.csv,./dados/2024_1/salas_preferenciais_2024.1.xlsx,/Users/robertdrey/Documents/workspace/development/alocador_de_salas,resultados/experimentos/2024_1/novas_hibridas/combinada_aleatoria/20261002_003719_seed42/melhor.sol,resultados/experimentos/2024_1/novas_hibridas/combinada_aleatoria/20261002_003719_seed42/historico.csv,resultados/experimentos/2024_1/novas_hibridas/combinada_aleatoria/20261002_003719_seed42/historico.json,combinada_aleatoria,cursos_exat_2 + dia_turno_curso,qualquer_melhoria_na_passada,aleatoria_por_passada,42,180.0,1,180.0,600.0,1,0,TEMPO_TOTAL,,,
1,2,97,dia_turno_curso,4_N_ADM,85,18262,76728,OPTIMAL,185249.5,185249.5,False,185249.5,3.7,3.4,600.0,4,N,ADM,alfabetica,,aleatoria_por_passada,42,dia_turno_curso,97,63,True,TEMPO_TOTAL,iteracao,combinada_cursos_exat_2_dia_turno_curso_aleatoria,180.0,180.0,600.0,14400.0,False,False,alfabetica,42,alfabetica,,./dados/2024_1/horarios_2024_1.xlsx,./dados/2024_1/salas_2024_1.csv,./dados/2024_1/salas_preferenciais_2024.1.xlsx,/Users/robertdrey/Documents/workspace/development/alocador_de_salas,resultados/experimentos/2024_1/novas_hibridas/combinada_aleatoria/20261002_003719_seed42/melhor.sol,resultados/experimentos/2024_1/novas_hibridas/combinada_aleatoria/20261002_003719_seed42/historico.csv,resultados/experimentos/2024_1/novas_hibridas/combinada_aleatoria/20261002_003719_seed42/historico.json,combinada_aleatoria,cursos_exat_2 + dia_turno_curso,qualquer_melhoria_na_passada,aleatoria_por_passada,42,180.0,1,180.0,600.0,1,0,TEMPO_TOTAL,,,
1,2,98,par_cursos,ADM+MED,89,18676,76314,OPTIMAL,185249.5,185249.5,False,185249.5,1.9,1.59,600.0,,,,alfabetica,,aleatoria_por_passada,42,cursos_exat_2,98,35,True,TEMPO_TOTAL,iteracao,combinada_cursos_exat_2_dia_turno_curso_aleatoria,180.0,180.0,600.0,14400.0,False,False,alfabetica,42,alfabetica,,./dados/2024_1/horarios_2024_1.xlsx,./dados/2024_1/salas_2024_1.csv,./dados/2024_1/salas_preferenciais_2024.1.xlsx,/Users/robertdrey/Documents/workspace/development/alocador_de_salas,resultados/experimentos/2024_1/novas_hibridas/combinada_aleatoria/20261002_003719_seed42/melhor.sol,resultados/experimentos/2024_1/novas_hibridas/combinada_aleatoria/20261002_003719_seed42/historico.csv,resultados/experimentos/2024_1/novas_hibridas/combinada_aleatoria/20261002_003719_seed42/historico.json,combinada_aleatoria,cursos_exat_2 + dia_turno_curso,qualquer_melhoria_na_passada,aleatoria_por_passada,42,180.0,1,180.0,600.0,1,0,TEMPO_TOTAL,ADM,MED,98
1,2,99,par_cursos,GEO+MAT,33,7038,87952,OPTIMAL,185249.5,185249.5,False,185249.5,0.67,0.36,600.0,,,,alfabetica,,aleatoria_por_passada,42,cursos_exat_2,99,36,True,TEMPO_TOTAL,iteracao,combinada_cursos_exat_2_dia_turno_curso_aleatoria,180.0,180.0,600.0,14400.0,False,False,alfabetica,42,alfabetica,,./dados/2024_1/horarios_2024_1.xlsx,./dados/2024_1/salas_2024_1.csv,./dados/2024_1/salas_preferenciais_2024.1.xlsx,/Users/robertdrey/Documents/workspace/development/alocador_de_salas,resultados/experimentos/2024_1/novas_hibridas/combinada_aleatoria/20261002_003719_seed42/melhor.sol,resultados/experimentos/2024_1/novas_hibridas/combinada_aleatoria/20261002_003719_seed42/historico.csv,resultados/experimentos/2024_1/novas_hibridas/combinada_aleatoria/20261002_003719_seed42/historico.json,combinada_aleatoria,cursos_exat_2 + dia_turno_curso,qualquer_melhoria_na_passada,aleatoria_por_passada,42,180.0,1,180.0,600.0,1,0,TEMPO_TOTAL,GEO,MAT,99
1,2,100,dia_turno_curso,3_M_EAS,75,16928,78062,OPTIMAL,185249.5,185249.5,False,185249.5,2.55,2.24,600.0,3,M,EAS,alfabetica,,aleatoria_por_passada,42,dia_turno_curso,100,64,True,TEMPO_TOTAL,iteracao,combinada_cursos_exat_2_dia_turno_curso_aleatoria,180.0,180.0,600.0,14400.0,False,False,alfabetica,42,alfabetica,,./dados/2024_1/horarios_2024_1.xlsx,./dados/2024_1/salas_2024_1.csv,./dados/2024_1/salas_preferenciais_2024.1.xlsx,/Users/robertdrey/Documents/workspace/development/alocador_de_salas,resultados/experimentos/2024_1/novas_hibridas/combinada_aleatoria/20261002_003719_seed42/melhor.sol,resultados/experimentos/2024_1/novas_hibridas/combinada_aleatoria/20261002_003719_seed42/historico.csv,resultados/experimentos/2024_1/novas_hibridas/combinada_aleatoria/20261002_003719_seed42/historico.json,combinada_aleatoria,cursos_exat_2 + dia_turno_curso,qualquer_melhoria_na_passada,aleatoria_por_passada,42,180.0,1,180.0,600.0,1,0,TEMPO_TOTAL,,,
1,2,101,par_cursos,AGRO+MAT,74,13708,81282,OPTIMAL,185249.5,185249.5,False,185249.5,5.96,5.62,600.0,,,,alfabetica,,aleatoria_por_passada,42,cursos_exat_2,101,37,True,TEMPO_TOTAL,iteracao,combinada_cursos_exat_2_dia_turno_curso_aleatoria,180.0,180.0,600.0,14400.0,False,False,alfabetica,42,alfabetica,,./dados/2024_1/horarios_2024_1.xlsx,./dados/2024_1/salas_2024_1.csv,./dados/2024_1/salas_preferenciais_2024.1.xlsx,/Users/robertdrey/Documents/workspace/development/alocador_de_salas,resultados/experimentos/2024_1/novas_hibridas/combinada_aleatoria/20261002_003719_seed42/melhor.sol,resultados/experimentos/2024_1/novas_hibridas/combinada_aleatoria/20261002_003719_seed42/historico.csv,resultados/experimentos/2024_1/novas_hibridas/combinada_aleatoria/20261002_003719_seed42/historico.json,combinada_aleatoria,cursos_exat_2 + dia_turno_curso,qualquer_melhoria_na_passada,aleatoria_por_passada,42,180.0,1,180.0,600.0,1,0,TEMPO_TOTAL,AGRO,MAT,101
1,2,102,dia_turno_curso,4_M_CS,56,15180,79810,OPTIMAL,185249.5,185249.5,False,185249.5,1.47,1.13,600.0,4,M,CS,alfabetica,,aleatoria_por_passada,42,dia_turno_curso,102,65,True,TEMPO_TOTAL,iteracao,combinada_cursos_exat_2_dia_turno_curso_aleatoria,180.0,180.0,600.0,14400.0,False,False,alfabetica,42,alfabetica,,./dados/2024_1/horarios_2024_1.xlsx,./dados/2024_1/salas_2024_1.csv,./dados/2024_1/salas_preferenciais_2024.1.xlsx,/Users/robertdrey/Documents/workspace/development/alocador_de_salas,resultados/experimentos/2024_1/novas_hibridas/combinada_aleatoria/20261002_003719_seed42/melhor.sol,resultados/experimentos/2024_1/novas_hibridas/combinada_aleatoria/20261002_003719_seed42/historico.csv,resultados/experimentos/2024_1/novas_hibridas/combinada_aleatoria/20261002_003719_seed42/historico.json,combinada_aleatoria,cursos_exat_2 + dia_turno_curso,qualquer_melhoria_na_passada,aleatoria_por_passada,42,180.0,1,180.0,600.0,1,0,TEMPO_TOTAL,,,
1,2,103,par_cursos,GEO+LET,46,11224,83766,OPTIMAL,185249.5,185242.5,True,185242.5,2.65,2.29,600.0,,,,alfabetica,,aleatoria_por_passada,42,cursos_exat_2,103,38,True,TEMPO_TOTAL,iteracao,combinada_cursos_exat_2_dia_turno_curso_aleatoria,180.0,180.0,600.0,14400.0,False,False,alfabetica,42,alfabetica,,./dados/2024_1/horarios_2024_1.xlsx,./dados/2024_1/salas_2024_1.csv,./dados/2024_1/salas_preferenciais_2024.1.xlsx,/Users/robertdrey/Documents/workspace/development/alocador_de_salas,resultados/experimentos/2024_1/novas_hibridas/combinada_aleatoria/20261002_003719_seed42/melhor.sol,resultados/experimentos/2024_1/novas_hibridas/combinada_aleatoria/20261002_003719_seed42/historico.csv,resultados/experimentos/2024_1/novas_hibridas/combinada_aleatoria/20261002_003719_seed42/historico.json,combinada_aleatoria,cursos_exat_2 + dia_turno_curso,qualquer_melhoria_na_passada,aleatoria_por_passada,42,180.0,1,180.0,600.0,1,0,TEMPO_TOTAL,GEO,LET,103
1,2,104,par_cursos,FIL+MED,56,12144,82846,OPTIMAL,185242.5,185242.5,False,185242.5,1.29,0.92,600.0,,,,alfabetica,,aleatoria_por_passada,42,cursos_exat_2,104,39,True,TEMPO_TOTAL,iteracao,combinada_cursos_exat_2_dia_turno_curso_aleatoria,180.0,180.0,600.0,14400.0,False,False,alfabetica,42,alfabetica,,./dados/2024_1/horarios_2024_1.xlsx,./dados/2024_1/salas_2024_1.csv,./dados/2024_1/salas_preferenciais_2024.1.xlsx,/Users/robertdrey/Documents/workspace/development/alocador_de_salas,resultados/experimentos/2024_1/novas_hibridas/combinada_aleatoria/20261002_003719_seed42/melhor.sol,resultados/experimentos/2024_1/novas_hibridas/combinada_aleatoria/20261002_003719_seed42/historico.csv,resultados/experimentos/2024_1/novas_hibridas/combinada_aleatoria/20261002_003719_seed42/historico.json,combinada_aleatoria,cursos_exat_2 + dia_turno_curso,qualquer_melhoria_na_passada,aleatoria_por_passada,42,180.0,1,180.0,600.0,1,0,TEMPO_TOTAL,FIL,MED,104
1,2,105,dia_turno_curso,3_T_EAS,74,17848,77142,OPTIMAL,185242.5,185242.5,False,185242.5,1.55,1.25,600.0,3,T,EAS,alfabetica,,aleatoria_por_passada,42,dia_turno_curso,105,66,True,TEMPO_TOTAL,iteracao,combinada_cursos_exat_2_dia_turno_curso_aleatoria,180.0,180.0,600.0,14400.0,False,False,alfabetica,42,alfabetica,,./dados/2024_1/horarios_2024_1.xlsx,./dados/2024_1/salas_2024_1.csv,./dados/2024_1/salas_preferenciais_2024.1.xlsx,/Users/robertdrey/Documents/workspace/development/alocador_de_salas,resultados/experimentos/2024_1/novas_hibridas/combinada_aleatoria/20261002_003719_seed42/melhor.sol,resultados/experimentos/2024_1/novas_hibridas/combinada_aleatoria/20261002_003719_seed42/historico.csv,resultados/experimentos/2024_1/novas_hibridas/combinada_aleatoria/20261002_003719_seed42/historico.json,combinada_aleatoria,cursos_exat_2 + dia_turno_curso,qualquer_melhoria_na_passada,aleatoria_por_passada,42,180.0,1,180.0,600.0,1,0,TEMPO_TOTAL,,,
1,2,106,par_cursos,ADM+GEO,58,11362,83628,OPTIMAL,185242.5,185242.5,False,185242.5,0.99,0.65,600.0,,,,alfabetica,,aleatoria_por_passada,42,cursos_exat_2,106,40,True,TEMPO_TOTAL,iteracao,combinada_cursos_exat_2_dia_turno_curso_aleatoria,180.0,180.0,600.0,14400.0,False,False,alfabetica,42,alfabetica,,./dados/2024_1/horarios_2024_1.xlsx,./dados/2024_1/salas_2024_1.csv,./dados/2024_1/salas_preferenciais_2024.1.xlsx,/Users/robertdrey/Documents/workspace/development/alocador_de_salas,resultados/experimentos/2024_1/novas_hibridas/combinada_aleatoria/20261002_003719_seed42/melhor.sol,resultados/experimentos/2024_1/novas_hibridas/combinada_aleatoria/20261002_003719_seed42/historico.csv,resultados/experimentos/2024_1/novas_hibridas/combinada_aleatoria/20261002_003719_seed42/historico.json,combinada_aleatoria,cursos_exat_2 + dia_turno_curso,qualquer_melhoria_na_passada,aleatoria_por_passada,42,180.0,1,180.0,600.0,1,0,TEMPO_TOTAL,ADM,GEO,106
1,2,107,dia_turno_curso,3_M_PED,86,22126,72864,OPTIMAL,185242.5,185242.5,False,185242.5,59.42,59.1,600.0,3,M,PED,alfabetica,,aleatoria_por_passada,42,dia_turno_curso,107,67,True,TEMPO_TOTAL,iteracao,combinada_cursos_exat_2_dia_turno_curso_aleatoria,180.0,180.0,600.0,14400.0,False,False,alfabetica,42,alfabetica,,./dados/2024_1/horarios_2024_1.xlsx,./dados/2024_1/salas_2024_1.csv,./dados/2024_1/salas_preferenciais_2024.1.xlsx,/Users/robertdrey/Documents/workspace/development/alocador_de_salas,resultados/experimentos/2024_1/novas_hibridas/combinada_aleatoria/20261002_003719_seed42/melhor.sol,resultados/experimentos/2024_1/novas_hibridas/combinada_aleatoria/20261002_003719_seed42/historico.csv,resultados/experimentos/2024_1/novas_hibridas/combinada_aleatoria/20261002_003719_seed42/historico.json,combinada_aleatoria,cursos_exat_2 + dia_turno_curso,qualquer_melhoria_na_passada,aleatoria_por_passada,42,180.0,1,180.0,600.0,1,0,TEMPO_TOTAL,,,
1,2,108,par_cursos,CS+MED,63,13938,81052,OPTIMAL,185242.5,185242.5,False,185242.5,1.13,0.83,600.0,,,,alfabetica,,aleatoria_por_passada,42,cursos_exat_2,108,41,True,TEMPO_TOTAL,iteracao,combinada_cursos_exat_2_dia_turno_curso_aleatoria,180.0,180.0,600.0,14400.0,False,False,alfabetica,42,alfabetica,,./dados/2024_1/horarios_2024_1.xlsx,./dados/2024_1/salas_2024_1.csv,./dados/2024_1/salas_preferenciais_2024.1.xlsx,/Users/robertdrey/Documents/workspace/development/alocador_de_salas,resultados/experimentos/2024_1/novas_hibridas/combinada_aleatoria/20261002_003719_seed42/melhor.sol,resultados/experimentos/2024_1/novas_hibridas/combinada_aleatoria/20261002_003719_seed42/historico.csv,resultados/experimentos/2024_1/novas_hibridas/combinada_aleatoria/20261002_003719_seed42/historico.json,combinada_aleatoria,cursos_exat_2 + dia_turno_curso,qualquer_melhoria_na_passada,aleatoria_por_passada,42,180.0,1,180.0,600.0,1,0,TEMPO_TOTAL,CS,MED,108
1,2,109,dia_turno_curso,2_N_CS,59,13248,81742,OPTIMAL,185242.5,185242.5,False,185242.5,1.51,1.22,600.0,2,N,CS,alfabetica,,aleatoria_por_passada,42,dia_turno_curso,109,68,True,TEMPO_TOTAL,iteracao,combinada_cursos_exat_2_dia_turno_curso_aleatoria,180.0,180.0,600.0,14400.0,False,False,alfabetica,42,alfabetica,,./dados/2024_1/horarios_2024_1.xlsx,./dados/2024_1/salas_2024_1.csv,./dados/2024_1/salas_preferenciais_2024.1.xlsx,/Users/robertdrey/Documents/workspace/development/alocador_de_salas,resultados/experimentos/2024_1/novas_hibridas/combinada_aleatoria/20261002_003719_seed42/melhor.sol,resultados/experimentos/2024_1/novas_hibridas/combinada_aleatoria/20261002_003719_seed42/historico.csv,resultados/experimentos/2024_1/novas_hibridas/combinada_aleatoria/20261002_003719_seed42/historico.json,combinada_aleatoria,cursos_exat_2 + dia_turno_curso,qualquer_melhoria_na_passada,aleatoria_por_passada,42,180.0,1,180.0,600.0,1,0,TEMPO_TOTAL,,,
1,2,110,dia_turno_curso,4_N_HIS,62,13938,81052,OPTIMAL,185242.5,185242.5,False,185242.5,1.89,1.59,600.0,4,N,HIS,alfabetica,,aleatoria_por_passada,42,dia_turno_curso,110,69,True,TEMPO_TOTAL,iteracao,combinada_cursos_exat_2_dia_turno_curso_aleatoria,180.0,180.0,600.0,14400.0,False,False,alfabetica,42,alfabetica,,./dados/2024_1/horarios_2024_1.xlsx,./dados/2024_1/salas_2024_1.csv,./dados/2024_1/salas_preferenciais_2024.1.xlsx,/Users/robertdrey/Documents/workspace/development/alocador_de_salas,resultados/experimentos/2024_1/novas_hibridas/combinada_aleatoria/20261002_003719_seed42/melhor.sol,resultados/experimentos/2024_1/novas_hibridas/combinada_aleatoria/20261002_003719_seed42/historico.csv,resultados/experimentos/2024_1/novas_hibridas/combinada_aleatoria/20261002_003719_seed42/historico.json,combinada_aleatoria,cursos_exat_2 + dia_turno_curso,qualquer_melhoria_na_passada,aleatoria_por_passada,42,180.0,1,180.0,600.0,1,0,TEMPO_TOTAL,,,
1,2,111,par_cursos,HIS+MAT,47,9752,85238,OPTIMAL,185242.5,185242.5,False,185242.5,0.79,0.49,600.0,,,,alfabetica,,aleatoria_por_passada,42,cursos_exat_2,111,42,True,TEMPO_TOTAL,iteracao,combinada_cursos_exat_2_dia_turno_curso_aleatoria,180.0,180.0,600.0,14400.0,False,False,alfabetica,42,alfabetica,,./dados/2024_1/horarios_2024_1.xlsx,./dados/2024_1/salas_2024_1.csv,./dados/2024_1/salas_preferenciais_2024.1.xlsx,/Users/robertdrey/Documents/workspace/development/alocador_de_salas,resultados/experimentos/2024_1/novas_hibridas/combinada_aleatoria/20261002_003719_seed42/melhor.sol,resultados/experimentos/2024_1/novas_hibridas/combinada_aleatoria/20261002_003719_seed42/historico.csv,resultados/experimentos/2024_1/novas_hibridas/combinada_aleatoria/20261002_003719_seed42/historico.json,combinada_aleatoria,cursos_exat_2 + dia_turno_curso,qualquer_melhoria_na_passada,aleatoria_por_passada,42,180.0,1,180.0,600.0,1,0,TEMPO_TOTAL,HIS,MAT,111
1,2,112,dia_turno_curso,2_N_CC,83,19136,75854,OPTIMAL,185242.5,185242.5,False,185242.5,3.82,3.51,600.0,2,N,CC,alfabetica,,aleatoria_por_passada,42,dia_turno_curso,112,70,True,TEMPO_TOTAL,iteracao,combinada_cursos_exat_2_dia_turno_curso_aleatoria,180.0,180.0,600.0,14400.0,False,False,alfabetica,42,alfabetica,,./dados/2024_1/horarios_2024_1.xlsx,./dados/2024_1/salas_2024_1.csv,./dados/2024_1/salas_preferenciais_2024.1.xlsx,/Users/robertdrey/Documents/workspace/development/alocador_de_salas,resultados/experimentos/2024_1/novas_hibridas/combinada_aleatoria/20261002_003719_seed42/melhor.sol,resultados/experimentos/2024_1/novas_hibridas/combinada_aleatoria/20261002_003719_seed42/historico.csv,resultados/experimentos/2024_1/novas_hibridas/combinada_aleatoria/20261002_003719_seed42/historico.json,combinada_aleatoria,cursos_exat_2 + dia_turno_curso,qualquer_melhoria_na_passada,aleatoria_por_passada,42,180.0,1,180.0,600.0,1,0,TEMPO_TOTAL,,,
1,2,113,par_cursos,LET+PED,92,21942,73048,OPTIMAL,185242.5,185242.5,False,185242.5,39.4,39.06,600.0,,,,alfabetica,,aleatoria_por_passada,42,cursos_exat_2,113,43,True,TEMPO_TOTAL,iteracao,combinada_cursos_exat_2_dia_turno_curso_aleatoria,180.0,180.0,600.0,14400.0,False,False,alfabetica,42,alfabetica,,./dados/2024_1/horarios_2024_1.xlsx,./dados/2024_1/salas_2024_1.csv,./dados/2024_1/salas_preferenciais_2024.1.xlsx,/Users/robertdrey/Documents/workspace/development/alocador_de_salas,resultados/experimentos/2024_1/novas_hibridas/combinada_aleatoria/20261002_003719_seed42/melhor.sol,resultados/experimentos/2024_1/novas_hibridas/combinada_aleatoria/20261002_003719_seed42/historico.csv,resultados/experimentos/2024_1/novas_hibridas/combinada_aleatoria/20261002_003719_seed42/historico.json,combinada_aleatoria,cursos_exat_2 + dia_turno_curso,qualquer_melhoria_na_passada,aleatoria_por_passada,42,180.0,1,180.0,600.0,1,0,TEMPO_TOTAL,LET,PED,113
1,2,114,par_cursos,ADM+HIS,72,14076,80914,OPTIMAL,185242.5,185242.5,False,185242.5,1.08,0.74,600.0,,,,alfabetica,,aleatoria_por_passada,42,cursos_exat_2,114,44,True,TEMPO_TOTAL,iteracao,combinada_cursos_exat_2_dia_turno_curso_aleatoria,180.0,180.0,600.0,14400.0,False,False,alfabetica,42,alfabetica,,./dados/2024_1/horarios_2024_1.xlsx,./dados/2024_1/salas_2024_1.csv,./dados/2024_1/salas_preferenciais_2024.1.xlsx,/Users/robertdrey/Documents/workspace/development/alocador_de_salas,resultados/experimentos/2024_1/novas_hibridas/combinada_aleatoria/20261002_003719_seed42/melhor.sol,resultados/experimentos/2024_1/novas_hibridas/combinada_aleatoria/20261002_003719_seed42/historico.csv,resultados/experimentos/2024_1/novas_hibridas/combinada_aleatoria/20261002_003719_seed42/historico.json,combinada_aleatoria,cursos_exat_2 + dia_turno_curso,qualquer_melhoria_na_passada,aleatoria_por_passada,42,180.0,1,180.0,600.0,1,0,TEMPO_TOTAL,ADM,HIS,114
1,2,115,dia_turno_curso,7_M_AGRO,68,15870,79120,OPTIMAL,185242.5,185242.5,False,185242.5,5.45,5.13,600.0,7,M,AGRO,alfabetica,,aleatoria_por_passada,42,dia_turno_curso,115,71,True,TEMPO_TOTAL,iteracao,combinada_cursos_exat_2_dia_turno_curso_aleatoria,180.0,180.0,600.0,14400.0,False,False,alfabetica,42,alfabetica,,./dados/2024_1/horarios_2024_1.xlsx,./dados/2024_1/salas_2024_1.csv,./dados/2024_1/salas_preferenciais_2024.1.xlsx,/Users/robertdrey/Documents/workspace/development/alocador_de_salas,resultados/experimentos/2024_1/novas_hibridas/combinada_aleatoria/20261002_003719_seed42/melhor.sol,resultados/experimentos/2024_1/novas_hibridas/combinada_aleatoria/20261002_003719_seed42/historico.csv,resultados/experimentos/2024_1/novas_hibridas/combinada_aleatoria/20261002_003719_seed42/historico.json,combinada_aleatoria,cursos_exat_2 + dia_turno_curso,qualquer_melhoria_na_passada,aleatoria_por_passada,42,180.0,1,180.0,600.0,1,0,TEMPO_TOTAL,,,
1,2,116,par_cursos,CS+HIS,46,9338,85652,OPTIMAL,185242.5,185242.5,False,185242.5,0.96,0.64,600.0,,,,alfabetica,,aleatoria_por_passada,42,cursos_exat_2,116,45,True,TEMPO_TOTAL,iteracao,combinada_cursos_exat_2_dia_turno_curso_aleatoria,180.0,180.0,600.0,14400.0,False,False,alfabetica,42,alfabetica,,./dados/2024_1/horarios_2024_1.xlsx,./dados/2024_1/salas_2024_1.csv,./dados/2024_1/salas_preferenciais_2024.1.xlsx,/Users/robertdrey/Documents/workspace/development/alocador_de_salas,resultados/experimentos/2024_1/novas_hibridas/combinada_aleatoria/20261002_003719_seed42/melhor.sol,resultados/experimentos/2024_1/novas_hibridas/combinada_aleatoria/20261002_003719_seed42/historico.csv,resultados/experimentos/2024_1/novas_hibridas/combinada_aleatoria/20261002_003719_seed42/historico.json,combinada_aleatoria,cursos_exat_2 + dia_turno_curso,qualquer_melhoria_na_passada,aleatoria_por_passada,42,180.0,1,180.0,600.0,1,0,TEMPO_TOTAL,CS,HIS,116
1,2,117,dia_turno_curso,5_N_PED,90,19780,75210,OPTIMAL,185242.5,185242.5,False,185242.5,44.94,44.63,600.0,5,N,PED,alfabetica,,aleatoria_por_passada,42,dia_turno_curso,117,72,True,TEMPO_TOTAL,iteracao,combinada_cursos_exat_2_dia_turno_curso_aleatoria,180.0,180.0,600.0,14400.0,False,False,alfabetica,42,alfabetica,,./dados/2024_1/horarios_2024_1.xlsx,./dados/2024_1/salas_2024_1.csv,./dados/2024_1/salas_preferenciais_2024.1.xlsx,/Users/robertdrey/Documents/workspace/development/alocador_de_salas,resultados/experimentos/2024_1/novas_hibridas/combinada_aleatoria/20261002_003719_seed42/melhor.sol,resultados/experimentos/2024_1/novas_hibridas/combinada_aleatoria/20261002_003719_seed42/historico.csv,resultados/experimentos/2024_1/novas_hibridas/combinada_aleatoria/20261002_003719_seed42/historico.json,combinada_aleatoria,cursos_exat_2 + dia_turno_curso,qualquer_melhoria_na_passada,aleatoria_por_passada,42,180.0,1,180.0,600.0,1,0,TEMPO_TOTAL,,,
1,2,118,dia_turno_curso,4_N_LET,69,16744,78246,OPTIMAL,185242.5,185242.5,False,185242.5,38.27,37.94,600.0,4,N,LET,alfabetica,,aleatoria_por_passada,42,dia_turno_curso,118,73,True,TEMPO_TOTAL,iteracao,combinada_cursos_exat_2_dia_turno_curso_aleatoria,180.0,180.0,600.0,14400.0,False,False,alfabetica,42,alfabetica,,./dados/2024_1/horarios_2024_1.xlsx,./dados/2024_1/salas_2024_1.csv,./dados/2024_1/salas_preferenciais_2024.1.xlsx,/Users/robertdrey/Documents/workspace/development/alocador_de_salas,resultados/experimentos/2024_1/novas_hibridas/combinada_aleatoria/20261002_003719_seed42/melhor.sol,resultados/experimentos/2024_1/novas_hibridas/combinada_aleatoria/20261002_003719_seed42/historico.csv,resultados/experimentos/2024_1/novas_hibridas/combinada_aleatoria/20261002_003719_seed42/historico.json,combinada_aleatoria,cursos_exat_2 + dia_turno_curso,qualquer_melhoria_na_passada,aleatoria_por_passada,42,180.0,1,180.0,600.0,1,0,TEMPO_TOTAL,,,
1,2,119,dia_turno_curso,6_M_PED,81,18078,76912,OPTIMAL,185242.5,185242.5,False,185242.5,13.9,13.53,600.0,6,M,PED,alfabetica,,aleatoria_por_passada,42,dia_turno_curso,119,74,True,TEMPO_TOTAL,iteracao,combinada_cursos_exat_2_dia_turno_curso_aleatoria,180.0,180.0,600.0,14400.0,False,False,alfabetica,42,alfabetica,,./dados/2024_1/horarios_2024_1.xlsx,./dados/2024_1/salas_2024_1.csv,./dados/2024_1/salas_preferenciais_2024.1.xlsx,/Users/robertdrey/Documents/workspace/development/alocador_de_salas,resultados/experimentos/2024_1/novas_hibridas/combinada_aleatoria/20261002_003719_seed42/melhor.sol,resultados/experimentos/2024_1/novas_hibridas/combinada_aleatoria/20261002_003719_seed42/historico.csv,resultados/experimentos/2024_1/novas_hibridas/combinada_aleatoria/20261002_003719_seed42/historico.json,combinada_aleatoria,cursos_exat_2 + dia_turno_curso,qualquer_melhoria_na_passada,aleatoria_por_passada,42,180.0,1,180.0,600.0,1,0,TEMPO_TOTAL,,,
1,2,120,dia_turno_curso,2_T_MAT,56,16606,78384,OPTIMAL,185242.5,185242.5,False,185242.5,1.51,1.19,600.0,2,T,MAT,alfabetica,,aleatoria_por_passada,42,dia_turno_curso,120,75,True,TEMPO_TOTAL,iteracao,combinada_cursos_exat_2_dia_turno_curso_aleatoria,180.0,180.0,600.0,14400.0,False,False,alfabetica,42,alfabetica,,./dados/2024_1/horarios_2024_1.xlsx,./dados/2024_1/salas_2024_1.csv,./dados/2024_1/salas_preferenciais_2024.1.xlsx,/Users/robertdrey/Documents/workspace/development/alocador_de_salas,resultados/experimentos/2024_1/novas_hibridas/combinada_aleatoria/20261002_003719_seed42/melhor.sol,resultados/experimentos/2024_1/novas_hibridas/combinada_aleatoria/20261002_003719_seed42/historico.csv,resultados/experimentos/2024_1/novas_hibridas/combinada_aleatoria/20261002_003719_seed42/historico.json,combinada_aleatoria,cursos_exat_2 + dia_turno_curso,qualquer_melhoria_na_passada,aleatoria_por_passada,42,180.0,1,180.0,600.0,1,0,TEMPO_TOTAL,,,
1,2,121,dia_turno_curso,6_N_GEO,47,10304,84686,OPTIMAL,185242.5,185242.5,False,185242.5,1.89,1.58,600.0,6,N,GEO,alfabetica,,aleatoria_por_passada,42,dia_turno_curso,121,76,True,TEMPO_TOTAL,iteracao,combinada_cursos_exat_2_dia_turno_curso_aleatoria,180.0,180.0,600.0,14400.0,False,False,alfabetica,42,alfabetica,,./dados/2024_1/horarios_2024_1.xlsx,./dados/2024_1/salas_2024_1.csv,./dados/2024_1/salas_preferenciais_2024.1.xlsx,/Users/robertdrey/Documents/workspace/development/alocador_de_salas,resultados/experimentos/2024_1/novas_hibridas/combinada_aleatoria/20261002_003719_seed42/melhor.sol,resultados/experimentos/2024_1/novas_hibridas/combinada_aleatoria/20261002_003719_seed42/historico.csv,resultados/experimentos/2024_1/novas_hibridas/combinada_aleatoria/20261002_003719_seed42/historico.json,combinada_aleatoria,cursos_exat_2 + dia_turno_curso,qualquer_melhoria_na_passada,aleatoria_por_passada,42,180.0,1,180.0,600.0,1,0,TEMPO_TOTAL,,,
1,2,122,dia_turno_curso,5_M_ADM,80,19734,75256,OPTIMAL,185242.5,185242.5,False,185242.5,2.74,2.42,600.0,5,M,ADM,alfabetica,,aleatoria_por_passada,42,dia_turno_curso,122,77,True,TEMPO_TOTAL,iteracao,combinada_cursos_exat_2_dia_turno_curso_aleatoria,180.0,180.0,600.0,14400.0,False,False,alfabetica,42,alfabetica,,./dados/2024_1/horarios_2024_1.xlsx,./dados/2024_1/salas_2024_1.csv,./dados/2024_1/salas_preferenciais_2024.1.xlsx,/Users/robertdrey/Documents/workspace/development/alocador_de_salas,resultados/experimentos/2024_1/novas_hibridas/combinada_aleatoria/20261002_003719_seed42/melhor.sol,resultados/experimentos/2024_1/novas_hibridas/combinada_aleatoria/20261002_003719_seed42/historico.csv,resultados/experimentos/2024_1/novas_hibridas/combinada_aleatoria/20261002_003719_seed42/historico.json,combinada_aleatoria,cursos_exat_2 + dia_turno_curso,qualquer_melhoria_na_passada,aleatoria_por_passada,42,180.0,1,180.0,600.0,1,0,TEMPO_TOTAL,,,
1,2,123,dia_turno_curso,2_N_LET,71,16790,78200,OPTIMAL,185242.5,185242.5,False,185242.5,3.21,2.89,600.0,2,N,LET,alfabetica,,aleatoria_por_passada,42,dia_turno_curso,123,78,True,TEMPO_TOTAL,iteracao,combinada_cursos_exat_2_dia_turno_curso_aleatoria,180.0,180.0,600.0,14400.0,False,False,alfabetica,42,alfabetica,,./dados/2024_1/horarios_2024_1.xlsx,./dados/2024_1/salas_2024_1.csv,./dados/2024_1/salas_preferenciais_2024.1.xlsx,/Users/robertdrey/Documents/workspace/development/alocador_de_salas,resultados/experimentos/2024_1/novas_hibridas/combinada_aleatoria/20261002_003719_seed42/melhor.sol,resultados/experimentos/2024_1/novas_hibridas/combinada_aleatoria/20261002_003719_seed42/historico.csv,resultados/experimentos/2024_1/novas_hibridas/combinada_aleatoria/20261002_003719_seed42/historico.json,combinada_aleatoria,cursos_exat_2 + dia_turno_curso,qualquer_melhoria_na_passada,aleatoria_por_passada,42,180.0,1,180.0,600.0,1,0,TEMPO_TOTAL,,,
1,2,124,dia_turno_curso,2_N_ADM,85,18078,76912,OPTIMAL,185242.5,185242.5,False,185242.5,2.15,1.84,600.0,2,N,ADM,alfabetica,,aleatoria_por_passada,42,dia_turno_curso,124,79,True,TEMPO_TOTAL,iteracao,combinada_cursos_exat_2_dia_turno_curso_aleatoria,180.0,180.0,600.0,14400.0,False,False,alfabetica,42,alfabetica,,./dados/2024_1/horarios_2024_1.xlsx,./dados/2024_1/salas_2024_1.csv,./dados/2024_1/salas_preferenciais_2024.1.xlsx,/Users/robertdrey/Documents/workspace/development/alocador_de_salas,resultados/experimentos/2024_1/novas_hibridas/combinada_aleatoria/20261002_003719_seed42/melhor.sol,resultados/experimentos/2024_1/novas_hibridas/combinada_aleatoria/20261002_003719_seed42/historico.csv,resultados/experimentos/2024_1/novas_hibridas/combinada_aleatoria/20261002_003719_seed42/historico.json,combinada_aleatoria,cursos_exat_2 + dia_turno_curso,qualquer_melhoria_na_passada,aleatoria_por_passada,42,180.0,1,180.0,600.0,1,0,TEMPO_TOTAL,,,
1,2,125,dia_turno_curso,3_N_GEO,48,9568,85422,OPTIMAL,185242.5,185242.5,False,185242.5,2.07,1.75,600.0,3,N,GEO,alfabetica,,aleatoria_por_passada,42,dia_turno_curso,125,80,True,TEMPO_TOTAL,iteracao,combinada_cursos_exat_2_dia_turno_curso_aleatoria,180.0,180.0,600.0,14400.0,False,False,alfabetica,42,alfabetica,,./dados/2024_1/horarios_2024_1.xlsx,./dados/2024_1/salas_2024_1.csv,./dados/2024_1/salas_preferenciais_2024.1.xlsx,/Users/robertdrey/Documents/workspace/development/alocador_de_salas,resultados/experimentos/2024_1/novas_hibridas/combinada_aleatoria/20261002_003719_seed42/melhor.sol,resultados/experimentos/2024_1/novas_hibridas/combinada_aleatoria/20261002_003719_seed42/historico.csv,resultados/experimentos/2024_1/novas_hibridas/combinada_aleatoria/20261002_003719_seed42/historico.json,combinada_aleatoria,cursos_exat_2 + dia_turno_curso,qualquer_melhoria_na_passada,aleatoria_por_passada,42,180.0,1,180.0,600.0,1,0,TEMPO_TOTAL,,,
1,2,126,dia_turno_curso,2_T_GEO,43,13846,81144,OPTIMAL,185242.5,185242.5,False,185242.5,1.51,1.2,600.0,2,T,GEO,alfabetica,,aleatoria_por_passada,42,dia_turno_curso,126,81,True,TEMPO_TOTAL,iteracao,combinada_cursos_exat_2_dia_turno_curso_aleatoria,180.0,180.0,600.0,14400.0,False,False,alfabetica,42,alfabetica,,./dados/2024_1/horarios_2024_1.xlsx,./dados/2024_1/salas_2024_1.csv,./dados/2024_1/salas_preferenciais_2024.1.xlsx,/Users/robertdrey/Documents/workspace/development/alocador_de_salas,resultados/experimentos/2024_1/novas_hibridas/combinada_aleatoria/20261002_003719_seed42/melhor.sol,resultados/experimentos/2024_1/novas_hibridas/combinada_aleatoria/20261002_003719_seed42/historico.csv,resultados/experimentos/2024_1/novas_hibridas/combinada_aleatoria/20261002_003719_seed42/historico.json,combinada_aleatoria,cursos_exat_2 + dia_turno_curso,qualquer_melhoria_na_passada,aleatoria_por_passada,42,180.0,1,180.0,600.0,1,0,TEMPO_TOTAL,,,
1,2,127,dia_turno_curso,4_T_CS,50,14950,80040,OPTIMAL,185242.5,185242.5,False,185242.5,1.15,0.85,600.0,4,T,CS,alfabetica,,aleatoria_por_passada,42,dia_turno_curso,127,82,True,TEMPO_TOTAL,iteracao,combinada_cursos_exat_2_dia_turno_curso_aleatoria,180.0,180.0,600.0,14400.0,False,False,alfabetica,42,alfabetica,,./dados/2024_1/horarios_2024_1.xlsx,./dados/2024_1/salas_2024_1.csv,./dados/2024_1/salas_preferenciais_2024.1.xlsx,/Users/robertdrey/Documents/workspace/development/alocador_de_salas,resultados/experimentos/2024_1/novas_hibridas/combinada_aleatoria/20261002_003719_seed42/melhor.sol,resultados/experimentos/2024_1/novas_hibridas/combinada_aleatoria/20261002_003719_seed42/historico.csv,resultados/experimentos/2024_1/novas_hibridas/combinada_aleatoria/20261002_003719_seed42/historico.json,combinada_aleatoria,cursos_exat_2 + dia_turno_curso,qualquer_melhoria_na_passada,aleatoria_por_passada,42,180.0,1,180.0,600.0,1,0,TEMPO_TOTAL,,,
1,2,128,par_cursos,LET+MED,77,18538,76452,OPTIMAL,185242.5,185242.5,False,185242.5,2.09,1.78,600.0,,,,alfabetica,,aleatoria_por_passada,42,cursos_exat_2,128,46,True,TEMPO_TOTAL,iteracao,combinada_cursos_exat_2_dia_turno_curso_aleatoria,180.0,180.0,600.0,14400.0,False,False,alfabetica,42,alfabetica,,./dados/2024_1/horarios_2024_1.xlsx,./dados/2024_1/salas_2024_1.csv,./dados/2024_1/salas_preferenciais_2024.1.xlsx,/Users/robertdrey/Documents/workspace/development/alocador_de_salas,resultados/experimentos/2024_1/novas_hibridas/combinada_aleatoria/20261002_003719_seed42/melhor.sol,resultados/experimentos/2024_1/novas_hibridas/combinada_aleatoria/20261002_003719_seed42/historico.csv,resultados/experimentos/2024_1/novas_hibridas/combinada_aleatoria/20261002_003719_seed42/historico.json,combinada_aleatoria,cursos_exat_2 + dia_turno_curso,qualquer_melhoria_na_passada,aleatoria_por_passada,42,180.0,1,180.0,600.0,1,0,TEMPO_TOTAL,LET,MED,128
1,2,129,dia_turno_curso,3_T_MED,68,19504,75486,OPTIMAL,185242.5,185242.5,False,185242.5,1.94,1.61,600.0,3,T,MED,alfabetica,,aleatoria_por_passada,42,dia_turno_curso,129,83,True,TEMPO_TOTAL,iteracao,combinada_cursos_exat_2_dia_turno_curso_aleatoria,180.0,180.0,600.0,14400.0,False,False,alfabetica,42,alfabetica,,./dados/2024_1/horarios_2024_1.xlsx,./dados/2024_1/salas_2024_1.csv,./dados/2024_1/salas_preferenciais_2024.1.xlsx,/Users/robertdrey/Documents/workspace/development/alocador_de_salas,resultados/experimentos/2024_1/novas_hibridas/combinada_aleatoria/20261002_003719_seed42/melhor.sol,resultados/experimentos/2024_1/novas_hibridas/combinada_aleatoria/20261002_003719_seed42/historico.csv,resultados/experimentos/2024_1/novas_hibridas/combinada_aleatoria/20261002_003719_seed42/historico.json,combinada_aleatoria,cursos_exat_2 + dia_turno_curso,qualquer_melhoria_na_passada,aleatoria_por_passada,42,180.0,1,180.0,600.0,1,0,TEMPO_TOTAL,,,
1,2,130,par_cursos,GEO+PED,66,14858,80132,OPTIMAL,185242.5,185242.5,False,185242.5,38.53,38.22,600.0,,,,alfabetica,,aleatoria_por_passada,42,cursos_exat_2,130,47,True,TEMPO_TOTAL,iteracao,combinada_cursos_exat_2_dia_turno_curso_aleatoria,180.0,180.0,600.0,14400.0,False,False,alfabetica,42,alfabetica,,./dados/2024_1/horarios_2024_1.xlsx,./dados/2024_1/salas_2024_1.csv,./dados/2024_1/salas_preferenciais_2024.1.xlsx,/Users/robertdrey/Documents/workspace/development/alocador_de_salas,resultados/experimentos/2024_1/novas_hibridas/combinada_aleatoria/20261002_003719_seed42/melhor.sol,resultados/experimentos/2024_1/novas_hibridas/combinada_aleatoria/20261002_003719_seed42/historico.csv,resultados/experimentos/2024_1/novas_hibridas/combinada_aleatoria/20261002_003719_seed42/historico.json,combinada_aleatoria,cursos_exat_2 + dia_turno_curso,qualquer_melhoria_na_passada,aleatoria_por_passada,42,180.0,1,180.0,600.0,1,0,TEMPO_TOTAL,GEO,PED,130
1,2,131,dia_turno_curso,2_N_HIS,61,13570,81420,OPTIMAL,185242.5,185242.5,False,185242.5,1.71,1.39,600.0,2,N,HIS,alfabetica,,aleatoria_por_passada,42,dia_turno_curso,131,84,True,TEMPO_TOTAL,iteracao,combinada_cursos_exat_2_dia_turno_curso_aleatoria,180.0,180.0,600.0,14400.0,False,False,alfabetica,42,alfabetica,,./dados/2024_1/horarios_2024_1.xlsx,./dados/2024_1/salas_2024_1.csv,./dados/2024_1/salas_preferenciais_2024.1.xlsx,/Users/robertdrey/Documents/workspace/development/alocador_de_salas,resultados/experimentos/2024_1/novas_hibridas/combinada_aleatoria/20261002_003719_seed42/melhor.sol,resultados/experimentos/2024_1/novas_hibridas/combinada_aleatoria/20261002_003719_seed42/historico.csv,resultados/experimentos/2024_1/novas_hibridas/combinada_aleatoria/20261002_003719_seed42/historico.json,combinada_aleatoria,cursos_exat_2 + dia_turno_curso,qualquer_melhoria_na_passada,aleatoria_por_passada,42,180.0,1,180.0,600.0,1,0,TEMPO_TOTAL,,,
1,2,132,par_cursos,ADM+AGRO,99,18032,76958,OPTIMAL,185242.5,185242.5,False,185242.5,7.6,7.29,600.0,,,,alfabetica,,aleatoria_por_passada,42,cursos_exat_2,132,48,True,TEMPO_TOTAL,iteracao,combinada_cursos_exat_2_dia_turno_curso_aleatoria,180.0,180.0,600.0,14400.0,False,False,alfabetica,42,alfabetica,,./dados/2024_1/horarios_2024_1.xlsx,./dados/2024_1/salas_2024_1.csv,./dados/2024_1/salas_preferenciais_2024.1.xlsx,/Users/robertdrey/Documents/workspace/development/alocador_de_salas,resultados/experimentos/2024_1/novas_hibridas/combinada_aleatoria/20261002_003719_seed42/melhor.sol,resultados/experimentos/2024_1/novas_hibridas/combinada_aleatoria/20261002_003719_seed42/historico.csv,resultados/experimentos/2024_1/novas_hibridas/combinada_aleatoria/20261002_003719_seed42/historico.json,combinada_aleatoria,cursos_exat_2 + dia_turno_curso,qualquer_melhoria_na_passada,aleatoria_por_passada,42,180.0,1,180.0,600.0,1,0,TEMPO_TOTAL,ADM,AGRO,132
1,2,133,dia_turno_curso,2_N_FIL,53,11730,83260,OPTIMAL,185242.5,185242.5,False,185242.5,1.91,1.59,600.0,2,N,FIL,alfabetica,,aleatoria_por_passada,42,dia_turno_curso,133,85,True,TEMPO_TOTAL,iteracao,combinada_cursos_exat_2_dia_turno_curso_aleatoria,180.0,180.0,600.0,14400.0,False,False,alfabetica,42,alfabetica,,./dados/2024_1/horarios_2024_1.xlsx,./dados/2024_1/salas_2024_1.csv,./dados/2024_1/salas_preferenciais_2024.1.xlsx,/Users/robertdrey/Documents/workspace/development/alocador_de_salas,resultados/experimentos/2024_1/novas_hibridas/combinada_aleatoria/20261002_003719_seed42/melhor.sol,resultados/experimentos/2024_1/novas_hibridas/combinada_aleatoria/20261002_003719_seed42/historico.csv,resultados/experimentos/2024_1/novas_hibridas/combinada_aleatoria/20261002_003719_seed42/historico.json,combinada_aleatoria,cursos_exat_2 + dia_turno_curso,qualquer_melhoria_na_passada,aleatoria_por_passada,42,180.0,1,180.0,600.0,1,0,TEMPO_TOTAL,,,
1,2,134,dia_turno_curso,6_T_CC,68,20102,74888,OPTIMAL,185242.5,185242.5,False,185242.5,2.9,2.58,600.0,6,T,CC,alfabetica,,aleatoria_por_passada,42,dia_turno_curso,134,86,True,TEMPO_TOTAL,iteracao,combinada_cursos_exat_2_dia_turno_curso_aleatoria,180.0,180.0,600.0,14400.0,False,False,alfabetica,42,alfabetica,,./dados/2024_1/horarios_2024_1.xlsx,./dados/2024_1/salas_2024_1.csv,./dados/2024_1/salas_preferenciais_2024.1.xlsx,/Users/robertdrey/Documents/workspace/development/alocador_de_salas,resultados/experimentos/2024_1/novas_hibridas/combinada_aleatoria/20261002_003719_seed42/melhor.sol,resultados/experimentos/2024_1/novas_hibridas/combinada_aleatoria/20261002_003719_seed42/historico.csv,resultados/experimentos/2024_1/novas_hibridas/combinada_aleatoria/20261002_003719_seed42/historico.json,combinada_aleatoria,cursos_exat_2 + dia_turno_curso,qualquer_melhoria_na_passada,aleatoria_por_passada,42,180.0,1,180.0,600.0,1,0,TEMPO_TOTAL,,,
1,2,135,dia_turno_curso,5_T_MED,67,19274,75716,OPTIMAL,185242.5,185242.5,False,185242.5,2.37,2.06,600.0,5,T,MED,alfabetica,,aleatoria_por_passada,42,dia_turno_curso,135,87,True,TEMPO_TOTAL,iteracao,combinada_cursos_exat_2_dia_turno_curso_aleatoria,180.0,180.0,600.0,14400.0,False,False,alfabetica,42,alfabetica,,./dados/2024_1/horarios_2024_1.xlsx,./dados/2024_1/salas_2024_1.csv,./dados/2024_1/salas_preferenciais_2024.1.xlsx,/Users/robertdrey/Documents/workspace/development/alocador_de_salas,resultados/experimentos/2024_1/novas_hibridas/combinada_aleatoria/20261002_003719_seed42/melhor.sol,resultados/experimentos/2024_1/novas_hibridas/combinada_aleatoria/20261002_003719_seed42/historico.csv,resultados/experimentos/2024_1/novas_hibridas/combinada_aleatoria/20261002_003719_seed42/historico.json,combinada_aleatoria,cursos_exat_2 + dia_turno_curso,qualquer_melhoria_na_passada,aleatoria_por_passada,42,180.0,1,180.0,600.0,1,0,TEMPO_TOTAL,,,
1,2,136,dia_turno_curso,2_N_MED,81,18630,76360,OPTIMAL,185242.5,185242.5,False,185242.5,2.68,2.39,600.0,2,N,MED,alfabetica,,aleatoria_por_passada,42,dia_turno_curso,136,88,True,TEMPO_TOTAL,iteracao,combinada_cursos_exat_2_dia_turno_curso_aleatoria,180.0,180.0,600.0,14400.0,False,False,alfabetica,42,alfabetica,,./dados/2024_1/horarios_2024_1.xlsx,./dados/2024_1/salas_2024_1.csv,./dados/2024_1/salas_preferenciais_2024.1.xlsx,/Users/robertdrey/Documents/workspace/development/alocador_de_salas,resultados/experimentos/2024_1/novas_hibridas/combinada_aleatoria/20261002_003719_seed42/melhor.sol,resultados/experimentos/2024_1/novas_hibridas/combinada_aleatoria/20261002_003719_seed42/historico.csv,resultados/experimentos/2024_1/novas_hibridas/combinada_aleatoria/20261002_003719_seed42/historico.json,combinada_aleatoria,cursos_exat_2 + dia_turno_curso,qualquer_melhoria_na_passada,aleatoria_por_passada,42,180.0,1,180.0,600.0,1,0,TEMPO_TOTAL,,,
1,2,137,dia_turno_curso,6_T_MED,64,19274,75716,OPTIMAL,185242.5,185242.5,False,185242.5,2.05,1.76,600.0,6,T,MED,alfabetica,,aleatoria_por_passada,42,dia_turno_curso,137,89,True,TEMPO_TOTAL,iteracao,combinada_cursos_exat_2_dia_turno_curso_aleatoria,180.0,180.0,600.0,14400.0,False,False,alfabetica,42,alfabetica,,./dados/2024_1/horarios_2024_1.xlsx,./dados/2024_1/salas_2024_1.csv,./dados/2024_1/salas_preferenciais_2024.1.xlsx,/Users/robertdrey/Documents/workspace/development/alocador_de_salas,resultados/experimentos/2024_1/novas_hibridas/combinada_aleatoria/20261002_003719_seed42/melhor.sol,resultados/experimentos/2024_1/novas_hibridas/combinada_aleatoria/20261002_003719_seed42/historico.csv,resultados/experimentos/2024_1/novas_hibridas/combinada_aleatoria/20261002_003719_seed42/historico.json,combinada_aleatoria,cursos_exat_2 + dia_turno_curso,qualquer_melhoria_na_passada,aleatoria_por_passada,42,180.0,1,180.0,600.0,1,0,TEMPO_TOTAL,,,
1,2,138,dia_turno_curso,3_N_HIS,60,11960,83030,OPTIMAL,185242.5,185242.5,False,185242.5,1.85,1.54,600.0,3,N,HIS,alfabetica,,aleatoria_por_passada,42,dia_turno_curso,138,90,True,TEMPO_TOTAL,iteracao,combinada_cursos_exat_2_dia_turno_curso_aleatoria,180.0,180.0,600.0,14400.0,False,False,alfabetica,42,alfabetica,,./dados/2024_1/horarios_2024_1.xlsx,./dados/2024_1/salas_2024_1.csv,./dados/2024_1/salas_preferenciais_2024.1.xlsx,/Users/robertdrey/Documents/workspace/development/alocador_de_salas,resultados/experimentos/2024_1/novas_hibridas/combinada_aleatoria/20261002_003719_seed42/melhor.sol,resultados/experimentos/2024_1/novas_hibridas/combinada_aleatoria/20261002_003719_seed42/historico.csv,resultados/experimentos/2024_1/novas_hibridas/combinada_aleatoria/20261002_003719_seed42/historico.json,combinada_aleatoria,cursos_exat_2 + dia_turno_curso,qualquer_melhoria_na_passada,aleatoria_por_passada,42,180.0,1,180.0,600.0,1,0,TEMPO_TOTAL,,,
1,2,139,dia_turno_curso,6_N_ADM,83,17158,77832,OPTIMAL,185242.5,185242.5,False,185242.5,2.52,2.21,600.0,6,N,ADM,alfabetica,,aleatoria_por_passada,42,dia_turno_curso,139,91,True,TEMPO_TOTAL,iteracao,combinada_cursos_exat_2_dia_turno_curso_aleatoria,180.0,180.0,600.0,14400.0,False,False,alfabetica,42,alfabetica,,./dados/2024_1/horarios_2024_1.xlsx,./dados/2024_1/salas_2024_1.csv,./dados/2024_1/salas_preferenciais_2024.1.xlsx,/Users/robertdrey/Documents/workspace/development/alocador_de_salas,resultados/experimentos/2024_1/novas_hibridas/combinada_aleatoria/20261002_003719_seed42/melhor.sol,resultados/experimentos/2024_1/novas_hibridas/combinada_aleatoria/20261002_003719_seed42/historico.csv,resultados/experimentos/2024_1/novas_hibridas/combinada_aleatoria/20261002_003719_seed42/historico.json,combinada_aleatoria,cursos_exat_2 + dia_turno_curso,qualquer_melhoria_na_passada,aleatoria_por_passada,42,180.0,1,180.0,600.0,1,0,TEMPO_TOTAL,,,
1,2,140,dia_turno_curso,6_M_EAS,69,13294,81696,OPTIMAL,185242.5,185242.5,False,185242.5,1.73,1.41,600.0,6,M,EAS,alfabetica,,aleatoria_por_passada,42,dia_turno_curso,140,92,True,TEMPO_TOTAL,iteracao,combinada_cursos_exat_2_dia_turno_curso_aleatoria,180.0,180.0,600.0,14400.0,False,False,alfabetica,42,alfabetica,,./dados/2024_1/horarios_2024_1.xlsx,./dados/2024_1/salas_2024_1.csv,./dados/2024_1/salas_preferenciais_2024.1.xlsx,/Users/robertdrey/Documents/workspace/development/alocador_de_salas,resultados/experimentos/2024_1/novas_hibridas/combinada_aleatoria/20261002_003719_seed42/melhor.sol,resultados/experimentos/2024_1/novas_hibridas/combinada_aleatoria/20261002_003719_seed42/historico.csv,resultados/experimentos/2024_1/novas_hibridas/combinada_aleatoria/20261002_003719_seed42/historico.json,combinada_aleatoria,cursos_exat_2 + dia_turno_curso,qualquer_melhoria_na_passada,aleatoria_por_passada,42,180.0,1,180.0,600.0,1,0,TEMPO_TOTAL,,,
1,2,141,par_cursos,EAS+ENF,63,15962,79028,OPTIMAL,185242.5,185242.5,False,185242.5,11.91,11.57,600.0,,,,alfabetica,,aleatoria_por_passada,42,cursos_exat_2,141,49,True,TEMPO_TOTAL,iteracao,combinada_cursos_exat_2_dia_turno_curso_aleatoria,180.0,180.0,600.0,14400.0,False,False,alfabetica,42,alfabetica,,./dados/2024_1/horarios_2024_1.xlsx,./dados/2024_1/salas_2024_1.csv,./dados/2024_1/salas_preferenciais_2024.1.xlsx,/Users/robertdrey/Documents/workspace/development/alocador_de_salas,resultados/experimentos/2024_1/novas_hibridas/combinada_aleatoria/20261002_003719_seed42/melhor.sol,resultados/experimentos/2024_1/novas_hibridas/combinada_aleatoria/20261002_003719_seed42/historico.csv,resultados/experimentos/2024_1/novas_hibridas/combinada_aleatoria/20261002_003719_seed42/historico.json,combinada_aleatoria,cursos_exat_2 + dia_turno_curso,qualquer_melhoria_na_passada,aleatoria_por_passada,42,180.0,1,180.0,600.0,1,0,TEMPO_TOTAL,EAS,ENF,141
1,2,142,dia_turno_curso,6_N_CS,57,12420,82570,OPTIMAL,185242.5,185242.5,False,185242.5,1.7,1.35,600.0,6,N,CS,alfabetica,,aleatoria_por_passada,42,dia_turno_curso,142,93,True,TEMPO_TOTAL,iteracao,combinada_cursos_exat_2_dia_turno_curso_aleatoria,180.0,180.0,600.0,14400.0,False,False,alfabetica,42,alfabetica,,./dados/2024_1/horarios_2024_1.xlsx,./dados/2024_1/salas_2024_1.csv,./dados/2024_1/salas_preferenciais_2024.1.xlsx,/Users/robertdrey/Documents/workspace/development/alocador_de_salas,resultados/experimentos/2024_1/novas_hibridas/combinada_aleatoria/20261002_003719_seed42/melhor.sol,resultados/experimentos/2024_1/novas_hibridas/combinada_aleatoria/20261002_003719_seed42/historico.csv,resultados/experimentos/2024_1/novas_hibridas/combinada_aleatoria/20261002_003719_seed42/historico.json,combinada_aleatoria,cursos_exat_2 + dia_turno_curso,qualquer_melhoria_na_passada,aleatoria_por_passada,42,180.0,1,180.0,600.0,1,0,TEMPO_TOTAL,,,
1,2,143,par_cursos,CC+CS,69,15088,79902,OPTIMAL,185242.5,185242.5,False,185242.5,2.88,2.57,600.0,,,,alfabetica,,aleatoria_por_passada,42,cursos_exat_2,143,50,True,TEMPO_TOTAL,iteracao,combinada_cursos_exat_2_dia_turno_curso_aleatoria,180.0,180.0,600.0,14400.0,False,False,alfabetica,42,alfabetica,,./dados/2024_1/horarios_2024_1.xlsx,./dados/2024_1/salas_2024_1.csv,./dados/2024_1/salas_preferenciais_2024.1.xlsx,/Users/robertdrey/Documents/workspace/development/alocador_de_salas,resultados/experimentos/2024_1/novas_hibridas/combinada_aleatoria/20261002_003719_seed42/melhor.sol,resultados/experimentos/2024_1/novas_hibridas/combinada_aleatoria/20261002_003719_seed42/historico.csv,resultados/experimentos/2024_1/novas_hibridas/combinada_aleatoria/20261002_003719_seed42/historico.json,combinada_aleatoria,cursos_exat_2 + dia_turno_curso,qualquer_melhoria_na_passada,aleatoria_por_passada,42,180.0,1,180.0,600.0,1,0,TEMPO_TOTAL,CC,CS,143
1,2,144,par_cursos,ADM+EAS,93,16744,78246,OPTIMAL,185242.5,185242.5,False,185242.5,1.32,1.0,600.0,,,,alfabetica,,aleatoria_por_passada,42,cursos_exat_2,144,51,True,TEMPO_TOTAL,iteracao,combinada_cursos_exat_2_dia_turno_curso_aleatoria,180.0,180.0,600.0,14400.0,False,False,alfabetica,42,alfabetica,,./dados/2024_1/horarios_2024_1.xlsx,./dados/2024_1/salas_2024_1.csv,./dados/2024_1/salas_preferenciais_2024.1.xlsx,/Users/robertdrey/Documents/workspace/development/alocador_de_salas,resultados/experimentos/2024_1/novas_hibridas/combinada_aleatoria/20261002_003719_seed42/melhor.sol,resultados/experimentos/2024_1/novas_hibridas/combinada_aleatoria/20261002_003719_seed42/historico.csv,resultados/experimentos/2024_1/novas_hibridas/combinada_aleatoria/20261002_003719_seed42/historico.json,combinada_aleatoria,cursos_exat_2 + dia_turno_curso,qualquer_melhoria_na_passada,aleatoria_por_passada,42,180.0,1,180.0,600.0,1,0,TEMPO_TOTAL,ADM,EAS,144
1,2,145,dia_turno_curso,6_T_LET,63,18998,75992,OPTIMAL,185242.5,185242.5,False,185242.5,1.8,1.49,600.0,6,T,LET,alfabetica,,aleatoria_por_passada,42,dia_turno_curso,145,94,True,TEMPO_TOTAL,iteracao,combinada_cursos_exat_2_dia_turno_curso_aleatoria,180.0,180.0,600.0,14400.0,False,False,alfabetica,42,alfabetica,,./dados/2024_1/horarios_2024_1.xlsx,./dados/2024_1/salas_2024_1.csv,./dados/2024_1/salas_preferenciais_2024.1.xlsx,/Users/robertdrey/Documents/workspace/development/alocador_de_salas,resultados/experimentos/2024_1/novas_hibridas/combinada_aleatoria/20261002_003719_seed42/melhor.sol,resultados/experimentos/2024_1/novas_hibridas/combinada_aleatoria/20261002_003719_seed42/historico.csv,resultados/experimentos/2024_1/novas_hibridas/combinada_aleatoria/20261002_003719_seed42/historico.json,combinada_aleatoria,cursos_exat_2 + dia_turno_curso,qualquer_melhoria_na_passada,aleatoria_por_passada,42,180.0,1,180.0,600.0,1,0,TEMPO_TOTAL,,,
1,2,146,par_cursos,AGRO+CC,98,19274,75716,OPTIMAL,185242.5,185242.5,False,185242.5,100.96,100.65,600.0,,,,alfabetica,,aleatoria_por_passada,42,cursos_exat_2,146,52,True,TEMPO_TOTAL,iteracao,combinada_cursos_exat_2_dia_turno_curso_aleatoria,180.0,180.0,600.0,14400.0,False,False,alfabetica,42,alfabetica,,./dados/2024_1/horarios_2024_1.xlsx,./dados/2024_1/salas_2024_1.csv,./dados/2024_1/salas_preferenciais_2024.1.xlsx,/Users/robertdrey/Documents/workspace/development/alocador_de_salas,resultados/experimentos/2024_1/novas_hibridas/combinada_aleatoria/20261002_003719_seed42/melhor.sol,resultados/experimentos/2024_1/novas_hibridas/combinada_aleatoria/20261002_003719_seed42/historico.csv,resultados/experimentos/2024_1/novas_hibridas/combinada_aleatoria/20261002_003719_seed42/historico.json,combinada_aleatoria,cursos_exat_2 + dia_turno_curso,qualquer_melhoria_na_passada,aleatoria_por_passada,42,180.0,1,180.0,600.0,1,0,TEMPO_TOTAL,AGRO,CC,146
1,2,147,dia_turno_curso,5_N_CC,83,18078,76912,OPTIMAL,185242.5,185242.5,False,185242.5,4.77,4.46,600.0,5,N,CC,alfabetica,,aleatoria_por_passada,42,dia_turno_curso,147,95,True,TEMPO_TOTAL,iteracao,combinada_cursos_exat_2_dia_turno_curso_aleatoria,180.0,180.0,600.0,14400.0,False,False,alfabetica,42,alfabetica,,./dados/2024_1/horarios_2024_1.xlsx,./dados/2024_1/salas_2024_1.csv,./dados/2024_1/salas_preferenciais_2024.1.xlsx,/Users/robertdrey/Documents/workspace/development/alocador_de_salas,resultados/experimentos/2024_1/novas_hibridas/combinada_aleatoria/20261002_003719_seed42/melhor.sol,resultados/experimentos/2024_1/novas_hibridas/combinada_aleatoria/20261002_003719_seed42/historico.csv,resultados/experimentos/2024_1/novas_hibridas/combinada_aleatoria/20261002_003719_seed42/historico.json,combinada_aleatoria,cursos_exat_2 + dia_turno_curso,qualquer_melhoria_na_passada,aleatoria_por_passada,42,180.0,1,180.0,600.0,1,0,TEMPO_TOTAL,,,
1,2,148,dia_turno_curso,4_T_MAT,51,15410,79580,OPTIMAL,185242.5,185242.5,False,185242.5,1.21,0.9,600.0,4,T,MAT,alfabetica,,aleatoria_por_passada,42,dia_turno_curso,148,96,True,TEMPO_TOTAL,iteracao,combinada_cursos_exat_2_dia_turno_curso_aleatoria,180.0,180.0,600.0,14400.0,False,False,alfabetica,42,alfabetica,,./dados/2024_1/horarios_2024_1.xlsx,./dados/2024_1/salas_2024_1.csv,./dados/2024_1/salas_preferenciais_2024.1.xlsx,/Users/robertdrey/Documents/workspace/development/alocador_de_salas,resultados/experimentos/2024_1/novas_hibridas/combinada_aleatoria/20261002_003719_seed42/melhor.sol,resultados/experimentos/2024_1/novas_hibridas/combinada_aleatoria/20261002_003719_seed42/historico.csv,resultados/experimentos/2024_1/novas_hibridas/combinada_aleatoria/20261002_003719_seed42/historico.json,combinada_aleatoria,cursos_exat_2 + dia_turno_curso,qualquer_melhoria_na_passada,aleatoria_por_passada,42,180.0,1,180.0,600.0,1,0,TEMPO_TOTAL,,,
1,2,149,dia_turno_curso,3_T_ENF,47,16146,78844,OPTIMAL,185242.5,185242.5,False,185242.5,4.13,3.83,600.0,3,T,ENF,alfabetica,,aleatoria_por_passada,42,dia_turno_curso,149,97,True,TEMPO_TOTAL,iteracao,combinada_cursos_exat_2_dia_turno_curso_aleatoria,180.0,180.0,600.0,14400.0,False,False,alfabetica,42,alfabetica,,./dados/2024_1/horarios_2024_1.xlsx,./dados/2024_1/salas_2024_1.csv,./dados/2024_1/salas_preferenciais_2024.1.xlsx,/Users/robertdrey/Documents/workspace/development/alocador_de_salas,resultados/experimentos/2024_1/novas_hibridas/combinada_aleatoria/20261002_003719_seed42/melhor.sol,resultados/experimentos/2024_1/novas_hibridas/combinada_aleatoria/20261002_003719_seed42/historico.csv,resultados/experimentos/2024_1/novas_hibridas/combinada_aleatoria/20261002_003719_seed42/historico.json,combinada_aleatoria,cursos_exat_2 + dia_turno_curso,qualquer_melhoria_na_passada,aleatoria_por_passada,42,180.0,1,180.0,600.0,1,0,TEMPO_TOTAL,,,
1,2,150,par_cursos,AGRO+LET,87,17894,77096,OPTIMAL,185242.5,185242.5,False,185242.5,9.21,8.88,600.0,,,,alfabetica,,aleatoria_por_passada,42,cursos_exat_2,150,53,True,TEMPO_TOTAL,iteracao,combinada_cursos_exat_2_dia_turno_curso_aleatoria,180.0,180.0,600.0,14400.0,False,False,alfabetica,42,alfabetica,,./dados/2024_1/horarios_2024_1.xlsx,./dados/2024_1/salas_2024_1.csv,./dados/2024_1/salas_preferenciais_2024.1.xlsx,/Users/robertdrey/Documents/workspace/development/alocador_de_salas,resultados/experimentos/2024_1/novas_hibridas/combinada_aleatoria/20261002_003719_seed42/melhor.sol,resultados/experimentos/2024_1/novas_hibridas/combinada_aleatoria/20261002_003719_seed42/historico.csv,resultados/experimentos/2024_1/novas_hibridas/combinada_aleatoria/20261002_003719_seed42/historico.json,combinada_aleatoria,cursos_exat_2 + dia_turno_curso,qualquer_melhoria_na_passada,aleatoria_por_passada,42,180.0,1,180.0,600.0,1,0,TEMPO_TOTAL,AGRO,LET,150
1,2,151,dia_turno_curso,5_T_EAS,71,17342,77648,OPTIMAL,185242.5,185242.5,False,185242.5,1.73,1.42,600.0,5,T,EAS,alfabetica,,aleatoria_por_passada,42,dia_turno_curso,151,98,True,TEMPO_TOTAL,iteracao,combinada_cursos_exat_2_dia_turno_curso_aleatoria,180.0,180.0,600.0,14400.0,False,False,alfabetica,42,alfabetica,,./dados/2024_1/horarios_2024_1.xlsx,./dados/2024_1/salas_2024_1.csv,./dados/2024_1/salas_preferenciais_2024.1.xlsx,/Users/robertdrey/Documents/workspace/development/alocador_de_salas,resultados/experimentos/2024_1/novas_hibridas/combinada_aleatoria/20261002_003719_seed42/melhor.sol,resultados/experimentos/2024_1/novas_hibridas/combinada_aleatoria/20261002_003719_seed42/historico.csv,resultados/experimentos/2024_1/novas_hibridas/combinada_aleatoria/20261002_003719_seed42/historico.json,combinada_aleatoria,cursos_exat_2 + dia_turno_curso,qualquer_melhoria_na_passada,aleatoria_por_passada,42,180.0,1,180.0,600.0,1,0,TEMPO_TOTAL,,,
1,2,152,dia_turno_curso,3_N_CC,81,17342,77648,OPTIMAL,185242.5,185242.5,False,185242.5,6.8,6.49,600.0,3,N,CC,alfabetica,,aleatoria_por_passada,42,dia_turno_curso,152,99,True,TEMPO_TOTAL,iteracao,combinada_cursos_exat_2_dia_turno_curso_aleatoria,180.0,180.0,600.0,14400.0,False,False,alfabetica,42,alfabetica,,./dados/2024_1/horarios_2024_1.xlsx,./dados/2024_1/salas_2024_1.csv,./dados/2024_1/salas_preferenciais_2024.1.xlsx,/Users/robertdrey/Documents/workspace/development/alocador_de_salas,resultados/experimentos/2024_1/novas_hibridas/combinada_aleatoria/20261002_003719_seed42/melhor.sol,resultados/experimentos/2024_1/novas_hibridas/combinada_aleatoria/20261002_003719_seed42/historico.csv,resultados/experimentos/2024_1/novas_hibridas/combinada_aleatoria/20261002_003719_seed42/historico.json,combinada_aleatoria,cursos_exat_2 + dia_turno_curso,qualquer_melhoria_na_passada,aleatoria_por_passada,42,180.0,1,180.0,600.0,1,0,TEMPO_TOTAL,,,
1,2,153,dia_turno_curso,6_N_CC,82,18400,76590,OPTIMAL,185242.5,185242.5,False,185242.5,7.13,6.82,600.0,6,N,CC,alfabetica,,aleatoria_por_passada,42,dia_turno_curso,153,100,True,TEMPO_TOTAL,iteracao,combinada_cursos_exat_2_dia_turno_curso_aleatoria,180.0,180.0,600.0,14400.0,False,False,alfabetica,42,alfabetica,,./dados/2024_1/horarios_2024_1.xlsx,./dados/2024_1/salas_2024_1.csv,./dados/2024_1/salas_preferenciais_2024.1.xlsx,/Users/robertdrey/Documents/workspace/development/alocador_de_salas,resultados/experimentos/2024_1/novas_hibridas/combinada_aleatoria/20261002_003719_seed42/melhor.sol,resultados/experimentos/2024_1/novas_hibridas/combinada_aleatoria/20261002_003719_seed42/historico.csv,resultados/experimentos/2024_1/novas_hibridas/combinada_aleatoria/20261002_003719_seed42/historico.json,combinada_aleatoria,cursos_exat_2 + dia_turno_curso,qualquer_melhoria_na_passada,aleatoria_por_passada,42,180.0,1,180.0,600.0,1,0,TEMPO_TOTAL,,,
1,2,154,par_cursos,EAS+LET,81,16606,78384,OPTIMAL,185242.5,185242.5,False,185242.5,1.68,1.37,600.0,,,,alfabetica,,aleatoria_por_passada,42,cursos_exat_2,154,54,True,TEMPO_TOTAL,iteracao,combinada_cursos_exat_2_dia_turno_curso_aleatoria,180.0,180.0,600.0,14400.0,False,False,alfabetica,42,alfabetica,,./dados/2024_1/horarios_2024_1.xlsx,./dados/2024_1/salas_2024_1.csv,./dados/2024_1/salas_preferenciais_2024.1.xlsx,/Users/robertdrey/Documents/workspace/development/alocador_de_salas,resultados/experimentos/2024_1/novas_hibridas/combinada_aleatoria/20261002_003719_seed42/melhor.sol,resultados/experimentos/2024_1/novas_hibridas/combinada_aleatoria/20261002_003719_seed42/historico.csv,resultados/experimentos/2024_1/novas_hibridas/combinada_aleatoria/20261002_003719_seed42/historico.json,combinada_aleatoria,cursos_exat_2 + dia_turno_curso,qualquer_melhoria_na_passada,aleatoria_por_passada,42,180.0,1,180.0,600.0,1,0,TEMPO_TOTAL,EAS,LET,154
1,2,155,dia_turno_curso,6_N_AGRO,89,16422,78568,OPTIMAL,185242.5,185242.5,False,185242.5,5.92,5.6,600.0,6,N,AGRO,alfabetica,,aleatoria_por_passada,42,dia_turno_curso,155,101,True,TEMPO_TOTAL,iteracao,combinada_cursos_exat_2_dia_turno_curso_aleatoria,180.0,180.0,600.0,14400.0,False,False,alfabetica,42,alfabetica,,./dados/2024_1/horarios_2024_1.xlsx,./dados/2024_1/salas_2024_1.csv,./dados/2024_1/salas_preferenciais_2024.1.xlsx,/Users/robertdrey/Documents/workspace/development/alocador_de_salas,resultados/experimentos/2024_1/novas_hibridas/combinada_aleatoria/20261002_003719_seed42/melhor.sol,resultados/experimentos/2024_1/novas_hibridas/combinada_aleatoria/20261002_003719_seed42/historico.csv,resultados/experimentos/2024_1/novas_hibridas/combinada_aleatoria/20261002_003719_seed42/historico.json,combinada_aleatoria,cursos_exat_2 + dia_turno_curso,qualquer_melhoria_na_passada,aleatoria_por_passada,42,180.0,1,180.0,600.0,1,0,TEMPO_TOTAL,,,
1,2,156,par_cursos,CS+FIL,37,7314,87676,OPTIMAL,185242.5,185242.5,False,185242.5,0.67,0.36,600.0,,,,alfabetica,,aleatoria_por_passada,42,cursos_exat_2,156,55,True,TEMPO_TOTAL,iteracao,combinada_cursos_exat_2_dia_turno_curso_aleatoria,180.0,180.0,600.0,14400.0,False,False,alfabetica,42,alfabetica,,./dados/2024_1/horarios_2024_1.xlsx,./dados/2024_1/salas_2024_1.csv,./dados/2024_1/salas_preferenciais_2024.1.xlsx,/Users/robertdrey/Documents/workspace/development/alocador_de_salas,resultados/experimentos/2024_1/novas_hibridas/combinada_aleatoria/20261002_003719_seed42/melhor.sol,resultados/experimentos/2024_1/novas_hibridas/combinada_aleatoria/20261002_003719_seed42/historico.csv,resultados/experimentos/2024_1/novas_hibridas/combinada_aleatoria/20261002_003719_seed42/historico.json,combinada_aleatoria,cursos_exat_2 + dia_turno_curso,qualquer_melhoria_na_passada,aleatoria_por_passada,42,180.0,1,180.0,600.0,1,0,TEMPO_TOTAL,CS,FIL,156
1,2,157,dia_turno_curso,3_T_GEO,43,13524,81466,OPTIMAL,185242.5,185242.5,False,185242.5,1.01,0.7,600.0,3,T,GEO,alfabetica,,aleatoria_por_passada,42,dia_turno_curso,157,102,True,TEMPO_TOTAL,iteracao,combinada_cursos_exat_2_dia_turno_curso_aleatoria,180.0,180.0,600.0,14400.0,False,False,alfabetica,42,alfabetica,,./dados/2024_1/horarios_2024_1.xlsx,./dados/2024_1/salas_2024_1.csv,./dados/2024_1/salas_preferenciais_2024.1.xlsx,/Users/robertdrey/Documents/workspace/development/alocador_de_salas,resultados/experimentos/2024_1/novas_hibridas/combinada_aleatoria/20261002_003719_seed42/melhor.sol,resultados/experimentos/2024_1/novas_hibridas/combinada_aleatoria/20261002_003719_seed42/historico.csv,resultados/experimentos/2024_1/novas_hibridas/combinada_aleatoria/20261002_003719_seed42/historico.json,combinada_aleatoria,cursos_exat_2 + dia_turno_curso,qualquer_melhoria_na_passada,aleatoria_por_passada,42,180.0,1,180.0,600.0,1,0,TEMPO_TOTAL,,,
1,2,158,dia_turno_curso,4_T_EAS,71,17986,77004,OPTIMAL,185242.5,185242.5,False,185242.5,1.31,1.01,600.0,4,T,EAS,alfabetica,,aleatoria_por_passada,42,dia_turno_curso,158,103,True,TEMPO_TOTAL,iteracao,combinada_cursos_exat_2_dia_turno_curso_aleatoria,180.0,180.0,600.0,14400.0,False,False,alfabetica,42,alfabetica,,./dados/2024_1/horarios_2024_1.xlsx,./dados/2024_1/salas_2024_1.csv,./dados/2024_1/salas_preferenciais_2024.1.xlsx,/Users/robertdrey/Documents/workspace/development/alocador_de_salas,resultados/experimentos/2024_1/novas_hibridas/combinada_aleatoria/20261002_003719_seed42/melhor.sol,resultados/experimentos/2024_1/novas_hibridas/combinada_aleatoria/20261002_003719_seed42/historico.csv,resultados/experimentos/2024_1/novas_hibridas/combinada_aleatoria/20261002_003719_seed42/historico.json,combinada_aleatoria,cursos_exat_2 + dia_turno_curso,qualquer_melhoria_na_passada,aleatoria_por_passada,42,180.0,1,180.0,600.0,1,0,TEMPO_TOTAL,,,
1,2,159,dia_turno_curso,6_M_AGRO,76,14168,80822,OPTIMAL,185242.5,185242.5,False,185242.5,8.54,8.23,600.0,6,M,AGRO,alfabetica,,aleatoria_por_passada,42,dia_turno_curso,159,104,True,TEMPO_TOTAL,iteracao,combinada_cursos_exat_2_dia_turno_curso_aleatoria,180.0,180.0,600.0,14400.0,False,False,alfabetica,42,alfabetica,,./dados/2024_1/horarios_2024_1.xlsx,./dados/2024_1/salas_2024_1.csv,./dados/2024_1/salas_preferenciais_2024.1.xlsx,/Users/robertdrey/Documents/workspace/development/alocador_de_salas,resultados/experimentos/2024_1/novas_hibridas/combinada_aleatoria/20261002_003719_seed42/melhor.sol,resultados/experimentos/2024_1/novas_hibridas/combinada_aleatoria/20261002_003719_seed42/historico.csv,resultados/experimentos/2024_1/novas_hibridas/combinada_aleatoria/20261002_003719_seed42/historico.json,combinada_aleatoria,cursos_exat_2 + dia_turno_curso,qualquer_melhoria_na_passada,aleatoria_por_passada,42,180.0,1,180.0,600.0,1,0,TEMPO_TOTAL,,,
1,2,160,par_cursos,EAS+PED,101,20240,74750,OPTIMAL,185242.5,185242.5,False,185242.5,55.24,54.92,600.0,,,,alfabetica,,aleatoria_por_passada,42,cursos_exat_2,160,56,True,TEMPO_TOTAL,iteracao,combinada_cursos_exat_2_dia_turno_curso_aleatoria,180.0,180.0,600.0,14400.0,False,False,alfabetica,42,alfabetica,,./dados/2024_1/horarios_2024_1.xlsx,./dados/2024_1/salas_2024_1.csv,./dados/2024_1/salas_preferenciais_2024.1.xlsx,/Users/robertdrey/Documents/workspace/development/alocador_de_salas,resultados/experimentos/2024_1/novas_hibridas/combinada_aleatoria/20261002_003719_seed42/melhor.sol,resultados/experimentos/2024_1/novas_hibridas/combinada_aleatoria/20261002_003719_seed42/historico.csv,resultados/experimentos/2024_1/novas_hibridas/combinada_aleatoria/20261002_003719_seed42/historico.json,combinada_aleatoria,cursos_exat_2 + dia_turno_curso,qualquer_melhoria_na_passada,aleatoria_por_passada,42,180.0,1,180.0,600.0,1,0,TEMPO_TOTAL,EAS,PED,160
1,2,161,dia_turno_curso,7_N_HIS,26,6532,88458,OPTIMAL,185242.5,185242.5,False,185242.5,0.69,0.38,600.0,7,N,HIS,alfabetica,,aleatoria_por_passada,42,dia_turno_curso,161,105,True,TEMPO_TOTAL,iteracao,combinada_cursos_exat_2_dia_turno_curso_aleatoria,180.0,180.0,600.0,14400.0,False,False,alfabetica,42,alfabetica,,./dados/2024_1/horarios_2024_1.xlsx,./dados/2024_1/salas_2024_1.csv,./dados/2024_1/salas_preferenciais_2024.1.xlsx,/Users/robertdrey/Documents/workspace/development/alocador_de_salas,resultados/experimentos/2024_1/novas_hibridas/combinada_aleatoria/20261002_003719_seed42/melhor.sol,resultados/experimentos/2024_1/novas_hibridas/combinada_aleatoria/20261002_003719_seed42/historico.csv,resultados/experimentos/2024_1/novas_hibridas/combinada_aleatoria/20261002_003719_seed42/historico.json,combinada_aleatoria,cursos_exat_2 + dia_turno_curso,qualquer_melhoria_na_passada,aleatoria_por_passada,42,180.0,1,180.0,600.0,1,0,TEMPO_TOTAL,,,
1,2,162,par_cursos,CC+GEO,57,12604,82386,OPTIMAL,185242.5,185242.5,False,185242.5,2.05,1.74,600.0,,,,alfabetica,,aleatoria_por_passada,42,cursos_exat_2,162,57,True,TEMPO_TOTAL,iteracao,combinada_cursos_exat_2_dia_turno_curso_aleatoria,180.0,180.0,600.0,14400.0,False,False,alfabetica,42,alfabetica,,./dados/2024_1/horarios_2024_1.xlsx,./dados/2024_1/salas_2024_1.csv,./dados/2024_1/salas_preferenciais_2024.1.xlsx,/Users/robertdrey/Documents/workspace/development/alocador_de_salas,resultados/experimentos/2024_1/novas_hibridas/combinada_aleatoria/20261002_003719_seed42/melhor.sol,resultados/experimentos/2024_1/novas_hibridas/combinada_aleatoria/20261002_003719_seed42/historico.csv,resultados/experimentos/2024_1/novas_hibridas/combinada_aleatoria/20261002_003719_seed42/historico.json,combinada_aleatoria,cursos_exat_2 + dia_turno_curso,qualquer_melhoria_na_passada,aleatoria_por_passada,42,180.0,1,180.0,600.0,1,0,TEMPO_TOTAL,CC,GEO,162
1,2,163,dia_turno_curso,7_T_HIS,32,9246,85744,OPTIMAL,185242.5,185242.5,False,185242.5,0.82,0.49,600.0,7,T,HIS,alfabetica,,aleatoria_por_passada,42,dia_turno_curso,163,106,True,TEMPO_TOTAL,iteracao,combinada_cursos_exat_2_dia_turno_curso_aleatoria,180.0,180.0,600.0,14400.0,False,False,alfabetica,42,alfabetica,,./dados/2024_1/horarios_2024_1.xlsx,./dados/2024_1/salas_2024_1.csv,./dados/2024_1/salas_preferenciais_2024.1.xlsx,/Users/robertdrey/Documents/workspace/development/alocador_de_salas,resultados/experimentos/2024_1/novas_hibridas/combinada_aleatoria/20261002_003719_seed42/melhor.sol,resultados/experimentos/2024_1/novas_hibridas/combinada_aleatoria/20261002_003719_seed42/historico.csv,resultados/experimentos/2024_1/novas_hibridas/combinada_aleatoria/20261002_003719_seed42/historico.json,combinada_aleatoria,cursos_exat_2 + dia_turno_curso,qualquer_melhoria_na_passada,aleatoria_por_passada,42,180.0,1,180.0,600.0,1,0,TEMPO_TOTAL,,,
1,2,164,dia_turno_curso,2_N_PED,91,21022,73968,OPTIMAL,185242.5,185242.5,False,185242.5,41.26,40.95,600.0,2,N,PED,alfabetica,,aleatoria_por_passada,42,dia_turno_curso,164,107,True,TEMPO_TOTAL,iteracao,combinada_cursos_exat_2_dia_turno_curso_aleatoria,180.0,180.0,600.0,14400.0,False,False,alfabetica,42,alfabetica,,./dados/2024_1/horarios_2024_1.xlsx,./dados/2024_1/salas_2024_1.csv,./dados/2024_1/salas_preferenciais_2024.1.xlsx,/Users/robertdrey/Documents/workspace/development/alocador_de_salas,resultados/experimentos/2024_1/novas_hibridas/combinada_aleatoria/20261002_003719_seed42/melhor.sol,resultados/experimentos/2024_1/novas_hibridas/combinada_aleatoria/20261002_003719_seed42/historico.csv,resultados/experimentos/2024_1/novas_hibridas/combinada_aleatoria/20261002_003719_seed42/historico.json,combinada_aleatoria,cursos_exat_2 + dia_turno_curso,qualquer_melhoria_na_passada,aleatoria_por_passada,42,180.0,1,180.0,600.0,1,0,TEMPO_TOTAL,,,
1,2,165,dia_turno_curso,6_N_PED,89,20286,74704,OPTIMAL,185242.5,185242.5,False,185242.5,28.8,28.49,600.0,6,N,PED,alfabetica,,aleatoria_por_passada,42,dia_turno_curso,165,108,True,TEMPO_TOTAL,iteracao,combinada_cursos_exat_2_dia_turno_curso_aleatoria,180.0,180.0,600.0,14400.0,False,False,alfabetica,42,alfabetica,,./dados/2024_1/horarios_2024_1.xlsx,./dados/2024_1/salas_2024_1.csv,./dados/2024_1/salas_preferenciais_2024.1.xlsx,/Users/robertdrey/Documents/workspace/development/alocador_de_salas,resultados/experimentos/2024_1/novas_hibridas/combinada_aleatoria/20261002_003719_seed42/melhor.sol,resultados/experimentos/2024_1/novas_hibridas/combinada_aleatoria/20261002_003719_seed42/historico.csv,resultados/experimentos/2024_1/novas_hibridas/combinada_aleatoria/20261002_003719_seed42/historico.json,combinada_aleatoria,cursos_exat_2 + dia_turno_curso,qualquer_melhoria_na_passada,aleatoria_por_passada,42,180.0,1,180.0,600.0,1,0,TEMPO_TOTAL,,,
1,2,166,par_cursos,CC+ENF,65,19044,75946,TIME_LIMIT,185242.5,185242.5,False,185242.5,600.38,600.04,600.0,,,,alfabetica,,aleatoria_por_passada,42,cursos_exat_2,166,58,True,TEMPO_TOTAL,iteracao,combinada_cursos_exat_2_dia_turno_curso_aleatoria,180.0,180.0,600.0,14400.0,False,False,alfabetica,42,alfabetica,,./dados/2024_1/horarios_2024_1.xlsx,./dados/2024_1/salas_2024_1.csv,./dados/2024_1/salas_preferenciais_2024.1.xlsx,/Users/robertdrey/Documents/workspace/development/alocador_de_salas,resultados/experimentos/2024_1/novas_hibridas/combinada_aleatoria/20261002_003719_seed42/melhor.sol,resultados/experimentos/2024_1/novas_hibridas/combinada_aleatoria/20261002_003719_seed42/historico.csv,resultados/experimentos/2024_1/novas_hibridas/combinada_aleatoria/20261002_003719_seed42/historico.json,combinada_aleatoria,cursos_exat_2 + dia_turno_curso,qualquer_melhoria_na_passada,aleatoria_por_passada,42,180.0,1,180.0,600.0,1,0,TEMPO_TOTAL,CC,ENF,166
1,2,167,dia_turno_curso,5_N_ADM,83,16652,78338,OPTIMAL,185242.5,185242.5,False,185242.5,2.57,2.2,600.0,5,N,ADM,alfabetica,,aleatoria_por_passada,42,dia_turno_curso,167,109,True,TEMPO_TOTAL,iteracao,combinada_cursos_exat_2_dia_turno_curso_aleatoria,180.0,180.0,600.0,14400.0,False,False,alfabetica,42,alfabetica,,./dados/2024_1/horarios_2024_1.xlsx,./dados/2024_1/salas_2024_1.csv,./dados/2024_1/salas_preferenciais_2024.1.xlsx,/Users/robertdrey/Documents/workspace/development/alocador_de_salas,resultados/experimentos/2024_1/novas_hibridas/combinada_aleatoria/20261002_003719_seed42/melhor.sol,resultados/experimentos/2024_1/novas_hibridas/combinada_aleatoria/20261002_003719_seed42/historico.csv,resultados/experimentos/2024_1/novas_hibridas/combinada_aleatoria/20261002_003719_seed42/historico.json,combinada_aleatoria,cursos_exat_2 + dia_turno_curso,qualquer_melhoria_na_passada,aleatoria_por_passada,42,180.0,1,180.0,600.0,1,0,TEMPO_TOTAL,,,
1,2,168,dia_turno_curso,5_N_CS,57,11914,83076,OPTIMAL,185242.5,185242.5,False,185242.5,2.26,1.94,600.0,5,N,CS,alfabetica,,aleatoria_por_passada,42,dia_turno_curso,168,110,True,TEMPO_TOTAL,iteracao,combinada_cursos_exat_2_dia_turno_curso_aleatoria,180.0,180.0,600.0,14400.0,False,False,alfabetica,42,alfabetica,,./dados/2024_1/horarios_2024_1.xlsx,./dados/2024_1/salas_2024_1.csv,./dados/2024_1/salas_preferenciais_2024.1.xlsx,/Users/robertdrey/Documents/workspace/development/alocador_de_salas,resultados/experimentos/2024_1/novas_hibridas/combinada_aleatoria/20261002_003719_seed42/melhor.sol,resultados/experimentos/2024_1/novas_hibridas/combinada_aleatoria/20261002_003719_seed42/historico.csv,resultados/experimentos/2024_1/novas_hibridas/combinada_aleatoria/20261002_003719_seed42/historico.json,combinada_aleatoria,cursos_exat_2 + dia_turno_curso,qualquer_melhoria_na_passada,aleatoria_por_passada,42,180.0,1,180.0,600.0,1,0,TEMPO_TOTAL,,,
1,2,169,par_cursos,AGRO+CS,73,13294,81696,OPTIMAL,185242.5,185242.5,False,185242.5,6.96,6.64,600.0,,,,alfabetica,,aleatoria_por_passada,42,cursos_exat_2,169,59,True,TEMPO_TOTAL,iteracao,combinada_cursos_exat_2_dia_turno_curso_aleatoria,180.0,180.0,600.0,14400.0,False,False,alfabetica,42,alfabetica,,./dados/2024_1/horarios_2024_1.xlsx,./dados/2024_1/salas_2024_1.csv,./dados/2024_1/salas_preferenciais_2024.1.xlsx,/Users/robertdrey/Documents/workspace/development/alocador_de_salas,resultados/experimentos/2024_1/novas_hibridas/combinada_aleatoria/20261002_003719_seed42/melhor.sol,resultados/experimentos/2024_1/novas_hibridas/combinada_aleatoria/20261002_003719_seed42/historico.csv,resultados/experimentos/2024_1/novas_hibridas/combinada_aleatoria/20261002_003719_seed42/historico.json,combinada_aleatoria,cursos_exat_2 + dia_turno_curso,qualquer_melhoria_na_passada,aleatoria_por_passada,42,180.0,1,180.0,600.0,1,0,TEMPO_TOTAL,AGRO,CS,169
1,2,170,dia_turno_curso,3_N_CS,57,11546,83444,OPTIMAL,185242.5,185242.5,False,185242.5,1.33,1.0,600.0,3,N,CS,alfabetica,,aleatoria_por_passada,42,dia_turno_curso,170,111,True,TEMPO_TOTAL,iteracao,combinada_cursos_exat_2_dia_turno_curso_aleatoria,180.0,180.0,600.0,14400.0,False,False,alfabetica,42,alfabetica,,./dados/2024_1/horarios_2024_1.xlsx,./dados/2024_1/salas_2024_1.csv,./dados/2024_1/salas_preferenciais_2024.1.xlsx,/Users/robertdrey/Documents/workspace/development/alocador_de_salas,resultados/experimentos/2024_1/novas_hibridas/combinada_aleatoria/20261002_003719_seed42/melhor.sol,resultados/experimentos/2024_1/novas_hibridas/combinada_aleatoria/20261002_003719_seed42/historico.csv,resultados/experimentos/2024_1/novas_hibridas/combinada_aleatoria/20261002_003719_seed42/historico.json,combinada_aleatoria,cursos_exat_2 + dia_turno_curso,qualquer_melhoria_na_passada,aleatoria_por_passada,42,180.0,1,180.0,600.0,1,0,TEMPO_TOTAL,,,
1,2,171,dia_turno_curso,3_M_AGRO,77,16514,78476,OPTIMAL,185242.5,185242.5,False,185242.5,11.02,10.71,600.0,3,M,AGRO,alfabetica,,aleatoria_por_passada,42,dia_turno_curso,171,112,True,TEMPO_TOTAL,iteracao,combinada_cursos_exat_2_dia_turno_curso_aleatoria,180.0,180.0,600.0,14400.0,False,False,alfabetica,42,alfabetica,,./dados/2024_1/horarios_2024_1.xlsx,./dados/2024_1/salas_2024_1.csv,./dados/2024_1/salas_preferenciais_2024.1.xlsx,/Users/robertdrey/Documents/workspace/development/alocador_de_salas,resultados/experimentos/2024_1/novas_hibridas/combinada_aleatoria/20261002_003719_seed42/melhor.sol,resultados/experimentos/2024_1/novas_hibridas/combinada_aleatoria/20261002_003719_seed42/historico.csv,resultados/experimentos/2024_1/novas_hibridas/combinada_aleatoria/20261002_003719_seed42/historico.json,combinada_aleatoria,cursos_exat_2 + dia_turno_curso,qualquer_melhoria_na_passada,aleatoria_por_passada,42,180.0,1,180.0,600.0,1,0,TEMPO_TOTAL,,,
1,2,172,dia_turno_curso,3_M_MED,73,18492,76498,OPTIMAL,185242.5,185242.5,False,185242.5,4.04,3.72,600.0,3,M,MED,alfabetica,,aleatoria_por_passada,42,dia_turno_curso,172,113,True,TEMPO_TOTAL,iteracao,combinada_cursos_exat_2_dia_turno_curso_aleatoria,180.0,180.0,600.0,14400.0,False,False,alfabetica,42,alfabetica,,./dados/2024_1/horarios_2024_1.xlsx,./dados/2024_1/salas_2024_1.csv,./dados/2024_1/salas_preferenciais_2024.1.xlsx,/Users/robertdrey/Documents/workspace/development/alocador_de_salas,resultados/experimentos/2024_1/novas_hibridas/combinada_aleatoria/20261002_003719_seed42/melhor.sol,resultados/experimentos/2024_1/novas_hibridas/combinada_aleatoria/20261002_003719_seed42/historico.csv,resultados/experimentos/2024_1/novas_hibridas/combinada_aleatoria/20261002_003719_seed42/historico.json,combinada_aleatoria,cursos_exat_2 + dia_turno_curso,qualquer_melhoria_na_passada,aleatoria_por_passada,42,180.0,1,180.0,600.0,1,0,TEMPO_TOTAL,,,
1,2,173,dia_turno_curso,2_T_LET,67,19228,75762,OPTIMAL,185242.5,185242.5,False,185242.5,2.33,2.02,600.0,2,T,LET,alfabetica,,aleatoria_por_passada,42,dia_turno_curso,173,114,True,TEMPO_TOTAL,iteracao,combinada_cursos_exat_2_dia_turno_curso_aleatoria,180.0,180.0,600.0,14400.0,False,False,alfabetica,42,alfabetica,,./dados/2024_1/horarios_2024_1.xlsx,./dados/2024_1/salas_2024_1.csv,./dados/2024_1/salas_preferenciais_2024.1.xlsx,/Users/robertdrey/Documents/workspace/development/alocador_de_salas,resultados/experimentos/2024_1/novas_hibridas/combinada_aleatoria/20261002_003719_seed42/melhor.sol,resultados/experimentos/2024_1/novas_hibridas/combinada_aleatoria/20261002_003719_seed42/historico.csv,resultados/experimentos/2024_1/novas_hibridas/combinada_aleatoria/20261002_003719_seed42/historico.json,combinada_aleatoria,cursos_exat_2 + dia_turno_curso,qualquer_melhoria_na_passada,aleatoria_por_passada,42,180.0,1,180.0,600.0,1,0,TEMPO_TOTAL,,,
1,2,174,dia_turno_curso,3_T_AGRO,82,19872,75118,OPTIMAL,185242.5,185242.5,False,185242.5,7.25,6.94,600.0,3,T,AGRO,alfabetica,,aleatoria_por_passada,42,dia_turno_curso,174,115,True,TEMPO_TOTAL,iteracao,combinada_cursos_exat_2_dia_turno_curso_aleatoria,180.0,180.0,600.0,14400.0,False,False,alfabetica,42,alfabetica,,./dados/2024_1/horarios_2024_1.xlsx,./dados/2024_1/salas_2024_1.csv,./dados/2024_1/salas_preferenciais_2024.1.xlsx,/Users/robertdrey/Documents/workspace/development/alocador_de_salas,resultados/experimentos/2024_1/novas_hibridas/combinada_aleatoria/20261002_003719_seed42/melhor.sol,resultados/experimentos/2024_1/novas_hibridas/combinada_aleatoria/20261002_003719_seed42/historico.csv,resultados/experimentos/2024_1/novas_hibridas/combinada_aleatoria/20261002_003719_seed42/historico.json,combinada_aleatoria,cursos_exat_2 + dia_turno_curso,qualquer_melhoria_na_passada,aleatoria_por_passada,42,180.0,1,180.0,600.0,1,0,TEMPO_TOTAL,,,
1,2,175,dia_turno_curso,5_N_EAS,83,14950,80040,OPTIMAL,185242.5,185242.5,False,185242.5,1.99,1.69,600.0,5,N,EAS,alfabetica,,aleatoria_por_passada,42,dia_turno_curso,175,116,True,TEMPO_TOTAL,iteracao,combinada_cursos_exat_2_dia_turno_curso_aleatoria,180.0,180.0,600.0,14400.0,False,False,alfabetica,42,alfabetica,,./dados/2024_1/horarios_2024_1.xlsx,./dados/2024_1/salas_2024_1.csv,./dados/2024_1/salas_preferenciais_2024.1.xlsx,/Users/robertdrey/Documents/workspace/development/alocador_de_salas,resultados/experimentos/2024_1/novas_hibridas/combinada_aleatoria/20261002_003719_seed42/melhor.sol,resultados/experimentos/2024_1/novas_hibridas/combinada_aleatoria/20261002_003719_seed42/historico.csv,resultados/experimentos/2024_1/novas_hibridas/combinada_aleatoria/20261002_003719_seed42/historico.json,combinada_aleatoria,cursos_exat_2 + dia_turno_curso,qualquer_melhoria_na_passada,aleatoria_por_passada,42,180.0,1,180.0,600.0,1,0,TEMPO_TOTAL,,,
1,2,176,dia_turno_curso,6_M_ADM,74,15226,79764,OPTIMAL,185242.5,185242.5,False,185242.5,2.02,1.7,600.0,6,M,ADM,alfabetica,,aleatoria_por_passada,42,dia_turno_curso,176,117,True,TEMPO_TOTAL,iteracao,combinada_cursos_exat_2_dia_turno_curso_aleatoria,180.0,180.0,600.0,14400.0,False,False,alfabetica,42,alfabetica,,./dados/2024_1/horarios_2024_1.xlsx,./dados/2024_1/salas_2024_1.csv,./dados/2024_1/salas_preferenciais_2024.1.xlsx,/Users/robertdrey/Documents/workspace/development/alocador_de_salas,resultados/experimentos/2024_1/novas_hibridas/combinada_aleatoria/20261002_003719_seed42/melhor.sol,resultados/experimentos/2024_1/novas_hibridas/combinada_aleatoria/20261002_003719_seed42/historico.csv,resultados/experimentos/2024_1/novas_hibridas/combinada_aleatoria/20261002_003719_seed42/historico.json,combinada_aleatoria,cursos_exat_2 + dia_turno_curso,qualquer_melhoria_na_passada,aleatoria_por_passada,42,180.0,1,180.0,600.0,1,0,TEMPO_TOTAL,,,
1,2,177,par_cursos,CC+EAS,92,17986,77004,OPTIMAL,185242.5,185242.5,False,185242.5,3.61,3.28,600.0,,,,alfabetica,,aleatoria_por_passada,42,cursos_exat_2,177,60,True,TEMPO_TOTAL,iteracao,combinada_cursos_exat_2_dia_turno_curso_aleatoria,180.0,180.0,600.0,14400.0,False,False,alfabetica,42,alfabetica,,./dados/2024_1/horarios_2024_1.xlsx,./dados/2024_1/salas_2024_1.csv,./dados/2024_1/salas_preferenciais_2024.1.xlsx,/Users/robertdrey/Documents/workspace/development/alocador_de_salas,resultados/experimentos/2024_1/novas_hibridas/combinada_aleatoria/20261002_003719_seed42/melhor.sol,resultados/experimentos/2024_1/novas_hibridas/combinada_aleatoria/20261002_003719_seed42/historico.csv,resultados/experimentos/2024_1/novas_hibridas/combinada_aleatoria/20261002_003719_seed42/historico.json,combinada_aleatoria,cursos_exat_2 + dia_turno_curso,qualquer_melhoria_na_passada,aleatoria_por_passada,42,180.0,1,180.0,600.0,1,0,TEMPO_TOTAL,CC,EAS,177
1,2,178,par_cursos,EAS+MED,86,16836,78154,OPTIMAL,185242.5,185242.5,False,185242.5,1.92,1.61,600.0,,,,alfabetica,,aleatoria_por_passada,42,cursos_exat_2,178,61,True,TEMPO_TOTAL,iteracao,combinada_cursos_exat_2_dia_turno_curso_aleatoria,180.0,180.0,600.0,14400.0,False,False,alfabetica,42,alfabetica,,./dados/2024_1/horarios_2024_1.xlsx,./dados/2024_1/salas_2024_1.csv,./dados/2024_1/salas_preferenciais_2024.1.xlsx,/Users/robertdrey/Documents/workspace/development/alocador_de_salas,resultados/experimentos/2024_1/novas_hibridas/combinada_aleatoria/20261002_003719_seed42/melhor.sol,resultados/experimentos/2024_1/novas_hibridas/combinada_aleatoria/20261002_003719_seed42/historico.csv,resultados/experimentos/2024_1/novas_hibridas/combinada_aleatoria/20261002_003719_seed42/historico.json,combinada_aleatoria,cursos_exat_2 + dia_turno_curso,qualquer_melhoria_na_passada,aleatoria_por_passada,42,180.0,1,180.0,600.0,1,0,TEMPO_TOTAL,EAS,MED,178
1,2,179,dia_turno_curso,3_M_ADM,79,18676,76314,OPTIMAL,185242.5,185242.5,False,185242.5,2.62,2.3,600.0,3,M,ADM,alfabetica,,aleatoria_por_passada,42,dia_turno_curso,179,118,True,TEMPO_TOTAL,iteracao,combinada_cursos_exat_2_dia_turno_curso_aleatoria,180.0,180.0,600.0,14400.0,False,False,alfabetica,42,alfabetica,,./dados/2024_1/horarios_2024_1.xlsx,./dados/2024_1/salas_2024_1.csv,./dados/2024_1/salas_preferenciais_2024.1.xlsx,/Users/robertdrey/Documents/workspace/development/alocador_de_salas,resultados/experimentos/2024_1/novas_hibridas/combinada_aleatoria/20261002_003719_seed42/melhor.sol,resultados/experimentos/2024_1/novas_hibridas/combinada_aleatoria/20261002_003719_seed42/historico.csv,resultados/experimentos/2024_1/novas_hibridas/combinada_aleatoria/20261002_003719_seed42/historico.json,combinada_aleatoria,cursos_exat_2 + dia_turno_curso,qualquer_melhoria_na_passada,aleatoria_por_passada,42,180.0,1,180.0,600.0,1,0,TEMPO_TOTAL,,,
1,2,180,dia_turno_curso,7_M_CC,63,17480,77510,OPTIMAL,185242.5,185242.5,False,185242.5,2.4,2.08,600.0,7,M,CC,alfabetica,,aleatoria_por_passada,42,dia_turno_curso,180,119,True,TEMPO_TOTAL,iteracao,combinada_cursos_exat_2_dia_turno_curso_aleatoria,180.0,180.0,600.0,14400.0,False,False,alfabetica,42,alfabetica,,./dados/2024_1/horarios_2024_1.xlsx,./dados/2024_1/salas_2024_1.csv,./dados/2024_1/salas_preferenciais_2024.1.xlsx,/Users/robertdrey/Documents/workspace/development/alocador_de_salas,resultados/experimentos/2024_1/novas_hibridas/combinada_aleatoria/20261002_003719_seed42/melhor.sol,resultados/experimentos/2024_1/novas_hibridas/combinada_aleatoria/20261002_003719_seed42/historico.csv,resultados/experimentos/2024_1/novas_hibridas/combinada_aleatoria/20261002_003719_seed42/historico.json,combinada_aleatoria,cursos_exat_2 + dia_turno_curso,qualquer_melhoria_na_passada,aleatoria_por_passada,42,180.0,1,180.0,600.0,1,0,TEMPO_TOTAL,,,
1,2,181,par_cursos,FIL+PED,71,15548,79442,OPTIMAL,185242.5,185242.5,False,185242.5,38.79,38.46,600.0,,,,alfabetica,,aleatoria_por_passada,42,cursos_exat_2,181,62,True,TEMPO_TOTAL,iteracao,combinada_cursos_exat_2_dia_turno_curso_aleatoria,180.0,180.0,600.0,14400.0,False,False,alfabetica,42,alfabetica,,./dados/2024_1/horarios_2024_1.xlsx,./dados/2024_1/salas_2024_1.csv,./dados/2024_1/salas_preferenciais_2024.1.xlsx,/Users/robertdrey/Documents/workspace/development/alocador_de_salas,resultados/experimentos/2024_1/novas_hibridas/combinada_aleatoria/20261002_003719_seed42/melhor.sol,resultados/experimentos/2024_1/novas_hibridas/combinada_aleatoria/20261002_003719_seed42/historico.csv,resultados/experimentos/2024_1/novas_hibridas/combinada_aleatoria/20261002_003719_seed42/historico.json,combinada_aleatoria,cursos_exat_2 + dia_turno_curso,qualquer_melhoria_na_passada,aleatoria_por_passada,42,180.0,1,180.0,600.0,1,0,TEMPO_TOTAL,FIL,PED,181
1,2,182,dia_turno_curso,3_N_FIL,53,10304,84686,OPTIMAL,185242.5,185242.5,False,185242.5,1.33,1.01,600.0,3,N,FIL,alfabetica,,aleatoria_por_passada,42,dia_turno_curso,182,120,True,TEMPO_TOTAL,iteracao,combinada_cursos_exat_2_dia_turno_curso_aleatoria,180.0,180.0,600.0,14400.0,False,False,alfabetica,42,alfabetica,,./dados/2024_1/horarios_2024_1.xlsx,./dados/2024_1/salas_2024_1.csv,./dados/2024_1/salas_preferenciais_2024.1.xlsx,/Users/robertdrey/Documents/workspace/development/alocador_de_salas,resultados/experimentos/2024_1/novas_hibridas/combinada_aleatoria/20261002_003719_seed42/melhor.sol,resultados/experimentos/2024_1/novas_hibridas/combinada_aleatoria/20261002_003719_seed42/historico.csv,resultados/experimentos/2024_1/novas_hibridas/combinada_aleatoria/20261002_003719_seed42/historico.json,combinada_aleatoria,cursos_exat_2 + dia_turno_curso,qualquer_melhoria_na_passada,aleatoria_por_passada,42,180.0,1,180.0,600.0,1,0,TEMPO_TOTAL,,,
1,2,183,dia_turno_curso,4_N_GEO,51,11776,83214,OPTIMAL,185242.5,185242.5,False,185242.5,2.15,1.83,600.0,4,N,GEO,alfabetica,,aleatoria_por_passada,42,dia_turno_curso,183,121,True,TEMPO_TOTAL,iteracao,combinada_cursos_exat_2_dia_turno_curso_aleatoria,180.0,180.0,600.0,14400.0,False,False,alfabetica,42,alfabetica,,./dados/2024_1/horarios_2024_1.xlsx,./dados/2024_1/salas_2024_1.csv,./dados/2024_1/salas_preferenciais_2024.1.xlsx,/Users/robertdrey/Documents/workspace/development/alocador_de_salas,resultados/experimentos/2024_1/novas_hibridas/combinada_aleatoria/20261002_003719_seed42/melhor.sol,resultados/experimentos/2024_1/novas_hibridas/combinada_aleatoria/20261002_003719_seed42/historico.csv,resultados/experimentos/2024_1/novas_hibridas/combinada_aleatoria/20261002_003719_seed42/historico.json,combinada_aleatoria,cursos_exat_2 + dia_turno_curso,qualquer_melhoria_na_passada,aleatoria_por_passada,42,180.0,1,180.0,600.0,1,0,TEMPO_TOTAL,,,
1,2,184,dia_turno_curso,4_N_FIL,53,11914,83076,OPTIMAL,185242.5,185242.5,False,185242.5,2.21,1.89,600.0,4,N,FIL,alfabetica,,aleatoria_por_passada,42,dia_turno_curso,184,122,True,TEMPO_TOTAL,iteracao,combinada_cursos_exat_2_dia_turno_curso_aleatoria,180.0,180.0,600.0,14400.0,False,False,alfabetica,42,alfabetica,,./dados/2024_1/horarios_2024_1.xlsx,./dados/2024_1/salas_2024_1.csv,./dados/2024_1/salas_preferenciais_2024.1.xlsx,/Users/robertdrey/Documents/workspace/development/alocador_de_salas,resultados/experimentos/2024_1/novas_hibridas/combinada_aleatoria/20261002_003719_seed42/melhor.sol,resultados/experimentos/2024_1/novas_hibridas/combinada_aleatoria/20261002_003719_seed42/historico.csv,resultados/experimentos/2024_1/novas_hibridas/combinada_aleatoria/20261002_003719_seed42/historico.json,combinada_aleatoria,cursos_exat_2 + dia_turno_curso,qualquer_melhoria_na_passada,aleatoria_por_passada,42,180.0,1,180.0,600.0,1,0,TEMPO_TOTAL,,,
1,2,185,par_cursos,CS+EAS,67,12006,82984,OPTIMAL,185242.5,185242.5,False,185242.5,0.93,0.61,600.0,,,,alfabetica,,aleatoria_por_passada,42,cursos_exat_2,185,63,True,TEMPO_TOTAL,iteracao,combinada_cursos_exat_2_dia_turno_curso_aleatoria,180.0,180.0,600.0,14400.0,False,False,alfabetica,42,alfabetica,,./dados/2024_1/horarios_2024_1.xlsx,./dados/2024_1/salas_2024_1.csv,./dados/2024_1/salas_preferenciais_2024.1.xlsx,/Users/robertdrey/Documents/workspace/development/alocador_de_salas,resultados/experimentos/2024_1/novas_hibridas/combinada_aleatoria/20261002_003719_seed42/melhor.sol,resultados/experimentos/2024_1/novas_hibridas/combinada_aleatoria/20261002_003719_seed42/historico.csv,resultados/experimentos/2024_1/novas_hibridas/combinada_aleatoria/20261002_003719_seed42/historico.json,combinada_aleatoria,cursos_exat_2 + dia_turno_curso,qualquer_melhoria_na_passada,aleatoria_por_passada,42,180.0,1,180.0,600.0,1,0,TEMPO_TOTAL,CS,EAS,185
1,2,186,dia_turno_curso,4_T_ENF,43,16192,78798,OPTIMAL,185242.5,185242.5,False,185242.5,7.04,6.71,600.0,4,T,ENF,alfabetica,,aleatoria_por_passada,42,dia_turno_curso,186,123,True,TEMPO_TOTAL,iteracao,combinada_cursos_exat_2_dia_turno_curso_aleatoria,180.0,180.0,600.0,14400.0,False,False,alfabetica,42,alfabetica,,./dados/2024_1/horarios_2024_1.xlsx,./dados/2024_1/salas_2024_1.csv,./dados/2024_1/salas_preferenciais_2024.1.xlsx,/Users/robertdrey/Documents/workspace/development/alocador_de_salas,resultados/experimentos/2024_1/novas_hibridas/combinada_aleatoria/20261002_003719_seed42/melhor.sol,resultados/experimentos/2024_1/novas_hibridas/combinada_aleatoria/20261002_003719_seed42/historico.csv,resultados/experimentos/2024_1/novas_hibridas/combinada_aleatoria/20261002_003719_seed42/historico.json,combinada_aleatoria,cursos_exat_2 + dia_turno_curso,qualquer_melhoria_na_passada,aleatoria_por_passada,42,180.0,1,180.0,600.0,1,0,TEMPO_TOTAL,,,
1,2,187,par_cursos,ENF+MAT,41,13478,81512,OPTIMAL,185242.5,185242.5,False,185242.5,2.75,2.4,600.0,,,,alfabetica,,aleatoria_por_passada,42,cursos_exat_2,187,64,True,TEMPO_TOTAL,iteracao,combinada_cursos_exat_2_dia_turno_curso_aleatoria,180.0,180.0,600.0,14400.0,False,False,alfabetica,42,alfabetica,,./dados/2024_1/horarios_2024_1.xlsx,./dados/2024_1/salas_2024_1.csv,./dados/2024_1/salas_preferenciais_2024.1.xlsx,/Users/robertdrey/Documents/workspace/development/alocador_de_salas,resultados/experimentos/2024_1/novas_hibridas/combinada_aleatoria/20261002_003719_seed42/melhor.sol,resultados/experimentos/2024_1/novas_hibridas/combinada_aleatoria/20261002_003719_seed42/historico.csv,resultados/experimentos/2024_1/novas_hibridas/combinada_aleatoria/20261002_003719_seed42/historico.json,combinada_aleatoria,cursos_exat_2 + dia_turno_curso,qualquer_melhoria_na_passada,aleatoria_por_passada,42,180.0,1,180.0,600.0,1,0,TEMPO_TOTAL,ENF,MAT,187
1,2,188,dia_turno_curso,3_N_LET,70,15732,79258,OPTIMAL,185242.5,185242.5,False,185242.5,3.68,3.34,600.0,3,N,LET,alfabetica,,aleatoria_por_passada,42,dia_turno_curso,188,124,True,TEMPO_TOTAL,iteracao,combinada_cursos_exat_2_dia_turno_curso_aleatoria,180.0,180.0,600.0,14400.0,False,False,alfabetica,42,alfabetica,,./dados/2024_1/horarios_2024_1.xlsx,./dados/2024_1/salas_2024_1.csv,./dados/2024_1/salas_preferenciais_2024.1.xlsx,/Users/robertdrey/Documents/workspace/development/alocador_de_salas,resultados/experimentos/2024_1/novas_hibridas/combinada_aleatoria/20261002_003719_seed42/melhor.sol,resultados/experimentos/2024_1/novas_hibridas/combinada_aleatoria/20261002_003719_seed42/historico.csv,resultados/experimentos/2024_1/novas_hibridas/combinada_aleatoria/20261002_003719_seed42/historico.json,combinada_aleatoria,cursos_exat_2 + dia_turno_curso,qualquer_melhoria_na_passada,aleatoria_por_passada,42,180.0,1,180.0,600.0,1,0,TEMPO_TOTAL,,,
1,2,189,dia_turno_curso,5_N_HIS,58,11960,83030,OPTIMAL,185242.5,185242.5,False,185242.5,1.6,1.29,600.0,5,N,HIS,alfabetica,,aleatoria_por_passada,42,dia_turno_curso,189,125,True,TEMPO_TOTAL,iteracao,combinada_cursos_exat_2_dia_turno_curso_aleatoria,180.0,180.0,600.0,14400.0,False,False,alfabetica,42,alfabetica,,./dados/2024_1/horarios_2024_1.xlsx,./dados/2024_1/salas_2024_1.csv,./dados/2024_1/salas_preferenciais_2024.1.xlsx,/Users/robertdrey/Documents/workspace/development/alocador_de_salas,resultados/experimentos/2024_1/novas_hibridas/combinada_aleatoria/20261002_003719_seed42/melhor.sol,resultados/experimentos/2024_1/novas_hibridas/combinada_aleatoria/20261002_003719_seed42/historico.csv,resultados/experimentos/2024_1/novas_hibridas/combinada_aleatoria/20261002_003719_seed42/historico.json,combinada_aleatoria,cursos_exat_2 + dia_turno_curso,qualquer_melhoria_na_passada,aleatoria_por_passada,42,180.0,1,180.0,600.0,1,0,TEMPO_TOTAL,,,
1,2,190,par_cursos,HIS+PED,80,17572,77418,OPTIMAL,185242.5,185242.5,False,185242.5,30.14,29.82,600.0,,,,alfabetica,,aleatoria_por_passada,42,cursos_exat_2,190,65,True,TEMPO_TOTAL,iteracao,combinada_cursos_exat_2_dia_turno_curso_aleatoria,180.0,180.0,600.0,14400.0,False,False,alfabetica,42,alfabetica,,./dados/2024_1/horarios_2024_1.xlsx,./dados/2024_1/salas_2024_1.csv,./dados/2024_1/salas_preferenciais_2024.1.xlsx,/Users/robertdrey/Documents/workspace/development/alocador_de_salas,resultados/experimentos/2024_1/novas_hibridas/combinada_aleatoria/20261002_003719_seed42/melhor.sol,resultados/experimentos/2024_1/novas_hibridas/combinada_aleatoria/20261002_003719_seed42/historico.csv,resultados/experimentos/2024_1/novas_hibridas/combinada_aleatoria/20261002_003719_seed42/historico.json,combinada_aleatoria,cursos_exat_2 + dia_turno_curso,qualquer_melhoria_na_passada,aleatoria_por_passada,42,180.0,1,180.0,600.0,1,0,TEMPO_TOTAL,HIS,PED,190
1,2,191,par_cursos,FIL+MAT,38,7728,87262,OPTIMAL,185242.5,185242.5,False,185242.5,0.68,0.37,600.0,,,,alfabetica,,aleatoria_por_passada,42,cursos_exat_2,191,66,True,TEMPO_TOTAL,iteracao,combinada_cursos_exat_2_dia_turno_curso_aleatoria,180.0,180.0,600.0,14400.0,False,False,alfabetica,42,alfabetica,,./dados/2024_1/horarios_2024_1.xlsx,./dados/2024_1/salas_2024_1.csv,./dados/2024_1/salas_preferenciais_2024.1.xlsx,/Users/robertdrey/Documents/workspace/development/alocador_de_salas,resultados/experimentos/2024_1/novas_hibridas/combinada_aleatoria/20261002_003719_seed42/melhor.sol,resultados/experimentos/2024_1/novas_hibridas/combinada_aleatoria/20261002_003719_seed42/historico.csv,resultados/experimentos/2024_1/novas_hibridas/combinada_aleatoria/20261002_003719_seed42/historico.json,combinada_aleatoria,cursos_exat_2 + dia_turno_curso,qualquer_melhoria_na_passada,aleatoria_por_passada,42,180.0,1,180.0,600.0,1,0,TEMPO_TOTAL,FIL,MAT,191
1,2,192,dia_turno_curso,4_M_ENF,49,15318,79672,OPTIMAL,185242.5,185242.5,False,185242.5,4.68,4.37,600.0,4,M,ENF,alfabetica,,aleatoria_por_passada,42,dia_turno_curso,192,126,True,TEMPO_TOTAL,iteracao,combinada_cursos_exat_2_dia_turno_curso_aleatoria,180.0,180.0,600.0,14400.0,False,False,alfabetica,42,alfabetica,,./dados/2024_1/horarios_2024_1.xlsx,./dados/2024_1/salas_2024_1.csv,./dados/2024_1/salas_preferenciais_2024.1.xlsx,/Users/robertdrey/Documents/workspace/development/alocador_de_salas,resultados/experimentos/2024_1/novas_hibridas/combinada_aleatoria/20261002_003719_seed42/melhor.sol,resultados/experimentos/2024_1/novas_hibridas/combinada_aleatoria/20261002_003719_seed42/historico.csv,resultados/experimentos/2024_1/novas_hibridas/combinada_aleatoria/20261002_003719_seed42/historico.json,combinada_aleatoria,cursos_exat_2 + dia_turno_curso,qualquer_melhoria_na_passada,aleatoria_por_passada,42,180.0,1,180.0,600.0,1,0,TEMPO_TOTAL,,,
1,2,193,dia_turno_curso,7_M_CS,40,12742,82248,OPTIMAL,185242.5,185242.5,False,185242.5,1.06,0.74,600.0,7,M,CS,alfabetica,,aleatoria_por_passada,42,dia_turno_curso,193,127,True,TEMPO_TOTAL,iteracao,combinada_cursos_exat_2_dia_turno_curso_aleatoria,180.0,180.0,600.0,14400.0,False,False,alfabetica,42,alfabetica,,./dados/2024_1/horarios_2024_1.xlsx,./dados/2024_1/salas_2024_1.csv,./dados/2024_1/salas_preferenciais_2024.1.xlsx,/Users/robertdrey/Documents/workspace/development/alocador_de_salas,resultados/experimentos/2024_1/novas_hibridas/combinada_aleatoria/20261002_003719_seed42/melhor.sol,resultados/experimentos/2024_1/novas_hibridas/combinada_aleatoria/20261002_003719_seed42/historico.csv,resultados/experimentos/2024_1/novas_hibridas/combinada_aleatoria/20261002_003719_seed42/historico.json,combinada_aleatoria,cursos_exat_2 + dia_turno_curso,qualquer_melhoria_na_passada,aleatoria_por_passada,42,180.0,1,180.0,600.0,1,0,TEMPO_TOTAL,,,
1,2,194,dia_turno_curso,2_T_AGRO,82,20194,74796,OPTIMAL,185242.5,185242.5,False,185242.5,11.53,11.23,600.0,2,T,AGRO,alfabetica,,aleatoria_por_passada,42,dia_turno_curso,194,128,True,TEMPO_TOTAL,iteracao,combinada_cursos_exat_2_dia_turno_curso_aleatoria,180.0,180.0,600.0,14400.0,False,False,alfabetica,42,alfabetica,,./dados/2024_1/horarios_2024_1.xlsx,./dados/2024_1/salas_2024_1.csv,./dados/2024_1/salas_preferenciais_2024.1.xlsx,/Users/robertdrey/Documents/workspace/development/alocador_de_salas,resultados/experimentos/2024_1/novas_hibridas/combinada_aleatoria/20261002_003719_seed42/melhor.sol,resultados/experimentos/2024_1/novas_hibridas/combinada_aleatoria/20261002_003719_seed42/historico.csv,resultados/experimentos/2024_1/novas_hibridas/combinada_aleatoria/20261002_003719_seed42/historico.json,combinada_aleatoria,cursos_exat_2 + dia_turno_curso,qualquer_melhoria_na_passada,aleatoria_por_passada,42,180.0,1,180.0,600.0,1,0,TEMPO_TOTAL,,,
1,2,195,par_cursos,ADM+LET,84,18446,76544,OPTIMAL,185242.5,185242.5,False,185242.5,2.72,2.42,600.0,,,,alfabetica,,aleatoria_por_passada,42,cursos_exat_2,195,67,True,TEMPO_TOTAL,iteracao,combinada_cursos_exat_2_dia_turno_curso_aleatoria,180.0,180.0,600.0,14400.0,False,False,alfabetica,42,alfabetica,,./dados/2024_1/horarios_2024_1.xlsx,./dados/2024_1/salas_2024_1.csv,./dados/2024_1/salas_preferenciais_2024.1.xlsx,/Users/robertdrey/Documents/workspace/development/alocador_de_salas,resultados/experimentos/2024_1/novas_hibridas/combinada_aleatoria/20261002_003719_seed42/melhor.sol,resultados/experimentos/2024_1/novas_hibridas/combinada_aleatoria/20261002_003719_seed42/historico.csv,resultados/experimentos/2024_1/novas_hibridas/combinada_aleatoria/20261002_003719_seed42/historico.json,combinada_aleatoria,cursos_exat_2 + dia_turno_curso,qualquer_melhoria_na_passada,aleatoria_por_passada,42,180.0,1,180.0,600.0,1,0,TEMPO_TOTAL,ADM,LET,195
1,2,196,par_cursos,AGRO+GEO,61,10810,84180,OPTIMAL,185242.5,185242.5,False,185242.5,4.44,4.13,600.0,,,,alfabetica,,aleatoria_por_passada,42,cursos_exat_2,196,68,True,TEMPO_TOTAL,iteracao,combinada_cursos_exat_2_dia_turno_curso_aleatoria,180.0,180.0,600.0,14400.0,False,False,alfabetica,42,alfabetica,,./dados/2024_1/horarios_2024_1.xlsx,./dados/2024_1/salas_2024_1.csv,./dados/2024_1/salas_preferenciais_2024.1.xlsx,/Users/robertdrey/Documents/workspace/development/alocador_de_salas,resultados/experimentos/2024_1/novas_hibridas/combinada_aleatoria/20261002_003719_seed42/melhor.sol,resultados/experimentos/2024_1/novas_hibridas/combinada_aleatoria/20261002_003719_seed42/historico.csv,resultados/experimentos/2024_1/novas_hibridas/combinada_aleatoria/20261002_003719_seed42/historico.json,combinada_aleatoria,cursos_exat_2 + dia_turno_curso,qualquer_melhoria_na_passada,aleatoria_por_passada,42,180.0,1,180.0,600.0,1,0,TEMPO_TOTAL,AGRO,GEO,196
1,2,197,dia_turno_curso,7_M_MED,59,17480,77510,OPTIMAL,185242.5,185242.5,False,185242.5,1.7,1.37,600.0,7,M,MED,alfabetica,,aleatoria_por_passada,42,dia_turno_curso,197,129,True,TEMPO_TOTAL,iteracao,combinada_cursos_exat_2_dia_turno_curso_aleatoria,180.0,180.0,600.0,14400.0,False,False,alfabetica,42,alfabetica,,./dados/2024_1/horarios_2024_1.xlsx,./dados/2024_1/salas_2024_1.csv,./dados/2024_1/salas_preferenciais_2024.1.xlsx,/Users/robertdrey/Documents/workspace/development/alocador_de_salas,resultados/experimentos/2024_1/novas_hibridas/combinada_aleatoria/20261002_003719_seed42/melhor.sol,resultados/experimentos/2024_1/novas_hibridas/combinada_aleatoria/20261002_003719_seed42/historico.csv,resultados/experimentos/2024_1/novas_hibridas/combinada_aleatoria/20261002_003719_seed42/historico.json,combinada_aleatoria,cursos_exat_2 + dia_turno_curso,qualquer_melhoria_na_passada,aleatoria_por_passada,42,180.0,1,180.0,600.0,1,0,TEMPO_TOTAL,,,
1,2,198,par_cursos,AGRO+ENF,69,17250,77740,OPTIMAL,185242.5,185220.0,True,185220.0,179.68,179.37,600.0,,,,alfabetica,,aleatoria_por_passada,42,cursos_exat_2,198,69,True,TEMPO_TOTAL,iteracao,combinada_cursos_exat_2_dia_turno_curso_aleatoria,180.0,180.0,600.0,14400.0,False,False,alfabetica,42,alfabetica,,./dados/2024_1/horarios_2024_1.xlsx,./dados/2024_1/salas_2024_1.csv,./dados/2024_1/salas_preferenciais_2024.1.xlsx,/Users/robertdrey/Documents/workspace/development/alocador_de_salas,resultados/experimentos/2024_1/novas_hibridas/combinada_aleatoria/20261002_003719_seed42/melhor.sol,resultados/experimentos/2024_1/novas_hibridas/combinada_aleatoria/20261002_003719_seed42/historico.csv,resultados/experimentos/2024_1/novas_hibridas/combinada_aleatoria/20261002_003719_seed42/historico.json,combinada_aleatoria,cursos_exat_2 + dia_turno_curso,qualquer_melhoria_na_passada,aleatoria_por_passada,42,180.0,1,180.0,600.0,1,0,TEMPO_TOTAL,AGRO,ENF,198
1,2,199,dia_turno_curso,5_T_ENF,44,14858,80132,OPTIMAL,185220.0,185220.0,False,185220.0,4.58,4.26,600.0,5,T,ENF,alfabetica,,aleatoria_por_passada,42,dia_turno_curso,199,130,True,TEMPO_TOTAL,iteracao,combinada_cursos_exat_2_dia_turno_curso_aleatoria,180.0,180.0,600.0,14400.0,False,False,alfabetica,42,alfabetica,,./dados/2024_1/horarios_2024_1.xlsx,./dados/2024_1/salas_2024_1.csv,./dados/2024_1/salas_preferenciais_2024.1.xlsx,/Users/robertdrey/Documents/workspace/development/alocador_de_salas,resultados/experimentos/2024_1/novas_hibridas/combinada_aleatoria/20261002_003719_seed42/melhor.sol,resultados/experimentos/2024_1/novas_hibridas/combinada_aleatoria/20261002_003719_seed42/historico.csv,resultados/experimentos/2024_1/novas_hibridas/combinada_aleatoria/20261002_003719_seed42/historico.json,combinada_aleatoria,cursos_exat_2 + dia_turno_curso,qualquer_melhoria_na_passada,aleatoria_por_passada,42,180.0,1,180.0,600.0,1,0,TEMPO_TOTAL,,,
1,2,200,dia_turno_curso,6_T_AGRO,79,20102,74888,OPTIMAL,185220.0,185220.0,False,185220.0,6.89,6.56,600.0,6,T,AGRO,alfabetica,,aleatoria_por_passada,42,dia_turno_curso,200,131,True,TEMPO_TOTAL,iteracao,combinada_cursos_exat_2_dia_turno_curso_aleatoria,180.0,180.0,600.0,14400.0,False,False,alfabetica,42,alfabetica,,./dados/2024_1/horarios_2024_1.xlsx,./dados/2024_1/salas_2024_1.csv,./dados/2024_1/salas_preferenciais_2024.1.xlsx,/Users/robertdrey/Documents/workspace/development/alocador_de_salas,resultados/experimentos/2024_1/novas_hibridas/combinada_aleatoria/20261002_003719_seed42/melhor.sol,resultados/experimentos/2024_1/novas_hibridas/combinada_aleatoria/20261002_003719_seed42/historico.csv,resultados/experimentos/2024_1/novas_hibridas/combinada_aleatoria/20261002_003719_seed42/historico.json,combinada_aleatoria,cursos_exat_2 + dia_turno_curso,qualquer_melhoria_na_passada,aleatoria_por_passada,42,180.0,1,180.0,600.0,1,0,TEMPO_TOTAL,,,
1,2,201,par_cursos,AGRO+HIS,75,13524,81466,OPTIMAL,185220.0,185220.0,False,185220.0,4.8,4.47,600.0,,,,alfabetica,,aleatoria_por_passada,42,cursos_exat_2,201,70,True,TEMPO_TOTAL,iteracao,combinada_cursos_exat_2_dia_turno_curso_aleatoria,180.0,180.0,600.0,14400.0,False,False,alfabetica,42,alfabetica,,./dados/2024_1/horarios_2024_1.xlsx,./dados/2024_1/salas_2024_1.csv,./dados/2024_1/salas_preferenciais_2024.1.xlsx,/Users/robertdrey/Documents/workspace/development/alocador_de_salas,resultados/experimentos/2024_1/novas_hibridas/combinada_aleatoria/20261002_003719_seed42/melhor.sol,resultados/experimentos/2024_1/novas_hibridas/combinada_aleatoria/20261002_003719_seed42/historico.csv,resultados/experimentos/2024_1/novas_hibridas/combinada_aleatoria/20261002_003719_seed42/historico.json,combinada_aleatoria,cursos_exat_2 + dia_turno_curso,qualquer_melhoria_na_passada,aleatoria_por_passada,42,180.0,1,180.0,600.0,1,0,TEMPO_TOTAL,AGRO,HIS,201
1,2,202,par_cursos,ADM+CC,95,19826,75164,OPTIMAL,185220.0,185220.0,False,185220.0,36.32,35.99,600.0,,,,alfabetica,,aleatoria_por_passada,42,cursos_exat_2,202,71,True,TEMPO_TOTAL,iteracao,combinada_cursos_exat_2_dia_turno_curso_aleatoria,180.0,180.0,600.0,14400.0,False,False,alfabetica,42,alfabetica,,./dados/2024_1/horarios_2024_1.xlsx,./dados/2024_1/salas_2024_1.csv,./dados/2024_1/salas_preferenciais_2024.1.xlsx,/Users/robertdrey/Documents/workspace/development/alocador_de_salas,resultados/experimentos/2024_1/novas_hibridas/combinada_aleatoria/20261002_003719_seed42/melhor.sol,resultados/experimentos/2024_1/novas_hibridas/combinada_aleatoria/20261002_003719_seed42/historico.csv,resultados/experimentos/2024_1/novas_hibridas/combinada_aleatoria/20261002_003719_seed42/historico.json,combinada_aleatoria,cursos_exat_2 + dia_turno_curso,qualquer_melhoria_na_passada,aleatoria_por_passada,42,180.0,1,180.0,600.0,1,0,TEMPO_TOTAL,ADM,CC,202
1,2,203,par_cursos,ENF+PED,74,21298,73692,TIME_LIMIT,185220.0,185220.0,False,185220.0,600.45,600.13,600.0,,,,alfabetica,,aleatoria_por_passada,42,cursos_exat_2,203,72,True,TEMPO_TOTAL,iteracao,combinada_cursos_exat_2_dia_turno_curso_aleatoria,180.0,180.0,600.0,14400.0,False,False,alfabetica,42,alfabetica,,./dados/2024_1/horarios_2024_1.xlsx,./dados/2024_1/salas_2024_1.csv,./dados/2024_1/salas_preferenciais_2024.1.xlsx,/Users/robertdrey/Documents/workspace/development/alocador_de_salas,resultados/experimentos/2024_1/novas_hibridas/combinada_aleatoria/20261002_003719_seed42/melhor.sol,resultados/experimentos/2024_1/novas_hibridas/combinada_aleatoria/20261002_003719_seed42/historico.csv,resultados/experimentos/2024_1/novas_hibridas/combinada_aleatoria/20261002_003719_seed42/historico.json,combinada_aleatoria,cursos_exat_2 + dia_turno_curso,qualquer_melhoria_na_passada,aleatoria_por_passada,42,180.0,1,180.0,600.0,1,0,TEMPO_TOTAL,ENF,PED,203
1,2,204,dia_turno_curso,7_T_AGRO,58,12144,82846,OPTIMAL,185220.0,185220.0,False,185220.0,3.59,3.25,600.0,7,T,AGRO,alfabetica,,aleatoria_por_passada,42,dia_turno_curso,204,132,True,TEMPO_TOTAL,iteracao,combinada_cursos_exat_2_dia_turno_curso_aleatoria,180.0,180.0,600.0,14400.0,False,False,alfabetica,42,alfabetica,,./dados/2024_1/horarios_2024_1.xlsx,./dados/2024_1/salas_2024_1.csv,./dados/2024_1/salas_preferenciais_2024.1.xlsx,/Users/robertdrey/Documents/workspace/development/alocador_de_salas,resultados/experimentos/2024_1/novas_hibridas/combinada_aleatoria/20261002_003719_seed42/melhor.sol,resultados/experimentos/2024_1/novas_hibridas/combinada_aleatoria/20261002_003719_seed42/historico.csv,resultados/experimentos/2024_1/novas_hibridas/combinada_aleatoria/20261002_003719_seed42/historico.json,combinada_aleatoria,cursos_exat_2 + dia_turno_curso,qualquer_melhoria_na_passada,aleatoria_por_passada,42,180.0,1,180.0,600.0,1,0,TEMPO_TOTAL,,,
1,2,205,par_cursos,FIL+HIS,39,7544,87446,OPTIMAL,185220.0,185220.0,False,185220.0,0.73,0.39,600.0,,,,alfabetica,,aleatoria_por_passada,42,cursos_exat_2,205,73,True,TEMPO_TOTAL,iteracao,combinada_cursos_exat_2_dia_turno_curso_aleatoria,180.0,180.0,600.0,14400.0,False,False,alfabetica,42,alfabetica,,./dados/2024_1/horarios_2024_1.xlsx,./dados/2024_1/salas_2024_1.csv,./dados/2024_1/salas_preferenciais_2024.1.xlsx,/Users/robertdrey/Documents/workspace/development/alocador_de_salas,resultados/experimentos/2024_1/novas_hibridas/combinada_aleatoria/20261002_003719_seed42/melhor.sol,resultados/experimentos/2024_1/novas_hibridas/combinada_aleatoria/20261002_003719_seed42/historico.csv,resultados/experimentos/2024_1/novas_hibridas/combinada_aleatoria/20261002_003719_seed42/historico.json,combinada_aleatoria,cursos_exat_2 + dia_turno_curso,qualquer_melhoria_na_passada,aleatoria_por_passada,42,180.0,1,180.0,600.0,1,0,TEMPO_TOTAL,FIL,HIS,205
1,2,206,dia_turno_curso,4_T_MED,64,18676,76314,OPTIMAL,185220.0,185220.0,False,185220.0,1.85,1.55,600.0,4,T,MED,alfabetica,,aleatoria_por_passada,42,dia_turno_curso,206,133,True,TEMPO_TOTAL,iteracao,combinada_cursos_exat_2_dia_turno_curso_aleatoria,180.0,180.0,600.0,14400.0,False,False,alfabetica,42,alfabetica,,./dados/2024_1/horarios_2024_1.xlsx,./dados/2024_1/salas_2024_1.csv,./dados/2024_1/salas_preferenciais_2024.1.xlsx,/Users/robertdrey/Documents/workspace/development/alocador_de_salas,resultados/experimentos/2024_1/novas_hibridas/combinada_aleatoria/20261002_003719_seed42/melhor.sol,resultados/experimentos/2024_1/novas_hibridas/combinada_aleatoria/20261002_003719_seed42/historico.csv,resultados/experimentos/2024_1/novas_hibridas/combinada_aleatoria/20261002_003719_seed42/historico.json,combinada_aleatoria,cursos_exat_2 + dia_turno_curso,qualquer_melhoria_na_passada,aleatoria_por_passada,42,180.0,1,180.0,600.0,1,0,TEMPO_TOTAL,,,
1,2,207,dia_turno_curso,4_N_MAT,59,13202,81788,OPTIMAL,185220.0,185220.0,False,185220.0,2.09,1.79,600.0,4,N,MAT,alfabetica,,aleatoria_por_passada,42,dia_turno_curso,207,134,True,TEMPO_TOTAL,iteracao,combinada_cursos_exat_2_dia_turno_curso_aleatoria,180.0,180.0,600.0,14400.0,False,False,alfabetica,42,alfabetica,,./dados/2024_1/horarios_2024_1.xlsx,./dados/2024_1/salas_2024_1.csv,./dados/2024_1/salas_preferenciais_2024.1.xlsx,/Users/robertdrey/Documents/workspace/development/alocador_de_salas,resultados/experimentos/2024_1/novas_hibridas/combinada_aleatoria/20261002_003719_seed42/melhor.sol,resultados/experimentos/2024_1/novas_hibridas/combinada_aleatoria/20261002_003719_seed42/historico.csv,resultados/experimentos/2024_1/novas_hibridas/combinada_aleatoria/20261002_003719_seed42/historico.json,combinada_aleatoria,cursos_exat_2 + dia_turno_curso,qualquer_melhoria_na_passada,aleatoria_por_passada,42,180.0,1,180.0,600.0,1,0,TEMPO_TOTAL,,,
1,2,208,par_cursos,ADM+FIL,63,12052,82938,OPTIMAL,185220.0,185220.0,False,185220.0,0.92,0.61,600.0,,,,alfabetica,,aleatoria_por_passada,42,cursos_exat_2,208,74,True,TEMPO_TOTAL,iteracao,combinada_cursos_exat_2_dia_turno_curso_aleatoria,180.0,180.0,600.0,14400.0,False,False,alfabetica,42,alfabetica,,./dados/2024_1/horarios_2024_1.xlsx,./dados/2024_1/salas_2024_1.csv,./dados/2024_1/salas_preferenciais_2024.1.xlsx,/Users/robertdrey/Documents/workspace/development/alocador_de_salas,resultados/experimentos/2024_1/novas_hibridas/combinada_aleatoria/20261002_003719_seed42/melhor.sol,resultados/experimentos/2024_1/novas_hibridas/combinada_aleatoria/20261002_003719_seed42/historico.csv,resultados/experimentos/2024_1/novas_hibridas/combinada_aleatoria/20261002_003719_seed42/historico.json,combinada_aleatoria,cursos_exat_2 + dia_turno_curso,qualquer_melhoria_na_passada,aleatoria_por_passada,42,180.0,1,180.0,600.0,1,0,TEMPO_TOTAL,ADM,FIL,208
1,2,209,dia_turno_curso,2_T_CS,55,16284,78706,OPTIMAL,185220.0,185220.0,False,185220.0,1.61,1.31,600.0,2,T,CS,alfabetica,,aleatoria_por_passada,42,dia_turno_curso,209,135,True,TEMPO_TOTAL,iteracao,combinada_cursos_exat_2_dia_turno_curso_aleatoria,180.0,180.0,600.0,14400.0,False,False,alfabetica,42,alfabetica,,./dados/2024_1/horarios_2024_1.xlsx,./dados/2024_1/salas_2024_1.csv,./dados/2024_1/salas_preferenciais_2024.1.xlsx,/Users/robertdrey/Documents/workspace/development/alocador_de_salas,resultados/experimentos/2024_1/novas_hibridas/combinada_aleatoria/20261002_003719_seed42/melhor.sol,resultados/experimentos/2024_1/novas_hibridas/combinada_aleatoria/20261002_003719_seed42/historico.csv,resultados/experimentos/2024_1/novas_hibridas/combinada_aleatoria/20261002_003719_seed42/historico.json,combinada_aleatoria,cursos_exat_2 + dia_turno_curso,qualquer_melhoria_na_passada,aleatoria_por_passada,42,180.0,1,180.0,600.0,1,0,TEMPO_TOTAL,,,
1,2,210,par_cursos,AGRO+FIL,66,11500,83490,OPTIMAL,185220.0,185220.0,False,185220.0,4.08,3.76,600.0,,,,alfabetica,,aleatoria_por_passada,42,cursos_exat_2,210,75,True,TEMPO_TOTAL,iteracao,combinada_cursos_exat_2_dia_turno_curso_aleatoria,180.0,180.0,600.0,14400.0,False,False,alfabetica,42,alfabetica,,./dados/2024_1/horarios_2024_1.xlsx,./dados/2024_1/salas_2024_1.csv,./dados/2024_1/salas_preferenciais_2024.1.xlsx,/Users/robertdrey/Documents/workspace/development/alocador_de_salas,resultados/experimentos/2024_1/novas_hibridas/combinada_aleatoria/20261002_003719_seed42/melhor.sol,resultados/experimentos/2024_1/novas_hibridas/combinada_aleatoria/20261002_003719_seed42/historico.csv,resultados/experimentos/2024_1/novas_hibridas/combinada_aleatoria/20261002_003719_seed42/historico.json,combinada_aleatoria,cursos_exat_2 + dia_turno_curso,qualquer_melhoria_na_passada,aleatoria_por_passada,42,180.0,1,180.0,600.0,1,0,TEMPO_TOTAL,AGRO,FIL,210
1,2,211,par_cursos,FIL+GEO,25,4830,90160,OPTIMAL,185220.0,185220.0,False,185220.0,0.64,0.31,600.0,,,,alfabetica,,aleatoria_por_passada,42,cursos_exat_2,211,76,True,TEMPO_TOTAL,iteracao,combinada_cursos_exat_2_dia_turno_curso_aleatoria,180.0,180.0,600.0,14400.0,False,False,alfabetica,42,alfabetica,,./dados/2024_1/horarios_2024_1.xlsx,./dados/2024_1/salas_2024_1.csv,./dados/2024_1/salas_preferenciais_2024.1.xlsx,/Users/robertdrey/Documents/workspace/development/alocador_de_salas,resultados/experimentos/2024_1/novas_hibridas/combinada_aleatoria/20261002_003719_seed42/melhor.sol,resultados/experimentos/2024_1/novas_hibridas/combinada_aleatoria/20261002_003719_seed42/historico.csv,resultados/experimentos/2024_1/novas_hibridas/combinada_aleatoria/20261002_003719_seed42/historico.json,combinada_aleatoria,cursos_exat_2 + dia_turno_curso,qualquer_melhoria_na_passada,aleatoria_por_passada,42,180.0,1,180.0,600.0,1,0,TEMPO_TOTAL,FIL,GEO,211
1,2,212,par_cursos,GEO+HIS,34,6854,88136,OPTIMAL,185220.0,185220.0,False,185220.0,0.68,0.36,600.0,,,,alfabetica,,aleatoria_por_passada,42,cursos_exat_2,212,77,True,TEMPO_TOTAL,iteracao,combinada_cursos_exat_2_dia_turno_curso_aleatoria,180.0,180.0,600.0,14400.0,False,False,alfabetica,42,alfabetica,,./dados/2024_1/horarios_2024_1.xlsx,./dados/2024_1/salas_2024_1.csv,./dados/2024_1/salas_preferenciais_2024.1.xlsx,/Users/robertdrey/Documents/workspace/development/alocador_de_salas,resultados/experimentos/2024_1/novas_hibridas/combinada_aleatoria/20261002_003719_seed42/melhor.sol,resultados/experimentos/2024_1/novas_hibridas/combinada_aleatoria/20261002_003719_seed42/historico.csv,resultados/experimentos/2024_1/novas_hibridas/combinada_aleatoria/20261002_003719_seed42/historico.json,combinada_aleatoria,cursos_exat_2 + dia_turno_curso,qualquer_melhoria_na_passada,aleatoria_por_passada,42,180.0,1,180.0,600.0,1,0,TEMPO_TOTAL,GEO,HIS,212
1,2,213,par_cursos,CC+MAT,70,15502,79488,OPTIMAL,185220.0,185220.0,False,185220.0,19.77,19.45,600.0,,,,alfabetica,,aleatoria_por_passada,42,cursos_exat_2,213,78,True,TEMPO_TOTAL,iteracao,combinada_cursos_exat_2_dia_turno_curso_aleatoria,180.0,180.0,600.0,14400.0,False,False,alfabetica,42,alfabetica,,./dados/2024_1/horarios_2024_1.xlsx,./dados/2024_1/salas_2024_1.csv,./dados/2024_1/salas_preferenciais_2024.1.xlsx,/Users/robertdrey/Documents/workspace/development/alocador_de_salas,resultados/experimentos/2024_1/novas_hibridas/combinada_aleatoria/20261002_003719_seed42/melhor.sol,resultados/experimentos/2024_1/novas_hibridas/combinada_aleatoria/20261002_003719_seed42/historico.csv,resultados/experimentos/2024_1/novas_hibridas/combinada_aleatoria/20261002_003719_seed42/historico.json,combinada_aleatoria,cursos_exat_2 + dia_turno_curso,qualquer_melhoria_na_passada,aleatoria_por_passada,42,180.0,1,180.0,600.0,1,0,TEMPO_TOTAL,CC,MAT,213
1,3,1,par_cursos,AGRO+LET,87,17894,77096,OPTIMAL,185220.0,185220.0,False,185220.0,7.64,7.33,600.0,,,,alfabetica,,aleatoria_por_passada,42,cursos_exat_2,1,1,True,TEMPO_TOTAL,iteracao,combinada_cursos_exat_2_dia_turno_curso_aleatoria,180.0,180.0,600.0,14400.0,False,False,alfabetica,42,alfabetica,,./dados/2024_1/horarios_2024_1.xlsx,./dados/2024_1/salas_2024_1.csv,./dados/2024_1/salas_preferenciais_2024.1.xlsx,/Users/robertdrey/Documents/workspace/development/alocador_de_salas,resultados/experimentos/2024_1/novas_hibridas/combinada_aleatoria/20261002_003719_seed42/melhor.sol,resultados/experimentos/2024_1/novas_hibridas/combinada_aleatoria/20261002_003719_seed42/historico.csv,resultados/experimentos/2024_1/novas_hibridas/combinada_aleatoria/20261002_003719_seed42/historico.json,combinada_aleatoria,cursos_exat_2 + dia_turno_curso,qualquer_melhoria_na_passada,aleatoria_por_passada,42,180.0,1,180.0,600.0,1,0,TEMPO_TOTAL,AGRO,LET,1
1,3,2,dia_turno_curso,7_M_AGRO,68,15870,79120,OPTIMAL,185220.0,185220.0,False,185220.0,3.75,3.43,600.0,7,M,AGRO,alfabetica,,aleatoria_por_passada,42,dia_turno_curso,2,1,True,TEMPO_TOTAL,iteracao,combinada_cursos_exat_2_dia_turno_curso_aleatoria,180.0,180.0,600.0,14400.0,False,False,alfabetica,42,alfabetica,,./dados/2024_1/horarios_2024_1.xlsx,./dados/2024_1/salas_2024_1.csv,./dados/2024_1/salas_preferenciais_2024.1.xlsx,/Users/robertdrey/Documents/workspace/development/alocador_de_salas,resultados/experimentos/2024_1/novas_hibridas/combinada_aleatoria/20261002_003719_seed42/melhor.sol,resultados/experimentos/2024_1/novas_hibridas/combinada_aleatoria/20261002_003719_seed42/historico.csv,resultados/experimentos/2024_1/novas_hibridas/combinada_aleatoria/20261002_003719_seed42/historico.json,combinada_aleatoria,cursos_exat_2 + dia_turno_curso,qualquer_melhoria_na_passada,aleatoria_por_passada,42,180.0,1,180.0,600.0,1,0,TEMPO_TOTAL,,,
1,3,3,dia_turno_curso,5_N_CS,57,11914,83076,OPTIMAL,185220.0,185220.0,False,185220.0,1.75,1.43,600.0,5,N,CS,alfabetica,,aleatoria_por_passada,42,dia_turno_curso,3,2,True,TEMPO_TOTAL,iteracao,combinada_cursos_exat_2_dia_turno_curso_aleatoria,180.0,180.0,600.0,14400.0,False,False,alfabetica,42,alfabetica,,./dados/2024_1/horarios_2024_1.xlsx,./dados/2024_1/salas_2024_1.csv,./dados/2024_1/salas_preferenciais_2024.1.xlsx,/Users/robertdrey/Documents/workspace/development/alocador_de_salas,resultados/experimentos/2024_1/novas_hibridas/combinada_aleatoria/20261002_003719_seed42/melhor.sol,resultados/experimentos/2024_1/novas_hibridas/combinada_aleatoria/20261002_003719_seed42/historico.csv,resultados/experimentos/2024_1/novas_hibridas/combinada_aleatoria/20261002_003719_seed42/historico.json,combinada_aleatoria,cursos_exat_2 + dia_turno_curso,qualquer_melhoria_na_passada,aleatoria_por_passada,42,180.0,1,180.0,600.0,1,0,TEMPO_TOTAL,,,
1,3,4,par_cursos,AGRO+CS,73,13294,81696,OPTIMAL,185220.0,185220.0,False,185220.0,4.82,4.51,600.0,,,,alfabetica,,aleatoria_por_passada,42,cursos_exat_2,4,2,True,TEMPO_TOTAL,iteracao,combinada_cursos_exat_2_dia_turno_curso_aleatoria,180.0,180.0,600.0,14400.0,False,False,alfabetica,42,alfabetica,,./dados/2024_1/horarios_2024_1.xlsx,./dados/2024_1/salas_2024_1.csv,./dados/2024_1/salas_preferenciais_2024.1.xlsx,/Users/robertdrey/Documents/workspace/development/alocador_de_salas,resultados/experimentos/2024_1/novas_hibridas/combinada_aleatoria/20261002_003719_seed42/melhor.sol,resultados/experimentos/2024_1/novas_hibridas/combinada_aleatoria/20261002_003719_seed42/historico.csv,resultados/experimentos/2024_1/novas_hibridas/combinada_aleatoria/20261002_003719_seed42/historico.json,combinada_aleatoria,cursos_exat_2 + dia_turno_curso,qualquer_melhoria_na_passada,aleatoria_por_passada,42,180.0,1,180.0,600.0,1,0,TEMPO_TOTAL,AGRO,CS,4
1,3,5,dia_turno_curso,5_M_ADM,80,19734,75256,OPTIMAL,185220.0,185220.0,False,185220.0,2.58,2.26,600.0,5,M,ADM,alfabetica,,aleatoria_por_passada,42,dia_turno_curso,5,3,True,TEMPO_TOTAL,iteracao,combinada_cursos_exat_2_dia_turno_curso_aleatoria,180.0,180.0,600.0,14400.0,False,False,alfabetica,42,alfabetica,,./dados/2024_1/horarios_2024_1.xlsx,./dados/2024_1/salas_2024_1.csv,./dados/2024_1/salas_preferenciais_2024.1.xlsx,/Users/robertdrey/Documents/workspace/development/alocador_de_salas,resultados/experimentos/2024_1/novas_hibridas/combinada_aleatoria/20261002_003719_seed42/melhor.sol,resultados/experimentos/2024_1/novas_hibridas/combinada_aleatoria/20261002_003719_seed42/historico.csv,resultados/experimentos/2024_1/novas_hibridas/combinada_aleatoria/20261002_003719_seed42/historico.json,combinada_aleatoria,cursos_exat_2 + dia_turno_curso,qualquer_melhoria_na_passada,aleatoria_por_passada,42,180.0,1,180.0,600.0,1,0,TEMPO_TOTAL,,,
1,3,6,dia_turno_curso,4_N_ADM,85,18262,76728,OPTIMAL,185220.0,185220.0,False,185220.0,3.13,2.82,600.0,4,N,ADM,alfabetica,,aleatoria_por_passada,42,dia_turno_curso,6,4,True,TEMPO_TOTAL,iteracao,combinada_cursos_exat_2_dia_turno_curso_aleatoria,180.0,180.0,600.0,14400.0,False,False,alfabetica,42,alfabetica,,./dados/2024_1/horarios_2024_1.xlsx,./dados/2024_1/salas_2024_1.csv,./dados/2024_1/salas_preferenciais_2024.1.xlsx,/Users/robertdrey/Documents/workspace/development/alocador_de_salas,resultados/experimentos/2024_1/novas_hibridas/combinada_aleatoria/20261002_003719_seed42/melhor.sol,resultados/experimentos/2024_1/novas_hibridas/combinada_aleatoria/20261002_003719_seed42/historico.csv,resultados/experimentos/2024_1/novas_hibridas/combinada_aleatoria/20261002_003719_seed42/historico.json,combinada_aleatoria,cursos_exat_2 + dia_turno_curso,qualquer_melhoria_na_passada,aleatoria_por_passada,42,180.0,1,180.0,600.0,1,0,TEMPO_TOTAL,,,
1,3,7,dia_turno_curso,3_M_MED,73,18492,76498,OPTIMAL,185220.0,185220.0,False,185220.0,4.1,3.79,600.0,3,M,MED,alfabetica,,aleatoria_por_passada,42,dia_turno_curso,7,5,True,TEMPO_TOTAL,iteracao,combinada_cursos_exat_2_dia_turno_curso_aleatoria,180.0,180.0,600.0,14400.0,False,False,alfabetica,42,alfabetica,,./dados/2024_1/horarios_2024_1.xlsx,./dados/2024_1/salas_2024_1.csv,./dados/2024_1/salas_preferenciais_2024.1.xlsx,/Users/robertdrey/Documents/workspace/development/alocador_de_salas,resultados/experimentos/2024_1/novas_hibridas/combinada_aleatoria/20261002_003719_seed42/melhor.sol,resultados/experimentos/2024_1/novas_hibridas/combinada_aleatoria/20261002_003719_seed42/historico.csv,resultados/experimentos/2024_1/novas_hibridas/combinada_aleatoria/20261002_003719_seed42/historico.json,combinada_aleatoria,cursos_exat_2 + dia_turno_curso,qualquer_melhoria_na_passada,aleatoria_por_passada,42,180.0,1,180.0,600.0,1,0,TEMPO_TOTAL,,,
1,3,8,dia_turno_curso,5_M_PED,89,23230,71760,OPTIMAL,185220.0,185220.0,False,185220.0,32.4,32.09,600.0,5,M,PED,alfabetica,,aleatoria_por_passada,42,dia_turno_curso,8,6,True,TEMPO_TOTAL,iteracao,combinada_cursos_exat_2_dia_turno_curso_aleatoria,180.0,180.0,600.0,14400.0,False,False,alfabetica,42,alfabetica,,./dados/2024_1/horarios_2024_1.xlsx,./dados/2024_1/salas_2024_1.csv,./dados/2024_1/salas_preferenciais_2024.1.xlsx,/Users/robertdrey/Documents/workspace/development/alocador_de_salas,resultados/experimentos/2024_1/novas_hibridas/combinada_aleatoria/20261002_003719_seed42/melhor.sol,resultados/experimentos/2024_1/novas_hibridas/combinada_aleatoria/20261002_003719_seed42/historico.csv,resultados/experimentos/2024_1/novas_hibridas/combinada_aleatoria/20261002_003719_seed42/historico.json,combinada_aleatoria,cursos_exat_2 + dia_turno_curso,qualquer_melhoria_na_passada,aleatoria_por_passada,42,180.0,1,180.0,600.0,1,0,TEMPO_TOTAL,,,
1,3,9,dia_turno_curso,4_T_CS,50,14950,80040,OPTIMAL,185220.0,185220.0,False,185220.0,1.2,0.9,600.0,4,T,CS,alfabetica,,aleatoria_por_passada,42,dia_turno_curso,9,7,True,TEMPO_TOTAL,iteracao,combinada_cursos_exat_2_dia_turno_curso_aleatoria,180.0,180.0,600.0,14400.0,False,False,alfabetica,42,alfabetica,,./dados/2024_1/horarios_2024_1.xlsx,./dados/2024_1/salas_2024_1.csv,./dados/2024_1/salas_preferenciais_2024.1.xlsx,/Users/robertdrey/Documents/workspace/development/alocador_de_salas,resultados/experimentos/2024_1/novas_hibridas/combinada_aleatoria/20261002_003719_seed42/melhor.sol,resultados/experimentos/2024_1/novas_hibridas/combinada_aleatoria/20261002_003719_seed42/historico.csv,resultados/experimentos/2024_1/novas_hibridas/combinada_aleatoria/20261002_003719_seed42/historico.json,combinada_aleatoria,cursos_exat_2 + dia_turno_curso,qualquer_melhoria_na_passada,aleatoria_por_passada,42,180.0,1,180.0,600.0,1,0,TEMPO_TOTAL,,,
1,3,10,par_cursos,ADM+CC,95,19826,75164,OPTIMAL,185220.0,185220.0,False,185220.0,35.6,35.29,600.0,,,,alfabetica,,aleatoria_por_passada,42,cursos_exat_2,10,3,True,TEMPO_TOTAL,iteracao,combinada_cursos_exat_2_dia_turno_curso_aleatoria,180.0,180.0,600.0,14400.0,False,False,alfabetica,42,alfabetica,,./dados/2024_1/horarios_2024_1.xlsx,./dados/2024_1/salas_2024_1.csv,./dados/2024_1/salas_preferenciais_2024.1.xlsx,/Users/robertdrey/Documents/workspace/development/alocador_de_salas,resultados/experimentos/2024_1/novas_hibridas/combinada_aleatoria/20261002_003719_seed42/melhor.sol,resultados/experimentos/2024_1/novas_hibridas/combinada_aleatoria/20261002_003719_seed42/historico.csv,resultados/experimentos/2024_1/novas_hibridas/combinada_aleatoria/20261002_003719_seed42/historico.json,combinada_aleatoria,cursos_exat_2 + dia_turno_curso,qualquer_melhoria_na_passada,aleatoria_por_passada,42,180.0,1,180.0,600.0,1,0,TEMPO_TOTAL,ADM,CC,10
1,3,11,par_cursos,LET+MED,77,18538,76452,OPTIMAL,185220.0,185220.0,False,185220.0,2.13,1.83,600.0,,,,alfabetica,,aleatoria_por_passada,42,cursos_exat_2,11,4,True,TEMPO_TOTAL,iteracao,combinada_cursos_exat_2_dia_turno_curso_aleatoria,180.0,180.0,600.0,14400.0,False,False,alfabetica,42,alfabetica,,./dados/2024_1/horarios_2024_1.xlsx,./dados/2024_1/salas_2024_1.csv,./dados/2024_1/salas_preferenciais_2024.1.xlsx,/Users/robertdrey/Documents/workspace/development/alocador_de_salas,resultados/experimentos/2024_1/novas_hibridas/combinada_aleatoria/20261002_003719_seed42/melhor.sol,resultados/experimentos/2024_1/novas_hibridas/combinada_aleatoria/20261002_003719_seed42/historico.csv,resultados/experimentos/2024_1/novas_hibridas/combinada_aleatoria/20261002_003719_seed42/historico.json,combinada_aleatoria,cursos_exat_2 + dia_turno_curso,qualquer_melhoria_na_passada,aleatoria_por_passada,42,180.0,1,180.0,600.0,1,0,TEMPO_TOTAL,LET,MED,11
1,3,12,par_cursos,AGRO+CC,98,19274,75716,OPTIMAL,185220.0,185220.0,False,185220.0,117.66,117.36,600.0,,,,alfabetica,,aleatoria_por_passada,42,cursos_exat_2,12,5,True,TEMPO_TOTAL,iteracao,combinada_cursos_exat_2_dia_turno_curso_aleatoria,180.0,180.0,600.0,14400.0,False,False,alfabetica,42,alfabetica,,./dados/2024_1/horarios_2024_1.xlsx,./dados/2024_1/salas_2024_1.csv,./dados/2024_1/salas_preferenciais_2024.1.xlsx,/Users/robertdrey/Documents/workspace/development/alocador_de_salas,resultados/experimentos/2024_1/novas_hibridas/combinada_aleatoria/20261002_003719_seed42/melhor.sol,resultados/experimentos/2024_1/novas_hibridas/combinada_aleatoria/20261002_003719_seed42/historico.csv,resultados/experimentos/2024_1/novas_hibridas/combinada_aleatoria/20261002_003719_seed42/historico.json,combinada_aleatoria,cursos_exat_2 + dia_turno_curso,qualquer_melhoria_na_passada,aleatoria_por_passada,42,180.0,1,180.0,600.0,1,0,TEMPO_TOTAL,AGRO,CC,12
1,3,13,dia_turno_curso,5_T_EAS,71,17342,77648,OPTIMAL,185220.0,185220.0,False,185220.0,1.73,1.43,600.0,5,T,EAS,alfabetica,,aleatoria_por_passada,42,dia_turno_curso,13,8,True,TEMPO_TOTAL,iteracao,combinada_cursos_exat_2_dia_turno_curso_aleatoria,180.0,180.0,600.0,14400.0,False,False,alfabetica,42,alfabetica,,./dados/2024_1/horarios_2024_1.xlsx,./dados/2024_1/salas_2024_1.csv,./dados/2024_1/salas_preferenciais_2024.1.xlsx,/Users/robertdrey/Documents/workspace/development/alocador_de_salas,resultados/experimentos/2024_1/novas_hibridas/combinada_aleatoria/20261002_003719_seed42/melhor.sol,resultados/experimentos/2024_1/novas_hibridas/combinada_aleatoria/20261002_003719_seed42/historico.csv,resultados/experimentos/2024_1/novas_hibridas/combinada_aleatoria/20261002_003719_seed42/historico.json,combinada_aleatoria,cursos_exat_2 + dia_turno_curso,qualquer_melhoria_na_passada,aleatoria_por_passada,42,180.0,1,180.0,600.0,1,0,TEMPO_TOTAL,,,
1,3,14,par_cursos,ADM+ENF,66,17802,77188,OPTIMAL,185220.0,185220.0,False,185220.0,8.06,7.74,600.0,,,,alfabetica,,aleatoria_por_passada,42,cursos_exat_2,14,6,True,TEMPO_TOTAL,iteracao,combinada_cursos_exat_2_dia_turno_curso_aleatoria,180.0,180.0,600.0,14400.0,False,False,alfabetica,42,alfabetica,,./dados/2024_1/horarios_2024_1.xlsx,./dados/2024_1/salas_2024_1.csv,./dados/2024_1/salas_preferenciais_2024.1.xlsx,/Users/robertdrey/Documents/workspace/development/alocador_de_salas,resultados/experimentos/2024_1/novas_hibridas/combinada_aleatoria/20261002_003719_seed42/melhor.sol,resultados/experimentos/2024_1/novas_hibridas/combinada_aleatoria/20261002_003719_seed42/historico.csv,resultados/experimentos/2024_1/novas_hibridas/combinada_aleatoria/20261002_003719_seed42/historico.json,combinada_aleatoria,cursos_exat_2 + dia_turno_curso,qualquer_melhoria_na_passada,aleatoria_por_passada,42,180.0,1,180.0,600.0,1,0,TEMPO_TOTAL,ADM,ENF,14
1,3,15,dia_turno_curso,4_N_PED,93,21160,73830,OPTIMAL,185220.0,185220.0,False,185220.0,23.81,23.49,600.0,4,N,PED,alfabetica,,aleatoria_por_passada,42,dia_turno_curso,15,9,True,TEMPO_TOTAL,iteracao,combinada_cursos_exat_2_dia_turno_curso_aleatoria,180.0,180.0,600.0,14400.0,False,False,alfabetica,42,alfabetica,,./dados/2024_1/horarios_2024_1.xlsx,./dados/2024_1/salas_2024_1.csv,./dados/2024_1/salas_preferenciais_2024.1.xlsx,/Users/robertdrey/Documents/workspace/development/alocador_de_salas,resultados/experimentos/2024_1/novas_hibridas/combinada_aleatoria/20261002_003719_seed42/melhor.sol,resultados/experimentos/2024_1/novas_hibridas/combinada_aleatoria/20261002_003719_seed42/historico.csv,resultados/experimentos/2024_1/novas_hibridas/combinada_aleatoria/20261002_003719_seed42/historico.json,combinada_aleatoria,cursos_exat_2 + dia_turno_curso,qualquer_melhoria_na_passada,aleatoria_por_passada,42,180.0,1,180.0,600.0,1,0,TEMPO_TOTAL,,,
1,3,16,par_cursos,HIS+MAT,47,9752,85238,OPTIMAL,185220.0,185220.0,False,185220.0,0.8,0.5,600.0,,,,alfabetica,,aleatoria_por_passada,42,cursos_exat_2,16,7,True,TEMPO_TOTAL,iteracao,combinada_cursos_exat_2_dia_turno_curso_aleatoria,180.0,180.0,600.0,14400.0,False,False,alfabetica,42,alfabetica,,./dados/2024_1/horarios_2024_1.xlsx,./dados/2024_1/salas_2024_1.csv,./dados/2024_1/salas_preferenciais_2024.1.xlsx,/Users/robertdrey/Documents/workspace/development/alocador_de_salas,resultados/experimentos/2024_1/novas_hibridas/combinada_aleatoria/20261002_003719_seed42/melhor.sol,resultados/experimentos/2024_1/novas_hibridas/combinada_aleatoria/20261002_003719_seed42/historico.csv,resultados/experimentos/2024_1/novas_hibridas/combinada_aleatoria/20261002_003719_seed42/historico.json,combinada_aleatoria,cursos_exat_2 + dia_turno_curso,qualquer_melhoria_na_passada,aleatoria_por_passada,42,180.0,1,180.0,600.0,1,0,TEMPO_TOTAL,HIS,MAT,16
1,3,17,par_cursos,ADM+CS,70,13846,81144,OPTIMAL,185220.0,185220.0,False,185220.0,1.0,0.7,600.0,,,,alfabetica,,aleatoria_por_passada,42,cursos_exat_2,17,8,True,TEMPO_TOTAL,iteracao,combinada_cursos_exat_2_dia_turno_curso_aleatoria,180.0,180.0,600.0,14400.0,False,False,alfabetica,42,alfabetica,,./dados/2024_1/horarios_2024_1.xlsx,./dados/2024_1/salas_2024_1.csv,./dados/2024_1/salas_preferenciais_2024.1.xlsx,/Users/robertdrey/Documents/workspace/development/alocador_de_salas,resultados/experimentos/2024_1/novas_hibridas/combinada_aleatoria/20261002_003719_seed42/melhor.sol,resultados/experimentos/2024_1/novas_hibridas/combinada_aleatoria/20261002_003719_seed42/historico.csv,resultados/experimentos/2024_1/novas_hibridas/combinada_aleatoria/20261002_003719_seed42/historico.json,combinada_aleatoria,cursos_exat_2 + dia_turno_curso,qualquer_melhoria_na_passada,aleatoria_por_passada,42,180.0,1,180.0,600.0,1,0,TEMPO_TOTAL,ADM,CS,17
1,3,18,par_cursos,MAT+PED,79,17756,77234,OPTIMAL,185220.0,185220.0,False,185220.0,29.5,29.18,600.0,,,,alfabetica,,aleatoria_por_passada,42,cursos_exat_2,18,9,True,TEMPO_TOTAL,iteracao,combinada_cursos_exat_2_dia_turno_curso_aleatoria,180.0,180.0,600.0,14400.0,False,False,alfabetica,42,alfabetica,,./dados/2024_1/horarios_2024_1.xlsx,./dados/2024_1/salas_2024_1.csv,./dados/2024_1/salas_preferenciais_2024.1.xlsx,/Users/robertdrey/Documents/workspace/development/alocador_de_salas,resultados/experimentos/2024_1/novas_hibridas/combinada_aleatoria/20261002_003719_seed42/melhor.sol,resultados/experimentos/2024_1/novas_hibridas/combinada_aleatoria/20261002_003719_seed42/historico.csv,resultados/experimentos/2024_1/novas_hibridas/combinada_aleatoria/20261002_003719_seed42/historico.json,combinada_aleatoria,cursos_exat_2 + dia_turno_curso,qualquer_melhoria_na_passada,aleatoria_por_passada,42,180.0,1,180.0,600.0,1,0,TEMPO_TOTAL,MAT,PED,18
1,3,19,dia_turno_curso,3_M_ENF,49,15640,79350,OPTIMAL,185220.0,185220.0,False,185220.0,5.9,5.58,600.0,3,M,ENF,alfabetica,,aleatoria_por_passada,42,dia_turno_curso,19,10,True,TEMPO_TOTAL,iteracao,combinada_cursos_exat_2_dia_turno_curso_aleatoria,180.0,180.0,600.0,14400.0,False,False,alfabetica,42,alfabetica,,./dados/2024_1/horarios_2024_1.xlsx,./dados/2024_1/salas_2024_1.csv,./dados/2024_1/salas_preferenciais_2024.1.xlsx,/Users/robertdrey/Documents/workspace/development/alocador_de_salas,resultados/experimentos/2024_1/novas_hibridas/combinada_aleatoria/20261002_003719_seed42/melhor.sol,resultados/experimentos/2024_1/novas_hibridas/combinada_aleatoria/20261002_003719_seed42/historico.csv,resultados/experimentos/2024_1/novas_hibridas/combinada_aleatoria/20261002_003719_seed42/historico.json,combinada_aleatoria,cursos_exat_2 + dia_turno_curso,qualquer_melhoria_na_passada,aleatoria_por_passada,42,180.0,1,180.0,600.0,1,0,TEMPO_TOTAL,,,
1,3,20,par_cursos,FIL+PED,71,15548,79442,OPTIMAL,185220.0,185220.0,False,185220.0,39.77,39.43,600.0,,,,alfabetica,,aleatoria_por_passada,42,cursos_exat_2,20,10,True,TEMPO_TOTAL,iteracao,combinada_cursos_exat_2_dia_turno_curso_aleatoria,180.0,180.0,600.0,14400.0,False,False,alfabetica,42,alfabetica,,./dados/2024_1/horarios_2024_1.xlsx,./dados/2024_1/salas_2024_1.csv,./dados/2024_1/salas_preferenciais_2024.1.xlsx,/Users/robertdrey/Documents/workspace/development/alocador_de_salas,resultados/experimentos/2024_1/novas_hibridas/combinada_aleatoria/20261002_003719_seed42/melhor.sol,resultados/experimentos/2024_1/novas_hibridas/combinada_aleatoria/20261002_003719_seed42/historico.csv,resultados/experimentos/2024_1/novas_hibridas/combinada_aleatoria/20261002_003719_seed42/historico.json,combinada_aleatoria,cursos_exat_2 + dia_turno_curso,qualquer_melhoria_na_passada,aleatoria_por_passada,42,180.0,1,180.0,600.0,1,0,TEMPO_TOTAL,FIL,PED,20
1,3,21,par_cursos,CS+ENF,40,13064,81926,OPTIMAL,185220.0,185220.0,False,185220.0,3.1,2.74,600.0,,,,alfabetica,,aleatoria_por_passada,42,cursos_exat_2,21,11,True,TEMPO_TOTAL,iteracao,combinada_cursos_exat_2_dia_turno_curso_aleatoria,180.0,180.0,600.0,14400.0,False,False,alfabetica,42,alfabetica,,./dados/2024_1/horarios_2024_1.xlsx,./dados/2024_1/salas_2024_1.csv,./dados/2024_1/salas_preferenciais_2024.1.xlsx,/Users/robertdrey/Documents/workspace/development/alocador_de_salas,resultados/experimentos/2024_1/novas_hibridas/combinada_aleatoria/20261002_003719_seed42/melhor.sol,resultados/experimentos/2024_1/novas_hibridas/combinada_aleatoria/20261002_003719_seed42/historico.csv,resultados/experimentos/2024_1/novas_hibridas/combinada_aleatoria/20261002_003719_seed42/historico.json,combinada_aleatoria,cursos_exat_2 + dia_turno_curso,qualquer_melhoria_na_passada,aleatoria_por_passada,42,180.0,1,180.0,600.0,1,0,TEMPO_TOTAL,CS,ENF,21
1,3,22,dia_turno_curso,3_T_GEO,43,13524,81466,OPTIMAL,185220.0,185220.0,False,185220.0,0.96,0.6,600.0,3,T,GEO,alfabetica,,aleatoria_por_passada,42,dia_turno_curso,22,11,True,TEMPO_TOTAL,iteracao,combinada_cursos_exat_2_dia_turno_curso_aleatoria,180.0,180.0,600.0,14400.0,False,False,alfabetica,42,alfabetica,,./dados/2024_1/horarios_2024_1.xlsx,./dados/2024_1/salas_2024_1.csv,./dados/2024_1/salas_preferenciais_2024.1.xlsx,/Users/robertdrey/Documents/workspace/development/alocador_de_salas,resultados/experimentos/2024_1/novas_hibridas/combinada_aleatoria/20261002_003719_seed42/melhor.sol,resultados/experimentos/2024_1/novas_hibridas/combinada_aleatoria/20261002_003719_seed42/historico.csv,resultados/experimentos/2024_1/novas_hibridas/combinada_aleatoria/20261002_003719_seed42/historico.json,combinada_aleatoria,cursos_exat_2 + dia_turno_curso,qualquer_melhoria_na_passada,aleatoria_por_passada,42,180.0,1,180.0,600.0,1,0,TEMPO_TOTAL,,,
1,3,23,dia_turno_curso,4_T_MAT,51,15410,79580,OPTIMAL,185220.0,185220.0,False,185220.0,1.2,0.9,600.0,4,T,MAT,alfabetica,,aleatoria_por_passada,42,dia_turno_curso,23,12,True,TEMPO_TOTAL,iteracao,combinada_cursos_exat_2_dia_turno_curso_aleatoria,180.0,180.0,600.0,14400.0,False,False,alfabetica,42,alfabetica,,./dados/2024_1/horarios_2024_1.xlsx,./dados/2024_1/salas_2024_1.csv,./dados/2024_1/salas_preferenciais_2024.1.xlsx,/Users/robertdrey/Documents/workspace/development/alocador_de_salas,resultados/experimentos/2024_1/novas_hibridas/combinada_aleatoria/20261002_003719_seed42/melhor.sol,resultados/experimentos/2024_1/novas_hibridas/combinada_aleatoria/20261002_003719_seed42/historico.csv,resultados/experimentos/2024_1/novas_hibridas/combinada_aleatoria/20261002_003719_seed42/historico.json,combinada_aleatoria,cursos_exat_2 + dia_turno_curso,qualquer_melhoria_na_passada,aleatoria_por_passada,42,180.0,1,180.0,600.0,1,0,TEMPO_TOTAL,,,
1,3,24,dia_turno_curso,2_M_MED,74,18078,76912,OPTIMAL,185220.0,185220.0,False,185220.0,2.23,1.92,600.0,2,M,MED,alfabetica,,aleatoria_por_passada,42,dia_turno_curso,24,13,True,TEMPO_TOTAL,iteracao,combinada_cursos_exat_2_dia_turno_curso_aleatoria,180.0,180.0,600.0,14400.0,False,False,alfabetica,42,alfabetica,,./dados/2024_1/horarios_2024_1.xlsx,./dados/2024_1/salas_2024_1.csv,./dados/2024_1/salas_preferenciais_2024.1.xlsx,/Users/robertdrey/Documents/workspace/development/alocador_de_salas,resultados/experimentos/2024_1/novas_hibridas/combinada_aleatoria/20261002_003719_seed42/melhor.sol,resultados/experimentos/2024_1/novas_hibridas/combinada_aleatoria/20261002_003719_seed42/historico.csv,resultados/experimentos/2024_1/novas_hibridas/combinada_aleatoria/20261002_003719_seed42/historico.json,combinada_aleatoria,cursos_exat_2 + dia_turno_curso,qualquer_melhoria_na_passada,aleatoria_por_passada,42,180.0,1,180.0,600.0,1,0,TEMPO_TOTAL,,,
1,3,25,dia_turno_curso,4_M_AGRO,77,17710,77280,OPTIMAL,185220.0,185220.0,False,185220.0,6.54,6.22,600.0,4,M,AGRO,alfabetica,,aleatoria_por_passada,42,dia_turno_curso,25,14,True,TEMPO_TOTAL,iteracao,combinada_cursos_exat_2_dia_turno_curso_aleatoria,180.0,180.0,600.0,14400.0,False,False,alfabetica,42,alfabetica,,./dados/2024_1/horarios_2024_1.xlsx,./dados/2024_1/salas_2024_1.csv,./dados/2024_1/salas_preferenciais_2024.1.xlsx,/Users/robertdrey/Documents/workspace/development/alocador_de_salas,resultados/experimentos/2024_1/novas_hibridas/combinada_aleatoria/20261002_003719_seed42/melhor.sol,resultados/experimentos/2024_1/novas_hibridas/combinada_aleatoria/20261002_003719_seed42/historico.csv,resultados/experimentos/2024_1/novas_hibridas/combinada_aleatoria/20261002_003719_seed42/historico.json,combinada_aleatoria,cursos_exat_2 + dia_turno_curso,qualquer_melhoria_na_passada,aleatoria_por_passada,42,180.0,1,180.0,600.0,1,0,TEMPO_TOTAL,,,
1,3,26,dia_turno_curso,2_M_ENF,51,15548,79442,OPTIMAL,185220.0,185220.0,False,185220.0,5.57,5.26,600.0,2,M,ENF,alfabetica,,aleatoria_por_passada,42,dia_turno_curso,26,15,True,TEMPO_TOTAL,iteracao,combinada_cursos_exat_2_dia_turno_curso_aleatoria,180.0,180.0,600.0,14400.0,False,False,alfabetica,42,alfabetica,,./dados/2024_1/horarios_2024_1.xlsx,./dados/2024_1/salas_2024_1.csv,./dados/2024_1/salas_preferenciais_2024.1.xlsx,/Users/robertdrey/Documents/workspace/development/alocador_de_salas,resultados/experimentos/2024_1/novas_hibridas/combinada_aleatoria/20261002_003719_seed42/melhor.sol,resultados/experimentos/2024_1/novas_hibridas/combinada_aleatoria/20261002_003719_seed42/historico.csv,resultados/experimentos/2024_1/novas_hibridas/combinada_aleatoria/20261002_003719_seed42/historico.json,combinada_aleatoria,cursos_exat_2 + dia_turno_curso,qualquer_melhoria_na_passada,aleatoria_por_passada,42,180.0,1,180.0,600.0,1,0,TEMPO_TOTAL,,,
1,3,27,dia_turno_curso,6_M_EAS,69,13294,81696,OPTIMAL,185220.0,185220.0,False,185220.0,2.12,1.8,600.0,6,M,EAS,alfabetica,,aleatoria_por_passada,42,dia_turno_curso,27,16,True,TEMPO_TOTAL,iteracao,combinada_cursos_exat_2_dia_turno_curso_aleatoria,180.0,180.0,600.0,14400.0,False,False,alfabetica,42,alfabetica,,./dados/2024_1/horarios_2024_1.xlsx,./dados/2024_1/salas_2024_1.csv,./dados/2024_1/salas_preferenciais_2024.1.xlsx,/Users/robertdrey/Documents/workspace/development/alocador_de_salas,resultados/experimentos/2024_1/novas_hibridas/combinada_aleatoria/20261002_003719_seed42/melhor.sol,resultados/experimentos/2024_1/novas_hibridas/combinada_aleatoria/20261002_003719_seed42/historico.csv,resultados/experimentos/2024_1/novas_hibridas/combinada_aleatoria/20261002_003719_seed42/historico.json,combinada_aleatoria,cursos_exat_2 + dia_turno_curso,qualquer_melhoria_na_passada,aleatoria_por_passada,42,180.0,1,180.0,600.0,1,0,TEMPO_TOTAL,,,
1,3,28,dia_turno_curso,4_T_AGRO,78,19458,75532,OPTIMAL,185220.0,185220.0,False,185220.0,6.11,5.8,600.0,4,T,AGRO,alfabetica,,aleatoria_por_passada,42,dia_turno_curso,28,17,True,TEMPO_TOTAL,iteracao,combinada_cursos_exat_2_dia_turno_curso_aleatoria,180.0,180.0,600.0,14400.0,False,False,alfabetica,42,alfabetica,,./dados/2024_1/horarios_2024_1.xlsx,./dados/2024_1/salas_2024_1.csv,./dados/2024_1/salas_preferenciais_2024.1.xlsx,/Users/robertdrey/Documents/workspace/development/alocador_de_salas,resultados/experimentos/2024_1/novas_hibridas/combinada_aleatoria/20261002_003719_seed42/melhor.sol,resultados/experimentos/2024_1/novas_hibridas/combinada_aleatoria/20261002_003719_seed42/historico.csv,resultados/experimentos/2024_1/novas_hibridas/combinada_aleatoria/20261002_003719_seed42/historico.json,combinada_aleatoria,cursos_exat_2 + dia_turno_curso,qualquer_melhoria_na_passada,aleatoria_por_passada,42,180.0,1,180.0,600.0,1,0,TEMPO_TOTAL,,,
1,3,29,par_cursos,EAS+FIL,60,10212,84778,OPTIMAL,185220.0,185220.0,False,185220.0,0.74,0.43,600.0,,,,alfabetica,,aleatoria_por_passada,42,cursos_exat_2,29,12,True,TEMPO_TOTAL,iteracao,combinada_cursos_exat_2_dia_turno_curso_aleatoria,180.0,180.0,600.0,14400.0,False,False,alfabetica,42,alfabetica,,./dados/2024_1/horarios_2024_1.xlsx,./dados/2024_1/salas_2024_1.csv,./dados/2024_1/salas_preferenciais_2024.1.xlsx,/Users/robertdrey/Documents/workspace/development/alocador_de_salas,resultados/experimentos/2024_1/novas_hibridas/combinada_aleatoria/20261002_003719_seed42/melhor.sol,resultados/experimentos/2024_1/novas_hibridas/combinada_aleatoria/20261002_003719_seed42/historico.csv,resultados/experimentos/2024_1/novas_hibridas/combinada_aleatoria/20261002_003719_seed42/historico.json,combinada_aleatoria,cursos_exat_2 + dia_turno_curso,qualquer_melhoria_na_passada,aleatoria_por_passada,42,180.0,1,180.0,600.0,1,0,TEMPO_TOTAL,EAS,FIL,29
1,3,30,dia_turno_curso,2_N_LET,71,16790,78200,OPTIMAL,185220.0,185220.0,False,185220.0,3.6,3.29,600.0,2,N,LET,alfabetica,,aleatoria_por_passada,42,dia_turno_curso,30,18,True,TEMPO_TOTAL,iteracao,combinada_cursos_exat_2_dia_turno_curso_aleatoria,180.0,180.0,600.0,14400.0,False,False,alfabetica,42,alfabetica,,./dados/2024_1/horarios_2024_1.xlsx,./dados/2024_1/salas_2024_1.csv,./dados/2024_1/salas_preferenciais_2024.1.xlsx,/Users/robertdrey/Documents/workspace/development/alocador_de_salas,resultados/experimentos/2024_1/novas_hibridas/combinada_aleatoria/20261002_003719_seed42/melhor.sol,resultados/experimentos/2024_1/novas_hibridas/combinada_aleatoria/20261002_003719_seed42/historico.csv,resultados/experimentos/2024_1/novas_hibridas/combinada_aleatoria/20261002_003719_seed42/historico.json,combinada_aleatoria,cursos_exat_2 + dia_turno_curso,qualquer_melhoria_na_passada,aleatoria_por_passada,42,180.0,1,180.0,600.0,1,0,TEMPO_TOTAL,,,
1,3,31,par_cursos,CC+CS,69,15088,79902,OPTIMAL,185220.0,185220.0,False,185220.0,2.95,2.63,600.0,,,,alfabetica,,aleatoria_por_passada,42,cursos_exat_2,31,13,True,TEMPO_TOTAL,iteracao,combinada_cursos_exat_2_dia_turno_curso_aleatoria,180.0,180.0,600.0,14400.0,False,False,alfabetica,42,alfabetica,,./dados/2024_1/horarios_2024_1.xlsx,./dados/2024_1/salas_2024_1.csv,./dados/2024_1/salas_preferenciais_2024.1.xlsx,/Users/robertdrey/Documents/workspace/development/alocador_de_salas,resultados/experimentos/2024_1/novas_hibridas/combinada_aleatoria/20261002_003719_seed42/melhor.sol,resultados/experimentos/2024_1/novas_hibridas/combinada_aleatoria/20261002_003719_seed42/historico.csv,resultados/experimentos/2024_1/novas_hibridas/combinada_aleatoria/20261002_003719_seed42/historico.json,combinada_aleatoria,cursos_exat_2 + dia_turno_curso,qualquer_melhoria_na_passada,aleatoria_por_passada,42,180.0,1,180.0,600.0,1,0,TEMPO_TOTAL,CC,CS,31
1,3,32,dia_turno_curso,7_N_AGRO,53,10028,84962,OPTIMAL,185220.0,185220.0,False,185220.0,4.42,4.09,600.0,7,N,AGRO,alfabetica,,aleatoria_por_passada,42,dia_turno_curso,32,19,True,TEMPO_TOTAL,iteracao,combinada_cursos_exat_2_dia_turno_curso_aleatoria,180.0,180.0,600.0,14400.0,False,False,alfabetica,42,alfabetica,,./dados/2024_1/horarios_2024_1.xlsx,./dados/2024_1/salas_2024_1.csv,./dados/2024_1/salas_preferenciais_2024.1.xlsx,/Users/robertdrey/Documents/workspace/development/alocador_de_salas,resultados/experimentos/2024_1/novas_hibridas/combinada_aleatoria/20261002_003719_seed42/melhor.sol,resultados/experimentos/2024_1/novas_hibridas/combinada_aleatoria/20261002_003719_seed42/historico.csv,resultados/experimentos/2024_1/novas_hibridas/combinada_aleatoria/20261002_003719_seed42/historico.json,combinada_aleatoria,cursos_exat_2 + dia_turno_curso,qualquer_melhoria_na_passada,aleatoria_por_passada,42,180.0,1,180.0,600.0,1,0,TEMPO_TOTAL,,,
1,3,33,dia_turno_curso,3_T_MED,68,19504,75486,OPTIMAL,185220.0,185220.0,False,185220.0,2.05,1.73,600.0,3,T,MED,alfabetica,,aleatoria_por_passada,42,dia_turno_curso,33,20,True,TEMPO_TOTAL,iteracao,combinada_cursos_exat_2_dia_turno_curso_aleatoria,180.0,180.0,600.0,14400.0,False,False,alfabetica,42,alfabetica,,./dados/2024_1/horarios_2024_1.xlsx,./dados/2024_1/salas_2024_1.csv,./dados/2024_1/salas_preferenciais_2024.1.xlsx,/Users/robertdrey/Documents/workspace/development/alocador_de_salas,resultados/experimentos/2024_1/novas_hibridas/combinada_aleatoria/20261002_003719_seed42/melhor.sol,resultados/experimentos/2024_1/novas_hibridas/combinada_aleatoria/20261002_003719_seed42/historico.csv,resultados/experimentos/2024_1/novas_hibridas/combinada_aleatoria/20261002_003719_seed42/historico.json,combinada_aleatoria,cursos_exat_2 + dia_turno_curso,qualquer_melhoria_na_passada,aleatoria_por_passada,42,180.0,1,180.0,600.0,1,0,TEMPO_TOTAL,,,
1,3,34,dia_turno_curso,2_N_PED,91,21022,73968,OPTIMAL,185220.0,185220.0,False,185220.0,21.8,21.49,600.0,2,N,PED,alfabetica,,aleatoria_por_passada,42,dia_turno_curso,34,21,True,TEMPO_TOTAL,iteracao,combinada_cursos_exat_2_dia_turno_curso_aleatoria,180.0,180.0,600.0,14400.0,False,False,alfabetica,42,alfabetica,,./dados/2024_1/horarios_2024_1.xlsx,./dados/2024_1/salas_2024_1.csv,./dados/2024_1/salas_preferenciais_2024.1.xlsx,/Users/robertdrey/Documents/workspace/development/alocador_de_salas,resultados/experimentos/2024_1/novas_hibridas/combinada_aleatoria/20261002_003719_seed42/melhor.sol,resultados/experimentos/2024_1/novas_hibridas/combinada_aleatoria/20261002_003719_seed42/historico.csv,resultados/experimentos/2024_1/novas_hibridas/combinada_aleatoria/20261002_003719_seed42/historico.json,combinada_aleatoria,cursos_exat_2 + dia_turno_curso,qualquer_melhoria_na_passada,aleatoria_por_passada,42,180.0,1,180.0,600.0,1,0,TEMPO_TOTAL,,,
1,3,35,dia_turno_curso,7_M_PED,68,17572,77418,OPTIMAL,185220.0,185220.0,False,185220.0,49.03,48.72,600.0,7,M,PED,alfabetica,,aleatoria_por_passada,42,dia_turno_curso,35,22,True,TEMPO_TOTAL,iteracao,combinada_cursos_exat_2_dia_turno_curso_aleatoria,180.0,180.0,600.0,14400.0,False,False,alfabetica,42,alfabetica,,./dados/2024_1/horarios_2024_1.xlsx,./dados/2024_1/salas_2024_1.csv,./dados/2024_1/salas_preferenciais_2024.1.xlsx,/Users/robertdrey/Documents/workspace/development/alocador_de_salas,resultados/experimentos/2024_1/novas_hibridas/combinada_aleatoria/20261002_003719_seed42/melhor.sol,resultados/experimentos/2024_1/novas_hibridas/combinada_aleatoria/20261002_003719_seed42/historico.csv,resultados/experimentos/2024_1/novas_hibridas/combinada_aleatoria/20261002_003719_seed42/historico.json,combinada_aleatoria,cursos_exat_2 + dia_turno_curso,qualquer_melhoria_na_passada,aleatoria_por_passada,42,180.0,1,180.0,600.0,1,0,TEMPO_TOTAL,,,
1,3,36,par_cursos,MAT+MED,64,14352,80638,OPTIMAL,185220.0,185220.0,False,185220.0,1.13,0.82,600.0,,,,alfabetica,,aleatoria_por_passada,42,cursos_exat_2,36,14,True,TEMPO_TOTAL,iteracao,combinada_cursos_exat_2_dia_turno_curso_aleatoria,180.0,180.0,600.0,14400.0,False,False,alfabetica,42,alfabetica,,./dados/2024_1/horarios_2024_1.xlsx,./dados/2024_1/salas_2024_1.csv,./dados/2024_1/salas_preferenciais_2024.1.xlsx,/Users/robertdrey/Documents/workspace/development/alocador_de_salas,resultados/experimentos/2024_1/novas_hibridas/combinada_aleatoria/20261002_003719_seed42/melhor.sol,resultados/experimentos/2024_1/novas_hibridas/combinada_aleatoria/20261002_003719_seed42/historico.csv,resultados/experimentos/2024_1/novas_hibridas/combinada_aleatoria/20261002_003719_seed42/historico.json,combinada_aleatoria,cursos_exat_2 + dia_turno_curso,qualquer_melhoria_na_passada,aleatoria_por_passada,42,180.0,1,180.0,600.0,1,0,TEMPO_TOTAL,MAT,MED,36
1,3,37,par_cursos,AGRO+MAT,74,13708,81282,OPTIMAL,185220.0,185220.0,False,185220.0,4.86,4.55,600.0,,,,alfabetica,,aleatoria_por_passada,42,cursos_exat_2,37,15,True,TEMPO_TOTAL,iteracao,combinada_cursos_exat_2_dia_turno_curso_aleatoria,180.0,180.0,600.0,14400.0,False,False,alfabetica,42,alfabetica,,./dados/2024_1/horarios_2024_1.xlsx,./dados/2024_1/salas_2024_1.csv,./dados/2024_1/salas_preferenciais_2024.1.xlsx,/Users/robertdrey/Documents/workspace/development/alocador_de_salas,resultados/experimentos/2024_1/novas_hibridas/combinada_aleatoria/20261002_003719_seed42/melhor.sol,resultados/experimentos/2024_1/novas_hibridas/combinada_aleatoria/20261002_003719_seed42/historico.csv,resultados/experimentos/2024_1/novas_hibridas/combinada_aleatoria/20261002_003719_seed42/historico.json,combinada_aleatoria,cursos_exat_2 + dia_turno_curso,qualquer_melhoria_na_passada,aleatoria_por_passada,42,180.0,1,180.0,600.0,1,0,TEMPO_TOTAL,AGRO,MAT,37
1,3,38,dia_turno_curso,6_N_HIS,59,12650,82340,OPTIMAL,185220.0,185220.0,False,185220.0,1.98,1.66,600.0,6,N,HIS,alfabetica,,aleatoria_por_passada,42,dia_turno_curso,38,23,True,TEMPO_TOTAL,iteracao,combinada_cursos_exat_2_dia_turno_curso_aleatoria,180.0,180.0,600.0,14400.0,False,False,alfabetica,42,alfabetica,,./dados/2024_1/horarios_2024_1.xlsx,./dados/2024_1/salas_2024_1.csv,./dados/2024_1/salas_preferenciais_2024.1.xlsx,/Users/robertdrey/Documents/workspace/development/alocador_de_salas,resultados/experimentos/2024_1/novas_hibridas/combinada_aleatoria/20261002_003719_seed42/melhor.sol,resultados/experimentos/2024_1/novas_hibridas/combinada_aleatoria/20261002_003719_seed42/historico.csv,resultados/experimentos/2024_1/novas_hibridas/combinada_aleatoria/20261002_003719_seed42/historico.json,combinada_aleatoria,cursos_exat_2 + dia_turno_curso,qualquer_melhoria_na_passada,aleatoria_por_passada,42,180.0,1,180.0,600.0,1,0,TEMPO_TOTAL,,,
1,3,39,par_cursos,EAS+MAT,68,12420,82570,OPTIMAL,185220.0,185220.0,False,185220.0,1.8,1.46,600.0,,,,alfabetica,,aleatoria_por_passada,42,cursos_exat_2,39,16,True,TEMPO_TOTAL,iteracao,combinada_cursos_exat_2_dia_turno_curso_aleatoria,180.0,180.0,600.0,14400.0,False,False,alfabetica,42,alfabetica,,./dados/2024_1/horarios_2024_1.xlsx,./dados/2024_1/salas_2024_1.csv,./dados/2024_1/salas_preferenciais_2024.1.xlsx,/Users/robertdrey/Documents/workspace/development/alocador_de_salas,resultados/experimentos/2024_1/novas_hibridas/combinada_aleatoria/20261002_003719_seed42/melhor.sol,resultados/experimentos/2024_1/novas_hibridas/combinada_aleatoria/20261002_003719_seed42/historico.csv,resultados/experimentos/2024_1/novas_hibridas/combinada_aleatoria/20261002_003719_seed42/historico.json,combinada_aleatoria,cursos_exat_2 + dia_turno_curso,qualquer_melhoria_na_passada,aleatoria_por_passada,42,180.0,1,180.0,600.0,1,0,TEMPO_TOTAL,EAS,MAT,39
1,3,40,dia_turno_curso,3_N_PED,91,19504,75486,OPTIMAL,185220.0,185220.0,False,185220.0,54.96,54.59,600.0,3,N,PED,alfabetica,,aleatoria_por_passada,42,dia_turno_curso,40,24,True,TEMPO_TOTAL,iteracao,combinada_cursos_exat_2_dia_turno_curso_aleatoria,180.0,180.0,600.0,14400.0,False,False,alfabetica,42,alfabetica,,./dados/2024_1/horarios_2024_1.xlsx,./dados/2024_1/salas_2024_1.csv,./dados/2024_1/salas_preferenciais_2024.1.xlsx,/Users/robertdrey/Documents/workspace/development/alocador_de_salas,resultados/experimentos/2024_1/novas_hibridas/combinada_aleatoria/20261002_003719_seed42/melhor.sol,resultados/experimentos/2024_1/novas_hibridas/combinada_aleatoria/20261002_003719_seed42/historico.csv,resultados/experimentos/2024_1/novas_hibridas/combinada_aleatoria/20261002_003719_seed42/historico.json,combinada_aleatoria,cursos_exat_2 + dia_turno_curso,qualquer_melhoria_na_passada,aleatoria_por_passada,42,180.0,1,180.0,600.0,1,0,TEMPO_TOTAL,,,
1,3,41,par_cursos,ADM+LET,84,18446,76544,OPTIMAL,185220.0,185220.0,False,185220.0,4.04,3.73,600.0,,,,alfabetica,,aleatoria_por_passada,42,cursos_exat_2,41,17,True,TEMPO_TOTAL,iteracao,combinada_cursos_exat_2_dia_turno_curso_aleatoria,180.0,180.0,600.0,14400.0,False,False,alfabetica,42,alfabetica,,./dados/2024_1/horarios_2024_1.xlsx,./dados/2024_1/salas_2024_1.csv,./dados/2024_1/salas_preferenciais_2024.1.xlsx,/Users/robertdrey/Documents/workspace/development/alocador_de_salas,resultados/experimentos/2024_1/novas_hibridas/combinada_aleatoria/20261002_003719_seed42/melhor.sol,resultados/experimentos/2024_1/novas_hibridas/combinada_aleatoria/20261002_003719_seed42/historico.csv,resultados/experimentos/2024_1/novas_hibridas/combinada_aleatoria/20261002_003719_seed42/historico.json,combinada_aleatoria,cursos_exat_2 + dia_turno_curso,qualquer_melhoria_na_passada,aleatoria_por_passada,42,180.0,1,180.0,600.0,1,0,TEMPO_TOTAL,ADM,LET,41
1,3,42,par_cursos,EAS+LET,81,16606,78384,OPTIMAL,185220.0,185220.0,False,185220.0,1.5,1.19,600.0,,,,alfabetica,,aleatoria_por_passada,42,cursos_exat_2,42,18,True,TEMPO_TOTAL,iteracao,combinada_cursos_exat_2_dia_turno_curso_aleatoria,180.0,180.0,600.0,14400.0,False,False,alfabetica,42,alfabetica,,./dados/2024_1/horarios_2024_1.xlsx,./dados/2024_1/salas_2024_1.csv,./dados/2024_1/salas_preferenciais_2024.1.xlsx,/Users/robertdrey/Documents/workspace/development/alocador_de_salas,resultados/experimentos/2024_1/novas_hibridas/combinada_aleatoria/20261002_003719_seed42/melhor.sol,resultados/experimentos/2024_1/novas_hibridas/combinada_aleatoria/20261002_003719_seed42/historico.csv,resultados/experimentos/2024_1/novas_hibridas/combinada_aleatoria/20261002_003719_seed42/historico.json,combinada_aleatoria,cursos_exat_2 + dia_turno_curso,qualquer_melhoria_na_passada,aleatoria_por_passada,42,180.0,1,180.0,600.0,1,0,TEMPO_TOTAL,EAS,LET,42
1,3,43,dia_turno_curso,5_M_EAS,75,17618,77372,OPTIMAL,185220.0,185220.0,False,185220.0,2.61,2.3,600.0,5,M,EAS,alfabetica,,aleatoria_por_passada,42,dia_turno_curso,43,25,True,TEMPO_TOTAL,iteracao,combinada_cursos_exat_2_dia_turno_curso_aleatoria,180.0,180.0,600.0,14400.0,False,False,alfabetica,42,alfabetica,,./dados/2024_1/horarios_2024_1.xlsx,./dados/2024_1/salas_2024_1.csv,./dados/2024_1/salas_preferenciais_2024.1.xlsx,/Users/robertdrey/Documents/workspace/development/alocador_de_salas,resultados/experimentos/2024_1/novas_hibridas/combinada_aleatoria/20261002_003719_seed42/melhor.sol,resultados/experimentos/2024_1/novas_hibridas/combinada_aleatoria/20261002_003719_seed42/historico.csv,resultados/experimentos/2024_1/novas_hibridas/combinada_aleatoria/20261002_003719_seed42/historico.json,combinada_aleatoria,cursos_exat_2 + dia_turno_curso,qualquer_melhoria_na_passada,aleatoria_por_passada,42,180.0,1,180.0,600.0,1,0,TEMPO_TOTAL,,,
1,3,44,par_cursos,FIL+MED,56,12144,82846,OPTIMAL,185220.0,185220.0,False,185220.0,1.1,0.79,600.0,,,,alfabetica,,aleatoria_por_passada,42,cursos_exat_2,44,19,True,TEMPO_TOTAL,iteracao,combinada_cursos_exat_2_dia_turno_curso_aleatoria,180.0,180.0,600.0,14400.0,False,False,alfabetica,42,alfabetica,,./dados/2024_1/horarios_2024_1.xlsx,./dados/2024_1/salas_2024_1.csv,./dados/2024_1/salas_preferenciais_2024.1.xlsx,/Users/robertdrey/Documents/workspace/development/alocador_de_salas,resultados/experimentos/2024_1/novas_hibridas/combinada_aleatoria/20261002_003719_seed42/melhor.sol,resultados/experimentos/2024_1/novas_hibridas/combinada_aleatoria/20261002_003719_seed42/historico.csv,resultados/experimentos/2024_1/novas_hibridas/combinada_aleatoria/20261002_003719_seed42/historico.json,combinada_aleatoria,cursos_exat_2 + dia_turno_curso,qualquer_melhoria_na_passada,aleatoria_por_passada,42,180.0,1,180.0,600.0,1,0,TEMPO_TOTAL,FIL,MED,44
1,3,45,par_cursos,CS+FIL,37,7314,87676,OPTIMAL,185220.0,185220.0,False,185220.0,0.65,0.34,600.0,,,,alfabetica,,aleatoria_por_passada,42,cursos_exat_2,45,20,True,TEMPO_TOTAL,iteracao,combinada_cursos_exat_2_dia_turno_curso_aleatoria,180.0,180.0,600.0,14400.0,False,False,alfabetica,42,alfabetica,,./dados/2024_1/horarios_2024_1.xlsx,./dados/2024_1/salas_2024_1.csv,./dados/2024_1/salas_preferenciais_2024.1.xlsx,/Users/robertdrey/Documents/workspace/development/alocador_de_salas,resultados/experimentos/2024_1/novas_hibridas/combinada_aleatoria/20261002_003719_seed42/melhor.sol,resultados/experimentos/2024_1/novas_hibridas/combinada_aleatoria/20261002_003719_seed42/historico.csv,resultados/experimentos/2024_1/novas_hibridas/combinada_aleatoria/20261002_003719_seed42/historico.json,combinada_aleatoria,cursos_exat_2 + dia_turno_curso,qualquer_melhoria_na_passada,aleatoria_por_passada,42,180.0,1,180.0,600.0,1,0,TEMPO_TOTAL,CS,FIL,45
1,3,46,dia_turno_curso,6_T_CC,68,20102,74888,OPTIMAL,185220.0,185220.0,False,185220.0,4.22,3.92,600.0,6,T,CC,alfabetica,,aleatoria_por_passada,42,dia_turno_curso,46,26,True,TEMPO_TOTAL,iteracao,combinada_cursos_exat_2_dia_turno_curso_aleatoria,180.0,180.0,600.0,14400.0,False,False,alfabetica,42,alfabetica,,./dados/2024_1/horarios_2024_1.xlsx,./dados/2024_1/salas_2024_1.csv,./dados/2024_1/salas_preferenciais_2024.1.xlsx,/Users/robertdrey/Documents/workspace/development/alocador_de_salas,resultados/experimentos/2024_1/novas_hibridas/combinada_aleatoria/20261002_003719_seed42/melhor.sol,resultados/experimentos/2024_1/novas_hibridas/combinada_aleatoria/20261002_003719_seed42/historico.csv,resultados/experimentos/2024_1/novas_hibridas/combinada_aleatoria/20261002_003719_seed42/historico.json,combinada_aleatoria,cursos_exat_2 + dia_turno_curso,qualquer_melhoria_na_passada,aleatoria_por_passada,42,180.0,1,180.0,600.0,1,0,TEMPO_TOTAL,,,
1,3,47,dia_turno_curso,7_T_HIS,32,9246,85744,OPTIMAL,185220.0,185220.0,False,185220.0,0.78,0.48,600.0,7,T,HIS,alfabetica,,aleatoria_por_passada,42,dia_turno_curso,47,27,True,TEMPO_TOTAL,iteracao,combinada_cursos_exat_2_dia_turno_curso_aleatoria,180.0,180.0,600.0,14400.0,False,False,alfabetica,42,alfabetica,,./dados/2024_1/horarios_2024_1.xlsx,./dados/2024_1/salas_2024_1.csv,./dados/2024_1/salas_preferenciais_2024.1.xlsx,/Users/robertdrey/Documents/workspace/development/alocador_de_salas,resultados/experimentos/2024_1/novas_hibridas/combinada_aleatoria/20261002_003719_seed42/melhor.sol,resultados/experimentos/2024_1/novas_hibridas/combinada_aleatoria/20261002_003719_seed42/historico.csv,resultados/experimentos/2024_1/novas_hibridas/combinada_aleatoria/20261002_003719_seed42/historico.json,combinada_aleatoria,cursos_exat_2 + dia_turno_curso,qualquer_melhoria_na_passada,aleatoria_por_passada,42,180.0,1,180.0,600.0,1,0,TEMPO_TOTAL,,,
1,3,48,par_cursos,CS+EAS,67,12006,82984,OPTIMAL,185220.0,185220.0,False,185220.0,0.89,0.59,600.0,,,,alfabetica,,aleatoria_por_passada,42,cursos_exat_2,48,21,True,TEMPO_TOTAL,iteracao,combinada_cursos_exat_2_dia_turno_curso_aleatoria,180.0,180.0,600.0,14400.0,False,False,alfabetica,42,alfabetica,,./dados/2024_1/horarios_2024_1.xlsx,./dados/2024_1/salas_2024_1.csv,./dados/2024_1/salas_preferenciais_2024.1.xlsx,/Users/robertdrey/Documents/workspace/development/alocador_de_salas,resultados/experimentos/2024_1/novas_hibridas/combinada_aleatoria/20261002_003719_seed42/melhor.sol,resultados/experimentos/2024_1/novas_hibridas/combinada_aleatoria/20261002_003719_seed42/historico.csv,resultados/experimentos/2024_1/novas_hibridas/combinada_aleatoria/20261002_003719_seed42/historico.json,combinada_aleatoria,cursos_exat_2 + dia_turno_curso,qualquer_melhoria_na_passada,aleatoria_por_passada,42,180.0,1,180.0,600.0,1,0,TEMPO_TOTAL,CS,EAS,48
1,3,49,dia_turno_curso,7_T_PED,62,15640,79350,OPTIMAL,185220.0,185220.0,False,185220.0,24.75,24.42,600.0,7,T,PED,alfabetica,,aleatoria_por_passada,42,dia_turno_curso,49,28,True,TEMPO_TOTAL,iteracao,combinada_cursos_exat_2_dia_turno_curso_aleatoria,180.0,180.0,600.0,14400.0,False,False,alfabetica,42,alfabetica,,./dados/2024_1/horarios_2024_1.xlsx,./dados/2024_1/salas_2024_1.csv,./dados/2024_1/salas_preferenciais_2024.1.xlsx,/Users/robertdrey/Documents/workspace/development/alocador_de_salas,resultados/experimentos/2024_1/novas_hibridas/combinada_aleatoria/20261002_003719_seed42/melhor.sol,resultados/experimentos/2024_1/novas_hibridas/combinada_aleatoria/20261002_003719_seed42/historico.csv,resultados/experimentos/2024_1/novas_hibridas/combinada_aleatoria/20261002_003719_seed42/historico.json,combinada_aleatoria,cursos_exat_2 + dia_turno_curso,qualquer_melhoria_na_passada,aleatoria_por_passada,42,180.0,1,180.0,600.0,1,0,TEMPO_TOTAL,,,
1,3,50,dia_turno_curso,3_M_EAS,75,16928,78062,OPTIMAL,185220.0,185220.0,False,185220.0,3.19,2.86,600.0,3,M,EAS,alfabetica,,aleatoria_por_passada,42,dia_turno_curso,50,29,True,TEMPO_TOTAL,iteracao,combinada_cursos_exat_2_dia_turno_curso_aleatoria,180.0,180.0,600.0,14400.0,False,False,alfabetica,42,alfabetica,,./dados/2024_1/horarios_2024_1.xlsx,./dados/2024_1/salas_2024_1.csv,./dados/2024_1/salas_preferenciais_2024.1.xlsx,/Users/robertdrey/Documents/workspace/development/alocador_de_salas,resultados/experimentos/2024_1/novas_hibridas/combinada_aleatoria/20261002_003719_seed42/melhor.sol,resultados/experimentos/2024_1/novas_hibridas/combinada_aleatoria/20261002_003719_seed42/historico.csv,resultados/experimentos/2024_1/novas_hibridas/combinada_aleatoria/20261002_003719_seed42/historico.json,combinada_aleatoria,cursos_exat_2 + dia_turno_curso,qualquer_melhoria_na_passada,aleatoria_por_passada,42,180.0,1,180.0,600.0,1,0,TEMPO_TOTAL,,,
1,3,51,par_cursos,AGRO+EAS,96,16192,78798,OPTIMAL,185220.0,185220.0,False,185220.0,8.93,8.61,600.0,,,,alfabetica,,aleatoria_por_passada,42,cursos_exat_2,51,22,True,TEMPO_TOTAL,iteracao,combinada_cursos_exat_2_dia_turno_curso_aleatoria,180.0,180.0,600.0,14400.0,False,False,alfabetica,42,alfabetica,,./dados/2024_1/horarios_2024_1.xlsx,./dados/2024_1/salas_2024_1.csv,./dados/2024_1/salas_preferenciais_2024.1.xlsx,/Users/robertdrey/Documents/workspace/development/alocador_de_salas,resultados/experimentos/2024_1/novas_hibridas/combinada_aleatoria/20261002_003719_seed42/melhor.sol,resultados/experimentos/2024_1/novas_hibridas/combinada_aleatoria/20261002_003719_seed42/historico.csv,resultados/experimentos/2024_1/novas_hibridas/combinada_aleatoria/20261002_003719_seed42/historico.json,combinada_aleatoria,cursos_exat_2 + dia_turno_curso,qualquer_melhoria_na_passada,aleatoria_por_passada,42,180.0,1,180.0,600.0,1,0,TEMPO_TOTAL,AGRO,EAS,51
1,3,52,dia_turno_curso,4_N_EAS,86,17204,77786,OPTIMAL,185220.0,185220.0,False,185220.0,1.99,1.69,600.0,4,N,EAS,alfabetica,,aleatoria_por_passada,42,dia_turno_curso,52,30,True,TEMPO_TOTAL,iteracao,combinada_cursos_exat_2_dia_turno_curso_aleatoria,180.0,180.0,600.0,14400.0,False,False,alfabetica,42,alfabetica,,./dados/2024_1/horarios_2024_1.xlsx,./dados/2024_1/salas_2024_1.csv,./dados/2024_1/salas_preferenciais_2024.1.xlsx,/Users/robertdrey/Documents/workspace/development/alocador_de_salas,resultados/experimentos/2024_1/novas_hibridas/combinada_aleatoria/20261002_003719_seed42/melhor.sol,resultados/experimentos/2024_1/novas_hibridas/combinada_aleatoria/20261002_003719_seed42/historico.csv,resultados/experimentos/2024_1/novas_hibridas/combinada_aleatoria/20261002_003719_seed42/historico.json,combinada_aleatoria,cursos_exat_2 + dia_turno_curso,qualquer_melhoria_na_passada,aleatoria_por_passada,42,180.0,1,180.0,600.0,1,0,TEMPO_TOTAL,,,
1,3,53,par_cursos,ENF+MAT,41,13478,81512,OPTIMAL,185220.0,185220.0,False,185220.0,3.51,3.19,600.0,,,,alfabetica,,aleatoria_por_passada,42,cursos_exat_2,53,23,True,TEMPO_TOTAL,iteracao,combinada_cursos_exat_2_dia_turno_curso_aleatoria,180.0,180.0,600.0,14400.0,False,False,alfabetica,42,alfabetica,,./dados/2024_1/horarios_2024_1.xlsx,./dados/2024_1/salas_2024_1.csv,./dados/2024_1/salas_preferenciais_2024.1.xlsx,/Users/robertdrey/Documents/workspace/development/alocador_de_salas,resultados/experimentos/2024_1/novas_hibridas/combinada_aleatoria/20261002_003719_seed42/melhor.sol,resultados/experimentos/2024_1/novas_hibridas/combinada_aleatoria/20261002_003719_seed42/historico.csv,resultados/experimentos/2024_1/novas_hibridas/combinada_aleatoria/20261002_003719_seed42/historico.json,combinada_aleatoria,cursos_exat_2 + dia_turno_curso,qualquer_melhoria_na_passada,aleatoria_por_passada,42,180.0,1,180.0,600.0,1,0,TEMPO_TOTAL,ENF,MAT,53
1,3,54,dia_turno_curso,5_N_CC,83,18078,76912,OPTIMAL,185220.0,185220.0,False,185220.0,3.57,3.23,600.0,5,N,CC,alfabetica,,aleatoria_por_passada,42,dia_turno_curso,54,31,True,TEMPO_TOTAL,iteracao,combinada_cursos_exat_2_dia_turno_curso_aleatoria,180.0,180.0,600.0,14400.0,False,False,alfabetica,42,alfabetica,,./dados/2024_1/horarios_2024_1.xlsx,./dados/2024_1/salas_2024_1.csv,./dados/2024_1/salas_preferenciais_2024.1.xlsx,/Users/robertdrey/Documents/workspace/development/alocador_de_salas,resultados/experimentos/2024_1/novas_hibridas/combinada_aleatoria/20261002_003719_seed42/melhor.sol,resultados/experimentos/2024_1/novas_hibridas/combinada_aleatoria/20261002_003719_seed42/historico.csv,resultados/experimentos/2024_1/novas_hibridas/combinada_aleatoria/20261002_003719_seed42/historico.json,combinada_aleatoria,cursos_exat_2 + dia_turno_curso,qualquer_melhoria_na_passada,aleatoria_por_passada,42,180.0,1,180.0,600.0,1,0,TEMPO_TOTAL,,,
1,3,55,dia_turno_curso,3_N_HIS,60,11960,83030,OPTIMAL,185220.0,185220.0,False,185220.0,2.1,1.78,600.0,3,N,HIS,alfabetica,,aleatoria_por_passada,42,dia_turno_curso,55,32,True,TEMPO_TOTAL,iteracao,combinada_cursos_exat_2_dia_turno_curso_aleatoria,180.0,180.0,600.0,14400.0,False,False,alfabetica,42,alfabetica,,./dados/2024_1/horarios_2024_1.xlsx,./dados/2024_1/salas_2024_1.csv,./dados/2024_1/salas_preferenciais_2024.1.xlsx,/Users/robertdrey/Documents/workspace/development/alocador_de_salas,resultados/experimentos/2024_1/novas_hibridas/combinada_aleatoria/20261002_003719_seed42/melhor.sol,resultados/experimentos/2024_1/novas_hibridas/combinada_aleatoria/20261002_003719_seed42/historico.csv,resultados/experimentos/2024_1/novas_hibridas/combinada_aleatoria/20261002_003719_seed42/historico.json,combinada_aleatoria,cursos_exat_2 + dia_turno_curso,qualquer_melhoria_na_passada,aleatoria_por_passada,42,180.0,1,180.0,600.0,1,0,TEMPO_TOTAL,,,
1,3,56,dia_turno_curso,6_M_ADM,74,15226,79764,OPTIMAL,185220.0,185220.0,False,185220.0,2.65,2.34,600.0,6,M,ADM,alfabetica,,aleatoria_por_passada,42,dia_turno_curso,56,33,True,TEMPO_TOTAL,iteracao,combinada_cursos_exat_2_dia_turno_curso_aleatoria,180.0,180.0,600.0,14400.0,False,False,alfabetica,42,alfabetica,,./dados/2024_1/horarios_2024_1.xlsx,./dados/2024_1/salas_2024_1.csv,./dados/2024_1/salas_preferenciais_2024.1.xlsx,/Users/robertdrey/Documents/workspace/development/alocador_de_salas,resultados/experimentos/2024_1/novas_hibridas/combinada_aleatoria/20261002_003719_seed42/melhor.sol,resultados/experimentos/2024_1/novas_hibridas/combinada_aleatoria/20261002_003719_seed42/historico.csv,resultados/experimentos/2024_1/novas_hibridas/combinada_aleatoria/20261002_003719_seed42/historico.json,combinada_aleatoria,cursos_exat_2 + dia_turno_curso,qualquer_melhoria_na_passada,aleatoria_por_passada,42,180.0,1,180.0,600.0,1,0,TEMPO_TOTAL,,,
1,3,57,dia_turno_curso,4_M_ENF,49,15318,79672,OPTIMAL,185220.0,185220.0,False,185220.0,6.16,5.84,600.0,4,M,ENF,alfabetica,,aleatoria_por_passada,42,dia_turno_curso,57,34,True,TEMPO_TOTAL,iteracao,combinada_cursos_exat_2_dia_turno_curso_aleatoria,180.0,180.0,600.0,14400.0,False,False,alfabetica,42,alfabetica,,./dados/2024_1/horarios_2024_1.xlsx,./dados/2024_1/salas_2024_1.csv,./dados/2024_1/salas_preferenciais_2024.1.xlsx,/Users/robertdrey/Documents/workspace/development/alocador_de_salas,resultados/experimentos/2024_1/novas_hibridas/combinada_aleatoria/20261002_003719_seed42/melhor.sol,resultados/experimentos/2024_1/novas_hibridas/combinada_aleatoria/20261002_003719_seed42/historico.csv,resultados/experimentos/2024_1/novas_hibridas/combinada_aleatoria/20261002_003719_seed42/historico.json,combinada_aleatoria,cursos_exat_2 + dia_turno_curso,qualquer_melhoria_na_passada,aleatoria_por_passada,42,180.0,1,180.0,600.0,1,0,TEMPO_TOTAL,,,
1,3,58,dia_turno_curso,2_N_MAT,60,13386,81604,OPTIMAL,185220.0,185220.0,False,185220.0,1.6,1.29,600.0,2,N,MAT,alfabetica,,aleatoria_por_passada,42,dia_turno_curso,58,35,True,TEMPO_TOTAL,iteracao,combinada_cursos_exat_2_dia_turno_curso_aleatoria,180.0,180.0,600.0,14400.0,False,False,alfabetica,42,alfabetica,,./dados/2024_1/horarios_2024_1.xlsx,./dados/2024_1/salas_2024_1.csv,./dados/2024_1/salas_preferenciais_2024.1.xlsx,/Users/robertdrey/Documents/workspace/development/alocador_de_salas,resultados/experimentos/2024_1/novas_hibridas/combinada_aleatoria/20261002_003719_seed42/melhor.sol,resultados/experimentos/2024_1/novas_hibridas/combinada_aleatoria/20261002_003719_seed42/historico.csv,resultados/experimentos/2024_1/novas_hibridas/combinada_aleatoria/20261002_003719_seed42/historico.json,combinada_aleatoria,cursos_exat_2 + dia_turno_curso,qualquer_melhoria_na_passada,aleatoria_por_passada,42,180.0,1,180.0,600.0,1,0,TEMPO_TOTAL,,,
1,3,59,par_cursos,EAS+GEO,55,9522,85468,OPTIMAL,185220.0,185220.0,False,185220.0,0.73,0.43,600.0,,,,alfabetica,,aleatoria_por_passada,42,cursos_exat_2,59,24,True,TEMPO_TOTAL,iteracao,combinada_cursos_exat_2_dia_turno_curso_aleatoria,180.0,180.0,600.0,14400.0,False,False,alfabetica,42,alfabetica,,./dados/2024_1/horarios_2024_1.xlsx,./dados/2024_1/salas_2024_1.csv,./dados/2024_1/salas_preferenciais_2024.1.xlsx,/Users/robertdrey/Documents/workspace/development/alocador_de_salas,resultados/experimentos/2024_1/novas_hibridas/combinada_aleatoria/20261002_003719_seed42/melhor.sol,resultados/experimentos/2024_1/novas_hibridas/combinada_aleatoria/20261002_003719_seed42/historico.csv,resultados/experimentos/2024_1/novas_hibridas/combinada_aleatoria/20261002_003719_seed42/historico.json,combinada_aleatoria,cursos_exat_2 + dia_turno_curso,qualquer_melhoria_na_passada,aleatoria_por_passada,42,180.0,1,180.0,600.0,1,0,TEMPO_TOTAL,EAS,GEO,59
1,3,60,dia_turno_curso,4_M_MED,71,19412,75578,OPTIMAL,185220.0,185220.0,False,185220.0,3.65,3.34,600.0,4,M,MED,alfabetica,,aleatoria_por_passada,42,dia_turno_curso,60,36,True,TEMPO_TOTAL,iteracao,combinada_cursos_exat_2_dia_turno_curso_aleatoria,180.0,180.0,600.0,14400.0,False,False,alfabetica,42,alfabetica,,./dados/2024_1/horarios_2024_1.xlsx,./dados/2024_1/salas_2024_1.csv,./dados/2024_1/salas_preferenciais_2024.1.xlsx,/Users/robertdrey/Documents/workspace/development/alocador_de_salas,resultados/experimentos/2024_1/novas_hibridas/combinada_aleatoria/20261002_003719_seed42/melhor.sol,resultados/experimentos/2024_1/novas_hibridas/combinada_aleatoria/20261002_003719_seed42/historico.csv,resultados/experimentos/2024_1/novas_hibridas/combinada_aleatoria/20261002_003719_seed42/historico.json,combinada_aleatoria,cursos_exat_2 + dia_turno_curso,qualquer_melhoria_na_passada,aleatoria_por_passada,42,180.0,1,180.0,600.0,1,0,TEMPO_TOTAL,,,
1,3,61,dia_turno_curso,6_M_MED,69,15778,79212,OPTIMAL,185220.0,185220.0,False,185220.0,1.98,1.67,600.0,6,M,MED,alfabetica,,aleatoria_por_passada,42,dia_turno_curso,61,37,True,TEMPO_TOTAL,iteracao,combinada_cursos_exat_2_dia_turno_curso_aleatoria,180.0,180.0,600.0,14400.0,False,False,alfabetica,42,alfabetica,,./dados/2024_1/horarios_2024_1.xlsx,./dados/2024_1/salas_2024_1.csv,./dados/2024_1/salas_preferenciais_2024.1.xlsx,/Users/robertdrey/Documents/workspace/development/alocador_de_salas,resultados/experimentos/2024_1/novas_hibridas/combinada_aleatoria/20261002_003719_seed42/melhor.sol,resultados/experimentos/2024_1/novas_hibridas/combinada_aleatoria/20261002_003719_seed42/historico.csv,resultados/experimentos/2024_1/novas_hibridas/combinada_aleatoria/20261002_003719_seed42/historico.json,combinada_aleatoria,cursos_exat_2 + dia_turno_curso,qualquer_melhoria_na_passada,aleatoria_por_passada,42,180.0,1,180.0,600.0,1,0,TEMPO_TOTAL,,,
1,3,62,par_cursos,AGRO+ENF,69,17250,77740,OPTIMAL,185220.0,185220.0,False,185220.0,164.4,164.07,600.0,,,,alfabetica,,aleatoria_por_passada,42,cursos_exat_2,62,25,True,TEMPO_TOTAL,iteracao,combinada_cursos_exat_2_dia_turno_curso_aleatoria,180.0,180.0,600.0,14400.0,False,False,alfabetica,42,alfabetica,,./dados/2024_1/horarios_2024_1.xlsx,./dados/2024_1/salas_2024_1.csv,./dados/2024_1/salas_preferenciais_2024.1.xlsx,/Users/robertdrey/Documents/workspace/development/alocador_de_salas,resultados/experimentos/2024_1/novas_hibridas/combinada_aleatoria/20261002_003719_seed42/melhor.sol,resultados/experimentos/2024_1/novas_hibridas/combinada_aleatoria/20261002_003719_seed42/historico.csv,resultados/experimentos/2024_1/novas_hibridas/combinada_aleatoria/20261002_003719_seed42/historico.json,combinada_aleatoria,cursos_exat_2 + dia_turno_curso,qualquer_melhoria_na_passada,aleatoria_por_passada,42,180.0,1,180.0,600.0,1,0,TEMPO_TOTAL,AGRO,ENF,62
1,3,63,dia_turno_curso,2_N_EAS,85,16376,78614,OPTIMAL,185220.0,185220.0,False,185220.0,2.05,1.72,600.0,2,N,EAS,alfabetica,,aleatoria_por_passada,42,dia_turno_curso,63,38,True,TEMPO_TOTAL,iteracao,combinada_cursos_exat_2_dia_turno_curso_aleatoria,180.0,180.0,600.0,14400.0,False,False,alfabetica,42,alfabetica,,./dados/2024_1/horarios_2024_1.xlsx,./dados/2024_1/salas_2024_1.csv,./dados/2024_1/salas_preferenciais_2024.1.xlsx,/Users/robertdrey/Documents/workspace/development/alocador_de_salas,resultados/experimentos/2024_1/novas_hibridas/combinada_aleatoria/20261002_003719_seed42/melhor.sol,resultados/experimentos/2024_1/novas_hibridas/combinada_aleatoria/20261002_003719_seed42/historico.csv,resultados/experimentos/2024_1/novas_hibridas/combinada_aleatoria/20261002_003719_seed42/historico.json,combinada_aleatoria,cursos_exat_2 + dia_turno_curso,qualquer_melhoria_na_passada,aleatoria_por_passada,42,180.0,1,180.0,600.0,1,0,TEMPO_TOTAL,,,
1,3,64,dia_turno_curso,6_M_PED,81,18078,76912,OPTIMAL,185220.0,185220.0,False,185220.0,23.35,23.04,600.0,6,M,PED,alfabetica,,aleatoria_por_passada,42,dia_turno_curso,64,39,True,TEMPO_TOTAL,iteracao,combinada_cursos_exat_2_dia_turno_curso_aleatoria,180.0,180.0,600.0,14400.0,False,False,alfabetica,42,alfabetica,,./dados/2024_1/horarios_2024_1.xlsx,./dados/2024_1/salas_2024_1.csv,./dados/2024_1/salas_preferenciais_2024.1.xlsx,/Users/robertdrey/Documents/workspace/development/alocador_de_salas,resultados/experimentos/2024_1/novas_hibridas/combinada_aleatoria/20261002_003719_seed42/melhor.sol,resultados/experimentos/2024_1/novas_hibridas/combinada_aleatoria/20261002_003719_seed42/historico.csv,resultados/experimentos/2024_1/novas_hibridas/combinada_aleatoria/20261002_003719_seed42/historico.json,combinada_aleatoria,cursos_exat_2 + dia_turno_curso,qualquer_melhoria_na_passada,aleatoria_por_passada,42,180.0,1,180.0,600.0,1,0,TEMPO_TOTAL,,,
1,3,65,dia_turno_curso,5_N_ADM,83,16652,78338,OPTIMAL,185220.0,185220.0,False,185220.0,2.23,1.91,600.0,5,N,ADM,alfabetica,,aleatoria_por_passada,42,dia_turno_curso,65,40,True,TEMPO_TOTAL,iteracao,combinada_cursos_exat_2_dia_turno_curso_aleatoria,180.0,180.0,600.0,14400.0,False,False,alfabetica,42,alfabetica,,./dados/2024_1/horarios_2024_1.xlsx,./dados/2024_1/salas_2024_1.csv,./dados/2024_1/salas_preferenciais_2024.1.xlsx,/Users/robertdrey/Documents/workspace/development/alocador_de_salas,resultados/experimentos/2024_1/novas_hibridas/combinada_aleatoria/20261002_003719_seed42/melhor.sol,resultados/experimentos/2024_1/novas_hibridas/combinada_aleatoria/20261002_003719_seed42/historico.csv,resultados/experimentos/2024_1/novas_hibridas/combinada_aleatoria/20261002_003719_seed42/historico.json,combinada_aleatoria,cursos_exat_2 + dia_turno_curso,qualquer_melhoria_na_passada,aleatoria_por_passada,42,180.0,1,180.0,600.0,1,0,TEMPO_TOTAL,,,
1,3,66,dia_turno_curso,3_T_ENF,47,16146,78844,OPTIMAL,185220.0,185220.0,False,185220.0,5.51,5.18,600.0,3,T,ENF,alfabetica,,aleatoria_por_passada,42,dia_turno_curso,66,41,True,TEMPO_TOTAL,iteracao,combinada_cursos_exat_2_dia_turno_curso_aleatoria,180.0,180.0,600.0,14400.0,False,False,alfabetica,42,alfabetica,,./dados/2024_1/horarios_2024_1.xlsx,./dados/2024_1/salas_2024_1.csv,./dados/2024_1/salas_preferenciais_2024.1.xlsx,/Users/robertdrey/Documents/workspace/development/alocador_de_salas,resultados/experimentos/2024_1/novas_hibridas/combinada_aleatoria/20261002_003719_seed42/melhor.sol,resultados/experimentos/2024_1/novas_hibridas/combinada_aleatoria/20261002_003719_seed42/historico.csv,resultados/experimentos/2024_1/novas_hibridas/combinada_aleatoria/20261002_003719_seed42/historico.json,combinada_aleatoria,cursos_exat_2 + dia_turno_curso,qualquer_melhoria_na_passada,aleatoria_por_passada,42,180.0,1,180.0,600.0,1,0,TEMPO_TOTAL,,,
1,3,67,dia_turno_curso,3_T_EAS,74,17848,77142,OPTIMAL,185220.0,185220.0,False,185220.0,1.65,1.32,600.0,3,T,EAS,alfabetica,,aleatoria_por_passada,42,dia_turno_curso,67,42,True,TEMPO_TOTAL,iteracao,combinada_cursos_exat_2_dia_turno_curso_aleatoria,180.0,180.0,600.0,14400.0,False,False,alfabetica,42,alfabetica,,./dados/2024_1/horarios_2024_1.xlsx,./dados/2024_1/salas_2024_1.csv,./dados/2024_1/salas_preferenciais_2024.1.xlsx,/Users/robertdrey/Documents/workspace/development/alocador_de_salas,resultados/experimentos/2024_1/novas_hibridas/combinada_aleatoria/20261002_003719_seed42/melhor.sol,resultados/experimentos/2024_1/novas_hibridas/combinada_aleatoria/20261002_003719_seed42/historico.csv,resultados/experimentos/2024_1/novas_hibridas/combinada_aleatoria/20261002_003719_seed42/historico.json,combinada_aleatoria,cursos_exat_2 + dia_turno_curso,qualquer_melhoria_na_passada,aleatoria_por_passada,42,180.0,1,180.0,600.0,1,0,TEMPO_TOTAL,,,
1,3,68,dia_turno_curso,5_N_EAS,83,14950,80040,OPTIMAL,185220.0,185220.0,False,185220.0,2.29,1.99,600.0,5,N,EAS,alfabetica,,aleatoria_por_passada,42,dia_turno_curso,68,43,True,TEMPO_TOTAL,iteracao,combinada_cursos_exat_2_dia_turno_curso_aleatoria,180.0,180.0,600.0,14400.0,False,False,alfabetica,42,alfabetica,,./dados/2024_1/horarios_2024_1.xlsx,./dados/2024_1/salas_2024_1.csv,./dados/2024_1/salas_preferenciais_2024.1.xlsx,/Users/robertdrey/Documents/workspace/development/alocador_de_salas,resultados/experimentos/2024_1/novas_hibridas/combinada_aleatoria/20261002_003719_seed42/melhor.sol,resultados/experimentos/2024_1/novas_hibridas/combinada_aleatoria/20261002_003719_seed42/historico.csv,resultados/experimentos/2024_1/novas_hibridas/combinada_aleatoria/20261002_003719_seed42/historico.json,combinada_aleatoria,cursos_exat_2 + dia_turno_curso,qualquer_melhoria_na_passada,aleatoria_por_passada,42,180.0,1,180.0,600.0,1,0,TEMPO_TOTAL,,,
1,3,69,dia_turno_curso,4_N_MAT,59,13202,81788,OPTIMAL,185220.0,185220.0,False,185220.0,2.07,1.76,600.0,4,N,MAT,alfabetica,,aleatoria_por_passada,42,dia_turno_curso,69,44,True,TEMPO_TOTAL,iteracao,combinada_cursos_exat_2_dia_turno_curso_aleatoria,180.0,180.0,600.0,14400.0,False,False,alfabetica,42,alfabetica,,./dados/2024_1/horarios_2024_1.xlsx,./dados/2024_1/salas_2024_1.csv,./dados/2024_1/salas_preferenciais_2024.1.xlsx,/Users/robertdrey/Documents/workspace/development/alocador_de_salas,resultados/experimentos/2024_1/novas_hibridas/combinada_aleatoria/20261002_003719_seed42/melhor.sol,resultados/experimentos/2024_1/novas_hibridas/combinada_aleatoria/20261002_003719_seed42/historico.csv,resultados/experimentos/2024_1/novas_hibridas/combinada_aleatoria/20261002_003719_seed42/historico.json,combinada_aleatoria,cursos_exat_2 + dia_turno_curso,qualquer_melhoria_na_passada,aleatoria_por_passada,42,180.0,1,180.0,600.0,1,0,TEMPO_TOTAL,,,
1,3,70,dia_turno_curso,6_T_AGRO,79,20102,74888,OPTIMAL,185220.0,185220.0,False,185220.0,6.79,6.48,600.0,6,T,AGRO,alfabetica,,aleatoria_por_passada,42,dia_turno_curso,70,45,True,TEMPO_TOTAL,iteracao,combinada_cursos_exat_2_dia_turno_curso_aleatoria,180.0,180.0,600.0,14400.0,False,False,alfabetica,42,alfabetica,,./dados/2024_1/horarios_2024_1.xlsx,./dados/2024_1/salas_2024_1.csv,./dados/2024_1/salas_preferenciais_2024.1.xlsx,/Users/robertdrey/Documents/workspace/development/alocador_de_salas,resultados/experimentos/2024_1/novas_hibridas/combinada_aleatoria/20261002_003719_seed42/melhor.sol,resultados/experimentos/2024_1/novas_hibridas/combinada_aleatoria/20261002_003719_seed42/historico.csv,resultados/experimentos/2024_1/novas_hibridas/combinada_aleatoria/20261002_003719_seed42/historico.json,combinada_aleatoria,cursos_exat_2 + dia_turno_curso,qualquer_melhoria_na_passada,aleatoria_por_passada,42,180.0,1,180.0,600.0,1,0,TEMPO_TOTAL,,,
1,3,71,dia_turno_curso,4_M_ADM,78,19596,75394,OPTIMAL,185220.0,185220.0,False,185220.0,1.98,1.67,600.0,4,M,ADM,alfabetica,,aleatoria_por_passada,42,dia_turno_curso,71,46,True,TEMPO_TOTAL,iteracao,combinada_cursos_exat_2_dia_turno_curso_aleatoria,180.0,180.0,600.0,14400.0,False,False,alfabetica,42,alfabetica,,./dados/2024_1/horarios_2024_1.xlsx,./dados/2024_1/salas_2024_1.csv,./dados/2024_1/salas_preferenciais_2024.1.xlsx,/Users/robertdrey/Documents/workspace/development/alocador_de_salas,resultados/experimentos/2024_1/novas_hibridas/combinada_aleatoria/20261002_003719_seed42/melhor.sol,resultados/experimentos/2024_1/novas_hibridas/combinada_aleatoria/20261002_003719_seed42/historico.csv,resultados/experimentos/2024_1/novas_hibridas/combinada_aleatoria/20261002_003719_seed42/historico.json,combinada_aleatoria,cursos_exat_2 + dia_turno_curso,qualquer_melhoria_na_passada,aleatoria_por_passada,42,180.0,1,180.0,600.0,1,0,TEMPO_TOTAL,,,
1,3,72,par_cursos,ADM+FIL,63,12052,82938,OPTIMAL,185220.0,185220.0,False,185220.0,0.91,0.61,600.0,,,,alfabetica,,aleatoria_por_passada,42,cursos_exat_2,72,26,True,TEMPO_TOTAL,iteracao,combinada_cursos_exat_2_dia_turno_curso_aleatoria,180.0,180.0,600.0,14400.0,False,False,alfabetica,42,alfabetica,,./dados/2024_1/horarios_2024_1.xlsx,./dados/2024_1/salas_2024_1.csv,./dados/2024_1/salas_preferenciais_2024.1.xlsx,/Users/robertdrey/Documents/workspace/development/alocador_de_salas,resultados/experimentos/2024_1/novas_hibridas/combinada_aleatoria/20261002_003719_seed42/melhor.sol,resultados/experimentos/2024_1/novas_hibridas/combinada_aleatoria/20261002_003719_seed42/historico.csv,resultados/experimentos/2024_1/novas_hibridas/combinada_aleatoria/20261002_003719_seed42/historico.json,combinada_aleatoria,cursos_exat_2 + dia_turno_curso,qualquer_melhoria_na_passada,aleatoria_por_passada,42,180.0,1,180.0,600.0,1,0,TEMPO_TOTAL,ADM,FIL,72
1,3,73,par_cursos,ADM+EAS,93,16744,78246,OPTIMAL,185220.0,185220.0,False,185220.0,1.34,1.03,600.0,,,,alfabetica,,aleatoria_por_passada,42,cursos_exat_2,73,27,True,TEMPO_TOTAL,iteracao,combinada_cursos_exat_2_dia_turno_curso_aleatoria,180.0,180.0,600.0,14400.0,False,False,alfabetica,42,alfabetica,,./dados/2024_1/horarios_2024_1.xlsx,./dados/2024_1/salas_2024_1.csv,./dados/2024_1/salas_preferenciais_2024.1.xlsx,/Users/robertdrey/Documents/workspace/development/alocador_de_salas,resultados/experimentos/2024_1/novas_hibridas/combinada_aleatoria/20261002_003719_seed42/melhor.sol,resultados/experimentos/2024_1/novas_hibridas/combinada_aleatoria/20261002_003719_seed42/historico.csv,resultados/experimentos/2024_1/novas_hibridas/combinada_aleatoria/20261002_003719_seed42/historico.json,combinada_aleatoria,cursos_exat_2 + dia_turno_curso,qualquer_melhoria_na_passada,aleatoria_por_passada,42,180.0,1,180.0,600.0,1,0,TEMPO_TOTAL,ADM,EAS,73
1,3,74,par_cursos,AGRO+HIS,75,13524,81466,OPTIMAL,185220.0,185220.0,False,185220.0,4.73,4.41,600.0,,,,alfabetica,,aleatoria_por_passada,42,cursos_exat_2,74,28,True,TEMPO_TOTAL,iteracao,combinada_cursos_exat_2_dia_turno_curso_aleatoria,180.0,180.0,600.0,14400.0,False,False,alfabetica,42,alfabetica,,./dados/2024_1/horarios_2024_1.xlsx,./dados/2024_1/salas_2024_1.csv,./dados/2024_1/salas_preferenciais_2024.1.xlsx,/Users/robertdrey/Documents/workspace/development/alocador_de_salas,resultados/experimentos/2024_1/novas_hibridas/combinada_aleatoria/20261002_003719_seed42/melhor.sol,resultados/experimentos/2024_1/novas_hibridas/combinada_aleatoria/20261002_003719_seed42/historico.csv,resultados/experimentos/2024_1/novas_hibridas/combinada_aleatoria/20261002_003719_seed42/historico.json,combinada_aleatoria,cursos_exat_2 + dia_turno_curso,qualquer_melhoria_na_passada,aleatoria_por_passada,42,180.0,1,180.0,600.0,1,0,TEMPO_TOTAL,AGRO,HIS,74
1,3,75,par_cursos,CC+ENF,65,19044,75946,OPTIMAL,185220.0,185220.0,False,185220.0,109.95,109.63,600.0,,,,alfabetica,,aleatoria_por_passada,42,cursos_exat_2,75,29,True,TEMPO_TOTAL,iteracao,combinada_cursos_exat_2_dia_turno_curso_aleatoria,180.0,180.0,600.0,14400.0,False,False,alfabetica,42,alfabetica,,./dados/2024_1/horarios_2024_1.xlsx,./dados/2024_1/salas_2024_1.csv,./dados/2024_1/salas_preferenciais_2024.1.xlsx,/Users/robertdrey/Documents/workspace/development/alocador_de_salas,resultados/experimentos/2024_1/novas_hibridas/combinada_aleatoria/20261002_003719_seed42/melhor.sol,resultados/experimentos/2024_1/novas_hibridas/combinada_aleatoria/20261002_003719_seed42/historico.csv,resultados/experimentos/2024_1/novas_hibridas/combinada_aleatoria/20261002_003719_seed42/historico.json,combinada_aleatoria,cursos_exat_2 + dia_turno_curso,qualquer_melhoria_na_passada,aleatoria_por_passada,42,180.0,1,180.0,600.0,1,0,TEMPO_TOTAL,CC,ENF,75
1,3,76,par_cursos,CC+HIS,71,15318,79672,OPTIMAL,185220.0,185220.0,False,185220.0,3.54,3.22,600.0,,,,alfabetica,,aleatoria_por_passada,42,cursos_exat_2,76,30,True,TEMPO_TOTAL,iteracao,combinada_cursos_exat_2_dia_turno_curso_aleatoria,180.0,180.0,600.0,14400.0,False,False,alfabetica,42,alfabetica,,./dados/2024_1/horarios_2024_1.xlsx,./dados/2024_1/salas_2024_1.csv,./dados/2024_1/salas_preferenciais_2024.1.xlsx,/Users/robertdrey/Documents/workspace/development/alocador_de_salas,resultados/experimentos/2024_1/novas_hibridas/combinada_aleatoria/20261002_003719_seed42/melhor.sol,resultados/experimentos/2024_1/novas_hibridas/combinada_aleatoria/20261002_003719_seed42/historico.csv,resultados/experimentos/2024_1/novas_hibridas/combinada_aleatoria/20261002_003719_seed42/historico.json,combinada_aleatoria,cursos_exat_2 + dia_turno_curso,qualquer_melhoria_na_passada,aleatoria_por_passada,42,180.0,1,180.0,600.0,1,0,TEMPO_TOTAL,CC,HIS,76
1,3,77,dia_turno_curso,3_N_GEO,48,9568,85422,OPTIMAL,185220.0,185220.0,False,185220.0,2.04,1.72,600.0,3,N,GEO,alfabetica,,aleatoria_por_passada,42,dia_turno_curso,77,47,True,TEMPO_TOTAL,iteracao,combinada_cursos_exat_2_dia_turno_curso_aleatoria,180.0,180.0,600.0,14400.0,False,False,alfabetica,42,alfabetica,,./dados/2024_1/horarios_2024_1.xlsx,./dados/2024_1/salas_2024_1.csv,./dados/2024_1/salas_preferenciais_2024.1.xlsx,/Users/robertdrey/Documents/workspace/development/alocador_de_salas,resultados/experimentos/2024_1/novas_hibridas/combinada_aleatoria/20261002_003719_seed42/melhor.sol,resultados/experimentos/2024_1/novas_hibridas/combinada_aleatoria/20261002_003719_seed42/historico.csv,resultados/experimentos/2024_1/novas_hibridas/combinada_aleatoria/20261002_003719_seed42/historico.json,combinada_aleatoria,cursos_exat_2 + dia_turno_curso,qualquer_melhoria_na_passada,aleatoria_por_passada,42,180.0,1,180.0,600.0,1,0,TEMPO_TOTAL,,,
1,3,78,par_cursos,CC+MAT,70,15502,79488,OPTIMAL,185220.0,185220.0,False,185220.0,19.91,19.59,600.0,,,,alfabetica,,aleatoria_por_passada,42,cursos_exat_2,78,31,True,TEMPO_TOTAL,iteracao,combinada_cursos_exat_2_dia_turno_curso_aleatoria,180.0,180.0,600.0,14400.0,False,False,alfabetica,42,alfabetica,,./dados/2024_1/horarios_2024_1.xlsx,./dados/2024_1/salas_2024_1.csv,./dados/2024_1/salas_preferenciais_2024.1.xlsx,/Users/robertdrey/Documents/workspace/development/alocador_de_salas,resultados/experimentos/2024_1/novas_hibridas/combinada_aleatoria/20261002_003719_seed42/melhor.sol,resultados/experimentos/2024_1/novas_hibridas/combinada_aleatoria/20261002_003719_seed42/historico.csv,resultados/experimentos/2024_1/novas_hibridas/combinada_aleatoria/20261002_003719_seed42/historico.json,combinada_aleatoria,cursos_exat_2 + dia_turno_curso,qualquer_melhoria_na_passada,aleatoria_por_passada,42,180.0,1,180.0,600.0,1,0,TEMPO_TOTAL,CC,MAT,78
1,3,79,dia_turno_curso,5_M_MED,74,19550,75440,OPTIMAL,185220.0,185220.0,False,185220.0,3.07,2.77,600.0,5,M,MED,alfabetica,,aleatoria_por_passada,42,dia_turno_curso,79,48,True,TEMPO_TOTAL,iteracao,combinada_cursos_exat_2_dia_turno_curso_aleatoria,180.0,180.0,600.0,14400.0,False,False,alfabetica,42,alfabetica,,./dados/2024_1/horarios_2024_1.xlsx,./dados/2024_1/salas_2024_1.csv,./dados/2024_1/salas_preferenciais_2024.1.xlsx,/Users/robertdrey/Documents/workspace/development/alocador_de_salas,resultados/experimentos/2024_1/novas_hibridas/combinada_aleatoria/20261002_003719_seed42/melhor.sol,resultados/experimentos/2024_1/novas_hibridas/combinada_aleatoria/20261002_003719_seed42/historico.csv,resultados/experimentos/2024_1/novas_hibridas/combinada_aleatoria/20261002_003719_seed42/historico.json,combinada_aleatoria,cursos_exat_2 + dia_turno_curso,qualquer_melhoria_na_passada,aleatoria_por_passada,42,180.0,1,180.0,600.0,1,0,TEMPO_TOTAL,,,
1,3,80,par_cursos,EAS+ENF,63,15962,79028,OPTIMAL,185220.0,185220.0,False,185220.0,16.12,15.79,600.0,,,,alfabetica,,aleatoria_por_passada,42,cursos_exat_2,80,32,True,TEMPO_TOTAL,iteracao,combinada_cursos_exat_2_dia_turno_curso_aleatoria,180.0,180.0,600.0,14400.0,False,False,alfabetica,42,alfabetica,,./dados/2024_1/horarios_2024_1.xlsx,./dados/2024_1/salas_2024_1.csv,./dados/2024_1/salas_preferenciais_2024.1.xlsx,/Users/robertdrey/Documents/workspace/development/alocador_de_salas,resultados/experimentos/2024_1/novas_hibridas/combinada_aleatoria/20261002_003719_seed42/melhor.sol,resultados/experimentos/2024_1/novas_hibridas/combinada_aleatoria/20261002_003719_seed42/historico.csv,resultados/experimentos/2024_1/novas_hibridas/combinada_aleatoria/20261002_003719_seed42/historico.json,combinada_aleatoria,cursos_exat_2 + dia_turno_curso,qualquer_melhoria_na_passada,aleatoria_por_passada,42,180.0,1,180.0,600.0,1,0,TEMPO_TOTAL,EAS,ENF,80
1,3,81,dia_turno_curso,2_M_AGRO,82,17250,77740,OPTIMAL,185220.0,185220.0,False,185220.0,7.36,7.03,600.0,2,M,AGRO,alfabetica,,aleatoria_por_passada,42,dia_turno_curso,81,49,True,TEMPO_TOTAL,iteracao,combinada_cursos_exat_2_dia_turno_curso_aleatoria,180.0,180.0,600.0,14400.0,False,False,alfabetica,42,alfabetica,,./dados/2024_1/horarios_2024_1.xlsx,./dados/2024_1/salas_2024_1.csv,./dados/2024_1/salas_preferenciais_2024.1.xlsx,/Users/robertdrey/Documents/workspace/development/alocador_de_salas,resultados/experimentos/2024_1/novas_hibridas/combinada_aleatoria/20261002_003719_seed42/melhor.sol,resultados/experimentos/2024_1/novas_hibridas/combinada_aleatoria/20261002_003719_seed42/historico.csv,resultados/experimentos/2024_1/novas_hibridas/combinada_aleatoria/20261002_003719_seed42/historico.json,combinada_aleatoria,cursos_exat_2 + dia_turno_curso,qualquer_melhoria_na_passada,aleatoria_por_passada,42,180.0,1,180.0,600.0,1,0,TEMPO_TOTAL,,,
1,3,82,dia_turno_curso,2_T_EAS,74,18538,76452,OPTIMAL,185220.0,185220.0,False,185220.0,1.92,1.61,600.0,2,T,EAS,alfabetica,,aleatoria_por_passada,42,dia_turno_curso,82,50,True,TEMPO_TOTAL,iteracao,combinada_cursos_exat_2_dia_turno_curso_aleatoria,180.0,180.0,600.0,14400.0,False,False,alfabetica,42,alfabetica,,./dados/2024_1/horarios_2024_1.xlsx,./dados/2024_1/salas_2024_1.csv,./dados/2024_1/salas_preferenciais_2024.1.xlsx,/Users/robertdrey/Documents/workspace/development/alocador_de_salas,resultados/experimentos/2024_1/novas_hibridas/combinada_aleatoria/20261002_003719_seed42/melhor.sol,resultados/experimentos/2024_1/novas_hibridas/combinada_aleatoria/20261002_003719_seed42/historico.csv,resultados/experimentos/2024_1/novas_hibridas/combinada_aleatoria/20261002_003719_seed42/historico.json,combinada_aleatoria,cursos_exat_2 + dia_turno_curso,qualquer_melhoria_na_passada,aleatoria_por_passada,42,180.0,1,180.0,600.0,1,0,TEMPO_TOTAL,,,
1,3,83,dia_turno_curso,2_N_HIS,61,13570,81420,OPTIMAL,185220.0,185220.0,False,185220.0,1.99,1.69,600.0,2,N,HIS,alfabetica,,aleatoria_por_passada,42,dia_turno_curso,83,51,True,TEMPO_TOTAL,iteracao,combinada_cursos_exat_2_dia_turno_curso_aleatoria,180.0,180.0,600.0,14400.0,False,False,alfabetica,42,alfabetica,,./dados/2024_1/horarios_2024_1.xlsx,./dados/2024_1/salas_2024_1.csv,./dados/2024_1/salas_preferenciais_2024.1.xlsx,/Users/robertdrey/Documents/workspace/development/alocador_de_salas,resultados/experimentos/2024_1/novas_hibridas/combinada_aleatoria/20261002_003719_seed42/melhor.sol,resultados/experimentos/2024_1/novas_hibridas/combinada_aleatoria/20261002_003719_seed42/historico.csv,resultados/experimentos/2024_1/novas_hibridas/combinada_aleatoria/20261002_003719_seed42/historico.json,combinada_aleatoria,cursos_exat_2 + dia_turno_curso,qualquer_melhoria_na_passada,aleatoria_por_passada,42,180.0,1,180.0,600.0,1,0,TEMPO_TOTAL,,,
1,3,84,dia_turno_curso,7_M_GEO,28,10258,84732,OPTIMAL,185220.0,185220.0,False,185220.0,0.91,0.6,600.0,7,M,GEO,alfabetica,,aleatoria_por_passada,42,dia_turno_curso,84,52,True,TEMPO_TOTAL,iteracao,combinada_cursos_exat_2_dia_turno_curso_aleatoria,180.0,180.0,600.0,14400.0,False,False,alfabetica,42,alfabetica,,./dados/2024_1/horarios_2024_1.xlsx,./dados/2024_1/salas_2024_1.csv,./dados/2024_1/salas_preferenciais_2024.1.xlsx,/Users/robertdrey/Documents/workspace/development/alocador_de_salas,resultados/experimentos/2024_1/novas_hibridas/combinada_aleatoria/20261002_003719_seed42/melhor.sol,resultados/experimentos/2024_1/novas_hibridas/combinada_aleatoria/20261002_003719_seed42/historico.csv,resultados/experimentos/2024_1/novas_hibridas/combinada_aleatoria/20261002_003719_seed42/historico.json,combinada_aleatoria,cursos_exat_2 + dia_turno_curso,qualquer_melhoria_na_passada,aleatoria_por_passada,42,180.0,1,180.0,600.0,1,0,TEMPO_TOTAL,,,
1,3,85,dia_turno_curso,4_M_CS,56,15180,79810,OPTIMAL,185220.0,185220.0,False,185220.0,1.48,1.18,600.0,4,M,CS,alfabetica,,aleatoria_por_passada,42,dia_turno_curso,85,53,True,TEMPO_TOTAL,iteracao,combinada_cursos_exat_2_dia_turno_curso_aleatoria,180.0,180.0,600.0,14400.0,False,False,alfabetica,42,alfabetica,,./dados/2024_1/horarios_2024_1.xlsx,./dados/2024_1/salas_2024_1.csv,./dados/2024_1/salas_preferenciais_2024.1.xlsx,/Users/robertdrey/Documents/workspace/development/alocador_de_salas,resultados/experimentos/2024_1/novas_hibridas/combinada_aleatoria/20261002_003719_seed42/melhor.sol,resultados/experimentos/2024_1/novas_hibridas/combinada_aleatoria/20261002_003719_seed42/historico.csv,resultados/experimentos/2024_1/novas_hibridas/combinada_aleatoria/20261002_003719_seed42/historico.json,combinada_aleatoria,cursos_exat_2 + dia_turno_curso,qualquer_melhoria_na_passada,aleatoria_por_passada,42,180.0,1,180.0,600.0,1,0,TEMPO_TOTAL,,,
1,3,86,par_cursos,AGRO+MED,92,18124,76866,TIME_LIMIT,185220.0,185220.0,False,185220.0,600.35,600.02,600.0,,,,alfabetica,,aleatoria_por_passada,42,cursos_exat_2,86,33,True,TEMPO_TOTAL,iteracao,combinada_cursos_exat_2_dia_turno_curso_aleatoria,180.0,180.0,600.0,14400.0,False,False,alfabetica,42,alfabetica,,./dados/2024_1/horarios_2024_1.xlsx,./dados/2024_1/salas_2024_1.csv,./dados/2024_1/salas_preferenciais_2024.1.xlsx,/Users/robertdrey/Documents/workspace/development/alocador_de_salas,resultados/experimentos/2024_1/novas_hibridas/combinada_aleatoria/20261002_003719_seed42/melhor.sol,resultados/experimentos/2024_1/novas_hibridas/combinada_aleatoria/20261002_003719_seed42/historico.csv,resultados/experimentos/2024_1/novas_hibridas/combinada_aleatoria/20261002_003719_seed42/historico.json,combinada_aleatoria,cursos_exat_2 + dia_turno_curso,qualquer_melhoria_na_passada,aleatoria_por_passada,42,180.0,1,180.0,600.0,1,0,TEMPO_TOTAL,AGRO,MED,86
1,3,87,dia_turno_curso,6_N_CC,82,18400,76590,OPTIMAL,185220.0,185220.0,False,185220.0,3.3,2.97,600.0,6,N,CC,alfabetica,,aleatoria_por_passada,42,dia_turno_curso,87,54,True,TEMPO_TOTAL,iteracao,combinada_cursos_exat_2_dia_turno_curso_aleatoria,180.0,180.0,600.0,14400.0,False,False,alfabetica,42,alfabetica,,./dados/2024_1/horarios_2024_1.xlsx,./dados/2024_1/salas_2024_1.csv,./dados/2024_1/salas_preferenciais_2024.1.xlsx,/Users/robertdrey/Documents/workspace/development/alocador_de_salas,resultados/experimentos/2024_1/novas_hibridas/combinada_aleatoria/20261002_003719_seed42/melhor.sol,resultados/experimentos/2024_1/novas_hibridas/combinada_aleatoria/20261002_003719_seed42/historico.csv,resultados/experimentos/2024_1/novas_hibridas/combinada_aleatoria/20261002_003719_seed42/historico.json,combinada_aleatoria,cursos_exat_2 + dia_turno_curso,qualquer_melhoria_na_passada,aleatoria_por_passada,42,180.0,1,180.0,600.0,1,0,TEMPO_TOTAL,,,
1,3,88,dia_turno_curso,4_T_ENF,43,16192,78798,OPTIMAL,185220.0,185220.0,False,185220.0,7.38,7.05,600.0,4,T,ENF,alfabetica,,aleatoria_por_passada,42,dia_turno_curso,88,55,True,TEMPO_TOTAL,iteracao,combinada_cursos_exat_2_dia_turno_curso_aleatoria,180.0,180.0,600.0,14400.0,False,False,alfabetica,42,alfabetica,,./dados/2024_1/horarios_2024_1.xlsx,./dados/2024_1/salas_2024_1.csv,./dados/2024_1/salas_preferenciais_2024.1.xlsx,/Users/robertdrey/Documents/workspace/development/alocador_de_salas,resultados/experimentos/2024_1/novas_hibridas/combinada_aleatoria/20261002_003719_seed42/melhor.sol,resultados/experimentos/2024_1/novas_hibridas/combinada_aleatoria/20261002_003719_seed42/historico.csv,resultados/experimentos/2024_1/novas_hibridas/combinada_aleatoria/20261002_003719_seed42/historico.json,combinada_aleatoria,cursos_exat_2 + dia_turno_curso,qualquer_melhoria_na_passada,aleatoria_por_passada,42,180.0,1,180.0,600.0,1,0,TEMPO_TOTAL,,,
1,3,89,dia_turno_curso,4_N_GEO,51,11776,83214,OPTIMAL,185220.0,185220.0,False,185220.0,2.15,1.82,600.0,4,N,GEO,alfabetica,,aleatoria_por_passada,42,dia_turno_curso,89,56,True,TEMPO_TOTAL,iteracao,combinada_cursos_exat_2_dia_turno_curso_aleatoria,180.0,180.0,600.0,14400.0,False,False,alfabetica,42,alfabetica,,./dados/2024_1/horarios_2024_1.xlsx,./dados/2024_1/salas_2024_1.csv,./dados/2024_1/salas_preferenciais_2024.1.xlsx,/Users/robertdrey/Documents/workspace/development/alocador_de_salas,resultados/experimentos/2024_1/novas_hibridas/combinada_aleatoria/20261002_003719_seed42/melhor.sol,resultados/experimentos/2024_1/novas_hibridas/combinada_aleatoria/20261002_003719_seed42/historico.csv,resultados/experimentos/2024_1/novas_hibridas/combinada_aleatoria/20261002_003719_seed42/historico.json,combinada_aleatoria,cursos_exat_2 + dia_turno_curso,qualquer_melhoria_na_passada,aleatoria_por_passada,42,180.0,1,180.0,600.0,1,0,TEMPO_TOTAL,,,
1,3,90,dia_turno_curso,3_M_PED,86,22126,72864,OPTIMAL,185220.0,185220.0,False,185220.0,29.78,29.47,600.0,3,M,PED,alfabetica,,aleatoria_por_passada,42,dia_turno_curso,90,57,True,TEMPO_TOTAL,iteracao,combinada_cursos_exat_2_dia_turno_curso_aleatoria,180.0,180.0,600.0,14400.0,False,False,alfabetica,42,alfabetica,,./dados/2024_1/horarios_2024_1.xlsx,./dados/2024_1/salas_2024_1.csv,./dados/2024_1/salas_preferenciais_2024.1.xlsx,/Users/robertdrey/Documents/workspace/development/alocador_de_salas,resultados/experimentos/2024_1/novas_hibridas/combinada_aleatoria/20261002_003719_seed42/melhor.sol,resultados/experimentos/2024_1/novas_hibridas/combinada_aleatoria/20261002_003719_seed42/historico.csv,resultados/experimentos/2024_1/novas_hibridas/combinada_aleatoria/20261002_003719_seed42/historico.json,combinada_aleatoria,cursos_exat_2 + dia_turno_curso,qualquer_melhoria_na_passada,aleatoria_por_passada,42,180.0,1,180.0,600.0,1,0,TEMPO_TOTAL,,,
1,3,91,dia_turno_curso,7_M_CS,40,12742,82248,OPTIMAL,185220.0,185220.0,False,185220.0,0.91,0.61,600.0,7,M,CS,alfabetica,,aleatoria_por_passada,42,dia_turno_curso,91,58,True,TEMPO_TOTAL,iteracao,combinada_cursos_exat_2_dia_turno_curso_aleatoria,180.0,180.0,600.0,14400.0,False,False,alfabetica,42,alfabetica,,./dados/2024_1/horarios_2024_1.xlsx,./dados/2024_1/salas_2024_1.csv,./dados/2024_1/salas_preferenciais_2024.1.xlsx,/Users/robertdrey/Documents/workspace/development/alocador_de_salas,resultados/experimentos/2024_1/novas_hibridas/combinada_aleatoria/20261002_003719_seed42/melhor.sol,resultados/experimentos/2024_1/novas_hibridas/combinada_aleatoria/20261002_003719_seed42/historico.csv,resultados/experimentos/2024_1/novas_hibridas/combinada_aleatoria/20261002_003719_seed42/historico.json,combinada_aleatoria,cursos_exat_2 + dia_turno_curso,qualquer_melhoria_na_passada,aleatoria_por_passada,42,180.0,1,180.0,600.0,1,0,TEMPO_TOTAL,,,
1,3,92,dia_turno_curso,5_N_MAT,58,12328,82662,OPTIMAL,185220.0,185220.0,False,185220.0,2.08,1.78,600.0,5,N,MAT,alfabetica,,aleatoria_por_passada,42,dia_turno_curso,92,59,True,TEMPO_TOTAL,iteracao,combinada_cursos_exat_2_dia_turno_curso_aleatoria,180.0,180.0,600.0,14400.0,False,False,alfabetica,42,alfabetica,,./dados/2024_1/horarios_2024_1.xlsx,./dados/2024_1/salas_2024_1.csv,./dados/2024_1/salas_preferenciais_2024.1.xlsx,/Users/robertdrey/Documents/workspace/development/alocador_de_salas,resultados/experimentos/2024_1/novas_hibridas/combinada_aleatoria/20261002_003719_seed42/melhor.sol,resultados/experimentos/2024_1/novas_hibridas/combinada_aleatoria/20261002_003719_seed42/historico.csv,resultados/experimentos/2024_1/novas_hibridas/combinada_aleatoria/20261002_003719_seed42/historico.json,combinada_aleatoria,cursos_exat_2 + dia_turno_curso,qualquer_melhoria_na_passada,aleatoria_por_passada,42,180.0,1,180.0,600.0,1,0,TEMPO_TOTAL,,,
1,3,93,par_cursos,FIL+LET,51,11914,83076,OPTIMAL,185220.0,185220.0,False,185220.0,1.62,1.32,600.0,,,,alfabetica,,aleatoria_por_passada,42,cursos_exat_2,93,34,True,TEMPO_TOTAL,iteracao,combinada_cursos_exat_2_dia_turno_curso_aleatoria,180.0,180.0,600.0,14400.0,False,False,alfabetica,42,alfabetica,,./dados/2024_1/horarios_2024_1.xlsx,./dados/2024_1/salas_2024_1.csv,./dados/2024_1/salas_preferenciais_2024.1.xlsx,/Users/robertdrey/Documents/workspace/development/alocador_de_salas,resultados/experimentos/2024_1/novas_hibridas/combinada_aleatoria/20261002_003719_seed42/melhor.sol,resultados/experimentos/2024_1/novas_hibridas/combinada_aleatoria/20261002_003719_seed42/historico.csv,resultados/experimentos/2024_1/novas_hibridas/combinada_aleatoria/20261002_003719_seed42/historico.json,combinada_aleatoria,cursos_exat_2 + dia_turno_curso,qualquer_melhoria_na_passada,aleatoria_por_passada,42,180.0,1,180.0,600.0,1,0,TEMPO_TOTAL,FIL,LET,93
1,3,94,dia_turno_curso,3_N_CS,57,11546,83444,OPTIMAL,185220.0,185220.0,False,185220.0,1.91,1.6,600.0,3,N,CS,alfabetica,,aleatoria_por_passada,42,dia_turno_curso,94,60,True,TEMPO_TOTAL,iteracao,combinada_cursos_exat_2_dia_turno_curso_aleatoria,180.0,180.0,600.0,14400.0,False,False,alfabetica,42,alfabetica,,./dados/2024_1/horarios_2024_1.xlsx,./dados/2024_1/salas_2024_1.csv,./dados/2024_1/salas_preferenciais_2024.1.xlsx,/Users/robertdrey/Documents/workspace/development/alocador_de_salas,resultados/experimentos/2024_1/novas_hibridas/combinada_aleatoria/20261002_003719_seed42/melhor.sol,resultados/experimentos/2024_1/novas_hibridas/combinada_aleatoria/20261002_003719_seed42/historico.csv,resultados/experimentos/2024_1/novas_hibridas/combinada_aleatoria/20261002_003719_seed42/historico.json,combinada_aleatoria,cursos_exat_2 + dia_turno_curso,qualquer_melhoria_na_passada,aleatoria_por_passada,42,180.0,1,180.0,600.0,1,0,TEMPO_TOTAL,,,
1,3,95,dia_turno_curso,2_M_PED,88,21574,73416,OPTIMAL,185220.0,185220.0,False,185220.0,29.34,29.02,600.0,2,M,PED,alfabetica,,aleatoria_por_passada,42,dia_turno_curso,95,61,True,TEMPO_TOTAL,iteracao,combinada_cursos_exat_2_dia_turno_curso_aleatoria,180.0,180.0,600.0,14400.0,False,False,alfabetica,42,alfabetica,,./dados/2024_1/horarios_2024_1.xlsx,./dados/2024_1/salas_2024_1.csv,./dados/2024_1/salas_preferenciais_2024.1.xlsx,/Users/robertdrey/Documents/workspace/development/alocador_de_salas,resultados/experimentos/2024_1/novas_hibridas/combinada_aleatoria/20261002_003719_seed42/melhor.sol,resultados/experimentos/2024_1/novas_hibridas/combinada_aleatoria/20261002_003719_seed42/historico.csv,resultados/experimentos/2024_1/novas_hibridas/combinada_aleatoria/20261002_003719_seed42/historico.json,combinada_aleatoria,cursos_exat_2 + dia_turno_curso,qualquer_melhoria_na_passada,aleatoria_por_passada,42,180.0,1,180.0,600.0,1,0,TEMPO_TOTAL,,,
1,3,96,par_cursos,MED+PED,97,22172,72818,OPTIMAL,185220.0,185220.0,False,185220.0,45.34,45.04,600.0,,,,alfabetica,,aleatoria_por_passada,42,cursos_exat_2,96,35,True,TEMPO_TOTAL,iteracao,combinada_cursos_exat_2_dia_turno_curso_aleatoria,180.0,180.0,600.0,14400.0,False,False,alfabetica,42,alfabetica,,./dados/2024_1/horarios_2024_1.xlsx,./dados/2024_1/salas_2024_1.csv,./dados/2024_1/salas_preferenciais_2024.1.xlsx,/Users/robertdrey/Documents/workspace/development/alocador_de_salas,resultados/experimentos/2024_1/novas_hibridas/combinada_aleatoria/20261002_003719_seed42/melhor.sol,resultados/experimentos/2024_1/novas_hibridas/combinada_aleatoria/20261002_003719_seed42/historico.csv,resultados/experimentos/2024_1/novas_hibridas/combinada_aleatoria/20261002_003719_seed42/historico.json,combinada_aleatoria,cursos_exat_2 + dia_turno_curso,qualquer_melhoria_na_passada,aleatoria_por_passada,42,180.0,1,180.0,600.0,1,0,TEMPO_TOTAL,MED,PED,96
1,3,97,par_cursos,LET+PED,92,21942,73048,OPTIMAL,185220.0,185220.0,False,185220.0,45.14,44.85,600.0,,,,alfabetica,,aleatoria_por_passada,42,cursos_exat_2,97,36,True,TEMPO_TOTAL,iteracao,combinada_cursos_exat_2_dia_turno_curso_aleatoria,180.0,180.0,600.0,14400.0,False,False,alfabetica,42,alfabetica,,./dados/2024_1/horarios_2024_1.xlsx,./dados/2024_1/salas_2024_1.csv,./dados/2024_1/salas_preferenciais_2024.1.xlsx,/Users/robertdrey/Documents/workspace/development/alocador_de_salas,resultados/experimentos/2024_1/novas_hibridas/combinada_aleatoria/20261002_003719_seed42/melhor.sol,resultados/experimentos/2024_1/novas_hibridas/combinada_aleatoria/20261002_003719_seed42/historico.csv,resultados/experimentos/2024_1/novas_hibridas/combinada_aleatoria/20261002_003719_seed42/historico.json,combinada_aleatoria,cursos_exat_2 + dia_turno_curso,qualquer_melhoria_na_passada,aleatoria_por_passada,42,180.0,1,180.0,600.0,1,0,TEMPO_TOTAL,LET,PED,97
1,3,98,par_cursos,ENF+MED,59,17894,77096,OPTIMAL,185220.0,185220.0,False,185220.0,80.12,79.81,600.0,,,,alfabetica,,aleatoria_por_passada,42,cursos_exat_2,98,37,True,TEMPO_TOTAL,iteracao,combinada_cursos_exat_2_dia_turno_curso_aleatoria,180.0,180.0,600.0,14400.0,False,False,alfabetica,42,alfabetica,,./dados/2024_1/horarios_2024_1.xlsx,./dados/2024_1/salas_2024_1.csv,./dados/2024_1/salas_preferenciais_2024.1.xlsx,/Users/robertdrey/Documents/workspace/development/alocador_de_salas,resultados/experimentos/2024_1/novas_hibridas/combinada_aleatoria/20261002_003719_seed42/melhor.sol,resultados/experimentos/2024_1/novas_hibridas/combinada_aleatoria/20261002_003719_seed42/historico.csv,resultados/experimentos/2024_1/novas_hibridas/combinada_aleatoria/20261002_003719_seed42/historico.json,combinada_aleatoria,cursos_exat_2 + dia_turno_curso,qualquer_melhoria_na_passada,aleatoria_por_passada,42,180.0,1,180.0,600.0,1,0,TEMPO_TOTAL,ENF,MED,98
1,3,99,dia_turno_curso,6_N_LET,69,16376,78614,OPTIMAL,185220.0,185220.0,False,185220.0,2.96,2.64,600.0,6,N,LET,alfabetica,,aleatoria_por_passada,42,dia_turno_curso,99,62,True,TEMPO_TOTAL,iteracao,combinada_cursos_exat_2_dia_turno_curso_aleatoria,180.0,180.0,600.0,14400.0,False,False,alfabetica,42,alfabetica,,./dados/2024_1/horarios_2024_1.xlsx,./dados/2024_1/salas_2024_1.csv,./dados/2024_1/salas_preferenciais_2024.1.xlsx,/Users/robertdrey/Documents/workspace/development/alocador_de_salas,resultados/experimentos/2024_1/novas_hibridas/combinada_aleatoria/20261002_003719_seed42/melhor.sol,resultados/experimentos/2024_1/novas_hibridas/combinada_aleatoria/20261002_003719_seed42/historico.csv,resultados/experimentos/2024_1/novas_hibridas/combinada_aleatoria/20261002_003719_seed42/historico.json,combinada_aleatoria,cursos_exat_2 + dia_turno_curso,qualquer_melhoria_na_passada,aleatoria_por_passada,42,180.0,1,180.0,600.0,1,0,TEMPO_TOTAL,,,
1,3,100,par_cursos,CS+GEO,32,6624,88366,OPTIMAL,185220.0,185220.0,False,185220.0,0.65,0.34,600.0,,,,alfabetica,,aleatoria_por_passada,42,cursos_exat_2,100,38,True,TEMPO_TOTAL,iteracao,combinada_cursos_exat_2_dia_turno_curso_aleatoria,180.0,180.0,600.0,14400.0,False,False,alfabetica,42,alfabetica,,./dados/2024_1/horarios_2024_1.xlsx,./dados/2024_1/salas_2024_1.csv,./dados/2024_1/salas_preferenciais_2024.1.xlsx,/Users/robertdrey/Documents/workspace/development/alocador_de_salas,resultados/experimentos/2024_1/novas_hibridas/combinada_aleatoria/20261002_003719_seed42/melhor.sol,resultados/experimentos/2024_1/novas_hibridas/combinada_aleatoria/20261002_003719_seed42/historico.csv,resultados/experimentos/2024_1/novas_hibridas/combinada_aleatoria/20261002_003719_seed42/historico.json,combinada_aleatoria,cursos_exat_2 + dia_turno_curso,qualquer_melhoria_na_passada,aleatoria_por_passada,42,180.0,1,180.0,600.0,1,0,TEMPO_TOTAL,CS,GEO,100
1,3,101,dia_turno_curso,6_N_FIL,51,10810,84180,OPTIMAL,185220.0,185220.0,False,185220.0,1.74,1.43,600.0,6,N,FIL,alfabetica,,aleatoria_por_passada,42,dia_turno_curso,101,63,True,TEMPO_TOTAL,iteracao,combinada_cursos_exat_2_dia_turno_curso_aleatoria,180.0,180.0,600.0,14400.0,False,False,alfabetica,42,alfabetica,,./dados/2024_1/horarios_2024_1.xlsx,./dados/2024_1/salas_2024_1.csv,./dados/2024_1/salas_preferenciais_2024.1.xlsx,/Users/robertdrey/Documents/workspace/development/alocador_de_salas,resultados/experimentos/2024_1/novas_hibridas/combinada_aleatoria/20261002_003719_seed42/melhor.sol,resultados/experimentos/2024_1/novas_hibridas/combinada_aleatoria/20261002_003719_seed42/historico.csv,resultados/experimentos/2024_1/novas_hibridas/combinada_aleatoria/20261002_003719_seed42/historico.json,combinada_aleatoria,cursos_exat_2 + dia_turno_curso,qualquer_melhoria_na_passada,aleatoria_por_passada,42,180.0,1,180.0,600.0,1,0,TEMPO_TOTAL,,,
1,3,102,dia_turno_curso,4_T_CC,69,19964,75026,OPTIMAL,185220.0,185220.0,False,185220.0,3.07,2.76,600.0,4,T,CC,alfabetica,,aleatoria_por_passada,42,dia_turno_curso,102,64,True,TEMPO_TOTAL,iteracao,combinada_cursos_exat_2_dia_turno_curso_aleatoria,180.0,180.0,600.0,14400.0,False,False,alfabetica,42,alfabetica,,./dados/2024_1/horarios_2024_1.xlsx,./dados/2024_1/salas_2024_1.csv,./dados/2024_1/salas_preferenciais_2024.1.xlsx,/Users/robertdrey/Documents/workspace/development/alocador_de_salas,resultados/experimentos/2024_1/novas_hibridas/combinada_aleatoria/20261002_003719_seed42/melhor.sol,resultados/experimentos/2024_1/novas_hibridas/combinada_aleatoria/20261002_003719_seed42/historico.csv,resultados/experimentos/2024_1/novas_hibridas/combinada_aleatoria/20261002_003719_seed42/historico.json,combinada_aleatoria,cursos_exat_2 + dia_turno_curso,qualquer_melhoria_na_passada,aleatoria_por_passada,42,180.0,1,180.0,600.0,1,0,TEMPO_TOTAL,,,
1,3,103,dia_turno_curso,3_N_MAT,58,11960,83030,OPTIMAL,185220.0,185220.0,False,185220.0,1.82,1.52,600.0,3,N,MAT,alfabetica,,aleatoria_por_passada,42,dia_turno_curso,103,65,True,TEMPO_TOTAL,iteracao,combinada_cursos_exat_2_dia_turno_curso_aleatoria,180.0,180.0,600.0,14400.0,False,False,alfabetica,42,alfabetica,,./dados/2024_1/horarios_2024_1.xlsx,./dados/2024_1/salas_2024_1.csv,./dados/2024_1/salas_preferenciais_2024.1.xlsx,/Users/robertdrey/Documents/workspace/development/alocador_de_salas,resultados/experimentos/2024_1/novas_hibridas/combinada_aleatoria/20261002_003719_seed42/melhor.sol,resultados/experimentos/2024_1/novas_hibridas/combinada_aleatoria/20261002_003719_seed42/historico.csv,resultados/experimentos/2024_1/novas_hibridas/combinada_aleatoria/20261002_003719_seed42/historico.json,combinada_aleatoria,cursos_exat_2 + dia_turno_curso,qualquer_melhoria_na_passada,aleatoria_por_passada,42,180.0,1,180.0,600.0,1,0,TEMPO_TOTAL,,,
1,3,104,dia_turno_curso,3_N_CC,81,17342,77648,OPTIMAL,185220.0,185220.0,False,185220.0,6.65,6.34,600.0,3,N,CC,alfabetica,,aleatoria_por_passada,42,dia_turno_curso,104,66,True,TEMPO_TOTAL,iteracao,combinada_cursos_exat_2_dia_turno_curso_aleatoria,180.0,180.0,600.0,14400.0,False,False,alfabetica,42,alfabetica,,./dados/2024_1/horarios_2024_1.xlsx,./dados/2024_1/salas_2024_1.csv,./dados/2024_1/salas_preferenciais_2024.1.xlsx,/Users/robertdrey/Documents/workspace/development/alocador_de_salas,resultados/experimentos/2024_1/novas_hibridas/combinada_aleatoria/20261002_003719_seed42/melhor.sol,resultados/experimentos/2024_1/novas_hibridas/combinada_aleatoria/20261002_003719_seed42/historico.csv,resultados/experimentos/2024_1/novas_hibridas/combinada_aleatoria/20261002_003719_seed42/historico.json,combinada_aleatoria,cursos_exat_2 + dia_turno_curso,qualquer_melhoria_na_passada,aleatoria_por_passada,42,180.0,1,180.0,600.0,1,0,TEMPO_TOTAL,,,
1,3,105,dia_turno_curso,3_N_LET,70,15732,79258,OPTIMAL,185220.0,185220.0,False,185220.0,3.73,3.42,600.0,3,N,LET,alfabetica,,aleatoria_por_passada,42,dia_turno_curso,105,67,True,TEMPO_TOTAL,iteracao,combinada_cursos_exat_2_dia_turno_curso_aleatoria,180.0,180.0,600.0,14400.0,False,False,alfabetica,42,alfabetica,,./dados/2024_1/horarios_2024_1.xlsx,./dados/2024_1/salas_2024_1.csv,./dados/2024_1/salas_preferenciais_2024.1.xlsx,/Users/robertdrey/Documents/workspace/development/alocador_de_salas,resultados/experimentos/2024_1/novas_hibridas/combinada_aleatoria/20261002_003719_seed42/melhor.sol,resultados/experimentos/2024_1/novas_hibridas/combinada_aleatoria/20261002_003719_seed42/historico.csv,resultados/experimentos/2024_1/novas_hibridas/combinada_aleatoria/20261002_003719_seed42/historico.json,combinada_aleatoria,cursos_exat_2 + dia_turno_curso,qualquer_melhoria_na_passada,aleatoria_por_passada,42,180.0,1,180.0,600.0,1,0,TEMPO_TOTAL,,,
1,3,106,par_cursos,LET+MAT,59,14122,80868,OPTIMAL,185220.0,185220.0,False,185220.0,1.63,1.32,600.0,,,,alfabetica,,aleatoria_por_passada,42,cursos_exat_2,106,39,True,TEMPO_TOTAL,iteracao,combinada_cursos_exat_2_dia_turno_curso_aleatoria,180.0,180.0,600.0,14400.0,False,False,alfabetica,42,alfabetica,,./dados/2024_1/horarios_2024_1.xlsx,./dados/2024_1/salas_2024_1.csv,./dados/2024_1/salas_preferenciais_2024.1.xlsx,/Users/robertdrey/Documents/workspace/development/alocador_de_salas,resultados/experimentos/2024_1/novas_hibridas/combinada_aleatoria/20261002_003719_seed42/melhor.sol,resultados/experimentos/2024_1/novas_hibridas/combinada_aleatoria/20261002_003719_seed42/historico.csv,resultados/experimentos/2024_1/novas_hibridas/combinada_aleatoria/20261002_003719_seed42/historico.json,combinada_aleatoria,cursos_exat_2 + dia_turno_curso,qualquer_melhoria_na_passada,aleatoria_por_passada,42,180.0,1,180.0,600.0,1,0,TEMPO_TOTAL,LET,MAT,106
1,3,107,dia_turno_curso,5_N_FIL,51,10304,84686,OPTIMAL,185220.0,185220.0,False,185220.0,1.34,1.04,600.0,5,N,FIL,alfabetica,,aleatoria_por_passada,42,dia_turno_curso,107,68,True,TEMPO_TOTAL,iteracao,combinada_cursos_exat_2_dia_turno_curso_aleatoria,180.0,180.0,600.0,14400.0,False,False,alfabetica,42,alfabetica,,./dados/2024_1/horarios_2024_1.xlsx,./dados/2024_1/salas_2024_1.csv,./dados/2024_1/salas_preferenciais_2024.1.xlsx,/Users/robertdrey/Documents/workspace/development/alocador_de_salas,resultados/experimentos/2024_1/novas_hibridas/combinada_aleatoria/20261002_003719_seed42/melhor.sol,resultados/experimentos/2024_1/novas_hibridas/combinada_aleatoria/20261002_003719_seed42/historico.csv,resultados/experimentos/2024_1/novas_hibridas/combinada_aleatoria/20261002_003719_seed42/historico.json,combinada_aleatoria,cursos_exat_2 + dia_turno_curso,qualquer_melhoria_na_passada,aleatoria_por_passada,42,180.0,1,180.0,600.0,1,0,TEMPO_TOTAL,,,
1,3,108,par_cursos,AGRO+PED,107,21528,73462,OPTIMAL,185220.0,185220.0,False,185220.0,30.91,30.6,600.0,,,,alfabetica,,aleatoria_por_passada,42,cursos_exat_2,108,40,True,TEMPO_TOTAL,iteracao,combinada_cursos_exat_2_dia_turno_curso_aleatoria,180.0,180.0,600.0,14400.0,False,False,alfabetica,42,alfabetica,,./dados/2024_1/horarios_2024_1.xlsx,./dados/2024_1/salas_2024_1.csv,./dados/2024_1/salas_preferenciais_2024.1.xlsx,/Users/robertdrey/Documents/workspace/development/alocador_de_salas,resultados/experimentos/2024_1/novas_hibridas/combinada_aleatoria/20261002_003719_seed42/melhor.sol,resultados/experimentos/2024_1/novas_hibridas/combinada_aleatoria/20261002_003719_seed42/historico.csv,resultados/experimentos/2024_1/novas_hibridas/combinada_aleatoria/20261002_003719_seed42/historico.json,combinada_aleatoria,cursos_exat_2 + dia_turno_curso,qualquer_melhoria_na_passada,aleatoria_por_passada,42,180.0,1,180.0,600.0,1,0,TEMPO_TOTAL,AGRO,PED,108
1,3,109,dia_turno_curso,2_N_CS,59,13248,81742,OPTIMAL,185220.0,185220.0,False,185220.0,1.49,1.19,600.0,2,N,CS,alfabetica,,aleatoria_por_passada,42,dia_turno_curso,109,69,True,TEMPO_TOTAL,iteracao,combinada_cursos_exat_2_dia_turno_curso_aleatoria,180.0,180.0,600.0,14400.0,False,False,alfabetica,42,alfabetica,,./dados/2024_1/horarios_2024_1.xlsx,./dados/2024_1/salas_2024_1.csv,./dados/2024_1/salas_preferenciais_2024.1.xlsx,/Users/robertdrey/Documents/workspace/development/alocador_de_salas,resultados/experimentos/2024_1/novas_hibridas/combinada_aleatoria/20261002_003719_seed42/melhor.sol,resultados/experimentos/2024_1/novas_hibridas/combinada_aleatoria/20261002_003719_seed42/historico.csv,resultados/experimentos/2024_1/novas_hibridas/combinada_aleatoria/20261002_003719_seed42/historico.json,combinada_aleatoria,cursos_exat_2 + dia_turno_curso,qualquer_melhoria_na_passada,aleatoria_por_passada,42,180.0,1,180.0,600.0,1,0,TEMPO_TOTAL,,,
1,3,110,dia_turno_curso,2_T_CS,55,16284,78706,OPTIMAL,185220.0,185220.0,False,185220.0,1.58,1.29,600.0,2,T,CS,alfabetica,,aleatoria_por_passada,42,dia_turno_curso,110,70,True,TEMPO_TOTAL,iteracao,combinada_cursos_exat_2_dia_turno_curso_aleatoria,180.0,180.0,600.0,14400.0,False,False,alfabetica,42,alfabetica,,./dados/2024_1/horarios_2024_1.xlsx,./dados/2024_1/salas_2024_1.csv,./dados/2024_1/salas_preferenciais_2024.1.xlsx,/Users/robertdrey/Documents/workspace/development/alocador_de_salas,resultados/experimentos/2024_1/novas_hibridas/combinada_aleatoria/20261002_003719_seed42/melhor.sol,resultados/experimentos/2024_1/novas_hibridas/combinada_aleatoria/20261002_003719_seed42/historico.csv,resultados/experimentos/2024_1/novas_hibridas/combinada_aleatoria/20261002_003719_seed42/historico.json,combinada_aleatoria,cursos_exat_2 + dia_turno_curso,qualquer_melhoria_na_passada,aleatoria_por_passada,42,180.0,1,180.0,600.0,1,0,TEMPO_TOTAL,,,
1,3,111,dia_turno_curso,7_N_PED,58,14168,80822,OPTIMAL,185220.0,185220.0,False,185220.0,21.28,20.96,600.0,7,N,PED,alfabetica,,aleatoria_por_passada,42,dia_turno_curso,111,71,True,TEMPO_TOTAL,iteracao,combinada_cursos_exat_2_dia_turno_curso_aleatoria,180.0,180.0,600.0,14400.0,False,False,alfabetica,42,alfabetica,,./dados/2024_1/horarios_2024_1.xlsx,./dados/2024_1/salas_2024_1.csv,./dados/2024_1/salas_preferenciais_2024.1.xlsx,/Users/robertdrey/Documents/workspace/development/alocador_de_salas,resultados/experimentos/2024_1/novas_hibridas/combinada_aleatoria/20261002_003719_seed42/melhor.sol,resultados/experimentos/2024_1/novas_hibridas/combinada_aleatoria/20261002_003719_seed42/historico.csv,resultados/experimentos/2024_1/novas_hibridas/combinada_aleatoria/20261002_003719_seed42/historico.json,combinada_aleatoria,cursos_exat_2 + dia_turno_curso,qualquer_melhoria_na_passada,aleatoria_por_passada,42,180.0,1,180.0,600.0,1,0,TEMPO_TOTAL,,,
1,3,112,dia_turno_curso,3_N_FIL,53,10304,84686,OPTIMAL,185220.0,185220.0,False,185220.0,1.46,1.13,600.0,3,N,FIL,alfabetica,,aleatoria_por_passada,42,dia_turno_curso,112,72,True,TEMPO_TOTAL,iteracao,combinada_cursos_exat_2_dia_turno_curso_aleatoria,180.0,180.0,600.0,14400.0,False,False,alfabetica,42,alfabetica,,./dados/2024_1/horarios_2024_1.xlsx,./dados/2024_1/salas_2024_1.csv,./dados/2024_1/salas_preferenciais_2024.1.xlsx,/Users/robertdrey/Documents/workspace/development/alocador_de_salas,resultados/experimentos/2024_1/novas_hibridas/combinada_aleatoria/20261002_003719_seed42/melhor.sol,resultados/experimentos/2024_1/novas_hibridas/combinada_aleatoria/20261002_003719_seed42/historico.csv,resultados/experimentos/2024_1/novas_hibridas/combinada_aleatoria/20261002_003719_seed42/historico.json,combinada_aleatoria,cursos_exat_2 + dia_turno_curso,qualquer_melhoria_na_passada,aleatoria_por_passada,42,180.0,1,180.0,600.0,1,0,TEMPO_TOTAL,,,
1,3,113,dia_turno_curso,7_M_CC,63,17480,77510,OPTIMAL,185220.0,185220.0,False,185220.0,2.72,2.41,600.0,7,M,CC,alfabetica,,aleatoria_por_passada,42,dia_turno_curso,113,73,True,TEMPO_TOTAL,iteracao,combinada_cursos_exat_2_dia_turno_curso_aleatoria,180.0,180.0,600.0,14400.0,False,False,alfabetica,42,alfabetica,,./dados/2024_1/horarios_2024_1.xlsx,./dados/2024_1/salas_2024_1.csv,./dados/2024_1/salas_preferenciais_2024.1.xlsx,/Users/robertdrey/Documents/workspace/development/alocador_de_salas,resultados/experimentos/2024_1/novas_hibridas/combinada_aleatoria/20261002_003719_seed42/melhor.sol,resultados/experimentos/2024_1/novas_hibridas/combinada_aleatoria/20261002_003719_seed42/historico.csv,resultados/experimentos/2024_1/novas_hibridas/combinada_aleatoria/20261002_003719_seed42/historico.json,combinada_aleatoria,cursos_exat_2 + dia_turno_curso,qualquer_melhoria_na_passada,aleatoria_por_passada,42,180.0,1,180.0,600.0,1,0,TEMPO_TOTAL,,,
1,3,114,par_cursos,CC+EAS,92,17986,77004,OPTIMAL,185220.0,185220.0,False,185220.0,3.76,3.45,600.0,,,,alfabetica,,aleatoria_por_passada,42,cursos_exat_2,114,41,True,TEMPO_TOTAL,iteracao,combinada_cursos_exat_2_dia_turno_curso_aleatoria,180.0,180.0,600.0,14400.0,False,False,alfabetica,42,alfabetica,,./dados/2024_1/horarios_2024_1.xlsx,./dados/2024_1/salas_2024_1.csv,./dados/2024_1/salas_preferenciais_2024.1.xlsx,/Users/robertdrey/Documents/workspace/development/alocador_de_salas,resultados/experimentos/2024_1/novas_hibridas/combinada_aleatoria/20261002_003719_seed42/melhor.sol,resultados/experimentos/2024_1/novas_hibridas/combinada_aleatoria/20261002_003719_seed42/historico.csv,resultados/experimentos/2024_1/novas_hibridas/combinada_aleatoria/20261002_003719_seed42/historico.json,combinada_aleatoria,cursos_exat_2 + dia_turno_curso,qualquer_melhoria_na_passada,aleatoria_por_passada,42,180.0,1,180.0,600.0,1,0,TEMPO_TOTAL,CC,EAS,114
1,3,115,par_cursos,AGRO+FIL,66,11500,83490,OPTIMAL,185220.0,185220.0,False,185220.0,3.82,3.51,600.0,,,,alfabetica,,aleatoria_por_passada,42,cursos_exat_2,115,42,True,TEMPO_TOTAL,iteracao,combinada_cursos_exat_2_dia_turno_curso_aleatoria,180.0,180.0,600.0,14400.0,False,False,alfabetica,42,alfabetica,,./dados/2024_1/horarios_2024_1.xlsx,./dados/2024_1/salas_2024_1.csv,./dados/2024_1/salas_preferenciais_2024.1.xlsx,/Users/robertdrey/Documents/workspace/development/alocador_de_salas,resultados/experimentos/2024_1/novas_hibridas/combinada_aleatoria/20261002_003719_seed42/melhor.sol,resultados/experimentos/2024_1/novas_hibridas/combinada_aleatoria/20261002_003719_seed42/historico.csv,resultados/experimentos/2024_1/novas_hibridas/combinada_aleatoria/20261002_003719_seed42/historico.json,combinada_aleatoria,cursos_exat_2 + dia_turno_curso,qualquer_melhoria_na_passada,aleatoria_por_passada,42,180.0,1,180.0,600.0,1,0,TEMPO_TOTAL,AGRO,FIL,115
1,3,116,par_cursos,HIS+MED,65,14168,80822,OPTIMAL,185220.0,185220.0,False,185220.0,1.17,0.85,600.0,,,,alfabetica,,aleatoria_por_passada,42,cursos_exat_2,116,43,True,TEMPO_TOTAL,iteracao,combinada_cursos_exat_2_dia_turno_curso_aleatoria,180.0,180.0,600.0,14400.0,False,False,alfabetica,42,alfabetica,,./dados/2024_1/horarios_2024_1.xlsx,./dados/2024_1/salas_2024_1.csv,./dados/2024_1/salas_preferenciais_2024.1.xlsx,/Users/robertdrey/Documents/workspace/development/alocador_de_salas,resultados/experimentos/2024_1/novas_hibridas/combinada_aleatoria/20261002_003719_seed42/melhor.sol,resultados/experimentos/2024_1/novas_hibridas/combinada_aleatoria/20261002_003719_seed42/historico.csv,resultados/experimentos/2024_1/novas_hibridas/combinada_aleatoria/20261002_003719_seed42/historico.json,combinada_aleatoria,cursos_exat_2 + dia_turno_curso,qualquer_melhoria_na_passada,aleatoria_por_passada,42,180.0,1,180.0,600.0,1,0,TEMPO_TOTAL,HIS,MED,116
1,3,117,dia_turno_curso,7_T_CC,53,13754,81236,OPTIMAL,185220.0,185220.0,False,185220.0,3.92,3.61,600.0,7,T,CC,alfabetica,,aleatoria_por_passada,42,dia_turno_curso,117,74,True,TEMPO_TOTAL,iteracao,combinada_cursos_exat_2_dia_turno_curso_aleatoria,180.0,180.0,600.0,14400.0,False,False,alfabetica,42,alfabetica,,./dados/2024_1/horarios_2024_1.xlsx,./dados/2024_1/salas_2024_1.csv,./dados/2024_1/salas_preferenciais_2024.1.xlsx,/Users/robertdrey/Documents/workspace/development/alocador_de_salas,resultados/experimentos/2024_1/novas_hibridas/combinada_aleatoria/20261002_003719_seed42/melhor.sol,resultados/experimentos/2024_1/novas_hibridas/combinada_aleatoria/20261002_003719_seed42/historico.csv,resultados/experimentos/2024_1/novas_hibridas/combinada_aleatoria/20261002_003719_seed42/historico.json,combinada_aleatoria,cursos_exat_2 + dia_turno_curso,qualquer_melhoria_na_passada,aleatoria_por_passada,42,180.0,1,180.0,600.0,1,0,TEMPO_TOTAL,,,
1,3,118,dia_turno_curso,5_T_CC,70,19596,75394,OPTIMAL,185220.0,185220.0,False,185220.0,2.87,2.56,600.0,5,T,CC,alfabetica,,aleatoria_por_passada,42,dia_turno_curso,118,75,True,TEMPO_TOTAL,iteracao,combinada_cursos_exat_2_dia_turno_curso_aleatoria,180.0,180.0,600.0,14400.0,False,False,alfabetica,42,alfabetica,,./dados/2024_1/horarios_2024_1.xlsx,./dados/2024_1/salas_2024_1.csv,./dados/2024_1/salas_preferenciais_2024.1.xlsx,/Users/robertdrey/Documents/workspace/development/alocador_de_salas,resultados/experimentos/2024_1/novas_hibridas/combinada_aleatoria/20261002_003719_seed42/melhor.sol,resultados/experimentos/2024_1/novas_hibridas/combinada_aleatoria/20261002_003719_seed42/historico.csv,resultados/experimentos/2024_1/novas_hibridas/combinada_aleatoria/20261002_003719_seed42/historico.json,combinada_aleatoria,cursos_exat_2 + dia_turno_curso,qualquer_melhoria_na_passada,aleatoria_por_passada,42,180.0,1,180.0,600.0,1,0,TEMPO_TOTAL,,,
1,3,119,dia_turno_curso,5_N_LET,68,15962,79028,OPTIMAL,185220.0,185220.0,False,185220.0,3.51,3.2,600.0,5,N,LET,alfabetica,,aleatoria_por_passada,42,dia_turno_curso,119,76,True,TEMPO_TOTAL,iteracao,combinada_cursos_exat_2_dia_turno_curso_aleatoria,180.0,180.0,600.0,14400.0,False,False,alfabetica,42,alfabetica,,./dados/2024_1/horarios_2024_1.xlsx,./dados/2024_1/salas_2024_1.csv,./dados/2024_1/salas_preferenciais_2024.1.xlsx,/Users/robertdrey/Documents/workspace/development/alocador_de_salas,resultados/experimentos/2024_1/novas_hibridas/combinada_aleatoria/20261002_003719_seed42/melhor.sol,resultados/experimentos/2024_1/novas_hibridas/combinada_aleatoria/20261002_003719_seed42/historico.csv,resultados/experimentos/2024_1/novas_hibridas/combinada_aleatoria/20261002_003719_seed42/historico.json,combinada_aleatoria,cursos_exat_2 + dia_turno_curso,qualquer_melhoria_na_passada,aleatoria_por_passada,42,180.0,1,180.0,600.0,1,0,TEMPO_TOTAL,,,
1,3,120,dia_turno_curso,6_N_AGRO,89,16422,78568,OPTIMAL,185220.0,185220.0,False,185220.0,5.61,5.31,600.0,6,N,AGRO,alfabetica,,aleatoria_por_passada,42,dia_turno_curso,120,77,True,TEMPO_TOTAL,iteracao,combinada_cursos_exat_2_dia_turno_curso_aleatoria,180.0,180.0,600.0,14400.0,False,False,alfabetica,42,alfabetica,,./dados/2024_1/horarios_2024_1.xlsx,./dados/2024_1/salas_2024_1.csv,./dados/2024_1/salas_preferenciais_2024.1.xlsx,/Users/robertdrey/Documents/workspace/development/alocador_de_salas,resultados/experimentos/2024_1/novas_hibridas/combinada_aleatoria/20261002_003719_seed42/melhor.sol,resultados/experimentos/2024_1/novas_hibridas/combinada_aleatoria/20261002_003719_seed42/historico.csv,resultados/experimentos/2024_1/novas_hibridas/combinada_aleatoria/20261002_003719_seed42/historico.json,combinada_aleatoria,cursos_exat_2 + dia_turno_curso,qualquer_melhoria_na_passada,aleatoria_por_passada,42,180.0,1,180.0,600.0,1,0,TEMPO_TOTAL,,,
1,3,121,par_cursos,ENF+HIS,42,13294,81696,OPTIMAL,185220.0,185220.0,False,185220.0,2.47,2.16,600.0,,,,alfabetica,,aleatoria_por_passada,42,cursos_exat_2,121,44,True,TEMPO_TOTAL,iteracao,combinada_cursos_exat_2_dia_turno_curso_aleatoria,180.0,180.0,600.0,14400.0,False,False,alfabetica,42,alfabetica,,./dados/2024_1/horarios_2024_1.xlsx,./dados/2024_1/salas_2024_1.csv,./dados/2024_1/salas_preferenciais_2024.1.xlsx,/Users/robertdrey/Documents/workspace/development/alocador_de_salas,resultados/experimentos/2024_1/novas_hibridas/combinada_aleatoria/20261002_003719_seed42/melhor.sol,resultados/experimentos/2024_1/novas_hibridas/combinada_aleatoria/20261002_003719_seed42/historico.csv,resultados/experimentos/2024_1/novas_hibridas/combinada_aleatoria/20261002_003719_seed42/historico.json,combinada_aleatoria,cursos_exat_2 + dia_turno_curso,qualquer_melhoria_na_passada,aleatoria_por_passada,42,180.0,1,180.0,600.0,1,0,TEMPO_TOTAL,ENF,HIS,121
1,3,122,dia_turno_curso,6_T_EAS,71,18124,76866,OPTIMAL,185220.0,185220.0,False,185220.0,1.54,1.23,600.0,6,T,EAS,alfabetica,,aleatoria_por_passada,42,dia_turno_curso,122,78,True,TEMPO_TOTAL,iteracao,combinada_cursos_exat_2_dia_turno_curso_aleatoria,180.0,180.0,600.0,14400.0,False,False,alfabetica,42,alfabetica,,./dados/2024_1/horarios_2024_1.xlsx,./dados/2024_1/salas_2024_1.csv,./dados/2024_1/salas_preferenciais_2024.1.xlsx,/Users/robertdrey/Documents/workspace/development/alocador_de_salas,resultados/experimentos/2024_1/novas_hibridas/combinada_aleatoria/20261002_003719_seed42/melhor.sol,resultados/experimentos/2024_1/novas_hibridas/combinada_aleatoria/20261002_003719_seed42/historico.csv,resultados/experimentos/2024_1/novas_hibridas/combinada_aleatoria/20261002_003719_seed42/historico.json,combinada_aleatoria,cursos_exat_2 + dia_turno_curso,qualquer_melhoria_na_passada,aleatoria_por_passada,42,180.0,1,180.0,600.0,1,0,TEMPO_TOTAL,,,
1,3,123,dia_turno_curso,6_N_CS,57,12420,82570,OPTIMAL,185220.0,185220.0,False,185220.0,2.22,1.92,600.0,6,N,CS,alfabetica,,aleatoria_por_passada,42,dia_turno_curso,123,79,True,TEMPO_TOTAL,iteracao,combinada_cursos_exat_2_dia_turno_curso_aleatoria,180.0,180.0,600.0,14400.0,False,False,alfabetica,42,alfabetica,,./dados/2024_1/horarios_2024_1.xlsx,./dados/2024_1/salas_2024_1.csv,./dados/2024_1/salas_preferenciais_2024.1.xlsx,/Users/robertdrey/Documents/workspace/development/alocador_de_salas,resultados/experimentos/2024_1/novas_hibridas/combinada_aleatoria/20261002_003719_seed42/melhor.sol,resultados/experimentos/2024_1/novas_hibridas/combinada_aleatoria/20261002_003719_seed42/historico.csv,resultados/experimentos/2024_1/novas_hibridas/combinada_aleatoria/20261002_003719_seed42/historico.json,combinada_aleatoria,cursos_exat_2 + dia_turno_curso,qualquer_melhoria_na_passada,aleatoria_por_passada,42,180.0,1,180.0,600.0,1,0,TEMPO_TOTAL,,,
1,3,124,par_cursos,GEO+LET,46,11224,83766,OPTIMAL,185220.0,185219.0,True,185219.0,1.91,1.6,600.0,,,,alfabetica,,aleatoria_por_passada,42,cursos_exat_2,124,45,True,TEMPO_TOTAL,iteracao,combinada_cursos_exat_2_dia_turno_curso_aleatoria,180.0,180.0,600.0,14400.0,False,False,alfabetica,42,alfabetica,,./dados/2024_1/horarios_2024_1.xlsx,./dados/2024_1/salas_2024_1.csv,./dados/2024_1/salas_preferenciais_2024.1.xlsx,/Users/robertdrey/Documents/workspace/development/alocador_de_salas,resultados/experimentos/2024_1/novas_hibridas/combinada_aleatoria/20261002_003719_seed42/melhor.sol,resultados/experimentos/2024_1/novas_hibridas/combinada_aleatoria/20261002_003719_seed42/historico.csv,resultados/experimentos/2024_1/novas_hibridas/combinada_aleatoria/20261002_003719_seed42/historico.json,combinada_aleatoria,cursos_exat_2 + dia_turno_curso,qualquer_melhoria_na_passada,aleatoria_por_passada,42,180.0,1,180.0,600.0,1,0,TEMPO_TOTAL,GEO,LET,124
1,3,125,par_cursos,CS+LET,58,13708,81282,OPTIMAL,185219.0,185219.0,False,185219.0,1.66,1.35,600.0,,,,alfabetica,,aleatoria_por_passada,42,cursos_exat_2,125,46,True,TEMPO_TOTAL,iteracao,combinada_cursos_exat_2_dia_turno_curso_aleatoria,180.0,180.0,600.0,14400.0,False,False,alfabetica,42,alfabetica,,./dados/2024_1/horarios_2024_1.xlsx,./dados/2024_1/salas_2024_1.csv,./dados/2024_1/salas_preferenciais_2024.1.xlsx,/Users/robertdrey/Documents/workspace/development/alocador_de_salas,resultados/experimentos/2024_1/novas_hibridas/combinada_aleatoria/20261002_003719_seed42/melhor.sol,resultados/experimentos/2024_1/novas_hibridas/combinada_aleatoria/20261002_003719_seed42/historico.csv,resultados/experimentos/2024_1/novas_hibridas/combinada_aleatoria/20261002_003719_seed42/historico.json,combinada_aleatoria,cursos_exat_2 + dia_turno_curso,qualquer_melhoria_na_passada,aleatoria_por_passada,42,180.0,1,180.0,600.0,1,0,TEMPO_TOTAL,CS,LET,125
1,3,126,dia_turno_curso,3_T_LET,67,19090,75900,OPTIMAL,185219.0,185219.0,False,185219.0,1.96,1.65,600.0,3,T,LET,alfabetica,,aleatoria_por_passada,42,dia_turno_curso,126,80,True,TEMPO_TOTAL,iteracao,combinada_cursos_exat_2_dia_turno_curso_aleatoria,180.0,180.0,600.0,14400.0,False,False,alfabetica,42,alfabetica,,./dados/2024_1/horarios_2024_1.xlsx,./dados/2024_1/salas_2024_1.csv,./dados/2024_1/salas_preferenciais_2024.1.xlsx,/Users/robertdrey/Documents/workspace/development/alocador_de_salas,resultados/experimentos/2024_1/novas_hibridas/combinada_aleatoria/20261002_003719_seed42/melhor.sol,resultados/experimentos/2024_1/novas_hibridas/combinada_aleatoria/20261002_003719_seed42/historico.csv,resultados/experimentos/2024_1/novas_hibridas/combinada_aleatoria/20261002_003719_seed42/historico.json,combinada_aleatoria,cursos_exat_2 + dia_turno_curso,qualquer_melhoria_na_passada,aleatoria_por_passada,42,180.0,1,180.0,600.0,1,0,TEMPO_TOTAL,,,
1,3,127,dia_turno_curso,2_T_MED,71,20286,74704,OPTIMAL,185219.0,185219.0,False,185219.0,2.35,2.05,600.0,2,T,MED,alfabetica,,aleatoria_por_passada,42,dia_turno_curso,127,81,True,TEMPO_TOTAL,iteracao,combinada_cursos_exat_2_dia_turno_curso_aleatoria,180.0,180.0,600.0,14400.0,False,False,alfabetica,42,alfabetica,,./dados/2024_1/horarios_2024_1.xlsx,./dados/2024_1/salas_2024_1.csv,./dados/2024_1/salas_preferenciais_2024.1.xlsx,/Users/robertdrey/Documents/workspace/development/alocador_de_salas,resultados/experimentos/2024_1/novas_hibridas/combinada_aleatoria/20261002_003719_seed42/melhor.sol,resultados/experimentos/2024_1/novas_hibridas/combinada_aleatoria/20261002_003719_seed42/historico.csv,resultados/experimentos/2024_1/novas_hibridas/combinada_aleatoria/20261002_003719_seed42/historico.json,combinada_aleatoria,cursos_exat_2 + dia_turno_curso,qualquer_melhoria_na_passada,aleatoria_por_passada,42,180.0,1,180.0,600.0,1,0,TEMPO_TOTAL,,,
1,3,128,par_cursos,CC+MED,88,19918,75072,OPTIMAL,185219.0,185219.0,False,185219.0,3.33,3.03,600.0,,,,alfabetica,,aleatoria_por_passada,42,cursos_exat_2,128,47,True,TEMPO_TOTAL,iteracao,combinada_cursos_exat_2_dia_turno_curso_aleatoria,180.0,180.0,600.0,14400.0,False,False,alfabetica,42,alfabetica,,./dados/2024_1/horarios_2024_1.xlsx,./dados/2024_1/salas_2024_1.csv,./dados/2024_1/salas_preferenciais_2024.1.xlsx,/Users/robertdrey/Documents/workspace/development/alocador_de_salas,resultados/experimentos/2024_1/novas_hibridas/combinada_aleatoria/20261002_003719_seed42/melhor.sol,resultados/experimentos/2024_1/novas_hibridas/combinada_aleatoria/20261002_003719_seed42/historico.csv,resultados/experimentos/2024_1/novas_hibridas/combinada_aleatoria/20261002_003719_seed42/historico.json,combinada_aleatoria,cursos_exat_2 + dia_turno_curso,qualquer_melhoria_na_passada,aleatoria_por_passada,42,180.0,1,180.0,600.0,1,0,TEMPO_TOTAL,CC,MED,128
1,3,129,dia_turno_curso,4_N_CS,60,13294,81696,OPTIMAL,185219.0,185219.0,False,185219.0,1.9,1.59,600.0,4,N,CS,alfabetica,,aleatoria_por_passada,42,dia_turno_curso,129,82,True,TEMPO_TOTAL,iteracao,combinada_cursos_exat_2_dia_turno_curso_aleatoria,180.0,180.0,600.0,14400.0,False,False,alfabetica,42,alfabetica,,./dados/2024_1/horarios_2024_1.xlsx,./dados/2024_1/salas_2024_1.csv,./dados/2024_1/salas_preferenciais_2024.1.xlsx,/Users/robertdrey/Documents/workspace/development/alocador_de_salas,resultados/experimentos/2024_1/novas_hibridas/combinada_aleatoria/20261002_003719_seed42/melhor.sol,resultados/experimentos/2024_1/novas_hibridas/combinada_aleatoria/20261002_003719_seed42/historico.csv,resultados/experimentos/2024_1/novas_hibridas/combinada_aleatoria/20261002_003719_seed42/historico.json,combinada_aleatoria,cursos_exat_2 + dia_turno_curso,qualquer_melhoria_na_passada,aleatoria_por_passada,42,180.0,1,180.0,600.0,1,0,TEMPO_TOTAL,,,
1,3,130,dia_turno_curso,5_M_ENF,51,15732,79258,OPTIMAL,185219.0,185219.0,False,185219.0,4.85,4.55,600.0,5,M,ENF,alfabetica,,aleatoria_por_passada,42,dia_turno_curso,130,83,True,TEMPO_TOTAL,iteracao,combinada_cursos_exat_2_dia_turno_curso_aleatoria,180.0,180.0,600.0,14400.0,False,False,alfabetica,42,alfabetica,,./dados/2024_1/horarios_2024_1.xlsx,./dados/2024_1/salas_2024_1.csv,./dados/2024_1/salas_preferenciais_2024.1.xlsx,/Users/robertdrey/Documents/workspace/development/alocador_de_salas,resultados/experimentos/2024_1/novas_hibridas/combinada_aleatoria/20261002_003719_seed42/melhor.sol,resultados/experimentos/2024_1/novas_hibridas/combinada_aleatoria/20261002_003719_seed42/historico.csv,resultados/experimentos/2024_1/novas_hibridas/combinada_aleatoria/20261002_003719_seed42/historico.json,combinada_aleatoria,cursos_exat_2 + dia_turno_curso,qualquer_melhoria_na_passada,aleatoria_por_passada,42,180.0,1,180.0,600.0,1,0,TEMPO_TOTAL,,,
1,3,131,dia_turno_curso,5_T_ENF,44,14858,80132,OPTIMAL,185219.0,185219.0,False,185219.0,3.93,3.62,600.0,5,T,ENF,alfabetica,,aleatoria_por_passada,42,dia_turno_curso,131,84,True,TEMPO_TOTAL,iteracao,combinada_cursos_exat_2_dia_turno_curso_aleatoria,180.0,180.0,600.0,14400.0,False,False,alfabetica,42,alfabetica,,./dados/2024_1/horarios_2024_1.xlsx,./dados/2024_1/salas_2024_1.csv,./dados/2024_1/salas_preferenciais_2024.1.xlsx,/Users/robertdrey/Documents/workspace/development/alocador_de_salas,resultados/experimentos/2024_1/novas_hibridas/combinada_aleatoria/20261002_003719_seed42/melhor.sol,resultados/experimentos/2024_1/novas_hibridas/combinada_aleatoria/20261002_003719_seed42/historico.csv,resultados/experimentos/2024_1/novas_hibridas/combinada_aleatoria/20261002_003719_seed42/historico.json,combinada_aleatoria,cursos_exat_2 + dia_turno_curso,qualquer_melhoria_na_passada,aleatoria_por_passada,42,180.0,1,180.0,600.0,1,0,TEMPO_TOTAL,,,
1,3,132,dia_turno_curso,7_T_AGRO,58,12144,82846,OPTIMAL,185219.0,185219.0,False,185219.0,4.18,3.86,600.0,7,T,AGRO,alfabetica,,aleatoria_por_passada,42,dia_turno_curso,132,85,True,TEMPO_TOTAL,iteracao,combinada_cursos_exat_2_dia_turno_curso_aleatoria,180.0,180.0,600.0,14400.0,False,False,alfabetica,42,alfabetica,,./dados/2024_1/horarios_2024_1.xlsx,./dados/2024_1/salas_2024_1.csv,./dados/2024_1/salas_preferenciais_2024.1.xlsx,/Users/robertdrey/Documents/workspace/development/alocador_de_salas,resultados/experimentos/2024_1/novas_hibridas/combinada_aleatoria/20261002_003719_seed42/melhor.sol,resultados/experimentos/2024_1/novas_hibridas/combinada_aleatoria/20261002_003719_seed42/historico.csv,resultados/experimentos/2024_1/novas_hibridas/combinada_aleatoria/20261002_003719_seed42/historico.json,combinada_aleatoria,cursos_exat_2 + dia_turno_curso,qualquer_melhoria_na_passada,aleatoria_por_passada,42,180.0,1,180.0,600.0,1,0,TEMPO_TOTAL,,,
1,3,133,dia_turno_curso,7_M_HIS,41,12420,82570,OPTIMAL,185219.0,185219.0,False,185219.0,1.04,0.72,600.0,7,M,HIS,alfabetica,,aleatoria_por_passada,42,dia_turno_curso,133,86,True,TEMPO_TOTAL,iteracao,combinada_cursos_exat_2_dia_turno_curso_aleatoria,180.0,180.0,600.0,14400.0,False,False,alfabetica,42,alfabetica,,./dados/2024_1/horarios_2024_1.xlsx,./dados/2024_1/salas_2024_1.csv,./dados/2024_1/salas_preferenciais_2024.1.xlsx,/Users/robertdrey/Documents/workspace/development/alocador_de_salas,resultados/experimentos/2024_1/novas_hibridas/combinada_aleatoria/20261002_003719_seed42/melhor.sol,resultados/experimentos/2024_1/novas_hibridas/combinada_aleatoria/20261002_003719_seed42/historico.csv,resultados/experimentos/2024_1/novas_hibridas/combinada_aleatoria/20261002_003719_seed42/historico.json,combinada_aleatoria,cursos_exat_2 + dia_turno_curso,qualquer_melhoria_na_passada,aleatoria_por_passada,42,180.0,1,180.0,600.0,1,0,TEMPO_TOTAL,,,
1,3,134,par_cursos,ENF+FIL,33,11270,83720,OPTIMAL,185219.0,185219.0,False,185219.0,1.89,1.58,600.0,,,,alfabetica,,aleatoria_por_passada,42,cursos_exat_2,134,48,True,TEMPO_TOTAL,iteracao,combinada_cursos_exat_2_dia_turno_curso_aleatoria,180.0,180.0,600.0,14400.0,False,False,alfabetica,42,alfabetica,,./dados/2024_1/horarios_2024_1.xlsx,./dados/2024_1/salas_2024_1.csv,./dados/2024_1/salas_preferenciais_2024.1.xlsx,/Users/robertdrey/Documents/workspace/development/alocador_de_salas,resultados/experimentos/2024_1/novas_hibridas/combinada_aleatoria/20261002_003719_seed42/melhor.sol,resultados/experimentos/2024_1/novas_hibridas/combinada_aleatoria/20261002_003719_seed42/historico.csv,resultados/experimentos/2024_1/novas_hibridas/combinada_aleatoria/20261002_003719_seed42/historico.json,combinada_aleatoria,cursos_exat_2 + dia_turno_curso,qualquer_melhoria_na_passada,aleatoria_por_passada,42,180.0,1,180.0,600.0,1,0,TEMPO_TOTAL,ENF,FIL,134
1,3,135,dia_turno_curso,4_M_PED,86,23092,71898,OPTIMAL,185219.0,185219.0,False,185219.0,14.02,13.7,600.0,4,M,PED,alfabetica,,aleatoria_por_passada,42,dia_turno_curso,135,87,True,TEMPO_TOTAL,iteracao,combinada_cursos_exat_2_dia_turno_curso_aleatoria,180.0,180.0,600.0,14400.0,False,False,alfabetica,42,alfabetica,,./dados/2024_1/horarios_2024_1.xlsx,./dados/2024_1/salas_2024_1.csv,./dados/2024_1/salas_preferenciais_2024.1.xlsx,/Users/robertdrey/Documents/workspace/development/alocador_de_salas,resultados/experimentos/2024_1/novas_hibridas/combinada_aleatoria/20261002_003719_seed42/melhor.sol,resultados/experimentos/2024_1/novas_hibridas/combinada_aleatoria/20261002_003719_seed42/historico.csv,resultados/experimentos/2024_1/novas_hibridas/combinada_aleatoria/20261002_003719_seed42/historico.json,combinada_aleatoria,cursos_exat_2 + dia_turno_curso,qualquer_melhoria_na_passada,aleatoria_por_passada,42,180.0,1,180.0,600.0,1,0,TEMPO_TOTAL,,,
1,3,136,par_cursos,ADM+AGRO,99,18032,76958,OPTIMAL,185219.0,185219.0,False,185219.0,7.44,7.12,600.0,,,,alfabetica,,aleatoria_por_passada,42,cursos_exat_2,136,49,True,TEMPO_TOTAL,iteracao,combinada_cursos_exat_2_dia_turno_curso_aleatoria,180.0,180.0,600.0,14400.0,False,False,alfabetica,42,alfabetica,,./dados/2024_1/horarios_2024_1.xlsx,./dados/2024_1/salas_2024_1.csv,./dados/2024_1/salas_preferenciais_2024.1.xlsx,/Users/robertdrey/Documents/workspace/development/alocador_de_salas,resultados/experimentos/2024_1/novas_hibridas/combinada_aleatoria/20261002_003719_seed42/melhor.sol,resultados/experimentos/2024_1/novas_hibridas/combinada_aleatoria/20261002_003719_seed42/historico.csv,resultados/experimentos/2024_1/novas_hibridas/combinada_aleatoria/20261002_003719_seed42/historico.json,combinada_aleatoria,cursos_exat_2 + dia_turno_curso,qualquer_melhoria_na_passada,aleatoria_por_passada,42,180.0,1,180.0,600.0,1,0,TEMPO_TOTAL,ADM,AGRO,136
1,3,137,dia_turno_curso,6_N_GEO,47,10304,84686,OPTIMAL,185219.0,185219.0,False,185219.0,1.42,1.11,600.0,6,N,GEO,alfabetica,,aleatoria_por_passada,42,dia_turno_curso,137,88,True,TEMPO_TOTAL,iteracao,combinada_cursos_exat_2_dia_turno_curso_aleatoria,180.0,180.0,600.0,14400.0,False,False,alfabetica,42,alfabetica,,./dados/2024_1/horarios_2024_1.xlsx,./dados/2024_1/salas_2024_1.csv,./dados/2024_1/salas_preferenciais_2024.1.xlsx,/Users/robertdrey/Documents/workspace/development/alocador_de_salas,resultados/experimentos/2024_1/novas_hibridas/combinada_aleatoria/20261002_003719_seed42/melhor.sol,resultados/experimentos/2024_1/novas_hibridas/combinada_aleatoria/20261002_003719_seed42/historico.csv,resultados/experimentos/2024_1/novas_hibridas/combinada_aleatoria/20261002_003719_seed42/historico.json,combinada_aleatoria,cursos_exat_2 + dia_turno_curso,qualquer_melhoria_na_passada,aleatoria_por_passada,42,180.0,1,180.0,600.0,1,0,TEMPO_TOTAL,,,
1,3,138,par_cursos,ADM+PED,104,22080,72910,TIME_LIMIT,185219.0,185219.0,False,185219.0,600.47,600.15,600.0,,,,alfabetica,,aleatoria_por_passada,42,cursos_exat_2,138,50,True,TEMPO_TOTAL,iteracao,combinada_cursos_exat_2_dia_turno_curso_aleatoria,180.0,180.0,600.0,14400.0,False,False,alfabetica,42,alfabetica,,./dados/2024_1/horarios_2024_1.xlsx,./dados/2024_1/salas_2024_1.csv,./dados/2024_1/salas_preferenciais_2024.1.xlsx,/Users/robertdrey/Documents/workspace/development/alocador_de_salas,resultados/experimentos/2024_1/novas_hibridas/combinada_aleatoria/20261002_003719_seed42/melhor.sol,resultados/experimentos/2024_1/novas_hibridas/combinada_aleatoria/20261002_003719_seed42/historico.csv,resultados/experimentos/2024_1/novas_hibridas/combinada_aleatoria/20261002_003719_seed42/historico.json,combinada_aleatoria,cursos_exat_2 + dia_turno_curso,qualquer_melhoria_na_passada,aleatoria_por_passada,42,180.0,1,180.0,600.0,1,0,TEMPO_TOTAL,ADM,PED,138
1,3,139,par_cursos,GEO+MAT,33,7038,87952,OPTIMAL,185219.0,185219.0,False,185219.0,0.71,0.35,600.0,,,,alfabetica,,aleatoria_por_passada,42,cursos_exat_2,139,51,True,TEMPO_TOTAL,iteracao,combinada_cursos_exat_2_dia_turno_curso_aleatoria,180.0,180.0,600.0,14400.0,False,False,alfabetica,42,alfabetica,,./dados/2024_1/horarios_2024_1.xlsx,./dados/2024_1/salas_2024_1.csv,./dados/2024_1/salas_preferenciais_2024.1.xlsx,/Users/robertdrey/Documents/workspace/development/alocador_de_salas,resultados/experimentos/2024_1/novas_hibridas/combinada_aleatoria/20261002_003719_seed42/melhor.sol,resultados/experimentos/2024_1/novas_hibridas/combinada_aleatoria/20261002_003719_seed42/historico.csv,resultados/experimentos/2024_1/novas_hibridas/combinada_aleatoria/20261002_003719_seed42/historico.json,combinada_aleatoria,cursos_exat_2 + dia_turno_curso,qualquer_melhoria_na_passada,aleatoria_por_passada,42,180.0,1,180.0,600.0,1,0,TEMPO_TOTAL,GEO,MAT,139
1,3,140,par_cursos,EAS+MED,86,16836,78154,OPTIMAL,185219.0,185219.0,False,185219.0,1.83,1.53,600.0,,,,alfabetica,,aleatoria_por_passada,42,cursos_exat_2,140,52,True,TEMPO_TOTAL,iteracao,combinada_cursos_exat_2_dia_turno_curso_aleatoria,180.0,180.0,600.0,14400.0,False,False,alfabetica,42,alfabetica,,./dados/2024_1/horarios_2024_1.xlsx,./dados/2024_1/salas_2024_1.csv,./dados/2024_1/salas_preferenciais_2024.1.xlsx,/Users/robertdrey/Documents/workspace/development/alocador_de_salas,resultados/experimentos/2024_1/novas_hibridas/combinada_aleatoria/20261002_003719_seed42/melhor.sol,resultados/experimentos/2024_1/novas_hibridas/combinada_aleatoria/20261002_003719_seed42/historico.csv,resultados/experimentos/2024_1/novas_hibridas/combinada_aleatoria/20261002_003719_seed42/historico.json,combinada_aleatoria,cursos_exat_2 + dia_turno_curso,qualquer_melhoria_na_passada,aleatoria_por_passada,42,180.0,1,180.0,600.0,1,0,TEMPO_TOTAL,EAS,MED,140
1,3,141,dia_turno_curso,2_N_GEO,48,10994,83996,OPTIMAL,185219.0,185219.0,False,185219.0,1.39,1.08,600.0,2,N,GEO,alfabetica,,aleatoria_por_passada,42,dia_turno_curso,141,89,True,TEMPO_TOTAL,iteracao,combinada_cursos_exat_2_dia_turno_curso_aleatoria,180.0,180.0,600.0,14400.0,False,False,alfabetica,42,alfabetica,,./dados/2024_1/horarios_2024_1.xlsx,./dados/2024_1/salas_2024_1.csv,./dados/2024_1/salas_preferenciais_2024.1.xlsx,/Users/robertdrey/Documents/workspace/development/alocador_de_salas,resultados/experimentos/2024_1/novas_hibridas/combinada_aleatoria/20261002_003719_seed42/melhor.sol,resultados/experimentos/2024_1/novas_hibridas/combinada_aleatoria/20261002_003719_seed42/historico.csv,resultados/experimentos/2024_1/novas_hibridas/combinada_aleatoria/20261002_003719_seed42/historico.json,combinada_aleatoria,cursos_exat_2 + dia_turno_curso,qualquer_melhoria_na_passada,aleatoria_por_passada,42,180.0,1,180.0,600.0,1,0,TEMPO_TOTAL,,,
1,3,142,dia_turno_curso,5_M_AGRO,80,18492,76498,OPTIMAL,185219.0,185219.0,False,185219.0,7.69,7.39,600.0,5,M,AGRO,alfabetica,,aleatoria_por_passada,42,dia_turno_curso,142,90,True,TEMPO_TOTAL,iteracao,combinada_cursos_exat_2_dia_turno_curso_aleatoria,180.0,180.0,600.0,14400.0,False,False,alfabetica,42,alfabetica,,./dados/2024_1/horarios_2024_1.xlsx,./dados/2024_1/salas_2024_1.csv,./dados/2024_1/salas_preferenciais_2024.1.xlsx,/Users/robertdrey/Documents/workspace/development/alocador_de_salas,resultados/experimentos/2024_1/novas_hibridas/combinada_aleatoria/20261002_003719_seed42/melhor.sol,resultados/experimentos/2024_1/novas_hibridas/combinada_aleatoria/20261002_003719_seed42/historico.csv,resultados/experimentos/2024_1/novas_hibridas/combinada_aleatoria/20261002_003719_seed42/historico.json,combinada_aleatoria,cursos_exat_2 + dia_turno_curso,qualquer_melhoria_na_passada,aleatoria_por_passada,42,180.0,1,180.0,600.0,1,0,TEMPO_TOTAL,,,
1,3,143,dia_turno_curso,6_N_EAS,83,15456,79534,OPTIMAL,185219.0,185219.0,False,185219.0,1.83,1.53,600.0,6,N,EAS,alfabetica,,aleatoria_por_passada,42,dia_turno_curso,143,91,True,TEMPO_TOTAL,iteracao,combinada_cursos_exat_2_dia_turno_curso_aleatoria,180.0,180.0,600.0,14400.0,False,False,alfabetica,42,alfabetica,,./dados/2024_1/horarios_2024_1.xlsx,./dados/2024_1/salas_2024_1.csv,./dados/2024_1/salas_preferenciais_2024.1.xlsx,/Users/robertdrey/Documents/workspace/development/alocador_de_salas,resultados/experimentos/2024_1/novas_hibridas/combinada_aleatoria/20261002_003719_seed42/melhor.sol,resultados/experimentos/2024_1/novas_hibridas/combinada_aleatoria/20261002_003719_seed42/historico.csv,resultados/experimentos/2024_1/novas_hibridas/combinada_aleatoria/20261002_003719_seed42/historico.json,combinada_aleatoria,cursos_exat_2 + dia_turno_curso,qualquer_melhoria_na_passada,aleatoria_por_passada,42,180.0,1,180.0,600.0,1,0,TEMPO_TOTAL,,,
1,3,144,dia_turno_curso,4_N_FIL,53,11914,83076,OPTIMAL,185219.0,185219.0,False,185219.0,2.27,1.97,600.0,4,N,FIL,alfabetica,,aleatoria_por_passada,42,dia_turno_curso,144,92,True,TEMPO_TOTAL,iteracao,combinada_cursos_exat_2_dia_turno_curso_aleatoria,180.0,180.0,600.0,14400.0,False,False,alfabetica,42,alfabetica,,./dados/2024_1/horarios_2024_1.xlsx,./dados/2024_1/salas_2024_1.csv,./dados/2024_1/salas_preferenciais_2024.1.xlsx,/Users/robertdrey/Documents/workspace/development/alocador_de_salas,resultados/experimentos/2024_1/novas_hibridas/combinada_aleatoria/20261002_003719_seed42/melhor.sol,resultados/experimentos/2024_1/novas_hibridas/combinada_aleatoria/20261002_003719_seed42/historico.csv,resultados/experimentos/2024_1/novas_hibridas/combinada_aleatoria/20261002_003719_seed42/historico.json,combinada_aleatoria,cursos_exat_2 + dia_turno_curso,qualquer_melhoria_na_passada,aleatoria_por_passada,42,180.0,1,180.0,600.0,1,0,TEMPO_TOTAL,,,
1,3,145,dia_turno_curso,2_M_EAS,73,16238,78752,OPTIMAL,185219.0,185219.0,False,185219.0,2.25,1.94,600.0,2,M,EAS,alfabetica,,aleatoria_por_passada,42,dia_turno_curso,145,93,True,TEMPO_TOTAL,iteracao,combinada_cursos_exat_2_dia_turno_curso_aleatoria,180.0,180.0,600.0,14400.0,False,False,alfabetica,42,alfabetica,,./dados/2024_1/horarios_2024_1.xlsx,./dados/2024_1/salas_2024_1.csv,./dados/2024_1/salas_preferenciais_2024.1.xlsx,/Users/robertdrey/Documents/workspace/development/alocador_de_salas,resultados/experimentos/2024_1/novas_hibridas/combinada_aleatoria/20261002_003719_seed42/melhor.sol,resultados/experimentos/2024_1/novas_hibridas/combinada_aleatoria/20261002_003719_seed42/historico.csv,resultados/experimentos/2024_1/novas_hibridas/combinada_aleatoria/20261002_003719_seed42/historico.json,combinada_aleatoria,cursos_exat_2 + dia_turno_curso,qualquer_melhoria_na_passada,aleatoria_por_passada,42,180.0,1,180.0,600.0,1,0,TEMPO_TOTAL,,,
1,3,146,dia_turno_curso,2_T_ENF,47,16422,78568,OPTIMAL,185219.0,185219.0,False,185219.0,8.14,7.82,600.0,2,T,ENF,alfabetica,,aleatoria_por_passada,42,dia_turno_curso,146,94,True,TEMPO_TOTAL,iteracao,combinada_cursos_exat_2_dia_turno_curso_aleatoria,180.0,180.0,600.0,14400.0,False,False,alfabetica,42,alfabetica,,./dados/2024_1/horarios_2024_1.xlsx,./dados/2024_1/salas_2024_1.csv,./dados/2024_1/salas_preferenciais_2024.1.xlsx,/Users/robertdrey/Documents/workspace/development/alocador_de_salas,resultados/experimentos/2024_1/novas_hibridas/combinada_aleatoria/20261002_003719_seed42/melhor.sol,resultados/experimentos/2024_1/novas_hibridas/combinada_aleatoria/20261002_003719_seed42/historico.csv,resultados/experimentos/2024_1/novas_hibridas/combinada_aleatoria/20261002_003719_seed42/historico.json,combinada_aleatoria,cursos_exat_2 + dia_turno_curso,qualquer_melhoria_na_passada,aleatoria_por_passada,42,180.0,1,180.0,600.0,1,0,TEMPO_TOTAL,,,
1,3,147,dia_turno_curso,3_T_CC,71,19964,75026,OPTIMAL,185219.0,185219.0,False,185219.0,2.81,2.47,600.0,3,T,CC,alfabetica,,aleatoria_por_passada,42,dia_turno_curso,147,95,True,TEMPO_TOTAL,iteracao,combinada_cursos_exat_2_dia_turno_curso_aleatoria,180.0,180.0,600.0,14400.0,False,False,alfabetica,42,alfabetica,,./dados/2024_1/horarios_2024_1.xlsx,./dados/2024_1/salas_2024_1.csv,./dados/2024_1/salas_preferenciais_2024.1.xlsx,/Users/robertdrey/Documents/workspace/development/alocador_de_salas,resultados/experimentos/2024_1/novas_hibridas/combinada_aleatoria/20261002_003719_seed42/melhor.sol,resultados/experimentos/2024_1/novas_hibridas/combinada_aleatoria/20261002_003719_seed42/historico.csv,resultados/experimentos/2024_1/novas_hibridas/combinada_aleatoria/20261002_003719_seed42/historico.json,combinada_aleatoria,cursos_exat_2 + dia_turno_curso,qualquer_melhoria_na_passada,aleatoria_por_passada,42,180.0,1,180.0,600.0,1,0,TEMPO_TOTAL,,,
1,3,148,dia_turno_curso,6_M_AGRO,76,14168,80822,OPTIMAL,185219.0,185219.0,False,185219.0,7.21,6.89,600.0,6,M,AGRO,alfabetica,,aleatoria_por_passada,42,dia_turno_curso,148,96,True,TEMPO_TOTAL,iteracao,combinada_cursos_exat_2_dia_turno_curso_aleatoria,180.0,180.0,600.0,14400.0,False,False,alfabetica,42,alfabetica,,./dados/2024_1/horarios_2024_1.xlsx,./dados/2024_1/salas_2024_1.csv,./dados/2024_1/salas_preferenciais_2024.1.xlsx,/Users/robertdrey/Documents/workspace/development/alocador_de_salas,resultados/experimentos/2024_1/novas_hibridas/combinada_aleatoria/20261002_003719_seed42/melhor.sol,resultados/experimentos/2024_1/novas_hibridas/combinada_aleatoria/20261002_003719_seed42/historico.csv,resultados/experimentos/2024_1/novas_hibridas/combinada_aleatoria/20261002_003719_seed42/historico.json,combinada_aleatoria,cursos_exat_2 + dia_turno_curso,qualquer_melhoria_na_passada,aleatoria_por_passada,42,180.0,1,180.0,600.0,1,0,TEMPO_TOTAL,,,
1,3,149,dia_turno_curso,5_N_PED,90,19780,75210,OPTIMAL,185219.0,185219.0,False,185219.0,40.96,40.65,600.0,5,N,PED,alfabetica,,aleatoria_por_passada,42,dia_turno_curso,149,97,True,TEMPO_TOTAL,iteracao,combinada_cursos_exat_2_dia_turno_curso_aleatoria,180.0,180.0,600.0,14400.0,False,False,alfabetica,42,alfabetica,,./dados/2024_1/horarios_2024_1.xlsx,./dados/2024_1/salas_2024_1.csv,./dados/2024_1/salas_preferenciais_2024.1.xlsx,/Users/robertdrey/Documents/workspace/development/alocador_de_salas,resultados/experimentos/2024_1/novas_hibridas/combinada_aleatoria/20261002_003719_seed42/melhor.sol,resultados/experimentos/2024_1/novas_hibridas/combinada_aleatoria/20261002_003719_seed42/historico.csv,resultados/experimentos/2024_1/novas_hibridas/combinada_aleatoria/20261002_003719_seed42/historico.json,combinada_aleatoria,cursos_exat_2 + dia_turno_curso,qualquer_melhoria_na_passada,aleatoria_por_passada,42,180.0,1,180.0,600.0,1,0,TEMPO_TOTAL,,,
1,3,150,par_cursos,GEO+PED,66,14858,80132,OPTIMAL,185219.0,185219.0,False,185219.0,49.86,49.55,600.0,,,,alfabetica,,aleatoria_por_passada,42,cursos_exat_2,150,53,True,TEMPO_TOTAL,iteracao,combinada_cursos_exat_2_dia_turno_curso_aleatoria,180.0,180.0,600.0,14400.0,False,False,alfabetica,42,alfabetica,,./dados/2024_1/horarios_2024_1.xlsx,./dados/2024_1/salas_2024_1.csv,./dados/2024_1/salas_preferenciais_2024.1.xlsx,/Users/robertdrey/Documents/workspace/development/alocador_de_salas,resultados/experimentos/2024_1/novas_hibridas/combinada_aleatoria/20261002_003719_seed42/melhor.sol,resultados/experimentos/2024_1/novas_hibridas/combinada_aleatoria/20261002_003719_seed42/historico.csv,resultados/experimentos/2024_1/novas_hibridas/combinada_aleatoria/20261002_003719_seed42/historico.json,combinada_aleatoria,cursos_exat_2 + dia_turno_curso,qualquer_melhoria_na_passada,aleatoria_por_passada,42,180.0,1,180.0,600.0,1,0,TEMPO_TOTAL,GEO,PED,150
1,3,151,dia_turno_curso,4_N_HIS,62,13938,81052,OPTIMAL,185219.0,185219.0,False,185219.0,2.03,1.72,600.0,4,N,HIS,alfabetica,,aleatoria_por_passada,42,dia_turno_curso,151,98,True,TEMPO_TOTAL,iteracao,combinada_cursos_exat_2_dia_turno_curso_aleatoria,180.0,180.0,600.0,14400.0,False,False,alfabetica,42,alfabetica,,./dados/2024_1/horarios_2024_1.xlsx,./dados/2024_1/salas_2024_1.csv,./dados/2024_1/salas_preferenciais_2024.1.xlsx,/Users/robertdrey/Documents/workspace/development/alocador_de_salas,resultados/experimentos/2024_1/novas_hibridas/combinada_aleatoria/20261002_003719_seed42/melhor.sol,resultados/experimentos/2024_1/novas_hibridas/combinada_aleatoria/20261002_003719_seed42/historico.csv,resultados/experimentos/2024_1/novas_hibridas/combinada_aleatoria/20261002_003719_seed42/historico.json,combinada_aleatoria,cursos_exat_2 + dia_turno_curso,qualquer_melhoria_na_passada,aleatoria_por_passada,42,180.0,1,180.0,600.0,1,0,TEMPO_TOTAL,,,
1,3,152,dia_turno_curso,6_T_ENF,43,15364,79626,OPTIMAL,185219.0,185219.0,False,185219.0,11.24,10.91,600.0,6,T,ENF,alfabetica,,aleatoria_por_passada,42,dia_turno_curso,152,99,True,TEMPO_TOTAL,iteracao,combinada_cursos_exat_2_dia_turno_curso_aleatoria,180.0,180.0,600.0,14400.0,False,False,alfabetica,42,alfabetica,,./dados/2024_1/horarios_2024_1.xlsx,./dados/2024_1/salas_2024_1.csv,./dados/2024_1/salas_preferenciais_2024.1.xlsx,/Users/robertdrey/Documents/workspace/development/alocador_de_salas,resultados/experimentos/2024_1/novas_hibridas/combinada_aleatoria/20261002_003719_seed42/melhor.sol,resultados/experimentos/2024_1/novas_hibridas/combinada_aleatoria/20261002_003719_seed42/historico.csv,resultados/experimentos/2024_1/novas_hibridas/combinada_aleatoria/20261002_003719_seed42/historico.json,combinada_aleatoria,cursos_exat_2 + dia_turno_curso,qualquer_melhoria_na_passada,aleatoria_por_passada,42,180.0,1,180.0,600.0,1,0,TEMPO_TOTAL,,,
1,3,153,par_cursos,GEO+MED,51,11454,83536,OPTIMAL,185219.0,185219.0,False,185219.0,1.05,0.72,600.0,,,,alfabetica,,aleatoria_por_passada,42,cursos_exat_2,153,54,True,TEMPO_TOTAL,iteracao,combinada_cursos_exat_2_dia_turno_curso_aleatoria,180.0,180.0,600.0,14400.0,False,False,alfabetica,42,alfabetica,,./dados/2024_1/horarios_2024_1.xlsx,./dados/2024_1/salas_2024_1.csv,./dados/2024_1/salas_preferenciais_2024.1.xlsx,/Users/robertdrey/Documents/workspace/development/alocador_de_salas,resultados/experimentos/2024_1/novas_hibridas/combinada_aleatoria/20261002_003719_seed42/melhor.sol,resultados/experimentos/2024_1/novas_hibridas/combinada_aleatoria/20261002_003719_seed42/historico.csv,resultados/experimentos/2024_1/novas_hibridas/combinada_aleatoria/20261002_003719_seed42/historico.json,combinada_aleatoria,cursos_exat_2 + dia_turno_curso,qualquer_melhoria_na_passada,aleatoria_por_passada,42,180.0,1,180.0,600.0,1,0,TEMPO_TOTAL,GEO,MED,153
1,3,154,par_cursos,CC+LET,83,19688,75302,OPTIMAL,185219.0,185219.0,False,185219.0,9.16,8.84,600.0,,,,alfabetica,,aleatoria_por_passada,42,cursos_exat_2,154,55,True,TEMPO_TOTAL,iteracao,combinada_cursos_exat_2_dia_turno_curso_aleatoria,180.0,180.0,600.0,14400.0,False,False,alfabetica,42,alfabetica,,./dados/2024_1/horarios_2024_1.xlsx,./dados/2024_1/salas_2024_1.csv,./dados/2024_1/salas_preferenciais_2024.1.xlsx,/Users/robertdrey/Documents/workspace/development/alocador_de_salas,resultados/experimentos/2024_1/novas_hibridas/combinada_aleatoria/20261002_003719_seed42/melhor.sol,resultados/experimentos/2024_1/novas_hibridas/combinada_aleatoria/20261002_003719_seed42/historico.csv,resultados/experimentos/2024_1/novas_hibridas/combinada_aleatoria/20261002_003719_seed42/historico.json,combinada_aleatoria,cursos_exat_2 + dia_turno_curso,qualquer_melhoria_na_passada,aleatoria_por_passada,42,180.0,1,180.0,600.0,1,0,TEMPO_TOTAL,CC,LET,154
1,3,155,par_cursos,ADM+HIS,72,14076,80914,OPTIMAL,185219.0,185219.0,False,185219.0,1.07,0.76,600.0,,,,alfabetica,,aleatoria_por_passada,42,cursos_exat_2,155,56,True,TEMPO_TOTAL,iteracao,combinada_cursos_exat_2_dia_turno_curso_aleatoria,180.0,180.0,600.0,14400.0,False,False,alfabetica,42,alfabetica,,./dados/2024_1/horarios_2024_1.xlsx,./dados/2024_1/salas_2024_1.csv,./dados/2024_1/salas_preferenciais_2024.1.xlsx,/Users/robertdrey/Documents/workspace/development/alocador_de_salas,resultados/experimentos/2024_1/novas_hibridas/combinada_aleatoria/20261002_003719_seed42/melhor.sol,resultados/experimentos/2024_1/novas_hibridas/combinada_aleatoria/20261002_003719_seed42/historico.csv,resultados/experimentos/2024_1/novas_hibridas/combinada_aleatoria/20261002_003719_seed42/historico.json,combinada_aleatoria,cursos_exat_2 + dia_turno_curso,qualquer_melhoria_na_passada,aleatoria_por_passada,42,180.0,1,180.0,600.0,1,0,TEMPO_TOTAL,ADM,HIS,155
1,3,156,dia_turno_curso,5_T_LET,65,18722,76268,OPTIMAL,185219.0,185219.0,False,185219.0,2.08,1.78,600.0,5,T,LET,alfabetica,,aleatoria_por_passada,42,dia_turno_curso,156,100,True,TEMPO_TOTAL,iteracao,combinada_cursos_exat_2_dia_turno_curso_aleatoria,180.0,180.0,600.0,14400.0,False,False,alfabetica,42,alfabetica,,./dados/2024_1/horarios_2024_1.xlsx,./dados/2024_1/salas_2024_1.csv,./dados/2024_1/salas_preferenciais_2024.1.xlsx,/Users/robertdrey/Documents/workspace/development/alocador_de_salas,resultados/experimentos/2024_1/novas_hibridas/combinada_aleatoria/20261002_003719_seed42/melhor.sol,resultados/experimentos/2024_1/novas_hibridas/combinada_aleatoria/20261002_003719_seed42/historico.csv,resultados/experimentos/2024_1/novas_hibridas/combinada_aleatoria/20261002_003719_seed42/historico.json,combinada_aleatoria,cursos_exat_2 + dia_turno_curso,qualquer_melhoria_na_passada,aleatoria_por_passada,42,180.0,1,180.0,600.0,1,0,TEMPO_TOTAL,,,
1,3,157,dia_turno_curso,4_T_EAS,71,17986,77004,OPTIMAL,185219.0,185219.0,False,185219.0,1.5,1.2,600.0,4,T,EAS,alfabetica,,aleatoria_por_passada,42,dia_turno_curso,157,101,True,TEMPO_TOTAL,iteracao,combinada_cursos_exat_2_dia_turno_curso_aleatoria,180.0,180.0,600.0,14400.0,False,False,alfabetica,42,alfabetica,,./dados/2024_1/horarios_2024_1.xlsx,./dados/2024_1/salas_2024_1.csv,./dados/2024_1/salas_preferenciais_2024.1.xlsx,/Users/robertdrey/Documents/workspace/development/alocador_de_salas,resultados/experimentos/2024_1/novas_hibridas/combinada_aleatoria/20261002_003719_seed42/melhor.sol,resultados/experimentos/2024_1/novas_hibridas/combinada_aleatoria/20261002_003719_seed42/historico.csv,resultados/experimentos/2024_1/novas_hibridas/combinada_aleatoria/20261002_003719_seed42/historico.json,combinada_aleatoria,cursos_exat_2 + dia_turno_curso,qualquer_melhoria_na_passada,aleatoria_por_passada,42,180.0,1,180.0,600.0,1,0,TEMPO_TOTAL,,,
1,3,158,dia_turno_curso,5_T_MED,67,19274,75716,OPTIMAL,185219.0,185219.0,False,185219.0,2.27,1.98,600.0,5,T,MED,alfabetica,,aleatoria_por_passada,42,dia_turno_curso,158,102,True,TEMPO_TOTAL,iteracao,combinada_cursos_exat_2_dia_turno_curso_aleatoria,180.0,180.0,600.0,14400.0,False,False,alfabetica,42,alfabetica,,./dados/2024_1/horarios_2024_1.xlsx,./dados/2024_1/salas_2024_1.csv,./dados/2024_1/salas_preferenciais_2024.1.xlsx,/Users/robertdrey/Documents/workspace/development/alocador_de_salas,resultados/experimentos/2024_1/novas_hibridas/combinada_aleatoria/20261002_003719_seed42/melhor.sol,resultados/experimentos/2024_1/novas_hibridas/combinada_aleatoria/20261002_003719_seed42/historico.csv,resultados/experimentos/2024_1/novas_hibridas/combinada_aleatoria/20261002_003719_seed42/historico.json,combinada_aleatoria,cursos_exat_2 + dia_turno_curso,qualquer_melhoria_na_passada,aleatoria_por_passada,42,180.0,1,180.0,600.0,1,0,TEMPO_TOTAL,,,
1,3,159,dia_turno_curso,4_M_EAS,74,17756,77234,OPTIMAL,185219.0,185219.0,False,185219.0,2.09,1.8,600.0,4,M,EAS,alfabetica,,aleatoria_por_passada,42,dia_turno_curso,159,103,True,TEMPO_TOTAL,iteracao,combinada_cursos_exat_2_dia_turno_curso_aleatoria,180.0,180.0,600.0,14400.0,False,False,alfabetica,42,alfabetica,,./dados/2024_1/horarios_2024_1.xlsx,./dados/2024_1/salas_2024_1.csv,./dados/2024_1/salas_preferenciais_2024.1.xlsx,/Users/robertdrey/Documents/workspace/development/alocador_de_salas,resultados/experimentos/2024_1/novas_hibridas/combinada_aleatoria/20261002_003719_seed42/melhor.sol,resultados/experimentos/2024_1/novas_hibridas/combinada_aleatoria/20261002_003719_seed42/historico.csv,resultados/experimentos/2024_1/novas_hibridas/combinada_aleatoria/20261002_003719_seed42/historico.json,combinada_aleatoria,cursos_exat_2 + dia_turno_curso,qualquer_melhoria_na_passada,aleatoria_por_passada,42,180.0,1,180.0,600.0,1,0,TEMPO_TOTAL,,,
1,3,160,dia_turno_curso,6_N_MAT,58,12834,82156,OPTIMAL,185219.0,185219.0,False,185219.0,1.79,1.49,600.0,6,N,MAT,alfabetica,,aleatoria_por_passada,42,dia_turno_curso,160,104,True,TEMPO_TOTAL,iteracao,combinada_cursos_exat_2_dia_turno_curso_aleatoria,180.0,180.0,600.0,14400.0,False,False,alfabetica,42,alfabetica,,./dados/2024_1/horarios_2024_1.xlsx,./dados/2024_1/salas_2024_1.csv,./dados/2024_1/salas_preferenciais_2024.1.xlsx,/Users/robertdrey/Documents/workspace/development/alocador_de_salas,resultados/experimentos/2024_1/novas_hibridas/combinada_aleatoria/20261002_003719_seed42/melhor.sol,resultados/experimentos/2024_1/novas_hibridas/combinada_aleatoria/20261002_003719_seed42/historico.csv,resultados/experimentos/2024_1/novas_hibridas/combinada_aleatoria/20261002_003719_seed42/historico.json,combinada_aleatoria,cursos_exat_2 + dia_turno_curso,qualquer_melhoria_na_passada,aleatoria_por_passada,42,180.0,1,180.0,600.0,1,0,TEMPO_TOTAL,,,
1,3,161,dia_turno_curso,5_T_GEO,40,12650,82340,OPTIMAL,185219.0,185219.0,False,185219.0,1.05,0.74,600.0,5,T,GEO,alfabetica,,aleatoria_por_passada,42,dia_turno_curso,161,105,True,TEMPO_TOTAL,iteracao,combinada_cursos_exat_2_dia_turno_curso_aleatoria,180.0,180.0,600.0,14400.0,False,False,alfabetica,42,alfabetica,,./dados/2024_1/horarios_2024_1.xlsx,./dados/2024_1/salas_2024_1.csv,./dados/2024_1/salas_preferenciais_2024.1.xlsx,/Users/robertdrey/Documents/workspace/development/alocador_de_salas,resultados/experimentos/2024_1/novas_hibridas/combinada_aleatoria/20261002_003719_seed42/melhor.sol,resultados/experimentos/2024_1/novas_hibridas/combinada_aleatoria/20261002_003719_seed42/historico.csv,resultados/experimentos/2024_1/novas_hibridas/combinada_aleatoria/20261002_003719_seed42/historico.json,combinada_aleatoria,cursos_exat_2 + dia_turno_curso,qualquer_melhoria_na_passada,aleatoria_por_passada,42,180.0,1,180.0,600.0,1,0,TEMPO_TOTAL,,,
1,3,162,par_cursos,AGRO+GEO,61,10810,84180,OPTIMAL,185219.0,185219.0,False,185219.0,3.58,3.26,600.0,,,,alfabetica,,aleatoria_por_passada,42,cursos_exat_2,162,57,True,TEMPO_TOTAL,iteracao,combinada_cursos_exat_2_dia_turno_curso_aleatoria,180.0,180.0,600.0,14400.0,False,False,alfabetica,42,alfabetica,,./dados/2024_1/horarios_2024_1.xlsx,./dados/2024_1/salas_2024_1.csv,./dados/2024_1/salas_preferenciais_2024.1.xlsx,/Users/robertdrey/Documents/workspace/development/alocador_de_salas,resultados/experimentos/2024_1/novas_hibridas/combinada_aleatoria/20261002_003719_seed42/melhor.sol,resultados/experimentos/2024_1/novas_hibridas/combinada_aleatoria/20261002_003719_seed42/historico.csv,resultados/experimentos/2024_1/novas_hibridas/combinada_aleatoria/20261002_003719_seed42/historico.json,combinada_aleatoria,cursos_exat_2 + dia_turno_curso,qualquer_melhoria_na_passada,aleatoria_por_passada,42,180.0,1,180.0,600.0,1,0,TEMPO_TOTAL,AGRO,GEO,162
1,3,163,par_cursos,HIS+PED,80,17572,77418,OPTIMAL,185219.0,185219.0,False,185219.0,45.97,45.65,600.0,,,,alfabetica,,aleatoria_por_passada,42,cursos_exat_2,163,58,True,TEMPO_TOTAL,iteracao,combinada_cursos_exat_2_dia_turno_curso_aleatoria,180.0,180.0,600.0,14400.0,False,False,alfabetica,42,alfabetica,,./dados/2024_1/horarios_2024_1.xlsx,./dados/2024_1/salas_2024_1.csv,./dados/2024_1/salas_preferenciais_2024.1.xlsx,/Users/robertdrey/Documents/workspace/development/alocador_de_salas,resultados/experimentos/2024_1/novas_hibridas/combinada_aleatoria/20261002_003719_seed42/melhor.sol,resultados/experimentos/2024_1/novas_hibridas/combinada_aleatoria/20261002_003719_seed42/historico.csv,resultados/experimentos/2024_1/novas_hibridas/combinada_aleatoria/20261002_003719_seed42/historico.json,combinada_aleatoria,cursos_exat_2 + dia_turno_curso,qualquer_melhoria_na_passada,aleatoria_por_passada,42,180.0,1,180.0,600.0,1,0,TEMPO_TOTAL,HIS,PED,163
1,3,164,dia_turno_curso,2_T_AGRO,82,20194,74796,OPTIMAL,185219.0,185219.0,False,185219.0,9.91,9.61,600.0,2,T,AGRO,alfabetica,,aleatoria_por_passada,42,dia_turno_curso,164,106,True,TEMPO_TOTAL,iteracao,combinada_cursos_exat_2_dia_turno_curso_aleatoria,180.0,180.0,600.0,14400.0,False,False,alfabetica,42,alfabetica,,./dados/2024_1/horarios_2024_1.xlsx,./dados/2024_1/salas_2024_1.csv,./dados/2024_1/salas_preferenciais_2024.1.xlsx,/Users/robertdrey/Documents/workspace/development/alocador_de_salas,resultados/experimentos/2024_1/novas_hibridas/combinada_aleatoria/20261002_003719_seed42/melhor.sol,resultados/experimentos/2024_1/novas_hibridas/combinada_aleatoria/20261002_003719_seed42/historico.csv,resultados/experimentos/2024_1/novas_hibridas/combinada_aleatoria/20261002_003719_seed42/historico.json,combinada_aleatoria,cursos_exat_2 + dia_turno_curso,qualquer_melhoria_na_passada,aleatoria_por_passada,42,180.0,1,180.0,600.0,1,0,TEMPO_TOTAL,,,
1,3,165,dia_turno_curso,2_N_MED,81,18630,76360,OPTIMAL,185219.0,185219.0,False,185219.0,2.16,1.86,600.0,2,N,MED,alfabetica,,aleatoria_por_passada,42,dia_turno_curso,165,107,True,TEMPO_TOTAL,iteracao,combinada_cursos_exat_2_dia_turno_curso_aleatoria,180.0,180.0,600.0,14400.0,False,False,alfabetica,42,alfabetica,,./dados/2024_1/horarios_2024_1.xlsx,./dados/2024_1/salas_2024_1.csv,./dados/2024_1/salas_preferenciais_2024.1.xlsx,/Users/robertdrey/Documents/workspace/development/alocador_de_salas,resultados/experimentos/2024_1/novas_hibridas/combinada_aleatoria/20261002_003719_seed42/melhor.sol,resultados/experimentos/2024_1/novas_hibridas/combinada_aleatoria/20261002_003719_seed42/historico.csv,resultados/experimentos/2024_1/novas_hibridas/combinada_aleatoria/20261002_003719_seed42/historico.json,combinada_aleatoria,cursos_exat_2 + dia_turno_curso,qualquer_melhoria_na_passada,aleatoria_por_passada,42,180.0,1,180.0,600.0,1,0,TEMPO_TOTAL,,,
1,3,166,par_cursos,EAS+PED,101,20240,74750,OPTIMAL,185219.0,185219.0,False,185219.0,21.37,21.07,600.0,,,,alfabetica,,aleatoria_por_passada,42,cursos_exat_2,166,59,True,TEMPO_TOTAL,iteracao,combinada_cursos_exat_2_dia_turno_curso_aleatoria,180.0,180.0,600.0,14400.0,False,False,alfabetica,42,alfabetica,,./dados/2024_1/horarios_2024_1.xlsx,./dados/2024_1/salas_2024_1.csv,./dados/2024_1/salas_preferenciais_2024.1.xlsx,/Users/robertdrey/Documents/workspace/development/alocador_de_salas,resultados/experimentos/2024_1/novas_hibridas/combinada_aleatoria/20261002_003719_seed42/melhor.sol,resultados/experimentos/2024_1/novas_hibridas/combinada_aleatoria/20261002_003719_seed42/historico.csv,resultados/experimentos/2024_1/novas_hibridas/combinada_aleatoria/20261002_003719_seed42/historico.json,combinada_aleatoria,cursos_exat_2 + dia_turno_curso,qualquer_melhoria_na_passada,aleatoria_por_passada,42,180.0,1,180.0,600.0,1,0,TEMPO_TOTAL,EAS,PED,166
1,3,167,dia_turno_curso,6_T_LET,63,18998,75992,OPTIMAL,185219.0,185219.0,False,185219.0,1.71,1.41,600.0,6,T,LET,alfabetica,,aleatoria_por_passada,42,dia_turno_curso,167,108,True,TEMPO_TOTAL,iteracao,combinada_cursos_exat_2_dia_turno_curso_aleatoria,180.0,180.0,600.0,14400.0,False,False,alfabetica,42,alfabetica,,./dados/2024_1/horarios_2024_1.xlsx,./dados/2024_1/salas_2024_1.csv,./dados/2024_1/salas_preferenciais_2024.1.xlsx,/Users/robertdrey/Documents/workspace/development/alocador_de_salas,resultados/experimentos/2024_1/novas_hibridas/combinada_aleatoria/20261002_003719_seed42/melhor.sol,resultados/experimentos/2024_1/novas_hibridas/combinada_aleatoria/20261002_003719_seed42/historico.csv,resultados/experimentos/2024_1/novas_hibridas/combinada_aleatoria/20261002_003719_seed42/historico.json,combinada_aleatoria,cursos_exat_2 + dia_turno_curso,qualquer_melhoria_na_passada,aleatoria_por_passada,42,180.0,1,180.0,600.0,1,0,TEMPO_TOTAL,,,
1,3,168,par_cursos,FIL+GEO,25,4830,90160,OPTIMAL,185219.0,185219.0,False,185219.0,0.61,0.3,600.0,,,,alfabetica,,aleatoria_por_passada,42,cursos_exat_2,168,60,True,TEMPO_TOTAL,iteracao,combinada_cursos_exat_2_dia_turno_curso_aleatoria,180.0,180.0,600.0,14400.0,False,False,alfabetica,42,alfabetica,,./dados/2024_1/horarios_2024_1.xlsx,./dados/2024_1/salas_2024_1.csv,./dados/2024_1/salas_preferenciais_2024.1.xlsx,/Users/robertdrey/Documents/workspace/development/alocador_de_salas,resultados/experimentos/2024_1/novas_hibridas/combinada_aleatoria/20261002_003719_seed42/melhor.sol,resultados/experimentos/2024_1/novas_hibridas/combinada_aleatoria/20261002_003719_seed42/historico.csv,resultados/experimentos/2024_1/novas_hibridas/combinada_aleatoria/20261002_003719_seed42/historico.json,combinada_aleatoria,cursos_exat_2 + dia_turno_curso,qualquer_melhoria_na_passada,aleatoria_por_passada,42,180.0,1,180.0,600.0,1,0,TEMPO_TOTAL,FIL,GEO,168
1,3,169,par_cursos,FIL+HIS,39,7544,87446,OPTIMAL,185219.0,185219.0,False,185219.0,0.69,0.38,600.0,,,,alfabetica,,aleatoria_por_passada,42,cursos_exat_2,169,61,True,TEMPO_TOTAL,iteracao,combinada_cursos_exat_2_dia_turno_curso_aleatoria,180.0,180.0,600.0,14400.0,False,False,alfabetica,42,alfabetica,,./dados/2024_1/horarios_2024_1.xlsx,./dados/2024_1/salas_2024_1.csv,./dados/2024_1/salas_preferenciais_2024.1.xlsx,/Users/robertdrey/Documents/workspace/development/alocador_de_salas,resultados/experimentos/2024_1/novas_hibridas/combinada_aleatoria/20261002_003719_seed42/melhor.sol,resultados/experimentos/2024_1/novas_hibridas/combinada_aleatoria/20261002_003719_seed42/historico.csv,resultados/experimentos/2024_1/novas_hibridas/combinada_aleatoria/20261002_003719_seed42/historico.json,combinada_aleatoria,cursos_exat_2 + dia_turno_curso,qualquer_melhoria_na_passada,aleatoria_por_passada,42,180.0,1,180.0,600.0,1,0,TEMPO_TOTAL,FIL,HIS,169
1,3,170,dia_turno_curso,7_M_MAT,40,12604,82386,OPTIMAL,185219.0,185219.0,False,185219.0,0.97,0.66,600.0,7,M,MAT,alfabetica,,aleatoria_por_passada,42,dia_turno_curso,170,109,True,TEMPO_TOTAL,iteracao,combinada_cursos_exat_2_dia_turno_curso_aleatoria,180.0,180.0,600.0,14400.0,False,False,alfabetica,42,alfabetica,,./dados/2024_1/horarios_2024_1.xlsx,./dados/2024_1/salas_2024_1.csv,./dados/2024_1/salas_preferenciais_2024.1.xlsx,/Users/robertdrey/Documents/workspace/development/alocador_de_salas,resultados/experimentos/2024_1/novas_hibridas/combinada_aleatoria/20261002_003719_seed42/melhor.sol,resultados/experimentos/2024_1/novas_hibridas/combinada_aleatoria/20261002_003719_seed42/historico.csv,resultados/experimentos/2024_1/novas_hibridas/combinada_aleatoria/20261002_003719_seed42/historico.json,combinada_aleatoria,cursos_exat_2 + dia_turno_curso,qualquer_melhoria_na_passada,aleatoria_por_passada,42,180.0,1,180.0,600.0,1,0,TEMPO_TOTAL,,,
1,3,171,dia_turno_curso,2_T_GEO,43,13846,81144,OPTIMAL,185219.0,185219.0,False,185219.0,1.32,1.02,600.0,2,T,GEO,alfabetica,,aleatoria_por_passada,42,dia_turno_curso,171,110,True,TEMPO_TOTAL,iteracao,combinada_cursos_exat_2_dia_turno_curso_aleatoria,180.0,180.0,600.0,14400.0,False,False,alfabetica,42,alfabetica,,./dados/2024_1/horarios_2024_1.xlsx,./dados/2024_1/salas_2024_1.csv,./dados/2024_1/salas_preferenciais_2024.1.xlsx,/Users/robertdrey/Documents/workspace/development/alocador_de_salas,resultados/experimentos/2024_1/novas_hibridas/combinada_aleatoria/20261002_003719_seed42/melhor.sol,resultados/experimentos/2024_1/novas_hibridas/combinada_aleatoria/20261002_003719_seed42/historico.csv,resultados/experimentos/2024_1/novas_hibridas/combinada_aleatoria/20261002_003719_seed42/historico.json,combinada_aleatoria,cursos_exat_2 + dia_turno_curso,qualquer_melhoria_na_passada,aleatoria_por_passada,42,180.0,1,180.0,600.0,1,0,TEMPO_TOTAL,,,
1,3,172,dia_turno_curso,3_N_ADM,84,16468,78522,OPTIMAL,185219.0,185219.0,False,185219.0,2.26,1.96,600.0,3,N,ADM,alfabetica,,aleatoria_por_passada,42,dia_turno_curso,172,111,True,TEMPO_TOTAL,iteracao,combinada_cursos_exat_2_dia_turno_curso_aleatoria,180.0,180.0,600.0,14400.0,False,False,alfabetica,42,alfabetica,,./dados/2024_1/horarios_2024_1.xlsx,./dados/2024_1/salas_2024_1.csv,./dados/2024_1/salas_preferenciais_2024.1.xlsx,/Users/robertdrey/Documents/workspace/development/alocador_de_salas,resultados/experimentos/2024_1/novas_hibridas/combinada_aleatoria/20261002_003719_seed42/melhor.sol,resultados/experimentos/2024_1/novas_hibridas/combinada_aleatoria/20261002_003719_seed42/historico.csv,resultados/experimentos/2024_1/novas_hibridas/combinada_aleatoria/20261002_003719_seed42/historico.json,combinada_aleatoria,cursos_exat_2 + dia_turno_curso,qualquer_melhoria_na_passada,aleatoria_por_passada,42,180.0,1,180.0,600.0,1,0,TEMPO_TOTAL,,,
1,3,173,par_cursos,ENF+GEO,28,10580,84410,OPTIMAL,185219.0,185219.0,False,185219.0,2.72,2.4,600.0,,,,alfabetica,,aleatoria_por_passada,42,cursos_exat_2,173,62,True,TEMPO_TOTAL,iteracao,combinada_cursos_exat_2_dia_turno_curso_aleatoria,180.0,180.0,600.0,14400.0,False,False,alfabetica,42,alfabetica,,./dados/2024_1/horarios_2024_1.xlsx,./dados/2024_1/salas_2024_1.csv,./dados/2024_1/salas_preferenciais_2024.1.xlsx,/Users/robertdrey/Documents/workspace/development/alocador_de_salas,resultados/experimentos/2024_1/novas_hibridas/combinada_aleatoria/20261002_003719_seed42/melhor.sol,resultados/experimentos/2024_1/novas_hibridas/combinada_aleatoria/20261002_003719_seed42/historico.csv,resultados/experimentos/2024_1/novas_hibridas/combinada_aleatoria/20261002_003719_seed42/historico.json,combinada_aleatoria,cursos_exat_2 + dia_turno_curso,qualquer_melhoria_na_passada,aleatoria_por_passada,42,180.0,1,180.0,600.0,1,0,TEMPO_TOTAL,ENF,GEO,173
1,3,174,par_cursos,ENF+PED,74,21298,73692,TIME_LIMIT,185219.0,185219.0,False,185219.0,600.51,600.17,600.0,,,,alfabetica,,aleatoria_por_passada,42,cursos_exat_2,174,63,True,TEMPO_TOTAL,iteracao,combinada_cursos_exat_2_dia_turno_curso_aleatoria,180.0,180.0,600.0,14400.0,False,False,alfabetica,42,alfabetica,,./dados/2024_1/horarios_2024_1.xlsx,./dados/2024_1/salas_2024_1.csv,./dados/2024_1/salas_preferenciais_2024.1.xlsx,/Users/robertdrey/Documents/workspace/development/alocador_de_salas,resultados/experimentos/2024_1/novas_hibridas/combinada_aleatoria/20261002_003719_seed42/melhor.sol,resultados/experimentos/2024_1/novas_hibridas/combinada_aleatoria/20261002_003719_seed42/historico.csv,resultados/experimentos/2024_1/novas_hibridas/combinada_aleatoria/20261002_003719_seed42/historico.json,combinada_aleatoria,cursos_exat_2 + dia_turno_curso,qualquer_melhoria_na_passada,aleatoria_por_passada,42,180.0,1,180.0,600.0,1,0,TEMPO_TOTAL,ENF,PED,174
1,3,175,dia_turno_curso,3_N_EAS,84,15180,79810,OPTIMAL,185219.0,185219.0,False,185219.0,2.11,1.79,600.0,3,N,EAS,alfabetica,,aleatoria_por_passada,42,dia_turno_curso,175,112,True,TEMPO_TOTAL,iteracao,combinada_cursos_exat_2_dia_turno_curso_aleatoria,180.0,180.0,600.0,14400.0,False,False,alfabetica,42,alfabetica,,./dados/2024_1/horarios_2024_1.xlsx,./dados/2024_1/salas_2024_1.csv,./dados/2024_1/salas_preferenciais_2024.1.xlsx,/Users/robertdrey/Documents/workspace/development/alocador_de_salas,resultados/experimentos/2024_1/novas_hibridas/combinada_aleatoria/20261002_003719_seed42/melhor.sol,resultados/experimentos/2024_1/novas_hibridas/combinada_aleatoria/20261002_003719_seed42/historico.csv,resultados/experimentos/2024_1/novas_hibridas/combinada_aleatoria/20261002_003719_seed42/historico.json,combinada_aleatoria,cursos_exat_2 + dia_turno_curso,qualquer_melhoria_na_passada,aleatoria_por_passada,42,180.0,1,180.0,600.0,1,0,TEMPO_TOTAL,,,
1,3,176,dia_turno_curso,7_N_HIS,26,6532,88458,OPTIMAL,185219.0,185219.0,False,185219.0,0.69,0.39,600.0,7,N,HIS,alfabetica,,aleatoria_por_passada,42,dia_turno_curso,176,113,True,TEMPO_TOTAL,iteracao,combinada_cursos_exat_2_dia_turno_curso_aleatoria,180.0,180.0,600.0,14400.0,False,False,alfabetica,42,alfabetica,,./dados/2024_1/horarios_2024_1.xlsx,./dados/2024_1/salas_2024_1.csv,./dados/2024_1/salas_preferenciais_2024.1.xlsx,/Users/robertdrey/Documents/workspace/development/alocador_de_salas,resultados/experimentos/2024_1/novas_hibridas/combinada_aleatoria/20261002_003719_seed42/melhor.sol,resultados/experimentos/2024_1/novas_hibridas/combinada_aleatoria/20261002_003719_seed42/historico.csv,resultados/experimentos/2024_1/novas_hibridas/combinada_aleatoria/20261002_003719_seed42/historico.json,combinada_aleatoria,cursos_exat_2 + dia_turno_curso,qualquer_melhoria_na_passada,aleatoria_por_passada,42,180.0,1,180.0,600.0,1,0,TEMPO_TOTAL,,,
1,3,177,dia_turno_curso,2_N_FIL,53,11730,83260,OPTIMAL,185219.0,185219.0,False,185219.0,1.45,1.14,600.0,2,N,FIL,alfabetica,,aleatoria_por_passada,42,dia_turno_curso,177,114,True,TEMPO_TOTAL,iteracao,combinada_cursos_exat_2_dia_turno_curso_aleatoria,180.0,180.0,600.0,14400.0,False,False,alfabetica,42,alfabetica,,./dados/2024_1/horarios_2024_1.xlsx,./dados/2024_1/salas_2024_1.csv,./dados/2024_1/salas_preferenciais_2024.1.xlsx,/Users/robertdrey/Documents/workspace/development/alocador_de_salas,resultados/experimentos/2024_1/novas_hibridas/combinada_aleatoria/20261002_003719_seed42/melhor.sol,resultados/experimentos/2024_1/novas_hibridas/combinada_aleatoria/20261002_003719_seed42/historico.csv,resultados/experimentos/2024_1/novas_hibridas/combinada_aleatoria/20261002_003719_seed42/historico.json,combinada_aleatoria,cursos_exat_2 + dia_turno_curso,qualquer_melhoria_na_passada,aleatoria_por_passada,42,180.0,1,180.0,600.0,1,0,TEMPO_TOTAL,,,
1,3,178,par_cursos,CC+GEO,57,12604,82386,OPTIMAL,185219.0,185219.0,False,185219.0,2.25,1.94,600.0,,,,alfabetica,,aleatoria_por_passada,42,cursos_exat_2,178,64,True,TEMPO_TOTAL,iteracao,combinada_cursos_exat_2_dia_turno_curso_aleatoria,180.0,180.0,600.0,14400.0,False,False,alfabetica,42,alfabetica,,./dados/2024_1/horarios_2024_1.xlsx,./dados/2024_1/salas_2024_1.csv,./dados/2024_1/salas_preferenciais_2024.1.xlsx,/Users/robertdrey/Documents/workspace/development/alocador_de_salas,resultados/experimentos/2024_1/novas_hibridas/combinada_aleatoria/20261002_003719_seed42/melhor.sol,resultados/experimentos/2024_1/novas_hibridas/combinada_aleatoria/20261002_003719_seed42/historico.csv,resultados/experimentos/2024_1/novas_hibridas/combinada_aleatoria/20261002_003719_seed42/historico.json,combinada_aleatoria,cursos_exat_2 + dia_turno_curso,qualquer_melhoria_na_passada,aleatoria_por_passada,42,180.0,1,180.0,600.0,1,0,TEMPO_TOTAL,CC,GEO,178
1,3,179,par_cursos,CS+MED,63,13938,81052,OPTIMAL,185219.0,185219.0,False,185219.0,1.08,0.77,600.0,,,,alfabetica,,aleatoria_por_passada,42,cursos_exat_2,179,65,True,TEMPO_TOTAL,iteracao,combinada_cursos_exat_2_dia_turno_curso_aleatoria,180.0,180.0,600.0,14400.0,False,False,alfabetica,42,alfabetica,,./dados/2024_1/horarios_2024_1.xlsx,./dados/2024_1/salas_2024_1.csv,./dados/2024_1/salas_preferenciais_2024.1.xlsx,/Users/robertdrey/Documents/workspace/development/alocador_de_salas,resultados/experimentos/2024_1/novas_hibridas/combinada_aleatoria/20261002_003719_seed42/melhor.sol,resultados/experimentos/2024_1/novas_hibridas/combinada_aleatoria/20261002_003719_seed42/historico.csv,resultados/experimentos/2024_1/novas_hibridas/combinada_aleatoria/20261002_003719_seed42/historico.json,combinada_aleatoria,cursos_exat_2 + dia_turno_curso,qualquer_melhoria_na_passada,aleatoria_por_passada,42,180.0,1,180.0,600.0,1,0,TEMPO_TOTAL,CS,MED,179
1,3,180,par_cursos,HIS+LET,60,13938,81052,OPTIMAL,185219.0,185219.0,False,185219.0,2.05,1.76,600.0,,,,alfabetica,,aleatoria_por_passada,42,cursos_exat_2,180,66,True,TEMPO_TOTAL,iteracao,combinada_cursos_exat_2_dia_turno_curso_aleatoria,180.0,180.0,600.0,14400.0,False,False,alfabetica,42,alfabetica,,./dados/2024_1/horarios_2024_1.xlsx,./dados/2024_1/salas_2024_1.csv,./dados/2024_1/salas_preferenciais_2024.1.xlsx,/Users/robertdrey/Documents/workspace/development/alocador_de_salas,resultados/experimentos/2024_1/novas_hibridas/combinada_aleatoria/20261002_003719_seed42/melhor.sol,resultados/experimentos/2024_1/novas_hibridas/combinada_aleatoria/20261002_003719_seed42/historico.csv,resultados/experimentos/2024_1/novas_hibridas/combinada_aleatoria/20261002_003719_seed42/historico.json,combinada_aleatoria,cursos_exat_2 + dia_turno_curso,qualquer_melhoria_na_passada,aleatoria_por_passada,42,180.0,1,180.0,600.0,1,0,TEMPO_TOTAL,HIS,LET,180
1,3,181,dia_turno_curso,6_N_PED,89,20286,74704,OPTIMAL,185219.0,185219.0,False,185219.0,41.04,40.74,600.0,6,N,PED,alfabetica,,aleatoria_por_passada,42,dia_turno_curso,181,115,True,TEMPO_TOTAL,iteracao,combinada_cursos_exat_2_dia_turno_curso_aleatoria,180.0,180.0,600.0,14400.0,False,False,alfabetica,42,alfabetica,,./dados/2024_1/horarios_2024_1.xlsx,./dados/2024_1/salas_2024_1.csv,./dados/2024_1/salas_preferenciais_2024.1.xlsx,/Users/robertdrey/Documents/workspace/development/alocador_de_salas,resultados/experimentos/2024_1/novas_hibridas/combinada_aleatoria/20261002_003719_seed42/melhor.sol,resultados/experimentos/2024_1/novas_hibridas/combinada_aleatoria/20261002_003719_seed42/historico.csv,resultados/experimentos/2024_1/novas_hibridas/combinada_aleatoria/20261002_003719_seed42/historico.json,combinada_aleatoria,cursos_exat_2 + dia_turno_curso,qualquer_melhoria_na_passada,aleatoria_por_passada,42,180.0,1,180.0,600.0,1,0,TEMPO_TOTAL,,,
1,3,182,dia_turno_curso,5_N_HIS,58,11960,83030,OPTIMAL,185219.0,185219.0,False,185219.0,1.83,1.53,600.0,5,N,HIS,alfabetica,,aleatoria_por_passada,42,dia_turno_curso,182,116,True,TEMPO_TOTAL,iteracao,combinada_cursos_exat_2_dia_turno_curso_aleatoria,180.0,180.0,600.0,14400.0,False,False,alfabetica,42,alfabetica,,./dados/2024_1/horarios_2024_1.xlsx,./dados/2024_1/salas_2024_1.csv,./dados/2024_1/salas_preferenciais_2024.1.xlsx,/Users/robertdrey/Documents/workspace/development/alocador_de_salas,resultados/experimentos/2024_1/novas_hibridas/combinada_aleatoria/20261002_003719_seed42/melhor.sol,resultados/experimentos/2024_1/novas_hibridas/combinada_aleatoria/20261002_003719_seed42/historico.csv,resultados/experimentos/2024_1/novas_hibridas/combinada_aleatoria/20261002_003719_seed42/historico.json,combinada_aleatoria,cursos_exat_2 + dia_turno_curso,qualquer_melhoria_na_passada,aleatoria_por_passada,42,180.0,1,180.0,600.0,1,0,TEMPO_TOTAL,,,
1,3,183,dia_turno_curso,6_T_MED,64,19274,75716,OPTIMAL,185219.0,185219.0,False,185219.0,1.92,1.62,600.0,6,T,MED,alfabetica,,aleatoria_por_passada,42,dia_turno_curso,183,117,True,TEMPO_TOTAL,iteracao,combinada_cursos_exat_2_dia_turno_curso_aleatoria,180.0,180.0,600.0,14400.0,False,False,alfabetica,42,alfabetica,,./dados/2024_1/horarios_2024_1.xlsx,./dados/2024_1/salas_2024_1.csv,./dados/2024_1/salas_preferenciais_2024.1.xlsx,/Users/robertdrey/Documents/workspace/development/alocador_de_salas,resultados/experimentos/2024_1/novas_hibridas/combinada_aleatoria/20261002_003719_seed42/melhor.sol,resultados/experimentos/2024_1/novas_hibridas/combinada_aleatoria/20261002_003719_seed42/historico.csv,resultados/experimentos/2024_1/novas_hibridas/combinada_aleatoria/20261002_003719_seed42/historico.json,combinada_aleatoria,cursos_exat_2 + dia_turno_curso,qualquer_melhoria_na_passada,aleatoria_por_passada,42,180.0,1,180.0,600.0,1,0,TEMPO_TOTAL,,,
1,3,184,dia_turno_curso,2_T_CC,70,20010,74980,OPTIMAL,185219.0,185219.0,False,185219.0,3.72,3.43,600.0,2,T,CC,alfabetica,,aleatoria_por_passada,42,dia_turno_curso,184,118,True,TEMPO_TOTAL,iteracao,combinada_cursos_exat_2_dia_turno_curso_aleatoria,180.0,180.0,600.0,14400.0,False,False,alfabetica,42,alfabetica,,./dados/2024_1/horarios_2024_1.xlsx,./dados/2024_1/salas_2024_1.csv,./dados/2024_1/salas_preferenciais_2024.1.xlsx,/Users/robertdrey/Documents/workspace/development/alocador_de_salas,resultados/experimentos/2024_1/novas_hibridas/combinada_aleatoria/20261002_003719_seed42/melhor.sol,resultados/experimentos/2024_1/novas_hibridas/combinada_aleatoria/20261002_003719_seed42/historico.csv,resultados/experimentos/2024_1/novas_hibridas/combinada_aleatoria/20261002_003719_seed42/historico.json,combinada_aleatoria,cursos_exat_2 + dia_turno_curso,qualquer_melhoria_na_passada,aleatoria_por_passada,42,180.0,1,180.0,600.0,1,0,TEMPO_TOTAL,,,
1,3,185,dia_turno_curso,6_N_ADM,83,17158,77832,OPTIMAL,185219.0,185219.0,False,185219.0,3.03,2.73,600.0,6,N,ADM,alfabetica,,aleatoria_por_passada,42,dia_turno_curso,185,119,True,TEMPO_TOTAL,iteracao,combinada_cursos_exat_2_dia_turno_curso_aleatoria,180.0,180.0,600.0,14400.0,False,False,alfabetica,42,alfabetica,,./dados/2024_1/horarios_2024_1.xlsx,./dados/2024_1/salas_2024_1.csv,./dados/2024_1/salas_preferenciais_2024.1.xlsx,/Users/robertdrey/Documents/workspace/development/alocador_de_salas,resultados/experimentos/2024_1/novas_hibridas/combinada_aleatoria/20261002_003719_seed42/melhor.sol,resultados/experimentos/2024_1/novas_hibridas/combinada_aleatoria/20261002_003719_seed42/historico.csv,resultados/experimentos/2024_1/novas_hibridas/combinada_aleatoria/20261002_003719_seed42/historico.json,combinada_aleatoria,cursos_exat_2 + dia_turno_curso,qualquer_melhoria_na_passada,aleatoria_por_passada,42,180.0,1,180.0,600.0,1,0,TEMPO_TOTAL,,,
1,3,186,par_cursos,ADM+GEO,58,11362,83628,OPTIMAL,185219.0,185219.0,False,185219.0,0.88,0.58,600.0,,,,alfabetica,,aleatoria_por_passada,42,cursos_exat_2,186,67,True,TEMPO_TOTAL,iteracao,combinada_cursos_exat_2_dia_turno_curso_aleatoria,180.0,180.0,600.0,14400.0,False,False,alfabetica,42,alfabetica,,./dados/2024_1/horarios_2024_1.xlsx,./dados/2024_1/salas_2024_1.csv,./dados/2024_1/salas_preferenciais_2024.1.xlsx,/Users/robertdrey/Documents/workspace/development/alocador_de_salas,resultados/experimentos/2024_1/novas_hibridas/combinada_aleatoria/20261002_003719_seed42/melhor.sol,resultados/experimentos/2024_1/novas_hibridas/combinada_aleatoria/20261002_003719_seed42/historico.csv,resultados/experimentos/2024_1/novas_hibridas/combinada_aleatoria/20261002_003719_seed42/historico.json,combinada_aleatoria,cursos_exat_2 + dia_turno_curso,qualquer_melhoria_na_passada,aleatoria_por_passada,42,180.0,1,180.0,600.0,1,0,TEMPO_TOTAL,ADM,GEO,186
1,3,187,dia_turno_curso,3_M_AGRO,77,16514,78476,OPTIMAL,185219.0,185219.0,False,185219.0,10.12,9.8,600.0,3,M,AGRO,alfabetica,,aleatoria_por_passada,42,dia_turno_curso,187,120,True,TEMPO_TOTAL,iteracao,combinada_cursos_exat_2_dia_turno_curso_aleatoria,180.0,180.0,600.0,14400.0,False,False,alfabetica,42,alfabetica,,./dados/2024_1/horarios_2024_1.xlsx,./dados/2024_1/salas_2024_1.csv,./dados/2024_1/salas_preferenciais_2024.1.xlsx,/Users/robertdrey/Documents/workspace/development/alocador_de_salas,resultados/experimentos/2024_1/novas_hibridas/combinada_aleatoria/20261002_003719_seed42/melhor.sol,resultados/experimentos/2024_1/novas_hibridas/combinada_aleatoria/20261002_003719_seed42/historico.csv,resultados/experimentos/2024_1/novas_hibridas/combinada_aleatoria/20261002_003719_seed42/historico.json,combinada_aleatoria,cursos_exat_2 + dia_turno_curso,qualquer_melhoria_na_passada,aleatoria_por_passada,42,180.0,1,180.0,600.0,1,0,TEMPO_TOTAL,,,
1,3,188,par_cursos,EAS+HIS,69,12236,82754,OPTIMAL,185219.0,185219.0,False,185219.0,0.88,0.57,600.0,,,,alfabetica,,aleatoria_por_passada,42,cursos_exat_2,188,68,True,TEMPO_TOTAL,iteracao,combinada_cursos_exat_2_dia_turno_curso_aleatoria,180.0,180.0,600.0,14400.0,False,False,alfabetica,42,alfabetica,,./dados/2024_1/horarios_2024_1.xlsx,./dados/2024_1/salas_2024_1.csv,./dados/2024_1/salas_preferenciais_2024.1.xlsx,/Users/robertdrey/Documents/workspace/development/alocador_de_salas,resultados/experimentos/2024_1/novas_hibridas/combinada_aleatoria/20261002_003719_seed42/melhor.sol,resultados/experimentos/2024_1/novas_hibridas/combinada_aleatoria/20261002_003719_seed42/historico.csv,resultados/experimentos/2024_1/novas_hibridas/combinada_aleatoria/20261002_003719_seed42/historico.json,combinada_aleatoria,cursos_exat_2 + dia_turno_curso,qualquer_melhoria_na_passada,aleatoria_por_passada,42,180.0,1,180.0,600.0,1,0,TEMPO_TOTAL,EAS,HIS,188
1,3,189,par_cursos,CS+PED,78,17342,77648,OPTIMAL,185219.0,185219.0,False,185219.0,47.34,47.02,600.0,,,,alfabetica,,aleatoria_por_passada,42,cursos_exat_2,189,69,True,TEMPO_TOTAL,iteracao,combinada_cursos_exat_2_dia_turno_curso_aleatoria,180.0,180.0,600.0,14400.0,False,False,alfabetica,42,alfabetica,,./dados/2024_1/horarios_2024_1.xlsx,./dados/2024_1/salas_2024_1.csv,./dados/2024_1/salas_preferenciais_2024.1.xlsx,/Users/robertdrey/Documents/workspace/development/alocador_de_salas,resultados/experimentos/2024_1/novas_hibridas/combinada_aleatoria/20261002_003719_seed42/melhor.sol,resultados/experimentos/2024_1/novas_hibridas/combinada_aleatoria/20261002_003719_seed42/historico.csv,resultados/experimentos/2024_1/novas_hibridas/combinada_aleatoria/20261002_003719_seed42/historico.json,combinada_aleatoria,cursos_exat_2 + dia_turno_curso,qualquer_melhoria_na_passada,aleatoria_por_passada,42,180.0,1,180.0,600.0,1,0,TEMPO_TOTAL,CS,PED,189
1,3,190,par_cursos,FIL+MAT,38,7728,87262,OPTIMAL,185219.0,185219.0,False,185219.0,0.67,0.36,600.0,,,,alfabetica,,aleatoria_por_passada,42,cursos_exat_2,190,70,True,TEMPO_TOTAL,iteracao,combinada_cursos_exat_2_dia_turno_curso_aleatoria,180.0,180.0,600.0,14400.0,False,False,alfabetica,42,alfabetica,,./dados/2024_1/horarios_2024_1.xlsx,./dados/2024_1/salas_2024_1.csv,./dados/2024_1/salas_preferenciais_2024.1.xlsx,/Users/robertdrey/Documents/workspace/development/alocador_de_salas,resultados/experimentos/2024_1/novas_hibridas/combinada_aleatoria/20261002_003719_seed42/melhor.sol,resultados/experimentos/2024_1/novas_hibridas/combinada_aleatoria/20261002_003719_seed42/historico.csv,resultados/experimentos/2024_1/novas_hibridas/combinada_aleatoria/20261002_003719_seed42/historico.json,combinada_aleatoria,cursos_exat_2 + dia_turno_curso,qualquer_melhoria_na_passada,aleatoria_por_passada,42,180.0,1,180.0,600.0,1,0,TEMPO_TOTAL,FIL,MAT,190
1,3,191,par_cursos,CS+MAT,45,9522,85468,OPTIMAL,185219.0,185219.0,False,185219.0,0.79,0.48,600.0,,,,alfabetica,,aleatoria_por_passada,42,cursos_exat_2,191,71,True,TEMPO_TOTAL,iteracao,combinada_cursos_exat_2_dia_turno_curso_aleatoria,180.0,180.0,600.0,14400.0,False,False,alfabetica,42,alfabetica,,./dados/2024_1/horarios_2024_1.xlsx,./dados/2024_1/salas_2024_1.csv,./dados/2024_1/salas_preferenciais_2024.1.xlsx,/Users/robertdrey/Documents/workspace/development/alocador_de_salas,resultados/experimentos/2024_1/novas_hibridas/combinada_aleatoria/20261002_003719_seed42/melhor.sol,resultados/experimentos/2024_1/novas_hibridas/combinada_aleatoria/20261002_003719_seed42/historico.csv,resultados/experimentos/2024_1/novas_hibridas/combinada_aleatoria/20261002_003719_seed42/historico.json,combinada_aleatoria,cursos_exat_2 + dia_turno_curso,qualquer_melhoria_na_passada,aleatoria_por_passada,42,180.0,1,180.0,600.0,1,0,TEMPO_TOTAL,CS,MAT,191
1,3,192,dia_turno_curso,5_T_AGRO,77,18814,76176,OPTIMAL,185219.0,185219.0,False,185219.0,8.72,8.39,600.0,5,T,AGRO,alfabetica,,aleatoria_por_passada,42,dia_turno_curso,192,121,True,TEMPO_TOTAL,iteracao,combinada_cursos_exat_2_dia_turno_curso_aleatoria,180.0,180.0,600.0,14400.0,False,False,alfabetica,42,alfabetica,,./dados/2024_1/horarios_2024_1.xlsx,./dados/2024_1/salas_2024_1.csv,./dados/2024_1/salas_preferenciais_2024.1.xlsx,/Users/robertdrey/Documents/workspace/development/alocador_de_salas,resultados/experimentos/2024_1/novas_hibridas/combinada_aleatoria/20261002_003719_seed42/melhor.sol,resultados/experimentos/2024_1/novas_hibridas/combinada_aleatoria/20261002_003719_seed42/historico.csv,resultados/experimentos/2024_1/novas_hibridas/combinada_aleatoria/20261002_003719_seed42/historico.json,combinada_aleatoria,cursos_exat_2 + dia_turno_curso,qualquer_melhoria_na_passada,aleatoria_por_passada,42,180.0,1,180.0,600.0,1,0,TEMPO_TOTAL,,,
1,3,193,dia_turno_curso,3_M_ADM,79,18676,76314,OPTIMAL,185219.0,185219.0,False,185219.0,2.98,2.68,600.0,3,M,ADM,alfabetica,,aleatoria_por_passada,42,dia_turno_curso,193,122,True,TEMPO_TOTAL,iteracao,combinada_cursos_exat_2_dia_turno_curso_aleatoria,180.0,180.0,600.0,14400.0,False,False,alfabetica,42,alfabetica,,./dados/2024_1/horarios_2024_1.xlsx,./dados/2024_1/salas_2024_1.csv,./dados/2024_1/salas_preferenciais_2024.1.xlsx,/Users/robertdrey/Documents/workspace/development/alocador_de_salas,resultados/experimentos/2024_1/novas_hibridas/combinada_aleatoria/20261002_003719_seed42/melhor.sol,resultados/experimentos/2024_1/novas_hibridas/combinada_aleatoria/20261002_003719_seed42/historico.csv,resultados/experimentos/2024_1/novas_hibridas/combinada_aleatoria/20261002_003719_seed42/historico.json,combinada_aleatoria,cursos_exat_2 + dia_turno_curso,qualquer_melhoria_na_passada,aleatoria_por_passada,42,180.0,1,180.0,600.0,1,0,TEMPO_TOTAL,,,
1,3,194,dia_turno_curso,4_N_CC,86,19872,75118,OPTIMAL,185219.0,185219.0,False,185219.0,4.51,4.2,600.0,4,N,CC,alfabetica,,aleatoria_por_passada,42,dia_turno_curso,194,123,True,TEMPO_TOTAL,iteracao,combinada_cursos_exat_2_dia_turno_curso_aleatoria,180.0,180.0,600.0,14400.0,False,False,alfabetica,42,alfabetica,,./dados/2024_1/horarios_2024_1.xlsx,./dados/2024_1/salas_2024_1.csv,./dados/2024_1/salas_preferenciais_2024.1.xlsx,/Users/robertdrey/Documents/workspace/development/alocador_de_salas,resultados/experimentos/2024_1/novas_hibridas/combinada_aleatoria/20261002_003719_seed42/melhor.sol,resultados/experimentos/2024_1/novas_hibridas/combinada_aleatoria/20261002_003719_seed42/historico.csv,resultados/experimentos/2024_1/novas_hibridas/combinada_aleatoria/20261002_003719_seed42/historico.json,combinada_aleatoria,cursos_exat_2 + dia_turno_curso,qualquer_melhoria_na_passada,aleatoria_por_passada,42,180.0,1,180.0,600.0,1,0,TEMPO_TOTAL,,,
1,3,195,dia_turno_curso,2_T_LET,67,19228,75762,OPTIMAL,185219.0,185219.0,False,185219.0,2.08,1.78,600.0,2,T,LET,alfabetica,,aleatoria_por_passada,42,dia_turno_curso,195,124,True,TEMPO_TOTAL,iteracao,combinada_cursos_exat_2_dia_turno_curso_aleatoria,180.0,180.0,600.0,14400.0,False,False,alfabetica,42,alfabetica,,./dados/2024_1/horarios_2024_1.xlsx,./dados/2024_1/salas_2024_1.csv,./dados/2024_1/salas_preferenciais_2024.1.xlsx,/Users/robertdrey/Documents/workspace/development/alocador_de_salas,resultados/experimentos/2024_1/novas_hibridas/combinada_aleatoria/20261002_003719_seed42/melhor.sol,resultados/experimentos/2024_1/novas_hibridas/combinada_aleatoria/20261002_003719_seed42/historico.csv,resultados/experimentos/2024_1/novas_hibridas/combinada_aleatoria/20261002_003719_seed42/historico.json,combinada_aleatoria,cursos_exat_2 + dia_turno_curso,qualquer_melhoria_na_passada,aleatoria_por_passada,42,180.0,1,180.0,600.0,1,0,TEMPO_TOTAL,,,
1,3,196,par_cursos,CC+FIL,62,13294,81696,OPTIMAL,185219.0,185219.0,False,185219.0,2.79,2.49,600.0,,,,alfabetica,,aleatoria_por_passada,42,cursos_exat_2,196,72,True,TEMPO_TOTAL,iteracao,combinada_cursos_exat_2_dia_turno_curso_aleatoria,180.0,180.0,600.0,14400.0,False,False,alfabetica,42,alfabetica,,./dados/2024_1/horarios_2024_1.xlsx,./dados/2024_1/salas_2024_1.csv,./dados/2024_1/salas_preferenciais_2024.1.xlsx,/Users/robertdrey/Documents/workspace/development/alocador_de_salas,resultados/experimentos/2024_1/novas_hibridas/combinada_aleatoria/20261002_003719_seed42/melhor.sol,resultados/experimentos/2024_1/novas_hibridas/combinada_aleatoria/20261002_003719_seed42/historico.csv,resultados/experimentos/2024_1/novas_hibridas/combinada_aleatoria/20261002_003719_seed42/historico.json,combinada_aleatoria,cursos_exat_2 + dia_turno_curso,qualquer_melhoria_na_passada,aleatoria_por_passada,42,180.0,1,180.0,600.0,1,0,TEMPO_TOTAL,CC,FIL,196
1,3,197,dia_turno_curso,5_N_GEO,48,9844,85146,OPTIMAL,185219.0,185219.0,False,185219.0,1.66,1.36,600.0,5,N,GEO,alfabetica,,aleatoria_por_passada,42,dia_turno_curso,197,125,True,TEMPO_TOTAL,iteracao,combinada_cursos_exat_2_dia_turno_curso_aleatoria,180.0,180.0,600.0,14400.0,False,False,alfabetica,42,alfabetica,,./dados/2024_1/horarios_2024_1.xlsx,./dados/2024_1/salas_2024_1.csv,./dados/2024_1/salas_preferenciais_2024.1.xlsx,/Users/robertdrey/Documents/workspace/development/alocador_de_salas,resultados/experimentos/2024_1/novas_hibridas/combinada_aleatoria/20261002_003719_seed42/melhor.sol,resultados/experimentos/2024_1/novas_hibridas/combinada_aleatoria/20261002_003719_seed42/historico.csv,resultados/experimentos/2024_1/novas_hibridas/combinada_aleatoria/20261002_003719_seed42/historico.json,combinada_aleatoria,cursos_exat_2 + dia_turno_curso,qualquer_melhoria_na_passada,aleatoria_por_passada,42,180.0,1,180.0,600.0,1,0,TEMPO_TOTAL,,,
1,3,198,par_cursos,GEO+HIS,34,6854,88136,OPTIMAL,185219.0,185219.0,False,185219.0,0.67,0.37,600.0,,,,alfabetica,,aleatoria_por_passada,42,cursos_exat_2,198,73,True,TEMPO_TOTAL,iteracao,combinada_cursos_exat_2_dia_turno_curso_aleatoria,180.0,180.0,600.0,14400.0,False,False,alfabetica,42,alfabetica,,./dados/2024_1/horarios_2024_1.xlsx,./dados/2024_1/salas_2024_1.csv,./dados/2024_1/salas_preferenciais_2024.1.xlsx,/Users/robertdrey/Documents/workspace/development/alocador_de_salas,resultados/experimentos/2024_1/novas_hibridas/combinada_aleatoria/20261002_003719_seed42/melhor.sol,resultados/experimentos/2024_1/novas_hibridas/combinada_aleatoria/20261002_003719_seed42/historico.csv,resultados/experimentos/2024_1/novas_hibridas/combinada_aleatoria/20261002_003719_seed42/historico.json,combinada_aleatoria,cursos_exat_2 + dia_turno_curso,qualquer_melhoria_na_passada,aleatoria_por_passada,42,180.0,1,180.0,600.0,1,0,TEMPO_TOTAL,GEO,HIS,198
1,3,199,dia_turno_curso,5_N_MED,78,16928,78062,OPTIMAL,185219.0,185219.0,False,185219.0,1.89,1.58,600.0,5,N,MED,alfabetica,,aleatoria_por_passada,42,dia_turno_curso,199,126,True,TEMPO_TOTAL,iteracao,combinada_cursos_exat_2_dia_turno_curso_aleatoria,180.0,180.0,600.0,14400.0,False,False,alfabetica,42,alfabetica,,./dados/2024_1/horarios_2024_1.xlsx,./dados/2024_1/salas_2024_1.csv,./dados/2024_1/salas_preferenciais_2024.1.xlsx,/Users/robertdrey/Documents/workspace/development/alocador_de_salas,resultados/experimentos/2024_1/novas_hibridas/combinada_aleatoria/20261002_003719_seed42/melhor.sol,resultados/experimentos/2024_1/novas_hibridas/combinada_aleatoria/20261002_003719_seed42/historico.csv,resultados/experimentos/2024_1/novas_hibridas/combinada_aleatoria/20261002_003719_seed42/historico.json,combinada_aleatoria,cursos_exat_2 + dia_turno_curso,qualquer_melhoria_na_passada,aleatoria_por_passada,42,180.0,1,180.0,600.0,1,0,TEMPO_TOTAL,,,
1,3,200,par_cursos,ENF+LET,54,17664,77326,OPTIMAL,185219.0,185219.0,False,185219.0,7.03,6.72,600.0,,,,alfabetica,,aleatoria_por_passada,42,cursos_exat_2,200,74,True,TEMPO_TOTAL,iteracao,combinada_cursos_exat_2_dia_turno_curso_aleatoria,180.0,180.0,600.0,14400.0,False,False,alfabetica,42,alfabetica,,./dados/2024_1/horarios_2024_1.xlsx,./dados/2024_1/salas_2024_1.csv,./dados/2024_1/salas_preferenciais_2024.1.xlsx,/Users/robertdrey/Documents/workspace/development/alocador_de_salas,resultados/experimentos/2024_1/novas_hibridas/combinada_aleatoria/20261002_003719_seed42/melhor.sol,resultados/experimentos/2024_1/novas_hibridas/combinada_aleatoria/20261002_003719_seed42/historico.csv,resultados/experimentos/2024_1/novas_hibridas/combinada_aleatoria/20261002_003719_seed42/historico.json,combinada_aleatoria,cursos_exat_2 + dia_turno_curso,qualquer_melhoria_na_passada,aleatoria_por_passada,42,180.0,1,180.0,600.0,1,0,TEMPO_TOTAL,ENF,LET,200
1,3,201,dia_turno_curso,2_T_MAT,56,16606,78384,OPTIMAL,185219.0,185219.0,False,185219.0,1.49,1.19,600.0,2,T,MAT,alfabetica,,aleatoria_por_passada,42,dia_turno_curso,201,127,True,TEMPO_TOTAL,iteracao,combinada_cursos_exat_2_dia_turno_curso_aleatoria,180.0,180.0,600.0,14400.0,False,False,alfabetica,42,alfabetica,,./dados/2024_1/horarios_2024_1.xlsx,./dados/2024_1/salas_2024_1.csv,./dados/2024_1/salas_preferenciais_2024.1.xlsx,/Users/robertdrey/Documents/workspace/development/alocador_de_salas,resultados/experimentos/2024_1/novas_hibridas/combinada_aleatoria/20261002_003719_seed42/melhor.sol,resultados/experimentos/2024_1/novas_hibridas/combinada_aleatoria/20261002_003719_seed42/historico.csv,resultados/experimentos/2024_1/novas_hibridas/combinada_aleatoria/20261002_003719_seed42/historico.json,combinada_aleatoria,cursos_exat_2 + dia_turno_curso,qualquer_melhoria_na_passada,aleatoria_por_passada,42,180.0,1,180.0,600.0,1,0,TEMPO_TOTAL,,,
1,3,202,dia_turno_curso,7_M_MED,59,17480,77510,OPTIMAL,185219.0,185219.0,False,185219.0,1.63,1.34,600.0,7,M,MED,alfabetica,,aleatoria_por_passada,42,dia_turno_curso,202,128,True,TEMPO_TOTAL,iteracao,combinada_cursos_exat_2_dia_turno_curso_aleatoria,180.0,180.0,600.0,14400.0,False,False,alfabetica,42,alfabetica,,./dados/2024_1/horarios_2024_1.xlsx,./dados/2024_1/salas_2024_1.csv,./dados/2024_1/salas_preferenciais_2024.1.xlsx,/Users/robertdrey/Documents/workspace/development/alocador_de_salas,resultados/experimentos/2024_1/novas_hibridas/combinada_aleatoria/20261002_003719_seed42/melhor.sol,resultados/experimentos/2024_1/novas_hibridas/combinada_aleatoria/20261002_003719_seed42/historico.csv,resultados/experimentos/2024_1/novas_hibridas/combinada_aleatoria/20261002_003719_seed42/historico.json,combinada_aleatoria,cursos_exat_2 + dia_turno_curso,qualquer_melhoria_na_passada,aleatoria_por_passada,42,180.0,1,180.0,600.0,1,0,TEMPO_TOTAL,,,
1,3,203,dia_turno_curso,2_N_ADM,85,18078,76912,OPTIMAL,185219.0,185219.0,False,185219.0,1.87,1.57,600.0,2,N,ADM,alfabetica,,aleatoria_por_passada,42,dia_turno_curso,203,129,True,TEMPO_TOTAL,iteracao,combinada_cursos_exat_2_dia_turno_curso_aleatoria,180.0,180.0,600.0,14400.0,False,False,alfabetica,42,alfabetica,,./dados/2024_1/horarios_2024_1.xlsx,./dados/2024_1/salas_2024_1.csv,./dados/2024_1/salas_preferenciais_2024.1.xlsx,/Users/robertdrey/Documents/workspace/development/alocador_de_salas,resultados/experimentos/2024_1/novas_hibridas/combinada_aleatoria/20261002_003719_seed42/melhor.sol,resultados/experimentos/2024_1/novas_hibridas/combinada_aleatoria/20261002_003719_seed42/historico.csv,resultados/experimentos/2024_1/novas_hibridas/combinada_aleatoria/20261002_003719_seed42/historico.json,combinada_aleatoria,cursos_exat_2 + dia_turno_curso,qualquer_melhoria_na_passada,aleatoria_por_passada,42,180.0,1,180.0,600.0,1,0,TEMPO_TOTAL,,,
1,3,204,dia_turno_curso,2_M_ADM,81,18538,76452,OPTIMAL,185219.0,185219.0,False,185219.0,2.28,1.97,600.0,2,M,ADM,alfabetica,,aleatoria_por_passada,42,dia_turno_curso,204,130,True,TEMPO_TOTAL,iteracao,combinada_cursos_exat_2_dia_turno_curso_aleatoria,180.0,180.0,600.0,14400.0,False,False,alfabetica,42,alfabetica,,./dados/2024_1/horarios_2024_1.xlsx,./dados/2024_1/salas_2024_1.csv,./dados/2024_1/salas_preferenciais_2024.1.xlsx,/Users/robertdrey/Documents/workspace/development/alocador_de_salas,resultados/experimentos/2024_1/novas_hibridas/combinada_aleatoria/20261002_003719_seed42/melhor.sol,resultados/experimentos/2024_1/novas_hibridas/combinada_aleatoria/20261002_003719_seed42/historico.csv,resultados/experimentos/2024_1/novas_hibridas/combinada_aleatoria/20261002_003719_seed42/historico.json,combinada_aleatoria,cursos_exat_2 + dia_turno_curso,qualquer_melhoria_na_passada,aleatoria_por_passada,42,180.0,1,180.0,600.0,1,0,TEMPO_TOTAL,,,
1,3,205,par_cursos,ADM+MED,89,18676,76314,OPTIMAL,185219.0,185219.0,False,185219.0,1.93,1.63,600.0,,,,alfabetica,,aleatoria_por_passada,42,cursos_exat_2,205,75,True,TEMPO_TOTAL,iteracao,combinada_cursos_exat_2_dia_turno_curso_aleatoria,180.0,180.0,600.0,14400.0,False,False,alfabetica,42,alfabetica,,./dados/2024_1/horarios_2024_1.xlsx,./dados/2024_1/salas_2024_1.csv,./dados/2024_1/salas_preferenciais_2024.1.xlsx,/Users/robertdrey/Documents/workspace/development/alocador_de_salas,resultados/experimentos/2024_1/novas_hibridas/combinada_aleatoria/20261002_003719_seed42/melhor.sol,resultados/experimentos/2024_1/novas_hibridas/combinada_aleatoria/20261002_003719_seed42/historico.csv,resultados/experimentos/2024_1/novas_hibridas/combinada_aleatoria/20261002_003719_seed42/historico.json,combinada_aleatoria,cursos_exat_2 + dia_turno_curso,qualquer_melhoria_na_passada,aleatoria_por_passada,42,180.0,1,180.0,600.0,1,0,TEMPO_TOTAL,ADM,MED,205
1,3,206,par_cursos,CC+PED,103,23322,71668,OPTIMAL,185219.0,185219.0,False,185219.0,135.28,134.97,600.0,,,,alfabetica,,aleatoria_por_passada,42,cursos_exat_2,206,76,True,TEMPO_TOTAL,iteracao,combinada_cursos_exat_2_dia_turno_curso_aleatoria,180.0,180.0,600.0,14400.0,False,False,alfabetica,42,alfabetica,,./dados/2024_1/horarios_2024_1.xlsx,./dados/2024_1/salas_2024_1.csv,./dados/2024_1/salas_preferenciais_2024.1.xlsx,/Users/robertdrey/Documents/workspace/development/alocador_de_salas,resultados/experimentos/2024_1/novas_hibridas/combinada_aleatoria/20261002_003719_seed42/melhor.sol,resultados/experimentos/2024_1/novas_hibridas/combinada_aleatoria/20261002_003719_seed42/historico.csv,resultados/experimentos/2024_1/novas_hibridas/combinada_aleatoria/20261002_003719_seed42/historico.json,combinada_aleatoria,cursos_exat_2 + dia_turno_curso,qualquer_melhoria_na_passada,aleatoria_por_passada,42,180.0,1,180.0,600.0,1,0,TEMPO_TOTAL,CC,PED,206
1,3,207,dia_turno_curso,3_T_AGRO,82,19872,75118,OPTIMAL,185219.0,185219.0,False,185219.0,6.43,6.11,600.0,3,T,AGRO,alfabetica,,aleatoria_por_passada,42,dia_turno_curso,207,131,True,TEMPO_TOTAL,iteracao,combinada_cursos_exat_2_dia_turno_curso_aleatoria,180.0,180.0,600.0,14400.0,False,False,alfabetica,42,alfabetica,,./dados/2024_1/horarios_2024_1.xlsx,./dados/2024_1/salas_2024_1.csv,./dados/2024_1/salas_preferenciais_2024.1.xlsx,/Users/robertdrey/Documents/workspace/development/alocador_de_salas,resultados/experimentos/2024_1/novas_hibridas/combinada_aleatoria/20261002_003719_seed42/melhor.sol,resultados/experimentos/2024_1/novas_hibridas/combinada_aleatoria/20261002_003719_seed42/historico.csv,resultados/experimentos/2024_1/novas_hibridas/combinada_aleatoria/20261002_003719_seed42/historico.json,combinada_aleatoria,cursos_exat_2 + dia_turno_curso,qualquer_melhoria_na_passada,aleatoria_por_passada,42,180.0,1,180.0,600.0,1,0,TEMPO_TOTAL,,,
1,3,208,par_cursos,CS+HIS,46,9338,85652,OPTIMAL,185219.0,185219.0,False,185219.0,0.87,0.57,600.0,,,,alfabetica,,aleatoria_por_passada,42,cursos_exat_2,208,77,True,TEMPO_TOTAL,iteracao,combinada_cursos_exat_2_dia_turno_curso_aleatoria,180.0,180.0,600.0,14400.0,False,False,alfabetica,42,alfabetica,,./dados/2024_1/horarios_2024_1.xlsx,./dados/2024_1/salas_2024_1.csv,./dados/2024_1/salas_preferenciais_2024.1.xlsx,/Users/robertdrey/Documents/workspace/development/alocador_de_salas,resultados/experimentos/2024_1/novas_hibridas/combinada_aleatoria/20261002_003719_seed42/melhor.sol,resultados/experimentos/2024_1/novas_hibridas/combinada_aleatoria/20261002_003719_seed42/historico.csv,resultados/experimentos/2024_1/novas_hibridas/combinada_aleatoria/20261002_003719_seed42/historico.json,combinada_aleatoria,cursos_exat_2 + dia_turno_curso,qualquer_melhoria_na_passada,aleatoria_por_passada,42,180.0,1,180.0,600.0,1,0,TEMPO_TOTAL,CS,HIS,208
1,3,209,dia_turno_curso,4_T_MED,64,18676,76314,OPTIMAL,185219.0,185219.0,False,185219.0,1.65,1.35,600.0,4,T,MED,alfabetica,,aleatoria_por_passada,42,dia_turno_curso,209,132,True,TEMPO_TOTAL,iteracao,combinada_cursos_exat_2_dia_turno_curso_aleatoria,180.0,180.0,600.0,14400.0,False,False,alfabetica,42,alfabetica,,./dados/2024_1/horarios_2024_1.xlsx,./dados/2024_1/salas_2024_1.csv,./dados/2024_1/salas_preferenciais_2024.1.xlsx,/Users/robertdrey/Documents/workspace/development/alocador_de_salas,resultados/experimentos/2024_1/novas_hibridas/combinada_aleatoria/20261002_003719_seed42/melhor.sol,resultados/experimentos/2024_1/novas_hibridas/combinada_aleatoria/20261002_003719_seed42/historico.csv,resultados/experimentos/2024_1/novas_hibridas/combinada_aleatoria/20261002_003719_seed42/historico.json,combinada_aleatoria,cursos_exat_2 + dia_turno_curso,qualquer_melhoria_na_passada,aleatoria_por_passada,42,180.0,1,180.0,600.0,1,0,TEMPO_TOTAL,,,
1,3,210,dia_turno_curso,4_N_LET,69,16744,78246,OPTIMAL,185219.0,185219.0,False,185219.0,137.0,136.7,600.0,4,N,LET,alfabetica,,aleatoria_por_passada,42,dia_turno_curso,210,133,True,TEMPO_TOTAL,iteracao,combinada_cursos_exat_2_dia_turno_curso_aleatoria,180.0,180.0,600.0,14400.0,False,False,alfabetica,42,alfabetica,,./dados/2024_1/horarios_2024_1.xlsx,./dados/2024_1/salas_2024_1.csv,./dados/2024_1/salas_preferenciais_2024.1.xlsx,/Users/robertdrey/Documents/workspace/development/alocador_de_salas,resultados/experimentos/2024_1/novas_hibridas/combinada_aleatoria/20261002_003719_seed42/melhor.sol,resultados/experimentos/2024_1/novas_hibridas/combinada_aleatoria/20261002_003719_seed42/historico.csv,resultados/experimentos/2024_1/novas_hibridas/combinada_aleatoria/20261002_003719_seed42/historico.json,combinada_aleatoria,cursos_exat_2 + dia_turno_curso,qualquer_melhoria_na_passada,aleatoria_por_passada,42,180.0,1,180.0,600.0,1,0,TEMPO_TOTAL,,,
1,3,211,dia_turno_curso,2_N_CC,83,19136,75854,OPTIMAL,185219.0,185219.0,False,185219.0,4.07,3.76,600.0,2,N,CC,alfabetica,,aleatoria_por_passada,42,dia_turno_curso,211,134,True,TEMPO_TOTAL,iteracao,combinada_cursos_exat_2_dia_turno_curso_aleatoria,180.0,180.0,600.0,14400.0,False,False,alfabetica,42,alfabetica,,./dados/2024_1/horarios_2024_1.xlsx,./dados/2024_1/salas_2024_1.csv,./dados/2024_1/salas_preferenciais_2024.1.xlsx,/Users/robertdrey/Documents/workspace/development/alocador_de_salas,resultados/experimentos/2024_1/novas_hibridas/combinada_aleatoria/20261002_003719_seed42/melhor.sol,resultados/experimentos/2024_1/novas_hibridas/combinada_aleatoria/20261002_003719_seed42/historico.csv,resultados/experimentos/2024_1/novas_hibridas/combinada_aleatoria/20261002_003719_seed42/historico.json,combinada_aleatoria,cursos_exat_2 + dia_turno_curso,qualquer_melhoria_na_passada,aleatoria_por_passada,42,180.0,1,180.0,600.0,1,0,TEMPO_TOTAL,,,
1,3,212,par_cursos,ADM+MAT,71,14260,80730,OPTIMAL,185219.0,185219.0,False,185219.0,1.08,0.77,600.0,,,,alfabetica,,aleatoria_por_passada,42,cursos_exat_2,212,78,True,TEMPO_TOTAL,iteracao,combinada_cursos_exat_2_dia_turno_curso_aleatoria,180.0,180.0,600.0,14400.0,False,False,alfabetica,42,alfabetica,,./dados/2024_1/horarios_2024_1.xlsx,./dados/2024_1/salas_2024_1.csv,./dados/2024_1/salas_preferenciais_2024.1.xlsx,/Users/robertdrey/Documents/workspace/development/alocador_de_salas,resultados/experimentos/2024_1/novas_hibridas/combinada_aleatoria/20261002_003719_seed42/melhor.sol,resultados/experimentos/2024_1/novas_hibridas/combinada_aleatoria/20261002_003719_seed42/historico.csv,resultados/experimentos/2024_1/novas_hibridas/combinada_aleatoria/20261002_003719_seed42/historico.json,combinada_aleatoria,cursos_exat_2 + dia_turno_curso,qualquer_melhoria_na_passada,aleatoria_por_passada,42,180.0,1,180.0,600.0,1,0,TEMPO_TOTAL,ADM,MAT,212
1,3,213,dia_turno_curso,4_T_LET,60,17618,77372,OPTIMAL,185219.0,185219.0,False,185219.0,2.14,1.83,600.0,4,T,LET,alfabetica,,aleatoria_por_passada,42,dia_turno_curso,213,135,True,TEMPO_TOTAL,iteracao,combinada_cursos_exat_2_dia_turno_curso_aleatoria,180.0,180.0,600.0,14400.0,False,False,alfabetica,42,alfabetica,,./dados/2024_1/horarios_2024_1.xlsx,./dados/2024_1/salas_2024_1.csv,./dados/2024_1/salas_preferenciais_2024.1.xlsx,/Users/robertdrey/Documents/workspace/development/alocador_de_salas,resultados/experimentos/2024_1/novas_hibridas/combinada_aleatoria/20261002_003719_seed42/melhor.sol,resultados/experimentos/2024_1/novas_hibridas/combinada_aleatoria/20261002_003719_seed42/historico.csv,resultados/experimentos/2024_1/novas_hibridas/combinada_aleatoria/20261002_003719_seed42/historico.json,combinada_aleatoria,cursos_exat_2 + dia_turno_curso,qualquer_melhoria_na_passada,aleatoria_por_passada,42,180.0,1,180.0,600.0,1,0,TEMPO_TOTAL,,,
1,4,1,par_cursos,AGRO+HIS,75,13524,81466,OPTIMAL,185219.0,185219.0,False,185219.0,4.68,4.37,600.0,,,,alfabetica,,aleatoria_por_passada,42,cursos_exat_2,1,1,False,TEMPO_TOTAL,iteracao,combinada_cursos_exat_2_dia_turno_curso_aleatoria,180.0,180.0,600.0,14400.0,False,False,alfabetica,42,alfabetica,,./dados/2024_1/horarios_2024_1.xlsx,./dados/2024_1/salas_2024_1.csv,./dados/2024_1/salas_preferenciais_2024.1.xlsx,/Users/robertdrey/Documents/workspace/development/alocador_de_salas,resultados/experimentos/2024_1/novas_hibridas/combinada_aleatoria/20261002_003719_seed42/melhor.sol,resultados/experimentos/2024_1/novas_hibridas/combinada_aleatoria/20261002_003719_seed42/historico.csv,resultados/experimentos/2024_1/novas_hibridas/combinada_aleatoria/20261002_003719_seed42/historico.json,combinada_aleatoria,cursos_exat_2 + dia_turno_curso,qualquer_melhoria_na_passada,aleatoria_por_passada,42,180.0,1,180.0,600.0,1,0,TEMPO_TOTAL,AGRO,HIS,1
1,4,2,dia_turno_curso,2_N_MAT,60,13386,81604,OPTIMAL,185219.0,185219.0,False,185219.0,2.0,1.68,600.0,2,N,MAT,alfabetica,,aleatoria_por_passada,42,dia_turno_curso,2,1,False,TEMPO_TOTAL,iteracao,combinada_cursos_exat_2_dia_turno_curso_aleatoria,180.0,180.0,600.0,14400.0,False,False,alfabetica,42,alfabetica,,./dados/2024_1/horarios_2024_1.xlsx,./dados/2024_1/salas_2024_1.csv,./dados/2024_1/salas_preferenciais_2024.1.xlsx,/Users/robertdrey/Documents/workspace/development/alocador_de_salas,resultados/experimentos/2024_1/novas_hibridas/combinada_aleatoria/20261002_003719_seed42/melhor.sol,resultados/experimentos/2024_1/novas_hibridas/combinada_aleatoria/20261002_003719_seed42/historico.csv,resultados/experimentos/2024_1/novas_hibridas/combinada_aleatoria/20261002_003719_seed42/historico.json,combinada_aleatoria,cursos_exat_2 + dia_turno_curso,qualquer_melhoria_na_passada,aleatoria_por_passada,42,180.0,1,180.0,600.0,1,0,TEMPO_TOTAL,,,
1,4,3,dia_turno_curso,4_N_HIS,62,13938,81052,OPTIMAL,185219.0,185219.0,False,185219.0,2.07,1.77,600.0,4,N,HIS,alfabetica,,aleatoria_por_passada,42,dia_turno_curso,3,2,False,TEMPO_TOTAL,iteracao,combinada_cursos_exat_2_dia_turno_curso_aleatoria,180.0,180.0,600.0,14400.0,False,False,alfabetica,42,alfabetica,,./dados/2024_1/horarios_2024_1.xlsx,./dados/2024_1/salas_2024_1.csv,./dados/2024_1/salas_preferenciais_2024.1.xlsx,/Users/robertdrey/Documents/workspace/development/alocador_de_salas,resultados/experimentos/2024_1/novas_hibridas/combinada_aleatoria/20261002_003719_seed42/melhor.sol,resultados/experimentos/2024_1/novas_hibridas/combinada_aleatoria/20261002_003719_seed42/historico.csv,resultados/experimentos/2024_1/novas_hibridas/combinada_aleatoria/20261002_003719_seed42/historico.json,combinada_aleatoria,cursos_exat_2 + dia_turno_curso,qualquer_melhoria_na_passada,aleatoria_por_passada,42,180.0,1,180.0,600.0,1,0,TEMPO_TOTAL,,,
1,4,4,dia_turno_curso,3_N_MAT,58,11960,83030,OPTIMAL,185219.0,185219.0,False,185219.0,1.77,1.47,600.0,3,N,MAT,alfabetica,,aleatoria_por_passada,42,dia_turno_curso,4,3,False,TEMPO_TOTAL,iteracao,combinada_cursos_exat_2_dia_turno_curso_aleatoria,180.0,180.0,600.0,14400.0,False,False,alfabetica,42,alfabetica,,./dados/2024_1/horarios_2024_1.xlsx,./dados/2024_1/salas_2024_1.csv,./dados/2024_1/salas_preferenciais_2024.1.xlsx,/Users/robertdrey/Documents/workspace/development/alocador_de_salas,resultados/experimentos/2024_1/novas_hibridas/combinada_aleatoria/20261002_003719_seed42/melhor.sol,resultados/experimentos/2024_1/novas_hibridas/combinada_aleatoria/20261002_003719_seed42/historico.csv,resultados/experimentos/2024_1/novas_hibridas/combinada_aleatoria/20261002_003719_seed42/historico.json,combinada_aleatoria,cursos_exat_2 + dia_turno_curso,qualquer_melhoria_na_passada,aleatoria_por_passada,42,180.0,1,180.0,600.0,1,0,TEMPO_TOTAL,,,
1,4,5,par_cursos,CC+FIL,62,13294,81696,OPTIMAL,185219.0,185219.0,False,185219.0,2.8,2.49,600.0,,,,alfabetica,,aleatoria_por_passada,42,cursos_exat_2,5,2,False,TEMPO_TOTAL,iteracao,combinada_cursos_exat_2_dia_turno_curso_aleatoria,180.0,180.0,600.0,14400.0,False,False,alfabetica,42,alfabetica,,./dados/2024_1/horarios_2024_1.xlsx,./dados/2024_1/salas_2024_1.csv,./dados/2024_1/salas_preferenciais_2024.1.xlsx,/Users/robertdrey/Documents/workspace/development/alocador_de_salas,resultados/experimentos/2024_1/novas_hibridas/combinada_aleatoria/20261002_003719_seed42/melhor.sol,resultados/experimentos/2024_1/novas_hibridas/combinada_aleatoria/20261002_003719_seed42/historico.csv,resultados/experimentos/2024_1/novas_hibridas/combinada_aleatoria/20261002_003719_seed42/historico.json,combinada_aleatoria,cursos_exat_2 + dia_turno_curso,qualquer_melhoria_na_passada,aleatoria_por_passada,42,180.0,1,180.0,600.0,1,0,TEMPO_TOTAL,CC,FIL,5
1,4,6,dia_turno_curso,3_M_MED,73,18492,76498,OPTIMAL,185219.0,185219.0,False,185219.0,4.61,4.31,600.0,3,M,MED,alfabetica,,aleatoria_por_passada,42,dia_turno_curso,6,4,False,TEMPO_TOTAL,iteracao,combinada_cursos_exat_2_dia_turno_curso_aleatoria,180.0,180.0,600.0,14400.0,False,False,alfabetica,42,alfabetica,,./dados/2024_1/horarios_2024_1.xlsx,./dados/2024_1/salas_2024_1.csv,./dados/2024_1/salas_preferenciais_2024.1.xlsx,/Users/robertdrey/Documents/workspace/development/alocador_de_salas,resultados/experimentos/2024_1/novas_hibridas/combinada_aleatoria/20261002_003719_seed42/melhor.sol,resultados/experimentos/2024_1/novas_hibridas/combinada_aleatoria/20261002_003719_seed42/historico.csv,resultados/experimentos/2024_1/novas_hibridas/combinada_aleatoria/20261002_003719_seed42/historico.json,combinada_aleatoria,cursos_exat_2 + dia_turno_curso,qualquer_melhoria_na_passada,aleatoria_por_passada,42,180.0,1,180.0,600.0,1,0,TEMPO_TOTAL,,,
1,4,7,par_cursos,GEO+MAT,33,7038,87952,OPTIMAL,185219.0,185219.0,False,185219.0,0.65,0.34,600.0,,,,alfabetica,,aleatoria_por_passada,42,cursos_exat_2,7,3,False,TEMPO_TOTAL,iteracao,combinada_cursos_exat_2_dia_turno_curso_aleatoria,180.0,180.0,600.0,14400.0,False,False,alfabetica,42,alfabetica,,./dados/2024_1/horarios_2024_1.xlsx,./dados/2024_1/salas_2024_1.csv,./dados/2024_1/salas_preferenciais_2024.1.xlsx,/Users/robertdrey/Documents/workspace/development/alocador_de_salas,resultados/experimentos/2024_1/novas_hibridas/combinada_aleatoria/20261002_003719_seed42/melhor.sol,resultados/experimentos/2024_1/novas_hibridas/combinada_aleatoria/20261002_003719_seed42/historico.csv,resultados/experimentos/2024_1/novas_hibridas/combinada_aleatoria/20261002_003719_seed42/historico.json,combinada_aleatoria,cursos_exat_2 + dia_turno_curso,qualquer_melhoria_na_passada,aleatoria_por_passada,42,180.0,1,180.0,600.0,1,0,TEMPO_TOTAL,GEO,MAT,7
1,4,8,dia_turno_curso,4_M_ADM,78,19596,75394,OPTIMAL,185219.0,185219.0,False,185219.0,1.94,1.64,600.0,4,M,ADM,alfabetica,,aleatoria_por_passada,42,dia_turno_curso,8,5,False,TEMPO_TOTAL,iteracao,combinada_cursos_exat_2_dia_turno_curso_aleatoria,180.0,180.0,600.0,14400.0,False,False,alfabetica,42,alfabetica,,./dados/2024_1/horarios_2024_1.xlsx,./dados/2024_1/salas_2024_1.csv,./dados/2024_1/salas_preferenciais_2024.1.xlsx,/Users/robertdrey/Documents/workspace/development/alocador_de_salas,resultados/experimentos/2024_1/novas_hibridas/combinada_aleatoria/20261002_003719_seed42/melhor.sol,resultados/experimentos/2024_1/novas_hibridas/combinada_aleatoria/20261002_003719_seed42/historico.csv,resultados/experimentos/2024_1/novas_hibridas/combinada_aleatoria/20261002_003719_seed42/historico.json,combinada_aleatoria,cursos_exat_2 + dia_turno_curso,qualquer_melhoria_na_passada,aleatoria_por_passada,42,180.0,1,180.0,600.0,1,0,TEMPO_TOTAL,,,
1,4,9,par_cursos,EAS+PED,101,20240,74750,OPTIMAL,185219.0,185219.0,False,185219.0,21.2,20.9,600.0,,,,alfabetica,,aleatoria_por_passada,42,cursos_exat_2,9,4,False,TEMPO_TOTAL,iteracao,combinada_cursos_exat_2_dia_turno_curso_aleatoria,180.0,180.0,600.0,14400.0,False,False,alfabetica,42,alfabetica,,./dados/2024_1/horarios_2024_1.xlsx,./dados/2024_1/salas_2024_1.csv,./dados/2024_1/salas_preferenciais_2024.1.xlsx,/Users/robertdrey/Documents/workspace/development/alocador_de_salas,resultados/experimentos/2024_1/novas_hibridas/combinada_aleatoria/20261002_003719_seed42/melhor.sol,resultados/experimentos/2024_1/novas_hibridas/combinada_aleatoria/20261002_003719_seed42/historico.csv,resultados/experimentos/2024_1/novas_hibridas/combinada_aleatoria/20261002_003719_seed42/historico.json,combinada_aleatoria,cursos_exat_2 + dia_turno_curso,qualquer_melhoria_na_passada,aleatoria_por_passada,42,180.0,1,180.0,600.0,1,0,TEMPO_TOTAL,EAS,PED,9
1,4,10,dia_turno_curso,3_M_AGRO,77,16514,78476,OPTIMAL,185219.0,185219.0,False,185219.0,10.13,9.82,600.0,3,M,AGRO,alfabetica,,aleatoria_por_passada,42,dia_turno_curso,10,6,False,TEMPO_TOTAL,iteracao,combinada_cursos_exat_2_dia_turno_curso_aleatoria,180.0,180.0,600.0,14400.0,False,False,alfabetica,42,alfabetica,,./dados/2024_1/horarios_2024_1.xlsx,./dados/2024_1/salas_2024_1.csv,./dados/2024_1/salas_preferenciais_2024.1.xlsx,/Users/robertdrey/Documents/workspace/development/alocador_de_salas,resultados/experimentos/2024_1/novas_hibridas/combinada_aleatoria/20261002_003719_seed42/melhor.sol,resultados/experimentos/2024_1/novas_hibridas/combinada_aleatoria/20261002_003719_seed42/historico.csv,resultados/experimentos/2024_1/novas_hibridas/combinada_aleatoria/20261002_003719_seed42/historico.json,combinada_aleatoria,cursos_exat_2 + dia_turno_curso,qualquer_melhoria_na_passada,aleatoria_por_passada,42,180.0,1,180.0,600.0,1,0,TEMPO_TOTAL,,,
1,4,11,dia_turno_curso,4_N_CC,86,19872,75118,OPTIMAL,185219.0,185219.0,False,185219.0,4.51,4.21,600.0,4,N,CC,alfabetica,,aleatoria_por_passada,42,dia_turno_curso,11,7,False,TEMPO_TOTAL,iteracao,combinada_cursos_exat_2_dia_turno_curso_aleatoria,180.0,180.0,600.0,14400.0,False,False,alfabetica,42,alfabetica,,./dados/2024_1/horarios_2024_1.xlsx,./dados/2024_1/salas_2024_1.csv,./dados/2024_1/salas_preferenciais_2024.1.xlsx,/Users/robertdrey/Documents/workspace/development/alocador_de_salas,resultados/experimentos/2024_1/novas_hibridas/combinada_aleatoria/20261002_003719_seed42/melhor.sol,resultados/experimentos/2024_1/novas_hibridas/combinada_aleatoria/20261002_003719_seed42/historico.csv,resultados/experimentos/2024_1/novas_hibridas/combinada_aleatoria/20261002_003719_seed42/historico.json,combinada_aleatoria,cursos_exat_2 + dia_turno_curso,qualquer_melhoria_na_passada,aleatoria_por_passada,42,180.0,1,180.0,600.0,1,0,TEMPO_TOTAL,,,
1,4,12,dia_turno_curso,5_N_ADM,83,16652,78338,OPTIMAL,185219.0,185219.0,False,185219.0,2.17,1.87,600.0,5,N,ADM,alfabetica,,aleatoria_por_passada,42,dia_turno_curso,12,8,False,TEMPO_TOTAL,iteracao,combinada_cursos_exat_2_dia_turno_curso_aleatoria,180.0,180.0,600.0,14400.0,False,False,alfabetica,42,alfabetica,,./dados/2024_1/horarios_2024_1.xlsx,./dados/2024_1/salas_2024_1.csv,./dados/2024_1/salas_preferenciais_2024.1.xlsx,/Users/robertdrey/Documents/workspace/development/alocador_de_salas,resultados/experimentos/2024_1/novas_hibridas/combinada_aleatoria/20261002_003719_seed42/melhor.sol,resultados/experimentos/2024_1/novas_hibridas/combinada_aleatoria/20261002_003719_seed42/historico.csv,resultados/experimentos/2024_1/novas_hibridas/combinada_aleatoria/20261002_003719_seed42/historico.json,combinada_aleatoria,cursos_exat_2 + dia_turno_curso,qualquer_melhoria_na_passada,aleatoria_por_passada,42,180.0,1,180.0,600.0,1,0,TEMPO_TOTAL,,,
1,4,13,dia_turno_curso,3_T_AGRO,82,19872,75118,OPTIMAL,185219.0,185219.0,False,185219.0,6.42,6.12,600.0,3,T,AGRO,alfabetica,,aleatoria_por_passada,42,dia_turno_curso,13,9,False,TEMPO_TOTAL,iteracao,combinada_cursos_exat_2_dia_turno_curso_aleatoria,180.0,180.0,600.0,14400.0,False,False,alfabetica,42,alfabetica,,./dados/2024_1/horarios_2024_1.xlsx,./dados/2024_1/salas_2024_1.csv,./dados/2024_1/salas_preferenciais_2024.1.xlsx,/Users/robertdrey/Documents/workspace/development/alocador_de_salas,resultados/experimentos/2024_1/novas_hibridas/combinada_aleatoria/20261002_003719_seed42/melhor.sol,resultados/experimentos/2024_1/novas_hibridas/combinada_aleatoria/20261002_003719_seed42/historico.csv,resultados/experimentos/2024_1/novas_hibridas/combinada_aleatoria/20261002_003719_seed42/historico.json,combinada_aleatoria,cursos_exat_2 + dia_turno_curso,qualquer_melhoria_na_passada,aleatoria_por_passada,42,180.0,1,180.0,600.0,1,0,TEMPO_TOTAL,,,
1,4,14,dia_turno_curso,2_M_ENF,51,15548,79442,OPTIMAL,185219.0,185219.0,False,185219.0,6.23,5.92,600.0,2,M,ENF,alfabetica,,aleatoria_por_passada,42,dia_turno_curso,14,10,False,TEMPO_TOTAL,iteracao,combinada_cursos_exat_2_dia_turno_curso_aleatoria,180.0,180.0,600.0,14400.0,False,False,alfabetica,42,alfabetica,,./dados/2024_1/horarios_2024_1.xlsx,./dados/2024_1/salas_2024_1.csv,./dados/2024_1/salas_preferenciais_2024.1.xlsx,/Users/robertdrey/Documents/workspace/development/alocador_de_salas,resultados/experimentos/2024_1/novas_hibridas/combinada_aleatoria/20261002_003719_seed42/melhor.sol,resultados/experimentos/2024_1/novas_hibridas/combinada_aleatoria/20261002_003719_seed42/historico.csv,resultados/experimentos/2024_1/novas_hibridas/combinada_aleatoria/20261002_003719_seed42/historico.json,combinada_aleatoria,cursos_exat_2 + dia_turno_curso,qualquer_melhoria_na_passada,aleatoria_por_passada,42,180.0,1,180.0,600.0,1,0,TEMPO_TOTAL,,,
1,4,15,dia_turno_curso,5_T_MED,67,19274,75716,OPTIMAL,185219.0,185219.0,False,185219.0,2.23,1.93,600.0,5,T,MED,alfabetica,,aleatoria_por_passada,42,dia_turno_curso,15,11,False,TEMPO_TOTAL,iteracao,combinada_cursos_exat_2_dia_turno_curso_aleatoria,180.0,180.0,600.0,14400.0,False,False,alfabetica,42,alfabetica,,./dados/2024_1/horarios_2024_1.xlsx,./dados/2024_1/salas_2024_1.csv,./dados/2024_1/salas_preferenciais_2024.1.xlsx,/Users/robertdrey/Documents/workspace/development/alocador_de_salas,resultados/experimentos/2024_1/novas_hibridas/combinada_aleatoria/20261002_003719_seed42/melhor.sol,resultados/experimentos/2024_1/novas_hibridas/combinada_aleatoria/20261002_003719_seed42/historico.csv,resultados/experimentos/2024_1/novas_hibridas/combinada_aleatoria/20261002_003719_seed42/historico.json,combinada_aleatoria,cursos_exat_2 + dia_turno_curso,qualquer_melhoria_na_passada,aleatoria_por_passada,42,180.0,1,180.0,600.0,1,0,TEMPO_TOTAL,,,
1,4,16,dia_turno_curso,5_N_MED,78,16928,78062,OPTIMAL,185219.0,185219.0,False,185219.0,1.86,1.58,600.0,5,N,MED,alfabetica,,aleatoria_por_passada,42,dia_turno_curso,16,12,False,TEMPO_TOTAL,iteracao,combinada_cursos_exat_2_dia_turno_curso_aleatoria,180.0,180.0,600.0,14400.0,False,False,alfabetica,42,alfabetica,,./dados/2024_1/horarios_2024_1.xlsx,./dados/2024_1/salas_2024_1.csv,./dados/2024_1/salas_preferenciais_2024.1.xlsx,/Users/robertdrey/Documents/workspace/development/alocador_de_salas,resultados/experimentos/2024_1/novas_hibridas/combinada_aleatoria/20261002_003719_seed42/melhor.sol,resultados/experimentos/2024_1/novas_hibridas/combinada_aleatoria/20261002_003719_seed42/historico.csv,resultados/experimentos/2024_1/novas_hibridas/combinada_aleatoria/20261002_003719_seed42/historico.json,combinada_aleatoria,cursos_exat_2 + dia_turno_curso,qualquer_melhoria_na_passada,aleatoria_por_passada,42,180.0,1,180.0,600.0,1,0,TEMPO_TOTAL,,,
1,4,17,dia_turno_curso,2_N_MED,81,18630,76360,OPTIMAL,185219.0,185219.0,False,185219.0,2.19,1.9,600.0,2,N,MED,alfabetica,,aleatoria_por_passada,42,dia_turno_curso,17,13,False,TEMPO_TOTAL,iteracao,combinada_cursos_exat_2_dia_turno_curso_aleatoria,180.0,180.0,600.0,14400.0,False,False,alfabetica,42,alfabetica,,./dados/2024_1/horarios_2024_1.xlsx,./dados/2024_1/salas_2024_1.csv,./dados/2024_1/salas_preferenciais_2024.1.xlsx,/Users/robertdrey/Documents/workspace/development/alocador_de_salas,resultados/experimentos/2024_1/novas_hibridas/combinada_aleatoria/20261002_003719_seed42/melhor.sol,resultados/experimentos/2024_1/novas_hibridas/combinada_aleatoria/20261002_003719_seed42/historico.csv,resultados/experimentos/2024_1/novas_hibridas/combinada_aleatoria/20261002_003719_seed42/historico.json,combinada_aleatoria,cursos_exat_2 + dia_turno_curso,qualquer_melhoria_na_passada,aleatoria_por_passada,42,180.0,1,180.0,600.0,1,0,TEMPO_TOTAL,,,
1,4,18,par_cursos,ADM+CS,70,13846,81144,OPTIMAL,185219.0,185219.0,False,185219.0,0.99,0.69,600.0,,,,alfabetica,,aleatoria_por_passada,42,cursos_exat_2,18,5,False,TEMPO_TOTAL,iteracao,combinada_cursos_exat_2_dia_turno_curso_aleatoria,180.0,180.0,600.0,14400.0,False,False,alfabetica,42,alfabetica,,./dados/2024_1/horarios_2024_1.xlsx,./dados/2024_1/salas_2024_1.csv,./dados/2024_1/salas_preferenciais_2024.1.xlsx,/Users/robertdrey/Documents/workspace/development/alocador_de_salas,resultados/experimentos/2024_1/novas_hibridas/combinada_aleatoria/20261002_003719_seed42/melhor.sol,resultados/experimentos/2024_1/novas_hibridas/combinada_aleatoria/20261002_003719_seed42/historico.csv,resultados/experimentos/2024_1/novas_hibridas/combinada_aleatoria/20261002_003719_seed42/historico.json,combinada_aleatoria,cursos_exat_2 + dia_turno_curso,qualquer_melhoria_na_passada,aleatoria_por_passada,42,180.0,1,180.0,600.0,1,0,TEMPO_TOTAL,ADM,CS,18
1,4,19,dia_turno_curso,5_M_ADM,80,19734,75256,OPTIMAL,185219.0,185219.0,False,185219.0,2.29,1.99,600.0,5,M,ADM,alfabetica,,aleatoria_por_passada,42,dia_turno_curso,19,14,False,TEMPO_TOTAL,iteracao,combinada_cursos_exat_2_dia_turno_curso_aleatoria,180.0,180.0,600.0,14400.0,False,False,alfabetica,42,alfabetica,,./dados/2024_1/horarios_2024_1.xlsx,./dados/2024_1/salas_2024_1.csv,./dados/2024_1/salas_preferenciais_2024.1.xlsx,/Users/robertdrey/Documents/workspace/development/alocador_de_salas,resultados/experimentos/2024_1/novas_hibridas/combinada_aleatoria/20261002_003719_seed42/melhor.sol,resultados/experimentos/2024_1/novas_hibridas/combinada_aleatoria/20261002_003719_seed42/historico.csv,resultados/experimentos/2024_1/novas_hibridas/combinada_aleatoria/20261002_003719_seed42/historico.json,combinada_aleatoria,cursos_exat_2 + dia_turno_curso,qualquer_melhoria_na_passada,aleatoria_por_passada,42,180.0,1,180.0,600.0,1,0,TEMPO_TOTAL,,,
1,4,20,dia_turno_curso,3_N_ADM,84,16468,78522,OPTIMAL,185219.0,185219.0,False,185219.0,2.33,2.03,600.0,3,N,ADM,alfabetica,,aleatoria_por_passada,42,dia_turno_curso,20,15,False,TEMPO_TOTAL,iteracao,combinada_cursos_exat_2_dia_turno_curso_aleatoria,180.0,180.0,600.0,14400.0,False,False,alfabetica,42,alfabetica,,./dados/2024_1/horarios_2024_1.xlsx,./dados/2024_1/salas_2024_1.csv,./dados/2024_1/salas_preferenciais_2024.1.xlsx,/Users/robertdrey/Documents/workspace/development/alocador_de_salas,resultados/experimentos/2024_1/novas_hibridas/combinada_aleatoria/20261002_003719_seed42/melhor.sol,resultados/experimentos/2024_1/novas_hibridas/combinada_aleatoria/20261002_003719_seed42/historico.csv,resultados/experimentos/2024_1/novas_hibridas/combinada_aleatoria/20261002_003719_seed42/historico.json,combinada_aleatoria,cursos_exat_2 + dia_turno_curso,qualquer_melhoria_na_passada,aleatoria_por_passada,42,180.0,1,180.0,600.0,1,0,TEMPO_TOTAL,,,
1,4,21,dia_turno_curso,7_T_AGRO,58,12144,82846,OPTIMAL,185219.0,185219.0,False,185219.0,4.2,3.89,600.0,7,T,AGRO,alfabetica,,aleatoria_por_passada,42,dia_turno_curso,21,16,False,TEMPO_TOTAL,iteracao,combinada_cursos_exat_2_dia_turno_curso_aleatoria,180.0,180.0,600.0,14400.0,False,False,alfabetica,42,alfabetica,,./dados/2024_1/horarios_2024_1.xlsx,./dados/2024_1/salas_2024_1.csv,./dados/2024_1/salas_preferenciais_2024.1.xlsx,/Users/robertdrey/Documents/workspace/development/alocador_de_salas,resultados/experimentos/2024_1/novas_hibridas/combinada_aleatoria/20261002_003719_seed42/melhor.sol,resultados/experimentos/2024_1/novas_hibridas/combinada_aleatoria/20261002_003719_seed42/historico.csv,resultados/experimentos/2024_1/novas_hibridas/combinada_aleatoria/20261002_003719_seed42/historico.json,combinada_aleatoria,cursos_exat_2 + dia_turno_curso,qualquer_melhoria_na_passada,aleatoria_por_passada,42,180.0,1,180.0,600.0,1,0,TEMPO_TOTAL,,,
1,4,22,dia_turno_curso,2_N_EAS,85,16376,78614,OPTIMAL,185219.0,185219.0,False,185219.0,1.7,1.39,600.0,2,N,EAS,alfabetica,,aleatoria_por_passada,42,dia_turno_curso,22,17,False,TEMPO_TOTAL,iteracao,combinada_cursos_exat_2_dia_turno_curso_aleatoria,180.0,180.0,600.0,14400.0,False,False,alfabetica,42,alfabetica,,./dados/2024_1/horarios_2024_1.xlsx,./dados/2024_1/salas_2024_1.csv,./dados/2024_1/salas_preferenciais_2024.1.xlsx,/Users/robertdrey/Documents/workspace/development/alocador_de_salas,resultados/experimentos/2024_1/novas_hibridas/combinada_aleatoria/20261002_003719_seed42/melhor.sol,resultados/experimentos/2024_1/novas_hibridas/combinada_aleatoria/20261002_003719_seed42/historico.csv,resultados/experimentos/2024_1/novas_hibridas/combinada_aleatoria/20261002_003719_seed42/historico.json,combinada_aleatoria,cursos_exat_2 + dia_turno_curso,qualquer_melhoria_na_passada,aleatoria_por_passada,42,180.0,1,180.0,600.0,1,0,TEMPO_TOTAL,,,
1,4,23,par_cursos,CC+GEO,57,12604,82386,OPTIMAL,185219.0,185219.0,False,185219.0,2.24,1.93,600.0,,,,alfabetica,,aleatoria_por_passada,42,cursos_exat_2,23,6,False,TEMPO_TOTAL,iteracao,combinada_cursos_exat_2_dia_turno_curso_aleatoria,180.0,180.0,600.0,14400.0,False,False,alfabetica,42,alfabetica,,./dados/2024_1/horarios_2024_1.xlsx,./dados/2024_1/salas_2024_1.csv,./dados/2024_1/salas_preferenciais_2024.1.xlsx,/Users/robertdrey/Documents/workspace/development/alocador_de_salas,resultados/experimentos/2024_1/novas_hibridas/combinada_aleatoria/20261002_003719_seed42/melhor.sol,resultados/experimentos/2024_1/novas_hibridas/combinada_aleatoria/20261002_003719_seed42/historico.csv,resultados/experimentos/2024_1/novas_hibridas/combinada_aleatoria/20261002_003719_seed42/historico.json,combinada_aleatoria,cursos_exat_2 + dia_turno_curso,qualquer_melhoria_na_passada,aleatoria_por_passada,42,180.0,1,180.0,600.0,1,0,TEMPO_TOTAL,CC,GEO,23
1,4,24,par_cursos,CS+MED,63,13938,81052,OPTIMAL,185219.0,185219.0,False,185219.0,1.06,0.75,600.0,,,,alfabetica,,aleatoria_por_passada,42,cursos_exat_2,24,7,False,TEMPO_TOTAL,iteracao,combinada_cursos_exat_2_dia_turno_curso_aleatoria,180.0,180.0,600.0,14400.0,False,False,alfabetica,42,alfabetica,,./dados/2024_1/horarios_2024_1.xlsx,./dados/2024_1/salas_2024_1.csv,./dados/2024_1/salas_preferenciais_2024.1.xlsx,/Users/robertdrey/Documents/workspace/development/alocador_de_salas,resultados/experimentos/2024_1/novas_hibridas/combinada_aleatoria/20261002_003719_seed42/melhor.sol,resultados/experimentos/2024_1/novas_hibridas/combinada_aleatoria/20261002_003719_seed42/historico.csv,resultados/experimentos/2024_1/novas_hibridas/combinada_aleatoria/20261002_003719_seed42/historico.json,combinada_aleatoria,cursos_exat_2 + dia_turno_curso,qualquer_melhoria_na_passada,aleatoria_por_passada,42,180.0,1,180.0,600.0,1,0,TEMPO_TOTAL,CS,MED,24
1,4,25,par_cursos,CC+MAT,70,15502,79488,OPTIMAL,185219.0,185219.0,False,185219.0,2.42,2.12,600.0,,,,alfabetica,,aleatoria_por_passada,42,cursos_exat_2,25,8,False,TEMPO_TOTAL,iteracao,combinada_cursos_exat_2_dia_turno_curso_aleatoria,180.0,180.0,600.0,14400.0,False,False,alfabetica,42,alfabetica,,./dados/2024_1/horarios_2024_1.xlsx,./dados/2024_1/salas_2024_1.csv,./dados/2024_1/salas_preferenciais_2024.1.xlsx,/Users/robertdrey/Documents/workspace/development/alocador_de_salas,resultados/experimentos/2024_1/novas_hibridas/combinada_aleatoria/20261002_003719_seed42/melhor.sol,resultados/experimentos/2024_1/novas_hibridas/combinada_aleatoria/20261002_003719_seed42/historico.csv,resultados/experimentos/2024_1/novas_hibridas/combinada_aleatoria/20261002_003719_seed42/historico.json,combinada_aleatoria,cursos_exat_2 + dia_turno_curso,qualquer_melhoria_na_passada,aleatoria_por_passada,42,180.0,1,180.0,600.0,1,0,TEMPO_TOTAL,CC,MAT,25
1,4,26,par_cursos,FIL+MAT,38,7728,87262,OPTIMAL,185219.0,185219.0,False,185219.0,0.65,0.34,600.0,,,,alfabetica,,aleatoria_por_passada,42,cursos_exat_2,26,9,False,TEMPO_TOTAL,iteracao,combinada_cursos_exat_2_dia_turno_curso_aleatoria,180.0,180.0,600.0,14400.0,False,False,alfabetica,42,alfabetica,,./dados/2024_1/horarios_2024_1.xlsx,./dados/2024_1/salas_2024_1.csv,./dados/2024_1/salas_preferenciais_2024.1.xlsx,/Users/robertdrey/Documents/workspace/development/alocador_de_salas,resultados/experimentos/2024_1/novas_hibridas/combinada_aleatoria/20261002_003719_seed42/melhor.sol,resultados/experimentos/2024_1/novas_hibridas/combinada_aleatoria/20261002_003719_seed42/historico.csv,resultados/experimentos/2024_1/novas_hibridas/combinada_aleatoria/20261002_003719_seed42/historico.json,combinada_aleatoria,cursos_exat_2 + dia_turno_curso,qualquer_melhoria_na_passada,aleatoria_por_passada,42,180.0,1,180.0,600.0,1,0,TEMPO_TOTAL,FIL,MAT,26
1,4,27,dia_turno_curso,4_T_CC,69,19964,75026,OPTIMAL,185219.0,185219.0,False,185219.0,4.15,3.85,600.0,4,T,CC,alfabetica,,aleatoria_por_passada,42,dia_turno_curso,27,18,False,TEMPO_TOTAL,iteracao,combinada_cursos_exat_2_dia_turno_curso_aleatoria,180.0,180.0,600.0,14400.0,False,False,alfabetica,42,alfabetica,,./dados/2024_1/horarios_2024_1.xlsx,./dados/2024_1/salas_2024_1.csv,./dados/2024_1/salas_preferenciais_2024.1.xlsx,/Users/robertdrey/Documents/workspace/development/alocador_de_salas,resultados/experimentos/2024_1/novas_hibridas/combinada_aleatoria/20261002_003719_seed42/melhor.sol,resultados/experimentos/2024_1/novas_hibridas/combinada_aleatoria/20261002_003719_seed42/historico.csv,resultados/experimentos/2024_1/novas_hibridas/combinada_aleatoria/20261002_003719_seed42/historico.json,combinada_aleatoria,cursos_exat_2 + dia_turno_curso,qualquer_melhoria_na_passada,aleatoria_por_passada,42,180.0,1,180.0,600.0,1,0,TEMPO_TOTAL,,,
1,4,28,dia_turno_curso,2_M_ADM,81,18538,76452,OPTIMAL,185219.0,185219.0,False,185219.0,2.25,1.95,600.0,2,M,ADM,alfabetica,,aleatoria_por_passada,42,dia_turno_curso,28,19,False,TEMPO_TOTAL,iteracao,combinada_cursos_exat_2_dia_turno_curso_aleatoria,180.0,180.0,600.0,14400.0,False,False,alfabetica,42,alfabetica,,./dados/2024_1/horarios_2024_1.xlsx,./dados/2024_1/salas_2024_1.csv,./dados/2024_1/salas_preferenciais_2024.1.xlsx,/Users/robertdrey/Documents/workspace/development/alocador_de_salas,resultados/experimentos/2024_1/novas_hibridas/combinada_aleatoria/20261002_003719_seed42/melhor.sol,resultados/experimentos/2024_1/novas_hibridas/combinada_aleatoria/20261002_003719_seed42/historico.csv,resultados/experimentos/2024_1/novas_hibridas/combinada_aleatoria/20261002_003719_seed42/historico.json,combinada_aleatoria,cursos_exat_2 + dia_turno_curso,qualquer_melhoria_na_passada,aleatoria_por_passada,42,180.0,1,180.0,600.0,1,0,TEMPO_TOTAL,,,
1,4,29,dia_turno_curso,5_N_FIL,51,10304,84686,OPTIMAL,185219.0,185219.0,False,185219.0,1.38,1.07,600.0,5,N,FIL,alfabetica,,aleatoria_por_passada,42,dia_turno_curso,29,20,False,TEMPO_TOTAL,iteracao,combinada_cursos_exat_2_dia_turno_curso_aleatoria,180.0,180.0,600.0,14400.0,False,False,alfabetica,42,alfabetica,,./dados/2024_1/horarios_2024_1.xlsx,./dados/2024_1/salas_2024_1.csv,./dados/2024_1/salas_preferenciais_2024.1.xlsx,/Users/robertdrey/Documents/workspace/development/alocador_de_salas,resultados/experimentos/2024_1/novas_hibridas/combinada_aleatoria/20261002_003719_seed42/melhor.sol,resultados/experimentos/2024_1/novas_hibridas/combinada_aleatoria/20261002_003719_seed42/historico.csv,resultados/experimentos/2024_1/novas_hibridas/combinada_aleatoria/20261002_003719_seed42/historico.json,combinada_aleatoria,cursos_exat_2 + dia_turno_curso,qualquer_melhoria_na_passada,aleatoria_por_passada,42,180.0,1,180.0,600.0,1,0,TEMPO_TOTAL,,,
1,4,30,par_cursos,CC+CS,69,15088,79902,OPTIMAL,185219.0,185219.0,False,185219.0,2.68,2.38,600.0,,,,alfabetica,,aleatoria_por_passada,42,cursos_exat_2,30,10,False,TEMPO_TOTAL,iteracao,combinada_cursos_exat_2_dia_turno_curso_aleatoria,180.0,180.0,600.0,14400.0,False,False,alfabetica,42,alfabetica,,./dados/2024_1/horarios_2024_1.xlsx,./dados/2024_1/salas_2024_1.csv,./dados/2024_1/salas_preferenciais_2024.1.xlsx,/Users/robertdrey/Documents/workspace/development/alocador_de_salas,resultados/experimentos/2024_1/novas_hibridas/combinada_aleatoria/20261002_003719_seed42/melhor.sol,resultados/experimentos/2024_1/novas_hibridas/combinada_aleatoria/20261002_003719_seed42/historico.csv,resultados/experimentos/2024_1/novas_hibridas/combinada_aleatoria/20261002_003719_seed42/historico.json,combinada_aleatoria,cursos_exat_2 + dia_turno_curso,qualquer_melhoria_na_passada,aleatoria_por_passada,42,180.0,1,180.0,600.0,1,0,TEMPO_TOTAL,CC,CS,30
1,4,31,dia_turno_curso,6_N_CC,82,18400,76590,OPTIMAL,185219.0,185219.0,False,185219.0,3.18,2.87,600.0,6,N,CC,alfabetica,,aleatoria_por_passada,42,dia_turno_curso,31,21,False,TEMPO_TOTAL,iteracao,combinada_cursos_exat_2_dia_turno_curso_aleatoria,180.0,180.0,600.0,14400.0,False,False,alfabetica,42,alfabetica,,./dados/2024_1/horarios_2024_1.xlsx,./dados/2024_1/salas_2024_1.csv,./dados/2024_1/salas_preferenciais_2024.1.xlsx,/Users/robertdrey/Documents/workspace/development/alocador_de_salas,resultados/experimentos/2024_1/novas_hibridas/combinada_aleatoria/20261002_003719_seed42/melhor.sol,resultados/experimentos/2024_1/novas_hibridas/combinada_aleatoria/20261002_003719_seed42/historico.csv,resultados/experimentos/2024_1/novas_hibridas/combinada_aleatoria/20261002_003719_seed42/historico.json,combinada_aleatoria,cursos_exat_2 + dia_turno_curso,qualquer_melhoria_na_passada,aleatoria_por_passada,42,180.0,1,180.0,600.0,1,0,TEMPO_TOTAL,,,
1,4,32,dia_turno_curso,6_T_AGRO,79,20102,74888,OPTIMAL,185219.0,185219.0,False,185219.0,5.27,4.97,600.0,6,T,AGRO,alfabetica,,aleatoria_por_passada,42,dia_turno_curso,32,22,False,TEMPO_TOTAL,iteracao,combinada_cursos_exat_2_dia_turno_curso_aleatoria,180.0,180.0,600.0,14400.0,False,False,alfabetica,42,alfabetica,,./dados/2024_1/horarios_2024_1.xlsx,./dados/2024_1/salas_2024_1.csv,./dados/2024_1/salas_preferenciais_2024.1.xlsx,/Users/robertdrey/Documents/workspace/development/alocador_de_salas,resultados/experimentos/2024_1/novas_hibridas/combinada_aleatoria/20261002_003719_seed42/melhor.sol,resultados/experimentos/2024_1/novas_hibridas/combinada_aleatoria/20261002_003719_seed42/historico.csv,resultados/experimentos/2024_1/novas_hibridas/combinada_aleatoria/20261002_003719_seed42/historico.json,combinada_aleatoria,cursos_exat_2 + dia_turno_curso,qualquer_melhoria_na_passada,aleatoria_por_passada,42,180.0,1,180.0,600.0,1,0,TEMPO_TOTAL,,,
1,4,33,dia_turno_curso,5_T_AGRO,77,18814,76176,OPTIMAL,185219.0,185219.0,False,185219.0,8.74,8.44,600.0,5,T,AGRO,alfabetica,,aleatoria_por_passada,42,dia_turno_curso,33,23,False,TEMPO_TOTAL,iteracao,combinada_cursos_exat_2_dia_turno_curso_aleatoria,180.0,180.0,600.0,14400.0,False,False,alfabetica,42,alfabetica,,./dados/2024_1/horarios_2024_1.xlsx,./dados/2024_1/salas_2024_1.csv,./dados/2024_1/salas_preferenciais_2024.1.xlsx,/Users/robertdrey/Documents/workspace/development/alocador_de_salas,resultados/experimentos/2024_1/novas_hibridas/combinada_aleatoria/20261002_003719_seed42/melhor.sol,resultados/experimentos/2024_1/novas_hibridas/combinada_aleatoria/20261002_003719_seed42/historico.csv,resultados/experimentos/2024_1/novas_hibridas/combinada_aleatoria/20261002_003719_seed42/historico.json,combinada_aleatoria,cursos_exat_2 + dia_turno_curso,qualquer_melhoria_na_passada,aleatoria_por_passada,42,180.0,1,180.0,600.0,1,0,TEMPO_TOTAL,,,
1,4,34,par_cursos,CS+EAS,67,12006,82984,OPTIMAL,185219.0,185219.0,False,185219.0,0.86,0.55,600.0,,,,alfabetica,,aleatoria_por_passada,42,cursos_exat_2,34,11,False,TEMPO_TOTAL,iteracao,combinada_cursos_exat_2_dia_turno_curso_aleatoria,180.0,180.0,600.0,14400.0,False,False,alfabetica,42,alfabetica,,./dados/2024_1/horarios_2024_1.xlsx,./dados/2024_1/salas_2024_1.csv,./dados/2024_1/salas_preferenciais_2024.1.xlsx,/Users/robertdrey/Documents/workspace/development/alocador_de_salas,resultados/experimentos/2024_1/novas_hibridas/combinada_aleatoria/20261002_003719_seed42/melhor.sol,resultados/experimentos/2024_1/novas_hibridas/combinada_aleatoria/20261002_003719_seed42/historico.csv,resultados/experimentos/2024_1/novas_hibridas/combinada_aleatoria/20261002_003719_seed42/historico.json,combinada_aleatoria,cursos_exat_2 + dia_turno_curso,qualquer_melhoria_na_passada,aleatoria_por_passada,42,180.0,1,180.0,600.0,1,0,TEMPO_TOTAL,CS,EAS,34
1,4,35,par_cursos,ADM+AGRO,99,18032,76958,OPTIMAL,185219.0,185219.0,False,185219.0,7.37,7.05,600.0,,,,alfabetica,,aleatoria_por_passada,42,cursos_exat_2,35,12,False,TEMPO_TOTAL,iteracao,combinada_cursos_exat_2_dia_turno_curso_aleatoria,180.0,180.0,600.0,14400.0,False,False,alfabetica,42,alfabetica,,./dados/2024_1/horarios_2024_1.xlsx,./dados/2024_1/salas_2024_1.csv,./dados/2024_1/salas_preferenciais_2024.1.xlsx,/Users/robertdrey/Documents/workspace/development/alocador_de_salas,resultados/experimentos/2024_1/novas_hibridas/combinada_aleatoria/20261002_003719_seed42/melhor.sol,resultados/experimentos/2024_1/novas_hibridas/combinada_aleatoria/20261002_003719_seed42/historico.csv,resultados/experimentos/2024_1/novas_hibridas/combinada_aleatoria/20261002_003719_seed42/historico.json,combinada_aleatoria,cursos_exat_2 + dia_turno_curso,qualquer_melhoria_na_passada,aleatoria_por_passada,42,180.0,1,180.0,600.0,1,0,TEMPO_TOTAL,ADM,AGRO,35
1,4,36,par_cursos,CS+FIL,37,7314,87676,OPTIMAL,185219.0,185219.0,False,185219.0,0.65,0.34,600.0,,,,alfabetica,,aleatoria_por_passada,42,cursos_exat_2,36,13,False,TEMPO_TOTAL,iteracao,combinada_cursos_exat_2_dia_turno_curso_aleatoria,180.0,180.0,600.0,14400.0,False,False,alfabetica,42,alfabetica,,./dados/2024_1/horarios_2024_1.xlsx,./dados/2024_1/salas_2024_1.csv,./dados/2024_1/salas_preferenciais_2024.1.xlsx,/Users/robertdrey/Documents/workspace/development/alocador_de_salas,resultados/experimentos/2024_1/novas_hibridas/combinada_aleatoria/20261002_003719_seed42/melhor.sol,resultados/experimentos/2024_1/novas_hibridas/combinada_aleatoria/20261002_003719_seed42/historico.csv,resultados/experimentos/2024_1/novas_hibridas/combinada_aleatoria/20261002_003719_seed42/historico.json,combinada_aleatoria,cursos_exat_2 + dia_turno_curso,qualquer_melhoria_na_passada,aleatoria_por_passada,42,180.0,1,180.0,600.0,1,0,TEMPO_TOTAL,CS,FIL,36
1,4,37,par_cursos,CS+HIS,46,9338,85652,OPTIMAL,185219.0,185219.0,False,185219.0,0.87,0.55,600.0,,,,alfabetica,,aleatoria_por_passada,42,cursos_exat_2,37,14,False,TEMPO_TOTAL,iteracao,combinada_cursos_exat_2_dia_turno_curso_aleatoria,180.0,180.0,600.0,14400.0,False,False,alfabetica,42,alfabetica,,./dados/2024_1/horarios_2024_1.xlsx,./dados/2024_1/salas_2024_1.csv,./dados/2024_1/salas_preferenciais_2024.1.xlsx,/Users/robertdrey/Documents/workspace/development/alocador_de_salas,resultados/experimentos/2024_1/novas_hibridas/combinada_aleatoria/20261002_003719_seed42/melhor.sol,resultados/experimentos/2024_1/novas_hibridas/combinada_aleatoria/20261002_003719_seed42/historico.csv,resultados/experimentos/2024_1/novas_hibridas/combinada_aleatoria/20261002_003719_seed42/historico.json,combinada_aleatoria,cursos_exat_2 + dia_turno_curso,qualquer_melhoria_na_passada,aleatoria_por_passada,42,180.0,1,180.0,600.0,1,0,TEMPO_TOTAL,CS,HIS,37
1,4,38,dia_turno_curso,4_T_MAT,51,15410,79580,OPTIMAL,185219.0,185219.0,False,185219.0,0.99,0.68,600.0,4,T,MAT,alfabetica,,aleatoria_por_passada,42,dia_turno_curso,38,24,False,TEMPO_TOTAL,iteracao,combinada_cursos_exat_2_dia_turno_curso_aleatoria,180.0,180.0,600.0,14400.0,False,False,alfabetica,42,alfabetica,,./dados/2024_1/horarios_2024_1.xlsx,./dados/2024_1/salas_2024_1.csv,./dados/2024_1/salas_preferenciais_2024.1.xlsx,/Users/robertdrey/Documents/workspace/development/alocador_de_salas,resultados/experimentos/2024_1/novas_hibridas/combinada_aleatoria/20261002_003719_seed42/melhor.sol,resultados/experimentos/2024_1/novas_hibridas/combinada_aleatoria/20261002_003719_seed42/historico.csv,resultados/experimentos/2024_1/novas_hibridas/combinada_aleatoria/20261002_003719_seed42/historico.json,combinada_aleatoria,cursos_exat_2 + dia_turno_curso,qualquer_melhoria_na_passada,aleatoria_por_passada,42,180.0,1,180.0,600.0,1,0,TEMPO_TOTAL,,,
1,4,39,dia_turno_curso,2_T_CC,70,20010,74980,OPTIMAL,185219.0,185219.0,False,185219.0,3.54,3.25,600.0,2,T,CC,alfabetica,,aleatoria_por_passada,42,dia_turno_curso,39,25,False,TEMPO_TOTAL,iteracao,combinada_cursos_exat_2_dia_turno_curso_aleatoria,180.0,180.0,600.0,14400.0,False,False,alfabetica,42,alfabetica,,./dados/2024_1/horarios_2024_1.xlsx,./dados/2024_1/salas_2024_1.csv,./dados/2024_1/salas_preferenciais_2024.1.xlsx,/Users/robertdrey/Documents/workspace/development/alocador_de_salas,resultados/experimentos/2024_1/novas_hibridas/combinada_aleatoria/20261002_003719_seed42/melhor.sol,resultados/experimentos/2024_1/novas_hibridas/combinada_aleatoria/20261002_003719_seed42/historico.csv,resultados/experimentos/2024_1/novas_hibridas/combinada_aleatoria/20261002_003719_seed42/historico.json,combinada_aleatoria,cursos_exat_2 + dia_turno_curso,qualquer_melhoria_na_passada,aleatoria_por_passada,42,180.0,1,180.0,600.0,1,0,TEMPO_TOTAL,,,
1,4,40,par_cursos,AGRO+FIL,66,11500,83490,OPTIMAL,185219.0,185219.0,False,185219.0,4.22,3.91,600.0,,,,alfabetica,,aleatoria_por_passada,42,cursos_exat_2,40,15,False,TEMPO_TOTAL,iteracao,combinada_cursos_exat_2_dia_turno_curso_aleatoria,180.0,180.0,600.0,14400.0,False,False,alfabetica,42,alfabetica,,./dados/2024_1/horarios_2024_1.xlsx,./dados/2024_1/salas_2024_1.csv,./dados/2024_1/salas_preferenciais_2024.1.xlsx,/Users/robertdrey/Documents/workspace/development/alocador_de_salas,resultados/experimentos/2024_1/novas_hibridas/combinada_aleatoria/20261002_003719_seed42/melhor.sol,resultados/experimentos/2024_1/novas_hibridas/combinada_aleatoria/20261002_003719_seed42/historico.csv,resultados/experimentos/2024_1/novas_hibridas/combinada_aleatoria/20261002_003719_seed42/historico.json,combinada_aleatoria,cursos_exat_2 + dia_turno_curso,qualquer_melhoria_na_passada,aleatoria_por_passada,42,180.0,1,180.0,600.0,1,0,TEMPO_TOTAL,AGRO,FIL,40
1,4,41,dia_turno_curso,7_M_HIS,41,12420,82570,OPTIMAL,185219.0,185219.0,False,185219.0,1.04,0.73,600.0,7,M,HIS,alfabetica,,aleatoria_por_passada,42,dia_turno_curso,41,26,False,TEMPO_TOTAL,iteracao,combinada_cursos_exat_2_dia_turno_curso_aleatoria,180.0,180.0,600.0,14400.0,False,False,alfabetica,42,alfabetica,,./dados/2024_1/horarios_2024_1.xlsx,./dados/2024_1/salas_2024_1.csv,./dados/2024_1/salas_preferenciais_2024.1.xlsx,/Users/robertdrey/Documents/workspace/development/alocador_de_salas,resultados/experimentos/2024_1/novas_hibridas/combinada_aleatoria/20261002_003719_seed42/melhor.sol,resultados/experimentos/2024_1/novas_hibridas/combinada_aleatoria/20261002_003719_seed42/historico.csv,resultados/experimentos/2024_1/novas_hibridas/combinada_aleatoria/20261002_003719_seed42/historico.json,combinada_aleatoria,cursos_exat_2 + dia_turno_curso,qualquer_melhoria_na_passada,aleatoria_por_passada,42,180.0,1,180.0,600.0,1,0,TEMPO_TOTAL,,,
1,4,42,dia_turno_curso,4_N_EAS,86,17204,77786,OPTIMAL,185219.0,185219.0,False,185219.0,2.1,1.81,600.0,4,N,EAS,alfabetica,,aleatoria_por_passada,42,dia_turno_curso,42,27,False,TEMPO_TOTAL,iteracao,combinada_cursos_exat_2_dia_turno_curso_aleatoria,180.0,180.0,600.0,14400.0,False,False,alfabetica,42,alfabetica,,./dados/2024_1/horarios_2024_1.xlsx,./dados/2024_1/salas_2024_1.csv,./dados/2024_1/salas_preferenciais_2024.1.xlsx,/Users/robertdrey/Documents/workspace/development/alocador_de_salas,resultados/experimentos/2024_1/novas_hibridas/combinada_aleatoria/20261002_003719_seed42/melhor.sol,resultados/experimentos/2024_1/novas_hibridas/combinada_aleatoria/20261002_003719_seed42/historico.csv,resultados/experimentos/2024_1/novas_hibridas/combinada_aleatoria/20261002_003719_seed42/historico.json,combinada_aleatoria,cursos_exat_2 + dia_turno_curso,qualquer_melhoria_na_passada,aleatoria_por_passada,42,180.0,1,180.0,600.0,1,0,TEMPO_TOTAL,,,
1,4,43,par_cursos,EAS+HIS,69,12236,82754,OPTIMAL,185219.0,185219.0,False,185219.0,0.87,0.57,600.0,,,,alfabetica,,aleatoria_por_passada,42,cursos_exat_2,43,16,False,TEMPO_TOTAL,iteracao,combinada_cursos_exat_2_dia_turno_curso_aleatoria,180.0,180.0,600.0,14400.0,False,False,alfabetica,42,alfabetica,,./dados/2024_1/horarios_2024_1.xlsx,./dados/2024_1/salas_2024_1.csv,./dados/2024_1/salas_preferenciais_2024.1.xlsx,/Users/robertdrey/Documents/workspace/development/alocador_de_salas,resultados/experimentos/2024_1/novas_hibridas/combinada_aleatoria/20261002_003719_seed42/melhor.sol,resultados/experimentos/2024_1/novas_hibridas/combinada_aleatoria/20261002_003719_seed42/historico.csv,resultados/experimentos/2024_1/novas_hibridas/combinada_aleatoria/20261002_003719_seed42/historico.json,combinada_aleatoria,cursos_exat_2 + dia_turno_curso,qualquer_melhoria_na_passada,aleatoria_por_passada,42,180.0,1,180.0,600.0,1,0,TEMPO_TOTAL,EAS,HIS,43
1,4,44,par_cursos,ADM+PED,104,22080,72910,TIME_LIMIT,185219.0,185219.0,False,185219.0,600.46,600.14,600.0,,,,alfabetica,,aleatoria_por_passada,42,cursos_exat_2,44,17,False,TEMPO_TOTAL,iteracao,combinada_cursos_exat_2_dia_turno_curso_aleatoria,180.0,180.0,600.0,14400.0,False,False,alfabetica,42,alfabetica,,./dados/2024_1/horarios_2024_1.xlsx,./dados/2024_1/salas_2024_1.csv,./dados/2024_1/salas_preferenciais_2024.1.xlsx,/Users/robertdrey/Documents/workspace/development/alocador_de_salas,resultados/experimentos/2024_1/novas_hibridas/combinada_aleatoria/20261002_003719_seed42/melhor.sol,resultados/experimentos/2024_1/novas_hibridas/combinada_aleatoria/20261002_003719_seed42/historico.csv,resultados/experimentos/2024_1/novas_hibridas/combinada_aleatoria/20261002_003719_seed42/historico.json,combinada_aleatoria,cursos_exat_2 + dia_turno_curso,qualquer_melhoria_na_passada,aleatoria_por_passada,42,180.0,1,180.0,600.0,1,0,TEMPO_TOTAL,ADM,PED,44
1,4,45,dia_turno_curso,3_T_GEO,43,13524,81466,OPTIMAL,185219.0,185219.0,False,185219.0,1.1,0.75,350.94,3,T,GEO,alfabetica,,aleatoria_por_passada,42,dia_turno_curso,45,28,False,TEMPO_TOTAL,iteracao,combinada_cursos_exat_2_dia_turno_curso_aleatoria,180.0,180.0,600.0,14400.0,False,False,alfabetica,42,alfabetica,,./dados/2024_1/horarios_2024_1.xlsx,./dados/2024_1/salas_2024_1.csv,./dados/2024_1/salas_preferenciais_2024.1.xlsx,/Users/robertdrey/Documents/workspace/development/alocador_de_salas,resultados/experimentos/2024_1/novas_hibridas/combinada_aleatoria/20261002_003719_seed42/melhor.sol,resultados/experimentos/2024_1/novas_hibridas/combinada_aleatoria/20261002_003719_seed42/historico.csv,resultados/experimentos/2024_1/novas_hibridas/combinada_aleatoria/20261002_003719_seed42/historico.json,combinada_aleatoria,cursos_exat_2 + dia_turno_curso,qualquer_melhoria_na_passada,aleatoria_por_passada,42,180.0,1,180.0,600.0,1,0,TEMPO_TOTAL,,,
1,4,46,dia_turno_curso,6_M_PED,81,18078,76912,OPTIMAL,185219.0,185219.0,False,185219.0,13.28,12.96,349.84,6,M,PED,alfabetica,,aleatoria_por_passada,42,dia_turno_curso,46,29,False,TEMPO_TOTAL,iteracao,combinada_cursos_exat_2_dia_turno_curso_aleatoria,180.0,180.0,600.0,14400.0,False,False,alfabetica,42,alfabetica,,./dados/2024_1/horarios_2024_1.xlsx,./dados/2024_1/salas_2024_1.csv,./dados/2024_1/salas_preferenciais_2024.1.xlsx,/Users/robertdrey/Documents/workspace/development/alocador_de_salas,resultados/experimentos/2024_1/novas_hibridas/combinada_aleatoria/20261002_003719_seed42/melhor.sol,resultados/experimentos/2024_1/novas_hibridas/combinada_aleatoria/20261002_003719_seed42/historico.csv,resultados/experimentos/2024_1/novas_hibridas/combinada_aleatoria/20261002_003719_seed42/historico.json,combinada_aleatoria,cursos_exat_2 + dia_turno_curso,qualquer_melhoria_na_passada,aleatoria_por_passada,42,180.0,1,180.0,600.0,1,0,TEMPO_TOTAL,,,
1,4,47,dia_turno_curso,5_M_AGRO,80,18492,76498,OPTIMAL,185219.0,185219.0,False,185219.0,7.68,7.36,336.56,5,M,AGRO,alfabetica,,aleatoria_por_passada,42,dia_turno_curso,47,30,False,TEMPO_TOTAL,iteracao,combinada_cursos_exat_2_dia_turno_curso_aleatoria,180.0,180.0,600.0,14400.0,False,False,alfabetica,42,alfabetica,,./dados/2024_1/horarios_2024_1.xlsx,./dados/2024_1/salas_2024_1.csv,./dados/2024_1/salas_preferenciais_2024.1.xlsx,/Users/robertdrey/Documents/workspace/development/alocador_de_salas,resultados/experimentos/2024_1/novas_hibridas/combinada_aleatoria/20261002_003719_seed42/melhor.sol,resultados/experimentos/2024_1/novas_hibridas/combinada_aleatoria/20261002_003719_seed42/historico.csv,resultados/experimentos/2024_1/novas_hibridas/combinada_aleatoria/20261002_003719_seed42/historico.json,combinada_aleatoria,cursos_exat_2 + dia_turno_curso,qualquer_melhoria_na_passada,aleatoria_por_passada,42,180.0,1,180.0,600.0,1,0,TEMPO_TOTAL,,,
1,4,48,dia_turno_curso,6_N_MAT,58,12834,82156,OPTIMAL,185219.0,185219.0,False,185219.0,1.76,1.46,328.88,6,N,MAT,alfabetica,,aleatoria_por_passada,42,dia_turno_curso,48,31,False,TEMPO_TOTAL,iteracao,combinada_cursos_exat_2_dia_turno_curso_aleatoria,180.0,180.0,600.0,14400.0,False,False,alfabetica,42,alfabetica,,./dados/2024_1/horarios_2024_1.xlsx,./dados/2024_1/salas_2024_1.csv,./dados/2024_1/salas_preferenciais_2024.1.xlsx,/Users/robertdrey/Documents/workspace/development/alocador_de_salas,resultados/experimentos/2024_1/novas_hibridas/combinada_aleatoria/20261002_003719_seed42/melhor.sol,resultados/experimentos/2024_1/novas_hibridas/combinada_aleatoria/20261002_003719_seed42/historico.csv,resultados/experimentos/2024_1/novas_hibridas/combinada_aleatoria/20261002_003719_seed42/historico.json,combinada_aleatoria,cursos_exat_2 + dia_turno_curso,qualquer_melhoria_na_passada,aleatoria_por_passada,42,180.0,1,180.0,600.0,1,0,TEMPO_TOTAL,,,
1,4,49,par_cursos,CC+EAS,92,17986,77004,OPTIMAL,185219.0,185219.0,False,185219.0,3.9,3.6,327.12,,,,alfabetica,,aleatoria_por_passada,42,cursos_exat_2,49,18,False,TEMPO_TOTAL,iteracao,combinada_cursos_exat_2_dia_turno_curso_aleatoria,180.0,180.0,600.0,14400.0,False,False,alfabetica,42,alfabetica,,./dados/2024_1/horarios_2024_1.xlsx,./dados/2024_1/salas_2024_1.csv,./dados/2024_1/salas_preferenciais_2024.1.xlsx,/Users/robertdrey/Documents/workspace/development/alocador_de_salas,resultados/experimentos/2024_1/novas_hibridas/combinada_aleatoria/20261002_003719_seed42/melhor.sol,resultados/experimentos/2024_1/novas_hibridas/combinada_aleatoria/20261002_003719_seed42/historico.csv,resultados/experimentos/2024_1/novas_hibridas/combinada_aleatoria/20261002_003719_seed42/historico.json,combinada_aleatoria,cursos_exat_2 + dia_turno_curso,qualquer_melhoria_na_passada,aleatoria_por_passada,42,180.0,1,180.0,600.0,1,0,TEMPO_TOTAL,CC,EAS,49
1,4,50,dia_turno_curso,5_N_PED,90,19780,75210,OPTIMAL,185219.0,185219.0,False,185219.0,40.93,40.63,323.21,5,N,PED,alfabetica,,aleatoria_por_passada,42,dia_turno_curso,50,32,False,TEMPO_TOTAL,iteracao,combinada_cursos_exat_2_dia_turno_curso_aleatoria,180.0,180.0,600.0,14400.0,False,False,alfabetica,42,alfabetica,,./dados/2024_1/horarios_2024_1.xlsx,./dados/2024_1/salas_2024_1.csv,./dados/2024_1/salas_preferenciais_2024.1.xlsx,/Users/robertdrey/Documents/workspace/development/alocador_de_salas,resultados/experimentos/2024_1/novas_hibridas/combinada_aleatoria/20261002_003719_seed42/melhor.sol,resultados/experimentos/2024_1/novas_hibridas/combinada_aleatoria/20261002_003719_seed42/historico.csv,resultados/experimentos/2024_1/novas_hibridas/combinada_aleatoria/20261002_003719_seed42/historico.json,combinada_aleatoria,cursos_exat_2 + dia_turno_curso,qualquer_melhoria_na_passada,aleatoria_por_passada,42,180.0,1,180.0,600.0,1,0,TEMPO_TOTAL,,,
1,4,51,dia_turno_curso,5_T_GEO,40,12650,82340,OPTIMAL,185219.0,185219.0,False,185219.0,1.04,0.74,282.29,5,T,GEO,alfabetica,,aleatoria_por_passada,42,dia_turno_curso,51,33,False,TEMPO_TOTAL,iteracao,combinada_cursos_exat_2_dia_turno_curso_aleatoria,180.0,180.0,600.0,14400.0,False,False,alfabetica,42,alfabetica,,./dados/2024_1/horarios_2024_1.xlsx,./dados/2024_1/salas_2024_1.csv,./dados/2024_1/salas_preferenciais_2024.1.xlsx,/Users/robertdrey/Documents/workspace/development/alocador_de_salas,resultados/experimentos/2024_1/novas_hibridas/combinada_aleatoria/20261002_003719_seed42/melhor.sol,resultados/experimentos/2024_1/novas_hibridas/combinada_aleatoria/20261002_003719_seed42/historico.csv,resultados/experimentos/2024_1/novas_hibridas/combinada_aleatoria/20261002_003719_seed42/historico.json,combinada_aleatoria,cursos_exat_2 + dia_turno_curso,qualquer_melhoria_na_passada,aleatoria_por_passada,42,180.0,1,180.0,600.0,1,0,TEMPO_TOTAL,,,
1,4,52,par_cursos,CS+GEO,32,6624,88366,OPTIMAL,185219.0,185219.0,False,185219.0,0.63,0.33,281.25,,,,alfabetica,,aleatoria_por_passada,42,cursos_exat_2,52,19,False,TEMPO_TOTAL,iteracao,combinada_cursos_exat_2_dia_turno_curso_aleatoria,180.0,180.0,600.0,14400.0,False,False,alfabetica,42,alfabetica,,./dados/2024_1/horarios_2024_1.xlsx,./dados/2024_1/salas_2024_1.csv,./dados/2024_1/salas_preferenciais_2024.1.xlsx,/Users/robertdrey/Documents/workspace/development/alocador_de_salas,resultados/experimentos/2024_1/novas_hibridas/combinada_aleatoria/20261002_003719_seed42/melhor.sol,resultados/experimentos/2024_1/novas_hibridas/combinada_aleatoria/20261002_003719_seed42/historico.csv,resultados/experimentos/2024_1/novas_hibridas/combinada_aleatoria/20261002_003719_seed42/historico.json,combinada_aleatoria,cursos_exat_2 + dia_turno_curso,qualquer_melhoria_na_passada,aleatoria_por_passada,42,180.0,1,180.0,600.0,1,0,TEMPO_TOTAL,CS,GEO,52
1,4,53,dia_turno_curso,4_M_CS,56,15180,79810,OPTIMAL,185219.0,185219.0,False,185219.0,1.55,1.24,280.61,4,M,CS,alfabetica,,aleatoria_por_passada,42,dia_turno_curso,53,34,False,TEMPO_TOTAL,iteracao,combinada_cursos_exat_2_dia_turno_curso_aleatoria,180.0,180.0,600.0,14400.0,False,False,alfabetica,42,alfabetica,,./dados/2024_1/horarios_2024_1.xlsx,./dados/2024_1/salas_2024_1.csv,./dados/2024_1/salas_preferenciais_2024.1.xlsx,/Users/robertdrey/Documents/workspace/development/alocador_de_salas,resultados/experimentos/2024_1/novas_hibridas/combinada_aleatoria/20261002_003719_seed42/melhor.sol,resultados/experimentos/2024_1/novas_hibridas/combinada_aleatoria/20261002_003719_seed42/historico.csv,resultados/experimentos/2024_1/novas_hibridas/combinada_aleatoria/20261002_003719_seed42/historico.json,combinada_aleatoria,cursos_exat_2 + dia_turno_curso,qualquer_melhoria_na_passada,aleatoria_por_passada,42,180.0,1,180.0,600.0,1,0,TEMPO_TOTAL,,,
1,4,54,dia_turno_curso,7_T_HIS,32,9246,85744,OPTIMAL,185219.0,185219.0,False,185219.0,0.81,0.51,279.07,7,T,HIS,alfabetica,,aleatoria_por_passada,42,dia_turno_curso,54,35,False,TEMPO_TOTAL,iteracao,combinada_cursos_exat_2_dia_turno_curso_aleatoria,180.0,180.0,600.0,14400.0,False,False,alfabetica,42,alfabetica,,./dados/2024_1/horarios_2024_1.xlsx,./dados/2024_1/salas_2024_1.csv,./dados/2024_1/salas_preferenciais_2024.1.xlsx,/Users/robertdrey/Documents/workspace/development/alocador_de_salas,resultados/experimentos/2024_1/novas_hibridas/combinada_aleatoria/20261002_003719_seed42/melhor.sol,resultados/experimentos/2024_1/novas_hibridas/combinada_aleatoria/20261002_003719_seed42/historico.csv,resultados/experimentos/2024_1/novas_hibridas/combinada_aleatoria/20261002_003719_seed42/historico.json,combinada_aleatoria,cursos_exat_2 + dia_turno_curso,qualquer_melhoria_na_passada,aleatoria_por_passada,42,180.0,1,180.0,600.0,1,0,TEMPO_TOTAL,,,
1,4,55,par_cursos,GEO+PED,66,14858,80132,OPTIMAL,185219.0,185219.0,False,185219.0,49.88,49.56,278.25,,,,alfabetica,,aleatoria_por_passada,42,cursos_exat_2,55,20,False,TEMPO_TOTAL,iteracao,combinada_cursos_exat_2_dia_turno_curso_aleatoria,180.0,180.0,600.0,14400.0,False,False,alfabetica,42,alfabetica,,./dados/2024_1/horarios_2024_1.xlsx,./dados/2024_1/salas_2024_1.csv,./dados/2024_1/salas_preferenciais_2024.1.xlsx,/Users/robertdrey/Documents/workspace/development/alocador_de_salas,resultados/experimentos/2024_1/novas_hibridas/combinada_aleatoria/20261002_003719_seed42/melhor.sol,resultados/experimentos/2024_1/novas_hibridas/combinada_aleatoria/20261002_003719_seed42/historico.csv,resultados/experimentos/2024_1/novas_hibridas/combinada_aleatoria/20261002_003719_seed42/historico.json,combinada_aleatoria,cursos_exat_2 + dia_turno_curso,qualquer_melhoria_na_passada,aleatoria_por_passada,42,180.0,1,180.0,600.0,1,0,TEMPO_TOTAL,GEO,PED,55
1,4,56,par_cursos,CC+HIS,71,15318,79672,OPTIMAL,185219.0,185219.0,False,185219.0,2.81,2.5,228.38,,,,alfabetica,,aleatoria_por_passada,42,cursos_exat_2,56,21,False,TEMPO_TOTAL,iteracao,combinada_cursos_exat_2_dia_turno_curso_aleatoria,180.0,180.0,600.0,14400.0,False,False,alfabetica,42,alfabetica,,./dados/2024_1/horarios_2024_1.xlsx,./dados/2024_1/salas_2024_1.csv,./dados/2024_1/salas_preferenciais_2024.1.xlsx,/Users/robertdrey/Documents/workspace/development/alocador_de_salas,resultados/experimentos/2024_1/novas_hibridas/combinada_aleatoria/20261002_003719_seed42/melhor.sol,resultados/experimentos/2024_1/novas_hibridas/combinada_aleatoria/20261002_003719_seed42/historico.csv,resultados/experimentos/2024_1/novas_hibridas/combinada_aleatoria/20261002_003719_seed42/historico.json,combinada_aleatoria,cursos_exat_2 + dia_turno_curso,qualquer_melhoria_na_passada,aleatoria_por_passada,42,180.0,1,180.0,600.0,1,0,TEMPO_TOTAL,CC,HIS,56
1,4,57,dia_turno_curso,6_T_EAS,71,18124,76866,OPTIMAL,185219.0,185219.0,False,185219.0,1.26,0.96,225.57,6,T,EAS,alfabetica,,aleatoria_por_passada,42,dia_turno_curso,57,36,False,TEMPO_TOTAL,iteracao,combinada_cursos_exat_2_dia_turno_curso_aleatoria,180.0,180.0,600.0,14400.0,False,False,alfabetica,42,alfabetica,,./dados/2024_1/horarios_2024_1.xlsx,./dados/2024_1/salas_2024_1.csv,./dados/2024_1/salas_preferenciais_2024.1.xlsx,/Users/robertdrey/Documents/workspace/development/alocador_de_salas,resultados/experimentos/2024_1/novas_hibridas/combinada_aleatoria/20261002_003719_seed42/melhor.sol,resultados/experimentos/2024_1/novas_hibridas/combinada_aleatoria/20261002_003719_seed42/historico.csv,resultados/experimentos/2024_1/novas_hibridas/combinada_aleatoria/20261002_003719_seed42/historico.json,combinada_aleatoria,cursos_exat_2 + dia_turno_curso,qualquer_melhoria_na_passada,aleatoria_por_passada,42,180.0,1,180.0,600.0,1,0,TEMPO_TOTAL,,,
1,4,58,dia_turno_curso,6_N_ADM,83,17158,77832,OPTIMAL,185219.0,185219.0,False,185219.0,3.06,2.76,224.31,6,N,ADM,alfabetica,,aleatoria_por_passada,42,dia_turno_curso,58,37,False,TEMPO_TOTAL,iteracao,combinada_cursos_exat_2_dia_turno_curso_aleatoria,180.0,180.0,600.0,14400.0,False,False,alfabetica,42,alfabetica,,./dados/2024_1/horarios_2024_1.xlsx,./dados/2024_1/salas_2024_1.csv,./dados/2024_1/salas_preferenciais_2024.1.xlsx,/Users/robertdrey/Documents/workspace/development/alocador_de_salas,resultados/experimentos/2024_1/novas_hibridas/combinada_aleatoria/20261002_003719_seed42/melhor.sol,resultados/experimentos/2024_1/novas_hibridas/combinada_aleatoria/20261002_003719_seed42/historico.csv,resultados/experimentos/2024_1/novas_hibridas/combinada_aleatoria/20261002_003719_seed42/historico.json,combinada_aleatoria,cursos_exat_2 + dia_turno_curso,qualquer_melhoria_na_passada,aleatoria_por_passada,42,180.0,1,180.0,600.0,1,0,TEMPO_TOTAL,,,
1,4,59,dia_turno_curso,6_N_HIS,59,12650,82340,OPTIMAL,185219.0,185219.0,False,185219.0,1.45,1.15,221.26,6,N,HIS,alfabetica,,aleatoria_por_passada,42,dia_turno_curso,59,38,False,TEMPO_TOTAL,iteracao,combinada_cursos_exat_2_dia_turno_curso_aleatoria,180.0,180.0,600.0,14400.0,False,False,alfabetica,42,alfabetica,,./dados/2024_1/horarios_2024_1.xlsx,./dados/2024_1/salas_2024_1.csv,./dados/2024_1/salas_preferenciais_2024.1.xlsx,/Users/robertdrey/Documents/workspace/development/alocador_de_salas,resultados/experimentos/2024_1/novas_hibridas/combinada_aleatoria/20261002_003719_seed42/melhor.sol,resultados/experimentos/2024_1/novas_hibridas/combinada_aleatoria/20261002_003719_seed42/historico.csv,resultados/experimentos/2024_1/novas_hibridas/combinada_aleatoria/20261002_003719_seed42/historico.json,combinada_aleatoria,cursos_exat_2 + dia_turno_curso,qualquer_melhoria_na_passada,aleatoria_por_passada,42,180.0,1,180.0,600.0,1,0,TEMPO_TOTAL,,,
1,4,60,par_cursos,HIS+MED,65,14168,80822,OPTIMAL,185219.0,185219.0,False,185219.0,1.08,0.78,219.81,,,,alfabetica,,aleatoria_por_passada,42,cursos_exat_2,60,22,False,TEMPO_TOTAL,iteracao,combinada_cursos_exat_2_dia_turno_curso_aleatoria,180.0,180.0,600.0,14400.0,False,False,alfabetica,42,alfabetica,,./dados/2024_1/horarios_2024_1.xlsx,./dados/2024_1/salas_2024_1.csv,./dados/2024_1/salas_preferenciais_2024.1.xlsx,/Users/robertdrey/Documents/workspace/development/alocador_de_salas,resultados/experimentos/2024_1/novas_hibridas/combinada_aleatoria/20261002_003719_seed42/melhor.sol,resultados/experimentos/2024_1/novas_hibridas/combinada_aleatoria/20261002_003719_seed42/historico.csv,resultados/experimentos/2024_1/novas_hibridas/combinada_aleatoria/20261002_003719_seed42/historico.json,combinada_aleatoria,cursos_exat_2 + dia_turno_curso,qualquer_melhoria_na_passada,aleatoria_por_passada,42,180.0,1,180.0,600.0,1,0,TEMPO_TOTAL,HIS,MED,60
1,4,61,dia_turno_curso,2_M_AGRO,82,17250,77740,OPTIMAL,185219.0,185219.0,False,185219.0,7.43,7.12,218.73,2,M,AGRO,alfabetica,,aleatoria_por_passada,42,dia_turno_curso,61,39,False,TEMPO_TOTAL,iteracao,combinada_cursos_exat_2_dia_turno_curso_aleatoria,180.0,180.0,600.0,14400.0,False,False,alfabetica,42,alfabetica,,./dados/2024_1/horarios_2024_1.xlsx,./dados/2024_1/salas_2024_1.csv,./dados/2024_1/salas_preferenciais_2024.1.xlsx,/Users/robertdrey/Documents/workspace/development/alocador_de_salas,resultados/experimentos/2024_1/novas_hibridas/combinada_aleatoria/20261002_003719_seed42/melhor.sol,resultados/experimentos/2024_1/novas_hibridas/combinada_aleatoria/20261002_003719_seed42/historico.csv,resultados/experimentos/2024_1/novas_hibridas/combinada_aleatoria/20261002_003719_seed42/historico.json,combinada_aleatoria,cursos_exat_2 + dia_turno_curso,qualquer_melhoria_na_passada,aleatoria_por_passada,42,180.0,1,180.0,600.0,1,0,TEMPO_TOTAL,,,
1,4,62,dia_turno_curso,2_T_MED,71,20286,74704,OPTIMAL,185219.0,185219.0,False,185219.0,2.3,2.0,211.3,2,T,MED,alfabetica,,aleatoria_por_passada,42,dia_turno_curso,62,40,False,TEMPO_TOTAL,iteracao,combinada_cursos_exat_2_dia_turno_curso_aleatoria,180.0,180.0,600.0,14400.0,False,False,alfabetica,42,alfabetica,,./dados/2024_1/horarios_2024_1.xlsx,./dados/2024_1/salas_2024_1.csv,./dados/2024_1/salas_preferenciais_2024.1.xlsx,/Users/robertdrey/Documents/workspace/development/alocador_de_salas,resultados/experimentos/2024_1/novas_hibridas/combinada_aleatoria/20261002_003719_seed42/melhor.sol,resultados/experimentos/2024_1/novas_hibridas/combinada_aleatoria/20261002_003719_seed42/historico.csv,resultados/experimentos/2024_1/novas_hibridas/combinada_aleatoria/20261002_003719_seed42/historico.json,combinada_aleatoria,cursos_exat_2 + dia_turno_curso,qualquer_melhoria_na_passada,aleatoria_por_passada,42,180.0,1,180.0,600.0,1,0,TEMPO_TOTAL,,,
1,4,63,dia_turno_curso,2_N_CC,83,19136,75854,OPTIMAL,185219.0,185219.0,False,185219.0,4.05,3.76,209.0,2,N,CC,alfabetica,,aleatoria_por_passada,42,dia_turno_curso,63,41,False,TEMPO_TOTAL,iteracao,combinada_cursos_exat_2_dia_turno_curso_aleatoria,180.0,180.0,600.0,14400.0,False,False,alfabetica,42,alfabetica,,./dados/2024_1/horarios_2024_1.xlsx,./dados/2024_1/salas_2024_1.csv,./dados/2024_1/salas_preferenciais_2024.1.xlsx,/Users/robertdrey/Documents/workspace/development/alocador_de_salas,resultados/experimentos/2024_1/novas_hibridas/combinada_aleatoria/20261002_003719_seed42/melhor.sol,resultados/experimentos/2024_1/novas_hibridas/combinada_aleatoria/20261002_003719_seed42/historico.csv,resultados/experimentos/2024_1/novas_hibridas/combinada_aleatoria/20261002_003719_seed42/historico.json,combinada_aleatoria,cursos_exat_2 + dia_turno_curso,qualquer_melhoria_na_passada,aleatoria_por_passada,42,180.0,1,180.0,600.0,1,0,TEMPO_TOTAL,,,
1,4,64,par_cursos,CS+PED,78,17342,77648,OPTIMAL,185219.0,185219.0,False,185219.0,47.34,47.03,204.94,,,,alfabetica,,aleatoria_por_passada,42,cursos_exat_2,64,23,False,TEMPO_TOTAL,iteracao,combinada_cursos_exat_2_dia_turno_curso_aleatoria,180.0,180.0,600.0,14400.0,False,False,alfabetica,42,alfabetica,,./dados/2024_1/horarios_2024_1.xlsx,./dados/2024_1/salas_2024_1.csv,./dados/2024_1/salas_preferenciais_2024.1.xlsx,/Users/robertdrey/Documents/workspace/development/alocador_de_salas,resultados/experimentos/2024_1/novas_hibridas/combinada_aleatoria/20261002_003719_seed42/melhor.sol,resultados/experimentos/2024_1/novas_hibridas/combinada_aleatoria/20261002_003719_seed42/historico.csv,resultados/experimentos/2024_1/novas_hibridas/combinada_aleatoria/20261002_003719_seed42/historico.json,combinada_aleatoria,cursos_exat_2 + dia_turno_curso,qualquer_melhoria_na_passada,aleatoria_por_passada,42,180.0,1,180.0,600.0,1,0,TEMPO_TOTAL,CS,PED,64
1,4,65,dia_turno_curso,6_T_CC,68,20102,74888,OPTIMAL,185219.0,185219.0,False,185219.0,2.41,2.11,157.6,6,T,CC,alfabetica,,aleatoria_por_passada,42,dia_turno_curso,65,42,False,TEMPO_TOTAL,iteracao,combinada_cursos_exat_2_dia_turno_curso_aleatoria,180.0,180.0,600.0,14400.0,False,False,alfabetica,42,alfabetica,,./dados/2024_1/horarios_2024_1.xlsx,./dados/2024_1/salas_2024_1.csv,./dados/2024_1/salas_preferenciais_2024.1.xlsx,/Users/robertdrey/Documents/workspace/development/alocador_de_salas,resultados/experimentos/2024_1/novas_hibridas/combinada_aleatoria/20261002_003719_seed42/melhor.sol,resultados/experimentos/2024_1/novas_hibridas/combinada_aleatoria/20261002_003719_seed42/historico.csv,resultados/experimentos/2024_1/novas_hibridas/combinada_aleatoria/20261002_003719_seed42/historico.json,combinada_aleatoria,cursos_exat_2 + dia_turno_curso,qualquer_melhoria_na_passada,aleatoria_por_passada,42,180.0,1,180.0,600.0,1,0,TEMPO_TOTAL,,,
1,4,66,dia_turno_curso,3_T_LET,67,19090,75900,OPTIMAL,185219.0,185219.0,False,185219.0,2.0,1.7,155.19,3,T,LET,alfabetica,,aleatoria_por_passada,42,dia_turno_curso,66,43,False,TEMPO_TOTAL,iteracao,combinada_cursos_exat_2_dia_turno_curso_aleatoria,180.0,180.0,600.0,14400.0,False,False,alfabetica,42,alfabetica,,./dados/2024_1/horarios_2024_1.xlsx,./dados/2024_1/salas_2024_1.csv,./dados/2024_1/salas_preferenciais_2024.1.xlsx,/Users/robertdrey/Documents/workspace/development/alocador_de_salas,resultados/experimentos/2024_1/novas_hibridas/combinada_aleatoria/20261002_003719_seed42/melhor.sol,resultados/experimentos/2024_1/novas_hibridas/combinada_aleatoria/20261002_003719_seed42/historico.csv,resultados/experimentos/2024_1/novas_hibridas/combinada_aleatoria/20261002_003719_seed42/historico.json,combinada_aleatoria,cursos_exat_2 + dia_turno_curso,qualquer_melhoria_na_passada,aleatoria_por_passada,42,180.0,1,180.0,600.0,1,0,TEMPO_TOTAL,,,
1,4,67,par_cursos,FIL+LET,51,11914,83076,OPTIMAL,185219.0,185219.0,False,185219.0,1.84,1.54,153.19,,,,alfabetica,,aleatoria_por_passada,42,cursos_exat_2,67,24,False,TEMPO_TOTAL,iteracao,combinada_cursos_exat_2_dia_turno_curso_aleatoria,180.0,180.0,600.0,14400.0,False,False,alfabetica,42,alfabetica,,./dados/2024_1/horarios_2024_1.xlsx,./dados/2024_1/salas_2024_1.csv,./dados/2024_1/salas_preferenciais_2024.1.xlsx,/Users/robertdrey/Documents/workspace/development/alocador_de_salas,resultados/experimentos/2024_1/novas_hibridas/combinada_aleatoria/20261002_003719_seed42/melhor.sol,resultados/experimentos/2024_1/novas_hibridas/combinada_aleatoria/20261002_003719_seed42/historico.csv,resultados/experimentos/2024_1/novas_hibridas/combinada_aleatoria/20261002_003719_seed42/historico.json,combinada_aleatoria,cursos_exat_2 + dia_turno_curso,qualquer_melhoria_na_passada,aleatoria_por_passada,42,180.0,1,180.0,600.0,1,0,TEMPO_TOTAL,FIL,LET,67
1,4,68,dia_turno_curso,4_M_MED,71,19412,75578,OPTIMAL,185219.0,185219.0,False,185219.0,2.15,1.84,151.35,4,M,MED,alfabetica,,aleatoria_por_passada,42,dia_turno_curso,68,44,False,TEMPO_TOTAL,iteracao,combinada_cursos_exat_2_dia_turno_curso_aleatoria,180.0,180.0,600.0,14400.0,False,False,alfabetica,42,alfabetica,,./dados/2024_1/horarios_2024_1.xlsx,./dados/2024_1/salas_2024_1.csv,./dados/2024_1/salas_preferenciais_2024.1.xlsx,/Users/robertdrey/Documents/workspace/development/alocador_de_salas,resultados/experimentos/2024_1/novas_hibridas/combinada_aleatoria/20261002_003719_seed42/melhor.sol,resultados/experimentos/2024_1/novas_hibridas/combinada_aleatoria/20261002_003719_seed42/historico.csv,resultados/experimentos/2024_1/novas_hibridas/combinada_aleatoria/20261002_003719_seed42/historico.json,combinada_aleatoria,cursos_exat_2 + dia_turno_curso,qualquer_melhoria_na_passada,aleatoria_por_passada,42,180.0,1,180.0,600.0,1,0,TEMPO_TOTAL,,,
1,4,69,dia_turno_curso,5_N_CS,57,11914,83076,OPTIMAL,185219.0,185219.0,False,185219.0,1.94,1.63,149.2,5,N,CS,alfabetica,,aleatoria_por_passada,42,dia_turno_curso,69,45,False,TEMPO_TOTAL,iteracao,combinada_cursos_exat_2_dia_turno_curso_aleatoria,180.0,180.0,600.0,14400.0,False,False,alfabetica,42,alfabetica,,./dados/2024_1/horarios_2024_1.xlsx,./dados/2024_1/salas_2024_1.csv,./dados/2024_1/salas_preferenciais_2024.1.xlsx,/Users/robertdrey/Documents/workspace/development/alocador_de_salas,resultados/experimentos/2024_1/novas_hibridas/combinada_aleatoria/20261002_003719_seed42/melhor.sol,resultados/experimentos/2024_1/novas_hibridas/combinada_aleatoria/20261002_003719_seed42/historico.csv,resultados/experimentos/2024_1/novas_hibridas/combinada_aleatoria/20261002_003719_seed42/historico.json,combinada_aleatoria,cursos_exat_2 + dia_turno_curso,qualquer_melhoria_na_passada,aleatoria_por_passada,42,180.0,1,180.0,600.0,1,0,TEMPO_TOTAL,,,
1,4,70,dia_turno_curso,5_T_ENF,44,14858,80132,OPTIMAL,185219.0,185219.0,False,185219.0,3.97,3.66,147.26,5,T,ENF,alfabetica,,aleatoria_por_passada,42,dia_turno_curso,70,46,False,TEMPO_TOTAL,iteracao,combinada_cursos_exat_2_dia_turno_curso_aleatoria,180.0,180.0,600.0,14400.0,False,False,alfabetica,42,alfabetica,,./dados/2024_1/horarios_2024_1.xlsx,./dados/2024_1/salas_2024_1.csv,./dados/2024_1/salas_preferenciais_2024.1.xlsx,/Users/robertdrey/Documents/workspace/development/alocador_de_salas,resultados/experimentos/2024_1/novas_hibridas/combinada_aleatoria/20261002_003719_seed42/melhor.sol,resultados/experimentos/2024_1/novas_hibridas/combinada_aleatoria/20261002_003719_seed42/historico.csv,resultados/experimentos/2024_1/novas_hibridas/combinada_aleatoria/20261002_003719_seed42/historico.json,combinada_aleatoria,cursos_exat_2 + dia_turno_curso,qualquer_melhoria_na_passada,aleatoria_por_passada,42,180.0,1,180.0,600.0,1,0,TEMPO_TOTAL,,,
1,4,71,dia_turno_curso,5_M_PED,89,23230,71760,OPTIMAL,185219.0,185219.0,False,185219.0,18.13,17.82,143.29,5,M,PED,alfabetica,,aleatoria_por_passada,42,dia_turno_curso,71,47,False,TEMPO_TOTAL,iteracao,combinada_cursos_exat_2_dia_turno_curso_aleatoria,180.0,180.0,600.0,14400.0,False,False,alfabetica,42,alfabetica,,./dados/2024_1/horarios_2024_1.xlsx,./dados/2024_1/salas_2024_1.csv,./dados/2024_1/salas_preferenciais_2024.1.xlsx,/Users/robertdrey/Documents/workspace/development/alocador_de_salas,resultados/experimentos/2024_1/novas_hibridas/combinada_aleatoria/20261002_003719_seed42/melhor.sol,resultados/experimentos/2024_1/novas_hibridas/combinada_aleatoria/20261002_003719_seed42/historico.csv,resultados/experimentos/2024_1/novas_hibridas/combinada_aleatoria/20261002_003719_seed42/historico.json,combinada_aleatoria,cursos_exat_2 + dia_turno_curso,qualquer_melhoria_na_passada,aleatoria_por_passada,42,180.0,1,180.0,600.0,1,0,TEMPO_TOTAL,,,
1,4,72,par_cursos,AGRO+PED,107,21528,73462,OPTIMAL,185219.0,185219.0,False,185219.0,55.12,54.82,125.15,,,,alfabetica,,aleatoria_por_passada,42,cursos_exat_2,72,25,False,TEMPO_TOTAL,iteracao,combinada_cursos_exat_2_dia_turno_curso_aleatoria,180.0,180.0,600.0,14400.0,False,False,alfabetica,42,alfabetica,,./dados/2024_1/horarios_2024_1.xlsx,./dados/2024_1/salas_2024_1.csv,./dados/2024_1/salas_preferenciais_2024.1.xlsx,/Users/robertdrey/Documents/workspace/development/alocador_de_salas,resultados/experimentos/2024_1/novas_hibridas/combinada_aleatoria/20261002_003719_seed42/melhor.sol,resultados/experimentos/2024_1/novas_hibridas/combinada_aleatoria/20261002_003719_seed42/historico.csv,resultados/experimentos/2024_1/novas_hibridas/combinada_aleatoria/20261002_003719_seed42/historico.json,combinada_aleatoria,cursos_exat_2 + dia_turno_curso,qualquer_melhoria_na_passada,aleatoria_por_passada,42,180.0,1,180.0,600.0,1,0,TEMPO_TOTAL,AGRO,PED,72
1,4,73,dia_turno_curso,2_N_ADM,85,18078,76912,OPTIMAL,185219.0,185219.0,False,185219.0,1.84,1.54,70.03,2,N,ADM,alfabetica,,aleatoria_por_passada,42,dia_turno_curso,73,48,False,TEMPO_TOTAL,iteracao,combinada_cursos_exat_2_dia_turno_curso_aleatoria,180.0,180.0,600.0,14400.0,False,False,alfabetica,42,alfabetica,,./dados/2024_1/horarios_2024_1.xlsx,./dados/2024_1/salas_2024_1.csv,./dados/2024_1/salas_preferenciais_2024.1.xlsx,/Users/robertdrey/Documents/workspace/development/alocador_de_salas,resultados/experimentos/2024_1/novas_hibridas/combinada_aleatoria/20261002_003719_seed42/melhor.sol,resultados/experimentos/2024_1/novas_hibridas/combinada_aleatoria/20261002_003719_seed42/historico.csv,resultados/experimentos/2024_1/novas_hibridas/combinada_aleatoria/20261002_003719_seed42/historico.json,combinada_aleatoria,cursos_exat_2 + dia_turno_curso,qualquer_melhoria_na_passada,aleatoria_por_passada,42,180.0,1,180.0,600.0,1,0,TEMPO_TOTAL,,,
1,4,74,par_cursos,AGRO+LET,87,17894,77096,OPTIMAL,185219.0,185219.0,False,185219.0,7.33,7.02,68.19,,,,alfabetica,,aleatoria_por_passada,42,cursos_exat_2,74,26,False,TEMPO_TOTAL,iteracao,combinada_cursos_exat_2_dia_turno_curso_aleatoria,180.0,180.0,600.0,14400.0,False,False,alfabetica,42,alfabetica,,./dados/2024_1/horarios_2024_1.xlsx,./dados/2024_1/salas_2024_1.csv,./dados/2024_1/salas_preferenciais_2024.1.xlsx,/Users/robertdrey/Documents/workspace/development/alocador_de_salas,resultados/experimentos/2024_1/novas_hibridas/combinada_aleatoria/20261002_003719_seed42/melhor.sol,resultados/experimentos/2024_1/novas_hibridas/combinada_aleatoria/20261002_003719_seed42/historico.csv,resultados/experimentos/2024_1/novas_hibridas/combinada_aleatoria/20261002_003719_seed42/historico.json,combinada_aleatoria,cursos_exat_2 + dia_turno_curso,qualquer_melhoria_na_passada,aleatoria_por_passada,42,180.0,1,180.0,600.0,1,0,TEMPO_TOTAL,AGRO,LET,74
1,4,75,par_cursos,FIL+HIS,39,7544,87446,OPTIMAL,185219.0,185219.0,False,185219.0,0.68,0.37,60.86,,,,alfabetica,,aleatoria_por_passada,42,cursos_exat_2,75,27,False,TEMPO_TOTAL,iteracao,combinada_cursos_exat_2_dia_turno_curso_aleatoria,180.0,180.0,600.0,14400.0,False,False,alfabetica,42,alfabetica,,./dados/2024_1/horarios_2024_1.xlsx,./dados/2024_1/salas_2024_1.csv,./dados/2024_1/salas_preferenciais_2024.1.xlsx,/Users/robertdrey/Documents/workspace/development/alocador_de_salas,resultados/experimentos/2024_1/novas_hibridas/combinada_aleatoria/20261002_003719_seed42/melhor.sol,resultados/experimentos/2024_1/novas_hibridas/combinada_aleatoria/20261002_003719_seed42/historico.csv,resultados/experimentos/2024_1/novas_hibridas/combinada_aleatoria/20261002_003719_seed42/historico.json,combinada_aleatoria,cursos_exat_2 + dia_turno_curso,qualquer_melhoria_na_passada,aleatoria_por_passada,42,180.0,1,180.0,600.0,1,0,TEMPO_TOTAL,FIL,HIS,75
1,4,76,dia_turno_curso,5_N_GEO,48,9844,85146,OPTIMAL,185219.0,185219.0,False,185219.0,1.65,1.34,60.18,5,N,GEO,alfabetica,,aleatoria_por_passada,42,dia_turno_curso,76,49,False,TEMPO_TOTAL,iteracao,combinada_cursos_exat_2_dia_turno_curso_aleatoria,180.0,180.0,600.0,14400.0,False,False,alfabetica,42,alfabetica,,./dados/2024_1/horarios_2024_1.xlsx,./dados/2024_1/salas_2024_1.csv,./dados/2024_1/salas_preferenciais_2024.1.xlsx,/Users/robertdrey/Documents/workspace/development/alocador_de_salas,resultados/experimentos/2024_1/novas_hibridas/combinada_aleatoria/20261002_003719_seed42/melhor.sol,resultados/experimentos/2024_1/novas_hibridas/combinada_aleatoria/20261002_003719_seed42/historico.csv,resultados/experimentos/2024_1/novas_hibridas/combinada_aleatoria/20261002_003719_seed42/historico.json,combinada_aleatoria,cursos_exat_2 + dia_turno_curso,qualquer_melhoria_na_passada,aleatoria_por_passada,42,180.0,1,180.0,600.0,1,0,TEMPO_TOTAL,,,
1,4,77,dia_turno_curso,4_M_AGRO,77,17710,77280,OPTIMAL,185219.0,185219.0,False,185219.0,7.83,7.53,58.54,4,M,AGRO,alfabetica,,aleatoria_por_passada,42,dia_turno_curso,77,50,False,TEMPO_TOTAL,iteracao,combinada_cursos_exat_2_dia_turno_curso_aleatoria,180.0,180.0,600.0,14400.0,False,False,alfabetica,42,alfabetica,,./dados/2024_1/horarios_2024_1.xlsx,./dados/2024_1/salas_2024_1.csv,./dados/2024_1/salas_preferenciais_2024.1.xlsx,/Users/robertdrey/Documents/workspace/development/alocador_de_salas,resultados/experimentos/2024_1/novas_hibridas/combinada_aleatoria/20261002_003719_seed42/melhor.sol,resultados/experimentos/2024_1/novas_hibridas/combinada_aleatoria/20261002_003719_seed42/historico.csv,resultados/experimentos/2024_1/novas_hibridas/combinada_aleatoria/20261002_003719_seed42/historico.json,combinada_aleatoria,cursos_exat_2 + dia_turno_curso,qualquer_melhoria_na_passada,aleatoria_por_passada,42,180.0,1,180.0,600.0,1,0,TEMPO_TOTAL,,,
1,4,78,dia_turno_curso,4_N_MAT,59,13202,81788,OPTIMAL,185219.0,185219.0,False,185219.0,2.44,2.13,50.7,4,N,MAT,alfabetica,,aleatoria_por_passada,42,dia_turno_curso,78,51,False,TEMPO_TOTAL,iteracao,combinada_cursos_exat_2_dia_turno_curso_aleatoria,180.0,180.0,600.0,14400.0,False,False,alfabetica,42,alfabetica,,./dados/2024_1/horarios_2024_1.xlsx,./dados/2024_1/salas_2024_1.csv,./dados/2024_1/salas_preferenciais_2024.1.xlsx,/Users/robertdrey/Documents/workspace/development/alocador_de_salas,resultados/experimentos/2024_1/novas_hibridas/combinada_aleatoria/20261002_003719_seed42/melhor.sol,resultados/experimentos/2024_1/novas_hibridas/combinada_aleatoria/20261002_003719_seed42/historico.csv,resultados/experimentos/2024_1/novas_hibridas/combinada_aleatoria/20261002_003719_seed42/historico.json,combinada_aleatoria,cursos_exat_2 + dia_turno_curso,qualquer_melhoria_na_passada,aleatoria_por_passada,42,180.0,1,180.0,600.0,1,0,TEMPO_TOTAL,,,
1,4,79,par_cursos,FIL+PED,71,15548,79442,OPTIMAL,185219.0,185219.0,False,185219.0,14.67,14.35,48.27,,,,alfabetica,,aleatoria_por_passada,42,cursos_exat_2,79,28,False,TEMPO_TOTAL,iteracao,combinada_cursos_exat_2_dia_turno_curso_aleatoria,180.0,180.0,600.0,14400.0,False,False,alfabetica,42,alfabetica,,./dados/2024_1/horarios_2024_1.xlsx,./dados/2024_1/salas_2024_1.csv,./dados/2024_1/salas_preferenciais_2024.1.xlsx,/Users/robertdrey/Documents/workspace/development/alocador_de_salas,resultados/experimentos/2024_1/novas_hibridas/combinada_aleatoria/20261002_003719_seed42/melhor.sol,resultados/experimentos/2024_1/novas_hibridas/combinada_aleatoria/20261002_003719_seed42/historico.csv,resultados/experimentos/2024_1/novas_hibridas/combinada_aleatoria/20261002_003719_seed42/historico.json,combinada_aleatoria,cursos_exat_2 + dia_turno_curso,qualquer_melhoria_na_passada,aleatoria_por_passada,42,180.0,1,180.0,600.0,1,0,TEMPO_TOTAL,FIL,PED,79
1,4,80,par_cursos,ENF+LET,54,17664,77326,OPTIMAL,185219.0,185219.0,False,185219.0,7.08,6.76,33.6,,,,alfabetica,,aleatoria_por_passada,42,cursos_exat_2,80,29,False,TEMPO_TOTAL,iteracao,combinada_cursos_exat_2_dia_turno_curso_aleatoria,180.0,180.0,600.0,14400.0,False,False,alfabetica,42,alfabetica,,./dados/2024_1/horarios_2024_1.xlsx,./dados/2024_1/salas_2024_1.csv,./dados/2024_1/salas_preferenciais_2024.1.xlsx,/Users/robertdrey/Documents/workspace/development/alocador_de_salas,resultados/experimentos/2024_1/novas_hibridas/combinada_aleatoria/20261002_003719_seed42/melhor.sol,resultados/experimentos/2024_1/novas_hibridas/combinada_aleatoria/20261002_003719_seed42/historico.csv,resultados/experimentos/2024_1/novas_hibridas/combinada_aleatoria/20261002_003719_seed42/historico.json,combinada_aleatoria,cursos_exat_2 + dia_turno_curso,qualquer_melhoria_na_passada,aleatoria_por_passada,42,180.0,1,180.0,600.0,1,0,TEMPO_TOTAL,ENF,LET,80
1,4,81,dia_turno_curso,7_M_CC,63,17480,77510,OPTIMAL,185219.0,185219.0,False,185219.0,3.49,3.17,26.51,7,M,CC,alfabetica,,aleatoria_por_passada,42,dia_turno_curso,81,52,False,TEMPO_TOTAL,iteracao,combinada_cursos_exat_2_dia_turno_curso_aleatoria,180.0,180.0,600.0,14400.0,False,False,alfabetica,42,alfabetica,,./dados/2024_1/horarios_2024_1.xlsx,./dados/2024_1/salas_2024_1.csv,./dados/2024_1/salas_preferenciais_2024.1.xlsx,/Users/robertdrey/Documents/workspace/development/alocador_de_salas,resultados/experimentos/2024_1/novas_hibridas/combinada_aleatoria/20261002_003719_seed42/melhor.sol,resultados/experimentos/2024_1/novas_hibridas/combinada_aleatoria/20261002_003719_seed42/historico.csv,resultados/experimentos/2024_1/novas_hibridas/combinada_aleatoria/20261002_003719_seed42/historico.json,combinada_aleatoria,cursos_exat_2 + dia_turno_curso,qualquer_melhoria_na_passada,aleatoria_por_passada,42,180.0,1,180.0,600.0,1,0,TEMPO_TOTAL,,,
1,4,82,par_cursos,EAS+FIL,60,10212,84778,OPTIMAL,185219.0,185219.0,False,185219.0,0.79,0.48,23.03,,,,alfabetica,,aleatoria_por_passada,42,cursos_exat_2,82,30,False,TEMPO_TOTAL,iteracao,combinada_cursos_exat_2_dia_turno_curso_aleatoria,180.0,180.0,600.0,14400.0,False,False,alfabetica,42,alfabetica,,./dados/2024_1/horarios_2024_1.xlsx,./dados/2024_1/salas_2024_1.csv,./dados/2024_1/salas_preferenciais_2024.1.xlsx,/Users/robertdrey/Documents/workspace/development/alocador_de_salas,resultados/experimentos/2024_1/novas_hibridas/combinada_aleatoria/20261002_003719_seed42/melhor.sol,resultados/experimentos/2024_1/novas_hibridas/combinada_aleatoria/20261002_003719_seed42/historico.csv,resultados/experimentos/2024_1/novas_hibridas/combinada_aleatoria/20261002_003719_seed42/historico.json,combinada_aleatoria,cursos_exat_2 + dia_turno_curso,qualquer_melhoria_na_passada,aleatoria_por_passada,42,180.0,1,180.0,600.0,1,0,TEMPO_TOTAL,EAS,FIL,82
1,4,83,dia_turno_curso,2_M_MED,74,18078,76912,OPTIMAL,185219.0,185219.0,False,185219.0,2.43,2.13,22.24,2,M,MED,alfabetica,,aleatoria_por_passada,42,dia_turno_curso,83,53,False,TEMPO_TOTAL,iteracao,combinada_cursos_exat_2_dia_turno_curso_aleatoria,180.0,180.0,600.0,14400.0,False,False,alfabetica,42,alfabetica,,./dados/2024_1/horarios_2024_1.xlsx,./dados/2024_1/salas_2024_1.csv,./dados/2024_1/salas_preferenciais_2024.1.xlsx,/Users/robertdrey/Documents/workspace/development/alocador_de_salas,resultados/experimentos/2024_1/novas_hibridas/combinada_aleatoria/20261002_003719_seed42/melhor.sol,resultados/experimentos/2024_1/novas_hibridas/combinada_aleatoria/20261002_003719_seed42/historico.csv,resultados/experimentos/2024_1/novas_hibridas/combinada_aleatoria/20261002_003719_seed42/historico.json,combinada_aleatoria,cursos_exat_2 + dia_turno_curso,qualquer_melhoria_na_passada,aleatoria_por_passada,42,180.0,1,180.0,600.0,1,0,TEMPO_TOTAL,,,
1,4,84,dia_turno_curso,7_M_AGRO,68,15870,79120,OPTIMAL,185219.0,185219.0,False,185219.0,4.01,3.71,19.81,7,M,AGRO,alfabetica,,aleatoria_por_passada,42,dia_turno_curso,84,54,False,TEMPO_TOTAL,iteracao,combinada_cursos_exat_2_dia_turno_curso_aleatoria,180.0,180.0,600.0,14400.0,False,False,alfabetica,42,alfabetica,,./dados/2024_1/horarios_2024_1.xlsx,./dados/2024_1/salas_2024_1.csv,./dados/2024_1/salas_preferenciais_2024.1.xlsx,/Users/robertdrey/Documents/workspace/development/alocador_de_salas,resultados/experimentos/2024_1/novas_hibridas/combinada_aleatoria/20261002_003719_seed42/melhor.sol,resultados/experimentos/2024_1/novas_hibridas/combinada_aleatoria/20261002_003719_seed42/historico.csv,resultados/experimentos/2024_1/novas_hibridas/combinada_aleatoria/20261002_003719_seed42/historico.json,combinada_aleatoria,cursos_exat_2 + dia_turno_curso,qualquer_melhoria_na_passada,aleatoria_por_passada,42,180.0,1,180.0,600.0,1,0,TEMPO_TOTAL,,,
1,4,85,par_cursos,ADM+LET,84,18446,76544,OPTIMAL,185219.0,185219.0,False,185219.0,3.03,2.73,15.8,,,,alfabetica,,aleatoria_por_passada,42,cursos_exat_2,85,31,False,TEMPO_TOTAL,iteracao,combinada_cursos_exat_2_dia_turno_curso_aleatoria,180.0,180.0,600.0,14400.0,False,False,alfabetica,42,alfabetica,,./dados/2024_1/horarios_2024_1.xlsx,./dados/2024_1/salas_2024_1.csv,./dados/2024_1/salas_preferenciais_2024.1.xlsx,/Users/robertdrey/Documents/workspace/development/alocador_de_salas,resultados/experimentos/2024_1/novas_hibridas/combinada_aleatoria/20261002_003719_seed42/melhor.sol,resultados/experimentos/2024_1/novas_hibridas/combinada_aleatoria/20261002_003719_seed42/historico.csv,resultados/experimentos/2024_1/novas_hibridas/combinada_aleatoria/20261002_003719_seed42/historico.json,combinada_aleatoria,cursos_exat_2 + dia_turno_curso,qualquer_melhoria_na_passada,aleatoria_por_passada,42,180.0,1,180.0,600.0,1,0,TEMPO_TOTAL,ADM,LET,85
1,4,86,dia_turno_curso,3_N_HIS,60,11960,83030,OPTIMAL,185219.0,185219.0,False,185219.0,2.09,1.79,12.76,3,N,HIS,alfabetica,,aleatoria_por_passada,42,dia_turno_curso,86,55,False,TEMPO_TOTAL,iteracao,combinada_cursos_exat_2_dia_turno_curso_aleatoria,180.0,180.0,600.0,14400.0,False,False,alfabetica,42,alfabetica,,./dados/2024_1/horarios_2024_1.xlsx,./dados/2024_1/salas_2024_1.csv,./dados/2024_1/salas_preferenciais_2024.1.xlsx,/Users/robertdrey/Documents/workspace/development/alocador_de_salas,resultados/experimentos/2024_1/novas_hibridas/combinada_aleatoria/20261002_003719_seed42/melhor.sol,resultados/experimentos/2024_1/novas_hibridas/combinada_aleatoria/20261002_003719_seed42/historico.csv,resultados/experimentos/2024_1/novas_hibridas/combinada_aleatoria/20261002_003719_seed42/historico.json,combinada_aleatoria,cursos_exat_2 + dia_turno_curso,qualquer_melhoria_na_passada,aleatoria_por_passada,42,180.0,1,180.0,600.0,1,0,TEMPO_TOTAL,,,
1,4,87,dia_turno_curso,7_N_HIS,26,6532,88458,OPTIMAL,185219.0,185219.0,False,185219.0,0.7,0.39,10.67,7,N,HIS,alfabetica,,aleatoria_por_passada,42,dia_turno_curso,87,56,False,TEMPO_TOTAL,iteracao,combinada_cursos_exat_2_dia_turno_curso_aleatoria,180.0,180.0,600.0,14400.0,False,False,alfabetica,42,alfabetica,,./dados/2024_1/horarios_2024_1.xlsx,./dados/2024_1/salas_2024_1.csv,./dados/2024_1/salas_preferenciais_2024.1.xlsx,/Users/robertdrey/Documents/workspace/development/alocador_de_salas,resultados/experimentos/2024_1/novas_hibridas/combinada_aleatoria/20261002_003719_seed42/melhor.sol,resultados/experimentos/2024_1/novas_hibridas/combinada_aleatoria/20261002_003719_seed42/historico.csv,resultados/experimentos/2024_1/novas_hibridas/combinada_aleatoria/20261002_003719_seed42/historico.json,combinada_aleatoria,cursos_exat_2 + dia_turno_curso,qualquer_melhoria_na_passada,aleatoria_por_passada,42,180.0,1,180.0,600.0,1,0,TEMPO_TOTAL,,,
1,4,88,dia_turno_curso,6_T_MED,64,19274,75716,OPTIMAL,185219.0,185219.0,False,185219.0,1.91,1.61,9.98,6,T,MED,alfabetica,,aleatoria_por_passada,42,dia_turno_curso,88,57,False,TEMPO_TOTAL,iteracao,combinada_cursos_exat_2_dia_turno_curso_aleatoria,180.0,180.0,600.0,14400.0,False,False,alfabetica,42,alfabetica,,./dados/2024_1/horarios_2024_1.xlsx,./dados/2024_1/salas_2024_1.csv,./dados/2024_1/salas_preferenciais_2024.1.xlsx,/Users/robertdrey/Documents/workspace/development/alocador_de_salas,resultados/experimentos/2024_1/novas_hibridas/combinada_aleatoria/20261002_003719_seed42/melhor.sol,resultados/experimentos/2024_1/novas_hibridas/combinada_aleatoria/20261002_003719_seed42/historico.csv,resultados/experimentos/2024_1/novas_hibridas/combinada_aleatoria/20261002_003719_seed42/historico.json,combinada_aleatoria,cursos_exat_2 + dia_turno_curso,qualquer_melhoria_na_passada,aleatoria_por_passada,42,180.0,1,180.0,600.0,1,0,TEMPO_TOTAL,,,
1,4,89,par_cursos,HIS+LET,60,13938,81052,OPTIMAL,185219.0,185219.0,False,185219.0,2.08,1.78,8.07,,,,alfabetica,,aleatoria_por_passada,42,cursos_exat_2,89,32,False,TEMPO_TOTAL,iteracao,combinada_cursos_exat_2_dia_turno_curso_aleatoria,180.0,180.0,600.0,14400.0,False,False,alfabetica,42,alfabetica,,./dados/2024_1/horarios_2024_1.xlsx,./dados/2024_1/salas_2024_1.csv,./dados/2024_1/salas_preferenciais_2024.1.xlsx,/Users/robertdrey/Documents/workspace/development/alocador_de_salas,resultados/experimentos/2024_1/novas_hibridas/combinada_aleatoria/20261002_003719_seed42/melhor.sol,resultados/experimentos/2024_1/novas_hibridas/combinada_aleatoria/20261002_003719_seed42/historico.csv,resultados/experimentos/2024_1/novas_hibridas/combinada_aleatoria/20261002_003719_seed42/historico.json,combinada_aleatoria,cursos_exat_2 + dia_turno_curso,qualquer_melhoria_na_passada,aleatoria_por_passada,42,180.0,1,180.0,600.0,1,0,TEMPO_TOTAL,HIS,LET,89
1,4,90,par_cursos,EAS+GEO,55,9522,85468,OPTIMAL,185219.0,185219.0,False,185219.0,0.73,0.42,5.99,,,,alfabetica,,aleatoria_por_passada,42,cursos_exat_2,90,33,False,TEMPO_TOTAL,iteracao,combinada_cursos_exat_2_dia_turno_curso_aleatoria,180.0,180.0,600.0,14400.0,False,False,alfabetica,42,alfabetica,,./dados/2024_1/horarios_2024_1.xlsx,./dados/2024_1/salas_2024_1.csv,./dados/2024_1/salas_preferenciais_2024.1.xlsx,/Users/robertdrey/Documents/workspace/development/alocador_de_salas,resultados/experimentos/2024_1/novas_hibridas/combinada_aleatoria/20261002_003719_seed42/melhor.sol,resultados/experimentos/2024_1/novas_hibridas/combinada_aleatoria/20261002_003719_seed42/historico.csv,resultados/experimentos/2024_1/novas_hibridas/combinada_aleatoria/20261002_003719_seed42/historico.json,combinada_aleatoria,cursos_exat_2 + dia_turno_curso,qualquer_melhoria_na_passada,aleatoria_por_passada,42,180.0,1,180.0,600.0,1,0,TEMPO_TOTAL,EAS,GEO,90
1,4,91,dia_turno_curso,4_T_AGRO,78,19458,75532,TIME_LIMIT,185219.0,185219.0,False,185219.0,5.58,5.27,5.26,4,T,AGRO,alfabetica,,aleatoria_por_passada,42,dia_turno_curso,91,58,False,TEMPO_TOTAL,iteracao,combinada_cursos_exat_2_dia_turno_curso_aleatoria,180.0,180.0,600.0,14400.0,False,False,alfabetica,42,alfabetica,,./dados/2024_1/horarios_2024_1.xlsx,./dados/2024_1/salas_2024_1.csv,./dados/2024_1/salas_preferenciais_2024.1.xlsx,/Users/robertdrey/Documents/workspace/development/alocador_de_salas,resultados/experimentos/2024_1/novas_hibridas/combinada_aleatoria/20261002_003719_seed42/melhor.sol,resultados/experimentos/2024_1/novas_hibridas/combinada_aleatoria/20261002_003719_seed42/historico.csv,resultados/experimentos/2024_1/novas_hibridas/combinada_aleatoria/20261002_003719_seed42/historico.json,combinada_aleatoria,cursos_exat_2 + dia_turno_curso,qualquer_melhoria_na_passada,aleatoria_por_passada,42,180.0,1,180.0,600.0,1,0,TEMPO_TOTAL,,,
