Agrupamento!
Curso:  ADMINISTRAÇÃO
Disciplina 1: GCS528_1 | ('2M2345 (04/03/2024 - 29/04/2024)',)
Disciplina 2: GCH087_1 | ('2M2345 (06/05/2024 - 01/07/2024)',)
Agrupamento!
Curso:  ENFERMAGEM
Disciplina 1: GCH090_1 | ('3T1234 (06/05/2024 - 06/07/2024)',)
Disciplina 2: GSA020_1 | ('3T1234 (04/03/2024 - 04/05/2024)',)
Agrupamento!
Curso:  ENGENHARIA AMBIENTAL E SANITÁRIA
Disciplina 1: GEN108_1 | ('2T345 (04/03/2024 - 11/05/2024),  2T345 6T45 (13/05/2024 - 06/07/2024),  2T34 (08/07/2024 - 13/07/2024)',)
Disciplina 2: GEN107_1 | ('5T123 6T45 (04/03/2024 - 11/05/2024),  5T123 (13/05/2024 - 13/07/2024)',)
Agrupamento!
Curso:  LETRAS - PORTUGUÊS E ESPANHOL
Disciplina 1: GLA369_1 | ('2N1234 (15/04/2024 - 15/06/2024),  2T12  2N1234 (17/06/2024 - 22/06/2024)',)
Disciplina 2: GCH837_2 | ('2T12345  2N1234 (04/03/2024 - 13/04/2024),  2T12345 (15/04/2024 - 04/05/2024),  2T12345 (27/05/2024 - 08/06/2024),  2T12345 (10/06/2024 - 15/06/2024),  2N1234 (24/06/2024 - 13/07/2024)',)
Agrupamento!
Curso:  LETRAS - PORTUGUÊS E ESPANHOL
Disciplina 1: GLA381_1 | ('4N1234 (08/04/2024 - 11/05/2024),  4T1234  4N1234 (13/05/2024 - 25/05/2024),  4N1234 (27/05/2024 - 13/07/2024)',)
Disciplina 2: GLA379_1 | ('4N1234 (04/03/2024 - 06/04/2024),   2N1234 (08/04/2024 - 13/04/2024),  2N1234 (29/04/2024 - 11/05/2024), 2N1234 (24/06/2024 - 24/06/2024)',)
Agrupamento!
Curso:  LETRAS - PORTUGUÊS E ESPANHOL
Disciplina 1: GLA380_1 | ('6N1234 (20/05/2024 - 01/06/2024),  6T1234  6N1234 (03/06/2024 - 08/06/2024),  6N1234 (10/06/2024 - 13/07/2024)',)
Disciplina 2: GLA384_1 | ('6T12  6N1234 (04/03/2024 - 09/03/2024),  6N1234 (11/03/2024 - 18/05/2024)',)
Agrupamento!
Curso:  LETRAS - PORTUGUÊS E ESPANHOL
Disciplina 1: GLA383_1 | ('2N1234 (04/03/2024 - 06/04/2024),  2N1234 (15/04/2024 - 27/04/2024),  2N1234 (13/05/2024 - 22/06/2024),  2N1234 (01/07/2024 - 13/07/2024)',)
Disciplina 2: GLA379_1 | ('4N1234 (04/03/2024 - 06/04/2024),   2N1234 (08/04/2024 - 13/04/2024),  2N1234 (29/04/2024 - 11/05/2024), 2N1234 (24/06/2024 - 24/06/2024)',)
Agrupamento!
Curso:  LETRAS - PORTUGUÊS E ESPANHOL
Disciplina 1: GLA386_1 | ('3N1234 (29/04/2024 - 06/07/2024),  3N12 (08/07/2024 - 13/07/2024)',)
Disciplina 2: GLA385_1 | ('3T12345  3N1234 (04/03/2024 - 16/03/2024),  3N1234 (18/03/2024 - 27/04/2024)',)
Agrupamento!
Curso:  LETRAS - PORTUGUÊS E ESPANHOL
Disciplina 1: GLA395_1 | ('2T1234  2N1234 (04/03/2024 - 23/03/2024),  2T1234 (25/03/2024 - 30/03/2024),  2N1234 (01/07/2024 - 13/07/2024)',)
Disciplina 2: GLA397_1 | ('2N1234 (25/03/2024 - 01/06/2024),  2N12 (03/06/2024 - 08/06/2024)',)
Agrupamento!
Curso:  MATEMÁTICA
Disciplina 1: GEX983_1 | ('6N1234 (04/03/2024 - 26/04/2024),  6N12 (03/05/2024 - 03/05/2024)',)
Disciplina 2: GEX980_1 | ('6N1234 (17/05/2024 - 24/05/2024),  6N1234 (07/06/2024 - 05/07/2024),  6N12 (12/07/2024 - 12/07/2024)',)
Agrupamento!
Curso:  MATEMÁTICA
Disciplina 1: GEX989_1 | ('4N1234 (13/03/2024 - 13/03/2024),  4N1234 (10/04/2024 - 10/04/2024),  4N1234 (08/05/2024 - 08/05/2024),  4N1234 (22/05/2024 - 22/05/2024),  4N1234 (12/06/2024 - 12/06/2024),  2N1234 (17/06/2024 - 17/06/2024),  24N1234 (24/06/2024 - 26/06/2024),  2N1234 (01/07/2024 - 01/07/2024)',)
Disciplina 2: GEX988_1 | ('2N1234 (04/03/2024 - 10/06/2024)',)
Agrupamento!
Curso:  MATEMÁTICA
Disciplina 1: GEX996_1 | ('2N1234 (04/03/2024 - 04/03/2024),  2N1234 (18/03/2024 - 18/03/2024),  2N1234 (01/04/2024 - 01/04/2024),  2N1234 (15/04/2024 - 15/04/2024),  2N1234 (29/04/2024 - 29/04/2024),  2N1234 (13/05/2024 - 13/05/2024),  2N1234 (27/05/2024 - 27/05/2024),  2N1234 (10/06/2024 - 10/06/2024),  2N1234 (24/06/2024 - 24/06/2024)',)
Disciplina 2: GEX995_1 | ('2N1234 (11/03/2024 - 11/03/2024),  2T2345  2N1234 (25/03/2024 - 25/03/2024),  2T2345 (01/04/2024 - 01/04/2024),  2T2345  2N1234 (08/04/2024 - 08/04/2024),  2T2345 (15/04/2024 - 15/04/2024),  2T2345  2N1234 (22/04/2024 - 22/04/2024),  2T2345 (29/04/2024 - 29/04/2024),  2T2345  2N1234 (06/05/2024 - 06/05/2024),  2T2345 (13/05/2024 - 13/05/2024),  2T2345  2N1234 (20/05/2024 - 20/05/2024),  2T2345 (27/05/2024 - 27/05/2024),  2T2345  2N1234 (03/06/2024 - 03/06/2024),  2T2345 (10/06/2024 - 10/06/2024),  2T2345  2N1234 (17/06/2024 - 17/06/2024),  2T2345 (24/06/2024 - 24/06/2024),  2N12 (01/07/2024 - 01/07/2024)',)
Agrupamento!
Curso:  MEDICINA
Disciplina 1: GSA286_1 | ('4T1234 (06/03/2024 - 06/03/2024),  4T1234 (20/03/2024 - 20/03/2024),  4T1234 (03/04/2024 - 03/04/2024),  4T1234 (17/04/2024 - 17/04/2024),  4T1234 (08/05/2024 - 08/05/2024),  4T1234 (22/05/2024 - 22/05/2024),  4T1234 (29/05/2024 - 29/05/2024),  4T1234 (12/06/2024 - 12/06/2024),  4T1234 (26/06/2024 - 26/06/2024)',)
Disciplina 2: GSA285_1 | ('4T12345 (05/06/2024 - 05/06/2024),  4T12345 (19/06/2024 - 19/06/2024),  4T12345 (03/07/2024 - 03/07/2024),  4T123 (10/07/2024 - 10/07/2024)',)
Agrupamento!
Curso:  PEDAGOGIA
Disciplina 1: GCH1036_1 | ('5M1234 (28/03/2024 - 28/03/2024), 5M1234 (02/05/2024 - 02/05/2024), 5M1234 (06/06/2024 - 06/06/2024), 5M1234 (20/06/2024 - 20/06/2024), 5M12 (27/06/2024 - 27/06/2024)',)
Disciplina 2: GCH1100_1 | ('5M1234 (04/03/2024 - 21/03/2024), 5M1234 (04/04/2024 - 25/04/2024), 5M1234 (09/05/2024 - 09/05/2024), 5M1234 (16/05/2024 - 16/05/2024)',)
Agrupamento!
Curso:  PEDAGOGIA
Disciplina 1: GCH1039_1 | ('4N1234 (27/03/2024 - 27/03/2024),  4N1234 (08/05/2024 - 08/05/2024),  4N1234 (27/05/2024 - 08/06/2024),  4N12 (12/06/2024 - 12/06/2024)',)
Disciplina 2: GCH1038_1 | ('4N1234 (04/03/2024 - 23/03/2024),  4N1234 (01/04/2024 - 27/04/2024),  4N1234 (13/05/2024 - 25/05/2024)',)
Agrupamento!
Curso:  PEDAGOGIA
Disciplina 1: GCH1099_1 | ('6M1234 (04/03/2024 - 23/03/2024), 6M1234 (08/04/2024 - 04/05/2024), 6M1234 (13/05/2024 - 01/06/2024), 6M1234 (14/06/2024 - 14/06/2024), 6M34 (28/06/2024 - 28/06/2024), 6M1234 (01/07/2024 - 13/07/2024)',)
Disciplina 2: GCH1088_1 | ('6M1234 (01/04/2024 - 06/04/2024), 6M1234 (06/05/2024 - 11/05/2024), 6M1234 (03/06/2024 - 08/06/2024), 6M1234 (17/06/2024 - 22/06/2024), 6M12 (24/06/2024 - 29/06/2024)',)
Agrupamento!
Curso:  PEDAGOGIA
Disciplina 1: GCH1105_1 | ('3N1234 (04/03/2024 - 30/03/2024), 7M123456  3N1234 (01/07/2024 - 13/07/2024)',)
Disciplina 2: GCH1104_1 | ('3N1234 (01/04/2024 - 27/04/2024),  3N1234 (06/05/2024 - 18/05/2024)',)
Agrupamento!
Curso:  PEDAGOGIA
Disciplina 1: GCH1106_1 | ('2N1234 (25/03/2024 - 25/03/2024),  2N1234 (29/04/2024 - 29/04/2024),  2N1234 (27/05/2024 - 27/05/2024),  2N1234 (10/06/2024 - 10/06/2024),  2N12 (17/06/2024 - 17/06/2024)',)
Disciplina 2: GCH1102_1 | ('2N1234 (04/03/2024 - 23/03/2024),  2N1234 (01/04/2024 - 27/04/2024),  2N1234 (06/05/2024 - 25/05/2024),  2N1234 (03/06/2024 - 03/06/2024),  2N34 (17/06/2024 - 17/06/2024),  2N1234 (24/06/2024 - 06/07/2024)',)
Agrupamento!
Curso:  PEDAGOGIA
Disciplina 1: GCH1109_1 | ('3M1234 (06/05/2024 - 06/07/2024)',)
Disciplina 2: GCH1108_1 | ('3M1234 (04/03/2024 - 04/05/2024)',)
Agrupamento!
Curso:  PEDAGOGIA
Disciplina 1: GCH1111_1 | ('5M1234 (28/03/2024 - 28/03/2024), 5M1234 (02/05/2024 - 02/05/2024), 5M1234 (06/06/2024 - 06/06/2024), 5M1234 (20/06/2024 - 20/06/2024), 5M12 (27/06/2024 - 27/06/2024)',)
Disciplina 2: GCH837_3 | ('57M12345 (04/03/2024 - 23/03/2024), 57M12345 (01/04/2024 - 27/04/2024), 5M12345 (06/05/2024 - 25/05/2024), 57M12345 (13/06/2024 - 15/06/2024), 5M345 (27/06/2024 - 27/06/2024), 5M12345 (01/07/2024 - 13/07/2024)',)
Agrupamento!
Curso:  PEDAGOGIA
Disciplina 1: GCH1114_1 | ('7M2345  5N1234 (06/05/2024 - 25/05/2024), 7M2345  5N1234 (27/05/2024 - 08/06/2024),  5N1234 (10/06/2024 - 13/07/2024)',)
Disciplina 2: GCH1115_1 | ('7M2345  5N1234 (04/03/2024 - 23/03/2024),  5N1234 (25/03/2024 - 20/04/2024), 7M2345  5N1234 (22/04/2024 - 04/05/2024)',)
Agrupamento!
Curso:  PEDAGOGIA
Disciplina 1: GCH1116_1 | ('4N1234 (27/03/2024 - 27/03/2024),  4N1234 (08/05/2024 - 08/05/2024),  4N1234 (05/06/2024 - 05/06/2024),  4N1234 (19/06/2024 - 19/06/2024),  4N12 (26/06/2024 - 26/06/2024)',)
Disciplina 2: GCH1113_1 | ('4N1234 (04/03/2024 - 23/03/2024),  4N1234 (01/04/2024 - 27/04/2024),  4N1234 (13/05/2024 - 01/06/2024),  4N1234 (12/06/2024 - 12/06/2024),  4N34 (26/06/2024 - 26/06/2024), 7M123456  7T123  4N1234 (01/07/2024 - 13/07/2024)',)
Agrupamento!
Curso:  PEDAGOGIA
Disciplina 1: GLA240_1 | ('5M1234 (04/03/2024 - 04/05/2024)',)
Disciplina 2: GCH1119_1 | ('5M1234 (06/05/2024 - 13/07/2024)',)
Agrupamento!
Curso:  PEDAGOGIA
Disciplina 1: GEX776_1 | ('6M1234 (13/05/2024 - 13/07/2024)',)
Disciplina 2: GCH1118_1 | ('6M1234 (04/03/2024 - 11/05/2024)',)
Agrupamento!
Curso:  PEDAGOGIA
Disciplina 1: GCH1121_1 | ('7M2345 (09/03/2024 - 09/03/2024),  4N1234 (13/03/2024 - 13/03/2024), 7M2345 (16/03/2024 - 16/03/2024), 7M2345 (23/03/2024 - 23/03/2024),  4N1234 (10/04/2024 - 10/04/2024),  4N1234 (08/05/2024 - 08/05/2024),  4N1234 (22/05/2024 - 22/05/2024),  4N1234 (12/06/2024 - 12/06/2024),  4N1234 (26/06/2024 - 26/06/2024)',)
Disciplina 2: GEX777_1 | ('4N1234 (06/03/2024 - 06/03/2024),  4N1234 (18/03/2024 - 06/04/2024),  4N1234 (15/04/2024 - 27/04/2024), 7M2345  4N1234 (15/05/2024 - 18/05/2024), 7M2345  4N1234 (27/05/2024 - 08/06/2024), 7M2345  4N1234 (19/06/2024 - 22/06/2024), 7M2345  4N1234 (01/07/2024 - 13/07/2024)',)
Agrupamento!
Curso:  PEDAGOGIA
Disciplina 1: GCH1126_1 | ('2N1234 (25/03/2024 - 25/03/2024),  2N1234 (29/04/2024 - 29/04/2024),  2N1234 (27/05/2024 - 27/05/2024),  2N1234 (10/06/2024 - 10/06/2024),  2N12 (17/06/2024 - 17/06/2024)',)
Disciplina 2: GCH1122_1 | ('2N1234 (04/03/2024 - 23/03/2024),  2N1234 (01/04/2024 - 27/04/2024),  2N1234 (06/05/2024 - 06/05/2024),  2N1234 (13/05/2024 - 13/05/2024),  7T2345 (18/05/2024 - 18/05/2024),  2N1234 (20/05/2024 - 20/05/2024),  7T2345 (25/05/2024 - 25/05/2024),  7T2345 (01/06/2024 - 01/06/2024),  2N1234 (03/06/2024 - 03/06/2024),  7T2345 (08/06/2024 - 08/06/2024),  2N1234 (24/06/2024 - 13/07/2024)',)
Agrupamento!
Curso:  PEDAGOGIA
Disciplina 1: GCH1134_1 | ('3N1234 (26/03/2024 - 26/03/2024),  3N1234 (30/04/2024 - 30/04/2024),  3N1234 (21/05/2024 - 01/06/2024),  3N12 (04/06/2024 - 04/06/2024)',)
Disciplina 2: GCH1132_1 | ('3N1234 (04/03/2024 - 23/03/2024),  3N1234 (01/04/2024 - 27/04/2024),  3N1234 (06/05/2024 - 18/05/2024)',)
Agrupamentos:  27
Set parameter Username
Set parameter LicenseID to value 2851439
Academic license - for non-commercial use only - expires 2027-08-04
Set parameter TimeLimit to value 25200
Set parameter TimeLimit to value 180
Set parameter MIPFocus to value 1
Set parameter NoRelHeurTime to value 180
Gurobi Optimizer version 10.0.2 build v10.0.2rc0 (mac64[arm])

CPU model: Apple M5
Thread count: 10 physical cores, 10 logical processors, using up to 10 threads

Optimize a model with 548706 rows, 284763 columns and 1341935 nonzeros
Model fingerprint: 0x554225e6
Variable types: 0 continuous, 284763 integer (264707 binary)
Coefficient statistics:
  Matrix range     [1e+00, 8e+01]
  Objective range  [5e-01, 2e+03]
  Bounds range     [1e+00, 1e+00]
  RHS range        [1e+00, 1e+02]
Found heuristic solution: objective 4130000.0000
Presolve removed 258478 rows and 68178 columns
Presolve time: 1.59s
Presolved: 290228 rows, 216585 columns, 898474 nonzeros
Variable types: 0 continuous, 216585 integer (216585 binary)
Found heuristic solution: objective 3264725.0000
Starting NoRel heuristic
Found heuristic solution: objective 3264325.0000
Found heuristic solution: objective 1205379.0000
Found heuristic solution: objective 1168629.0000
Found heuristic solution: objective 1167689.0000
Found heuristic solution: objective 1014507.5000
Found heuristic solution: objective 1001215.0000
Found heuristic solution: objective 980986.50000
Found heuristic solution: objective 961056.50000
Found heuristic solution: objective 958228.00000
Found heuristic solution: objective 916147.00000
Elapsed time for NoRel heuristic: 5s (best bound -3.1692e+06)
Found heuristic solution: objective 878620.00000
Found heuristic solution: objective 870740.00000
Found heuristic solution: objective 844845.00000
Found heuristic solution: objective 810575.50000
Found heuristic solution: objective 801066.00000
Found heuristic solution: objective 500264.00000
Found heuristic solution: objective 499864.00000
Found heuristic solution: objective 489746.00000
Found heuristic solution: objective 470090.50000
Found heuristic solution: objective 466390.50000
Found heuristic solution: objective 455585.50000
Found heuristic solution: objective 449164.50000
Found heuristic solution: objective 440196.00000
Found heuristic solution: objective 435634.50000
Found heuristic solution: objective 418926.00000
Found heuristic solution: objective 414821.00000
Found heuristic solution: objective 411606.00000
Found heuristic solution: objective 410262.50000
Found heuristic solution: objective 406462.50000
Found heuristic solution: objective 400876.00000
Found heuristic solution: objective 367801.50000
Elapsed time for NoRel heuristic: 11s (best bound -2.80555e+06)
Found heuristic solution: objective 366830.00000
Found heuristic solution: objective 363434.50000
Found heuristic solution: objective 361914.00000
Found heuristic solution: objective 361384.50000
Found heuristic solution: objective 361084.50000
Found heuristic solution: objective 356589.00000
Found heuristic solution: objective 350552.00000
Found heuristic solution: objective 324668.00000
Found heuristic solution: objective 292767.50000
Found heuristic solution: objective 290377.00000
Found heuristic solution: objective 289797.00000
Found heuristic solution: objective 288797.00000
Found heuristic solution: objective 287547.00000
Elapsed time for NoRel heuristic: 16s (best bound -2.73435e+06)
Found heuristic solution: objective 285877.00000
Found heuristic solution: objective 285492.00000
Found heuristic solution: objective 283407.50000
Found heuristic solution: objective 279425.00000
Found heuristic solution: objective 277334.50000
Found heuristic solution: objective 275884.50000
Found heuristic solution: objective 275584.50000
Found heuristic solution: objective 274804.50000
Found heuristic solution: objective 274304.50000
Elapsed time for NoRel heuristic: 21s (best bound -2.35215e+06)
Found heuristic solution: objective 273764.50000
Found heuristic solution: objective 271257.50000
Found heuristic solution: objective 270139.00000
Found heuristic solution: objective 269539.00000
Found heuristic solution: objective 255639.00000
Found heuristic solution: objective 254829.00000
Found heuristic solution: objective 251338.00000
Found heuristic solution: objective 250938.00000
Found heuristic solution: objective 249513.00000
Found heuristic solution: objective 248763.00000
Elapsed time for NoRel heuristic: 28s (best bound -2.0731e+06)
Found heuristic solution: objective 247303.00000
Found heuristic solution: objective 246158.00000
Found heuristic solution: objective 241998.50000
Found heuristic solution: objective 239900.50000
Found heuristic solution: objective 237641.00000
Found heuristic solution: objective 233357.00000
Found heuristic solution: objective 232451.50000
Elapsed time for NoRel heuristic: 33s (best bound -1.7143e+06)
Found heuristic solution: objective 231921.50000
Found heuristic solution: objective 231421.50000
Found heuristic solution: objective 231296.50000
Found heuristic solution: objective 229526.50000
Found heuristic solution: objective 227472.50000
Found heuristic solution: objective 221368.00000
Found heuristic solution: objective 218695.00000
Found heuristic solution: objective 218195.00000
Elapsed time for NoRel heuristic: 38s (best bound -1.5166e+06)
Found heuristic solution: objective 218175.00000
Found heuristic solution: objective 217930.00000
Found heuristic solution: objective 217273.00000
Found heuristic solution: objective 216016.00000
Found heuristic solution: objective 212777.50000
Elapsed time for NoRel heuristic: 45s (best bound -1.1016e+06)
Found heuristic solution: objective 209085.50000
Found heuristic solution: objective 207924.00000
Found heuristic solution: objective 206557.50000
Found heuristic solution: objective 204211.00000
Found heuristic solution: objective 201797.50000
Found heuristic solution: objective 201772.50000
Elapsed time for NoRel heuristic: 51s (best bound -649500)
Found heuristic solution: objective 201486.50000
Found heuristic solution: objective 201417.00000
Found heuristic solution: objective 200153.50000
Found heuristic solution: objective 199528.00000
Found heuristic solution: objective 199493.00000
Found heuristic solution: objective 199052.00000
Found heuristic solution: objective 198921.00000
Elapsed time for NoRel heuristic: 57s (best bound -401250)
Found heuristic solution: objective 197249.50000
Found heuristic solution: objective 196489.00000
Found heuristic solution: objective 196219.00000
Found heuristic solution: objective 196199.00000
Found heuristic solution: objective 195437.00000
Found heuristic solution: objective 194981.50000
Found heuristic solution: objective 194941.50000
Found heuristic solution: objective 194682.00000
Found heuristic solution: objective 194302.00000
Elapsed time for NoRel heuristic: 63s (best bound -151950)
Found heuristic solution: objective 194287.00000
Found heuristic solution: objective 193982.00000
Found heuristic solution: objective 193873.00000
Found heuristic solution: objective 193778.00000
Elapsed time for NoRel heuristic: 69s (best bound -100500)
Found heuristic solution: objective 193673.00000
Found heuristic solution: objective 193623.00000
Found heuristic solution: objective 193338.00000
Found heuristic solution: objective 192857.50000
Found heuristic solution: objective 192847.50000
Found heuristic solution: objective 192665.00000
Found heuristic solution: objective 192469.00000
Elapsed time for NoRel heuristic: 75s (best bound 6018.5)
Found heuristic solution: objective 192309.00000
Found heuristic solution: objective 192274.00000
Found heuristic solution: objective 192158.00000
Found heuristic solution: objective 191498.50000
Found heuristic solution: objective 191313.50000
Elapsed time for NoRel heuristic: 81s (best bound 55680.7)
Found heuristic solution: objective 191233.50000
Found heuristic solution: objective 190440.50000
Found heuristic solution: objective 190317.50000
Elapsed time for NoRel heuristic: 88s (best bound 60364.5)
Found heuristic solution: objective 190302.50000
Found heuristic solution: objective 190212.50000
Found heuristic solution: objective 190117.50000
Found heuristic solution: objective 189962.00000
Found heuristic solution: objective 189754.50000
Elapsed time for NoRel heuristic: 94s (best bound 65280.5)
Found heuristic solution: objective 189739.50000
Found heuristic solution: objective 189729.50000
Found heuristic solution: objective 189517.50000
Elapsed time for NoRel heuristic: 101s (best bound 72037)
Found heuristic solution: objective 189292.50000
Elapsed time for NoRel heuristic: 106s (best bound 74682.5)
Found heuristic solution: objective 189232.00000
Found heuristic solution: objective 189227.00000
Found heuristic solution: objective 189218.50000
Found heuristic solution: objective 189012.00000
Found heuristic solution: objective 188954.50000
Found heuristic solution: objective 188706.50000
Found heuristic solution: objective 188661.50000
Elapsed time for NoRel heuristic: 116s (best bound 82085)
Found heuristic solution: objective 188576.50000
Found heuristic solution: objective 188423.50000
Elapsed time for NoRel heuristic: 123s (best bound 85715)
Found heuristic solution: objective 187842.50000
Elapsed time for NoRel heuristic: 129s (best bound 89597.5)
Found heuristic solution: objective 187460.00000
Elapsed time for NoRel heuristic: 136s (best bound 94363)
Found heuristic solution: objective 187205.00000
Elapsed time for NoRel heuristic: 143s (best bound 97632.5)
Found heuristic solution: objective 187190.00000
Found heuristic solution: objective 187178.50000
Elapsed time for NoRel heuristic: 151s (best bound 99456.2)
Found heuristic solution: objective 187147.50000
Found heuristic solution: objective 187132.50000
Elapsed time for NoRel heuristic: 159s (best bound 102589)
Found heuristic solution: objective 187097.50000
Found heuristic solution: objective 187082.50000
Elapsed time for NoRel heuristic: 169s (best bound 105074)
Found heuristic solution: objective 187047.50000
Found heuristic solution: objective 186761.50000
Elapsed time for NoRel heuristic: 177s (best bound 108546)
Found heuristic solution: objective 186694.50000
NoRel heuristic complete

Explored 0 nodes (0 simplex iterations) in 180.83 seconds (155.47 work units)
Thread count was 10 (of 10 available processors)

Solution count 10: 186694 186762 187048 ... 187205

Time limit reached
Best objective 1.866945000000e+05, best bound 1.110481666667e+05, gap 40.5188%
Solução -> não <- ótima.
Set parameter TimeLimit to value 25200
Set parameter TimeLimit to value 600
Set parameter NoRelHeurTime to value 0
Gurobi Optimizer version 10.0.2 build v10.0.2rc0 (mac64[arm])

CPU model: Apple M5
Thread count: 10 physical cores, 10 logical processors, using up to 10 threads

Optimize a model with 548706 rows, 284763 columns and 1341935 nonzeros
Model fingerprint: 0x777d3589
Variable types: 0 continuous, 284763 integer (264707 binary)
Coefficient statistics:
  Matrix range     [1e+00, 8e+01]
  Objective range  [5e-01, 2e+03]
  Bounds range     [1e+00, 1e+00]
  RHS range        [1e+00, 1e+02]

User MIP start produced solution with objective 186694 (0.12s)
Loaded user MIP start with objective 186694
MIP start from previous solve did not produce a new incumbent solution

Presolve removed 495028 rows and 239852 columns
Presolve time: 0.30s
Presolved: 53678 rows, 44911 columns, 158027 nonzeros
Variable types: 0 continuous, 44911 integer (44911 binary)
Deterministic concurrent LP optimizer: primal and dual simplex
Showing first log only...

Concurrent spin time: 0.00s

Solved with dual simplex

Root relaxation: objective 1.866195e+05, 20935 iterations, 0.93 seconds (1.77 work units)

    Nodes    |    Current Node    |     Objective Bounds      |     Work
 Expl Unexpl |  Obj  Depth IntInf | Incumbent    BestBd   Gap | It/Node Time

*    0     0               0    186619.50000 186619.500  0.00%     -    1s

Explored 1 nodes (20935 simplex iterations) in 1.42 seconds (3.07 work units)
Thread count was 10 (of 10 available processors)

Solution count 2: 186620 186694 

Optimal solution found (tolerance 1.00e-04)
Best objective 1.866195000000e+05, best bound 1.866195000000e+05, gap 0.0000%
Solução ótima encontrada.
Set parameter TimeLimit to value 25200
Set parameter TimeLimit to value 600
Gurobi Optimizer version 10.0.2 build v10.0.2rc0 (mac64[arm])

CPU model: Apple M5
Thread count: 10 physical cores, 10 logical processors, using up to 10 threads

Optimize a model with 548706 rows, 284763 columns and 1341935 nonzeros
Model fingerprint: 0x31b932ca
Variable types: 0 continuous, 284763 integer (264707 binary)
Coefficient statistics:
  Matrix range     [1e+00, 8e+01]
  Objective range  [5e-01, 2e+03]
  Bounds range     [1e+00, 1e+00]
  RHS range        [1e+00, 1e+02]

User MIP start produced solution with objective 186620 (0.10s)
Loaded user MIP start with objective 186620
MIP start from previous solve did not produce a new incumbent solution

Presolve removed 498216 rows and 244189 columns
Presolve time: 0.28s
Presolved: 50490 rows, 40574 columns, 149732 nonzeros
Variable types: 0 continuous, 40574 integer (40574 binary)
Deterministic concurrent LP optimizer: primal and dual simplex
Showing first log only...

Concurrent spin time: 0.00s

Solved with dual simplex

Root relaxation: cutoff, 17832 iterations, 0.61 seconds (1.14 work units)

    Nodes    |    Current Node    |     Objective Bounds      |     Work
 Expl Unexpl |  Obj  Depth IntInf | Incumbent    BestBd   Gap | It/Node Time

     0     0     cutoff    0      186619.500 186619.500  0.00%     -    1s

Explored 1 nodes (17832 simplex iterations) in 1.02 seconds (2.48 work units)
Thread count was 10 (of 10 available processors)

Solution count 1: 186620 

Optimal solution found (tolerance 1.00e-04)
Best objective 1.866195000000e+05, best bound 1.866195000000e+05, gap 0.0000%
Solução ótima encontrada.
Set parameter TimeLimit to value 25200
Set parameter TimeLimit to value 600
Gurobi Optimizer version 10.0.2 build v10.0.2rc0 (mac64[arm])

CPU model: Apple M5
Thread count: 10 physical cores, 10 logical processors, using up to 10 threads

Optimize a model with 548706 rows, 284763 columns and 1341935 nonzeros
Model fingerprint: 0xa6c759f5
Variable types: 0 continuous, 284763 integer (264707 binary)
Coefficient statistics:
  Matrix range     [1e+00, 8e+01]
  Objective range  [5e-01, 2e+03]
  Bounds range     [1e+00, 1e+00]
  RHS range        [1e+00, 1e+02]

User MIP start produced solution with objective 186620 (0.10s)
Loaded user MIP start with objective 186620
MIP start from previous solve did not produce a new incumbent solution

Presolve removed 482853 rows and 225578 columns
Presolve time: 0.29s
Presolved: 65853 rows, 59185 columns, 198891 nonzeros
Variable types: 0 continuous, 59185 integer (59185 binary)
Deterministic concurrent LP optimizer: primal and dual simplex
Showing first log only...

Concurrent spin time: 0.00s

Solved with dual simplex

Root relaxation: cutoff, 10708 iterations, 0.55 seconds (1.49 work units)

    Nodes    |    Current Node    |     Objective Bounds      |     Work
 Expl Unexpl |  Obj  Depth IntInf | Incumbent    BestBd   Gap | It/Node Time

     0     0     cutoff    0      186619.500 186619.500  0.00%     -    0s

Explored 1 nodes (10708 simplex iterations) in 0.99 seconds (2.89 work units)
Thread count was 10 (of 10 available processors)

Solution count 1: 186620 

Optimal solution found (tolerance 1.00e-04)
Best objective 1.866195000000e+05, best bound 1.866195000000e+05, gap 0.0000%
Solução ótima encontrada.
Set parameter TimeLimit to value 25200
Set parameter TimeLimit to value 600
Gurobi Optimizer version 10.0.2 build v10.0.2rc0 (mac64[arm])

CPU model: Apple M5
Thread count: 10 physical cores, 10 logical processors, using up to 10 threads

Optimize a model with 548706 rows, 284763 columns and 1341935 nonzeros
Model fingerprint: 0x56b04ca1
Variable types: 0 continuous, 284763 integer (264707 binary)
Coefficient statistics:
  Matrix range     [1e+00, 8e+01]
  Objective range  [5e-01, 2e+03]
  Bounds range     [1e+00, 1e+00]
  RHS range        [1e+00, 1e+02]

User MIP start produced solution with objective 186620 (0.11s)
Loaded user MIP start with objective 186620
MIP start from previous solve did not produce a new incumbent solution

Presolve removed 494817 rows and 239710 columns
Presolve time: 0.28s
Presolved: 53889 rows, 45053 columns, 159495 nonzeros
Variable types: 0 continuous, 45053 integer (45053 binary)
Deterministic concurrent LP optimizer: primal and dual simplex
Showing first log only...

Concurrent spin time: 0.00s

Solved with dual simplex

Root relaxation: cutoff, 23184 iterations, 1.05 seconds (2.09 work units)

    Nodes    |    Current Node    |     Objective Bounds      |     Work
 Expl Unexpl |  Obj  Depth IntInf | Incumbent    BestBd   Gap | It/Node Time

     0     0     cutoff    0      186619.500 186619.500  0.00%     -    1s

Explored 1 nodes (23184 simplex iterations) in 1.48 seconds (3.40 work units)
Thread count was 10 (of 10 available processors)

Solution count 1: 186620 

Optimal solution found (tolerance 1.00e-04)
Best objective 1.866195000000e+05, best bound 1.866195000000e+05, gap 0.0000%
Solução ótima encontrada.
Set parameter TimeLimit to value 25200
Set parameter TimeLimit to value 600
Gurobi Optimizer version 10.0.2 build v10.0.2rc0 (mac64[arm])

CPU model: Apple M5
Thread count: 10 physical cores, 10 logical processors, using up to 10 threads

Optimize a model with 548706 rows, 284763 columns and 1341935 nonzeros
Model fingerprint: 0x6acb34aa
Variable types: 0 continuous, 284763 integer (264707 binary)
Coefficient statistics:
  Matrix range     [1e+00, 8e+01]
  Objective range  [5e-01, 2e+03]
  Bounds range     [1e+00, 1e+00]
  RHS range        [1e+00, 1e+02]

User MIP start produced solution with objective 186620 (0.10s)
Loaded user MIP start with objective 186620
MIP start from previous solve did not produce a new incumbent solution

Presolve removed 502899 rows and 247875 columns
Presolve time: 0.26s
Presolved: 45807 rows, 36888 columns, 135631 nonzeros
Variable types: 0 continuous, 36888 integer (36888 binary)
Deterministic concurrent LP optimizer: primal and dual simplex
Showing first log only...

Concurrent spin time: 0.00s

Solved with dual simplex

Root relaxation: objective 1.865340e+05, 14585 iterations, 0.44 seconds (1.08 work units)

    Nodes    |    Current Node    |     Objective Bounds      |     Work
 Expl Unexpl |  Obj  Depth IntInf | Incumbent    BestBd   Gap | It/Node Time

*    0     0               0    186534.00000 186534.000  0.00%     -    0s

Explored 1 nodes (14585 simplex iterations) in 0.85 seconds (2.36 work units)
Thread count was 10 (of 10 available processors)

Solution count 2: 186534 186620 

Optimal solution found (tolerance 1.00e-04)
Best objective 1.865340000000e+05, best bound 1.865340000000e+05, gap 0.0000%
Solução ótima encontrada.
Set parameter TimeLimit to value 25200
Set parameter TimeLimit to value 600
Gurobi Optimizer version 10.0.2 build v10.0.2rc0 (mac64[arm])

CPU model: Apple M5
Thread count: 10 physical cores, 10 logical processors, using up to 10 threads

Optimize a model with 548706 rows, 284763 columns and 1341935 nonzeros
Model fingerprint: 0x3370e9dd
Variable types: 0 continuous, 284763 integer (264707 binary)
Coefficient statistics:
  Matrix range     [1e+00, 8e+01]
  Objective range  [5e-01, 2e+03]
  Bounds range     [1e+00, 1e+00]
  RHS range        [1e+00, 1e+02]

User MIP start produced solution with objective 186534 (0.10s)
Loaded user MIP start with objective 186534
MIP start from previous solve did not produce a new incumbent solution

Presolve removed 485393 rows and 227090 columns
Presolve time: 0.29s
Presolved: 63313 rows, 57673 columns, 191824 nonzeros
Variable types: 0 continuous, 57673 integer (57673 binary)
Deterministic concurrent LP optimizer: primal and dual simplex
Showing first log only...

Concurrent spin time: 0.00s

Solved with dual simplex

Root relaxation: cutoff, 12974 iterations, 0.83 seconds (2.68 work units)

    Nodes    |    Current Node    |     Objective Bounds      |     Work
 Expl Unexpl |  Obj  Depth IntInf | Incumbent    BestBd   Gap | It/Node Time

     0     0     cutoff    0      186534.000 186534.000  0.00%     -    1s

Explored 1 nodes (12974 simplex iterations) in 1.27 seconds (4.06 work units)
Thread count was 10 (of 10 available processors)

Solution count 1: 186534 

Optimal solution found (tolerance 1.00e-04)
Best objective 1.865340000000e+05, best bound 1.865340000000e+05, gap 0.0000%
Solução ótima encontrada.
Set parameter TimeLimit to value 25200
Set parameter TimeLimit to value 600
Gurobi Optimizer version 10.0.2 build v10.0.2rc0 (mac64[arm])

CPU model: Apple M5
Thread count: 10 physical cores, 10 logical processors, using up to 10 threads

Optimize a model with 548706 rows, 284763 columns and 1341935 nonzeros
Model fingerprint: 0x9c4a7d5b
Variable types: 0 continuous, 284763 integer (264707 binary)
Coefficient statistics:
  Matrix range     [1e+00, 8e+01]
  Objective range  [5e-01, 2e+03]
  Bounds range     [1e+00, 1e+00]
  RHS range        [1e+00, 1e+02]

User MIP start produced solution with objective 186534 (0.10s)
Loaded user MIP start with objective 186534
MIP start from previous solve did not produce a new incumbent solution

Presolve removed 496594 rows and 242020 columns
Presolve time: 0.26s
Presolved: 52112 rows, 42743 columns, 152655 nonzeros
Variable types: 0 continuous, 42743 integer (42743 binary)
Deterministic concurrent LP optimizer: primal and dual simplex
Showing first log only...

Concurrent spin time: 0.00s

Solved with dual simplex

Root relaxation: cutoff, 19308 iterations, 0.74 seconds (1.48 work units)

    Nodes    |    Current Node    |     Objective Bounds      |     Work
 Expl Unexpl |  Obj  Depth IntInf | Incumbent    BestBd   Gap | It/Node Time

     0     0     cutoff    0      186534.000 186534.000  0.00%     -    1s

Explored 1 nodes (19308 simplex iterations) in 1.13 seconds (2.77 work units)
Thread count was 10 (of 10 available processors)

Solution count 1: 186534 

Optimal solution found (tolerance 1.00e-04)
Best objective 1.865340000000e+05, best bound 1.865340000000e+05, gap 0.0000%
Solução ótima encontrada.
Set parameter TimeLimit to value 25200
Set parameter TimeLimit to value 600
Gurobi Optimizer version 10.0.2 build v10.0.2rc0 (mac64[arm])

CPU model: Apple M5
Thread count: 10 physical cores, 10 logical processors, using up to 10 threads

Optimize a model with 548706 rows, 284763 columns and 1341935 nonzeros
Model fingerprint: 0xa9f41871
Variable types: 0 continuous, 284763 integer (264707 binary)
Coefficient statistics:
  Matrix range     [1e+00, 8e+01]
  Objective range  [5e-01, 2e+03]
  Bounds range     [1e+00, 1e+00]
  RHS range        [1e+00, 1e+02]

User MIP start produced solution with objective 186534 (0.10s)
Loaded user MIP start with objective 186534
MIP start from previous solve did not produce a new incumbent solution

Presolve removed 503328 rows and 248568 columns
Presolve time: 0.25s
Presolved: 45378 rows, 36195 columns, 132241 nonzeros
Variable types: 0 continuous, 36195 integer (36195 binary)
Deterministic concurrent LP optimizer: primal and dual simplex
Showing first log only...

Concurrent spin time: 0.00s

Solved with dual simplex

Root relaxation: cutoff, 11451 iterations, 0.27 seconds (0.63 work units)

    Nodes    |    Current Node    |     Objective Bounds      |     Work
 Expl Unexpl |  Obj  Depth IntInf | Incumbent    BestBd   Gap | It/Node Time

     0     0     cutoff    0      186534.000 186534.000  0.00%     -    0s

Explored 1 nodes (11451 simplex iterations) in 0.65 seconds (1.83 work units)
Thread count was 10 (of 10 available processors)

Solution count 1: 186534 

Optimal solution found (tolerance 1.00e-04)
Best objective 1.865340000000e+05, best bound 1.865340000000e+05, gap 0.0000%
Solução ótima encontrada.
Set parameter TimeLimit to value 25200
Set parameter TimeLimit to value 600
Gurobi Optimizer version 10.0.2 build v10.0.2rc0 (mac64[arm])

CPU model: Apple M5
Thread count: 10 physical cores, 10 logical processors, using up to 10 threads

Optimize a model with 548706 rows, 284763 columns and 1341935 nonzeros
Model fingerprint: 0xdb6a2d4b
Variable types: 0 continuous, 284763 integer (264707 binary)
Coefficient statistics:
  Matrix range     [1e+00, 8e+01]
  Objective range  [5e-01, 2e+03]
  Bounds range     [1e+00, 1e+00]
  RHS range        [1e+00, 1e+02]

User MIP start produced solution with objective 186534 (0.10s)
Loaded user MIP start with objective 186534
MIP start from previous solve did not produce a new incumbent solution

Presolve removed 486028 rows and 228919 columns
Presolve time: 0.30s
Presolved: 62678 rows, 55844 columns, 190493 nonzeros
Variable types: 0 continuous, 55844 integer (55844 binary)
Deterministic concurrent LP optimizer: primal and dual simplex
Showing first log only...

Concurrent spin time: 0.00s

Solved with dual simplex

Root relaxation: cutoff, 15691 iterations, 0.96 seconds (2.80 work units)

    Nodes    |    Current Node    |     Objective Bounds      |     Work
 Expl Unexpl |  Obj  Depth IntInf | Incumbent    BestBd   Gap | It/Node Time

     0     0     cutoff    0      186534.000 186534.000  0.00%     -    1s

Explored 1 nodes (15691 simplex iterations) in 1.40 seconds (4.18 work units)
Thread count was 10 (of 10 available processors)

Solution count 1: 186534 

Optimal solution found (tolerance 1.00e-04)
Best objective 1.865340000000e+05, best bound 1.865340000000e+05, gap 0.0000%
Solução ótima encontrada.
Set parameter TimeLimit to value 25200
Set parameter TimeLimit to value 600
Gurobi Optimizer version 10.0.2 build v10.0.2rc0 (mac64[arm])

CPU model: Apple M5
Thread count: 10 physical cores, 10 logical processors, using up to 10 threads

Optimize a model with 548706 rows, 284763 columns and 1341935 nonzeros
Model fingerprint: 0x1690f69c
Variable types: 0 continuous, 284763 integer (264707 binary)
Coefficient statistics:
  Matrix range     [1e+00, 8e+01]
  Objective range  [5e-01, 2e+03]
  Bounds range     [1e+00, 1e+00]
  RHS range        [1e+00, 1e+02]

User MIP start produced solution with objective 186534 (0.09s)
Loaded user MIP start with objective 186534
MIP start from previous solve did not produce a new incumbent solution

Presolve removed 494002 rows and 240110 columns
Presolve time: 0.26s
Presolved: 54704 rows, 44653 columns, 160806 nonzeros
Variable types: 0 continuous, 44653 integer (44653 binary)
Deterministic concurrent LP optimizer: primal and dual simplex
Showing first log only...

Concurrent spin time: 0.00s

Solved with dual simplex

Root relaxation: cutoff, 22378 iterations, 0.91 seconds (1.87 work units)

    Nodes    |    Current Node    |     Objective Bounds      |     Work
 Expl Unexpl |  Obj  Depth IntInf | Incumbent    BestBd   Gap | It/Node Time

     0     0     cutoff    0      186534.000 186534.000  0.00%     -    1s

Explored 1 nodes (22378 simplex iterations) in 1.30 seconds (3.20 work units)
Thread count was 10 (of 10 available processors)

Solution count 1: 186534 

Optimal solution found (tolerance 1.00e-04)
Best objective 1.865340000000e+05, best bound 1.865340000000e+05, gap 0.0000%
Solução ótima encontrada.
Set parameter TimeLimit to value 25200
Set parameter TimeLimit to value 600
Gurobi Optimizer version 10.0.2 build v10.0.2rc0 (mac64[arm])

CPU model: Apple M5
Thread count: 10 physical cores, 10 logical processors, using up to 10 threads

Optimize a model with 548706 rows, 284763 columns and 1341935 nonzeros
Model fingerprint: 0x55d6f6d2
Variable types: 0 continuous, 284763 integer (264707 binary)
Coefficient statistics:
  Matrix range     [1e+00, 8e+01]
  Objective range  [5e-01, 2e+03]
  Bounds range     [1e+00, 1e+00]
  RHS range        [1e+00, 1e+02]

User MIP start produced solution with objective 186534 (0.10s)
Loaded user MIP start with objective 186534
MIP start from previous solve did not produce a new incumbent solution

Presolve removed 502255 rows and 247499 columns
Presolve time: 0.24s
Presolved: 46451 rows, 37264 columns, 137756 nonzeros
Variable types: 0 continuous, 37264 integer (37264 binary)
Deterministic concurrent LP optimizer: primal and dual simplex
Showing first log only...

Concurrent spin time: 0.00s

Solved with dual simplex

Root relaxation: cutoff, 14316 iterations, 0.39 seconds (0.84 work units)

    Nodes    |    Current Node    |     Objective Bounds      |     Work
 Expl Unexpl |  Obj  Depth IntInf | Incumbent    BestBd   Gap | It/Node Time

     0     0     cutoff    0      186534.000 186534.000  0.00%     -    0s

Explored 1 nodes (14316 simplex iterations) in 0.76 seconds (2.09 work units)
Thread count was 10 (of 10 available processors)

Solution count 1: 186534 

Optimal solution found (tolerance 1.00e-04)
Best objective 1.865340000000e+05, best bound 1.865340000000e+05, gap 0.0000%
Solução ótima encontrada.
Set parameter TimeLimit to value 25200
Set parameter TimeLimit to value 600
Gurobi Optimizer version 10.0.2 build v10.0.2rc0 (mac64[arm])

CPU model: Apple M5
Thread count: 10 physical cores, 10 logical processors, using up to 10 threads

Optimize a model with 548706 rows, 284763 columns and 1341935 nonzeros
Model fingerprint: 0x479e2bcc
Variable types: 0 continuous, 284763 integer (264707 binary)
Coefficient statistics:
  Matrix range     [1e+00, 8e+01]
  Objective range  [5e-01, 2e+03]
  Bounds range     [1e+00, 1e+00]
  RHS range        [1e+00, 1e+02]

User MIP start produced solution with objective 186534 (0.10s)
Loaded user MIP start with objective 186534
MIP start from previous solve did not produce a new incumbent solution

Presolve removed 487697 rows and 229256 columns
Presolve time: 0.29s
Presolved: 61009 rows, 55507 columns, 184561 nonzeros
Variable types: 0 continuous, 55507 integer (55507 binary)
Deterministic concurrent LP optimizer: primal and dual simplex
Showing first log only...

Concurrent spin time: 0.00s

Solved with dual simplex

Root relaxation: cutoff, 12621 iterations, 0.69 seconds (1.89 work units)

    Nodes    |    Current Node    |     Objective Bounds      |     Work
 Expl Unexpl |  Obj  Depth IntInf | Incumbent    BestBd   Gap | It/Node Time

     0     0     cutoff    0      186534.000 186534.000  0.00%     -    1s

Explored 1 nodes (12621 simplex iterations) in 1.13 seconds (3.24 work units)
Thread count was 10 (of 10 available processors)

Solution count 1: 186534 

Optimal solution found (tolerance 1.00e-04)
Best objective 1.865340000000e+05, best bound 1.865340000000e+05, gap 0.0000%
Solução ótima encontrada.
Set parameter TimeLimit to value 25200
Set parameter TimeLimit to value 600
Gurobi Optimizer version 10.0.2 build v10.0.2rc0 (mac64[arm])

CPU model: Apple M5
Thread count: 10 physical cores, 10 logical processors, using up to 10 threads

Optimize a model with 548706 rows, 284763 columns and 1341935 nonzeros
Model fingerprint: 0x59e77854
Variable types: 0 continuous, 284763 integer (264707 binary)
Coefficient statistics:
  Matrix range     [1e+00, 8e+01]
  Objective range  [5e-01, 2e+03]
  Bounds range     [1e+00, 1e+00]
  RHS range        [1e+00, 1e+02]

User MIP start produced solution with objective 186534 (0.09s)
Loaded user MIP start with objective 186534
MIP start from previous solve did not produce a new incumbent solution

Presolve removed 510265 rows and 251374 columns
Presolve time: 0.27s
Presolved: 38441 rows, 33389 columns, 116079 nonzeros
Variable types: 0 continuous, 33389 integer (33389 binary)
Deterministic concurrent LP optimizer: primal and dual simplex
Showing first log only...

Concurrent spin time: 0.00s

Solved with dual simplex

Root relaxation: cutoff, 15943 iterations, 0.50 seconds (1.07 work units)

    Nodes    |    Current Node    |     Objective Bounds      |     Work
 Expl Unexpl |  Obj  Depth IntInf | Incumbent    BestBd   Gap | It/Node Time

     0     0     cutoff    0      186534.000 186534.000  0.00%     -    0s

Explored 1 nodes (15943 simplex iterations) in 0.90 seconds (2.39 work units)
Thread count was 10 (of 10 available processors)

Solution count 1: 186534 

Optimal solution found (tolerance 1.00e-04)
Best objective 1.865340000000e+05, best bound 1.865340000000e+05, gap 0.0000%
Solução ótima encontrada.
Set parameter TimeLimit to value 25200
Set parameter TimeLimit to value 600
Gurobi Optimizer version 10.0.2 build v10.0.2rc0 (mac64[arm])

CPU model: Apple M5
Thread count: 10 physical cores, 10 logical processors, using up to 10 threads

Optimize a model with 548706 rows, 284763 columns and 1341935 nonzeros
Model fingerprint: 0xbf5cdc15
Variable types: 0 continuous, 284763 integer (264707 binary)
Coefficient statistics:
  Matrix range     [1e+00, 8e+01]
  Objective range  [5e-01, 2e+03]
  Bounds range     [1e+00, 1e+00]
  RHS range        [1e+00, 1e+02]

User MIP start produced solution with objective 186534 (0.10s)
Loaded user MIP start with objective 186534
MIP start from previous solve did not produce a new incumbent solution

Presolve removed 506691 rows and 251680 columns
Presolve time: 0.31s
Presolved: 42015 rows, 33083 columns, 124764 nonzeros
Variable types: 0 continuous, 33083 integer (33083 binary)
Deterministic concurrent LP optimizer: primal and dual simplex
Showing first log only...

Concurrent spin time: 0.00s

Solved with dual simplex

Root relaxation: cutoff, 13008 iterations, 0.49 seconds (1.29 work units)

    Nodes    |    Current Node    |     Objective Bounds      |     Work
 Expl Unexpl |  Obj  Depth IntInf | Incumbent    BestBd   Gap | It/Node Time

     0     0     cutoff    0      186534.000 186534.000  0.00%     -    0s

Explored 1 nodes (13008 simplex iterations) in 0.93 seconds (2.75 work units)
Thread count was 10 (of 10 available processors)

Solution count 1: 186534 

Optimal solution found (tolerance 1.00e-04)
Best objective 1.865340000000e+05, best bound 1.865340000000e+05, gap 0.0000%
Solução ótima encontrada.
Set parameter TimeLimit to value 25200
Set parameter TimeLimit to value 600
Gurobi Optimizer version 10.0.2 build v10.0.2rc0 (mac64[arm])

CPU model: Apple M5
Thread count: 10 physical cores, 10 logical processors, using up to 10 threads

Optimize a model with 548706 rows, 284763 columns and 1341935 nonzeros
Model fingerprint: 0x9733d3d7
Variable types: 0 continuous, 284763 integer (264707 binary)
Coefficient statistics:
  Matrix range     [1e+00, 8e+01]
  Objective range  [5e-01, 2e+03]
  Bounds range     [1e+00, 1e+00]
  RHS range        [1e+00, 1e+02]

User MIP start produced solution with objective 186534 (0.10s)
Loaded user MIP start with objective 186534
MIP start from previous solve did not produce a new incumbent solution

Presolve removed 485721 rows and 228247 columns
Presolve time: 0.29s
Presolved: 62985 rows, 56516 columns, 189837 nonzeros
Variable types: 0 continuous, 56516 integer (56516 binary)
Deterministic concurrent LP optimizer: primal and dual simplex
Showing first log only...

Concurrent spin time: 0.00s

Solved with dual simplex

Root relaxation: cutoff, 12678 iterations, 0.78 seconds (2.19 work units)

    Nodes    |    Current Node    |     Objective Bounds      |     Work
 Expl Unexpl |  Obj  Depth IntInf | Incumbent    BestBd   Gap | It/Node Time

     0     0     cutoff    0      186534.000 186534.000  0.00%     -    1s

Explored 1 nodes (12678 simplex iterations) in 1.22 seconds (3.57 work units)
Thread count was 10 (of 10 available processors)

Solution count 1: 186534 

Optimal solution found (tolerance 1.00e-04)
Best objective 1.865340000000e+05, best bound 1.865340000000e+05, gap 0.0000%
Solução ótima encontrada.
Set parameter TimeLimit to value 25200
Set parameter TimeLimit to value 600
Gurobi Optimizer version 10.0.2 build v10.0.2rc0 (mac64[arm])

CPU model: Apple M5
Thread count: 10 physical cores, 10 logical processors, using up to 10 threads

Optimize a model with 548706 rows, 284763 columns and 1341935 nonzeros
Model fingerprint: 0x9a281e2c
Variable types: 0 continuous, 284763 integer (264707 binary)
Coefficient statistics:
  Matrix range     [1e+00, 8e+01]
  Objective range  [5e-01, 2e+03]
  Bounds range     [1e+00, 1e+00]
  RHS range        [1e+00, 1e+02]

User MIP start produced solution with objective 186534 (0.10s)
Loaded user MIP start with objective 186534
MIP start from previous solve did not produce a new incumbent solution

Presolve removed 508492 rows and 253335 columns
Presolve time: 0.24s
Presolved: 40214 rows, 31428 columns, 116162 nonzeros
Variable types: 0 continuous, 31428 integer (31428 binary)
Deterministic concurrent LP optimizer: primal and dual simplex
Showing first log only...

Concurrent spin time: 0.00s

Solved with dual simplex

Root relaxation: objective 1.863494e+05, 6317 iterations, 0.13 seconds (0.33 work units)

    Nodes    |    Current Node    |     Objective Bounds      |     Work
 Expl Unexpl |  Obj  Depth IntInf | Incumbent    BestBd   Gap | It/Node Time

     0     0 infeasible    0      186534.000 186534.000  0.00%     -    0s

Explored 1 nodes (7464 simplex iterations) in 0.55 seconds (1.56 work units)
Thread count was 10 (of 10 available processors)

Solution count 1: 186534 

Optimal solution found (tolerance 1.00e-04)
Best objective 1.865340000000e+05, best bound 1.865340000000e+05, gap 0.0000%
Solução ótima encontrada.
Set parameter TimeLimit to value 25200
Set parameter TimeLimit to value 600
Gurobi Optimizer version 10.0.2 build v10.0.2rc0 (mac64[arm])

CPU model: Apple M5
Thread count: 10 physical cores, 10 logical processors, using up to 10 threads

Optimize a model with 548706 rows, 284763 columns and 1341935 nonzeros
Model fingerprint: 0x9c8467a6
Variable types: 0 continuous, 284763 integer (264707 binary)
Coefficient statistics:
  Matrix range     [1e+00, 8e+01]
  Objective range  [5e-01, 2e+03]
  Bounds range     [1e+00, 1e+00]
  RHS range        [1e+00, 1e+02]

User MIP start produced solution with objective 186534 (0.10s)
Loaded user MIP start with objective 186534
MIP start from previous solve did not produce a new incumbent solution

Presolve removed 528173 rows and 269474 columns
Presolve time: 0.16s
Presolved: 20533 rows, 15289 columns, 57982 nonzeros
Variable types: 0 continuous, 15289 integer (15289 binary)

Root relaxation: objective 1.863512e+05, 2226 iterations, 0.02 seconds (0.04 work units)

    Nodes    |    Current Node    |     Objective Bounds      |     Work
 Expl Unexpl |  Obj  Depth IntInf | Incumbent    BestBd   Gap | It/Node Time

     0     0 infeasible    0      186534.000 186534.000  0.00%     -    0s

Explored 1 nodes (2606 simplex iterations) in 0.32 seconds (1.00 work units)
Thread count was 10 (of 10 available processors)

Solution count 1: 186534 

Optimal solution found (tolerance 1.00e-04)
Best objective 1.865340000000e+05, best bound 1.865340000000e+05, gap 0.0000%
Solução ótima encontrada.
Set parameter TimeLimit to value 25200
Set parameter TimeLimit to value 600
Gurobi Optimizer version 10.0.2 build v10.0.2rc0 (mac64[arm])

CPU model: Apple M5
Thread count: 10 physical cores, 10 logical processors, using up to 10 threads

Optimize a model with 548706 rows, 284763 columns and 1341935 nonzeros
Model fingerprint: 0x2531458e
Variable types: 0 continuous, 284763 integer (264707 binary)
Coefficient statistics:
  Matrix range     [1e+00, 8e+01]
  Objective range  [5e-01, 2e+03]
  Bounds range     [1e+00, 1e+00]
  RHS range        [1e+00, 1e+02]

User MIP start produced solution with objective 186534 (0.09s)
Loaded user MIP start with objective 186534
MIP start from previous solve did not produce a new incumbent solution

Presolve removed 538330 rows and 277497 columns
Presolve time: 0.17s
Presolved: 10376 rows, 7266 columns, 27678 nonzeros
Variable types: 0 continuous, 7266 integer (7266 binary)

Root relaxation: cutoff, 1134 iterations, 0.00 seconds (0.01 work units)

    Nodes    |    Current Node    |     Objective Bounds      |     Work
 Expl Unexpl |  Obj  Depth IntInf | Incumbent    BestBd   Gap | It/Node Time

     0     0     cutoff    0      186534.000 186534.000  0.00%     -    0s

Explored 1 nodes (1134 simplex iterations) in 0.29 seconds (0.91 work units)
Thread count was 10 (of 10 available processors)

Solution count 1: 186534 

Optimal solution found (tolerance 1.00e-04)
Best objective 1.865340000000e+05, best bound 1.865340000000e+05, gap 0.0000%
Solução ótima encontrada.
Set parameter TimeLimit to value 25200
Set parameter TimeLimit to value 600
Gurobi Optimizer version 10.0.2 build v10.0.2rc0 (mac64[arm])

CPU model: Apple M5
Thread count: 10 physical cores, 10 logical processors, using up to 10 threads

Optimize a model with 548706 rows, 284763 columns and 1341935 nonzeros
Model fingerprint: 0x52b51603
Variable types: 0 continuous, 284763 integer (264707 binary)
Coefficient statistics:
  Matrix range     [1e+00, 8e+01]
  Objective range  [5e-01, 2e+03]
  Bounds range     [1e+00, 1e+00]
  RHS range        [1e+00, 1e+02]

User MIP start produced solution with objective 186534 (0.10s)
Loaded user MIP start with objective 186534
MIP start from previous solve did not produce a new incumbent solution

Presolve removed 495128 rows and 239934 columns
Presolve time: 0.25s
Presolved: 53578 rows, 44829 columns, 157735 nonzeros
Variable types: 0 continuous, 44829 integer (44829 binary)
Deterministic concurrent LP optimizer: primal and dual simplex
Showing first log only...

Concurrent spin time: 0.00s

Solved with dual simplex

Root relaxation: cutoff, 22343 iterations, 0.84 seconds (1.73 work units)

    Nodes    |    Current Node    |     Objective Bounds      |     Work
 Expl Unexpl |  Obj  Depth IntInf | Incumbent    BestBd   Gap | It/Node Time

     0     0     cutoff    0      186534.000 186534.000  0.00%     -    1s

Explored 1 nodes (22343 simplex iterations) in 1.23 seconds (3.02 work units)
Thread count was 10 (of 10 available processors)

Solution count 1: 186534 

Optimal solution found (tolerance 1.00e-04)
Best objective 1.865340000000e+05, best bound 1.865340000000e+05, gap 0.0000%
Solução ótima encontrada.
Set parameter TimeLimit to value 25200
Set parameter TimeLimit to value 600
Gurobi Optimizer version 10.0.2 build v10.0.2rc0 (mac64[arm])

CPU model: Apple M5
Thread count: 10 physical cores, 10 logical processors, using up to 10 threads

Optimize a model with 548706 rows, 284763 columns and 1341935 nonzeros
Model fingerprint: 0x4daa9601
Variable types: 0 continuous, 284763 integer (264707 binary)
Coefficient statistics:
  Matrix range     [1e+00, 8e+01]
  Objective range  [5e-01, 2e+03]
  Bounds range     [1e+00, 1e+00]
  RHS range        [1e+00, 1e+02]

User MIP start produced solution with objective 186534 (0.10s)
Loaded user MIP start with objective 186534
MIP start from previous solve did not produce a new incumbent solution

Presolve removed 498349 rows and 244315 columns
Presolve time: 0.27s
Presolved: 50357 rows, 40448 columns, 149337 nonzeros
Variable types: 0 continuous, 40448 integer (40448 binary)
Deterministic concurrent LP optimizer: primal and dual simplex
Showing first log only...

Concurrent spin time: 0.00s

Solved with dual simplex

Root relaxation: cutoff, 21307 iterations, 0.71 seconds (1.46 work units)

    Nodes    |    Current Node    |     Objective Bounds      |     Work
 Expl Unexpl |  Obj  Depth IntInf | Incumbent    BestBd   Gap | It/Node Time

     0     0     cutoff    0      186534.000 186534.000  0.00%     -    1s

Explored 1 nodes (21307 simplex iterations) in 1.12 seconds (2.80 work units)
Thread count was 10 (of 10 available processors)

Solution count 1: 186534 

Optimal solution found (tolerance 1.00e-04)
Best objective 1.865340000000e+05, best bound 1.865340000000e+05, gap 0.0000%
Solução ótima encontrada.
Set parameter TimeLimit to value 25200
Set parameter TimeLimit to value 600
Gurobi Optimizer version 10.0.2 build v10.0.2rc0 (mac64[arm])

CPU model: Apple M5
Thread count: 10 physical cores, 10 logical processors, using up to 10 threads

Optimize a model with 548706 rows, 284763 columns and 1341935 nonzeros
Model fingerprint: 0x0f12f53b
Variable types: 0 continuous, 284763 integer (264707 binary)
Coefficient statistics:
  Matrix range     [1e+00, 8e+01]
  Objective range  [5e-01, 2e+03]
  Bounds range     [1e+00, 1e+00]
  RHS range        [1e+00, 1e+02]

User MIP start produced solution with objective 186534 (0.10s)
Loaded user MIP start with objective 186534
MIP start from previous solve did not produce a new incumbent solution

Presolve removed 482897 rows and 225617 columns
Presolve time: 0.29s
Presolved: 65809 rows, 59146 columns, 198765 nonzeros
Variable types: 0 continuous, 59146 integer (59146 binary)
Deterministic concurrent LP optimizer: primal and dual simplex
Showing first log only...

Concurrent spin time: 0.00s

Solved with dual simplex

Root relaxation: cutoff, 11203 iterations, 0.54 seconds (1.53 work units)

    Nodes    |    Current Node    |     Objective Bounds      |     Work
 Expl Unexpl |  Obj  Depth IntInf | Incumbent    BestBd   Gap | It/Node Time

     0     0     cutoff    0      186534.000 186534.000  0.00%     -    0s

Explored 1 nodes (11203 simplex iterations) in 0.98 seconds (2.94 work units)
Thread count was 10 (of 10 available processors)

Solution count 1: 186534 

Optimal solution found (tolerance 1.00e-04)
Best objective 1.865340000000e+05, best bound 1.865340000000e+05, gap 0.0000%
Solução ótima encontrada.
Set parameter TimeLimit to value 25200
Set parameter TimeLimit to value 600
Gurobi Optimizer version 10.0.2 build v10.0.2rc0 (mac64[arm])

CPU model: Apple M5
Thread count: 10 physical cores, 10 logical processors, using up to 10 threads

Optimize a model with 548706 rows, 284763 columns and 1341935 nonzeros
Model fingerprint: 0xf50012d3
Variable types: 0 continuous, 284763 integer (264707 binary)
Coefficient statistics:
  Matrix range     [1e+00, 8e+01]
  Objective range  [5e-01, 2e+03]
  Bounds range     [1e+00, 1e+00]
  RHS range        [1e+00, 1e+02]

User MIP start produced solution with objective 186534 (0.10s)
Loaded user MIP start with objective 186534
MIP start from previous solve did not produce a new incumbent solution

Presolve removed 495019 rows and 239875 columns
Presolve time: 0.26s
Presolved: 53687 rows, 44888 columns, 158896 nonzeros
Variable types: 0 continuous, 44888 integer (44888 binary)
Deterministic concurrent LP optimizer: primal and dual simplex
Showing first log only...

Concurrent spin time: 0.00s

Solved with dual simplex

Root relaxation: cutoff, 26612 iterations, 1.02 seconds (2.51 work units)

    Nodes    |    Current Node    |     Objective Bounds      |     Work
 Expl Unexpl |  Obj  Depth IntInf | Incumbent    BestBd   Gap | It/Node Time

     0     0     cutoff    0      186534.000 186534.000  0.00%     -    1s

Explored 1 nodes (26612 simplex iterations) in 1.41 seconds (3.82 work units)
Thread count was 10 (of 10 available processors)

Solution count 1: 186534 

Optimal solution found (tolerance 1.00e-04)
Best objective 1.865340000000e+05, best bound 1.865340000000e+05, gap 0.0000%
Solução ótima encontrada.
Set parameter TimeLimit to value 25200
Set parameter TimeLimit to value 600
Gurobi Optimizer version 10.0.2 build v10.0.2rc0 (mac64[arm])

CPU model: Apple M5
Thread count: 10 physical cores, 10 logical processors, using up to 10 threads

Optimize a model with 548706 rows, 284763 columns and 1341935 nonzeros
Model fingerprint: 0xc9c8fba6
Variable types: 0 continuous, 284763 integer (264707 binary)
Coefficient statistics:
  Matrix range     [1e+00, 8e+01]
  Objective range  [5e-01, 2e+03]
  Bounds range     [1e+00, 1e+00]
  RHS range        [1e+00, 1e+02]

User MIP start produced solution with objective 186534 (0.09s)
Loaded user MIP start with objective 186534
MIP start from previous solve did not produce a new incumbent solution

Presolve removed 502899 rows and 247875 columns
Presolve time: 0.25s
Presolved: 45807 rows, 36888 columns, 135631 nonzeros
Variable types: 0 continuous, 36888 integer (36888 binary)
Deterministic concurrent LP optimizer: primal and dual simplex
Showing first log only...

Concurrent spin time: 0.00s

Solved with dual simplex

Root relaxation: cutoff, 14585 iterations, 0.42 seconds (1.08 work units)

    Nodes    |    Current Node    |     Objective Bounds      |     Work
 Expl Unexpl |  Obj  Depth IntInf | Incumbent    BestBd   Gap | It/Node Time

     0     0     cutoff    0      186534.000 186534.000  0.00%     -    0s

Explored 1 nodes (14585 simplex iterations) in 0.80 seconds (2.35 work units)
Thread count was 10 (of 10 available processors)

Solution count 1: 186534 

Optimal solution found (tolerance 1.00e-04)
Best objective 1.865340000000e+05, best bound 1.865340000000e+05, gap 0.0000%
Solução ótima encontrada.
Set parameter TimeLimit to value 25200
Set parameter TimeLimit to value 600
Gurobi Optimizer version 10.0.2 build v10.0.2rc0 (mac64[arm])

CPU model: Apple M5
Thread count: 10 physical cores, 10 logical processors, using up to 10 threads

Optimize a model with 548706 rows, 284763 columns and 1341935 nonzeros
Model fingerprint: 0x3370e9dd
Variable types: 0 continuous, 284763 integer (264707 binary)
Coefficient statistics:
  Matrix range     [1e+00, 8e+01]
  Objective range  [5e-01, 2e+03]
  Bounds range     [1e+00, 1e+00]
  RHS range        [1e+00, 1e+02]

User MIP start produced solution with objective 186534 (0.10s)
Loaded user MIP start with objective 186534
MIP start from previous solve did not produce a new incumbent solution

Presolve removed 485393 rows and 227090 columns
Presolve time: 0.29s
Presolved: 63313 rows, 57673 columns, 191824 nonzeros
Variable types: 0 continuous, 57673 integer (57673 binary)
Deterministic concurrent LP optimizer: primal and dual simplex
Showing first log only...

Concurrent spin time: 0.00s

Solved with dual simplex

Root relaxation: cutoff, 12974 iterations, 0.81 seconds (2.68 work units)

    Nodes    |    Current Node    |     Objective Bounds      |     Work
 Expl Unexpl |  Obj  Depth IntInf | Incumbent    BestBd   Gap | It/Node Time

     0     0     cutoff    0      186534.000 186534.000  0.00%     -    1s

Explored 1 nodes (12974 simplex iterations) in 1.24 seconds (4.06 work units)
Thread count was 10 (of 10 available processors)

Solution count 1: 186534 

Optimal solution found (tolerance 1.00e-04)
Best objective 1.865340000000e+05, best bound 1.865340000000e+05, gap 0.0000%
Solução ótima encontrada.
Set parameter TimeLimit to value 25200
Set parameter TimeLimit to value 600
Gurobi Optimizer version 10.0.2 build v10.0.2rc0 (mac64[arm])

CPU model: Apple M5
Thread count: 10 physical cores, 10 logical processors, using up to 10 threads

Optimize a model with 548706 rows, 284763 columns and 1341935 nonzeros
Model fingerprint: 0x9c4a7d5b
Variable types: 0 continuous, 284763 integer (264707 binary)
Coefficient statistics:
  Matrix range     [1e+00, 8e+01]
  Objective range  [5e-01, 2e+03]
  Bounds range     [1e+00, 1e+00]
  RHS range        [1e+00, 1e+02]

User MIP start produced solution with objective 186534 (0.09s)
Loaded user MIP start with objective 186534
MIP start from previous solve did not produce a new incumbent solution

Presolve removed 496594 rows and 242020 columns
Presolve time: 0.26s
Presolved: 52112 rows, 42743 columns, 152655 nonzeros
Variable types: 0 continuous, 42743 integer (42743 binary)
Deterministic concurrent LP optimizer: primal and dual simplex
Showing first log only...

Concurrent spin time: 0.00s

Solved with dual simplex

Root relaxation: cutoff, 19308 iterations, 0.72 seconds (1.48 work units)

    Nodes    |    Current Node    |     Objective Bounds      |     Work
 Expl Unexpl |  Obj  Depth IntInf | Incumbent    BestBd   Gap | It/Node Time

     0     0     cutoff    0      186534.000 186534.000  0.00%     -    1s

Explored 1 nodes (19308 simplex iterations) in 1.11 seconds (2.77 work units)
Thread count was 10 (of 10 available processors)

Solution count 1: 186534 

Optimal solution found (tolerance 1.00e-04)
Best objective 1.865340000000e+05, best bound 1.865340000000e+05, gap 0.0000%
Solução ótima encontrada.
Set parameter TimeLimit to value 25200
Set parameter TimeLimit to value 600
Gurobi Optimizer version 10.0.2 build v10.0.2rc0 (mac64[arm])

CPU model: Apple M5
Thread count: 10 physical cores, 10 logical processors, using up to 10 threads

Optimize a model with 548706 rows, 284763 columns and 1341935 nonzeros
Model fingerprint: 0xa9f41871
Variable types: 0 continuous, 284763 integer (264707 binary)
Coefficient statistics:
  Matrix range     [1e+00, 8e+01]
  Objective range  [5e-01, 2e+03]
  Bounds range     [1e+00, 1e+00]
  RHS range        [1e+00, 1e+02]

User MIP start produced solution with objective 186534 (0.10s)
Loaded user MIP start with objective 186534
MIP start from previous solve did not produce a new incumbent solution

Presolve removed 503328 rows and 248568 columns
Presolve time: 0.25s
Presolved: 45378 rows, 36195 columns, 132241 nonzeros
Variable types: 0 continuous, 36195 integer (36195 binary)
Deterministic concurrent LP optimizer: primal and dual simplex
Showing first log only...

Concurrent spin time: 0.00s

Solved with dual simplex

Root relaxation: cutoff, 11451 iterations, 0.26 seconds (0.63 work units)

    Nodes    |    Current Node    |     Objective Bounds      |     Work
 Expl Unexpl |  Obj  Depth IntInf | Incumbent    BestBd   Gap | It/Node Time

     0     0     cutoff    0      186534.000 186534.000  0.00%     -    0s

Explored 1 nodes (11451 simplex iterations) in 0.64 seconds (1.83 work units)
Thread count was 10 (of 10 available processors)

Solution count 1: 186534 

Optimal solution found (tolerance 1.00e-04)
Best objective 1.865340000000e+05, best bound 1.865340000000e+05, gap 0.0000%
Solução ótima encontrada.
Set parameter TimeLimit to value 25200
Set parameter TimeLimit to value 600
Gurobi Optimizer version 10.0.2 build v10.0.2rc0 (mac64[arm])

CPU model: Apple M5
Thread count: 10 physical cores, 10 logical processors, using up to 10 threads

Optimize a model with 548706 rows, 284763 columns and 1341935 nonzeros
Model fingerprint: 0xdb6a2d4b
Variable types: 0 continuous, 284763 integer (264707 binary)
Coefficient statistics:
  Matrix range     [1e+00, 8e+01]
  Objective range  [5e-01, 2e+03]
  Bounds range     [1e+00, 1e+00]
  RHS range        [1e+00, 1e+02]

User MIP start produced solution with objective 186534 (0.09s)
Loaded user MIP start with objective 186534
MIP start from previous solve did not produce a new incumbent solution

Presolve removed 486028 rows and 228919 columns
Presolve time: 0.28s
Presolved: 62678 rows, 55844 columns, 190493 nonzeros
Variable types: 0 continuous, 55844 integer (55844 binary)
Deterministic concurrent LP optimizer: primal and dual simplex
Showing first log only...

Concurrent spin time: 0.00s

Solved with dual simplex

Root relaxation: cutoff, 15691 iterations, 0.93 seconds (2.80 work units)

    Nodes    |    Current Node    |     Objective Bounds      |     Work
 Expl Unexpl |  Obj  Depth IntInf | Incumbent    BestBd   Gap | It/Node Time

     0     0     cutoff    0      186534.000 186534.000  0.00%     -    1s

Explored 1 nodes (15691 simplex iterations) in 1.35 seconds (4.18 work units)
Thread count was 10 (of 10 available processors)

Solution count 1: 186534 

Optimal solution found (tolerance 1.00e-04)
Best objective 1.865340000000e+05, best bound 1.865340000000e+05, gap 0.0000%
Solução ótima encontrada.
Set parameter TimeLimit to value 25200
Set parameter TimeLimit to value 600
Gurobi Optimizer version 10.0.2 build v10.0.2rc0 (mac64[arm])

CPU model: Apple M5
Thread count: 10 physical cores, 10 logical processors, using up to 10 threads

Optimize a model with 548706 rows, 284763 columns and 1341935 nonzeros
Model fingerprint: 0x1690f69c
Variable types: 0 continuous, 284763 integer (264707 binary)
Coefficient statistics:
  Matrix range     [1e+00, 8e+01]
  Objective range  [5e-01, 2e+03]
  Bounds range     [1e+00, 1e+00]
  RHS range        [1e+00, 1e+02]

User MIP start produced solution with objective 186534 (0.09s)
Loaded user MIP start with objective 186534
MIP start from previous solve did not produce a new incumbent solution

Presolve removed 494002 rows and 240110 columns
Presolve time: 0.26s
Presolved: 54704 rows, 44653 columns, 160806 nonzeros
Variable types: 0 continuous, 44653 integer (44653 binary)
Deterministic concurrent LP optimizer: primal and dual simplex
Showing first log only...

Concurrent spin time: 0.00s

Solved with dual simplex

Root relaxation: cutoff, 22378 iterations, 0.89 seconds (1.87 work units)

    Nodes    |    Current Node    |     Objective Bounds      |     Work
 Expl Unexpl |  Obj  Depth IntInf | Incumbent    BestBd   Gap | It/Node Time

     0     0     cutoff    0      186534.000 186534.000  0.00%     -    1s

Explored 1 nodes (22378 simplex iterations) in 1.28 seconds (3.20 work units)
Thread count was 10 (of 10 available processors)

Solution count 1: 186534 

Optimal solution found (tolerance 1.00e-04)
Best objective 1.865340000000e+05, best bound 1.865340000000e+05, gap 0.0000%
Solução ótima encontrada.
Set parameter TimeLimit to value 25200
Set parameter TimeLimit to value 600
Gurobi Optimizer version 10.0.2 build v10.0.2rc0 (mac64[arm])

CPU model: Apple M5
Thread count: 10 physical cores, 10 logical processors, using up to 10 threads

Optimize a model with 548706 rows, 284763 columns and 1341935 nonzeros
Model fingerprint: 0x55d6f6d2
Variable types: 0 continuous, 284763 integer (264707 binary)
Coefficient statistics:
  Matrix range     [1e+00, 8e+01]
  Objective range  [5e-01, 2e+03]
  Bounds range     [1e+00, 1e+00]
  RHS range        [1e+00, 1e+02]

User MIP start produced solution with objective 186534 (0.09s)
Loaded user MIP start with objective 186534
MIP start from previous solve did not produce a new incumbent solution

Presolve removed 502255 rows and 247499 columns
Presolve time: 0.24s
Presolved: 46451 rows, 37264 columns, 137756 nonzeros
Variable types: 0 continuous, 37264 integer (37264 binary)
Deterministic concurrent LP optimizer: primal and dual simplex
Showing first log only...

Concurrent spin time: 0.00s

Solved with dual simplex

Root relaxation: cutoff, 14316 iterations, 0.38 seconds (0.84 work units)

    Nodes    |    Current Node    |     Objective Bounds      |     Work
 Expl Unexpl |  Obj  Depth IntInf | Incumbent    BestBd   Gap | It/Node Time

     0     0     cutoff    0      186534.000 186534.000  0.00%     -    0s

Explored 1 nodes (14316 simplex iterations) in 0.75 seconds (2.09 work units)
Thread count was 10 (of 10 available processors)

Solution count 1: 186534 

Optimal solution found (tolerance 1.00e-04)
Best objective 1.865340000000e+05, best bound 1.865340000000e+05, gap 0.0000%
Solução ótima encontrada.
Set parameter TimeLimit to value 25200
Set parameter TimeLimit to value 600
Gurobi Optimizer version 10.0.2 build v10.0.2rc0 (mac64[arm])

CPU model: Apple M5
Thread count: 10 physical cores, 10 logical processors, using up to 10 threads

Optimize a model with 548706 rows, 284763 columns and 1341935 nonzeros
Model fingerprint: 0x479e2bcc
Variable types: 0 continuous, 284763 integer (264707 binary)
Coefficient statistics:
  Matrix range     [1e+00, 8e+01]
  Objective range  [5e-01, 2e+03]
  Bounds range     [1e+00, 1e+00]
  RHS range        [1e+00, 1e+02]

User MIP start produced solution with objective 186534 (0.10s)
Loaded user MIP start with objective 186534
MIP start from previous solve did not produce a new incumbent solution

Presolve removed 487697 rows and 229256 columns
Presolve time: 0.28s
Presolved: 61009 rows, 55507 columns, 184561 nonzeros
Variable types: 0 continuous, 55507 integer (55507 binary)
Deterministic concurrent LP optimizer: primal and dual simplex
Showing first log only...

Concurrent spin time: 0.00s

Solved with dual simplex

Root relaxation: cutoff, 12621 iterations, 0.68 seconds (1.89 work units)

    Nodes    |    Current Node    |     Objective Bounds      |     Work
 Expl Unexpl |  Obj  Depth IntInf | Incumbent    BestBd   Gap | It/Node Time

     0     0     cutoff    0      186534.000 186534.000  0.00%     -    1s

Explored 1 nodes (12621 simplex iterations) in 1.11 seconds (3.24 work units)
Thread count was 10 (of 10 available processors)

Solution count 1: 186534 

Optimal solution found (tolerance 1.00e-04)
Best objective 1.865340000000e+05, best bound 1.865340000000e+05, gap 0.0000%
Solução ótima encontrada.
Set parameter TimeLimit to value 25200
Set parameter TimeLimit to value 600
Gurobi Optimizer version 10.0.2 build v10.0.2rc0 (mac64[arm])

CPU model: Apple M5
Thread count: 10 physical cores, 10 logical processors, using up to 10 threads

Optimize a model with 548706 rows, 284763 columns and 1341935 nonzeros
Model fingerprint: 0x59e77854
Variable types: 0 continuous, 284763 integer (264707 binary)
Coefficient statistics:
  Matrix range     [1e+00, 8e+01]
  Objective range  [5e-01, 2e+03]
  Bounds range     [1e+00, 1e+00]
  RHS range        [1e+00, 1e+02]

User MIP start produced solution with objective 186534 (0.10s)
Loaded user MIP start with objective 186534
MIP start from previous solve did not produce a new incumbent solution

Presolve removed 510265 rows and 251374 columns
Presolve time: 0.29s
Presolved: 38441 rows, 33389 columns, 116079 nonzeros
Variable types: 0 continuous, 33389 integer (33389 binary)
Deterministic concurrent LP optimizer: primal and dual simplex
Showing first log only...

Concurrent spin time: 0.00s

Solved with dual simplex

Root relaxation: cutoff, 15943 iterations, 0.49 seconds (1.07 work units)

    Nodes    |    Current Node    |     Objective Bounds      |     Work
 Expl Unexpl |  Obj  Depth IntInf | Incumbent    BestBd   Gap | It/Node Time

     0     0     cutoff    0      186534.000 186534.000  0.00%     -    0s

Explored 1 nodes (15943 simplex iterations) in 0.92 seconds (2.39 work units)
Thread count was 10 (of 10 available processors)

Solution count 1: 186534 

Optimal solution found (tolerance 1.00e-04)
Best objective 1.865340000000e+05, best bound 1.865340000000e+05, gap 0.0000%
Solução ótima encontrada.
Set parameter TimeLimit to value 25200
Set parameter TimeLimit to value 600
Gurobi Optimizer version 10.0.2 build v10.0.2rc0 (mac64[arm])

CPU model: Apple M5
Thread count: 10 physical cores, 10 logical processors, using up to 10 threads

Optimize a model with 548706 rows, 284763 columns and 1341935 nonzeros
Model fingerprint: 0xbf5cdc15
Variable types: 0 continuous, 284763 integer (264707 binary)
Coefficient statistics:
  Matrix range     [1e+00, 8e+01]
  Objective range  [5e-01, 2e+03]
  Bounds range     [1e+00, 1e+00]
  RHS range        [1e+00, 1e+02]

User MIP start produced solution with objective 186534 (0.10s)
Loaded user MIP start with objective 186534
MIP start from previous solve did not produce a new incumbent solution

Presolve removed 506691 rows and 251680 columns
Presolve time: 0.31s
Presolved: 42015 rows, 33083 columns, 124764 nonzeros
Variable types: 0 continuous, 33083 integer (33083 binary)
Deterministic concurrent LP optimizer: primal and dual simplex
Showing first log only...

Concurrent spin time: 0.00s

Solved with dual simplex

Root relaxation: cutoff, 13008 iterations, 0.47 seconds (1.29 work units)

    Nodes    |    Current Node    |     Objective Bounds      |     Work
 Expl Unexpl |  Obj  Depth IntInf | Incumbent    BestBd   Gap | It/Node Time

     0     0     cutoff    0      186534.000 186534.000  0.00%     -    0s

Explored 1 nodes (13008 simplex iterations) in 0.91 seconds (2.75 work units)
Thread count was 10 (of 10 available processors)

Solution count 1: 186534 

Optimal solution found (tolerance 1.00e-04)
Best objective 1.865340000000e+05, best bound 1.865340000000e+05, gap 0.0000%
Solução ótima encontrada.
Set parameter TimeLimit to value 25200
Set parameter TimeLimit to value 600
Gurobi Optimizer version 10.0.2 build v10.0.2rc0 (mac64[arm])

CPU model: Apple M5
Thread count: 10 physical cores, 10 logical processors, using up to 10 threads

Optimize a model with 548706 rows, 284763 columns and 1341935 nonzeros
Model fingerprint: 0x9733d3d7
Variable types: 0 continuous, 284763 integer (264707 binary)
Coefficient statistics:
  Matrix range     [1e+00, 8e+01]
  Objective range  [5e-01, 2e+03]
  Bounds range     [1e+00, 1e+00]
  RHS range        [1e+00, 1e+02]

User MIP start produced solution with objective 186534 (0.10s)
Loaded user MIP start with objective 186534
MIP start from previous solve did not produce a new incumbent solution

Presolve removed 485721 rows and 228247 columns
Presolve time: 0.28s
Presolved: 62985 rows, 56516 columns, 189837 nonzeros
Variable types: 0 continuous, 56516 integer (56516 binary)
Deterministic concurrent LP optimizer: primal and dual simplex
Showing first log only...

Concurrent spin time: 0.00s

Solved with dual simplex

Root relaxation: cutoff, 12678 iterations, 0.78 seconds (2.19 work units)

    Nodes    |    Current Node    |     Objective Bounds      |     Work
 Expl Unexpl |  Obj  Depth IntInf | Incumbent    BestBd   Gap | It/Node Time

     0     0     cutoff    0      186534.000 186534.000  0.00%     -    1s

Explored 1 nodes (12678 simplex iterations) in 1.20 seconds (3.57 work units)
Thread count was 10 (of 10 available processors)

Solution count 1: 186534 

Optimal solution found (tolerance 1.00e-04)
Best objective 1.865340000000e+05, best bound 1.865340000000e+05, gap 0.0000%
Solução ótima encontrada.
Set parameter TimeLimit to value 25200
Set parameter TimeLimit to value 600
Gurobi Optimizer version 10.0.2 build v10.0.2rc0 (mac64[arm])

CPU model: Apple M5
Thread count: 10 physical cores, 10 logical processors, using up to 10 threads

Optimize a model with 548706 rows, 284763 columns and 1341935 nonzeros
Model fingerprint: 0x9a281e2c
Variable types: 0 continuous, 284763 integer (264707 binary)
Coefficient statistics:
  Matrix range     [1e+00, 8e+01]
  Objective range  [5e-01, 2e+03]
  Bounds range     [1e+00, 1e+00]
  RHS range        [1e+00, 1e+02]

User MIP start produced solution with objective 186534 (0.09s)
Loaded user MIP start with objective 186534
MIP start from previous solve did not produce a new incumbent solution

Presolve removed 508492 rows and 253335 columns
Presolve time: 0.22s
Presolved: 40214 rows, 31428 columns, 116162 nonzeros
Variable types: 0 continuous, 31428 integer (31428 binary)
Deterministic concurrent LP optimizer: primal and dual simplex
Showing first log only...

Concurrent spin time: 0.00s

Solved with dual simplex

Root relaxation: objective 1.863494e+05, 6317 iterations, 0.13 seconds (0.33 work units)

    Nodes    |    Current Node    |     Objective Bounds      |     Work
 Expl Unexpl |  Obj  Depth IntInf | Incumbent    BestBd   Gap | It/Node Time

     0     0 infeasible    0      186534.000 186534.000  0.00%     -    0s

Explored 1 nodes (7464 simplex iterations) in 0.52 seconds (1.56 work units)
Thread count was 10 (of 10 available processors)

Solution count 1: 186534 

Optimal solution found (tolerance 1.00e-04)
Best objective 1.865340000000e+05, best bound 1.865340000000e+05, gap 0.0000%
Solução ótima encontrada.
Set parameter TimeLimit to value 25200
Set parameter TimeLimit to value 600
Gurobi Optimizer version 10.0.2 build v10.0.2rc0 (mac64[arm])

CPU model: Apple M5
Thread count: 10 physical cores, 10 logical processors, using up to 10 threads

Optimize a model with 548706 rows, 284763 columns and 1341935 nonzeros
Model fingerprint: 0x9c8467a6
Variable types: 0 continuous, 284763 integer (264707 binary)
Coefficient statistics:
  Matrix range     [1e+00, 8e+01]
  Objective range  [5e-01, 2e+03]
  Bounds range     [1e+00, 1e+00]
  RHS range        [1e+00, 1e+02]

User MIP start produced solution with objective 186534 (0.10s)
Loaded user MIP start with objective 186534
MIP start from previous solve did not produce a new incumbent solution

Presolve removed 528173 rows and 269474 columns
Presolve time: 0.17s
Presolved: 20533 rows, 15289 columns, 57982 nonzeros
Variable types: 0 continuous, 15289 integer (15289 binary)

Root relaxation: objective 1.863512e+05, 2226 iterations, 0.02 seconds (0.04 work units)

    Nodes    |    Current Node    |     Objective Bounds      |     Work
 Expl Unexpl |  Obj  Depth IntInf | Incumbent    BestBd   Gap | It/Node Time

     0     0 infeasible    0      186534.000 186534.000  0.00%     -    0s

Explored 1 nodes (2606 simplex iterations) in 0.32 seconds (1.00 work units)
Thread count was 10 (of 10 available processors)

Solution count 1: 186534 

Optimal solution found (tolerance 1.00e-04)
Best objective 1.865340000000e+05, best bound 1.865340000000e+05, gap 0.0000%
Solução ótima encontrada.
Set parameter TimeLimit to value 25200
Set parameter TimeLimit to value 600
Gurobi Optimizer version 10.0.2 build v10.0.2rc0 (mac64[arm])

CPU model: Apple M5
Thread count: 10 physical cores, 10 logical processors, using up to 10 threads

Optimize a model with 548706 rows, 284763 columns and 1341935 nonzeros
Model fingerprint: 0x2531458e
Variable types: 0 continuous, 284763 integer (264707 binary)
Coefficient statistics:
  Matrix range     [1e+00, 8e+01]
  Objective range  [5e-01, 2e+03]
  Bounds range     [1e+00, 1e+00]
  RHS range        [1e+00, 1e+02]

User MIP start produced solution with objective 186534 (0.10s)
Loaded user MIP start with objective 186534
MIP start from previous solve did not produce a new incumbent solution

Presolve removed 538330 rows and 277497 columns
Presolve time: 0.17s
Presolved: 10376 rows, 7266 columns, 27678 nonzeros
Variable types: 0 continuous, 7266 integer (7266 binary)

Root relaxation: cutoff, 1134 iterations, 0.00 seconds (0.01 work units)

    Nodes    |    Current Node    |     Objective Bounds      |     Work
 Expl Unexpl |  Obj  Depth IntInf | Incumbent    BestBd   Gap | It/Node Time

     0     0     cutoff    0      186534.000 186534.000  0.00%     -    0s

Explored 1 nodes (1134 simplex iterations) in 0.29 seconds (0.91 work units)
Thread count was 10 (of 10 available processors)

Solution count 1: 186534 

Optimal solution found (tolerance 1.00e-04)
Best objective 1.865340000000e+05, best bound 1.865340000000e+05, gap 0.0000%
Solução ótima encontrada.
RESULTADO_JSON={"arquivo_log_csv": "resultados/experimentos/2024_1/fixopt_dia_turno_init3min_sub10min_total4h.csv", "arquivo_log_json": "resultados/experimentos/2024_1/fixopt_dia_turno_init3min_sub10min_total4h.json", "arquivo_melhor_solucao": "resultados/experimentos/2024_1/fixopt_dia_turno_init3min_sub10min_total4h.sol", "etapa": "fix_and_optimize_dia_turno", "ganho_absoluto": 160.5, "historico": [{"ciclo": 1, "dia": 2, "disciplinas_livres": 38, "iteracao": 1, "melhorou": true, "objetivo_anterior": 186694.5, "objetivo_candidato": 186619.5, "objetivo_incumbente": 186619.5, "passada": 1, "recurso": "2_M", "status_solver": "OPTIMAL", "tempo_gasto_s": 1.66, "tempo_limite_subproblema_s": 600.0, "tempo_solver_s": 1.42, "turno": "M", "variaveis_x_fixadas": 84778, "variaveis_x_livres": 10212, "vizinhanca": "dia_turno"}, {"ciclo": 1, "dia": 2, "disciplinas_livres": 34, "iteracao": 2, "melhorou": false, "objetivo_anterior": 186619.5, "objetivo_candidato": 186619.5, "objetivo_incumbente": 186619.5, "passada": 1, "recurso": "2_T", "status_solver": "OPTIMAL", "tempo_gasto_s": 1.35, "tempo_limite_subproblema_s": 600.0, "tempo_solver_s": 1.03, "turno": "T", "variaveis_x_fixadas": 82984, "variaveis_x_livres": 12006, "vizinhanca": "dia_turno"}, {"ciclo": 1, "dia": 2, "disciplinas_livres": 41, "iteracao": 3, "melhorou": false, "objetivo_anterior": 186619.5, "objetivo_candidato": 186619.5, "objetivo_incumbente": 186619.5, "passada": 1, "recurso": "2_N", "status_solver": "OPTIMAL", "tempo_gasto_s": 1.31, "tempo_limite_subproblema_s": 600.0, "tempo_solver_s": 0.99, "turno": "N", "variaveis_x_fixadas": 85468, "variaveis_x_livres": 9522, "vizinhanca": "dia_turno"}, {"ciclo": 1, "dia": 3, "disciplinas_livres": 36, "iteracao": 4, "melhorou": false, "objetivo_anterior": 186619.5, "objetivo_candidato": 186619.5, "objetivo_incumbente": 186619.5, "passada": 1, "recurso": "3_M", "status_solver": "OPTIMAL", "tempo_gasto_s": 1.81, "tempo_limite_subproblema_s": 600.0, "tempo_solver_s": 1.48, "turno": "M", "variaveis_x_fixadas": 84548, "variaveis_x_livres": 10442, "vizinhanca": "dia_turno"}, {"ciclo": 1, "dia": 3, "disciplinas_livres": 34, "iteracao": 5, "melhorou": true, "objetivo_anterior": 186619.5, "objetivo_candidato": 186534.0, "objetivo_incumbente": 186534.0, "passada": 1, "recurso": "3_T", "status_solver": "OPTIMAL", "tempo_gasto_s": 1.17, "tempo_limite_subproblema_s": 600.0, "tempo_solver_s": 0.86, "turno": "T", "variaveis_x_fixadas": 83306, "variaveis_x_livres": 11684, "vizinhanca": "dia_turno"}, {"ciclo": 1, "dia": 3, "disciplinas_livres": 40, "iteracao": 6, "melhorou": false, "objetivo_anterior": 186534.0, "objetivo_candidato": 186534.0, "objetivo_incumbente": 186534.0, "passada": 1, "recurso": "3_N", "status_solver": "OPTIMAL", "tempo_gasto_s": 1.59, "tempo_limite_subproblema_s": 600.0, "tempo_solver_s": 1.27, "turno": "N", "variaveis_x_fixadas": 87078, "variaveis_x_livres": 7912, "vizinhanca": "dia_turno"}, {"ciclo": 1, "dia": 4, "disciplinas_livres": 35, "iteracao": 7, "melhorou": false, "objetivo_anterior": 186534.0, "objetivo_candidato": 186534.0, "objetivo_incumbente": 186534.0, "passada": 1, "recurso": "4_M", "status_solver": "OPTIMAL", "tempo_gasto_s": 1.45, "tempo_limite_subproblema_s": 600.0, "tempo_solver_s": 1.13, "turno": "M", "variaveis_x_fixadas": 83766, "variaveis_x_livres": 11224, "vizinhanca": "dia_turno"}, {"ciclo": 1, "dia": 4, "disciplinas_livres": 29, "iteracao": 8, "melhorou": false, "objetivo_anterior": 186534.0, "objetivo_candidato": 186534.0, "objetivo_incumbente": 186534.0, "passada": 1, "recurso": "4_T", "status_solver": "OPTIMAL", "tempo_gasto_s": 0.96, "tempo_limite_subproblema_s": 600.0, "tempo_solver_s": 0.65, "turno": "T", "variaveis_x_fixadas": 83996, "variaveis_x_livres": 10994, "vizinhanca": "dia_turno"}, {"ciclo": 1, "dia": 4, "disciplinas_livres": 42, "iteracao": 9, "melhorou": false, "objetivo_anterior": 186534.0, "objetivo_candidato": 186534.0, "objetivo_incumbente": 186534.0, "passada": 1, "recurso": "4_N", "status_solver": "OPTIMAL", "tempo_gasto_s": 1.73, "tempo_limite_subproblema_s": 600.0, "tempo_solver_s": 1.41, "turno": "N", "variaveis_x_fixadas": 85100, "variaveis_x_livres": 9890, "vizinhanca": "dia_turno"}, {"ciclo": 1, "dia": 5, "disciplinas_livres": 38, "iteracao": 10, "melhorou": false, "objetivo_anterior": 186534.0, "objetivo_candidato": 186534.0, "objetivo_incumbente": 186534.0, "passada": 1, "recurso": "5_M", "status_solver": "OPTIMAL", "tempo_gasto_s": 1.61, "tempo_limite_subproblema_s": 600.0, "tempo_solver_s": 1.3, "turno": "M", "variaveis_x_fixadas": 83352, "variaveis_x_livres": 11638, "vizinhanca": "dia_turno"}, {"ciclo": 1, "dia": 5, "disciplinas_livres": 31, "iteracao": 11, "melhorou": false, "objetivo_anterior": 186534.0, "objetivo_candidato": 186534.0, "objetivo_incumbente": 186534.0, "passada": 1, "recurso": "5_T", "status_solver": "OPTIMAL", "tempo_gasto_s": 1.08, "tempo_limite_subproblema_s": 600.0, "tempo_solver_s": 0.76, "turno": "T", "variaveis_x_fixadas": 84088, "variaveis_x_livres": 10902, "vizinhanca": "dia_turno"}, {"ciclo": 1, "dia": 5, "disciplinas_livres": 39, "iteracao": 12, "melhorou": false, "objetivo_anterior": 186534.0, "objetivo_candidato": 186534.0, "objetivo_incumbente": 186534.0, "passada": 1, "recurso": "5_N", "status_solver": "OPTIMAL", "tempo_gasto_s": 1.45, "tempo_limite_subproblema_s": 600.0, "tempo_solver_s": 1.13, "turno": "N", "variaveis_x_fixadas": 86894, "variaveis_x_livres": 8096, "vizinhanca": "dia_turno"}, {"ciclo": 1, "dia": 6, "disciplinas_livres": 32, "iteracao": 13, "melhorou": false, "objetivo_anterior": 186534.0, "objetivo_candidato": 186534.0, "objetivo_incumbente": 186534.0, "passada": 1, "recurso": "6_M", "status_solver": "OPTIMAL", "tempo_gasto_s": 1.22, "tempo_limite_subproblema_s": 600.0, "tempo_solver_s": 0.9, "turno": "M", "variaveis_x_fixadas": 87768, "variaveis_x_livres": 7222, "vizinhanca": "dia_turno"}, {"ciclo": 1, "dia": 6, "disciplinas_livres": 30, "iteracao": 14, "melhorou": false, "objetivo_anterior": 186534.0, "objetivo_candidato": 186534.0, "objetivo_incumbente": 186534.0, "passada": 1, "recurso": "6_T", "status_solver": "OPTIMAL", "tempo_gasto_s": 1.25, "tempo_limite_subproblema_s": 600.0, "tempo_solver_s": 0.94, "turno": "T", "variaveis_x_fixadas": 83352, "variaveis_x_livres": 11638, "vizinhanca": "dia_turno"}, {"ciclo": 1, "dia": 6, "disciplinas_livres": 39, "iteracao": 15, "melhorou": false, "objetivo_anterior": 186534.0, "objetivo_candidato": 186534.0, "objetivo_incumbente": 186534.0, "passada": 1, "recurso": "6_N", "status_solver": "OPTIMAL", "tempo_gasto_s": 1.54, "tempo_limite_subproblema_s": 600.0, "tempo_solver_s": 1.22, "turno": "N", "variaveis_x_fixadas": 86388, "variaveis_x_livres": 8602, "vizinhanca": "dia_turno"}, {"ciclo": 1, "dia": 7, "disciplinas_livres": 19, "iteracao": 16, "melhorou": false, "objetivo_anterior": 186534.0, "objetivo_candidato": 186534.0, "objetivo_incumbente": 186534.0, "passada": 1, "recurso": "7_M", "status_solver": "OPTIMAL", "tempo_gasto_s": 0.88, "tempo_limite_subproblema_s": 600.0, "tempo_solver_s": 0.55, "turno": "M", "variaveis_x_fixadas": 86618, "variaveis_x_livres": 8372, "vizinhanca": "dia_turno"}, {"ciclo": 1, "dia": 7, "disciplinas_livres": 9, "iteracao": 17, "melhorou": false, "objetivo_anterior": 186534.0, "objetivo_candidato": 186534.0, "objetivo_incumbente": 186534.0, "passada": 1, "recurso": "7_T", "status_solver": "OPTIMAL", "tempo_gasto_s": 0.63, "tempo_limite_subproblema_s": 600.0, "tempo_solver_s": 0.32, "turno": "T", "variaveis_x_fixadas": 90344, "variaveis_x_livres": 4646, "vizinhanca": "dia_turno"}, {"ciclo": 1, "dia": 7, "disciplinas_livres": 3, "iteracao": 18, "melhorou": false, "objetivo_anterior": 186534.0, "objetivo_candidato": 186534.0, "objetivo_incumbente": 186534.0, "passada": 1, "recurso": "7_N", "status_solver": "OPTIMAL", "tempo_gasto_s": 0.6, "tempo_limite_subproblema_s": 600.0, "tempo_solver_s": 0.29, "turno": "N", "variaveis_x_fixadas": 92782, "variaveis_x_livres": 2208, "vizinhanca": "dia_turno"}, {"ciclo": 1, "dia": 2, "disciplinas_livres": 38, "iteracao": 1, "melhorou": false, "objetivo_anterior": 186534.0, "objetivo_candidato": 186534.0, "objetivo_incumbente": 186534.0, "passada": 2, "recurso": "2_M", "status_solver": "OPTIMAL", "tempo_gasto_s": 1.55, "tempo_limite_subproblema_s": 600.0, "tempo_solver_s": 1.23, "turno": "M", "variaveis_x_fixadas": 84778, "variaveis_x_livres": 10212, "vizinhanca": "dia_turno"}, {"ciclo": 1, "dia": 2, "disciplinas_livres": 34, "iteracao": 2, "melhorou": false, "objetivo_anterior": 186534.0, "objetivo_candidato": 186534.0, "objetivo_incumbente": 186534.0, "passada": 2, "recurso": "2_T", "status_solver": "OPTIMAL", "tempo_gasto_s": 1.44, "tempo_limite_subproblema_s": 600.0, "tempo_solver_s": 1.12, "turno": "T", "variaveis_x_fixadas": 82984, "variaveis_x_livres": 12006, "vizinhanca": "dia_turno"}, {"ciclo": 1, "dia": 2, "disciplinas_livres": 41, "iteracao": 3, "melhorou": false, "objetivo_anterior": 186534.0, "objetivo_candidato": 186534.0, "objetivo_incumbente": 186534.0, "passada": 2, "recurso": "2_N", "status_solver": "OPTIMAL", "tempo_gasto_s": 1.29, "tempo_limite_subproblema_s": 600.0, "tempo_solver_s": 0.98, "turno": "N", "variaveis_x_fixadas": 85468, "variaveis_x_livres": 9522, "vizinhanca": "dia_turno"}, {"ciclo": 1, "dia": 3, "disciplinas_livres": 36, "iteracao": 4, "melhorou": false, "objetivo_anterior": 186534.0, "objetivo_candidato": 186534.0, "objetivo_incumbente": 186534.0, "passada": 2, "recurso": "3_M", "status_solver": "OPTIMAL", "tempo_gasto_s": 1.72, "tempo_limite_subproblema_s": 600.0, "tempo_solver_s": 1.41, "turno": "M", "variaveis_x_fixadas": 84548, "variaveis_x_livres": 10442, "vizinhanca": "dia_turno"}, {"ciclo": 1, "dia": 3, "disciplinas_livres": 34, "iteracao": 5, "melhorou": false, "objetivo_anterior": 186534.0, "objetivo_candidato": 186534.0, "objetivo_incumbente": 186534.0, "passada": 2, "recurso": "3_T", "status_solver": "OPTIMAL", "tempo_gasto_s": 1.11, "tempo_limite_subproblema_s": 600.0, "tempo_solver_s": 0.8, "turno": "T", "variaveis_x_fixadas": 83306, "variaveis_x_livres": 11684, "vizinhanca": "dia_turno"}, {"ciclo": 1, "dia": 3, "disciplinas_livres": 40, "iteracao": 6, "melhorou": false, "objetivo_anterior": 186534.0, "objetivo_candidato": 186534.0, "objetivo_incumbente": 186534.0, "passada": 2, "recurso": "3_N", "status_solver": "OPTIMAL", "tempo_gasto_s": 1.55, "tempo_limite_subproblema_s": 600.0, "tempo_solver_s": 1.24, "turno": "N", "variaveis_x_fixadas": 87078, "variaveis_x_livres": 7912, "vizinhanca": "dia_turno"}, {"ciclo": 1, "dia": 4, "disciplinas_livres": 35, "iteracao": 7, "melhorou": false, "objetivo_anterior": 186534.0, "objetivo_candidato": 186534.0, "objetivo_incumbente": 186534.0, "passada": 2, "recurso": "4_M", "status_solver": "OPTIMAL", "tempo_gasto_s": 1.42, "tempo_limite_subproblema_s": 600.0, "tempo_solver_s": 1.11, "turno": "M", "variaveis_x_fixadas": 83766, "variaveis_x_livres": 11224, "vizinhanca": "dia_turno"}, {"ciclo": 1, "dia": 4, "disciplinas_livres": 29, "iteracao": 8, "melhorou": false, "objetivo_anterior": 186534.0, "objetivo_candidato": 186534.0, "objetivo_incumbente": 186534.0, "passada": 2, "recurso": "4_T", "status_solver": "OPTIMAL", "tempo_gasto_s": 0.96, "tempo_limite_subproblema_s": 600.0, "tempo_solver_s": 0.65, "turno": "T", "variaveis_x_fixadas": 83996, "variaveis_x_livres": 10994, "vizinhanca": "dia_turno"}, {"ciclo": 1, "dia": 4, "disciplinas_livres": 42, "iteracao": 9, "melhorou": false, "objetivo_anterior": 186534.0, "objetivo_candidato": 186534.0, "objetivo_incumbente": 186534.0, "passada": 2, "recurso": "4_N", "status_solver": "OPTIMAL", "tempo_gasto_s": 1.65, "tempo_limite_subproblema_s": 600.0, "tempo_solver_s": 1.35, "turno": "N", "variaveis_x_fixadas": 85100, "variaveis_x_livres": 9890, "vizinhanca": "dia_turno"}, {"ciclo": 1, "dia": 5, "disciplinas_livres": 38, "iteracao": 10, "melhorou": false, "objetivo_anterior": 186534.0, "objetivo_candidato": 186534.0, "objetivo_incumbente": 186534.0, "passada": 2, "recurso": "5_M", "status_solver": "OPTIMAL", "tempo_gasto_s": 1.59, "tempo_limite_subproblema_s": 600.0, "tempo_solver_s": 1.28, "turno": "M", "variaveis_x_fixadas": 83352, "variaveis_x_livres": 11638, "vizinhanca": "dia_turno"}, {"ciclo": 1, "dia": 5, "disciplinas_livres": 31, "iteracao": 11, "melhorou": false, "objetivo_anterior": 186534.0, "objetivo_candidato": 186534.0, "objetivo_incumbente": 186534.0, "passada": 2, "recurso": "5_T", "status_solver": "OPTIMAL", "tempo_gasto_s": 1.06, "tempo_limite_subproblema_s": 600.0, "tempo_solver_s": 0.75, "turno": "T", "variaveis_x_fixadas": 84088, "variaveis_x_livres": 10902, "vizinhanca": "dia_turno"}, {"ciclo": 1, "dia": 5, "disciplinas_livres": 39, "iteracao": 12, "melhorou": false, "objetivo_anterior": 186534.0, "objetivo_candidato": 186534.0, "objetivo_incumbente": 186534.0, "passada": 2, "recurso": "5_N", "status_solver": "OPTIMAL", "tempo_gasto_s": 1.43, "tempo_limite_subproblema_s": 600.0, "tempo_solver_s": 1.11, "turno": "N", "variaveis_x_fixadas": 86894, "variaveis_x_livres": 8096, "vizinhanca": "dia_turno"}, {"ciclo": 1, "dia": 6, "disciplinas_livres": 32, "iteracao": 13, "melhorou": false, "objetivo_anterior": 186534.0, "objetivo_candidato": 186534.0, "objetivo_incumbente": 186534.0, "passada": 2, "recurso": "6_M", "status_solver": "OPTIMAL", "tempo_gasto_s": 1.24, "tempo_limite_subproblema_s": 600.0, "tempo_solver_s": 0.92, "turno": "M", "variaveis_x_fixadas": 87768, "variaveis_x_livres": 7222, "vizinhanca": "dia_turno"}, {"ciclo": 1, "dia": 6, "disciplinas_livres": 30, "iteracao": 14, "melhorou": false, "objetivo_anterior": 186534.0, "objetivo_candidato": 186534.0, "objetivo_incumbente": 186534.0, "passada": 2, "recurso": "6_T", "status_solver": "OPTIMAL", "tempo_gasto_s": 1.22, "tempo_limite_subproblema_s": 600.0, "tempo_solver_s": 0.91, "turno": "T", "variaveis_x_fixadas": 83352, "variaveis_x_livres": 11638, "vizinhanca": "dia_turno"}, {"ciclo": 1, "dia": 6, "disciplinas_livres": 39, "iteracao": 15, "melhorou": false, "objetivo_anterior": 186534.0, "objetivo_candidato": 186534.0, "objetivo_incumbente": 186534.0, "passada": 2, "recurso": "6_N", "status_solver": "OPTIMAL", "tempo_gasto_s": 1.51, "tempo_limite_subproblema_s": 600.0, "tempo_solver_s": 1.2, "turno": "N", "variaveis_x_fixadas": 86388, "variaveis_x_livres": 8602, "vizinhanca": "dia_turno"}, {"ciclo": 1, "dia": 7, "disciplinas_livres": 19, "iteracao": 16, "melhorou": false, "objetivo_anterior": 186534.0, "objetivo_candidato": 186534.0, "objetivo_incumbente": 186534.0, "passada": 2, "recurso": "7_M", "status_solver": "OPTIMAL", "tempo_gasto_s": 0.82, "tempo_limite_subproblema_s": 600.0, "tempo_solver_s": 0.52, "turno": "M", "variaveis_x_fixadas": 86618, "variaveis_x_livres": 8372, "vizinhanca": "dia_turno"}, {"ciclo": 1, "dia": 7, "disciplinas_livres": 9, "iteracao": 17, "melhorou": false, "objetivo_anterior": 186534.0, "objetivo_candidato": 186534.0, "objetivo_incumbente": 186534.0, "passada": 2, "recurso": "7_T", "status_solver": "OPTIMAL", "tempo_gasto_s": 0.64, "tempo_limite_subproblema_s": 600.0, "tempo_solver_s": 0.33, "turno": "T", "variaveis_x_fixadas": 90344, "variaveis_x_livres": 4646, "vizinhanca": "dia_turno"}, {"ciclo": 1, "dia": 7, "disciplinas_livres": 3, "iteracao": 18, "melhorou": false, "objetivo_anterior": 186534.0, "objetivo_candidato": 186534.0, "objetivo_incumbente": 186534.0, "passada": 2, "recurso": "7_N", "status_solver": "OPTIMAL", "tempo_gasto_s": 0.61, "tempo_limite_subproblema_s": 600.0, "tempo_solver_s": 0.3, "turno": "N", "variaveis_x_fixadas": 92782, "variaveis_x_livres": 2208, "vizinhanca": "dia_turno"}], "melhorias_aceitas": 2, "objetivo_final": 186534.0, "objetivo_inicial": 186694.5, "passadas_executadas": 2, "status": "CONCLUIDO", "tempo_total_s": 230.39, "tipo_vizinhanca": "dia_turno", "total_iteracoes": 36}
{'etapa': 'fix_and_optimize_dia_turno', 'tipo_vizinhanca': 'dia_turno', 'status': 'CONCLUIDO', 'objetivo_inicial': 186694.5, 'objetivo_final': 186534.0, 'ganho_absoluto': 160.5, 'passadas_executadas': 2, 'total_iteracoes': 36, 'melhorias_aceitas': 2, 'tempo_total_s': 230.39, 'arquivo_melhor_solucao': 'resultados/experimentos/2024_1/fixopt_dia_turno_init3min_sub10min_total4h.sol', 'arquivo_log_csv': 'resultados/experimentos/2024_1/fixopt_dia_turno_init3min_sub10min_total4h.csv', 'arquivo_log_json': 'resultados/experimentos/2024_1/fixopt_dia_turno_init3min_sub10min_total4h.json', 'historico': [{'ciclo': 1, 'passada': 1, 'iteracao': 1, 'vizinhanca': 'dia_turno', 'recurso': '2_M', 'disciplinas_livres': 38, 'variaveis_x_livres': 10212, 'variaveis_x_fixadas': 84778, 'status_solver': 'OPTIMAL', 'objetivo_anterior': 186694.5, 'objetivo_candidato': 186619.5, 'melhorou': True, 'objetivo_incumbente': 186619.5, 'tempo_gasto_s': 1.66, 'tempo_solver_s': 1.42, 'tempo_limite_subproblema_s': 600.0, 'dia': 2, 'turno': 'M'}, {'ciclo': 1, 'passada': 1, 'iteracao': 2, 'vizinhanca': 'dia_turno', 'recurso': '2_T', 'disciplinas_livres': 34, 'variaveis_x_livres': 12006, 'variaveis_x_fixadas': 82984, 'status_solver': 'OPTIMAL', 'objetivo_anterior': 186619.5, 'objetivo_candidato': 186619.5, 'melhorou': False, 'objetivo_incumbente': 186619.5, 'tempo_gasto_s': 1.35, 'tempo_solver_s': 1.03, 'tempo_limite_subproblema_s': 600.0, 'dia': 2, 'turno': 'T'}, {'ciclo': 1, 'passada': 1, 'iteracao': 3, 'vizinhanca': 'dia_turno', 'recurso': '2_N', 'disciplinas_livres': 41, 'variaveis_x_livres': 9522, 'variaveis_x_fixadas': 85468, 'status_solver': 'OPTIMAL', 'objetivo_anterior': 186619.5, 'objetivo_candidato': 186619.5, 'melhorou': False, 'objetivo_incumbente': 186619.5, 'tempo_gasto_s': 1.31, 'tempo_solver_s': 0.99, 'tempo_limite_subproblema_s': 600.0, 'dia': 2, 'turno': 'N'}, {'ciclo': 1, 'passada': 1, 'iteracao': 4, 'vizinhanca': 'dia_turno', 'recurso': '3_M', 'disciplinas_livres': 36, 'variaveis_x_livres': 10442, 'variaveis_x_fixadas': 84548, 'status_solver': 'OPTIMAL', 'objetivo_anterior': 186619.5, 'objetivo_candidato': 186619.5, 'melhorou': False, 'objetivo_incumbente': 186619.5, 'tempo_gasto_s': 1.81, 'tempo_solver_s': 1.48, 'tempo_limite_subproblema_s': 600.0, 'dia': 3, 'turno': 'M'}, {'ciclo': 1, 'passada': 1, 'iteracao': 5, 'vizinhanca': 'dia_turno', 'recurso': '3_T', 'disciplinas_livres': 34, 'variaveis_x_livres': 11684, 'variaveis_x_fixadas': 83306, 'status_solver': 'OPTIMAL', 'objetivo_anterior': 186619.5, 'objetivo_candidato': 186534.0, 'melhorou': True, 'objetivo_incumbente': 186534.0, 'tempo_gasto_s': 1.17, 'tempo_solver_s': 0.86, 'tempo_limite_subproblema_s': 600.0, 'dia': 3, 'turno': 'T'}, {'ciclo': 1, 'passada': 1, 'iteracao': 6, 'vizinhanca': 'dia_turno', 'recurso': '3_N', 'disciplinas_livres': 40, 'variaveis_x_livres': 7912, 'variaveis_x_fixadas': 87078, 'status_solver': 'OPTIMAL', 'objetivo_anterior': 186534.0, 'objetivo_candidato': 186534.0, 'melhorou': False, 'objetivo_incumbente': 186534.0, 'tempo_gasto_s': 1.59, 'tempo_solver_s': 1.27, 'tempo_limite_subproblema_s': 600.0, 'dia': 3, 'turno': 'N'}, {'ciclo': 1, 'passada': 1, 'iteracao': 7, 'vizinhanca': 'dia_turno', 'recurso': '4_M', 'disciplinas_livres': 35, 'variaveis_x_livres': 11224, 'variaveis_x_fixadas': 83766, 'status_solver': 'OPTIMAL', 'objetivo_anterior': 186534.0, 'objetivo_candidato': 186534.0, 'melhorou': False, 'objetivo_incumbente': 186534.0, 'tempo_gasto_s': 1.45, 'tempo_solver_s': 1.13, 'tempo_limite_subproblema_s': 600.0, 'dia': 4, 'turno': 'M'}, {'ciclo': 1, 'passada': 1, 'iteracao': 8, 'vizinhanca': 'dia_turno', 'recurso': '4_T', 'disciplinas_livres': 29, 'variaveis_x_livres': 10994, 'variaveis_x_fixadas': 83996, 'status_solver': 'OPTIMAL', 'objetivo_anterior': 186534.0, 'objetivo_candidato': 186534.0, 'melhorou': False, 'objetivo_incumbente': 186534.0, 'tempo_gasto_s': 0.96, 'tempo_solver_s': 0.65, 'tempo_limite_subproblema_s': 600.0, 'dia': 4, 'turno': 'T'}, {'ciclo': 1, 'passada': 1, 'iteracao': 9, 'vizinhanca': 'dia_turno', 'recurso': '4_N', 'disciplinas_livres': 42, 'variaveis_x_livres': 9890, 'variaveis_x_fixadas': 85100, 'status_solver': 'OPTIMAL', 'objetivo_anterior': 186534.0, 'objetivo_candidato': 186534.0, 'melhorou': False, 'objetivo_incumbente': 186534.0, 'tempo_gasto_s': 1.73, 'tempo_solver_s': 1.41, 'tempo_limite_subproblema_s': 600.0, 'dia': 4, 'turno': 'N'}, {'ciclo': 1, 'passada': 1, 'iteracao': 10, 'vizinhanca': 'dia_turno', 'recurso': '5_M', 'disciplinas_livres': 38, 'variaveis_x_livres': 11638, 'variaveis_x_fixadas': 83352, 'status_solver': 'OPTIMAL', 'objetivo_anterior': 186534.0, 'objetivo_candidato': 186534.0, 'melhorou': False, 'objetivo_incumbente': 186534.0, 'tempo_gasto_s': 1.61, 'tempo_solver_s': 1.3, 'tempo_limite_subproblema_s': 600.0, 'dia': 5, 'turno': 'M'}, {'ciclo': 1, 'passada': 1, 'iteracao': 11, 'vizinhanca': 'dia_turno', 'recurso': '5_T', 'disciplinas_livres': 31, 'variaveis_x_livres': 10902, 'variaveis_x_fixadas': 84088, 'status_solver': 'OPTIMAL', 'objetivo_anterior': 186534.0, 'objetivo_candidato': 186534.0, 'melhorou': False, 'objetivo_incumbente': 186534.0, 'tempo_gasto_s': 1.08, 'tempo_solver_s': 0.76, 'tempo_limite_subproblema_s': 600.0, 'dia': 5, 'turno': 'T'}, {'ciclo': 1, 'passada': 1, 'iteracao': 12, 'vizinhanca': 'dia_turno', 'recurso': '5_N', 'disciplinas_livres': 39, 'variaveis_x_livres': 8096, 'variaveis_x_fixadas': 86894, 'status_solver': 'OPTIMAL', 'objetivo_anterior': 186534.0, 'objetivo_candidato': 186534.0, 'melhorou': False, 'objetivo_incumbente': 186534.0, 'tempo_gasto_s': 1.45, 'tempo_solver_s': 1.13, 'tempo_limite_subproblema_s': 600.0, 'dia': 5, 'turno': 'N'}, {'ciclo': 1, 'passada': 1, 'iteracao': 13, 'vizinhanca': 'dia_turno', 'recurso': '6_M', 'disciplinas_livres': 32, 'variaveis_x_livres': 7222, 'variaveis_x_fixadas': 87768, 'status_solver': 'OPTIMAL', 'objetivo_anterior': 186534.0, 'objetivo_candidato': 186534.0, 'melhorou': False, 'objetivo_incumbente': 186534.0, 'tempo_gasto_s': 1.22, 'tempo_solver_s': 0.9, 'tempo_limite_subproblema_s': 600.0, 'dia': 6, 'turno': 'M'}, {'ciclo': 1, 'passada': 1, 'iteracao': 14, 'vizinhanca': 'dia_turno', 'recurso': '6_T', 'disciplinas_livres': 30, 'variaveis_x_livres': 11638, 'variaveis_x_fixadas': 83352, 'status_solver': 'OPTIMAL', 'objetivo_anterior': 186534.0, 'objetivo_candidato': 186534.0, 'melhorou': False, 'objetivo_incumbente': 186534.0, 'tempo_gasto_s': 1.25, 'tempo_solver_s': 0.94, 'tempo_limite_subproblema_s': 600.0, 'dia': 6, 'turno': 'T'}, {'ciclo': 1, 'passada': 1, 'iteracao': 15, 'vizinhanca': 'dia_turno', 'recurso': '6_N', 'disciplinas_livres': 39, 'variaveis_x_livres': 8602, 'variaveis_x_fixadas': 86388, 'status_solver': 'OPTIMAL', 'objetivo_anterior': 186534.0, 'objetivo_candidato': 186534.0, 'melhorou': False, 'objetivo_incumbente': 186534.0, 'tempo_gasto_s': 1.54, 'tempo_solver_s': 1.22, 'tempo_limite_subproblema_s': 600.0, 'dia': 6, 'turno': 'N'}, {'ciclo': 1, 'passada': 1, 'iteracao': 16, 'vizinhanca': 'dia_turno', 'recurso': '7_M', 'disciplinas_livres': 19, 'variaveis_x_livres': 8372, 'variaveis_x_fixadas': 86618, 'status_solver': 'OPTIMAL', 'objetivo_anterior': 186534.0, 'objetivo_candidato': 186534.0, 'melhorou': False, 'objetivo_incumbente': 186534.0, 'tempo_gasto_s': 0.88, 'tempo_solver_s': 0.55, 'tempo_limite_subproblema_s': 600.0, 'dia': 7, 'turno': 'M'}, {'ciclo': 1, 'passada': 1, 'iteracao': 17, 'vizinhanca': 'dia_turno', 'recurso': '7_T', 'disciplinas_livres': 9, 'variaveis_x_livres': 4646, 'variaveis_x_fixadas': 90344, 'status_solver': 'OPTIMAL', 'objetivo_anterior': 186534.0, 'objetivo_candidato': 186534.0, 'melhorou': False, 'objetivo_incumbente': 186534.0, 'tempo_gasto_s': 0.63, 'tempo_solver_s': 0.32, 'tempo_limite_subproblema_s': 600.0, 'dia': 7, 'turno': 'T'}, {'ciclo': 1, 'passada': 1, 'iteracao': 18, 'vizinhanca': 'dia_turno', 'recurso': '7_N', 'disciplinas_livres': 3, 'variaveis_x_livres': 2208, 'variaveis_x_fixadas': 92782, 'status_solver': 'OPTIMAL', 'objetivo_anterior': 186534.0, 'objetivo_candidato': 186534.0, 'melhorou': False, 'objetivo_incumbente': 186534.0, 'tempo_gasto_s': 0.6, 'tempo_solver_s': 0.29, 'tempo_limite_subproblema_s': 600.0, 'dia': 7, 'turno': 'N'}, {'ciclo': 1, 'passada': 2, 'iteracao': 1, 'vizinhanca': 'dia_turno', 'recurso': '2_M', 'disciplinas_livres': 38, 'variaveis_x_livres': 10212, 'variaveis_x_fixadas': 84778, 'status_solver': 'OPTIMAL', 'objetivo_anterior': 186534.0, 'objetivo_candidato': 186534.0, 'melhorou': False, 'objetivo_incumbente': 186534.0, 'tempo_gasto_s': 1.55, 'tempo_solver_s': 1.23, 'tempo_limite_subproblema_s': 600.0, 'dia': 2, 'turno': 'M'}, {'ciclo': 1, 'passada': 2, 'iteracao': 2, 'vizinhanca': 'dia_turno', 'recurso': '2_T', 'disciplinas_livres': 34, 'variaveis_x_livres': 12006, 'variaveis_x_fixadas': 82984, 'status_solver': 'OPTIMAL', 'objetivo_anterior': 186534.0, 'objetivo_candidato': 186534.0, 'melhorou': False, 'objetivo_incumbente': 186534.0, 'tempo_gasto_s': 1.44, 'tempo_solver_s': 1.12, 'tempo_limite_subproblema_s': 600.0, 'dia': 2, 'turno': 'T'}, {'ciclo': 1, 'passada': 2, 'iteracao': 3, 'vizinhanca': 'dia_turno', 'recurso': '2_N', 'disciplinas_livres': 41, 'variaveis_x_livres': 9522, 'variaveis_x_fixadas': 85468, 'status_solver': 'OPTIMAL', 'objetivo_anterior': 186534.0, 'objetivo_candidato': 186534.0, 'melhorou': False, 'objetivo_incumbente': 186534.0, 'tempo_gasto_s': 1.29, 'tempo_solver_s': 0.98, 'tempo_limite_subproblema_s': 600.0, 'dia': 2, 'turno': 'N'}, {'ciclo': 1, 'passada': 2, 'iteracao': 4, 'vizinhanca': 'dia_turno', 'recurso': '3_M', 'disciplinas_livres': 36, 'variaveis_x_livres': 10442, 'variaveis_x_fixadas': 84548, 'status_solver': 'OPTIMAL', 'objetivo_anterior': 186534.0, 'objetivo_candidato': 186534.0, 'melhorou': False, 'objetivo_incumbente': 186534.0, 'tempo_gasto_s': 1.72, 'tempo_solver_s': 1.41, 'tempo_limite_subproblema_s': 600.0, 'dia': 3, 'turno': 'M'}, {'ciclo': 1, 'passada': 2, 'iteracao': 5, 'vizinhanca': 'dia_turno', 'recurso': '3_T', 'disciplinas_livres': 34, 'variaveis_x_livres': 11684, 'variaveis_x_fixadas': 83306, 'status_solver': 'OPTIMAL', 'objetivo_anterior': 186534.0, 'objetivo_candidato': 186534.0, 'melhorou': False, 'objetivo_incumbente': 186534.0, 'tempo_gasto_s': 1.11, 'tempo_solver_s': 0.8, 'tempo_limite_subproblema_s': 600.0, 'dia': 3, 'turno': 'T'}, {'ciclo': 1, 'passada': 2, 'iteracao': 6, 'vizinhanca': 'dia_turno', 'recurso': '3_N', 'disciplinas_livres': 40, 'variaveis_x_livres': 7912, 'variaveis_x_fixadas': 87078, 'status_solver': 'OPTIMAL', 'objetivo_anterior': 186534.0, 'objetivo_candidato': 186534.0, 'melhorou': False, 'objetivo_incumbente': 186534.0, 'tempo_gasto_s': 1.55, 'tempo_solver_s': 1.24, 'tempo_limite_subproblema_s': 600.0, 'dia': 3, 'turno': 'N'}, {'ciclo': 1, 'passada': 2, 'iteracao': 7, 'vizinhanca': 'dia_turno', 'recurso': '4_M', 'disciplinas_livres': 35, 'variaveis_x_livres': 11224, 'variaveis_x_fixadas': 83766, 'status_solver': 'OPTIMAL', 'objetivo_anterior': 186534.0, 'objetivo_candidato': 186534.0, 'melhorou': False, 'objetivo_incumbente': 186534.0, 'tempo_gasto_s': 1.42, 'tempo_solver_s': 1.11, 'tempo_limite_subproblema_s': 600.0, 'dia': 4, 'turno': 'M'}, {'ciclo': 1, 'passada': 2, 'iteracao': 8, 'vizinhanca': 'dia_turno', 'recurso': '4_T', 'disciplinas_livres': 29, 'variaveis_x_livres': 10994, 'variaveis_x_fixadas': 83996, 'status_solver': 'OPTIMAL', 'objetivo_anterior': 186534.0, 'objetivo_candidato': 186534.0, 'melhorou': False, 'objetivo_incumbente': 186534.0, 'tempo_gasto_s': 0.96, 'tempo_solver_s': 0.65, 'tempo_limite_subproblema_s': 600.0, 'dia': 4, 'turno': 'T'}, {'ciclo': 1, 'passada': 2, 'iteracao': 9, 'vizinhanca': 'dia_turno', 'recurso': '4_N', 'disciplinas_livres': 42, 'variaveis_x_livres': 9890, 'variaveis_x_fixadas': 85100, 'status_solver': 'OPTIMAL', 'objetivo_anterior': 186534.0, 'objetivo_candidato': 186534.0, 'melhorou': False, 'objetivo_incumbente': 186534.0, 'tempo_gasto_s': 1.65, 'tempo_solver_s': 1.35, 'tempo_limite_subproblema_s': 600.0, 'dia': 4, 'turno': 'N'}, {'ciclo': 1, 'passada': 2, 'iteracao': 10, 'vizinhanca': 'dia_turno', 'recurso': '5_M', 'disciplinas_livres': 38, 'variaveis_x_livres': 11638, 'variaveis_x_fixadas': 83352, 'status_solver': 'OPTIMAL', 'objetivo_anterior': 186534.0, 'objetivo_candidato': 186534.0, 'melhorou': False, 'objetivo_incumbente': 186534.0, 'tempo_gasto_s': 1.59, 'tempo_solver_s': 1.28, 'tempo_limite_subproblema_s': 600.0, 'dia': 5, 'turno': 'M'}, {'ciclo': 1, 'passada': 2, 'iteracao': 11, 'vizinhanca': 'dia_turno', 'recurso': '5_T', 'disciplinas_livres': 31, 'variaveis_x_livres': 10902, 'variaveis_x_fixadas': 84088, 'status_solver': 'OPTIMAL', 'objetivo_anterior': 186534.0, 'objetivo_candidato': 186534.0, 'melhorou': False, 'objetivo_incumbente': 186534.0, 'tempo_gasto_s': 1.06, 'tempo_solver_s': 0.75, 'tempo_limite_subproblema_s': 600.0, 'dia': 5, 'turno': 'T'}, {'ciclo': 1, 'passada': 2, 'iteracao': 12, 'vizinhanca': 'dia_turno', 'recurso': '5_N', 'disciplinas_livres': 39, 'variaveis_x_livres': 8096, 'variaveis_x_fixadas': 86894, 'status_solver': 'OPTIMAL', 'objetivo_anterior': 186534.0, 'objetivo_candidato': 186534.0, 'melhorou': False, 'objetivo_incumbente': 186534.0, 'tempo_gasto_s': 1.43, 'tempo_solver_s': 1.11, 'tempo_limite_subproblema_s': 600.0, 'dia': 5, 'turno': 'N'}, {'ciclo': 1, 'passada': 2, 'iteracao': 13, 'vizinhanca': 'dia_turno', 'recurso': '6_M', 'disciplinas_livres': 32, 'variaveis_x_livres': 7222, 'variaveis_x_fixadas': 87768, 'status_solver': 'OPTIMAL', 'objetivo_anterior': 186534.0, 'objetivo_candidato': 186534.0, 'melhorou': False, 'objetivo_incumbente': 186534.0, 'tempo_gasto_s': 1.24, 'tempo_solver_s': 0.92, 'tempo_limite_subproblema_s': 600.0, 'dia': 6, 'turno': 'M'}, {'ciclo': 1, 'passada': 2, 'iteracao': 14, 'vizinhanca': 'dia_turno', 'recurso': '6_T', 'disciplinas_livres': 30, 'variaveis_x_livres': 11638, 'variaveis_x_fixadas': 83352, 'status_solver': 'OPTIMAL', 'objetivo_anterior': 186534.0, 'objetivo_candidato': 186534.0, 'melhorou': False, 'objetivo_incumbente': 186534.0, 'tempo_gasto_s': 1.22, 'tempo_solver_s': 0.91, 'tempo_limite_subproblema_s': 600.0, 'dia': 6, 'turno': 'T'}, {'ciclo': 1, 'passada': 2, 'iteracao': 15, 'vizinhanca': 'dia_turno', 'recurso': '6_N', 'disciplinas_livres': 39, 'variaveis_x_livres': 8602, 'variaveis_x_fixadas': 86388, 'status_solver': 'OPTIMAL', 'objetivo_anterior': 186534.0, 'objetivo_candidato': 186534.0, 'melhorou': False, 'objetivo_incumbente': 186534.0, 'tempo_gasto_s': 1.51, 'tempo_solver_s': 1.2, 'tempo_limite_subproblema_s': 600.0, 'dia': 6, 'turno': 'N'}, {'ciclo': 1, 'passada': 2, 'iteracao': 16, 'vizinhanca': 'dia_turno', 'recurso': '7_M', 'disciplinas_livres': 19, 'variaveis_x_livres': 8372, 'variaveis_x_fixadas': 86618, 'status_solver': 'OPTIMAL', 'objetivo_anterior': 186534.0, 'objetivo_candidato': 186534.0, 'melhorou': False, 'objetivo_incumbente': 186534.0, 'tempo_gasto_s': 0.82, 'tempo_solver_s': 0.52, 'tempo_limite_subproblema_s': 600.0, 'dia': 7, 'turno': 'M'}, {'ciclo': 1, 'passada': 2, 'iteracao': 17, 'vizinhanca': 'dia_turno', 'recurso': '7_T', 'disciplinas_livres': 9, 'variaveis_x_livres': 4646, 'variaveis_x_fixadas': 90344, 'status_solver': 'OPTIMAL', 'objetivo_anterior': 186534.0, 'objetivo_candidato': 186534.0, 'melhorou': False, 'objetivo_incumbente': 186534.0, 'tempo_gasto_s': 0.64, 'tempo_solver_s': 0.33, 'tempo_limite_subproblema_s': 600.0, 'dia': 7, 'turno': 'T'}, {'ciclo': 1, 'passada': 2, 'iteracao': 18, 'vizinhanca': 'dia_turno', 'recurso': '7_N', 'disciplinas_livres': 3, 'variaveis_x_livres': 2208, 'variaveis_x_fixadas': 92782, 'status_solver': 'OPTIMAL', 'objetivo_anterior': 186534.0, 'objetivo_candidato': 186534.0, 'melhorou': False, 'objetivo_incumbente': 186534.0, 'tempo_gasto_s': 0.61, 'tempo_solver_s': 0.3, 'tempo_limite_subproblema_s': 600.0, 'dia': 7, 'turno': 'N'}]}
