ciclo,passada,iteracao,vizinhanca,recurso,disciplinas_livres,variaveis_x_livres,variaveis_x_fixadas,status_solver,objetivo_anterior,objetivo_candidato,melhorou,objetivo_incumbente,tempo_gasto_s,tempo_solver_s,tempo_limite_subproblema_s,curso_a,curso_b,ordem_cursos,seed_ordem_cursos,posicao_par,tipo_componente,posicao_na_passada,posicao_no_componente,passada_completa,motivo_encerramento,tipo_registro,parametro_tipo_vizinhanca,parametro_tempo_modelo_inicial_s,parametro_tempo_heuristica_inicial_s,parametro_tempo_subproblema_s,parametro_tempo_total_maximo_s,parametro_apenas_uma_passada,parametro_salvar_candidatos,parametro_ordem_cursos_solicitada,parametro_seed_ordem_cursos_solicitada,parametro_ordem_cursos,parametro_seed_ordem_cursos,parametro_arquivo_horarios,parametro_arquivo_salas,parametro_arquivo_salas_preferenciais,parametro_diretorio_execucao,parametro_arquivo_melhor_solucao,parametro_arquivo_log_csv,parametro_arquivo_log_json,parametro_tipo_estrategia,parametro_componentes,parametro_criterio_repeticao,parametro_gurobi_inicial_TimeLimit,parametro_gurobi_inicial_MIPFocus,parametro_gurobi_inicial_NoRelHeurTime,parametro_gurobi_subproblema_TimeLimit,parametro_gurobi_subproblema_MIPFocus,parametro_gurobi_subproblema_NoRelHeurTime,parametro_motivo_encerramento,dia,turno,curso
1,1,1,par_cursos,GEO+FIL,25,4830,90160,OPTIMAL,186761.5,186761.5,False,186761.5,0.58,0.32,600.0,GEO,FIL,aleatoria,42,1,cursos_exat_2,1,1,True,TEMPO_TOTAL,iteracao,combinada_cursos_exat_2_dia_turno_curso,180.0,180.0,600.0,14400.0,False,False,aleatoria,42,aleatoria,42,./dados/2024_1/horarios_2024_1.xlsx,./dados/2024_1/salas_2024_1.csv,./dados/2024_1/salas_preferenciais_2024.1.xlsx,/Users/robertdrey/Documents/workspace/development/alocador_de_salas,resultados/experimentos/2024_1/novas_hibridas/combinada_exat_2_dia_turno/melhor_solucao_seed42.sol,resultados/experimentos/2024_1/novas_hibridas/combinada_exat_2_dia_turno/historico_seed42.csv,resultados/experimentos/2024_1/novas_hibridas/combinada_exat_2_dia_turno/historico_seed42.json,combinada,cursos_exat_2 -> dia_turno_curso,qualquer_melhoria_na_passada,180.0,1,180.0,600.0,1,0,TEMPO_TOTAL,,,
1,1,2,par_cursos,GEO+CC,57,12604,82386,OPTIMAL,186761.5,186761.5,False,186761.5,1.17,0.86,600.0,GEO,CC,aleatoria,42,2,cursos_exat_2,2,2,True,TEMPO_TOTAL,iteracao,combinada_cursos_exat_2_dia_turno_curso,180.0,180.0,600.0,14400.0,False,False,aleatoria,42,aleatoria,42,./dados/2024_1/horarios_2024_1.xlsx,./dados/2024_1/salas_2024_1.csv,./dados/2024_1/salas_preferenciais_2024.1.xlsx,/Users/robertdrey/Documents/workspace/development/alocador_de_salas,resultados/experimentos/2024_1/novas_hibridas/combinada_exat_2_dia_turno/melhor_solucao_seed42.sol,resultados/experimentos/2024_1/novas_hibridas/combinada_exat_2_dia_turno/historico_seed42.csv,resultados/experimentos/2024_1/novas_hibridas/combinada_exat_2_dia_turno/historico_seed42.json,combinada,cursos_exat_2 -> dia_turno_curso,qualquer_melhoria_na_passada,180.0,1,180.0,600.0,1,0,TEMPO_TOTAL,,,
1,1,3,par_cursos,GEO+LET,46,11224,83766,OPTIMAL,186761.5,186674.5,True,186674.5,36.95,36.61,600.0,GEO,LET,aleatoria,42,3,cursos_exat_2,3,3,True,TEMPO_TOTAL,iteracao,combinada_cursos_exat_2_dia_turno_curso,180.0,180.0,600.0,14400.0,False,False,aleatoria,42,aleatoria,42,./dados/2024_1/horarios_2024_1.xlsx,./dados/2024_1/salas_2024_1.csv,./dados/2024_1/salas_preferenciais_2024.1.xlsx,/Users/robertdrey/Documents/workspace/development/alocador_de_salas,resultados/experimentos/2024_1/novas_hibridas/combinada_exat_2_dia_turno/melhor_solucao_seed42.sol,resultados/experimentos/2024_1/novas_hibridas/combinada_exat_2_dia_turno/historico_seed42.csv,resultados/experimentos/2024_1/novas_hibridas/combinada_exat_2_dia_turno/historico_seed42.json,combinada,cursos_exat_2 -> dia_turno_curso,qualquer_melhoria_na_passada,180.0,1,180.0,600.0,1,0,TEMPO_TOTAL,,,
1,1,4,par_cursos,GEO+PED,66,14858,80132,OPTIMAL,186674.5,186624.5,True,186624.5,7.92,7.55,600.0,GEO,PED,aleatoria,42,4,cursos_exat_2,4,4,True,TEMPO_TOTAL,iteracao,combinada_cursos_exat_2_dia_turno_curso,180.0,180.0,600.0,14400.0,False,False,aleatoria,42,aleatoria,42,./dados/2024_1/horarios_2024_1.xlsx,./dados/2024_1/salas_2024_1.csv,./dados/2024_1/salas_preferenciais_2024.1.xlsx,/Users/robertdrey/Documents/workspace/development/alocador_de_salas,resultados/experimentos/2024_1/novas_hibridas/combinada_exat_2_dia_turno/melhor_solucao_seed42.sol,resultados/experimentos/2024_1/novas_hibridas/combinada_exat_2_dia_turno/historico_seed42.csv,resultados/experimentos/2024_1/novas_hibridas/combinada_exat_2_dia_turno/historico_seed42.json,combinada,cursos_exat_2 -> dia_turno_curso,qualquer_melhoria_na_passada,180.0,1,180.0,600.0,1,0,TEMPO_TOTAL,,,
1,1,5,par_cursos,GEO+ENF,28,10580,84410,OPTIMAL,186624.5,186169.5,True,186169.5,4.1,3.75,600.0,GEO,ENF,aleatoria,42,5,cursos_exat_2,5,5,True,TEMPO_TOTAL,iteracao,combinada_cursos_exat_2_dia_turno_curso,180.0,180.0,600.0,14400.0,False,False,aleatoria,42,aleatoria,42,./dados/2024_1/horarios_2024_1.xlsx,./dados/2024_1/salas_2024_1.csv,./dados/2024_1/salas_preferenciais_2024.1.xlsx,/Users/robertdrey/Documents/workspace/development/alocador_de_salas,resultados/experimentos/2024_1/novas_hibridas/combinada_exat_2_dia_turno/melhor_solucao_seed42.sol,resultados/experimentos/2024_1/novas_hibridas/combinada_exat_2_dia_turno/historico_seed42.csv,resultados/experimentos/2024_1/novas_hibridas/combinada_exat_2_dia_turno/historico_seed42.json,combinada,cursos_exat_2 -> dia_turno_curso,qualquer_melhoria_na_passada,180.0,1,180.0,600.0,1,0,TEMPO_TOTAL,,,
1,1,6,par_cursos,GEO+MED,51,11454,83536,OPTIMAL,186169.5,186169.5,False,186169.5,1.26,0.93,600.0,GEO,MED,aleatoria,42,6,cursos_exat_2,6,6,True,TEMPO_TOTAL,iteracao,combinada_cursos_exat_2_dia_turno_curso,180.0,180.0,600.0,14400.0,False,False,aleatoria,42,aleatoria,42,./dados/2024_1/horarios_2024_1.xlsx,./dados/2024_1/salas_2024_1.csv,./dados/2024_1/salas_preferenciais_2024.1.xlsx,/Users/robertdrey/Documents/workspace/development/alocador_de_salas,resultados/experimentos/2024_1/novas_hibridas/combinada_exat_2_dia_turno/melhor_solucao_seed42.sol,resultados/experimentos/2024_1/novas_hibridas/combinada_exat_2_dia_turno/historico_seed42.csv,resultados/experimentos/2024_1/novas_hibridas/combinada_exat_2_dia_turno/historico_seed42.json,combinada,cursos_exat_2 -> dia_turno_curso,qualquer_melhoria_na_passada,180.0,1,180.0,600.0,1,0,TEMPO_TOTAL,,,
1,1,7,par_cursos,GEO+HIS,34,6854,88136,OPTIMAL,186169.5,186169.5,False,186169.5,0.71,0.39,600.0,GEO,HIS,aleatoria,42,7,cursos_exat_2,7,7,True,TEMPO_TOTAL,iteracao,combinada_cursos_exat_2_dia_turno_curso,180.0,180.0,600.0,14400.0,False,False,aleatoria,42,aleatoria,42,./dados/2024_1/horarios_2024_1.xlsx,./dados/2024_1/salas_2024_1.csv,./dados/2024_1/salas_preferenciais_2024.1.xlsx,/Users/robertdrey/Documents/workspace/development/alocador_de_salas,resultados/experimentos/2024_1/novas_hibridas/combinada_exat_2_dia_turno/melhor_solucao_seed42.sol,resultados/experimentos/2024_1/novas_hibridas/combinada_exat_2_dia_turno/historico_seed42.csv,resultados/experimentos/2024_1/novas_hibridas/combinada_exat_2_dia_turno/historico_seed42.json,combinada,cursos_exat_2 -> dia_turno_curso,qualquer_melhoria_na_passada,180.0,1,180.0,600.0,1,0,TEMPO_TOTAL,,,
1,1,8,par_cursos,GEO+CS,32,6624,88366,OPTIMAL,186169.5,186169.5,False,186169.5,0.63,0.32,600.0,GEO,CS,aleatoria,42,8,cursos_exat_2,8,8,True,TEMPO_TOTAL,iteracao,combinada_cursos_exat_2_dia_turno_curso,180.0,180.0,600.0,14400.0,False,False,aleatoria,42,aleatoria,42,./dados/2024_1/horarios_2024_1.xlsx,./dados/2024_1/salas_2024_1.csv,./dados/2024_1/salas_preferenciais_2024.1.xlsx,/Users/robertdrey/Documents/workspace/development/alocador_de_salas,resultados/experimentos/2024_1/novas_hibridas/combinada_exat_2_dia_turno/melhor_solucao_seed42.sol,resultados/experimentos/2024_1/novas_hibridas/combinada_exat_2_dia_turno/historico_seed42.csv,resultados/experimentos/2024_1/novas_hibridas/combinada_exat_2_dia_turno/historico_seed42.json,combinada,cursos_exat_2 -> dia_turno_curso,qualquer_melhoria_na_passada,180.0,1,180.0,600.0,1,0,TEMPO_TOTAL,,,
1,1,9,par_cursos,GEO+EAS,55,9522,85468,OPTIMAL,186169.5,186169.5,False,186169.5,0.65,0.33,600.0,GEO,EAS,aleatoria,42,9,cursos_exat_2,9,9,True,TEMPO_TOTAL,iteracao,combinada_cursos_exat_2_dia_turno_curso,180.0,180.0,600.0,14400.0,False,False,aleatoria,42,aleatoria,42,./dados/2024_1/horarios_2024_1.xlsx,./dados/2024_1/salas_2024_1.csv,./dados/2024_1/salas_preferenciais_2024.1.xlsx,/Users/robertdrey/Documents/workspace/development/alocador_de_salas,resultados/experimentos/2024_1/novas_hibridas/combinada_exat_2_dia_turno/melhor_solucao_seed42.sol,resultados/experimentos/2024_1/novas_hibridas/combinada_exat_2_dia_turno/historico_seed42.csv,resultados/experimentos/2024_1/novas_hibridas/combinada_exat_2_dia_turno/historico_seed42.json,combinada,cursos_exat_2 -> dia_turno_curso,qualquer_melhoria_na_passada,180.0,1,180.0,600.0,1,0,TEMPO_TOTAL,,,
1,1,10,par_cursos,GEO+ADM,58,11362,83628,OPTIMAL,186169.5,186136.5,True,186136.5,0.97,0.66,600.0,GEO,ADM,aleatoria,42,10,cursos_exat_2,10,10,True,TEMPO_TOTAL,iteracao,combinada_cursos_exat_2_dia_turno_curso,180.0,180.0,600.0,14400.0,False,False,aleatoria,42,aleatoria,42,./dados/2024_1/horarios_2024_1.xlsx,./dados/2024_1/salas_2024_1.csv,./dados/2024_1/salas_preferenciais_2024.1.xlsx,/Users/robertdrey/Documents/workspace/development/alocador_de_salas,resultados/experimentos/2024_1/novas_hibridas/combinada_exat_2_dia_turno/melhor_solucao_seed42.sol,resultados/experimentos/2024_1/novas_hibridas/combinada_exat_2_dia_turno/historico_seed42.csv,resultados/experimentos/2024_1/novas_hibridas/combinada_exat_2_dia_turno/historico_seed42.json,combinada,cursos_exat_2 -> dia_turno_curso,qualquer_melhoria_na_passada,180.0,1,180.0,600.0,1,0,TEMPO_TOTAL,,,
1,1,11,par_cursos,GEO+AGRO,61,10810,84180,OPTIMAL,186136.5,186133.5,True,186133.5,3.05,2.72,600.0,GEO,AGRO,aleatoria,42,11,cursos_exat_2,11,11,True,TEMPO_TOTAL,iteracao,combinada_cursos_exat_2_dia_turno_curso,180.0,180.0,600.0,14400.0,False,False,aleatoria,42,aleatoria,42,./dados/2024_1/horarios_2024_1.xlsx,./dados/2024_1/salas_2024_1.csv,./dados/2024_1/salas_preferenciais_2024.1.xlsx,/Users/robertdrey/Documents/workspace/development/alocador_de_salas,resultados/experimentos/2024_1/novas_hibridas/combinada_exat_2_dia_turno/melhor_solucao_seed42.sol,resultados/experimentos/2024_1/novas_hibridas/combinada_exat_2_dia_turno/historico_seed42.csv,resultados/experimentos/2024_1/novas_hibridas/combinada_exat_2_dia_turno/historico_seed42.json,combinada,cursos_exat_2 -> dia_turno_curso,qualquer_melhoria_na_passada,180.0,1,180.0,600.0,1,0,TEMPO_TOTAL,,,
1,1,12,par_cursos,GEO+MAT,33,7038,87952,OPTIMAL,186133.5,186103.5,True,186103.5,0.74,0.41,600.0,GEO,MAT,aleatoria,42,12,cursos_exat_2,12,12,True,TEMPO_TOTAL,iteracao,combinada_cursos_exat_2_dia_turno_curso,180.0,180.0,600.0,14400.0,False,False,aleatoria,42,aleatoria,42,./dados/2024_1/horarios_2024_1.xlsx,./dados/2024_1/salas_2024_1.csv,./dados/2024_1/salas_preferenciais_2024.1.xlsx,/Users/robertdrey/Documents/workspace/development/alocador_de_salas,resultados/experimentos/2024_1/novas_hibridas/combinada_exat_2_dia_turno/melhor_solucao_seed42.sol,resultados/experimentos/2024_1/novas_hibridas/combinada_exat_2_dia_turno/historico_seed42.csv,resultados/experimentos/2024_1/novas_hibridas/combinada_exat_2_dia_turno/historico_seed42.json,combinada,cursos_exat_2 -> dia_turno_curso,qualquer_melhoria_na_passada,180.0,1,180.0,600.0,1,0,TEMPO_TOTAL,,,
1,1,13,par_cursos,FIL+CC,62,13294,81696,OPTIMAL,186103.5,186098.5,True,186098.5,1.52,1.2,600.0,FIL,CC,aleatoria,42,13,cursos_exat_2,13,13,True,TEMPO_TOTAL,iteracao,combinada_cursos_exat_2_dia_turno_curso,180.0,180.0,600.0,14400.0,False,False,aleatoria,42,aleatoria,42,./dados/2024_1/horarios_2024_1.xlsx,./dados/2024_1/salas_2024_1.csv,./dados/2024_1/salas_preferenciais_2024.1.xlsx,/Users/robertdrey/Documents/workspace/development/alocador_de_salas,resultados/experimentos/2024_1/novas_hibridas/combinada_exat_2_dia_turno/melhor_solucao_seed42.sol,resultados/experimentos/2024_1/novas_hibridas/combinada_exat_2_dia_turno/historico_seed42.csv,resultados/experimentos/2024_1/novas_hibridas/combinada_exat_2_dia_turno/historico_seed42.json,combinada,cursos_exat_2 -> dia_turno_curso,qualquer_melhoria_na_passada,180.0,1,180.0,600.0,1,0,TEMPO_TOTAL,,,
1,1,14,par_cursos,FIL+LET,51,11914,83076,OPTIMAL,186098.5,186096.0,True,186096.0,176.27,175.93,600.0,FIL,LET,aleatoria,42,14,cursos_exat_2,14,14,True,TEMPO_TOTAL,iteracao,combinada_cursos_exat_2_dia_turno_curso,180.0,180.0,600.0,14400.0,False,False,aleatoria,42,aleatoria,42,./dados/2024_1/horarios_2024_1.xlsx,./dados/2024_1/salas_2024_1.csv,./dados/2024_1/salas_preferenciais_2024.1.xlsx,/Users/robertdrey/Documents/workspace/development/alocador_de_salas,resultados/experimentos/2024_1/novas_hibridas/combinada_exat_2_dia_turno/melhor_solucao_seed42.sol,resultados/experimentos/2024_1/novas_hibridas/combinada_exat_2_dia_turno/historico_seed42.csv,resultados/experimentos/2024_1/novas_hibridas/combinada_exat_2_dia_turno/historico_seed42.json,combinada,cursos_exat_2 -> dia_turno_curso,qualquer_melhoria_na_passada,180.0,1,180.0,600.0,1,0,TEMPO_TOTAL,,,
1,1,15,par_cursos,FIL+PED,71,15548,79442,OPTIMAL,186096.0,186096.0,False,186096.0,6.23,5.91,600.0,FIL,PED,aleatoria,42,15,cursos_exat_2,15,15,True,TEMPO_TOTAL,iteracao,combinada_cursos_exat_2_dia_turno_curso,180.0,180.0,600.0,14400.0,False,False,aleatoria,42,aleatoria,42,./dados/2024_1/horarios_2024_1.xlsx,./dados/2024_1/salas_2024_1.csv,./dados/2024_1/salas_preferenciais_2024.1.xlsx,/Users/robertdrey/Documents/workspace/development/alocador_de_salas,resultados/experimentos/2024_1/novas_hibridas/combinada_exat_2_dia_turno/melhor_solucao_seed42.sol,resultados/experimentos/2024_1/novas_hibridas/combinada_exat_2_dia_turno/historico_seed42.csv,resultados/experimentos/2024_1/novas_hibridas/combinada_exat_2_dia_turno/historico_seed42.json,combinada,cursos_exat_2 -> dia_turno_curso,qualquer_melhoria_na_passada,180.0,1,180.0,600.0,1,0,TEMPO_TOTAL,,,
1,1,16,par_cursos,FIL+ENF,33,11270,83720,OPTIMAL,186096.0,186096.0,False,186096.0,2.54,2.19,600.0,FIL,ENF,aleatoria,42,16,cursos_exat_2,16,16,True,TEMPO_TOTAL,iteracao,combinada_cursos_exat_2_dia_turno_curso,180.0,180.0,600.0,14400.0,False,False,aleatoria,42,aleatoria,42,./dados/2024_1/horarios_2024_1.xlsx,./dados/2024_1/salas_2024_1.csv,./dados/2024_1/salas_preferenciais_2024.1.xlsx,/Users/robertdrey/Documents/workspace/development/alocador_de_salas,resultados/experimentos/2024_1/novas_hibridas/combinada_exat_2_dia_turno/melhor_solucao_seed42.sol,resultados/experimentos/2024_1/novas_hibridas/combinada_exat_2_dia_turno/historico_seed42.csv,resultados/experimentos/2024_1/novas_hibridas/combinada_exat_2_dia_turno/historico_seed42.json,combinada,cursos_exat_2 -> dia_turno_curso,qualquer_melhoria_na_passada,180.0,1,180.0,600.0,1,0,TEMPO_TOTAL,,,
1,1,17,par_cursos,FIL+MED,56,12144,82846,OPTIMAL,186096.0,186096.0,False,186096.0,1.24,0.9,600.0,FIL,MED,aleatoria,42,17,cursos_exat_2,17,17,True,TEMPO_TOTAL,iteracao,combinada_cursos_exat_2_dia_turno_curso,180.0,180.0,600.0,14400.0,False,False,aleatoria,42,aleatoria,42,./dados/2024_1/horarios_2024_1.xlsx,./dados/2024_1/salas_2024_1.csv,./dados/2024_1/salas_preferenciais_2024.1.xlsx,/Users/robertdrey/Documents/workspace/development/alocador_de_salas,resultados/experimentos/2024_1/novas_hibridas/combinada_exat_2_dia_turno/melhor_solucao_seed42.sol,resultados/experimentos/2024_1/novas_hibridas/combinada_exat_2_dia_turno/historico_seed42.csv,resultados/experimentos/2024_1/novas_hibridas/combinada_exat_2_dia_turno/historico_seed42.json,combinada,cursos_exat_2 -> dia_turno_curso,qualquer_melhoria_na_passada,180.0,1,180.0,600.0,1,0,TEMPO_TOTAL,,,
1,1,18,par_cursos,FIL+HIS,39,7544,87446,OPTIMAL,186096.0,186096.0,False,186096.0,0.68,0.37,600.0,FIL,HIS,aleatoria,42,18,cursos_exat_2,18,18,True,TEMPO_TOTAL,iteracao,combinada_cursos_exat_2_dia_turno_curso,180.0,180.0,600.0,14400.0,False,False,aleatoria,42,aleatoria,42,./dados/2024_1/horarios_2024_1.xlsx,./dados/2024_1/salas_2024_1.csv,./dados/2024_1/salas_preferenciais_2024.1.xlsx,/Users/robertdrey/Documents/workspace/development/alocador_de_salas,resultados/experimentos/2024_1/novas_hibridas/combinada_exat_2_dia_turno/melhor_solucao_seed42.sol,resultados/experimentos/2024_1/novas_hibridas/combinada_exat_2_dia_turno/historico_seed42.csv,resultados/experimentos/2024_1/novas_hibridas/combinada_exat_2_dia_turno/historico_seed42.json,combinada,cursos_exat_2 -> dia_turno_curso,qualquer_melhoria_na_passada,180.0,1,180.0,600.0,1,0,TEMPO_TOTAL,,,
1,1,19,par_cursos,FIL+CS,37,7314,87676,OPTIMAL,186096.0,186096.0,False,186096.0,0.65,0.34,600.0,FIL,CS,aleatoria,42,19,cursos_exat_2,19,19,True,TEMPO_TOTAL,iteracao,combinada_cursos_exat_2_dia_turno_curso,180.0,180.0,600.0,14400.0,False,False,aleatoria,42,aleatoria,42,./dados/2024_1/horarios_2024_1.xlsx,./dados/2024_1/salas_2024_1.csv,./dados/2024_1/salas_preferenciais_2024.1.xlsx,/Users/robertdrey/Documents/workspace/development/alocador_de_salas,resultados/experimentos/2024_1/novas_hibridas/combinada_exat_2_dia_turno/melhor_solucao_seed42.sol,resultados/experimentos/2024_1/novas_hibridas/combinada_exat_2_dia_turno/historico_seed42.csv,resultados/experimentos/2024_1/novas_hibridas/combinada_exat_2_dia_turno/historico_seed42.json,combinada,cursos_exat_2 -> dia_turno_curso,qualquer_melhoria_na_passada,180.0,1,180.0,600.0,1,0,TEMPO_TOTAL,,,
1,1,20,par_cursos,FIL+EAS,60,10212,84778,OPTIMAL,186096.0,186096.0,False,186096.0,0.69,0.38,600.0,FIL,EAS,aleatoria,42,20,cursos_exat_2,20,20,True,TEMPO_TOTAL,iteracao,combinada_cursos_exat_2_dia_turno_curso,180.0,180.0,600.0,14400.0,False,False,aleatoria,42,aleatoria,42,./dados/2024_1/horarios_2024_1.xlsx,./dados/2024_1/salas_2024_1.csv,./dados/2024_1/salas_preferenciais_2024.1.xlsx,/Users/robertdrey/Documents/workspace/development/alocador_de_salas,resultados/experimentos/2024_1/novas_hibridas/combinada_exat_2_dia_turno/melhor_solucao_seed42.sol,resultados/experimentos/2024_1/novas_hibridas/combinada_exat_2_dia_turno/historico_seed42.csv,resultados/experimentos/2024_1/novas_hibridas/combinada_exat_2_dia_turno/historico_seed42.json,combinada,cursos_exat_2 -> dia_turno_curso,qualquer_melhoria_na_passada,180.0,1,180.0,600.0,1,0,TEMPO_TOTAL,,,
1,1,21,par_cursos,FIL+ADM,63,12052,82938,OPTIMAL,186096.0,186096.0,False,186096.0,1.22,0.91,600.0,FIL,ADM,aleatoria,42,21,cursos_exat_2,21,21,True,TEMPO_TOTAL,iteracao,combinada_cursos_exat_2_dia_turno_curso,180.0,180.0,600.0,14400.0,False,False,aleatoria,42,aleatoria,42,./dados/2024_1/horarios_2024_1.xlsx,./dados/2024_1/salas_2024_1.csv,./dados/2024_1/salas_preferenciais_2024.1.xlsx,/Users/robertdrey/Documents/workspace/development/alocador_de_salas,resultados/experimentos/2024_1/novas_hibridas/combinada_exat_2_dia_turno/melhor_solucao_seed42.sol,resultados/experimentos/2024_1/novas_hibridas/combinada_exat_2_dia_turno/historico_seed42.csv,resultados/experimentos/2024_1/novas_hibridas/combinada_exat_2_dia_turno/historico_seed42.json,combinada,cursos_exat_2 -> dia_turno_curso,qualquer_melhoria_na_passada,180.0,1,180.0,600.0,1,0,TEMPO_TOTAL,,,
1,1,22,par_cursos,FIL+AGRO,66,11500,83490,OPTIMAL,186096.0,186096.0,False,186096.0,3.63,3.3,600.0,FIL,AGRO,aleatoria,42,22,cursos_exat_2,22,22,True,TEMPO_TOTAL,iteracao,combinada_cursos_exat_2_dia_turno_curso,180.0,180.0,600.0,14400.0,False,False,aleatoria,42,aleatoria,42,./dados/2024_1/horarios_2024_1.xlsx,./dados/2024_1/salas_2024_1.csv,./dados/2024_1/salas_preferenciais_2024.1.xlsx,/Users/robertdrey/Documents/workspace/development/alocador_de_salas,resultados/experimentos/2024_1/novas_hibridas/combinada_exat_2_dia_turno/melhor_solucao_seed42.sol,resultados/experimentos/2024_1/novas_hibridas/combinada_exat_2_dia_turno/historico_seed42.csv,resultados/experimentos/2024_1/novas_hibridas/combinada_exat_2_dia_turno/historico_seed42.json,combinada,cursos_exat_2 -> dia_turno_curso,qualquer_melhoria_na_passada,180.0,1,180.0,600.0,1,0,TEMPO_TOTAL,,,
1,1,23,par_cursos,FIL+MAT,38,7728,87262,OPTIMAL,186096.0,186096.0,False,186096.0,0.74,0.4,600.0,FIL,MAT,aleatoria,42,23,cursos_exat_2,23,23,True,TEMPO_TOTAL,iteracao,combinada_cursos_exat_2_dia_turno_curso,180.0,180.0,600.0,14400.0,False,False,aleatoria,42,aleatoria,42,./dados/2024_1/horarios_2024_1.xlsx,./dados/2024_1/salas_2024_1.csv,./dados/2024_1/salas_preferenciais_2024.1.xlsx,/Users/robertdrey/Documents/workspace/development/alocador_de_salas,resultados/experimentos/2024_1/novas_hibridas/combinada_exat_2_dia_turno/melhor_solucao_seed42.sol,resultados/experimentos/2024_1/novas_hibridas/combinada_exat_2_dia_turno/historico_seed42.csv,resultados/experimentos/2024_1/novas_hibridas/combinada_exat_2_dia_turno/historico_seed42.json,combinada,cursos_exat_2 -> dia_turno_curso,qualquer_melhoria_na_passada,180.0,1,180.0,600.0,1,0,TEMPO_TOTAL,,,
1,1,24,par_cursos,CC+LET,83,19688,75302,TIME_LIMIT,186096.0,186082.0,True,186082.0,600.48,600.16,600.0,CC,LET,aleatoria,42,24,cursos_exat_2,24,24,True,TEMPO_TOTAL,iteracao,combinada_cursos_exat_2_dia_turno_curso,180.0,180.0,600.0,14400.0,False,False,aleatoria,42,aleatoria,42,./dados/2024_1/horarios_2024_1.xlsx,./dados/2024_1/salas_2024_1.csv,./dados/2024_1/salas_preferenciais_2024.1.xlsx,/Users/robertdrey/Documents/workspace/development/alocador_de_salas,resultados/experimentos/2024_1/novas_hibridas/combinada_exat_2_dia_turno/melhor_solucao_seed42.sol,resultados/experimentos/2024_1/novas_hibridas/combinada_exat_2_dia_turno/historico_seed42.csv,resultados/experimentos/2024_1/novas_hibridas/combinada_exat_2_dia_turno/historico_seed42.json,combinada,cursos_exat_2 -> dia_turno_curso,qualquer_melhoria_na_passada,180.0,1,180.0,600.0,1,0,TEMPO_TOTAL,,,
1,1,25,par_cursos,CC+PED,103,23322,71668,OPTIMAL,186082.0,186082.0,False,186082.0,101.24,100.9,600.0,CC,PED,aleatoria,42,25,cursos_exat_2,25,25,True,TEMPO_TOTAL,iteracao,combinada_cursos_exat_2_dia_turno_curso,180.0,180.0,600.0,14400.0,False,False,aleatoria,42,aleatoria,42,./dados/2024_1/horarios_2024_1.xlsx,./dados/2024_1/salas_2024_1.csv,./dados/2024_1/salas_preferenciais_2024.1.xlsx,/Users/robertdrey/Documents/workspace/development/alocador_de_salas,resultados/experimentos/2024_1/novas_hibridas/combinada_exat_2_dia_turno/melhor_solucao_seed42.sol,resultados/experimentos/2024_1/novas_hibridas/combinada_exat_2_dia_turno/historico_seed42.csv,resultados/experimentos/2024_1/novas_hibridas/combinada_exat_2_dia_turno/historico_seed42.json,combinada,cursos_exat_2 -> dia_turno_curso,qualquer_melhoria_na_passada,180.0,1,180.0,600.0,1,0,TEMPO_TOTAL,,,
1,1,26,par_cursos,CC+ENF,65,19044,75946,OPTIMAL,186082.0,186082.0,False,186082.0,94.41,94.1,600.0,CC,ENF,aleatoria,42,26,cursos_exat_2,26,26,True,TEMPO_TOTAL,iteracao,combinada_cursos_exat_2_dia_turno_curso,180.0,180.0,600.0,14400.0,False,False,aleatoria,42,aleatoria,42,./dados/2024_1/horarios_2024_1.xlsx,./dados/2024_1/salas_2024_1.csv,./dados/2024_1/salas_preferenciais_2024.1.xlsx,/Users/robertdrey/Documents/workspace/development/alocador_de_salas,resultados/experimentos/2024_1/novas_hibridas/combinada_exat_2_dia_turno/melhor_solucao_seed42.sol,resultados/experimentos/2024_1/novas_hibridas/combinada_exat_2_dia_turno/historico_seed42.csv,resultados/experimentos/2024_1/novas_hibridas/combinada_exat_2_dia_turno/historico_seed42.json,combinada,cursos_exat_2 -> dia_turno_curso,qualquer_melhoria_na_passada,180.0,1,180.0,600.0,1,0,TEMPO_TOTAL,,,
1,1,27,par_cursos,CC+MED,88,19918,75072,OPTIMAL,186082.0,186082.0,False,186082.0,6.15,5.83,600.0,CC,MED,aleatoria,42,27,cursos_exat_2,27,27,True,TEMPO_TOTAL,iteracao,combinada_cursos_exat_2_dia_turno_curso,180.0,180.0,600.0,14400.0,False,False,aleatoria,42,aleatoria,42,./dados/2024_1/horarios_2024_1.xlsx,./dados/2024_1/salas_2024_1.csv,./dados/2024_1/salas_preferenciais_2024.1.xlsx,/Users/robertdrey/Documents/workspace/development/alocador_de_salas,resultados/experimentos/2024_1/novas_hibridas/combinada_exat_2_dia_turno/melhor_solucao_seed42.sol,resultados/experimentos/2024_1/novas_hibridas/combinada_exat_2_dia_turno/historico_seed42.csv,resultados/experimentos/2024_1/novas_hibridas/combinada_exat_2_dia_turno/historico_seed42.json,combinada,cursos_exat_2 -> dia_turno_curso,qualquer_melhoria_na_passada,180.0,1,180.0,600.0,1,0,TEMPO_TOTAL,,,
1,1,28,par_cursos,CC+HIS,71,15318,79672,OPTIMAL,186082.0,186082.0,False,186082.0,2.86,2.53,600.0,CC,HIS,aleatoria,42,28,cursos_exat_2,28,28,True,TEMPO_TOTAL,iteracao,combinada_cursos_exat_2_dia_turno_curso,180.0,180.0,600.0,14400.0,False,False,aleatoria,42,aleatoria,42,./dados/2024_1/horarios_2024_1.xlsx,./dados/2024_1/salas_2024_1.csv,./dados/2024_1/salas_preferenciais_2024.1.xlsx,/Users/robertdrey/Documents/workspace/development/alocador_de_salas,resultados/experimentos/2024_1/novas_hibridas/combinada_exat_2_dia_turno/melhor_solucao_seed42.sol,resultados/experimentos/2024_1/novas_hibridas/combinada_exat_2_dia_turno/historico_seed42.csv,resultados/experimentos/2024_1/novas_hibridas/combinada_exat_2_dia_turno/historico_seed42.json,combinada,cursos_exat_2 -> dia_turno_curso,qualquer_melhoria_na_passada,180.0,1,180.0,600.0,1,0,TEMPO_TOTAL,,,
1,1,29,par_cursos,CC+CS,69,15088,79902,OPTIMAL,186082.0,186082.0,False,186082.0,24.55,24.19,600.0,CC,CS,aleatoria,42,29,cursos_exat_2,29,29,True,TEMPO_TOTAL,iteracao,combinada_cursos_exat_2_dia_turno_curso,180.0,180.0,600.0,14400.0,False,False,aleatoria,42,aleatoria,42,./dados/2024_1/horarios_2024_1.xlsx,./dados/2024_1/salas_2024_1.csv,./dados/2024_1/salas_preferenciais_2024.1.xlsx,/Users/robertdrey/Documents/workspace/development/alocador_de_salas,resultados/experimentos/2024_1/novas_hibridas/combinada_exat_2_dia_turno/melhor_solucao_seed42.sol,resultados/experimentos/2024_1/novas_hibridas/combinada_exat_2_dia_turno/historico_seed42.csv,resultados/experimentos/2024_1/novas_hibridas/combinada_exat_2_dia_turno/historico_seed42.json,combinada,cursos_exat_2 -> dia_turno_curso,qualquer_melhoria_na_passada,180.0,1,180.0,600.0,1,0,TEMPO_TOTAL,,,
1,1,30,par_cursos,CC+EAS,92,17986,77004,OPTIMAL,186082.0,186082.0,False,186082.0,3.6,3.24,600.0,CC,EAS,aleatoria,42,30,cursos_exat_2,30,30,True,TEMPO_TOTAL,iteracao,combinada_cursos_exat_2_dia_turno_curso,180.0,180.0,600.0,14400.0,False,False,aleatoria,42,aleatoria,42,./dados/2024_1/horarios_2024_1.xlsx,./dados/2024_1/salas_2024_1.csv,./dados/2024_1/salas_preferenciais_2024.1.xlsx,/Users/robertdrey/Documents/workspace/development/alocador_de_salas,resultados/experimentos/2024_1/novas_hibridas/combinada_exat_2_dia_turno/melhor_solucao_seed42.sol,resultados/experimentos/2024_1/novas_hibridas/combinada_exat_2_dia_turno/historico_seed42.csv,resultados/experimentos/2024_1/novas_hibridas/combinada_exat_2_dia_turno/historico_seed42.json,combinada,cursos_exat_2 -> dia_turno_curso,qualquer_melhoria_na_passada,180.0,1,180.0,600.0,1,0,TEMPO_TOTAL,,,
1,1,31,par_cursos,CC+ADM,95,19826,75164,OPTIMAL,186082.0,186082.0,False,186082.0,56.83,56.51,600.0,CC,ADM,aleatoria,42,31,cursos_exat_2,31,31,True,TEMPO_TOTAL,iteracao,combinada_cursos_exat_2_dia_turno_curso,180.0,180.0,600.0,14400.0,False,False,aleatoria,42,aleatoria,42,./dados/2024_1/horarios_2024_1.xlsx,./dados/2024_1/salas_2024_1.csv,./dados/2024_1/salas_preferenciais_2024.1.xlsx,/Users/robertdrey/Documents/workspace/development/alocador_de_salas,resultados/experimentos/2024_1/novas_hibridas/combinada_exat_2_dia_turno/melhor_solucao_seed42.sol,resultados/experimentos/2024_1/novas_hibridas/combinada_exat_2_dia_turno/historico_seed42.csv,resultados/experimentos/2024_1/novas_hibridas/combinada_exat_2_dia_turno/historico_seed42.json,combinada,cursos_exat_2 -> dia_turno_curso,qualquer_melhoria_na_passada,180.0,1,180.0,600.0,1,0,TEMPO_TOTAL,,,
1,1,32,par_cursos,CC+AGRO,98,19274,75716,OPTIMAL,186082.0,186082.0,False,186082.0,12.51,12.19,600.0,CC,AGRO,aleatoria,42,32,cursos_exat_2,32,32,True,TEMPO_TOTAL,iteracao,combinada_cursos_exat_2_dia_turno_curso,180.0,180.0,600.0,14400.0,False,False,aleatoria,42,aleatoria,42,./dados/2024_1/horarios_2024_1.xlsx,./dados/2024_1/salas_2024_1.csv,./dados/2024_1/salas_preferenciais_2024.1.xlsx,/Users/robertdrey/Documents/workspace/development/alocador_de_salas,resultados/experimentos/2024_1/novas_hibridas/combinada_exat_2_dia_turno/melhor_solucao_seed42.sol,resultados/experimentos/2024_1/novas_hibridas/combinada_exat_2_dia_turno/historico_seed42.csv,resultados/experimentos/2024_1/novas_hibridas/combinada_exat_2_dia_turno/historico_seed42.json,combinada,cursos_exat_2 -> dia_turno_curso,qualquer_melhoria_na_passada,180.0,1,180.0,600.0,1,0,TEMPO_TOTAL,,,
1,1,33,par_cursos,CC+MAT,70,15502,79488,OPTIMAL,186082.0,186082.0,False,186082.0,3.16,2.84,600.0,CC,MAT,aleatoria,42,33,cursos_exat_2,33,33,True,TEMPO_TOTAL,iteracao,combinada_cursos_exat_2_dia_turno_curso,180.0,180.0,600.0,14400.0,False,False,aleatoria,42,aleatoria,42,./dados/2024_1/horarios_2024_1.xlsx,./dados/2024_1/salas_2024_1.csv,./dados/2024_1/salas_preferenciais_2024.1.xlsx,/Users/robertdrey/Documents/workspace/development/alocador_de_salas,resultados/experimentos/2024_1/novas_hibridas/combinada_exat_2_dia_turno/melhor_solucao_seed42.sol,resultados/experimentos/2024_1/novas_hibridas/combinada_exat_2_dia_turno/historico_seed42.csv,resultados/experimentos/2024_1/novas_hibridas/combinada_exat_2_dia_turno/historico_seed42.json,combinada,cursos_exat_2 -> dia_turno_curso,qualquer_melhoria_na_passada,180.0,1,180.0,600.0,1,0,TEMPO_TOTAL,,,
1,1,34,par_cursos,LET+PED,92,21942,73048,OPTIMAL,186082.0,186082.0,False,186082.0,89.03,88.7,600.0,LET,PED,aleatoria,42,34,cursos_exat_2,34,34,True,TEMPO_TOTAL,iteracao,combinada_cursos_exat_2_dia_turno_curso,180.0,180.0,600.0,14400.0,False,False,aleatoria,42,aleatoria,42,./dados/2024_1/horarios_2024_1.xlsx,./dados/2024_1/salas_2024_1.csv,./dados/2024_1/salas_preferenciais_2024.1.xlsx,/Users/robertdrey/Documents/workspace/development/alocador_de_salas,resultados/experimentos/2024_1/novas_hibridas/combinada_exat_2_dia_turno/melhor_solucao_seed42.sol,resultados/experimentos/2024_1/novas_hibridas/combinada_exat_2_dia_turno/historico_seed42.csv,resultados/experimentos/2024_1/novas_hibridas/combinada_exat_2_dia_turno/historico_seed42.json,combinada,cursos_exat_2 -> dia_turno_curso,qualquer_melhoria_na_passada,180.0,1,180.0,600.0,1,0,TEMPO_TOTAL,,,
1,1,35,par_cursos,LET+ENF,54,17664,77326,OPTIMAL,186082.0,186082.0,False,186082.0,38.36,37.99,600.0,LET,ENF,aleatoria,42,35,cursos_exat_2,35,35,True,TEMPO_TOTAL,iteracao,combinada_cursos_exat_2_dia_turno_curso,180.0,180.0,600.0,14400.0,False,False,aleatoria,42,aleatoria,42,./dados/2024_1/horarios_2024_1.xlsx,./dados/2024_1/salas_2024_1.csv,./dados/2024_1/salas_preferenciais_2024.1.xlsx,/Users/robertdrey/Documents/workspace/development/alocador_de_salas,resultados/experimentos/2024_1/novas_hibridas/combinada_exat_2_dia_turno/melhor_solucao_seed42.sol,resultados/experimentos/2024_1/novas_hibridas/combinada_exat_2_dia_turno/historico_seed42.csv,resultados/experimentos/2024_1/novas_hibridas/combinada_exat_2_dia_turno/historico_seed42.json,combinada,cursos_exat_2 -> dia_turno_curso,qualquer_melhoria_na_passada,180.0,1,180.0,600.0,1,0,TEMPO_TOTAL,,,
1,1,36,par_cursos,LET+MED,77,18538,76452,OPTIMAL,186082.0,186082.0,False,186082.0,5.32,4.94,600.0,LET,MED,aleatoria,42,36,cursos_exat_2,36,36,True,TEMPO_TOTAL,iteracao,combinada_cursos_exat_2_dia_turno_curso,180.0,180.0,600.0,14400.0,False,False,aleatoria,42,aleatoria,42,./dados/2024_1/horarios_2024_1.xlsx,./dados/2024_1/salas_2024_1.csv,./dados/2024_1/salas_preferenciais_2024.1.xlsx,/Users/robertdrey/Documents/workspace/development/alocador_de_salas,resultados/experimentos/2024_1/novas_hibridas/combinada_exat_2_dia_turno/melhor_solucao_seed42.sol,resultados/experimentos/2024_1/novas_hibridas/combinada_exat_2_dia_turno/historico_seed42.csv,resultados/experimentos/2024_1/novas_hibridas/combinada_exat_2_dia_turno/historico_seed42.json,combinada,cursos_exat_2 -> dia_turno_curso,qualquer_melhoria_na_passada,180.0,1,180.0,600.0,1,0,TEMPO_TOTAL,,,
1,1,37,par_cursos,LET+HIS,60,13938,81052,OPTIMAL,186082.0,186039.0,True,186039.0,16.95,16.6,600.0,LET,HIS,aleatoria,42,37,cursos_exat_2,37,37,True,TEMPO_TOTAL,iteracao,combinada_cursos_exat_2_dia_turno_curso,180.0,180.0,600.0,14400.0,False,False,aleatoria,42,aleatoria,42,./dados/2024_1/horarios_2024_1.xlsx,./dados/2024_1/salas_2024_1.csv,./dados/2024_1/salas_preferenciais_2024.1.xlsx,/Users/robertdrey/Documents/workspace/development/alocador_de_salas,resultados/experimentos/2024_1/novas_hibridas/combinada_exat_2_dia_turno/melhor_solucao_seed42.sol,resultados/experimentos/2024_1/novas_hibridas/combinada_exat_2_dia_turno/historico_seed42.csv,resultados/experimentos/2024_1/novas_hibridas/combinada_exat_2_dia_turno/historico_seed42.json,combinada,cursos_exat_2 -> dia_turno_curso,qualquer_melhoria_na_passada,180.0,1,180.0,600.0,1,0,TEMPO_TOTAL,,,
1,1,38,par_cursos,LET+CS,58,13708,81282,OPTIMAL,186039.0,186039.0,False,186039.0,2.79,2.44,600.0,LET,CS,aleatoria,42,38,cursos_exat_2,38,38,True,TEMPO_TOTAL,iteracao,combinada_cursos_exat_2_dia_turno_curso,180.0,180.0,600.0,14400.0,False,False,aleatoria,42,aleatoria,42,./dados/2024_1/horarios_2024_1.xlsx,./dados/2024_1/salas_2024_1.csv,./dados/2024_1/salas_preferenciais_2024.1.xlsx,/Users/robertdrey/Documents/workspace/development/alocador_de_salas,resultados/experimentos/2024_1/novas_hibridas/combinada_exat_2_dia_turno/melhor_solucao_seed42.sol,resultados/experimentos/2024_1/novas_hibridas/combinada_exat_2_dia_turno/historico_seed42.csv,resultados/experimentos/2024_1/novas_hibridas/combinada_exat_2_dia_turno/historico_seed42.json,combinada,cursos_exat_2 -> dia_turno_curso,qualquer_melhoria_na_passada,180.0,1,180.0,600.0,1,0,TEMPO_TOTAL,,,
1,1,39,par_cursos,LET+EAS,81,16606,78384,OPTIMAL,186039.0,186039.0,False,186039.0,4.84,4.51,600.0,LET,EAS,aleatoria,42,39,cursos_exat_2,39,39,True,TEMPO_TOTAL,iteracao,combinada_cursos_exat_2_dia_turno_curso,180.0,180.0,600.0,14400.0,False,False,aleatoria,42,aleatoria,42,./dados/2024_1/horarios_2024_1.xlsx,./dados/2024_1/salas_2024_1.csv,./dados/2024_1/salas_preferenciais_2024.1.xlsx,/Users/robertdrey/Documents/workspace/development/alocador_de_salas,resultados/experimentos/2024_1/novas_hibridas/combinada_exat_2_dia_turno/melhor_solucao_seed42.sol,resultados/experimentos/2024_1/novas_hibridas/combinada_exat_2_dia_turno/historico_seed42.csv,resultados/experimentos/2024_1/novas_hibridas/combinada_exat_2_dia_turno/historico_seed42.json,combinada,cursos_exat_2 -> dia_turno_curso,qualquer_melhoria_na_passada,180.0,1,180.0,600.0,1,0,TEMPO_TOTAL,,,
1,1,40,par_cursos,LET+ADM,84,18446,76544,OPTIMAL,186039.0,186039.0,False,186039.0,9.72,9.35,600.0,LET,ADM,aleatoria,42,40,cursos_exat_2,40,40,True,TEMPO_TOTAL,iteracao,combinada_cursos_exat_2_dia_turno_curso,180.0,180.0,600.0,14400.0,False,False,aleatoria,42,aleatoria,42,./dados/2024_1/horarios_2024_1.xlsx,./dados/2024_1/salas_2024_1.csv,./dados/2024_1/salas_preferenciais_2024.1.xlsx,/Users/robertdrey/Documents/workspace/development/alocador_de_salas,resultados/experimentos/2024_1/novas_hibridas/combinada_exat_2_dia_turno/melhor_solucao_seed42.sol,resultados/experimentos/2024_1/novas_hibridas/combinada_exat_2_dia_turno/historico_seed42.csv,resultados/experimentos/2024_1/novas_hibridas/combinada_exat_2_dia_turno/historico_seed42.json,combinada,cursos_exat_2 -> dia_turno_curso,qualquer_melhoria_na_passada,180.0,1,180.0,600.0,1,0,TEMPO_TOTAL,,,
1,1,41,par_cursos,LET+AGRO,87,17894,77096,OPTIMAL,186039.0,186039.0,False,186039.0,11.3,10.94,600.0,LET,AGRO,aleatoria,42,41,cursos_exat_2,41,41,True,TEMPO_TOTAL,iteracao,combinada_cursos_exat_2_dia_turno_curso,180.0,180.0,600.0,14400.0,False,False,aleatoria,42,aleatoria,42,./dados/2024_1/horarios_2024_1.xlsx,./dados/2024_1/salas_2024_1.csv,./dados/2024_1/salas_preferenciais_2024.1.xlsx,/Users/robertdrey/Documents/workspace/development/alocador_de_salas,resultados/experimentos/2024_1/novas_hibridas/combinada_exat_2_dia_turno/melhor_solucao_seed42.sol,resultados/experimentos/2024_1/novas_hibridas/combinada_exat_2_dia_turno/historico_seed42.csv,resultados/experimentos/2024_1/novas_hibridas/combinada_exat_2_dia_turno/historico_seed42.json,combinada,cursos_exat_2 -> dia_turno_curso,qualquer_melhoria_na_passada,180.0,1,180.0,600.0,1,0,TEMPO_TOTAL,,,
1,1,42,par_cursos,LET+MAT,59,14122,80868,OPTIMAL,186039.0,186018.5,True,186018.5,14.78,14.44,600.0,LET,MAT,aleatoria,42,42,cursos_exat_2,42,42,True,TEMPO_TOTAL,iteracao,combinada_cursos_exat_2_dia_turno_curso,180.0,180.0,600.0,14400.0,False,False,aleatoria,42,aleatoria,42,./dados/2024_1/horarios_2024_1.xlsx,./dados/2024_1/salas_2024_1.csv,./dados/2024_1/salas_preferenciais_2024.1.xlsx,/Users/robertdrey/Documents/workspace/development/alocador_de_salas,resultados/experimentos/2024_1/novas_hibridas/combinada_exat_2_dia_turno/melhor_solucao_seed42.sol,resultados/experimentos/2024_1/novas_hibridas/combinada_exat_2_dia_turno/historico_seed42.csv,resultados/experimentos/2024_1/novas_hibridas/combinada_exat_2_dia_turno/historico_seed42.json,combinada,cursos_exat_2 -> dia_turno_curso,qualquer_melhoria_na_passada,180.0,1,180.0,600.0,1,0,TEMPO_TOTAL,,,
1,1,43,par_cursos,PED+ENF,74,21298,73692,OPTIMAL,186018.5,186018.5,False,186018.5,18.14,17.77,600.0,PED,ENF,aleatoria,42,43,cursos_exat_2,43,43,True,TEMPO_TOTAL,iteracao,combinada_cursos_exat_2_dia_turno_curso,180.0,180.0,600.0,14400.0,False,False,aleatoria,42,aleatoria,42,./dados/2024_1/horarios_2024_1.xlsx,./dados/2024_1/salas_2024_1.csv,./dados/2024_1/salas_preferenciais_2024.1.xlsx,/Users/robertdrey/Documents/workspace/development/alocador_de_salas,resultados/experimentos/2024_1/novas_hibridas/combinada_exat_2_dia_turno/melhor_solucao_seed42.sol,resultados/experimentos/2024_1/novas_hibridas/combinada_exat_2_dia_turno/historico_seed42.csv,resultados/experimentos/2024_1/novas_hibridas/combinada_exat_2_dia_turno/historico_seed42.json,combinada,cursos_exat_2 -> dia_turno_curso,qualquer_melhoria_na_passada,180.0,1,180.0,600.0,1,0,TEMPO_TOTAL,,,
1,1,44,par_cursos,PED+MED,97,22172,72818,OPTIMAL,186018.5,186018.5,False,186018.5,5.6,5.24,600.0,PED,MED,aleatoria,42,44,cursos_exat_2,44,44,True,TEMPO_TOTAL,iteracao,combinada_cursos_exat_2_dia_turno_curso,180.0,180.0,600.0,14400.0,False,False,aleatoria,42,aleatoria,42,./dados/2024_1/horarios_2024_1.xlsx,./dados/2024_1/salas_2024_1.csv,./dados/2024_1/salas_preferenciais_2024.1.xlsx,/Users/robertdrey/Documents/workspace/development/alocador_de_salas,resultados/experimentos/2024_1/novas_hibridas/combinada_exat_2_dia_turno/melhor_solucao_seed42.sol,resultados/experimentos/2024_1/novas_hibridas/combinada_exat_2_dia_turno/historico_seed42.csv,resultados/experimentos/2024_1/novas_hibridas/combinada_exat_2_dia_turno/historico_seed42.json,combinada,cursos_exat_2 -> dia_turno_curso,qualquer_melhoria_na_passada,180.0,1,180.0,600.0,1,0,TEMPO_TOTAL,,,
1,1,45,par_cursos,PED+HIS,80,17572,77418,OPTIMAL,186018.5,186018.5,False,186018.5,3.28,2.9,600.0,PED,HIS,aleatoria,42,45,cursos_exat_2,45,45,True,TEMPO_TOTAL,iteracao,combinada_cursos_exat_2_dia_turno_curso,180.0,180.0,600.0,14400.0,False,False,aleatoria,42,aleatoria,42,./dados/2024_1/horarios_2024_1.xlsx,./dados/2024_1/salas_2024_1.csv,./dados/2024_1/salas_preferenciais_2024.1.xlsx,/Users/robertdrey/Documents/workspace/development/alocador_de_salas,resultados/experimentos/2024_1/novas_hibridas/combinada_exat_2_dia_turno/melhor_solucao_seed42.sol,resultados/experimentos/2024_1/novas_hibridas/combinada_exat_2_dia_turno/historico_seed42.csv,resultados/experimentos/2024_1/novas_hibridas/combinada_exat_2_dia_turno/historico_seed42.json,combinada,cursos_exat_2 -> dia_turno_curso,qualquer_melhoria_na_passada,180.0,1,180.0,600.0,1,0,TEMPO_TOTAL,,,
1,1,46,par_cursos,PED+CS,78,17342,77648,OPTIMAL,186018.5,186018.5,False,186018.5,5.67,5.32,600.0,PED,CS,aleatoria,42,46,cursos_exat_2,46,46,True,TEMPO_TOTAL,iteracao,combinada_cursos_exat_2_dia_turno_curso,180.0,180.0,600.0,14400.0,False,False,aleatoria,42,aleatoria,42,./dados/2024_1/horarios_2024_1.xlsx,./dados/2024_1/salas_2024_1.csv,./dados/2024_1/salas_preferenciais_2024.1.xlsx,/Users/robertdrey/Documents/workspace/development/alocador_de_salas,resultados/experimentos/2024_1/novas_hibridas/combinada_exat_2_dia_turno/melhor_solucao_seed42.sol,resultados/experimentos/2024_1/novas_hibridas/combinada_exat_2_dia_turno/historico_seed42.csv,resultados/experimentos/2024_1/novas_hibridas/combinada_exat_2_dia_turno/historico_seed42.json,combinada,cursos_exat_2 -> dia_turno_curso,qualquer_melhoria_na_passada,180.0,1,180.0,600.0,1,0,TEMPO_TOTAL,,,
1,1,47,par_cursos,PED+EAS,101,20240,74750,OPTIMAL,186018.5,186018.5,False,186018.5,3.49,3.13,600.0,PED,EAS,aleatoria,42,47,cursos_exat_2,47,47,True,TEMPO_TOTAL,iteracao,combinada_cursos_exat_2_dia_turno_curso,180.0,180.0,600.0,14400.0,False,False,aleatoria,42,aleatoria,42,./dados/2024_1/horarios_2024_1.xlsx,./dados/2024_1/salas_2024_1.csv,./dados/2024_1/salas_preferenciais_2024.1.xlsx,/Users/robertdrey/Documents/workspace/development/alocador_de_salas,resultados/experimentos/2024_1/novas_hibridas/combinada_exat_2_dia_turno/melhor_solucao_seed42.sol,resultados/experimentos/2024_1/novas_hibridas/combinada_exat_2_dia_turno/historico_seed42.csv,resultados/experimentos/2024_1/novas_hibridas/combinada_exat_2_dia_turno/historico_seed42.json,combinada,cursos_exat_2 -> dia_turno_curso,qualquer_melhoria_na_passada,180.0,1,180.0,600.0,1,0,TEMPO_TOTAL,,,
1,1,48,par_cursos,PED+ADM,104,22080,72910,TIME_LIMIT,186018.5,185943.0,True,185943.0,600.54,600.17,600.0,PED,ADM,aleatoria,42,48,cursos_exat_2,48,48,True,TEMPO_TOTAL,iteracao,combinada_cursos_exat_2_dia_turno_curso,180.0,180.0,600.0,14400.0,False,False,aleatoria,42,aleatoria,42,./dados/2024_1/horarios_2024_1.xlsx,./dados/2024_1/salas_2024_1.csv,./dados/2024_1/salas_preferenciais_2024.1.xlsx,/Users/robertdrey/Documents/workspace/development/alocador_de_salas,resultados/experimentos/2024_1/novas_hibridas/combinada_exat_2_dia_turno/melhor_solucao_seed42.sol,resultados/experimentos/2024_1/novas_hibridas/combinada_exat_2_dia_turno/historico_seed42.csv,resultados/experimentos/2024_1/novas_hibridas/combinada_exat_2_dia_turno/historico_seed42.json,combinada,cursos_exat_2 -> dia_turno_curso,qualquer_melhoria_na_passada,180.0,1,180.0,600.0,1,0,TEMPO_TOTAL,,,
1,1,49,par_cursos,PED+AGRO,107,21528,73462,OPTIMAL,185943.0,185943.0,False,185943.0,47.31,46.9,600.0,PED,AGRO,aleatoria,42,49,cursos_exat_2,49,49,True,TEMPO_TOTAL,iteracao,combinada_cursos_exat_2_dia_turno_curso,180.0,180.0,600.0,14400.0,False,False,aleatoria,42,aleatoria,42,./dados/2024_1/horarios_2024_1.xlsx,./dados/2024_1/salas_2024_1.csv,./dados/2024_1/salas_preferenciais_2024.1.xlsx,/Users/robertdrey/Documents/workspace/development/alocador_de_salas,resultados/experimentos/2024_1/novas_hibridas/combinada_exat_2_dia_turno/melhor_solucao_seed42.sol,resultados/experimentos/2024_1/novas_hibridas/combinada_exat_2_dia_turno/historico_seed42.csv,resultados/experimentos/2024_1/novas_hibridas/combinada_exat_2_dia_turno/historico_seed42.json,combinada,cursos_exat_2 -> dia_turno_curso,qualquer_melhoria_na_passada,180.0,1,180.0,600.0,1,0,TEMPO_TOTAL,,,
1,1,50,par_cursos,PED+MAT,79,17756,77234,OPTIMAL,185943.0,185943.0,False,185943.0,62.48,62.14,600.0,PED,MAT,aleatoria,42,50,cursos_exat_2,50,50,True,TEMPO_TOTAL,iteracao,combinada_cursos_exat_2_dia_turno_curso,180.0,180.0,600.0,14400.0,False,False,aleatoria,42,aleatoria,42,./dados/2024_1/horarios_2024_1.xlsx,./dados/2024_1/salas_2024_1.csv,./dados/2024_1/salas_preferenciais_2024.1.xlsx,/Users/robertdrey/Documents/workspace/development/alocador_de_salas,resultados/experimentos/2024_1/novas_hibridas/combinada_exat_2_dia_turno/melhor_solucao_seed42.sol,resultados/experimentos/2024_1/novas_hibridas/combinada_exat_2_dia_turno/historico_seed42.csv,resultados/experimentos/2024_1/novas_hibridas/combinada_exat_2_dia_turno/historico_seed42.json,combinada,cursos_exat_2 -> dia_turno_curso,qualquer_melhoria_na_passada,180.0,1,180.0,600.0,1,0,TEMPO_TOTAL,,,
1,1,51,par_cursos,ENF+MED,59,17894,77096,OPTIMAL,185943.0,185943.0,False,185943.0,23.15,22.81,600.0,ENF,MED,aleatoria,42,51,cursos_exat_2,51,51,True,TEMPO_TOTAL,iteracao,combinada_cursos_exat_2_dia_turno_curso,180.0,180.0,600.0,14400.0,False,False,aleatoria,42,aleatoria,42,./dados/2024_1/horarios_2024_1.xlsx,./dados/2024_1/salas_2024_1.csv,./dados/2024_1/salas_preferenciais_2024.1.xlsx,/Users/robertdrey/Documents/workspace/development/alocador_de_salas,resultados/experimentos/2024_1/novas_hibridas/combinada_exat_2_dia_turno/melhor_solucao_seed42.sol,resultados/experimentos/2024_1/novas_hibridas/combinada_exat_2_dia_turno/historico_seed42.csv,resultados/experimentos/2024_1/novas_hibridas/combinada_exat_2_dia_turno/historico_seed42.json,combinada,cursos_exat_2 -> dia_turno_curso,qualquer_melhoria_na_passada,180.0,1,180.0,600.0,1,0,TEMPO_TOTAL,,,
1,1,52,par_cursos,ENF+HIS,42,13294,81696,OPTIMAL,185943.0,185943.0,False,185943.0,2.02,1.68,600.0,ENF,HIS,aleatoria,42,52,cursos_exat_2,52,52,True,TEMPO_TOTAL,iteracao,combinada_cursos_exat_2_dia_turno_curso,180.0,180.0,600.0,14400.0,False,False,aleatoria,42,aleatoria,42,./dados/2024_1/horarios_2024_1.xlsx,./dados/2024_1/salas_2024_1.csv,./dados/2024_1/salas_preferenciais_2024.1.xlsx,/Users/robertdrey/Documents/workspace/development/alocador_de_salas,resultados/experimentos/2024_1/novas_hibridas/combinada_exat_2_dia_turno/melhor_solucao_seed42.sol,resultados/experimentos/2024_1/novas_hibridas/combinada_exat_2_dia_turno/historico_seed42.csv,resultados/experimentos/2024_1/novas_hibridas/combinada_exat_2_dia_turno/historico_seed42.json,combinada,cursos_exat_2 -> dia_turno_curso,qualquer_melhoria_na_passada,180.0,1,180.0,600.0,1,0,TEMPO_TOTAL,,,
1,1,53,par_cursos,ENF+CS,40,13064,81926,OPTIMAL,185943.0,185943.0,False,185943.0,2.27,1.93,600.0,ENF,CS,aleatoria,42,53,cursos_exat_2,53,53,True,TEMPO_TOTAL,iteracao,combinada_cursos_exat_2_dia_turno_curso,180.0,180.0,600.0,14400.0,False,False,aleatoria,42,aleatoria,42,./dados/2024_1/horarios_2024_1.xlsx,./dados/2024_1/salas_2024_1.csv,./dados/2024_1/salas_preferenciais_2024.1.xlsx,/Users/robertdrey/Documents/workspace/development/alocador_de_salas,resultados/experimentos/2024_1/novas_hibridas/combinada_exat_2_dia_turno/melhor_solucao_seed42.sol,resultados/experimentos/2024_1/novas_hibridas/combinada_exat_2_dia_turno/historico_seed42.csv,resultados/experimentos/2024_1/novas_hibridas/combinada_exat_2_dia_turno/historico_seed42.json,combinada,cursos_exat_2 -> dia_turno_curso,qualquer_melhoria_na_passada,180.0,1,180.0,600.0,1,0,TEMPO_TOTAL,,,
1,1,54,par_cursos,ENF+EAS,63,15962,79028,OPTIMAL,185943.0,185943.0,False,185943.0,10.77,10.41,600.0,ENF,EAS,aleatoria,42,54,cursos_exat_2,54,54,True,TEMPO_TOTAL,iteracao,combinada_cursos_exat_2_dia_turno_curso,180.0,180.0,600.0,14400.0,False,False,aleatoria,42,aleatoria,42,./dados/2024_1/horarios_2024_1.xlsx,./dados/2024_1/salas_2024_1.csv,./dados/2024_1/salas_preferenciais_2024.1.xlsx,/Users/robertdrey/Documents/workspace/development/alocador_de_salas,resultados/experimentos/2024_1/novas_hibridas/combinada_exat_2_dia_turno/melhor_solucao_seed42.sol,resultados/experimentos/2024_1/novas_hibridas/combinada_exat_2_dia_turno/historico_seed42.csv,resultados/experimentos/2024_1/novas_hibridas/combinada_exat_2_dia_turno/historico_seed42.json,combinada,cursos_exat_2 -> dia_turno_curso,qualquer_melhoria_na_passada,180.0,1,180.0,600.0,1,0,TEMPO_TOTAL,,,
1,1,55,par_cursos,ENF+ADM,66,17802,77188,OPTIMAL,185943.0,185943.0,False,185943.0,9.19,8.82,600.0,ENF,ADM,aleatoria,42,55,cursos_exat_2,55,55,True,TEMPO_TOTAL,iteracao,combinada_cursos_exat_2_dia_turno_curso,180.0,180.0,600.0,14400.0,False,False,aleatoria,42,aleatoria,42,./dados/2024_1/horarios_2024_1.xlsx,./dados/2024_1/salas_2024_1.csv,./dados/2024_1/salas_preferenciais_2024.1.xlsx,/Users/robertdrey/Documents/workspace/development/alocador_de_salas,resultados/experimentos/2024_1/novas_hibridas/combinada_exat_2_dia_turno/melhor_solucao_seed42.sol,resultados/experimentos/2024_1/novas_hibridas/combinada_exat_2_dia_turno/historico_seed42.csv,resultados/experimentos/2024_1/novas_hibridas/combinada_exat_2_dia_turno/historico_seed42.json,combinada,cursos_exat_2 -> dia_turno_curso,qualquer_melhoria_na_passada,180.0,1,180.0,600.0,1,0,TEMPO_TOTAL,,,
1,1,56,par_cursos,ENF+AGRO,69,17250,77740,OPTIMAL,185943.0,185943.0,False,185943.0,306.5,306.13,600.0,ENF,AGRO,aleatoria,42,56,cursos_exat_2,56,56,True,TEMPO_TOTAL,iteracao,combinada_cursos_exat_2_dia_turno_curso,180.0,180.0,600.0,14400.0,False,False,aleatoria,42,aleatoria,42,./dados/2024_1/horarios_2024_1.xlsx,./dados/2024_1/salas_2024_1.csv,./dados/2024_1/salas_preferenciais_2024.1.xlsx,/Users/robertdrey/Documents/workspace/development/alocador_de_salas,resultados/experimentos/2024_1/novas_hibridas/combinada_exat_2_dia_turno/melhor_solucao_seed42.sol,resultados/experimentos/2024_1/novas_hibridas/combinada_exat_2_dia_turno/historico_seed42.csv,resultados/experimentos/2024_1/novas_hibridas/combinada_exat_2_dia_turno/historico_seed42.json,combinada,cursos_exat_2 -> dia_turno_curso,qualquer_melhoria_na_passada,180.0,1,180.0,600.0,1,0,TEMPO_TOTAL,,,
1,1,57,par_cursos,ENF+MAT,41,13478,81512,OPTIMAL,185943.0,185943.0,False,185943.0,6.68,6.33,600.0,ENF,MAT,aleatoria,42,57,cursos_exat_2,57,57,True,TEMPO_TOTAL,iteracao,combinada_cursos_exat_2_dia_turno_curso,180.0,180.0,600.0,14400.0,False,False,aleatoria,42,aleatoria,42,./dados/2024_1/horarios_2024_1.xlsx,./dados/2024_1/salas_2024_1.csv,./dados/2024_1/salas_preferenciais_2024.1.xlsx,/Users/robertdrey/Documents/workspace/development/alocador_de_salas,resultados/experimentos/2024_1/novas_hibridas/combinada_exat_2_dia_turno/melhor_solucao_seed42.sol,resultados/experimentos/2024_1/novas_hibridas/combinada_exat_2_dia_turno/historico_seed42.csv,resultados/experimentos/2024_1/novas_hibridas/combinada_exat_2_dia_turno/historico_seed42.json,combinada,cursos_exat_2 -> dia_turno_curso,qualquer_melhoria_na_passada,180.0,1,180.0,600.0,1,0,TEMPO_TOTAL,,,
1,1,58,par_cursos,MED+HIS,65,14168,80822,OPTIMAL,185943.0,185943.0,False,185943.0,1.44,1.11,600.0,MED,HIS,aleatoria,42,58,cursos_exat_2,58,58,True,TEMPO_TOTAL,iteracao,combinada_cursos_exat_2_dia_turno_curso,180.0,180.0,600.0,14400.0,False,False,aleatoria,42,aleatoria,42,./dados/2024_1/horarios_2024_1.xlsx,./dados/2024_1/salas_2024_1.csv,./dados/2024_1/salas_preferenciais_2024.1.xlsx,/Users/robertdrey/Documents/workspace/development/alocador_de_salas,resultados/experimentos/2024_1/novas_hibridas/combinada_exat_2_dia_turno/melhor_solucao_seed42.sol,resultados/experimentos/2024_1/novas_hibridas/combinada_exat_2_dia_turno/historico_seed42.csv,resultados/experimentos/2024_1/novas_hibridas/combinada_exat_2_dia_turno/historico_seed42.json,combinada,cursos_exat_2 -> dia_turno_curso,qualquer_melhoria_na_passada,180.0,1,180.0,600.0,1,0,TEMPO_TOTAL,,,
1,1,59,par_cursos,MED+CS,63,13938,81052,OPTIMAL,185943.0,185943.0,False,185943.0,1.4,1.09,600.0,MED,CS,aleatoria,42,59,cursos_exat_2,59,59,True,TEMPO_TOTAL,iteracao,combinada_cursos_exat_2_dia_turno_curso,180.0,180.0,600.0,14400.0,False,False,aleatoria,42,aleatoria,42,./dados/2024_1/horarios_2024_1.xlsx,./dados/2024_1/salas_2024_1.csv,./dados/2024_1/salas_preferenciais_2024.1.xlsx,/Users/robertdrey/Documents/workspace/development/alocador_de_salas,resultados/experimentos/2024_1/novas_hibridas/combinada_exat_2_dia_turno/melhor_solucao_seed42.sol,resultados/experimentos/2024_1/novas_hibridas/combinada_exat_2_dia_turno/historico_seed42.csv,resultados/experimentos/2024_1/novas_hibridas/combinada_exat_2_dia_turno/historico_seed42.json,combinada,cursos_exat_2 -> dia_turno_curso,qualquer_melhoria_na_passada,180.0,1,180.0,600.0,1,0,TEMPO_TOTAL,,,
1,1,60,par_cursos,MED+EAS,86,16836,78154,OPTIMAL,185943.0,185943.0,False,185943.0,2.25,1.92,600.0,MED,EAS,aleatoria,42,60,cursos_exat_2,60,60,True,TEMPO_TOTAL,iteracao,combinada_cursos_exat_2_dia_turno_curso,180.0,180.0,600.0,14400.0,False,False,aleatoria,42,aleatoria,42,./dados/2024_1/horarios_2024_1.xlsx,./dados/2024_1/salas_2024_1.csv,./dados/2024_1/salas_preferenciais_2024.1.xlsx,/Users/robertdrey/Documents/workspace/development/alocador_de_salas,resultados/experimentos/2024_1/novas_hibridas/combinada_exat_2_dia_turno/melhor_solucao_seed42.sol,resultados/experimentos/2024_1/novas_hibridas/combinada_exat_2_dia_turno/historico_seed42.csv,resultados/experimentos/2024_1/novas_hibridas/combinada_exat_2_dia_turno/historico_seed42.json,combinada,cursos_exat_2 -> dia_turno_curso,qualquer_melhoria_na_passada,180.0,1,180.0,600.0,1,0,TEMPO_TOTAL,,,
1,1,61,par_cursos,MED+ADM,89,18676,76314,OPTIMAL,185943.0,185943.0,False,185943.0,2.0,1.66,600.0,MED,ADM,aleatoria,42,61,cursos_exat_2,61,61,True,TEMPO_TOTAL,iteracao,combinada_cursos_exat_2_dia_turno_curso,180.0,180.0,600.0,14400.0,False,False,aleatoria,42,aleatoria,42,./dados/2024_1/horarios_2024_1.xlsx,./dados/2024_1/salas_2024_1.csv,./dados/2024_1/salas_preferenciais_2024.1.xlsx,/Users/robertdrey/Documents/workspace/development/alocador_de_salas,resultados/experimentos/2024_1/novas_hibridas/combinada_exat_2_dia_turno/melhor_solucao_seed42.sol,resultados/experimentos/2024_1/novas_hibridas/combinada_exat_2_dia_turno/historico_seed42.csv,resultados/experimentos/2024_1/novas_hibridas/combinada_exat_2_dia_turno/historico_seed42.json,combinada,cursos_exat_2 -> dia_turno_curso,qualquer_melhoria_na_passada,180.0,1,180.0,600.0,1,0,TEMPO_TOTAL,,,
1,1,62,par_cursos,MED+AGRO,92,18124,76866,TIME_LIMIT,185943.0,185943.0,False,185943.0,600.39,600.04,600.0,MED,AGRO,aleatoria,42,62,cursos_exat_2,62,62,True,TEMPO_TOTAL,iteracao,combinada_cursos_exat_2_dia_turno_curso,180.0,180.0,600.0,14400.0,False,False,aleatoria,42,aleatoria,42,./dados/2024_1/horarios_2024_1.xlsx,./dados/2024_1/salas_2024_1.csv,./dados/2024_1/salas_preferenciais_2024.1.xlsx,/Users/robertdrey/Documents/workspace/development/alocador_de_salas,resultados/experimentos/2024_1/novas_hibridas/combinada_exat_2_dia_turno/melhor_solucao_seed42.sol,resultados/experimentos/2024_1/novas_hibridas/combinada_exat_2_dia_turno/historico_seed42.csv,resultados/experimentos/2024_1/novas_hibridas/combinada_exat_2_dia_turno/historico_seed42.json,combinada,cursos_exat_2 -> dia_turno_curso,qualquer_melhoria_na_passada,180.0,1,180.0,600.0,1,0,TEMPO_TOTAL,,,
1,1,63,par_cursos,MED+MAT,64,14352,80638,OPTIMAL,185943.0,185943.0,False,185943.0,1.54,1.17,600.0,MED,MAT,aleatoria,42,63,cursos_exat_2,63,63,True,TEMPO_TOTAL,iteracao,combinada_cursos_exat_2_dia_turno_curso,180.0,180.0,600.0,14400.0,False,False,aleatoria,42,aleatoria,42,./dados/2024_1/horarios_2024_1.xlsx,./dados/2024_1/salas_2024_1.csv,./dados/2024_1/salas_preferenciais_2024.1.xlsx,/Users/robertdrey/Documents/workspace/development/alocador_de_salas,resultados/experimentos/2024_1/novas_hibridas/combinada_exat_2_dia_turno/melhor_solucao_seed42.sol,resultados/experimentos/2024_1/novas_hibridas/combinada_exat_2_dia_turno/historico_seed42.csv,resultados/experimentos/2024_1/novas_hibridas/combinada_exat_2_dia_turno/historico_seed42.json,combinada,cursos_exat_2 -> dia_turno_curso,qualquer_melhoria_na_passada,180.0,1,180.0,600.0,1,0,TEMPO_TOTAL,,,
1,1,64,par_cursos,HIS+CS,46,9338,85652,OPTIMAL,185943.0,185943.0,False,185943.0,0.85,0.53,600.0,HIS,CS,aleatoria,42,64,cursos_exat_2,64,64,True,TEMPO_TOTAL,iteracao,combinada_cursos_exat_2_dia_turno_curso,180.0,180.0,600.0,14400.0,False,False,aleatoria,42,aleatoria,42,./dados/2024_1/horarios_2024_1.xlsx,./dados/2024_1/salas_2024_1.csv,./dados/2024_1/salas_preferenciais_2024.1.xlsx,/Users/robertdrey/Documents/workspace/development/alocador_de_salas,resultados/experimentos/2024_1/novas_hibridas/combinada_exat_2_dia_turno/melhor_solucao_seed42.sol,resultados/experimentos/2024_1/novas_hibridas/combinada_exat_2_dia_turno/historico_seed42.csv,resultados/experimentos/2024_1/novas_hibridas/combinada_exat_2_dia_turno/historico_seed42.json,combinada,cursos_exat_2 -> dia_turno_curso,qualquer_melhoria_na_passada,180.0,1,180.0,600.0,1,0,TEMPO_TOTAL,,,
1,1,65,par_cursos,HIS+EAS,69,12236,82754,OPTIMAL,185943.0,185943.0,False,185943.0,0.82,0.52,600.0,HIS,EAS,aleatoria,42,65,cursos_exat_2,65,65,True,TEMPO_TOTAL,iteracao,combinada_cursos_exat_2_dia_turno_curso,180.0,180.0,600.0,14400.0,False,False,aleatoria,42,aleatoria,42,./dados/2024_1/horarios_2024_1.xlsx,./dados/2024_1/salas_2024_1.csv,./dados/2024_1/salas_preferenciais_2024.1.xlsx,/Users/robertdrey/Documents/workspace/development/alocador_de_salas,resultados/experimentos/2024_1/novas_hibridas/combinada_exat_2_dia_turno/melhor_solucao_seed42.sol,resultados/experimentos/2024_1/novas_hibridas/combinada_exat_2_dia_turno/historico_seed42.csv,resultados/experimentos/2024_1/novas_hibridas/combinada_exat_2_dia_turno/historico_seed42.json,combinada,cursos_exat_2 -> dia_turno_curso,qualquer_melhoria_na_passada,180.0,1,180.0,600.0,1,0,TEMPO_TOTAL,,,
1,1,66,par_cursos,HIS+ADM,72,14076,80914,OPTIMAL,185943.0,185943.0,False,185943.0,1.13,0.81,600.0,HIS,ADM,aleatoria,42,66,cursos_exat_2,66,66,True,TEMPO_TOTAL,iteracao,combinada_cursos_exat_2_dia_turno_curso,180.0,180.0,600.0,14400.0,False,False,aleatoria,42,aleatoria,42,./dados/2024_1/horarios_2024_1.xlsx,./dados/2024_1/salas_2024_1.csv,./dados/2024_1/salas_preferenciais_2024.1.xlsx,/Users/robertdrey/Documents/workspace/development/alocador_de_salas,resultados/experimentos/2024_1/novas_hibridas/combinada_exat_2_dia_turno/melhor_solucao_seed42.sol,resultados/experimentos/2024_1/novas_hibridas/combinada_exat_2_dia_turno/historico_seed42.csv,resultados/experimentos/2024_1/novas_hibridas/combinada_exat_2_dia_turno/historico_seed42.json,combinada,cursos_exat_2 -> dia_turno_curso,qualquer_melhoria_na_passada,180.0,1,180.0,600.0,1,0,TEMPO_TOTAL,,,
1,1,67,par_cursos,HIS+AGRO,75,13524,81466,OPTIMAL,185943.0,185943.0,False,185943.0,5.04,4.69,600.0,HIS,AGRO,aleatoria,42,67,cursos_exat_2,67,67,True,TEMPO_TOTAL,iteracao,combinada_cursos_exat_2_dia_turno_curso,180.0,180.0,600.0,14400.0,False,False,aleatoria,42,aleatoria,42,./dados/2024_1/horarios_2024_1.xlsx,./dados/2024_1/salas_2024_1.csv,./dados/2024_1/salas_preferenciais_2024.1.xlsx,/Users/robertdrey/Documents/workspace/development/alocador_de_salas,resultados/experimentos/2024_1/novas_hibridas/combinada_exat_2_dia_turno/melhor_solucao_seed42.sol,resultados/experimentos/2024_1/novas_hibridas/combinada_exat_2_dia_turno/historico_seed42.csv,resultados/experimentos/2024_1/novas_hibridas/combinada_exat_2_dia_turno/historico_seed42.json,combinada,cursos_exat_2 -> dia_turno_curso,qualquer_melhoria_na_passada,180.0,1,180.0,600.0,1,0,TEMPO_TOTAL,,,
1,1,68,par_cursos,HIS+MAT,47,9752,85238,OPTIMAL,185943.0,185943.0,False,185943.0,1.24,0.81,600.0,HIS,MAT,aleatoria,42,68,cursos_exat_2,68,68,True,TEMPO_TOTAL,iteracao,combinada_cursos_exat_2_dia_turno_curso,180.0,180.0,600.0,14400.0,False,False,aleatoria,42,aleatoria,42,./dados/2024_1/horarios_2024_1.xlsx,./dados/2024_1/salas_2024_1.csv,./dados/2024_1/salas_preferenciais_2024.1.xlsx,/Users/robertdrey/Documents/workspace/development/alocador_de_salas,resultados/experimentos/2024_1/novas_hibridas/combinada_exat_2_dia_turno/melhor_solucao_seed42.sol,resultados/experimentos/2024_1/novas_hibridas/combinada_exat_2_dia_turno/historico_seed42.csv,resultados/experimentos/2024_1/novas_hibridas/combinada_exat_2_dia_turno/historico_seed42.json,combinada,cursos_exat_2 -> dia_turno_curso,qualquer_melhoria_na_passada,180.0,1,180.0,600.0,1,0,TEMPO_TOTAL,,,
1,1,69,par_cursos,CS+EAS,67,12006,82984,OPTIMAL,185943.0,185943.0,False,185943.0,0.85,0.49,600.0,CS,EAS,aleatoria,42,69,cursos_exat_2,69,69,True,TEMPO_TOTAL,iteracao,combinada_cursos_exat_2_dia_turno_curso,180.0,180.0,600.0,14400.0,False,False,aleatoria,42,aleatoria,42,./dados/2024_1/horarios_2024_1.xlsx,./dados/2024_1/salas_2024_1.csv,./dados/2024_1/salas_preferenciais_2024.1.xlsx,/Users/robertdrey/Documents/workspace/development/alocador_de_salas,resultados/experimentos/2024_1/novas_hibridas/combinada_exat_2_dia_turno/melhor_solucao_seed42.sol,resultados/experimentos/2024_1/novas_hibridas/combinada_exat_2_dia_turno/historico_seed42.csv,resultados/experimentos/2024_1/novas_hibridas/combinada_exat_2_dia_turno/historico_seed42.json,combinada,cursos_exat_2 -> dia_turno_curso,qualquer_melhoria_na_passada,180.0,1,180.0,600.0,1,0,TEMPO_TOTAL,,,
1,1,70,par_cursos,CS+ADM,70,13846,81144,OPTIMAL,185943.0,185943.0,False,185943.0,1.33,0.98,600.0,CS,ADM,aleatoria,42,70,cursos_exat_2,70,70,True,TEMPO_TOTAL,iteracao,combinada_cursos_exat_2_dia_turno_curso,180.0,180.0,600.0,14400.0,False,False,aleatoria,42,aleatoria,42,./dados/2024_1/horarios_2024_1.xlsx,./dados/2024_1/salas_2024_1.csv,./dados/2024_1/salas_preferenciais_2024.1.xlsx,/Users/robertdrey/Documents/workspace/development/alocador_de_salas,resultados/experimentos/2024_1/novas_hibridas/combinada_exat_2_dia_turno/melhor_solucao_seed42.sol,resultados/experimentos/2024_1/novas_hibridas/combinada_exat_2_dia_turno/historico_seed42.csv,resultados/experimentos/2024_1/novas_hibridas/combinada_exat_2_dia_turno/historico_seed42.json,combinada,cursos_exat_2 -> dia_turno_curso,qualquer_melhoria_na_passada,180.0,1,180.0,600.0,1,0,TEMPO_TOTAL,,,
1,1,71,par_cursos,CS+AGRO,73,13294,81696,OPTIMAL,185943.0,185938.0,True,185938.0,5.57,5.22,600.0,CS,AGRO,aleatoria,42,71,cursos_exat_2,71,71,True,TEMPO_TOTAL,iteracao,combinada_cursos_exat_2_dia_turno_curso,180.0,180.0,600.0,14400.0,False,False,aleatoria,42,aleatoria,42,./dados/2024_1/horarios_2024_1.xlsx,./dados/2024_1/salas_2024_1.csv,./dados/2024_1/salas_preferenciais_2024.1.xlsx,/Users/robertdrey/Documents/workspace/development/alocador_de_salas,resultados/experimentos/2024_1/novas_hibridas/combinada_exat_2_dia_turno/melhor_solucao_seed42.sol,resultados/experimentos/2024_1/novas_hibridas/combinada_exat_2_dia_turno/historico_seed42.csv,resultados/experimentos/2024_1/novas_hibridas/combinada_exat_2_dia_turno/historico_seed42.json,combinada,cursos_exat_2 -> dia_turno_curso,qualquer_melhoria_na_passada,180.0,1,180.0,600.0,1,0,TEMPO_TOTAL,,,
1,1,72,par_cursos,CS+MAT,45,9522,85468,OPTIMAL,185938.0,185938.0,False,185938.0,0.93,0.6,600.0,CS,MAT,aleatoria,42,72,cursos_exat_2,72,72,True,TEMPO_TOTAL,iteracao,combinada_cursos_exat_2_dia_turno_curso,180.0,180.0,600.0,14400.0,False,False,aleatoria,42,aleatoria,42,./dados/2024_1/horarios_2024_1.xlsx,./dados/2024_1/salas_2024_1.csv,./dados/2024_1/salas_preferenciais_2024.1.xlsx,/Users/robertdrey/Documents/workspace/development/alocador_de_salas,resultados/experimentos/2024_1/novas_hibridas/combinada_exat_2_dia_turno/melhor_solucao_seed42.sol,resultados/experimentos/2024_1/novas_hibridas/combinada_exat_2_dia_turno/historico_seed42.csv,resultados/experimentos/2024_1/novas_hibridas/combinada_exat_2_dia_turno/historico_seed42.json,combinada,cursos_exat_2 -> dia_turno_curso,qualquer_melhoria_na_passada,180.0,1,180.0,600.0,1,0,TEMPO_TOTAL,,,
1,1,73,par_cursos,EAS+ADM,93,16744,78246,OPTIMAL,185938.0,185938.0,False,185938.0,1.39,1.06,600.0,EAS,ADM,aleatoria,42,73,cursos_exat_2,73,73,True,TEMPO_TOTAL,iteracao,combinada_cursos_exat_2_dia_turno_curso,180.0,180.0,600.0,14400.0,False,False,aleatoria,42,aleatoria,42,./dados/2024_1/horarios_2024_1.xlsx,./dados/2024_1/salas_2024_1.csv,./dados/2024_1/salas_preferenciais_2024.1.xlsx,/Users/robertdrey/Documents/workspace/development/alocador_de_salas,resultados/experimentos/2024_1/novas_hibridas/combinada_exat_2_dia_turno/melhor_solucao_seed42.sol,resultados/experimentos/2024_1/novas_hibridas/combinada_exat_2_dia_turno/historico_seed42.csv,resultados/experimentos/2024_1/novas_hibridas/combinada_exat_2_dia_turno/historico_seed42.json,combinada,cursos_exat_2 -> dia_turno_curso,qualquer_melhoria_na_passada,180.0,1,180.0,600.0,1,0,TEMPO_TOTAL,,,
1,1,74,par_cursos,EAS+AGRO,96,16192,78798,OPTIMAL,185938.0,185938.0,False,185938.0,7.61,7.25,600.0,EAS,AGRO,aleatoria,42,74,cursos_exat_2,74,74,True,TEMPO_TOTAL,iteracao,combinada_cursos_exat_2_dia_turno_curso,180.0,180.0,600.0,14400.0,False,False,aleatoria,42,aleatoria,42,./dados/2024_1/horarios_2024_1.xlsx,./dados/2024_1/salas_2024_1.csv,./dados/2024_1/salas_preferenciais_2024.1.xlsx,/Users/robertdrey/Documents/workspace/development/alocador_de_salas,resultados/experimentos/2024_1/novas_hibridas/combinada_exat_2_dia_turno/melhor_solucao_seed42.sol,resultados/experimentos/2024_1/novas_hibridas/combinada_exat_2_dia_turno/historico_seed42.csv,resultados/experimentos/2024_1/novas_hibridas/combinada_exat_2_dia_turno/historico_seed42.json,combinada,cursos_exat_2 -> dia_turno_curso,qualquer_melhoria_na_passada,180.0,1,180.0,600.0,1,0,TEMPO_TOTAL,,,
1,1,75,par_cursos,EAS+MAT,68,12420,82570,OPTIMAL,185938.0,185928.0,True,185928.0,1.24,0.89,600.0,EAS,MAT,aleatoria,42,75,cursos_exat_2,75,75,True,TEMPO_TOTAL,iteracao,combinada_cursos_exat_2_dia_turno_curso,180.0,180.0,600.0,14400.0,False,False,aleatoria,42,aleatoria,42,./dados/2024_1/horarios_2024_1.xlsx,./dados/2024_1/salas_2024_1.csv,./dados/2024_1/salas_preferenciais_2024.1.xlsx,/Users/robertdrey/Documents/workspace/development/alocador_de_salas,resultados/experimentos/2024_1/novas_hibridas/combinada_exat_2_dia_turno/melhor_solucao_seed42.sol,resultados/experimentos/2024_1/novas_hibridas/combinada_exat_2_dia_turno/historico_seed42.csv,resultados/experimentos/2024_1/novas_hibridas/combinada_exat_2_dia_turno/historico_seed42.json,combinada,cursos_exat_2 -> dia_turno_curso,qualquer_melhoria_na_passada,180.0,1,180.0,600.0,1,0,TEMPO_TOTAL,,,
1,1,76,par_cursos,ADM+AGRO,99,18032,76958,OPTIMAL,185928.0,185928.0,False,185928.0,7.91,7.56,600.0,ADM,AGRO,aleatoria,42,76,cursos_exat_2,76,76,True,TEMPO_TOTAL,iteracao,combinada_cursos_exat_2_dia_turno_curso,180.0,180.0,600.0,14400.0,False,False,aleatoria,42,aleatoria,42,./dados/2024_1/horarios_2024_1.xlsx,./dados/2024_1/salas_2024_1.csv,./dados/2024_1/salas_preferenciais_2024.1.xlsx,/Users/robertdrey/Documents/workspace/development/alocador_de_salas,resultados/experimentos/2024_1/novas_hibridas/combinada_exat_2_dia_turno/melhor_solucao_seed42.sol,resultados/experimentos/2024_1/novas_hibridas/combinada_exat_2_dia_turno/historico_seed42.csv,resultados/experimentos/2024_1/novas_hibridas/combinada_exat_2_dia_turno/historico_seed42.json,combinada,cursos_exat_2 -> dia_turno_curso,qualquer_melhoria_na_passada,180.0,1,180.0,600.0,1,0,TEMPO_TOTAL,,,
1,1,77,par_cursos,ADM+MAT,71,14260,80730,OPTIMAL,185928.0,185928.0,False,185928.0,1.15,0.81,600.0,ADM,MAT,aleatoria,42,77,cursos_exat_2,77,77,True,TEMPO_TOTAL,iteracao,combinada_cursos_exat_2_dia_turno_curso,180.0,180.0,600.0,14400.0,False,False,aleatoria,42,aleatoria,42,./dados/2024_1/horarios_2024_1.xlsx,./dados/2024_1/salas_2024_1.csv,./dados/2024_1/salas_preferenciais_2024.1.xlsx,/Users/robertdrey/Documents/workspace/development/alocador_de_salas,resultados/experimentos/2024_1/novas_hibridas/combinada_exat_2_dia_turno/melhor_solucao_seed42.sol,resultados/experimentos/2024_1/novas_hibridas/combinada_exat_2_dia_turno/historico_seed42.csv,resultados/experimentos/2024_1/novas_hibridas/combinada_exat_2_dia_turno/historico_seed42.json,combinada,cursos_exat_2 -> dia_turno_curso,qualquer_melhoria_na_passada,180.0,1,180.0,600.0,1,0,TEMPO_TOTAL,,,
1,1,78,par_cursos,AGRO+MAT,74,13708,81282,OPTIMAL,185928.0,185928.0,False,185928.0,5.4,5.07,600.0,AGRO,MAT,aleatoria,42,78,cursos_exat_2,78,78,True,TEMPO_TOTAL,iteracao,combinada_cursos_exat_2_dia_turno_curso,180.0,180.0,600.0,14400.0,False,False,aleatoria,42,aleatoria,42,./dados/2024_1/horarios_2024_1.xlsx,./dados/2024_1/salas_2024_1.csv,./dados/2024_1/salas_preferenciais_2024.1.xlsx,/Users/robertdrey/Documents/workspace/development/alocador_de_salas,resultados/experimentos/2024_1/novas_hibridas/combinada_exat_2_dia_turno/melhor_solucao_seed42.sol,resultados/experimentos/2024_1/novas_hibridas/combinada_exat_2_dia_turno/historico_seed42.csv,resultados/experimentos/2024_1/novas_hibridas/combinada_exat_2_dia_turno/historico_seed42.json,combinada,cursos_exat_2 -> dia_turno_curso,qualquer_melhoria_na_passada,180.0,1,180.0,600.0,1,0,TEMPO_TOTAL,,,
1,1,79,dia_turno_curso,2_M_ADM,81,18538,76452,OPTIMAL,185928.0,185928.0,False,185928.0,2.06,1.71,600.0,,,alfabetica,,,dia_turno_curso,79,1,True,TEMPO_TOTAL,iteracao,combinada_cursos_exat_2_dia_turno_curso,180.0,180.0,600.0,14400.0,False,False,aleatoria,42,aleatoria,42,./dados/2024_1/horarios_2024_1.xlsx,./dados/2024_1/salas_2024_1.csv,./dados/2024_1/salas_preferenciais_2024.1.xlsx,/Users/robertdrey/Documents/workspace/development/alocador_de_salas,resultados/experimentos/2024_1/novas_hibridas/combinada_exat_2_dia_turno/melhor_solucao_seed42.sol,resultados/experimentos/2024_1/novas_hibridas/combinada_exat_2_dia_turno/historico_seed42.csv,resultados/experimentos/2024_1/novas_hibridas/combinada_exat_2_dia_turno/historico_seed42.json,combinada,cursos_exat_2 -> dia_turno_curso,qualquer_melhoria_na_passada,180.0,1,180.0,600.0,1,0,TEMPO_TOTAL,2,M,ADM
1,1,80,dia_turno_curso,2_M_AGRO,82,17250,77740,OPTIMAL,185928.0,185928.0,False,185928.0,9.35,8.99,600.0,,,alfabetica,,,dia_turno_curso,80,2,True,TEMPO_TOTAL,iteracao,combinada_cursos_exat_2_dia_turno_curso,180.0,180.0,600.0,14400.0,False,False,aleatoria,42,aleatoria,42,./dados/2024_1/horarios_2024_1.xlsx,./dados/2024_1/salas_2024_1.csv,./dados/2024_1/salas_preferenciais_2024.1.xlsx,/Users/robertdrey/Documents/workspace/development/alocador_de_salas,resultados/experimentos/2024_1/novas_hibridas/combinada_exat_2_dia_turno/melhor_solucao_seed42.sol,resultados/experimentos/2024_1/novas_hibridas/combinada_exat_2_dia_turno/historico_seed42.csv,resultados/experimentos/2024_1/novas_hibridas/combinada_exat_2_dia_turno/historico_seed42.json,combinada,cursos_exat_2 -> dia_turno_curso,qualquer_melhoria_na_passada,180.0,1,180.0,600.0,1,0,TEMPO_TOTAL,2,M,AGRO
1,1,81,dia_turno_curso,2_M_EAS,73,16238,78752,OPTIMAL,185928.0,185928.0,False,185928.0,2.42,2.08,600.0,,,alfabetica,,,dia_turno_curso,81,3,True,TEMPO_TOTAL,iteracao,combinada_cursos_exat_2_dia_turno_curso,180.0,180.0,600.0,14400.0,False,False,aleatoria,42,aleatoria,42,./dados/2024_1/horarios_2024_1.xlsx,./dados/2024_1/salas_2024_1.csv,./dados/2024_1/salas_preferenciais_2024.1.xlsx,/Users/robertdrey/Documents/workspace/development/alocador_de_salas,resultados/experimentos/2024_1/novas_hibridas/combinada_exat_2_dia_turno/melhor_solucao_seed42.sol,resultados/experimentos/2024_1/novas_hibridas/combinada_exat_2_dia_turno/historico_seed42.csv,resultados/experimentos/2024_1/novas_hibridas/combinada_exat_2_dia_turno/historico_seed42.json,combinada,cursos_exat_2 -> dia_turno_curso,qualquer_melhoria_na_passada,180.0,1,180.0,600.0,1,0,TEMPO_TOTAL,2,M,EAS
1,1,82,dia_turno_curso,2_M_ENF,51,15548,79442,OPTIMAL,185928.0,185928.0,False,185928.0,7.02,6.68,600.0,,,alfabetica,,,dia_turno_curso,82,4,True,TEMPO_TOTAL,iteracao,combinada_cursos_exat_2_dia_turno_curso,180.0,180.0,600.0,14400.0,False,False,aleatoria,42,aleatoria,42,./dados/2024_1/horarios_2024_1.xlsx,./dados/2024_1/salas_2024_1.csv,./dados/2024_1/salas_preferenciais_2024.1.xlsx,/Users/robertdrey/Documents/workspace/development/alocador_de_salas,resultados/experimentos/2024_1/novas_hibridas/combinada_exat_2_dia_turno/melhor_solucao_seed42.sol,resultados/experimentos/2024_1/novas_hibridas/combinada_exat_2_dia_turno/historico_seed42.csv,resultados/experimentos/2024_1/novas_hibridas/combinada_exat_2_dia_turno/historico_seed42.json,combinada,cursos_exat_2 -> dia_turno_curso,qualquer_melhoria_na_passada,180.0,1,180.0,600.0,1,0,TEMPO_TOTAL,2,M,ENF
1,1,83,dia_turno_curso,2_M_MED,74,18078,76912,OPTIMAL,185928.0,185928.0,False,185928.0,3.21,2.83,600.0,,,alfabetica,,,dia_turno_curso,83,5,True,TEMPO_TOTAL,iteracao,combinada_cursos_exat_2_dia_turno_curso,180.0,180.0,600.0,14400.0,False,False,aleatoria,42,aleatoria,42,./dados/2024_1/horarios_2024_1.xlsx,./dados/2024_1/salas_2024_1.csv,./dados/2024_1/salas_preferenciais_2024.1.xlsx,/Users/robertdrey/Documents/workspace/development/alocador_de_salas,resultados/experimentos/2024_1/novas_hibridas/combinada_exat_2_dia_turno/melhor_solucao_seed42.sol,resultados/experimentos/2024_1/novas_hibridas/combinada_exat_2_dia_turno/historico_seed42.csv,resultados/experimentos/2024_1/novas_hibridas/combinada_exat_2_dia_turno/historico_seed42.json,combinada,cursos_exat_2 -> dia_turno_curso,qualquer_melhoria_na_passada,180.0,1,180.0,600.0,1,0,TEMPO_TOTAL,2,M,MED
1,1,84,dia_turno_curso,2_M_PED,88,21574,73416,OPTIMAL,185928.0,185928.0,False,185928.0,20.69,20.3,600.0,,,alfabetica,,,dia_turno_curso,84,6,True,TEMPO_TOTAL,iteracao,combinada_cursos_exat_2_dia_turno_curso,180.0,180.0,600.0,14400.0,False,False,aleatoria,42,aleatoria,42,./dados/2024_1/horarios_2024_1.xlsx,./dados/2024_1/salas_2024_1.csv,./dados/2024_1/salas_preferenciais_2024.1.xlsx,/Users/robertdrey/Documents/workspace/development/alocador_de_salas,resultados/experimentos/2024_1/novas_hibridas/combinada_exat_2_dia_turno/melhor_solucao_seed42.sol,resultados/experimentos/2024_1/novas_hibridas/combinada_exat_2_dia_turno/historico_seed42.csv,resultados/experimentos/2024_1/novas_hibridas/combinada_exat_2_dia_turno/historico_seed42.json,combinada,cursos_exat_2 -> dia_turno_curso,qualquer_melhoria_na_passada,180.0,1,180.0,600.0,1,0,TEMPO_TOTAL,2,M,PED
1,1,85,dia_turno_curso,2_T_AGRO,82,20194,74796,OPTIMAL,185928.0,185928.0,False,185928.0,8.95,8.59,600.0,,,alfabetica,,,dia_turno_curso,85,7,True,TEMPO_TOTAL,iteracao,combinada_cursos_exat_2_dia_turno_curso,180.0,180.0,600.0,14400.0,False,False,aleatoria,42,aleatoria,42,./dados/2024_1/horarios_2024_1.xlsx,./dados/2024_1/salas_2024_1.csv,./dados/2024_1/salas_preferenciais_2024.1.xlsx,/Users/robertdrey/Documents/workspace/development/alocador_de_salas,resultados/experimentos/2024_1/novas_hibridas/combinada_exat_2_dia_turno/melhor_solucao_seed42.sol,resultados/experimentos/2024_1/novas_hibridas/combinada_exat_2_dia_turno/historico_seed42.csv,resultados/experimentos/2024_1/novas_hibridas/combinada_exat_2_dia_turno/historico_seed42.json,combinada,cursos_exat_2 -> dia_turno_curso,qualquer_melhoria_na_passada,180.0,1,180.0,600.0,1,0,TEMPO_TOTAL,2,T,AGRO
1,1,86,dia_turno_curso,2_T_CC,70,20010,74980,OPTIMAL,185928.0,185920.0,True,185920.0,68.33,67.97,600.0,,,alfabetica,,,dia_turno_curso,86,8,True,TEMPO_TOTAL,iteracao,combinada_cursos_exat_2_dia_turno_curso,180.0,180.0,600.0,14400.0,False,False,aleatoria,42,aleatoria,42,./dados/2024_1/horarios_2024_1.xlsx,./dados/2024_1/salas_2024_1.csv,./dados/2024_1/salas_preferenciais_2024.1.xlsx,/Users/robertdrey/Documents/workspace/development/alocador_de_salas,resultados/experimentos/2024_1/novas_hibridas/combinada_exat_2_dia_turno/melhor_solucao_seed42.sol,resultados/experimentos/2024_1/novas_hibridas/combinada_exat_2_dia_turno/historico_seed42.csv,resultados/experimentos/2024_1/novas_hibridas/combinada_exat_2_dia_turno/historico_seed42.json,combinada,cursos_exat_2 -> dia_turno_curso,qualquer_melhoria_na_passada,180.0,1,180.0,600.0,1,0,TEMPO_TOTAL,2,T,CC
1,1,87,dia_turno_curso,2_T_CS,55,16284,78706,OPTIMAL,185920.0,185920.0,False,185920.0,1.54,1.23,600.0,,,alfabetica,,,dia_turno_curso,87,9,True,TEMPO_TOTAL,iteracao,combinada_cursos_exat_2_dia_turno_curso,180.0,180.0,600.0,14400.0,False,False,aleatoria,42,aleatoria,42,./dados/2024_1/horarios_2024_1.xlsx,./dados/2024_1/salas_2024_1.csv,./dados/2024_1/salas_preferenciais_2024.1.xlsx,/Users/robertdrey/Documents/workspace/development/alocador_de_salas,resultados/experimentos/2024_1/novas_hibridas/combinada_exat_2_dia_turno/melhor_solucao_seed42.sol,resultados/experimentos/2024_1/novas_hibridas/combinada_exat_2_dia_turno/historico_seed42.csv,resultados/experimentos/2024_1/novas_hibridas/combinada_exat_2_dia_turno/historico_seed42.json,combinada,cursos_exat_2 -> dia_turno_curso,qualquer_melhoria_na_passada,180.0,1,180.0,600.0,1,0,TEMPO_TOTAL,2,T,CS
1,1,88,dia_turno_curso,2_T_EAS,74,18538,76452,OPTIMAL,185920.0,185920.0,False,185920.0,2.17,1.86,600.0,,,alfabetica,,,dia_turno_curso,88,10,True,TEMPO_TOTAL,iteracao,combinada_cursos_exat_2_dia_turno_curso,180.0,180.0,600.0,14400.0,False,False,aleatoria,42,aleatoria,42,./dados/2024_1/horarios_2024_1.xlsx,./dados/2024_1/salas_2024_1.csv,./dados/2024_1/salas_preferenciais_2024.1.xlsx,/Users/robertdrey/Documents/workspace/development/alocador_de_salas,resultados/experimentos/2024_1/novas_hibridas/combinada_exat_2_dia_turno/melhor_solucao_seed42.sol,resultados/experimentos/2024_1/novas_hibridas/combinada_exat_2_dia_turno/historico_seed42.csv,resultados/experimentos/2024_1/novas_hibridas/combinada_exat_2_dia_turno/historico_seed42.json,combinada,cursos_exat_2 -> dia_turno_curso,qualquer_melhoria_na_passada,180.0,1,180.0,600.0,1,0,TEMPO_TOTAL,2,T,EAS
1,1,89,dia_turno_curso,2_T_ENF,47,16422,78568,OPTIMAL,185920.0,185920.0,False,185920.0,4.13,3.81,600.0,,,alfabetica,,,dia_turno_curso,89,11,True,TEMPO_TOTAL,iteracao,combinada_cursos_exat_2_dia_turno_curso,180.0,180.0,600.0,14400.0,False,False,aleatoria,42,aleatoria,42,./dados/2024_1/horarios_2024_1.xlsx,./dados/2024_1/salas_2024_1.csv,./dados/2024_1/salas_preferenciais_2024.1.xlsx,/Users/robertdrey/Documents/workspace/development/alocador_de_salas,resultados/experimentos/2024_1/novas_hibridas/combinada_exat_2_dia_turno/melhor_solucao_seed42.sol,resultados/experimentos/2024_1/novas_hibridas/combinada_exat_2_dia_turno/historico_seed42.csv,resultados/experimentos/2024_1/novas_hibridas/combinada_exat_2_dia_turno/historico_seed42.json,combinada,cursos_exat_2 -> dia_turno_curso,qualquer_melhoria_na_passada,180.0,1,180.0,600.0,1,0,TEMPO_TOTAL,2,T,ENF
1,1,90,dia_turno_curso,2_T_GEO,43,13846,81144,OPTIMAL,185920.0,185920.0,False,185920.0,1.46,1.13,600.0,,,alfabetica,,,dia_turno_curso,90,12,True,TEMPO_TOTAL,iteracao,combinada_cursos_exat_2_dia_turno_curso,180.0,180.0,600.0,14400.0,False,False,aleatoria,42,aleatoria,42,./dados/2024_1/horarios_2024_1.xlsx,./dados/2024_1/salas_2024_1.csv,./dados/2024_1/salas_preferenciais_2024.1.xlsx,/Users/robertdrey/Documents/workspace/development/alocador_de_salas,resultados/experimentos/2024_1/novas_hibridas/combinada_exat_2_dia_turno/melhor_solucao_seed42.sol,resultados/experimentos/2024_1/novas_hibridas/combinada_exat_2_dia_turno/historico_seed42.csv,resultados/experimentos/2024_1/novas_hibridas/combinada_exat_2_dia_turno/historico_seed42.json,combinada,cursos_exat_2 -> dia_turno_curso,qualquer_melhoria_na_passada,180.0,1,180.0,600.0,1,0,TEMPO_TOTAL,2,T,GEO
1,1,91,dia_turno_curso,2_T_LET,67,19228,75762,OPTIMAL,185920.0,185920.0,False,185920.0,2.99,2.66,600.0,,,alfabetica,,,dia_turno_curso,91,13,True,TEMPO_TOTAL,iteracao,combinada_cursos_exat_2_dia_turno_curso,180.0,180.0,600.0,14400.0,False,False,aleatoria,42,aleatoria,42,./dados/2024_1/horarios_2024_1.xlsx,./dados/2024_1/salas_2024_1.csv,./dados/2024_1/salas_preferenciais_2024.1.xlsx,/Users/robertdrey/Documents/workspace/development/alocador_de_salas,resultados/experimentos/2024_1/novas_hibridas/combinada_exat_2_dia_turno/melhor_solucao_seed42.sol,resultados/experimentos/2024_1/novas_hibridas/combinada_exat_2_dia_turno/historico_seed42.csv,resultados/experimentos/2024_1/novas_hibridas/combinada_exat_2_dia_turno/historico_seed42.json,combinada,cursos_exat_2 -> dia_turno_curso,qualquer_melhoria_na_passada,180.0,1,180.0,600.0,1,0,TEMPO_TOTAL,2,T,LET
1,1,92,dia_turno_curso,2_T_MAT,56,16606,78384,OPTIMAL,185920.0,185920.0,False,185920.0,1.91,1.57,600.0,,,alfabetica,,,dia_turno_curso,92,14,True,TEMPO_TOTAL,iteracao,combinada_cursos_exat_2_dia_turno_curso,180.0,180.0,600.0,14400.0,False,False,aleatoria,42,aleatoria,42,./dados/2024_1/horarios_2024_1.xlsx,./dados/2024_1/salas_2024_1.csv,./dados/2024_1/salas_preferenciais_2024.1.xlsx,/Users/robertdrey/Documents/workspace/development/alocador_de_salas,resultados/experimentos/2024_1/novas_hibridas/combinada_exat_2_dia_turno/melhor_solucao_seed42.sol,resultados/experimentos/2024_1/novas_hibridas/combinada_exat_2_dia_turno/historico_seed42.csv,resultados/experimentos/2024_1/novas_hibridas/combinada_exat_2_dia_turno/historico_seed42.json,combinada,cursos_exat_2 -> dia_turno_curso,qualquer_melhoria_na_passada,180.0,1,180.0,600.0,1,0,TEMPO_TOTAL,2,T,MAT
1,1,93,dia_turno_curso,2_T_MED,71,20286,74704,OPTIMAL,185920.0,185920.0,False,185920.0,3.17,2.84,600.0,,,alfabetica,,,dia_turno_curso,93,15,True,TEMPO_TOTAL,iteracao,combinada_cursos_exat_2_dia_turno_curso,180.0,180.0,600.0,14400.0,False,False,aleatoria,42,aleatoria,42,./dados/2024_1/horarios_2024_1.xlsx,./dados/2024_1/salas_2024_1.csv,./dados/2024_1/salas_preferenciais_2024.1.xlsx,/Users/robertdrey/Documents/workspace/development/alocador_de_salas,resultados/experimentos/2024_1/novas_hibridas/combinada_exat_2_dia_turno/melhor_solucao_seed42.sol,resultados/experimentos/2024_1/novas_hibridas/combinada_exat_2_dia_turno/historico_seed42.csv,resultados/experimentos/2024_1/novas_hibridas/combinada_exat_2_dia_turno/historico_seed42.json,combinada,cursos_exat_2 -> dia_turno_curso,qualquer_melhoria_na_passada,180.0,1,180.0,600.0,1,0,TEMPO_TOTAL,2,T,MED
1,1,94,dia_turno_curso,2_N_ADM,85,18078,76912,OPTIMAL,185920.0,185920.0,False,185920.0,2.11,1.79,600.0,,,alfabetica,,,dia_turno_curso,94,16,True,TEMPO_TOTAL,iteracao,combinada_cursos_exat_2_dia_turno_curso,180.0,180.0,600.0,14400.0,False,False,aleatoria,42,aleatoria,42,./dados/2024_1/horarios_2024_1.xlsx,./dados/2024_1/salas_2024_1.csv,./dados/2024_1/salas_preferenciais_2024.1.xlsx,/Users/robertdrey/Documents/workspace/development/alocador_de_salas,resultados/experimentos/2024_1/novas_hibridas/combinada_exat_2_dia_turno/melhor_solucao_seed42.sol,resultados/experimentos/2024_1/novas_hibridas/combinada_exat_2_dia_turno/historico_seed42.csv,resultados/experimentos/2024_1/novas_hibridas/combinada_exat_2_dia_turno/historico_seed42.json,combinada,cursos_exat_2 -> dia_turno_curso,qualquer_melhoria_na_passada,180.0,1,180.0,600.0,1,0,TEMPO_TOTAL,2,N,ADM
1,1,95,dia_turno_curso,2_N_CC,83,19136,75854,OPTIMAL,185920.0,185920.0,False,185920.0,105.16,104.86,600.0,,,alfabetica,,,dia_turno_curso,95,17,True,TEMPO_TOTAL,iteracao,combinada_cursos_exat_2_dia_turno_curso,180.0,180.0,600.0,14400.0,False,False,aleatoria,42,aleatoria,42,./dados/2024_1/horarios_2024_1.xlsx,./dados/2024_1/salas_2024_1.csv,./dados/2024_1/salas_preferenciais_2024.1.xlsx,/Users/robertdrey/Documents/workspace/development/alocador_de_salas,resultados/experimentos/2024_1/novas_hibridas/combinada_exat_2_dia_turno/melhor_solucao_seed42.sol,resultados/experimentos/2024_1/novas_hibridas/combinada_exat_2_dia_turno/historico_seed42.csv,resultados/experimentos/2024_1/novas_hibridas/combinada_exat_2_dia_turno/historico_seed42.json,combinada,cursos_exat_2 -> dia_turno_curso,qualquer_melhoria_na_passada,180.0,1,180.0,600.0,1,0,TEMPO_TOTAL,2,N,CC
1,1,96,dia_turno_curso,2_N_CS,59,13248,81742,OPTIMAL,185920.0,185920.0,False,185920.0,1.63,1.32,600.0,,,alfabetica,,,dia_turno_curso,96,18,True,TEMPO_TOTAL,iteracao,combinada_cursos_exat_2_dia_turno_curso,180.0,180.0,600.0,14400.0,False,False,aleatoria,42,aleatoria,42,./dados/2024_1/horarios_2024_1.xlsx,./dados/2024_1/salas_2024_1.csv,./dados/2024_1/salas_preferenciais_2024.1.xlsx,/Users/robertdrey/Documents/workspace/development/alocador_de_salas,resultados/experimentos/2024_1/novas_hibridas/combinada_exat_2_dia_turno/melhor_solucao_seed42.sol,resultados/experimentos/2024_1/novas_hibridas/combinada_exat_2_dia_turno/historico_seed42.csv,resultados/experimentos/2024_1/novas_hibridas/combinada_exat_2_dia_turno/historico_seed42.json,combinada,cursos_exat_2 -> dia_turno_curso,qualquer_melhoria_na_passada,180.0,1,180.0,600.0,1,0,TEMPO_TOTAL,2,N,CS
1,1,97,dia_turno_curso,2_N_EAS,85,16376,78614,OPTIMAL,185920.0,185920.0,False,185920.0,1.74,1.43,600.0,,,alfabetica,,,dia_turno_curso,97,19,True,TEMPO_TOTAL,iteracao,combinada_cursos_exat_2_dia_turno_curso,180.0,180.0,600.0,14400.0,False,False,aleatoria,42,aleatoria,42,./dados/2024_1/horarios_2024_1.xlsx,./dados/2024_1/salas_2024_1.csv,./dados/2024_1/salas_preferenciais_2024.1.xlsx,/Users/robertdrey/Documents/workspace/development/alocador_de_salas,resultados/experimentos/2024_1/novas_hibridas/combinada_exat_2_dia_turno/melhor_solucao_seed42.sol,resultados/experimentos/2024_1/novas_hibridas/combinada_exat_2_dia_turno/historico_seed42.csv,resultados/experimentos/2024_1/novas_hibridas/combinada_exat_2_dia_turno/historico_seed42.json,combinada,cursos_exat_2 -> dia_turno_curso,qualquer_melhoria_na_passada,180.0,1,180.0,600.0,1,0,TEMPO_TOTAL,2,N,EAS
1,1,98,dia_turno_curso,2_N_FIL,53,11730,83260,OPTIMAL,185920.0,185920.0,False,185920.0,1.56,1.24,600.0,,,alfabetica,,,dia_turno_curso,98,20,True,TEMPO_TOTAL,iteracao,combinada_cursos_exat_2_dia_turno_curso,180.0,180.0,600.0,14400.0,False,False,aleatoria,42,aleatoria,42,./dados/2024_1/horarios_2024_1.xlsx,./dados/2024_1/salas_2024_1.csv,./dados/2024_1/salas_preferenciais_2024.1.xlsx,/Users/robertdrey/Documents/workspace/development/alocador_de_salas,resultados/experimentos/2024_1/novas_hibridas/combinada_exat_2_dia_turno/melhor_solucao_seed42.sol,resultados/experimentos/2024_1/novas_hibridas/combinada_exat_2_dia_turno/historico_seed42.csv,resultados/experimentos/2024_1/novas_hibridas/combinada_exat_2_dia_turno/historico_seed42.json,combinada,cursos_exat_2 -> dia_turno_curso,qualquer_melhoria_na_passada,180.0,1,180.0,600.0,1,0,TEMPO_TOTAL,2,N,FIL
1,1,99,dia_turno_curso,2_N_GEO,48,10994,83996,OPTIMAL,185920.0,185920.0,False,185920.0,1.72,1.4,600.0,,,alfabetica,,,dia_turno_curso,99,21,True,TEMPO_TOTAL,iteracao,combinada_cursos_exat_2_dia_turno_curso,180.0,180.0,600.0,14400.0,False,False,aleatoria,42,aleatoria,42,./dados/2024_1/horarios_2024_1.xlsx,./dados/2024_1/salas_2024_1.csv,./dados/2024_1/salas_preferenciais_2024.1.xlsx,/Users/robertdrey/Documents/workspace/development/alocador_de_salas,resultados/experimentos/2024_1/novas_hibridas/combinada_exat_2_dia_turno/melhor_solucao_seed42.sol,resultados/experimentos/2024_1/novas_hibridas/combinada_exat_2_dia_turno/historico_seed42.csv,resultados/experimentos/2024_1/novas_hibridas/combinada_exat_2_dia_turno/historico_seed42.json,combinada,cursos_exat_2 -> dia_turno_curso,qualquer_melhoria_na_passada,180.0,1,180.0,600.0,1,0,TEMPO_TOTAL,2,N,GEO
1,1,100,dia_turno_curso,2_N_HIS,61,13570,81420,OPTIMAL,185920.0,185920.0,False,185920.0,2.24,1.92,600.0,,,alfabetica,,,dia_turno_curso,100,22,True,TEMPO_TOTAL,iteracao,combinada_cursos_exat_2_dia_turno_curso,180.0,180.0,600.0,14400.0,False,False,aleatoria,42,aleatoria,42,./dados/2024_1/horarios_2024_1.xlsx,./dados/2024_1/salas_2024_1.csv,./dados/2024_1/salas_preferenciais_2024.1.xlsx,/Users/robertdrey/Documents/workspace/development/alocador_de_salas,resultados/experimentos/2024_1/novas_hibridas/combinada_exat_2_dia_turno/melhor_solucao_seed42.sol,resultados/experimentos/2024_1/novas_hibridas/combinada_exat_2_dia_turno/historico_seed42.csv,resultados/experimentos/2024_1/novas_hibridas/combinada_exat_2_dia_turno/historico_seed42.json,combinada,cursos_exat_2 -> dia_turno_curso,qualquer_melhoria_na_passada,180.0,1,180.0,600.0,1,0,TEMPO_TOTAL,2,N,HIS
1,1,101,dia_turno_curso,2_N_LET,71,16790,78200,OPTIMAL,185920.0,185920.0,False,185920.0,3.12,2.8,600.0,,,alfabetica,,,dia_turno_curso,101,23,True,TEMPO_TOTAL,iteracao,combinada_cursos_exat_2_dia_turno_curso,180.0,180.0,600.0,14400.0,False,False,aleatoria,42,aleatoria,42,./dados/2024_1/horarios_2024_1.xlsx,./dados/2024_1/salas_2024_1.csv,./dados/2024_1/salas_preferenciais_2024.1.xlsx,/Users/robertdrey/Documents/workspace/development/alocador_de_salas,resultados/experimentos/2024_1/novas_hibridas/combinada_exat_2_dia_turno/melhor_solucao_seed42.sol,resultados/experimentos/2024_1/novas_hibridas/combinada_exat_2_dia_turno/historico_seed42.csv,resultados/experimentos/2024_1/novas_hibridas/combinada_exat_2_dia_turno/historico_seed42.json,combinada,cursos_exat_2 -> dia_turno_curso,qualquer_melhoria_na_passada,180.0,1,180.0,600.0,1,0,TEMPO_TOTAL,2,N,LET
1,1,102,dia_turno_curso,2_N_MAT,60,13386,81604,OPTIMAL,185920.0,185920.0,False,185920.0,2.02,1.68,600.0,,,alfabetica,,,dia_turno_curso,102,24,True,TEMPO_TOTAL,iteracao,combinada_cursos_exat_2_dia_turno_curso,180.0,180.0,600.0,14400.0,False,False,aleatoria,42,aleatoria,42,./dados/2024_1/horarios_2024_1.xlsx,./dados/2024_1/salas_2024_1.csv,./dados/2024_1/salas_preferenciais_2024.1.xlsx,/Users/robertdrey/Documents/workspace/development/alocador_de_salas,resultados/experimentos/2024_1/novas_hibridas/combinada_exat_2_dia_turno/melhor_solucao_seed42.sol,resultados/experimentos/2024_1/novas_hibridas/combinada_exat_2_dia_turno/historico_seed42.csv,resultados/experimentos/2024_1/novas_hibridas/combinada_exat_2_dia_turno/historico_seed42.json,combinada,cursos_exat_2 -> dia_turno_curso,qualquer_melhoria_na_passada,180.0,1,180.0,600.0,1,0,TEMPO_TOTAL,2,N,MAT
1,1,103,dia_turno_curso,2_N_MED,81,18630,76360,OPTIMAL,185920.0,185920.0,False,185920.0,2.32,2.0,600.0,,,alfabetica,,,dia_turno_curso,103,25,True,TEMPO_TOTAL,iteracao,combinada_cursos_exat_2_dia_turno_curso,180.0,180.0,600.0,14400.0,False,False,aleatoria,42,aleatoria,42,./dados/2024_1/horarios_2024_1.xlsx,./dados/2024_1/salas_2024_1.csv,./dados/2024_1/salas_preferenciais_2024.1.xlsx,/Users/robertdrey/Documents/workspace/development/alocador_de_salas,resultados/experimentos/2024_1/novas_hibridas/combinada_exat_2_dia_turno/melhor_solucao_seed42.sol,resultados/experimentos/2024_1/novas_hibridas/combinada_exat_2_dia_turno/historico_seed42.csv,resultados/experimentos/2024_1/novas_hibridas/combinada_exat_2_dia_turno/historico_seed42.json,combinada,cursos_exat_2 -> dia_turno_curso,qualquer_melhoria_na_passada,180.0,1,180.0,600.0,1,0,TEMPO_TOTAL,2,N,MED
1,1,104,dia_turno_curso,2_N_PED,91,21022,73968,OPTIMAL,185920.0,185920.0,False,185920.0,23.58,23.26,600.0,,,alfabetica,,,dia_turno_curso,104,26,True,TEMPO_TOTAL,iteracao,combinada_cursos_exat_2_dia_turno_curso,180.0,180.0,600.0,14400.0,False,False,aleatoria,42,aleatoria,42,./dados/2024_1/horarios_2024_1.xlsx,./dados/2024_1/salas_2024_1.csv,./dados/2024_1/salas_preferenciais_2024.1.xlsx,/Users/robertdrey/Documents/workspace/development/alocador_de_salas,resultados/experimentos/2024_1/novas_hibridas/combinada_exat_2_dia_turno/melhor_solucao_seed42.sol,resultados/experimentos/2024_1/novas_hibridas/combinada_exat_2_dia_turno/historico_seed42.csv,resultados/experimentos/2024_1/novas_hibridas/combinada_exat_2_dia_turno/historico_seed42.json,combinada,cursos_exat_2 -> dia_turno_curso,qualquer_melhoria_na_passada,180.0,1,180.0,600.0,1,0,TEMPO_TOTAL,2,N,PED
1,1,105,dia_turno_curso,3_M_ADM,79,18676,76314,OPTIMAL,185920.0,185920.0,False,185920.0,2.57,2.25,600.0,,,alfabetica,,,dia_turno_curso,105,27,True,TEMPO_TOTAL,iteracao,combinada_cursos_exat_2_dia_turno_curso,180.0,180.0,600.0,14400.0,False,False,aleatoria,42,aleatoria,42,./dados/2024_1/horarios_2024_1.xlsx,./dados/2024_1/salas_2024_1.csv,./dados/2024_1/salas_preferenciais_2024.1.xlsx,/Users/robertdrey/Documents/workspace/development/alocador_de_salas,resultados/experimentos/2024_1/novas_hibridas/combinada_exat_2_dia_turno/melhor_solucao_seed42.sol,resultados/experimentos/2024_1/novas_hibridas/combinada_exat_2_dia_turno/historico_seed42.csv,resultados/experimentos/2024_1/novas_hibridas/combinada_exat_2_dia_turno/historico_seed42.json,combinada,cursos_exat_2 -> dia_turno_curso,qualquer_melhoria_na_passada,180.0,1,180.0,600.0,1,0,TEMPO_TOTAL,3,M,ADM
1,1,106,dia_turno_curso,3_M_AGRO,77,16514,78476,OPTIMAL,185920.0,185920.0,False,185920.0,8.59,8.26,600.0,,,alfabetica,,,dia_turno_curso,106,28,True,TEMPO_TOTAL,iteracao,combinada_cursos_exat_2_dia_turno_curso,180.0,180.0,600.0,14400.0,False,False,aleatoria,42,aleatoria,42,./dados/2024_1/horarios_2024_1.xlsx,./dados/2024_1/salas_2024_1.csv,./dados/2024_1/salas_preferenciais_2024.1.xlsx,/Users/robertdrey/Documents/workspace/development/alocador_de_salas,resultados/experimentos/2024_1/novas_hibridas/combinada_exat_2_dia_turno/melhor_solucao_seed42.sol,resultados/experimentos/2024_1/novas_hibridas/combinada_exat_2_dia_turno/historico_seed42.csv,resultados/experimentos/2024_1/novas_hibridas/combinada_exat_2_dia_turno/historico_seed42.json,combinada,cursos_exat_2 -> dia_turno_curso,qualquer_melhoria_na_passada,180.0,1,180.0,600.0,1,0,TEMPO_TOTAL,3,M,AGRO
1,1,107,dia_turno_curso,3_M_EAS,75,16928,78062,OPTIMAL,185920.0,185920.0,False,185920.0,2.2,1.89,600.0,,,alfabetica,,,dia_turno_curso,107,29,True,TEMPO_TOTAL,iteracao,combinada_cursos_exat_2_dia_turno_curso,180.0,180.0,600.0,14400.0,False,False,aleatoria,42,aleatoria,42,./dados/2024_1/horarios_2024_1.xlsx,./dados/2024_1/salas_2024_1.csv,./dados/2024_1/salas_preferenciais_2024.1.xlsx,/Users/robertdrey/Documents/workspace/development/alocador_de_salas,resultados/experimentos/2024_1/novas_hibridas/combinada_exat_2_dia_turno/melhor_solucao_seed42.sol,resultados/experimentos/2024_1/novas_hibridas/combinada_exat_2_dia_turno/historico_seed42.csv,resultados/experimentos/2024_1/novas_hibridas/combinada_exat_2_dia_turno/historico_seed42.json,combinada,cursos_exat_2 -> dia_turno_curso,qualquer_melhoria_na_passada,180.0,1,180.0,600.0,1,0,TEMPO_TOTAL,3,M,EAS
1,1,108,dia_turno_curso,3_M_ENF,49,15640,79350,OPTIMAL,185920.0,185920.0,False,185920.0,5.55,5.23,600.0,,,alfabetica,,,dia_turno_curso,108,30,True,TEMPO_TOTAL,iteracao,combinada_cursos_exat_2_dia_turno_curso,180.0,180.0,600.0,14400.0,False,False,aleatoria,42,aleatoria,42,./dados/2024_1/horarios_2024_1.xlsx,./dados/2024_1/salas_2024_1.csv,./dados/2024_1/salas_preferenciais_2024.1.xlsx,/Users/robertdrey/Documents/workspace/development/alocador_de_salas,resultados/experimentos/2024_1/novas_hibridas/combinada_exat_2_dia_turno/melhor_solucao_seed42.sol,resultados/experimentos/2024_1/novas_hibridas/combinada_exat_2_dia_turno/historico_seed42.csv,resultados/experimentos/2024_1/novas_hibridas/combinada_exat_2_dia_turno/historico_seed42.json,combinada,cursos_exat_2 -> dia_turno_curso,qualquer_melhoria_na_passada,180.0,1,180.0,600.0,1,0,TEMPO_TOTAL,3,M,ENF
1,1,109,dia_turno_curso,3_M_MED,73,18492,76498,OPTIMAL,185920.0,185920.0,False,185920.0,3.68,3.34,600.0,,,alfabetica,,,dia_turno_curso,109,31,True,TEMPO_TOTAL,iteracao,combinada_cursos_exat_2_dia_turno_curso,180.0,180.0,600.0,14400.0,False,False,aleatoria,42,aleatoria,42,./dados/2024_1/horarios_2024_1.xlsx,./dados/2024_1/salas_2024_1.csv,./dados/2024_1/salas_preferenciais_2024.1.xlsx,/Users/robertdrey/Documents/workspace/development/alocador_de_salas,resultados/experimentos/2024_1/novas_hibridas/combinada_exat_2_dia_turno/melhor_solucao_seed42.sol,resultados/experimentos/2024_1/novas_hibridas/combinada_exat_2_dia_turno/historico_seed42.csv,resultados/experimentos/2024_1/novas_hibridas/combinada_exat_2_dia_turno/historico_seed42.json,combinada,cursos_exat_2 -> dia_turno_curso,qualquer_melhoria_na_passada,180.0,1,180.0,600.0,1,0,TEMPO_TOTAL,3,M,MED
1,1,110,dia_turno_curso,3_M_PED,86,22126,72864,OPTIMAL,185920.0,185920.0,False,185920.0,82.23,81.9,600.0,,,alfabetica,,,dia_turno_curso,110,32,True,TEMPO_TOTAL,iteracao,combinada_cursos_exat_2_dia_turno_curso,180.0,180.0,600.0,14400.0,False,False,aleatoria,42,aleatoria,42,./dados/2024_1/horarios_2024_1.xlsx,./dados/2024_1/salas_2024_1.csv,./dados/2024_1/salas_preferenciais_2024.1.xlsx,/Users/robertdrey/Documents/workspace/development/alocador_de_salas,resultados/experimentos/2024_1/novas_hibridas/combinada_exat_2_dia_turno/melhor_solucao_seed42.sol,resultados/experimentos/2024_1/novas_hibridas/combinada_exat_2_dia_turno/historico_seed42.csv,resultados/experimentos/2024_1/novas_hibridas/combinada_exat_2_dia_turno/historico_seed42.json,combinada,cursos_exat_2 -> dia_turno_curso,qualquer_melhoria_na_passada,180.0,1,180.0,600.0,1,0,TEMPO_TOTAL,3,M,PED
1,1,111,dia_turno_curso,3_T_AGRO,82,19872,75118,OPTIMAL,185920.0,185920.0,False,185920.0,9.72,9.39,600.0,,,alfabetica,,,dia_turno_curso,111,33,True,TEMPO_TOTAL,iteracao,combinada_cursos_exat_2_dia_turno_curso,180.0,180.0,600.0,14400.0,False,False,aleatoria,42,aleatoria,42,./dados/2024_1/horarios_2024_1.xlsx,./dados/2024_1/salas_2024_1.csv,./dados/2024_1/salas_preferenciais_2024.1.xlsx,/Users/robertdrey/Documents/workspace/development/alocador_de_salas,resultados/experimentos/2024_1/novas_hibridas/combinada_exat_2_dia_turno/melhor_solucao_seed42.sol,resultados/experimentos/2024_1/novas_hibridas/combinada_exat_2_dia_turno/historico_seed42.csv,resultados/experimentos/2024_1/novas_hibridas/combinada_exat_2_dia_turno/historico_seed42.json,combinada,cursos_exat_2 -> dia_turno_curso,qualquer_melhoria_na_passada,180.0,1,180.0,600.0,1,0,TEMPO_TOTAL,3,T,AGRO
1,1,112,dia_turno_curso,3_T_CC,71,19964,75026,OPTIMAL,185920.0,185920.0,False,185920.0,40.2,39.88,600.0,,,alfabetica,,,dia_turno_curso,112,34,True,TEMPO_TOTAL,iteracao,combinada_cursos_exat_2_dia_turno_curso,180.0,180.0,600.0,14400.0,False,False,aleatoria,42,aleatoria,42,./dados/2024_1/horarios_2024_1.xlsx,./dados/2024_1/salas_2024_1.csv,./dados/2024_1/salas_preferenciais_2024.1.xlsx,/Users/robertdrey/Documents/workspace/development/alocador_de_salas,resultados/experimentos/2024_1/novas_hibridas/combinada_exat_2_dia_turno/melhor_solucao_seed42.sol,resultados/experimentos/2024_1/novas_hibridas/combinada_exat_2_dia_turno/historico_seed42.csv,resultados/experimentos/2024_1/novas_hibridas/combinada_exat_2_dia_turno/historico_seed42.json,combinada,cursos_exat_2 -> dia_turno_curso,qualquer_melhoria_na_passada,180.0,1,180.0,600.0,1,0,TEMPO_TOTAL,3,T,CC
1,1,113,dia_turno_curso,3_T_EAS,74,17848,77142,OPTIMAL,185920.0,185920.0,False,185920.0,1.65,1.35,600.0,,,alfabetica,,,dia_turno_curso,113,35,True,TEMPO_TOTAL,iteracao,combinada_cursos_exat_2_dia_turno_curso,180.0,180.0,600.0,14400.0,False,False,aleatoria,42,aleatoria,42,./dados/2024_1/horarios_2024_1.xlsx,./dados/2024_1/salas_2024_1.csv,./dados/2024_1/salas_preferenciais_2024.1.xlsx,/Users/robertdrey/Documents/workspace/development/alocador_de_salas,resultados/experimentos/2024_1/novas_hibridas/combinada_exat_2_dia_turno/melhor_solucao_seed42.sol,resultados/experimentos/2024_1/novas_hibridas/combinada_exat_2_dia_turno/historico_seed42.csv,resultados/experimentos/2024_1/novas_hibridas/combinada_exat_2_dia_turno/historico_seed42.json,combinada,cursos_exat_2 -> dia_turno_curso,qualquer_melhoria_na_passada,180.0,1,180.0,600.0,1,0,TEMPO_TOTAL,3,T,EAS
1,1,114,dia_turno_curso,3_T_ENF,47,16146,78844,OPTIMAL,185920.0,185920.0,False,185920.0,3.75,3.44,600.0,,,alfabetica,,,dia_turno_curso,114,36,True,TEMPO_TOTAL,iteracao,combinada_cursos_exat_2_dia_turno_curso,180.0,180.0,600.0,14400.0,False,False,aleatoria,42,aleatoria,42,./dados/2024_1/horarios_2024_1.xlsx,./dados/2024_1/salas_2024_1.csv,./dados/2024_1/salas_preferenciais_2024.1.xlsx,/Users/robertdrey/Documents/workspace/development/alocador_de_salas,resultados/experimentos/2024_1/novas_hibridas/combinada_exat_2_dia_turno/melhor_solucao_seed42.sol,resultados/experimentos/2024_1/novas_hibridas/combinada_exat_2_dia_turno/historico_seed42.csv,resultados/experimentos/2024_1/novas_hibridas/combinada_exat_2_dia_turno/historico_seed42.json,combinada,cursos_exat_2 -> dia_turno_curso,qualquer_melhoria_na_passada,180.0,1,180.0,600.0,1,0,TEMPO_TOTAL,3,T,ENF
1,1,115,dia_turno_curso,3_T_GEO,43,13524,81466,OPTIMAL,185920.0,185920.0,False,185920.0,1.16,0.82,600.0,,,alfabetica,,,dia_turno_curso,115,37,True,TEMPO_TOTAL,iteracao,combinada_cursos_exat_2_dia_turno_curso,180.0,180.0,600.0,14400.0,False,False,aleatoria,42,aleatoria,42,./dados/2024_1/horarios_2024_1.xlsx,./dados/2024_1/salas_2024_1.csv,./dados/2024_1/salas_preferenciais_2024.1.xlsx,/Users/robertdrey/Documents/workspace/development/alocador_de_salas,resultados/experimentos/2024_1/novas_hibridas/combinada_exat_2_dia_turno/melhor_solucao_seed42.sol,resultados/experimentos/2024_1/novas_hibridas/combinada_exat_2_dia_turno/historico_seed42.csv,resultados/experimentos/2024_1/novas_hibridas/combinada_exat_2_dia_turno/historico_seed42.json,combinada,cursos_exat_2 -> dia_turno_curso,qualquer_melhoria_na_passada,180.0,1,180.0,600.0,1,0,TEMPO_TOTAL,3,T,GEO
1,1,116,dia_turno_curso,3_T_LET,67,19090,75900,OPTIMAL,185920.0,185920.0,False,185920.0,2.52,2.2,600.0,,,alfabetica,,,dia_turno_curso,116,38,True,TEMPO_TOTAL,iteracao,combinada_cursos_exat_2_dia_turno_curso,180.0,180.0,600.0,14400.0,False,False,aleatoria,42,aleatoria,42,./dados/2024_1/horarios_2024_1.xlsx,./dados/2024_1/salas_2024_1.csv,./dados/2024_1/salas_preferenciais_2024.1.xlsx,/Users/robertdrey/Documents/workspace/development/alocador_de_salas,resultados/experimentos/2024_1/novas_hibridas/combinada_exat_2_dia_turno/melhor_solucao_seed42.sol,resultados/experimentos/2024_1/novas_hibridas/combinada_exat_2_dia_turno/historico_seed42.csv,resultados/experimentos/2024_1/novas_hibridas/combinada_exat_2_dia_turno/historico_seed42.json,combinada,cursos_exat_2 -> dia_turno_curso,qualquer_melhoria_na_passada,180.0,1,180.0,600.0,1,0,TEMPO_TOTAL,3,T,LET
1,1,117,dia_turno_curso,3_T_MED,68,19504,75486,OPTIMAL,185920.0,185920.0,False,185920.0,3.63,3.28,600.0,,,alfabetica,,,dia_turno_curso,117,39,True,TEMPO_TOTAL,iteracao,combinada_cursos_exat_2_dia_turno_curso,180.0,180.0,600.0,14400.0,False,False,aleatoria,42,aleatoria,42,./dados/2024_1/horarios_2024_1.xlsx,./dados/2024_1/salas_2024_1.csv,./dados/2024_1/salas_preferenciais_2024.1.xlsx,/Users/robertdrey/Documents/workspace/development/alocador_de_salas,resultados/experimentos/2024_1/novas_hibridas/combinada_exat_2_dia_turno/melhor_solucao_seed42.sol,resultados/experimentos/2024_1/novas_hibridas/combinada_exat_2_dia_turno/historico_seed42.csv,resultados/experimentos/2024_1/novas_hibridas/combinada_exat_2_dia_turno/historico_seed42.json,combinada,cursos_exat_2 -> dia_turno_curso,qualquer_melhoria_na_passada,180.0,1,180.0,600.0,1,0,TEMPO_TOTAL,3,T,MED
1,1,118,dia_turno_curso,3_N_ADM,84,16468,78522,OPTIMAL,185920.0,185920.0,False,185920.0,2.55,2.22,600.0,,,alfabetica,,,dia_turno_curso,118,40,True,TEMPO_TOTAL,iteracao,combinada_cursos_exat_2_dia_turno_curso,180.0,180.0,600.0,14400.0,False,False,aleatoria,42,aleatoria,42,./dados/2024_1/horarios_2024_1.xlsx,./dados/2024_1/salas_2024_1.csv,./dados/2024_1/salas_preferenciais_2024.1.xlsx,/Users/robertdrey/Documents/workspace/development/alocador_de_salas,resultados/experimentos/2024_1/novas_hibridas/combinada_exat_2_dia_turno/melhor_solucao_seed42.sol,resultados/experimentos/2024_1/novas_hibridas/combinada_exat_2_dia_turno/historico_seed42.csv,resultados/experimentos/2024_1/novas_hibridas/combinada_exat_2_dia_turno/historico_seed42.json,combinada,cursos_exat_2 -> dia_turno_curso,qualquer_melhoria_na_passada,180.0,1,180.0,600.0,1,0,TEMPO_TOTAL,3,N,ADM
1,1,119,dia_turno_curso,3_N_CC,81,17342,77648,OPTIMAL,185920.0,185920.0,False,185920.0,15.85,15.51,600.0,,,alfabetica,,,dia_turno_curso,119,41,True,TEMPO_TOTAL,iteracao,combinada_cursos_exat_2_dia_turno_curso,180.0,180.0,600.0,14400.0,False,False,aleatoria,42,aleatoria,42,./dados/2024_1/horarios_2024_1.xlsx,./dados/2024_1/salas_2024_1.csv,./dados/2024_1/salas_preferenciais_2024.1.xlsx,/Users/robertdrey/Documents/workspace/development/alocador_de_salas,resultados/experimentos/2024_1/novas_hibridas/combinada_exat_2_dia_turno/melhor_solucao_seed42.sol,resultados/experimentos/2024_1/novas_hibridas/combinada_exat_2_dia_turno/historico_seed42.csv,resultados/experimentos/2024_1/novas_hibridas/combinada_exat_2_dia_turno/historico_seed42.json,combinada,cursos_exat_2 -> dia_turno_curso,qualquer_melhoria_na_passada,180.0,1,180.0,600.0,1,0,TEMPO_TOTAL,3,N,CC
1,1,120,dia_turno_curso,3_N_CS,57,11546,83444,OPTIMAL,185920.0,185920.0,False,185920.0,1.8,1.47,600.0,,,alfabetica,,,dia_turno_curso,120,42,True,TEMPO_TOTAL,iteracao,combinada_cursos_exat_2_dia_turno_curso,180.0,180.0,600.0,14400.0,False,False,aleatoria,42,aleatoria,42,./dados/2024_1/horarios_2024_1.xlsx,./dados/2024_1/salas_2024_1.csv,./dados/2024_1/salas_preferenciais_2024.1.xlsx,/Users/robertdrey/Documents/workspace/development/alocador_de_salas,resultados/experimentos/2024_1/novas_hibridas/combinada_exat_2_dia_turno/melhor_solucao_seed42.sol,resultados/experimentos/2024_1/novas_hibridas/combinada_exat_2_dia_turno/historico_seed42.csv,resultados/experimentos/2024_1/novas_hibridas/combinada_exat_2_dia_turno/historico_seed42.json,combinada,cursos_exat_2 -> dia_turno_curso,qualquer_melhoria_na_passada,180.0,1,180.0,600.0,1,0,TEMPO_TOTAL,3,N,CS
1,1,121,dia_turno_curso,3_N_EAS,84,15180,79810,OPTIMAL,185920.0,185920.0,False,185920.0,1.9,1.58,600.0,,,alfabetica,,,dia_turno_curso,121,43,True,TEMPO_TOTAL,iteracao,combinada_cursos_exat_2_dia_turno_curso,180.0,180.0,600.0,14400.0,False,False,aleatoria,42,aleatoria,42,./dados/2024_1/horarios_2024_1.xlsx,./dados/2024_1/salas_2024_1.csv,./dados/2024_1/salas_preferenciais_2024.1.xlsx,/Users/robertdrey/Documents/workspace/development/alocador_de_salas,resultados/experimentos/2024_1/novas_hibridas/combinada_exat_2_dia_turno/melhor_solucao_seed42.sol,resultados/experimentos/2024_1/novas_hibridas/combinada_exat_2_dia_turno/historico_seed42.csv,resultados/experimentos/2024_1/novas_hibridas/combinada_exat_2_dia_turno/historico_seed42.json,combinada,cursos_exat_2 -> dia_turno_curso,qualquer_melhoria_na_passada,180.0,1,180.0,600.0,1,0,TEMPO_TOTAL,3,N,EAS
1,1,122,dia_turno_curso,3_N_FIL,53,10304,84686,OPTIMAL,185920.0,185920.0,False,185920.0,1.73,1.41,600.0,,,alfabetica,,,dia_turno_curso,122,44,True,TEMPO_TOTAL,iteracao,combinada_cursos_exat_2_dia_turno_curso,180.0,180.0,600.0,14400.0,False,False,aleatoria,42,aleatoria,42,./dados/2024_1/horarios_2024_1.xlsx,./dados/2024_1/salas_2024_1.csv,./dados/2024_1/salas_preferenciais_2024.1.xlsx,/Users/robertdrey/Documents/workspace/development/alocador_de_salas,resultados/experimentos/2024_1/novas_hibridas/combinada_exat_2_dia_turno/melhor_solucao_seed42.sol,resultados/experimentos/2024_1/novas_hibridas/combinada_exat_2_dia_turno/historico_seed42.csv,resultados/experimentos/2024_1/novas_hibridas/combinada_exat_2_dia_turno/historico_seed42.json,combinada,cursos_exat_2 -> dia_turno_curso,qualquer_melhoria_na_passada,180.0,1,180.0,600.0,1,0,TEMPO_TOTAL,3,N,FIL
1,1,123,dia_turno_curso,3_N_GEO,48,9568,85422,OPTIMAL,185920.0,185920.0,False,185920.0,1.61,1.28,600.0,,,alfabetica,,,dia_turno_curso,123,45,True,TEMPO_TOTAL,iteracao,combinada_cursos_exat_2_dia_turno_curso,180.0,180.0,600.0,14400.0,False,False,aleatoria,42,aleatoria,42,./dados/2024_1/horarios_2024_1.xlsx,./dados/2024_1/salas_2024_1.csv,./dados/2024_1/salas_preferenciais_2024.1.xlsx,/Users/robertdrey/Documents/workspace/development/alocador_de_salas,resultados/experimentos/2024_1/novas_hibridas/combinada_exat_2_dia_turno/melhor_solucao_seed42.sol,resultados/experimentos/2024_1/novas_hibridas/combinada_exat_2_dia_turno/historico_seed42.csv,resultados/experimentos/2024_1/novas_hibridas/combinada_exat_2_dia_turno/historico_seed42.json,combinada,cursos_exat_2 -> dia_turno_curso,qualquer_melhoria_na_passada,180.0,1,180.0,600.0,1,0,TEMPO_TOTAL,3,N,GEO
1,1,124,dia_turno_curso,3_N_HIS,60,11960,83030,OPTIMAL,185920.0,185920.0,False,185920.0,2.12,1.8,600.0,,,alfabetica,,,dia_turno_curso,124,46,True,TEMPO_TOTAL,iteracao,combinada_cursos_exat_2_dia_turno_curso,180.0,180.0,600.0,14400.0,False,False,aleatoria,42,aleatoria,42,./dados/2024_1/horarios_2024_1.xlsx,./dados/2024_1/salas_2024_1.csv,./dados/2024_1/salas_preferenciais_2024.1.xlsx,/Users/robertdrey/Documents/workspace/development/alocador_de_salas,resultados/experimentos/2024_1/novas_hibridas/combinada_exat_2_dia_turno/melhor_solucao_seed42.sol,resultados/experimentos/2024_1/novas_hibridas/combinada_exat_2_dia_turno/historico_seed42.csv,resultados/experimentos/2024_1/novas_hibridas/combinada_exat_2_dia_turno/historico_seed42.json,combinada,cursos_exat_2 -> dia_turno_curso,qualquer_melhoria_na_passada,180.0,1,180.0,600.0,1,0,TEMPO_TOTAL,3,N,HIS
1,1,125,dia_turno_curso,3_N_LET,70,15732,79258,OPTIMAL,185920.0,185920.0,False,185920.0,4.05,3.73,600.0,,,alfabetica,,,dia_turno_curso,125,47,True,TEMPO_TOTAL,iteracao,combinada_cursos_exat_2_dia_turno_curso,180.0,180.0,600.0,14400.0,False,False,aleatoria,42,aleatoria,42,./dados/2024_1/horarios_2024_1.xlsx,./dados/2024_1/salas_2024_1.csv,./dados/2024_1/salas_preferenciais_2024.1.xlsx,/Users/robertdrey/Documents/workspace/development/alocador_de_salas,resultados/experimentos/2024_1/novas_hibridas/combinada_exat_2_dia_turno/melhor_solucao_seed42.sol,resultados/experimentos/2024_1/novas_hibridas/combinada_exat_2_dia_turno/historico_seed42.csv,resultados/experimentos/2024_1/novas_hibridas/combinada_exat_2_dia_turno/historico_seed42.json,combinada,cursos_exat_2 -> dia_turno_curso,qualquer_melhoria_na_passada,180.0,1,180.0,600.0,1,0,TEMPO_TOTAL,3,N,LET
1,1,126,dia_turno_curso,3_N_MAT,58,11960,83030,OPTIMAL,185920.0,185920.0,False,185920.0,2.18,1.84,600.0,,,alfabetica,,,dia_turno_curso,126,48,True,TEMPO_TOTAL,iteracao,combinada_cursos_exat_2_dia_turno_curso,180.0,180.0,600.0,14400.0,False,False,aleatoria,42,aleatoria,42,./dados/2024_1/horarios_2024_1.xlsx,./dados/2024_1/salas_2024_1.csv,./dados/2024_1/salas_preferenciais_2024.1.xlsx,/Users/robertdrey/Documents/workspace/development/alocador_de_salas,resultados/experimentos/2024_1/novas_hibridas/combinada_exat_2_dia_turno/melhor_solucao_seed42.sol,resultados/experimentos/2024_1/novas_hibridas/combinada_exat_2_dia_turno/historico_seed42.csv,resultados/experimentos/2024_1/novas_hibridas/combinada_exat_2_dia_turno/historico_seed42.json,combinada,cursos_exat_2 -> dia_turno_curso,qualquer_melhoria_na_passada,180.0,1,180.0,600.0,1,0,TEMPO_TOTAL,3,N,MAT
1,1,127,dia_turno_curso,3_N_PED,91,19504,75486,OPTIMAL,185920.0,185920.0,False,185920.0,57.4,57.06,600.0,,,alfabetica,,,dia_turno_curso,127,49,True,TEMPO_TOTAL,iteracao,combinada_cursos_exat_2_dia_turno_curso,180.0,180.0,600.0,14400.0,False,False,aleatoria,42,aleatoria,42,./dados/2024_1/horarios_2024_1.xlsx,./dados/2024_1/salas_2024_1.csv,./dados/2024_1/salas_preferenciais_2024.1.xlsx,/Users/robertdrey/Documents/workspace/development/alocador_de_salas,resultados/experimentos/2024_1/novas_hibridas/combinada_exat_2_dia_turno/melhor_solucao_seed42.sol,resultados/experimentos/2024_1/novas_hibridas/combinada_exat_2_dia_turno/historico_seed42.csv,resultados/experimentos/2024_1/novas_hibridas/combinada_exat_2_dia_turno/historico_seed42.json,combinada,cursos_exat_2 -> dia_turno_curso,qualquer_melhoria_na_passada,180.0,1,180.0,600.0,1,0,TEMPO_TOTAL,3,N,PED
1,1,128,dia_turno_curso,4_M_ADM,78,19596,75394,OPTIMAL,185920.0,185920.0,False,185920.0,2.94,2.62,600.0,,,alfabetica,,,dia_turno_curso,128,50,True,TEMPO_TOTAL,iteracao,combinada_cursos_exat_2_dia_turno_curso,180.0,180.0,600.0,14400.0,False,False,aleatoria,42,aleatoria,42,./dados/2024_1/horarios_2024_1.xlsx,./dados/2024_1/salas_2024_1.csv,./dados/2024_1/salas_preferenciais_2024.1.xlsx,/Users/robertdrey/Documents/workspace/development/alocador_de_salas,resultados/experimentos/2024_1/novas_hibridas/combinada_exat_2_dia_turno/melhor_solucao_seed42.sol,resultados/experimentos/2024_1/novas_hibridas/combinada_exat_2_dia_turno/historico_seed42.csv,resultados/experimentos/2024_1/novas_hibridas/combinada_exat_2_dia_turno/historico_seed42.json,combinada,cursos_exat_2 -> dia_turno_curso,qualquer_melhoria_na_passada,180.0,1,180.0,600.0,1,0,TEMPO_TOTAL,4,M,ADM
1,1,129,dia_turno_curso,4_M_AGRO,77,17710,77280,OPTIMAL,185920.0,185920.0,False,185920.0,7.67,7.34,600.0,,,alfabetica,,,dia_turno_curso,129,51,True,TEMPO_TOTAL,iteracao,combinada_cursos_exat_2_dia_turno_curso,180.0,180.0,600.0,14400.0,False,False,aleatoria,42,aleatoria,42,./dados/2024_1/horarios_2024_1.xlsx,./dados/2024_1/salas_2024_1.csv,./dados/2024_1/salas_preferenciais_2024.1.xlsx,/Users/robertdrey/Documents/workspace/development/alocador_de_salas,resultados/experimentos/2024_1/novas_hibridas/combinada_exat_2_dia_turno/melhor_solucao_seed42.sol,resultados/experimentos/2024_1/novas_hibridas/combinada_exat_2_dia_turno/historico_seed42.csv,resultados/experimentos/2024_1/novas_hibridas/combinada_exat_2_dia_turno/historico_seed42.json,combinada,cursos_exat_2 -> dia_turno_curso,qualquer_melhoria_na_passada,180.0,1,180.0,600.0,1,0,TEMPO_TOTAL,4,M,AGRO
1,1,130,dia_turno_curso,4_M_CS,56,15180,79810,OPTIMAL,185920.0,185920.0,False,185920.0,1.43,1.11,600.0,,,alfabetica,,,dia_turno_curso,130,52,True,TEMPO_TOTAL,iteracao,combinada_cursos_exat_2_dia_turno_curso,180.0,180.0,600.0,14400.0,False,False,aleatoria,42,aleatoria,42,./dados/2024_1/horarios_2024_1.xlsx,./dados/2024_1/salas_2024_1.csv,./dados/2024_1/salas_preferenciais_2024.1.xlsx,/Users/robertdrey/Documents/workspace/development/alocador_de_salas,resultados/experimentos/2024_1/novas_hibridas/combinada_exat_2_dia_turno/melhor_solucao_seed42.sol,resultados/experimentos/2024_1/novas_hibridas/combinada_exat_2_dia_turno/historico_seed42.csv,resultados/experimentos/2024_1/novas_hibridas/combinada_exat_2_dia_turno/historico_seed42.json,combinada,cursos_exat_2 -> dia_turno_curso,qualquer_melhoria_na_passada,180.0,1,180.0,600.0,1,0,TEMPO_TOTAL,4,M,CS
1,1,131,dia_turno_curso,4_M_EAS,74,17756,77234,OPTIMAL,185920.0,185920.0,False,185920.0,2.01,1.7,600.0,,,alfabetica,,,dia_turno_curso,131,53,True,TEMPO_TOTAL,iteracao,combinada_cursos_exat_2_dia_turno_curso,180.0,180.0,600.0,14400.0,False,False,aleatoria,42,aleatoria,42,./dados/2024_1/horarios_2024_1.xlsx,./dados/2024_1/salas_2024_1.csv,./dados/2024_1/salas_preferenciais_2024.1.xlsx,/Users/robertdrey/Documents/workspace/development/alocador_de_salas,resultados/experimentos/2024_1/novas_hibridas/combinada_exat_2_dia_turno/melhor_solucao_seed42.sol,resultados/experimentos/2024_1/novas_hibridas/combinada_exat_2_dia_turno/historico_seed42.csv,resultados/experimentos/2024_1/novas_hibridas/combinada_exat_2_dia_turno/historico_seed42.json,combinada,cursos_exat_2 -> dia_turno_curso,qualquer_melhoria_na_passada,180.0,1,180.0,600.0,1,0,TEMPO_TOTAL,4,M,EAS
1,1,132,dia_turno_curso,4_M_ENF,49,15318,79672,OPTIMAL,185920.0,185920.0,False,185920.0,4.71,4.39,600.0,,,alfabetica,,,dia_turno_curso,132,54,True,TEMPO_TOTAL,iteracao,combinada_cursos_exat_2_dia_turno_curso,180.0,180.0,600.0,14400.0,False,False,aleatoria,42,aleatoria,42,./dados/2024_1/horarios_2024_1.xlsx,./dados/2024_1/salas_2024_1.csv,./dados/2024_1/salas_preferenciais_2024.1.xlsx,/Users/robertdrey/Documents/workspace/development/alocador_de_salas,resultados/experimentos/2024_1/novas_hibridas/combinada_exat_2_dia_turno/melhor_solucao_seed42.sol,resultados/experimentos/2024_1/novas_hibridas/combinada_exat_2_dia_turno/historico_seed42.csv,resultados/experimentos/2024_1/novas_hibridas/combinada_exat_2_dia_turno/historico_seed42.json,combinada,cursos_exat_2 -> dia_turno_curso,qualquer_melhoria_na_passada,180.0,1,180.0,600.0,1,0,TEMPO_TOTAL,4,M,ENF
1,1,133,dia_turno_curso,4_M_MED,71,19412,75578,OPTIMAL,185920.0,185920.0,False,185920.0,3.69,3.36,600.0,,,alfabetica,,,dia_turno_curso,133,55,True,TEMPO_TOTAL,iteracao,combinada_cursos_exat_2_dia_turno_curso,180.0,180.0,600.0,14400.0,False,False,aleatoria,42,aleatoria,42,./dados/2024_1/horarios_2024_1.xlsx,./dados/2024_1/salas_2024_1.csv,./dados/2024_1/salas_preferenciais_2024.1.xlsx,/Users/robertdrey/Documents/workspace/development/alocador_de_salas,resultados/experimentos/2024_1/novas_hibridas/combinada_exat_2_dia_turno/melhor_solucao_seed42.sol,resultados/experimentos/2024_1/novas_hibridas/combinada_exat_2_dia_turno/historico_seed42.csv,resultados/experimentos/2024_1/novas_hibridas/combinada_exat_2_dia_turno/historico_seed42.json,combinada,cursos_exat_2 -> dia_turno_curso,qualquer_melhoria_na_passada,180.0,1,180.0,600.0,1,0,TEMPO_TOTAL,4,M,MED
1,1,134,dia_turno_curso,4_M_PED,86,23092,71898,OPTIMAL,185920.0,185920.0,False,185920.0,131.58,131.27,600.0,,,alfabetica,,,dia_turno_curso,134,56,True,TEMPO_TOTAL,iteracao,combinada_cursos_exat_2_dia_turno_curso,180.0,180.0,600.0,14400.0,False,False,aleatoria,42,aleatoria,42,./dados/2024_1/horarios_2024_1.xlsx,./dados/2024_1/salas_2024_1.csv,./dados/2024_1/salas_preferenciais_2024.1.xlsx,/Users/robertdrey/Documents/workspace/development/alocador_de_salas,resultados/experimentos/2024_1/novas_hibridas/combinada_exat_2_dia_turno/melhor_solucao_seed42.sol,resultados/experimentos/2024_1/novas_hibridas/combinada_exat_2_dia_turno/historico_seed42.csv,resultados/experimentos/2024_1/novas_hibridas/combinada_exat_2_dia_turno/historico_seed42.json,combinada,cursos_exat_2 -> dia_turno_curso,qualquer_melhoria_na_passada,180.0,1,180.0,600.0,1,0,TEMPO_TOTAL,4,M,PED
1,1,135,dia_turno_curso,4_T_AGRO,78,19458,75532,OPTIMAL,185920.0,185920.0,False,185920.0,5.43,5.12,600.0,,,alfabetica,,,dia_turno_curso,135,57,True,TEMPO_TOTAL,iteracao,combinada_cursos_exat_2_dia_turno_curso,180.0,180.0,600.0,14400.0,False,False,aleatoria,42,aleatoria,42,./dados/2024_1/horarios_2024_1.xlsx,./dados/2024_1/salas_2024_1.csv,./dados/2024_1/salas_preferenciais_2024.1.xlsx,/Users/robertdrey/Documents/workspace/development/alocador_de_salas,resultados/experimentos/2024_1/novas_hibridas/combinada_exat_2_dia_turno/melhor_solucao_seed42.sol,resultados/experimentos/2024_1/novas_hibridas/combinada_exat_2_dia_turno/historico_seed42.csv,resultados/experimentos/2024_1/novas_hibridas/combinada_exat_2_dia_turno/historico_seed42.json,combinada,cursos_exat_2 -> dia_turno_curso,qualquer_melhoria_na_passada,180.0,1,180.0,600.0,1,0,TEMPO_TOTAL,4,T,AGRO
1,1,136,dia_turno_curso,4_T_CC,69,19964,75026,OPTIMAL,185920.0,185920.0,False,185920.0,58.29,57.97,600.0,,,alfabetica,,,dia_turno_curso,136,58,True,TEMPO_TOTAL,iteracao,combinada_cursos_exat_2_dia_turno_curso,180.0,180.0,600.0,14400.0,False,False,aleatoria,42,aleatoria,42,./dados/2024_1/horarios_2024_1.xlsx,./dados/2024_1/salas_2024_1.csv,./dados/2024_1/salas_preferenciais_2024.1.xlsx,/Users/robertdrey/Documents/workspace/development/alocador_de_salas,resultados/experimentos/2024_1/novas_hibridas/combinada_exat_2_dia_turno/melhor_solucao_seed42.sol,resultados/experimentos/2024_1/novas_hibridas/combinada_exat_2_dia_turno/historico_seed42.csv,resultados/experimentos/2024_1/novas_hibridas/combinada_exat_2_dia_turno/historico_seed42.json,combinada,cursos_exat_2 -> dia_turno_curso,qualquer_melhoria_na_passada,180.0,1,180.0,600.0,1,0,TEMPO_TOTAL,4,T,CC
1,1,137,dia_turno_curso,4_T_CS,50,14950,80040,OPTIMAL,185920.0,185920.0,False,185920.0,1.09,0.78,600.0,,,alfabetica,,,dia_turno_curso,137,59,True,TEMPO_TOTAL,iteracao,combinada_cursos_exat_2_dia_turno_curso,180.0,180.0,600.0,14400.0,False,False,aleatoria,42,aleatoria,42,./dados/2024_1/horarios_2024_1.xlsx,./dados/2024_1/salas_2024_1.csv,./dados/2024_1/salas_preferenciais_2024.1.xlsx,/Users/robertdrey/Documents/workspace/development/alocador_de_salas,resultados/experimentos/2024_1/novas_hibridas/combinada_exat_2_dia_turno/melhor_solucao_seed42.sol,resultados/experimentos/2024_1/novas_hibridas/combinada_exat_2_dia_turno/historico_seed42.csv,resultados/experimentos/2024_1/novas_hibridas/combinada_exat_2_dia_turno/historico_seed42.json,combinada,cursos_exat_2 -> dia_turno_curso,qualquer_melhoria_na_passada,180.0,1,180.0,600.0,1,0,TEMPO_TOTAL,4,T,CS
1,1,138,dia_turno_curso,4_T_EAS,71,17986,77004,OPTIMAL,185920.0,185920.0,False,185920.0,0.98,0.68,600.0,,,alfabetica,,,dia_turno_curso,138,60,True,TEMPO_TOTAL,iteracao,combinada_cursos_exat_2_dia_turno_curso,180.0,180.0,600.0,14400.0,False,False,aleatoria,42,aleatoria,42,./dados/2024_1/horarios_2024_1.xlsx,./dados/2024_1/salas_2024_1.csv,./dados/2024_1/salas_preferenciais_2024.1.xlsx,/Users/robertdrey/Documents/workspace/development/alocador_de_salas,resultados/experimentos/2024_1/novas_hibridas/combinada_exat_2_dia_turno/melhor_solucao_seed42.sol,resultados/experimentos/2024_1/novas_hibridas/combinada_exat_2_dia_turno/historico_seed42.csv,resultados/experimentos/2024_1/novas_hibridas/combinada_exat_2_dia_turno/historico_seed42.json,combinada,cursos_exat_2 -> dia_turno_curso,qualquer_melhoria_na_passada,180.0,1,180.0,600.0,1,0,TEMPO_TOTAL,4,T,EAS
1,1,139,dia_turno_curso,4_T_ENF,43,16192,78798,OPTIMAL,185920.0,185920.0,False,185920.0,7.82,7.52,600.0,,,alfabetica,,,dia_turno_curso,139,61,True,TEMPO_TOTAL,iteracao,combinada_cursos_exat_2_dia_turno_curso,180.0,180.0,600.0,14400.0,False,False,aleatoria,42,aleatoria,42,./dados/2024_1/horarios_2024_1.xlsx,./dados/2024_1/salas_2024_1.csv,./dados/2024_1/salas_preferenciais_2024.1.xlsx,/Users/robertdrey/Documents/workspace/development/alocador_de_salas,resultados/experimentos/2024_1/novas_hibridas/combinada_exat_2_dia_turno/melhor_solucao_seed42.sol,resultados/experimentos/2024_1/novas_hibridas/combinada_exat_2_dia_turno/historico_seed42.csv,resultados/experimentos/2024_1/novas_hibridas/combinada_exat_2_dia_turno/historico_seed42.json,combinada,cursos_exat_2 -> dia_turno_curso,qualquer_melhoria_na_passada,180.0,1,180.0,600.0,1,0,TEMPO_TOTAL,4,T,ENF
1,1,140,dia_turno_curso,4_T_LET,60,17618,77372,OPTIMAL,185920.0,185920.0,False,185920.0,2.4,2.06,600.0,,,alfabetica,,,dia_turno_curso,140,62,True,TEMPO_TOTAL,iteracao,combinada_cursos_exat_2_dia_turno_curso,180.0,180.0,600.0,14400.0,False,False,aleatoria,42,aleatoria,42,./dados/2024_1/horarios_2024_1.xlsx,./dados/2024_1/salas_2024_1.csv,./dados/2024_1/salas_preferenciais_2024.1.xlsx,/Users/robertdrey/Documents/workspace/development/alocador_de_salas,resultados/experimentos/2024_1/novas_hibridas/combinada_exat_2_dia_turno/melhor_solucao_seed42.sol,resultados/experimentos/2024_1/novas_hibridas/combinada_exat_2_dia_turno/historico_seed42.csv,resultados/experimentos/2024_1/novas_hibridas/combinada_exat_2_dia_turno/historico_seed42.json,combinada,cursos_exat_2 -> dia_turno_curso,qualquer_melhoria_na_passada,180.0,1,180.0,600.0,1,0,TEMPO_TOTAL,4,T,LET
1,1,141,dia_turno_curso,4_T_MAT,51,15410,79580,OPTIMAL,185920.0,185920.0,False,185920.0,1.48,1.14,600.0,,,alfabetica,,,dia_turno_curso,141,63,True,TEMPO_TOTAL,iteracao,combinada_cursos_exat_2_dia_turno_curso,180.0,180.0,600.0,14400.0,False,False,aleatoria,42,aleatoria,42,./dados/2024_1/horarios_2024_1.xlsx,./dados/2024_1/salas_2024_1.csv,./dados/2024_1/salas_preferenciais_2024.1.xlsx,/Users/robertdrey/Documents/workspace/development/alocador_de_salas,resultados/experimentos/2024_1/novas_hibridas/combinada_exat_2_dia_turno/melhor_solucao_seed42.sol,resultados/experimentos/2024_1/novas_hibridas/combinada_exat_2_dia_turno/historico_seed42.csv,resultados/experimentos/2024_1/novas_hibridas/combinada_exat_2_dia_turno/historico_seed42.json,combinada,cursos_exat_2 -> dia_turno_curso,qualquer_melhoria_na_passada,180.0,1,180.0,600.0,1,0,TEMPO_TOTAL,4,T,MAT
1,1,142,dia_turno_curso,4_T_MED,64,18676,76314,OPTIMAL,185920.0,185920.0,False,185920.0,2.18,1.85,600.0,,,alfabetica,,,dia_turno_curso,142,64,True,TEMPO_TOTAL,iteracao,combinada_cursos_exat_2_dia_turno_curso,180.0,180.0,600.0,14400.0,False,False,aleatoria,42,aleatoria,42,./dados/2024_1/horarios_2024_1.xlsx,./dados/2024_1/salas_2024_1.csv,./dados/2024_1/salas_preferenciais_2024.1.xlsx,/Users/robertdrey/Documents/workspace/development/alocador_de_salas,resultados/experimentos/2024_1/novas_hibridas/combinada_exat_2_dia_turno/melhor_solucao_seed42.sol,resultados/experimentos/2024_1/novas_hibridas/combinada_exat_2_dia_turno/historico_seed42.csv,resultados/experimentos/2024_1/novas_hibridas/combinada_exat_2_dia_turno/historico_seed42.json,combinada,cursos_exat_2 -> dia_turno_curso,qualquer_melhoria_na_passada,180.0,1,180.0,600.0,1,0,TEMPO_TOTAL,4,T,MED
1,1,143,dia_turno_curso,4_N_ADM,85,18262,76728,OPTIMAL,185920.0,185920.0,False,185920.0,3.4,3.06,600.0,,,alfabetica,,,dia_turno_curso,143,65,True,TEMPO_TOTAL,iteracao,combinada_cursos_exat_2_dia_turno_curso,180.0,180.0,600.0,14400.0,False,False,aleatoria,42,aleatoria,42,./dados/2024_1/horarios_2024_1.xlsx,./dados/2024_1/salas_2024_1.csv,./dados/2024_1/salas_preferenciais_2024.1.xlsx,/Users/robertdrey/Documents/workspace/development/alocador_de_salas,resultados/experimentos/2024_1/novas_hibridas/combinada_exat_2_dia_turno/melhor_solucao_seed42.sol,resultados/experimentos/2024_1/novas_hibridas/combinada_exat_2_dia_turno/historico_seed42.csv,resultados/experimentos/2024_1/novas_hibridas/combinada_exat_2_dia_turno/historico_seed42.json,combinada,cursos_exat_2 -> dia_turno_curso,qualquer_melhoria_na_passada,180.0,1,180.0,600.0,1,0,TEMPO_TOTAL,4,N,ADM
1,1,144,dia_turno_curso,4_N_CC,86,19872,75118,OPTIMAL,185920.0,185913.5,True,185913.5,56.68,56.36,600.0,,,alfabetica,,,dia_turno_curso,144,66,True,TEMPO_TOTAL,iteracao,combinada_cursos_exat_2_dia_turno_curso,180.0,180.0,600.0,14400.0,False,False,aleatoria,42,aleatoria,42,./dados/2024_1/horarios_2024_1.xlsx,./dados/2024_1/salas_2024_1.csv,./dados/2024_1/salas_preferenciais_2024.1.xlsx,/Users/robertdrey/Documents/workspace/development/alocador_de_salas,resultados/experimentos/2024_1/novas_hibridas/combinada_exat_2_dia_turno/melhor_solucao_seed42.sol,resultados/experimentos/2024_1/novas_hibridas/combinada_exat_2_dia_turno/historico_seed42.csv,resultados/experimentos/2024_1/novas_hibridas/combinada_exat_2_dia_turno/historico_seed42.json,combinada,cursos_exat_2 -> dia_turno_curso,qualquer_melhoria_na_passada,180.0,1,180.0,600.0,1,0,TEMPO_TOTAL,4,N,CC
1,1,145,dia_turno_curso,4_N_CS,60,13294,81696,OPTIMAL,185913.5,185913.5,False,185913.5,2.14,1.82,600.0,,,alfabetica,,,dia_turno_curso,145,67,True,TEMPO_TOTAL,iteracao,combinada_cursos_exat_2_dia_turno_curso,180.0,180.0,600.0,14400.0,False,False,aleatoria,42,aleatoria,42,./dados/2024_1/horarios_2024_1.xlsx,./dados/2024_1/salas_2024_1.csv,./dados/2024_1/salas_preferenciais_2024.1.xlsx,/Users/robertdrey/Documents/workspace/development/alocador_de_salas,resultados/experimentos/2024_1/novas_hibridas/combinada_exat_2_dia_turno/melhor_solucao_seed42.sol,resultados/experimentos/2024_1/novas_hibridas/combinada_exat_2_dia_turno/historico_seed42.csv,resultados/experimentos/2024_1/novas_hibridas/combinada_exat_2_dia_turno/historico_seed42.json,combinada,cursos_exat_2 -> dia_turno_curso,qualquer_melhoria_na_passada,180.0,1,180.0,600.0,1,0,TEMPO_TOTAL,4,N,CS
1,1,146,dia_turno_curso,4_N_EAS,86,17204,77786,OPTIMAL,185913.5,185913.5,False,185913.5,2.06,1.74,600.0,,,alfabetica,,,dia_turno_curso,146,68,True,TEMPO_TOTAL,iteracao,combinada_cursos_exat_2_dia_turno_curso,180.0,180.0,600.0,14400.0,False,False,aleatoria,42,aleatoria,42,./dados/2024_1/horarios_2024_1.xlsx,./dados/2024_1/salas_2024_1.csv,./dados/2024_1/salas_preferenciais_2024.1.xlsx,/Users/robertdrey/Documents/workspace/development/alocador_de_salas,resultados/experimentos/2024_1/novas_hibridas/combinada_exat_2_dia_turno/melhor_solucao_seed42.sol,resultados/experimentos/2024_1/novas_hibridas/combinada_exat_2_dia_turno/historico_seed42.csv,resultados/experimentos/2024_1/novas_hibridas/combinada_exat_2_dia_turno/historico_seed42.json,combinada,cursos_exat_2 -> dia_turno_curso,qualquer_melhoria_na_passada,180.0,1,180.0,600.0,1,0,TEMPO_TOTAL,4,N,EAS
1,1,147,dia_turno_curso,4_N_FIL,53,11914,83076,OPTIMAL,185913.5,185913.5,False,185913.5,1.71,1.39,600.0,,,alfabetica,,,dia_turno_curso,147,69,True,TEMPO_TOTAL,iteracao,combinada_cursos_exat_2_dia_turno_curso,180.0,180.0,600.0,14400.0,False,False,aleatoria,42,aleatoria,42,./dados/2024_1/horarios_2024_1.xlsx,./dados/2024_1/salas_2024_1.csv,./dados/2024_1/salas_preferenciais_2024.1.xlsx,/Users/robertdrey/Documents/workspace/development/alocador_de_salas,resultados/experimentos/2024_1/novas_hibridas/combinada_exat_2_dia_turno/melhor_solucao_seed42.sol,resultados/experimentos/2024_1/novas_hibridas/combinada_exat_2_dia_turno/historico_seed42.csv,resultados/experimentos/2024_1/novas_hibridas/combinada_exat_2_dia_turno/historico_seed42.json,combinada,cursos_exat_2 -> dia_turno_curso,qualquer_melhoria_na_passada,180.0,1,180.0,600.0,1,0,TEMPO_TOTAL,4,N,FIL
1,1,148,dia_turno_curso,4_N_GEO,51,11776,83214,OPTIMAL,185913.5,185913.5,False,185913.5,1.92,1.59,600.0,,,alfabetica,,,dia_turno_curso,148,70,True,TEMPO_TOTAL,iteracao,combinada_cursos_exat_2_dia_turno_curso,180.0,180.0,600.0,14400.0,False,False,aleatoria,42,aleatoria,42,./dados/2024_1/horarios_2024_1.xlsx,./dados/2024_1/salas_2024_1.csv,./dados/2024_1/salas_preferenciais_2024.1.xlsx,/Users/robertdrey/Documents/workspace/development/alocador_de_salas,resultados/experimentos/2024_1/novas_hibridas/combinada_exat_2_dia_turno/melhor_solucao_seed42.sol,resultados/experimentos/2024_1/novas_hibridas/combinada_exat_2_dia_turno/historico_seed42.csv,resultados/experimentos/2024_1/novas_hibridas/combinada_exat_2_dia_turno/historico_seed42.json,combinada,cursos_exat_2 -> dia_turno_curso,qualquer_melhoria_na_passada,180.0,1,180.0,600.0,1,0,TEMPO_TOTAL,4,N,GEO
1,1,149,dia_turno_curso,4_N_HIS,62,13938,81052,OPTIMAL,185913.5,185913.5,False,185913.5,1.76,1.44,600.0,,,alfabetica,,,dia_turno_curso,149,71,True,TEMPO_TOTAL,iteracao,combinada_cursos_exat_2_dia_turno_curso,180.0,180.0,600.0,14400.0,False,False,aleatoria,42,aleatoria,42,./dados/2024_1/horarios_2024_1.xlsx,./dados/2024_1/salas_2024_1.csv,./dados/2024_1/salas_preferenciais_2024.1.xlsx,/Users/robertdrey/Documents/workspace/development/alocador_de_salas,resultados/experimentos/2024_1/novas_hibridas/combinada_exat_2_dia_turno/melhor_solucao_seed42.sol,resultados/experimentos/2024_1/novas_hibridas/combinada_exat_2_dia_turno/historico_seed42.csv,resultados/experimentos/2024_1/novas_hibridas/combinada_exat_2_dia_turno/historico_seed42.json,combinada,cursos_exat_2 -> dia_turno_curso,qualquer_melhoria_na_passada,180.0,1,180.0,600.0,1,0,TEMPO_TOTAL,4,N,HIS
1,1,150,dia_turno_curso,4_N_LET,69,16744,78246,TIME_LIMIT,185913.5,185913.5,False,185913.5,600.38,600.03,600.0,,,alfabetica,,,dia_turno_curso,150,72,True,TEMPO_TOTAL,iteracao,combinada_cursos_exat_2_dia_turno_curso,180.0,180.0,600.0,14400.0,False,False,aleatoria,42,aleatoria,42,./dados/2024_1/horarios_2024_1.xlsx,./dados/2024_1/salas_2024_1.csv,./dados/2024_1/salas_preferenciais_2024.1.xlsx,/Users/robertdrey/Documents/workspace/development/alocador_de_salas,resultados/experimentos/2024_1/novas_hibridas/combinada_exat_2_dia_turno/melhor_solucao_seed42.sol,resultados/experimentos/2024_1/novas_hibridas/combinada_exat_2_dia_turno/historico_seed42.csv,resultados/experimentos/2024_1/novas_hibridas/combinada_exat_2_dia_turno/historico_seed42.json,combinada,cursos_exat_2 -> dia_turno_curso,qualquer_melhoria_na_passada,180.0,1,180.0,600.0,1,0,TEMPO_TOTAL,4,N,LET
1,1,151,dia_turno_curso,4_N_MAT,59,13202,81788,OPTIMAL,185913.5,185913.5,False,185913.5,2.27,1.89,600.0,,,alfabetica,,,dia_turno_curso,151,73,True,TEMPO_TOTAL,iteracao,combinada_cursos_exat_2_dia_turno_curso,180.0,180.0,600.0,14400.0,False,False,aleatoria,42,aleatoria,42,./dados/2024_1/horarios_2024_1.xlsx,./dados/2024_1/salas_2024_1.csv,./dados/2024_1/salas_preferenciais_2024.1.xlsx,/Users/robertdrey/Documents/workspace/development/alocador_de_salas,resultados/experimentos/2024_1/novas_hibridas/combinada_exat_2_dia_turno/melhor_solucao_seed42.sol,resultados/experimentos/2024_1/novas_hibridas/combinada_exat_2_dia_turno/historico_seed42.csv,resultados/experimentos/2024_1/novas_hibridas/combinada_exat_2_dia_turno/historico_seed42.json,combinada,cursos_exat_2 -> dia_turno_curso,qualquer_melhoria_na_passada,180.0,1,180.0,600.0,1,0,TEMPO_TOTAL,4,N,MAT
1,1,152,dia_turno_curso,4_N_PED,93,21160,73830,OPTIMAL,185913.5,185913.5,False,185913.5,49.89,49.57,600.0,,,alfabetica,,,dia_turno_curso,152,74,True,TEMPO_TOTAL,iteracao,combinada_cursos_exat_2_dia_turno_curso,180.0,180.0,600.0,14400.0,False,False,aleatoria,42,aleatoria,42,./dados/2024_1/horarios_2024_1.xlsx,./dados/2024_1/salas_2024_1.csv,./dados/2024_1/salas_preferenciais_2024.1.xlsx,/Users/robertdrey/Documents/workspace/development/alocador_de_salas,resultados/experimentos/2024_1/novas_hibridas/combinada_exat_2_dia_turno/melhor_solucao_seed42.sol,resultados/experimentos/2024_1/novas_hibridas/combinada_exat_2_dia_turno/historico_seed42.csv,resultados/experimentos/2024_1/novas_hibridas/combinada_exat_2_dia_turno/historico_seed42.json,combinada,cursos_exat_2 -> dia_turno_curso,qualquer_melhoria_na_passada,180.0,1,180.0,600.0,1,0,TEMPO_TOTAL,4,N,PED
1,1,153,dia_turno_curso,5_M_ADM,80,19734,75256,OPTIMAL,185913.5,185913.5,False,185913.5,2.26,1.94,600.0,,,alfabetica,,,dia_turno_curso,153,75,True,TEMPO_TOTAL,iteracao,combinada_cursos_exat_2_dia_turno_curso,180.0,180.0,600.0,14400.0,False,False,aleatoria,42,aleatoria,42,./dados/2024_1/horarios_2024_1.xlsx,./dados/2024_1/salas_2024_1.csv,./dados/2024_1/salas_preferenciais_2024.1.xlsx,/Users/robertdrey/Documents/workspace/development/alocador_de_salas,resultados/experimentos/2024_1/novas_hibridas/combinada_exat_2_dia_turno/melhor_solucao_seed42.sol,resultados/experimentos/2024_1/novas_hibridas/combinada_exat_2_dia_turno/historico_seed42.csv,resultados/experimentos/2024_1/novas_hibridas/combinada_exat_2_dia_turno/historico_seed42.json,combinada,cursos_exat_2 -> dia_turno_curso,qualquer_melhoria_na_passada,180.0,1,180.0,600.0,1,0,TEMPO_TOTAL,5,M,ADM
1,1,154,dia_turno_curso,5_M_AGRO,80,18492,76498,OPTIMAL,185913.5,185913.5,False,185913.5,9.38,9.07,600.0,,,alfabetica,,,dia_turno_curso,154,76,True,TEMPO_TOTAL,iteracao,combinada_cursos_exat_2_dia_turno_curso,180.0,180.0,600.0,14400.0,False,False,aleatoria,42,aleatoria,42,./dados/2024_1/horarios_2024_1.xlsx,./dados/2024_1/salas_2024_1.csv,./dados/2024_1/salas_preferenciais_2024.1.xlsx,/Users/robertdrey/Documents/workspace/development/alocador_de_salas,resultados/experimentos/2024_1/novas_hibridas/combinada_exat_2_dia_turno/melhor_solucao_seed42.sol,resultados/experimentos/2024_1/novas_hibridas/combinada_exat_2_dia_turno/historico_seed42.csv,resultados/experimentos/2024_1/novas_hibridas/combinada_exat_2_dia_turno/historico_seed42.json,combinada,cursos_exat_2 -> dia_turno_curso,qualquer_melhoria_na_passada,180.0,1,180.0,600.0,1,0,TEMPO_TOTAL,5,M,AGRO
1,1,155,dia_turno_curso,5_M_EAS,75,17618,77372,OPTIMAL,185913.5,185913.5,False,185913.5,2.12,1.81,600.0,,,alfabetica,,,dia_turno_curso,155,77,True,TEMPO_TOTAL,iteracao,combinada_cursos_exat_2_dia_turno_curso,180.0,180.0,600.0,14400.0,False,False,aleatoria,42,aleatoria,42,./dados/2024_1/horarios_2024_1.xlsx,./dados/2024_1/salas_2024_1.csv,./dados/2024_1/salas_preferenciais_2024.1.xlsx,/Users/robertdrey/Documents/workspace/development/alocador_de_salas,resultados/experimentos/2024_1/novas_hibridas/combinada_exat_2_dia_turno/melhor_solucao_seed42.sol,resultados/experimentos/2024_1/novas_hibridas/combinada_exat_2_dia_turno/historico_seed42.csv,resultados/experimentos/2024_1/novas_hibridas/combinada_exat_2_dia_turno/historico_seed42.json,combinada,cursos_exat_2 -> dia_turno_curso,qualquer_melhoria_na_passada,180.0,1,180.0,600.0,1,0,TEMPO_TOTAL,5,M,EAS
1,1,156,dia_turno_curso,5_M_ENF,51,15732,79258,OPTIMAL,185913.5,185913.5,False,185913.5,5.15,4.83,600.0,,,alfabetica,,,dia_turno_curso,156,78,True,TEMPO_TOTAL,iteracao,combinada_cursos_exat_2_dia_turno_curso,180.0,180.0,600.0,14400.0,False,False,aleatoria,42,aleatoria,42,./dados/2024_1/horarios_2024_1.xlsx,./dados/2024_1/salas_2024_1.csv,./dados/2024_1/salas_preferenciais_2024.1.xlsx,/Users/robertdrey/Documents/workspace/development/alocador_de_salas,resultados/experimentos/2024_1/novas_hibridas/combinada_exat_2_dia_turno/melhor_solucao_seed42.sol,resultados/experimentos/2024_1/novas_hibridas/combinada_exat_2_dia_turno/historico_seed42.csv,resultados/experimentos/2024_1/novas_hibridas/combinada_exat_2_dia_turno/historico_seed42.json,combinada,cursos_exat_2 -> dia_turno_curso,qualquer_melhoria_na_passada,180.0,1,180.0,600.0,1,0,TEMPO_TOTAL,5,M,ENF
1,1,157,dia_turno_curso,5_M_MED,74,19550,75440,OPTIMAL,185913.5,185913.5,False,185913.5,3.59,3.26,600.0,,,alfabetica,,,dia_turno_curso,157,79,True,TEMPO_TOTAL,iteracao,combinada_cursos_exat_2_dia_turno_curso,180.0,180.0,600.0,14400.0,False,False,aleatoria,42,aleatoria,42,./dados/2024_1/horarios_2024_1.xlsx,./dados/2024_1/salas_2024_1.csv,./dados/2024_1/salas_preferenciais_2024.1.xlsx,/Users/robertdrey/Documents/workspace/development/alocador_de_salas,resultados/experimentos/2024_1/novas_hibridas/combinada_exat_2_dia_turno/melhor_solucao_seed42.sol,resultados/experimentos/2024_1/novas_hibridas/combinada_exat_2_dia_turno/historico_seed42.csv,resultados/experimentos/2024_1/novas_hibridas/combinada_exat_2_dia_turno/historico_seed42.json,combinada,cursos_exat_2 -> dia_turno_curso,qualquer_melhoria_na_passada,180.0,1,180.0,600.0,1,0,TEMPO_TOTAL,5,M,MED
1,1,158,dia_turno_curso,5_M_PED,89,23230,71760,OPTIMAL,185913.5,185913.5,False,185913.5,15.49,15.16,600.0,,,alfabetica,,,dia_turno_curso,158,80,True,TEMPO_TOTAL,iteracao,combinada_cursos_exat_2_dia_turno_curso,180.0,180.0,600.0,14400.0,False,False,aleatoria,42,aleatoria,42,./dados/2024_1/horarios_2024_1.xlsx,./dados/2024_1/salas_2024_1.csv,./dados/2024_1/salas_preferenciais_2024.1.xlsx,/Users/robertdrey/Documents/workspace/development/alocador_de_salas,resultados/experimentos/2024_1/novas_hibridas/combinada_exat_2_dia_turno/melhor_solucao_seed42.sol,resultados/experimentos/2024_1/novas_hibridas/combinada_exat_2_dia_turno/historico_seed42.csv,resultados/experimentos/2024_1/novas_hibridas/combinada_exat_2_dia_turno/historico_seed42.json,combinada,cursos_exat_2 -> dia_turno_curso,qualquer_melhoria_na_passada,180.0,1,180.0,600.0,1,0,TEMPO_TOTAL,5,M,PED
1,1,159,dia_turno_curso,5_T_AGRO,77,18814,76176,OPTIMAL,185913.5,185913.5,False,185913.5,9.1,8.76,600.0,,,alfabetica,,,dia_turno_curso,159,81,True,TEMPO_TOTAL,iteracao,combinada_cursos_exat_2_dia_turno_curso,180.0,180.0,600.0,14400.0,False,False,aleatoria,42,aleatoria,42,./dados/2024_1/horarios_2024_1.xlsx,./dados/2024_1/salas_2024_1.csv,./dados/2024_1/salas_preferenciais_2024.1.xlsx,/Users/robertdrey/Documents/workspace/development/alocador_de_salas,resultados/experimentos/2024_1/novas_hibridas/combinada_exat_2_dia_turno/melhor_solucao_seed42.sol,resultados/experimentos/2024_1/novas_hibridas/combinada_exat_2_dia_turno/historico_seed42.csv,resultados/experimentos/2024_1/novas_hibridas/combinada_exat_2_dia_turno/historico_seed42.json,combinada,cursos_exat_2 -> dia_turno_curso,qualquer_melhoria_na_passada,180.0,1,180.0,600.0,1,0,TEMPO_TOTAL,5,T,AGRO
1,1,160,dia_turno_curso,5_T_CC,70,19596,75394,OPTIMAL,185913.5,185913.5,False,185913.5,69.48,69.17,600.0,,,alfabetica,,,dia_turno_curso,160,82,True,TEMPO_TOTAL,iteracao,combinada_cursos_exat_2_dia_turno_curso,180.0,180.0,600.0,14400.0,False,False,aleatoria,42,aleatoria,42,./dados/2024_1/horarios_2024_1.xlsx,./dados/2024_1/salas_2024_1.csv,./dados/2024_1/salas_preferenciais_2024.1.xlsx,/Users/robertdrey/Documents/workspace/development/alocador_de_salas,resultados/experimentos/2024_1/novas_hibridas/combinada_exat_2_dia_turno/melhor_solucao_seed42.sol,resultados/experimentos/2024_1/novas_hibridas/combinada_exat_2_dia_turno/historico_seed42.csv,resultados/experimentos/2024_1/novas_hibridas/combinada_exat_2_dia_turno/historico_seed42.json,combinada,cursos_exat_2 -> dia_turno_curso,qualquer_melhoria_na_passada,180.0,1,180.0,600.0,1,0,TEMPO_TOTAL,5,T,CC
1,1,161,dia_turno_curso,5_T_EAS,71,17342,77648,OPTIMAL,185913.5,185913.5,False,185913.5,1.89,1.59,600.0,,,alfabetica,,,dia_turno_curso,161,83,True,TEMPO_TOTAL,iteracao,combinada_cursos_exat_2_dia_turno_curso,180.0,180.0,600.0,14400.0,False,False,aleatoria,42,aleatoria,42,./dados/2024_1/horarios_2024_1.xlsx,./dados/2024_1/salas_2024_1.csv,./dados/2024_1/salas_preferenciais_2024.1.xlsx,/Users/robertdrey/Documents/workspace/development/alocador_de_salas,resultados/experimentos/2024_1/novas_hibridas/combinada_exat_2_dia_turno/melhor_solucao_seed42.sol,resultados/experimentos/2024_1/novas_hibridas/combinada_exat_2_dia_turno/historico_seed42.csv,resultados/experimentos/2024_1/novas_hibridas/combinada_exat_2_dia_turno/historico_seed42.json,combinada,cursos_exat_2 -> dia_turno_curso,qualquer_melhoria_na_passada,180.0,1,180.0,600.0,1,0,TEMPO_TOTAL,5,T,EAS
1,1,162,dia_turno_curso,5_T_ENF,44,14858,80132,OPTIMAL,185913.5,185913.5,False,185913.5,4.64,4.32,600.0,,,alfabetica,,,dia_turno_curso,162,84,True,TEMPO_TOTAL,iteracao,combinada_cursos_exat_2_dia_turno_curso,180.0,180.0,600.0,14400.0,False,False,aleatoria,42,aleatoria,42,./dados/2024_1/horarios_2024_1.xlsx,./dados/2024_1/salas_2024_1.csv,./dados/2024_1/salas_preferenciais_2024.1.xlsx,/Users/robertdrey/Documents/workspace/development/alocador_de_salas,resultados/experimentos/2024_1/novas_hibridas/combinada_exat_2_dia_turno/melhor_solucao_seed42.sol,resultados/experimentos/2024_1/novas_hibridas/combinada_exat_2_dia_turno/historico_seed42.csv,resultados/experimentos/2024_1/novas_hibridas/combinada_exat_2_dia_turno/historico_seed42.json,combinada,cursos_exat_2 -> dia_turno_curso,qualquer_melhoria_na_passada,180.0,1,180.0,600.0,1,0,TEMPO_TOTAL,5,T,ENF
1,1,163,dia_turno_curso,5_T_GEO,40,12650,82340,OPTIMAL,185913.5,185913.5,False,185913.5,1.16,0.84,600.0,,,alfabetica,,,dia_turno_curso,163,85,True,TEMPO_TOTAL,iteracao,combinada_cursos_exat_2_dia_turno_curso,180.0,180.0,600.0,14400.0,False,False,aleatoria,42,aleatoria,42,./dados/2024_1/horarios_2024_1.xlsx,./dados/2024_1/salas_2024_1.csv,./dados/2024_1/salas_preferenciais_2024.1.xlsx,/Users/robertdrey/Documents/workspace/development/alocador_de_salas,resultados/experimentos/2024_1/novas_hibridas/combinada_exat_2_dia_turno/melhor_solucao_seed42.sol,resultados/experimentos/2024_1/novas_hibridas/combinada_exat_2_dia_turno/historico_seed42.csv,resultados/experimentos/2024_1/novas_hibridas/combinada_exat_2_dia_turno/historico_seed42.json,combinada,cursos_exat_2 -> dia_turno_curso,qualquer_melhoria_na_passada,180.0,1,180.0,600.0,1,0,TEMPO_TOTAL,5,T,GEO
1,1,164,dia_turno_curso,5_T_LET,65,18722,76268,OPTIMAL,185913.5,185913.5,False,185913.5,2.88,2.57,600.0,,,alfabetica,,,dia_turno_curso,164,86,True,TEMPO_TOTAL,iteracao,combinada_cursos_exat_2_dia_turno_curso,180.0,180.0,600.0,14400.0,False,False,aleatoria,42,aleatoria,42,./dados/2024_1/horarios_2024_1.xlsx,./dados/2024_1/salas_2024_1.csv,./dados/2024_1/salas_preferenciais_2024.1.xlsx,/Users/robertdrey/Documents/workspace/development/alocador_de_salas,resultados/experimentos/2024_1/novas_hibridas/combinada_exat_2_dia_turno/melhor_solucao_seed42.sol,resultados/experimentos/2024_1/novas_hibridas/combinada_exat_2_dia_turno/historico_seed42.csv,resultados/experimentos/2024_1/novas_hibridas/combinada_exat_2_dia_turno/historico_seed42.json,combinada,cursos_exat_2 -> dia_turno_curso,qualquer_melhoria_na_passada,180.0,1,180.0,600.0,1,0,TEMPO_TOTAL,5,T,LET
1,1,165,dia_turno_curso,5_T_MED,67,19274,75716,OPTIMAL,185913.5,185913.5,False,185913.5,2.86,2.53,600.0,,,alfabetica,,,dia_turno_curso,165,87,True,TEMPO_TOTAL,iteracao,combinada_cursos_exat_2_dia_turno_curso,180.0,180.0,600.0,14400.0,False,False,aleatoria,42,aleatoria,42,./dados/2024_1/horarios_2024_1.xlsx,./dados/2024_1/salas_2024_1.csv,./dados/2024_1/salas_preferenciais_2024.1.xlsx,/Users/robertdrey/Documents/workspace/development/alocador_de_salas,resultados/experimentos/2024_1/novas_hibridas/combinada_exat_2_dia_turno/melhor_solucao_seed42.sol,resultados/experimentos/2024_1/novas_hibridas/combinada_exat_2_dia_turno/historico_seed42.csv,resultados/experimentos/2024_1/novas_hibridas/combinada_exat_2_dia_turno/historico_seed42.json,combinada,cursos_exat_2 -> dia_turno_curso,qualquer_melhoria_na_passada,180.0,1,180.0,600.0,1,0,TEMPO_TOTAL,5,T,MED
1,1,166,dia_turno_curso,5_N_ADM,83,16652,78338,OPTIMAL,185913.5,185913.5,False,185913.5,2.48,2.16,600.0,,,alfabetica,,,dia_turno_curso,166,88,True,TEMPO_TOTAL,iteracao,combinada_cursos_exat_2_dia_turno_curso,180.0,180.0,600.0,14400.0,False,False,aleatoria,42,aleatoria,42,./dados/2024_1/horarios_2024_1.xlsx,./dados/2024_1/salas_2024_1.csv,./dados/2024_1/salas_preferenciais_2024.1.xlsx,/Users/robertdrey/Documents/workspace/development/alocador_de_salas,resultados/experimentos/2024_1/novas_hibridas/combinada_exat_2_dia_turno/melhor_solucao_seed42.sol,resultados/experimentos/2024_1/novas_hibridas/combinada_exat_2_dia_turno/historico_seed42.csv,resultados/experimentos/2024_1/novas_hibridas/combinada_exat_2_dia_turno/historico_seed42.json,combinada,cursos_exat_2 -> dia_turno_curso,qualquer_melhoria_na_passada,180.0,1,180.0,600.0,1,0,TEMPO_TOTAL,5,N,ADM
1,1,167,dia_turno_curso,5_N_CC,83,18078,76912,OPTIMAL,185913.5,185913.5,False,185913.5,13.7,13.37,600.0,,,alfabetica,,,dia_turno_curso,167,89,True,TEMPO_TOTAL,iteracao,combinada_cursos_exat_2_dia_turno_curso,180.0,180.0,600.0,14400.0,False,False,aleatoria,42,aleatoria,42,./dados/2024_1/horarios_2024_1.xlsx,./dados/2024_1/salas_2024_1.csv,./dados/2024_1/salas_preferenciais_2024.1.xlsx,/Users/robertdrey/Documents/workspace/development/alocador_de_salas,resultados/experimentos/2024_1/novas_hibridas/combinada_exat_2_dia_turno/melhor_solucao_seed42.sol,resultados/experimentos/2024_1/novas_hibridas/combinada_exat_2_dia_turno/historico_seed42.csv,resultados/experimentos/2024_1/novas_hibridas/combinada_exat_2_dia_turno/historico_seed42.json,combinada,cursos_exat_2 -> dia_turno_curso,qualquer_melhoria_na_passada,180.0,1,180.0,600.0,1,0,TEMPO_TOTAL,5,N,CC
1,1,168,dia_turno_curso,5_N_CS,57,11914,83076,OPTIMAL,185913.5,185913.5,False,185913.5,1.55,1.24,600.0,,,alfabetica,,,dia_turno_curso,168,90,True,TEMPO_TOTAL,iteracao,combinada_cursos_exat_2_dia_turno_curso,180.0,180.0,600.0,14400.0,False,False,aleatoria,42,aleatoria,42,./dados/2024_1/horarios_2024_1.xlsx,./dados/2024_1/salas_2024_1.csv,./dados/2024_1/salas_preferenciais_2024.1.xlsx,/Users/robertdrey/Documents/workspace/development/alocador_de_salas,resultados/experimentos/2024_1/novas_hibridas/combinada_exat_2_dia_turno/melhor_solucao_seed42.sol,resultados/experimentos/2024_1/novas_hibridas/combinada_exat_2_dia_turno/historico_seed42.csv,resultados/experimentos/2024_1/novas_hibridas/combinada_exat_2_dia_turno/historico_seed42.json,combinada,cursos_exat_2 -> dia_turno_curso,qualquer_melhoria_na_passada,180.0,1,180.0,600.0,1,0,TEMPO_TOTAL,5,N,CS
1,1,169,dia_turno_curso,5_N_EAS,83,14950,80040,OPTIMAL,185913.5,185913.5,False,185913.5,2.08,1.76,600.0,,,alfabetica,,,dia_turno_curso,169,91,True,TEMPO_TOTAL,iteracao,combinada_cursos_exat_2_dia_turno_curso,180.0,180.0,600.0,14400.0,False,False,aleatoria,42,aleatoria,42,./dados/2024_1/horarios_2024_1.xlsx,./dados/2024_1/salas_2024_1.csv,./dados/2024_1/salas_preferenciais_2024.1.xlsx,/Users/robertdrey/Documents/workspace/development/alocador_de_salas,resultados/experimentos/2024_1/novas_hibridas/combinada_exat_2_dia_turno/melhor_solucao_seed42.sol,resultados/experimentos/2024_1/novas_hibridas/combinada_exat_2_dia_turno/historico_seed42.csv,resultados/experimentos/2024_1/novas_hibridas/combinada_exat_2_dia_turno/historico_seed42.json,combinada,cursos_exat_2 -> dia_turno_curso,qualquer_melhoria_na_passada,180.0,1,180.0,600.0,1,0,TEMPO_TOTAL,5,N,EAS
1,1,170,dia_turno_curso,5_N_FIL,51,10304,84686,OPTIMAL,185913.5,185913.5,False,185913.5,1.72,1.4,600.0,,,alfabetica,,,dia_turno_curso,170,92,True,TEMPO_TOTAL,iteracao,combinada_cursos_exat_2_dia_turno_curso,180.0,180.0,600.0,14400.0,False,False,aleatoria,42,aleatoria,42,./dados/2024_1/horarios_2024_1.xlsx,./dados/2024_1/salas_2024_1.csv,./dados/2024_1/salas_preferenciais_2024.1.xlsx,/Users/robertdrey/Documents/workspace/development/alocador_de_salas,resultados/experimentos/2024_1/novas_hibridas/combinada_exat_2_dia_turno/melhor_solucao_seed42.sol,resultados/experimentos/2024_1/novas_hibridas/combinada_exat_2_dia_turno/historico_seed42.csv,resultados/experimentos/2024_1/novas_hibridas/combinada_exat_2_dia_turno/historico_seed42.json,combinada,cursos_exat_2 -> dia_turno_curso,qualquer_melhoria_na_passada,180.0,1,180.0,600.0,1,0,TEMPO_TOTAL,5,N,FIL
1,1,171,dia_turno_curso,5_N_GEO,48,9844,85146,OPTIMAL,185913.5,185913.5,False,185913.5,1.39,1.07,600.0,,,alfabetica,,,dia_turno_curso,171,93,True,TEMPO_TOTAL,iteracao,combinada_cursos_exat_2_dia_turno_curso,180.0,180.0,600.0,14400.0,False,False,aleatoria,42,aleatoria,42,./dados/2024_1/horarios_2024_1.xlsx,./dados/2024_1/salas_2024_1.csv,./dados/2024_1/salas_preferenciais_2024.1.xlsx,/Users/robertdrey/Documents/workspace/development/alocador_de_salas,resultados/experimentos/2024_1/novas_hibridas/combinada_exat_2_dia_turno/melhor_solucao_seed42.sol,resultados/experimentos/2024_1/novas_hibridas/combinada_exat_2_dia_turno/historico_seed42.csv,resultados/experimentos/2024_1/novas_hibridas/combinada_exat_2_dia_turno/historico_seed42.json,combinada,cursos_exat_2 -> dia_turno_curso,qualquer_melhoria_na_passada,180.0,1,180.0,600.0,1,0,TEMPO_TOTAL,5,N,GEO
1,1,172,dia_turno_curso,5_N_HIS,58,11960,83030,OPTIMAL,185913.5,185913.5,False,185913.5,2.04,1.73,600.0,,,alfabetica,,,dia_turno_curso,172,94,True,TEMPO_TOTAL,iteracao,combinada_cursos_exat_2_dia_turno_curso,180.0,180.0,600.0,14400.0,False,False,aleatoria,42,aleatoria,42,./dados/2024_1/horarios_2024_1.xlsx,./dados/2024_1/salas_2024_1.csv,./dados/2024_1/salas_preferenciais_2024.1.xlsx,/Users/robertdrey/Documents/workspace/development/alocador_de_salas,resultados/experimentos/2024_1/novas_hibridas/combinada_exat_2_dia_turno/melhor_solucao_seed42.sol,resultados/experimentos/2024_1/novas_hibridas/combinada_exat_2_dia_turno/historico_seed42.csv,resultados/experimentos/2024_1/novas_hibridas/combinada_exat_2_dia_turno/historico_seed42.json,combinada,cursos_exat_2 -> dia_turno_curso,qualquer_melhoria_na_passada,180.0,1,180.0,600.0,1,0,TEMPO_TOTAL,5,N,HIS
1,1,173,dia_turno_curso,5_N_LET,68,15962,79028,OPTIMAL,185913.5,185913.5,False,185913.5,4.03,3.72,600.0,,,alfabetica,,,dia_turno_curso,173,95,True,TEMPO_TOTAL,iteracao,combinada_cursos_exat_2_dia_turno_curso,180.0,180.0,600.0,14400.0,False,False,aleatoria,42,aleatoria,42,./dados/2024_1/horarios_2024_1.xlsx,./dados/2024_1/salas_2024_1.csv,./dados/2024_1/salas_preferenciais_2024.1.xlsx,/Users/robertdrey/Documents/workspace/development/alocador_de_salas,resultados/experimentos/2024_1/novas_hibridas/combinada_exat_2_dia_turno/melhor_solucao_seed42.sol,resultados/experimentos/2024_1/novas_hibridas/combinada_exat_2_dia_turno/historico_seed42.csv,resultados/experimentos/2024_1/novas_hibridas/combinada_exat_2_dia_turno/historico_seed42.json,combinada,cursos_exat_2 -> dia_turno_curso,qualquer_melhoria_na_passada,180.0,1,180.0,600.0,1,0,TEMPO_TOTAL,5,N,LET
1,1,174,dia_turno_curso,5_N_MAT,58,12328,82662,OPTIMAL,185913.5,185913.5,False,185913.5,2.45,2.13,600.0,,,alfabetica,,,dia_turno_curso,174,96,True,TEMPO_TOTAL,iteracao,combinada_cursos_exat_2_dia_turno_curso,180.0,180.0,600.0,14400.0,False,False,aleatoria,42,aleatoria,42,./dados/2024_1/horarios_2024_1.xlsx,./dados/2024_1/salas_2024_1.csv,./dados/2024_1/salas_preferenciais_2024.1.xlsx,/Users/robertdrey/Documents/workspace/development/alocador_de_salas,resultados/experimentos/2024_1/novas_hibridas/combinada_exat_2_dia_turno/melhor_solucao_seed42.sol,resultados/experimentos/2024_1/novas_hibridas/combinada_exat_2_dia_turno/historico_seed42.csv,resultados/experimentos/2024_1/novas_hibridas/combinada_exat_2_dia_turno/historico_seed42.json,combinada,cursos_exat_2 -> dia_turno_curso,qualquer_melhoria_na_passada,180.0,1,180.0,600.0,1,0,TEMPO_TOTAL,5,N,MAT
1,1,175,dia_turno_curso,5_N_MED,78,16928,78062,OPTIMAL,185913.5,185913.5,False,185913.5,2.52,2.18,600.0,,,alfabetica,,,dia_turno_curso,175,97,True,TEMPO_TOTAL,iteracao,combinada_cursos_exat_2_dia_turno_curso,180.0,180.0,600.0,14400.0,False,False,aleatoria,42,aleatoria,42,./dados/2024_1/horarios_2024_1.xlsx,./dados/2024_1/salas_2024_1.csv,./dados/2024_1/salas_preferenciais_2024.1.xlsx,/Users/robertdrey/Documents/workspace/development/alocador_de_salas,resultados/experimentos/2024_1/novas_hibridas/combinada_exat_2_dia_turno/melhor_solucao_seed42.sol,resultados/experimentos/2024_1/novas_hibridas/combinada_exat_2_dia_turno/historico_seed42.csv,resultados/experimentos/2024_1/novas_hibridas/combinada_exat_2_dia_turno/historico_seed42.json,combinada,cursos_exat_2 -> dia_turno_curso,qualquer_melhoria_na_passada,180.0,1,180.0,600.0,1,0,TEMPO_TOTAL,5,N,MED
1,1,176,dia_turno_curso,5_N_PED,90,19780,75210,OPTIMAL,185913.5,185913.5,False,185913.5,26.83,26.5,600.0,,,alfabetica,,,dia_turno_curso,176,98,True,TEMPO_TOTAL,iteracao,combinada_cursos_exat_2_dia_turno_curso,180.0,180.0,600.0,14400.0,False,False,aleatoria,42,aleatoria,42,./dados/2024_1/horarios_2024_1.xlsx,./dados/2024_1/salas_2024_1.csv,./dados/2024_1/salas_preferenciais_2024.1.xlsx,/Users/robertdrey/Documents/workspace/development/alocador_de_salas,resultados/experimentos/2024_1/novas_hibridas/combinada_exat_2_dia_turno/melhor_solucao_seed42.sol,resultados/experimentos/2024_1/novas_hibridas/combinada_exat_2_dia_turno/historico_seed42.csv,resultados/experimentos/2024_1/novas_hibridas/combinada_exat_2_dia_turno/historico_seed42.json,combinada,cursos_exat_2 -> dia_turno_curso,qualquer_melhoria_na_passada,180.0,1,180.0,600.0,1,0,TEMPO_TOTAL,5,N,PED
1,1,177,dia_turno_curso,6_M_ADM,74,15226,79764,OPTIMAL,185913.5,185913.5,False,185913.5,1.74,1.43,600.0,,,alfabetica,,,dia_turno_curso,177,99,True,TEMPO_TOTAL,iteracao,combinada_cursos_exat_2_dia_turno_curso,180.0,180.0,600.0,14400.0,False,False,aleatoria,42,aleatoria,42,./dados/2024_1/horarios_2024_1.xlsx,./dados/2024_1/salas_2024_1.csv,./dados/2024_1/salas_preferenciais_2024.1.xlsx,/Users/robertdrey/Documents/workspace/development/alocador_de_salas,resultados/experimentos/2024_1/novas_hibridas/combinada_exat_2_dia_turno/melhor_solucao_seed42.sol,resultados/experimentos/2024_1/novas_hibridas/combinada_exat_2_dia_turno/historico_seed42.csv,resultados/experimentos/2024_1/novas_hibridas/combinada_exat_2_dia_turno/historico_seed42.json,combinada,cursos_exat_2 -> dia_turno_curso,qualquer_melhoria_na_passada,180.0,1,180.0,600.0,1,0,TEMPO_TOTAL,6,M,ADM
1,1,178,dia_turno_curso,6_M_AGRO,76,14168,80822,OPTIMAL,185913.5,185913.5,False,185913.5,5.4,5.08,600.0,,,alfabetica,,,dia_turno_curso,178,100,True,TEMPO_TOTAL,iteracao,combinada_cursos_exat_2_dia_turno_curso,180.0,180.0,600.0,14400.0,False,False,aleatoria,42,aleatoria,42,./dados/2024_1/horarios_2024_1.xlsx,./dados/2024_1/salas_2024_1.csv,./dados/2024_1/salas_preferenciais_2024.1.xlsx,/Users/robertdrey/Documents/workspace/development/alocador_de_salas,resultados/experimentos/2024_1/novas_hibridas/combinada_exat_2_dia_turno/melhor_solucao_seed42.sol,resultados/experimentos/2024_1/novas_hibridas/combinada_exat_2_dia_turno/historico_seed42.csv,resultados/experimentos/2024_1/novas_hibridas/combinada_exat_2_dia_turno/historico_seed42.json,combinada,cursos_exat_2 -> dia_turno_curso,qualquer_melhoria_na_passada,180.0,1,180.0,600.0,1,0,TEMPO_TOTAL,6,M,AGRO
1,1,179,dia_turno_curso,6_M_EAS,69,13294,81696,OPTIMAL,185913.5,185913.5,False,185913.5,1.86,1.54,600.0,,,alfabetica,,,dia_turno_curso,179,101,True,TEMPO_TOTAL,iteracao,combinada_cursos_exat_2_dia_turno_curso,180.0,180.0,600.0,14400.0,False,False,aleatoria,42,aleatoria,42,./dados/2024_1/horarios_2024_1.xlsx,./dados/2024_1/salas_2024_1.csv,./dados/2024_1/salas_preferenciais_2024.1.xlsx,/Users/robertdrey/Documents/workspace/development/alocador_de_salas,resultados/experimentos/2024_1/novas_hibridas/combinada_exat_2_dia_turno/melhor_solucao_seed42.sol,resultados/experimentos/2024_1/novas_hibridas/combinada_exat_2_dia_turno/historico_seed42.csv,resultados/experimentos/2024_1/novas_hibridas/combinada_exat_2_dia_turno/historico_seed42.json,combinada,cursos_exat_2 -> dia_turno_curso,qualquer_melhoria_na_passada,180.0,1,180.0,600.0,1,0,TEMPO_TOTAL,6,M,EAS
1,1,180,dia_turno_curso,6_M_MED,69,15778,79212,OPTIMAL,185913.5,185913.5,False,185913.5,2.55,2.23,600.0,,,alfabetica,,,dia_turno_curso,180,102,True,TEMPO_TOTAL,iteracao,combinada_cursos_exat_2_dia_turno_curso,180.0,180.0,600.0,14400.0,False,False,aleatoria,42,aleatoria,42,./dados/2024_1/horarios_2024_1.xlsx,./dados/2024_1/salas_2024_1.csv,./dados/2024_1/salas_preferenciais_2024.1.xlsx,/Users/robertdrey/Documents/workspace/development/alocador_de_salas,resultados/experimentos/2024_1/novas_hibridas/combinada_exat_2_dia_turno/melhor_solucao_seed42.sol,resultados/experimentos/2024_1/novas_hibridas/combinada_exat_2_dia_turno/historico_seed42.csv,resultados/experimentos/2024_1/novas_hibridas/combinada_exat_2_dia_turno/historico_seed42.json,combinada,cursos_exat_2 -> dia_turno_curso,qualquer_melhoria_na_passada,180.0,1,180.0,600.0,1,0,TEMPO_TOTAL,6,M,MED
1,1,181,dia_turno_curso,6_M_PED,81,18078,76912,OPTIMAL,185913.5,185913.5,False,185913.5,22.53,22.18,600.0,,,alfabetica,,,dia_turno_curso,181,103,True,TEMPO_TOTAL,iteracao,combinada_cursos_exat_2_dia_turno_curso,180.0,180.0,600.0,14400.0,False,False,aleatoria,42,aleatoria,42,./dados/2024_1/horarios_2024_1.xlsx,./dados/2024_1/salas_2024_1.csv,./dados/2024_1/salas_preferenciais_2024.1.xlsx,/Users/robertdrey/Documents/workspace/development/alocador_de_salas,resultados/experimentos/2024_1/novas_hibridas/combinada_exat_2_dia_turno/melhor_solucao_seed42.sol,resultados/experimentos/2024_1/novas_hibridas/combinada_exat_2_dia_turno/historico_seed42.csv,resultados/experimentos/2024_1/novas_hibridas/combinada_exat_2_dia_turno/historico_seed42.json,combinada,cursos_exat_2 -> dia_turno_curso,qualquer_melhoria_na_passada,180.0,1,180.0,600.0,1,0,TEMPO_TOTAL,6,M,PED
1,1,182,dia_turno_curso,6_T_AGRO,79,20102,74888,OPTIMAL,185913.5,185893.5,True,185893.5,6.48,6.15,600.0,,,alfabetica,,,dia_turno_curso,182,104,True,TEMPO_TOTAL,iteracao,combinada_cursos_exat_2_dia_turno_curso,180.0,180.0,600.0,14400.0,False,False,aleatoria,42,aleatoria,42,./dados/2024_1/horarios_2024_1.xlsx,./dados/2024_1/salas_2024_1.csv,./dados/2024_1/salas_preferenciais_2024.1.xlsx,/Users/robertdrey/Documents/workspace/development/alocador_de_salas,resultados/experimentos/2024_1/novas_hibridas/combinada_exat_2_dia_turno/melhor_solucao_seed42.sol,resultados/experimentos/2024_1/novas_hibridas/combinada_exat_2_dia_turno/historico_seed42.csv,resultados/experimentos/2024_1/novas_hibridas/combinada_exat_2_dia_turno/historico_seed42.json,combinada,cursos_exat_2 -> dia_turno_curso,qualquer_melhoria_na_passada,180.0,1,180.0,600.0,1,0,TEMPO_TOTAL,6,T,AGRO
1,1,183,dia_turno_curso,6_T_CC,68,20102,74888,OPTIMAL,185893.5,185893.5,False,185893.5,54.3,54.0,600.0,,,alfabetica,,,dia_turno_curso,183,105,True,TEMPO_TOTAL,iteracao,combinada_cursos_exat_2_dia_turno_curso,180.0,180.0,600.0,14400.0,False,False,aleatoria,42,aleatoria,42,./dados/2024_1/horarios_2024_1.xlsx,./dados/2024_1/salas_2024_1.csv,./dados/2024_1/salas_preferenciais_2024.1.xlsx,/Users/robertdrey/Documents/workspace/development/alocador_de_salas,resultados/experimentos/2024_1/novas_hibridas/combinada_exat_2_dia_turno/melhor_solucao_seed42.sol,resultados/experimentos/2024_1/novas_hibridas/combinada_exat_2_dia_turno/historico_seed42.csv,resultados/experimentos/2024_1/novas_hibridas/combinada_exat_2_dia_turno/historico_seed42.json,combinada,cursos_exat_2 -> dia_turno_curso,qualquer_melhoria_na_passada,180.0,1,180.0,600.0,1,0,TEMPO_TOTAL,6,T,CC
1,1,184,dia_turno_curso,6_T_EAS,71,18124,76866,OPTIMAL,185893.5,185893.5,False,185893.5,1.38,1.08,600.0,,,alfabetica,,,dia_turno_curso,184,106,True,TEMPO_TOTAL,iteracao,combinada_cursos_exat_2_dia_turno_curso,180.0,180.0,600.0,14400.0,False,False,aleatoria,42,aleatoria,42,./dados/2024_1/horarios_2024_1.xlsx,./dados/2024_1/salas_2024_1.csv,./dados/2024_1/salas_preferenciais_2024.1.xlsx,/Users/robertdrey/Documents/workspace/development/alocador_de_salas,resultados/experimentos/2024_1/novas_hibridas/combinada_exat_2_dia_turno/melhor_solucao_seed42.sol,resultados/experimentos/2024_1/novas_hibridas/combinada_exat_2_dia_turno/historico_seed42.csv,resultados/experimentos/2024_1/novas_hibridas/combinada_exat_2_dia_turno/historico_seed42.json,combinada,cursos_exat_2 -> dia_turno_curso,qualquer_melhoria_na_passada,180.0,1,180.0,600.0,1,0,TEMPO_TOTAL,6,T,EAS
1,1,185,dia_turno_curso,6_T_ENF,43,15364,79626,OPTIMAL,185893.5,185893.5,False,185893.5,6.09,5.77,600.0,,,alfabetica,,,dia_turno_curso,185,107,True,TEMPO_TOTAL,iteracao,combinada_cursos_exat_2_dia_turno_curso,180.0,180.0,600.0,14400.0,False,False,aleatoria,42,aleatoria,42,./dados/2024_1/horarios_2024_1.xlsx,./dados/2024_1/salas_2024_1.csv,./dados/2024_1/salas_preferenciais_2024.1.xlsx,/Users/robertdrey/Documents/workspace/development/alocador_de_salas,resultados/experimentos/2024_1/novas_hibridas/combinada_exat_2_dia_turno/melhor_solucao_seed42.sol,resultados/experimentos/2024_1/novas_hibridas/combinada_exat_2_dia_turno/historico_seed42.csv,resultados/experimentos/2024_1/novas_hibridas/combinada_exat_2_dia_turno/historico_seed42.json,combinada,cursos_exat_2 -> dia_turno_curso,qualquer_melhoria_na_passada,180.0,1,180.0,600.0,1,0,TEMPO_TOTAL,6,T,ENF
1,1,186,dia_turno_curso,6_T_LET,63,18998,75992,OPTIMAL,185893.5,185893.5,False,185893.5,2.63,2.3,600.0,,,alfabetica,,,dia_turno_curso,186,108,True,TEMPO_TOTAL,iteracao,combinada_cursos_exat_2_dia_turno_curso,180.0,180.0,600.0,14400.0,False,False,aleatoria,42,aleatoria,42,./dados/2024_1/horarios_2024_1.xlsx,./dados/2024_1/salas_2024_1.csv,./dados/2024_1/salas_preferenciais_2024.1.xlsx,/Users/robertdrey/Documents/workspace/development/alocador_de_salas,resultados/experimentos/2024_1/novas_hibridas/combinada_exat_2_dia_turno/melhor_solucao_seed42.sol,resultados/experimentos/2024_1/novas_hibridas/combinada_exat_2_dia_turno/historico_seed42.csv,resultados/experimentos/2024_1/novas_hibridas/combinada_exat_2_dia_turno/historico_seed42.json,combinada,cursos_exat_2 -> dia_turno_curso,qualquer_melhoria_na_passada,180.0,1,180.0,600.0,1,0,TEMPO_TOTAL,6,T,LET
1,1,187,dia_turno_curso,6_T_MED,64,19274,75716,OPTIMAL,185893.5,185893.5,False,185893.5,2.43,2.1,600.0,,,alfabetica,,,dia_turno_curso,187,109,True,TEMPO_TOTAL,iteracao,combinada_cursos_exat_2_dia_turno_curso,180.0,180.0,600.0,14400.0,False,False,aleatoria,42,aleatoria,42,./dados/2024_1/horarios_2024_1.xlsx,./dados/2024_1/salas_2024_1.csv,./dados/2024_1/salas_preferenciais_2024.1.xlsx,/Users/robertdrey/Documents/workspace/development/alocador_de_salas,resultados/experimentos/2024_1/novas_hibridas/combinada_exat_2_dia_turno/melhor_solucao_seed42.sol,resultados/experimentos/2024_1/novas_hibridas/combinada_exat_2_dia_turno/historico_seed42.csv,resultados/experimentos/2024_1/novas_hibridas/combinada_exat_2_dia_turno/historico_seed42.json,combinada,cursos_exat_2 -> dia_turno_curso,qualquer_melhoria_na_passada,180.0,1,180.0,600.0,1,0,TEMPO_TOTAL,6,T,MED
1,1,188,dia_turno_curso,6_N_ADM,83,17158,77832,OPTIMAL,185893.5,185893.5,False,185893.5,1.98,1.66,600.0,,,alfabetica,,,dia_turno_curso,188,110,True,TEMPO_TOTAL,iteracao,combinada_cursos_exat_2_dia_turno_curso,180.0,180.0,600.0,14400.0,False,False,aleatoria,42,aleatoria,42,./dados/2024_1/horarios_2024_1.xlsx,./dados/2024_1/salas_2024_1.csv,./dados/2024_1/salas_preferenciais_2024.1.xlsx,/Users/robertdrey/Documents/workspace/development/alocador_de_salas,resultados/experimentos/2024_1/novas_hibridas/combinada_exat_2_dia_turno/melhor_solucao_seed42.sol,resultados/experimentos/2024_1/novas_hibridas/combinada_exat_2_dia_turno/historico_seed42.csv,resultados/experimentos/2024_1/novas_hibridas/combinada_exat_2_dia_turno/historico_seed42.json,combinada,cursos_exat_2 -> dia_turno_curso,qualquer_melhoria_na_passada,180.0,1,180.0,600.0,1,0,TEMPO_TOTAL,6,N,ADM
1,1,189,dia_turno_curso,6_N_AGRO,89,16422,78568,OPTIMAL,185893.5,185893.5,False,185893.5,5.47,5.16,600.0,,,alfabetica,,,dia_turno_curso,189,111,True,TEMPO_TOTAL,iteracao,combinada_cursos_exat_2_dia_turno_curso,180.0,180.0,600.0,14400.0,False,False,aleatoria,42,aleatoria,42,./dados/2024_1/horarios_2024_1.xlsx,./dados/2024_1/salas_2024_1.csv,./dados/2024_1/salas_preferenciais_2024.1.xlsx,/Users/robertdrey/Documents/workspace/development/alocador_de_salas,resultados/experimentos/2024_1/novas_hibridas/combinada_exat_2_dia_turno/melhor_solucao_seed42.sol,resultados/experimentos/2024_1/novas_hibridas/combinada_exat_2_dia_turno/historico_seed42.csv,resultados/experimentos/2024_1/novas_hibridas/combinada_exat_2_dia_turno/historico_seed42.json,combinada,cursos_exat_2 -> dia_turno_curso,qualquer_melhoria_na_passada,180.0,1,180.0,600.0,1,0,TEMPO_TOTAL,6,N,AGRO
1,1,190,dia_turno_curso,6_N_CC,82,18400,76590,OPTIMAL,185893.5,185893.5,False,185893.5,24.0,23.68,600.0,,,alfabetica,,,dia_turno_curso,190,112,True,TEMPO_TOTAL,iteracao,combinada_cursos_exat_2_dia_turno_curso,180.0,180.0,600.0,14400.0,False,False,aleatoria,42,aleatoria,42,./dados/2024_1/horarios_2024_1.xlsx,./dados/2024_1/salas_2024_1.csv,./dados/2024_1/salas_preferenciais_2024.1.xlsx,/Users/robertdrey/Documents/workspace/development/alocador_de_salas,resultados/experimentos/2024_1/novas_hibridas/combinada_exat_2_dia_turno/melhor_solucao_seed42.sol,resultados/experimentos/2024_1/novas_hibridas/combinada_exat_2_dia_turno/historico_seed42.csv,resultados/experimentos/2024_1/novas_hibridas/combinada_exat_2_dia_turno/historico_seed42.json,combinada,cursos_exat_2 -> dia_turno_curso,qualquer_melhoria_na_passada,180.0,1,180.0,600.0,1,0,TEMPO_TOTAL,6,N,CC
1,1,191,dia_turno_curso,6_N_CS,57,12420,82570,OPTIMAL,185893.5,185893.5,False,185893.5,1.84,1.53,600.0,,,alfabetica,,,dia_turno_curso,191,113,True,TEMPO_TOTAL,iteracao,combinada_cursos_exat_2_dia_turno_curso,180.0,180.0,600.0,14400.0,False,False,aleatoria,42,aleatoria,42,./dados/2024_1/horarios_2024_1.xlsx,./dados/2024_1/salas_2024_1.csv,./dados/2024_1/salas_preferenciais_2024.1.xlsx,/Users/robertdrey/Documents/workspace/development/alocador_de_salas,resultados/experimentos/2024_1/novas_hibridas/combinada_exat_2_dia_turno/melhor_solucao_seed42.sol,resultados/experimentos/2024_1/novas_hibridas/combinada_exat_2_dia_turno/historico_seed42.csv,resultados/experimentos/2024_1/novas_hibridas/combinada_exat_2_dia_turno/historico_seed42.json,combinada,cursos_exat_2 -> dia_turno_curso,qualquer_melhoria_na_passada,180.0,1,180.0,600.0,1,0,TEMPO_TOTAL,6,N,CS
1,1,192,dia_turno_curso,6_N_EAS,83,15456,79534,OPTIMAL,185893.5,185893.5,False,185893.5,1.92,1.6,600.0,,,alfabetica,,,dia_turno_curso,192,114,True,TEMPO_TOTAL,iteracao,combinada_cursos_exat_2_dia_turno_curso,180.0,180.0,600.0,14400.0,False,False,aleatoria,42,aleatoria,42,./dados/2024_1/horarios_2024_1.xlsx,./dados/2024_1/salas_2024_1.csv,./dados/2024_1/salas_preferenciais_2024.1.xlsx,/Users/robertdrey/Documents/workspace/development/alocador_de_salas,resultados/experimentos/2024_1/novas_hibridas/combinada_exat_2_dia_turno/melhor_solucao_seed42.sol,resultados/experimentos/2024_1/novas_hibridas/combinada_exat_2_dia_turno/historico_seed42.csv,resultados/experimentos/2024_1/novas_hibridas/combinada_exat_2_dia_turno/historico_seed42.json,combinada,cursos_exat_2 -> dia_turno_curso,qualquer_melhoria_na_passada,180.0,1,180.0,600.0,1,0,TEMPO_TOTAL,6,N,EAS
1,1,193,dia_turno_curso,6_N_FIL,51,10810,84180,OPTIMAL,185893.5,185893.5,False,185893.5,1.82,1.51,600.0,,,alfabetica,,,dia_turno_curso,193,115,True,TEMPO_TOTAL,iteracao,combinada_cursos_exat_2_dia_turno_curso,180.0,180.0,600.0,14400.0,False,False,aleatoria,42,aleatoria,42,./dados/2024_1/horarios_2024_1.xlsx,./dados/2024_1/salas_2024_1.csv,./dados/2024_1/salas_preferenciais_2024.1.xlsx,/Users/robertdrey/Documents/workspace/development/alocador_de_salas,resultados/experimentos/2024_1/novas_hibridas/combinada_exat_2_dia_turno/melhor_solucao_seed42.sol,resultados/experimentos/2024_1/novas_hibridas/combinada_exat_2_dia_turno/historico_seed42.csv,resultados/experimentos/2024_1/novas_hibridas/combinada_exat_2_dia_turno/historico_seed42.json,combinada,cursos_exat_2 -> dia_turno_curso,qualquer_melhoria_na_passada,180.0,1,180.0,600.0,1,0,TEMPO_TOTAL,6,N,FIL
1,1,194,dia_turno_curso,6_N_GEO,47,10304,84686,OPTIMAL,185893.5,185893.5,False,185893.5,1.21,0.89,600.0,,,alfabetica,,,dia_turno_curso,194,116,True,TEMPO_TOTAL,iteracao,combinada_cursos_exat_2_dia_turno_curso,180.0,180.0,600.0,14400.0,False,False,aleatoria,42,aleatoria,42,./dados/2024_1/horarios_2024_1.xlsx,./dados/2024_1/salas_2024_1.csv,./dados/2024_1/salas_preferenciais_2024.1.xlsx,/Users/robertdrey/Documents/workspace/development/alocador_de_salas,resultados/experimentos/2024_1/novas_hibridas/combinada_exat_2_dia_turno/melhor_solucao_seed42.sol,resultados/experimentos/2024_1/novas_hibridas/combinada_exat_2_dia_turno/historico_seed42.csv,resultados/experimentos/2024_1/novas_hibridas/combinada_exat_2_dia_turno/historico_seed42.json,combinada,cursos_exat_2 -> dia_turno_curso,qualquer_melhoria_na_passada,180.0,1,180.0,600.0,1,0,TEMPO_TOTAL,6,N,GEO
1,1,195,dia_turno_curso,6_N_HIS,59,12650,82340,OPTIMAL,185893.5,185893.5,False,185893.5,1.71,1.38,600.0,,,alfabetica,,,dia_turno_curso,195,117,True,TEMPO_TOTAL,iteracao,combinada_cursos_exat_2_dia_turno_curso,180.0,180.0,600.0,14400.0,False,False,aleatoria,42,aleatoria,42,./dados/2024_1/horarios_2024_1.xlsx,./dados/2024_1/salas_2024_1.csv,./dados/2024_1/salas_preferenciais_2024.1.xlsx,/Users/robertdrey/Documents/workspace/development/alocador_de_salas,resultados/experimentos/2024_1/novas_hibridas/combinada_exat_2_dia_turno/melhor_solucao_seed42.sol,resultados/experimentos/2024_1/novas_hibridas/combinada_exat_2_dia_turno/historico_seed42.csv,resultados/experimentos/2024_1/novas_hibridas/combinada_exat_2_dia_turno/historico_seed42.json,combinada,cursos_exat_2 -> dia_turno_curso,qualquer_melhoria_na_passada,180.0,1,180.0,600.0,1,0,TEMPO_TOTAL,6,N,HIS
1,1,196,dia_turno_curso,6_N_LET,69,16376,78614,OPTIMAL,185893.5,185893.5,False,185893.5,3.48,3.16,600.0,,,alfabetica,,,dia_turno_curso,196,118,True,TEMPO_TOTAL,iteracao,combinada_cursos_exat_2_dia_turno_curso,180.0,180.0,600.0,14400.0,False,False,aleatoria,42,aleatoria,42,./dados/2024_1/horarios_2024_1.xlsx,./dados/2024_1/salas_2024_1.csv,./dados/2024_1/salas_preferenciais_2024.1.xlsx,/Users/robertdrey/Documents/workspace/development/alocador_de_salas,resultados/experimentos/2024_1/novas_hibridas/combinada_exat_2_dia_turno/melhor_solucao_seed42.sol,resultados/experimentos/2024_1/novas_hibridas/combinada_exat_2_dia_turno/historico_seed42.csv,resultados/experimentos/2024_1/novas_hibridas/combinada_exat_2_dia_turno/historico_seed42.json,combinada,cursos_exat_2 -> dia_turno_curso,qualquer_melhoria_na_passada,180.0,1,180.0,600.0,1,0,TEMPO_TOTAL,6,N,LET
1,1,197,dia_turno_curso,6_N_MAT,58,12834,82156,OPTIMAL,185893.5,185893.5,False,185893.5,2.32,1.99,600.0,,,alfabetica,,,dia_turno_curso,197,119,True,TEMPO_TOTAL,iteracao,combinada_cursos_exat_2_dia_turno_curso,180.0,180.0,600.0,14400.0,False,False,aleatoria,42,aleatoria,42,./dados/2024_1/horarios_2024_1.xlsx,./dados/2024_1/salas_2024_1.csv,./dados/2024_1/salas_preferenciais_2024.1.xlsx,/Users/robertdrey/Documents/workspace/development/alocador_de_salas,resultados/experimentos/2024_1/novas_hibridas/combinada_exat_2_dia_turno/melhor_solucao_seed42.sol,resultados/experimentos/2024_1/novas_hibridas/combinada_exat_2_dia_turno/historico_seed42.csv,resultados/experimentos/2024_1/novas_hibridas/combinada_exat_2_dia_turno/historico_seed42.json,combinada,cursos_exat_2 -> dia_turno_curso,qualquer_melhoria_na_passada,180.0,1,180.0,600.0,1,0,TEMPO_TOTAL,6,N,MAT
1,1,198,dia_turno_curso,6_N_PED,89,20286,74704,OPTIMAL,185893.5,185893.5,False,185893.5,17.61,17.28,600.0,,,alfabetica,,,dia_turno_curso,198,120,True,TEMPO_TOTAL,iteracao,combinada_cursos_exat_2_dia_turno_curso,180.0,180.0,600.0,14400.0,False,False,aleatoria,42,aleatoria,42,./dados/2024_1/horarios_2024_1.xlsx,./dados/2024_1/salas_2024_1.csv,./dados/2024_1/salas_preferenciais_2024.1.xlsx,/Users/robertdrey/Documents/workspace/development/alocador_de_salas,resultados/experimentos/2024_1/novas_hibridas/combinada_exat_2_dia_turno/melhor_solucao_seed42.sol,resultados/experimentos/2024_1/novas_hibridas/combinada_exat_2_dia_turno/historico_seed42.csv,resultados/experimentos/2024_1/novas_hibridas/combinada_exat_2_dia_turno/historico_seed42.json,combinada,cursos_exat_2 -> dia_turno_curso,qualquer_melhoria_na_passada,180.0,1,180.0,600.0,1,0,TEMPO_TOTAL,6,N,PED
1,1,199,dia_turno_curso,7_M_AGRO,68,15870,79120,OPTIMAL,185893.5,185893.5,False,185893.5,3.98,3.66,600.0,,,alfabetica,,,dia_turno_curso,199,121,True,TEMPO_TOTAL,iteracao,combinada_cursos_exat_2_dia_turno_curso,180.0,180.0,600.0,14400.0,False,False,aleatoria,42,aleatoria,42,./dados/2024_1/horarios_2024_1.xlsx,./dados/2024_1/salas_2024_1.csv,./dados/2024_1/salas_preferenciais_2024.1.xlsx,/Users/robertdrey/Documents/workspace/development/alocador_de_salas,resultados/experimentos/2024_1/novas_hibridas/combinada_exat_2_dia_turno/melhor_solucao_seed42.sol,resultados/experimentos/2024_1/novas_hibridas/combinada_exat_2_dia_turno/historico_seed42.csv,resultados/experimentos/2024_1/novas_hibridas/combinada_exat_2_dia_turno/historico_seed42.json,combinada,cursos_exat_2 -> dia_turno_curso,qualquer_melhoria_na_passada,180.0,1,180.0,600.0,1,0,TEMPO_TOTAL,7,M,AGRO
1,1,200,dia_turno_curso,7_M_CC,63,17480,77510,OPTIMAL,185893.5,185893.5,False,185893.5,39.35,39.03,600.0,,,alfabetica,,,dia_turno_curso,200,122,True,TEMPO_TOTAL,iteracao,combinada_cursos_exat_2_dia_turno_curso,180.0,180.0,600.0,14400.0,False,False,aleatoria,42,aleatoria,42,./dados/2024_1/horarios_2024_1.xlsx,./dados/2024_1/salas_2024_1.csv,./dados/2024_1/salas_preferenciais_2024.1.xlsx,/Users/robertdrey/Documents/workspace/development/alocador_de_salas,resultados/experimentos/2024_1/novas_hibridas/combinada_exat_2_dia_turno/melhor_solucao_seed42.sol,resultados/experimentos/2024_1/novas_hibridas/combinada_exat_2_dia_turno/historico_seed42.csv,resultados/experimentos/2024_1/novas_hibridas/combinada_exat_2_dia_turno/historico_seed42.json,combinada,cursos_exat_2 -> dia_turno_curso,qualquer_melhoria_na_passada,180.0,1,180.0,600.0,1,0,TEMPO_TOTAL,7,M,CC
1,1,201,dia_turno_curso,7_M_CS,40,12742,82248,OPTIMAL,185893.5,185893.5,False,185893.5,1.05,0.74,600.0,,,alfabetica,,,dia_turno_curso,201,123,True,TEMPO_TOTAL,iteracao,combinada_cursos_exat_2_dia_turno_curso,180.0,180.0,600.0,14400.0,False,False,aleatoria,42,aleatoria,42,./dados/2024_1/horarios_2024_1.xlsx,./dados/2024_1/salas_2024_1.csv,./dados/2024_1/salas_preferenciais_2024.1.xlsx,/Users/robertdrey/Documents/workspace/development/alocador_de_salas,resultados/experimentos/2024_1/novas_hibridas/combinada_exat_2_dia_turno/melhor_solucao_seed42.sol,resultados/experimentos/2024_1/novas_hibridas/combinada_exat_2_dia_turno/historico_seed42.csv,resultados/experimentos/2024_1/novas_hibridas/combinada_exat_2_dia_turno/historico_seed42.json,combinada,cursos_exat_2 -> dia_turno_curso,qualquer_melhoria_na_passada,180.0,1,180.0,600.0,1,0,TEMPO_TOTAL,7,M,CS
1,1,202,dia_turno_curso,7_M_GEO,28,10258,84732,OPTIMAL,185893.5,185893.5,False,185893.5,0.98,0.67,600.0,,,alfabetica,,,dia_turno_curso,202,124,True,TEMPO_TOTAL,iteracao,combinada_cursos_exat_2_dia_turno_curso,180.0,180.0,600.0,14400.0,False,False,aleatoria,42,aleatoria,42,./dados/2024_1/horarios_2024_1.xlsx,./dados/2024_1/salas_2024_1.csv,./dados/2024_1/salas_preferenciais_2024.1.xlsx,/Users/robertdrey/Documents/workspace/development/alocador_de_salas,resultados/experimentos/2024_1/novas_hibridas/combinada_exat_2_dia_turno/melhor_solucao_seed42.sol,resultados/experimentos/2024_1/novas_hibridas/combinada_exat_2_dia_turno/historico_seed42.csv,resultados/experimentos/2024_1/novas_hibridas/combinada_exat_2_dia_turno/historico_seed42.json,combinada,cursos_exat_2 -> dia_turno_curso,qualquer_melhoria_na_passada,180.0,1,180.0,600.0,1,0,TEMPO_TOTAL,7,M,GEO
1,1,203,dia_turno_curso,7_M_HIS,41,12420,82570,OPTIMAL,185893.5,185893.5,False,185893.5,1.3,0.98,600.0,,,alfabetica,,,dia_turno_curso,203,125,True,TEMPO_TOTAL,iteracao,combinada_cursos_exat_2_dia_turno_curso,180.0,180.0,600.0,14400.0,False,False,aleatoria,42,aleatoria,42,./dados/2024_1/horarios_2024_1.xlsx,./dados/2024_1/salas_2024_1.csv,./dados/2024_1/salas_preferenciais_2024.1.xlsx,/Users/robertdrey/Documents/workspace/development/alocador_de_salas,resultados/experimentos/2024_1/novas_hibridas/combinada_exat_2_dia_turno/melhor_solucao_seed42.sol,resultados/experimentos/2024_1/novas_hibridas/combinada_exat_2_dia_turno/historico_seed42.csv,resultados/experimentos/2024_1/novas_hibridas/combinada_exat_2_dia_turno/historico_seed42.json,combinada,cursos_exat_2 -> dia_turno_curso,qualquer_melhoria_na_passada,180.0,1,180.0,600.0,1,0,TEMPO_TOTAL,7,M,HIS
1,1,204,dia_turno_curso,7_M_MAT,40,12604,82386,OPTIMAL,185893.5,185893.5,False,185893.5,1.28,0.95,600.0,,,alfabetica,,,dia_turno_curso,204,126,True,TEMPO_TOTAL,iteracao,combinada_cursos_exat_2_dia_turno_curso,180.0,180.0,600.0,14400.0,False,False,aleatoria,42,aleatoria,42,./dados/2024_1/horarios_2024_1.xlsx,./dados/2024_1/salas_2024_1.csv,./dados/2024_1/salas_preferenciais_2024.1.xlsx,/Users/robertdrey/Documents/workspace/development/alocador_de_salas,resultados/experimentos/2024_1/novas_hibridas/combinada_exat_2_dia_turno/melhor_solucao_seed42.sol,resultados/experimentos/2024_1/novas_hibridas/combinada_exat_2_dia_turno/historico_seed42.csv,resultados/experimentos/2024_1/novas_hibridas/combinada_exat_2_dia_turno/historico_seed42.json,combinada,cursos_exat_2 -> dia_turno_curso,qualquer_melhoria_na_passada,180.0,1,180.0,600.0,1,0,TEMPO_TOTAL,7,M,MAT
1,1,205,dia_turno_curso,7_M_MED,59,17480,77510,OPTIMAL,185893.5,185893.5,False,185893.5,2.03,1.7,600.0,,,alfabetica,,,dia_turno_curso,205,127,True,TEMPO_TOTAL,iteracao,combinada_cursos_exat_2_dia_turno_curso,180.0,180.0,600.0,14400.0,False,False,aleatoria,42,aleatoria,42,./dados/2024_1/horarios_2024_1.xlsx,./dados/2024_1/salas_2024_1.csv,./dados/2024_1/salas_preferenciais_2024.1.xlsx,/Users/robertdrey/Documents/workspace/development/alocador_de_salas,resultados/experimentos/2024_1/novas_hibridas/combinada_exat_2_dia_turno/melhor_solucao_seed42.sol,resultados/experimentos/2024_1/novas_hibridas/combinada_exat_2_dia_turno/historico_seed42.csv,resultados/experimentos/2024_1/novas_hibridas/combinada_exat_2_dia_turno/historico_seed42.json,combinada,cursos_exat_2 -> dia_turno_curso,qualquer_melhoria_na_passada,180.0,1,180.0,600.0,1,0,TEMPO_TOTAL,7,M,MED
1,1,206,dia_turno_curso,7_M_PED,68,17572,77418,OPTIMAL,185893.5,185893.5,False,185893.5,45.37,45.05,600.0,,,alfabetica,,,dia_turno_curso,206,128,True,TEMPO_TOTAL,iteracao,combinada_cursos_exat_2_dia_turno_curso,180.0,180.0,600.0,14400.0,False,False,aleatoria,42,aleatoria,42,./dados/2024_1/horarios_2024_1.xlsx,./dados/2024_1/salas_2024_1.csv,./dados/2024_1/salas_preferenciais_2024.1.xlsx,/Users/robertdrey/Documents/workspace/development/alocador_de_salas,resultados/experimentos/2024_1/novas_hibridas/combinada_exat_2_dia_turno/melhor_solucao_seed42.sol,resultados/experimentos/2024_1/novas_hibridas/combinada_exat_2_dia_turno/historico_seed42.csv,resultados/experimentos/2024_1/novas_hibridas/combinada_exat_2_dia_turno/historico_seed42.json,combinada,cursos_exat_2 -> dia_turno_curso,qualquer_melhoria_na_passada,180.0,1,180.0,600.0,1,0,TEMPO_TOTAL,7,M,PED
1,1,207,dia_turno_curso,7_T_AGRO,58,12144,82846,OPTIMAL,185893.5,185893.5,False,185893.5,4.42,4.09,600.0,,,alfabetica,,,dia_turno_curso,207,129,True,TEMPO_TOTAL,iteracao,combinada_cursos_exat_2_dia_turno_curso,180.0,180.0,600.0,14400.0,False,False,aleatoria,42,aleatoria,42,./dados/2024_1/horarios_2024_1.xlsx,./dados/2024_1/salas_2024_1.csv,./dados/2024_1/salas_preferenciais_2024.1.xlsx,/Users/robertdrey/Documents/workspace/development/alocador_de_salas,resultados/experimentos/2024_1/novas_hibridas/combinada_exat_2_dia_turno/melhor_solucao_seed42.sol,resultados/experimentos/2024_1/novas_hibridas/combinada_exat_2_dia_turno/historico_seed42.csv,resultados/experimentos/2024_1/novas_hibridas/combinada_exat_2_dia_turno/historico_seed42.json,combinada,cursos_exat_2 -> dia_turno_curso,qualquer_melhoria_na_passada,180.0,1,180.0,600.0,1,0,TEMPO_TOTAL,7,T,AGRO
1,1,208,dia_turno_curso,7_T_CC,53,13754,81236,OPTIMAL,185893.5,185893.5,False,185893.5,39.87,39.55,600.0,,,alfabetica,,,dia_turno_curso,208,130,True,TEMPO_TOTAL,iteracao,combinada_cursos_exat_2_dia_turno_curso,180.0,180.0,600.0,14400.0,False,False,aleatoria,42,aleatoria,42,./dados/2024_1/horarios_2024_1.xlsx,./dados/2024_1/salas_2024_1.csv,./dados/2024_1/salas_preferenciais_2024.1.xlsx,/Users/robertdrey/Documents/workspace/development/alocador_de_salas,resultados/experimentos/2024_1/novas_hibridas/combinada_exat_2_dia_turno/melhor_solucao_seed42.sol,resultados/experimentos/2024_1/novas_hibridas/combinada_exat_2_dia_turno/historico_seed42.csv,resultados/experimentos/2024_1/novas_hibridas/combinada_exat_2_dia_turno/historico_seed42.json,combinada,cursos_exat_2 -> dia_turno_curso,qualquer_melhoria_na_passada,180.0,1,180.0,600.0,1,0,TEMPO_TOTAL,7,T,CC
1,1,209,dia_turno_curso,7_T_HIS,32,9246,85744,OPTIMAL,185893.5,185893.5,False,185893.5,0.8,0.49,600.0,,,alfabetica,,,dia_turno_curso,209,131,True,TEMPO_TOTAL,iteracao,combinada_cursos_exat_2_dia_turno_curso,180.0,180.0,600.0,14400.0,False,False,aleatoria,42,aleatoria,42,./dados/2024_1/horarios_2024_1.xlsx,./dados/2024_1/salas_2024_1.csv,./dados/2024_1/salas_preferenciais_2024.1.xlsx,/Users/robertdrey/Documents/workspace/development/alocador_de_salas,resultados/experimentos/2024_1/novas_hibridas/combinada_exat_2_dia_turno/melhor_solucao_seed42.sol,resultados/experimentos/2024_1/novas_hibridas/combinada_exat_2_dia_turno/historico_seed42.csv,resultados/experimentos/2024_1/novas_hibridas/combinada_exat_2_dia_turno/historico_seed42.json,combinada,cursos_exat_2 -> dia_turno_curso,qualquer_melhoria_na_passada,180.0,1,180.0,600.0,1,0,TEMPO_TOTAL,7,T,HIS
1,1,210,dia_turno_curso,7_T_PED,62,15640,79350,OPTIMAL,185893.5,185893.5,False,185893.5,30.0,29.66,600.0,,,alfabetica,,,dia_turno_curso,210,132,True,TEMPO_TOTAL,iteracao,combinada_cursos_exat_2_dia_turno_curso,180.0,180.0,600.0,14400.0,False,False,aleatoria,42,aleatoria,42,./dados/2024_1/horarios_2024_1.xlsx,./dados/2024_1/salas_2024_1.csv,./dados/2024_1/salas_preferenciais_2024.1.xlsx,/Users/robertdrey/Documents/workspace/development/alocador_de_salas,resultados/experimentos/2024_1/novas_hibridas/combinada_exat_2_dia_turno/melhor_solucao_seed42.sol,resultados/experimentos/2024_1/novas_hibridas/combinada_exat_2_dia_turno/historico_seed42.csv,resultados/experimentos/2024_1/novas_hibridas/combinada_exat_2_dia_turno/historico_seed42.json,combinada,cursos_exat_2 -> dia_turno_curso,qualquer_melhoria_na_passada,180.0,1,180.0,600.0,1,0,TEMPO_TOTAL,7,T,PED
1,1,211,dia_turno_curso,7_N_AGRO,53,10028,84962,OPTIMAL,185893.5,185893.5,False,185893.5,4.09,3.73,600.0,,,alfabetica,,,dia_turno_curso,211,133,True,TEMPO_TOTAL,iteracao,combinada_cursos_exat_2_dia_turno_curso,180.0,180.0,600.0,14400.0,False,False,aleatoria,42,aleatoria,42,./dados/2024_1/horarios_2024_1.xlsx,./dados/2024_1/salas_2024_1.csv,./dados/2024_1/salas_preferenciais_2024.1.xlsx,/Users/robertdrey/Documents/workspace/development/alocador_de_salas,resultados/experimentos/2024_1/novas_hibridas/combinada_exat_2_dia_turno/melhor_solucao_seed42.sol,resultados/experimentos/2024_1/novas_hibridas/combinada_exat_2_dia_turno/historico_seed42.csv,resultados/experimentos/2024_1/novas_hibridas/combinada_exat_2_dia_turno/historico_seed42.json,combinada,cursos_exat_2 -> dia_turno_curso,qualquer_melhoria_na_passada,180.0,1,180.0,600.0,1,0,TEMPO_TOTAL,7,N,AGRO
1,1,212,dia_turno_curso,7_N_HIS,26,6532,88458,OPTIMAL,185893.5,185893.5,False,185893.5,0.74,0.4,600.0,,,alfabetica,,,dia_turno_curso,212,134,True,TEMPO_TOTAL,iteracao,combinada_cursos_exat_2_dia_turno_curso,180.0,180.0,600.0,14400.0,False,False,aleatoria,42,aleatoria,42,./dados/2024_1/horarios_2024_1.xlsx,./dados/2024_1/salas_2024_1.csv,./dados/2024_1/salas_preferenciais_2024.1.xlsx,/Users/robertdrey/Documents/workspace/development/alocador_de_salas,resultados/experimentos/2024_1/novas_hibridas/combinada_exat_2_dia_turno/melhor_solucao_seed42.sol,resultados/experimentos/2024_1/novas_hibridas/combinada_exat_2_dia_turno/historico_seed42.csv,resultados/experimentos/2024_1/novas_hibridas/combinada_exat_2_dia_turno/historico_seed42.json,combinada,cursos_exat_2 -> dia_turno_curso,qualquer_melhoria_na_passada,180.0,1,180.0,600.0,1,0,TEMPO_TOTAL,7,N,HIS
1,1,213,dia_turno_curso,7_N_PED,58,14168,80822,OPTIMAL,185893.5,185893.5,False,185893.5,42.76,42.44,600.0,,,alfabetica,,,dia_turno_curso,213,135,True,TEMPO_TOTAL,iteracao,combinada_cursos_exat_2_dia_turno_curso,180.0,180.0,600.0,14400.0,False,False,aleatoria,42,aleatoria,42,./dados/2024_1/horarios_2024_1.xlsx,./dados/2024_1/salas_2024_1.csv,./dados/2024_1/salas_preferenciais_2024.1.xlsx,/Users/robertdrey/Documents/workspace/development/alocador_de_salas,resultados/experimentos/2024_1/novas_hibridas/combinada_exat_2_dia_turno/melhor_solucao_seed42.sol,resultados/experimentos/2024_1/novas_hibridas/combinada_exat_2_dia_turno/historico_seed42.csv,resultados/experimentos/2024_1/novas_hibridas/combinada_exat_2_dia_turno/historico_seed42.json,combinada,cursos_exat_2 -> dia_turno_curso,qualquer_melhoria_na_passada,180.0,1,180.0,600.0,1,0,TEMPO_TOTAL,7,N,PED
1,2,1,par_cursos,GEO+FIL,25,4830,90160,OPTIMAL,185893.5,185893.5,False,185893.5,0.63,0.3,600.0,GEO,FIL,aleatoria,42,1,cursos_exat_2,1,1,True,TEMPO_TOTAL,iteracao,combinada_cursos_exat_2_dia_turno_curso,180.0,180.0,600.0,14400.0,False,False,aleatoria,42,aleatoria,42,./dados/2024_1/horarios_2024_1.xlsx,./dados/2024_1/salas_2024_1.csv,./dados/2024_1/salas_preferenciais_2024.1.xlsx,/Users/robertdrey/Documents/workspace/development/alocador_de_salas,resultados/experimentos/2024_1/novas_hibridas/combinada_exat_2_dia_turno/melhor_solucao_seed42.sol,resultados/experimentos/2024_1/novas_hibridas/combinada_exat_2_dia_turno/historico_seed42.csv,resultados/experimentos/2024_1/novas_hibridas/combinada_exat_2_dia_turno/historico_seed42.json,combinada,cursos_exat_2 -> dia_turno_curso,qualquer_melhoria_na_passada,180.0,1,180.0,600.0,1,0,TEMPO_TOTAL,,,
1,2,2,par_cursos,GEO+CC,57,12604,82386,OPTIMAL,185893.5,185893.5,False,185893.5,26.2,25.9,600.0,GEO,CC,aleatoria,42,2,cursos_exat_2,2,2,True,TEMPO_TOTAL,iteracao,combinada_cursos_exat_2_dia_turno_curso,180.0,180.0,600.0,14400.0,False,False,aleatoria,42,aleatoria,42,./dados/2024_1/horarios_2024_1.xlsx,./dados/2024_1/salas_2024_1.csv,./dados/2024_1/salas_preferenciais_2024.1.xlsx,/Users/robertdrey/Documents/workspace/development/alocador_de_salas,resultados/experimentos/2024_1/novas_hibridas/combinada_exat_2_dia_turno/melhor_solucao_seed42.sol,resultados/experimentos/2024_1/novas_hibridas/combinada_exat_2_dia_turno/historico_seed42.csv,resultados/experimentos/2024_1/novas_hibridas/combinada_exat_2_dia_turno/historico_seed42.json,combinada,cursos_exat_2 -> dia_turno_curso,qualquer_melhoria_na_passada,180.0,1,180.0,600.0,1,0,TEMPO_TOTAL,,,
1,2,3,par_cursos,GEO+LET,46,11224,83766,OPTIMAL,185893.5,185875.5,True,185875.5,8.08,7.76,600.0,GEO,LET,aleatoria,42,3,cursos_exat_2,3,3,True,TEMPO_TOTAL,iteracao,combinada_cursos_exat_2_dia_turno_curso,180.0,180.0,600.0,14400.0,False,False,aleatoria,42,aleatoria,42,./dados/2024_1/horarios_2024_1.xlsx,./dados/2024_1/salas_2024_1.csv,./dados/2024_1/salas_preferenciais_2024.1.xlsx,/Users/robertdrey/Documents/workspace/development/alocador_de_salas,resultados/experimentos/2024_1/novas_hibridas/combinada_exat_2_dia_turno/melhor_solucao_seed42.sol,resultados/experimentos/2024_1/novas_hibridas/combinada_exat_2_dia_turno/historico_seed42.csv,resultados/experimentos/2024_1/novas_hibridas/combinada_exat_2_dia_turno/historico_seed42.json,combinada,cursos_exat_2 -> dia_turno_curso,qualquer_melhoria_na_passada,180.0,1,180.0,600.0,1,0,TEMPO_TOTAL,,,
1,2,4,par_cursos,GEO+PED,66,14858,80132,OPTIMAL,185875.5,185875.5,False,185875.5,38.1,37.77,600.0,GEO,PED,aleatoria,42,4,cursos_exat_2,4,4,True,TEMPO_TOTAL,iteracao,combinada_cursos_exat_2_dia_turno_curso,180.0,180.0,600.0,14400.0,False,False,aleatoria,42,aleatoria,42,./dados/2024_1/horarios_2024_1.xlsx,./dados/2024_1/salas_2024_1.csv,./dados/2024_1/salas_preferenciais_2024.1.xlsx,/Users/robertdrey/Documents/workspace/development/alocador_de_salas,resultados/experimentos/2024_1/novas_hibridas/combinada_exat_2_dia_turno/melhor_solucao_seed42.sol,resultados/experimentos/2024_1/novas_hibridas/combinada_exat_2_dia_turno/historico_seed42.csv,resultados/experimentos/2024_1/novas_hibridas/combinada_exat_2_dia_turno/historico_seed42.json,combinada,cursos_exat_2 -> dia_turno_curso,qualquer_melhoria_na_passada,180.0,1,180.0,600.0,1,0,TEMPO_TOTAL,,,
1,2,5,par_cursos,GEO+ENF,28,10580,84410,OPTIMAL,185875.5,185875.5,False,185875.5,1.96,1.62,600.0,GEO,ENF,aleatoria,42,5,cursos_exat_2,5,5,True,TEMPO_TOTAL,iteracao,combinada_cursos_exat_2_dia_turno_curso,180.0,180.0,600.0,14400.0,False,False,aleatoria,42,aleatoria,42,./dados/2024_1/horarios_2024_1.xlsx,./dados/2024_1/salas_2024_1.csv,./dados/2024_1/salas_preferenciais_2024.1.xlsx,/Users/robertdrey/Documents/workspace/development/alocador_de_salas,resultados/experimentos/2024_1/novas_hibridas/combinada_exat_2_dia_turno/melhor_solucao_seed42.sol,resultados/experimentos/2024_1/novas_hibridas/combinada_exat_2_dia_turno/historico_seed42.csv,resultados/experimentos/2024_1/novas_hibridas/combinada_exat_2_dia_turno/historico_seed42.json,combinada,cursos_exat_2 -> dia_turno_curso,qualquer_melhoria_na_passada,180.0,1,180.0,600.0,1,0,TEMPO_TOTAL,,,
1,2,6,par_cursos,GEO+MED,51,11454,83536,OPTIMAL,185875.5,185875.5,False,185875.5,1.24,0.91,600.0,GEO,MED,aleatoria,42,6,cursos_exat_2,6,6,True,TEMPO_TOTAL,iteracao,combinada_cursos_exat_2_dia_turno_curso,180.0,180.0,600.0,14400.0,False,False,aleatoria,42,aleatoria,42,./dados/2024_1/horarios_2024_1.xlsx,./dados/2024_1/salas_2024_1.csv,./dados/2024_1/salas_preferenciais_2024.1.xlsx,/Users/robertdrey/Documents/workspace/development/alocador_de_salas,resultados/experimentos/2024_1/novas_hibridas/combinada_exat_2_dia_turno/melhor_solucao_seed42.sol,resultados/experimentos/2024_1/novas_hibridas/combinada_exat_2_dia_turno/historico_seed42.csv,resultados/experimentos/2024_1/novas_hibridas/combinada_exat_2_dia_turno/historico_seed42.json,combinada,cursos_exat_2 -> dia_turno_curso,qualquer_melhoria_na_passada,180.0,1,180.0,600.0,1,0,TEMPO_TOTAL,,,
1,2,7,par_cursos,GEO+HIS,34,6854,88136,OPTIMAL,185875.5,185875.5,False,185875.5,0.7,0.39,600.0,GEO,HIS,aleatoria,42,7,cursos_exat_2,7,7,True,TEMPO_TOTAL,iteracao,combinada_cursos_exat_2_dia_turno_curso,180.0,180.0,600.0,14400.0,False,False,aleatoria,42,aleatoria,42,./dados/2024_1/horarios_2024_1.xlsx,./dados/2024_1/salas_2024_1.csv,./dados/2024_1/salas_preferenciais_2024.1.xlsx,/Users/robertdrey/Documents/workspace/development/alocador_de_salas,resultados/experimentos/2024_1/novas_hibridas/combinada_exat_2_dia_turno/melhor_solucao_seed42.sol,resultados/experimentos/2024_1/novas_hibridas/combinada_exat_2_dia_turno/historico_seed42.csv,resultados/experimentos/2024_1/novas_hibridas/combinada_exat_2_dia_turno/historico_seed42.json,combinada,cursos_exat_2 -> dia_turno_curso,qualquer_melhoria_na_passada,180.0,1,180.0,600.0,1,0,TEMPO_TOTAL,,,
1,2,8,par_cursos,GEO+CS,32,6624,88366,OPTIMAL,185875.5,185875.5,False,185875.5,0.63,0.33,600.0,GEO,CS,aleatoria,42,8,cursos_exat_2,8,8,True,TEMPO_TOTAL,iteracao,combinada_cursos_exat_2_dia_turno_curso,180.0,180.0,600.0,14400.0,False,False,aleatoria,42,aleatoria,42,./dados/2024_1/horarios_2024_1.xlsx,./dados/2024_1/salas_2024_1.csv,./dados/2024_1/salas_preferenciais_2024.1.xlsx,/Users/robertdrey/Documents/workspace/development/alocador_de_salas,resultados/experimentos/2024_1/novas_hibridas/combinada_exat_2_dia_turno/melhor_solucao_seed42.sol,resultados/experimentos/2024_1/novas_hibridas/combinada_exat_2_dia_turno/historico_seed42.csv,resultados/experimentos/2024_1/novas_hibridas/combinada_exat_2_dia_turno/historico_seed42.json,combinada,cursos_exat_2 -> dia_turno_curso,qualquer_melhoria_na_passada,180.0,1,180.0,600.0,1,0,TEMPO_TOTAL,,,
1,2,9,par_cursos,GEO+EAS,55,9522,85468,OPTIMAL,185875.5,185875.5,False,185875.5,0.64,0.33,600.0,GEO,EAS,aleatoria,42,9,cursos_exat_2,9,9,True,TEMPO_TOTAL,iteracao,combinada_cursos_exat_2_dia_turno_curso,180.0,180.0,600.0,14400.0,False,False,aleatoria,42,aleatoria,42,./dados/2024_1/horarios_2024_1.xlsx,./dados/2024_1/salas_2024_1.csv,./dados/2024_1/salas_preferenciais_2024.1.xlsx,/Users/robertdrey/Documents/workspace/development/alocador_de_salas,resultados/experimentos/2024_1/novas_hibridas/combinada_exat_2_dia_turno/melhor_solucao_seed42.sol,resultados/experimentos/2024_1/novas_hibridas/combinada_exat_2_dia_turno/historico_seed42.csv,resultados/experimentos/2024_1/novas_hibridas/combinada_exat_2_dia_turno/historico_seed42.json,combinada,cursos_exat_2 -> dia_turno_curso,qualquer_melhoria_na_passada,180.0,1,180.0,600.0,1,0,TEMPO_TOTAL,,,
1,2,10,par_cursos,GEO+ADM,58,11362,83628,OPTIMAL,185875.5,185875.5,False,185875.5,0.88,0.59,600.0,GEO,ADM,aleatoria,42,10,cursos_exat_2,10,10,True,TEMPO_TOTAL,iteracao,combinada_cursos_exat_2_dia_turno_curso,180.0,180.0,600.0,14400.0,False,False,aleatoria,42,aleatoria,42,./dados/2024_1/horarios_2024_1.xlsx,./dados/2024_1/salas_2024_1.csv,./dados/2024_1/salas_preferenciais_2024.1.xlsx,/Users/robertdrey/Documents/workspace/development/alocador_de_salas,resultados/experimentos/2024_1/novas_hibridas/combinada_exat_2_dia_turno/melhor_solucao_seed42.sol,resultados/experimentos/2024_1/novas_hibridas/combinada_exat_2_dia_turno/historico_seed42.csv,resultados/experimentos/2024_1/novas_hibridas/combinada_exat_2_dia_turno/historico_seed42.json,combinada,cursos_exat_2 -> dia_turno_curso,qualquer_melhoria_na_passada,180.0,1,180.0,600.0,1,0,TEMPO_TOTAL,,,
1,2,11,par_cursos,GEO+AGRO,61,10810,84180,OPTIMAL,185875.5,185875.5,False,185875.5,3.95,3.63,600.0,GEO,AGRO,aleatoria,42,11,cursos_exat_2,11,11,True,TEMPO_TOTAL,iteracao,combinada_cursos_exat_2_dia_turno_curso,180.0,180.0,600.0,14400.0,False,False,aleatoria,42,aleatoria,42,./dados/2024_1/horarios_2024_1.xlsx,./dados/2024_1/salas_2024_1.csv,./dados/2024_1/salas_preferenciais_2024.1.xlsx,/Users/robertdrey/Documents/workspace/development/alocador_de_salas,resultados/experimentos/2024_1/novas_hibridas/combinada_exat_2_dia_turno/melhor_solucao_seed42.sol,resultados/experimentos/2024_1/novas_hibridas/combinada_exat_2_dia_turno/historico_seed42.csv,resultados/experimentos/2024_1/novas_hibridas/combinada_exat_2_dia_turno/historico_seed42.json,combinada,cursos_exat_2 -> dia_turno_curso,qualquer_melhoria_na_passada,180.0,1,180.0,600.0,1,0,TEMPO_TOTAL,,,
1,2,12,par_cursos,GEO+MAT,33,7038,87952,OPTIMAL,185875.5,185875.5,False,185875.5,0.74,0.42,600.0,GEO,MAT,aleatoria,42,12,cursos_exat_2,12,12,True,TEMPO_TOTAL,iteracao,combinada_cursos_exat_2_dia_turno_curso,180.0,180.0,600.0,14400.0,False,False,aleatoria,42,aleatoria,42,./dados/2024_1/horarios_2024_1.xlsx,./dados/2024_1/salas_2024_1.csv,./dados/2024_1/salas_preferenciais_2024.1.xlsx,/Users/robertdrey/Documents/workspace/development/alocador_de_salas,resultados/experimentos/2024_1/novas_hibridas/combinada_exat_2_dia_turno/melhor_solucao_seed42.sol,resultados/experimentos/2024_1/novas_hibridas/combinada_exat_2_dia_turno/historico_seed42.csv,resultados/experimentos/2024_1/novas_hibridas/combinada_exat_2_dia_turno/historico_seed42.json,combinada,cursos_exat_2 -> dia_turno_curso,qualquer_melhoria_na_passada,180.0,1,180.0,600.0,1,0,TEMPO_TOTAL,,,
1,2,13,par_cursos,FIL+CC,62,13294,81696,OPTIMAL,185875.5,185702.0,True,185702.0,38.46,38.17,600.0,FIL,CC,aleatoria,42,13,cursos_exat_2,13,13,True,TEMPO_TOTAL,iteracao,combinada_cursos_exat_2_dia_turno_curso,180.0,180.0,600.0,14400.0,False,False,aleatoria,42,aleatoria,42,./dados/2024_1/horarios_2024_1.xlsx,./dados/2024_1/salas_2024_1.csv,./dados/2024_1/salas_preferenciais_2024.1.xlsx,/Users/robertdrey/Documents/workspace/development/alocador_de_salas,resultados/experimentos/2024_1/novas_hibridas/combinada_exat_2_dia_turno/melhor_solucao_seed42.sol,resultados/experimentos/2024_1/novas_hibridas/combinada_exat_2_dia_turno/historico_seed42.csv,resultados/experimentos/2024_1/novas_hibridas/combinada_exat_2_dia_turno/historico_seed42.json,combinada,cursos_exat_2 -> dia_turno_curso,qualquer_melhoria_na_passada,180.0,1,180.0,600.0,1,0,TEMPO_TOTAL,,,
1,2,14,par_cursos,FIL+LET,51,11914,83076,OPTIMAL,185702.0,185542.0,True,185542.0,3.53,3.23,600.0,FIL,LET,aleatoria,42,14,cursos_exat_2,14,14,True,TEMPO_TOTAL,iteracao,combinada_cursos_exat_2_dia_turno_curso,180.0,180.0,600.0,14400.0,False,False,aleatoria,42,aleatoria,42,./dados/2024_1/horarios_2024_1.xlsx,./dados/2024_1/salas_2024_1.csv,./dados/2024_1/salas_preferenciais_2024.1.xlsx,/Users/robertdrey/Documents/workspace/development/alocador_de_salas,resultados/experimentos/2024_1/novas_hibridas/combinada_exat_2_dia_turno/melhor_solucao_seed42.sol,resultados/experimentos/2024_1/novas_hibridas/combinada_exat_2_dia_turno/historico_seed42.csv,resultados/experimentos/2024_1/novas_hibridas/combinada_exat_2_dia_turno/historico_seed42.json,combinada,cursos_exat_2 -> dia_turno_curso,qualquer_melhoria_na_passada,180.0,1,180.0,600.0,1,0,TEMPO_TOTAL,,,
1,2,15,par_cursos,FIL+PED,71,15548,79442,OPTIMAL,185542.0,185542.0,False,185542.0,23.49,23.17,600.0,FIL,PED,aleatoria,42,15,cursos_exat_2,15,15,True,TEMPO_TOTAL,iteracao,combinada_cursos_exat_2_dia_turno_curso,180.0,180.0,600.0,14400.0,False,False,aleatoria,42,aleatoria,42,./dados/2024_1/horarios_2024_1.xlsx,./dados/2024_1/salas_2024_1.csv,./dados/2024_1/salas_preferenciais_2024.1.xlsx,/Users/robertdrey/Documents/workspace/development/alocador_de_salas,resultados/experimentos/2024_1/novas_hibridas/combinada_exat_2_dia_turno/melhor_solucao_seed42.sol,resultados/experimentos/2024_1/novas_hibridas/combinada_exat_2_dia_turno/historico_seed42.csv,resultados/experimentos/2024_1/novas_hibridas/combinada_exat_2_dia_turno/historico_seed42.json,combinada,cursos_exat_2 -> dia_turno_curso,qualquer_melhoria_na_passada,180.0,1,180.0,600.0,1,0,TEMPO_TOTAL,,,
1,2,16,par_cursos,FIL+ENF,33,11270,83720,OPTIMAL,185542.0,185542.0,False,185542.0,2.0,1.67,600.0,FIL,ENF,aleatoria,42,16,cursos_exat_2,16,16,True,TEMPO_TOTAL,iteracao,combinada_cursos_exat_2_dia_turno_curso,180.0,180.0,600.0,14400.0,False,False,aleatoria,42,aleatoria,42,./dados/2024_1/horarios_2024_1.xlsx,./dados/2024_1/salas_2024_1.csv,./dados/2024_1/salas_preferenciais_2024.1.xlsx,/Users/robertdrey/Documents/workspace/development/alocador_de_salas,resultados/experimentos/2024_1/novas_hibridas/combinada_exat_2_dia_turno/melhor_solucao_seed42.sol,resultados/experimentos/2024_1/novas_hibridas/combinada_exat_2_dia_turno/historico_seed42.csv,resultados/experimentos/2024_1/novas_hibridas/combinada_exat_2_dia_turno/historico_seed42.json,combinada,cursos_exat_2 -> dia_turno_curso,qualquer_melhoria_na_passada,180.0,1,180.0,600.0,1,0,TEMPO_TOTAL,,,
1,2,17,par_cursos,FIL+MED,56,12144,82846,OPTIMAL,185542.0,185542.0,False,185542.0,1.19,0.86,600.0,FIL,MED,aleatoria,42,17,cursos_exat_2,17,17,True,TEMPO_TOTAL,iteracao,combinada_cursos_exat_2_dia_turno_curso,180.0,180.0,600.0,14400.0,False,False,aleatoria,42,aleatoria,42,./dados/2024_1/horarios_2024_1.xlsx,./dados/2024_1/salas_2024_1.csv,./dados/2024_1/salas_preferenciais_2024.1.xlsx,/Users/robertdrey/Documents/workspace/development/alocador_de_salas,resultados/experimentos/2024_1/novas_hibridas/combinada_exat_2_dia_turno/melhor_solucao_seed42.sol,resultados/experimentos/2024_1/novas_hibridas/combinada_exat_2_dia_turno/historico_seed42.csv,resultados/experimentos/2024_1/novas_hibridas/combinada_exat_2_dia_turno/historico_seed42.json,combinada,cursos_exat_2 -> dia_turno_curso,qualquer_melhoria_na_passada,180.0,1,180.0,600.0,1,0,TEMPO_TOTAL,,,
1,2,18,par_cursos,FIL+HIS,39,7544,87446,OPTIMAL,185542.0,185542.0,False,185542.0,0.66,0.35,600.0,FIL,HIS,aleatoria,42,18,cursos_exat_2,18,18,True,TEMPO_TOTAL,iteracao,combinada_cursos_exat_2_dia_turno_curso,180.0,180.0,600.0,14400.0,False,False,aleatoria,42,aleatoria,42,./dados/2024_1/horarios_2024_1.xlsx,./dados/2024_1/salas_2024_1.csv,./dados/2024_1/salas_preferenciais_2024.1.xlsx,/Users/robertdrey/Documents/workspace/development/alocador_de_salas,resultados/experimentos/2024_1/novas_hibridas/combinada_exat_2_dia_turno/melhor_solucao_seed42.sol,resultados/experimentos/2024_1/novas_hibridas/combinada_exat_2_dia_turno/historico_seed42.csv,resultados/experimentos/2024_1/novas_hibridas/combinada_exat_2_dia_turno/historico_seed42.json,combinada,cursos_exat_2 -> dia_turno_curso,qualquer_melhoria_na_passada,180.0,1,180.0,600.0,1,0,TEMPO_TOTAL,,,
1,2,19,par_cursos,FIL+CS,37,7314,87676,OPTIMAL,185542.0,185542.0,False,185542.0,0.63,0.33,600.0,FIL,CS,aleatoria,42,19,cursos_exat_2,19,19,True,TEMPO_TOTAL,iteracao,combinada_cursos_exat_2_dia_turno_curso,180.0,180.0,600.0,14400.0,False,False,aleatoria,42,aleatoria,42,./dados/2024_1/horarios_2024_1.xlsx,./dados/2024_1/salas_2024_1.csv,./dados/2024_1/salas_preferenciais_2024.1.xlsx,/Users/robertdrey/Documents/workspace/development/alocador_de_salas,resultados/experimentos/2024_1/novas_hibridas/combinada_exat_2_dia_turno/melhor_solucao_seed42.sol,resultados/experimentos/2024_1/novas_hibridas/combinada_exat_2_dia_turno/historico_seed42.csv,resultados/experimentos/2024_1/novas_hibridas/combinada_exat_2_dia_turno/historico_seed42.json,combinada,cursos_exat_2 -> dia_turno_curso,qualquer_melhoria_na_passada,180.0,1,180.0,600.0,1,0,TEMPO_TOTAL,,,
1,2,20,par_cursos,FIL+EAS,60,10212,84778,OPTIMAL,185542.0,185542.0,False,185542.0,0.68,0.38,600.0,FIL,EAS,aleatoria,42,20,cursos_exat_2,20,20,True,TEMPO_TOTAL,iteracao,combinada_cursos_exat_2_dia_turno_curso,180.0,180.0,600.0,14400.0,False,False,aleatoria,42,aleatoria,42,./dados/2024_1/horarios_2024_1.xlsx,./dados/2024_1/salas_2024_1.csv,./dados/2024_1/salas_preferenciais_2024.1.xlsx,/Users/robertdrey/Documents/workspace/development/alocador_de_salas,resultados/experimentos/2024_1/novas_hibridas/combinada_exat_2_dia_turno/melhor_solucao_seed42.sol,resultados/experimentos/2024_1/novas_hibridas/combinada_exat_2_dia_turno/historico_seed42.csv,resultados/experimentos/2024_1/novas_hibridas/combinada_exat_2_dia_turno/historico_seed42.json,combinada,cursos_exat_2 -> dia_turno_curso,qualquer_melhoria_na_passada,180.0,1,180.0,600.0,1,0,TEMPO_TOTAL,,,
1,2,21,par_cursos,FIL+ADM,63,12052,82938,OPTIMAL,185542.0,185542.0,False,185542.0,0.92,0.62,600.0,FIL,ADM,aleatoria,42,21,cursos_exat_2,21,21,True,TEMPO_TOTAL,iteracao,combinada_cursos_exat_2_dia_turno_curso,180.0,180.0,600.0,14400.0,False,False,aleatoria,42,aleatoria,42,./dados/2024_1/horarios_2024_1.xlsx,./dados/2024_1/salas_2024_1.csv,./dados/2024_1/salas_preferenciais_2024.1.xlsx,/Users/robertdrey/Documents/workspace/development/alocador_de_salas,resultados/experimentos/2024_1/novas_hibridas/combinada_exat_2_dia_turno/melhor_solucao_seed42.sol,resultados/experimentos/2024_1/novas_hibridas/combinada_exat_2_dia_turno/historico_seed42.csv,resultados/experimentos/2024_1/novas_hibridas/combinada_exat_2_dia_turno/historico_seed42.json,combinada,cursos_exat_2 -> dia_turno_curso,qualquer_melhoria_na_passada,180.0,1,180.0,600.0,1,0,TEMPO_TOTAL,,,
1,2,22,par_cursos,FIL+AGRO,66,11500,83490,OPTIMAL,185542.0,185542.0,False,185542.0,3.5,3.18,600.0,FIL,AGRO,aleatoria,42,22,cursos_exat_2,22,22,True,TEMPO_TOTAL,iteracao,combinada_cursos_exat_2_dia_turno_curso,180.0,180.0,600.0,14400.0,False,False,aleatoria,42,aleatoria,42,./dados/2024_1/horarios_2024_1.xlsx,./dados/2024_1/salas_2024_1.csv,./dados/2024_1/salas_preferenciais_2024.1.xlsx,/Users/robertdrey/Documents/workspace/development/alocador_de_salas,resultados/experimentos/2024_1/novas_hibridas/combinada_exat_2_dia_turno/melhor_solucao_seed42.sol,resultados/experimentos/2024_1/novas_hibridas/combinada_exat_2_dia_turno/historico_seed42.csv,resultados/experimentos/2024_1/novas_hibridas/combinada_exat_2_dia_turno/historico_seed42.json,combinada,cursos_exat_2 -> dia_turno_curso,qualquer_melhoria_na_passada,180.0,1,180.0,600.0,1,0,TEMPO_TOTAL,,,
1,2,23,par_cursos,FIL+MAT,38,7728,87262,OPTIMAL,185542.0,185521.0,True,185521.0,0.77,0.44,600.0,FIL,MAT,aleatoria,42,23,cursos_exat_2,23,23,True,TEMPO_TOTAL,iteracao,combinada_cursos_exat_2_dia_turno_curso,180.0,180.0,600.0,14400.0,False,False,aleatoria,42,aleatoria,42,./dados/2024_1/horarios_2024_1.xlsx,./dados/2024_1/salas_2024_1.csv,./dados/2024_1/salas_preferenciais_2024.1.xlsx,/Users/robertdrey/Documents/workspace/development/alocador_de_salas,resultados/experimentos/2024_1/novas_hibridas/combinada_exat_2_dia_turno/melhor_solucao_seed42.sol,resultados/experimentos/2024_1/novas_hibridas/combinada_exat_2_dia_turno/historico_seed42.csv,resultados/experimentos/2024_1/novas_hibridas/combinada_exat_2_dia_turno/historico_seed42.json,combinada,cursos_exat_2 -> dia_turno_curso,qualquer_melhoria_na_passada,180.0,1,180.0,600.0,1,0,TEMPO_TOTAL,,,
1,2,24,par_cursos,CC+LET,83,19688,75302,OPTIMAL,185521.0,185521.0,False,185521.0,45.08,44.78,600.0,CC,LET,aleatoria,42,24,cursos_exat_2,24,24,True,TEMPO_TOTAL,iteracao,combinada_cursos_exat_2_dia_turno_curso,180.0,180.0,600.0,14400.0,False,False,aleatoria,42,aleatoria,42,./dados/2024_1/horarios_2024_1.xlsx,./dados/2024_1/salas_2024_1.csv,./dados/2024_1/salas_preferenciais_2024.1.xlsx,/Users/robertdrey/Documents/workspace/development/alocador_de_salas,resultados/experimentos/2024_1/novas_hibridas/combinada_exat_2_dia_turno/melhor_solucao_seed42.sol,resultados/experimentos/2024_1/novas_hibridas/combinada_exat_2_dia_turno/historico_seed42.csv,resultados/experimentos/2024_1/novas_hibridas/combinada_exat_2_dia_turno/historico_seed42.json,combinada,cursos_exat_2 -> dia_turno_curso,qualquer_melhoria_na_passada,180.0,1,180.0,600.0,1,0,TEMPO_TOTAL,,,
1,2,25,par_cursos,CC+PED,103,23322,71668,OPTIMAL,185521.0,185521.0,False,185521.0,69.54,69.22,600.0,CC,PED,aleatoria,42,25,cursos_exat_2,25,25,True,TEMPO_TOTAL,iteracao,combinada_cursos_exat_2_dia_turno_curso,180.0,180.0,600.0,14400.0,False,False,aleatoria,42,aleatoria,42,./dados/2024_1/horarios_2024_1.xlsx,./dados/2024_1/salas_2024_1.csv,./dados/2024_1/salas_preferenciais_2024.1.xlsx,/Users/robertdrey/Documents/workspace/development/alocador_de_salas,resultados/experimentos/2024_1/novas_hibridas/combinada_exat_2_dia_turno/melhor_solucao_seed42.sol,resultados/experimentos/2024_1/novas_hibridas/combinada_exat_2_dia_turno/historico_seed42.csv,resultados/experimentos/2024_1/novas_hibridas/combinada_exat_2_dia_turno/historico_seed42.json,combinada,cursos_exat_2 -> dia_turno_curso,qualquer_melhoria_na_passada,180.0,1,180.0,600.0,1,0,TEMPO_TOTAL,,,
1,2,26,par_cursos,CC+ENF,65,19044,75946,OPTIMAL,185521.0,185521.0,False,185521.0,135.58,135.23,600.0,CC,ENF,aleatoria,42,26,cursos_exat_2,26,26,True,TEMPO_TOTAL,iteracao,combinada_cursos_exat_2_dia_turno_curso,180.0,180.0,600.0,14400.0,False,False,aleatoria,42,aleatoria,42,./dados/2024_1/horarios_2024_1.xlsx,./dados/2024_1/salas_2024_1.csv,./dados/2024_1/salas_preferenciais_2024.1.xlsx,/Users/robertdrey/Documents/workspace/development/alocador_de_salas,resultados/experimentos/2024_1/novas_hibridas/combinada_exat_2_dia_turno/melhor_solucao_seed42.sol,resultados/experimentos/2024_1/novas_hibridas/combinada_exat_2_dia_turno/historico_seed42.csv,resultados/experimentos/2024_1/novas_hibridas/combinada_exat_2_dia_turno/historico_seed42.json,combinada,cursos_exat_2 -> dia_turno_curso,qualquer_melhoria_na_passada,180.0,1,180.0,600.0,1,0,TEMPO_TOTAL,,,
1,2,27,par_cursos,CC+MED,88,19918,75072,OPTIMAL,185521.0,185521.0,False,185521.0,7.11,6.78,600.0,CC,MED,aleatoria,42,27,cursos_exat_2,27,27,True,TEMPO_TOTAL,iteracao,combinada_cursos_exat_2_dia_turno_curso,180.0,180.0,600.0,14400.0,False,False,aleatoria,42,aleatoria,42,./dados/2024_1/horarios_2024_1.xlsx,./dados/2024_1/salas_2024_1.csv,./dados/2024_1/salas_preferenciais_2024.1.xlsx,/Users/robertdrey/Documents/workspace/development/alocador_de_salas,resultados/experimentos/2024_1/novas_hibridas/combinada_exat_2_dia_turno/melhor_solucao_seed42.sol,resultados/experimentos/2024_1/novas_hibridas/combinada_exat_2_dia_turno/historico_seed42.csv,resultados/experimentos/2024_1/novas_hibridas/combinada_exat_2_dia_turno/historico_seed42.json,combinada,cursos_exat_2 -> dia_turno_curso,qualquer_melhoria_na_passada,180.0,1,180.0,600.0,1,0,TEMPO_TOTAL,,,
1,2,28,par_cursos,CC+HIS,71,15318,79672,OPTIMAL,185521.0,185521.0,False,185521.0,3.38,3.04,600.0,CC,HIS,aleatoria,42,28,cursos_exat_2,28,28,True,TEMPO_TOTAL,iteracao,combinada_cursos_exat_2_dia_turno_curso,180.0,180.0,600.0,14400.0,False,False,aleatoria,42,aleatoria,42,./dados/2024_1/horarios_2024_1.xlsx,./dados/2024_1/salas_2024_1.csv,./dados/2024_1/salas_preferenciais_2024.1.xlsx,/Users/robertdrey/Documents/workspace/development/alocador_de_salas,resultados/experimentos/2024_1/novas_hibridas/combinada_exat_2_dia_turno/melhor_solucao_seed42.sol,resultados/experimentos/2024_1/novas_hibridas/combinada_exat_2_dia_turno/historico_seed42.csv,resultados/experimentos/2024_1/novas_hibridas/combinada_exat_2_dia_turno/historico_seed42.json,combinada,cursos_exat_2 -> dia_turno_curso,qualquer_melhoria_na_passada,180.0,1,180.0,600.0,1,0,TEMPO_TOTAL,,,
1,2,29,par_cursos,CC+CS,69,15088,79902,OPTIMAL,185521.0,185521.0,False,185521.0,58.09,57.75,600.0,CC,CS,aleatoria,42,29,cursos_exat_2,29,29,True,TEMPO_TOTAL,iteracao,combinada_cursos_exat_2_dia_turno_curso,180.0,180.0,600.0,14400.0,False,False,aleatoria,42,aleatoria,42,./dados/2024_1/horarios_2024_1.xlsx,./dados/2024_1/salas_2024_1.csv,./dados/2024_1/salas_preferenciais_2024.1.xlsx,/Users/robertdrey/Documents/workspace/development/alocador_de_salas,resultados/experimentos/2024_1/novas_hibridas/combinada_exat_2_dia_turno/melhor_solucao_seed42.sol,resultados/experimentos/2024_1/novas_hibridas/combinada_exat_2_dia_turno/historico_seed42.csv,resultados/experimentos/2024_1/novas_hibridas/combinada_exat_2_dia_turno/historico_seed42.json,combinada,cursos_exat_2 -> dia_turno_curso,qualquer_melhoria_na_passada,180.0,1,180.0,600.0,1,0,TEMPO_TOTAL,,,
1,2,30,par_cursos,CC+EAS,92,17986,77004,OPTIMAL,185521.0,185521.0,False,185521.0,3.84,3.51,600.0,CC,EAS,aleatoria,42,30,cursos_exat_2,30,30,True,TEMPO_TOTAL,iteracao,combinada_cursos_exat_2_dia_turno_curso,180.0,180.0,600.0,14400.0,False,False,aleatoria,42,aleatoria,42,./dados/2024_1/horarios_2024_1.xlsx,./dados/2024_1/salas_2024_1.csv,./dados/2024_1/salas_preferenciais_2024.1.xlsx,/Users/robertdrey/Documents/workspace/development/alocador_de_salas,resultados/experimentos/2024_1/novas_hibridas/combinada_exat_2_dia_turno/melhor_solucao_seed42.sol,resultados/experimentos/2024_1/novas_hibridas/combinada_exat_2_dia_turno/historico_seed42.csv,resultados/experimentos/2024_1/novas_hibridas/combinada_exat_2_dia_turno/historico_seed42.json,combinada,cursos_exat_2 -> dia_turno_curso,qualquer_melhoria_na_passada,180.0,1,180.0,600.0,1,0,TEMPO_TOTAL,,,
1,2,31,par_cursos,CC+ADM,95,19826,75164,OPTIMAL,185521.0,185521.0,False,185521.0,46.46,46.14,600.0,CC,ADM,aleatoria,42,31,cursos_exat_2,31,31,True,TEMPO_TOTAL,iteracao,combinada_cursos_exat_2_dia_turno_curso,180.0,180.0,600.0,14400.0,False,False,aleatoria,42,aleatoria,42,./dados/2024_1/horarios_2024_1.xlsx,./dados/2024_1/salas_2024_1.csv,./dados/2024_1/salas_preferenciais_2024.1.xlsx,/Users/robertdrey/Documents/workspace/development/alocador_de_salas,resultados/experimentos/2024_1/novas_hibridas/combinada_exat_2_dia_turno/melhor_solucao_seed42.sol,resultados/experimentos/2024_1/novas_hibridas/combinada_exat_2_dia_turno/historico_seed42.csv,resultados/experimentos/2024_1/novas_hibridas/combinada_exat_2_dia_turno/historico_seed42.json,combinada,cursos_exat_2 -> dia_turno_curso,qualquer_melhoria_na_passada,180.0,1,180.0,600.0,1,0,TEMPO_TOTAL,,,
1,2,32,par_cursos,CC+AGRO,98,19274,75716,OPTIMAL,185521.0,185521.0,False,185521.0,105.66,105.33,600.0,CC,AGRO,aleatoria,42,32,cursos_exat_2,32,32,True,TEMPO_TOTAL,iteracao,combinada_cursos_exat_2_dia_turno_curso,180.0,180.0,600.0,14400.0,False,False,aleatoria,42,aleatoria,42,./dados/2024_1/horarios_2024_1.xlsx,./dados/2024_1/salas_2024_1.csv,./dados/2024_1/salas_preferenciais_2024.1.xlsx,/Users/robertdrey/Documents/workspace/development/alocador_de_salas,resultados/experimentos/2024_1/novas_hibridas/combinada_exat_2_dia_turno/melhor_solucao_seed42.sol,resultados/experimentos/2024_1/novas_hibridas/combinada_exat_2_dia_turno/historico_seed42.csv,resultados/experimentos/2024_1/novas_hibridas/combinada_exat_2_dia_turno/historico_seed42.json,combinada,cursos_exat_2 -> dia_turno_curso,qualquer_melhoria_na_passada,180.0,1,180.0,600.0,1,0,TEMPO_TOTAL,,,
1,2,33,par_cursos,CC+MAT,70,15502,79488,OPTIMAL,185521.0,185521.0,False,185521.0,3.41,3.06,600.0,CC,MAT,aleatoria,42,33,cursos_exat_2,33,33,True,TEMPO_TOTAL,iteracao,combinada_cursos_exat_2_dia_turno_curso,180.0,180.0,600.0,14400.0,False,False,aleatoria,42,aleatoria,42,./dados/2024_1/horarios_2024_1.xlsx,./dados/2024_1/salas_2024_1.csv,./dados/2024_1/salas_preferenciais_2024.1.xlsx,/Users/robertdrey/Documents/workspace/development/alocador_de_salas,resultados/experimentos/2024_1/novas_hibridas/combinada_exat_2_dia_turno/melhor_solucao_seed42.sol,resultados/experimentos/2024_1/novas_hibridas/combinada_exat_2_dia_turno/historico_seed42.csv,resultados/experimentos/2024_1/novas_hibridas/combinada_exat_2_dia_turno/historico_seed42.json,combinada,cursos_exat_2 -> dia_turno_curso,qualquer_melhoria_na_passada,180.0,1,180.0,600.0,1,0,TEMPO_TOTAL,,,
1,2,34,par_cursos,LET+PED,92,21942,73048,OPTIMAL,185521.0,185521.0,False,185521.0,40.05,39.72,600.0,LET,PED,aleatoria,42,34,cursos_exat_2,34,34,True,TEMPO_TOTAL,iteracao,combinada_cursos_exat_2_dia_turno_curso,180.0,180.0,600.0,14400.0,False,False,aleatoria,42,aleatoria,42,./dados/2024_1/horarios_2024_1.xlsx,./dados/2024_1/salas_2024_1.csv,./dados/2024_1/salas_preferenciais_2024.1.xlsx,/Users/robertdrey/Documents/workspace/development/alocador_de_salas,resultados/experimentos/2024_1/novas_hibridas/combinada_exat_2_dia_turno/melhor_solucao_seed42.sol,resultados/experimentos/2024_1/novas_hibridas/combinada_exat_2_dia_turno/historico_seed42.csv,resultados/experimentos/2024_1/novas_hibridas/combinada_exat_2_dia_turno/historico_seed42.json,combinada,cursos_exat_2 -> dia_turno_curso,qualquer_melhoria_na_passada,180.0,1,180.0,600.0,1,0,TEMPO_TOTAL,,,
1,2,35,par_cursos,LET+ENF,54,17664,77326,OPTIMAL,185521.0,185521.0,False,185521.0,6.19,5.87,600.0,LET,ENF,aleatoria,42,35,cursos_exat_2,35,35,True,TEMPO_TOTAL,iteracao,combinada_cursos_exat_2_dia_turno_curso,180.0,180.0,600.0,14400.0,False,False,aleatoria,42,aleatoria,42,./dados/2024_1/horarios_2024_1.xlsx,./dados/2024_1/salas_2024_1.csv,./dados/2024_1/salas_preferenciais_2024.1.xlsx,/Users/robertdrey/Documents/workspace/development/alocador_de_salas,resultados/experimentos/2024_1/novas_hibridas/combinada_exat_2_dia_turno/melhor_solucao_seed42.sol,resultados/experimentos/2024_1/novas_hibridas/combinada_exat_2_dia_turno/historico_seed42.csv,resultados/experimentos/2024_1/novas_hibridas/combinada_exat_2_dia_turno/historico_seed42.json,combinada,cursos_exat_2 -> dia_turno_curso,qualquer_melhoria_na_passada,180.0,1,180.0,600.0,1,0,TEMPO_TOTAL,,,
1,2,36,par_cursos,LET+MED,77,18538,76452,OPTIMAL,185521.0,185521.0,False,185521.0,2.03,1.72,600.0,LET,MED,aleatoria,42,36,cursos_exat_2,36,36,True,TEMPO_TOTAL,iteracao,combinada_cursos_exat_2_dia_turno_curso,180.0,180.0,600.0,14400.0,False,False,aleatoria,42,aleatoria,42,./dados/2024_1/horarios_2024_1.xlsx,./dados/2024_1/salas_2024_1.csv,./dados/2024_1/salas_preferenciais_2024.1.xlsx,/Users/robertdrey/Documents/workspace/development/alocador_de_salas,resultados/experimentos/2024_1/novas_hibridas/combinada_exat_2_dia_turno/melhor_solucao_seed42.sol,resultados/experimentos/2024_1/novas_hibridas/combinada_exat_2_dia_turno/historico_seed42.csv,resultados/experimentos/2024_1/novas_hibridas/combinada_exat_2_dia_turno/historico_seed42.json,combinada,cursos_exat_2 -> dia_turno_curso,qualquer_melhoria_na_passada,180.0,1,180.0,600.0,1,0,TEMPO_TOTAL,,,
1,2,37,par_cursos,LET+HIS,60,13938,81052,OPTIMAL,185521.0,185521.0,False,185521.0,3.02,2.7,600.0,LET,HIS,aleatoria,42,37,cursos_exat_2,37,37,True,TEMPO_TOTAL,iteracao,combinada_cursos_exat_2_dia_turno_curso,180.0,180.0,600.0,14400.0,False,False,aleatoria,42,aleatoria,42,./dados/2024_1/horarios_2024_1.xlsx,./dados/2024_1/salas_2024_1.csv,./dados/2024_1/salas_preferenciais_2024.1.xlsx,/Users/robertdrey/Documents/workspace/development/alocador_de_salas,resultados/experimentos/2024_1/novas_hibridas/combinada_exat_2_dia_turno/melhor_solucao_seed42.sol,resultados/experimentos/2024_1/novas_hibridas/combinada_exat_2_dia_turno/historico_seed42.csv,resultados/experimentos/2024_1/novas_hibridas/combinada_exat_2_dia_turno/historico_seed42.json,combinada,cursos_exat_2 -> dia_turno_curso,qualquer_melhoria_na_passada,180.0,1,180.0,600.0,1,0,TEMPO_TOTAL,,,
1,2,38,par_cursos,LET+CS,58,13708,81282,OPTIMAL,185521.0,185521.0,False,185521.0,1.64,1.32,600.0,LET,CS,aleatoria,42,38,cursos_exat_2,38,38,True,TEMPO_TOTAL,iteracao,combinada_cursos_exat_2_dia_turno_curso,180.0,180.0,600.0,14400.0,False,False,aleatoria,42,aleatoria,42,./dados/2024_1/horarios_2024_1.xlsx,./dados/2024_1/salas_2024_1.csv,./dados/2024_1/salas_preferenciais_2024.1.xlsx,/Users/robertdrey/Documents/workspace/development/alocador_de_salas,resultados/experimentos/2024_1/novas_hibridas/combinada_exat_2_dia_turno/melhor_solucao_seed42.sol,resultados/experimentos/2024_1/novas_hibridas/combinada_exat_2_dia_turno/historico_seed42.csv,resultados/experimentos/2024_1/novas_hibridas/combinada_exat_2_dia_turno/historico_seed42.json,combinada,cursos_exat_2 -> dia_turno_curso,qualquer_melhoria_na_passada,180.0,1,180.0,600.0,1,0,TEMPO_TOTAL,,,
1,2,39,par_cursos,LET+EAS,81,16606,78384,OPTIMAL,185521.0,185521.0,False,185521.0,2.02,1.71,600.0,LET,EAS,aleatoria,42,39,cursos_exat_2,39,39,True,TEMPO_TOTAL,iteracao,combinada_cursos_exat_2_dia_turno_curso,180.0,180.0,600.0,14400.0,False,False,aleatoria,42,aleatoria,42,./dados/2024_1/horarios_2024_1.xlsx,./dados/2024_1/salas_2024_1.csv,./dados/2024_1/salas_preferenciais_2024.1.xlsx,/Users/robertdrey/Documents/workspace/development/alocador_de_salas,resultados/experimentos/2024_1/novas_hibridas/combinada_exat_2_dia_turno/melhor_solucao_seed42.sol,resultados/experimentos/2024_1/novas_hibridas/combinada_exat_2_dia_turno/historico_seed42.csv,resultados/experimentos/2024_1/novas_hibridas/combinada_exat_2_dia_turno/historico_seed42.json,combinada,cursos_exat_2 -> dia_turno_curso,qualquer_melhoria_na_passada,180.0,1,180.0,600.0,1,0,TEMPO_TOTAL,,,
1,2,40,par_cursos,LET+ADM,84,18446,76544,OPTIMAL,185521.0,185510.0,True,185510.0,4.68,4.34,600.0,LET,ADM,aleatoria,42,40,cursos_exat_2,40,40,True,TEMPO_TOTAL,iteracao,combinada_cursos_exat_2_dia_turno_curso,180.0,180.0,600.0,14400.0,False,False,aleatoria,42,aleatoria,42,./dados/2024_1/horarios_2024_1.xlsx,./dados/2024_1/salas_2024_1.csv,./dados/2024_1/salas_preferenciais_2024.1.xlsx,/Users/robertdrey/Documents/workspace/development/alocador_de_salas,resultados/experimentos/2024_1/novas_hibridas/combinada_exat_2_dia_turno/melhor_solucao_seed42.sol,resultados/experimentos/2024_1/novas_hibridas/combinada_exat_2_dia_turno/historico_seed42.csv,resultados/experimentos/2024_1/novas_hibridas/combinada_exat_2_dia_turno/historico_seed42.json,combinada,cursos_exat_2 -> dia_turno_curso,qualquer_melhoria_na_passada,180.0,1,180.0,600.0,1,0,TEMPO_TOTAL,,,
1,2,41,par_cursos,LET+AGRO,87,17894,77096,OPTIMAL,185510.0,185510.0,False,185510.0,7.67,7.34,600.0,LET,AGRO,aleatoria,42,41,cursos_exat_2,41,41,True,TEMPO_TOTAL,iteracao,combinada_cursos_exat_2_dia_turno_curso,180.0,180.0,600.0,14400.0,False,False,aleatoria,42,aleatoria,42,./dados/2024_1/horarios_2024_1.xlsx,./dados/2024_1/salas_2024_1.csv,./dados/2024_1/salas_preferenciais_2024.1.xlsx,/Users/robertdrey/Documents/workspace/development/alocador_de_salas,resultados/experimentos/2024_1/novas_hibridas/combinada_exat_2_dia_turno/melhor_solucao_seed42.sol,resultados/experimentos/2024_1/novas_hibridas/combinada_exat_2_dia_turno/historico_seed42.csv,resultados/experimentos/2024_1/novas_hibridas/combinada_exat_2_dia_turno/historico_seed42.json,combinada,cursos_exat_2 -> dia_turno_curso,qualquer_melhoria_na_passada,180.0,1,180.0,600.0,1,0,TEMPO_TOTAL,,,
1,2,42,par_cursos,LET+MAT,59,14122,80868,OPTIMAL,185510.0,185494.5,True,185494.5,2.03,1.72,600.0,LET,MAT,aleatoria,42,42,cursos_exat_2,42,42,True,TEMPO_TOTAL,iteracao,combinada_cursos_exat_2_dia_turno_curso,180.0,180.0,600.0,14400.0,False,False,aleatoria,42,aleatoria,42,./dados/2024_1/horarios_2024_1.xlsx,./dados/2024_1/salas_2024_1.csv,./dados/2024_1/salas_preferenciais_2024.1.xlsx,/Users/robertdrey/Documents/workspace/development/alocador_de_salas,resultados/experimentos/2024_1/novas_hibridas/combinada_exat_2_dia_turno/melhor_solucao_seed42.sol,resultados/experimentos/2024_1/novas_hibridas/combinada_exat_2_dia_turno/historico_seed42.csv,resultados/experimentos/2024_1/novas_hibridas/combinada_exat_2_dia_turno/historico_seed42.json,combinada,cursos_exat_2 -> dia_turno_curso,qualquer_melhoria_na_passada,180.0,1,180.0,600.0,1,0,TEMPO_TOTAL,,,
1,2,43,par_cursos,PED+ENF,74,21298,73692,OPTIMAL,185494.5,185494.5,False,185494.5,144.84,144.54,600.0,PED,ENF,aleatoria,42,43,cursos_exat_2,43,43,True,TEMPO_TOTAL,iteracao,combinada_cursos_exat_2_dia_turno_curso,180.0,180.0,600.0,14400.0,False,False,aleatoria,42,aleatoria,42,./dados/2024_1/horarios_2024_1.xlsx,./dados/2024_1/salas_2024_1.csv,./dados/2024_1/salas_preferenciais_2024.1.xlsx,/Users/robertdrey/Documents/workspace/development/alocador_de_salas,resultados/experimentos/2024_1/novas_hibridas/combinada_exat_2_dia_turno/melhor_solucao_seed42.sol,resultados/experimentos/2024_1/novas_hibridas/combinada_exat_2_dia_turno/historico_seed42.csv,resultados/experimentos/2024_1/novas_hibridas/combinada_exat_2_dia_turno/historico_seed42.json,combinada,cursos_exat_2 -> dia_turno_curso,qualquer_melhoria_na_passada,180.0,1,180.0,600.0,1,0,TEMPO_TOTAL,,,
1,2,44,par_cursos,PED+MED,97,22172,72818,OPTIMAL,185494.5,185494.5,False,185494.5,18.94,18.61,600.0,PED,MED,aleatoria,42,44,cursos_exat_2,44,44,True,TEMPO_TOTAL,iteracao,combinada_cursos_exat_2_dia_turno_curso,180.0,180.0,600.0,14400.0,False,False,aleatoria,42,aleatoria,42,./dados/2024_1/horarios_2024_1.xlsx,./dados/2024_1/salas_2024_1.csv,./dados/2024_1/salas_preferenciais_2024.1.xlsx,/Users/robertdrey/Documents/workspace/development/alocador_de_salas,resultados/experimentos/2024_1/novas_hibridas/combinada_exat_2_dia_turno/melhor_solucao_seed42.sol,resultados/experimentos/2024_1/novas_hibridas/combinada_exat_2_dia_turno/historico_seed42.csv,resultados/experimentos/2024_1/novas_hibridas/combinada_exat_2_dia_turno/historico_seed42.json,combinada,cursos_exat_2 -> dia_turno_curso,qualquer_melhoria_na_passada,180.0,1,180.0,600.0,1,0,TEMPO_TOTAL,,,
1,2,45,par_cursos,PED+HIS,80,17572,77418,OPTIMAL,185494.5,185494.5,False,185494.5,13.9,13.53,600.0,PED,HIS,aleatoria,42,45,cursos_exat_2,45,45,True,TEMPO_TOTAL,iteracao,combinada_cursos_exat_2_dia_turno_curso,180.0,180.0,600.0,14400.0,False,False,aleatoria,42,aleatoria,42,./dados/2024_1/horarios_2024_1.xlsx,./dados/2024_1/salas_2024_1.csv,./dados/2024_1/salas_preferenciais_2024.1.xlsx,/Users/robertdrey/Documents/workspace/development/alocador_de_salas,resultados/experimentos/2024_1/novas_hibridas/combinada_exat_2_dia_turno/melhor_solucao_seed42.sol,resultados/experimentos/2024_1/novas_hibridas/combinada_exat_2_dia_turno/historico_seed42.csv,resultados/experimentos/2024_1/novas_hibridas/combinada_exat_2_dia_turno/historico_seed42.json,combinada,cursos_exat_2 -> dia_turno_curso,qualquer_melhoria_na_passada,180.0,1,180.0,600.0,1,0,TEMPO_TOTAL,,,
1,2,46,par_cursos,PED+CS,78,17342,77648,OPTIMAL,185494.5,185494.5,False,185494.5,103.34,102.99,600.0,PED,CS,aleatoria,42,46,cursos_exat_2,46,46,True,TEMPO_TOTAL,iteracao,combinada_cursos_exat_2_dia_turno_curso,180.0,180.0,600.0,14400.0,False,False,aleatoria,42,aleatoria,42,./dados/2024_1/horarios_2024_1.xlsx,./dados/2024_1/salas_2024_1.csv,./dados/2024_1/salas_preferenciais_2024.1.xlsx,/Users/robertdrey/Documents/workspace/development/alocador_de_salas,resultados/experimentos/2024_1/novas_hibridas/combinada_exat_2_dia_turno/melhor_solucao_seed42.sol,resultados/experimentos/2024_1/novas_hibridas/combinada_exat_2_dia_turno/historico_seed42.csv,resultados/experimentos/2024_1/novas_hibridas/combinada_exat_2_dia_turno/historico_seed42.json,combinada,cursos_exat_2 -> dia_turno_curso,qualquer_melhoria_na_passada,180.0,1,180.0,600.0,1,0,TEMPO_TOTAL,,,
1,2,47,par_cursos,PED+EAS,101,20240,74750,OPTIMAL,185494.5,185494.5,False,185494.5,40.01,39.67,600.0,PED,EAS,aleatoria,42,47,cursos_exat_2,47,47,True,TEMPO_TOTAL,iteracao,combinada_cursos_exat_2_dia_turno_curso,180.0,180.0,600.0,14400.0,False,False,aleatoria,42,aleatoria,42,./dados/2024_1/horarios_2024_1.xlsx,./dados/2024_1/salas_2024_1.csv,./dados/2024_1/salas_preferenciais_2024.1.xlsx,/Users/robertdrey/Documents/workspace/development/alocador_de_salas,resultados/experimentos/2024_1/novas_hibridas/combinada_exat_2_dia_turno/melhor_solucao_seed42.sol,resultados/experimentos/2024_1/novas_hibridas/combinada_exat_2_dia_turno/historico_seed42.csv,resultados/experimentos/2024_1/novas_hibridas/combinada_exat_2_dia_turno/historico_seed42.json,combinada,cursos_exat_2 -> dia_turno_curso,qualquer_melhoria_na_passada,180.0,1,180.0,600.0,1,0,TEMPO_TOTAL,,,
1,2,48,par_cursos,PED+ADM,104,22080,72910,TIME_LIMIT,185494.5,185494.5,False,185494.5,600.47,600.16,600.0,PED,ADM,aleatoria,42,48,cursos_exat_2,48,48,True,TEMPO_TOTAL,iteracao,combinada_cursos_exat_2_dia_turno_curso,180.0,180.0,600.0,14400.0,False,False,aleatoria,42,aleatoria,42,./dados/2024_1/horarios_2024_1.xlsx,./dados/2024_1/salas_2024_1.csv,./dados/2024_1/salas_preferenciais_2024.1.xlsx,/Users/robertdrey/Documents/workspace/development/alocador_de_salas,resultados/experimentos/2024_1/novas_hibridas/combinada_exat_2_dia_turno/melhor_solucao_seed42.sol,resultados/experimentos/2024_1/novas_hibridas/combinada_exat_2_dia_turno/historico_seed42.csv,resultados/experimentos/2024_1/novas_hibridas/combinada_exat_2_dia_turno/historico_seed42.json,combinada,cursos_exat_2 -> dia_turno_curso,qualquer_melhoria_na_passada,180.0,1,180.0,600.0,1,0,TEMPO_TOTAL,,,
1,2,49,par_cursos,PED+AGRO,107,21528,73462,OPTIMAL,185494.5,185494.5,False,185494.5,303.77,303.32,600.0,PED,AGRO,aleatoria,42,49,cursos_exat_2,49,49,True,TEMPO_TOTAL,iteracao,combinada_cursos_exat_2_dia_turno_curso,180.0,180.0,600.0,14400.0,False,False,aleatoria,42,aleatoria,42,./dados/2024_1/horarios_2024_1.xlsx,./dados/2024_1/salas_2024_1.csv,./dados/2024_1/salas_preferenciais_2024.1.xlsx,/Users/robertdrey/Documents/workspace/development/alocador_de_salas,resultados/experimentos/2024_1/novas_hibridas/combinada_exat_2_dia_turno/melhor_solucao_seed42.sol,resultados/experimentos/2024_1/novas_hibridas/combinada_exat_2_dia_turno/historico_seed42.csv,resultados/experimentos/2024_1/novas_hibridas/combinada_exat_2_dia_turno/historico_seed42.json,combinada,cursos_exat_2 -> dia_turno_curso,qualquer_melhoria_na_passada,180.0,1,180.0,600.0,1,0,TEMPO_TOTAL,,,
1,2,50,par_cursos,PED+MAT,79,17756,77234,OPTIMAL,185494.5,185494.5,False,185494.5,33.05,32.72,600.0,PED,MAT,aleatoria,42,50,cursos_exat_2,50,50,True,TEMPO_TOTAL,iteracao,combinada_cursos_exat_2_dia_turno_curso,180.0,180.0,600.0,14400.0,False,False,aleatoria,42,aleatoria,42,./dados/2024_1/horarios_2024_1.xlsx,./dados/2024_1/salas_2024_1.csv,./dados/2024_1/salas_preferenciais_2024.1.xlsx,/Users/robertdrey/Documents/workspace/development/alocador_de_salas,resultados/experimentos/2024_1/novas_hibridas/combinada_exat_2_dia_turno/melhor_solucao_seed42.sol,resultados/experimentos/2024_1/novas_hibridas/combinada_exat_2_dia_turno/historico_seed42.csv,resultados/experimentos/2024_1/novas_hibridas/combinada_exat_2_dia_turno/historico_seed42.json,combinada,cursos_exat_2 -> dia_turno_curso,qualquer_melhoria_na_passada,180.0,1,180.0,600.0,1,0,TEMPO_TOTAL,,,
1,2,51,par_cursos,ENF+MED,59,17894,77096,OPTIMAL,185494.5,185494.5,False,185494.5,26.83,26.48,600.0,ENF,MED,aleatoria,42,51,cursos_exat_2,51,51,True,TEMPO_TOTAL,iteracao,combinada_cursos_exat_2_dia_turno_curso,180.0,180.0,600.0,14400.0,False,False,aleatoria,42,aleatoria,42,./dados/2024_1/horarios_2024_1.xlsx,./dados/2024_1/salas_2024_1.csv,./dados/2024_1/salas_preferenciais_2024.1.xlsx,/Users/robertdrey/Documents/workspace/development/alocador_de_salas,resultados/experimentos/2024_1/novas_hibridas/combinada_exat_2_dia_turno/melhor_solucao_seed42.sol,resultados/experimentos/2024_1/novas_hibridas/combinada_exat_2_dia_turno/historico_seed42.csv,resultados/experimentos/2024_1/novas_hibridas/combinada_exat_2_dia_turno/historico_seed42.json,combinada,cursos_exat_2 -> dia_turno_curso,qualquer_melhoria_na_passada,180.0,1,180.0,600.0,1,0,TEMPO_TOTAL,,,
1,2,52,par_cursos,ENF+HIS,42,13294,81696,OPTIMAL,185494.5,185494.5,False,185494.5,1.98,1.63,600.0,ENF,HIS,aleatoria,42,52,cursos_exat_2,52,52,True,TEMPO_TOTAL,iteracao,combinada_cursos_exat_2_dia_turno_curso,180.0,180.0,600.0,14400.0,False,False,aleatoria,42,aleatoria,42,./dados/2024_1/horarios_2024_1.xlsx,./dados/2024_1/salas_2024_1.csv,./dados/2024_1/salas_preferenciais_2024.1.xlsx,/Users/robertdrey/Documents/workspace/development/alocador_de_salas,resultados/experimentos/2024_1/novas_hibridas/combinada_exat_2_dia_turno/melhor_solucao_seed42.sol,resultados/experimentos/2024_1/novas_hibridas/combinada_exat_2_dia_turno/historico_seed42.csv,resultados/experimentos/2024_1/novas_hibridas/combinada_exat_2_dia_turno/historico_seed42.json,combinada,cursos_exat_2 -> dia_turno_curso,qualquer_melhoria_na_passada,180.0,1,180.0,600.0,1,0,TEMPO_TOTAL,,,
1,2,53,par_cursos,ENF+CS,40,13064,81926,OPTIMAL,185494.5,185494.5,False,185494.5,2.3,1.94,600.0,ENF,CS,aleatoria,42,53,cursos_exat_2,53,53,True,TEMPO_TOTAL,iteracao,combinada_cursos_exat_2_dia_turno_curso,180.0,180.0,600.0,14400.0,False,False,aleatoria,42,aleatoria,42,./dados/2024_1/horarios_2024_1.xlsx,./dados/2024_1/salas_2024_1.csv,./dados/2024_1/salas_preferenciais_2024.1.xlsx,/Users/robertdrey/Documents/workspace/development/alocador_de_salas,resultados/experimentos/2024_1/novas_hibridas/combinada_exat_2_dia_turno/melhor_solucao_seed42.sol,resultados/experimentos/2024_1/novas_hibridas/combinada_exat_2_dia_turno/historico_seed42.csv,resultados/experimentos/2024_1/novas_hibridas/combinada_exat_2_dia_turno/historico_seed42.json,combinada,cursos_exat_2 -> dia_turno_curso,qualquer_melhoria_na_passada,180.0,1,180.0,600.0,1,0,TEMPO_TOTAL,,,
1,2,54,par_cursos,ENF+EAS,63,15962,79028,OPTIMAL,185494.5,185494.5,False,185494.5,11.55,11.19,600.0,ENF,EAS,aleatoria,42,54,cursos_exat_2,54,54,True,TEMPO_TOTAL,iteracao,combinada_cursos_exat_2_dia_turno_curso,180.0,180.0,600.0,14400.0,False,False,aleatoria,42,aleatoria,42,./dados/2024_1/horarios_2024_1.xlsx,./dados/2024_1/salas_2024_1.csv,./dados/2024_1/salas_preferenciais_2024.1.xlsx,/Users/robertdrey/Documents/workspace/development/alocador_de_salas,resultados/experimentos/2024_1/novas_hibridas/combinada_exat_2_dia_turno/melhor_solucao_seed42.sol,resultados/experimentos/2024_1/novas_hibridas/combinada_exat_2_dia_turno/historico_seed42.csv,resultados/experimentos/2024_1/novas_hibridas/combinada_exat_2_dia_turno/historico_seed42.json,combinada,cursos_exat_2 -> dia_turno_curso,qualquer_melhoria_na_passada,180.0,1,180.0,600.0,1,0,TEMPO_TOTAL,,,
1,2,55,par_cursos,ENF+ADM,66,17802,77188,OPTIMAL,185494.5,185494.5,False,185494.5,6.58,6.23,600.0,ENF,ADM,aleatoria,42,55,cursos_exat_2,55,55,True,TEMPO_TOTAL,iteracao,combinada_cursos_exat_2_dia_turno_curso,180.0,180.0,600.0,14400.0,False,False,aleatoria,42,aleatoria,42,./dados/2024_1/horarios_2024_1.xlsx,./dados/2024_1/salas_2024_1.csv,./dados/2024_1/salas_preferenciais_2024.1.xlsx,/Users/robertdrey/Documents/workspace/development/alocador_de_salas,resultados/experimentos/2024_1/novas_hibridas/combinada_exat_2_dia_turno/melhor_solucao_seed42.sol,resultados/experimentos/2024_1/novas_hibridas/combinada_exat_2_dia_turno/historico_seed42.csv,resultados/experimentos/2024_1/novas_hibridas/combinada_exat_2_dia_turno/historico_seed42.json,combinada,cursos_exat_2 -> dia_turno_curso,qualquer_melhoria_na_passada,180.0,1,180.0,600.0,1,0,TEMPO_TOTAL,,,
1,2,56,par_cursos,ENF+AGRO,69,17250,77740,OPTIMAL,185494.5,185494.5,False,185494.5,371.25,370.92,600.0,ENF,AGRO,aleatoria,42,56,cursos_exat_2,56,56,True,TEMPO_TOTAL,iteracao,combinada_cursos_exat_2_dia_turno_curso,180.0,180.0,600.0,14400.0,False,False,aleatoria,42,aleatoria,42,./dados/2024_1/horarios_2024_1.xlsx,./dados/2024_1/salas_2024_1.csv,./dados/2024_1/salas_preferenciais_2024.1.xlsx,/Users/robertdrey/Documents/workspace/development/alocador_de_salas,resultados/experimentos/2024_1/novas_hibridas/combinada_exat_2_dia_turno/melhor_solucao_seed42.sol,resultados/experimentos/2024_1/novas_hibridas/combinada_exat_2_dia_turno/historico_seed42.csv,resultados/experimentos/2024_1/novas_hibridas/combinada_exat_2_dia_turno/historico_seed42.json,combinada,cursos_exat_2 -> dia_turno_curso,qualquer_melhoria_na_passada,180.0,1,180.0,600.0,1,0,TEMPO_TOTAL,,,
1,2,57,par_cursos,ENF+MAT,41,13478,81512,OPTIMAL,185494.5,185494.5,False,185494.5,3.35,3.01,600.0,ENF,MAT,aleatoria,42,57,cursos_exat_2,57,57,True,TEMPO_TOTAL,iteracao,combinada_cursos_exat_2_dia_turno_curso,180.0,180.0,600.0,14400.0,False,False,aleatoria,42,aleatoria,42,./dados/2024_1/horarios_2024_1.xlsx,./dados/2024_1/salas_2024_1.csv,./dados/2024_1/salas_preferenciais_2024.1.xlsx,/Users/robertdrey/Documents/workspace/development/alocador_de_salas,resultados/experimentos/2024_1/novas_hibridas/combinada_exat_2_dia_turno/melhor_solucao_seed42.sol,resultados/experimentos/2024_1/novas_hibridas/combinada_exat_2_dia_turno/historico_seed42.csv,resultados/experimentos/2024_1/novas_hibridas/combinada_exat_2_dia_turno/historico_seed42.json,combinada,cursos_exat_2 -> dia_turno_curso,qualquer_melhoria_na_passada,180.0,1,180.0,600.0,1,0,TEMPO_TOTAL,,,
1,2,58,par_cursos,MED+HIS,65,14168,80822,OPTIMAL,185494.5,185494.5,False,185494.5,1.41,1.07,600.0,MED,HIS,aleatoria,42,58,cursos_exat_2,58,58,True,TEMPO_TOTAL,iteracao,combinada_cursos_exat_2_dia_turno_curso,180.0,180.0,600.0,14400.0,False,False,aleatoria,42,aleatoria,42,./dados/2024_1/horarios_2024_1.xlsx,./dados/2024_1/salas_2024_1.csv,./dados/2024_1/salas_preferenciais_2024.1.xlsx,/Users/robertdrey/Documents/workspace/development/alocador_de_salas,resultados/experimentos/2024_1/novas_hibridas/combinada_exat_2_dia_turno/melhor_solucao_seed42.sol,resultados/experimentos/2024_1/novas_hibridas/combinada_exat_2_dia_turno/historico_seed42.csv,resultados/experimentos/2024_1/novas_hibridas/combinada_exat_2_dia_turno/historico_seed42.json,combinada,cursos_exat_2 -> dia_turno_curso,qualquer_melhoria_na_passada,180.0,1,180.0,600.0,1,0,TEMPO_TOTAL,,,
1,2,59,par_cursos,MED+CS,63,13938,81052,OPTIMAL,185494.5,185494.5,False,185494.5,1.34,1.02,600.0,MED,CS,aleatoria,42,59,cursos_exat_2,59,59,True,TEMPO_TOTAL,iteracao,combinada_cursos_exat_2_dia_turno_curso,180.0,180.0,600.0,14400.0,False,False,aleatoria,42,aleatoria,42,./dados/2024_1/horarios_2024_1.xlsx,./dados/2024_1/salas_2024_1.csv,./dados/2024_1/salas_preferenciais_2024.1.xlsx,/Users/robertdrey/Documents/workspace/development/alocador_de_salas,resultados/experimentos/2024_1/novas_hibridas/combinada_exat_2_dia_turno/melhor_solucao_seed42.sol,resultados/experimentos/2024_1/novas_hibridas/combinada_exat_2_dia_turno/historico_seed42.csv,resultados/experimentos/2024_1/novas_hibridas/combinada_exat_2_dia_turno/historico_seed42.json,combinada,cursos_exat_2 -> dia_turno_curso,qualquer_melhoria_na_passada,180.0,1,180.0,600.0,1,0,TEMPO_TOTAL,,,
1,2,60,par_cursos,MED+EAS,86,16836,78154,OPTIMAL,185494.5,185494.5,False,185494.5,2.18,1.85,600.0,MED,EAS,aleatoria,42,60,cursos_exat_2,60,60,True,TEMPO_TOTAL,iteracao,combinada_cursos_exat_2_dia_turno_curso,180.0,180.0,600.0,14400.0,False,False,aleatoria,42,aleatoria,42,./dados/2024_1/horarios_2024_1.xlsx,./dados/2024_1/salas_2024_1.csv,./dados/2024_1/salas_preferenciais_2024.1.xlsx,/Users/robertdrey/Documents/workspace/development/alocador_de_salas,resultados/experimentos/2024_1/novas_hibridas/combinada_exat_2_dia_turno/melhor_solucao_seed42.sol,resultados/experimentos/2024_1/novas_hibridas/combinada_exat_2_dia_turno/historico_seed42.csv,resultados/experimentos/2024_1/novas_hibridas/combinada_exat_2_dia_turno/historico_seed42.json,combinada,cursos_exat_2 -> dia_turno_curso,qualquer_melhoria_na_passada,180.0,1,180.0,600.0,1,0,TEMPO_TOTAL,,,
1,2,61,par_cursos,MED+ADM,89,18676,76314,OPTIMAL,185494.5,185494.5,False,185494.5,2.18,1.84,600.0,MED,ADM,aleatoria,42,61,cursos_exat_2,61,61,True,TEMPO_TOTAL,iteracao,combinada_cursos_exat_2_dia_turno_curso,180.0,180.0,600.0,14400.0,False,False,aleatoria,42,aleatoria,42,./dados/2024_1/horarios_2024_1.xlsx,./dados/2024_1/salas_2024_1.csv,./dados/2024_1/salas_preferenciais_2024.1.xlsx,/Users/robertdrey/Documents/workspace/development/alocador_de_salas,resultados/experimentos/2024_1/novas_hibridas/combinada_exat_2_dia_turno/melhor_solucao_seed42.sol,resultados/experimentos/2024_1/novas_hibridas/combinada_exat_2_dia_turno/historico_seed42.csv,resultados/experimentos/2024_1/novas_hibridas/combinada_exat_2_dia_turno/historico_seed42.json,combinada,cursos_exat_2 -> dia_turno_curso,qualquer_melhoria_na_passada,180.0,1,180.0,600.0,1,0,TEMPO_TOTAL,,,
1,2,62,par_cursos,MED+AGRO,92,18124,76866,TIME_LIMIT,185494.5,185482.5,True,185482.5,600.41,600.04,600.0,MED,AGRO,aleatoria,42,62,cursos_exat_2,62,62,True,TEMPO_TOTAL,iteracao,combinada_cursos_exat_2_dia_turno_curso,180.0,180.0,600.0,14400.0,False,False,aleatoria,42,aleatoria,42,./dados/2024_1/horarios_2024_1.xlsx,./dados/2024_1/salas_2024_1.csv,./dados/2024_1/salas_preferenciais_2024.1.xlsx,/Users/robertdrey/Documents/workspace/development/alocador_de_salas,resultados/experimentos/2024_1/novas_hibridas/combinada_exat_2_dia_turno/melhor_solucao_seed42.sol,resultados/experimentos/2024_1/novas_hibridas/combinada_exat_2_dia_turno/historico_seed42.csv,resultados/experimentos/2024_1/novas_hibridas/combinada_exat_2_dia_turno/historico_seed42.json,combinada,cursos_exat_2 -> dia_turno_curso,qualquer_melhoria_na_passada,180.0,1,180.0,600.0,1,0,TEMPO_TOTAL,,,
1,2,63,par_cursos,MED+MAT,64,14352,80638,OPTIMAL,185482.5,185482.5,False,185482.5,1.3,0.92,600.0,MED,MAT,aleatoria,42,63,cursos_exat_2,63,63,True,TEMPO_TOTAL,iteracao,combinada_cursos_exat_2_dia_turno_curso,180.0,180.0,600.0,14400.0,False,False,aleatoria,42,aleatoria,42,./dados/2024_1/horarios_2024_1.xlsx,./dados/2024_1/salas_2024_1.csv,./dados/2024_1/salas_preferenciais_2024.1.xlsx,/Users/robertdrey/Documents/workspace/development/alocador_de_salas,resultados/experimentos/2024_1/novas_hibridas/combinada_exat_2_dia_turno/melhor_solucao_seed42.sol,resultados/experimentos/2024_1/novas_hibridas/combinada_exat_2_dia_turno/historico_seed42.csv,resultados/experimentos/2024_1/novas_hibridas/combinada_exat_2_dia_turno/historico_seed42.json,combinada,cursos_exat_2 -> dia_turno_curso,qualquer_melhoria_na_passada,180.0,1,180.0,600.0,1,0,TEMPO_TOTAL,,,
1,2,64,par_cursos,HIS+CS,46,9338,85652,OPTIMAL,185482.5,185477.5,True,185477.5,0.83,0.53,600.0,HIS,CS,aleatoria,42,64,cursos_exat_2,64,64,True,TEMPO_TOTAL,iteracao,combinada_cursos_exat_2_dia_turno_curso,180.0,180.0,600.0,14400.0,False,False,aleatoria,42,aleatoria,42,./dados/2024_1/horarios_2024_1.xlsx,./dados/2024_1/salas_2024_1.csv,./dados/2024_1/salas_preferenciais_2024.1.xlsx,/Users/robertdrey/Documents/workspace/development/alocador_de_salas,resultados/experimentos/2024_1/novas_hibridas/combinada_exat_2_dia_turno/melhor_solucao_seed42.sol,resultados/experimentos/2024_1/novas_hibridas/combinada_exat_2_dia_turno/historico_seed42.csv,resultados/experimentos/2024_1/novas_hibridas/combinada_exat_2_dia_turno/historico_seed42.json,combinada,cursos_exat_2 -> dia_turno_curso,qualquer_melhoria_na_passada,180.0,1,180.0,600.0,1,0,TEMPO_TOTAL,,,
1,2,65,par_cursos,HIS+EAS,69,12236,82754,OPTIMAL,185477.5,185477.5,False,185477.5,0.76,0.46,600.0,HIS,EAS,aleatoria,42,65,cursos_exat_2,65,65,True,TEMPO_TOTAL,iteracao,combinada_cursos_exat_2_dia_turno_curso,180.0,180.0,600.0,14400.0,False,False,aleatoria,42,aleatoria,42,./dados/2024_1/horarios_2024_1.xlsx,./dados/2024_1/salas_2024_1.csv,./dados/2024_1/salas_preferenciais_2024.1.xlsx,/Users/robertdrey/Documents/workspace/development/alocador_de_salas,resultados/experimentos/2024_1/novas_hibridas/combinada_exat_2_dia_turno/melhor_solucao_seed42.sol,resultados/experimentos/2024_1/novas_hibridas/combinada_exat_2_dia_turno/historico_seed42.csv,resultados/experimentos/2024_1/novas_hibridas/combinada_exat_2_dia_turno/historico_seed42.json,combinada,cursos_exat_2 -> dia_turno_curso,qualquer_melhoria_na_passada,180.0,1,180.0,600.0,1,0,TEMPO_TOTAL,,,
1,2,66,par_cursos,HIS+ADM,72,14076,80914,OPTIMAL,185477.5,185477.5,False,185477.5,1.23,0.93,600.0,HIS,ADM,aleatoria,42,66,cursos_exat_2,66,66,True,TEMPO_TOTAL,iteracao,combinada_cursos_exat_2_dia_turno_curso,180.0,180.0,600.0,14400.0,False,False,aleatoria,42,aleatoria,42,./dados/2024_1/horarios_2024_1.xlsx,./dados/2024_1/salas_2024_1.csv,./dados/2024_1/salas_preferenciais_2024.1.xlsx,/Users/robertdrey/Documents/workspace/development/alocador_de_salas,resultados/experimentos/2024_1/novas_hibridas/combinada_exat_2_dia_turno/melhor_solucao_seed42.sol,resultados/experimentos/2024_1/novas_hibridas/combinada_exat_2_dia_turno/historico_seed42.csv,resultados/experimentos/2024_1/novas_hibridas/combinada_exat_2_dia_turno/historico_seed42.json,combinada,cursos_exat_2 -> dia_turno_curso,qualquer_melhoria_na_passada,180.0,1,180.0,600.0,1,0,TEMPO_TOTAL,,,
1,2,67,par_cursos,HIS+AGRO,75,13524,81466,OPTIMAL,185477.5,185477.5,False,185477.5,4.11,3.79,600.0,HIS,AGRO,aleatoria,42,67,cursos_exat_2,67,67,True,TEMPO_TOTAL,iteracao,combinada_cursos_exat_2_dia_turno_curso,180.0,180.0,600.0,14400.0,False,False,aleatoria,42,aleatoria,42,./dados/2024_1/horarios_2024_1.xlsx,./dados/2024_1/salas_2024_1.csv,./dados/2024_1/salas_preferenciais_2024.1.xlsx,/Users/robertdrey/Documents/workspace/development/alocador_de_salas,resultados/experimentos/2024_1/novas_hibridas/combinada_exat_2_dia_turno/melhor_solucao_seed42.sol,resultados/experimentos/2024_1/novas_hibridas/combinada_exat_2_dia_turno/historico_seed42.csv,resultados/experimentos/2024_1/novas_hibridas/combinada_exat_2_dia_turno/historico_seed42.json,combinada,cursos_exat_2 -> dia_turno_curso,qualquer_melhoria_na_passada,180.0,1,180.0,600.0,1,0,TEMPO_TOTAL,,,
1,2,68,par_cursos,HIS+MAT,47,9752,85238,OPTIMAL,185477.5,185477.5,False,185477.5,0.95,0.62,600.0,HIS,MAT,aleatoria,42,68,cursos_exat_2,68,68,True,TEMPO_TOTAL,iteracao,combinada_cursos_exat_2_dia_turno_curso,180.0,180.0,600.0,14400.0,False,False,aleatoria,42,aleatoria,42,./dados/2024_1/horarios_2024_1.xlsx,./dados/2024_1/salas_2024_1.csv,./dados/2024_1/salas_preferenciais_2024.1.xlsx,/Users/robertdrey/Documents/workspace/development/alocador_de_salas,resultados/experimentos/2024_1/novas_hibridas/combinada_exat_2_dia_turno/melhor_solucao_seed42.sol,resultados/experimentos/2024_1/novas_hibridas/combinada_exat_2_dia_turno/historico_seed42.csv,resultados/experimentos/2024_1/novas_hibridas/combinada_exat_2_dia_turno/historico_seed42.json,combinada,cursos_exat_2 -> dia_turno_curso,qualquer_melhoria_na_passada,180.0,1,180.0,600.0,1,0,TEMPO_TOTAL,,,
1,2,69,par_cursos,CS+EAS,67,12006,82984,OPTIMAL,185477.5,185477.5,False,185477.5,0.73,0.43,600.0,CS,EAS,aleatoria,42,69,cursos_exat_2,69,69,True,TEMPO_TOTAL,iteracao,combinada_cursos_exat_2_dia_turno_curso,180.0,180.0,600.0,14400.0,False,False,aleatoria,42,aleatoria,42,./dados/2024_1/horarios_2024_1.xlsx,./dados/2024_1/salas_2024_1.csv,./dados/2024_1/salas_preferenciais_2024.1.xlsx,/Users/robertdrey/Documents/workspace/development/alocador_de_salas,resultados/experimentos/2024_1/novas_hibridas/combinada_exat_2_dia_turno/melhor_solucao_seed42.sol,resultados/experimentos/2024_1/novas_hibridas/combinada_exat_2_dia_turno/historico_seed42.csv,resultados/experimentos/2024_1/novas_hibridas/combinada_exat_2_dia_turno/historico_seed42.json,combinada,cursos_exat_2 -> dia_turno_curso,qualquer_melhoria_na_passada,180.0,1,180.0,600.0,1,0,TEMPO_TOTAL,,,
1,2,70,par_cursos,CS+ADM,70,13846,81144,OPTIMAL,185477.5,185477.5,False,185477.5,1.18,0.89,600.0,CS,ADM,aleatoria,42,70,cursos_exat_2,70,70,True,TEMPO_TOTAL,iteracao,combinada_cursos_exat_2_dia_turno_curso,180.0,180.0,600.0,14400.0,False,False,aleatoria,42,aleatoria,42,./dados/2024_1/horarios_2024_1.xlsx,./dados/2024_1/salas_2024_1.csv,./dados/2024_1/salas_preferenciais_2024.1.xlsx,/Users/robertdrey/Documents/workspace/development/alocador_de_salas,resultados/experimentos/2024_1/novas_hibridas/combinada_exat_2_dia_turno/melhor_solucao_seed42.sol,resultados/experimentos/2024_1/novas_hibridas/combinada_exat_2_dia_turno/historico_seed42.csv,resultados/experimentos/2024_1/novas_hibridas/combinada_exat_2_dia_turno/historico_seed42.json,combinada,cursos_exat_2 -> dia_turno_curso,qualquer_melhoria_na_passada,180.0,1,180.0,600.0,1,0,TEMPO_TOTAL,,,
1,2,71,par_cursos,CS+AGRO,73,13294,81696,OPTIMAL,185477.5,185477.5,False,185477.5,3.8,3.48,600.0,CS,AGRO,aleatoria,42,71,cursos_exat_2,71,71,True,TEMPO_TOTAL,iteracao,combinada_cursos_exat_2_dia_turno_curso,180.0,180.0,600.0,14400.0,False,False,aleatoria,42,aleatoria,42,./dados/2024_1/horarios_2024_1.xlsx,./dados/2024_1/salas_2024_1.csv,./dados/2024_1/salas_preferenciais_2024.1.xlsx,/Users/robertdrey/Documents/workspace/development/alocador_de_salas,resultados/experimentos/2024_1/novas_hibridas/combinada_exat_2_dia_turno/melhor_solucao_seed42.sol,resultados/experimentos/2024_1/novas_hibridas/combinada_exat_2_dia_turno/historico_seed42.csv,resultados/experimentos/2024_1/novas_hibridas/combinada_exat_2_dia_turno/historico_seed42.json,combinada,cursos_exat_2 -> dia_turno_curso,qualquer_melhoria_na_passada,180.0,1,180.0,600.0,1,0,TEMPO_TOTAL,,,
1,2,72,par_cursos,CS+MAT,45,9522,85468,OPTIMAL,185477.5,185477.5,False,185477.5,0.82,0.49,600.0,CS,MAT,aleatoria,42,72,cursos_exat_2,72,72,True,TEMPO_TOTAL,iteracao,combinada_cursos_exat_2_dia_turno_curso,180.0,180.0,600.0,14400.0,False,False,aleatoria,42,aleatoria,42,./dados/2024_1/horarios_2024_1.xlsx,./dados/2024_1/salas_2024_1.csv,./dados/2024_1/salas_preferenciais_2024.1.xlsx,/Users/robertdrey/Documents/workspace/development/alocador_de_salas,resultados/experimentos/2024_1/novas_hibridas/combinada_exat_2_dia_turno/melhor_solucao_seed42.sol,resultados/experimentos/2024_1/novas_hibridas/combinada_exat_2_dia_turno/historico_seed42.csv,resultados/experimentos/2024_1/novas_hibridas/combinada_exat_2_dia_turno/historico_seed42.json,combinada,cursos_exat_2 -> dia_turno_curso,qualquer_melhoria_na_passada,180.0,1,180.0,600.0,1,0,TEMPO_TOTAL,,,
1,2,73,par_cursos,EAS+ADM,93,16744,78246,OPTIMAL,185477.5,185477.5,False,185477.5,1.4,1.09,600.0,EAS,ADM,aleatoria,42,73,cursos_exat_2,73,73,True,TEMPO_TOTAL,iteracao,combinada_cursos_exat_2_dia_turno_curso,180.0,180.0,600.0,14400.0,False,False,aleatoria,42,aleatoria,42,./dados/2024_1/horarios_2024_1.xlsx,./dados/2024_1/salas_2024_1.csv,./dados/2024_1/salas_preferenciais_2024.1.xlsx,/Users/robertdrey/Documents/workspace/development/alocador_de_salas,resultados/experimentos/2024_1/novas_hibridas/combinada_exat_2_dia_turno/melhor_solucao_seed42.sol,resultados/experimentos/2024_1/novas_hibridas/combinada_exat_2_dia_turno/historico_seed42.csv,resultados/experimentos/2024_1/novas_hibridas/combinada_exat_2_dia_turno/historico_seed42.json,combinada,cursos_exat_2 -> dia_turno_curso,qualquer_melhoria_na_passada,180.0,1,180.0,600.0,1,0,TEMPO_TOTAL,,,
1,2,74,par_cursos,EAS+AGRO,96,16192,78798,OPTIMAL,185477.5,185477.5,False,185477.5,6.09,5.77,600.0,EAS,AGRO,aleatoria,42,74,cursos_exat_2,74,74,True,TEMPO_TOTAL,iteracao,combinada_cursos_exat_2_dia_turno_curso,180.0,180.0,600.0,14400.0,False,False,aleatoria,42,aleatoria,42,./dados/2024_1/horarios_2024_1.xlsx,./dados/2024_1/salas_2024_1.csv,./dados/2024_1/salas_preferenciais_2024.1.xlsx,/Users/robertdrey/Documents/workspace/development/alocador_de_salas,resultados/experimentos/2024_1/novas_hibridas/combinada_exat_2_dia_turno/melhor_solucao_seed42.sol,resultados/experimentos/2024_1/novas_hibridas/combinada_exat_2_dia_turno/historico_seed42.csv,resultados/experimentos/2024_1/novas_hibridas/combinada_exat_2_dia_turno/historico_seed42.json,combinada,cursos_exat_2 -> dia_turno_curso,qualquer_melhoria_na_passada,180.0,1,180.0,600.0,1,0,TEMPO_TOTAL,,,
1,2,75,par_cursos,EAS+MAT,68,12420,82570,OPTIMAL,185477.5,185472.5,True,185472.5,1.16,0.84,600.0,EAS,MAT,aleatoria,42,75,cursos_exat_2,75,75,True,TEMPO_TOTAL,iteracao,combinada_cursos_exat_2_dia_turno_curso,180.0,180.0,600.0,14400.0,False,False,aleatoria,42,aleatoria,42,./dados/2024_1/horarios_2024_1.xlsx,./dados/2024_1/salas_2024_1.csv,./dados/2024_1/salas_preferenciais_2024.1.xlsx,/Users/robertdrey/Documents/workspace/development/alocador_de_salas,resultados/experimentos/2024_1/novas_hibridas/combinada_exat_2_dia_turno/melhor_solucao_seed42.sol,resultados/experimentos/2024_1/novas_hibridas/combinada_exat_2_dia_turno/historico_seed42.csv,resultados/experimentos/2024_1/novas_hibridas/combinada_exat_2_dia_turno/historico_seed42.json,combinada,cursos_exat_2 -> dia_turno_curso,qualquer_melhoria_na_passada,180.0,1,180.0,600.0,1,0,TEMPO_TOTAL,,,
1,2,76,par_cursos,ADM+AGRO,99,18032,76958,OPTIMAL,185472.5,185472.5,False,185472.5,7.06,6.74,600.0,ADM,AGRO,aleatoria,42,76,cursos_exat_2,76,76,True,TEMPO_TOTAL,iteracao,combinada_cursos_exat_2_dia_turno_curso,180.0,180.0,600.0,14400.0,False,False,aleatoria,42,aleatoria,42,./dados/2024_1/horarios_2024_1.xlsx,./dados/2024_1/salas_2024_1.csv,./dados/2024_1/salas_preferenciais_2024.1.xlsx,/Users/robertdrey/Documents/workspace/development/alocador_de_salas,resultados/experimentos/2024_1/novas_hibridas/combinada_exat_2_dia_turno/melhor_solucao_seed42.sol,resultados/experimentos/2024_1/novas_hibridas/combinada_exat_2_dia_turno/historico_seed42.csv,resultados/experimentos/2024_1/novas_hibridas/combinada_exat_2_dia_turno/historico_seed42.json,combinada,cursos_exat_2 -> dia_turno_curso,qualquer_melhoria_na_passada,180.0,1,180.0,600.0,1,0,TEMPO_TOTAL,,,
1,2,77,par_cursos,ADM+MAT,71,14260,80730,OPTIMAL,185472.5,185472.5,False,185472.5,1.07,0.76,600.0,ADM,MAT,aleatoria,42,77,cursos_exat_2,77,77,True,TEMPO_TOTAL,iteracao,combinada_cursos_exat_2_dia_turno_curso,180.0,180.0,600.0,14400.0,False,False,aleatoria,42,aleatoria,42,./dados/2024_1/horarios_2024_1.xlsx,./dados/2024_1/salas_2024_1.csv,./dados/2024_1/salas_preferenciais_2024.1.xlsx,/Users/robertdrey/Documents/workspace/development/alocador_de_salas,resultados/experimentos/2024_1/novas_hibridas/combinada_exat_2_dia_turno/melhor_solucao_seed42.sol,resultados/experimentos/2024_1/novas_hibridas/combinada_exat_2_dia_turno/historico_seed42.csv,resultados/experimentos/2024_1/novas_hibridas/combinada_exat_2_dia_turno/historico_seed42.json,combinada,cursos_exat_2 -> dia_turno_curso,qualquer_melhoria_na_passada,180.0,1,180.0,600.0,1,0,TEMPO_TOTAL,,,
1,2,78,par_cursos,AGRO+MAT,74,13708,81282,OPTIMAL,185472.5,185472.5,False,185472.5,4.62,4.31,600.0,AGRO,MAT,aleatoria,42,78,cursos_exat_2,78,78,True,TEMPO_TOTAL,iteracao,combinada_cursos_exat_2_dia_turno_curso,180.0,180.0,600.0,14400.0,False,False,aleatoria,42,aleatoria,42,./dados/2024_1/horarios_2024_1.xlsx,./dados/2024_1/salas_2024_1.csv,./dados/2024_1/salas_preferenciais_2024.1.xlsx,/Users/robertdrey/Documents/workspace/development/alocador_de_salas,resultados/experimentos/2024_1/novas_hibridas/combinada_exat_2_dia_turno/melhor_solucao_seed42.sol,resultados/experimentos/2024_1/novas_hibridas/combinada_exat_2_dia_turno/historico_seed42.csv,resultados/experimentos/2024_1/novas_hibridas/combinada_exat_2_dia_turno/historico_seed42.json,combinada,cursos_exat_2 -> dia_turno_curso,qualquer_melhoria_na_passada,180.0,1,180.0,600.0,1,0,TEMPO_TOTAL,,,
1,2,79,dia_turno_curso,2_M_ADM,81,18538,76452,OPTIMAL,185472.5,185472.5,False,185472.5,2.34,2.02,600.0,,,alfabetica,,,dia_turno_curso,79,1,True,TEMPO_TOTAL,iteracao,combinada_cursos_exat_2_dia_turno_curso,180.0,180.0,600.0,14400.0,False,False,aleatoria,42,aleatoria,42,./dados/2024_1/horarios_2024_1.xlsx,./dados/2024_1/salas_2024_1.csv,./dados/2024_1/salas_preferenciais_2024.1.xlsx,/Users/robertdrey/Documents/workspace/development/alocador_de_salas,resultados/experimentos/2024_1/novas_hibridas/combinada_exat_2_dia_turno/melhor_solucao_seed42.sol,resultados/experimentos/2024_1/novas_hibridas/combinada_exat_2_dia_turno/historico_seed42.csv,resultados/experimentos/2024_1/novas_hibridas/combinada_exat_2_dia_turno/historico_seed42.json,combinada,cursos_exat_2 -> dia_turno_curso,qualquer_melhoria_na_passada,180.0,1,180.0,600.0,1,0,TEMPO_TOTAL,2,M,ADM
1,2,80,dia_turno_curso,2_M_AGRO,82,17250,77740,OPTIMAL,185472.5,185472.5,False,185472.5,5.7,5.38,600.0,,,alfabetica,,,dia_turno_curso,80,2,True,TEMPO_TOTAL,iteracao,combinada_cursos_exat_2_dia_turno_curso,180.0,180.0,600.0,14400.0,False,False,aleatoria,42,aleatoria,42,./dados/2024_1/horarios_2024_1.xlsx,./dados/2024_1/salas_2024_1.csv,./dados/2024_1/salas_preferenciais_2024.1.xlsx,/Users/robertdrey/Documents/workspace/development/alocador_de_salas,resultados/experimentos/2024_1/novas_hibridas/combinada_exat_2_dia_turno/melhor_solucao_seed42.sol,resultados/experimentos/2024_1/novas_hibridas/combinada_exat_2_dia_turno/historico_seed42.csv,resultados/experimentos/2024_1/novas_hibridas/combinada_exat_2_dia_turno/historico_seed42.json,combinada,cursos_exat_2 -> dia_turno_curso,qualquer_melhoria_na_passada,180.0,1,180.0,600.0,1,0,TEMPO_TOTAL,2,M,AGRO
1,2,81,dia_turno_curso,2_M_EAS,73,16238,78752,OPTIMAL,185472.5,185472.5,False,185472.5,1.93,1.62,600.0,,,alfabetica,,,dia_turno_curso,81,3,True,TEMPO_TOTAL,iteracao,combinada_cursos_exat_2_dia_turno_curso,180.0,180.0,600.0,14400.0,False,False,aleatoria,42,aleatoria,42,./dados/2024_1/horarios_2024_1.xlsx,./dados/2024_1/salas_2024_1.csv,./dados/2024_1/salas_preferenciais_2024.1.xlsx,/Users/robertdrey/Documents/workspace/development/alocador_de_salas,resultados/experimentos/2024_1/novas_hibridas/combinada_exat_2_dia_turno/melhor_solucao_seed42.sol,resultados/experimentos/2024_1/novas_hibridas/combinada_exat_2_dia_turno/historico_seed42.csv,resultados/experimentos/2024_1/novas_hibridas/combinada_exat_2_dia_turno/historico_seed42.json,combinada,cursos_exat_2 -> dia_turno_curso,qualquer_melhoria_na_passada,180.0,1,180.0,600.0,1,0,TEMPO_TOTAL,2,M,EAS
1,2,82,dia_turno_curso,2_M_ENF,51,15548,79442,OPTIMAL,185472.5,185472.5,False,185472.5,4.62,4.3,600.0,,,alfabetica,,,dia_turno_curso,82,4,True,TEMPO_TOTAL,iteracao,combinada_cursos_exat_2_dia_turno_curso,180.0,180.0,600.0,14400.0,False,False,aleatoria,42,aleatoria,42,./dados/2024_1/horarios_2024_1.xlsx,./dados/2024_1/salas_2024_1.csv,./dados/2024_1/salas_preferenciais_2024.1.xlsx,/Users/robertdrey/Documents/workspace/development/alocador_de_salas,resultados/experimentos/2024_1/novas_hibridas/combinada_exat_2_dia_turno/melhor_solucao_seed42.sol,resultados/experimentos/2024_1/novas_hibridas/combinada_exat_2_dia_turno/historico_seed42.csv,resultados/experimentos/2024_1/novas_hibridas/combinada_exat_2_dia_turno/historico_seed42.json,combinada,cursos_exat_2 -> dia_turno_curso,qualquer_melhoria_na_passada,180.0,1,180.0,600.0,1,0,TEMPO_TOTAL,2,M,ENF
1,2,83,dia_turno_curso,2_M_MED,74,18078,76912,OPTIMAL,185472.5,185472.5,False,185472.5,2.51,2.19,600.0,,,alfabetica,,,dia_turno_curso,83,5,True,TEMPO_TOTAL,iteracao,combinada_cursos_exat_2_dia_turno_curso,180.0,180.0,600.0,14400.0,False,False,aleatoria,42,aleatoria,42,./dados/2024_1/horarios_2024_1.xlsx,./dados/2024_1/salas_2024_1.csv,./dados/2024_1/salas_preferenciais_2024.1.xlsx,/Users/robertdrey/Documents/workspace/development/alocador_de_salas,resultados/experimentos/2024_1/novas_hibridas/combinada_exat_2_dia_turno/melhor_solucao_seed42.sol,resultados/experimentos/2024_1/novas_hibridas/combinada_exat_2_dia_turno/historico_seed42.csv,resultados/experimentos/2024_1/novas_hibridas/combinada_exat_2_dia_turno/historico_seed42.json,combinada,cursos_exat_2 -> dia_turno_curso,qualquer_melhoria_na_passada,180.0,1,180.0,600.0,1,0,TEMPO_TOTAL,2,M,MED
1,2,84,dia_turno_curso,2_M_PED,88,21574,73416,OPTIMAL,185472.5,185472.5,False,185472.5,30.09,29.78,600.0,,,alfabetica,,,dia_turno_curso,84,6,True,TEMPO_TOTAL,iteracao,combinada_cursos_exat_2_dia_turno_curso,180.0,180.0,600.0,14400.0,False,False,aleatoria,42,aleatoria,42,./dados/2024_1/horarios_2024_1.xlsx,./dados/2024_1/salas_2024_1.csv,./dados/2024_1/salas_preferenciais_2024.1.xlsx,/Users/robertdrey/Documents/workspace/development/alocador_de_salas,resultados/experimentos/2024_1/novas_hibridas/combinada_exat_2_dia_turno/melhor_solucao_seed42.sol,resultados/experimentos/2024_1/novas_hibridas/combinada_exat_2_dia_turno/historico_seed42.csv,resultados/experimentos/2024_1/novas_hibridas/combinada_exat_2_dia_turno/historico_seed42.json,combinada,cursos_exat_2 -> dia_turno_curso,qualquer_melhoria_na_passada,180.0,1,180.0,600.0,1,0,TEMPO_TOTAL,2,M,PED
1,2,85,dia_turno_curso,2_T_AGRO,82,20194,74796,OPTIMAL,185472.5,185472.5,False,185472.5,6.01,5.7,600.0,,,alfabetica,,,dia_turno_curso,85,7,True,TEMPO_TOTAL,iteracao,combinada_cursos_exat_2_dia_turno_curso,180.0,180.0,600.0,14400.0,False,False,aleatoria,42,aleatoria,42,./dados/2024_1/horarios_2024_1.xlsx,./dados/2024_1/salas_2024_1.csv,./dados/2024_1/salas_preferenciais_2024.1.xlsx,/Users/robertdrey/Documents/workspace/development/alocador_de_salas,resultados/experimentos/2024_1/novas_hibridas/combinada_exat_2_dia_turno/melhor_solucao_seed42.sol,resultados/experimentos/2024_1/novas_hibridas/combinada_exat_2_dia_turno/historico_seed42.csv,resultados/experimentos/2024_1/novas_hibridas/combinada_exat_2_dia_turno/historico_seed42.json,combinada,cursos_exat_2 -> dia_turno_curso,qualquer_melhoria_na_passada,180.0,1,180.0,600.0,1,0,TEMPO_TOTAL,2,T,AGRO
1,2,86,dia_turno_curso,2_T_CC,70,20010,74980,OPTIMAL,185472.5,185472.5,False,185472.5,2.78,2.47,600.0,,,alfabetica,,,dia_turno_curso,86,8,True,TEMPO_TOTAL,iteracao,combinada_cursos_exat_2_dia_turno_curso,180.0,180.0,600.0,14400.0,False,False,aleatoria,42,aleatoria,42,./dados/2024_1/horarios_2024_1.xlsx,./dados/2024_1/salas_2024_1.csv,./dados/2024_1/salas_preferenciais_2024.1.xlsx,/Users/robertdrey/Documents/workspace/development/alocador_de_salas,resultados/experimentos/2024_1/novas_hibridas/combinada_exat_2_dia_turno/melhor_solucao_seed42.sol,resultados/experimentos/2024_1/novas_hibridas/combinada_exat_2_dia_turno/historico_seed42.csv,resultados/experimentos/2024_1/novas_hibridas/combinada_exat_2_dia_turno/historico_seed42.json,combinada,cursos_exat_2 -> dia_turno_curso,qualquer_melhoria_na_passada,180.0,1,180.0,600.0,1,0,TEMPO_TOTAL,2,T,CC
1,2,87,dia_turno_curso,2_T_CS,55,16284,78706,OPTIMAL,185472.5,185472.5,False,185472.5,1.33,1.01,600.0,,,alfabetica,,,dia_turno_curso,87,9,True,TEMPO_TOTAL,iteracao,combinada_cursos_exat_2_dia_turno_curso,180.0,180.0,600.0,14400.0,False,False,aleatoria,42,aleatoria,42,./dados/2024_1/horarios_2024_1.xlsx,./dados/2024_1/salas_2024_1.csv,./dados/2024_1/salas_preferenciais_2024.1.xlsx,/Users/robertdrey/Documents/workspace/development/alocador_de_salas,resultados/experimentos/2024_1/novas_hibridas/combinada_exat_2_dia_turno/melhor_solucao_seed42.sol,resultados/experimentos/2024_1/novas_hibridas/combinada_exat_2_dia_turno/historico_seed42.csv,resultados/experimentos/2024_1/novas_hibridas/combinada_exat_2_dia_turno/historico_seed42.json,combinada,cursos_exat_2 -> dia_turno_curso,qualquer_melhoria_na_passada,180.0,1,180.0,600.0,1,0,TEMPO_TOTAL,2,T,CS
1,2,88,dia_turno_curso,2_T_EAS,74,18538,76452,OPTIMAL,185472.5,185472.5,False,185472.5,1.91,1.61,600.0,,,alfabetica,,,dia_turno_curso,88,10,True,TEMPO_TOTAL,iteracao,combinada_cursos_exat_2_dia_turno_curso,180.0,180.0,600.0,14400.0,False,False,aleatoria,42,aleatoria,42,./dados/2024_1/horarios_2024_1.xlsx,./dados/2024_1/salas_2024_1.csv,./dados/2024_1/salas_preferenciais_2024.1.xlsx,/Users/robertdrey/Documents/workspace/development/alocador_de_salas,resultados/experimentos/2024_1/novas_hibridas/combinada_exat_2_dia_turno/melhor_solucao_seed42.sol,resultados/experimentos/2024_1/novas_hibridas/combinada_exat_2_dia_turno/historico_seed42.csv,resultados/experimentos/2024_1/novas_hibridas/combinada_exat_2_dia_turno/historico_seed42.json,combinada,cursos_exat_2 -> dia_turno_curso,qualquer_melhoria_na_passada,180.0,1,180.0,600.0,1,0,TEMPO_TOTAL,2,T,EAS
1,2,89,dia_turno_curso,2_T_ENF,47,16422,78568,OPTIMAL,185472.5,185472.5,False,185472.5,4.76,4.45,600.0,,,alfabetica,,,dia_turno_curso,89,11,True,TEMPO_TOTAL,iteracao,combinada_cursos_exat_2_dia_turno_curso,180.0,180.0,600.0,14400.0,False,False,aleatoria,42,aleatoria,42,./dados/2024_1/horarios_2024_1.xlsx,./dados/2024_1/salas_2024_1.csv,./dados/2024_1/salas_preferenciais_2024.1.xlsx,/Users/robertdrey/Documents/workspace/development/alocador_de_salas,resultados/experimentos/2024_1/novas_hibridas/combinada_exat_2_dia_turno/melhor_solucao_seed42.sol,resultados/experimentos/2024_1/novas_hibridas/combinada_exat_2_dia_turno/historico_seed42.csv,resultados/experimentos/2024_1/novas_hibridas/combinada_exat_2_dia_turno/historico_seed42.json,combinada,cursos_exat_2 -> dia_turno_curso,qualquer_melhoria_na_passada,180.0,1,180.0,600.0,1,0,TEMPO_TOTAL,2,T,ENF
1,2,90,dia_turno_curso,2_T_GEO,43,13846,81144,OPTIMAL,185472.5,185472.5,False,185472.5,1.23,0.91,600.0,,,alfabetica,,,dia_turno_curso,90,12,True,TEMPO_TOTAL,iteracao,combinada_cursos_exat_2_dia_turno_curso,180.0,180.0,600.0,14400.0,False,False,aleatoria,42,aleatoria,42,./dados/2024_1/horarios_2024_1.xlsx,./dados/2024_1/salas_2024_1.csv,./dados/2024_1/salas_preferenciais_2024.1.xlsx,/Users/robertdrey/Documents/workspace/development/alocador_de_salas,resultados/experimentos/2024_1/novas_hibridas/combinada_exat_2_dia_turno/melhor_solucao_seed42.sol,resultados/experimentos/2024_1/novas_hibridas/combinada_exat_2_dia_turno/historico_seed42.csv,resultados/experimentos/2024_1/novas_hibridas/combinada_exat_2_dia_turno/historico_seed42.json,combinada,cursos_exat_2 -> dia_turno_curso,qualquer_melhoria_na_passada,180.0,1,180.0,600.0,1,0,TEMPO_TOTAL,2,T,GEO
1,2,91,dia_turno_curso,2_T_LET,67,19228,75762,OPTIMAL,185472.5,185467.5,True,185467.5,2.67,2.35,600.0,,,alfabetica,,,dia_turno_curso,91,13,True,TEMPO_TOTAL,iteracao,combinada_cursos_exat_2_dia_turno_curso,180.0,180.0,600.0,14400.0,False,False,aleatoria,42,aleatoria,42,./dados/2024_1/horarios_2024_1.xlsx,./dados/2024_1/salas_2024_1.csv,./dados/2024_1/salas_preferenciais_2024.1.xlsx,/Users/robertdrey/Documents/workspace/development/alocador_de_salas,resultados/experimentos/2024_1/novas_hibridas/combinada_exat_2_dia_turno/melhor_solucao_seed42.sol,resultados/experimentos/2024_1/novas_hibridas/combinada_exat_2_dia_turno/historico_seed42.csv,resultados/experimentos/2024_1/novas_hibridas/combinada_exat_2_dia_turno/historico_seed42.json,combinada,cursos_exat_2 -> dia_turno_curso,qualquer_melhoria_na_passada,180.0,1,180.0,600.0,1,0,TEMPO_TOTAL,2,T,LET
1,2,92,dia_turno_curso,2_T_MAT,56,16606,78384,OPTIMAL,185467.5,185467.5,False,185467.5,1.35,1.03,600.0,,,alfabetica,,,dia_turno_curso,92,14,True,TEMPO_TOTAL,iteracao,combinada_cursos_exat_2_dia_turno_curso,180.0,180.0,600.0,14400.0,False,False,aleatoria,42,aleatoria,42,./dados/2024_1/horarios_2024_1.xlsx,./dados/2024_1/salas_2024_1.csv,./dados/2024_1/salas_preferenciais_2024.1.xlsx,/Users/robertdrey/Documents/workspace/development/alocador_de_salas,resultados/experimentos/2024_1/novas_hibridas/combinada_exat_2_dia_turno/melhor_solucao_seed42.sol,resultados/experimentos/2024_1/novas_hibridas/combinada_exat_2_dia_turno/historico_seed42.csv,resultados/experimentos/2024_1/novas_hibridas/combinada_exat_2_dia_turno/historico_seed42.json,combinada,cursos_exat_2 -> dia_turno_curso,qualquer_melhoria_na_passada,180.0,1,180.0,600.0,1,0,TEMPO_TOTAL,2,T,MAT
1,2,93,dia_turno_curso,2_T_MED,71,20286,74704,OPTIMAL,185467.5,185467.5,False,185467.5,2.62,2.32,600.0,,,alfabetica,,,dia_turno_curso,93,15,True,TEMPO_TOTAL,iteracao,combinada_cursos_exat_2_dia_turno_curso,180.0,180.0,600.0,14400.0,False,False,aleatoria,42,aleatoria,42,./dados/2024_1/horarios_2024_1.xlsx,./dados/2024_1/salas_2024_1.csv,./dados/2024_1/salas_preferenciais_2024.1.xlsx,/Users/robertdrey/Documents/workspace/development/alocador_de_salas,resultados/experimentos/2024_1/novas_hibridas/combinada_exat_2_dia_turno/melhor_solucao_seed42.sol,resultados/experimentos/2024_1/novas_hibridas/combinada_exat_2_dia_turno/historico_seed42.csv,resultados/experimentos/2024_1/novas_hibridas/combinada_exat_2_dia_turno/historico_seed42.json,combinada,cursos_exat_2 -> dia_turno_curso,qualquer_melhoria_na_passada,180.0,1,180.0,600.0,1,0,TEMPO_TOTAL,2,T,MED
1,2,94,dia_turno_curso,2_N_ADM,85,18078,76912,OPTIMAL,185467.5,185467.5,False,185467.5,2.35,2.04,600.0,,,alfabetica,,,dia_turno_curso,94,16,True,TEMPO_TOTAL,iteracao,combinada_cursos_exat_2_dia_turno_curso,180.0,180.0,600.0,14400.0,False,False,aleatoria,42,aleatoria,42,./dados/2024_1/horarios_2024_1.xlsx,./dados/2024_1/salas_2024_1.csv,./dados/2024_1/salas_preferenciais_2024.1.xlsx,/Users/robertdrey/Documents/workspace/development/alocador_de_salas,resultados/experimentos/2024_1/novas_hibridas/combinada_exat_2_dia_turno/melhor_solucao_seed42.sol,resultados/experimentos/2024_1/novas_hibridas/combinada_exat_2_dia_turno/historico_seed42.csv,resultados/experimentos/2024_1/novas_hibridas/combinada_exat_2_dia_turno/historico_seed42.json,combinada,cursos_exat_2 -> dia_turno_curso,qualquer_melhoria_na_passada,180.0,1,180.0,600.0,1,0,TEMPO_TOTAL,2,N,ADM
1,2,95,dia_turno_curso,2_N_CC,83,19136,75854,OPTIMAL,185467.5,185467.5,False,185467.5,2.74,2.45,600.0,,,alfabetica,,,dia_turno_curso,95,17,True,TEMPO_TOTAL,iteracao,combinada_cursos_exat_2_dia_turno_curso,180.0,180.0,600.0,14400.0,False,False,aleatoria,42,aleatoria,42,./dados/2024_1/horarios_2024_1.xlsx,./dados/2024_1/salas_2024_1.csv,./dados/2024_1/salas_preferenciais_2024.1.xlsx,/Users/robertdrey/Documents/workspace/development/alocador_de_salas,resultados/experimentos/2024_1/novas_hibridas/combinada_exat_2_dia_turno/melhor_solucao_seed42.sol,resultados/experimentos/2024_1/novas_hibridas/combinada_exat_2_dia_turno/historico_seed42.csv,resultados/experimentos/2024_1/novas_hibridas/combinada_exat_2_dia_turno/historico_seed42.json,combinada,cursos_exat_2 -> dia_turno_curso,qualquer_melhoria_na_passada,180.0,1,180.0,600.0,1,0,TEMPO_TOTAL,2,N,CC
1,2,96,dia_turno_curso,2_N_CS,59,13248,81742,OPTIMAL,185467.5,185467.5,False,185467.5,1.43,1.13,600.0,,,alfabetica,,,dia_turno_curso,96,18,True,TEMPO_TOTAL,iteracao,combinada_cursos_exat_2_dia_turno_curso,180.0,180.0,600.0,14400.0,False,False,aleatoria,42,aleatoria,42,./dados/2024_1/horarios_2024_1.xlsx,./dados/2024_1/salas_2024_1.csv,./dados/2024_1/salas_preferenciais_2024.1.xlsx,/Users/robertdrey/Documents/workspace/development/alocador_de_salas,resultados/experimentos/2024_1/novas_hibridas/combinada_exat_2_dia_turno/melhor_solucao_seed42.sol,resultados/experimentos/2024_1/novas_hibridas/combinada_exat_2_dia_turno/historico_seed42.csv,resultados/experimentos/2024_1/novas_hibridas/combinada_exat_2_dia_turno/historico_seed42.json,combinada,cursos_exat_2 -> dia_turno_curso,qualquer_melhoria_na_passada,180.0,1,180.0,600.0,1,0,TEMPO_TOTAL,2,N,CS
1,2,97,dia_turno_curso,2_N_EAS,85,16376,78614,OPTIMAL,185467.5,185467.5,False,185467.5,1.74,1.43,600.0,,,alfabetica,,,dia_turno_curso,97,19,True,TEMPO_TOTAL,iteracao,combinada_cursos_exat_2_dia_turno_curso,180.0,180.0,600.0,14400.0,False,False,aleatoria,42,aleatoria,42,./dados/2024_1/horarios_2024_1.xlsx,./dados/2024_1/salas_2024_1.csv,./dados/2024_1/salas_preferenciais_2024.1.xlsx,/Users/robertdrey/Documents/workspace/development/alocador_de_salas,resultados/experimentos/2024_1/novas_hibridas/combinada_exat_2_dia_turno/melhor_solucao_seed42.sol,resultados/experimentos/2024_1/novas_hibridas/combinada_exat_2_dia_turno/historico_seed42.csv,resultados/experimentos/2024_1/novas_hibridas/combinada_exat_2_dia_turno/historico_seed42.json,combinada,cursos_exat_2 -> dia_turno_curso,qualquer_melhoria_na_passada,180.0,1,180.0,600.0,1,0,TEMPO_TOTAL,2,N,EAS
1,2,98,dia_turno_curso,2_N_FIL,53,11730,83260,OPTIMAL,185467.5,185467.5,False,185467.5,1.35,1.05,600.0,,,alfabetica,,,dia_turno_curso,98,20,True,TEMPO_TOTAL,iteracao,combinada_cursos_exat_2_dia_turno_curso,180.0,180.0,600.0,14400.0,False,False,aleatoria,42,aleatoria,42,./dados/2024_1/horarios_2024_1.xlsx,./dados/2024_1/salas_2024_1.csv,./dados/2024_1/salas_preferenciais_2024.1.xlsx,/Users/robertdrey/Documents/workspace/development/alocador_de_salas,resultados/experimentos/2024_1/novas_hibridas/combinada_exat_2_dia_turno/melhor_solucao_seed42.sol,resultados/experimentos/2024_1/novas_hibridas/combinada_exat_2_dia_turno/historico_seed42.csv,resultados/experimentos/2024_1/novas_hibridas/combinada_exat_2_dia_turno/historico_seed42.json,combinada,cursos_exat_2 -> dia_turno_curso,qualquer_melhoria_na_passada,180.0,1,180.0,600.0,1,0,TEMPO_TOTAL,2,N,FIL
1,2,99,dia_turno_curso,2_N_GEO,48,10994,83996,OPTIMAL,185467.5,185467.5,False,185467.5,1.4,1.08,600.0,,,alfabetica,,,dia_turno_curso,99,21,True,TEMPO_TOTAL,iteracao,combinada_cursos_exat_2_dia_turno_curso,180.0,180.0,600.0,14400.0,False,False,aleatoria,42,aleatoria,42,./dados/2024_1/horarios_2024_1.xlsx,./dados/2024_1/salas_2024_1.csv,./dados/2024_1/salas_preferenciais_2024.1.xlsx,/Users/robertdrey/Documents/workspace/development/alocador_de_salas,resultados/experimentos/2024_1/novas_hibridas/combinada_exat_2_dia_turno/melhor_solucao_seed42.sol,resultados/experimentos/2024_1/novas_hibridas/combinada_exat_2_dia_turno/historico_seed42.csv,resultados/experimentos/2024_1/novas_hibridas/combinada_exat_2_dia_turno/historico_seed42.json,combinada,cursos_exat_2 -> dia_turno_curso,qualquer_melhoria_na_passada,180.0,1,180.0,600.0,1,0,TEMPO_TOTAL,2,N,GEO
1,2,100,dia_turno_curso,2_N_HIS,61,13570,81420,OPTIMAL,185467.5,185467.5,False,185467.5,1.96,1.64,600.0,,,alfabetica,,,dia_turno_curso,100,22,True,TEMPO_TOTAL,iteracao,combinada_cursos_exat_2_dia_turno_curso,180.0,180.0,600.0,14400.0,False,False,aleatoria,42,aleatoria,42,./dados/2024_1/horarios_2024_1.xlsx,./dados/2024_1/salas_2024_1.csv,./dados/2024_1/salas_preferenciais_2024.1.xlsx,/Users/robertdrey/Documents/workspace/development/alocador_de_salas,resultados/experimentos/2024_1/novas_hibridas/combinada_exat_2_dia_turno/melhor_solucao_seed42.sol,resultados/experimentos/2024_1/novas_hibridas/combinada_exat_2_dia_turno/historico_seed42.csv,resultados/experimentos/2024_1/novas_hibridas/combinada_exat_2_dia_turno/historico_seed42.json,combinada,cursos_exat_2 -> dia_turno_curso,qualquer_melhoria_na_passada,180.0,1,180.0,600.0,1,0,TEMPO_TOTAL,2,N,HIS
1,2,101,dia_turno_curso,2_N_LET,71,16790,78200,OPTIMAL,185467.5,185467.5,False,185467.5,3.36,3.04,600.0,,,alfabetica,,,dia_turno_curso,101,23,True,TEMPO_TOTAL,iteracao,combinada_cursos_exat_2_dia_turno_curso,180.0,180.0,600.0,14400.0,False,False,aleatoria,42,aleatoria,42,./dados/2024_1/horarios_2024_1.xlsx,./dados/2024_1/salas_2024_1.csv,./dados/2024_1/salas_preferenciais_2024.1.xlsx,/Users/robertdrey/Documents/workspace/development/alocador_de_salas,resultados/experimentos/2024_1/novas_hibridas/combinada_exat_2_dia_turno/melhor_solucao_seed42.sol,resultados/experimentos/2024_1/novas_hibridas/combinada_exat_2_dia_turno/historico_seed42.csv,resultados/experimentos/2024_1/novas_hibridas/combinada_exat_2_dia_turno/historico_seed42.json,combinada,cursos_exat_2 -> dia_turno_curso,qualquer_melhoria_na_passada,180.0,1,180.0,600.0,1,0,TEMPO_TOTAL,2,N,LET
1,2,102,dia_turno_curso,2_N_MAT,60,13386,81604,OPTIMAL,185467.5,185467.5,False,185467.5,1.86,1.55,600.0,,,alfabetica,,,dia_turno_curso,102,24,True,TEMPO_TOTAL,iteracao,combinada_cursos_exat_2_dia_turno_curso,180.0,180.0,600.0,14400.0,False,False,aleatoria,42,aleatoria,42,./dados/2024_1/horarios_2024_1.xlsx,./dados/2024_1/salas_2024_1.csv,./dados/2024_1/salas_preferenciais_2024.1.xlsx,/Users/robertdrey/Documents/workspace/development/alocador_de_salas,resultados/experimentos/2024_1/novas_hibridas/combinada_exat_2_dia_turno/melhor_solucao_seed42.sol,resultados/experimentos/2024_1/novas_hibridas/combinada_exat_2_dia_turno/historico_seed42.csv,resultados/experimentos/2024_1/novas_hibridas/combinada_exat_2_dia_turno/historico_seed42.json,combinada,cursos_exat_2 -> dia_turno_curso,qualquer_melhoria_na_passada,180.0,1,180.0,600.0,1,0,TEMPO_TOTAL,2,N,MAT
1,2,103,dia_turno_curso,2_N_MED,81,18630,76360,OPTIMAL,185467.5,185467.5,False,185467.5,1.75,1.45,600.0,,,alfabetica,,,dia_turno_curso,103,25,True,TEMPO_TOTAL,iteracao,combinada_cursos_exat_2_dia_turno_curso,180.0,180.0,600.0,14400.0,False,False,aleatoria,42,aleatoria,42,./dados/2024_1/horarios_2024_1.xlsx,./dados/2024_1/salas_2024_1.csv,./dados/2024_1/salas_preferenciais_2024.1.xlsx,/Users/robertdrey/Documents/workspace/development/alocador_de_salas,resultados/experimentos/2024_1/novas_hibridas/combinada_exat_2_dia_turno/melhor_solucao_seed42.sol,resultados/experimentos/2024_1/novas_hibridas/combinada_exat_2_dia_turno/historico_seed42.csv,resultados/experimentos/2024_1/novas_hibridas/combinada_exat_2_dia_turno/historico_seed42.json,combinada,cursos_exat_2 -> dia_turno_curso,qualquer_melhoria_na_passada,180.0,1,180.0,600.0,1,0,TEMPO_TOTAL,2,N,MED
1,2,104,dia_turno_curso,2_N_PED,91,21022,73968,OPTIMAL,185467.5,185467.5,False,185467.5,14.07,13.74,600.0,,,alfabetica,,,dia_turno_curso,104,26,True,TEMPO_TOTAL,iteracao,combinada_cursos_exat_2_dia_turno_curso,180.0,180.0,600.0,14400.0,False,False,aleatoria,42,aleatoria,42,./dados/2024_1/horarios_2024_1.xlsx,./dados/2024_1/salas_2024_1.csv,./dados/2024_1/salas_preferenciais_2024.1.xlsx,/Users/robertdrey/Documents/workspace/development/alocador_de_salas,resultados/experimentos/2024_1/novas_hibridas/combinada_exat_2_dia_turno/melhor_solucao_seed42.sol,resultados/experimentos/2024_1/novas_hibridas/combinada_exat_2_dia_turno/historico_seed42.csv,resultados/experimentos/2024_1/novas_hibridas/combinada_exat_2_dia_turno/historico_seed42.json,combinada,cursos_exat_2 -> dia_turno_curso,qualquer_melhoria_na_passada,180.0,1,180.0,600.0,1,0,TEMPO_TOTAL,2,N,PED
1,2,105,dia_turno_curso,3_M_ADM,79,18676,76314,OPTIMAL,185467.5,185467.5,False,185467.5,2.53,2.19,600.0,,,alfabetica,,,dia_turno_curso,105,27,True,TEMPO_TOTAL,iteracao,combinada_cursos_exat_2_dia_turno_curso,180.0,180.0,600.0,14400.0,False,False,aleatoria,42,aleatoria,42,./dados/2024_1/horarios_2024_1.xlsx,./dados/2024_1/salas_2024_1.csv,./dados/2024_1/salas_preferenciais_2024.1.xlsx,/Users/robertdrey/Documents/workspace/development/alocador_de_salas,resultados/experimentos/2024_1/novas_hibridas/combinada_exat_2_dia_turno/melhor_solucao_seed42.sol,resultados/experimentos/2024_1/novas_hibridas/combinada_exat_2_dia_turno/historico_seed42.csv,resultados/experimentos/2024_1/novas_hibridas/combinada_exat_2_dia_turno/historico_seed42.json,combinada,cursos_exat_2 -> dia_turno_curso,qualquer_melhoria_na_passada,180.0,1,180.0,600.0,1,0,TEMPO_TOTAL,3,M,ADM
1,2,106,dia_turno_curso,3_M_AGRO,77,16514,78476,OPTIMAL,185467.5,185467.5,False,185467.5,7.94,7.61,600.0,,,alfabetica,,,dia_turno_curso,106,28,True,TEMPO_TOTAL,iteracao,combinada_cursos_exat_2_dia_turno_curso,180.0,180.0,600.0,14400.0,False,False,aleatoria,42,aleatoria,42,./dados/2024_1/horarios_2024_1.xlsx,./dados/2024_1/salas_2024_1.csv,./dados/2024_1/salas_preferenciais_2024.1.xlsx,/Users/robertdrey/Documents/workspace/development/alocador_de_salas,resultados/experimentos/2024_1/novas_hibridas/combinada_exat_2_dia_turno/melhor_solucao_seed42.sol,resultados/experimentos/2024_1/novas_hibridas/combinada_exat_2_dia_turno/historico_seed42.csv,resultados/experimentos/2024_1/novas_hibridas/combinada_exat_2_dia_turno/historico_seed42.json,combinada,cursos_exat_2 -> dia_turno_curso,qualquer_melhoria_na_passada,180.0,1,180.0,600.0,1,0,TEMPO_TOTAL,3,M,AGRO
1,2,107,dia_turno_curso,3_M_EAS,75,16928,78062,OPTIMAL,185467.5,185467.5,False,185467.5,3.91,3.6,600.0,,,alfabetica,,,dia_turno_curso,107,29,True,TEMPO_TOTAL,iteracao,combinada_cursos_exat_2_dia_turno_curso,180.0,180.0,600.0,14400.0,False,False,aleatoria,42,aleatoria,42,./dados/2024_1/horarios_2024_1.xlsx,./dados/2024_1/salas_2024_1.csv,./dados/2024_1/salas_preferenciais_2024.1.xlsx,/Users/robertdrey/Documents/workspace/development/alocador_de_salas,resultados/experimentos/2024_1/novas_hibridas/combinada_exat_2_dia_turno/melhor_solucao_seed42.sol,resultados/experimentos/2024_1/novas_hibridas/combinada_exat_2_dia_turno/historico_seed42.csv,resultados/experimentos/2024_1/novas_hibridas/combinada_exat_2_dia_turno/historico_seed42.json,combinada,cursos_exat_2 -> dia_turno_curso,qualquer_melhoria_na_passada,180.0,1,180.0,600.0,1,0,TEMPO_TOTAL,3,M,EAS
1,2,108,dia_turno_curso,3_M_ENF,49,15640,79350,OPTIMAL,185467.5,185467.5,False,185467.5,6.74,6.42,600.0,,,alfabetica,,,dia_turno_curso,108,30,True,TEMPO_TOTAL,iteracao,combinada_cursos_exat_2_dia_turno_curso,180.0,180.0,600.0,14400.0,False,False,aleatoria,42,aleatoria,42,./dados/2024_1/horarios_2024_1.xlsx,./dados/2024_1/salas_2024_1.csv,./dados/2024_1/salas_preferenciais_2024.1.xlsx,/Users/robertdrey/Documents/workspace/development/alocador_de_salas,resultados/experimentos/2024_1/novas_hibridas/combinada_exat_2_dia_turno/melhor_solucao_seed42.sol,resultados/experimentos/2024_1/novas_hibridas/combinada_exat_2_dia_turno/historico_seed42.csv,resultados/experimentos/2024_1/novas_hibridas/combinada_exat_2_dia_turno/historico_seed42.json,combinada,cursos_exat_2 -> dia_turno_curso,qualquer_melhoria_na_passada,180.0,1,180.0,600.0,1,0,TEMPO_TOTAL,3,M,ENF
1,2,109,dia_turno_curso,3_M_MED,73,18492,76498,OPTIMAL,185467.5,185467.5,False,185467.5,4.65,4.34,600.0,,,alfabetica,,,dia_turno_curso,109,31,True,TEMPO_TOTAL,iteracao,combinada_cursos_exat_2_dia_turno_curso,180.0,180.0,600.0,14400.0,False,False,aleatoria,42,aleatoria,42,./dados/2024_1/horarios_2024_1.xlsx,./dados/2024_1/salas_2024_1.csv,./dados/2024_1/salas_preferenciais_2024.1.xlsx,/Users/robertdrey/Documents/workspace/development/alocador_de_salas,resultados/experimentos/2024_1/novas_hibridas/combinada_exat_2_dia_turno/melhor_solucao_seed42.sol,resultados/experimentos/2024_1/novas_hibridas/combinada_exat_2_dia_turno/historico_seed42.csv,resultados/experimentos/2024_1/novas_hibridas/combinada_exat_2_dia_turno/historico_seed42.json,combinada,cursos_exat_2 -> dia_turno_curso,qualquer_melhoria_na_passada,180.0,1,180.0,600.0,1,0,TEMPO_TOTAL,3,M,MED
1,2,110,dia_turno_curso,3_M_PED,86,22126,72864,OPTIMAL,185467.5,185467.5,False,185467.5,18.8,18.48,600.0,,,alfabetica,,,dia_turno_curso,110,32,True,TEMPO_TOTAL,iteracao,combinada_cursos_exat_2_dia_turno_curso,180.0,180.0,600.0,14400.0,False,False,aleatoria,42,aleatoria,42,./dados/2024_1/horarios_2024_1.xlsx,./dados/2024_1/salas_2024_1.csv,./dados/2024_1/salas_preferenciais_2024.1.xlsx,/Users/robertdrey/Documents/workspace/development/alocador_de_salas,resultados/experimentos/2024_1/novas_hibridas/combinada_exat_2_dia_turno/melhor_solucao_seed42.sol,resultados/experimentos/2024_1/novas_hibridas/combinada_exat_2_dia_turno/historico_seed42.csv,resultados/experimentos/2024_1/novas_hibridas/combinada_exat_2_dia_turno/historico_seed42.json,combinada,cursos_exat_2 -> dia_turno_curso,qualquer_melhoria_na_passada,180.0,1,180.0,600.0,1,0,TEMPO_TOTAL,3,M,PED
1,2,111,dia_turno_curso,3_T_AGRO,82,19872,75118,OPTIMAL,185467.5,185467.5,False,185467.5,8.3,7.97,600.0,,,alfabetica,,,dia_turno_curso,111,33,True,TEMPO_TOTAL,iteracao,combinada_cursos_exat_2_dia_turno_curso,180.0,180.0,600.0,14400.0,False,False,aleatoria,42,aleatoria,42,./dados/2024_1/horarios_2024_1.xlsx,./dados/2024_1/salas_2024_1.csv,./dados/2024_1/salas_preferenciais_2024.1.xlsx,/Users/robertdrey/Documents/workspace/development/alocador_de_salas,resultados/experimentos/2024_1/novas_hibridas/combinada_exat_2_dia_turno/melhor_solucao_seed42.sol,resultados/experimentos/2024_1/novas_hibridas/combinada_exat_2_dia_turno/historico_seed42.csv,resultados/experimentos/2024_1/novas_hibridas/combinada_exat_2_dia_turno/historico_seed42.json,combinada,cursos_exat_2 -> dia_turno_curso,qualquer_melhoria_na_passada,180.0,1,180.0,600.0,1,0,TEMPO_TOTAL,3,T,AGRO
1,2,112,dia_turno_curso,3_T_CC,71,19964,75026,OPTIMAL,185467.5,185467.5,False,185467.5,2.21,1.89,600.0,,,alfabetica,,,dia_turno_curso,112,34,True,TEMPO_TOTAL,iteracao,combinada_cursos_exat_2_dia_turno_curso,180.0,180.0,600.0,14400.0,False,False,aleatoria,42,aleatoria,42,./dados/2024_1/horarios_2024_1.xlsx,./dados/2024_1/salas_2024_1.csv,./dados/2024_1/salas_preferenciais_2024.1.xlsx,/Users/robertdrey/Documents/workspace/development/alocador_de_salas,resultados/experimentos/2024_1/novas_hibridas/combinada_exat_2_dia_turno/melhor_solucao_seed42.sol,resultados/experimentos/2024_1/novas_hibridas/combinada_exat_2_dia_turno/historico_seed42.csv,resultados/experimentos/2024_1/novas_hibridas/combinada_exat_2_dia_turno/historico_seed42.json,combinada,cursos_exat_2 -> dia_turno_curso,qualquer_melhoria_na_passada,180.0,1,180.0,600.0,1,0,TEMPO_TOTAL,3,T,CC
1,2,113,dia_turno_curso,3_T_EAS,74,17848,77142,OPTIMAL,185467.5,185467.5,False,185467.5,1.17,0.86,600.0,,,alfabetica,,,dia_turno_curso,113,35,True,TEMPO_TOTAL,iteracao,combinada_cursos_exat_2_dia_turno_curso,180.0,180.0,600.0,14400.0,False,False,aleatoria,42,aleatoria,42,./dados/2024_1/horarios_2024_1.xlsx,./dados/2024_1/salas_2024_1.csv,./dados/2024_1/salas_preferenciais_2024.1.xlsx,/Users/robertdrey/Documents/workspace/development/alocador_de_salas,resultados/experimentos/2024_1/novas_hibridas/combinada_exat_2_dia_turno/melhor_solucao_seed42.sol,resultados/experimentos/2024_1/novas_hibridas/combinada_exat_2_dia_turno/historico_seed42.csv,resultados/experimentos/2024_1/novas_hibridas/combinada_exat_2_dia_turno/historico_seed42.json,combinada,cursos_exat_2 -> dia_turno_curso,qualquer_melhoria_na_passada,180.0,1,180.0,600.0,1,0,TEMPO_TOTAL,3,T,EAS
1,2,114,dia_turno_curso,3_T_ENF,47,16146,78844,OPTIMAL,185467.5,185467.5,False,185467.5,6.31,6.0,600.0,,,alfabetica,,,dia_turno_curso,114,36,True,TEMPO_TOTAL,iteracao,combinada_cursos_exat_2_dia_turno_curso,180.0,180.0,600.0,14400.0,False,False,aleatoria,42,aleatoria,42,./dados/2024_1/horarios_2024_1.xlsx,./dados/2024_1/salas_2024_1.csv,./dados/2024_1/salas_preferenciais_2024.1.xlsx,/Users/robertdrey/Documents/workspace/development/alocador_de_salas,resultados/experimentos/2024_1/novas_hibridas/combinada_exat_2_dia_turno/melhor_solucao_seed42.sol,resultados/experimentos/2024_1/novas_hibridas/combinada_exat_2_dia_turno/historico_seed42.csv,resultados/experimentos/2024_1/novas_hibridas/combinada_exat_2_dia_turno/historico_seed42.json,combinada,cursos_exat_2 -> dia_turno_curso,qualquer_melhoria_na_passada,180.0,1,180.0,600.0,1,0,TEMPO_TOTAL,3,T,ENF
1,2,115,dia_turno_curso,3_T_GEO,43,13524,81466,OPTIMAL,185467.5,185467.5,False,185467.5,1.21,0.9,600.0,,,alfabetica,,,dia_turno_curso,115,37,True,TEMPO_TOTAL,iteracao,combinada_cursos_exat_2_dia_turno_curso,180.0,180.0,600.0,14400.0,False,False,aleatoria,42,aleatoria,42,./dados/2024_1/horarios_2024_1.xlsx,./dados/2024_1/salas_2024_1.csv,./dados/2024_1/salas_preferenciais_2024.1.xlsx,/Users/robertdrey/Documents/workspace/development/alocador_de_salas,resultados/experimentos/2024_1/novas_hibridas/combinada_exat_2_dia_turno/melhor_solucao_seed42.sol,resultados/experimentos/2024_1/novas_hibridas/combinada_exat_2_dia_turno/historico_seed42.csv,resultados/experimentos/2024_1/novas_hibridas/combinada_exat_2_dia_turno/historico_seed42.json,combinada,cursos_exat_2 -> dia_turno_curso,qualquer_melhoria_na_passada,180.0,1,180.0,600.0,1,0,TEMPO_TOTAL,3,T,GEO
1,2,116,dia_turno_curso,3_T_LET,67,19090,75900,OPTIMAL,185467.5,185467.5,False,185467.5,2.37,2.05,600.0,,,alfabetica,,,dia_turno_curso,116,38,True,TEMPO_TOTAL,iteracao,combinada_cursos_exat_2_dia_turno_curso,180.0,180.0,600.0,14400.0,False,False,aleatoria,42,aleatoria,42,./dados/2024_1/horarios_2024_1.xlsx,./dados/2024_1/salas_2024_1.csv,./dados/2024_1/salas_preferenciais_2024.1.xlsx,/Users/robertdrey/Documents/workspace/development/alocador_de_salas,resultados/experimentos/2024_1/novas_hibridas/combinada_exat_2_dia_turno/melhor_solucao_seed42.sol,resultados/experimentos/2024_1/novas_hibridas/combinada_exat_2_dia_turno/historico_seed42.csv,resultados/experimentos/2024_1/novas_hibridas/combinada_exat_2_dia_turno/historico_seed42.json,combinada,cursos_exat_2 -> dia_turno_curso,qualquer_melhoria_na_passada,180.0,1,180.0,600.0,1,0,TEMPO_TOTAL,3,T,LET
1,2,117,dia_turno_curso,3_T_MED,68,19504,75486,OPTIMAL,185467.5,185467.5,False,185467.5,3.3,2.97,600.0,,,alfabetica,,,dia_turno_curso,117,39,True,TEMPO_TOTAL,iteracao,combinada_cursos_exat_2_dia_turno_curso,180.0,180.0,600.0,14400.0,False,False,aleatoria,42,aleatoria,42,./dados/2024_1/horarios_2024_1.xlsx,./dados/2024_1/salas_2024_1.csv,./dados/2024_1/salas_preferenciais_2024.1.xlsx,/Users/robertdrey/Documents/workspace/development/alocador_de_salas,resultados/experimentos/2024_1/novas_hibridas/combinada_exat_2_dia_turno/melhor_solucao_seed42.sol,resultados/experimentos/2024_1/novas_hibridas/combinada_exat_2_dia_turno/historico_seed42.csv,resultados/experimentos/2024_1/novas_hibridas/combinada_exat_2_dia_turno/historico_seed42.json,combinada,cursos_exat_2 -> dia_turno_curso,qualquer_melhoria_na_passada,180.0,1,180.0,600.0,1,0,TEMPO_TOTAL,3,T,MED
1,2,118,dia_turno_curso,3_N_ADM,84,16468,78522,OPTIMAL,185467.5,185467.5,False,185467.5,2.4,2.08,600.0,,,alfabetica,,,dia_turno_curso,118,40,True,TEMPO_TOTAL,iteracao,combinada_cursos_exat_2_dia_turno_curso,180.0,180.0,600.0,14400.0,False,False,aleatoria,42,aleatoria,42,./dados/2024_1/horarios_2024_1.xlsx,./dados/2024_1/salas_2024_1.csv,./dados/2024_1/salas_preferenciais_2024.1.xlsx,/Users/robertdrey/Documents/workspace/development/alocador_de_salas,resultados/experimentos/2024_1/novas_hibridas/combinada_exat_2_dia_turno/melhor_solucao_seed42.sol,resultados/experimentos/2024_1/novas_hibridas/combinada_exat_2_dia_turno/historico_seed42.csv,resultados/experimentos/2024_1/novas_hibridas/combinada_exat_2_dia_turno/historico_seed42.json,combinada,cursos_exat_2 -> dia_turno_curso,qualquer_melhoria_na_passada,180.0,1,180.0,600.0,1,0,TEMPO_TOTAL,3,N,ADM
1,2,119,dia_turno_curso,3_N_CC,81,17342,77648,OPTIMAL,185467.5,185467.5,False,185467.5,3.03,2.7,600.0,,,alfabetica,,,dia_turno_curso,119,41,True,TEMPO_TOTAL,iteracao,combinada_cursos_exat_2_dia_turno_curso,180.0,180.0,600.0,14400.0,False,False,aleatoria,42,aleatoria,42,./dados/2024_1/horarios_2024_1.xlsx,./dados/2024_1/salas_2024_1.csv,./dados/2024_1/salas_preferenciais_2024.1.xlsx,/Users/robertdrey/Documents/workspace/development/alocador_de_salas,resultados/experimentos/2024_1/novas_hibridas/combinada_exat_2_dia_turno/melhor_solucao_seed42.sol,resultados/experimentos/2024_1/novas_hibridas/combinada_exat_2_dia_turno/historico_seed42.csv,resultados/experimentos/2024_1/novas_hibridas/combinada_exat_2_dia_turno/historico_seed42.json,combinada,cursos_exat_2 -> dia_turno_curso,qualquer_melhoria_na_passada,180.0,1,180.0,600.0,1,0,TEMPO_TOTAL,3,N,CC
1,2,120,dia_turno_curso,3_N_CS,57,11546,83444,OPTIMAL,185467.5,185467.5,False,185467.5,1.32,0.98,600.0,,,alfabetica,,,dia_turno_curso,120,42,True,TEMPO_TOTAL,iteracao,combinada_cursos_exat_2_dia_turno_curso,180.0,180.0,600.0,14400.0,False,False,aleatoria,42,aleatoria,42,./dados/2024_1/horarios_2024_1.xlsx,./dados/2024_1/salas_2024_1.csv,./dados/2024_1/salas_preferenciais_2024.1.xlsx,/Users/robertdrey/Documents/workspace/development/alocador_de_salas,resultados/experimentos/2024_1/novas_hibridas/combinada_exat_2_dia_turno/melhor_solucao_seed42.sol,resultados/experimentos/2024_1/novas_hibridas/combinada_exat_2_dia_turno/historico_seed42.csv,resultados/experimentos/2024_1/novas_hibridas/combinada_exat_2_dia_turno/historico_seed42.json,combinada,cursos_exat_2 -> dia_turno_curso,qualquer_melhoria_na_passada,180.0,1,180.0,600.0,1,0,TEMPO_TOTAL,3,N,CS
1,2,121,dia_turno_curso,3_N_EAS,84,15180,79810,OPTIMAL,185467.5,185467.5,False,185467.5,1.77,1.46,600.0,,,alfabetica,,,dia_turno_curso,121,43,True,TEMPO_TOTAL,iteracao,combinada_cursos_exat_2_dia_turno_curso,180.0,180.0,600.0,14400.0,False,False,aleatoria,42,aleatoria,42,./dados/2024_1/horarios_2024_1.xlsx,./dados/2024_1/salas_2024_1.csv,./dados/2024_1/salas_preferenciais_2024.1.xlsx,/Users/robertdrey/Documents/workspace/development/alocador_de_salas,resultados/experimentos/2024_1/novas_hibridas/combinada_exat_2_dia_turno/melhor_solucao_seed42.sol,resultados/experimentos/2024_1/novas_hibridas/combinada_exat_2_dia_turno/historico_seed42.csv,resultados/experimentos/2024_1/novas_hibridas/combinada_exat_2_dia_turno/historico_seed42.json,combinada,cursos_exat_2 -> dia_turno_curso,qualquer_melhoria_na_passada,180.0,1,180.0,600.0,1,0,TEMPO_TOTAL,3,N,EAS
1,2,122,dia_turno_curso,3_N_FIL,53,10304,84686,OPTIMAL,185467.5,185467.5,False,185467.5,1.43,1.11,600.0,,,alfabetica,,,dia_turno_curso,122,44,True,TEMPO_TOTAL,iteracao,combinada_cursos_exat_2_dia_turno_curso,180.0,180.0,600.0,14400.0,False,False,aleatoria,42,aleatoria,42,./dados/2024_1/horarios_2024_1.xlsx,./dados/2024_1/salas_2024_1.csv,./dados/2024_1/salas_preferenciais_2024.1.xlsx,/Users/robertdrey/Documents/workspace/development/alocador_de_salas,resultados/experimentos/2024_1/novas_hibridas/combinada_exat_2_dia_turno/melhor_solucao_seed42.sol,resultados/experimentos/2024_1/novas_hibridas/combinada_exat_2_dia_turno/historico_seed42.csv,resultados/experimentos/2024_1/novas_hibridas/combinada_exat_2_dia_turno/historico_seed42.json,combinada,cursos_exat_2 -> dia_turno_curso,qualquer_melhoria_na_passada,180.0,1,180.0,600.0,1,0,TEMPO_TOTAL,3,N,FIL
1,2,123,dia_turno_curso,3_N_GEO,48,9568,85422,OPTIMAL,185467.5,185467.5,False,185467.5,1.88,1.56,600.0,,,alfabetica,,,dia_turno_curso,123,45,True,TEMPO_TOTAL,iteracao,combinada_cursos_exat_2_dia_turno_curso,180.0,180.0,600.0,14400.0,False,False,aleatoria,42,aleatoria,42,./dados/2024_1/horarios_2024_1.xlsx,./dados/2024_1/salas_2024_1.csv,./dados/2024_1/salas_preferenciais_2024.1.xlsx,/Users/robertdrey/Documents/workspace/development/alocador_de_salas,resultados/experimentos/2024_1/novas_hibridas/combinada_exat_2_dia_turno/melhor_solucao_seed42.sol,resultados/experimentos/2024_1/novas_hibridas/combinada_exat_2_dia_turno/historico_seed42.csv,resultados/experimentos/2024_1/novas_hibridas/combinada_exat_2_dia_turno/historico_seed42.json,combinada,cursos_exat_2 -> dia_turno_curso,qualquer_melhoria_na_passada,180.0,1,180.0,600.0,1,0,TEMPO_TOTAL,3,N,GEO
1,2,124,dia_turno_curso,3_N_HIS,60,11960,83030,OPTIMAL,185467.5,185467.5,False,185467.5,1.88,1.55,600.0,,,alfabetica,,,dia_turno_curso,124,46,True,TEMPO_TOTAL,iteracao,combinada_cursos_exat_2_dia_turno_curso,180.0,180.0,600.0,14400.0,False,False,aleatoria,42,aleatoria,42,./dados/2024_1/horarios_2024_1.xlsx,./dados/2024_1/salas_2024_1.csv,./dados/2024_1/salas_preferenciais_2024.1.xlsx,/Users/robertdrey/Documents/workspace/development/alocador_de_salas,resultados/experimentos/2024_1/novas_hibridas/combinada_exat_2_dia_turno/melhor_solucao_seed42.sol,resultados/experimentos/2024_1/novas_hibridas/combinada_exat_2_dia_turno/historico_seed42.csv,resultados/experimentos/2024_1/novas_hibridas/combinada_exat_2_dia_turno/historico_seed42.json,combinada,cursos_exat_2 -> dia_turno_curso,qualquer_melhoria_na_passada,180.0,1,180.0,600.0,1,0,TEMPO_TOTAL,3,N,HIS
1,2,125,dia_turno_curso,3_N_LET,70,15732,79258,OPTIMAL,185467.5,185467.5,False,185467.5,2.39,2.07,600.0,,,alfabetica,,,dia_turno_curso,125,47,True,TEMPO_TOTAL,iteracao,combinada_cursos_exat_2_dia_turno_curso,180.0,180.0,600.0,14400.0,False,False,aleatoria,42,aleatoria,42,./dados/2024_1/horarios_2024_1.xlsx,./dados/2024_1/salas_2024_1.csv,./dados/2024_1/salas_preferenciais_2024.1.xlsx,/Users/robertdrey/Documents/workspace/development/alocador_de_salas,resultados/experimentos/2024_1/novas_hibridas/combinada_exat_2_dia_turno/melhor_solucao_seed42.sol,resultados/experimentos/2024_1/novas_hibridas/combinada_exat_2_dia_turno/historico_seed42.csv,resultados/experimentos/2024_1/novas_hibridas/combinada_exat_2_dia_turno/historico_seed42.json,combinada,cursos_exat_2 -> dia_turno_curso,qualquer_melhoria_na_passada,180.0,1,180.0,600.0,1,0,TEMPO_TOTAL,3,N,LET
1,2,126,dia_turno_curso,3_N_MAT,58,11960,83030,OPTIMAL,185467.5,185467.5,False,185467.5,1.46,1.12,600.0,,,alfabetica,,,dia_turno_curso,126,48,True,TEMPO_TOTAL,iteracao,combinada_cursos_exat_2_dia_turno_curso,180.0,180.0,600.0,14400.0,False,False,aleatoria,42,aleatoria,42,./dados/2024_1/horarios_2024_1.xlsx,./dados/2024_1/salas_2024_1.csv,./dados/2024_1/salas_preferenciais_2024.1.xlsx,/Users/robertdrey/Documents/workspace/development/alocador_de_salas,resultados/experimentos/2024_1/novas_hibridas/combinada_exat_2_dia_turno/melhor_solucao_seed42.sol,resultados/experimentos/2024_1/novas_hibridas/combinada_exat_2_dia_turno/historico_seed42.csv,resultados/experimentos/2024_1/novas_hibridas/combinada_exat_2_dia_turno/historico_seed42.json,combinada,cursos_exat_2 -> dia_turno_curso,qualquer_melhoria_na_passada,180.0,1,180.0,600.0,1,0,TEMPO_TOTAL,3,N,MAT
1,2,127,dia_turno_curso,3_N_PED,91,19504,75486,OPTIMAL,185467.5,185467.5,False,185467.5,20.15,19.84,600.0,,,alfabetica,,,dia_turno_curso,127,49,True,TEMPO_TOTAL,iteracao,combinada_cursos_exat_2_dia_turno_curso,180.0,180.0,600.0,14400.0,False,False,aleatoria,42,aleatoria,42,./dados/2024_1/horarios_2024_1.xlsx,./dados/2024_1/salas_2024_1.csv,./dados/2024_1/salas_preferenciais_2024.1.xlsx,/Users/robertdrey/Documents/workspace/development/alocador_de_salas,resultados/experimentos/2024_1/novas_hibridas/combinada_exat_2_dia_turno/melhor_solucao_seed42.sol,resultados/experimentos/2024_1/novas_hibridas/combinada_exat_2_dia_turno/historico_seed42.csv,resultados/experimentos/2024_1/novas_hibridas/combinada_exat_2_dia_turno/historico_seed42.json,combinada,cursos_exat_2 -> dia_turno_curso,qualquer_melhoria_na_passada,180.0,1,180.0,600.0,1,0,TEMPO_TOTAL,3,N,PED
1,2,128,dia_turno_curso,4_M_ADM,78,19596,75394,OPTIMAL,185467.5,185467.5,False,185467.5,2.26,1.94,600.0,,,alfabetica,,,dia_turno_curso,128,50,True,TEMPO_TOTAL,iteracao,combinada_cursos_exat_2_dia_turno_curso,180.0,180.0,600.0,14400.0,False,False,aleatoria,42,aleatoria,42,./dados/2024_1/horarios_2024_1.xlsx,./dados/2024_1/salas_2024_1.csv,./dados/2024_1/salas_preferenciais_2024.1.xlsx,/Users/robertdrey/Documents/workspace/development/alocador_de_salas,resultados/experimentos/2024_1/novas_hibridas/combinada_exat_2_dia_turno/melhor_solucao_seed42.sol,resultados/experimentos/2024_1/novas_hibridas/combinada_exat_2_dia_turno/historico_seed42.csv,resultados/experimentos/2024_1/novas_hibridas/combinada_exat_2_dia_turno/historico_seed42.json,combinada,cursos_exat_2 -> dia_turno_curso,qualquer_melhoria_na_passada,180.0,1,180.0,600.0,1,0,TEMPO_TOTAL,4,M,ADM
1,2,129,dia_turno_curso,4_M_AGRO,77,17710,77280,OPTIMAL,185467.5,185467.5,False,185467.5,8.43,8.12,600.0,,,alfabetica,,,dia_turno_curso,129,51,True,TEMPO_TOTAL,iteracao,combinada_cursos_exat_2_dia_turno_curso,180.0,180.0,600.0,14400.0,False,False,aleatoria,42,aleatoria,42,./dados/2024_1/horarios_2024_1.xlsx,./dados/2024_1/salas_2024_1.csv,./dados/2024_1/salas_preferenciais_2024.1.xlsx,/Users/robertdrey/Documents/workspace/development/alocador_de_salas,resultados/experimentos/2024_1/novas_hibridas/combinada_exat_2_dia_turno/melhor_solucao_seed42.sol,resultados/experimentos/2024_1/novas_hibridas/combinada_exat_2_dia_turno/historico_seed42.csv,resultados/experimentos/2024_1/novas_hibridas/combinada_exat_2_dia_turno/historico_seed42.json,combinada,cursos_exat_2 -> dia_turno_curso,qualquer_melhoria_na_passada,180.0,1,180.0,600.0,1,0,TEMPO_TOTAL,4,M,AGRO
1,2,130,dia_turno_curso,4_M_CS,56,15180,79810,OPTIMAL,185467.5,185467.5,False,185467.5,1.55,1.24,600.0,,,alfabetica,,,dia_turno_curso,130,52,True,TEMPO_TOTAL,iteracao,combinada_cursos_exat_2_dia_turno_curso,180.0,180.0,600.0,14400.0,False,False,aleatoria,42,aleatoria,42,./dados/2024_1/horarios_2024_1.xlsx,./dados/2024_1/salas_2024_1.csv,./dados/2024_1/salas_preferenciais_2024.1.xlsx,/Users/robertdrey/Documents/workspace/development/alocador_de_salas,resultados/experimentos/2024_1/novas_hibridas/combinada_exat_2_dia_turno/melhor_solucao_seed42.sol,resultados/experimentos/2024_1/novas_hibridas/combinada_exat_2_dia_turno/historico_seed42.csv,resultados/experimentos/2024_1/novas_hibridas/combinada_exat_2_dia_turno/historico_seed42.json,combinada,cursos_exat_2 -> dia_turno_curso,qualquer_melhoria_na_passada,180.0,1,180.0,600.0,1,0,TEMPO_TOTAL,4,M,CS
1,2,131,dia_turno_curso,4_M_EAS,74,17756,77234,OPTIMAL,185467.5,185467.5,False,185467.5,2.2,1.9,600.0,,,alfabetica,,,dia_turno_curso,131,53,True,TEMPO_TOTAL,iteracao,combinada_cursos_exat_2_dia_turno_curso,180.0,180.0,600.0,14400.0,False,False,aleatoria,42,aleatoria,42,./dados/2024_1/horarios_2024_1.xlsx,./dados/2024_1/salas_2024_1.csv,./dados/2024_1/salas_preferenciais_2024.1.xlsx,/Users/robertdrey/Documents/workspace/development/alocador_de_salas,resultados/experimentos/2024_1/novas_hibridas/combinada_exat_2_dia_turno/melhor_solucao_seed42.sol,resultados/experimentos/2024_1/novas_hibridas/combinada_exat_2_dia_turno/historico_seed42.csv,resultados/experimentos/2024_1/novas_hibridas/combinada_exat_2_dia_turno/historico_seed42.json,combinada,cursos_exat_2 -> dia_turno_curso,qualquer_melhoria_na_passada,180.0,1,180.0,600.0,1,0,TEMPO_TOTAL,4,M,EAS
1,2,132,dia_turno_curso,4_M_ENF,49,15318,79672,OPTIMAL,185467.5,185467.5,False,185467.5,3.81,3.48,600.0,,,alfabetica,,,dia_turno_curso,132,54,True,TEMPO_TOTAL,iteracao,combinada_cursos_exat_2_dia_turno_curso,180.0,180.0,600.0,14400.0,False,False,aleatoria,42,aleatoria,42,./dados/2024_1/horarios_2024_1.xlsx,./dados/2024_1/salas_2024_1.csv,./dados/2024_1/salas_preferenciais_2024.1.xlsx,/Users/robertdrey/Documents/workspace/development/alocador_de_salas,resultados/experimentos/2024_1/novas_hibridas/combinada_exat_2_dia_turno/melhor_solucao_seed42.sol,resultados/experimentos/2024_1/novas_hibridas/combinada_exat_2_dia_turno/historico_seed42.csv,resultados/experimentos/2024_1/novas_hibridas/combinada_exat_2_dia_turno/historico_seed42.json,combinada,cursos_exat_2 -> dia_turno_curso,qualquer_melhoria_na_passada,180.0,1,180.0,600.0,1,0,TEMPO_TOTAL,4,M,ENF
1,2,133,dia_turno_curso,4_M_MED,71,19412,75578,OPTIMAL,185467.5,185467.5,False,185467.5,3.19,2.87,600.0,,,alfabetica,,,dia_turno_curso,133,55,True,TEMPO_TOTAL,iteracao,combinada_cursos_exat_2_dia_turno_curso,180.0,180.0,600.0,14400.0,False,False,aleatoria,42,aleatoria,42,./dados/2024_1/horarios_2024_1.xlsx,./dados/2024_1/salas_2024_1.csv,./dados/2024_1/salas_preferenciais_2024.1.xlsx,/Users/robertdrey/Documents/workspace/development/alocador_de_salas,resultados/experimentos/2024_1/novas_hibridas/combinada_exat_2_dia_turno/melhor_solucao_seed42.sol,resultados/experimentos/2024_1/novas_hibridas/combinada_exat_2_dia_turno/historico_seed42.csv,resultados/experimentos/2024_1/novas_hibridas/combinada_exat_2_dia_turno/historico_seed42.json,combinada,cursos_exat_2 -> dia_turno_curso,qualquer_melhoria_na_passada,180.0,1,180.0,600.0,1,0,TEMPO_TOTAL,4,M,MED
1,2,134,dia_turno_curso,4_M_PED,86,23092,71898,OPTIMAL,185467.5,185467.5,False,185467.5,14.4,14.09,600.0,,,alfabetica,,,dia_turno_curso,134,56,True,TEMPO_TOTAL,iteracao,combinada_cursos_exat_2_dia_turno_curso,180.0,180.0,600.0,14400.0,False,False,aleatoria,42,aleatoria,42,./dados/2024_1/horarios_2024_1.xlsx,./dados/2024_1/salas_2024_1.csv,./dados/2024_1/salas_preferenciais_2024.1.xlsx,/Users/robertdrey/Documents/workspace/development/alocador_de_salas,resultados/experimentos/2024_1/novas_hibridas/combinada_exat_2_dia_turno/melhor_solucao_seed42.sol,resultados/experimentos/2024_1/novas_hibridas/combinada_exat_2_dia_turno/historico_seed42.csv,resultados/experimentos/2024_1/novas_hibridas/combinada_exat_2_dia_turno/historico_seed42.json,combinada,cursos_exat_2 -> dia_turno_curso,qualquer_melhoria_na_passada,180.0,1,180.0,600.0,1,0,TEMPO_TOTAL,4,M,PED
1,2,135,dia_turno_curso,4_T_AGRO,78,19458,75532,OPTIMAL,185467.5,185467.5,False,185467.5,5.41,5.09,600.0,,,alfabetica,,,dia_turno_curso,135,57,True,TEMPO_TOTAL,iteracao,combinada_cursos_exat_2_dia_turno_curso,180.0,180.0,600.0,14400.0,False,False,aleatoria,42,aleatoria,42,./dados/2024_1/horarios_2024_1.xlsx,./dados/2024_1/salas_2024_1.csv,./dados/2024_1/salas_preferenciais_2024.1.xlsx,/Users/robertdrey/Documents/workspace/development/alocador_de_salas,resultados/experimentos/2024_1/novas_hibridas/combinada_exat_2_dia_turno/melhor_solucao_seed42.sol,resultados/experimentos/2024_1/novas_hibridas/combinada_exat_2_dia_turno/historico_seed42.csv,resultados/experimentos/2024_1/novas_hibridas/combinada_exat_2_dia_turno/historico_seed42.json,combinada,cursos_exat_2 -> dia_turno_curso,qualquer_melhoria_na_passada,180.0,1,180.0,600.0,1,0,TEMPO_TOTAL,4,T,AGRO
1,2,136,dia_turno_curso,4_T_CC,69,19964,75026,OPTIMAL,185467.5,185467.5,False,185467.5,2.69,2.37,600.0,,,alfabetica,,,dia_turno_curso,136,58,True,TEMPO_TOTAL,iteracao,combinada_cursos_exat_2_dia_turno_curso,180.0,180.0,600.0,14400.0,False,False,aleatoria,42,aleatoria,42,./dados/2024_1/horarios_2024_1.xlsx,./dados/2024_1/salas_2024_1.csv,./dados/2024_1/salas_preferenciais_2024.1.xlsx,/Users/robertdrey/Documents/workspace/development/alocador_de_salas,resultados/experimentos/2024_1/novas_hibridas/combinada_exat_2_dia_turno/melhor_solucao_seed42.sol,resultados/experimentos/2024_1/novas_hibridas/combinada_exat_2_dia_turno/historico_seed42.csv,resultados/experimentos/2024_1/novas_hibridas/combinada_exat_2_dia_turno/historico_seed42.json,combinada,cursos_exat_2 -> dia_turno_curso,qualquer_melhoria_na_passada,180.0,1,180.0,600.0,1,0,TEMPO_TOTAL,4,T,CC
1,2,137,dia_turno_curso,4_T_CS,50,14950,80040,OPTIMAL,185467.5,185467.5,False,185467.5,1.23,0.91,600.0,,,alfabetica,,,dia_turno_curso,137,59,True,TEMPO_TOTAL,iteracao,combinada_cursos_exat_2_dia_turno_curso,180.0,180.0,600.0,14400.0,False,False,aleatoria,42,aleatoria,42,./dados/2024_1/horarios_2024_1.xlsx,./dados/2024_1/salas_2024_1.csv,./dados/2024_1/salas_preferenciais_2024.1.xlsx,/Users/robertdrey/Documents/workspace/development/alocador_de_salas,resultados/experimentos/2024_1/novas_hibridas/combinada_exat_2_dia_turno/melhor_solucao_seed42.sol,resultados/experimentos/2024_1/novas_hibridas/combinada_exat_2_dia_turno/historico_seed42.csv,resultados/experimentos/2024_1/novas_hibridas/combinada_exat_2_dia_turno/historico_seed42.json,combinada,cursos_exat_2 -> dia_turno_curso,qualquer_melhoria_na_passada,180.0,1,180.0,600.0,1,0,TEMPO_TOTAL,4,T,CS
1,2,138,dia_turno_curso,4_T_EAS,71,17986,77004,OPTIMAL,185467.5,185467.5,False,185467.5,1.26,0.96,600.0,,,alfabetica,,,dia_turno_curso,138,60,True,TEMPO_TOTAL,iteracao,combinada_cursos_exat_2_dia_turno_curso,180.0,180.0,600.0,14400.0,False,False,aleatoria,42,aleatoria,42,./dados/2024_1/horarios_2024_1.xlsx,./dados/2024_1/salas_2024_1.csv,./dados/2024_1/salas_preferenciais_2024.1.xlsx,/Users/robertdrey/Documents/workspace/development/alocador_de_salas,resultados/experimentos/2024_1/novas_hibridas/combinada_exat_2_dia_turno/melhor_solucao_seed42.sol,resultados/experimentos/2024_1/novas_hibridas/combinada_exat_2_dia_turno/historico_seed42.csv,resultados/experimentos/2024_1/novas_hibridas/combinada_exat_2_dia_turno/historico_seed42.json,combinada,cursos_exat_2 -> dia_turno_curso,qualquer_melhoria_na_passada,180.0,1,180.0,600.0,1,0,TEMPO_TOTAL,4,T,EAS
1,2,139,dia_turno_curso,4_T_ENF,43,16192,78798,OPTIMAL,185467.5,185467.5,False,185467.5,5.43,5.12,600.0,,,alfabetica,,,dia_turno_curso,139,61,True,TEMPO_TOTAL,iteracao,combinada_cursos_exat_2_dia_turno_curso,180.0,180.0,600.0,14400.0,False,False,aleatoria,42,aleatoria,42,./dados/2024_1/horarios_2024_1.xlsx,./dados/2024_1/salas_2024_1.csv,./dados/2024_1/salas_preferenciais_2024.1.xlsx,/Users/robertdrey/Documents/workspace/development/alocador_de_salas,resultados/experimentos/2024_1/novas_hibridas/combinada_exat_2_dia_turno/melhor_solucao_seed42.sol,resultados/experimentos/2024_1/novas_hibridas/combinada_exat_2_dia_turno/historico_seed42.csv,resultados/experimentos/2024_1/novas_hibridas/combinada_exat_2_dia_turno/historico_seed42.json,combinada,cursos_exat_2 -> dia_turno_curso,qualquer_melhoria_na_passada,180.0,1,180.0,600.0,1,0,TEMPO_TOTAL,4,T,ENF
1,2,140,dia_turno_curso,4_T_LET,60,17618,77372,OPTIMAL,185467.5,185467.5,False,185467.5,2.23,1.91,600.0,,,alfabetica,,,dia_turno_curso,140,62,True,TEMPO_TOTAL,iteracao,combinada_cursos_exat_2_dia_turno_curso,180.0,180.0,600.0,14400.0,False,False,aleatoria,42,aleatoria,42,./dados/2024_1/horarios_2024_1.xlsx,./dados/2024_1/salas_2024_1.csv,./dados/2024_1/salas_preferenciais_2024.1.xlsx,/Users/robertdrey/Documents/workspace/development/alocador_de_salas,resultados/experimentos/2024_1/novas_hibridas/combinada_exat_2_dia_turno/melhor_solucao_seed42.sol,resultados/experimentos/2024_1/novas_hibridas/combinada_exat_2_dia_turno/historico_seed42.csv,resultados/experimentos/2024_1/novas_hibridas/combinada_exat_2_dia_turno/historico_seed42.json,combinada,cursos_exat_2 -> dia_turno_curso,qualquer_melhoria_na_passada,180.0,1,180.0,600.0,1,0,TEMPO_TOTAL,4,T,LET
1,2,141,dia_turno_curso,4_T_MAT,51,15410,79580,OPTIMAL,185467.5,185467.5,False,185467.5,1.07,0.76,600.0,,,alfabetica,,,dia_turno_curso,141,63,True,TEMPO_TOTAL,iteracao,combinada_cursos_exat_2_dia_turno_curso,180.0,180.0,600.0,14400.0,False,False,aleatoria,42,aleatoria,42,./dados/2024_1/horarios_2024_1.xlsx,./dados/2024_1/salas_2024_1.csv,./dados/2024_1/salas_preferenciais_2024.1.xlsx,/Users/robertdrey/Documents/workspace/development/alocador_de_salas,resultados/experimentos/2024_1/novas_hibridas/combinada_exat_2_dia_turno/melhor_solucao_seed42.sol,resultados/experimentos/2024_1/novas_hibridas/combinada_exat_2_dia_turno/historico_seed42.csv,resultados/experimentos/2024_1/novas_hibridas/combinada_exat_2_dia_turno/historico_seed42.json,combinada,cursos_exat_2 -> dia_turno_curso,qualquer_melhoria_na_passada,180.0,1,180.0,600.0,1,0,TEMPO_TOTAL,4,T,MAT
1,2,142,dia_turno_curso,4_T_MED,64,18676,76314,OPTIMAL,185467.5,185467.5,False,185467.5,1.93,1.63,600.0,,,alfabetica,,,dia_turno_curso,142,64,True,TEMPO_TOTAL,iteracao,combinada_cursos_exat_2_dia_turno_curso,180.0,180.0,600.0,14400.0,False,False,aleatoria,42,aleatoria,42,./dados/2024_1/horarios_2024_1.xlsx,./dados/2024_1/salas_2024_1.csv,./dados/2024_1/salas_preferenciais_2024.1.xlsx,/Users/robertdrey/Documents/workspace/development/alocador_de_salas,resultados/experimentos/2024_1/novas_hibridas/combinada_exat_2_dia_turno/melhor_solucao_seed42.sol,resultados/experimentos/2024_1/novas_hibridas/combinada_exat_2_dia_turno/historico_seed42.csv,resultados/experimentos/2024_1/novas_hibridas/combinada_exat_2_dia_turno/historico_seed42.json,combinada,cursos_exat_2 -> dia_turno_curso,qualquer_melhoria_na_passada,180.0,1,180.0,600.0,1,0,TEMPO_TOTAL,4,T,MED
1,2,143,dia_turno_curso,4_N_ADM,85,18262,76728,OPTIMAL,185467.5,185467.5,False,185467.5,3.8,3.49,600.0,,,alfabetica,,,dia_turno_curso,143,65,True,TEMPO_TOTAL,iteracao,combinada_cursos_exat_2_dia_turno_curso,180.0,180.0,600.0,14400.0,False,False,aleatoria,42,aleatoria,42,./dados/2024_1/horarios_2024_1.xlsx,./dados/2024_1/salas_2024_1.csv,./dados/2024_1/salas_preferenciais_2024.1.xlsx,/Users/robertdrey/Documents/workspace/development/alocador_de_salas,resultados/experimentos/2024_1/novas_hibridas/combinada_exat_2_dia_turno/melhor_solucao_seed42.sol,resultados/experimentos/2024_1/novas_hibridas/combinada_exat_2_dia_turno/historico_seed42.csv,resultados/experimentos/2024_1/novas_hibridas/combinada_exat_2_dia_turno/historico_seed42.json,combinada,cursos_exat_2 -> dia_turno_curso,qualquer_melhoria_na_passada,180.0,1,180.0,600.0,1,0,TEMPO_TOTAL,4,N,ADM
1,2,144,dia_turno_curso,4_N_CC,86,19872,75118,OPTIMAL,185467.5,185467.5,False,185467.5,3.78,3.47,600.0,,,alfabetica,,,dia_turno_curso,144,66,True,TEMPO_TOTAL,iteracao,combinada_cursos_exat_2_dia_turno_curso,180.0,180.0,600.0,14400.0,False,False,aleatoria,42,aleatoria,42,./dados/2024_1/horarios_2024_1.xlsx,./dados/2024_1/salas_2024_1.csv,./dados/2024_1/salas_preferenciais_2024.1.xlsx,/Users/robertdrey/Documents/workspace/development/alocador_de_salas,resultados/experimentos/2024_1/novas_hibridas/combinada_exat_2_dia_turno/melhor_solucao_seed42.sol,resultados/experimentos/2024_1/novas_hibridas/combinada_exat_2_dia_turno/historico_seed42.csv,resultados/experimentos/2024_1/novas_hibridas/combinada_exat_2_dia_turno/historico_seed42.json,combinada,cursos_exat_2 -> dia_turno_curso,qualquer_melhoria_na_passada,180.0,1,180.0,600.0,1,0,TEMPO_TOTAL,4,N,CC
1,2,145,dia_turno_curso,4_N_CS,60,13294,81696,OPTIMAL,185467.5,185467.5,False,185467.5,2.17,1.85,600.0,,,alfabetica,,,dia_turno_curso,145,67,True,TEMPO_TOTAL,iteracao,combinada_cursos_exat_2_dia_turno_curso,180.0,180.0,600.0,14400.0,False,False,aleatoria,42,aleatoria,42,./dados/2024_1/horarios_2024_1.xlsx,./dados/2024_1/salas_2024_1.csv,./dados/2024_1/salas_preferenciais_2024.1.xlsx,/Users/robertdrey/Documents/workspace/development/alocador_de_salas,resultados/experimentos/2024_1/novas_hibridas/combinada_exat_2_dia_turno/melhor_solucao_seed42.sol,resultados/experimentos/2024_1/novas_hibridas/combinada_exat_2_dia_turno/historico_seed42.csv,resultados/experimentos/2024_1/novas_hibridas/combinada_exat_2_dia_turno/historico_seed42.json,combinada,cursos_exat_2 -> dia_turno_curso,qualquer_melhoria_na_passada,180.0,1,180.0,600.0,1,0,TEMPO_TOTAL,4,N,CS
1,2,146,dia_turno_curso,4_N_EAS,86,17204,77786,OPTIMAL,185467.5,185467.5,False,185467.5,2.69,2.38,600.0,,,alfabetica,,,dia_turno_curso,146,68,True,TEMPO_TOTAL,iteracao,combinada_cursos_exat_2_dia_turno_curso,180.0,180.0,600.0,14400.0,False,False,aleatoria,42,aleatoria,42,./dados/2024_1/horarios_2024_1.xlsx,./dados/2024_1/salas_2024_1.csv,./dados/2024_1/salas_preferenciais_2024.1.xlsx,/Users/robertdrey/Documents/workspace/development/alocador_de_salas,resultados/experimentos/2024_1/novas_hibridas/combinada_exat_2_dia_turno/melhor_solucao_seed42.sol,resultados/experimentos/2024_1/novas_hibridas/combinada_exat_2_dia_turno/historico_seed42.csv,resultados/experimentos/2024_1/novas_hibridas/combinada_exat_2_dia_turno/historico_seed42.json,combinada,cursos_exat_2 -> dia_turno_curso,qualquer_melhoria_na_passada,180.0,1,180.0,600.0,1,0,TEMPO_TOTAL,4,N,EAS
1,2,147,dia_turno_curso,4_N_FIL,53,11914,83076,OPTIMAL,185467.5,185467.5,False,185467.5,1.88,1.57,600.0,,,alfabetica,,,dia_turno_curso,147,69,True,TEMPO_TOTAL,iteracao,combinada_cursos_exat_2_dia_turno_curso,180.0,180.0,600.0,14400.0,False,False,aleatoria,42,aleatoria,42,./dados/2024_1/horarios_2024_1.xlsx,./dados/2024_1/salas_2024_1.csv,./dados/2024_1/salas_preferenciais_2024.1.xlsx,/Users/robertdrey/Documents/workspace/development/alocador_de_salas,resultados/experimentos/2024_1/novas_hibridas/combinada_exat_2_dia_turno/melhor_solucao_seed42.sol,resultados/experimentos/2024_1/novas_hibridas/combinada_exat_2_dia_turno/historico_seed42.csv,resultados/experimentos/2024_1/novas_hibridas/combinada_exat_2_dia_turno/historico_seed42.json,combinada,cursos_exat_2 -> dia_turno_curso,qualquer_melhoria_na_passada,180.0,1,180.0,600.0,1,0,TEMPO_TOTAL,4,N,FIL
1,2,148,dia_turno_curso,4_N_GEO,51,11776,83214,OPTIMAL,185467.5,185467.5,False,185467.5,1.49,1.17,600.0,,,alfabetica,,,dia_turno_curso,148,70,True,TEMPO_TOTAL,iteracao,combinada_cursos_exat_2_dia_turno_curso,180.0,180.0,600.0,14400.0,False,False,aleatoria,42,aleatoria,42,./dados/2024_1/horarios_2024_1.xlsx,./dados/2024_1/salas_2024_1.csv,./dados/2024_1/salas_preferenciais_2024.1.xlsx,/Users/robertdrey/Documents/workspace/development/alocador_de_salas,resultados/experimentos/2024_1/novas_hibridas/combinada_exat_2_dia_turno/melhor_solucao_seed42.sol,resultados/experimentos/2024_1/novas_hibridas/combinada_exat_2_dia_turno/historico_seed42.csv,resultados/experimentos/2024_1/novas_hibridas/combinada_exat_2_dia_turno/historico_seed42.json,combinada,cursos_exat_2 -> dia_turno_curso,qualquer_melhoria_na_passada,180.0,1,180.0,600.0,1,0,TEMPO_TOTAL,4,N,GEO
1,2,149,dia_turno_curso,4_N_HIS,62,13938,81052,OPTIMAL,185467.5,185467.5,False,185467.5,2.14,1.82,600.0,,,alfabetica,,,dia_turno_curso,149,71,True,TEMPO_TOTAL,iteracao,combinada_cursos_exat_2_dia_turno_curso,180.0,180.0,600.0,14400.0,False,False,aleatoria,42,aleatoria,42,./dados/2024_1/horarios_2024_1.xlsx,./dados/2024_1/salas_2024_1.csv,./dados/2024_1/salas_preferenciais_2024.1.xlsx,/Users/robertdrey/Documents/workspace/development/alocador_de_salas,resultados/experimentos/2024_1/novas_hibridas/combinada_exat_2_dia_turno/melhor_solucao_seed42.sol,resultados/experimentos/2024_1/novas_hibridas/combinada_exat_2_dia_turno/historico_seed42.csv,resultados/experimentos/2024_1/novas_hibridas/combinada_exat_2_dia_turno/historico_seed42.json,combinada,cursos_exat_2 -> dia_turno_curso,qualquer_melhoria_na_passada,180.0,1,180.0,600.0,1,0,TEMPO_TOTAL,4,N,HIS
1,2,150,dia_turno_curso,4_N_LET,69,16744,78246,OPTIMAL,185467.5,185399.5,True,185399.5,339.26,338.94,600.0,,,alfabetica,,,dia_turno_curso,150,72,True,TEMPO_TOTAL,iteracao,combinada_cursos_exat_2_dia_turno_curso,180.0,180.0,600.0,14400.0,False,False,aleatoria,42,aleatoria,42,./dados/2024_1/horarios_2024_1.xlsx,./dados/2024_1/salas_2024_1.csv,./dados/2024_1/salas_preferenciais_2024.1.xlsx,/Users/robertdrey/Documents/workspace/development/alocador_de_salas,resultados/experimentos/2024_1/novas_hibridas/combinada_exat_2_dia_turno/melhor_solucao_seed42.sol,resultados/experimentos/2024_1/novas_hibridas/combinada_exat_2_dia_turno/historico_seed42.csv,resultados/experimentos/2024_1/novas_hibridas/combinada_exat_2_dia_turno/historico_seed42.json,combinada,cursos_exat_2 -> dia_turno_curso,qualquer_melhoria_na_passada,180.0,1,180.0,600.0,1,0,TEMPO_TOTAL,4,N,LET
1,2,151,dia_turno_curso,4_N_MAT,59,13202,81788,OPTIMAL,185399.5,185399.5,False,185399.5,2.31,1.98,600.0,,,alfabetica,,,dia_turno_curso,151,73,True,TEMPO_TOTAL,iteracao,combinada_cursos_exat_2_dia_turno_curso,180.0,180.0,600.0,14400.0,False,False,aleatoria,42,aleatoria,42,./dados/2024_1/horarios_2024_1.xlsx,./dados/2024_1/salas_2024_1.csv,./dados/2024_1/salas_preferenciais_2024.1.xlsx,/Users/robertdrey/Documents/workspace/development/alocador_de_salas,resultados/experimentos/2024_1/novas_hibridas/combinada_exat_2_dia_turno/melhor_solucao_seed42.sol,resultados/experimentos/2024_1/novas_hibridas/combinada_exat_2_dia_turno/historico_seed42.csv,resultados/experimentos/2024_1/novas_hibridas/combinada_exat_2_dia_turno/historico_seed42.json,combinada,cursos_exat_2 -> dia_turno_curso,qualquer_melhoria_na_passada,180.0,1,180.0,600.0,1,0,TEMPO_TOTAL,4,N,MAT
1,2,152,dia_turno_curso,4_N_PED,93,21160,73830,OPTIMAL,185399.5,185399.5,False,185399.5,46.88,46.57,600.0,,,alfabetica,,,dia_turno_curso,152,74,True,TEMPO_TOTAL,iteracao,combinada_cursos_exat_2_dia_turno_curso,180.0,180.0,600.0,14400.0,False,False,aleatoria,42,aleatoria,42,./dados/2024_1/horarios_2024_1.xlsx,./dados/2024_1/salas_2024_1.csv,./dados/2024_1/salas_preferenciais_2024.1.xlsx,/Users/robertdrey/Documents/workspace/development/alocador_de_salas,resultados/experimentos/2024_1/novas_hibridas/combinada_exat_2_dia_turno/melhor_solucao_seed42.sol,resultados/experimentos/2024_1/novas_hibridas/combinada_exat_2_dia_turno/historico_seed42.csv,resultados/experimentos/2024_1/novas_hibridas/combinada_exat_2_dia_turno/historico_seed42.json,combinada,cursos_exat_2 -> dia_turno_curso,qualquer_melhoria_na_passada,180.0,1,180.0,600.0,1,0,TEMPO_TOTAL,4,N,PED
1,2,153,dia_turno_curso,5_M_ADM,80,19734,75256,OPTIMAL,185399.5,185399.5,False,185399.5,2.27,1.96,600.0,,,alfabetica,,,dia_turno_curso,153,75,True,TEMPO_TOTAL,iteracao,combinada_cursos_exat_2_dia_turno_curso,180.0,180.0,600.0,14400.0,False,False,aleatoria,42,aleatoria,42,./dados/2024_1/horarios_2024_1.xlsx,./dados/2024_1/salas_2024_1.csv,./dados/2024_1/salas_preferenciais_2024.1.xlsx,/Users/robertdrey/Documents/workspace/development/alocador_de_salas,resultados/experimentos/2024_1/novas_hibridas/combinada_exat_2_dia_turno/melhor_solucao_seed42.sol,resultados/experimentos/2024_1/novas_hibridas/combinada_exat_2_dia_turno/historico_seed42.csv,resultados/experimentos/2024_1/novas_hibridas/combinada_exat_2_dia_turno/historico_seed42.json,combinada,cursos_exat_2 -> dia_turno_curso,qualquer_melhoria_na_passada,180.0,1,180.0,600.0,1,0,TEMPO_TOTAL,5,M,ADM
1,2,154,dia_turno_curso,5_M_AGRO,80,18492,76498,OPTIMAL,185399.5,185399.5,False,185399.5,9.1,8.77,600.0,,,alfabetica,,,dia_turno_curso,154,76,True,TEMPO_TOTAL,iteracao,combinada_cursos_exat_2_dia_turno_curso,180.0,180.0,600.0,14400.0,False,False,aleatoria,42,aleatoria,42,./dados/2024_1/horarios_2024_1.xlsx,./dados/2024_1/salas_2024_1.csv,./dados/2024_1/salas_preferenciais_2024.1.xlsx,/Users/robertdrey/Documents/workspace/development/alocador_de_salas,resultados/experimentos/2024_1/novas_hibridas/combinada_exat_2_dia_turno/melhor_solucao_seed42.sol,resultados/experimentos/2024_1/novas_hibridas/combinada_exat_2_dia_turno/historico_seed42.csv,resultados/experimentos/2024_1/novas_hibridas/combinada_exat_2_dia_turno/historico_seed42.json,combinada,cursos_exat_2 -> dia_turno_curso,qualquer_melhoria_na_passada,180.0,1,180.0,600.0,1,0,TEMPO_TOTAL,5,M,AGRO
1,2,155,dia_turno_curso,5_M_EAS,75,17618,77372,OPTIMAL,185399.5,185399.5,False,185399.5,1.92,1.6,600.0,,,alfabetica,,,dia_turno_curso,155,77,True,TEMPO_TOTAL,iteracao,combinada_cursos_exat_2_dia_turno_curso,180.0,180.0,600.0,14400.0,False,False,aleatoria,42,aleatoria,42,./dados/2024_1/horarios_2024_1.xlsx,./dados/2024_1/salas_2024_1.csv,./dados/2024_1/salas_preferenciais_2024.1.xlsx,/Users/robertdrey/Documents/workspace/development/alocador_de_salas,resultados/experimentos/2024_1/novas_hibridas/combinada_exat_2_dia_turno/melhor_solucao_seed42.sol,resultados/experimentos/2024_1/novas_hibridas/combinada_exat_2_dia_turno/historico_seed42.csv,resultados/experimentos/2024_1/novas_hibridas/combinada_exat_2_dia_turno/historico_seed42.json,combinada,cursos_exat_2 -> dia_turno_curso,qualquer_melhoria_na_passada,180.0,1,180.0,600.0,1,0,TEMPO_TOTAL,5,M,EAS
1,2,156,dia_turno_curso,5_M_ENF,51,15732,79258,OPTIMAL,185399.5,185399.5,False,185399.5,4.92,4.6,600.0,,,alfabetica,,,dia_turno_curso,156,78,True,TEMPO_TOTAL,iteracao,combinada_cursos_exat_2_dia_turno_curso,180.0,180.0,600.0,14400.0,False,False,aleatoria,42,aleatoria,42,./dados/2024_1/horarios_2024_1.xlsx,./dados/2024_1/salas_2024_1.csv,./dados/2024_1/salas_preferenciais_2024.1.xlsx,/Users/robertdrey/Documents/workspace/development/alocador_de_salas,resultados/experimentos/2024_1/novas_hibridas/combinada_exat_2_dia_turno/melhor_solucao_seed42.sol,resultados/experimentos/2024_1/novas_hibridas/combinada_exat_2_dia_turno/historico_seed42.csv,resultados/experimentos/2024_1/novas_hibridas/combinada_exat_2_dia_turno/historico_seed42.json,combinada,cursos_exat_2 -> dia_turno_curso,qualquer_melhoria_na_passada,180.0,1,180.0,600.0,1,0,TEMPO_TOTAL,5,M,ENF
1,2,157,dia_turno_curso,5_M_MED,74,19550,75440,OPTIMAL,185399.5,185399.5,False,185399.5,3.17,2.85,600.0,,,alfabetica,,,dia_turno_curso,157,79,True,TEMPO_TOTAL,iteracao,combinada_cursos_exat_2_dia_turno_curso,180.0,180.0,600.0,14400.0,False,False,aleatoria,42,aleatoria,42,./dados/2024_1/horarios_2024_1.xlsx,./dados/2024_1/salas_2024_1.csv,./dados/2024_1/salas_preferenciais_2024.1.xlsx,/Users/robertdrey/Documents/workspace/development/alocador_de_salas,resultados/experimentos/2024_1/novas_hibridas/combinada_exat_2_dia_turno/melhor_solucao_seed42.sol,resultados/experimentos/2024_1/novas_hibridas/combinada_exat_2_dia_turno/historico_seed42.csv,resultados/experimentos/2024_1/novas_hibridas/combinada_exat_2_dia_turno/historico_seed42.json,combinada,cursos_exat_2 -> dia_turno_curso,qualquer_melhoria_na_passada,180.0,1,180.0,600.0,1,0,TEMPO_TOTAL,5,M,MED
1,2,158,dia_turno_curso,5_M_PED,89,23230,71760,OPTIMAL,185399.5,185399.5,False,185399.5,16.46,16.12,600.0,,,alfabetica,,,dia_turno_curso,158,80,True,TEMPO_TOTAL,iteracao,combinada_cursos_exat_2_dia_turno_curso,180.0,180.0,600.0,14400.0,False,False,aleatoria,42,aleatoria,42,./dados/2024_1/horarios_2024_1.xlsx,./dados/2024_1/salas_2024_1.csv,./dados/2024_1/salas_preferenciais_2024.1.xlsx,/Users/robertdrey/Documents/workspace/development/alocador_de_salas,resultados/experimentos/2024_1/novas_hibridas/combinada_exat_2_dia_turno/melhor_solucao_seed42.sol,resultados/experimentos/2024_1/novas_hibridas/combinada_exat_2_dia_turno/historico_seed42.csv,resultados/experimentos/2024_1/novas_hibridas/combinada_exat_2_dia_turno/historico_seed42.json,combinada,cursos_exat_2 -> dia_turno_curso,qualquer_melhoria_na_passada,180.0,1,180.0,600.0,1,0,TEMPO_TOTAL,5,M,PED
1,2,159,dia_turno_curso,5_T_AGRO,77,18814,76176,OPTIMAL,185399.5,185399.5,False,185399.5,7.87,7.53,600.0,,,alfabetica,,,dia_turno_curso,159,81,True,TEMPO_TOTAL,iteracao,combinada_cursos_exat_2_dia_turno_curso,180.0,180.0,600.0,14400.0,False,False,aleatoria,42,aleatoria,42,./dados/2024_1/horarios_2024_1.xlsx,./dados/2024_1/salas_2024_1.csv,./dados/2024_1/salas_preferenciais_2024.1.xlsx,/Users/robertdrey/Documents/workspace/development/alocador_de_salas,resultados/experimentos/2024_1/novas_hibridas/combinada_exat_2_dia_turno/melhor_solucao_seed42.sol,resultados/experimentos/2024_1/novas_hibridas/combinada_exat_2_dia_turno/historico_seed42.csv,resultados/experimentos/2024_1/novas_hibridas/combinada_exat_2_dia_turno/historico_seed42.json,combinada,cursos_exat_2 -> dia_turno_curso,qualquer_melhoria_na_passada,180.0,1,180.0,600.0,1,0,TEMPO_TOTAL,5,T,AGRO
1,2,160,dia_turno_curso,5_T_CC,70,19596,75394,OPTIMAL,185399.5,185399.5,False,185399.5,2.17,1.84,600.0,,,alfabetica,,,dia_turno_curso,160,82,True,TEMPO_TOTAL,iteracao,combinada_cursos_exat_2_dia_turno_curso,180.0,180.0,600.0,14400.0,False,False,aleatoria,42,aleatoria,42,./dados/2024_1/horarios_2024_1.xlsx,./dados/2024_1/salas_2024_1.csv,./dados/2024_1/salas_preferenciais_2024.1.xlsx,/Users/robertdrey/Documents/workspace/development/alocador_de_salas,resultados/experimentos/2024_1/novas_hibridas/combinada_exat_2_dia_turno/melhor_solucao_seed42.sol,resultados/experimentos/2024_1/novas_hibridas/combinada_exat_2_dia_turno/historico_seed42.csv,resultados/experimentos/2024_1/novas_hibridas/combinada_exat_2_dia_turno/historico_seed42.json,combinada,cursos_exat_2 -> dia_turno_curso,qualquer_melhoria_na_passada,180.0,1,180.0,600.0,1,0,TEMPO_TOTAL,5,T,CC
1,2,161,dia_turno_curso,5_T_EAS,71,17342,77648,OPTIMAL,185399.5,185399.5,False,185399.5,1.6,1.29,600.0,,,alfabetica,,,dia_turno_curso,161,83,True,TEMPO_TOTAL,iteracao,combinada_cursos_exat_2_dia_turno_curso,180.0,180.0,600.0,14400.0,False,False,aleatoria,42,aleatoria,42,./dados/2024_1/horarios_2024_1.xlsx,./dados/2024_1/salas_2024_1.csv,./dados/2024_1/salas_preferenciais_2024.1.xlsx,/Users/robertdrey/Documents/workspace/development/alocador_de_salas,resultados/experimentos/2024_1/novas_hibridas/combinada_exat_2_dia_turno/melhor_solucao_seed42.sol,resultados/experimentos/2024_1/novas_hibridas/combinada_exat_2_dia_turno/historico_seed42.csv,resultados/experimentos/2024_1/novas_hibridas/combinada_exat_2_dia_turno/historico_seed42.json,combinada,cursos_exat_2 -> dia_turno_curso,qualquer_melhoria_na_passada,180.0,1,180.0,600.0,1,0,TEMPO_TOTAL,5,T,EAS
1,2,162,dia_turno_curso,5_T_ENF,44,14858,80132,OPTIMAL,185399.5,185399.5,False,185399.5,3.6,3.28,600.0,,,alfabetica,,,dia_turno_curso,162,84,True,TEMPO_TOTAL,iteracao,combinada_cursos_exat_2_dia_turno_curso,180.0,180.0,600.0,14400.0,False,False,aleatoria,42,aleatoria,42,./dados/2024_1/horarios_2024_1.xlsx,./dados/2024_1/salas_2024_1.csv,./dados/2024_1/salas_preferenciais_2024.1.xlsx,/Users/robertdrey/Documents/workspace/development/alocador_de_salas,resultados/experimentos/2024_1/novas_hibridas/combinada_exat_2_dia_turno/melhor_solucao_seed42.sol,resultados/experimentos/2024_1/novas_hibridas/combinada_exat_2_dia_turno/historico_seed42.csv,resultados/experimentos/2024_1/novas_hibridas/combinada_exat_2_dia_turno/historico_seed42.json,combinada,cursos_exat_2 -> dia_turno_curso,qualquer_melhoria_na_passada,180.0,1,180.0,600.0,1,0,TEMPO_TOTAL,5,T,ENF
1,2,163,dia_turno_curso,5_T_GEO,40,12650,82340,OPTIMAL,185399.5,185399.5,False,185399.5,1.39,1.07,600.0,,,alfabetica,,,dia_turno_curso,163,85,True,TEMPO_TOTAL,iteracao,combinada_cursos_exat_2_dia_turno_curso,180.0,180.0,600.0,14400.0,False,False,aleatoria,42,aleatoria,42,./dados/2024_1/horarios_2024_1.xlsx,./dados/2024_1/salas_2024_1.csv,./dados/2024_1/salas_preferenciais_2024.1.xlsx,/Users/robertdrey/Documents/workspace/development/alocador_de_salas,resultados/experimentos/2024_1/novas_hibridas/combinada_exat_2_dia_turno/melhor_solucao_seed42.sol,resultados/experimentos/2024_1/novas_hibridas/combinada_exat_2_dia_turno/historico_seed42.csv,resultados/experimentos/2024_1/novas_hibridas/combinada_exat_2_dia_turno/historico_seed42.json,combinada,cursos_exat_2 -> dia_turno_curso,qualquer_melhoria_na_passada,180.0,1,180.0,600.0,1,0,TEMPO_TOTAL,5,T,GEO
1,2,164,dia_turno_curso,5_T_LET,65,18722,76268,OPTIMAL,185399.5,185399.5,False,185399.5,2.08,1.76,600.0,,,alfabetica,,,dia_turno_curso,164,86,True,TEMPO_TOTAL,iteracao,combinada_cursos_exat_2_dia_turno_curso,180.0,180.0,600.0,14400.0,False,False,aleatoria,42,aleatoria,42,./dados/2024_1/horarios_2024_1.xlsx,./dados/2024_1/salas_2024_1.csv,./dados/2024_1/salas_preferenciais_2024.1.xlsx,/Users/robertdrey/Documents/workspace/development/alocador_de_salas,resultados/experimentos/2024_1/novas_hibridas/combinada_exat_2_dia_turno/melhor_solucao_seed42.sol,resultados/experimentos/2024_1/novas_hibridas/combinada_exat_2_dia_turno/historico_seed42.csv,resultados/experimentos/2024_1/novas_hibridas/combinada_exat_2_dia_turno/historico_seed42.json,combinada,cursos_exat_2 -> dia_turno_curso,qualquer_melhoria_na_passada,180.0,1,180.0,600.0,1,0,TEMPO_TOTAL,5,T,LET
1,2,165,dia_turno_curso,5_T_MED,67,19274,75716,OPTIMAL,185399.5,185399.5,False,185399.5,2.86,2.53,600.0,,,alfabetica,,,dia_turno_curso,165,87,True,TEMPO_TOTAL,iteracao,combinada_cursos_exat_2_dia_turno_curso,180.0,180.0,600.0,14400.0,False,False,aleatoria,42,aleatoria,42,./dados/2024_1/horarios_2024_1.xlsx,./dados/2024_1/salas_2024_1.csv,./dados/2024_1/salas_preferenciais_2024.1.xlsx,/Users/robertdrey/Documents/workspace/development/alocador_de_salas,resultados/experimentos/2024_1/novas_hibridas/combinada_exat_2_dia_turno/melhor_solucao_seed42.sol,resultados/experimentos/2024_1/novas_hibridas/combinada_exat_2_dia_turno/historico_seed42.csv,resultados/experimentos/2024_1/novas_hibridas/combinada_exat_2_dia_turno/historico_seed42.json,combinada,cursos_exat_2 -> dia_turno_curso,qualquer_melhoria_na_passada,180.0,1,180.0,600.0,1,0,TEMPO_TOTAL,5,T,MED
1,2,166,dia_turno_curso,5_N_ADM,83,16652,78338,OPTIMAL,185399.5,185399.5,False,185399.5,2.43,2.12,600.0,,,alfabetica,,,dia_turno_curso,166,88,True,TEMPO_TOTAL,iteracao,combinada_cursos_exat_2_dia_turno_curso,180.0,180.0,600.0,14400.0,False,False,aleatoria,42,aleatoria,42,./dados/2024_1/horarios_2024_1.xlsx,./dados/2024_1/salas_2024_1.csv,./dados/2024_1/salas_preferenciais_2024.1.xlsx,/Users/robertdrey/Documents/workspace/development/alocador_de_salas,resultados/experimentos/2024_1/novas_hibridas/combinada_exat_2_dia_turno/melhor_solucao_seed42.sol,resultados/experimentos/2024_1/novas_hibridas/combinada_exat_2_dia_turno/historico_seed42.csv,resultados/experimentos/2024_1/novas_hibridas/combinada_exat_2_dia_turno/historico_seed42.json,combinada,cursos_exat_2 -> dia_turno_curso,qualquer_melhoria_na_passada,180.0,1,180.0,600.0,1,0,TEMPO_TOTAL,5,N,ADM
1,2,167,dia_turno_curso,5_N_CC,83,18078,76912,OPTIMAL,185399.5,185399.5,False,185399.5,2.78,2.46,600.0,,,alfabetica,,,dia_turno_curso,167,89,True,TEMPO_TOTAL,iteracao,combinada_cursos_exat_2_dia_turno_curso,180.0,180.0,600.0,14400.0,False,False,aleatoria,42,aleatoria,42,./dados/2024_1/horarios_2024_1.xlsx,./dados/2024_1/salas_2024_1.csv,./dados/2024_1/salas_preferenciais_2024.1.xlsx,/Users/robertdrey/Documents/workspace/development/alocador_de_salas,resultados/experimentos/2024_1/novas_hibridas/combinada_exat_2_dia_turno/melhor_solucao_seed42.sol,resultados/experimentos/2024_1/novas_hibridas/combinada_exat_2_dia_turno/historico_seed42.csv,resultados/experimentos/2024_1/novas_hibridas/combinada_exat_2_dia_turno/historico_seed42.json,combinada,cursos_exat_2 -> dia_turno_curso,qualquer_melhoria_na_passada,180.0,1,180.0,600.0,1,0,TEMPO_TOTAL,5,N,CC
1,2,168,dia_turno_curso,5_N_CS,57,11914,83076,OPTIMAL,185399.5,185399.5,False,185399.5,1.64,1.34,600.0,,,alfabetica,,,dia_turno_curso,168,90,True,TEMPO_TOTAL,iteracao,combinada_cursos_exat_2_dia_turno_curso,180.0,180.0,600.0,14400.0,False,False,aleatoria,42,aleatoria,42,./dados/2024_1/horarios_2024_1.xlsx,./dados/2024_1/salas_2024_1.csv,./dados/2024_1/salas_preferenciais_2024.1.xlsx,/Users/robertdrey/Documents/workspace/development/alocador_de_salas,resultados/experimentos/2024_1/novas_hibridas/combinada_exat_2_dia_turno/melhor_solucao_seed42.sol,resultados/experimentos/2024_1/novas_hibridas/combinada_exat_2_dia_turno/historico_seed42.csv,resultados/experimentos/2024_1/novas_hibridas/combinada_exat_2_dia_turno/historico_seed42.json,combinada,cursos_exat_2 -> dia_turno_curso,qualquer_melhoria_na_passada,180.0,1,180.0,600.0,1,0,TEMPO_TOTAL,5,N,CS
1,2,169,dia_turno_curso,5_N_EAS,83,14950,80040,OPTIMAL,185399.5,185399.5,False,185399.5,1.48,1.16,600.0,,,alfabetica,,,dia_turno_curso,169,91,True,TEMPO_TOTAL,iteracao,combinada_cursos_exat_2_dia_turno_curso,180.0,180.0,600.0,14400.0,False,False,aleatoria,42,aleatoria,42,./dados/2024_1/horarios_2024_1.xlsx,./dados/2024_1/salas_2024_1.csv,./dados/2024_1/salas_preferenciais_2024.1.xlsx,/Users/robertdrey/Documents/workspace/development/alocador_de_salas,resultados/experimentos/2024_1/novas_hibridas/combinada_exat_2_dia_turno/melhor_solucao_seed42.sol,resultados/experimentos/2024_1/novas_hibridas/combinada_exat_2_dia_turno/historico_seed42.csv,resultados/experimentos/2024_1/novas_hibridas/combinada_exat_2_dia_turno/historico_seed42.json,combinada,cursos_exat_2 -> dia_turno_curso,qualquer_melhoria_na_passada,180.0,1,180.0,600.0,1,0,TEMPO_TOTAL,5,N,EAS
1,2,170,dia_turno_curso,5_N_FIL,51,10304,84686,OPTIMAL,185399.5,185399.5,False,185399.5,1.69,1.37,600.0,,,alfabetica,,,dia_turno_curso,170,92,True,TEMPO_TOTAL,iteracao,combinada_cursos_exat_2_dia_turno_curso,180.0,180.0,600.0,14400.0,False,False,aleatoria,42,aleatoria,42,./dados/2024_1/horarios_2024_1.xlsx,./dados/2024_1/salas_2024_1.csv,./dados/2024_1/salas_preferenciais_2024.1.xlsx,/Users/robertdrey/Documents/workspace/development/alocador_de_salas,resultados/experimentos/2024_1/novas_hibridas/combinada_exat_2_dia_turno/melhor_solucao_seed42.sol,resultados/experimentos/2024_1/novas_hibridas/combinada_exat_2_dia_turno/historico_seed42.csv,resultados/experimentos/2024_1/novas_hibridas/combinada_exat_2_dia_turno/historico_seed42.json,combinada,cursos_exat_2 -> dia_turno_curso,qualquer_melhoria_na_passada,180.0,1,180.0,600.0,1,0,TEMPO_TOTAL,5,N,FIL
1,2,171,dia_turno_curso,5_N_GEO,48,9844,85146,OPTIMAL,185399.5,185399.5,False,185399.5,1.32,0.98,600.0,,,alfabetica,,,dia_turno_curso,171,93,True,TEMPO_TOTAL,iteracao,combinada_cursos_exat_2_dia_turno_curso,180.0,180.0,600.0,14400.0,False,False,aleatoria,42,aleatoria,42,./dados/2024_1/horarios_2024_1.xlsx,./dados/2024_1/salas_2024_1.csv,./dados/2024_1/salas_preferenciais_2024.1.xlsx,/Users/robertdrey/Documents/workspace/development/alocador_de_salas,resultados/experimentos/2024_1/novas_hibridas/combinada_exat_2_dia_turno/melhor_solucao_seed42.sol,resultados/experimentos/2024_1/novas_hibridas/combinada_exat_2_dia_turno/historico_seed42.csv,resultados/experimentos/2024_1/novas_hibridas/combinada_exat_2_dia_turno/historico_seed42.json,combinada,cursos_exat_2 -> dia_turno_curso,qualquer_melhoria_na_passada,180.0,1,180.0,600.0,1,0,TEMPO_TOTAL,5,N,GEO
1,2,172,dia_turno_curso,5_N_HIS,58,11960,83030,OPTIMAL,185399.5,185399.5,False,185399.5,1.89,1.58,600.0,,,alfabetica,,,dia_turno_curso,172,94,True,TEMPO_TOTAL,iteracao,combinada_cursos_exat_2_dia_turno_curso,180.0,180.0,600.0,14400.0,False,False,aleatoria,42,aleatoria,42,./dados/2024_1/horarios_2024_1.xlsx,./dados/2024_1/salas_2024_1.csv,./dados/2024_1/salas_preferenciais_2024.1.xlsx,/Users/robertdrey/Documents/workspace/development/alocador_de_salas,resultados/experimentos/2024_1/novas_hibridas/combinada_exat_2_dia_turno/melhor_solucao_seed42.sol,resultados/experimentos/2024_1/novas_hibridas/combinada_exat_2_dia_turno/historico_seed42.csv,resultados/experimentos/2024_1/novas_hibridas/combinada_exat_2_dia_turno/historico_seed42.json,combinada,cursos_exat_2 -> dia_turno_curso,qualquer_melhoria_na_passada,180.0,1,180.0,600.0,1,0,TEMPO_TOTAL,5,N,HIS
1,2,173,dia_turno_curso,5_N_LET,68,15962,79028,OPTIMAL,185399.5,185399.5,False,185399.5,2.91,2.59,600.0,,,alfabetica,,,dia_turno_curso,173,95,True,TEMPO_TOTAL,iteracao,combinada_cursos_exat_2_dia_turno_curso,180.0,180.0,600.0,14400.0,False,False,aleatoria,42,aleatoria,42,./dados/2024_1/horarios_2024_1.xlsx,./dados/2024_1/salas_2024_1.csv,./dados/2024_1/salas_preferenciais_2024.1.xlsx,/Users/robertdrey/Documents/workspace/development/alocador_de_salas,resultados/experimentos/2024_1/novas_hibridas/combinada_exat_2_dia_turno/melhor_solucao_seed42.sol,resultados/experimentos/2024_1/novas_hibridas/combinada_exat_2_dia_turno/historico_seed42.csv,resultados/experimentos/2024_1/novas_hibridas/combinada_exat_2_dia_turno/historico_seed42.json,combinada,cursos_exat_2 -> dia_turno_curso,qualquer_melhoria_na_passada,180.0,1,180.0,600.0,1,0,TEMPO_TOTAL,5,N,LET
1,2,174,dia_turno_curso,5_N_MAT,58,12328,82662,OPTIMAL,185399.5,185399.5,False,185399.5,1.63,1.31,600.0,,,alfabetica,,,dia_turno_curso,174,96,True,TEMPO_TOTAL,iteracao,combinada_cursos_exat_2_dia_turno_curso,180.0,180.0,600.0,14400.0,False,False,aleatoria,42,aleatoria,42,./dados/2024_1/horarios_2024_1.xlsx,./dados/2024_1/salas_2024_1.csv,./dados/2024_1/salas_preferenciais_2024.1.xlsx,/Users/robertdrey/Documents/workspace/development/alocador_de_salas,resultados/experimentos/2024_1/novas_hibridas/combinada_exat_2_dia_turno/melhor_solucao_seed42.sol,resultados/experimentos/2024_1/novas_hibridas/combinada_exat_2_dia_turno/historico_seed42.csv,resultados/experimentos/2024_1/novas_hibridas/combinada_exat_2_dia_turno/historico_seed42.json,combinada,cursos_exat_2 -> dia_turno_curso,qualquer_melhoria_na_passada,180.0,1,180.0,600.0,1,0,TEMPO_TOTAL,5,N,MAT
1,2,175,dia_turno_curso,5_N_MED,78,16928,78062,OPTIMAL,185399.5,185399.5,False,185399.5,2.9,2.59,600.0,,,alfabetica,,,dia_turno_curso,175,97,True,TEMPO_TOTAL,iteracao,combinada_cursos_exat_2_dia_turno_curso,180.0,180.0,600.0,14400.0,False,False,aleatoria,42,aleatoria,42,./dados/2024_1/horarios_2024_1.xlsx,./dados/2024_1/salas_2024_1.csv,./dados/2024_1/salas_preferenciais_2024.1.xlsx,/Users/robertdrey/Documents/workspace/development/alocador_de_salas,resultados/experimentos/2024_1/novas_hibridas/combinada_exat_2_dia_turno/melhor_solucao_seed42.sol,resultados/experimentos/2024_1/novas_hibridas/combinada_exat_2_dia_turno/historico_seed42.csv,resultados/experimentos/2024_1/novas_hibridas/combinada_exat_2_dia_turno/historico_seed42.json,combinada,cursos_exat_2 -> dia_turno_curso,qualquer_melhoria_na_passada,180.0,1,180.0,600.0,1,0,TEMPO_TOTAL,5,N,MED
1,2,176,dia_turno_curso,5_N_PED,90,19780,75210,OPTIMAL,185399.5,185399.5,False,185399.5,14.15,13.81,600.0,,,alfabetica,,,dia_turno_curso,176,98,True,TEMPO_TOTAL,iteracao,combinada_cursos_exat_2_dia_turno_curso,180.0,180.0,600.0,14400.0,False,False,aleatoria,42,aleatoria,42,./dados/2024_1/horarios_2024_1.xlsx,./dados/2024_1/salas_2024_1.csv,./dados/2024_1/salas_preferenciais_2024.1.xlsx,/Users/robertdrey/Documents/workspace/development/alocador_de_salas,resultados/experimentos/2024_1/novas_hibridas/combinada_exat_2_dia_turno/melhor_solucao_seed42.sol,resultados/experimentos/2024_1/novas_hibridas/combinada_exat_2_dia_turno/historico_seed42.csv,resultados/experimentos/2024_1/novas_hibridas/combinada_exat_2_dia_turno/historico_seed42.json,combinada,cursos_exat_2 -> dia_turno_curso,qualquer_melhoria_na_passada,180.0,1,180.0,600.0,1,0,TEMPO_TOTAL,5,N,PED
1,2,177,dia_turno_curso,6_M_ADM,74,15226,79764,OPTIMAL,185399.5,185399.5,False,185399.5,1.74,1.4,600.0,,,alfabetica,,,dia_turno_curso,177,99,True,TEMPO_TOTAL,iteracao,combinada_cursos_exat_2_dia_turno_curso,180.0,180.0,600.0,14400.0,False,False,aleatoria,42,aleatoria,42,./dados/2024_1/horarios_2024_1.xlsx,./dados/2024_1/salas_2024_1.csv,./dados/2024_1/salas_preferenciais_2024.1.xlsx,/Users/robertdrey/Documents/workspace/development/alocador_de_salas,resultados/experimentos/2024_1/novas_hibridas/combinada_exat_2_dia_turno/melhor_solucao_seed42.sol,resultados/experimentos/2024_1/novas_hibridas/combinada_exat_2_dia_turno/historico_seed42.csv,resultados/experimentos/2024_1/novas_hibridas/combinada_exat_2_dia_turno/historico_seed42.json,combinada,cursos_exat_2 -> dia_turno_curso,qualquer_melhoria_na_passada,180.0,1,180.0,600.0,1,0,TEMPO_TOTAL,6,M,ADM
1,2,178,dia_turno_curso,6_M_AGRO,76,14168,80822,OPTIMAL,185399.5,185399.5,False,185399.5,4.93,4.61,600.0,,,alfabetica,,,dia_turno_curso,178,100,True,TEMPO_TOTAL,iteracao,combinada_cursos_exat_2_dia_turno_curso,180.0,180.0,600.0,14400.0,False,False,aleatoria,42,aleatoria,42,./dados/2024_1/horarios_2024_1.xlsx,./dados/2024_1/salas_2024_1.csv,./dados/2024_1/salas_preferenciais_2024.1.xlsx,/Users/robertdrey/Documents/workspace/development/alocador_de_salas,resultados/experimentos/2024_1/novas_hibridas/combinada_exat_2_dia_turno/melhor_solucao_seed42.sol,resultados/experimentos/2024_1/novas_hibridas/combinada_exat_2_dia_turno/historico_seed42.csv,resultados/experimentos/2024_1/novas_hibridas/combinada_exat_2_dia_turno/historico_seed42.json,combinada,cursos_exat_2 -> dia_turno_curso,qualquer_melhoria_na_passada,180.0,1,180.0,600.0,1,0,TEMPO_TOTAL,6,M,AGRO
1,2,179,dia_turno_curso,6_M_EAS,69,13294,81696,OPTIMAL,185399.5,185399.5,False,185399.5,1.96,1.63,600.0,,,alfabetica,,,dia_turno_curso,179,101,True,TEMPO_TOTAL,iteracao,combinada_cursos_exat_2_dia_turno_curso,180.0,180.0,600.0,14400.0,False,False,aleatoria,42,aleatoria,42,./dados/2024_1/horarios_2024_1.xlsx,./dados/2024_1/salas_2024_1.csv,./dados/2024_1/salas_preferenciais_2024.1.xlsx,/Users/robertdrey/Documents/workspace/development/alocador_de_salas,resultados/experimentos/2024_1/novas_hibridas/combinada_exat_2_dia_turno/melhor_solucao_seed42.sol,resultados/experimentos/2024_1/novas_hibridas/combinada_exat_2_dia_turno/historico_seed42.csv,resultados/experimentos/2024_1/novas_hibridas/combinada_exat_2_dia_turno/historico_seed42.json,combinada,cursos_exat_2 -> dia_turno_curso,qualquer_melhoria_na_passada,180.0,1,180.0,600.0,1,0,TEMPO_TOTAL,6,M,EAS
1,2,180,dia_turno_curso,6_M_MED,69,15778,79212,OPTIMAL,185399.5,185399.5,False,185399.5,1.96,1.64,600.0,,,alfabetica,,,dia_turno_curso,180,102,True,TEMPO_TOTAL,iteracao,combinada_cursos_exat_2_dia_turno_curso,180.0,180.0,600.0,14400.0,False,False,aleatoria,42,aleatoria,42,./dados/2024_1/horarios_2024_1.xlsx,./dados/2024_1/salas_2024_1.csv,./dados/2024_1/salas_preferenciais_2024.1.xlsx,/Users/robertdrey/Documents/workspace/development/alocador_de_salas,resultados/experimentos/2024_1/novas_hibridas/combinada_exat_2_dia_turno/melhor_solucao_seed42.sol,resultados/experimentos/2024_1/novas_hibridas/combinada_exat_2_dia_turno/historico_seed42.csv,resultados/experimentos/2024_1/novas_hibridas/combinada_exat_2_dia_turno/historico_seed42.json,combinada,cursos_exat_2 -> dia_turno_curso,qualquer_melhoria_na_passada,180.0,1,180.0,600.0,1,0,TEMPO_TOTAL,6,M,MED
1,2,181,dia_turno_curso,6_M_PED,81,18078,76912,OPTIMAL,185399.5,185399.5,False,185399.5,18.94,18.6,600.0,,,alfabetica,,,dia_turno_curso,181,103,True,TEMPO_TOTAL,iteracao,combinada_cursos_exat_2_dia_turno_curso,180.0,180.0,600.0,14400.0,False,False,aleatoria,42,aleatoria,42,./dados/2024_1/horarios_2024_1.xlsx,./dados/2024_1/salas_2024_1.csv,./dados/2024_1/salas_preferenciais_2024.1.xlsx,/Users/robertdrey/Documents/workspace/development/alocador_de_salas,resultados/experimentos/2024_1/novas_hibridas/combinada_exat_2_dia_turno/melhor_solucao_seed42.sol,resultados/experimentos/2024_1/novas_hibridas/combinada_exat_2_dia_turno/historico_seed42.csv,resultados/experimentos/2024_1/novas_hibridas/combinada_exat_2_dia_turno/historico_seed42.json,combinada,cursos_exat_2 -> dia_turno_curso,qualquer_melhoria_na_passada,180.0,1,180.0,600.0,1,0,TEMPO_TOTAL,6,M,PED
1,2,182,dia_turno_curso,6_T_AGRO,79,20102,74888,OPTIMAL,185399.5,185399.5,False,185399.5,5.33,4.99,600.0,,,alfabetica,,,dia_turno_curso,182,104,True,TEMPO_TOTAL,iteracao,combinada_cursos_exat_2_dia_turno_curso,180.0,180.0,600.0,14400.0,False,False,aleatoria,42,aleatoria,42,./dados/2024_1/horarios_2024_1.xlsx,./dados/2024_1/salas_2024_1.csv,./dados/2024_1/salas_preferenciais_2024.1.xlsx,/Users/robertdrey/Documents/workspace/development/alocador_de_salas,resultados/experimentos/2024_1/novas_hibridas/combinada_exat_2_dia_turno/melhor_solucao_seed42.sol,resultados/experimentos/2024_1/novas_hibridas/combinada_exat_2_dia_turno/historico_seed42.csv,resultados/experimentos/2024_1/novas_hibridas/combinada_exat_2_dia_turno/historico_seed42.json,combinada,cursos_exat_2 -> dia_turno_curso,qualquer_melhoria_na_passada,180.0,1,180.0,600.0,1,0,TEMPO_TOTAL,6,T,AGRO
1,2,183,dia_turno_curso,6_T_CC,68,20102,74888,OPTIMAL,185399.5,185399.5,False,185399.5,2.0,1.69,600.0,,,alfabetica,,,dia_turno_curso,183,105,True,TEMPO_TOTAL,iteracao,combinada_cursos_exat_2_dia_turno_curso,180.0,180.0,600.0,14400.0,False,False,aleatoria,42,aleatoria,42,./dados/2024_1/horarios_2024_1.xlsx,./dados/2024_1/salas_2024_1.csv,./dados/2024_1/salas_preferenciais_2024.1.xlsx,/Users/robertdrey/Documents/workspace/development/alocador_de_salas,resultados/experimentos/2024_1/novas_hibridas/combinada_exat_2_dia_turno/melhor_solucao_seed42.sol,resultados/experimentos/2024_1/novas_hibridas/combinada_exat_2_dia_turno/historico_seed42.csv,resultados/experimentos/2024_1/novas_hibridas/combinada_exat_2_dia_turno/historico_seed42.json,combinada,cursos_exat_2 -> dia_turno_curso,qualquer_melhoria_na_passada,180.0,1,180.0,600.0,1,0,TEMPO_TOTAL,6,T,CC
1,2,184,dia_turno_curso,6_T_EAS,71,18124,76866,OPTIMAL,185399.5,185399.5,False,185399.5,1.44,1.13,600.0,,,alfabetica,,,dia_turno_curso,184,106,True,TEMPO_TOTAL,iteracao,combinada_cursos_exat_2_dia_turno_curso,180.0,180.0,600.0,14400.0,False,False,aleatoria,42,aleatoria,42,./dados/2024_1/horarios_2024_1.xlsx,./dados/2024_1/salas_2024_1.csv,./dados/2024_1/salas_preferenciais_2024.1.xlsx,/Users/robertdrey/Documents/workspace/development/alocador_de_salas,resultados/experimentos/2024_1/novas_hibridas/combinada_exat_2_dia_turno/melhor_solucao_seed42.sol,resultados/experimentos/2024_1/novas_hibridas/combinada_exat_2_dia_turno/historico_seed42.csv,resultados/experimentos/2024_1/novas_hibridas/combinada_exat_2_dia_turno/historico_seed42.json,combinada,cursos_exat_2 -> dia_turno_curso,qualquer_melhoria_na_passada,180.0,1,180.0,600.0,1,0,TEMPO_TOTAL,6,T,EAS
1,2,185,dia_turno_curso,6_T_ENF,43,15364,79626,OPTIMAL,185399.5,185399.5,False,185399.5,5.42,5.1,600.0,,,alfabetica,,,dia_turno_curso,185,107,True,TEMPO_TOTAL,iteracao,combinada_cursos_exat_2_dia_turno_curso,180.0,180.0,600.0,14400.0,False,False,aleatoria,42,aleatoria,42,./dados/2024_1/horarios_2024_1.xlsx,./dados/2024_1/salas_2024_1.csv,./dados/2024_1/salas_preferenciais_2024.1.xlsx,/Users/robertdrey/Documents/workspace/development/alocador_de_salas,resultados/experimentos/2024_1/novas_hibridas/combinada_exat_2_dia_turno/melhor_solucao_seed42.sol,resultados/experimentos/2024_1/novas_hibridas/combinada_exat_2_dia_turno/historico_seed42.csv,resultados/experimentos/2024_1/novas_hibridas/combinada_exat_2_dia_turno/historico_seed42.json,combinada,cursos_exat_2 -> dia_turno_curso,qualquer_melhoria_na_passada,180.0,1,180.0,600.0,1,0,TEMPO_TOTAL,6,T,ENF
1,2,186,dia_turno_curso,6_T_LET,63,18998,75992,OPTIMAL,185399.5,185399.5,False,185399.5,1.85,1.53,600.0,,,alfabetica,,,dia_turno_curso,186,108,True,TEMPO_TOTAL,iteracao,combinada_cursos_exat_2_dia_turno_curso,180.0,180.0,600.0,14400.0,False,False,aleatoria,42,aleatoria,42,./dados/2024_1/horarios_2024_1.xlsx,./dados/2024_1/salas_2024_1.csv,./dados/2024_1/salas_preferenciais_2024.1.xlsx,/Users/robertdrey/Documents/workspace/development/alocador_de_salas,resultados/experimentos/2024_1/novas_hibridas/combinada_exat_2_dia_turno/melhor_solucao_seed42.sol,resultados/experimentos/2024_1/novas_hibridas/combinada_exat_2_dia_turno/historico_seed42.csv,resultados/experimentos/2024_1/novas_hibridas/combinada_exat_2_dia_turno/historico_seed42.json,combinada,cursos_exat_2 -> dia_turno_curso,qualquer_melhoria_na_passada,180.0,1,180.0,600.0,1,0,TEMPO_TOTAL,6,T,LET
1,2,187,dia_turno_curso,6_T_MED,64,19274,75716,OPTIMAL,185399.5,185399.5,False,185399.5,2.35,2.05,600.0,,,alfabetica,,,dia_turno_curso,187,109,True,TEMPO_TOTAL,iteracao,combinada_cursos_exat_2_dia_turno_curso,180.0,180.0,600.0,14400.0,False,False,aleatoria,42,aleatoria,42,./dados/2024_1/horarios_2024_1.xlsx,./dados/2024_1/salas_2024_1.csv,./dados/2024_1/salas_preferenciais_2024.1.xlsx,/Users/robertdrey/Documents/workspace/development/alocador_de_salas,resultados/experimentos/2024_1/novas_hibridas/combinada_exat_2_dia_turno/melhor_solucao_seed42.sol,resultados/experimentos/2024_1/novas_hibridas/combinada_exat_2_dia_turno/historico_seed42.csv,resultados/experimentos/2024_1/novas_hibridas/combinada_exat_2_dia_turno/historico_seed42.json,combinada,cursos_exat_2 -> dia_turno_curso,qualquer_melhoria_na_passada,180.0,1,180.0,600.0,1,0,TEMPO_TOTAL,6,T,MED
1,2,188,dia_turno_curso,6_N_ADM,83,17158,77832,OPTIMAL,185399.5,185399.5,False,185399.5,2.45,2.15,600.0,,,alfabetica,,,dia_turno_curso,188,110,True,TEMPO_TOTAL,iteracao,combinada_cursos_exat_2_dia_turno_curso,180.0,180.0,600.0,14400.0,False,False,aleatoria,42,aleatoria,42,./dados/2024_1/horarios_2024_1.xlsx,./dados/2024_1/salas_2024_1.csv,./dados/2024_1/salas_preferenciais_2024.1.xlsx,/Users/robertdrey/Documents/workspace/development/alocador_de_salas,resultados/experimentos/2024_1/novas_hibridas/combinada_exat_2_dia_turno/melhor_solucao_seed42.sol,resultados/experimentos/2024_1/novas_hibridas/combinada_exat_2_dia_turno/historico_seed42.csv,resultados/experimentos/2024_1/novas_hibridas/combinada_exat_2_dia_turno/historico_seed42.json,combinada,cursos_exat_2 -> dia_turno_curso,qualquer_melhoria_na_passada,180.0,1,180.0,600.0,1,0,TEMPO_TOTAL,6,N,ADM
1,2,189,dia_turno_curso,6_N_AGRO,89,16422,78568,OPTIMAL,185399.5,185399.5,False,185399.5,6.27,5.94,600.0,,,alfabetica,,,dia_turno_curso,189,111,True,TEMPO_TOTAL,iteracao,combinada_cursos_exat_2_dia_turno_curso,180.0,180.0,600.0,14400.0,False,False,aleatoria,42,aleatoria,42,./dados/2024_1/horarios_2024_1.xlsx,./dados/2024_1/salas_2024_1.csv,./dados/2024_1/salas_preferenciais_2024.1.xlsx,/Users/robertdrey/Documents/workspace/development/alocador_de_salas,resultados/experimentos/2024_1/novas_hibridas/combinada_exat_2_dia_turno/melhor_solucao_seed42.sol,resultados/experimentos/2024_1/novas_hibridas/combinada_exat_2_dia_turno/historico_seed42.csv,resultados/experimentos/2024_1/novas_hibridas/combinada_exat_2_dia_turno/historico_seed42.json,combinada,cursos_exat_2 -> dia_turno_curso,qualquer_melhoria_na_passada,180.0,1,180.0,600.0,1,0,TEMPO_TOTAL,6,N,AGRO
1,2,190,dia_turno_curso,6_N_CC,82,18400,76590,OPTIMAL,185399.5,185399.5,False,185399.5,2.36,2.03,600.0,,,alfabetica,,,dia_turno_curso,190,112,True,TEMPO_TOTAL,iteracao,combinada_cursos_exat_2_dia_turno_curso,180.0,180.0,600.0,14400.0,False,False,aleatoria,42,aleatoria,42,./dados/2024_1/horarios_2024_1.xlsx,./dados/2024_1/salas_2024_1.csv,./dados/2024_1/salas_preferenciais_2024.1.xlsx,/Users/robertdrey/Documents/workspace/development/alocador_de_salas,resultados/experimentos/2024_1/novas_hibridas/combinada_exat_2_dia_turno/melhor_solucao_seed42.sol,resultados/experimentos/2024_1/novas_hibridas/combinada_exat_2_dia_turno/historico_seed42.csv,resultados/experimentos/2024_1/novas_hibridas/combinada_exat_2_dia_turno/historico_seed42.json,combinada,cursos_exat_2 -> dia_turno_curso,qualquer_melhoria_na_passada,180.0,1,180.0,600.0,1,0,TEMPO_TOTAL,6,N,CC
1,2,191,dia_turno_curso,6_N_CS,57,12420,82570,OPTIMAL,185399.5,185399.5,False,185399.5,2.43,2.1,600.0,,,alfabetica,,,dia_turno_curso,191,113,True,TEMPO_TOTAL,iteracao,combinada_cursos_exat_2_dia_turno_curso,180.0,180.0,600.0,14400.0,False,False,aleatoria,42,aleatoria,42,./dados/2024_1/horarios_2024_1.xlsx,./dados/2024_1/salas_2024_1.csv,./dados/2024_1/salas_preferenciais_2024.1.xlsx,/Users/robertdrey/Documents/workspace/development/alocador_de_salas,resultados/experimentos/2024_1/novas_hibridas/combinada_exat_2_dia_turno/melhor_solucao_seed42.sol,resultados/experimentos/2024_1/novas_hibridas/combinada_exat_2_dia_turno/historico_seed42.csv,resultados/experimentos/2024_1/novas_hibridas/combinada_exat_2_dia_turno/historico_seed42.json,combinada,cursos_exat_2 -> dia_turno_curso,qualquer_melhoria_na_passada,180.0,1,180.0,600.0,1,0,TEMPO_TOTAL,6,N,CS
1,2,192,dia_turno_curso,6_N_EAS,83,15456,79534,OPTIMAL,185399.5,185399.5,False,185399.5,1.78,1.47,600.0,,,alfabetica,,,dia_turno_curso,192,114,True,TEMPO_TOTAL,iteracao,combinada_cursos_exat_2_dia_turno_curso,180.0,180.0,600.0,14400.0,False,False,aleatoria,42,aleatoria,42,./dados/2024_1/horarios_2024_1.xlsx,./dados/2024_1/salas_2024_1.csv,./dados/2024_1/salas_preferenciais_2024.1.xlsx,/Users/robertdrey/Documents/workspace/development/alocador_de_salas,resultados/experimentos/2024_1/novas_hibridas/combinada_exat_2_dia_turno/melhor_solucao_seed42.sol,resultados/experimentos/2024_1/novas_hibridas/combinada_exat_2_dia_turno/historico_seed42.csv,resultados/experimentos/2024_1/novas_hibridas/combinada_exat_2_dia_turno/historico_seed42.json,combinada,cursos_exat_2 -> dia_turno_curso,qualquer_melhoria_na_passada,180.0,1,180.0,600.0,1,0,TEMPO_TOTAL,6,N,EAS
1,2,193,dia_turno_curso,6_N_FIL,51,10810,84180,OPTIMAL,185399.5,185399.5,False,185399.5,1.95,1.63,600.0,,,alfabetica,,,dia_turno_curso,193,115,True,TEMPO_TOTAL,iteracao,combinada_cursos_exat_2_dia_turno_curso,180.0,180.0,600.0,14400.0,False,False,aleatoria,42,aleatoria,42,./dados/2024_1/horarios_2024_1.xlsx,./dados/2024_1/salas_2024_1.csv,./dados/2024_1/salas_preferenciais_2024.1.xlsx,/Users/robertdrey/Documents/workspace/development/alocador_de_salas,resultados/experimentos/2024_1/novas_hibridas/combinada_exat_2_dia_turno/melhor_solucao_seed42.sol,resultados/experimentos/2024_1/novas_hibridas/combinada_exat_2_dia_turno/historico_seed42.csv,resultados/experimentos/2024_1/novas_hibridas/combinada_exat_2_dia_turno/historico_seed42.json,combinada,cursos_exat_2 -> dia_turno_curso,qualquer_melhoria_na_passada,180.0,1,180.0,600.0,1,0,TEMPO_TOTAL,6,N,FIL
1,2,194,dia_turno_curso,6_N_GEO,47,10304,84686,OPTIMAL,185399.5,185399.5,False,185399.5,1.8,1.47,600.0,,,alfabetica,,,dia_turno_curso,194,116,True,TEMPO_TOTAL,iteracao,combinada_cursos_exat_2_dia_turno_curso,180.0,180.0,600.0,14400.0,False,False,aleatoria,42,aleatoria,42,./dados/2024_1/horarios_2024_1.xlsx,./dados/2024_1/salas_2024_1.csv,./dados/2024_1/salas_preferenciais_2024.1.xlsx,/Users/robertdrey/Documents/workspace/development/alocador_de_salas,resultados/experimentos/2024_1/novas_hibridas/combinada_exat_2_dia_turno/melhor_solucao_seed42.sol,resultados/experimentos/2024_1/novas_hibridas/combinada_exat_2_dia_turno/historico_seed42.csv,resultados/experimentos/2024_1/novas_hibridas/combinada_exat_2_dia_turno/historico_seed42.json,combinada,cursos_exat_2 -> dia_turno_curso,qualquer_melhoria_na_passada,180.0,1,180.0,600.0,1,0,TEMPO_TOTAL,6,N,GEO
1,2,195,dia_turno_curso,6_N_HIS,59,12650,82340,OPTIMAL,185399.5,185399.5,False,185399.5,2.04,1.72,600.0,,,alfabetica,,,dia_turno_curso,195,117,True,TEMPO_TOTAL,iteracao,combinada_cursos_exat_2_dia_turno_curso,180.0,180.0,600.0,14400.0,False,False,aleatoria,42,aleatoria,42,./dados/2024_1/horarios_2024_1.xlsx,./dados/2024_1/salas_2024_1.csv,./dados/2024_1/salas_preferenciais_2024.1.xlsx,/Users/robertdrey/Documents/workspace/development/alocador_de_salas,resultados/experimentos/2024_1/novas_hibridas/combinada_exat_2_dia_turno/melhor_solucao_seed42.sol,resultados/experimentos/2024_1/novas_hibridas/combinada_exat_2_dia_turno/historico_seed42.csv,resultados/experimentos/2024_1/novas_hibridas/combinada_exat_2_dia_turno/historico_seed42.json,combinada,cursos_exat_2 -> dia_turno_curso,qualquer_melhoria_na_passada,180.0,1,180.0,600.0,1,0,TEMPO_TOTAL,6,N,HIS
1,2,196,dia_turno_curso,6_N_LET,69,16376,78614,OPTIMAL,185399.5,185399.5,False,185399.5,3.6,3.28,600.0,,,alfabetica,,,dia_turno_curso,196,118,True,TEMPO_TOTAL,iteracao,combinada_cursos_exat_2_dia_turno_curso,180.0,180.0,600.0,14400.0,False,False,aleatoria,42,aleatoria,42,./dados/2024_1/horarios_2024_1.xlsx,./dados/2024_1/salas_2024_1.csv,./dados/2024_1/salas_preferenciais_2024.1.xlsx,/Users/robertdrey/Documents/workspace/development/alocador_de_salas,resultados/experimentos/2024_1/novas_hibridas/combinada_exat_2_dia_turno/melhor_solucao_seed42.sol,resultados/experimentos/2024_1/novas_hibridas/combinada_exat_2_dia_turno/historico_seed42.csv,resultados/experimentos/2024_1/novas_hibridas/combinada_exat_2_dia_turno/historico_seed42.json,combinada,cursos_exat_2 -> dia_turno_curso,qualquer_melhoria_na_passada,180.0,1,180.0,600.0,1,0,TEMPO_TOTAL,6,N,LET
1,2,197,dia_turno_curso,6_N_MAT,58,12834,82156,OPTIMAL,185399.5,185399.5,False,185399.5,2.27,1.95,600.0,,,alfabetica,,,dia_turno_curso,197,119,True,TEMPO_TOTAL,iteracao,combinada_cursos_exat_2_dia_turno_curso,180.0,180.0,600.0,14400.0,False,False,aleatoria,42,aleatoria,42,./dados/2024_1/horarios_2024_1.xlsx,./dados/2024_1/salas_2024_1.csv,./dados/2024_1/salas_preferenciais_2024.1.xlsx,/Users/robertdrey/Documents/workspace/development/alocador_de_salas,resultados/experimentos/2024_1/novas_hibridas/combinada_exat_2_dia_turno/melhor_solucao_seed42.sol,resultados/experimentos/2024_1/novas_hibridas/combinada_exat_2_dia_turno/historico_seed42.csv,resultados/experimentos/2024_1/novas_hibridas/combinada_exat_2_dia_turno/historico_seed42.json,combinada,cursos_exat_2 -> dia_turno_curso,qualquer_melhoria_na_passada,180.0,1,180.0,600.0,1,0,TEMPO_TOTAL,6,N,MAT
1,2,198,dia_turno_curso,6_N_PED,89,20286,74704,OPTIMAL,185399.5,185399.5,False,185399.5,48.39,48.08,600.0,,,alfabetica,,,dia_turno_curso,198,120,True,TEMPO_TOTAL,iteracao,combinada_cursos_exat_2_dia_turno_curso,180.0,180.0,600.0,14400.0,False,False,aleatoria,42,aleatoria,42,./dados/2024_1/horarios_2024_1.xlsx,./dados/2024_1/salas_2024_1.csv,./dados/2024_1/salas_preferenciais_2024.1.xlsx,/Users/robertdrey/Documents/workspace/development/alocador_de_salas,resultados/experimentos/2024_1/novas_hibridas/combinada_exat_2_dia_turno/melhor_solucao_seed42.sol,resultados/experimentos/2024_1/novas_hibridas/combinada_exat_2_dia_turno/historico_seed42.csv,resultados/experimentos/2024_1/novas_hibridas/combinada_exat_2_dia_turno/historico_seed42.json,combinada,cursos_exat_2 -> dia_turno_curso,qualquer_melhoria_na_passada,180.0,1,180.0,600.0,1,0,TEMPO_TOTAL,6,N,PED
1,2,199,dia_turno_curso,7_M_AGRO,68,15870,79120,OPTIMAL,185399.5,185399.5,False,185399.5,4.87,4.56,600.0,,,alfabetica,,,dia_turno_curso,199,121,True,TEMPO_TOTAL,iteracao,combinada_cursos_exat_2_dia_turno_curso,180.0,180.0,600.0,14400.0,False,False,aleatoria,42,aleatoria,42,./dados/2024_1/horarios_2024_1.xlsx,./dados/2024_1/salas_2024_1.csv,./dados/2024_1/salas_preferenciais_2024.1.xlsx,/Users/robertdrey/Documents/workspace/development/alocador_de_salas,resultados/experimentos/2024_1/novas_hibridas/combinada_exat_2_dia_turno/melhor_solucao_seed42.sol,resultados/experimentos/2024_1/novas_hibridas/combinada_exat_2_dia_turno/historico_seed42.csv,resultados/experimentos/2024_1/novas_hibridas/combinada_exat_2_dia_turno/historico_seed42.json,combinada,cursos_exat_2 -> dia_turno_curso,qualquer_melhoria_na_passada,180.0,1,180.0,600.0,1,0,TEMPO_TOTAL,7,M,AGRO
1,2,200,dia_turno_curso,7_M_CC,63,17480,77510,OPTIMAL,185399.5,185399.5,False,185399.5,1.68,1.34,600.0,,,alfabetica,,,dia_turno_curso,200,122,True,TEMPO_TOTAL,iteracao,combinada_cursos_exat_2_dia_turno_curso,180.0,180.0,600.0,14400.0,False,False,aleatoria,42,aleatoria,42,./dados/2024_1/horarios_2024_1.xlsx,./dados/2024_1/salas_2024_1.csv,./dados/2024_1/salas_preferenciais_2024.1.xlsx,/Users/robertdrey/Documents/workspace/development/alocador_de_salas,resultados/experimentos/2024_1/novas_hibridas/combinada_exat_2_dia_turno/melhor_solucao_seed42.sol,resultados/experimentos/2024_1/novas_hibridas/combinada_exat_2_dia_turno/historico_seed42.csv,resultados/experimentos/2024_1/novas_hibridas/combinada_exat_2_dia_turno/historico_seed42.json,combinada,cursos_exat_2 -> dia_turno_curso,qualquer_melhoria_na_passada,180.0,1,180.0,600.0,1,0,TEMPO_TOTAL,7,M,CC
1,2,201,dia_turno_curso,7_M_CS,40,12742,82248,OPTIMAL,185399.5,185399.5,False,185399.5,1.02,0.69,600.0,,,alfabetica,,,dia_turno_curso,201,123,True,TEMPO_TOTAL,iteracao,combinada_cursos_exat_2_dia_turno_curso,180.0,180.0,600.0,14400.0,False,False,aleatoria,42,aleatoria,42,./dados/2024_1/horarios_2024_1.xlsx,./dados/2024_1/salas_2024_1.csv,./dados/2024_1/salas_preferenciais_2024.1.xlsx,/Users/robertdrey/Documents/workspace/development/alocador_de_salas,resultados/experimentos/2024_1/novas_hibridas/combinada_exat_2_dia_turno/melhor_solucao_seed42.sol,resultados/experimentos/2024_1/novas_hibridas/combinada_exat_2_dia_turno/historico_seed42.csv,resultados/experimentos/2024_1/novas_hibridas/combinada_exat_2_dia_turno/historico_seed42.json,combinada,cursos_exat_2 -> dia_turno_curso,qualquer_melhoria_na_passada,180.0,1,180.0,600.0,1,0,TEMPO_TOTAL,7,M,CS
1,2,202,dia_turno_curso,7_M_GEO,28,10258,84732,OPTIMAL,185399.5,185399.5,False,185399.5,0.94,0.63,600.0,,,alfabetica,,,dia_turno_curso,202,124,True,TEMPO_TOTAL,iteracao,combinada_cursos_exat_2_dia_turno_curso,180.0,180.0,600.0,14400.0,False,False,aleatoria,42,aleatoria,42,./dados/2024_1/horarios_2024_1.xlsx,./dados/2024_1/salas_2024_1.csv,./dados/2024_1/salas_preferenciais_2024.1.xlsx,/Users/robertdrey/Documents/workspace/development/alocador_de_salas,resultados/experimentos/2024_1/novas_hibridas/combinada_exat_2_dia_turno/melhor_solucao_seed42.sol,resultados/experimentos/2024_1/novas_hibridas/combinada_exat_2_dia_turno/historico_seed42.csv,resultados/experimentos/2024_1/novas_hibridas/combinada_exat_2_dia_turno/historico_seed42.json,combinada,cursos_exat_2 -> dia_turno_curso,qualquer_melhoria_na_passada,180.0,1,180.0,600.0,1,0,TEMPO_TOTAL,7,M,GEO
1,2,203,dia_turno_curso,7_M_HIS,41,12420,82570,OPTIMAL,185399.5,185399.5,False,185399.5,1.17,0.86,600.0,,,alfabetica,,,dia_turno_curso,203,125,True,TEMPO_TOTAL,iteracao,combinada_cursos_exat_2_dia_turno_curso,180.0,180.0,600.0,14400.0,False,False,aleatoria,42,aleatoria,42,./dados/2024_1/horarios_2024_1.xlsx,./dados/2024_1/salas_2024_1.csv,./dados/2024_1/salas_preferenciais_2024.1.xlsx,/Users/robertdrey/Documents/workspace/development/alocador_de_salas,resultados/experimentos/2024_1/novas_hibridas/combinada_exat_2_dia_turno/melhor_solucao_seed42.sol,resultados/experimentos/2024_1/novas_hibridas/combinada_exat_2_dia_turno/historico_seed42.csv,resultados/experimentos/2024_1/novas_hibridas/combinada_exat_2_dia_turno/historico_seed42.json,combinada,cursos_exat_2 -> dia_turno_curso,qualquer_melhoria_na_passada,180.0,1,180.0,600.0,1,0,TEMPO_TOTAL,7,M,HIS
1,2,204,dia_turno_curso,7_M_MAT,40,12604,82386,OPTIMAL,185399.5,185399.5,False,185399.5,1.02,0.71,600.0,,,alfabetica,,,dia_turno_curso,204,126,True,TEMPO_TOTAL,iteracao,combinada_cursos_exat_2_dia_turno_curso,180.0,180.0,600.0,14400.0,False,False,aleatoria,42,aleatoria,42,./dados/2024_1/horarios_2024_1.xlsx,./dados/2024_1/salas_2024_1.csv,./dados/2024_1/salas_preferenciais_2024.1.xlsx,/Users/robertdrey/Documents/workspace/development/alocador_de_salas,resultados/experimentos/2024_1/novas_hibridas/combinada_exat_2_dia_turno/melhor_solucao_seed42.sol,resultados/experimentos/2024_1/novas_hibridas/combinada_exat_2_dia_turno/historico_seed42.csv,resultados/experimentos/2024_1/novas_hibridas/combinada_exat_2_dia_turno/historico_seed42.json,combinada,cursos_exat_2 -> dia_turno_curso,qualquer_melhoria_na_passada,180.0,1,180.0,600.0,1,0,TEMPO_TOTAL,7,M,MAT
1,2,205,dia_turno_curso,7_M_MED,59,17480,77510,OPTIMAL,185399.5,185399.5,False,185399.5,1.54,1.23,600.0,,,alfabetica,,,dia_turno_curso,205,127,True,TEMPO_TOTAL,iteracao,combinada_cursos_exat_2_dia_turno_curso,180.0,180.0,600.0,14400.0,False,False,aleatoria,42,aleatoria,42,./dados/2024_1/horarios_2024_1.xlsx,./dados/2024_1/salas_2024_1.csv,./dados/2024_1/salas_preferenciais_2024.1.xlsx,/Users/robertdrey/Documents/workspace/development/alocador_de_salas,resultados/experimentos/2024_1/novas_hibridas/combinada_exat_2_dia_turno/melhor_solucao_seed42.sol,resultados/experimentos/2024_1/novas_hibridas/combinada_exat_2_dia_turno/historico_seed42.csv,resultados/experimentos/2024_1/novas_hibridas/combinada_exat_2_dia_turno/historico_seed42.json,combinada,cursos_exat_2 -> dia_turno_curso,qualquer_melhoria_na_passada,180.0,1,180.0,600.0,1,0,TEMPO_TOTAL,7,M,MED
1,2,206,dia_turno_curso,7_M_PED,68,17572,77418,OPTIMAL,185399.5,185399.5,False,185399.5,22.55,22.21,600.0,,,alfabetica,,,dia_turno_curso,206,128,True,TEMPO_TOTAL,iteracao,combinada_cursos_exat_2_dia_turno_curso,180.0,180.0,600.0,14400.0,False,False,aleatoria,42,aleatoria,42,./dados/2024_1/horarios_2024_1.xlsx,./dados/2024_1/salas_2024_1.csv,./dados/2024_1/salas_preferenciais_2024.1.xlsx,/Users/robertdrey/Documents/workspace/development/alocador_de_salas,resultados/experimentos/2024_1/novas_hibridas/combinada_exat_2_dia_turno/melhor_solucao_seed42.sol,resultados/experimentos/2024_1/novas_hibridas/combinada_exat_2_dia_turno/historico_seed42.csv,resultados/experimentos/2024_1/novas_hibridas/combinada_exat_2_dia_turno/historico_seed42.json,combinada,cursos_exat_2 -> dia_turno_curso,qualquer_melhoria_na_passada,180.0,1,180.0,600.0,1,0,TEMPO_TOTAL,7,M,PED
1,2,207,dia_turno_curso,7_T_AGRO,58,12144,82846,OPTIMAL,185399.5,185399.5,False,185399.5,4.99,4.62,600.0,,,alfabetica,,,dia_turno_curso,207,129,True,TEMPO_TOTAL,iteracao,combinada_cursos_exat_2_dia_turno_curso,180.0,180.0,600.0,14400.0,False,False,aleatoria,42,aleatoria,42,./dados/2024_1/horarios_2024_1.xlsx,./dados/2024_1/salas_2024_1.csv,./dados/2024_1/salas_preferenciais_2024.1.xlsx,/Users/robertdrey/Documents/workspace/development/alocador_de_salas,resultados/experimentos/2024_1/novas_hibridas/combinada_exat_2_dia_turno/melhor_solucao_seed42.sol,resultados/experimentos/2024_1/novas_hibridas/combinada_exat_2_dia_turno/historico_seed42.csv,resultados/experimentos/2024_1/novas_hibridas/combinada_exat_2_dia_turno/historico_seed42.json,combinada,cursos_exat_2 -> dia_turno_curso,qualquer_melhoria_na_passada,180.0,1,180.0,600.0,1,0,TEMPO_TOTAL,7,T,AGRO
1,2,208,dia_turno_curso,7_T_CC,53,13754,81236,OPTIMAL,185399.5,185399.5,False,185399.5,1.35,1.0,600.0,,,alfabetica,,,dia_turno_curso,208,130,True,TEMPO_TOTAL,iteracao,combinada_cursos_exat_2_dia_turno_curso,180.0,180.0,600.0,14400.0,False,False,aleatoria,42,aleatoria,42,./dados/2024_1/horarios_2024_1.xlsx,./dados/2024_1/salas_2024_1.csv,./dados/2024_1/salas_preferenciais_2024.1.xlsx,/Users/robertdrey/Documents/workspace/development/alocador_de_salas,resultados/experimentos/2024_1/novas_hibridas/combinada_exat_2_dia_turno/melhor_solucao_seed42.sol,resultados/experimentos/2024_1/novas_hibridas/combinada_exat_2_dia_turno/historico_seed42.csv,resultados/experimentos/2024_1/novas_hibridas/combinada_exat_2_dia_turno/historico_seed42.json,combinada,cursos_exat_2 -> dia_turno_curso,qualquer_melhoria_na_passada,180.0,1,180.0,600.0,1,0,TEMPO_TOTAL,7,T,CC
1,2,209,dia_turno_curso,7_T_HIS,32,9246,85744,OPTIMAL,185399.5,185399.5,False,185399.5,0.84,0.51,600.0,,,alfabetica,,,dia_turno_curso,209,131,True,TEMPO_TOTAL,iteracao,combinada_cursos_exat_2_dia_turno_curso,180.0,180.0,600.0,14400.0,False,False,aleatoria,42,aleatoria,42,./dados/2024_1/horarios_2024_1.xlsx,./dados/2024_1/salas_2024_1.csv,./dados/2024_1/salas_preferenciais_2024.1.xlsx,/Users/robertdrey/Documents/workspace/development/alocador_de_salas,resultados/experimentos/2024_1/novas_hibridas/combinada_exat_2_dia_turno/melhor_solucao_seed42.sol,resultados/experimentos/2024_1/novas_hibridas/combinada_exat_2_dia_turno/historico_seed42.csv,resultados/experimentos/2024_1/novas_hibridas/combinada_exat_2_dia_turno/historico_seed42.json,combinada,cursos_exat_2 -> dia_turno_curso,qualquer_melhoria_na_passada,180.0,1,180.0,600.0,1,0,TEMPO_TOTAL,7,T,HIS
1,2,210,dia_turno_curso,7_T_PED,62,15640,79350,OPTIMAL,185399.5,185399.5,False,185399.5,27.42,27.1,600.0,,,alfabetica,,,dia_turno_curso,210,132,True,TEMPO_TOTAL,iteracao,combinada_cursos_exat_2_dia_turno_curso,180.0,180.0,600.0,14400.0,False,False,aleatoria,42,aleatoria,42,./dados/2024_1/horarios_2024_1.xlsx,./dados/2024_1/salas_2024_1.csv,./dados/2024_1/salas_preferenciais_2024.1.xlsx,/Users/robertdrey/Documents/workspace/development/alocador_de_salas,resultados/experimentos/2024_1/novas_hibridas/combinada_exat_2_dia_turno/melhor_solucao_seed42.sol,resultados/experimentos/2024_1/novas_hibridas/combinada_exat_2_dia_turno/historico_seed42.csv,resultados/experimentos/2024_1/novas_hibridas/combinada_exat_2_dia_turno/historico_seed42.json,combinada,cursos_exat_2 -> dia_turno_curso,qualquer_melhoria_na_passada,180.0,1,180.0,600.0,1,0,TEMPO_TOTAL,7,T,PED
1,2,211,dia_turno_curso,7_N_AGRO,53,10028,84962,OPTIMAL,185399.5,185399.5,False,185399.5,4.48,4.14,600.0,,,alfabetica,,,dia_turno_curso,211,133,True,TEMPO_TOTAL,iteracao,combinada_cursos_exat_2_dia_turno_curso,180.0,180.0,600.0,14400.0,False,False,aleatoria,42,aleatoria,42,./dados/2024_1/horarios_2024_1.xlsx,./dados/2024_1/salas_2024_1.csv,./dados/2024_1/salas_preferenciais_2024.1.xlsx,/Users/robertdrey/Documents/workspace/development/alocador_de_salas,resultados/experimentos/2024_1/novas_hibridas/combinada_exat_2_dia_turno/melhor_solucao_seed42.sol,resultados/experimentos/2024_1/novas_hibridas/combinada_exat_2_dia_turno/historico_seed42.csv,resultados/experimentos/2024_1/novas_hibridas/combinada_exat_2_dia_turno/historico_seed42.json,combinada,cursos_exat_2 -> dia_turno_curso,qualquer_melhoria_na_passada,180.0,1,180.0,600.0,1,0,TEMPO_TOTAL,7,N,AGRO
1,2,212,dia_turno_curso,7_N_HIS,26,6532,88458,OPTIMAL,185399.5,185399.5,False,185399.5,0.75,0.41,600.0,,,alfabetica,,,dia_turno_curso,212,134,True,TEMPO_TOTAL,iteracao,combinada_cursos_exat_2_dia_turno_curso,180.0,180.0,600.0,14400.0,False,False,aleatoria,42,aleatoria,42,./dados/2024_1/horarios_2024_1.xlsx,./dados/2024_1/salas_2024_1.csv,./dados/2024_1/salas_preferenciais_2024.1.xlsx,/Users/robertdrey/Documents/workspace/development/alocador_de_salas,resultados/experimentos/2024_1/novas_hibridas/combinada_exat_2_dia_turno/melhor_solucao_seed42.sol,resultados/experimentos/2024_1/novas_hibridas/combinada_exat_2_dia_turno/historico_seed42.csv,resultados/experimentos/2024_1/novas_hibridas/combinada_exat_2_dia_turno/historico_seed42.json,combinada,cursos_exat_2 -> dia_turno_curso,qualquer_melhoria_na_passada,180.0,1,180.0,600.0,1,0,TEMPO_TOTAL,7,N,HIS
1,2,213,dia_turno_curso,7_N_PED,58,14168,80822,OPTIMAL,185399.5,185399.5,False,185399.5,28.8,28.48,600.0,,,alfabetica,,,dia_turno_curso,213,135,True,TEMPO_TOTAL,iteracao,combinada_cursos_exat_2_dia_turno_curso,180.0,180.0,600.0,14400.0,False,False,aleatoria,42,aleatoria,42,./dados/2024_1/horarios_2024_1.xlsx,./dados/2024_1/salas_2024_1.csv,./dados/2024_1/salas_preferenciais_2024.1.xlsx,/Users/robertdrey/Documents/workspace/development/alocador_de_salas,resultados/experimentos/2024_1/novas_hibridas/combinada_exat_2_dia_turno/melhor_solucao_seed42.sol,resultados/experimentos/2024_1/novas_hibridas/combinada_exat_2_dia_turno/historico_seed42.csv,resultados/experimentos/2024_1/novas_hibridas/combinada_exat_2_dia_turno/historico_seed42.json,combinada,cursos_exat_2 -> dia_turno_curso,qualquer_melhoria_na_passada,180.0,1,180.0,600.0,1,0,TEMPO_TOTAL,7,N,PED
1,3,1,par_cursos,GEO+FIL,25,4830,90160,OPTIMAL,185399.5,185399.5,False,185399.5,0.65,0.32,600.0,GEO,FIL,aleatoria,42,1,cursos_exat_2,1,1,False,TEMPO_TOTAL,iteracao,combinada_cursos_exat_2_dia_turno_curso,180.0,180.0,600.0,14400.0,False,False,aleatoria,42,aleatoria,42,./dados/2024_1/horarios_2024_1.xlsx,./dados/2024_1/salas_2024_1.csv,./dados/2024_1/salas_preferenciais_2024.1.xlsx,/Users/robertdrey/Documents/workspace/development/alocador_de_salas,resultados/experimentos/2024_1/novas_hibridas/combinada_exat_2_dia_turno/melhor_solucao_seed42.sol,resultados/experimentos/2024_1/novas_hibridas/combinada_exat_2_dia_turno/historico_seed42.csv,resultados/experimentos/2024_1/novas_hibridas/combinada_exat_2_dia_turno/historico_seed42.json,combinada,cursos_exat_2 -> dia_turno_curso,qualquer_melhoria_na_passada,180.0,1,180.0,600.0,1,0,TEMPO_TOTAL,,,
1,3,2,par_cursos,GEO+CC,57,12604,82386,OPTIMAL,185399.5,185399.5,False,185399.5,1.07,0.75,600.0,GEO,CC,aleatoria,42,2,cursos_exat_2,2,2,False,TEMPO_TOTAL,iteracao,combinada_cursos_exat_2_dia_turno_curso,180.0,180.0,600.0,14400.0,False,False,aleatoria,42,aleatoria,42,./dados/2024_1/horarios_2024_1.xlsx,./dados/2024_1/salas_2024_1.csv,./dados/2024_1/salas_preferenciais_2024.1.xlsx,/Users/robertdrey/Documents/workspace/development/alocador_de_salas,resultados/experimentos/2024_1/novas_hibridas/combinada_exat_2_dia_turno/melhor_solucao_seed42.sol,resultados/experimentos/2024_1/novas_hibridas/combinada_exat_2_dia_turno/historico_seed42.csv,resultados/experimentos/2024_1/novas_hibridas/combinada_exat_2_dia_turno/historico_seed42.json,combinada,cursos_exat_2 -> dia_turno_curso,qualquer_melhoria_na_passada,180.0,1,180.0,600.0,1,0,TEMPO_TOTAL,,,
1,3,3,par_cursos,GEO+LET,46,11224,83766,OPTIMAL,185399.5,185399.5,False,185399.5,2.11,1.77,600.0,GEO,LET,aleatoria,42,3,cursos_exat_2,3,3,False,TEMPO_TOTAL,iteracao,combinada_cursos_exat_2_dia_turno_curso,180.0,180.0,600.0,14400.0,False,False,aleatoria,42,aleatoria,42,./dados/2024_1/horarios_2024_1.xlsx,./dados/2024_1/salas_2024_1.csv,./dados/2024_1/salas_preferenciais_2024.1.xlsx,/Users/robertdrey/Documents/workspace/development/alocador_de_salas,resultados/experimentos/2024_1/novas_hibridas/combinada_exat_2_dia_turno/melhor_solucao_seed42.sol,resultados/experimentos/2024_1/novas_hibridas/combinada_exat_2_dia_turno/historico_seed42.csv,resultados/experimentos/2024_1/novas_hibridas/combinada_exat_2_dia_turno/historico_seed42.json,combinada,cursos_exat_2 -> dia_turno_curso,qualquer_melhoria_na_passada,180.0,1,180.0,600.0,1,0,TEMPO_TOTAL,,,
1,3,4,par_cursos,GEO+PED,66,14858,80132,OPTIMAL,185399.5,185399.5,False,185399.5,19.54,19.17,600.0,GEO,PED,aleatoria,42,4,cursos_exat_2,4,4,False,TEMPO_TOTAL,iteracao,combinada_cursos_exat_2_dia_turno_curso,180.0,180.0,600.0,14400.0,False,False,aleatoria,42,aleatoria,42,./dados/2024_1/horarios_2024_1.xlsx,./dados/2024_1/salas_2024_1.csv,./dados/2024_1/salas_preferenciais_2024.1.xlsx,/Users/robertdrey/Documents/workspace/development/alocador_de_salas,resultados/experimentos/2024_1/novas_hibridas/combinada_exat_2_dia_turno/melhor_solucao_seed42.sol,resultados/experimentos/2024_1/novas_hibridas/combinada_exat_2_dia_turno/historico_seed42.csv,resultados/experimentos/2024_1/novas_hibridas/combinada_exat_2_dia_turno/historico_seed42.json,combinada,cursos_exat_2 -> dia_turno_curso,qualquer_melhoria_na_passada,180.0,1,180.0,600.0,1,0,TEMPO_TOTAL,,,
1,3,5,par_cursos,GEO+ENF,28,10580,84410,OPTIMAL,185399.5,185399.5,False,185399.5,2.32,1.97,600.0,GEO,ENF,aleatoria,42,5,cursos_exat_2,5,5,False,TEMPO_TOTAL,iteracao,combinada_cursos_exat_2_dia_turno_curso,180.0,180.0,600.0,14400.0,False,False,aleatoria,42,aleatoria,42,./dados/2024_1/horarios_2024_1.xlsx,./dados/2024_1/salas_2024_1.csv,./dados/2024_1/salas_preferenciais_2024.1.xlsx,/Users/robertdrey/Documents/workspace/development/alocador_de_salas,resultados/experimentos/2024_1/novas_hibridas/combinada_exat_2_dia_turno/melhor_solucao_seed42.sol,resultados/experimentos/2024_1/novas_hibridas/combinada_exat_2_dia_turno/historico_seed42.csv,resultados/experimentos/2024_1/novas_hibridas/combinada_exat_2_dia_turno/historico_seed42.json,combinada,cursos_exat_2 -> dia_turno_curso,qualquer_melhoria_na_passada,180.0,1,180.0,600.0,1,0,TEMPO_TOTAL,,,
1,3,6,par_cursos,GEO+MED,51,11454,83536,OPTIMAL,185399.5,185399.5,False,185399.5,1.03,0.7,600.0,GEO,MED,aleatoria,42,6,cursos_exat_2,6,6,False,TEMPO_TOTAL,iteracao,combinada_cursos_exat_2_dia_turno_curso,180.0,180.0,600.0,14400.0,False,False,aleatoria,42,aleatoria,42,./dados/2024_1/horarios_2024_1.xlsx,./dados/2024_1/salas_2024_1.csv,./dados/2024_1/salas_preferenciais_2024.1.xlsx,/Users/robertdrey/Documents/workspace/development/alocador_de_salas,resultados/experimentos/2024_1/novas_hibridas/combinada_exat_2_dia_turno/melhor_solucao_seed42.sol,resultados/experimentos/2024_1/novas_hibridas/combinada_exat_2_dia_turno/historico_seed42.csv,resultados/experimentos/2024_1/novas_hibridas/combinada_exat_2_dia_turno/historico_seed42.json,combinada,cursos_exat_2 -> dia_turno_curso,qualquer_melhoria_na_passada,180.0,1,180.0,600.0,1,0,TEMPO_TOTAL,,,
1,3,7,par_cursos,GEO+HIS,34,6854,88136,OPTIMAL,185399.5,185399.5,False,185399.5,0.66,0.36,600.0,GEO,HIS,aleatoria,42,7,cursos_exat_2,7,7,False,TEMPO_TOTAL,iteracao,combinada_cursos_exat_2_dia_turno_curso,180.0,180.0,600.0,14400.0,False,False,aleatoria,42,aleatoria,42,./dados/2024_1/horarios_2024_1.xlsx,./dados/2024_1/salas_2024_1.csv,./dados/2024_1/salas_preferenciais_2024.1.xlsx,/Users/robertdrey/Documents/workspace/development/alocador_de_salas,resultados/experimentos/2024_1/novas_hibridas/combinada_exat_2_dia_turno/melhor_solucao_seed42.sol,resultados/experimentos/2024_1/novas_hibridas/combinada_exat_2_dia_turno/historico_seed42.csv,resultados/experimentos/2024_1/novas_hibridas/combinada_exat_2_dia_turno/historico_seed42.json,combinada,cursos_exat_2 -> dia_turno_curso,qualquer_melhoria_na_passada,180.0,1,180.0,600.0,1,0,TEMPO_TOTAL,,,
1,3,8,par_cursos,GEO+CS,32,6624,88366,OPTIMAL,185399.5,185399.5,False,185399.5,0.64,0.33,600.0,GEO,CS,aleatoria,42,8,cursos_exat_2,8,8,False,TEMPO_TOTAL,iteracao,combinada_cursos_exat_2_dia_turno_curso,180.0,180.0,600.0,14400.0,False,False,aleatoria,42,aleatoria,42,./dados/2024_1/horarios_2024_1.xlsx,./dados/2024_1/salas_2024_1.csv,./dados/2024_1/salas_preferenciais_2024.1.xlsx,/Users/robertdrey/Documents/workspace/development/alocador_de_salas,resultados/experimentos/2024_1/novas_hibridas/combinada_exat_2_dia_turno/melhor_solucao_seed42.sol,resultados/experimentos/2024_1/novas_hibridas/combinada_exat_2_dia_turno/historico_seed42.csv,resultados/experimentos/2024_1/novas_hibridas/combinada_exat_2_dia_turno/historico_seed42.json,combinada,cursos_exat_2 -> dia_turno_curso,qualquer_melhoria_na_passada,180.0,1,180.0,600.0,1,0,TEMPO_TOTAL,,,
1,3,9,par_cursos,GEO+EAS,55,9522,85468,OPTIMAL,185399.5,185399.5,False,185399.5,0.68,0.37,600.0,GEO,EAS,aleatoria,42,9,cursos_exat_2,9,9,False,TEMPO_TOTAL,iteracao,combinada_cursos_exat_2_dia_turno_curso,180.0,180.0,600.0,14400.0,False,False,aleatoria,42,aleatoria,42,./dados/2024_1/horarios_2024_1.xlsx,./dados/2024_1/salas_2024_1.csv,./dados/2024_1/salas_preferenciais_2024.1.xlsx,/Users/robertdrey/Documents/workspace/development/alocador_de_salas,resultados/experimentos/2024_1/novas_hibridas/combinada_exat_2_dia_turno/melhor_solucao_seed42.sol,resultados/experimentos/2024_1/novas_hibridas/combinada_exat_2_dia_turno/historico_seed42.csv,resultados/experimentos/2024_1/novas_hibridas/combinada_exat_2_dia_turno/historico_seed42.json,combinada,cursos_exat_2 -> dia_turno_curso,qualquer_melhoria_na_passada,180.0,1,180.0,600.0,1,0,TEMPO_TOTAL,,,
1,3,10,par_cursos,GEO+ADM,58,11362,83628,OPTIMAL,185399.5,185399.5,False,185399.5,0.87,0.56,600.0,GEO,ADM,aleatoria,42,10,cursos_exat_2,10,10,False,TEMPO_TOTAL,iteracao,combinada_cursos_exat_2_dia_turno_curso,180.0,180.0,600.0,14400.0,False,False,aleatoria,42,aleatoria,42,./dados/2024_1/horarios_2024_1.xlsx,./dados/2024_1/salas_2024_1.csv,./dados/2024_1/salas_preferenciais_2024.1.xlsx,/Users/robertdrey/Documents/workspace/development/alocador_de_salas,resultados/experimentos/2024_1/novas_hibridas/combinada_exat_2_dia_turno/melhor_solucao_seed42.sol,resultados/experimentos/2024_1/novas_hibridas/combinada_exat_2_dia_turno/historico_seed42.csv,resultados/experimentos/2024_1/novas_hibridas/combinada_exat_2_dia_turno/historico_seed42.json,combinada,cursos_exat_2 -> dia_turno_curso,qualquer_melhoria_na_passada,180.0,1,180.0,600.0,1,0,TEMPO_TOTAL,,,
1,3,11,par_cursos,GEO+AGRO,61,10810,84180,OPTIMAL,185399.5,185399.5,False,185399.5,5.13,4.8,600.0,GEO,AGRO,aleatoria,42,11,cursos_exat_2,11,11,False,TEMPO_TOTAL,iteracao,combinada_cursos_exat_2_dia_turno_curso,180.0,180.0,600.0,14400.0,False,False,aleatoria,42,aleatoria,42,./dados/2024_1/horarios_2024_1.xlsx,./dados/2024_1/salas_2024_1.csv,./dados/2024_1/salas_preferenciais_2024.1.xlsx,/Users/robertdrey/Documents/workspace/development/alocador_de_salas,resultados/experimentos/2024_1/novas_hibridas/combinada_exat_2_dia_turno/melhor_solucao_seed42.sol,resultados/experimentos/2024_1/novas_hibridas/combinada_exat_2_dia_turno/historico_seed42.csv,resultados/experimentos/2024_1/novas_hibridas/combinada_exat_2_dia_turno/historico_seed42.json,combinada,cursos_exat_2 -> dia_turno_curso,qualquer_melhoria_na_passada,180.0,1,180.0,600.0,1,0,TEMPO_TOTAL,,,
1,3,12,par_cursos,GEO+MAT,33,7038,87952,OPTIMAL,185399.5,185399.5,False,185399.5,0.7,0.37,600.0,GEO,MAT,aleatoria,42,12,cursos_exat_2,12,12,False,TEMPO_TOTAL,iteracao,combinada_cursos_exat_2_dia_turno_curso,180.0,180.0,600.0,14400.0,False,False,aleatoria,42,aleatoria,42,./dados/2024_1/horarios_2024_1.xlsx,./dados/2024_1/salas_2024_1.csv,./dados/2024_1/salas_preferenciais_2024.1.xlsx,/Users/robertdrey/Documents/workspace/development/alocador_de_salas,resultados/experimentos/2024_1/novas_hibridas/combinada_exat_2_dia_turno/melhor_solucao_seed42.sol,resultados/experimentos/2024_1/novas_hibridas/combinada_exat_2_dia_turno/historico_seed42.csv,resultados/experimentos/2024_1/novas_hibridas/combinada_exat_2_dia_turno/historico_seed42.json,combinada,cursos_exat_2 -> dia_turno_curso,qualquer_melhoria_na_passada,180.0,1,180.0,600.0,1,0,TEMPO_TOTAL,,,
1,3,13,par_cursos,FIL+CC,62,13294,81696,OPTIMAL,185399.5,185399.5,False,185399.5,1.58,1.26,600.0,FIL,CC,aleatoria,42,13,cursos_exat_2,13,13,False,TEMPO_TOTAL,iteracao,combinada_cursos_exat_2_dia_turno_curso,180.0,180.0,600.0,14400.0,False,False,aleatoria,42,aleatoria,42,./dados/2024_1/horarios_2024_1.xlsx,./dados/2024_1/salas_2024_1.csv,./dados/2024_1/salas_preferenciais_2024.1.xlsx,/Users/robertdrey/Documents/workspace/development/alocador_de_salas,resultados/experimentos/2024_1/novas_hibridas/combinada_exat_2_dia_turno/melhor_solucao_seed42.sol,resultados/experimentos/2024_1/novas_hibridas/combinada_exat_2_dia_turno/historico_seed42.csv,resultados/experimentos/2024_1/novas_hibridas/combinada_exat_2_dia_turno/historico_seed42.json,combinada,cursos_exat_2 -> dia_turno_curso,qualquer_melhoria_na_passada,180.0,1,180.0,600.0,1,0,TEMPO_TOTAL,,,
1,3,14,par_cursos,FIL+LET,51,11914,83076,OPTIMAL,185399.5,185399.5,False,185399.5,1.72,1.37,600.0,FIL,LET,aleatoria,42,14,cursos_exat_2,14,14,False,TEMPO_TOTAL,iteracao,combinada_cursos_exat_2_dia_turno_curso,180.0,180.0,600.0,14400.0,False,False,aleatoria,42,aleatoria,42,./dados/2024_1/horarios_2024_1.xlsx,./dados/2024_1/salas_2024_1.csv,./dados/2024_1/salas_preferenciais_2024.1.xlsx,/Users/robertdrey/Documents/workspace/development/alocador_de_salas,resultados/experimentos/2024_1/novas_hibridas/combinada_exat_2_dia_turno/melhor_solucao_seed42.sol,resultados/experimentos/2024_1/novas_hibridas/combinada_exat_2_dia_turno/historico_seed42.csv,resultados/experimentos/2024_1/novas_hibridas/combinada_exat_2_dia_turno/historico_seed42.json,combinada,cursos_exat_2 -> dia_turno_curso,qualquer_melhoria_na_passada,180.0,1,180.0,600.0,1,0,TEMPO_TOTAL,,,
1,3,15,par_cursos,FIL+PED,71,15548,79442,OPTIMAL,185399.5,185399.5,False,185399.5,22.77,22.4,600.0,FIL,PED,aleatoria,42,15,cursos_exat_2,15,15,False,TEMPO_TOTAL,iteracao,combinada_cursos_exat_2_dia_turno_curso,180.0,180.0,600.0,14400.0,False,False,aleatoria,42,aleatoria,42,./dados/2024_1/horarios_2024_1.xlsx,./dados/2024_1/salas_2024_1.csv,./dados/2024_1/salas_preferenciais_2024.1.xlsx,/Users/robertdrey/Documents/workspace/development/alocador_de_salas,resultados/experimentos/2024_1/novas_hibridas/combinada_exat_2_dia_turno/melhor_solucao_seed42.sol,resultados/experimentos/2024_1/novas_hibridas/combinada_exat_2_dia_turno/historico_seed42.csv,resultados/experimentos/2024_1/novas_hibridas/combinada_exat_2_dia_turno/historico_seed42.json,combinada,cursos_exat_2 -> dia_turno_curso,qualquer_melhoria_na_passada,180.0,1,180.0,600.0,1,0,TEMPO_TOTAL,,,
1,3,16,par_cursos,FIL+ENF,33,11270,83720,OPTIMAL,185399.5,185399.5,False,185399.5,2.07,1.7,600.0,FIL,ENF,aleatoria,42,16,cursos_exat_2,16,16,False,TEMPO_TOTAL,iteracao,combinada_cursos_exat_2_dia_turno_curso,180.0,180.0,600.0,14400.0,False,False,aleatoria,42,aleatoria,42,./dados/2024_1/horarios_2024_1.xlsx,./dados/2024_1/salas_2024_1.csv,./dados/2024_1/salas_preferenciais_2024.1.xlsx,/Users/robertdrey/Documents/workspace/development/alocador_de_salas,resultados/experimentos/2024_1/novas_hibridas/combinada_exat_2_dia_turno/melhor_solucao_seed42.sol,resultados/experimentos/2024_1/novas_hibridas/combinada_exat_2_dia_turno/historico_seed42.csv,resultados/experimentos/2024_1/novas_hibridas/combinada_exat_2_dia_turno/historico_seed42.json,combinada,cursos_exat_2 -> dia_turno_curso,qualquer_melhoria_na_passada,180.0,1,180.0,600.0,1,0,TEMPO_TOTAL,,,
1,3,17,par_cursos,FIL+MED,56,12144,82846,OPTIMAL,185399.5,185399.5,False,185399.5,0.98,0.64,600.0,FIL,MED,aleatoria,42,17,cursos_exat_2,17,17,False,TEMPO_TOTAL,iteracao,combinada_cursos_exat_2_dia_turno_curso,180.0,180.0,600.0,14400.0,False,False,aleatoria,42,aleatoria,42,./dados/2024_1/horarios_2024_1.xlsx,./dados/2024_1/salas_2024_1.csv,./dados/2024_1/salas_preferenciais_2024.1.xlsx,/Users/robertdrey/Documents/workspace/development/alocador_de_salas,resultados/experimentos/2024_1/novas_hibridas/combinada_exat_2_dia_turno/melhor_solucao_seed42.sol,resultados/experimentos/2024_1/novas_hibridas/combinada_exat_2_dia_turno/historico_seed42.csv,resultados/experimentos/2024_1/novas_hibridas/combinada_exat_2_dia_turno/historico_seed42.json,combinada,cursos_exat_2 -> dia_turno_curso,qualquer_melhoria_na_passada,180.0,1,180.0,600.0,1,0,TEMPO_TOTAL,,,
1,3,18,par_cursos,FIL+HIS,39,7544,87446,OPTIMAL,185399.5,185399.5,False,185399.5,0.67,0.36,600.0,FIL,HIS,aleatoria,42,18,cursos_exat_2,18,18,False,TEMPO_TOTAL,iteracao,combinada_cursos_exat_2_dia_turno_curso,180.0,180.0,600.0,14400.0,False,False,aleatoria,42,aleatoria,42,./dados/2024_1/horarios_2024_1.xlsx,./dados/2024_1/salas_2024_1.csv,./dados/2024_1/salas_preferenciais_2024.1.xlsx,/Users/robertdrey/Documents/workspace/development/alocador_de_salas,resultados/experimentos/2024_1/novas_hibridas/combinada_exat_2_dia_turno/melhor_solucao_seed42.sol,resultados/experimentos/2024_1/novas_hibridas/combinada_exat_2_dia_turno/historico_seed42.csv,resultados/experimentos/2024_1/novas_hibridas/combinada_exat_2_dia_turno/historico_seed42.json,combinada,cursos_exat_2 -> dia_turno_curso,qualquer_melhoria_na_passada,180.0,1,180.0,600.0,1,0,TEMPO_TOTAL,,,
1,3,19,par_cursos,FIL+CS,37,7314,87676,OPTIMAL,185399.5,185399.5,False,185399.5,0.64,0.33,600.0,FIL,CS,aleatoria,42,19,cursos_exat_2,19,19,False,TEMPO_TOTAL,iteracao,combinada_cursos_exat_2_dia_turno_curso,180.0,180.0,600.0,14400.0,False,False,aleatoria,42,aleatoria,42,./dados/2024_1/horarios_2024_1.xlsx,./dados/2024_1/salas_2024_1.csv,./dados/2024_1/salas_preferenciais_2024.1.xlsx,/Users/robertdrey/Documents/workspace/development/alocador_de_salas,resultados/experimentos/2024_1/novas_hibridas/combinada_exat_2_dia_turno/melhor_solucao_seed42.sol,resultados/experimentos/2024_1/novas_hibridas/combinada_exat_2_dia_turno/historico_seed42.csv,resultados/experimentos/2024_1/novas_hibridas/combinada_exat_2_dia_turno/historico_seed42.json,combinada,cursos_exat_2 -> dia_turno_curso,qualquer_melhoria_na_passada,180.0,1,180.0,600.0,1,0,TEMPO_TOTAL,,,
1,3,20,par_cursos,FIL+EAS,60,10212,84778,OPTIMAL,185399.5,185399.5,False,185399.5,0.68,0.36,600.0,FIL,EAS,aleatoria,42,20,cursos_exat_2,20,20,False,TEMPO_TOTAL,iteracao,combinada_cursos_exat_2_dia_turno_curso,180.0,180.0,600.0,14400.0,False,False,aleatoria,42,aleatoria,42,./dados/2024_1/horarios_2024_1.xlsx,./dados/2024_1/salas_2024_1.csv,./dados/2024_1/salas_preferenciais_2024.1.xlsx,/Users/robertdrey/Documents/workspace/development/alocador_de_salas,resultados/experimentos/2024_1/novas_hibridas/combinada_exat_2_dia_turno/melhor_solucao_seed42.sol,resultados/experimentos/2024_1/novas_hibridas/combinada_exat_2_dia_turno/historico_seed42.csv,resultados/experimentos/2024_1/novas_hibridas/combinada_exat_2_dia_turno/historico_seed42.json,combinada,cursos_exat_2 -> dia_turno_curso,qualquer_melhoria_na_passada,180.0,1,180.0,600.0,1,0,TEMPO_TOTAL,,,
1,3,21,par_cursos,FIL+ADM,63,12052,82938,OPTIMAL,185399.5,185399.5,False,185399.5,0.91,0.6,600.0,FIL,ADM,aleatoria,42,21,cursos_exat_2,21,21,False,TEMPO_TOTAL,iteracao,combinada_cursos_exat_2_dia_turno_curso,180.0,180.0,600.0,14400.0,False,False,aleatoria,42,aleatoria,42,./dados/2024_1/horarios_2024_1.xlsx,./dados/2024_1/salas_2024_1.csv,./dados/2024_1/salas_preferenciais_2024.1.xlsx,/Users/robertdrey/Documents/workspace/development/alocador_de_salas,resultados/experimentos/2024_1/novas_hibridas/combinada_exat_2_dia_turno/melhor_solucao_seed42.sol,resultados/experimentos/2024_1/novas_hibridas/combinada_exat_2_dia_turno/historico_seed42.csv,resultados/experimentos/2024_1/novas_hibridas/combinada_exat_2_dia_turno/historico_seed42.json,combinada,cursos_exat_2 -> dia_turno_curso,qualquer_melhoria_na_passada,180.0,1,180.0,600.0,1,0,TEMPO_TOTAL,,,
1,3,22,par_cursos,FIL+AGRO,66,11500,83490,OPTIMAL,185399.5,185399.5,False,185399.5,4.66,4.34,600.0,FIL,AGRO,aleatoria,42,22,cursos_exat_2,22,22,False,TEMPO_TOTAL,iteracao,combinada_cursos_exat_2_dia_turno_curso,180.0,180.0,600.0,14400.0,False,False,aleatoria,42,aleatoria,42,./dados/2024_1/horarios_2024_1.xlsx,./dados/2024_1/salas_2024_1.csv,./dados/2024_1/salas_preferenciais_2024.1.xlsx,/Users/robertdrey/Documents/workspace/development/alocador_de_salas,resultados/experimentos/2024_1/novas_hibridas/combinada_exat_2_dia_turno/melhor_solucao_seed42.sol,resultados/experimentos/2024_1/novas_hibridas/combinada_exat_2_dia_turno/historico_seed42.csv,resultados/experimentos/2024_1/novas_hibridas/combinada_exat_2_dia_turno/historico_seed42.json,combinada,cursos_exat_2 -> dia_turno_curso,qualquer_melhoria_na_passada,180.0,1,180.0,600.0,1,0,TEMPO_TOTAL,,,
1,3,23,par_cursos,FIL+MAT,38,7728,87262,OPTIMAL,185399.5,185399.5,False,185399.5,0.71,0.38,600.0,FIL,MAT,aleatoria,42,23,cursos_exat_2,23,23,False,TEMPO_TOTAL,iteracao,combinada_cursos_exat_2_dia_turno_curso,180.0,180.0,600.0,14400.0,False,False,aleatoria,42,aleatoria,42,./dados/2024_1/horarios_2024_1.xlsx,./dados/2024_1/salas_2024_1.csv,./dados/2024_1/salas_preferenciais_2024.1.xlsx,/Users/robertdrey/Documents/workspace/development/alocador_de_salas,resultados/experimentos/2024_1/novas_hibridas/combinada_exat_2_dia_turno/melhor_solucao_seed42.sol,resultados/experimentos/2024_1/novas_hibridas/combinada_exat_2_dia_turno/historico_seed42.csv,resultados/experimentos/2024_1/novas_hibridas/combinada_exat_2_dia_turno/historico_seed42.json,combinada,cursos_exat_2 -> dia_turno_curso,qualquer_melhoria_na_passada,180.0,1,180.0,600.0,1,0,TEMPO_TOTAL,,,
1,3,24,par_cursos,CC+LET,83,19688,75302,OPTIMAL,185399.5,185399.5,False,185399.5,49.85,49.54,600.0,CC,LET,aleatoria,42,24,cursos_exat_2,24,24,False,TEMPO_TOTAL,iteracao,combinada_cursos_exat_2_dia_turno_curso,180.0,180.0,600.0,14400.0,False,False,aleatoria,42,aleatoria,42,./dados/2024_1/horarios_2024_1.xlsx,./dados/2024_1/salas_2024_1.csv,./dados/2024_1/salas_preferenciais_2024.1.xlsx,/Users/robertdrey/Documents/workspace/development/alocador_de_salas,resultados/experimentos/2024_1/novas_hibridas/combinada_exat_2_dia_turno/melhor_solucao_seed42.sol,resultados/experimentos/2024_1/novas_hibridas/combinada_exat_2_dia_turno/historico_seed42.csv,resultados/experimentos/2024_1/novas_hibridas/combinada_exat_2_dia_turno/historico_seed42.json,combinada,cursos_exat_2 -> dia_turno_curso,qualquer_melhoria_na_passada,180.0,1,180.0,600.0,1,0,TEMPO_TOTAL,,,
1,3,25,par_cursos,CC+PED,103,23322,71668,OPTIMAL,185399.5,185399.5,False,185399.5,36.56,36.23,600.0,CC,PED,aleatoria,42,25,cursos_exat_2,25,25,False,TEMPO_TOTAL,iteracao,combinada_cursos_exat_2_dia_turno_curso,180.0,180.0,600.0,14400.0,False,False,aleatoria,42,aleatoria,42,./dados/2024_1/horarios_2024_1.xlsx,./dados/2024_1/salas_2024_1.csv,./dados/2024_1/salas_preferenciais_2024.1.xlsx,/Users/robertdrey/Documents/workspace/development/alocador_de_salas,resultados/experimentos/2024_1/novas_hibridas/combinada_exat_2_dia_turno/melhor_solucao_seed42.sol,resultados/experimentos/2024_1/novas_hibridas/combinada_exat_2_dia_turno/historico_seed42.csv,resultados/experimentos/2024_1/novas_hibridas/combinada_exat_2_dia_turno/historico_seed42.json,combinada,cursos_exat_2 -> dia_turno_curso,qualquer_melhoria_na_passada,180.0,1,180.0,600.0,1,0,TEMPO_TOTAL,,,
1,3,26,par_cursos,CC+ENF,65,19044,75946,OPTIMAL,185399.5,185399.5,False,185399.5,6.57,6.23,600.0,CC,ENF,aleatoria,42,26,cursos_exat_2,26,26,False,TEMPO_TOTAL,iteracao,combinada_cursos_exat_2_dia_turno_curso,180.0,180.0,600.0,14400.0,False,False,aleatoria,42,aleatoria,42,./dados/2024_1/horarios_2024_1.xlsx,./dados/2024_1/salas_2024_1.csv,./dados/2024_1/salas_preferenciais_2024.1.xlsx,/Users/robertdrey/Documents/workspace/development/alocador_de_salas,resultados/experimentos/2024_1/novas_hibridas/combinada_exat_2_dia_turno/melhor_solucao_seed42.sol,resultados/experimentos/2024_1/novas_hibridas/combinada_exat_2_dia_turno/historico_seed42.csv,resultados/experimentos/2024_1/novas_hibridas/combinada_exat_2_dia_turno/historico_seed42.json,combinada,cursos_exat_2 -> dia_turno_curso,qualquer_melhoria_na_passada,180.0,1,180.0,600.0,1,0,TEMPO_TOTAL,,,
1,3,27,par_cursos,CC+MED,88,19918,75072,OPTIMAL,185399.5,185399.5,False,185399.5,3.3,2.93,600.0,CC,MED,aleatoria,42,27,cursos_exat_2,27,27,False,TEMPO_TOTAL,iteracao,combinada_cursos_exat_2_dia_turno_curso,180.0,180.0,600.0,14400.0,False,False,aleatoria,42,aleatoria,42,./dados/2024_1/horarios_2024_1.xlsx,./dados/2024_1/salas_2024_1.csv,./dados/2024_1/salas_preferenciais_2024.1.xlsx,/Users/robertdrey/Documents/workspace/development/alocador_de_salas,resultados/experimentos/2024_1/novas_hibridas/combinada_exat_2_dia_turno/melhor_solucao_seed42.sol,resultados/experimentos/2024_1/novas_hibridas/combinada_exat_2_dia_turno/historico_seed42.csv,resultados/experimentos/2024_1/novas_hibridas/combinada_exat_2_dia_turno/historico_seed42.json,combinada,cursos_exat_2 -> dia_turno_curso,qualquer_melhoria_na_passada,180.0,1,180.0,600.0,1,0,TEMPO_TOTAL,,,
1,3,28,par_cursos,CC+HIS,71,15318,79672,OPTIMAL,185399.5,185399.5,False,185399.5,1.66,1.28,600.0,CC,HIS,aleatoria,42,28,cursos_exat_2,28,28,False,TEMPO_TOTAL,iteracao,combinada_cursos_exat_2_dia_turno_curso,180.0,180.0,600.0,14400.0,False,False,aleatoria,42,aleatoria,42,./dados/2024_1/horarios_2024_1.xlsx,./dados/2024_1/salas_2024_1.csv,./dados/2024_1/salas_preferenciais_2024.1.xlsx,/Users/robertdrey/Documents/workspace/development/alocador_de_salas,resultados/experimentos/2024_1/novas_hibridas/combinada_exat_2_dia_turno/melhor_solucao_seed42.sol,resultados/experimentos/2024_1/novas_hibridas/combinada_exat_2_dia_turno/historico_seed42.csv,resultados/experimentos/2024_1/novas_hibridas/combinada_exat_2_dia_turno/historico_seed42.json,combinada,cursos_exat_2 -> dia_turno_curso,qualquer_melhoria_na_passada,180.0,1,180.0,600.0,1,0,TEMPO_TOTAL,,,
1,3,29,par_cursos,CC+CS,69,15088,79902,OPTIMAL,185399.5,185399.5,False,185399.5,1.54,1.2,600.0,CC,CS,aleatoria,42,29,cursos_exat_2,29,29,False,TEMPO_TOTAL,iteracao,combinada_cursos_exat_2_dia_turno_curso,180.0,180.0,600.0,14400.0,False,False,aleatoria,42,aleatoria,42,./dados/2024_1/horarios_2024_1.xlsx,./dados/2024_1/salas_2024_1.csv,./dados/2024_1/salas_preferenciais_2024.1.xlsx,/Users/robertdrey/Documents/workspace/development/alocador_de_salas,resultados/experimentos/2024_1/novas_hibridas/combinada_exat_2_dia_turno/melhor_solucao_seed42.sol,resultados/experimentos/2024_1/novas_hibridas/combinada_exat_2_dia_turno/historico_seed42.csv,resultados/experimentos/2024_1/novas_hibridas/combinada_exat_2_dia_turno/historico_seed42.json,combinada,cursos_exat_2 -> dia_turno_curso,qualquer_melhoria_na_passada,180.0,1,180.0,600.0,1,0,TEMPO_TOTAL,,,
1,3,30,par_cursos,CC+EAS,92,17986,77004,OPTIMAL,185399.5,185399.5,False,185399.5,1.72,1.37,600.0,CC,EAS,aleatoria,42,30,cursos_exat_2,30,30,False,TEMPO_TOTAL,iteracao,combinada_cursos_exat_2_dia_turno_curso,180.0,180.0,600.0,14400.0,False,False,aleatoria,42,aleatoria,42,./dados/2024_1/horarios_2024_1.xlsx,./dados/2024_1/salas_2024_1.csv,./dados/2024_1/salas_preferenciais_2024.1.xlsx,/Users/robertdrey/Documents/workspace/development/alocador_de_salas,resultados/experimentos/2024_1/novas_hibridas/combinada_exat_2_dia_turno/melhor_solucao_seed42.sol,resultados/experimentos/2024_1/novas_hibridas/combinada_exat_2_dia_turno/historico_seed42.csv,resultados/experimentos/2024_1/novas_hibridas/combinada_exat_2_dia_turno/historico_seed42.json,combinada,cursos_exat_2 -> dia_turno_curso,qualquer_melhoria_na_passada,180.0,1,180.0,600.0,1,0,TEMPO_TOTAL,,,
1,3,31,par_cursos,CC+ADM,95,19826,75164,OPTIMAL,185399.5,185399.5,False,185399.5,1.92,1.57,600.0,CC,ADM,aleatoria,42,31,cursos_exat_2,31,31,False,TEMPO_TOTAL,iteracao,combinada_cursos_exat_2_dia_turno_curso,180.0,180.0,600.0,14400.0,False,False,aleatoria,42,aleatoria,42,./dados/2024_1/horarios_2024_1.xlsx,./dados/2024_1/salas_2024_1.csv,./dados/2024_1/salas_preferenciais_2024.1.xlsx,/Users/robertdrey/Documents/workspace/development/alocador_de_salas,resultados/experimentos/2024_1/novas_hibridas/combinada_exat_2_dia_turno/melhor_solucao_seed42.sol,resultados/experimentos/2024_1/novas_hibridas/combinada_exat_2_dia_turno/historico_seed42.csv,resultados/experimentos/2024_1/novas_hibridas/combinada_exat_2_dia_turno/historico_seed42.json,combinada,cursos_exat_2 -> dia_turno_curso,qualquer_melhoria_na_passada,180.0,1,180.0,600.0,1,0,TEMPO_TOTAL,,,
1,3,32,par_cursos,CC+AGRO,98,19274,75716,OPTIMAL,185399.5,185399.5,False,185399.5,7.48,7.14,600.0,CC,AGRO,aleatoria,42,32,cursos_exat_2,32,32,False,TEMPO_TOTAL,iteracao,combinada_cursos_exat_2_dia_turno_curso,180.0,180.0,600.0,14400.0,False,False,aleatoria,42,aleatoria,42,./dados/2024_1/horarios_2024_1.xlsx,./dados/2024_1/salas_2024_1.csv,./dados/2024_1/salas_preferenciais_2024.1.xlsx,/Users/robertdrey/Documents/workspace/development/alocador_de_salas,resultados/experimentos/2024_1/novas_hibridas/combinada_exat_2_dia_turno/melhor_solucao_seed42.sol,resultados/experimentos/2024_1/novas_hibridas/combinada_exat_2_dia_turno/historico_seed42.csv,resultados/experimentos/2024_1/novas_hibridas/combinada_exat_2_dia_turno/historico_seed42.json,combinada,cursos_exat_2 -> dia_turno_curso,qualquer_melhoria_na_passada,180.0,1,180.0,600.0,1,0,TEMPO_TOTAL,,,
1,3,33,par_cursos,CC+MAT,70,15502,79488,OPTIMAL,185399.5,185399.5,False,185399.5,1.4,1.08,600.0,CC,MAT,aleatoria,42,33,cursos_exat_2,33,33,False,TEMPO_TOTAL,iteracao,combinada_cursos_exat_2_dia_turno_curso,180.0,180.0,600.0,14400.0,False,False,aleatoria,42,aleatoria,42,./dados/2024_1/horarios_2024_1.xlsx,./dados/2024_1/salas_2024_1.csv,./dados/2024_1/salas_preferenciais_2024.1.xlsx,/Users/robertdrey/Documents/workspace/development/alocador_de_salas,resultados/experimentos/2024_1/novas_hibridas/combinada_exat_2_dia_turno/melhor_solucao_seed42.sol,resultados/experimentos/2024_1/novas_hibridas/combinada_exat_2_dia_turno/historico_seed42.csv,resultados/experimentos/2024_1/novas_hibridas/combinada_exat_2_dia_turno/historico_seed42.json,combinada,cursos_exat_2 -> dia_turno_curso,qualquer_melhoria_na_passada,180.0,1,180.0,600.0,1,0,TEMPO_TOTAL,,,
1,3,34,par_cursos,LET+PED,92,21942,73048,OPTIMAL,185399.5,185399.5,False,185399.5,30.6,30.25,600.0,LET,PED,aleatoria,42,34,cursos_exat_2,34,34,False,TEMPO_TOTAL,iteracao,combinada_cursos_exat_2_dia_turno_curso,180.0,180.0,600.0,14400.0,False,False,aleatoria,42,aleatoria,42,./dados/2024_1/horarios_2024_1.xlsx,./dados/2024_1/salas_2024_1.csv,./dados/2024_1/salas_preferenciais_2024.1.xlsx,/Users/robertdrey/Documents/workspace/development/alocador_de_salas,resultados/experimentos/2024_1/novas_hibridas/combinada_exat_2_dia_turno/melhor_solucao_seed42.sol,resultados/experimentos/2024_1/novas_hibridas/combinada_exat_2_dia_turno/historico_seed42.csv,resultados/experimentos/2024_1/novas_hibridas/combinada_exat_2_dia_turno/historico_seed42.json,combinada,cursos_exat_2 -> dia_turno_curso,qualquer_melhoria_na_passada,180.0,1,180.0,600.0,1,0,TEMPO_TOTAL,,,
1,3,35,par_cursos,LET+ENF,54,17664,77326,OPTIMAL,185399.5,185399.5,False,185399.5,7.02,6.66,600.0,LET,ENF,aleatoria,42,35,cursos_exat_2,35,35,False,TEMPO_TOTAL,iteracao,combinada_cursos_exat_2_dia_turno_curso,180.0,180.0,600.0,14400.0,False,False,aleatoria,42,aleatoria,42,./dados/2024_1/horarios_2024_1.xlsx,./dados/2024_1/salas_2024_1.csv,./dados/2024_1/salas_preferenciais_2024.1.xlsx,/Users/robertdrey/Documents/workspace/development/alocador_de_salas,resultados/experimentos/2024_1/novas_hibridas/combinada_exat_2_dia_turno/melhor_solucao_seed42.sol,resultados/experimentos/2024_1/novas_hibridas/combinada_exat_2_dia_turno/historico_seed42.csv,resultados/experimentos/2024_1/novas_hibridas/combinada_exat_2_dia_turno/historico_seed42.json,combinada,cursos_exat_2 -> dia_turno_curso,qualquer_melhoria_na_passada,180.0,1,180.0,600.0,1,0,TEMPO_TOTAL,,,
1,3,36,par_cursos,LET+MED,77,18538,76452,OPTIMAL,185399.5,185399.5,False,185399.5,1.7,1.38,600.0,LET,MED,aleatoria,42,36,cursos_exat_2,36,36,False,TEMPO_TOTAL,iteracao,combinada_cursos_exat_2_dia_turno_curso,180.0,180.0,600.0,14400.0,False,False,aleatoria,42,aleatoria,42,./dados/2024_1/horarios_2024_1.xlsx,./dados/2024_1/salas_2024_1.csv,./dados/2024_1/salas_preferenciais_2024.1.xlsx,/Users/robertdrey/Documents/workspace/development/alocador_de_salas,resultados/experimentos/2024_1/novas_hibridas/combinada_exat_2_dia_turno/melhor_solucao_seed42.sol,resultados/experimentos/2024_1/novas_hibridas/combinada_exat_2_dia_turno/historico_seed42.csv,resultados/experimentos/2024_1/novas_hibridas/combinada_exat_2_dia_turno/historico_seed42.json,combinada,cursos_exat_2 -> dia_turno_curso,qualquer_melhoria_na_passada,180.0,1,180.0,600.0,1,0,TEMPO_TOTAL,,,
1,3,37,par_cursos,LET+HIS,60,13938,81052,OPTIMAL,185399.5,185399.5,False,185399.5,2.1,1.78,600.0,LET,HIS,aleatoria,42,37,cursos_exat_2,37,37,False,TEMPO_TOTAL,iteracao,combinada_cursos_exat_2_dia_turno_curso,180.0,180.0,600.0,14400.0,False,False,aleatoria,42,aleatoria,42,./dados/2024_1/horarios_2024_1.xlsx,./dados/2024_1/salas_2024_1.csv,./dados/2024_1/salas_preferenciais_2024.1.xlsx,/Users/robertdrey/Documents/workspace/development/alocador_de_salas,resultados/experimentos/2024_1/novas_hibridas/combinada_exat_2_dia_turno/melhor_solucao_seed42.sol,resultados/experimentos/2024_1/novas_hibridas/combinada_exat_2_dia_turno/historico_seed42.csv,resultados/experimentos/2024_1/novas_hibridas/combinada_exat_2_dia_turno/historico_seed42.json,combinada,cursos_exat_2 -> dia_turno_curso,qualquer_melhoria_na_passada,180.0,1,180.0,600.0,1,0,TEMPO_TOTAL,,,
1,3,38,par_cursos,LET+CS,58,13708,81282,OPTIMAL,185399.5,185399.5,False,185399.5,1.68,1.34,600.0,LET,CS,aleatoria,42,38,cursos_exat_2,38,38,False,TEMPO_TOTAL,iteracao,combinada_cursos_exat_2_dia_turno_curso,180.0,180.0,600.0,14400.0,False,False,aleatoria,42,aleatoria,42,./dados/2024_1/horarios_2024_1.xlsx,./dados/2024_1/salas_2024_1.csv,./dados/2024_1/salas_preferenciais_2024.1.xlsx,/Users/robertdrey/Documents/workspace/development/alocador_de_salas,resultados/experimentos/2024_1/novas_hibridas/combinada_exat_2_dia_turno/melhor_solucao_seed42.sol,resultados/experimentos/2024_1/novas_hibridas/combinada_exat_2_dia_turno/historico_seed42.csv,resultados/experimentos/2024_1/novas_hibridas/combinada_exat_2_dia_turno/historico_seed42.json,combinada,cursos_exat_2 -> dia_turno_curso,qualquer_melhoria_na_passada,180.0,1,180.0,600.0,1,0,TEMPO_TOTAL,,,
1,3,39,par_cursos,LET+EAS,81,16606,78384,OPTIMAL,185399.5,185399.5,False,185399.5,1.74,1.41,600.0,LET,EAS,aleatoria,42,39,cursos_exat_2,39,39,False,TEMPO_TOTAL,iteracao,combinada_cursos_exat_2_dia_turno_curso,180.0,180.0,600.0,14400.0,False,False,aleatoria,42,aleatoria,42,./dados/2024_1/horarios_2024_1.xlsx,./dados/2024_1/salas_2024_1.csv,./dados/2024_1/salas_preferenciais_2024.1.xlsx,/Users/robertdrey/Documents/workspace/development/alocador_de_salas,resultados/experimentos/2024_1/novas_hibridas/combinada_exat_2_dia_turno/melhor_solucao_seed42.sol,resultados/experimentos/2024_1/novas_hibridas/combinada_exat_2_dia_turno/historico_seed42.csv,resultados/experimentos/2024_1/novas_hibridas/combinada_exat_2_dia_turno/historico_seed42.json,combinada,cursos_exat_2 -> dia_turno_curso,qualquer_melhoria_na_passada,180.0,1,180.0,600.0,1,0,TEMPO_TOTAL,,,
1,3,40,par_cursos,LET+ADM,84,18446,76544,OPTIMAL,185399.5,185399.5,False,185399.5,2.19,1.85,600.0,LET,ADM,aleatoria,42,40,cursos_exat_2,40,40,False,TEMPO_TOTAL,iteracao,combinada_cursos_exat_2_dia_turno_curso,180.0,180.0,600.0,14400.0,False,False,aleatoria,42,aleatoria,42,./dados/2024_1/horarios_2024_1.xlsx,./dados/2024_1/salas_2024_1.csv,./dados/2024_1/salas_preferenciais_2024.1.xlsx,/Users/robertdrey/Documents/workspace/development/alocador_de_salas,resultados/experimentos/2024_1/novas_hibridas/combinada_exat_2_dia_turno/melhor_solucao_seed42.sol,resultados/experimentos/2024_1/novas_hibridas/combinada_exat_2_dia_turno/historico_seed42.csv,resultados/experimentos/2024_1/novas_hibridas/combinada_exat_2_dia_turno/historico_seed42.json,combinada,cursos_exat_2 -> dia_turno_curso,qualquer_melhoria_na_passada,180.0,1,180.0,600.0,1,0,TEMPO_TOTAL,,,
1,3,41,par_cursos,LET+AGRO,87,17894,77096,OPTIMAL,185399.5,185399.5,False,185399.5,7.47,7.14,600.0,LET,AGRO,aleatoria,42,41,cursos_exat_2,41,41,False,TEMPO_TOTAL,iteracao,combinada_cursos_exat_2_dia_turno_curso,180.0,180.0,600.0,14400.0,False,False,aleatoria,42,aleatoria,42,./dados/2024_1/horarios_2024_1.xlsx,./dados/2024_1/salas_2024_1.csv,./dados/2024_1/salas_preferenciais_2024.1.xlsx,/Users/robertdrey/Documents/workspace/development/alocador_de_salas,resultados/experimentos/2024_1/novas_hibridas/combinada_exat_2_dia_turno/melhor_solucao_seed42.sol,resultados/experimentos/2024_1/novas_hibridas/combinada_exat_2_dia_turno/historico_seed42.csv,resultados/experimentos/2024_1/novas_hibridas/combinada_exat_2_dia_turno/historico_seed42.json,combinada,cursos_exat_2 -> dia_turno_curso,qualquer_melhoria_na_passada,180.0,1,180.0,600.0,1,0,TEMPO_TOTAL,,,
1,3,42,par_cursos,LET+MAT,59,14122,80868,OPTIMAL,185399.5,185399.5,False,185399.5,1.53,1.2,600.0,LET,MAT,aleatoria,42,42,cursos_exat_2,42,42,False,TEMPO_TOTAL,iteracao,combinada_cursos_exat_2_dia_turno_curso,180.0,180.0,600.0,14400.0,False,False,aleatoria,42,aleatoria,42,./dados/2024_1/horarios_2024_1.xlsx,./dados/2024_1/salas_2024_1.csv,./dados/2024_1/salas_preferenciais_2024.1.xlsx,/Users/robertdrey/Documents/workspace/development/alocador_de_salas,resultados/experimentos/2024_1/novas_hibridas/combinada_exat_2_dia_turno/melhor_solucao_seed42.sol,resultados/experimentos/2024_1/novas_hibridas/combinada_exat_2_dia_turno/historico_seed42.csv,resultados/experimentos/2024_1/novas_hibridas/combinada_exat_2_dia_turno/historico_seed42.json,combinada,cursos_exat_2 -> dia_turno_curso,qualquer_melhoria_na_passada,180.0,1,180.0,600.0,1,0,TEMPO_TOTAL,,,
1,3,43,par_cursos,PED+ENF,74,21298,73692,OPTIMAL,185399.5,185399.5,False,185399.5,410.33,410.01,600.0,PED,ENF,aleatoria,42,43,cursos_exat_2,43,43,False,TEMPO_TOTAL,iteracao,combinada_cursos_exat_2_dia_turno_curso,180.0,180.0,600.0,14400.0,False,False,aleatoria,42,aleatoria,42,./dados/2024_1/horarios_2024_1.xlsx,./dados/2024_1/salas_2024_1.csv,./dados/2024_1/salas_preferenciais_2024.1.xlsx,/Users/robertdrey/Documents/workspace/development/alocador_de_salas,resultados/experimentos/2024_1/novas_hibridas/combinada_exat_2_dia_turno/melhor_solucao_seed42.sol,resultados/experimentos/2024_1/novas_hibridas/combinada_exat_2_dia_turno/historico_seed42.csv,resultados/experimentos/2024_1/novas_hibridas/combinada_exat_2_dia_turno/historico_seed42.json,combinada,cursos_exat_2 -> dia_turno_curso,qualquer_melhoria_na_passada,180.0,1,180.0,600.0,1,0,TEMPO_TOTAL,,,
1,3,44,par_cursos,PED+MED,97,22172,72818,OPTIMAL,185399.5,185399.5,False,185399.5,32.06,31.73,600.0,PED,MED,aleatoria,42,44,cursos_exat_2,44,44,False,TEMPO_TOTAL,iteracao,combinada_cursos_exat_2_dia_turno_curso,180.0,180.0,600.0,14400.0,False,False,aleatoria,42,aleatoria,42,./dados/2024_1/horarios_2024_1.xlsx,./dados/2024_1/salas_2024_1.csv,./dados/2024_1/salas_preferenciais_2024.1.xlsx,/Users/robertdrey/Documents/workspace/development/alocador_de_salas,resultados/experimentos/2024_1/novas_hibridas/combinada_exat_2_dia_turno/melhor_solucao_seed42.sol,resultados/experimentos/2024_1/novas_hibridas/combinada_exat_2_dia_turno/historico_seed42.csv,resultados/experimentos/2024_1/novas_hibridas/combinada_exat_2_dia_turno/historico_seed42.json,combinada,cursos_exat_2 -> dia_turno_curso,qualquer_melhoria_na_passada,180.0,1,180.0,600.0,1,0,TEMPO_TOTAL,,,
1,3,45,par_cursos,PED+HIS,80,17572,77418,OPTIMAL,185399.5,185399.5,False,185399.5,48.72,48.38,600.0,PED,HIS,aleatoria,42,45,cursos_exat_2,45,45,False,TEMPO_TOTAL,iteracao,combinada_cursos_exat_2_dia_turno_curso,180.0,180.0,600.0,14400.0,False,False,aleatoria,42,aleatoria,42,./dados/2024_1/horarios_2024_1.xlsx,./dados/2024_1/salas_2024_1.csv,./dados/2024_1/salas_preferenciais_2024.1.xlsx,/Users/robertdrey/Documents/workspace/development/alocador_de_salas,resultados/experimentos/2024_1/novas_hibridas/combinada_exat_2_dia_turno/melhor_solucao_seed42.sol,resultados/experimentos/2024_1/novas_hibridas/combinada_exat_2_dia_turno/historico_seed42.csv,resultados/experimentos/2024_1/novas_hibridas/combinada_exat_2_dia_turno/historico_seed42.json,combinada,cursos_exat_2 -> dia_turno_curso,qualquer_melhoria_na_passada,180.0,1,180.0,600.0,1,0,TEMPO_TOTAL,,,
1,3,46,par_cursos,PED+CS,78,17342,77648,OPTIMAL,185399.5,185399.5,False,185399.5,41.67,41.34,600.0,PED,CS,aleatoria,42,46,cursos_exat_2,46,46,False,TEMPO_TOTAL,iteracao,combinada_cursos_exat_2_dia_turno_curso,180.0,180.0,600.0,14400.0,False,False,aleatoria,42,aleatoria,42,./dados/2024_1/horarios_2024_1.xlsx,./dados/2024_1/salas_2024_1.csv,./dados/2024_1/salas_preferenciais_2024.1.xlsx,/Users/robertdrey/Documents/workspace/development/alocador_de_salas,resultados/experimentos/2024_1/novas_hibridas/combinada_exat_2_dia_turno/melhor_solucao_seed42.sol,resultados/experimentos/2024_1/novas_hibridas/combinada_exat_2_dia_turno/historico_seed42.csv,resultados/experimentos/2024_1/novas_hibridas/combinada_exat_2_dia_turno/historico_seed42.json,combinada,cursos_exat_2 -> dia_turno_curso,qualquer_melhoria_na_passada,180.0,1,180.0,600.0,1,0,TEMPO_TOTAL,,,
1,3,47,par_cursos,PED+EAS,101,20240,74750,OPTIMAL,185399.5,185399.5,False,185399.5,21.93,21.6,600.0,PED,EAS,aleatoria,42,47,cursos_exat_2,47,47,False,TEMPO_TOTAL,iteracao,combinada_cursos_exat_2_dia_turno_curso,180.0,180.0,600.0,14400.0,False,False,aleatoria,42,aleatoria,42,./dados/2024_1/horarios_2024_1.xlsx,./dados/2024_1/salas_2024_1.csv,./dados/2024_1/salas_preferenciais_2024.1.xlsx,/Users/robertdrey/Documents/workspace/development/alocador_de_salas,resultados/experimentos/2024_1/novas_hibridas/combinada_exat_2_dia_turno/melhor_solucao_seed42.sol,resultados/experimentos/2024_1/novas_hibridas/combinada_exat_2_dia_turno/historico_seed42.csv,resultados/experimentos/2024_1/novas_hibridas/combinada_exat_2_dia_turno/historico_seed42.json,combinada,cursos_exat_2 -> dia_turno_curso,qualquer_melhoria_na_passada,180.0,1,180.0,600.0,1,0,TEMPO_TOTAL,,,
1,3,48,par_cursos,PED+ADM,104,22080,72910,TIME_LIMIT,185399.5,185399.5,False,185399.5,686.56,686.24,600.0,PED,ADM,aleatoria,42,48,cursos_exat_2,48,48,False,TEMPO_TOTAL,iteracao,combinada_cursos_exat_2_dia_turno_curso,180.0,180.0,600.0,14400.0,False,False,aleatoria,42,aleatoria,42,./dados/2024_1/horarios_2024_1.xlsx,./dados/2024_1/salas_2024_1.csv,./dados/2024_1/salas_preferenciais_2024.1.xlsx,/Users/robertdrey/Documents/workspace/development/alocador_de_salas,resultados/experimentos/2024_1/novas_hibridas/combinada_exat_2_dia_turno/melhor_solucao_seed42.sol,resultados/experimentos/2024_1/novas_hibridas/combinada_exat_2_dia_turno/historico_seed42.csv,resultados/experimentos/2024_1/novas_hibridas/combinada_exat_2_dia_turno/historico_seed42.json,combinada,cursos_exat_2 -> dia_turno_curso,qualquer_melhoria_na_passada,180.0,1,180.0,600.0,1,0,TEMPO_TOTAL,,,
1,3,49,par_cursos,PED+AGRO,107,21528,73462,TIME_LIMIT,185399.5,185399.5,False,185399.5,1042.93,1042.58,600.0,PED,AGRO,aleatoria,42,49,cursos_exat_2,49,49,False,TEMPO_TOTAL,iteracao,combinada_cursos_exat_2_dia_turno_curso,180.0,180.0,600.0,14400.0,False,False,aleatoria,42,aleatoria,42,./dados/2024_1/horarios_2024_1.xlsx,./dados/2024_1/salas_2024_1.csv,./dados/2024_1/salas_preferenciais_2024.1.xlsx,/Users/robertdrey/Documents/workspace/development/alocador_de_salas,resultados/experimentos/2024_1/novas_hibridas/combinada_exat_2_dia_turno/melhor_solucao_seed42.sol,resultados/experimentos/2024_1/novas_hibridas/combinada_exat_2_dia_turno/historico_seed42.csv,resultados/experimentos/2024_1/novas_hibridas/combinada_exat_2_dia_turno/historico_seed42.json,combinada,cursos_exat_2 -> dia_turno_curso,qualquer_melhoria_na_passada,180.0,1,180.0,600.0,1,0,TEMPO_TOTAL,,,
1,3,50,par_cursos,PED+MAT,79,17756,77234,TIME_LIMIT,185399.5,185399.5,False,185399.5,1070.23,1069.75,600.0,PED,MAT,aleatoria,42,50,cursos_exat_2,50,50,False,TEMPO_TOTAL,iteracao,combinada_cursos_exat_2_dia_turno_curso,180.0,180.0,600.0,14400.0,False,False,aleatoria,42,aleatoria,42,./dados/2024_1/horarios_2024_1.xlsx,./dados/2024_1/salas_2024_1.csv,./dados/2024_1/salas_preferenciais_2024.1.xlsx,/Users/robertdrey/Documents/workspace/development/alocador_de_salas,resultados/experimentos/2024_1/novas_hibridas/combinada_exat_2_dia_turno/melhor_solucao_seed42.sol,resultados/experimentos/2024_1/novas_hibridas/combinada_exat_2_dia_turno/historico_seed42.csv,resultados/experimentos/2024_1/novas_hibridas/combinada_exat_2_dia_turno/historico_seed42.json,combinada,cursos_exat_2 -> dia_turno_curso,qualquer_melhoria_na_passada,180.0,1,180.0,600.0,1,0,TEMPO_TOTAL,,,
1,3,51,par_cursos,ENF+MED,59,17894,77096,TIME_LIMIT,185399.5,185333.0,True,185333.0,1009.82,1009.12,600.0,ENF,MED,aleatoria,42,51,cursos_exat_2,51,51,False,TEMPO_TOTAL,iteracao,combinada_cursos_exat_2_dia_turno_curso,180.0,180.0,600.0,14400.0,False,False,aleatoria,42,aleatoria,42,./dados/2024_1/horarios_2024_1.xlsx,./dados/2024_1/salas_2024_1.csv,./dados/2024_1/salas_preferenciais_2024.1.xlsx,/Users/robertdrey/Documents/workspace/development/alocador_de_salas,resultados/experimentos/2024_1/novas_hibridas/combinada_exat_2_dia_turno/melhor_solucao_seed42.sol,resultados/experimentos/2024_1/novas_hibridas/combinada_exat_2_dia_turno/historico_seed42.csv,resultados/experimentos/2024_1/novas_hibridas/combinada_exat_2_dia_turno/historico_seed42.json,combinada,cursos_exat_2 -> dia_turno_curso,qualquer_melhoria_na_passada,180.0,1,180.0,600.0,1,0,TEMPO_TOTAL,,,
1,3,52,par_cursos,ENF+HIS,42,13294,81696,OPTIMAL,185333.0,185333.0,False,185333.0,2.46,1.82,387.7,ENF,HIS,aleatoria,42,52,cursos_exat_2,52,52,False,TEMPO_TOTAL,iteracao,combinada_cursos_exat_2_dia_turno_curso,180.0,180.0,600.0,14400.0,False,False,aleatoria,42,aleatoria,42,./dados/2024_1/horarios_2024_1.xlsx,./dados/2024_1/salas_2024_1.csv,./dados/2024_1/salas_preferenciais_2024.1.xlsx,/Users/robertdrey/Documents/workspace/development/alocador_de_salas,resultados/experimentos/2024_1/novas_hibridas/combinada_exat_2_dia_turno/melhor_solucao_seed42.sol,resultados/experimentos/2024_1/novas_hibridas/combinada_exat_2_dia_turno/historico_seed42.csv,resultados/experimentos/2024_1/novas_hibridas/combinada_exat_2_dia_turno/historico_seed42.json,combinada,cursos_exat_2 -> dia_turno_curso,qualquer_melhoria_na_passada,180.0,1,180.0,600.0,1,0,TEMPO_TOTAL,,,
1,3,53,par_cursos,ENF+CS,40,13064,81926,TIME_LIMIT,185333.0,185333.0,False,185333.0,963.5,963.1,385.24,ENF,CS,aleatoria,42,53,cursos_exat_2,53,53,False,TEMPO_TOTAL,iteracao,combinada_cursos_exat_2_dia_turno_curso,180.0,180.0,600.0,14400.0,False,False,aleatoria,42,aleatoria,42,./dados/2024_1/horarios_2024_1.xlsx,./dados/2024_1/salas_2024_1.csv,./dados/2024_1/salas_preferenciais_2024.1.xlsx,/Users/robertdrey/Documents/workspace/development/alocador_de_salas,resultados/experimentos/2024_1/novas_hibridas/combinada_exat_2_dia_turno/melhor_solucao_seed42.sol,resultados/experimentos/2024_1/novas_hibridas/combinada_exat_2_dia_turno/historico_seed42.csv,resultados/experimentos/2024_1/novas_hibridas/combinada_exat_2_dia_turno/historico_seed42.json,combinada,cursos_exat_2 -> dia_turno_curso,qualquer_melhoria_na_passada,180.0,1,180.0,600.0,1,0,TEMPO_TOTAL,,,
