ciclo,passada,iteracao,vizinhanca,recurso,disciplinas_livres,variaveis_x_livres,variaveis_x_fixadas,status_solver,objetivo_anterior,objetivo_candidato,melhorou,objetivo_incumbente,tempo_gasto_s,tempo_solver_s,tempo_limite_subproblema_s,curso,ordem_cursos,seed_ordem_cursos,posicao_ordem_curso,tipo_registro,parametro_tipo_vizinhanca,parametro_tempo_modelo_inicial_s,parametro_tempo_heuristica_inicial_s,parametro_tempo_subproblema_s,parametro_tempo_total_maximo_s,parametro_apenas_uma_passada,parametro_salvar_candidatos,parametro_ordem_cursos_solicitada,parametro_seed_ordem_cursos_solicitada,parametro_ordem_cursos,parametro_seed_ordem_cursos,parametro_arquivo_horarios,parametro_arquivo_salas,parametro_arquivo_salas_preferenciais,parametro_diretorio_execucao,parametro_arquivo_melhor_solucao,parametro_arquivo_log_csv,parametro_arquivo_log_json,parametro_gurobi_inicial_TimeLimit,parametro_gurobi_inicial_MIPFocus,parametro_gurobi_inicial_NoRelHeurTime,parametro_gurobi_subproblema_TimeLimit,parametro_gurobi_subproblema_MIPFocus,parametro_gurobi_subproblema_NoRelHeurTime,curso_a,curso_b,posicao_par
1,1,1,curso,ADM,48,9292,85698,OPTIMAL,186694.5,186661.5,True,186661.5,0.96,0.72,600.0,ADM,alfabetica,,1,iteracao,curso_pares,180.0,180.0,600.0,14400.0,False,False,alfabetica,,alfabetica,,./dados/2024_1/horarios_2024_1.xlsx,./dados/2024_1/salas_2024_1.csv,./dados/2024_1/salas_preferenciais_2024.1.xlsx,/Users/robertdrey/Documents/workspace/development/alocador_de_salas,resultados/experimentos/2024_1/novas_hibridas/curso_pares/melhor_solucao.sol,resultados/experimentos/2024_1/novas_hibridas/curso_pares/historico.csv,resultados/experimentos/2024_1/novas_hibridas/curso_pares/historico.json,180.0,1,180.0,600.0,1,0,,,
1,1,2,curso,AGRO,51,8740,86250,OPTIMAL,186661.5,186658.5,True,186658.5,3.31,2.97,600.0,AGRO,alfabetica,,2,iteracao,curso_pares,180.0,180.0,600.0,14400.0,False,False,alfabetica,,alfabetica,,./dados/2024_1/horarios_2024_1.xlsx,./dados/2024_1/salas_2024_1.csv,./dados/2024_1/salas_preferenciais_2024.1.xlsx,/Users/robertdrey/Documents/workspace/development/alocador_de_salas,resultados/experimentos/2024_1/novas_hibridas/curso_pares/melhor_solucao.sol,resultados/experimentos/2024_1/novas_hibridas/curso_pares/historico.csv,resultados/experimentos/2024_1/novas_hibridas/curso_pares/historico.json,180.0,1,180.0,600.0,1,0,,,
1,1,3,curso,CC,47,10534,84456,OPTIMAL,186658.5,186658.5,False,186658.5,1.04,0.7,600.0,CC,alfabetica,,3,iteracao,curso_pares,180.0,180.0,600.0,14400.0,False,False,alfabetica,,alfabetica,,./dados/2024_1/horarios_2024_1.xlsx,./dados/2024_1/salas_2024_1.csv,./dados/2024_1/salas_preferenciais_2024.1.xlsx,/Users/robertdrey/Documents/workspace/development/alocador_de_salas,resultados/experimentos/2024_1/novas_hibridas/curso_pares/melhor_solucao.sol,resultados/experimentos/2024_1/novas_hibridas/curso_pares/historico.csv,resultados/experimentos/2024_1/novas_hibridas/curso_pares/historico.json,180.0,1,180.0,600.0,1,0,,,
1,1,4,curso,CS,22,4554,90436,OPTIMAL,186658.5,186658.5,False,186658.5,0.63,0.31,600.0,CS,alfabetica,,4,iteracao,curso_pares,180.0,180.0,600.0,14400.0,False,False,alfabetica,,alfabetica,,./dados/2024_1/horarios_2024_1.xlsx,./dados/2024_1/salas_2024_1.csv,./dados/2024_1/salas_preferenciais_2024.1.xlsx,/Users/robertdrey/Documents/workspace/development/alocador_de_salas,resultados/experimentos/2024_1/novas_hibridas/curso_pares/melhor_solucao.sol,resultados/experimentos/2024_1/novas_hibridas/curso_pares/historico.csv,resultados/experimentos/2024_1/novas_hibridas/curso_pares/historico.json,180.0,1,180.0,600.0,1,0,,,
1,1,5,curso,EAS,45,7452,87538,OPTIMAL,186658.5,186648.5,True,186648.5,0.69,0.37,600.0,EAS,alfabetica,,5,iteracao,curso_pares,180.0,180.0,600.0,14400.0,False,False,alfabetica,,alfabetica,,./dados/2024_1/horarios_2024_1.xlsx,./dados/2024_1/salas_2024_1.csv,./dados/2024_1/salas_preferenciais_2024.1.xlsx,/Users/robertdrey/Documents/workspace/development/alocador_de_salas,resultados/experimentos/2024_1/novas_hibridas/curso_pares/melhor_solucao.sol,resultados/experimentos/2024_1/novas_hibridas/curso_pares/historico.csv,resultados/experimentos/2024_1/novas_hibridas/curso_pares/historico.json,180.0,1,180.0,600.0,1,0,,,
1,1,6,curso,ENF,18,8510,86480,OPTIMAL,186648.5,186355.5,True,186355.5,2.74,2.41,600.0,ENF,alfabetica,,6,iteracao,curso_pares,180.0,180.0,600.0,14400.0,False,False,alfabetica,,alfabetica,,./dados/2024_1/horarios_2024_1.xlsx,./dados/2024_1/salas_2024_1.csv,./dados/2024_1/salas_preferenciais_2024.1.xlsx,/Users/robertdrey/Documents/workspace/development/alocador_de_salas,resultados/experimentos/2024_1/novas_hibridas/curso_pares/melhor_solucao.sol,resultados/experimentos/2024_1/novas_hibridas/curso_pares/historico.csv,resultados/experimentos/2024_1/novas_hibridas/curso_pares/historico.json,180.0,1,180.0,600.0,1,0,,,
1,1,7,curso,FIL,15,2760,92230,OPTIMAL,186355.5,186355.5,False,186355.5,0.58,0.26,600.0,FIL,alfabetica,,7,iteracao,curso_pares,180.0,180.0,600.0,14400.0,False,False,alfabetica,,alfabetica,,./dados/2024_1/horarios_2024_1.xlsx,./dados/2024_1/salas_2024_1.csv,./dados/2024_1/salas_preferenciais_2024.1.xlsx,/Users/robertdrey/Documents/workspace/development/alocador_de_salas,resultados/experimentos/2024_1/novas_hibridas/curso_pares/melhor_solucao.sol,resultados/experimentos/2024_1/novas_hibridas/curso_pares/historico.csv,resultados/experimentos/2024_1/novas_hibridas/curso_pares/historico.json,180.0,1,180.0,600.0,1,0,,,
1,1,8,curso,GEO,10,2070,92920,OPTIMAL,186355.5,186355.5,False,186355.5,0.6,0.27,600.0,GEO,alfabetica,,8,iteracao,curso_pares,180.0,180.0,600.0,14400.0,False,False,alfabetica,,alfabetica,,./dados/2024_1/horarios_2024_1.xlsx,./dados/2024_1/salas_2024_1.csv,./dados/2024_1/salas_preferenciais_2024.1.xlsx,/Users/robertdrey/Documents/workspace/development/alocador_de_salas,resultados/experimentos/2024_1/novas_hibridas/curso_pares/melhor_solucao.sol,resultados/experimentos/2024_1/novas_hibridas/curso_pares/historico.csv,resultados/experimentos/2024_1/novas_hibridas/curso_pares/historico.json,180.0,1,180.0,600.0,1,0,,,
1,1,9,curso,HIS,24,4784,90206,OPTIMAL,186355.5,186355.5,False,186355.5,0.66,0.34,600.0,HIS,alfabetica,,9,iteracao,curso_pares,180.0,180.0,600.0,14400.0,False,False,alfabetica,,alfabetica,,./dados/2024_1/horarios_2024_1.xlsx,./dados/2024_1/salas_2024_1.csv,./dados/2024_1/salas_preferenciais_2024.1.xlsx,/Users/robertdrey/Documents/workspace/development/alocador_de_salas,resultados/experimentos/2024_1/novas_hibridas/curso_pares/melhor_solucao.sol,resultados/experimentos/2024_1/novas_hibridas/curso_pares/historico.csv,resultados/experimentos/2024_1/novas_hibridas/curso_pares/historico.json,180.0,1,180.0,600.0,1,0,,,
1,1,10,curso,LET,36,9154,85836,OPTIMAL,186355.5,186355.5,False,186355.5,3.1,2.78,600.0,LET,alfabetica,,10,iteracao,curso_pares,180.0,180.0,600.0,14400.0,False,False,alfabetica,,alfabetica,,./dados/2024_1/horarios_2024_1.xlsx,./dados/2024_1/salas_2024_1.csv,./dados/2024_1/salas_preferenciais_2024.1.xlsx,/Users/robertdrey/Documents/workspace/development/alocador_de_salas,resultados/experimentos/2024_1/novas_hibridas/curso_pares/melhor_solucao.sol,resultados/experimentos/2024_1/novas_hibridas/curso_pares/historico.csv,resultados/experimentos/2024_1/novas_hibridas/curso_pares/historico.json,180.0,1,180.0,600.0,1,0,,,
1,1,11,curso,MAT,23,4968,90022,OPTIMAL,186355.5,186325.5,True,186325.5,0.66,0.34,600.0,MAT,alfabetica,,11,iteracao,curso_pares,180.0,180.0,600.0,14400.0,False,False,alfabetica,,alfabetica,,./dados/2024_1/horarios_2024_1.xlsx,./dados/2024_1/salas_2024_1.csv,./dados/2024_1/salas_preferenciais_2024.1.xlsx,/Users/robertdrey/Documents/workspace/development/alocador_de_salas,resultados/experimentos/2024_1/novas_hibridas/curso_pares/melhor_solucao.sol,resultados/experimentos/2024_1/novas_hibridas/curso_pares/historico.csv,resultados/experimentos/2024_1/novas_hibridas/curso_pares/historico.json,180.0,1,180.0,600.0,1,0,,,
1,1,12,curso,MED,41,9384,85606,OPTIMAL,186325.5,186325.5,False,186325.5,1.09,0.77,600.0,MED,alfabetica,,12,iteracao,curso_pares,180.0,180.0,600.0,14400.0,False,False,alfabetica,,alfabetica,,./dados/2024_1/horarios_2024_1.xlsx,./dados/2024_1/salas_2024_1.csv,./dados/2024_1/salas_preferenciais_2024.1.xlsx,/Users/robertdrey/Documents/workspace/development/alocador_de_salas,resultados/experimentos/2024_1/novas_hibridas/curso_pares/melhor_solucao.sol,resultados/experimentos/2024_1/novas_hibridas/curso_pares/historico.csv,resultados/experimentos/2024_1/novas_hibridas/curso_pares/historico.json,180.0,1,180.0,600.0,1,0,,,
1,1,13,curso,PED,56,12788,82202,OPTIMAL,186325.5,186275.5,True,186275.5,2.53,2.21,600.0,PED,alfabetica,,13,iteracao,curso_pares,180.0,180.0,600.0,14400.0,False,False,alfabetica,,alfabetica,,./dados/2024_1/horarios_2024_1.xlsx,./dados/2024_1/salas_2024_1.csv,./dados/2024_1/salas_preferenciais_2024.1.xlsx,/Users/robertdrey/Documents/workspace/development/alocador_de_salas,resultados/experimentos/2024_1/novas_hibridas/curso_pares/melhor_solucao.sol,resultados/experimentos/2024_1/novas_hibridas/curso_pares/historico.csv,resultados/experimentos/2024_1/novas_hibridas/curso_pares/historico.json,180.0,1,180.0,600.0,1,0,,,
1,2,1,curso,ADM,48,9292,85698,OPTIMAL,186275.5,186275.5,False,186275.5,0.94,0.61,600.0,ADM,alfabetica,,1,iteracao,curso_pares,180.0,180.0,600.0,14400.0,False,False,alfabetica,,alfabetica,,./dados/2024_1/horarios_2024_1.xlsx,./dados/2024_1/salas_2024_1.csv,./dados/2024_1/salas_preferenciais_2024.1.xlsx,/Users/robertdrey/Documents/workspace/development/alocador_de_salas,resultados/experimentos/2024_1/novas_hibridas/curso_pares/melhor_solucao.sol,resultados/experimentos/2024_1/novas_hibridas/curso_pares/historico.csv,resultados/experimentos/2024_1/novas_hibridas/curso_pares/historico.json,180.0,1,180.0,600.0,1,0,,,
1,2,2,curso,AGRO,51,8740,86250,OPTIMAL,186275.5,186275.5,False,186275.5,3.55,3.23,600.0,AGRO,alfabetica,,2,iteracao,curso_pares,180.0,180.0,600.0,14400.0,False,False,alfabetica,,alfabetica,,./dados/2024_1/horarios_2024_1.xlsx,./dados/2024_1/salas_2024_1.csv,./dados/2024_1/salas_preferenciais_2024.1.xlsx,/Users/robertdrey/Documents/workspace/development/alocador_de_salas,resultados/experimentos/2024_1/novas_hibridas/curso_pares/melhor_solucao.sol,resultados/experimentos/2024_1/novas_hibridas/curso_pares/historico.csv,resultados/experimentos/2024_1/novas_hibridas/curso_pares/historico.json,180.0,1,180.0,600.0,1,0,,,
1,2,3,curso,CC,47,10534,84456,OPTIMAL,186275.5,186275.5,False,186275.5,1.07,0.75,600.0,CC,alfabetica,,3,iteracao,curso_pares,180.0,180.0,600.0,14400.0,False,False,alfabetica,,alfabetica,,./dados/2024_1/horarios_2024_1.xlsx,./dados/2024_1/salas_2024_1.csv,./dados/2024_1/salas_preferenciais_2024.1.xlsx,/Users/robertdrey/Documents/workspace/development/alocador_de_salas,resultados/experimentos/2024_1/novas_hibridas/curso_pares/melhor_solucao.sol,resultados/experimentos/2024_1/novas_hibridas/curso_pares/historico.csv,resultados/experimentos/2024_1/novas_hibridas/curso_pares/historico.json,180.0,1,180.0,600.0,1,0,,,
1,2,4,curso,CS,22,4554,90436,OPTIMAL,186275.5,186275.5,False,186275.5,0.64,0.31,600.0,CS,alfabetica,,4,iteracao,curso_pares,180.0,180.0,600.0,14400.0,False,False,alfabetica,,alfabetica,,./dados/2024_1/horarios_2024_1.xlsx,./dados/2024_1/salas_2024_1.csv,./dados/2024_1/salas_preferenciais_2024.1.xlsx,/Users/robertdrey/Documents/workspace/development/alocador_de_salas,resultados/experimentos/2024_1/novas_hibridas/curso_pares/melhor_solucao.sol,resultados/experimentos/2024_1/novas_hibridas/curso_pares/historico.csv,resultados/experimentos/2024_1/novas_hibridas/curso_pares/historico.json,180.0,1,180.0,600.0,1,0,,,
1,2,5,curso,EAS,45,7452,87538,OPTIMAL,186275.5,186275.5,False,186275.5,0.69,0.37,600.0,EAS,alfabetica,,5,iteracao,curso_pares,180.0,180.0,600.0,14400.0,False,False,alfabetica,,alfabetica,,./dados/2024_1/horarios_2024_1.xlsx,./dados/2024_1/salas_2024_1.csv,./dados/2024_1/salas_preferenciais_2024.1.xlsx,/Users/robertdrey/Documents/workspace/development/alocador_de_salas,resultados/experimentos/2024_1/novas_hibridas/curso_pares/melhor_solucao.sol,resultados/experimentos/2024_1/novas_hibridas/curso_pares/historico.csv,resultados/experimentos/2024_1/novas_hibridas/curso_pares/historico.json,180.0,1,180.0,600.0,1,0,,,
1,2,6,curso,ENF,18,8510,86480,OPTIMAL,186275.5,186275.5,False,186275.5,2.6,2.28,600.0,ENF,alfabetica,,6,iteracao,curso_pares,180.0,180.0,600.0,14400.0,False,False,alfabetica,,alfabetica,,./dados/2024_1/horarios_2024_1.xlsx,./dados/2024_1/salas_2024_1.csv,./dados/2024_1/salas_preferenciais_2024.1.xlsx,/Users/robertdrey/Documents/workspace/development/alocador_de_salas,resultados/experimentos/2024_1/novas_hibridas/curso_pares/melhor_solucao.sol,resultados/experimentos/2024_1/novas_hibridas/curso_pares/historico.csv,resultados/experimentos/2024_1/novas_hibridas/curso_pares/historico.json,180.0,1,180.0,600.0,1,0,,,
1,2,7,curso,FIL,15,2760,92230,OPTIMAL,186275.5,186275.5,False,186275.5,0.58,0.26,600.0,FIL,alfabetica,,7,iteracao,curso_pares,180.0,180.0,600.0,14400.0,False,False,alfabetica,,alfabetica,,./dados/2024_1/horarios_2024_1.xlsx,./dados/2024_1/salas_2024_1.csv,./dados/2024_1/salas_preferenciais_2024.1.xlsx,/Users/robertdrey/Documents/workspace/development/alocador_de_salas,resultados/experimentos/2024_1/novas_hibridas/curso_pares/melhor_solucao.sol,resultados/experimentos/2024_1/novas_hibridas/curso_pares/historico.csv,resultados/experimentos/2024_1/novas_hibridas/curso_pares/historico.json,180.0,1,180.0,600.0,1,0,,,
1,2,8,curso,GEO,10,2070,92920,OPTIMAL,186275.5,186275.5,False,186275.5,0.58,0.26,600.0,GEO,alfabetica,,8,iteracao,curso_pares,180.0,180.0,600.0,14400.0,False,False,alfabetica,,alfabetica,,./dados/2024_1/horarios_2024_1.xlsx,./dados/2024_1/salas_2024_1.csv,./dados/2024_1/salas_preferenciais_2024.1.xlsx,/Users/robertdrey/Documents/workspace/development/alocador_de_salas,resultados/experimentos/2024_1/novas_hibridas/curso_pares/melhor_solucao.sol,resultados/experimentos/2024_1/novas_hibridas/curso_pares/historico.csv,resultados/experimentos/2024_1/novas_hibridas/curso_pares/historico.json,180.0,1,180.0,600.0,1,0,,,
1,2,9,curso,HIS,24,4784,90206,OPTIMAL,186275.5,186275.5,False,186275.5,0.62,0.3,600.0,HIS,alfabetica,,9,iteracao,curso_pares,180.0,180.0,600.0,14400.0,False,False,alfabetica,,alfabetica,,./dados/2024_1/horarios_2024_1.xlsx,./dados/2024_1/salas_2024_1.csv,./dados/2024_1/salas_preferenciais_2024.1.xlsx,/Users/robertdrey/Documents/workspace/development/alocador_de_salas,resultados/experimentos/2024_1/novas_hibridas/curso_pares/melhor_solucao.sol,resultados/experimentos/2024_1/novas_hibridas/curso_pares/historico.csv,resultados/experimentos/2024_1/novas_hibridas/curso_pares/historico.json,180.0,1,180.0,600.0,1,0,,,
1,2,10,curso,LET,36,9154,85836,OPTIMAL,186275.5,186275.5,False,186275.5,2.5,2.18,600.0,LET,alfabetica,,10,iteracao,curso_pares,180.0,180.0,600.0,14400.0,False,False,alfabetica,,alfabetica,,./dados/2024_1/horarios_2024_1.xlsx,./dados/2024_1/salas_2024_1.csv,./dados/2024_1/salas_preferenciais_2024.1.xlsx,/Users/robertdrey/Documents/workspace/development/alocador_de_salas,resultados/experimentos/2024_1/novas_hibridas/curso_pares/melhor_solucao.sol,resultados/experimentos/2024_1/novas_hibridas/curso_pares/historico.csv,resultados/experimentos/2024_1/novas_hibridas/curso_pares/historico.json,180.0,1,180.0,600.0,1,0,,,
1,2,11,curso,MAT,23,4968,90022,OPTIMAL,186275.5,186275.5,False,186275.5,0.65,0.33,600.0,MAT,alfabetica,,11,iteracao,curso_pares,180.0,180.0,600.0,14400.0,False,False,alfabetica,,alfabetica,,./dados/2024_1/horarios_2024_1.xlsx,./dados/2024_1/salas_2024_1.csv,./dados/2024_1/salas_preferenciais_2024.1.xlsx,/Users/robertdrey/Documents/workspace/development/alocador_de_salas,resultados/experimentos/2024_1/novas_hibridas/curso_pares/melhor_solucao.sol,resultados/experimentos/2024_1/novas_hibridas/curso_pares/historico.csv,resultados/experimentos/2024_1/novas_hibridas/curso_pares/historico.json,180.0,1,180.0,600.0,1,0,,,
1,2,12,curso,MED,41,9384,85606,OPTIMAL,186275.5,186275.5,False,186275.5,1.19,0.86,600.0,MED,alfabetica,,12,iteracao,curso_pares,180.0,180.0,600.0,14400.0,False,False,alfabetica,,alfabetica,,./dados/2024_1/horarios_2024_1.xlsx,./dados/2024_1/salas_2024_1.csv,./dados/2024_1/salas_preferenciais_2024.1.xlsx,/Users/robertdrey/Documents/workspace/development/alocador_de_salas,resultados/experimentos/2024_1/novas_hibridas/curso_pares/melhor_solucao.sol,resultados/experimentos/2024_1/novas_hibridas/curso_pares/historico.csv,resultados/experimentos/2024_1/novas_hibridas/curso_pares/historico.json,180.0,1,180.0,600.0,1,0,,,
1,2,13,curso,PED,56,12788,82202,OPTIMAL,186275.5,186275.5,False,186275.5,3.87,3.54,600.0,PED,alfabetica,,13,iteracao,curso_pares,180.0,180.0,600.0,14400.0,False,False,alfabetica,,alfabetica,,./dados/2024_1/horarios_2024_1.xlsx,./dados/2024_1/salas_2024_1.csv,./dados/2024_1/salas_preferenciais_2024.1.xlsx,/Users/robertdrey/Documents/workspace/development/alocador_de_salas,resultados/experimentos/2024_1/novas_hibridas/curso_pares/melhor_solucao.sol,resultados/experimentos/2024_1/novas_hibridas/curso_pares/historico.csv,resultados/experimentos/2024_1/novas_hibridas/curso_pares/historico.json,180.0,1,180.0,600.0,1,0,,,
1,3,1,par_cursos,ADM+AGRO,99,18032,76958,OPTIMAL,186275.5,186275.5,False,186275.5,7.93,7.61,600.0,,alfabetica,,,iteracao,curso_pares,180.0,180.0,600.0,14400.0,False,False,alfabetica,,alfabetica,,./dados/2024_1/horarios_2024_1.xlsx,./dados/2024_1/salas_2024_1.csv,./dados/2024_1/salas_preferenciais_2024.1.xlsx,/Users/robertdrey/Documents/workspace/development/alocador_de_salas,resultados/experimentos/2024_1/novas_hibridas/curso_pares/melhor_solucao.sol,resultados/experimentos/2024_1/novas_hibridas/curso_pares/historico.csv,resultados/experimentos/2024_1/novas_hibridas/curso_pares/historico.json,180.0,1,180.0,600.0,1,0,ADM,AGRO,1
1,3,2,par_cursos,ADM+CC,95,19826,75164,OPTIMAL,186275.5,186275.5,False,186275.5,2.32,1.99,600.0,,alfabetica,,,iteracao,curso_pares,180.0,180.0,600.0,14400.0,False,False,alfabetica,,alfabetica,,./dados/2024_1/horarios_2024_1.xlsx,./dados/2024_1/salas_2024_1.csv,./dados/2024_1/salas_preferenciais_2024.1.xlsx,/Users/robertdrey/Documents/workspace/development/alocador_de_salas,resultados/experimentos/2024_1/novas_hibridas/curso_pares/melhor_solucao.sol,resultados/experimentos/2024_1/novas_hibridas/curso_pares/historico.csv,resultados/experimentos/2024_1/novas_hibridas/curso_pares/historico.json,180.0,1,180.0,600.0,1,0,ADM,CC,2
1,3,3,par_cursos,ADM+CS,70,13846,81144,OPTIMAL,186275.5,186275.5,False,186275.5,1.52,1.18,600.0,,alfabetica,,,iteracao,curso_pares,180.0,180.0,600.0,14400.0,False,False,alfabetica,,alfabetica,,./dados/2024_1/horarios_2024_1.xlsx,./dados/2024_1/salas_2024_1.csv,./dados/2024_1/salas_preferenciais_2024.1.xlsx,/Users/robertdrey/Documents/workspace/development/alocador_de_salas,resultados/experimentos/2024_1/novas_hibridas/curso_pares/melhor_solucao.sol,resultados/experimentos/2024_1/novas_hibridas/curso_pares/historico.csv,resultados/experimentos/2024_1/novas_hibridas/curso_pares/historico.json,180.0,1,180.0,600.0,1,0,ADM,CS,3
1,3,4,par_cursos,ADM+EAS,93,16744,78246,OPTIMAL,186275.5,186270.5,True,186270.5,1.5,1.15,600.0,,alfabetica,,,iteracao,curso_pares,180.0,180.0,600.0,14400.0,False,False,alfabetica,,alfabetica,,./dados/2024_1/horarios_2024_1.xlsx,./dados/2024_1/salas_2024_1.csv,./dados/2024_1/salas_preferenciais_2024.1.xlsx,/Users/robertdrey/Documents/workspace/development/alocador_de_salas,resultados/experimentos/2024_1/novas_hibridas/curso_pares/melhor_solucao.sol,resultados/experimentos/2024_1/novas_hibridas/curso_pares/historico.csv,resultados/experimentos/2024_1/novas_hibridas/curso_pares/historico.json,180.0,1,180.0,600.0,1,0,ADM,EAS,4
1,3,5,par_cursos,ADM+ENF,66,17802,77188,OPTIMAL,186270.5,186270.5,False,186270.5,27.82,27.49,600.0,,alfabetica,,,iteracao,curso_pares,180.0,180.0,600.0,14400.0,False,False,alfabetica,,alfabetica,,./dados/2024_1/horarios_2024_1.xlsx,./dados/2024_1/salas_2024_1.csv,./dados/2024_1/salas_preferenciais_2024.1.xlsx,/Users/robertdrey/Documents/workspace/development/alocador_de_salas,resultados/experimentos/2024_1/novas_hibridas/curso_pares/melhor_solucao.sol,resultados/experimentos/2024_1/novas_hibridas/curso_pares/historico.csv,resultados/experimentos/2024_1/novas_hibridas/curso_pares/historico.json,180.0,1,180.0,600.0,1,0,ADM,ENF,5
1,3,6,par_cursos,ADM+FIL,63,12052,82938,OPTIMAL,186270.5,186270.5,False,186270.5,1.04,0.71,600.0,,alfabetica,,,iteracao,curso_pares,180.0,180.0,600.0,14400.0,False,False,alfabetica,,alfabetica,,./dados/2024_1/horarios_2024_1.xlsx,./dados/2024_1/salas_2024_1.csv,./dados/2024_1/salas_preferenciais_2024.1.xlsx,/Users/robertdrey/Documents/workspace/development/alocador_de_salas,resultados/experimentos/2024_1/novas_hibridas/curso_pares/melhor_solucao.sol,resultados/experimentos/2024_1/novas_hibridas/curso_pares/historico.csv,resultados/experimentos/2024_1/novas_hibridas/curso_pares/historico.json,180.0,1,180.0,600.0,1,0,ADM,FIL,6
1,3,7,par_cursos,ADM+GEO,58,11362,83628,OPTIMAL,186270.5,186270.5,False,186270.5,1.02,0.69,600.0,,alfabetica,,,iteracao,curso_pares,180.0,180.0,600.0,14400.0,False,False,alfabetica,,alfabetica,,./dados/2024_1/horarios_2024_1.xlsx,./dados/2024_1/salas_2024_1.csv,./dados/2024_1/salas_preferenciais_2024.1.xlsx,/Users/robertdrey/Documents/workspace/development/alocador_de_salas,resultados/experimentos/2024_1/novas_hibridas/curso_pares/melhor_solucao.sol,resultados/experimentos/2024_1/novas_hibridas/curso_pares/historico.csv,resultados/experimentos/2024_1/novas_hibridas/curso_pares/historico.json,180.0,1,180.0,600.0,1,0,ADM,GEO,7
1,3,8,par_cursos,ADM+HIS,72,14076,80914,OPTIMAL,186270.5,186270.5,False,186270.5,1.48,1.15,600.0,,alfabetica,,,iteracao,curso_pares,180.0,180.0,600.0,14400.0,False,False,alfabetica,,alfabetica,,./dados/2024_1/horarios_2024_1.xlsx,./dados/2024_1/salas_2024_1.csv,./dados/2024_1/salas_preferenciais_2024.1.xlsx,/Users/robertdrey/Documents/workspace/development/alocador_de_salas,resultados/experimentos/2024_1/novas_hibridas/curso_pares/melhor_solucao.sol,resultados/experimentos/2024_1/novas_hibridas/curso_pares/historico.csv,resultados/experimentos/2024_1/novas_hibridas/curso_pares/historico.json,180.0,1,180.0,600.0,1,0,ADM,HIS,8
1,3,9,par_cursos,ADM+LET,84,18446,76544,OPTIMAL,186270.5,186254.5,True,186254.5,156.76,156.44,600.0,,alfabetica,,,iteracao,curso_pares,180.0,180.0,600.0,14400.0,False,False,alfabetica,,alfabetica,,./dados/2024_1/horarios_2024_1.xlsx,./dados/2024_1/salas_2024_1.csv,./dados/2024_1/salas_preferenciais_2024.1.xlsx,/Users/robertdrey/Documents/workspace/development/alocador_de_salas,resultados/experimentos/2024_1/novas_hibridas/curso_pares/melhor_solucao.sol,resultados/experimentos/2024_1/novas_hibridas/curso_pares/historico.csv,resultados/experimentos/2024_1/novas_hibridas/curso_pares/historico.json,180.0,1,180.0,600.0,1,0,ADM,LET,9
1,3,10,par_cursos,ADM+MAT,71,14260,80730,OPTIMAL,186254.5,186254.5,False,186254.5,1.9,1.54,600.0,,alfabetica,,,iteracao,curso_pares,180.0,180.0,600.0,14400.0,False,False,alfabetica,,alfabetica,,./dados/2024_1/horarios_2024_1.xlsx,./dados/2024_1/salas_2024_1.csv,./dados/2024_1/salas_preferenciais_2024.1.xlsx,/Users/robertdrey/Documents/workspace/development/alocador_de_salas,resultados/experimentos/2024_1/novas_hibridas/curso_pares/melhor_solucao.sol,resultados/experimentos/2024_1/novas_hibridas/curso_pares/historico.csv,resultados/experimentos/2024_1/novas_hibridas/curso_pares/historico.json,180.0,1,180.0,600.0,1,0,ADM,MAT,10
1,3,11,par_cursos,ADM+MED,89,18676,76314,OPTIMAL,186254.5,186254.5,False,186254.5,2.84,2.48,600.0,,alfabetica,,,iteracao,curso_pares,180.0,180.0,600.0,14400.0,False,False,alfabetica,,alfabetica,,./dados/2024_1/horarios_2024_1.xlsx,./dados/2024_1/salas_2024_1.csv,./dados/2024_1/salas_preferenciais_2024.1.xlsx,/Users/robertdrey/Documents/workspace/development/alocador_de_salas,resultados/experimentos/2024_1/novas_hibridas/curso_pares/melhor_solucao.sol,resultados/experimentos/2024_1/novas_hibridas/curso_pares/historico.csv,resultados/experimentos/2024_1/novas_hibridas/curso_pares/historico.json,180.0,1,180.0,600.0,1,0,ADM,MED,11
1,3,12,par_cursos,ADM+PED,104,22080,72910,TIME_LIMIT,186254.5,186180.0,True,186180.0,600.5,600.15,600.0,,alfabetica,,,iteracao,curso_pares,180.0,180.0,600.0,14400.0,False,False,alfabetica,,alfabetica,,./dados/2024_1/horarios_2024_1.xlsx,./dados/2024_1/salas_2024_1.csv,./dados/2024_1/salas_preferenciais_2024.1.xlsx,/Users/robertdrey/Documents/workspace/development/alocador_de_salas,resultados/experimentos/2024_1/novas_hibridas/curso_pares/melhor_solucao.sol,resultados/experimentos/2024_1/novas_hibridas/curso_pares/historico.csv,resultados/experimentos/2024_1/novas_hibridas/curso_pares/historico.json,180.0,1,180.0,600.0,1,0,ADM,PED,12
1,3,13,par_cursos,AGRO+CC,98,19274,75716,OPTIMAL,186180.0,186180.0,False,186180.0,56.83,56.39,600.0,,alfabetica,,,iteracao,curso_pares,180.0,180.0,600.0,14400.0,False,False,alfabetica,,alfabetica,,./dados/2024_1/horarios_2024_1.xlsx,./dados/2024_1/salas_2024_1.csv,./dados/2024_1/salas_preferenciais_2024.1.xlsx,/Users/robertdrey/Documents/workspace/development/alocador_de_salas,resultados/experimentos/2024_1/novas_hibridas/curso_pares/melhor_solucao.sol,resultados/experimentos/2024_1/novas_hibridas/curso_pares/historico.csv,resultados/experimentos/2024_1/novas_hibridas/curso_pares/historico.json,180.0,1,180.0,600.0,1,0,AGRO,CC,13
1,3,14,par_cursos,AGRO+CS,73,13294,81696,OPTIMAL,186180.0,186175.0,True,186175.0,4.21,3.89,600.0,,alfabetica,,,iteracao,curso_pares,180.0,180.0,600.0,14400.0,False,False,alfabetica,,alfabetica,,./dados/2024_1/horarios_2024_1.xlsx,./dados/2024_1/salas_2024_1.csv,./dados/2024_1/salas_preferenciais_2024.1.xlsx,/Users/robertdrey/Documents/workspace/development/alocador_de_salas,resultados/experimentos/2024_1/novas_hibridas/curso_pares/melhor_solucao.sol,resultados/experimentos/2024_1/novas_hibridas/curso_pares/historico.csv,resultados/experimentos/2024_1/novas_hibridas/curso_pares/historico.json,180.0,1,180.0,600.0,1,0,AGRO,CS,14
1,3,15,par_cursos,AGRO+EAS,96,16192,78798,OPTIMAL,186175.0,186175.0,False,186175.0,6.78,6.45,600.0,,alfabetica,,,iteracao,curso_pares,180.0,180.0,600.0,14400.0,False,False,alfabetica,,alfabetica,,./dados/2024_1/horarios_2024_1.xlsx,./dados/2024_1/salas_2024_1.csv,./dados/2024_1/salas_preferenciais_2024.1.xlsx,/Users/robertdrey/Documents/workspace/development/alocador_de_salas,resultados/experimentos/2024_1/novas_hibridas/curso_pares/melhor_solucao.sol,resultados/experimentos/2024_1/novas_hibridas/curso_pares/historico.csv,resultados/experimentos/2024_1/novas_hibridas/curso_pares/historico.json,180.0,1,180.0,600.0,1,0,AGRO,EAS,15
1,3,16,par_cursos,AGRO+ENF,69,17250,77740,OPTIMAL,186175.0,186156.5,True,186156.5,161.7,161.4,600.0,,alfabetica,,,iteracao,curso_pares,180.0,180.0,600.0,14400.0,False,False,alfabetica,,alfabetica,,./dados/2024_1/horarios_2024_1.xlsx,./dados/2024_1/salas_2024_1.csv,./dados/2024_1/salas_preferenciais_2024.1.xlsx,/Users/robertdrey/Documents/workspace/development/alocador_de_salas,resultados/experimentos/2024_1/novas_hibridas/curso_pares/melhor_solucao.sol,resultados/experimentos/2024_1/novas_hibridas/curso_pares/historico.csv,resultados/experimentos/2024_1/novas_hibridas/curso_pares/historico.json,180.0,1,180.0,600.0,1,0,AGRO,ENF,16
1,3,17,par_cursos,AGRO+FIL,66,11500,83490,OPTIMAL,186156.5,186156.5,False,186156.5,3.22,2.92,600.0,,alfabetica,,,iteracao,curso_pares,180.0,180.0,600.0,14400.0,False,False,alfabetica,,alfabetica,,./dados/2024_1/horarios_2024_1.xlsx,./dados/2024_1/salas_2024_1.csv,./dados/2024_1/salas_preferenciais_2024.1.xlsx,/Users/robertdrey/Documents/workspace/development/alocador_de_salas,resultados/experimentos/2024_1/novas_hibridas/curso_pares/melhor_solucao.sol,resultados/experimentos/2024_1/novas_hibridas/curso_pares/historico.csv,resultados/experimentos/2024_1/novas_hibridas/curso_pares/historico.json,180.0,1,180.0,600.0,1,0,AGRO,FIL,17
1,3,18,par_cursos,AGRO+GEO,61,10810,84180,OPTIMAL,186156.5,186156.5,False,186156.5,3.52,3.19,600.0,,alfabetica,,,iteracao,curso_pares,180.0,180.0,600.0,14400.0,False,False,alfabetica,,alfabetica,,./dados/2024_1/horarios_2024_1.xlsx,./dados/2024_1/salas_2024_1.csv,./dados/2024_1/salas_preferenciais_2024.1.xlsx,/Users/robertdrey/Documents/workspace/development/alocador_de_salas,resultados/experimentos/2024_1/novas_hibridas/curso_pares/melhor_solucao.sol,resultados/experimentos/2024_1/novas_hibridas/curso_pares/historico.csv,resultados/experimentos/2024_1/novas_hibridas/curso_pares/historico.json,180.0,1,180.0,600.0,1,0,AGRO,GEO,18
1,3,19,par_cursos,AGRO+HIS,75,13524,81466,OPTIMAL,186156.5,186156.5,False,186156.5,4.11,3.79,600.0,,alfabetica,,,iteracao,curso_pares,180.0,180.0,600.0,14400.0,False,False,alfabetica,,alfabetica,,./dados/2024_1/horarios_2024_1.xlsx,./dados/2024_1/salas_2024_1.csv,./dados/2024_1/salas_preferenciais_2024.1.xlsx,/Users/robertdrey/Documents/workspace/development/alocador_de_salas,resultados/experimentos/2024_1/novas_hibridas/curso_pares/melhor_solucao.sol,resultados/experimentos/2024_1/novas_hibridas/curso_pares/historico.csv,resultados/experimentos/2024_1/novas_hibridas/curso_pares/historico.json,180.0,1,180.0,600.0,1,0,AGRO,HIS,19
1,3,20,par_cursos,AGRO+LET,87,17894,77096,OPTIMAL,186156.5,186156.5,False,186156.5,45.98,45.68,600.0,,alfabetica,,,iteracao,curso_pares,180.0,180.0,600.0,14400.0,False,False,alfabetica,,alfabetica,,./dados/2024_1/horarios_2024_1.xlsx,./dados/2024_1/salas_2024_1.csv,./dados/2024_1/salas_preferenciais_2024.1.xlsx,/Users/robertdrey/Documents/workspace/development/alocador_de_salas,resultados/experimentos/2024_1/novas_hibridas/curso_pares/melhor_solucao.sol,resultados/experimentos/2024_1/novas_hibridas/curso_pares/historico.csv,resultados/experimentos/2024_1/novas_hibridas/curso_pares/historico.json,180.0,1,180.0,600.0,1,0,AGRO,LET,20
1,3,21,par_cursos,AGRO+MAT,74,13708,81282,OPTIMAL,186156.5,186156.5,False,186156.5,3.87,3.57,600.0,,alfabetica,,,iteracao,curso_pares,180.0,180.0,600.0,14400.0,False,False,alfabetica,,alfabetica,,./dados/2024_1/horarios_2024_1.xlsx,./dados/2024_1/salas_2024_1.csv,./dados/2024_1/salas_preferenciais_2024.1.xlsx,/Users/robertdrey/Documents/workspace/development/alocador_de_salas,resultados/experimentos/2024_1/novas_hibridas/curso_pares/melhor_solucao.sol,resultados/experimentos/2024_1/novas_hibridas/curso_pares/historico.csv,resultados/experimentos/2024_1/novas_hibridas/curso_pares/historico.json,180.0,1,180.0,600.0,1,0,AGRO,MAT,21
1,3,22,par_cursos,AGRO+MED,92,18124,76866,TIME_LIMIT,186156.5,185945.0,True,185945.0,600.38,600.04,600.0,,alfabetica,,,iteracao,curso_pares,180.0,180.0,600.0,14400.0,False,False,alfabetica,,alfabetica,,./dados/2024_1/horarios_2024_1.xlsx,./dados/2024_1/salas_2024_1.csv,./dados/2024_1/salas_preferenciais_2024.1.xlsx,/Users/robertdrey/Documents/workspace/development/alocador_de_salas,resultados/experimentos/2024_1/novas_hibridas/curso_pares/melhor_solucao.sol,resultados/experimentos/2024_1/novas_hibridas/curso_pares/historico.csv,resultados/experimentos/2024_1/novas_hibridas/curso_pares/historico.json,180.0,1,180.0,600.0,1,0,AGRO,MED,22
1,3,23,par_cursos,AGRO+PED,107,21528,73462,OPTIMAL,185945.0,185945.0,False,185945.0,45.78,45.41,600.0,,alfabetica,,,iteracao,curso_pares,180.0,180.0,600.0,14400.0,False,False,alfabetica,,alfabetica,,./dados/2024_1/horarios_2024_1.xlsx,./dados/2024_1/salas_2024_1.csv,./dados/2024_1/salas_preferenciais_2024.1.xlsx,/Users/robertdrey/Documents/workspace/development/alocador_de_salas,resultados/experimentos/2024_1/novas_hibridas/curso_pares/melhor_solucao.sol,resultados/experimentos/2024_1/novas_hibridas/curso_pares/historico.csv,resultados/experimentos/2024_1/novas_hibridas/curso_pares/historico.json,180.0,1,180.0,600.0,1,0,AGRO,PED,23
1,3,24,par_cursos,CC+CS,69,15088,79902,OPTIMAL,185945.0,185940.0,True,185940.0,38.2,37.88,600.0,,alfabetica,,,iteracao,curso_pares,180.0,180.0,600.0,14400.0,False,False,alfabetica,,alfabetica,,./dados/2024_1/horarios_2024_1.xlsx,./dados/2024_1/salas_2024_1.csv,./dados/2024_1/salas_preferenciais_2024.1.xlsx,/Users/robertdrey/Documents/workspace/development/alocador_de_salas,resultados/experimentos/2024_1/novas_hibridas/curso_pares/melhor_solucao.sol,resultados/experimentos/2024_1/novas_hibridas/curso_pares/historico.csv,resultados/experimentos/2024_1/novas_hibridas/curso_pares/historico.json,180.0,1,180.0,600.0,1,0,CC,CS,24
1,3,25,par_cursos,CC+EAS,92,17986,77004,OPTIMAL,185940.0,185940.0,False,185940.0,4.06,3.76,600.0,,alfabetica,,,iteracao,curso_pares,180.0,180.0,600.0,14400.0,False,False,alfabetica,,alfabetica,,./dados/2024_1/horarios_2024_1.xlsx,./dados/2024_1/salas_2024_1.csv,./dados/2024_1/salas_preferenciais_2024.1.xlsx,/Users/robertdrey/Documents/workspace/development/alocador_de_salas,resultados/experimentos/2024_1/novas_hibridas/curso_pares/melhor_solucao.sol,resultados/experimentos/2024_1/novas_hibridas/curso_pares/historico.csv,resultados/experimentos/2024_1/novas_hibridas/curso_pares/historico.json,180.0,1,180.0,600.0,1,0,CC,EAS,25
1,3,26,par_cursos,CC+ENF,65,19044,75946,OPTIMAL,185940.0,185940.0,False,185940.0,124.68,124.36,600.0,,alfabetica,,,iteracao,curso_pares,180.0,180.0,600.0,14400.0,False,False,alfabetica,,alfabetica,,./dados/2024_1/horarios_2024_1.xlsx,./dados/2024_1/salas_2024_1.csv,./dados/2024_1/salas_preferenciais_2024.1.xlsx,/Users/robertdrey/Documents/workspace/development/alocador_de_salas,resultados/experimentos/2024_1/novas_hibridas/curso_pares/melhor_solucao.sol,resultados/experimentos/2024_1/novas_hibridas/curso_pares/historico.csv,resultados/experimentos/2024_1/novas_hibridas/curso_pares/historico.json,180.0,1,180.0,600.0,1,0,CC,ENF,26
1,3,27,par_cursos,CC+FIL,62,13294,81696,OPTIMAL,185940.0,185924.5,True,185924.5,46.74,46.43,600.0,,alfabetica,,,iteracao,curso_pares,180.0,180.0,600.0,14400.0,False,False,alfabetica,,alfabetica,,./dados/2024_1/horarios_2024_1.xlsx,./dados/2024_1/salas_2024_1.csv,./dados/2024_1/salas_preferenciais_2024.1.xlsx,/Users/robertdrey/Documents/workspace/development/alocador_de_salas,resultados/experimentos/2024_1/novas_hibridas/curso_pares/melhor_solucao.sol,resultados/experimentos/2024_1/novas_hibridas/curso_pares/historico.csv,resultados/experimentos/2024_1/novas_hibridas/curso_pares/historico.json,180.0,1,180.0,600.0,1,0,CC,FIL,27
1,3,28,par_cursos,CC+GEO,57,12604,82386,OPTIMAL,185924.5,185924.5,False,185924.5,2.03,1.72,600.0,,alfabetica,,,iteracao,curso_pares,180.0,180.0,600.0,14400.0,False,False,alfabetica,,alfabetica,,./dados/2024_1/horarios_2024_1.xlsx,./dados/2024_1/salas_2024_1.csv,./dados/2024_1/salas_preferenciais_2024.1.xlsx,/Users/robertdrey/Documents/workspace/development/alocador_de_salas,resultados/experimentos/2024_1/novas_hibridas/curso_pares/melhor_solucao.sol,resultados/experimentos/2024_1/novas_hibridas/curso_pares/historico.csv,resultados/experimentos/2024_1/novas_hibridas/curso_pares/historico.json,180.0,1,180.0,600.0,1,0,CC,GEO,28
1,3,29,par_cursos,CC+HIS,71,15318,79672,OPTIMAL,185924.5,185924.5,False,185924.5,16.71,16.41,600.0,,alfabetica,,,iteracao,curso_pares,180.0,180.0,600.0,14400.0,False,False,alfabetica,,alfabetica,,./dados/2024_1/horarios_2024_1.xlsx,./dados/2024_1/salas_2024_1.csv,./dados/2024_1/salas_preferenciais_2024.1.xlsx,/Users/robertdrey/Documents/workspace/development/alocador_de_salas,resultados/experimentos/2024_1/novas_hibridas/curso_pares/melhor_solucao.sol,resultados/experimentos/2024_1/novas_hibridas/curso_pares/historico.csv,resultados/experimentos/2024_1/novas_hibridas/curso_pares/historico.json,180.0,1,180.0,600.0,1,0,CC,HIS,29
1,3,30,par_cursos,CC+LET,83,19688,75302,TIME_LIMIT,185924.5,185922.5,True,185922.5,600.38,600.04,600.0,,alfabetica,,,iteracao,curso_pares,180.0,180.0,600.0,14400.0,False,False,alfabetica,,alfabetica,,./dados/2024_1/horarios_2024_1.xlsx,./dados/2024_1/salas_2024_1.csv,./dados/2024_1/salas_preferenciais_2024.1.xlsx,/Users/robertdrey/Documents/workspace/development/alocador_de_salas,resultados/experimentos/2024_1/novas_hibridas/curso_pares/melhor_solucao.sol,resultados/experimentos/2024_1/novas_hibridas/curso_pares/historico.csv,resultados/experimentos/2024_1/novas_hibridas/curso_pares/historico.json,180.0,1,180.0,600.0,1,0,CC,LET,30
1,3,31,par_cursos,CC+MAT,70,15502,79488,OPTIMAL,185922.5,185922.5,False,185922.5,13.74,13.37,600.0,,alfabetica,,,iteracao,curso_pares,180.0,180.0,600.0,14400.0,False,False,alfabetica,,alfabetica,,./dados/2024_1/horarios_2024_1.xlsx,./dados/2024_1/salas_2024_1.csv,./dados/2024_1/salas_preferenciais_2024.1.xlsx,/Users/robertdrey/Documents/workspace/development/alocador_de_salas,resultados/experimentos/2024_1/novas_hibridas/curso_pares/melhor_solucao.sol,resultados/experimentos/2024_1/novas_hibridas/curso_pares/historico.csv,resultados/experimentos/2024_1/novas_hibridas/curso_pares/historico.json,180.0,1,180.0,600.0,1,0,CC,MAT,31
1,3,32,par_cursos,CC+MED,88,19918,75072,OPTIMAL,185922.5,185922.5,False,185922.5,49.38,49.07,600.0,,alfabetica,,,iteracao,curso_pares,180.0,180.0,600.0,14400.0,False,False,alfabetica,,alfabetica,,./dados/2024_1/horarios_2024_1.xlsx,./dados/2024_1/salas_2024_1.csv,./dados/2024_1/salas_preferenciais_2024.1.xlsx,/Users/robertdrey/Documents/workspace/development/alocador_de_salas,resultados/experimentos/2024_1/novas_hibridas/curso_pares/melhor_solucao.sol,resultados/experimentos/2024_1/novas_hibridas/curso_pares/historico.csv,resultados/experimentos/2024_1/novas_hibridas/curso_pares/historico.json,180.0,1,180.0,600.0,1,0,CC,MED,32
1,3,33,par_cursos,CC+PED,103,23322,71668,OPTIMAL,185922.5,185922.5,False,185922.5,169.45,169.14,600.0,,alfabetica,,,iteracao,curso_pares,180.0,180.0,600.0,14400.0,False,False,alfabetica,,alfabetica,,./dados/2024_1/horarios_2024_1.xlsx,./dados/2024_1/salas_2024_1.csv,./dados/2024_1/salas_preferenciais_2024.1.xlsx,/Users/robertdrey/Documents/workspace/development/alocador_de_salas,resultados/experimentos/2024_1/novas_hibridas/curso_pares/melhor_solucao.sol,resultados/experimentos/2024_1/novas_hibridas/curso_pares/historico.csv,resultados/experimentos/2024_1/novas_hibridas/curso_pares/historico.json,180.0,1,180.0,600.0,1,0,CC,PED,33
1,3,34,par_cursos,CS+EAS,67,12006,82984,OPTIMAL,185922.5,185922.5,False,185922.5,0.84,0.53,600.0,,alfabetica,,,iteracao,curso_pares,180.0,180.0,600.0,14400.0,False,False,alfabetica,,alfabetica,,./dados/2024_1/horarios_2024_1.xlsx,./dados/2024_1/salas_2024_1.csv,./dados/2024_1/salas_preferenciais_2024.1.xlsx,/Users/robertdrey/Documents/workspace/development/alocador_de_salas,resultados/experimentos/2024_1/novas_hibridas/curso_pares/melhor_solucao.sol,resultados/experimentos/2024_1/novas_hibridas/curso_pares/historico.csv,resultados/experimentos/2024_1/novas_hibridas/curso_pares/historico.json,180.0,1,180.0,600.0,1,0,CS,EAS,34
1,3,35,par_cursos,CS+ENF,40,13064,81926,OPTIMAL,185922.5,185922.5,False,185922.5,3.2,2.88,600.0,,alfabetica,,,iteracao,curso_pares,180.0,180.0,600.0,14400.0,False,False,alfabetica,,alfabetica,,./dados/2024_1/horarios_2024_1.xlsx,./dados/2024_1/salas_2024_1.csv,./dados/2024_1/salas_preferenciais_2024.1.xlsx,/Users/robertdrey/Documents/workspace/development/alocador_de_salas,resultados/experimentos/2024_1/novas_hibridas/curso_pares/melhor_solucao.sol,resultados/experimentos/2024_1/novas_hibridas/curso_pares/historico.csv,resultados/experimentos/2024_1/novas_hibridas/curso_pares/historico.json,180.0,1,180.0,600.0,1,0,CS,ENF,35
1,3,36,par_cursos,CS+FIL,37,7314,87676,OPTIMAL,185922.5,185922.5,False,185922.5,0.7,0.36,600.0,,alfabetica,,,iteracao,curso_pares,180.0,180.0,600.0,14400.0,False,False,alfabetica,,alfabetica,,./dados/2024_1/horarios_2024_1.xlsx,./dados/2024_1/salas_2024_1.csv,./dados/2024_1/salas_preferenciais_2024.1.xlsx,/Users/robertdrey/Documents/workspace/development/alocador_de_salas,resultados/experimentos/2024_1/novas_hibridas/curso_pares/melhor_solucao.sol,resultados/experimentos/2024_1/novas_hibridas/curso_pares/historico.csv,resultados/experimentos/2024_1/novas_hibridas/curso_pares/historico.json,180.0,1,180.0,600.0,1,0,CS,FIL,36
1,3,37,par_cursos,CS+GEO,32,6624,88366,OPTIMAL,185922.5,185922.5,False,185922.5,0.63,0.32,600.0,,alfabetica,,,iteracao,curso_pares,180.0,180.0,600.0,14400.0,False,False,alfabetica,,alfabetica,,./dados/2024_1/horarios_2024_1.xlsx,./dados/2024_1/salas_2024_1.csv,./dados/2024_1/salas_preferenciais_2024.1.xlsx,/Users/robertdrey/Documents/workspace/development/alocador_de_salas,resultados/experimentos/2024_1/novas_hibridas/curso_pares/melhor_solucao.sol,resultados/experimentos/2024_1/novas_hibridas/curso_pares/historico.csv,resultados/experimentos/2024_1/novas_hibridas/curso_pares/historico.json,180.0,1,180.0,600.0,1,0,CS,GEO,37
1,3,38,par_cursos,CS+HIS,46,9338,85652,OPTIMAL,185922.5,185922.5,False,185922.5,0.86,0.55,600.0,,alfabetica,,,iteracao,curso_pares,180.0,180.0,600.0,14400.0,False,False,alfabetica,,alfabetica,,./dados/2024_1/horarios_2024_1.xlsx,./dados/2024_1/salas_2024_1.csv,./dados/2024_1/salas_preferenciais_2024.1.xlsx,/Users/robertdrey/Documents/workspace/development/alocador_de_salas,resultados/experimentos/2024_1/novas_hibridas/curso_pares/melhor_solucao.sol,resultados/experimentos/2024_1/novas_hibridas/curso_pares/historico.csv,resultados/experimentos/2024_1/novas_hibridas/curso_pares/historico.json,180.0,1,180.0,600.0,1,0,CS,HIS,38
1,3,39,par_cursos,CS+LET,58,13708,81282,OPTIMAL,185922.5,185922.5,False,185922.5,3.93,3.59,600.0,,alfabetica,,,iteracao,curso_pares,180.0,180.0,600.0,14400.0,False,False,alfabetica,,alfabetica,,./dados/2024_1/horarios_2024_1.xlsx,./dados/2024_1/salas_2024_1.csv,./dados/2024_1/salas_preferenciais_2024.1.xlsx,/Users/robertdrey/Documents/workspace/development/alocador_de_salas,resultados/experimentos/2024_1/novas_hibridas/curso_pares/melhor_solucao.sol,resultados/experimentos/2024_1/novas_hibridas/curso_pares/historico.csv,resultados/experimentos/2024_1/novas_hibridas/curso_pares/historico.json,180.0,1,180.0,600.0,1,0,CS,LET,39
1,3,40,par_cursos,CS+MAT,45,9522,85468,OPTIMAL,185922.5,185922.5,False,185922.5,0.91,0.56,600.0,,alfabetica,,,iteracao,curso_pares,180.0,180.0,600.0,14400.0,False,False,alfabetica,,alfabetica,,./dados/2024_1/horarios_2024_1.xlsx,./dados/2024_1/salas_2024_1.csv,./dados/2024_1/salas_preferenciais_2024.1.xlsx,/Users/robertdrey/Documents/workspace/development/alocador_de_salas,resultados/experimentos/2024_1/novas_hibridas/curso_pares/melhor_solucao.sol,resultados/experimentos/2024_1/novas_hibridas/curso_pares/historico.csv,resultados/experimentos/2024_1/novas_hibridas/curso_pares/historico.json,180.0,1,180.0,600.0,1,0,CS,MAT,40
1,3,41,par_cursos,CS+MED,63,13938,81052,OPTIMAL,185922.5,185922.5,False,185922.5,1.17,0.87,600.0,,alfabetica,,,iteracao,curso_pares,180.0,180.0,600.0,14400.0,False,False,alfabetica,,alfabetica,,./dados/2024_1/horarios_2024_1.xlsx,./dados/2024_1/salas_2024_1.csv,./dados/2024_1/salas_preferenciais_2024.1.xlsx,/Users/robertdrey/Documents/workspace/development/alocador_de_salas,resultados/experimentos/2024_1/novas_hibridas/curso_pares/melhor_solucao.sol,resultados/experimentos/2024_1/novas_hibridas/curso_pares/historico.csv,resultados/experimentos/2024_1/novas_hibridas/curso_pares/historico.json,180.0,1,180.0,600.0,1,0,CS,MED,41
1,3,42,par_cursos,CS+PED,78,17342,77648,OPTIMAL,185922.5,185922.5,False,185922.5,19.65,19.32,600.0,,alfabetica,,,iteracao,curso_pares,180.0,180.0,600.0,14400.0,False,False,alfabetica,,alfabetica,,./dados/2024_1/horarios_2024_1.xlsx,./dados/2024_1/salas_2024_1.csv,./dados/2024_1/salas_preferenciais_2024.1.xlsx,/Users/robertdrey/Documents/workspace/development/alocador_de_salas,resultados/experimentos/2024_1/novas_hibridas/curso_pares/melhor_solucao.sol,resultados/experimentos/2024_1/novas_hibridas/curso_pares/historico.csv,resultados/experimentos/2024_1/novas_hibridas/curso_pares/historico.json,180.0,1,180.0,600.0,1,0,CS,PED,42
1,3,43,par_cursos,EAS+ENF,63,15962,79028,OPTIMAL,185922.5,185922.5,False,185922.5,14.37,14.03,600.0,,alfabetica,,,iteracao,curso_pares,180.0,180.0,600.0,14400.0,False,False,alfabetica,,alfabetica,,./dados/2024_1/horarios_2024_1.xlsx,./dados/2024_1/salas_2024_1.csv,./dados/2024_1/salas_preferenciais_2024.1.xlsx,/Users/robertdrey/Documents/workspace/development/alocador_de_salas,resultados/experimentos/2024_1/novas_hibridas/curso_pares/melhor_solucao.sol,resultados/experimentos/2024_1/novas_hibridas/curso_pares/historico.csv,resultados/experimentos/2024_1/novas_hibridas/curso_pares/historico.json,180.0,1,180.0,600.0,1,0,EAS,ENF,43
1,3,44,par_cursos,EAS+FIL,60,10212,84778,OPTIMAL,185922.5,185922.5,False,185922.5,0.77,0.44,600.0,,alfabetica,,,iteracao,curso_pares,180.0,180.0,600.0,14400.0,False,False,alfabetica,,alfabetica,,./dados/2024_1/horarios_2024_1.xlsx,./dados/2024_1/salas_2024_1.csv,./dados/2024_1/salas_preferenciais_2024.1.xlsx,/Users/robertdrey/Documents/workspace/development/alocador_de_salas,resultados/experimentos/2024_1/novas_hibridas/curso_pares/melhor_solucao.sol,resultados/experimentos/2024_1/novas_hibridas/curso_pares/historico.csv,resultados/experimentos/2024_1/novas_hibridas/curso_pares/historico.json,180.0,1,180.0,600.0,1,0,EAS,FIL,44
1,3,45,par_cursos,EAS+GEO,55,9522,85468,OPTIMAL,185922.5,185922.5,False,185922.5,0.75,0.44,600.0,,alfabetica,,,iteracao,curso_pares,180.0,180.0,600.0,14400.0,False,False,alfabetica,,alfabetica,,./dados/2024_1/horarios_2024_1.xlsx,./dados/2024_1/salas_2024_1.csv,./dados/2024_1/salas_preferenciais_2024.1.xlsx,/Users/robertdrey/Documents/workspace/development/alocador_de_salas,resultados/experimentos/2024_1/novas_hibridas/curso_pares/melhor_solucao.sol,resultados/experimentos/2024_1/novas_hibridas/curso_pares/historico.csv,resultados/experimentos/2024_1/novas_hibridas/curso_pares/historico.json,180.0,1,180.0,600.0,1,0,EAS,GEO,45
1,3,46,par_cursos,EAS+HIS,69,12236,82754,OPTIMAL,185922.5,185922.5,False,185922.5,0.86,0.55,600.0,,alfabetica,,,iteracao,curso_pares,180.0,180.0,600.0,14400.0,False,False,alfabetica,,alfabetica,,./dados/2024_1/horarios_2024_1.xlsx,./dados/2024_1/salas_2024_1.csv,./dados/2024_1/salas_preferenciais_2024.1.xlsx,/Users/robertdrey/Documents/workspace/development/alocador_de_salas,resultados/experimentos/2024_1/novas_hibridas/curso_pares/melhor_solucao.sol,resultados/experimentos/2024_1/novas_hibridas/curso_pares/historico.csv,resultados/experimentos/2024_1/novas_hibridas/curso_pares/historico.json,180.0,1,180.0,600.0,1,0,EAS,HIS,46
1,3,47,par_cursos,EAS+LET,81,16606,78384,OPTIMAL,185922.5,185922.5,False,185922.5,13.35,13.01,600.0,,alfabetica,,,iteracao,curso_pares,180.0,180.0,600.0,14400.0,False,False,alfabetica,,alfabetica,,./dados/2024_1/horarios_2024_1.xlsx,./dados/2024_1/salas_2024_1.csv,./dados/2024_1/salas_preferenciais_2024.1.xlsx,/Users/robertdrey/Documents/workspace/development/alocador_de_salas,resultados/experimentos/2024_1/novas_hibridas/curso_pares/melhor_solucao.sol,resultados/experimentos/2024_1/novas_hibridas/curso_pares/historico.csv,resultados/experimentos/2024_1/novas_hibridas/curso_pares/historico.json,180.0,1,180.0,600.0,1,0,EAS,LET,47
1,3,48,par_cursos,EAS+MAT,68,12420,82570,OPTIMAL,185922.5,185917.5,True,185917.5,1.4,1.03,600.0,,alfabetica,,,iteracao,curso_pares,180.0,180.0,600.0,14400.0,False,False,alfabetica,,alfabetica,,./dados/2024_1/horarios_2024_1.xlsx,./dados/2024_1/salas_2024_1.csv,./dados/2024_1/salas_preferenciais_2024.1.xlsx,/Users/robertdrey/Documents/workspace/development/alocador_de_salas,resultados/experimentos/2024_1/novas_hibridas/curso_pares/melhor_solucao.sol,resultados/experimentos/2024_1/novas_hibridas/curso_pares/historico.csv,resultados/experimentos/2024_1/novas_hibridas/curso_pares/historico.json,180.0,1,180.0,600.0,1,0,EAS,MAT,48
1,3,49,par_cursos,EAS+MED,86,16836,78154,OPTIMAL,185917.5,185917.5,False,185917.5,1.96,1.62,600.0,,alfabetica,,,iteracao,curso_pares,180.0,180.0,600.0,14400.0,False,False,alfabetica,,alfabetica,,./dados/2024_1/horarios_2024_1.xlsx,./dados/2024_1/salas_2024_1.csv,./dados/2024_1/salas_preferenciais_2024.1.xlsx,/Users/robertdrey/Documents/workspace/development/alocador_de_salas,resultados/experimentos/2024_1/novas_hibridas/curso_pares/melhor_solucao.sol,resultados/experimentos/2024_1/novas_hibridas/curso_pares/historico.csv,resultados/experimentos/2024_1/novas_hibridas/curso_pares/historico.json,180.0,1,180.0,600.0,1,0,EAS,MED,49
1,3,50,par_cursos,EAS+PED,101,20240,74750,OPTIMAL,185917.5,185917.5,False,185917.5,18.6,18.27,600.0,,alfabetica,,,iteracao,curso_pares,180.0,180.0,600.0,14400.0,False,False,alfabetica,,alfabetica,,./dados/2024_1/horarios_2024_1.xlsx,./dados/2024_1/salas_2024_1.csv,./dados/2024_1/salas_preferenciais_2024.1.xlsx,/Users/robertdrey/Documents/workspace/development/alocador_de_salas,resultados/experimentos/2024_1/novas_hibridas/curso_pares/melhor_solucao.sol,resultados/experimentos/2024_1/novas_hibridas/curso_pares/historico.csv,resultados/experimentos/2024_1/novas_hibridas/curso_pares/historico.json,180.0,1,180.0,600.0,1,0,EAS,PED,50
1,3,51,par_cursos,ENF+FIL,33,11270,83720,OPTIMAL,185917.5,185917.5,False,185917.5,2.22,1.89,600.0,,alfabetica,,,iteracao,curso_pares,180.0,180.0,600.0,14400.0,False,False,alfabetica,,alfabetica,,./dados/2024_1/horarios_2024_1.xlsx,./dados/2024_1/salas_2024_1.csv,./dados/2024_1/salas_preferenciais_2024.1.xlsx,/Users/robertdrey/Documents/workspace/development/alocador_de_salas,resultados/experimentos/2024_1/novas_hibridas/curso_pares/melhor_solucao.sol,resultados/experimentos/2024_1/novas_hibridas/curso_pares/historico.csv,resultados/experimentos/2024_1/novas_hibridas/curso_pares/historico.json,180.0,1,180.0,600.0,1,0,ENF,FIL,51
1,3,52,par_cursos,ENF+GEO,28,10580,84410,OPTIMAL,185917.5,185917.5,False,185917.5,2.37,2.03,600.0,,alfabetica,,,iteracao,curso_pares,180.0,180.0,600.0,14400.0,False,False,alfabetica,,alfabetica,,./dados/2024_1/horarios_2024_1.xlsx,./dados/2024_1/salas_2024_1.csv,./dados/2024_1/salas_preferenciais_2024.1.xlsx,/Users/robertdrey/Documents/workspace/development/alocador_de_salas,resultados/experimentos/2024_1/novas_hibridas/curso_pares/melhor_solucao.sol,resultados/experimentos/2024_1/novas_hibridas/curso_pares/historico.csv,resultados/experimentos/2024_1/novas_hibridas/curso_pares/historico.json,180.0,1,180.0,600.0,1,0,ENF,GEO,52
1,3,53,par_cursos,ENF+HIS,42,13294,81696,OPTIMAL,185917.5,185917.5,False,185917.5,2.44,2.1,600.0,,alfabetica,,,iteracao,curso_pares,180.0,180.0,600.0,14400.0,False,False,alfabetica,,alfabetica,,./dados/2024_1/horarios_2024_1.xlsx,./dados/2024_1/salas_2024_1.csv,./dados/2024_1/salas_preferenciais_2024.1.xlsx,/Users/robertdrey/Documents/workspace/development/alocador_de_salas,resultados/experimentos/2024_1/novas_hibridas/curso_pares/melhor_solucao.sol,resultados/experimentos/2024_1/novas_hibridas/curso_pares/historico.csv,resultados/experimentos/2024_1/novas_hibridas/curso_pares/historico.json,180.0,1,180.0,600.0,1,0,ENF,HIS,53
1,3,54,par_cursos,ENF+LET,54,17664,77326,OPTIMAL,185917.5,185917.5,False,185917.5,374.15,373.82,600.0,,alfabetica,,,iteracao,curso_pares,180.0,180.0,600.0,14400.0,False,False,alfabetica,,alfabetica,,./dados/2024_1/horarios_2024_1.xlsx,./dados/2024_1/salas_2024_1.csv,./dados/2024_1/salas_preferenciais_2024.1.xlsx,/Users/robertdrey/Documents/workspace/development/alocador_de_salas,resultados/experimentos/2024_1/novas_hibridas/curso_pares/melhor_solucao.sol,resultados/experimentos/2024_1/novas_hibridas/curso_pares/historico.csv,resultados/experimentos/2024_1/novas_hibridas/curso_pares/historico.json,180.0,1,180.0,600.0,1,0,ENF,LET,54
1,3,55,par_cursos,ENF+MAT,41,13478,81512,OPTIMAL,185917.5,185917.5,False,185917.5,3.29,2.97,600.0,,alfabetica,,,iteracao,curso_pares,180.0,180.0,600.0,14400.0,False,False,alfabetica,,alfabetica,,./dados/2024_1/horarios_2024_1.xlsx,./dados/2024_1/salas_2024_1.csv,./dados/2024_1/salas_preferenciais_2024.1.xlsx,/Users/robertdrey/Documents/workspace/development/alocador_de_salas,resultados/experimentos/2024_1/novas_hibridas/curso_pares/melhor_solucao.sol,resultados/experimentos/2024_1/novas_hibridas/curso_pares/historico.csv,resultados/experimentos/2024_1/novas_hibridas/curso_pares/historico.json,180.0,1,180.0,600.0,1,0,ENF,MAT,55
1,3,56,par_cursos,ENF+MED,59,17894,77096,OPTIMAL,185917.5,185902.5,True,185902.5,129.01,128.67,600.0,,alfabetica,,,iteracao,curso_pares,180.0,180.0,600.0,14400.0,False,False,alfabetica,,alfabetica,,./dados/2024_1/horarios_2024_1.xlsx,./dados/2024_1/salas_2024_1.csv,./dados/2024_1/salas_preferenciais_2024.1.xlsx,/Users/robertdrey/Documents/workspace/development/alocador_de_salas,resultados/experimentos/2024_1/novas_hibridas/curso_pares/melhor_solucao.sol,resultados/experimentos/2024_1/novas_hibridas/curso_pares/historico.csv,resultados/experimentos/2024_1/novas_hibridas/curso_pares/historico.json,180.0,1,180.0,600.0,1,0,ENF,MED,56
1,3,57,par_cursos,ENF+PED,74,21298,73692,TIME_LIMIT,185902.5,185902.5,False,185902.5,600.53,600.19,600.0,,alfabetica,,,iteracao,curso_pares,180.0,180.0,600.0,14400.0,False,False,alfabetica,,alfabetica,,./dados/2024_1/horarios_2024_1.xlsx,./dados/2024_1/salas_2024_1.csv,./dados/2024_1/salas_preferenciais_2024.1.xlsx,/Users/robertdrey/Documents/workspace/development/alocador_de_salas,resultados/experimentos/2024_1/novas_hibridas/curso_pares/melhor_solucao.sol,resultados/experimentos/2024_1/novas_hibridas/curso_pares/historico.csv,resultados/experimentos/2024_1/novas_hibridas/curso_pares/historico.json,180.0,1,180.0,600.0,1,0,ENF,PED,57
1,3,58,par_cursos,FIL+GEO,25,4830,90160,OPTIMAL,185902.5,185902.5,False,185902.5,0.68,0.32,600.0,,alfabetica,,,iteracao,curso_pares,180.0,180.0,600.0,14400.0,False,False,alfabetica,,alfabetica,,./dados/2024_1/horarios_2024_1.xlsx,./dados/2024_1/salas_2024_1.csv,./dados/2024_1/salas_preferenciais_2024.1.xlsx,/Users/robertdrey/Documents/workspace/development/alocador_de_salas,resultados/experimentos/2024_1/novas_hibridas/curso_pares/melhor_solucao.sol,resultados/experimentos/2024_1/novas_hibridas/curso_pares/historico.csv,resultados/experimentos/2024_1/novas_hibridas/curso_pares/historico.json,180.0,1,180.0,600.0,1,0,FIL,GEO,58
1,3,59,par_cursos,FIL+HIS,39,7544,87446,OPTIMAL,185902.5,185902.5,False,185902.5,0.65,0.34,600.0,,alfabetica,,,iteracao,curso_pares,180.0,180.0,600.0,14400.0,False,False,alfabetica,,alfabetica,,./dados/2024_1/horarios_2024_1.xlsx,./dados/2024_1/salas_2024_1.csv,./dados/2024_1/salas_preferenciais_2024.1.xlsx,/Users/robertdrey/Documents/workspace/development/alocador_de_salas,resultados/experimentos/2024_1/novas_hibridas/curso_pares/melhor_solucao.sol,resultados/experimentos/2024_1/novas_hibridas/curso_pares/historico.csv,resultados/experimentos/2024_1/novas_hibridas/curso_pares/historico.json,180.0,1,180.0,600.0,1,0,FIL,HIS,59
1,3,60,par_cursos,FIL+LET,51,11914,83076,OPTIMAL,185902.5,185902.5,False,185902.5,49.79,49.45,600.0,,alfabetica,,,iteracao,curso_pares,180.0,180.0,600.0,14400.0,False,False,alfabetica,,alfabetica,,./dados/2024_1/horarios_2024_1.xlsx,./dados/2024_1/salas_2024_1.csv,./dados/2024_1/salas_preferenciais_2024.1.xlsx,/Users/robertdrey/Documents/workspace/development/alocador_de_salas,resultados/experimentos/2024_1/novas_hibridas/curso_pares/melhor_solucao.sol,resultados/experimentos/2024_1/novas_hibridas/curso_pares/historico.csv,resultados/experimentos/2024_1/novas_hibridas/curso_pares/historico.json,180.0,1,180.0,600.0,1,0,FIL,LET,60
1,3,61,par_cursos,FIL+MAT,38,7728,87262,OPTIMAL,185902.5,185902.5,False,185902.5,0.74,0.39,600.0,,alfabetica,,,iteracao,curso_pares,180.0,180.0,600.0,14400.0,False,False,alfabetica,,alfabetica,,./dados/2024_1/horarios_2024_1.xlsx,./dados/2024_1/salas_2024_1.csv,./dados/2024_1/salas_preferenciais_2024.1.xlsx,/Users/robertdrey/Documents/workspace/development/alocador_de_salas,resultados/experimentos/2024_1/novas_hibridas/curso_pares/melhor_solucao.sol,resultados/experimentos/2024_1/novas_hibridas/curso_pares/historico.csv,resultados/experimentos/2024_1/novas_hibridas/curso_pares/historico.json,180.0,1,180.0,600.0,1,0,FIL,MAT,61
1,3,62,par_cursos,FIL+MED,56,12144,82846,OPTIMAL,185902.5,185902.5,False,185902.5,1.08,0.78,600.0,,alfabetica,,,iteracao,curso_pares,180.0,180.0,600.0,14400.0,False,False,alfabetica,,alfabetica,,./dados/2024_1/horarios_2024_1.xlsx,./dados/2024_1/salas_2024_1.csv,./dados/2024_1/salas_preferenciais_2024.1.xlsx,/Users/robertdrey/Documents/workspace/development/alocador_de_salas,resultados/experimentos/2024_1/novas_hibridas/curso_pares/melhor_solucao.sol,resultados/experimentos/2024_1/novas_hibridas/curso_pares/historico.csv,resultados/experimentos/2024_1/novas_hibridas/curso_pares/historico.json,180.0,1,180.0,600.0,1,0,FIL,MED,62
1,3,63,par_cursos,FIL+PED,71,15548,79442,OPTIMAL,185902.5,185902.5,False,185902.5,82.66,82.35,600.0,,alfabetica,,,iteracao,curso_pares,180.0,180.0,600.0,14400.0,False,False,alfabetica,,alfabetica,,./dados/2024_1/horarios_2024_1.xlsx,./dados/2024_1/salas_2024_1.csv,./dados/2024_1/salas_preferenciais_2024.1.xlsx,/Users/robertdrey/Documents/workspace/development/alocador_de_salas,resultados/experimentos/2024_1/novas_hibridas/curso_pares/melhor_solucao.sol,resultados/experimentos/2024_1/novas_hibridas/curso_pares/historico.csv,resultados/experimentos/2024_1/novas_hibridas/curso_pares/historico.json,180.0,1,180.0,600.0,1,0,FIL,PED,63
1,3,64,par_cursos,GEO+HIS,34,6854,88136,OPTIMAL,185902.5,185902.5,False,185902.5,0.7,0.38,600.0,,alfabetica,,,iteracao,curso_pares,180.0,180.0,600.0,14400.0,False,False,alfabetica,,alfabetica,,./dados/2024_1/horarios_2024_1.xlsx,./dados/2024_1/salas_2024_1.csv,./dados/2024_1/salas_preferenciais_2024.1.xlsx,/Users/robertdrey/Documents/workspace/development/alocador_de_salas,resultados/experimentos/2024_1/novas_hibridas/curso_pares/melhor_solucao.sol,resultados/experimentos/2024_1/novas_hibridas/curso_pares/historico.csv,resultados/experimentos/2024_1/novas_hibridas/curso_pares/historico.json,180.0,1,180.0,600.0,1,0,GEO,HIS,64
1,3,65,par_cursos,GEO+LET,46,11224,83766,OPTIMAL,185902.5,185815.5,True,185815.5,37.13,36.79,600.0,,alfabetica,,,iteracao,curso_pares,180.0,180.0,600.0,14400.0,False,False,alfabetica,,alfabetica,,./dados/2024_1/horarios_2024_1.xlsx,./dados/2024_1/salas_2024_1.csv,./dados/2024_1/salas_preferenciais_2024.1.xlsx,/Users/robertdrey/Documents/workspace/development/alocador_de_salas,resultados/experimentos/2024_1/novas_hibridas/curso_pares/melhor_solucao.sol,resultados/experimentos/2024_1/novas_hibridas/curso_pares/historico.csv,resultados/experimentos/2024_1/novas_hibridas/curso_pares/historico.json,180.0,1,180.0,600.0,1,0,GEO,LET,65
1,3,66,par_cursos,GEO+MAT,33,7038,87952,OPTIMAL,185815.5,185815.5,False,185815.5,0.73,0.38,600.0,,alfabetica,,,iteracao,curso_pares,180.0,180.0,600.0,14400.0,False,False,alfabetica,,alfabetica,,./dados/2024_1/horarios_2024_1.xlsx,./dados/2024_1/salas_2024_1.csv,./dados/2024_1/salas_preferenciais_2024.1.xlsx,/Users/robertdrey/Documents/workspace/development/alocador_de_salas,resultados/experimentos/2024_1/novas_hibridas/curso_pares/melhor_solucao.sol,resultados/experimentos/2024_1/novas_hibridas/curso_pares/historico.csv,resultados/experimentos/2024_1/novas_hibridas/curso_pares/historico.json,180.0,1,180.0,600.0,1,0,GEO,MAT,66
1,3,67,par_cursos,GEO+MED,51,11454,83536,OPTIMAL,185815.5,185815.5,False,185815.5,1.03,0.72,600.0,,alfabetica,,,iteracao,curso_pares,180.0,180.0,600.0,14400.0,False,False,alfabetica,,alfabetica,,./dados/2024_1/horarios_2024_1.xlsx,./dados/2024_1/salas_2024_1.csv,./dados/2024_1/salas_preferenciais_2024.1.xlsx,/Users/robertdrey/Documents/workspace/development/alocador_de_salas,resultados/experimentos/2024_1/novas_hibridas/curso_pares/melhor_solucao.sol,resultados/experimentos/2024_1/novas_hibridas/curso_pares/historico.csv,resultados/experimentos/2024_1/novas_hibridas/curso_pares/historico.json,180.0,1,180.0,600.0,1,0,GEO,MED,67
1,3,68,par_cursos,GEO+PED,66,14858,80132,OPTIMAL,185815.5,185815.5,False,185815.5,26.27,25.95,600.0,,alfabetica,,,iteracao,curso_pares,180.0,180.0,600.0,14400.0,False,False,alfabetica,,alfabetica,,./dados/2024_1/horarios_2024_1.xlsx,./dados/2024_1/salas_2024_1.csv,./dados/2024_1/salas_preferenciais_2024.1.xlsx,/Users/robertdrey/Documents/workspace/development/alocador_de_salas,resultados/experimentos/2024_1/novas_hibridas/curso_pares/melhor_solucao.sol,resultados/experimentos/2024_1/novas_hibridas/curso_pares/historico.csv,resultados/experimentos/2024_1/novas_hibridas/curso_pares/historico.json,180.0,1,180.0,600.0,1,0,GEO,PED,68
1,3,69,par_cursos,HIS+LET,60,13938,81052,OPTIMAL,185815.5,185815.5,False,185815.5,15.3,14.97,600.0,,alfabetica,,,iteracao,curso_pares,180.0,180.0,600.0,14400.0,False,False,alfabetica,,alfabetica,,./dados/2024_1/horarios_2024_1.xlsx,./dados/2024_1/salas_2024_1.csv,./dados/2024_1/salas_preferenciais_2024.1.xlsx,/Users/robertdrey/Documents/workspace/development/alocador_de_salas,resultados/experimentos/2024_1/novas_hibridas/curso_pares/melhor_solucao.sol,resultados/experimentos/2024_1/novas_hibridas/curso_pares/historico.csv,resultados/experimentos/2024_1/novas_hibridas/curso_pares/historico.json,180.0,1,180.0,600.0,1,0,HIS,LET,69
1,3,70,par_cursos,HIS+MAT,47,9752,85238,OPTIMAL,185815.5,185815.5,False,185815.5,0.86,0.54,600.0,,alfabetica,,,iteracao,curso_pares,180.0,180.0,600.0,14400.0,False,False,alfabetica,,alfabetica,,./dados/2024_1/horarios_2024_1.xlsx,./dados/2024_1/salas_2024_1.csv,./dados/2024_1/salas_preferenciais_2024.1.xlsx,/Users/robertdrey/Documents/workspace/development/alocador_de_salas,resultados/experimentos/2024_1/novas_hibridas/curso_pares/melhor_solucao.sol,resultados/experimentos/2024_1/novas_hibridas/curso_pares/historico.csv,resultados/experimentos/2024_1/novas_hibridas/curso_pares/historico.json,180.0,1,180.0,600.0,1,0,HIS,MAT,70
1,3,71,par_cursos,HIS+MED,65,14168,80822,OPTIMAL,185815.5,185815.5,False,185815.5,1.03,0.73,600.0,,alfabetica,,,iteracao,curso_pares,180.0,180.0,600.0,14400.0,False,False,alfabetica,,alfabetica,,./dados/2024_1/horarios_2024_1.xlsx,./dados/2024_1/salas_2024_1.csv,./dados/2024_1/salas_preferenciais_2024.1.xlsx,/Users/robertdrey/Documents/workspace/development/alocador_de_salas,resultados/experimentos/2024_1/novas_hibridas/curso_pares/melhor_solucao.sol,resultados/experimentos/2024_1/novas_hibridas/curso_pares/historico.csv,resultados/experimentos/2024_1/novas_hibridas/curso_pares/historico.json,180.0,1,180.0,600.0,1,0,HIS,MED,71
1,3,72,par_cursos,HIS+PED,80,17572,77418,OPTIMAL,185815.5,185815.5,False,185815.5,40.56,40.26,600.0,,alfabetica,,,iteracao,curso_pares,180.0,180.0,600.0,14400.0,False,False,alfabetica,,alfabetica,,./dados/2024_1/horarios_2024_1.xlsx,./dados/2024_1/salas_2024_1.csv,./dados/2024_1/salas_preferenciais_2024.1.xlsx,/Users/robertdrey/Documents/workspace/development/alocador_de_salas,resultados/experimentos/2024_1/novas_hibridas/curso_pares/melhor_solucao.sol,resultados/experimentos/2024_1/novas_hibridas/curso_pares/historico.csv,resultados/experimentos/2024_1/novas_hibridas/curso_pares/historico.json,180.0,1,180.0,600.0,1,0,HIS,PED,72
1,3,73,par_cursos,LET+MAT,59,14122,80868,OPTIMAL,185815.5,185815.5,False,185815.5,10.9,10.58,600.0,,alfabetica,,,iteracao,curso_pares,180.0,180.0,600.0,14400.0,False,False,alfabetica,,alfabetica,,./dados/2024_1/horarios_2024_1.xlsx,./dados/2024_1/salas_2024_1.csv,./dados/2024_1/salas_preferenciais_2024.1.xlsx,/Users/robertdrey/Documents/workspace/development/alocador_de_salas,resultados/experimentos/2024_1/novas_hibridas/curso_pares/melhor_solucao.sol,resultados/experimentos/2024_1/novas_hibridas/curso_pares/historico.csv,resultados/experimentos/2024_1/novas_hibridas/curso_pares/historico.json,180.0,1,180.0,600.0,1,0,LET,MAT,73
1,3,74,par_cursos,LET+MED,77,18538,76452,OPTIMAL,185815.5,185815.5,False,185815.5,4.53,4.2,600.0,,alfabetica,,,iteracao,curso_pares,180.0,180.0,600.0,14400.0,False,False,alfabetica,,alfabetica,,./dados/2024_1/horarios_2024_1.xlsx,./dados/2024_1/salas_2024_1.csv,./dados/2024_1/salas_preferenciais_2024.1.xlsx,/Users/robertdrey/Documents/workspace/development/alocador_de_salas,resultados/experimentos/2024_1/novas_hibridas/curso_pares/melhor_solucao.sol,resultados/experimentos/2024_1/novas_hibridas/curso_pares/historico.csv,resultados/experimentos/2024_1/novas_hibridas/curso_pares/historico.json,180.0,1,180.0,600.0,1,0,LET,MED,74
1,3,75,par_cursos,LET+PED,92,21942,73048,TIME_LIMIT,185815.5,185815.5,False,185815.5,600.38,600.03,600.0,,alfabetica,,,iteracao,curso_pares,180.0,180.0,600.0,14400.0,False,False,alfabetica,,alfabetica,,./dados/2024_1/horarios_2024_1.xlsx,./dados/2024_1/salas_2024_1.csv,./dados/2024_1/salas_preferenciais_2024.1.xlsx,/Users/robertdrey/Documents/workspace/development/alocador_de_salas,resultados/experimentos/2024_1/novas_hibridas/curso_pares/melhor_solucao.sol,resultados/experimentos/2024_1/novas_hibridas/curso_pares/historico.csv,resultados/experimentos/2024_1/novas_hibridas/curso_pares/historico.json,180.0,1,180.0,600.0,1,0,LET,PED,75
1,3,76,par_cursos,MAT+MED,64,14352,80638,OPTIMAL,185815.5,185815.5,False,185815.5,1.28,0.93,600.0,,alfabetica,,,iteracao,curso_pares,180.0,180.0,600.0,14400.0,False,False,alfabetica,,alfabetica,,./dados/2024_1/horarios_2024_1.xlsx,./dados/2024_1/salas_2024_1.csv,./dados/2024_1/salas_preferenciais_2024.1.xlsx,/Users/robertdrey/Documents/workspace/development/alocador_de_salas,resultados/experimentos/2024_1/novas_hibridas/curso_pares/melhor_solucao.sol,resultados/experimentos/2024_1/novas_hibridas/curso_pares/historico.csv,resultados/experimentos/2024_1/novas_hibridas/curso_pares/historico.json,180.0,1,180.0,600.0,1,0,MAT,MED,76
1,3,77,par_cursos,MAT+PED,79,17756,77234,OPTIMAL,185815.5,185815.5,False,185815.5,23.97,23.64,600.0,,alfabetica,,,iteracao,curso_pares,180.0,180.0,600.0,14400.0,False,False,alfabetica,,alfabetica,,./dados/2024_1/horarios_2024_1.xlsx,./dados/2024_1/salas_2024_1.csv,./dados/2024_1/salas_preferenciais_2024.1.xlsx,/Users/robertdrey/Documents/workspace/development/alocador_de_salas,resultados/experimentos/2024_1/novas_hibridas/curso_pares/melhor_solucao.sol,resultados/experimentos/2024_1/novas_hibridas/curso_pares/historico.csv,resultados/experimentos/2024_1/novas_hibridas/curso_pares/historico.json,180.0,1,180.0,600.0,1,0,MAT,PED,77
1,3,78,par_cursos,MED+PED,97,22172,72818,OPTIMAL,185815.5,185815.5,False,185815.5,25.14,24.78,600.0,,alfabetica,,,iteracao,curso_pares,180.0,180.0,600.0,14400.0,False,False,alfabetica,,alfabetica,,./dados/2024_1/horarios_2024_1.xlsx,./dados/2024_1/salas_2024_1.csv,./dados/2024_1/salas_preferenciais_2024.1.xlsx,/Users/robertdrey/Documents/workspace/development/alocador_de_salas,resultados/experimentos/2024_1/novas_hibridas/curso_pares/melhor_solucao.sol,resultados/experimentos/2024_1/novas_hibridas/curso_pares/historico.csv,resultados/experimentos/2024_1/novas_hibridas/curso_pares/historico.json,180.0,1,180.0,600.0,1,0,MED,PED,78
1,4,1,par_cursos,ADM+AGRO,99,18032,76958,OPTIMAL,185815.5,185815.5,False,185815.5,7.73,7.39,600.0,,alfabetica,,,iteracao,curso_pares,180.0,180.0,600.0,14400.0,False,False,alfabetica,,alfabetica,,./dados/2024_1/horarios_2024_1.xlsx,./dados/2024_1/salas_2024_1.csv,./dados/2024_1/salas_preferenciais_2024.1.xlsx,/Users/robertdrey/Documents/workspace/development/alocador_de_salas,resultados/experimentos/2024_1/novas_hibridas/curso_pares/melhor_solucao.sol,resultados/experimentos/2024_1/novas_hibridas/curso_pares/historico.csv,resultados/experimentos/2024_1/novas_hibridas/curso_pares/historico.json,180.0,1,180.0,600.0,1,0,ADM,AGRO,1
1,4,2,par_cursos,ADM+CC,95,19826,75164,OPTIMAL,185815.5,185815.5,False,185815.5,1.83,1.5,600.0,,alfabetica,,,iteracao,curso_pares,180.0,180.0,600.0,14400.0,False,False,alfabetica,,alfabetica,,./dados/2024_1/horarios_2024_1.xlsx,./dados/2024_1/salas_2024_1.csv,./dados/2024_1/salas_preferenciais_2024.1.xlsx,/Users/robertdrey/Documents/workspace/development/alocador_de_salas,resultados/experimentos/2024_1/novas_hibridas/curso_pares/melhor_solucao.sol,resultados/experimentos/2024_1/novas_hibridas/curso_pares/historico.csv,resultados/experimentos/2024_1/novas_hibridas/curso_pares/historico.json,180.0,1,180.0,600.0,1,0,ADM,CC,2
1,4,3,par_cursos,ADM+CS,70,13846,81144,OPTIMAL,185815.5,185815.5,False,185815.5,1.27,0.95,600.0,,alfabetica,,,iteracao,curso_pares,180.0,180.0,600.0,14400.0,False,False,alfabetica,,alfabetica,,./dados/2024_1/horarios_2024_1.xlsx,./dados/2024_1/salas_2024_1.csv,./dados/2024_1/salas_preferenciais_2024.1.xlsx,/Users/robertdrey/Documents/workspace/development/alocador_de_salas,resultados/experimentos/2024_1/novas_hibridas/curso_pares/melhor_solucao.sol,resultados/experimentos/2024_1/novas_hibridas/curso_pares/historico.csv,resultados/experimentos/2024_1/novas_hibridas/curso_pares/historico.json,180.0,1,180.0,600.0,1,0,ADM,CS,3
1,4,4,par_cursos,ADM+EAS,93,16744,78246,OPTIMAL,185815.5,185815.5,False,185815.5,1.4,1.08,600.0,,alfabetica,,,iteracao,curso_pares,180.0,180.0,600.0,14400.0,False,False,alfabetica,,alfabetica,,./dados/2024_1/horarios_2024_1.xlsx,./dados/2024_1/salas_2024_1.csv,./dados/2024_1/salas_preferenciais_2024.1.xlsx,/Users/robertdrey/Documents/workspace/development/alocador_de_salas,resultados/experimentos/2024_1/novas_hibridas/curso_pares/melhor_solucao.sol,resultados/experimentos/2024_1/novas_hibridas/curso_pares/historico.csv,resultados/experimentos/2024_1/novas_hibridas/curso_pares/historico.json,180.0,1,180.0,600.0,1,0,ADM,EAS,4
1,4,5,par_cursos,ADM+ENF,66,17802,77188,OPTIMAL,185815.5,185815.5,False,185815.5,6.36,6.01,600.0,,alfabetica,,,iteracao,curso_pares,180.0,180.0,600.0,14400.0,False,False,alfabetica,,alfabetica,,./dados/2024_1/horarios_2024_1.xlsx,./dados/2024_1/salas_2024_1.csv,./dados/2024_1/salas_preferenciais_2024.1.xlsx,/Users/robertdrey/Documents/workspace/development/alocador_de_salas,resultados/experimentos/2024_1/novas_hibridas/curso_pares/melhor_solucao.sol,resultados/experimentos/2024_1/novas_hibridas/curso_pares/historico.csv,resultados/experimentos/2024_1/novas_hibridas/curso_pares/historico.json,180.0,1,180.0,600.0,1,0,ADM,ENF,5
1,4,6,par_cursos,ADM+FIL,63,12052,82938,OPTIMAL,185815.5,185815.5,False,185815.5,0.98,0.63,600.0,,alfabetica,,,iteracao,curso_pares,180.0,180.0,600.0,14400.0,False,False,alfabetica,,alfabetica,,./dados/2024_1/horarios_2024_1.xlsx,./dados/2024_1/salas_2024_1.csv,./dados/2024_1/salas_preferenciais_2024.1.xlsx,/Users/robertdrey/Documents/workspace/development/alocador_de_salas,resultados/experimentos/2024_1/novas_hibridas/curso_pares/melhor_solucao.sol,resultados/experimentos/2024_1/novas_hibridas/curso_pares/historico.csv,resultados/experimentos/2024_1/novas_hibridas/curso_pares/historico.json,180.0,1,180.0,600.0,1,0,ADM,FIL,6
1,4,7,par_cursos,ADM+GEO,58,11362,83628,OPTIMAL,185815.5,185815.5,False,185815.5,0.88,0.58,600.0,,alfabetica,,,iteracao,curso_pares,180.0,180.0,600.0,14400.0,False,False,alfabetica,,alfabetica,,./dados/2024_1/horarios_2024_1.xlsx,./dados/2024_1/salas_2024_1.csv,./dados/2024_1/salas_preferenciais_2024.1.xlsx,/Users/robertdrey/Documents/workspace/development/alocador_de_salas,resultados/experimentos/2024_1/novas_hibridas/curso_pares/melhor_solucao.sol,resultados/experimentos/2024_1/novas_hibridas/curso_pares/historico.csv,resultados/experimentos/2024_1/novas_hibridas/curso_pares/historico.json,180.0,1,180.0,600.0,1,0,ADM,GEO,7
1,4,8,par_cursos,ADM+HIS,72,14076,80914,OPTIMAL,185815.5,185815.5,False,185815.5,1.12,0.82,600.0,,alfabetica,,,iteracao,curso_pares,180.0,180.0,600.0,14400.0,False,False,alfabetica,,alfabetica,,./dados/2024_1/horarios_2024_1.xlsx,./dados/2024_1/salas_2024_1.csv,./dados/2024_1/salas_preferenciais_2024.1.xlsx,/Users/robertdrey/Documents/workspace/development/alocador_de_salas,resultados/experimentos/2024_1/novas_hibridas/curso_pares/melhor_solucao.sol,resultados/experimentos/2024_1/novas_hibridas/curso_pares/historico.csv,resultados/experimentos/2024_1/novas_hibridas/curso_pares/historico.json,180.0,1,180.0,600.0,1,0,ADM,HIS,8
1,4,9,par_cursos,ADM+LET,84,18446,76544,OPTIMAL,185815.5,185815.5,False,185815.5,20.04,19.71,600.0,,alfabetica,,,iteracao,curso_pares,180.0,180.0,600.0,14400.0,False,False,alfabetica,,alfabetica,,./dados/2024_1/horarios_2024_1.xlsx,./dados/2024_1/salas_2024_1.csv,./dados/2024_1/salas_preferenciais_2024.1.xlsx,/Users/robertdrey/Documents/workspace/development/alocador_de_salas,resultados/experimentos/2024_1/novas_hibridas/curso_pares/melhor_solucao.sol,resultados/experimentos/2024_1/novas_hibridas/curso_pares/historico.csv,resultados/experimentos/2024_1/novas_hibridas/curso_pares/historico.json,180.0,1,180.0,600.0,1,0,ADM,LET,9
1,4,10,par_cursos,ADM+MAT,71,14260,80730,OPTIMAL,185815.5,185815.5,False,185815.5,1.26,0.92,600.0,,alfabetica,,,iteracao,curso_pares,180.0,180.0,600.0,14400.0,False,False,alfabetica,,alfabetica,,./dados/2024_1/horarios_2024_1.xlsx,./dados/2024_1/salas_2024_1.csv,./dados/2024_1/salas_preferenciais_2024.1.xlsx,/Users/robertdrey/Documents/workspace/development/alocador_de_salas,resultados/experimentos/2024_1/novas_hibridas/curso_pares/melhor_solucao.sol,resultados/experimentos/2024_1/novas_hibridas/curso_pares/historico.csv,resultados/experimentos/2024_1/novas_hibridas/curso_pares/historico.json,180.0,1,180.0,600.0,1,0,ADM,MAT,10
1,4,11,par_cursos,ADM+MED,89,18676,76314,OPTIMAL,185815.5,185815.5,False,185815.5,1.88,1.57,600.0,,alfabetica,,,iteracao,curso_pares,180.0,180.0,600.0,14400.0,False,False,alfabetica,,alfabetica,,./dados/2024_1/horarios_2024_1.xlsx,./dados/2024_1/salas_2024_1.csv,./dados/2024_1/salas_preferenciais_2024.1.xlsx,/Users/robertdrey/Documents/workspace/development/alocador_de_salas,resultados/experimentos/2024_1/novas_hibridas/curso_pares/melhor_solucao.sol,resultados/experimentos/2024_1/novas_hibridas/curso_pares/historico.csv,resultados/experimentos/2024_1/novas_hibridas/curso_pares/historico.json,180.0,1,180.0,600.0,1,0,ADM,MED,11
1,4,12,par_cursos,ADM+PED,104,22080,72910,TIME_LIMIT,185815.5,185815.5,False,185815.5,600.51,600.18,600.0,,alfabetica,,,iteracao,curso_pares,180.0,180.0,600.0,14400.0,False,False,alfabetica,,alfabetica,,./dados/2024_1/horarios_2024_1.xlsx,./dados/2024_1/salas_2024_1.csv,./dados/2024_1/salas_preferenciais_2024.1.xlsx,/Users/robertdrey/Documents/workspace/development/alocador_de_salas,resultados/experimentos/2024_1/novas_hibridas/curso_pares/melhor_solucao.sol,resultados/experimentos/2024_1/novas_hibridas/curso_pares/historico.csv,resultados/experimentos/2024_1/novas_hibridas/curso_pares/historico.json,180.0,1,180.0,600.0,1,0,ADM,PED,12
1,4,13,par_cursos,AGRO+CC,98,19274,75716,OPTIMAL,185815.5,185815.5,False,185815.5,7.45,6.95,600.0,,alfabetica,,,iteracao,curso_pares,180.0,180.0,600.0,14400.0,False,False,alfabetica,,alfabetica,,./dados/2024_1/horarios_2024_1.xlsx,./dados/2024_1/salas_2024_1.csv,./dados/2024_1/salas_preferenciais_2024.1.xlsx,/Users/robertdrey/Documents/workspace/development/alocador_de_salas,resultados/experimentos/2024_1/novas_hibridas/curso_pares/melhor_solucao.sol,resultados/experimentos/2024_1/novas_hibridas/curso_pares/historico.csv,resultados/experimentos/2024_1/novas_hibridas/curso_pares/historico.json,180.0,1,180.0,600.0,1,0,AGRO,CC,13
1,4,14,par_cursos,AGRO+CS,73,13294,81696,OPTIMAL,185815.5,185815.5,False,185815.5,3.83,3.51,600.0,,alfabetica,,,iteracao,curso_pares,180.0,180.0,600.0,14400.0,False,False,alfabetica,,alfabetica,,./dados/2024_1/horarios_2024_1.xlsx,./dados/2024_1/salas_2024_1.csv,./dados/2024_1/salas_preferenciais_2024.1.xlsx,/Users/robertdrey/Documents/workspace/development/alocador_de_salas,resultados/experimentos/2024_1/novas_hibridas/curso_pares/melhor_solucao.sol,resultados/experimentos/2024_1/novas_hibridas/curso_pares/historico.csv,resultados/experimentos/2024_1/novas_hibridas/curso_pares/historico.json,180.0,1,180.0,600.0,1,0,AGRO,CS,14
1,4,15,par_cursos,AGRO+EAS,96,16192,78798,OPTIMAL,185815.5,185809.0,True,185809.0,9.31,8.97,600.0,,alfabetica,,,iteracao,curso_pares,180.0,180.0,600.0,14400.0,False,False,alfabetica,,alfabetica,,./dados/2024_1/horarios_2024_1.xlsx,./dados/2024_1/salas_2024_1.csv,./dados/2024_1/salas_preferenciais_2024.1.xlsx,/Users/robertdrey/Documents/workspace/development/alocador_de_salas,resultados/experimentos/2024_1/novas_hibridas/curso_pares/melhor_solucao.sol,resultados/experimentos/2024_1/novas_hibridas/curso_pares/historico.csv,resultados/experimentos/2024_1/novas_hibridas/curso_pares/historico.json,180.0,1,180.0,600.0,1,0,AGRO,EAS,15
1,4,16,par_cursos,AGRO+ENF,69,17250,77740,OPTIMAL,185809.0,185805.0,True,185805.0,164.33,164.0,600.0,,alfabetica,,,iteracao,curso_pares,180.0,180.0,600.0,14400.0,False,False,alfabetica,,alfabetica,,./dados/2024_1/horarios_2024_1.xlsx,./dados/2024_1/salas_2024_1.csv,./dados/2024_1/salas_preferenciais_2024.1.xlsx,/Users/robertdrey/Documents/workspace/development/alocador_de_salas,resultados/experimentos/2024_1/novas_hibridas/curso_pares/melhor_solucao.sol,resultados/experimentos/2024_1/novas_hibridas/curso_pares/historico.csv,resultados/experimentos/2024_1/novas_hibridas/curso_pares/historico.json,180.0,1,180.0,600.0,1,0,AGRO,ENF,16
1,4,17,par_cursos,AGRO+FIL,66,11500,83490,OPTIMAL,185805.0,185805.0,False,185805.0,3.45,3.12,600.0,,alfabetica,,,iteracao,curso_pares,180.0,180.0,600.0,14400.0,False,False,alfabetica,,alfabetica,,./dados/2024_1/horarios_2024_1.xlsx,./dados/2024_1/salas_2024_1.csv,./dados/2024_1/salas_preferenciais_2024.1.xlsx,/Users/robertdrey/Documents/workspace/development/alocador_de_salas,resultados/experimentos/2024_1/novas_hibridas/curso_pares/melhor_solucao.sol,resultados/experimentos/2024_1/novas_hibridas/curso_pares/historico.csv,resultados/experimentos/2024_1/novas_hibridas/curso_pares/historico.json,180.0,1,180.0,600.0,1,0,AGRO,FIL,17
1,4,18,par_cursos,AGRO+GEO,61,10810,84180,OPTIMAL,185805.0,185805.0,False,185805.0,3.8,3.44,600.0,,alfabetica,,,iteracao,curso_pares,180.0,180.0,600.0,14400.0,False,False,alfabetica,,alfabetica,,./dados/2024_1/horarios_2024_1.xlsx,./dados/2024_1/salas_2024_1.csv,./dados/2024_1/salas_preferenciais_2024.1.xlsx,/Users/robertdrey/Documents/workspace/development/alocador_de_salas,resultados/experimentos/2024_1/novas_hibridas/curso_pares/melhor_solucao.sol,resultados/experimentos/2024_1/novas_hibridas/curso_pares/historico.csv,resultados/experimentos/2024_1/novas_hibridas/curso_pares/historico.json,180.0,1,180.0,600.0,1,0,AGRO,GEO,18
1,4,19,par_cursos,AGRO+HIS,75,13524,81466,OPTIMAL,185805.0,185805.0,False,185805.0,3.69,3.34,600.0,,alfabetica,,,iteracao,curso_pares,180.0,180.0,600.0,14400.0,False,False,alfabetica,,alfabetica,,./dados/2024_1/horarios_2024_1.xlsx,./dados/2024_1/salas_2024_1.csv,./dados/2024_1/salas_preferenciais_2024.1.xlsx,/Users/robertdrey/Documents/workspace/development/alocador_de_salas,resultados/experimentos/2024_1/novas_hibridas/curso_pares/melhor_solucao.sol,resultados/experimentos/2024_1/novas_hibridas/curso_pares/historico.csv,resultados/experimentos/2024_1/novas_hibridas/curso_pares/historico.json,180.0,1,180.0,600.0,1,0,AGRO,HIS,19
1,4,20,par_cursos,AGRO+LET,87,17894,77096,OPTIMAL,185805.0,185775.0,True,185775.0,15.25,14.92,600.0,,alfabetica,,,iteracao,curso_pares,180.0,180.0,600.0,14400.0,False,False,alfabetica,,alfabetica,,./dados/2024_1/horarios_2024_1.xlsx,./dados/2024_1/salas_2024_1.csv,./dados/2024_1/salas_preferenciais_2024.1.xlsx,/Users/robertdrey/Documents/workspace/development/alocador_de_salas,resultados/experimentos/2024_1/novas_hibridas/curso_pares/melhor_solucao.sol,resultados/experimentos/2024_1/novas_hibridas/curso_pares/historico.csv,resultados/experimentos/2024_1/novas_hibridas/curso_pares/historico.json,180.0,1,180.0,600.0,1,0,AGRO,LET,20
1,4,21,par_cursos,AGRO+MAT,74,13708,81282,OPTIMAL,185775.0,185775.0,False,185775.0,5.22,4.89,600.0,,alfabetica,,,iteracao,curso_pares,180.0,180.0,600.0,14400.0,False,False,alfabetica,,alfabetica,,./dados/2024_1/horarios_2024_1.xlsx,./dados/2024_1/salas_2024_1.csv,./dados/2024_1/salas_preferenciais_2024.1.xlsx,/Users/robertdrey/Documents/workspace/development/alocador_de_salas,resultados/experimentos/2024_1/novas_hibridas/curso_pares/melhor_solucao.sol,resultados/experimentos/2024_1/novas_hibridas/curso_pares/historico.csv,resultados/experimentos/2024_1/novas_hibridas/curso_pares/historico.json,180.0,1,180.0,600.0,1,0,AGRO,MAT,21
1,4,22,par_cursos,AGRO+MED,92,18124,76866,TIME_LIMIT,185775.0,185753.0,True,185753.0,600.34,600.02,600.0,,alfabetica,,,iteracao,curso_pares,180.0,180.0,600.0,14400.0,False,False,alfabetica,,alfabetica,,./dados/2024_1/horarios_2024_1.xlsx,./dados/2024_1/salas_2024_1.csv,./dados/2024_1/salas_preferenciais_2024.1.xlsx,/Users/robertdrey/Documents/workspace/development/alocador_de_salas,resultados/experimentos/2024_1/novas_hibridas/curso_pares/melhor_solucao.sol,resultados/experimentos/2024_1/novas_hibridas/curso_pares/historico.csv,resultados/experimentos/2024_1/novas_hibridas/curso_pares/historico.json,180.0,1,180.0,600.0,1,0,AGRO,MED,22
1,4,23,par_cursos,AGRO+PED,107,21528,73462,OPTIMAL,185753.0,185753.0,False,185753.0,60.3,59.98,600.0,,alfabetica,,,iteracao,curso_pares,180.0,180.0,600.0,14400.0,False,False,alfabetica,,alfabetica,,./dados/2024_1/horarios_2024_1.xlsx,./dados/2024_1/salas_2024_1.csv,./dados/2024_1/salas_preferenciais_2024.1.xlsx,/Users/robertdrey/Documents/workspace/development/alocador_de_salas,resultados/experimentos/2024_1/novas_hibridas/curso_pares/melhor_solucao.sol,resultados/experimentos/2024_1/novas_hibridas/curso_pares/historico.csv,resultados/experimentos/2024_1/novas_hibridas/curso_pares/historico.json,180.0,1,180.0,600.0,1,0,AGRO,PED,23
1,4,24,par_cursos,CC+CS,69,15088,79902,OPTIMAL,185753.0,185753.0,False,185753.0,1.56,1.21,600.0,,alfabetica,,,iteracao,curso_pares,180.0,180.0,600.0,14400.0,False,False,alfabetica,,alfabetica,,./dados/2024_1/horarios_2024_1.xlsx,./dados/2024_1/salas_2024_1.csv,./dados/2024_1/salas_preferenciais_2024.1.xlsx,/Users/robertdrey/Documents/workspace/development/alocador_de_salas,resultados/experimentos/2024_1/novas_hibridas/curso_pares/melhor_solucao.sol,resultados/experimentos/2024_1/novas_hibridas/curso_pares/historico.csv,resultados/experimentos/2024_1/novas_hibridas/curso_pares/historico.json,180.0,1,180.0,600.0,1,0,CC,CS,24
1,4,25,par_cursos,CC+EAS,92,17986,77004,OPTIMAL,185753.0,185748.0,True,185748.0,1.61,1.29,600.0,,alfabetica,,,iteracao,curso_pares,180.0,180.0,600.0,14400.0,False,False,alfabetica,,alfabetica,,./dados/2024_1/horarios_2024_1.xlsx,./dados/2024_1/salas_2024_1.csv,./dados/2024_1/salas_preferenciais_2024.1.xlsx,/Users/robertdrey/Documents/workspace/development/alocador_de_salas,resultados/experimentos/2024_1/novas_hibridas/curso_pares/melhor_solucao.sol,resultados/experimentos/2024_1/novas_hibridas/curso_pares/historico.csv,resultados/experimentos/2024_1/novas_hibridas/curso_pares/historico.json,180.0,1,180.0,600.0,1,0,CC,EAS,25
1,4,26,par_cursos,CC+ENF,65,19044,75946,OPTIMAL,185748.0,185709.0,True,185709.0,5.55,5.21,600.0,,alfabetica,,,iteracao,curso_pares,180.0,180.0,600.0,14400.0,False,False,alfabetica,,alfabetica,,./dados/2024_1/horarios_2024_1.xlsx,./dados/2024_1/salas_2024_1.csv,./dados/2024_1/salas_preferenciais_2024.1.xlsx,/Users/robertdrey/Documents/workspace/development/alocador_de_salas,resultados/experimentos/2024_1/novas_hibridas/curso_pares/melhor_solucao.sol,resultados/experimentos/2024_1/novas_hibridas/curso_pares/historico.csv,resultados/experimentos/2024_1/novas_hibridas/curso_pares/historico.json,180.0,1,180.0,600.0,1,0,CC,ENF,26
1,4,27,par_cursos,CC+FIL,62,13294,81696,OPTIMAL,185709.0,185709.0,False,185709.0,1.3,0.98,600.0,,alfabetica,,,iteracao,curso_pares,180.0,180.0,600.0,14400.0,False,False,alfabetica,,alfabetica,,./dados/2024_1/horarios_2024_1.xlsx,./dados/2024_1/salas_2024_1.csv,./dados/2024_1/salas_preferenciais_2024.1.xlsx,/Users/robertdrey/Documents/workspace/development/alocador_de_salas,resultados/experimentos/2024_1/novas_hibridas/curso_pares/melhor_solucao.sol,resultados/experimentos/2024_1/novas_hibridas/curso_pares/historico.csv,resultados/experimentos/2024_1/novas_hibridas/curso_pares/historico.json,180.0,1,180.0,600.0,1,0,CC,FIL,27
1,4,28,par_cursos,CC+GEO,57,12604,82386,OPTIMAL,185709.0,185709.0,False,185709.0,1.17,0.86,600.0,,alfabetica,,,iteracao,curso_pares,180.0,180.0,600.0,14400.0,False,False,alfabetica,,alfabetica,,./dados/2024_1/horarios_2024_1.xlsx,./dados/2024_1/salas_2024_1.csv,./dados/2024_1/salas_preferenciais_2024.1.xlsx,/Users/robertdrey/Documents/workspace/development/alocador_de_salas,resultados/experimentos/2024_1/novas_hibridas/curso_pares/melhor_solucao.sol,resultados/experimentos/2024_1/novas_hibridas/curso_pares/historico.csv,resultados/experimentos/2024_1/novas_hibridas/curso_pares/historico.json,180.0,1,180.0,600.0,1,0,CC,GEO,28
1,4,29,par_cursos,CC+HIS,71,15318,79672,OPTIMAL,185709.0,185709.0,False,185709.0,1.48,1.14,600.0,,alfabetica,,,iteracao,curso_pares,180.0,180.0,600.0,14400.0,False,False,alfabetica,,alfabetica,,./dados/2024_1/horarios_2024_1.xlsx,./dados/2024_1/salas_2024_1.csv,./dados/2024_1/salas_preferenciais_2024.1.xlsx,/Users/robertdrey/Documents/workspace/development/alocador_de_salas,resultados/experimentos/2024_1/novas_hibridas/curso_pares/melhor_solucao.sol,resultados/experimentos/2024_1/novas_hibridas/curso_pares/historico.csv,resultados/experimentos/2024_1/novas_hibridas/curso_pares/historico.json,180.0,1,180.0,600.0,1,0,CC,HIS,29
1,4,30,par_cursos,CC+LET,83,19688,75302,OPTIMAL,185709.0,185709.0,False,185709.0,586.9,586.56,600.0,,alfabetica,,,iteracao,curso_pares,180.0,180.0,600.0,14400.0,False,False,alfabetica,,alfabetica,,./dados/2024_1/horarios_2024_1.xlsx,./dados/2024_1/salas_2024_1.csv,./dados/2024_1/salas_preferenciais_2024.1.xlsx,/Users/robertdrey/Documents/workspace/development/alocador_de_salas,resultados/experimentos/2024_1/novas_hibridas/curso_pares/melhor_solucao.sol,resultados/experimentos/2024_1/novas_hibridas/curso_pares/historico.csv,resultados/experimentos/2024_1/novas_hibridas/curso_pares/historico.json,180.0,1,180.0,600.0,1,0,CC,LET,30
1,4,31,par_cursos,CC+MAT,70,15502,79488,OPTIMAL,185709.0,185709.0,False,185709.0,1.44,1.11,600.0,,alfabetica,,,iteracao,curso_pares,180.0,180.0,600.0,14400.0,False,False,alfabetica,,alfabetica,,./dados/2024_1/horarios_2024_1.xlsx,./dados/2024_1/salas_2024_1.csv,./dados/2024_1/salas_preferenciais_2024.1.xlsx,/Users/robertdrey/Documents/workspace/development/alocador_de_salas,resultados/experimentos/2024_1/novas_hibridas/curso_pares/melhor_solucao.sol,resultados/experimentos/2024_1/novas_hibridas/curso_pares/historico.csv,resultados/experimentos/2024_1/novas_hibridas/curso_pares/historico.json,180.0,1,180.0,600.0,1,0,CC,MAT,31
1,4,32,par_cursos,CC+MED,88,19918,75072,OPTIMAL,185709.0,185709.0,False,185709.0,2.57,2.26,600.0,,alfabetica,,,iteracao,curso_pares,180.0,180.0,600.0,14400.0,False,False,alfabetica,,alfabetica,,./dados/2024_1/horarios_2024_1.xlsx,./dados/2024_1/salas_2024_1.csv,./dados/2024_1/salas_preferenciais_2024.1.xlsx,/Users/robertdrey/Documents/workspace/development/alocador_de_salas,resultados/experimentos/2024_1/novas_hibridas/curso_pares/melhor_solucao.sol,resultados/experimentos/2024_1/novas_hibridas/curso_pares/historico.csv,resultados/experimentos/2024_1/novas_hibridas/curso_pares/historico.json,180.0,1,180.0,600.0,1,0,CC,MED,32
1,4,33,par_cursos,CC+PED,103,23322,71668,OPTIMAL,185709.0,185709.0,False,185709.0,31.64,31.32,600.0,,alfabetica,,,iteracao,curso_pares,180.0,180.0,600.0,14400.0,False,False,alfabetica,,alfabetica,,./dados/2024_1/horarios_2024_1.xlsx,./dados/2024_1/salas_2024_1.csv,./dados/2024_1/salas_preferenciais_2024.1.xlsx,/Users/robertdrey/Documents/workspace/development/alocador_de_salas,resultados/experimentos/2024_1/novas_hibridas/curso_pares/melhor_solucao.sol,resultados/experimentos/2024_1/novas_hibridas/curso_pares/historico.csv,resultados/experimentos/2024_1/novas_hibridas/curso_pares/historico.json,180.0,1,180.0,600.0,1,0,CC,PED,33
1,4,34,par_cursos,CS+EAS,67,12006,82984,OPTIMAL,185709.0,185709.0,False,185709.0,0.79,0.48,600.0,,alfabetica,,,iteracao,curso_pares,180.0,180.0,600.0,14400.0,False,False,alfabetica,,alfabetica,,./dados/2024_1/horarios_2024_1.xlsx,./dados/2024_1/salas_2024_1.csv,./dados/2024_1/salas_preferenciais_2024.1.xlsx,/Users/robertdrey/Documents/workspace/development/alocador_de_salas,resultados/experimentos/2024_1/novas_hibridas/curso_pares/melhor_solucao.sol,resultados/experimentos/2024_1/novas_hibridas/curso_pares/historico.csv,resultados/experimentos/2024_1/novas_hibridas/curso_pares/historico.json,180.0,1,180.0,600.0,1,0,CS,EAS,34
1,4,35,par_cursos,CS+ENF,40,13064,81926,OPTIMAL,185709.0,185709.0,False,185709.0,2.35,2.03,600.0,,alfabetica,,,iteracao,curso_pares,180.0,180.0,600.0,14400.0,False,False,alfabetica,,alfabetica,,./dados/2024_1/horarios_2024_1.xlsx,./dados/2024_1/salas_2024_1.csv,./dados/2024_1/salas_preferenciais_2024.1.xlsx,/Users/robertdrey/Documents/workspace/development/alocador_de_salas,resultados/experimentos/2024_1/novas_hibridas/curso_pares/melhor_solucao.sol,resultados/experimentos/2024_1/novas_hibridas/curso_pares/historico.csv,resultados/experimentos/2024_1/novas_hibridas/curso_pares/historico.json,180.0,1,180.0,600.0,1,0,CS,ENF,35
1,4,36,par_cursos,CS+FIL,37,7314,87676,OPTIMAL,185709.0,185709.0,False,185709.0,0.71,0.36,600.0,,alfabetica,,,iteracao,curso_pares,180.0,180.0,600.0,14400.0,False,False,alfabetica,,alfabetica,,./dados/2024_1/horarios_2024_1.xlsx,./dados/2024_1/salas_2024_1.csv,./dados/2024_1/salas_preferenciais_2024.1.xlsx,/Users/robertdrey/Documents/workspace/development/alocador_de_salas,resultados/experimentos/2024_1/novas_hibridas/curso_pares/melhor_solucao.sol,resultados/experimentos/2024_1/novas_hibridas/curso_pares/historico.csv,resultados/experimentos/2024_1/novas_hibridas/curso_pares/historico.json,180.0,1,180.0,600.0,1,0,CS,FIL,36
1,4,37,par_cursos,CS+GEO,32,6624,88366,OPTIMAL,185709.0,185709.0,False,185709.0,0.64,0.32,600.0,,alfabetica,,,iteracao,curso_pares,180.0,180.0,600.0,14400.0,False,False,alfabetica,,alfabetica,,./dados/2024_1/horarios_2024_1.xlsx,./dados/2024_1/salas_2024_1.csv,./dados/2024_1/salas_preferenciais_2024.1.xlsx,/Users/robertdrey/Documents/workspace/development/alocador_de_salas,resultados/experimentos/2024_1/novas_hibridas/curso_pares/melhor_solucao.sol,resultados/experimentos/2024_1/novas_hibridas/curso_pares/historico.csv,resultados/experimentos/2024_1/novas_hibridas/curso_pares/historico.json,180.0,1,180.0,600.0,1,0,CS,GEO,37
1,4,38,par_cursos,CS+HIS,46,9338,85652,OPTIMAL,185709.0,185709.0,False,185709.0,0.83,0.53,600.0,,alfabetica,,,iteracao,curso_pares,180.0,180.0,600.0,14400.0,False,False,alfabetica,,alfabetica,,./dados/2024_1/horarios_2024_1.xlsx,./dados/2024_1/salas_2024_1.csv,./dados/2024_1/salas_preferenciais_2024.1.xlsx,/Users/robertdrey/Documents/workspace/development/alocador_de_salas,resultados/experimentos/2024_1/novas_hibridas/curso_pares/melhor_solucao.sol,resultados/experimentos/2024_1/novas_hibridas/curso_pares/historico.csv,resultados/experimentos/2024_1/novas_hibridas/curso_pares/historico.json,180.0,1,180.0,600.0,1,0,CS,HIS,38
1,4,39,par_cursos,CS+LET,58,13708,81282,OPTIMAL,185709.0,185709.0,False,185709.0,2.44,2.12,600.0,,alfabetica,,,iteracao,curso_pares,180.0,180.0,600.0,14400.0,False,False,alfabetica,,alfabetica,,./dados/2024_1/horarios_2024_1.xlsx,./dados/2024_1/salas_2024_1.csv,./dados/2024_1/salas_preferenciais_2024.1.xlsx,/Users/robertdrey/Documents/workspace/development/alocador_de_salas,resultados/experimentos/2024_1/novas_hibridas/curso_pares/melhor_solucao.sol,resultados/experimentos/2024_1/novas_hibridas/curso_pares/historico.csv,resultados/experimentos/2024_1/novas_hibridas/curso_pares/historico.json,180.0,1,180.0,600.0,1,0,CS,LET,39
1,4,40,par_cursos,CS+MAT,45,9522,85468,OPTIMAL,185709.0,185709.0,False,185709.0,0.79,0.44,600.0,,alfabetica,,,iteracao,curso_pares,180.0,180.0,600.0,14400.0,False,False,alfabetica,,alfabetica,,./dados/2024_1/horarios_2024_1.xlsx,./dados/2024_1/salas_2024_1.csv,./dados/2024_1/salas_preferenciais_2024.1.xlsx,/Users/robertdrey/Documents/workspace/development/alocador_de_salas,resultados/experimentos/2024_1/novas_hibridas/curso_pares/melhor_solucao.sol,resultados/experimentos/2024_1/novas_hibridas/curso_pares/historico.csv,resultados/experimentos/2024_1/novas_hibridas/curso_pares/historico.json,180.0,1,180.0,600.0,1,0,CS,MAT,40
1,4,41,par_cursos,CS+MED,63,13938,81052,OPTIMAL,185709.0,185709.0,False,185709.0,1.17,0.88,600.0,,alfabetica,,,iteracao,curso_pares,180.0,180.0,600.0,14400.0,False,False,alfabetica,,alfabetica,,./dados/2024_1/horarios_2024_1.xlsx,./dados/2024_1/salas_2024_1.csv,./dados/2024_1/salas_preferenciais_2024.1.xlsx,/Users/robertdrey/Documents/workspace/development/alocador_de_salas,resultados/experimentos/2024_1/novas_hibridas/curso_pares/melhor_solucao.sol,resultados/experimentos/2024_1/novas_hibridas/curso_pares/historico.csv,resultados/experimentos/2024_1/novas_hibridas/curso_pares/historico.json,180.0,1,180.0,600.0,1,0,CS,MED,41
1,4,42,par_cursos,CS+PED,78,17342,77648,OPTIMAL,185709.0,185709.0,False,185709.0,31.53,31.22,600.0,,alfabetica,,,iteracao,curso_pares,180.0,180.0,600.0,14400.0,False,False,alfabetica,,alfabetica,,./dados/2024_1/horarios_2024_1.xlsx,./dados/2024_1/salas_2024_1.csv,./dados/2024_1/salas_preferenciais_2024.1.xlsx,/Users/robertdrey/Documents/workspace/development/alocador_de_salas,resultados/experimentos/2024_1/novas_hibridas/curso_pares/melhor_solucao.sol,resultados/experimentos/2024_1/novas_hibridas/curso_pares/historico.csv,resultados/experimentos/2024_1/novas_hibridas/curso_pares/historico.json,180.0,1,180.0,600.0,1,0,CS,PED,42
1,4,43,par_cursos,EAS+ENF,63,15962,79028,OPTIMAL,185709.0,185709.0,False,185709.0,5.04,4.7,600.0,,alfabetica,,,iteracao,curso_pares,180.0,180.0,600.0,14400.0,False,False,alfabetica,,alfabetica,,./dados/2024_1/horarios_2024_1.xlsx,./dados/2024_1/salas_2024_1.csv,./dados/2024_1/salas_preferenciais_2024.1.xlsx,/Users/robertdrey/Documents/workspace/development/alocador_de_salas,resultados/experimentos/2024_1/novas_hibridas/curso_pares/melhor_solucao.sol,resultados/experimentos/2024_1/novas_hibridas/curso_pares/historico.csv,resultados/experimentos/2024_1/novas_hibridas/curso_pares/historico.json,180.0,1,180.0,600.0,1,0,EAS,ENF,43
1,4,44,par_cursos,EAS+FIL,60,10212,84778,OPTIMAL,185709.0,185709.0,False,185709.0,0.69,0.36,600.0,,alfabetica,,,iteracao,curso_pares,180.0,180.0,600.0,14400.0,False,False,alfabetica,,alfabetica,,./dados/2024_1/horarios_2024_1.xlsx,./dados/2024_1/salas_2024_1.csv,./dados/2024_1/salas_preferenciais_2024.1.xlsx,/Users/robertdrey/Documents/workspace/development/alocador_de_salas,resultados/experimentos/2024_1/novas_hibridas/curso_pares/melhor_solucao.sol,resultados/experimentos/2024_1/novas_hibridas/curso_pares/historico.csv,resultados/experimentos/2024_1/novas_hibridas/curso_pares/historico.json,180.0,1,180.0,600.0,1,0,EAS,FIL,44
1,4,45,par_cursos,EAS+GEO,55,9522,85468,OPTIMAL,185709.0,185709.0,False,185709.0,0.63,0.34,600.0,,alfabetica,,,iteracao,curso_pares,180.0,180.0,600.0,14400.0,False,False,alfabetica,,alfabetica,,./dados/2024_1/horarios_2024_1.xlsx,./dados/2024_1/salas_2024_1.csv,./dados/2024_1/salas_preferenciais_2024.1.xlsx,/Users/robertdrey/Documents/workspace/development/alocador_de_salas,resultados/experimentos/2024_1/novas_hibridas/curso_pares/melhor_solucao.sol,resultados/experimentos/2024_1/novas_hibridas/curso_pares/historico.csv,resultados/experimentos/2024_1/novas_hibridas/curso_pares/historico.json,180.0,1,180.0,600.0,1,0,EAS,GEO,45
1,4,46,par_cursos,EAS+HIS,69,12236,82754,OPTIMAL,185709.0,185709.0,False,185709.0,0.81,0.52,600.0,,alfabetica,,,iteracao,curso_pares,180.0,180.0,600.0,14400.0,False,False,alfabetica,,alfabetica,,./dados/2024_1/horarios_2024_1.xlsx,./dados/2024_1/salas_2024_1.csv,./dados/2024_1/salas_preferenciais_2024.1.xlsx,/Users/robertdrey/Documents/workspace/development/alocador_de_salas,resultados/experimentos/2024_1/novas_hibridas/curso_pares/melhor_solucao.sol,resultados/experimentos/2024_1/novas_hibridas/curso_pares/historico.csv,resultados/experimentos/2024_1/novas_hibridas/curso_pares/historico.json,180.0,1,180.0,600.0,1,0,EAS,HIS,46
1,4,47,par_cursos,EAS+LET,81,16606,78384,OPTIMAL,185709.0,185709.0,False,185709.0,5.22,4.91,600.0,,alfabetica,,,iteracao,curso_pares,180.0,180.0,600.0,14400.0,False,False,alfabetica,,alfabetica,,./dados/2024_1/horarios_2024_1.xlsx,./dados/2024_1/salas_2024_1.csv,./dados/2024_1/salas_preferenciais_2024.1.xlsx,/Users/robertdrey/Documents/workspace/development/alocador_de_salas,resultados/experimentos/2024_1/novas_hibridas/curso_pares/melhor_solucao.sol,resultados/experimentos/2024_1/novas_hibridas/curso_pares/historico.csv,resultados/experimentos/2024_1/novas_hibridas/curso_pares/historico.json,180.0,1,180.0,600.0,1,0,EAS,LET,47
1,4,48,par_cursos,EAS+MAT,68,12420,82570,OPTIMAL,185709.0,185709.0,False,185709.0,1.82,1.46,600.0,,alfabetica,,,iteracao,curso_pares,180.0,180.0,600.0,14400.0,False,False,alfabetica,,alfabetica,,./dados/2024_1/horarios_2024_1.xlsx,./dados/2024_1/salas_2024_1.csv,./dados/2024_1/salas_preferenciais_2024.1.xlsx,/Users/robertdrey/Documents/workspace/development/alocador_de_salas,resultados/experimentos/2024_1/novas_hibridas/curso_pares/melhor_solucao.sol,resultados/experimentos/2024_1/novas_hibridas/curso_pares/historico.csv,resultados/experimentos/2024_1/novas_hibridas/curso_pares/historico.json,180.0,1,180.0,600.0,1,0,EAS,MAT,48
1,4,49,par_cursos,EAS+MED,86,16836,78154,OPTIMAL,185709.0,185709.0,False,185709.0,1.94,1.57,600.0,,alfabetica,,,iteracao,curso_pares,180.0,180.0,600.0,14400.0,False,False,alfabetica,,alfabetica,,./dados/2024_1/horarios_2024_1.xlsx,./dados/2024_1/salas_2024_1.csv,./dados/2024_1/salas_preferenciais_2024.1.xlsx,/Users/robertdrey/Documents/workspace/development/alocador_de_salas,resultados/experimentos/2024_1/novas_hibridas/curso_pares/melhor_solucao.sol,resultados/experimentos/2024_1/novas_hibridas/curso_pares/historico.csv,resultados/experimentos/2024_1/novas_hibridas/curso_pares/historico.json,180.0,1,180.0,600.0,1,0,EAS,MED,49
1,4,50,par_cursos,EAS+PED,101,20240,74750,OPTIMAL,185709.0,185709.0,False,185709.0,21.78,21.45,600.0,,alfabetica,,,iteracao,curso_pares,180.0,180.0,600.0,14400.0,False,False,alfabetica,,alfabetica,,./dados/2024_1/horarios_2024_1.xlsx,./dados/2024_1/salas_2024_1.csv,./dados/2024_1/salas_preferenciais_2024.1.xlsx,/Users/robertdrey/Documents/workspace/development/alocador_de_salas,resultados/experimentos/2024_1/novas_hibridas/curso_pares/melhor_solucao.sol,resultados/experimentos/2024_1/novas_hibridas/curso_pares/historico.csv,resultados/experimentos/2024_1/novas_hibridas/curso_pares/historico.json,180.0,1,180.0,600.0,1,0,EAS,PED,50
1,4,51,par_cursos,ENF+FIL,33,11270,83720,OPTIMAL,185709.0,185709.0,False,185709.0,1.96,1.62,600.0,,alfabetica,,,iteracao,curso_pares,180.0,180.0,600.0,14400.0,False,False,alfabetica,,alfabetica,,./dados/2024_1/horarios_2024_1.xlsx,./dados/2024_1/salas_2024_1.csv,./dados/2024_1/salas_preferenciais_2024.1.xlsx,/Users/robertdrey/Documents/workspace/development/alocador_de_salas,resultados/experimentos/2024_1/novas_hibridas/curso_pares/melhor_solucao.sol,resultados/experimentos/2024_1/novas_hibridas/curso_pares/historico.csv,resultados/experimentos/2024_1/novas_hibridas/curso_pares/historico.json,180.0,1,180.0,600.0,1,0,ENF,FIL,51
1,4,52,par_cursos,ENF+GEO,28,10580,84410,OPTIMAL,185709.0,185709.0,False,185709.0,2.07,1.73,600.0,,alfabetica,,,iteracao,curso_pares,180.0,180.0,600.0,14400.0,False,False,alfabetica,,alfabetica,,./dados/2024_1/horarios_2024_1.xlsx,./dados/2024_1/salas_2024_1.csv,./dados/2024_1/salas_preferenciais_2024.1.xlsx,/Users/robertdrey/Documents/workspace/development/alocador_de_salas,resultados/experimentos/2024_1/novas_hibridas/curso_pares/melhor_solucao.sol,resultados/experimentos/2024_1/novas_hibridas/curso_pares/historico.csv,resultados/experimentos/2024_1/novas_hibridas/curso_pares/historico.json,180.0,1,180.0,600.0,1,0,ENF,GEO,52
1,4,53,par_cursos,ENF+HIS,42,13294,81696,OPTIMAL,185709.0,185709.0,False,185709.0,2.12,1.77,600.0,,alfabetica,,,iteracao,curso_pares,180.0,180.0,600.0,14400.0,False,False,alfabetica,,alfabetica,,./dados/2024_1/horarios_2024_1.xlsx,./dados/2024_1/salas_2024_1.csv,./dados/2024_1/salas_preferenciais_2024.1.xlsx,/Users/robertdrey/Documents/workspace/development/alocador_de_salas,resultados/experimentos/2024_1/novas_hibridas/curso_pares/melhor_solucao.sol,resultados/experimentos/2024_1/novas_hibridas/curso_pares/historico.csv,resultados/experimentos/2024_1/novas_hibridas/curso_pares/historico.json,180.0,1,180.0,600.0,1,0,ENF,HIS,53
1,4,54,par_cursos,ENF+LET,54,17664,77326,OPTIMAL,185709.0,185709.0,False,185709.0,30.27,29.93,600.0,,alfabetica,,,iteracao,curso_pares,180.0,180.0,600.0,14400.0,False,False,alfabetica,,alfabetica,,./dados/2024_1/horarios_2024_1.xlsx,./dados/2024_1/salas_2024_1.csv,./dados/2024_1/salas_preferenciais_2024.1.xlsx,/Users/robertdrey/Documents/workspace/development/alocador_de_salas,resultados/experimentos/2024_1/novas_hibridas/curso_pares/melhor_solucao.sol,resultados/experimentos/2024_1/novas_hibridas/curso_pares/historico.csv,resultados/experimentos/2024_1/novas_hibridas/curso_pares/historico.json,180.0,1,180.0,600.0,1,0,ENF,LET,54
1,4,55,par_cursos,ENF+MAT,41,13478,81512,OPTIMAL,185709.0,185709.0,False,185709.0,2.67,2.33,600.0,,alfabetica,,,iteracao,curso_pares,180.0,180.0,600.0,14400.0,False,False,alfabetica,,alfabetica,,./dados/2024_1/horarios_2024_1.xlsx,./dados/2024_1/salas_2024_1.csv,./dados/2024_1/salas_preferenciais_2024.1.xlsx,/Users/robertdrey/Documents/workspace/development/alocador_de_salas,resultados/experimentos/2024_1/novas_hibridas/curso_pares/melhor_solucao.sol,resultados/experimentos/2024_1/novas_hibridas/curso_pares/historico.csv,resultados/experimentos/2024_1/novas_hibridas/curso_pares/historico.json,180.0,1,180.0,600.0,1,0,ENF,MAT,55
1,4,56,par_cursos,ENF+MED,59,17894,77096,OPTIMAL,185709.0,185709.0,False,185709.0,20.78,20.42,600.0,,alfabetica,,,iteracao,curso_pares,180.0,180.0,600.0,14400.0,False,False,alfabetica,,alfabetica,,./dados/2024_1/horarios_2024_1.xlsx,./dados/2024_1/salas_2024_1.csv,./dados/2024_1/salas_preferenciais_2024.1.xlsx,/Users/robertdrey/Documents/workspace/development/alocador_de_salas,resultados/experimentos/2024_1/novas_hibridas/curso_pares/melhor_solucao.sol,resultados/experimentos/2024_1/novas_hibridas/curso_pares/historico.csv,resultados/experimentos/2024_1/novas_hibridas/curso_pares/historico.json,180.0,1,180.0,600.0,1,0,ENF,MED,56
1,4,57,par_cursos,ENF+PED,74,21298,73692,TIME_LIMIT,185709.0,185709.0,False,185709.0,600.56,600.19,600.0,,alfabetica,,,iteracao,curso_pares,180.0,180.0,600.0,14400.0,False,False,alfabetica,,alfabetica,,./dados/2024_1/horarios_2024_1.xlsx,./dados/2024_1/salas_2024_1.csv,./dados/2024_1/salas_preferenciais_2024.1.xlsx,/Users/robertdrey/Documents/workspace/development/alocador_de_salas,resultados/experimentos/2024_1/novas_hibridas/curso_pares/melhor_solucao.sol,resultados/experimentos/2024_1/novas_hibridas/curso_pares/historico.csv,resultados/experimentos/2024_1/novas_hibridas/curso_pares/historico.json,180.0,1,180.0,600.0,1,0,ENF,PED,57
1,4,58,par_cursos,FIL+GEO,25,4830,90160,OPTIMAL,185709.0,185709.0,False,185709.0,0.69,0.32,600.0,,alfabetica,,,iteracao,curso_pares,180.0,180.0,600.0,14400.0,False,False,alfabetica,,alfabetica,,./dados/2024_1/horarios_2024_1.xlsx,./dados/2024_1/salas_2024_1.csv,./dados/2024_1/salas_preferenciais_2024.1.xlsx,/Users/robertdrey/Documents/workspace/development/alocador_de_salas,resultados/experimentos/2024_1/novas_hibridas/curso_pares/melhor_solucao.sol,resultados/experimentos/2024_1/novas_hibridas/curso_pares/historico.csv,resultados/experimentos/2024_1/novas_hibridas/curso_pares/historico.json,180.0,1,180.0,600.0,1,0,FIL,GEO,58
1,4,59,par_cursos,FIL+HIS,39,7544,87446,OPTIMAL,185709.0,185709.0,False,185709.0,0.7,0.39,600.0,,alfabetica,,,iteracao,curso_pares,180.0,180.0,600.0,14400.0,False,False,alfabetica,,alfabetica,,./dados/2024_1/horarios_2024_1.xlsx,./dados/2024_1/salas_2024_1.csv,./dados/2024_1/salas_preferenciais_2024.1.xlsx,/Users/robertdrey/Documents/workspace/development/alocador_de_salas,resultados/experimentos/2024_1/novas_hibridas/curso_pares/melhor_solucao.sol,resultados/experimentos/2024_1/novas_hibridas/curso_pares/historico.csv,resultados/experimentos/2024_1/novas_hibridas/curso_pares/historico.json,180.0,1,180.0,600.0,1,0,FIL,HIS,59
1,4,60,par_cursos,FIL+LET,51,11914,83076,OPTIMAL,185709.0,185709.0,False,185709.0,10.74,10.41,600.0,,alfabetica,,,iteracao,curso_pares,180.0,180.0,600.0,14400.0,False,False,alfabetica,,alfabetica,,./dados/2024_1/horarios_2024_1.xlsx,./dados/2024_1/salas_2024_1.csv,./dados/2024_1/salas_preferenciais_2024.1.xlsx,/Users/robertdrey/Documents/workspace/development/alocador_de_salas,resultados/experimentos/2024_1/novas_hibridas/curso_pares/melhor_solucao.sol,resultados/experimentos/2024_1/novas_hibridas/curso_pares/historico.csv,resultados/experimentos/2024_1/novas_hibridas/curso_pares/historico.json,180.0,1,180.0,600.0,1,0,FIL,LET,60
1,4,61,par_cursos,FIL+MAT,38,7728,87262,OPTIMAL,185709.0,185709.0,False,185709.0,0.75,0.4,600.0,,alfabetica,,,iteracao,curso_pares,180.0,180.0,600.0,14400.0,False,False,alfabetica,,alfabetica,,./dados/2024_1/horarios_2024_1.xlsx,./dados/2024_1/salas_2024_1.csv,./dados/2024_1/salas_preferenciais_2024.1.xlsx,/Users/robertdrey/Documents/workspace/development/alocador_de_salas,resultados/experimentos/2024_1/novas_hibridas/curso_pares/melhor_solucao.sol,resultados/experimentos/2024_1/novas_hibridas/curso_pares/historico.csv,resultados/experimentos/2024_1/novas_hibridas/curso_pares/historico.json,180.0,1,180.0,600.0,1,0,FIL,MAT,61
1,4,62,par_cursos,FIL+MED,56,12144,82846,OPTIMAL,185709.0,185709.0,False,185709.0,1.06,0.76,600.0,,alfabetica,,,iteracao,curso_pares,180.0,180.0,600.0,14400.0,False,False,alfabetica,,alfabetica,,./dados/2024_1/horarios_2024_1.xlsx,./dados/2024_1/salas_2024_1.csv,./dados/2024_1/salas_preferenciais_2024.1.xlsx,/Users/robertdrey/Documents/workspace/development/alocador_de_salas,resultados/experimentos/2024_1/novas_hibridas/curso_pares/melhor_solucao.sol,resultados/experimentos/2024_1/novas_hibridas/curso_pares/historico.csv,resultados/experimentos/2024_1/novas_hibridas/curso_pares/historico.json,180.0,1,180.0,600.0,1,0,FIL,MED,62
1,4,63,par_cursos,FIL+PED,71,15548,79442,OPTIMAL,185709.0,185709.0,False,185709.0,19.8,19.47,600.0,,alfabetica,,,iteracao,curso_pares,180.0,180.0,600.0,14400.0,False,False,alfabetica,,alfabetica,,./dados/2024_1/horarios_2024_1.xlsx,./dados/2024_1/salas_2024_1.csv,./dados/2024_1/salas_preferenciais_2024.1.xlsx,/Users/robertdrey/Documents/workspace/development/alocador_de_salas,resultados/experimentos/2024_1/novas_hibridas/curso_pares/melhor_solucao.sol,resultados/experimentos/2024_1/novas_hibridas/curso_pares/historico.csv,resultados/experimentos/2024_1/novas_hibridas/curso_pares/historico.json,180.0,1,180.0,600.0,1,0,FIL,PED,63
1,4,64,par_cursos,GEO+HIS,34,6854,88136,OPTIMAL,185709.0,185709.0,False,185709.0,0.73,0.38,600.0,,alfabetica,,,iteracao,curso_pares,180.0,180.0,600.0,14400.0,False,False,alfabetica,,alfabetica,,./dados/2024_1/horarios_2024_1.xlsx,./dados/2024_1/salas_2024_1.csv,./dados/2024_1/salas_preferenciais_2024.1.xlsx,/Users/robertdrey/Documents/workspace/development/alocador_de_salas,resultados/experimentos/2024_1/novas_hibridas/curso_pares/melhor_solucao.sol,resultados/experimentos/2024_1/novas_hibridas/curso_pares/historico.csv,resultados/experimentos/2024_1/novas_hibridas/curso_pares/historico.json,180.0,1,180.0,600.0,1,0,GEO,HIS,64
1,4,65,par_cursos,GEO+LET,46,11224,83766,OPTIMAL,185709.0,185709.0,False,185709.0,15.1,14.76,600.0,,alfabetica,,,iteracao,curso_pares,180.0,180.0,600.0,14400.0,False,False,alfabetica,,alfabetica,,./dados/2024_1/horarios_2024_1.xlsx,./dados/2024_1/salas_2024_1.csv,./dados/2024_1/salas_preferenciais_2024.1.xlsx,/Users/robertdrey/Documents/workspace/development/alocador_de_salas,resultados/experimentos/2024_1/novas_hibridas/curso_pares/melhor_solucao.sol,resultados/experimentos/2024_1/novas_hibridas/curso_pares/historico.csv,resultados/experimentos/2024_1/novas_hibridas/curso_pares/historico.json,180.0,1,180.0,600.0,1,0,GEO,LET,65
1,4,66,par_cursos,GEO+MAT,33,7038,87952,OPTIMAL,185709.0,185709.0,False,185709.0,0.72,0.37,600.0,,alfabetica,,,iteracao,curso_pares,180.0,180.0,600.0,14400.0,False,False,alfabetica,,alfabetica,,./dados/2024_1/horarios_2024_1.xlsx,./dados/2024_1/salas_2024_1.csv,./dados/2024_1/salas_preferenciais_2024.1.xlsx,/Users/robertdrey/Documents/workspace/development/alocador_de_salas,resultados/experimentos/2024_1/novas_hibridas/curso_pares/melhor_solucao.sol,resultados/experimentos/2024_1/novas_hibridas/curso_pares/historico.csv,resultados/experimentos/2024_1/novas_hibridas/curso_pares/historico.json,180.0,1,180.0,600.0,1,0,GEO,MAT,66
1,4,67,par_cursos,GEO+MED,51,11454,83536,OPTIMAL,185709.0,185709.0,False,185709.0,1.01,0.71,600.0,,alfabetica,,,iteracao,curso_pares,180.0,180.0,600.0,14400.0,False,False,alfabetica,,alfabetica,,./dados/2024_1/horarios_2024_1.xlsx,./dados/2024_1/salas_2024_1.csv,./dados/2024_1/salas_preferenciais_2024.1.xlsx,/Users/robertdrey/Documents/workspace/development/alocador_de_salas,resultados/experimentos/2024_1/novas_hibridas/curso_pares/melhor_solucao.sol,resultados/experimentos/2024_1/novas_hibridas/curso_pares/historico.csv,resultados/experimentos/2024_1/novas_hibridas/curso_pares/historico.json,180.0,1,180.0,600.0,1,0,GEO,MED,67
1,4,68,par_cursos,GEO+PED,66,14858,80132,OPTIMAL,185709.0,185709.0,False,185709.0,29.31,29.0,600.0,,alfabetica,,,iteracao,curso_pares,180.0,180.0,600.0,14400.0,False,False,alfabetica,,alfabetica,,./dados/2024_1/horarios_2024_1.xlsx,./dados/2024_1/salas_2024_1.csv,./dados/2024_1/salas_preferenciais_2024.1.xlsx,/Users/robertdrey/Documents/workspace/development/alocador_de_salas,resultados/experimentos/2024_1/novas_hibridas/curso_pares/melhor_solucao.sol,resultados/experimentos/2024_1/novas_hibridas/curso_pares/historico.csv,resultados/experimentos/2024_1/novas_hibridas/curso_pares/historico.json,180.0,1,180.0,600.0,1,0,GEO,PED,68
1,4,69,par_cursos,HIS+LET,60,13938,81052,OPTIMAL,185709.0,185656.5,True,185656.5,9.45,9.09,600.0,,alfabetica,,,iteracao,curso_pares,180.0,180.0,600.0,14400.0,False,False,alfabetica,,alfabetica,,./dados/2024_1/horarios_2024_1.xlsx,./dados/2024_1/salas_2024_1.csv,./dados/2024_1/salas_preferenciais_2024.1.xlsx,/Users/robertdrey/Documents/workspace/development/alocador_de_salas,resultados/experimentos/2024_1/novas_hibridas/curso_pares/melhor_solucao.sol,resultados/experimentos/2024_1/novas_hibridas/curso_pares/historico.csv,resultados/experimentos/2024_1/novas_hibridas/curso_pares/historico.json,180.0,1,180.0,600.0,1,0,HIS,LET,69
1,4,70,par_cursos,HIS+MAT,47,9752,85238,OPTIMAL,185656.5,185622.0,True,185622.0,0.97,0.6,600.0,,alfabetica,,,iteracao,curso_pares,180.0,180.0,600.0,14400.0,False,False,alfabetica,,alfabetica,,./dados/2024_1/horarios_2024_1.xlsx,./dados/2024_1/salas_2024_1.csv,./dados/2024_1/salas_preferenciais_2024.1.xlsx,/Users/robertdrey/Documents/workspace/development/alocador_de_salas,resultados/experimentos/2024_1/novas_hibridas/curso_pares/melhor_solucao.sol,resultados/experimentos/2024_1/novas_hibridas/curso_pares/historico.csv,resultados/experimentos/2024_1/novas_hibridas/curso_pares/historico.json,180.0,1,180.0,600.0,1,0,HIS,MAT,70
1,4,71,par_cursos,HIS+MED,65,14168,80822,OPTIMAL,185622.0,185622.0,False,185622.0,1.12,0.81,600.0,,alfabetica,,,iteracao,curso_pares,180.0,180.0,600.0,14400.0,False,False,alfabetica,,alfabetica,,./dados/2024_1/horarios_2024_1.xlsx,./dados/2024_1/salas_2024_1.csv,./dados/2024_1/salas_preferenciais_2024.1.xlsx,/Users/robertdrey/Documents/workspace/development/alocador_de_salas,resultados/experimentos/2024_1/novas_hibridas/curso_pares/melhor_solucao.sol,resultados/experimentos/2024_1/novas_hibridas/curso_pares/historico.csv,resultados/experimentos/2024_1/novas_hibridas/curso_pares/historico.json,180.0,1,180.0,600.0,1,0,HIS,MED,71
1,4,72,par_cursos,HIS+PED,80,17572,77418,OPTIMAL,185622.0,185622.0,False,185622.0,39.87,39.58,600.0,,alfabetica,,,iteracao,curso_pares,180.0,180.0,600.0,14400.0,False,False,alfabetica,,alfabetica,,./dados/2024_1/horarios_2024_1.xlsx,./dados/2024_1/salas_2024_1.csv,./dados/2024_1/salas_preferenciais_2024.1.xlsx,/Users/robertdrey/Documents/workspace/development/alocador_de_salas,resultados/experimentos/2024_1/novas_hibridas/curso_pares/melhor_solucao.sol,resultados/experimentos/2024_1/novas_hibridas/curso_pares/historico.csv,resultados/experimentos/2024_1/novas_hibridas/curso_pares/historico.json,180.0,1,180.0,600.0,1,0,HIS,PED,72
1,4,73,par_cursos,LET+MAT,59,14122,80868,OPTIMAL,185622.0,185622.0,False,185622.0,2.68,2.36,600.0,,alfabetica,,,iteracao,curso_pares,180.0,180.0,600.0,14400.0,False,False,alfabetica,,alfabetica,,./dados/2024_1/horarios_2024_1.xlsx,./dados/2024_1/salas_2024_1.csv,./dados/2024_1/salas_preferenciais_2024.1.xlsx,/Users/robertdrey/Documents/workspace/development/alocador_de_salas,resultados/experimentos/2024_1/novas_hibridas/curso_pares/melhor_solucao.sol,resultados/experimentos/2024_1/novas_hibridas/curso_pares/historico.csv,resultados/experimentos/2024_1/novas_hibridas/curso_pares/historico.json,180.0,1,180.0,600.0,1,0,LET,MAT,73
1,4,74,par_cursos,LET+MED,77,18538,76452,OPTIMAL,185622.0,185622.0,False,185622.0,2.47,2.15,600.0,,alfabetica,,,iteracao,curso_pares,180.0,180.0,600.0,14400.0,False,False,alfabetica,,alfabetica,,./dados/2024_1/horarios_2024_1.xlsx,./dados/2024_1/salas_2024_1.csv,./dados/2024_1/salas_preferenciais_2024.1.xlsx,/Users/robertdrey/Documents/workspace/development/alocador_de_salas,resultados/experimentos/2024_1/novas_hibridas/curso_pares/melhor_solucao.sol,resultados/experimentos/2024_1/novas_hibridas/curso_pares/historico.csv,resultados/experimentos/2024_1/novas_hibridas/curso_pares/historico.json,180.0,1,180.0,600.0,1,0,LET,MED,74
1,4,75,par_cursos,LET+PED,92,21942,73048,OPTIMAL,185622.0,185622.0,False,185622.0,59.78,59.45,600.0,,alfabetica,,,iteracao,curso_pares,180.0,180.0,600.0,14400.0,False,False,alfabetica,,alfabetica,,./dados/2024_1/horarios_2024_1.xlsx,./dados/2024_1/salas_2024_1.csv,./dados/2024_1/salas_preferenciais_2024.1.xlsx,/Users/robertdrey/Documents/workspace/development/alocador_de_salas,resultados/experimentos/2024_1/novas_hibridas/curso_pares/melhor_solucao.sol,resultados/experimentos/2024_1/novas_hibridas/curso_pares/historico.csv,resultados/experimentos/2024_1/novas_hibridas/curso_pares/historico.json,180.0,1,180.0,600.0,1,0,LET,PED,75
1,4,76,par_cursos,MAT+MED,64,14352,80638,OPTIMAL,185622.0,185622.0,False,185622.0,1.15,0.84,600.0,,alfabetica,,,iteracao,curso_pares,180.0,180.0,600.0,14400.0,False,False,alfabetica,,alfabetica,,./dados/2024_1/horarios_2024_1.xlsx,./dados/2024_1/salas_2024_1.csv,./dados/2024_1/salas_preferenciais_2024.1.xlsx,/Users/robertdrey/Documents/workspace/development/alocador_de_salas,resultados/experimentos/2024_1/novas_hibridas/curso_pares/melhor_solucao.sol,resultados/experimentos/2024_1/novas_hibridas/curso_pares/historico.csv,resultados/experimentos/2024_1/novas_hibridas/curso_pares/historico.json,180.0,1,180.0,600.0,1,0,MAT,MED,76
1,4,77,par_cursos,MAT+PED,79,17756,77234,OPTIMAL,185622.0,185622.0,False,185622.0,324.24,323.92,600.0,,alfabetica,,,iteracao,curso_pares,180.0,180.0,600.0,14400.0,False,False,alfabetica,,alfabetica,,./dados/2024_1/horarios_2024_1.xlsx,./dados/2024_1/salas_2024_1.csv,./dados/2024_1/salas_preferenciais_2024.1.xlsx,/Users/robertdrey/Documents/workspace/development/alocador_de_salas,resultados/experimentos/2024_1/novas_hibridas/curso_pares/melhor_solucao.sol,resultados/experimentos/2024_1/novas_hibridas/curso_pares/historico.csv,resultados/experimentos/2024_1/novas_hibridas/curso_pares/historico.json,180.0,1,180.0,600.0,1,0,MAT,PED,77
1,4,78,par_cursos,MED+PED,97,22172,72818,OPTIMAL,185622.0,185622.0,False,185622.0,28.7,28.38,600.0,,alfabetica,,,iteracao,curso_pares,180.0,180.0,600.0,14400.0,False,False,alfabetica,,alfabetica,,./dados/2024_1/horarios_2024_1.xlsx,./dados/2024_1/salas_2024_1.csv,./dados/2024_1/salas_preferenciais_2024.1.xlsx,/Users/robertdrey/Documents/workspace/development/alocador_de_salas,resultados/experimentos/2024_1/novas_hibridas/curso_pares/melhor_solucao.sol,resultados/experimentos/2024_1/novas_hibridas/curso_pares/historico.csv,resultados/experimentos/2024_1/novas_hibridas/curso_pares/historico.json,180.0,1,180.0,600.0,1,0,MED,PED,78
1,5,1,par_cursos,ADM+AGRO,99,18032,76958,OPTIMAL,185622.0,185622.0,False,185622.0,10.06,9.74,600.0,,alfabetica,,,iteracao,curso_pares,180.0,180.0,600.0,14400.0,False,False,alfabetica,,alfabetica,,./dados/2024_1/horarios_2024_1.xlsx,./dados/2024_1/salas_2024_1.csv,./dados/2024_1/salas_preferenciais_2024.1.xlsx,/Users/robertdrey/Documents/workspace/development/alocador_de_salas,resultados/experimentos/2024_1/novas_hibridas/curso_pares/melhor_solucao.sol,resultados/experimentos/2024_1/novas_hibridas/curso_pares/historico.csv,resultados/experimentos/2024_1/novas_hibridas/curso_pares/historico.json,180.0,1,180.0,600.0,1,0,ADM,AGRO,1
1,5,2,par_cursos,ADM+CC,95,19826,75164,OPTIMAL,185622.0,185622.0,False,185622.0,73.0,72.67,600.0,,alfabetica,,,iteracao,curso_pares,180.0,180.0,600.0,14400.0,False,False,alfabetica,,alfabetica,,./dados/2024_1/horarios_2024_1.xlsx,./dados/2024_1/salas_2024_1.csv,./dados/2024_1/salas_preferenciais_2024.1.xlsx,/Users/robertdrey/Documents/workspace/development/alocador_de_salas,resultados/experimentos/2024_1/novas_hibridas/curso_pares/melhor_solucao.sol,resultados/experimentos/2024_1/novas_hibridas/curso_pares/historico.csv,resultados/experimentos/2024_1/novas_hibridas/curso_pares/historico.json,180.0,1,180.0,600.0,1,0,ADM,CC,2
1,5,3,par_cursos,ADM+CS,70,13846,81144,OPTIMAL,185622.0,185622.0,False,185622.0,1.15,0.82,600.0,,alfabetica,,,iteracao,curso_pares,180.0,180.0,600.0,14400.0,False,False,alfabetica,,alfabetica,,./dados/2024_1/horarios_2024_1.xlsx,./dados/2024_1/salas_2024_1.csv,./dados/2024_1/salas_preferenciais_2024.1.xlsx,/Users/robertdrey/Documents/workspace/development/alocador_de_salas,resultados/experimentos/2024_1/novas_hibridas/curso_pares/melhor_solucao.sol,resultados/experimentos/2024_1/novas_hibridas/curso_pares/historico.csv,resultados/experimentos/2024_1/novas_hibridas/curso_pares/historico.json,180.0,1,180.0,600.0,1,0,ADM,CS,3
1,5,4,par_cursos,ADM+EAS,93,16744,78246,OPTIMAL,185622.0,185622.0,False,185622.0,1.41,1.09,600.0,,alfabetica,,,iteracao,curso_pares,180.0,180.0,600.0,14400.0,False,False,alfabetica,,alfabetica,,./dados/2024_1/horarios_2024_1.xlsx,./dados/2024_1/salas_2024_1.csv,./dados/2024_1/salas_preferenciais_2024.1.xlsx,/Users/robertdrey/Documents/workspace/development/alocador_de_salas,resultados/experimentos/2024_1/novas_hibridas/curso_pares/melhor_solucao.sol,resultados/experimentos/2024_1/novas_hibridas/curso_pares/historico.csv,resultados/experimentos/2024_1/novas_hibridas/curso_pares/historico.json,180.0,1,180.0,600.0,1,0,ADM,EAS,4
1,5,5,par_cursos,ADM+ENF,66,17802,77188,OPTIMAL,185622.0,185622.0,False,185622.0,5.91,5.59,600.0,,alfabetica,,,iteracao,curso_pares,180.0,180.0,600.0,14400.0,False,False,alfabetica,,alfabetica,,./dados/2024_1/horarios_2024_1.xlsx,./dados/2024_1/salas_2024_1.csv,./dados/2024_1/salas_preferenciais_2024.1.xlsx,/Users/robertdrey/Documents/workspace/development/alocador_de_salas,resultados/experimentos/2024_1/novas_hibridas/curso_pares/melhor_solucao.sol,resultados/experimentos/2024_1/novas_hibridas/curso_pares/historico.csv,resultados/experimentos/2024_1/novas_hibridas/curso_pares/historico.json,180.0,1,180.0,600.0,1,0,ADM,ENF,5
1,5,6,par_cursos,ADM+FIL,63,12052,82938,OPTIMAL,185622.0,185622.0,False,185622.0,0.95,0.64,600.0,,alfabetica,,,iteracao,curso_pares,180.0,180.0,600.0,14400.0,False,False,alfabetica,,alfabetica,,./dados/2024_1/horarios_2024_1.xlsx,./dados/2024_1/salas_2024_1.csv,./dados/2024_1/salas_preferenciais_2024.1.xlsx,/Users/robertdrey/Documents/workspace/development/alocador_de_salas,resultados/experimentos/2024_1/novas_hibridas/curso_pares/melhor_solucao.sol,resultados/experimentos/2024_1/novas_hibridas/curso_pares/historico.csv,resultados/experimentos/2024_1/novas_hibridas/curso_pares/historico.json,180.0,1,180.0,600.0,1,0,ADM,FIL,6
1,5,7,par_cursos,ADM+GEO,58,11362,83628,OPTIMAL,185622.0,185621.0,True,185621.0,0.92,0.61,600.0,,alfabetica,,,iteracao,curso_pares,180.0,180.0,600.0,14400.0,False,False,alfabetica,,alfabetica,,./dados/2024_1/horarios_2024_1.xlsx,./dados/2024_1/salas_2024_1.csv,./dados/2024_1/salas_preferenciais_2024.1.xlsx,/Users/robertdrey/Documents/workspace/development/alocador_de_salas,resultados/experimentos/2024_1/novas_hibridas/curso_pares/melhor_solucao.sol,resultados/experimentos/2024_1/novas_hibridas/curso_pares/historico.csv,resultados/experimentos/2024_1/novas_hibridas/curso_pares/historico.json,180.0,1,180.0,600.0,1,0,ADM,GEO,7
1,5,8,par_cursos,ADM+HIS,72,14076,80914,OPTIMAL,185621.0,185621.0,False,185621.0,1.06,0.75,600.0,,alfabetica,,,iteracao,curso_pares,180.0,180.0,600.0,14400.0,False,False,alfabetica,,alfabetica,,./dados/2024_1/horarios_2024_1.xlsx,./dados/2024_1/salas_2024_1.csv,./dados/2024_1/salas_preferenciais_2024.1.xlsx,/Users/robertdrey/Documents/workspace/development/alocador_de_salas,resultados/experimentos/2024_1/novas_hibridas/curso_pares/melhor_solucao.sol,resultados/experimentos/2024_1/novas_hibridas/curso_pares/historico.csv,resultados/experimentos/2024_1/novas_hibridas/curso_pares/historico.json,180.0,1,180.0,600.0,1,0,ADM,HIS,8
1,5,9,par_cursos,ADM+LET,84,18446,76544,OPTIMAL,185621.0,185621.0,False,185621.0,4.81,4.5,600.0,,alfabetica,,,iteracao,curso_pares,180.0,180.0,600.0,14400.0,False,False,alfabetica,,alfabetica,,./dados/2024_1/horarios_2024_1.xlsx,./dados/2024_1/salas_2024_1.csv,./dados/2024_1/salas_preferenciais_2024.1.xlsx,/Users/robertdrey/Documents/workspace/development/alocador_de_salas,resultados/experimentos/2024_1/novas_hibridas/curso_pares/melhor_solucao.sol,resultados/experimentos/2024_1/novas_hibridas/curso_pares/historico.csv,resultados/experimentos/2024_1/novas_hibridas/curso_pares/historico.json,180.0,1,180.0,600.0,1,0,ADM,LET,9
1,5,10,par_cursos,ADM+MAT,71,14260,80730,OPTIMAL,185621.0,185621.0,False,185621.0,1.17,0.85,600.0,,alfabetica,,,iteracao,curso_pares,180.0,180.0,600.0,14400.0,False,False,alfabetica,,alfabetica,,./dados/2024_1/horarios_2024_1.xlsx,./dados/2024_1/salas_2024_1.csv,./dados/2024_1/salas_preferenciais_2024.1.xlsx,/Users/robertdrey/Documents/workspace/development/alocador_de_salas,resultados/experimentos/2024_1/novas_hibridas/curso_pares/melhor_solucao.sol,resultados/experimentos/2024_1/novas_hibridas/curso_pares/historico.csv,resultados/experimentos/2024_1/novas_hibridas/curso_pares/historico.json,180.0,1,180.0,600.0,1,0,ADM,MAT,10
1,5,11,par_cursos,ADM+MED,89,18676,76314,OPTIMAL,185621.0,185621.0,False,185621.0,1.73,1.41,600.0,,alfabetica,,,iteracao,curso_pares,180.0,180.0,600.0,14400.0,False,False,alfabetica,,alfabetica,,./dados/2024_1/horarios_2024_1.xlsx,./dados/2024_1/salas_2024_1.csv,./dados/2024_1/salas_preferenciais_2024.1.xlsx,/Users/robertdrey/Documents/workspace/development/alocador_de_salas,resultados/experimentos/2024_1/novas_hibridas/curso_pares/melhor_solucao.sol,resultados/experimentos/2024_1/novas_hibridas/curso_pares/historico.csv,resultados/experimentos/2024_1/novas_hibridas/curso_pares/historico.json,180.0,1,180.0,600.0,1,0,ADM,MED,11
1,5,12,par_cursos,ADM+PED,104,22080,72910,TIME_LIMIT,185621.0,185621.0,False,185621.0,600.53,600.19,600.0,,alfabetica,,,iteracao,curso_pares,180.0,180.0,600.0,14400.0,False,False,alfabetica,,alfabetica,,./dados/2024_1/horarios_2024_1.xlsx,./dados/2024_1/salas_2024_1.csv,./dados/2024_1/salas_preferenciais_2024.1.xlsx,/Users/robertdrey/Documents/workspace/development/alocador_de_salas,resultados/experimentos/2024_1/novas_hibridas/curso_pares/melhor_solucao.sol,resultados/experimentos/2024_1/novas_hibridas/curso_pares/historico.csv,resultados/experimentos/2024_1/novas_hibridas/curso_pares/historico.json,180.0,1,180.0,600.0,1,0,ADM,PED,12
1,5,13,par_cursos,AGRO+CC,98,19274,75716,OPTIMAL,185621.0,185621.0,False,185621.0,175.35,174.93,600.0,,alfabetica,,,iteracao,curso_pares,180.0,180.0,600.0,14400.0,False,False,alfabetica,,alfabetica,,./dados/2024_1/horarios_2024_1.xlsx,./dados/2024_1/salas_2024_1.csv,./dados/2024_1/salas_preferenciais_2024.1.xlsx,/Users/robertdrey/Documents/workspace/development/alocador_de_salas,resultados/experimentos/2024_1/novas_hibridas/curso_pares/melhor_solucao.sol,resultados/experimentos/2024_1/novas_hibridas/curso_pares/historico.csv,resultados/experimentos/2024_1/novas_hibridas/curso_pares/historico.json,180.0,1,180.0,600.0,1,0,AGRO,CC,13
1,5,14,par_cursos,AGRO+CS,73,13294,81696,OPTIMAL,185621.0,185621.0,False,185621.0,12.7,12.37,600.0,,alfabetica,,,iteracao,curso_pares,180.0,180.0,600.0,14400.0,False,False,alfabetica,,alfabetica,,./dados/2024_1/horarios_2024_1.xlsx,./dados/2024_1/salas_2024_1.csv,./dados/2024_1/salas_preferenciais_2024.1.xlsx,/Users/robertdrey/Documents/workspace/development/alocador_de_salas,resultados/experimentos/2024_1/novas_hibridas/curso_pares/melhor_solucao.sol,resultados/experimentos/2024_1/novas_hibridas/curso_pares/historico.csv,resultados/experimentos/2024_1/novas_hibridas/curso_pares/historico.json,180.0,1,180.0,600.0,1,0,AGRO,CS,14
1,5,15,par_cursos,AGRO+EAS,96,16192,78798,OPTIMAL,185621.0,185621.0,False,185621.0,16.2,15.84,600.0,,alfabetica,,,iteracao,curso_pares,180.0,180.0,600.0,14400.0,False,False,alfabetica,,alfabetica,,./dados/2024_1/horarios_2024_1.xlsx,./dados/2024_1/salas_2024_1.csv,./dados/2024_1/salas_preferenciais_2024.1.xlsx,/Users/robertdrey/Documents/workspace/development/alocador_de_salas,resultados/experimentos/2024_1/novas_hibridas/curso_pares/melhor_solucao.sol,resultados/experimentos/2024_1/novas_hibridas/curso_pares/historico.csv,resultados/experimentos/2024_1/novas_hibridas/curso_pares/historico.json,180.0,1,180.0,600.0,1,0,AGRO,EAS,15
1,5,16,par_cursos,AGRO+ENF,69,17250,77740,OPTIMAL,185621.0,185621.0,False,185621.0,141.16,140.8,600.0,,alfabetica,,,iteracao,curso_pares,180.0,180.0,600.0,14400.0,False,False,alfabetica,,alfabetica,,./dados/2024_1/horarios_2024_1.xlsx,./dados/2024_1/salas_2024_1.csv,./dados/2024_1/salas_preferenciais_2024.1.xlsx,/Users/robertdrey/Documents/workspace/development/alocador_de_salas,resultados/experimentos/2024_1/novas_hibridas/curso_pares/melhor_solucao.sol,resultados/experimentos/2024_1/novas_hibridas/curso_pares/historico.csv,resultados/experimentos/2024_1/novas_hibridas/curso_pares/historico.json,180.0,1,180.0,600.0,1,0,AGRO,ENF,16
1,5,17,par_cursos,AGRO+FIL,66,11500,83490,OPTIMAL,185621.0,185621.0,False,185621.0,5.04,4.72,600.0,,alfabetica,,,iteracao,curso_pares,180.0,180.0,600.0,14400.0,False,False,alfabetica,,alfabetica,,./dados/2024_1/horarios_2024_1.xlsx,./dados/2024_1/salas_2024_1.csv,./dados/2024_1/salas_preferenciais_2024.1.xlsx,/Users/robertdrey/Documents/workspace/development/alocador_de_salas,resultados/experimentos/2024_1/novas_hibridas/curso_pares/melhor_solucao.sol,resultados/experimentos/2024_1/novas_hibridas/curso_pares/historico.csv,resultados/experimentos/2024_1/novas_hibridas/curso_pares/historico.json,180.0,1,180.0,600.0,1,0,AGRO,FIL,17
1,5,18,par_cursos,AGRO+GEO,61,10810,84180,OPTIMAL,185621.0,185621.0,False,185621.0,5.13,4.79,600.0,,alfabetica,,,iteracao,curso_pares,180.0,180.0,600.0,14400.0,False,False,alfabetica,,alfabetica,,./dados/2024_1/horarios_2024_1.xlsx,./dados/2024_1/salas_2024_1.csv,./dados/2024_1/salas_preferenciais_2024.1.xlsx,/Users/robertdrey/Documents/workspace/development/alocador_de_salas,resultados/experimentos/2024_1/novas_hibridas/curso_pares/melhor_solucao.sol,resultados/experimentos/2024_1/novas_hibridas/curso_pares/historico.csv,resultados/experimentos/2024_1/novas_hibridas/curso_pares/historico.json,180.0,1,180.0,600.0,1,0,AGRO,GEO,18
1,5,19,par_cursos,AGRO+HIS,75,13524,81466,OPTIMAL,185621.0,185621.0,False,185621.0,6.13,5.78,600.0,,alfabetica,,,iteracao,curso_pares,180.0,180.0,600.0,14400.0,False,False,alfabetica,,alfabetica,,./dados/2024_1/horarios_2024_1.xlsx,./dados/2024_1/salas_2024_1.csv,./dados/2024_1/salas_preferenciais_2024.1.xlsx,/Users/robertdrey/Documents/workspace/development/alocador_de_salas,resultados/experimentos/2024_1/novas_hibridas/curso_pares/melhor_solucao.sol,resultados/experimentos/2024_1/novas_hibridas/curso_pares/historico.csv,resultados/experimentos/2024_1/novas_hibridas/curso_pares/historico.json,180.0,1,180.0,600.0,1,0,AGRO,HIS,19
1,5,20,par_cursos,AGRO+LET,87,17894,77096,OPTIMAL,185621.0,185621.0,False,185621.0,13.1,12.76,600.0,,alfabetica,,,iteracao,curso_pares,180.0,180.0,600.0,14400.0,False,False,alfabetica,,alfabetica,,./dados/2024_1/horarios_2024_1.xlsx,./dados/2024_1/salas_2024_1.csv,./dados/2024_1/salas_preferenciais_2024.1.xlsx,/Users/robertdrey/Documents/workspace/development/alocador_de_salas,resultados/experimentos/2024_1/novas_hibridas/curso_pares/melhor_solucao.sol,resultados/experimentos/2024_1/novas_hibridas/curso_pares/historico.csv,resultados/experimentos/2024_1/novas_hibridas/curso_pares/historico.json,180.0,1,180.0,600.0,1,0,AGRO,LET,20
1,5,21,par_cursos,AGRO+MAT,74,13708,81282,OPTIMAL,185621.0,185621.0,False,185621.0,7.83,7.49,600.0,,alfabetica,,,iteracao,curso_pares,180.0,180.0,600.0,14400.0,False,False,alfabetica,,alfabetica,,./dados/2024_1/horarios_2024_1.xlsx,./dados/2024_1/salas_2024_1.csv,./dados/2024_1/salas_preferenciais_2024.1.xlsx,/Users/robertdrey/Documents/workspace/development/alocador_de_salas,resultados/experimentos/2024_1/novas_hibridas/curso_pares/melhor_solucao.sol,resultados/experimentos/2024_1/novas_hibridas/curso_pares/historico.csv,resultados/experimentos/2024_1/novas_hibridas/curso_pares/historico.json,180.0,1,180.0,600.0,1,0,AGRO,MAT,21
1,5,22,par_cursos,AGRO+MED,92,18124,76866,TIME_LIMIT,185621.0,185621.0,False,185621.0,600.44,600.04,600.0,,alfabetica,,,iteracao,curso_pares,180.0,180.0,600.0,14400.0,False,False,alfabetica,,alfabetica,,./dados/2024_1/horarios_2024_1.xlsx,./dados/2024_1/salas_2024_1.csv,./dados/2024_1/salas_preferenciais_2024.1.xlsx,/Users/robertdrey/Documents/workspace/development/alocador_de_salas,resultados/experimentos/2024_1/novas_hibridas/curso_pares/melhor_solucao.sol,resultados/experimentos/2024_1/novas_hibridas/curso_pares/historico.csv,resultados/experimentos/2024_1/novas_hibridas/curso_pares/historico.json,180.0,1,180.0,600.0,1,0,AGRO,MED,22
1,5,23,par_cursos,AGRO+PED,107,21528,73462,OPTIMAL,185621.0,185621.0,False,185621.0,91.2,90.8,600.0,,alfabetica,,,iteracao,curso_pares,180.0,180.0,600.0,14400.0,False,False,alfabetica,,alfabetica,,./dados/2024_1/horarios_2024_1.xlsx,./dados/2024_1/salas_2024_1.csv,./dados/2024_1/salas_preferenciais_2024.1.xlsx,/Users/robertdrey/Documents/workspace/development/alocador_de_salas,resultados/experimentos/2024_1/novas_hibridas/curso_pares/melhor_solucao.sol,resultados/experimentos/2024_1/novas_hibridas/curso_pares/historico.csv,resultados/experimentos/2024_1/novas_hibridas/curso_pares/historico.json,180.0,1,180.0,600.0,1,0,AGRO,PED,23
1,5,24,par_cursos,CC+CS,69,15088,79902,OPTIMAL,185621.0,185621.0,False,185621.0,55.25,54.92,600.0,,alfabetica,,,iteracao,curso_pares,180.0,180.0,600.0,14400.0,False,False,alfabetica,,alfabetica,,./dados/2024_1/horarios_2024_1.xlsx,./dados/2024_1/salas_2024_1.csv,./dados/2024_1/salas_preferenciais_2024.1.xlsx,/Users/robertdrey/Documents/workspace/development/alocador_de_salas,resultados/experimentos/2024_1/novas_hibridas/curso_pares/melhor_solucao.sol,resultados/experimentos/2024_1/novas_hibridas/curso_pares/historico.csv,resultados/experimentos/2024_1/novas_hibridas/curso_pares/historico.json,180.0,1,180.0,600.0,1,0,CC,CS,24
1,5,25,par_cursos,CC+EAS,92,17986,77004,OPTIMAL,185621.0,185621.0,False,185621.0,47.7,47.38,600.0,,alfabetica,,,iteracao,curso_pares,180.0,180.0,600.0,14400.0,False,False,alfabetica,,alfabetica,,./dados/2024_1/horarios_2024_1.xlsx,./dados/2024_1/salas_2024_1.csv,./dados/2024_1/salas_preferenciais_2024.1.xlsx,/Users/robertdrey/Documents/workspace/development/alocador_de_salas,resultados/experimentos/2024_1/novas_hibridas/curso_pares/melhor_solucao.sol,resultados/experimentos/2024_1/novas_hibridas/curso_pares/historico.csv,resultados/experimentos/2024_1/novas_hibridas/curso_pares/historico.json,180.0,1,180.0,600.0,1,0,CC,EAS,25
1,5,26,par_cursos,CC+ENF,65,19044,75946,OPTIMAL,185621.0,185621.0,False,185621.0,106.29,106.0,600.0,,alfabetica,,,iteracao,curso_pares,180.0,180.0,600.0,14400.0,False,False,alfabetica,,alfabetica,,./dados/2024_1/horarios_2024_1.xlsx,./dados/2024_1/salas_2024_1.csv,./dados/2024_1/salas_preferenciais_2024.1.xlsx,/Users/robertdrey/Documents/workspace/development/alocador_de_salas,resultados/experimentos/2024_1/novas_hibridas/curso_pares/melhor_solucao.sol,resultados/experimentos/2024_1/novas_hibridas/curso_pares/historico.csv,resultados/experimentos/2024_1/novas_hibridas/curso_pares/historico.json,180.0,1,180.0,600.0,1,0,CC,ENF,26
1,5,27,par_cursos,CC+FIL,62,13294,81696,OPTIMAL,185621.0,185452.0,True,185452.0,13.54,13.21,600.0,,alfabetica,,,iteracao,curso_pares,180.0,180.0,600.0,14400.0,False,False,alfabetica,,alfabetica,,./dados/2024_1/horarios_2024_1.xlsx,./dados/2024_1/salas_2024_1.csv,./dados/2024_1/salas_preferenciais_2024.1.xlsx,/Users/robertdrey/Documents/workspace/development/alocador_de_salas,resultados/experimentos/2024_1/novas_hibridas/curso_pares/melhor_solucao.sol,resultados/experimentos/2024_1/novas_hibridas/curso_pares/historico.csv,resultados/experimentos/2024_1/novas_hibridas/curso_pares/historico.json,180.0,1,180.0,600.0,1,0,CC,FIL,27
1,5,28,par_cursos,CC+GEO,57,12604,82386,OPTIMAL,185452.0,185452.0,False,185452.0,2.59,2.27,600.0,,alfabetica,,,iteracao,curso_pares,180.0,180.0,600.0,14400.0,False,False,alfabetica,,alfabetica,,./dados/2024_1/horarios_2024_1.xlsx,./dados/2024_1/salas_2024_1.csv,./dados/2024_1/salas_preferenciais_2024.1.xlsx,/Users/robertdrey/Documents/workspace/development/alocador_de_salas,resultados/experimentos/2024_1/novas_hibridas/curso_pares/melhor_solucao.sol,resultados/experimentos/2024_1/novas_hibridas/curso_pares/historico.csv,resultados/experimentos/2024_1/novas_hibridas/curso_pares/historico.json,180.0,1,180.0,600.0,1,0,CC,GEO,28
1,5,29,par_cursos,CC+HIS,71,15318,79672,OPTIMAL,185452.0,185452.0,False,185452.0,20.78,20.45,600.0,,alfabetica,,,iteracao,curso_pares,180.0,180.0,600.0,14400.0,False,False,alfabetica,,alfabetica,,./dados/2024_1/horarios_2024_1.xlsx,./dados/2024_1/salas_2024_1.csv,./dados/2024_1/salas_preferenciais_2024.1.xlsx,/Users/robertdrey/Documents/workspace/development/alocador_de_salas,resultados/experimentos/2024_1/novas_hibridas/curso_pares/melhor_solucao.sol,resultados/experimentos/2024_1/novas_hibridas/curso_pares/historico.csv,resultados/experimentos/2024_1/novas_hibridas/curso_pares/historico.json,180.0,1,180.0,600.0,1,0,CC,HIS,29
1,5,30,par_cursos,CC+LET,83,19688,75302,OPTIMAL,185452.0,185317.0,True,185317.0,124.34,124.02,600.0,,alfabetica,,,iteracao,curso_pares,180.0,180.0,600.0,14400.0,False,False,alfabetica,,alfabetica,,./dados/2024_1/horarios_2024_1.xlsx,./dados/2024_1/salas_2024_1.csv,./dados/2024_1/salas_preferenciais_2024.1.xlsx,/Users/robertdrey/Documents/workspace/development/alocador_de_salas,resultados/experimentos/2024_1/novas_hibridas/curso_pares/melhor_solucao.sol,resultados/experimentos/2024_1/novas_hibridas/curso_pares/historico.csv,resultados/experimentos/2024_1/novas_hibridas/curso_pares/historico.json,180.0,1,180.0,600.0,1,0,CC,LET,30
1,5,31,par_cursos,CC+MAT,70,15502,79488,OPTIMAL,185317.0,185295.5,True,185295.5,1.69,1.36,600.0,,alfabetica,,,iteracao,curso_pares,180.0,180.0,600.0,14400.0,False,False,alfabetica,,alfabetica,,./dados/2024_1/horarios_2024_1.xlsx,./dados/2024_1/salas_2024_1.csv,./dados/2024_1/salas_preferenciais_2024.1.xlsx,/Users/robertdrey/Documents/workspace/development/alocador_de_salas,resultados/experimentos/2024_1/novas_hibridas/curso_pares/melhor_solucao.sol,resultados/experimentos/2024_1/novas_hibridas/curso_pares/historico.csv,resultados/experimentos/2024_1/novas_hibridas/curso_pares/historico.json,180.0,1,180.0,600.0,1,0,CC,MAT,31
1,5,32,par_cursos,CC+MED,88,19918,75072,OPTIMAL,185295.5,185295.5,False,185295.5,2.98,2.65,600.0,,alfabetica,,,iteracao,curso_pares,180.0,180.0,600.0,14400.0,False,False,alfabetica,,alfabetica,,./dados/2024_1/horarios_2024_1.xlsx,./dados/2024_1/salas_2024_1.csv,./dados/2024_1/salas_preferenciais_2024.1.xlsx,/Users/robertdrey/Documents/workspace/development/alocador_de_salas,resultados/experimentos/2024_1/novas_hibridas/curso_pares/melhor_solucao.sol,resultados/experimentos/2024_1/novas_hibridas/curso_pares/historico.csv,resultados/experimentos/2024_1/novas_hibridas/curso_pares/historico.json,180.0,1,180.0,600.0,1,0,CC,MED,32
1,5,33,par_cursos,CC+PED,103,23322,71668,OPTIMAL,185295.5,185295.5,False,185295.5,99.91,99.6,600.0,,alfabetica,,,iteracao,curso_pares,180.0,180.0,600.0,14400.0,False,False,alfabetica,,alfabetica,,./dados/2024_1/horarios_2024_1.xlsx,./dados/2024_1/salas_2024_1.csv,./dados/2024_1/salas_preferenciais_2024.1.xlsx,/Users/robertdrey/Documents/workspace/development/alocador_de_salas,resultados/experimentos/2024_1/novas_hibridas/curso_pares/melhor_solucao.sol,resultados/experimentos/2024_1/novas_hibridas/curso_pares/historico.csv,resultados/experimentos/2024_1/novas_hibridas/curso_pares/historico.json,180.0,1,180.0,600.0,1,0,CC,PED,33
1,5,34,par_cursos,CS+EAS,67,12006,82984,OPTIMAL,185295.5,185295.5,False,185295.5,0.78,0.47,600.0,,alfabetica,,,iteracao,curso_pares,180.0,180.0,600.0,14400.0,False,False,alfabetica,,alfabetica,,./dados/2024_1/horarios_2024_1.xlsx,./dados/2024_1/salas_2024_1.csv,./dados/2024_1/salas_preferenciais_2024.1.xlsx,/Users/robertdrey/Documents/workspace/development/alocador_de_salas,resultados/experimentos/2024_1/novas_hibridas/curso_pares/melhor_solucao.sol,resultados/experimentos/2024_1/novas_hibridas/curso_pares/historico.csv,resultados/experimentos/2024_1/novas_hibridas/curso_pares/historico.json,180.0,1,180.0,600.0,1,0,CS,EAS,34
1,5,35,par_cursos,CS+ENF,40,13064,81926,OPTIMAL,185295.5,185295.5,False,185295.5,1.51,1.22,600.0,,alfabetica,,,iteracao,curso_pares,180.0,180.0,600.0,14400.0,False,False,alfabetica,,alfabetica,,./dados/2024_1/horarios_2024_1.xlsx,./dados/2024_1/salas_2024_1.csv,./dados/2024_1/salas_preferenciais_2024.1.xlsx,/Users/robertdrey/Documents/workspace/development/alocador_de_salas,resultados/experimentos/2024_1/novas_hibridas/curso_pares/melhor_solucao.sol,resultados/experimentos/2024_1/novas_hibridas/curso_pares/historico.csv,resultados/experimentos/2024_1/novas_hibridas/curso_pares/historico.json,180.0,1,180.0,600.0,1,0,CS,ENF,35
1,5,36,par_cursos,CS+FIL,37,7314,87676,OPTIMAL,185295.5,185295.5,False,185295.5,0.61,0.3,600.0,,alfabetica,,,iteracao,curso_pares,180.0,180.0,600.0,14400.0,False,False,alfabetica,,alfabetica,,./dados/2024_1/horarios_2024_1.xlsx,./dados/2024_1/salas_2024_1.csv,./dados/2024_1/salas_preferenciais_2024.1.xlsx,/Users/robertdrey/Documents/workspace/development/alocador_de_salas,resultados/experimentos/2024_1/novas_hibridas/curso_pares/melhor_solucao.sol,resultados/experimentos/2024_1/novas_hibridas/curso_pares/historico.csv,resultados/experimentos/2024_1/novas_hibridas/curso_pares/historico.json,180.0,1,180.0,600.0,1,0,CS,FIL,36
1,5,37,par_cursos,CS+GEO,32,6624,88366,OPTIMAL,185295.5,185295.5,False,185295.5,0.63,0.32,600.0,,alfabetica,,,iteracao,curso_pares,180.0,180.0,600.0,14400.0,False,False,alfabetica,,alfabetica,,./dados/2024_1/horarios_2024_1.xlsx,./dados/2024_1/salas_2024_1.csv,./dados/2024_1/salas_preferenciais_2024.1.xlsx,/Users/robertdrey/Documents/workspace/development/alocador_de_salas,resultados/experimentos/2024_1/novas_hibridas/curso_pares/melhor_solucao.sol,resultados/experimentos/2024_1/novas_hibridas/curso_pares/historico.csv,resultados/experimentos/2024_1/novas_hibridas/curso_pares/historico.json,180.0,1,180.0,600.0,1,0,CS,GEO,37
1,5,38,par_cursos,CS+HIS,46,9338,85652,OPTIMAL,185295.5,185295.5,False,185295.5,0.75,0.44,600.0,,alfabetica,,,iteracao,curso_pares,180.0,180.0,600.0,14400.0,False,False,alfabetica,,alfabetica,,./dados/2024_1/horarios_2024_1.xlsx,./dados/2024_1/salas_2024_1.csv,./dados/2024_1/salas_preferenciais_2024.1.xlsx,/Users/robertdrey/Documents/workspace/development/alocador_de_salas,resultados/experimentos/2024_1/novas_hibridas/curso_pares/melhor_solucao.sol,resultados/experimentos/2024_1/novas_hibridas/curso_pares/historico.csv,resultados/experimentos/2024_1/novas_hibridas/curso_pares/historico.json,180.0,1,180.0,600.0,1,0,CS,HIS,38
1,5,39,par_cursos,CS+LET,58,13708,81282,OPTIMAL,185295.5,185295.5,False,185295.5,1.51,1.2,600.0,,alfabetica,,,iteracao,curso_pares,180.0,180.0,600.0,14400.0,False,False,alfabetica,,alfabetica,,./dados/2024_1/horarios_2024_1.xlsx,./dados/2024_1/salas_2024_1.csv,./dados/2024_1/salas_preferenciais_2024.1.xlsx,/Users/robertdrey/Documents/workspace/development/alocador_de_salas,resultados/experimentos/2024_1/novas_hibridas/curso_pares/melhor_solucao.sol,resultados/experimentos/2024_1/novas_hibridas/curso_pares/historico.csv,resultados/experimentos/2024_1/novas_hibridas/curso_pares/historico.json,180.0,1,180.0,600.0,1,0,CS,LET,39
1,5,40,par_cursos,CS+MAT,45,9522,85468,OPTIMAL,185295.5,185295.5,False,185295.5,0.82,0.5,600.0,,alfabetica,,,iteracao,curso_pares,180.0,180.0,600.0,14400.0,False,False,alfabetica,,alfabetica,,./dados/2024_1/horarios_2024_1.xlsx,./dados/2024_1/salas_2024_1.csv,./dados/2024_1/salas_preferenciais_2024.1.xlsx,/Users/robertdrey/Documents/workspace/development/alocador_de_salas,resultados/experimentos/2024_1/novas_hibridas/curso_pares/melhor_solucao.sol,resultados/experimentos/2024_1/novas_hibridas/curso_pares/historico.csv,resultados/experimentos/2024_1/novas_hibridas/curso_pares/historico.json,180.0,1,180.0,600.0,1,0,CS,MAT,40
1,5,41,par_cursos,CS+MED,63,13938,81052,OPTIMAL,185295.5,185295.5,False,185295.5,1.12,0.81,600.0,,alfabetica,,,iteracao,curso_pares,180.0,180.0,600.0,14400.0,False,False,alfabetica,,alfabetica,,./dados/2024_1/horarios_2024_1.xlsx,./dados/2024_1/salas_2024_1.csv,./dados/2024_1/salas_preferenciais_2024.1.xlsx,/Users/robertdrey/Documents/workspace/development/alocador_de_salas,resultados/experimentos/2024_1/novas_hibridas/curso_pares/melhor_solucao.sol,resultados/experimentos/2024_1/novas_hibridas/curso_pares/historico.csv,resultados/experimentos/2024_1/novas_hibridas/curso_pares/historico.json,180.0,1,180.0,600.0,1,0,CS,MED,41
1,5,42,par_cursos,CS+PED,78,17342,77648,OPTIMAL,185295.5,185295.5,False,185295.5,30.73,30.43,600.0,,alfabetica,,,iteracao,curso_pares,180.0,180.0,600.0,14400.0,False,False,alfabetica,,alfabetica,,./dados/2024_1/horarios_2024_1.xlsx,./dados/2024_1/salas_2024_1.csv,./dados/2024_1/salas_preferenciais_2024.1.xlsx,/Users/robertdrey/Documents/workspace/development/alocador_de_salas,resultados/experimentos/2024_1/novas_hibridas/curso_pares/melhor_solucao.sol,resultados/experimentos/2024_1/novas_hibridas/curso_pares/historico.csv,resultados/experimentos/2024_1/novas_hibridas/curso_pares/historico.json,180.0,1,180.0,600.0,1,0,CS,PED,42
1,5,43,par_cursos,EAS+ENF,63,15962,79028,OPTIMAL,185295.5,185295.5,False,185295.5,5.08,4.75,600.0,,alfabetica,,,iteracao,curso_pares,180.0,180.0,600.0,14400.0,False,False,alfabetica,,alfabetica,,./dados/2024_1/horarios_2024_1.xlsx,./dados/2024_1/salas_2024_1.csv,./dados/2024_1/salas_preferenciais_2024.1.xlsx,/Users/robertdrey/Documents/workspace/development/alocador_de_salas,resultados/experimentos/2024_1/novas_hibridas/curso_pares/melhor_solucao.sol,resultados/experimentos/2024_1/novas_hibridas/curso_pares/historico.csv,resultados/experimentos/2024_1/novas_hibridas/curso_pares/historico.json,180.0,1,180.0,600.0,1,0,EAS,ENF,43
1,5,44,par_cursos,EAS+FIL,60,10212,84778,OPTIMAL,185295.5,185295.5,False,185295.5,0.75,0.4,600.0,,alfabetica,,,iteracao,curso_pares,180.0,180.0,600.0,14400.0,False,False,alfabetica,,alfabetica,,./dados/2024_1/horarios_2024_1.xlsx,./dados/2024_1/salas_2024_1.csv,./dados/2024_1/salas_preferenciais_2024.1.xlsx,/Users/robertdrey/Documents/workspace/development/alocador_de_salas,resultados/experimentos/2024_1/novas_hibridas/curso_pares/melhor_solucao.sol,resultados/experimentos/2024_1/novas_hibridas/curso_pares/historico.csv,resultados/experimentos/2024_1/novas_hibridas/curso_pares/historico.json,180.0,1,180.0,600.0,1,0,EAS,FIL,44
1,5,45,par_cursos,EAS+GEO,55,9522,85468,OPTIMAL,185295.5,185295.5,False,185295.5,0.63,0.33,600.0,,alfabetica,,,iteracao,curso_pares,180.0,180.0,600.0,14400.0,False,False,alfabetica,,alfabetica,,./dados/2024_1/horarios_2024_1.xlsx,./dados/2024_1/salas_2024_1.csv,./dados/2024_1/salas_preferenciais_2024.1.xlsx,/Users/robertdrey/Documents/workspace/development/alocador_de_salas,resultados/experimentos/2024_1/novas_hibridas/curso_pares/melhor_solucao.sol,resultados/experimentos/2024_1/novas_hibridas/curso_pares/historico.csv,resultados/experimentos/2024_1/novas_hibridas/curso_pares/historico.json,180.0,1,180.0,600.0,1,0,EAS,GEO,45
1,5,46,par_cursos,EAS+HIS,69,12236,82754,OPTIMAL,185295.5,185295.5,False,185295.5,0.84,0.55,600.0,,alfabetica,,,iteracao,curso_pares,180.0,180.0,600.0,14400.0,False,False,alfabetica,,alfabetica,,./dados/2024_1/horarios_2024_1.xlsx,./dados/2024_1/salas_2024_1.csv,./dados/2024_1/salas_preferenciais_2024.1.xlsx,/Users/robertdrey/Documents/workspace/development/alocador_de_salas,resultados/experimentos/2024_1/novas_hibridas/curso_pares/melhor_solucao.sol,resultados/experimentos/2024_1/novas_hibridas/curso_pares/historico.csv,resultados/experimentos/2024_1/novas_hibridas/curso_pares/historico.json,180.0,1,180.0,600.0,1,0,EAS,HIS,46
1,5,47,par_cursos,EAS+LET,81,16606,78384,OPTIMAL,185295.5,185295.5,False,185295.5,2.68,2.37,600.0,,alfabetica,,,iteracao,curso_pares,180.0,180.0,600.0,14400.0,False,False,alfabetica,,alfabetica,,./dados/2024_1/horarios_2024_1.xlsx,./dados/2024_1/salas_2024_1.csv,./dados/2024_1/salas_preferenciais_2024.1.xlsx,/Users/robertdrey/Documents/workspace/development/alocador_de_salas,resultados/experimentos/2024_1/novas_hibridas/curso_pares/melhor_solucao.sol,resultados/experimentos/2024_1/novas_hibridas/curso_pares/historico.csv,resultados/experimentos/2024_1/novas_hibridas/curso_pares/historico.json,180.0,1,180.0,600.0,1,0,EAS,LET,47
1,5,48,par_cursos,EAS+MAT,68,12420,82570,OPTIMAL,185295.5,185295.5,False,185295.5,1.69,1.33,600.0,,alfabetica,,,iteracao,curso_pares,180.0,180.0,600.0,14400.0,False,False,alfabetica,,alfabetica,,./dados/2024_1/horarios_2024_1.xlsx,./dados/2024_1/salas_2024_1.csv,./dados/2024_1/salas_preferenciais_2024.1.xlsx,/Users/robertdrey/Documents/workspace/development/alocador_de_salas,resultados/experimentos/2024_1/novas_hibridas/curso_pares/melhor_solucao.sol,resultados/experimentos/2024_1/novas_hibridas/curso_pares/historico.csv,resultados/experimentos/2024_1/novas_hibridas/curso_pares/historico.json,180.0,1,180.0,600.0,1,0,EAS,MAT,48
1,5,49,par_cursos,EAS+MED,86,16836,78154,OPTIMAL,185295.5,185295.5,False,185295.5,2.11,1.73,600.0,,alfabetica,,,iteracao,curso_pares,180.0,180.0,600.0,14400.0,False,False,alfabetica,,alfabetica,,./dados/2024_1/horarios_2024_1.xlsx,./dados/2024_1/salas_2024_1.csv,./dados/2024_1/salas_preferenciais_2024.1.xlsx,/Users/robertdrey/Documents/workspace/development/alocador_de_salas,resultados/experimentos/2024_1/novas_hibridas/curso_pares/melhor_solucao.sol,resultados/experimentos/2024_1/novas_hibridas/curso_pares/historico.csv,resultados/experimentos/2024_1/novas_hibridas/curso_pares/historico.json,180.0,1,180.0,600.0,1,0,EAS,MED,49
1,5,50,par_cursos,EAS+PED,101,20240,74750,OPTIMAL,185295.5,185295.5,False,185295.5,35.26,34.95,600.0,,alfabetica,,,iteracao,curso_pares,180.0,180.0,600.0,14400.0,False,False,alfabetica,,alfabetica,,./dados/2024_1/horarios_2024_1.xlsx,./dados/2024_1/salas_2024_1.csv,./dados/2024_1/salas_preferenciais_2024.1.xlsx,/Users/robertdrey/Documents/workspace/development/alocador_de_salas,resultados/experimentos/2024_1/novas_hibridas/curso_pares/melhor_solucao.sol,resultados/experimentos/2024_1/novas_hibridas/curso_pares/historico.csv,resultados/experimentos/2024_1/novas_hibridas/curso_pares/historico.json,180.0,1,180.0,600.0,1,0,EAS,PED,50
1,5,51,par_cursos,ENF+FIL,33,11270,83720,OPTIMAL,185295.5,185295.5,False,185295.5,2.33,1.99,600.0,,alfabetica,,,iteracao,curso_pares,180.0,180.0,600.0,14400.0,False,False,alfabetica,,alfabetica,,./dados/2024_1/horarios_2024_1.xlsx,./dados/2024_1/salas_2024_1.csv,./dados/2024_1/salas_preferenciais_2024.1.xlsx,/Users/robertdrey/Documents/workspace/development/alocador_de_salas,resultados/experimentos/2024_1/novas_hibridas/curso_pares/melhor_solucao.sol,resultados/experimentos/2024_1/novas_hibridas/curso_pares/historico.csv,resultados/experimentos/2024_1/novas_hibridas/curso_pares/historico.json,180.0,1,180.0,600.0,1,0,ENF,FIL,51
1,5,52,par_cursos,ENF+GEO,28,10580,84410,OPTIMAL,185295.5,185295.5,False,185295.5,1.88,1.53,600.0,,alfabetica,,,iteracao,curso_pares,180.0,180.0,600.0,14400.0,False,False,alfabetica,,alfabetica,,./dados/2024_1/horarios_2024_1.xlsx,./dados/2024_1/salas_2024_1.csv,./dados/2024_1/salas_preferenciais_2024.1.xlsx,/Users/robertdrey/Documents/workspace/development/alocador_de_salas,resultados/experimentos/2024_1/novas_hibridas/curso_pares/melhor_solucao.sol,resultados/experimentos/2024_1/novas_hibridas/curso_pares/historico.csv,resultados/experimentos/2024_1/novas_hibridas/curso_pares/historico.json,180.0,1,180.0,600.0,1,0,ENF,GEO,52
1,5,53,par_cursos,ENF+HIS,42,13294,81696,OPTIMAL,185295.5,185295.5,False,185295.5,2.52,2.17,600.0,,alfabetica,,,iteracao,curso_pares,180.0,180.0,600.0,14400.0,False,False,alfabetica,,alfabetica,,./dados/2024_1/horarios_2024_1.xlsx,./dados/2024_1/salas_2024_1.csv,./dados/2024_1/salas_preferenciais_2024.1.xlsx,/Users/robertdrey/Documents/workspace/development/alocador_de_salas,resultados/experimentos/2024_1/novas_hibridas/curso_pares/melhor_solucao.sol,resultados/experimentos/2024_1/novas_hibridas/curso_pares/historico.csv,resultados/experimentos/2024_1/novas_hibridas/curso_pares/historico.json,180.0,1,180.0,600.0,1,0,ENF,HIS,53
1,5,54,par_cursos,ENF+LET,54,17664,77326,OPTIMAL,185295.5,185280.5,True,185280.5,8.45,8.09,600.0,,alfabetica,,,iteracao,curso_pares,180.0,180.0,600.0,14400.0,False,False,alfabetica,,alfabetica,,./dados/2024_1/horarios_2024_1.xlsx,./dados/2024_1/salas_2024_1.csv,./dados/2024_1/salas_preferenciais_2024.1.xlsx,/Users/robertdrey/Documents/workspace/development/alocador_de_salas,resultados/experimentos/2024_1/novas_hibridas/curso_pares/melhor_solucao.sol,resultados/experimentos/2024_1/novas_hibridas/curso_pares/historico.csv,resultados/experimentos/2024_1/novas_hibridas/curso_pares/historico.json,180.0,1,180.0,600.0,1,0,ENF,LET,54
1,5,55,par_cursos,ENF+MAT,41,13478,81512,OPTIMAL,185280.5,185280.5,False,185280.5,2.0,1.64,600.0,,alfabetica,,,iteracao,curso_pares,180.0,180.0,600.0,14400.0,False,False,alfabetica,,alfabetica,,./dados/2024_1/horarios_2024_1.xlsx,./dados/2024_1/salas_2024_1.csv,./dados/2024_1/salas_preferenciais_2024.1.xlsx,/Users/robertdrey/Documents/workspace/development/alocador_de_salas,resultados/experimentos/2024_1/novas_hibridas/curso_pares/melhor_solucao.sol,resultados/experimentos/2024_1/novas_hibridas/curso_pares/historico.csv,resultados/experimentos/2024_1/novas_hibridas/curso_pares/historico.json,180.0,1,180.0,600.0,1,0,ENF,MAT,55
1,5,56,par_cursos,ENF+MED,59,17894,77096,OPTIMAL,185280.5,185280.5,False,185280.5,27.57,27.22,600.0,,alfabetica,,,iteracao,curso_pares,180.0,180.0,600.0,14400.0,False,False,alfabetica,,alfabetica,,./dados/2024_1/horarios_2024_1.xlsx,./dados/2024_1/salas_2024_1.csv,./dados/2024_1/salas_preferenciais_2024.1.xlsx,/Users/robertdrey/Documents/workspace/development/alocador_de_salas,resultados/experimentos/2024_1/novas_hibridas/curso_pares/melhor_solucao.sol,resultados/experimentos/2024_1/novas_hibridas/curso_pares/historico.csv,resultados/experimentos/2024_1/novas_hibridas/curso_pares/historico.json,180.0,1,180.0,600.0,1,0,ENF,MED,56
1,5,57,par_cursos,ENF+PED,74,21298,73692,OPTIMAL,185280.5,185280.5,False,185280.5,196.2,195.88,600.0,,alfabetica,,,iteracao,curso_pares,180.0,180.0,600.0,14400.0,False,False,alfabetica,,alfabetica,,./dados/2024_1/horarios_2024_1.xlsx,./dados/2024_1/salas_2024_1.csv,./dados/2024_1/salas_preferenciais_2024.1.xlsx,/Users/robertdrey/Documents/workspace/development/alocador_de_salas,resultados/experimentos/2024_1/novas_hibridas/curso_pares/melhor_solucao.sol,resultados/experimentos/2024_1/novas_hibridas/curso_pares/historico.csv,resultados/experimentos/2024_1/novas_hibridas/curso_pares/historico.json,180.0,1,180.0,600.0,1,0,ENF,PED,57
1,5,58,par_cursos,FIL+GEO,25,4830,90160,OPTIMAL,185280.5,185280.5,False,185280.5,0.61,0.3,600.0,,alfabetica,,,iteracao,curso_pares,180.0,180.0,600.0,14400.0,False,False,alfabetica,,alfabetica,,./dados/2024_1/horarios_2024_1.xlsx,./dados/2024_1/salas_2024_1.csv,./dados/2024_1/salas_preferenciais_2024.1.xlsx,/Users/robertdrey/Documents/workspace/development/alocador_de_salas,resultados/experimentos/2024_1/novas_hibridas/curso_pares/melhor_solucao.sol,resultados/experimentos/2024_1/novas_hibridas/curso_pares/historico.csv,resultados/experimentos/2024_1/novas_hibridas/curso_pares/historico.json,180.0,1,180.0,600.0,1,0,FIL,GEO,58
1,5,59,par_cursos,FIL+HIS,39,7544,87446,OPTIMAL,185280.5,185280.5,False,185280.5,0.68,0.38,600.0,,alfabetica,,,iteracao,curso_pares,180.0,180.0,600.0,14400.0,False,False,alfabetica,,alfabetica,,./dados/2024_1/horarios_2024_1.xlsx,./dados/2024_1/salas_2024_1.csv,./dados/2024_1/salas_preferenciais_2024.1.xlsx,/Users/robertdrey/Documents/workspace/development/alocador_de_salas,resultados/experimentos/2024_1/novas_hibridas/curso_pares/melhor_solucao.sol,resultados/experimentos/2024_1/novas_hibridas/curso_pares/historico.csv,resultados/experimentos/2024_1/novas_hibridas/curso_pares/historico.json,180.0,1,180.0,600.0,1,0,FIL,HIS,59
1,5,60,par_cursos,FIL+LET,51,11914,83076,OPTIMAL,185280.5,185280.5,False,185280.5,2.99,2.68,600.0,,alfabetica,,,iteracao,curso_pares,180.0,180.0,600.0,14400.0,False,False,alfabetica,,alfabetica,,./dados/2024_1/horarios_2024_1.xlsx,./dados/2024_1/salas_2024_1.csv,./dados/2024_1/salas_preferenciais_2024.1.xlsx,/Users/robertdrey/Documents/workspace/development/alocador_de_salas,resultados/experimentos/2024_1/novas_hibridas/curso_pares/melhor_solucao.sol,resultados/experimentos/2024_1/novas_hibridas/curso_pares/historico.csv,resultados/experimentos/2024_1/novas_hibridas/curso_pares/historico.json,180.0,1,180.0,600.0,1,0,FIL,LET,60
1,5,61,par_cursos,FIL+MAT,38,7728,87262,OPTIMAL,185280.5,185280.5,False,185280.5,0.73,0.41,600.0,,alfabetica,,,iteracao,curso_pares,180.0,180.0,600.0,14400.0,False,False,alfabetica,,alfabetica,,./dados/2024_1/horarios_2024_1.xlsx,./dados/2024_1/salas_2024_1.csv,./dados/2024_1/salas_preferenciais_2024.1.xlsx,/Users/robertdrey/Documents/workspace/development/alocador_de_salas,resultados/experimentos/2024_1/novas_hibridas/curso_pares/melhor_solucao.sol,resultados/experimentos/2024_1/novas_hibridas/curso_pares/historico.csv,resultados/experimentos/2024_1/novas_hibridas/curso_pares/historico.json,180.0,1,180.0,600.0,1,0,FIL,MAT,61
1,5,62,par_cursos,FIL+MED,56,12144,82846,OPTIMAL,185280.5,185280.5,False,185280.5,0.99,0.69,600.0,,alfabetica,,,iteracao,curso_pares,180.0,180.0,600.0,14400.0,False,False,alfabetica,,alfabetica,,./dados/2024_1/horarios_2024_1.xlsx,./dados/2024_1/salas_2024_1.csv,./dados/2024_1/salas_preferenciais_2024.1.xlsx,/Users/robertdrey/Documents/workspace/development/alocador_de_salas,resultados/experimentos/2024_1/novas_hibridas/curso_pares/melhor_solucao.sol,resultados/experimentos/2024_1/novas_hibridas/curso_pares/historico.csv,resultados/experimentos/2024_1/novas_hibridas/curso_pares/historico.json,180.0,1,180.0,600.0,1,0,FIL,MED,62
1,5,63,par_cursos,FIL+PED,71,15548,79442,OPTIMAL,185280.5,185280.5,False,185280.5,32.73,32.42,600.0,,alfabetica,,,iteracao,curso_pares,180.0,180.0,600.0,14400.0,False,False,alfabetica,,alfabetica,,./dados/2024_1/horarios_2024_1.xlsx,./dados/2024_1/salas_2024_1.csv,./dados/2024_1/salas_preferenciais_2024.1.xlsx,/Users/robertdrey/Documents/workspace/development/alocador_de_salas,resultados/experimentos/2024_1/novas_hibridas/curso_pares/melhor_solucao.sol,resultados/experimentos/2024_1/novas_hibridas/curso_pares/historico.csv,resultados/experimentos/2024_1/novas_hibridas/curso_pares/historico.json,180.0,1,180.0,600.0,1,0,FIL,PED,63
1,5,64,par_cursos,GEO+HIS,34,6854,88136,OPTIMAL,185280.5,185280.5,False,185280.5,0.68,0.37,600.0,,alfabetica,,,iteracao,curso_pares,180.0,180.0,600.0,14400.0,False,False,alfabetica,,alfabetica,,./dados/2024_1/horarios_2024_1.xlsx,./dados/2024_1/salas_2024_1.csv,./dados/2024_1/salas_preferenciais_2024.1.xlsx,/Users/robertdrey/Documents/workspace/development/alocador_de_salas,resultados/experimentos/2024_1/novas_hibridas/curso_pares/melhor_solucao.sol,resultados/experimentos/2024_1/novas_hibridas/curso_pares/historico.csv,resultados/experimentos/2024_1/novas_hibridas/curso_pares/historico.json,180.0,1,180.0,600.0,1,0,GEO,HIS,64
1,5,65,par_cursos,GEO+LET,46,11224,83766,OPTIMAL,185280.5,185271.5,True,185271.5,1.87,1.56,600.0,,alfabetica,,,iteracao,curso_pares,180.0,180.0,600.0,14400.0,False,False,alfabetica,,alfabetica,,./dados/2024_1/horarios_2024_1.xlsx,./dados/2024_1/salas_2024_1.csv,./dados/2024_1/salas_preferenciais_2024.1.xlsx,/Users/robertdrey/Documents/workspace/development/alocador_de_salas,resultados/experimentos/2024_1/novas_hibridas/curso_pares/melhor_solucao.sol,resultados/experimentos/2024_1/novas_hibridas/curso_pares/historico.csv,resultados/experimentos/2024_1/novas_hibridas/curso_pares/historico.json,180.0,1,180.0,600.0,1,0,GEO,LET,65
1,5,66,par_cursos,GEO+MAT,33,7038,87952,OPTIMAL,185271.5,185271.5,False,185271.5,0.72,0.4,600.0,,alfabetica,,,iteracao,curso_pares,180.0,180.0,600.0,14400.0,False,False,alfabetica,,alfabetica,,./dados/2024_1/horarios_2024_1.xlsx,./dados/2024_1/salas_2024_1.csv,./dados/2024_1/salas_preferenciais_2024.1.xlsx,/Users/robertdrey/Documents/workspace/development/alocador_de_salas,resultados/experimentos/2024_1/novas_hibridas/curso_pares/melhor_solucao.sol,resultados/experimentos/2024_1/novas_hibridas/curso_pares/historico.csv,resultados/experimentos/2024_1/novas_hibridas/curso_pares/historico.json,180.0,1,180.0,600.0,1,0,GEO,MAT,66
1,5,67,par_cursos,GEO+MED,51,11454,83536,OPTIMAL,185271.5,185271.5,False,185271.5,0.94,0.63,600.0,,alfabetica,,,iteracao,curso_pares,180.0,180.0,600.0,14400.0,False,False,alfabetica,,alfabetica,,./dados/2024_1/horarios_2024_1.xlsx,./dados/2024_1/salas_2024_1.csv,./dados/2024_1/salas_preferenciais_2024.1.xlsx,/Users/robertdrey/Documents/workspace/development/alocador_de_salas,resultados/experimentos/2024_1/novas_hibridas/curso_pares/melhor_solucao.sol,resultados/experimentos/2024_1/novas_hibridas/curso_pares/historico.csv,resultados/experimentos/2024_1/novas_hibridas/curso_pares/historico.json,180.0,1,180.0,600.0,1,0,GEO,MED,67
1,5,68,par_cursos,GEO+PED,66,14858,80132,OPTIMAL,185271.5,185271.5,False,185271.5,28.55,28.24,600.0,,alfabetica,,,iteracao,curso_pares,180.0,180.0,600.0,14400.0,False,False,alfabetica,,alfabetica,,./dados/2024_1/horarios_2024_1.xlsx,./dados/2024_1/salas_2024_1.csv,./dados/2024_1/salas_preferenciais_2024.1.xlsx,/Users/robertdrey/Documents/workspace/development/alocador_de_salas,resultados/experimentos/2024_1/novas_hibridas/curso_pares/melhor_solucao.sol,resultados/experimentos/2024_1/novas_hibridas/curso_pares/historico.csv,resultados/experimentos/2024_1/novas_hibridas/curso_pares/historico.json,180.0,1,180.0,600.0,1,0,GEO,PED,68
1,5,69,par_cursos,HIS+LET,60,13938,81052,OPTIMAL,185271.5,185271.5,False,185271.5,2.91,2.59,600.0,,alfabetica,,,iteracao,curso_pares,180.0,180.0,600.0,14400.0,False,False,alfabetica,,alfabetica,,./dados/2024_1/horarios_2024_1.xlsx,./dados/2024_1/salas_2024_1.csv,./dados/2024_1/salas_preferenciais_2024.1.xlsx,/Users/robertdrey/Documents/workspace/development/alocador_de_salas,resultados/experimentos/2024_1/novas_hibridas/curso_pares/melhor_solucao.sol,resultados/experimentos/2024_1/novas_hibridas/curso_pares/historico.csv,resultados/experimentos/2024_1/novas_hibridas/curso_pares/historico.json,180.0,1,180.0,600.0,1,0,HIS,LET,69
1,5,70,par_cursos,HIS+MAT,47,9752,85238,OPTIMAL,185271.5,185257.0,True,185257.0,0.83,0.52,600.0,,alfabetica,,,iteracao,curso_pares,180.0,180.0,600.0,14400.0,False,False,alfabetica,,alfabetica,,./dados/2024_1/horarios_2024_1.xlsx,./dados/2024_1/salas_2024_1.csv,./dados/2024_1/salas_preferenciais_2024.1.xlsx,/Users/robertdrey/Documents/workspace/development/alocador_de_salas,resultados/experimentos/2024_1/novas_hibridas/curso_pares/melhor_solucao.sol,resultados/experimentos/2024_1/novas_hibridas/curso_pares/historico.csv,resultados/experimentos/2024_1/novas_hibridas/curso_pares/historico.json,180.0,1,180.0,600.0,1,0,HIS,MAT,70
1,5,71,par_cursos,HIS+MED,65,14168,80822,OPTIMAL,185257.0,185257.0,False,185257.0,1.08,0.78,600.0,,alfabetica,,,iteracao,curso_pares,180.0,180.0,600.0,14400.0,False,False,alfabetica,,alfabetica,,./dados/2024_1/horarios_2024_1.xlsx,./dados/2024_1/salas_2024_1.csv,./dados/2024_1/salas_preferenciais_2024.1.xlsx,/Users/robertdrey/Documents/workspace/development/alocador_de_salas,resultados/experimentos/2024_1/novas_hibridas/curso_pares/melhor_solucao.sol,resultados/experimentos/2024_1/novas_hibridas/curso_pares/historico.csv,resultados/experimentos/2024_1/novas_hibridas/curso_pares/historico.json,180.0,1,180.0,600.0,1,0,HIS,MED,71
1,5,72,par_cursos,HIS+PED,80,17572,77418,OPTIMAL,185257.0,185257.0,False,185257.0,19.55,19.22,600.0,,alfabetica,,,iteracao,curso_pares,180.0,180.0,600.0,14400.0,False,False,alfabetica,,alfabetica,,./dados/2024_1/horarios_2024_1.xlsx,./dados/2024_1/salas_2024_1.csv,./dados/2024_1/salas_preferenciais_2024.1.xlsx,/Users/robertdrey/Documents/workspace/development/alocador_de_salas,resultados/experimentos/2024_1/novas_hibridas/curso_pares/melhor_solucao.sol,resultados/experimentos/2024_1/novas_hibridas/curso_pares/historico.csv,resultados/experimentos/2024_1/novas_hibridas/curso_pares/historico.json,180.0,1,180.0,600.0,1,0,HIS,PED,72
1,5,73,par_cursos,LET+MAT,59,14122,80868,OPTIMAL,185257.0,185257.0,False,185257.0,1.82,1.49,600.0,,alfabetica,,,iteracao,curso_pares,180.0,180.0,600.0,14400.0,False,False,alfabetica,,alfabetica,,./dados/2024_1/horarios_2024_1.xlsx,./dados/2024_1/salas_2024_1.csv,./dados/2024_1/salas_preferenciais_2024.1.xlsx,/Users/robertdrey/Documents/workspace/development/alocador_de_salas,resultados/experimentos/2024_1/novas_hibridas/curso_pares/melhor_solucao.sol,resultados/experimentos/2024_1/novas_hibridas/curso_pares/historico.csv,resultados/experimentos/2024_1/novas_hibridas/curso_pares/historico.json,180.0,1,180.0,600.0,1,0,LET,MAT,73
1,5,74,par_cursos,LET+MED,77,18538,76452,OPTIMAL,185257.0,185257.0,False,185257.0,1.67,1.37,600.0,,alfabetica,,,iteracao,curso_pares,180.0,180.0,600.0,14400.0,False,False,alfabetica,,alfabetica,,./dados/2024_1/horarios_2024_1.xlsx,./dados/2024_1/salas_2024_1.csv,./dados/2024_1/salas_preferenciais_2024.1.xlsx,/Users/robertdrey/Documents/workspace/development/alocador_de_salas,resultados/experimentos/2024_1/novas_hibridas/curso_pares/melhor_solucao.sol,resultados/experimentos/2024_1/novas_hibridas/curso_pares/historico.csv,resultados/experimentos/2024_1/novas_hibridas/curso_pares/historico.json,180.0,1,180.0,600.0,1,0,LET,MED,74
1,5,75,par_cursos,LET+PED,92,21942,73048,OPTIMAL,185257.0,185257.0,False,185257.0,33.93,33.6,600.0,,alfabetica,,,iteracao,curso_pares,180.0,180.0,600.0,14400.0,False,False,alfabetica,,alfabetica,,./dados/2024_1/horarios_2024_1.xlsx,./dados/2024_1/salas_2024_1.csv,./dados/2024_1/salas_preferenciais_2024.1.xlsx,/Users/robertdrey/Documents/workspace/development/alocador_de_salas,resultados/experimentos/2024_1/novas_hibridas/curso_pares/melhor_solucao.sol,resultados/experimentos/2024_1/novas_hibridas/curso_pares/historico.csv,resultados/experimentos/2024_1/novas_hibridas/curso_pares/historico.json,180.0,1,180.0,600.0,1,0,LET,PED,75
1,5,76,par_cursos,MAT+MED,64,14352,80638,OPTIMAL,185257.0,185257.0,False,185257.0,1.11,0.78,600.0,,alfabetica,,,iteracao,curso_pares,180.0,180.0,600.0,14400.0,False,False,alfabetica,,alfabetica,,./dados/2024_1/horarios_2024_1.xlsx,./dados/2024_1/salas_2024_1.csv,./dados/2024_1/salas_preferenciais_2024.1.xlsx,/Users/robertdrey/Documents/workspace/development/alocador_de_salas,resultados/experimentos/2024_1/novas_hibridas/curso_pares/melhor_solucao.sol,resultados/experimentos/2024_1/novas_hibridas/curso_pares/historico.csv,resultados/experimentos/2024_1/novas_hibridas/curso_pares/historico.json,180.0,1,180.0,600.0,1,0,MAT,MED,76
1,5,77,par_cursos,MAT+PED,79,17756,77234,OPTIMAL,185257.0,185252.0,True,185252.0,23.83,23.54,600.0,,alfabetica,,,iteracao,curso_pares,180.0,180.0,600.0,14400.0,False,False,alfabetica,,alfabetica,,./dados/2024_1/horarios_2024_1.xlsx,./dados/2024_1/salas_2024_1.csv,./dados/2024_1/salas_preferenciais_2024.1.xlsx,/Users/robertdrey/Documents/workspace/development/alocador_de_salas,resultados/experimentos/2024_1/novas_hibridas/curso_pares/melhor_solucao.sol,resultados/experimentos/2024_1/novas_hibridas/curso_pares/historico.csv,resultados/experimentos/2024_1/novas_hibridas/curso_pares/historico.json,180.0,1,180.0,600.0,1,0,MAT,PED,77
1,5,78,par_cursos,MED+PED,97,22172,72818,OPTIMAL,185252.0,185252.0,False,185252.0,52.69,52.37,600.0,,alfabetica,,,iteracao,curso_pares,180.0,180.0,600.0,14400.0,False,False,alfabetica,,alfabetica,,./dados/2024_1/horarios_2024_1.xlsx,./dados/2024_1/salas_2024_1.csv,./dados/2024_1/salas_preferenciais_2024.1.xlsx,/Users/robertdrey/Documents/workspace/development/alocador_de_salas,resultados/experimentos/2024_1/novas_hibridas/curso_pares/melhor_solucao.sol,resultados/experimentos/2024_1/novas_hibridas/curso_pares/historico.csv,resultados/experimentos/2024_1/novas_hibridas/curso_pares/historico.json,180.0,1,180.0,600.0,1,0,MED,PED,78
1,6,1,par_cursos,ADM+AGRO,99,18032,76958,OPTIMAL,185252.0,185252.0,False,185252.0,11.33,11.02,600.0,,alfabetica,,,iteracao,curso_pares,180.0,180.0,600.0,14400.0,False,False,alfabetica,,alfabetica,,./dados/2024_1/horarios_2024_1.xlsx,./dados/2024_1/salas_2024_1.csv,./dados/2024_1/salas_preferenciais_2024.1.xlsx,/Users/robertdrey/Documents/workspace/development/alocador_de_salas,resultados/experimentos/2024_1/novas_hibridas/curso_pares/melhor_solucao.sol,resultados/experimentos/2024_1/novas_hibridas/curso_pares/historico.csv,resultados/experimentos/2024_1/novas_hibridas/curso_pares/historico.json,180.0,1,180.0,600.0,1,0,ADM,AGRO,1
1,6,2,par_cursos,ADM+CC,95,19826,75164,OPTIMAL,185252.0,185252.0,False,185252.0,4.46,4.13,600.0,,alfabetica,,,iteracao,curso_pares,180.0,180.0,600.0,14400.0,False,False,alfabetica,,alfabetica,,./dados/2024_1/horarios_2024_1.xlsx,./dados/2024_1/salas_2024_1.csv,./dados/2024_1/salas_preferenciais_2024.1.xlsx,/Users/robertdrey/Documents/workspace/development/alocador_de_salas,resultados/experimentos/2024_1/novas_hibridas/curso_pares/melhor_solucao.sol,resultados/experimentos/2024_1/novas_hibridas/curso_pares/historico.csv,resultados/experimentos/2024_1/novas_hibridas/curso_pares/historico.json,180.0,1,180.0,600.0,1,0,ADM,CC,2
1,6,3,par_cursos,ADM+CS,70,13846,81144,OPTIMAL,185252.0,185252.0,False,185252.0,1.19,0.86,600.0,,alfabetica,,,iteracao,curso_pares,180.0,180.0,600.0,14400.0,False,False,alfabetica,,alfabetica,,./dados/2024_1/horarios_2024_1.xlsx,./dados/2024_1/salas_2024_1.csv,./dados/2024_1/salas_preferenciais_2024.1.xlsx,/Users/robertdrey/Documents/workspace/development/alocador_de_salas,resultados/experimentos/2024_1/novas_hibridas/curso_pares/melhor_solucao.sol,resultados/experimentos/2024_1/novas_hibridas/curso_pares/historico.csv,resultados/experimentos/2024_1/novas_hibridas/curso_pares/historico.json,180.0,1,180.0,600.0,1,0,ADM,CS,3
1,6,4,par_cursos,ADM+EAS,93,16744,78246,OPTIMAL,185252.0,185252.0,False,185252.0,1.33,1.02,600.0,,alfabetica,,,iteracao,curso_pares,180.0,180.0,600.0,14400.0,False,False,alfabetica,,alfabetica,,./dados/2024_1/horarios_2024_1.xlsx,./dados/2024_1/salas_2024_1.csv,./dados/2024_1/salas_preferenciais_2024.1.xlsx,/Users/robertdrey/Documents/workspace/development/alocador_de_salas,resultados/experimentos/2024_1/novas_hibridas/curso_pares/melhor_solucao.sol,resultados/experimentos/2024_1/novas_hibridas/curso_pares/historico.csv,resultados/experimentos/2024_1/novas_hibridas/curso_pares/historico.json,180.0,1,180.0,600.0,1,0,ADM,EAS,4
1,6,5,par_cursos,ADM+ENF,66,17802,77188,OPTIMAL,185252.0,185252.0,False,185252.0,6.32,5.99,600.0,,alfabetica,,,iteracao,curso_pares,180.0,180.0,600.0,14400.0,False,False,alfabetica,,alfabetica,,./dados/2024_1/horarios_2024_1.xlsx,./dados/2024_1/salas_2024_1.csv,./dados/2024_1/salas_preferenciais_2024.1.xlsx,/Users/robertdrey/Documents/workspace/development/alocador_de_salas,resultados/experimentos/2024_1/novas_hibridas/curso_pares/melhor_solucao.sol,resultados/experimentos/2024_1/novas_hibridas/curso_pares/historico.csv,resultados/experimentos/2024_1/novas_hibridas/curso_pares/historico.json,180.0,1,180.0,600.0,1,0,ADM,ENF,5
1,6,6,par_cursos,ADM+FIL,63,12052,82938,OPTIMAL,185252.0,185252.0,False,185252.0,0.99,0.65,600.0,,alfabetica,,,iteracao,curso_pares,180.0,180.0,600.0,14400.0,False,False,alfabetica,,alfabetica,,./dados/2024_1/horarios_2024_1.xlsx,./dados/2024_1/salas_2024_1.csv,./dados/2024_1/salas_preferenciais_2024.1.xlsx,/Users/robertdrey/Documents/workspace/development/alocador_de_salas,resultados/experimentos/2024_1/novas_hibridas/curso_pares/melhor_solucao.sol,resultados/experimentos/2024_1/novas_hibridas/curso_pares/historico.csv,resultados/experimentos/2024_1/novas_hibridas/curso_pares/historico.json,180.0,1,180.0,600.0,1,0,ADM,FIL,6
1,6,7,par_cursos,ADM+GEO,58,11362,83628,OPTIMAL,185252.0,185252.0,False,185252.0,0.88,0.58,600.0,,alfabetica,,,iteracao,curso_pares,180.0,180.0,600.0,14400.0,False,False,alfabetica,,alfabetica,,./dados/2024_1/horarios_2024_1.xlsx,./dados/2024_1/salas_2024_1.csv,./dados/2024_1/salas_preferenciais_2024.1.xlsx,/Users/robertdrey/Documents/workspace/development/alocador_de_salas,resultados/experimentos/2024_1/novas_hibridas/curso_pares/melhor_solucao.sol,resultados/experimentos/2024_1/novas_hibridas/curso_pares/historico.csv,resultados/experimentos/2024_1/novas_hibridas/curso_pares/historico.json,180.0,1,180.0,600.0,1,0,ADM,GEO,7
1,6,8,par_cursos,ADM+HIS,72,14076,80914,OPTIMAL,185252.0,185252.0,False,185252.0,1.06,0.76,600.0,,alfabetica,,,iteracao,curso_pares,180.0,180.0,600.0,14400.0,False,False,alfabetica,,alfabetica,,./dados/2024_1/horarios_2024_1.xlsx,./dados/2024_1/salas_2024_1.csv,./dados/2024_1/salas_preferenciais_2024.1.xlsx,/Users/robertdrey/Documents/workspace/development/alocador_de_salas,resultados/experimentos/2024_1/novas_hibridas/curso_pares/melhor_solucao.sol,resultados/experimentos/2024_1/novas_hibridas/curso_pares/historico.csv,resultados/experimentos/2024_1/novas_hibridas/curso_pares/historico.json,180.0,1,180.0,600.0,1,0,ADM,HIS,8
1,6,9,par_cursos,ADM+LET,84,18446,76544,OPTIMAL,185252.0,185252.0,False,185252.0,4.33,4.01,600.0,,alfabetica,,,iteracao,curso_pares,180.0,180.0,600.0,14400.0,False,False,alfabetica,,alfabetica,,./dados/2024_1/horarios_2024_1.xlsx,./dados/2024_1/salas_2024_1.csv,./dados/2024_1/salas_preferenciais_2024.1.xlsx,/Users/robertdrey/Documents/workspace/development/alocador_de_salas,resultados/experimentos/2024_1/novas_hibridas/curso_pares/melhor_solucao.sol,resultados/experimentos/2024_1/novas_hibridas/curso_pares/historico.csv,resultados/experimentos/2024_1/novas_hibridas/curso_pares/historico.json,180.0,1,180.0,600.0,1,0,ADM,LET,9
1,6,10,par_cursos,ADM+MAT,71,14260,80730,OPTIMAL,185252.0,185252.0,False,185252.0,1.07,0.75,600.0,,alfabetica,,,iteracao,curso_pares,180.0,180.0,600.0,14400.0,False,False,alfabetica,,alfabetica,,./dados/2024_1/horarios_2024_1.xlsx,./dados/2024_1/salas_2024_1.csv,./dados/2024_1/salas_preferenciais_2024.1.xlsx,/Users/robertdrey/Documents/workspace/development/alocador_de_salas,resultados/experimentos/2024_1/novas_hibridas/curso_pares/melhor_solucao.sol,resultados/experimentos/2024_1/novas_hibridas/curso_pares/historico.csv,resultados/experimentos/2024_1/novas_hibridas/curso_pares/historico.json,180.0,1,180.0,600.0,1,0,ADM,MAT,10
1,6,11,par_cursos,ADM+MED,89,18676,76314,OPTIMAL,185252.0,185252.0,False,185252.0,1.56,1.25,600.0,,alfabetica,,,iteracao,curso_pares,180.0,180.0,600.0,14400.0,False,False,alfabetica,,alfabetica,,./dados/2024_1/horarios_2024_1.xlsx,./dados/2024_1/salas_2024_1.csv,./dados/2024_1/salas_preferenciais_2024.1.xlsx,/Users/robertdrey/Documents/workspace/development/alocador_de_salas,resultados/experimentos/2024_1/novas_hibridas/curso_pares/melhor_solucao.sol,resultados/experimentos/2024_1/novas_hibridas/curso_pares/historico.csv,resultados/experimentos/2024_1/novas_hibridas/curso_pares/historico.json,180.0,1,180.0,600.0,1,0,ADM,MED,11
1,6,12,par_cursos,ADM+PED,104,22080,72910,TIME_LIMIT,185252.0,185252.0,False,185252.0,600.52,600.18,600.0,,alfabetica,,,iteracao,curso_pares,180.0,180.0,600.0,14400.0,False,False,alfabetica,,alfabetica,,./dados/2024_1/horarios_2024_1.xlsx,./dados/2024_1/salas_2024_1.csv,./dados/2024_1/salas_preferenciais_2024.1.xlsx,/Users/robertdrey/Documents/workspace/development/alocador_de_salas,resultados/experimentos/2024_1/novas_hibridas/curso_pares/melhor_solucao.sol,resultados/experimentos/2024_1/novas_hibridas/curso_pares/historico.csv,resultados/experimentos/2024_1/novas_hibridas/curso_pares/historico.json,180.0,1,180.0,600.0,1,0,ADM,PED,12
1,6,13,par_cursos,AGRO+CC,98,19274,75716,OPTIMAL,185252.0,185252.0,False,185252.0,93.69,93.21,600.0,,alfabetica,,,iteracao,curso_pares,180.0,180.0,600.0,14400.0,False,False,alfabetica,,alfabetica,,./dados/2024_1/horarios_2024_1.xlsx,./dados/2024_1/salas_2024_1.csv,./dados/2024_1/salas_preferenciais_2024.1.xlsx,/Users/robertdrey/Documents/workspace/development/alocador_de_salas,resultados/experimentos/2024_1/novas_hibridas/curso_pares/melhor_solucao.sol,resultados/experimentos/2024_1/novas_hibridas/curso_pares/historico.csv,resultados/experimentos/2024_1/novas_hibridas/curso_pares/historico.json,180.0,1,180.0,600.0,1,0,AGRO,CC,13
1,6,14,par_cursos,AGRO+CS,73,13294,81696,OPTIMAL,185252.0,185252.0,False,185252.0,10.61,10.29,600.0,,alfabetica,,,iteracao,curso_pares,180.0,180.0,600.0,14400.0,False,False,alfabetica,,alfabetica,,./dados/2024_1/horarios_2024_1.xlsx,./dados/2024_1/salas_2024_1.csv,./dados/2024_1/salas_preferenciais_2024.1.xlsx,/Users/robertdrey/Documents/workspace/development/alocador_de_salas,resultados/experimentos/2024_1/novas_hibridas/curso_pares/melhor_solucao.sol,resultados/experimentos/2024_1/novas_hibridas/curso_pares/historico.csv,resultados/experimentos/2024_1/novas_hibridas/curso_pares/historico.json,180.0,1,180.0,600.0,1,0,AGRO,CS,14
1,6,15,par_cursos,AGRO+EAS,96,16192,78798,OPTIMAL,185252.0,185252.0,False,185252.0,15.15,14.82,600.0,,alfabetica,,,iteracao,curso_pares,180.0,180.0,600.0,14400.0,False,False,alfabetica,,alfabetica,,./dados/2024_1/horarios_2024_1.xlsx,./dados/2024_1/salas_2024_1.csv,./dados/2024_1/salas_preferenciais_2024.1.xlsx,/Users/robertdrey/Documents/workspace/development/alocador_de_salas,resultados/experimentos/2024_1/novas_hibridas/curso_pares/melhor_solucao.sol,resultados/experimentos/2024_1/novas_hibridas/curso_pares/historico.csv,resultados/experimentos/2024_1/novas_hibridas/curso_pares/historico.json,180.0,1,180.0,600.0,1,0,AGRO,EAS,15
1,6,16,par_cursos,AGRO+ENF,69,17250,77740,OPTIMAL,185252.0,185252.0,False,185252.0,209.56,209.25,600.0,,alfabetica,,,iteracao,curso_pares,180.0,180.0,600.0,14400.0,False,False,alfabetica,,alfabetica,,./dados/2024_1/horarios_2024_1.xlsx,./dados/2024_1/salas_2024_1.csv,./dados/2024_1/salas_preferenciais_2024.1.xlsx,/Users/robertdrey/Documents/workspace/development/alocador_de_salas,resultados/experimentos/2024_1/novas_hibridas/curso_pares/melhor_solucao.sol,resultados/experimentos/2024_1/novas_hibridas/curso_pares/historico.csv,resultados/experimentos/2024_1/novas_hibridas/curso_pares/historico.json,180.0,1,180.0,600.0,1,0,AGRO,ENF,16
1,6,17,par_cursos,AGRO+FIL,66,11500,83490,OPTIMAL,185252.0,185252.0,False,185252.0,5.37,5.06,600.0,,alfabetica,,,iteracao,curso_pares,180.0,180.0,600.0,14400.0,False,False,alfabetica,,alfabetica,,./dados/2024_1/horarios_2024_1.xlsx,./dados/2024_1/salas_2024_1.csv,./dados/2024_1/salas_preferenciais_2024.1.xlsx,/Users/robertdrey/Documents/workspace/development/alocador_de_salas,resultados/experimentos/2024_1/novas_hibridas/curso_pares/melhor_solucao.sol,resultados/experimentos/2024_1/novas_hibridas/curso_pares/historico.csv,resultados/experimentos/2024_1/novas_hibridas/curso_pares/historico.json,180.0,1,180.0,600.0,1,0,AGRO,FIL,17
1,6,18,par_cursos,AGRO+GEO,61,10810,84180,OPTIMAL,185252.0,185252.0,False,185252.0,6.1,5.75,600.0,,alfabetica,,,iteracao,curso_pares,180.0,180.0,600.0,14400.0,False,False,alfabetica,,alfabetica,,./dados/2024_1/horarios_2024_1.xlsx,./dados/2024_1/salas_2024_1.csv,./dados/2024_1/salas_preferenciais_2024.1.xlsx,/Users/robertdrey/Documents/workspace/development/alocador_de_salas,resultados/experimentos/2024_1/novas_hibridas/curso_pares/melhor_solucao.sol,resultados/experimentos/2024_1/novas_hibridas/curso_pares/historico.csv,resultados/experimentos/2024_1/novas_hibridas/curso_pares/historico.json,180.0,1,180.0,600.0,1,0,AGRO,GEO,18
1,6,19,par_cursos,AGRO+HIS,75,13524,81466,OPTIMAL,185252.0,185252.0,False,185252.0,6.0,5.66,600.0,,alfabetica,,,iteracao,curso_pares,180.0,180.0,600.0,14400.0,False,False,alfabetica,,alfabetica,,./dados/2024_1/horarios_2024_1.xlsx,./dados/2024_1/salas_2024_1.csv,./dados/2024_1/salas_preferenciais_2024.1.xlsx,/Users/robertdrey/Documents/workspace/development/alocador_de_salas,resultados/experimentos/2024_1/novas_hibridas/curso_pares/melhor_solucao.sol,resultados/experimentos/2024_1/novas_hibridas/curso_pares/historico.csv,resultados/experimentos/2024_1/novas_hibridas/curso_pares/historico.json,180.0,1,180.0,600.0,1,0,AGRO,HIS,19
1,6,20,par_cursos,AGRO+LET,87,17894,77096,OPTIMAL,185252.0,185252.0,False,185252.0,8.51,8.18,600.0,,alfabetica,,,iteracao,curso_pares,180.0,180.0,600.0,14400.0,False,False,alfabetica,,alfabetica,,./dados/2024_1/horarios_2024_1.xlsx,./dados/2024_1/salas_2024_1.csv,./dados/2024_1/salas_preferenciais_2024.1.xlsx,/Users/robertdrey/Documents/workspace/development/alocador_de_salas,resultados/experimentos/2024_1/novas_hibridas/curso_pares/melhor_solucao.sol,resultados/experimentos/2024_1/novas_hibridas/curso_pares/historico.csv,resultados/experimentos/2024_1/novas_hibridas/curso_pares/historico.json,180.0,1,180.0,600.0,1,0,AGRO,LET,20
1,6,21,par_cursos,AGRO+MAT,74,13708,81282,OPTIMAL,185252.0,185252.0,False,185252.0,6.08,5.75,600.0,,alfabetica,,,iteracao,curso_pares,180.0,180.0,600.0,14400.0,False,False,alfabetica,,alfabetica,,./dados/2024_1/horarios_2024_1.xlsx,./dados/2024_1/salas_2024_1.csv,./dados/2024_1/salas_preferenciais_2024.1.xlsx,/Users/robertdrey/Documents/workspace/development/alocador_de_salas,resultados/experimentos/2024_1/novas_hibridas/curso_pares/melhor_solucao.sol,resultados/experimentos/2024_1/novas_hibridas/curso_pares/historico.csv,resultados/experimentos/2024_1/novas_hibridas/curso_pares/historico.json,180.0,1,180.0,600.0,1,0,AGRO,MAT,21
1,6,22,par_cursos,AGRO+MED,92,18124,76866,TIME_LIMIT,185252.0,185252.0,False,185252.0,600.39,600.03,600.0,,alfabetica,,,iteracao,curso_pares,180.0,180.0,600.0,14400.0,False,False,alfabetica,,alfabetica,,./dados/2024_1/horarios_2024_1.xlsx,./dados/2024_1/salas_2024_1.csv,./dados/2024_1/salas_preferenciais_2024.1.xlsx,/Users/robertdrey/Documents/workspace/development/alocador_de_salas,resultados/experimentos/2024_1/novas_hibridas/curso_pares/melhor_solucao.sol,resultados/experimentos/2024_1/novas_hibridas/curso_pares/historico.csv,resultados/experimentos/2024_1/novas_hibridas/curso_pares/historico.json,180.0,1,180.0,600.0,1,0,AGRO,MED,22
1,6,23,par_cursos,AGRO+PED,107,21528,73462,OPTIMAL,185252.0,185252.0,False,185252.0,58.01,57.62,600.0,,alfabetica,,,iteracao,curso_pares,180.0,180.0,600.0,14400.0,False,False,alfabetica,,alfabetica,,./dados/2024_1/horarios_2024_1.xlsx,./dados/2024_1/salas_2024_1.csv,./dados/2024_1/salas_preferenciais_2024.1.xlsx,/Users/robertdrey/Documents/workspace/development/alocador_de_salas,resultados/experimentos/2024_1/novas_hibridas/curso_pares/melhor_solucao.sol,resultados/experimentos/2024_1/novas_hibridas/curso_pares/historico.csv,resultados/experimentos/2024_1/novas_hibridas/curso_pares/historico.json,180.0,1,180.0,600.0,1,0,AGRO,PED,23
1,6,24,par_cursos,CC+CS,69,15088,79902,OPTIMAL,185252.0,185252.0,False,185252.0,51.55,51.2,600.0,,alfabetica,,,iteracao,curso_pares,180.0,180.0,600.0,14400.0,False,False,alfabetica,,alfabetica,,./dados/2024_1/horarios_2024_1.xlsx,./dados/2024_1/salas_2024_1.csv,./dados/2024_1/salas_preferenciais_2024.1.xlsx,/Users/robertdrey/Documents/workspace/development/alocador_de_salas,resultados/experimentos/2024_1/novas_hibridas/curso_pares/melhor_solucao.sol,resultados/experimentos/2024_1/novas_hibridas/curso_pares/historico.csv,resultados/experimentos/2024_1/novas_hibridas/curso_pares/historico.json,180.0,1,180.0,600.0,1,0,CC,CS,24
1,6,25,par_cursos,CC+EAS,92,17986,77004,OPTIMAL,185252.0,185252.0,False,185252.0,3.92,3.59,600.0,,alfabetica,,,iteracao,curso_pares,180.0,180.0,600.0,14400.0,False,False,alfabetica,,alfabetica,,./dados/2024_1/horarios_2024_1.xlsx,./dados/2024_1/salas_2024_1.csv,./dados/2024_1/salas_preferenciais_2024.1.xlsx,/Users/robertdrey/Documents/workspace/development/alocador_de_salas,resultados/experimentos/2024_1/novas_hibridas/curso_pares/melhor_solucao.sol,resultados/experimentos/2024_1/novas_hibridas/curso_pares/historico.csv,resultados/experimentos/2024_1/novas_hibridas/curso_pares/historico.json,180.0,1,180.0,600.0,1,0,CC,EAS,25
1,6,26,par_cursos,CC+ENF,65,19044,75946,OPTIMAL,185252.0,185252.0,False,185252.0,139.71,139.39,600.0,,alfabetica,,,iteracao,curso_pares,180.0,180.0,600.0,14400.0,False,False,alfabetica,,alfabetica,,./dados/2024_1/horarios_2024_1.xlsx,./dados/2024_1/salas_2024_1.csv,./dados/2024_1/salas_preferenciais_2024.1.xlsx,/Users/robertdrey/Documents/workspace/development/alocador_de_salas,resultados/experimentos/2024_1/novas_hibridas/curso_pares/melhor_solucao.sol,resultados/experimentos/2024_1/novas_hibridas/curso_pares/historico.csv,resultados/experimentos/2024_1/novas_hibridas/curso_pares/historico.json,180.0,1,180.0,600.0,1,0,CC,ENF,26
1,6,27,par_cursos,CC+FIL,62,13294,81696,OPTIMAL,185252.0,185252.0,False,185252.0,33.56,33.24,600.0,,alfabetica,,,iteracao,curso_pares,180.0,180.0,600.0,14400.0,False,False,alfabetica,,alfabetica,,./dados/2024_1/horarios_2024_1.xlsx,./dados/2024_1/salas_2024_1.csv,./dados/2024_1/salas_preferenciais_2024.1.xlsx,/Users/robertdrey/Documents/workspace/development/alocador_de_salas,resultados/experimentos/2024_1/novas_hibridas/curso_pares/melhor_solucao.sol,resultados/experimentos/2024_1/novas_hibridas/curso_pares/historico.csv,resultados/experimentos/2024_1/novas_hibridas/curso_pares/historico.json,180.0,1,180.0,600.0,1,0,CC,FIL,27
1,6,28,par_cursos,CC+GEO,57,12604,82386,OPTIMAL,185252.0,185252.0,False,185252.0,2.59,2.27,600.0,,alfabetica,,,iteracao,curso_pares,180.0,180.0,600.0,14400.0,False,False,alfabetica,,alfabetica,,./dados/2024_1/horarios_2024_1.xlsx,./dados/2024_1/salas_2024_1.csv,./dados/2024_1/salas_preferenciais_2024.1.xlsx,/Users/robertdrey/Documents/workspace/development/alocador_de_salas,resultados/experimentos/2024_1/novas_hibridas/curso_pares/melhor_solucao.sol,resultados/experimentos/2024_1/novas_hibridas/curso_pares/historico.csv,resultados/experimentos/2024_1/novas_hibridas/curso_pares/historico.json,180.0,1,180.0,600.0,1,0,CC,GEO,28
1,6,29,par_cursos,CC+HIS,71,15318,79672,OPTIMAL,185252.0,185252.0,False,185252.0,2.88,2.55,600.0,,alfabetica,,,iteracao,curso_pares,180.0,180.0,600.0,14400.0,False,False,alfabetica,,alfabetica,,./dados/2024_1/horarios_2024_1.xlsx,./dados/2024_1/salas_2024_1.csv,./dados/2024_1/salas_preferenciais_2024.1.xlsx,/Users/robertdrey/Documents/workspace/development/alocador_de_salas,resultados/experimentos/2024_1/novas_hibridas/curso_pares/melhor_solucao.sol,resultados/experimentos/2024_1/novas_hibridas/curso_pares/historico.csv,resultados/experimentos/2024_1/novas_hibridas/curso_pares/historico.json,180.0,1,180.0,600.0,1,0,CC,HIS,29
1,6,30,par_cursos,CC+LET,83,19688,75302,OPTIMAL,185252.0,185252.0,False,185252.0,14.44,14.13,600.0,,alfabetica,,,iteracao,curso_pares,180.0,180.0,600.0,14400.0,False,False,alfabetica,,alfabetica,,./dados/2024_1/horarios_2024_1.xlsx,./dados/2024_1/salas_2024_1.csv,./dados/2024_1/salas_preferenciais_2024.1.xlsx,/Users/robertdrey/Documents/workspace/development/alocador_de_salas,resultados/experimentos/2024_1/novas_hibridas/curso_pares/melhor_solucao.sol,resultados/experimentos/2024_1/novas_hibridas/curso_pares/historico.csv,resultados/experimentos/2024_1/novas_hibridas/curso_pares/historico.json,180.0,1,180.0,600.0,1,0,CC,LET,30
1,6,31,par_cursos,CC+MAT,70,15502,79488,OPTIMAL,185252.0,185252.0,False,185252.0,21.49,21.18,600.0,,alfabetica,,,iteracao,curso_pares,180.0,180.0,600.0,14400.0,False,False,alfabetica,,alfabetica,,./dados/2024_1/horarios_2024_1.xlsx,./dados/2024_1/salas_2024_1.csv,./dados/2024_1/salas_preferenciais_2024.1.xlsx,/Users/robertdrey/Documents/workspace/development/alocador_de_salas,resultados/experimentos/2024_1/novas_hibridas/curso_pares/melhor_solucao.sol,resultados/experimentos/2024_1/novas_hibridas/curso_pares/historico.csv,resultados/experimentos/2024_1/novas_hibridas/curso_pares/historico.json,180.0,1,180.0,600.0,1,0,CC,MAT,31
1,6,32,par_cursos,CC+MED,88,19918,75072,OPTIMAL,185252.0,185252.0,False,185252.0,4.99,4.68,600.0,,alfabetica,,,iteracao,curso_pares,180.0,180.0,600.0,14400.0,False,False,alfabetica,,alfabetica,,./dados/2024_1/horarios_2024_1.xlsx,./dados/2024_1/salas_2024_1.csv,./dados/2024_1/salas_preferenciais_2024.1.xlsx,/Users/robertdrey/Documents/workspace/development/alocador_de_salas,resultados/experimentos/2024_1/novas_hibridas/curso_pares/melhor_solucao.sol,resultados/experimentos/2024_1/novas_hibridas/curso_pares/historico.csv,resultados/experimentos/2024_1/novas_hibridas/curso_pares/historico.json,180.0,1,180.0,600.0,1,0,CC,MED,32
1,6,33,par_cursos,CC+PED,103,23322,71668,OPTIMAL,185252.0,185252.0,False,185252.0,98.67,98.35,600.0,,alfabetica,,,iteracao,curso_pares,180.0,180.0,600.0,14400.0,False,False,alfabetica,,alfabetica,,./dados/2024_1/horarios_2024_1.xlsx,./dados/2024_1/salas_2024_1.csv,./dados/2024_1/salas_preferenciais_2024.1.xlsx,/Users/robertdrey/Documents/workspace/development/alocador_de_salas,resultados/experimentos/2024_1/novas_hibridas/curso_pares/melhor_solucao.sol,resultados/experimentos/2024_1/novas_hibridas/curso_pares/historico.csv,resultados/experimentos/2024_1/novas_hibridas/curso_pares/historico.json,180.0,1,180.0,600.0,1,0,CC,PED,33
1,6,34,par_cursos,CS+EAS,67,12006,82984,OPTIMAL,185252.0,185252.0,False,185252.0,0.76,0.45,600.0,,alfabetica,,,iteracao,curso_pares,180.0,180.0,600.0,14400.0,False,False,alfabetica,,alfabetica,,./dados/2024_1/horarios_2024_1.xlsx,./dados/2024_1/salas_2024_1.csv,./dados/2024_1/salas_preferenciais_2024.1.xlsx,/Users/robertdrey/Documents/workspace/development/alocador_de_salas,resultados/experimentos/2024_1/novas_hibridas/curso_pares/melhor_solucao.sol,resultados/experimentos/2024_1/novas_hibridas/curso_pares/historico.csv,resultados/experimentos/2024_1/novas_hibridas/curso_pares/historico.json,180.0,1,180.0,600.0,1,0,CS,EAS,34
1,6,35,par_cursos,CS+ENF,40,13064,81926,OPTIMAL,185252.0,185252.0,False,185252.0,1.72,1.41,600.0,,alfabetica,,,iteracao,curso_pares,180.0,180.0,600.0,14400.0,False,False,alfabetica,,alfabetica,,./dados/2024_1/horarios_2024_1.xlsx,./dados/2024_1/salas_2024_1.csv,./dados/2024_1/salas_preferenciais_2024.1.xlsx,/Users/robertdrey/Documents/workspace/development/alocador_de_salas,resultados/experimentos/2024_1/novas_hibridas/curso_pares/melhor_solucao.sol,resultados/experimentos/2024_1/novas_hibridas/curso_pares/historico.csv,resultados/experimentos/2024_1/novas_hibridas/curso_pares/historico.json,180.0,1,180.0,600.0,1,0,CS,ENF,35
1,6,36,par_cursos,CS+FIL,37,7314,87676,OPTIMAL,185252.0,185252.0,False,185252.0,0.71,0.37,600.0,,alfabetica,,,iteracao,curso_pares,180.0,180.0,600.0,14400.0,False,False,alfabetica,,alfabetica,,./dados/2024_1/horarios_2024_1.xlsx,./dados/2024_1/salas_2024_1.csv,./dados/2024_1/salas_preferenciais_2024.1.xlsx,/Users/robertdrey/Documents/workspace/development/alocador_de_salas,resultados/experimentos/2024_1/novas_hibridas/curso_pares/melhor_solucao.sol,resultados/experimentos/2024_1/novas_hibridas/curso_pares/historico.csv,resultados/experimentos/2024_1/novas_hibridas/curso_pares/historico.json,180.0,1,180.0,600.0,1,0,CS,FIL,36
1,6,37,par_cursos,CS+GEO,32,6624,88366,OPTIMAL,185252.0,185252.0,False,185252.0,0.66,0.34,600.0,,alfabetica,,,iteracao,curso_pares,180.0,180.0,600.0,14400.0,False,False,alfabetica,,alfabetica,,./dados/2024_1/horarios_2024_1.xlsx,./dados/2024_1/salas_2024_1.csv,./dados/2024_1/salas_preferenciais_2024.1.xlsx,/Users/robertdrey/Documents/workspace/development/alocador_de_salas,resultados/experimentos/2024_1/novas_hibridas/curso_pares/melhor_solucao.sol,resultados/experimentos/2024_1/novas_hibridas/curso_pares/historico.csv,resultados/experimentos/2024_1/novas_hibridas/curso_pares/historico.json,180.0,1,180.0,600.0,1,0,CS,GEO,37
1,6,38,par_cursos,CS+HIS,46,9338,85652,OPTIMAL,185252.0,185252.0,False,185252.0,0.81,0.5,600.0,,alfabetica,,,iteracao,curso_pares,180.0,180.0,600.0,14400.0,False,False,alfabetica,,alfabetica,,./dados/2024_1/horarios_2024_1.xlsx,./dados/2024_1/salas_2024_1.csv,./dados/2024_1/salas_preferenciais_2024.1.xlsx,/Users/robertdrey/Documents/workspace/development/alocador_de_salas,resultados/experimentos/2024_1/novas_hibridas/curso_pares/melhor_solucao.sol,resultados/experimentos/2024_1/novas_hibridas/curso_pares/historico.csv,resultados/experimentos/2024_1/novas_hibridas/curso_pares/historico.json,180.0,1,180.0,600.0,1,0,CS,HIS,38
1,6,39,par_cursos,CS+LET,58,13708,81282,OPTIMAL,185252.0,185252.0,False,185252.0,1.49,1.18,600.0,,alfabetica,,,iteracao,curso_pares,180.0,180.0,600.0,14400.0,False,False,alfabetica,,alfabetica,,./dados/2024_1/horarios_2024_1.xlsx,./dados/2024_1/salas_2024_1.csv,./dados/2024_1/salas_preferenciais_2024.1.xlsx,/Users/robertdrey/Documents/workspace/development/alocador_de_salas,resultados/experimentos/2024_1/novas_hibridas/curso_pares/melhor_solucao.sol,resultados/experimentos/2024_1/novas_hibridas/curso_pares/historico.csv,resultados/experimentos/2024_1/novas_hibridas/curso_pares/historico.json,180.0,1,180.0,600.0,1,0,CS,LET,39
1,6,40,par_cursos,CS+MAT,45,9522,85468,OPTIMAL,185252.0,185252.0,False,185252.0,0.75,0.44,600.0,,alfabetica,,,iteracao,curso_pares,180.0,180.0,600.0,14400.0,False,False,alfabetica,,alfabetica,,./dados/2024_1/horarios_2024_1.xlsx,./dados/2024_1/salas_2024_1.csv,./dados/2024_1/salas_preferenciais_2024.1.xlsx,/Users/robertdrey/Documents/workspace/development/alocador_de_salas,resultados/experimentos/2024_1/novas_hibridas/curso_pares/melhor_solucao.sol,resultados/experimentos/2024_1/novas_hibridas/curso_pares/historico.csv,resultados/experimentos/2024_1/novas_hibridas/curso_pares/historico.json,180.0,1,180.0,600.0,1,0,CS,MAT,40
1,6,41,par_cursos,CS+MED,63,13938,81052,OPTIMAL,185252.0,185252.0,False,185252.0,1.04,0.74,600.0,,alfabetica,,,iteracao,curso_pares,180.0,180.0,600.0,14400.0,False,False,alfabetica,,alfabetica,,./dados/2024_1/horarios_2024_1.xlsx,./dados/2024_1/salas_2024_1.csv,./dados/2024_1/salas_preferenciais_2024.1.xlsx,/Users/robertdrey/Documents/workspace/development/alocador_de_salas,resultados/experimentos/2024_1/novas_hibridas/curso_pares/melhor_solucao.sol,resultados/experimentos/2024_1/novas_hibridas/curso_pares/historico.csv,resultados/experimentos/2024_1/novas_hibridas/curso_pares/historico.json,180.0,1,180.0,600.0,1,0,CS,MED,41
1,6,42,par_cursos,CS+PED,78,17342,77648,OPTIMAL,185252.0,185252.0,False,185252.0,221.17,220.87,600.0,,alfabetica,,,iteracao,curso_pares,180.0,180.0,600.0,14400.0,False,False,alfabetica,,alfabetica,,./dados/2024_1/horarios_2024_1.xlsx,./dados/2024_1/salas_2024_1.csv,./dados/2024_1/salas_preferenciais_2024.1.xlsx,/Users/robertdrey/Documents/workspace/development/alocador_de_salas,resultados/experimentos/2024_1/novas_hibridas/curso_pares/melhor_solucao.sol,resultados/experimentos/2024_1/novas_hibridas/curso_pares/historico.csv,resultados/experimentos/2024_1/novas_hibridas/curso_pares/historico.json,180.0,1,180.0,600.0,1,0,CS,PED,42
1,6,43,par_cursos,EAS+ENF,63,15962,79028,OPTIMAL,185252.0,185252.0,False,185252.0,3.47,3.14,600.0,,alfabetica,,,iteracao,curso_pares,180.0,180.0,600.0,14400.0,False,False,alfabetica,,alfabetica,,./dados/2024_1/horarios_2024_1.xlsx,./dados/2024_1/salas_2024_1.csv,./dados/2024_1/salas_preferenciais_2024.1.xlsx,/Users/robertdrey/Documents/workspace/development/alocador_de_salas,resultados/experimentos/2024_1/novas_hibridas/curso_pares/melhor_solucao.sol,resultados/experimentos/2024_1/novas_hibridas/curso_pares/historico.csv,resultados/experimentos/2024_1/novas_hibridas/curso_pares/historico.json,180.0,1,180.0,600.0,1,0,EAS,ENF,43
1,6,44,par_cursos,EAS+FIL,60,10212,84778,OPTIMAL,185252.0,185252.0,False,185252.0,0.72,0.38,600.0,,alfabetica,,,iteracao,curso_pares,180.0,180.0,600.0,14400.0,False,False,alfabetica,,alfabetica,,./dados/2024_1/horarios_2024_1.xlsx,./dados/2024_1/salas_2024_1.csv,./dados/2024_1/salas_preferenciais_2024.1.xlsx,/Users/robertdrey/Documents/workspace/development/alocador_de_salas,resultados/experimentos/2024_1/novas_hibridas/curso_pares/melhor_solucao.sol,resultados/experimentos/2024_1/novas_hibridas/curso_pares/historico.csv,resultados/experimentos/2024_1/novas_hibridas/curso_pares/historico.json,180.0,1,180.0,600.0,1,0,EAS,FIL,44
1,6,45,par_cursos,EAS+GEO,55,9522,85468,OPTIMAL,185252.0,185252.0,False,185252.0,0.65,0.35,600.0,,alfabetica,,,iteracao,curso_pares,180.0,180.0,600.0,14400.0,False,False,alfabetica,,alfabetica,,./dados/2024_1/horarios_2024_1.xlsx,./dados/2024_1/salas_2024_1.csv,./dados/2024_1/salas_preferenciais_2024.1.xlsx,/Users/robertdrey/Documents/workspace/development/alocador_de_salas,resultados/experimentos/2024_1/novas_hibridas/curso_pares/melhor_solucao.sol,resultados/experimentos/2024_1/novas_hibridas/curso_pares/historico.csv,resultados/experimentos/2024_1/novas_hibridas/curso_pares/historico.json,180.0,1,180.0,600.0,1,0,EAS,GEO,45
1,6,46,par_cursos,EAS+HIS,69,12236,82754,OPTIMAL,185252.0,185252.0,False,185252.0,0.83,0.53,600.0,,alfabetica,,,iteracao,curso_pares,180.0,180.0,600.0,14400.0,False,False,alfabetica,,alfabetica,,./dados/2024_1/horarios_2024_1.xlsx,./dados/2024_1/salas_2024_1.csv,./dados/2024_1/salas_preferenciais_2024.1.xlsx,/Users/robertdrey/Documents/workspace/development/alocador_de_salas,resultados/experimentos/2024_1/novas_hibridas/curso_pares/melhor_solucao.sol,resultados/experimentos/2024_1/novas_hibridas/curso_pares/historico.csv,resultados/experimentos/2024_1/novas_hibridas/curso_pares/historico.json,180.0,1,180.0,600.0,1,0,EAS,HIS,46
1,6,47,par_cursos,EAS+LET,81,16606,78384,OPTIMAL,185252.0,185252.0,False,185252.0,2.15,1.83,600.0,,alfabetica,,,iteracao,curso_pares,180.0,180.0,600.0,14400.0,False,False,alfabetica,,alfabetica,,./dados/2024_1/horarios_2024_1.xlsx,./dados/2024_1/salas_2024_1.csv,./dados/2024_1/salas_preferenciais_2024.1.xlsx,/Users/robertdrey/Documents/workspace/development/alocador_de_salas,resultados/experimentos/2024_1/novas_hibridas/curso_pares/melhor_solucao.sol,resultados/experimentos/2024_1/novas_hibridas/curso_pares/historico.csv,resultados/experimentos/2024_1/novas_hibridas/curso_pares/historico.json,180.0,1,180.0,600.0,1,0,EAS,LET,47
1,6,48,par_cursos,EAS+MAT,68,12420,82570,OPTIMAL,185252.0,185252.0,False,185252.0,1.38,1.01,600.0,,alfabetica,,,iteracao,curso_pares,180.0,180.0,600.0,14400.0,False,False,alfabetica,,alfabetica,,./dados/2024_1/horarios_2024_1.xlsx,./dados/2024_1/salas_2024_1.csv,./dados/2024_1/salas_preferenciais_2024.1.xlsx,/Users/robertdrey/Documents/workspace/development/alocador_de_salas,resultados/experimentos/2024_1/novas_hibridas/curso_pares/melhor_solucao.sol,resultados/experimentos/2024_1/novas_hibridas/curso_pares/historico.csv,resultados/experimentos/2024_1/novas_hibridas/curso_pares/historico.json,180.0,1,180.0,600.0,1,0,EAS,MAT,48
1,6,49,par_cursos,EAS+MED,86,16836,78154,OPTIMAL,185252.0,185252.0,False,185252.0,2.17,1.81,600.0,,alfabetica,,,iteracao,curso_pares,180.0,180.0,600.0,14400.0,False,False,alfabetica,,alfabetica,,./dados/2024_1/horarios_2024_1.xlsx,./dados/2024_1/salas_2024_1.csv,./dados/2024_1/salas_preferenciais_2024.1.xlsx,/Users/robertdrey/Documents/workspace/development/alocador_de_salas,resultados/experimentos/2024_1/novas_hibridas/curso_pares/melhor_solucao.sol,resultados/experimentos/2024_1/novas_hibridas/curso_pares/historico.csv,resultados/experimentos/2024_1/novas_hibridas/curso_pares/historico.json,180.0,1,180.0,600.0,1,0,EAS,MED,49
1,6,50,par_cursos,EAS+PED,101,20240,74750,OPTIMAL,185252.0,185252.0,False,185252.0,14.28,13.94,600.0,,alfabetica,,,iteracao,curso_pares,180.0,180.0,600.0,14400.0,False,False,alfabetica,,alfabetica,,./dados/2024_1/horarios_2024_1.xlsx,./dados/2024_1/salas_2024_1.csv,./dados/2024_1/salas_preferenciais_2024.1.xlsx,/Users/robertdrey/Documents/workspace/development/alocador_de_salas,resultados/experimentos/2024_1/novas_hibridas/curso_pares/melhor_solucao.sol,resultados/experimentos/2024_1/novas_hibridas/curso_pares/historico.csv,resultados/experimentos/2024_1/novas_hibridas/curso_pares/historico.json,180.0,1,180.0,600.0,1,0,EAS,PED,50
1,6,51,par_cursos,ENF+FIL,33,11270,83720,OPTIMAL,185252.0,185252.0,False,185252.0,1.74,1.4,600.0,,alfabetica,,,iteracao,curso_pares,180.0,180.0,600.0,14400.0,False,False,alfabetica,,alfabetica,,./dados/2024_1/horarios_2024_1.xlsx,./dados/2024_1/salas_2024_1.csv,./dados/2024_1/salas_preferenciais_2024.1.xlsx,/Users/robertdrey/Documents/workspace/development/alocador_de_salas,resultados/experimentos/2024_1/novas_hibridas/curso_pares/melhor_solucao.sol,resultados/experimentos/2024_1/novas_hibridas/curso_pares/historico.csv,resultados/experimentos/2024_1/novas_hibridas/curso_pares/historico.json,180.0,1,180.0,600.0,1,0,ENF,FIL,51
1,6,52,par_cursos,ENF+GEO,28,10580,84410,OPTIMAL,185252.0,185252.0,False,185252.0,2.13,1.77,600.0,,alfabetica,,,iteracao,curso_pares,180.0,180.0,600.0,14400.0,False,False,alfabetica,,alfabetica,,./dados/2024_1/horarios_2024_1.xlsx,./dados/2024_1/salas_2024_1.csv,./dados/2024_1/salas_preferenciais_2024.1.xlsx,/Users/robertdrey/Documents/workspace/development/alocador_de_salas,resultados/experimentos/2024_1/novas_hibridas/curso_pares/melhor_solucao.sol,resultados/experimentos/2024_1/novas_hibridas/curso_pares/historico.csv,resultados/experimentos/2024_1/novas_hibridas/curso_pares/historico.json,180.0,1,180.0,600.0,1,0,ENF,GEO,52
1,6,53,par_cursos,ENF+HIS,42,13294,81696,OPTIMAL,185252.0,185252.0,False,185252.0,1.97,1.6,600.0,,alfabetica,,,iteracao,curso_pares,180.0,180.0,600.0,14400.0,False,False,alfabetica,,alfabetica,,./dados/2024_1/horarios_2024_1.xlsx,./dados/2024_1/salas_2024_1.csv,./dados/2024_1/salas_preferenciais_2024.1.xlsx,/Users/robertdrey/Documents/workspace/development/alocador_de_salas,resultados/experimentos/2024_1/novas_hibridas/curso_pares/melhor_solucao.sol,resultados/experimentos/2024_1/novas_hibridas/curso_pares/historico.csv,resultados/experimentos/2024_1/novas_hibridas/curso_pares/historico.json,180.0,1,180.0,600.0,1,0,ENF,HIS,53
1,6,54,par_cursos,ENF+LET,54,17664,77326,OPTIMAL,185252.0,185252.0,False,185252.0,5.31,4.94,600.0,,alfabetica,,,iteracao,curso_pares,180.0,180.0,600.0,14400.0,False,False,alfabetica,,alfabetica,,./dados/2024_1/horarios_2024_1.xlsx,./dados/2024_1/salas_2024_1.csv,./dados/2024_1/salas_preferenciais_2024.1.xlsx,/Users/robertdrey/Documents/workspace/development/alocador_de_salas,resultados/experimentos/2024_1/novas_hibridas/curso_pares/melhor_solucao.sol,resultados/experimentos/2024_1/novas_hibridas/curso_pares/historico.csv,resultados/experimentos/2024_1/novas_hibridas/curso_pares/historico.json,180.0,1,180.0,600.0,1,0,ENF,LET,54
1,6,55,par_cursos,ENF+MAT,41,13478,81512,OPTIMAL,185252.0,185252.0,False,185252.0,2.18,1.8,600.0,,alfabetica,,,iteracao,curso_pares,180.0,180.0,600.0,14400.0,False,False,alfabetica,,alfabetica,,./dados/2024_1/horarios_2024_1.xlsx,./dados/2024_1/salas_2024_1.csv,./dados/2024_1/salas_preferenciais_2024.1.xlsx,/Users/robertdrey/Documents/workspace/development/alocador_de_salas,resultados/experimentos/2024_1/novas_hibridas/curso_pares/melhor_solucao.sol,resultados/experimentos/2024_1/novas_hibridas/curso_pares/historico.csv,resultados/experimentos/2024_1/novas_hibridas/curso_pares/historico.json,180.0,1,180.0,600.0,1,0,ENF,MAT,55
1,6,56,par_cursos,ENF+MED,59,17894,77096,OPTIMAL,185252.0,185252.0,False,185252.0,29.1,28.75,600.0,,alfabetica,,,iteracao,curso_pares,180.0,180.0,600.0,14400.0,False,False,alfabetica,,alfabetica,,./dados/2024_1/horarios_2024_1.xlsx,./dados/2024_1/salas_2024_1.csv,./dados/2024_1/salas_preferenciais_2024.1.xlsx,/Users/robertdrey/Documents/workspace/development/alocador_de_salas,resultados/experimentos/2024_1/novas_hibridas/curso_pares/melhor_solucao.sol,resultados/experimentos/2024_1/novas_hibridas/curso_pares/historico.csv,resultados/experimentos/2024_1/novas_hibridas/curso_pares/historico.json,180.0,1,180.0,600.0,1,0,ENF,MED,56
1,6,57,par_cursos,ENF+PED,74,21298,73692,OPTIMAL,185252.0,185252.0,False,185252.0,286.28,285.95,600.0,,alfabetica,,,iteracao,curso_pares,180.0,180.0,600.0,14400.0,False,False,alfabetica,,alfabetica,,./dados/2024_1/horarios_2024_1.xlsx,./dados/2024_1/salas_2024_1.csv,./dados/2024_1/salas_preferenciais_2024.1.xlsx,/Users/robertdrey/Documents/workspace/development/alocador_de_salas,resultados/experimentos/2024_1/novas_hibridas/curso_pares/melhor_solucao.sol,resultados/experimentos/2024_1/novas_hibridas/curso_pares/historico.csv,resultados/experimentos/2024_1/novas_hibridas/curso_pares/historico.json,180.0,1,180.0,600.0,1,0,ENF,PED,57
1,6,58,par_cursos,FIL+GEO,25,4830,90160,OPTIMAL,185252.0,185252.0,False,185252.0,0.62,0.31,395.46,,alfabetica,,,iteracao,curso_pares,180.0,180.0,600.0,14400.0,False,False,alfabetica,,alfabetica,,./dados/2024_1/horarios_2024_1.xlsx,./dados/2024_1/salas_2024_1.csv,./dados/2024_1/salas_preferenciais_2024.1.xlsx,/Users/robertdrey/Documents/workspace/development/alocador_de_salas,resultados/experimentos/2024_1/novas_hibridas/curso_pares/melhor_solucao.sol,resultados/experimentos/2024_1/novas_hibridas/curso_pares/historico.csv,resultados/experimentos/2024_1/novas_hibridas/curso_pares/historico.json,180.0,1,180.0,600.0,1,0,FIL,GEO,58
1,6,59,par_cursos,FIL+HIS,39,7544,87446,OPTIMAL,185252.0,185252.0,False,185252.0,0.64,0.34,394.84,,alfabetica,,,iteracao,curso_pares,180.0,180.0,600.0,14400.0,False,False,alfabetica,,alfabetica,,./dados/2024_1/horarios_2024_1.xlsx,./dados/2024_1/salas_2024_1.csv,./dados/2024_1/salas_preferenciais_2024.1.xlsx,/Users/robertdrey/Documents/workspace/development/alocador_de_salas,resultados/experimentos/2024_1/novas_hibridas/curso_pares/melhor_solucao.sol,resultados/experimentos/2024_1/novas_hibridas/curso_pares/historico.csv,resultados/experimentos/2024_1/novas_hibridas/curso_pares/historico.json,180.0,1,180.0,600.0,1,0,FIL,HIS,59
1,6,60,par_cursos,FIL+LET,51,11914,83076,OPTIMAL,185252.0,185252.0,False,185252.0,3.14,2.83,394.2,,alfabetica,,,iteracao,curso_pares,180.0,180.0,600.0,14400.0,False,False,alfabetica,,alfabetica,,./dados/2024_1/horarios_2024_1.xlsx,./dados/2024_1/salas_2024_1.csv,./dados/2024_1/salas_preferenciais_2024.1.xlsx,/Users/robertdrey/Documents/workspace/development/alocador_de_salas,resultados/experimentos/2024_1/novas_hibridas/curso_pares/melhor_solucao.sol,resultados/experimentos/2024_1/novas_hibridas/curso_pares/historico.csv,resultados/experimentos/2024_1/novas_hibridas/curso_pares/historico.json,180.0,1,180.0,600.0,1,0,FIL,LET,60
1,6,61,par_cursos,FIL+MAT,38,7728,87262,OPTIMAL,185252.0,185252.0,False,185252.0,0.72,0.38,391.06,,alfabetica,,,iteracao,curso_pares,180.0,180.0,600.0,14400.0,False,False,alfabetica,,alfabetica,,./dados/2024_1/horarios_2024_1.xlsx,./dados/2024_1/salas_2024_1.csv,./dados/2024_1/salas_preferenciais_2024.1.xlsx,/Users/robertdrey/Documents/workspace/development/alocador_de_salas,resultados/experimentos/2024_1/novas_hibridas/curso_pares/melhor_solucao.sol,resultados/experimentos/2024_1/novas_hibridas/curso_pares/historico.csv,resultados/experimentos/2024_1/novas_hibridas/curso_pares/historico.json,180.0,1,180.0,600.0,1,0,FIL,MAT,61
1,6,62,par_cursos,FIL+MED,56,12144,82846,OPTIMAL,185252.0,185252.0,False,185252.0,0.98,0.68,390.35,,alfabetica,,,iteracao,curso_pares,180.0,180.0,600.0,14400.0,False,False,alfabetica,,alfabetica,,./dados/2024_1/horarios_2024_1.xlsx,./dados/2024_1/salas_2024_1.csv,./dados/2024_1/salas_preferenciais_2024.1.xlsx,/Users/robertdrey/Documents/workspace/development/alocador_de_salas,resultados/experimentos/2024_1/novas_hibridas/curso_pares/melhor_solucao.sol,resultados/experimentos/2024_1/novas_hibridas/curso_pares/historico.csv,resultados/experimentos/2024_1/novas_hibridas/curso_pares/historico.json,180.0,1,180.0,600.0,1,0,FIL,MED,62
1,6,63,par_cursos,FIL+PED,71,15548,79442,OPTIMAL,185252.0,185252.0,False,185252.0,29.01,28.68,389.36,,alfabetica,,,iteracao,curso_pares,180.0,180.0,600.0,14400.0,False,False,alfabetica,,alfabetica,,./dados/2024_1/horarios_2024_1.xlsx,./dados/2024_1/salas_2024_1.csv,./dados/2024_1/salas_preferenciais_2024.1.xlsx,/Users/robertdrey/Documents/workspace/development/alocador_de_salas,resultados/experimentos/2024_1/novas_hibridas/curso_pares/melhor_solucao.sol,resultados/experimentos/2024_1/novas_hibridas/curso_pares/historico.csv,resultados/experimentos/2024_1/novas_hibridas/curso_pares/historico.json,180.0,1,180.0,600.0,1,0,FIL,PED,63
1,6,64,par_cursos,GEO+HIS,34,6854,88136,OPTIMAL,185252.0,185252.0,False,185252.0,0.75,0.4,360.35,,alfabetica,,,iteracao,curso_pares,180.0,180.0,600.0,14400.0,False,False,alfabetica,,alfabetica,,./dados/2024_1/horarios_2024_1.xlsx,./dados/2024_1/salas_2024_1.csv,./dados/2024_1/salas_preferenciais_2024.1.xlsx,/Users/robertdrey/Documents/workspace/development/alocador_de_salas,resultados/experimentos/2024_1/novas_hibridas/curso_pares/melhor_solucao.sol,resultados/experimentos/2024_1/novas_hibridas/curso_pares/historico.csv,resultados/experimentos/2024_1/novas_hibridas/curso_pares/historico.json,180.0,1,180.0,600.0,1,0,GEO,HIS,64
1,6,65,par_cursos,GEO+LET,46,11224,83766,OPTIMAL,185252.0,185244.0,True,185244.0,2.52,2.2,359.6,,alfabetica,,,iteracao,curso_pares,180.0,180.0,600.0,14400.0,False,False,alfabetica,,alfabetica,,./dados/2024_1/horarios_2024_1.xlsx,./dados/2024_1/salas_2024_1.csv,./dados/2024_1/salas_preferenciais_2024.1.xlsx,/Users/robertdrey/Documents/workspace/development/alocador_de_salas,resultados/experimentos/2024_1/novas_hibridas/curso_pares/melhor_solucao.sol,resultados/experimentos/2024_1/novas_hibridas/curso_pares/historico.csv,resultados/experimentos/2024_1/novas_hibridas/curso_pares/historico.json,180.0,1,180.0,600.0,1,0,GEO,LET,65
1,6,66,par_cursos,GEO+MAT,33,7038,87952,OPTIMAL,185244.0,185244.0,False,185244.0,0.71,0.37,357.08,,alfabetica,,,iteracao,curso_pares,180.0,180.0,600.0,14400.0,False,False,alfabetica,,alfabetica,,./dados/2024_1/horarios_2024_1.xlsx,./dados/2024_1/salas_2024_1.csv,./dados/2024_1/salas_preferenciais_2024.1.xlsx,/Users/robertdrey/Documents/workspace/development/alocador_de_salas,resultados/experimentos/2024_1/novas_hibridas/curso_pares/melhor_solucao.sol,resultados/experimentos/2024_1/novas_hibridas/curso_pares/historico.csv,resultados/experimentos/2024_1/novas_hibridas/curso_pares/historico.json,180.0,1,180.0,600.0,1,0,GEO,MAT,66
1,6,67,par_cursos,GEO+MED,51,11454,83536,OPTIMAL,185244.0,185244.0,False,185244.0,1.0,0.69,356.37,,alfabetica,,,iteracao,curso_pares,180.0,180.0,600.0,14400.0,False,False,alfabetica,,alfabetica,,./dados/2024_1/horarios_2024_1.xlsx,./dados/2024_1/salas_2024_1.csv,./dados/2024_1/salas_preferenciais_2024.1.xlsx,/Users/robertdrey/Documents/workspace/development/alocador_de_salas,resultados/experimentos/2024_1/novas_hibridas/curso_pares/melhor_solucao.sol,resultados/experimentos/2024_1/novas_hibridas/curso_pares/historico.csv,resultados/experimentos/2024_1/novas_hibridas/curso_pares/historico.json,180.0,1,180.0,600.0,1,0,GEO,MED,67
1,6,68,par_cursos,GEO+PED,66,14858,80132,OPTIMAL,185244.0,185244.0,False,185244.0,33.56,33.25,355.37,,alfabetica,,,iteracao,curso_pares,180.0,180.0,600.0,14400.0,False,False,alfabetica,,alfabetica,,./dados/2024_1/horarios_2024_1.xlsx,./dados/2024_1/salas_2024_1.csv,./dados/2024_1/salas_preferenciais_2024.1.xlsx,/Users/robertdrey/Documents/workspace/development/alocador_de_salas,resultados/experimentos/2024_1/novas_hibridas/curso_pares/melhor_solucao.sol,resultados/experimentos/2024_1/novas_hibridas/curso_pares/historico.csv,resultados/experimentos/2024_1/novas_hibridas/curso_pares/historico.json,180.0,1,180.0,600.0,1,0,GEO,PED,68
1,6,69,par_cursos,HIS+LET,60,13938,81052,OPTIMAL,185244.0,185244.0,False,185244.0,2.7,2.37,321.81,,alfabetica,,,iteracao,curso_pares,180.0,180.0,600.0,14400.0,False,False,alfabetica,,alfabetica,,./dados/2024_1/horarios_2024_1.xlsx,./dados/2024_1/salas_2024_1.csv,./dados/2024_1/salas_preferenciais_2024.1.xlsx,/Users/robertdrey/Documents/workspace/development/alocador_de_salas,resultados/experimentos/2024_1/novas_hibridas/curso_pares/melhor_solucao.sol,resultados/experimentos/2024_1/novas_hibridas/curso_pares/historico.csv,resultados/experimentos/2024_1/novas_hibridas/curso_pares/historico.json,180.0,1,180.0,600.0,1,0,HIS,LET,69
1,6,70,par_cursos,HIS+MAT,47,9752,85238,OPTIMAL,185244.0,185244.0,False,185244.0,0.81,0.5,319.11,,alfabetica,,,iteracao,curso_pares,180.0,180.0,600.0,14400.0,False,False,alfabetica,,alfabetica,,./dados/2024_1/horarios_2024_1.xlsx,./dados/2024_1/salas_2024_1.csv,./dados/2024_1/salas_preferenciais_2024.1.xlsx,/Users/robertdrey/Documents/workspace/development/alocador_de_salas,resultados/experimentos/2024_1/novas_hibridas/curso_pares/melhor_solucao.sol,resultados/experimentos/2024_1/novas_hibridas/curso_pares/historico.csv,resultados/experimentos/2024_1/novas_hibridas/curso_pares/historico.json,180.0,1,180.0,600.0,1,0,HIS,MAT,70
1,6,71,par_cursos,HIS+MED,65,14168,80822,OPTIMAL,185244.0,185244.0,False,185244.0,1.05,0.76,318.3,,alfabetica,,,iteracao,curso_pares,180.0,180.0,600.0,14400.0,False,False,alfabetica,,alfabetica,,./dados/2024_1/horarios_2024_1.xlsx,./dados/2024_1/salas_2024_1.csv,./dados/2024_1/salas_preferenciais_2024.1.xlsx,/Users/robertdrey/Documents/workspace/development/alocador_de_salas,resultados/experimentos/2024_1/novas_hibridas/curso_pares/melhor_solucao.sol,resultados/experimentos/2024_1/novas_hibridas/curso_pares/historico.csv,resultados/experimentos/2024_1/novas_hibridas/curso_pares/historico.json,180.0,1,180.0,600.0,1,0,HIS,MED,71
1,6,72,par_cursos,HIS+PED,80,17572,77418,OPTIMAL,185244.0,185244.0,False,185244.0,26.64,26.34,317.25,,alfabetica,,,iteracao,curso_pares,180.0,180.0,600.0,14400.0,False,False,alfabetica,,alfabetica,,./dados/2024_1/horarios_2024_1.xlsx,./dados/2024_1/salas_2024_1.csv,./dados/2024_1/salas_preferenciais_2024.1.xlsx,/Users/robertdrey/Documents/workspace/development/alocador_de_salas,resultados/experimentos/2024_1/novas_hibridas/curso_pares/melhor_solucao.sol,resultados/experimentos/2024_1/novas_hibridas/curso_pares/historico.csv,resultados/experimentos/2024_1/novas_hibridas/curso_pares/historico.json,180.0,1,180.0,600.0,1,0,HIS,PED,72
1,6,73,par_cursos,LET+MAT,59,14122,80868,OPTIMAL,185244.0,185244.0,False,185244.0,2.02,1.7,290.61,,alfabetica,,,iteracao,curso_pares,180.0,180.0,600.0,14400.0,False,False,alfabetica,,alfabetica,,./dados/2024_1/horarios_2024_1.xlsx,./dados/2024_1/salas_2024_1.csv,./dados/2024_1/salas_preferenciais_2024.1.xlsx,/Users/robertdrey/Documents/workspace/development/alocador_de_salas,resultados/experimentos/2024_1/novas_hibridas/curso_pares/melhor_solucao.sol,resultados/experimentos/2024_1/novas_hibridas/curso_pares/historico.csv,resultados/experimentos/2024_1/novas_hibridas/curso_pares/historico.json,180.0,1,180.0,600.0,1,0,LET,MAT,73
1,6,74,par_cursos,LET+MED,77,18538,76452,OPTIMAL,185244.0,185244.0,False,185244.0,2.11,1.8,288.58,,alfabetica,,,iteracao,curso_pares,180.0,180.0,600.0,14400.0,False,False,alfabetica,,alfabetica,,./dados/2024_1/horarios_2024_1.xlsx,./dados/2024_1/salas_2024_1.csv,./dados/2024_1/salas_preferenciais_2024.1.xlsx,/Users/robertdrey/Documents/workspace/development/alocador_de_salas,resultados/experimentos/2024_1/novas_hibridas/curso_pares/melhor_solucao.sol,resultados/experimentos/2024_1/novas_hibridas/curso_pares/historico.csv,resultados/experimentos/2024_1/novas_hibridas/curso_pares/historico.json,180.0,1,180.0,600.0,1,0,LET,MED,74
1,6,75,par_cursos,LET+PED,92,21942,73048,OPTIMAL,185244.0,185244.0,False,185244.0,30.6,30.25,286.48,,alfabetica,,,iteracao,curso_pares,180.0,180.0,600.0,14400.0,False,False,alfabetica,,alfabetica,,./dados/2024_1/horarios_2024_1.xlsx,./dados/2024_1/salas_2024_1.csv,./dados/2024_1/salas_preferenciais_2024.1.xlsx,/Users/robertdrey/Documents/workspace/development/alocador_de_salas,resultados/experimentos/2024_1/novas_hibridas/curso_pares/melhor_solucao.sol,resultados/experimentos/2024_1/novas_hibridas/curso_pares/historico.csv,resultados/experimentos/2024_1/novas_hibridas/curso_pares/historico.json,180.0,1,180.0,600.0,1,0,LET,PED,75
1,6,76,par_cursos,MAT+MED,64,14352,80638,OPTIMAL,185244.0,185244.0,False,185244.0,1.1,0.75,255.88,,alfabetica,,,iteracao,curso_pares,180.0,180.0,600.0,14400.0,False,False,alfabetica,,alfabetica,,./dados/2024_1/horarios_2024_1.xlsx,./dados/2024_1/salas_2024_1.csv,./dados/2024_1/salas_preferenciais_2024.1.xlsx,/Users/robertdrey/Documents/workspace/development/alocador_de_salas,resultados/experimentos/2024_1/novas_hibridas/curso_pares/melhor_solucao.sol,resultados/experimentos/2024_1/novas_hibridas/curso_pares/historico.csv,resultados/experimentos/2024_1/novas_hibridas/curso_pares/historico.json,180.0,1,180.0,600.0,1,0,MAT,MED,76
1,6,77,par_cursos,MAT+PED,79,17756,77234,OPTIMAL,185244.0,185244.0,False,185244.0,22.02,21.72,254.78,,alfabetica,,,iteracao,curso_pares,180.0,180.0,600.0,14400.0,False,False,alfabetica,,alfabetica,,./dados/2024_1/horarios_2024_1.xlsx,./dados/2024_1/salas_2024_1.csv,./dados/2024_1/salas_preferenciais_2024.1.xlsx,/Users/robertdrey/Documents/workspace/development/alocador_de_salas,resultados/experimentos/2024_1/novas_hibridas/curso_pares/melhor_solucao.sol,resultados/experimentos/2024_1/novas_hibridas/curso_pares/historico.csv,resultados/experimentos/2024_1/novas_hibridas/curso_pares/historico.json,180.0,1,180.0,600.0,1,0,MAT,PED,77
1,6,78,par_cursos,MED+PED,97,22172,72818,OPTIMAL,185244.0,185244.0,False,185244.0,38.6,38.28,232.76,,alfabetica,,,iteracao,curso_pares,180.0,180.0,600.0,14400.0,False,False,alfabetica,,alfabetica,,./dados/2024_1/horarios_2024_1.xlsx,./dados/2024_1/salas_2024_1.csv,./dados/2024_1/salas_preferenciais_2024.1.xlsx,/Users/robertdrey/Documents/workspace/development/alocador_de_salas,resultados/experimentos/2024_1/novas_hibridas/curso_pares/melhor_solucao.sol,resultados/experimentos/2024_1/novas_hibridas/curso_pares/historico.csv,resultados/experimentos/2024_1/novas_hibridas/curso_pares/historico.json,180.0,1,180.0,600.0,1,0,MED,PED,78
1,7,1,par_cursos,ADM+AGRO,99,18032,76958,OPTIMAL,185244.0,185244.0,False,185244.0,11.05,10.73,194.16,,alfabetica,,,iteracao,curso_pares,180.0,180.0,600.0,14400.0,False,False,alfabetica,,alfabetica,,./dados/2024_1/horarios_2024_1.xlsx,./dados/2024_1/salas_2024_1.csv,./dados/2024_1/salas_preferenciais_2024.1.xlsx,/Users/robertdrey/Documents/workspace/development/alocador_de_salas,resultados/experimentos/2024_1/novas_hibridas/curso_pares/melhor_solucao.sol,resultados/experimentos/2024_1/novas_hibridas/curso_pares/historico.csv,resultados/experimentos/2024_1/novas_hibridas/curso_pares/historico.json,180.0,1,180.0,600.0,1,0,ADM,AGRO,1
1,7,2,par_cursos,ADM+CC,95,19826,75164,OPTIMAL,185244.0,185244.0,False,185244.0,49.72,49.41,183.11,,alfabetica,,,iteracao,curso_pares,180.0,180.0,600.0,14400.0,False,False,alfabetica,,alfabetica,,./dados/2024_1/horarios_2024_1.xlsx,./dados/2024_1/salas_2024_1.csv,./dados/2024_1/salas_preferenciais_2024.1.xlsx,/Users/robertdrey/Documents/workspace/development/alocador_de_salas,resultados/experimentos/2024_1/novas_hibridas/curso_pares/melhor_solucao.sol,resultados/experimentos/2024_1/novas_hibridas/curso_pares/historico.csv,resultados/experimentos/2024_1/novas_hibridas/curso_pares/historico.json,180.0,1,180.0,600.0,1,0,ADM,CC,2
1,7,3,par_cursos,ADM+CS,70,13846,81144,OPTIMAL,185244.0,185244.0,False,185244.0,1.24,0.95,133.38,,alfabetica,,,iteracao,curso_pares,180.0,180.0,600.0,14400.0,False,False,alfabetica,,alfabetica,,./dados/2024_1/horarios_2024_1.xlsx,./dados/2024_1/salas_2024_1.csv,./dados/2024_1/salas_preferenciais_2024.1.xlsx,/Users/robertdrey/Documents/workspace/development/alocador_de_salas,resultados/experimentos/2024_1/novas_hibridas/curso_pares/melhor_solucao.sol,resultados/experimentos/2024_1/novas_hibridas/curso_pares/historico.csv,resultados/experimentos/2024_1/novas_hibridas/curso_pares/historico.json,180.0,1,180.0,600.0,1,0,ADM,CS,3
1,7,4,par_cursos,ADM+EAS,93,16744,78246,OPTIMAL,185244.0,185244.0,False,185244.0,1.32,1.0,132.14,,alfabetica,,,iteracao,curso_pares,180.0,180.0,600.0,14400.0,False,False,alfabetica,,alfabetica,,./dados/2024_1/horarios_2024_1.xlsx,./dados/2024_1/salas_2024_1.csv,./dados/2024_1/salas_preferenciais_2024.1.xlsx,/Users/robertdrey/Documents/workspace/development/alocador_de_salas,resultados/experimentos/2024_1/novas_hibridas/curso_pares/melhor_solucao.sol,resultados/experimentos/2024_1/novas_hibridas/curso_pares/historico.csv,resultados/experimentos/2024_1/novas_hibridas/curso_pares/historico.json,180.0,1,180.0,600.0,1,0,ADM,EAS,4
1,7,5,par_cursos,ADM+ENF,66,17802,77188,OPTIMAL,185244.0,185244.0,False,185244.0,9.91,9.55,130.82,,alfabetica,,,iteracao,curso_pares,180.0,180.0,600.0,14400.0,False,False,alfabetica,,alfabetica,,./dados/2024_1/horarios_2024_1.xlsx,./dados/2024_1/salas_2024_1.csv,./dados/2024_1/salas_preferenciais_2024.1.xlsx,/Users/robertdrey/Documents/workspace/development/alocador_de_salas,resultados/experimentos/2024_1/novas_hibridas/curso_pares/melhor_solucao.sol,resultados/experimentos/2024_1/novas_hibridas/curso_pares/historico.csv,resultados/experimentos/2024_1/novas_hibridas/curso_pares/historico.json,180.0,1,180.0,600.0,1,0,ADM,ENF,5
1,7,6,par_cursos,ADM+FIL,63,12052,82938,OPTIMAL,185244.0,185244.0,False,185244.0,0.93,0.58,120.92,,alfabetica,,,iteracao,curso_pares,180.0,180.0,600.0,14400.0,False,False,alfabetica,,alfabetica,,./dados/2024_1/horarios_2024_1.xlsx,./dados/2024_1/salas_2024_1.csv,./dados/2024_1/salas_preferenciais_2024.1.xlsx,/Users/robertdrey/Documents/workspace/development/alocador_de_salas,resultados/experimentos/2024_1/novas_hibridas/curso_pares/melhor_solucao.sol,resultados/experimentos/2024_1/novas_hibridas/curso_pares/historico.csv,resultados/experimentos/2024_1/novas_hibridas/curso_pares/historico.json,180.0,1,180.0,600.0,1,0,ADM,FIL,6
1,7,7,par_cursos,ADM+GEO,58,11362,83628,OPTIMAL,185244.0,185244.0,False,185244.0,0.89,0.59,119.99,,alfabetica,,,iteracao,curso_pares,180.0,180.0,600.0,14400.0,False,False,alfabetica,,alfabetica,,./dados/2024_1/horarios_2024_1.xlsx,./dados/2024_1/salas_2024_1.csv,./dados/2024_1/salas_preferenciais_2024.1.xlsx,/Users/robertdrey/Documents/workspace/development/alocador_de_salas,resultados/experimentos/2024_1/novas_hibridas/curso_pares/melhor_solucao.sol,resultados/experimentos/2024_1/novas_hibridas/curso_pares/historico.csv,resultados/experimentos/2024_1/novas_hibridas/curso_pares/historico.json,180.0,1,180.0,600.0,1,0,ADM,GEO,7
1,7,8,par_cursos,ADM+HIS,72,14076,80914,OPTIMAL,185244.0,185244.0,False,185244.0,1.13,0.83,119.09,,alfabetica,,,iteracao,curso_pares,180.0,180.0,600.0,14400.0,False,False,alfabetica,,alfabetica,,./dados/2024_1/horarios_2024_1.xlsx,./dados/2024_1/salas_2024_1.csv,./dados/2024_1/salas_preferenciais_2024.1.xlsx,/Users/robertdrey/Documents/workspace/development/alocador_de_salas,resultados/experimentos/2024_1/novas_hibridas/curso_pares/melhor_solucao.sol,resultados/experimentos/2024_1/novas_hibridas/curso_pares/historico.csv,resultados/experimentos/2024_1/novas_hibridas/curso_pares/historico.json,180.0,1,180.0,600.0,1,0,ADM,HIS,8
1,7,9,par_cursos,ADM+LET,84,18446,76544,OPTIMAL,185244.0,185244.0,False,185244.0,5.33,5.01,117.96,,alfabetica,,,iteracao,curso_pares,180.0,180.0,600.0,14400.0,False,False,alfabetica,,alfabetica,,./dados/2024_1/horarios_2024_1.xlsx,./dados/2024_1/salas_2024_1.csv,./dados/2024_1/salas_preferenciais_2024.1.xlsx,/Users/robertdrey/Documents/workspace/development/alocador_de_salas,resultados/experimentos/2024_1/novas_hibridas/curso_pares/melhor_solucao.sol,resultados/experimentos/2024_1/novas_hibridas/curso_pares/historico.csv,resultados/experimentos/2024_1/novas_hibridas/curso_pares/historico.json,180.0,1,180.0,600.0,1,0,ADM,LET,9
1,7,10,par_cursos,ADM+MAT,71,14260,80730,OPTIMAL,185244.0,185244.0,False,185244.0,1.11,0.78,112.63,,alfabetica,,,iteracao,curso_pares,180.0,180.0,600.0,14400.0,False,False,alfabetica,,alfabetica,,./dados/2024_1/horarios_2024_1.xlsx,./dados/2024_1/salas_2024_1.csv,./dados/2024_1/salas_preferenciais_2024.1.xlsx,/Users/robertdrey/Documents/workspace/development/alocador_de_salas,resultados/experimentos/2024_1/novas_hibridas/curso_pares/melhor_solucao.sol,resultados/experimentos/2024_1/novas_hibridas/curso_pares/historico.csv,resultados/experimentos/2024_1/novas_hibridas/curso_pares/historico.json,180.0,1,180.0,600.0,1,0,ADM,MAT,10
1,7,11,par_cursos,ADM+MED,89,18676,76314,OPTIMAL,185244.0,185244.0,False,185244.0,1.69,1.38,111.52,,alfabetica,,,iteracao,curso_pares,180.0,180.0,600.0,14400.0,False,False,alfabetica,,alfabetica,,./dados/2024_1/horarios_2024_1.xlsx,./dados/2024_1/salas_2024_1.csv,./dados/2024_1/salas_preferenciais_2024.1.xlsx,/Users/robertdrey/Documents/workspace/development/alocador_de_salas,resultados/experimentos/2024_1/novas_hibridas/curso_pares/melhor_solucao.sol,resultados/experimentos/2024_1/novas_hibridas/curso_pares/historico.csv,resultados/experimentos/2024_1/novas_hibridas/curso_pares/historico.json,180.0,1,180.0,600.0,1,0,ADM,MED,11
1,7,12,par_cursos,ADM+PED,104,22080,72910,TIME_LIMIT,185244.0,185244.0,False,185244.0,110.18,109.84,109.83,,alfabetica,,,iteracao,curso_pares,180.0,180.0,600.0,14400.0,False,False,alfabetica,,alfabetica,,./dados/2024_1/horarios_2024_1.xlsx,./dados/2024_1/salas_2024_1.csv,./dados/2024_1/salas_preferenciais_2024.1.xlsx,/Users/robertdrey/Documents/workspace/development/alocador_de_salas,resultados/experimentos/2024_1/novas_hibridas/curso_pares/melhor_solucao.sol,resultados/experimentos/2024_1/novas_hibridas/curso_pares/historico.csv,resultados/experimentos/2024_1/novas_hibridas/curso_pares/historico.json,180.0,1,180.0,600.0,1,0,ADM,PED,12
