Agrupamento!
Curso:  ADMINISTRAÇÃO
Disciplina 1: GCS528_1 | ('2M2345 (04/03/2024 - 29/04/2024)',)
Disciplina 2: GCH087_1 | ('2M2345 (06/05/2024 - 01/07/2024)',)
Agrupamento!
Curso:  ENFERMAGEM
Disciplina 1: GCH090_1 | ('3T1234 (06/05/2024 - 06/07/2024)',)
Disciplina 2: GSA020_1 | ('3T1234 (04/03/2024 - 04/05/2024)',)
Agrupamento!
Curso:  ENGENHARIA AMBIENTAL E SANITÁRIA
Disciplina 1: GEN108_1 | ('2T345 (04/03/2024 - 11/05/2024),  2T345 6T45 (13/05/2024 - 06/07/2024),  2T34 (08/07/2024 - 13/07/2024)',)
Disciplina 2: GEN107_1 | ('5T123 6T45 (04/03/2024 - 11/05/2024),  5T123 (13/05/2024 - 13/07/2024)',)
Agrupamento!
Curso:  LETRAS - PORTUGUÊS E ESPANHOL
Disciplina 1: GLA369_1 | ('2N1234 (15/04/2024 - 15/06/2024),  2T12  2N1234 (17/06/2024 - 22/06/2024)',)
Disciplina 2: GCH837_2 | ('2T12345  2N1234 (04/03/2024 - 13/04/2024),  2T12345 (15/04/2024 - 04/05/2024),  2T12345 (27/05/2024 - 08/06/2024),  2T12345 (10/06/2024 - 15/06/2024),  2N1234 (24/06/2024 - 13/07/2024)',)
Agrupamento!
Curso:  LETRAS - PORTUGUÊS E ESPANHOL
Disciplina 1: GLA381_1 | ('4N1234 (08/04/2024 - 11/05/2024),  4T1234  4N1234 (13/05/2024 - 25/05/2024),  4N1234 (27/05/2024 - 13/07/2024)',)
Disciplina 2: GLA379_1 | ('4N1234 (04/03/2024 - 06/04/2024),   2N1234 (08/04/2024 - 13/04/2024),  2N1234 (29/04/2024 - 11/05/2024), 2N1234 (24/06/2024 - 24/06/2024)',)
Agrupamento!
Curso:  LETRAS - PORTUGUÊS E ESPANHOL
Disciplina 1: GLA380_1 | ('6N1234 (20/05/2024 - 01/06/2024),  6T1234  6N1234 (03/06/2024 - 08/06/2024),  6N1234 (10/06/2024 - 13/07/2024)',)
Disciplina 2: GLA384_1 | ('6T12  6N1234 (04/03/2024 - 09/03/2024),  6N1234 (11/03/2024 - 18/05/2024)',)
Agrupamento!
Curso:  LETRAS - PORTUGUÊS E ESPANHOL
Disciplina 1: GLA383_1 | ('2N1234 (04/03/2024 - 06/04/2024),  2N1234 (15/04/2024 - 27/04/2024),  2N1234 (13/05/2024 - 22/06/2024),  2N1234 (01/07/2024 - 13/07/2024)',)
Disciplina 2: GLA379_1 | ('4N1234 (04/03/2024 - 06/04/2024),   2N1234 (08/04/2024 - 13/04/2024),  2N1234 (29/04/2024 - 11/05/2024), 2N1234 (24/06/2024 - 24/06/2024)',)
Agrupamento!
Curso:  LETRAS - PORTUGUÊS E ESPANHOL
Disciplina 1: GLA386_1 | ('3N1234 (29/04/2024 - 06/07/2024),  3N12 (08/07/2024 - 13/07/2024)',)
Disciplina 2: GLA385_1 | ('3T12345  3N1234 (04/03/2024 - 16/03/2024),  3N1234 (18/03/2024 - 27/04/2024)',)
Agrupamento!
Curso:  LETRAS - PORTUGUÊS E ESPANHOL
Disciplina 1: GLA395_1 | ('2T1234  2N1234 (04/03/2024 - 23/03/2024),  2T1234 (25/03/2024 - 30/03/2024),  2N1234 (01/07/2024 - 13/07/2024)',)
Disciplina 2: GLA397_1 | ('2N1234 (25/03/2024 - 01/06/2024),  2N12 (03/06/2024 - 08/06/2024)',)
Agrupamento!
Curso:  MATEMÁTICA
Disciplina 1: GEX983_1 | ('6N1234 (04/03/2024 - 26/04/2024),  6N12 (03/05/2024 - 03/05/2024)',)
Disciplina 2: GEX980_1 | ('6N1234 (17/05/2024 - 24/05/2024),  6N1234 (07/06/2024 - 05/07/2024),  6N12 (12/07/2024 - 12/07/2024)',)
Agrupamento!
Curso:  MATEMÁTICA
Disciplina 1: GEX989_1 | ('4N1234 (13/03/2024 - 13/03/2024),  4N1234 (10/04/2024 - 10/04/2024),  4N1234 (08/05/2024 - 08/05/2024),  4N1234 (22/05/2024 - 22/05/2024),  4N1234 (12/06/2024 - 12/06/2024),  2N1234 (17/06/2024 - 17/06/2024),  24N1234 (24/06/2024 - 26/06/2024),  2N1234 (01/07/2024 - 01/07/2024)',)
Disciplina 2: GEX988_1 | ('2N1234 (04/03/2024 - 10/06/2024)',)
Agrupamento!
Curso:  MATEMÁTICA
Disciplina 1: GEX996_1 | ('2N1234 (04/03/2024 - 04/03/2024),  2N1234 (18/03/2024 - 18/03/2024),  2N1234 (01/04/2024 - 01/04/2024),  2N1234 (15/04/2024 - 15/04/2024),  2N1234 (29/04/2024 - 29/04/2024),  2N1234 (13/05/2024 - 13/05/2024),  2N1234 (27/05/2024 - 27/05/2024),  2N1234 (10/06/2024 - 10/06/2024),  2N1234 (24/06/2024 - 24/06/2024)',)
Disciplina 2: GEX995_1 | ('2N1234 (11/03/2024 - 11/03/2024),  2T2345  2N1234 (25/03/2024 - 25/03/2024),  2T2345 (01/04/2024 - 01/04/2024),  2T2345  2N1234 (08/04/2024 - 08/04/2024),  2T2345 (15/04/2024 - 15/04/2024),  2T2345  2N1234 (22/04/2024 - 22/04/2024),  2T2345 (29/04/2024 - 29/04/2024),  2T2345  2N1234 (06/05/2024 - 06/05/2024),  2T2345 (13/05/2024 - 13/05/2024),  2T2345  2N1234 (20/05/2024 - 20/05/2024),  2T2345 (27/05/2024 - 27/05/2024),  2T2345  2N1234 (03/06/2024 - 03/06/2024),  2T2345 (10/06/2024 - 10/06/2024),  2T2345  2N1234 (17/06/2024 - 17/06/2024),  2T2345 (24/06/2024 - 24/06/2024),  2N12 (01/07/2024 - 01/07/2024)',)
Agrupamento!
Curso:  MEDICINA
Disciplina 1: GSA286_1 | ('4T1234 (06/03/2024 - 06/03/2024),  4T1234 (20/03/2024 - 20/03/2024),  4T1234 (03/04/2024 - 03/04/2024),  4T1234 (17/04/2024 - 17/04/2024),  4T1234 (08/05/2024 - 08/05/2024),  4T1234 (22/05/2024 - 22/05/2024),  4T1234 (29/05/2024 - 29/05/2024),  4T1234 (12/06/2024 - 12/06/2024),  4T1234 (26/06/2024 - 26/06/2024)',)
Disciplina 2: GSA285_1 | ('4T12345 (05/06/2024 - 05/06/2024),  4T12345 (19/06/2024 - 19/06/2024),  4T12345 (03/07/2024 - 03/07/2024),  4T123 (10/07/2024 - 10/07/2024)',)
Agrupamento!
Curso:  PEDAGOGIA
Disciplina 1: GCH1036_1 | ('5M1234 (28/03/2024 - 28/03/2024), 5M1234 (02/05/2024 - 02/05/2024), 5M1234 (06/06/2024 - 06/06/2024), 5M1234 (20/06/2024 - 20/06/2024), 5M12 (27/06/2024 - 27/06/2024)',)
Disciplina 2: GCH1100_1 | ('5M1234 (04/03/2024 - 21/03/2024), 5M1234 (04/04/2024 - 25/04/2024), 5M1234 (09/05/2024 - 09/05/2024), 5M1234 (16/05/2024 - 16/05/2024)',)
Agrupamento!
Curso:  PEDAGOGIA
Disciplina 1: GCH1039_1 | ('4N1234 (27/03/2024 - 27/03/2024),  4N1234 (08/05/2024 - 08/05/2024),  4N1234 (27/05/2024 - 08/06/2024),  4N12 (12/06/2024 - 12/06/2024)',)
Disciplina 2: GCH1038_1 | ('4N1234 (04/03/2024 - 23/03/2024),  4N1234 (01/04/2024 - 27/04/2024),  4N1234 (13/05/2024 - 25/05/2024)',)
Agrupamento!
Curso:  PEDAGOGIA
Disciplina 1: GCH1099_1 | ('6M1234 (04/03/2024 - 23/03/2024), 6M1234 (08/04/2024 - 04/05/2024), 6M1234 (13/05/2024 - 01/06/2024), 6M1234 (14/06/2024 - 14/06/2024), 6M34 (28/06/2024 - 28/06/2024), 6M1234 (01/07/2024 - 13/07/2024)',)
Disciplina 2: GCH1088_1 | ('6M1234 (01/04/2024 - 06/04/2024), 6M1234 (06/05/2024 - 11/05/2024), 6M1234 (03/06/2024 - 08/06/2024), 6M1234 (17/06/2024 - 22/06/2024), 6M12 (24/06/2024 - 29/06/2024)',)
Agrupamento!
Curso:  PEDAGOGIA
Disciplina 1: GCH1105_1 | ('3N1234 (04/03/2024 - 30/03/2024), 7M123456  3N1234 (01/07/2024 - 13/07/2024)',)
Disciplina 2: GCH1104_1 | ('3N1234 (01/04/2024 - 27/04/2024),  3N1234 (06/05/2024 - 18/05/2024)',)
Agrupamento!
Curso:  PEDAGOGIA
Disciplina 1: GCH1106_1 | ('2N1234 (25/03/2024 - 25/03/2024),  2N1234 (29/04/2024 - 29/04/2024),  2N1234 (27/05/2024 - 27/05/2024),  2N1234 (10/06/2024 - 10/06/2024),  2N12 (17/06/2024 - 17/06/2024)',)
Disciplina 2: GCH1102_1 | ('2N1234 (04/03/2024 - 23/03/2024),  2N1234 (01/04/2024 - 27/04/2024),  2N1234 (06/05/2024 - 25/05/2024),  2N1234 (03/06/2024 - 03/06/2024),  2N34 (17/06/2024 - 17/06/2024),  2N1234 (24/06/2024 - 06/07/2024)',)
Agrupamento!
Curso:  PEDAGOGIA
Disciplina 1: GCH1109_1 | ('3M1234 (06/05/2024 - 06/07/2024)',)
Disciplina 2: GCH1108_1 | ('3M1234 (04/03/2024 - 04/05/2024)',)
Agrupamento!
Curso:  PEDAGOGIA
Disciplina 1: GCH1111_1 | ('5M1234 (28/03/2024 - 28/03/2024), 5M1234 (02/05/2024 - 02/05/2024), 5M1234 (06/06/2024 - 06/06/2024), 5M1234 (20/06/2024 - 20/06/2024), 5M12 (27/06/2024 - 27/06/2024)',)
Disciplina 2: GCH837_3 | ('57M12345 (04/03/2024 - 23/03/2024), 57M12345 (01/04/2024 - 27/04/2024), 5M12345 (06/05/2024 - 25/05/2024), 57M12345 (13/06/2024 - 15/06/2024), 5M345 (27/06/2024 - 27/06/2024), 5M12345 (01/07/2024 - 13/07/2024)',)
Agrupamento!
Curso:  PEDAGOGIA
Disciplina 1: GCH1114_1 | ('7M2345  5N1234 (06/05/2024 - 25/05/2024), 7M2345  5N1234 (27/05/2024 - 08/06/2024),  5N1234 (10/06/2024 - 13/07/2024)',)
Disciplina 2: GCH1115_1 | ('7M2345  5N1234 (04/03/2024 - 23/03/2024),  5N1234 (25/03/2024 - 20/04/2024), 7M2345  5N1234 (22/04/2024 - 04/05/2024)',)
Agrupamento!
Curso:  PEDAGOGIA
Disciplina 1: GCH1116_1 | ('4N1234 (27/03/2024 - 27/03/2024),  4N1234 (08/05/2024 - 08/05/2024),  4N1234 (05/06/2024 - 05/06/2024),  4N1234 (19/06/2024 - 19/06/2024),  4N12 (26/06/2024 - 26/06/2024)',)
Disciplina 2: GCH1113_1 | ('4N1234 (04/03/2024 - 23/03/2024),  4N1234 (01/04/2024 - 27/04/2024),  4N1234 (13/05/2024 - 01/06/2024),  4N1234 (12/06/2024 - 12/06/2024),  4N34 (26/06/2024 - 26/06/2024), 7M123456  7T123  4N1234 (01/07/2024 - 13/07/2024)',)
Agrupamento!
Curso:  PEDAGOGIA
Disciplina 1: GLA240_1 | ('5M1234 (04/03/2024 - 04/05/2024)',)
Disciplina 2: GCH1119_1 | ('5M1234 (06/05/2024 - 13/07/2024)',)
Agrupamento!
Curso:  PEDAGOGIA
Disciplina 1: GEX776_1 | ('6M1234 (13/05/2024 - 13/07/2024)',)
Disciplina 2: GCH1118_1 | ('6M1234 (04/03/2024 - 11/05/2024)',)
Agrupamento!
Curso:  PEDAGOGIA
Disciplina 1: GCH1121_1 | ('7M2345 (09/03/2024 - 09/03/2024),  4N1234 (13/03/2024 - 13/03/2024), 7M2345 (16/03/2024 - 16/03/2024), 7M2345 (23/03/2024 - 23/03/2024),  4N1234 (10/04/2024 - 10/04/2024),  4N1234 (08/05/2024 - 08/05/2024),  4N1234 (22/05/2024 - 22/05/2024),  4N1234 (12/06/2024 - 12/06/2024),  4N1234 (26/06/2024 - 26/06/2024)',)
Disciplina 2: GEX777_1 | ('4N1234 (06/03/2024 - 06/03/2024),  4N1234 (18/03/2024 - 06/04/2024),  4N1234 (15/04/2024 - 27/04/2024), 7M2345  4N1234 (15/05/2024 - 18/05/2024), 7M2345  4N1234 (27/05/2024 - 08/06/2024), 7M2345  4N1234 (19/06/2024 - 22/06/2024), 7M2345  4N1234 (01/07/2024 - 13/07/2024)',)
Agrupamento!
Curso:  PEDAGOGIA
Disciplina 1: GCH1126_1 | ('2N1234 (25/03/2024 - 25/03/2024),  2N1234 (29/04/2024 - 29/04/2024),  2N1234 (27/05/2024 - 27/05/2024),  2N1234 (10/06/2024 - 10/06/2024),  2N12 (17/06/2024 - 17/06/2024)',)
Disciplina 2: GCH1122_1 | ('2N1234 (04/03/2024 - 23/03/2024),  2N1234 (01/04/2024 - 27/04/2024),  2N1234 (06/05/2024 - 06/05/2024),  2N1234 (13/05/2024 - 13/05/2024),  7T2345 (18/05/2024 - 18/05/2024),  2N1234 (20/05/2024 - 20/05/2024),  7T2345 (25/05/2024 - 25/05/2024),  7T2345 (01/06/2024 - 01/06/2024),  2N1234 (03/06/2024 - 03/06/2024),  7T2345 (08/06/2024 - 08/06/2024),  2N1234 (24/06/2024 - 13/07/2024)',)
Agrupamento!
Curso:  PEDAGOGIA
Disciplina 1: GCH1134_1 | ('3N1234 (26/03/2024 - 26/03/2024),  3N1234 (30/04/2024 - 30/04/2024),  3N1234 (21/05/2024 - 01/06/2024),  3N12 (04/06/2024 - 04/06/2024)',)
Disciplina 2: GCH1132_1 | ('3N1234 (04/03/2024 - 23/03/2024),  3N1234 (01/04/2024 - 27/04/2024),  3N1234 (06/05/2024 - 18/05/2024)',)
Agrupamentos:  27
Set parameter Username
Set parameter LicenseID to value 2851439
Academic license - for non-commercial use only - expires 2027-08-04
Set parameter TimeLimit to value 25200
Set parameter TimeLimit to value 180
Set parameter MIPFocus to value 1
Set parameter NoRelHeurTime to value 180
Gurobi Optimizer version 10.0.2 build v10.0.2rc0 (mac64[arm])

CPU model: Apple M5
Thread count: 10 physical cores, 10 logical processors, using up to 10 threads

Optimize a model with 548706 rows, 284763 columns and 1341935 nonzeros
Model fingerprint: 0x554225e6
Variable types: 0 continuous, 284763 integer (264707 binary)
Coefficient statistics:
  Matrix range     [1e+00, 8e+01]
  Objective range  [5e-01, 2e+03]
  Bounds range     [1e+00, 1e+00]
  RHS range        [1e+00, 1e+02]
Found heuristic solution: objective 4130000.0000
Presolve removed 258478 rows and 68178 columns
Presolve time: 1.79s
Presolved: 290228 rows, 216585 columns, 898474 nonzeros
Variable types: 0 continuous, 216585 integer (216585 binary)
Found heuristic solution: objective 3264725.0000
Starting NoRel heuristic
Found heuristic solution: objective 3264325.0000
Found heuristic solution: objective 1205379.0000
Found heuristic solution: objective 1168629.0000
Found heuristic solution: objective 1167689.0000
Found heuristic solution: objective 1014507.5000
Found heuristic solution: objective 1001215.0000
Found heuristic solution: objective 980986.50000
Found heuristic solution: objective 961056.50000
Elapsed time for NoRel heuristic: 5s (best bound -3.3221e+06)
Found heuristic solution: objective 958228.00000
Found heuristic solution: objective 916147.00000
Found heuristic solution: objective 878620.00000
Found heuristic solution: objective 870740.00000
Found heuristic solution: objective 844845.00000
Found heuristic solution: objective 810575.50000
Found heuristic solution: objective 801066.00000
Found heuristic solution: objective 500264.00000
Found heuristic solution: objective 499864.00000
Found heuristic solution: objective 489746.00000
Found heuristic solution: objective 470090.50000
Found heuristic solution: objective 466390.50000
Found heuristic solution: objective 455585.50000
Found heuristic solution: objective 449164.50000
Found heuristic solution: objective 440196.00000
Found heuristic solution: objective 435634.50000
Elapsed time for NoRel heuristic: 11s (best bound -2.80555e+06)
Found heuristic solution: objective 418926.00000
Found heuristic solution: objective 414821.00000
Found heuristic solution: objective 411606.00000
Found heuristic solution: objective 410262.50000
Found heuristic solution: objective 406462.50000
Found heuristic solution: objective 400876.00000
Found heuristic solution: objective 367801.50000
Found heuristic solution: objective 366830.00000
Found heuristic solution: objective 363434.50000
Found heuristic solution: objective 361914.00000
Found heuristic solution: objective 361384.50000
Found heuristic solution: objective 361084.50000
Found heuristic solution: objective 356589.00000
Found heuristic solution: objective 350552.00000
Found heuristic solution: objective 324668.00000
Elapsed time for NoRel heuristic: 16s (best bound -2.73885e+06)
Found heuristic solution: objective 292767.50000
Found heuristic solution: objective 290377.00000
Found heuristic solution: objective 289797.00000
Found heuristic solution: objective 288797.00000
Found heuristic solution: objective 287547.00000
Found heuristic solution: objective 285877.00000
Found heuristic solution: objective 285492.00000
Found heuristic solution: objective 283407.50000
Elapsed time for NoRel heuristic: 21s (best bound -2.66675e+06)
Found heuristic solution: objective 279425.00000
Found heuristic solution: objective 277334.50000
Found heuristic solution: objective 275884.50000
Found heuristic solution: objective 275584.50000
Found heuristic solution: objective 274804.50000
Found heuristic solution: objective 274304.50000
Found heuristic solution: objective 273764.50000
Found heuristic solution: objective 271257.50000
Found heuristic solution: objective 270139.00000
Elapsed time for NoRel heuristic: 27s (best bound -2.1826e+06)
Found heuristic solution: objective 269539.00000
Found heuristic solution: objective 255639.00000
Found heuristic solution: objective 254829.00000
Found heuristic solution: objective 251338.00000
Found heuristic solution: objective 250938.00000
Found heuristic solution: objective 249513.00000
Found heuristic solution: objective 248763.00000
Elapsed time for NoRel heuristic: 32s (best bound -2.0731e+06)
Found heuristic solution: objective 247303.00000
Found heuristic solution: objective 246158.00000
Found heuristic solution: objective 241998.50000
Found heuristic solution: objective 239900.50000
Found heuristic solution: objective 237641.00000
Found heuristic solution: objective 233357.00000
Elapsed time for NoRel heuristic: 38s (best bound -1.7143e+06)
Found heuristic solution: objective 232451.50000
Found heuristic solution: objective 231921.50000
Found heuristic solution: objective 231421.50000
Found heuristic solution: objective 231296.50000
Found heuristic solution: objective 229526.50000
Found heuristic solution: objective 227472.50000
Elapsed time for NoRel heuristic: 44s (best bound -1.66275e+06)
Found heuristic solution: objective 221368.00000
Found heuristic solution: objective 218695.00000
Found heuristic solution: objective 218195.00000
Found heuristic solution: objective 218175.00000
Found heuristic solution: objective 217930.00000
Found heuristic solution: objective 217273.00000
Elapsed time for NoRel heuristic: 49s (best bound -1.34295e+06)
Found heuristic solution: objective 216016.00000
Found heuristic solution: objective 212777.50000
Found heuristic solution: objective 209085.50000
Elapsed time for NoRel heuristic: 55s (best bound -809300)
Found heuristic solution: objective 207924.00000
Found heuristic solution: objective 206557.50000
Found heuristic solution: objective 204211.00000
Found heuristic solution: objective 201797.50000
Found heuristic solution: objective 201772.50000
Elapsed time for NoRel heuristic: 62s (best bound -649500)
Found heuristic solution: objective 201486.50000
Found heuristic solution: objective 201417.00000
Found heuristic solution: objective 200153.50000
Found heuristic solution: objective 199528.00000
Found heuristic solution: objective 199493.00000
Found heuristic solution: objective 199052.00000
Found heuristic solution: objective 198921.00000
Elapsed time for NoRel heuristic: 70s (best bound -401250)
Found heuristic solution: objective 197249.50000
Found heuristic solution: objective 196489.00000
Found heuristic solution: objective 196219.00000
Found heuristic solution: objective 196199.00000
Found heuristic solution: objective 195437.00000
Found heuristic solution: objective 194981.50000
Found heuristic solution: objective 194941.50000
Elapsed time for NoRel heuristic: 76s (best bound -227150)
Found heuristic solution: objective 194682.00000
Found heuristic solution: objective 194302.00000
Found heuristic solution: objective 194287.00000
Found heuristic solution: objective 193982.00000
Found heuristic solution: objective 193873.00000
Elapsed time for NoRel heuristic: 83s (best bound -101700)
Found heuristic solution: objective 193778.00000
Found heuristic solution: objective 193673.00000
Found heuristic solution: objective 193623.00000
Found heuristic solution: objective 193338.00000
Found heuristic solution: objective 192857.50000
Found heuristic solution: objective 192847.50000
Elapsed time for NoRel heuristic: 90s (best bound -66073)
Found heuristic solution: objective 192665.00000
Found heuristic solution: objective 192469.00000
Found heuristic solution: objective 192309.00000
Found heuristic solution: objective 192274.00000
Found heuristic solution: objective 192158.00000
Elapsed time for NoRel heuristic: 95s (best bound 10863.5)
Found heuristic solution: objective 191498.50000
Found heuristic solution: objective 191313.50000
Elapsed time for NoRel heuristic: 101s (best bound 55680.7)
Found heuristic solution: objective 191233.50000
Found heuristic solution: objective 190440.50000
Elapsed time for NoRel heuristic: 107s (best bound 57397.7)
Found heuristic solution: objective 190317.50000
Found heuristic solution: objective 190302.50000
Found heuristic solution: objective 190212.50000
Elapsed time for NoRel heuristic: 114s (best bound 62189.5)
Found heuristic solution: objective 190117.50000
Found heuristic solution: objective 189962.00000
Found heuristic solution: objective 189754.50000
Elapsed time for NoRel heuristic: 119s (best bound 65280.5)
Found heuristic solution: objective 189739.50000
Found heuristic solution: objective 189729.50000
Found heuristic solution: objective 189517.50000
Elapsed time for NoRel heuristic: 131s (best bound 72037)
Found heuristic solution: objective 189292.50000
Elapsed time for NoRel heuristic: 141s (best bound 74682.5)
Found heuristic solution: objective 189232.00000
Found heuristic solution: objective 189227.00000
Found heuristic solution: objective 189218.50000
Found heuristic solution: objective 189012.00000
Found heuristic solution: objective 188954.50000
Elapsed time for NoRel heuristic: 150s (best bound 79242.5)
Found heuristic solution: objective 188706.50000
Found heuristic solution: objective 188661.50000
Elapsed time for NoRel heuristic: 160s (best bound 82085)
Found heuristic solution: objective 188576.50000
Found heuristic solution: objective 188423.50000
Elapsed time for NoRel heuristic: 173s (best bound 85715)
Found heuristic solution: objective 187842.50000
Elapsed time for NoRel heuristic: 178s (best bound 89597.5)
NoRel heuristic complete

Explored 0 nodes (0 simplex iterations) in 180.39 seconds (101.11 work units)
Thread count was 10 (of 10 available processors)

Solution count 10: 187842 188424 188576 ... 189232

Time limit reached
Best objective 1.878425000000e+05, best bound 8.959750000000e+04, gap 52.3018%
Solução -> não <- ótima.
Set parameter TimeLimit to value 25200
Set parameter TimeLimit to value 600
Set parameter NoRelHeurTime to value 0
Gurobi Optimizer version 10.0.2 build v10.0.2rc0 (mac64[arm])

CPU model: Apple M5
Thread count: 10 physical cores, 10 logical processors, using up to 10 threads

Optimize a model with 548706 rows, 284763 columns and 1341935 nonzeros
Model fingerprint: 0x15e2e0de
Variable types: 0 continuous, 284763 integer (264707 binary)
Coefficient statistics:
  Matrix range     [1e+00, 8e+01]
  Objective range  [5e-01, 2e+03]
  Bounds range     [1e+00, 1e+00]
  RHS range        [1e+00, 1e+02]

User MIP start produced solution with objective 187842 (0.15s)
Loaded user MIP start with objective 187842
MIP start from previous solve did not produce a new incumbent solution

Presolve removed 528102 rows and 268175 columns
Presolve time: 0.29s
Presolved: 20604 rows, 16588 columns, 59975 nonzeros
Variable types: 0 continuous, 16588 integer (16588 binary)

Root relaxation: objective 1.877187e+05, 7434 iterations, 0.33 seconds (0.90 work units)

    Nodes    |    Current Node    |     Objective Bounds      |     Work
 Expl Unexpl |  Obj  Depth IntInf | Incumbent    BestBd   Gap | It/Node Time

     0     0 187718.750    0  584 187842.500 187718.750  0.07%     -    1s
     0     0 187718.750    0  584 187842.500 187718.750  0.07%     -    1s
     0     0 187718.750    0  164 187842.500 187718.750  0.07%     -    1s
     0     0 187722.500    0  239 187842.500 187722.500  0.06%     -    1s
     0     0 187722.500    0  148 187842.500 187722.500  0.06%     -    1s
     0     0 187723.313    0  276 187842.500 187723.313  0.06%     -    1s
     0     0 187723.313    0  240 187842.500 187723.313  0.06%     -    1s
     0     0 187728.333    0  198 187842.500 187728.333  0.06%     -    1s
     0     0 187728.400    0  159 187842.500 187728.400  0.06%     -    1s
     0     0 187730.500    0  290 187842.500 187730.500  0.06%     -    1s
     0     0 187731.276    0  281 187842.500 187731.276  0.06%     -    1s
     0     0 187731.276    0  287 187842.500 187731.276  0.06%     -    1s
     0     0 187732.500    0  223 187842.500 187732.500  0.06%     -    1s
     0     2 187732.750    0  223 187842.500 187732.750  0.06%     -    1s
H   37    46                    187837.50000 187733.188  0.06%   173    1s
H   77    86                    187832.50000 187733.188  0.05%   145    1s
H   92   126                    187808.50000 187733.188  0.04%   133    1s
*  135   131              14    187802.50000 187733.188  0.04%   111    1s
H  353   215                    187797.50000 187733.188  0.03%  82.5    2s
* 1073   585              13    187792.50000 187734.071  0.03%  76.5    3s
  2360  1153 187790.167   19  183 187792.500 187735.389  0.03%  66.5    5s

Cutting planes:
  Gomory: 3
  MIR: 3
  Zero half: 10
  RLT: 22
  BQP: 18

Explored 4705 nodes (334773 simplex iterations) in 7.46 seconds (10.84 work units)
Thread count was 10 (of 10 available processors)

Solution count 7: 187792 187798 187802 ... 187842

Optimal solution found (tolerance 1.00e-04)
Best objective 1.877925000000e+05, best bound 1.877860000000e+05, gap 0.0035%
Solução ótima encontrada.
Set parameter TimeLimit to value 25200
Set parameter TimeLimit to value 600
Gurobi Optimizer version 10.0.2 build v10.0.2rc0 (mac64[arm])

CPU model: Apple M5
Thread count: 10 physical cores, 10 logical processors, using up to 10 threads

Optimize a model with 548706 rows, 284763 columns and 1341935 nonzeros
Model fingerprint: 0x909360fe
Variable types: 0 continuous, 284763 integer (264707 binary)
Coefficient statistics:
  Matrix range     [1e+00, 8e+01]
  Objective range  [5e-01, 2e+03]
  Bounds range     [1e+00, 1e+00]
  RHS range        [1e+00, 1e+02]

User MIP start produced solution with objective 187792 (0.12s)
Loaded user MIP start with objective 187792
MIP start from previous solve did not produce a new incumbent solution

Presolve removed 529538 rows and 269651 columns
Presolve time: 0.25s
Presolved: 19168 rows, 15112 columns, 54999 nonzeros
Variable types: 0 continuous, 15112 integer (15112 binary)

Root relaxation: objective 1.872277e+05, 11867 iterations, 0.29 seconds (0.56 work units)

    Nodes    |    Current Node    |     Objective Bounds      |     Work
 Expl Unexpl |  Obj  Depth IntInf | Incumbent    BestBd   Gap | It/Node Time

     0     0 187227.679    0  779 187792.500 187227.679  0.30%     -    0s
     0     0 187227.679    0  779 187792.500 187227.679  0.30%     -    0s
     0     0 187227.679    0  750 187792.500 187227.679  0.30%     -    1s
H    0     0                    187693.00000 187227.679  0.25%     -    1s
     0     0 187464.009    0 1303 187693.000 187464.009  0.12%     -    1s
     0     0 187464.245    0 1306 187693.000 187464.245  0.12%     -    2s
     0     0 187464.491    0 1294 187693.000 187464.491  0.12%     -    2s
     0     0 187464.491    0 1294 187693.000 187464.491  0.12%     -    2s
     0     0 187464.732    0 1290 187693.000 187464.732  0.12%     -    2s
     0     0 187464.732    0 1290 187693.000 187464.732  0.12%     -    2s
     0     0 187464.732    0 1290 187693.000 187464.732  0.12%     -    2s
     0     0 187464.813    0 1349 187693.000 187464.813  0.12%     -    2s
     0     0 187464.935    0 1344 187693.000 187464.935  0.12%     -    2s
H    0     0                    187690.00000 187464.935  0.12%     -    2s
     0     0 187470.565    0 1327 187690.000 187470.565  0.12%     -    2s
     0     0 187470.786    0 1341 187690.000 187470.786  0.12%     -    2s
     0     0 187561.644    0  627 187690.000 187561.644  0.07%     -    2s
     0     0 187561.644    0  544 187690.000 187561.644  0.07%     -    3s
     0     0 187565.022    0  862 187690.000 187565.022  0.07%     -    3s
     0     0 187571.055    0  860 187690.000 187571.055  0.06%     -    3s
     0     0 187572.466    0  537 187690.000 187572.466  0.06%     -    3s
     0     0 187572.875    0  483 187690.000 187572.875  0.06%     -    3s
     0     0 187603.633    0  387 187690.000 187603.633  0.05%     -    3s
     0     0 187605.450    0  391 187690.000 187605.450  0.05%     -    3s
     0     0 187607.250    0  375 187690.000 187607.250  0.04%     -    3s
     0     0 187607.525    0  383 187690.000 187607.525  0.04%     -    3s
     0     0 187607.675    0  383 187690.000 187607.675  0.04%     -    3s
     0     0 187641.423    0  382 187690.000 187641.423  0.03%     -    3s
*    0     0               0    187661.99999 187662.000  0.00%     -    3s

Cutting planes:
  Gomory: 9
  Implied bound: 10
  MIR: 2
  Zero half: 30
  RLT: 60
  BQP: 16

Explored 1 nodes (47885 simplex iterations) in 3.63 seconds (6.10 work units)
Thread count was 10 (of 10 available processors)

Solution count 4: 187662 187690 187693 187792 
No other solutions better than 187662

Optimal solution found (tolerance 1.00e-04)
Best objective 1.876619998545e+05, best bound 1.876619998545e+05, gap 0.0000%
Solução ótima encontrada.
Set parameter TimeLimit to value 25200
Set parameter TimeLimit to value 600
Gurobi Optimizer version 10.0.2 build v10.0.2rc0 (mac64[arm])

CPU model: Apple M5
Thread count: 10 physical cores, 10 logical processors, using up to 10 threads

Optimize a model with 548706 rows, 284763 columns and 1341935 nonzeros
Model fingerprint: 0x236444c3
Variable types: 0 continuous, 284763 integer (264707 binary)
Coefficient statistics:
  Matrix range     [1e+00, 8e+01]
  Objective range  [5e-01, 2e+03]
  Bounds range     [1e+00, 1e+00]
  RHS range        [1e+00, 1e+02]

User MIP start produced solution with objective 187662 (0.14s)
Loaded user MIP start with objective 187662
Loaded MIP start from previous solve with objective 187662

Presolve removed 534893 rows and 273422 columns
Presolve time: 0.26s
Presolved: 13813 rows, 11341 columns, 40171 nonzeros
Found heuristic solution: objective 187662.00000
Variable types: 0 continuous, 11341 integer (11341 binary)

Root relaxation: objective 1.873900e+05, 5032 iterations, 0.13 seconds (0.21 work units)

    Nodes    |    Current Node    |     Objective Bounds      |     Work
 Expl Unexpl |  Obj  Depth IntInf | Incumbent    BestBd   Gap | It/Node Time

     0     0 187390.000    0  515 187661.997 187390.000  0.14%     -    0s
     0     0 187482.500    0  433 187661.997 187482.500  0.10%     -    0s
     0     0 187482.500    0  433 187661.997 187482.500  0.10%     -    0s
     0     0 187486.417    0  680 187661.997 187486.417  0.09%     -    0s
     0     0 187486.417    0  300 187661.997 187486.417  0.09%     -    0s
H    0     0                    187652.00000 187486.417  0.09%     -    0s
     0     0 187486.417    0  460 187652.000 187486.417  0.09%     -    0s
     0     0 187486.417    0  178 187652.000 187486.417  0.09%     -    0s
H    0     0                    187647.00000 187486.417  0.09%     -    0s
     0     0 187486.417    0  256 187647.000 187486.417  0.09%     -    0s
     0     0 187486.417    0  266 187647.000 187486.417  0.09%     -    0s
     0     0 187490.286    0  267 187647.000 187490.286  0.08%     -    0s
     0     0 187490.679    0  250 187647.000 187490.679  0.08%     -    0s
     0     0 187492.554    0  294 187647.000 187492.554  0.08%     -    0s
H    0     0                    187642.00000 187492.554  0.08%     -    0s
     0     0 187492.554    0  287 187642.000 187492.554  0.08%     -    0s
H    0     0                    187630.50000 187492.554  0.07%     -    1s
     0     0 187494.000    0   75 187630.500 187494.000  0.07%     -    1s
     0     0 187494.808    0  283 187630.500 187494.808  0.07%     -    1s
     0     0 187494.821    0  292 187630.500 187494.821  0.07%     -    1s
     0     0 187495.423    0  303 187630.500 187495.423  0.07%     -    1s
H    0     0                    187622.00000 187495.423  0.07%     -    1s
     0     0 187495.429    0   86 187622.000 187495.429  0.07%     -    1s
     0     0 187495.429    0  133 187622.000 187495.429  0.07%     -    1s
H    0     0                    187602.00000 187495.429  0.06%     -    1s
     0     0 187495.429    0   46 187602.000 187495.429  0.06%     -    1s
     0     0 187495.429    0  144 187602.000 187495.429  0.06%     -    1s
     0     0 187495.429    0  152 187602.000 187495.429  0.06%     -    1s
     0     0 187495.512    0  152 187602.000 187495.512  0.06%     -    1s
H    0     0                    187597.00000 187495.512  0.05%     -    1s
     0     0 187496.553    0  163 187597.000 187496.553  0.05%     -    1s
     0     0 187496.681    0  164 187597.000 187496.681  0.05%     -    1s
     0     0 187496.681    0  166 187597.000 187496.681  0.05%     -    1s
     0     0 187496.827    0  166 187597.000 187496.827  0.05%     -    1s
     0     0 187496.943    0  174 187597.000 187496.943  0.05%     -    1s
     0     0 187497.219    0  182 187597.000 187497.219  0.05%     -    1s
     0     0 187497.433    0  171 187597.000 187497.433  0.05%     -    1s
     0     0 187497.480    0  192 187597.000 187497.480  0.05%     -    1s
     0     0 187497.498    0  192 187597.000 187497.498  0.05%     -    1s
     0     0 187497.640    0  179 187597.000 187497.640  0.05%     -    1s
     0     2 187497.703    0  179 187597.000 187497.703  0.05%     -    1s

Cutting planes:
  Gomory: 3
  MIR: 8
  Inf proof: 2
  Zero half: 18
  RLT: 16
  BQP: 35

Explored 1307 nodes (54647 simplex iterations) in 1.71 seconds (2.65 work units)
Thread count was 10 (of 10 available processors)

Solution count 8: 187597 187602 187622 ... 187662

Optimal solution found (tolerance 1.00e-04)
Best objective 1.875970000000e+05, best bound 1.875970000000e+05, gap 0.0000%
Solução ótima encontrada.
Set parameter TimeLimit to value 25200
Set parameter TimeLimit to value 600
Gurobi Optimizer version 10.0.2 build v10.0.2rc0 (mac64[arm])

CPU model: Apple M5
Thread count: 10 physical cores, 10 logical processors, using up to 10 threads

Optimize a model with 548706 rows, 284763 columns and 1341935 nonzeros
Model fingerprint: 0x7eb85cf5
Variable types: 0 continuous, 284763 integer (264707 binary)
Coefficient statistics:
  Matrix range     [1e+00, 8e+01]
  Objective range  [5e-01, 2e+03]
  Bounds range     [1e+00, 1e+00]
  RHS range        [1e+00, 1e+02]

User MIP start produced solution with objective 187597 (0.12s)
Loaded user MIP start with objective 187597
MIP start from previous solve did not produce a new incumbent solution

Presolve removed 531586 rows and 270847 columns
Presolve time: 0.26s
Presolved: 17120 rows, 13916 columns, 50451 nonzeros
Variable types: 0 continuous, 13916 integer (13916 binary)

Root relaxation: objective 1.868520e+05, 2547 iterations, 0.04 seconds (0.08 work units)

    Nodes    |    Current Node    |     Objective Bounds      |     Work
 Expl Unexpl |  Obj  Depth IntInf | Incumbent    BestBd   Gap | It/Node Time

     0     0 186852.000    0  503 187597.000 186852.000  0.40%     -    0s
     0     0 187367.375    0  755 187597.000 187367.375  0.12%     -    0s
     0     0 187381.898    0  773 187597.000 187381.898  0.11%     -    0s
     0     0 187420.750    0  608 187597.000 187420.750  0.09%     -    0s
     0     0 187574.500    0  355 187597.000 187574.500  0.01%     -    0s
     0     0 187574.500    0  200 187597.000 187574.500  0.01%     -    0s
     0     0 187574.500    0  314 187597.000 187574.500  0.01%     -    0s
     0     0 187577.000    0  266 187597.000 187577.000  0.01%     -    0s
     0     0 187577.000    0  236 187597.000 187577.000  0.01%     -    0s
     0     0 187578.667    0  243 187597.000 187578.667  0.01%     -    0s

Cutting planes:
  Gomory: 3
  Implied bound: 1
  Clique: 4
  Zero half: 11
  RLT: 2
  BQP: 11

Explored 1 nodes (8624 simplex iterations) in 0.81 seconds (1.73 work units)
Thread count was 10 (of 10 available processors)

Solution count 1: 187597 

Optimal solution found (tolerance 1.00e-04)
Best objective 1.875970000000e+05, best bound 1.875790000000e+05, gap 0.0096%
Solução ótima encontrada.
Set parameter TimeLimit to value 25200
Set parameter TimeLimit to value 600
Gurobi Optimizer version 10.0.2 build v10.0.2rc0 (mac64[arm])

CPU model: Apple M5
Thread count: 10 physical cores, 10 logical processors, using up to 10 threads

Optimize a model with 548706 rows, 284763 columns and 1341935 nonzeros
Model fingerprint: 0xe7a224f6
Variable types: 0 continuous, 284763 integer (264707 binary)
Coefficient statistics:
  Matrix range     [1e+00, 8e+01]
  Objective range  [5e-01, 2e+03]
  Bounds range     [1e+00, 1e+00]
  RHS range        [1e+00, 1e+02]

User MIP start produced solution with objective 187597 (0.12s)
Loaded user MIP start with objective 187597
MIP start from previous solve did not produce a new incumbent solution

Presolve removed 530960 rows and 270863 columns
Presolve time: 0.19s
Presolved: 17746 rows, 13900 columns, 49971 nonzeros
Variable types: 0 continuous, 13900 integer (13900 binary)

Root relaxation: objective 1.875720e+05, 1523 iterations, 0.03 seconds (0.06 work units)

    Nodes    |    Current Node    |     Objective Bounds      |     Work
 Expl Unexpl |  Obj  Depth IntInf | Incumbent    BestBd   Gap | It/Node Time

     0     0 187572.000    0  172 187597.000 187572.000  0.01%     -    0s
H    0     0                    187582.00000 187572.000  0.01%     -    0s

Explored 1 nodes (2724 simplex iterations) in 0.42 seconds (1.11 work units)
Thread count was 10 (of 10 available processors)

Solution count 2: 187582 187597 

Optimal solution found (tolerance 1.00e-04)
Best objective 1.875820000000e+05, best bound 1.875720000000e+05, gap 0.0053%
Solução ótima encontrada.
Set parameter TimeLimit to value 25200
Set parameter TimeLimit to value 600
Gurobi Optimizer version 10.0.2 build v10.0.2rc0 (mac64[arm])

CPU model: Apple M5
Thread count: 10 physical cores, 10 logical processors, using up to 10 threads

Optimize a model with 548706 rows, 284763 columns and 1341935 nonzeros
Model fingerprint: 0x6937adc6
Variable types: 0 continuous, 284763 integer (264707 binary)
Coefficient statistics:
  Matrix range     [1e+00, 8e+01]
  Objective range  [5e-01, 2e+03]
  Bounds range     [1e+00, 1e+00]
  RHS range        [1e+00, 1e+02]

User MIP start produced solution with objective 187582 (0.10s)
Loaded user MIP start with objective 187582
MIP start from previous solve did not produce a new incumbent solution

Presolve removed 530761 rows and 271399 columns
Presolve time: 0.26s
Presolved: 17945 rows, 13364 columns, 51233 nonzeros
Variable types: 0 continuous, 13364 integer (13364 binary)

Root relaxation: objective 1.874474e+05, 10570 iterations, 0.32 seconds (0.65 work units)

    Nodes    |    Current Node    |     Objective Bounds      |     Work
 Expl Unexpl |  Obj  Depth IntInf | Incumbent    BestBd   Gap | It/Node Time

     0     0 187447.375    0  673 187582.000 187447.375  0.07%     -    0s
     0     0 187447.375    0  673 187582.000 187447.375  0.07%     -    0s
     0     0 187447.375    0  291 187582.000 187447.375  0.07%     -    0s
     0     0     cutoff    0      187582.000 187582.000  0.00%     -    0s

Cutting planes:
  Gomory: 2
  Zero half: 24
  RLT: 23
  BQP: 65

Explored 1 nodes (14364 simplex iterations) in 0.93 seconds (2.20 work units)
Thread count was 10 (of 10 available processors)

Solution count 1: 187582 

Optimal solution found (tolerance 1.00e-04)
Best objective 1.875820000000e+05, best bound 1.875820000000e+05, gap 0.0000%
Solução ótima encontrada.
Set parameter TimeLimit to value 25200
Set parameter TimeLimit to value 600
Gurobi Optimizer version 10.0.2 build v10.0.2rc0 (mac64[arm])

CPU model: Apple M5
Thread count: 10 physical cores, 10 logical processors, using up to 10 threads

Optimize a model with 548706 rows, 284763 columns and 1341935 nonzeros
Model fingerprint: 0xcbd3793a
Variable types: 0 continuous, 284763 integer (264707 binary)
Coefficient statistics:
  Matrix range     [1e+00, 8e+01]
  Objective range  [5e-01, 2e+03]
  Bounds range     [1e+00, 1e+00]
  RHS range        [1e+00, 1e+02]

User MIP start produced solution with objective 187582 (0.12s)
Loaded user MIP start with objective 187582
MIP start from previous solve did not produce a new incumbent solution

Presolve removed 536350 rows and 274854 columns
Presolve time: 0.24s
Presolved: 12356 rows, 9909 columns, 35771 nonzeros
Variable types: 0 continuous, 9909 integer (9909 binary)

Root relaxation: objective 1.873018e+05, 8125 iterations, 0.38 seconds (1.01 work units)

    Nodes    |    Current Node    |     Objective Bounds      |     Work
 Expl Unexpl |  Obj  Depth IntInf | Incumbent    BestBd   Gap | It/Node Time

     0     0 187301.750    0  406 187582.000 187301.750  0.15%     -    0s
     0     0 187338.130    0  918 187582.000 187338.130  0.13%     -    1s
     0     0 187338.130    0  305 187582.000 187338.130  0.13%     -    1s
H    0     0                    187574.00000 187338.130  0.13%     -    1s
     0     0 187343.833    0  678 187574.000 187343.833  0.12%     -    2s
     0     0 187352.167    0  713 187574.000 187352.167  0.12%     -    2s
     0     0 187386.000    0  453 187574.000 187386.000  0.10%     -    2s
     0     0 187386.000    0  160 187574.000 187386.000  0.10%     -    2s
     0     0 187386.000    0  362 187574.000 187386.000  0.10%     -    2s
     0     0 187386.000    0   76 187574.000 187386.000  0.10%     -    2s
     0     0 187387.625    0  208 187574.000 187387.625  0.10%     -    2s
     0     0 187391.500    0   85 187574.000 187391.500  0.10%     -    2s
     0     0 187394.750    0  214 187574.000 187394.750  0.10%     -    2s
     0     0 187394.750    0  215 187574.000 187394.750  0.10%     -    2s
     0     0 187402.313    0  373 187574.000 187402.313  0.09%     -    2s
     0     0 187408.690    0  210 187574.000 187408.690  0.09%     -    2s
     0     0 187408.700    0  210 187574.000 187408.700  0.09%     -    2s
     0     0 187413.846    0  213 187574.000 187413.846  0.09%     -    2s
     0     0 187415.000    0  186 187574.000 187415.000  0.08%     -    2s
H    0     0                    187570.00000 187415.000  0.08%     -    2s
     0     0 187420.167    0  172 187570.000 187420.167  0.08%     -    2s
     0     0 187420.333    0  144 187570.000 187420.333  0.08%     -    3s
     0     0 187420.333    0  267 187570.000 187420.333  0.08%     -    3s
     0     0 187420.333    0  131 187570.000 187420.333  0.08%     -    3s
     0     0 187420.333    0  168 187570.000 187420.333  0.08%     -    3s
     0     0 187427.389    0  260 187570.000 187427.389  0.08%     -    3s
     0     0 187431.669    0  312 187570.000 187431.669  0.07%     -    3s
     0     0 187433.203    0  304 187570.000 187433.203  0.07%     -    3s
     0     0 187433.241    0  298 187570.000 187433.241  0.07%     -    3s
     0     0 187442.792    0  165 187570.000 187442.792  0.07%     -    3s
     0     0 187443.347    0  174 187570.000 187443.347  0.07%     -    3s
     0     0 187444.308    0  171 187570.000 187444.308  0.07%     -    3s
     0     0 187444.580    0  178 187570.000 187444.580  0.07%     -    3s
     0     0 187444.600    0  176 187570.000 187444.600  0.07%     -    3s
     0     0 187444.735    0  191 187570.000 187444.735  0.07%     -    3s
     0     0 187444.771    0  200 187570.000 187444.771  0.07%     -    3s
     0     0 187446.928    0  179 187570.000 187446.928  0.07%     -    3s
     0     0 187447.164    0  184 187570.000 187447.164  0.07%     -    3s
     0     0 187447.171    0  185 187570.000 187447.171  0.07%     -    3s
     0     0 187449.363    0  149 187570.000 187449.363  0.06%     -    3s
     0     0 187449.917    0  179 187570.000 187449.917  0.06%     -    3s
     0     0 187450.384    0  200 187570.000 187450.384  0.06%     -    3s
     0     0 187450.499    0  175 187570.000 187450.499  0.06%     -    3s
     0     0 187451.506    0  156 187570.000 187451.506  0.06%     -    3s
     0     2 187451.682    0  156 187570.000 187451.682  0.06%     -    3s
*   96    49               6    187560.00000 187456.567  0.06%  57.3    3s

Cutting planes:
  Gomory: 2
  Lift-and-project: 7
  Implied bound: 6
  Clique: 41
  MIR: 1
  Zero half: 18
  RLT: 116
  BQP: 283

Explored 607 nodes (64563 simplex iterations) in 4.03 seconds (7.10 work units)
Thread count was 10 (of 10 available processors)

Solution count 4: 187560 187570 187574 187582 

Optimal solution found (tolerance 1.00e-04)
Best objective 1.875600000000e+05, best bound 1.875415000000e+05, gap 0.0099%
Solução ótima encontrada.
Set parameter TimeLimit to value 25200
Set parameter TimeLimit to value 600
Gurobi Optimizer version 10.0.2 build v10.0.2rc0 (mac64[arm])

CPU model: Apple M5
Thread count: 10 physical cores, 10 logical processors, using up to 10 threads

Optimize a model with 548706 rows, 284763 columns and 1341935 nonzeros
Model fingerprint: 0x141bfbe9
Variable types: 0 continuous, 284763 integer (264707 binary)
Coefficient statistics:
  Matrix range     [1e+00, 8e+01]
  Objective range  [5e-01, 2e+03]
  Bounds range     [1e+00, 1e+00]
  RHS range        [1e+00, 1e+02]

User MIP start produced solution with objective 187560 (0.14s)
Loaded user MIP start with objective 187560
MIP start from previous solve did not produce a new incumbent solution

Presolve removed 542856 rows and 279789 columns
Presolve time: 0.21s
Presolved: 5850 rows, 4974 columns, 16562 nonzeros
Variable types: 0 continuous, 4974 integer (4974 binary)

Root relaxation: objective 1.875000e+05, 1138 iterations, 0.02 seconds (0.02 work units)

    Nodes    |    Current Node    |     Objective Bounds      |     Work
 Expl Unexpl |  Obj  Depth IntInf | Incumbent    BestBd   Gap | It/Node Time

     0     0 187500.000    0   62 187560.000 187500.000  0.03%     -    0s
     0     0 187500.000    0  212 187560.000 187500.000  0.03%     -    0s
     0     0 187500.000    0   33 187560.000 187500.000  0.03%     -    0s
     0     0 187500.000    0   49 187560.000 187500.000  0.03%     -    0s
H    0     0                    187550.00000 187500.000  0.03%     -    0s
     0     0 187500.000    0   57 187550.000 187500.000  0.03%     -    0s
     0     0 187500.000    0   35 187550.000 187500.000  0.03%     -    0s
     0     0 187500.000    0   42 187550.000 187500.000  0.03%     -    0s
     0     0 187500.000    0   37 187550.000 187500.000  0.03%     -    0s
     0     0 187500.333    0   59 187550.000 187500.333  0.03%     -    0s
     0     0 187500.333    0   59 187550.000 187500.333  0.03%     -    0s
     0     0 187500.333    0   59 187550.000 187500.333  0.03%     -    0s
     0     0 187500.400    0   77 187550.000 187500.400  0.03%     -    0s
     0     0 187501.000    0   51 187550.000 187501.000  0.03%     -    0s
     0     0 187505.000    0   28 187550.000 187505.000  0.02%     -    0s
     0     0 187505.200    0   24 187550.000 187505.200  0.02%     -    0s
     0     0 187505.200    0   85 187550.000 187505.200  0.02%     -    0s
     0     0 187505.200    0   80 187550.000 187505.200  0.02%     -    0s
     0     0 187505.200    0   26 187550.000 187505.200  0.02%     -    0s
     0     0 187505.200    0   46 187550.000 187505.200  0.02%     -    0s
     0     0 187505.200    0   46 187550.000 187505.200  0.02%     -    0s

Cutting planes:
  Gomory: 2
  Lift-and-project: 3
  Clique: 16
  MIR: 1
  Zero half: 2
  RLT: 4

Explored 1 nodes (3279 simplex iterations) in 0.50 seconds (1.04 work units)
Thread count was 10 (of 10 available processors)

Solution count 2: 187550 187560 

Optimal solution found (tolerance 1.00e-04)
Best objective 1.875500000000e+05, best bound 1.875500000000e+05, gap 0.0000%
Solução ótima encontrada.
Set parameter TimeLimit to value 25200
Set parameter TimeLimit to value 600
Gurobi Optimizer version 10.0.2 build v10.0.2rc0 (mac64[arm])

CPU model: Apple M5
Thread count: 10 physical cores, 10 logical processors, using up to 10 threads

Optimize a model with 548706 rows, 284763 columns and 1341935 nonzeros
Model fingerprint: 0x8f33e0f1
Variable types: 0 continuous, 284763 integer (264707 binary)
Coefficient statistics:
  Matrix range     [1e+00, 8e+01]
  Objective range  [5e-01, 2e+03]
  Bounds range     [1e+00, 1e+00]
  RHS range        [1e+00, 1e+02]

User MIP start produced solution with objective 187550 (0.11s)
Loaded user MIP start with objective 187550
MIP start from previous solve did not produce a new incumbent solution

Presolve removed 543117 rows and 280011 columns
Presolve time: 0.19s
Presolved: 5589 rows, 4752 columns, 15835 nonzeros
Variable types: 0 continuous, 4752 integer (4752 binary)

Root relaxation: objective 1.875025e+05, 1122 iterations, 0.01 seconds (0.02 work units)

    Nodes    |    Current Node    |     Objective Bounds      |     Work
 Expl Unexpl |  Obj  Depth IntInf | Incumbent    BestBd   Gap | It/Node Time

     0     0 187502.500    0   97 187550.000 187502.500  0.03%     -    0s
     0     0 187502.500    0   97 187550.000 187502.500  0.03%     -    0s
     0     0 187502.500    0   28 187550.000 187502.500  0.03%     -    0s
H    0     0                    187535.00000 187502.500  0.02%     -    0s
     0     0 187505.000    0   40 187535.000 187505.000  0.02%     -    0s
     0     0 187505.000    0   66 187535.000 187505.000  0.02%     -    0s
     0     0 187505.000    0   26 187535.000 187505.000  0.02%     -    0s
     0     0 187505.000    0   34 187535.000 187505.000  0.02%     -    0s
     0     0 187505.000    0   49 187535.000 187505.000  0.02%     -    0s
     0     0 187505.000    0   38 187535.000 187505.000  0.02%     -    0s
H    0     0                    187530.00000 187505.000  0.01%     -    0s
     0     0 187505.000    0   27 187530.000 187505.000  0.01%     -    0s
     0     0 187510.000    0   45 187530.000 187510.000  0.01%     -    0s
     0     0 187512.500    0   34 187530.000 187512.500  0.01%     -    0s

Cutting planes:
  Gomory: 3
  Clique: 6
  Zero half: 2
  RLT: 2

Explored 1 nodes (2070 simplex iterations) in 0.38 seconds (1.00 work units)
Thread count was 10 (of 10 available processors)

Solution count 3: 187530 187535 187550 

Optimal solution found (tolerance 1.00e-04)
Best objective 1.875300000000e+05, best bound 1.875125000000e+05, gap 0.0093%
Solução ótima encontrada.
Set parameter TimeLimit to value 25200
Set parameter TimeLimit to value 600
Gurobi Optimizer version 10.0.2 build v10.0.2rc0 (mac64[arm])

CPU model: Apple M5
Thread count: 10 physical cores, 10 logical processors, using up to 10 threads

Optimize a model with 548706 rows, 284763 columns and 1341935 nonzeros
Model fingerprint: 0x241b2c51
Variable types: 0 continuous, 284763 integer (264707 binary)
Coefficient statistics:
  Matrix range     [1e+00, 8e+01]
  Objective range  [5e-01, 2e+03]
  Bounds range     [1e+00, 1e+00]
  RHS range        [1e+00, 1e+02]

User MIP start produced solution with objective 187530 (0.10s)
Loaded user MIP start with objective 187530
MIP start from previous solve did not produce a new incumbent solution

Presolve removed 543285 rows and 280031 columns
Presolve time: 0.18s
Presolved: 5421 rows, 4732 columns, 15362 nonzeros
Variable types: 0 continuous, 4732 integer (4732 binary)

Root relaxation: objective 1.871465e+05, 571 iterations, 0.01 seconds (0.01 work units)

    Nodes    |    Current Node    |     Objective Bounds      |     Work
 Expl Unexpl |  Obj  Depth IntInf | Incumbent    BestBd   Gap | It/Node Time

     0     0 187146.500    0   80 187530.000 187146.500  0.20%     -    0s
H    0     0                    187166.50000 187146.500  0.01%     -    0s
     0     0 187146.500    0   80 187166.500 187146.500  0.01%     -    0s
H    0     0                    187161.50000 187146.500  0.01%     -    0s

Explored 1 nodes (752 simplex iterations) in 0.34 seconds (0.96 work units)
Thread count was 10 (of 10 available processors)

Solution count 3: 187162 187166 187530 

Optimal solution found (tolerance 1.00e-04)
Best objective 1.871615000000e+05, best bound 1.871465000000e+05, gap 0.0080%
Solução ótima encontrada.
Set parameter TimeLimit to value 25200
Set parameter TimeLimit to value 600
Gurobi Optimizer version 10.0.2 build v10.0.2rc0 (mac64[arm])

CPU model: Apple M5
Thread count: 10 physical cores, 10 logical processors, using up to 10 threads

Optimize a model with 548706 rows, 284763 columns and 1341935 nonzeros
Model fingerprint: 0x1086ec1a
Variable types: 0 continuous, 284763 integer (264707 binary)
Coefficient statistics:
  Matrix range     [1e+00, 8e+01]
  Objective range  [5e-01, 2e+03]
  Bounds range     [1e+00, 1e+00]
  RHS range        [1e+00, 1e+02]

User MIP start produced solution with objective 187162 (0.11s)
Loaded user MIP start with objective 187162
MIP start from previous solve did not produce a new incumbent solution

Presolve removed 531785 rows and 272586 columns
Presolve time: 0.24s
Presolved: 16921 rows, 12177 columns, 48652 nonzeros
Variable types: 0 continuous, 12177 integer (12177 binary)

Root relaxation: objective 1.861599e+05, 8856 iterations, 0.29 seconds (0.54 work units)

    Nodes    |    Current Node    |     Objective Bounds      |     Work
 Expl Unexpl |  Obj  Depth IntInf | Incumbent    BestBd   Gap | It/Node Time

     0     0 186159.875    0  633 187161.500 186159.875  0.54%     -    0s
     0     0 186202.400    0  697 187161.500 186202.400  0.51%     -    0s
     0     0 186204.867    0  696 187161.500 186204.867  0.51%     -    0s
     0     0 186205.267    0  697 187161.500 186205.267  0.51%     -    0s
     0     0 186205.600    0  697 187161.500 186205.600  0.51%     -    0s
     0     0 186226.845    0  806 187161.500 186226.845  0.50%     -    1s
     0     0 186227.513    0  879 187161.500 186227.513  0.50%     -    1s
     0     0 186228.428    0  879 187161.500 186228.428  0.50%     -    1s
     0     0 186228.452    0  879 187161.500 186228.452  0.50%     -    1s
     0     0 186230.297    0  873 187161.500 186230.297  0.50%     -    1s
     0     0 186230.304    0  886 187161.500 186230.304  0.50%     -    1s
H    0     0                    187126.50000 186230.304  0.48%     -    1s
     0     0 186238.429    0  827 187126.500 186238.429  0.47%     -    1s
     0     0 186242.705    0  838 187126.500 186242.705  0.47%     -    1s
     0     0 186242.875    0  839 187126.500 186242.875  0.47%     -    1s
     0     0 186244.962    0  809 187126.500 186244.962  0.47%     -    1s
     0     0 186245.932    0  802 187126.500 186245.932  0.47%     -    1s
     0     0 186245.944    0  818 187126.500 186245.944  0.47%     -    2s
H    0     0                    186436.50000 186252.462  0.10%     -    2s
     0     0 186252.462    0  926 186436.500 186252.462  0.10%     -    2s
     0     0 186252.898    0  877 186436.500 186252.898  0.10%     -    2s
     0     0 186253.357    0  639 186436.500 186253.357  0.10%     -    2s
     0     0 186253.357    0  454 186436.500 186253.357  0.10%     -    3s
     0     0 186253.357    0  490 186436.500 186253.357  0.10%     -    3s
     0     0 186256.500    0  408 186436.500 186256.500  0.10%     -    3s
     0     0 186257.000    0  444 186436.500 186257.000  0.10%     -    3s
     0     0 186258.167    0  486 186436.500 186258.167  0.10%     -    3s
     0     0 186258.500    0  509 186436.500 186258.500  0.10%     -    3s
     0     0 186268.667    0  507 186436.500 186268.667  0.09%     -    3s
     0     0 186270.833    0  428 186436.500 186270.833  0.09%     -    3s
     0     0 186271.852    0  465 186436.500 186271.852  0.09%     -    3s
     0     0 186272.763    0  430 186436.500 186272.763  0.09%     -    3s
     0     0 186272.763    0  508 186436.500 186272.763  0.09%     -    3s
     0     0 186274.518    0  437 186436.500 186274.518  0.09%     -    3s
     0     0 186275.500    0  490 186436.500 186275.500  0.09%     -    3s
     0     0 186275.833    0  436 186436.500 186275.833  0.09%     -    3s
     0     0 186275.833    0  437 186436.500 186275.833  0.09%     -    3s
     0     0 186277.569    0  553 186436.500 186277.569  0.09%     -    3s
     0     0 186277.686    0  557 186436.500 186277.686  0.09%     -    3s
     0     0 186277.686    0  557 186436.500 186277.686  0.09%     -    3s
     0     0 186277.969    0  550 186436.500 186277.969  0.09%     -    3s
     0     0 186278.141    0  351 186436.500 186278.141  0.08%     -    3s
     0     0 186278.141    0  388 186436.500 186278.141  0.08%     -    3s
     0     0 186278.141    0  511 186436.500 186278.141  0.08%     -    3s
     0     0 186278.141    0  535 186436.500 186278.141  0.08%     -    3s
     0     0 186278.141    0  443 186436.500 186278.141  0.08%     -    3s
     0     0 186278.141    0  491 186436.500 186278.141  0.08%     -    3s
     0     0 186281.324    0  564 186436.500 186281.324  0.08%     -    3s
     0     0 186281.400    0  567 186436.500 186281.400  0.08%     -    3s
     0     0 186281.449    0  566 186436.500 186281.449  0.08%     -    3s
     0     0 186281.451    0  566 186436.500 186281.451  0.08%     -    3s
     0     0 186284.401    0  552 186436.500 186284.401  0.08%     -    3s
     0     0 186284.995    0  551 186436.500 186284.995  0.08%     -    3s
     0     0 186285.257    0  552 186436.500 186285.257  0.08%     -    3s
     0     0 186285.400    0  536 186436.500 186285.400  0.08%     -    3s
     0     0 186285.733    0  551 186436.500 186285.733  0.08%     -    3s
     0     0 186285.733    0  554 186436.500 186285.733  0.08%     -    3s
     0     0 186285.733    0  534 186436.500 186285.733  0.08%     -    4s
     0     0 186286.233    0  353 186436.500 186286.233  0.08%     -    4s
     0     0 186286.233    0  359 186436.500 186286.233  0.08%     -    4s
     0     0 186286.233    0  468 186436.500 186286.233  0.08%     -    4s
     0     0 186286.233    0  519 186436.500 186286.233  0.08%     -    4s
     0     0 186286.233    0  493 186436.500 186286.233  0.08%     -    4s
     0     0 186286.233    0  525 186436.500 186286.233  0.08%     -    4s
     0     0 186286.233    0  528 186436.500 186286.233  0.08%     -    4s
     0     0 186286.233    0  508 186436.500 186286.233  0.08%     -    4s
     0     0 186286.233    0  509 186436.500 186286.233  0.08%     -    4s
     0     0 186289.590    0  529 186436.500 186289.590  0.08%     -    4s
     0     0 186289.856    0  502 186436.500 186289.856  0.08%     -    4s
     0     0 186290.103    0  510 186436.500 186290.103  0.08%     -    4s
     0     0 186290.103    0  514 186436.500 186290.103  0.08%     -    4s
H    0     0                    186426.50000 186290.103  0.07%     -    4s
H    0     0                    186401.50000 186290.103  0.06%     -    4s
     0     0 186290.447    0  525 186401.500 186290.447  0.06%     -    4s
     0     0 186290.447    0  275 186401.500 186290.447  0.06%     -    4s
     0     0 186290.447    0  207 186401.500 186290.447  0.06%     -    4s
     0     0 186290.447    0  331 186401.500 186290.447  0.06%     -    4s
     0     0 186290.447    0  428 186401.500 186290.447  0.06%     -    4s
     0     0 186290.447    0  449 186401.500 186290.447  0.06%     -    4s
     0     0 186290.447    0  450 186401.500 186290.447  0.06%     -    4s
     0     0 186290.484    0  460 186401.500 186290.484  0.06%     -    4s
     0     0 186290.484    0  447 186401.500 186290.484  0.06%     -    4s
     0     0 186290.484    0  465 186401.500 186290.484  0.06%     -    4s
     0     0 186313.167    0  454 186401.500 186313.167  0.05%     -    4s
     0     0 186315.500    0  445 186401.500 186315.500  0.05%     -    4s
     0     0 186317.957    0  454 186401.500 186317.957  0.04%     -    4s
     0     0 186336.500    0  460 186401.500 186336.500  0.03%     -    4s
     0     0 186341.500    0  459 186401.500 186341.500  0.03%     -    4s
     0     0 186343.000    0  463 186401.500 186343.000  0.03%     -    4s

Cutting planes:
  Gomory: 8
  MIR: 1
  Zero half: 33
  RLT: 4
  BQP: 25

Explored 1 nodes (36884 simplex iterations) in 4.83 seconds (7.06 work units)
Thread count was 10 (of 10 available processors)

Solution count 5: 186402 186426 186436 ... 187162

Optimal solution found (tolerance 1.00e-04)
Best objective 1.864015000000e+05, best bound 1.863831666667e+05, gap 0.0098%
Solução ótima encontrada.
Set parameter TimeLimit to value 25200
Set parameter TimeLimit to value 600
Gurobi Optimizer version 10.0.2 build v10.0.2rc0 (mac64[arm])

CPU model: Apple M5
Thread count: 10 physical cores, 10 logical processors, using up to 10 threads

Optimize a model with 548706 rows, 284763 columns and 1341935 nonzeros
Model fingerprint: 0x28b9ced7
Variable types: 0 continuous, 284763 integer (264707 binary)
Coefficient statistics:
  Matrix range     [1e+00, 8e+01]
  Objective range  [5e-01, 2e+03]
  Bounds range     [1e+00, 1e+00]
  RHS range        [1e+00, 1e+02]

User MIP start produced solution with objective 186402 (0.13s)
Loaded user MIP start with objective 186402
MIP start from previous solve did not produce a new incumbent solution

Presolve removed 547200 rows and 283499 columns
Presolve time: 0.17s
Presolved: 1506 rows, 1264 columns, 4202 nonzeros
Variable types: 0 continuous, 1264 integer (1264 binary)

Root relaxation: objective 1.863915e+05, 289 iterations, 0.00 seconds (0.00 work units)

    Nodes    |    Current Node    |     Objective Bounds      |     Work
 Expl Unexpl |  Obj  Depth IntInf | Incumbent    BestBd   Gap | It/Node Time

     0     0          -    0      186401.500 186391.500  0.01%     -    0s

Explored 1 nodes (289 simplex iterations) in 0.32 seconds (0.80 work units)
Thread count was 10 (of 10 available processors)

Solution count 1: 186402 

Optimal solution found (tolerance 1.00e-04)
Best objective 1.864015000000e+05, best bound 1.863915000000e+05, gap 0.0054%
Solução ótima encontrada.
Set parameter TimeLimit to value 25200
Set parameter TimeLimit to value 600
Gurobi Optimizer version 10.0.2 build v10.0.2rc0 (mac64[arm])

CPU model: Apple M5
Thread count: 10 physical cores, 10 logical processors, using up to 10 threads

Optimize a model with 548706 rows, 284763 columns and 1341935 nonzeros
Model fingerprint: 0xc9632901
Variable types: 0 continuous, 284763 integer (264707 binary)
Coefficient statistics:
  Matrix range     [1e+00, 8e+01]
  Objective range  [5e-01, 2e+03]
  Bounds range     [1e+00, 1e+00]
  RHS range        [1e+00, 1e+02]

User MIP start produced solution with objective 186402 (0.10s)
Loaded user MIP start with objective 186402
MIP start from previous solve did not produce a new incumbent solution

Presolve removed 545560 rows and 281969 columns
Presolve time: 0.16s
Presolved: 3146 rows, 2794 columns, 8863 nonzeros
Variable types: 0 continuous, 2794 integer (2794 binary)

Root relaxation: cutoff, 142 iterations, 0.00 seconds (0.00 work units)

    Nodes    |    Current Node    |     Objective Bounds      |     Work
 Expl Unexpl |  Obj  Depth IntInf | Incumbent    BestBd   Gap | It/Node Time

     0     0     cutoff    0      186401.500 186401.500  0.00%     -    0s

Explored 1 nodes (142 simplex iterations) in 0.29 seconds (0.82 work units)
Thread count was 10 (of 10 available processors)

Solution count 1: 186402 

Optimal solution found (tolerance 1.00e-04)
Best objective 1.864015000000e+05, best bound 1.864015000000e+05, gap 0.0000%
Solução ótima encontrada.
Set parameter TimeLimit to value 25200
Set parameter TimeLimit to value 600
Gurobi Optimizer version 10.0.2 build v10.0.2rc0 (mac64[arm])

CPU model: Apple M5
Thread count: 10 physical cores, 10 logical processors, using up to 10 threads

Optimize a model with 548706 rows, 284763 columns and 1341935 nonzeros
Model fingerprint: 0x7a8cd326
Variable types: 0 continuous, 284763 integer (264707 binary)
Coefficient statistics:
  Matrix range     [1e+00, 8e+01]
  Objective range  [5e-01, 2e+03]
  Bounds range     [1e+00, 1e+00]
  RHS range        [1e+00, 1e+02]

User MIP start produced solution with objective 186402 (0.10s)
Loaded user MIP start with objective 186402
MIP start from previous solve did not produce a new incumbent solution

Presolve removed 528003 rows and 268092 columns
Presolve time: 0.26s
Presolved: 20703 rows, 16671 columns, 60301 nonzeros
Variable types: 0 continuous, 16671 integer (16671 binary)

Root relaxation: objective 1.863278e+05, 7101 iterations, 0.30 seconds (0.80 work units)

    Nodes    |    Current Node    |     Objective Bounds      |     Work
 Expl Unexpl |  Obj  Depth IntInf | Incumbent    BestBd   Gap | It/Node Time

     0     0 186327.750    0  653 186401.500 186327.750  0.04%     -    0s
     0     0 186327.750    0  653 186401.500 186327.750  0.04%     -    1s
     0     0 186327.750    0  208 186401.500 186327.750  0.04%     -    1s
     0     0 186332.750    0  260 186401.500 186332.750  0.04%     -    1s
     0     0 186333.283    0  264 186401.500 186333.283  0.04%     -    1s
     0     0 186333.283    0  264 186401.500 186333.283  0.04%     -    1s
     0     0 186338.033    0  258 186401.500 186338.033  0.03%     -    1s
     0     0 186338.033    0  240 186401.500 186338.033  0.03%     -    1s
     0     0 186340.633    0  260 186401.500 186340.633  0.03%     -    1s
     0     0 186340.750    0  142 186401.500 186340.750  0.03%     -    1s
     0     0 186340.765    0  254 186401.500 186340.765  0.03%     -    1s
     0     0 186342.000    0  182 186401.500 186342.000  0.03%     -    1s
     0     0 186343.250    0  195 186401.500 186343.250  0.03%     -    1s
     0     0 186343.536    0  247 186401.500 186343.536  0.03%     -    1s
     0     0 186343.536    0  251 186401.500 186343.536  0.03%     -    1s
     0     0 186345.652    0  172 186401.500 186345.652  0.03%     -    1s
     0     0 186345.742    0  181 186401.500 186345.742  0.03%     -    1s
     0     0 186345.742    0  261 186401.500 186345.742  0.03%     -    1s
     0     0 186345.742    0  125 186401.500 186345.742  0.03%     -    1s
     0     0 186345.742    0  265 186401.500 186345.742  0.03%     -    1s
     0     0 186345.742    0  254 186401.500 186345.742  0.03%     -    1s
     0     0 186345.742    0  252 186401.500 186345.742  0.03%     -    1s
     0     0 186346.152    0  260 186401.500 186346.152  0.03%     -    1s
     0     0 186346.389    0  251 186401.500 186346.389  0.03%     -    1s
     0     0 186346.429    0  253 186401.500 186346.429  0.03%     -    1s
     0     0 186346.429    0  257 186401.500 186346.429  0.03%     -    1s
     0     0 186346.432    0  275 186401.500 186346.432  0.03%     -    1s
     0     0 186346.477    0  286 186401.500 186346.477  0.03%     -    1s
     0     0 186346.489    0  273 186401.500 186346.489  0.03%     -    1s
     0     0 186346.788    0  275 186401.500 186346.788  0.03%     -    1s
     0     0 186346.922    0  282 186401.500 186346.922  0.03%     -    1s
     0     0 186346.944    0  263 186401.500 186346.944  0.03%     -    1s
     0     0 186346.944    0  269 186401.500 186346.944  0.03%     -    1s
     0     2 186347.000    0  265 186401.500 186347.000  0.03%     -    1s

Cutting planes:
  Gomory: 3
  Clique: 16
  MIR: 8
  Inf proof: 1
  Zero half: 12
  RLT: 17
  BQP: 32

Explored 2596 nodes (165772 simplex iterations) in 3.84 seconds (5.80 work units)
Thread count was 10 (of 10 available processors)

Solution count 1: 186402 

Optimal solution found (tolerance 1.00e-04)
Best objective 1.864015000000e+05, best bound 1.863960000000e+05, gap 0.0030%
Solução ótima encontrada.
Set parameter TimeLimit to value 25200
Set parameter TimeLimit to value 600
Gurobi Optimizer version 10.0.2 build v10.0.2rc0 (mac64[arm])

CPU model: Apple M5
Thread count: 10 physical cores, 10 logical processors, using up to 10 threads

Optimize a model with 548706 rows, 284763 columns and 1341935 nonzeros
Model fingerprint: 0x2392c544
Variable types: 0 continuous, 284763 integer (264707 binary)
Coefficient statistics:
  Matrix range     [1e+00, 8e+01]
  Objective range  [5e-01, 2e+03]
  Bounds range     [1e+00, 1e+00]
  RHS range        [1e+00, 1e+02]

User MIP start produced solution with objective 186402 (0.13s)
Loaded user MIP start with objective 186402
MIP start from previous solve did not produce a new incumbent solution

Presolve removed 529865 rows and 269837 columns
Presolve time: 0.25s
Presolved: 18841 rows, 14926 columns, 53934 nonzeros
Variable types: 0 continuous, 14926 integer (14926 binary)

Root relaxation: objective 1.859827e+05, 11764 iterations, 0.35 seconds (0.65 work units)

    Nodes    |    Current Node    |     Objective Bounds      |     Work
 Expl Unexpl |  Obj  Depth IntInf | Incumbent    BestBd   Gap | It/Node Time

     0     0 185982.738    0  741 186401.500 185982.738  0.22%     -    0s
     0     0 185982.857    0  712 186401.500 185982.857  0.22%     -    0s
     0     0 185982.857    0  712 186401.500 185982.857  0.22%     -    0s
     0     0 185982.857    0  648 186401.500 185982.857  0.22%     -    1s
     0     0 186195.387    0 1408 186401.500 186195.387  0.11%     -    2s
     0     0 186201.574    0 1405 186401.500 186201.574  0.11%     -    2s
     0     0 186217.133    0 1313 186401.500 186217.133  0.10%     -    2s
     0     0 186224.919    0 1252 186401.500 186224.919  0.09%     -    2s
     0     0 186229.199    0 1241 186401.500 186229.199  0.09%     -    2s
     0     0 186229.674    0 1240 186401.500 186229.674  0.09%     -    2s
     0     0 186327.750    0  481 186401.500 186327.750  0.04%     -    3s
     0     0 186327.750    0  533 186401.500 186327.750  0.04%     -    3s
     0     0 186327.750    0  537 186401.500 186327.750  0.04%     -    3s
     0     0 186341.939    0  906 186401.500 186341.939  0.03%     -    4s
     0     0 186368.600    0  336 186401.500 186368.600  0.02%     -    4s
     0     0 186379.375    0  266 186401.500 186379.375  0.01%     -    4s
     0     0 186379.375    0  283 186401.500 186379.375  0.01%     -    4s
     0     0 186381.603    0  443 186401.500 186381.603  0.01%     -    4s
     0     0     cutoff    0      186401.500 186401.500  0.00%     -    4s

Cutting planes:
  Gomory: 2
  Implied bound: 8
  Clique: 5
  Zero half: 30
  RLT: 39
  BQP: 149

Explored 1 nodes (48339 simplex iterations) in 4.39 seconds (6.45 work units)
Thread count was 10 (of 10 available processors)

Solution count 1: 186402 

Optimal solution found (tolerance 1.00e-04)
Best objective 1.864015000000e+05, best bound 1.864015000000e+05, gap 0.0000%
Solução ótima encontrada.
Set parameter TimeLimit to value 25200
Set parameter TimeLimit to value 600
Gurobi Optimizer version 10.0.2 build v10.0.2rc0 (mac64[arm])

CPU model: Apple M5
Thread count: 10 physical cores, 10 logical processors, using up to 10 threads

Optimize a model with 548706 rows, 284763 columns and 1341935 nonzeros
Model fingerprint: 0x2815ffc3
Variable types: 0 continuous, 284763 integer (264707 binary)
Coefficient statistics:
  Matrix range     [1e+00, 8e+01]
  Objective range  [5e-01, 2e+03]
  Bounds range     [1e+00, 1e+00]
  RHS range        [1e+00, 1e+02]

User MIP start produced solution with objective 186402 (0.13s)
Loaded user MIP start with objective 186402
MIP start from previous solve did not produce a new incumbent solution

Presolve removed 534678 rows and 273293 columns
Presolve time: 0.25s
Presolved: 14028 rows, 11470 columns, 40742 nonzeros
Variable types: 0 continuous, 11470 integer (11470 binary)

Root relaxation: objective 1.861945e+05, 5465 iterations, 0.14 seconds (0.25 work units)

    Nodes    |    Current Node    |     Objective Bounds      |     Work
 Expl Unexpl |  Obj  Depth IntInf | Incumbent    BestBd   Gap | It/Node Time

     0     0 186194.500    0  523 186401.500 186194.500  0.11%     -    0s
     0     0 186286.750    0  506 186401.500 186286.750  0.06%     -    0s
     0     0 186286.750    0  506 186401.500 186286.750  0.06%     -    0s
     0     0 186286.750    0  148 186401.500 186286.750  0.06%     -    0s
     0     0 186292.433    0  190 186401.500 186292.433  0.06%     -    0s
     0     0 186294.800    0  191 186401.500 186294.800  0.06%     -    0s
     0     0 186295.167    0   70 186401.500 186295.167  0.06%     -    0s
     0     0 186295.333    0  195 186401.500 186295.333  0.06%     -    0s
     0     0 186295.590    0  203 186401.500 186295.590  0.06%     -    0s
     0     0 186295.638    0  189 186401.500 186295.638  0.06%     -    0s
     0     0 186295.638    0  190 186401.500 186295.638  0.06%     -    0s
H    0     0                    186400.00000 186295.638  0.06%     -    0s
     0     0 186298.389    0  172 186400.000 186298.389  0.05%     -    0s
     0     0 186298.550    0  201 186400.000 186298.550  0.05%     -    0s
     0     0 186298.750    0  146 186400.000 186298.750  0.05%     -    0s
     0     0 186299.583    0  192 186400.000 186299.583  0.05%     -    0s
     0     2 186299.708    0  190 186400.000 186299.708  0.05%     -    0s
H    6     8                    186395.00000 186300.886  0.05%  61.5    0s

Cutting planes:
  Gomory: 5
  MIR: 2
  Inf proof: 4
  Zero half: 11
  RLT: 15
  BQP: 26

Explored 1477 nodes (51633 simplex iterations) in 1.11 seconds (2.14 work units)
Thread count was 10 (of 10 available processors)

Solution count 3: 186395 186400 186402 

Optimal solution found (tolerance 1.00e-04)
Best objective 1.863950000000e+05, best bound 1.863950000000e+05, gap 0.0000%
Solução ótima encontrada.
Set parameter TimeLimit to value 25200
Set parameter TimeLimit to value 600
Gurobi Optimizer version 10.0.2 build v10.0.2rc0 (mac64[arm])

CPU model: Apple M5
Thread count: 10 physical cores, 10 logical processors, using up to 10 threads

Optimize a model with 548706 rows, 284763 columns and 1341935 nonzeros
Model fingerprint: 0x3f8d7c09
Variable types: 0 continuous, 284763 integer (264707 binary)
Coefficient statistics:
  Matrix range     [1e+00, 8e+01]
  Objective range  [5e-01, 2e+03]
  Bounds range     [1e+00, 1e+00]
  RHS range        [1e+00, 1e+02]

User MIP start produced solution with objective 186395 (0.11s)
Loaded user MIP start with objective 186395
MIP start from previous solve did not produce a new incumbent solution

Presolve removed 531437 rows and 270658 columns
Presolve time: 0.26s
Presolved: 17269 rows, 14105 columns, 50895 nonzeros
Variable types: 0 continuous, 14105 integer (14105 binary)

Root relaxation: objective 1.856430e+05, 2564 iterations, 0.04 seconds (0.07 work units)

    Nodes    |    Current Node    |     Objective Bounds      |     Work
 Expl Unexpl |  Obj  Depth IntInf | Incumbent    BestBd   Gap | It/Node Time

     0     0 185643.000    0  586 186395.000 185643.000  0.40%     -    0s
     0     0 186165.367    0  743 186395.000 186165.367  0.12%     -    0s
     0     0 186177.917    0  689 186395.000 186177.917  0.12%     -    0s
     0     0 186187.000    0  805 186395.000 186187.000  0.11%     -    0s
     0     0 186191.667    0  619 186395.000 186191.667  0.11%     -    0s
     0     0 186372.500    0  365 186395.000 186372.500  0.01%     -    0s
     0     0 186372.500    0  213 186395.000 186372.500  0.01%     -    0s
     0     0 186372.500    0  398 186395.000 186372.500  0.01%     -    0s
     0     0 186376.250    0  292 186395.000 186376.250  0.01%     -    0s

Cutting planes:
  Gomory: 1
  Clique: 14
  MIR: 1
  Zero half: 6
  BQP: 13

Explored 1 nodes (8945 simplex iterations) in 0.80 seconds (1.74 work units)
Thread count was 10 (of 10 available processors)

Solution count 1: 186395 

Optimal solution found (tolerance 1.00e-04)
Best objective 1.863950000000e+05, best bound 1.863765000000e+05, gap 0.0099%
Solução ótima encontrada.
Set parameter TimeLimit to value 25200
Set parameter TimeLimit to value 600
Gurobi Optimizer version 10.0.2 build v10.0.2rc0 (mac64[arm])

CPU model: Apple M5
Thread count: 10 physical cores, 10 logical processors, using up to 10 threads

Optimize a model with 548706 rows, 284763 columns and 1341935 nonzeros
Model fingerprint: 0x9e1bffd7
Variable types: 0 continuous, 284763 integer (264707 binary)
Coefficient statistics:
  Matrix range     [1e+00, 8e+01]
  Objective range  [5e-01, 2e+03]
  Bounds range     [1e+00, 1e+00]
  RHS range        [1e+00, 1e+02]

User MIP start produced solution with objective 186395 (0.11s)
Loaded user MIP start with objective 186395
MIP start from previous solve did not produce a new incumbent solution

Presolve removed 530898 rows and 270799 columns
Presolve time: 0.18s
Presolved: 17808 rows, 13964 columns, 50160 nonzeros
Variable types: 0 continuous, 13964 integer (13964 binary)

Root relaxation: objective 1.863875e+05, 1274 iterations, 0.02 seconds (0.04 work units)

    Nodes    |    Current Node    |     Objective Bounds      |     Work
 Expl Unexpl |  Obj  Depth IntInf | Incumbent    BestBd   Gap | It/Node Time

     0     0 186387.500    0  179 186395.000 186387.500  0.00%     -    0s

Explored 1 nodes (2315 simplex iterations) in 0.37 seconds (1.03 work units)
Thread count was 10 (of 10 available processors)

Solution count 1: 186395 

Optimal solution found (tolerance 1.00e-04)
Best objective 1.863950000000e+05, best bound 1.863875000000e+05, gap 0.0040%
Solução ótima encontrada.
Set parameter TimeLimit to value 25200
Set parameter TimeLimit to value 600
Gurobi Optimizer version 10.0.2 build v10.0.2rc0 (mac64[arm])

CPU model: Apple M5
Thread count: 10 physical cores, 10 logical processors, using up to 10 threads

Optimize a model with 548706 rows, 284763 columns and 1341935 nonzeros
Model fingerprint: 0x1dbdb2cc
Variable types: 0 continuous, 284763 integer (264707 binary)
Coefficient statistics:
  Matrix range     [1e+00, 8e+01]
  Objective range  [5e-01, 2e+03]
  Bounds range     [1e+00, 1e+00]
  RHS range        [1e+00, 1e+02]

User MIP start produced solution with objective 186395 (0.10s)
Loaded user MIP start with objective 186395
MIP start from previous solve did not produce a new incumbent solution

Presolve removed 530468 rows and 271261 columns
Presolve time: 0.25s
Presolved: 18238 rows, 13502 columns, 52116 nonzeros
Variable types: 0 continuous, 13502 integer (13502 binary)

Root relaxation: objective 1.862724e+05, 11806 iterations, 0.36 seconds (0.76 work units)

    Nodes    |    Current Node    |     Objective Bounds      |     Work
 Expl Unexpl |  Obj  Depth IntInf | Incumbent    BestBd   Gap | It/Node Time

     0     0 186272.433    0  878 186395.000 186272.433  0.07%     -    0s
     0     0 186276.833    0  593 186395.000 186276.833  0.06%     -    0s
     0     0 186276.833    0  593 186395.000 186276.833  0.06%     -    0s
     0     0 186276.833    0  226 186395.000 186276.833  0.06%     -    0s
     0     0 186381.000    0  119 186395.000 186381.000  0.01%     -    0s

Cutting planes:
  Gomory: 1
  Clique: 2
  MIR: 4
  Zero half: 19
  RLT: 16
  BQP: 52

Explored 1 nodes (16569 simplex iterations) in 0.98 seconds (2.39 work units)
Thread count was 10 (of 10 available processors)

Solution count 1: 186395 

Optimal solution found (tolerance 1.00e-04)
Best objective 1.863950000000e+05, best bound 1.863810000000e+05, gap 0.0075%
Solução ótima encontrada.
Set parameter TimeLimit to value 25200
Set parameter TimeLimit to value 600
Gurobi Optimizer version 10.0.2 build v10.0.2rc0 (mac64[arm])

CPU model: Apple M5
Thread count: 10 physical cores, 10 logical processors, using up to 10 threads

Optimize a model with 548706 rows, 284763 columns and 1341935 nonzeros
Model fingerprint: 0x74f2fe66
Variable types: 0 continuous, 284763 integer (264707 binary)
Coefficient statistics:
  Matrix range     [1e+00, 8e+01]
  Objective range  [5e-01, 2e+03]
  Bounds range     [1e+00, 1e+00]
  RHS range        [1e+00, 1e+02]

User MIP start produced solution with objective 186395 (0.11s)
Loaded user MIP start with objective 186395
MIP start from previous solve did not produce a new incumbent solution

Presolve removed 536402 rows and 274843 columns
Presolve time: 0.23s
Presolved: 12304 rows, 9920 columns, 35572 nonzeros
Variable types: 0 continuous, 9920 integer (9920 binary)

Root relaxation: objective 1.861368e+05, 7940 iterations, 0.31 seconds (0.76 work units)

    Nodes    |    Current Node    |     Objective Bounds      |     Work
 Expl Unexpl |  Obj  Depth IntInf | Incumbent    BestBd   Gap | It/Node Time

     0     0 186136.750    0  292 186395.000 186136.750  0.14%     -    0s
     0     0 186171.000    0  866 186395.000 186171.000  0.12%     -    1s
     0     0 186171.000    0  297 186395.000 186171.000  0.12%     -    1s
     0     0 186175.583    0  752 186395.000 186175.583  0.12%     -    1s
     0     0 186176.857    0  727 186395.000 186176.857  0.12%     -    1s
     0     0 186177.095    0  774 186395.000 186177.095  0.12%     -    1s
     0     0 186217.843    0  854 186395.000 186217.843  0.10%     -    2s
     0     0 186226.530    0  930 186395.000 186226.530  0.09%     -    2s
     0     0 186226.619    0  937 186395.000 186226.619  0.09%     -    2s
     0     0 186226.629    0  939 186395.000 186226.629  0.09%     -    2s
     0     0 186245.400    0  336 186395.000 186245.400  0.08%     -    2s
     0     0 186245.400    0  137 186395.000 186245.400  0.08%     -    2s
     0     0 186245.400    0  264 186395.000 186245.400  0.08%     -    2s
     0     0 186245.400    0  132 186395.000 186245.400  0.08%     -    2s
     0     0 186254.864    0  151 186395.000 186254.864  0.08%     -    2s
     0     0 186254.864    0  151 186395.000 186254.864  0.08%     -    2s
     0     0 186258.167    0  158 186395.000 186258.167  0.07%     -    2s
     0     0 186260.000    0  120 186395.000 186260.000  0.07%     -    2s
     0     0 186261.530    0  170 186395.000 186261.530  0.07%     -    2s
     0     0 186261.813    0  194 186395.000 186261.813  0.07%     -    2s
     0     0 186261.833    0  171 186395.000 186261.833  0.07%     -    2s
     0     0 186264.929    0  164 186395.000 186264.929  0.07%     -    2s
     0     0 186265.667    0  137 186395.000 186265.667  0.07%     -    2s
     0     0 186267.200    0  169 186395.000 186267.200  0.07%     -    2s
     0     0 186267.200    0  170 186395.000 186267.200  0.07%     -    2s
     0     0 186275.384    0  323 186395.000 186275.384  0.06%     -    2s
     0     2 186275.741    0  322 186395.000 186275.741  0.06%     -    3s

Cutting planes:
  Gomory: 3
  Lift-and-project: 4
  Implied bound: 1
  Clique: 14
  MIR: 4
  Zero half: 20
  RLT: 32
  BQP: 88

Explored 680 nodes (56328 simplex iterations) in 3.35 seconds (5.60 work units)
Thread count was 10 (of 10 available processors)

Solution count 1: 186395 

Optimal solution found (tolerance 1.00e-04)
Best objective 1.863950000000e+05, best bound 1.863950000000e+05, gap 0.0000%
Solução ótima encontrada.
Set parameter TimeLimit to value 25200
Set parameter TimeLimit to value 600
Gurobi Optimizer version 10.0.2 build v10.0.2rc0 (mac64[arm])

CPU model: Apple M5
Thread count: 10 physical cores, 10 logical processors, using up to 10 threads

Optimize a model with 548706 rows, 284763 columns and 1341935 nonzeros
Model fingerprint: 0xcd096c4e
Variable types: 0 continuous, 284763 integer (264707 binary)
Coefficient statistics:
  Matrix range     [1e+00, 8e+01]
  Objective range  [5e-01, 2e+03]
  Bounds range     [1e+00, 1e+00]
  RHS range        [1e+00, 1e+02]

User MIP start produced solution with objective 186395 (0.13s)
Loaded user MIP start with objective 186395
MIP start from previous solve did not produce a new incumbent solution

Presolve removed 542856 rows and 279789 columns
Presolve time: 0.20s
Presolved: 5850 rows, 4974 columns, 16562 nonzeros
Variable types: 0 continuous, 4974 integer (4974 binary)

Root relaxation: objective 1.863450e+05, 1138 iterations, 0.01 seconds (0.02 work units)

    Nodes    |    Current Node    |     Objective Bounds      |     Work
 Expl Unexpl |  Obj  Depth IntInf | Incumbent    BestBd   Gap | It/Node Time

     0     0 186345.000    0   62 186395.000 186345.000  0.03%     -    0s
     0     0 186345.000    0   62 186395.000 186345.000  0.03%     -    0s
     0     0 186345.000    0   24 186395.000 186345.000  0.03%     -    0s
     0     0 186345.250    0   79 186395.000 186345.250  0.03%     -    0s
     0     0 186346.000    0   60 186395.000 186346.000  0.03%     -    0s

Cutting planes:
  Implied bound: 1
  Clique: 18
  Zero half: 3
  RLT: 1
  BQP: 1

Explored 1 nodes (1989 simplex iterations) in 0.41 seconds (0.99 work units)
Thread count was 10 (of 10 available processors)

Solution count 1: 186395 

Optimal solution found (tolerance 1.00e-04)
Best objective 1.863950000000e+05, best bound 1.863950000000e+05, gap 0.0000%
Solução ótima encontrada.
Set parameter TimeLimit to value 25200
Set parameter TimeLimit to value 600
Gurobi Optimizer version 10.0.2 build v10.0.2rc0 (mac64[arm])

CPU model: Apple M5
Thread count: 10 physical cores, 10 logical processors, using up to 10 threads

Optimize a model with 548706 rows, 284763 columns and 1341935 nonzeros
Model fingerprint: 0xf490c923
Variable types: 0 continuous, 284763 integer (264707 binary)
Coefficient statistics:
  Matrix range     [1e+00, 8e+01]
  Objective range  [5e-01, 2e+03]
  Bounds range     [1e+00, 1e+00]
  RHS range        [1e+00, 1e+02]

User MIP start produced solution with objective 186395 (0.10s)
Loaded user MIP start with objective 186395
MIP start from previous solve did not produce a new incumbent solution

Presolve removed 543374 rows and 280225 columns
Presolve time: 0.18s
Presolved: 5332 rows, 4538 columns, 15141 nonzeros
Variable types: 0 continuous, 4538 integer (4538 binary)

Root relaxation: objective 1.863675e+05, 1035 iterations, 0.01 seconds (0.02 work units)

    Nodes    |    Current Node    |     Objective Bounds      |     Work
 Expl Unexpl |  Obj  Depth IntInf | Incumbent    BestBd   Gap | It/Node Time

     0     0 186367.500    0   93 186395.000 186367.500  0.01%     -    0s
     0     0 186367.500    0   93 186395.000 186367.500  0.01%     -    0s
     0     0 186367.500    0   28 186395.000 186367.500  0.01%     -    0s
     0     0 186370.000    0   54 186395.000 186370.000  0.01%     -    0s
     0     0 186373.750    0   35 186395.000 186373.750  0.01%     -    0s
     0     0 186375.000    0   42 186395.000 186375.000  0.01%     -    0s
     0     0 186376.250    0   39 186395.000 186376.250  0.01%     -    0s

Cutting planes:
  Gomory: 2
  Clique: 14
  Zero half: 5
  RLT: 3
  BQP: 2

Explored 1 nodes (1886 simplex iterations) in 0.36 seconds (0.96 work units)
Thread count was 10 (of 10 available processors)

Solution count 1: 186395 

Optimal solution found (tolerance 1.00e-04)
Best objective 1.863950000000e+05, best bound 1.863765000000e+05, gap 0.0099%
Solução ótima encontrada.
Set parameter TimeLimit to value 25200
Set parameter TimeLimit to value 600
Gurobi Optimizer version 10.0.2 build v10.0.2rc0 (mac64[arm])

CPU model: Apple M5
Thread count: 10 physical cores, 10 logical processors, using up to 10 threads

Optimize a model with 548706 rows, 284763 columns and 1341935 nonzeros
Model fingerprint: 0x863837a6
Variable types: 0 continuous, 284763 integer (264707 binary)
Coefficient statistics:
  Matrix range     [1e+00, 8e+01]
  Objective range  [5e-01, 2e+03]
  Bounds range     [1e+00, 1e+00]
  RHS range        [1e+00, 1e+02]

User MIP start produced solution with objective 186395 (0.10s)
Loaded user MIP start with objective 186395
MIP start from previous solve did not produce a new incumbent solution

Presolve removed 542999 rows and 279862 columns
Presolve time: 0.20s
Presolved: 5707 rows, 4901 columns, 16105 nonzeros
Variable types: 0 continuous, 4901 integer (4901 binary)

Root relaxation: objective 1.863800e+05, 605 iterations, 0.01 seconds (0.02 work units)

    Nodes    |    Current Node    |     Objective Bounds      |     Work
 Expl Unexpl |  Obj  Depth IntInf | Incumbent    BestBd   Gap | It/Node Time

     0     0 186380.000    0   92 186395.000 186380.000  0.01%     -    0s

Explored 1 nodes (704 simplex iterations) in 0.34 seconds (0.93 work units)
Thread count was 10 (of 10 available processors)

Solution count 1: 186395 

Optimal solution found (tolerance 1.00e-04)
Best objective 1.863950000000e+05, best bound 1.863800000000e+05, gap 0.0080%
Solução ótima encontrada.
Set parameter TimeLimit to value 25200
Set parameter TimeLimit to value 600
Gurobi Optimizer version 10.0.2 build v10.0.2rc0 (mac64[arm])

CPU model: Apple M5
Thread count: 10 physical cores, 10 logical processors, using up to 10 threads

Optimize a model with 548706 rows, 284763 columns and 1341935 nonzeros
Model fingerprint: 0xb3afa084
Variable types: 0 continuous, 284763 integer (264707 binary)
Coefficient statistics:
  Matrix range     [1e+00, 8e+01]
  Objective range  [5e-01, 2e+03]
  Bounds range     [1e+00, 1e+00]
  RHS range        [1e+00, 1e+02]

User MIP start produced solution with objective 186395 (0.10s)
Loaded user MIP start with objective 186395
MIP start from previous solve did not produce a new incumbent solution

Presolve removed 530984 rows and 272215 columns
Presolve time: 0.18s
Presolved: 17722 rows, 12548 columns, 50910 nonzeros
Variable types: 0 continuous, 12548 integer (12548 binary)

Root relaxation: objective 1.861534e+05, 11491 iterations, 0.36 seconds (0.83 work units)

    Nodes    |    Current Node    |     Objective Bounds      |     Work
 Expl Unexpl |  Obj  Depth IntInf | Incumbent    BestBd   Gap | It/Node Time

     0     0 186153.375    0  705 186395.000 186153.375  0.13%     -    0s
     0     0 186190.800    0  746 186395.000 186190.800  0.11%     -    1s
     0     0 186190.800    0  542 186395.000 186190.800  0.11%     -    1s
     0     0 186205.336    0  695 186395.000 186205.336  0.10%     -    1s
     0     0 186207.063    0  676 186395.000 186207.063  0.10%     -    1s
     0     0 186207.536    0  673 186395.000 186207.536  0.10%     -    1s
     0     0 186207.579    0  688 186395.000 186207.579  0.10%     -    1s
     0     0 186225.000    0  666 186395.000 186225.000  0.09%     -    2s
     0     0 186228.500    0  601 186395.000 186228.500  0.09%     -    2s
     0     0 186229.148    0  686 186395.000 186229.148  0.09%     -    2s
     0     0 186229.149    0  686 186395.000 186229.149  0.09%     -    2s
     0     0 186234.929    0  690 186395.000 186234.929  0.09%     -    2s
     0     0 186238.315    0  782 186395.000 186238.315  0.08%     -    2s
     0     0 186238.382    0  780 186395.000 186238.382  0.08%     -    2s
     0     0 186238.415    0  780 186395.000 186238.415  0.08%     -    2s
     0     0 186238.500    0  738 186395.000 186238.500  0.08%     -    2s
     0     0 186238.510    0  665 186395.000 186238.510  0.08%     -    2s
     0     0 186238.552    0  691 186395.000 186238.552  0.08%     -    2s
     0     0 186238.554    0  691 186395.000 186238.554  0.08%     -    2s
     0     0 186242.115    0  786 186395.000 186242.115  0.08%     -    2s
     0     0 186242.115    0  507 186395.000 186242.115  0.08%     -    3s
     0     0 186242.115    0  521 186395.000 186242.115  0.08%     -    3s
     0     0 186242.115    0  576 186395.000 186242.115  0.08%     -    3s
     0     0 186242.115    0  573 186395.000 186242.115  0.08%     -    3s
     0     0 186242.115    0  519 186395.000 186242.115  0.08%     -    3s
     0     0 186242.115    0  675 186395.000 186242.115  0.08%     -    3s
     0     0 186242.909    0  599 186395.000 186242.909  0.08%     -    3s
     0     0 186243.595    0  586 186395.000 186243.595  0.08%     -    3s
     0     0 186243.783    0  603 186395.000 186243.783  0.08%     -    3s
     0     0 186244.066    0  595 186395.000 186244.066  0.08%     -    3s
     0     0 186244.124    0  615 186395.000 186244.124  0.08%     -    3s
     0     0 186244.124    0  627 186395.000 186244.124  0.08%     -    3s
     0     0 186257.594    0  640 186395.000 186257.594  0.07%     -    3s
     0     0 186257.594    0  335 186395.000 186257.594  0.07%     -    3s
     0     0 186257.594    0  340 186395.000 186257.594  0.07%     -    3s
     0     0 186257.594    0  378 186395.000 186257.594  0.07%     -    3s
     0     0 186257.594    0  430 186395.000 186257.594  0.07%     -    3s
     0     0 186258.356    0  458 186395.000 186258.356  0.07%     -    3s
     0     0 186259.688    0  449 186395.000 186259.688  0.07%     -    3s
     0     0 186260.269    0  449 186395.000 186260.269  0.07%     -    3s
     0     0 186260.269    0  451 186395.000 186260.269  0.07%     -    3s
     0     0 186268.042    0  406 186395.000 186268.042  0.07%     -    4s
     0     0 186268.042    0  256 186395.000 186268.042  0.07%     -    4s
     0     0 186268.042    0  341 186395.000 186268.042  0.07%     -    4s
     0     0 186268.042    0  349 186395.000 186268.042  0.07%     -    4s
     0     0 186268.042    0  316 186395.000 186268.042  0.07%     -    4s
     0     0 186268.042    0  326 186395.000 186268.042  0.07%     -    4s
     0     0 186274.802    0  361 186395.000 186274.802  0.06%     -    4s
     0     0 186277.627    0  379 186395.000 186277.627  0.06%     -    4s
     0     0 186277.745    0  375 186395.000 186277.745  0.06%     -    4s
     0     0 186277.766    0  376 186395.000 186277.766  0.06%     -    4s
     0     0 186277.769    0  377 186395.000 186277.769  0.06%     -    4s
     0     0 186308.274    0  372 186395.000 186308.274  0.05%     -    4s
     0     0 186310.000    0  377 186395.000 186310.000  0.05%     -    4s
     0     0 186312.500    0  371 186395.000 186312.500  0.04%     -    4s
     0     0 186315.000    0  365 186395.000 186315.000  0.04%     -    4s
     0     0 186321.000    0  373 186395.000 186321.000  0.04%     -    4s
     0     0 186336.500    0  389 186395.000 186336.500  0.03%     -    4s
     0     0 186336.500    0  238 186395.000 186336.500  0.03%     -    4s
     0     0 186336.500    0  258 186395.000 186336.500  0.03%     -    4s
     0     0 186336.500    0  277 186395.000 186336.500  0.03%     -    4s
     0     0 186336.500    0  339 186395.000 186336.500  0.03%     -    4s
     0     0 186336.500    0  350 186395.000 186336.500  0.03%     -    4s
     0     0 186336.500    0  340 186395.000 186336.500  0.03%     -    4s
     0     0 186336.500    0  365 186395.000 186336.500  0.03%     -    4s
     0     0 186336.500    0  341 186395.000 186336.500  0.03%     -    4s
     0     0 186336.500    0  335 186395.000 186336.500  0.03%     -    4s
     0     0 186336.500    0  333 186395.000 186336.500  0.03%     -    4s
     0     0 186336.500    0  332 186395.000 186336.500  0.03%     -    4s
     0     0 186336.500    0  332 186395.000 186336.500  0.03%     -    4s
     0     0 186336.500    0  340 186395.000 186336.500  0.03%     -    4s
     0     0 186336.500    0  346 186395.000 186336.500  0.03%     -    4s
     0     0 186336.500    0  338 186395.000 186336.500  0.03%     -    4s
     0     0 186336.500    0  341 186395.000 186336.500  0.03%     -    4s
     0     0 186367.667    0  341 186395.000 186367.667  0.01%     -    4s
     0     0 186379.500    0  341 186395.000 186379.500  0.01%     -    4s

Cutting planes:
  Gomory: 5
  MIR: 1
  Zero half: 18
  RLT: 9
  BQP: 30

Explored 1 nodes (50830 simplex iterations) in 4.50 seconds (6.39 work units)
Thread count was 10 (of 10 available processors)

Solution count 1: 186395 

Optimal solution found (tolerance 1.00e-04)
Best objective 1.863950000000e+05, best bound 1.863795000000e+05, gap 0.0083%
Solução ótima encontrada.
Set parameter TimeLimit to value 25200
Set parameter TimeLimit to value 600
Gurobi Optimizer version 10.0.2 build v10.0.2rc0 (mac64[arm])

CPU model: Apple M5
Thread count: 10 physical cores, 10 logical processors, using up to 10 threads

Optimize a model with 548706 rows, 284763 columns and 1341935 nonzeros
Model fingerprint: 0xd69cc3cf
Variable types: 0 continuous, 284763 integer (264707 binary)
Coefficient statistics:
  Matrix range     [1e+00, 8e+01]
  Objective range  [5e-01, 2e+03]
  Bounds range     [1e+00, 1e+00]
  RHS range        [1e+00, 1e+02]

User MIP start produced solution with objective 186395 (0.12s)
Loaded user MIP start with objective 186395
MIP start from previous solve did not produce a new incumbent solution

Presolve removed 547200 rows and 283499 columns
Presolve time: 0.16s
Presolved: 1506 rows, 1264 columns, 4202 nonzeros
Variable types: 0 continuous, 1264 integer (1264 binary)

Root relaxation: objective 1.863850e+05, 289 iterations, 0.00 seconds (0.00 work units)

    Nodes    |    Current Node    |     Objective Bounds      |     Work
 Expl Unexpl |  Obj  Depth IntInf | Incumbent    BestBd   Gap | It/Node Time

     0     0          -    0      186395.000 186385.000  0.01%     -    0s

Explored 1 nodes (289 simplex iterations) in 0.30 seconds (0.80 work units)
Thread count was 10 (of 10 available processors)

Solution count 1: 186395 

Optimal solution found (tolerance 1.00e-04)
Best objective 1.863950000000e+05, best bound 1.863850000000e+05, gap 0.0054%
Solução ótima encontrada.
Set parameter TimeLimit to value 25200
Set parameter TimeLimit to value 600
Gurobi Optimizer version 10.0.2 build v10.0.2rc0 (mac64[arm])

CPU model: Apple M5
Thread count: 10 physical cores, 10 logical processors, using up to 10 threads

Optimize a model with 548706 rows, 284763 columns and 1341935 nonzeros
Model fingerprint: 0xfa11f41d
Variable types: 0 continuous, 284763 integer (264707 binary)
Coefficient statistics:
  Matrix range     [1e+00, 8e+01]
  Objective range  [5e-01, 2e+03]
  Bounds range     [1e+00, 1e+00]
  RHS range        [1e+00, 1e+02]

User MIP start produced solution with objective 186395 (0.10s)
Loaded user MIP start with objective 186395
MIP start from previous solve did not produce a new incumbent solution

Presolve removed 545560 rows and 281969 columns
Presolve time: 0.15s
Presolved: 3146 rows, 2794 columns, 8863 nonzeros
Variable types: 0 continuous, 2794 integer (2794 binary)

Root relaxation: cutoff, 142 iterations, 0.00 seconds (0.00 work units)

    Nodes    |    Current Node    |     Objective Bounds      |     Work
 Expl Unexpl |  Obj  Depth IntInf | Incumbent    BestBd   Gap | It/Node Time

     0     0     cutoff    0      186395.000 186395.000  0.00%     -    0s

Explored 1 nodes (142 simplex iterations) in 0.28 seconds (0.82 work units)
Thread count was 10 (of 10 available processors)

Solution count 1: 186395 

Optimal solution found (tolerance 1.00e-04)
Best objective 1.863950000000e+05, best bound 1.863950000000e+05, gap 0.0000%
Solução ótima encontrada.
Set parameter TimeLimit to value 25200
Set parameter TimeLimit to value 600
Gurobi Optimizer version 10.0.2 build v10.0.2rc0 (mac64[arm])

CPU model: Apple M5
Thread count: 10 physical cores, 10 logical processors, using up to 10 threads

Optimize a model with 548706 rows, 284763 columns and 1341935 nonzeros
Model fingerprint: 0xfdba498d
Variable types: 0 continuous, 284763 integer (264707 binary)
Coefficient statistics:
  Matrix range     [1e+00, 8e+01]
  Objective range  [5e-01, 2e+03]
  Bounds range     [1e+00, 1e+00]
  RHS range        [1e+00, 1e+02]

User MIP start produced solution with objective 186395 (0.10s)
Loaded user MIP start with objective 186395
MIP start from previous solve did not produce a new incumbent solution

Presolve removed 527733 rows and 267971 columns
Presolve time: 0.25s
Presolved: 20973 rows, 16792 columns, 61047 nonzeros
Variable types: 0 continuous, 16792 integer (16792 binary)

Root relaxation: objective 1.863213e+05, 8555 iterations, 0.40 seconds (1.14 work units)

    Nodes    |    Current Node    |     Objective Bounds      |     Work
 Expl Unexpl |  Obj  Depth IntInf | Incumbent    BestBd   Gap | It/Node Time

     0     0 186321.250    0  732 186395.000 186321.250  0.04%     -    1s
     0     0 186321.250    0  732 186395.000 186321.250  0.04%     -    1s
     0     0 186321.250    0  225 186395.000 186321.250  0.04%     -    1s
     0     0 186326.500    0  228 186395.000 186326.500  0.04%     -    1s
     0     0 186327.167    0  235 186395.000 186327.167  0.04%     -    1s
     0     0 186327.361    0  235 186395.000 186327.361  0.04%     -    1s
     0     0 186331.814    0  248 186395.000 186331.814  0.03%     -    1s
     0     0 186331.814    0  260 186395.000 186331.814  0.03%     -    1s
     0     0 186334.976    0  271 186395.000 186334.976  0.03%     -    1s
     0     0 186335.312    0  258 186395.000 186335.312  0.03%     -    1s
     0     0 186335.312    0  258 186395.000 186335.312  0.03%     -    1s
     0     0 186336.976    0  261 186395.000 186336.976  0.03%     -    1s
     0     0 186337.037    0  272 186395.000 186337.037  0.03%     -    1s
     0     0 186337.504    0  281 186395.000 186337.504  0.03%     -    1s
     0     0 186338.200    0  202 186395.000 186338.200  0.03%     -    1s
     0     0 186338.200    0  210 186395.000 186338.200  0.03%     -    1s
     0     0 186338.410    0  257 186395.000 186338.410  0.03%     -    1s
     0     0 186338.450    0  211 186395.000 186338.450  0.03%     -    1s
     0     0 186338.450    0  272 186395.000 186338.450  0.03%     -    1s
     0     0 186338.450    0  259 186395.000 186338.450  0.03%     -    1s
     0     0 186338.450    0  198 186395.000 186338.450  0.03%     -    1s
     0     0 186338.450    0  214 186395.000 186338.450  0.03%     -    1s
     0     0 186338.450    0  274 186395.000 186338.450  0.03%     -    1s
     0     0 186338.452    0  257 186395.000 186338.452  0.03%     -    1s
     0     0 186338.855    0  242 186395.000 186338.855  0.03%     -    1s
     0     0 186338.903    0  235 186395.000 186338.903  0.03%     -    1s
     0     0 186339.833    0  189 186395.000 186339.833  0.03%     -    1s
     0     0 186339.833    0  212 186395.000 186339.833  0.03%     -    1s
     0     0 186339.889    0  248 186395.000 186339.889  0.03%     -    1s
     0     0 186339.889    0  251 186395.000 186339.889  0.03%     -    1s
     0     0 186339.905    0  268 186395.000 186339.905  0.03%     -    1s
     0     0 186339.905    0  260 186395.000 186339.905  0.03%     -    1s
     0     0 186339.926    0  236 186395.000 186339.926  0.03%     -    1s
     0     2 186339.944    0  235 186395.000 186339.944  0.03%     -    1s

Cutting planes:
  Gomory: 4
  MIR: 4
  Inf proof: 4
  Zero half: 9
  RLT: 13
  BQP: 24

Explored 2416 nodes (136397 simplex iterations) in 3.55 seconds (6.15 work units)
Thread count was 10 (of 10 available processors)

Solution count 1: 186395 

Optimal solution found (tolerance 1.00e-04)
Best objective 1.863950000000e+05, best bound 1.863835000000e+05, gap 0.0062%
Solução ótima encontrada.
Set parameter TimeLimit to value 25200
Set parameter TimeLimit to value 600
Gurobi Optimizer version 10.0.2 build v10.0.2rc0 (mac64[arm])

CPU model: Apple M5
Thread count: 10 physical cores, 10 logical processors, using up to 10 threads

Optimize a model with 548706 rows, 284763 columns and 1341935 nonzeros
Model fingerprint: 0x72945f7a
Variable types: 0 continuous, 284763 integer (264707 binary)
Coefficient statistics:
  Matrix range     [1e+00, 8e+01]
  Objective range  [5e-01, 2e+03]
  Bounds range     [1e+00, 1e+00]
  RHS range        [1e+00, 1e+02]

User MIP start produced solution with objective 186395 (0.14s)
Loaded user MIP start with objective 186395
MIP start from previous solve did not produce a new incumbent solution

Presolve removed 529824 rows and 269795 columns
Presolve time: 0.29s
Presolved: 18882 rows, 14968 columns, 54057 nonzeros
Variable types: 0 continuous, 14968 integer (14968 binary)

Root relaxation: objective 1.859763e+05, 11331 iterations, 0.30 seconds (0.58 work units)

    Nodes    |    Current Node    |     Objective Bounds      |     Work
 Expl Unexpl |  Obj  Depth IntInf | Incumbent    BestBd   Gap | It/Node Time

     0     0 185976.257    0  742 186395.000 185976.257  0.22%     -    0s
     0     0 185976.357    0  726 186395.000 185976.357  0.22%     -    0s
     0     0 185976.357    0  726 186395.000 185976.357  0.22%     -    0s
     0     0 185976.357    0  701 186395.000 185976.357  0.22%     -    1s
     0     0 186188.823    0 1464 186395.000 186188.823  0.11%     -    2s
     0     0 186190.522    0 1377 186395.000 186190.522  0.11%     -    2s
     0     0 186200.905    0 1400 186395.000 186200.905  0.10%     -    2s
     0     0 186202.021    0 1359 186395.000 186202.021  0.10%     -    2s
     0     0 186211.520    0 1385 186395.000 186211.520  0.10%     -    2s
     0     0 186211.520    0 1390 186395.000 186211.520  0.10%     -    2s
     0     0 186321.639    0  843 186395.000 186321.639  0.04%     -    3s
     0     0 186321.639    0  525 186395.000 186321.639  0.04%     -    3s
     0     0 186334.044    0  665 186395.000 186334.044  0.03%     -    3s
     0     0 186344.438    0  380 186395.000 186344.438  0.03%     -    3s
     0     0     cutoff    0      186395.000 186395.000  0.00%     -    3s

Cutting planes:
  Gomory: 3
  Implied bound: 20
  Clique: 88
  MIR: 2
  Zero half: 40
  RLT: 49
  BQP: 5

Explored 1 nodes (42644 simplex iterations) in 3.73 seconds (5.88 work units)
Thread count was 10 (of 10 available processors)

Solution count 1: 186395 

Optimal solution found (tolerance 1.00e-04)
Best objective 1.863950000000e+05, best bound 1.863950000000e+05, gap 0.0000%
Solução ótima encontrada.
Set parameter TimeLimit to value 25200
Set parameter TimeLimit to value 600
Gurobi Optimizer version 10.0.2 build v10.0.2rc0 (mac64[arm])

CPU model: Apple M5
Thread count: 10 physical cores, 10 logical processors, using up to 10 threads

Optimize a model with 548706 rows, 284763 columns and 1341935 nonzeros
Model fingerprint: 0xc1fd992e
Variable types: 0 continuous, 284763 integer (264707 binary)
Coefficient statistics:
  Matrix range     [1e+00, 8e+01]
  Objective range  [5e-01, 2e+03]
  Bounds range     [1e+00, 1e+00]
  RHS range        [1e+00, 1e+02]

User MIP start produced solution with objective 186395 (0.13s)
Loaded user MIP start with objective 186395
MIP start from previous solve did not produce a new incumbent solution

Presolve removed 534678 rows and 273293 columns
Presolve time: 0.25s
Presolved: 14028 rows, 11470 columns, 40742 nonzeros
Variable types: 0 continuous, 11470 integer (11470 binary)

Root relaxation: objective 1.861945e+05, 5465 iterations, 0.15 seconds (0.25 work units)

    Nodes    |    Current Node    |     Objective Bounds      |     Work
 Expl Unexpl |  Obj  Depth IntInf | Incumbent    BestBd   Gap | It/Node Time

     0     0 186194.500    0  523 186395.000 186194.500  0.11%     -    0s
     0     0 186286.750    0  570 186395.000 186286.750  0.06%     -    0s
     0     0 186286.750    0  570 186395.000 186286.750  0.06%     -    0s
     0     0 186286.750    0  160 186395.000 186286.750  0.06%     -    0s
     0     0 186292.833    0  155 186395.000 186292.833  0.05%     -    0s
     0     0 186292.833    0  157 186395.000 186292.833  0.05%     -    0s
     0     0 186293.625    0  151 186395.000 186293.625  0.05%     -    0s
     0     0 186293.750    0  151 186395.000 186293.750  0.05%     -    0s
     0     0 186293.750    0  177 186395.000 186293.750  0.05%     -    0s
     0     0 186293.750    0  199 186395.000 186293.750  0.05%     -    0s
     0     0 186294.750    0  199 186395.000 186294.750  0.05%     -    0s
     0     0 186294.750    0  202 186395.000 186294.750  0.05%     -    0s
     0     0 186296.193    0  191 186395.000 186296.193  0.05%     -    0s
     0     0 186296.250    0  101 186395.000 186296.250  0.05%     -    0s
     0     0 186296.250    0   54 186395.000 186296.250  0.05%     -    0s
     0     0 186296.250    0  135 186395.000 186296.250  0.05%     -    0s
     0     0 186296.250    0  138 186395.000 186296.250  0.05%     -    0s
     0     0 186296.250    0  137 186395.000 186296.250  0.05%     -    0s
     0     0 186296.315    0  140 186395.000 186296.315  0.05%     -    0s
     0     0 186296.960    0  129 186395.000 186296.960  0.05%     -    0s
     0     0 186297.318    0  127 186395.000 186297.318  0.05%     -    0s
     0     0 186297.366    0  140 186395.000 186297.366  0.05%     -    0s
     0     0 186297.367    0  141 186395.000 186297.367  0.05%     -    0s
     0     0 186297.635    0  132 186395.000 186297.635  0.05%     -    0s
     0     0 186297.692    0  153 186395.000 186297.692  0.05%     -    0s
     0     0 186297.718    0  160 186395.000 186297.718  0.05%     -    0s
     0     0 186297.806    0  142 186395.000 186297.806  0.05%     -    0s
     0     0 186297.889    0  153 186395.000 186297.889  0.05%     -    0s
     0     0 186297.905    0  155 186395.000 186297.905  0.05%     -    0s
     0     0 186298.191    0  141 186395.000 186298.191  0.05%     -    0s
     0     0 186299.250    0  152 186395.000 186299.250  0.05%     -    0s
     0     0 186299.250    0  155 186395.000 186299.250  0.05%     -    0s
     0     0 186299.250    0  144 186395.000 186299.250  0.05%     -    0s
     0     0 186299.667    0  151 186395.000 186299.667  0.05%     -    0s
     0     0 186302.500    0  132 186395.000 186302.500  0.05%     -    0s
     0     0 186302.653    0  102 186395.000 186302.653  0.05%     -    0s
     0     0 186302.653    0  127 186395.000 186302.653  0.05%     -    0s
     0     0 186302.653    0  122 186395.000 186302.653  0.05%     -    0s
     0     0 186302.653    0  147 186395.000 186302.653  0.05%     -    0s
     0     0 186302.653    0  134 186395.000 186302.653  0.05%     -    0s
     0     0 186302.653    0  134 186395.000 186302.653  0.05%     -    0s
     0     0 186302.653    0  144 186395.000 186302.653  0.05%     -    0s
     0     0 186302.653    0  148 186395.000 186302.653  0.05%     -    0s
     0     0 186302.653    0  149 186395.000 186302.653  0.05%     -    0s
     0     0 186302.653    0  148 186395.000 186302.653  0.05%     -    0s
     0     0 186302.653    0  169 186395.000 186302.653  0.05%     -    0s
     0     0 186302.653    0  168 186395.000 186302.653  0.05%     -    0s
     0     0 186302.653    0  151 186395.000 186302.653  0.05%     -    0s
     0     0 186302.653    0  160 186395.000 186302.653  0.05%     -    1s
     0     0 186304.250    0  157 186395.000 186304.250  0.05%     -    1s
     0     2 186304.250    0  154 186395.000 186304.250  0.05%     -    1s

Cutting planes:
  Gomory: 3
  MIR: 6
  Zero half: 11
  RLT: 19
  BQP: 39

Explored 1129 nodes (40606 simplex iterations) in 1.25 seconds (2.13 work units)
Thread count was 10 (of 10 available processors)

Solution count 1: 186395 

Optimal solution found (tolerance 1.00e-04)
Best objective 1.863950000000e+05, best bound 1.863885000000e+05, gap 0.0035%
Solução ótima encontrada.
Set parameter TimeLimit to value 25200
Set parameter TimeLimit to value 600
Gurobi Optimizer version 10.0.2 build v10.0.2rc0 (mac64[arm])

CPU model: Apple M5
Thread count: 10 physical cores, 10 logical processors, using up to 10 threads

Optimize a model with 548706 rows, 284763 columns and 1341935 nonzeros
Model fingerprint: 0x3f8d7c09
Variable types: 0 continuous, 284763 integer (264707 binary)
Coefficient statistics:
  Matrix range     [1e+00, 8e+01]
  Objective range  [5e-01, 2e+03]
  Bounds range     [1e+00, 1e+00]
  RHS range        [1e+00, 1e+02]

User MIP start produced solution with objective 186395 (0.17s)
Loaded user MIP start with objective 186395
MIP start from previous solve did not produce a new incumbent solution

Presolve removed 531437 rows and 270658 columns
Presolve time: 0.33s
Presolved: 17269 rows, 14105 columns, 50895 nonzeros
Variable types: 0 continuous, 14105 integer (14105 binary)

Root relaxation: objective 1.856430e+05, 2564 iterations, 0.05 seconds (0.07 work units)

    Nodes    |    Current Node    |     Objective Bounds      |     Work
 Expl Unexpl |  Obj  Depth IntInf | Incumbent    BestBd   Gap | It/Node Time

     0     0 185643.000    0  586 186395.000 185643.000  0.40%     -    0s
     0     0 186165.367    0  743 186395.000 186165.367  0.12%     -    0s
     0     0 186177.917    0  689 186395.000 186177.917  0.12%     -    0s
     0     0 186187.000    0  805 186395.000 186187.000  0.11%     -    0s
     0     0 186191.667    0  619 186395.000 186191.667  0.11%     -    0s
     0     0 186372.500    0  365 186395.000 186372.500  0.01%     -    0s
     0     0 186372.500    0  213 186395.000 186372.500  0.01%     -    0s
     0     0 186372.500    0  398 186395.000 186372.500  0.01%     -    1s
     0     0 186376.250    0  292 186395.000 186376.250  0.01%     -    1s

Cutting planes:
  Gomory: 1
  Clique: 14
  MIR: 1
  Zero half: 6
  BQP: 13

Explored 1 nodes (8945 simplex iterations) in 1.04 seconds (1.74 work units)
Thread count was 10 (of 10 available processors)

Solution count 1: 186395 

Optimal solution found (tolerance 1.00e-04)
Best objective 1.863950000000e+05, best bound 1.863765000000e+05, gap 0.0099%
Solução ótima encontrada.
Set parameter TimeLimit to value 25200
Set parameter TimeLimit to value 600
Gurobi Optimizer version 10.0.2 build v10.0.2rc0 (mac64[arm])

CPU model: Apple M5
Thread count: 10 physical cores, 10 logical processors, using up to 10 threads

Optimize a model with 548706 rows, 284763 columns and 1341935 nonzeros
Model fingerprint: 0x9e1bffd7
Variable types: 0 continuous, 284763 integer (264707 binary)
Coefficient statistics:
  Matrix range     [1e+00, 8e+01]
  Objective range  [5e-01, 2e+03]
  Bounds range     [1e+00, 1e+00]
  RHS range        [1e+00, 1e+02]

User MIP start produced solution with objective 186395 (0.12s)
Loaded user MIP start with objective 186395
MIP start from previous solve did not produce a new incumbent solution

Presolve removed 530898 rows and 270799 columns
Presolve time: 0.19s
Presolved: 17808 rows, 13964 columns, 50160 nonzeros
Variable types: 0 continuous, 13964 integer (13964 binary)

Root relaxation: objective 1.863875e+05, 1274 iterations, 0.02 seconds (0.04 work units)

    Nodes    |    Current Node    |     Objective Bounds      |     Work
 Expl Unexpl |  Obj  Depth IntInf | Incumbent    BestBd   Gap | It/Node Time

     0     0 186387.500    0  179 186395.000 186387.500  0.00%     -    0s

Explored 1 nodes (2315 simplex iterations) in 0.40 seconds (1.03 work units)
Thread count was 10 (of 10 available processors)

Solution count 1: 186395 

Optimal solution found (tolerance 1.00e-04)
Best objective 1.863950000000e+05, best bound 1.863875000000e+05, gap 0.0040%
Solução ótima encontrada.
Set parameter TimeLimit to value 25200
Set parameter TimeLimit to value 600
Gurobi Optimizer version 10.0.2 build v10.0.2rc0 (mac64[arm])

CPU model: Apple M5
Thread count: 10 physical cores, 10 logical processors, using up to 10 threads

Optimize a model with 548706 rows, 284763 columns and 1341935 nonzeros
Model fingerprint: 0x1dbdb2cc
Variable types: 0 continuous, 284763 integer (264707 binary)
Coefficient statistics:
  Matrix range     [1e+00, 8e+01]
  Objective range  [5e-01, 2e+03]
  Bounds range     [1e+00, 1e+00]
  RHS range        [1e+00, 1e+02]

User MIP start produced solution with objective 186395 (0.11s)
Loaded user MIP start with objective 186395
MIP start from previous solve did not produce a new incumbent solution

Presolve removed 530468 rows and 271261 columns
Presolve time: 0.26s
Presolved: 18238 rows, 13502 columns, 52116 nonzeros
Variable types: 0 continuous, 13502 integer (13502 binary)

Root relaxation: objective 1.862724e+05, 11806 iterations, 0.37 seconds (0.76 work units)

    Nodes    |    Current Node    |     Objective Bounds      |     Work
 Expl Unexpl |  Obj  Depth IntInf | Incumbent    BestBd   Gap | It/Node Time

     0     0 186272.433    0  878 186395.000 186272.433  0.07%     -    0s
     0     0 186276.833    0  593 186395.000 186276.833  0.06%     -    0s
     0     0 186276.833    0  593 186395.000 186276.833  0.06%     -    0s
     0     0 186276.833    0  226 186395.000 186276.833  0.06%     -    0s
     0     0 186381.000    0  119 186395.000 186381.000  0.01%     -    0s

Cutting planes:
  Gomory: 1
  Clique: 2
  MIR: 4
  Zero half: 19
  RLT: 16
  BQP: 52

Explored 1 nodes (16569 simplex iterations) in 1.00 seconds (2.39 work units)
Thread count was 10 (of 10 available processors)

Solution count 1: 186395 

Optimal solution found (tolerance 1.00e-04)
Best objective 1.863950000000e+05, best bound 1.863810000000e+05, gap 0.0075%
Solução ótima encontrada.
Set parameter TimeLimit to value 25200
Set parameter TimeLimit to value 600
Gurobi Optimizer version 10.0.2 build v10.0.2rc0 (mac64[arm])

CPU model: Apple M5
Thread count: 10 physical cores, 10 logical processors, using up to 10 threads

Optimize a model with 548706 rows, 284763 columns and 1341935 nonzeros
Model fingerprint: 0x74f2fe66
Variable types: 0 continuous, 284763 integer (264707 binary)
Coefficient statistics:
  Matrix range     [1e+00, 8e+01]
  Objective range  [5e-01, 2e+03]
  Bounds range     [1e+00, 1e+00]
  RHS range        [1e+00, 1e+02]

User MIP start produced solution with objective 186395 (0.11s)
Loaded user MIP start with objective 186395
MIP start from previous solve did not produce a new incumbent solution

Presolve removed 536402 rows and 274843 columns
Presolve time: 0.23s
Presolved: 12304 rows, 9920 columns, 35572 nonzeros
Variable types: 0 continuous, 9920 integer (9920 binary)

Root relaxation: objective 1.861368e+05, 7940 iterations, 0.32 seconds (0.76 work units)

    Nodes    |    Current Node    |     Objective Bounds      |     Work
 Expl Unexpl |  Obj  Depth IntInf | Incumbent    BestBd   Gap | It/Node Time

     0     0 186136.750    0  292 186395.000 186136.750  0.14%     -    0s
     0     0 186171.000    0  866 186395.000 186171.000  0.12%     -    1s
     0     0 186171.000    0  297 186395.000 186171.000  0.12%     -    1s
     0     0 186175.583    0  752 186395.000 186175.583  0.12%     -    1s
     0     0 186176.857    0  727 186395.000 186176.857  0.12%     -    2s
     0     0 186177.095    0  774 186395.000 186177.095  0.12%     -    2s
     0     0 186217.843    0  854 186395.000 186217.843  0.10%     -    2s
     0     0 186226.530    0  930 186395.000 186226.530  0.09%     -    2s
     0     0 186226.619    0  937 186395.000 186226.619  0.09%     -    2s
     0     0 186226.629    0  939 186395.000 186226.629  0.09%     -    2s
     0     0 186245.400    0  336 186395.000 186245.400  0.08%     -    2s
     0     0 186245.400    0  137 186395.000 186245.400  0.08%     -    2s
     0     0 186245.400    0  264 186395.000 186245.400  0.08%     -    2s
     0     0 186245.400    0  132 186395.000 186245.400  0.08%     -    2s
     0     0 186254.864    0  151 186395.000 186254.864  0.08%     -    2s
     0     0 186254.864    0  151 186395.000 186254.864  0.08%     -    2s
     0     0 186258.167    0  158 186395.000 186258.167  0.07%     -    2s
     0     0 186260.000    0  120 186395.000 186260.000  0.07%     -    2s
     0     0 186261.530    0  170 186395.000 186261.530  0.07%     -    2s
     0     0 186261.813    0  194 186395.000 186261.813  0.07%     -    2s
     0     0 186261.833    0  171 186395.000 186261.833  0.07%     -    2s
     0     0 186264.929    0  164 186395.000 186264.929  0.07%     -    2s
     0     0 186265.667    0  137 186395.000 186265.667  0.07%     -    2s
     0     0 186267.200    0  169 186395.000 186267.200  0.07%     -    2s
     0     0 186267.200    0  170 186395.000 186267.200  0.07%     -    2s
     0     0 186275.384    0  323 186395.000 186275.384  0.06%     -    3s
     0     2 186275.741    0  322 186395.000 186275.741  0.06%     -    3s

Cutting planes:
  Gomory: 3
  Lift-and-project: 4
  Implied bound: 1
  Clique: 14
  MIR: 4
  Zero half: 20
  RLT: 32
  BQP: 88

Explored 680 nodes (56328 simplex iterations) in 3.54 seconds (5.60 work units)
Thread count was 10 (of 10 available processors)

Solution count 1: 186395 

Optimal solution found (tolerance 1.00e-04)
Best objective 1.863950000000e+05, best bound 1.863950000000e+05, gap 0.0000%
Solução ótima encontrada.
Set parameter TimeLimit to value 25200
Set parameter TimeLimit to value 600
Gurobi Optimizer version 10.0.2 build v10.0.2rc0 (mac64[arm])

CPU model: Apple M5
Thread count: 10 physical cores, 10 logical processors, using up to 10 threads

Optimize a model with 548706 rows, 284763 columns and 1341935 nonzeros
Model fingerprint: 0xcd096c4e
Variable types: 0 continuous, 284763 integer (264707 binary)
Coefficient statistics:
  Matrix range     [1e+00, 8e+01]
  Objective range  [5e-01, 2e+03]
  Bounds range     [1e+00, 1e+00]
  RHS range        [1e+00, 1e+02]

User MIP start produced solution with objective 186395 (0.15s)
Loaded user MIP start with objective 186395
MIP start from previous solve did not produce a new incumbent solution

Presolve removed 542856 rows and 279789 columns
Presolve time: 0.22s
Presolved: 5850 rows, 4974 columns, 16562 nonzeros
Variable types: 0 continuous, 4974 integer (4974 binary)

Root relaxation: objective 1.863450e+05, 1138 iterations, 0.02 seconds (0.02 work units)

    Nodes    |    Current Node    |     Objective Bounds      |     Work
 Expl Unexpl |  Obj  Depth IntInf | Incumbent    BestBd   Gap | It/Node Time

     0     0 186345.000    0   62 186395.000 186345.000  0.03%     -    0s
     0     0 186345.000    0   62 186395.000 186345.000  0.03%     -    0s
     0     0 186345.000    0   24 186395.000 186345.000  0.03%     -    0s
     0     0 186345.250    0   79 186395.000 186345.250  0.03%     -    0s
     0     0 186346.000    0   60 186395.000 186346.000  0.03%     -    0s

Cutting planes:
  Implied bound: 1
  Clique: 18
  Zero half: 3
  RLT: 1
  BQP: 1

Explored 1 nodes (1989 simplex iterations) in 0.46 seconds (0.99 work units)
Thread count was 10 (of 10 available processors)

Solution count 1: 186395 

Optimal solution found (tolerance 1.00e-04)
Best objective 1.863950000000e+05, best bound 1.863950000000e+05, gap 0.0000%
Solução ótima encontrada.
Set parameter TimeLimit to value 25200
Set parameter TimeLimit to value 600
Gurobi Optimizer version 10.0.2 build v10.0.2rc0 (mac64[arm])

CPU model: Apple M5
Thread count: 10 physical cores, 10 logical processors, using up to 10 threads

Optimize a model with 548706 rows, 284763 columns and 1341935 nonzeros
Model fingerprint: 0xf490c923
Variable types: 0 continuous, 284763 integer (264707 binary)
Coefficient statistics:
  Matrix range     [1e+00, 8e+01]
  Objective range  [5e-01, 2e+03]
  Bounds range     [1e+00, 1e+00]
  RHS range        [1e+00, 1e+02]

User MIP start produced solution with objective 186395 (0.12s)
Loaded user MIP start with objective 186395
MIP start from previous solve did not produce a new incumbent solution

Presolve removed 543374 rows and 280225 columns
Presolve time: 0.19s
Presolved: 5332 rows, 4538 columns, 15141 nonzeros
Variable types: 0 continuous, 4538 integer (4538 binary)

Root relaxation: objective 1.863675e+05, 1035 iterations, 0.01 seconds (0.02 work units)

    Nodes    |    Current Node    |     Objective Bounds      |     Work
 Expl Unexpl |  Obj  Depth IntInf | Incumbent    BestBd   Gap | It/Node Time

     0     0 186367.500    0   93 186395.000 186367.500  0.01%     -    0s
     0     0 186367.500    0   93 186395.000 186367.500  0.01%     -    0s
     0     0 186367.500    0   28 186395.000 186367.500  0.01%     -    0s
     0     0 186370.000    0   54 186395.000 186370.000  0.01%     -    0s
     0     0 186373.750    0   35 186395.000 186373.750  0.01%     -    0s
     0     0 186375.000    0   42 186395.000 186375.000  0.01%     -    0s
     0     0 186376.250    0   39 186395.000 186376.250  0.01%     -    0s

Cutting planes:
  Gomory: 2
  Clique: 14
  Zero half: 5
  RLT: 3
  BQP: 2

Explored 1 nodes (1886 simplex iterations) in 0.39 seconds (0.96 work units)
Thread count was 10 (of 10 available processors)

Solution count 1: 186395 

Optimal solution found (tolerance 1.00e-04)
Best objective 1.863950000000e+05, best bound 1.863765000000e+05, gap 0.0099%
Solução ótima encontrada.
Set parameter TimeLimit to value 25200
Set parameter TimeLimit to value 600
Gurobi Optimizer version 10.0.2 build v10.0.2rc0 (mac64[arm])

CPU model: Apple M5
Thread count: 10 physical cores, 10 logical processors, using up to 10 threads

Optimize a model with 548706 rows, 284763 columns and 1341935 nonzeros
Model fingerprint: 0x863837a6
Variable types: 0 continuous, 284763 integer (264707 binary)
Coefficient statistics:
  Matrix range     [1e+00, 8e+01]
  Objective range  [5e-01, 2e+03]
  Bounds range     [1e+00, 1e+00]
  RHS range        [1e+00, 1e+02]

User MIP start produced solution with objective 186395 (0.11s)
Loaded user MIP start with objective 186395
MIP start from previous solve did not produce a new incumbent solution

Presolve removed 542999 rows and 279862 columns
Presolve time: 0.19s
Presolved: 5707 rows, 4901 columns, 16105 nonzeros
Variable types: 0 continuous, 4901 integer (4901 binary)

Root relaxation: objective 1.863800e+05, 605 iterations, 0.01 seconds (0.02 work units)

    Nodes    |    Current Node    |     Objective Bounds      |     Work
 Expl Unexpl |  Obj  Depth IntInf | Incumbent    BestBd   Gap | It/Node Time

     0     0 186380.000    0   92 186395.000 186380.000  0.01%     -    0s

Explored 1 nodes (704 simplex iterations) in 0.33 seconds (0.93 work units)
Thread count was 10 (of 10 available processors)

Solution count 1: 186395 

Optimal solution found (tolerance 1.00e-04)
Best objective 1.863950000000e+05, best bound 1.863800000000e+05, gap 0.0080%
Solução ótima encontrada.
Set parameter TimeLimit to value 25200
Set parameter TimeLimit to value 600
Gurobi Optimizer version 10.0.2 build v10.0.2rc0 (mac64[arm])

CPU model: Apple M5
Thread count: 10 physical cores, 10 logical processors, using up to 10 threads

Optimize a model with 548706 rows, 284763 columns and 1341935 nonzeros
Model fingerprint: 0xb3afa084
Variable types: 0 continuous, 284763 integer (264707 binary)
Coefficient statistics:
  Matrix range     [1e+00, 8e+01]
  Objective range  [5e-01, 2e+03]
  Bounds range     [1e+00, 1e+00]
  RHS range        [1e+00, 1e+02]

User MIP start produced solution with objective 186395 (0.10s)
Loaded user MIP start with objective 186395
MIP start from previous solve did not produce a new incumbent solution

Presolve removed 530984 rows and 272215 columns
Presolve time: 0.19s
Presolved: 17722 rows, 12548 columns, 50910 nonzeros
Variable types: 0 continuous, 12548 integer (12548 binary)

Root relaxation: objective 1.861534e+05, 11491 iterations, 0.39 seconds (0.83 work units)

    Nodes    |    Current Node    |     Objective Bounds      |     Work
 Expl Unexpl |  Obj  Depth IntInf | Incumbent    BestBd   Gap | It/Node Time

     0     0 186153.375    0  705 186395.000 186153.375  0.13%     -    0s
     0     0 186190.800    0  746 186395.000 186190.800  0.11%     -    1s
     0     0 186190.800    0  542 186395.000 186190.800  0.11%     -    1s
     0     0 186205.336    0  695 186395.000 186205.336  0.10%     -    2s
     0     0 186207.063    0  676 186395.000 186207.063  0.10%     -    2s
     0     0 186207.536    0  673 186395.000 186207.536  0.10%     -    2s
     0     0 186207.579    0  688 186395.000 186207.579  0.10%     -    2s
     0     0 186225.000    0  666 186395.000 186225.000  0.09%     -    2s
     0     0 186228.500    0  601 186395.000 186228.500  0.09%     -    2s
     0     0 186229.148    0  686 186395.000 186229.148  0.09%     -    2s
     0     0 186229.149    0  686 186395.000 186229.149  0.09%     -    2s
     0     0 186234.929    0  690 186395.000 186234.929  0.09%     -    3s
     0     0 186238.315    0  782 186395.000 186238.315  0.08%     -    3s
     0     0 186238.382    0  780 186395.000 186238.382  0.08%     -    3s
     0     0 186238.415    0  780 186395.000 186238.415  0.08%     -    3s
     0     0 186238.500    0  738 186395.000 186238.500  0.08%     -    3s
     0     0 186238.510    0  665 186395.000 186238.510  0.08%     -    3s
     0     0 186238.552    0  691 186395.000 186238.552  0.08%     -    3s
     0     0 186238.554    0  691 186395.000 186238.554  0.08%     -    3s
     0     0 186242.115    0  786 186395.000 186242.115  0.08%     -    3s
     0     0 186242.115    0  507 186395.000 186242.115  0.08%     -    4s
     0     0 186242.115    0  521 186395.000 186242.115  0.08%     -    4s
     0     0 186242.115    0  576 186395.000 186242.115  0.08%     -    4s
     0     0 186242.115    0  573 186395.000 186242.115  0.08%     -    4s
     0     0 186242.115    0  519 186395.000 186242.115  0.08%     -    4s
     0     0 186242.115    0  675 186395.000 186242.115  0.08%     -    4s
     0     0 186242.909    0  599 186395.000 186242.909  0.08%     -    4s
     0     0 186243.595    0  586 186395.000 186243.595  0.08%     -    4s
     0     0 186243.783    0  603 186395.000 186243.783  0.08%     -    4s
     0     0 186244.066    0  595 186395.000 186244.066  0.08%     -    4s
     0     0 186244.124    0  615 186395.000 186244.124  0.08%     -    4s
     0     0 186244.124    0  627 186395.000 186244.124  0.08%     -    4s
     0     0 186257.594    0  640 186395.000 186257.594  0.07%     -    4s
     0     0 186257.594    0  335 186395.000 186257.594  0.07%     -    4s
     0     0 186257.594    0  340 186395.000 186257.594  0.07%     -    4s
     0     0 186257.594    0  378 186395.000 186257.594  0.07%     -    4s
     0     0 186257.594    0  430 186395.000 186257.594  0.07%     -    4s
     0     0 186258.356    0  458 186395.000 186258.356  0.07%     -    4s
     0     0 186259.688    0  449 186395.000 186259.688  0.07%     -    4s
     0     0 186260.269    0  449 186395.000 186260.269  0.07%     -    4s
     0     0 186260.269    0  451 186395.000 186260.269  0.07%     -    4s
     0     0 186268.042    0  406 186395.000 186268.042  0.07%     -    4s
     0     0 186268.042    0  256 186395.000 186268.042  0.07%     -    4s
     0     0 186268.042    0  341 186395.000 186268.042  0.07%     -    5s
     0     0 186268.042    0  349 186395.000 186268.042  0.07%     -    5s
     0     0 186268.042    0  316 186395.000 186268.042  0.07%     -    5s
     0     0 186268.042    0  326 186395.000 186268.042  0.07%     -    5s
     0     0 186274.802    0  361 186395.000 186274.802  0.06%     -    5s
     0     0 186277.627    0  379 186395.000 186277.627  0.06%     -    5s
     0     0 186277.745    0  375 186395.000 186277.745  0.06%     -    5s
     0     0 186277.766    0  376 186395.000 186277.766  0.06%     -    5s
     0     0 186277.769    0  377 186395.000 186277.769  0.06%     -    5s
     0     0 186308.274    0  372 186395.000 186308.274  0.05%     -    5s
     0     0 186310.000    0  377 186395.000 186310.000  0.05%     -    5s
     0     0 186312.500    0  371 186395.000 186312.500  0.04%     -    5s
     0     0 186315.000    0  365 186395.000 186315.000  0.04%     -    5s
     0     0 186321.000    0  373 186395.000 186321.000  0.04%     -    5s
     0     0 186336.500    0  389 186395.000 186336.500  0.03%     -    5s
     0     0 186336.500    0  238 186395.000 186336.500  0.03%     -    5s
     0     0 186336.500    0  258 186395.000 186336.500  0.03%     -    5s
     0     0 186336.500    0  277 186395.000 186336.500  0.03%     -    5s
     0     0 186336.500    0  339 186395.000 186336.500  0.03%     -    5s
     0     0 186336.500    0  350 186395.000 186336.500  0.03%     -    5s
     0     0 186336.500    0  340 186395.000 186336.500  0.03%     -    5s
     0     0 186336.500    0  365 186395.000 186336.500  0.03%     -    5s
     0     0 186336.500    0  341 186395.000 186336.500  0.03%     -    5s
     0     0 186336.500    0  335 186395.000 186336.500  0.03%     -    5s
     0     0 186336.500    0  333 186395.000 186336.500  0.03%     -    5s
     0     0 186336.500    0  332 186395.000 186336.500  0.03%     -    5s
     0     0 186336.500    0  332 186395.000 186336.500  0.03%     -    5s
     0     0 186336.500    0  340 186395.000 186336.500  0.03%     -    5s
     0     0 186336.500    0  346 186395.000 186336.500  0.03%     -    5s
     0     0 186336.500    0  338 186395.000 186336.500  0.03%     -    5s
     0     0 186336.500    0  341 186395.000 186336.500  0.03%     -    5s
     0     0 186367.667    0  341 186395.000 186367.667  0.01%     -    5s
     0     0 186379.500    0  341 186395.000 186379.500  0.01%     -    5s

Cutting planes:
  Gomory: 5
  MIR: 1
  Zero half: 18
  RLT: 9
  BQP: 30

Explored 1 nodes (50830 simplex iterations) in 5.43 seconds (6.39 work units)
Thread count was 10 (of 10 available processors)

Solution count 1: 186395 

Optimal solution found (tolerance 1.00e-04)
Best objective 1.863950000000e+05, best bound 1.863795000000e+05, gap 0.0083%
Solução ótima encontrada.
Set parameter TimeLimit to value 25200
Set parameter TimeLimit to value 600
Gurobi Optimizer version 10.0.2 build v10.0.2rc0 (mac64[arm])

CPU model: Apple M5
Thread count: 10 physical cores, 10 logical processors, using up to 10 threads

Optimize a model with 548706 rows, 284763 columns and 1341935 nonzeros
Model fingerprint: 0xd69cc3cf
Variable types: 0 continuous, 284763 integer (264707 binary)
Coefficient statistics:
  Matrix range     [1e+00, 8e+01]
  Objective range  [5e-01, 2e+03]
  Bounds range     [1e+00, 1e+00]
  RHS range        [1e+00, 1e+02]

User MIP start produced solution with objective 186395 (0.12s)
Loaded user MIP start with objective 186395
MIP start from previous solve did not produce a new incumbent solution

Presolve removed 547200 rows and 283499 columns
Presolve time: 0.16s
Presolved: 1506 rows, 1264 columns, 4202 nonzeros
Variable types: 0 continuous, 1264 integer (1264 binary)

Root relaxation: objective 1.863850e+05, 289 iterations, 0.00 seconds (0.00 work units)

    Nodes    |    Current Node    |     Objective Bounds      |     Work
 Expl Unexpl |  Obj  Depth IntInf | Incumbent    BestBd   Gap | It/Node Time

     0     0          -    0      186395.000 186385.000  0.01%     -    0s

Explored 1 nodes (289 simplex iterations) in 0.31 seconds (0.80 work units)
Thread count was 10 (of 10 available processors)

Solution count 1: 186395 

Optimal solution found (tolerance 1.00e-04)
Best objective 1.863950000000e+05, best bound 1.863850000000e+05, gap 0.0054%
Solução ótima encontrada.
Set parameter TimeLimit to value 25200
Set parameter TimeLimit to value 600
Gurobi Optimizer version 10.0.2 build v10.0.2rc0 (mac64[arm])

CPU model: Apple M5
Thread count: 10 physical cores, 10 logical processors, using up to 10 threads

Optimize a model with 548706 rows, 284763 columns and 1341935 nonzeros
Model fingerprint: 0xfa11f41d
Variable types: 0 continuous, 284763 integer (264707 binary)
Coefficient statistics:
  Matrix range     [1e+00, 8e+01]
  Objective range  [5e-01, 2e+03]
  Bounds range     [1e+00, 1e+00]
  RHS range        [1e+00, 1e+02]

User MIP start produced solution with objective 186395 (0.10s)
Loaded user MIP start with objective 186395
MIP start from previous solve did not produce a new incumbent solution

Presolve removed 545560 rows and 281969 columns
Presolve time: 0.15s
Presolved: 3146 rows, 2794 columns, 8863 nonzeros
Variable types: 0 continuous, 2794 integer (2794 binary)

Root relaxation: cutoff, 142 iterations, 0.00 seconds (0.00 work units)

    Nodes    |    Current Node    |     Objective Bounds      |     Work
 Expl Unexpl |  Obj  Depth IntInf | Incumbent    BestBd   Gap | It/Node Time

     0     0     cutoff    0      186395.000 186395.000  0.00%     -    0s

Explored 1 nodes (142 simplex iterations) in 0.28 seconds (0.82 work units)
Thread count was 10 (of 10 available processors)

Solution count 1: 186395 

Optimal solution found (tolerance 1.00e-04)
Best objective 1.863950000000e+05, best bound 1.863950000000e+05, gap 0.0000%
Solução ótima encontrada.
RESULTADO_JSON={"arquivo_log_csv": "resultados/experimentos/ordem_cursos_3s/historico_maior_demanda.csv", "arquivo_log_json": "resultados/experimentos/ordem_cursos_3s/historico_maior_demanda.json", "arquivo_melhor_solucao": "resultados/experimentos/ordem_cursos_3s/melhor_maior_demanda.sol", "etapa": "fix_and_optimize_cursos", "ganho_absoluto": 1447.5, "historico": [{"ciclo": 1, "curso": "PED", "disciplinas_livres": 56, "iteracao": 1, "melhorou": true, "objetivo_anterior": 187842.5, "objetivo_candidato": 187792.5, "objetivo_incumbente": 187792.5, "ordem_cursos": "maior-demanda", "passada": 1, "posicao_ordem_curso": 1, "recurso": "PED", "seed_ordem_cursos": null, "status_solver": "OPTIMAL", "tempo_gasto_s": 7.78, "tempo_limite_subproblema_s": 600.0, "tempo_solver_s": 7.46, "variaveis_x_fixadas": 82202, "variaveis_x_livres": 12788, "vizinhanca": "curso"}, {"ciclo": 1, "curso": "AGRO", "disciplinas_livres": 51, "iteracao": 2, "melhorou": true, "objetivo_anterior": 187792.5, "objetivo_candidato": 187661.99985450925, "objetivo_incumbente": 187661.99985450925, "ordem_cursos": "maior-demanda", "passada": 1, "posicao_ordem_curso": 2, "recurso": "AGRO", "seed_ordem_cursos": null, "status_solver": "OPTIMAL", "tempo_gasto_s": 4.06, "tempo_limite_subproblema_s": 600.0, "tempo_solver_s": 3.64, "variaveis_x_fixadas": 86250, "variaveis_x_livres": 8740, "vizinhanca": "curso"}, {"ciclo": 1, "curso": "ADM", "disciplinas_livres": 48, "iteracao": 3, "melhorou": true, "objetivo_anterior": 187661.99985450925, "objetivo_candidato": 187597.0, "objetivo_incumbente": 187597.0, "ordem_cursos": "maior-demanda", "passada": 1, "posicao_ordem_curso": 3, "recurso": "ADM", "seed_ordem_cursos": null, "status_solver": "OPTIMAL", "tempo_gasto_s": 2.19, "tempo_limite_subproblema_s": 600.0, "tempo_solver_s": 1.72, "variaveis_x_fixadas": 85698, "variaveis_x_livres": 9292, "vizinhanca": "curso"}, {"ciclo": 1, "curso": "CC", "disciplinas_livres": 47, "iteracao": 4, "melhorou": false, "objetivo_anterior": 187597.0, "objetivo_candidato": 187597.0, "objetivo_incumbente": 187597.0, "ordem_cursos": "maior-demanda", "passada": 1, "posicao_ordem_curso": 4, "recurso": "CC", "seed_ordem_cursos": null, "status_solver": "OPTIMAL", "tempo_gasto_s": 1.24, "tempo_limite_subproblema_s": 600.0, "tempo_solver_s": 0.81, "variaveis_x_fixadas": 84456, "variaveis_x_livres": 10534, "vizinhanca": "curso"}, {"ciclo": 1, "curso": "EAS", "disciplinas_livres": 45, "iteracao": 5, "melhorou": true, "objetivo_anterior": 187597.0, "objetivo_candidato": 187582.0, "objetivo_incumbente": 187582.0, "ordem_cursos": "maior-demanda", "passada": 1, "posicao_ordem_curso": 5, "recurso": "EAS", "seed_ordem_cursos": null, "status_solver": "OPTIMAL", "tempo_gasto_s": 0.8, "tempo_limite_subproblema_s": 600.0, "tempo_solver_s": 0.43, "variaveis_x_fixadas": 87538, "variaveis_x_livres": 7452, "vizinhanca": "curso"}, {"ciclo": 1, "curso": "MED", "disciplinas_livres": 41, "iteracao": 6, "melhorou": false, "objetivo_anterior": 187582.0, "objetivo_candidato": 187582.0, "objetivo_incumbente": 187582.0, "ordem_cursos": "maior-demanda", "passada": 1, "posicao_ordem_curso": 6, "recurso": "MED", "seed_ordem_cursos": null, "status_solver": "OPTIMAL", "tempo_gasto_s": 1.28, "tempo_limite_subproblema_s": 600.0, "tempo_solver_s": 0.94, "variaveis_x_fixadas": 85606, "variaveis_x_livres": 9384, "vizinhanca": "curso"}, {"ciclo": 1, "curso": "LET", "disciplinas_livres": 36, "iteracao": 7, "melhorou": true, "objetivo_anterior": 187582.0, "objetivo_candidato": 187560.0, "objetivo_incumbente": 187560.0, "ordem_cursos": "maior-demanda", "passada": 1, "posicao_ordem_curso": 7, "recurso": "LET", "seed_ordem_cursos": null, "status_solver": "OPTIMAL", "tempo_gasto_s": 4.45, "tempo_limite_subproblema_s": 600.0, "tempo_solver_s": 4.03, "variaveis_x_fixadas": 85836, "variaveis_x_livres": 9154, "vizinhanca": "curso"}, {"ciclo": 1, "curso": "HIS", "disciplinas_livres": 24, "iteracao": 8, "melhorou": true, "objetivo_anterior": 187560.0, "objetivo_candidato": 187550.0, "objetivo_incumbente": 187550.0, "ordem_cursos": "maior-demanda", "passada": 1, "posicao_ordem_curso": 8, "recurso": "HIS", "seed_ordem_cursos": null, "status_solver": "OPTIMAL", "tempo_gasto_s": 0.92, "tempo_limite_subproblema_s": 600.0, "tempo_solver_s": 0.5, "variaveis_x_fixadas": 90206, "variaveis_x_livres": 4784, "vizinhanca": "curso"}, {"ciclo": 1, "curso": "MAT", "disciplinas_livres": 23, "iteracao": 9, "melhorou": true, "objetivo_anterior": 187550.0, "objetivo_candidato": 187530.0, "objetivo_incumbente": 187530.0, "ordem_cursos": "maior-demanda", "passada": 1, "posicao_ordem_curso": 9, "recurso": "MAT", "seed_ordem_cursos": null, "status_solver": "OPTIMAL", "tempo_gasto_s": 0.74, "tempo_limite_subproblema_s": 600.0, "tempo_solver_s": 0.38, "variaveis_x_fixadas": 90022, "variaveis_x_livres": 4968, "vizinhanca": "curso"}, {"ciclo": 1, "curso": "CS", "disciplinas_livres": 22, "iteracao": 10, "melhorou": true, "objetivo_anterior": 187530.0, "objetivo_candidato": 187161.5, "objetivo_incumbente": 187161.5, "ordem_cursos": "maior-demanda", "passada": 1, "posicao_ordem_curso": 10, "recurso": "CS", "seed_ordem_cursos": null, "status_solver": "OPTIMAL", "tempo_gasto_s": 0.67, "tempo_limite_subproblema_s": 600.0, "tempo_solver_s": 0.34, "variaveis_x_fixadas": 90436, "variaveis_x_livres": 4554, "vizinhanca": "curso"}, {"ciclo": 1, "curso": "ENF", "disciplinas_livres": 18, "iteracao": 11, "melhorou": true, "objetivo_anterior": 187161.5, "objetivo_candidato": 186401.5, "objetivo_incumbente": 186401.5, "ordem_cursos": "maior-demanda", "passada": 1, "posicao_ordem_curso": 11, "recurso": "ENF", "seed_ordem_cursos": null, "status_solver": "OPTIMAL", "tempo_gasto_s": 5.2, "tempo_limite_subproblema_s": 600.0, "tempo_solver_s": 4.83, "variaveis_x_fixadas": 86480, "variaveis_x_livres": 8510, "vizinhanca": "curso"}, {"ciclo": 1, "curso": "FIL", "disciplinas_livres": 15, "iteracao": 12, "melhorou": false, "objetivo_anterior": 186401.5, "objetivo_candidato": 186401.5, "objetivo_incumbente": 186401.5, "ordem_cursos": "maior-demanda", "passada": 1, "posicao_ordem_curso": 12, "recurso": "FIL", "seed_ordem_cursos": null, "status_solver": "OPTIMAL", "tempo_gasto_s": 0.75, "tempo_limite_subproblema_s": 600.0, "tempo_solver_s": 0.33, "variaveis_x_fixadas": 92230, "variaveis_x_livres": 2760, "vizinhanca": "curso"}, {"ciclo": 1, "curso": "GEO", "disciplinas_livres": 10, "iteracao": 13, "melhorou": false, "objetivo_anterior": 186401.5, "objetivo_candidato": 186401.5, "objetivo_incumbente": 186401.5, "ordem_cursos": "maior-demanda", "passada": 1, "posicao_ordem_curso": 13, "recurso": "GEO", "seed_ordem_cursos": null, "status_solver": "OPTIMAL", "tempo_gasto_s": 0.62, "tempo_limite_subproblema_s": 600.0, "tempo_solver_s": 0.29, "variaveis_x_fixadas": 92920, "variaveis_x_livres": 2070, "vizinhanca": "curso"}, {"ciclo": 1, "curso": "PED", "disciplinas_livres": 56, "iteracao": 1, "melhorou": false, "objetivo_anterior": 186401.5, "objetivo_candidato": 186401.5, "objetivo_incumbente": 186401.5, "ordem_cursos": "maior-demanda", "passada": 2, "posicao_ordem_curso": 1, "recurso": "PED", "seed_ordem_cursos": null, "status_solver": "OPTIMAL", "tempo_gasto_s": 4.21, "tempo_limite_subproblema_s": 600.0, "tempo_solver_s": 3.84, "variaveis_x_fixadas": 82202, "variaveis_x_livres": 12788, "vizinhanca": "curso"}, {"ciclo": 1, "curso": "AGRO", "disciplinas_livres": 51, "iteracao": 2, "melhorou": false, "objetivo_anterior": 186401.5, "objetivo_candidato": 186401.5, "objetivo_incumbente": 186401.5, "ordem_cursos": "maior-demanda", "passada": 2, "posicao_ordem_curso": 2, "recurso": "AGRO", "seed_ordem_cursos": null, "status_solver": "OPTIMAL", "tempo_gasto_s": 4.86, "tempo_limite_subproblema_s": 600.0, "tempo_solver_s": 4.4, "variaveis_x_fixadas": 86250, "variaveis_x_livres": 8740, "vizinhanca": "curso"}, {"ciclo": 1, "curso": "ADM", "disciplinas_livres": 48, "iteracao": 3, "melhorou": true, "objetivo_anterior": 186401.5, "objetivo_candidato": 186395.0, "objetivo_incumbente": 186395.0, "ordem_cursos": "maior-demanda", "passada": 2, "posicao_ordem_curso": 3, "recurso": "ADM", "seed_ordem_cursos": null, "status_solver": "OPTIMAL", "tempo_gasto_s": 1.57, "tempo_limite_subproblema_s": 600.0, "tempo_solver_s": 1.12, "variaveis_x_fixadas": 85698, "variaveis_x_livres": 9292, "vizinhanca": "curso"}, {"ciclo": 1, "curso": "CC", "disciplinas_livres": 47, "iteracao": 4, "melhorou": false, "objetivo_anterior": 186395.0, "objetivo_candidato": 186395.0, "objetivo_incumbente": 186395.0, "ordem_cursos": "maior-demanda", "passada": 2, "posicao_ordem_curso": 4, "recurso": "CC", "seed_ordem_cursos": null, "status_solver": "OPTIMAL", "tempo_gasto_s": 1.2, "tempo_limite_subproblema_s": 600.0, "tempo_solver_s": 0.81, "variaveis_x_fixadas": 84456, "variaveis_x_livres": 10534, "vizinhanca": "curso"}, {"ciclo": 1, "curso": "EAS", "disciplinas_livres": 45, "iteracao": 5, "melhorou": false, "objetivo_anterior": 186395.0, "objetivo_candidato": 186395.0, "objetivo_incumbente": 186395.0, "ordem_cursos": "maior-demanda", "passada": 2, "posicao_ordem_curso": 5, "recurso": "EAS", "seed_ordem_cursos": null, "status_solver": "OPTIMAL", "tempo_gasto_s": 0.73, "tempo_limite_subproblema_s": 600.0, "tempo_solver_s": 0.37, "variaveis_x_fixadas": 87538, "variaveis_x_livres": 7452, "vizinhanca": "curso"}, {"ciclo": 1, "curso": "MED", "disciplinas_livres": 41, "iteracao": 6, "melhorou": false, "objetivo_anterior": 186395.0, "objetivo_candidato": 186395.0, "objetivo_incumbente": 186395.0, "ordem_cursos": "maior-demanda", "passada": 2, "posicao_ordem_curso": 6, "recurso": "MED", "seed_ordem_cursos": null, "status_solver": "OPTIMAL", "tempo_gasto_s": 1.31, "tempo_limite_subproblema_s": 600.0, "tempo_solver_s": 0.98, "variaveis_x_fixadas": 85606, "variaveis_x_livres": 9384, "vizinhanca": "curso"}, {"ciclo": 1, "curso": "LET", "disciplinas_livres": 36, "iteracao": 7, "melhorou": false, "objetivo_anterior": 186395.0, "objetivo_candidato": 186395.0, "objetivo_incumbente": 186395.0, "ordem_cursos": "maior-demanda", "passada": 2, "posicao_ordem_curso": 7, "recurso": "LET", "seed_ordem_cursos": null, "status_solver": "OPTIMAL", "tempo_gasto_s": 3.74, "tempo_limite_subproblema_s": 600.0, "tempo_solver_s": 3.36, "variaveis_x_fixadas": 85836, "variaveis_x_livres": 9154, "vizinhanca": "curso"}, {"ciclo": 1, "curso": "HIS", "disciplinas_livres": 24, "iteracao": 8, "melhorou": false, "objetivo_anterior": 186395.0, "objetivo_candidato": 186395.0, "objetivo_incumbente": 186395.0, "ordem_cursos": "maior-demanda", "passada": 2, "posicao_ordem_curso": 8, "recurso": "HIS", "seed_ordem_cursos": null, "status_solver": "OPTIMAL", "tempo_gasto_s": 0.85, "tempo_limite_subproblema_s": 600.0, "tempo_solver_s": 0.42, "variaveis_x_fixadas": 90206, "variaveis_x_livres": 4784, "vizinhanca": "curso"}, {"ciclo": 1, "curso": "MAT", "disciplinas_livres": 23, "iteracao": 9, "melhorou": false, "objetivo_anterior": 186395.0, "objetivo_candidato": 186395.0, "objetivo_incumbente": 186395.0, "ordem_cursos": "maior-demanda", "passada": 2, "posicao_ordem_curso": 9, "recurso": "MAT", "seed_ordem_cursos": null, "status_solver": "OPTIMAL", "tempo_gasto_s": 0.7, "tempo_limite_subproblema_s": 600.0, "tempo_solver_s": 0.36, "variaveis_x_fixadas": 90022, "variaveis_x_livres": 4968, "vizinhanca": "curso"}, {"ciclo": 1, "curso": "CS", "disciplinas_livres": 22, "iteracao": 10, "melhorou": false, "objetivo_anterior": 186395.0, "objetivo_candidato": 186395.0, "objetivo_incumbente": 186395.0, "ordem_cursos": "maior-demanda", "passada": 2, "posicao_ordem_curso": 10, "recurso": "CS", "seed_ordem_cursos": null, "status_solver": "OPTIMAL", "tempo_gasto_s": 0.67, "tempo_limite_subproblema_s": 600.0, "tempo_solver_s": 0.34, "variaveis_x_fixadas": 90436, "variaveis_x_livres": 4554, "vizinhanca": "curso"}, {"ciclo": 1, "curso": "ENF", "disciplinas_livres": 18, "iteracao": 11, "melhorou": false, "objetivo_anterior": 186395.0, "objetivo_candidato": 186395.0, "objetivo_incumbente": 186395.0, "ordem_cursos": "maior-demanda", "passada": 2, "posicao_ordem_curso": 11, "recurso": "ENF", "seed_ordem_cursos": null, "status_solver": "OPTIMAL", "tempo_gasto_s": 4.86, "tempo_limite_subproblema_s": 600.0, "tempo_solver_s": 4.5, "variaveis_x_fixadas": 86480, "variaveis_x_livres": 8510, "vizinhanca": "curso"}, {"ciclo": 1, "curso": "FIL", "disciplinas_livres": 15, "iteracao": 12, "melhorou": false, "objetivo_anterior": 186395.0, "objetivo_candidato": 186395.0, "objetivo_incumbente": 186395.0, "ordem_cursos": "maior-demanda", "passada": 2, "posicao_ordem_curso": 12, "recurso": "FIL", "seed_ordem_cursos": null, "status_solver": "OPTIMAL", "tempo_gasto_s": 0.69, "tempo_limite_subproblema_s": 600.0, "tempo_solver_s": 0.3, "variaveis_x_fixadas": 92230, "variaveis_x_livres": 2760, "vizinhanca": "curso"}, {"ciclo": 1, "curso": "GEO", "disciplinas_livres": 10, "iteracao": 13, "melhorou": false, "objetivo_anterior": 186395.0, "objetivo_candidato": 186395.0, "objetivo_incumbente": 186395.0, "ordem_cursos": "maior-demanda", "passada": 2, "posicao_ordem_curso": 13, "recurso": "GEO", "seed_ordem_cursos": null, "status_solver": "OPTIMAL", "tempo_gasto_s": 0.61, "tempo_limite_subproblema_s": 600.0, "tempo_solver_s": 0.28, "variaveis_x_fixadas": 92920, "variaveis_x_livres": 2070, "vizinhanca": "curso"}, {"ciclo": 1, "curso": "PED", "disciplinas_livres": 56, "iteracao": 1, "melhorou": false, "objetivo_anterior": 186395.0, "objetivo_candidato": 186395.0, "objetivo_incumbente": 186395.0, "ordem_cursos": "maior-demanda", "passada": 3, "posicao_ordem_curso": 1, "recurso": "PED", "seed_ordem_cursos": null, "status_solver": "OPTIMAL", "tempo_gasto_s": 3.93, "tempo_limite_subproblema_s": 600.0, "tempo_solver_s": 3.56, "variaveis_x_fixadas": 82202, "variaveis_x_livres": 12788, "vizinhanca": "curso"}, {"ciclo": 1, "curso": "AGRO", "disciplinas_livres": 51, "iteracao": 2, "melhorou": false, "objetivo_anterior": 186395.0, "objetivo_candidato": 186395.0, "objetivo_incumbente": 186395.0, "ordem_cursos": "maior-demanda", "passada": 3, "posicao_ordem_curso": 2, "recurso": "AGRO", "seed_ordem_cursos": null, "status_solver": "OPTIMAL", "tempo_gasto_s": 4.21, "tempo_limite_subproblema_s": 600.0, "tempo_solver_s": 3.73, "variaveis_x_fixadas": 86250, "variaveis_x_livres": 8740, "vizinhanca": "curso"}, {"ciclo": 1, "curso": "ADM", "disciplinas_livres": 48, "iteracao": 3, "melhorou": false, "objetivo_anterior": 186395.0, "objetivo_candidato": 186395.0, "objetivo_incumbente": 186395.0, "ordem_cursos": "maior-demanda", "passada": 3, "posicao_ordem_curso": 3, "recurso": "ADM", "seed_ordem_cursos": null, "status_solver": "OPTIMAL", "tempo_gasto_s": 1.69, "tempo_limite_subproblema_s": 600.0, "tempo_solver_s": 1.25, "variaveis_x_fixadas": 85698, "variaveis_x_livres": 9292, "vizinhanca": "curso"}, {"ciclo": 1, "curso": "CC", "disciplinas_livres": 47, "iteracao": 4, "melhorou": false, "objetivo_anterior": 186395.0, "objetivo_candidato": 186395.0, "objetivo_incumbente": 186395.0, "ordem_cursos": "maior-demanda", "passada": 3, "posicao_ordem_curso": 4, "recurso": "CC", "seed_ordem_cursos": null, "status_solver": "OPTIMAL", "tempo_gasto_s": 1.5, "tempo_limite_subproblema_s": 600.0, "tempo_solver_s": 1.04, "variaveis_x_fixadas": 84456, "variaveis_x_livres": 10534, "vizinhanca": "curso"}, {"ciclo": 1, "curso": "EAS", "disciplinas_livres": 45, "iteracao": 5, "melhorou": false, "objetivo_anterior": 186395.0, "objetivo_candidato": 186395.0, "objetivo_incumbente": 186395.0, "ordem_cursos": "maior-demanda", "passada": 3, "posicao_ordem_curso": 5, "recurso": "EAS", "seed_ordem_cursos": null, "status_solver": "OPTIMAL", "tempo_gasto_s": 0.79, "tempo_limite_subproblema_s": 600.0, "tempo_solver_s": 0.4, "variaveis_x_fixadas": 87538, "variaveis_x_livres": 7452, "vizinhanca": "curso"}, {"ciclo": 1, "curso": "MED", "disciplinas_livres": 41, "iteracao": 6, "melhorou": false, "objetivo_anterior": 186395.0, "objetivo_candidato": 186395.0, "objetivo_incumbente": 186395.0, "ordem_cursos": "maior-demanda", "passada": 3, "posicao_ordem_curso": 6, "recurso": "MED", "seed_ordem_cursos": null, "status_solver": "OPTIMAL", "tempo_gasto_s": 1.34, "tempo_limite_subproblema_s": 600.0, "tempo_solver_s": 1.0, "variaveis_x_fixadas": 85606, "variaveis_x_livres": 9384, "vizinhanca": "curso"}, {"ciclo": 1, "curso": "LET", "disciplinas_livres": 36, "iteracao": 7, "melhorou": false, "objetivo_anterior": 186395.0, "objetivo_candidato": 186395.0, "objetivo_incumbente": 186395.0, "ordem_cursos": "maior-demanda", "passada": 3, "posicao_ordem_curso": 7, "recurso": "LET", "seed_ordem_cursos": null, "status_solver": "OPTIMAL", "tempo_gasto_s": 3.96, "tempo_limite_subproblema_s": 600.0, "tempo_solver_s": 3.55, "variaveis_x_fixadas": 85836, "variaveis_x_livres": 9154, "vizinhanca": "curso"}, {"ciclo": 1, "curso": "HIS", "disciplinas_livres": 24, "iteracao": 8, "melhorou": false, "objetivo_anterior": 186395.0, "objetivo_candidato": 186395.0, "objetivo_incumbente": 186395.0, "ordem_cursos": "maior-demanda", "passada": 3, "posicao_ordem_curso": 8, "recurso": "HIS", "seed_ordem_cursos": null, "status_solver": "OPTIMAL", "tempo_gasto_s": 0.97, "tempo_limite_subproblema_s": 600.0, "tempo_solver_s": 0.46, "variaveis_x_fixadas": 90206, "variaveis_x_livres": 4784, "vizinhanca": "curso"}, {"ciclo": 1, "curso": "MAT", "disciplinas_livres": 23, "iteracao": 9, "melhorou": false, "objetivo_anterior": 186395.0, "objetivo_candidato": 186395.0, "objetivo_incumbente": 186395.0, "ordem_cursos": "maior-demanda", "passada": 3, "posicao_ordem_curso": 9, "recurso": "MAT", "seed_ordem_cursos": null, "status_solver": "OPTIMAL", "tempo_gasto_s": 0.78, "tempo_limite_subproblema_s": 600.0, "tempo_solver_s": 0.39, "variaveis_x_fixadas": 90022, "variaveis_x_livres": 4968, "vizinhanca": "curso"}, {"ciclo": 1, "curso": "CS", "disciplinas_livres": 22, "iteracao": 10, "melhorou": false, "objetivo_anterior": 186395.0, "objetivo_candidato": 186395.0, "objetivo_incumbente": 186395.0, "ordem_cursos": "maior-demanda", "passada": 3, "posicao_ordem_curso": 10, "recurso": "CS", "seed_ordem_cursos": null, "status_solver": "OPTIMAL", "tempo_gasto_s": 0.68, "tempo_limite_subproblema_s": 600.0, "tempo_solver_s": 0.33, "variaveis_x_fixadas": 90436, "variaveis_x_livres": 4554, "vizinhanca": "curso"}, {"ciclo": 1, "curso": "ENF", "disciplinas_livres": 18, "iteracao": 11, "melhorou": false, "objetivo_anterior": 186395.0, "objetivo_candidato": 186395.0, "objetivo_incumbente": 186395.0, "ordem_cursos": "maior-demanda", "passada": 3, "posicao_ordem_curso": 11, "recurso": "ENF", "seed_ordem_cursos": null, "status_solver": "OPTIMAL", "tempo_gasto_s": 5.81, "tempo_limite_subproblema_s": 600.0, "tempo_solver_s": 5.44, "variaveis_x_fixadas": 86480, "variaveis_x_livres": 8510, "vizinhanca": "curso"}, {"ciclo": 1, "curso": "FIL", "disciplinas_livres": 15, "iteracao": 12, "melhorou": false, "objetivo_anterior": 186395.0, "objetivo_candidato": 186395.0, "objetivo_incumbente": 186395.0, "ordem_cursos": "maior-demanda", "passada": 3, "posicao_ordem_curso": 12, "recurso": "FIL", "seed_ordem_cursos": null, "status_solver": "OPTIMAL", "tempo_gasto_s": 0.71, "tempo_limite_subproblema_s": 600.0, "tempo_solver_s": 0.31, "variaveis_x_fixadas": 92230, "variaveis_x_livres": 2760, "vizinhanca": "curso"}, {"ciclo": 1, "curso": "GEO", "disciplinas_livres": 10, "iteracao": 13, "melhorou": false, "objetivo_anterior": 186395.0, "objetivo_candidato": 186395.0, "objetivo_incumbente": 186395.0, "ordem_cursos": "maior-demanda", "passada": 3, "posicao_ordem_curso": 13, "recurso": "GEO", "seed_ordem_cursos": null, "status_solver": "OPTIMAL", "tempo_gasto_s": 0.61, "tempo_limite_subproblema_s": 600.0, "tempo_solver_s": 0.28, "variaveis_x_fixadas": 92920, "variaveis_x_livres": 2070, "vizinhanca": "curso"}], "melhorias_aceitas": 10, "objetivo_final": 186395.0, "objetivo_inicial": 187842.5, "ordem_cursos": "maior-demanda", "passadas_executadas": 3, "seed_ordem_cursos": null, "status": "CONCLUIDO", "tempo_total_s": 267.84, "tipo_vizinhanca": "curso", "total_iteracoes": 39}
{'etapa': 'fix_and_optimize_cursos', 'tipo_vizinhanca': 'curso', 'status': 'CONCLUIDO', 'objetivo_inicial': 187842.5, 'objetivo_final': 186395.0, 'ganho_absoluto': 1447.5, 'passadas_executadas': 3, 'total_iteracoes': 39, 'melhorias_aceitas': 10, 'tempo_total_s': 267.84, 'arquivo_melhor_solucao': 'resultados/experimentos/ordem_cursos_3s/melhor_maior_demanda.sol', 'arquivo_log_csv': 'resultados/experimentos/ordem_cursos_3s/historico_maior_demanda.csv', 'arquivo_log_json': 'resultados/experimentos/ordem_cursos_3s/historico_maior_demanda.json', 'ordem_cursos': 'maior-demanda', 'seed_ordem_cursos': None, 'historico': [{'ciclo': 1, 'passada': 1, 'iteracao': 1, 'vizinhanca': 'curso', 'recurso': 'PED', 'disciplinas_livres': 56, 'variaveis_x_livres': 12788, 'variaveis_x_fixadas': 82202, 'status_solver': 'OPTIMAL', 'objetivo_anterior': 187842.5, 'objetivo_candidato': 187792.5, 'melhorou': True, 'objetivo_incumbente': 187792.5, 'tempo_gasto_s': 7.78, 'tempo_solver_s': 7.46, 'tempo_limite_subproblema_s': 600.0, 'curso': 'PED', 'ordem_cursos': 'maior-demanda', 'seed_ordem_cursos': None, 'posicao_ordem_curso': 1}, {'ciclo': 1, 'passada': 1, 'iteracao': 2, 'vizinhanca': 'curso', 'recurso': 'AGRO', 'disciplinas_livres': 51, 'variaveis_x_livres': 8740, 'variaveis_x_fixadas': 86250, 'status_solver': 'OPTIMAL', 'objetivo_anterior': 187792.5, 'objetivo_candidato': 187661.99985450925, 'melhorou': True, 'objetivo_incumbente': 187661.99985450925, 'tempo_gasto_s': 4.06, 'tempo_solver_s': 3.64, 'tempo_limite_subproblema_s': 600.0, 'curso': 'AGRO', 'ordem_cursos': 'maior-demanda', 'seed_ordem_cursos': None, 'posicao_ordem_curso': 2}, {'ciclo': 1, 'passada': 1, 'iteracao': 3, 'vizinhanca': 'curso', 'recurso': 'ADM', 'disciplinas_livres': 48, 'variaveis_x_livres': 9292, 'variaveis_x_fixadas': 85698, 'status_solver': 'OPTIMAL', 'objetivo_anterior': 187661.99985450925, 'objetivo_candidato': 187597.0, 'melhorou': True, 'objetivo_incumbente': 187597.0, 'tempo_gasto_s': 2.19, 'tempo_solver_s': 1.72, 'tempo_limite_subproblema_s': 600.0, 'curso': 'ADM', 'ordem_cursos': 'maior-demanda', 'seed_ordem_cursos': None, 'posicao_ordem_curso': 3}, {'ciclo': 1, 'passada': 1, 'iteracao': 4, 'vizinhanca': 'curso', 'recurso': 'CC', 'disciplinas_livres': 47, 'variaveis_x_livres': 10534, 'variaveis_x_fixadas': 84456, 'status_solver': 'OPTIMAL', 'objetivo_anterior': 187597.0, 'objetivo_candidato': 187597.0, 'melhorou': False, 'objetivo_incumbente': 187597.0, 'tempo_gasto_s': 1.24, 'tempo_solver_s': 0.81, 'tempo_limite_subproblema_s': 600.0, 'curso': 'CC', 'ordem_cursos': 'maior-demanda', 'seed_ordem_cursos': None, 'posicao_ordem_curso': 4}, {'ciclo': 1, 'passada': 1, 'iteracao': 5, 'vizinhanca': 'curso', 'recurso': 'EAS', 'disciplinas_livres': 45, 'variaveis_x_livres': 7452, 'variaveis_x_fixadas': 87538, 'status_solver': 'OPTIMAL', 'objetivo_anterior': 187597.0, 'objetivo_candidato': 187582.0, 'melhorou': True, 'objetivo_incumbente': 187582.0, 'tempo_gasto_s': 0.8, 'tempo_solver_s': 0.43, 'tempo_limite_subproblema_s': 600.0, 'curso': 'EAS', 'ordem_cursos': 'maior-demanda', 'seed_ordem_cursos': None, 'posicao_ordem_curso': 5}, {'ciclo': 1, 'passada': 1, 'iteracao': 6, 'vizinhanca': 'curso', 'recurso': 'MED', 'disciplinas_livres': 41, 'variaveis_x_livres': 9384, 'variaveis_x_fixadas': 85606, 'status_solver': 'OPTIMAL', 'objetivo_anterior': 187582.0, 'objetivo_candidato': 187582.0, 'melhorou': False, 'objetivo_incumbente': 187582.0, 'tempo_gasto_s': 1.28, 'tempo_solver_s': 0.94, 'tempo_limite_subproblema_s': 600.0, 'curso': 'MED', 'ordem_cursos': 'maior-demanda', 'seed_ordem_cursos': None, 'posicao_ordem_curso': 6}, {'ciclo': 1, 'passada': 1, 'iteracao': 7, 'vizinhanca': 'curso', 'recurso': 'LET', 'disciplinas_livres': 36, 'variaveis_x_livres': 9154, 'variaveis_x_fixadas': 85836, 'status_solver': 'OPTIMAL', 'objetivo_anterior': 187582.0, 'objetivo_candidato': 187560.0, 'melhorou': True, 'objetivo_incumbente': 187560.0, 'tempo_gasto_s': 4.45, 'tempo_solver_s': 4.03, 'tempo_limite_subproblema_s': 600.0, 'curso': 'LET', 'ordem_cursos': 'maior-demanda', 'seed_ordem_cursos': None, 'posicao_ordem_curso': 7}, {'ciclo': 1, 'passada': 1, 'iteracao': 8, 'vizinhanca': 'curso', 'recurso': 'HIS', 'disciplinas_livres': 24, 'variaveis_x_livres': 4784, 'variaveis_x_fixadas': 90206, 'status_solver': 'OPTIMAL', 'objetivo_anterior': 187560.0, 'objetivo_candidato': 187550.0, 'melhorou': True, 'objetivo_incumbente': 187550.0, 'tempo_gasto_s': 0.92, 'tempo_solver_s': 0.5, 'tempo_limite_subproblema_s': 600.0, 'curso': 'HIS', 'ordem_cursos': 'maior-demanda', 'seed_ordem_cursos': None, 'posicao_ordem_curso': 8}, {'ciclo': 1, 'passada': 1, 'iteracao': 9, 'vizinhanca': 'curso', 'recurso': 'MAT', 'disciplinas_livres': 23, 'variaveis_x_livres': 4968, 'variaveis_x_fixadas': 90022, 'status_solver': 'OPTIMAL', 'objetivo_anterior': 187550.0, 'objetivo_candidato': 187530.0, 'melhorou': True, 'objetivo_incumbente': 187530.0, 'tempo_gasto_s': 0.74, 'tempo_solver_s': 0.38, 'tempo_limite_subproblema_s': 600.0, 'curso': 'MAT', 'ordem_cursos': 'maior-demanda', 'seed_ordem_cursos': None, 'posicao_ordem_curso': 9}, {'ciclo': 1, 'passada': 1, 'iteracao': 10, 'vizinhanca': 'curso', 'recurso': 'CS', 'disciplinas_livres': 22, 'variaveis_x_livres': 4554, 'variaveis_x_fixadas': 90436, 'status_solver': 'OPTIMAL', 'objetivo_anterior': 187530.0, 'objetivo_candidato': 187161.5, 'melhorou': True, 'objetivo_incumbente': 187161.5, 'tempo_gasto_s': 0.67, 'tempo_solver_s': 0.34, 'tempo_limite_subproblema_s': 600.0, 'curso': 'CS', 'ordem_cursos': 'maior-demanda', 'seed_ordem_cursos': None, 'posicao_ordem_curso': 10}, {'ciclo': 1, 'passada': 1, 'iteracao': 11, 'vizinhanca': 'curso', 'recurso': 'ENF', 'disciplinas_livres': 18, 'variaveis_x_livres': 8510, 'variaveis_x_fixadas': 86480, 'status_solver': 'OPTIMAL', 'objetivo_anterior': 187161.5, 'objetivo_candidato': 186401.5, 'melhorou': True, 'objetivo_incumbente': 186401.5, 'tempo_gasto_s': 5.2, 'tempo_solver_s': 4.83, 'tempo_limite_subproblema_s': 600.0, 'curso': 'ENF', 'ordem_cursos': 'maior-demanda', 'seed_ordem_cursos': None, 'posicao_ordem_curso': 11}, {'ciclo': 1, 'passada': 1, 'iteracao': 12, 'vizinhanca': 'curso', 'recurso': 'FIL', 'disciplinas_livres': 15, 'variaveis_x_livres': 2760, 'variaveis_x_fixadas': 92230, 'status_solver': 'OPTIMAL', 'objetivo_anterior': 186401.5, 'objetivo_candidato': 186401.5, 'melhorou': False, 'objetivo_incumbente': 186401.5, 'tempo_gasto_s': 0.75, 'tempo_solver_s': 0.33, 'tempo_limite_subproblema_s': 600.0, 'curso': 'FIL', 'ordem_cursos': 'maior-demanda', 'seed_ordem_cursos': None, 'posicao_ordem_curso': 12}, {'ciclo': 1, 'passada': 1, 'iteracao': 13, 'vizinhanca': 'curso', 'recurso': 'GEO', 'disciplinas_livres': 10, 'variaveis_x_livres': 2070, 'variaveis_x_fixadas': 92920, 'status_solver': 'OPTIMAL', 'objetivo_anterior': 186401.5, 'objetivo_candidato': 186401.5, 'melhorou': False, 'objetivo_incumbente': 186401.5, 'tempo_gasto_s': 0.62, 'tempo_solver_s': 0.29, 'tempo_limite_subproblema_s': 600.0, 'curso': 'GEO', 'ordem_cursos': 'maior-demanda', 'seed_ordem_cursos': None, 'posicao_ordem_curso': 13}, {'ciclo': 1, 'passada': 2, 'iteracao': 1, 'vizinhanca': 'curso', 'recurso': 'PED', 'disciplinas_livres': 56, 'variaveis_x_livres': 12788, 'variaveis_x_fixadas': 82202, 'status_solver': 'OPTIMAL', 'objetivo_anterior': 186401.5, 'objetivo_candidato': 186401.5, 'melhorou': False, 'objetivo_incumbente': 186401.5, 'tempo_gasto_s': 4.21, 'tempo_solver_s': 3.84, 'tempo_limite_subproblema_s': 600.0, 'curso': 'PED', 'ordem_cursos': 'maior-demanda', 'seed_ordem_cursos': None, 'posicao_ordem_curso': 1}, {'ciclo': 1, 'passada': 2, 'iteracao': 2, 'vizinhanca': 'curso', 'recurso': 'AGRO', 'disciplinas_livres': 51, 'variaveis_x_livres': 8740, 'variaveis_x_fixadas': 86250, 'status_solver': 'OPTIMAL', 'objetivo_anterior': 186401.5, 'objetivo_candidato': 186401.5, 'melhorou': False, 'objetivo_incumbente': 186401.5, 'tempo_gasto_s': 4.86, 'tempo_solver_s': 4.4, 'tempo_limite_subproblema_s': 600.0, 'curso': 'AGRO', 'ordem_cursos': 'maior-demanda', 'seed_ordem_cursos': None, 'posicao_ordem_curso': 2}, {'ciclo': 1, 'passada': 2, 'iteracao': 3, 'vizinhanca': 'curso', 'recurso': 'ADM', 'disciplinas_livres': 48, 'variaveis_x_livres': 9292, 'variaveis_x_fixadas': 85698, 'status_solver': 'OPTIMAL', 'objetivo_anterior': 186401.5, 'objetivo_candidato': 186395.0, 'melhorou': True, 'objetivo_incumbente': 186395.0, 'tempo_gasto_s': 1.57, 'tempo_solver_s': 1.12, 'tempo_limite_subproblema_s': 600.0, 'curso': 'ADM', 'ordem_cursos': 'maior-demanda', 'seed_ordem_cursos': None, 'posicao_ordem_curso': 3}, {'ciclo': 1, 'passada': 2, 'iteracao': 4, 'vizinhanca': 'curso', 'recurso': 'CC', 'disciplinas_livres': 47, 'variaveis_x_livres': 10534, 'variaveis_x_fixadas': 84456, 'status_solver': 'OPTIMAL', 'objetivo_anterior': 186395.0, 'objetivo_candidato': 186395.0, 'melhorou': False, 'objetivo_incumbente': 186395.0, 'tempo_gasto_s': 1.2, 'tempo_solver_s': 0.81, 'tempo_limite_subproblema_s': 600.0, 'curso': 'CC', 'ordem_cursos': 'maior-demanda', 'seed_ordem_cursos': None, 'posicao_ordem_curso': 4}, {'ciclo': 1, 'passada': 2, 'iteracao': 5, 'vizinhanca': 'curso', 'recurso': 'EAS', 'disciplinas_livres': 45, 'variaveis_x_livres': 7452, 'variaveis_x_fixadas': 87538, 'status_solver': 'OPTIMAL', 'objetivo_anterior': 186395.0, 'objetivo_candidato': 186395.0, 'melhorou': False, 'objetivo_incumbente': 186395.0, 'tempo_gasto_s': 0.73, 'tempo_solver_s': 0.37, 'tempo_limite_subproblema_s': 600.0, 'curso': 'EAS', 'ordem_cursos': 'maior-demanda', 'seed_ordem_cursos': None, 'posicao_ordem_curso': 5}, {'ciclo': 1, 'passada': 2, 'iteracao': 6, 'vizinhanca': 'curso', 'recurso': 'MED', 'disciplinas_livres': 41, 'variaveis_x_livres': 9384, 'variaveis_x_fixadas': 85606, 'status_solver': 'OPTIMAL', 'objetivo_anterior': 186395.0, 'objetivo_candidato': 186395.0, 'melhorou': False, 'objetivo_incumbente': 186395.0, 'tempo_gasto_s': 1.31, 'tempo_solver_s': 0.98, 'tempo_limite_subproblema_s': 600.0, 'curso': 'MED', 'ordem_cursos': 'maior-demanda', 'seed_ordem_cursos': None, 'posicao_ordem_curso': 6}, {'ciclo': 1, 'passada': 2, 'iteracao': 7, 'vizinhanca': 'curso', 'recurso': 'LET', 'disciplinas_livres': 36, 'variaveis_x_livres': 9154, 'variaveis_x_fixadas': 85836, 'status_solver': 'OPTIMAL', 'objetivo_anterior': 186395.0, 'objetivo_candidato': 186395.0, 'melhorou': False, 'objetivo_incumbente': 186395.0, 'tempo_gasto_s': 3.74, 'tempo_solver_s': 3.36, 'tempo_limite_subproblema_s': 600.0, 'curso': 'LET', 'ordem_cursos': 'maior-demanda', 'seed_ordem_cursos': None, 'posicao_ordem_curso': 7}, {'ciclo': 1, 'passada': 2, 'iteracao': 8, 'vizinhanca': 'curso', 'recurso': 'HIS', 'disciplinas_livres': 24, 'variaveis_x_livres': 4784, 'variaveis_x_fixadas': 90206, 'status_solver': 'OPTIMAL', 'objetivo_anterior': 186395.0, 'objetivo_candidato': 186395.0, 'melhorou': False, 'objetivo_incumbente': 186395.0, 'tempo_gasto_s': 0.85, 'tempo_solver_s': 0.42, 'tempo_limite_subproblema_s': 600.0, 'curso': 'HIS', 'ordem_cursos': 'maior-demanda', 'seed_ordem_cursos': None, 'posicao_ordem_curso': 8}, {'ciclo': 1, 'passada': 2, 'iteracao': 9, 'vizinhanca': 'curso', 'recurso': 'MAT', 'disciplinas_livres': 23, 'variaveis_x_livres': 4968, 'variaveis_x_fixadas': 90022, 'status_solver': 'OPTIMAL', 'objetivo_anterior': 186395.0, 'objetivo_candidato': 186395.0, 'melhorou': False, 'objetivo_incumbente': 186395.0, 'tempo_gasto_s': 0.7, 'tempo_solver_s': 0.36, 'tempo_limite_subproblema_s': 600.0, 'curso': 'MAT', 'ordem_cursos': 'maior-demanda', 'seed_ordem_cursos': None, 'posicao_ordem_curso': 9}, {'ciclo': 1, 'passada': 2, 'iteracao': 10, 'vizinhanca': 'curso', 'recurso': 'CS', 'disciplinas_livres': 22, 'variaveis_x_livres': 4554, 'variaveis_x_fixadas': 90436, 'status_solver': 'OPTIMAL', 'objetivo_anterior': 186395.0, 'objetivo_candidato': 186395.0, 'melhorou': False, 'objetivo_incumbente': 186395.0, 'tempo_gasto_s': 0.67, 'tempo_solver_s': 0.34, 'tempo_limite_subproblema_s': 600.0, 'curso': 'CS', 'ordem_cursos': 'maior-demanda', 'seed_ordem_cursos': None, 'posicao_ordem_curso': 10}, {'ciclo': 1, 'passada': 2, 'iteracao': 11, 'vizinhanca': 'curso', 'recurso': 'ENF', 'disciplinas_livres': 18, 'variaveis_x_livres': 8510, 'variaveis_x_fixadas': 86480, 'status_solver': 'OPTIMAL', 'objetivo_anterior': 186395.0, 'objetivo_candidato': 186395.0, 'melhorou': False, 'objetivo_incumbente': 186395.0, 'tempo_gasto_s': 4.86, 'tempo_solver_s': 4.5, 'tempo_limite_subproblema_s': 600.0, 'curso': 'ENF', 'ordem_cursos': 'maior-demanda', 'seed_ordem_cursos': None, 'posicao_ordem_curso': 11}, {'ciclo': 1, 'passada': 2, 'iteracao': 12, 'vizinhanca': 'curso', 'recurso': 'FIL', 'disciplinas_livres': 15, 'variaveis_x_livres': 2760, 'variaveis_x_fixadas': 92230, 'status_solver': 'OPTIMAL', 'objetivo_anterior': 186395.0, 'objetivo_candidato': 186395.0, 'melhorou': False, 'objetivo_incumbente': 186395.0, 'tempo_gasto_s': 0.69, 'tempo_solver_s': 0.3, 'tempo_limite_subproblema_s': 600.0, 'curso': 'FIL', 'ordem_cursos': 'maior-demanda', 'seed_ordem_cursos': None, 'posicao_ordem_curso': 12}, {'ciclo': 1, 'passada': 2, 'iteracao': 13, 'vizinhanca': 'curso', 'recurso': 'GEO', 'disciplinas_livres': 10, 'variaveis_x_livres': 2070, 'variaveis_x_fixadas': 92920, 'status_solver': 'OPTIMAL', 'objetivo_anterior': 186395.0, 'objetivo_candidato': 186395.0, 'melhorou': False, 'objetivo_incumbente': 186395.0, 'tempo_gasto_s': 0.61, 'tempo_solver_s': 0.28, 'tempo_limite_subproblema_s': 600.0, 'curso': 'GEO', 'ordem_cursos': 'maior-demanda', 'seed_ordem_cursos': None, 'posicao_ordem_curso': 13}, {'ciclo': 1, 'passada': 3, 'iteracao': 1, 'vizinhanca': 'curso', 'recurso': 'PED', 'disciplinas_livres': 56, 'variaveis_x_livres': 12788, 'variaveis_x_fixadas': 82202, 'status_solver': 'OPTIMAL', 'objetivo_anterior': 186395.0, 'objetivo_candidato': 186395.0, 'melhorou': False, 'objetivo_incumbente': 186395.0, 'tempo_gasto_s': 3.93, 'tempo_solver_s': 3.56, 'tempo_limite_subproblema_s': 600.0, 'curso': 'PED', 'ordem_cursos': 'maior-demanda', 'seed_ordem_cursos': None, 'posicao_ordem_curso': 1}, {'ciclo': 1, 'passada': 3, 'iteracao': 2, 'vizinhanca': 'curso', 'recurso': 'AGRO', 'disciplinas_livres': 51, 'variaveis_x_livres': 8740, 'variaveis_x_fixadas': 86250, 'status_solver': 'OPTIMAL', 'objetivo_anterior': 186395.0, 'objetivo_candidato': 186395.0, 'melhorou': False, 'objetivo_incumbente': 186395.0, 'tempo_gasto_s': 4.21, 'tempo_solver_s': 3.73, 'tempo_limite_subproblema_s': 600.0, 'curso': 'AGRO', 'ordem_cursos': 'maior-demanda', 'seed_ordem_cursos': None, 'posicao_ordem_curso': 2}, {'ciclo': 1, 'passada': 3, 'iteracao': 3, 'vizinhanca': 'curso', 'recurso': 'ADM', 'disciplinas_livres': 48, 'variaveis_x_livres': 9292, 'variaveis_x_fixadas': 85698, 'status_solver': 'OPTIMAL', 'objetivo_anterior': 186395.0, 'objetivo_candidato': 186395.0, 'melhorou': False, 'objetivo_incumbente': 186395.0, 'tempo_gasto_s': 1.69, 'tempo_solver_s': 1.25, 'tempo_limite_subproblema_s': 600.0, 'curso': 'ADM', 'ordem_cursos': 'maior-demanda', 'seed_ordem_cursos': None, 'posicao_ordem_curso': 3}, {'ciclo': 1, 'passada': 3, 'iteracao': 4, 'vizinhanca': 'curso', 'recurso': 'CC', 'disciplinas_livres': 47, 'variaveis_x_livres': 10534, 'variaveis_x_fixadas': 84456, 'status_solver': 'OPTIMAL', 'objetivo_anterior': 186395.0, 'objetivo_candidato': 186395.0, 'melhorou': False, 'objetivo_incumbente': 186395.0, 'tempo_gasto_s': 1.5, 'tempo_solver_s': 1.04, 'tempo_limite_subproblema_s': 600.0, 'curso': 'CC', 'ordem_cursos': 'maior-demanda', 'seed_ordem_cursos': None, 'posicao_ordem_curso': 4}, {'ciclo': 1, 'passada': 3, 'iteracao': 5, 'vizinhanca': 'curso', 'recurso': 'EAS', 'disciplinas_livres': 45, 'variaveis_x_livres': 7452, 'variaveis_x_fixadas': 87538, 'status_solver': 'OPTIMAL', 'objetivo_anterior': 186395.0, 'objetivo_candidato': 186395.0, 'melhorou': False, 'objetivo_incumbente': 186395.0, 'tempo_gasto_s': 0.79, 'tempo_solver_s': 0.4, 'tempo_limite_subproblema_s': 600.0, 'curso': 'EAS', 'ordem_cursos': 'maior-demanda', 'seed_ordem_cursos': None, 'posicao_ordem_curso': 5}, {'ciclo': 1, 'passada': 3, 'iteracao': 6, 'vizinhanca': 'curso', 'recurso': 'MED', 'disciplinas_livres': 41, 'variaveis_x_livres': 9384, 'variaveis_x_fixadas': 85606, 'status_solver': 'OPTIMAL', 'objetivo_anterior': 186395.0, 'objetivo_candidato': 186395.0, 'melhorou': False, 'objetivo_incumbente': 186395.0, 'tempo_gasto_s': 1.34, 'tempo_solver_s': 1.0, 'tempo_limite_subproblema_s': 600.0, 'curso': 'MED', 'ordem_cursos': 'maior-demanda', 'seed_ordem_cursos': None, 'posicao_ordem_curso': 6}, {'ciclo': 1, 'passada': 3, 'iteracao': 7, 'vizinhanca': 'curso', 'recurso': 'LET', 'disciplinas_livres': 36, 'variaveis_x_livres': 9154, 'variaveis_x_fixadas': 85836, 'status_solver': 'OPTIMAL', 'objetivo_anterior': 186395.0, 'objetivo_candidato': 186395.0, 'melhorou': False, 'objetivo_incumbente': 186395.0, 'tempo_gasto_s': 3.96, 'tempo_solver_s': 3.55, 'tempo_limite_subproblema_s': 600.0, 'curso': 'LET', 'ordem_cursos': 'maior-demanda', 'seed_ordem_cursos': None, 'posicao_ordem_curso': 7}, {'ciclo': 1, 'passada': 3, 'iteracao': 8, 'vizinhanca': 'curso', 'recurso': 'HIS', 'disciplinas_livres': 24, 'variaveis_x_livres': 4784, 'variaveis_x_fixadas': 90206, 'status_solver': 'OPTIMAL', 'objetivo_anterior': 186395.0, 'objetivo_candidato': 186395.0, 'melhorou': False, 'objetivo_incumbente': 186395.0, 'tempo_gasto_s': 0.97, 'tempo_solver_s': 0.46, 'tempo_limite_subproblema_s': 600.0, 'curso': 'HIS', 'ordem_cursos': 'maior-demanda', 'seed_ordem_cursos': None, 'posicao_ordem_curso': 8}, {'ciclo': 1, 'passada': 3, 'iteracao': 9, 'vizinhanca': 'curso', 'recurso': 'MAT', 'disciplinas_livres': 23, 'variaveis_x_livres': 4968, 'variaveis_x_fixadas': 90022, 'status_solver': 'OPTIMAL', 'objetivo_anterior': 186395.0, 'objetivo_candidato': 186395.0, 'melhorou': False, 'objetivo_incumbente': 186395.0, 'tempo_gasto_s': 0.78, 'tempo_solver_s': 0.39, 'tempo_limite_subproblema_s': 600.0, 'curso': 'MAT', 'ordem_cursos': 'maior-demanda', 'seed_ordem_cursos': None, 'posicao_ordem_curso': 9}, {'ciclo': 1, 'passada': 3, 'iteracao': 10, 'vizinhanca': 'curso', 'recurso': 'CS', 'disciplinas_livres': 22, 'variaveis_x_livres': 4554, 'variaveis_x_fixadas': 90436, 'status_solver': 'OPTIMAL', 'objetivo_anterior': 186395.0, 'objetivo_candidato': 186395.0, 'melhorou': False, 'objetivo_incumbente': 186395.0, 'tempo_gasto_s': 0.68, 'tempo_solver_s': 0.33, 'tempo_limite_subproblema_s': 600.0, 'curso': 'CS', 'ordem_cursos': 'maior-demanda', 'seed_ordem_cursos': None, 'posicao_ordem_curso': 10}, {'ciclo': 1, 'passada': 3, 'iteracao': 11, 'vizinhanca': 'curso', 'recurso': 'ENF', 'disciplinas_livres': 18, 'variaveis_x_livres': 8510, 'variaveis_x_fixadas': 86480, 'status_solver': 'OPTIMAL', 'objetivo_anterior': 186395.0, 'objetivo_candidato': 186395.0, 'melhorou': False, 'objetivo_incumbente': 186395.0, 'tempo_gasto_s': 5.81, 'tempo_solver_s': 5.44, 'tempo_limite_subproblema_s': 600.0, 'curso': 'ENF', 'ordem_cursos': 'maior-demanda', 'seed_ordem_cursos': None, 'posicao_ordem_curso': 11}, {'ciclo': 1, 'passada': 3, 'iteracao': 12, 'vizinhanca': 'curso', 'recurso': 'FIL', 'disciplinas_livres': 15, 'variaveis_x_livres': 2760, 'variaveis_x_fixadas': 92230, 'status_solver': 'OPTIMAL', 'objetivo_anterior': 186395.0, 'objetivo_candidato': 186395.0, 'melhorou': False, 'objetivo_incumbente': 186395.0, 'tempo_gasto_s': 0.71, 'tempo_solver_s': 0.31, 'tempo_limite_subproblema_s': 600.0, 'curso': 'FIL', 'ordem_cursos': 'maior-demanda', 'seed_ordem_cursos': None, 'posicao_ordem_curso': 12}, {'ciclo': 1, 'passada': 3, 'iteracao': 13, 'vizinhanca': 'curso', 'recurso': 'GEO', 'disciplinas_livres': 10, 'variaveis_x_livres': 2070, 'variaveis_x_fixadas': 92920, 'status_solver': 'OPTIMAL', 'objetivo_anterior': 186395.0, 'objetivo_candidato': 186395.0, 'melhorou': False, 'objetivo_incumbente': 186395.0, 'tempo_gasto_s': 0.61, 'tempo_solver_s': 0.28, 'tempo_limite_subproblema_s': 600.0, 'curso': 'GEO', 'ordem_cursos': 'maior-demanda', 'seed_ordem_cursos': None, 'posicao_ordem_curso': 13}]}
