Agrupamento!
Curso:  ADMINISTRAÇÃO
Disciplina 1: GCS528_1 | ('2M2345 (04/03/2024 - 29/04/2024)',)
Disciplina 2: GCH087_1 | ('2M2345 (06/05/2024 - 01/07/2024)',)
Agrupamento!
Curso:  ENFERMAGEM
Disciplina 1: GCH090_1 | ('3T1234 (06/05/2024 - 06/07/2024)',)
Disciplina 2: GSA020_1 | ('3T1234 (04/03/2024 - 04/05/2024)',)
Agrupamento!
Curso:  ENGENHARIA AMBIENTAL E SANITÁRIA
Disciplina 1: GEN108_1 | ('2T345 (04/03/2024 - 11/05/2024),  2T345 6T45 (13/05/2024 - 06/07/2024),  2T34 (08/07/2024 - 13/07/2024)',)
Disciplina 2: GEN107_1 | ('5T123 6T45 (04/03/2024 - 11/05/2024),  5T123 (13/05/2024 - 13/07/2024)',)
Agrupamento!
Curso:  LETRAS - PORTUGUÊS E ESPANHOL
Disciplina 1: GLA369_1 | ('2N1234 (15/04/2024 - 15/06/2024),  2T12  2N1234 (17/06/2024 - 22/06/2024)',)
Disciplina 2: GCH837_2 | ('2T12345  2N1234 (04/03/2024 - 13/04/2024),  2T12345 (15/04/2024 - 04/05/2024),  2T12345 (27/05/2024 - 08/06/2024),  2T12345 (10/06/2024 - 15/06/2024),  2N1234 (24/06/2024 - 13/07/2024)',)
Agrupamento!
Curso:  LETRAS - PORTUGUÊS E ESPANHOL
Disciplina 1: GLA381_1 | ('4N1234 (08/04/2024 - 11/05/2024),  4T1234  4N1234 (13/05/2024 - 25/05/2024),  4N1234 (27/05/2024 - 13/07/2024)',)
Disciplina 2: GLA379_1 | ('4N1234 (04/03/2024 - 06/04/2024),   2N1234 (08/04/2024 - 13/04/2024),  2N1234 (29/04/2024 - 11/05/2024), 2N1234 (24/06/2024 - 24/06/2024)',)
Agrupamento!
Curso:  LETRAS - PORTUGUÊS E ESPANHOL
Disciplina 1: GLA380_1 | ('6N1234 (20/05/2024 - 01/06/2024),  6T1234  6N1234 (03/06/2024 - 08/06/2024),  6N1234 (10/06/2024 - 13/07/2024)',)
Disciplina 2: GLA384_1 | ('6T12  6N1234 (04/03/2024 - 09/03/2024),  6N1234 (11/03/2024 - 18/05/2024)',)
Agrupamento!
Curso:  LETRAS - PORTUGUÊS E ESPANHOL
Disciplina 1: GLA383_1 | ('2N1234 (04/03/2024 - 06/04/2024),  2N1234 (15/04/2024 - 27/04/2024),  2N1234 (13/05/2024 - 22/06/2024),  2N1234 (01/07/2024 - 13/07/2024)',)
Disciplina 2: GLA379_1 | ('4N1234 (04/03/2024 - 06/04/2024),   2N1234 (08/04/2024 - 13/04/2024),  2N1234 (29/04/2024 - 11/05/2024), 2N1234 (24/06/2024 - 24/06/2024)',)
Agrupamento!
Curso:  LETRAS - PORTUGUÊS E ESPANHOL
Disciplina 1: GLA386_1 | ('3N1234 (29/04/2024 - 06/07/2024),  3N12 (08/07/2024 - 13/07/2024)',)
Disciplina 2: GLA385_1 | ('3T12345  3N1234 (04/03/2024 - 16/03/2024),  3N1234 (18/03/2024 - 27/04/2024)',)
Agrupamento!
Curso:  LETRAS - PORTUGUÊS E ESPANHOL
Disciplina 1: GLA395_1 | ('2T1234  2N1234 (04/03/2024 - 23/03/2024),  2T1234 (25/03/2024 - 30/03/2024),  2N1234 (01/07/2024 - 13/07/2024)',)
Disciplina 2: GLA397_1 | ('2N1234 (25/03/2024 - 01/06/2024),  2N12 (03/06/2024 - 08/06/2024)',)
Agrupamento!
Curso:  MATEMÁTICA
Disciplina 1: GEX983_1 | ('6N1234 (04/03/2024 - 26/04/2024),  6N12 (03/05/2024 - 03/05/2024)',)
Disciplina 2: GEX980_1 | ('6N1234 (17/05/2024 - 24/05/2024),  6N1234 (07/06/2024 - 05/07/2024),  6N12 (12/07/2024 - 12/07/2024)',)
Agrupamento!
Curso:  MATEMÁTICA
Disciplina 1: GEX989_1 | ('4N1234 (13/03/2024 - 13/03/2024),  4N1234 (10/04/2024 - 10/04/2024),  4N1234 (08/05/2024 - 08/05/2024),  4N1234 (22/05/2024 - 22/05/2024),  4N1234 (12/06/2024 - 12/06/2024),  2N1234 (17/06/2024 - 17/06/2024),  24N1234 (24/06/2024 - 26/06/2024),  2N1234 (01/07/2024 - 01/07/2024)',)
Disciplina 2: GEX988_1 | ('2N1234 (04/03/2024 - 10/06/2024)',)
Agrupamento!
Curso:  MATEMÁTICA
Disciplina 1: GEX996_1 | ('2N1234 (04/03/2024 - 04/03/2024),  2N1234 (18/03/2024 - 18/03/2024),  2N1234 (01/04/2024 - 01/04/2024),  2N1234 (15/04/2024 - 15/04/2024),  2N1234 (29/04/2024 - 29/04/2024),  2N1234 (13/05/2024 - 13/05/2024),  2N1234 (27/05/2024 - 27/05/2024),  2N1234 (10/06/2024 - 10/06/2024),  2N1234 (24/06/2024 - 24/06/2024)',)
Disciplina 2: GEX995_1 | ('2N1234 (11/03/2024 - 11/03/2024),  2T2345  2N1234 (25/03/2024 - 25/03/2024),  2T2345 (01/04/2024 - 01/04/2024),  2T2345  2N1234 (08/04/2024 - 08/04/2024),  2T2345 (15/04/2024 - 15/04/2024),  2T2345  2N1234 (22/04/2024 - 22/04/2024),  2T2345 (29/04/2024 - 29/04/2024),  2T2345  2N1234 (06/05/2024 - 06/05/2024),  2T2345 (13/05/2024 - 13/05/2024),  2T2345  2N1234 (20/05/2024 - 20/05/2024),  2T2345 (27/05/2024 - 27/05/2024),  2T2345  2N1234 (03/06/2024 - 03/06/2024),  2T2345 (10/06/2024 - 10/06/2024),  2T2345  2N1234 (17/06/2024 - 17/06/2024),  2T2345 (24/06/2024 - 24/06/2024),  2N12 (01/07/2024 - 01/07/2024)',)
Agrupamento!
Curso:  MEDICINA
Disciplina 1: GSA286_1 | ('4T1234 (06/03/2024 - 06/03/2024),  4T1234 (20/03/2024 - 20/03/2024),  4T1234 (03/04/2024 - 03/04/2024),  4T1234 (17/04/2024 - 17/04/2024),  4T1234 (08/05/2024 - 08/05/2024),  4T1234 (22/05/2024 - 22/05/2024),  4T1234 (29/05/2024 - 29/05/2024),  4T1234 (12/06/2024 - 12/06/2024),  4T1234 (26/06/2024 - 26/06/2024)',)
Disciplina 2: GSA285_1 | ('4T12345 (05/06/2024 - 05/06/2024),  4T12345 (19/06/2024 - 19/06/2024),  4T12345 (03/07/2024 - 03/07/2024),  4T123 (10/07/2024 - 10/07/2024)',)
Agrupamento!
Curso:  PEDAGOGIA
Disciplina 1: GCH1036_1 | ('5M1234 (28/03/2024 - 28/03/2024), 5M1234 (02/05/2024 - 02/05/2024), 5M1234 (06/06/2024 - 06/06/2024), 5M1234 (20/06/2024 - 20/06/2024), 5M12 (27/06/2024 - 27/06/2024)',)
Disciplina 2: GCH1100_1 | ('5M1234 (04/03/2024 - 21/03/2024), 5M1234 (04/04/2024 - 25/04/2024), 5M1234 (09/05/2024 - 09/05/2024), 5M1234 (16/05/2024 - 16/05/2024)',)
Agrupamento!
Curso:  PEDAGOGIA
Disciplina 1: GCH1039_1 | ('4N1234 (27/03/2024 - 27/03/2024),  4N1234 (08/05/2024 - 08/05/2024),  4N1234 (27/05/2024 - 08/06/2024),  4N12 (12/06/2024 - 12/06/2024)',)
Disciplina 2: GCH1038_1 | ('4N1234 (04/03/2024 - 23/03/2024),  4N1234 (01/04/2024 - 27/04/2024),  4N1234 (13/05/2024 - 25/05/2024)',)
Agrupamento!
Curso:  PEDAGOGIA
Disciplina 1: GCH1099_1 | ('6M1234 (04/03/2024 - 23/03/2024), 6M1234 (08/04/2024 - 04/05/2024), 6M1234 (13/05/2024 - 01/06/2024), 6M1234 (14/06/2024 - 14/06/2024), 6M34 (28/06/2024 - 28/06/2024), 6M1234 (01/07/2024 - 13/07/2024)',)
Disciplina 2: GCH1088_1 | ('6M1234 (01/04/2024 - 06/04/2024), 6M1234 (06/05/2024 - 11/05/2024), 6M1234 (03/06/2024 - 08/06/2024), 6M1234 (17/06/2024 - 22/06/2024), 6M12 (24/06/2024 - 29/06/2024)',)
Agrupamento!
Curso:  PEDAGOGIA
Disciplina 1: GCH1105_1 | ('3N1234 (04/03/2024 - 30/03/2024), 7M123456  3N1234 (01/07/2024 - 13/07/2024)',)
Disciplina 2: GCH1104_1 | ('3N1234 (01/04/2024 - 27/04/2024),  3N1234 (06/05/2024 - 18/05/2024)',)
Agrupamento!
Curso:  PEDAGOGIA
Disciplina 1: GCH1106_1 | ('2N1234 (25/03/2024 - 25/03/2024),  2N1234 (29/04/2024 - 29/04/2024),  2N1234 (27/05/2024 - 27/05/2024),  2N1234 (10/06/2024 - 10/06/2024),  2N12 (17/06/2024 - 17/06/2024)',)
Disciplina 2: GCH1102_1 | ('2N1234 (04/03/2024 - 23/03/2024),  2N1234 (01/04/2024 - 27/04/2024),  2N1234 (06/05/2024 - 25/05/2024),  2N1234 (03/06/2024 - 03/06/2024),  2N34 (17/06/2024 - 17/06/2024),  2N1234 (24/06/2024 - 06/07/2024)',)
Agrupamento!
Curso:  PEDAGOGIA
Disciplina 1: GCH1109_1 | ('3M1234 (06/05/2024 - 06/07/2024)',)
Disciplina 2: GCH1108_1 | ('3M1234 (04/03/2024 - 04/05/2024)',)
Agrupamento!
Curso:  PEDAGOGIA
Disciplina 1: GCH1111_1 | ('5M1234 (28/03/2024 - 28/03/2024), 5M1234 (02/05/2024 - 02/05/2024), 5M1234 (06/06/2024 - 06/06/2024), 5M1234 (20/06/2024 - 20/06/2024), 5M12 (27/06/2024 - 27/06/2024)',)
Disciplina 2: GCH837_3 | ('57M12345 (04/03/2024 - 23/03/2024), 57M12345 (01/04/2024 - 27/04/2024), 5M12345 (06/05/2024 - 25/05/2024), 57M12345 (13/06/2024 - 15/06/2024), 5M345 (27/06/2024 - 27/06/2024), 5M12345 (01/07/2024 - 13/07/2024)',)
Agrupamento!
Curso:  PEDAGOGIA
Disciplina 1: GCH1114_1 | ('7M2345  5N1234 (06/05/2024 - 25/05/2024), 7M2345  5N1234 (27/05/2024 - 08/06/2024),  5N1234 (10/06/2024 - 13/07/2024)',)
Disciplina 2: GCH1115_1 | ('7M2345  5N1234 (04/03/2024 - 23/03/2024),  5N1234 (25/03/2024 - 20/04/2024), 7M2345  5N1234 (22/04/2024 - 04/05/2024)',)
Agrupamento!
Curso:  PEDAGOGIA
Disciplina 1: GCH1116_1 | ('4N1234 (27/03/2024 - 27/03/2024),  4N1234 (08/05/2024 - 08/05/2024),  4N1234 (05/06/2024 - 05/06/2024),  4N1234 (19/06/2024 - 19/06/2024),  4N12 (26/06/2024 - 26/06/2024)',)
Disciplina 2: GCH1113_1 | ('4N1234 (04/03/2024 - 23/03/2024),  4N1234 (01/04/2024 - 27/04/2024),  4N1234 (13/05/2024 - 01/06/2024),  4N1234 (12/06/2024 - 12/06/2024),  4N34 (26/06/2024 - 26/06/2024), 7M123456  7T123  4N1234 (01/07/2024 - 13/07/2024)',)
Agrupamento!
Curso:  PEDAGOGIA
Disciplina 1: GLA240_1 | ('5M1234 (04/03/2024 - 04/05/2024)',)
Disciplina 2: GCH1119_1 | ('5M1234 (06/05/2024 - 13/07/2024)',)
Agrupamento!
Curso:  PEDAGOGIA
Disciplina 1: GEX776_1 | ('6M1234 (13/05/2024 - 13/07/2024)',)
Disciplina 2: GCH1118_1 | ('6M1234 (04/03/2024 - 11/05/2024)',)
Agrupamento!
Curso:  PEDAGOGIA
Disciplina 1: GCH1121_1 | ('7M2345 (09/03/2024 - 09/03/2024),  4N1234 (13/03/2024 - 13/03/2024), 7M2345 (16/03/2024 - 16/03/2024), 7M2345 (23/03/2024 - 23/03/2024),  4N1234 (10/04/2024 - 10/04/2024),  4N1234 (08/05/2024 - 08/05/2024),  4N1234 (22/05/2024 - 22/05/2024),  4N1234 (12/06/2024 - 12/06/2024),  4N1234 (26/06/2024 - 26/06/2024)',)
Disciplina 2: GEX777_1 | ('4N1234 (06/03/2024 - 06/03/2024),  4N1234 (18/03/2024 - 06/04/2024),  4N1234 (15/04/2024 - 27/04/2024), 7M2345  4N1234 (15/05/2024 - 18/05/2024), 7M2345  4N1234 (27/05/2024 - 08/06/2024), 7M2345  4N1234 (19/06/2024 - 22/06/2024), 7M2345  4N1234 (01/07/2024 - 13/07/2024)',)
Agrupamento!
Curso:  PEDAGOGIA
Disciplina 1: GCH1126_1 | ('2N1234 (25/03/2024 - 25/03/2024),  2N1234 (29/04/2024 - 29/04/2024),  2N1234 (27/05/2024 - 27/05/2024),  2N1234 (10/06/2024 - 10/06/2024),  2N12 (17/06/2024 - 17/06/2024)',)
Disciplina 2: GCH1122_1 | ('2N1234 (04/03/2024 - 23/03/2024),  2N1234 (01/04/2024 - 27/04/2024),  2N1234 (06/05/2024 - 06/05/2024),  2N1234 (13/05/2024 - 13/05/2024),  7T2345 (18/05/2024 - 18/05/2024),  2N1234 (20/05/2024 - 20/05/2024),  7T2345 (25/05/2024 - 25/05/2024),  7T2345 (01/06/2024 - 01/06/2024),  2N1234 (03/06/2024 - 03/06/2024),  7T2345 (08/06/2024 - 08/06/2024),  2N1234 (24/06/2024 - 13/07/2024)',)
Agrupamento!
Curso:  PEDAGOGIA
Disciplina 1: GCH1134_1 | ('3N1234 (26/03/2024 - 26/03/2024),  3N1234 (30/04/2024 - 30/04/2024),  3N1234 (21/05/2024 - 01/06/2024),  3N12 (04/06/2024 - 04/06/2024)',)
Disciplina 2: GCH1132_1 | ('3N1234 (04/03/2024 - 23/03/2024),  3N1234 (01/04/2024 - 27/04/2024),  3N1234 (06/05/2024 - 18/05/2024)',)
Agrupamentos:  27
Set parameter Username
Set parameter LicenseID to value 2851439
Academic license - for non-commercial use only - expires 2027-08-04
Set parameter TimeLimit to value 25200
Set parameter TimeLimit to value 3
Set parameter MIPFocus to value 1
Set parameter NoRelHeurTime to value 3
Gurobi Optimizer version 10.0.2 build v10.0.2rc0 (mac64[arm])

CPU model: Apple M5
Thread count: 10 physical cores, 10 logical processors, using up to 10 threads

Optimize a model with 548706 rows, 284763 columns and 1341935 nonzeros
Model fingerprint: 0x554225e6
Variable types: 0 continuous, 284763 integer (264707 binary)
Coefficient statistics:
  Matrix range     [1e+00, 8e+01]
  Objective range  [5e-01, 2e+03]
  Bounds range     [1e+00, 1e+00]
  RHS range        [1e+00, 1e+02]
Found heuristic solution: objective 4130000.0000
Presolve removed 258478 rows and 68178 columns
Presolve time: 1.88s
Presolved: 290228 rows, 216585 columns, 898474 nonzeros
Variable types: 0 continuous, 216585 integer (216585 binary)
Found heuristic solution: objective 3264725.0000
Starting NoRel heuristic
Found heuristic solution: objective 3264325.0000
NoRel heuristic complete

Explored 0 nodes (0 simplex iterations) in 3.38 seconds (6.73 work units)
Thread count was 10 (of 10 available processors)

Solution count 3: 3.26432e+06 3.26472e+06 4.13e+06 

Time limit reached
Best objective 3.264325000000e+06, best bound -4.283850000000e+06, gap 231.2323%
Solução -> não <- ótima.
Set parameter TimeLimit to value 25200
Set parameter TimeLimit to value 600
Set parameter NoRelHeurTime to value 0
Gurobi Optimizer version 10.0.2 build v10.0.2rc0 (mac64[arm])

CPU model: Apple M5
Thread count: 10 physical cores, 10 logical processors, using up to 10 threads

Optimize a model with 548706 rows, 284763 columns and 1341935 nonzeros
Model fingerprint: 0x461f4e81
Variable types: 0 continuous, 284763 integer (264707 binary)
Coefficient statistics:
  Matrix range     [1e+00, 8e+01]
  Objective range  [5e-01, 2e+03]
  Bounds range     [1e+00, 1e+00]
  RHS range        [1e+00, 1e+02]

User MIP start produced solution with objective 3.26432e+06 (0.11s)
Loaded user MIP start with objective 3.26432e+06
MIP start from previous solve did not produce a new incumbent solution

Presolve removed 542128 rows and 279067 columns
Presolve time: 0.17s
Presolved: 6578 rows, 5696 columns, 18601 nonzeros
Variable types: 0 continuous, 5696 integer (5696 binary)
Found heuristic solution: objective 3264070.0000

Root relaxation: objective 3.228730e+06, 354 iterations, 0.00 seconds (0.01 work units)

    Nodes    |    Current Node    |     Objective Bounds      |     Work
 Expl Unexpl |  Obj  Depth IntInf | Incumbent    BestBd   Gap | It/Node Time

     0     0 3228730.00    0   76 3264070.00 3228730.00  1.08%     -    0s
H    0     0                    3231252.0000 3228730.00  0.08%     -    0s
H    0     0                    3228742.0000 3228730.00  0.00%     -    0s

Explored 1 nodes (567 simplex iterations) in 0.31 seconds (0.96 work units)
Thread count was 10 (of 10 available processors)

Solution count 4: 3.22874e+06 3.23125e+06 3.26407e+06 3.26432e+06 

Optimal solution found (tolerance 1.00e-04)
Best objective 3.228742000000e+06, best bound 3.228730000000e+06, gap 0.0004%
Solução ótima encontrada.
Set parameter TimeLimit to value 25200
Set parameter TimeLimit to value 600
Gurobi Optimizer version 10.0.2 build v10.0.2rc0 (mac64[arm])

CPU model: Apple M5
Thread count: 10 physical cores, 10 logical processors, using up to 10 threads

Optimize a model with 548706 rows, 284763 columns and 1341935 nonzeros
Model fingerprint: 0xe0c5414d
Variable types: 0 continuous, 284763 integer (264707 binary)
Coefficient statistics:
  Matrix range     [1e+00, 8e+01]
  Objective range  [5e-01, 2e+03]
  Bounds range     [1e+00, 1e+00]
  RHS range        [1e+00, 1e+02]

User MIP start produced solution with objective 3.22874e+06 (0.09s)
Loaded user MIP start with objective 3.22874e+06
MIP start from previous solve did not produce a new incumbent solution

Presolve removed 541462 rows and 278227 columns
Presolve time: 0.17s
Presolved: 7244 rows, 6536 columns, 21151 nonzeros
Variable types: 0 continuous, 6536 integer (6536 binary)

Root relaxation: objective 3.148270e+06, 564 iterations, 0.01 seconds (0.01 work units)

    Nodes    |    Current Node    |     Objective Bounds      |     Work
 Expl Unexpl |  Obj  Depth IntInf | Incumbent    BestBd   Gap | It/Node Time

*    0     0               0    3148270.0000 3148270.00  0.00%     -    0s

Explored 1 nodes (564 simplex iterations) in 0.29 seconds (0.96 work units)
Thread count was 10 (of 10 available processors)

Solution count 2: 3.14827e+06 3.22874e+06 

Optimal solution found (tolerance 1.00e-04)
Best objective 3.148270000000e+06, best bound 3.148270000000e+06, gap 0.0000%
Solução ótima encontrada.
Set parameter TimeLimit to value 25200
Set parameter TimeLimit to value 600
Gurobi Optimizer version 10.0.2 build v10.0.2rc0 (mac64[arm])

CPU model: Apple M5
Thread count: 10 physical cores, 10 logical processors, using up to 10 threads

Optimize a model with 548706 rows, 284763 columns and 1341935 nonzeros
Model fingerprint: 0x5cbe8734
Variable types: 0 continuous, 284763 integer (264707 binary)
Coefficient statistics:
  Matrix range     [1e+00, 8e+01]
  Objective range  [5e-01, 2e+03]
  Bounds range     [1e+00, 1e+00]
  RHS range        [1e+00, 1e+02]

User MIP start produced solution with objective 3.14827e+06 (0.09s)
Loaded user MIP start with objective 3.14827e+06
MIP start from previous solve did not produce a new incumbent solution

Presolve removed 527148 rows and 266861 columns
Presolve time: 0.26s
Presolved: 21558 rows, 17902 columns, 63983 nonzeros
Variable types: 0 continuous, 17902 integer (17902 binary)

Root relaxation: objective 2.710708e+06, 2308 iterations, 0.04 seconds (0.10 work units)

    Nodes    |    Current Node    |     Objective Bounds      |     Work
 Expl Unexpl |  Obj  Depth IntInf | Incumbent    BestBd   Gap | It/Node Time

     0     0 2710708.04    0  547 3148270.00 2710708.04  13.9%     -    0s
H    0     0                    2812537.5000 2710708.04  3.62%     -    0s
H    0     0                    2811432.0000 2710708.04  3.58%     -    0s
H    0     0                    2800486.0000 2710708.04  3.21%     -    0s
     0     0 2710904.43    0  583 2800486.00 2710904.43  3.20%     -    0s
H    0     0                    2788769.5000 2710904.43  2.79%     -    0s
H    0     0                    2730336.0000 2710904.43  0.71%     -    0s
     0     0 2710940.41    0  624 2730336.00 2710940.41  0.71%     -    0s
     0     0 2710942.93    0  613 2730336.00 2710942.93  0.71%     -    0s
     0     0 2710942.93    0  634 2730336.00 2710942.93  0.71%     -    0s
     0     0 2710972.03    0  559 2730336.00 2710972.03  0.71%     -    0s
     0     0 2710978.16    0  641 2730336.00 2710978.16  0.71%     -    1s
     0     0 2710978.16    0  605 2730336.00 2710978.16  0.71%     -    1s
     0     0 2710988.39    0  663 2730336.00 2710988.39  0.71%     -    1s
H    0     0                    2723979.0000 2710989.92  0.48%     -    1s
     0     0 2710989.92    0  643 2723979.00 2710989.92  0.48%     -    1s
     0     0 2710990.98    0  636 2723979.00 2710990.98  0.48%     -    1s
H    0     0                    2711544.0000 2710991.14  0.02%     -    1s
     0     0 2710991.14    0  643 2711544.00 2710991.14  0.02%     -    1s
     0     0 2710992.59    0  582 2711544.00 2710992.59  0.02%     -    1s
H    0     0                    2711477.5000 2710992.59  0.02%     -    2s
     0     0 2711150.42    0  350 2711477.50 2711150.42  0.01%     -    2s
     0     0 2711429.17    0  313 2711477.50 2711429.17  0.00%     -    2s

Explored 1 nodes (10673 simplex iterations) in 2.11 seconds (4.44 work units)
Thread count was 10 (of 10 available processors)

Solution count 10: 2.71148e+06 2.71154e+06 2.72398e+06 ... 3.14827e+06

Optimal solution found (tolerance 1.00e-04)
Best objective 2.711477500000e+06, best bound 2.711429166667e+06, gap 0.0018%
Solução ótima encontrada.
Set parameter TimeLimit to value 25200
Set parameter TimeLimit to value 600
Gurobi Optimizer version 10.0.2 build v10.0.2rc0 (mac64[arm])

CPU model: Apple M5
Thread count: 10 physical cores, 10 logical processors, using up to 10 threads

Optimize a model with 548706 rows, 284763 columns and 1341935 nonzeros
Model fingerprint: 0x638e388b
Variable types: 0 continuous, 284763 integer (264707 binary)
Coefficient statistics:
  Matrix range     [1e+00, 8e+01]
  Objective range  [5e-01, 2e+03]
  Bounds range     [1e+00, 1e+00]
  RHS range        [1e+00, 1e+02]

User MIP start produced solution with objective 2.71148e+06 (0.10s)
Loaded user MIP start with objective 2.71148e+06
MIP start from previous solve did not produce a new incumbent solution

Presolve removed 530058 rows and 270723 columns
Presolve time: 0.23s
Presolved: 18648 rows, 14040 columns, 54434 nonzeros
Variable types: 0 continuous, 14040 integer (14040 binary)

Root relaxation: objective 2.433872e+06, 15141 iterations, 0.69 seconds (2.44 work units)

    Nodes    |    Current Node    |     Objective Bounds      |     Work
 Expl Unexpl |  Obj  Depth IntInf | Incumbent    BestBd   Gap | It/Node Time

     0     0 2433872.50    0  438 2711477.50 2433872.50  10.2%     -    3s
H    0     0                    2711227.5000 2433872.50  10.2%     -    3s
H    0     0                    2480152.0000 2433872.50  1.87%     -    3s
H    0     0                    2436451.5000 2433872.50  0.11%     -    3s
H    0     0                    2435647.5000 2433872.50  0.07%     -    3s
H    0     0                    2435523.5000 2433872.50  0.07%     -    4s
     0     0 2433872.50    0  550 2435523.50 2433872.50  0.07%     -    4s
     0     0 2433872.50    0  438 2435523.50 2433872.50  0.07%     -    5s
     0     0 2433874.50    0  440 2435523.50 2433874.50  0.07%     -    6s
H    0     0                    2433985.0000 2433875.50  0.00%     -    7s
     0     0 2433875.50    0  593 2433985.00 2433875.50  0.00%     -    7s

Cutting planes:
  Zero half: 13
  RLT: 23
  BQP: 23

Explored 1 nodes (76855 simplex iterations) in 7.49 seconds (25.77 work units)
Thread count was 10 (of 10 available processors)

Solution count 7: 2.43398e+06 2.43552e+06 2.43565e+06 ... 2.71148e+06

Optimal solution found (tolerance 1.00e-04)
Best objective 2.433985000000e+06, best bound 2.433875500000e+06, gap 0.0045%
Solução ótima encontrada.
Set parameter TimeLimit to value 25200
Set parameter TimeLimit to value 600
Gurobi Optimizer version 10.0.2 build v10.0.2rc0 (mac64[arm])

CPU model: Apple M5
Thread count: 10 physical cores, 10 logical processors, using up to 10 threads

Optimize a model with 548706 rows, 284763 columns and 1341935 nonzeros
Model fingerprint: 0xa8d59653
Variable types: 0 continuous, 284763 integer (264707 binary)
Coefficient statistics:
  Matrix range     [1e+00, 8e+01]
  Objective range  [5e-01, 2e+03]
  Bounds range     [1e+00, 1e+00]
  RHS range        [1e+00, 1e+02]

User MIP start produced solution with objective 2.43398e+06 (0.10s)
Loaded user MIP start with objective 2.43398e+06
MIP start from previous solve did not produce a new incumbent solution

Presolve removed 525568 rows and 266036 columns
Presolve time: 0.27s
Presolved: 23138 rows, 18727 columns, 67386 nonzeros
Variable types: 0 continuous, 18727 integer (18727 binary)
Found heuristic solution: objective 2433735.0000

Root relaxation: objective 2.008865e+06, 8746 iterations, 0.29 seconds (0.73 work units)

    Nodes    |    Current Node    |     Objective Bounds      |     Work
 Expl Unexpl |  Obj  Depth IntInf | Incumbent    BestBd   Gap | It/Node Time

     0     0 2008865.42    0  804 2433735.00 2008865.42  17.5%     -    1s
H    0     0                    2138718.0000 2008865.42  6.07%     -    1s
H    0     0                    2110909.0000 2008865.42  4.83%     -    1s
H    0     0                    2080514.0000 2008865.42  3.44%     -    1s
     0     0 2008898.79    0  892 2080514.00 2008898.79  3.44%     -    1s
     0     0 2008898.79    0  892 2080514.00 2008898.79  3.44%     -    1s
     0     0 2008919.21    0  934 2080514.00 2008919.21  3.44%     -    1s
     0     0 2008920.39    0  814 2080514.00 2008920.39  3.44%     -    1s
H    0     0                    2073824.0000 2008920.39  3.13%     -    1s
H    0     0                    2072484.0000 2008920.39  3.07%     -    1s
H    0     0                    2059378.0000 2008934.85  2.45%     -    2s
H    0     0                    2059078.0000 2008934.85  2.44%     -    2s
     0     0 2008934.85    0 1045 2059078.00 2008934.85  2.44%     -    2s
     0     0 2008939.46    0 1108 2059078.00 2008939.46  2.43%     -    2s
     0     0 2008939.46    0 1103 2059078.00 2008939.46  2.43%     -    2s
H    0     0                    2044964.5000 2008939.46  1.76%     -    2s
     0     0 2008945.67    0 1096 2044964.50 2008945.67  1.76%     -    2s
     0     0 2008950.27    0 1098 2044964.50 2008950.27  1.76%     -    2s
     0     0 2008950.48    0 1098 2044964.50 2008950.48  1.76%     -    2s
     0     0 2008950.50    0 1104 2044964.50 2008950.50  1.76%     -    2s
     0     0 2008958.36    0 1152 2044964.50 2008958.36  1.76%     -    3s
H    0     0                    2044449.5000 2008958.36  1.74%     -    3s
     0     2 2008958.36    0 1152 2044449.50 2008958.36  1.74%     -    3s
H    1     4                    2030885.0000 2008958.41  1.08%  1479    3s
H    2     4                    2030385.0000 2008958.41  1.06%   904    3s
    35    46 2008978.97    6 1291 2030385.00 2008964.86  1.05%  1179    6s
H   37    46                    2016573.0000 2008964.86  0.38%  1137    6s
H   56    66                    2010803.0000 2008964.86  0.09%   958    7s
H   82   114                    2009961.0000 2008964.86  0.05%   873    7s
H   88   114                    2009956.0000 2008964.86  0.05%   839    7s
*  170   225              18    2009718.5000 2008964.86  0.04%   581    8s
H  331   285                    2009688.5000 2008964.86  0.04%   465    8s
*  389   357              28    2009622.5000 2008981.28  0.03%   481    9s
H  399   357                    2009548.5000 2008981.28  0.03%   469    9s
   452   400 2009064.23    6  822 2009548.50 2008981.28  0.03%   472   10s
H  665   486                    2009543.5000 2008981.28  0.03%   472   11s
   909   710 2009035.51   14 1000 2009543.50 2008983.64  0.03%   455   16s
H  935   710                    2009518.5000 2008983.64  0.03%   453   16s
H 1183   623                    2009513.5000 2008983.64  0.03%   439   24s
H 1197   599                    2009488.5000 2008983.64  0.03%   438   24s
  1206   890 2009039.95   18 1000 2009488.50 2008984.20  0.03%   438   27s
  1712   848 2009086.33   11  810 2009488.50 2008996.34  0.02%   410   30s
  1720   853 2009348.04   22 1086 2009488.50 2008996.34  0.02%   408   37s
  1724   856 2009189.15   23 1084 2009488.50 2008996.34  0.02%   407   41s
  1735   821 2009035.14   23  903 2009488.50 2008996.38  0.02%   426   45s
  1795   872 2009030.80   31 1144 2009488.50 2009017.73  0.02%   456   50s
  2072   935     cutoff   41      2009488.50 2009019.80  0.02%   436   57s
  2220   895 2009077.89   30  939 2009488.50 2009019.80  0.02%   425   65s
  2231   899 2009087.65   31  917 2009488.50 2009019.80  0.02%   426   74s
  2253  1053 2009104.06   32  813 2009488.50 2009023.38  0.02%   425   75s
  3298  1182 2009330.58   36  492 2009488.50 2009041.97  0.02%   388   81s
  3829  1113 2009348.43   42  600 2009488.50 2009046.54  0.02%   377   88s
  4199  1254 2009122.41   48  659 2009488.50 2009048.44  0.02%   375   91s
  4980  1387 2009099.14   53  743 2009488.50 2009050.78  0.02%   370   98s
  5339  1680 2009472.35   70  686 2009488.50 2009051.37  0.02%   368  101s
  6117  1973 2009156.75   50  627 2009488.50 2009055.51  0.02%   372  105s
  7833  2610 2009484.83   44  329 2009488.50 2009060.43  0.02%   371  112s
  8705  2839 2009453.71   56  498 2009488.50 2009062.83  0.02%   370  116s
  9510  3143 2009159.25   36  879 2009488.50 2009064.34  0.02%   373  120s
 11221  3745 2009406.67   45  342 2009488.50 2009068.24  0.02%   380  128s
 12141  3969 2009121.14   48  868 2009488.50 2009069.34  0.02%   381  133s
 12967  4324     cutoff   43      2009488.50 2009070.73  0.02%   388  138s
 13941  4555     cutoff   59      2009488.50 2009071.43  0.02%   389  143s
 14771  4850 2009103.86   43  686 2009488.50 2009073.00  0.02%   394  148s
 15711  5219 infeasible   72      2009488.50 2009074.50  0.02%   398  153s
 16815  5642 2009170.33   45  455 2009488.50 2009075.36  0.02%   399  160s
 18082  5873     cutoff   45      2009488.50 2009076.97  0.02%   403  168s
 18863  6356 2009407.33   46  350 2009488.50 2009077.22  0.02%   406  175s
 20290  6741 infeasible   49      2009488.50 2009079.39  0.02%   408  182s
 21666  7231 2009111.14   49  921 2009488.50 2009080.66  0.02%   409  189s
 23021  7585 2009118.28   55  769 2009488.50 2009081.30  0.02%   410  197s
 24322  7829 2009097.76   46  739 2009488.50 2009082.68  0.02%   411  207s
 25257  8279 infeasible   45      2009488.50 2009083.21  0.02%   413  215s
 26875  8500     cutoff   56      2009488.50 2009084.63  0.02%   414  225s
 27721  9023 infeasible   48      2009488.50 2009085.07  0.02%   415  234s
 29423  9499     cutoff   43      2009488.50 2009087.08  0.02%   416  243s
 31066  9991 2009102.07   57  779 2009488.50 2009087.99  0.02%   418  253s
 32588 10502 infeasible   57      2009488.50 2009088.94  0.02%   418  261s
 34307 10952 2009116.92   44  725 2009488.50 2009090.50  0.02%   418  271s
 35929 11299 2009402.25   47  383 2009488.50 2009091.42  0.02%   418  284s
 37318 11723     cutoff   40      2009488.50 2009092.55  0.02%   418  293s
 38987 12103     cutoff   38      2009488.50 2009093.57  0.02%   418  301s
 40675 12617     cutoff   66      2009488.50 2009094.51  0.02%   418  310s
 42516 13004     cutoff   66      2009488.50 2009096.01  0.02%   417  319s
 43919 13502 2009356.50   49  441 2009488.50 2009096.74  0.02%   417  327s
 45611 13800 2009128.91   67  784 2009488.50 2009097.94  0.02%   416  337s
 46907 14188 2009115.26   43  735 2009488.50 2009098.48  0.02%   417  345s
 48620 14693 2009149.90   48  630 2009488.50 2009099.43  0.02%   416  353s
 50410 14853 2009247.50   57  477 2009488.50 2009100.58  0.02%   415  366s
 51198 15214     cutoff   71      2009488.50 2009100.79  0.02%   416  377s
 52545 15702 2009140.53   46  798 2009488.50 2009101.46  0.02%   416  386s
 54437 16089 2009375.67   33  347 2009488.50 2009102.78  0.02%   416  395s
 56078 16443 2009198.68   48  609 2009488.50 2009104.00  0.02%   417  404s
 57748 16845     cutoff   67      2009488.50 2009104.92  0.02%   417  412s
 59454 17277 2009109.72   44  539 2009488.50 2009105.99  0.02%   417  420s
 61168 17355 2009485.25   51  272 2009488.50 2009106.78  0.02%   417  433s
 61454 17794     cutoff   57      2009488.50 2009106.87  0.02%   416  441s
 63135 18263 2009252.29   49  627 2009488.50 2009108.04  0.02%   416  450s
 64821 18482 infeasible   63      2009488.50 2009109.04  0.02%   416  461s
 65896 18990 2009131.69   43  590 2009488.50 2009109.31  0.02%   415  469s
 67790 19393 2009144.66   48  815 2009488.50 2009110.56  0.02%   414  479s
 69615 19729 2009443.35   49  534 2009488.50 2009111.54  0.02%   414  487s
 71157 20077 2009125.81   54  772 2009488.50 2009112.25  0.02%   414  495s
 72558 20150 2009171.49   49  535 2009488.50 2009113.06  0.02%   414  512s
 72807 20540 2009175.70   50  527 2009488.50 2009113.13  0.02%   414  520s
 74445 20844 2009172.56   49  803 2009488.50 2009114.25  0.02%   413  529s
 76058 21167     cutoff   75      2009488.50 2009115.20  0.02%   413  537s
 77526 21482 2009282.94   56  447 2009488.50 2009116.07  0.02%   414  548s
 78891 21814 2009318.50   68  295 2009488.50 2009116.70  0.02%   413  558s
 80383 22216     cutoff   72      2009488.50 2009117.25  0.02%   412  568s
 82253 22741 2009125.33   38  415 2009488.50 2009118.19  0.02%   411  576s
 84199 23095 2009138.34   59  739 2009488.50 2009118.53  0.02%   409  588s
 85680 23507 infeasible   51      2009488.50 2009119.46  0.02%   409  598s
 87762 23548 2009156.14   55  495 2009488.50 2009120.34  0.02%   408  600s

Cutting planes:
  Gomory: 11
  Lift-and-project: 31
  MIR: 13
  StrongCG: 1
  Flow cover: 8
  GUB cover: 1
  Zero half: 65
  RLT: 100
  BQP: 660
  PSD: 2

Explored 87964 nodes (35868443 simplex iterations) in 600.17 seconds (1750.72 work units)
Thread count was 10 (of 10 available processors)

Solution count 10: 2.00949e+06 2.00951e+06 2.00952e+06 ... 2.00996e+06

Time limit reached
Best objective 2.009488500000e+06, best bound 2.009120338877e+06, gap 0.0183%
Solução -> não <- ótima.
Set parameter TimeLimit to value 25200
Set parameter TimeLimit to value 600
Gurobi Optimizer version 10.0.2 build v10.0.2rc0 (mac64[arm])

CPU model: Apple M5
Thread count: 10 physical cores, 10 logical processors, using up to 10 threads

Optimize a model with 548706 rows, 284763 columns and 1341935 nonzeros
Model fingerprint: 0x6b1c9745
Variable types: 0 continuous, 284763 integer (264707 binary)
Coefficient statistics:
  Matrix range     [1e+00, 8e+01]
  Objective range  [5e-01, 2e+03]
  Bounds range     [1e+00, 1e+00]
  RHS range        [1e+00, 1e+02]

User MIP start produced solution with objective 2.00949e+06 (0.12s)
Loaded user MIP start with objective 2.00949e+06
MIP start from previous solve did not produce a new incumbent solution

Presolve removed 527099 rows and 270258 columns
Presolve time: 0.19s
Presolved: 21607 rows, 14505 columns, 62023 nonzeros
Variable types: 0 continuous, 14505 integer (14505 binary)

Root relaxation: objective 1.710982e+06, 10232 iterations, 0.42 seconds (1.31 work units)

    Nodes    |    Current Node    |     Objective Bounds      |     Work
 Expl Unexpl |  Obj  Depth IntInf | Incumbent    BestBd   Gap | It/Node Time

     0     0 1710982.50    0  776 2009488.50 1710982.50  14.9%     -    0s
H    0     0                    1860056.5000 1710982.50  8.01%     -    0s
H    0     0                    1858541.5000 1710982.50  7.94%     -    0s
H    0     0                    1740666.5000 1710982.50  1.71%     -    1s
     0     0 1710998.17    0  726 1740666.50 1710998.17  1.70%     -    1s
H    0     0                    1732926.5000 1710998.17  1.27%     -    1s
     0     0 1710999.54    0  670 1732926.50 1710999.54  1.27%     -    1s
     0     0 1711003.81    0  806 1732926.50 1711003.81  1.27%     -    1s
     0     0 1711003.81    0  558 1732926.50 1711003.81  1.27%     -    2s
     0     0 1711003.81    0  577 1732926.50 1711003.81  1.27%     -    2s
H    0     0                    1719476.5000 1711003.81  0.49%     -    2s
     0     0 1711007.23    0  609 1719476.50 1711007.23  0.49%     -    2s
     0     0 1711007.23    0  611 1719476.50 1711007.23  0.49%     -    2s
     0     0 1711011.59    0  678 1719476.50 1711011.59  0.49%     -    2s
     0     0 1711012.02    0  683 1719476.50 1711012.02  0.49%     -    3s
     0     0 1711012.48    0  603 1719476.50 1711012.48  0.49%     -    3s
     0     0 1711012.59    0  619 1719476.50 1711012.59  0.49%     -    3s
H    0     0                    1718668.0000 1711012.59  0.45%     -    3s
     0     0 1711018.31    0  626 1718668.00 1711018.31  0.45%     -    3s
H    0     0                    1711271.5000 1711018.31  0.01%     -    3s
     0     0 1711018.34    0  650 1711271.50 1711018.34  0.01%     -    3s
     0     0 1711021.08    0  674 1711271.50 1711021.08  0.01%     -    3s
     0     0 1711021.08    0  550 1711271.50 1711021.08  0.01%     -    3s
     0     0 1711021.08    0  552 1711271.50 1711021.08  0.01%     -    4s
     0     0 1711021.08    0  590 1711271.50 1711021.08  0.01%     -    4s
     0     0 1711021.10    0  597 1711271.50 1711021.10  0.01%     -    4s
     0     0 1711021.94    0  626 1711271.50 1711021.94  0.01%     -    4s
     0     0 1711022.07    0  673 1711271.50 1711022.07  0.01%     -    4s
     0     0 1711028.83    0  449 1711271.50 1711028.83  0.01%     -    4s
     0     0 1711028.83    0  454 1711271.50 1711028.83  0.01%     -    4s
     0     0 1711035.77    0  582 1711271.50 1711035.77  0.01%     -    4s
     0     0 1711035.77    0  468 1711271.50 1711035.77  0.01%     -    4s
     0     0 1711035.77    0  470 1711271.50 1711035.77  0.01%     -    5s
     0     0 1711035.77    0  488 1711271.50 1711035.77  0.01%     -    5s
     0     0 1711035.77    0  474 1711271.50 1711035.77  0.01%     -    5s
     0     0 1711035.82    0  485 1711271.50 1711035.82  0.01%     -    5s
     0     0 1711035.83    0  501 1711271.50 1711035.83  0.01%     -    5s
     0     0 1711051.73    0  527 1711271.50 1711051.73  0.01%     -    5s
     0     0 1711051.74    0  550 1711271.50 1711051.74  0.01%     -    5s
     0     0 1711089.67    0  366 1711271.50 1711089.67  0.01%     -    5s
     0     0 1711089.75    0  517 1711271.50 1711089.75  0.01%     -    5s
H    0     0                    1711266.5000 1711089.75  0.01%     -    5s
     0     0 1711098.88    0  557 1711266.50 1711098.88  0.01%     -    5s

Cutting planes:
  Lift-and-project: 8
  MIR: 1
  Zero half: 30
  RLT: 7
  BQP: 13

Explored 1 nodes (58635 simplex iterations) in 5.72 seconds (11.35 work units)
Thread count was 10 (of 10 available processors)

Solution count 9: 1.71127e+06 1.71127e+06 1.71867e+06 ... 2.00949e+06

Optimal solution found (tolerance 1.00e-04)
Best objective 1.711266500000e+06, best bound 1.711099000000e+06, gap 0.0098%
Solução ótima encontrada.
Set parameter TimeLimit to value 25200
Set parameter TimeLimit to value 600
Gurobi Optimizer version 10.0.2 build v10.0.2rc0 (mac64[arm])

CPU model: Apple M5
Thread count: 10 physical cores, 10 logical processors, using up to 10 threads

Optimize a model with 548706 rows, 284763 columns and 1341935 nonzeros
Model fingerprint: 0xd69160fc
Variable types: 0 continuous, 284763 integer (264707 binary)
Coefficient statistics:
  Matrix range     [1e+00, 8e+01]
  Objective range  [5e-01, 2e+03]
  Bounds range     [1e+00, 1e+00]
  RHS range        [1e+00, 1e+02]

User MIP start produced solution with objective 1.71127e+06 (0.11s)
Loaded user MIP start with objective 1.71127e+06
MIP start from previous solve did not produce a new incumbent solution

Presolve removed 527765 rows and 269897 columns
Presolve time: 0.24s
Presolved: 20941 rows, 14866 columns, 59630 nonzeros
Variable types: 0 continuous, 14866 integer (14866 binary)

Root relaxation: objective 1.423472e+06, 11792 iterations, 0.34 seconds (0.74 work units)

    Nodes    |    Current Node    |     Objective Bounds      |     Work
 Expl Unexpl |  Obj  Depth IntInf | Incumbent    BestBd   Gap | It/Node Time

     0     0 1423472.50    0  474 1711266.50 1423472.50  16.8%     -    0s
H    0     0                    1529703.5000 1423472.50  6.94%     -    0s
H    0     0                    1439017.5000 1423472.50  1.08%     -    0s
H    0     0                    1428412.5000 1423472.50  0.35%     -    0s
H    0     0                    1424037.5000 1423480.50  0.04%     -    1s
H    0     0                    1423787.5000 1423480.50  0.02%     -    1s
     0     0 1423480.50    0  656 1423787.50 1423480.50  0.02%     -    1s
     0     0 1423483.00    0  651 1423787.50 1423483.00  0.02%     -    1s
     0     0 1423491.00    0  776 1423787.50 1423491.00  0.02%     -    1s
     0     0 1423491.00    0  406 1423787.50 1423491.00  0.02%     -    1s
     0     0 1423491.00    0  436 1423787.50 1423491.00  0.02%     -    1s
     0     0 1423491.00    0  661 1423787.50 1423491.00  0.02%     -    2s
     0     0 1423491.00    0  613 1423787.50 1423491.00  0.02%     -    2s
     0     0 1423491.00    0  581 1423787.50 1423491.00  0.02%     -    2s
     0     0 1423491.00    0  622 1423787.50 1423491.00  0.02%     -    2s
     0     0 1423497.53    0  626 1423787.50 1423497.53  0.02%     -    2s
     0     0 1423500.06    0  732 1423787.50 1423500.06  0.02%     -    2s
     0     0 1423500.66    0  726 1423787.50 1423500.66  0.02%     -    2s
     0     0 1423500.81    0  755 1423787.50 1423500.81  0.02%     -    2s
     0     0 1423500.86    0  751 1423787.50 1423500.86  0.02%     -    2s
H    0     0                    1423662.5000 1423500.86  0.01%     -    2s
     0     0 1423503.29    0  811 1423662.50 1423503.29  0.01%     -    2s
     0     0 1423503.29    0  294 1423662.50 1423503.29  0.01%     -    2s
     0     0 1423503.29    0  455 1423662.50 1423503.29  0.01%     -    2s
     0     0 1423503.29    0  361 1423662.50 1423503.29  0.01%     -    2s
     0     0 1423503.29    0  444 1423662.50 1423503.29  0.01%     -    2s
     0     0 1423503.44    0  561 1423662.50 1423503.44  0.01%     -    2s
     0     0 1423503.45    0  560 1423662.50 1423503.45  0.01%     -    2s
     0     0 1423506.52    0  552 1423662.50 1423506.52  0.01%     -    2s
     0     0 1423507.69    0  542 1423662.50 1423507.69  0.01%     -    2s
     0     0 1423507.69    0  561 1423662.50 1423507.69  0.01%     -    2s
     0     0 1423511.49    0  553 1423662.50 1423511.49  0.01%     -    2s
     0     0 1423512.46    0  591 1423662.50 1423512.46  0.01%     -    2s
     0     0 1423521.17    0  594 1423662.50 1423521.17  0.01%     -    2s

Cutting planes:
  Gomory: 3
  MIR: 3
  Zero half: 36
  RLT: 19
  BQP: 35

Explored 1 nodes (45591 simplex iterations) in 3.00 seconds (6.50 work units)
Thread count was 10 (of 10 available processors)

Solution count 7: 1.42366e+06 1.42379e+06 1.42404e+06 ... 1.71127e+06

Optimal solution found (tolerance 1.00e-04)
Best objective 1.423662500000e+06, best bound 1.423521166667e+06, gap 0.0099%
Solução ótima encontrada.
Set parameter TimeLimit to value 25200
Set parameter TimeLimit to value 600
Gurobi Optimizer version 10.0.2 build v10.0.2rc0 (mac64[arm])

CPU model: Apple M5
Thread count: 10 physical cores, 10 logical processors, using up to 10 threads

Optimize a model with 548706 rows, 284763 columns and 1341935 nonzeros
Model fingerprint: 0x730fd857
Variable types: 0 continuous, 284763 integer (264707 binary)
Coefficient statistics:
  Matrix range     [1e+00, 8e+01]
  Objective range  [5e-01, 2e+03]
  Bounds range     [1e+00, 1e+00]
  RHS range        [1e+00, 1e+02]

User MIP start produced solution with objective 1.42366e+06 (0.10s)
Loaded user MIP start with objective 1.42366e+06
MIP start from previous solve did not produce a new incumbent solution

Presolve removed 540730 rows and 278076 columns
Presolve time: 0.18s
Presolved: 7976 rows, 6687 columns, 22694 nonzeros
Variable types: 0 continuous, 6687 integer (6687 binary)

Root relaxation: objective 1.283192e+06, 817 iterations, 0.01 seconds (0.03 work units)

    Nodes    |    Current Node    |     Objective Bounds      |     Work
 Expl Unexpl |  Obj  Depth IntInf | Incumbent    BestBd   Gap | It/Node Time

     0     0 1283192.50    0   96 1423662.50 1283192.50  9.87%     -    0s
H    0     0                    1295434.0000 1283192.50  0.94%     -    0s
H    0     0                    1290332.5000 1283192.50  0.55%     -    0s
H    0     0                    1288702.5000 1283192.50  0.43%     -    0s
H    0     0                    1283212.5000 1283192.50  0.00%     -    0s

Explored 1 nodes (1133 simplex iterations) in 0.34 seconds (1.02 work units)
Thread count was 10 (of 10 available processors)

Solution count 5: 1.28321e+06 1.2887e+06 1.29033e+06 ... 1.42366e+06

Optimal solution found (tolerance 1.00e-04)
Best objective 1.283212500000e+06, best bound 1.283192500000e+06, gap 0.0016%
Solução ótima encontrada.
Set parameter TimeLimit to value 25200
Set parameter TimeLimit to value 600
Gurobi Optimizer version 10.0.2 build v10.0.2rc0 (mac64[arm])

CPU model: Apple M5
Thread count: 10 physical cores, 10 logical processors, using up to 10 threads

Optimize a model with 548706 rows, 284763 columns and 1341935 nonzeros
Model fingerprint: 0x495d0202
Variable types: 0 continuous, 284763 integer (264707 binary)
Coefficient statistics:
  Matrix range     [1e+00, 8e+01]
  Objective range  [5e-01, 2e+03]
  Bounds range     [1e+00, 1e+00]
  RHS range        [1e+00, 1e+02]

User MIP start produced solution with objective 1.28321e+06 (0.10s)
Loaded user MIP start with objective 1.28321e+06
MIP start from previous solve did not produce a new incumbent solution

Presolve removed 542127 rows and 279188 columns
Presolve time: 0.18s
Presolved: 6579 rows, 5575 columns, 18652 nonzeros
Variable types: 0 continuous, 5575 integer (5575 binary)

Root relaxation: objective 1.159346e+06, 2460 iterations, 0.03 seconds (0.07 work units)

    Nodes    |    Current Node    |     Objective Bounds      |     Work
 Expl Unexpl |  Obj  Depth IntInf | Incumbent    BestBd   Gap | It/Node Time

     0     0 1159346.50    0   81 1283212.50 1159346.50  9.65%     -    0s
H    0     0                    1167627.0000 1159346.50  0.71%     -    0s
H    0     0                    1162762.5000 1159346.50  0.29%     -    0s
H    0     0                    1160456.5000 1159346.50  0.10%     -    0s
     0     0 1159347.42    0  124 1160456.50 1159347.42  0.10%     -    0s
H    0     0                    1159424.5000 1159347.42  0.01%     -    0s

Cutting planes:
  Gomory: 1
  Zero half: 3
  BQP: 1

Explored 1 nodes (2855 simplex iterations) in 0.37 seconds (1.07 work units)
Thread count was 10 (of 10 available processors)

Solution count 5: 1.15942e+06 1.16046e+06 1.16276e+06 ... 1.28321e+06

Optimal solution found (tolerance 1.00e-04)
Best objective 1.159424500000e+06, best bound 1.159347500000e+06, gap 0.0066%
Solução ótima encontrada.
Set parameter TimeLimit to value 25200
Set parameter TimeLimit to value 600
Gurobi Optimizer version 10.0.2 build v10.0.2rc0 (mac64[arm])

CPU model: Apple M5
Thread count: 10 physical cores, 10 logical processors, using up to 10 threads

Optimize a model with 548706 rows, 284763 columns and 1341935 nonzeros
Model fingerprint: 0x6e51ec83
Variable types: 0 continuous, 284763 integer (264707 binary)
Coefficient statistics:
  Matrix range     [1e+00, 8e+01]
  Objective range  [5e-01, 2e+03]
  Bounds range     [1e+00, 1e+00]
  RHS range        [1e+00, 1e+02]

User MIP start produced solution with objective 1.15942e+06 (0.10s)
Loaded user MIP start with objective 1.15942e+06
MIP start from previous solve did not produce a new incumbent solution

Presolve removed 529556 rows and 269988 columns
Presolve time: 0.24s
Presolved: 19150 rows, 14775 columns, 53908 nonzeros
Variable types: 0 continuous, 14775 integer (14775 binary)

Root relaxation: objective 9.847765e+05, 1719 iterations, 0.04 seconds (0.10 work units)

    Nodes    |    Current Node    |     Objective Bounds      |     Work
 Expl Unexpl |  Obj  Depth IntInf | Incumbent    BestBd   Gap | It/Node Time

     0     0 984776.500    0  484 1159424.50 984776.500  15.1%     -    0s
H    0     0                    992214.50000 984776.500  0.75%     -    0s
H    0     0                    990972.50000 984776.500  0.63%     -    0s
     0     0 984788.833    0  482 990972.500 984788.833  0.62%     -    0s
H    0     0                    984799.50000 984788.833  0.00%     -    0s

Cutting planes:
  Gomory: 1
  Zero half: 4
  RLT: 2
  BQP: 2

Explored 1 nodes (2550 simplex iterations) in 0.64 seconds (1.63 work units)
Thread count was 10 (of 10 available processors)

Solution count 5: 984800 990972 990972 ... 1.15942e+06

Optimal solution found (tolerance 1.00e-04)
Best objective 9.847995000000e+05, best bound 9.847890000000e+05, gap 0.0011%
Solução ótima encontrada.
Set parameter TimeLimit to value 25200
Set parameter TimeLimit to value 600
Gurobi Optimizer version 10.0.2 build v10.0.2rc0 (mac64[arm])

CPU model: Apple M5
Thread count: 10 physical cores, 10 logical processors, using up to 10 threads

Optimize a model with 548706 rows, 284763 columns and 1341935 nonzeros
Model fingerprint: 0x5f433099
Variable types: 0 continuous, 284763 integer (264707 binary)
Coefficient statistics:
  Matrix range     [1e+00, 8e+01]
  Objective range  [5e-01, 2e+03]
  Bounds range     [1e+00, 1e+00]
  RHS range        [1e+00, 1e+02]

User MIP start produced solution with objective 984800 (0.10s)
Loaded user MIP start with objective 984800
MIP start from previous solve did not produce a new incumbent solution

Presolve removed 533287 rows and 272194 columns
Presolve time: 0.22s
Presolved: 15419 rows, 12569 columns, 44785 nonzeros
Variable types: 0 continuous, 12569 integer (12569 binary)

Root relaxation: objective 6.592005e+05, 9232 iterations, 0.24 seconds (0.57 work units)

    Nodes    |    Current Node    |     Objective Bounds      |     Work
 Expl Unexpl |  Obj  Depth IntInf | Incumbent    BestBd   Gap | It/Node Time

     0     0 659200.500    0  405 984799.500 659200.500  33.1%     -    0s
H    0     0                    769353.50000 659200.500  14.3%     -    0s
H    0     0                    689614.50000 659200.500  4.41%     -    0s
H    0     0                    664568.50000 659200.500  0.81%     -    0s
H    0     0                    662573.00000 659200.500  0.51%     -    0s
     0     0 659299.000    0  307 662573.000 659299.000  0.49%     -    0s
H    0     0                    661521.50000 659299.000  0.34%     -    0s
     0     0 659314.540    0  692 661521.500 659314.540  0.33%     -    0s
     0     0 659315.560    0  693 661521.500 659315.560  0.33%     -    0s
     0     0 659332.344    0  801 661521.500 659332.344  0.33%     -    1s
     0     0 659338.351    0  861 661521.500 659338.351  0.33%     -    1s
     0     0 659338.450    0  735 661521.500 659338.450  0.33%     -    1s
     0     0 659345.864    0  807 661521.500 659345.864  0.33%     -    1s
     0     0 659347.069    0  850 661521.500 659347.069  0.33%     -    1s
     0     0 659347.409    0  857 661521.500 659347.409  0.33%     -    1s
     0     0 659347.441    0  881 661521.500 659347.441  0.33%     -    1s
     0     0 659348.114    0  749 661521.500 659348.114  0.33%     -    1s
     0     2 659348.175    0  693 661521.500 659348.175  0.33%     -    1s
H    1     4                    661505.50000 659348.175  0.33%  2154    2s
H    6     8                    661220.50000 659417.233  0.27%  1195    2s
H   37    46                    661051.50000 659453.917  0.24%   737    2s
H   42    46                    660776.50000 659453.917  0.20%   707    2s
H   83    89                    660126.50000 659453.917  0.10%   703    3s
H  143   117                    660096.50000 659453.917  0.10%   477    3s
*  147   126              14    659940.00000 659453.917  0.07%   485    3s
H  219   142                    659930.00000 659453.917  0.07%   420    3s
H  221   142                    659920.00000 659453.917  0.07%   417    3s
   324   192 659741.583    8  491 659920.000 659458.893  0.07%   344    5s
H  420   236                    659915.00000 659458.893  0.07%   333    6s
  1530   604 659903.611   13  754 659915.000 659531.133  0.06%   261   10s
  2223   696 659896.667   29  270 659915.000 659629.146  0.04%   271   15s
  2625   744     cutoff   17      659915.000 659646.500  0.04%   270   25s
  5248    79 infeasible   25      659915.000 659765.714  0.02%   209   33s

Cutting planes:
  Gomory: 2
  Lift-and-project: 3
  MIR: 1
  Zero half: 81
  RLT: 78
  BQP: 81

Explored 5940 nodes (1179088 simplex iterations) in 34.26 seconds (72.89 work units)
Thread count was 10 (of 10 available processors)

Solution count 10: 659915 659920 659930 ... 661506

Optimal solution found (tolerance 1.00e-04)
Best objective 6.599150000000e+05, best bound 6.598721666667e+05, gap 0.0065%
Solução ótima encontrada.
Set parameter TimeLimit to value 25200
Set parameter TimeLimit to value 600
Gurobi Optimizer version 10.0.2 build v10.0.2rc0 (mac64[arm])

CPU model: Apple M5
Thread count: 10 physical cores, 10 logical processors, using up to 10 threads

Optimize a model with 548706 rows, 284763 columns and 1341935 nonzeros
Model fingerprint: 0x697ffd34
Variable types: 0 continuous, 284763 integer (264707 binary)
Coefficient statistics:
  Matrix range     [1e+00, 8e+01]
  Objective range  [5e-01, 2e+03]
  Bounds range     [1e+00, 1e+00]
  RHS range        [1e+00, 1e+02]

User MIP start produced solution with objective 659915 (0.12s)
Loaded user MIP start with objective 659915
MIP start from previous solve did not produce a new incumbent solution

Presolve removed 529921 rows and 269925 columns
Presolve time: 0.23s
Presolved: 18785 rows, 14838 columns, 53738 nonzeros
Variable types: 0 continuous, 14838 integer (14838 binary)
Found heuristic solution: objective 618020.00000

Root relaxation: objective 3.797350e+05, 12020 iterations, 0.36 seconds (0.88 work units)

    Nodes    |    Current Node    |     Objective Bounds      |     Work
 Expl Unexpl |  Obj  Depth IntInf | Incumbent    BestBd   Gap | It/Node Time

     0     0 379735.000    0  463 618020.000 379735.000  38.6%     -    0s
H    0     0                    541604.00000 379735.000  29.9%     -    0s
H    0     0                    444591.50000 379735.000  14.6%     -    0s
H    0     0                    383288.00000 379735.000  0.93%     -    0s
H    0     0                    382578.00000 379735.000  0.74%     -    0s
     0     0 379865.560    0  964 382578.000 379865.560  0.71%     -    1s
     0     0 379866.233    0  958 382578.000 379866.233  0.71%     -    1s
     0     0 379866.567    0  957 382578.000 379866.567  0.71%     -    1s
     0     0 379899.088    0 1016 382578.000 379899.088  0.70%     -    1s
     0     0 379905.602    0 1227 382578.000 379905.602  0.70%     -    1s
     0     0 379906.223    0 1271 382578.000 379906.223  0.70%     -    1s
     0     0 379906.528    0 1233 382578.000 379906.528  0.70%     -    1s
H    0     0                    382423.00000 379919.625  0.65%     -    2s
     0     0 379919.625    0  826 382423.000 379919.625  0.65%     -    2s
H    0     0                    382302.00000 379923.775  0.62%     -    2s
     0     0 379923.775    0 1112 382302.000 379923.775  0.62%     -    2s
H    0     0                    380302.00000 379940.250  0.10%     -    2s
     0     0 379940.250    0 1066 380302.000 379940.250  0.10%     -    2s
     0     0 379940.250    0 1113 380302.000 379940.250  0.10%     -    2s
     0     0 379940.250    0 1053 380302.000 379940.250  0.10%     -    2s
     0     0 379940.250    0 1109 380302.000 379940.250  0.10%     -    2s
     0     0 379940.250    0 1120 380302.000 379940.250  0.10%     -    2s
     0     0 379950.083    0  818 380302.000 379950.083  0.09%     -    2s
     0     0 379950.083    0  447 380302.000 379950.083  0.09%     -    3s
     0     0 379950.083    0  448 380302.000 379950.083  0.09%     -    4s
     0     0 379950.083    0  561 380302.000 379950.083  0.09%     -    4s
     0     0 379958.964    0  856 380302.000 379958.964  0.09%     -    4s
     0     0 379959.890    0  929 380302.000 379959.890  0.09%     -    4s
     0     0 379960.595    0  880 380302.000 379960.595  0.09%     -    4s
     0     0 379961.197    0  845 380302.000 379961.197  0.09%     -    4s
     0     0 379961.263    0  846 380302.000 379961.263  0.09%     -    4s
     0     0 379961.266    0  851 380302.000 379961.266  0.09%     -    4s
     0     0 379999.245    0 1328 380302.000 379999.245  0.08%     -    4s
     0     0 380009.446    0 1139 380302.000 380009.446  0.08%     -    4s
     0     0 380011.932    0 1147 380302.000 380011.932  0.08%     -    4s
     0     0 380012.702    0 1146 380302.000 380012.702  0.08%     -    5s
     0     0 380013.009    0 1106 380302.000 380013.009  0.08%     -    5s
     0     0 380013.208    0 1103 380302.000 380013.208  0.08%     -    5s
     0     0 380013.536    0 1115 380302.000 380013.536  0.08%     -    5s
     0     0 380013.545    0 1123 380302.000 380013.545  0.08%     -    5s
     0     0 380030.786    0  940 380302.000 380030.786  0.07%     -    5s
     0     0 380034.979    0  950 380302.000 380034.979  0.07%     -    5s
     0     0 380035.194    0  947 380302.000 380035.194  0.07%     -    5s
     0     0 380035.743    0 1171 380302.000 380035.743  0.07%     -    5s
     0     0 380035.772    0 1163 380302.000 380035.772  0.07%     -    5s
     0     0 380035.958    0  987 380302.000 380035.958  0.07%     -    5s
     0     0 380035.973    0  988 380302.000 380035.973  0.07%     -    5s
     0     0 380057.496    0 1387 380302.000 380057.496  0.06%     -    5s
     0     0 380057.496    0 1392 380302.000 380057.496  0.06%     -    5s
     0     0 380060.891    0 1313 380302.000 380060.891  0.06%     -    5s
     0     0 380060.982    0 1314 380302.000 380060.982  0.06%     -    5s
     0     0 380061.000    0 1312 380302.000 380061.000  0.06%     -    5s
     0     0 380065.667    0 1005 380302.000 380065.667  0.06%     -    6s
     0     0 380065.667    0  309 380302.000 380065.667  0.06%     -    6s
     0     0 380065.667    0  606 380302.000 380065.667  0.06%     -    6s
     0     0 380065.667    0  981 380302.000 380065.667  0.06%     -    6s
     0     0 380065.667    0  766 380302.000 380065.667  0.06%     -    6s
     0     0 380065.966    0  716 380302.000 380065.966  0.06%     -    7s
     0     0 380067.201    0  716 380302.000 380067.201  0.06%     -    7s
     0     0 380067.250    0  687 380302.000 380067.250  0.06%     -    7s
H    0     0                    380289.00000 380067.250  0.06%     -    7s
     0     0 380076.965    0  866 380289.000 380076.965  0.06%     -    7s
     0     0 380081.238    0  902 380289.000 380081.238  0.05%     -    7s
     0     0 380081.238    0  901 380289.000 380081.238  0.05%     -    7s
     0     0 380082.096    0  929 380289.000 380082.096  0.05%     -    7s
     0     0 380082.144    0  908 380289.000 380082.144  0.05%     -    7s
     0     0 380082.453    0  908 380289.000 380082.453  0.05%     -    7s
     0     0 380082.598    0  919 380289.000 380082.598  0.05%     -    7s
     0     0 380082.679    0  969 380289.000 380082.679  0.05%     -    7s
     0     0 380082.687    0  921 380289.000 380082.687  0.05%     -    7s
     0     0 380092.122    0  819 380289.000 380092.122  0.05%     -    7s
     0     0 380097.117    0  916 380289.000 380097.117  0.05%     -    7s
     0     0 380098.968    0 1067 380289.000 380098.968  0.05%     -    7s
     0     0 380099.574    0 1057 380289.000 380099.574  0.05%     -    7s
     0     0 380099.697    0 1027 380289.000 380099.697  0.05%     -    7s
     0     0 380099.807    0 1037 380289.000 380099.807  0.05%     -    7s
     0     0 380099.870    0 1059 380289.000 380099.870  0.05%     -    7s
     0     0 380099.898    0 1056 380289.000 380099.898  0.05%     -    7s
     0     0 380104.118    0  968 380289.000 380104.118  0.05%     -    7s
     0     0 380108.028    0  971 380289.000 380108.028  0.05%     -    7s
     0     0 380109.191    0 1006 380289.000 380109.191  0.05%     -    7s
     0     0 380109.191    0 1004 380289.000 380109.191  0.05%     -    7s
     0     0 380109.604    0 1037 380289.000 380109.604  0.05%     -    7s
     0     0 380109.654    0 1002 380289.000 380109.654  0.05%     -    7s
     0     0 380109.809    0 1021 380289.000 380109.809  0.05%     -    7s
     0     0 380109.827    0  995 380289.000 380109.827  0.05%     -    7s
     0     0 380110.704    0  950 380289.000 380110.704  0.05%     -    7s
     0     2 380110.708    0  932 380289.000 380110.708  0.05%     -    8s
H   39    28                    380244.00000 380193.000  0.01%   323    8s
H   43    28                    380239.00000 380193.000  0.01%   300    8s

Cutting planes:
  Gomory: 2
  Lift-and-project: 1
  Implied bound: 3
  MIR: 11
  Zero half: 36
  RLT: 105
  BQP: 185

Explored 138 nodes (113544 simplex iterations) in 8.61 seconds (17.45 work units)
Thread count was 10 (of 10 available processors)

Solution count 10: 380239 380244 380289 ... 444592

Optimal solution found (tolerance 1.00e-04)
Best objective 3.802390000000e+05, best bound 3.802315000000e+05, gap 0.0020%
Solução ótima encontrada.
Set parameter TimeLimit to value 25200
Set parameter TimeLimit to value 600
Gurobi Optimizer version 10.0.2 build v10.0.2rc0 (mac64[arm])

CPU model: Apple M5
Thread count: 10 physical cores, 10 logical processors, using up to 10 threads

Optimize a model with 548706 rows, 284763 columns and 1341935 nonzeros
Model fingerprint: 0xc44ad1c5
Variable types: 0 continuous, 284763 integer (264707 binary)
Coefficient statistics:
  Matrix range     [1e+00, 8e+01]
  Objective range  [5e-01, 2e+03]
  Bounds range     [1e+00, 1e+00]
  RHS range        [1e+00, 1e+02]

User MIP start produced solution with objective 380239 (0.11s)
Loaded user MIP start with objective 380239
MIP start from previous solve did not produce a new incumbent solution

Presolve removed 543745 rows and 280531 columns
Presolve time: 0.17s
Presolved: 4961 rows, 4232 columns, 14067 nonzeros
Variable types: 0 continuous, 4232 integer (4232 binary)
Found heuristic solution: objective 368744.00000

Root relaxation: objective 2.272204e+05, 1783 iterations, 0.02 seconds (0.05 work units)

    Nodes    |    Current Node    |     Objective Bounds      |     Work
 Expl Unexpl |  Obj  Depth IntInf | Incumbent    BestBd   Gap | It/Node Time

     0     0 227220.367    0  359 368744.000 227220.367  38.4%     -    0s
H    0     0                    324738.00000 227220.367  30.0%     -    0s
H    0     0                    309636.00000 227220.367  26.6%     -    0s
H    0     0                    306200.50000 227220.367  25.8%     -    0s
H    0     0                    279705.50000 227220.367  18.8%     -    0s
H    0     0                    245980.00000 227220.367  7.63%     -    0s
     0     0 227385.400    0  366 245980.000 227385.400  7.56%     -    0s
H    0     0                    228229.50000 227407.000  0.36%     -    0s
     0     0 227407.000    0  343 228229.500 227407.000  0.36%     -    0s
     0     0 227407.500    0  344 228229.500 227407.500  0.36%     -    0s
     0     0 227410.250    0  345 228229.500 227410.250  0.36%     -    0s
     0     0 227465.080    0  414 228229.500 227465.080  0.33%     -    0s
     0     0 227478.853    0  416 228229.500 227478.853  0.33%     -    0s
     0     0 227479.911    0  414 228229.500 227479.911  0.33%     -    0s
     0     0 227480.095    0  416 228229.500 227480.095  0.33%     -    0s
     0     0 227480.095    0  416 228229.500 227480.095  0.33%     -    0s
     0     0 227489.884    0  371 228229.500 227489.884  0.32%     -    0s
     0     0 227490.994    0  409 228229.500 227490.994  0.32%     -    0s
     0     0 227491.146    0  380 228229.500 227491.146  0.32%     -    0s
     0     0 227491.159    0  374 228229.500 227491.159  0.32%     -    0s
H    0     0                    228070.00000 227491.159  0.25%     -    0s
     0     0 227492.174    0  417 228070.000 227492.174  0.25%     -    0s
H    0     0                    227929.00000 227492.271  0.19%     -    0s
H    0     0                    227893.00000 227492.271  0.18%     -    0s
     0     0 227492.271    0  437 227893.000 227492.271  0.18%     -    0s
     0     0 227493.862    0  447 227893.000 227493.862  0.18%     -    0s
     0     0 227493.862    0  322 227893.000 227493.862  0.18%     -    0s
     0     0 227493.862    0  345 227893.000 227493.862  0.18%     -    0s
H    0     0                    227857.00000 227493.862  0.16%     -    0s
     0     0 227500.950    0  364 227857.000 227500.950  0.16%     -    0s
     0     0 227504.050    0  391 227857.000 227504.050  0.15%     -    0s
     0     0 227504.563    0  322 227857.000 227504.563  0.15%     -    0s
     0     0 227504.833    0  377 227857.000 227504.833  0.15%     -    0s
     0     0 227512.982    0  420 227857.000 227512.982  0.15%     -    0s
     0     0 227513.359    0  411 227857.000 227513.359  0.15%     -    0s
     0     0 227513.511    0  417 227857.000 227513.511  0.15%     -    0s
     0     0 227517.853    0  426 227857.000 227517.853  0.15%     -    0s
     0     0 227518.727    0  395 227857.000 227518.727  0.15%     -    0s
     0     0 227518.943    0  376 227857.000 227518.943  0.15%     -    0s
     0     0 227521.087    0  448 227857.000 227521.087  0.15%     -    0s
     0     0 227521.346    0  357 227857.000 227521.346  0.15%     -    0s
     0     0 227521.631    0  413 227857.000 227521.631  0.15%     -    0s
     0     0 227521.667    0  421 227857.000 227521.667  0.15%     -    0s
     0     0 227521.673    0  417 227857.000 227521.673  0.15%     -    0s
     0     0 227525.886    0  404 227857.000 227525.886  0.15%     -    1s
     0     2 227525.923    0  404 227857.000 227525.923  0.15%     -    1s
*   37    38               6    227761.50000 227532.323  0.10%   159    1s
*   65    39               5    227714.00000 227532.323  0.08%   117    1s
H   68    39                    227682.50000 227532.323  0.07%   113    1s

Cutting planes:
  Gomory: 11
  Lift-and-project: 1
  Implied bound: 5
  MIR: 5
  Zero half: 60
  RLT: 67
  BQP: 120

Explored 500 nodes (40260 simplex iterations) in 1.65 seconds (3.43 work units)
Thread count was 10 (of 10 available processors)

Solution count 10: 227682 227714 227762 ... 279706

Optimal solution found (tolerance 1.00e-04)
Best objective 2.276825000000e+05, best bound 2.276825000000e+05, gap 0.0000%
Solução ótima encontrada.
Set parameter TimeLimit to value 25200
Set parameter TimeLimit to value 600
Gurobi Optimizer version 10.0.2 build v10.0.2rc0 (mac64[arm])

CPU model: Apple M5
Thread count: 10 physical cores, 10 logical processors, using up to 10 threads

Optimize a model with 548706 rows, 284763 columns and 1341935 nonzeros
Model fingerprint: 0x5d500d39
Variable types: 0 continuous, 284763 integer (264707 binary)
Coefficient statistics:
  Matrix range     [1e+00, 8e+01]
  Objective range  [5e-01, 2e+03]
  Bounds range     [1e+00, 1e+00]
  RHS range        [1e+00, 1e+02]

User MIP start produced solution with objective 227682 (0.11s)
Loaded user MIP start with objective 227682
MIP start from previous solve did not produce a new incumbent solution

Presolve removed 545786 rows and 282157 columns
Presolve time: 0.15s
Presolved: 2920 rows, 2606 columns, 8236 nonzeros
Variable types: 0 continuous, 2606 integer (2606 binary)

Root relaxation: objective 2.276735e+05, 295 iterations, 0.00 seconds (0.00 work units)

    Nodes    |    Current Node    |     Objective Bounds      |     Work
 Expl Unexpl |  Obj  Depth IntInf | Incumbent    BestBd   Gap | It/Node Time

     0     0          -    0      227682.500 227673.500  0.00%     -    0s

Explored 1 nodes (295 simplex iterations) in 0.28 seconds (0.82 work units)
Thread count was 10 (of 10 available processors)

Solution count 1: 227682 

Optimal solution found (tolerance 1.00e-04)
Best objective 2.276825000000e+05, best bound 2.276735000000e+05, gap 0.0040%
Solução ótima encontrada.
Set parameter TimeLimit to value 25200
Set parameter TimeLimit to value 600
Gurobi Optimizer version 10.0.2 build v10.0.2rc0 (mac64[arm])

CPU model: Apple M5
Thread count: 10 physical cores, 10 logical processors, using up to 10 threads

Optimize a model with 548706 rows, 284763 columns and 1341935 nonzeros
Model fingerprint: 0xc7b17bff
Variable types: 0 continuous, 284763 integer (264707 binary)
Coefficient statistics:
  Matrix range     [1e+00, 8e+01]
  Objective range  [5e-01, 2e+03]
  Bounds range     [1e+00, 1e+00]
  RHS range        [1e+00, 1e+02]

User MIP start produced solution with objective 227682 (0.10s)
Loaded user MIP start with objective 227682
MIP start from previous solve did not produce a new incumbent solution

Presolve removed 547575 rows and 283753 columns
Presolve time: 0.14s
Presolved: 1131 rows, 1010 columns, 3200 nonzeros
Variable types: 0 continuous, 1010 integer (1010 binary)

Root relaxation: cutoff, 274 iterations, 0.00 seconds (0.00 work units)

    Nodes    |    Current Node    |     Objective Bounds      |     Work
 Expl Unexpl |  Obj  Depth IntInf | Incumbent    BestBd   Gap | It/Node Time

     0     0     cutoff    0      227682.500 227682.500  0.00%     -    0s

Explored 1 nodes (274 simplex iterations) in 0.26 seconds (0.80 work units)
Thread count was 10 (of 10 available processors)

Solution count 1: 227682 

Optimal solution found (tolerance 1.00e-04)
Best objective 2.276825000000e+05, best bound 2.276825000000e+05, gap 0.0000%
Solução ótima encontrada.
Set parameter TimeLimit to value 25200
Set parameter TimeLimit to value 600
Gurobi Optimizer version 10.0.2 build v10.0.2rc0 (mac64[arm])

CPU model: Apple M5
Thread count: 10 physical cores, 10 logical processors, using up to 10 threads

Optimize a model with 548706 rows, 284763 columns and 1341935 nonzeros
Model fingerprint: 0x8fa030b4
Variable types: 0 continuous, 284763 integer (264707 binary)
Coefficient statistics:
  Matrix range     [1e+00, 8e+01]
  Objective range  [5e-01, 2e+03]
  Bounds range     [1e+00, 1e+00]
  RHS range        [1e+00, 1e+02]

User MIP start produced solution with objective 227682 (0.11s)
Loaded user MIP start with objective 227682
MIP start from previous solve did not produce a new incumbent solution

Presolve removed 531509 rows and 270785 columns
Presolve time: 0.24s
Presolved: 17197 rows, 13978 columns, 50676 nonzeros
Variable types: 0 continuous, 13978 integer (13978 binary)

Root relaxation: objective 2.269143e+05, 2538 iterations, 0.04 seconds (0.07 work units)

    Nodes    |    Current Node    |     Objective Bounds      |     Work
 Expl Unexpl |  Obj  Depth IntInf | Incumbent    BestBd   Gap | It/Node Time

     0     0 226914.292    0  680 227682.500 226914.292  0.34%     -    0s
     0     0 227110.500    0  524 227682.500 227110.500  0.25%     -    0s
     0     0 227125.400    0  678 227682.500 227125.400  0.24%     -    0s
     0     0 227126.250    0  508 227682.500 227126.250  0.24%     -    0s
     0     0 227135.622    0  677 227682.500 227135.622  0.24%     -    0s
     0     0 227137.833    0  552 227682.500 227137.833  0.24%     -    0s
     0     0 227138.742    0  660 227682.500 227138.742  0.24%     -    0s
     0     0 227139.242    0  700 227682.500 227139.242  0.24%     -    0s
     0     0 227139.242    0  696 227682.500 227139.242  0.24%     -    0s
     0     0 227166.750    0  625 227682.500 227166.750  0.23%     -    0s
     0     0 227167.167    0  595 227682.500 227167.167  0.23%     -    0s
     0     0 227167.167    0  547 227682.500 227167.167  0.23%     -    0s
     0     0 227467.208    0  652 227682.500 227467.208  0.09%     -    1s
     0     0 227537.208    0  559 227682.500 227537.208  0.06%     -    1s
     0     0 227635.500    0  237 227682.500 227635.500  0.02%     -    1s
H    0     0                    227672.50000 227638.000  0.02%     -    1s
     0     0 227660.000    0  190 227672.500 227660.000  0.01%     -    1s

Cutting planes:
  Gomory: 4
  MIR: 1
  Zero half: 28
  RLT: 10
  BQP: 32

Explored 1 nodes (12918 simplex iterations) in 1.28 seconds (2.65 work units)
Thread count was 10 (of 10 available processors)

Solution count 2: 227672 227682 

Optimal solution found (tolerance 1.00e-04)
Best objective 2.276725000000e+05, best bound 2.276600000000e+05, gap 0.0055%
Solução ótima encontrada.
Set parameter TimeLimit to value 25200
Set parameter TimeLimit to value 600
Gurobi Optimizer version 10.0.2 build v10.0.2rc0 (mac64[arm])

CPU model: Apple M5
Thread count: 10 physical cores, 10 logical processors, using up to 10 threads

Optimize a model with 548706 rows, 284763 columns and 1341935 nonzeros
Model fingerprint: 0xe1675e0f
Variable types: 0 continuous, 284763 integer (264707 binary)
Coefficient statistics:
  Matrix range     [1e+00, 8e+01]
  Objective range  [5e-01, 2e+03]
  Bounds range     [1e+00, 1e+00]
  RHS range        [1e+00, 1e+02]

User MIP start produced solution with objective 227672 (0.10s)
Loaded user MIP start with objective 227672
MIP start from previous solve did not produce a new incumbent solution

Presolve removed 536991 rows and 275440 columns
Presolve time: 0.22s
Presolved: 11715 rows, 9323 columns, 33834 nonzeros
Variable types: 0 continuous, 9323 integer (9323 binary)

Root relaxation: objective 2.276475e+05, 6249 iterations, 0.14 seconds (0.31 work units)

    Nodes    |    Current Node    |     Objective Bounds      |     Work
 Expl Unexpl |  Obj  Depth IntInf | Incumbent    BestBd   Gap | It/Node Time

     0     0 227647.500    0  264 227672.500 227647.500  0.01%     -    0s
     0     0 227647.500    0  264 227672.500 227647.500  0.01%     -    0s
     0     0 227647.500    0   68 227672.500 227647.500  0.01%     -    0s
     0     0 227647.500    0   90 227672.500 227647.500  0.01%     -    0s
     0     0 227650.000    0   91 227672.500 227650.000  0.01%     -    0s

Cutting planes:
  Zero half: 9
  RLT: 1
  BQP: 2

Explored 1 nodes (17971 simplex iterations) in 0.82 seconds (2.10 work units)
Thread count was 10 (of 10 available processors)

Solution count 1: 227672 

Optimal solution found (tolerance 1.00e-04)
Best objective 2.276725000000e+05, best bound 2.276500000000e+05, gap 0.0099%
Solução ótima encontrada.
Set parameter TimeLimit to value 25200
Set parameter TimeLimit to value 600
Gurobi Optimizer version 10.0.2 build v10.0.2rc0 (mac64[arm])

CPU model: Apple M5
Thread count: 10 physical cores, 10 logical processors, using up to 10 threads

Optimize a model with 548706 rows, 284763 columns and 1341935 nonzeros
Model fingerprint: 0xaa181394
Variable types: 0 continuous, 284763 integer (264707 binary)
Coefficient statistics:
  Matrix range     [1e+00, 8e+01]
  Objective range  [5e-01, 2e+03]
  Bounds range     [1e+00, 1e+00]
  RHS range        [1e+00, 1e+02]

User MIP start produced solution with objective 227672 (0.11s)
Loaded user MIP start with objective 227672
MIP start from previous solve did not produce a new incumbent solution

Presolve removed 527879 rows and 267949 columns
Presolve time: 0.25s
Presolved: 20827 rows, 16814 columns, 60671 nonzeros
Variable types: 0 continuous, 16814 integer (16814 binary)

Root relaxation: objective 2.271050e+05, 7427 iterations, 0.25 seconds (0.64 work units)

    Nodes    |    Current Node    |     Objective Bounds      |     Work
 Expl Unexpl |  Obj  Depth IntInf | Incumbent    BestBd   Gap | It/Node Time

     0     0 227105.000    0  588 227672.500 227105.000  0.25%     -    0s
     0     0 227122.500    0  780 227672.500 227122.500  0.24%     -    0s
     0     0 227138.013    0  935 227672.500 227138.013  0.23%     -    1s
     0     0 227138.013    0  935 227672.500 227138.013  0.23%     -    1s
     0     0 227140.625    0  781 227672.500 227140.625  0.23%     -    1s
     0     0 227140.625    0  767 227672.500 227140.625  0.23%     -    1s
     0     0 227172.187    0  802 227672.500 227172.187  0.22%     -    1s
     0     0 227175.545    0  931 227672.500 227175.545  0.22%     -    1s
     0     0 227175.667    0  932 227672.500 227175.667  0.22%     -    1s
     0     0 227175.667    0  951 227672.500 227175.667  0.22%     -    1s
     0     0 227201.115    0  934 227672.500 227201.115  0.21%     -    1s
     0     0 227201.115    0  588 227672.500 227201.115  0.21%     -    2s
     0     0 227201.115    0  753 227672.500 227201.115  0.21%     -    2s
     0     0 227201.115    0  812 227672.500 227201.115  0.21%     -    2s
     0     0 227201.115    0  812 227672.500 227201.115  0.21%     -    2s
     0     0 227201.471    0  925 227672.500 227201.471  0.21%     -    2s
     0     0 227201.786    0  853 227672.500 227201.786  0.21%     -    2s
     0     0 227201.944    0  877 227672.500 227201.944  0.21%     -    2s
     0     0 227201.944    0  860 227672.500 227201.944  0.21%     -    2s
     0     0 227215.218    0 1050 227672.500 227215.218  0.20%     -    2s
     0     0 227223.827    0 1050 227672.500 227223.827  0.20%     -    2s
     0     0 227224.143    0 1005 227672.500 227224.143  0.20%     -    2s
     0     0 227225.170    0 1040 227672.500 227225.170  0.20%     -    2s
     0     0 227226.349    0 1036 227672.500 227226.349  0.20%     -    2s
     0     0 227226.437    0 1041 227672.500 227226.437  0.20%     -    2s
     0     0 227242.600    0 1013 227672.500 227242.600  0.19%     -    3s
     0     0 227244.606    0  916 227672.500 227244.606  0.19%     -    3s
     0     0 227244.731    0  868 227672.500 227244.731  0.19%     -    3s
     0     0 227245.538    0  960 227672.500 227245.538  0.19%     -    3s
     0     0 227246.111    0  883 227672.500 227246.111  0.19%     -    3s
     0     0 227246.231    0  903 227672.500 227246.231  0.19%     -    3s
     0     0 227253.631    0  980 227672.500 227253.631  0.18%     -    3s
     0     0 227255.301    0  973 227672.500 227255.301  0.18%     -    3s
     0     0 227256.218    0  955 227672.500 227256.218  0.18%     -    3s
     0     0 227256.331    0  957 227672.500 227256.331  0.18%     -    3s
     0     0 227256.343    0  980 227672.500 227256.343  0.18%     -    3s
     0     0 227259.333    0  901 227672.500 227259.333  0.18%     -    3s
     0     2 227259.382    0  901 227672.500 227259.382  0.18%     -    3s
    55    55 227450.000    7  675 227672.500 227267.639  0.18%   941    5s
   472   179 227295.987    9  897 227672.500 227275.000  0.17%   338   13s
   521   188 227346.353   11  931 227672.500 227275.000  0.17%   340   19s
   590   176 infeasible   13      227672.500 227275.000  0.17%   339   20s
  1094   221 227598.571   12  875 227672.500 227366.667  0.13%   352   25s
  2857  1192 227648.333   34  371 227672.500 227555.781  0.05%   219   30s
  3615  1219 227557.500   13  926 227672.500 227557.500  0.05%   201   35s
  4147  1186 227557.500   22  917 227672.500 227557.500  0.05%   233   40s
  4408  1134 227557.500   24  837 227672.500 227557.500  0.05%   250   49s
  4426  1138 227557.500   25  803 227672.500 227557.500  0.05%   251   50s
  4526  1112     cutoff   32      227672.500 227557.500  0.05%   255   57s
  5047   904 227557.500   21  704 227672.500 227557.500  0.05%   277   60s

Cutting planes:
  Gomory: 10
  Lift-and-project: 33
  Flow cover: 2
  Inf proof: 1
  Zero half: 55
  RLT: 28
  BQP: 170

Explored 5590 nodes (1625714 simplex iterations) in 62.31 seconds (124.71 work units)
Thread count was 10 (of 10 available processors)

Solution count 1: 227672 

Optimal solution found (tolerance 1.00e-04)
Best objective 2.276725000000e+05, best bound 2.276725000000e+05, gap 0.0000%
Solução ótima encontrada.
Set parameter TimeLimit to value 25200
Set parameter TimeLimit to value 600
Gurobi Optimizer version 10.0.2 build v10.0.2rc0 (mac64[arm])

CPU model: Apple M5
Thread count: 10 physical cores, 10 logical processors, using up to 10 threads

Optimize a model with 548706 rows, 284763 columns and 1341935 nonzeros
Model fingerprint: 0x8d00eee7
Variable types: 0 continuous, 284763 integer (264707 binary)
Coefficient statistics:
  Matrix range     [1e+00, 8e+01]
  Objective range  [5e-01, 2e+03]
  Bounds range     [1e+00, 1e+00]
  RHS range        [1e+00, 1e+02]

User MIP start produced solution with objective 227672 (0.12s)
Loaded user MIP start with objective 227672
MIP start from previous solve did not produce a new incumbent solution

Presolve removed 532042 rows and 272715 columns
Presolve time: 0.23s
Presolved: 16664 rows, 12048 columns, 47932 nonzeros
Variable types: 0 continuous, 12048 integer (12048 binary)

Root relaxation: objective 2.274055e+05, 7546 iterations, 0.28 seconds (0.75 work units)

    Nodes    |    Current Node    |     Objective Bounds      |     Work
 Expl Unexpl |  Obj  Depth IntInf | Incumbent    BestBd   Gap | It/Node Time

     0     0 227405.500    0  663 227672.500 227405.500  0.12%     -    0s
     0     0 227427.500    0  318 227672.500 227427.500  0.11%     -    0s
     0     0 227427.500    0  659 227672.500 227427.500  0.11%     -    1s
     0     0 227427.500    0  318 227672.500 227427.500  0.11%     -    1s
     0     0 227430.000    0  318 227672.500 227430.000  0.11%     -    1s
     0     0 227432.500    0  432 227672.500 227432.500  0.11%     -    1s
     0     0 227442.500    0  634 227672.500 227442.500  0.10%     -    1s
     0     0 227452.500    0  442 227672.500 227452.500  0.10%     -    1s
     0     0 227452.500    0  475 227672.500 227452.500  0.10%     -    1s
     0     0 227452.500    0  234 227672.500 227452.500  0.10%     -    1s
     0     0 227452.500    0  227 227672.500 227452.500  0.10%     -    1s
     0     0 227452.500    0  291 227672.500 227452.500  0.10%     -    1s
     0     0 227485.000    0  455 227672.500 227485.000  0.08%     -    1s
     0     0 227485.000    0  324 227672.500 227485.000  0.08%     -    1s
     0     0 227485.000    0  273 227672.500 227485.000  0.08%     -    1s
     0     0 227485.000    0  278 227672.500 227485.000  0.08%     -    1s
     0     0 227485.000    0  274 227672.500 227485.000  0.08%     -    1s
     0     0 227533.750    0  315 227672.500 227533.750  0.06%     -    2s
     0     0 227537.500    0  304 227672.500 227537.500  0.06%     -    2s
     0     0 227537.500    0  269 227672.500 227537.500  0.06%     -    2s
     0     0 227537.500    0  232 227672.500 227537.500  0.06%     -    2s
     0     0 227537.500    0  236 227672.500 227537.500  0.06%     -    2s
     0     0 227537.500    0  144 227672.500 227537.500  0.06%     -    2s
     0     0 227537.500    0  271 227672.500 227537.500  0.06%     -    2s
     0     0 227537.500    0  264 227672.500 227537.500  0.06%     -    2s
     0     0 227537.500    0  256 227672.500 227537.500  0.06%     -    2s
     0     0 227537.500    0  221 227672.500 227537.500  0.06%     -    2s
     0     0 227537.500    0  292 227672.500 227537.500  0.06%     -    2s
     0     0 227537.500    0  231 227672.500 227537.500  0.06%     -    2s
     0     0 227538.000    0  184 227672.500 227538.000  0.06%     -    2s
     0     0 227538.000    0  171 227672.500 227538.000  0.06%     -    2s
     0     0 227538.000    0  152 227672.500 227538.000  0.06%     -    2s
     0     0 227538.000    0  151 227672.500 227538.000  0.06%     -    2s
     0     0 227538.000    0  214 227672.500 227538.000  0.06%     -    2s
     0     0 227538.000    0  187 227672.500 227538.000  0.06%     -    2s
     0     0 227538.000    0  177 227672.500 227538.000  0.06%     -    2s
     0     0 227538.000    0  189 227672.500 227538.000  0.06%     -    2s
     0     0 227660.000    0  105 227672.500 227660.000  0.01%     -    2s

Cutting planes:
  Gomory: 5
  Lift-and-project: 2
  MIR: 4
  Zero half: 29
  RLT: 6
  BQP: 3

Explored 1 nodes (34426 simplex iterations) in 2.33 seconds (4.77 work units)
Thread count was 10 (of 10 available processors)

Solution count 1: 227672 

Optimal solution found (tolerance 1.00e-04)
Best objective 2.276725000000e+05, best bound 2.276600000000e+05, gap 0.0055%
Solução ótima encontrada.
Set parameter TimeLimit to value 25200
Set parameter TimeLimit to value 600
Gurobi Optimizer version 10.0.2 build v10.0.2rc0 (mac64[arm])

CPU model: Apple M5
Thread count: 10 physical cores, 10 logical processors, using up to 10 threads

Optimize a model with 548706 rows, 284763 columns and 1341935 nonzeros
Model fingerprint: 0x4c209755
Variable types: 0 continuous, 284763 integer (264707 binary)
Coefficient statistics:
  Matrix range     [1e+00, 8e+01]
  Objective range  [5e-01, 2e+03]
  Bounds range     [1e+00, 1e+00]
  RHS range        [1e+00, 1e+02]

User MIP start produced solution with objective 227672 (0.10s)
Loaded user MIP start with objective 227672
MIP start from previous solve did not produce a new incumbent solution

Presolve removed 530944 rows and 271478 columns
Presolve time: 0.23s
Presolved: 17762 rows, 13285 columns, 50735 nonzeros
Variable types: 0 continuous, 13285 integer (13285 binary)

Root relaxation: objective 2.275740e+05, 10981 iterations, 0.30 seconds (0.64 work units)

    Nodes    |    Current Node    |     Objective Bounds      |     Work
 Expl Unexpl |  Obj  Depth IntInf | Incumbent    BestBd   Gap | It/Node Time

     0     0 227574.000    0  668 227672.500 227574.000  0.04%     -    0s
     0     0 227578.000    0  654 227672.500 227578.000  0.04%     -    0s
     0     0 227578.000    0  654 227672.500 227578.000  0.04%     -    0s
     0     0 227578.000    0  230 227672.500 227578.000  0.04%     -    0s
     0     0 227642.500    0   87 227672.500 227642.500  0.01%     -    0s
     0     0 227652.167    0  109 227672.500 227652.167  0.01%     -    0s

Cutting planes:
  Gomory: 3
  Clique: 2
  MIR: 3
  Zero half: 12
  RLT: 27
  BQP: 68

Explored 1 nodes (15007 simplex iterations) in 0.89 seconds (2.24 work units)
Thread count was 10 (of 10 available processors)

Solution count 1: 227672 

Optimal solution found (tolerance 1.00e-04)
Best objective 2.276725000000e+05, best bound 2.276525000000e+05, gap 0.0088%
Solução ótima encontrada.
Set parameter TimeLimit to value 25200
Set parameter TimeLimit to value 600
Gurobi Optimizer version 10.0.2 build v10.0.2rc0 (mac64[arm])

CPU model: Apple M5
Thread count: 10 physical cores, 10 logical processors, using up to 10 threads

Optimize a model with 548706 rows, 284763 columns and 1341935 nonzeros
Model fingerprint: 0x0bb0ee18
Variable types: 0 continuous, 284763 integer (264707 binary)
Coefficient statistics:
  Matrix range     [1e+00, 8e+01]
  Objective range  [5e-01, 2e+03]
  Bounds range     [1e+00, 1e+00]
  RHS range        [1e+00, 1e+02]

User MIP start produced solution with objective 227672 (0.10s)
Loaded user MIP start with objective 227672
MIP start from previous solve did not produce a new incumbent solution

Presolve removed 542891 rows and 279862 columns
Presolve time: 0.18s
Presolved: 5815 rows, 4901 columns, 16436 nonzeros
Variable types: 0 continuous, 4901 integer (4901 binary)

Root relaxation: objective 2.276525e+05, 650 iterations, 0.01 seconds (0.01 work units)

    Nodes    |    Current Node    |     Objective Bounds      |     Work
 Expl Unexpl |  Obj  Depth IntInf | Incumbent    BestBd   Gap | It/Node Time

     0     0 227652.500    0  100 227672.500 227652.500  0.01%     -    0s

Explored 1 nodes (979 simplex iterations) in 0.32 seconds (0.93 work units)
Thread count was 10 (of 10 available processors)

Solution count 1: 227672 

Optimal solution found (tolerance 1.00e-04)
Best objective 2.276725000000e+05, best bound 2.276525000000e+05, gap 0.0088%
Solução ótima encontrada.
Set parameter TimeLimit to value 25200
Set parameter TimeLimit to value 600
Gurobi Optimizer version 10.0.2 build v10.0.2rc0 (mac64[arm])

CPU model: Apple M5
Thread count: 10 physical cores, 10 logical processors, using up to 10 threads

Optimize a model with 548706 rows, 284763 columns and 1341935 nonzeros
Model fingerprint: 0xbb35b05c
Variable types: 0 continuous, 284763 integer (264707 binary)
Coefficient statistics:
  Matrix range     [1e+00, 8e+01]
  Objective range  [5e-01, 2e+03]
  Bounds range     [1e+00, 1e+00]
  RHS range        [1e+00, 1e+02]

User MIP start produced solution with objective 227672 (0.10s)
Loaded user MIP start with objective 227672
MIP start from previous solve did not produce a new incumbent solution

Presolve removed 543657 rows and 280432 columns
Presolve time: 0.17s
Presolved: 5049 rows, 4331 columns, 14245 nonzeros
Variable types: 0 continuous, 4331 integer (4331 binary)

Root relaxation: objective 2.275985e+05, 1350 iterations, 0.01 seconds (0.03 work units)

    Nodes    |    Current Node    |     Objective Bounds      |     Work
 Expl Unexpl |  Obj  Depth IntInf | Incumbent    BestBd   Gap | It/Node Time

     0     0 227598.500    0   62 227672.500 227598.500  0.03%     -    0s
     0     0 227598.500    0   62 227672.500 227598.500  0.03%     -    0s
     0     0 227598.500    0   28 227672.500 227598.500  0.03%     -    0s
     0     0 227603.500    0   52 227672.500 227603.500  0.03%     -    0s
H    0     0                    227668.50000 227603.500  0.03%     -    0s
H    0     0                    227657.00000 227603.500  0.02%     -    0s
     0     0 227603.500    0   56 227657.000 227603.500  0.02%     -    0s
H    0     0                    227609.50000 227603.500  0.00%     -    0s

Cutting planes:
  Gomory: 3
  Zero half: 10
  RLT: 9
  BQP: 2

Explored 1 nodes (1833 simplex iterations) in 0.33 seconds (0.97 work units)
Thread count was 10 (of 10 available processors)

Solution count 4: 227610 227657 227668 227672 

Optimal solution found (tolerance 1.00e-04)
Best objective 2.276095000000e+05, best bound 2.276045000000e+05, gap 0.0022%
Solução ótima encontrada.
Set parameter TimeLimit to value 25200
Set parameter TimeLimit to value 600
Gurobi Optimizer version 10.0.2 build v10.0.2rc0 (mac64[arm])

CPU model: Apple M5
Thread count: 10 physical cores, 10 logical processors, using up to 10 threads

Optimize a model with 548706 rows, 284763 columns and 1341935 nonzeros
Model fingerprint: 0x78dd52cd
Variable types: 0 continuous, 284763 integer (264707 binary)
Coefficient statistics:
  Matrix range     [1e+00, 8e+01]
  Objective range  [5e-01, 2e+03]
  Bounds range     [1e+00, 1e+00]
  RHS range        [1e+00, 1e+02]

User MIP start produced solution with objective 227610 (0.10s)
Loaded user MIP start with objective 227610
MIP start from previous solve did not produce a new incumbent solution

Presolve removed 530947 rows and 270839 columns
Presolve time: 0.16s
Presolved: 17759 rows, 13924 columns, 50028 nonzeros
Variable types: 0 continuous, 13924 integer (13924 binary)

Root relaxation: objective 2.275978e+05, 1766 iterations, 0.03 seconds (0.06 work units)

    Nodes    |    Current Node    |     Objective Bounds      |     Work
 Expl Unexpl |  Obj  Depth IntInf | Incumbent    BestBd   Gap | It/Node Time

     0     0 227597.833    0  374 227609.500 227597.833  0.01%     -    0s

Explored 1 nodes (2445 simplex iterations) in 0.33 seconds (1.01 work units)
Thread count was 10 (of 10 available processors)

Solution count 1: 227610 

Optimal solution found (tolerance 1.00e-04)
Best objective 2.276095000000e+05, best bound 2.275980000000e+05, gap 0.0051%
Solução ótima encontrada.
Set parameter TimeLimit to value 25200
Set parameter TimeLimit to value 600
Gurobi Optimizer version 10.0.2 build v10.0.2rc0 (mac64[arm])

CPU model: Apple M5
Thread count: 10 physical cores, 10 logical processors, using up to 10 threads

Optimize a model with 548706 rows, 284763 columns and 1341935 nonzeros
Model fingerprint: 0x5c8ca95b
Variable types: 0 continuous, 284763 integer (264707 binary)
Coefficient statistics:
  Matrix range     [1e+00, 8e+01]
  Objective range  [5e-01, 2e+03]
  Bounds range     [1e+00, 1e+00]
  RHS range        [1e+00, 1e+02]

User MIP start produced solution with objective 227610 (0.10s)
Loaded user MIP start with objective 227610
MIP start from previous solve did not produce a new incumbent solution

Presolve removed 534801 rows and 273301 columns
Presolve time: 0.21s
Presolved: 13905 rows, 11462 columns, 40570 nonzeros
Variable types: 0 continuous, 11462 integer (11462 binary)

Root relaxation: objective 2.269935e+05, 8823 iterations, 0.24 seconds (0.53 work units)

    Nodes    |    Current Node    |     Objective Bounds      |     Work
 Expl Unexpl |  Obj  Depth IntInf | Incumbent    BestBd   Gap | It/Node Time

     0     0 226993.500    0  322 227609.500 226993.500  0.27%     -    0s
     0     0 227004.750    0  413 227609.500 227004.750  0.27%     -    0s
     0     0 227005.167    0  494 227609.500 227005.167  0.27%     -    0s
     0     0 227034.071    0  761 227609.500 227034.071  0.25%     -    0s
     0     0 227035.958    0  740 227609.500 227035.958  0.25%     -    0s
     0     0 227035.958    0  719 227609.500 227035.958  0.25%     -    0s
     0     0 227045.667    0  639 227609.500 227045.667  0.25%     -    1s
     0     0 227046.357    0  771 227609.500 227046.357  0.25%     -    1s
     0     0 227046.536    0  784 227609.500 227046.536  0.25%     -    1s
     0     0 227046.536    0  790 227609.500 227046.536  0.25%     -    1s
     0     0 227061.194    0  847 227609.500 227061.194  0.24%     -    1s
     0     0 227062.167    0  835 227609.500 227062.167  0.24%     -    1s
     0     0 227063.792    0  813 227609.500 227063.792  0.24%     -    1s
     0     0 227063.792    0  265 227609.500 227063.792  0.24%     -    1s
     0     0 227063.792    0  288 227609.500 227063.792  0.24%     -    1s
     0     0 227224.750    0  664 227609.500 227224.750  0.17%     -    1s
     0     0 227224.750    0  687 227609.500 227224.750  0.17%     -    1s
     0     0 227224.750    0  704 227609.500 227224.750  0.17%     -    1s
     0     0 227224.750    0  705 227609.500 227224.750  0.17%     -    1s
     0     0 227227.250    0  623 227609.500 227227.250  0.17%     -    1s
     0     0 227230.750    0  652 227609.500 227230.750  0.17%     -    1s
     0     0 227230.750    0  755 227609.500 227230.750  0.17%     -    2s
     0     0 227231.417    0  748 227609.500 227231.417  0.17%     -    2s
     0     0 227239.750    0  780 227609.500 227239.750  0.16%     -    2s
     0     0 227243.250    0  756 227609.500 227243.250  0.16%     -    2s
     0     0 227244.417    0  870 227609.500 227244.417  0.16%     -    2s
     0     0 227244.417    0  844 227609.500 227244.417  0.16%     -    2s
     0     0 227244.417    0  771 227609.500 227244.417  0.16%     -    2s
     0     0 227244.417    0  792 227609.500 227244.417  0.16%     -    2s
     0     0 227244.417    0  797 227609.500 227244.417  0.16%     -    2s
     0     0 227245.083    0  781 227609.500 227245.083  0.16%     -    2s
     0     0 227247.667    0  780 227609.500 227247.667  0.16%     -    2s
     0     0 227247.667    0  781 227609.500 227247.667  0.16%     -    2s
     0     0 227247.667    0  790 227609.500 227247.667  0.16%     -    2s
     0     2 227247.667    0  752 227609.500 227247.667  0.16%     -    2s
   241   112 227517.622   12  513 227609.500 227348.233  0.11%   393    6s
   625   191 227513.000    9  466 227609.500 227379.394  0.10%   330   10s
  1307   214 infeasible   14      227609.500 227438.833  0.07%   368   17s
  1678    38     cutoff   18      227609.500 227501.583  0.05%   368   20s

Cutting planes:
  Gomory: 10
  Lift-and-project: 7
  Implied bound: 3
  MIR: 7
  Zero half: 52
  RLT: 49
  BQP: 75

Explored 1863 nodes (695575 simplex iterations) in 20.33 seconds (42.37 work units)
Thread count was 10 (of 10 available processors)

Solution count 1: 227610 

Optimal solution found (tolerance 1.00e-04)
Best objective 2.276095000000e+05, best bound 2.276045000000e+05, gap 0.0022%
Solução ótima encontrada.
Set parameter TimeLimit to value 25200
Set parameter TimeLimit to value 600
Gurobi Optimizer version 10.0.2 build v10.0.2rc0 (mac64[arm])

CPU model: Apple M5
Thread count: 10 physical cores, 10 logical processors, using up to 10 threads

Optimize a model with 548706 rows, 284763 columns and 1341935 nonzeros
Model fingerprint: 0x254e2f67
Variable types: 0 continuous, 284763 integer (264707 binary)
Coefficient statistics:
  Matrix range     [1e+00, 8e+01]
  Objective range  [5e-01, 2e+03]
  Bounds range     [1e+00, 1e+00]
  RHS range        [1e+00, 1e+02]

User MIP start produced solution with objective 227610 (0.12s)
Loaded user MIP start with objective 227610
MIP start from previous solve did not produce a new incumbent solution

Presolve removed 529741 rows and 269805 columns
Presolve time: 0.22s
Presolved: 18965 rows, 14958 columns, 54393 nonzeros
Variable types: 0 continuous, 14958 integer (14958 binary)

Root relaxation: objective 2.273041e+05, 13552 iterations, 0.34 seconds (0.79 work units)

    Nodes    |    Current Node    |     Objective Bounds      |     Work
 Expl Unexpl |  Obj  Depth IntInf | Incumbent    BestBd   Gap | It/Node Time

     0     0 227304.108    0 1153 227609.500 227304.108  0.13%     -    0s
     0     0 227308.222    0  992 227609.500 227308.222  0.13%     -    1s
     0     0 227308.222    0  992 227609.500 227308.222  0.13%     -    1s
     0     0 227308.286    0  916 227609.500 227308.286  0.13%     -    1s
     0     0 227355.500    0 1089 227609.500 227355.500  0.11%     -    2s
     0     0 227355.500    0 1088 227609.500 227355.500  0.11%     -    2s
     0     0 227355.500    0 1088 227609.500 227355.500  0.11%     -    2s
     0     0 227363.466    0 1171 227609.500 227363.466  0.11%     -    2s
     0     0 227363.531    0 1106 227609.500 227363.531  0.11%     -    2s
     0     0 227381.057    0 1102 227609.500 227381.057  0.10%     -    2s
     0     0 227381.057    0 1100 227609.500 227381.057  0.10%     -    2s
     0     0 227381.057    0 1087 227609.500 227381.057  0.10%     -    2s
     0     0 227381.057    0 1059 227609.500 227381.057  0.10%     -    2s
     0     0 227381.057    0 1096 227609.500 227381.057  0.10%     -    2s
     0     0 227397.328    0 1246 227609.500 227397.328  0.09%     -    2s
     0     0 227397.328    0 1216 227609.500 227397.328  0.09%     -    2s
     0     0 227404.516    0 1127 227609.500 227404.516  0.09%     -    2s
     0     0 227405.231    0 1275 227609.500 227405.231  0.09%     -    2s
     0     0 227405.315    0 1346 227609.500 227405.315  0.09%     -    2s
     0     0 227405.372    0 1353 227609.500 227405.372  0.09%     -    2s
     0     0 227405.406    0 1372 227609.500 227405.406  0.09%     -    2s
     0     0 227405.406    0 1371 227609.500 227405.406  0.09%     -    2s
     0     0 227423.477    0 1227 227609.500 227423.477  0.08%     -    3s
     0     0 227423.477    0  568 227609.500 227423.477  0.08%     -    3s
     0     0 227442.768    0  677 227609.500 227442.768  0.07%     -    3s
     0     0 227459.447    0  799 227609.500 227459.447  0.07%     -    3s
     0     0 227461.824    0  679 227609.500 227461.824  0.06%     -    3s
     0     0 227462.606    0  713 227609.500 227462.606  0.06%     -    3s
     0     0 227462.655    0  676 227609.500 227462.655  0.06%     -    3s
H    0     0                    227604.50000 227470.964  0.06%     -    4s
     0     0 227476.783    0  851 227604.500 227476.783  0.06%     -    4s
     0     0 227476.792    0  792 227604.500 227476.792  0.06%     -    4s
     0     0 227483.036    0  765 227604.500 227483.036  0.05%     -    4s
     0     0 227487.046    0  844 227604.500 227487.046  0.05%     -    4s
     0     0 227488.456    0  832 227604.500 227488.456  0.05%     -    4s
     0     0 227488.837    0  897 227604.500 227488.837  0.05%     -    4s
     0     0 227489.143    0  829 227604.500 227489.143  0.05%     -    4s
     0     0 227489.210    0  829 227604.500 227489.210  0.05%     -    4s
     0     0 227489.222    0  887 227604.500 227489.222  0.05%     -    4s
     0     0 227497.282    0  756 227604.500 227497.282  0.05%     -    4s
     0     0 227500.875    0  778 227604.500 227500.875  0.05%     -    4s
     0     0 227502.299    0  872 227604.500 227502.299  0.04%     -    4s
     0     0 227557.250    0  791 227604.500 227557.250  0.02%     -    4s
     0     0 227576.656    0  916 227604.500 227576.656  0.01%     -    4s
     0     0 227576.656    0  772 227604.500 227576.656  0.01%     -    4s
     0     0 227576.656    0  802 227604.500 227576.656  0.01%     -    4s
     0     0 227576.656    0  872 227604.500 227576.656  0.01%     -    4s
     0     0 227576.656    0  802 227604.500 227576.656  0.01%     -    4s

Cutting planes:
  Gomory: 1
  Cover: 1
  Implied bound: 5
  Clique: 2
  MIR: 5
  Zero half: 13
  RLT: 118
  BQP: 118

Explored 1 nodes (73064 simplex iterations) in 4.48 seconds (9.29 work units)
Thread count was 10 (of 10 available processors)

Solution count 2: 227604 227610 

Optimal solution found (tolerance 1.00e-04)
Best objective 2.276045000000e+05, best bound 2.275825000000e+05, gap 0.0097%
Solução ótima encontrada.
Set parameter TimeLimit to value 25200
Set parameter TimeLimit to value 600
Gurobi Optimizer version 10.0.2 build v10.0.2rc0 (mac64[arm])

CPU model: Apple M5
Thread count: 10 physical cores, 10 logical processors, using up to 10 threads

Optimize a model with 548706 rows, 284763 columns and 1341935 nonzeros
Model fingerprint: 0x2a912a1b
Variable types: 0 continuous, 284763 integer (264707 binary)
Coefficient statistics:
  Matrix range     [1e+00, 8e+01]
  Objective range  [5e-01, 2e+03]
  Bounds range     [1e+00, 1e+00]
  RHS range        [1e+00, 1e+02]

User MIP start produced solution with objective 227604 (0.12s)
Loaded user MIP start with objective 227604
MIP start from previous solve did not produce a new incumbent solution

Presolve removed 543591 rows and 280390 columns
Presolve time: 0.18s
Presolved: 5115 rows, 4373 columns, 14527 nonzeros
Variable types: 0 continuous, 4373 integer (4373 binary)

Root relaxation: objective 2.271424e+05, 1894 iterations, 0.02 seconds (0.04 work units)

    Nodes    |    Current Node    |     Objective Bounds      |     Work
 Expl Unexpl |  Obj  Depth IntInf | Incumbent    BestBd   Gap | It/Node Time

     0     0 227142.367    0  350 227604.500 227142.367  0.20%     -    0s
     0     0 227142.367    0  372 227604.500 227142.367  0.20%     -    0s
     0     0 227145.625    0  374 227604.500 227145.625  0.20%     -    0s
     0     0 227262.267    0  375 227604.500 227262.267  0.15%     -    0s
     0     0 227264.967    0  326 227604.500 227264.967  0.15%     -    0s
     0     0 227379.571    0  278 227604.500 227379.571  0.10%     -    0s
     0     0 227379.571    0  275 227604.500 227379.571  0.10%     -    0s
     0     0 227380.429    0  264 227604.500 227380.429  0.10%     -    0s
     0     0 227383.750    0  264 227604.500 227383.750  0.10%     -    0s
     0     0 227385.000    0  231 227604.500 227385.000  0.10%     -    0s
     0     0 227385.033    0  358 227604.500 227385.033  0.10%     -    0s
     0     0 227385.067    0  316 227604.500 227385.067  0.10%     -    0s
     0     0 227386.075    0  331 227604.500 227386.075  0.10%     -    0s
     0     0 227457.155    0  379 227604.500 227457.155  0.06%     -    0s
     0     0 227457.155    0  104 227604.500 227457.155  0.06%     -    0s
     0     0 227464.500    0   58 227604.500 227464.500  0.06%     -    0s
     0     0 227470.125    0  105 227604.500 227470.125  0.06%     -    0s
     0     0 227470.125    0  106 227604.500 227470.125  0.06%     -    0s
     0     0 227470.500    0  104 227604.500 227470.500  0.06%     -    0s
     0     0 227470.500    0  102 227604.500 227470.500  0.06%     -    0s
     0     0 227472.889    0  145 227604.500 227472.889  0.06%     -    0s
     0     0 227472.905    0  126 227604.500 227472.905  0.06%     -    0s
     0     0 227472.992    0  146 227604.500 227472.992  0.06%     -    0s
     0     2 227473.056    0  142 227604.500 227473.056  0.06%     -    0s

Cutting planes:
  Gomory: 3
  Lift-and-project: 4
  Clique: 4
  MIR: 1
  Zero half: 4
  RLT: 22
  BQP: 85

Explored 5 nodes (8925 simplex iterations) in 0.68 seconds (1.48 work units)
Thread count was 10 (of 10 available processors)

Solution count 1: 227604 

Optimal solution found (tolerance 1.00e-04)
Best objective 2.276045000000e+05, best bound 2.276045000000e+05, gap 0.0000%
Solução ótima encontrada.
Set parameter TimeLimit to value 25200
Set parameter TimeLimit to value 600
Gurobi Optimizer version 10.0.2 build v10.0.2rc0 (mac64[arm])

CPU model: Apple M5
Thread count: 10 physical cores, 10 logical processors, using up to 10 threads

Optimize a model with 548706 rows, 284763 columns and 1341935 nonzeros
Model fingerprint: 0xd0114dc3
Variable types: 0 continuous, 284763 integer (264707 binary)
Coefficient statistics:
  Matrix range     [1e+00, 8e+01]
  Objective range  [5e-01, 2e+03]
  Bounds range     [1e+00, 1e+00]
  RHS range        [1e+00, 1e+02]

User MIP start produced solution with objective 227604 (0.10s)
Loaded user MIP start with objective 227604
MIP start from previous solve did not produce a new incumbent solution

Presolve removed 545671 rows and 282036 columns
Presolve time: 0.15s
Presolved: 3035 rows, 2727 columns, 8583 nonzeros
Variable types: 0 continuous, 2727 integer (2727 binary)

Root relaxation: objective 2.275955e+05, 289 iterations, 0.00 seconds (0.00 work units)

    Nodes    |    Current Node    |     Objective Bounds      |     Work
 Expl Unexpl |  Obj  Depth IntInf | Incumbent    BestBd   Gap | It/Node Time

     0     0          -    0      227604.500 227595.500  0.00%     -    0s

Explored 1 nodes (289 simplex iterations) in 0.28 seconds (0.82 work units)
Thread count was 10 (of 10 available processors)

Solution count 1: 227604 

Optimal solution found (tolerance 1.00e-04)
Best objective 2.276045000000e+05, best bound 2.275955000000e+05, gap 0.0040%
Solução ótima encontrada.
Set parameter TimeLimit to value 25200
Set parameter TimeLimit to value 600
Gurobi Optimizer version 10.0.2 build v10.0.2rc0 (mac64[arm])

CPU model: Apple M5
Thread count: 10 physical cores, 10 logical processors, using up to 10 threads

Optimize a model with 548706 rows, 284763 columns and 1341935 nonzeros
Model fingerprint: 0xc8e2c007
Variable types: 0 continuous, 284763 integer (264707 binary)
Coefficient statistics:
  Matrix range     [1e+00, 8e+01]
  Objective range  [5e-01, 2e+03]
  Bounds range     [1e+00, 1e+00]
  RHS range        [1e+00, 1e+02]

User MIP start produced solution with objective 227604 (0.10s)
Loaded user MIP start with objective 227604
MIP start from previous solve did not produce a new incumbent solution

Presolve removed 547559 rows and 283736 columns
Presolve time: 0.14s
Presolved: 1147 rows, 1027 columns, 3247 nonzeros
Variable types: 0 continuous, 1027 integer (1027 binary)

Root relaxation: cutoff, 249 iterations, 0.00 seconds (0.00 work units)

    Nodes    |    Current Node    |     Objective Bounds      |     Work
 Expl Unexpl |  Obj  Depth IntInf | Incumbent    BestBd   Gap | It/Node Time

     0     0     cutoff    0      227604.500 227604.500  0.00%     -    0s

Explored 1 nodes (249 simplex iterations) in 0.27 seconds (0.80 work units)
Thread count was 10 (of 10 available processors)

Solution count 1: 227604 

Optimal solution found (tolerance 1.00e-04)
Best objective 2.276045000000e+05, best bound 2.276045000000e+05, gap 0.0000%
Solução ótima encontrada.
Set parameter TimeLimit to value 25200
Set parameter TimeLimit to value 600
Gurobi Optimizer version 10.0.2 build v10.0.2rc0 (mac64[arm])

CPU model: Apple M5
Thread count: 10 physical cores, 10 logical processors, using up to 10 threads

Optimize a model with 548706 rows, 284763 columns and 1341935 nonzeros
Model fingerprint: 0x2b6c7c26
Variable types: 0 continuous, 284763 integer (264707 binary)
Coefficient statistics:
  Matrix range     [1e+00, 8e+01]
  Objective range  [5e-01, 2e+03]
  Bounds range     [1e+00, 1e+00]
  RHS range        [1e+00, 1e+02]

User MIP start produced solution with objective 227604 (0.10s)
Loaded user MIP start with objective 227604
MIP start from previous solve did not produce a new incumbent solution

Presolve removed 531462 rows and 270737 columns
Presolve time: 0.23s
Presolved: 17244 rows, 14026 columns, 50814 nonzeros
Variable types: 0 continuous, 14026 integer (14026 binary)

Root relaxation: objective 2.268463e+05, 2363 iterations, 0.03 seconds (0.07 work units)

    Nodes    |    Current Node    |     Objective Bounds      |     Work
 Expl Unexpl |  Obj  Depth IntInf | Incumbent    BestBd   Gap | It/Node Time

     0     0 226846.292    0  692 227604.500 226846.292  0.33%     -    0s
     0     0 227046.500    0  679 227604.500 227046.500  0.25%     -    0s
     0     0 227052.929    0  688 227604.500 227052.929  0.24%     -    0s
     0     0 227079.905    0  671 227604.500 227079.905  0.23%     -    0s
     0     0 227088.459    0  799 227604.500 227088.459  0.23%     -    0s
     0     0 227090.012    0  773 227604.500 227090.012  0.23%     -    0s
     0     0 227091.326    0  820 227604.500 227091.326  0.23%     -    0s
     0     0 227091.380    0  797 227604.500 227091.380  0.23%     -    0s
     0     0 227091.380    0  797 227604.500 227091.380  0.23%     -    0s
     0     0 227192.049    0  752 227604.500 227192.049  0.18%     -    0s
     0     0 227567.500    0  464 227604.500 227567.500  0.02%     -    1s
     0     0 227597.000    0  330 227604.500 227597.000  0.00%     -    1s

Cutting planes:
  Gomory: 6
  Implied bound: 1
  Zero half: 16
  RLT: 10
  BQP: 17

Explored 1 nodes (14060 simplex iterations) in 1.16 seconds (2.54 work units)
Thread count was 10 (of 10 available processors)

Solution count 1: 227604 

Optimal solution found (tolerance 1.00e-04)
Best objective 2.276045000000e+05, best bound 2.275970000000e+05, gap 0.0033%
Solução ótima encontrada.
Set parameter TimeLimit to value 25200
Set parameter TimeLimit to value 600
Gurobi Optimizer version 10.0.2 build v10.0.2rc0 (mac64[arm])

CPU model: Apple M5
Thread count: 10 physical cores, 10 logical processors, using up to 10 threads

Optimize a model with 548706 rows, 284763 columns and 1341935 nonzeros
Model fingerprint: 0x88423537
Variable types: 0 continuous, 284763 integer (264707 binary)
Coefficient statistics:
  Matrix range     [1e+00, 8e+01]
  Objective range  [5e-01, 2e+03]
  Bounds range     [1e+00, 1e+00]
  RHS range        [1e+00, 1e+02]

User MIP start produced solution with objective 227604 (0.11s)
Loaded user MIP start with objective 227604
MIP start from previous solve did not produce a new incumbent solution

Presolve removed 536582 rows and 275184 columns
Presolve time: 0.21s
Presolved: 12124 rows, 9579 columns, 35014 nonzeros
Variable types: 0 continuous, 9579 integer (9579 binary)

Root relaxation: objective 2.275795e+05, 8742 iterations, 0.38 seconds (1.11 work units)

    Nodes    |    Current Node    |     Objective Bounds      |     Work
 Expl Unexpl |  Obj  Depth IntInf | Incumbent    BestBd   Gap | It/Node Time

     0     0 227579.500    0  280 227604.500 227579.500  0.01%     -    0s
     0     0 227579.500    0  280 227604.500 227579.500  0.01%     -    0s
     0     0 227579.500    0   73 227604.500 227579.500  0.01%     -    1s
     0     0 227579.500    0  109 227604.500 227579.500  0.01%     -    1s
     0     0 227582.000    0  128 227604.500 227582.000  0.01%     -    1s

Cutting planes:
  MIR: 1
  Zero half: 3
  RLT: 4
  BQP: 3

Explored 1 nodes (18840 simplex iterations) in 1.04 seconds (2.87 work units)
Thread count was 10 (of 10 available processors)

Solution count 1: 227604 

Optimal solution found (tolerance 1.00e-04)
Best objective 2.276045000000e+05, best bound 2.275820000000e+05, gap 0.0099%
Solução ótima encontrada.
Set parameter TimeLimit to value 25200
Set parameter TimeLimit to value 600
Gurobi Optimizer version 10.0.2 build v10.0.2rc0 (mac64[arm])

CPU model: Apple M5
Thread count: 10 physical cores, 10 logical processors, using up to 10 threads

Optimize a model with 548706 rows, 284763 columns and 1341935 nonzeros
Model fingerprint: 0xf5993291
Variable types: 0 continuous, 284763 integer (264707 binary)
Coefficient statistics:
  Matrix range     [1e+00, 8e+01]
  Objective range  [5e-01, 2e+03]
  Bounds range     [1e+00, 1e+00]
  RHS range        [1e+00, 1e+02]

User MIP start produced solution with objective 227604 (0.10s)
Loaded user MIP start with objective 227604
MIP start from previous solve did not produce a new incumbent solution

Presolve removed 528102 rows and 268082 columns
Presolve time: 0.25s
Presolved: 20604 rows, 16681 columns, 60069 nonzeros
Variable types: 0 continuous, 16681 integer (16681 binary)

Root relaxation: objective 2.270370e+05, 4935 iterations, 0.13 seconds (0.28 work units)

    Nodes    |    Current Node    |     Objective Bounds      |     Work
 Expl Unexpl |  Obj  Depth IntInf | Incumbent    BestBd   Gap | It/Node Time

     0     0 227037.000    0  486 227604.500 227037.000  0.25%     -    0s
     0     0 227044.500    0  636 227604.500 227044.500  0.25%     -    0s
     0     0 227066.526    0  906 227604.500 227066.526  0.24%     -    1s
     0     0 227067.750    0  837 227604.500 227067.750  0.24%     -    1s
     0     0 227067.751    0  866 227604.500 227067.751  0.24%     -    1s
     0     0 227089.449    0  893 227604.500 227089.449  0.23%     -    1s
     0     0 227094.674    0  927 227604.500 227094.674  0.22%     -    1s
     0     0 227094.825    0  927 227604.500 227094.825  0.22%     -    1s
     0     0 227094.848    0  916 227604.500 227094.848  0.22%     -    1s
     0     0 227094.848    0  910 227604.500 227094.848  0.22%     -    1s
     0     0 227124.792    0  887 227604.500 227124.792  0.21%     -    1s
     0     0 227124.792    0  474 227604.500 227124.792  0.21%     -    1s
     0     0 227124.792    0  790 227604.500 227124.792  0.21%     -    2s
     0     0 227124.792    0  848 227604.500 227124.792  0.21%     -    2s
     0     0 227124.792    0  792 227604.500 227124.792  0.21%     -    2s
     0     0 227124.845    0  801 227604.500 227124.845  0.21%     -    2s
     0     0 227125.587    0  842 227604.500 227125.587  0.21%     -    2s
     0     0 227125.629    0  831 227604.500 227125.629  0.21%     -    2s
     0     0 227125.629    0  831 227604.500 227125.629  0.21%     -    2s
     0     0 227153.609    0  908 227604.500 227153.609  0.20%     -    2s
     0     0 227162.083    0  914 227604.500 227162.083  0.19%     -    2s
     0     0 227164.222    0  884 227604.500 227164.222  0.19%     -    2s
     0     0 227164.500    0  892 227604.500 227164.500  0.19%     -    2s
     0     0 227165.384    0  910 227604.500 227165.384  0.19%     -    2s
     0     0 227165.650    0  894 227604.500 227165.650  0.19%     -    2s
     0     0 227165.947    0  888 227604.500 227165.947  0.19%     -    2s
     0     0 227165.991    0  891 227604.500 227165.991  0.19%     -    2s
     0     0 227180.681    0  865 227604.500 227180.681  0.19%     -    3s
     0     0 227181.353    0  915 227604.500 227181.353  0.19%     -    3s
     0     0 227182.644    0  934 227604.500 227182.644  0.19%     -    3s
     0     0 227183.475    0  924 227604.500 227183.475  0.18%     -    3s
     0     0 227183.481    0  925 227604.500 227183.481  0.18%     -    3s
     0     0 227189.877    0  936 227604.500 227189.877  0.18%     -    3s
     0     0 227191.847    0  909 227604.500 227191.847  0.18%     -    3s
     0     0 227192.011    0  958 227604.500 227192.011  0.18%     -    3s
     0     0 227192.025    0  955 227604.500 227192.025  0.18%     -    3s
     0     0 227201.241    0  946 227604.500 227201.241  0.18%     -    3s
     0     2 227201.579    0  946 227604.500 227201.579  0.18%     -    3s
    97    45 227416.464   10  759 227604.500 227239.723  0.16%   512    5s
   693    69 227297.674    9  980 227604.500 227263.750  0.15%   341   10s

Cutting planes:
  Gomory: 6
  Lift-and-project: 7
  MIR: 1
  Zero half: 54
  RLT: 17
  BQP: 65

Explored 1036 nodes (376600 simplex iterations) in 12.38 seconds (27.37 work units)
Thread count was 10 (of 10 available processors)

Solution count 1: 227604 

Optimal solution found (tolerance 1.00e-04)
Best objective 2.276045000000e+05, best bound 2.276045000000e+05, gap 0.0000%
Solução ótima encontrada.
Set parameter TimeLimit to value 25200
Set parameter TimeLimit to value 600
Gurobi Optimizer version 10.0.2 build v10.0.2rc0 (mac64[arm])

CPU model: Apple M5
Thread count: 10 physical cores, 10 logical processors, using up to 10 threads

Optimize a model with 548706 rows, 284763 columns and 1341935 nonzeros
Model fingerprint: 0x531926b8
Variable types: 0 continuous, 284763 integer (264707 binary)
Coefficient statistics:
  Matrix range     [1e+00, 8e+01]
  Objective range  [5e-01, 2e+03]
  Bounds range     [1e+00, 1e+00]
  RHS range        [1e+00, 1e+02]

User MIP start produced solution with objective 227604 (0.12s)
Loaded user MIP start with objective 227604
MIP start from previous solve did not produce a new incumbent solution

Presolve removed 532044 rows and 272719 columns
Presolve time: 0.23s
Presolved: 16662 rows, 12044 columns, 47927 nonzeros
Variable types: 0 continuous, 12044 integer (12044 binary)

Root relaxation: objective 2.273495e+05, 7348 iterations, 0.27 seconds (0.56 work units)

    Nodes    |    Current Node    |     Objective Bounds      |     Work
 Expl Unexpl |  Obj  Depth IntInf | Incumbent    BestBd   Gap | It/Node Time

     0     0 227349.500    0  314 227604.500 227349.500  0.11%     -    0s
     0     0 227355.500    0  558 227604.500 227355.500  0.11%     -    0s
     0     0 227355.500    0  314 227604.500 227355.500  0.11%     -    1s
     0     0 227356.167    0  560 227604.500 227356.167  0.11%     -    1s
     0     0 227357.000    0  316 227604.500 227357.000  0.11%     -    1s
     0     0 227357.833    0  561 227604.500 227357.833  0.11%     -    1s
     0     0 227363.389    0  567 227604.500 227363.389  0.11%     -    1s
     0     0 227363.389    0  250 227604.500 227363.389  0.11%     -    1s
     0     0 227363.389    0  504 227604.500 227363.389  0.11%     -    1s
     0     0 227363.389    0  448 227604.500 227363.389  0.11%     -    1s
     0     0 227363.389    0  462 227604.500 227363.389  0.11%     -    1s
     0     0 227363.389    0  474 227604.500 227363.389  0.11%     -    1s
     0     0 227382.118    0  533 227604.500 227382.118  0.10%     -    1s
     0     0 227382.538    0  533 227604.500 227382.538  0.10%     -    1s
     0     0 227382.625    0  533 227604.500 227382.625  0.10%     -    1s
     0     0 227421.500    0  489 227604.500 227421.500  0.08%     -    1s
     0     0 227421.500    0  172 227604.500 227421.500  0.08%     -    1s
     0     0 227421.500    0  180 227604.500 227421.500  0.08%     -    1s
     0     0 227421.500    0  372 227604.500 227421.500  0.08%     -    1s
     0     0 227421.500    0  373 227604.500 227421.500  0.08%     -    1s
     0     0 227424.500    0  413 227604.500 227424.500  0.08%     -    1s
     0     0 227425.904    0  407 227604.500 227425.904  0.08%     -    1s
     0     0 227425.929    0  409 227604.500 227425.929  0.08%     -    1s
     0     0 227434.680    0  430 227604.500 227434.680  0.07%     -    1s
     0     0 227434.680    0  430 227604.500 227434.680  0.07%     -    1s
     0     0 227435.712    0  441 227604.500 227435.712  0.07%     -    1s
     0     0 227435.939    0  120 227604.500 227435.939  0.07%     -    1s
     0     0 227435.939    0  128 227604.500 227435.939  0.07%     -    1s
     0     0 227435.939    0  255 227604.500 227435.939  0.07%     -    1s
     0     0 227435.939    0  317 227604.500 227435.939  0.07%     -    1s
     0     0 227436.375    0  319 227604.500 227436.375  0.07%     -    1s
     0     0 227438.930    0  315 227604.500 227438.930  0.07%     -    1s
     0     0 227439.318    0  290 227604.500 227439.318  0.07%     -    1s
     0     0 227450.088    0  287 227604.500 227450.088  0.07%     -    1s
     0     0 227452.600    0  285 227604.500 227452.600  0.07%     -    1s
     0     0 227457.446    0  320 227604.500 227457.446  0.06%     -    1s
     0     0 227457.846    0  322 227604.500 227457.846  0.06%     -    1s
     0     0 227457.846    0  321 227604.500 227457.846  0.06%     -    1s
     0     0 227458.909    0  312 227604.500 227458.909  0.06%     -    2s
     0     0 227459.312    0   93 227604.500 227459.312  0.06%     -    2s
     0     0 227459.312    0  101 227604.500 227459.312  0.06%     -    2s
     0     0 227459.312    0  158 227604.500 227459.312  0.06%     -    2s
     0     0 227459.312    0  207 227604.500 227459.312  0.06%     -    2s
     0     0 227459.312    0  251 227604.500 227459.312  0.06%     -    2s
     0     0 227459.312    0  261 227604.500 227459.312  0.06%     -    2s
     0     0 227459.312    0  262 227604.500 227459.312  0.06%     -    2s
     0     0 227459.312    0  262 227604.500 227459.312  0.06%     -    2s
     0     0 227459.312    0  262 227604.500 227459.312  0.06%     -    2s
     0     0 227469.500    0  186 227604.500 227469.500  0.06%     -    2s
     0     0 227469.500    0  182 227604.500 227469.500  0.06%     -    2s
     0     0 227469.500    0  201 227604.500 227469.500  0.06%     -    2s
     0     0 227469.500    0  211 227604.500 227469.500  0.06%     -    2s
     0     0 227469.500    0  194 227604.500 227469.500  0.06%     -    2s
     0     2 227470.000    0  194 227604.500 227470.000  0.06%     -    2s

Cutting planes:
  Gomory: 1
  Implied bound: 1
  MIR: 1
  Zero half: 31
  RLT: 14
  BQP: 11

Explored 272 nodes (42745 simplex iterations) in 2.33 seconds (4.53 work units)
Thread count was 10 (of 10 available processors)

Solution count 1: 227604 

Optimal solution found (tolerance 1.00e-04)
Best objective 2.276045000000e+05, best bound 2.276045000000e+05, gap 0.0000%
Solução ótima encontrada.
Set parameter TimeLimit to value 25200
Set parameter TimeLimit to value 600
Gurobi Optimizer version 10.0.2 build v10.0.2rc0 (mac64[arm])

CPU model: Apple M5
Thread count: 10 physical cores, 10 logical processors, using up to 10 threads

Optimize a model with 548706 rows, 284763 columns and 1341935 nonzeros
Model fingerprint: 0x4457d957
Variable types: 0 continuous, 284763 integer (264707 binary)
Coefficient statistics:
  Matrix range     [1e+00, 8e+01]
  Objective range  [5e-01, 2e+03]
  Bounds range     [1e+00, 1e+00]
  RHS range        [1e+00, 1e+02]

User MIP start produced solution with objective 227604 (0.10s)
Loaded user MIP start with objective 227604
MIP start from previous solve did not produce a new incumbent solution

Presolve removed 530946 rows and 271481 columns
Presolve time: 0.23s
Presolved: 17760 rows, 13282 columns, 50730 nonzeros
Variable types: 0 continuous, 13282 integer (13282 binary)

Root relaxation: objective 2.275186e+05, 9744 iterations, 0.26 seconds (0.53 work units)

    Nodes    |    Current Node    |     Objective Bounds      |     Work
 Expl Unexpl |  Obj  Depth IntInf | Incumbent    BestBd   Gap | It/Node Time

     0     0 227518.583    0  596 227604.500 227518.583  0.04%     -    0s
     0     0 227530.625    0  597 227604.500 227530.625  0.03%     -    0s
     0     0 227536.125    0  575 227604.500 227536.125  0.03%     -    0s
     0     0 227560.250    0  111 227604.500 227560.250  0.02%     -    0s
     0     0 infeasible    0      227604.500 227604.500  0.00%     -    0s

Explored 1 nodes (13568 simplex iterations) in 0.85 seconds (2.15 work units)
Thread count was 10 (of 10 available processors)

Solution count 1: 227604 

Optimal solution found (tolerance 1.00e-04)
Best objective 2.276045000000e+05, best bound 2.276045000000e+05, gap 0.0000%
Solução ótima encontrada.
Set parameter TimeLimit to value 25200
Set parameter TimeLimit to value 600
Gurobi Optimizer version 10.0.2 build v10.0.2rc0 (mac64[arm])

CPU model: Apple M5
Thread count: 10 physical cores, 10 logical processors, using up to 10 threads

Optimize a model with 548706 rows, 284763 columns and 1341935 nonzeros
Model fingerprint: 0x176847d5
Variable types: 0 continuous, 284763 integer (264707 binary)
Coefficient statistics:
  Matrix range     [1e+00, 8e+01]
  Objective range  [5e-01, 2e+03]
  Bounds range     [1e+00, 1e+00]
  RHS range        [1e+00, 1e+02]

User MIP start produced solution with objective 227604 (0.10s)
Loaded user MIP start with objective 227604
MIP start from previous solve did not produce a new incumbent solution

Presolve removed 542887 rows and 279858 columns
Presolve time: 0.17s
Presolved: 5819 rows, 4905 columns, 16444 nonzeros
Variable types: 0 continuous, 4905 integer (4905 binary)

Root relaxation: objective 2.275845e+05, 616 iterations, 0.01 seconds (0.01 work units)

    Nodes    |    Current Node    |     Objective Bounds      |     Work
 Expl Unexpl |  Obj  Depth IntInf | Incumbent    BestBd   Gap | It/Node Time

     0     0 227584.500    0  100 227604.500 227584.500  0.01%     -    0s

Explored 1 nodes (960 simplex iterations) in 0.32 seconds (0.93 work units)
Thread count was 10 (of 10 available processors)

Solution count 1: 227604 

Optimal solution found (tolerance 1.00e-04)
Best objective 2.276045000000e+05, best bound 2.275845000000e+05, gap 0.0088%
Solução ótima encontrada.
Set parameter TimeLimit to value 25200
Set parameter TimeLimit to value 600
Gurobi Optimizer version 10.0.2 build v10.0.2rc0 (mac64[arm])

CPU model: Apple M5
Thread count: 10 physical cores, 10 logical processors, using up to 10 threads

Optimize a model with 548706 rows, 284763 columns and 1341935 nonzeros
Model fingerprint: 0x6d8d50dd
Variable types: 0 continuous, 284763 integer (264707 binary)
Coefficient statistics:
  Matrix range     [1e+00, 8e+01]
  Objective range  [5e-01, 2e+03]
  Bounds range     [1e+00, 1e+00]
  RHS range        [1e+00, 1e+02]

User MIP start produced solution with objective 227604 (0.10s)
Loaded user MIP start with objective 227604
MIP start from previous solve did not produce a new incumbent solution

Presolve removed 543627 rows and 280400 columns
Presolve time: 0.16s
Presolved: 5079 rows, 4363 columns, 14335 nonzeros
Variable types: 0 continuous, 4363 integer (4363 binary)

Root relaxation: objective 2.275935e+05, 1367 iterations, 0.01 seconds (0.03 work units)

    Nodes    |    Current Node    |     Objective Bounds      |     Work
 Expl Unexpl |  Obj  Depth IntInf | Incumbent    BestBd   Gap | It/Node Time

     0     0 227593.500    0   62 227604.500 227593.500  0.00%     -    0s

Explored 1 nodes (1582 simplex iterations) in 0.31 seconds (0.94 work units)
Thread count was 10 (of 10 available processors)

Solution count 1: 227604 

Optimal solution found (tolerance 1.00e-04)
Best objective 2.276045000000e+05, best bound 2.275935000000e+05, gap 0.0048%
Solução ótima encontrada.
Set parameter TimeLimit to value 25200
Set parameter TimeLimit to value 600
Gurobi Optimizer version 10.0.2 build v10.0.2rc0 (mac64[arm])

CPU model: Apple M5
Thread count: 10 physical cores, 10 logical processors, using up to 10 threads

Optimize a model with 548706 rows, 284763 columns and 1341935 nonzeros
Model fingerprint: 0x3e72e62d
Variable types: 0 continuous, 284763 integer (264707 binary)
Coefficient statistics:
  Matrix range     [1e+00, 8e+01]
  Objective range  [5e-01, 2e+03]
  Bounds range     [1e+00, 1e+00]
  RHS range        [1e+00, 1e+02]

User MIP start produced solution with objective 227604 (0.10s)
Loaded user MIP start with objective 227604
MIP start from previous solve did not produce a new incumbent solution

Presolve removed 530916 rows and 270807 columns
Presolve time: 0.16s
Presolved: 17790 rows, 13956 columns, 50120 nonzeros
Variable types: 0 continuous, 13956 integer (13956 binary)

Root relaxation: objective 2.275928e+05, 1849 iterations, 0.03 seconds (0.08 work units)

    Nodes    |    Current Node    |     Objective Bounds      |     Work
 Expl Unexpl |  Obj  Depth IntInf | Incumbent    BestBd   Gap | It/Node Time

     0     0 227592.833    0  374 227604.500 227592.833  0.01%     -    0s

Explored 1 nodes (2460 simplex iterations) in 0.33 seconds (1.04 work units)
Thread count was 10 (of 10 available processors)

Solution count 1: 227604 

Optimal solution found (tolerance 1.00e-04)
Best objective 2.276045000000e+05, best bound 2.275930000000e+05, gap 0.0051%
Solução ótima encontrada.
Set parameter TimeLimit to value 25200
Set parameter TimeLimit to value 600
Gurobi Optimizer version 10.0.2 build v10.0.2rc0 (mac64[arm])

CPU model: Apple M5
Thread count: 10 physical cores, 10 logical processors, using up to 10 threads

Optimize a model with 548706 rows, 284763 columns and 1341935 nonzeros
Model fingerprint: 0xd68656eb
Variable types: 0 continuous, 284763 integer (264707 binary)
Coefficient statistics:
  Matrix range     [1e+00, 8e+01]
  Objective range  [5e-01, 2e+03]
  Bounds range     [1e+00, 1e+00]
  RHS range        [1e+00, 1e+02]

User MIP start produced solution with objective 227604 (0.10s)
Loaded user MIP start with objective 227604
MIP start from previous solve did not produce a new incumbent solution

Presolve removed 535020 rows and 273418 columns
Presolve time: 0.21s
Presolved: 13686 rows, 11345 columns, 39893 nonzeros
Variable types: 0 continuous, 11345 integer (11345 binary)

Root relaxation: objective 2.269885e+05, 8434 iterations, 0.24 seconds (0.54 work units)

    Nodes    |    Current Node    |     Objective Bounds      |     Work
 Expl Unexpl |  Obj  Depth IntInf | Incumbent    BestBd   Gap | It/Node Time

     0     0 226988.500    0  297 227604.500 226988.500  0.27%     -    0s
     0     0 227003.500    0  300 227604.500 227003.500  0.26%     -    0s
     0     0 227005.167    0  509 227604.500 227005.167  0.26%     -    0s
     0     0 227006.833    0  520 227604.500 227006.833  0.26%     -    0s
     0     0 227026.583    0  706 227604.500 227026.583  0.25%     -    0s
     0     0 227027.469    0  694 227604.500 227027.469  0.25%     -    0s
     0     0 227028.111    0  710 227604.500 227028.111  0.25%     -    0s
     0     0 227028.111    0  732 227604.500 227028.111  0.25%     -    0s
     0     0 227043.300    0  760 227604.500 227043.300  0.25%     -    1s
     0     0 227043.850    0  745 227604.500 227043.850  0.25%     -    1s
     0     0 227046.500    0  671 227604.500 227046.500  0.25%     -    1s
     0     0 227047.000    0  703 227604.500 227047.000  0.24%     -    1s
     0     0 227047.125    0  709 227604.500 227047.125  0.24%     -    1s
     0     0 227047.386    0  709 227604.500 227047.386  0.24%     -    1s
     0     0 227047.490    0  728 227604.500 227047.490  0.24%     -    1s
     0     0 227051.538    0  644 227604.500 227051.538  0.24%     -    1s
     0     0 227053.682    0  873 227604.500 227053.682  0.24%     -    1s
     0     0 227054.167    0  870 227604.500 227054.167  0.24%     -    1s
     0     0 227054.167    0  883 227604.500 227054.167  0.24%     -    1s
     0     0 227057.227    0  770 227604.500 227057.227  0.24%     -    1s
     0     0 227057.394    0  272 227604.500 227057.394  0.24%     -    1s
     0     0 227219.750    0  596 227604.500 227219.750  0.17%     -    2s
     0     0 227222.250    0  709 227604.500 227222.250  0.17%     -    2s
     0     0 227224.750    0  687 227604.500 227224.750  0.17%     -    2s
     0     0 227226.417    0  606 227604.500 227226.417  0.17%     -    2s
     0     0 227232.750    0  815 227604.500 227232.750  0.16%     -    2s
     0     0 227234.750    0  839 227604.500 227234.750  0.16%     -    2s
     0     0 227234.750    0  802 227604.500 227234.750  0.16%     -    2s
     0     0 227234.750    0  836 227604.500 227234.750  0.16%     -    2s
     0     0 227234.750    0  836 227604.500 227234.750  0.16%     -    2s
     0     0 227240.083    0  777 227604.500 227240.083  0.16%     -    2s
     0     0 227242.550    0  878 227604.500 227242.550  0.16%     -    2s
     0     0 227242.667    0  828 227604.500 227242.667  0.16%     -    2s
     0     0 227242.667    0  895 227604.500 227242.667  0.16%     -    2s
     0     0 227243.417    0  886 227604.500 227243.417  0.16%     -    2s
     0     0 227243.417    0  877 227604.500 227243.417  0.16%     -    2s
     0     0 227243.500    0  821 227604.500 227243.500  0.16%     -    2s
     0     0 227243.500    0  821 227604.500 227243.500  0.16%     -    2s
     0     0 227243.500    0  597 227604.500 227243.500  0.16%     -    3s
     0     2 227243.500    0  596 227604.500 227243.500  0.16%     -    3s
   213    89     cutoff   14      227604.500 227322.436  0.12%   377    6s
   576   171 227385.500    6  701 227604.500 227362.034  0.11%   320   10s
   841   211 227461.167   11  331 227604.500 227382.167  0.10%   298   15s
  2703   556 227566.667   17  467 227604.500 227447.000  0.07%   264   20s

Cutting planes:
  Gomory: 2
  Lift-and-project: 3
  Implied bound: 2
  MIR: 10
  Zero half: 33
  RLT: 42
  BQP: 82

Explored 3786 nodes (945255 simplex iterations) in 21.30 seconds (44.12 work units)
Thread count was 10 (of 10 available processors)

Solution count 1: 227604 

Optimal solution found (tolerance 1.00e-04)
Best objective 2.276045000000e+05, best bound 2.276045000000e+05, gap 0.0000%
Solução ótima encontrada.
Set parameter TimeLimit to value 25200
Set parameter TimeLimit to value 600
Gurobi Optimizer version 10.0.2 build v10.0.2rc0 (mac64[arm])

CPU model: Apple M5
Thread count: 10 physical cores, 10 logical processors, using up to 10 threads

Optimize a model with 548706 rows, 284763 columns and 1341935 nonzeros
Model fingerprint: 0x17b23a40
Variable types: 0 continuous, 284763 integer (264707 binary)
Coefficient statistics:
  Matrix range     [1e+00, 8e+01]
  Objective range  [5e-01, 2e+03]
  Bounds range     [1e+00, 1e+00]
  RHS range        [1e+00, 1e+02]

User MIP start produced solution with objective 227604 (0.11s)
Loaded user MIP start with objective 227604
MIP start from previous solve did not produce a new incumbent solution

Presolve removed 529741 rows and 269805 columns
Presolve time: 0.22s
Presolved: 18965 rows, 14958 columns, 54393 nonzeros
Variable types: 0 continuous, 14958 integer (14958 binary)

Root relaxation: objective 2.273041e+05, 13552 iterations, 0.34 seconds (0.79 work units)

    Nodes    |    Current Node    |     Objective Bounds      |     Work
 Expl Unexpl |  Obj  Depth IntInf | Incumbent    BestBd   Gap | It/Node Time

     0     0 227304.108    0 1153 227604.500 227304.108  0.13%     -    0s
     0     0 227308.222    0  992 227604.500 227308.222  0.13%     -    0s
     0     0 227308.222    0  992 227604.500 227308.222  0.13%     -    1s
     0     0 227308.286    0  947 227604.500 227308.286  0.13%     -    1s
     0     0 227308.286    0  947 227604.500 227308.286  0.13%     -    1s
     0     0 227352.325    0 1144 227604.500 227352.325  0.11%     -    2s
     0     0 227352.325    0 1139 227604.500 227352.325  0.11%     -    2s
     0     0 227363.375    0 1181 227604.500 227363.375  0.11%     -    2s
     0     0 227363.386    0 1140 227604.500 227363.386  0.11%     -    2s
     0     0 227363.796    0 1119 227604.500 227363.796  0.11%     -    2s
     0     0 227363.983    0 1133 227604.500 227363.983  0.11%     -    2s
     0     0 227363.986    0 1094 227604.500 227363.986  0.11%     -    2s
     0     0 227394.029    0 1327 227604.500 227394.029  0.09%     -    2s
     0     0 227402.890    0 1230 227604.500 227402.890  0.09%     -    2s
     0     0 227402.890    0 1262 227604.500 227402.890  0.09%     -    2s
     0     0 227405.228    0 1279 227604.500 227405.228  0.09%     -    2s
     0     0 227405.293    0 1274 227604.500 227405.293  0.09%     -    2s
     0     0 227405.995    0 1234 227604.500 227405.995  0.09%     -    2s
     0     0 227406.309    0 1218 227604.500 227406.309  0.09%     -    2s
     0     0 227406.309    0 1217 227604.500 227406.309  0.09%     -    2s
     0     0 227424.897    0 1145 227604.500 227424.897  0.08%     -    3s
     0     0 227424.897    0 1129 227604.500 227424.897  0.08%     -    3s
     0     0 227429.502    0 1209 227604.500 227429.502  0.08%     -    3s
     0     0 227430.594    0 1285 227604.500 227430.594  0.08%     -    3s
     0     0 227432.181    0 1227 227604.500 227432.181  0.08%     -    3s
     0     0 227433.373    0 1515 227604.500 227433.373  0.08%     -    3s
     0     0 227433.435    0 1402 227604.500 227433.435  0.08%     -    3s
     0     0 227433.522    0 1310 227604.500 227433.522  0.08%     -    3s
     0     0 227433.611    0 1300 227604.500 227433.611  0.08%     -    3s
     0     0 227433.611    0 1301 227604.500 227433.611  0.08%     -    3s
     0     0 227449.066    0 1350 227604.500 227449.066  0.07%     -    3s
     0     0 227449.066    0  712 227604.500 227449.066  0.07%     -    4s
     0     0 227450.236    0  716 227604.500 227450.236  0.07%     -    4s
     0     0 227472.559    0  761 227604.500 227472.559  0.06%     -    4s
     0     0 227484.838    0  697 227604.500 227484.838  0.05%     -    4s
     0     0 227484.838    0  698 227604.500 227484.838  0.05%     -    4s
     0     0 227486.018    0  705 227604.500 227486.018  0.05%     -    4s
     0     0 227486.167    0  694 227604.500 227486.167  0.05%     -    4s
     0     0 227513.204    0  950 227604.500 227513.204  0.04%     -    4s
     0     0 227520.845    0  972 227604.500 227520.845  0.04%     -    4s
     0     0 227521.296    0  967 227604.500 227521.296  0.04%     -    4s
     0     0 227521.322    0  969 227604.500 227521.322  0.04%     -    4s
     0     0 227521.325    0  973 227604.500 227521.325  0.04%     -    4s
     0     0 227526.750    0  855 227604.500 227526.750  0.03%     -    4s
     0     0 227526.750    0  251 227604.500 227526.750  0.03%     -    4s
     0     0 227526.750    0  384 227604.500 227526.750  0.03%     -    4s
     0     0 227526.750    0  369 227604.500 227526.750  0.03%     -    5s
     0     0 227526.750    0  400 227604.500 227526.750  0.03%     -    5s
     0     0 227526.750    0  451 227604.500 227526.750  0.03%     -    5s
     0     0 227526.750    0  451 227604.500 227526.750  0.03%     -    5s
     0     0 227526.750    0  462 227604.500 227526.750  0.03%     -    5s
     0     0 227526.750    0  462 227604.500 227526.750  0.03%     -    5s
     0     0 227526.750    0  457 227604.500 227526.750  0.03%     -    5s
     0     0 227526.750    0  473 227604.500 227526.750  0.03%     -    5s
     0     0 227526.750    0  471 227604.500 227526.750  0.03%     -    5s
     0     0 227534.974    0  474 227604.500 227534.974  0.03%     -    5s
     0     0 227534.974    0  473 227604.500 227534.974  0.03%     -    5s
     0     0 227536.596    0  462 227604.500 227536.596  0.03%     -    5s
     0     0 227538.054    0  455 227604.500 227538.054  0.03%     -    5s
     0     0 227538.096    0  463 227604.500 227538.096  0.03%     -    5s
     0     0 227538.107    0  461 227604.500 227538.107  0.03%     -    5s
     0     0 227540.435    0  488 227604.500 227540.435  0.03%     -    5s
     0     0 227576.029    0  471 227604.500 227576.029  0.01%     -    5s
     0     0 227576.029    0  513 227604.500 227576.029  0.01%     -    5s
     0     0 227576.029    0  477 227604.500 227576.029  0.01%     -    5s
     0     0 227576.029    0  460 227604.500 227576.029  0.01%     -    5s
     0     0 227576.029    0  467 227604.500 227576.029  0.01%     -    5s
     0     0 227576.029    0  467 227604.500 227576.029  0.01%     -    5s
     0     0 227576.029    0  481 227604.500 227576.029  0.01%     -    5s

Cutting planes:
  Gomory: 4
  Cover: 3
  Implied bound: 2
  Clique: 6
  MIR: 4
  Zero half: 13
  RLT: 131
  BQP: 98

Explored 1 nodes (85070 simplex iterations) in 5.30 seconds (10.71 work units)
Thread count was 10 (of 10 available processors)

Solution count 1: 227604 

Optimal solution found (tolerance 1.00e-04)
Best objective 2.276045000000e+05, best bound 2.275850000000e+05, gap 0.0086%
Solução ótima encontrada.
Set parameter TimeLimit to value 25200
Set parameter TimeLimit to value 600
Gurobi Optimizer version 10.0.2 build v10.0.2rc0 (mac64[arm])

CPU model: Apple M5
Thread count: 10 physical cores, 10 logical processors, using up to 10 threads

Optimize a model with 548706 rows, 284763 columns and 1341935 nonzeros
Model fingerprint: 0x2a912a1b
Variable types: 0 continuous, 284763 integer (264707 binary)
Coefficient statistics:
  Matrix range     [1e+00, 8e+01]
  Objective range  [5e-01, 2e+03]
  Bounds range     [1e+00, 1e+00]
  RHS range        [1e+00, 1e+02]

User MIP start produced solution with objective 227604 (0.11s)
Loaded user MIP start with objective 227604
MIP start from previous solve did not produce a new incumbent solution

Presolve removed 543591 rows and 280390 columns
Presolve time: 0.16s
Presolved: 5115 rows, 4373 columns, 14527 nonzeros
Variable types: 0 continuous, 4373 integer (4373 binary)

Root relaxation: objective 2.271424e+05, 1894 iterations, 0.02 seconds (0.04 work units)

    Nodes    |    Current Node    |     Objective Bounds      |     Work
 Expl Unexpl |  Obj  Depth IntInf | Incumbent    BestBd   Gap | It/Node Time

     0     0 227142.367    0  350 227604.500 227142.367  0.20%     -    0s
     0     0 227142.367    0  372 227604.500 227142.367  0.20%     -    0s
     0     0 227145.625    0  374 227604.500 227145.625  0.20%     -    0s
     0     0 227262.267    0  375 227604.500 227262.267  0.15%     -    0s
     0     0 227264.967    0  326 227604.500 227264.967  0.15%     -    0s
     0     0 227379.571    0  278 227604.500 227379.571  0.10%     -    0s
     0     0 227379.571    0  275 227604.500 227379.571  0.10%     -    0s
     0     0 227380.429    0  264 227604.500 227380.429  0.10%     -    0s
     0     0 227383.750    0  264 227604.500 227383.750  0.10%     -    0s
     0     0 227385.000    0  231 227604.500 227385.000  0.10%     -    0s
     0     0 227385.033    0  358 227604.500 227385.033  0.10%     -    0s
     0     0 227385.067    0  316 227604.500 227385.067  0.10%     -    0s
     0     0 227386.075    0  331 227604.500 227386.075  0.10%     -    0s
     0     0 227457.155    0  379 227604.500 227457.155  0.06%     -    0s
     0     0 227457.155    0  104 227604.500 227457.155  0.06%     -    0s
     0     0 227464.500    0   58 227604.500 227464.500  0.06%     -    0s
     0     0 227470.125    0  105 227604.500 227470.125  0.06%     -    0s
     0     0 227470.125    0  106 227604.500 227470.125  0.06%     -    0s
     0     0 227470.500    0  104 227604.500 227470.500  0.06%     -    0s
     0     0 227470.500    0  102 227604.500 227470.500  0.06%     -    0s
     0     0 227472.889    0  145 227604.500 227472.889  0.06%     -    0s
     0     0 227472.905    0  126 227604.500 227472.905  0.06%     -    0s
     0     0 227472.992    0  146 227604.500 227472.992  0.06%     -    0s
     0     2 227473.056    0  142 227604.500 227473.056  0.06%     -    0s

Cutting planes:
  Gomory: 3
  Lift-and-project: 4
  Clique: 4
  MIR: 1
  Zero half: 4
  RLT: 22
  BQP: 85

Explored 5 nodes (8925 simplex iterations) in 0.65 seconds (1.48 work units)
Thread count was 10 (of 10 available processors)

Solution count 1: 227604 

Optimal solution found (tolerance 1.00e-04)
Best objective 2.276045000000e+05, best bound 2.276045000000e+05, gap 0.0000%
Solução ótima encontrada.
RESULTADO_JSON={"arquivo_log_csv": "resultados/experimentos/ordem_cursos_3s/historico_aleatoria_seed42.csv", "arquivo_log_json": "resultados/experimentos/ordem_cursos_3s/historico_aleatoria_seed42.json", "arquivo_melhor_solucao": "resultados/experimentos/ordem_cursos_3s/melhor_aleatoria_seed42.sol", "etapa": "fix_and_optimize_cursos", "ganho_absoluto": 3036720.5, "historico": [{"ciclo": 1, "curso": "GEO", "disciplinas_livres": 10, "iteracao": 1, "melhorou": true, "objetivo_anterior": 3264325.0, "objetivo_candidato": 3228742.0, "objetivo_incumbente": 3228742.0, "ordem_cursos": "aleatoria", "passada": 1, "posicao_ordem_curso": 1, "recurso": "GEO", "seed_ordem_cursos": 42, "status_solver": "OPTIMAL", "tempo_gasto_s": 0.51, "tempo_limite_subproblema_s": 600.0, "tempo_solver_s": 0.31, "variaveis_x_fixadas": 92920, "variaveis_x_livres": 2070, "vizinhanca": "curso"}, {"ciclo": 1, "curso": "FIL", "disciplinas_livres": 15, "iteracao": 2, "melhorou": true, "objetivo_anterior": 3228742.0, "objetivo_candidato": 3148270.0, "objetivo_incumbente": 3148270.0, "ordem_cursos": "aleatoria", "passada": 1, "posicao_ordem_curso": 2, "recurso": "FIL", "seed_ordem_cursos": 42, "status_solver": "OPTIMAL", "tempo_gasto_s": 0.59, "tempo_limite_subproblema_s": 600.0, "tempo_solver_s": 0.29, "variaveis_x_fixadas": 92230, "variaveis_x_livres": 2760, "vizinhanca": "curso"}, {"ciclo": 1, "curso": "CC", "disciplinas_livres": 47, "iteracao": 3, "melhorou": true, "objetivo_anterior": 3148270.0, "objetivo_candidato": 2711477.5, "objetivo_incumbente": 2711477.5, "ordem_cursos": "aleatoria", "passada": 1, "posicao_ordem_curso": 3, "recurso": "CC", "seed_ordem_cursos": 42, "status_solver": "OPTIMAL", "tempo_gasto_s": 2.41, "tempo_limite_subproblema_s": 600.0, "tempo_solver_s": 2.11, "variaveis_x_fixadas": 84456, "variaveis_x_livres": 10534, "vizinhanca": "curso"}, {"ciclo": 1, "curso": "LET", "disciplinas_livres": 36, "iteracao": 4, "melhorou": true, "objetivo_anterior": 2711477.5, "objetivo_candidato": 2433985.0, "objetivo_incumbente": 2433985.0, "ordem_cursos": "aleatoria", "passada": 1, "posicao_ordem_curso": 4, "recurso": "LET", "seed_ordem_cursos": 42, "status_solver": "OPTIMAL", "tempo_gasto_s": 7.79, "tempo_limite_subproblema_s": 600.0, "tempo_solver_s": 7.49, "variaveis_x_fixadas": 85836, "variaveis_x_livres": 9154, "vizinhanca": "curso"}, {"ciclo": 1, "curso": "PED", "disciplinas_livres": 56, "iteracao": 5, "melhorou": true, "objetivo_anterior": 2433985.0, "objetivo_candidato": 2009488.5, "objetivo_incumbente": 2009488.5, "ordem_cursos": "aleatoria", "passada": 1, "posicao_ordem_curso": 5, "recurso": "PED", "seed_ordem_cursos": 42, "status_solver": "TIME_LIMIT", "tempo_gasto_s": 600.48, "tempo_limite_subproblema_s": 600.0, "tempo_solver_s": 600.17, "variaveis_x_fixadas": 82202, "variaveis_x_livres": 12788, "vizinhanca": "curso"}, {"ciclo": 1, "curso": "ENF", "disciplinas_livres": 18, "iteracao": 6, "melhorou": true, "objetivo_anterior": 2009488.5, "objetivo_candidato": 1711266.5, "objetivo_incumbente": 1711266.5, "ordem_cursos": "aleatoria", "passada": 1, "posicao_ordem_curso": 6, "recurso": "ENF", "seed_ordem_cursos": 42, "status_solver": "OPTIMAL", "tempo_gasto_s": 6.1, "tempo_limite_subproblema_s": 600.0, "tempo_solver_s": 5.73, "variaveis_x_fixadas": 86480, "variaveis_x_livres": 8510, "vizinhanca": "curso"}, {"ciclo": 1, "curso": "MED", "disciplinas_livres": 41, "iteracao": 7, "melhorou": true, "objetivo_anterior": 1711266.5, "objetivo_candidato": 1423662.5, "objetivo_incumbente": 1423662.5, "ordem_cursos": "aleatoria", "passada": 1, "posicao_ordem_curso": 7, "recurso": "MED", "seed_ordem_cursos": 42, "status_solver": "OPTIMAL", "tempo_gasto_s": 3.32, "tempo_limite_subproblema_s": 600.0, "tempo_solver_s": 3.01, "variaveis_x_fixadas": 85606, "variaveis_x_livres": 9384, "vizinhanca": "curso"}, {"ciclo": 1, "curso": "HIS", "disciplinas_livres": 24, "iteracao": 8, "melhorou": true, "objetivo_anterior": 1423662.5, "objetivo_candidato": 1283212.5, "objetivo_incumbente": 1283212.5, "ordem_cursos": "aleatoria", "passada": 1, "posicao_ordem_curso": 8, "recurso": "HIS", "seed_ordem_cursos": 42, "status_solver": "OPTIMAL", "tempo_gasto_s": 0.67, "tempo_limite_subproblema_s": 600.0, "tempo_solver_s": 0.34, "variaveis_x_fixadas": 90206, "variaveis_x_livres": 4784, "vizinhanca": "curso"}, {"ciclo": 1, "curso": "CS", "disciplinas_livres": 22, "iteracao": 9, "melhorou": true, "objetivo_anterior": 1283212.5, "objetivo_candidato": 1159424.5, "objetivo_incumbente": 1159424.5, "ordem_cursos": "aleatoria", "passada": 1, "posicao_ordem_curso": 9, "recurso": "CS", "seed_ordem_cursos": 42, "status_solver": "OPTIMAL", "tempo_gasto_s": 0.71, "tempo_limite_subproblema_s": 600.0, "tempo_solver_s": 0.37, "variaveis_x_fixadas": 90436, "variaveis_x_livres": 4554, "vizinhanca": "curso"}, {"ciclo": 1, "curso": "EAS", "disciplinas_livres": 45, "iteracao": 10, "melhorou": true, "objetivo_anterior": 1159424.5, "objetivo_candidato": 984799.5, "objetivo_incumbente": 984799.5, "ordem_cursos": "aleatoria", "passada": 1, "posicao_ordem_curso": 10, "recurso": "EAS", "seed_ordem_cursos": 42, "status_solver": "OPTIMAL", "tempo_gasto_s": 0.97, "tempo_limite_subproblema_s": 600.0, "tempo_solver_s": 0.64, "variaveis_x_fixadas": 87538, "variaveis_x_livres": 7452, "vizinhanca": "curso"}, {"ciclo": 1, "curso": "ADM", "disciplinas_livres": 48, "iteracao": 11, "melhorou": true, "objetivo_anterior": 984799.5, "objetivo_candidato": 659915.0, "objetivo_incumbente": 659915.0, "ordem_cursos": "aleatoria", "passada": 1, "posicao_ordem_curso": 11, "recurso": "ADM", "seed_ordem_cursos": 42, "status_solver": "OPTIMAL", "tempo_gasto_s": 34.58, "tempo_limite_subproblema_s": 600.0, "tempo_solver_s": 34.27, "variaveis_x_fixadas": 85698, "variaveis_x_livres": 9292, "vizinhanca": "curso"}, {"ciclo": 1, "curso": "AGRO", "disciplinas_livres": 51, "iteracao": 12, "melhorou": true, "objetivo_anterior": 659915.0, "objetivo_candidato": 380239.0, "objetivo_incumbente": 380239.0, "ordem_cursos": "aleatoria", "passada": 1, "posicao_ordem_curso": 12, "recurso": "AGRO", "seed_ordem_cursos": 42, "status_solver": "OPTIMAL", "tempo_gasto_s": 8.94, "tempo_limite_subproblema_s": 600.0, "tempo_solver_s": 8.61, "variaveis_x_fixadas": 86250, "variaveis_x_livres": 8740, "vizinhanca": "curso"}, {"ciclo": 1, "curso": "MAT", "disciplinas_livres": 23, "iteracao": 13, "melhorou": true, "objetivo_anterior": 380239.0, "objetivo_candidato": 227682.5, "objetivo_incumbente": 227682.5, "ordem_cursos": "aleatoria", "passada": 1, "posicao_ordem_curso": 13, "recurso": "MAT", "seed_ordem_cursos": 42, "status_solver": "OPTIMAL", "tempo_gasto_s": 1.99, "tempo_limite_subproblema_s": 600.0, "tempo_solver_s": 1.65, "variaveis_x_fixadas": 90022, "variaveis_x_livres": 4968, "vizinhanca": "curso"}, {"ciclo": 1, "curso": "GEO", "disciplinas_livres": 10, "iteracao": 1, "melhorou": false, "objetivo_anterior": 227682.5, "objetivo_candidato": 227682.5, "objetivo_incumbente": 227682.5, "ordem_cursos": "aleatoria", "passada": 2, "posicao_ordem_curso": 1, "recurso": "GEO", "seed_ordem_cursos": 42, "status_solver": "OPTIMAL", "tempo_gasto_s": 0.62, "tempo_limite_subproblema_s": 600.0, "tempo_solver_s": 0.28, "variaveis_x_fixadas": 92920, "variaveis_x_livres": 2070, "vizinhanca": "curso"}, {"ciclo": 1, "curso": "FIL", "disciplinas_livres": 15, "iteracao": 2, "melhorou": false, "objetivo_anterior": 227682.5, "objetivo_candidato": 227682.5, "objetivo_incumbente": 227682.5, "ordem_cursos": "aleatoria", "passada": 2, "posicao_ordem_curso": 2, "recurso": "FIL", "seed_ordem_cursos": 42, "status_solver": "OPTIMAL", "tempo_gasto_s": 0.59, "tempo_limite_subproblema_s": 600.0, "tempo_solver_s": 0.26, "variaveis_x_fixadas": 92230, "variaveis_x_livres": 2760, "vizinhanca": "curso"}, {"ciclo": 1, "curso": "CC", "disciplinas_livres": 47, "iteracao": 3, "melhorou": true, "objetivo_anterior": 227682.5, "objetivo_candidato": 227672.5, "objetivo_incumbente": 227672.5, "ordem_cursos": "aleatoria", "passada": 2, "posicao_ordem_curso": 3, "recurso": "CC", "seed_ordem_cursos": 42, "status_solver": "OPTIMAL", "tempo_gasto_s": 1.6, "tempo_limite_subproblema_s": 600.0, "tempo_solver_s": 1.28, "variaveis_x_fixadas": 84456, "variaveis_x_livres": 10534, "vizinhanca": "curso"}, {"ciclo": 1, "curso": "LET", "disciplinas_livres": 36, "iteracao": 4, "melhorou": false, "objetivo_anterior": 227672.5, "objetivo_candidato": 227672.5, "objetivo_incumbente": 227672.5, "ordem_cursos": "aleatoria", "passada": 2, "posicao_ordem_curso": 4, "recurso": "LET", "seed_ordem_cursos": 42, "status_solver": "OPTIMAL", "tempo_gasto_s": 1.14, "tempo_limite_subproblema_s": 600.0, "tempo_solver_s": 0.82, "variaveis_x_fixadas": 85836, "variaveis_x_livres": 9154, "vizinhanca": "curso"}, {"ciclo": 1, "curso": "PED", "disciplinas_livres": 56, "iteracao": 5, "melhorou": false, "objetivo_anterior": 227672.5, "objetivo_candidato": 227672.5, "objetivo_incumbente": 227672.5, "ordem_cursos": "aleatoria", "passada": 2, "posicao_ordem_curso": 5, "recurso": "PED", "seed_ordem_cursos": 42, "status_solver": "OPTIMAL", "tempo_gasto_s": 62.63, "tempo_limite_subproblema_s": 600.0, "tempo_solver_s": 62.32, "variaveis_x_fixadas": 82202, "variaveis_x_livres": 12788, "vizinhanca": "curso"}, {"ciclo": 1, "curso": "ENF", "disciplinas_livres": 18, "iteracao": 6, "melhorou": false, "objetivo_anterior": 227672.5, "objetivo_candidato": 227672.5, "objetivo_incumbente": 227672.5, "ordem_cursos": "aleatoria", "passada": 2, "posicao_ordem_curso": 6, "recurso": "ENF", "seed_ordem_cursos": 42, "status_solver": "OPTIMAL", "tempo_gasto_s": 2.66, "tempo_limite_subproblema_s": 600.0, "tempo_solver_s": 2.34, "variaveis_x_fixadas": 86480, "variaveis_x_livres": 8510, "vizinhanca": "curso"}, {"ciclo": 1, "curso": "MED", "disciplinas_livres": 41, "iteracao": 7, "melhorou": false, "objetivo_anterior": 227672.5, "objetivo_candidato": 227672.5, "objetivo_incumbente": 227672.5, "ordem_cursos": "aleatoria", "passada": 2, "posicao_ordem_curso": 7, "recurso": "MED", "seed_ordem_cursos": 42, "status_solver": "OPTIMAL", "tempo_gasto_s": 1.22, "tempo_limite_subproblema_s": 600.0, "tempo_solver_s": 0.89, "variaveis_x_fixadas": 85606, "variaveis_x_livres": 9384, "vizinhanca": "curso"}, {"ciclo": 1, "curso": "HIS", "disciplinas_livres": 24, "iteracao": 8, "melhorou": false, "objetivo_anterior": 227672.5, "objetivo_candidato": 227672.5, "objetivo_incumbente": 227672.5, "ordem_cursos": "aleatoria", "passada": 2, "posicao_ordem_curso": 8, "recurso": "HIS", "seed_ordem_cursos": 42, "status_solver": "OPTIMAL", "tempo_gasto_s": 0.65, "tempo_limite_subproblema_s": 600.0, "tempo_solver_s": 0.32, "variaveis_x_fixadas": 90206, "variaveis_x_livres": 4784, "vizinhanca": "curso"}, {"ciclo": 1, "curso": "CS", "disciplinas_livres": 22, "iteracao": 9, "melhorou": true, "objetivo_anterior": 227672.5, "objetivo_candidato": 227609.5, "objetivo_incumbente": 227609.5, "ordem_cursos": "aleatoria", "passada": 2, "posicao_ordem_curso": 9, "recurso": "CS", "seed_ordem_cursos": 42, "status_solver": "OPTIMAL", "tempo_gasto_s": 0.65, "tempo_limite_subproblema_s": 600.0, "tempo_solver_s": 0.33, "variaveis_x_fixadas": 90436, "variaveis_x_livres": 4554, "vizinhanca": "curso"}, {"ciclo": 1, "curso": "EAS", "disciplinas_livres": 45, "iteracao": 10, "melhorou": false, "objetivo_anterior": 227609.5, "objetivo_candidato": 227609.5, "objetivo_incumbente": 227609.5, "ordem_cursos": "aleatoria", "passada": 2, "posicao_ordem_curso": 10, "recurso": "EAS", "seed_ordem_cursos": 42, "status_solver": "OPTIMAL", "tempo_gasto_s": 0.65, "tempo_limite_subproblema_s": 600.0, "tempo_solver_s": 0.34, "variaveis_x_fixadas": 87538, "variaveis_x_livres": 7452, "vizinhanca": "curso"}, {"ciclo": 1, "curso": "ADM", "disciplinas_livres": 48, "iteracao": 11, "melhorou": false, "objetivo_anterior": 227609.5, "objetivo_candidato": 227609.5, "objetivo_incumbente": 227609.5, "ordem_cursos": "aleatoria", "passada": 2, "posicao_ordem_curso": 11, "recurso": "ADM", "seed_ordem_cursos": 42, "status_solver": "OPTIMAL", "tempo_gasto_s": 20.65, "tempo_limite_subproblema_s": 600.0, "tempo_solver_s": 20.33, "variaveis_x_fixadas": 85698, "variaveis_x_livres": 9292, "vizinhanca": "curso"}, {"ciclo": 1, "curso": "AGRO", "disciplinas_livres": 51, "iteracao": 12, "melhorou": true, "objetivo_anterior": 227609.5, "objetivo_candidato": 227604.5, "objetivo_incumbente": 227604.5, "ordem_cursos": "aleatoria", "passada": 2, "posicao_ordem_curso": 12, "recurso": "AGRO", "seed_ordem_cursos": 42, "status_solver": "OPTIMAL", "tempo_gasto_s": 4.82, "tempo_limite_subproblema_s": 600.0, "tempo_solver_s": 4.49, "variaveis_x_fixadas": 86250, "variaveis_x_livres": 8740, "vizinhanca": "curso"}, {"ciclo": 1, "curso": "MAT", "disciplinas_livres": 23, "iteracao": 13, "melhorou": false, "objetivo_anterior": 227604.5, "objetivo_candidato": 227604.5, "objetivo_incumbente": 227604.5, "ordem_cursos": "aleatoria", "passada": 2, "posicao_ordem_curso": 13, "recurso": "MAT", "seed_ordem_cursos": 42, "status_solver": "OPTIMAL", "tempo_gasto_s": 1.03, "tempo_limite_subproblema_s": 600.0, "tempo_solver_s": 0.69, "variaveis_x_fixadas": 90022, "variaveis_x_livres": 4968, "vizinhanca": "curso"}, {"ciclo": 1, "curso": "GEO", "disciplinas_livres": 10, "iteracao": 1, "melhorou": false, "objetivo_anterior": 227604.5, "objetivo_candidato": 227604.5, "objetivo_incumbente": 227604.5, "ordem_cursos": "aleatoria", "passada": 3, "posicao_ordem_curso": 1, "recurso": "GEO", "seed_ordem_cursos": 42, "status_solver": "OPTIMAL", "tempo_gasto_s": 0.62, "tempo_limite_subproblema_s": 600.0, "tempo_solver_s": 0.28, "variaveis_x_fixadas": 92920, "variaveis_x_livres": 2070, "vizinhanca": "curso"}, {"ciclo": 1, "curso": "FIL", "disciplinas_livres": 15, "iteracao": 2, "melhorou": false, "objetivo_anterior": 227604.5, "objetivo_candidato": 227604.5, "objetivo_incumbente": 227604.5, "ordem_cursos": "aleatoria", "passada": 3, "posicao_ordem_curso": 2, "recurso": "FIL", "seed_ordem_cursos": 42, "status_solver": "OPTIMAL", "tempo_gasto_s": 0.59, "tempo_limite_subproblema_s": 600.0, "tempo_solver_s": 0.27, "variaveis_x_fixadas": 92230, "variaveis_x_livres": 2760, "vizinhanca": "curso"}, {"ciclo": 1, "curso": "CC", "disciplinas_livres": 47, "iteracao": 3, "melhorou": false, "objetivo_anterior": 227604.5, "objetivo_candidato": 227604.5, "objetivo_incumbente": 227604.5, "ordem_cursos": "aleatoria", "passada": 3, "posicao_ordem_curso": 3, "recurso": "CC", "seed_ordem_cursos": 42, "status_solver": "OPTIMAL", "tempo_gasto_s": 1.48, "tempo_limite_subproblema_s": 600.0, "tempo_solver_s": 1.17, "variaveis_x_fixadas": 84456, "variaveis_x_livres": 10534, "vizinhanca": "curso"}, {"ciclo": 1, "curso": "LET", "disciplinas_livres": 36, "iteracao": 4, "melhorou": false, "objetivo_anterior": 227604.5, "objetivo_candidato": 227604.5, "objetivo_incumbente": 227604.5, "ordem_cursos": "aleatoria", "passada": 3, "posicao_ordem_curso": 4, "recurso": "LET", "seed_ordem_cursos": 42, "status_solver": "OPTIMAL", "tempo_gasto_s": 1.36, "tempo_limite_subproblema_s": 600.0, "tempo_solver_s": 1.04, "variaveis_x_fixadas": 85836, "variaveis_x_livres": 9154, "vizinhanca": "curso"}, {"ciclo": 1, "curso": "PED", "disciplinas_livres": 56, "iteracao": 5, "melhorou": false, "objetivo_anterior": 227604.5, "objetivo_candidato": 227604.5, "objetivo_incumbente": 227604.5, "ordem_cursos": "aleatoria", "passada": 3, "posicao_ordem_curso": 5, "recurso": "PED", "seed_ordem_cursos": 42, "status_solver": "OPTIMAL", "tempo_gasto_s": 12.68, "tempo_limite_subproblema_s": 600.0, "tempo_solver_s": 12.38, "variaveis_x_fixadas": 82202, "variaveis_x_livres": 12788, "vizinhanca": "curso"}, {"ciclo": 1, "curso": "ENF", "disciplinas_livres": 18, "iteracao": 6, "melhorou": false, "objetivo_anterior": 227604.5, "objetivo_candidato": 227604.5, "objetivo_incumbente": 227604.5, "ordem_cursos": "aleatoria", "passada": 3, "posicao_ordem_curso": 6, "recurso": "ENF", "seed_ordem_cursos": 42, "status_solver": "OPTIMAL", "tempo_gasto_s": 2.65, "tempo_limite_subproblema_s": 600.0, "tempo_solver_s": 2.33, "variaveis_x_fixadas": 86480, "variaveis_x_livres": 8510, "vizinhanca": "curso"}, {"ciclo": 1, "curso": "MED", "disciplinas_livres": 41, "iteracao": 7, "melhorou": false, "objetivo_anterior": 227604.5, "objetivo_candidato": 227604.5, "objetivo_incumbente": 227604.5, "ordem_cursos": "aleatoria", "passada": 3, "posicao_ordem_curso": 7, "recurso": "MED", "seed_ordem_cursos": 42, "status_solver": "OPTIMAL", "tempo_gasto_s": 1.16, "tempo_limite_subproblema_s": 600.0, "tempo_solver_s": 0.85, "variaveis_x_fixadas": 85606, "variaveis_x_livres": 9384, "vizinhanca": "curso"}, {"ciclo": 1, "curso": "HIS", "disciplinas_livres": 24, "iteracao": 8, "melhorou": false, "objetivo_anterior": 227604.5, "objetivo_candidato": 227604.5, "objetivo_incumbente": 227604.5, "ordem_cursos": "aleatoria", "passada": 3, "posicao_ordem_curso": 8, "recurso": "HIS", "seed_ordem_cursos": 42, "status_solver": "OPTIMAL", "tempo_gasto_s": 0.65, "tempo_limite_subproblema_s": 600.0, "tempo_solver_s": 0.32, "variaveis_x_fixadas": 90206, "variaveis_x_livres": 4784, "vizinhanca": "curso"}, {"ciclo": 1, "curso": "CS", "disciplinas_livres": 22, "iteracao": 9, "melhorou": false, "objetivo_anterior": 227604.5, "objetivo_candidato": 227604.5, "objetivo_incumbente": 227604.5, "ordem_cursos": "aleatoria", "passada": 3, "posicao_ordem_curso": 9, "recurso": "CS", "seed_ordem_cursos": 42, "status_solver": "OPTIMAL", "tempo_gasto_s": 0.63, "tempo_limite_subproblema_s": 600.0, "tempo_solver_s": 0.31, "variaveis_x_fixadas": 90436, "variaveis_x_livres": 4554, "vizinhanca": "curso"}, {"ciclo": 1, "curso": "EAS", "disciplinas_livres": 45, "iteracao": 10, "melhorou": false, "objetivo_anterior": 227604.5, "objetivo_candidato": 227604.5, "objetivo_incumbente": 227604.5, "ordem_cursos": "aleatoria", "passada": 3, "posicao_ordem_curso": 10, "recurso": "EAS", "seed_ordem_cursos": 42, "status_solver": "OPTIMAL", "tempo_gasto_s": 0.65, "tempo_limite_subproblema_s": 600.0, "tempo_solver_s": 0.33, "variaveis_x_fixadas": 87538, "variaveis_x_livres": 7452, "vizinhanca": "curso"}, {"ciclo": 1, "curso": "ADM", "disciplinas_livres": 48, "iteracao": 11, "melhorou": false, "objetivo_anterior": 227604.5, "objetivo_candidato": 227604.5, "objetivo_incumbente": 227604.5, "ordem_cursos": "aleatoria", "passada": 3, "posicao_ordem_curso": 11, "recurso": "ADM", "seed_ordem_cursos": 42, "status_solver": "OPTIMAL", "tempo_gasto_s": 21.63, "tempo_limite_subproblema_s": 600.0, "tempo_solver_s": 21.31, "variaveis_x_fixadas": 85698, "variaveis_x_livres": 9292, "vizinhanca": "curso"}, {"ciclo": 1, "curso": "AGRO", "disciplinas_livres": 51, "iteracao": 12, "melhorou": false, "objetivo_anterior": 227604.5, "objetivo_candidato": 227604.5, "objetivo_incumbente": 227604.5, "ordem_cursos": "aleatoria", "passada": 3, "posicao_ordem_curso": 12, "recurso": "AGRO", "seed_ordem_cursos": 42, "status_solver": "OPTIMAL", "tempo_gasto_s": 5.64, "tempo_limite_subproblema_s": 600.0, "tempo_solver_s": 5.31, "variaveis_x_fixadas": 86250, "variaveis_x_livres": 8740, "vizinhanca": "curso"}, {"ciclo": 1, "curso": "MAT", "disciplinas_livres": 23, "iteracao": 13, "melhorou": false, "objetivo_anterior": 227604.5, "objetivo_candidato": 227604.5, "objetivo_incumbente": 227604.5, "ordem_cursos": "aleatoria", "passada": 3, "posicao_ordem_curso": 13, "recurso": "MAT", "seed_ordem_cursos": 42, "status_solver": "OPTIMAL", "tempo_gasto_s": 0.98, "tempo_limite_subproblema_s": 600.0, "tempo_solver_s": 0.65, "variaveis_x_fixadas": 90022, "variaveis_x_livres": 4968, "vizinhanca": "curso"}], "melhorias_aceitas": 16, "objetivo_final": 227604.5, "objetivo_inicial": 3264325.0, "ordem_cursos": "aleatoria", "passadas_executadas": 3, "seed_ordem_cursos": 42, "status": "CONCLUIDO", "tempo_total_s": 825.6, "tipo_vizinhanca": "curso", "total_iteracoes": 39}
{'etapa': 'fix_and_optimize_cursos', 'tipo_vizinhanca': 'curso', 'status': 'CONCLUIDO', 'objetivo_inicial': 3264325.0, 'objetivo_final': 227604.5, 'ganho_absoluto': 3036720.5, 'passadas_executadas': 3, 'total_iteracoes': 39, 'melhorias_aceitas': 16, 'tempo_total_s': 825.6, 'arquivo_melhor_solucao': 'resultados/experimentos/ordem_cursos_3s/melhor_aleatoria_seed42.sol', 'arquivo_log_csv': 'resultados/experimentos/ordem_cursos_3s/historico_aleatoria_seed42.csv', 'arquivo_log_json': 'resultados/experimentos/ordem_cursos_3s/historico_aleatoria_seed42.json', 'ordem_cursos': 'aleatoria', 'seed_ordem_cursos': 42, 'historico': [{'ciclo': 1, 'passada': 1, 'iteracao': 1, 'vizinhanca': 'curso', 'recurso': 'GEO', 'disciplinas_livres': 10, 'variaveis_x_livres': 2070, 'variaveis_x_fixadas': 92920, 'status_solver': 'OPTIMAL', 'objetivo_anterior': 3264325.0, 'objetivo_candidato': 3228742.0, 'melhorou': True, 'objetivo_incumbente': 3228742.0, 'tempo_gasto_s': 0.51, 'tempo_solver_s': 0.31, 'tempo_limite_subproblema_s': 600.0, 'curso': 'GEO', 'ordem_cursos': 'aleatoria', 'seed_ordem_cursos': 42, 'posicao_ordem_curso': 1}, {'ciclo': 1, 'passada': 1, 'iteracao': 2, 'vizinhanca': 'curso', 'recurso': 'FIL', 'disciplinas_livres': 15, 'variaveis_x_livres': 2760, 'variaveis_x_fixadas': 92230, 'status_solver': 'OPTIMAL', 'objetivo_anterior': 3228742.0, 'objetivo_candidato': 3148270.0, 'melhorou': True, 'objetivo_incumbente': 3148270.0, 'tempo_gasto_s': 0.59, 'tempo_solver_s': 0.29, 'tempo_limite_subproblema_s': 600.0, 'curso': 'FIL', 'ordem_cursos': 'aleatoria', 'seed_ordem_cursos': 42, 'posicao_ordem_curso': 2}, {'ciclo': 1, 'passada': 1, 'iteracao': 3, 'vizinhanca': 'curso', 'recurso': 'CC', 'disciplinas_livres': 47, 'variaveis_x_livres': 10534, 'variaveis_x_fixadas': 84456, 'status_solver': 'OPTIMAL', 'objetivo_anterior': 3148270.0, 'objetivo_candidato': 2711477.5, 'melhorou': True, 'objetivo_incumbente': 2711477.5, 'tempo_gasto_s': 2.41, 'tempo_solver_s': 2.11, 'tempo_limite_subproblema_s': 600.0, 'curso': 'CC', 'ordem_cursos': 'aleatoria', 'seed_ordem_cursos': 42, 'posicao_ordem_curso': 3}, {'ciclo': 1, 'passada': 1, 'iteracao': 4, 'vizinhanca': 'curso', 'recurso': 'LET', 'disciplinas_livres': 36, 'variaveis_x_livres': 9154, 'variaveis_x_fixadas': 85836, 'status_solver': 'OPTIMAL', 'objetivo_anterior': 2711477.5, 'objetivo_candidato': 2433985.0, 'melhorou': True, 'objetivo_incumbente': 2433985.0, 'tempo_gasto_s': 7.79, 'tempo_solver_s': 7.49, 'tempo_limite_subproblema_s': 600.0, 'curso': 'LET', 'ordem_cursos': 'aleatoria', 'seed_ordem_cursos': 42, 'posicao_ordem_curso': 4}, {'ciclo': 1, 'passada': 1, 'iteracao': 5, 'vizinhanca': 'curso', 'recurso': 'PED', 'disciplinas_livres': 56, 'variaveis_x_livres': 12788, 'variaveis_x_fixadas': 82202, 'status_solver': 'TIME_LIMIT', 'objetivo_anterior': 2433985.0, 'objetivo_candidato': 2009488.5, 'melhorou': True, 'objetivo_incumbente': 2009488.5, 'tempo_gasto_s': 600.48, 'tempo_solver_s': 600.17, 'tempo_limite_subproblema_s': 600.0, 'curso': 'PED', 'ordem_cursos': 'aleatoria', 'seed_ordem_cursos': 42, 'posicao_ordem_curso': 5}, {'ciclo': 1, 'passada': 1, 'iteracao': 6, 'vizinhanca': 'curso', 'recurso': 'ENF', 'disciplinas_livres': 18, 'variaveis_x_livres': 8510, 'variaveis_x_fixadas': 86480, 'status_solver': 'OPTIMAL', 'objetivo_anterior': 2009488.5, 'objetivo_candidato': 1711266.5, 'melhorou': True, 'objetivo_incumbente': 1711266.5, 'tempo_gasto_s': 6.1, 'tempo_solver_s': 5.73, 'tempo_limite_subproblema_s': 600.0, 'curso': 'ENF', 'ordem_cursos': 'aleatoria', 'seed_ordem_cursos': 42, 'posicao_ordem_curso': 6}, {'ciclo': 1, 'passada': 1, 'iteracao': 7, 'vizinhanca': 'curso', 'recurso': 'MED', 'disciplinas_livres': 41, 'variaveis_x_livres': 9384, 'variaveis_x_fixadas': 85606, 'status_solver': 'OPTIMAL', 'objetivo_anterior': 1711266.5, 'objetivo_candidato': 1423662.5, 'melhorou': True, 'objetivo_incumbente': 1423662.5, 'tempo_gasto_s': 3.32, 'tempo_solver_s': 3.01, 'tempo_limite_subproblema_s': 600.0, 'curso': 'MED', 'ordem_cursos': 'aleatoria', 'seed_ordem_cursos': 42, 'posicao_ordem_curso': 7}, {'ciclo': 1, 'passada': 1, 'iteracao': 8, 'vizinhanca': 'curso', 'recurso': 'HIS', 'disciplinas_livres': 24, 'variaveis_x_livres': 4784, 'variaveis_x_fixadas': 90206, 'status_solver': 'OPTIMAL', 'objetivo_anterior': 1423662.5, 'objetivo_candidato': 1283212.5, 'melhorou': True, 'objetivo_incumbente': 1283212.5, 'tempo_gasto_s': 0.67, 'tempo_solver_s': 0.34, 'tempo_limite_subproblema_s': 600.0, 'curso': 'HIS', 'ordem_cursos': 'aleatoria', 'seed_ordem_cursos': 42, 'posicao_ordem_curso': 8}, {'ciclo': 1, 'passada': 1, 'iteracao': 9, 'vizinhanca': 'curso', 'recurso': 'CS', 'disciplinas_livres': 22, 'variaveis_x_livres': 4554, 'variaveis_x_fixadas': 90436, 'status_solver': 'OPTIMAL', 'objetivo_anterior': 1283212.5, 'objetivo_candidato': 1159424.5, 'melhorou': True, 'objetivo_incumbente': 1159424.5, 'tempo_gasto_s': 0.71, 'tempo_solver_s': 0.37, 'tempo_limite_subproblema_s': 600.0, 'curso': 'CS', 'ordem_cursos': 'aleatoria', 'seed_ordem_cursos': 42, 'posicao_ordem_curso': 9}, {'ciclo': 1, 'passada': 1, 'iteracao': 10, 'vizinhanca': 'curso', 'recurso': 'EAS', 'disciplinas_livres': 45, 'variaveis_x_livres': 7452, 'variaveis_x_fixadas': 87538, 'status_solver': 'OPTIMAL', 'objetivo_anterior': 1159424.5, 'objetivo_candidato': 984799.5, 'melhorou': True, 'objetivo_incumbente': 984799.5, 'tempo_gasto_s': 0.97, 'tempo_solver_s': 0.64, 'tempo_limite_subproblema_s': 600.0, 'curso': 'EAS', 'ordem_cursos': 'aleatoria', 'seed_ordem_cursos': 42, 'posicao_ordem_curso': 10}, {'ciclo': 1, 'passada': 1, 'iteracao': 11, 'vizinhanca': 'curso', 'recurso': 'ADM', 'disciplinas_livres': 48, 'variaveis_x_livres': 9292, 'variaveis_x_fixadas': 85698, 'status_solver': 'OPTIMAL', 'objetivo_anterior': 984799.5, 'objetivo_candidato': 659915.0, 'melhorou': True, 'objetivo_incumbente': 659915.0, 'tempo_gasto_s': 34.58, 'tempo_solver_s': 34.27, 'tempo_limite_subproblema_s': 600.0, 'curso': 'ADM', 'ordem_cursos': 'aleatoria', 'seed_ordem_cursos': 42, 'posicao_ordem_curso': 11}, {'ciclo': 1, 'passada': 1, 'iteracao': 12, 'vizinhanca': 'curso', 'recurso': 'AGRO', 'disciplinas_livres': 51, 'variaveis_x_livres': 8740, 'variaveis_x_fixadas': 86250, 'status_solver': 'OPTIMAL', 'objetivo_anterior': 659915.0, 'objetivo_candidato': 380239.0, 'melhorou': True, 'objetivo_incumbente': 380239.0, 'tempo_gasto_s': 8.94, 'tempo_solver_s': 8.61, 'tempo_limite_subproblema_s': 600.0, 'curso': 'AGRO', 'ordem_cursos': 'aleatoria', 'seed_ordem_cursos': 42, 'posicao_ordem_curso': 12}, {'ciclo': 1, 'passada': 1, 'iteracao': 13, 'vizinhanca': 'curso', 'recurso': 'MAT', 'disciplinas_livres': 23, 'variaveis_x_livres': 4968, 'variaveis_x_fixadas': 90022, 'status_solver': 'OPTIMAL', 'objetivo_anterior': 380239.0, 'objetivo_candidato': 227682.5, 'melhorou': True, 'objetivo_incumbente': 227682.5, 'tempo_gasto_s': 1.99, 'tempo_solver_s': 1.65, 'tempo_limite_subproblema_s': 600.0, 'curso': 'MAT', 'ordem_cursos': 'aleatoria', 'seed_ordem_cursos': 42, 'posicao_ordem_curso': 13}, {'ciclo': 1, 'passada': 2, 'iteracao': 1, 'vizinhanca': 'curso', 'recurso': 'GEO', 'disciplinas_livres': 10, 'variaveis_x_livres': 2070, 'variaveis_x_fixadas': 92920, 'status_solver': 'OPTIMAL', 'objetivo_anterior': 227682.5, 'objetivo_candidato': 227682.5, 'melhorou': False, 'objetivo_incumbente': 227682.5, 'tempo_gasto_s': 0.62, 'tempo_solver_s': 0.28, 'tempo_limite_subproblema_s': 600.0, 'curso': 'GEO', 'ordem_cursos': 'aleatoria', 'seed_ordem_cursos': 42, 'posicao_ordem_curso': 1}, {'ciclo': 1, 'passada': 2, 'iteracao': 2, 'vizinhanca': 'curso', 'recurso': 'FIL', 'disciplinas_livres': 15, 'variaveis_x_livres': 2760, 'variaveis_x_fixadas': 92230, 'status_solver': 'OPTIMAL', 'objetivo_anterior': 227682.5, 'objetivo_candidato': 227682.5, 'melhorou': False, 'objetivo_incumbente': 227682.5, 'tempo_gasto_s': 0.59, 'tempo_solver_s': 0.26, 'tempo_limite_subproblema_s': 600.0, 'curso': 'FIL', 'ordem_cursos': 'aleatoria', 'seed_ordem_cursos': 42, 'posicao_ordem_curso': 2}, {'ciclo': 1, 'passada': 2, 'iteracao': 3, 'vizinhanca': 'curso', 'recurso': 'CC', 'disciplinas_livres': 47, 'variaveis_x_livres': 10534, 'variaveis_x_fixadas': 84456, 'status_solver': 'OPTIMAL', 'objetivo_anterior': 227682.5, 'objetivo_candidato': 227672.5, 'melhorou': True, 'objetivo_incumbente': 227672.5, 'tempo_gasto_s': 1.6, 'tempo_solver_s': 1.28, 'tempo_limite_subproblema_s': 600.0, 'curso': 'CC', 'ordem_cursos': 'aleatoria', 'seed_ordem_cursos': 42, 'posicao_ordem_curso': 3}, {'ciclo': 1, 'passada': 2, 'iteracao': 4, 'vizinhanca': 'curso', 'recurso': 'LET', 'disciplinas_livres': 36, 'variaveis_x_livres': 9154, 'variaveis_x_fixadas': 85836, 'status_solver': 'OPTIMAL', 'objetivo_anterior': 227672.5, 'objetivo_candidato': 227672.5, 'melhorou': False, 'objetivo_incumbente': 227672.5, 'tempo_gasto_s': 1.14, 'tempo_solver_s': 0.82, 'tempo_limite_subproblema_s': 600.0, 'curso': 'LET', 'ordem_cursos': 'aleatoria', 'seed_ordem_cursos': 42, 'posicao_ordem_curso': 4}, {'ciclo': 1, 'passada': 2, 'iteracao': 5, 'vizinhanca': 'curso', 'recurso': 'PED', 'disciplinas_livres': 56, 'variaveis_x_livres': 12788, 'variaveis_x_fixadas': 82202, 'status_solver': 'OPTIMAL', 'objetivo_anterior': 227672.5, 'objetivo_candidato': 227672.5, 'melhorou': False, 'objetivo_incumbente': 227672.5, 'tempo_gasto_s': 62.63, 'tempo_solver_s': 62.32, 'tempo_limite_subproblema_s': 600.0, 'curso': 'PED', 'ordem_cursos': 'aleatoria', 'seed_ordem_cursos': 42, 'posicao_ordem_curso': 5}, {'ciclo': 1, 'passada': 2, 'iteracao': 6, 'vizinhanca': 'curso', 'recurso': 'ENF', 'disciplinas_livres': 18, 'variaveis_x_livres': 8510, 'variaveis_x_fixadas': 86480, 'status_solver': 'OPTIMAL', 'objetivo_anterior': 227672.5, 'objetivo_candidato': 227672.5, 'melhorou': False, 'objetivo_incumbente': 227672.5, 'tempo_gasto_s': 2.66, 'tempo_solver_s': 2.34, 'tempo_limite_subproblema_s': 600.0, 'curso': 'ENF', 'ordem_cursos': 'aleatoria', 'seed_ordem_cursos': 42, 'posicao_ordem_curso': 6}, {'ciclo': 1, 'passada': 2, 'iteracao': 7, 'vizinhanca': 'curso', 'recurso': 'MED', 'disciplinas_livres': 41, 'variaveis_x_livres': 9384, 'variaveis_x_fixadas': 85606, 'status_solver': 'OPTIMAL', 'objetivo_anterior': 227672.5, 'objetivo_candidato': 227672.5, 'melhorou': False, 'objetivo_incumbente': 227672.5, 'tempo_gasto_s': 1.22, 'tempo_solver_s': 0.89, 'tempo_limite_subproblema_s': 600.0, 'curso': 'MED', 'ordem_cursos': 'aleatoria', 'seed_ordem_cursos': 42, 'posicao_ordem_curso': 7}, {'ciclo': 1, 'passada': 2, 'iteracao': 8, 'vizinhanca': 'curso', 'recurso': 'HIS', 'disciplinas_livres': 24, 'variaveis_x_livres': 4784, 'variaveis_x_fixadas': 90206, 'status_solver': 'OPTIMAL', 'objetivo_anterior': 227672.5, 'objetivo_candidato': 227672.5, 'melhorou': False, 'objetivo_incumbente': 227672.5, 'tempo_gasto_s': 0.65, 'tempo_solver_s': 0.32, 'tempo_limite_subproblema_s': 600.0, 'curso': 'HIS', 'ordem_cursos': 'aleatoria', 'seed_ordem_cursos': 42, 'posicao_ordem_curso': 8}, {'ciclo': 1, 'passada': 2, 'iteracao': 9, 'vizinhanca': 'curso', 'recurso': 'CS', 'disciplinas_livres': 22, 'variaveis_x_livres': 4554, 'variaveis_x_fixadas': 90436, 'status_solver': 'OPTIMAL', 'objetivo_anterior': 227672.5, 'objetivo_candidato': 227609.5, 'melhorou': True, 'objetivo_incumbente': 227609.5, 'tempo_gasto_s': 0.65, 'tempo_solver_s': 0.33, 'tempo_limite_subproblema_s': 600.0, 'curso': 'CS', 'ordem_cursos': 'aleatoria', 'seed_ordem_cursos': 42, 'posicao_ordem_curso': 9}, {'ciclo': 1, 'passada': 2, 'iteracao': 10, 'vizinhanca': 'curso', 'recurso': 'EAS', 'disciplinas_livres': 45, 'variaveis_x_livres': 7452, 'variaveis_x_fixadas': 87538, 'status_solver': 'OPTIMAL', 'objetivo_anterior': 227609.5, 'objetivo_candidato': 227609.5, 'melhorou': False, 'objetivo_incumbente': 227609.5, 'tempo_gasto_s': 0.65, 'tempo_solver_s': 0.34, 'tempo_limite_subproblema_s': 600.0, 'curso': 'EAS', 'ordem_cursos': 'aleatoria', 'seed_ordem_cursos': 42, 'posicao_ordem_curso': 10}, {'ciclo': 1, 'passada': 2, 'iteracao': 11, 'vizinhanca': 'curso', 'recurso': 'ADM', 'disciplinas_livres': 48, 'variaveis_x_livres': 9292, 'variaveis_x_fixadas': 85698, 'status_solver': 'OPTIMAL', 'objetivo_anterior': 227609.5, 'objetivo_candidato': 227609.5, 'melhorou': False, 'objetivo_incumbente': 227609.5, 'tempo_gasto_s': 20.65, 'tempo_solver_s': 20.33, 'tempo_limite_subproblema_s': 600.0, 'curso': 'ADM', 'ordem_cursos': 'aleatoria', 'seed_ordem_cursos': 42, 'posicao_ordem_curso': 11}, {'ciclo': 1, 'passada': 2, 'iteracao': 12, 'vizinhanca': 'curso', 'recurso': 'AGRO', 'disciplinas_livres': 51, 'variaveis_x_livres': 8740, 'variaveis_x_fixadas': 86250, 'status_solver': 'OPTIMAL', 'objetivo_anterior': 227609.5, 'objetivo_candidato': 227604.5, 'melhorou': True, 'objetivo_incumbente': 227604.5, 'tempo_gasto_s': 4.82, 'tempo_solver_s': 4.49, 'tempo_limite_subproblema_s': 600.0, 'curso': 'AGRO', 'ordem_cursos': 'aleatoria', 'seed_ordem_cursos': 42, 'posicao_ordem_curso': 12}, {'ciclo': 1, 'passada': 2, 'iteracao': 13, 'vizinhanca': 'curso', 'recurso': 'MAT', 'disciplinas_livres': 23, 'variaveis_x_livres': 4968, 'variaveis_x_fixadas': 90022, 'status_solver': 'OPTIMAL', 'objetivo_anterior': 227604.5, 'objetivo_candidato': 227604.5, 'melhorou': False, 'objetivo_incumbente': 227604.5, 'tempo_gasto_s': 1.03, 'tempo_solver_s': 0.69, 'tempo_limite_subproblema_s': 600.0, 'curso': 'MAT', 'ordem_cursos': 'aleatoria', 'seed_ordem_cursos': 42, 'posicao_ordem_curso': 13}, {'ciclo': 1, 'passada': 3, 'iteracao': 1, 'vizinhanca': 'curso', 'recurso': 'GEO', 'disciplinas_livres': 10, 'variaveis_x_livres': 2070, 'variaveis_x_fixadas': 92920, 'status_solver': 'OPTIMAL', 'objetivo_anterior': 227604.5, 'objetivo_candidato': 227604.5, 'melhorou': False, 'objetivo_incumbente': 227604.5, 'tempo_gasto_s': 0.62, 'tempo_solver_s': 0.28, 'tempo_limite_subproblema_s': 600.0, 'curso': 'GEO', 'ordem_cursos': 'aleatoria', 'seed_ordem_cursos': 42, 'posicao_ordem_curso': 1}, {'ciclo': 1, 'passada': 3, 'iteracao': 2, 'vizinhanca': 'curso', 'recurso': 'FIL', 'disciplinas_livres': 15, 'variaveis_x_livres': 2760, 'variaveis_x_fixadas': 92230, 'status_solver': 'OPTIMAL', 'objetivo_anterior': 227604.5, 'objetivo_candidato': 227604.5, 'melhorou': False, 'objetivo_incumbente': 227604.5, 'tempo_gasto_s': 0.59, 'tempo_solver_s': 0.27, 'tempo_limite_subproblema_s': 600.0, 'curso': 'FIL', 'ordem_cursos': 'aleatoria', 'seed_ordem_cursos': 42, 'posicao_ordem_curso': 2}, {'ciclo': 1, 'passada': 3, 'iteracao': 3, 'vizinhanca': 'curso', 'recurso': 'CC', 'disciplinas_livres': 47, 'variaveis_x_livres': 10534, 'variaveis_x_fixadas': 84456, 'status_solver': 'OPTIMAL', 'objetivo_anterior': 227604.5, 'objetivo_candidato': 227604.5, 'melhorou': False, 'objetivo_incumbente': 227604.5, 'tempo_gasto_s': 1.48, 'tempo_solver_s': 1.17, 'tempo_limite_subproblema_s': 600.0, 'curso': 'CC', 'ordem_cursos': 'aleatoria', 'seed_ordem_cursos': 42, 'posicao_ordem_curso': 3}, {'ciclo': 1, 'passada': 3, 'iteracao': 4, 'vizinhanca': 'curso', 'recurso': 'LET', 'disciplinas_livres': 36, 'variaveis_x_livres': 9154, 'variaveis_x_fixadas': 85836, 'status_solver': 'OPTIMAL', 'objetivo_anterior': 227604.5, 'objetivo_candidato': 227604.5, 'melhorou': False, 'objetivo_incumbente': 227604.5, 'tempo_gasto_s': 1.36, 'tempo_solver_s': 1.04, 'tempo_limite_subproblema_s': 600.0, 'curso': 'LET', 'ordem_cursos': 'aleatoria', 'seed_ordem_cursos': 42, 'posicao_ordem_curso': 4}, {'ciclo': 1, 'passada': 3, 'iteracao': 5, 'vizinhanca': 'curso', 'recurso': 'PED', 'disciplinas_livres': 56, 'variaveis_x_livres': 12788, 'variaveis_x_fixadas': 82202, 'status_solver': 'OPTIMAL', 'objetivo_anterior': 227604.5, 'objetivo_candidato': 227604.5, 'melhorou': False, 'objetivo_incumbente': 227604.5, 'tempo_gasto_s': 12.68, 'tempo_solver_s': 12.38, 'tempo_limite_subproblema_s': 600.0, 'curso': 'PED', 'ordem_cursos': 'aleatoria', 'seed_ordem_cursos': 42, 'posicao_ordem_curso': 5}, {'ciclo': 1, 'passada': 3, 'iteracao': 6, 'vizinhanca': 'curso', 'recurso': 'ENF', 'disciplinas_livres': 18, 'variaveis_x_livres': 8510, 'variaveis_x_fixadas': 86480, 'status_solver': 'OPTIMAL', 'objetivo_anterior': 227604.5, 'objetivo_candidato': 227604.5, 'melhorou': False, 'objetivo_incumbente': 227604.5, 'tempo_gasto_s': 2.65, 'tempo_solver_s': 2.33, 'tempo_limite_subproblema_s': 600.0, 'curso': 'ENF', 'ordem_cursos': 'aleatoria', 'seed_ordem_cursos': 42, 'posicao_ordem_curso': 6}, {'ciclo': 1, 'passada': 3, 'iteracao': 7, 'vizinhanca': 'curso', 'recurso': 'MED', 'disciplinas_livres': 41, 'variaveis_x_livres': 9384, 'variaveis_x_fixadas': 85606, 'status_solver': 'OPTIMAL', 'objetivo_anterior': 227604.5, 'objetivo_candidato': 227604.5, 'melhorou': False, 'objetivo_incumbente': 227604.5, 'tempo_gasto_s': 1.16, 'tempo_solver_s': 0.85, 'tempo_limite_subproblema_s': 600.0, 'curso': 'MED', 'ordem_cursos': 'aleatoria', 'seed_ordem_cursos': 42, 'posicao_ordem_curso': 7}, {'ciclo': 1, 'passada': 3, 'iteracao': 8, 'vizinhanca': 'curso', 'recurso': 'HIS', 'disciplinas_livres': 24, 'variaveis_x_livres': 4784, 'variaveis_x_fixadas': 90206, 'status_solver': 'OPTIMAL', 'objetivo_anterior': 227604.5, 'objetivo_candidato': 227604.5, 'melhorou': False, 'objetivo_incumbente': 227604.5, 'tempo_gasto_s': 0.65, 'tempo_solver_s': 0.32, 'tempo_limite_subproblema_s': 600.0, 'curso': 'HIS', 'ordem_cursos': 'aleatoria', 'seed_ordem_cursos': 42, 'posicao_ordem_curso': 8}, {'ciclo': 1, 'passada': 3, 'iteracao': 9, 'vizinhanca': 'curso', 'recurso': 'CS', 'disciplinas_livres': 22, 'variaveis_x_livres': 4554, 'variaveis_x_fixadas': 90436, 'status_solver': 'OPTIMAL', 'objetivo_anterior': 227604.5, 'objetivo_candidato': 227604.5, 'melhorou': False, 'objetivo_incumbente': 227604.5, 'tempo_gasto_s': 0.63, 'tempo_solver_s': 0.31, 'tempo_limite_subproblema_s': 600.0, 'curso': 'CS', 'ordem_cursos': 'aleatoria', 'seed_ordem_cursos': 42, 'posicao_ordem_curso': 9}, {'ciclo': 1, 'passada': 3, 'iteracao': 10, 'vizinhanca': 'curso', 'recurso': 'EAS', 'disciplinas_livres': 45, 'variaveis_x_livres': 7452, 'variaveis_x_fixadas': 87538, 'status_solver': 'OPTIMAL', 'objetivo_anterior': 227604.5, 'objetivo_candidato': 227604.5, 'melhorou': False, 'objetivo_incumbente': 227604.5, 'tempo_gasto_s': 0.65, 'tempo_solver_s': 0.33, 'tempo_limite_subproblema_s': 600.0, 'curso': 'EAS', 'ordem_cursos': 'aleatoria', 'seed_ordem_cursos': 42, 'posicao_ordem_curso': 10}, {'ciclo': 1, 'passada': 3, 'iteracao': 11, 'vizinhanca': 'curso', 'recurso': 'ADM', 'disciplinas_livres': 48, 'variaveis_x_livres': 9292, 'variaveis_x_fixadas': 85698, 'status_solver': 'OPTIMAL', 'objetivo_anterior': 227604.5, 'objetivo_candidato': 227604.5, 'melhorou': False, 'objetivo_incumbente': 227604.5, 'tempo_gasto_s': 21.63, 'tempo_solver_s': 21.31, 'tempo_limite_subproblema_s': 600.0, 'curso': 'ADM', 'ordem_cursos': 'aleatoria', 'seed_ordem_cursos': 42, 'posicao_ordem_curso': 11}, {'ciclo': 1, 'passada': 3, 'iteracao': 12, 'vizinhanca': 'curso', 'recurso': 'AGRO', 'disciplinas_livres': 51, 'variaveis_x_livres': 8740, 'variaveis_x_fixadas': 86250, 'status_solver': 'OPTIMAL', 'objetivo_anterior': 227604.5, 'objetivo_candidato': 227604.5, 'melhorou': False, 'objetivo_incumbente': 227604.5, 'tempo_gasto_s': 5.64, 'tempo_solver_s': 5.31, 'tempo_limite_subproblema_s': 600.0, 'curso': 'AGRO', 'ordem_cursos': 'aleatoria', 'seed_ordem_cursos': 42, 'posicao_ordem_curso': 12}, {'ciclo': 1, 'passada': 3, 'iteracao': 13, 'vizinhanca': 'curso', 'recurso': 'MAT', 'disciplinas_livres': 23, 'variaveis_x_livres': 4968, 'variaveis_x_fixadas': 90022, 'status_solver': 'OPTIMAL', 'objetivo_anterior': 227604.5, 'objetivo_candidato': 227604.5, 'melhorou': False, 'objetivo_incumbente': 227604.5, 'tempo_gasto_s': 0.98, 'tempo_solver_s': 0.65, 'tempo_limite_subproblema_s': 600.0, 'curso': 'MAT', 'ordem_cursos': 'aleatoria', 'seed_ordem_cursos': 42, 'posicao_ordem_curso': 13}]}
