ciclo,passada,iteracao,vizinhanca,recurso,disciplinas_livres,variaveis_x_livres,variaveis_x_fixadas,status_solver,objetivo_anterior,objetivo_candidato,melhorou,objetivo_incumbente,tempo_gasto_s,tempo_solver_s,tempo_limite_subproblema_s,curso,ordem_cursos,seed_ordem_cursos,posicao_ordem_curso,etapa_no_fluxo,nome_etapa,passada_na_etapa,etapa_completa,motivo_encerramento,tipo_registro,parametro_tipo_vizinhanca,parametro_tempo_modelo_inicial_s,parametro_tempo_heuristica_inicial_s,parametro_tempo_subproblema_s,parametro_tempo_total_maximo_s,parametro_apenas_uma_passada,parametro_salvar_candidatos,parametro_ordem_cursos_solicitada,parametro_seed_ordem_cursos_solicitada,parametro_ordem_cursos,parametro_seed_ordem_cursos,parametro_arquivo_horarios,parametro_arquivo_salas,parametro_arquivo_salas_preferenciais,parametro_diretorio_execucao,parametro_arquivo_melhor_solucao,parametro_arquivo_log_csv,parametro_arquivo_log_json,parametro_sequencia_etapas,parametro_tipo_sequencia,parametro_etapa_1_ordem_cursos,parametro_etapa_1_seed,parametro_etapa_2_ordem_cursos,parametro_etapa_2_seed,parametro_etapa_3_ordem_cursos,parametro_etapa_3_seed,parametro_gurobi_inicial_TimeLimit,parametro_gurobi_inicial_MIPFocus,parametro_gurobi_inicial_NoRelHeurTime,parametro_gurobi_subproblema_TimeLimit,parametro_gurobi_subproblema_MIPFocus,parametro_gurobi_subproblema_NoRelHeurTime,parametro_motivo_encerramento,parametro_etapas_concluidas,curso_a,curso_b,posicao_par
1,1,1,curso,ADM,48,9292,85698,OPTIMAL,186694.5,186661.5,True,186661.5,1.03,0.76,600.0,ADM,alfabetica,,1,1,curso,1,True,TEMPO_TOTAL,iteracao,cursos_progr_ate_2_dia_turno_curso,180.0,180.0,600.0,14400.0,False,False,alfabetica,,alfabetica,,./dados/2024_1/horarios_2024_1.xlsx,./dados/2024_1/salas_2024_1.csv,./dados/2024_1/salas_preferenciais_2024.1.xlsx,/Users/robertdrey/Documents/workspace/development/alocador_de_salas,resultados/experimentos/2024_1/novas_hibridas/progr_2_depois_dia_turno/melhor_solucao.sol,resultados/experimentos/2024_1/novas_hibridas/progr_2_depois_dia_turno/historico.csv,resultados/experimentos/2024_1/novas_hibridas/progr_2_depois_dia_turno/historico.json,curso -> par_cursos -> dia_turno_curso,progressiva,alfabetica,,alfabetica,,alfabetica,,180.0,1,180.0,600.0,1,0,TEMPO_TOTAL,1,,,
1,1,2,curso,AGRO,51,8740,86250,OPTIMAL,186661.5,186658.5,True,186658.5,3.27,2.91,600.0,AGRO,alfabetica,,2,1,curso,1,True,TEMPO_TOTAL,iteracao,cursos_progr_ate_2_dia_turno_curso,180.0,180.0,600.0,14400.0,False,False,alfabetica,,alfabetica,,./dados/2024_1/horarios_2024_1.xlsx,./dados/2024_1/salas_2024_1.csv,./dados/2024_1/salas_preferenciais_2024.1.xlsx,/Users/robertdrey/Documents/workspace/development/alocador_de_salas,resultados/experimentos/2024_1/novas_hibridas/progr_2_depois_dia_turno/melhor_solucao.sol,resultados/experimentos/2024_1/novas_hibridas/progr_2_depois_dia_turno/historico.csv,resultados/experimentos/2024_1/novas_hibridas/progr_2_depois_dia_turno/historico.json,curso -> par_cursos -> dia_turno_curso,progressiva,alfabetica,,alfabetica,,alfabetica,,180.0,1,180.0,600.0,1,0,TEMPO_TOTAL,1,,,
1,1,3,curso,CC,47,10534,84456,OPTIMAL,186658.5,186658.5,False,186658.5,1.01,0.69,600.0,CC,alfabetica,,3,1,curso,1,True,TEMPO_TOTAL,iteracao,cursos_progr_ate_2_dia_turno_curso,180.0,180.0,600.0,14400.0,False,False,alfabetica,,alfabetica,,./dados/2024_1/horarios_2024_1.xlsx,./dados/2024_1/salas_2024_1.csv,./dados/2024_1/salas_preferenciais_2024.1.xlsx,/Users/robertdrey/Documents/workspace/development/alocador_de_salas,resultados/experimentos/2024_1/novas_hibridas/progr_2_depois_dia_turno/melhor_solucao.sol,resultados/experimentos/2024_1/novas_hibridas/progr_2_depois_dia_turno/historico.csv,resultados/experimentos/2024_1/novas_hibridas/progr_2_depois_dia_turno/historico.json,curso -> par_cursos -> dia_turno_curso,progressiva,alfabetica,,alfabetica,,alfabetica,,180.0,1,180.0,600.0,1,0,TEMPO_TOTAL,1,,,
1,1,4,curso,CS,22,4554,90436,OPTIMAL,186658.5,186658.5,False,186658.5,0.62,0.3,600.0,CS,alfabetica,,4,1,curso,1,True,TEMPO_TOTAL,iteracao,cursos_progr_ate_2_dia_turno_curso,180.0,180.0,600.0,14400.0,False,False,alfabetica,,alfabetica,,./dados/2024_1/horarios_2024_1.xlsx,./dados/2024_1/salas_2024_1.csv,./dados/2024_1/salas_preferenciais_2024.1.xlsx,/Users/robertdrey/Documents/workspace/development/alocador_de_salas,resultados/experimentos/2024_1/novas_hibridas/progr_2_depois_dia_turno/melhor_solucao.sol,resultados/experimentos/2024_1/novas_hibridas/progr_2_depois_dia_turno/historico.csv,resultados/experimentos/2024_1/novas_hibridas/progr_2_depois_dia_turno/historico.json,curso -> par_cursos -> dia_turno_curso,progressiva,alfabetica,,alfabetica,,alfabetica,,180.0,1,180.0,600.0,1,0,TEMPO_TOTAL,1,,,
1,1,5,curso,EAS,45,7452,87538,OPTIMAL,186658.5,186648.5,True,186648.5,0.67,0.35,600.0,EAS,alfabetica,,5,1,curso,1,True,TEMPO_TOTAL,iteracao,cursos_progr_ate_2_dia_turno_curso,180.0,180.0,600.0,14400.0,False,False,alfabetica,,alfabetica,,./dados/2024_1/horarios_2024_1.xlsx,./dados/2024_1/salas_2024_1.csv,./dados/2024_1/salas_preferenciais_2024.1.xlsx,/Users/robertdrey/Documents/workspace/development/alocador_de_salas,resultados/experimentos/2024_1/novas_hibridas/progr_2_depois_dia_turno/melhor_solucao.sol,resultados/experimentos/2024_1/novas_hibridas/progr_2_depois_dia_turno/historico.csv,resultados/experimentos/2024_1/novas_hibridas/progr_2_depois_dia_turno/historico.json,curso -> par_cursos -> dia_turno_curso,progressiva,alfabetica,,alfabetica,,alfabetica,,180.0,1,180.0,600.0,1,0,TEMPO_TOTAL,1,,,
1,1,6,curso,ENF,18,8510,86480,OPTIMAL,186648.5,186355.5,True,186355.5,2.68,2.36,600.0,ENF,alfabetica,,6,1,curso,1,True,TEMPO_TOTAL,iteracao,cursos_progr_ate_2_dia_turno_curso,180.0,180.0,600.0,14400.0,False,False,alfabetica,,alfabetica,,./dados/2024_1/horarios_2024_1.xlsx,./dados/2024_1/salas_2024_1.csv,./dados/2024_1/salas_preferenciais_2024.1.xlsx,/Users/robertdrey/Documents/workspace/development/alocador_de_salas,resultados/experimentos/2024_1/novas_hibridas/progr_2_depois_dia_turno/melhor_solucao.sol,resultados/experimentos/2024_1/novas_hibridas/progr_2_depois_dia_turno/historico.csv,resultados/experimentos/2024_1/novas_hibridas/progr_2_depois_dia_turno/historico.json,curso -> par_cursos -> dia_turno_curso,progressiva,alfabetica,,alfabetica,,alfabetica,,180.0,1,180.0,600.0,1,0,TEMPO_TOTAL,1,,,
1,1,7,curso,FIL,15,2760,92230,OPTIMAL,186355.5,186355.5,False,186355.5,0.58,0.25,600.0,FIL,alfabetica,,7,1,curso,1,True,TEMPO_TOTAL,iteracao,cursos_progr_ate_2_dia_turno_curso,180.0,180.0,600.0,14400.0,False,False,alfabetica,,alfabetica,,./dados/2024_1/horarios_2024_1.xlsx,./dados/2024_1/salas_2024_1.csv,./dados/2024_1/salas_preferenciais_2024.1.xlsx,/Users/robertdrey/Documents/workspace/development/alocador_de_salas,resultados/experimentos/2024_1/novas_hibridas/progr_2_depois_dia_turno/melhor_solucao.sol,resultados/experimentos/2024_1/novas_hibridas/progr_2_depois_dia_turno/historico.csv,resultados/experimentos/2024_1/novas_hibridas/progr_2_depois_dia_turno/historico.json,curso -> par_cursos -> dia_turno_curso,progressiva,alfabetica,,alfabetica,,alfabetica,,180.0,1,180.0,600.0,1,0,TEMPO_TOTAL,1,,,
1,1,8,curso,GEO,10,2070,92920,OPTIMAL,186355.5,186355.5,False,186355.5,0.59,0.27,600.0,GEO,alfabetica,,8,1,curso,1,True,TEMPO_TOTAL,iteracao,cursos_progr_ate_2_dia_turno_curso,180.0,180.0,600.0,14400.0,False,False,alfabetica,,alfabetica,,./dados/2024_1/horarios_2024_1.xlsx,./dados/2024_1/salas_2024_1.csv,./dados/2024_1/salas_preferenciais_2024.1.xlsx,/Users/robertdrey/Documents/workspace/development/alocador_de_salas,resultados/experimentos/2024_1/novas_hibridas/progr_2_depois_dia_turno/melhor_solucao.sol,resultados/experimentos/2024_1/novas_hibridas/progr_2_depois_dia_turno/historico.csv,resultados/experimentos/2024_1/novas_hibridas/progr_2_depois_dia_turno/historico.json,curso -> par_cursos -> dia_turno_curso,progressiva,alfabetica,,alfabetica,,alfabetica,,180.0,1,180.0,600.0,1,0,TEMPO_TOTAL,1,,,
1,1,9,curso,HIS,24,4784,90206,OPTIMAL,186355.5,186355.5,False,186355.5,0.63,0.31,600.0,HIS,alfabetica,,9,1,curso,1,True,TEMPO_TOTAL,iteracao,cursos_progr_ate_2_dia_turno_curso,180.0,180.0,600.0,14400.0,False,False,alfabetica,,alfabetica,,./dados/2024_1/horarios_2024_1.xlsx,./dados/2024_1/salas_2024_1.csv,./dados/2024_1/salas_preferenciais_2024.1.xlsx,/Users/robertdrey/Documents/workspace/development/alocador_de_salas,resultados/experimentos/2024_1/novas_hibridas/progr_2_depois_dia_turno/melhor_solucao.sol,resultados/experimentos/2024_1/novas_hibridas/progr_2_depois_dia_turno/historico.csv,resultados/experimentos/2024_1/novas_hibridas/progr_2_depois_dia_turno/historico.json,curso -> par_cursos -> dia_turno_curso,progressiva,alfabetica,,alfabetica,,alfabetica,,180.0,1,180.0,600.0,1,0,TEMPO_TOTAL,1,,,
1,1,10,curso,LET,36,9154,85836,OPTIMAL,186355.5,186355.5,False,186355.5,3.09,2.76,600.0,LET,alfabetica,,10,1,curso,1,True,TEMPO_TOTAL,iteracao,cursos_progr_ate_2_dia_turno_curso,180.0,180.0,600.0,14400.0,False,False,alfabetica,,alfabetica,,./dados/2024_1/horarios_2024_1.xlsx,./dados/2024_1/salas_2024_1.csv,./dados/2024_1/salas_preferenciais_2024.1.xlsx,/Users/robertdrey/Documents/workspace/development/alocador_de_salas,resultados/experimentos/2024_1/novas_hibridas/progr_2_depois_dia_turno/melhor_solucao.sol,resultados/experimentos/2024_1/novas_hibridas/progr_2_depois_dia_turno/historico.csv,resultados/experimentos/2024_1/novas_hibridas/progr_2_depois_dia_turno/historico.json,curso -> par_cursos -> dia_turno_curso,progressiva,alfabetica,,alfabetica,,alfabetica,,180.0,1,180.0,600.0,1,0,TEMPO_TOTAL,1,,,
1,1,11,curso,MAT,23,4968,90022,OPTIMAL,186355.5,186325.5,True,186325.5,0.68,0.36,600.0,MAT,alfabetica,,11,1,curso,1,True,TEMPO_TOTAL,iteracao,cursos_progr_ate_2_dia_turno_curso,180.0,180.0,600.0,14400.0,False,False,alfabetica,,alfabetica,,./dados/2024_1/horarios_2024_1.xlsx,./dados/2024_1/salas_2024_1.csv,./dados/2024_1/salas_preferenciais_2024.1.xlsx,/Users/robertdrey/Documents/workspace/development/alocador_de_salas,resultados/experimentos/2024_1/novas_hibridas/progr_2_depois_dia_turno/melhor_solucao.sol,resultados/experimentos/2024_1/novas_hibridas/progr_2_depois_dia_turno/historico.csv,resultados/experimentos/2024_1/novas_hibridas/progr_2_depois_dia_turno/historico.json,curso -> par_cursos -> dia_turno_curso,progressiva,alfabetica,,alfabetica,,alfabetica,,180.0,1,180.0,600.0,1,0,TEMPO_TOTAL,1,,,
1,1,12,curso,MED,41,9384,85606,OPTIMAL,186325.5,186325.5,False,186325.5,1.07,0.76,600.0,MED,alfabetica,,12,1,curso,1,True,TEMPO_TOTAL,iteracao,cursos_progr_ate_2_dia_turno_curso,180.0,180.0,600.0,14400.0,False,False,alfabetica,,alfabetica,,./dados/2024_1/horarios_2024_1.xlsx,./dados/2024_1/salas_2024_1.csv,./dados/2024_1/salas_preferenciais_2024.1.xlsx,/Users/robertdrey/Documents/workspace/development/alocador_de_salas,resultados/experimentos/2024_1/novas_hibridas/progr_2_depois_dia_turno/melhor_solucao.sol,resultados/experimentos/2024_1/novas_hibridas/progr_2_depois_dia_turno/historico.csv,resultados/experimentos/2024_1/novas_hibridas/progr_2_depois_dia_turno/historico.json,curso -> par_cursos -> dia_turno_curso,progressiva,alfabetica,,alfabetica,,alfabetica,,180.0,1,180.0,600.0,1,0,TEMPO_TOTAL,1,,,
1,1,13,curso,PED,56,12788,82202,OPTIMAL,186325.5,186275.5,True,186275.5,2.5,2.18,600.0,PED,alfabetica,,13,1,curso,1,True,TEMPO_TOTAL,iteracao,cursos_progr_ate_2_dia_turno_curso,180.0,180.0,600.0,14400.0,False,False,alfabetica,,alfabetica,,./dados/2024_1/horarios_2024_1.xlsx,./dados/2024_1/salas_2024_1.csv,./dados/2024_1/salas_preferenciais_2024.1.xlsx,/Users/robertdrey/Documents/workspace/development/alocador_de_salas,resultados/experimentos/2024_1/novas_hibridas/progr_2_depois_dia_turno/melhor_solucao.sol,resultados/experimentos/2024_1/novas_hibridas/progr_2_depois_dia_turno/historico.csv,resultados/experimentos/2024_1/novas_hibridas/progr_2_depois_dia_turno/historico.json,curso -> par_cursos -> dia_turno_curso,progressiva,alfabetica,,alfabetica,,alfabetica,,180.0,1,180.0,600.0,1,0,TEMPO_TOTAL,1,,,
1,2,1,curso,ADM,48,9292,85698,OPTIMAL,186275.5,186275.5,False,186275.5,0.9,0.59,600.0,ADM,alfabetica,,1,1,curso,2,True,TEMPO_TOTAL,iteracao,cursos_progr_ate_2_dia_turno_curso,180.0,180.0,600.0,14400.0,False,False,alfabetica,,alfabetica,,./dados/2024_1/horarios_2024_1.xlsx,./dados/2024_1/salas_2024_1.csv,./dados/2024_1/salas_preferenciais_2024.1.xlsx,/Users/robertdrey/Documents/workspace/development/alocador_de_salas,resultados/experimentos/2024_1/novas_hibridas/progr_2_depois_dia_turno/melhor_solucao.sol,resultados/experimentos/2024_1/novas_hibridas/progr_2_depois_dia_turno/historico.csv,resultados/experimentos/2024_1/novas_hibridas/progr_2_depois_dia_turno/historico.json,curso -> par_cursos -> dia_turno_curso,progressiva,alfabetica,,alfabetica,,alfabetica,,180.0,1,180.0,600.0,1,0,TEMPO_TOTAL,1,,,
1,2,2,curso,AGRO,51,8740,86250,OPTIMAL,186275.5,186275.5,False,186275.5,3.54,3.21,600.0,AGRO,alfabetica,,2,1,curso,2,True,TEMPO_TOTAL,iteracao,cursos_progr_ate_2_dia_turno_curso,180.0,180.0,600.0,14400.0,False,False,alfabetica,,alfabetica,,./dados/2024_1/horarios_2024_1.xlsx,./dados/2024_1/salas_2024_1.csv,./dados/2024_1/salas_preferenciais_2024.1.xlsx,/Users/robertdrey/Documents/workspace/development/alocador_de_salas,resultados/experimentos/2024_1/novas_hibridas/progr_2_depois_dia_turno/melhor_solucao.sol,resultados/experimentos/2024_1/novas_hibridas/progr_2_depois_dia_turno/historico.csv,resultados/experimentos/2024_1/novas_hibridas/progr_2_depois_dia_turno/historico.json,curso -> par_cursos -> dia_turno_curso,progressiva,alfabetica,,alfabetica,,alfabetica,,180.0,1,180.0,600.0,1,0,TEMPO_TOTAL,1,,,
1,2,3,curso,CC,47,10534,84456,OPTIMAL,186275.5,186275.5,False,186275.5,1.09,0.77,600.0,CC,alfabetica,,3,1,curso,2,True,TEMPO_TOTAL,iteracao,cursos_progr_ate_2_dia_turno_curso,180.0,180.0,600.0,14400.0,False,False,alfabetica,,alfabetica,,./dados/2024_1/horarios_2024_1.xlsx,./dados/2024_1/salas_2024_1.csv,./dados/2024_1/salas_preferenciais_2024.1.xlsx,/Users/robertdrey/Documents/workspace/development/alocador_de_salas,resultados/experimentos/2024_1/novas_hibridas/progr_2_depois_dia_turno/melhor_solucao.sol,resultados/experimentos/2024_1/novas_hibridas/progr_2_depois_dia_turno/historico.csv,resultados/experimentos/2024_1/novas_hibridas/progr_2_depois_dia_turno/historico.json,curso -> par_cursos -> dia_turno_curso,progressiva,alfabetica,,alfabetica,,alfabetica,,180.0,1,180.0,600.0,1,0,TEMPO_TOTAL,1,,,
1,2,4,curso,CS,22,4554,90436,OPTIMAL,186275.5,186275.5,False,186275.5,0.6,0.29,600.0,CS,alfabetica,,4,1,curso,2,True,TEMPO_TOTAL,iteracao,cursos_progr_ate_2_dia_turno_curso,180.0,180.0,600.0,14400.0,False,False,alfabetica,,alfabetica,,./dados/2024_1/horarios_2024_1.xlsx,./dados/2024_1/salas_2024_1.csv,./dados/2024_1/salas_preferenciais_2024.1.xlsx,/Users/robertdrey/Documents/workspace/development/alocador_de_salas,resultados/experimentos/2024_1/novas_hibridas/progr_2_depois_dia_turno/melhor_solucao.sol,resultados/experimentos/2024_1/novas_hibridas/progr_2_depois_dia_turno/historico.csv,resultados/experimentos/2024_1/novas_hibridas/progr_2_depois_dia_turno/historico.json,curso -> par_cursos -> dia_turno_curso,progressiva,alfabetica,,alfabetica,,alfabetica,,180.0,1,180.0,600.0,1,0,TEMPO_TOTAL,1,,,
1,2,5,curso,EAS,45,7452,87538,OPTIMAL,186275.5,186275.5,False,186275.5,0.68,0.37,600.0,EAS,alfabetica,,5,1,curso,2,True,TEMPO_TOTAL,iteracao,cursos_progr_ate_2_dia_turno_curso,180.0,180.0,600.0,14400.0,False,False,alfabetica,,alfabetica,,./dados/2024_1/horarios_2024_1.xlsx,./dados/2024_1/salas_2024_1.csv,./dados/2024_1/salas_preferenciais_2024.1.xlsx,/Users/robertdrey/Documents/workspace/development/alocador_de_salas,resultados/experimentos/2024_1/novas_hibridas/progr_2_depois_dia_turno/melhor_solucao.sol,resultados/experimentos/2024_1/novas_hibridas/progr_2_depois_dia_turno/historico.csv,resultados/experimentos/2024_1/novas_hibridas/progr_2_depois_dia_turno/historico.json,curso -> par_cursos -> dia_turno_curso,progressiva,alfabetica,,alfabetica,,alfabetica,,180.0,1,180.0,600.0,1,0,TEMPO_TOTAL,1,,,
1,2,6,curso,ENF,18,8510,86480,OPTIMAL,186275.5,186275.5,False,186275.5,2.56,2.24,600.0,ENF,alfabetica,,6,1,curso,2,True,TEMPO_TOTAL,iteracao,cursos_progr_ate_2_dia_turno_curso,180.0,180.0,600.0,14400.0,False,False,alfabetica,,alfabetica,,./dados/2024_1/horarios_2024_1.xlsx,./dados/2024_1/salas_2024_1.csv,./dados/2024_1/salas_preferenciais_2024.1.xlsx,/Users/robertdrey/Documents/workspace/development/alocador_de_salas,resultados/experimentos/2024_1/novas_hibridas/progr_2_depois_dia_turno/melhor_solucao.sol,resultados/experimentos/2024_1/novas_hibridas/progr_2_depois_dia_turno/historico.csv,resultados/experimentos/2024_1/novas_hibridas/progr_2_depois_dia_turno/historico.json,curso -> par_cursos -> dia_turno_curso,progressiva,alfabetica,,alfabetica,,alfabetica,,180.0,1,180.0,600.0,1,0,TEMPO_TOTAL,1,,,
1,2,7,curso,FIL,15,2760,92230,OPTIMAL,186275.5,186275.5,False,186275.5,0.58,0.26,600.0,FIL,alfabetica,,7,1,curso,2,True,TEMPO_TOTAL,iteracao,cursos_progr_ate_2_dia_turno_curso,180.0,180.0,600.0,14400.0,False,False,alfabetica,,alfabetica,,./dados/2024_1/horarios_2024_1.xlsx,./dados/2024_1/salas_2024_1.csv,./dados/2024_1/salas_preferenciais_2024.1.xlsx,/Users/robertdrey/Documents/workspace/development/alocador_de_salas,resultados/experimentos/2024_1/novas_hibridas/progr_2_depois_dia_turno/melhor_solucao.sol,resultados/experimentos/2024_1/novas_hibridas/progr_2_depois_dia_turno/historico.csv,resultados/experimentos/2024_1/novas_hibridas/progr_2_depois_dia_turno/historico.json,curso -> par_cursos -> dia_turno_curso,progressiva,alfabetica,,alfabetica,,alfabetica,,180.0,1,180.0,600.0,1,0,TEMPO_TOTAL,1,,,
1,2,8,curso,GEO,10,2070,92920,OPTIMAL,186275.5,186275.5,False,186275.5,0.58,0.26,600.0,GEO,alfabetica,,8,1,curso,2,True,TEMPO_TOTAL,iteracao,cursos_progr_ate_2_dia_turno_curso,180.0,180.0,600.0,14400.0,False,False,alfabetica,,alfabetica,,./dados/2024_1/horarios_2024_1.xlsx,./dados/2024_1/salas_2024_1.csv,./dados/2024_1/salas_preferenciais_2024.1.xlsx,/Users/robertdrey/Documents/workspace/development/alocador_de_salas,resultados/experimentos/2024_1/novas_hibridas/progr_2_depois_dia_turno/melhor_solucao.sol,resultados/experimentos/2024_1/novas_hibridas/progr_2_depois_dia_turno/historico.csv,resultados/experimentos/2024_1/novas_hibridas/progr_2_depois_dia_turno/historico.json,curso -> par_cursos -> dia_turno_curso,progressiva,alfabetica,,alfabetica,,alfabetica,,180.0,1,180.0,600.0,1,0,TEMPO_TOTAL,1,,,
1,2,9,curso,HIS,24,4784,90206,OPTIMAL,186275.5,186275.5,False,186275.5,0.64,0.32,600.0,HIS,alfabetica,,9,1,curso,2,True,TEMPO_TOTAL,iteracao,cursos_progr_ate_2_dia_turno_curso,180.0,180.0,600.0,14400.0,False,False,alfabetica,,alfabetica,,./dados/2024_1/horarios_2024_1.xlsx,./dados/2024_1/salas_2024_1.csv,./dados/2024_1/salas_preferenciais_2024.1.xlsx,/Users/robertdrey/Documents/workspace/development/alocador_de_salas,resultados/experimentos/2024_1/novas_hibridas/progr_2_depois_dia_turno/melhor_solucao.sol,resultados/experimentos/2024_1/novas_hibridas/progr_2_depois_dia_turno/historico.csv,resultados/experimentos/2024_1/novas_hibridas/progr_2_depois_dia_turno/historico.json,curso -> par_cursos -> dia_turno_curso,progressiva,alfabetica,,alfabetica,,alfabetica,,180.0,1,180.0,600.0,1,0,TEMPO_TOTAL,1,,,
1,2,10,curso,LET,36,9154,85836,OPTIMAL,186275.5,186275.5,False,186275.5,2.46,2.15,600.0,LET,alfabetica,,10,1,curso,2,True,TEMPO_TOTAL,iteracao,cursos_progr_ate_2_dia_turno_curso,180.0,180.0,600.0,14400.0,False,False,alfabetica,,alfabetica,,./dados/2024_1/horarios_2024_1.xlsx,./dados/2024_1/salas_2024_1.csv,./dados/2024_1/salas_preferenciais_2024.1.xlsx,/Users/robertdrey/Documents/workspace/development/alocador_de_salas,resultados/experimentos/2024_1/novas_hibridas/progr_2_depois_dia_turno/melhor_solucao.sol,resultados/experimentos/2024_1/novas_hibridas/progr_2_depois_dia_turno/historico.csv,resultados/experimentos/2024_1/novas_hibridas/progr_2_depois_dia_turno/historico.json,curso -> par_cursos -> dia_turno_curso,progressiva,alfabetica,,alfabetica,,alfabetica,,180.0,1,180.0,600.0,1,0,TEMPO_TOTAL,1,,,
1,2,11,curso,MAT,23,4968,90022,OPTIMAL,186275.5,186275.5,False,186275.5,0.67,0.35,600.0,MAT,alfabetica,,11,1,curso,2,True,TEMPO_TOTAL,iteracao,cursos_progr_ate_2_dia_turno_curso,180.0,180.0,600.0,14400.0,False,False,alfabetica,,alfabetica,,./dados/2024_1/horarios_2024_1.xlsx,./dados/2024_1/salas_2024_1.csv,./dados/2024_1/salas_preferenciais_2024.1.xlsx,/Users/robertdrey/Documents/workspace/development/alocador_de_salas,resultados/experimentos/2024_1/novas_hibridas/progr_2_depois_dia_turno/melhor_solucao.sol,resultados/experimentos/2024_1/novas_hibridas/progr_2_depois_dia_turno/historico.csv,resultados/experimentos/2024_1/novas_hibridas/progr_2_depois_dia_turno/historico.json,curso -> par_cursos -> dia_turno_curso,progressiva,alfabetica,,alfabetica,,alfabetica,,180.0,1,180.0,600.0,1,0,TEMPO_TOTAL,1,,,
1,2,12,curso,MED,41,9384,85606,OPTIMAL,186275.5,186275.5,False,186275.5,1.14,0.84,600.0,MED,alfabetica,,12,1,curso,2,True,TEMPO_TOTAL,iteracao,cursos_progr_ate_2_dia_turno_curso,180.0,180.0,600.0,14400.0,False,False,alfabetica,,alfabetica,,./dados/2024_1/horarios_2024_1.xlsx,./dados/2024_1/salas_2024_1.csv,./dados/2024_1/salas_preferenciais_2024.1.xlsx,/Users/robertdrey/Documents/workspace/development/alocador_de_salas,resultados/experimentos/2024_1/novas_hibridas/progr_2_depois_dia_turno/melhor_solucao.sol,resultados/experimentos/2024_1/novas_hibridas/progr_2_depois_dia_turno/historico.csv,resultados/experimentos/2024_1/novas_hibridas/progr_2_depois_dia_turno/historico.json,curso -> par_cursos -> dia_turno_curso,progressiva,alfabetica,,alfabetica,,alfabetica,,180.0,1,180.0,600.0,1,0,TEMPO_TOTAL,1,,,
1,2,13,curso,PED,56,12788,82202,OPTIMAL,186275.5,186275.5,False,186275.5,3.79,3.47,600.0,PED,alfabetica,,13,1,curso,2,True,TEMPO_TOTAL,iteracao,cursos_progr_ate_2_dia_turno_curso,180.0,180.0,600.0,14400.0,False,False,alfabetica,,alfabetica,,./dados/2024_1/horarios_2024_1.xlsx,./dados/2024_1/salas_2024_1.csv,./dados/2024_1/salas_preferenciais_2024.1.xlsx,/Users/robertdrey/Documents/workspace/development/alocador_de_salas,resultados/experimentos/2024_1/novas_hibridas/progr_2_depois_dia_turno/melhor_solucao.sol,resultados/experimentos/2024_1/novas_hibridas/progr_2_depois_dia_turno/historico.csv,resultados/experimentos/2024_1/novas_hibridas/progr_2_depois_dia_turno/historico.json,curso -> par_cursos -> dia_turno_curso,progressiva,alfabetica,,alfabetica,,alfabetica,,180.0,1,180.0,600.0,1,0,TEMPO_TOTAL,1,,,
1,3,1,par_cursos,ADM+AGRO,99,18032,76958,OPTIMAL,186275.5,186275.5,False,186275.5,7.78,7.47,600.0,,alfabetica,,,2,par_cursos,1,True,TEMPO_TOTAL,iteracao,cursos_progr_ate_2_dia_turno_curso,180.0,180.0,600.0,14400.0,False,False,alfabetica,,alfabetica,,./dados/2024_1/horarios_2024_1.xlsx,./dados/2024_1/salas_2024_1.csv,./dados/2024_1/salas_preferenciais_2024.1.xlsx,/Users/robertdrey/Documents/workspace/development/alocador_de_salas,resultados/experimentos/2024_1/novas_hibridas/progr_2_depois_dia_turno/melhor_solucao.sol,resultados/experimentos/2024_1/novas_hibridas/progr_2_depois_dia_turno/historico.csv,resultados/experimentos/2024_1/novas_hibridas/progr_2_depois_dia_turno/historico.json,curso -> par_cursos -> dia_turno_curso,progressiva,alfabetica,,alfabetica,,alfabetica,,180.0,1,180.0,600.0,1,0,TEMPO_TOTAL,1,ADM,AGRO,1
1,3,2,par_cursos,ADM+CC,95,19826,75164,OPTIMAL,186275.5,186275.5,False,186275.5,2.27,1.96,600.0,,alfabetica,,,2,par_cursos,1,True,TEMPO_TOTAL,iteracao,cursos_progr_ate_2_dia_turno_curso,180.0,180.0,600.0,14400.0,False,False,alfabetica,,alfabetica,,./dados/2024_1/horarios_2024_1.xlsx,./dados/2024_1/salas_2024_1.csv,./dados/2024_1/salas_preferenciais_2024.1.xlsx,/Users/robertdrey/Documents/workspace/development/alocador_de_salas,resultados/experimentos/2024_1/novas_hibridas/progr_2_depois_dia_turno/melhor_solucao.sol,resultados/experimentos/2024_1/novas_hibridas/progr_2_depois_dia_turno/historico.csv,resultados/experimentos/2024_1/novas_hibridas/progr_2_depois_dia_turno/historico.json,curso -> par_cursos -> dia_turno_curso,progressiva,alfabetica,,alfabetica,,alfabetica,,180.0,1,180.0,600.0,1,0,TEMPO_TOTAL,1,ADM,CC,2
1,3,3,par_cursos,ADM+CS,70,13846,81144,OPTIMAL,186275.5,186275.5,False,186275.5,1.48,1.16,600.0,,alfabetica,,,2,par_cursos,1,True,TEMPO_TOTAL,iteracao,cursos_progr_ate_2_dia_turno_curso,180.0,180.0,600.0,14400.0,False,False,alfabetica,,alfabetica,,./dados/2024_1/horarios_2024_1.xlsx,./dados/2024_1/salas_2024_1.csv,./dados/2024_1/salas_preferenciais_2024.1.xlsx,/Users/robertdrey/Documents/workspace/development/alocador_de_salas,resultados/experimentos/2024_1/novas_hibridas/progr_2_depois_dia_turno/melhor_solucao.sol,resultados/experimentos/2024_1/novas_hibridas/progr_2_depois_dia_turno/historico.csv,resultados/experimentos/2024_1/novas_hibridas/progr_2_depois_dia_turno/historico.json,curso -> par_cursos -> dia_turno_curso,progressiva,alfabetica,,alfabetica,,alfabetica,,180.0,1,180.0,600.0,1,0,TEMPO_TOTAL,1,ADM,CS,3
1,3,4,par_cursos,ADM+EAS,93,16744,78246,OPTIMAL,186275.5,186270.5,True,186270.5,1.46,1.13,600.0,,alfabetica,,,2,par_cursos,1,True,TEMPO_TOTAL,iteracao,cursos_progr_ate_2_dia_turno_curso,180.0,180.0,600.0,14400.0,False,False,alfabetica,,alfabetica,,./dados/2024_1/horarios_2024_1.xlsx,./dados/2024_1/salas_2024_1.csv,./dados/2024_1/salas_preferenciais_2024.1.xlsx,/Users/robertdrey/Documents/workspace/development/alocador_de_salas,resultados/experimentos/2024_1/novas_hibridas/progr_2_depois_dia_turno/melhor_solucao.sol,resultados/experimentos/2024_1/novas_hibridas/progr_2_depois_dia_turno/historico.csv,resultados/experimentos/2024_1/novas_hibridas/progr_2_depois_dia_turno/historico.json,curso -> par_cursos -> dia_turno_curso,progressiva,alfabetica,,alfabetica,,alfabetica,,180.0,1,180.0,600.0,1,0,TEMPO_TOTAL,1,ADM,EAS,4
1,3,5,par_cursos,ADM+ENF,66,17802,77188,OPTIMAL,186270.5,186270.5,False,186270.5,27.39,27.07,600.0,,alfabetica,,,2,par_cursos,1,True,TEMPO_TOTAL,iteracao,cursos_progr_ate_2_dia_turno_curso,180.0,180.0,600.0,14400.0,False,False,alfabetica,,alfabetica,,./dados/2024_1/horarios_2024_1.xlsx,./dados/2024_1/salas_2024_1.csv,./dados/2024_1/salas_preferenciais_2024.1.xlsx,/Users/robertdrey/Documents/workspace/development/alocador_de_salas,resultados/experimentos/2024_1/novas_hibridas/progr_2_depois_dia_turno/melhor_solucao.sol,resultados/experimentos/2024_1/novas_hibridas/progr_2_depois_dia_turno/historico.csv,resultados/experimentos/2024_1/novas_hibridas/progr_2_depois_dia_turno/historico.json,curso -> par_cursos -> dia_turno_curso,progressiva,alfabetica,,alfabetica,,alfabetica,,180.0,1,180.0,600.0,1,0,TEMPO_TOTAL,1,ADM,ENF,5
1,3,6,par_cursos,ADM+FIL,63,12052,82938,OPTIMAL,186270.5,186270.5,False,186270.5,1.06,0.73,600.0,,alfabetica,,,2,par_cursos,1,True,TEMPO_TOTAL,iteracao,cursos_progr_ate_2_dia_turno_curso,180.0,180.0,600.0,14400.0,False,False,alfabetica,,alfabetica,,./dados/2024_1/horarios_2024_1.xlsx,./dados/2024_1/salas_2024_1.csv,./dados/2024_1/salas_preferenciais_2024.1.xlsx,/Users/robertdrey/Documents/workspace/development/alocador_de_salas,resultados/experimentos/2024_1/novas_hibridas/progr_2_depois_dia_turno/melhor_solucao.sol,resultados/experimentos/2024_1/novas_hibridas/progr_2_depois_dia_turno/historico.csv,resultados/experimentos/2024_1/novas_hibridas/progr_2_depois_dia_turno/historico.json,curso -> par_cursos -> dia_turno_curso,progressiva,alfabetica,,alfabetica,,alfabetica,,180.0,1,180.0,600.0,1,0,TEMPO_TOTAL,1,ADM,FIL,6
1,3,7,par_cursos,ADM+GEO,58,11362,83628,OPTIMAL,186270.5,186270.5,False,186270.5,1.02,0.69,600.0,,alfabetica,,,2,par_cursos,1,True,TEMPO_TOTAL,iteracao,cursos_progr_ate_2_dia_turno_curso,180.0,180.0,600.0,14400.0,False,False,alfabetica,,alfabetica,,./dados/2024_1/horarios_2024_1.xlsx,./dados/2024_1/salas_2024_1.csv,./dados/2024_1/salas_preferenciais_2024.1.xlsx,/Users/robertdrey/Documents/workspace/development/alocador_de_salas,resultados/experimentos/2024_1/novas_hibridas/progr_2_depois_dia_turno/melhor_solucao.sol,resultados/experimentos/2024_1/novas_hibridas/progr_2_depois_dia_turno/historico.csv,resultados/experimentos/2024_1/novas_hibridas/progr_2_depois_dia_turno/historico.json,curso -> par_cursos -> dia_turno_curso,progressiva,alfabetica,,alfabetica,,alfabetica,,180.0,1,180.0,600.0,1,0,TEMPO_TOTAL,1,ADM,GEO,7
1,3,8,par_cursos,ADM+HIS,72,14076,80914,OPTIMAL,186270.5,186270.5,False,186270.5,1.48,1.15,600.0,,alfabetica,,,2,par_cursos,1,True,TEMPO_TOTAL,iteracao,cursos_progr_ate_2_dia_turno_curso,180.0,180.0,600.0,14400.0,False,False,alfabetica,,alfabetica,,./dados/2024_1/horarios_2024_1.xlsx,./dados/2024_1/salas_2024_1.csv,./dados/2024_1/salas_preferenciais_2024.1.xlsx,/Users/robertdrey/Documents/workspace/development/alocador_de_salas,resultados/experimentos/2024_1/novas_hibridas/progr_2_depois_dia_turno/melhor_solucao.sol,resultados/experimentos/2024_1/novas_hibridas/progr_2_depois_dia_turno/historico.csv,resultados/experimentos/2024_1/novas_hibridas/progr_2_depois_dia_turno/historico.json,curso -> par_cursos -> dia_turno_curso,progressiva,alfabetica,,alfabetica,,alfabetica,,180.0,1,180.0,600.0,1,0,TEMPO_TOTAL,1,ADM,HIS,8
1,3,9,par_cursos,ADM+LET,84,18446,76544,OPTIMAL,186270.5,186254.5,True,186254.5,155.8,155.46,600.0,,alfabetica,,,2,par_cursos,1,True,TEMPO_TOTAL,iteracao,cursos_progr_ate_2_dia_turno_curso,180.0,180.0,600.0,14400.0,False,False,alfabetica,,alfabetica,,./dados/2024_1/horarios_2024_1.xlsx,./dados/2024_1/salas_2024_1.csv,./dados/2024_1/salas_preferenciais_2024.1.xlsx,/Users/robertdrey/Documents/workspace/development/alocador_de_salas,resultados/experimentos/2024_1/novas_hibridas/progr_2_depois_dia_turno/melhor_solucao.sol,resultados/experimentos/2024_1/novas_hibridas/progr_2_depois_dia_turno/historico.csv,resultados/experimentos/2024_1/novas_hibridas/progr_2_depois_dia_turno/historico.json,curso -> par_cursos -> dia_turno_curso,progressiva,alfabetica,,alfabetica,,alfabetica,,180.0,1,180.0,600.0,1,0,TEMPO_TOTAL,1,ADM,LET,9
1,3,10,par_cursos,ADM+MAT,71,14260,80730,OPTIMAL,186254.5,186254.5,False,186254.5,1.92,1.57,600.0,,alfabetica,,,2,par_cursos,1,True,TEMPO_TOTAL,iteracao,cursos_progr_ate_2_dia_turno_curso,180.0,180.0,600.0,14400.0,False,False,alfabetica,,alfabetica,,./dados/2024_1/horarios_2024_1.xlsx,./dados/2024_1/salas_2024_1.csv,./dados/2024_1/salas_preferenciais_2024.1.xlsx,/Users/robertdrey/Documents/workspace/development/alocador_de_salas,resultados/experimentos/2024_1/novas_hibridas/progr_2_depois_dia_turno/melhor_solucao.sol,resultados/experimentos/2024_1/novas_hibridas/progr_2_depois_dia_turno/historico.csv,resultados/experimentos/2024_1/novas_hibridas/progr_2_depois_dia_turno/historico.json,curso -> par_cursos -> dia_turno_curso,progressiva,alfabetica,,alfabetica,,alfabetica,,180.0,1,180.0,600.0,1,0,TEMPO_TOTAL,1,ADM,MAT,10
1,3,11,par_cursos,ADM+MED,89,18676,76314,OPTIMAL,186254.5,186254.5,False,186254.5,2.81,2.45,600.0,,alfabetica,,,2,par_cursos,1,True,TEMPO_TOTAL,iteracao,cursos_progr_ate_2_dia_turno_curso,180.0,180.0,600.0,14400.0,False,False,alfabetica,,alfabetica,,./dados/2024_1/horarios_2024_1.xlsx,./dados/2024_1/salas_2024_1.csv,./dados/2024_1/salas_preferenciais_2024.1.xlsx,/Users/robertdrey/Documents/workspace/development/alocador_de_salas,resultados/experimentos/2024_1/novas_hibridas/progr_2_depois_dia_turno/melhor_solucao.sol,resultados/experimentos/2024_1/novas_hibridas/progr_2_depois_dia_turno/historico.csv,resultados/experimentos/2024_1/novas_hibridas/progr_2_depois_dia_turno/historico.json,curso -> par_cursos -> dia_turno_curso,progressiva,alfabetica,,alfabetica,,alfabetica,,180.0,1,180.0,600.0,1,0,TEMPO_TOTAL,1,ADM,MED,11
1,3,12,par_cursos,ADM+PED,104,22080,72910,TIME_LIMIT,186254.5,186180.0,True,186180.0,600.47,600.15,600.0,,alfabetica,,,2,par_cursos,1,True,TEMPO_TOTAL,iteracao,cursos_progr_ate_2_dia_turno_curso,180.0,180.0,600.0,14400.0,False,False,alfabetica,,alfabetica,,./dados/2024_1/horarios_2024_1.xlsx,./dados/2024_1/salas_2024_1.csv,./dados/2024_1/salas_preferenciais_2024.1.xlsx,/Users/robertdrey/Documents/workspace/development/alocador_de_salas,resultados/experimentos/2024_1/novas_hibridas/progr_2_depois_dia_turno/melhor_solucao.sol,resultados/experimentos/2024_1/novas_hibridas/progr_2_depois_dia_turno/historico.csv,resultados/experimentos/2024_1/novas_hibridas/progr_2_depois_dia_turno/historico.json,curso -> par_cursos -> dia_turno_curso,progressiva,alfabetica,,alfabetica,,alfabetica,,180.0,1,180.0,600.0,1,0,TEMPO_TOTAL,1,ADM,PED,12
1,3,13,par_cursos,AGRO+CC,98,19274,75716,OPTIMAL,186180.0,186180.0,False,186180.0,55.77,55.35,600.0,,alfabetica,,,2,par_cursos,1,True,TEMPO_TOTAL,iteracao,cursos_progr_ate_2_dia_turno_curso,180.0,180.0,600.0,14400.0,False,False,alfabetica,,alfabetica,,./dados/2024_1/horarios_2024_1.xlsx,./dados/2024_1/salas_2024_1.csv,./dados/2024_1/salas_preferenciais_2024.1.xlsx,/Users/robertdrey/Documents/workspace/development/alocador_de_salas,resultados/experimentos/2024_1/novas_hibridas/progr_2_depois_dia_turno/melhor_solucao.sol,resultados/experimentos/2024_1/novas_hibridas/progr_2_depois_dia_turno/historico.csv,resultados/experimentos/2024_1/novas_hibridas/progr_2_depois_dia_turno/historico.json,curso -> par_cursos -> dia_turno_curso,progressiva,alfabetica,,alfabetica,,alfabetica,,180.0,1,180.0,600.0,1,0,TEMPO_TOTAL,1,AGRO,CC,13
1,3,14,par_cursos,AGRO+CS,73,13294,81696,OPTIMAL,186180.0,186175.0,True,186175.0,4.25,3.92,600.0,,alfabetica,,,2,par_cursos,1,True,TEMPO_TOTAL,iteracao,cursos_progr_ate_2_dia_turno_curso,180.0,180.0,600.0,14400.0,False,False,alfabetica,,alfabetica,,./dados/2024_1/horarios_2024_1.xlsx,./dados/2024_1/salas_2024_1.csv,./dados/2024_1/salas_preferenciais_2024.1.xlsx,/Users/robertdrey/Documents/workspace/development/alocador_de_salas,resultados/experimentos/2024_1/novas_hibridas/progr_2_depois_dia_turno/melhor_solucao.sol,resultados/experimentos/2024_1/novas_hibridas/progr_2_depois_dia_turno/historico.csv,resultados/experimentos/2024_1/novas_hibridas/progr_2_depois_dia_turno/historico.json,curso -> par_cursos -> dia_turno_curso,progressiva,alfabetica,,alfabetica,,alfabetica,,180.0,1,180.0,600.0,1,0,TEMPO_TOTAL,1,AGRO,CS,14
1,3,15,par_cursos,AGRO+EAS,96,16192,78798,OPTIMAL,186175.0,186175.0,False,186175.0,6.51,6.18,600.0,,alfabetica,,,2,par_cursos,1,True,TEMPO_TOTAL,iteracao,cursos_progr_ate_2_dia_turno_curso,180.0,180.0,600.0,14400.0,False,False,alfabetica,,alfabetica,,./dados/2024_1/horarios_2024_1.xlsx,./dados/2024_1/salas_2024_1.csv,./dados/2024_1/salas_preferenciais_2024.1.xlsx,/Users/robertdrey/Documents/workspace/development/alocador_de_salas,resultados/experimentos/2024_1/novas_hibridas/progr_2_depois_dia_turno/melhor_solucao.sol,resultados/experimentos/2024_1/novas_hibridas/progr_2_depois_dia_turno/historico.csv,resultados/experimentos/2024_1/novas_hibridas/progr_2_depois_dia_turno/historico.json,curso -> par_cursos -> dia_turno_curso,progressiva,alfabetica,,alfabetica,,alfabetica,,180.0,1,180.0,600.0,1,0,TEMPO_TOTAL,1,AGRO,EAS,15
1,3,16,par_cursos,AGRO+ENF,69,17250,77740,OPTIMAL,186175.0,186156.5,True,186156.5,157.27,156.96,600.0,,alfabetica,,,2,par_cursos,1,True,TEMPO_TOTAL,iteracao,cursos_progr_ate_2_dia_turno_curso,180.0,180.0,600.0,14400.0,False,False,alfabetica,,alfabetica,,./dados/2024_1/horarios_2024_1.xlsx,./dados/2024_1/salas_2024_1.csv,./dados/2024_1/salas_preferenciais_2024.1.xlsx,/Users/robertdrey/Documents/workspace/development/alocador_de_salas,resultados/experimentos/2024_1/novas_hibridas/progr_2_depois_dia_turno/melhor_solucao.sol,resultados/experimentos/2024_1/novas_hibridas/progr_2_depois_dia_turno/historico.csv,resultados/experimentos/2024_1/novas_hibridas/progr_2_depois_dia_turno/historico.json,curso -> par_cursos -> dia_turno_curso,progressiva,alfabetica,,alfabetica,,alfabetica,,180.0,1,180.0,600.0,1,0,TEMPO_TOTAL,1,AGRO,ENF,16
1,3,17,par_cursos,AGRO+FIL,66,11500,83490,OPTIMAL,186156.5,186156.5,False,186156.5,3.15,2.84,600.0,,alfabetica,,,2,par_cursos,1,True,TEMPO_TOTAL,iteracao,cursos_progr_ate_2_dia_turno_curso,180.0,180.0,600.0,14400.0,False,False,alfabetica,,alfabetica,,./dados/2024_1/horarios_2024_1.xlsx,./dados/2024_1/salas_2024_1.csv,./dados/2024_1/salas_preferenciais_2024.1.xlsx,/Users/robertdrey/Documents/workspace/development/alocador_de_salas,resultados/experimentos/2024_1/novas_hibridas/progr_2_depois_dia_turno/melhor_solucao.sol,resultados/experimentos/2024_1/novas_hibridas/progr_2_depois_dia_turno/historico.csv,resultados/experimentos/2024_1/novas_hibridas/progr_2_depois_dia_turno/historico.json,curso -> par_cursos -> dia_turno_curso,progressiva,alfabetica,,alfabetica,,alfabetica,,180.0,1,180.0,600.0,1,0,TEMPO_TOTAL,1,AGRO,FIL,17
1,3,18,par_cursos,AGRO+GEO,61,10810,84180,OPTIMAL,186156.5,186156.5,False,186156.5,3.49,3.14,600.0,,alfabetica,,,2,par_cursos,1,True,TEMPO_TOTAL,iteracao,cursos_progr_ate_2_dia_turno_curso,180.0,180.0,600.0,14400.0,False,False,alfabetica,,alfabetica,,./dados/2024_1/horarios_2024_1.xlsx,./dados/2024_1/salas_2024_1.csv,./dados/2024_1/salas_preferenciais_2024.1.xlsx,/Users/robertdrey/Documents/workspace/development/alocador_de_salas,resultados/experimentos/2024_1/novas_hibridas/progr_2_depois_dia_turno/melhor_solucao.sol,resultados/experimentos/2024_1/novas_hibridas/progr_2_depois_dia_turno/historico.csv,resultados/experimentos/2024_1/novas_hibridas/progr_2_depois_dia_turno/historico.json,curso -> par_cursos -> dia_turno_curso,progressiva,alfabetica,,alfabetica,,alfabetica,,180.0,1,180.0,600.0,1,0,TEMPO_TOTAL,1,AGRO,GEO,18
1,3,19,par_cursos,AGRO+HIS,75,13524,81466,OPTIMAL,186156.5,186156.5,False,186156.5,3.97,3.66,600.0,,alfabetica,,,2,par_cursos,1,True,TEMPO_TOTAL,iteracao,cursos_progr_ate_2_dia_turno_curso,180.0,180.0,600.0,14400.0,False,False,alfabetica,,alfabetica,,./dados/2024_1/horarios_2024_1.xlsx,./dados/2024_1/salas_2024_1.csv,./dados/2024_1/salas_preferenciais_2024.1.xlsx,/Users/robertdrey/Documents/workspace/development/alocador_de_salas,resultados/experimentos/2024_1/novas_hibridas/progr_2_depois_dia_turno/melhor_solucao.sol,resultados/experimentos/2024_1/novas_hibridas/progr_2_depois_dia_turno/historico.csv,resultados/experimentos/2024_1/novas_hibridas/progr_2_depois_dia_turno/historico.json,curso -> par_cursos -> dia_turno_curso,progressiva,alfabetica,,alfabetica,,alfabetica,,180.0,1,180.0,600.0,1,0,TEMPO_TOTAL,1,AGRO,HIS,19
1,3,20,par_cursos,AGRO+LET,87,17894,77096,OPTIMAL,186156.5,186156.5,False,186156.5,45.02,44.71,600.0,,alfabetica,,,2,par_cursos,1,True,TEMPO_TOTAL,iteracao,cursos_progr_ate_2_dia_turno_curso,180.0,180.0,600.0,14400.0,False,False,alfabetica,,alfabetica,,./dados/2024_1/horarios_2024_1.xlsx,./dados/2024_1/salas_2024_1.csv,./dados/2024_1/salas_preferenciais_2024.1.xlsx,/Users/robertdrey/Documents/workspace/development/alocador_de_salas,resultados/experimentos/2024_1/novas_hibridas/progr_2_depois_dia_turno/melhor_solucao.sol,resultados/experimentos/2024_1/novas_hibridas/progr_2_depois_dia_turno/historico.csv,resultados/experimentos/2024_1/novas_hibridas/progr_2_depois_dia_turno/historico.json,curso -> par_cursos -> dia_turno_curso,progressiva,alfabetica,,alfabetica,,alfabetica,,180.0,1,180.0,600.0,1,0,TEMPO_TOTAL,1,AGRO,LET,20
1,3,21,par_cursos,AGRO+MAT,74,13708,81282,OPTIMAL,186156.5,186156.5,False,186156.5,3.85,3.55,600.0,,alfabetica,,,2,par_cursos,1,True,TEMPO_TOTAL,iteracao,cursos_progr_ate_2_dia_turno_curso,180.0,180.0,600.0,14400.0,False,False,alfabetica,,alfabetica,,./dados/2024_1/horarios_2024_1.xlsx,./dados/2024_1/salas_2024_1.csv,./dados/2024_1/salas_preferenciais_2024.1.xlsx,/Users/robertdrey/Documents/workspace/development/alocador_de_salas,resultados/experimentos/2024_1/novas_hibridas/progr_2_depois_dia_turno/melhor_solucao.sol,resultados/experimentos/2024_1/novas_hibridas/progr_2_depois_dia_turno/historico.csv,resultados/experimentos/2024_1/novas_hibridas/progr_2_depois_dia_turno/historico.json,curso -> par_cursos -> dia_turno_curso,progressiva,alfabetica,,alfabetica,,alfabetica,,180.0,1,180.0,600.0,1,0,TEMPO_TOTAL,1,AGRO,MAT,21
1,3,22,par_cursos,AGRO+MED,92,18124,76866,TIME_LIMIT,186156.5,185945.0,True,185945.0,600.37,600.03,600.0,,alfabetica,,,2,par_cursos,1,True,TEMPO_TOTAL,iteracao,cursos_progr_ate_2_dia_turno_curso,180.0,180.0,600.0,14400.0,False,False,alfabetica,,alfabetica,,./dados/2024_1/horarios_2024_1.xlsx,./dados/2024_1/salas_2024_1.csv,./dados/2024_1/salas_preferenciais_2024.1.xlsx,/Users/robertdrey/Documents/workspace/development/alocador_de_salas,resultados/experimentos/2024_1/novas_hibridas/progr_2_depois_dia_turno/melhor_solucao.sol,resultados/experimentos/2024_1/novas_hibridas/progr_2_depois_dia_turno/historico.csv,resultados/experimentos/2024_1/novas_hibridas/progr_2_depois_dia_turno/historico.json,curso -> par_cursos -> dia_turno_curso,progressiva,alfabetica,,alfabetica,,alfabetica,,180.0,1,180.0,600.0,1,0,TEMPO_TOTAL,1,AGRO,MED,22
1,3,23,par_cursos,AGRO+PED,107,21528,73462,OPTIMAL,185945.0,185945.0,False,185945.0,44.02,43.66,600.0,,alfabetica,,,2,par_cursos,1,True,TEMPO_TOTAL,iteracao,cursos_progr_ate_2_dia_turno_curso,180.0,180.0,600.0,14400.0,False,False,alfabetica,,alfabetica,,./dados/2024_1/horarios_2024_1.xlsx,./dados/2024_1/salas_2024_1.csv,./dados/2024_1/salas_preferenciais_2024.1.xlsx,/Users/robertdrey/Documents/workspace/development/alocador_de_salas,resultados/experimentos/2024_1/novas_hibridas/progr_2_depois_dia_turno/melhor_solucao.sol,resultados/experimentos/2024_1/novas_hibridas/progr_2_depois_dia_turno/historico.csv,resultados/experimentos/2024_1/novas_hibridas/progr_2_depois_dia_turno/historico.json,curso -> par_cursos -> dia_turno_curso,progressiva,alfabetica,,alfabetica,,alfabetica,,180.0,1,180.0,600.0,1,0,TEMPO_TOTAL,1,AGRO,PED,23
1,3,24,par_cursos,CC+CS,69,15088,79902,OPTIMAL,185945.0,185940.0,True,185940.0,36.77,36.46,600.0,,alfabetica,,,2,par_cursos,1,True,TEMPO_TOTAL,iteracao,cursos_progr_ate_2_dia_turno_curso,180.0,180.0,600.0,14400.0,False,False,alfabetica,,alfabetica,,./dados/2024_1/horarios_2024_1.xlsx,./dados/2024_1/salas_2024_1.csv,./dados/2024_1/salas_preferenciais_2024.1.xlsx,/Users/robertdrey/Documents/workspace/development/alocador_de_salas,resultados/experimentos/2024_1/novas_hibridas/progr_2_depois_dia_turno/melhor_solucao.sol,resultados/experimentos/2024_1/novas_hibridas/progr_2_depois_dia_turno/historico.csv,resultados/experimentos/2024_1/novas_hibridas/progr_2_depois_dia_turno/historico.json,curso -> par_cursos -> dia_turno_curso,progressiva,alfabetica,,alfabetica,,alfabetica,,180.0,1,180.0,600.0,1,0,TEMPO_TOTAL,1,CC,CS,24
1,3,25,par_cursos,CC+EAS,92,17986,77004,OPTIMAL,185940.0,185940.0,False,185940.0,3.88,3.58,600.0,,alfabetica,,,2,par_cursos,1,True,TEMPO_TOTAL,iteracao,cursos_progr_ate_2_dia_turno_curso,180.0,180.0,600.0,14400.0,False,False,alfabetica,,alfabetica,,./dados/2024_1/horarios_2024_1.xlsx,./dados/2024_1/salas_2024_1.csv,./dados/2024_1/salas_preferenciais_2024.1.xlsx,/Users/robertdrey/Documents/workspace/development/alocador_de_salas,resultados/experimentos/2024_1/novas_hibridas/progr_2_depois_dia_turno/melhor_solucao.sol,resultados/experimentos/2024_1/novas_hibridas/progr_2_depois_dia_turno/historico.csv,resultados/experimentos/2024_1/novas_hibridas/progr_2_depois_dia_turno/historico.json,curso -> par_cursos -> dia_turno_curso,progressiva,alfabetica,,alfabetica,,alfabetica,,180.0,1,180.0,600.0,1,0,TEMPO_TOTAL,1,CC,EAS,25
1,3,26,par_cursos,CC+ENF,65,19044,75946,OPTIMAL,185940.0,185940.0,False,185940.0,115.77,115.47,600.0,,alfabetica,,,2,par_cursos,1,True,TEMPO_TOTAL,iteracao,cursos_progr_ate_2_dia_turno_curso,180.0,180.0,600.0,14400.0,False,False,alfabetica,,alfabetica,,./dados/2024_1/horarios_2024_1.xlsx,./dados/2024_1/salas_2024_1.csv,./dados/2024_1/salas_preferenciais_2024.1.xlsx,/Users/robertdrey/Documents/workspace/development/alocador_de_salas,resultados/experimentos/2024_1/novas_hibridas/progr_2_depois_dia_turno/melhor_solucao.sol,resultados/experimentos/2024_1/novas_hibridas/progr_2_depois_dia_turno/historico.csv,resultados/experimentos/2024_1/novas_hibridas/progr_2_depois_dia_turno/historico.json,curso -> par_cursos -> dia_turno_curso,progressiva,alfabetica,,alfabetica,,alfabetica,,180.0,1,180.0,600.0,1,0,TEMPO_TOTAL,1,CC,ENF,26
1,3,27,par_cursos,CC+FIL,62,13294,81696,OPTIMAL,185940.0,185924.5,True,185924.5,44.43,44.13,600.0,,alfabetica,,,2,par_cursos,1,True,TEMPO_TOTAL,iteracao,cursos_progr_ate_2_dia_turno_curso,180.0,180.0,600.0,14400.0,False,False,alfabetica,,alfabetica,,./dados/2024_1/horarios_2024_1.xlsx,./dados/2024_1/salas_2024_1.csv,./dados/2024_1/salas_preferenciais_2024.1.xlsx,/Users/robertdrey/Documents/workspace/development/alocador_de_salas,resultados/experimentos/2024_1/novas_hibridas/progr_2_depois_dia_turno/melhor_solucao.sol,resultados/experimentos/2024_1/novas_hibridas/progr_2_depois_dia_turno/historico.csv,resultados/experimentos/2024_1/novas_hibridas/progr_2_depois_dia_turno/historico.json,curso -> par_cursos -> dia_turno_curso,progressiva,alfabetica,,alfabetica,,alfabetica,,180.0,1,180.0,600.0,1,0,TEMPO_TOTAL,1,CC,FIL,27
1,3,28,par_cursos,CC+GEO,57,12604,82386,OPTIMAL,185924.5,185924.5,False,185924.5,1.97,1.67,600.0,,alfabetica,,,2,par_cursos,1,True,TEMPO_TOTAL,iteracao,cursos_progr_ate_2_dia_turno_curso,180.0,180.0,600.0,14400.0,False,False,alfabetica,,alfabetica,,./dados/2024_1/horarios_2024_1.xlsx,./dados/2024_1/salas_2024_1.csv,./dados/2024_1/salas_preferenciais_2024.1.xlsx,/Users/robertdrey/Documents/workspace/development/alocador_de_salas,resultados/experimentos/2024_1/novas_hibridas/progr_2_depois_dia_turno/melhor_solucao.sol,resultados/experimentos/2024_1/novas_hibridas/progr_2_depois_dia_turno/historico.csv,resultados/experimentos/2024_1/novas_hibridas/progr_2_depois_dia_turno/historico.json,curso -> par_cursos -> dia_turno_curso,progressiva,alfabetica,,alfabetica,,alfabetica,,180.0,1,180.0,600.0,1,0,TEMPO_TOTAL,1,CC,GEO,28
1,3,29,par_cursos,CC+HIS,71,15318,79672,OPTIMAL,185924.5,185924.5,False,185924.5,15.9,15.6,600.0,,alfabetica,,,2,par_cursos,1,True,TEMPO_TOTAL,iteracao,cursos_progr_ate_2_dia_turno_curso,180.0,180.0,600.0,14400.0,False,False,alfabetica,,alfabetica,,./dados/2024_1/horarios_2024_1.xlsx,./dados/2024_1/salas_2024_1.csv,./dados/2024_1/salas_preferenciais_2024.1.xlsx,/Users/robertdrey/Documents/workspace/development/alocador_de_salas,resultados/experimentos/2024_1/novas_hibridas/progr_2_depois_dia_turno/melhor_solucao.sol,resultados/experimentos/2024_1/novas_hibridas/progr_2_depois_dia_turno/historico.csv,resultados/experimentos/2024_1/novas_hibridas/progr_2_depois_dia_turno/historico.json,curso -> par_cursos -> dia_turno_curso,progressiva,alfabetica,,alfabetica,,alfabetica,,180.0,1,180.0,600.0,1,0,TEMPO_TOTAL,1,CC,HIS,29
1,3,30,par_cursos,CC+LET,83,19688,75302,TIME_LIMIT,185924.5,185922.5,True,185922.5,600.35,600.02,600.0,,alfabetica,,,2,par_cursos,1,True,TEMPO_TOTAL,iteracao,cursos_progr_ate_2_dia_turno_curso,180.0,180.0,600.0,14400.0,False,False,alfabetica,,alfabetica,,./dados/2024_1/horarios_2024_1.xlsx,./dados/2024_1/salas_2024_1.csv,./dados/2024_1/salas_preferenciais_2024.1.xlsx,/Users/robertdrey/Documents/workspace/development/alocador_de_salas,resultados/experimentos/2024_1/novas_hibridas/progr_2_depois_dia_turno/melhor_solucao.sol,resultados/experimentos/2024_1/novas_hibridas/progr_2_depois_dia_turno/historico.csv,resultados/experimentos/2024_1/novas_hibridas/progr_2_depois_dia_turno/historico.json,curso -> par_cursos -> dia_turno_curso,progressiva,alfabetica,,alfabetica,,alfabetica,,180.0,1,180.0,600.0,1,0,TEMPO_TOTAL,1,CC,LET,30
1,3,31,par_cursos,CC+MAT,70,15502,79488,OPTIMAL,185922.5,185922.5,False,185922.5,13.16,12.82,600.0,,alfabetica,,,2,par_cursos,1,True,TEMPO_TOTAL,iteracao,cursos_progr_ate_2_dia_turno_curso,180.0,180.0,600.0,14400.0,False,False,alfabetica,,alfabetica,,./dados/2024_1/horarios_2024_1.xlsx,./dados/2024_1/salas_2024_1.csv,./dados/2024_1/salas_preferenciais_2024.1.xlsx,/Users/robertdrey/Documents/workspace/development/alocador_de_salas,resultados/experimentos/2024_1/novas_hibridas/progr_2_depois_dia_turno/melhor_solucao.sol,resultados/experimentos/2024_1/novas_hibridas/progr_2_depois_dia_turno/historico.csv,resultados/experimentos/2024_1/novas_hibridas/progr_2_depois_dia_turno/historico.json,curso -> par_cursos -> dia_turno_curso,progressiva,alfabetica,,alfabetica,,alfabetica,,180.0,1,180.0,600.0,1,0,TEMPO_TOTAL,1,CC,MAT,31
1,3,32,par_cursos,CC+MED,88,19918,75072,OPTIMAL,185922.5,185922.5,False,185922.5,46.67,46.37,600.0,,alfabetica,,,2,par_cursos,1,True,TEMPO_TOTAL,iteracao,cursos_progr_ate_2_dia_turno_curso,180.0,180.0,600.0,14400.0,False,False,alfabetica,,alfabetica,,./dados/2024_1/horarios_2024_1.xlsx,./dados/2024_1/salas_2024_1.csv,./dados/2024_1/salas_preferenciais_2024.1.xlsx,/Users/robertdrey/Documents/workspace/development/alocador_de_salas,resultados/experimentos/2024_1/novas_hibridas/progr_2_depois_dia_turno/melhor_solucao.sol,resultados/experimentos/2024_1/novas_hibridas/progr_2_depois_dia_turno/historico.csv,resultados/experimentos/2024_1/novas_hibridas/progr_2_depois_dia_turno/historico.json,curso -> par_cursos -> dia_turno_curso,progressiva,alfabetica,,alfabetica,,alfabetica,,180.0,1,180.0,600.0,1,0,TEMPO_TOTAL,1,CC,MED,32
1,3,33,par_cursos,CC+PED,103,23322,71668,OPTIMAL,185922.5,185922.5,False,185922.5,162.34,162.04,600.0,,alfabetica,,,2,par_cursos,1,True,TEMPO_TOTAL,iteracao,cursos_progr_ate_2_dia_turno_curso,180.0,180.0,600.0,14400.0,False,False,alfabetica,,alfabetica,,./dados/2024_1/horarios_2024_1.xlsx,./dados/2024_1/salas_2024_1.csv,./dados/2024_1/salas_preferenciais_2024.1.xlsx,/Users/robertdrey/Documents/workspace/development/alocador_de_salas,resultados/experimentos/2024_1/novas_hibridas/progr_2_depois_dia_turno/melhor_solucao.sol,resultados/experimentos/2024_1/novas_hibridas/progr_2_depois_dia_turno/historico.csv,resultados/experimentos/2024_1/novas_hibridas/progr_2_depois_dia_turno/historico.json,curso -> par_cursos -> dia_turno_curso,progressiva,alfabetica,,alfabetica,,alfabetica,,180.0,1,180.0,600.0,1,0,TEMPO_TOTAL,1,CC,PED,33
1,3,34,par_cursos,CS+EAS,67,12006,82984,OPTIMAL,185922.5,185922.5,False,185922.5,0.82,0.52,600.0,,alfabetica,,,2,par_cursos,1,True,TEMPO_TOTAL,iteracao,cursos_progr_ate_2_dia_turno_curso,180.0,180.0,600.0,14400.0,False,False,alfabetica,,alfabetica,,./dados/2024_1/horarios_2024_1.xlsx,./dados/2024_1/salas_2024_1.csv,./dados/2024_1/salas_preferenciais_2024.1.xlsx,/Users/robertdrey/Documents/workspace/development/alocador_de_salas,resultados/experimentos/2024_1/novas_hibridas/progr_2_depois_dia_turno/melhor_solucao.sol,resultados/experimentos/2024_1/novas_hibridas/progr_2_depois_dia_turno/historico.csv,resultados/experimentos/2024_1/novas_hibridas/progr_2_depois_dia_turno/historico.json,curso -> par_cursos -> dia_turno_curso,progressiva,alfabetica,,alfabetica,,alfabetica,,180.0,1,180.0,600.0,1,0,TEMPO_TOTAL,1,CS,EAS,34
1,3,35,par_cursos,CS+ENF,40,13064,81926,OPTIMAL,185922.5,185922.5,False,185922.5,3.12,2.79,600.0,,alfabetica,,,2,par_cursos,1,True,TEMPO_TOTAL,iteracao,cursos_progr_ate_2_dia_turno_curso,180.0,180.0,600.0,14400.0,False,False,alfabetica,,alfabetica,,./dados/2024_1/horarios_2024_1.xlsx,./dados/2024_1/salas_2024_1.csv,./dados/2024_1/salas_preferenciais_2024.1.xlsx,/Users/robertdrey/Documents/workspace/development/alocador_de_salas,resultados/experimentos/2024_1/novas_hibridas/progr_2_depois_dia_turno/melhor_solucao.sol,resultados/experimentos/2024_1/novas_hibridas/progr_2_depois_dia_turno/historico.csv,resultados/experimentos/2024_1/novas_hibridas/progr_2_depois_dia_turno/historico.json,curso -> par_cursos -> dia_turno_curso,progressiva,alfabetica,,alfabetica,,alfabetica,,180.0,1,180.0,600.0,1,0,TEMPO_TOTAL,1,CS,ENF,35
1,3,36,par_cursos,CS+FIL,37,7314,87676,OPTIMAL,185922.5,185922.5,False,185922.5,0.67,0.35,600.0,,alfabetica,,,2,par_cursos,1,True,TEMPO_TOTAL,iteracao,cursos_progr_ate_2_dia_turno_curso,180.0,180.0,600.0,14400.0,False,False,alfabetica,,alfabetica,,./dados/2024_1/horarios_2024_1.xlsx,./dados/2024_1/salas_2024_1.csv,./dados/2024_1/salas_preferenciais_2024.1.xlsx,/Users/robertdrey/Documents/workspace/development/alocador_de_salas,resultados/experimentos/2024_1/novas_hibridas/progr_2_depois_dia_turno/melhor_solucao.sol,resultados/experimentos/2024_1/novas_hibridas/progr_2_depois_dia_turno/historico.csv,resultados/experimentos/2024_1/novas_hibridas/progr_2_depois_dia_turno/historico.json,curso -> par_cursos -> dia_turno_curso,progressiva,alfabetica,,alfabetica,,alfabetica,,180.0,1,180.0,600.0,1,0,TEMPO_TOTAL,1,CS,FIL,36
1,3,37,par_cursos,CS+GEO,32,6624,88366,OPTIMAL,185922.5,185922.5,False,185922.5,0.63,0.32,600.0,,alfabetica,,,2,par_cursos,1,True,TEMPO_TOTAL,iteracao,cursos_progr_ate_2_dia_turno_curso,180.0,180.0,600.0,14400.0,False,False,alfabetica,,alfabetica,,./dados/2024_1/horarios_2024_1.xlsx,./dados/2024_1/salas_2024_1.csv,./dados/2024_1/salas_preferenciais_2024.1.xlsx,/Users/robertdrey/Documents/workspace/development/alocador_de_salas,resultados/experimentos/2024_1/novas_hibridas/progr_2_depois_dia_turno/melhor_solucao.sol,resultados/experimentos/2024_1/novas_hibridas/progr_2_depois_dia_turno/historico.csv,resultados/experimentos/2024_1/novas_hibridas/progr_2_depois_dia_turno/historico.json,curso -> par_cursos -> dia_turno_curso,progressiva,alfabetica,,alfabetica,,alfabetica,,180.0,1,180.0,600.0,1,0,TEMPO_TOTAL,1,CS,GEO,37
1,3,38,par_cursos,CS+HIS,46,9338,85652,OPTIMAL,185922.5,185922.5,False,185922.5,0.85,0.53,600.0,,alfabetica,,,2,par_cursos,1,True,TEMPO_TOTAL,iteracao,cursos_progr_ate_2_dia_turno_curso,180.0,180.0,600.0,14400.0,False,False,alfabetica,,alfabetica,,./dados/2024_1/horarios_2024_1.xlsx,./dados/2024_1/salas_2024_1.csv,./dados/2024_1/salas_preferenciais_2024.1.xlsx,/Users/robertdrey/Documents/workspace/development/alocador_de_salas,resultados/experimentos/2024_1/novas_hibridas/progr_2_depois_dia_turno/melhor_solucao.sol,resultados/experimentos/2024_1/novas_hibridas/progr_2_depois_dia_turno/historico.csv,resultados/experimentos/2024_1/novas_hibridas/progr_2_depois_dia_turno/historico.json,curso -> par_cursos -> dia_turno_curso,progressiva,alfabetica,,alfabetica,,alfabetica,,180.0,1,180.0,600.0,1,0,TEMPO_TOTAL,1,CS,HIS,38
1,3,39,par_cursos,CS+LET,58,13708,81282,OPTIMAL,185922.5,185922.5,False,185922.5,3.73,3.42,600.0,,alfabetica,,,2,par_cursos,1,True,TEMPO_TOTAL,iteracao,cursos_progr_ate_2_dia_turno_curso,180.0,180.0,600.0,14400.0,False,False,alfabetica,,alfabetica,,./dados/2024_1/horarios_2024_1.xlsx,./dados/2024_1/salas_2024_1.csv,./dados/2024_1/salas_preferenciais_2024.1.xlsx,/Users/robertdrey/Documents/workspace/development/alocador_de_salas,resultados/experimentos/2024_1/novas_hibridas/progr_2_depois_dia_turno/melhor_solucao.sol,resultados/experimentos/2024_1/novas_hibridas/progr_2_depois_dia_turno/historico.csv,resultados/experimentos/2024_1/novas_hibridas/progr_2_depois_dia_turno/historico.json,curso -> par_cursos -> dia_turno_curso,progressiva,alfabetica,,alfabetica,,alfabetica,,180.0,1,180.0,600.0,1,0,TEMPO_TOTAL,1,CS,LET,39
1,3,40,par_cursos,CS+MAT,45,9522,85468,OPTIMAL,185922.5,185922.5,False,185922.5,0.86,0.54,600.0,,alfabetica,,,2,par_cursos,1,True,TEMPO_TOTAL,iteracao,cursos_progr_ate_2_dia_turno_curso,180.0,180.0,600.0,14400.0,False,False,alfabetica,,alfabetica,,./dados/2024_1/horarios_2024_1.xlsx,./dados/2024_1/salas_2024_1.csv,./dados/2024_1/salas_preferenciais_2024.1.xlsx,/Users/robertdrey/Documents/workspace/development/alocador_de_salas,resultados/experimentos/2024_1/novas_hibridas/progr_2_depois_dia_turno/melhor_solucao.sol,resultados/experimentos/2024_1/novas_hibridas/progr_2_depois_dia_turno/historico.csv,resultados/experimentos/2024_1/novas_hibridas/progr_2_depois_dia_turno/historico.json,curso -> par_cursos -> dia_turno_curso,progressiva,alfabetica,,alfabetica,,alfabetica,,180.0,1,180.0,600.0,1,0,TEMPO_TOTAL,1,CS,MAT,40
1,3,41,par_cursos,CS+MED,63,13938,81052,OPTIMAL,185922.5,185922.5,False,185922.5,1.18,0.88,600.0,,alfabetica,,,2,par_cursos,1,True,TEMPO_TOTAL,iteracao,cursos_progr_ate_2_dia_turno_curso,180.0,180.0,600.0,14400.0,False,False,alfabetica,,alfabetica,,./dados/2024_1/horarios_2024_1.xlsx,./dados/2024_1/salas_2024_1.csv,./dados/2024_1/salas_preferenciais_2024.1.xlsx,/Users/robertdrey/Documents/workspace/development/alocador_de_salas,resultados/experimentos/2024_1/novas_hibridas/progr_2_depois_dia_turno/melhor_solucao.sol,resultados/experimentos/2024_1/novas_hibridas/progr_2_depois_dia_turno/historico.csv,resultados/experimentos/2024_1/novas_hibridas/progr_2_depois_dia_turno/historico.json,curso -> par_cursos -> dia_turno_curso,progressiva,alfabetica,,alfabetica,,alfabetica,,180.0,1,180.0,600.0,1,0,TEMPO_TOTAL,1,CS,MED,41
1,3,42,par_cursos,CS+PED,78,17342,77648,OPTIMAL,185922.5,185922.5,False,185922.5,18.76,18.44,600.0,,alfabetica,,,2,par_cursos,1,True,TEMPO_TOTAL,iteracao,cursos_progr_ate_2_dia_turno_curso,180.0,180.0,600.0,14400.0,False,False,alfabetica,,alfabetica,,./dados/2024_1/horarios_2024_1.xlsx,./dados/2024_1/salas_2024_1.csv,./dados/2024_1/salas_preferenciais_2024.1.xlsx,/Users/robertdrey/Documents/workspace/development/alocador_de_salas,resultados/experimentos/2024_1/novas_hibridas/progr_2_depois_dia_turno/melhor_solucao.sol,resultados/experimentos/2024_1/novas_hibridas/progr_2_depois_dia_turno/historico.csv,resultados/experimentos/2024_1/novas_hibridas/progr_2_depois_dia_turno/historico.json,curso -> par_cursos -> dia_turno_curso,progressiva,alfabetica,,alfabetica,,alfabetica,,180.0,1,180.0,600.0,1,0,TEMPO_TOTAL,1,CS,PED,42
1,3,43,par_cursos,EAS+ENF,63,15962,79028,OPTIMAL,185922.5,185922.5,False,185922.5,13.86,13.52,600.0,,alfabetica,,,2,par_cursos,1,True,TEMPO_TOTAL,iteracao,cursos_progr_ate_2_dia_turno_curso,180.0,180.0,600.0,14400.0,False,False,alfabetica,,alfabetica,,./dados/2024_1/horarios_2024_1.xlsx,./dados/2024_1/salas_2024_1.csv,./dados/2024_1/salas_preferenciais_2024.1.xlsx,/Users/robertdrey/Documents/workspace/development/alocador_de_salas,resultados/experimentos/2024_1/novas_hibridas/progr_2_depois_dia_turno/melhor_solucao.sol,resultados/experimentos/2024_1/novas_hibridas/progr_2_depois_dia_turno/historico.csv,resultados/experimentos/2024_1/novas_hibridas/progr_2_depois_dia_turno/historico.json,curso -> par_cursos -> dia_turno_curso,progressiva,alfabetica,,alfabetica,,alfabetica,,180.0,1,180.0,600.0,1,0,TEMPO_TOTAL,1,EAS,ENF,43
1,3,44,par_cursos,EAS+FIL,60,10212,84778,OPTIMAL,185922.5,185922.5,False,185922.5,0.75,0.43,600.0,,alfabetica,,,2,par_cursos,1,True,TEMPO_TOTAL,iteracao,cursos_progr_ate_2_dia_turno_curso,180.0,180.0,600.0,14400.0,False,False,alfabetica,,alfabetica,,./dados/2024_1/horarios_2024_1.xlsx,./dados/2024_1/salas_2024_1.csv,./dados/2024_1/salas_preferenciais_2024.1.xlsx,/Users/robertdrey/Documents/workspace/development/alocador_de_salas,resultados/experimentos/2024_1/novas_hibridas/progr_2_depois_dia_turno/melhor_solucao.sol,resultados/experimentos/2024_1/novas_hibridas/progr_2_depois_dia_turno/historico.csv,resultados/experimentos/2024_1/novas_hibridas/progr_2_depois_dia_turno/historico.json,curso -> par_cursos -> dia_turno_curso,progressiva,alfabetica,,alfabetica,,alfabetica,,180.0,1,180.0,600.0,1,0,TEMPO_TOTAL,1,EAS,FIL,44
1,3,45,par_cursos,EAS+GEO,55,9522,85468,OPTIMAL,185922.5,185922.5,False,185922.5,0.74,0.43,600.0,,alfabetica,,,2,par_cursos,1,True,TEMPO_TOTAL,iteracao,cursos_progr_ate_2_dia_turno_curso,180.0,180.0,600.0,14400.0,False,False,alfabetica,,alfabetica,,./dados/2024_1/horarios_2024_1.xlsx,./dados/2024_1/salas_2024_1.csv,./dados/2024_1/salas_preferenciais_2024.1.xlsx,/Users/robertdrey/Documents/workspace/development/alocador_de_salas,resultados/experimentos/2024_1/novas_hibridas/progr_2_depois_dia_turno/melhor_solucao.sol,resultados/experimentos/2024_1/novas_hibridas/progr_2_depois_dia_turno/historico.csv,resultados/experimentos/2024_1/novas_hibridas/progr_2_depois_dia_turno/historico.json,curso -> par_cursos -> dia_turno_curso,progressiva,alfabetica,,alfabetica,,alfabetica,,180.0,1,180.0,600.0,1,0,TEMPO_TOTAL,1,EAS,GEO,45
1,3,46,par_cursos,EAS+HIS,69,12236,82754,OPTIMAL,185922.5,185922.5,False,185922.5,0.86,0.55,600.0,,alfabetica,,,2,par_cursos,1,True,TEMPO_TOTAL,iteracao,cursos_progr_ate_2_dia_turno_curso,180.0,180.0,600.0,14400.0,False,False,alfabetica,,alfabetica,,./dados/2024_1/horarios_2024_1.xlsx,./dados/2024_1/salas_2024_1.csv,./dados/2024_1/salas_preferenciais_2024.1.xlsx,/Users/robertdrey/Documents/workspace/development/alocador_de_salas,resultados/experimentos/2024_1/novas_hibridas/progr_2_depois_dia_turno/melhor_solucao.sol,resultados/experimentos/2024_1/novas_hibridas/progr_2_depois_dia_turno/historico.csv,resultados/experimentos/2024_1/novas_hibridas/progr_2_depois_dia_turno/historico.json,curso -> par_cursos -> dia_turno_curso,progressiva,alfabetica,,alfabetica,,alfabetica,,180.0,1,180.0,600.0,1,0,TEMPO_TOTAL,1,EAS,HIS,46
1,3,47,par_cursos,EAS+LET,81,16606,78384,OPTIMAL,185922.5,185922.5,False,185922.5,12.9,12.56,600.0,,alfabetica,,,2,par_cursos,1,True,TEMPO_TOTAL,iteracao,cursos_progr_ate_2_dia_turno_curso,180.0,180.0,600.0,14400.0,False,False,alfabetica,,alfabetica,,./dados/2024_1/horarios_2024_1.xlsx,./dados/2024_1/salas_2024_1.csv,./dados/2024_1/salas_preferenciais_2024.1.xlsx,/Users/robertdrey/Documents/workspace/development/alocador_de_salas,resultados/experimentos/2024_1/novas_hibridas/progr_2_depois_dia_turno/melhor_solucao.sol,resultados/experimentos/2024_1/novas_hibridas/progr_2_depois_dia_turno/historico.csv,resultados/experimentos/2024_1/novas_hibridas/progr_2_depois_dia_turno/historico.json,curso -> par_cursos -> dia_turno_curso,progressiva,alfabetica,,alfabetica,,alfabetica,,180.0,1,180.0,600.0,1,0,TEMPO_TOTAL,1,EAS,LET,47
1,3,48,par_cursos,EAS+MAT,68,12420,82570,OPTIMAL,185922.5,185917.5,True,185917.5,1.36,1.01,600.0,,alfabetica,,,2,par_cursos,1,True,TEMPO_TOTAL,iteracao,cursos_progr_ate_2_dia_turno_curso,180.0,180.0,600.0,14400.0,False,False,alfabetica,,alfabetica,,./dados/2024_1/horarios_2024_1.xlsx,./dados/2024_1/salas_2024_1.csv,./dados/2024_1/salas_preferenciais_2024.1.xlsx,/Users/robertdrey/Documents/workspace/development/alocador_de_salas,resultados/experimentos/2024_1/novas_hibridas/progr_2_depois_dia_turno/melhor_solucao.sol,resultados/experimentos/2024_1/novas_hibridas/progr_2_depois_dia_turno/historico.csv,resultados/experimentos/2024_1/novas_hibridas/progr_2_depois_dia_turno/historico.json,curso -> par_cursos -> dia_turno_curso,progressiva,alfabetica,,alfabetica,,alfabetica,,180.0,1,180.0,600.0,1,0,TEMPO_TOTAL,1,EAS,MAT,48
1,3,49,par_cursos,EAS+MED,86,16836,78154,OPTIMAL,185917.5,185917.5,False,185917.5,1.9,1.57,600.0,,alfabetica,,,2,par_cursos,1,True,TEMPO_TOTAL,iteracao,cursos_progr_ate_2_dia_turno_curso,180.0,180.0,600.0,14400.0,False,False,alfabetica,,alfabetica,,./dados/2024_1/horarios_2024_1.xlsx,./dados/2024_1/salas_2024_1.csv,./dados/2024_1/salas_preferenciais_2024.1.xlsx,/Users/robertdrey/Documents/workspace/development/alocador_de_salas,resultados/experimentos/2024_1/novas_hibridas/progr_2_depois_dia_turno/melhor_solucao.sol,resultados/experimentos/2024_1/novas_hibridas/progr_2_depois_dia_turno/historico.csv,resultados/experimentos/2024_1/novas_hibridas/progr_2_depois_dia_turno/historico.json,curso -> par_cursos -> dia_turno_curso,progressiva,alfabetica,,alfabetica,,alfabetica,,180.0,1,180.0,600.0,1,0,TEMPO_TOTAL,1,EAS,MED,49
1,3,50,par_cursos,EAS+PED,101,20240,74750,OPTIMAL,185917.5,185917.5,False,185917.5,17.84,17.52,600.0,,alfabetica,,,2,par_cursos,1,True,TEMPO_TOTAL,iteracao,cursos_progr_ate_2_dia_turno_curso,180.0,180.0,600.0,14400.0,False,False,alfabetica,,alfabetica,,./dados/2024_1/horarios_2024_1.xlsx,./dados/2024_1/salas_2024_1.csv,./dados/2024_1/salas_preferenciais_2024.1.xlsx,/Users/robertdrey/Documents/workspace/development/alocador_de_salas,resultados/experimentos/2024_1/novas_hibridas/progr_2_depois_dia_turno/melhor_solucao.sol,resultados/experimentos/2024_1/novas_hibridas/progr_2_depois_dia_turno/historico.csv,resultados/experimentos/2024_1/novas_hibridas/progr_2_depois_dia_turno/historico.json,curso -> par_cursos -> dia_turno_curso,progressiva,alfabetica,,alfabetica,,alfabetica,,180.0,1,180.0,600.0,1,0,TEMPO_TOTAL,1,EAS,PED,50
1,3,51,par_cursos,ENF+FIL,33,11270,83720,OPTIMAL,185917.5,185917.5,False,185917.5,2.12,1.79,600.0,,alfabetica,,,2,par_cursos,1,True,TEMPO_TOTAL,iteracao,cursos_progr_ate_2_dia_turno_curso,180.0,180.0,600.0,14400.0,False,False,alfabetica,,alfabetica,,./dados/2024_1/horarios_2024_1.xlsx,./dados/2024_1/salas_2024_1.csv,./dados/2024_1/salas_preferenciais_2024.1.xlsx,/Users/robertdrey/Documents/workspace/development/alocador_de_salas,resultados/experimentos/2024_1/novas_hibridas/progr_2_depois_dia_turno/melhor_solucao.sol,resultados/experimentos/2024_1/novas_hibridas/progr_2_depois_dia_turno/historico.csv,resultados/experimentos/2024_1/novas_hibridas/progr_2_depois_dia_turno/historico.json,curso -> par_cursos -> dia_turno_curso,progressiva,alfabetica,,alfabetica,,alfabetica,,180.0,1,180.0,600.0,1,0,TEMPO_TOTAL,1,ENF,FIL,51
1,3,52,par_cursos,ENF+GEO,28,10580,84410,OPTIMAL,185917.5,185917.5,False,185917.5,2.3,1.97,600.0,,alfabetica,,,2,par_cursos,1,True,TEMPO_TOTAL,iteracao,cursos_progr_ate_2_dia_turno_curso,180.0,180.0,600.0,14400.0,False,False,alfabetica,,alfabetica,,./dados/2024_1/horarios_2024_1.xlsx,./dados/2024_1/salas_2024_1.csv,./dados/2024_1/salas_preferenciais_2024.1.xlsx,/Users/robertdrey/Documents/workspace/development/alocador_de_salas,resultados/experimentos/2024_1/novas_hibridas/progr_2_depois_dia_turno/melhor_solucao.sol,resultados/experimentos/2024_1/novas_hibridas/progr_2_depois_dia_turno/historico.csv,resultados/experimentos/2024_1/novas_hibridas/progr_2_depois_dia_turno/historico.json,curso -> par_cursos -> dia_turno_curso,progressiva,alfabetica,,alfabetica,,alfabetica,,180.0,1,180.0,600.0,1,0,TEMPO_TOTAL,1,ENF,GEO,52
1,3,53,par_cursos,ENF+HIS,42,13294,81696,OPTIMAL,185917.5,185917.5,False,185917.5,2.37,2.03,600.0,,alfabetica,,,2,par_cursos,1,True,TEMPO_TOTAL,iteracao,cursos_progr_ate_2_dia_turno_curso,180.0,180.0,600.0,14400.0,False,False,alfabetica,,alfabetica,,./dados/2024_1/horarios_2024_1.xlsx,./dados/2024_1/salas_2024_1.csv,./dados/2024_1/salas_preferenciais_2024.1.xlsx,/Users/robertdrey/Documents/workspace/development/alocador_de_salas,resultados/experimentos/2024_1/novas_hibridas/progr_2_depois_dia_turno/melhor_solucao.sol,resultados/experimentos/2024_1/novas_hibridas/progr_2_depois_dia_turno/historico.csv,resultados/experimentos/2024_1/novas_hibridas/progr_2_depois_dia_turno/historico.json,curso -> par_cursos -> dia_turno_curso,progressiva,alfabetica,,alfabetica,,alfabetica,,180.0,1,180.0,600.0,1,0,TEMPO_TOTAL,1,ENF,HIS,53
1,3,54,par_cursos,ENF+LET,54,17664,77326,OPTIMAL,185917.5,185917.5,False,185917.5,366.79,366.45,600.0,,alfabetica,,,2,par_cursos,1,True,TEMPO_TOTAL,iteracao,cursos_progr_ate_2_dia_turno_curso,180.0,180.0,600.0,14400.0,False,False,alfabetica,,alfabetica,,./dados/2024_1/horarios_2024_1.xlsx,./dados/2024_1/salas_2024_1.csv,./dados/2024_1/salas_preferenciais_2024.1.xlsx,/Users/robertdrey/Documents/workspace/development/alocador_de_salas,resultados/experimentos/2024_1/novas_hibridas/progr_2_depois_dia_turno/melhor_solucao.sol,resultados/experimentos/2024_1/novas_hibridas/progr_2_depois_dia_turno/historico.csv,resultados/experimentos/2024_1/novas_hibridas/progr_2_depois_dia_turno/historico.json,curso -> par_cursos -> dia_turno_curso,progressiva,alfabetica,,alfabetica,,alfabetica,,180.0,1,180.0,600.0,1,0,TEMPO_TOTAL,1,ENF,LET,54
1,3,55,par_cursos,ENF+MAT,41,13478,81512,OPTIMAL,185917.5,185917.5,False,185917.5,3.22,2.89,600.0,,alfabetica,,,2,par_cursos,1,True,TEMPO_TOTAL,iteracao,cursos_progr_ate_2_dia_turno_curso,180.0,180.0,600.0,14400.0,False,False,alfabetica,,alfabetica,,./dados/2024_1/horarios_2024_1.xlsx,./dados/2024_1/salas_2024_1.csv,./dados/2024_1/salas_preferenciais_2024.1.xlsx,/Users/robertdrey/Documents/workspace/development/alocador_de_salas,resultados/experimentos/2024_1/novas_hibridas/progr_2_depois_dia_turno/melhor_solucao.sol,resultados/experimentos/2024_1/novas_hibridas/progr_2_depois_dia_turno/historico.csv,resultados/experimentos/2024_1/novas_hibridas/progr_2_depois_dia_turno/historico.json,curso -> par_cursos -> dia_turno_curso,progressiva,alfabetica,,alfabetica,,alfabetica,,180.0,1,180.0,600.0,1,0,TEMPO_TOTAL,1,ENF,MAT,55
1,3,56,par_cursos,ENF+MED,59,17894,77096,OPTIMAL,185917.5,185902.5,True,185902.5,126.18,125.85,600.0,,alfabetica,,,2,par_cursos,1,True,TEMPO_TOTAL,iteracao,cursos_progr_ate_2_dia_turno_curso,180.0,180.0,600.0,14400.0,False,False,alfabetica,,alfabetica,,./dados/2024_1/horarios_2024_1.xlsx,./dados/2024_1/salas_2024_1.csv,./dados/2024_1/salas_preferenciais_2024.1.xlsx,/Users/robertdrey/Documents/workspace/development/alocador_de_salas,resultados/experimentos/2024_1/novas_hibridas/progr_2_depois_dia_turno/melhor_solucao.sol,resultados/experimentos/2024_1/novas_hibridas/progr_2_depois_dia_turno/historico.csv,resultados/experimentos/2024_1/novas_hibridas/progr_2_depois_dia_turno/historico.json,curso -> par_cursos -> dia_turno_curso,progressiva,alfabetica,,alfabetica,,alfabetica,,180.0,1,180.0,600.0,1,0,TEMPO_TOTAL,1,ENF,MED,56
1,3,57,par_cursos,ENF+PED,74,21298,73692,TIME_LIMIT,185902.5,185902.5,False,185902.5,600.48,600.15,600.0,,alfabetica,,,2,par_cursos,1,True,TEMPO_TOTAL,iteracao,cursos_progr_ate_2_dia_turno_curso,180.0,180.0,600.0,14400.0,False,False,alfabetica,,alfabetica,,./dados/2024_1/horarios_2024_1.xlsx,./dados/2024_1/salas_2024_1.csv,./dados/2024_1/salas_preferenciais_2024.1.xlsx,/Users/robertdrey/Documents/workspace/development/alocador_de_salas,resultados/experimentos/2024_1/novas_hibridas/progr_2_depois_dia_turno/melhor_solucao.sol,resultados/experimentos/2024_1/novas_hibridas/progr_2_depois_dia_turno/historico.csv,resultados/experimentos/2024_1/novas_hibridas/progr_2_depois_dia_turno/historico.json,curso -> par_cursos -> dia_turno_curso,progressiva,alfabetica,,alfabetica,,alfabetica,,180.0,1,180.0,600.0,1,0,TEMPO_TOTAL,1,ENF,PED,57
1,3,58,par_cursos,FIL+GEO,25,4830,90160,OPTIMAL,185902.5,185902.5,False,185902.5,0.65,0.31,600.0,,alfabetica,,,2,par_cursos,1,True,TEMPO_TOTAL,iteracao,cursos_progr_ate_2_dia_turno_curso,180.0,180.0,600.0,14400.0,False,False,alfabetica,,alfabetica,,./dados/2024_1/horarios_2024_1.xlsx,./dados/2024_1/salas_2024_1.csv,./dados/2024_1/salas_preferenciais_2024.1.xlsx,/Users/robertdrey/Documents/workspace/development/alocador_de_salas,resultados/experimentos/2024_1/novas_hibridas/progr_2_depois_dia_turno/melhor_solucao.sol,resultados/experimentos/2024_1/novas_hibridas/progr_2_depois_dia_turno/historico.csv,resultados/experimentos/2024_1/novas_hibridas/progr_2_depois_dia_turno/historico.json,curso -> par_cursos -> dia_turno_curso,progressiva,alfabetica,,alfabetica,,alfabetica,,180.0,1,180.0,600.0,1,0,TEMPO_TOTAL,1,FIL,GEO,58
1,3,59,par_cursos,FIL+HIS,39,7544,87446,OPTIMAL,185902.5,185902.5,False,185902.5,0.65,0.34,600.0,,alfabetica,,,2,par_cursos,1,True,TEMPO_TOTAL,iteracao,cursos_progr_ate_2_dia_turno_curso,180.0,180.0,600.0,14400.0,False,False,alfabetica,,alfabetica,,./dados/2024_1/horarios_2024_1.xlsx,./dados/2024_1/salas_2024_1.csv,./dados/2024_1/salas_preferenciais_2024.1.xlsx,/Users/robertdrey/Documents/workspace/development/alocador_de_salas,resultados/experimentos/2024_1/novas_hibridas/progr_2_depois_dia_turno/melhor_solucao.sol,resultados/experimentos/2024_1/novas_hibridas/progr_2_depois_dia_turno/historico.csv,resultados/experimentos/2024_1/novas_hibridas/progr_2_depois_dia_turno/historico.json,curso -> par_cursos -> dia_turno_curso,progressiva,alfabetica,,alfabetica,,alfabetica,,180.0,1,180.0,600.0,1,0,TEMPO_TOTAL,1,FIL,HIS,59
1,3,60,par_cursos,FIL+LET,51,11914,83076,OPTIMAL,185902.5,185902.5,False,185902.5,45.93,45.58,600.0,,alfabetica,,,2,par_cursos,1,True,TEMPO_TOTAL,iteracao,cursos_progr_ate_2_dia_turno_curso,180.0,180.0,600.0,14400.0,False,False,alfabetica,,alfabetica,,./dados/2024_1/horarios_2024_1.xlsx,./dados/2024_1/salas_2024_1.csv,./dados/2024_1/salas_preferenciais_2024.1.xlsx,/Users/robertdrey/Documents/workspace/development/alocador_de_salas,resultados/experimentos/2024_1/novas_hibridas/progr_2_depois_dia_turno/melhor_solucao.sol,resultados/experimentos/2024_1/novas_hibridas/progr_2_depois_dia_turno/historico.csv,resultados/experimentos/2024_1/novas_hibridas/progr_2_depois_dia_turno/historico.json,curso -> par_cursos -> dia_turno_curso,progressiva,alfabetica,,alfabetica,,alfabetica,,180.0,1,180.0,600.0,1,0,TEMPO_TOTAL,1,FIL,LET,60
1,3,61,par_cursos,FIL+MAT,38,7728,87262,OPTIMAL,185902.5,185902.5,False,185902.5,0.73,0.37,600.0,,alfabetica,,,2,par_cursos,1,True,TEMPO_TOTAL,iteracao,cursos_progr_ate_2_dia_turno_curso,180.0,180.0,600.0,14400.0,False,False,alfabetica,,alfabetica,,./dados/2024_1/horarios_2024_1.xlsx,./dados/2024_1/salas_2024_1.csv,./dados/2024_1/salas_preferenciais_2024.1.xlsx,/Users/robertdrey/Documents/workspace/development/alocador_de_salas,resultados/experimentos/2024_1/novas_hibridas/progr_2_depois_dia_turno/melhor_solucao.sol,resultados/experimentos/2024_1/novas_hibridas/progr_2_depois_dia_turno/historico.csv,resultados/experimentos/2024_1/novas_hibridas/progr_2_depois_dia_turno/historico.json,curso -> par_cursos -> dia_turno_curso,progressiva,alfabetica,,alfabetica,,alfabetica,,180.0,1,180.0,600.0,1,0,TEMPO_TOTAL,1,FIL,MAT,61
1,3,62,par_cursos,FIL+MED,56,12144,82846,OPTIMAL,185902.5,185902.5,False,185902.5,1.09,0.78,600.0,,alfabetica,,,2,par_cursos,1,True,TEMPO_TOTAL,iteracao,cursos_progr_ate_2_dia_turno_curso,180.0,180.0,600.0,14400.0,False,False,alfabetica,,alfabetica,,./dados/2024_1/horarios_2024_1.xlsx,./dados/2024_1/salas_2024_1.csv,./dados/2024_1/salas_preferenciais_2024.1.xlsx,/Users/robertdrey/Documents/workspace/development/alocador_de_salas,resultados/experimentos/2024_1/novas_hibridas/progr_2_depois_dia_turno/melhor_solucao.sol,resultados/experimentos/2024_1/novas_hibridas/progr_2_depois_dia_turno/historico.csv,resultados/experimentos/2024_1/novas_hibridas/progr_2_depois_dia_turno/historico.json,curso -> par_cursos -> dia_turno_curso,progressiva,alfabetica,,alfabetica,,alfabetica,,180.0,1,180.0,600.0,1,0,TEMPO_TOTAL,1,FIL,MED,62
1,3,63,par_cursos,FIL+PED,71,15548,79442,OPTIMAL,185902.5,185902.5,False,185902.5,79.25,78.94,600.0,,alfabetica,,,2,par_cursos,1,True,TEMPO_TOTAL,iteracao,cursos_progr_ate_2_dia_turno_curso,180.0,180.0,600.0,14400.0,False,False,alfabetica,,alfabetica,,./dados/2024_1/horarios_2024_1.xlsx,./dados/2024_1/salas_2024_1.csv,./dados/2024_1/salas_preferenciais_2024.1.xlsx,/Users/robertdrey/Documents/workspace/development/alocador_de_salas,resultados/experimentos/2024_1/novas_hibridas/progr_2_depois_dia_turno/melhor_solucao.sol,resultados/experimentos/2024_1/novas_hibridas/progr_2_depois_dia_turno/historico.csv,resultados/experimentos/2024_1/novas_hibridas/progr_2_depois_dia_turno/historico.json,curso -> par_cursos -> dia_turno_curso,progressiva,alfabetica,,alfabetica,,alfabetica,,180.0,1,180.0,600.0,1,0,TEMPO_TOTAL,1,FIL,PED,63
1,3,64,par_cursos,GEO+HIS,34,6854,88136,OPTIMAL,185902.5,185902.5,False,185902.5,0.68,0.36,600.0,,alfabetica,,,2,par_cursos,1,True,TEMPO_TOTAL,iteracao,cursos_progr_ate_2_dia_turno_curso,180.0,180.0,600.0,14400.0,False,False,alfabetica,,alfabetica,,./dados/2024_1/horarios_2024_1.xlsx,./dados/2024_1/salas_2024_1.csv,./dados/2024_1/salas_preferenciais_2024.1.xlsx,/Users/robertdrey/Documents/workspace/development/alocador_de_salas,resultados/experimentos/2024_1/novas_hibridas/progr_2_depois_dia_turno/melhor_solucao.sol,resultados/experimentos/2024_1/novas_hibridas/progr_2_depois_dia_turno/historico.csv,resultados/experimentos/2024_1/novas_hibridas/progr_2_depois_dia_turno/historico.json,curso -> par_cursos -> dia_turno_curso,progressiva,alfabetica,,alfabetica,,alfabetica,,180.0,1,180.0,600.0,1,0,TEMPO_TOTAL,1,GEO,HIS,64
1,3,65,par_cursos,GEO+LET,46,11224,83766,OPTIMAL,185902.5,185815.5,True,185815.5,35.57,35.22,600.0,,alfabetica,,,2,par_cursos,1,True,TEMPO_TOTAL,iteracao,cursos_progr_ate_2_dia_turno_curso,180.0,180.0,600.0,14400.0,False,False,alfabetica,,alfabetica,,./dados/2024_1/horarios_2024_1.xlsx,./dados/2024_1/salas_2024_1.csv,./dados/2024_1/salas_preferenciais_2024.1.xlsx,/Users/robertdrey/Documents/workspace/development/alocador_de_salas,resultados/experimentos/2024_1/novas_hibridas/progr_2_depois_dia_turno/melhor_solucao.sol,resultados/experimentos/2024_1/novas_hibridas/progr_2_depois_dia_turno/historico.csv,resultados/experimentos/2024_1/novas_hibridas/progr_2_depois_dia_turno/historico.json,curso -> par_cursos -> dia_turno_curso,progressiva,alfabetica,,alfabetica,,alfabetica,,180.0,1,180.0,600.0,1,0,TEMPO_TOTAL,1,GEO,LET,65
1,3,66,par_cursos,GEO+MAT,33,7038,87952,OPTIMAL,185815.5,185815.5,False,185815.5,0.71,0.36,600.0,,alfabetica,,,2,par_cursos,1,True,TEMPO_TOTAL,iteracao,cursos_progr_ate_2_dia_turno_curso,180.0,180.0,600.0,14400.0,False,False,alfabetica,,alfabetica,,./dados/2024_1/horarios_2024_1.xlsx,./dados/2024_1/salas_2024_1.csv,./dados/2024_1/salas_preferenciais_2024.1.xlsx,/Users/robertdrey/Documents/workspace/development/alocador_de_salas,resultados/experimentos/2024_1/novas_hibridas/progr_2_depois_dia_turno/melhor_solucao.sol,resultados/experimentos/2024_1/novas_hibridas/progr_2_depois_dia_turno/historico.csv,resultados/experimentos/2024_1/novas_hibridas/progr_2_depois_dia_turno/historico.json,curso -> par_cursos -> dia_turno_curso,progressiva,alfabetica,,alfabetica,,alfabetica,,180.0,1,180.0,600.0,1,0,TEMPO_TOTAL,1,GEO,MAT,66
1,3,67,par_cursos,GEO+MED,51,11454,83536,OPTIMAL,185815.5,185815.5,False,185815.5,1.01,0.71,600.0,,alfabetica,,,2,par_cursos,1,True,TEMPO_TOTAL,iteracao,cursos_progr_ate_2_dia_turno_curso,180.0,180.0,600.0,14400.0,False,False,alfabetica,,alfabetica,,./dados/2024_1/horarios_2024_1.xlsx,./dados/2024_1/salas_2024_1.csv,./dados/2024_1/salas_preferenciais_2024.1.xlsx,/Users/robertdrey/Documents/workspace/development/alocador_de_salas,resultados/experimentos/2024_1/novas_hibridas/progr_2_depois_dia_turno/melhor_solucao.sol,resultados/experimentos/2024_1/novas_hibridas/progr_2_depois_dia_turno/historico.csv,resultados/experimentos/2024_1/novas_hibridas/progr_2_depois_dia_turno/historico.json,curso -> par_cursos -> dia_turno_curso,progressiva,alfabetica,,alfabetica,,alfabetica,,180.0,1,180.0,600.0,1,0,TEMPO_TOTAL,1,GEO,MED,67
1,3,68,par_cursos,GEO+PED,66,14858,80132,OPTIMAL,185815.5,185815.5,False,185815.5,24.66,24.35,600.0,,alfabetica,,,2,par_cursos,1,True,TEMPO_TOTAL,iteracao,cursos_progr_ate_2_dia_turno_curso,180.0,180.0,600.0,14400.0,False,False,alfabetica,,alfabetica,,./dados/2024_1/horarios_2024_1.xlsx,./dados/2024_1/salas_2024_1.csv,./dados/2024_1/salas_preferenciais_2024.1.xlsx,/Users/robertdrey/Documents/workspace/development/alocador_de_salas,resultados/experimentos/2024_1/novas_hibridas/progr_2_depois_dia_turno/melhor_solucao.sol,resultados/experimentos/2024_1/novas_hibridas/progr_2_depois_dia_turno/historico.csv,resultados/experimentos/2024_1/novas_hibridas/progr_2_depois_dia_turno/historico.json,curso -> par_cursos -> dia_turno_curso,progressiva,alfabetica,,alfabetica,,alfabetica,,180.0,1,180.0,600.0,1,0,TEMPO_TOTAL,1,GEO,PED,68
1,3,69,par_cursos,HIS+LET,60,13938,81052,OPTIMAL,185815.5,185815.5,False,185815.5,14.54,14.21,600.0,,alfabetica,,,2,par_cursos,1,True,TEMPO_TOTAL,iteracao,cursos_progr_ate_2_dia_turno_curso,180.0,180.0,600.0,14400.0,False,False,alfabetica,,alfabetica,,./dados/2024_1/horarios_2024_1.xlsx,./dados/2024_1/salas_2024_1.csv,./dados/2024_1/salas_preferenciais_2024.1.xlsx,/Users/robertdrey/Documents/workspace/development/alocador_de_salas,resultados/experimentos/2024_1/novas_hibridas/progr_2_depois_dia_turno/melhor_solucao.sol,resultados/experimentos/2024_1/novas_hibridas/progr_2_depois_dia_turno/historico.csv,resultados/experimentos/2024_1/novas_hibridas/progr_2_depois_dia_turno/historico.json,curso -> par_cursos -> dia_turno_curso,progressiva,alfabetica,,alfabetica,,alfabetica,,180.0,1,180.0,600.0,1,0,TEMPO_TOTAL,1,HIS,LET,69
1,3,70,par_cursos,HIS+MAT,47,9752,85238,OPTIMAL,185815.5,185815.5,False,185815.5,0.84,0.52,600.0,,alfabetica,,,2,par_cursos,1,True,TEMPO_TOTAL,iteracao,cursos_progr_ate_2_dia_turno_curso,180.0,180.0,600.0,14400.0,False,False,alfabetica,,alfabetica,,./dados/2024_1/horarios_2024_1.xlsx,./dados/2024_1/salas_2024_1.csv,./dados/2024_1/salas_preferenciais_2024.1.xlsx,/Users/robertdrey/Documents/workspace/development/alocador_de_salas,resultados/experimentos/2024_1/novas_hibridas/progr_2_depois_dia_turno/melhor_solucao.sol,resultados/experimentos/2024_1/novas_hibridas/progr_2_depois_dia_turno/historico.csv,resultados/experimentos/2024_1/novas_hibridas/progr_2_depois_dia_turno/historico.json,curso -> par_cursos -> dia_turno_curso,progressiva,alfabetica,,alfabetica,,alfabetica,,180.0,1,180.0,600.0,1,0,TEMPO_TOTAL,1,HIS,MAT,70
1,3,71,par_cursos,HIS+MED,65,14168,80822,OPTIMAL,185815.5,185815.5,False,185815.5,1.03,0.72,600.0,,alfabetica,,,2,par_cursos,1,True,TEMPO_TOTAL,iteracao,cursos_progr_ate_2_dia_turno_curso,180.0,180.0,600.0,14400.0,False,False,alfabetica,,alfabetica,,./dados/2024_1/horarios_2024_1.xlsx,./dados/2024_1/salas_2024_1.csv,./dados/2024_1/salas_preferenciais_2024.1.xlsx,/Users/robertdrey/Documents/workspace/development/alocador_de_salas,resultados/experimentos/2024_1/novas_hibridas/progr_2_depois_dia_turno/melhor_solucao.sol,resultados/experimentos/2024_1/novas_hibridas/progr_2_depois_dia_turno/historico.csv,resultados/experimentos/2024_1/novas_hibridas/progr_2_depois_dia_turno/historico.json,curso -> par_cursos -> dia_turno_curso,progressiva,alfabetica,,alfabetica,,alfabetica,,180.0,1,180.0,600.0,1,0,TEMPO_TOTAL,1,HIS,MED,71
1,3,72,par_cursos,HIS+PED,80,17572,77418,OPTIMAL,185815.5,185815.5,False,185815.5,38.61,38.3,600.0,,alfabetica,,,2,par_cursos,1,True,TEMPO_TOTAL,iteracao,cursos_progr_ate_2_dia_turno_curso,180.0,180.0,600.0,14400.0,False,False,alfabetica,,alfabetica,,./dados/2024_1/horarios_2024_1.xlsx,./dados/2024_1/salas_2024_1.csv,./dados/2024_1/salas_preferenciais_2024.1.xlsx,/Users/robertdrey/Documents/workspace/development/alocador_de_salas,resultados/experimentos/2024_1/novas_hibridas/progr_2_depois_dia_turno/melhor_solucao.sol,resultados/experimentos/2024_1/novas_hibridas/progr_2_depois_dia_turno/historico.csv,resultados/experimentos/2024_1/novas_hibridas/progr_2_depois_dia_turno/historico.json,curso -> par_cursos -> dia_turno_curso,progressiva,alfabetica,,alfabetica,,alfabetica,,180.0,1,180.0,600.0,1,0,TEMPO_TOTAL,1,HIS,PED,72
1,3,73,par_cursos,LET+MAT,59,14122,80868,OPTIMAL,185815.5,185815.5,False,185815.5,10.75,10.44,600.0,,alfabetica,,,2,par_cursos,1,True,TEMPO_TOTAL,iteracao,cursos_progr_ate_2_dia_turno_curso,180.0,180.0,600.0,14400.0,False,False,alfabetica,,alfabetica,,./dados/2024_1/horarios_2024_1.xlsx,./dados/2024_1/salas_2024_1.csv,./dados/2024_1/salas_preferenciais_2024.1.xlsx,/Users/robertdrey/Documents/workspace/development/alocador_de_salas,resultados/experimentos/2024_1/novas_hibridas/progr_2_depois_dia_turno/melhor_solucao.sol,resultados/experimentos/2024_1/novas_hibridas/progr_2_depois_dia_turno/historico.csv,resultados/experimentos/2024_1/novas_hibridas/progr_2_depois_dia_turno/historico.json,curso -> par_cursos -> dia_turno_curso,progressiva,alfabetica,,alfabetica,,alfabetica,,180.0,1,180.0,600.0,1,0,TEMPO_TOTAL,1,LET,MAT,73
1,3,74,par_cursos,LET+MED,77,18538,76452,OPTIMAL,185815.5,185815.5,False,185815.5,4.42,4.1,600.0,,alfabetica,,,2,par_cursos,1,True,TEMPO_TOTAL,iteracao,cursos_progr_ate_2_dia_turno_curso,180.0,180.0,600.0,14400.0,False,False,alfabetica,,alfabetica,,./dados/2024_1/horarios_2024_1.xlsx,./dados/2024_1/salas_2024_1.csv,./dados/2024_1/salas_preferenciais_2024.1.xlsx,/Users/robertdrey/Documents/workspace/development/alocador_de_salas,resultados/experimentos/2024_1/novas_hibridas/progr_2_depois_dia_turno/melhor_solucao.sol,resultados/experimentos/2024_1/novas_hibridas/progr_2_depois_dia_turno/historico.csv,resultados/experimentos/2024_1/novas_hibridas/progr_2_depois_dia_turno/historico.json,curso -> par_cursos -> dia_turno_curso,progressiva,alfabetica,,alfabetica,,alfabetica,,180.0,1,180.0,600.0,1,0,TEMPO_TOTAL,1,LET,MED,74
1,3,75,par_cursos,LET+PED,92,21942,73048,TIME_LIMIT,185815.5,185815.5,False,185815.5,600.44,600.1,600.0,,alfabetica,,,2,par_cursos,1,True,TEMPO_TOTAL,iteracao,cursos_progr_ate_2_dia_turno_curso,180.0,180.0,600.0,14400.0,False,False,alfabetica,,alfabetica,,./dados/2024_1/horarios_2024_1.xlsx,./dados/2024_1/salas_2024_1.csv,./dados/2024_1/salas_preferenciais_2024.1.xlsx,/Users/robertdrey/Documents/workspace/development/alocador_de_salas,resultados/experimentos/2024_1/novas_hibridas/progr_2_depois_dia_turno/melhor_solucao.sol,resultados/experimentos/2024_1/novas_hibridas/progr_2_depois_dia_turno/historico.csv,resultados/experimentos/2024_1/novas_hibridas/progr_2_depois_dia_turno/historico.json,curso -> par_cursos -> dia_turno_curso,progressiva,alfabetica,,alfabetica,,alfabetica,,180.0,1,180.0,600.0,1,0,TEMPO_TOTAL,1,LET,PED,75
1,3,76,par_cursos,MAT+MED,64,14352,80638,OPTIMAL,185815.5,185815.5,False,185815.5,1.29,0.93,600.0,,alfabetica,,,2,par_cursos,1,True,TEMPO_TOTAL,iteracao,cursos_progr_ate_2_dia_turno_curso,180.0,180.0,600.0,14400.0,False,False,alfabetica,,alfabetica,,./dados/2024_1/horarios_2024_1.xlsx,./dados/2024_1/salas_2024_1.csv,./dados/2024_1/salas_preferenciais_2024.1.xlsx,/Users/robertdrey/Documents/workspace/development/alocador_de_salas,resultados/experimentos/2024_1/novas_hibridas/progr_2_depois_dia_turno/melhor_solucao.sol,resultados/experimentos/2024_1/novas_hibridas/progr_2_depois_dia_turno/historico.csv,resultados/experimentos/2024_1/novas_hibridas/progr_2_depois_dia_turno/historico.json,curso -> par_cursos -> dia_turno_curso,progressiva,alfabetica,,alfabetica,,alfabetica,,180.0,1,180.0,600.0,1,0,TEMPO_TOTAL,1,MAT,MED,76
1,3,77,par_cursos,MAT+PED,79,17756,77234,OPTIMAL,185815.5,185815.5,False,185815.5,23.45,23.12,600.0,,alfabetica,,,2,par_cursos,1,True,TEMPO_TOTAL,iteracao,cursos_progr_ate_2_dia_turno_curso,180.0,180.0,600.0,14400.0,False,False,alfabetica,,alfabetica,,./dados/2024_1/horarios_2024_1.xlsx,./dados/2024_1/salas_2024_1.csv,./dados/2024_1/salas_preferenciais_2024.1.xlsx,/Users/robertdrey/Documents/workspace/development/alocador_de_salas,resultados/experimentos/2024_1/novas_hibridas/progr_2_depois_dia_turno/melhor_solucao.sol,resultados/experimentos/2024_1/novas_hibridas/progr_2_depois_dia_turno/historico.csv,resultados/experimentos/2024_1/novas_hibridas/progr_2_depois_dia_turno/historico.json,curso -> par_cursos -> dia_turno_curso,progressiva,alfabetica,,alfabetica,,alfabetica,,180.0,1,180.0,600.0,1,0,TEMPO_TOTAL,1,MAT,PED,77
1,3,78,par_cursos,MED+PED,97,22172,72818,OPTIMAL,185815.5,185815.5,False,185815.5,24.65,24.29,600.0,,alfabetica,,,2,par_cursos,1,True,TEMPO_TOTAL,iteracao,cursos_progr_ate_2_dia_turno_curso,180.0,180.0,600.0,14400.0,False,False,alfabetica,,alfabetica,,./dados/2024_1/horarios_2024_1.xlsx,./dados/2024_1/salas_2024_1.csv,./dados/2024_1/salas_preferenciais_2024.1.xlsx,/Users/robertdrey/Documents/workspace/development/alocador_de_salas,resultados/experimentos/2024_1/novas_hibridas/progr_2_depois_dia_turno/melhor_solucao.sol,resultados/experimentos/2024_1/novas_hibridas/progr_2_depois_dia_turno/historico.csv,resultados/experimentos/2024_1/novas_hibridas/progr_2_depois_dia_turno/historico.json,curso -> par_cursos -> dia_turno_curso,progressiva,alfabetica,,alfabetica,,alfabetica,,180.0,1,180.0,600.0,1,0,TEMPO_TOTAL,1,MED,PED,78
1,4,1,par_cursos,ADM+AGRO,99,18032,76958,OPTIMAL,185815.5,185815.5,False,185815.5,7.61,7.27,600.0,,alfabetica,,,2,par_cursos,2,True,TEMPO_TOTAL,iteracao,cursos_progr_ate_2_dia_turno_curso,180.0,180.0,600.0,14400.0,False,False,alfabetica,,alfabetica,,./dados/2024_1/horarios_2024_1.xlsx,./dados/2024_1/salas_2024_1.csv,./dados/2024_1/salas_preferenciais_2024.1.xlsx,/Users/robertdrey/Documents/workspace/development/alocador_de_salas,resultados/experimentos/2024_1/novas_hibridas/progr_2_depois_dia_turno/melhor_solucao.sol,resultados/experimentos/2024_1/novas_hibridas/progr_2_depois_dia_turno/historico.csv,resultados/experimentos/2024_1/novas_hibridas/progr_2_depois_dia_turno/historico.json,curso -> par_cursos -> dia_turno_curso,progressiva,alfabetica,,alfabetica,,alfabetica,,180.0,1,180.0,600.0,1,0,TEMPO_TOTAL,1,ADM,AGRO,1
1,4,2,par_cursos,ADM+CC,95,19826,75164,OPTIMAL,185815.5,185815.5,False,185815.5,1.8,1.48,600.0,,alfabetica,,,2,par_cursos,2,True,TEMPO_TOTAL,iteracao,cursos_progr_ate_2_dia_turno_curso,180.0,180.0,600.0,14400.0,False,False,alfabetica,,alfabetica,,./dados/2024_1/horarios_2024_1.xlsx,./dados/2024_1/salas_2024_1.csv,./dados/2024_1/salas_preferenciais_2024.1.xlsx,/Users/robertdrey/Documents/workspace/development/alocador_de_salas,resultados/experimentos/2024_1/novas_hibridas/progr_2_depois_dia_turno/melhor_solucao.sol,resultados/experimentos/2024_1/novas_hibridas/progr_2_depois_dia_turno/historico.csv,resultados/experimentos/2024_1/novas_hibridas/progr_2_depois_dia_turno/historico.json,curso -> par_cursos -> dia_turno_curso,progressiva,alfabetica,,alfabetica,,alfabetica,,180.0,1,180.0,600.0,1,0,TEMPO_TOTAL,1,ADM,CC,2
1,4,3,par_cursos,ADM+CS,70,13846,81144,OPTIMAL,185815.5,185815.5,False,185815.5,1.26,0.93,600.0,,alfabetica,,,2,par_cursos,2,True,TEMPO_TOTAL,iteracao,cursos_progr_ate_2_dia_turno_curso,180.0,180.0,600.0,14400.0,False,False,alfabetica,,alfabetica,,./dados/2024_1/horarios_2024_1.xlsx,./dados/2024_1/salas_2024_1.csv,./dados/2024_1/salas_preferenciais_2024.1.xlsx,/Users/robertdrey/Documents/workspace/development/alocador_de_salas,resultados/experimentos/2024_1/novas_hibridas/progr_2_depois_dia_turno/melhor_solucao.sol,resultados/experimentos/2024_1/novas_hibridas/progr_2_depois_dia_turno/historico.csv,resultados/experimentos/2024_1/novas_hibridas/progr_2_depois_dia_turno/historico.json,curso -> par_cursos -> dia_turno_curso,progressiva,alfabetica,,alfabetica,,alfabetica,,180.0,1,180.0,600.0,1,0,TEMPO_TOTAL,1,ADM,CS,3
1,4,4,par_cursos,ADM+EAS,93,16744,78246,OPTIMAL,185815.5,185815.5,False,185815.5,1.38,1.07,600.0,,alfabetica,,,2,par_cursos,2,True,TEMPO_TOTAL,iteracao,cursos_progr_ate_2_dia_turno_curso,180.0,180.0,600.0,14400.0,False,False,alfabetica,,alfabetica,,./dados/2024_1/horarios_2024_1.xlsx,./dados/2024_1/salas_2024_1.csv,./dados/2024_1/salas_preferenciais_2024.1.xlsx,/Users/robertdrey/Documents/workspace/development/alocador_de_salas,resultados/experimentos/2024_1/novas_hibridas/progr_2_depois_dia_turno/melhor_solucao.sol,resultados/experimentos/2024_1/novas_hibridas/progr_2_depois_dia_turno/historico.csv,resultados/experimentos/2024_1/novas_hibridas/progr_2_depois_dia_turno/historico.json,curso -> par_cursos -> dia_turno_curso,progressiva,alfabetica,,alfabetica,,alfabetica,,180.0,1,180.0,600.0,1,0,TEMPO_TOTAL,1,ADM,EAS,4
1,4,5,par_cursos,ADM+ENF,66,17802,77188,OPTIMAL,185815.5,185815.5,False,185815.5,6.23,5.89,600.0,,alfabetica,,,2,par_cursos,2,True,TEMPO_TOTAL,iteracao,cursos_progr_ate_2_dia_turno_curso,180.0,180.0,600.0,14400.0,False,False,alfabetica,,alfabetica,,./dados/2024_1/horarios_2024_1.xlsx,./dados/2024_1/salas_2024_1.csv,./dados/2024_1/salas_preferenciais_2024.1.xlsx,/Users/robertdrey/Documents/workspace/development/alocador_de_salas,resultados/experimentos/2024_1/novas_hibridas/progr_2_depois_dia_turno/melhor_solucao.sol,resultados/experimentos/2024_1/novas_hibridas/progr_2_depois_dia_turno/historico.csv,resultados/experimentos/2024_1/novas_hibridas/progr_2_depois_dia_turno/historico.json,curso -> par_cursos -> dia_turno_curso,progressiva,alfabetica,,alfabetica,,alfabetica,,180.0,1,180.0,600.0,1,0,TEMPO_TOTAL,1,ADM,ENF,5
1,4,6,par_cursos,ADM+FIL,63,12052,82938,OPTIMAL,185815.5,185815.5,False,185815.5,0.98,0.64,600.0,,alfabetica,,,2,par_cursos,2,True,TEMPO_TOTAL,iteracao,cursos_progr_ate_2_dia_turno_curso,180.0,180.0,600.0,14400.0,False,False,alfabetica,,alfabetica,,./dados/2024_1/horarios_2024_1.xlsx,./dados/2024_1/salas_2024_1.csv,./dados/2024_1/salas_preferenciais_2024.1.xlsx,/Users/robertdrey/Documents/workspace/development/alocador_de_salas,resultados/experimentos/2024_1/novas_hibridas/progr_2_depois_dia_turno/melhor_solucao.sol,resultados/experimentos/2024_1/novas_hibridas/progr_2_depois_dia_turno/historico.csv,resultados/experimentos/2024_1/novas_hibridas/progr_2_depois_dia_turno/historico.json,curso -> par_cursos -> dia_turno_curso,progressiva,alfabetica,,alfabetica,,alfabetica,,180.0,1,180.0,600.0,1,0,TEMPO_TOTAL,1,ADM,FIL,6
1,4,7,par_cursos,ADM+GEO,58,11362,83628,OPTIMAL,185815.5,185815.5,False,185815.5,0.88,0.58,600.0,,alfabetica,,,2,par_cursos,2,True,TEMPO_TOTAL,iteracao,cursos_progr_ate_2_dia_turno_curso,180.0,180.0,600.0,14400.0,False,False,alfabetica,,alfabetica,,./dados/2024_1/horarios_2024_1.xlsx,./dados/2024_1/salas_2024_1.csv,./dados/2024_1/salas_preferenciais_2024.1.xlsx,/Users/robertdrey/Documents/workspace/development/alocador_de_salas,resultados/experimentos/2024_1/novas_hibridas/progr_2_depois_dia_turno/melhor_solucao.sol,resultados/experimentos/2024_1/novas_hibridas/progr_2_depois_dia_turno/historico.csv,resultados/experimentos/2024_1/novas_hibridas/progr_2_depois_dia_turno/historico.json,curso -> par_cursos -> dia_turno_curso,progressiva,alfabetica,,alfabetica,,alfabetica,,180.0,1,180.0,600.0,1,0,TEMPO_TOTAL,1,ADM,GEO,7
1,4,8,par_cursos,ADM+HIS,72,14076,80914,OPTIMAL,185815.5,185815.5,False,185815.5,1.12,0.81,600.0,,alfabetica,,,2,par_cursos,2,True,TEMPO_TOTAL,iteracao,cursos_progr_ate_2_dia_turno_curso,180.0,180.0,600.0,14400.0,False,False,alfabetica,,alfabetica,,./dados/2024_1/horarios_2024_1.xlsx,./dados/2024_1/salas_2024_1.csv,./dados/2024_1/salas_preferenciais_2024.1.xlsx,/Users/robertdrey/Documents/workspace/development/alocador_de_salas,resultados/experimentos/2024_1/novas_hibridas/progr_2_depois_dia_turno/melhor_solucao.sol,resultados/experimentos/2024_1/novas_hibridas/progr_2_depois_dia_turno/historico.csv,resultados/experimentos/2024_1/novas_hibridas/progr_2_depois_dia_turno/historico.json,curso -> par_cursos -> dia_turno_curso,progressiva,alfabetica,,alfabetica,,alfabetica,,180.0,1,180.0,600.0,1,0,TEMPO_TOTAL,1,ADM,HIS,8
1,4,9,par_cursos,ADM+LET,84,18446,76544,OPTIMAL,185815.5,185815.5,False,185815.5,19.65,19.3,600.0,,alfabetica,,,2,par_cursos,2,True,TEMPO_TOTAL,iteracao,cursos_progr_ate_2_dia_turno_curso,180.0,180.0,600.0,14400.0,False,False,alfabetica,,alfabetica,,./dados/2024_1/horarios_2024_1.xlsx,./dados/2024_1/salas_2024_1.csv,./dados/2024_1/salas_preferenciais_2024.1.xlsx,/Users/robertdrey/Documents/workspace/development/alocador_de_salas,resultados/experimentos/2024_1/novas_hibridas/progr_2_depois_dia_turno/melhor_solucao.sol,resultados/experimentos/2024_1/novas_hibridas/progr_2_depois_dia_turno/historico.csv,resultados/experimentos/2024_1/novas_hibridas/progr_2_depois_dia_turno/historico.json,curso -> par_cursos -> dia_turno_curso,progressiva,alfabetica,,alfabetica,,alfabetica,,180.0,1,180.0,600.0,1,0,TEMPO_TOTAL,1,ADM,LET,9
1,4,10,par_cursos,ADM+MAT,71,14260,80730,OPTIMAL,185815.5,185815.5,False,185815.5,1.26,0.91,600.0,,alfabetica,,,2,par_cursos,2,True,TEMPO_TOTAL,iteracao,cursos_progr_ate_2_dia_turno_curso,180.0,180.0,600.0,14400.0,False,False,alfabetica,,alfabetica,,./dados/2024_1/horarios_2024_1.xlsx,./dados/2024_1/salas_2024_1.csv,./dados/2024_1/salas_preferenciais_2024.1.xlsx,/Users/robertdrey/Documents/workspace/development/alocador_de_salas,resultados/experimentos/2024_1/novas_hibridas/progr_2_depois_dia_turno/melhor_solucao.sol,resultados/experimentos/2024_1/novas_hibridas/progr_2_depois_dia_turno/historico.csv,resultados/experimentos/2024_1/novas_hibridas/progr_2_depois_dia_turno/historico.json,curso -> par_cursos -> dia_turno_curso,progressiva,alfabetica,,alfabetica,,alfabetica,,180.0,1,180.0,600.0,1,0,TEMPO_TOTAL,1,ADM,MAT,10
1,4,11,par_cursos,ADM+MED,89,18676,76314,OPTIMAL,185815.5,185815.5,False,185815.5,1.87,1.55,600.0,,alfabetica,,,2,par_cursos,2,True,TEMPO_TOTAL,iteracao,cursos_progr_ate_2_dia_turno_curso,180.0,180.0,600.0,14400.0,False,False,alfabetica,,alfabetica,,./dados/2024_1/horarios_2024_1.xlsx,./dados/2024_1/salas_2024_1.csv,./dados/2024_1/salas_preferenciais_2024.1.xlsx,/Users/robertdrey/Documents/workspace/development/alocador_de_salas,resultados/experimentos/2024_1/novas_hibridas/progr_2_depois_dia_turno/melhor_solucao.sol,resultados/experimentos/2024_1/novas_hibridas/progr_2_depois_dia_turno/historico.csv,resultados/experimentos/2024_1/novas_hibridas/progr_2_depois_dia_turno/historico.json,curso -> par_cursos -> dia_turno_curso,progressiva,alfabetica,,alfabetica,,alfabetica,,180.0,1,180.0,600.0,1,0,TEMPO_TOTAL,1,ADM,MED,11
1,4,12,par_cursos,ADM+PED,104,22080,72910,TIME_LIMIT,185815.5,185815.5,False,185815.5,600.54,600.21,600.0,,alfabetica,,,2,par_cursos,2,True,TEMPO_TOTAL,iteracao,cursos_progr_ate_2_dia_turno_curso,180.0,180.0,600.0,14400.0,False,False,alfabetica,,alfabetica,,./dados/2024_1/horarios_2024_1.xlsx,./dados/2024_1/salas_2024_1.csv,./dados/2024_1/salas_preferenciais_2024.1.xlsx,/Users/robertdrey/Documents/workspace/development/alocador_de_salas,resultados/experimentos/2024_1/novas_hibridas/progr_2_depois_dia_turno/melhor_solucao.sol,resultados/experimentos/2024_1/novas_hibridas/progr_2_depois_dia_turno/historico.csv,resultados/experimentos/2024_1/novas_hibridas/progr_2_depois_dia_turno/historico.json,curso -> par_cursos -> dia_turno_curso,progressiva,alfabetica,,alfabetica,,alfabetica,,180.0,1,180.0,600.0,1,0,TEMPO_TOTAL,1,ADM,PED,12
1,4,13,par_cursos,AGRO+CC,98,19274,75716,OPTIMAL,185815.5,185815.5,False,185815.5,7.43,6.91,600.0,,alfabetica,,,2,par_cursos,2,True,TEMPO_TOTAL,iteracao,cursos_progr_ate_2_dia_turno_curso,180.0,180.0,600.0,14400.0,False,False,alfabetica,,alfabetica,,./dados/2024_1/horarios_2024_1.xlsx,./dados/2024_1/salas_2024_1.csv,./dados/2024_1/salas_preferenciais_2024.1.xlsx,/Users/robertdrey/Documents/workspace/development/alocador_de_salas,resultados/experimentos/2024_1/novas_hibridas/progr_2_depois_dia_turno/melhor_solucao.sol,resultados/experimentos/2024_1/novas_hibridas/progr_2_depois_dia_turno/historico.csv,resultados/experimentos/2024_1/novas_hibridas/progr_2_depois_dia_turno/historico.json,curso -> par_cursos -> dia_turno_curso,progressiva,alfabetica,,alfabetica,,alfabetica,,180.0,1,180.0,600.0,1,0,TEMPO_TOTAL,1,AGRO,CC,13
1,4,14,par_cursos,AGRO+CS,73,13294,81696,OPTIMAL,185815.5,185815.5,False,185815.5,3.82,3.5,600.0,,alfabetica,,,2,par_cursos,2,True,TEMPO_TOTAL,iteracao,cursos_progr_ate_2_dia_turno_curso,180.0,180.0,600.0,14400.0,False,False,alfabetica,,alfabetica,,./dados/2024_1/horarios_2024_1.xlsx,./dados/2024_1/salas_2024_1.csv,./dados/2024_1/salas_preferenciais_2024.1.xlsx,/Users/robertdrey/Documents/workspace/development/alocador_de_salas,resultados/experimentos/2024_1/novas_hibridas/progr_2_depois_dia_turno/melhor_solucao.sol,resultados/experimentos/2024_1/novas_hibridas/progr_2_depois_dia_turno/historico.csv,resultados/experimentos/2024_1/novas_hibridas/progr_2_depois_dia_turno/historico.json,curso -> par_cursos -> dia_turno_curso,progressiva,alfabetica,,alfabetica,,alfabetica,,180.0,1,180.0,600.0,1,0,TEMPO_TOTAL,1,AGRO,CS,14
1,4,15,par_cursos,AGRO+EAS,96,16192,78798,OPTIMAL,185815.5,185809.0,True,185809.0,9.22,8.88,600.0,,alfabetica,,,2,par_cursos,2,True,TEMPO_TOTAL,iteracao,cursos_progr_ate_2_dia_turno_curso,180.0,180.0,600.0,14400.0,False,False,alfabetica,,alfabetica,,./dados/2024_1/horarios_2024_1.xlsx,./dados/2024_1/salas_2024_1.csv,./dados/2024_1/salas_preferenciais_2024.1.xlsx,/Users/robertdrey/Documents/workspace/development/alocador_de_salas,resultados/experimentos/2024_1/novas_hibridas/progr_2_depois_dia_turno/melhor_solucao.sol,resultados/experimentos/2024_1/novas_hibridas/progr_2_depois_dia_turno/historico.csv,resultados/experimentos/2024_1/novas_hibridas/progr_2_depois_dia_turno/historico.json,curso -> par_cursos -> dia_turno_curso,progressiva,alfabetica,,alfabetica,,alfabetica,,180.0,1,180.0,600.0,1,0,TEMPO_TOTAL,1,AGRO,EAS,15
1,4,16,par_cursos,AGRO+ENF,69,17250,77740,OPTIMAL,185809.0,185805.0,True,185805.0,161.09,160.76,600.0,,alfabetica,,,2,par_cursos,2,True,TEMPO_TOTAL,iteracao,cursos_progr_ate_2_dia_turno_curso,180.0,180.0,600.0,14400.0,False,False,alfabetica,,alfabetica,,./dados/2024_1/horarios_2024_1.xlsx,./dados/2024_1/salas_2024_1.csv,./dados/2024_1/salas_preferenciais_2024.1.xlsx,/Users/robertdrey/Documents/workspace/development/alocador_de_salas,resultados/experimentos/2024_1/novas_hibridas/progr_2_depois_dia_turno/melhor_solucao.sol,resultados/experimentos/2024_1/novas_hibridas/progr_2_depois_dia_turno/historico.csv,resultados/experimentos/2024_1/novas_hibridas/progr_2_depois_dia_turno/historico.json,curso -> par_cursos -> dia_turno_curso,progressiva,alfabetica,,alfabetica,,alfabetica,,180.0,1,180.0,600.0,1,0,TEMPO_TOTAL,1,AGRO,ENF,16
1,4,17,par_cursos,AGRO+FIL,66,11500,83490,OPTIMAL,185805.0,185805.0,False,185805.0,3.36,3.04,600.0,,alfabetica,,,2,par_cursos,2,True,TEMPO_TOTAL,iteracao,cursos_progr_ate_2_dia_turno_curso,180.0,180.0,600.0,14400.0,False,False,alfabetica,,alfabetica,,./dados/2024_1/horarios_2024_1.xlsx,./dados/2024_1/salas_2024_1.csv,./dados/2024_1/salas_preferenciais_2024.1.xlsx,/Users/robertdrey/Documents/workspace/development/alocador_de_salas,resultados/experimentos/2024_1/novas_hibridas/progr_2_depois_dia_turno/melhor_solucao.sol,resultados/experimentos/2024_1/novas_hibridas/progr_2_depois_dia_turno/historico.csv,resultados/experimentos/2024_1/novas_hibridas/progr_2_depois_dia_turno/historico.json,curso -> par_cursos -> dia_turno_curso,progressiva,alfabetica,,alfabetica,,alfabetica,,180.0,1,180.0,600.0,1,0,TEMPO_TOTAL,1,AGRO,FIL,17
1,4,18,par_cursos,AGRO+GEO,61,10810,84180,OPTIMAL,185805.0,185805.0,False,185805.0,3.69,3.34,600.0,,alfabetica,,,2,par_cursos,2,True,TEMPO_TOTAL,iteracao,cursos_progr_ate_2_dia_turno_curso,180.0,180.0,600.0,14400.0,False,False,alfabetica,,alfabetica,,./dados/2024_1/horarios_2024_1.xlsx,./dados/2024_1/salas_2024_1.csv,./dados/2024_1/salas_preferenciais_2024.1.xlsx,/Users/robertdrey/Documents/workspace/development/alocador_de_salas,resultados/experimentos/2024_1/novas_hibridas/progr_2_depois_dia_turno/melhor_solucao.sol,resultados/experimentos/2024_1/novas_hibridas/progr_2_depois_dia_turno/historico.csv,resultados/experimentos/2024_1/novas_hibridas/progr_2_depois_dia_turno/historico.json,curso -> par_cursos -> dia_turno_curso,progressiva,alfabetica,,alfabetica,,alfabetica,,180.0,1,180.0,600.0,1,0,TEMPO_TOTAL,1,AGRO,GEO,18
1,4,19,par_cursos,AGRO+HIS,75,13524,81466,OPTIMAL,185805.0,185805.0,False,185805.0,3.56,3.22,600.0,,alfabetica,,,2,par_cursos,2,True,TEMPO_TOTAL,iteracao,cursos_progr_ate_2_dia_turno_curso,180.0,180.0,600.0,14400.0,False,False,alfabetica,,alfabetica,,./dados/2024_1/horarios_2024_1.xlsx,./dados/2024_1/salas_2024_1.csv,./dados/2024_1/salas_preferenciais_2024.1.xlsx,/Users/robertdrey/Documents/workspace/development/alocador_de_salas,resultados/experimentos/2024_1/novas_hibridas/progr_2_depois_dia_turno/melhor_solucao.sol,resultados/experimentos/2024_1/novas_hibridas/progr_2_depois_dia_turno/historico.csv,resultados/experimentos/2024_1/novas_hibridas/progr_2_depois_dia_turno/historico.json,curso -> par_cursos -> dia_turno_curso,progressiva,alfabetica,,alfabetica,,alfabetica,,180.0,1,180.0,600.0,1,0,TEMPO_TOTAL,1,AGRO,HIS,19
1,4,20,par_cursos,AGRO+LET,87,17894,77096,OPTIMAL,185805.0,185775.0,True,185775.0,14.75,14.42,600.0,,alfabetica,,,2,par_cursos,2,True,TEMPO_TOTAL,iteracao,cursos_progr_ate_2_dia_turno_curso,180.0,180.0,600.0,14400.0,False,False,alfabetica,,alfabetica,,./dados/2024_1/horarios_2024_1.xlsx,./dados/2024_1/salas_2024_1.csv,./dados/2024_1/salas_preferenciais_2024.1.xlsx,/Users/robertdrey/Documents/workspace/development/alocador_de_salas,resultados/experimentos/2024_1/novas_hibridas/progr_2_depois_dia_turno/melhor_solucao.sol,resultados/experimentos/2024_1/novas_hibridas/progr_2_depois_dia_turno/historico.csv,resultados/experimentos/2024_1/novas_hibridas/progr_2_depois_dia_turno/historico.json,curso -> par_cursos -> dia_turno_curso,progressiva,alfabetica,,alfabetica,,alfabetica,,180.0,1,180.0,600.0,1,0,TEMPO_TOTAL,1,AGRO,LET,20
1,4,21,par_cursos,AGRO+MAT,74,13708,81282,OPTIMAL,185775.0,185775.0,False,185775.0,5.05,4.73,600.0,,alfabetica,,,2,par_cursos,2,True,TEMPO_TOTAL,iteracao,cursos_progr_ate_2_dia_turno_curso,180.0,180.0,600.0,14400.0,False,False,alfabetica,,alfabetica,,./dados/2024_1/horarios_2024_1.xlsx,./dados/2024_1/salas_2024_1.csv,./dados/2024_1/salas_preferenciais_2024.1.xlsx,/Users/robertdrey/Documents/workspace/development/alocador_de_salas,resultados/experimentos/2024_1/novas_hibridas/progr_2_depois_dia_turno/melhor_solucao.sol,resultados/experimentos/2024_1/novas_hibridas/progr_2_depois_dia_turno/historico.csv,resultados/experimentos/2024_1/novas_hibridas/progr_2_depois_dia_turno/historico.json,curso -> par_cursos -> dia_turno_curso,progressiva,alfabetica,,alfabetica,,alfabetica,,180.0,1,180.0,600.0,1,0,TEMPO_TOTAL,1,AGRO,MAT,21
1,4,22,par_cursos,AGRO+MED,92,18124,76866,TIME_LIMIT,185775.0,185753.0,True,185753.0,600.36,600.02,600.0,,alfabetica,,,2,par_cursos,2,True,TEMPO_TOTAL,iteracao,cursos_progr_ate_2_dia_turno_curso,180.0,180.0,600.0,14400.0,False,False,alfabetica,,alfabetica,,./dados/2024_1/horarios_2024_1.xlsx,./dados/2024_1/salas_2024_1.csv,./dados/2024_1/salas_preferenciais_2024.1.xlsx,/Users/robertdrey/Documents/workspace/development/alocador_de_salas,resultados/experimentos/2024_1/novas_hibridas/progr_2_depois_dia_turno/melhor_solucao.sol,resultados/experimentos/2024_1/novas_hibridas/progr_2_depois_dia_turno/historico.csv,resultados/experimentos/2024_1/novas_hibridas/progr_2_depois_dia_turno/historico.json,curso -> par_cursos -> dia_turno_curso,progressiva,alfabetica,,alfabetica,,alfabetica,,180.0,1,180.0,600.0,1,0,TEMPO_TOTAL,1,AGRO,MED,22
1,4,23,par_cursos,AGRO+PED,107,21528,73462,OPTIMAL,185753.0,185753.0,False,185753.0,60.43,60.08,600.0,,alfabetica,,,2,par_cursos,2,True,TEMPO_TOTAL,iteracao,cursos_progr_ate_2_dia_turno_curso,180.0,180.0,600.0,14400.0,False,False,alfabetica,,alfabetica,,./dados/2024_1/horarios_2024_1.xlsx,./dados/2024_1/salas_2024_1.csv,./dados/2024_1/salas_preferenciais_2024.1.xlsx,/Users/robertdrey/Documents/workspace/development/alocador_de_salas,resultados/experimentos/2024_1/novas_hibridas/progr_2_depois_dia_turno/melhor_solucao.sol,resultados/experimentos/2024_1/novas_hibridas/progr_2_depois_dia_turno/historico.csv,resultados/experimentos/2024_1/novas_hibridas/progr_2_depois_dia_turno/historico.json,curso -> par_cursos -> dia_turno_curso,progressiva,alfabetica,,alfabetica,,alfabetica,,180.0,1,180.0,600.0,1,0,TEMPO_TOTAL,1,AGRO,PED,23
1,4,24,par_cursos,CC+CS,69,15088,79902,OPTIMAL,185753.0,185753.0,False,185753.0,1.54,1.19,600.0,,alfabetica,,,2,par_cursos,2,True,TEMPO_TOTAL,iteracao,cursos_progr_ate_2_dia_turno_curso,180.0,180.0,600.0,14400.0,False,False,alfabetica,,alfabetica,,./dados/2024_1/horarios_2024_1.xlsx,./dados/2024_1/salas_2024_1.csv,./dados/2024_1/salas_preferenciais_2024.1.xlsx,/Users/robertdrey/Documents/workspace/development/alocador_de_salas,resultados/experimentos/2024_1/novas_hibridas/progr_2_depois_dia_turno/melhor_solucao.sol,resultados/experimentos/2024_1/novas_hibridas/progr_2_depois_dia_turno/historico.csv,resultados/experimentos/2024_1/novas_hibridas/progr_2_depois_dia_turno/historico.json,curso -> par_cursos -> dia_turno_curso,progressiva,alfabetica,,alfabetica,,alfabetica,,180.0,1,180.0,600.0,1,0,TEMPO_TOTAL,1,CC,CS,24
1,4,25,par_cursos,CC+EAS,92,17986,77004,OPTIMAL,185753.0,185748.0,True,185748.0,1.59,1.27,600.0,,alfabetica,,,2,par_cursos,2,True,TEMPO_TOTAL,iteracao,cursos_progr_ate_2_dia_turno_curso,180.0,180.0,600.0,14400.0,False,False,alfabetica,,alfabetica,,./dados/2024_1/horarios_2024_1.xlsx,./dados/2024_1/salas_2024_1.csv,./dados/2024_1/salas_preferenciais_2024.1.xlsx,/Users/robertdrey/Documents/workspace/development/alocador_de_salas,resultados/experimentos/2024_1/novas_hibridas/progr_2_depois_dia_turno/melhor_solucao.sol,resultados/experimentos/2024_1/novas_hibridas/progr_2_depois_dia_turno/historico.csv,resultados/experimentos/2024_1/novas_hibridas/progr_2_depois_dia_turno/historico.json,curso -> par_cursos -> dia_turno_curso,progressiva,alfabetica,,alfabetica,,alfabetica,,180.0,1,180.0,600.0,1,0,TEMPO_TOTAL,1,CC,EAS,25
1,4,26,par_cursos,CC+ENF,65,19044,75946,OPTIMAL,185748.0,185709.0,True,185709.0,5.58,5.25,600.0,,alfabetica,,,2,par_cursos,2,True,TEMPO_TOTAL,iteracao,cursos_progr_ate_2_dia_turno_curso,180.0,180.0,600.0,14400.0,False,False,alfabetica,,alfabetica,,./dados/2024_1/horarios_2024_1.xlsx,./dados/2024_1/salas_2024_1.csv,./dados/2024_1/salas_preferenciais_2024.1.xlsx,/Users/robertdrey/Documents/workspace/development/alocador_de_salas,resultados/experimentos/2024_1/novas_hibridas/progr_2_depois_dia_turno/melhor_solucao.sol,resultados/experimentos/2024_1/novas_hibridas/progr_2_depois_dia_turno/historico.csv,resultados/experimentos/2024_1/novas_hibridas/progr_2_depois_dia_turno/historico.json,curso -> par_cursos -> dia_turno_curso,progressiva,alfabetica,,alfabetica,,alfabetica,,180.0,1,180.0,600.0,1,0,TEMPO_TOTAL,1,CC,ENF,26
1,4,27,par_cursos,CC+FIL,62,13294,81696,OPTIMAL,185709.0,185709.0,False,185709.0,1.28,0.96,600.0,,alfabetica,,,2,par_cursos,2,True,TEMPO_TOTAL,iteracao,cursos_progr_ate_2_dia_turno_curso,180.0,180.0,600.0,14400.0,False,False,alfabetica,,alfabetica,,./dados/2024_1/horarios_2024_1.xlsx,./dados/2024_1/salas_2024_1.csv,./dados/2024_1/salas_preferenciais_2024.1.xlsx,/Users/robertdrey/Documents/workspace/development/alocador_de_salas,resultados/experimentos/2024_1/novas_hibridas/progr_2_depois_dia_turno/melhor_solucao.sol,resultados/experimentos/2024_1/novas_hibridas/progr_2_depois_dia_turno/historico.csv,resultados/experimentos/2024_1/novas_hibridas/progr_2_depois_dia_turno/historico.json,curso -> par_cursos -> dia_turno_curso,progressiva,alfabetica,,alfabetica,,alfabetica,,180.0,1,180.0,600.0,1,0,TEMPO_TOTAL,1,CC,FIL,27
1,4,28,par_cursos,CC+GEO,57,12604,82386,OPTIMAL,185709.0,185709.0,False,185709.0,1.14,0.83,600.0,,alfabetica,,,2,par_cursos,2,True,TEMPO_TOTAL,iteracao,cursos_progr_ate_2_dia_turno_curso,180.0,180.0,600.0,14400.0,False,False,alfabetica,,alfabetica,,./dados/2024_1/horarios_2024_1.xlsx,./dados/2024_1/salas_2024_1.csv,./dados/2024_1/salas_preferenciais_2024.1.xlsx,/Users/robertdrey/Documents/workspace/development/alocador_de_salas,resultados/experimentos/2024_1/novas_hibridas/progr_2_depois_dia_turno/melhor_solucao.sol,resultados/experimentos/2024_1/novas_hibridas/progr_2_depois_dia_turno/historico.csv,resultados/experimentos/2024_1/novas_hibridas/progr_2_depois_dia_turno/historico.json,curso -> par_cursos -> dia_turno_curso,progressiva,alfabetica,,alfabetica,,alfabetica,,180.0,1,180.0,600.0,1,0,TEMPO_TOTAL,1,CC,GEO,28
1,4,29,par_cursos,CC+HIS,71,15318,79672,OPTIMAL,185709.0,185709.0,False,185709.0,1.4,1.07,600.0,,alfabetica,,,2,par_cursos,2,True,TEMPO_TOTAL,iteracao,cursos_progr_ate_2_dia_turno_curso,180.0,180.0,600.0,14400.0,False,False,alfabetica,,alfabetica,,./dados/2024_1/horarios_2024_1.xlsx,./dados/2024_1/salas_2024_1.csv,./dados/2024_1/salas_preferenciais_2024.1.xlsx,/Users/robertdrey/Documents/workspace/development/alocador_de_salas,resultados/experimentos/2024_1/novas_hibridas/progr_2_depois_dia_turno/melhor_solucao.sol,resultados/experimentos/2024_1/novas_hibridas/progr_2_depois_dia_turno/historico.csv,resultados/experimentos/2024_1/novas_hibridas/progr_2_depois_dia_turno/historico.json,curso -> par_cursos -> dia_turno_curso,progressiva,alfabetica,,alfabetica,,alfabetica,,180.0,1,180.0,600.0,1,0,TEMPO_TOTAL,1,CC,HIS,29
1,4,30,par_cursos,CC+LET,83,19688,75302,OPTIMAL,185709.0,185709.0,False,185709.0,562.3,561.96,600.0,,alfabetica,,,2,par_cursos,2,True,TEMPO_TOTAL,iteracao,cursos_progr_ate_2_dia_turno_curso,180.0,180.0,600.0,14400.0,False,False,alfabetica,,alfabetica,,./dados/2024_1/horarios_2024_1.xlsx,./dados/2024_1/salas_2024_1.csv,./dados/2024_1/salas_preferenciais_2024.1.xlsx,/Users/robertdrey/Documents/workspace/development/alocador_de_salas,resultados/experimentos/2024_1/novas_hibridas/progr_2_depois_dia_turno/melhor_solucao.sol,resultados/experimentos/2024_1/novas_hibridas/progr_2_depois_dia_turno/historico.csv,resultados/experimentos/2024_1/novas_hibridas/progr_2_depois_dia_turno/historico.json,curso -> par_cursos -> dia_turno_curso,progressiva,alfabetica,,alfabetica,,alfabetica,,180.0,1,180.0,600.0,1,0,TEMPO_TOTAL,1,CC,LET,30
1,4,31,par_cursos,CC+MAT,70,15502,79488,OPTIMAL,185709.0,185709.0,False,185709.0,1.39,1.08,600.0,,alfabetica,,,2,par_cursos,2,True,TEMPO_TOTAL,iteracao,cursos_progr_ate_2_dia_turno_curso,180.0,180.0,600.0,14400.0,False,False,alfabetica,,alfabetica,,./dados/2024_1/horarios_2024_1.xlsx,./dados/2024_1/salas_2024_1.csv,./dados/2024_1/salas_preferenciais_2024.1.xlsx,/Users/robertdrey/Documents/workspace/development/alocador_de_salas,resultados/experimentos/2024_1/novas_hibridas/progr_2_depois_dia_turno/melhor_solucao.sol,resultados/experimentos/2024_1/novas_hibridas/progr_2_depois_dia_turno/historico.csv,resultados/experimentos/2024_1/novas_hibridas/progr_2_depois_dia_turno/historico.json,curso -> par_cursos -> dia_turno_curso,progressiva,alfabetica,,alfabetica,,alfabetica,,180.0,1,180.0,600.0,1,0,TEMPO_TOTAL,1,CC,MAT,31
1,4,32,par_cursos,CC+MED,88,19918,75072,OPTIMAL,185709.0,185709.0,False,185709.0,2.57,2.27,600.0,,alfabetica,,,2,par_cursos,2,True,TEMPO_TOTAL,iteracao,cursos_progr_ate_2_dia_turno_curso,180.0,180.0,600.0,14400.0,False,False,alfabetica,,alfabetica,,./dados/2024_1/horarios_2024_1.xlsx,./dados/2024_1/salas_2024_1.csv,./dados/2024_1/salas_preferenciais_2024.1.xlsx,/Users/robertdrey/Documents/workspace/development/alocador_de_salas,resultados/experimentos/2024_1/novas_hibridas/progr_2_depois_dia_turno/melhor_solucao.sol,resultados/experimentos/2024_1/novas_hibridas/progr_2_depois_dia_turno/historico.csv,resultados/experimentos/2024_1/novas_hibridas/progr_2_depois_dia_turno/historico.json,curso -> par_cursos -> dia_turno_curso,progressiva,alfabetica,,alfabetica,,alfabetica,,180.0,1,180.0,600.0,1,0,TEMPO_TOTAL,1,CC,MED,32
1,4,33,par_cursos,CC+PED,103,23322,71668,OPTIMAL,185709.0,185709.0,False,185709.0,29.94,29.63,600.0,,alfabetica,,,2,par_cursos,2,True,TEMPO_TOTAL,iteracao,cursos_progr_ate_2_dia_turno_curso,180.0,180.0,600.0,14400.0,False,False,alfabetica,,alfabetica,,./dados/2024_1/horarios_2024_1.xlsx,./dados/2024_1/salas_2024_1.csv,./dados/2024_1/salas_preferenciais_2024.1.xlsx,/Users/robertdrey/Documents/workspace/development/alocador_de_salas,resultados/experimentos/2024_1/novas_hibridas/progr_2_depois_dia_turno/melhor_solucao.sol,resultados/experimentos/2024_1/novas_hibridas/progr_2_depois_dia_turno/historico.csv,resultados/experimentos/2024_1/novas_hibridas/progr_2_depois_dia_turno/historico.json,curso -> par_cursos -> dia_turno_curso,progressiva,alfabetica,,alfabetica,,alfabetica,,180.0,1,180.0,600.0,1,0,TEMPO_TOTAL,1,CC,PED,33
1,4,34,par_cursos,CS+EAS,67,12006,82984,OPTIMAL,185709.0,185709.0,False,185709.0,0.77,0.46,600.0,,alfabetica,,,2,par_cursos,2,True,TEMPO_TOTAL,iteracao,cursos_progr_ate_2_dia_turno_curso,180.0,180.0,600.0,14400.0,False,False,alfabetica,,alfabetica,,./dados/2024_1/horarios_2024_1.xlsx,./dados/2024_1/salas_2024_1.csv,./dados/2024_1/salas_preferenciais_2024.1.xlsx,/Users/robertdrey/Documents/workspace/development/alocador_de_salas,resultados/experimentos/2024_1/novas_hibridas/progr_2_depois_dia_turno/melhor_solucao.sol,resultados/experimentos/2024_1/novas_hibridas/progr_2_depois_dia_turno/historico.csv,resultados/experimentos/2024_1/novas_hibridas/progr_2_depois_dia_turno/historico.json,curso -> par_cursos -> dia_turno_curso,progressiva,alfabetica,,alfabetica,,alfabetica,,180.0,1,180.0,600.0,1,0,TEMPO_TOTAL,1,CS,EAS,34
1,4,35,par_cursos,CS+ENF,40,13064,81926,OPTIMAL,185709.0,185709.0,False,185709.0,2.27,1.95,600.0,,alfabetica,,,2,par_cursos,2,True,TEMPO_TOTAL,iteracao,cursos_progr_ate_2_dia_turno_curso,180.0,180.0,600.0,14400.0,False,False,alfabetica,,alfabetica,,./dados/2024_1/horarios_2024_1.xlsx,./dados/2024_1/salas_2024_1.csv,./dados/2024_1/salas_preferenciais_2024.1.xlsx,/Users/robertdrey/Documents/workspace/development/alocador_de_salas,resultados/experimentos/2024_1/novas_hibridas/progr_2_depois_dia_turno/melhor_solucao.sol,resultados/experimentos/2024_1/novas_hibridas/progr_2_depois_dia_turno/historico.csv,resultados/experimentos/2024_1/novas_hibridas/progr_2_depois_dia_turno/historico.json,curso -> par_cursos -> dia_turno_curso,progressiva,alfabetica,,alfabetica,,alfabetica,,180.0,1,180.0,600.0,1,0,TEMPO_TOTAL,1,CS,ENF,35
1,4,36,par_cursos,CS+FIL,37,7314,87676,OPTIMAL,185709.0,185709.0,False,185709.0,0.67,0.34,600.0,,alfabetica,,,2,par_cursos,2,True,TEMPO_TOTAL,iteracao,cursos_progr_ate_2_dia_turno_curso,180.0,180.0,600.0,14400.0,False,False,alfabetica,,alfabetica,,./dados/2024_1/horarios_2024_1.xlsx,./dados/2024_1/salas_2024_1.csv,./dados/2024_1/salas_preferenciais_2024.1.xlsx,/Users/robertdrey/Documents/workspace/development/alocador_de_salas,resultados/experimentos/2024_1/novas_hibridas/progr_2_depois_dia_turno/melhor_solucao.sol,resultados/experimentos/2024_1/novas_hibridas/progr_2_depois_dia_turno/historico.csv,resultados/experimentos/2024_1/novas_hibridas/progr_2_depois_dia_turno/historico.json,curso -> par_cursos -> dia_turno_curso,progressiva,alfabetica,,alfabetica,,alfabetica,,180.0,1,180.0,600.0,1,0,TEMPO_TOTAL,1,CS,FIL,36
1,4,37,par_cursos,CS+GEO,32,6624,88366,OPTIMAL,185709.0,185709.0,False,185709.0,0.62,0.31,600.0,,alfabetica,,,2,par_cursos,2,True,TEMPO_TOTAL,iteracao,cursos_progr_ate_2_dia_turno_curso,180.0,180.0,600.0,14400.0,False,False,alfabetica,,alfabetica,,./dados/2024_1/horarios_2024_1.xlsx,./dados/2024_1/salas_2024_1.csv,./dados/2024_1/salas_preferenciais_2024.1.xlsx,/Users/robertdrey/Documents/workspace/development/alocador_de_salas,resultados/experimentos/2024_1/novas_hibridas/progr_2_depois_dia_turno/melhor_solucao.sol,resultados/experimentos/2024_1/novas_hibridas/progr_2_depois_dia_turno/historico.csv,resultados/experimentos/2024_1/novas_hibridas/progr_2_depois_dia_turno/historico.json,curso -> par_cursos -> dia_turno_curso,progressiva,alfabetica,,alfabetica,,alfabetica,,180.0,1,180.0,600.0,1,0,TEMPO_TOTAL,1,CS,GEO,37
1,4,38,par_cursos,CS+HIS,46,9338,85652,OPTIMAL,185709.0,185709.0,False,185709.0,0.83,0.52,600.0,,alfabetica,,,2,par_cursos,2,True,TEMPO_TOTAL,iteracao,cursos_progr_ate_2_dia_turno_curso,180.0,180.0,600.0,14400.0,False,False,alfabetica,,alfabetica,,./dados/2024_1/horarios_2024_1.xlsx,./dados/2024_1/salas_2024_1.csv,./dados/2024_1/salas_preferenciais_2024.1.xlsx,/Users/robertdrey/Documents/workspace/development/alocador_de_salas,resultados/experimentos/2024_1/novas_hibridas/progr_2_depois_dia_turno/melhor_solucao.sol,resultados/experimentos/2024_1/novas_hibridas/progr_2_depois_dia_turno/historico.csv,resultados/experimentos/2024_1/novas_hibridas/progr_2_depois_dia_turno/historico.json,curso -> par_cursos -> dia_turno_curso,progressiva,alfabetica,,alfabetica,,alfabetica,,180.0,1,180.0,600.0,1,0,TEMPO_TOTAL,1,CS,HIS,38
1,4,39,par_cursos,CS+LET,58,13708,81282,OPTIMAL,185709.0,185709.0,False,185709.0,2.32,2.0,600.0,,alfabetica,,,2,par_cursos,2,True,TEMPO_TOTAL,iteracao,cursos_progr_ate_2_dia_turno_curso,180.0,180.0,600.0,14400.0,False,False,alfabetica,,alfabetica,,./dados/2024_1/horarios_2024_1.xlsx,./dados/2024_1/salas_2024_1.csv,./dados/2024_1/salas_preferenciais_2024.1.xlsx,/Users/robertdrey/Documents/workspace/development/alocador_de_salas,resultados/experimentos/2024_1/novas_hibridas/progr_2_depois_dia_turno/melhor_solucao.sol,resultados/experimentos/2024_1/novas_hibridas/progr_2_depois_dia_turno/historico.csv,resultados/experimentos/2024_1/novas_hibridas/progr_2_depois_dia_turno/historico.json,curso -> par_cursos -> dia_turno_curso,progressiva,alfabetica,,alfabetica,,alfabetica,,180.0,1,180.0,600.0,1,0,TEMPO_TOTAL,1,CS,LET,39
1,4,40,par_cursos,CS+MAT,45,9522,85468,OPTIMAL,185709.0,185709.0,False,185709.0,0.7,0.4,600.0,,alfabetica,,,2,par_cursos,2,True,TEMPO_TOTAL,iteracao,cursos_progr_ate_2_dia_turno_curso,180.0,180.0,600.0,14400.0,False,False,alfabetica,,alfabetica,,./dados/2024_1/horarios_2024_1.xlsx,./dados/2024_1/salas_2024_1.csv,./dados/2024_1/salas_preferenciais_2024.1.xlsx,/Users/robertdrey/Documents/workspace/development/alocador_de_salas,resultados/experimentos/2024_1/novas_hibridas/progr_2_depois_dia_turno/melhor_solucao.sol,resultados/experimentos/2024_1/novas_hibridas/progr_2_depois_dia_turno/historico.csv,resultados/experimentos/2024_1/novas_hibridas/progr_2_depois_dia_turno/historico.json,curso -> par_cursos -> dia_turno_curso,progressiva,alfabetica,,alfabetica,,alfabetica,,180.0,1,180.0,600.0,1,0,TEMPO_TOTAL,1,CS,MAT,40
1,4,41,par_cursos,CS+MED,63,13938,81052,OPTIMAL,185709.0,185709.0,False,185709.0,1.14,0.85,600.0,,alfabetica,,,2,par_cursos,2,True,TEMPO_TOTAL,iteracao,cursos_progr_ate_2_dia_turno_curso,180.0,180.0,600.0,14400.0,False,False,alfabetica,,alfabetica,,./dados/2024_1/horarios_2024_1.xlsx,./dados/2024_1/salas_2024_1.csv,./dados/2024_1/salas_preferenciais_2024.1.xlsx,/Users/robertdrey/Documents/workspace/development/alocador_de_salas,resultados/experimentos/2024_1/novas_hibridas/progr_2_depois_dia_turno/melhor_solucao.sol,resultados/experimentos/2024_1/novas_hibridas/progr_2_depois_dia_turno/historico.csv,resultados/experimentos/2024_1/novas_hibridas/progr_2_depois_dia_turno/historico.json,curso -> par_cursos -> dia_turno_curso,progressiva,alfabetica,,alfabetica,,alfabetica,,180.0,1,180.0,600.0,1,0,TEMPO_TOTAL,1,CS,MED,41
1,4,42,par_cursos,CS+PED,78,17342,77648,OPTIMAL,185709.0,185709.0,False,185709.0,29.77,29.46,600.0,,alfabetica,,,2,par_cursos,2,True,TEMPO_TOTAL,iteracao,cursos_progr_ate_2_dia_turno_curso,180.0,180.0,600.0,14400.0,False,False,alfabetica,,alfabetica,,./dados/2024_1/horarios_2024_1.xlsx,./dados/2024_1/salas_2024_1.csv,./dados/2024_1/salas_preferenciais_2024.1.xlsx,/Users/robertdrey/Documents/workspace/development/alocador_de_salas,resultados/experimentos/2024_1/novas_hibridas/progr_2_depois_dia_turno/melhor_solucao.sol,resultados/experimentos/2024_1/novas_hibridas/progr_2_depois_dia_turno/historico.csv,resultados/experimentos/2024_1/novas_hibridas/progr_2_depois_dia_turno/historico.json,curso -> par_cursos -> dia_turno_curso,progressiva,alfabetica,,alfabetica,,alfabetica,,180.0,1,180.0,600.0,1,0,TEMPO_TOTAL,1,CS,PED,42
1,4,43,par_cursos,EAS+ENF,63,15962,79028,OPTIMAL,185709.0,185709.0,False,185709.0,4.84,4.52,600.0,,alfabetica,,,2,par_cursos,2,True,TEMPO_TOTAL,iteracao,cursos_progr_ate_2_dia_turno_curso,180.0,180.0,600.0,14400.0,False,False,alfabetica,,alfabetica,,./dados/2024_1/horarios_2024_1.xlsx,./dados/2024_1/salas_2024_1.csv,./dados/2024_1/salas_preferenciais_2024.1.xlsx,/Users/robertdrey/Documents/workspace/development/alocador_de_salas,resultados/experimentos/2024_1/novas_hibridas/progr_2_depois_dia_turno/melhor_solucao.sol,resultados/experimentos/2024_1/novas_hibridas/progr_2_depois_dia_turno/historico.csv,resultados/experimentos/2024_1/novas_hibridas/progr_2_depois_dia_turno/historico.json,curso -> par_cursos -> dia_turno_curso,progressiva,alfabetica,,alfabetica,,alfabetica,,180.0,1,180.0,600.0,1,0,TEMPO_TOTAL,1,EAS,ENF,43
1,4,44,par_cursos,EAS+FIL,60,10212,84778,OPTIMAL,185709.0,185709.0,False,185709.0,0.67,0.35,600.0,,alfabetica,,,2,par_cursos,2,True,TEMPO_TOTAL,iteracao,cursos_progr_ate_2_dia_turno_curso,180.0,180.0,600.0,14400.0,False,False,alfabetica,,alfabetica,,./dados/2024_1/horarios_2024_1.xlsx,./dados/2024_1/salas_2024_1.csv,./dados/2024_1/salas_preferenciais_2024.1.xlsx,/Users/robertdrey/Documents/workspace/development/alocador_de_salas,resultados/experimentos/2024_1/novas_hibridas/progr_2_depois_dia_turno/melhor_solucao.sol,resultados/experimentos/2024_1/novas_hibridas/progr_2_depois_dia_turno/historico.csv,resultados/experimentos/2024_1/novas_hibridas/progr_2_depois_dia_turno/historico.json,curso -> par_cursos -> dia_turno_curso,progressiva,alfabetica,,alfabetica,,alfabetica,,180.0,1,180.0,600.0,1,0,TEMPO_TOTAL,1,EAS,FIL,44
1,4,45,par_cursos,EAS+GEO,55,9522,85468,OPTIMAL,185709.0,185709.0,False,185709.0,0.63,0.34,600.0,,alfabetica,,,2,par_cursos,2,True,TEMPO_TOTAL,iteracao,cursos_progr_ate_2_dia_turno_curso,180.0,180.0,600.0,14400.0,False,False,alfabetica,,alfabetica,,./dados/2024_1/horarios_2024_1.xlsx,./dados/2024_1/salas_2024_1.csv,./dados/2024_1/salas_preferenciais_2024.1.xlsx,/Users/robertdrey/Documents/workspace/development/alocador_de_salas,resultados/experimentos/2024_1/novas_hibridas/progr_2_depois_dia_turno/melhor_solucao.sol,resultados/experimentos/2024_1/novas_hibridas/progr_2_depois_dia_turno/historico.csv,resultados/experimentos/2024_1/novas_hibridas/progr_2_depois_dia_turno/historico.json,curso -> par_cursos -> dia_turno_curso,progressiva,alfabetica,,alfabetica,,alfabetica,,180.0,1,180.0,600.0,1,0,TEMPO_TOTAL,1,EAS,GEO,45
1,4,46,par_cursos,EAS+HIS,69,12236,82754,OPTIMAL,185709.0,185709.0,False,185709.0,0.82,0.52,600.0,,alfabetica,,,2,par_cursos,2,True,TEMPO_TOTAL,iteracao,cursos_progr_ate_2_dia_turno_curso,180.0,180.0,600.0,14400.0,False,False,alfabetica,,alfabetica,,./dados/2024_1/horarios_2024_1.xlsx,./dados/2024_1/salas_2024_1.csv,./dados/2024_1/salas_preferenciais_2024.1.xlsx,/Users/robertdrey/Documents/workspace/development/alocador_de_salas,resultados/experimentos/2024_1/novas_hibridas/progr_2_depois_dia_turno/melhor_solucao.sol,resultados/experimentos/2024_1/novas_hibridas/progr_2_depois_dia_turno/historico.csv,resultados/experimentos/2024_1/novas_hibridas/progr_2_depois_dia_turno/historico.json,curso -> par_cursos -> dia_turno_curso,progressiva,alfabetica,,alfabetica,,alfabetica,,180.0,1,180.0,600.0,1,0,TEMPO_TOTAL,1,EAS,HIS,46
1,4,47,par_cursos,EAS+LET,81,16606,78384,OPTIMAL,185709.0,185709.0,False,185709.0,4.92,4.6,600.0,,alfabetica,,,2,par_cursos,2,True,TEMPO_TOTAL,iteracao,cursos_progr_ate_2_dia_turno_curso,180.0,180.0,600.0,14400.0,False,False,alfabetica,,alfabetica,,./dados/2024_1/horarios_2024_1.xlsx,./dados/2024_1/salas_2024_1.csv,./dados/2024_1/salas_preferenciais_2024.1.xlsx,/Users/robertdrey/Documents/workspace/development/alocador_de_salas,resultados/experimentos/2024_1/novas_hibridas/progr_2_depois_dia_turno/melhor_solucao.sol,resultados/experimentos/2024_1/novas_hibridas/progr_2_depois_dia_turno/historico.csv,resultados/experimentos/2024_1/novas_hibridas/progr_2_depois_dia_turno/historico.json,curso -> par_cursos -> dia_turno_curso,progressiva,alfabetica,,alfabetica,,alfabetica,,180.0,1,180.0,600.0,1,0,TEMPO_TOTAL,1,EAS,LET,47
1,4,48,par_cursos,EAS+MAT,68,12420,82570,OPTIMAL,185709.0,185709.0,False,185709.0,1.79,1.44,600.0,,alfabetica,,,2,par_cursos,2,True,TEMPO_TOTAL,iteracao,cursos_progr_ate_2_dia_turno_curso,180.0,180.0,600.0,14400.0,False,False,alfabetica,,alfabetica,,./dados/2024_1/horarios_2024_1.xlsx,./dados/2024_1/salas_2024_1.csv,./dados/2024_1/salas_preferenciais_2024.1.xlsx,/Users/robertdrey/Documents/workspace/development/alocador_de_salas,resultados/experimentos/2024_1/novas_hibridas/progr_2_depois_dia_turno/melhor_solucao.sol,resultados/experimentos/2024_1/novas_hibridas/progr_2_depois_dia_turno/historico.csv,resultados/experimentos/2024_1/novas_hibridas/progr_2_depois_dia_turno/historico.json,curso -> par_cursos -> dia_turno_curso,progressiva,alfabetica,,alfabetica,,alfabetica,,180.0,1,180.0,600.0,1,0,TEMPO_TOTAL,1,EAS,MAT,48
1,4,49,par_cursos,EAS+MED,86,16836,78154,OPTIMAL,185709.0,185709.0,False,185709.0,1.9,1.54,600.0,,alfabetica,,,2,par_cursos,2,True,TEMPO_TOTAL,iteracao,cursos_progr_ate_2_dia_turno_curso,180.0,180.0,600.0,14400.0,False,False,alfabetica,,alfabetica,,./dados/2024_1/horarios_2024_1.xlsx,./dados/2024_1/salas_2024_1.csv,./dados/2024_1/salas_preferenciais_2024.1.xlsx,/Users/robertdrey/Documents/workspace/development/alocador_de_salas,resultados/experimentos/2024_1/novas_hibridas/progr_2_depois_dia_turno/melhor_solucao.sol,resultados/experimentos/2024_1/novas_hibridas/progr_2_depois_dia_turno/historico.csv,resultados/experimentos/2024_1/novas_hibridas/progr_2_depois_dia_turno/historico.json,curso -> par_cursos -> dia_turno_curso,progressiva,alfabetica,,alfabetica,,alfabetica,,180.0,1,180.0,600.0,1,0,TEMPO_TOTAL,1,EAS,MED,49
1,4,50,par_cursos,EAS+PED,101,20240,74750,OPTIMAL,185709.0,185709.0,False,185709.0,20.83,20.51,600.0,,alfabetica,,,2,par_cursos,2,True,TEMPO_TOTAL,iteracao,cursos_progr_ate_2_dia_turno_curso,180.0,180.0,600.0,14400.0,False,False,alfabetica,,alfabetica,,./dados/2024_1/horarios_2024_1.xlsx,./dados/2024_1/salas_2024_1.csv,./dados/2024_1/salas_preferenciais_2024.1.xlsx,/Users/robertdrey/Documents/workspace/development/alocador_de_salas,resultados/experimentos/2024_1/novas_hibridas/progr_2_depois_dia_turno/melhor_solucao.sol,resultados/experimentos/2024_1/novas_hibridas/progr_2_depois_dia_turno/historico.csv,resultados/experimentos/2024_1/novas_hibridas/progr_2_depois_dia_turno/historico.json,curso -> par_cursos -> dia_turno_curso,progressiva,alfabetica,,alfabetica,,alfabetica,,180.0,1,180.0,600.0,1,0,TEMPO_TOTAL,1,EAS,PED,50
1,4,51,par_cursos,ENF+FIL,33,11270,83720,OPTIMAL,185709.0,185709.0,False,185709.0,1.88,1.55,600.0,,alfabetica,,,2,par_cursos,2,True,TEMPO_TOTAL,iteracao,cursos_progr_ate_2_dia_turno_curso,180.0,180.0,600.0,14400.0,False,False,alfabetica,,alfabetica,,./dados/2024_1/horarios_2024_1.xlsx,./dados/2024_1/salas_2024_1.csv,./dados/2024_1/salas_preferenciais_2024.1.xlsx,/Users/robertdrey/Documents/workspace/development/alocador_de_salas,resultados/experimentos/2024_1/novas_hibridas/progr_2_depois_dia_turno/melhor_solucao.sol,resultados/experimentos/2024_1/novas_hibridas/progr_2_depois_dia_turno/historico.csv,resultados/experimentos/2024_1/novas_hibridas/progr_2_depois_dia_turno/historico.json,curso -> par_cursos -> dia_turno_curso,progressiva,alfabetica,,alfabetica,,alfabetica,,180.0,1,180.0,600.0,1,0,TEMPO_TOTAL,1,ENF,FIL,51
1,4,52,par_cursos,ENF+GEO,28,10580,84410,OPTIMAL,185709.0,185709.0,False,185709.0,2.0,1.66,600.0,,alfabetica,,,2,par_cursos,2,True,TEMPO_TOTAL,iteracao,cursos_progr_ate_2_dia_turno_curso,180.0,180.0,600.0,14400.0,False,False,alfabetica,,alfabetica,,./dados/2024_1/horarios_2024_1.xlsx,./dados/2024_1/salas_2024_1.csv,./dados/2024_1/salas_preferenciais_2024.1.xlsx,/Users/robertdrey/Documents/workspace/development/alocador_de_salas,resultados/experimentos/2024_1/novas_hibridas/progr_2_depois_dia_turno/melhor_solucao.sol,resultados/experimentos/2024_1/novas_hibridas/progr_2_depois_dia_turno/historico.csv,resultados/experimentos/2024_1/novas_hibridas/progr_2_depois_dia_turno/historico.json,curso -> par_cursos -> dia_turno_curso,progressiva,alfabetica,,alfabetica,,alfabetica,,180.0,1,180.0,600.0,1,0,TEMPO_TOTAL,1,ENF,GEO,52
1,4,53,par_cursos,ENF+HIS,42,13294,81696,OPTIMAL,185709.0,185709.0,False,185709.0,2.09,1.74,600.0,,alfabetica,,,2,par_cursos,2,True,TEMPO_TOTAL,iteracao,cursos_progr_ate_2_dia_turno_curso,180.0,180.0,600.0,14400.0,False,False,alfabetica,,alfabetica,,./dados/2024_1/horarios_2024_1.xlsx,./dados/2024_1/salas_2024_1.csv,./dados/2024_1/salas_preferenciais_2024.1.xlsx,/Users/robertdrey/Documents/workspace/development/alocador_de_salas,resultados/experimentos/2024_1/novas_hibridas/progr_2_depois_dia_turno/melhor_solucao.sol,resultados/experimentos/2024_1/novas_hibridas/progr_2_depois_dia_turno/historico.csv,resultados/experimentos/2024_1/novas_hibridas/progr_2_depois_dia_turno/historico.json,curso -> par_cursos -> dia_turno_curso,progressiva,alfabetica,,alfabetica,,alfabetica,,180.0,1,180.0,600.0,1,0,TEMPO_TOTAL,1,ENF,HIS,53
1,4,54,par_cursos,ENF+LET,54,17664,77326,OPTIMAL,185709.0,185709.0,False,185709.0,28.87,28.54,600.0,,alfabetica,,,2,par_cursos,2,True,TEMPO_TOTAL,iteracao,cursos_progr_ate_2_dia_turno_curso,180.0,180.0,600.0,14400.0,False,False,alfabetica,,alfabetica,,./dados/2024_1/horarios_2024_1.xlsx,./dados/2024_1/salas_2024_1.csv,./dados/2024_1/salas_preferenciais_2024.1.xlsx,/Users/robertdrey/Documents/workspace/development/alocador_de_salas,resultados/experimentos/2024_1/novas_hibridas/progr_2_depois_dia_turno/melhor_solucao.sol,resultados/experimentos/2024_1/novas_hibridas/progr_2_depois_dia_turno/historico.csv,resultados/experimentos/2024_1/novas_hibridas/progr_2_depois_dia_turno/historico.json,curso -> par_cursos -> dia_turno_curso,progressiva,alfabetica,,alfabetica,,alfabetica,,180.0,1,180.0,600.0,1,0,TEMPO_TOTAL,1,ENF,LET,54
1,4,55,par_cursos,ENF+MAT,41,13478,81512,OPTIMAL,185709.0,185709.0,False,185709.0,2.7,2.36,600.0,,alfabetica,,,2,par_cursos,2,True,TEMPO_TOTAL,iteracao,cursos_progr_ate_2_dia_turno_curso,180.0,180.0,600.0,14400.0,False,False,alfabetica,,alfabetica,,./dados/2024_1/horarios_2024_1.xlsx,./dados/2024_1/salas_2024_1.csv,./dados/2024_1/salas_preferenciais_2024.1.xlsx,/Users/robertdrey/Documents/workspace/development/alocador_de_salas,resultados/experimentos/2024_1/novas_hibridas/progr_2_depois_dia_turno/melhor_solucao.sol,resultados/experimentos/2024_1/novas_hibridas/progr_2_depois_dia_turno/historico.csv,resultados/experimentos/2024_1/novas_hibridas/progr_2_depois_dia_turno/historico.json,curso -> par_cursos -> dia_turno_curso,progressiva,alfabetica,,alfabetica,,alfabetica,,180.0,1,180.0,600.0,1,0,TEMPO_TOTAL,1,ENF,MAT,55
1,4,56,par_cursos,ENF+MED,59,17894,77096,OPTIMAL,185709.0,185709.0,False,185709.0,19.85,19.49,600.0,,alfabetica,,,2,par_cursos,2,True,TEMPO_TOTAL,iteracao,cursos_progr_ate_2_dia_turno_curso,180.0,180.0,600.0,14400.0,False,False,alfabetica,,alfabetica,,./dados/2024_1/horarios_2024_1.xlsx,./dados/2024_1/salas_2024_1.csv,./dados/2024_1/salas_preferenciais_2024.1.xlsx,/Users/robertdrey/Documents/workspace/development/alocador_de_salas,resultados/experimentos/2024_1/novas_hibridas/progr_2_depois_dia_turno/melhor_solucao.sol,resultados/experimentos/2024_1/novas_hibridas/progr_2_depois_dia_turno/historico.csv,resultados/experimentos/2024_1/novas_hibridas/progr_2_depois_dia_turno/historico.json,curso -> par_cursos -> dia_turno_curso,progressiva,alfabetica,,alfabetica,,alfabetica,,180.0,1,180.0,600.0,1,0,TEMPO_TOTAL,1,ENF,MED,56
1,4,57,par_cursos,ENF+PED,74,21298,73692,TIME_LIMIT,185709.0,185709.0,False,185709.0,600.53,600.17,600.0,,alfabetica,,,2,par_cursos,2,True,TEMPO_TOTAL,iteracao,cursos_progr_ate_2_dia_turno_curso,180.0,180.0,600.0,14400.0,False,False,alfabetica,,alfabetica,,./dados/2024_1/horarios_2024_1.xlsx,./dados/2024_1/salas_2024_1.csv,./dados/2024_1/salas_preferenciais_2024.1.xlsx,/Users/robertdrey/Documents/workspace/development/alocador_de_salas,resultados/experimentos/2024_1/novas_hibridas/progr_2_depois_dia_turno/melhor_solucao.sol,resultados/experimentos/2024_1/novas_hibridas/progr_2_depois_dia_turno/historico.csv,resultados/experimentos/2024_1/novas_hibridas/progr_2_depois_dia_turno/historico.json,curso -> par_cursos -> dia_turno_curso,progressiva,alfabetica,,alfabetica,,alfabetica,,180.0,1,180.0,600.0,1,0,TEMPO_TOTAL,1,ENF,PED,57
1,4,58,par_cursos,FIL+GEO,25,4830,90160,OPTIMAL,185709.0,185709.0,False,185709.0,0.67,0.31,600.0,,alfabetica,,,2,par_cursos,2,True,TEMPO_TOTAL,iteracao,cursos_progr_ate_2_dia_turno_curso,180.0,180.0,600.0,14400.0,False,False,alfabetica,,alfabetica,,./dados/2024_1/horarios_2024_1.xlsx,./dados/2024_1/salas_2024_1.csv,./dados/2024_1/salas_preferenciais_2024.1.xlsx,/Users/robertdrey/Documents/workspace/development/alocador_de_salas,resultados/experimentos/2024_1/novas_hibridas/progr_2_depois_dia_turno/melhor_solucao.sol,resultados/experimentos/2024_1/novas_hibridas/progr_2_depois_dia_turno/historico.csv,resultados/experimentos/2024_1/novas_hibridas/progr_2_depois_dia_turno/historico.json,curso -> par_cursos -> dia_turno_curso,progressiva,alfabetica,,alfabetica,,alfabetica,,180.0,1,180.0,600.0,1,0,TEMPO_TOTAL,1,FIL,GEO,58
1,4,59,par_cursos,FIL+HIS,39,7544,87446,OPTIMAL,185709.0,185709.0,False,185709.0,0.68,0.38,600.0,,alfabetica,,,2,par_cursos,2,True,TEMPO_TOTAL,iteracao,cursos_progr_ate_2_dia_turno_curso,180.0,180.0,600.0,14400.0,False,False,alfabetica,,alfabetica,,./dados/2024_1/horarios_2024_1.xlsx,./dados/2024_1/salas_2024_1.csv,./dados/2024_1/salas_preferenciais_2024.1.xlsx,/Users/robertdrey/Documents/workspace/development/alocador_de_salas,resultados/experimentos/2024_1/novas_hibridas/progr_2_depois_dia_turno/melhor_solucao.sol,resultados/experimentos/2024_1/novas_hibridas/progr_2_depois_dia_turno/historico.csv,resultados/experimentos/2024_1/novas_hibridas/progr_2_depois_dia_turno/historico.json,curso -> par_cursos -> dia_turno_curso,progressiva,alfabetica,,alfabetica,,alfabetica,,180.0,1,180.0,600.0,1,0,TEMPO_TOTAL,1,FIL,HIS,59
1,4,60,par_cursos,FIL+LET,51,11914,83076,OPTIMAL,185709.0,185709.0,False,185709.0,10.36,10.02,600.0,,alfabetica,,,2,par_cursos,2,True,TEMPO_TOTAL,iteracao,cursos_progr_ate_2_dia_turno_curso,180.0,180.0,600.0,14400.0,False,False,alfabetica,,alfabetica,,./dados/2024_1/horarios_2024_1.xlsx,./dados/2024_1/salas_2024_1.csv,./dados/2024_1/salas_preferenciais_2024.1.xlsx,/Users/robertdrey/Documents/workspace/development/alocador_de_salas,resultados/experimentos/2024_1/novas_hibridas/progr_2_depois_dia_turno/melhor_solucao.sol,resultados/experimentos/2024_1/novas_hibridas/progr_2_depois_dia_turno/historico.csv,resultados/experimentos/2024_1/novas_hibridas/progr_2_depois_dia_turno/historico.json,curso -> par_cursos -> dia_turno_curso,progressiva,alfabetica,,alfabetica,,alfabetica,,180.0,1,180.0,600.0,1,0,TEMPO_TOTAL,1,FIL,LET,60
1,4,61,par_cursos,FIL+MAT,38,7728,87262,OPTIMAL,185709.0,185709.0,False,185709.0,0.72,0.39,600.0,,alfabetica,,,2,par_cursos,2,True,TEMPO_TOTAL,iteracao,cursos_progr_ate_2_dia_turno_curso,180.0,180.0,600.0,14400.0,False,False,alfabetica,,alfabetica,,./dados/2024_1/horarios_2024_1.xlsx,./dados/2024_1/salas_2024_1.csv,./dados/2024_1/salas_preferenciais_2024.1.xlsx,/Users/robertdrey/Documents/workspace/development/alocador_de_salas,resultados/experimentos/2024_1/novas_hibridas/progr_2_depois_dia_turno/melhor_solucao.sol,resultados/experimentos/2024_1/novas_hibridas/progr_2_depois_dia_turno/historico.csv,resultados/experimentos/2024_1/novas_hibridas/progr_2_depois_dia_turno/historico.json,curso -> par_cursos -> dia_turno_curso,progressiva,alfabetica,,alfabetica,,alfabetica,,180.0,1,180.0,600.0,1,0,TEMPO_TOTAL,1,FIL,MAT,61
1,4,62,par_cursos,FIL+MED,56,12144,82846,OPTIMAL,185709.0,185709.0,False,185709.0,1.05,0.75,600.0,,alfabetica,,,2,par_cursos,2,True,TEMPO_TOTAL,iteracao,cursos_progr_ate_2_dia_turno_curso,180.0,180.0,600.0,14400.0,False,False,alfabetica,,alfabetica,,./dados/2024_1/horarios_2024_1.xlsx,./dados/2024_1/salas_2024_1.csv,./dados/2024_1/salas_preferenciais_2024.1.xlsx,/Users/robertdrey/Documents/workspace/development/alocador_de_salas,resultados/experimentos/2024_1/novas_hibridas/progr_2_depois_dia_turno/melhor_solucao.sol,resultados/experimentos/2024_1/novas_hibridas/progr_2_depois_dia_turno/historico.csv,resultados/experimentos/2024_1/novas_hibridas/progr_2_depois_dia_turno/historico.json,curso -> par_cursos -> dia_turno_curso,progressiva,alfabetica,,alfabetica,,alfabetica,,180.0,1,180.0,600.0,1,0,TEMPO_TOTAL,1,FIL,MED,62
1,4,63,par_cursos,FIL+PED,71,15548,79442,OPTIMAL,185709.0,185709.0,False,185709.0,19.03,18.7,600.0,,alfabetica,,,2,par_cursos,2,True,TEMPO_TOTAL,iteracao,cursos_progr_ate_2_dia_turno_curso,180.0,180.0,600.0,14400.0,False,False,alfabetica,,alfabetica,,./dados/2024_1/horarios_2024_1.xlsx,./dados/2024_1/salas_2024_1.csv,./dados/2024_1/salas_preferenciais_2024.1.xlsx,/Users/robertdrey/Documents/workspace/development/alocador_de_salas,resultados/experimentos/2024_1/novas_hibridas/progr_2_depois_dia_turno/melhor_solucao.sol,resultados/experimentos/2024_1/novas_hibridas/progr_2_depois_dia_turno/historico.csv,resultados/experimentos/2024_1/novas_hibridas/progr_2_depois_dia_turno/historico.json,curso -> par_cursos -> dia_turno_curso,progressiva,alfabetica,,alfabetica,,alfabetica,,180.0,1,180.0,600.0,1,0,TEMPO_TOTAL,1,FIL,PED,63
1,4,64,par_cursos,GEO+HIS,34,6854,88136,OPTIMAL,185709.0,185709.0,False,185709.0,0.72,0.37,600.0,,alfabetica,,,2,par_cursos,2,True,TEMPO_TOTAL,iteracao,cursos_progr_ate_2_dia_turno_curso,180.0,180.0,600.0,14400.0,False,False,alfabetica,,alfabetica,,./dados/2024_1/horarios_2024_1.xlsx,./dados/2024_1/salas_2024_1.csv,./dados/2024_1/salas_preferenciais_2024.1.xlsx,/Users/robertdrey/Documents/workspace/development/alocador_de_salas,resultados/experimentos/2024_1/novas_hibridas/progr_2_depois_dia_turno/melhor_solucao.sol,resultados/experimentos/2024_1/novas_hibridas/progr_2_depois_dia_turno/historico.csv,resultados/experimentos/2024_1/novas_hibridas/progr_2_depois_dia_turno/historico.json,curso -> par_cursos -> dia_turno_curso,progressiva,alfabetica,,alfabetica,,alfabetica,,180.0,1,180.0,600.0,1,0,TEMPO_TOTAL,1,GEO,HIS,64
1,4,65,par_cursos,GEO+LET,46,11224,83766,OPTIMAL,185709.0,185709.0,False,185709.0,14.56,14.22,600.0,,alfabetica,,,2,par_cursos,2,True,TEMPO_TOTAL,iteracao,cursos_progr_ate_2_dia_turno_curso,180.0,180.0,600.0,14400.0,False,False,alfabetica,,alfabetica,,./dados/2024_1/horarios_2024_1.xlsx,./dados/2024_1/salas_2024_1.csv,./dados/2024_1/salas_preferenciais_2024.1.xlsx,/Users/robertdrey/Documents/workspace/development/alocador_de_salas,resultados/experimentos/2024_1/novas_hibridas/progr_2_depois_dia_turno/melhor_solucao.sol,resultados/experimentos/2024_1/novas_hibridas/progr_2_depois_dia_turno/historico.csv,resultados/experimentos/2024_1/novas_hibridas/progr_2_depois_dia_turno/historico.json,curso -> par_cursos -> dia_turno_curso,progressiva,alfabetica,,alfabetica,,alfabetica,,180.0,1,180.0,600.0,1,0,TEMPO_TOTAL,1,GEO,LET,65
1,4,66,par_cursos,GEO+MAT,33,7038,87952,OPTIMAL,185709.0,185709.0,False,185709.0,0.7,0.35,600.0,,alfabetica,,,2,par_cursos,2,True,TEMPO_TOTAL,iteracao,cursos_progr_ate_2_dia_turno_curso,180.0,180.0,600.0,14400.0,False,False,alfabetica,,alfabetica,,./dados/2024_1/horarios_2024_1.xlsx,./dados/2024_1/salas_2024_1.csv,./dados/2024_1/salas_preferenciais_2024.1.xlsx,/Users/robertdrey/Documents/workspace/development/alocador_de_salas,resultados/experimentos/2024_1/novas_hibridas/progr_2_depois_dia_turno/melhor_solucao.sol,resultados/experimentos/2024_1/novas_hibridas/progr_2_depois_dia_turno/historico.csv,resultados/experimentos/2024_1/novas_hibridas/progr_2_depois_dia_turno/historico.json,curso -> par_cursos -> dia_turno_curso,progressiva,alfabetica,,alfabetica,,alfabetica,,180.0,1,180.0,600.0,1,0,TEMPO_TOTAL,1,GEO,MAT,66
1,4,67,par_cursos,GEO+MED,51,11454,83536,OPTIMAL,185709.0,185709.0,False,185709.0,1.0,0.7,600.0,,alfabetica,,,2,par_cursos,2,True,TEMPO_TOTAL,iteracao,cursos_progr_ate_2_dia_turno_curso,180.0,180.0,600.0,14400.0,False,False,alfabetica,,alfabetica,,./dados/2024_1/horarios_2024_1.xlsx,./dados/2024_1/salas_2024_1.csv,./dados/2024_1/salas_preferenciais_2024.1.xlsx,/Users/robertdrey/Documents/workspace/development/alocador_de_salas,resultados/experimentos/2024_1/novas_hibridas/progr_2_depois_dia_turno/melhor_solucao.sol,resultados/experimentos/2024_1/novas_hibridas/progr_2_depois_dia_turno/historico.csv,resultados/experimentos/2024_1/novas_hibridas/progr_2_depois_dia_turno/historico.json,curso -> par_cursos -> dia_turno_curso,progressiva,alfabetica,,alfabetica,,alfabetica,,180.0,1,180.0,600.0,1,0,TEMPO_TOTAL,1,GEO,MED,67
1,4,68,par_cursos,GEO+PED,66,14858,80132,OPTIMAL,185709.0,185709.0,False,185709.0,27.97,27.66,600.0,,alfabetica,,,2,par_cursos,2,True,TEMPO_TOTAL,iteracao,cursos_progr_ate_2_dia_turno_curso,180.0,180.0,600.0,14400.0,False,False,alfabetica,,alfabetica,,./dados/2024_1/horarios_2024_1.xlsx,./dados/2024_1/salas_2024_1.csv,./dados/2024_1/salas_preferenciais_2024.1.xlsx,/Users/robertdrey/Documents/workspace/development/alocador_de_salas,resultados/experimentos/2024_1/novas_hibridas/progr_2_depois_dia_turno/melhor_solucao.sol,resultados/experimentos/2024_1/novas_hibridas/progr_2_depois_dia_turno/historico.csv,resultados/experimentos/2024_1/novas_hibridas/progr_2_depois_dia_turno/historico.json,curso -> par_cursos -> dia_turno_curso,progressiva,alfabetica,,alfabetica,,alfabetica,,180.0,1,180.0,600.0,1,0,TEMPO_TOTAL,1,GEO,PED,68
1,4,69,par_cursos,HIS+LET,60,13938,81052,OPTIMAL,185709.0,185656.5,True,185656.5,9.12,8.77,600.0,,alfabetica,,,2,par_cursos,2,True,TEMPO_TOTAL,iteracao,cursos_progr_ate_2_dia_turno_curso,180.0,180.0,600.0,14400.0,False,False,alfabetica,,alfabetica,,./dados/2024_1/horarios_2024_1.xlsx,./dados/2024_1/salas_2024_1.csv,./dados/2024_1/salas_preferenciais_2024.1.xlsx,/Users/robertdrey/Documents/workspace/development/alocador_de_salas,resultados/experimentos/2024_1/novas_hibridas/progr_2_depois_dia_turno/melhor_solucao.sol,resultados/experimentos/2024_1/novas_hibridas/progr_2_depois_dia_turno/historico.csv,resultados/experimentos/2024_1/novas_hibridas/progr_2_depois_dia_turno/historico.json,curso -> par_cursos -> dia_turno_curso,progressiva,alfabetica,,alfabetica,,alfabetica,,180.0,1,180.0,600.0,1,0,TEMPO_TOTAL,1,HIS,LET,69
1,4,70,par_cursos,HIS+MAT,47,9752,85238,OPTIMAL,185656.5,185622.0,True,185622.0,0.94,0.59,600.0,,alfabetica,,,2,par_cursos,2,True,TEMPO_TOTAL,iteracao,cursos_progr_ate_2_dia_turno_curso,180.0,180.0,600.0,14400.0,False,False,alfabetica,,alfabetica,,./dados/2024_1/horarios_2024_1.xlsx,./dados/2024_1/salas_2024_1.csv,./dados/2024_1/salas_preferenciais_2024.1.xlsx,/Users/robertdrey/Documents/workspace/development/alocador_de_salas,resultados/experimentos/2024_1/novas_hibridas/progr_2_depois_dia_turno/melhor_solucao.sol,resultados/experimentos/2024_1/novas_hibridas/progr_2_depois_dia_turno/historico.csv,resultados/experimentos/2024_1/novas_hibridas/progr_2_depois_dia_turno/historico.json,curso -> par_cursos -> dia_turno_curso,progressiva,alfabetica,,alfabetica,,alfabetica,,180.0,1,180.0,600.0,1,0,TEMPO_TOTAL,1,HIS,MAT,70
1,4,71,par_cursos,HIS+MED,65,14168,80822,OPTIMAL,185622.0,185622.0,False,185622.0,1.1,0.8,600.0,,alfabetica,,,2,par_cursos,2,True,TEMPO_TOTAL,iteracao,cursos_progr_ate_2_dia_turno_curso,180.0,180.0,600.0,14400.0,False,False,alfabetica,,alfabetica,,./dados/2024_1/horarios_2024_1.xlsx,./dados/2024_1/salas_2024_1.csv,./dados/2024_1/salas_preferenciais_2024.1.xlsx,/Users/robertdrey/Documents/workspace/development/alocador_de_salas,resultados/experimentos/2024_1/novas_hibridas/progr_2_depois_dia_turno/melhor_solucao.sol,resultados/experimentos/2024_1/novas_hibridas/progr_2_depois_dia_turno/historico.csv,resultados/experimentos/2024_1/novas_hibridas/progr_2_depois_dia_turno/historico.json,curso -> par_cursos -> dia_turno_curso,progressiva,alfabetica,,alfabetica,,alfabetica,,180.0,1,180.0,600.0,1,0,TEMPO_TOTAL,1,HIS,MED,71
1,4,72,par_cursos,HIS+PED,80,17572,77418,OPTIMAL,185622.0,185622.0,False,185622.0,38.08,37.77,600.0,,alfabetica,,,2,par_cursos,2,True,TEMPO_TOTAL,iteracao,cursos_progr_ate_2_dia_turno_curso,180.0,180.0,600.0,14400.0,False,False,alfabetica,,alfabetica,,./dados/2024_1/horarios_2024_1.xlsx,./dados/2024_1/salas_2024_1.csv,./dados/2024_1/salas_preferenciais_2024.1.xlsx,/Users/robertdrey/Documents/workspace/development/alocador_de_salas,resultados/experimentos/2024_1/novas_hibridas/progr_2_depois_dia_turno/melhor_solucao.sol,resultados/experimentos/2024_1/novas_hibridas/progr_2_depois_dia_turno/historico.csv,resultados/experimentos/2024_1/novas_hibridas/progr_2_depois_dia_turno/historico.json,curso -> par_cursos -> dia_turno_curso,progressiva,alfabetica,,alfabetica,,alfabetica,,180.0,1,180.0,600.0,1,0,TEMPO_TOTAL,1,HIS,PED,72
1,4,73,par_cursos,LET+MAT,59,14122,80868,OPTIMAL,185622.0,185622.0,False,185622.0,2.64,2.33,600.0,,alfabetica,,,2,par_cursos,2,True,TEMPO_TOTAL,iteracao,cursos_progr_ate_2_dia_turno_curso,180.0,180.0,600.0,14400.0,False,False,alfabetica,,alfabetica,,./dados/2024_1/horarios_2024_1.xlsx,./dados/2024_1/salas_2024_1.csv,./dados/2024_1/salas_preferenciais_2024.1.xlsx,/Users/robertdrey/Documents/workspace/development/alocador_de_salas,resultados/experimentos/2024_1/novas_hibridas/progr_2_depois_dia_turno/melhor_solucao.sol,resultados/experimentos/2024_1/novas_hibridas/progr_2_depois_dia_turno/historico.csv,resultados/experimentos/2024_1/novas_hibridas/progr_2_depois_dia_turno/historico.json,curso -> par_cursos -> dia_turno_curso,progressiva,alfabetica,,alfabetica,,alfabetica,,180.0,1,180.0,600.0,1,0,TEMPO_TOTAL,1,LET,MAT,73
1,4,74,par_cursos,LET+MED,77,18538,76452,OPTIMAL,185622.0,185622.0,False,185622.0,2.41,2.11,600.0,,alfabetica,,,2,par_cursos,2,True,TEMPO_TOTAL,iteracao,cursos_progr_ate_2_dia_turno_curso,180.0,180.0,600.0,14400.0,False,False,alfabetica,,alfabetica,,./dados/2024_1/horarios_2024_1.xlsx,./dados/2024_1/salas_2024_1.csv,./dados/2024_1/salas_preferenciais_2024.1.xlsx,/Users/robertdrey/Documents/workspace/development/alocador_de_salas,resultados/experimentos/2024_1/novas_hibridas/progr_2_depois_dia_turno/melhor_solucao.sol,resultados/experimentos/2024_1/novas_hibridas/progr_2_depois_dia_turno/historico.csv,resultados/experimentos/2024_1/novas_hibridas/progr_2_depois_dia_turno/historico.json,curso -> par_cursos -> dia_turno_curso,progressiva,alfabetica,,alfabetica,,alfabetica,,180.0,1,180.0,600.0,1,0,TEMPO_TOTAL,1,LET,MED,74
1,4,75,par_cursos,LET+PED,92,21942,73048,OPTIMAL,185622.0,185622.0,False,185622.0,57.08,56.77,600.0,,alfabetica,,,2,par_cursos,2,True,TEMPO_TOTAL,iteracao,cursos_progr_ate_2_dia_turno_curso,180.0,180.0,600.0,14400.0,False,False,alfabetica,,alfabetica,,./dados/2024_1/horarios_2024_1.xlsx,./dados/2024_1/salas_2024_1.csv,./dados/2024_1/salas_preferenciais_2024.1.xlsx,/Users/robertdrey/Documents/workspace/development/alocador_de_salas,resultados/experimentos/2024_1/novas_hibridas/progr_2_depois_dia_turno/melhor_solucao.sol,resultados/experimentos/2024_1/novas_hibridas/progr_2_depois_dia_turno/historico.csv,resultados/experimentos/2024_1/novas_hibridas/progr_2_depois_dia_turno/historico.json,curso -> par_cursos -> dia_turno_curso,progressiva,alfabetica,,alfabetica,,alfabetica,,180.0,1,180.0,600.0,1,0,TEMPO_TOTAL,1,LET,PED,75
1,4,76,par_cursos,MAT+MED,64,14352,80638,OPTIMAL,185622.0,185622.0,False,185622.0,1.12,0.82,600.0,,alfabetica,,,2,par_cursos,2,True,TEMPO_TOTAL,iteracao,cursos_progr_ate_2_dia_turno_curso,180.0,180.0,600.0,14400.0,False,False,alfabetica,,alfabetica,,./dados/2024_1/horarios_2024_1.xlsx,./dados/2024_1/salas_2024_1.csv,./dados/2024_1/salas_preferenciais_2024.1.xlsx,/Users/robertdrey/Documents/workspace/development/alocador_de_salas,resultados/experimentos/2024_1/novas_hibridas/progr_2_depois_dia_turno/melhor_solucao.sol,resultados/experimentos/2024_1/novas_hibridas/progr_2_depois_dia_turno/historico.csv,resultados/experimentos/2024_1/novas_hibridas/progr_2_depois_dia_turno/historico.json,curso -> par_cursos -> dia_turno_curso,progressiva,alfabetica,,alfabetica,,alfabetica,,180.0,1,180.0,600.0,1,0,TEMPO_TOTAL,1,MAT,MED,76
1,4,77,par_cursos,MAT+PED,79,17756,77234,OPTIMAL,185622.0,185622.0,False,185622.0,307.84,307.53,600.0,,alfabetica,,,2,par_cursos,2,True,TEMPO_TOTAL,iteracao,cursos_progr_ate_2_dia_turno_curso,180.0,180.0,600.0,14400.0,False,False,alfabetica,,alfabetica,,./dados/2024_1/horarios_2024_1.xlsx,./dados/2024_1/salas_2024_1.csv,./dados/2024_1/salas_preferenciais_2024.1.xlsx,/Users/robertdrey/Documents/workspace/development/alocador_de_salas,resultados/experimentos/2024_1/novas_hibridas/progr_2_depois_dia_turno/melhor_solucao.sol,resultados/experimentos/2024_1/novas_hibridas/progr_2_depois_dia_turno/historico.csv,resultados/experimentos/2024_1/novas_hibridas/progr_2_depois_dia_turno/historico.json,curso -> par_cursos -> dia_turno_curso,progressiva,alfabetica,,alfabetica,,alfabetica,,180.0,1,180.0,600.0,1,0,TEMPO_TOTAL,1,MAT,PED,77
1,4,78,par_cursos,MED+PED,97,22172,72818,OPTIMAL,185622.0,185622.0,False,185622.0,27.54,27.22,600.0,,alfabetica,,,2,par_cursos,2,True,TEMPO_TOTAL,iteracao,cursos_progr_ate_2_dia_turno_curso,180.0,180.0,600.0,14400.0,False,False,alfabetica,,alfabetica,,./dados/2024_1/horarios_2024_1.xlsx,./dados/2024_1/salas_2024_1.csv,./dados/2024_1/salas_preferenciais_2024.1.xlsx,/Users/robertdrey/Documents/workspace/development/alocador_de_salas,resultados/experimentos/2024_1/novas_hibridas/progr_2_depois_dia_turno/melhor_solucao.sol,resultados/experimentos/2024_1/novas_hibridas/progr_2_depois_dia_turno/historico.csv,resultados/experimentos/2024_1/novas_hibridas/progr_2_depois_dia_turno/historico.json,curso -> par_cursos -> dia_turno_curso,progressiva,alfabetica,,alfabetica,,alfabetica,,180.0,1,180.0,600.0,1,0,TEMPO_TOTAL,1,MED,PED,78
1,5,1,par_cursos,ADM+AGRO,99,18032,76958,OPTIMAL,185622.0,185622.0,False,185622.0,9.76,9.45,600.0,,alfabetica,,,2,par_cursos,3,True,TEMPO_TOTAL,iteracao,cursos_progr_ate_2_dia_turno_curso,180.0,180.0,600.0,14400.0,False,False,alfabetica,,alfabetica,,./dados/2024_1/horarios_2024_1.xlsx,./dados/2024_1/salas_2024_1.csv,./dados/2024_1/salas_preferenciais_2024.1.xlsx,/Users/robertdrey/Documents/workspace/development/alocador_de_salas,resultados/experimentos/2024_1/novas_hibridas/progr_2_depois_dia_turno/melhor_solucao.sol,resultados/experimentos/2024_1/novas_hibridas/progr_2_depois_dia_turno/historico.csv,resultados/experimentos/2024_1/novas_hibridas/progr_2_depois_dia_turno/historico.json,curso -> par_cursos -> dia_turno_curso,progressiva,alfabetica,,alfabetica,,alfabetica,,180.0,1,180.0,600.0,1,0,TEMPO_TOTAL,1,ADM,AGRO,1
1,5,2,par_cursos,ADM+CC,95,19826,75164,OPTIMAL,185622.0,185622.0,False,185622.0,69.57,69.25,600.0,,alfabetica,,,2,par_cursos,3,True,TEMPO_TOTAL,iteracao,cursos_progr_ate_2_dia_turno_curso,180.0,180.0,600.0,14400.0,False,False,alfabetica,,alfabetica,,./dados/2024_1/horarios_2024_1.xlsx,./dados/2024_1/salas_2024_1.csv,./dados/2024_1/salas_preferenciais_2024.1.xlsx,/Users/robertdrey/Documents/workspace/development/alocador_de_salas,resultados/experimentos/2024_1/novas_hibridas/progr_2_depois_dia_turno/melhor_solucao.sol,resultados/experimentos/2024_1/novas_hibridas/progr_2_depois_dia_turno/historico.csv,resultados/experimentos/2024_1/novas_hibridas/progr_2_depois_dia_turno/historico.json,curso -> par_cursos -> dia_turno_curso,progressiva,alfabetica,,alfabetica,,alfabetica,,180.0,1,180.0,600.0,1,0,TEMPO_TOTAL,1,ADM,CC,2
1,5,3,par_cursos,ADM+CS,70,13846,81144,OPTIMAL,185622.0,185622.0,False,185622.0,1.14,0.82,600.0,,alfabetica,,,2,par_cursos,3,True,TEMPO_TOTAL,iteracao,cursos_progr_ate_2_dia_turno_curso,180.0,180.0,600.0,14400.0,False,False,alfabetica,,alfabetica,,./dados/2024_1/horarios_2024_1.xlsx,./dados/2024_1/salas_2024_1.csv,./dados/2024_1/salas_preferenciais_2024.1.xlsx,/Users/robertdrey/Documents/workspace/development/alocador_de_salas,resultados/experimentos/2024_1/novas_hibridas/progr_2_depois_dia_turno/melhor_solucao.sol,resultados/experimentos/2024_1/novas_hibridas/progr_2_depois_dia_turno/historico.csv,resultados/experimentos/2024_1/novas_hibridas/progr_2_depois_dia_turno/historico.json,curso -> par_cursos -> dia_turno_curso,progressiva,alfabetica,,alfabetica,,alfabetica,,180.0,1,180.0,600.0,1,0,TEMPO_TOTAL,1,ADM,CS,3
1,5,4,par_cursos,ADM+EAS,93,16744,78246,OPTIMAL,185622.0,185622.0,False,185622.0,1.38,1.06,600.0,,alfabetica,,,2,par_cursos,3,True,TEMPO_TOTAL,iteracao,cursos_progr_ate_2_dia_turno_curso,180.0,180.0,600.0,14400.0,False,False,alfabetica,,alfabetica,,./dados/2024_1/horarios_2024_1.xlsx,./dados/2024_1/salas_2024_1.csv,./dados/2024_1/salas_preferenciais_2024.1.xlsx,/Users/robertdrey/Documents/workspace/development/alocador_de_salas,resultados/experimentos/2024_1/novas_hibridas/progr_2_depois_dia_turno/melhor_solucao.sol,resultados/experimentos/2024_1/novas_hibridas/progr_2_depois_dia_turno/historico.csv,resultados/experimentos/2024_1/novas_hibridas/progr_2_depois_dia_turno/historico.json,curso -> par_cursos -> dia_turno_curso,progressiva,alfabetica,,alfabetica,,alfabetica,,180.0,1,180.0,600.0,1,0,TEMPO_TOTAL,1,ADM,EAS,4
1,5,5,par_cursos,ADM+ENF,66,17802,77188,OPTIMAL,185622.0,185622.0,False,185622.0,5.69,5.38,600.0,,alfabetica,,,2,par_cursos,3,True,TEMPO_TOTAL,iteracao,cursos_progr_ate_2_dia_turno_curso,180.0,180.0,600.0,14400.0,False,False,alfabetica,,alfabetica,,./dados/2024_1/horarios_2024_1.xlsx,./dados/2024_1/salas_2024_1.csv,./dados/2024_1/salas_preferenciais_2024.1.xlsx,/Users/robertdrey/Documents/workspace/development/alocador_de_salas,resultados/experimentos/2024_1/novas_hibridas/progr_2_depois_dia_turno/melhor_solucao.sol,resultados/experimentos/2024_1/novas_hibridas/progr_2_depois_dia_turno/historico.csv,resultados/experimentos/2024_1/novas_hibridas/progr_2_depois_dia_turno/historico.json,curso -> par_cursos -> dia_turno_curso,progressiva,alfabetica,,alfabetica,,alfabetica,,180.0,1,180.0,600.0,1,0,TEMPO_TOTAL,1,ADM,ENF,5
1,5,6,par_cursos,ADM+FIL,63,12052,82938,OPTIMAL,185622.0,185622.0,False,185622.0,0.94,0.63,600.0,,alfabetica,,,2,par_cursos,3,True,TEMPO_TOTAL,iteracao,cursos_progr_ate_2_dia_turno_curso,180.0,180.0,600.0,14400.0,False,False,alfabetica,,alfabetica,,./dados/2024_1/horarios_2024_1.xlsx,./dados/2024_1/salas_2024_1.csv,./dados/2024_1/salas_preferenciais_2024.1.xlsx,/Users/robertdrey/Documents/workspace/development/alocador_de_salas,resultados/experimentos/2024_1/novas_hibridas/progr_2_depois_dia_turno/melhor_solucao.sol,resultados/experimentos/2024_1/novas_hibridas/progr_2_depois_dia_turno/historico.csv,resultados/experimentos/2024_1/novas_hibridas/progr_2_depois_dia_turno/historico.json,curso -> par_cursos -> dia_turno_curso,progressiva,alfabetica,,alfabetica,,alfabetica,,180.0,1,180.0,600.0,1,0,TEMPO_TOTAL,1,ADM,FIL,6
1,5,7,par_cursos,ADM+GEO,58,11362,83628,OPTIMAL,185622.0,185621.0,True,185621.0,0.9,0.6,600.0,,alfabetica,,,2,par_cursos,3,True,TEMPO_TOTAL,iteracao,cursos_progr_ate_2_dia_turno_curso,180.0,180.0,600.0,14400.0,False,False,alfabetica,,alfabetica,,./dados/2024_1/horarios_2024_1.xlsx,./dados/2024_1/salas_2024_1.csv,./dados/2024_1/salas_preferenciais_2024.1.xlsx,/Users/robertdrey/Documents/workspace/development/alocador_de_salas,resultados/experimentos/2024_1/novas_hibridas/progr_2_depois_dia_turno/melhor_solucao.sol,resultados/experimentos/2024_1/novas_hibridas/progr_2_depois_dia_turno/historico.csv,resultados/experimentos/2024_1/novas_hibridas/progr_2_depois_dia_turno/historico.json,curso -> par_cursos -> dia_turno_curso,progressiva,alfabetica,,alfabetica,,alfabetica,,180.0,1,180.0,600.0,1,0,TEMPO_TOTAL,1,ADM,GEO,7
1,5,8,par_cursos,ADM+HIS,72,14076,80914,OPTIMAL,185621.0,185621.0,False,185621.0,1.04,0.72,600.0,,alfabetica,,,2,par_cursos,3,True,TEMPO_TOTAL,iteracao,cursos_progr_ate_2_dia_turno_curso,180.0,180.0,600.0,14400.0,False,False,alfabetica,,alfabetica,,./dados/2024_1/horarios_2024_1.xlsx,./dados/2024_1/salas_2024_1.csv,./dados/2024_1/salas_preferenciais_2024.1.xlsx,/Users/robertdrey/Documents/workspace/development/alocador_de_salas,resultados/experimentos/2024_1/novas_hibridas/progr_2_depois_dia_turno/melhor_solucao.sol,resultados/experimentos/2024_1/novas_hibridas/progr_2_depois_dia_turno/historico.csv,resultados/experimentos/2024_1/novas_hibridas/progr_2_depois_dia_turno/historico.json,curso -> par_cursos -> dia_turno_curso,progressiva,alfabetica,,alfabetica,,alfabetica,,180.0,1,180.0,600.0,1,0,TEMPO_TOTAL,1,ADM,HIS,8
1,5,9,par_cursos,ADM+LET,84,18446,76544,OPTIMAL,185621.0,185621.0,False,185621.0,4.61,4.28,600.0,,alfabetica,,,2,par_cursos,3,True,TEMPO_TOTAL,iteracao,cursos_progr_ate_2_dia_turno_curso,180.0,180.0,600.0,14400.0,False,False,alfabetica,,alfabetica,,./dados/2024_1/horarios_2024_1.xlsx,./dados/2024_1/salas_2024_1.csv,./dados/2024_1/salas_preferenciais_2024.1.xlsx,/Users/robertdrey/Documents/workspace/development/alocador_de_salas,resultados/experimentos/2024_1/novas_hibridas/progr_2_depois_dia_turno/melhor_solucao.sol,resultados/experimentos/2024_1/novas_hibridas/progr_2_depois_dia_turno/historico.csv,resultados/experimentos/2024_1/novas_hibridas/progr_2_depois_dia_turno/historico.json,curso -> par_cursos -> dia_turno_curso,progressiva,alfabetica,,alfabetica,,alfabetica,,180.0,1,180.0,600.0,1,0,TEMPO_TOTAL,1,ADM,LET,9
1,5,10,par_cursos,ADM+MAT,71,14260,80730,OPTIMAL,185621.0,185621.0,False,185621.0,1.16,0.84,600.0,,alfabetica,,,2,par_cursos,3,True,TEMPO_TOTAL,iteracao,cursos_progr_ate_2_dia_turno_curso,180.0,180.0,600.0,14400.0,False,False,alfabetica,,alfabetica,,./dados/2024_1/horarios_2024_1.xlsx,./dados/2024_1/salas_2024_1.csv,./dados/2024_1/salas_preferenciais_2024.1.xlsx,/Users/robertdrey/Documents/workspace/development/alocador_de_salas,resultados/experimentos/2024_1/novas_hibridas/progr_2_depois_dia_turno/melhor_solucao.sol,resultados/experimentos/2024_1/novas_hibridas/progr_2_depois_dia_turno/historico.csv,resultados/experimentos/2024_1/novas_hibridas/progr_2_depois_dia_turno/historico.json,curso -> par_cursos -> dia_turno_curso,progressiva,alfabetica,,alfabetica,,alfabetica,,180.0,1,180.0,600.0,1,0,TEMPO_TOTAL,1,ADM,MAT,10
1,5,11,par_cursos,ADM+MED,89,18676,76314,OPTIMAL,185621.0,185621.0,False,185621.0,1.69,1.37,600.0,,alfabetica,,,2,par_cursos,3,True,TEMPO_TOTAL,iteracao,cursos_progr_ate_2_dia_turno_curso,180.0,180.0,600.0,14400.0,False,False,alfabetica,,alfabetica,,./dados/2024_1/horarios_2024_1.xlsx,./dados/2024_1/salas_2024_1.csv,./dados/2024_1/salas_preferenciais_2024.1.xlsx,/Users/robertdrey/Documents/workspace/development/alocador_de_salas,resultados/experimentos/2024_1/novas_hibridas/progr_2_depois_dia_turno/melhor_solucao.sol,resultados/experimentos/2024_1/novas_hibridas/progr_2_depois_dia_turno/historico.csv,resultados/experimentos/2024_1/novas_hibridas/progr_2_depois_dia_turno/historico.json,curso -> par_cursos -> dia_turno_curso,progressiva,alfabetica,,alfabetica,,alfabetica,,180.0,1,180.0,600.0,1,0,TEMPO_TOTAL,1,ADM,MED,11
1,5,12,par_cursos,ADM+PED,104,22080,72910,TIME_LIMIT,185621.0,185621.0,False,185621.0,600.49,600.16,600.0,,alfabetica,,,2,par_cursos,3,True,TEMPO_TOTAL,iteracao,cursos_progr_ate_2_dia_turno_curso,180.0,180.0,600.0,14400.0,False,False,alfabetica,,alfabetica,,./dados/2024_1/horarios_2024_1.xlsx,./dados/2024_1/salas_2024_1.csv,./dados/2024_1/salas_preferenciais_2024.1.xlsx,/Users/robertdrey/Documents/workspace/development/alocador_de_salas,resultados/experimentos/2024_1/novas_hibridas/progr_2_depois_dia_turno/melhor_solucao.sol,resultados/experimentos/2024_1/novas_hibridas/progr_2_depois_dia_turno/historico.csv,resultados/experimentos/2024_1/novas_hibridas/progr_2_depois_dia_turno/historico.json,curso -> par_cursos -> dia_turno_curso,progressiva,alfabetica,,alfabetica,,alfabetica,,180.0,1,180.0,600.0,1,0,TEMPO_TOTAL,1,ADM,PED,12
1,5,13,par_cursos,AGRO+CC,98,19274,75716,OPTIMAL,185621.0,185621.0,False,185621.0,167.74,167.32,600.0,,alfabetica,,,2,par_cursos,3,True,TEMPO_TOTAL,iteracao,cursos_progr_ate_2_dia_turno_curso,180.0,180.0,600.0,14400.0,False,False,alfabetica,,alfabetica,,./dados/2024_1/horarios_2024_1.xlsx,./dados/2024_1/salas_2024_1.csv,./dados/2024_1/salas_preferenciais_2024.1.xlsx,/Users/robertdrey/Documents/workspace/development/alocador_de_salas,resultados/experimentos/2024_1/novas_hibridas/progr_2_depois_dia_turno/melhor_solucao.sol,resultados/experimentos/2024_1/novas_hibridas/progr_2_depois_dia_turno/historico.csv,resultados/experimentos/2024_1/novas_hibridas/progr_2_depois_dia_turno/historico.json,curso -> par_cursos -> dia_turno_curso,progressiva,alfabetica,,alfabetica,,alfabetica,,180.0,1,180.0,600.0,1,0,TEMPO_TOTAL,1,AGRO,CC,13
1,5,14,par_cursos,AGRO+CS,73,13294,81696,OPTIMAL,185621.0,185621.0,False,185621.0,12.14,11.82,600.0,,alfabetica,,,2,par_cursos,3,True,TEMPO_TOTAL,iteracao,cursos_progr_ate_2_dia_turno_curso,180.0,180.0,600.0,14400.0,False,False,alfabetica,,alfabetica,,./dados/2024_1/horarios_2024_1.xlsx,./dados/2024_1/salas_2024_1.csv,./dados/2024_1/salas_preferenciais_2024.1.xlsx,/Users/robertdrey/Documents/workspace/development/alocador_de_salas,resultados/experimentos/2024_1/novas_hibridas/progr_2_depois_dia_turno/melhor_solucao.sol,resultados/experimentos/2024_1/novas_hibridas/progr_2_depois_dia_turno/historico.csv,resultados/experimentos/2024_1/novas_hibridas/progr_2_depois_dia_turno/historico.json,curso -> par_cursos -> dia_turno_curso,progressiva,alfabetica,,alfabetica,,alfabetica,,180.0,1,180.0,600.0,1,0,TEMPO_TOTAL,1,AGRO,CS,14
1,5,15,par_cursos,AGRO+EAS,96,16192,78798,OPTIMAL,185621.0,185621.0,False,185621.0,15.53,15.18,600.0,,alfabetica,,,2,par_cursos,3,True,TEMPO_TOTAL,iteracao,cursos_progr_ate_2_dia_turno_curso,180.0,180.0,600.0,14400.0,False,False,alfabetica,,alfabetica,,./dados/2024_1/horarios_2024_1.xlsx,./dados/2024_1/salas_2024_1.csv,./dados/2024_1/salas_preferenciais_2024.1.xlsx,/Users/robertdrey/Documents/workspace/development/alocador_de_salas,resultados/experimentos/2024_1/novas_hibridas/progr_2_depois_dia_turno/melhor_solucao.sol,resultados/experimentos/2024_1/novas_hibridas/progr_2_depois_dia_turno/historico.csv,resultados/experimentos/2024_1/novas_hibridas/progr_2_depois_dia_turno/historico.json,curso -> par_cursos -> dia_turno_curso,progressiva,alfabetica,,alfabetica,,alfabetica,,180.0,1,180.0,600.0,1,0,TEMPO_TOTAL,1,AGRO,EAS,15
1,5,16,par_cursos,AGRO+ENF,69,17250,77740,OPTIMAL,185621.0,185621.0,False,185621.0,134.48,134.14,600.0,,alfabetica,,,2,par_cursos,3,True,TEMPO_TOTAL,iteracao,cursos_progr_ate_2_dia_turno_curso,180.0,180.0,600.0,14400.0,False,False,alfabetica,,alfabetica,,./dados/2024_1/horarios_2024_1.xlsx,./dados/2024_1/salas_2024_1.csv,./dados/2024_1/salas_preferenciais_2024.1.xlsx,/Users/robertdrey/Documents/workspace/development/alocador_de_salas,resultados/experimentos/2024_1/novas_hibridas/progr_2_depois_dia_turno/melhor_solucao.sol,resultados/experimentos/2024_1/novas_hibridas/progr_2_depois_dia_turno/historico.csv,resultados/experimentos/2024_1/novas_hibridas/progr_2_depois_dia_turno/historico.json,curso -> par_cursos -> dia_turno_curso,progressiva,alfabetica,,alfabetica,,alfabetica,,180.0,1,180.0,600.0,1,0,TEMPO_TOTAL,1,AGRO,ENF,16
1,5,17,par_cursos,AGRO+FIL,66,11500,83490,OPTIMAL,185621.0,185621.0,False,185621.0,4.92,4.6,600.0,,alfabetica,,,2,par_cursos,3,True,TEMPO_TOTAL,iteracao,cursos_progr_ate_2_dia_turno_curso,180.0,180.0,600.0,14400.0,False,False,alfabetica,,alfabetica,,./dados/2024_1/horarios_2024_1.xlsx,./dados/2024_1/salas_2024_1.csv,./dados/2024_1/salas_preferenciais_2024.1.xlsx,/Users/robertdrey/Documents/workspace/development/alocador_de_salas,resultados/experimentos/2024_1/novas_hibridas/progr_2_depois_dia_turno/melhor_solucao.sol,resultados/experimentos/2024_1/novas_hibridas/progr_2_depois_dia_turno/historico.csv,resultados/experimentos/2024_1/novas_hibridas/progr_2_depois_dia_turno/historico.json,curso -> par_cursos -> dia_turno_curso,progressiva,alfabetica,,alfabetica,,alfabetica,,180.0,1,180.0,600.0,1,0,TEMPO_TOTAL,1,AGRO,FIL,17
1,5,18,par_cursos,AGRO+GEO,61,10810,84180,OPTIMAL,185621.0,185621.0,False,185621.0,4.94,4.6,600.0,,alfabetica,,,2,par_cursos,3,True,TEMPO_TOTAL,iteracao,cursos_progr_ate_2_dia_turno_curso,180.0,180.0,600.0,14400.0,False,False,alfabetica,,alfabetica,,./dados/2024_1/horarios_2024_1.xlsx,./dados/2024_1/salas_2024_1.csv,./dados/2024_1/salas_preferenciais_2024.1.xlsx,/Users/robertdrey/Documents/workspace/development/alocador_de_salas,resultados/experimentos/2024_1/novas_hibridas/progr_2_depois_dia_turno/melhor_solucao.sol,resultados/experimentos/2024_1/novas_hibridas/progr_2_depois_dia_turno/historico.csv,resultados/experimentos/2024_1/novas_hibridas/progr_2_depois_dia_turno/historico.json,curso -> par_cursos -> dia_turno_curso,progressiva,alfabetica,,alfabetica,,alfabetica,,180.0,1,180.0,600.0,1,0,TEMPO_TOTAL,1,AGRO,GEO,18
1,5,19,par_cursos,AGRO+HIS,75,13524,81466,OPTIMAL,185621.0,185621.0,False,185621.0,5.91,5.57,600.0,,alfabetica,,,2,par_cursos,3,True,TEMPO_TOTAL,iteracao,cursos_progr_ate_2_dia_turno_curso,180.0,180.0,600.0,14400.0,False,False,alfabetica,,alfabetica,,./dados/2024_1/horarios_2024_1.xlsx,./dados/2024_1/salas_2024_1.csv,./dados/2024_1/salas_preferenciais_2024.1.xlsx,/Users/robertdrey/Documents/workspace/development/alocador_de_salas,resultados/experimentos/2024_1/novas_hibridas/progr_2_depois_dia_turno/melhor_solucao.sol,resultados/experimentos/2024_1/novas_hibridas/progr_2_depois_dia_turno/historico.csv,resultados/experimentos/2024_1/novas_hibridas/progr_2_depois_dia_turno/historico.json,curso -> par_cursos -> dia_turno_curso,progressiva,alfabetica,,alfabetica,,alfabetica,,180.0,1,180.0,600.0,1,0,TEMPO_TOTAL,1,AGRO,HIS,19
1,5,20,par_cursos,AGRO+LET,87,17894,77096,OPTIMAL,185621.0,185621.0,False,185621.0,12.63,12.3,600.0,,alfabetica,,,2,par_cursos,3,True,TEMPO_TOTAL,iteracao,cursos_progr_ate_2_dia_turno_curso,180.0,180.0,600.0,14400.0,False,False,alfabetica,,alfabetica,,./dados/2024_1/horarios_2024_1.xlsx,./dados/2024_1/salas_2024_1.csv,./dados/2024_1/salas_preferenciais_2024.1.xlsx,/Users/robertdrey/Documents/workspace/development/alocador_de_salas,resultados/experimentos/2024_1/novas_hibridas/progr_2_depois_dia_turno/melhor_solucao.sol,resultados/experimentos/2024_1/novas_hibridas/progr_2_depois_dia_turno/historico.csv,resultados/experimentos/2024_1/novas_hibridas/progr_2_depois_dia_turno/historico.json,curso -> par_cursos -> dia_turno_curso,progressiva,alfabetica,,alfabetica,,alfabetica,,180.0,1,180.0,600.0,1,0,TEMPO_TOTAL,1,AGRO,LET,20
1,5,21,par_cursos,AGRO+MAT,74,13708,81282,OPTIMAL,185621.0,185621.0,False,185621.0,7.58,7.25,600.0,,alfabetica,,,2,par_cursos,3,True,TEMPO_TOTAL,iteracao,cursos_progr_ate_2_dia_turno_curso,180.0,180.0,600.0,14400.0,False,False,alfabetica,,alfabetica,,./dados/2024_1/horarios_2024_1.xlsx,./dados/2024_1/salas_2024_1.csv,./dados/2024_1/salas_preferenciais_2024.1.xlsx,/Users/robertdrey/Documents/workspace/development/alocador_de_salas,resultados/experimentos/2024_1/novas_hibridas/progr_2_depois_dia_turno/melhor_solucao.sol,resultados/experimentos/2024_1/novas_hibridas/progr_2_depois_dia_turno/historico.csv,resultados/experimentos/2024_1/novas_hibridas/progr_2_depois_dia_turno/historico.json,curso -> par_cursos -> dia_turno_curso,progressiva,alfabetica,,alfabetica,,alfabetica,,180.0,1,180.0,600.0,1,0,TEMPO_TOTAL,1,AGRO,MAT,21
1,5,22,par_cursos,AGRO+MED,92,18124,76866,TIME_LIMIT,185621.0,185621.0,False,185621.0,600.35,600.02,600.0,,alfabetica,,,2,par_cursos,3,True,TEMPO_TOTAL,iteracao,cursos_progr_ate_2_dia_turno_curso,180.0,180.0,600.0,14400.0,False,False,alfabetica,,alfabetica,,./dados/2024_1/horarios_2024_1.xlsx,./dados/2024_1/salas_2024_1.csv,./dados/2024_1/salas_preferenciais_2024.1.xlsx,/Users/robertdrey/Documents/workspace/development/alocador_de_salas,resultados/experimentos/2024_1/novas_hibridas/progr_2_depois_dia_turno/melhor_solucao.sol,resultados/experimentos/2024_1/novas_hibridas/progr_2_depois_dia_turno/historico.csv,resultados/experimentos/2024_1/novas_hibridas/progr_2_depois_dia_turno/historico.json,curso -> par_cursos -> dia_turno_curso,progressiva,alfabetica,,alfabetica,,alfabetica,,180.0,1,180.0,600.0,1,0,TEMPO_TOTAL,1,AGRO,MED,22
1,5,23,par_cursos,AGRO+PED,107,21528,73462,OPTIMAL,185621.0,185621.0,False,185621.0,84.4,84.11,600.0,,alfabetica,,,2,par_cursos,3,True,TEMPO_TOTAL,iteracao,cursos_progr_ate_2_dia_turno_curso,180.0,180.0,600.0,14400.0,False,False,alfabetica,,alfabetica,,./dados/2024_1/horarios_2024_1.xlsx,./dados/2024_1/salas_2024_1.csv,./dados/2024_1/salas_preferenciais_2024.1.xlsx,/Users/robertdrey/Documents/workspace/development/alocador_de_salas,resultados/experimentos/2024_1/novas_hibridas/progr_2_depois_dia_turno/melhor_solucao.sol,resultados/experimentos/2024_1/novas_hibridas/progr_2_depois_dia_turno/historico.csv,resultados/experimentos/2024_1/novas_hibridas/progr_2_depois_dia_turno/historico.json,curso -> par_cursos -> dia_turno_curso,progressiva,alfabetica,,alfabetica,,alfabetica,,180.0,1,180.0,600.0,1,0,TEMPO_TOTAL,1,AGRO,PED,23
1,5,24,par_cursos,CC+CS,69,15088,79902,OPTIMAL,185621.0,185621.0,False,185621.0,51.71,51.4,600.0,,alfabetica,,,2,par_cursos,3,True,TEMPO_TOTAL,iteracao,cursos_progr_ate_2_dia_turno_curso,180.0,180.0,600.0,14400.0,False,False,alfabetica,,alfabetica,,./dados/2024_1/horarios_2024_1.xlsx,./dados/2024_1/salas_2024_1.csv,./dados/2024_1/salas_preferenciais_2024.1.xlsx,/Users/robertdrey/Documents/workspace/development/alocador_de_salas,resultados/experimentos/2024_1/novas_hibridas/progr_2_depois_dia_turno/melhor_solucao.sol,resultados/experimentos/2024_1/novas_hibridas/progr_2_depois_dia_turno/historico.csv,resultados/experimentos/2024_1/novas_hibridas/progr_2_depois_dia_turno/historico.json,curso -> par_cursos -> dia_turno_curso,progressiva,alfabetica,,alfabetica,,alfabetica,,180.0,1,180.0,600.0,1,0,TEMPO_TOTAL,1,CC,CS,24
1,5,25,par_cursos,CC+EAS,92,17986,77004,OPTIMAL,185621.0,185621.0,False,185621.0,44.57,44.26,600.0,,alfabetica,,,2,par_cursos,3,True,TEMPO_TOTAL,iteracao,cursos_progr_ate_2_dia_turno_curso,180.0,180.0,600.0,14400.0,False,False,alfabetica,,alfabetica,,./dados/2024_1/horarios_2024_1.xlsx,./dados/2024_1/salas_2024_1.csv,./dados/2024_1/salas_preferenciais_2024.1.xlsx,/Users/robertdrey/Documents/workspace/development/alocador_de_salas,resultados/experimentos/2024_1/novas_hibridas/progr_2_depois_dia_turno/melhor_solucao.sol,resultados/experimentos/2024_1/novas_hibridas/progr_2_depois_dia_turno/historico.csv,resultados/experimentos/2024_1/novas_hibridas/progr_2_depois_dia_turno/historico.json,curso -> par_cursos -> dia_turno_curso,progressiva,alfabetica,,alfabetica,,alfabetica,,180.0,1,180.0,600.0,1,0,TEMPO_TOTAL,1,CC,EAS,25
1,5,26,par_cursos,CC+ENF,65,19044,75946,OPTIMAL,185621.0,185621.0,False,185621.0,99.51,99.22,600.0,,alfabetica,,,2,par_cursos,3,True,TEMPO_TOTAL,iteracao,cursos_progr_ate_2_dia_turno_curso,180.0,180.0,600.0,14400.0,False,False,alfabetica,,alfabetica,,./dados/2024_1/horarios_2024_1.xlsx,./dados/2024_1/salas_2024_1.csv,./dados/2024_1/salas_preferenciais_2024.1.xlsx,/Users/robertdrey/Documents/workspace/development/alocador_de_salas,resultados/experimentos/2024_1/novas_hibridas/progr_2_depois_dia_turno/melhor_solucao.sol,resultados/experimentos/2024_1/novas_hibridas/progr_2_depois_dia_turno/historico.csv,resultados/experimentos/2024_1/novas_hibridas/progr_2_depois_dia_turno/historico.json,curso -> par_cursos -> dia_turno_curso,progressiva,alfabetica,,alfabetica,,alfabetica,,180.0,1,180.0,600.0,1,0,TEMPO_TOTAL,1,CC,ENF,26
1,5,27,par_cursos,CC+FIL,62,13294,81696,OPTIMAL,185621.0,185452.0,True,185452.0,13.02,12.71,600.0,,alfabetica,,,2,par_cursos,3,True,TEMPO_TOTAL,iteracao,cursos_progr_ate_2_dia_turno_curso,180.0,180.0,600.0,14400.0,False,False,alfabetica,,alfabetica,,./dados/2024_1/horarios_2024_1.xlsx,./dados/2024_1/salas_2024_1.csv,./dados/2024_1/salas_preferenciais_2024.1.xlsx,/Users/robertdrey/Documents/workspace/development/alocador_de_salas,resultados/experimentos/2024_1/novas_hibridas/progr_2_depois_dia_turno/melhor_solucao.sol,resultados/experimentos/2024_1/novas_hibridas/progr_2_depois_dia_turno/historico.csv,resultados/experimentos/2024_1/novas_hibridas/progr_2_depois_dia_turno/historico.json,curso -> par_cursos -> dia_turno_curso,progressiva,alfabetica,,alfabetica,,alfabetica,,180.0,1,180.0,600.0,1,0,TEMPO_TOTAL,1,CC,FIL,27
1,5,28,par_cursos,CC+GEO,57,12604,82386,OPTIMAL,185452.0,185452.0,False,185452.0,2.51,2.19,600.0,,alfabetica,,,2,par_cursos,3,True,TEMPO_TOTAL,iteracao,cursos_progr_ate_2_dia_turno_curso,180.0,180.0,600.0,14400.0,False,False,alfabetica,,alfabetica,,./dados/2024_1/horarios_2024_1.xlsx,./dados/2024_1/salas_2024_1.csv,./dados/2024_1/salas_preferenciais_2024.1.xlsx,/Users/robertdrey/Documents/workspace/development/alocador_de_salas,resultados/experimentos/2024_1/novas_hibridas/progr_2_depois_dia_turno/melhor_solucao.sol,resultados/experimentos/2024_1/novas_hibridas/progr_2_depois_dia_turno/historico.csv,resultados/experimentos/2024_1/novas_hibridas/progr_2_depois_dia_turno/historico.json,curso -> par_cursos -> dia_turno_curso,progressiva,alfabetica,,alfabetica,,alfabetica,,180.0,1,180.0,600.0,1,0,TEMPO_TOTAL,1,CC,GEO,28
1,5,29,par_cursos,CC+HIS,71,15318,79672,OPTIMAL,185452.0,185452.0,False,185452.0,20.1,19.77,600.0,,alfabetica,,,2,par_cursos,3,True,TEMPO_TOTAL,iteracao,cursos_progr_ate_2_dia_turno_curso,180.0,180.0,600.0,14400.0,False,False,alfabetica,,alfabetica,,./dados/2024_1/horarios_2024_1.xlsx,./dados/2024_1/salas_2024_1.csv,./dados/2024_1/salas_preferenciais_2024.1.xlsx,/Users/robertdrey/Documents/workspace/development/alocador_de_salas,resultados/experimentos/2024_1/novas_hibridas/progr_2_depois_dia_turno/melhor_solucao.sol,resultados/experimentos/2024_1/novas_hibridas/progr_2_depois_dia_turno/historico.csv,resultados/experimentos/2024_1/novas_hibridas/progr_2_depois_dia_turno/historico.json,curso -> par_cursos -> dia_turno_curso,progressiva,alfabetica,,alfabetica,,alfabetica,,180.0,1,180.0,600.0,1,0,TEMPO_TOTAL,1,CC,HIS,29
1,5,30,par_cursos,CC+LET,83,19688,75302,OPTIMAL,185452.0,185317.0,True,185317.0,120.52,120.2,600.0,,alfabetica,,,2,par_cursos,3,True,TEMPO_TOTAL,iteracao,cursos_progr_ate_2_dia_turno_curso,180.0,180.0,600.0,14400.0,False,False,alfabetica,,alfabetica,,./dados/2024_1/horarios_2024_1.xlsx,./dados/2024_1/salas_2024_1.csv,./dados/2024_1/salas_preferenciais_2024.1.xlsx,/Users/robertdrey/Documents/workspace/development/alocador_de_salas,resultados/experimentos/2024_1/novas_hibridas/progr_2_depois_dia_turno/melhor_solucao.sol,resultados/experimentos/2024_1/novas_hibridas/progr_2_depois_dia_turno/historico.csv,resultados/experimentos/2024_1/novas_hibridas/progr_2_depois_dia_turno/historico.json,curso -> par_cursos -> dia_turno_curso,progressiva,alfabetica,,alfabetica,,alfabetica,,180.0,1,180.0,600.0,1,0,TEMPO_TOTAL,1,CC,LET,30
1,5,31,par_cursos,CC+MAT,70,15502,79488,OPTIMAL,185317.0,185295.5,True,185295.5,1.64,1.32,600.0,,alfabetica,,,2,par_cursos,3,True,TEMPO_TOTAL,iteracao,cursos_progr_ate_2_dia_turno_curso,180.0,180.0,600.0,14400.0,False,False,alfabetica,,alfabetica,,./dados/2024_1/horarios_2024_1.xlsx,./dados/2024_1/salas_2024_1.csv,./dados/2024_1/salas_preferenciais_2024.1.xlsx,/Users/robertdrey/Documents/workspace/development/alocador_de_salas,resultados/experimentos/2024_1/novas_hibridas/progr_2_depois_dia_turno/melhor_solucao.sol,resultados/experimentos/2024_1/novas_hibridas/progr_2_depois_dia_turno/historico.csv,resultados/experimentos/2024_1/novas_hibridas/progr_2_depois_dia_turno/historico.json,curso -> par_cursos -> dia_turno_curso,progressiva,alfabetica,,alfabetica,,alfabetica,,180.0,1,180.0,600.0,1,0,TEMPO_TOTAL,1,CC,MAT,31
1,5,32,par_cursos,CC+MED,88,19918,75072,OPTIMAL,185295.5,185295.5,False,185295.5,2.9,2.58,600.0,,alfabetica,,,2,par_cursos,3,True,TEMPO_TOTAL,iteracao,cursos_progr_ate_2_dia_turno_curso,180.0,180.0,600.0,14400.0,False,False,alfabetica,,alfabetica,,./dados/2024_1/horarios_2024_1.xlsx,./dados/2024_1/salas_2024_1.csv,./dados/2024_1/salas_preferenciais_2024.1.xlsx,/Users/robertdrey/Documents/workspace/development/alocador_de_salas,resultados/experimentos/2024_1/novas_hibridas/progr_2_depois_dia_turno/melhor_solucao.sol,resultados/experimentos/2024_1/novas_hibridas/progr_2_depois_dia_turno/historico.csv,resultados/experimentos/2024_1/novas_hibridas/progr_2_depois_dia_turno/historico.json,curso -> par_cursos -> dia_turno_curso,progressiva,alfabetica,,alfabetica,,alfabetica,,180.0,1,180.0,600.0,1,0,TEMPO_TOTAL,1,CC,MED,32
1,5,33,par_cursos,CC+PED,103,23322,71668,OPTIMAL,185295.5,185295.5,False,185295.5,96.17,95.87,600.0,,alfabetica,,,2,par_cursos,3,True,TEMPO_TOTAL,iteracao,cursos_progr_ate_2_dia_turno_curso,180.0,180.0,600.0,14400.0,False,False,alfabetica,,alfabetica,,./dados/2024_1/horarios_2024_1.xlsx,./dados/2024_1/salas_2024_1.csv,./dados/2024_1/salas_preferenciais_2024.1.xlsx,/Users/robertdrey/Documents/workspace/development/alocador_de_salas,resultados/experimentos/2024_1/novas_hibridas/progr_2_depois_dia_turno/melhor_solucao.sol,resultados/experimentos/2024_1/novas_hibridas/progr_2_depois_dia_turno/historico.csv,resultados/experimentos/2024_1/novas_hibridas/progr_2_depois_dia_turno/historico.json,curso -> par_cursos -> dia_turno_curso,progressiva,alfabetica,,alfabetica,,alfabetica,,180.0,1,180.0,600.0,1,0,TEMPO_TOTAL,1,CC,PED,33
1,5,34,par_cursos,CS+EAS,67,12006,82984,OPTIMAL,185295.5,185295.5,False,185295.5,0.76,0.46,600.0,,alfabetica,,,2,par_cursos,3,True,TEMPO_TOTAL,iteracao,cursos_progr_ate_2_dia_turno_curso,180.0,180.0,600.0,14400.0,False,False,alfabetica,,alfabetica,,./dados/2024_1/horarios_2024_1.xlsx,./dados/2024_1/salas_2024_1.csv,./dados/2024_1/salas_preferenciais_2024.1.xlsx,/Users/robertdrey/Documents/workspace/development/alocador_de_salas,resultados/experimentos/2024_1/novas_hibridas/progr_2_depois_dia_turno/melhor_solucao.sol,resultados/experimentos/2024_1/novas_hibridas/progr_2_depois_dia_turno/historico.csv,resultados/experimentos/2024_1/novas_hibridas/progr_2_depois_dia_turno/historico.json,curso -> par_cursos -> dia_turno_curso,progressiva,alfabetica,,alfabetica,,alfabetica,,180.0,1,180.0,600.0,1,0,TEMPO_TOTAL,1,CS,EAS,34
1,5,35,par_cursos,CS+ENF,40,13064,81926,OPTIMAL,185295.5,185295.5,False,185295.5,1.55,1.25,600.0,,alfabetica,,,2,par_cursos,3,True,TEMPO_TOTAL,iteracao,cursos_progr_ate_2_dia_turno_curso,180.0,180.0,600.0,14400.0,False,False,alfabetica,,alfabetica,,./dados/2024_1/horarios_2024_1.xlsx,./dados/2024_1/salas_2024_1.csv,./dados/2024_1/salas_preferenciais_2024.1.xlsx,/Users/robertdrey/Documents/workspace/development/alocador_de_salas,resultados/experimentos/2024_1/novas_hibridas/progr_2_depois_dia_turno/melhor_solucao.sol,resultados/experimentos/2024_1/novas_hibridas/progr_2_depois_dia_turno/historico.csv,resultados/experimentos/2024_1/novas_hibridas/progr_2_depois_dia_turno/historico.json,curso -> par_cursos -> dia_turno_curso,progressiva,alfabetica,,alfabetica,,alfabetica,,180.0,1,180.0,600.0,1,0,TEMPO_TOTAL,1,CS,ENF,35
1,5,36,par_cursos,CS+FIL,37,7314,87676,OPTIMAL,185295.5,185295.5,False,185295.5,0.61,0.29,600.0,,alfabetica,,,2,par_cursos,3,True,TEMPO_TOTAL,iteracao,cursos_progr_ate_2_dia_turno_curso,180.0,180.0,600.0,14400.0,False,False,alfabetica,,alfabetica,,./dados/2024_1/horarios_2024_1.xlsx,./dados/2024_1/salas_2024_1.csv,./dados/2024_1/salas_preferenciais_2024.1.xlsx,/Users/robertdrey/Documents/workspace/development/alocador_de_salas,resultados/experimentos/2024_1/novas_hibridas/progr_2_depois_dia_turno/melhor_solucao.sol,resultados/experimentos/2024_1/novas_hibridas/progr_2_depois_dia_turno/historico.csv,resultados/experimentos/2024_1/novas_hibridas/progr_2_depois_dia_turno/historico.json,curso -> par_cursos -> dia_turno_curso,progressiva,alfabetica,,alfabetica,,alfabetica,,180.0,1,180.0,600.0,1,0,TEMPO_TOTAL,1,CS,FIL,36
1,5,37,par_cursos,CS+GEO,32,6624,88366,OPTIMAL,185295.5,185295.5,False,185295.5,0.63,0.32,600.0,,alfabetica,,,2,par_cursos,3,True,TEMPO_TOTAL,iteracao,cursos_progr_ate_2_dia_turno_curso,180.0,180.0,600.0,14400.0,False,False,alfabetica,,alfabetica,,./dados/2024_1/horarios_2024_1.xlsx,./dados/2024_1/salas_2024_1.csv,./dados/2024_1/salas_preferenciais_2024.1.xlsx,/Users/robertdrey/Documents/workspace/development/alocador_de_salas,resultados/experimentos/2024_1/novas_hibridas/progr_2_depois_dia_turno/melhor_solucao.sol,resultados/experimentos/2024_1/novas_hibridas/progr_2_depois_dia_turno/historico.csv,resultados/experimentos/2024_1/novas_hibridas/progr_2_depois_dia_turno/historico.json,curso -> par_cursos -> dia_turno_curso,progressiva,alfabetica,,alfabetica,,alfabetica,,180.0,1,180.0,600.0,1,0,TEMPO_TOTAL,1,CS,GEO,37
1,5,38,par_cursos,CS+HIS,46,9338,85652,OPTIMAL,185295.5,185295.5,False,185295.5,0.74,0.43,600.0,,alfabetica,,,2,par_cursos,3,True,TEMPO_TOTAL,iteracao,cursos_progr_ate_2_dia_turno_curso,180.0,180.0,600.0,14400.0,False,False,alfabetica,,alfabetica,,./dados/2024_1/horarios_2024_1.xlsx,./dados/2024_1/salas_2024_1.csv,./dados/2024_1/salas_preferenciais_2024.1.xlsx,/Users/robertdrey/Documents/workspace/development/alocador_de_salas,resultados/experimentos/2024_1/novas_hibridas/progr_2_depois_dia_turno/melhor_solucao.sol,resultados/experimentos/2024_1/novas_hibridas/progr_2_depois_dia_turno/historico.csv,resultados/experimentos/2024_1/novas_hibridas/progr_2_depois_dia_turno/historico.json,curso -> par_cursos -> dia_turno_curso,progressiva,alfabetica,,alfabetica,,alfabetica,,180.0,1,180.0,600.0,1,0,TEMPO_TOTAL,1,CS,HIS,38
1,5,39,par_cursos,CS+LET,58,13708,81282,OPTIMAL,185295.5,185295.5,False,185295.5,1.46,1.16,600.0,,alfabetica,,,2,par_cursos,3,True,TEMPO_TOTAL,iteracao,cursos_progr_ate_2_dia_turno_curso,180.0,180.0,600.0,14400.0,False,False,alfabetica,,alfabetica,,./dados/2024_1/horarios_2024_1.xlsx,./dados/2024_1/salas_2024_1.csv,./dados/2024_1/salas_preferenciais_2024.1.xlsx,/Users/robertdrey/Documents/workspace/development/alocador_de_salas,resultados/experimentos/2024_1/novas_hibridas/progr_2_depois_dia_turno/melhor_solucao.sol,resultados/experimentos/2024_1/novas_hibridas/progr_2_depois_dia_turno/historico.csv,resultados/experimentos/2024_1/novas_hibridas/progr_2_depois_dia_turno/historico.json,curso -> par_cursos -> dia_turno_curso,progressiva,alfabetica,,alfabetica,,alfabetica,,180.0,1,180.0,600.0,1,0,TEMPO_TOTAL,1,CS,LET,39
1,5,40,par_cursos,CS+MAT,45,9522,85468,OPTIMAL,185295.5,185295.5,False,185295.5,0.77,0.46,600.0,,alfabetica,,,2,par_cursos,3,True,TEMPO_TOTAL,iteracao,cursos_progr_ate_2_dia_turno_curso,180.0,180.0,600.0,14400.0,False,False,alfabetica,,alfabetica,,./dados/2024_1/horarios_2024_1.xlsx,./dados/2024_1/salas_2024_1.csv,./dados/2024_1/salas_preferenciais_2024.1.xlsx,/Users/robertdrey/Documents/workspace/development/alocador_de_salas,resultados/experimentos/2024_1/novas_hibridas/progr_2_depois_dia_turno/melhor_solucao.sol,resultados/experimentos/2024_1/novas_hibridas/progr_2_depois_dia_turno/historico.csv,resultados/experimentos/2024_1/novas_hibridas/progr_2_depois_dia_turno/historico.json,curso -> par_cursos -> dia_turno_curso,progressiva,alfabetica,,alfabetica,,alfabetica,,180.0,1,180.0,600.0,1,0,TEMPO_TOTAL,1,CS,MAT,40
1,5,41,par_cursos,CS+MED,63,13938,81052,OPTIMAL,185295.5,185295.5,False,185295.5,1.09,0.78,600.0,,alfabetica,,,2,par_cursos,3,True,TEMPO_TOTAL,iteracao,cursos_progr_ate_2_dia_turno_curso,180.0,180.0,600.0,14400.0,False,False,alfabetica,,alfabetica,,./dados/2024_1/horarios_2024_1.xlsx,./dados/2024_1/salas_2024_1.csv,./dados/2024_1/salas_preferenciais_2024.1.xlsx,/Users/robertdrey/Documents/workspace/development/alocador_de_salas,resultados/experimentos/2024_1/novas_hibridas/progr_2_depois_dia_turno/melhor_solucao.sol,resultados/experimentos/2024_1/novas_hibridas/progr_2_depois_dia_turno/historico.csv,resultados/experimentos/2024_1/novas_hibridas/progr_2_depois_dia_turno/historico.json,curso -> par_cursos -> dia_turno_curso,progressiva,alfabetica,,alfabetica,,alfabetica,,180.0,1,180.0,600.0,1,0,TEMPO_TOTAL,1,CS,MED,41
1,5,42,par_cursos,CS+PED,78,17342,77648,OPTIMAL,185295.5,185295.5,False,185295.5,29.44,29.14,600.0,,alfabetica,,,2,par_cursos,3,True,TEMPO_TOTAL,iteracao,cursos_progr_ate_2_dia_turno_curso,180.0,180.0,600.0,14400.0,False,False,alfabetica,,alfabetica,,./dados/2024_1/horarios_2024_1.xlsx,./dados/2024_1/salas_2024_1.csv,./dados/2024_1/salas_preferenciais_2024.1.xlsx,/Users/robertdrey/Documents/workspace/development/alocador_de_salas,resultados/experimentos/2024_1/novas_hibridas/progr_2_depois_dia_turno/melhor_solucao.sol,resultados/experimentos/2024_1/novas_hibridas/progr_2_depois_dia_turno/historico.csv,resultados/experimentos/2024_1/novas_hibridas/progr_2_depois_dia_turno/historico.json,curso -> par_cursos -> dia_turno_curso,progressiva,alfabetica,,alfabetica,,alfabetica,,180.0,1,180.0,600.0,1,0,TEMPO_TOTAL,1,CS,PED,42
1,5,43,par_cursos,EAS+ENF,63,15962,79028,OPTIMAL,185295.5,185295.5,False,185295.5,4.93,4.6,600.0,,alfabetica,,,2,par_cursos,3,True,TEMPO_TOTAL,iteracao,cursos_progr_ate_2_dia_turno_curso,180.0,180.0,600.0,14400.0,False,False,alfabetica,,alfabetica,,./dados/2024_1/horarios_2024_1.xlsx,./dados/2024_1/salas_2024_1.csv,./dados/2024_1/salas_preferenciais_2024.1.xlsx,/Users/robertdrey/Documents/workspace/development/alocador_de_salas,resultados/experimentos/2024_1/novas_hibridas/progr_2_depois_dia_turno/melhor_solucao.sol,resultados/experimentos/2024_1/novas_hibridas/progr_2_depois_dia_turno/historico.csv,resultados/experimentos/2024_1/novas_hibridas/progr_2_depois_dia_turno/historico.json,curso -> par_cursos -> dia_turno_curso,progressiva,alfabetica,,alfabetica,,alfabetica,,180.0,1,180.0,600.0,1,0,TEMPO_TOTAL,1,EAS,ENF,43
1,5,44,par_cursos,EAS+FIL,60,10212,84778,OPTIMAL,185295.5,185295.5,False,185295.5,0.73,0.39,600.0,,alfabetica,,,2,par_cursos,3,True,TEMPO_TOTAL,iteracao,cursos_progr_ate_2_dia_turno_curso,180.0,180.0,600.0,14400.0,False,False,alfabetica,,alfabetica,,./dados/2024_1/horarios_2024_1.xlsx,./dados/2024_1/salas_2024_1.csv,./dados/2024_1/salas_preferenciais_2024.1.xlsx,/Users/robertdrey/Documents/workspace/development/alocador_de_salas,resultados/experimentos/2024_1/novas_hibridas/progr_2_depois_dia_turno/melhor_solucao.sol,resultados/experimentos/2024_1/novas_hibridas/progr_2_depois_dia_turno/historico.csv,resultados/experimentos/2024_1/novas_hibridas/progr_2_depois_dia_turno/historico.json,curso -> par_cursos -> dia_turno_curso,progressiva,alfabetica,,alfabetica,,alfabetica,,180.0,1,180.0,600.0,1,0,TEMPO_TOTAL,1,EAS,FIL,44
1,5,45,par_cursos,EAS+GEO,55,9522,85468,OPTIMAL,185295.5,185295.5,False,185295.5,0.63,0.33,600.0,,alfabetica,,,2,par_cursos,3,True,TEMPO_TOTAL,iteracao,cursos_progr_ate_2_dia_turno_curso,180.0,180.0,600.0,14400.0,False,False,alfabetica,,alfabetica,,./dados/2024_1/horarios_2024_1.xlsx,./dados/2024_1/salas_2024_1.csv,./dados/2024_1/salas_preferenciais_2024.1.xlsx,/Users/robertdrey/Documents/workspace/development/alocador_de_salas,resultados/experimentos/2024_1/novas_hibridas/progr_2_depois_dia_turno/melhor_solucao.sol,resultados/experimentos/2024_1/novas_hibridas/progr_2_depois_dia_turno/historico.csv,resultados/experimentos/2024_1/novas_hibridas/progr_2_depois_dia_turno/historico.json,curso -> par_cursos -> dia_turno_curso,progressiva,alfabetica,,alfabetica,,alfabetica,,180.0,1,180.0,600.0,1,0,TEMPO_TOTAL,1,EAS,GEO,45
1,5,46,par_cursos,EAS+HIS,69,12236,82754,OPTIMAL,185295.5,185295.5,False,185295.5,0.87,0.56,600.0,,alfabetica,,,2,par_cursos,3,True,TEMPO_TOTAL,iteracao,cursos_progr_ate_2_dia_turno_curso,180.0,180.0,600.0,14400.0,False,False,alfabetica,,alfabetica,,./dados/2024_1/horarios_2024_1.xlsx,./dados/2024_1/salas_2024_1.csv,./dados/2024_1/salas_preferenciais_2024.1.xlsx,/Users/robertdrey/Documents/workspace/development/alocador_de_salas,resultados/experimentos/2024_1/novas_hibridas/progr_2_depois_dia_turno/melhor_solucao.sol,resultados/experimentos/2024_1/novas_hibridas/progr_2_depois_dia_turno/historico.csv,resultados/experimentos/2024_1/novas_hibridas/progr_2_depois_dia_turno/historico.json,curso -> par_cursos -> dia_turno_curso,progressiva,alfabetica,,alfabetica,,alfabetica,,180.0,1,180.0,600.0,1,0,TEMPO_TOTAL,1,EAS,HIS,46
1,5,47,par_cursos,EAS+LET,81,16606,78384,OPTIMAL,185295.5,185295.5,False,185295.5,2.65,2.32,600.0,,alfabetica,,,2,par_cursos,3,True,TEMPO_TOTAL,iteracao,cursos_progr_ate_2_dia_turno_curso,180.0,180.0,600.0,14400.0,False,False,alfabetica,,alfabetica,,./dados/2024_1/horarios_2024_1.xlsx,./dados/2024_1/salas_2024_1.csv,./dados/2024_1/salas_preferenciais_2024.1.xlsx,/Users/robertdrey/Documents/workspace/development/alocador_de_salas,resultados/experimentos/2024_1/novas_hibridas/progr_2_depois_dia_turno/melhor_solucao.sol,resultados/experimentos/2024_1/novas_hibridas/progr_2_depois_dia_turno/historico.csv,resultados/experimentos/2024_1/novas_hibridas/progr_2_depois_dia_turno/historico.json,curso -> par_cursos -> dia_turno_curso,progressiva,alfabetica,,alfabetica,,alfabetica,,180.0,1,180.0,600.0,1,0,TEMPO_TOTAL,1,EAS,LET,47
1,5,48,par_cursos,EAS+MAT,68,12420,82570,OPTIMAL,185295.5,185295.5,False,185295.5,1.53,1.2,600.0,,alfabetica,,,2,par_cursos,3,True,TEMPO_TOTAL,iteracao,cursos_progr_ate_2_dia_turno_curso,180.0,180.0,600.0,14400.0,False,False,alfabetica,,alfabetica,,./dados/2024_1/horarios_2024_1.xlsx,./dados/2024_1/salas_2024_1.csv,./dados/2024_1/salas_preferenciais_2024.1.xlsx,/Users/robertdrey/Documents/workspace/development/alocador_de_salas,resultados/experimentos/2024_1/novas_hibridas/progr_2_depois_dia_turno/melhor_solucao.sol,resultados/experimentos/2024_1/novas_hibridas/progr_2_depois_dia_turno/historico.csv,resultados/experimentos/2024_1/novas_hibridas/progr_2_depois_dia_turno/historico.json,curso -> par_cursos -> dia_turno_curso,progressiva,alfabetica,,alfabetica,,alfabetica,,180.0,1,180.0,600.0,1,0,TEMPO_TOTAL,1,EAS,MAT,48
1,5,49,par_cursos,EAS+MED,86,16836,78154,OPTIMAL,185295.5,185295.5,False,185295.5,2.12,1.76,600.0,,alfabetica,,,2,par_cursos,3,True,TEMPO_TOTAL,iteracao,cursos_progr_ate_2_dia_turno_curso,180.0,180.0,600.0,14400.0,False,False,alfabetica,,alfabetica,,./dados/2024_1/horarios_2024_1.xlsx,./dados/2024_1/salas_2024_1.csv,./dados/2024_1/salas_preferenciais_2024.1.xlsx,/Users/robertdrey/Documents/workspace/development/alocador_de_salas,resultados/experimentos/2024_1/novas_hibridas/progr_2_depois_dia_turno/melhor_solucao.sol,resultados/experimentos/2024_1/novas_hibridas/progr_2_depois_dia_turno/historico.csv,resultados/experimentos/2024_1/novas_hibridas/progr_2_depois_dia_turno/historico.json,curso -> par_cursos -> dia_turno_curso,progressiva,alfabetica,,alfabetica,,alfabetica,,180.0,1,180.0,600.0,1,0,TEMPO_TOTAL,1,EAS,MED,49
1,5,50,par_cursos,EAS+PED,101,20240,74750,OPTIMAL,185295.5,185295.5,False,185295.5,34.39,34.07,600.0,,alfabetica,,,2,par_cursos,3,True,TEMPO_TOTAL,iteracao,cursos_progr_ate_2_dia_turno_curso,180.0,180.0,600.0,14400.0,False,False,alfabetica,,alfabetica,,./dados/2024_1/horarios_2024_1.xlsx,./dados/2024_1/salas_2024_1.csv,./dados/2024_1/salas_preferenciais_2024.1.xlsx,/Users/robertdrey/Documents/workspace/development/alocador_de_salas,resultados/experimentos/2024_1/novas_hibridas/progr_2_depois_dia_turno/melhor_solucao.sol,resultados/experimentos/2024_1/novas_hibridas/progr_2_depois_dia_turno/historico.csv,resultados/experimentos/2024_1/novas_hibridas/progr_2_depois_dia_turno/historico.json,curso -> par_cursos -> dia_turno_curso,progressiva,alfabetica,,alfabetica,,alfabetica,,180.0,1,180.0,600.0,1,0,TEMPO_TOTAL,1,EAS,PED,50
1,5,51,par_cursos,ENF+FIL,33,11270,83720,OPTIMAL,185295.5,185295.5,False,185295.5,2.29,1.96,600.0,,alfabetica,,,2,par_cursos,3,True,TEMPO_TOTAL,iteracao,cursos_progr_ate_2_dia_turno_curso,180.0,180.0,600.0,14400.0,False,False,alfabetica,,alfabetica,,./dados/2024_1/horarios_2024_1.xlsx,./dados/2024_1/salas_2024_1.csv,./dados/2024_1/salas_preferenciais_2024.1.xlsx,/Users/robertdrey/Documents/workspace/development/alocador_de_salas,resultados/experimentos/2024_1/novas_hibridas/progr_2_depois_dia_turno/melhor_solucao.sol,resultados/experimentos/2024_1/novas_hibridas/progr_2_depois_dia_turno/historico.csv,resultados/experimentos/2024_1/novas_hibridas/progr_2_depois_dia_turno/historico.json,curso -> par_cursos -> dia_turno_curso,progressiva,alfabetica,,alfabetica,,alfabetica,,180.0,1,180.0,600.0,1,0,TEMPO_TOTAL,1,ENF,FIL,51
1,5,52,par_cursos,ENF+GEO,28,10580,84410,OPTIMAL,185295.5,185295.5,False,185295.5,1.86,1.52,600.0,,alfabetica,,,2,par_cursos,3,True,TEMPO_TOTAL,iteracao,cursos_progr_ate_2_dia_turno_curso,180.0,180.0,600.0,14400.0,False,False,alfabetica,,alfabetica,,./dados/2024_1/horarios_2024_1.xlsx,./dados/2024_1/salas_2024_1.csv,./dados/2024_1/salas_preferenciais_2024.1.xlsx,/Users/robertdrey/Documents/workspace/development/alocador_de_salas,resultados/experimentos/2024_1/novas_hibridas/progr_2_depois_dia_turno/melhor_solucao.sol,resultados/experimentos/2024_1/novas_hibridas/progr_2_depois_dia_turno/historico.csv,resultados/experimentos/2024_1/novas_hibridas/progr_2_depois_dia_turno/historico.json,curso -> par_cursos -> dia_turno_curso,progressiva,alfabetica,,alfabetica,,alfabetica,,180.0,1,180.0,600.0,1,0,TEMPO_TOTAL,1,ENF,GEO,52
1,5,53,par_cursos,ENF+HIS,42,13294,81696,OPTIMAL,185295.5,185295.5,False,185295.5,2.48,2.13,600.0,,alfabetica,,,2,par_cursos,3,True,TEMPO_TOTAL,iteracao,cursos_progr_ate_2_dia_turno_curso,180.0,180.0,600.0,14400.0,False,False,alfabetica,,alfabetica,,./dados/2024_1/horarios_2024_1.xlsx,./dados/2024_1/salas_2024_1.csv,./dados/2024_1/salas_preferenciais_2024.1.xlsx,/Users/robertdrey/Documents/workspace/development/alocador_de_salas,resultados/experimentos/2024_1/novas_hibridas/progr_2_depois_dia_turno/melhor_solucao.sol,resultados/experimentos/2024_1/novas_hibridas/progr_2_depois_dia_turno/historico.csv,resultados/experimentos/2024_1/novas_hibridas/progr_2_depois_dia_turno/historico.json,curso -> par_cursos -> dia_turno_curso,progressiva,alfabetica,,alfabetica,,alfabetica,,180.0,1,180.0,600.0,1,0,TEMPO_TOTAL,1,ENF,HIS,53
1,5,54,par_cursos,ENF+LET,54,17664,77326,OPTIMAL,185295.5,185280.5,True,185280.5,8.21,7.85,600.0,,alfabetica,,,2,par_cursos,3,True,TEMPO_TOTAL,iteracao,cursos_progr_ate_2_dia_turno_curso,180.0,180.0,600.0,14400.0,False,False,alfabetica,,alfabetica,,./dados/2024_1/horarios_2024_1.xlsx,./dados/2024_1/salas_2024_1.csv,./dados/2024_1/salas_preferenciais_2024.1.xlsx,/Users/robertdrey/Documents/workspace/development/alocador_de_salas,resultados/experimentos/2024_1/novas_hibridas/progr_2_depois_dia_turno/melhor_solucao.sol,resultados/experimentos/2024_1/novas_hibridas/progr_2_depois_dia_turno/historico.csv,resultados/experimentos/2024_1/novas_hibridas/progr_2_depois_dia_turno/historico.json,curso -> par_cursos -> dia_turno_curso,progressiva,alfabetica,,alfabetica,,alfabetica,,180.0,1,180.0,600.0,1,0,TEMPO_TOTAL,1,ENF,LET,54
1,5,55,par_cursos,ENF+MAT,41,13478,81512,OPTIMAL,185280.5,185280.5,False,185280.5,1.94,1.6,600.0,,alfabetica,,,2,par_cursos,3,True,TEMPO_TOTAL,iteracao,cursos_progr_ate_2_dia_turno_curso,180.0,180.0,600.0,14400.0,False,False,alfabetica,,alfabetica,,./dados/2024_1/horarios_2024_1.xlsx,./dados/2024_1/salas_2024_1.csv,./dados/2024_1/salas_preferenciais_2024.1.xlsx,/Users/robertdrey/Documents/workspace/development/alocador_de_salas,resultados/experimentos/2024_1/novas_hibridas/progr_2_depois_dia_turno/melhor_solucao.sol,resultados/experimentos/2024_1/novas_hibridas/progr_2_depois_dia_turno/historico.csv,resultados/experimentos/2024_1/novas_hibridas/progr_2_depois_dia_turno/historico.json,curso -> par_cursos -> dia_turno_curso,progressiva,alfabetica,,alfabetica,,alfabetica,,180.0,1,180.0,600.0,1,0,TEMPO_TOTAL,1,ENF,MAT,55
1,5,56,par_cursos,ENF+MED,59,17894,77096,OPTIMAL,185280.5,185280.5,False,185280.5,26.8,26.46,600.0,,alfabetica,,,2,par_cursos,3,True,TEMPO_TOTAL,iteracao,cursos_progr_ate_2_dia_turno_curso,180.0,180.0,600.0,14400.0,False,False,alfabetica,,alfabetica,,./dados/2024_1/horarios_2024_1.xlsx,./dados/2024_1/salas_2024_1.csv,./dados/2024_1/salas_preferenciais_2024.1.xlsx,/Users/robertdrey/Documents/workspace/development/alocador_de_salas,resultados/experimentos/2024_1/novas_hibridas/progr_2_depois_dia_turno/melhor_solucao.sol,resultados/experimentos/2024_1/novas_hibridas/progr_2_depois_dia_turno/historico.csv,resultados/experimentos/2024_1/novas_hibridas/progr_2_depois_dia_turno/historico.json,curso -> par_cursos -> dia_turno_curso,progressiva,alfabetica,,alfabetica,,alfabetica,,180.0,1,180.0,600.0,1,0,TEMPO_TOTAL,1,ENF,MED,56
1,5,57,par_cursos,ENF+PED,74,21298,73692,OPTIMAL,185280.5,185280.5,False,185280.5,193.66,193.34,600.0,,alfabetica,,,2,par_cursos,3,True,TEMPO_TOTAL,iteracao,cursos_progr_ate_2_dia_turno_curso,180.0,180.0,600.0,14400.0,False,False,alfabetica,,alfabetica,,./dados/2024_1/horarios_2024_1.xlsx,./dados/2024_1/salas_2024_1.csv,./dados/2024_1/salas_preferenciais_2024.1.xlsx,/Users/robertdrey/Documents/workspace/development/alocador_de_salas,resultados/experimentos/2024_1/novas_hibridas/progr_2_depois_dia_turno/melhor_solucao.sol,resultados/experimentos/2024_1/novas_hibridas/progr_2_depois_dia_turno/historico.csv,resultados/experimentos/2024_1/novas_hibridas/progr_2_depois_dia_turno/historico.json,curso -> par_cursos -> dia_turno_curso,progressiva,alfabetica,,alfabetica,,alfabetica,,180.0,1,180.0,600.0,1,0,TEMPO_TOTAL,1,ENF,PED,57
1,5,58,par_cursos,FIL+GEO,25,4830,90160,OPTIMAL,185280.5,185280.5,False,185280.5,0.6,0.29,600.0,,alfabetica,,,2,par_cursos,3,True,TEMPO_TOTAL,iteracao,cursos_progr_ate_2_dia_turno_curso,180.0,180.0,600.0,14400.0,False,False,alfabetica,,alfabetica,,./dados/2024_1/horarios_2024_1.xlsx,./dados/2024_1/salas_2024_1.csv,./dados/2024_1/salas_preferenciais_2024.1.xlsx,/Users/robertdrey/Documents/workspace/development/alocador_de_salas,resultados/experimentos/2024_1/novas_hibridas/progr_2_depois_dia_turno/melhor_solucao.sol,resultados/experimentos/2024_1/novas_hibridas/progr_2_depois_dia_turno/historico.csv,resultados/experimentos/2024_1/novas_hibridas/progr_2_depois_dia_turno/historico.json,curso -> par_cursos -> dia_turno_curso,progressiva,alfabetica,,alfabetica,,alfabetica,,180.0,1,180.0,600.0,1,0,TEMPO_TOTAL,1,FIL,GEO,58
1,5,59,par_cursos,FIL+HIS,39,7544,87446,OPTIMAL,185280.5,185280.5,False,185280.5,0.7,0.39,600.0,,alfabetica,,,2,par_cursos,3,True,TEMPO_TOTAL,iteracao,cursos_progr_ate_2_dia_turno_curso,180.0,180.0,600.0,14400.0,False,False,alfabetica,,alfabetica,,./dados/2024_1/horarios_2024_1.xlsx,./dados/2024_1/salas_2024_1.csv,./dados/2024_1/salas_preferenciais_2024.1.xlsx,/Users/robertdrey/Documents/workspace/development/alocador_de_salas,resultados/experimentos/2024_1/novas_hibridas/progr_2_depois_dia_turno/melhor_solucao.sol,resultados/experimentos/2024_1/novas_hibridas/progr_2_depois_dia_turno/historico.csv,resultados/experimentos/2024_1/novas_hibridas/progr_2_depois_dia_turno/historico.json,curso -> par_cursos -> dia_turno_curso,progressiva,alfabetica,,alfabetica,,alfabetica,,180.0,1,180.0,600.0,1,0,TEMPO_TOTAL,1,FIL,HIS,59
1,5,60,par_cursos,FIL+LET,51,11914,83076,OPTIMAL,185280.5,185280.5,False,185280.5,2.95,2.64,600.0,,alfabetica,,,2,par_cursos,3,True,TEMPO_TOTAL,iteracao,cursos_progr_ate_2_dia_turno_curso,180.0,180.0,600.0,14400.0,False,False,alfabetica,,alfabetica,,./dados/2024_1/horarios_2024_1.xlsx,./dados/2024_1/salas_2024_1.csv,./dados/2024_1/salas_preferenciais_2024.1.xlsx,/Users/robertdrey/Documents/workspace/development/alocador_de_salas,resultados/experimentos/2024_1/novas_hibridas/progr_2_depois_dia_turno/melhor_solucao.sol,resultados/experimentos/2024_1/novas_hibridas/progr_2_depois_dia_turno/historico.csv,resultados/experimentos/2024_1/novas_hibridas/progr_2_depois_dia_turno/historico.json,curso -> par_cursos -> dia_turno_curso,progressiva,alfabetica,,alfabetica,,alfabetica,,180.0,1,180.0,600.0,1,0,TEMPO_TOTAL,1,FIL,LET,60
1,5,61,par_cursos,FIL+MAT,38,7728,87262,OPTIMAL,185280.5,185280.5,False,185280.5,0.69,0.38,600.0,,alfabetica,,,2,par_cursos,3,True,TEMPO_TOTAL,iteracao,cursos_progr_ate_2_dia_turno_curso,180.0,180.0,600.0,14400.0,False,False,alfabetica,,alfabetica,,./dados/2024_1/horarios_2024_1.xlsx,./dados/2024_1/salas_2024_1.csv,./dados/2024_1/salas_preferenciais_2024.1.xlsx,/Users/robertdrey/Documents/workspace/development/alocador_de_salas,resultados/experimentos/2024_1/novas_hibridas/progr_2_depois_dia_turno/melhor_solucao.sol,resultados/experimentos/2024_1/novas_hibridas/progr_2_depois_dia_turno/historico.csv,resultados/experimentos/2024_1/novas_hibridas/progr_2_depois_dia_turno/historico.json,curso -> par_cursos -> dia_turno_curso,progressiva,alfabetica,,alfabetica,,alfabetica,,180.0,1,180.0,600.0,1,0,TEMPO_TOTAL,1,FIL,MAT,61
1,5,62,par_cursos,FIL+MED,56,12144,82846,OPTIMAL,185280.5,185280.5,False,185280.5,0.99,0.68,600.0,,alfabetica,,,2,par_cursos,3,True,TEMPO_TOTAL,iteracao,cursos_progr_ate_2_dia_turno_curso,180.0,180.0,600.0,14400.0,False,False,alfabetica,,alfabetica,,./dados/2024_1/horarios_2024_1.xlsx,./dados/2024_1/salas_2024_1.csv,./dados/2024_1/salas_preferenciais_2024.1.xlsx,/Users/robertdrey/Documents/workspace/development/alocador_de_salas,resultados/experimentos/2024_1/novas_hibridas/progr_2_depois_dia_turno/melhor_solucao.sol,resultados/experimentos/2024_1/novas_hibridas/progr_2_depois_dia_turno/historico.csv,resultados/experimentos/2024_1/novas_hibridas/progr_2_depois_dia_turno/historico.json,curso -> par_cursos -> dia_turno_curso,progressiva,alfabetica,,alfabetica,,alfabetica,,180.0,1,180.0,600.0,1,0,TEMPO_TOTAL,1,FIL,MED,62
1,5,63,par_cursos,FIL+PED,71,15548,79442,OPTIMAL,185280.5,185280.5,False,185280.5,31.4,31.09,600.0,,alfabetica,,,2,par_cursos,3,True,TEMPO_TOTAL,iteracao,cursos_progr_ate_2_dia_turno_curso,180.0,180.0,600.0,14400.0,False,False,alfabetica,,alfabetica,,./dados/2024_1/horarios_2024_1.xlsx,./dados/2024_1/salas_2024_1.csv,./dados/2024_1/salas_preferenciais_2024.1.xlsx,/Users/robertdrey/Documents/workspace/development/alocador_de_salas,resultados/experimentos/2024_1/novas_hibridas/progr_2_depois_dia_turno/melhor_solucao.sol,resultados/experimentos/2024_1/novas_hibridas/progr_2_depois_dia_turno/historico.csv,resultados/experimentos/2024_1/novas_hibridas/progr_2_depois_dia_turno/historico.json,curso -> par_cursos -> dia_turno_curso,progressiva,alfabetica,,alfabetica,,alfabetica,,180.0,1,180.0,600.0,1,0,TEMPO_TOTAL,1,FIL,PED,63
1,5,64,par_cursos,GEO+HIS,34,6854,88136,OPTIMAL,185280.5,185280.5,False,185280.5,0.67,0.35,600.0,,alfabetica,,,2,par_cursos,3,True,TEMPO_TOTAL,iteracao,cursos_progr_ate_2_dia_turno_curso,180.0,180.0,600.0,14400.0,False,False,alfabetica,,alfabetica,,./dados/2024_1/horarios_2024_1.xlsx,./dados/2024_1/salas_2024_1.csv,./dados/2024_1/salas_preferenciais_2024.1.xlsx,/Users/robertdrey/Documents/workspace/development/alocador_de_salas,resultados/experimentos/2024_1/novas_hibridas/progr_2_depois_dia_turno/melhor_solucao.sol,resultados/experimentos/2024_1/novas_hibridas/progr_2_depois_dia_turno/historico.csv,resultados/experimentos/2024_1/novas_hibridas/progr_2_depois_dia_turno/historico.json,curso -> par_cursos -> dia_turno_curso,progressiva,alfabetica,,alfabetica,,alfabetica,,180.0,1,180.0,600.0,1,0,TEMPO_TOTAL,1,GEO,HIS,64
1,5,65,par_cursos,GEO+LET,46,11224,83766,OPTIMAL,185280.5,185271.5,True,185271.5,1.85,1.53,600.0,,alfabetica,,,2,par_cursos,3,True,TEMPO_TOTAL,iteracao,cursos_progr_ate_2_dia_turno_curso,180.0,180.0,600.0,14400.0,False,False,alfabetica,,alfabetica,,./dados/2024_1/horarios_2024_1.xlsx,./dados/2024_1/salas_2024_1.csv,./dados/2024_1/salas_preferenciais_2024.1.xlsx,/Users/robertdrey/Documents/workspace/development/alocador_de_salas,resultados/experimentos/2024_1/novas_hibridas/progr_2_depois_dia_turno/melhor_solucao.sol,resultados/experimentos/2024_1/novas_hibridas/progr_2_depois_dia_turno/historico.csv,resultados/experimentos/2024_1/novas_hibridas/progr_2_depois_dia_turno/historico.json,curso -> par_cursos -> dia_turno_curso,progressiva,alfabetica,,alfabetica,,alfabetica,,180.0,1,180.0,600.0,1,0,TEMPO_TOTAL,1,GEO,LET,65
1,5,66,par_cursos,GEO+MAT,33,7038,87952,OPTIMAL,185271.5,185271.5,False,185271.5,0.69,0.37,600.0,,alfabetica,,,2,par_cursos,3,True,TEMPO_TOTAL,iteracao,cursos_progr_ate_2_dia_turno_curso,180.0,180.0,600.0,14400.0,False,False,alfabetica,,alfabetica,,./dados/2024_1/horarios_2024_1.xlsx,./dados/2024_1/salas_2024_1.csv,./dados/2024_1/salas_preferenciais_2024.1.xlsx,/Users/robertdrey/Documents/workspace/development/alocador_de_salas,resultados/experimentos/2024_1/novas_hibridas/progr_2_depois_dia_turno/melhor_solucao.sol,resultados/experimentos/2024_1/novas_hibridas/progr_2_depois_dia_turno/historico.csv,resultados/experimentos/2024_1/novas_hibridas/progr_2_depois_dia_turno/historico.json,curso -> par_cursos -> dia_turno_curso,progressiva,alfabetica,,alfabetica,,alfabetica,,180.0,1,180.0,600.0,1,0,TEMPO_TOTAL,1,GEO,MAT,66
1,5,67,par_cursos,GEO+MED,51,11454,83536,OPTIMAL,185271.5,185271.5,False,185271.5,0.93,0.62,600.0,,alfabetica,,,2,par_cursos,3,True,TEMPO_TOTAL,iteracao,cursos_progr_ate_2_dia_turno_curso,180.0,180.0,600.0,14400.0,False,False,alfabetica,,alfabetica,,./dados/2024_1/horarios_2024_1.xlsx,./dados/2024_1/salas_2024_1.csv,./dados/2024_1/salas_preferenciais_2024.1.xlsx,/Users/robertdrey/Documents/workspace/development/alocador_de_salas,resultados/experimentos/2024_1/novas_hibridas/progr_2_depois_dia_turno/melhor_solucao.sol,resultados/experimentos/2024_1/novas_hibridas/progr_2_depois_dia_turno/historico.csv,resultados/experimentos/2024_1/novas_hibridas/progr_2_depois_dia_turno/historico.json,curso -> par_cursos -> dia_turno_curso,progressiva,alfabetica,,alfabetica,,alfabetica,,180.0,1,180.0,600.0,1,0,TEMPO_TOTAL,1,GEO,MED,67
1,5,68,par_cursos,GEO+PED,66,14858,80132,OPTIMAL,185271.5,185271.5,False,185271.5,29.49,29.18,600.0,,alfabetica,,,2,par_cursos,3,True,TEMPO_TOTAL,iteracao,cursos_progr_ate_2_dia_turno_curso,180.0,180.0,600.0,14400.0,False,False,alfabetica,,alfabetica,,./dados/2024_1/horarios_2024_1.xlsx,./dados/2024_1/salas_2024_1.csv,./dados/2024_1/salas_preferenciais_2024.1.xlsx,/Users/robertdrey/Documents/workspace/development/alocador_de_salas,resultados/experimentos/2024_1/novas_hibridas/progr_2_depois_dia_turno/melhor_solucao.sol,resultados/experimentos/2024_1/novas_hibridas/progr_2_depois_dia_turno/historico.csv,resultados/experimentos/2024_1/novas_hibridas/progr_2_depois_dia_turno/historico.json,curso -> par_cursos -> dia_turno_curso,progressiva,alfabetica,,alfabetica,,alfabetica,,180.0,1,180.0,600.0,1,0,TEMPO_TOTAL,1,GEO,PED,68
1,5,69,par_cursos,HIS+LET,60,13938,81052,OPTIMAL,185271.5,185271.5,False,185271.5,2.92,2.6,600.0,,alfabetica,,,2,par_cursos,3,True,TEMPO_TOTAL,iteracao,cursos_progr_ate_2_dia_turno_curso,180.0,180.0,600.0,14400.0,False,False,alfabetica,,alfabetica,,./dados/2024_1/horarios_2024_1.xlsx,./dados/2024_1/salas_2024_1.csv,./dados/2024_1/salas_preferenciais_2024.1.xlsx,/Users/robertdrey/Documents/workspace/development/alocador_de_salas,resultados/experimentos/2024_1/novas_hibridas/progr_2_depois_dia_turno/melhor_solucao.sol,resultados/experimentos/2024_1/novas_hibridas/progr_2_depois_dia_turno/historico.csv,resultados/experimentos/2024_1/novas_hibridas/progr_2_depois_dia_turno/historico.json,curso -> par_cursos -> dia_turno_curso,progressiva,alfabetica,,alfabetica,,alfabetica,,180.0,1,180.0,600.0,1,0,TEMPO_TOTAL,1,HIS,LET,69
1,5,70,par_cursos,HIS+MAT,47,9752,85238,OPTIMAL,185271.5,185257.0,True,185257.0,0.82,0.51,600.0,,alfabetica,,,2,par_cursos,3,True,TEMPO_TOTAL,iteracao,cursos_progr_ate_2_dia_turno_curso,180.0,180.0,600.0,14400.0,False,False,alfabetica,,alfabetica,,./dados/2024_1/horarios_2024_1.xlsx,./dados/2024_1/salas_2024_1.csv,./dados/2024_1/salas_preferenciais_2024.1.xlsx,/Users/robertdrey/Documents/workspace/development/alocador_de_salas,resultados/experimentos/2024_1/novas_hibridas/progr_2_depois_dia_turno/melhor_solucao.sol,resultados/experimentos/2024_1/novas_hibridas/progr_2_depois_dia_turno/historico.csv,resultados/experimentos/2024_1/novas_hibridas/progr_2_depois_dia_turno/historico.json,curso -> par_cursos -> dia_turno_curso,progressiva,alfabetica,,alfabetica,,alfabetica,,180.0,1,180.0,600.0,1,0,TEMPO_TOTAL,1,HIS,MAT,70
1,5,71,par_cursos,HIS+MED,65,14168,80822,OPTIMAL,185257.0,185257.0,False,185257.0,1.1,0.78,600.0,,alfabetica,,,2,par_cursos,3,True,TEMPO_TOTAL,iteracao,cursos_progr_ate_2_dia_turno_curso,180.0,180.0,600.0,14400.0,False,False,alfabetica,,alfabetica,,./dados/2024_1/horarios_2024_1.xlsx,./dados/2024_1/salas_2024_1.csv,./dados/2024_1/salas_preferenciais_2024.1.xlsx,/Users/robertdrey/Documents/workspace/development/alocador_de_salas,resultados/experimentos/2024_1/novas_hibridas/progr_2_depois_dia_turno/melhor_solucao.sol,resultados/experimentos/2024_1/novas_hibridas/progr_2_depois_dia_turno/historico.csv,resultados/experimentos/2024_1/novas_hibridas/progr_2_depois_dia_turno/historico.json,curso -> par_cursos -> dia_turno_curso,progressiva,alfabetica,,alfabetica,,alfabetica,,180.0,1,180.0,600.0,1,0,TEMPO_TOTAL,1,HIS,MED,71
1,5,72,par_cursos,HIS+PED,80,17572,77418,OPTIMAL,185257.0,185257.0,False,185257.0,19.66,19.33,600.0,,alfabetica,,,2,par_cursos,3,True,TEMPO_TOTAL,iteracao,cursos_progr_ate_2_dia_turno_curso,180.0,180.0,600.0,14400.0,False,False,alfabetica,,alfabetica,,./dados/2024_1/horarios_2024_1.xlsx,./dados/2024_1/salas_2024_1.csv,./dados/2024_1/salas_preferenciais_2024.1.xlsx,/Users/robertdrey/Documents/workspace/development/alocador_de_salas,resultados/experimentos/2024_1/novas_hibridas/progr_2_depois_dia_turno/melhor_solucao.sol,resultados/experimentos/2024_1/novas_hibridas/progr_2_depois_dia_turno/historico.csv,resultados/experimentos/2024_1/novas_hibridas/progr_2_depois_dia_turno/historico.json,curso -> par_cursos -> dia_turno_curso,progressiva,alfabetica,,alfabetica,,alfabetica,,180.0,1,180.0,600.0,1,0,TEMPO_TOTAL,1,HIS,PED,72
1,5,73,par_cursos,LET+MAT,59,14122,80868,OPTIMAL,185257.0,185257.0,False,185257.0,1.81,1.48,600.0,,alfabetica,,,2,par_cursos,3,True,TEMPO_TOTAL,iteracao,cursos_progr_ate_2_dia_turno_curso,180.0,180.0,600.0,14400.0,False,False,alfabetica,,alfabetica,,./dados/2024_1/horarios_2024_1.xlsx,./dados/2024_1/salas_2024_1.csv,./dados/2024_1/salas_preferenciais_2024.1.xlsx,/Users/robertdrey/Documents/workspace/development/alocador_de_salas,resultados/experimentos/2024_1/novas_hibridas/progr_2_depois_dia_turno/melhor_solucao.sol,resultados/experimentos/2024_1/novas_hibridas/progr_2_depois_dia_turno/historico.csv,resultados/experimentos/2024_1/novas_hibridas/progr_2_depois_dia_turno/historico.json,curso -> par_cursos -> dia_turno_curso,progressiva,alfabetica,,alfabetica,,alfabetica,,180.0,1,180.0,600.0,1,0,TEMPO_TOTAL,1,LET,MAT,73
1,5,74,par_cursos,LET+MED,77,18538,76452,OPTIMAL,185257.0,185257.0,False,185257.0,1.69,1.38,600.0,,alfabetica,,,2,par_cursos,3,True,TEMPO_TOTAL,iteracao,cursos_progr_ate_2_dia_turno_curso,180.0,180.0,600.0,14400.0,False,False,alfabetica,,alfabetica,,./dados/2024_1/horarios_2024_1.xlsx,./dados/2024_1/salas_2024_1.csv,./dados/2024_1/salas_preferenciais_2024.1.xlsx,/Users/robertdrey/Documents/workspace/development/alocador_de_salas,resultados/experimentos/2024_1/novas_hibridas/progr_2_depois_dia_turno/melhor_solucao.sol,resultados/experimentos/2024_1/novas_hibridas/progr_2_depois_dia_turno/historico.csv,resultados/experimentos/2024_1/novas_hibridas/progr_2_depois_dia_turno/historico.json,curso -> par_cursos -> dia_turno_curso,progressiva,alfabetica,,alfabetica,,alfabetica,,180.0,1,180.0,600.0,1,0,TEMPO_TOTAL,1,LET,MED,74
1,5,75,par_cursos,LET+PED,92,21942,73048,OPTIMAL,185257.0,185257.0,False,185257.0,34.03,33.7,600.0,,alfabetica,,,2,par_cursos,3,True,TEMPO_TOTAL,iteracao,cursos_progr_ate_2_dia_turno_curso,180.0,180.0,600.0,14400.0,False,False,alfabetica,,alfabetica,,./dados/2024_1/horarios_2024_1.xlsx,./dados/2024_1/salas_2024_1.csv,./dados/2024_1/salas_preferenciais_2024.1.xlsx,/Users/robertdrey/Documents/workspace/development/alocador_de_salas,resultados/experimentos/2024_1/novas_hibridas/progr_2_depois_dia_turno/melhor_solucao.sol,resultados/experimentos/2024_1/novas_hibridas/progr_2_depois_dia_turno/historico.csv,resultados/experimentos/2024_1/novas_hibridas/progr_2_depois_dia_turno/historico.json,curso -> par_cursos -> dia_turno_curso,progressiva,alfabetica,,alfabetica,,alfabetica,,180.0,1,180.0,600.0,1,0,TEMPO_TOTAL,1,LET,PED,75
1,5,76,par_cursos,MAT+MED,64,14352,80638,OPTIMAL,185257.0,185257.0,False,185257.0,1.11,0.78,600.0,,alfabetica,,,2,par_cursos,3,True,TEMPO_TOTAL,iteracao,cursos_progr_ate_2_dia_turno_curso,180.0,180.0,600.0,14400.0,False,False,alfabetica,,alfabetica,,./dados/2024_1/horarios_2024_1.xlsx,./dados/2024_1/salas_2024_1.csv,./dados/2024_1/salas_preferenciais_2024.1.xlsx,/Users/robertdrey/Documents/workspace/development/alocador_de_salas,resultados/experimentos/2024_1/novas_hibridas/progr_2_depois_dia_turno/melhor_solucao.sol,resultados/experimentos/2024_1/novas_hibridas/progr_2_depois_dia_turno/historico.csv,resultados/experimentos/2024_1/novas_hibridas/progr_2_depois_dia_turno/historico.json,curso -> par_cursos -> dia_turno_curso,progressiva,alfabetica,,alfabetica,,alfabetica,,180.0,1,180.0,600.0,1,0,TEMPO_TOTAL,1,MAT,MED,76
1,5,77,par_cursos,MAT+PED,79,17756,77234,OPTIMAL,185257.0,185252.0,True,185252.0,23.73,23.42,600.0,,alfabetica,,,2,par_cursos,3,True,TEMPO_TOTAL,iteracao,cursos_progr_ate_2_dia_turno_curso,180.0,180.0,600.0,14400.0,False,False,alfabetica,,alfabetica,,./dados/2024_1/horarios_2024_1.xlsx,./dados/2024_1/salas_2024_1.csv,./dados/2024_1/salas_preferenciais_2024.1.xlsx,/Users/robertdrey/Documents/workspace/development/alocador_de_salas,resultados/experimentos/2024_1/novas_hibridas/progr_2_depois_dia_turno/melhor_solucao.sol,resultados/experimentos/2024_1/novas_hibridas/progr_2_depois_dia_turno/historico.csv,resultados/experimentos/2024_1/novas_hibridas/progr_2_depois_dia_turno/historico.json,curso -> par_cursos -> dia_turno_curso,progressiva,alfabetica,,alfabetica,,alfabetica,,180.0,1,180.0,600.0,1,0,TEMPO_TOTAL,1,MAT,PED,77
1,5,78,par_cursos,MED+PED,97,22172,72818,OPTIMAL,185252.0,185252.0,False,185252.0,52.32,52.0,600.0,,alfabetica,,,2,par_cursos,3,True,TEMPO_TOTAL,iteracao,cursos_progr_ate_2_dia_turno_curso,180.0,180.0,600.0,14400.0,False,False,alfabetica,,alfabetica,,./dados/2024_1/horarios_2024_1.xlsx,./dados/2024_1/salas_2024_1.csv,./dados/2024_1/salas_preferenciais_2024.1.xlsx,/Users/robertdrey/Documents/workspace/development/alocador_de_salas,resultados/experimentos/2024_1/novas_hibridas/progr_2_depois_dia_turno/melhor_solucao.sol,resultados/experimentos/2024_1/novas_hibridas/progr_2_depois_dia_turno/historico.csv,resultados/experimentos/2024_1/novas_hibridas/progr_2_depois_dia_turno/historico.json,curso -> par_cursos -> dia_turno_curso,progressiva,alfabetica,,alfabetica,,alfabetica,,180.0,1,180.0,600.0,1,0,TEMPO_TOTAL,1,MED,PED,78
1,6,1,par_cursos,ADM+AGRO,99,18032,76958,OPTIMAL,185252.0,185252.0,False,185252.0,11.41,11.09,600.0,,alfabetica,,,2,par_cursos,4,True,TEMPO_TOTAL,iteracao,cursos_progr_ate_2_dia_turno_curso,180.0,180.0,600.0,14400.0,False,False,alfabetica,,alfabetica,,./dados/2024_1/horarios_2024_1.xlsx,./dados/2024_1/salas_2024_1.csv,./dados/2024_1/salas_preferenciais_2024.1.xlsx,/Users/robertdrey/Documents/workspace/development/alocador_de_salas,resultados/experimentos/2024_1/novas_hibridas/progr_2_depois_dia_turno/melhor_solucao.sol,resultados/experimentos/2024_1/novas_hibridas/progr_2_depois_dia_turno/historico.csv,resultados/experimentos/2024_1/novas_hibridas/progr_2_depois_dia_turno/historico.json,curso -> par_cursos -> dia_turno_curso,progressiva,alfabetica,,alfabetica,,alfabetica,,180.0,1,180.0,600.0,1,0,TEMPO_TOTAL,1,ADM,AGRO,1
1,6,2,par_cursos,ADM+CC,95,19826,75164,OPTIMAL,185252.0,185252.0,False,185252.0,4.46,4.12,600.0,,alfabetica,,,2,par_cursos,4,True,TEMPO_TOTAL,iteracao,cursos_progr_ate_2_dia_turno_curso,180.0,180.0,600.0,14400.0,False,False,alfabetica,,alfabetica,,./dados/2024_1/horarios_2024_1.xlsx,./dados/2024_1/salas_2024_1.csv,./dados/2024_1/salas_preferenciais_2024.1.xlsx,/Users/robertdrey/Documents/workspace/development/alocador_de_salas,resultados/experimentos/2024_1/novas_hibridas/progr_2_depois_dia_turno/melhor_solucao.sol,resultados/experimentos/2024_1/novas_hibridas/progr_2_depois_dia_turno/historico.csv,resultados/experimentos/2024_1/novas_hibridas/progr_2_depois_dia_turno/historico.json,curso -> par_cursos -> dia_turno_curso,progressiva,alfabetica,,alfabetica,,alfabetica,,180.0,1,180.0,600.0,1,0,TEMPO_TOTAL,1,ADM,CC,2
1,6,3,par_cursos,ADM+CS,70,13846,81144,OPTIMAL,185252.0,185252.0,False,185252.0,1.19,0.86,600.0,,alfabetica,,,2,par_cursos,4,True,TEMPO_TOTAL,iteracao,cursos_progr_ate_2_dia_turno_curso,180.0,180.0,600.0,14400.0,False,False,alfabetica,,alfabetica,,./dados/2024_1/horarios_2024_1.xlsx,./dados/2024_1/salas_2024_1.csv,./dados/2024_1/salas_preferenciais_2024.1.xlsx,/Users/robertdrey/Documents/workspace/development/alocador_de_salas,resultados/experimentos/2024_1/novas_hibridas/progr_2_depois_dia_turno/melhor_solucao.sol,resultados/experimentos/2024_1/novas_hibridas/progr_2_depois_dia_turno/historico.csv,resultados/experimentos/2024_1/novas_hibridas/progr_2_depois_dia_turno/historico.json,curso -> par_cursos -> dia_turno_curso,progressiva,alfabetica,,alfabetica,,alfabetica,,180.0,1,180.0,600.0,1,0,TEMPO_TOTAL,1,ADM,CS,3
1,6,4,par_cursos,ADM+EAS,93,16744,78246,OPTIMAL,185252.0,185252.0,False,185252.0,1.34,1.02,600.0,,alfabetica,,,2,par_cursos,4,True,TEMPO_TOTAL,iteracao,cursos_progr_ate_2_dia_turno_curso,180.0,180.0,600.0,14400.0,False,False,alfabetica,,alfabetica,,./dados/2024_1/horarios_2024_1.xlsx,./dados/2024_1/salas_2024_1.csv,./dados/2024_1/salas_preferenciais_2024.1.xlsx,/Users/robertdrey/Documents/workspace/development/alocador_de_salas,resultados/experimentos/2024_1/novas_hibridas/progr_2_depois_dia_turno/melhor_solucao.sol,resultados/experimentos/2024_1/novas_hibridas/progr_2_depois_dia_turno/historico.csv,resultados/experimentos/2024_1/novas_hibridas/progr_2_depois_dia_turno/historico.json,curso -> par_cursos -> dia_turno_curso,progressiva,alfabetica,,alfabetica,,alfabetica,,180.0,1,180.0,600.0,1,0,TEMPO_TOTAL,1,ADM,EAS,4
1,6,5,par_cursos,ADM+ENF,66,17802,77188,OPTIMAL,185252.0,185252.0,False,185252.0,6.38,6.04,600.0,,alfabetica,,,2,par_cursos,4,True,TEMPO_TOTAL,iteracao,cursos_progr_ate_2_dia_turno_curso,180.0,180.0,600.0,14400.0,False,False,alfabetica,,alfabetica,,./dados/2024_1/horarios_2024_1.xlsx,./dados/2024_1/salas_2024_1.csv,./dados/2024_1/salas_preferenciais_2024.1.xlsx,/Users/robertdrey/Documents/workspace/development/alocador_de_salas,resultados/experimentos/2024_1/novas_hibridas/progr_2_depois_dia_turno/melhor_solucao.sol,resultados/experimentos/2024_1/novas_hibridas/progr_2_depois_dia_turno/historico.csv,resultados/experimentos/2024_1/novas_hibridas/progr_2_depois_dia_turno/historico.json,curso -> par_cursos -> dia_turno_curso,progressiva,alfabetica,,alfabetica,,alfabetica,,180.0,1,180.0,600.0,1,0,TEMPO_TOTAL,1,ADM,ENF,5
1,6,6,par_cursos,ADM+FIL,63,12052,82938,OPTIMAL,185252.0,185252.0,False,185252.0,0.99,0.65,600.0,,alfabetica,,,2,par_cursos,4,True,TEMPO_TOTAL,iteracao,cursos_progr_ate_2_dia_turno_curso,180.0,180.0,600.0,14400.0,False,False,alfabetica,,alfabetica,,./dados/2024_1/horarios_2024_1.xlsx,./dados/2024_1/salas_2024_1.csv,./dados/2024_1/salas_preferenciais_2024.1.xlsx,/Users/robertdrey/Documents/workspace/development/alocador_de_salas,resultados/experimentos/2024_1/novas_hibridas/progr_2_depois_dia_turno/melhor_solucao.sol,resultados/experimentos/2024_1/novas_hibridas/progr_2_depois_dia_turno/historico.csv,resultados/experimentos/2024_1/novas_hibridas/progr_2_depois_dia_turno/historico.json,curso -> par_cursos -> dia_turno_curso,progressiva,alfabetica,,alfabetica,,alfabetica,,180.0,1,180.0,600.0,1,0,TEMPO_TOTAL,1,ADM,FIL,6
1,6,7,par_cursos,ADM+GEO,58,11362,83628,OPTIMAL,185252.0,185252.0,False,185252.0,0.89,0.58,600.0,,alfabetica,,,2,par_cursos,4,True,TEMPO_TOTAL,iteracao,cursos_progr_ate_2_dia_turno_curso,180.0,180.0,600.0,14400.0,False,False,alfabetica,,alfabetica,,./dados/2024_1/horarios_2024_1.xlsx,./dados/2024_1/salas_2024_1.csv,./dados/2024_1/salas_preferenciais_2024.1.xlsx,/Users/robertdrey/Documents/workspace/development/alocador_de_salas,resultados/experimentos/2024_1/novas_hibridas/progr_2_depois_dia_turno/melhor_solucao.sol,resultados/experimentos/2024_1/novas_hibridas/progr_2_depois_dia_turno/historico.csv,resultados/experimentos/2024_1/novas_hibridas/progr_2_depois_dia_turno/historico.json,curso -> par_cursos -> dia_turno_curso,progressiva,alfabetica,,alfabetica,,alfabetica,,180.0,1,180.0,600.0,1,0,TEMPO_TOTAL,1,ADM,GEO,7
1,6,8,par_cursos,ADM+HIS,72,14076,80914,OPTIMAL,185252.0,185252.0,False,185252.0,1.07,0.76,600.0,,alfabetica,,,2,par_cursos,4,True,TEMPO_TOTAL,iteracao,cursos_progr_ate_2_dia_turno_curso,180.0,180.0,600.0,14400.0,False,False,alfabetica,,alfabetica,,./dados/2024_1/horarios_2024_1.xlsx,./dados/2024_1/salas_2024_1.csv,./dados/2024_1/salas_preferenciais_2024.1.xlsx,/Users/robertdrey/Documents/workspace/development/alocador_de_salas,resultados/experimentos/2024_1/novas_hibridas/progr_2_depois_dia_turno/melhor_solucao.sol,resultados/experimentos/2024_1/novas_hibridas/progr_2_depois_dia_turno/historico.csv,resultados/experimentos/2024_1/novas_hibridas/progr_2_depois_dia_turno/historico.json,curso -> par_cursos -> dia_turno_curso,progressiva,alfabetica,,alfabetica,,alfabetica,,180.0,1,180.0,600.0,1,0,TEMPO_TOTAL,1,ADM,HIS,8
1,6,9,par_cursos,ADM+LET,84,18446,76544,OPTIMAL,185252.0,185252.0,False,185252.0,4.31,3.98,600.0,,alfabetica,,,2,par_cursos,4,True,TEMPO_TOTAL,iteracao,cursos_progr_ate_2_dia_turno_curso,180.0,180.0,600.0,14400.0,False,False,alfabetica,,alfabetica,,./dados/2024_1/horarios_2024_1.xlsx,./dados/2024_1/salas_2024_1.csv,./dados/2024_1/salas_preferenciais_2024.1.xlsx,/Users/robertdrey/Documents/workspace/development/alocador_de_salas,resultados/experimentos/2024_1/novas_hibridas/progr_2_depois_dia_turno/melhor_solucao.sol,resultados/experimentos/2024_1/novas_hibridas/progr_2_depois_dia_turno/historico.csv,resultados/experimentos/2024_1/novas_hibridas/progr_2_depois_dia_turno/historico.json,curso -> par_cursos -> dia_turno_curso,progressiva,alfabetica,,alfabetica,,alfabetica,,180.0,1,180.0,600.0,1,0,TEMPO_TOTAL,1,ADM,LET,9
1,6,10,par_cursos,ADM+MAT,71,14260,80730,OPTIMAL,185252.0,185252.0,False,185252.0,1.09,0.76,600.0,,alfabetica,,,2,par_cursos,4,True,TEMPO_TOTAL,iteracao,cursos_progr_ate_2_dia_turno_curso,180.0,180.0,600.0,14400.0,False,False,alfabetica,,alfabetica,,./dados/2024_1/horarios_2024_1.xlsx,./dados/2024_1/salas_2024_1.csv,./dados/2024_1/salas_preferenciais_2024.1.xlsx,/Users/robertdrey/Documents/workspace/development/alocador_de_salas,resultados/experimentos/2024_1/novas_hibridas/progr_2_depois_dia_turno/melhor_solucao.sol,resultados/experimentos/2024_1/novas_hibridas/progr_2_depois_dia_turno/historico.csv,resultados/experimentos/2024_1/novas_hibridas/progr_2_depois_dia_turno/historico.json,curso -> par_cursos -> dia_turno_curso,progressiva,alfabetica,,alfabetica,,alfabetica,,180.0,1,180.0,600.0,1,0,TEMPO_TOTAL,1,ADM,MAT,10
1,6,11,par_cursos,ADM+MED,89,18676,76314,OPTIMAL,185252.0,185252.0,False,185252.0,1.58,1.27,600.0,,alfabetica,,,2,par_cursos,4,True,TEMPO_TOTAL,iteracao,cursos_progr_ate_2_dia_turno_curso,180.0,180.0,600.0,14400.0,False,False,alfabetica,,alfabetica,,./dados/2024_1/horarios_2024_1.xlsx,./dados/2024_1/salas_2024_1.csv,./dados/2024_1/salas_preferenciais_2024.1.xlsx,/Users/robertdrey/Documents/workspace/development/alocador_de_salas,resultados/experimentos/2024_1/novas_hibridas/progr_2_depois_dia_turno/melhor_solucao.sol,resultados/experimentos/2024_1/novas_hibridas/progr_2_depois_dia_turno/historico.csv,resultados/experimentos/2024_1/novas_hibridas/progr_2_depois_dia_turno/historico.json,curso -> par_cursos -> dia_turno_curso,progressiva,alfabetica,,alfabetica,,alfabetica,,180.0,1,180.0,600.0,1,0,TEMPO_TOTAL,1,ADM,MED,11
1,6,12,par_cursos,ADM+PED,104,22080,72910,TIME_LIMIT,185252.0,185252.0,False,185252.0,600.49,600.16,600.0,,alfabetica,,,2,par_cursos,4,True,TEMPO_TOTAL,iteracao,cursos_progr_ate_2_dia_turno_curso,180.0,180.0,600.0,14400.0,False,False,alfabetica,,alfabetica,,./dados/2024_1/horarios_2024_1.xlsx,./dados/2024_1/salas_2024_1.csv,./dados/2024_1/salas_preferenciais_2024.1.xlsx,/Users/robertdrey/Documents/workspace/development/alocador_de_salas,resultados/experimentos/2024_1/novas_hibridas/progr_2_depois_dia_turno/melhor_solucao.sol,resultados/experimentos/2024_1/novas_hibridas/progr_2_depois_dia_turno/historico.csv,resultados/experimentos/2024_1/novas_hibridas/progr_2_depois_dia_turno/historico.json,curso -> par_cursos -> dia_turno_curso,progressiva,alfabetica,,alfabetica,,alfabetica,,180.0,1,180.0,600.0,1,0,TEMPO_TOTAL,1,ADM,PED,12
1,6,13,par_cursos,AGRO+CC,98,19274,75716,OPTIMAL,185252.0,185252.0,False,185252.0,94.01,93.6,600.0,,alfabetica,,,2,par_cursos,4,True,TEMPO_TOTAL,iteracao,cursos_progr_ate_2_dia_turno_curso,180.0,180.0,600.0,14400.0,False,False,alfabetica,,alfabetica,,./dados/2024_1/horarios_2024_1.xlsx,./dados/2024_1/salas_2024_1.csv,./dados/2024_1/salas_preferenciais_2024.1.xlsx,/Users/robertdrey/Documents/workspace/development/alocador_de_salas,resultados/experimentos/2024_1/novas_hibridas/progr_2_depois_dia_turno/melhor_solucao.sol,resultados/experimentos/2024_1/novas_hibridas/progr_2_depois_dia_turno/historico.csv,resultados/experimentos/2024_1/novas_hibridas/progr_2_depois_dia_turno/historico.json,curso -> par_cursos -> dia_turno_curso,progressiva,alfabetica,,alfabetica,,alfabetica,,180.0,1,180.0,600.0,1,0,TEMPO_TOTAL,1,AGRO,CC,13
1,6,14,par_cursos,AGRO+CS,73,13294,81696,OPTIMAL,185252.0,185252.0,False,185252.0,10.42,10.1,600.0,,alfabetica,,,2,par_cursos,4,True,TEMPO_TOTAL,iteracao,cursos_progr_ate_2_dia_turno_curso,180.0,180.0,600.0,14400.0,False,False,alfabetica,,alfabetica,,./dados/2024_1/horarios_2024_1.xlsx,./dados/2024_1/salas_2024_1.csv,./dados/2024_1/salas_preferenciais_2024.1.xlsx,/Users/robertdrey/Documents/workspace/development/alocador_de_salas,resultados/experimentos/2024_1/novas_hibridas/progr_2_depois_dia_turno/melhor_solucao.sol,resultados/experimentos/2024_1/novas_hibridas/progr_2_depois_dia_turno/historico.csv,resultados/experimentos/2024_1/novas_hibridas/progr_2_depois_dia_turno/historico.json,curso -> par_cursos -> dia_turno_curso,progressiva,alfabetica,,alfabetica,,alfabetica,,180.0,1,180.0,600.0,1,0,TEMPO_TOTAL,1,AGRO,CS,14
1,6,15,par_cursos,AGRO+EAS,96,16192,78798,OPTIMAL,185252.0,185252.0,False,185252.0,14.98,14.65,600.0,,alfabetica,,,2,par_cursos,4,True,TEMPO_TOTAL,iteracao,cursos_progr_ate_2_dia_turno_curso,180.0,180.0,600.0,14400.0,False,False,alfabetica,,alfabetica,,./dados/2024_1/horarios_2024_1.xlsx,./dados/2024_1/salas_2024_1.csv,./dados/2024_1/salas_preferenciais_2024.1.xlsx,/Users/robertdrey/Documents/workspace/development/alocador_de_salas,resultados/experimentos/2024_1/novas_hibridas/progr_2_depois_dia_turno/melhor_solucao.sol,resultados/experimentos/2024_1/novas_hibridas/progr_2_depois_dia_turno/historico.csv,resultados/experimentos/2024_1/novas_hibridas/progr_2_depois_dia_turno/historico.json,curso -> par_cursos -> dia_turno_curso,progressiva,alfabetica,,alfabetica,,alfabetica,,180.0,1,180.0,600.0,1,0,TEMPO_TOTAL,1,AGRO,EAS,15
1,6,16,par_cursos,AGRO+ENF,69,17250,77740,OPTIMAL,185252.0,185252.0,False,185252.0,203.81,203.5,600.0,,alfabetica,,,2,par_cursos,4,True,TEMPO_TOTAL,iteracao,cursos_progr_ate_2_dia_turno_curso,180.0,180.0,600.0,14400.0,False,False,alfabetica,,alfabetica,,./dados/2024_1/horarios_2024_1.xlsx,./dados/2024_1/salas_2024_1.csv,./dados/2024_1/salas_preferenciais_2024.1.xlsx,/Users/robertdrey/Documents/workspace/development/alocador_de_salas,resultados/experimentos/2024_1/novas_hibridas/progr_2_depois_dia_turno/melhor_solucao.sol,resultados/experimentos/2024_1/novas_hibridas/progr_2_depois_dia_turno/historico.csv,resultados/experimentos/2024_1/novas_hibridas/progr_2_depois_dia_turno/historico.json,curso -> par_cursos -> dia_turno_curso,progressiva,alfabetica,,alfabetica,,alfabetica,,180.0,1,180.0,600.0,1,0,TEMPO_TOTAL,1,AGRO,ENF,16
1,6,17,par_cursos,AGRO+FIL,66,11500,83490,OPTIMAL,185252.0,185252.0,False,185252.0,5.29,4.98,600.0,,alfabetica,,,2,par_cursos,4,True,TEMPO_TOTAL,iteracao,cursos_progr_ate_2_dia_turno_curso,180.0,180.0,600.0,14400.0,False,False,alfabetica,,alfabetica,,./dados/2024_1/horarios_2024_1.xlsx,./dados/2024_1/salas_2024_1.csv,./dados/2024_1/salas_preferenciais_2024.1.xlsx,/Users/robertdrey/Documents/workspace/development/alocador_de_salas,resultados/experimentos/2024_1/novas_hibridas/progr_2_depois_dia_turno/melhor_solucao.sol,resultados/experimentos/2024_1/novas_hibridas/progr_2_depois_dia_turno/historico.csv,resultados/experimentos/2024_1/novas_hibridas/progr_2_depois_dia_turno/historico.json,curso -> par_cursos -> dia_turno_curso,progressiva,alfabetica,,alfabetica,,alfabetica,,180.0,1,180.0,600.0,1,0,TEMPO_TOTAL,1,AGRO,FIL,17
1,6,18,par_cursos,AGRO+GEO,61,10810,84180,OPTIMAL,185252.0,185252.0,False,185252.0,5.91,5.57,600.0,,alfabetica,,,2,par_cursos,4,True,TEMPO_TOTAL,iteracao,cursos_progr_ate_2_dia_turno_curso,180.0,180.0,600.0,14400.0,False,False,alfabetica,,alfabetica,,./dados/2024_1/horarios_2024_1.xlsx,./dados/2024_1/salas_2024_1.csv,./dados/2024_1/salas_preferenciais_2024.1.xlsx,/Users/robertdrey/Documents/workspace/development/alocador_de_salas,resultados/experimentos/2024_1/novas_hibridas/progr_2_depois_dia_turno/melhor_solucao.sol,resultados/experimentos/2024_1/novas_hibridas/progr_2_depois_dia_turno/historico.csv,resultados/experimentos/2024_1/novas_hibridas/progr_2_depois_dia_turno/historico.json,curso -> par_cursos -> dia_turno_curso,progressiva,alfabetica,,alfabetica,,alfabetica,,180.0,1,180.0,600.0,1,0,TEMPO_TOTAL,1,AGRO,GEO,18
1,6,19,par_cursos,AGRO+HIS,75,13524,81466,OPTIMAL,185252.0,185252.0,False,185252.0,5.84,5.5,600.0,,alfabetica,,,2,par_cursos,4,True,TEMPO_TOTAL,iteracao,cursos_progr_ate_2_dia_turno_curso,180.0,180.0,600.0,14400.0,False,False,alfabetica,,alfabetica,,./dados/2024_1/horarios_2024_1.xlsx,./dados/2024_1/salas_2024_1.csv,./dados/2024_1/salas_preferenciais_2024.1.xlsx,/Users/robertdrey/Documents/workspace/development/alocador_de_salas,resultados/experimentos/2024_1/novas_hibridas/progr_2_depois_dia_turno/melhor_solucao.sol,resultados/experimentos/2024_1/novas_hibridas/progr_2_depois_dia_turno/historico.csv,resultados/experimentos/2024_1/novas_hibridas/progr_2_depois_dia_turno/historico.json,curso -> par_cursos -> dia_turno_curso,progressiva,alfabetica,,alfabetica,,alfabetica,,180.0,1,180.0,600.0,1,0,TEMPO_TOTAL,1,AGRO,HIS,19
1,6,20,par_cursos,AGRO+LET,87,17894,77096,OPTIMAL,185252.0,185252.0,False,185252.0,8.3,7.97,600.0,,alfabetica,,,2,par_cursos,4,True,TEMPO_TOTAL,iteracao,cursos_progr_ate_2_dia_turno_curso,180.0,180.0,600.0,14400.0,False,False,alfabetica,,alfabetica,,./dados/2024_1/horarios_2024_1.xlsx,./dados/2024_1/salas_2024_1.csv,./dados/2024_1/salas_preferenciais_2024.1.xlsx,/Users/robertdrey/Documents/workspace/development/alocador_de_salas,resultados/experimentos/2024_1/novas_hibridas/progr_2_depois_dia_turno/melhor_solucao.sol,resultados/experimentos/2024_1/novas_hibridas/progr_2_depois_dia_turno/historico.csv,resultados/experimentos/2024_1/novas_hibridas/progr_2_depois_dia_turno/historico.json,curso -> par_cursos -> dia_turno_curso,progressiva,alfabetica,,alfabetica,,alfabetica,,180.0,1,180.0,600.0,1,0,TEMPO_TOTAL,1,AGRO,LET,20
1,6,21,par_cursos,AGRO+MAT,74,13708,81282,OPTIMAL,185252.0,185252.0,False,185252.0,5.93,5.59,600.0,,alfabetica,,,2,par_cursos,4,True,TEMPO_TOTAL,iteracao,cursos_progr_ate_2_dia_turno_curso,180.0,180.0,600.0,14400.0,False,False,alfabetica,,alfabetica,,./dados/2024_1/horarios_2024_1.xlsx,./dados/2024_1/salas_2024_1.csv,./dados/2024_1/salas_preferenciais_2024.1.xlsx,/Users/robertdrey/Documents/workspace/development/alocador_de_salas,resultados/experimentos/2024_1/novas_hibridas/progr_2_depois_dia_turno/melhor_solucao.sol,resultados/experimentos/2024_1/novas_hibridas/progr_2_depois_dia_turno/historico.csv,resultados/experimentos/2024_1/novas_hibridas/progr_2_depois_dia_turno/historico.json,curso -> par_cursos -> dia_turno_curso,progressiva,alfabetica,,alfabetica,,alfabetica,,180.0,1,180.0,600.0,1,0,TEMPO_TOTAL,1,AGRO,MAT,21
1,6,22,par_cursos,AGRO+MED,92,18124,76866,TIME_LIMIT,185252.0,185252.0,False,185252.0,600.38,600.03,600.0,,alfabetica,,,2,par_cursos,4,True,TEMPO_TOTAL,iteracao,cursos_progr_ate_2_dia_turno_curso,180.0,180.0,600.0,14400.0,False,False,alfabetica,,alfabetica,,./dados/2024_1/horarios_2024_1.xlsx,./dados/2024_1/salas_2024_1.csv,./dados/2024_1/salas_preferenciais_2024.1.xlsx,/Users/robertdrey/Documents/workspace/development/alocador_de_salas,resultados/experimentos/2024_1/novas_hibridas/progr_2_depois_dia_turno/melhor_solucao.sol,resultados/experimentos/2024_1/novas_hibridas/progr_2_depois_dia_turno/historico.csv,resultados/experimentos/2024_1/novas_hibridas/progr_2_depois_dia_turno/historico.json,curso -> par_cursos -> dia_turno_curso,progressiva,alfabetica,,alfabetica,,alfabetica,,180.0,1,180.0,600.0,1,0,TEMPO_TOTAL,1,AGRO,MED,22
1,6,23,par_cursos,AGRO+PED,107,21528,73462,OPTIMAL,185252.0,185252.0,False,185252.0,56.38,56.02,600.0,,alfabetica,,,2,par_cursos,4,True,TEMPO_TOTAL,iteracao,cursos_progr_ate_2_dia_turno_curso,180.0,180.0,600.0,14400.0,False,False,alfabetica,,alfabetica,,./dados/2024_1/horarios_2024_1.xlsx,./dados/2024_1/salas_2024_1.csv,./dados/2024_1/salas_preferenciais_2024.1.xlsx,/Users/robertdrey/Documents/workspace/development/alocador_de_salas,resultados/experimentos/2024_1/novas_hibridas/progr_2_depois_dia_turno/melhor_solucao.sol,resultados/experimentos/2024_1/novas_hibridas/progr_2_depois_dia_turno/historico.csv,resultados/experimentos/2024_1/novas_hibridas/progr_2_depois_dia_turno/historico.json,curso -> par_cursos -> dia_turno_curso,progressiva,alfabetica,,alfabetica,,alfabetica,,180.0,1,180.0,600.0,1,0,TEMPO_TOTAL,1,AGRO,PED,23
1,6,24,par_cursos,CC+CS,69,15088,79902,OPTIMAL,185252.0,185252.0,False,185252.0,50.36,50.03,600.0,,alfabetica,,,2,par_cursos,4,True,TEMPO_TOTAL,iteracao,cursos_progr_ate_2_dia_turno_curso,180.0,180.0,600.0,14400.0,False,False,alfabetica,,alfabetica,,./dados/2024_1/horarios_2024_1.xlsx,./dados/2024_1/salas_2024_1.csv,./dados/2024_1/salas_preferenciais_2024.1.xlsx,/Users/robertdrey/Documents/workspace/development/alocador_de_salas,resultados/experimentos/2024_1/novas_hibridas/progr_2_depois_dia_turno/melhor_solucao.sol,resultados/experimentos/2024_1/novas_hibridas/progr_2_depois_dia_turno/historico.csv,resultados/experimentos/2024_1/novas_hibridas/progr_2_depois_dia_turno/historico.json,curso -> par_cursos -> dia_turno_curso,progressiva,alfabetica,,alfabetica,,alfabetica,,180.0,1,180.0,600.0,1,0,TEMPO_TOTAL,1,CC,CS,24
1,6,25,par_cursos,CC+EAS,92,17986,77004,OPTIMAL,185252.0,185252.0,False,185252.0,3.77,3.45,600.0,,alfabetica,,,2,par_cursos,4,True,TEMPO_TOTAL,iteracao,cursos_progr_ate_2_dia_turno_curso,180.0,180.0,600.0,14400.0,False,False,alfabetica,,alfabetica,,./dados/2024_1/horarios_2024_1.xlsx,./dados/2024_1/salas_2024_1.csv,./dados/2024_1/salas_preferenciais_2024.1.xlsx,/Users/robertdrey/Documents/workspace/development/alocador_de_salas,resultados/experimentos/2024_1/novas_hibridas/progr_2_depois_dia_turno/melhor_solucao.sol,resultados/experimentos/2024_1/novas_hibridas/progr_2_depois_dia_turno/historico.csv,resultados/experimentos/2024_1/novas_hibridas/progr_2_depois_dia_turno/historico.json,curso -> par_cursos -> dia_turno_curso,progressiva,alfabetica,,alfabetica,,alfabetica,,180.0,1,180.0,600.0,1,0,TEMPO_TOTAL,1,CC,EAS,25
1,6,26,par_cursos,CC+ENF,65,19044,75946,OPTIMAL,185252.0,185252.0,False,185252.0,132.42,132.11,600.0,,alfabetica,,,2,par_cursos,4,True,TEMPO_TOTAL,iteracao,cursos_progr_ate_2_dia_turno_curso,180.0,180.0,600.0,14400.0,False,False,alfabetica,,alfabetica,,./dados/2024_1/horarios_2024_1.xlsx,./dados/2024_1/salas_2024_1.csv,./dados/2024_1/salas_preferenciais_2024.1.xlsx,/Users/robertdrey/Documents/workspace/development/alocador_de_salas,resultados/experimentos/2024_1/novas_hibridas/progr_2_depois_dia_turno/melhor_solucao.sol,resultados/experimentos/2024_1/novas_hibridas/progr_2_depois_dia_turno/historico.csv,resultados/experimentos/2024_1/novas_hibridas/progr_2_depois_dia_turno/historico.json,curso -> par_cursos -> dia_turno_curso,progressiva,alfabetica,,alfabetica,,alfabetica,,180.0,1,180.0,600.0,1,0,TEMPO_TOTAL,1,CC,ENF,26
1,6,27,par_cursos,CC+FIL,62,13294,81696,OPTIMAL,185252.0,185252.0,False,185252.0,32.26,31.94,600.0,,alfabetica,,,2,par_cursos,4,True,TEMPO_TOTAL,iteracao,cursos_progr_ate_2_dia_turno_curso,180.0,180.0,600.0,14400.0,False,False,alfabetica,,alfabetica,,./dados/2024_1/horarios_2024_1.xlsx,./dados/2024_1/salas_2024_1.csv,./dados/2024_1/salas_preferenciais_2024.1.xlsx,/Users/robertdrey/Documents/workspace/development/alocador_de_salas,resultados/experimentos/2024_1/novas_hibridas/progr_2_depois_dia_turno/melhor_solucao.sol,resultados/experimentos/2024_1/novas_hibridas/progr_2_depois_dia_turno/historico.csv,resultados/experimentos/2024_1/novas_hibridas/progr_2_depois_dia_turno/historico.json,curso -> par_cursos -> dia_turno_curso,progressiva,alfabetica,,alfabetica,,alfabetica,,180.0,1,180.0,600.0,1,0,TEMPO_TOTAL,1,CC,FIL,27
1,6,28,par_cursos,CC+GEO,57,12604,82386,OPTIMAL,185252.0,185252.0,False,185252.0,2.52,2.2,600.0,,alfabetica,,,2,par_cursos,4,True,TEMPO_TOTAL,iteracao,cursos_progr_ate_2_dia_turno_curso,180.0,180.0,600.0,14400.0,False,False,alfabetica,,alfabetica,,./dados/2024_1/horarios_2024_1.xlsx,./dados/2024_1/salas_2024_1.csv,./dados/2024_1/salas_preferenciais_2024.1.xlsx,/Users/robertdrey/Documents/workspace/development/alocador_de_salas,resultados/experimentos/2024_1/novas_hibridas/progr_2_depois_dia_turno/melhor_solucao.sol,resultados/experimentos/2024_1/novas_hibridas/progr_2_depois_dia_turno/historico.csv,resultados/experimentos/2024_1/novas_hibridas/progr_2_depois_dia_turno/historico.json,curso -> par_cursos -> dia_turno_curso,progressiva,alfabetica,,alfabetica,,alfabetica,,180.0,1,180.0,600.0,1,0,TEMPO_TOTAL,1,CC,GEO,28
1,6,29,par_cursos,CC+HIS,71,15318,79672,OPTIMAL,185252.0,185252.0,False,185252.0,2.79,2.47,600.0,,alfabetica,,,2,par_cursos,4,True,TEMPO_TOTAL,iteracao,cursos_progr_ate_2_dia_turno_curso,180.0,180.0,600.0,14400.0,False,False,alfabetica,,alfabetica,,./dados/2024_1/horarios_2024_1.xlsx,./dados/2024_1/salas_2024_1.csv,./dados/2024_1/salas_preferenciais_2024.1.xlsx,/Users/robertdrey/Documents/workspace/development/alocador_de_salas,resultados/experimentos/2024_1/novas_hibridas/progr_2_depois_dia_turno/melhor_solucao.sol,resultados/experimentos/2024_1/novas_hibridas/progr_2_depois_dia_turno/historico.csv,resultados/experimentos/2024_1/novas_hibridas/progr_2_depois_dia_turno/historico.json,curso -> par_cursos -> dia_turno_curso,progressiva,alfabetica,,alfabetica,,alfabetica,,180.0,1,180.0,600.0,1,0,TEMPO_TOTAL,1,CC,HIS,29
1,6,30,par_cursos,CC+LET,83,19688,75302,OPTIMAL,185252.0,185252.0,False,185252.0,13.97,13.66,600.0,,alfabetica,,,2,par_cursos,4,True,TEMPO_TOTAL,iteracao,cursos_progr_ate_2_dia_turno_curso,180.0,180.0,600.0,14400.0,False,False,alfabetica,,alfabetica,,./dados/2024_1/horarios_2024_1.xlsx,./dados/2024_1/salas_2024_1.csv,./dados/2024_1/salas_preferenciais_2024.1.xlsx,/Users/robertdrey/Documents/workspace/development/alocador_de_salas,resultados/experimentos/2024_1/novas_hibridas/progr_2_depois_dia_turno/melhor_solucao.sol,resultados/experimentos/2024_1/novas_hibridas/progr_2_depois_dia_turno/historico.csv,resultados/experimentos/2024_1/novas_hibridas/progr_2_depois_dia_turno/historico.json,curso -> par_cursos -> dia_turno_curso,progressiva,alfabetica,,alfabetica,,alfabetica,,180.0,1,180.0,600.0,1,0,TEMPO_TOTAL,1,CC,LET,30
1,6,31,par_cursos,CC+MAT,70,15502,79488,OPTIMAL,185252.0,185252.0,False,185252.0,20.34,20.03,600.0,,alfabetica,,,2,par_cursos,4,True,TEMPO_TOTAL,iteracao,cursos_progr_ate_2_dia_turno_curso,180.0,180.0,600.0,14400.0,False,False,alfabetica,,alfabetica,,./dados/2024_1/horarios_2024_1.xlsx,./dados/2024_1/salas_2024_1.csv,./dados/2024_1/salas_preferenciais_2024.1.xlsx,/Users/robertdrey/Documents/workspace/development/alocador_de_salas,resultados/experimentos/2024_1/novas_hibridas/progr_2_depois_dia_turno/melhor_solucao.sol,resultados/experimentos/2024_1/novas_hibridas/progr_2_depois_dia_turno/historico.csv,resultados/experimentos/2024_1/novas_hibridas/progr_2_depois_dia_turno/historico.json,curso -> par_cursos -> dia_turno_curso,progressiva,alfabetica,,alfabetica,,alfabetica,,180.0,1,180.0,600.0,1,0,TEMPO_TOTAL,1,CC,MAT,31
1,6,32,par_cursos,CC+MED,88,19918,75072,OPTIMAL,185252.0,185252.0,False,185252.0,4.79,4.48,600.0,,alfabetica,,,2,par_cursos,4,True,TEMPO_TOTAL,iteracao,cursos_progr_ate_2_dia_turno_curso,180.0,180.0,600.0,14400.0,False,False,alfabetica,,alfabetica,,./dados/2024_1/horarios_2024_1.xlsx,./dados/2024_1/salas_2024_1.csv,./dados/2024_1/salas_preferenciais_2024.1.xlsx,/Users/robertdrey/Documents/workspace/development/alocador_de_salas,resultados/experimentos/2024_1/novas_hibridas/progr_2_depois_dia_turno/melhor_solucao.sol,resultados/experimentos/2024_1/novas_hibridas/progr_2_depois_dia_turno/historico.csv,resultados/experimentos/2024_1/novas_hibridas/progr_2_depois_dia_turno/historico.json,curso -> par_cursos -> dia_turno_curso,progressiva,alfabetica,,alfabetica,,alfabetica,,180.0,1,180.0,600.0,1,0,TEMPO_TOTAL,1,CC,MED,32
1,6,33,par_cursos,CC+PED,103,23322,71668,OPTIMAL,185252.0,185252.0,False,185252.0,93.85,93.55,600.0,,alfabetica,,,2,par_cursos,4,True,TEMPO_TOTAL,iteracao,cursos_progr_ate_2_dia_turno_curso,180.0,180.0,600.0,14400.0,False,False,alfabetica,,alfabetica,,./dados/2024_1/horarios_2024_1.xlsx,./dados/2024_1/salas_2024_1.csv,./dados/2024_1/salas_preferenciais_2024.1.xlsx,/Users/robertdrey/Documents/workspace/development/alocador_de_salas,resultados/experimentos/2024_1/novas_hibridas/progr_2_depois_dia_turno/melhor_solucao.sol,resultados/experimentos/2024_1/novas_hibridas/progr_2_depois_dia_turno/historico.csv,resultados/experimentos/2024_1/novas_hibridas/progr_2_depois_dia_turno/historico.json,curso -> par_cursos -> dia_turno_curso,progressiva,alfabetica,,alfabetica,,alfabetica,,180.0,1,180.0,600.0,1,0,TEMPO_TOTAL,1,CC,PED,33
1,6,34,par_cursos,CS+EAS,67,12006,82984,OPTIMAL,185252.0,185252.0,False,185252.0,0.73,0.43,600.0,,alfabetica,,,2,par_cursos,4,True,TEMPO_TOTAL,iteracao,cursos_progr_ate_2_dia_turno_curso,180.0,180.0,600.0,14400.0,False,False,alfabetica,,alfabetica,,./dados/2024_1/horarios_2024_1.xlsx,./dados/2024_1/salas_2024_1.csv,./dados/2024_1/salas_preferenciais_2024.1.xlsx,/Users/robertdrey/Documents/workspace/development/alocador_de_salas,resultados/experimentos/2024_1/novas_hibridas/progr_2_depois_dia_turno/melhor_solucao.sol,resultados/experimentos/2024_1/novas_hibridas/progr_2_depois_dia_turno/historico.csv,resultados/experimentos/2024_1/novas_hibridas/progr_2_depois_dia_turno/historico.json,curso -> par_cursos -> dia_turno_curso,progressiva,alfabetica,,alfabetica,,alfabetica,,180.0,1,180.0,600.0,1,0,TEMPO_TOTAL,1,CS,EAS,34
1,6,35,par_cursos,CS+ENF,40,13064,81926,OPTIMAL,185252.0,185252.0,False,185252.0,1.68,1.38,600.0,,alfabetica,,,2,par_cursos,4,True,TEMPO_TOTAL,iteracao,cursos_progr_ate_2_dia_turno_curso,180.0,180.0,600.0,14400.0,False,False,alfabetica,,alfabetica,,./dados/2024_1/horarios_2024_1.xlsx,./dados/2024_1/salas_2024_1.csv,./dados/2024_1/salas_preferenciais_2024.1.xlsx,/Users/robertdrey/Documents/workspace/development/alocador_de_salas,resultados/experimentos/2024_1/novas_hibridas/progr_2_depois_dia_turno/melhor_solucao.sol,resultados/experimentos/2024_1/novas_hibridas/progr_2_depois_dia_turno/historico.csv,resultados/experimentos/2024_1/novas_hibridas/progr_2_depois_dia_turno/historico.json,curso -> par_cursos -> dia_turno_curso,progressiva,alfabetica,,alfabetica,,alfabetica,,180.0,1,180.0,600.0,1,0,TEMPO_TOTAL,1,CS,ENF,35
1,6,36,par_cursos,CS+FIL,37,7314,87676,OPTIMAL,185252.0,185252.0,False,185252.0,0.67,0.35,600.0,,alfabetica,,,2,par_cursos,4,True,TEMPO_TOTAL,iteracao,cursos_progr_ate_2_dia_turno_curso,180.0,180.0,600.0,14400.0,False,False,alfabetica,,alfabetica,,./dados/2024_1/horarios_2024_1.xlsx,./dados/2024_1/salas_2024_1.csv,./dados/2024_1/salas_preferenciais_2024.1.xlsx,/Users/robertdrey/Documents/workspace/development/alocador_de_salas,resultados/experimentos/2024_1/novas_hibridas/progr_2_depois_dia_turno/melhor_solucao.sol,resultados/experimentos/2024_1/novas_hibridas/progr_2_depois_dia_turno/historico.csv,resultados/experimentos/2024_1/novas_hibridas/progr_2_depois_dia_turno/historico.json,curso -> par_cursos -> dia_turno_curso,progressiva,alfabetica,,alfabetica,,alfabetica,,180.0,1,180.0,600.0,1,0,TEMPO_TOTAL,1,CS,FIL,36
1,6,37,par_cursos,CS+GEO,32,6624,88366,OPTIMAL,185252.0,185252.0,False,185252.0,0.63,0.33,600.0,,alfabetica,,,2,par_cursos,4,True,TEMPO_TOTAL,iteracao,cursos_progr_ate_2_dia_turno_curso,180.0,180.0,600.0,14400.0,False,False,alfabetica,,alfabetica,,./dados/2024_1/horarios_2024_1.xlsx,./dados/2024_1/salas_2024_1.csv,./dados/2024_1/salas_preferenciais_2024.1.xlsx,/Users/robertdrey/Documents/workspace/development/alocador_de_salas,resultados/experimentos/2024_1/novas_hibridas/progr_2_depois_dia_turno/melhor_solucao.sol,resultados/experimentos/2024_1/novas_hibridas/progr_2_depois_dia_turno/historico.csv,resultados/experimentos/2024_1/novas_hibridas/progr_2_depois_dia_turno/historico.json,curso -> par_cursos -> dia_turno_curso,progressiva,alfabetica,,alfabetica,,alfabetica,,180.0,1,180.0,600.0,1,0,TEMPO_TOTAL,1,CS,GEO,37
1,6,38,par_cursos,CS+HIS,46,9338,85652,OPTIMAL,185252.0,185252.0,False,185252.0,0.79,0.49,600.0,,alfabetica,,,2,par_cursos,4,True,TEMPO_TOTAL,iteracao,cursos_progr_ate_2_dia_turno_curso,180.0,180.0,600.0,14400.0,False,False,alfabetica,,alfabetica,,./dados/2024_1/horarios_2024_1.xlsx,./dados/2024_1/salas_2024_1.csv,./dados/2024_1/salas_preferenciais_2024.1.xlsx,/Users/robertdrey/Documents/workspace/development/alocador_de_salas,resultados/experimentos/2024_1/novas_hibridas/progr_2_depois_dia_turno/melhor_solucao.sol,resultados/experimentos/2024_1/novas_hibridas/progr_2_depois_dia_turno/historico.csv,resultados/experimentos/2024_1/novas_hibridas/progr_2_depois_dia_turno/historico.json,curso -> par_cursos -> dia_turno_curso,progressiva,alfabetica,,alfabetica,,alfabetica,,180.0,1,180.0,600.0,1,0,TEMPO_TOTAL,1,CS,HIS,38
1,6,39,par_cursos,CS+LET,58,13708,81282,OPTIMAL,185252.0,185252.0,False,185252.0,1.44,1.13,600.0,,alfabetica,,,2,par_cursos,4,True,TEMPO_TOTAL,iteracao,cursos_progr_ate_2_dia_turno_curso,180.0,180.0,600.0,14400.0,False,False,alfabetica,,alfabetica,,./dados/2024_1/horarios_2024_1.xlsx,./dados/2024_1/salas_2024_1.csv,./dados/2024_1/salas_preferenciais_2024.1.xlsx,/Users/robertdrey/Documents/workspace/development/alocador_de_salas,resultados/experimentos/2024_1/novas_hibridas/progr_2_depois_dia_turno/melhor_solucao.sol,resultados/experimentos/2024_1/novas_hibridas/progr_2_depois_dia_turno/historico.csv,resultados/experimentos/2024_1/novas_hibridas/progr_2_depois_dia_turno/historico.json,curso -> par_cursos -> dia_turno_curso,progressiva,alfabetica,,alfabetica,,alfabetica,,180.0,1,180.0,600.0,1,0,TEMPO_TOTAL,1,CS,LET,39
1,6,40,par_cursos,CS+MAT,45,9522,85468,OPTIMAL,185252.0,185252.0,False,185252.0,0.72,0.41,600.0,,alfabetica,,,2,par_cursos,4,True,TEMPO_TOTAL,iteracao,cursos_progr_ate_2_dia_turno_curso,180.0,180.0,600.0,14400.0,False,False,alfabetica,,alfabetica,,./dados/2024_1/horarios_2024_1.xlsx,./dados/2024_1/salas_2024_1.csv,./dados/2024_1/salas_preferenciais_2024.1.xlsx,/Users/robertdrey/Documents/workspace/development/alocador_de_salas,resultados/experimentos/2024_1/novas_hibridas/progr_2_depois_dia_turno/melhor_solucao.sol,resultados/experimentos/2024_1/novas_hibridas/progr_2_depois_dia_turno/historico.csv,resultados/experimentos/2024_1/novas_hibridas/progr_2_depois_dia_turno/historico.json,curso -> par_cursos -> dia_turno_curso,progressiva,alfabetica,,alfabetica,,alfabetica,,180.0,1,180.0,600.0,1,0,TEMPO_TOTAL,1,CS,MAT,40
1,6,41,par_cursos,CS+MED,63,13938,81052,OPTIMAL,185252.0,185252.0,False,185252.0,1.02,0.72,600.0,,alfabetica,,,2,par_cursos,4,True,TEMPO_TOTAL,iteracao,cursos_progr_ate_2_dia_turno_curso,180.0,180.0,600.0,14400.0,False,False,alfabetica,,alfabetica,,./dados/2024_1/horarios_2024_1.xlsx,./dados/2024_1/salas_2024_1.csv,./dados/2024_1/salas_preferenciais_2024.1.xlsx,/Users/robertdrey/Documents/workspace/development/alocador_de_salas,resultados/experimentos/2024_1/novas_hibridas/progr_2_depois_dia_turno/melhor_solucao.sol,resultados/experimentos/2024_1/novas_hibridas/progr_2_depois_dia_turno/historico.csv,resultados/experimentos/2024_1/novas_hibridas/progr_2_depois_dia_turno/historico.json,curso -> par_cursos -> dia_turno_curso,progressiva,alfabetica,,alfabetica,,alfabetica,,180.0,1,180.0,600.0,1,0,TEMPO_TOTAL,1,CS,MED,41
1,6,42,par_cursos,CS+PED,78,17342,77648,OPTIMAL,185252.0,185252.0,False,185252.0,208.79,208.49,600.0,,alfabetica,,,2,par_cursos,4,True,TEMPO_TOTAL,iteracao,cursos_progr_ate_2_dia_turno_curso,180.0,180.0,600.0,14400.0,False,False,alfabetica,,alfabetica,,./dados/2024_1/horarios_2024_1.xlsx,./dados/2024_1/salas_2024_1.csv,./dados/2024_1/salas_preferenciais_2024.1.xlsx,/Users/robertdrey/Documents/workspace/development/alocador_de_salas,resultados/experimentos/2024_1/novas_hibridas/progr_2_depois_dia_turno/melhor_solucao.sol,resultados/experimentos/2024_1/novas_hibridas/progr_2_depois_dia_turno/historico.csv,resultados/experimentos/2024_1/novas_hibridas/progr_2_depois_dia_turno/historico.json,curso -> par_cursos -> dia_turno_curso,progressiva,alfabetica,,alfabetica,,alfabetica,,180.0,1,180.0,600.0,1,0,TEMPO_TOTAL,1,CS,PED,42
1,6,43,par_cursos,EAS+ENF,63,15962,79028,OPTIMAL,185252.0,185252.0,False,185252.0,3.35,3.02,600.0,,alfabetica,,,2,par_cursos,4,True,TEMPO_TOTAL,iteracao,cursos_progr_ate_2_dia_turno_curso,180.0,180.0,600.0,14400.0,False,False,alfabetica,,alfabetica,,./dados/2024_1/horarios_2024_1.xlsx,./dados/2024_1/salas_2024_1.csv,./dados/2024_1/salas_preferenciais_2024.1.xlsx,/Users/robertdrey/Documents/workspace/development/alocador_de_salas,resultados/experimentos/2024_1/novas_hibridas/progr_2_depois_dia_turno/melhor_solucao.sol,resultados/experimentos/2024_1/novas_hibridas/progr_2_depois_dia_turno/historico.csv,resultados/experimentos/2024_1/novas_hibridas/progr_2_depois_dia_turno/historico.json,curso -> par_cursos -> dia_turno_curso,progressiva,alfabetica,,alfabetica,,alfabetica,,180.0,1,180.0,600.0,1,0,TEMPO_TOTAL,1,EAS,ENF,43
1,6,44,par_cursos,EAS+FIL,60,10212,84778,OPTIMAL,185252.0,185252.0,False,185252.0,0.69,0.37,600.0,,alfabetica,,,2,par_cursos,4,True,TEMPO_TOTAL,iteracao,cursos_progr_ate_2_dia_turno_curso,180.0,180.0,600.0,14400.0,False,False,alfabetica,,alfabetica,,./dados/2024_1/horarios_2024_1.xlsx,./dados/2024_1/salas_2024_1.csv,./dados/2024_1/salas_preferenciais_2024.1.xlsx,/Users/robertdrey/Documents/workspace/development/alocador_de_salas,resultados/experimentos/2024_1/novas_hibridas/progr_2_depois_dia_turno/melhor_solucao.sol,resultados/experimentos/2024_1/novas_hibridas/progr_2_depois_dia_turno/historico.csv,resultados/experimentos/2024_1/novas_hibridas/progr_2_depois_dia_turno/historico.json,curso -> par_cursos -> dia_turno_curso,progressiva,alfabetica,,alfabetica,,alfabetica,,180.0,1,180.0,600.0,1,0,TEMPO_TOTAL,1,EAS,FIL,44
1,6,45,par_cursos,EAS+GEO,55,9522,85468,OPTIMAL,185252.0,185252.0,False,185252.0,0.65,0.35,600.0,,alfabetica,,,2,par_cursos,4,True,TEMPO_TOTAL,iteracao,cursos_progr_ate_2_dia_turno_curso,180.0,180.0,600.0,14400.0,False,False,alfabetica,,alfabetica,,./dados/2024_1/horarios_2024_1.xlsx,./dados/2024_1/salas_2024_1.csv,./dados/2024_1/salas_preferenciais_2024.1.xlsx,/Users/robertdrey/Documents/workspace/development/alocador_de_salas,resultados/experimentos/2024_1/novas_hibridas/progr_2_depois_dia_turno/melhor_solucao.sol,resultados/experimentos/2024_1/novas_hibridas/progr_2_depois_dia_turno/historico.csv,resultados/experimentos/2024_1/novas_hibridas/progr_2_depois_dia_turno/historico.json,curso -> par_cursos -> dia_turno_curso,progressiva,alfabetica,,alfabetica,,alfabetica,,180.0,1,180.0,600.0,1,0,TEMPO_TOTAL,1,EAS,GEO,45
1,6,46,par_cursos,EAS+HIS,69,12236,82754,OPTIMAL,185252.0,185252.0,False,185252.0,0.82,0.52,600.0,,alfabetica,,,2,par_cursos,4,True,TEMPO_TOTAL,iteracao,cursos_progr_ate_2_dia_turno_curso,180.0,180.0,600.0,14400.0,False,False,alfabetica,,alfabetica,,./dados/2024_1/horarios_2024_1.xlsx,./dados/2024_1/salas_2024_1.csv,./dados/2024_1/salas_preferenciais_2024.1.xlsx,/Users/robertdrey/Documents/workspace/development/alocador_de_salas,resultados/experimentos/2024_1/novas_hibridas/progr_2_depois_dia_turno/melhor_solucao.sol,resultados/experimentos/2024_1/novas_hibridas/progr_2_depois_dia_turno/historico.csv,resultados/experimentos/2024_1/novas_hibridas/progr_2_depois_dia_turno/historico.json,curso -> par_cursos -> dia_turno_curso,progressiva,alfabetica,,alfabetica,,alfabetica,,180.0,1,180.0,600.0,1,0,TEMPO_TOTAL,1,EAS,HIS,46
1,6,47,par_cursos,EAS+LET,81,16606,78384,OPTIMAL,185252.0,185252.0,False,185252.0,2.11,1.81,600.0,,alfabetica,,,2,par_cursos,4,True,TEMPO_TOTAL,iteracao,cursos_progr_ate_2_dia_turno_curso,180.0,180.0,600.0,14400.0,False,False,alfabetica,,alfabetica,,./dados/2024_1/horarios_2024_1.xlsx,./dados/2024_1/salas_2024_1.csv,./dados/2024_1/salas_preferenciais_2024.1.xlsx,/Users/robertdrey/Documents/workspace/development/alocador_de_salas,resultados/experimentos/2024_1/novas_hibridas/progr_2_depois_dia_turno/melhor_solucao.sol,resultados/experimentos/2024_1/novas_hibridas/progr_2_depois_dia_turno/historico.csv,resultados/experimentos/2024_1/novas_hibridas/progr_2_depois_dia_turno/historico.json,curso -> par_cursos -> dia_turno_curso,progressiva,alfabetica,,alfabetica,,alfabetica,,180.0,1,180.0,600.0,1,0,TEMPO_TOTAL,1,EAS,LET,47
1,6,48,par_cursos,EAS+MAT,68,12420,82570,OPTIMAL,185252.0,185252.0,False,185252.0,1.24,0.92,600.0,,alfabetica,,,2,par_cursos,4,True,TEMPO_TOTAL,iteracao,cursos_progr_ate_2_dia_turno_curso,180.0,180.0,600.0,14400.0,False,False,alfabetica,,alfabetica,,./dados/2024_1/horarios_2024_1.xlsx,./dados/2024_1/salas_2024_1.csv,./dados/2024_1/salas_preferenciais_2024.1.xlsx,/Users/robertdrey/Documents/workspace/development/alocador_de_salas,resultados/experimentos/2024_1/novas_hibridas/progr_2_depois_dia_turno/melhor_solucao.sol,resultados/experimentos/2024_1/novas_hibridas/progr_2_depois_dia_turno/historico.csv,resultados/experimentos/2024_1/novas_hibridas/progr_2_depois_dia_turno/historico.json,curso -> par_cursos -> dia_turno_curso,progressiva,alfabetica,,alfabetica,,alfabetica,,180.0,1,180.0,600.0,1,0,TEMPO_TOTAL,1,EAS,MAT,48
1,6,49,par_cursos,EAS+MED,86,16836,78154,OPTIMAL,185252.0,185252.0,False,185252.0,2.08,1.75,600.0,,alfabetica,,,2,par_cursos,4,True,TEMPO_TOTAL,iteracao,cursos_progr_ate_2_dia_turno_curso,180.0,180.0,600.0,14400.0,False,False,alfabetica,,alfabetica,,./dados/2024_1/horarios_2024_1.xlsx,./dados/2024_1/salas_2024_1.csv,./dados/2024_1/salas_preferenciais_2024.1.xlsx,/Users/robertdrey/Documents/workspace/development/alocador_de_salas,resultados/experimentos/2024_1/novas_hibridas/progr_2_depois_dia_turno/melhor_solucao.sol,resultados/experimentos/2024_1/novas_hibridas/progr_2_depois_dia_turno/historico.csv,resultados/experimentos/2024_1/novas_hibridas/progr_2_depois_dia_turno/historico.json,curso -> par_cursos -> dia_turno_curso,progressiva,alfabetica,,alfabetica,,alfabetica,,180.0,1,180.0,600.0,1,0,TEMPO_TOTAL,1,EAS,MED,49
1,6,50,par_cursos,EAS+PED,101,20240,74750,OPTIMAL,185252.0,185252.0,False,185252.0,13.64,13.32,600.0,,alfabetica,,,2,par_cursos,4,True,TEMPO_TOTAL,iteracao,cursos_progr_ate_2_dia_turno_curso,180.0,180.0,600.0,14400.0,False,False,alfabetica,,alfabetica,,./dados/2024_1/horarios_2024_1.xlsx,./dados/2024_1/salas_2024_1.csv,./dados/2024_1/salas_preferenciais_2024.1.xlsx,/Users/robertdrey/Documents/workspace/development/alocador_de_salas,resultados/experimentos/2024_1/novas_hibridas/progr_2_depois_dia_turno/melhor_solucao.sol,resultados/experimentos/2024_1/novas_hibridas/progr_2_depois_dia_turno/historico.csv,resultados/experimentos/2024_1/novas_hibridas/progr_2_depois_dia_turno/historico.json,curso -> par_cursos -> dia_turno_curso,progressiva,alfabetica,,alfabetica,,alfabetica,,180.0,1,180.0,600.0,1,0,TEMPO_TOTAL,1,EAS,PED,50
1,6,51,par_cursos,ENF+FIL,33,11270,83720,OPTIMAL,185252.0,185252.0,False,185252.0,1.68,1.35,600.0,,alfabetica,,,2,par_cursos,4,True,TEMPO_TOTAL,iteracao,cursos_progr_ate_2_dia_turno_curso,180.0,180.0,600.0,14400.0,False,False,alfabetica,,alfabetica,,./dados/2024_1/horarios_2024_1.xlsx,./dados/2024_1/salas_2024_1.csv,./dados/2024_1/salas_preferenciais_2024.1.xlsx,/Users/robertdrey/Documents/workspace/development/alocador_de_salas,resultados/experimentos/2024_1/novas_hibridas/progr_2_depois_dia_turno/melhor_solucao.sol,resultados/experimentos/2024_1/novas_hibridas/progr_2_depois_dia_turno/historico.csv,resultados/experimentos/2024_1/novas_hibridas/progr_2_depois_dia_turno/historico.json,curso -> par_cursos -> dia_turno_curso,progressiva,alfabetica,,alfabetica,,alfabetica,,180.0,1,180.0,600.0,1,0,TEMPO_TOTAL,1,ENF,FIL,51
1,6,52,par_cursos,ENF+GEO,28,10580,84410,OPTIMAL,185252.0,185252.0,False,185252.0,2.03,1.69,600.0,,alfabetica,,,2,par_cursos,4,True,TEMPO_TOTAL,iteracao,cursos_progr_ate_2_dia_turno_curso,180.0,180.0,600.0,14400.0,False,False,alfabetica,,alfabetica,,./dados/2024_1/horarios_2024_1.xlsx,./dados/2024_1/salas_2024_1.csv,./dados/2024_1/salas_preferenciais_2024.1.xlsx,/Users/robertdrey/Documents/workspace/development/alocador_de_salas,resultados/experimentos/2024_1/novas_hibridas/progr_2_depois_dia_turno/melhor_solucao.sol,resultados/experimentos/2024_1/novas_hibridas/progr_2_depois_dia_turno/historico.csv,resultados/experimentos/2024_1/novas_hibridas/progr_2_depois_dia_turno/historico.json,curso -> par_cursos -> dia_turno_curso,progressiva,alfabetica,,alfabetica,,alfabetica,,180.0,1,180.0,600.0,1,0,TEMPO_TOTAL,1,ENF,GEO,52
1,6,53,par_cursos,ENF+HIS,42,13294,81696,OPTIMAL,185252.0,185252.0,False,185252.0,1.9,1.55,600.0,,alfabetica,,,2,par_cursos,4,True,TEMPO_TOTAL,iteracao,cursos_progr_ate_2_dia_turno_curso,180.0,180.0,600.0,14400.0,False,False,alfabetica,,alfabetica,,./dados/2024_1/horarios_2024_1.xlsx,./dados/2024_1/salas_2024_1.csv,./dados/2024_1/salas_preferenciais_2024.1.xlsx,/Users/robertdrey/Documents/workspace/development/alocador_de_salas,resultados/experimentos/2024_1/novas_hibridas/progr_2_depois_dia_turno/melhor_solucao.sol,resultados/experimentos/2024_1/novas_hibridas/progr_2_depois_dia_turno/historico.csv,resultados/experimentos/2024_1/novas_hibridas/progr_2_depois_dia_turno/historico.json,curso -> par_cursos -> dia_turno_curso,progressiva,alfabetica,,alfabetica,,alfabetica,,180.0,1,180.0,600.0,1,0,TEMPO_TOTAL,1,ENF,HIS,53
1,6,54,par_cursos,ENF+LET,54,17664,77326,OPTIMAL,185252.0,185252.0,False,185252.0,5.14,4.79,600.0,,alfabetica,,,2,par_cursos,4,True,TEMPO_TOTAL,iteracao,cursos_progr_ate_2_dia_turno_curso,180.0,180.0,600.0,14400.0,False,False,alfabetica,,alfabetica,,./dados/2024_1/horarios_2024_1.xlsx,./dados/2024_1/salas_2024_1.csv,./dados/2024_1/salas_preferenciais_2024.1.xlsx,/Users/robertdrey/Documents/workspace/development/alocador_de_salas,resultados/experimentos/2024_1/novas_hibridas/progr_2_depois_dia_turno/melhor_solucao.sol,resultados/experimentos/2024_1/novas_hibridas/progr_2_depois_dia_turno/historico.csv,resultados/experimentos/2024_1/novas_hibridas/progr_2_depois_dia_turno/historico.json,curso -> par_cursos -> dia_turno_curso,progressiva,alfabetica,,alfabetica,,alfabetica,,180.0,1,180.0,600.0,1,0,TEMPO_TOTAL,1,ENF,LET,54
1,6,55,par_cursos,ENF+MAT,41,13478,81512,OPTIMAL,185252.0,185252.0,False,185252.0,2.09,1.72,600.0,,alfabetica,,,2,par_cursos,4,True,TEMPO_TOTAL,iteracao,cursos_progr_ate_2_dia_turno_curso,180.0,180.0,600.0,14400.0,False,False,alfabetica,,alfabetica,,./dados/2024_1/horarios_2024_1.xlsx,./dados/2024_1/salas_2024_1.csv,./dados/2024_1/salas_preferenciais_2024.1.xlsx,/Users/robertdrey/Documents/workspace/development/alocador_de_salas,resultados/experimentos/2024_1/novas_hibridas/progr_2_depois_dia_turno/melhor_solucao.sol,resultados/experimentos/2024_1/novas_hibridas/progr_2_depois_dia_turno/historico.csv,resultados/experimentos/2024_1/novas_hibridas/progr_2_depois_dia_turno/historico.json,curso -> par_cursos -> dia_turno_curso,progressiva,alfabetica,,alfabetica,,alfabetica,,180.0,1,180.0,600.0,1,0,TEMPO_TOTAL,1,ENF,MAT,55
1,6,56,par_cursos,ENF+MED,59,17894,77096,OPTIMAL,185252.0,185252.0,False,185252.0,28.01,27.67,600.0,,alfabetica,,,2,par_cursos,4,True,TEMPO_TOTAL,iteracao,cursos_progr_ate_2_dia_turno_curso,180.0,180.0,600.0,14400.0,False,False,alfabetica,,alfabetica,,./dados/2024_1/horarios_2024_1.xlsx,./dados/2024_1/salas_2024_1.csv,./dados/2024_1/salas_preferenciais_2024.1.xlsx,/Users/robertdrey/Documents/workspace/development/alocador_de_salas,resultados/experimentos/2024_1/novas_hibridas/progr_2_depois_dia_turno/melhor_solucao.sol,resultados/experimentos/2024_1/novas_hibridas/progr_2_depois_dia_turno/historico.csv,resultados/experimentos/2024_1/novas_hibridas/progr_2_depois_dia_turno/historico.json,curso -> par_cursos -> dia_turno_curso,progressiva,alfabetica,,alfabetica,,alfabetica,,180.0,1,180.0,600.0,1,0,TEMPO_TOTAL,1,ENF,MED,56
1,6,57,par_cursos,ENF+PED,74,21298,73692,OPTIMAL,185252.0,185252.0,False,185252.0,270.61,270.29,600.0,,alfabetica,,,2,par_cursos,4,True,TEMPO_TOTAL,iteracao,cursos_progr_ate_2_dia_turno_curso,180.0,180.0,600.0,14400.0,False,False,alfabetica,,alfabetica,,./dados/2024_1/horarios_2024_1.xlsx,./dados/2024_1/salas_2024_1.csv,./dados/2024_1/salas_preferenciais_2024.1.xlsx,/Users/robertdrey/Documents/workspace/development/alocador_de_salas,resultados/experimentos/2024_1/novas_hibridas/progr_2_depois_dia_turno/melhor_solucao.sol,resultados/experimentos/2024_1/novas_hibridas/progr_2_depois_dia_turno/historico.csv,resultados/experimentos/2024_1/novas_hibridas/progr_2_depois_dia_turno/historico.json,curso -> par_cursos -> dia_turno_curso,progressiva,alfabetica,,alfabetica,,alfabetica,,180.0,1,180.0,600.0,1,0,TEMPO_TOTAL,1,ENF,PED,57
1,6,58,par_cursos,FIL+GEO,25,4830,90160,OPTIMAL,185252.0,185252.0,False,185252.0,0.61,0.3,600.0,,alfabetica,,,2,par_cursos,4,True,TEMPO_TOTAL,iteracao,cursos_progr_ate_2_dia_turno_curso,180.0,180.0,600.0,14400.0,False,False,alfabetica,,alfabetica,,./dados/2024_1/horarios_2024_1.xlsx,./dados/2024_1/salas_2024_1.csv,./dados/2024_1/salas_preferenciais_2024.1.xlsx,/Users/robertdrey/Documents/workspace/development/alocador_de_salas,resultados/experimentos/2024_1/novas_hibridas/progr_2_depois_dia_turno/melhor_solucao.sol,resultados/experimentos/2024_1/novas_hibridas/progr_2_depois_dia_turno/historico.csv,resultados/experimentos/2024_1/novas_hibridas/progr_2_depois_dia_turno/historico.json,curso -> par_cursos -> dia_turno_curso,progressiva,alfabetica,,alfabetica,,alfabetica,,180.0,1,180.0,600.0,1,0,TEMPO_TOTAL,1,FIL,GEO,58
1,6,59,par_cursos,FIL+HIS,39,7544,87446,OPTIMAL,185252.0,185252.0,False,185252.0,0.64,0.33,600.0,,alfabetica,,,2,par_cursos,4,True,TEMPO_TOTAL,iteracao,cursos_progr_ate_2_dia_turno_curso,180.0,180.0,600.0,14400.0,False,False,alfabetica,,alfabetica,,./dados/2024_1/horarios_2024_1.xlsx,./dados/2024_1/salas_2024_1.csv,./dados/2024_1/salas_preferenciais_2024.1.xlsx,/Users/robertdrey/Documents/workspace/development/alocador_de_salas,resultados/experimentos/2024_1/novas_hibridas/progr_2_depois_dia_turno/melhor_solucao.sol,resultados/experimentos/2024_1/novas_hibridas/progr_2_depois_dia_turno/historico.csv,resultados/experimentos/2024_1/novas_hibridas/progr_2_depois_dia_turno/historico.json,curso -> par_cursos -> dia_turno_curso,progressiva,alfabetica,,alfabetica,,alfabetica,,180.0,1,180.0,600.0,1,0,TEMPO_TOTAL,1,FIL,HIS,59
1,6,60,par_cursos,FIL+LET,51,11914,83076,OPTIMAL,185252.0,185252.0,False,185252.0,3.05,2.75,600.0,,alfabetica,,,2,par_cursos,4,True,TEMPO_TOTAL,iteracao,cursos_progr_ate_2_dia_turno_curso,180.0,180.0,600.0,14400.0,False,False,alfabetica,,alfabetica,,./dados/2024_1/horarios_2024_1.xlsx,./dados/2024_1/salas_2024_1.csv,./dados/2024_1/salas_preferenciais_2024.1.xlsx,/Users/robertdrey/Documents/workspace/development/alocador_de_salas,resultados/experimentos/2024_1/novas_hibridas/progr_2_depois_dia_turno/melhor_solucao.sol,resultados/experimentos/2024_1/novas_hibridas/progr_2_depois_dia_turno/historico.csv,resultados/experimentos/2024_1/novas_hibridas/progr_2_depois_dia_turno/historico.json,curso -> par_cursos -> dia_turno_curso,progressiva,alfabetica,,alfabetica,,alfabetica,,180.0,1,180.0,600.0,1,0,TEMPO_TOTAL,1,FIL,LET,60
1,6,61,par_cursos,FIL+MAT,38,7728,87262,OPTIMAL,185252.0,185252.0,False,185252.0,0.65,0.35,600.0,,alfabetica,,,2,par_cursos,4,True,TEMPO_TOTAL,iteracao,cursos_progr_ate_2_dia_turno_curso,180.0,180.0,600.0,14400.0,False,False,alfabetica,,alfabetica,,./dados/2024_1/horarios_2024_1.xlsx,./dados/2024_1/salas_2024_1.csv,./dados/2024_1/salas_preferenciais_2024.1.xlsx,/Users/robertdrey/Documents/workspace/development/alocador_de_salas,resultados/experimentos/2024_1/novas_hibridas/progr_2_depois_dia_turno/melhor_solucao.sol,resultados/experimentos/2024_1/novas_hibridas/progr_2_depois_dia_turno/historico.csv,resultados/experimentos/2024_1/novas_hibridas/progr_2_depois_dia_turno/historico.json,curso -> par_cursos -> dia_turno_curso,progressiva,alfabetica,,alfabetica,,alfabetica,,180.0,1,180.0,600.0,1,0,TEMPO_TOTAL,1,FIL,MAT,61
1,6,62,par_cursos,FIL+MED,56,12144,82846,OPTIMAL,185252.0,185252.0,False,185252.0,0.95,0.65,600.0,,alfabetica,,,2,par_cursos,4,True,TEMPO_TOTAL,iteracao,cursos_progr_ate_2_dia_turno_curso,180.0,180.0,600.0,14400.0,False,False,alfabetica,,alfabetica,,./dados/2024_1/horarios_2024_1.xlsx,./dados/2024_1/salas_2024_1.csv,./dados/2024_1/salas_preferenciais_2024.1.xlsx,/Users/robertdrey/Documents/workspace/development/alocador_de_salas,resultados/experimentos/2024_1/novas_hibridas/progr_2_depois_dia_turno/melhor_solucao.sol,resultados/experimentos/2024_1/novas_hibridas/progr_2_depois_dia_turno/historico.csv,resultados/experimentos/2024_1/novas_hibridas/progr_2_depois_dia_turno/historico.json,curso -> par_cursos -> dia_turno_curso,progressiva,alfabetica,,alfabetica,,alfabetica,,180.0,1,180.0,600.0,1,0,TEMPO_TOTAL,1,FIL,MED,62
1,6,63,par_cursos,FIL+PED,71,15548,79442,OPTIMAL,185252.0,185252.0,False,185252.0,27.25,26.92,600.0,,alfabetica,,,2,par_cursos,4,True,TEMPO_TOTAL,iteracao,cursos_progr_ate_2_dia_turno_curso,180.0,180.0,600.0,14400.0,False,False,alfabetica,,alfabetica,,./dados/2024_1/horarios_2024_1.xlsx,./dados/2024_1/salas_2024_1.csv,./dados/2024_1/salas_preferenciais_2024.1.xlsx,/Users/robertdrey/Documents/workspace/development/alocador_de_salas,resultados/experimentos/2024_1/novas_hibridas/progr_2_depois_dia_turno/melhor_solucao.sol,resultados/experimentos/2024_1/novas_hibridas/progr_2_depois_dia_turno/historico.csv,resultados/experimentos/2024_1/novas_hibridas/progr_2_depois_dia_turno/historico.json,curso -> par_cursos -> dia_turno_curso,progressiva,alfabetica,,alfabetica,,alfabetica,,180.0,1,180.0,600.0,1,0,TEMPO_TOTAL,1,FIL,PED,63
1,6,64,par_cursos,GEO+HIS,34,6854,88136,OPTIMAL,185252.0,185252.0,False,185252.0,0.72,0.39,600.0,,alfabetica,,,2,par_cursos,4,True,TEMPO_TOTAL,iteracao,cursos_progr_ate_2_dia_turno_curso,180.0,180.0,600.0,14400.0,False,False,alfabetica,,alfabetica,,./dados/2024_1/horarios_2024_1.xlsx,./dados/2024_1/salas_2024_1.csv,./dados/2024_1/salas_preferenciais_2024.1.xlsx,/Users/robertdrey/Documents/workspace/development/alocador_de_salas,resultados/experimentos/2024_1/novas_hibridas/progr_2_depois_dia_turno/melhor_solucao.sol,resultados/experimentos/2024_1/novas_hibridas/progr_2_depois_dia_turno/historico.csv,resultados/experimentos/2024_1/novas_hibridas/progr_2_depois_dia_turno/historico.json,curso -> par_cursos -> dia_turno_curso,progressiva,alfabetica,,alfabetica,,alfabetica,,180.0,1,180.0,600.0,1,0,TEMPO_TOTAL,1,GEO,HIS,64
1,6,65,par_cursos,GEO+LET,46,11224,83766,OPTIMAL,185252.0,185244.0,True,185244.0,2.43,2.12,600.0,,alfabetica,,,2,par_cursos,4,True,TEMPO_TOTAL,iteracao,cursos_progr_ate_2_dia_turno_curso,180.0,180.0,600.0,14400.0,False,False,alfabetica,,alfabetica,,./dados/2024_1/horarios_2024_1.xlsx,./dados/2024_1/salas_2024_1.csv,./dados/2024_1/salas_preferenciais_2024.1.xlsx,/Users/robertdrey/Documents/workspace/development/alocador_de_salas,resultados/experimentos/2024_1/novas_hibridas/progr_2_depois_dia_turno/melhor_solucao.sol,resultados/experimentos/2024_1/novas_hibridas/progr_2_depois_dia_turno/historico.csv,resultados/experimentos/2024_1/novas_hibridas/progr_2_depois_dia_turno/historico.json,curso -> par_cursos -> dia_turno_curso,progressiva,alfabetica,,alfabetica,,alfabetica,,180.0,1,180.0,600.0,1,0,TEMPO_TOTAL,1,GEO,LET,65
1,6,66,par_cursos,GEO+MAT,33,7038,87952,OPTIMAL,185244.0,185244.0,False,185244.0,0.68,0.36,598.14,,alfabetica,,,2,par_cursos,4,True,TEMPO_TOTAL,iteracao,cursos_progr_ate_2_dia_turno_curso,180.0,180.0,600.0,14400.0,False,False,alfabetica,,alfabetica,,./dados/2024_1/horarios_2024_1.xlsx,./dados/2024_1/salas_2024_1.csv,./dados/2024_1/salas_preferenciais_2024.1.xlsx,/Users/robertdrey/Documents/workspace/development/alocador_de_salas,resultados/experimentos/2024_1/novas_hibridas/progr_2_depois_dia_turno/melhor_solucao.sol,resultados/experimentos/2024_1/novas_hibridas/progr_2_depois_dia_turno/historico.csv,resultados/experimentos/2024_1/novas_hibridas/progr_2_depois_dia_turno/historico.json,curso -> par_cursos -> dia_turno_curso,progressiva,alfabetica,,alfabetica,,alfabetica,,180.0,1,180.0,600.0,1,0,TEMPO_TOTAL,1,GEO,MAT,66
1,6,67,par_cursos,GEO+MED,51,11454,83536,OPTIMAL,185244.0,185244.0,False,185244.0,0.98,0.68,597.46,,alfabetica,,,2,par_cursos,4,True,TEMPO_TOTAL,iteracao,cursos_progr_ate_2_dia_turno_curso,180.0,180.0,600.0,14400.0,False,False,alfabetica,,alfabetica,,./dados/2024_1/horarios_2024_1.xlsx,./dados/2024_1/salas_2024_1.csv,./dados/2024_1/salas_preferenciais_2024.1.xlsx,/Users/robertdrey/Documents/workspace/development/alocador_de_salas,resultados/experimentos/2024_1/novas_hibridas/progr_2_depois_dia_turno/melhor_solucao.sol,resultados/experimentos/2024_1/novas_hibridas/progr_2_depois_dia_turno/historico.csv,resultados/experimentos/2024_1/novas_hibridas/progr_2_depois_dia_turno/historico.json,curso -> par_cursos -> dia_turno_curso,progressiva,alfabetica,,alfabetica,,alfabetica,,180.0,1,180.0,600.0,1,0,TEMPO_TOTAL,1,GEO,MED,67
1,6,68,par_cursos,GEO+PED,66,14858,80132,OPTIMAL,185244.0,185244.0,False,185244.0,31.63,31.31,596.49,,alfabetica,,,2,par_cursos,4,True,TEMPO_TOTAL,iteracao,cursos_progr_ate_2_dia_turno_curso,180.0,180.0,600.0,14400.0,False,False,alfabetica,,alfabetica,,./dados/2024_1/horarios_2024_1.xlsx,./dados/2024_1/salas_2024_1.csv,./dados/2024_1/salas_preferenciais_2024.1.xlsx,/Users/robertdrey/Documents/workspace/development/alocador_de_salas,resultados/experimentos/2024_1/novas_hibridas/progr_2_depois_dia_turno/melhor_solucao.sol,resultados/experimentos/2024_1/novas_hibridas/progr_2_depois_dia_turno/historico.csv,resultados/experimentos/2024_1/novas_hibridas/progr_2_depois_dia_turno/historico.json,curso -> par_cursos -> dia_turno_curso,progressiva,alfabetica,,alfabetica,,alfabetica,,180.0,1,180.0,600.0,1,0,TEMPO_TOTAL,1,GEO,PED,68
1,6,69,par_cursos,HIS+LET,60,13938,81052,OPTIMAL,185244.0,185244.0,False,185244.0,2.64,2.33,564.86,,alfabetica,,,2,par_cursos,4,True,TEMPO_TOTAL,iteracao,cursos_progr_ate_2_dia_turno_curso,180.0,180.0,600.0,14400.0,False,False,alfabetica,,alfabetica,,./dados/2024_1/horarios_2024_1.xlsx,./dados/2024_1/salas_2024_1.csv,./dados/2024_1/salas_preferenciais_2024.1.xlsx,/Users/robertdrey/Documents/workspace/development/alocador_de_salas,resultados/experimentos/2024_1/novas_hibridas/progr_2_depois_dia_turno/melhor_solucao.sol,resultados/experimentos/2024_1/novas_hibridas/progr_2_depois_dia_turno/historico.csv,resultados/experimentos/2024_1/novas_hibridas/progr_2_depois_dia_turno/historico.json,curso -> par_cursos -> dia_turno_curso,progressiva,alfabetica,,alfabetica,,alfabetica,,180.0,1,180.0,600.0,1,0,TEMPO_TOTAL,1,HIS,LET,69
1,6,70,par_cursos,HIS+MAT,47,9752,85238,OPTIMAL,185244.0,185244.0,False,185244.0,0.76,0.46,562.21,,alfabetica,,,2,par_cursos,4,True,TEMPO_TOTAL,iteracao,cursos_progr_ate_2_dia_turno_curso,180.0,180.0,600.0,14400.0,False,False,alfabetica,,alfabetica,,./dados/2024_1/horarios_2024_1.xlsx,./dados/2024_1/salas_2024_1.csv,./dados/2024_1/salas_preferenciais_2024.1.xlsx,/Users/robertdrey/Documents/workspace/development/alocador_de_salas,resultados/experimentos/2024_1/novas_hibridas/progr_2_depois_dia_turno/melhor_solucao.sol,resultados/experimentos/2024_1/novas_hibridas/progr_2_depois_dia_turno/historico.csv,resultados/experimentos/2024_1/novas_hibridas/progr_2_depois_dia_turno/historico.json,curso -> par_cursos -> dia_turno_curso,progressiva,alfabetica,,alfabetica,,alfabetica,,180.0,1,180.0,600.0,1,0,TEMPO_TOTAL,1,HIS,MAT,70
1,6,71,par_cursos,HIS+MED,65,14168,80822,OPTIMAL,185244.0,185244.0,False,185244.0,1.03,0.73,561.45,,alfabetica,,,2,par_cursos,4,True,TEMPO_TOTAL,iteracao,cursos_progr_ate_2_dia_turno_curso,180.0,180.0,600.0,14400.0,False,False,alfabetica,,alfabetica,,./dados/2024_1/horarios_2024_1.xlsx,./dados/2024_1/salas_2024_1.csv,./dados/2024_1/salas_preferenciais_2024.1.xlsx,/Users/robertdrey/Documents/workspace/development/alocador_de_salas,resultados/experimentos/2024_1/novas_hibridas/progr_2_depois_dia_turno/melhor_solucao.sol,resultados/experimentos/2024_1/novas_hibridas/progr_2_depois_dia_turno/historico.csv,resultados/experimentos/2024_1/novas_hibridas/progr_2_depois_dia_turno/historico.json,curso -> par_cursos -> dia_turno_curso,progressiva,alfabetica,,alfabetica,,alfabetica,,180.0,1,180.0,600.0,1,0,TEMPO_TOTAL,1,HIS,MED,71
1,6,72,par_cursos,HIS+PED,80,17572,77418,OPTIMAL,185244.0,185244.0,False,185244.0,25.21,24.9,560.42,,alfabetica,,,2,par_cursos,4,True,TEMPO_TOTAL,iteracao,cursos_progr_ate_2_dia_turno_curso,180.0,180.0,600.0,14400.0,False,False,alfabetica,,alfabetica,,./dados/2024_1/horarios_2024_1.xlsx,./dados/2024_1/salas_2024_1.csv,./dados/2024_1/salas_preferenciais_2024.1.xlsx,/Users/robertdrey/Documents/workspace/development/alocador_de_salas,resultados/experimentos/2024_1/novas_hibridas/progr_2_depois_dia_turno/melhor_solucao.sol,resultados/experimentos/2024_1/novas_hibridas/progr_2_depois_dia_turno/historico.csv,resultados/experimentos/2024_1/novas_hibridas/progr_2_depois_dia_turno/historico.json,curso -> par_cursos -> dia_turno_curso,progressiva,alfabetica,,alfabetica,,alfabetica,,180.0,1,180.0,600.0,1,0,TEMPO_TOTAL,1,HIS,PED,72
1,6,73,par_cursos,LET+MAT,59,14122,80868,OPTIMAL,185244.0,185244.0,False,185244.0,2.0,1.68,535.22,,alfabetica,,,2,par_cursos,4,True,TEMPO_TOTAL,iteracao,cursos_progr_ate_2_dia_turno_curso,180.0,180.0,600.0,14400.0,False,False,alfabetica,,alfabetica,,./dados/2024_1/horarios_2024_1.xlsx,./dados/2024_1/salas_2024_1.csv,./dados/2024_1/salas_preferenciais_2024.1.xlsx,/Users/robertdrey/Documents/workspace/development/alocador_de_salas,resultados/experimentos/2024_1/novas_hibridas/progr_2_depois_dia_turno/melhor_solucao.sol,resultados/experimentos/2024_1/novas_hibridas/progr_2_depois_dia_turno/historico.csv,resultados/experimentos/2024_1/novas_hibridas/progr_2_depois_dia_turno/historico.json,curso -> par_cursos -> dia_turno_curso,progressiva,alfabetica,,alfabetica,,alfabetica,,180.0,1,180.0,600.0,1,0,TEMPO_TOTAL,1,LET,MAT,73
1,6,74,par_cursos,LET+MED,77,18538,76452,OPTIMAL,185244.0,185244.0,False,185244.0,2.02,1.72,533.22,,alfabetica,,,2,par_cursos,4,True,TEMPO_TOTAL,iteracao,cursos_progr_ate_2_dia_turno_curso,180.0,180.0,600.0,14400.0,False,False,alfabetica,,alfabetica,,./dados/2024_1/horarios_2024_1.xlsx,./dados/2024_1/salas_2024_1.csv,./dados/2024_1/salas_preferenciais_2024.1.xlsx,/Users/robertdrey/Documents/workspace/development/alocador_de_salas,resultados/experimentos/2024_1/novas_hibridas/progr_2_depois_dia_turno/melhor_solucao.sol,resultados/experimentos/2024_1/novas_hibridas/progr_2_depois_dia_turno/historico.csv,resultados/experimentos/2024_1/novas_hibridas/progr_2_depois_dia_turno/historico.json,curso -> par_cursos -> dia_turno_curso,progressiva,alfabetica,,alfabetica,,alfabetica,,180.0,1,180.0,600.0,1,0,TEMPO_TOTAL,1,LET,MED,74
1,6,75,par_cursos,LET+PED,92,21942,73048,OPTIMAL,185244.0,185244.0,False,185244.0,28.99,28.66,531.2,,alfabetica,,,2,par_cursos,4,True,TEMPO_TOTAL,iteracao,cursos_progr_ate_2_dia_turno_curso,180.0,180.0,600.0,14400.0,False,False,alfabetica,,alfabetica,,./dados/2024_1/horarios_2024_1.xlsx,./dados/2024_1/salas_2024_1.csv,./dados/2024_1/salas_preferenciais_2024.1.xlsx,/Users/robertdrey/Documents/workspace/development/alocador_de_salas,resultados/experimentos/2024_1/novas_hibridas/progr_2_depois_dia_turno/melhor_solucao.sol,resultados/experimentos/2024_1/novas_hibridas/progr_2_depois_dia_turno/historico.csv,resultados/experimentos/2024_1/novas_hibridas/progr_2_depois_dia_turno/historico.json,curso -> par_cursos -> dia_turno_curso,progressiva,alfabetica,,alfabetica,,alfabetica,,180.0,1,180.0,600.0,1,0,TEMPO_TOTAL,1,LET,PED,75
1,6,76,par_cursos,MAT+MED,64,14352,80638,OPTIMAL,185244.0,185244.0,False,185244.0,1.03,0.71,502.21,,alfabetica,,,2,par_cursos,4,True,TEMPO_TOTAL,iteracao,cursos_progr_ate_2_dia_turno_curso,180.0,180.0,600.0,14400.0,False,False,alfabetica,,alfabetica,,./dados/2024_1/horarios_2024_1.xlsx,./dados/2024_1/salas_2024_1.csv,./dados/2024_1/salas_preferenciais_2024.1.xlsx,/Users/robertdrey/Documents/workspace/development/alocador_de_salas,resultados/experimentos/2024_1/novas_hibridas/progr_2_depois_dia_turno/melhor_solucao.sol,resultados/experimentos/2024_1/novas_hibridas/progr_2_depois_dia_turno/historico.csv,resultados/experimentos/2024_1/novas_hibridas/progr_2_depois_dia_turno/historico.json,curso -> par_cursos -> dia_turno_curso,progressiva,alfabetica,,alfabetica,,alfabetica,,180.0,1,180.0,600.0,1,0,TEMPO_TOTAL,1,MAT,MED,76
1,6,77,par_cursos,MAT+PED,79,17756,77234,OPTIMAL,185244.0,185244.0,False,185244.0,20.79,20.5,501.18,,alfabetica,,,2,par_cursos,4,True,TEMPO_TOTAL,iteracao,cursos_progr_ate_2_dia_turno_curso,180.0,180.0,600.0,14400.0,False,False,alfabetica,,alfabetica,,./dados/2024_1/horarios_2024_1.xlsx,./dados/2024_1/salas_2024_1.csv,./dados/2024_1/salas_preferenciais_2024.1.xlsx,/Users/robertdrey/Documents/workspace/development/alocador_de_salas,resultados/experimentos/2024_1/novas_hibridas/progr_2_depois_dia_turno/melhor_solucao.sol,resultados/experimentos/2024_1/novas_hibridas/progr_2_depois_dia_turno/historico.csv,resultados/experimentos/2024_1/novas_hibridas/progr_2_depois_dia_turno/historico.json,curso -> par_cursos -> dia_turno_curso,progressiva,alfabetica,,alfabetica,,alfabetica,,180.0,1,180.0,600.0,1,0,TEMPO_TOTAL,1,MAT,PED,77
1,6,78,par_cursos,MED+PED,97,22172,72818,OPTIMAL,185244.0,185244.0,False,185244.0,36.67,36.36,480.39,,alfabetica,,,2,par_cursos,4,True,TEMPO_TOTAL,iteracao,cursos_progr_ate_2_dia_turno_curso,180.0,180.0,600.0,14400.0,False,False,alfabetica,,alfabetica,,./dados/2024_1/horarios_2024_1.xlsx,./dados/2024_1/salas_2024_1.csv,./dados/2024_1/salas_preferenciais_2024.1.xlsx,/Users/robertdrey/Documents/workspace/development/alocador_de_salas,resultados/experimentos/2024_1/novas_hibridas/progr_2_depois_dia_turno/melhor_solucao.sol,resultados/experimentos/2024_1/novas_hibridas/progr_2_depois_dia_turno/historico.csv,resultados/experimentos/2024_1/novas_hibridas/progr_2_depois_dia_turno/historico.json,curso -> par_cursos -> dia_turno_curso,progressiva,alfabetica,,alfabetica,,alfabetica,,180.0,1,180.0,600.0,1,0,TEMPO_TOTAL,1,MED,PED,78
1,7,1,par_cursos,ADM+AGRO,99,18032,76958,OPTIMAL,185244.0,185244.0,False,185244.0,11.45,11.12,443.72,,alfabetica,,,2,par_cursos,5,False,TEMPO_TOTAL,iteracao,cursos_progr_ate_2_dia_turno_curso,180.0,180.0,600.0,14400.0,False,False,alfabetica,,alfabetica,,./dados/2024_1/horarios_2024_1.xlsx,./dados/2024_1/salas_2024_1.csv,./dados/2024_1/salas_preferenciais_2024.1.xlsx,/Users/robertdrey/Documents/workspace/development/alocador_de_salas,resultados/experimentos/2024_1/novas_hibridas/progr_2_depois_dia_turno/melhor_solucao.sol,resultados/experimentos/2024_1/novas_hibridas/progr_2_depois_dia_turno/historico.csv,resultados/experimentos/2024_1/novas_hibridas/progr_2_depois_dia_turno/historico.json,curso -> par_cursos -> dia_turno_curso,progressiva,alfabetica,,alfabetica,,alfabetica,,180.0,1,180.0,600.0,1,0,TEMPO_TOTAL,1,ADM,AGRO,1
1,7,2,par_cursos,ADM+CC,95,19826,75164,OPTIMAL,185244.0,185244.0,False,185244.0,50.81,50.45,432.27,,alfabetica,,,2,par_cursos,5,False,TEMPO_TOTAL,iteracao,cursos_progr_ate_2_dia_turno_curso,180.0,180.0,600.0,14400.0,False,False,alfabetica,,alfabetica,,./dados/2024_1/horarios_2024_1.xlsx,./dados/2024_1/salas_2024_1.csv,./dados/2024_1/salas_preferenciais_2024.1.xlsx,/Users/robertdrey/Documents/workspace/development/alocador_de_salas,resultados/experimentos/2024_1/novas_hibridas/progr_2_depois_dia_turno/melhor_solucao.sol,resultados/experimentos/2024_1/novas_hibridas/progr_2_depois_dia_turno/historico.csv,resultados/experimentos/2024_1/novas_hibridas/progr_2_depois_dia_turno/historico.json,curso -> par_cursos -> dia_turno_curso,progressiva,alfabetica,,alfabetica,,alfabetica,,180.0,1,180.0,600.0,1,0,TEMPO_TOTAL,1,ADM,CC,2
1,7,3,par_cursos,ADM+CS,70,13846,81144,OPTIMAL,185244.0,185244.0,False,185244.0,1.3,0.98,381.47,,alfabetica,,,2,par_cursos,5,False,TEMPO_TOTAL,iteracao,cursos_progr_ate_2_dia_turno_curso,180.0,180.0,600.0,14400.0,False,False,alfabetica,,alfabetica,,./dados/2024_1/horarios_2024_1.xlsx,./dados/2024_1/salas_2024_1.csv,./dados/2024_1/salas_preferenciais_2024.1.xlsx,/Users/robertdrey/Documents/workspace/development/alocador_de_salas,resultados/experimentos/2024_1/novas_hibridas/progr_2_depois_dia_turno/melhor_solucao.sol,resultados/experimentos/2024_1/novas_hibridas/progr_2_depois_dia_turno/historico.csv,resultados/experimentos/2024_1/novas_hibridas/progr_2_depois_dia_turno/historico.json,curso -> par_cursos -> dia_turno_curso,progressiva,alfabetica,,alfabetica,,alfabetica,,180.0,1,180.0,600.0,1,0,TEMPO_TOTAL,1,ADM,CS,3
1,7,4,par_cursos,ADM+EAS,93,16744,78246,OPTIMAL,185244.0,185244.0,False,185244.0,1.37,1.02,380.17,,alfabetica,,,2,par_cursos,5,False,TEMPO_TOTAL,iteracao,cursos_progr_ate_2_dia_turno_curso,180.0,180.0,600.0,14400.0,False,False,alfabetica,,alfabetica,,./dados/2024_1/horarios_2024_1.xlsx,./dados/2024_1/salas_2024_1.csv,./dados/2024_1/salas_preferenciais_2024.1.xlsx,/Users/robertdrey/Documents/workspace/development/alocador_de_salas,resultados/experimentos/2024_1/novas_hibridas/progr_2_depois_dia_turno/melhor_solucao.sol,resultados/experimentos/2024_1/novas_hibridas/progr_2_depois_dia_turno/historico.csv,resultados/experimentos/2024_1/novas_hibridas/progr_2_depois_dia_turno/historico.json,curso -> par_cursos -> dia_turno_curso,progressiva,alfabetica,,alfabetica,,alfabetica,,180.0,1,180.0,600.0,1,0,TEMPO_TOTAL,1,ADM,EAS,4
1,7,5,par_cursos,ADM+ENF,66,17802,77188,OPTIMAL,185244.0,185244.0,False,185244.0,10.24,9.89,378.8,,alfabetica,,,2,par_cursos,5,False,TEMPO_TOTAL,iteracao,cursos_progr_ate_2_dia_turno_curso,180.0,180.0,600.0,14400.0,False,False,alfabetica,,alfabetica,,./dados/2024_1/horarios_2024_1.xlsx,./dados/2024_1/salas_2024_1.csv,./dados/2024_1/salas_preferenciais_2024.1.xlsx,/Users/robertdrey/Documents/workspace/development/alocador_de_salas,resultados/experimentos/2024_1/novas_hibridas/progr_2_depois_dia_turno/melhor_solucao.sol,resultados/experimentos/2024_1/novas_hibridas/progr_2_depois_dia_turno/historico.csv,resultados/experimentos/2024_1/novas_hibridas/progr_2_depois_dia_turno/historico.json,curso -> par_cursos -> dia_turno_curso,progressiva,alfabetica,,alfabetica,,alfabetica,,180.0,1,180.0,600.0,1,0,TEMPO_TOTAL,1,ADM,ENF,5
1,7,6,par_cursos,ADM+FIL,63,12052,82938,OPTIMAL,185244.0,185244.0,False,185244.0,0.93,0.58,368.56,,alfabetica,,,2,par_cursos,5,False,TEMPO_TOTAL,iteracao,cursos_progr_ate_2_dia_turno_curso,180.0,180.0,600.0,14400.0,False,False,alfabetica,,alfabetica,,./dados/2024_1/horarios_2024_1.xlsx,./dados/2024_1/salas_2024_1.csv,./dados/2024_1/salas_preferenciais_2024.1.xlsx,/Users/robertdrey/Documents/workspace/development/alocador_de_salas,resultados/experimentos/2024_1/novas_hibridas/progr_2_depois_dia_turno/melhor_solucao.sol,resultados/experimentos/2024_1/novas_hibridas/progr_2_depois_dia_turno/historico.csv,resultados/experimentos/2024_1/novas_hibridas/progr_2_depois_dia_turno/historico.json,curso -> par_cursos -> dia_turno_curso,progressiva,alfabetica,,alfabetica,,alfabetica,,180.0,1,180.0,600.0,1,0,TEMPO_TOTAL,1,ADM,FIL,6
1,7,7,par_cursos,ADM+GEO,58,11362,83628,OPTIMAL,185244.0,185244.0,False,185244.0,0.89,0.59,367.63,,alfabetica,,,2,par_cursos,5,False,TEMPO_TOTAL,iteracao,cursos_progr_ate_2_dia_turno_curso,180.0,180.0,600.0,14400.0,False,False,alfabetica,,alfabetica,,./dados/2024_1/horarios_2024_1.xlsx,./dados/2024_1/salas_2024_1.csv,./dados/2024_1/salas_preferenciais_2024.1.xlsx,/Users/robertdrey/Documents/workspace/development/alocador_de_salas,resultados/experimentos/2024_1/novas_hibridas/progr_2_depois_dia_turno/melhor_solucao.sol,resultados/experimentos/2024_1/novas_hibridas/progr_2_depois_dia_turno/historico.csv,resultados/experimentos/2024_1/novas_hibridas/progr_2_depois_dia_turno/historico.json,curso -> par_cursos -> dia_turno_curso,progressiva,alfabetica,,alfabetica,,alfabetica,,180.0,1,180.0,600.0,1,0,TEMPO_TOTAL,1,ADM,GEO,7
1,7,8,par_cursos,ADM+HIS,72,14076,80914,OPTIMAL,185244.0,185244.0,False,185244.0,1.13,0.83,366.74,,alfabetica,,,2,par_cursos,5,False,TEMPO_TOTAL,iteracao,cursos_progr_ate_2_dia_turno_curso,180.0,180.0,600.0,14400.0,False,False,alfabetica,,alfabetica,,./dados/2024_1/horarios_2024_1.xlsx,./dados/2024_1/salas_2024_1.csv,./dados/2024_1/salas_preferenciais_2024.1.xlsx,/Users/robertdrey/Documents/workspace/development/alocador_de_salas,resultados/experimentos/2024_1/novas_hibridas/progr_2_depois_dia_turno/melhor_solucao.sol,resultados/experimentos/2024_1/novas_hibridas/progr_2_depois_dia_turno/historico.csv,resultados/experimentos/2024_1/novas_hibridas/progr_2_depois_dia_turno/historico.json,curso -> par_cursos -> dia_turno_curso,progressiva,alfabetica,,alfabetica,,alfabetica,,180.0,1,180.0,600.0,1,0,TEMPO_TOTAL,1,ADM,HIS,8
1,7,9,par_cursos,ADM+LET,84,18446,76544,OPTIMAL,185244.0,185244.0,False,185244.0,5.29,4.97,365.61,,alfabetica,,,2,par_cursos,5,False,TEMPO_TOTAL,iteracao,cursos_progr_ate_2_dia_turno_curso,180.0,180.0,600.0,14400.0,False,False,alfabetica,,alfabetica,,./dados/2024_1/horarios_2024_1.xlsx,./dados/2024_1/salas_2024_1.csv,./dados/2024_1/salas_preferenciais_2024.1.xlsx,/Users/robertdrey/Documents/workspace/development/alocador_de_salas,resultados/experimentos/2024_1/novas_hibridas/progr_2_depois_dia_turno/melhor_solucao.sol,resultados/experimentos/2024_1/novas_hibridas/progr_2_depois_dia_turno/historico.csv,resultados/experimentos/2024_1/novas_hibridas/progr_2_depois_dia_turno/historico.json,curso -> par_cursos -> dia_turno_curso,progressiva,alfabetica,,alfabetica,,alfabetica,,180.0,1,180.0,600.0,1,0,TEMPO_TOTAL,1,ADM,LET,9
1,7,10,par_cursos,ADM+MAT,71,14260,80730,OPTIMAL,185244.0,185244.0,False,185244.0,1.09,0.77,360.32,,alfabetica,,,2,par_cursos,5,False,TEMPO_TOTAL,iteracao,cursos_progr_ate_2_dia_turno_curso,180.0,180.0,600.0,14400.0,False,False,alfabetica,,alfabetica,,./dados/2024_1/horarios_2024_1.xlsx,./dados/2024_1/salas_2024_1.csv,./dados/2024_1/salas_preferenciais_2024.1.xlsx,/Users/robertdrey/Documents/workspace/development/alocador_de_salas,resultados/experimentos/2024_1/novas_hibridas/progr_2_depois_dia_turno/melhor_solucao.sol,resultados/experimentos/2024_1/novas_hibridas/progr_2_depois_dia_turno/historico.csv,resultados/experimentos/2024_1/novas_hibridas/progr_2_depois_dia_turno/historico.json,curso -> par_cursos -> dia_turno_curso,progressiva,alfabetica,,alfabetica,,alfabetica,,180.0,1,180.0,600.0,1,0,TEMPO_TOTAL,1,ADM,MAT,10
1,7,11,par_cursos,ADM+MED,89,18676,76314,OPTIMAL,185244.0,185244.0,False,185244.0,1.68,1.37,359.23,,alfabetica,,,2,par_cursos,5,False,TEMPO_TOTAL,iteracao,cursos_progr_ate_2_dia_turno_curso,180.0,180.0,600.0,14400.0,False,False,alfabetica,,alfabetica,,./dados/2024_1/horarios_2024_1.xlsx,./dados/2024_1/salas_2024_1.csv,./dados/2024_1/salas_preferenciais_2024.1.xlsx,/Users/robertdrey/Documents/workspace/development/alocador_de_salas,resultados/experimentos/2024_1/novas_hibridas/progr_2_depois_dia_turno/melhor_solucao.sol,resultados/experimentos/2024_1/novas_hibridas/progr_2_depois_dia_turno/historico.csv,resultados/experimentos/2024_1/novas_hibridas/progr_2_depois_dia_turno/historico.json,curso -> par_cursos -> dia_turno_curso,progressiva,alfabetica,,alfabetica,,alfabetica,,180.0,1,180.0,600.0,1,0,TEMPO_TOTAL,1,ADM,MED,11
1,7,12,par_cursos,ADM+PED,104,22080,72910,TIME_LIMIT,185244.0,185244.0,False,185244.0,358.06,357.72,357.55,,alfabetica,,,2,par_cursos,5,False,TEMPO_TOTAL,iteracao,cursos_progr_ate_2_dia_turno_curso,180.0,180.0,600.0,14400.0,False,False,alfabetica,,alfabetica,,./dados/2024_1/horarios_2024_1.xlsx,./dados/2024_1/salas_2024_1.csv,./dados/2024_1/salas_preferenciais_2024.1.xlsx,/Users/robertdrey/Documents/workspace/development/alocador_de_salas,resultados/experimentos/2024_1/novas_hibridas/progr_2_depois_dia_turno/melhor_solucao.sol,resultados/experimentos/2024_1/novas_hibridas/progr_2_depois_dia_turno/historico.csv,resultados/experimentos/2024_1/novas_hibridas/progr_2_depois_dia_turno/historico.json,curso -> par_cursos -> dia_turno_curso,progressiva,alfabetica,,alfabetica,,alfabetica,,180.0,1,180.0,600.0,1,0,TEMPO_TOTAL,1,ADM,PED,12
