Agrupamento!
Curso:  ADMINISTRAÇÃO
Disciplina 1: GCS528_1 | ('2M2345 (04/03/2024 - 29/04/2024)',)
Disciplina 2: GCH087_1 | ('2M2345 (06/05/2024 - 01/07/2024)',)
Agrupamento!
Curso:  ENFERMAGEM
Disciplina 1: GCH090_1 | ('3T1234 (06/05/2024 - 06/07/2024)',)
Disciplina 2: GSA020_1 | ('3T1234 (04/03/2024 - 04/05/2024)',)
Agrupamento!
Curso:  ENGENHARIA AMBIENTAL E SANITÁRIA
Disciplina 1: GEN108_1 | ('2T345 (04/03/2024 - 11/05/2024),  2T345 6T45 (13/05/2024 - 06/07/2024),  2T34 (08/07/2024 - 13/07/2024)',)
Disciplina 2: GEN107_1 | ('5T123 6T45 (04/03/2024 - 11/05/2024),  5T123 (13/05/2024 - 13/07/2024)',)
Agrupamento!
Curso:  LETRAS - PORTUGUÊS E ESPANHOL
Disciplina 1: GLA369_1 | ('2N1234 (15/04/2024 - 15/06/2024),  2T12  2N1234 (17/06/2024 - 22/06/2024)',)
Disciplina 2: GCH837_2 | ('2T12345  2N1234 (04/03/2024 - 13/04/2024),  2T12345 (15/04/2024 - 04/05/2024),  2T12345 (27/05/2024 - 08/06/2024),  2T12345 (10/06/2024 - 15/06/2024),  2N1234 (24/06/2024 - 13/07/2024)',)
Agrupamento!
Curso:  LETRAS - PORTUGUÊS E ESPANHOL
Disciplina 1: GLA381_1 | ('4N1234 (08/04/2024 - 11/05/2024),  4T1234  4N1234 (13/05/2024 - 25/05/2024),  4N1234 (27/05/2024 - 13/07/2024)',)
Disciplina 2: GLA379_1 | ('4N1234 (04/03/2024 - 06/04/2024),   2N1234 (08/04/2024 - 13/04/2024),  2N1234 (29/04/2024 - 11/05/2024), 2N1234 (24/06/2024 - 24/06/2024)',)
Agrupamento!
Curso:  LETRAS - PORTUGUÊS E ESPANHOL
Disciplina 1: GLA380_1 | ('6N1234 (20/05/2024 - 01/06/2024),  6T1234  6N1234 (03/06/2024 - 08/06/2024),  6N1234 (10/06/2024 - 13/07/2024)',)
Disciplina 2: GLA384_1 | ('6T12  6N1234 (04/03/2024 - 09/03/2024),  6N1234 (11/03/2024 - 18/05/2024)',)
Agrupamento!
Curso:  LETRAS - PORTUGUÊS E ESPANHOL
Disciplina 1: GLA383_1 | ('2N1234 (04/03/2024 - 06/04/2024),  2N1234 (15/04/2024 - 27/04/2024),  2N1234 (13/05/2024 - 22/06/2024),  2N1234 (01/07/2024 - 13/07/2024)',)
Disciplina 2: GLA379_1 | ('4N1234 (04/03/2024 - 06/04/2024),   2N1234 (08/04/2024 - 13/04/2024),  2N1234 (29/04/2024 - 11/05/2024), 2N1234 (24/06/2024 - 24/06/2024)',)
Agrupamento!
Curso:  LETRAS - PORTUGUÊS E ESPANHOL
Disciplina 1: GLA386_1 | ('3N1234 (29/04/2024 - 06/07/2024),  3N12 (08/07/2024 - 13/07/2024)',)
Disciplina 2: GLA385_1 | ('3T12345  3N1234 (04/03/2024 - 16/03/2024),  3N1234 (18/03/2024 - 27/04/2024)',)
Agrupamento!
Curso:  LETRAS - PORTUGUÊS E ESPANHOL
Disciplina 1: GLA395_1 | ('2T1234  2N1234 (04/03/2024 - 23/03/2024),  2T1234 (25/03/2024 - 30/03/2024),  2N1234 (01/07/2024 - 13/07/2024)',)
Disciplina 2: GLA397_1 | ('2N1234 (25/03/2024 - 01/06/2024),  2N12 (03/06/2024 - 08/06/2024)',)
Agrupamento!
Curso:  MATEMÁTICA
Disciplina 1: GEX983_1 | ('6N1234 (04/03/2024 - 26/04/2024),  6N12 (03/05/2024 - 03/05/2024)',)
Disciplina 2: GEX980_1 | ('6N1234 (17/05/2024 - 24/05/2024),  6N1234 (07/06/2024 - 05/07/2024),  6N12 (12/07/2024 - 12/07/2024)',)
Agrupamento!
Curso:  MATEMÁTICA
Disciplina 1: GEX989_1 | ('4N1234 (13/03/2024 - 13/03/2024),  4N1234 (10/04/2024 - 10/04/2024),  4N1234 (08/05/2024 - 08/05/2024),  4N1234 (22/05/2024 - 22/05/2024),  4N1234 (12/06/2024 - 12/06/2024),  2N1234 (17/06/2024 - 17/06/2024),  24N1234 (24/06/2024 - 26/06/2024),  2N1234 (01/07/2024 - 01/07/2024)',)
Disciplina 2: GEX988_1 | ('2N1234 (04/03/2024 - 10/06/2024)',)
Agrupamento!
Curso:  MATEMÁTICA
Disciplina 1: GEX996_1 | ('2N1234 (04/03/2024 - 04/03/2024),  2N1234 (18/03/2024 - 18/03/2024),  2N1234 (01/04/2024 - 01/04/2024),  2N1234 (15/04/2024 - 15/04/2024),  2N1234 (29/04/2024 - 29/04/2024),  2N1234 (13/05/2024 - 13/05/2024),  2N1234 (27/05/2024 - 27/05/2024),  2N1234 (10/06/2024 - 10/06/2024),  2N1234 (24/06/2024 - 24/06/2024)',)
Disciplina 2: GEX995_1 | ('2N1234 (11/03/2024 - 11/03/2024),  2T2345  2N1234 (25/03/2024 - 25/03/2024),  2T2345 (01/04/2024 - 01/04/2024),  2T2345  2N1234 (08/04/2024 - 08/04/2024),  2T2345 (15/04/2024 - 15/04/2024),  2T2345  2N1234 (22/04/2024 - 22/04/2024),  2T2345 (29/04/2024 - 29/04/2024),  2T2345  2N1234 (06/05/2024 - 06/05/2024),  2T2345 (13/05/2024 - 13/05/2024),  2T2345  2N1234 (20/05/2024 - 20/05/2024),  2T2345 (27/05/2024 - 27/05/2024),  2T2345  2N1234 (03/06/2024 - 03/06/2024),  2T2345 (10/06/2024 - 10/06/2024),  2T2345  2N1234 (17/06/2024 - 17/06/2024),  2T2345 (24/06/2024 - 24/06/2024),  2N12 (01/07/2024 - 01/07/2024)',)
Agrupamento!
Curso:  MEDICINA
Disciplina 1: GSA286_1 | ('4T1234 (06/03/2024 - 06/03/2024),  4T1234 (20/03/2024 - 20/03/2024),  4T1234 (03/04/2024 - 03/04/2024),  4T1234 (17/04/2024 - 17/04/2024),  4T1234 (08/05/2024 - 08/05/2024),  4T1234 (22/05/2024 - 22/05/2024),  4T1234 (29/05/2024 - 29/05/2024),  4T1234 (12/06/2024 - 12/06/2024),  4T1234 (26/06/2024 - 26/06/2024)',)
Disciplina 2: GSA285_1 | ('4T12345 (05/06/2024 - 05/06/2024),  4T12345 (19/06/2024 - 19/06/2024),  4T12345 (03/07/2024 - 03/07/2024),  4T123 (10/07/2024 - 10/07/2024)',)
Agrupamento!
Curso:  PEDAGOGIA
Disciplina 1: GCH1036_1 | ('5M1234 (28/03/2024 - 28/03/2024), 5M1234 (02/05/2024 - 02/05/2024), 5M1234 (06/06/2024 - 06/06/2024), 5M1234 (20/06/2024 - 20/06/2024), 5M12 (27/06/2024 - 27/06/2024)',)
Disciplina 2: GCH1100_1 | ('5M1234 (04/03/2024 - 21/03/2024), 5M1234 (04/04/2024 - 25/04/2024), 5M1234 (09/05/2024 - 09/05/2024), 5M1234 (16/05/2024 - 16/05/2024)',)
Agrupamento!
Curso:  PEDAGOGIA
Disciplina 1: GCH1039_1 | ('4N1234 (27/03/2024 - 27/03/2024),  4N1234 (08/05/2024 - 08/05/2024),  4N1234 (27/05/2024 - 08/06/2024),  4N12 (12/06/2024 - 12/06/2024)',)
Disciplina 2: GCH1038_1 | ('4N1234 (04/03/2024 - 23/03/2024),  4N1234 (01/04/2024 - 27/04/2024),  4N1234 (13/05/2024 - 25/05/2024)',)
Agrupamento!
Curso:  PEDAGOGIA
Disciplina 1: GCH1099_1 | ('6M1234 (04/03/2024 - 23/03/2024), 6M1234 (08/04/2024 - 04/05/2024), 6M1234 (13/05/2024 - 01/06/2024), 6M1234 (14/06/2024 - 14/06/2024), 6M34 (28/06/2024 - 28/06/2024), 6M1234 (01/07/2024 - 13/07/2024)',)
Disciplina 2: GCH1088_1 | ('6M1234 (01/04/2024 - 06/04/2024), 6M1234 (06/05/2024 - 11/05/2024), 6M1234 (03/06/2024 - 08/06/2024), 6M1234 (17/06/2024 - 22/06/2024), 6M12 (24/06/2024 - 29/06/2024)',)
Agrupamento!
Curso:  PEDAGOGIA
Disciplina 1: GCH1105_1 | ('3N1234 (04/03/2024 - 30/03/2024), 7M123456  3N1234 (01/07/2024 - 13/07/2024)',)
Disciplina 2: GCH1104_1 | ('3N1234 (01/04/2024 - 27/04/2024),  3N1234 (06/05/2024 - 18/05/2024)',)
Agrupamento!
Curso:  PEDAGOGIA
Disciplina 1: GCH1106_1 | ('2N1234 (25/03/2024 - 25/03/2024),  2N1234 (29/04/2024 - 29/04/2024),  2N1234 (27/05/2024 - 27/05/2024),  2N1234 (10/06/2024 - 10/06/2024),  2N12 (17/06/2024 - 17/06/2024)',)
Disciplina 2: GCH1102_1 | ('2N1234 (04/03/2024 - 23/03/2024),  2N1234 (01/04/2024 - 27/04/2024),  2N1234 (06/05/2024 - 25/05/2024),  2N1234 (03/06/2024 - 03/06/2024),  2N34 (17/06/2024 - 17/06/2024),  2N1234 (24/06/2024 - 06/07/2024)',)
Agrupamento!
Curso:  PEDAGOGIA
Disciplina 1: GCH1109_1 | ('3M1234 (06/05/2024 - 06/07/2024)',)
Disciplina 2: GCH1108_1 | ('3M1234 (04/03/2024 - 04/05/2024)',)
Agrupamento!
Curso:  PEDAGOGIA
Disciplina 1: GCH1111_1 | ('5M1234 (28/03/2024 - 28/03/2024), 5M1234 (02/05/2024 - 02/05/2024), 5M1234 (06/06/2024 - 06/06/2024), 5M1234 (20/06/2024 - 20/06/2024), 5M12 (27/06/2024 - 27/06/2024)',)
Disciplina 2: GCH837_3 | ('57M12345 (04/03/2024 - 23/03/2024), 57M12345 (01/04/2024 - 27/04/2024), 5M12345 (06/05/2024 - 25/05/2024), 57M12345 (13/06/2024 - 15/06/2024), 5M345 (27/06/2024 - 27/06/2024), 5M12345 (01/07/2024 - 13/07/2024)',)
Agrupamento!
Curso:  PEDAGOGIA
Disciplina 1: GCH1114_1 | ('7M2345  5N1234 (06/05/2024 - 25/05/2024), 7M2345  5N1234 (27/05/2024 - 08/06/2024),  5N1234 (10/06/2024 - 13/07/2024)',)
Disciplina 2: GCH1115_1 | ('7M2345  5N1234 (04/03/2024 - 23/03/2024),  5N1234 (25/03/2024 - 20/04/2024), 7M2345  5N1234 (22/04/2024 - 04/05/2024)',)
Agrupamento!
Curso:  PEDAGOGIA
Disciplina 1: GCH1116_1 | ('4N1234 (27/03/2024 - 27/03/2024),  4N1234 (08/05/2024 - 08/05/2024),  4N1234 (05/06/2024 - 05/06/2024),  4N1234 (19/06/2024 - 19/06/2024),  4N12 (26/06/2024 - 26/06/2024)',)
Disciplina 2: GCH1113_1 | ('4N1234 (04/03/2024 - 23/03/2024),  4N1234 (01/04/2024 - 27/04/2024),  4N1234 (13/05/2024 - 01/06/2024),  4N1234 (12/06/2024 - 12/06/2024),  4N34 (26/06/2024 - 26/06/2024), 7M123456  7T123  4N1234 (01/07/2024 - 13/07/2024)',)
Agrupamento!
Curso:  PEDAGOGIA
Disciplina 1: GLA240_1 | ('5M1234 (04/03/2024 - 04/05/2024)',)
Disciplina 2: GCH1119_1 | ('5M1234 (06/05/2024 - 13/07/2024)',)
Agrupamento!
Curso:  PEDAGOGIA
Disciplina 1: GEX776_1 | ('6M1234 (13/05/2024 - 13/07/2024)',)
Disciplina 2: GCH1118_1 | ('6M1234 (04/03/2024 - 11/05/2024)',)
Agrupamento!
Curso:  PEDAGOGIA
Disciplina 1: GCH1121_1 | ('7M2345 (09/03/2024 - 09/03/2024),  4N1234 (13/03/2024 - 13/03/2024), 7M2345 (16/03/2024 - 16/03/2024), 7M2345 (23/03/2024 - 23/03/2024),  4N1234 (10/04/2024 - 10/04/2024),  4N1234 (08/05/2024 - 08/05/2024),  4N1234 (22/05/2024 - 22/05/2024),  4N1234 (12/06/2024 - 12/06/2024),  4N1234 (26/06/2024 - 26/06/2024)',)
Disciplina 2: GEX777_1 | ('4N1234 (06/03/2024 - 06/03/2024),  4N1234 (18/03/2024 - 06/04/2024),  4N1234 (15/04/2024 - 27/04/2024), 7M2345  4N1234 (15/05/2024 - 18/05/2024), 7M2345  4N1234 (27/05/2024 - 08/06/2024), 7M2345  4N1234 (19/06/2024 - 22/06/2024), 7M2345  4N1234 (01/07/2024 - 13/07/2024)',)
Agrupamento!
Curso:  PEDAGOGIA
Disciplina 1: GCH1126_1 | ('2N1234 (25/03/2024 - 25/03/2024),  2N1234 (29/04/2024 - 29/04/2024),  2N1234 (27/05/2024 - 27/05/2024),  2N1234 (10/06/2024 - 10/06/2024),  2N12 (17/06/2024 - 17/06/2024)',)
Disciplina 2: GCH1122_1 | ('2N1234 (04/03/2024 - 23/03/2024),  2N1234 (01/04/2024 - 27/04/2024),  2N1234 (06/05/2024 - 06/05/2024),  2N1234 (13/05/2024 - 13/05/2024),  7T2345 (18/05/2024 - 18/05/2024),  2N1234 (20/05/2024 - 20/05/2024),  7T2345 (25/05/2024 - 25/05/2024),  7T2345 (01/06/2024 - 01/06/2024),  2N1234 (03/06/2024 - 03/06/2024),  7T2345 (08/06/2024 - 08/06/2024),  2N1234 (24/06/2024 - 13/07/2024)',)
Agrupamento!
Curso:  PEDAGOGIA
Disciplina 1: GCH1134_1 | ('3N1234 (26/03/2024 - 26/03/2024),  3N1234 (30/04/2024 - 30/04/2024),  3N1234 (21/05/2024 - 01/06/2024),  3N12 (04/06/2024 - 04/06/2024)',)
Disciplina 2: GCH1132_1 | ('3N1234 (04/03/2024 - 23/03/2024),  3N1234 (01/04/2024 - 27/04/2024),  3N1234 (06/05/2024 - 18/05/2024)',)
Agrupamentos:  27
Set parameter Username
Set parameter LicenseID to value 2851439
Academic license - for non-commercial use only - expires 2027-08-04
Set parameter TimeLimit to value 25200
Set parameter TimeLimit to value 3
Set parameter MIPFocus to value 1
Set parameter NoRelHeurTime to value 3
Gurobi Optimizer version 10.0.2 build v10.0.2rc0 (mac64[arm])

CPU model: Apple M5
Thread count: 10 physical cores, 10 logical processors, using up to 10 threads

Optimize a model with 548706 rows, 284763 columns and 1341935 nonzeros
Model fingerprint: 0x554225e6
Variable types: 0 continuous, 284763 integer (264707 binary)
Coefficient statistics:
  Matrix range     [1e+00, 8e+01]
  Objective range  [5e-01, 2e+03]
  Bounds range     [1e+00, 1e+00]
  RHS range        [1e+00, 1e+02]
Found heuristic solution: objective 4130000.0000
Presolve removed 258478 rows and 68178 columns
Presolve time: 1.69s
Presolved: 290228 rows, 216585 columns, 898474 nonzeros
Variable types: 0 continuous, 216585 integer (216585 binary)
Found heuristic solution: objective 3264725.0000
Starting NoRel heuristic
Found heuristic solution: objective 3264325.0000
NoRel heuristic complete

Explored 0 nodes (0 simplex iterations) in 3.36 seconds (6.87 work units)
Thread count was 10 (of 10 available processors)

Solution count 3: 3.26432e+06 3.26472e+06 4.13e+06 

Time limit reached
Best objective 3.264325000000e+06, best bound -4.283850000000e+06, gap 231.2323%
Solução -> não <- ótima.
Set parameter TimeLimit to value 25200
Set parameter TimeLimit to value 600
Set parameter NoRelHeurTime to value 0
Gurobi Optimizer version 10.0.2 build v10.0.2rc0 (mac64[arm])

CPU model: Apple M5
Thread count: 10 physical cores, 10 logical processors, using up to 10 threads

Optimize a model with 548706 rows, 284763 columns and 1341935 nonzeros
Model fingerprint: 0x20c84b6f
Variable types: 0 continuous, 284763 integer (264707 binary)
Coefficient statistics:
  Matrix range     [1e+00, 8e+01]
  Objective range  [5e-01, 2e+03]
  Bounds range     [1e+00, 1e+00]
  RHS range        [1e+00, 1e+02]

User MIP start produced solution with objective 3.26432e+06 (0.10s)
Loaded user MIP start with objective 3.26432e+06
MIP start from previous solve did not produce a new incumbent solution

Presolve removed 528883 rows and 268211 columns
Presolve time: 0.25s
Presolved: 19823 rows, 16552 columns, 57947 nonzeros
Variable types: 0 continuous, 16552 integer (16552 binary)
Found heuristic solution: objective 3264075.0000

Root relaxation: objective 2.924156e+06, 3217 iterations, 0.10 seconds (0.34 work units)

    Nodes    |    Current Node    |     Objective Bounds      |     Work
 Expl Unexpl |  Obj  Depth IntInf | Incumbent    BestBd   Gap | It/Node Time

     0     0 2924155.50    0  482 3264075.00 2924155.50  10.4%     -    0s
H    0     0                    2945815.0000 2924155.50  0.74%     -    0s
     0     0 2924268.50    0  480 2945815.00 2924268.50  0.73%     -    0s
H    0     0                    2928325.0000 2924268.50  0.14%     -    0s
     0     0 2924297.00    0  424 2928325.00 2924297.00  0.14%     -    0s
     0     0 2924313.33    0  288 2928325.00 2924313.33  0.14%     -    0s
     0     0 2924363.75    0  330 2928325.00 2924363.75  0.14%     -    0s
H    0     0                    2926245.0000 2924363.75  0.06%     -    0s
     0     0 2924366.25    0  330 2926245.00 2924366.25  0.06%     -    0s
H    0     0                    2925402.5000 2924368.75  0.04%     -    0s
     0     0 2924368.75    0  331 2925402.50 2924368.75  0.04%     -    0s
     0     0 2924406.07    0  441 2925402.50 2924406.07  0.03%     -    0s
     0     0 2924406.79    0  426 2925402.50 2924406.79  0.03%     -    0s
     0     0 2924406.79    0  470 2925402.50 2924406.79  0.03%     -    1s
     0     0 2924406.79    0  478 2925402.50 2924406.79  0.03%     -    1s
     0     0 2924407.50    0  344 2925402.50 2924407.50  0.03%     -    1s
     0     2 2924412.50    0  344 2925402.50 2924412.50  0.03%     -    1s
H    1     4                    2925015.0000 2924412.50  0.02%   436    1s
H   20    26                    2924780.0000 2924418.93  0.01%   289    1s
H   38    44                    2924770.0000 2924418.93  0.01%   303    1s
H   57    64                    2924755.0000 2924418.93  0.01%   309    1s
*   77    92               7    2924498.0000 2924418.93  0.00%   274    1s

Cutting planes:
  Gomory: 3
  Lift-and-project: 7
  Zero half: 16
  RLT: 6
  BQP: 10

Explored 99 nodes (32621 simplex iterations) in 1.84 seconds (4.67 work units)
Thread count was 10 (of 10 available processors)

Solution count 10: 2.9245e+06 2.92476e+06 2.92477e+06 ... 3.26408e+06

Optimal solution found (tolerance 1.00e-04)
Best objective 2.924498000000e+06, best bound 2.924419000000e+06, gap 0.0027%
Solução ótima encontrada.
Set parameter TimeLimit to value 25200
Set parameter TimeLimit to value 600
Gurobi Optimizer version 10.0.2 build v10.0.2rc0 (mac64[arm])

CPU model: Apple M5
Thread count: 10 physical cores, 10 logical processors, using up to 10 threads

Optimize a model with 548706 rows, 284763 columns and 1341935 nonzeros
Model fingerprint: 0x98fedfc1
Variable types: 0 continuous, 284763 integer (264707 binary)
Coefficient statistics:
  Matrix range     [1e+00, 8e+01]
  Objective range  [5e-01, 2e+03]
  Bounds range     [1e+00, 1e+00]
  RHS range        [1e+00, 1e+02]

User MIP start produced solution with objective 2.9245e+06 (0.09s)
Loaded user MIP start with objective 2.9245e+06
MIP start from previous solve did not produce a new incumbent solution

Presolve removed 526269 rows and 267181 columns
Presolve time: 0.23s
Presolved: 22437 rows, 17582 columns, 64645 nonzeros
Variable types: 0 continuous, 17582 integer (17582 binary)
Found heuristic solution: objective 2882603.0000

Root relaxation: objective 2.621953e+06, 4110 iterations, 0.13 seconds (0.40 work units)

    Nodes    |    Current Node    |     Objective Bounds      |     Work
 Expl Unexpl |  Obj  Depth IntInf | Incumbent    BestBd   Gap | It/Node Time

     0     0 2621953.50    0  375 2882603.00 2621953.50  9.04%     -    0s
H    0     0                    2687860.0000 2621953.50  2.45%     -    0s
H    0     0                    2627525.5000 2621953.50  0.21%     -    0s
H    0     0                    2624861.0000 2621953.50  0.11%     -    0s
     0     0 2621956.00    0  483 2624861.00 2621956.00  0.11%     -    0s
H    0     0                    2622041.0000 2621956.00  0.00%     -    0s

Cutting planes:
  Gomory: 1
  Zero half: 2
  RLT: 2
  BQP: 1

Explored 1 nodes (6104 simplex iterations) in 0.76 seconds (2.22 work units)
Thread count was 10 (of 10 available processors)

Solution count 7: 2.62204e+06 2.62486e+06 2.62486e+06 ... 2.9245e+06

Optimal solution found (tolerance 1.00e-04)
Best objective 2.622041000000e+06, best bound 2.621956000000e+06, gap 0.0032%
Solução ótima encontrada.
Set parameter TimeLimit to value 25200
Set parameter TimeLimit to value 600
Gurobi Optimizer version 10.0.2 build v10.0.2rc0 (mac64[arm])

CPU model: Apple M5
Thread count: 10 physical cores, 10 logical processors, using up to 10 threads

Optimize a model with 548706 rows, 284763 columns and 1341935 nonzeros
Model fingerprint: 0x66f3cb4f
Variable types: 0 continuous, 284763 integer (264707 binary)
Coefficient statistics:
  Matrix range     [1e+00, 8e+01]
  Objective range  [5e-01, 2e+03]
  Bounds range     [1e+00, 1e+00]
  RHS range        [1e+00, 1e+02]

User MIP start produced solution with objective 2.62204e+06 (0.09s)
Loaded user MIP start with objective 2.62204e+06
MIP start from previous solve did not produce a new incumbent solution

Presolve removed 527754 rows and 267405 columns
Presolve time: 0.24s
Presolved: 20952 rows, 17358 columns, 62210 nonzeros
Variable types: 0 continuous, 17358 integer (17358 binary)
Found heuristic solution: objective 2569401.0000

Root relaxation: objective 2.184262e+06, 2963 iterations, 0.07 seconds (0.16 work units)

    Nodes    |    Current Node    |     Objective Bounds      |     Work
 Expl Unexpl |  Obj  Depth IntInf | Incumbent    BestBd   Gap | It/Node Time

     0     0 2184262.50    0  522 2569401.00 2184262.50  15.0%     -    0s
H    0     0                    2274270.5000 2184262.50  3.96%     -    0s
H    0     0                    2248178.0000 2184262.50  2.84%     -    0s
H    0     0                    2241648.0000 2184262.50  2.56%     -    0s
H    0     0                    2228275.0000 2184262.50  1.98%     -    0s
H    0     0                    2223060.0000 2184262.50  1.75%     -    0s
H    0     0                    2218405.0000 2184318.20  1.54%     -    0s
     0     0 2184318.20    0  657 2218405.00 2184318.20  1.54%     -    0s
H    0     0                    2199000.0000 2184318.20  0.67%     -    0s
H    0     0                    2198970.5000 2184331.50  0.67%     -    0s
     0     0 2184332.13    0  605 2198970.50 2184332.13  0.67%     -    0s
     0     0 2184332.13    0  605 2198970.50 2184332.13  0.67%     -    0s
     0     0 2184332.13    0  606 2198970.50 2184332.13  0.67%     -    0s
     0     0 2184362.80    0  690 2198970.50 2184362.80  0.66%     -    0s
     0     0 2184397.12    0  754 2198970.50 2184397.12  0.66%     -    0s
     0     0 2184398.28    0  757 2198970.50 2184398.28  0.66%     -    0s
     0     0 2184398.68    0  759 2198970.50 2184398.68  0.66%     -    0s
     0     0 2184399.23    0  749 2198970.50 2184399.23  0.66%     -    0s
     0     0 2184399.23    0  731 2198970.50 2184399.23  0.66%     -    0s
     0     0 2184414.37    0  705 2198970.50 2184414.37  0.66%     -    1s
H    0     0                    2185200.0000 2184414.37  0.04%     -    1s
     0     0 2184428.08    0  574 2185200.00 2184428.08  0.04%     -    1s
     0     0 2184428.80    0  785 2185200.00 2184428.80  0.04%     -    1s
     0     0 2184428.98    0  753 2185200.00 2184428.98  0.04%     -    1s
     0     0 2184443.25    0  685 2185200.00 2184443.25  0.03%     -    1s
     0     0 2184445.11    0  790 2185200.00 2184445.11  0.03%     -    1s
     0     0 2184445.72    0  748 2185200.00 2184445.72  0.03%     -    1s
     0     0 2184446.30    0  779 2185200.00 2184446.30  0.03%     -    1s
     0     0 2184446.35    0  789 2185200.00 2184446.35  0.03%     -    1s
     0     0 2184451.89    0  788 2185200.00 2184451.89  0.03%     -    1s
     0     2 2184453.55    0  764 2185200.00 2184453.55  0.03%     -    1s
H  334   298                    2185175.0000 2184454.89  0.03%   115    5s
H  335   298                    2185172.0000 2184454.89  0.03%   115    5s
H  341   298                    2185165.0000 2184454.89  0.03%   115    5s
  1713  1200 2184519.25   11  766 2185165.00 2184503.59  0.03%  94.8   11s
H 1729  1093                    2185164.0000 2184708.81  0.02%   104   15s

Cutting planes:
  Gomory: 6
  Lift-and-project: 17
  Implied bound: 2
  Clique: 209
  MIR: 2
  Flow cover: 8
  Zero half: 22
  RLT: 21
  BQP: 88

Explored 1737 nodes (205480 simplex iterations) in 15.82 seconds (36.90 work units)
Thread count was 10 (of 10 available processors)

Solution count 10: 2.18516e+06 2.18516e+06 2.18517e+06 ... 2.22828e+06

Optimal solution found (tolerance 1.00e-04)
Best objective 2.185164000000e+06, best bound 2.185162000000e+06, gap 0.0001%
Solução ótima encontrada.
Set parameter TimeLimit to value 25200
Set parameter TimeLimit to value 600
Gurobi Optimizer version 10.0.2 build v10.0.2rc0 (mac64[arm])

CPU model: Apple M5
Thread count: 10 physical cores, 10 logical processors, using up to 10 threads

Optimize a model with 548706 rows, 284763 columns and 1341935 nonzeros
Model fingerprint: 0xfb1950dd
Variable types: 0 continuous, 284763 integer (264707 binary)
Coefficient statistics:
  Matrix range     [1e+00, 8e+01]
  Objective range  [5e-01, 2e+03]
  Bounds range     [1e+00, 1e+00]
  RHS range        [1e+00, 1e+02]

User MIP start produced solution with objective 2.18516e+06 (0.10s)
Loaded user MIP start with objective 2.18516e+06
MIP start from previous solve did not produce a new incumbent solution

Presolve removed 540031 rows and 277063 columns
Presolve time: 0.19s
Presolved: 8675 rows, 7700 columns, 25048 nonzeros
Variable types: 0 continuous, 7700 integer (7700 binary)

Root relaxation: objective 2.057234e+06, 1925 iterations, 0.05 seconds (0.17 work units)

    Nodes    |    Current Node    |     Objective Bounds      |     Work
 Expl Unexpl |  Obj  Depth IntInf | Incumbent    BestBd   Gap | It/Node Time

     0     0 2057234.00    0   64 2185164.00 2057234.00  5.85%     -    0s
H    0     0                    2066179.0000 2057234.00  0.43%     -    0s
H    0     0                    2057294.0000 2057234.00  0.00%     -    0s

Explored 1 nodes (2764 simplex iterations) in 0.40 seconds (1.25 work units)
Thread count was 10 (of 10 available processors)

Solution count 3: 2.05729e+06 2.06618e+06 2.18516e+06 

Optimal solution found (tolerance 1.00e-04)
Best objective 2.057294000000e+06, best bound 2.057234000000e+06, gap 0.0029%
Solução ótima encontrada.
Set parameter TimeLimit to value 25200
Set parameter TimeLimit to value 600
Gurobi Optimizer version 10.0.2 build v10.0.2rc0 (mac64[arm])

CPU model: Apple M5
Thread count: 10 physical cores, 10 logical processors, using up to 10 threads

Optimize a model with 548706 rows, 284763 columns and 1341935 nonzeros
Model fingerprint: 0x7bd5ef00
Variable types: 0 continuous, 284763 integer (264707 binary)
Coefficient statistics:
  Matrix range     [1e+00, 8e+01]
  Objective range  [5e-01, 2e+03]
  Bounds range     [1e+00, 1e+00]
  RHS range        [1e+00, 1e+02]

User MIP start produced solution with objective 2.05729e+06 (0.09s)
Loaded user MIP start with objective 2.05729e+06
MIP start from previous solve did not produce a new incumbent solution

Presolve removed 527889 rows and 268943 columns
Presolve time: 0.23s
Presolved: 20817 rows, 15820 columns, 58467 nonzeros
Variable types: 0 continuous, 15820 integer (15820 binary)

Root relaxation: objective 1.884465e+06, 5968 iterations, 0.29 seconds (1.23 work units)

    Nodes    |    Current Node    |     Objective Bounds      |     Work
 Expl Unexpl |  Obj  Depth IntInf | Incumbent    BestBd   Gap | It/Node Time

     0     0 1884464.71    0  521 2057294.00 1884464.71  8.40%     -    0s
H    0     0                    1893042.0000 1884464.71  0.45%     -    0s
H    0     0                    1891342.0000 1884464.71  0.36%     -    0s
     0     0 1884479.57    0  441 1891342.00 1884479.57  0.36%     -    0s
H    0     0                    1884482.0000 1884479.57  0.00%     -    0s

Cutting planes:
  Gomory: 1
  RLT: 12
  BQP: 4

Explored 1 nodes (7687 simplex iterations) in 0.81 seconds (2.75 work units)
Thread count was 10 (of 10 available processors)

Solution count 5: 1.88448e+06 1.89134e+06 1.89304e+06 ... 2.05729e+06

Optimal solution found (tolerance 1.00e-04)
Best objective 1.884482000000e+06, best bound 1.884479566651e+06, gap 0.0001%
Solução ótima encontrada.
Set parameter TimeLimit to value 25200
Set parameter TimeLimit to value 600
Gurobi Optimizer version 10.0.2 build v10.0.2rc0 (mac64[arm])

CPU model: Apple M5
Thread count: 10 physical cores, 10 logical processors, using up to 10 threads

Optimize a model with 548706 rows, 284763 columns and 1341935 nonzeros
Model fingerprint: 0x0d38be8b
Variable types: 0 continuous, 284763 integer (264707 binary)
Coefficient statistics:
  Matrix range     [1e+00, 8e+01]
  Objective range  [5e-01, 2e+03]
  Bounds range     [1e+00, 1e+00]
  RHS range        [1e+00, 1e+02]

User MIP start produced solution with objective 1.88448e+06 (0.09s)
Loaded user MIP start with objective 1.88448e+06
MIP start from previous solve did not produce a new incumbent solution

Presolve removed 531369 rows and 272296 columns
Presolve time: 0.22s
Presolved: 17337 rows, 12467 columns, 49975 nonzeros
Variable types: 0 continuous, 12467 integer (12467 binary)
Found heuristic solution: objective 1871532.0000

Root relaxation: objective 1.591250e+06, 13401 iterations, 0.47 seconds (1.29 work units)

    Nodes    |    Current Node    |     Objective Bounds      |     Work
 Expl Unexpl |  Obj  Depth IntInf | Incumbent    BestBd   Gap | It/Node Time

     0     0 1591250.06    0  750 1871532.00 1591250.06  15.0%     -    0s
H    0     0                    1718575.5000 1591250.06  7.41%     -    0s
H    0     0                    1614483.0000 1591283.82  1.44%     -    1s
     0     0 1591284.44    0  797 1614483.00 1591284.44  1.44%     -    1s
H    0     0                    1603194.0000 1591285.14  0.74%     -    1s
     0     0 1591289.06    0  607 1603194.00 1591289.06  0.74%     -    1s
     0     0 1591289.06    0  607 1603194.00 1591289.06  0.74%     -    1s
     0     0 1591291.87    0  734 1603194.00 1591291.87  0.74%     -    1s
     0     0 1591293.31    0  808 1603194.00 1591293.31  0.74%     -    2s
     0     0 1591294.24    0  765 1603194.00 1591294.24  0.74%     -    2s
     0     0 1591294.26    0  764 1603194.00 1591294.26  0.74%     -    2s
     0     0 1591297.87    0  834 1603194.00 1591297.87  0.74%     -    2s
H    0     0                    1601881.0000 1591297.87  0.66%     -    3s
     0     0 1591313.63    0  727 1601881.00 1591313.63  0.66%     -    3s
     0     0 1591313.63    0  895 1601881.00 1591313.63  0.66%     -    3s
H    0     0                    1591366.0000 1591322.33  0.00%     -    3s

Cutting planes:
  Gomory: 2
  Lift-and-project: 2
  Zero half: 24
  RLT: 21
  BQP: 29

Explored 1 nodes (24095 simplex iterations) in 3.33 seconds (8.18 work units)
Thread count was 10 (of 10 available processors)

Solution count 7: 1.59137e+06 1.60188e+06 1.60319e+06 ... 1.88448e+06

Optimal solution found (tolerance 1.00e-04)
Best objective 1.591366000000e+06, best bound 1.591322333333e+06, gap 0.0027%
Solução ótima encontrada.
Set parameter TimeLimit to value 25200
Set parameter TimeLimit to value 600
Gurobi Optimizer version 10.0.2 build v10.0.2rc0 (mac64[arm])

CPU model: Apple M5
Thread count: 10 physical cores, 10 logical processors, using up to 10 threads

Optimize a model with 548706 rows, 284763 columns and 1341935 nonzeros
Model fingerprint: 0x2ccd95dd
Variable types: 0 continuous, 284763 integer (264707 binary)
Coefficient statistics:
  Matrix range     [1e+00, 8e+01]
  Objective range  [5e-01, 2e+03]
  Bounds range     [1e+00, 1e+00]
  RHS range        [1e+00, 1e+02]

User MIP start produced solution with objective 1.59137e+06 (0.11s)
Loaded user MIP start with objective 1.59137e+06
MIP start from previous solve did not produce a new incumbent solution

Presolve removed 543610 rows and 280156 columns
Presolve time: 0.16s
Presolved: 5096 rows, 4607 columns, 14842 nonzeros
Variable types: 0 continuous, 4607 integer (4607 binary)

Root relaxation: objective 1.511071e+06, 334 iterations, 0.00 seconds (0.01 work units)

    Nodes    |    Current Node    |     Objective Bounds      |     Work
 Expl Unexpl |  Obj  Depth IntInf | Incumbent    BestBd   Gap | It/Node Time

     0     0 1511071.00    0   50 1591366.00 1511071.00  5.05%     -    0s
H    0     0                    1526761.0000 1511071.00  1.03%     -    0s
H    0     0                    1518749.0000 1511071.00  0.51%     -    0s
H    0     0                    1512009.0000 1511071.00  0.06%     -    0s
H    0     0                    1511138.5000 1511071.00  0.00%     -    0s

Cutting planes:
  Gomory: 2
  BQP: 1

Explored 1 nodes (480 simplex iterations) in 0.32 seconds (0.92 work units)
Thread count was 10 (of 10 available processors)

Solution count 5: 1.51114e+06 1.51201e+06 1.51875e+06 ... 1.59137e+06

Optimal solution found (tolerance 1.00e-04)
Best objective 1.511138500000e+06, best bound 1.511071000000e+06, gap 0.0045%
Solução ótima encontrada.
Set parameter TimeLimit to value 25200
Set parameter TimeLimit to value 600
Gurobi Optimizer version 10.0.2 build v10.0.2rc0 (mac64[arm])

CPU model: Apple M5
Thread count: 10 physical cores, 10 logical processors, using up to 10 threads

Optimize a model with 548706 rows, 284763 columns and 1341935 nonzeros
Model fingerprint: 0x39d90c66
Variable types: 0 continuous, 284763 integer (264707 binary)
Coefficient statistics:
  Matrix range     [1e+00, 8e+01]
  Objective range  [5e-01, 2e+03]
  Bounds range     [1e+00, 1e+00]
  RHS range        [1e+00, 1e+02]

User MIP start produced solution with objective 1.51114e+06 (0.09s)
Loaded user MIP start with objective 1.51114e+06
MIP start from previous solve did not produce a new incumbent solution

Presolve removed 543016 rows and 279678 columns
Presolve time: 0.16s
Presolved: 5690 rows, 5085 columns, 16293 nonzeros
Variable types: 0 continuous, 5085 integer (5085 binary)

Root relaxation: objective 1.475544e+06, 379 iterations, 0.00 seconds (0.01 work units)

    Nodes    |    Current Node    |     Objective Bounds      |     Work
 Expl Unexpl |  Obj  Depth IntInf | Incumbent    BestBd   Gap | It/Node Time

     0     0 1475543.50    0   84 1511138.50 1475543.50  2.36%     -    0s
H    0     0                    1476125.0000 1475543.50  0.04%     -    0s
H    0     0                    1475557.5000 1475543.50  0.00%     -    0s

Cutting planes:
  Zero half: 6
  RLT: 2
  BQP: 1

Explored 1 nodes (540 simplex iterations) in 0.31 seconds (0.93 work units)
Thread count was 10 (of 10 available processors)

Solution count 3: 1.47556e+06 1.47612e+06 1.51114e+06 

Optimal solution found (tolerance 1.00e-04)
Best objective 1.475557500000e+06, best bound 1.475543500000e+06, gap 0.0009%
Solução ótima encontrada.
Set parameter TimeLimit to value 25200
Set parameter TimeLimit to value 600
Gurobi Optimizer version 10.0.2 build v10.0.2rc0 (mac64[arm])

CPU model: Apple M5
Thread count: 10 physical cores, 10 logical processors, using up to 10 threads

Optimize a model with 548706 rows, 284763 columns and 1341935 nonzeros
Model fingerprint: 0x79734872
Variable types: 0 continuous, 284763 integer (264707 binary)
Coefficient statistics:
  Matrix range     [1e+00, 8e+01]
  Objective range  [5e-01, 2e+03]
  Bounds range     [1e+00, 1e+00]
  RHS range        [1e+00, 1e+02]

User MIP start produced solution with objective 1.47556e+06 (0.09s)
Loaded user MIP start with objective 1.47556e+06
MIP start from previous solve did not produce a new incumbent solution

Presolve removed 539860 rows and 277238 columns
Presolve time: 0.18s
Presolved: 8846 rows, 7525 columns, 25410 nonzeros
Variable types: 0 continuous, 7525 integer (7525 binary)

Root relaxation: objective 1.339900e+06, 3211 iterations, 0.07 seconds (0.18 work units)

    Nodes    |    Current Node    |     Objective Bounds      |     Work
 Expl Unexpl |  Obj  Depth IntInf | Incumbent    BestBd   Gap | It/Node Time

     0     0 1339899.50    0   58 1475557.50 1339899.50  9.19%     -    0s
H    0     0                    1348244.5000 1339899.50  0.62%     -    0s
H    0     0                    1339929.5000 1339899.50  0.00%     -    0s

Explored 1 nodes (4202 simplex iterations) in 0.39 seconds (1.22 work units)
Thread count was 10 (of 10 available processors)

Solution count 3: 1.33993e+06 1.34824e+06 1.47556e+06 

Optimal solution found (tolerance 1.00e-04)
Best objective 1.339929500000e+06, best bound 1.339899500000e+06, gap 0.0022%
Solução ótima encontrada.
Set parameter TimeLimit to value 25200
Set parameter TimeLimit to value 600
Gurobi Optimizer version 10.0.2 build v10.0.2rc0 (mac64[arm])

CPU model: Apple M5
Thread count: 10 physical cores, 10 logical processors, using up to 10 threads

Optimize a model with 548706 rows, 284763 columns and 1341935 nonzeros
Model fingerprint: 0x9b224024
Variable types: 0 continuous, 284763 integer (264707 binary)
Coefficient statistics:
  Matrix range     [1e+00, 8e+01]
  Objective range  [5e-01, 2e+03]
  Bounds range     [1e+00, 1e+00]
  RHS range        [1e+00, 1e+02]

User MIP start produced solution with objective 1.33993e+06 (0.09s)
Loaded user MIP start with objective 1.33993e+06
MIP start from previous solve did not produce a new incumbent solution

Presolve removed 533986 rows and 273011 columns
Presolve time: 0.21s
Presolved: 14720 rows, 11752 columns, 42831 nonzeros
Variable types: 0 continuous, 11752 integer (11752 binary)

Root relaxation: objective 1.062324e+06, 10162 iterations, 0.40 seconds (1.36 work units)

    Nodes    |    Current Node    |     Objective Bounds      |     Work
 Expl Unexpl |  Obj  Depth IntInf | Incumbent    BestBd   Gap | It/Node Time

     0     0 1062324.50    0  402 1339929.50 1062324.50  20.7%     -    1s
H    0     0                    1339679.5000 1062324.50  20.7%     -    1s
H    0     0                    1166341.0000 1062324.50  8.92%     -    1s
H    0     0                    1069064.5000 1062324.50  0.63%     -    1s
H    0     0                    1064109.5000 1062324.50  0.17%     -    1s
     0     0 1062369.63    0  568 1064109.50 1062369.63  0.16%     -    1s
     0     0 1062370.00    0  621 1064109.50 1062370.00  0.16%     -    1s
     0     0 1062370.00    0  622 1064109.50 1062370.00  0.16%     -    1s
     0     0 1062451.00    0  600 1064109.50 1062451.00  0.16%     -    2s
     0     0 1062452.50    0  558 1064109.50 1062452.50  0.16%     -    2s
     0     0 1062481.00    0  483 1064109.50 1062481.00  0.15%     -    2s
     0     0 1062486.84    0 1017 1064109.50 1062486.84  0.15%     -    2s
H    0     0                    1063646.5000 1062487.60  0.11%     -    2s
     0     0 1062487.60    0  993 1063646.50 1062487.60  0.11%     -    2s
     0     0 1062498.50    0  334 1063646.50 1062498.50  0.11%     -    3s
H    0     0                    1063115.5000 1062498.50  0.06%     -    3s
     0     2 1062498.68    0  325 1063115.50 1062498.68  0.06%     -    3s
H   10    16                    1062975.5000 1062498.68  0.04%  1374    4s
H   14    16                    1062813.5000 1062501.00  0.03%  1700    4s
H   18    26                    1062683.0000 1062501.00  0.02%  1572    4s
H   35    46                    1062658.0000 1062501.00  0.01%  1333    5s
H   39    46                    1062653.0000 1062501.00  0.01%  1351    5s
H   60    66                    1062603.5000 1062501.00  0.01%  1050    5s

Cutting planes:
  Gomory: 1
  MIR: 9
  Zero half: 36
  RLT: 166
  BQP: 203

Explored 71 nodes (111408 simplex iterations) in 5.31 seconds (16.60 work units)
Thread count was 10 (of 10 available processors)

Solution count 10: 1.0626e+06 1.06265e+06 1.06266e+06 ... 1.06411e+06

Optimal solution found (tolerance 1.00e-04)
Best objective 1.062603500000e+06, best bound 1.062501000000e+06, gap 0.0096%
Solução ótima encontrada.
Set parameter TimeLimit to value 25200
Set parameter TimeLimit to value 600
Gurobi Optimizer version 10.0.2 build v10.0.2rc0 (mac64[arm])

CPU model: Apple M5
Thread count: 10 physical cores, 10 logical processors, using up to 10 threads

Optimize a model with 548706 rows, 284763 columns and 1341935 nonzeros
Model fingerprint: 0x6179dfd1
Variable types: 0 continuous, 284763 integer (264707 binary)
Coefficient statistics:
  Matrix range     [1e+00, 8e+01]
  Objective range  [5e-01, 2e+03]
  Bounds range     [1e+00, 1e+00]
  RHS range        [1e+00, 1e+02]

User MIP start produced solution with objective 1.0626e+06 (0.10s)
Loaded user MIP start with objective 1.0626e+06
MIP start from previous solve did not produce a new incumbent solution

Presolve removed 542793 rows and 279628 columns
Presolve time: 0.16s
Presolved: 5913 rows, 5135 columns, 16989 nonzeros
Variable types: 0 continuous, 5135 integer (5135 binary)
Found heuristic solution: objective 1054853.5000

Root relaxation: objective 9.016550e+05, 1330 iterations, 0.02 seconds (0.03 work units)

    Nodes    |    Current Node    |     Objective Bounds      |     Work
 Expl Unexpl |  Obj  Depth IntInf | Incumbent    BestBd   Gap | It/Node Time

     0     0 901655.000    0  164 1054853.50 901655.000  14.5%     -    0s
H    0     0                    921481.50000 901655.000  2.15%     -    0s
H    0     0                    902575.00000 901655.000  0.10%     -    0s
H    0     0                    902225.00000 901665.000  0.06%     -    0s
     0     0 901665.000    0   54 902225.000 901665.000  0.06%     -    0s
H    0     0                    902210.00000 901665.000  0.06%     -    0s
H    0     0                    901935.00000 901665.000  0.03%     -    0s
     0     0 901665.000    0   84 901935.000 901665.000  0.03%     -    0s
     0     0 901665.000    0  154 901935.000 901665.000  0.03%     -    0s
H    0     0                    901690.00000 901665.000  0.00%     -    0s
     0     0 901665.000    0   58 901690.000 901665.000  0.00%     -    0s

Cutting planes:
  Gomory: 1
  Zero half: 9
  RLT: 3
  BQP: 2

Explored 1 nodes (3390 simplex iterations) in 0.41 seconds (1.12 work units)
Thread count was 10 (of 10 available processors)

Solution count 8: 901690 901935 902210 ... 1.0626e+06

Optimal solution found (tolerance 1.00e-04)
Best objective 9.016900000000e+05, best bound 9.016650000000e+05, gap 0.0028%
Solução ótima encontrada.
Set parameter TimeLimit to value 25200
Set parameter TimeLimit to value 600
Gurobi Optimizer version 10.0.2 build v10.0.2rc0 (mac64[arm])

CPU model: Apple M5
Thread count: 10 physical cores, 10 logical processors, using up to 10 threads

Optimize a model with 548706 rows, 284763 columns and 1341935 nonzeros
Model fingerprint: 0xd9872825
Variable types: 0 continuous, 284763 integer (264707 binary)
Coefficient statistics:
  Matrix range     [1e+00, 8e+01]
  Objective range  [5e-01, 2e+03]
  Bounds range     [1e+00, 1e+00]
  RHS range        [1e+00, 1e+02]

User MIP start produced solution with objective 901690 (0.09s)
Loaded user MIP start with objective 901690
MIP start from previous solve did not produce a new incumbent solution

Presolve removed 529613 rows and 270862 columns
Presolve time: 0.23s
Presolved: 19093 rows, 13901 columns, 54456 nonzeros
Variable types: 0 continuous, 13901 integer (13901 binary)

Root relaxation: objective 6.299042e+05, 23960 iterations, 0.99 seconds (2.79 work units)

    Nodes    |    Current Node    |     Objective Bounds      |     Work
 Expl Unexpl |  Obj  Depth IntInf | Incumbent    BestBd   Gap | It/Node Time

     0     0 629904.153    0 1657 901690.000 629904.153  30.1%     -    1s
H    0     0                    849468.00000 629904.153  25.8%     -    1s
H    0     0                    818883.00000 629904.153  23.1%     -    1s
H    0     0                    809963.50000 629904.153  22.2%     -    1s
H    0     0                    722563.50000 629904.153  12.8%     -    1s
     0     0 630014.824    0 1965 722563.500 630014.824  12.8%     -    2s
H    0     0                    708592.00000 630014.824  11.1%     -    2s
     0     0 630030.479    0 1849 708592.000 630030.479  11.1%     -    2s
     0     0 630031.311    0 1786 708592.000 630031.311  11.1%     -    2s
     0     0 630031.660    0 1888 708592.000 630031.660  11.1%     -    2s
     0     0 630031.661    0 1749 708592.000 630031.661  11.1%     -    2s
     0     0 630074.008    0 2053 708592.000 630074.008  11.1%     -    3s
H    0     0                    705532.00000 630074.008  10.7%     -    3s
     0     0 630080.390    0 2112 705532.000 630080.390  10.7%     -    3s
     0     0 630085.805    0 2061 705532.000 630085.805  10.7%     -    3s
     0     0 630086.945    0 2130 705532.000 630086.945  10.7%     -    3s
     0     0 630087.375    0 2077 705532.000 630087.375  10.7%     -    3s
     0     0 630087.391    0 2047 705532.000 630087.391  10.7%     -    3s
     0     0 630121.616    0 2275 705532.000 630121.616  10.7%     -    4s
H    0     0                    697989.00000 630121.616  9.72%     -    4s
     0     0 630127.798    0 2374 697989.000 630127.798  9.72%     -    4s
     0     0 630128.849    0 2386 697989.000 630128.849  9.72%     -    4s
     0     0 630129.202    0 2364 697989.000 630129.202  9.72%     -    4s
     0     0 630129.303    0 2358 697989.000 630129.303  9.72%     -    4s
     0     0 630129.316    0 2340 697989.000 630129.316  9.72%     -    4s
     0     0 630141.418    0 2220 697989.000 630141.418  9.72%     -    5s
H    0     0                    685317.00000 630146.831  8.05%     -    5s
H    0     0                    664179.50000 630146.831  5.12%     -    5s
     0     0 630146.831    0 2283 664179.500 630146.831  5.12%     -    5s
     0     0 630147.781    0 2316 664179.500 630147.781  5.12%     -    5s
     0     0 630148.023    0 2299 664179.500 630148.023  5.12%     -    5s
     0     0 630148.206    0 2273 664179.500 630148.206  5.12%     -    5s
     0     0 630148.237    0 2269 664179.500 630148.237  5.12%     -    5s
H    0     0                    639535.00000 630148.237  1.47%     -    6s
H    0     0                    632616.00000 630148.237  0.39%     -    6s
     0     0 630153.401    0 2167 632616.000 630153.401  0.39%     -    6s
H    0     0                    632366.00000 630153.401  0.35%     -    6s
     0     2 630153.470    0 2167 632366.000 630153.470  0.35%     -    7s
     7    16 630182.115    3 2169 632366.000 630160.369  0.35%  5223   11s
H   18    26                    632286.00000 630182.115  0.33%  5525   12s
    25    36 630359.984    5 1913 632286.000 630184.491  0.33%  7071   16s
H   54    56                    632166.00000 630191.947  0.31%  8313   18s
H   71    82                    632109.50000 630191.947  0.30%  7061   24s
H   72    82                    632093.50000 630191.947  0.30%  7061   24s
H   73    82                    632054.50000 630191.947  0.29%  6964   24s
H   74    82                    631698.50000 630191.947  0.24%  6879   24s
H   76    82                    631688.50000 630191.947  0.24%  6764   24s
    81    97 630863.886   10 1081 631688.500 630191.947  0.24%  6488   25s
H  116   132                    631553.50000 630191.947  0.22%  4917   28s
   161   167 631004.000   13  863 631553.500 630191.947  0.22%  3669   30s
H  219   208                    631523.00000 630191.947  0.21%  2904   34s
   231   239 631036.695   15 1211 631523.000 630191.947  0.21%  2784   35s
H  420   311                    631522.00000 630191.947  0.21%  1811   63s
H  422   311                    631445.00000 630191.947  0.20%  1820   63s
H  476   347                    631440.00000 630191.947  0.20%  1754   74s
   491   395 630500.123    9 1563 631440.000 630191.947  0.20%  1756   75s
   541   405 630667.562   10 1228 631440.000 630191.947  0.20%  1665   96s
   787   560     cutoff   36      631440.000 630211.060  0.19%  1346  101s
  1143   913 630744.479   26  918 631440.000 630213.218  0.19%  1174  106s
  1452  1041 630810.627    8 1651 631440.000 630216.070  0.19%  1084  111s
  1611  1188 630731.277    8 1168 631440.000 630216.070  0.19%  1122  115s
  1688  1130 630659.115   39 1631 631440.000 630216.070  0.19%  1112  120s
  1701  1139 631340.100   29 2579 631440.000 630216.070  0.19%  1104  125s
  1714  1148 630647.564   17 2625 631440.000 630250.013  0.19%  1095  130s
  1722  1162 630269.625   17 2503 631440.000 630263.033  0.19%  1166  136s
  1740  1176 630353.892   19 2461 631440.000 630321.381  0.18%  1232  142s
  1760  1189 630609.830   20 1974 631440.000 630354.043  0.17%  1260  153s
  1789  1209 630635.772   21 2067 631440.000 630354.043  0.17%  1267  166s
  1888  1281 630851.536   25 1066 631440.000 630354.043  0.17%  1248  170s
  2087  1292 630873.975   31  942 631440.000 630354.043  0.17%  1201  178s
  2154  1311 631305.827   34  967 631440.000 630354.043  0.17%  1197  187s
  2222  1347 631398.989   39  936 631440.000 630405.354  0.16%  1192  190s
  2373  1376 630529.217   22 1920 631440.000 630416.919  0.16%  1178  195s
  2563  1392 630807.182   25 1825 631440.000 630416.919  0.16%  1155  200s
  2678  1465 631153.925   27 1416 631440.000 630416.919  0.16%  1171  205s
  2819  1516 630947.666   28 1706 631440.000 630416.919  0.16%  1163  212s
  2882  1514 631122.023   30 1230 631440.000 630416.919  0.16%  1172  221s
  2974  1569 631125.474   34 1110 631440.000 630416.919  0.16%  1176  225s
  3094  1599 631158.985   41 1036 631440.000 630416.919  0.16%  1185  231s
  3269  1652 630512.284   21 1483 631440.000 630478.764  0.15%  1176  237s
  3378  1685 630609.954   26 1859 631440.000 630478.764  0.15%  1173  241s
  3485  1695 631217.042   35  564 631440.000 630505.952  0.15%  1168  245s
  3631  1698 630934.816   24  876 631440.000 630505.952  0.15%  1185  253s
  3704  1700 631210.033   29 1226 631440.000 630536.646  0.14%  1193  261s
  3759  1744 630545.182   25 2099 631440.000 630536.646  0.14%  1196  266s
  3896  1768 630945.529   28 1104 631440.000 630545.192  0.14%  1201  270s
  4038  1821 630868.059   26 1166 631440.000 630545.192  0.14%  1203  275s
  4248  1778     cutoff   32      631440.000 630555.772  0.14%  1194  283s
  4381  1865 630695.672   28 1805 631440.000 630555.772  0.14%  1189  289s
  4594  1849 630853.784   56 1289 631440.000 630560.819  0.14%  1185  297s
  4767  1882 630990.059   77 1256 631440.000 630562.399  0.14%  1174  304s
  4988  1882 630670.375   35 2546 631440.000 630562.409  0.14%  1156  310s
  5152  1948 630767.987   38 2441 631440.000 630562.409  0.14%  1155  318s
  5310  2065 631021.713   45 1600 631440.000 630562.409  0.14%  1155  325s
  5546  2137 631281.724   51 1611 631440.000 630586.930  0.14%  1155  333s
  5658  2304 630901.853   33 1639 631440.000 630586.930  0.14%  1165  339s
  5981  2344 631094.968   38 1025 631440.000 630586.930  0.14%  1152  361s
  6051  2541     cutoff   38      631440.000 630592.424  0.13%  1154  370s
  6372  2683 631002.027   41  957 631440.000 630601.908  0.13%  1147  380s
  6703  2968 630715.883   37 2074 631440.000 630601.929  0.13%  1134  391s
  7103  3102     cutoff   50      631440.000 630610.311  0.13%  1123  402s
  7425  3159 630968.963   47 1255 631440.000 630618.653  0.13%  1118  434s
  7508  3326 630979.366   48 1235 631440.000 630623.969  0.13%  1118  450s
  7871  3745 630926.885   31 1684 631440.000 630627.345  0.13%  1107  462s
  8445  4079 630952.047   37 1756 631440.000 630636.402  0.13%  1096  476s
  9048  4429 630887.706   22 1171 631440.000 630645.481  0.13%  1087  490s
  9627  4684 630879.678   42 2085 631440.000 630651.204  0.12%  1079  506s
 10131  5027 631258.893   33  886 631440.000 630655.543  0.12%  1084  522s
 10808  5301 630882.022   32  928 631440.000 630660.099  0.12%  1081  539s
 11451  5649 630747.432   26 1676 631440.000 630666.571  0.12%  1082  560s
 12060  6072 630976.439   33 1755 631440.000 630673.959  0.12%  1084  581s
 12999  6514 631217.533   49 1702 631440.000 630677.736  0.12%  1081  600s

Cutting planes:
  Gomory: 6
  MIR: 3
  Flow cover: 2
  GUB cover: 1
  Zero half: 26
  RLT: 476
  BQP: 1592
  PSD: 20

Explored 13797 nodes (14881039 simplex iterations) in 600.04 seconds (2159.08 work units)
Thread count was 10 (of 10 available processors)

Solution count 10: 631440 631445 631522 ... 632110

Time limit reached
Best objective 6.314400000000e+05, best bound 6.306820000000e+05, gap 0.1200%
Solução -> não <- ótima.
Set parameter TimeLimit to value 25200
Set parameter TimeLimit to value 600
Gurobi Optimizer version 10.0.2 build v10.0.2rc0 (mac64[arm])

CPU model: Apple M5
Thread count: 10 physical cores, 10 logical processors, using up to 10 threads

Optimize a model with 548706 rows, 284763 columns and 1341935 nonzeros
Model fingerprint: 0x2305ebce
Variable types: 0 continuous, 284763 integer (264707 binary)
Coefficient statistics:
  Matrix range     [1e+00, 8e+01]
  Objective range  [5e-01, 2e+03]
  Bounds range     [1e+00, 1e+00]
  RHS range        [1e+00, 1e+02]

User MIP start produced solution with objective 631440 (0.15s)
Loaded user MIP start with objective 631440
MIP start from previous solve did not produce a new incumbent solution

Presolve removed 527956 rows and 268038 columns
Presolve time: 0.26s
Presolved: 20750 rows, 16725 columns, 60433 nonzeros
Variable types: 0 continuous, 16725 integer (16725 binary)

Root relaxation: objective 2.178383e+05, 13591 iterations, 0.58 seconds (1.45 work units)

    Nodes    |    Current Node    |     Objective Bounds      |     Work
 Expl Unexpl |  Obj  Depth IntInf | Incumbent    BestBd   Gap | It/Node Time

     0     0 217838.333    0 1314 631440.000 217838.333  65.5%     -    1s
H    0     0                    360144.00000 217838.333  39.5%     -    1s
H    0     0                    353519.00000 217838.333  38.4%     -    1s
H    0     0                    353419.00000 217838.333  38.4%     -    1s
H    0     0                    305818.00000 217838.333  28.8%     -    1s
H    0     0                    269808.00000 218129.667  19.2%     -    2s
     0     0 218143.167    0 1139 269808.000 218143.167  19.1%     -    2s
H    0     0                    268073.00000 218143.167  18.6%     -    2s
     0     0 218143.167    0 1118 268073.000 218143.167  18.6%     -    2s
     0     0 218143.167    0 1099 268073.000 218143.167  18.6%     -    2s
     0     0 218176.591    0 1345 268073.000 218176.591  18.6%     -    3s
     0     0 218185.645    0 1292 268073.000 218185.645  18.6%     -    3s
     0     0 218187.545    0 1187 268073.000 218187.545  18.6%     -    3s
     0     0 218187.602    0 1215 268073.000 218187.602  18.6%     -    3s
     0     0 218195.665    0 1380 268073.000 218195.665  18.6%     -    4s
H    0     0                    247039.00000 218195.665  11.7%     -    4s
     0     0 218197.293    0 1362 247039.000 218197.293  11.7%     -    4s
     0     0 218197.435    0 1362 247039.000 218197.435  11.7%     -    4s
     0     0 218197.452    0 1365 247039.000 218197.452  11.7%     -    4s
     0     0 218211.255    0 1484 247039.000 218211.255  11.7%     -    4s
     0     0 218212.551    0 1494 247039.000 218212.551  11.7%     -    5s
     0     0 218212.594    0 1512 247039.000 218212.594  11.7%     -    5s
     0     0 218212.606    0 1487 247039.000 218212.606  11.7%     -    5s
H    0     0                    226999.50000 218212.606  3.87%     -    5s
     0     0 218220.957    0 1404 226999.500 218220.957  3.87%     -    5s
H    0     0                    223293.00000 218220.957  2.27%     -    5s
H    0     0                    223108.00000 218220.957  2.19%     -    6s
     0     2 218220.957    0 1395 223108.000 218220.957  2.19%     -    6s
H    1     4                    222858.00000 218220.957  2.08%  1576    6s
H    2     4                    221858.00000 218221.482  1.64%  1143    6s
H   36    46                    221523.00000 218236.653  1.48%  1740    8s
H   43    46                    221001.00000 218236.653  1.25%  1693    8s
    55    66 218545.970    8 1356 221001.000 218236.653  1.25%  1620   12s
H   56    66                    220966.00000 218236.653  1.24%  1591   12s
H   57    66                    220825.00000 218236.653  1.17%  1565   12s
H   61    66                    220640.00000 218236.653  1.09%  1562   12s
    81    92 218553.964   10 1256 220640.000 218236.653  1.09%  1419   15s
H   86    92                    220566.00000 218236.653  1.06%  1398   15s
H  123   134                    220346.00000 218236.653  0.96%  1360   19s
H  124   134                    220332.00000 218236.653  0.95%  1377   19s
H  128   134                    220291.00000 218236.653  0.93%  1395   19s
   178   195 219306.203   16  994 220291.000 218236.653  0.93%  1233   20s
H  206   205                    220185.00000 218236.653  0.88%  1165   26s
H  207   205                    220125.50000 218236.653  0.86%  1162   26s
H  245   238                    220110.50000 218236.653  0.85%  1121   29s
   258   259     cutoff   24      220110.500 218236.703  0.85%  1094   30s
   295   267 218248.585    6 1358 220110.500 218236.703  0.85%  1078   39s
   307   305 218249.114    7 1406 220110.500 218236.703  0.85%  1068   40s
H  421   361                    220081.00000 218236.703  0.84%  1036   50s
H  428   361                    220031.00000 218236.703  0.82%  1040   50s
   456   394 218591.701   11 1199 220031.000 218236.703  0.82%  1024   61s
   515   435 218647.769   13 1209 220031.000 218236.703  0.82%  1006   72s
H  516   435                    220024.50000 218236.703  0.81%  1004   72s
   590   480 218673.253   14  899 220024.500 218236.703  0.81%  1001   76s
H  591   480                    220019.50000 218236.703  0.81%   999   76s
   657   526 219762.188   20  867 220019.500 218236.703  0.81%  1024   81s
H  659   526                    220011.00000 218236.703  0.81%  1023   81s
   750   583     cutoff   23      220011.000 218236.703  0.81%  1012   88s
H  753   583                    220006.00000 218236.703  0.80%  1010   88s
   763   590     cutoff   24      220006.000 218236.703  0.80%  1013   95s
H  782   590                    220001.00000 218236.703  0.80%  1003   95s
   792   599     cutoff   24      220001.000 218236.703  0.80%   995  101s
   907   652     cutoff   31      220001.000 218236.703  0.80%   974  108s
   922   679     cutoff   32      220001.000 218244.661  0.80%   977  116s
  1245   951 219066.373   24 1001 220001.000 218244.661  0.80%   985  120s
  1743  1209 219778.500   14 1404 220001.000 218267.157  0.79%   976  125s
  1751  1214 218571.500   21 1742 220001.000 218267.157  0.79%   972  130s
  1770  1230 218301.783   14 1694 220001.000 218301.467  0.77%   985  135s
  1847  1289 218425.307   20 1373 220001.000 218313.153  0.77%  1021  143s
H 1856  1224                    219996.00000 218313.153  0.76%  1022  143s
  1888  1254 218987.929   22 1088 219996.000 218313.153  0.76%  1024  148s
  1899  1259 218991.032   23 1035 219996.000 218313.153  0.76%  1023  161s
  1976  1278 219803.572   27  775 219996.000 218313.153  0.76%  1005  166s
  2091  1286 218668.160   19 1305 219996.000 218313.954  0.76%   982  171s
  2143  1290 218701.389   22 1099 219996.000 218313.954  0.76%   971  180s
  2195  1298 218712.853   23 1101 219996.000 218313.954  0.76%   963  185s
  2246  1311 219023.626   24 1103 219996.000 218313.954  0.76%   958  191s
  2311  1355 219038.510   25 1104 219996.000 218313.954  0.76%   951  199s
  2321  1396 219203.464   27  966 219996.000 218313.954  0.76%   951  200s
  2393  1380 219379.714   29  978 219996.000 218313.954  0.76%   937  205s
  2483  1389 219940.866   32 1072 219996.000 218313.954  0.76%   923  212s
  2554  1415     cutoff   33      219996.000 218313.954  0.76%   917  219s
  2567  1473 219827.227   35 1100 219996.000 218313.954  0.76%   918  220s
  2645  1454 219462.050   36 1041 219996.000 218313.954  0.76%   907  238s
  2746  1502 219766.708   42  655 219996.000 218313.954  0.76%   897  241s
  2858  1546     cutoff   51      219996.000 218315.530  0.76%   888  245s
  3044  1672 218935.799   28 1183 219996.000 218315.538  0.76%   871  253s
  3157  1662 219022.779   41  822 219996.000 218315.538  0.76%   860  257s
  3307  1730 218599.381   21 1315 219996.000 218317.985  0.76%   850  260s
  3428  1757 218990.098   30 1294 219996.000 218317.985  0.76%   848  271s
  3440  1829 219007.608   32 1145 219996.000 218317.985  0.76%   848  275s
  3755  1929 218643.627   26  970 219996.000 218338.980  0.75%   842  280s
  4060  2010 218915.164   27 1431 219996.000 218353.037  0.75%   824  285s
  4363  2077 218682.187   23 1266 219996.000 218358.816  0.74%   806  290s
  4508  2037 218775.847   31 1025 219996.000 218358.816  0.74%   803  296s
  4718  2246 219637.467   50  730 219996.000 218368.042  0.74%   797  301s
  4915  2249 218641.996   25 1284 219996.000 218368.142  0.74%   790  305s
  5243  2398 218665.677   25 1240 219996.000 218385.842  0.73%   778  313s
  5432  2491 219959.396   49 1054 219996.000 218389.217  0.73%   770  317s
  5807  2799 219854.333   60  155 219996.000 218399.096  0.73%   765  322s
  6049  2985 219184.695   28  937 219996.000 218401.904  0.72%   761  326s
  6592  3387 218974.484   34 1049 219996.000 218403.896  0.72%   757  332s
  6952  3601 218958.207   23  975 219996.000 218410.743  0.72%   748  336s
  7283  3796 218795.815   31 1218 219996.000 218414.536  0.72%   743  340s
  7757  4063 219469.399   35  887 219996.000 218418.019  0.72%   731  345s
  8669  4526 219758.575   61  933 219996.000 218423.632  0.71%   714  354s
  9111  4778 219794.018   47  694 219996.000 218425.811  0.71%   712  359s
  9577  5073 218739.849   25 1128 219996.000 218429.345  0.71%   709  364s
 10107  5321 219534.120   37  734 219996.000 218431.471  0.71%   703  370s
 10645  5664 219009.956   24  908 219996.000 218434.999  0.71%   699  376s
 11161  5968 218451.460   30 1389 219996.000 218436.881  0.71%   696  381s
 11583  6341 218542.506   27  876 219996.000 218438.679  0.71%   697  387s
 12116  6713 219553.917   41  569 219996.000 218438.776  0.71%   696  394s
 12798  7057 219814.083   51  417 219996.000 218441.784  0.71%   691  400s
 13424  7411 infeasible   46      219996.000 218444.902  0.71%   690  407s
 14032  7744 219674.272   44  784 219996.000 218449.079  0.70%   690  414s
 14613  8124 218936.368   39 1029 219996.000 218452.801  0.70%   691  422s
 15185  8494 219833.778   37  671 219996.000 218455.871  0.70%   693  429s
 15809  8909 218678.333   43 1465 219996.000 218460.494  0.70%   694  438s
 16508  9298 218554.329   30 1304 219996.000 218463.460  0.70%   692  450s
 17172  9839 219223.767   37  972 219996.000 218468.218  0.69%   692  462s
 18098 10298 218794.899   39 1062 219996.000 218472.847  0.69%   693  473s
 18998 10805 infeasible   39      219996.000 218476.632  0.69%   694  484s
 19978 11340 219280.512   42  861 219996.000 218480.955  0.69%   693  495s
 20986 11714 219995.347   76 1185 219996.000 218482.723  0.69%   693  506s
 21843 12288 219671.139   46  935 219996.000 218485.413  0.69%   697  517s
 22780 12667 218858.089   38  928 219996.000 218487.681  0.69%   698  532s
 23370 13290 218986.848   50 1109 219996.000 218490.072  0.68%   700  546s
 24546 13714 219535.871   49  876 219996.000 218490.875  0.68%   701  562s
 25343 14403 219329.250   41  688 219996.000 218494.368  0.68%   700  576s
 26615 15074 218734.691   33  953 219996.000 218497.564  0.68%   701  591s
 27887 15441 219222.550   33  775 219996.000 218501.706  0.68%   700  600s

Cutting planes:
  Gomory: 11
  Lift-and-project: 48
  MIR: 5
  Flow cover: 7
  Zero half: 73
  RLT: 120
  BQP: 673
  PSD: 2

Explored 28559 nodes (20066935 simplex iterations) in 600.03 seconds (1658.66 work units)
Thread count was 10 (of 10 available processors)

Solution count 10: 219996 220001 220006 ... 220126

Time limit reached
Best objective 2.199960000000e+05, best bound 2.185027491674e+05, gap 0.6788%
Solução -> não <- ótima.
Set parameter TimeLimit to value 25200
Set parameter TimeLimit to value 600
Gurobi Optimizer version 10.0.2 build v10.0.2rc0 (mac64[arm])

CPU model: Apple M5
Thread count: 10 physical cores, 10 logical processors, using up to 10 threads

Optimize a model with 548706 rows, 284763 columns and 1341935 nonzeros
Model fingerprint: 0x363b9899
Variable types: 0 continuous, 284763 integer (264707 binary)
Coefficient statistics:
  Matrix range     [1e+00, 8e+01]
  Objective range  [5e-01, 2e+03]
  Bounds range     [1e+00, 1e+00]
  RHS range        [1e+00, 1e+02]

User MIP start produced solution with objective 219996 (0.15s)
Loaded user MIP start with objective 219996
MIP start from previous solve did not produce a new incumbent solution

Presolve removed 534222 rows and 272932 columns
Presolve time: 0.22s
Presolved: 14484 rows, 11831 columns, 42190 nonzeros
Variable types: 0 continuous, 11831 integer (11831 binary)

Root relaxation: objective 2.196733e+05, 3955 iterations, 0.07 seconds (0.14 work units)

    Nodes    |    Current Node    |     Objective Bounds      |     Work
 Expl Unexpl |  Obj  Depth IntInf | Incumbent    BestBd   Gap | It/Node Time

     0     0 219673.300    0  495 219996.000 219673.300  0.15%     -    0s
     0     0 219969.500    0  518 219996.000 219969.500  0.01%     -    0s
     0     0 219969.500    0  518 219996.000 219969.500  0.01%     -    0s
     0     0 219969.500    0  127 219996.000 219969.500  0.01%     -    0s
*    0     0               0    219981.00000 219981.000  0.00%     -    0s

Cutting planes:
  Gomory: 2
  Zero half: 6
  RLT: 7
  BQP: 1

Explored 1 nodes (6737 simplex iterations) in 0.62 seconds (1.47 work units)
Thread count was 10 (of 10 available processors)

Solution count 2: 219981 219996 

Optimal solution found (tolerance 1.00e-04)
Best objective 2.199810000000e+05, best bound 2.199810000000e+05, gap 0.0000%
Solução ótima encontrada.
Set parameter TimeLimit to value 25200
Set parameter TimeLimit to value 600
Gurobi Optimizer version 10.0.2 build v10.0.2rc0 (mac64[arm])

CPU model: Apple M5
Thread count: 10 physical cores, 10 logical processors, using up to 10 threads

Optimize a model with 548706 rows, 284763 columns and 1341935 nonzeros
Model fingerprint: 0x5d9c765b
Variable types: 0 continuous, 284763 integer (264707 binary)
Coefficient statistics:
  Matrix range     [1e+00, 8e+01]
  Objective range  [5e-01, 2e+03]
  Bounds range     [1e+00, 1e+00]
  RHS range        [1e+00, 1e+02]

User MIP start produced solution with objective 219981 (0.12s)
Loaded user MIP start with objective 219981
MIP start from previous solve did not produce a new incumbent solution

Presolve removed 529537 rows and 269633 columns
Presolve time: 0.23s
Presolved: 19169 rows, 15130 columns, 54939 nonzeros
Variable types: 0 continuous, 15130 integer (15130 binary)

Root relaxation: objective 2.199460e+05, 2337 iterations, 0.05 seconds (0.12 work units)

    Nodes    |    Current Node    |     Objective Bounds      |     Work
 Expl Unexpl |  Obj  Depth IntInf | Incumbent    BestBd   Gap | It/Node Time

     0     0 219946.000    0  305 219981.000 219946.000  0.02%     -    0s
     0     0 219946.000    0  305 219981.000 219946.000  0.02%     -    0s
     0     0 219946.000    0   75 219981.000 219946.000  0.02%     -    0s
H    0     0                    219966.00000 219946.000  0.01%     -    0s

Cutting planes:
  Gomory: 1
  Clique: 4
  MIR: 2
  Zero half: 7
  RLT: 4
  BQP: 3

Explored 1 nodes (3255 simplex iterations) in 0.54 seconds (1.39 work units)
Thread count was 10 (of 10 available processors)

Solution count 2: 219966 219981 

Optimal solution found (tolerance 1.00e-04)
Best objective 2.199660000000e+05, best bound 2.199585000000e+05, gap 0.0034%
Solução ótima encontrada.
Set parameter TimeLimit to value 25200
Set parameter TimeLimit to value 600
Gurobi Optimizer version 10.0.2 build v10.0.2rc0 (mac64[arm])

CPU model: Apple M5
Thread count: 10 physical cores, 10 logical processors, using up to 10 threads

Optimize a model with 548706 rows, 284763 columns and 1341935 nonzeros
Model fingerprint: 0xb76c9d17
Variable types: 0 continuous, 284763 integer (264707 binary)
Coefficient statistics:
  Matrix range     [1e+00, 8e+01]
  Objective range  [5e-01, 2e+03]
  Bounds range     [1e+00, 1e+00]
  RHS range        [1e+00, 1e+02]

User MIP start produced solution with objective 219966 (0.10s)
Loaded user MIP start with objective 219966
MIP start from previous solve did not produce a new incumbent solution

Presolve removed 531782 rows and 270911 columns
Presolve time: 0.24s
Presolved: 16924 rows, 13852 columns, 49873 nonzeros
Variable types: 0 continuous, 13852 integer (13852 binary)

Root relaxation: objective 2.192299e+05, 2724 iterations, 0.05 seconds (0.10 work units)

    Nodes    |    Current Node    |     Objective Bounds      |     Work
 Expl Unexpl |  Obj  Depth IntInf | Incumbent    BestBd   Gap | It/Node Time

     0     0 219229.857    0  567 219966.000 219229.857  0.33%     -    0s
     0     0 219385.917    0  540 219966.000 219385.917  0.26%     -    0s
     0     0 219404.417    0  583 219966.000 219404.417  0.26%     -    0s
     0     0 219404.417    0  469 219966.000 219404.417  0.26%     -    0s
     0     0 219409.750    0  545 219966.000 219409.750  0.25%     -    0s
     0     0 219448.500    0  452 219966.000 219448.500  0.24%     -    0s
     0     0 219454.591    0  734 219966.000 219454.591  0.23%     -    0s
     0     0 219456.000    0  449 219966.000 219456.000  0.23%     -    0s
     0     0 219497.688    0  619 219966.000 219497.688  0.21%     -    0s
     0     0 219506.636    0  650 219966.000 219506.636  0.21%     -    0s
     0     0 219507.091    0  650 219966.000 219507.091  0.21%     -    1s
     0     0 219566.250    0  508 219966.000 219566.250  0.18%     -    1s
     0     0 219566.250    0  498 219966.000 219566.250  0.18%     -    1s
     0     0 219952.167    0  474 219966.000 219952.167  0.01%     -    1s

Cutting planes:
  Gomory: 4
  Clique: 90
  Zero half: 33
  RLT: 3
  BQP: 12

Explored 1 nodes (14790 simplex iterations) in 1.42 seconds (2.95 work units)
Thread count was 10 (of 10 available processors)

Solution count 1: 219966 

Optimal solution found (tolerance 1.00e-04)
Best objective 2.199660000000e+05, best bound 2.199521666667e+05, gap 0.0063%
Solução ótima encontrada.
Set parameter TimeLimit to value 25200
Set parameter TimeLimit to value 600
Gurobi Optimizer version 10.0.2 build v10.0.2rc0 (mac64[arm])

CPU model: Apple M5
Thread count: 10 physical cores, 10 logical processors, using up to 10 threads

Optimize a model with 548706 rows, 284763 columns and 1341935 nonzeros
Model fingerprint: 0x7a08ddf5
Variable types: 0 continuous, 284763 integer (264707 binary)
Coefficient statistics:
  Matrix range     [1e+00, 8e+01]
  Objective range  [5e-01, 2e+03]
  Bounds range     [1e+00, 1e+00]
  RHS range        [1e+00, 1e+02]

User MIP start produced solution with objective 219966 (0.11s)
Loaded user MIP start with objective 219966
MIP start from previous solve did not produce a new incumbent solution

Presolve removed 543179 rows and 279978 columns
Presolve time: 0.17s
Presolved: 5527 rows, 4785 columns, 15639 nonzeros
Variable types: 0 continuous, 4785 integer (4785 binary)

Root relaxation: objective 2.199060e+05, 788 iterations, 0.01 seconds (0.02 work units)

    Nodes    |    Current Node    |     Objective Bounds      |     Work
 Expl Unexpl |  Obj  Depth IntInf | Incumbent    BestBd   Gap | It/Node Time

     0     0 219906.000    0   78 219966.000 219906.000  0.03%     -    0s
H    0     0                    219946.00000 219906.000  0.02%     -    0s
     0     0 219906.000    0   78 219946.000 219906.000  0.02%     -    0s
     0     0 219906.000    0   30 219946.000 219906.000  0.02%     -    0s
H    0     0                    219941.00000 219906.000  0.02%     -    0s
H    0     0                    219931.00000 219906.000  0.01%     -    0s
     0     0 219908.500    0   43 219931.000 219908.500  0.01%     -    0s

Cutting planes:
  Gomory: 1
  Zero half: 3
  RLT: 2

Explored 1 nodes (1068 simplex iterations) in 0.33 seconds (0.96 work units)
Thread count was 10 (of 10 available processors)

Solution count 4: 219931 219941 219946 219966 

Optimal solution found (tolerance 1.00e-04)
Best objective 2.199310000000e+05, best bound 2.199110000000e+05, gap 0.0091%
Solução ótima encontrada.
Set parameter TimeLimit to value 25200
Set parameter TimeLimit to value 600
Gurobi Optimizer version 10.0.2 build v10.0.2rc0 (mac64[arm])

CPU model: Apple M5
Thread count: 10 physical cores, 10 logical processors, using up to 10 threads

Optimize a model with 548706 rows, 284763 columns and 1341935 nonzeros
Model fingerprint: 0x0eed7787
Variable types: 0 continuous, 284763 integer (264707 binary)
Coefficient statistics:
  Matrix range     [1e+00, 8e+01]
  Objective range  [5e-01, 2e+03]
  Bounds range     [1e+00, 1e+00]
  RHS range        [1e+00, 1e+02]

User MIP start produced solution with objective 219931 (0.10s)
Loaded user MIP start with objective 219931
MIP start from previous solve did not produce a new incumbent solution

Presolve removed 531055 rows and 270970 columns
Presolve time: 0.17s
Presolved: 17651 rows, 13793 columns, 49694 nonzeros
Variable types: 0 continuous, 13793 integer (13793 binary)
Found heuristic solution: objective 219381.00000

Root relaxation: objective 2.181166e+05, 1875 iterations, 0.03 seconds (0.06 work units)

    Nodes    |    Current Node    |     Objective Bounds      |     Work
 Expl Unexpl |  Obj  Depth IntInf | Incumbent    BestBd   Gap | It/Node Time

     0     0 218116.583    0  468 219381.000 218116.583  0.58%     -    0s
H    0     0                    218616.00000 218128.250  0.22%     -    0s
     0     0 218128.250    0  143 218616.000 218128.250  0.22%     -    0s
H    0     0                    218136.00000 218128.250  0.00%     -    0s

Cutting planes:
  Gomory: 2
  Zero half: 6
  RLT: 2
  BQP: 4

Explored 1 nodes (2683 simplex iterations) in 0.45 seconds (1.14 work units)
Thread count was 10 (of 10 available processors)

Solution count 4: 218136 218616 219381 219931 

Optimal solution found (tolerance 1.00e-04)
Best objective 2.181360000000e+05, best bound 2.181282500000e+05, gap 0.0036%
Solução ótima encontrada.
Set parameter TimeLimit to value 25200
Set parameter TimeLimit to value 600
Gurobi Optimizer version 10.0.2 build v10.0.2rc0 (mac64[arm])

CPU model: Apple M5
Thread count: 10 physical cores, 10 logical processors, using up to 10 threads

Optimize a model with 548706 rows, 284763 columns and 1341935 nonzeros
Model fingerprint: 0x486abe80
Variable types: 0 continuous, 284763 integer (264707 binary)
Coefficient statistics:
  Matrix range     [1e+00, 8e+01]
  Objective range  [5e-01, 2e+03]
  Bounds range     [1e+00, 1e+00]
  RHS range        [1e+00, 1e+02]

User MIP start produced solution with objective 218136 (0.10s)
Loaded user MIP start with objective 218136
MIP start from previous solve did not produce a new incumbent solution

Presolve removed 531179 rows and 272421 columns
Presolve time: 0.17s
Presolved: 17527 rows, 12342 columns, 50324 nonzeros
Variable types: 0 continuous, 12342 integer (12342 binary)

Root relaxation: objective 2.180625e+05, 11366 iterations, 0.37 seconds (0.95 work units)

    Nodes    |    Current Node    |     Objective Bounds      |     Work
 Expl Unexpl |  Obj  Depth IntInf | Incumbent    BestBd   Gap | It/Node Time

     0     0 218062.500    0  491 218136.000 218062.500  0.03%     -    0s
     0     0 218133.500    0  200 218136.000 218133.500  0.00%     -    0s

Explored 1 nodes (16142 simplex iterations) in 0.85 seconds (2.27 work units)
Thread count was 10 (of 10 available processors)

Solution count 1: 218136 

Optimal solution found (tolerance 1.00e-04)
Best objective 2.181360000000e+05, best bound 2.181335000000e+05, gap 0.0011%
Solução ótima encontrada.
Set parameter TimeLimit to value 25200
Set parameter TimeLimit to value 600
Gurobi Optimizer version 10.0.2 build v10.0.2rc0 (mac64[arm])

CPU model: Apple M5
Thread count: 10 physical cores, 10 logical processors, using up to 10 threads

Optimize a model with 548706 rows, 284763 columns and 1341935 nonzeros
Model fingerprint: 0xe7de6a6d
Variable types: 0 continuous, 284763 integer (264707 binary)
Coefficient statistics:
  Matrix range     [1e+00, 8e+01]
  Objective range  [5e-01, 2e+03]
  Bounds range     [1e+00, 1e+00]
  RHS range        [1e+00, 1e+02]

User MIP start produced solution with objective 218136 (0.10s)
Loaded user MIP start with objective 218136
MIP start from previous solve did not produce a new incumbent solution

Presolve removed 547161 rows and 283458 columns
Presolve time: 0.14s
Presolved: 1545 rows, 1305 columns, 4324 nonzeros
Variable types: 0 continuous, 1305 integer (1305 binary)

Root relaxation: cutoff, 253 iterations, 0.00 seconds (0.00 work units)

    Nodes    |    Current Node    |     Objective Bounds      |     Work
 Expl Unexpl |  Obj  Depth IntInf | Incumbent    BestBd   Gap | It/Node Time

     0     0     cutoff    0      218136.000 218136.000  0.00%     -    0s

Explored 1 nodes (253 simplex iterations) in 0.27 seconds (0.80 work units)
Thread count was 10 (of 10 available processors)

Solution count 1: 218136 

Optimal solution found (tolerance 1.00e-04)
Best objective 2.181360000000e+05, best bound 2.181360000000e+05, gap 0.0000%
Solução ótima encontrada.
Set parameter TimeLimit to value 25200
Set parameter TimeLimit to value 600
Gurobi Optimizer version 10.0.2 build v10.0.2rc0 (mac64[arm])

CPU model: Apple M5
Thread count: 10 physical cores, 10 logical processors, using up to 10 threads

Optimize a model with 548706 rows, 284763 columns and 1341935 nonzeros
Model fingerprint: 0x59029e2d
Variable types: 0 continuous, 284763 integer (264707 binary)
Coefficient statistics:
  Matrix range     [1e+00, 8e+01]
  Objective range  [5e-01, 2e+03]
  Bounds range     [1e+00, 1e+00]
  RHS range        [1e+00, 1e+02]

User MIP start produced solution with objective 218136 (0.10s)
Loaded user MIP start with objective 218136
MIP start from previous solve did not produce a new incumbent solution

Presolve removed 545712 rows and 282082 columns
Presolve time: 0.15s
Presolved: 2994 rows, 2681 columns, 8455 nonzeros
Variable types: 0 continuous, 2681 integer (2681 binary)

Root relaxation: objective 2.181240e+05, 241 iterations, 0.00 seconds (0.00 work units)

    Nodes    |    Current Node    |     Objective Bounds      |     Work
 Expl Unexpl |  Obj  Depth IntInf | Incumbent    BestBd   Gap | It/Node Time

     0     0          -    0      218136.000 218124.000  0.01%     -    0s

Explored 1 nodes (241 simplex iterations) in 0.28 seconds (0.82 work units)
Thread count was 10 (of 10 available processors)

Solution count 1: 218136 

Optimal solution found (tolerance 1.00e-04)
Best objective 2.181360000000e+05, best bound 2.181240000000e+05, gap 0.0055%
Solução ótima encontrada.
Set parameter TimeLimit to value 25200
Set parameter TimeLimit to value 600
Gurobi Optimizer version 10.0.2 build v10.0.2rc0 (mac64[arm])

CPU model: Apple M5
Thread count: 10 physical cores, 10 logical processors, using up to 10 threads

Optimize a model with 548706 rows, 284763 columns and 1341935 nonzeros
Model fingerprint: 0x86fc2670
Variable types: 0 continuous, 284763 integer (264707 binary)
Coefficient statistics:
  Matrix range     [1e+00, 8e+01]
  Objective range  [5e-01, 2e+03]
  Bounds range     [1e+00, 1e+00]
  RHS range        [1e+00, 1e+02]

User MIP start produced solution with objective 218136 (0.10s)
Loaded user MIP start with objective 218136
MIP start from previous solve did not produce a new incumbent solution

Presolve removed 542557 rows and 279631 columns
Presolve time: 0.17s
Presolved: 6149 rows, 5132 columns, 17383 nonzeros
Variable types: 0 continuous, 5132 integer (5132 binary)

Root relaxation: objective 2.181060e+05, 1521 iterations, 0.02 seconds (0.03 work units)

    Nodes    |    Current Node    |     Objective Bounds      |     Work
 Expl Unexpl |  Obj  Depth IntInf | Incumbent    BestBd   Gap | It/Node Time

     0     0 218106.000    0   70 218136.000 218106.000  0.01%     -    0s
     0     0 218106.000    0   70 218136.000 218106.000  0.01%     -    0s
     0     0 218106.000    0   26 218136.000 218106.000  0.01%     -    0s
     0     0 218106.000    0   64 218136.000 218106.000  0.01%     -    0s
     0     0 218106.000    0   26 218136.000 218106.000  0.01%     -    0s
H    0     0                    218131.00000 218106.000  0.01%     -    0s
     0     0 218106.000    0   26 218131.000 218106.000  0.01%     -    0s
     0     0 218106.000    0   26 218131.000 218106.000  0.01%     -    0s
     0     0 218108.500    0   47 218131.000 218108.500  0.01%     -    0s
     0     2 218108.500    0   26 218131.000 218108.500  0.01%     -    0s

Cutting planes:
  Lift-and-project: 3
  MIR: 1
  Zero half: 5
  RLT: 11

Explored 7 nodes (2986 simplex iterations) in 0.36 seconds (1.01 work units)
Thread count was 10 (of 10 available processors)

Solution count 2: 218131 218136 

Optimal solution found (tolerance 1.00e-04)
Best objective 2.181310000000e+05, best bound 2.181110000000e+05, gap 0.0092%
Solução ótima encontrada.
Set parameter TimeLimit to value 25200
Set parameter TimeLimit to value 600
Gurobi Optimizer version 10.0.2 build v10.0.2rc0 (mac64[arm])

CPU model: Apple M5
Thread count: 10 physical cores, 10 logical processors, using up to 10 threads

Optimize a model with 548706 rows, 284763 columns and 1341935 nonzeros
Model fingerprint: 0xb2ce9fa0
Variable types: 0 continuous, 284763 integer (264707 binary)
Coefficient statistics:
  Matrix range     [1e+00, 8e+01]
  Objective range  [5e-01, 2e+03]
  Bounds range     [1e+00, 1e+00]
  RHS range        [1e+00, 1e+02]

User MIP start produced solution with objective 218131 (0.10s)
Loaded user MIP start with objective 218131
MIP start from previous solve did not produce a new incumbent solution

Presolve removed 536413 rows and 274889 columns
Presolve time: 0.21s
Presolved: 12293 rows, 9874 columns, 35539 nonzeros
Variable types: 0 continuous, 9874 integer (9874 binary)

Root relaxation: objective 2.180035e+05, 7831 iterations, 0.25 seconds (0.69 work units)

    Nodes    |    Current Node    |     Objective Bounds      |     Work
 Expl Unexpl |  Obj  Depth IntInf | Incumbent    BestBd   Gap | It/Node Time

     0     0 218003.500    0  411 218131.000 218003.500  0.06%     -    0s
     0     0 218003.500    0  411 218131.000 218003.500  0.06%     -    0s
     0     0 218003.500    0  101 218131.000 218003.500  0.06%     -    0s
     0     0 218017.250    0  143 218131.000 218017.250  0.05%     -    0s
     0     0 218028.750    0  102 218131.000 218028.750  0.05%     -    1s
     0     0 218032.313    0  157 218131.000 218032.313  0.05%     -    1s
     0     0 218036.729    0  157 218131.000 218036.729  0.04%     -    1s
     0     0 218037.012    0  169 218131.000 218037.012  0.04%     -    1s
     0     0 218037.171    0  194 218131.000 218037.171  0.04%     -    1s
     0     0 218037.184    0  167 218131.000 218037.184  0.04%     -    1s
     0     0 218042.250    0   98 218131.000 218042.250  0.04%     -    1s
     0     0 218042.250    0  103 218131.000 218042.250  0.04%     -    1s
     0     0 218043.500    0  109 218131.000 218043.500  0.04%     -    1s
     0     2 218043.500    0  100 218131.000 218043.500  0.04%     -    1s
H   72    59                    218126.00000 218047.750  0.04%  87.8    1s
*   92    56               9    218116.00000 218047.750  0.03%  78.6    1s

Cutting planes:
  Gomory: 4
  Lift-and-project: 8
  MIR: 3
  Inf proof: 2
  Zero half: 22
  RLT: 21
  BQP: 28

Explored 2778 nodes (147680 simplex iterations) in 2.35 seconds (5.13 work units)
Thread count was 10 (of 10 available processors)

Solution count 3: 218116 218126 218131 

Optimal solution found (tolerance 1.00e-04)
Best objective 2.181160000000e+05, best bound 2.181160000000e+05, gap 0.0000%
Solução ótima encontrada.
Set parameter TimeLimit to value 25200
Set parameter TimeLimit to value 600
Gurobi Optimizer version 10.0.2 build v10.0.2rc0 (mac64[arm])

CPU model: Apple M5
Thread count: 10 physical cores, 10 logical processors, using up to 10 threads

Optimize a model with 548706 rows, 284763 columns and 1341935 nonzeros
Model fingerprint: 0x3ad496a0
Variable types: 0 continuous, 284763 integer (264707 binary)
Coefficient statistics:
  Matrix range     [1e+00, 8e+01]
  Objective range  [5e-01, 2e+03]
  Bounds range     [1e+00, 1e+00]
  RHS range        [1e+00, 1e+02]

User MIP start produced solution with objective 218116 (0.10s)
Loaded user MIP start with objective 218116
MIP start from previous solve did not produce a new incumbent solution

Presolve removed 543418 rows and 280205 columns
Presolve time: 0.17s
Presolved: 5288 rows, 4558 columns, 15055 nonzeros
Variable types: 0 continuous, 4558 integer (4558 binary)

Root relaxation: objective 2.173835e+05, 908 iterations, 0.01 seconds (0.02 work units)

    Nodes    |    Current Node    |     Objective Bounds      |     Work
 Expl Unexpl |  Obj  Depth IntInf | Incumbent    BestBd   Gap | It/Node Time

     0     0 217383.500    0   87 218116.000 217383.500  0.34%     -    0s
     0     0 217386.000    0   96 218116.000 217386.000  0.33%     -    0s
     0     0 217387.250    0  127 218116.000 217387.250  0.33%     -    0s
H    0     0                    217711.00000 217387.250  0.15%     -    0s
H    0     0                    217706.00000 217392.667  0.14%     -    0s
     0     0 217392.667    0  226 217706.000 217392.667  0.14%     -    0s
H    0     0                    217686.00000 217392.667  0.13%     -    0s
     0     0 217392.667    0  112 217686.000 217392.667  0.13%     -    0s
H    0     0                    217411.00000 217392.667  0.01%     -    0s

Explored 1 nodes (2370 simplex iterations) in 0.41 seconds (1.05 work units)
Thread count was 10 (of 10 available processors)

Solution count 5: 217411 217686 217706 ... 218116

Optimal solution found (tolerance 1.00e-04)
Best objective 2.174110000000e+05, best bound 2.173930000000e+05, gap 0.0083%
Solução ótima encontrada.
Set parameter TimeLimit to value 25200
Set parameter TimeLimit to value 600
Gurobi Optimizer version 10.0.2 build v10.0.2rc0 (mac64[arm])

CPU model: Apple M5
Thread count: 10 physical cores, 10 logical processors, using up to 10 threads

Optimize a model with 548706 rows, 284763 columns and 1341935 nonzeros
Model fingerprint: 0xe54d2042
Variable types: 0 continuous, 284763 integer (264707 binary)
Coefficient statistics:
  Matrix range     [1e+00, 8e+01]
  Objective range  [5e-01, 2e+03]
  Bounds range     [1e+00, 1e+00]
  RHS range        [1e+00, 1e+02]

User MIP start produced solution with objective 217411 (0.10s)
Loaded user MIP start with objective 217411
MIP start from previous solve did not produce a new incumbent solution

Presolve removed 530381 rows and 271219 columns
Presolve time: 0.25s
Presolved: 18325 rows, 13544 columns, 52353 nonzeros
Variable types: 0 continuous, 13544 integer (13544 binary)

Root relaxation: objective 2.159421e+05, 22424 iterations, 0.92 seconds (2.46 work units)

    Nodes    |    Current Node    |     Objective Bounds      |     Work
 Expl Unexpl |  Obj  Depth IntInf | Incumbent    BestBd   Gap | It/Node Time

     0     0 215942.079    0 1537 217411.000 215942.079  0.68%     -    1s
     0     0 216046.472    0 1571 217411.000 216046.472  0.63%     -    2s
     0     0 216049.301    0 1502 217411.000 216049.301  0.63%     -    2s
     0     0 216049.301    0 1502 217411.000 216049.301  0.63%     -    2s
     0     0 216106.475    0 1782 217411.000 216106.475  0.60%     -    2s
     0     0 216112.605    0 1854 217411.000 216112.605  0.60%     -    2s
     0     0 216112.993    0 1786 217411.000 216112.993  0.60%     -    2s
     0     0 216114.570    0 1692 217411.000 216114.570  0.60%     -    2s
     0     0 216114.661    0 1693 217411.000 216114.661  0.60%     -    2s
     0     0 216114.732    0 1703 217411.000 216114.732  0.60%     -    2s
     0     0 216114.751    0 1702 217411.000 216114.751  0.60%     -    2s
     0     0 216159.547    0 1945 217411.000 216159.547  0.58%     -    3s
     0     0 216169.966    0 1949 217411.000 216169.966  0.57%     -    3s
H    0     0                    217276.00000 216171.499  0.51%     -    3s
     0     0 216171.499    0 1870 217276.000 216171.499  0.51%     -    3s
     0     0 216172.308    0 1847 217276.000 216172.308  0.51%     -    3s
     0     0 216172.446    0 1846 217276.000 216172.446  0.51%     -    3s
     0     0 216172.557    0 1815 217276.000 216172.557  0.51%     -    3s
     0     0 216172.691    0 1833 217276.000 216172.691  0.51%     -    3s
     0     0 216172.746    0 1824 217276.000 216172.746  0.51%     -    3s
     0     0 216172.753    0 1804 217276.000 216172.753  0.51%     -    3s
     0     0 216188.466    0 1976 217276.000 216188.466  0.50%     -    4s
     0     0 216194.425    0 2037 217276.000 216194.425  0.50%     -    4s
     0     0 216197.420    0 2022 217276.000 216197.420  0.50%     -    4s
     0     0 216197.885    0 2026 217276.000 216197.885  0.50%     -    4s
     0     0 216197.899    0 2023 217276.000 216197.899  0.50%     -    4s
     0     0 216214.497    0 1895 217276.000 216214.497  0.49%     -    4s
     0     2 216214.651    0 1895 217276.000 216214.651  0.49%     -    5s
H   42    46                    217195.50000 216223.005  0.45%  3666    9s
    45    56 216613.968    7 1096 217195.500 216223.005  0.45%  3465   10s
    80    88 216681.000    9  752 217195.500 216223.005  0.45%  2517   17s
   138   135 216690.125   14  645 217195.500 216223.005  0.45%  1770   30s
   316   192 216304.933    7 1728 217195.500 216244.629  0.44%  1149   35s
   413   228 216893.759   11 1655 217195.500 216244.629  0.44%  1132   43s
   483   281 217018.139   15 1088 217195.500 216244.629  0.44%  1075   50s
   699   432 216974.100   12  835 217195.500 216267.538  0.43%  1017   55s
   961   590 217022.622   13  853 217195.500 216292.520  0.42%   965   60s
  1398   851     cutoff   17      217195.500 216334.052  0.40%   893   65s
  1635   908 217130.125   24 1835 217195.500 216407.876  0.36%   863   70s
  1654   921 217109.700   33 2190 217195.500 216407.876  0.36%   853   75s
  1672   944 216523.935   13 2122 217195.500 216413.836  0.36%   915   80s
  1742   981 217026.450   17 1065 217195.500 216413.861  0.36%   973   89s
  1773   986     cutoff   18      217195.500 216413.861  0.36%   965   90s
  1898   979     cutoff   28      217195.500 216439.449  0.35%   957   95s
  2112   988     cutoff   20      217195.500 216439.449  0.35%   950  102s
  2204   981     cutoff   28      217195.500 216439.449  0.35%   941  116s
  2219   985 infeasible   29      217195.500 216439.449  0.35%   941  128s
  2230   990 infeasible   30      217195.500 216439.449  0.35%   944  136s
  2371  1036 216757.448   23 1102 217195.500 216447.231  0.34%   932  140s
  2595  1095 216703.258   17 1255 217195.500 216467.591  0.34%   939  146s
  2747  1101 216806.218   18  855 217195.500 216467.591  0.34%   936  150s
  2971  1122 216564.221   17 2036 217195.500 216499.753  0.32%   945  156s
  3149  1165 216889.268   22 1101 217195.500 216499.753  0.32%   939  160s
  3385  1179 216811.797   29 1295 217195.500 216575.081  0.29%   950  166s
  3581  1197 216628.808   20 1460 217195.500 216576.538  0.28%   949  171s
  3801  1225     cutoff   29      217195.500 216584.536  0.28%   949  175s
  4033  1319 216883.411   28  685 217195.500 216631.946  0.26%   943  182s
  4185  1336 216792.607   22  900 217195.500 216634.719  0.26%   936  185s
  4460  1424 216923.482   24 1631 217195.500 216648.058  0.25%   938  192s
  4612  1456 216927.813   25 1510 217195.500 216651.525  0.25%   937  206s
  4875  1577 216839.426   16  979 217195.500 216658.270  0.25%   933  213s
  5046  1640 217092.418   29 1269 217195.500 216663.213  0.25%   935  217s
  5203  1742 216842.942   18 1462 217195.500 216670.734  0.24%   939  223s
  5421  1791 216952.318   23  930 217195.500 216677.457  0.24%   938  227s
  5564  1828 216837.904   23 1439 217195.500 216678.534  0.24%   946  232s
  5735  1957 216856.457   30 1391 217195.500 216678.534  0.24%   958  238s
  5975  2009 216910.872   37 1600 217195.500 216688.853  0.23%   957  242s
  6116  2070 217193.879   32 1238 217195.500 216691.992  0.23%   965  247s
  6342  2141 216948.642   27 1178 217195.500 216698.328  0.23%   965  253s
  6592  2173 216893.811   23 1751 217195.500 216698.328  0.23%   968  258s
  6794  2224 217128.356   29 1429 217195.500 216698.328  0.23%   975  267s
  6940  2253     cutoff   32      217195.500 216698.328  0.23%   980  282s
  7047  2277     cutoff   46      217195.500 216714.515  0.22%   979  288s
  7245  2446     cutoff   25      217195.500 216721.531  0.22%   991  295s
  7530  2552 216805.496   20 1962 217195.500 216729.089  0.21%   990  304s
  7818  2598 216847.513   30 2216 217195.500 216732.816  0.21%   998  319s
  7945  2730 216842.920   27 2217 217195.500 216734.879  0.21%  1008  327s
  8315  2766 216964.205   23  893 217195.500 216742.545  0.21%  1005  342s
  8411  2904     cutoff   40      217195.500 216743.134  0.21%  1010  351s
  8790  3007 216938.894   27 1992 217195.500 216749.860  0.21%  1011  363s
  9045  3134 217190.797   20 1135 217195.500 216752.384  0.20%  1016  372s
  9471  3275 216865.657   19 1162 217195.500 216757.884  0.20%  1015  383s
  9835  3422 216940.967   31 1623 217195.500 216763.766  0.20%  1021  396s
 10241  3545 216898.312   22 1171 217195.500 216768.838  0.20%  1018  408s
 10653  3672 217088.009   30 1829 217195.500 216774.185  0.19%  1029  422s
 11172  3798 216908.371   20  903 217195.500 216779.403  0.19%  1032  437s
 11663  4054 216841.873   23 1320 217195.500 216787.449  0.19%  1037  451s
 12308  4203 217174.721   41 1405 217195.500 216792.821  0.19%  1035  466s
 12846  4378 217131.533   26 1482 217195.500 216798.476  0.18%  1042  482s
 13485  4471     cutoff   44      217195.500 216802.902  0.18%  1046  498s
 14002  4579 217157.844   27 1214 217195.500 216810.723  0.18%  1056  515s
 14511  4715 217005.667   25 1439 217195.500 216819.318  0.17%  1069  533s
 15187  4770     cutoff   33      217195.500 216825.410  0.17%  1076  551s
 15706  4810 217188.594   25 1586 217195.500 216834.834  0.17%  1089  574s
 16317  4815 217034.362   25 1352 217195.500 216839.758  0.16%  1102  600s

Cutting planes:
  MIR: 5
  Zero half: 24
  RLT: 361
  BQP: 1250
  PSD: 4

Explored 16360 nodes (18123235 simplex iterations) in 600.08 seconds (1950.76 work units)
Thread count was 10 (of 10 available processors)

Solution count 3: 217196 217276 217411 

Time limit reached
Best objective 2.171955000000e+05, best bound 2.168397578780e+05, gap 0.1638%
Solução -> não <- ótima.
Set parameter TimeLimit to value 25200
Set parameter TimeLimit to value 600
Gurobi Optimizer version 10.0.2 build v10.0.2rc0 (mac64[arm])

CPU model: Apple M5
Thread count: 10 physical cores, 10 logical processors, using up to 10 threads

Optimize a model with 548706 rows, 284763 columns and 1341935 nonzeros
Model fingerprint: 0xe80ab73b
Variable types: 0 continuous, 284763 integer (264707 binary)
Coefficient statistics:
  Matrix range     [1e+00, 8e+01]
  Objective range  [5e-01, 2e+03]
  Bounds range     [1e+00, 1e+00]
  RHS range        [1e+00, 1e+02]

User MIP start produced solution with objective 217196 (0.11s)
Loaded user MIP start with objective 217196
MIP start from previous solve did not produce a new incumbent solution

Presolve removed 528012 rows and 268090 columns
Presolve time: 0.24s
Presolved: 20694 rows, 16673 columns, 60278 nonzeros
Variable types: 0 continuous, 16673 integer (16673 binary)

Root relaxation: objective 2.149653e+05, 14341 iterations, 0.57 seconds (1.51 work units)

    Nodes    |    Current Node    |     Objective Bounds      |     Work
 Expl Unexpl |  Obj  Depth IntInf | Incumbent    BestBd   Gap | It/Node Time

     0     0 214965.311    0 1277 217195.500 214965.311  1.03%     -    1s
H    0     0                    217170.50000 215199.625  0.91%     -    1s
     0     0 215199.625    0 1378 217170.500 215199.625  0.91%     -    1s
     0     0 215200.714    0 1270 217170.500 215200.714  0.91%     -    2s
     0     0 215200.714    0 1285 217170.500 215200.714  0.91%     -    2s
     0     0 215223.833    0 1118 217170.500 215223.833  0.90%     -    3s
     0     0 215231.000    0  597 217170.500 215231.000  0.89%     -    3s
     0     0 215233.500    0  722 217170.500 215233.500  0.89%     -    3s
     0     0 215235.250    0 1068 217170.500 215235.250  0.89%     -    3s
     0     0 215236.489    0 1026 217170.500 215236.489  0.89%     -    3s
     0     0 215237.250    0  867 217170.500 215237.250  0.89%     -    3s
     0     0 215237.250    0  867 217170.500 215237.250  0.89%     -    3s
     0     0 215239.694    0 1387 217170.500 215239.694  0.89%     -    4s
     0     0 215242.339    0 1300 217170.500 215242.339  0.89%     -    4s
     0     0 215242.765    0 1279 217170.500 215242.765  0.89%     -    4s
     0     0 215242.785    0 1300 217170.500 215242.785  0.89%     -    4s
     0     0 215246.292    0 1573 217170.500 215246.292  0.89%     -    4s
     0     2 215246.324    0 1573 217170.500 215246.324  0.89%     -    5s
    55    66 215592.402    7 1015 217170.500 215260.630  0.88%  1434   12s
H   63    66                    217165.50000 215260.630  0.88%  1444   12s
   120   131 215647.522   12 1104 217165.500 215260.630  0.88%  1210   21s
   203   208 216184.361   15  960 217165.500 215260.630  0.88%  1089   29s
   243   237 216430.667   18  695 217165.500 215260.630  0.88%  1078   32s
   301   279 216662.100   21  587 217165.500 215260.630  0.88%   985   36s
   453   353 217118.750   36  247 217165.500 215260.630  0.88%   853   49s
   463   386 217127.750   37  381 217165.500 215265.252  0.88%   863   50s
   581   449 215616.837   11 1360 217165.500 215265.471  0.87%   841   55s
   683   520 215665.833   20 1064 217165.500 215265.471  0.87%   857   61s
   697   531 215671.161   21 1151 217165.500 215265.471  0.87%   859   69s
   718   580 215726.763   22  723 217165.500 215265.471  0.87%   853   71s
   947   698 217072.786   40  948 217165.500 215265.471  0.87%   853   76s
  1286   961     cutoff   29      217165.500 215270.850  0.87%   869   80s
  1691  1148 215962.219   20 1166 217165.500 215278.902  0.87%   864   86s
  1710  1161 215855.333   12 1704 217165.500 215290.320  0.86%   854   90s
  1752  1200 215345.323   15 1582 217165.500 215312.406  0.85%   909   95s
  1801  1233 215396.304   17 1544 217165.500 215312.406  0.85%   928  101s
  1830  1252 215675.451   19 1163 217165.500 215312.406  0.85%   929  110s
  1979  1309 216044.154   23  926 217165.500 215312.406  0.85%   907  120s
  2091  1336 216221.077   27  721 217165.500 215312.406  0.85%   883  127s
  2155  1357 216459.477   30  554 217165.500 215312.406  0.85%   869  135s
  2273  1374 infeasible   39      217165.500 215318.290  0.85%   853  148s
  2380  1459 215712.624   22 1006 217165.500 215318.290  0.85%   842  150s
  2797  1591 216304.255   23  719 217165.500 215341.964  0.84%   812  155s
  3100  1695 215920.764   29 1163 217165.500 215352.545  0.83%   794  162s
  3312  1753 216462.089   41  726 217165.500 215352.545  0.83%   783  167s
  3597  1868 216212.130   22  821 217165.500 215359.379  0.83%   766  174s
  3672  1860 216358.768   31 1020 217165.500 215359.379  0.83%   763  184s
  3705  1871 216634.722   37  955 217165.500 215359.379  0.83%   762  189s
  3727  1951 216650.866   38  901 217165.500 215359.379  0.83%   762  191s
  4106  2022 215671.533   23 1307 217165.500 215373.816  0.83%   757  198s
  4155  2096 215672.857   24 1284 217165.500 215373.816  0.83%   757  200s
  4536  2234 216677.578   43  642 217165.500 215377.618  0.82%   756  206s
  4884  2327 215648.789   27 1367 217165.500 215383.711  0.82%   751  214s
H 4965  2231                    217130.50000 215383.711  0.80%   749  214s
  5068  2372 215678.036   33 1232 217130.500 215383.711  0.80%   746  218s
  5301  2490 216991.500   54  423 217130.500 215387.605  0.80%   741  222s
H 5523  2580                    217120.50000 215388.026  0.80%   742  228s
H 5627  2570                    217105.50000 215388.026  0.79%   743  228s
  5668  2737 216802.342   48  904 217105.500 215390.915  0.79%   744  232s
  5970  2912 217066.658   39  830 217105.500 215393.249  0.79%   740  236s
  6275  3160 215432.419   32 1356 217105.500 215395.343  0.79%   740  240s
  6615  3385     cutoff   35      217105.500 215396.678  0.79%   741  245s
  7002  3626 216836.494   45  828 217105.500 215399.137  0.79%   743  250s
  7418  3908 215419.770   32 1458 217105.500 215400.588  0.79%   743  255s
  7871  4118 215444.019   27 1180 217105.500 215401.863  0.78%   744  261s
  8215  4427 215905.906   30 1139 217105.500 215402.938  0.78%   744  267s
  8671  4717 216811.170   49  886 217105.500 215404.517  0.78%   746  273s
  9130  5034 215832.706   32 1028 217105.500 215406.070  0.78%   748  280s
  9620  5356 217087.689   43 1120 217105.500 215408.186  0.78%   752  286s
 10140  5712 216772.019   47  647 217105.500 215409.864  0.78%   754  293s
 10775  5990 215846.765   37 1074 217105.500 215411.902  0.78%   749  302s
 11235  6404 216375.308   39 1073 217105.500 215413.335  0.78%   757  309s
 11835  6781 216468.989   54  960 217105.500 215414.646  0.78%   760  318s
 12344  7128 216490.509   44  959 217105.500 215415.066  0.78%   763  326s
 12947  7422 215495.812   27 1223 217105.500 215416.458  0.78%   764  335s
H13403  7424                    217095.50000 215416.458  0.77%   769  356s
 13429  7713 215556.020   30 1323 217095.500 215417.769  0.77%   769  366s
 14048  8099 215526.856   32 1340 217095.500 215418.669  0.77%   770  376s
 14793  8507 215986.265   24 1178 217095.500 215421.833  0.77%   769  386s
 15519  8995 216400.798   36 1004 217095.500 215423.296  0.77%   771  397s
 16243  9486 216996.408   85 1386 217095.500 215424.250  0.77%   774  411s
 17167  9951 215811.868   38 1144 217095.500 215427.907  0.77%   779  424s
 18001 10224 216687.185   55  764 217095.500 215428.935  0.77%   782  440s
 18565 10778 216134.394   42  781 217095.500 215430.229  0.77%   784  457s
 19723 11364 216092.220   30  930 217095.500 215432.645  0.77%   786  472s
 20779 11944 215894.942   39 1143 217095.500 215436.083  0.76%   787  489s
 21815 12623 215577.341   41 1187 217095.500 215438.681  0.76%   792  505s
 22919 13173 216727.159   66 1148 217095.500 215440.696  0.76%   796  524s
 23932 13846     cutoff   48      217095.500 215442.698  0.76%   800  542s
 25148 14049     cutoff   46      217095.500 215444.798  0.76%   802  567s
 25521 14678 216503.396   40  887 217095.500 215445.015  0.76%   803  588s
 26814 15134 215537.699   43 1209 217095.500 215447.242  0.76%   804  600s

Cutting planes:
  Gomory: 19
  Lift-and-project: 19
  MIR: 4
  Flow cover: 4
  Inf proof: 1
  Zero half: 65
  RLT: 93
  BQP: 519

Explored 27596 nodes (22267709 simplex iterations) in 600.03 seconds (1511.81 work units)
Thread count was 10 (of 10 available processors)

Solution count 7: 217096 217106 217120 ... 217196

Time limit reached
Best objective 2.170955000000e+05, best bound 2.154479377129e+05, gap 0.7589%
Solução -> não <- ótima.
Set parameter TimeLimit to value 25200
Set parameter TimeLimit to value 600
Gurobi Optimizer version 10.0.2 build v10.0.2rc0 (mac64[arm])

CPU model: Apple M5
Thread count: 10 physical cores, 10 logical processors, using up to 10 threads

Optimize a model with 548706 rows, 284763 columns and 1341935 nonzeros
Model fingerprint: 0xcafd7564
Variable types: 0 continuous, 284763 integer (264707 binary)
Coefficient statistics:
  Matrix range     [1e+00, 8e+01]
  Objective range  [5e-01, 2e+03]
  Bounds range     [1e+00, 1e+00]
  RHS range        [1e+00, 1e+02]

User MIP start produced solution with objective 217096 (0.14s)
Loaded user MIP start with objective 217096
MIP start from previous solve did not produce a new incumbent solution

Presolve removed 534698 rows and 273155 columns
Presolve time: 0.21s
Presolved: 14008 rows, 11608 columns, 40807 nonzeros
Variable types: 0 continuous, 11608 integer (11608 binary)

Root relaxation: objective 2.167878e+05, 3977 iterations, 0.08 seconds (0.16 work units)

    Nodes    |    Current Node    |     Objective Bounds      |     Work
 Expl Unexpl |  Obj  Depth IntInf | Incumbent    BestBd   Gap | It/Node Time

     0     0 216787.800    0  462 217095.500 216787.800  0.14%     -    0s
     0     0 217084.000    0  536 217095.500 217084.000  0.01%     -    0s

Explored 1 nodes (6925 simplex iterations) in 0.55 seconds (1.44 work units)
Thread count was 10 (of 10 available processors)

Solution count 1: 217096 

Optimal solution found (tolerance 1.00e-04)
Best objective 2.170955000000e+05, best bound 2.170840000000e+05, gap 0.0053%
Solução ótima encontrada.
Set parameter TimeLimit to value 25200
Set parameter TimeLimit to value 600
Gurobi Optimizer version 10.0.2 build v10.0.2rc0 (mac64[arm])

CPU model: Apple M5
Thread count: 10 physical cores, 10 logical processors, using up to 10 threads

Optimize a model with 548706 rows, 284763 columns and 1341935 nonzeros
Model fingerprint: 0xa02c1299
Variable types: 0 continuous, 284763 integer (264707 binary)
Coefficient statistics:
  Matrix range     [1e+00, 8e+01]
  Objective range  [5e-01, 2e+03]
  Bounds range     [1e+00, 1e+00]
  RHS range        [1e+00, 1e+02]

User MIP start produced solution with objective 217096 (0.11s)
Loaded user MIP start with objective 217096
MIP start from previous solve did not produce a new incumbent solution

Presolve removed 529215 rows and 269391 columns
Presolve time: 0.24s
Presolved: 19491 rows, 15372 columns, 56007 nonzeros
Variable types: 0 continuous, 15372 integer (15372 binary)

Root relaxation: cutoff, 2104 iterations, 0.05 seconds (0.14 work units)

    Nodes    |    Current Node    |     Objective Bounds      |     Work
 Expl Unexpl |  Obj  Depth IntInf | Incumbent    BestBd   Gap | It/Node Time

     0     0     cutoff    0      217095.500 217095.500  0.00%     -    0s

Explored 1 nodes (2104 simplex iterations) in 0.42 seconds (1.24 work units)
Thread count was 10 (of 10 available processors)

Solution count 1: 217096 

Optimal solution found (tolerance 1.00e-04)
Best objective 2.170955000000e+05, best bound 2.170955000000e+05, gap 0.0000%
Solução ótima encontrada.
Set parameter TimeLimit to value 25200
Set parameter TimeLimit to value 600
Gurobi Optimizer version 10.0.2 build v10.0.2rc0 (mac64[arm])

CPU model: Apple M5
Thread count: 10 physical cores, 10 logical processors, using up to 10 threads

Optimize a model with 548706 rows, 284763 columns and 1341935 nonzeros
Model fingerprint: 0xa693edde
Variable types: 0 continuous, 284763 integer (264707 binary)
Coefficient statistics:
  Matrix range     [1e+00, 8e+01]
  Objective range  [5e-01, 2e+03]
  Bounds range     [1e+00, 1e+00]
  RHS range        [1e+00, 1e+02]

User MIP start produced solution with objective 217096 (0.11s)
Loaded user MIP start with objective 217096
MIP start from previous solve did not produce a new incumbent solution

Presolve removed 531574 rows and 270806 columns
Presolve time: 0.24s
Presolved: 17132 rows, 13957 columns, 50489 nonzeros
Variable types: 0 continuous, 13957 integer (13957 binary)

Root relaxation: objective 2.163594e+05, 2489 iterations, 0.04 seconds (0.09 work units)

    Nodes    |    Current Node    |     Objective Bounds      |     Work
 Expl Unexpl |  Obj  Depth IntInf | Incumbent    BestBd   Gap | It/Node Time

     0     0 216359.357    0  587 217095.500 216359.357  0.34%     -    0s
     0     0 216512.750    0  649 217095.500 216512.750  0.27%     -    0s
     0     0 216519.750    0  627 217095.500 216519.750  0.27%     -    0s
     0     0 216555.714    0  709 217095.500 216555.714  0.25%     -    0s
     0     0 216574.786    0  661 217095.500 216574.786  0.24%     -    0s
     0     0 216600.875    0  738 217095.500 216600.875  0.23%     -    0s
     0     0 216610.000    0  814 217095.500 216610.000  0.22%     -    0s
     0     0 216611.875    0  796 217095.500 216611.875  0.22%     -    0s
     0     0 216611.875    0  813 217095.500 216611.875  0.22%     -    0s
     0     0 216658.714    0  755 217095.500 216658.714  0.20%     -    1s
     0     0 216684.357    0  462 217095.500 216684.357  0.19%     -    1s
     0     0 217079.250    0  512 217095.500 217079.250  0.01%     -    1s

Cutting planes:
  Gomory: 4
  Clique: 90
  Zero half: 42
  RLT: 4
  BQP: 9

Explored 1 nodes (19251 simplex iterations) in 1.48 seconds (3.14 work units)
Thread count was 10 (of 10 available processors)

Solution count 1: 217096 

Optimal solution found (tolerance 1.00e-04)
Best objective 2.170955000000e+05, best bound 2.170792500000e+05, gap 0.0075%
Solução ótima encontrada.
Set parameter TimeLimit to value 25200
Set parameter TimeLimit to value 600
Gurobi Optimizer version 10.0.2 build v10.0.2rc0 (mac64[arm])

CPU model: Apple M5
Thread count: 10 physical cores, 10 logical processors, using up to 10 threads

Optimize a model with 548706 rows, 284763 columns and 1341935 nonzeros
Model fingerprint: 0xefc2ac46
Variable types: 0 continuous, 284763 integer (264707 binary)
Coefficient statistics:
  Matrix range     [1e+00, 8e+01]
  Objective range  [5e-01, 2e+03]
  Bounds range     [1e+00, 1e+00]
  RHS range        [1e+00, 1e+02]

User MIP start produced solution with objective 217096 (0.10s)
Loaded user MIP start with objective 217096
MIP start from previous solve did not produce a new incumbent solution

Presolve removed 543137 rows and 279935 columns
Presolve time: 0.17s
Presolved: 5569 rows, 4828 columns, 15765 nonzeros
Variable types: 0 continuous, 4828 integer (4828 binary)

Root relaxation: objective 2.170705e+05, 767 iterations, 0.01 seconds (0.02 work units)

    Nodes    |    Current Node    |     Objective Bounds      |     Work
 Expl Unexpl |  Obj  Depth IntInf | Incumbent    BestBd   Gap | It/Node Time

     0     0 217070.500    0   78 217095.500 217070.500  0.01%     -    0s
     0     0 217070.500    0   78 217095.500 217070.500  0.01%     -    0s
     0     0 217070.500    0   30 217095.500 217070.500  0.01%     -    0s
     0     0 217075.500    0   44 217095.500 217075.500  0.01%     -    0s

Cutting planes:
  Gomory: 1
  Zero half: 3
  RLT: 2

Explored 1 nodes (1124 simplex iterations) in 0.33 seconds (0.97 work units)
Thread count was 10 (of 10 available processors)

Solution count 1: 217096 

Optimal solution found (tolerance 1.00e-04)
Best objective 2.170955000000e+05, best bound 2.170755000000e+05, gap 0.0092%
Solução ótima encontrada.
Set parameter TimeLimit to value 25200
Set parameter TimeLimit to value 600
Gurobi Optimizer version 10.0.2 build v10.0.2rc0 (mac64[arm])

CPU model: Apple M5
Thread count: 10 physical cores, 10 logical processors, using up to 10 threads

Optimize a model with 548706 rows, 284763 columns and 1341935 nonzeros
Model fingerprint: 0x90e17e66
Variable types: 0 continuous, 284763 integer (264707 binary)
Coefficient statistics:
  Matrix range     [1e+00, 8e+01]
  Objective range  [5e-01, 2e+03]
  Bounds range     [1e+00, 1e+00]
  RHS range        [1e+00, 1e+02]

User MIP start produced solution with objective 217096 (0.11s)
Loaded user MIP start with objective 217096
MIP start from previous solve did not produce a new incumbent solution

Presolve removed 531020 rows and 270929 columns
Presolve time: 0.17s
Presolved: 17686 rows, 13834 columns, 49804 nonzeros
Variable types: 0 continuous, 13834 integer (13834 binary)

Root relaxation: objective 2.170588e+05, 1870 iterations, 0.04 seconds (0.08 work units)

    Nodes    |    Current Node    |     Objective Bounds      |     Work
 Expl Unexpl |  Obj  Depth IntInf | Incumbent    BestBd   Gap | It/Node Time

     0     0 217058.833    0  382 217095.500 217058.833  0.02%     -    0s
H    0     0                    217090.50000 217058.833  0.01%     -    0s
     0     0 217058.833    0  382 217090.500 217058.833  0.01%     -    0s
     0     0 217058.833    0   91 217090.500 217058.833  0.01%     -    0s
H    0     0                    217085.50000 217058.833  0.01%     -    0s
H    0     0                    217070.50000 217058.833  0.01%     -    0s

Cutting planes:
  Gomory: 1
  Zero half: 14

Explored 1 nodes (2957 simplex iterations) in 0.43 seconds (1.15 work units)
Thread count was 10 (of 10 available processors)

Solution count 4: 217070 217086 217090 217096 

Optimal solution found (tolerance 1.00e-04)
Best objective 2.170705000000e+05, best bound 2.170590000000e+05, gap 0.0053%
Solução ótima encontrada.
Set parameter TimeLimit to value 25200
Set parameter TimeLimit to value 600
Gurobi Optimizer version 10.0.2 build v10.0.2rc0 (mac64[arm])

CPU model: Apple M5
Thread count: 10 physical cores, 10 logical processors, using up to 10 threads

Optimize a model with 548706 rows, 284763 columns and 1341935 nonzeros
Model fingerprint: 0x4f961c54
Variable types: 0 continuous, 284763 integer (264707 binary)
Coefficient statistics:
  Matrix range     [1e+00, 8e+01]
  Objective range  [5e-01, 2e+03]
  Bounds range     [1e+00, 1e+00]
  RHS range        [1e+00, 1e+02]

User MIP start produced solution with objective 217070 (0.10s)
Loaded user MIP start with objective 217070
MIP start from previous solve did not produce a new incumbent solution

Presolve removed 531904 rows and 272715 columns
Presolve time: 0.21s
Presolved: 16802 rows, 12048 columns, 48289 nonzeros
Variable types: 0 continuous, 12048 integer (12048 binary)

Root relaxation: objective 2.169979e+05, 13485 iterations, 0.43 seconds (1.05 work units)

    Nodes    |    Current Node    |     Objective Bounds      |     Work
 Expl Unexpl |  Obj  Depth IntInf | Incumbent    BestBd   Gap | It/Node Time

     0     0 216997.941    0  786 217070.500 216997.941  0.03%     -    1s
     0     0 217068.000    0  188 217070.500 217068.000  0.00%     -    1s

Explored 1 nodes (18305 simplex iterations) in 1.03 seconds (2.61 work units)
Thread count was 10 (of 10 available processors)

Solution count 1: 217070 

Optimal solution found (tolerance 1.00e-04)
Best objective 2.170705000000e+05, best bound 2.170680000000e+05, gap 0.0012%
Solução ótima encontrada.
Set parameter TimeLimit to value 25200
Set parameter TimeLimit to value 600
Gurobi Optimizer version 10.0.2 build v10.0.2rc0 (mac64[arm])

CPU model: Apple M5
Thread count: 10 physical cores, 10 logical processors, using up to 10 threads

Optimize a model with 548706 rows, 284763 columns and 1341935 nonzeros
Model fingerprint: 0xaee03fec
Variable types: 0 continuous, 284763 integer (264707 binary)
Coefficient statistics:
  Matrix range     [1e+00, 8e+01]
  Objective range  [5e-01, 2e+03]
  Bounds range     [1e+00, 1e+00]
  RHS range        [1e+00, 1e+02]

User MIP start produced solution with objective 217070 (0.10s)
Loaded user MIP start with objective 217070
MIP start from previous solve did not produce a new incumbent solution

Presolve removed 547159 rows and 283456 columns
Presolve time: 0.15s
Presolved: 1547 rows, 1307 columns, 4328 nonzeros
Variable types: 0 continuous, 1307 integer (1307 binary)

Root relaxation: cutoff, 233 iterations, 0.00 seconds (0.00 work units)

    Nodes    |    Current Node    |     Objective Bounds      |     Work
 Expl Unexpl |  Obj  Depth IntInf | Incumbent    BestBd   Gap | It/Node Time

     0     0     cutoff    0      217070.500 217070.500  0.00%     -    0s

Explored 1 nodes (233 simplex iterations) in 0.27 seconds (0.80 work units)
Thread count was 10 (of 10 available processors)

Solution count 1: 217070 

Optimal solution found (tolerance 1.00e-04)
Best objective 2.170705000000e+05, best bound 2.170705000000e+05, gap 0.0000%
Solução ótima encontrada.
Set parameter TimeLimit to value 25200
Set parameter TimeLimit to value 600
Gurobi Optimizer version 10.0.2 build v10.0.2rc0 (mac64[arm])

CPU model: Apple M5
Thread count: 10 physical cores, 10 logical processors, using up to 10 threads

Optimize a model with 548706 rows, 284763 columns and 1341935 nonzeros
Model fingerprint: 0x586fbfbb
Variable types: 0 continuous, 284763 integer (264707 binary)
Coefficient statistics:
  Matrix range     [1e+00, 8e+01]
  Objective range  [5e-01, 2e+03]
  Bounds range     [1e+00, 1e+00]
  RHS range        [1e+00, 1e+02]

User MIP start produced solution with objective 217070 (0.10s)
Loaded user MIP start with objective 217070
MIP start from previous solve did not produce a new incumbent solution

Presolve removed 545678 rows and 282049 columns
Presolve time: 0.14s
Presolved: 3028 rows, 2714 columns, 8557 nonzeros
Variable types: 0 continuous, 2714 integer (2714 binary)

Root relaxation: objective 2.170585e+05, 252 iterations, 0.00 seconds (0.00 work units)

    Nodes    |    Current Node    |     Objective Bounds      |     Work
 Expl Unexpl |  Obj  Depth IntInf | Incumbent    BestBd   Gap | It/Node Time

     0     0          -    0      217070.500 217058.500  0.01%     -    0s

Explored 1 nodes (252 simplex iterations) in 0.26 seconds (0.83 work units)
Thread count was 10 (of 10 available processors)

Solution count 1: 217070 

Optimal solution found (tolerance 1.00e-04)
Best objective 2.170705000000e+05, best bound 2.170585000000e+05, gap 0.0055%
Solução ótima encontrada.
Set parameter TimeLimit to value 25200
Set parameter TimeLimit to value 600
Gurobi Optimizer version 10.0.2 build v10.0.2rc0 (mac64[arm])

CPU model: Apple M5
Thread count: 10 physical cores, 10 logical processors, using up to 10 threads

Optimize a model with 548706 rows, 284763 columns and 1341935 nonzeros
Model fingerprint: 0x3d962180
Variable types: 0 continuous, 284763 integer (264707 binary)
Coefficient statistics:
  Matrix range     [1e+00, 8e+01]
  Objective range  [5e-01, 2e+03]
  Bounds range     [1e+00, 1e+00]
  RHS range        [1e+00, 1e+02]

User MIP start produced solution with objective 217070 (0.11s)
Loaded user MIP start with objective 217070
MIP start from previous solve did not produce a new incumbent solution

Presolve removed 542628 rows and 279667 columns
Presolve time: 0.17s
Presolved: 6078 rows, 5096 columns, 17187 nonzeros
Variable types: 0 continuous, 5096 integer (5096 binary)

Root relaxation: objective 2.170455e+05, 1461 iterations, 0.02 seconds (0.03 work units)

    Nodes    |    Current Node    |     Objective Bounds      |     Work
 Expl Unexpl |  Obj  Depth IntInf | Incumbent    BestBd   Gap | It/Node Time

     0     0 217045.500    0   70 217070.500 217045.500  0.01%     -    0s
     0     0 217045.500    0   70 217070.500 217045.500  0.01%     -    0s
     0     0 217045.500    0   26 217070.500 217045.500  0.01%     -    0s
     0     0 217045.500    0   26 217070.500 217045.500  0.01%     -    0s
     0     0 217070.500    0   26 217070.500 217070.500  0.00%     -    0s

Cutting planes:
  Gomory: 1
  Zero half: 4
  RLT: 18

Explored 1 nodes (2799 simplex iterations) in 0.37 seconds (1.00 work units)
Thread count was 10 (of 10 available processors)

Solution count 1: 217070 

Optimal solution found (tolerance 1.00e-04)
Best objective 2.170705000000e+05, best bound 2.170705000000e+05, gap 0.0000%
Solução ótima encontrada.
Set parameter TimeLimit to value 25200
Set parameter TimeLimit to value 600
Gurobi Optimizer version 10.0.2 build v10.0.2rc0 (mac64[arm])

CPU model: Apple M5
Thread count: 10 physical cores, 10 logical processors, using up to 10 threads

Optimize a model with 548706 rows, 284763 columns and 1341935 nonzeros
Model fingerprint: 0xb26f750b
Variable types: 0 continuous, 284763 integer (264707 binary)
Coefficient statistics:
  Matrix range     [1e+00, 8e+01]
  Objective range  [5e-01, 2e+03]
  Bounds range     [1e+00, 1e+00]
  RHS range        [1e+00, 1e+02]

User MIP start produced solution with objective 217070 (0.10s)
Loaded user MIP start with objective 217070
MIP start from previous solve did not produce a new incumbent solution

Presolve removed 536305 rows and 274884 columns
Presolve time: 0.21s
Presolved: 12401 rows, 9879 columns, 35847 nonzeros
Variable types: 0 continuous, 9879 integer (9879 binary)

Root relaxation: objective 2.169575e+05, 6983 iterations, 0.20 seconds (0.40 work units)

    Nodes    |    Current Node    |     Objective Bounds      |     Work
 Expl Unexpl |  Obj  Depth IntInf | Incumbent    BestBd   Gap | It/Node Time

     0     0 216957.500    0  563 217070.500 216957.500  0.05%     -    0s
     0     0 216957.500    0  563 217070.500 216957.500  0.05%     -    0s
     0     0 216957.500    0  138 217070.500 216957.500  0.05%     -    0s
     0     0 216974.250    0  141 217070.500 216974.250  0.04%     -    0s
     0     0 216986.333    0  192 217070.500 216986.333  0.04%     -    0s
     0     0 216988.289    0  179 217070.500 216988.289  0.04%     -    0s
     0     0 216988.741    0  187 217070.500 216988.741  0.04%     -    0s
     0     0 216988.750    0  176 217070.500 216988.750  0.04%     -    0s
     0     0 216992.214    0  160 217070.500 216992.214  0.04%     -    1s
     0     0 216993.217    0  171 217070.500 216993.217  0.04%     -    1s
     0     0 216993.556    0  170 217070.500 216993.556  0.04%     -    1s
     0     0 216993.556    0  168 217070.500 216993.556  0.04%     -    1s
     0     0 216994.838    0  179 217070.500 216994.838  0.03%     -    1s
     0     0 216995.083    0  157 217070.500 216995.083  0.03%     -    1s
     0     0 216995.957    0  174 217070.500 216995.957  0.03%     -    1s
     0     0 216996.010    0  132 217070.500 216996.010  0.03%     -    1s
     0     0 216996.010    0  148 217070.500 216996.010  0.03%     -    1s
     0     0 216996.010    0  201 217070.500 216996.010  0.03%     -    1s
     0     0 216996.010    0  209 217070.500 216996.010  0.03%     -    1s
     0     0 216996.010    0  219 217070.500 216996.010  0.03%     -    1s
     0     0 216996.010    0  183 217070.500 216996.010  0.03%     -    1s
     0     0 216998.235    0  185 217070.500 216998.235  0.03%     -    1s
     0     0 216998.306    0  201 217070.500 216998.306  0.03%     -    1s
     0     0 216998.310    0  203 217070.500 216998.310  0.03%     -    1s
     0     0 216999.250    0  149 217070.500 216999.250  0.03%     -    1s
     0     0 216999.250    0  161 217070.500 216999.250  0.03%     -    1s
     0     0 216999.364    0  165 217070.500 216999.364  0.03%     -    1s
     0     0 216999.429    0  159 217070.500 216999.429  0.03%     -    1s
     0     0 216999.429    0  152 217070.500 216999.429  0.03%     -    1s
     0     0 216999.938    0  184 217070.500 216999.938  0.03%     -    1s
     0     2 216999.957    0  178 217070.500 216999.957  0.03%     -    1s

Cutting planes:
  Gomory: 6
  MIR: 1
  Inf proof: 1
  Zero half: 37
  RLT: 21
  BQP: 49

Explored 5520 nodes (232801 simplex iterations) in 2.76 seconds (5.66 work units)
Thread count was 10 (of 10 available processors)

Solution count 1: 217070 

Optimal solution found (tolerance 1.00e-04)
Best objective 2.170705000000e+05, best bound 2.170580000000e+05, gap 0.0058%
Solução ótima encontrada.
Set parameter TimeLimit to value 25200
Set parameter TimeLimit to value 600
Gurobi Optimizer version 10.0.2 build v10.0.2rc0 (mac64[arm])

CPU model: Apple M5
Thread count: 10 physical cores, 10 logical processors, using up to 10 threads

Optimize a model with 548706 rows, 284763 columns and 1341935 nonzeros
Model fingerprint: 0xd6355f85
Variable types: 0 continuous, 284763 integer (264707 binary)
Coefficient statistics:
  Matrix range     [1e+00, 8e+01]
  Objective range  [5e-01, 2e+03]
  Bounds range     [1e+00, 1e+00]
  RHS range        [1e+00, 1e+02]

User MIP start produced solution with objective 217070 (0.12s)
Loaded user MIP start with objective 217070
MIP start from previous solve did not produce a new incumbent solution

Presolve removed 543373 rows and 280159 columns
Presolve time: 0.17s
Presolved: 5333 rows, 4604 columns, 15187 nonzeros
Variable types: 0 continuous, 4604 integer (4604 binary)

Root relaxation: objective 2.170430e+05, 896 iterations, 0.01 seconds (0.02 work units)

    Nodes    |    Current Node    |     Objective Bounds      |     Work
 Expl Unexpl |  Obj  Depth IntInf | Incumbent    BestBd   Gap | It/Node Time

     0     0 217043.000    0   87 217070.500 217043.000  0.01%     -    0s
     0     0 217043.000    0   87 217070.500 217043.000  0.01%     -    0s
     0     0 217043.000    0   28 217070.500 217043.000  0.01%     -    0s
     0     0 217045.500    0   62 217070.500 217045.500  0.01%     -    0s
     0     0 217045.500    0   44 217070.500 217045.500  0.01%     -    0s
     0     0 217045.500    0   59 217070.500 217045.500  0.01%     -    0s
     0     0 217045.500    0   40 217070.500 217045.500  0.01%     -    0s
H    0     0                    217065.50000 217047.167  0.01%     -    0s
     0     0 217047.167    0   31 217065.500 217047.167  0.01%     -    0s

Cutting planes:
  Gomory: 1
  Clique: 5
  Zero half: 6
  RLT: 1
  BQP: 2

Explored 1 nodes (1531 simplex iterations) in 0.36 seconds (0.95 work units)
Thread count was 10 (of 10 available processors)

Solution count 2: 217066 217070 

Optimal solution found (tolerance 1.00e-04)
Best objective 2.170655000000e+05, best bound 2.170505000000e+05, gap 0.0069%
Solução ótima encontrada.
Set parameter TimeLimit to value 25200
Set parameter TimeLimit to value 600
Gurobi Optimizer version 10.0.2 build v10.0.2rc0 (mac64[arm])

CPU model: Apple M5
Thread count: 10 physical cores, 10 logical processors, using up to 10 threads

Optimize a model with 548706 rows, 284763 columns and 1341935 nonzeros
Model fingerprint: 0x73d6a2ed
Variable types: 0 continuous, 284763 integer (264707 binary)
Coefficient statistics:
  Matrix range     [1e+00, 8e+01]
  Objective range  [5e-01, 2e+03]
  Bounds range     [1e+00, 1e+00]
  RHS range        [1e+00, 1e+02]

User MIP start produced solution with objective 217066 (0.10s)
Loaded user MIP start with objective 217066
MIP start from previous solve did not produce a new incumbent solution

Presolve removed 530566 rows and 271309 columns
Presolve time: 0.24s
Presolved: 18140 rows, 13454 columns, 51807 nonzeros
Variable types: 0 continuous, 13454 integer (13454 binary)

Root relaxation: objective 2.158113e+05, 18126 iterations, 0.71 seconds (1.91 work units)

    Nodes    |    Current Node    |     Objective Bounds      |     Work
 Expl Unexpl |  Obj  Depth IntInf | Incumbent    BestBd   Gap | It/Node Time

     0     0 215811.300    0 1508 217065.500 215811.300  0.58%     -    1s
     0     0 215920.627    0 1546 217065.500 215920.627  0.53%     -    2s
     0     0 215926.659    0 1535 217065.500 215926.659  0.52%     -    2s
     0     0 215926.659    0 1488 217065.500 215926.659  0.52%     -    2s
     0     0 215988.546    0 1832 217065.500 215988.546  0.50%     -    2s
     0     0 216000.341    0 1821 217065.500 216000.341  0.49%     -    2s
     0     0 216003.033    0 1800 217065.500 216003.033  0.49%     -    2s
     0     0 216003.092    0 1761 217065.500 216003.092  0.49%     -    2s
     0     0 216003.501    0 1788 217065.500 216003.501  0.49%     -    2s
     0     0 216003.664    0 1767 217065.500 216003.664  0.49%     -    2s
     0     0 216003.664    0 1767 217065.500 216003.664  0.49%     -    2s
     0     0 216050.311    0 1724 217065.500 216050.311  0.47%     -    3s
     0     0 216054.534    0 1614 217065.500 216054.534  0.47%     -    3s
     0     0 216061.812    0 1782 217065.500 216061.812  0.46%     -    3s
     0     0 216062.552    0 1764 217065.500 216062.552  0.46%     -    3s
     0     0 216063.434    0 1770 217065.500 216063.434  0.46%     -    3s
     0     0 216063.475    0 1742 217065.500 216063.475  0.46%     -    3s
     0     0 216063.491    0 1756 217065.500 216063.491  0.46%     -    3s
     0     0 216076.362    0 2097 217065.500 216076.362  0.46%     -    4s
     0     0 216087.834    0 2075 217065.500 216087.834  0.45%     -    4s
     0     0 216090.835    0 1945 217065.500 216090.835  0.45%     -    4s
     0     0 216091.010    0 1905 217065.500 216091.010  0.45%     -    4s
     0     0 216091.070    0 1993 217065.500 216091.070  0.45%     -    4s
     0     0 216091.119    0 1956 217065.500 216091.119  0.45%     -    4s
     0     0 216091.127    0 1979 217065.500 216091.127  0.45%     -    4s
     0     0 216104.959    0 1778 217065.500 216104.959  0.44%     -    5s
     0     2 216105.047    0 1778 217065.500 216105.047  0.44%     -    5s
H   41    46                    217047.00000 216122.636  0.43%  2802    8s
    55    66 216440.365    7  862 217047.000 216122.636  0.43%  2574   10s
   135   112 216556.288   14 1129 217047.000 216122.636  0.43%  1611   19s
   149   129 216645.222   14  705 217047.000 216122.636  0.43%  1482   20s
   402   224 216623.704   11 1114 217047.000 216122.698  0.43%   999   32s
   412   234 216623.704   12 1114 217047.000 216122.698  0.43%  1005   66s
   521   283 217021.522   20  632 217047.000 216122.698  0.43%   932   78s
   630   379 216431.318    8  855 217047.000 216158.302  0.41%   974   81s
   898   571 216804.891   33 1208 217047.000 216158.302  0.41%   891   85s
  1409   870 216313.358    7 1170 217047.000 216170.253  0.40%   809   90s
  1698   967 216499.761   14 1458 217047.000 216170.253  0.40%   793   95s
  1715   979 216670.417   19 1964 217047.000 216227.763  0.38%   785  100s
  1732   995 216346.106   13 1850 217047.000 216335.054  0.33%   828  106s
  1744  1009 216374.454   15 1879 217047.000 216362.718  0.32%   851  110s
  1802  1042 216400.618   18 1875 217047.000 216379.944  0.31%   902  116s
  1967  1050     cutoff   21      217047.000 216400.618  0.30%   892  120s
  2019  1042 216961.783   23 1283 217047.000 216400.618  0.30%   912  127s
  2059  1058     cutoff   25      217047.000 216400.618  0.30%   921  141s
  2112  1082 217003.214   30 1322 217047.000 216400.618  0.30%   928  145s
  2180  1085 217008.529   32 1432 217047.000 216400.618  0.30%   925  158s
  2194  1090     cutoff   33      217047.000 216438.875  0.28%   934  160s
  2350  1122 216701.362   22 1642 217047.000 216442.031  0.28%   975  165s
  2508  1140 216806.372   23 1569 217047.000 216442.031  0.28%  1013  170s
  2554  1135 216866.132   24 1282 217047.000 216442.031  0.28%  1021  205s
  2723  1170 216954.604   26 1138 217047.000 216442.031  0.28%  1047  210s
  2893  1204 216527.922   22 1952 217047.000 216476.799  0.26%  1082  215s
  3117  1244 216793.285   29 1317 217047.000 216476.799  0.26%  1103  220s
  3299  1231 216979.686   37 1352 217047.000 216516.320  0.24%  1115  225s
  3446  1221 216827.209   26 1295 217047.000 216576.073  0.22%  1143  230s
  3633  1226 216976.304   44 1498 217047.000 216601.114  0.21%  1164  235s
  3866  1226 216710.435   20 1242 217047.000 216626.031  0.19%  1174  240s
  4164  1229 217033.811   24 1432 217047.000 216631.256  0.19%  1184  247s
  4293  1211 216840.453   22  922 217047.000 216632.436  0.19%  1194  250s
  4436  1171     cutoff   26      217047.000 216639.104  0.19%  1201  262s
  4525  1164 216868.356   21 1109 217047.000 216642.980  0.19%  1202  266s
  4728  1146     cutoff   24      217047.000 216649.204  0.18%  1204  270s
  4990  1214 216805.773   51 1693 217047.000 216652.425  0.18%  1234  278s
  5106  1261 216832.911   17 1204 217047.000 216656.850  0.18%  1251  283s
  5287  1303 216883.159   25 1014 217047.000 216666.130  0.18%  1262  288s
  5539  1360     cutoff   27      217047.000 216671.355  0.17%  1264  293s
  5812  1424 216855.799   31 1843 217047.000 216673.950  0.17%  1260  298s
  6040  1433     cutoff   26      217047.000 216686.347  0.17%  1264  304s
  6235  1492 216851.608   22 1027 217047.000 216693.860  0.16%  1276  310s
  6488  1540 216884.257   26 1069 217047.000 216697.433  0.16%  1285  317s
  6744  1609 216949.668   25 1020 217047.000 216710.480  0.16%  1298  324s
  7077  1654 216749.310   31 2132 217047.000 216715.438  0.15%  1307  331s
  7343  1677 216815.432   27 1647 217047.000 216719.260  0.15%  1321  339s
  7605  1725     cutoff   33      217047.000 216728.783  0.15%  1339  347s
  7958  1772 216832.043   26 1349 217047.000 216735.764  0.14%  1345  366s
  8079  1800 216872.192   34 1267 217047.000 216737.186  0.14%  1348  375s
  8473  1855 216812.493   22 1014 217047.000 216742.674  0.14%  1354  384s
  8908  1901 217010.622   28 1221 217047.000 216748.637  0.14%  1351  393s
  9306  1886 216840.367   25 1785 217047.000 216757.845  0.13%  1353  403s
  9711  1855 216856.684   28 1558 217047.000 216769.294  0.13%  1362  414s
 10117  1818 216879.837   29  942 217047.000 216780.095  0.12%  1374  425s
 10605  1755 infeasible   19      217047.000 216793.251  0.12%  1380  438s
 11021  1626     cutoff   41      217047.000 216805.714  0.11%  1399  451s
 11454  1424     cutoff   38      217047.000 216819.896  0.10%  1415  464s
 11932  1165     cutoff   21      217047.000 216839.643  0.10%  1421  478s
 12466   902     cutoff   66      217047.000 216860.696  0.09%  1427  491s
 13026   353     cutoff   33      217047.000 216886.204  0.07%  1425  500s

Cutting planes:
  Gomory: 3
  Cover: 1
  MIR: 5
  Flow cover: 2
  Zero half: 28
  RLT: 343
  BQP: 1326
  PSD: 9

Explored 14100 nodes (19065908 simplex iterations) in 501.80 seconds (1493.21 work units)
Thread count was 10 (of 10 available processors)

Solution count 2: 217047 217066 

Optimal solution found (tolerance 1.00e-04)
Best objective 2.170470000000e+05, best bound 2.170470000000e+05, gap 0.0000%
Solução ótima encontrada.
Set parameter TimeLimit to value 25200
Set parameter TimeLimit to value 600
Gurobi Optimizer version 10.0.2 build v10.0.2rc0 (mac64[arm])

CPU model: Apple M5
Thread count: 10 physical cores, 10 logical processors, using up to 10 threads

Optimize a model with 548706 rows, 284763 columns and 1341935 nonzeros
Model fingerprint: 0x464c1667
Variable types: 0 continuous, 284763 integer (264707 binary)
Coefficient statistics:
  Matrix range     [1e+00, 8e+01]
  Objective range  [5e-01, 2e+03]
  Bounds range     [1e+00, 1e+00]
  RHS range        [1e+00, 1e+02]

User MIP start produced solution with objective 217047 (0.13s)
Loaded user MIP start with objective 217047
MIP start from previous solve did not produce a new incumbent solution

Presolve removed 527991 rows and 268079 columns
Presolve time: 0.26s
Presolved: 20715 rows, 16684 columns, 60320 nonzeros
Variable types: 0 continuous, 16684 integer (16684 binary)

Root relaxation: objective 2.149168e+05, 12413 iterations, 0.53 seconds (1.48 work units)

    Nodes    |    Current Node    |     Objective Bounds      |     Work
 Expl Unexpl |  Obj  Depth IntInf | Incumbent    BestBd   Gap | It/Node Time

     0     0 214916.811    0 1287 217047.000 214916.811  0.98%     -    1s
     0     0 215158.238    0 1234 217047.000 215158.238  0.87%     -    1s
     0     0 215158.238    0 1200 217047.000 215158.238  0.87%     -    2s
     0     0 215176.542    0 1074 217047.000 215176.542  0.86%     -    2s
     0     0 215179.000    0  780 217047.000 215179.000  0.86%     -    2s
     0     0 215179.375    0  947 217047.000 215179.375  0.86%     -    2s
     0     0 215179.375    0  950 217047.000 215179.375  0.86%     -    2s
     0     0 215187.500    0 1148 217047.000 215187.500  0.86%     -    2s
     0     0 215188.755    0 1218 217047.000 215188.755  0.86%     -    2s
     0     0 215198.791    0 1381 217047.000 215198.791  0.85%     -    3s
     0     0 215199.607    0 1155 217047.000 215199.607  0.85%     -    3s
     0     0 215199.731    0 1280 217047.000 215199.731  0.85%     -    3s
     0     0 215207.762    0 1472 217047.000 215207.762  0.85%     -    4s
     0     2 215207.811    0 1470 217047.000 215207.811  0.85%     -    4s
    15    26 215219.862    4 1364 217047.000 215216.066  0.84%  1420    5s
    78    89 215248.330    9 1220 217047.000 215216.066  0.84%  1337   11s
   121   128 215542.144   11 1153 217047.000 215216.066  0.84%  1259   17s
   218   197 216525.875   18  598 217047.000 215216.066  0.84%  1118   28s
   329   270 215557.748    6 1282 217047.000 215218.215  0.84%  1024   30s
   387   308 215607.612   10 1119 217047.000 215218.215  0.84%  1040   39s
   397   318 215653.817   11 1126 217047.000 215218.215  0.84%  1060   43s
   436   351 215702.616   15 1064 217047.000 215218.215  0.84%  1098   50s
   500   411 216012.902   19  952 217047.000 215218.215  0.84%  1088   61s
   590   466 216108.000   23  622 217047.000 215218.215  0.84%  1022   68s
   680   503 216367.250   30  575 217047.000 215218.215  0.84%   961   73s
   739   552 216533.844   36  926 217047.000 215218.215  0.84%   979   78s
   752   562 216536.906   37 1005 217047.000 215218.215  0.84%   981   84s
   762   607 216555.188   38  721 217047.000 215218.215  0.84%   989   85s
   827   614     cutoff   47      217047.000 215221.788  0.84%   991   91s
   924   675 215519.492    8 1106 217047.000 215221.788  0.84%   982   97s
   939   689 215524.833    9  913 217047.000 215221.788  0.84%   985  100s
  1133   833 216198.050   26  774 217047.000 215221.788  0.84%   987  110s
  1143   852 216805.192   27  801 217047.000 215221.788  0.84%   990  116s
  1217   922 216885.375   29  544 217047.000 215222.189  0.84%   976  120s
  1357   931 215508.994    8 1171 217047.000 215222.612  0.84%   941  141s
  1368   950 215511.606    9 1076 217047.000 215222.612  0.84%   947  148s
  1393   971 215518.667   10 1015 217047.000 215222.612  0.84%   948  151s
  1438  1001 215809.857   13 1023 217047.000 215222.612  0.84%   948  157s
  1486  1014 215810.345   14 1122 217047.000 215222.612  0.84%   950  161s
  1506  1071 215812.454   15 1090 217047.000 215222.612  0.84%   952  170s
  1620  1117 215544.758   16 1085 217047.000 215228.993  0.84%   962  177s
  1633  1126 215896.860   29 1525 217047.000 215240.015  0.83%   955  180s
  1660  1155 215278.943   18 1267 217047.000 215261.253  0.82%   978  185s
  1731  1202 216107.438   22  935 217047.000 215268.398  0.82%   993  192s
  1792  1243 216143.399   24 1006 217047.000 215268.398  0.82%   977  198s
  1853  1274 216170.524   26  921 217047.000 215268.398  0.82%   967  201s
  2023  1310 216450.545   31  669 217047.000 215268.398  0.82%   922  207s
  2080  1320     cutoff   32      217047.000 215268.398  0.82%   911  217s
  2148  1324 216614.015   34  554 217047.000 215268.398  0.82%   896  223s
  2308  1385 215847.813   28  758 217047.000 215268.398  0.82%   867  225s
  2640  1474 216098.379   37  805 217047.000 215298.706  0.81%   823  232s
  2709  1501 216372.200   42  650 217047.000 215298.706  0.81%   819  244s
  2719  1506 216388.800   43  620 217047.000 215298.706  0.81%   818  249s
  2731  1580 216426.625   44  612 217047.000 215298.706  0.81%   819  250s
  3023  1588 215628.529   28  918 217047.000 215306.316  0.80%   785  255s
  3354  1702 215708.031   21 1086 217047.000 215316.479  0.80%   758  260s
  3599  1886 215656.111   29  568 217047.000 215322.498  0.79%   747  265s
  3889  1940 216637.229   46  560 217047.000 215322.498  0.79%   730  271s
  4218  2042 215772.021   30 1146 217047.000 215340.381  0.79%   720  275s
  4647  2214 215634.337   27  918 217047.000 215347.348  0.78%   704  280s
  5206  2430 216925.443   36  825 217047.000 215352.240  0.78%   688  285s
  5555  2687 215881.694   47 1022 217047.000 215352.240  0.78%   685  290s
  5925  2956 215406.887   32 1220 217047.000 215361.296  0.78%   687  295s
  6453  3274 216788.813   46  671 217047.000 215365.633  0.77%   682  301s
  6990  3689 216619.141   46  682 217047.000 215369.368  0.77%   682  308s
  7384  3892 216037.585   30 1103 217047.000 215370.417  0.77%   677  312s
  7714  4129 215565.023   42 1259 217047.000 215371.846  0.77%   676  316s
  8027  4403 216568.837   62  864 217047.000 215372.115  0.77%   681  321s
  8461  4659 216631.563   63  623 217047.000 215373.182  0.77%   679  325s
  8855  4679 216205.354   47 1058 217047.000 215373.981  0.77%   677  340s
  8875  4915 216299.567   49  987 217047.000 215374.674  0.77%   677  347s
  9224  5117 216587.200   50  575 217047.000 215375.376  0.77%   677  353s
  9558  5417 216503.444   41  641 217047.000 215376.678  0.77%   677  359s
 10165  5692 216873.936   43  953 217047.000 215378.004  0.77%   671  365s
 10578  5918 215675.605   44  988 217047.000 215379.291  0.77%   676  372s
 11031  6212 215733.591   38 1018 217047.000 215380.268  0.77%   675  380s
 11477  6491 215518.399   38 1251 217047.000 215381.338  0.77%   674  387s
 11990  6507 215729.343   37 1235 217047.000 215382.302  0.77%   674  419s
 12006  6808 215732.430   38 1254 217047.000 215382.312  0.77%   674  427s
 12528  7158 216920.313   39  460 217047.000 215383.622  0.77%   676  436s
 13139  7532 215736.718   35 1245 217047.000 215385.800  0.77%   675  444s
 13703  7907 infeasible   58      217047.000 215386.426  0.77%   680  455s
 14360  8354 216698.459   50  932 217047.000 215387.662  0.76%   680  464s
 15064  8636     cutoff   69      217047.000 215389.343  0.76%   681  475s
 15478  9131 216667.758   50  930 217047.000 215390.008  0.76%   686  486s
 16289  9718 216198.894   54  881 217047.000 215390.819  0.76%   687  499s
 17304 10231 215511.616   29  992 217047.000 215392.311  0.76%   690  511s
 18314 10728     cutoff   55      217047.000 215394.777  0.76%   690  523s
 19127 11256 216864.561   53  965 217047.000 215395.827  0.76%   693  536s
 20036 11858 215752.392   42 1247 217047.000 215397.492  0.76%   694  550s
 21026 12553 215869.924   28  703 217047.000 215399.082  0.76%   698  564s
 22110 13234 215769.312   41  873 217047.000 215400.371  0.76%   700  579s
 23265 13782 216031.292   38  521 217047.000 215402.537  0.76%   701  597s
 24200 13788 216085.175   48  980 217047.000 215403.121  0.76%   703  600s

Cutting planes:
  Gomory: 7
  Lift-and-project: 20
  MIR: 1
  Flow cover: 3
  Zero half: 56
  RLT: 82
  BQP: 487

Explored 24214 nodes (17063899 simplex iterations) in 600.04 seconds (1495.99 work units)
Thread count was 10 (of 10 available processors)

Solution count 1: 217047 

Time limit reached
Best objective 2.170470000000e+05, best bound 2.154031210459e+05, gap 0.7574%
Solução -> não <- ótima.
Set parameter TimeLimit to value 25200
Set parameter TimeLimit to value 600
Gurobi Optimizer version 10.0.2 build v10.0.2rc0 (mac64[arm])

CPU model: Apple M5
Thread count: 10 physical cores, 10 logical processors, using up to 10 threads

Optimize a model with 548706 rows, 284763 columns and 1341935 nonzeros
Model fingerprint: 0x093a0d25
Variable types: 0 continuous, 284763 integer (264707 binary)
Coefficient statistics:
  Matrix range     [1e+00, 8e+01]
  Objective range  [5e-01, 2e+03]
  Bounds range     [1e+00, 1e+00]
  RHS range        [1e+00, 1e+02]

User MIP start produced solution with objective 217047 (0.14s)
Loaded user MIP start with objective 217047
MIP start from previous solve did not produce a new incumbent solution

Presolve removed 534738 rows and 273227 columns
Presolve time: 0.21s
Presolved: 13968 rows, 11536 columns, 40606 nonzeros
Variable types: 0 continuous, 11536 integer (11536 binary)

Root relaxation: objective 2.167393e+05, 3834 iterations, 0.07 seconds (0.12 work units)

    Nodes    |    Current Node    |     Objective Bounds      |     Work
 Expl Unexpl |  Obj  Depth IntInf | Incumbent    BestBd   Gap | It/Node Time

     0     0 216739.300    0  498 217047.000 216739.300  0.14%     -    0s
     0     0 217035.500    0  469 217047.000 217035.500  0.01%     -    0s

Explored 1 nodes (5854 simplex iterations) in 0.54 seconds (1.37 work units)
Thread count was 10 (of 10 available processors)

Solution count 1: 217047 

Optimal solution found (tolerance 1.00e-04)
Best objective 2.170470000000e+05, best bound 2.170355000000e+05, gap 0.0053%
Solução ótima encontrada.
Set parameter TimeLimit to value 25200
Set parameter TimeLimit to value 600
Gurobi Optimizer version 10.0.2 build v10.0.2rc0 (mac64[arm])

CPU model: Apple M5
Thread count: 10 physical cores, 10 logical processors, using up to 10 threads

Optimize a model with 548706 rows, 284763 columns and 1341935 nonzeros
Model fingerprint: 0xfd48d596
Variable types: 0 continuous, 284763 integer (264707 binary)
Coefficient statistics:
  Matrix range     [1e+00, 8e+01]
  Objective range  [5e-01, 2e+03]
  Bounds range     [1e+00, 1e+00]
  RHS range        [1e+00, 1e+02]

User MIP start produced solution with objective 217047 (0.11s)
Loaded user MIP start with objective 217047
MIP start from previous solve did not produce a new incumbent solution

Presolve removed 529402 rows and 269494 columns
Presolve time: 0.24s
Presolved: 19304 rows, 15269 columns, 55412 nonzeros
Variable types: 0 continuous, 15269 integer (15269 binary)

Root relaxation: cutoff, 2402 iterations, 0.05 seconds (0.12 work units)

    Nodes    |    Current Node    |     Objective Bounds      |     Work
 Expl Unexpl |  Obj  Depth IntInf | Incumbent    BestBd   Gap | It/Node Time

     0     0     cutoff    0      217047.000 217047.000  0.00%     -    0s

Explored 1 nodes (2402 simplex iterations) in 0.43 seconds (1.26 work units)
Thread count was 10 (of 10 available processors)

Solution count 1: 217047 

Optimal solution found (tolerance 1.00e-04)
Best objective 2.170470000000e+05, best bound 2.170470000000e+05, gap 0.0000%
Solução ótima encontrada.
Set parameter TimeLimit to value 25200
Set parameter TimeLimit to value 600
Gurobi Optimizer version 10.0.2 build v10.0.2rc0 (mac64[arm])

CPU model: Apple M5
Thread count: 10 physical cores, 10 logical processors, using up to 10 threads

Optimize a model with 548706 rows, 284763 columns and 1341935 nonzeros
Model fingerprint: 0x21f0050f
Variable types: 0 continuous, 284763 integer (264707 binary)
Coefficient statistics:
  Matrix range     [1e+00, 8e+01]
  Objective range  [5e-01, 2e+03]
  Bounds range     [1e+00, 1e+00]
  RHS range        [1e+00, 1e+02]

User MIP start produced solution with objective 217047 (0.10s)
Loaded user MIP start with objective 217047
MIP start from previous solve did not produce a new incumbent solution

Presolve removed 531450 rows and 270726 columns
Presolve time: 0.23s
Presolved: 17256 rows, 14037 columns, 50839 nonzeros
Variable types: 0 continuous, 14037 integer (14037 binary)

Root relaxation: objective 2.163109e+05, 2912 iterations, 0.05 seconds (0.10 work units)

    Nodes    |    Current Node    |     Objective Bounds      |     Work
 Expl Unexpl |  Obj  Depth IntInf | Incumbent    BestBd   Gap | It/Node Time

     0     0 216310.857    0  582 217047.000 216310.857  0.34%     -    0s
     0     0 216465.358    0  766 217047.000 216465.358  0.27%     -    0s
     0     0 216495.167    0  603 217047.000 216495.167  0.25%     -    0s
     0     0 216496.750    0  530 217047.000 216496.750  0.25%     -    0s
     0     0 216499.250    0  469 217047.000 216499.250  0.25%     -    0s
     0     0 216527.385    0  588 217047.000 216527.385  0.24%     -    0s
     0     0 216530.100    0  575 217047.000 216530.100  0.24%     -    0s
     0     0 216532.500    0  577 217047.000 216532.500  0.24%     -    0s
     0     0 216562.778    0  698 217047.000 216562.778  0.22%     -    0s
     0     0 216564.167    0  687 217047.000 216564.167  0.22%     -    0s
     0     0 216573.118    0  728 217047.000 216573.118  0.22%     -    0s
     0     0 216574.792    0  727 217047.000 216574.792  0.22%     -    0s
     0     0 216575.667    0  734 217047.000 216575.667  0.22%     -    0s
     0     0 216575.667    0  736 217047.000 216575.667  0.22%     -    0s
     0     0 216598.938    0  701 217047.000 216598.938  0.21%     -    1s
     0     0 216635.857    0  519 217047.000 216635.857  0.19%     -    1s
     0     0 217034.917    0  438 217047.000 217034.917  0.01%     -    1s

Cutting planes:
  Gomory: 6
  Clique: 90
  MIR: 1
  Zero half: 36
  RLT: 1
  BQP: 10

Explored 1 nodes (15661 simplex iterations) in 1.38 seconds (2.99 work units)
Thread count was 10 (of 10 available processors)

Solution count 1: 217047 

Optimal solution found (tolerance 1.00e-04)
Best objective 2.170470000000e+05, best bound 2.170350000000e+05, gap 0.0055%
Solução ótima encontrada.
Set parameter TimeLimit to value 25200
Set parameter TimeLimit to value 600
Gurobi Optimizer version 10.0.2 build v10.0.2rc0 (mac64[arm])

CPU model: Apple M5
Thread count: 10 physical cores, 10 logical processors, using up to 10 threads

Optimize a model with 548706 rows, 284763 columns and 1341935 nonzeros
Model fingerprint: 0x91cce620
Variable types: 0 continuous, 284763 integer (264707 binary)
Coefficient statistics:
  Matrix range     [1e+00, 8e+01]
  Objective range  [5e-01, 2e+03]
  Bounds range     [1e+00, 1e+00]
  RHS range        [1e+00, 1e+02]

User MIP start produced solution with objective 217047 (0.11s)
Loaded user MIP start with objective 217047
MIP start from previous solve did not produce a new incumbent solution

Presolve removed 543200 rows and 279957 columns
Presolve time: 0.17s
Presolved: 5506 rows, 4806 columns, 15621 nonzeros
Variable types: 0 continuous, 4806 integer (4806 binary)

Root relaxation: objective 2.170220e+05, 786 iterations, 0.01 seconds (0.01 work units)

    Nodes    |    Current Node    |     Objective Bounds      |     Work
 Expl Unexpl |  Obj  Depth IntInf | Incumbent    BestBd   Gap | It/Node Time

     0     0 217022.000    0   78 217047.000 217022.000  0.01%     -    0s
     0     0 217022.000    0   78 217047.000 217022.000  0.01%     -    0s
     0     0 217022.000    0   30 217047.000 217022.000  0.01%     -    0s
     0     0 217024.500    0   43 217047.000 217024.500  0.01%     -    0s

Cutting planes:
  Gomory: 1
  Zero half: 6
  RLT: 1

Explored 1 nodes (1182 simplex iterations) in 0.33 seconds (0.97 work units)
Thread count was 10 (of 10 available processors)

Solution count 1: 217047 

Optimal solution found (tolerance 1.00e-04)
Best objective 2.170470000000e+05, best bound 2.170270000000e+05, gap 0.0092%
Solução ótima encontrada.
Set parameter TimeLimit to value 25200
Set parameter TimeLimit to value 600
Gurobi Optimizer version 10.0.2 build v10.0.2rc0 (mac64[arm])

CPU model: Apple M5
Thread count: 10 physical cores, 10 logical processors, using up to 10 threads

Optimize a model with 548706 rows, 284763 columns and 1341935 nonzeros
Model fingerprint: 0x14229012
Variable types: 0 continuous, 284763 integer (264707 binary)
Coefficient statistics:
  Matrix range     [1e+00, 8e+01]
  Objective range  [5e-01, 2e+03]
  Bounds range     [1e+00, 1e+00]
  RHS range        [1e+00, 1e+02]

User MIP start produced solution with objective 217047 (0.10s)
Loaded user MIP start with objective 217047
MIP start from previous solve did not produce a new incumbent solution

Presolve removed 531021 rows and 270928 columns
Presolve time: 0.17s
Presolved: 17685 rows, 13835 columns, 49802 nonzeros
Variable types: 0 continuous, 13835 integer (13835 binary)

Root relaxation: objective 2.170420e+05, 1627 iterations, 0.03 seconds (0.06 work units)

    Nodes    |    Current Node    |     Objective Bounds      |     Work
 Expl Unexpl |  Obj  Depth IntInf | Incumbent    BestBd   Gap | It/Node Time

     0     0 217042.000    0  379 217047.000 217042.000  0.00%     -    0s

Explored 1 nodes (2450 simplex iterations) in 0.36 seconds (1.05 work units)
Thread count was 10 (of 10 available processors)

Solution count 1: 217047 

Optimal solution found (tolerance 1.00e-04)
Best objective 2.170470000000e+05, best bound 2.170420000000e+05, gap 0.0023%
Solução ótima encontrada.
Set parameter TimeLimit to value 25200
Set parameter TimeLimit to value 600
Gurobi Optimizer version 10.0.2 build v10.0.2rc0 (mac64[arm])

CPU model: Apple M5
Thread count: 10 physical cores, 10 logical processors, using up to 10 threads

Optimize a model with 548706 rows, 284763 columns and 1341935 nonzeros
Model fingerprint: 0x9afcb492
Variable types: 0 continuous, 284763 integer (264707 binary)
Coefficient statistics:
  Matrix range     [1e+00, 8e+01]
  Objective range  [5e-01, 2e+03]
  Bounds range     [1e+00, 1e+00]
  RHS range        [1e+00, 1e+02]

User MIP start produced solution with objective 217047 (0.11s)
Loaded user MIP start with objective 217047
MIP start from previous solve did not produce a new incumbent solution

Presolve removed 531902 rows and 272713 columns
Presolve time: 0.23s
Presolved: 16804 rows, 12050 columns, 48293 nonzeros
Variable types: 0 continuous, 12050 integer (12050 binary)

Root relaxation: objective 2.169739e+05, 12610 iterations, 0.42 seconds (1.11 work units)

    Nodes    |    Current Node    |     Objective Bounds      |     Work
 Expl Unexpl |  Obj  Depth IntInf | Incumbent    BestBd   Gap | It/Node Time

     0     0 216973.935    0  789 217047.000 216973.935  0.03%     -    1s
     0     0 217044.500    0  188 217047.000 217044.500  0.00%     -    1s

Explored 1 nodes (16128 simplex iterations) in 1.05 seconds (2.63 work units)
Thread count was 10 (of 10 available processors)

Solution count 1: 217047 

Optimal solution found (tolerance 1.00e-04)
Best objective 2.170470000000e+05, best bound 2.170445000000e+05, gap 0.0012%
Solução ótima encontrada.
Set parameter TimeLimit to value 25200
Set parameter TimeLimit to value 600
Gurobi Optimizer version 10.0.2 build v10.0.2rc0 (mac64[arm])

CPU model: Apple M5
Thread count: 10 physical cores, 10 logical processors, using up to 10 threads

Optimize a model with 548706 rows, 284763 columns and 1341935 nonzeros
Model fingerprint: 0x74f85ddb
Variable types: 0 continuous, 284763 integer (264707 binary)
Coefficient statistics:
  Matrix range     [1e+00, 8e+01]
  Objective range  [5e-01, 2e+03]
  Bounds range     [1e+00, 1e+00]
  RHS range        [1e+00, 1e+02]

User MIP start produced solution with objective 217047 (0.10s)
Loaded user MIP start with objective 217047
MIP start from previous solve did not produce a new incumbent solution

Presolve removed 547159 rows and 283456 columns
Presolve time: 0.14s
Presolved: 1547 rows, 1307 columns, 4328 nonzeros
Variable types: 0 continuous, 1307 integer (1307 binary)

Root relaxation: cutoff, 233 iterations, 0.00 seconds (0.00 work units)

    Nodes    |    Current Node    |     Objective Bounds      |     Work
 Expl Unexpl |  Obj  Depth IntInf | Incumbent    BestBd   Gap | It/Node Time

     0     0     cutoff    0      217047.000 217047.000  0.00%     -    0s

Explored 1 nodes (233 simplex iterations) in 0.27 seconds (0.80 work units)
Thread count was 10 (of 10 available processors)

Solution count 1: 217047 

Optimal solution found (tolerance 1.00e-04)
Best objective 2.170470000000e+05, best bound 2.170470000000e+05, gap 0.0000%
Solução ótima encontrada.
Set parameter TimeLimit to value 25200
Set parameter TimeLimit to value 600
Gurobi Optimizer version 10.0.2 build v10.0.2rc0 (mac64[arm])

CPU model: Apple M5
Thread count: 10 physical cores, 10 logical processors, using up to 10 threads

Optimize a model with 548706 rows, 284763 columns and 1341935 nonzeros
Model fingerprint: 0xdc45f1e5
Variable types: 0 continuous, 284763 integer (264707 binary)
Coefficient statistics:
  Matrix range     [1e+00, 8e+01]
  Objective range  [5e-01, 2e+03]
  Bounds range     [1e+00, 1e+00]
  RHS range        [1e+00, 1e+02]

User MIP start produced solution with objective 217047 (0.12s)
Loaded user MIP start with objective 217047
MIP start from previous solve did not produce a new incumbent solution

Presolve removed 545638 rows and 282008 columns
Presolve time: 0.16s
Presolved: 3068 rows, 2755 columns, 8677 nonzeros
Variable types: 0 continuous, 2755 integer (2755 binary)

Root relaxation: objective 2.170350e+05, 244 iterations, 0.00 seconds (0.00 work units)

    Nodes    |    Current Node    |     Objective Bounds      |     Work
 Expl Unexpl |  Obj  Depth IntInf | Incumbent    BestBd   Gap | It/Node Time

     0     0          -    0      217047.000 217035.000  0.01%     -    0s

Explored 1 nodes (244 simplex iterations) in 0.30 seconds (0.83 work units)
Thread count was 10 (of 10 available processors)

Solution count 1: 217047 

Optimal solution found (tolerance 1.00e-04)
Best objective 2.170470000000e+05, best bound 2.170350000000e+05, gap 0.0055%
Solução ótima encontrada.
Set parameter TimeLimit to value 25200
Set parameter TimeLimit to value 600
Gurobi Optimizer version 10.0.2 build v10.0.2rc0 (mac64[arm])

CPU model: Apple M5
Thread count: 10 physical cores, 10 logical processors, using up to 10 threads

Optimize a model with 548706 rows, 284763 columns and 1341935 nonzeros
Model fingerprint: 0x93ce117a
Variable types: 0 continuous, 284763 integer (264707 binary)
Coefficient statistics:
  Matrix range     [1e+00, 8e+01]
  Objective range  [5e-01, 2e+03]
  Bounds range     [1e+00, 1e+00]
  RHS range        [1e+00, 1e+02]

User MIP start produced solution with objective 217047 (0.10s)
Loaded user MIP start with objective 217047
MIP start from previous solve did not produce a new incumbent solution

Presolve removed 542550 rows and 279624 columns
Presolve time: 0.16s
Presolved: 6156 rows, 5139 columns, 17397 nonzeros
Variable types: 0 continuous, 5139 integer (5139 binary)

Root relaxation: objective 2.170220e+05, 1454 iterations, 0.02 seconds (0.03 work units)

    Nodes    |    Current Node    |     Objective Bounds      |     Work
 Expl Unexpl |  Obj  Depth IntInf | Incumbent    BestBd   Gap | It/Node Time

     0     0 217022.000    0   70 217047.000 217022.000  0.01%     -    0s
     0     0 217022.000    0   70 217047.000 217022.000  0.01%     -    0s
     0     0 217022.000    0   26 217047.000 217022.000  0.01%     -    0s
     0     0 217022.000    0   28 217047.000 217022.000  0.01%     -    0s
     0     0 217047.000    0   26 217047.000 217047.000  0.00%     -    0s

Cutting planes:
  Gomory: 3
  Zero half: 4
  RLT: 3

Explored 1 nodes (2471 simplex iterations) in 0.34 seconds (1.00 work units)
Thread count was 10 (of 10 available processors)

Solution count 1: 217047 

Optimal solution found (tolerance 1.00e-04)
Best objective 2.170470000000e+05, best bound 2.170470000000e+05, gap 0.0000%
Solução ótima encontrada.
Set parameter TimeLimit to value 25200
Set parameter TimeLimit to value 600
Gurobi Optimizer version 10.0.2 build v10.0.2rc0 (mac64[arm])

CPU model: Apple M5
Thread count: 10 physical cores, 10 logical processors, using up to 10 threads

Optimize a model with 548706 rows, 284763 columns and 1341935 nonzeros
Model fingerprint: 0xeb397911
Variable types: 0 continuous, 284763 integer (264707 binary)
Coefficient statistics:
  Matrix range     [1e+00, 8e+01]
  Objective range  [5e-01, 2e+03]
  Bounds range     [1e+00, 1e+00]
  RHS range        [1e+00, 1e+02]

User MIP start produced solution with objective 217047 (0.10s)
Loaded user MIP start with objective 217047
MIP start from previous solve did not produce a new incumbent solution

Presolve removed 536071 rows and 274774 columns
Presolve time: 0.21s
Presolved: 12635 rows, 9989 columns, 36465 nonzeros
Variable types: 0 continuous, 9989 integer (9989 binary)

Root relaxation: objective 2.169340e+05, 8225 iterations, 0.27 seconds (0.76 work units)

    Nodes    |    Current Node    |     Objective Bounds      |     Work
 Expl Unexpl |  Obj  Depth IntInf | Incumbent    BestBd   Gap | It/Node Time

     0     0 216934.000    0  585 217047.000 216934.000  0.05%     -    0s
     0     0 216934.000    0  585 217047.000 216934.000  0.05%     -    0s
     0     0 216934.000    0  129 217047.000 216934.000  0.05%     -    0s
     0     0 216944.500    0  106 217047.000 216944.500  0.05%     -    0s
     0     0 216958.250    0  159 217047.000 216958.250  0.04%     -    0s
     0     0 216958.556    0  186 217047.000 216958.556  0.04%     -    0s
     0     0 216958.846    0  200 217047.000 216958.846  0.04%     -    0s
     0     0 216958.846    0  199 217047.000 216958.846  0.04%     -    0s
     0     0 216965.711    0  186 217047.000 216965.711  0.04%     -    1s
     0     0 216966.960    0  177 217047.000 216966.960  0.04%     -    1s
     0     0 216967.365    0  185 217047.000 216967.365  0.04%     -    1s
     0     0 216971.667    0  166 217047.000 216971.667  0.03%     -    1s
     0     0 216972.000    0  110 217047.000 216972.000  0.03%     -    1s
     0     0 216972.000    0  122 217047.000 216972.000  0.03%     -    1s
     0     0 216972.429    0  199 217047.000 216972.429  0.03%     -    1s
     0     0 216972.500    0  142 217047.000 216972.500  0.03%     -    1s
     0     0 216972.500    0  153 217047.000 216972.500  0.03%     -    1s
     0     0 216972.500    0  135 217047.000 216972.500  0.03%     -    1s
     0     0 216972.500    0  180 217047.000 216972.500  0.03%     -    1s
     0     0 216972.596    0  190 217047.000 216972.596  0.03%     -    1s
     0     0 216972.596    0  183 217047.000 216972.596  0.03%     -    1s
     0     0 216974.885    0  173 217047.000 216974.885  0.03%     -    1s
     0     0 216974.999    0  201 217047.000 216974.999  0.03%     -    1s
     0     0 216975.161    0  185 217047.000 216975.161  0.03%     -    1s
     0     0 216975.171    0  179 217047.000 216975.171  0.03%     -    1s
     0     0 216975.534    0  194 217047.000 216975.534  0.03%     -    1s
     0     0 216975.540    0  195 217047.000 216975.540  0.03%     -    1s
     0     0 216975.540    0  193 217047.000 216975.540  0.03%     -    1s
     0     0 216975.540    0  194 217047.000 216975.540  0.03%     -    1s
     0     0 216975.540    0  195 217047.000 216975.540  0.03%     -    1s
     0     2 216975.608    0  192 217047.000 216975.608  0.03%     -    1s

Cutting planes:
  Gomory: 13
  Lift-and-project: 2
  MIR: 4
  Zero half: 34
  RLT: 23
  BQP: 35

Explored 9098 nodes (413122 simplex iterations) in 3.99 seconds (7.74 work units)
Thread count was 10 (of 10 available processors)

Solution count 1: 217047 

Optimal solution found (tolerance 1.00e-04)
Best objective 2.170470000000e+05, best bound 2.170470000000e+05, gap 0.0000%
Solução ótima encontrada.
Set parameter TimeLimit to value 25200
Set parameter TimeLimit to value 600
Gurobi Optimizer version 10.0.2 build v10.0.2rc0 (mac64[arm])

CPU model: Apple M5
Thread count: 10 physical cores, 10 logical processors, using up to 10 threads

Optimize a model with 548706 rows, 284763 columns and 1341935 nonzeros
Model fingerprint: 0xcc52032e
Variable types: 0 continuous, 284763 integer (264707 binary)
Coefficient statistics:
  Matrix range     [1e+00, 8e+01]
  Objective range  [5e-01, 2e+03]
  Bounds range     [1e+00, 1e+00]
  RHS range        [1e+00, 1e+02]

User MIP start produced solution with objective 217047 (0.10s)
Loaded user MIP start with objective 217047
MIP start from previous solve did not produce a new incumbent solution

Presolve removed 543373 rows and 280159 columns
Presolve time: 0.16s
Presolved: 5333 rows, 4604 columns, 15187 nonzeros
Variable types: 0 continuous, 4604 integer (4604 binary)

Root relaxation: objective 2.170245e+05, 896 iterations, 0.01 seconds (0.02 work units)

    Nodes    |    Current Node    |     Objective Bounds      |     Work
 Expl Unexpl |  Obj  Depth IntInf | Incumbent    BestBd   Gap | It/Node Time

     0     0 217024.500    0   87 217047.000 217024.500  0.01%     -    0s
     0     0 217024.500    0   87 217047.000 217024.500  0.01%     -    0s

Explored 1 nodes (1105 simplex iterations) in 0.32 seconds (0.94 work units)
Thread count was 10 (of 10 available processors)

Solution count 1: 217047 

Optimal solution found (tolerance 1.00e-04)
Best objective 2.170470000000e+05, best bound 2.170270000000e+05, gap 0.0092%
Solução ótima encontrada.
Set parameter TimeLimit to value 25200
Set parameter TimeLimit to value 600
Gurobi Optimizer version 10.0.2 build v10.0.2rc0 (mac64[arm])

CPU model: Apple M5
Thread count: 10 physical cores, 10 logical processors, using up to 10 threads

Optimize a model with 548706 rows, 284763 columns and 1341935 nonzeros
Model fingerprint: 0xa3bc6bce
Variable types: 0 continuous, 284763 integer (264707 binary)
Coefficient statistics:
  Matrix range     [1e+00, 8e+01]
  Objective range  [5e-01, 2e+03]
  Bounds range     [1e+00, 1e+00]
  RHS range        [1e+00, 1e+02]

User MIP start produced solution with objective 217047 (0.10s)
Loaded user MIP start with objective 217047
MIP start from previous solve did not produce a new incumbent solution

Presolve removed 530566 rows and 271309 columns
Presolve time: 0.24s
Presolved: 18140 rows, 13454 columns, 51807 nonzeros
Variable types: 0 continuous, 13454 integer (13454 binary)

Root relaxation: objective 2.158113e+05, 18126 iterations, 0.71 seconds (1.91 work units)

    Nodes    |    Current Node    |     Objective Bounds      |     Work
 Expl Unexpl |  Obj  Depth IntInf | Incumbent    BestBd   Gap | It/Node Time

     0     0 215811.300    0 1508 217047.000 215811.300  0.57%     -    1s
     0     0 215917.724    0 1593 217047.000 215917.724  0.52%     -    2s
     0     0 215921.505    0 1583 217047.000 215921.505  0.52%     -    2s
     0     0 215921.505    0 1584 217047.000 215921.505  0.52%     -    2s
     0     0 215965.875    0 1516 217047.000 215965.875  0.50%     -    2s
     0     0 215976.437    0 1560 217047.000 215976.437  0.49%     -    2s
     0     0 215977.398    0 1498 217047.000 215977.398  0.49%     -    2s
     0     0 215978.289    0 1562 217047.000 215978.289  0.49%     -    2s
     0     0 215978.445    0 1538 217047.000 215978.445  0.49%     -    2s
     0     0 216013.126    0 1796 217047.000 216013.126  0.48%     -    3s
     0     0 216021.252    0 1749 217047.000 216021.252  0.47%     -    3s
     0     0 216026.805    0 1600 217047.000 216026.805  0.47%     -    3s
     0     0 216027.435    0 1657 217047.000 216027.435  0.47%     -    3s
     0     0 216027.470    0 1663 217047.000 216027.470  0.47%     -    3s
     0     0 216027.477    0 1671 217047.000 216027.477  0.47%     -    3s
     0     0 216086.088    0 1692 217047.000 216086.088  0.44%     -    4s
     0     0 216093.296    0 1890 217047.000 216093.296  0.44%     -    4s
     0     0 216097.900    0 1850 217047.000 216097.900  0.44%     -    4s
     0     0 216098.845    0 1850 217047.000 216098.845  0.44%     -    4s
     0     0 216099.171    0 1805 217047.000 216099.171  0.44%     -    4s
     0     0 216099.390    0 1853 217047.000 216099.390  0.44%     -    4s
     0     0 216099.416    0 1825 217047.000 216099.416  0.44%     -    4s
     0     0 216116.923    0 1864 217047.000 216116.923  0.43%     -    4s
     0     2 216116.947    0 1864 217047.000 216116.947  0.43%     -    5s
    25    36 216197.704    5 1864 217047.000 216132.069  0.42%  4995   10s
   121   114 217041.333   13  515 217047.000 216132.069  0.42%  2147   18s
   156   129 216657.566   16  902 217047.000 216132.069  0.42%  1803   21s
   168   136     cutoff   16      217047.000 216132.069  0.42%  1750   30s
   391   286 216793.550   14 1153 217047.000 216132.069  0.42%  1238   35s
   510   352 216850.065   25 1187 217047.000 216132.069  0.42%  1127   42s
   586   393 216925.887   31 1247 217047.000 216132.069  0.42%  1081   51s
   701   468 216183.858    6 1780 217047.000 216139.323  0.42%  1016   55s
   798   502 216276.977    8 1614 217047.000 216139.323  0.42%   990   70s
  1049   680 216589.310   16 1020 217047.000 216139.323  0.42%   924   75s
  1288   860 216860.841   48 1336 217047.000 216139.323  0.42%   931   80s
  1403   866 216965.708   71  936 217047.000 216227.171  0.38%   911   88s
  1530   975 216474.556   10  976 217047.000 216227.171  0.38%   909   91s
  1745  1051 216965.682   17 1449 217047.000 216227.171  0.38%   894   95s
  1764  1064 216518.327   10 2114 217047.000 216228.419  0.38%   885  100s
  1779  1083 216332.155   17 1797 217047.000 216285.643  0.35%   936  105s
  1827  1121 216527.383   20 1488 217047.000 216392.839  0.30%   995  110s
  1843  1125 216623.404   21 1691 217047.000 216392.839  0.30%  1004  116s
  1962  1119 217025.574   25 1438 217047.000 216392.839  0.30%  1009  120s
  2111  1117 216985.990   29  873 217047.000 216394.398  0.30%  1042  125s
  2162  1119     cutoff   31      217047.000 216394.398  0.30%  1045  130s
  2175  1126     cutoff   32      217047.000 216394.398  0.30%  1050  137s
  2280  1144 216477.727   19 1608 217047.000 216467.841  0.27%  1076  140s
  2379  1178 216597.978   22 1529 217047.000 216467.841  0.27%  1104  153s
  2456  1176 216602.251   24 1657 217047.000 216467.841  0.27%  1129  155s
  2614  1200 216964.027   28  993 217047.000 216467.841  0.27%  1147  160s
  2817  1188 216973.664   19 1244 217047.000 216520.608  0.24%  1167  165s
  3033  1200 infeasible   41      217047.000 216543.656  0.23%  1182  176s
  3054  1197 216595.079   23 1327 217047.000 216544.139  0.23%  1189  195s
  3144  1234 216867.618   28 1383 217047.000 216544.139  0.23%  1207  200s
  3407  1251 infeasible   35      217047.000 216562.284  0.22%  1224  207s
  3620  1250 216791.914   32 1766 217047.000 216562.285  0.22%  1240  212s
  3719  1246 216943.942   39 1250 217047.000 216568.157  0.22%  1245  215s
  3925  1217 216872.780   33 1517 217047.000 216614.274  0.20%  1260  221s
  4141  1172 216968.646   33 1647 217047.000 216626.423  0.19%  1277  226s
  4249  1163 infeasible   26      217047.000 216636.604  0.19%  1289  230s
  4507  1163 216731.891   32 1366 217047.000 216642.333  0.19%  1315  238s
  4631  1157 217021.894   40 1019 217047.000 216648.041  0.18%  1323  242s
  4729  1136 216980.152   31 1114 217047.000 216648.041  0.18%  1328  257s
  4810  1156     cutoff   34      217047.000 216652.873  0.18%  1328  262s
  4977  1135 216727.667   22 1063 217047.000 216658.141  0.18%  1338  266s
  5117  1203 216715.103   24 1058 217047.000 216666.085  0.18%  1343  271s
  5357  1226     cutoff   30      217047.000 216675.284  0.17%  1340  276s
  5484  1254 216992.248   30 1285 217047.000 216683.647  0.17%  1362  283s
  5702  1285 216806.716   26 1028 217047.000 216689.055  0.16%  1365  289s
  5917  1367 216821.403   27 1379 217047.000 216696.681  0.16%  1374  295s
  6171  1419     cutoff   29      217047.000 216702.334  0.16%  1377  301s
  6419  1456     cutoff   30      217047.000 216704.358  0.16%  1386  308s
  6582  1499 216836.363   21  833 217047.000 216706.039  0.16%  1406  314s
  6822  1518 infeasible   29      217047.000 216722.196  0.15%  1410  324s
  6961  1535 216794.053   25 1722 217047.000 216722.196  0.15%  1414  345s
  7021  1595 216873.475   26 1634 217047.000 216724.822  0.15%  1413  353s
  7369  1616     cutoff   35      217047.000 216737.024  0.14%  1412  362s
  7690  1627 216866.880   32 1271 217047.000 216746.840  0.14%  1423  381s
  7965  1651 216857.841   29  880 217047.000 216750.049  0.14%  1436  390s
  8317  1654     cutoff   26      217047.000 216761.792  0.13%  1441  405s
  8490  1713 216979.774   28 1245 217047.000 216763.361  0.13%  1448  415s
  9021  1701     cutoff   28      217047.000 216774.983  0.13%  1437  427s
  9514  1689     cutoff   27      217047.000 216783.374  0.12%  1436  439s
  9988  1667 216989.456   26 1099 217047.000 216795.521  0.12%  1431  452s
 10405  1625     cutoff   30      217047.000 216809.385  0.11%  1440  467s
 10845  1543     cutoff   30      217047.000 216818.333  0.11%  1451  481s
 11352  1452     cutoff   30      217047.000 216830.019  0.10%  1453  497s
 11673  1276     cutoff   37      217047.000 216846.034  0.09%  1462  511s
 12155  1079     cutoff   30      217047.000 216863.913  0.08%  1471  525s
 12595   631     cutoff   43      217047.000 216886.693  0.07%  1481  537s
 13329    69     cutoff   30      217047.000 216935.686  0.05%  1445  545s

Cutting planes:
  Gomory: 2
  MIR: 1
  Flow cover: 3
  Zero half: 36
  Mod-K: 1
  RLT: 324
  BQP: 1399
  PSD: 17

Explored 14118 nodes (19543212 simplex iterations) in 545.15 seconds (1587.48 work units)
Thread count was 10 (of 10 available processors)

Solution count 1: 217047 

Optimal solution found (tolerance 1.00e-04)
Best objective 2.170470000000e+05, best bound 2.170470000000e+05, gap 0.0000%
Solução ótima encontrada.
Set parameter TimeLimit to value 25200
Set parameter TimeLimit to value 600
Gurobi Optimizer version 10.0.2 build v10.0.2rc0 (mac64[arm])

CPU model: Apple M5
Thread count: 10 physical cores, 10 logical processors, using up to 10 threads

Optimize a model with 548706 rows, 284763 columns and 1341935 nonzeros
Model fingerprint: 0x464c1667
Variable types: 0 continuous, 284763 integer (264707 binary)
Coefficient statistics:
  Matrix range     [1e+00, 8e+01]
  Objective range  [5e-01, 2e+03]
  Bounds range     [1e+00, 1e+00]
  RHS range        [1e+00, 1e+02]

User MIP start produced solution with objective 217047 (0.12s)
Loaded user MIP start with objective 217047
MIP start from previous solve did not produce a new incumbent solution

Presolve removed 527991 rows and 268079 columns
Presolve time: 0.26s
Presolved: 20715 rows, 16684 columns, 60320 nonzeros
Variable types: 0 continuous, 16684 integer (16684 binary)

Root relaxation: objective 2.149168e+05, 12413 iterations, 0.52 seconds (1.48 work units)

    Nodes    |    Current Node    |     Objective Bounds      |     Work
 Expl Unexpl |  Obj  Depth IntInf | Incumbent    BestBd   Gap | It/Node Time

     0     0 214916.811    0 1287 217047.000 214916.811  0.98%     -    1s
     0     0 215158.238    0 1234 217047.000 215158.238  0.87%     -    1s
     0     0 215158.238    0 1200 217047.000 215158.238  0.87%     -    2s
     0     0 215176.542    0 1074 217047.000 215176.542  0.86%     -    2s
     0     0 215179.000    0  780 217047.000 215179.000  0.86%     -    2s
     0     0 215179.375    0  947 217047.000 215179.375  0.86%     -    2s
     0     0 215179.375    0  950 217047.000 215179.375  0.86%     -    2s
     0     0 215187.500    0 1148 217047.000 215187.500  0.86%     -    2s
     0     0 215188.755    0 1218 217047.000 215188.755  0.86%     -    2s
     0     0 215198.791    0 1381 217047.000 215198.791  0.85%     -    3s
     0     0 215199.607    0 1155 217047.000 215199.607  0.85%     -    3s
     0     0 215199.731    0 1280 217047.000 215199.731  0.85%     -    3s
     0     0 215207.762    0 1472 217047.000 215207.762  0.85%     -    3s
     0     2 215207.811    0 1470 217047.000 215207.811  0.85%     -    4s
    15    26 215219.862    4 1364 217047.000 215216.066  0.84%  1420    5s
    78    89 215248.330    9 1220 217047.000 215216.066  0.84%  1337   11s
   121   128 215542.144   11 1153 217047.000 215216.066  0.84%  1259   17s
   218   197 216525.875   18  598 217047.000 215216.066  0.84%  1118   28s
   329   270 215557.748    6 1282 217047.000 215218.215  0.84%  1024   30s
   387   308 215607.612   10 1119 217047.000 215218.215  0.84%  1040   39s
   397   318 215653.817   11 1126 217047.000 215218.215  0.84%  1060   43s
   436   351 215702.616   15 1064 217047.000 215218.215  0.84%  1098   50s
   500   411 216012.902   19  952 217047.000 215218.215  0.84%  1088   61s
   590   466 216108.000   23  622 217047.000 215218.215  0.84%  1022   68s
   680   503 216367.250   30  575 217047.000 215218.215  0.84%   961   73s
   739   552 216533.844   36  926 217047.000 215218.215  0.84%   979   78s
   752   562 216536.906   37 1005 217047.000 215218.215  0.84%   981   84s
   762   607 216555.188   38  721 217047.000 215218.215  0.84%   989   85s
   827   614     cutoff   47      217047.000 215221.788  0.84%   991   91s
   924   675 215519.492    8 1106 217047.000 215221.788  0.84%   982   98s
   939   689 215524.833    9  913 217047.000 215221.788  0.84%   985  101s
  1133   833 216198.050   26  774 217047.000 215221.788  0.84%   987  110s
  1143   852 216805.192   27  801 217047.000 215221.788  0.84%   990  117s
  1217   922 216885.375   29  544 217047.000 215222.189  0.84%   976  121s
  1357   931 215508.994    8 1171 217047.000 215222.612  0.84%   941  141s
  1368   950 215511.606    9 1076 217047.000 215222.612  0.84%   947  149s
  1393   971 215518.667   10 1015 217047.000 215222.612  0.84%   948  152s
  1438  1001 215809.857   13 1023 217047.000 215222.612  0.84%   948  158s
  1486  1014 215810.345   14 1122 217047.000 215222.612  0.84%   950  162s
  1506  1071 215812.454   15 1090 217047.000 215222.612  0.84%   952  171s
  1618  1116 216929.500   45 1472 217047.000 215222.612  0.84%   963  175s
  1623  1119 216230.357   21 1491 217047.000 215235.724  0.83%   961  180s
  1648  1141 215254.826   16 1414 217047.000 215249.175  0.83%   974  185s
  1731  1202 216107.438   22  935 217047.000 215268.398  0.82%   993  193s
  1792  1243 216143.399   24 1006 217047.000 215268.398  0.82%   977  200s
  1966  1303 216423.670   29  693 217047.000 215268.398  0.82%   937  205s
  2080  1320     cutoff   32      217047.000 215268.398  0.82%   911  218s
  2148  1324 216614.015   34  554 217047.000 215268.398  0.82%   896  224s
  2161  1339 217003.349   35  582 217047.000 215268.398  0.82%   894  225s
  2640  1474 216098.379   37  805 217047.000 215298.706  0.81%   823  234s
  2709  1501 216372.200   42  650 217047.000 215298.706  0.81%   819  246s
  2719  1506 216388.800   43  620 217047.000 215298.706  0.81%   818  251s
  3023  1588 215628.529   28  918 217047.000 215306.316  0.80%   785  257s
  3227  1728 215570.353   19 1103 217047.000 215316.479  0.80%   772  260s
  3552  1819 215596.023   23 1337 217047.000 215322.498  0.79%   749  266s
  3741  1856 216069.167   35  667 217047.000 215322.498  0.79%   736  270s
  4057  1949 infeasible   54      217047.000 215340.315  0.79%   718  275s
  4526  2140 216601.000   52  664 217047.000 215345.422  0.78%   706  280s
  5017  2327 215644.543   30  981 217047.000 215352.214  0.78%   691  285s
  5367  2545 215560.486   34 1310 217047.000 215352.240  0.78%   686  290s
  5925  2956 215406.887   32 1220 217047.000 215361.296  0.78%   687  297s
  6179  3131 215718.132   38 1073 217047.000 215361.296  0.78%   683  300s
  6719  3449 216838.020   32  843 217047.000 215368.733  0.77%   681  307s
  6990  3689 216619.141   46  682 217047.000 215369.368  0.77%   682  310s
  7714  4129 215565.023   42 1259 217047.000 215371.846  0.77%   676  319s
  8027  4403 216568.837   62  864 217047.000 215372.115  0.77%   681  323s
  8461  4659 216631.563   63  623 217047.000 215373.182  0.77%   679  328s
  8855  4679 216205.354   47 1058 217047.000 215373.981  0.77%   677  343s
  8875  4915 216299.567   49  987 217047.000 215374.674  0.77%   677  349s
  9224  5117 216587.200   50  575 217047.000 215375.376  0.77%   677  356s
  9558  5417 216503.444   41  641 217047.000 215376.678  0.77%   677  362s
 10165  5692 216873.936   43  953 217047.000 215378.004  0.77%   671  368s
 10578  5918 215675.605   44  988 217047.000 215379.291  0.77%   676  375s
 11031  6212 215733.591   38 1018 217047.000 215380.268  0.77%   675  383s
 11477  6491 215518.399   38 1251 217047.000 215381.338  0.77%   674  390s
 11990  6507 215729.343   37 1235 217047.000 215382.302  0.77%   674  422s
 12006  6808 215732.430   38 1254 217047.000 215382.312  0.77%   674  430s
 12528  7158 216920.313   39  460 217047.000 215383.622  0.77%   676  439s
 13139  7532 215736.718   35 1245 217047.000 215385.800  0.77%   675  448s
 13703  7907 infeasible   58      217047.000 215386.426  0.77%   680  458s
 14360  8354 216698.459   50  932 217047.000 215387.662  0.76%   680  467s
 15064  8636     cutoff   69      217047.000 215389.343  0.76%   681  479s
 15478  9131 216667.758   50  930 217047.000 215390.008  0.76%   686  489s
 16289  9718 216198.894   54  881 217047.000 215390.819  0.76%   687  502s
 17304 10231 215511.616   29  992 217047.000 215392.311  0.76%   690  514s
 18314 10728     cutoff   55      217047.000 215394.777  0.76%   690  527s
 19127 11256 216864.561   53  965 217047.000 215395.827  0.76%   693  540s
 20036 11858 215752.392   42 1247 217047.000 215397.492  0.76%   694  554s
 21026 12553 215869.924   28  703 217047.000 215399.082  0.76%   698  568s
 22110 13234 215769.312   41  873 217047.000 215400.371  0.76%   700  584s
 23265 13727 216031.292   38  521 217047.000 215402.537  0.76%   701  600s

Cutting planes:
  Gomory: 7
  Lift-and-project: 20
  MIR: 1
  Flow cover: 3
  Zero half: 56
  RLT: 82
  BQP: 487

Explored 24108 nodes (16976473 simplex iterations) in 600.05 seconds (1489.00 work units)
Thread count was 10 (of 10 available processors)

Solution count 1: 217047 

Time limit reached
Best objective 2.170470000000e+05, best bound 2.154027130021e+05, gap 0.7576%
Solução -> não <- ótima.
RESULTADO_JSON={"arquivo_log_csv": "resultados/experimentos/ordem_cursos_3s/historico_alfabetica.csv", "arquivo_log_json": "resultados/experimentos/ordem_cursos_3s/historico_alfabetica.json", "arquivo_melhor_solucao": "resultados/experimentos/ordem_cursos_3s/melhor_alfabetica.sol", "etapa": "fix_and_optimize_cursos", "ganho_absoluto": 3047278.0, "historico": [{"ciclo": 1, "curso": "ADM", "disciplinas_livres": 48, "iteracao": 1, "melhorou": true, "objetivo_anterior": 3264325.0, "objetivo_candidato": 2924498.0, "objetivo_incumbente": 2924498.0, "ordem_cursos": "alfabetica", "passada": 1, "posicao_ordem_curso": 1, "recurso": "ADM", "seed_ordem_cursos": null, "status_solver": "OPTIMAL", "tempo_gasto_s": 2.04, "tempo_limite_subproblema_s": 600.0, "tempo_solver_s": 1.84, "variaveis_x_fixadas": 85698, "variaveis_x_livres": 9292, "vizinhanca": "curso"}, {"ciclo": 1, "curso": "AGRO", "disciplinas_livres": 51, "iteracao": 2, "melhorou": true, "objetivo_anterior": 2924498.0, "objetivo_candidato": 2622041.0, "objetivo_incumbente": 2622041.0, "ordem_cursos": "alfabetica", "passada": 1, "posicao_ordem_curso": 2, "recurso": "AGRO", "seed_ordem_cursos": null, "status_solver": "OPTIMAL", "tempo_gasto_s": 1.06, "tempo_limite_subproblema_s": 600.0, "tempo_solver_s": 0.77, "variaveis_x_fixadas": 86250, "variaveis_x_livres": 8740, "vizinhanca": "curso"}, {"ciclo": 1, "curso": "CC", "disciplinas_livres": 47, "iteracao": 3, "melhorou": true, "objetivo_anterior": 2622041.0, "objetivo_candidato": 2185164.0, "objetivo_incumbente": 2185164.0, "ordem_cursos": "alfabetica", "passada": 1, "posicao_ordem_curso": 3, "recurso": "CC", "seed_ordem_cursos": null, "status_solver": "OPTIMAL", "tempo_gasto_s": 16.12, "tempo_limite_subproblema_s": 600.0, "tempo_solver_s": 15.83, "variaveis_x_fixadas": 84456, "variaveis_x_livres": 10534, "vizinhanca": "curso"}, {"ciclo": 1, "curso": "CS", "disciplinas_livres": 22, "iteracao": 4, "melhorou": true, "objetivo_anterior": 2185164.0, "objetivo_candidato": 2057294.0, "objetivo_incumbente": 2057294.0, "ordem_cursos": "alfabetica", "passada": 1, "posicao_ordem_curso": 4, "recurso": "CS", "seed_ordem_cursos": null, "status_solver": "OPTIMAL", "tempo_gasto_s": 0.69, "tempo_limite_subproblema_s": 600.0, "tempo_solver_s": 0.4, "variaveis_x_fixadas": 90436, "variaveis_x_livres": 4554, "vizinhanca": "curso"}, {"ciclo": 1, "curso": "EAS", "disciplinas_livres": 45, "iteracao": 5, "melhorou": true, "objetivo_anterior": 2057294.0, "objetivo_candidato": 1884482.0, "objetivo_incumbente": 1884482.0, "ordem_cursos": "alfabetica", "passada": 1, "posicao_ordem_curso": 5, "recurso": "EAS", "seed_ordem_cursos": null, "status_solver": "OPTIMAL", "tempo_gasto_s": 1.1, "tempo_limite_subproblema_s": 600.0, "tempo_solver_s": 0.81, "variaveis_x_fixadas": 87538, "variaveis_x_livres": 7452, "vizinhanca": "curso"}, {"ciclo": 1, "curso": "ENF", "disciplinas_livres": 18, "iteracao": 6, "melhorou": true, "objetivo_anterior": 1884482.0, "objetivo_candidato": 1591366.0, "objetivo_incumbente": 1591366.0, "ordem_cursos": "alfabetica", "passada": 1, "posicao_ordem_curso": 6, "recurso": "ENF", "seed_ordem_cursos": null, "status_solver": "OPTIMAL", "tempo_gasto_s": 3.62, "tempo_limite_subproblema_s": 600.0, "tempo_solver_s": 3.33, "variaveis_x_fixadas": 86480, "variaveis_x_livres": 8510, "vizinhanca": "curso"}, {"ciclo": 1, "curso": "FIL", "disciplinas_livres": 15, "iteracao": 7, "melhorou": true, "objetivo_anterior": 1591366.0, "objetivo_candidato": 1511138.5, "objetivo_incumbente": 1511138.5, "ordem_cursos": "alfabetica", "passada": 1, "posicao_ordem_curso": 7, "recurso": "FIL", "seed_ordem_cursos": null, "status_solver": "OPTIMAL", "tempo_gasto_s": 0.62, "tempo_limite_subproblema_s": 600.0, "tempo_solver_s": 0.32, "variaveis_x_fixadas": 92230, "variaveis_x_livres": 2760, "vizinhanca": "curso"}, {"ciclo": 1, "curso": "GEO", "disciplinas_livres": 10, "iteracao": 8, "melhorou": true, "objetivo_anterior": 1511138.5, "objetivo_candidato": 1475557.5, "objetivo_incumbente": 1475557.5, "ordem_cursos": "alfabetica", "passada": 1, "posicao_ordem_curso": 8, "recurso": "GEO", "seed_ordem_cursos": null, "status_solver": "OPTIMAL", "tempo_gasto_s": 0.61, "tempo_limite_subproblema_s": 600.0, "tempo_solver_s": 0.31, "variaveis_x_fixadas": 92920, "variaveis_x_livres": 2070, "vizinhanca": "curso"}, {"ciclo": 1, "curso": "HIS", "disciplinas_livres": 24, "iteracao": 9, "melhorou": true, "objetivo_anterior": 1475557.5, "objetivo_candidato": 1339929.5, "objetivo_incumbente": 1339929.5, "ordem_cursos": "alfabetica", "passada": 1, "posicao_ordem_curso": 9, "recurso": "HIS", "seed_ordem_cursos": null, "status_solver": "OPTIMAL", "tempo_gasto_s": 0.68, "tempo_limite_subproblema_s": 600.0, "tempo_solver_s": 0.39, "variaveis_x_fixadas": 90206, "variaveis_x_livres": 4784, "vizinhanca": "curso"}, {"ciclo": 1, "curso": "LET", "disciplinas_livres": 36, "iteracao": 10, "melhorou": true, "objetivo_anterior": 1339929.5, "objetivo_candidato": 1062603.5, "objetivo_incumbente": 1062603.5, "ordem_cursos": "alfabetica", "passada": 1, "posicao_ordem_curso": 10, "recurso": "LET", "seed_ordem_cursos": null, "status_solver": "OPTIMAL", "tempo_gasto_s": 5.6, "tempo_limite_subproblema_s": 600.0, "tempo_solver_s": 5.31, "variaveis_x_fixadas": 85836, "variaveis_x_livres": 9154, "vizinhanca": "curso"}, {"ciclo": 1, "curso": "MAT", "disciplinas_livres": 23, "iteracao": 11, "melhorou": true, "objetivo_anterior": 1062603.5, "objetivo_candidato": 901690.0, "objetivo_incumbente": 901690.0, "ordem_cursos": "alfabetica", "passada": 1, "posicao_ordem_curso": 11, "recurso": "MAT", "seed_ordem_cursos": null, "status_solver": "OPTIMAL", "tempo_gasto_s": 0.71, "tempo_limite_subproblema_s": 600.0, "tempo_solver_s": 0.41, "variaveis_x_fixadas": 90022, "variaveis_x_livres": 4968, "vizinhanca": "curso"}, {"ciclo": 1, "curso": "MED", "disciplinas_livres": 41, "iteracao": 12, "melhorou": true, "objetivo_anterior": 901690.0, "objetivo_candidato": 631440.0, "objetivo_incumbente": 631440.0, "ordem_cursos": "alfabetica", "passada": 1, "posicao_ordem_curso": 12, "recurso": "MED", "seed_ordem_cursos": null, "status_solver": "TIME_LIMIT", "tempo_gasto_s": 600.38, "tempo_limite_subproblema_s": 600.0, "tempo_solver_s": 600.05, "variaveis_x_fixadas": 85606, "variaveis_x_livres": 9384, "vizinhanca": "curso"}, {"ciclo": 1, "curso": "PED", "disciplinas_livres": 56, "iteracao": 13, "melhorou": true, "objetivo_anterior": 631440.0, "objetivo_candidato": 219996.0, "objetivo_incumbente": 219996.0, "ordem_cursos": "alfabetica", "passada": 1, "posicao_ordem_curso": 13, "recurso": "PED", "seed_ordem_cursos": null, "status_solver": "TIME_LIMIT", "tempo_gasto_s": 600.42, "tempo_limite_subproblema_s": 600.0, "tempo_solver_s": 600.04, "variaveis_x_fixadas": 82202, "variaveis_x_livres": 12788, "vizinhanca": "curso"}, {"ciclo": 1, "curso": "ADM", "disciplinas_livres": 48, "iteracao": 1, "melhorou": true, "objetivo_anterior": 219996.0, "objetivo_candidato": 219981.0, "objetivo_incumbente": 219981.0, "ordem_cursos": "alfabetica", "passada": 2, "posicao_ordem_curso": 1, "recurso": "ADM", "seed_ordem_cursos": null, "status_solver": "OPTIMAL", "tempo_gasto_s": 0.98, "tempo_limite_subproblema_s": 600.0, "tempo_solver_s": 0.63, "variaveis_x_fixadas": 85698, "variaveis_x_livres": 9292, "vizinhanca": "curso"}, {"ciclo": 1, "curso": "AGRO", "disciplinas_livres": 51, "iteracao": 2, "melhorou": true, "objetivo_anterior": 219981.0, "objetivo_candidato": 219966.0, "objetivo_incumbente": 219966.0, "ordem_cursos": "alfabetica", "passada": 2, "posicao_ordem_curso": 2, "recurso": "AGRO", "seed_ordem_cursos": null, "status_solver": "OPTIMAL", "tempo_gasto_s": 0.89, "tempo_limite_subproblema_s": 600.0, "tempo_solver_s": 0.54, "variaveis_x_fixadas": 86250, "variaveis_x_livres": 8740, "vizinhanca": "curso"}, {"ciclo": 1, "curso": "CC", "disciplinas_livres": 47, "iteracao": 3, "melhorou": false, "objetivo_anterior": 219966.0, "objetivo_candidato": 219966.0, "objetivo_incumbente": 219966.0, "ordem_cursos": "alfabetica", "passada": 2, "posicao_ordem_curso": 3, "recurso": "CC", "seed_ordem_cursos": null, "status_solver": "OPTIMAL", "tempo_gasto_s": 1.75, "tempo_limite_subproblema_s": 600.0, "tempo_solver_s": 1.43, "variaveis_x_fixadas": 84456, "variaveis_x_livres": 10534, "vizinhanca": "curso"}, {"ciclo": 1, "curso": "CS", "disciplinas_livres": 22, "iteracao": 4, "melhorou": true, "objetivo_anterior": 219966.0, "objetivo_candidato": 219931.0, "objetivo_incumbente": 219931.0, "ordem_cursos": "alfabetica", "passada": 2, "posicao_ordem_curso": 4, "recurso": "CS", "seed_ordem_cursos": null, "status_solver": "OPTIMAL", "tempo_gasto_s": 0.67, "tempo_limite_subproblema_s": 600.0, "tempo_solver_s": 0.33, "variaveis_x_fixadas": 90436, "variaveis_x_livres": 4554, "vizinhanca": "curso"}, {"ciclo": 1, "curso": "EAS", "disciplinas_livres": 45, "iteracao": 5, "melhorou": true, "objetivo_anterior": 219931.0, "objetivo_candidato": 218136.0, "objetivo_incumbente": 218136.0, "ordem_cursos": "alfabetica", "passada": 2, "posicao_ordem_curso": 5, "recurso": "EAS", "seed_ordem_cursos": null, "status_solver": "OPTIMAL", "tempo_gasto_s": 0.79, "tempo_limite_subproblema_s": 600.0, "tempo_solver_s": 0.45, "variaveis_x_fixadas": 87538, "variaveis_x_livres": 7452, "vizinhanca": "curso"}, {"ciclo": 1, "curso": "ENF", "disciplinas_livres": 18, "iteracao": 6, "melhorou": false, "objetivo_anterior": 218136.0, "objetivo_candidato": 218136.0, "objetivo_incumbente": 218136.0, "ordem_cursos": "alfabetica", "passada": 2, "posicao_ordem_curso": 6, "recurso": "ENF", "seed_ordem_cursos": null, "status_solver": "OPTIMAL", "tempo_gasto_s": 1.17, "tempo_limite_subproblema_s": 600.0, "tempo_solver_s": 0.85, "variaveis_x_fixadas": 86480, "variaveis_x_livres": 8510, "vizinhanca": "curso"}, {"ciclo": 1, "curso": "FIL", "disciplinas_livres": 15, "iteracao": 7, "melhorou": false, "objetivo_anterior": 218136.0, "objetivo_candidato": 218136.0, "objetivo_incumbente": 218136.0, "ordem_cursos": "alfabetica", "passada": 2, "posicao_ordem_curso": 7, "recurso": "FIL", "seed_ordem_cursos": null, "status_solver": "OPTIMAL", "tempo_gasto_s": 0.61, "tempo_limite_subproblema_s": 600.0, "tempo_solver_s": 0.27, "variaveis_x_fixadas": 92230, "variaveis_x_livres": 2760, "vizinhanca": "curso"}, {"ciclo": 1, "curso": "GEO", "disciplinas_livres": 10, "iteracao": 8, "melhorou": false, "objetivo_anterior": 218136.0, "objetivo_candidato": 218136.0, "objetivo_incumbente": 218136.0, "ordem_cursos": "alfabetica", "passada": 2, "posicao_ordem_curso": 8, "recurso": "GEO", "seed_ordem_cursos": null, "status_solver": "OPTIMAL", "tempo_gasto_s": 0.61, "tempo_limite_subproblema_s": 600.0, "tempo_solver_s": 0.28, "variaveis_x_fixadas": 92920, "variaveis_x_livres": 2070, "vizinhanca": "curso"}, {"ciclo": 1, "curso": "HIS", "disciplinas_livres": 24, "iteracao": 9, "melhorou": true, "objetivo_anterior": 218136.0, "objetivo_candidato": 218131.0, "objetivo_incumbente": 218131.0, "ordem_cursos": "alfabetica", "passada": 2, "posicao_ordem_curso": 9, "recurso": "HIS", "seed_ordem_cursos": null, "status_solver": "OPTIMAL", "tempo_gasto_s": 0.69, "tempo_limite_subproblema_s": 600.0, "tempo_solver_s": 0.36, "variaveis_x_fixadas": 90206, "variaveis_x_livres": 4784, "vizinhanca": "curso"}, {"ciclo": 1, "curso": "LET", "disciplinas_livres": 36, "iteracao": 10, "melhorou": true, "objetivo_anterior": 218131.0, "objetivo_candidato": 218116.0, "objetivo_incumbente": 218116.0, "ordem_cursos": "alfabetica", "passada": 2, "posicao_ordem_curso": 10, "recurso": "LET", "seed_ordem_cursos": null, "status_solver": "OPTIMAL", "tempo_gasto_s": 2.68, "tempo_limite_subproblema_s": 600.0, "tempo_solver_s": 2.35, "variaveis_x_fixadas": 85836, "variaveis_x_livres": 9154, "vizinhanca": "curso"}, {"ciclo": 1, "curso": "MAT", "disciplinas_livres": 23, "iteracao": 11, "melhorou": true, "objetivo_anterior": 218116.0, "objetivo_candidato": 217411.0, "objetivo_incumbente": 217411.0, "ordem_cursos": "alfabetica", "passada": 2, "posicao_ordem_curso": 11, "recurso": "MAT", "seed_ordem_cursos": null, "status_solver": "OPTIMAL", "tempo_gasto_s": 0.76, "tempo_limite_subproblema_s": 600.0, "tempo_solver_s": 0.41, "variaveis_x_fixadas": 90022, "variaveis_x_livres": 4968, "vizinhanca": "curso"}, {"ciclo": 1, "curso": "MED", "disciplinas_livres": 41, "iteracao": 12, "melhorou": true, "objetivo_anterior": 217411.0, "objetivo_candidato": 217195.5, "objetivo_incumbente": 217195.5, "ordem_cursos": "alfabetica", "passada": 2, "posicao_ordem_curso": 12, "recurso": "MED", "seed_ordem_cursos": null, "status_solver": "TIME_LIMIT", "tempo_gasto_s": 600.48, "tempo_limite_subproblema_s": 600.0, "tempo_solver_s": 600.09, "variaveis_x_fixadas": 85606, "variaveis_x_livres": 9384, "vizinhanca": "curso"}, {"ciclo": 1, "curso": "PED", "disciplinas_livres": 56, "iteracao": 13, "melhorou": true, "objetivo_anterior": 217195.5, "objetivo_candidato": 217095.5, "objetivo_incumbente": 217095.5, "ordem_cursos": "alfabetica", "passada": 2, "posicao_ordem_curso": 13, "recurso": "PED", "seed_ordem_cursos": null, "status_solver": "TIME_LIMIT", "tempo_gasto_s": 600.43, "tempo_limite_subproblema_s": 600.0, "tempo_solver_s": 600.04, "variaveis_x_fixadas": 82202, "variaveis_x_livres": 12788, "vizinhanca": "curso"}, {"ciclo": 1, "curso": "ADM", "disciplinas_livres": 48, "iteracao": 1, "melhorou": false, "objetivo_anterior": 217095.5, "objetivo_candidato": 217095.5, "objetivo_incumbente": 217095.5, "ordem_cursos": "alfabetica", "passada": 3, "posicao_ordem_curso": 1, "recurso": "ADM", "seed_ordem_cursos": null, "status_solver": "OPTIMAL", "tempo_gasto_s": 0.91, "tempo_limite_subproblema_s": 600.0, "tempo_solver_s": 0.55, "variaveis_x_fixadas": 85698, "variaveis_x_livres": 9292, "vizinhanca": "curso"}, {"ciclo": 1, "curso": "AGRO", "disciplinas_livres": 51, "iteracao": 2, "melhorou": false, "objetivo_anterior": 217095.5, "objetivo_candidato": 217095.5, "objetivo_incumbente": 217095.5, "ordem_cursos": "alfabetica", "passada": 3, "posicao_ordem_curso": 2, "recurso": "AGRO", "seed_ordem_cursos": null, "status_solver": "OPTIMAL", "tempo_gasto_s": 0.75, "tempo_limite_subproblema_s": 600.0, "tempo_solver_s": 0.42, "variaveis_x_fixadas": 86250, "variaveis_x_livres": 8740, "vizinhanca": "curso"}, {"ciclo": 1, "curso": "CC", "disciplinas_livres": 47, "iteracao": 3, "melhorou": false, "objetivo_anterior": 217095.5, "objetivo_candidato": 217095.5, "objetivo_incumbente": 217095.5, "ordem_cursos": "alfabetica", "passada": 3, "posicao_ordem_curso": 3, "recurso": "CC", "seed_ordem_cursos": null, "status_solver": "OPTIMAL", "tempo_gasto_s": 1.8, "tempo_limite_subproblema_s": 600.0, "tempo_solver_s": 1.49, "variaveis_x_fixadas": 84456, "variaveis_x_livres": 10534, "vizinhanca": "curso"}, {"ciclo": 1, "curso": "CS", "disciplinas_livres": 22, "iteracao": 4, "melhorou": false, "objetivo_anterior": 217095.5, "objetivo_candidato": 217095.5, "objetivo_incumbente": 217095.5, "ordem_cursos": "alfabetica", "passada": 3, "posicao_ordem_curso": 4, "recurso": "CS", "seed_ordem_cursos": null, "status_solver": "OPTIMAL", "tempo_gasto_s": 0.66, "tempo_limite_subproblema_s": 600.0, "tempo_solver_s": 0.33, "variaveis_x_fixadas": 90436, "variaveis_x_livres": 4554, "vizinhanca": "curso"}, {"ciclo": 1, "curso": "EAS", "disciplinas_livres": 45, "iteracao": 5, "melhorou": true, "objetivo_anterior": 217095.5, "objetivo_candidato": 217070.5, "objetivo_incumbente": 217070.5, "ordem_cursos": "alfabetica", "passada": 3, "posicao_ordem_curso": 5, "recurso": "EAS", "seed_ordem_cursos": null, "status_solver": "OPTIMAL", "tempo_gasto_s": 0.76, "tempo_limite_subproblema_s": 600.0, "tempo_solver_s": 0.43, "variaveis_x_fixadas": 87538, "variaveis_x_livres": 7452, "vizinhanca": "curso"}, {"ciclo": 1, "curso": "ENF", "disciplinas_livres": 18, "iteracao": 6, "melhorou": false, "objetivo_anterior": 217070.5, "objetivo_candidato": 217070.5, "objetivo_incumbente": 217070.5, "ordem_cursos": "alfabetica", "passada": 3, "posicao_ordem_curso": 6, "recurso": "ENF", "seed_ordem_cursos": null, "status_solver": "OPTIMAL", "tempo_gasto_s": 1.35, "tempo_limite_subproblema_s": 600.0, "tempo_solver_s": 1.03, "variaveis_x_fixadas": 86480, "variaveis_x_livres": 8510, "vizinhanca": "curso"}, {"ciclo": 1, "curso": "FIL", "disciplinas_livres": 15, "iteracao": 7, "melhorou": false, "objetivo_anterior": 217070.5, "objetivo_candidato": 217070.5, "objetivo_incumbente": 217070.5, "ordem_cursos": "alfabetica", "passada": 3, "posicao_ordem_curso": 7, "recurso": "FIL", "seed_ordem_cursos": null, "status_solver": "OPTIMAL", "tempo_gasto_s": 0.61, "tempo_limite_subproblema_s": 600.0, "tempo_solver_s": 0.28, "variaveis_x_fixadas": 92230, "variaveis_x_livres": 2760, "vizinhanca": "curso"}, {"ciclo": 1, "curso": "GEO", "disciplinas_livres": 10, "iteracao": 8, "melhorou": false, "objetivo_anterior": 217070.5, "objetivo_candidato": 217070.5, "objetivo_incumbente": 217070.5, "ordem_cursos": "alfabetica", "passada": 3, "posicao_ordem_curso": 8, "recurso": "GEO", "seed_ordem_cursos": null, "status_solver": "OPTIMAL", "tempo_gasto_s": 0.58, "tempo_limite_subproblema_s": 600.0, "tempo_solver_s": 0.26, "variaveis_x_fixadas": 92920, "variaveis_x_livres": 2070, "vizinhanca": "curso"}, {"ciclo": 1, "curso": "HIS", "disciplinas_livres": 24, "iteracao": 9, "melhorou": false, "objetivo_anterior": 217070.5, "objetivo_candidato": 217070.5, "objetivo_incumbente": 217070.5, "ordem_cursos": "alfabetica", "passada": 3, "posicao_ordem_curso": 9, "recurso": "HIS", "seed_ordem_cursos": null, "status_solver": "OPTIMAL", "tempo_gasto_s": 0.69, "tempo_limite_subproblema_s": 600.0, "tempo_solver_s": 0.37, "variaveis_x_fixadas": 90206, "variaveis_x_livres": 4784, "vizinhanca": "curso"}, {"ciclo": 1, "curso": "LET", "disciplinas_livres": 36, "iteracao": 10, "melhorou": false, "objetivo_anterior": 217070.5, "objetivo_candidato": 217070.5, "objetivo_incumbente": 217070.5, "ordem_cursos": "alfabetica", "passada": 3, "posicao_ordem_curso": 10, "recurso": "LET", "seed_ordem_cursos": null, "status_solver": "OPTIMAL", "tempo_gasto_s": 3.09, "tempo_limite_subproblema_s": 600.0, "tempo_solver_s": 2.76, "variaveis_x_fixadas": 85836, "variaveis_x_livres": 9154, "vizinhanca": "curso"}, {"ciclo": 1, "curso": "MAT", "disciplinas_livres": 23, "iteracao": 11, "melhorou": true, "objetivo_anterior": 217070.5, "objetivo_candidato": 217065.5, "objetivo_incumbente": 217065.5, "ordem_cursos": "alfabetica", "passada": 3, "posicao_ordem_curso": 11, "recurso": "MAT", "seed_ordem_cursos": null, "status_solver": "OPTIMAL", "tempo_gasto_s": 0.7, "tempo_limite_subproblema_s": 600.0, "tempo_solver_s": 0.36, "variaveis_x_fixadas": 90022, "variaveis_x_livres": 4968, "vizinhanca": "curso"}, {"ciclo": 1, "curso": "MED", "disciplinas_livres": 41, "iteracao": 12, "melhorou": true, "objetivo_anterior": 217065.5, "objetivo_candidato": 217047.0, "objetivo_incumbente": 217047.0, "ordem_cursos": "alfabetica", "passada": 3, "posicao_ordem_curso": 12, "recurso": "MED", "seed_ordem_cursos": null, "status_solver": "OPTIMAL", "tempo_gasto_s": 502.13, "tempo_limite_subproblema_s": 600.0, "tempo_solver_s": 501.8, "variaveis_x_fixadas": 85606, "variaveis_x_livres": 9384, "vizinhanca": "curso"}, {"ciclo": 1, "curso": "PED", "disciplinas_livres": 56, "iteracao": 13, "melhorou": false, "objetivo_anterior": 217047.0, "objetivo_candidato": 217047.0, "objetivo_incumbente": 217047.0, "ordem_cursos": "alfabetica", "passada": 3, "posicao_ordem_curso": 13, "recurso": "PED", "seed_ordem_cursos": null, "status_solver": "TIME_LIMIT", "tempo_gasto_s": 600.4, "tempo_limite_subproblema_s": 600.0, "tempo_solver_s": 600.05, "variaveis_x_fixadas": 82202, "variaveis_x_livres": 12788, "vizinhanca": "curso"}, {"ciclo": 1, "curso": "ADM", "disciplinas_livres": 48, "iteracao": 1, "melhorou": false, "objetivo_anterior": 217047.0, "objetivo_candidato": 217047.0, "objetivo_incumbente": 217047.0, "ordem_cursos": "alfabetica", "passada": 4, "posicao_ordem_curso": 1, "recurso": "ADM", "seed_ordem_cursos": null, "status_solver": "OPTIMAL", "tempo_gasto_s": 0.91, "tempo_limite_subproblema_s": 600.0, "tempo_solver_s": 0.54, "variaveis_x_fixadas": 85698, "variaveis_x_livres": 9292, "vizinhanca": "curso"}, {"ciclo": 1, "curso": "AGRO", "disciplinas_livres": 51, "iteracao": 2, "melhorou": false, "objetivo_anterior": 217047.0, "objetivo_candidato": 217047.0, "objetivo_incumbente": 217047.0, "ordem_cursos": "alfabetica", "passada": 4, "posicao_ordem_curso": 2, "recurso": "AGRO", "seed_ordem_cursos": null, "status_solver": "OPTIMAL", "tempo_gasto_s": 0.77, "tempo_limite_subproblema_s": 600.0, "tempo_solver_s": 0.43, "variaveis_x_fixadas": 86250, "variaveis_x_livres": 8740, "vizinhanca": "curso"}, {"ciclo": 1, "curso": "CC", "disciplinas_livres": 47, "iteracao": 3, "melhorou": false, "objetivo_anterior": 217047.0, "objetivo_candidato": 217047.0, "objetivo_incumbente": 217047.0, "ordem_cursos": "alfabetica", "passada": 4, "posicao_ordem_curso": 3, "recurso": "CC", "seed_ordem_cursos": null, "status_solver": "OPTIMAL", "tempo_gasto_s": 1.71, "tempo_limite_subproblema_s": 600.0, "tempo_solver_s": 1.39, "variaveis_x_fixadas": 84456, "variaveis_x_livres": 10534, "vizinhanca": "curso"}, {"ciclo": 1, "curso": "CS", "disciplinas_livres": 22, "iteracao": 4, "melhorou": false, "objetivo_anterior": 217047.0, "objetivo_candidato": 217047.0, "objetivo_incumbente": 217047.0, "ordem_cursos": "alfabetica", "passada": 4, "posicao_ordem_curso": 4, "recurso": "CS", "seed_ordem_cursos": null, "status_solver": "OPTIMAL", "tempo_gasto_s": 0.65, "tempo_limite_subproblema_s": 600.0, "tempo_solver_s": 0.33, "variaveis_x_fixadas": 90436, "variaveis_x_livres": 4554, "vizinhanca": "curso"}, {"ciclo": 1, "curso": "EAS", "disciplinas_livres": 45, "iteracao": 5, "melhorou": false, "objetivo_anterior": 217047.0, "objetivo_candidato": 217047.0, "objetivo_incumbente": 217047.0, "ordem_cursos": "alfabetica", "passada": 4, "posicao_ordem_curso": 5, "recurso": "EAS", "seed_ordem_cursos": null, "status_solver": "OPTIMAL", "tempo_gasto_s": 0.68, "tempo_limite_subproblema_s": 600.0, "tempo_solver_s": 0.36, "variaveis_x_fixadas": 87538, "variaveis_x_livres": 7452, "vizinhanca": "curso"}, {"ciclo": 1, "curso": "ENF", "disciplinas_livres": 18, "iteracao": 6, "melhorou": false, "objetivo_anterior": 217047.0, "objetivo_candidato": 217047.0, "objetivo_incumbente": 217047.0, "ordem_cursos": "alfabetica", "passada": 4, "posicao_ordem_curso": 6, "recurso": "ENF", "seed_ordem_cursos": null, "status_solver": "OPTIMAL", "tempo_gasto_s": 1.37, "tempo_limite_subproblema_s": 600.0, "tempo_solver_s": 1.05, "variaveis_x_fixadas": 86480, "variaveis_x_livres": 8510, "vizinhanca": "curso"}, {"ciclo": 1, "curso": "FIL", "disciplinas_livres": 15, "iteracao": 7, "melhorou": false, "objetivo_anterior": 217047.0, "objetivo_candidato": 217047.0, "objetivo_incumbente": 217047.0, "ordem_cursos": "alfabetica", "passada": 4, "posicao_ordem_curso": 7, "recurso": "FIL", "seed_ordem_cursos": null, "status_solver": "OPTIMAL", "tempo_gasto_s": 0.6, "tempo_limite_subproblema_s": 600.0, "tempo_solver_s": 0.27, "variaveis_x_fixadas": 92230, "variaveis_x_livres": 2760, "vizinhanca": "curso"}, {"ciclo": 1, "curso": "GEO", "disciplinas_livres": 10, "iteracao": 8, "melhorou": false, "objetivo_anterior": 217047.0, "objetivo_candidato": 217047.0, "objetivo_incumbente": 217047.0, "ordem_cursos": "alfabetica", "passada": 4, "posicao_ordem_curso": 8, "recurso": "GEO", "seed_ordem_cursos": null, "status_solver": "OPTIMAL", "tempo_gasto_s": 0.62, "tempo_limite_subproblema_s": 600.0, "tempo_solver_s": 0.3, "variaveis_x_fixadas": 92920, "variaveis_x_livres": 2070, "vizinhanca": "curso"}, {"ciclo": 1, "curso": "HIS", "disciplinas_livres": 24, "iteracao": 9, "melhorou": false, "objetivo_anterior": 217047.0, "objetivo_candidato": 217047.0, "objetivo_incumbente": 217047.0, "ordem_cursos": "alfabetica", "passada": 4, "posicao_ordem_curso": 9, "recurso": "HIS", "seed_ordem_cursos": null, "status_solver": "OPTIMAL", "tempo_gasto_s": 0.66, "tempo_limite_subproblema_s": 600.0, "tempo_solver_s": 0.34, "variaveis_x_fixadas": 90206, "variaveis_x_livres": 4784, "vizinhanca": "curso"}, {"ciclo": 1, "curso": "LET", "disciplinas_livres": 36, "iteracao": 10, "melhorou": false, "objetivo_anterior": 217047.0, "objetivo_candidato": 217047.0, "objetivo_incumbente": 217047.0, "ordem_cursos": "alfabetica", "passada": 4, "posicao_ordem_curso": 10, "recurso": "LET", "seed_ordem_cursos": null, "status_solver": "OPTIMAL", "tempo_gasto_s": 4.35, "tempo_limite_subproblema_s": 600.0, "tempo_solver_s": 4.0, "variaveis_x_fixadas": 85836, "variaveis_x_livres": 9154, "vizinhanca": "curso"}, {"ciclo": 1, "curso": "MAT", "disciplinas_livres": 23, "iteracao": 11, "melhorou": false, "objetivo_anterior": 217047.0, "objetivo_candidato": 217047.0, "objetivo_incumbente": 217047.0, "ordem_cursos": "alfabetica", "passada": 4, "posicao_ordem_curso": 11, "recurso": "MAT", "seed_ordem_cursos": null, "status_solver": "OPTIMAL", "tempo_gasto_s": 0.67, "tempo_limite_subproblema_s": 600.0, "tempo_solver_s": 0.32, "variaveis_x_fixadas": 90022, "variaveis_x_livres": 4968, "vizinhanca": "curso"}, {"ciclo": 1, "curso": "MED", "disciplinas_livres": 41, "iteracao": 12, "melhorou": false, "objetivo_anterior": 217047.0, "objetivo_candidato": 217047.0, "objetivo_incumbente": 217047.0, "ordem_cursos": "alfabetica", "passada": 4, "posicao_ordem_curso": 12, "recurso": "MED", "seed_ordem_cursos": null, "status_solver": "OPTIMAL", "tempo_gasto_s": 545.48, "tempo_limite_subproblema_s": 600.0, "tempo_solver_s": 545.16, "variaveis_x_fixadas": 85606, "variaveis_x_livres": 9384, "vizinhanca": "curso"}, {"ciclo": 1, "curso": "PED", "disciplinas_livres": 56, "iteracao": 13, "melhorou": false, "objetivo_anterior": 217047.0, "objetivo_candidato": 217047.0, "objetivo_incumbente": 217047.0, "ordem_cursos": "alfabetica", "passada": 4, "posicao_ordem_curso": 13, "recurso": "PED", "seed_ordem_cursos": null, "status_solver": "TIME_LIMIT", "tempo_gasto_s": 600.41, "tempo_limite_subproblema_s": 600.0, "tempo_solver_s": 600.06, "variaveis_x_fixadas": 82202, "variaveis_x_livres": 12788, "vizinhanca": "curso"}], "melhorias_aceitas": 25, "objetivo_final": 217047.0, "objetivo_inicial": 3264325.0, "ordem_cursos": "alfabetica", "passadas_executadas": 4, "seed_ordem_cursos": null, "status": "CONCLUIDO", "tempo_total_s": 4726.4, "tipo_vizinhanca": "curso", "total_iteracoes": 52}
{'etapa': 'fix_and_optimize_cursos', 'tipo_vizinhanca': 'curso', 'status': 'CONCLUIDO', 'objetivo_inicial': 3264325.0, 'objetivo_final': 217047.0, 'ganho_absoluto': 3047278.0, 'passadas_executadas': 4, 'total_iteracoes': 52, 'melhorias_aceitas': 25, 'tempo_total_s': 4726.4, 'arquivo_melhor_solucao': 'resultados/experimentos/ordem_cursos_3s/melhor_alfabetica.sol', 'arquivo_log_csv': 'resultados/experimentos/ordem_cursos_3s/historico_alfabetica.csv', 'arquivo_log_json': 'resultados/experimentos/ordem_cursos_3s/historico_alfabetica.json', 'ordem_cursos': 'alfabetica', 'seed_ordem_cursos': None, 'historico': [{'ciclo': 1, 'passada': 1, 'iteracao': 1, 'vizinhanca': 'curso', 'recurso': 'ADM', 'disciplinas_livres': 48, 'variaveis_x_livres': 9292, 'variaveis_x_fixadas': 85698, 'status_solver': 'OPTIMAL', 'objetivo_anterior': 3264325.0, 'objetivo_candidato': 2924498.0, 'melhorou': True, 'objetivo_incumbente': 2924498.0, 'tempo_gasto_s': 2.04, 'tempo_solver_s': 1.84, 'tempo_limite_subproblema_s': 600.0, 'curso': 'ADM', 'ordem_cursos': 'alfabetica', 'seed_ordem_cursos': None, 'posicao_ordem_curso': 1}, {'ciclo': 1, 'passada': 1, 'iteracao': 2, 'vizinhanca': 'curso', 'recurso': 'AGRO', 'disciplinas_livres': 51, 'variaveis_x_livres': 8740, 'variaveis_x_fixadas': 86250, 'status_solver': 'OPTIMAL', 'objetivo_anterior': 2924498.0, 'objetivo_candidato': 2622041.0, 'melhorou': True, 'objetivo_incumbente': 2622041.0, 'tempo_gasto_s': 1.06, 'tempo_solver_s': 0.77, 'tempo_limite_subproblema_s': 600.0, 'curso': 'AGRO', 'ordem_cursos': 'alfabetica', 'seed_ordem_cursos': None, 'posicao_ordem_curso': 2}, {'ciclo': 1, 'passada': 1, 'iteracao': 3, 'vizinhanca': 'curso', 'recurso': 'CC', 'disciplinas_livres': 47, 'variaveis_x_livres': 10534, 'variaveis_x_fixadas': 84456, 'status_solver': 'OPTIMAL', 'objetivo_anterior': 2622041.0, 'objetivo_candidato': 2185164.0, 'melhorou': True, 'objetivo_incumbente': 2185164.0, 'tempo_gasto_s': 16.12, 'tempo_solver_s': 15.83, 'tempo_limite_subproblema_s': 600.0, 'curso': 'CC', 'ordem_cursos': 'alfabetica', 'seed_ordem_cursos': None, 'posicao_ordem_curso': 3}, {'ciclo': 1, 'passada': 1, 'iteracao': 4, 'vizinhanca': 'curso', 'recurso': 'CS', 'disciplinas_livres': 22, 'variaveis_x_livres': 4554, 'variaveis_x_fixadas': 90436, 'status_solver': 'OPTIMAL', 'objetivo_anterior': 2185164.0, 'objetivo_candidato': 2057294.0, 'melhorou': True, 'objetivo_incumbente': 2057294.0, 'tempo_gasto_s': 0.69, 'tempo_solver_s': 0.4, 'tempo_limite_subproblema_s': 600.0, 'curso': 'CS', 'ordem_cursos': 'alfabetica', 'seed_ordem_cursos': None, 'posicao_ordem_curso': 4}, {'ciclo': 1, 'passada': 1, 'iteracao': 5, 'vizinhanca': 'curso', 'recurso': 'EAS', 'disciplinas_livres': 45, 'variaveis_x_livres': 7452, 'variaveis_x_fixadas': 87538, 'status_solver': 'OPTIMAL', 'objetivo_anterior': 2057294.0, 'objetivo_candidato': 1884482.0, 'melhorou': True, 'objetivo_incumbente': 1884482.0, 'tempo_gasto_s': 1.1, 'tempo_solver_s': 0.81, 'tempo_limite_subproblema_s': 600.0, 'curso': 'EAS', 'ordem_cursos': 'alfabetica', 'seed_ordem_cursos': None, 'posicao_ordem_curso': 5}, {'ciclo': 1, 'passada': 1, 'iteracao': 6, 'vizinhanca': 'curso', 'recurso': 'ENF', 'disciplinas_livres': 18, 'variaveis_x_livres': 8510, 'variaveis_x_fixadas': 86480, 'status_solver': 'OPTIMAL', 'objetivo_anterior': 1884482.0, 'objetivo_candidato': 1591366.0, 'melhorou': True, 'objetivo_incumbente': 1591366.0, 'tempo_gasto_s': 3.62, 'tempo_solver_s': 3.33, 'tempo_limite_subproblema_s': 600.0, 'curso': 'ENF', 'ordem_cursos': 'alfabetica', 'seed_ordem_cursos': None, 'posicao_ordem_curso': 6}, {'ciclo': 1, 'passada': 1, 'iteracao': 7, 'vizinhanca': 'curso', 'recurso': 'FIL', 'disciplinas_livres': 15, 'variaveis_x_livres': 2760, 'variaveis_x_fixadas': 92230, 'status_solver': 'OPTIMAL', 'objetivo_anterior': 1591366.0, 'objetivo_candidato': 1511138.5, 'melhorou': True, 'objetivo_incumbente': 1511138.5, 'tempo_gasto_s': 0.62, 'tempo_solver_s': 0.32, 'tempo_limite_subproblema_s': 600.0, 'curso': 'FIL', 'ordem_cursos': 'alfabetica', 'seed_ordem_cursos': None, 'posicao_ordem_curso': 7}, {'ciclo': 1, 'passada': 1, 'iteracao': 8, 'vizinhanca': 'curso', 'recurso': 'GEO', 'disciplinas_livres': 10, 'variaveis_x_livres': 2070, 'variaveis_x_fixadas': 92920, 'status_solver': 'OPTIMAL', 'objetivo_anterior': 1511138.5, 'objetivo_candidato': 1475557.5, 'melhorou': True, 'objetivo_incumbente': 1475557.5, 'tempo_gasto_s': 0.61, 'tempo_solver_s': 0.31, 'tempo_limite_subproblema_s': 600.0, 'curso': 'GEO', 'ordem_cursos': 'alfabetica', 'seed_ordem_cursos': None, 'posicao_ordem_curso': 8}, {'ciclo': 1, 'passada': 1, 'iteracao': 9, 'vizinhanca': 'curso', 'recurso': 'HIS', 'disciplinas_livres': 24, 'variaveis_x_livres': 4784, 'variaveis_x_fixadas': 90206, 'status_solver': 'OPTIMAL', 'objetivo_anterior': 1475557.5, 'objetivo_candidato': 1339929.5, 'melhorou': True, 'objetivo_incumbente': 1339929.5, 'tempo_gasto_s': 0.68, 'tempo_solver_s': 0.39, 'tempo_limite_subproblema_s': 600.0, 'curso': 'HIS', 'ordem_cursos': 'alfabetica', 'seed_ordem_cursos': None, 'posicao_ordem_curso': 9}, {'ciclo': 1, 'passada': 1, 'iteracao': 10, 'vizinhanca': 'curso', 'recurso': 'LET', 'disciplinas_livres': 36, 'variaveis_x_livres': 9154, 'variaveis_x_fixadas': 85836, 'status_solver': 'OPTIMAL', 'objetivo_anterior': 1339929.5, 'objetivo_candidato': 1062603.5, 'melhorou': True, 'objetivo_incumbente': 1062603.5, 'tempo_gasto_s': 5.6, 'tempo_solver_s': 5.31, 'tempo_limite_subproblema_s': 600.0, 'curso': 'LET', 'ordem_cursos': 'alfabetica', 'seed_ordem_cursos': None, 'posicao_ordem_curso': 10}, {'ciclo': 1, 'passada': 1, 'iteracao': 11, 'vizinhanca': 'curso', 'recurso': 'MAT', 'disciplinas_livres': 23, 'variaveis_x_livres': 4968, 'variaveis_x_fixadas': 90022, 'status_solver': 'OPTIMAL', 'objetivo_anterior': 1062603.5, 'objetivo_candidato': 901690.0, 'melhorou': True, 'objetivo_incumbente': 901690.0, 'tempo_gasto_s': 0.71, 'tempo_solver_s': 0.41, 'tempo_limite_subproblema_s': 600.0, 'curso': 'MAT', 'ordem_cursos': 'alfabetica', 'seed_ordem_cursos': None, 'posicao_ordem_curso': 11}, {'ciclo': 1, 'passada': 1, 'iteracao': 12, 'vizinhanca': 'curso', 'recurso': 'MED', 'disciplinas_livres': 41, 'variaveis_x_livres': 9384, 'variaveis_x_fixadas': 85606, 'status_solver': 'TIME_LIMIT', 'objetivo_anterior': 901690.0, 'objetivo_candidato': 631440.0, 'melhorou': True, 'objetivo_incumbente': 631440.0, 'tempo_gasto_s': 600.38, 'tempo_solver_s': 600.05, 'tempo_limite_subproblema_s': 600.0, 'curso': 'MED', 'ordem_cursos': 'alfabetica', 'seed_ordem_cursos': None, 'posicao_ordem_curso': 12}, {'ciclo': 1, 'passada': 1, 'iteracao': 13, 'vizinhanca': 'curso', 'recurso': 'PED', 'disciplinas_livres': 56, 'variaveis_x_livres': 12788, 'variaveis_x_fixadas': 82202, 'status_solver': 'TIME_LIMIT', 'objetivo_anterior': 631440.0, 'objetivo_candidato': 219996.0, 'melhorou': True, 'objetivo_incumbente': 219996.0, 'tempo_gasto_s': 600.42, 'tempo_solver_s': 600.04, 'tempo_limite_subproblema_s': 600.0, 'curso': 'PED', 'ordem_cursos': 'alfabetica', 'seed_ordem_cursos': None, 'posicao_ordem_curso': 13}, {'ciclo': 1, 'passada': 2, 'iteracao': 1, 'vizinhanca': 'curso', 'recurso': 'ADM', 'disciplinas_livres': 48, 'variaveis_x_livres': 9292, 'variaveis_x_fixadas': 85698, 'status_solver': 'OPTIMAL', 'objetivo_anterior': 219996.0, 'objetivo_candidato': 219981.0, 'melhorou': True, 'objetivo_incumbente': 219981.0, 'tempo_gasto_s': 0.98, 'tempo_solver_s': 0.63, 'tempo_limite_subproblema_s': 600.0, 'curso': 'ADM', 'ordem_cursos': 'alfabetica', 'seed_ordem_cursos': None, 'posicao_ordem_curso': 1}, {'ciclo': 1, 'passada': 2, 'iteracao': 2, 'vizinhanca': 'curso', 'recurso': 'AGRO', 'disciplinas_livres': 51, 'variaveis_x_livres': 8740, 'variaveis_x_fixadas': 86250, 'status_solver': 'OPTIMAL', 'objetivo_anterior': 219981.0, 'objetivo_candidato': 219966.0, 'melhorou': True, 'objetivo_incumbente': 219966.0, 'tempo_gasto_s': 0.89, 'tempo_solver_s': 0.54, 'tempo_limite_subproblema_s': 600.0, 'curso': 'AGRO', 'ordem_cursos': 'alfabetica', 'seed_ordem_cursos': None, 'posicao_ordem_curso': 2}, {'ciclo': 1, 'passada': 2, 'iteracao': 3, 'vizinhanca': 'curso', 'recurso': 'CC', 'disciplinas_livres': 47, 'variaveis_x_livres': 10534, 'variaveis_x_fixadas': 84456, 'status_solver': 'OPTIMAL', 'objetivo_anterior': 219966.0, 'objetivo_candidato': 219966.0, 'melhorou': False, 'objetivo_incumbente': 219966.0, 'tempo_gasto_s': 1.75, 'tempo_solver_s': 1.43, 'tempo_limite_subproblema_s': 600.0, 'curso': 'CC', 'ordem_cursos': 'alfabetica', 'seed_ordem_cursos': None, 'posicao_ordem_curso': 3}, {'ciclo': 1, 'passada': 2, 'iteracao': 4, 'vizinhanca': 'curso', 'recurso': 'CS', 'disciplinas_livres': 22, 'variaveis_x_livres': 4554, 'variaveis_x_fixadas': 90436, 'status_solver': 'OPTIMAL', 'objetivo_anterior': 219966.0, 'objetivo_candidato': 219931.0, 'melhorou': True, 'objetivo_incumbente': 219931.0, 'tempo_gasto_s': 0.67, 'tempo_solver_s': 0.33, 'tempo_limite_subproblema_s': 600.0, 'curso': 'CS', 'ordem_cursos': 'alfabetica', 'seed_ordem_cursos': None, 'posicao_ordem_curso': 4}, {'ciclo': 1, 'passada': 2, 'iteracao': 5, 'vizinhanca': 'curso', 'recurso': 'EAS', 'disciplinas_livres': 45, 'variaveis_x_livres': 7452, 'variaveis_x_fixadas': 87538, 'status_solver': 'OPTIMAL', 'objetivo_anterior': 219931.0, 'objetivo_candidato': 218136.0, 'melhorou': True, 'objetivo_incumbente': 218136.0, 'tempo_gasto_s': 0.79, 'tempo_solver_s': 0.45, 'tempo_limite_subproblema_s': 600.0, 'curso': 'EAS', 'ordem_cursos': 'alfabetica', 'seed_ordem_cursos': None, 'posicao_ordem_curso': 5}, {'ciclo': 1, 'passada': 2, 'iteracao': 6, 'vizinhanca': 'curso', 'recurso': 'ENF', 'disciplinas_livres': 18, 'variaveis_x_livres': 8510, 'variaveis_x_fixadas': 86480, 'status_solver': 'OPTIMAL', 'objetivo_anterior': 218136.0, 'objetivo_candidato': 218136.0, 'melhorou': False, 'objetivo_incumbente': 218136.0, 'tempo_gasto_s': 1.17, 'tempo_solver_s': 0.85, 'tempo_limite_subproblema_s': 600.0, 'curso': 'ENF', 'ordem_cursos': 'alfabetica', 'seed_ordem_cursos': None, 'posicao_ordem_curso': 6}, {'ciclo': 1, 'passada': 2, 'iteracao': 7, 'vizinhanca': 'curso', 'recurso': 'FIL', 'disciplinas_livres': 15, 'variaveis_x_livres': 2760, 'variaveis_x_fixadas': 92230, 'status_solver': 'OPTIMAL', 'objetivo_anterior': 218136.0, 'objetivo_candidato': 218136.0, 'melhorou': False, 'objetivo_incumbente': 218136.0, 'tempo_gasto_s': 0.61, 'tempo_solver_s': 0.27, 'tempo_limite_subproblema_s': 600.0, 'curso': 'FIL', 'ordem_cursos': 'alfabetica', 'seed_ordem_cursos': None, 'posicao_ordem_curso': 7}, {'ciclo': 1, 'passada': 2, 'iteracao': 8, 'vizinhanca': 'curso', 'recurso': 'GEO', 'disciplinas_livres': 10, 'variaveis_x_livres': 2070, 'variaveis_x_fixadas': 92920, 'status_solver': 'OPTIMAL', 'objetivo_anterior': 218136.0, 'objetivo_candidato': 218136.0, 'melhorou': False, 'objetivo_incumbente': 218136.0, 'tempo_gasto_s': 0.61, 'tempo_solver_s': 0.28, 'tempo_limite_subproblema_s': 600.0, 'curso': 'GEO', 'ordem_cursos': 'alfabetica', 'seed_ordem_cursos': None, 'posicao_ordem_curso': 8}, {'ciclo': 1, 'passada': 2, 'iteracao': 9, 'vizinhanca': 'curso', 'recurso': 'HIS', 'disciplinas_livres': 24, 'variaveis_x_livres': 4784, 'variaveis_x_fixadas': 90206, 'status_solver': 'OPTIMAL', 'objetivo_anterior': 218136.0, 'objetivo_candidato': 218131.0, 'melhorou': True, 'objetivo_incumbente': 218131.0, 'tempo_gasto_s': 0.69, 'tempo_solver_s': 0.36, 'tempo_limite_subproblema_s': 600.0, 'curso': 'HIS', 'ordem_cursos': 'alfabetica', 'seed_ordem_cursos': None, 'posicao_ordem_curso': 9}, {'ciclo': 1, 'passada': 2, 'iteracao': 10, 'vizinhanca': 'curso', 'recurso': 'LET', 'disciplinas_livres': 36, 'variaveis_x_livres': 9154, 'variaveis_x_fixadas': 85836, 'status_solver': 'OPTIMAL', 'objetivo_anterior': 218131.0, 'objetivo_candidato': 218116.0, 'melhorou': True, 'objetivo_incumbente': 218116.0, 'tempo_gasto_s': 2.68, 'tempo_solver_s': 2.35, 'tempo_limite_subproblema_s': 600.0, 'curso': 'LET', 'ordem_cursos': 'alfabetica', 'seed_ordem_cursos': None, 'posicao_ordem_curso': 10}, {'ciclo': 1, 'passada': 2, 'iteracao': 11, 'vizinhanca': 'curso', 'recurso': 'MAT', 'disciplinas_livres': 23, 'variaveis_x_livres': 4968, 'variaveis_x_fixadas': 90022, 'status_solver': 'OPTIMAL', 'objetivo_anterior': 218116.0, 'objetivo_candidato': 217411.0, 'melhorou': True, 'objetivo_incumbente': 217411.0, 'tempo_gasto_s': 0.76, 'tempo_solver_s': 0.41, 'tempo_limite_subproblema_s': 600.0, 'curso': 'MAT', 'ordem_cursos': 'alfabetica', 'seed_ordem_cursos': None, 'posicao_ordem_curso': 11}, {'ciclo': 1, 'passada': 2, 'iteracao': 12, 'vizinhanca': 'curso', 'recurso': 'MED', 'disciplinas_livres': 41, 'variaveis_x_livres': 9384, 'variaveis_x_fixadas': 85606, 'status_solver': 'TIME_LIMIT', 'objetivo_anterior': 217411.0, 'objetivo_candidato': 217195.5, 'melhorou': True, 'objetivo_incumbente': 217195.5, 'tempo_gasto_s': 600.48, 'tempo_solver_s': 600.09, 'tempo_limite_subproblema_s': 600.0, 'curso': 'MED', 'ordem_cursos': 'alfabetica', 'seed_ordem_cursos': None, 'posicao_ordem_curso': 12}, {'ciclo': 1, 'passada': 2, 'iteracao': 13, 'vizinhanca': 'curso', 'recurso': 'PED', 'disciplinas_livres': 56, 'variaveis_x_livres': 12788, 'variaveis_x_fixadas': 82202, 'status_solver': 'TIME_LIMIT', 'objetivo_anterior': 217195.5, 'objetivo_candidato': 217095.5, 'melhorou': True, 'objetivo_incumbente': 217095.5, 'tempo_gasto_s': 600.43, 'tempo_solver_s': 600.04, 'tempo_limite_subproblema_s': 600.0, 'curso': 'PED', 'ordem_cursos': 'alfabetica', 'seed_ordem_cursos': None, 'posicao_ordem_curso': 13}, {'ciclo': 1, 'passada': 3, 'iteracao': 1, 'vizinhanca': 'curso', 'recurso': 'ADM', 'disciplinas_livres': 48, 'variaveis_x_livres': 9292, 'variaveis_x_fixadas': 85698, 'status_solver': 'OPTIMAL', 'objetivo_anterior': 217095.5, 'objetivo_candidato': 217095.5, 'melhorou': False, 'objetivo_incumbente': 217095.5, 'tempo_gasto_s': 0.91, 'tempo_solver_s': 0.55, 'tempo_limite_subproblema_s': 600.0, 'curso': 'ADM', 'ordem_cursos': 'alfabetica', 'seed_ordem_cursos': None, 'posicao_ordem_curso': 1}, {'ciclo': 1, 'passada': 3, 'iteracao': 2, 'vizinhanca': 'curso', 'recurso': 'AGRO', 'disciplinas_livres': 51, 'variaveis_x_livres': 8740, 'variaveis_x_fixadas': 86250, 'status_solver': 'OPTIMAL', 'objetivo_anterior': 217095.5, 'objetivo_candidato': 217095.5, 'melhorou': False, 'objetivo_incumbente': 217095.5, 'tempo_gasto_s': 0.75, 'tempo_solver_s': 0.42, 'tempo_limite_subproblema_s': 600.0, 'curso': 'AGRO', 'ordem_cursos': 'alfabetica', 'seed_ordem_cursos': None, 'posicao_ordem_curso': 2}, {'ciclo': 1, 'passada': 3, 'iteracao': 3, 'vizinhanca': 'curso', 'recurso': 'CC', 'disciplinas_livres': 47, 'variaveis_x_livres': 10534, 'variaveis_x_fixadas': 84456, 'status_solver': 'OPTIMAL', 'objetivo_anterior': 217095.5, 'objetivo_candidato': 217095.5, 'melhorou': False, 'objetivo_incumbente': 217095.5, 'tempo_gasto_s': 1.8, 'tempo_solver_s': 1.49, 'tempo_limite_subproblema_s': 600.0, 'curso': 'CC', 'ordem_cursos': 'alfabetica', 'seed_ordem_cursos': None, 'posicao_ordem_curso': 3}, {'ciclo': 1, 'passada': 3, 'iteracao': 4, 'vizinhanca': 'curso', 'recurso': 'CS', 'disciplinas_livres': 22, 'variaveis_x_livres': 4554, 'variaveis_x_fixadas': 90436, 'status_solver': 'OPTIMAL', 'objetivo_anterior': 217095.5, 'objetivo_candidato': 217095.5, 'melhorou': False, 'objetivo_incumbente': 217095.5, 'tempo_gasto_s': 0.66, 'tempo_solver_s': 0.33, 'tempo_limite_subproblema_s': 600.0, 'curso': 'CS', 'ordem_cursos': 'alfabetica', 'seed_ordem_cursos': None, 'posicao_ordem_curso': 4}, {'ciclo': 1, 'passada': 3, 'iteracao': 5, 'vizinhanca': 'curso', 'recurso': 'EAS', 'disciplinas_livres': 45, 'variaveis_x_livres': 7452, 'variaveis_x_fixadas': 87538, 'status_solver': 'OPTIMAL', 'objetivo_anterior': 217095.5, 'objetivo_candidato': 217070.5, 'melhorou': True, 'objetivo_incumbente': 217070.5, 'tempo_gasto_s': 0.76, 'tempo_solver_s': 0.43, 'tempo_limite_subproblema_s': 600.0, 'curso': 'EAS', 'ordem_cursos': 'alfabetica', 'seed_ordem_cursos': None, 'posicao_ordem_curso': 5}, {'ciclo': 1, 'passada': 3, 'iteracao': 6, 'vizinhanca': 'curso', 'recurso': 'ENF', 'disciplinas_livres': 18, 'variaveis_x_livres': 8510, 'variaveis_x_fixadas': 86480, 'status_solver': 'OPTIMAL', 'objetivo_anterior': 217070.5, 'objetivo_candidato': 217070.5, 'melhorou': False, 'objetivo_incumbente': 217070.5, 'tempo_gasto_s': 1.35, 'tempo_solver_s': 1.03, 'tempo_limite_subproblema_s': 600.0, 'curso': 'ENF', 'ordem_cursos': 'alfabetica', 'seed_ordem_cursos': None, 'posicao_ordem_curso': 6}, {'ciclo': 1, 'passada': 3, 'iteracao': 7, 'vizinhanca': 'curso', 'recurso': 'FIL', 'disciplinas_livres': 15, 'variaveis_x_livres': 2760, 'variaveis_x_fixadas': 92230, 'status_solver': 'OPTIMAL', 'objetivo_anterior': 217070.5, 'objetivo_candidato': 217070.5, 'melhorou': False, 'objetivo_incumbente': 217070.5, 'tempo_gasto_s': 0.61, 'tempo_solver_s': 0.28, 'tempo_limite_subproblema_s': 600.0, 'curso': 'FIL', 'ordem_cursos': 'alfabetica', 'seed_ordem_cursos': None, 'posicao_ordem_curso': 7}, {'ciclo': 1, 'passada': 3, 'iteracao': 8, 'vizinhanca': 'curso', 'recurso': 'GEO', 'disciplinas_livres': 10, 'variaveis_x_livres': 2070, 'variaveis_x_fixadas': 92920, 'status_solver': 'OPTIMAL', 'objetivo_anterior': 217070.5, 'objetivo_candidato': 217070.5, 'melhorou': False, 'objetivo_incumbente': 217070.5, 'tempo_gasto_s': 0.58, 'tempo_solver_s': 0.26, 'tempo_limite_subproblema_s': 600.0, 'curso': 'GEO', 'ordem_cursos': 'alfabetica', 'seed_ordem_cursos': None, 'posicao_ordem_curso': 8}, {'ciclo': 1, 'passada': 3, 'iteracao': 9, 'vizinhanca': 'curso', 'recurso': 'HIS', 'disciplinas_livres': 24, 'variaveis_x_livres': 4784, 'variaveis_x_fixadas': 90206, 'status_solver': 'OPTIMAL', 'objetivo_anterior': 217070.5, 'objetivo_candidato': 217070.5, 'melhorou': False, 'objetivo_incumbente': 217070.5, 'tempo_gasto_s': 0.69, 'tempo_solver_s': 0.37, 'tempo_limite_subproblema_s': 600.0, 'curso': 'HIS', 'ordem_cursos': 'alfabetica', 'seed_ordem_cursos': None, 'posicao_ordem_curso': 9}, {'ciclo': 1, 'passada': 3, 'iteracao': 10, 'vizinhanca': 'curso', 'recurso': 'LET', 'disciplinas_livres': 36, 'variaveis_x_livres': 9154, 'variaveis_x_fixadas': 85836, 'status_solver': 'OPTIMAL', 'objetivo_anterior': 217070.5, 'objetivo_candidato': 217070.5, 'melhorou': False, 'objetivo_incumbente': 217070.5, 'tempo_gasto_s': 3.09, 'tempo_solver_s': 2.76, 'tempo_limite_subproblema_s': 600.0, 'curso': 'LET', 'ordem_cursos': 'alfabetica', 'seed_ordem_cursos': None, 'posicao_ordem_curso': 10}, {'ciclo': 1, 'passada': 3, 'iteracao': 11, 'vizinhanca': 'curso', 'recurso': 'MAT', 'disciplinas_livres': 23, 'variaveis_x_livres': 4968, 'variaveis_x_fixadas': 90022, 'status_solver': 'OPTIMAL', 'objetivo_anterior': 217070.5, 'objetivo_candidato': 217065.5, 'melhorou': True, 'objetivo_incumbente': 217065.5, 'tempo_gasto_s': 0.7, 'tempo_solver_s': 0.36, 'tempo_limite_subproblema_s': 600.0, 'curso': 'MAT', 'ordem_cursos': 'alfabetica', 'seed_ordem_cursos': None, 'posicao_ordem_curso': 11}, {'ciclo': 1, 'passada': 3, 'iteracao': 12, 'vizinhanca': 'curso', 'recurso': 'MED', 'disciplinas_livres': 41, 'variaveis_x_livres': 9384, 'variaveis_x_fixadas': 85606, 'status_solver': 'OPTIMAL', 'objetivo_anterior': 217065.5, 'objetivo_candidato': 217047.0, 'melhorou': True, 'objetivo_incumbente': 217047.0, 'tempo_gasto_s': 502.13, 'tempo_solver_s': 501.8, 'tempo_limite_subproblema_s': 600.0, 'curso': 'MED', 'ordem_cursos': 'alfabetica', 'seed_ordem_cursos': None, 'posicao_ordem_curso': 12}, {'ciclo': 1, 'passada': 3, 'iteracao': 13, 'vizinhanca': 'curso', 'recurso': 'PED', 'disciplinas_livres': 56, 'variaveis_x_livres': 12788, 'variaveis_x_fixadas': 82202, 'status_solver': 'TIME_LIMIT', 'objetivo_anterior': 217047.0, 'objetivo_candidato': 217047.0, 'melhorou': False, 'objetivo_incumbente': 217047.0, 'tempo_gasto_s': 600.4, 'tempo_solver_s': 600.05, 'tempo_limite_subproblema_s': 600.0, 'curso': 'PED', 'ordem_cursos': 'alfabetica', 'seed_ordem_cursos': None, 'posicao_ordem_curso': 13}, {'ciclo': 1, 'passada': 4, 'iteracao': 1, 'vizinhanca': 'curso', 'recurso': 'ADM', 'disciplinas_livres': 48, 'variaveis_x_livres': 9292, 'variaveis_x_fixadas': 85698, 'status_solver': 'OPTIMAL', 'objetivo_anterior': 217047.0, 'objetivo_candidato': 217047.0, 'melhorou': False, 'objetivo_incumbente': 217047.0, 'tempo_gasto_s': 0.91, 'tempo_solver_s': 0.54, 'tempo_limite_subproblema_s': 600.0, 'curso': 'ADM', 'ordem_cursos': 'alfabetica', 'seed_ordem_cursos': None, 'posicao_ordem_curso': 1}, {'ciclo': 1, 'passada': 4, 'iteracao': 2, 'vizinhanca': 'curso', 'recurso': 'AGRO', 'disciplinas_livres': 51, 'variaveis_x_livres': 8740, 'variaveis_x_fixadas': 86250, 'status_solver': 'OPTIMAL', 'objetivo_anterior': 217047.0, 'objetivo_candidato': 217047.0, 'melhorou': False, 'objetivo_incumbente': 217047.0, 'tempo_gasto_s': 0.77, 'tempo_solver_s': 0.43, 'tempo_limite_subproblema_s': 600.0, 'curso': 'AGRO', 'ordem_cursos': 'alfabetica', 'seed_ordem_cursos': None, 'posicao_ordem_curso': 2}, {'ciclo': 1, 'passada': 4, 'iteracao': 3, 'vizinhanca': 'curso', 'recurso': 'CC', 'disciplinas_livres': 47, 'variaveis_x_livres': 10534, 'variaveis_x_fixadas': 84456, 'status_solver': 'OPTIMAL', 'objetivo_anterior': 217047.0, 'objetivo_candidato': 217047.0, 'melhorou': False, 'objetivo_incumbente': 217047.0, 'tempo_gasto_s': 1.71, 'tempo_solver_s': 1.39, 'tempo_limite_subproblema_s': 600.0, 'curso': 'CC', 'ordem_cursos': 'alfabetica', 'seed_ordem_cursos': None, 'posicao_ordem_curso': 3}, {'ciclo': 1, 'passada': 4, 'iteracao': 4, 'vizinhanca': 'curso', 'recurso': 'CS', 'disciplinas_livres': 22, 'variaveis_x_livres': 4554, 'variaveis_x_fixadas': 90436, 'status_solver': 'OPTIMAL', 'objetivo_anterior': 217047.0, 'objetivo_candidato': 217047.0, 'melhorou': False, 'objetivo_incumbente': 217047.0, 'tempo_gasto_s': 0.65, 'tempo_solver_s': 0.33, 'tempo_limite_subproblema_s': 600.0, 'curso': 'CS', 'ordem_cursos': 'alfabetica', 'seed_ordem_cursos': None, 'posicao_ordem_curso': 4}, {'ciclo': 1, 'passada': 4, 'iteracao': 5, 'vizinhanca': 'curso', 'recurso': 'EAS', 'disciplinas_livres': 45, 'variaveis_x_livres': 7452, 'variaveis_x_fixadas': 87538, 'status_solver': 'OPTIMAL', 'objetivo_anterior': 217047.0, 'objetivo_candidato': 217047.0, 'melhorou': False, 'objetivo_incumbente': 217047.0, 'tempo_gasto_s': 0.68, 'tempo_solver_s': 0.36, 'tempo_limite_subproblema_s': 600.0, 'curso': 'EAS', 'ordem_cursos': 'alfabetica', 'seed_ordem_cursos': None, 'posicao_ordem_curso': 5}, {'ciclo': 1, 'passada': 4, 'iteracao': 6, 'vizinhanca': 'curso', 'recurso': 'ENF', 'disciplinas_livres': 18, 'variaveis_x_livres': 8510, 'variaveis_x_fixadas': 86480, 'status_solver': 'OPTIMAL', 'objetivo_anterior': 217047.0, 'objetivo_candidato': 217047.0, 'melhorou': False, 'objetivo_incumbente': 217047.0, 'tempo_gasto_s': 1.37, 'tempo_solver_s': 1.05, 'tempo_limite_subproblema_s': 600.0, 'curso': 'ENF', 'ordem_cursos': 'alfabetica', 'seed_ordem_cursos': None, 'posicao_ordem_curso': 6}, {'ciclo': 1, 'passada': 4, 'iteracao': 7, 'vizinhanca': 'curso', 'recurso': 'FIL', 'disciplinas_livres': 15, 'variaveis_x_livres': 2760, 'variaveis_x_fixadas': 92230, 'status_solver': 'OPTIMAL', 'objetivo_anterior': 217047.0, 'objetivo_candidato': 217047.0, 'melhorou': False, 'objetivo_incumbente': 217047.0, 'tempo_gasto_s': 0.6, 'tempo_solver_s': 0.27, 'tempo_limite_subproblema_s': 600.0, 'curso': 'FIL', 'ordem_cursos': 'alfabetica', 'seed_ordem_cursos': None, 'posicao_ordem_curso': 7}, {'ciclo': 1, 'passada': 4, 'iteracao': 8, 'vizinhanca': 'curso', 'recurso': 'GEO', 'disciplinas_livres': 10, 'variaveis_x_livres': 2070, 'variaveis_x_fixadas': 92920, 'status_solver': 'OPTIMAL', 'objetivo_anterior': 217047.0, 'objetivo_candidato': 217047.0, 'melhorou': False, 'objetivo_incumbente': 217047.0, 'tempo_gasto_s': 0.62, 'tempo_solver_s': 0.3, 'tempo_limite_subproblema_s': 600.0, 'curso': 'GEO', 'ordem_cursos': 'alfabetica', 'seed_ordem_cursos': None, 'posicao_ordem_curso': 8}, {'ciclo': 1, 'passada': 4, 'iteracao': 9, 'vizinhanca': 'curso', 'recurso': 'HIS', 'disciplinas_livres': 24, 'variaveis_x_livres': 4784, 'variaveis_x_fixadas': 90206, 'status_solver': 'OPTIMAL', 'objetivo_anterior': 217047.0, 'objetivo_candidato': 217047.0, 'melhorou': False, 'objetivo_incumbente': 217047.0, 'tempo_gasto_s': 0.66, 'tempo_solver_s': 0.34, 'tempo_limite_subproblema_s': 600.0, 'curso': 'HIS', 'ordem_cursos': 'alfabetica', 'seed_ordem_cursos': None, 'posicao_ordem_curso': 9}, {'ciclo': 1, 'passada': 4, 'iteracao': 10, 'vizinhanca': 'curso', 'recurso': 'LET', 'disciplinas_livres': 36, 'variaveis_x_livres': 9154, 'variaveis_x_fixadas': 85836, 'status_solver': 'OPTIMAL', 'objetivo_anterior': 217047.0, 'objetivo_candidato': 217047.0, 'melhorou': False, 'objetivo_incumbente': 217047.0, 'tempo_gasto_s': 4.35, 'tempo_solver_s': 4.0, 'tempo_limite_subproblema_s': 600.0, 'curso': 'LET', 'ordem_cursos': 'alfabetica', 'seed_ordem_cursos': None, 'posicao_ordem_curso': 10}, {'ciclo': 1, 'passada': 4, 'iteracao': 11, 'vizinhanca': 'curso', 'recurso': 'MAT', 'disciplinas_livres': 23, 'variaveis_x_livres': 4968, 'variaveis_x_fixadas': 90022, 'status_solver': 'OPTIMAL', 'objetivo_anterior': 217047.0, 'objetivo_candidato': 217047.0, 'melhorou': False, 'objetivo_incumbente': 217047.0, 'tempo_gasto_s': 0.67, 'tempo_solver_s': 0.32, 'tempo_limite_subproblema_s': 600.0, 'curso': 'MAT', 'ordem_cursos': 'alfabetica', 'seed_ordem_cursos': None, 'posicao_ordem_curso': 11}, {'ciclo': 1, 'passada': 4, 'iteracao': 12, 'vizinhanca': 'curso', 'recurso': 'MED', 'disciplinas_livres': 41, 'variaveis_x_livres': 9384, 'variaveis_x_fixadas': 85606, 'status_solver': 'OPTIMAL', 'objetivo_anterior': 217047.0, 'objetivo_candidato': 217047.0, 'melhorou': False, 'objetivo_incumbente': 217047.0, 'tempo_gasto_s': 545.48, 'tempo_solver_s': 545.16, 'tempo_limite_subproblema_s': 600.0, 'curso': 'MED', 'ordem_cursos': 'alfabetica', 'seed_ordem_cursos': None, 'posicao_ordem_curso': 12}, {'ciclo': 1, 'passada': 4, 'iteracao': 13, 'vizinhanca': 'curso', 'recurso': 'PED', 'disciplinas_livres': 56, 'variaveis_x_livres': 12788, 'variaveis_x_fixadas': 82202, 'status_solver': 'TIME_LIMIT', 'objetivo_anterior': 217047.0, 'objetivo_candidato': 217047.0, 'melhorou': False, 'objetivo_incumbente': 217047.0, 'tempo_gasto_s': 600.41, 'tempo_solver_s': 600.06, 'tempo_limite_subproblema_s': 600.0, 'curso': 'PED', 'ordem_cursos': 'alfabetica', 'seed_ordem_cursos': None, 'posicao_ordem_curso': 13}]}
