Agrupamento!
Curso:  ADMINISTRAÇÃO
Disciplina 1: GCS528_1 | ('2M2345 (04/03/2024 - 29/04/2024)',)
Disciplina 2: GCH087_1 | ('2M2345 (06/05/2024 - 01/07/2024)',)
Agrupamento!
Curso:  ENFERMAGEM
Disciplina 1: GCH090_1 | ('3T1234 (06/05/2024 - 06/07/2024)',)
Disciplina 2: GSA020_1 | ('3T1234 (04/03/2024 - 04/05/2024)',)
Agrupamento!
Curso:  ENGENHARIA AMBIENTAL E SANITÁRIA
Disciplina 1: GEN108_1 | ('2T345 (04/03/2024 - 11/05/2024),  2T345 6T45 (13/05/2024 - 06/07/2024),  2T34 (08/07/2024 - 13/07/2024)',)
Disciplina 2: GEN107_1 | ('5T123 6T45 (04/03/2024 - 11/05/2024),  5T123 (13/05/2024 - 13/07/2024)',)
Agrupamento!
Curso:  LETRAS - PORTUGUÊS E ESPANHOL
Disciplina 1: GLA369_1 | ('2N1234 (15/04/2024 - 15/06/2024),  2T12  2N1234 (17/06/2024 - 22/06/2024)',)
Disciplina 2: GCH837_2 | ('2T12345  2N1234 (04/03/2024 - 13/04/2024),  2T12345 (15/04/2024 - 04/05/2024),  2T12345 (27/05/2024 - 08/06/2024),  2T12345 (10/06/2024 - 15/06/2024),  2N1234 (24/06/2024 - 13/07/2024)',)
Agrupamento!
Curso:  LETRAS - PORTUGUÊS E ESPANHOL
Disciplina 1: GLA381_1 | ('4N1234 (08/04/2024 - 11/05/2024),  4T1234  4N1234 (13/05/2024 - 25/05/2024),  4N1234 (27/05/2024 - 13/07/2024)',)
Disciplina 2: GLA379_1 | ('4N1234 (04/03/2024 - 06/04/2024),   2N1234 (08/04/2024 - 13/04/2024),  2N1234 (29/04/2024 - 11/05/2024), 2N1234 (24/06/2024 - 24/06/2024)',)
Agrupamento!
Curso:  LETRAS - PORTUGUÊS E ESPANHOL
Disciplina 1: GLA380_1 | ('6N1234 (20/05/2024 - 01/06/2024),  6T1234  6N1234 (03/06/2024 - 08/06/2024),  6N1234 (10/06/2024 - 13/07/2024)',)
Disciplina 2: GLA384_1 | ('6T12  6N1234 (04/03/2024 - 09/03/2024),  6N1234 (11/03/2024 - 18/05/2024)',)
Agrupamento!
Curso:  LETRAS - PORTUGUÊS E ESPANHOL
Disciplina 1: GLA383_1 | ('2N1234 (04/03/2024 - 06/04/2024),  2N1234 (15/04/2024 - 27/04/2024),  2N1234 (13/05/2024 - 22/06/2024),  2N1234 (01/07/2024 - 13/07/2024)',)
Disciplina 2: GLA379_1 | ('4N1234 (04/03/2024 - 06/04/2024),   2N1234 (08/04/2024 - 13/04/2024),  2N1234 (29/04/2024 - 11/05/2024), 2N1234 (24/06/2024 - 24/06/2024)',)
Agrupamento!
Curso:  LETRAS - PORTUGUÊS E ESPANHOL
Disciplina 1: GLA386_1 | ('3N1234 (29/04/2024 - 06/07/2024),  3N12 (08/07/2024 - 13/07/2024)',)
Disciplina 2: GLA385_1 | ('3T12345  3N1234 (04/03/2024 - 16/03/2024),  3N1234 (18/03/2024 - 27/04/2024)',)
Agrupamento!
Curso:  LETRAS - PORTUGUÊS E ESPANHOL
Disciplina 1: GLA395_1 | ('2T1234  2N1234 (04/03/2024 - 23/03/2024),  2T1234 (25/03/2024 - 30/03/2024),  2N1234 (01/07/2024 - 13/07/2024)',)
Disciplina 2: GLA397_1 | ('2N1234 (25/03/2024 - 01/06/2024),  2N12 (03/06/2024 - 08/06/2024)',)
Agrupamento!
Curso:  MATEMÁTICA
Disciplina 1: GEX983_1 | ('6N1234 (04/03/2024 - 26/04/2024),  6N12 (03/05/2024 - 03/05/2024)',)
Disciplina 2: GEX980_1 | ('6N1234 (17/05/2024 - 24/05/2024),  6N1234 (07/06/2024 - 05/07/2024),  6N12 (12/07/2024 - 12/07/2024)',)
Agrupamento!
Curso:  MATEMÁTICA
Disciplina 1: GEX989_1 | ('4N1234 (13/03/2024 - 13/03/2024),  4N1234 (10/04/2024 - 10/04/2024),  4N1234 (08/05/2024 - 08/05/2024),  4N1234 (22/05/2024 - 22/05/2024),  4N1234 (12/06/2024 - 12/06/2024),  2N1234 (17/06/2024 - 17/06/2024),  24N1234 (24/06/2024 - 26/06/2024),  2N1234 (01/07/2024 - 01/07/2024)',)
Disciplina 2: GEX988_1 | ('2N1234 (04/03/2024 - 10/06/2024)',)
Agrupamento!
Curso:  MATEMÁTICA
Disciplina 1: GEX996_1 | ('2N1234 (04/03/2024 - 04/03/2024),  2N1234 (18/03/2024 - 18/03/2024),  2N1234 (01/04/2024 - 01/04/2024),  2N1234 (15/04/2024 - 15/04/2024),  2N1234 (29/04/2024 - 29/04/2024),  2N1234 (13/05/2024 - 13/05/2024),  2N1234 (27/05/2024 - 27/05/2024),  2N1234 (10/06/2024 - 10/06/2024),  2N1234 (24/06/2024 - 24/06/2024)',)
Disciplina 2: GEX995_1 | ('2N1234 (11/03/2024 - 11/03/2024),  2T2345  2N1234 (25/03/2024 - 25/03/2024),  2T2345 (01/04/2024 - 01/04/2024),  2T2345  2N1234 (08/04/2024 - 08/04/2024),  2T2345 (15/04/2024 - 15/04/2024),  2T2345  2N1234 (22/04/2024 - 22/04/2024),  2T2345 (29/04/2024 - 29/04/2024),  2T2345  2N1234 (06/05/2024 - 06/05/2024),  2T2345 (13/05/2024 - 13/05/2024),  2T2345  2N1234 (20/05/2024 - 20/05/2024),  2T2345 (27/05/2024 - 27/05/2024),  2T2345  2N1234 (03/06/2024 - 03/06/2024),  2T2345 (10/06/2024 - 10/06/2024),  2T2345  2N1234 (17/06/2024 - 17/06/2024),  2T2345 (24/06/2024 - 24/06/2024),  2N12 (01/07/2024 - 01/07/2024)',)
Agrupamento!
Curso:  MEDICINA
Disciplina 1: GSA286_1 | ('4T1234 (06/03/2024 - 06/03/2024),  4T1234 (20/03/2024 - 20/03/2024),  4T1234 (03/04/2024 - 03/04/2024),  4T1234 (17/04/2024 - 17/04/2024),  4T1234 (08/05/2024 - 08/05/2024),  4T1234 (22/05/2024 - 22/05/2024),  4T1234 (29/05/2024 - 29/05/2024),  4T1234 (12/06/2024 - 12/06/2024),  4T1234 (26/06/2024 - 26/06/2024)',)
Disciplina 2: GSA285_1 | ('4T12345 (05/06/2024 - 05/06/2024),  4T12345 (19/06/2024 - 19/06/2024),  4T12345 (03/07/2024 - 03/07/2024),  4T123 (10/07/2024 - 10/07/2024)',)
Agrupamento!
Curso:  PEDAGOGIA
Disciplina 1: GCH1036_1 | ('5M1234 (28/03/2024 - 28/03/2024), 5M1234 (02/05/2024 - 02/05/2024), 5M1234 (06/06/2024 - 06/06/2024), 5M1234 (20/06/2024 - 20/06/2024), 5M12 (27/06/2024 - 27/06/2024)',)
Disciplina 2: GCH1100_1 | ('5M1234 (04/03/2024 - 21/03/2024), 5M1234 (04/04/2024 - 25/04/2024), 5M1234 (09/05/2024 - 09/05/2024), 5M1234 (16/05/2024 - 16/05/2024)',)
Agrupamento!
Curso:  PEDAGOGIA
Disciplina 1: GCH1039_1 | ('4N1234 (27/03/2024 - 27/03/2024),  4N1234 (08/05/2024 - 08/05/2024),  4N1234 (27/05/2024 - 08/06/2024),  4N12 (12/06/2024 - 12/06/2024)',)
Disciplina 2: GCH1038_1 | ('4N1234 (04/03/2024 - 23/03/2024),  4N1234 (01/04/2024 - 27/04/2024),  4N1234 (13/05/2024 - 25/05/2024)',)
Agrupamento!
Curso:  PEDAGOGIA
Disciplina 1: GCH1099_1 | ('6M1234 (04/03/2024 - 23/03/2024), 6M1234 (08/04/2024 - 04/05/2024), 6M1234 (13/05/2024 - 01/06/2024), 6M1234 (14/06/2024 - 14/06/2024), 6M34 (28/06/2024 - 28/06/2024), 6M1234 (01/07/2024 - 13/07/2024)',)
Disciplina 2: GCH1088_1 | ('6M1234 (01/04/2024 - 06/04/2024), 6M1234 (06/05/2024 - 11/05/2024), 6M1234 (03/06/2024 - 08/06/2024), 6M1234 (17/06/2024 - 22/06/2024), 6M12 (24/06/2024 - 29/06/2024)',)
Agrupamento!
Curso:  PEDAGOGIA
Disciplina 1: GCH1105_1 | ('3N1234 (04/03/2024 - 30/03/2024), 7M123456  3N1234 (01/07/2024 - 13/07/2024)',)
Disciplina 2: GCH1104_1 | ('3N1234 (01/04/2024 - 27/04/2024),  3N1234 (06/05/2024 - 18/05/2024)',)
Agrupamento!
Curso:  PEDAGOGIA
Disciplina 1: GCH1106_1 | ('2N1234 (25/03/2024 - 25/03/2024),  2N1234 (29/04/2024 - 29/04/2024),  2N1234 (27/05/2024 - 27/05/2024),  2N1234 (10/06/2024 - 10/06/2024),  2N12 (17/06/2024 - 17/06/2024)',)
Disciplina 2: GCH1102_1 | ('2N1234 (04/03/2024 - 23/03/2024),  2N1234 (01/04/2024 - 27/04/2024),  2N1234 (06/05/2024 - 25/05/2024),  2N1234 (03/06/2024 - 03/06/2024),  2N34 (17/06/2024 - 17/06/2024),  2N1234 (24/06/2024 - 06/07/2024)',)
Agrupamento!
Curso:  PEDAGOGIA
Disciplina 1: GCH1109_1 | ('3M1234 (06/05/2024 - 06/07/2024)',)
Disciplina 2: GCH1108_1 | ('3M1234 (04/03/2024 - 04/05/2024)',)
Agrupamento!
Curso:  PEDAGOGIA
Disciplina 1: GCH1111_1 | ('5M1234 (28/03/2024 - 28/03/2024), 5M1234 (02/05/2024 - 02/05/2024), 5M1234 (06/06/2024 - 06/06/2024), 5M1234 (20/06/2024 - 20/06/2024), 5M12 (27/06/2024 - 27/06/2024)',)
Disciplina 2: GCH837_3 | ('57M12345 (04/03/2024 - 23/03/2024), 57M12345 (01/04/2024 - 27/04/2024), 5M12345 (06/05/2024 - 25/05/2024), 57M12345 (13/06/2024 - 15/06/2024), 5M345 (27/06/2024 - 27/06/2024), 5M12345 (01/07/2024 - 13/07/2024)',)
Agrupamento!
Curso:  PEDAGOGIA
Disciplina 1: GCH1114_1 | ('7M2345  5N1234 (06/05/2024 - 25/05/2024), 7M2345  5N1234 (27/05/2024 - 08/06/2024),  5N1234 (10/06/2024 - 13/07/2024)',)
Disciplina 2: GCH1115_1 | ('7M2345  5N1234 (04/03/2024 - 23/03/2024),  5N1234 (25/03/2024 - 20/04/2024), 7M2345  5N1234 (22/04/2024 - 04/05/2024)',)
Agrupamento!
Curso:  PEDAGOGIA
Disciplina 1: GCH1116_1 | ('4N1234 (27/03/2024 - 27/03/2024),  4N1234 (08/05/2024 - 08/05/2024),  4N1234 (05/06/2024 - 05/06/2024),  4N1234 (19/06/2024 - 19/06/2024),  4N12 (26/06/2024 - 26/06/2024)',)
Disciplina 2: GCH1113_1 | ('4N1234 (04/03/2024 - 23/03/2024),  4N1234 (01/04/2024 - 27/04/2024),  4N1234 (13/05/2024 - 01/06/2024),  4N1234 (12/06/2024 - 12/06/2024),  4N34 (26/06/2024 - 26/06/2024), 7M123456  7T123  4N1234 (01/07/2024 - 13/07/2024)',)
Agrupamento!
Curso:  PEDAGOGIA
Disciplina 1: GLA240_1 | ('5M1234 (04/03/2024 - 04/05/2024)',)
Disciplina 2: GCH1119_1 | ('5M1234 (06/05/2024 - 13/07/2024)',)
Agrupamento!
Curso:  PEDAGOGIA
Disciplina 1: GEX776_1 | ('6M1234 (13/05/2024 - 13/07/2024)',)
Disciplina 2: GCH1118_1 | ('6M1234 (04/03/2024 - 11/05/2024)',)
Agrupamento!
Curso:  PEDAGOGIA
Disciplina 1: GCH1121_1 | ('7M2345 (09/03/2024 - 09/03/2024),  4N1234 (13/03/2024 - 13/03/2024), 7M2345 (16/03/2024 - 16/03/2024), 7M2345 (23/03/2024 - 23/03/2024),  4N1234 (10/04/2024 - 10/04/2024),  4N1234 (08/05/2024 - 08/05/2024),  4N1234 (22/05/2024 - 22/05/2024),  4N1234 (12/06/2024 - 12/06/2024),  4N1234 (26/06/2024 - 26/06/2024)',)
Disciplina 2: GEX777_1 | ('4N1234 (06/03/2024 - 06/03/2024),  4N1234 (18/03/2024 - 06/04/2024),  4N1234 (15/04/2024 - 27/04/2024), 7M2345  4N1234 (15/05/2024 - 18/05/2024), 7M2345  4N1234 (27/05/2024 - 08/06/2024), 7M2345  4N1234 (19/06/2024 - 22/06/2024), 7M2345  4N1234 (01/07/2024 - 13/07/2024)',)
Agrupamento!
Curso:  PEDAGOGIA
Disciplina 1: GCH1126_1 | ('2N1234 (25/03/2024 - 25/03/2024),  2N1234 (29/04/2024 - 29/04/2024),  2N1234 (27/05/2024 - 27/05/2024),  2N1234 (10/06/2024 - 10/06/2024),  2N12 (17/06/2024 - 17/06/2024)',)
Disciplina 2: GCH1122_1 | ('2N1234 (04/03/2024 - 23/03/2024),  2N1234 (01/04/2024 - 27/04/2024),  2N1234 (06/05/2024 - 06/05/2024),  2N1234 (13/05/2024 - 13/05/2024),  7T2345 (18/05/2024 - 18/05/2024),  2N1234 (20/05/2024 - 20/05/2024),  7T2345 (25/05/2024 - 25/05/2024),  7T2345 (01/06/2024 - 01/06/2024),  2N1234 (03/06/2024 - 03/06/2024),  7T2345 (08/06/2024 - 08/06/2024),  2N1234 (24/06/2024 - 13/07/2024)',)
Agrupamento!
Curso:  PEDAGOGIA
Disciplina 1: GCH1134_1 | ('3N1234 (26/03/2024 - 26/03/2024),  3N1234 (30/04/2024 - 30/04/2024),  3N1234 (21/05/2024 - 01/06/2024),  3N12 (04/06/2024 - 04/06/2024)',)
Disciplina 2: GCH1132_1 | ('3N1234 (04/03/2024 - 23/03/2024),  3N1234 (01/04/2024 - 27/04/2024),  3N1234 (06/05/2024 - 18/05/2024)',)
Agrupamentos:  27
Set parameter Username
Set parameter LicenseID to value 2851439
Academic license - for non-commercial use only - expires 2027-08-04
Set parameter TimeLimit to value 25200
Set parameter TimeLimit to value 180
Set parameter MIPFocus to value 1
Set parameter NoRelHeurTime to value 180
Gurobi Optimizer version 10.0.2 build v10.0.2rc0 (mac64[arm])

CPU model: Apple M5
Thread count: 10 physical cores, 10 logical processors, using up to 10 threads

Optimize a model with 548706 rows, 284763 columns and 1341935 nonzeros
Model fingerprint: 0x554225e6
Variable types: 0 continuous, 284763 integer (264707 binary)
Coefficient statistics:
  Matrix range     [1e+00, 8e+01]
  Objective range  [5e-01, 2e+03]
  Bounds range     [1e+00, 1e+00]
  RHS range        [1e+00, 1e+02]
Found heuristic solution: objective 4130000.0000
Presolve removed 258478 rows and 68178 columns
Presolve time: 1.61s
Presolved: 290228 rows, 216585 columns, 898474 nonzeros
Variable types: 0 continuous, 216585 integer (216585 binary)
Found heuristic solution: objective 3264725.0000
Starting NoRel heuristic
Found heuristic solution: objective 3264325.0000
Found heuristic solution: objective 1205379.0000
Found heuristic solution: objective 1168629.0000
Found heuristic solution: objective 1167689.0000
Found heuristic solution: objective 1014507.5000
Found heuristic solution: objective 1001215.0000
Found heuristic solution: objective 980986.50000
Found heuristic solution: objective 961056.50000
Found heuristic solution: objective 958228.00000
Found heuristic solution: objective 916147.00000
Elapsed time for NoRel heuristic: 5s (best bound -3.1692e+06)
Found heuristic solution: objective 878620.00000
Found heuristic solution: objective 870740.00000
Found heuristic solution: objective 844845.00000
Found heuristic solution: objective 810575.50000
Found heuristic solution: objective 801066.00000
Found heuristic solution: objective 500264.00000
Found heuristic solution: objective 499864.00000
Found heuristic solution: objective 489746.00000
Found heuristic solution: objective 470090.50000
Found heuristic solution: objective 466390.50000
Found heuristic solution: objective 455585.50000
Found heuristic solution: objective 449164.50000
Found heuristic solution: objective 440196.00000
Found heuristic solution: objective 435634.50000
Found heuristic solution: objective 418926.00000
Found heuristic solution: objective 414821.00000
Found heuristic solution: objective 411606.00000
Found heuristic solution: objective 410262.50000
Elapsed time for NoRel heuristic: 10s (best bound -2.80555e+06)
Found heuristic solution: objective 406462.50000
Found heuristic solution: objective 400876.00000
Found heuristic solution: objective 367801.50000
Found heuristic solution: objective 366830.00000
Found heuristic solution: objective 363434.50000
Found heuristic solution: objective 361914.00000
Found heuristic solution: objective 361384.50000
Found heuristic solution: objective 361084.50000
Found heuristic solution: objective 356589.00000
Found heuristic solution: objective 350552.00000
Found heuristic solution: objective 324668.00000
Found heuristic solution: objective 292767.50000
Found heuristic solution: objective 290377.00000
Found heuristic solution: objective 289797.00000
Found heuristic solution: objective 288797.00000
Elapsed time for NoRel heuristic: 15s (best bound -2.73885e+06)
Found heuristic solution: objective 287547.00000
Found heuristic solution: objective 285877.00000
Found heuristic solution: objective 285492.00000
Found heuristic solution: objective 283407.50000
Found heuristic solution: objective 279425.00000
Found heuristic solution: objective 277334.50000
Found heuristic solution: objective 275884.50000
Found heuristic solution: objective 275584.50000
Found heuristic solution: objective 274804.50000
Found heuristic solution: objective 274304.50000
Elapsed time for NoRel heuristic: 21s (best bound -2.35215e+06)
Found heuristic solution: objective 273764.50000
Found heuristic solution: objective 271257.50000
Found heuristic solution: objective 270139.00000
Found heuristic solution: objective 269539.00000
Found heuristic solution: objective 255639.00000
Found heuristic solution: objective 254829.00000
Found heuristic solution: objective 251338.00000
Found heuristic solution: objective 250938.00000
Found heuristic solution: objective 249513.00000
Found heuristic solution: objective 248763.00000
Elapsed time for NoRel heuristic: 27s (best bound -2.0731e+06)
Found heuristic solution: objective 247303.00000
Found heuristic solution: objective 246158.00000
Found heuristic solution: objective 241998.50000
Found heuristic solution: objective 239900.50000
Found heuristic solution: objective 237641.00000
Found heuristic solution: objective 233357.00000
Found heuristic solution: objective 232451.50000
Elapsed time for NoRel heuristic: 32s (best bound -1.7143e+06)
Found heuristic solution: objective 231921.50000
Found heuristic solution: objective 231421.50000
Found heuristic solution: objective 231296.50000
Found heuristic solution: objective 229526.50000
Found heuristic solution: objective 227472.50000
Found heuristic solution: objective 221368.00000
Found heuristic solution: objective 218695.00000
Found heuristic solution: objective 218195.00000
Elapsed time for NoRel heuristic: 38s (best bound -1.5166e+06)
Found heuristic solution: objective 218175.00000
Found heuristic solution: objective 217930.00000
Found heuristic solution: objective 217273.00000
Found heuristic solution: objective 216016.00000
Found heuristic solution: objective 212777.50000
Elapsed time for NoRel heuristic: 44s (best bound -1.1016e+06)
Found heuristic solution: objective 209085.50000
Found heuristic solution: objective 207924.00000
Found heuristic solution: objective 206557.50000
Found heuristic solution: objective 204211.00000
Found heuristic solution: objective 201797.50000
Found heuristic solution: objective 201772.50000
Elapsed time for NoRel heuristic: 50s (best bound -649500)
Found heuristic solution: objective 201486.50000
Found heuristic solution: objective 201417.00000
Found heuristic solution: objective 200153.50000
Found heuristic solution: objective 199528.00000
Found heuristic solution: objective 199493.00000
Found heuristic solution: objective 199052.00000
Found heuristic solution: objective 198921.00000
Elapsed time for NoRel heuristic: 56s (best bound -401250)
Found heuristic solution: objective 197249.50000
Found heuristic solution: objective 196489.00000
Found heuristic solution: objective 196219.00000
Found heuristic solution: objective 196199.00000
Found heuristic solution: objective 195437.00000
Found heuristic solution: objective 194981.50000
Found heuristic solution: objective 194941.50000
Found heuristic solution: objective 194682.00000
Found heuristic solution: objective 194302.00000
Elapsed time for NoRel heuristic: 62s (best bound -151950)
Found heuristic solution: objective 194287.00000
Found heuristic solution: objective 193982.00000
Found heuristic solution: objective 193873.00000
Found heuristic solution: objective 193778.00000
Elapsed time for NoRel heuristic: 67s (best bound -100500)
Found heuristic solution: objective 193673.00000
Found heuristic solution: objective 193623.00000
Found heuristic solution: objective 193338.00000
Found heuristic solution: objective 192857.50000
Found heuristic solution: objective 192847.50000
Found heuristic solution: objective 192665.00000
Found heuristic solution: objective 192469.00000
Elapsed time for NoRel heuristic: 73s (best bound 6018.5)
Found heuristic solution: objective 192309.00000
Found heuristic solution: objective 192274.00000
Found heuristic solution: objective 192158.00000
Found heuristic solution: objective 191498.50000
Found heuristic solution: objective 191313.50000
Elapsed time for NoRel heuristic: 79s (best bound 55680.7)
Found heuristic solution: objective 191233.50000
Found heuristic solution: objective 190440.50000
Found heuristic solution: objective 190317.50000
Elapsed time for NoRel heuristic: 86s (best bound 60364.5)
Found heuristic solution: objective 190302.50000
Found heuristic solution: objective 190212.50000
Found heuristic solution: objective 190117.50000
Found heuristic solution: objective 189962.00000
Found heuristic solution: objective 189754.50000
Elapsed time for NoRel heuristic: 92s (best bound 65280.5)
Found heuristic solution: objective 189739.50000
Found heuristic solution: objective 189729.50000
Found heuristic solution: objective 189517.50000
Elapsed time for NoRel heuristic: 99s (best bound 72037)
Found heuristic solution: objective 189292.50000
Elapsed time for NoRel heuristic: 105s (best bound 74682.5)
Found heuristic solution: objective 189232.00000
Found heuristic solution: objective 189227.00000
Found heuristic solution: objective 189218.50000
Found heuristic solution: objective 189012.00000
Found heuristic solution: objective 188954.50000
Elapsed time for NoRel heuristic: 110s (best bound 79242.5)
Found heuristic solution: objective 188706.50000
Found heuristic solution: objective 188661.50000
Elapsed time for NoRel heuristic: 115s (best bound 82085)
Found heuristic solution: objective 188576.50000
Found heuristic solution: objective 188423.50000
Elapsed time for NoRel heuristic: 122s (best bound 85715)
Found heuristic solution: objective 187842.50000
Elapsed time for NoRel heuristic: 127s (best bound 89597.5)
Found heuristic solution: objective 187460.00000
Elapsed time for NoRel heuristic: 135s (best bound 94363)
Found heuristic solution: objective 187205.00000
Elapsed time for NoRel heuristic: 141s (best bound 97632.5)
Found heuristic solution: objective 187190.00000
Found heuristic solution: objective 187178.50000
Elapsed time for NoRel heuristic: 149s (best bound 99456.2)
Found heuristic solution: objective 187147.50000
Found heuristic solution: objective 187132.50000
Elapsed time for NoRel heuristic: 158s (best bound 102589)
Found heuristic solution: objective 187097.50000
Found heuristic solution: objective 187082.50000
Elapsed time for NoRel heuristic: 168s (best bound 105074)
Found heuristic solution: objective 187047.50000
Found heuristic solution: objective 186761.50000
Elapsed time for NoRel heuristic: 175s (best bound 108546)
Found heuristic solution: objective 186694.50000
NoRel heuristic complete

Explored 0 nodes (0 simplex iterations) in 180.82 seconds (156.93 work units)
Thread count was 10 (of 10 available processors)

Solution count 10: 186694 186762 187048 ... 187205

Time limit reached
Best objective 1.866945000000e+05, best bound 1.110481666667e+05, gap 40.5188%
Solução -> não <- ótima.
Set parameter TimeLimit to value 25200
Set parameter TimeLimit to value 600
Set parameter NoRelHeurTime to value 0
Gurobi Optimizer version 10.0.2 build v10.0.2rc0 (mac64[arm])

CPU model: Apple M5
Thread count: 10 physical cores, 10 logical processors, using up to 10 threads

Optimize a model with 548706 rows, 284763 columns and 1341935 nonzeros
Model fingerprint: 0x2e4d5d1e
Variable types: 0 continuous, 284763 integer (264707 binary)
Coefficient statistics:
  Matrix range     [1e+00, 8e+01]
  Objective range  [5e-01, 2e+03]
  Bounds range     [1e+00, 1e+00]
  RHS range        [1e+00, 1e+02]

User MIP start produced solution with objective 186694 (0.13s)
Loaded user MIP start with objective 186694
MIP start from previous solve did not produce a new incumbent solution

Presolve removed 534600 rows and 273208 columns
Presolve time: 0.25s
Presolved: 14106 rows, 11555 columns, 41072 nonzeros
Variable types: 0 continuous, 11555 integer (11555 binary)

Root relaxation: objective 1.865540e+05, 4321 iterations, 0.12 seconds (0.20 work units)

    Nodes    |    Current Node    |     Objective Bounds      |     Work
 Expl Unexpl |  Obj  Depth IntInf | Incumbent    BestBd   Gap | It/Node Time

     0     0 186554.000    0  379 186694.500 186554.000  0.08%     -    0s
     0     0 186554.000    0  379 186694.500 186554.000  0.08%     -    0s
     0     0 186554.000    0  115 186694.500 186554.000  0.08%     -    0s
     0     0 186557.167    0   70 186694.500 186557.167  0.07%     -    0s
     0     0 186561.000    0  128 186694.500 186561.000  0.07%     -    0s
     0     0 186561.000    0   64 186694.500 186561.000  0.07%     -    0s
     0     0 186561.000    0   94 186694.500 186561.000  0.07%     -    0s
     0     0 186561.000    0   81 186694.500 186561.000  0.07%     -    0s
H    0     0                    186684.50000 186561.000  0.07%     -    0s
H    0     0                    186674.00000 186561.000  0.06%     -    0s
     0     0 186561.500    0   76 186674.000 186561.500  0.06%     -    0s
     0     0 186562.000    0   92 186674.000 186562.000  0.06%     -    0s
     0     0 186563.917    0  102 186674.000 186563.917  0.06%     -    0s
     0     0 186563.917    0  102 186674.000 186563.917  0.06%     -    0s
H    0     0                    186669.50000 186563.917  0.06%     -    0s
     0     0 186565.250    0   87 186669.500 186565.250  0.06%     -    0s
H    0     0                    186666.50000 186565.250  0.05%     -    0s
     0     0 186567.900    0   88 186666.500 186567.900  0.05%     -    0s
     0     2 186568.000    0   85 186666.500 186568.000  0.05%     -    0s
H  120    55                    186664.50000 186572.167  0.05%  16.1    0s
*  155    51              12    186661.50000 186573.750  0.05%  15.9    0s

Cutting planes:
  Gomory: 1
  MIR: 1
  Inf proof: 2
  Zero half: 25
  RLT: 13
  BQP: 15

Explored 488 nodes (15132 simplex iterations) in 0.78 seconds (1.69 work units)
Thread count was 10 (of 10 available processors)

Solution count 7: 186662 186664 186666 ... 186694

Optimal solution found (tolerance 1.00e-04)
Best objective 1.866615000000e+05, best bound 1.866615000000e+05, gap 0.0000%
Solução ótima encontrada.
Set parameter TimeLimit to value 25200
Set parameter TimeLimit to value 600
Gurobi Optimizer version 10.0.2 build v10.0.2rc0 (mac64[arm])

CPU model: Apple M5
Thread count: 10 physical cores, 10 logical processors, using up to 10 threads

Optimize a model with 548706 rows, 284763 columns and 1341935 nonzeros
Model fingerprint: 0xcf8dd83e
Variable types: 0 continuous, 284763 integer (264707 binary)
Coefficient statistics:
  Matrix range     [1e+00, 8e+01]
  Objective range  [5e-01, 2e+03]
  Bounds range     [1e+00, 1e+00]
  RHS range        [1e+00, 1e+02]

User MIP start produced solution with objective 186662 (0.10s)
Loaded user MIP start with objective 186662
MIP start from previous solve did not produce a new incumbent solution

Presolve removed 529643 rows and 269702 columns
Presolve time: 0.24s
Presolved: 19063 rows, 15061 columns, 54691 nonzeros
Variable types: 0 continuous, 15061 integer (15061 binary)

Root relaxation: objective 1.862224e+05, 12120 iterations, 0.32 seconds (0.59 work units)

    Nodes    |    Current Node    |     Objective Bounds      |     Work
 Expl Unexpl |  Obj  Depth IntInf | Incumbent    BestBd   Gap | It/Node Time

     0     0 186222.438    0  698 186661.500 186222.438  0.24%     -    0s
     0     0 186222.438    0  729 186661.500 186222.438  0.24%     -    0s
     0     0 186222.521    0  698 186661.500 186222.521  0.24%     -    0s
     0     0 186222.521    0  680 186661.500 186222.521  0.24%     -    1s
     0     0 186440.064    0 1234 186661.500 186440.064  0.12%     -    1s
     0     0 186440.255    0 1218 186661.500 186440.255  0.12%     -    1s
     0     0 186442.407    0 1295 186661.500 186442.407  0.12%     -    1s
     0     0 186442.538    0 1250 186661.500 186442.538  0.12%     -    1s
     0     0 186442.538    0 1234 186661.500 186442.538  0.12%     -    1s
     0     0 186442.538    0 1235 186661.500 186442.538  0.12%     -    1s
     0     0 186442.538    0 1229 186661.500 186442.538  0.12%     -    1s
     0     0 186442.604    0 1258 186661.500 186442.604  0.12%     -    1s
     0     0 186442.755    0 1229 186661.500 186442.755  0.12%     -    1s
     0     0 186442.956    0 1251 186661.500 186442.956  0.12%     -    1s
     0     0 186444.013    0 1253 186661.500 186444.013  0.12%     -    1s
     0     0 186444.019    0 1247 186661.500 186444.019  0.12%     -    1s
     0     0 186554.363    0  791 186661.500 186554.363  0.06%     -    2s
     0     0 186554.363    0  394 186661.500 186554.363  0.06%     -    2s
     0     0 186554.363    0  825 186661.500 186554.363  0.06%     -    2s
     0     0 186602.949    0  528 186661.500 186602.949  0.03%     -    2s
     0     0 186613.621    0  488 186661.500 186613.621  0.03%     -    2s
     0     0 186613.902    0  507 186661.500 186613.902  0.03%     -    2s
     0     0 186614.058    0  474 186661.500 186614.058  0.03%     -    2s
     0     0 186618.081    0  488 186661.500 186618.081  0.02%     -    2s
     0     0 186618.081    0  497 186661.500 186618.081  0.02%     -    2s
     0     0 186618.108    0  498 186661.500 186618.108  0.02%     -    2s
     0     0 186618.108    0  492 186661.500 186618.108  0.02%     -    2s
     0     0 186618.108    0  495 186661.500 186618.108  0.02%     -    2s
H    0     0                    186658.50000 186618.108  0.02%     -    3s
     0     0     cutoff    0      186658.500 186658.500  0.00%     -    3s

Cutting planes:
  Gomory: 5
  Lift-and-project: 1
  Implied bound: 14
  Clique: 5
  MIR: 1
  Zero half: 24
  RLT: 105
  BQP: 25

Explored 1 nodes (49414 simplex iterations) in 3.04 seconds (6.09 work units)
Thread count was 10 (of 10 available processors)

Solution count 2: 186658 186662 

Optimal solution found (tolerance 1.00e-04)
Best objective 1.866585000000e+05, best bound 1.866585000000e+05, gap 0.0000%
Solução ótima encontrada.
Set parameter TimeLimit to value 25200
Set parameter TimeLimit to value 600
Gurobi Optimizer version 10.0.2 build v10.0.2rc0 (mac64[arm])

CPU model: Apple M5
Thread count: 10 physical cores, 10 logical processors, using up to 10 threads

Optimize a model with 548706 rows, 284763 columns and 1341935 nonzeros
Model fingerprint: 0x56d1d4c2
Variable types: 0 continuous, 284763 integer (264707 binary)
Coefficient statistics:
  Matrix range     [1e+00, 8e+01]
  Objective range  [5e-01, 2e+03]
  Bounds range     [1e+00, 1e+00]
  RHS range        [1e+00, 1e+02]

User MIP start produced solution with objective 186658 (0.10s)
Loaded user MIP start with objective 186658
MIP start from previous solve did not produce a new incumbent solution

Presolve removed 531203 rows and 270626 columns
Presolve time: 0.23s
Presolved: 17503 rows, 14137 columns, 51576 nonzeros
Variable types: 0 continuous, 14137 integer (14137 binary)

Root relaxation: objective 1.859065e+05, 2518 iterations, 0.04 seconds (0.07 work units)

    Nodes    |    Current Node    |     Objective Bounds      |     Work
 Expl Unexpl |  Obj  Depth IntInf | Incumbent    BestBd   Gap | It/Node Time

     0     0 185906.500    0  640 186658.500 185906.500  0.40%     -    0s
     0     0 186442.500    0  639 186658.500 186442.500  0.12%     -    0s
     0     0 186456.125    0  542 186658.500 186456.125  0.11%     -    0s
     0     0 186471.667    0  543 186658.500 186471.667  0.10%     -    0s
     0     0 186641.000    0  389 186658.500 186641.000  0.01%     -    0s

Cutting planes:
  Gomory: 4
  Clique: 23
  MIR: 1
  Zero half: 37
  RLT: 20
  BQP: 13

Explored 1 nodes (8255 simplex iterations) in 0.71 seconds (1.72 work units)
Thread count was 10 (of 10 available processors)

Solution count 1: 186658 

Optimal solution found (tolerance 1.00e-04)
Best objective 1.866585000000e+05, best bound 1.866410000000e+05, gap 0.0094%
Solução ótima encontrada.
Set parameter TimeLimit to value 25200
Set parameter TimeLimit to value 600
Gurobi Optimizer version 10.0.2 build v10.0.2rc0 (mac64[arm])

CPU model: Apple M5
Thread count: 10 physical cores, 10 logical processors, using up to 10 threads

Optimize a model with 548706 rows, 284763 columns and 1341935 nonzeros
Model fingerprint: 0xecd9e586
Variable types: 0 continuous, 284763 integer (264707 binary)
Coefficient statistics:
  Matrix range     [1e+00, 8e+01]
  Objective range  [5e-01, 2e+03]
  Bounds range     [1e+00, 1e+00]
  RHS range        [1e+00, 1e+02]

User MIP start produced solution with objective 186658 (0.10s)
Loaded user MIP start with objective 186658
MIP start from previous solve did not produce a new incumbent solution

Presolve removed 542965 rows and 279868 columns
Presolve time: 0.18s
Presolved: 5741 rows, 4895 columns, 16160 nonzeros
Variable types: 0 continuous, 4895 integer (4895 binary)

Root relaxation: cutoff, 806 iterations, 0.01 seconds (0.02 work units)

    Nodes    |    Current Node    |     Objective Bounds      |     Work
 Expl Unexpl |  Obj  Depth IntInf | Incumbent    BestBd   Gap | It/Node Time

     0     0     cutoff    0      186658.500 186658.500  0.00%     -    0s

Explored 1 nodes (806 simplex iterations) in 0.32 seconds (0.89 work units)
Thread count was 10 (of 10 available processors)

Solution count 1: 186658 

Optimal solution found (tolerance 1.00e-04)
Best objective 1.866585000000e+05, best bound 1.866585000000e+05, gap 0.0000%
Solução ótima encontrada.
Set parameter TimeLimit to value 25200
Set parameter TimeLimit to value 600
Gurobi Optimizer version 10.0.2 build v10.0.2rc0 (mac64[arm])

CPU model: Apple M5
Thread count: 10 physical cores, 10 logical processors, using up to 10 threads

Optimize a model with 548706 rows, 284763 columns and 1341935 nonzeros
Model fingerprint: 0xdc34ec10
Variable types: 0 continuous, 284763 integer (264707 binary)
Coefficient statistics:
  Matrix range     [1e+00, 8e+01]
  Objective range  [5e-01, 2e+03]
  Bounds range     [1e+00, 1e+00]
  RHS range        [1e+00, 1e+02]

User MIP start produced solution with objective 186658 (0.10s)
Loaded user MIP start with objective 186658
MIP start from previous solve did not produce a new incumbent solution

Presolve removed 531014 rows and 270921 columns
Presolve time: 0.17s
Presolved: 17692 rows, 13842 columns, 49806 nonzeros
Variable types: 0 continuous, 13842 integer (13842 binary)

Root relaxation: objective 1.866335e+05, 1228 iterations, 0.02 seconds (0.03 work units)

    Nodes    |    Current Node    |     Objective Bounds      |     Work
 Expl Unexpl |  Obj  Depth IntInf | Incumbent    BestBd   Gap | It/Node Time

     0     0 186633.500    0  132 186658.500 186633.500  0.01%     -    0s
     0     0 186633.500    0  132 186658.500 186633.500  0.01%     -    0s
     0     0 186633.500    0   33 186658.500 186633.500  0.01%     -    0s
H    0     0                    186648.50000 186633.500  0.01%     -    0s

Explored 1 nodes (2089 simplex iterations) in 0.38 seconds (1.07 work units)
Thread count was 10 (of 10 available processors)

Solution count 2: 186648 186658 

Optimal solution found (tolerance 1.00e-04)
Best objective 1.866485000000e+05, best bound 1.866335000000e+05, gap 0.0080%
Solução ótima encontrada.
Set parameter TimeLimit to value 25200
Set parameter TimeLimit to value 600
Gurobi Optimizer version 10.0.2 build v10.0.2rc0 (mac64[arm])

CPU model: Apple M5
Thread count: 10 physical cores, 10 logical processors, using up to 10 threads

Optimize a model with 548706 rows, 284763 columns and 1341935 nonzeros
Model fingerprint: 0xf6cc5037
Variable types: 0 continuous, 284763 integer (264707 binary)
Coefficient statistics:
  Matrix range     [1e+00, 8e+01]
  Objective range  [5e-01, 2e+03]
  Bounds range     [1e+00, 1e+00]
  RHS range        [1e+00, 1e+02]

User MIP start produced solution with objective 186648 (0.10s)
Loaded user MIP start with objective 186648
MIP start from previous solve did not produce a new incumbent solution

Presolve removed 531825 rows and 272626 columns
Presolve time: 0.23s
Presolved: 16881 rows, 12137 columns, 48532 nonzeros
Variable types: 0 continuous, 12137 integer (12137 binary)

Root relaxation: objective 1.861008e+05, 8028 iterations, 0.18 seconds (0.34 work units)

    Nodes    |    Current Node    |     Objective Bounds      |     Work
 Expl Unexpl |  Obj  Depth IntInf | Incumbent    BestBd   Gap | It/Node Time

     0     0 186100.750    0  607 186648.500 186100.750  0.29%     -    0s
     0     0 186146.250    0  643 186648.500 186146.250  0.27%     -    0s
     0     0 186146.625    0  643 186648.500 186146.625  0.27%     -    0s
     0     0 186168.375    0  796 186648.500 186168.375  0.26%     -    1s
     0     0 186169.679    0  773 186648.500 186169.679  0.26%     -    1s
     0     0 186171.500    0  751 186648.500 186171.500  0.26%     -    1s
     0     0 186180.769    0  812 186648.500 186180.769  0.25%     -    1s
     0     0 186184.577    0  815 186648.500 186184.577  0.25%     -    1s
H    0     0                    186375.50000 186184.577  0.10%     -    1s
     0     0 186184.577    0  822 186375.500 186184.577  0.10%     -    1s
H    0     0                    186355.50000 186184.577  0.09%     -    1s
     0     0 186192.654    0  832 186355.500 186192.654  0.09%     -    1s
     0     0 186192.654    0  516 186355.500 186192.654  0.09%     -    1s
     0     0 186192.654    0  539 186355.500 186192.654  0.09%     -    1s
     0     0 186202.150    0  571 186355.500 186202.150  0.08%     -    1s
     0     0 186202.875    0  572 186355.500 186202.875  0.08%     -    1s
     0     0 186215.763    0  627 186355.500 186215.763  0.07%     -    1s
     0     0 186215.763    0  390 186355.500 186215.763  0.07%     -    1s
     0     0 186215.763    0  463 186355.500 186215.763  0.07%     -    2s
     0     0 186215.763    0  493 186355.500 186215.763  0.07%     -    2s
     0     0 186216.585    0  510 186355.500 186216.585  0.07%     -    2s
     0     0 186216.717    0  512 186355.500 186216.717  0.07%     -    2s
     0     0 186216.772    0  511 186355.500 186216.772  0.07%     -    2s
     0     0 186216.772    0  511 186355.500 186216.772  0.07%     -    2s
     0     0 186225.061    0  493 186355.500 186225.061  0.07%     -    2s
     0     0 186226.238    0  524 186355.500 186226.238  0.07%     -    2s
     0     0 186226.421    0  533 186355.500 186226.421  0.07%     -    2s
     0     0 186226.470    0  504 186355.500 186226.470  0.07%     -    2s
     0     0 186226.473    0  533 186355.500 186226.473  0.07%     -    2s
     0     0 186235.167    0  550 186355.500 186235.167  0.06%     -    2s
     0     0 186235.167    0  524 186355.500 186235.167  0.06%     -    2s
     0     0 186239.500    0  533 186355.500 186239.500  0.06%     -    2s
     0     0 186245.286    0  535 186355.500 186245.286  0.06%     -    2s
     0     0 186246.000    0  554 186355.500 186246.000  0.06%     -    2s
     0     0 186246.000    0  555 186355.500 186246.000  0.06%     -    2s
     0     0 186260.000    0  540 186355.500 186260.000  0.05%     -    2s
     0     0 186260.000    0  249 186355.500 186260.000  0.05%     -    2s
     0     0 186260.000    0  273 186355.500 186260.000  0.05%     -    2s
     0     0 186260.000    0  285 186355.500 186260.000  0.05%     -    2s
     0     0 186260.000    0  353 186355.500 186260.000  0.05%     -    2s
     0     0 186260.000    0  320 186355.500 186260.000  0.05%     -    2s
     0     0 186260.000    0  296 186355.500 186260.000  0.05%     -    2s
     0     0 186260.000    0  378 186355.500 186260.000  0.05%     -    2s
     0     0 186260.000    0  293 186355.500 186260.000  0.05%     -    2s
     0     0 186268.125    0  371 186355.500 186268.125  0.05%     -    2s
     0     0 186269.500    0  261 186355.500 186269.500  0.05%     -    2s
     0     0 186292.000    0  202 186355.500 186292.000  0.03%     -    2s
     0     0 186294.688    0  394 186355.500 186294.688  0.03%     -    2s
     0     0 186310.500    0  398 186355.500 186310.500  0.02%     -    2s

Cutting planes:
  Gomory: 2
  Clique: 15
  MIR: 2
  Zero half: 33
  RLT: 26
  BQP: 21

Explored 1 nodes (30564 simplex iterations) in 2.52 seconds (5.14 work units)
Thread count was 10 (of 10 available processors)

Solution count 3: 186356 186376 186648 

Optimal solution found (tolerance 1.00e-04)
Best objective 1.863555000000e+05, best bound 1.863405000000e+05, gap 0.0080%
Solução ótima encontrada.
Set parameter TimeLimit to value 25200
Set parameter TimeLimit to value 600
Gurobi Optimizer version 10.0.2 build v10.0.2rc0 (mac64[arm])

CPU model: Apple M5
Thread count: 10 physical cores, 10 logical processors, using up to 10 threads

Optimize a model with 548706 rows, 284763 columns and 1341935 nonzeros
Model fingerprint: 0xf3791170
Variable types: 0 continuous, 284763 integer (264707 binary)
Coefficient statistics:
  Matrix range     [1e+00, 8e+01]
  Objective range  [5e-01, 2e+03]
  Bounds range     [1e+00, 1e+00]
  RHS range        [1e+00, 1e+02]

User MIP start produced solution with objective 186356 (0.10s)
Loaded user MIP start with objective 186356
MIP start from previous solve did not produce a new incumbent solution

Presolve removed 547488 rows and 283660 columns
Presolve time: 0.15s
Presolved: 1218 rows, 1103 columns, 3463 nonzeros
Variable types: 0 continuous, 1103 integer (1103 binary)

Root relaxation: cutoff, 161 iterations, 0.00 seconds (0.00 work units)

    Nodes    |    Current Node    |     Objective Bounds      |     Work
 Expl Unexpl |  Obj  Depth IntInf | Incumbent    BestBd   Gap | It/Node Time

     0     0     cutoff    0      186355.500 186355.500  0.00%     -    0s

Explored 1 nodes (161 simplex iterations) in 0.27 seconds (0.83 work units)
Thread count was 10 (of 10 available processors)

Solution count 1: 186356 

Optimal solution found (tolerance 1.00e-04)
Best objective 1.863555000000e+05, best bound 1.863555000000e+05, gap 0.0000%
Solução ótima encontrada.
Set parameter TimeLimit to value 25200
Set parameter TimeLimit to value 600
Gurobi Optimizer version 10.0.2 build v10.0.2rc0 (mac64[arm])

CPU model: Apple M5
Thread count: 10 physical cores, 10 logical processors, using up to 10 threads

Optimize a model with 548706 rows, 284763 columns and 1341935 nonzeros
Model fingerprint: 0x56013507
Variable types: 0 continuous, 284763 integer (264707 binary)
Coefficient statistics:
  Matrix range     [1e+00, 8e+01]
  Objective range  [5e-01, 2e+03]
  Bounds range     [1e+00, 1e+00]
  RHS range        [1e+00, 1e+02]

User MIP start produced solution with objective 186356 (0.10s)
Loaded user MIP start with objective 186356
MIP start from previous solve did not produce a new incumbent solution

Presolve removed 545459 rows and 281895 columns
Presolve time: 0.16s
Presolved: 3247 rows, 2868 columns, 9142 nonzeros
Variable types: 0 continuous, 2868 integer (2868 binary)

Root relaxation: cutoff, 138 iterations, 0.00 seconds (0.00 work units)

    Nodes    |    Current Node    |     Objective Bounds      |     Work
 Expl Unexpl |  Obj  Depth IntInf | Incumbent    BestBd   Gap | It/Node Time

     0     0     cutoff    0      186355.500 186355.500  0.00%     -    0s

Explored 1 nodes (138 simplex iterations) in 0.29 seconds (0.82 work units)
Thread count was 10 (of 10 available processors)

Solution count 1: 186356 

Optimal solution found (tolerance 1.00e-04)
Best objective 1.863555000000e+05, best bound 1.863555000000e+05, gap 0.0000%
Solução ótima encontrada.
Set parameter TimeLimit to value 25200
Set parameter TimeLimit to value 600
Gurobi Optimizer version 10.0.2 build v10.0.2rc0 (mac64[arm])

CPU model: Apple M5
Thread count: 10 physical cores, 10 logical processors, using up to 10 threads

Optimize a model with 548706 rows, 284763 columns and 1341935 nonzeros
Model fingerprint: 0x8b798c91
Variable types: 0 continuous, 284763 integer (264707 binary)
Coefficient statistics:
  Matrix range     [1e+00, 8e+01]
  Objective range  [5e-01, 2e+03]
  Bounds range     [1e+00, 1e+00]
  RHS range        [1e+00, 1e+02]

User MIP start produced solution with objective 186356 (0.10s)
Loaded user MIP start with objective 186356
MIP start from previous solve did not produce a new incumbent solution

Presolve removed 542375 rows and 279501 columns
Presolve time: 0.18s
Presolved: 6331 rows, 5262 columns, 17892 nonzeros
Variable types: 0 continuous, 5262 integer (5262 binary)

Root relaxation: objective 1.863505e+05, 1295 iterations, 0.02 seconds (0.03 work units)

    Nodes    |    Current Node    |     Objective Bounds      |     Work
 Expl Unexpl |  Obj  Depth IntInf | Incumbent    BestBd   Gap | It/Node Time

     0     0 186350.500    0  122 186355.500 186350.500  0.00%     -    0s

Explored 1 nodes (2099 simplex iterations) in 0.33 seconds (0.96 work units)
Thread count was 10 (of 10 available processors)

Solution count 1: 186356 

Optimal solution found (tolerance 1.00e-04)
Best objective 1.863555000000e+05, best bound 1.863505000000e+05, gap 0.0027%
Solução ótima encontrada.
Set parameter TimeLimit to value 25200
Set parameter TimeLimit to value 600
Gurobi Optimizer version 10.0.2 build v10.0.2rc0 (mac64[arm])

CPU model: Apple M5
Thread count: 10 physical cores, 10 logical processors, using up to 10 threads

Optimize a model with 548706 rows, 284763 columns and 1341935 nonzeros
Model fingerprint: 0xe0e7e22b
Variable types: 0 continuous, 284763 integer (264707 binary)
Coefficient statistics:
  Matrix range     [1e+00, 8e+01]
  Objective range  [5e-01, 2e+03]
  Bounds range     [1e+00, 1e+00]
  RHS range        [1e+00, 1e+02]

User MIP start produced solution with objective 186356 (0.10s)
Loaded user MIP start with objective 186356
MIP start from previous solve did not produce a new incumbent solution

Presolve removed 536866 rows and 275295 columns
Presolve time: 0.21s
Presolved: 11840 rows, 9468 columns, 34194 nonzeros
Variable types: 0 continuous, 9468 integer (9468 binary)

Root relaxation: objective 1.860848e+05, 8615 iterations, 0.37 seconds (1.07 work units)

    Nodes    |    Current Node    |     Objective Bounds      |     Work
 Expl Unexpl |  Obj  Depth IntInf | Incumbent    BestBd   Gap | It/Node Time

     0     0 186084.750    0  330 186355.500 186084.750  0.15%     -    1s
     0     0 186109.119    0 1051 186355.500 186109.119  0.13%     -    1s
     0     0 186109.119    0  296 186355.500 186109.119  0.13%     -    1s
     0     0 186114.375    0  693 186355.500 186114.375  0.13%     -    2s
     0     0 186116.875    0  673 186355.500 186116.875  0.13%     -    2s
     0     0 186116.875    0  684 186355.500 186116.875  0.13%     -    2s
     0     0 186116.875    0  700 186355.500 186116.875  0.13%     -    2s
     0     0 186160.042    0  601 186355.500 186160.042  0.10%     -    2s
     0     0 186160.042    0  193 186355.500 186160.042  0.10%     -    2s
     0     0 186160.042    0  323 186355.500 186160.042  0.10%     -    2s
     0     0 186160.042    0  277 186355.500 186160.042  0.10%     -    2s
     0     0 186163.500    0  281 186355.500 186163.500  0.10%     -    2s
     0     0 186165.333    0  282 186355.500 186165.333  0.10%     -    2s
     0     0 186165.667    0  280 186355.500 186165.667  0.10%     -    2s
     0     0 186175.250    0  175 186355.500 186175.250  0.10%     -    2s
     0     0 186175.924    0  185 186355.500 186175.924  0.10%     -    2s
     0     0 186175.924    0  186 186355.500 186175.924  0.10%     -    2s
     0     0 186184.083    0  168 186355.500 186184.083  0.09%     -    2s
     0     0 186184.083    0  138 186355.500 186184.083  0.09%     -    2s
     0     0 186184.083    0  282 186355.500 186184.083  0.09%     -    2s
     0     0 186184.083    0  268 186355.500 186184.083  0.09%     -    2s
     0     0 186184.083    0  194 186355.500 186184.083  0.09%     -    2s
     0     0 186184.083    0  136 186355.500 186184.083  0.09%     -    2s
     0     0 186184.083    0  124 186355.500 186184.083  0.09%     -    2s
     0     0 186187.833    0  157 186355.500 186187.833  0.09%     -    2s
     0     0 186189.694    0  240 186355.500 186189.694  0.09%     -    2s
     0     0 186190.500    0  127 186355.500 186190.500  0.09%     -    2s
     0     0 186190.700    0  153 186355.500 186190.700  0.09%     -    2s
     0     0 186190.848    0  153 186355.500 186190.848  0.09%     -    2s
     0     0 186197.722    0  216 186355.500 186197.722  0.08%     -    2s
     0     0 186215.161    0  254 186355.500 186215.161  0.08%     -    2s
     0     0 186219.412    0  203 186355.500 186219.412  0.07%     -    2s
     0     0 186219.626    0  239 186355.500 186219.626  0.07%     -    2s
     0     0 186220.097    0  202 186355.500 186220.097  0.07%     -    2s
     0     0 186220.257    0  222 186355.500 186220.257  0.07%     -    2s
     0     0 186220.257    0  222 186355.500 186220.257  0.07%     -    2s
     0     0 186221.693    0  270 186355.500 186221.693  0.07%     -    2s
     0     0 186221.693    0  270 186355.500 186221.693  0.07%     -    2s
     0     0 186223.433    0  219 186355.500 186223.433  0.07%     -    2s
     0     2 186223.543    0  211 186355.500 186223.543  0.07%     -    2s

Cutting planes:
  Implied bound: 7
  Clique: 50
  MIR: 2
  Zero half: 19
  RLT: 66
  BQP: 52

Explored 238 nodes (63420 simplex iterations) in 2.89 seconds (6.73 work units)
Thread count was 10 (of 10 available processors)

Solution count 1: 186356 

Optimal solution found (tolerance 1.00e-04)
Best objective 1.863555000000e+05, best bound 1.863555000000e+05, gap 0.0000%
Solução ótima encontrada.
Set parameter TimeLimit to value 25200
Set parameter TimeLimit to value 600
Gurobi Optimizer version 10.0.2 build v10.0.2rc0 (mac64[arm])

CPU model: Apple M5
Thread count: 10 physical cores, 10 logical processors, using up to 10 threads

Optimize a model with 548706 rows, 284763 columns and 1341935 nonzeros
Model fingerprint: 0x2ca9dd98
Variable types: 0 continuous, 284763 integer (264707 binary)
Coefficient statistics:
  Matrix range     [1e+00, 8e+01]
  Objective range  [5e-01, 2e+03]
  Bounds range     [1e+00, 1e+00]
  RHS range        [1e+00, 1e+02]

User MIP start produced solution with objective 186356 (0.11s)
Loaded user MIP start with objective 186356
MIP start from previous solve did not produce a new incumbent solution

Presolve removed 543375 rows and 280225 columns
Presolve time: 0.18s
Presolved: 5331 rows, 4538 columns, 15139 nonzeros
Variable types: 0 continuous, 4538 integer (4538 binary)

Root relaxation: objective 1.863005e+05, 981 iterations, 0.01 seconds (0.02 work units)

    Nodes    |    Current Node    |     Objective Bounds      |     Work
 Expl Unexpl |  Obj  Depth IntInf | Incumbent    BestBd   Gap | It/Node Time

     0     0 186300.500    0  148 186355.500 186300.500  0.03%     -    0s
     0     0 186300.500    0  148 186355.500 186300.500  0.03%     -    0s
     0     0 186300.500    0   70 186355.500 186300.500  0.03%     -    0s
     0     0 186305.500    0   60 186355.500 186305.500  0.03%     -    0s
H    0     0                    186350.50000 186305.500  0.02%     -    0s
H    0     0                    186340.50000 186305.500  0.02%     -    0s
     0     0 186305.500    0   89 186340.500 186305.500  0.02%     -    0s
H    0     0                    186325.50000 186305.500  0.01%     -    0s
     0     0 186308.000    0   74 186325.500 186308.000  0.01%     -    0s

Cutting planes:
  Gomory: 1
  MIR: 1
  Zero half: 7
  RLT: 3
  BQP: 4

Explored 1 nodes (2497 simplex iterations) in 0.38 seconds (1.00 work units)
Thread count was 10 (of 10 available processors)

Solution count 4: 186326 186340 186350 186356 

Optimal solution found (tolerance 1.00e-04)
Best objective 1.863255000000e+05, best bound 1.863080000000e+05, gap 0.0094%
Solução ótima encontrada.
Set parameter TimeLimit to value 25200
Set parameter TimeLimit to value 600
Gurobi Optimizer version 10.0.2 build v10.0.2rc0 (mac64[arm])

CPU model: Apple M5
Thread count: 10 physical cores, 10 logical processors, using up to 10 threads

Optimize a model with 548706 rows, 284763 columns and 1341935 nonzeros
Model fingerprint: 0x9c2da62f
Variable types: 0 continuous, 284763 integer (264707 binary)
Coefficient statistics:
  Matrix range     [1e+00, 8e+01]
  Objective range  [5e-01, 2e+03]
  Bounds range     [1e+00, 1e+00]
  RHS range        [1e+00, 1e+02]

User MIP start produced solution with objective 186326 (0.10s)
Loaded user MIP start with objective 186326
MIP start from previous solve did not produce a new incumbent solution

Presolve removed 530802 rows and 271442 columns
Presolve time: 0.25s
Presolved: 17904 rows, 13321 columns, 51113 nonzeros
Variable types: 0 continuous, 13321 integer (13321 binary)

Root relaxation: objective 1.862035e+05, 9094 iterations, 0.24 seconds (0.50 work units)

    Nodes    |    Current Node    |     Objective Bounds      |     Work
 Expl Unexpl |  Obj  Depth IntInf | Incumbent    BestBd   Gap | It/Node Time

     0     0 186203.500    0  549 186325.500 186203.500  0.07%     -    0s
     0     0 186203.500    0  549 186325.500 186203.500  0.07%     -    0s
     0     0 186203.500    0  233 186325.500 186203.500  0.07%     -    0s
     0     0 186311.250    0  221 186325.500 186311.250  0.01%     -    0s

Cutting planes:
  Gomory: 2
  Clique: 5
  Zero half: 15
  RLT: 9
  BQP: 20

Explored 1 nodes (12254 simplex iterations) in 0.81 seconds (2.02 work units)
Thread count was 10 (of 10 available processors)

Solution count 1: 186326 

Optimal solution found (tolerance 1.00e-04)
Best objective 1.863255000000e+05, best bound 1.863115000000e+05, gap 0.0075%
Solução ótima encontrada.
Set parameter TimeLimit to value 25200
Set parameter TimeLimit to value 600
Gurobi Optimizer version 10.0.2 build v10.0.2rc0 (mac64[arm])

CPU model: Apple M5
Thread count: 10 physical cores, 10 logical processors, using up to 10 threads

Optimize a model with 548706 rows, 284763 columns and 1341935 nonzeros
Model fingerprint: 0x39d75d08
Variable types: 0 continuous, 284763 integer (264707 binary)
Coefficient statistics:
  Matrix range     [1e+00, 8e+01]
  Objective range  [5e-01, 2e+03]
  Bounds range     [1e+00, 1e+00]
  RHS range        [1e+00, 1e+02]

User MIP start produced solution with objective 186326 (0.11s)
Loaded user MIP start with objective 186326
MIP start from previous solve did not produce a new incumbent solution

Presolve removed 528006 rows and 268071 columns
Presolve time: 0.26s
Presolved: 20700 rows, 16692 columns, 60271 nonzeros
Variable types: 0 continuous, 16692 integer (16692 binary)

Root relaxation: objective 1.862055e+05, 9469 iterations, 0.48 seconds (1.31 work units)

    Nodes    |    Current Node    |     Objective Bounds      |     Work
 Expl Unexpl |  Obj  Depth IntInf | Incumbent    BestBd   Gap | It/Node Time

     0     0 186205.500    0  547 186325.500 186205.500  0.06%     -    1s
     0     0 186205.500    0  547 186325.500 186205.500  0.06%     -    1s
     0     0 186205.500    0  156 186325.500 186205.500  0.06%     -    1s
     0     0 186205.500    0  158 186325.500 186205.500  0.06%     -    1s
     0     0 186207.500    0  156 186325.500 186207.500  0.06%     -    1s
     0     0 186207.500    0  199 186325.500 186207.500  0.06%     -    1s
H    0     0                    186320.50000 186207.500  0.06%     -    1s
     0     0 186208.625    0  224 186320.500 186208.625  0.06%     -    1s
     0     0 186210.259    0  299 186320.500 186210.259  0.06%     -    1s
     0     0 186211.000    0  280 186320.500 186211.000  0.06%     -    1s
     0     0 186211.000    0  290 186320.500 186211.000  0.06%     -    1s
     0     0 186216.906    0  292 186320.500 186216.906  0.06%     -    1s
     0     0 186217.069    0  315 186320.500 186217.069  0.06%     -    1s
     0     0 186217.074    0  297 186320.500 186217.074  0.06%     -    1s
     0     0 186219.955    0  246 186320.500 186219.955  0.05%     -    1s
H    0     0                    186275.50000 186219.955  0.03%     -    1s
     0     0 186220.125    0  107 186275.500 186220.125  0.03%     -    1s
     0     0 186220.125    0  228 186275.500 186220.125  0.03%     -    1s
     0     0 186220.125    0  275 186275.500 186220.125  0.03%     -    1s
     0     0 186220.125    0  272 186275.500 186220.125  0.03%     -    1s
     0     0 186220.125    0  272 186275.500 186220.125  0.03%     -    1s
     0     0 186220.500    0  259 186275.500 186220.500  0.03%     -    1s
     0     0 186221.198    0  287 186275.500 186221.198  0.03%     -    1s
     0     0 186221.347    0  280 186275.500 186221.347  0.03%     -    1s
     0     0 186221.347    0  288 186275.500 186221.347  0.03%     -    1s
     0     0 186222.154    0  259 186275.500 186222.154  0.03%     -    1s
     0     0 186222.325    0  244 186275.500 186222.325  0.03%     -    1s
     0     0 186222.443    0  248 186275.500 186222.443  0.03%     -    1s
     0     0 186222.463    0  248 186275.500 186222.463  0.03%     -    1s
     0     0 186222.772    0  262 186275.500 186222.772  0.03%     -    1s
     0     0 186223.220    0  247 186275.500 186223.220  0.03%     -    1s
     0     0 186223.564    0  272 186275.500 186223.564  0.03%     -    1s
     0     0 186223.864    0  261 186275.500 186223.864  0.03%     -    1s
     0     0 186223.864    0  262 186275.500 186223.864  0.03%     -    1s
     0     0 186223.931    0  209 186275.500 186223.931  0.03%     -    1s
     0     2 186223.977    0  209 186275.500 186223.977  0.03%     -    1s

Cutting planes:
  Gomory: 9
  Clique: 5
  MIR: 4
  Zero half: 7
  RLT: 10
  BQP: 32

Explored 474 nodes (67945 simplex iterations) in 2.28 seconds (5.52 work units)
Thread count was 10 (of 10 available processors)

Solution count 3: 186276 186320 186326 

Optimal solution found (tolerance 1.00e-04)
Best objective 1.862755000000e+05, best bound 1.862755000000e+05, gap 0.0000%
Solução ótima encontrada.
Set parameter TimeLimit to value 25200
Set parameter TimeLimit to value 600
Gurobi Optimizer version 10.0.2 build v10.0.2rc0 (mac64[arm])

CPU model: Apple M5
Thread count: 10 physical cores, 10 logical processors, using up to 10 threads

Optimize a model with 548706 rows, 284763 columns and 1341935 nonzeros
Model fingerprint: 0x04e2cb52
Variable types: 0 continuous, 284763 integer (264707 binary)
Coefficient statistics:
  Matrix range     [1e+00, 8e+01]
  Objective range  [5e-01, 2e+03]
  Bounds range     [1e+00, 1e+00]
  RHS range        [1e+00, 1e+02]

User MIP start produced solution with objective 186276 (0.10s)
Loaded user MIP start with objective 186276
MIP start from previous solve did not produce a new incumbent solution

Presolve removed 534795 rows and 273325 columns
Presolve time: 0.22s
Presolved: 13911 rows, 11438 columns, 40493 nonzeros
Variable types: 0 continuous, 11438 integer (11438 binary)

Root relaxation: objective 1.860760e+05, 3917 iterations, 0.07 seconds (0.13 work units)

    Nodes    |    Current Node    |     Objective Bounds      |     Work
 Expl Unexpl |  Obj  Depth IntInf | Incumbent    BestBd   Gap | It/Node Time

     0     0 186076.000    0  375 186275.500 186076.000  0.11%     -    0s
     0     0 186168.000    0  375 186275.500 186168.000  0.06%     -    0s
     0     0 186171.167    0  231 186275.500 186171.167  0.06%     -    0s
     0     0 186171.167    0  113 186275.500 186171.167  0.06%     -    0s
     0     0 186171.389    0   62 186275.500 186171.389  0.06%     -    0s
     0     0 186172.000    0   62 186275.500 186172.000  0.06%     -    0s
     0     0 186177.167    0  138 186275.500 186177.167  0.05%     -    0s
     0     0 186177.292    0  148 186275.500 186177.292  0.05%     -    0s
     0     0 186177.292    0  152 186275.500 186177.292  0.05%     -    0s
     0     0 186226.750    0   31 186275.500 186226.750  0.03%     -    0s
     0     0 186229.250    0   45 186275.500 186229.250  0.02%     -    0s
     0     0 186229.250    0   36 186275.500 186229.250  0.02%     -    0s
     0     0 186229.250    0   60 186275.500 186229.250  0.02%     -    0s
     0     0 186229.250    0   72 186275.500 186229.250  0.02%     -    0s
     0     0 infeasible    0      186275.500 186275.500  0.00%     -    0s

Cutting planes:
  Gomory: 1
  Clique: 2
  MIR: 2
  Zero half: 6
  RLT: 5
  BQP: 1

Explored 1 nodes (8842 simplex iterations) in 0.62 seconds (1.56 work units)
Thread count was 10 (of 10 available processors)

Solution count 1: 186276 

Optimal solution found (tolerance 1.00e-04)
Best objective 1.862755000000e+05, best bound 1.862755000000e+05, gap 0.0000%
Solução ótima encontrada.
Set parameter TimeLimit to value 25200
Set parameter TimeLimit to value 600
Gurobi Optimizer version 10.0.2 build v10.0.2rc0 (mac64[arm])

CPU model: Apple M5
Thread count: 10 physical cores, 10 logical processors, using up to 10 threads

Optimize a model with 548706 rows, 284763 columns and 1341935 nonzeros
Model fingerprint: 0x323abb71
Variable types: 0 continuous, 284763 integer (264707 binary)
Coefficient statistics:
  Matrix range     [1e+00, 8e+01]
  Objective range  [5e-01, 2e+03]
  Bounds range     [1e+00, 1e+00]
  RHS range        [1e+00, 1e+02]

User MIP start produced solution with objective 186276 (0.10s)
Loaded user MIP start with objective 186276
MIP start from previous solve did not produce a new incumbent solution

Presolve removed 529671 rows and 269726 columns
Presolve time: 0.24s
Presolved: 19035 rows, 15037 columns, 54610 nonzeros
Variable types: 0 continuous, 15037 integer (15037 binary)

Root relaxation: objective 1.858575e+05, 12924 iterations, 0.32 seconds (0.68 work units)

    Nodes    |    Current Node    |     Objective Bounds      |     Work
 Expl Unexpl |  Obj  Depth IntInf | Incumbent    BestBd   Gap | It/Node Time

     0     0 185857.524    0  756 186275.500 185857.524  0.22%     -    0s
     0     0 185857.683    0  740 186275.500 185857.683  0.22%     -    0s
     0     0 185857.683    0  740 186275.500 185857.683  0.22%     -    0s
     0     0 185857.683    0  689 186275.500 185857.683  0.22%     -    1s
     0     0 186017.496    0 1461 186275.500 186017.496  0.14%     -    1s
     0     0 186017.496    0 1432 186275.500 186017.496  0.14%     -    1s
     0     0 186019.193    0 1354 186275.500 186019.193  0.14%     -    1s
     0     0 186019.241    0 1384 186275.500 186019.241  0.14%     -    1s
     0     0 186019.380    0 1353 186275.500 186019.380  0.14%     -    1s
     0     0 186021.728    0 1347 186275.500 186021.728  0.14%     -    1s
     0     0 186021.750    0 1351 186275.500 186021.750  0.14%     -    1s
     0     0 186182.400    0  624 186275.500 186182.400  0.05%     -    2s
     0     0 186182.400    0  720 186275.500 186182.400  0.05%     -    2s
     0     0 186182.400    0  618 186275.500 186182.400  0.05%     -    2s
     0     0 186182.400    0  653 186275.500 186182.400  0.05%     -    3s
     0     0 186182.400    0  995 186275.500 186182.400  0.05%     -    3s
     0     0 186182.400    0  711 186275.500 186182.400  0.05%     -    3s
     0     0 186182.400    0  705 186275.500 186182.400  0.05%     -    3s
     0     0 186222.000    0  554 186275.500 186222.000  0.03%     -    3s
     0     0 186227.316    0  651 186275.500 186227.316  0.03%     -    3s
     0     0 186240.862    0  999 186275.500 186240.862  0.02%     -    3s
     0     0 186245.602    0  741 186275.500 186245.602  0.02%     -    3s
     0     0 186246.436    0  779 186275.500 186246.436  0.02%     -    3s
     0     0 186247.621    0  712 186275.500 186247.621  0.01%     -    3s
     0     0 186247.621    0  709 186275.500 186247.621  0.01%     -    3s
     0     0 186247.966    0  713 186275.500 186247.966  0.01%     -    3s
     0     0 186248.276    0  725 186275.500 186248.276  0.01%     -    3s
     0     0 186248.450    0  722 186275.500 186248.450  0.01%     -    3s
     0     0 186248.833    0  703 186275.500 186248.833  0.01%     -    3s
     0     0     cutoff    0      186275.500 186275.500  0.00%     -    3s

Cutting planes:
  Gomory: 4
  Implied bound: 7
  Clique: 8
  MIR: 3
  Zero half: 10
  RLT: 38
  BQP: 14

Explored 1 nodes (58913 simplex iterations) in 3.32 seconds (7.04 work units)
Thread count was 10 (of 10 available processors)

Solution count 1: 186276 

Optimal solution found (tolerance 1.00e-04)
Best objective 1.862755000000e+05, best bound 1.862755000000e+05, gap 0.0000%
Solução ótima encontrada.
Set parameter TimeLimit to value 25200
Set parameter TimeLimit to value 600
Gurobi Optimizer version 10.0.2 build v10.0.2rc0 (mac64[arm])

CPU model: Apple M5
Thread count: 10 physical cores, 10 logical processors, using up to 10 threads

Optimize a model with 548706 rows, 284763 columns and 1341935 nonzeros
Model fingerprint: 0xf77395f3
Variable types: 0 continuous, 284763 integer (264707 binary)
Coefficient statistics:
  Matrix range     [1e+00, 8e+01]
  Objective range  [5e-01, 2e+03]
  Bounds range     [1e+00, 1e+00]
  RHS range        [1e+00, 1e+02]

User MIP start produced solution with objective 186276 (0.11s)
Loaded user MIP start with objective 186276
MIP start from previous solve did not produce a new incumbent solution

Presolve removed 531701 rows and 270925 columns
Presolve time: 0.24s
Presolved: 17005 rows, 13838 columns, 50123 nonzeros
Variable types: 0 continuous, 13838 integer (13838 binary)

Root relaxation: objective 1.855235e+05, 2722 iterations, 0.05 seconds (0.10 work units)

    Nodes    |    Current Node    |     Objective Bounds      |     Work
 Expl Unexpl |  Obj  Depth IntInf | Incumbent    BestBd   Gap | It/Node Time

     0     0 185523.500    0  622 186275.500 185523.500  0.40%     -    0s
     0     0 186045.833    0  735 186275.500 186045.833  0.12%     -    0s
     0     0 186058.375    0  611 186275.500 186058.375  0.12%     -    0s
     0     0 186113.861    0  605 186275.500 186113.861  0.09%     -    0s
     0     0 186235.500    0  206 186275.500 186235.500  0.02%     -    0s
     0     0 186249.667    0  373 186275.500 186249.667  0.01%     -    0s
     0     0 186253.000    0  277 186275.500 186253.000  0.01%     -    0s
     0     0 186253.000    0  219 186275.500 186253.000  0.01%     -    0s
     0     0 186254.861    0  359 186275.500 186254.861  0.01%     -    0s
     0     0 186254.861    0   90 186275.500 186254.861  0.01%     -    0s
     0     0 186254.861    0  151 186275.500 186254.861  0.01%     -    0s
     0     0 186256.651    0  130 186275.500 186256.651  0.01%     -    0s

Cutting planes:
  Gomory: 4
  Zero half: 9
  RLT: 2
  BQP: 13

Explored 1 nodes (10449 simplex iterations) in 0.80 seconds (1.88 work units)
Thread count was 10 (of 10 available processors)

Solution count 1: 186276 

Optimal solution found (tolerance 1.00e-04)
Best objective 1.862755000000e+05, best bound 1.862570000000e+05, gap 0.0099%
Solução ótima encontrada.
Set parameter TimeLimit to value 25200
Set parameter TimeLimit to value 600
Gurobi Optimizer version 10.0.2 build v10.0.2rc0 (mac64[arm])

CPU model: Apple M5
Thread count: 10 physical cores, 10 logical processors, using up to 10 threads

Optimize a model with 548706 rows, 284763 columns and 1341935 nonzeros
Model fingerprint: 0x06404cb2
Variable types: 0 continuous, 284763 integer (264707 binary)
Coefficient statistics:
  Matrix range     [1e+00, 8e+01]
  Objective range  [5e-01, 2e+03]
  Bounds range     [1e+00, 1e+00]
  RHS range        [1e+00, 1e+02]

User MIP start produced solution with objective 186276 (0.10s)
Loaded user MIP start with objective 186276
MIP start from previous solve did not produce a new incumbent solution

Presolve removed 542995 rows and 279856 columns
Presolve time: 0.18s
Presolved: 5711 rows, 4907 columns, 16116 nonzeros
Variable types: 0 continuous, 4907 integer (4907 binary)

Root relaxation: cutoff, 882 iterations, 0.01 seconds (0.02 work units)

    Nodes    |    Current Node    |     Objective Bounds      |     Work
 Expl Unexpl |  Obj  Depth IntInf | Incumbent    BestBd   Gap | It/Node Time

     0     0     cutoff    0      186275.500 186275.500  0.00%     -    0s

Explored 1 nodes (882 simplex iterations) in 0.31 seconds (0.89 work units)
Thread count was 10 (of 10 available processors)

Solution count 1: 186276 

Optimal solution found (tolerance 1.00e-04)
Best objective 1.862755000000e+05, best bound 1.862755000000e+05, gap 0.0000%
Solução ótima encontrada.
Set parameter TimeLimit to value 25200
Set parameter TimeLimit to value 600
Gurobi Optimizer version 10.0.2 build v10.0.2rc0 (mac64[arm])

CPU model: Apple M5
Thread count: 10 physical cores, 10 logical processors, using up to 10 threads

Optimize a model with 548706 rows, 284763 columns and 1341935 nonzeros
Model fingerprint: 0xd47b2231
Variable types: 0 continuous, 284763 integer (264707 binary)
Coefficient statistics:
  Matrix range     [1e+00, 8e+01]
  Objective range  [5e-01, 2e+03]
  Bounds range     [1e+00, 1e+00]
  RHS range        [1e+00, 1e+02]

User MIP start produced solution with objective 186276 (0.10s)
Loaded user MIP start with objective 186276
MIP start from previous solve did not produce a new incumbent solution

Presolve removed 531018 rows and 270925 columns
Presolve time: 0.16s
Presolved: 17688 rows, 13838 columns, 49799 nonzeros
Variable types: 0 continuous, 13838 integer (13838 binary)

Root relaxation: objective 1.862358e+05, 1390 iterations, 0.02 seconds (0.04 work units)

    Nodes    |    Current Node    |     Objective Bounds      |     Work
 Expl Unexpl |  Obj  Depth IntInf | Incumbent    BestBd   Gap | It/Node Time

     0     0 186235.750    0  253 186275.500 186235.750  0.02%     -    0s
     0     0 186235.750    0  253 186275.500 186235.750  0.02%     -    0s
     0     0 186248.250    0   67 186275.500 186248.250  0.01%     -    0s

Cutting planes:
  Clique: 10
  MIR: 4
  Zero half: 6
  RLT: 3
  BQP: 4

Explored 1 nodes (2899 simplex iterations) in 0.39 seconds (1.10 work units)
Thread count was 10 (of 10 available processors)

Solution count 1: 186276 

Optimal solution found (tolerance 1.00e-04)
Best objective 1.862755000000e+05, best bound 1.862605000000e+05, gap 0.0081%
Solução ótima encontrada.
Set parameter TimeLimit to value 25200
Set parameter TimeLimit to value 600
Gurobi Optimizer version 10.0.2 build v10.0.2rc0 (mac64[arm])

CPU model: Apple M5
Thread count: 10 physical cores, 10 logical processors, using up to 10 threads

Optimize a model with 548706 rows, 284763 columns and 1341935 nonzeros
Model fingerprint: 0x838568bf
Variable types: 0 continuous, 284763 integer (264707 binary)
Coefficient statistics:
  Matrix range     [1e+00, 8e+01]
  Objective range  [5e-01, 2e+03]
  Bounds range     [1e+00, 1e+00]
  RHS range        [1e+00, 1e+02]

User MIP start produced solution with objective 186276 (0.10s)
Loaded user MIP start with objective 186276
MIP start from previous solve did not produce a new incumbent solution

Presolve removed 531825 rows and 272626 columns
Presolve time: 0.22s
Presolved: 16881 rows, 12137 columns, 48532 nonzeros
Variable types: 0 continuous, 12137 integer (12137 binary)

Root relaxation: objective 1.860208e+05, 7810 iterations, 0.18 seconds (0.36 work units)

    Nodes    |    Current Node    |     Objective Bounds      |     Work
 Expl Unexpl |  Obj  Depth IntInf | Incumbent    BestBd   Gap | It/Node Time

     0     0 186020.750    0  639 186275.500 186020.750  0.14%     -    0s
     0     0 186052.250    0  598 186275.500 186052.250  0.12%     -    0s
     0     0 186052.250    0  598 186275.500 186052.250  0.12%     -    0s
     0     0 186052.250    0  548 186275.500 186052.250  0.12%     -    1s
     0     0 186089.591    0  465 186275.500 186089.591  0.10%     -    1s
     0     0 186092.300    0  486 186275.500 186092.300  0.10%     -    1s
     0     0 186092.300    0  509 186275.500 186092.300  0.10%     -    1s
     0     0 186112.214    0  638 186275.500 186112.214  0.09%     -    1s
     0     0 186113.813    0  648 186275.500 186113.813  0.09%     -    1s
     0     0 186115.063    0  649 186275.500 186115.063  0.09%     -    1s
     0     0 186115.625    0  656 186275.500 186115.625  0.09%     -    1s
     0     0 186115.667    0  648 186275.500 186115.667  0.09%     -    1s
     0     0 186124.000    0  638 186275.500 186124.000  0.08%     -    1s
     0     0 186125.050    0  690 186275.500 186125.050  0.08%     -    1s
     0     0 186126.372    0  683 186275.500 186126.372  0.08%     -    1s
     0     0 186126.372    0  695 186275.500 186126.372  0.08%     -    1s
     0     0 186127.052    0  711 186275.500 186127.052  0.08%     -    1s
     0     0 186127.100    0  707 186275.500 186127.100  0.08%     -    1s
     0     0 186127.177    0  718 186275.500 186127.177  0.08%     -    1s
     0     0 186127.378    0  710 186275.500 186127.378  0.08%     -    1s
     0     0 186127.407    0  691 186275.500 186127.407  0.08%     -    1s
     0     0 186129.044    0  708 186275.500 186129.044  0.08%     -    1s
     0     0 186129.475    0  336 186275.500 186129.475  0.08%     -    1s
     0     0 186129.475    0  454 186275.500 186129.475  0.08%     -    1s
     0     0 186129.475    0  425 186275.500 186129.475  0.08%     -    1s
     0     0 186129.475    0  468 186275.500 186129.475  0.08%     -    1s
     0     0 186129.475    0  461 186275.500 186129.475  0.08%     -    1s
     0     0 186129.796    0  462 186275.500 186129.796  0.08%     -    1s
     0     0 186133.576    0  460 186275.500 186133.576  0.08%     -    1s
     0     0 186135.125    0  451 186275.500 186135.125  0.08%     -    1s
     0     0 186135.125    0  450 186275.500 186135.125  0.08%     -    1s
     0     0 186175.500    0  432 186275.500 186175.500  0.05%     -    1s
     0     0 186182.000    0  425 186275.500 186182.000  0.05%     -    1s
     0     0 186182.250    0  465 186275.500 186182.250  0.05%     -    2s
     0     0 186182.250    0  447 186275.500 186182.250  0.05%     -    2s
     0     0 186185.500    0  416 186275.500 186185.500  0.05%     -    2s
     0     0 186187.000    0  420 186275.500 186187.000  0.05%     -    2s
     0     0 186191.000    0  459 186275.500 186191.000  0.05%     -    2s
     0     0 186191.000    0  465 186275.500 186191.000  0.05%     -    2s
     0     0 186191.000    0  466 186275.500 186191.000  0.05%     -    2s
     0     0 186193.500    0  489 186275.500 186193.500  0.04%     -    2s
     0     0 186193.500    0  259 186275.500 186193.500  0.04%     -    2s
     0     0 186193.500    0  297 186275.500 186193.500  0.04%     -    2s
     0     0 186193.500    0  368 186275.500 186193.500  0.04%     -    2s
     0     0 186193.500    0  221 186275.500 186193.500  0.04%     -    2s
     0     0 186193.500    0  305 186275.500 186193.500  0.04%     -    2s
     0     0 186193.500    0  354 186275.500 186193.500  0.04%     -    2s
     0     0 186193.500    0  278 186275.500 186193.500  0.04%     -    2s
     0     0 186193.500    0  361 186275.500 186193.500  0.04%     -    2s
     0     0 186193.500    0  366 186275.500 186193.500  0.04%     -    2s
     0     0 186193.500    0  367 186275.500 186193.500  0.04%     -    2s
     0     0 186193.500    0  279 186275.500 186193.500  0.04%     -    2s
     0     0 186193.500    0  362 186275.500 186193.500  0.04%     -    2s
     0     0 186193.500    0  375 186275.500 186193.500  0.04%     -    2s
     0     0 186193.500    0  390 186275.500 186193.500  0.04%     -    2s
     0     0 186254.500    0  380 186275.500 186254.500  0.01%     -    2s
     0     0 186257.250    0  372 186275.500 186257.250  0.01%     -    2s

Cutting planes:
  Gomory: 3
  MIR: 5
  Zero half: 32
  RLT: 5
  BQP: 14

Explored 1 nodes (29114 simplex iterations) in 2.35 seconds (5.15 work units)
Thread count was 10 (of 10 available processors)

Solution count 1: 186276 

Optimal solution found (tolerance 1.00e-04)
Best objective 1.862755000000e+05, best bound 1.862575000000e+05, gap 0.0097%
Solução ótima encontrada.
Set parameter TimeLimit to value 25200
Set parameter TimeLimit to value 600
Gurobi Optimizer version 10.0.2 build v10.0.2rc0 (mac64[arm])

CPU model: Apple M5
Thread count: 10 physical cores, 10 logical processors, using up to 10 threads

Optimize a model with 548706 rows, 284763 columns and 1341935 nonzeros
Model fingerprint: 0xbf3c32d0
Variable types: 0 continuous, 284763 integer (264707 binary)
Coefficient statistics:
  Matrix range     [1e+00, 8e+01]
  Objective range  [5e-01, 2e+03]
  Bounds range     [1e+00, 1e+00]
  RHS range        [1e+00, 1e+02]

User MIP start produced solution with objective 186276 (0.11s)
Loaded user MIP start with objective 186276
MIP start from previous solve did not produce a new incumbent solution

Presolve removed 547488 rows and 283660 columns
Presolve time: 0.16s
Presolved: 1218 rows, 1103 columns, 3463 nonzeros
Variable types: 0 continuous, 1103 integer (1103 binary)

Root relaxation: cutoff, 161 iterations, 0.00 seconds (0.00 work units)

    Nodes    |    Current Node    |     Objective Bounds      |     Work
 Expl Unexpl |  Obj  Depth IntInf | Incumbent    BestBd   Gap | It/Node Time

     0     0     cutoff    0      186275.500 186275.500  0.00%     -    0s

Explored 1 nodes (161 simplex iterations) in 0.29 seconds (0.83 work units)
Thread count was 10 (of 10 available processors)

Solution count 1: 186276 

Optimal solution found (tolerance 1.00e-04)
Best objective 1.862755000000e+05, best bound 1.862755000000e+05, gap 0.0000%
Solução ótima encontrada.
Set parameter TimeLimit to value 25200
Set parameter TimeLimit to value 600
Gurobi Optimizer version 10.0.2 build v10.0.2rc0 (mac64[arm])

CPU model: Apple M5
Thread count: 10 physical cores, 10 logical processors, using up to 10 threads

Optimize a model with 548706 rows, 284763 columns and 1341935 nonzeros
Model fingerprint: 0x8fd68538
Variable types: 0 continuous, 284763 integer (264707 binary)
Coefficient statistics:
  Matrix range     [1e+00, 8e+01]
  Objective range  [5e-01, 2e+03]
  Bounds range     [1e+00, 1e+00]
  RHS range        [1e+00, 1e+02]

User MIP start produced solution with objective 186276 (0.10s)
Loaded user MIP start with objective 186276
MIP start from previous solve did not produce a new incumbent solution

Presolve removed 545461 rows and 281897 columns
Presolve time: 0.16s
Presolved: 3245 rows, 2866 columns, 9137 nonzeros
Variable types: 0 continuous, 2866 integer (2866 binary)

Root relaxation: cutoff, 138 iterations, 0.00 seconds (0.00 work units)

    Nodes    |    Current Node    |     Objective Bounds      |     Work
 Expl Unexpl |  Obj  Depth IntInf | Incumbent    BestBd   Gap | It/Node Time

     0     0     cutoff    0      186275.500 186275.500  0.00%     -    0s

Explored 1 nodes (138 simplex iterations) in 0.28 seconds (0.86 work units)
Thread count was 10 (of 10 available processors)

Solution count 1: 186276 

Optimal solution found (tolerance 1.00e-04)
Best objective 1.862755000000e+05, best bound 1.862755000000e+05, gap 0.0000%
Solução ótima encontrada.
Set parameter TimeLimit to value 25200
Set parameter TimeLimit to value 600
Gurobi Optimizer version 10.0.2 build v10.0.2rc0 (mac64[arm])

CPU model: Apple M5
Thread count: 10 physical cores, 10 logical processors, using up to 10 threads

Optimize a model with 548706 rows, 284763 columns and 1341935 nonzeros
Model fingerprint: 0xfb93d80d
Variable types: 0 continuous, 284763 integer (264707 binary)
Coefficient statistics:
  Matrix range     [1e+00, 8e+01]
  Objective range  [5e-01, 2e+03]
  Bounds range     [1e+00, 1e+00]
  RHS range        [1e+00, 1e+02]

User MIP start produced solution with objective 186276 (0.10s)
Loaded user MIP start with objective 186276
MIP start from previous solve did not produce a new incumbent solution

Presolve removed 542540 rows and 279577 columns
Presolve time: 0.17s
Presolved: 6166 rows, 5186 columns, 17446 nonzeros
Variable types: 0 continuous, 5186 integer (5186 binary)

Root relaxation: objective 1.862705e+05, 1556 iterations, 0.02 seconds (0.03 work units)

    Nodes    |    Current Node    |     Objective Bounds      |     Work
 Expl Unexpl |  Obj  Depth IntInf | Incumbent    BestBd   Gap | It/Node Time

     0     0 186270.500    0  107 186275.500 186270.500  0.00%     -    0s

Explored 1 nodes (2051 simplex iterations) in 0.33 seconds (0.95 work units)
Thread count was 10 (of 10 available processors)

Solution count 1: 186276 

Optimal solution found (tolerance 1.00e-04)
Best objective 1.862755000000e+05, best bound 1.862705000000e+05, gap 0.0027%
Solução ótima encontrada.
Set parameter TimeLimit to value 25200
Set parameter TimeLimit to value 600
Gurobi Optimizer version 10.0.2 build v10.0.2rc0 (mac64[arm])

CPU model: Apple M5
Thread count: 10 physical cores, 10 logical processors, using up to 10 threads

Optimize a model with 548706 rows, 284763 columns and 1341935 nonzeros
Model fingerprint: 0xd8df3fb9
Variable types: 0 continuous, 284763 integer (264707 binary)
Coefficient statistics:
  Matrix range     [1e+00, 8e+01]
  Objective range  [5e-01, 2e+03]
  Bounds range     [1e+00, 1e+00]
  RHS range        [1e+00, 1e+02]

User MIP start produced solution with objective 186276 (0.10s)
Loaded user MIP start with objective 186276
MIP start from previous solve did not produce a new incumbent solution

Presolve removed 536866 rows and 275295 columns
Presolve time: 0.21s
Presolved: 11840 rows, 9468 columns, 34194 nonzeros
Variable types: 0 continuous, 9468 integer (9468 binary)

Root relaxation: objective 1.860015e+05, 9525 iterations, 0.36 seconds (1.00 work units)

    Nodes    |    Current Node    |     Objective Bounds      |     Work
 Expl Unexpl |  Obj  Depth IntInf | Incumbent    BestBd   Gap | It/Node Time

     0     0 186001.500    0  390 186275.500 186001.500  0.15%     -    1s
     0     0 186034.205    0  935 186275.500 186034.205  0.13%     -    1s
     0     0 186034.205    0  328 186275.500 186034.205  0.13%     -    1s
     0     0 186040.000    0  602 186275.500 186040.000  0.13%     -    1s
     0     0 186040.000    0  615 186275.500 186040.000  0.13%     -    1s
     0     0 186040.000    0  538 186275.500 186040.000  0.13%     -    1s
     0     0 186080.917    0  410 186275.500 186080.917  0.10%     -    1s
     0     0 186080.917    0  142 186275.500 186080.917  0.10%     -    1s
     0     0 186080.917    0  295 186275.500 186080.917  0.10%     -    1s
     0     0 186080.958    0  160 186275.500 186080.958  0.10%     -    1s
     0     0 186083.000    0  100 186275.500 186083.000  0.10%     -    1s
     0     0 186094.100    0  138 186275.500 186094.100  0.10%     -    1s
     0     0 186094.773    0  135 186275.500 186094.773  0.10%     -    1s
     0     0 186094.773    0  137 186275.500 186094.773  0.10%     -    1s
     0     0 186098.667    0  125 186275.500 186098.667  0.09%     -    1s
     0     0 186099.500    0  117 186275.500 186099.500  0.09%     -    1s
     0     0 186101.269    0  215 186275.500 186101.269  0.09%     -    1s
     0     0 186101.732    0  207 186275.500 186101.732  0.09%     -    1s
     0     0 186101.861    0  201 186275.500 186101.861  0.09%     -    1s
     0     0 186101.877    0  205 186275.500 186101.877  0.09%     -    1s
     0     0 186109.300    0  164 186275.500 186109.300  0.09%     -    2s
     0     0 186112.031    0  201 186275.500 186112.031  0.09%     -    2s
     0     0 186112.841    0  199 186275.500 186112.841  0.09%     -    2s
     0     0 186113.333    0  178 186275.500 186113.333  0.09%     -    2s
     0     0 186113.500    0  196 186275.500 186113.500  0.09%     -    2s
     0     0 186113.598    0  196 186275.500 186113.598  0.09%     -    2s
     0     0 186118.429    0  190 186275.500 186118.429  0.08%     -    2s
     0     2 186118.471    0  184 186275.500 186118.471  0.08%     -    2s

Cutting planes:
  Gomory: 1
  Lift-and-project: 4
  Implied bound: 2
  Clique: 57
  Zero half: 18
  RLT: 43
  BQP: 42

Explored 253 nodes (47485 simplex iterations) in 2.23 seconds (5.43 work units)
Thread count was 10 (of 10 available processors)

Solution count 1: 186276 

Optimal solution found (tolerance 1.00e-04)
Best objective 1.862755000000e+05, best bound 1.862605000000e+05, gap 0.0081%
Solução ótima encontrada.
Set parameter TimeLimit to value 25200
Set parameter TimeLimit to value 600
Gurobi Optimizer version 10.0.2 build v10.0.2rc0 (mac64[arm])

CPU model: Apple M5
Thread count: 10 physical cores, 10 logical processors, using up to 10 threads

Optimize a model with 548706 rows, 284763 columns and 1341935 nonzeros
Model fingerprint: 0xb2e7c571
Variable types: 0 continuous, 284763 integer (264707 binary)
Coefficient statistics:
  Matrix range     [1e+00, 8e+01]
  Objective range  [5e-01, 2e+03]
  Bounds range     [1e+00, 1e+00]
  RHS range        [1e+00, 1e+02]

User MIP start produced solution with objective 186276 (0.10s)
Loaded user MIP start with objective 186276
MIP start from previous solve did not produce a new incumbent solution

Presolve removed 543335 rows and 280184 columns
Presolve time: 0.18s
Presolved: 5371 rows, 4579 columns, 15259 nonzeros
Variable types: 0 continuous, 4579 integer (4579 binary)

Root relaxation: objective 1.862505e+05, 950 iterations, 0.01 seconds (0.02 work units)

    Nodes    |    Current Node    |     Objective Bounds      |     Work
 Expl Unexpl |  Obj  Depth IntInf | Incumbent    BestBd   Gap | It/Node Time

     0     0 186250.500    0  180 186275.500 186250.500  0.01%     -    0s
     0     0 186250.500    0  180 186275.500 186250.500  0.01%     -    0s
     0     0 186250.500    0   58 186275.500 186250.500  0.01%     -    0s
     0     0 186252.167    0   75 186275.500 186252.167  0.01%     -    0s
     0     0 186255.500    0   90 186275.500 186255.500  0.01%     -    0s
     0     0 186256.750    0   45 186275.500 186256.750  0.01%     -    0s

Cutting planes:
  Gomory: 1
  Zero half: 5
  RLT: 3
  BQP: 5

Explored 1 nodes (1898 simplex iterations) in 0.36 seconds (0.96 work units)
Thread count was 10 (of 10 available processors)

Solution count 1: 186276 

Optimal solution found (tolerance 1.00e-04)
Best objective 1.862755000000e+05, best bound 1.862570000000e+05, gap 0.0099%
Solução ótima encontrada.
Set parameter TimeLimit to value 25200
Set parameter TimeLimit to value 600
Gurobi Optimizer version 10.0.2 build v10.0.2rc0 (mac64[arm])

CPU model: Apple M5
Thread count: 10 physical cores, 10 logical processors, using up to 10 threads

Optimize a model with 548706 rows, 284763 columns and 1341935 nonzeros
Model fingerprint: 0x63db434f
Variable types: 0 continuous, 284763 integer (264707 binary)
Coefficient statistics:
  Matrix range     [1e+00, 8e+01]
  Objective range  [5e-01, 2e+03]
  Bounds range     [1e+00, 1e+00]
  RHS range        [1e+00, 1e+02]

User MIP start produced solution with objective 186276 (0.10s)
Loaded user MIP start with objective 186276
MIP start from previous solve did not produce a new incumbent solution

Presolve removed 530470 rows and 271261 columns
Presolve time: 0.23s
Presolved: 18236 rows, 13502 columns, 52113 nonzeros
Variable types: 0 continuous, 13502 integer (13502 binary)

Root relaxation: objective 1.861535e+05, 10631 iterations, 0.33 seconds (0.71 work units)

    Nodes    |    Current Node    |     Objective Bounds      |     Work
 Expl Unexpl |  Obj  Depth IntInf | Incumbent    BestBd   Gap | It/Node Time

     0     0 186153.500    0  550 186275.500 186153.500  0.07%     -    0s
     0     0 186153.500    0  550 186275.500 186153.500  0.07%     -    0s
     0     0 186153.500    0  240 186275.500 186153.500  0.07%     -    0s
     0     0 infeasible    0      186275.500 186275.500  0.00%     -    0s

Cutting planes:
  Gomory: 2
  Clique: 5
  MIR: 1
  Zero half: 15
  RLT: 9
  BQP: 21

Explored 1 nodes (14267 simplex iterations) in 0.87 seconds (2.25 work units)
Thread count was 10 (of 10 available processors)

Solution count 1: 186276 

Optimal solution found (tolerance 1.00e-04)
Best objective 1.862755000000e+05, best bound 1.862755000000e+05, gap 0.0000%
Solução ótima encontrada.
Set parameter TimeLimit to value 25200
Set parameter TimeLimit to value 600
Gurobi Optimizer version 10.0.2 build v10.0.2rc0 (mac64[arm])

CPU model: Apple M5
Thread count: 10 physical cores, 10 logical processors, using up to 10 threads

Optimize a model with 548706 rows, 284763 columns and 1341935 nonzeros
Model fingerprint: 0x6b37588e
Variable types: 0 continuous, 284763 integer (264707 binary)
Coefficient statistics:
  Matrix range     [1e+00, 8e+01]
  Objective range  [5e-01, 2e+03]
  Bounds range     [1e+00, 1e+00]
  RHS range        [1e+00, 1e+02]

User MIP start produced solution with objective 186276 (0.10s)
Loaded user MIP start with objective 186276
MIP start from previous solve did not produce a new incumbent solution

Presolve removed 528006 rows and 268071 columns
Presolve time: 0.26s
Presolved: 20700 rows, 16692 columns, 60271 nonzeros
Variable types: 0 continuous, 16692 integer (16692 binary)

Root relaxation: objective 1.862055e+05, 9469 iterations, 0.48 seconds (1.31 work units)

    Nodes    |    Current Node    |     Objective Bounds      |     Work
 Expl Unexpl |  Obj  Depth IntInf | Incumbent    BestBd   Gap | It/Node Time

     0     0 186205.500    0  547 186275.500 186205.500  0.04%     -    1s
     0     0 186205.500    0  547 186275.500 186205.500  0.04%     -    1s
     0     0 186205.500    0  153 186275.500 186205.500  0.04%     -    1s
     0     0 186205.500    0  181 186275.500 186205.500  0.04%     -    1s
     0     0 186208.500    0   99 186275.500 186208.500  0.04%     -    1s
     0     0 186208.500    0  167 186275.500 186208.500  0.04%     -    1s
     0     0 186210.375    0  232 186275.500 186210.375  0.03%     -    1s
     0     0 186210.750    0  199 186275.500 186210.750  0.03%     -    1s
     0     2 186210.875    0  199 186275.500 186210.875  0.03%     -    1s

Cutting planes:
  Gomory: 3
  Clique: 2
  Zero half: 13
  RLT: 13
  BQP: 18

Explored 6456 nodes (292646 simplex iterations) in 3.63 seconds (8.11 work units)
Thread count was 10 (of 10 available processors)

Solution count 1: 186276 

Optimal solution found (tolerance 1.00e-04)
Best objective 1.862755000000e+05, best bound 1.862755000000e+05, gap 0.0000%
Solução ótima encontrada.
Set parameter TimeLimit to value 25200
Set parameter TimeLimit to value 600
Gurobi Optimizer version 10.0.2 build v10.0.2rc0 (mac64[arm])

CPU model: Apple M5
Thread count: 10 physical cores, 10 logical processors, using up to 10 threads

Optimize a model with 548706 rows, 284763 columns and 1341935 nonzeros
Model fingerprint: 0x6952add1
Variable types: 0 continuous, 284763 integer (264707 binary)
Coefficient statistics:
  Matrix range     [1e+00, 8e+01]
  Objective range  [5e-01, 2e+03]
  Bounds range     [1e+00, 1e+00]
  RHS range        [1e+00, 1e+02]

User MIP start produced solution with objective 186276 (0.10s)
Loaded user MIP start with objective 186276
MIP start from previous solve did not produce a new incumbent solution

Presolve removed 512054 rows and 256276 columns
Presolve time: 0.32s
Presolved: 36652 rows, 28487 columns, 109820 nonzeros
Variable types: 0 continuous, 28487 integer (28487 binary)
Deterministic concurrent LP optimizer: primal and dual simplex
Showing first log only...

Concurrent spin time: 0.00s

Solved with dual simplex

Root relaxation: objective 1.856605e+05, 19298 iterations, 0.65 seconds (1.50 work units)

    Nodes    |    Current Node    |     Objective Bounds      |     Work
 Expl Unexpl |  Obj  Depth IntInf | Incumbent    BestBd   Gap | It/Node Time

     0     0 185660.524    0 1114 186275.500 185660.524  0.33%     -    1s
     0     0 185841.750    0  904 186275.500 185841.750  0.23%     -    2s
     0     0 185841.750    0  904 186275.500 185841.750  0.23%     -    2s
     0     0 185845.321    0  909 186275.500 185845.321  0.23%     -    2s
     0     0 185845.639    0  918 186275.500 185845.639  0.23%     -    2s
     0     0 185934.731    0 1999 186275.500 185934.731  0.18%     -    2s
     0     0 185934.731    0 1107 186275.500 185934.731  0.18%     -    3s
     0     0 185934.731    0 1102 186275.500 185934.731  0.18%     -    3s
     0     0 185934.731    0 1990 186275.500 185934.731  0.18%     -    4s
     0     0 185934.731    0 1988 186275.500 185934.731  0.18%     -    4s
     0     0 185947.603    0 1990 186275.500 185947.603  0.18%     -    5s
     0     0 185950.304    0 1843 186275.500 185950.304  0.17%     -    5s
     0     0 185950.304    0 1838 186275.500 185950.304  0.17%     -    5s
     0     0 185950.948    0 1950 186275.500 185950.948  0.17%     -    5s
     0     0 186028.493    0 1450 186275.500 186028.493  0.13%     -    5s
     0     0 186028.983    0 1374 186275.500 186028.983  0.13%     -    5s
     0     0 186037.739    0 1243 186275.500 186037.739  0.13%     -    5s
     0     0 186037.739    0 1246 186275.500 186037.739  0.13%     -    6s
     0     0 186060.691    0 1457 186275.500 186060.691  0.12%     -    6s
     0     0 186060.691    0  768 186275.500 186060.691  0.12%     -    6s
     0     0 186128.397    0 1174 186275.500 186128.397  0.08%     -    7s
     0     0 186175.000    0  386 186275.500 186175.000  0.05%     -    7s
     0     0 186175.917    0  375 186275.500 186175.917  0.05%     -    7s
     0     0 186175.917    0  380 186275.500 186175.917  0.05%     -    7s
     0     0 186175.917    0  559 186275.500 186175.917  0.05%     -    7s
     0     0 186175.917    0  119 186275.500 186175.917  0.05%     -    7s
     0     0 186175.917    0  161 186275.500 186175.917  0.05%     -    7s
     0     0 186177.125    0  165 186275.500 186177.125  0.05%     -    7s
     0     0 186177.685    0  172 186275.500 186177.685  0.05%     -    7s
     0     0 186177.889    0  165 186275.500 186177.889  0.05%     -    7s
     0     0 186177.889    0  179 186275.500 186177.889  0.05%     -    7s
     0     0 186178.039    0  182 186275.500 186178.039  0.05%     -    7s
     0     0 186178.191    0  178 186275.500 186178.191  0.05%     -    7s
     0     0 186178.200    0  194 186275.500 186178.200  0.05%     -    7s
     0     0 186178.878    0  186 186275.500 186178.878  0.05%     -    7s
     0     0 186179.056    0  177 186275.500 186179.056  0.05%     -    7s
     0     0 186179.056    0  187 186275.500 186179.056  0.05%     -    7s
     0     0 186179.979    0  172 186275.500 186179.979  0.05%     -    7s
     0     2 186180.000    0  172 186275.500 186180.000  0.05%     -    7s

Cutting planes:
  Gomory: 5
  Lift-and-project: 29
  Implied bound: 1
  MIR: 8
  Zero half: 29
  RLT: 72
  BQP: 116

Explored 438 nodes (107547 simplex iterations) in 7.84 seconds (16.50 work units)
Thread count was 10 (of 10 available processors)

Solution count 1: 186276 

Optimal solution found (tolerance 1.00e-04)
Best objective 1.862755000000e+05, best bound 1.862755000000e+05, gap 0.0000%
Solução ótima encontrada.
Set parameter TimeLimit to value 25200
Set parameter TimeLimit to value 600
Gurobi Optimizer version 10.0.2 build v10.0.2rc0 (mac64[arm])

CPU model: Apple M5
Thread count: 10 physical cores, 10 logical processors, using up to 10 threads

Optimize a model with 548706 rows, 284763 columns and 1341935 nonzeros
Model fingerprint: 0xd4701fb1
Variable types: 0 continuous, 284763 integer (264707 binary)
Coefficient statistics:
  Matrix range     [1e+00, 8e+01]
  Objective range  [5e-01, 2e+03]
  Bounds range     [1e+00, 1e+00]
  RHS range        [1e+00, 1e+02]

User MIP start produced solution with objective 186276 (0.10s)
Loaded user MIP start with objective 186276
MIP start from previous solve did not produce a new incumbent solution

Presolve removed 514752 rows and 257539 columns
Presolve time: 0.31s
Presolved: 33954 rows, 27224 columns, 100366 nonzeros
Variable types: 0 continuous, 27224 integer (27224 binary)
Deterministic concurrent LP optimizer: primal and dual simplex
Showing first log only...

Warning: Markowitz tolerance tightened to 0.25
Concurrent spin time: 0.00s

Solved with dual simplex

Root relaxation: objective 1.853240e+05, 7715 iterations, 0.20 seconds (0.37 work units)

    Nodes    |    Current Node    |     Objective Bounds      |     Work
 Expl Unexpl |  Obj  Depth IntInf | Incumbent    BestBd   Gap | It/Node Time

     0     0 185324.000    0 1039 186275.500 185324.000  0.51%     -    0s
     0     0 185860.000    0  841 186275.500 185860.000  0.22%     -    1s
     0     0 185860.000    0  842 186275.500 185860.000  0.22%     -    1s
     0     0 186051.500    0  684 186275.500 186051.500  0.12%     -    1s
     0     0 186128.000    0  476 186275.500 186128.000  0.08%     -    1s
     0     0 186150.833    0  459 186275.500 186150.833  0.07%     -    1s
     0     0 186150.833    0  203 186275.500 186150.833  0.07%     -    1s
     0     0 186150.833    0  230 186275.500 186150.833  0.07%     -    1s
     0     0 186150.833    0  178 186275.500 186150.833  0.07%     -    1s
     0     0 186150.833    0  159 186275.500 186150.833  0.07%     -    1s
     0     0 186154.625    0  257 186275.500 186154.625  0.06%     -    1s
     0     0 186155.250    0  247 186275.500 186155.250  0.06%     -    1s
     0     0 186155.250    0  257 186275.500 186155.250  0.06%     -    1s
     0     0 186156.042    0  251 186275.500 186156.042  0.06%     -    1s
     0     0 186156.042    0  252 186275.500 186156.042  0.06%     -    1s
     0     0 186157.083    0  228 186275.500 186157.083  0.06%     -    1s
     0     0 186157.500    0  250 186275.500 186157.500  0.06%     -    1s
     0     0 186158.182    0  277 186275.500 186158.182  0.06%     -    1s
     0     0 186158.333    0  267 186275.500 186158.333  0.06%     -    1s
     0     0 186158.333    0  268 186275.500 186158.333  0.06%     -    1s
     0     0 186158.333    0  222 186275.500 186158.333  0.06%     -    1s
     0     0 186158.375    0  171 186275.500 186158.375  0.06%     -    1s
     0     0 186158.375    0  167 186275.500 186158.375  0.06%     -    1s
     0     0 186158.375    0  218 186275.500 186158.375  0.06%     -    1s
     0     0 186158.375    0  204 186275.500 186158.375  0.06%     -    1s
     0     0 186158.375    0  231 186275.500 186158.375  0.06%     -    1s
     0     0 186158.375    0  239 186275.500 186158.375  0.06%     -    1s
     0     0 186160.167    0  226 186275.500 186160.167  0.06%     -    1s
     0     0 186160.208    0  246 186275.500 186160.208  0.06%     -    1s
     0     0 186160.208    0  239 186275.500 186160.208  0.06%     -    1s
     0     0 186163.208    0  233 186275.500 186163.208  0.06%     -    1s
     0     0 186163.208    0  232 186275.500 186163.208  0.06%     -    1s
     0     0 186209.000    0  167 186275.500 186209.000  0.04%     -    1s
     0     0 186209.000    0  175 186275.500 186209.000  0.04%     -    1s
     0     0 186209.250    0  106 186275.500 186209.250  0.04%     -    1s
     0     2 186209.500    0  106 186275.500 186209.500  0.04%     -    1s

Cutting planes:
  Gomory: 7
  MIR: 4
  Inf proof: 10
  Zero half: 76
  RLT: 25
  BQP: 26

Explored 1189 nodes (61874 simplex iterations) in 2.04 seconds (4.07 work units)
Thread count was 10 (of 10 available processors)

Solution count 1: 186276 

Optimal solution found (tolerance 1.00e-04)
Best objective 1.862755000000e+05, best bound 1.862630000000e+05, gap 0.0067%
Solução ótima encontrada.
Set parameter TimeLimit to value 25200
Set parameter TimeLimit to value 600
Gurobi Optimizer version 10.0.2 build v10.0.2rc0 (mac64[arm])

CPU model: Apple M5
Thread count: 10 physical cores, 10 logical processors, using up to 10 threads

Optimize a model with 548706 rows, 284763 columns and 1341935 nonzeros
Model fingerprint: 0x6f3b900d
Variable types: 0 continuous, 284763 integer (264707 binary)
Coefficient statistics:
  Matrix range     [1e+00, 8e+01]
  Objective range  [5e-01, 2e+03]
  Bounds range     [1e+00, 1e+00]
  RHS range        [1e+00, 1e+02]

User MIP start produced solution with objective 186276 (0.10s)
Loaded user MIP start with objective 186276
MIP start from previous solve did not produce a new incumbent solution

Presolve removed 526681 rows and 266911 columns
Presolve time: 0.26s
Presolved: 22025 rows, 17852 columns, 64687 nonzeros
Variable types: 0 continuous, 17852 integer (17852 binary)

Root relaxation: objective 1.855622e+05, 7658 iterations, 0.16 seconds (0.29 work units)

    Nodes    |    Current Node    |     Objective Bounds      |     Work
 Expl Unexpl |  Obj  Depth IntInf | Incumbent    BestBd   Gap | It/Node Time

     0     0 185562.250    0  670 186275.500 185562.250  0.38%     -    0s
     0     0 186074.500    0  514 186275.500 186074.500  0.11%     -    0s
     0     0 186074.500    0  399 186275.500 186074.500  0.11%     -    0s
     0     0 186170.000    0  274 186275.500 186170.000  0.06%     -    1s
     0     0 186172.583    0  298 186275.500 186172.583  0.06%     -    1s
     0     0 186172.813    0  463 186275.500 186172.813  0.06%     -    1s
     0     0 186174.875    0  319 186275.500 186174.875  0.05%     -    1s
     0     0 186174.875    0  127 186275.500 186174.875  0.05%     -    1s
     0     0 186174.875    0   74 186275.500 186174.875  0.05%     -    1s
     0     0 186174.875    0   48 186275.500 186174.875  0.05%     -    1s
     0     0 186174.875    0  129 186275.500 186174.875  0.05%     -    1s
     0     0 186174.875    0  129 186275.500 186174.875  0.05%     -    1s
     0     0 186177.000    0  155 186275.500 186177.000  0.05%     -    1s
     0     0 186177.094    0  166 186275.500 186177.094  0.05%     -    1s
     0     0 186177.102    0  200 186275.500 186177.102  0.05%     -    1s
     0     0 186181.750    0   50 186275.500 186181.750  0.05%     -    1s
     0     0 186181.750    0  102 186275.500 186181.750  0.05%     -    1s
     0     0 186181.750    0  112 186275.500 186181.750  0.05%     -    1s
     0     0 186182.250    0   44 186275.500 186182.250  0.05%     -    1s
     0     0 186182.500    0   49 186275.500 186182.500  0.05%     -    1s
     0     0 186182.500    0   44 186275.500 186182.500  0.05%     -    1s
     0     0 186184.000    0  144 186275.500 186184.000  0.05%     -    1s
     0     0 186184.125    0  124 186275.500 186184.125  0.05%     -    1s
     0     0 186184.250    0  109 186275.500 186184.250  0.05%     -    1s
     0     0 186184.500    0  124 186275.500 186184.500  0.05%     -    1s
     0     0 186184.500    0  127 186275.500 186184.500  0.05%     -    1s
     0     0 186185.000    0   94 186275.500 186185.000  0.05%     -    1s
     0     0 186185.400    0  157 186275.500 186185.400  0.05%     -    1s
     0     0 186185.444    0  141 186275.500 186185.444  0.05%     -    1s
     0     0 186226.750    0   27 186275.500 186226.750  0.03%     -    1s
     0     0 186226.750    0   27 186275.500 186226.750  0.03%     -    1s
     0     0 186226.750    0   27 186275.500 186226.750  0.03%     -    1s
     0     0 186226.889    0  133 186275.500 186226.889  0.03%     -    1s
     0     0 186226.889    0  133 186275.500 186226.889  0.03%     -    1s
     0     0 186226.889    0  133 186275.500 186226.889  0.03%     -    1s
     0     0 186228.000    0   72 186275.500 186228.000  0.03%     -    1s
     0     0 186228.000    0  133 186275.500 186228.000  0.03%     -    1s
     0     0 186228.000    0  116 186275.500 186228.000  0.03%     -    1s
     0     0 186228.000    0   90 186275.500 186228.000  0.03%     -    1s
     0     0 186236.750    0   45 186275.500 186236.750  0.02%     -    1s
     0     0 186238.000    0   42 186275.500 186238.000  0.02%     -    1s
     0     0 186249.333    0   82 186275.500 186249.333  0.01%     -    1s
     0     0     cutoff    0      186275.500 186275.500  0.00%     -    1s

Cutting planes:
  Gomory: 2
  MIR: 1
  Zero half: 5
  RLT: 28
  BQP: 7

Explored 1 nodes (19963 simplex iterations) in 1.19 seconds (2.54 work units)
Thread count was 10 (of 10 available processors)

Solution count 2: 186276 186276 

Optimal solution found (tolerance 1.00e-04)
Best objective 1.862755000000e+05, best bound 1.862755000000e+05, gap 0.0000%
Solução ótima encontrada.
Set parameter TimeLimit to value 25200
Set parameter TimeLimit to value 600
Gurobi Optimizer version 10.0.2 build v10.0.2rc0 (mac64[arm])

CPU model: Apple M5
Thread count: 10 physical cores, 10 logical processors, using up to 10 threads

Optimize a model with 548706 rows, 284763 columns and 1341935 nonzeros
Model fingerprint: 0x599c93b3
Variable types: 0 continuous, 284763 integer (264707 binary)
Coefficient statistics:
  Matrix range     [1e+00, 8e+01]
  Objective range  [5e-01, 2e+03]
  Bounds range     [1e+00, 1e+00]
  RHS range        [1e+00, 1e+02]

User MIP start produced solution with objective 186276 (0.10s)
Loaded user MIP start with objective 186276
MIP start from previous solve did not produce a new incumbent solution

Presolve removed 513646 rows and 257808 columns
Presolve time: 0.31s
Presolved: 35060 rows, 26955 columns, 104320 nonzeros
Variable types: 0 continuous, 26955 integer (26955 binary)
Deterministic concurrent LP optimizer: primal and dual simplex
Showing first log only...

Concurrent spin time: 0.00s

Solved with dual simplex

Root relaxation: objective 1.860362e+05, 9871 iterations, 0.24 seconds (0.50 work units)

    Nodes    |    Current Node    |     Objective Bounds      |     Work
 Expl Unexpl |  Obj  Depth IntInf | Incumbent    BestBd   Gap | It/Node Time

     0     0 186036.250    0  682 186275.500 186036.250  0.13%     -    0s
     0     0 186128.250    0  728 186275.500 186128.250  0.08%     -    0s
     0     0 186128.250    0  728 186275.500 186128.250  0.08%     -    0s
H    0     0                    186270.50000 186128.250  0.08%     -    1s
     0     0 186163.000    0  175 186270.500 186163.000  0.06%     -    1s
     0     0 186166.500    0   76 186270.500 186166.500  0.06%     -    1s
     0     0 186170.500    0  193 186270.500 186170.500  0.05%     -    1s
     0     0 186170.500    0  107 186270.500 186170.500  0.05%     -    1s
     0     0 186170.500    0   48 186270.500 186170.500  0.05%     -    1s
     0     0 186170.500    0  108 186270.500 186170.500  0.05%     -    1s
     0     0 186170.500    0  108 186270.500 186170.500  0.05%     -    1s
     0     0 186216.333    0  123 186270.500 186216.333  0.03%     -    1s
     0     0 186216.333    0  132 186270.500 186216.333  0.03%     -    1s
     0     0 186220.500    0   99 186270.500 186220.500  0.03%     -    1s
     0     0 186220.889    0  126 186270.500 186220.889  0.03%     -    1s
     0     0 186220.917    0  122 186270.500 186220.917  0.03%     -    1s
     0     0 186220.917    0  125 186270.500 186220.917  0.03%     -    1s
     0     0 186221.357    0  136 186270.500 186221.357  0.03%     -    1s
     0     0 186221.357    0   94 186270.500 186221.357  0.03%     -    1s
     0     0 186221.357    0   74 186270.500 186221.357  0.03%     -    1s
     0     0     cutoff    0      186270.500 186270.500  0.00%     -    1s

Cutting planes:
  Gomory: 3
  Clique: 2
  Zero half: 3
  RLT: 2
  BQP: 2

Explored 1 nodes (18465 simplex iterations) in 1.17 seconds (2.86 work units)
Thread count was 10 (of 10 available processors)

Solution count 2: 186270 186276 

Optimal solution found (tolerance 1.00e-04)
Best objective 1.862705000000e+05, best bound 1.862705000000e+05, gap 0.0000%
Solução ótima encontrada.
Set parameter TimeLimit to value 25200
Set parameter TimeLimit to value 600
Gurobi Optimizer version 10.0.2 build v10.0.2rc0 (mac64[arm])

CPU model: Apple M5
Thread count: 10 physical cores, 10 logical processors, using up to 10 threads

Optimize a model with 548706 rows, 284763 columns and 1341935 nonzeros
Model fingerprint: 0xe33aeffe
Variable types: 0 continuous, 284763 integer (264707 binary)
Coefficient statistics:
  Matrix range     [1e+00, 8e+01]
  Objective range  [5e-01, 2e+03]
  Bounds range     [1e+00, 1e+00]
  RHS range        [1e+00, 1e+02]

User MIP start produced solution with objective 186270 (0.10s)
Loaded user MIP start with objective 186270
MIP start from previous solve did not produce a new incumbent solution

Presolve removed 515687 rows and 260304 columns
Presolve time: 0.32s
Presolved: 33019 rows, 24459 columns, 98400 nonzeros
Variable types: 0 continuous, 24459 integer (24459 binary)

Root relaxation: objective 1.858382e+05, 16131 iterations, 0.55 seconds (1.37 work units)

    Nodes    |    Current Node    |     Objective Bounds      |     Work
 Expl Unexpl |  Obj  Depth IntInf | Incumbent    BestBd   Gap | It/Node Time

     0     0 185838.167    0  957 186270.500 185838.167  0.23%     -    1s
     0     0 185874.083    0  807 186270.500 185874.083  0.21%     -    1s
     0     0 185875.200    0  910 186270.500 185875.200  0.21%     -    1s
     0     0 185875.773    0  925 186270.500 185875.773  0.21%     -    1s
     0     0 185875.800    0  909 186270.500 185875.800  0.21%     -    1s
     0     0 185895.833    0 1403 186270.500 185895.833  0.20%     -    1s
     0     0 185895.833    0 1172 186270.500 185895.833  0.20%     -    2s
     0     0 185980.194    0 1008 186270.500 185980.194  0.16%     -    3s
     0     0 185981.417    0  989 186270.500 185981.417  0.16%     -    3s
     0     0 185981.440    0  955 186270.500 185981.440  0.16%     -    3s
     0     0 185992.988    0  903 186270.500 185992.988  0.15%     -    3s
     0     0 185993.926    0  909 186270.500 185993.926  0.15%     -    3s
     0     0 186015.427    0 1270 186270.500 186015.427  0.14%     -    3s
     0     0 186016.006    0 1261 186270.500 186016.006  0.14%     -    3s
     0     0 186016.006    0 1261 186270.500 186016.006  0.14%     -    3s
     0     0 186017.196    0 1260 186270.500 186017.196  0.14%     -    3s
     0     0 186017.196    0 1266 186270.500 186017.196  0.14%     -    3s
     0     0 186020.707    0  926 186270.500 186020.707  0.13%     -    4s
     0     0 186020.707    0 1188 186270.500 186020.707  0.13%     -    5s
     0     0 186020.707    0 1007 186270.500 186020.707  0.13%     -    5s
     0     0 186020.707    0 1244 186270.500 186020.707  0.13%     -    5s
     0     0 186020.707    0  984 186270.500 186020.707  0.13%     -    5s
     0     0 186021.370    0 1264 186270.500 186021.370  0.13%     -    5s
     0     0 186021.660    0  870 186270.500 186021.660  0.13%     -    5s
     0     0 186021.830    0  871 186270.500 186021.830  0.13%     -    5s
     0     0 186041.696    0 1343 186270.500 186041.696  0.12%     -    6s
     0     0 186044.413    0 1310 186270.500 186044.413  0.12%     -    6s
     0     0 186044.475    0 1294 186270.500 186044.475  0.12%     -    6s
     0     0 186044.504    0 1348 186270.500 186044.504  0.12%     -    6s
     0     0 186044.515    0 1348 186270.500 186044.515  0.12%     -    6s
     0     0 186071.000    0 1374 186270.500 186071.000  0.11%     -    6s
     0     0 186071.000    0 1361 186270.500 186071.000  0.11%     -    6s
     0     0 186071.222    0 1434 186270.500 186071.222  0.11%     -    6s
     0     0 186074.500    0 1461 186270.500 186074.500  0.11%     -    7s
     0     0 186076.750    0 1464 186270.500 186076.750  0.10%     -    7s
     0     0 186076.750    0 1469 186270.500 186076.750  0.10%     -    7s
     0     0 186078.500    0 1248 186270.500 186078.500  0.10%     -    7s
     0     0 186079.833    0 1382 186270.500 186079.833  0.10%     -    7s
     0     0 186080.667    0 1425 186270.500 186080.667  0.10%     -    7s
     0     0 186080.667    0 1389 186270.500 186080.667  0.10%     -    7s
     0     0 186081.000    0 1390 186270.500 186081.000  0.10%     -    7s
     0     0 186081.000    0 1391 186270.500 186081.000  0.10%     -    7s
     0     0 186081.000    0 1304 186270.500 186081.000  0.10%     -    7s
     0     0 186081.693    0  736 186270.500 186081.693  0.10%     -    8s
     0     0 186081.693    0  925 186270.500 186081.693  0.10%     -    8s
     0     0 186081.693    0  924 186270.500 186081.693  0.10%     -    9s
     0     0 186081.693    0 1009 186270.500 186081.693  0.10%     -    9s
     0     0 186081.693    0 1035 186270.500 186081.693  0.10%     -    9s
     0     0 186081.693    0 1012 186270.500 186081.693  0.10%     -    9s
     0     0 186081.693    0 1017 186270.500 186081.693  0.10%     -    9s
     0     0 186081.693    0  994 186270.500 186081.693  0.10%     -    9s
     0     0 186081.693    0 1008 186270.500 186081.693  0.10%     -    9s
     0     0 186081.693    0 1037 186270.500 186081.693  0.10%     -    9s
     0     0 186081.693    0 1017 186270.500 186081.693  0.10%     -    9s
     0     0 186081.693    0  976 186270.500 186081.693  0.10%     -    9s
     0     0 186081.693    0  981 186270.500 186081.693  0.10%     -    9s
     0     0 186081.693    0 1000 186270.500 186081.693  0.10%     -    9s
     0     0 186081.693    0 1003 186270.500 186081.693  0.10%     -    9s
     0     0 186081.693    0 1029 186270.500 186081.693  0.10%     -    9s
     0     0 186081.693    0 1006 186270.500 186081.693  0.10%     -    9s
     0     0 186081.693    0 1015 186270.500 186081.693  0.10%     -    9s
     0     0 186081.693    0 1003 186270.500 186081.693  0.10%     -    9s
     0     0 186081.693    0 1009 186270.500 186081.693  0.10%     -    9s
     0     0 186081.693    0  964 186270.500 186081.693  0.10%     -    9s
     0     2 186081.821    0  963 186270.500 186081.821  0.10%     -    9s
     7    16 186081.821    3  962 186270.500 186081.821  0.10%   618   10s
  1869   614 infeasible   19      186270.500 186149.182  0.07%   111   15s
  4312   890 infeasible   20      186270.500 186165.483  0.06%   107   20s
  9170   675 infeasible   20      186270.500 186190.196  0.04%   105   25s

Cutting planes:
  Gomory: 11
  Lift-and-project: 1
  Implied bound: 2
  Clique: 66
  MIR: 4
  Zero half: 75
  RLT: 37
  BQP: 69

Explored 13733 nodes (1451006 simplex iterations) in 28.42 seconds (61.42 work units)
Thread count was 10 (of 10 available processors)

Solution count 1: 186270 

Optimal solution found (tolerance 1.00e-04)
Best objective 1.862705000000e+05, best bound 1.862705000000e+05, gap 0.0000%
Solução ótima encontrada.
Set parameter TimeLimit to value 25200
Set parameter TimeLimit to value 600
Gurobi Optimizer version 10.0.2 build v10.0.2rc0 (mac64[arm])

CPU model: Apple M5
Thread count: 10 physical cores, 10 logical processors, using up to 10 threads

Optimize a model with 548706 rows, 284763 columns and 1341935 nonzeros
Model fingerprint: 0xfe72faa1
Variable types: 0 continuous, 284763 integer (264707 binary)
Coefficient statistics:
  Matrix range     [1e+00, 8e+01]
  Objective range  [5e-01, 2e+03]
  Bounds range     [1e+00, 1e+00]
  RHS range        [1e+00, 1e+02]

User MIP start produced solution with objective 186270 (0.11s)
Loaded user MIP start with objective 186270
MIP start from previous solve did not produce a new incumbent solution

Presolve removed 531500 rows and 270961 columns
Presolve time: 0.25s
Presolved: 17206 rows, 13802 columns, 50603 nonzeros
Variable types: 0 continuous, 13802 integer (13802 binary)

Root relaxation: objective 1.860710e+05, 5322 iterations, 0.12 seconds (0.21 work units)

    Nodes    |    Current Node    |     Objective Bounds      |     Work
 Expl Unexpl |  Obj  Depth IntInf | Incumbent    BestBd   Gap | It/Node Time

     0     0 186071.000    0  392 186270.500 186071.000  0.11%     -    0s
     0     0 186163.000    0  436 186270.500 186163.000  0.06%     -    0s
     0     0 186163.000    0  436 186270.500 186163.000  0.06%     -    0s
     0     0 186163.000    0  129 186270.500 186163.000  0.06%     -    0s
     0     0 186166.389    0   66 186270.500 186166.389  0.06%     -    0s
     0     0 186169.750    0  152 186270.500 186169.750  0.05%     -    0s
     0     0 186170.125    0  144 186270.500 186170.125  0.05%     -    0s
     0     0 186218.000    0  130 186270.500 186218.000  0.03%     -    0s
     0     0 186219.000    0  133 186270.500 186219.000  0.03%     -    0s
     0     0 186219.250    0  136 186270.500 186219.250  0.03%     -    0s
     0     0 186219.250    0   79 186270.500 186219.250  0.03%     -    0s
     0     0 186219.250    0   38 186270.500 186219.250  0.03%     -    0s
     0     0 186220.500    0   26 186270.500 186220.500  0.03%     -    0s
     0     0     cutoff    0      186270.500 186270.500  0.00%     -    0s

Cutting planes:
  Gomory: 2
  MIR: 1
  Zero half: 6
  RLT: 7

Explored 1 nodes (10077 simplex iterations) in 0.75 seconds (1.75 work units)
Thread count was 10 (of 10 available processors)

Solution count 1: 186270 

Optimal solution found (tolerance 1.00e-04)
Best objective 1.862705000000e+05, best bound 1.862705000000e+05, gap 0.0000%
Solução ótima encontrada.
Set parameter TimeLimit to value 25200
Set parameter TimeLimit to value 600
Gurobi Optimizer version 10.0.2 build v10.0.2rc0 (mac64[arm])

CPU model: Apple M5
Thread count: 10 physical cores, 10 logical processors, using up to 10 threads

Optimize a model with 548706 rows, 284763 columns and 1341935 nonzeros
Model fingerprint: 0xfea6d270
Variable types: 0 continuous, 284763 integer (264707 binary)
Coefficient statistics:
  Matrix range     [1e+00, 8e+01]
  Objective range  [5e-01, 2e+03]
  Bounds range     [1e+00, 1e+00]
  RHS range        [1e+00, 1e+02]

User MIP start produced solution with objective 186270 (0.11s)
Loaded user MIP start with objective 186270
MIP start from previous solve did not produce a new incumbent solution

Presolve removed 530869 rows and 270054 columns
Presolve time: 0.25s
Presolved: 17837 rows, 14709 columns, 51953 nonzeros
Variable types: 0 continuous, 14709 integer (14709 binary)

Root relaxation: objective 1.860710e+05, 5691 iterations, 0.12 seconds (0.22 work units)

    Nodes    |    Current Node    |     Objective Bounds      |     Work
 Expl Unexpl |  Obj  Depth IntInf | Incumbent    BestBd   Gap | It/Node Time

     0     0 186071.000    0  379 186270.500 186071.000  0.11%     -    0s
     0     0 186163.000    0  379 186270.500 186163.000  0.06%     -    0s
     0     0 186163.000    0  379 186270.500 186163.000  0.06%     -    0s
     0     0 186163.000    0  121 186270.500 186163.000  0.06%     -    0s
     0     0 186166.389    0   66 186270.500 186166.389  0.06%     -    0s
     0     0 186171.200    0  146 186270.500 186171.200  0.05%     -    0s
     0     0 186172.750    0  146 186270.500 186172.750  0.05%     -    0s
     0     0 186220.500    0  111 186270.500 186220.500  0.03%     -    0s
     0     0 186221.000    0  150 186270.500 186221.000  0.03%     -    0s
     0     0 186221.000    0   95 186270.500 186221.000  0.03%     -    0s
     0     0 186221.000    0   90 186270.500 186221.000  0.03%     -    0s

Cutting planes:
  Gomory: 1
  Clique: 2
  Zero half: 5
  RLT: 2
  BQP: 3

Explored 1 nodes (9257 simplex iterations) in 0.72 seconds (1.73 work units)
Thread count was 10 (of 10 available processors)

Solution count 1: 186270 

Optimal solution found (tolerance 1.00e-04)
Best objective 1.862705000000e+05, best bound 1.862680000000e+05, gap 0.0013%
Solução ótima encontrada.
Set parameter TimeLimit to value 25200
Set parameter TimeLimit to value 600
Gurobi Optimizer version 10.0.2 build v10.0.2rc0 (mac64[arm])

CPU model: Apple M5
Thread count: 10 physical cores, 10 logical processors, using up to 10 threads

Optimize a model with 548706 rows, 284763 columns and 1341935 nonzeros
Model fingerprint: 0x68a5e8c8
Variable types: 0 continuous, 284763 integer (264707 binary)
Coefficient statistics:
  Matrix range     [1e+00, 8e+01]
  Objective range  [5e-01, 2e+03]
  Bounds range     [1e+00, 1e+00]
  RHS range        [1e+00, 1e+02]

User MIP start produced solution with objective 186270 (0.10s)
Loaded user MIP start with objective 186270
MIP start from previous solve did not produce a new incumbent solution

Presolve removed 526066 rows and 266489 columns
Presolve time: 0.26s
Presolved: 22640 rows, 18274 columns, 66235 nonzeros
Variable types: 0 continuous, 18274 integer (18274 binary)

Root relaxation: objective 1.860660e+05, 8294 iterations, 0.18 seconds (0.31 work units)

    Nodes    |    Current Node    |     Objective Bounds      |     Work
 Expl Unexpl |  Obj  Depth IntInf | Incumbent    BestBd   Gap | It/Node Time

     0     0 186066.000    0  529 186270.500 186066.000  0.11%     -    0s
     0     0 186158.000    0  529 186270.500 186158.000  0.06%     -    0s
     0     0 186158.000    0  529 186270.500 186158.000  0.06%     -    0s
     0     0 186163.000    0  111 186270.500 186163.000  0.06%     -    0s
     0     0 186167.500    0   46 186270.500 186167.500  0.06%     -    0s
     0     0 186168.833    0  139 186270.500 186168.833  0.05%     -    0s
     0     0 186168.833    0  143 186270.500 186168.833  0.05%     -    0s
     0     0 186170.500    0  105 186270.500 186170.500  0.05%     -    0s
     0     0 186170.500    0   68 186270.500 186170.500  0.05%     -    0s
     0     0 186170.750    0  111 186270.500 186170.750  0.05%     -    0s
     0     0 186171.000    0  112 186270.500 186171.000  0.05%     -    0s
     0     2 186171.250    0  112 186270.500 186171.250  0.05%     -    0s

Cutting planes:
  Gomory: 2
  Zero half: 28
  RLT: 7
  BQP: 10

Explored 6798 nodes (132646 simplex iterations) in 1.17 seconds (2.55 work units)
Thread count was 10 (of 10 available processors)

Solution count 1: 186270 

Optimal solution found (tolerance 1.00e-04)
Best objective 1.862705000000e+05, best bound 1.862570000000e+05, gap 0.0072%
Solução ótima encontrada.
Set parameter TimeLimit to value 25200
Set parameter TimeLimit to value 600
Gurobi Optimizer version 10.0.2 build v10.0.2rc0 (mac64[arm])

CPU model: Apple M5
Thread count: 10 physical cores, 10 logical processors, using up to 10 threads

Optimize a model with 548706 rows, 284763 columns and 1341935 nonzeros
Model fingerprint: 0x41784d00
Variable types: 0 continuous, 284763 integer (264707 binary)
Coefficient statistics:
  Matrix range     [1e+00, 8e+01]
  Objective range  [5e-01, 2e+03]
  Bounds range     [1e+00, 1e+00]
  RHS range        [1e+00, 1e+02]

User MIP start produced solution with objective 186270 (0.11s)
Loaded user MIP start with objective 186270
MIP start from previous solve did not produce a new incumbent solution

Presolve removed 520145 rows and 262114 columns
Presolve time: 0.32s
Presolved: 28561 rows, 22649 columns, 84624 nonzeros
Variable types: 0 continuous, 22649 integer (22649 binary)

Root relaxation: objective 1.849718e+05, 19254 iterations, 0.82 seconds (1.82 work units)

    Nodes    |    Current Node    |     Objective Bounds      |     Work
 Expl Unexpl |  Obj  Depth IntInf | Incumbent    BestBd   Gap | It/Node Time

     0     0 184971.750    0  872 186270.500 184971.750  0.70%     -    1s
     0     0 185088.000    0  987 186270.500 185088.000  0.63%     -    2s
     0     0 185088.000    0  641 186270.500 185088.000  0.63%     -    2s
     0     0 185759.000    0 1236 186270.500 185759.000  0.27%     -    3s
     0     0 185759.000    0 1136 186270.500 185759.000  0.27%     -    3s
     0     0 185759.000    0 1136 186270.500 185759.000  0.27%     -    3s
     0     0 185842.211    0 1435 186270.500 185842.211  0.23%     -    4s
H    0     0                    186254.50000 185846.167  0.22%     -    4s
     0     0 185846.167    0 1267 186254.500 185846.167  0.22%     -    4s
     0     0 185846.167    0 1114 186254.500 185846.167  0.22%     -    4s
     0     0 185857.696    0 1581 186254.500 185857.696  0.21%     -    4s
     0     0 185857.696    0  694 186254.500 185857.696  0.21%     -    5s
     0     0 185857.696    0 1456 186254.500 185857.696  0.21%     -    6s
     0     0 185858.266    0 1492 186254.500 185858.266  0.21%     -    7s
     0     0 185865.189    0 1390 186254.500 185865.189  0.21%     -    7s
     0     0 185866.688    0 1410 186254.500 185866.688  0.21%     -    7s
     0     0 185866.842    0 1427 186254.500 185866.842  0.21%     -    7s
     0     0 185888.500    0 1169 186254.500 185888.500  0.20%     -    7s
     0     0 185892.583    0 1288 186254.500 185892.583  0.19%     -    7s
     0     0 185893.000    0 1268 186254.500 185893.000  0.19%     -    7s
     0     0 185893.000    0 1231 186254.500 185893.000  0.19%     -    7s
     0     0 185930.650    0 1075 186254.500 185930.650  0.17%     -    8s
     0     0 185937.000    0  646 186254.500 185937.000  0.17%     -    8s
     0     0 185938.309    0 1157 186254.500 185938.309  0.17%     -    8s
     0     0 185938.604    0 1246 186254.500 185938.604  0.17%     -    8s
     0     0 185938.656    0  827 186254.500 185938.656  0.17%     -    8s
     0     0 185943.484    0 1498 186254.500 185943.484  0.17%     -    8s
     0     0 185944.383    0 1501 186254.500 185944.383  0.17%     -    8s
     0     0 185944.453    0 1517 186254.500 185944.453  0.17%     -    8s
     0     0 185951.000    0  854 186254.500 185951.000  0.16%     -    9s
     0     2 185951.500    0  846 186254.500 185951.500  0.16%     -    9s
     3     4 185981.621    2  969 186254.500 185981.045  0.15%  1851   10s
   557   417 186041.370   10  920 186254.500 185986.095  0.14%   281   15s
   820   587 185996.000    9  695 186254.500 185986.992  0.14%   287   20s
  1526  1140 186199.167   25  274 186254.500 185991.267  0.14%   290   25s
  1829  1143 186141.073   22 1454 186254.500 185991.929  0.14%   282   30s
  1855  1162 186059.279   17 1581 186254.500 186011.965  0.13%   308   35s
  1884  1182 186214.025   16  619 186254.500 186065.460  0.10%   321   40s
  2288  1294     cutoff   63      186254.500 186075.982  0.10%   303   45s
  4734  1757 186197.744   65  466 186254.500 186127.745  0.07%   199   50s
  9088  3385 186228.000   66  291 186254.500 186133.107  0.07%   156   55s
 11675  4386 186203.853   64  457 186254.500 186135.301  0.06%   147   60s
 15774  5691     cutoff   68      186254.500 186138.085  0.06%   139   65s
 17037  5779 186139.088   75  359 186254.500 186138.185  0.06%   137   70s
 27168  6682 186163.365   86  335 186254.500 186140.247  0.06%   102   75s
 37823  7012 186198.438  103  210 186254.500 186151.917  0.06%  85.7   80s
 51488  6694 186170.017   99  209 186254.500 186164.162  0.05%  74.1   85s
 64869  9217 186252.300  104  144 186254.500 186170.219  0.05%  67.9   90s
 78860 11407 186196.567  110  214 186254.500 186175.000  0.04%  63.7   95s
 90679 12785 186240.900   98  136 186254.500 186178.730  0.04%  60.7  100s
 106436 14365 186246.813  104  210 186254.500 186183.000  0.04%  57.2  105s
 122110 15141 186243.000  107   98 186254.500 186187.000  0.04%  54.5  110s
 137415 15465     cutoff  111      186254.500 186190.700  0.03%  52.4  115s
 156159 14891 186252.400  105  132 186254.500 186196.233  0.03%  50.2  120s
 172912 13570 186216.167  102   70 186254.500 186202.900  0.03%  48.7  125s
 188953 12524 186216.667   95  121 186254.500 186210.400  0.02%  47.8  130s
 204305 12533 186237.500  110  147 186254.500 186215.900  0.02%  47.1  135s
 221619 12419 186228.500  112  108 186254.500 186220.900  0.02%  46.3  140s
 233182 11519 186237.833  103   64 186254.500 186222.900  0.02%  45.8  145s
 251757 10562 186238.667  113   65 186254.500 186227.100  0.01%  45.0  150s
 268705  8801     cutoff  109      186254.500 186230.400  0.01%  44.4  155s
 284441  6676     cutoff  104      186254.500 186233.400  0.01%  43.8  160s

Cutting planes:
  Gomory: 6
  Lift-and-project: 2
  Implied bound: 3
  Clique: 13
  MIR: 6
  Flow cover: 16
  Inf proof: 4
  Zero half: 111
  RLT: 107
  BQP: 201

Explored 291407 nodes (12775289 simplex iterations) in 161.81 seconds (316.36 work units)
Thread count was 10 (of 10 available processors)

Solution count 3: 186254 186254 186270 

Optimal solution found (tolerance 1.00e-04)
Best objective 1.862545000000e+05, best bound 1.862360000000e+05, gap 0.0099%
Solução ótima encontrada.
Set parameter TimeLimit to value 25200
Set parameter TimeLimit to value 600
Gurobi Optimizer version 10.0.2 build v10.0.2rc0 (mac64[arm])

CPU model: Apple M5
Thread count: 10 physical cores, 10 logical processors, using up to 10 threads

Optimize a model with 548706 rows, 284763 columns and 1341935 nonzeros
Model fingerprint: 0x6f045c97
Variable types: 0 continuous, 284763 integer (264707 binary)
Coefficient statistics:
  Matrix range     [1e+00, 8e+01]
  Objective range  [5e-01, 2e+03]
  Bounds range     [1e+00, 1e+00]
  RHS range        [1e+00, 1e+02]

User MIP start produced solution with objective 186254 (0.12s)
Loaded user MIP start with objective 186254
MIP start from previous solve did not produce a new incumbent solution

Presolve removed 526843 rows and 267117 columns
Presolve time: 0.28s
Presolved: 21863 rows, 17646 columns, 64305 nonzeros
Variable types: 0 continuous, 17646 integer (17646 binary)

Root relaxation: objective 1.861220e+05, 9724 iterations, 0.22 seconds (0.38 work units)

    Nodes    |    Current Node    |     Objective Bounds      |     Work
 Expl Unexpl |  Obj  Depth IntInf | Incumbent    BestBd   Gap | It/Node Time

     0     0 186122.000    0  595 186254.500 186122.000  0.07%     -    0s
     0     0 186122.000    0  595 186254.500 186122.000  0.07%     -    0s
     0     0 186147.000    0  123 186254.500 186147.000  0.06%     -    0s
     0     0 186150.833    0   56 186254.500 186150.833  0.06%     -    0s
     0     0 186154.500    0  158 186254.500 186154.500  0.05%     -    0s
     0     0 186154.500    0  125 186254.500 186154.500  0.05%     -    0s
     0     0 186154.625    0  162 186254.500 186154.625  0.05%     -    0s
     0     0 186154.625    0  163 186254.500 186154.625  0.05%     -    0s
     0     0 186157.333    0  179 186254.500 186157.333  0.05%     -    0s
     0     0 186157.417    0  192 186254.500 186157.417  0.05%     -    0s
     0     0 186157.444    0  190 186254.500 186157.444  0.05%     -    0s
     0     0 186158.125    0  171 186254.500 186158.125  0.05%     -    0s
     0     2 186158.444    0  171 186254.500 186158.444  0.05%     -    0s

Cutting planes:
  Gomory: 2
  Clique: 2
  MIR: 3
  Flow cover: 3
  Zero half: 26
  RLT: 8
  BQP: 15

Explored 7151 nodes (163943 simplex iterations) in 1.59 seconds (3.09 work units)
Thread count was 10 (of 10 available processors)

Solution count 2: 186254 186254 

Optimal solution found (tolerance 1.00e-04)
Best objective 1.862545000000e+05, best bound 1.862545000000e+05, gap 0.0000%
Solução ótima encontrada.
Set parameter TimeLimit to value 25200
Set parameter TimeLimit to value 600
Gurobi Optimizer version 10.0.2 build v10.0.2rc0 (mac64[arm])

CPU model: Apple M5
Thread count: 10 physical cores, 10 logical processors, using up to 10 threads

Optimize a model with 548706 rows, 284763 columns and 1341935 nonzeros
Model fingerprint: 0xb1ae551a
Variable types: 0 continuous, 284763 integer (264707 binary)
Coefficient statistics:
  Matrix range     [1e+00, 8e+01]
  Objective range  [5e-01, 2e+03]
  Bounds range     [1e+00, 1e+00]
  RHS range        [1e+00, 1e+02]

User MIP start produced solution with objective 186254 (0.11s)
Loaded user MIP start with objective 186254
MIP start from previous solve did not produce a new incumbent solution

Presolve removed 513913 rows and 258682 columns
Presolve time: 0.35s
Presolved: 34793 rows, 26081 columns, 103666 nonzeros
Variable types: 0 continuous, 26081 integer (26081 binary)
Deterministic concurrent LP optimizer: primal and dual simplex
Showing first log only...

Concurrent spin time: 0.00s

Solved with dual simplex

Root relaxation: objective 1.860269e+05, 17371 iterations, 0.70 seconds (1.53 work units)

    Nodes    |    Current Node    |     Objective Bounds      |     Work
 Expl Unexpl |  Obj  Depth IntInf | Incumbent    BestBd   Gap | It/Node Time

     0     0 186026.875    0  980 186254.500 186026.875  0.12%     -    1s
     0     0 186026.875    0  980 186254.500 186026.875  0.12%     -    1s
     0     0 186134.375    0  461 186254.500 186134.375  0.06%     -    2s
     0     0     cutoff    0      186254.500 186254.500  0.00%     -    2s

Cutting planes:
  Gomory: 3
  Clique: 2
  Zero half: 21
  RLT: 11
  BQP: 25

Explored 1 nodes (28037 simplex iterations) in 2.50 seconds (5.36 work units)
Thread count was 10 (of 10 available processors)

Solution count 1: 186254 

Optimal solution found (tolerance 1.00e-04)
Best objective 1.862545000000e+05, best bound 1.862545000000e+05, gap 0.0000%
Solução ótima encontrada.
Set parameter TimeLimit to value 25200
Set parameter TimeLimit to value 600
Gurobi Optimizer version 10.0.2 build v10.0.2rc0 (mac64[arm])

CPU model: Apple M5
Thread count: 10 physical cores, 10 logical processors, using up to 10 threads

Optimize a model with 548706 rows, 284763 columns and 1341935 nonzeros
Model fingerprint: 0xd6f2c3b1
Variable types: 0 continuous, 284763 integer (264707 binary)
Coefficient statistics:
  Matrix range     [1e+00, 8e+01]
  Objective range  [5e-01, 2e+03]
  Bounds range     [1e+00, 1e+00]
  RHS range        [1e+00, 1e+02]

User MIP start produced solution with objective 186254 (0.10s)
Loaded user MIP start with objective 186254
MIP start from previous solve did not produce a new incumbent solution

Presolve removed 508439 rows and 253821 columns
Presolve time: 0.36s
Presolved: 40267 rows, 30942 columns, 122649 nonzeros
Variable types: 0 continuous, 30942 integer (30942 binary)
Deterministic concurrent LP optimizer: primal and dual simplex
Showing first log only...

Warning: Markowitz tolerance tightened to 0.5
Concurrent spin time: 0.00s

Solved with dual simplex

Root relaxation: objective 1.859015e+05, 22415 iterations, 1.62 seconds (3.96 work units)

    Nodes    |    Current Node    |     Objective Bounds      |     Work
 Expl Unexpl |  Obj  Depth IntInf | Incumbent    BestBd   Gap | It/Node Time

     0     0 185901.500    0  892 186254.500 185901.500  0.19%     -    2s
     0     0 185905.594    0  990 186254.500 185905.594  0.19%     -    2s
     0     0 185905.594    0  761 186254.500 185905.594  0.19%     -    4s
     0     0 185993.292    0 1054 186254.500 185993.292  0.14%     -    5s
     0     0 185995.479    0  942 186254.500 185995.479  0.14%     -    5s
     0     0 186008.032    0 1563 186254.500 186008.032  0.13%     -    5s
     0     0 186008.032    0  729 186254.500 186008.032  0.13%     -    7s
     0     0 186008.032    0  859 186254.500 186008.032  0.13%     -    7s
     0     0 186011.917    0 1176 186254.500 186011.917  0.13%     -    8s
     0     0 186013.500    0  879 186254.500 186013.500  0.13%     -    8s
     0     0 186020.071    0 1495 186254.500 186020.071  0.13%     -    8s
     0     0 186020.429    0 1454 186254.500 186020.429  0.13%     -    8s
     0     0 186020.429    0 1488 186254.500 186020.429  0.13%     -    8s
H    0     0                    186225.50000 186020.429  0.11%     -    9s
     0     0 186025.312    0 1560 186225.500 186025.312  0.11%     -    9s
     0     0 186026.096    0 1640 186225.500 186026.096  0.11%     -    9s
     0     0 186026.096    0 1668 186225.500 186026.096  0.11%     -    9s
     0     0 186027.483    0 1379 186225.500 186027.483  0.11%     -    9s
     0     0 186027.491    0 1354 186225.500 186027.491  0.11%     -    9s
     0     0 186029.447    0 1500 186225.500 186029.447  0.11%     -   10s
     0     0 186029.496    0  601 186225.500 186029.496  0.11%     -   11s
     0     0 186029.496    0  867 186225.500 186029.496  0.11%     -   12s
     0     0 186029.496    0  667 186225.500 186029.496  0.11%     -   12s
     0     0 186029.496    0  553 186225.500 186029.496  0.11%     -   12s
     0     0 186029.939    0 1044 186225.500 186029.939  0.11%     -   12s
     0     0 186030.072    0  950 186225.500 186030.072  0.10%     -   12s
     0     0 186030.841    0 1128 186225.500 186030.841  0.10%     -   12s
     0     0 186031.748    0 1129 186225.500 186031.748  0.10%     -   12s
     0     0 186031.764    0 1071 186225.500 186031.764  0.10%     -   12s
     0     0 186033.907    0 1096 186225.500 186033.907  0.10%     -   12s
     0     0 186034.628    0 1065 186225.500 186034.628  0.10%     -   12s
     0     0 186034.676    0 1094 186225.500 186034.676  0.10%     -   12s
     0     0 186034.676    0 1178 186225.500 186034.676  0.10%     -   12s
     0     0 186036.316    0 1098 186225.500 186036.316  0.10%     -   13s
     0     0 186036.369    0 1063 186225.500 186036.369  0.10%     -   13s
     0     0 186036.369    0 1046 186225.500 186036.369  0.10%     -   13s
     0     0 186037.438    0 1090 186225.500 186037.438  0.10%     -   13s
     0     2 186037.535    0 1081 186225.500 186037.535  0.10%     -   13s
H   40    46                    186202.50000 186039.053  0.09%   727   14s
H   89    99                    186192.50000 186039.053  0.08%   541   14s
   121   156 186145.069   13  517 186192.500 186039.053  0.08%   517   16s
H  123   156                    186187.50000 186039.053  0.08%   510   16s
   431   271 186090.429    9  707 186187.500 186039.292  0.08%   247   20s
H  435   271                    186182.00000 186039.292  0.08%   250   20s
   570   449 186108.856   24  594 186182.000 186039.292  0.08%   259   25s
  1413   968 186090.339    9  678 186182.000 186040.042  0.08%   227   30s
  1943  1196 186052.938   25  431 186182.000 186044.773  0.07%   253   35s
  2463  1415 186050.468   24  604 186182.000 186044.810  0.07%   262   41s
  3043  1342 186131.483   38  626 186182.000 186044.810  0.07%   275   47s
  3328  1463 186157.917   40  447 186182.000 186044.810  0.07%   280   52s
  3539  1473     cutoff   41      186182.000 186044.810  0.07%   285   56s
  4007  1867 186170.750   41  185 186182.000 186045.539  0.07%   294   61s
  6035  2565 186098.454   29  540 186182.000 186047.667  0.07%   325   67s
  8388  3110 infeasible   34      186182.000 186049.137  0.07%   344   73s
  8449  3319     cutoff   43      186182.000 186049.167  0.07%   345   76s
 10030  4325 186110.364   30  416 186182.000 186049.560  0.07%   353   81s
 11813  4860 186111.362   38  482 186182.000 186049.898  0.07%   368   88s
 12573  5276 186058.144   28  691 186182.000 186050.024  0.07%   372   91s
*12731  5270              46    186180.00000 186050.028  0.07%   373   91s
 14494  5814 186118.125   35  424 186180.000 186050.394  0.07%   379   99s
 15042  6356 186120.000   36  389 186180.000 186050.415  0.07%   383  103s
 16409  6368 186072.000   32  614 186180.000 186050.687  0.07%   386  105s
 17182  6567 186050.687   31  594 186180.000 186050.687  0.07%   377  110s
 17840  6812 186059.713   41  468 186180.000 186050.687  0.07%   371  115s
 21913  7662 infeasible   56      186180.000 186053.173  0.07%   341  120s
 25319  8061 186121.768   78  269 186180.000 186054.580  0.07%   326  126s
 29440  8298 186107.750   38  306 186180.000 186055.759  0.07%   310  132s
 30633  8902 186063.500   51  220 186180.000 186056.063  0.07%   307  135s
 34170  9845     cutoff   53      186180.000 186056.603  0.07%   297  142s
 36729  9390 186064.042   41  329 186180.000 186056.750  0.07%   292  145s
 38703 11140 186072.200   42  377 186180.000 186057.142  0.07%   288  150s
 42507 12555 186070.250   50  349 186180.000 186057.550  0.07%   281  156s
 46303 13831 186105.750   50  182 186180.000 186058.000  0.07%   275  160s
 51194 16300     cutoff   57      186180.000 186058.346  0.07%   270  167s
 55227 17502 186073.852   54  357 186180.000 186058.769  0.07%   265  170s
 60135 19262 186103.857   57  298 186180.000 186059.242  0.06%   261  175s
 64917 21063 186107.000   70  194 186180.000 186059.667  0.06%   257  180s
 68565 22528 186070.500   42  316 186180.000 186059.833  0.06%   254  186s
 74806 24479 186120.875   64  180 186180.000 186060.167  0.06%   250  191s
 77863 25434 186128.300   52  166 186180.000 186060.333  0.06%   249  196s
 80830 26573 186065.536   48  418 186180.000 186060.500  0.06%   248  201s
 84681 28298 186070.305   47  444 186180.000 186060.681  0.06%   246  205s
 89830 29760     cutoff   53      186180.000 186060.954  0.06%   243  210s
 92894 31000     cutoff   52      186180.000 186061.115  0.06%   242  215s
 97859 32824 186069.458   49  275 186180.000 186061.333  0.06%   239  220s
 103113 34283 186061.900   44  477 186180.000 186061.548  0.06%   237  225s
 106809 36134 infeasible   55      186180.000 186061.700  0.06%   236  230s
 111013 37698 186128.833   52  173 186180.000 186061.833  0.06%   235  235s
 117850 40200 186100.750   53  162 186180.000 186062.115  0.06%   232  241s
 122859 41903 infeasible   68      186180.000 186062.278  0.06%   231  246s
 127004 43469 186127.000   49  290 186180.000 186062.439  0.06%   230  250s
 131586 44639 186101.271   63  378 186180.000 186062.504  0.06%   229  256s
 133825 46062     cutoff   56      186180.000 186062.583  0.06%   228  260s
 138838 47935     cutoff   56      186180.000 186062.759  0.06%   227  265s
 144993 49617 186092.083   62  228 186180.000 186062.875  0.06%   226  276s
 148069 51331 186080.375   60  360 186180.000 186063.000  0.06%   225  280s
 152922 53346 186129.250   56  278 186180.000 186063.167  0.06%   224  285s
 159277 55286 186143.617   57  418 186180.000 186063.297  0.06%   223  291s
 163539 57093 186123.833   55  280 186180.000 186063.417  0.06%   222  295s
 167086 58075 infeasible   46      186180.000 186063.500  0.06%   222  300s
 171135 59937 186128.000   77  105 186180.000 186063.625  0.06%   221  305s
 177329 62079 186072.000   57  347 186180.000 186063.758  0.06%   220  311s
 181354 63488 186102.737   58  394 186180.000 186063.833  0.06%   220  315s
 186201 65399 186100.734   62  440 186180.000 186064.000  0.06%   219  320s
 189755 66493 186114.143   64  298 186180.000 186064.038  0.06%   219  325s
 194276 68026     cutoff   63      186180.000 186064.167  0.06%   218  330s
 200218 70332 186080.679   48  265 186180.000 186064.306  0.06%   217  335s
 204772 71774 186124.190   55  271 186180.000 186064.429  0.06%   217  340s
 210596 73787 186113.500   49   98 186180.000 186064.529  0.06%   216  346s
 214955 75342 186116.000   68  239 186180.000 186064.643  0.06%   216  350s
 218985 76796 186124.067   58  261 186180.000 186064.732  0.06%   215  355s
 223048 78319 186085.217   54  308 186180.000 186064.821  0.06%   215  361s
 228698 80341 186074.708   54  410 186180.000 186064.864  0.06%   214  366s
 233637 81776 186081.133   55  319 186180.000 186065.000  0.06%   214  371s
 238338 83602 186094.833   62  216 186180.000 186065.042  0.06%   214  375s
 242899 85336 186110.000   61  203 186180.000 186065.163  0.06%   213  380s
 245896 86289 186122.717   48  412 186180.000 186065.200  0.06%   213  385s
 251983 88101 186121.962   53  327 186180.000 186065.300  0.06%   213  391s
 255949 89842 186069.917   55  318 186180.000 186065.389  0.06%   212  396s
 260582 91415     cutoff   65      186180.000 186065.500  0.06%   212  400s
 266399 93372     cutoff   51      186180.000 186065.500  0.06%   212  406s
 270933 94999     cutoff   67      186180.000 186065.583  0.06%   211  410s
 276022 96564 186068.000   47  389 186180.000 186065.667  0.06%   211  415s
 281676 98568     cutoff   70      186180.000 186065.791  0.06%   211  420s
 283212 99137 186129.500   61  270 186180.000 186065.833  0.06%   211  425s
 287996 100860 186128.000   48  252 186180.000 186065.875  0.06%   210  430s
 294607 103079 186101.278   63  291 186180.000 186066.000  0.06%   210  436s
 299233 104191 186086.346   57  393 186180.000 186066.052  0.06%   209  440s
 304547 106539 186127.464   69  293 186180.000 186066.167  0.06%   209  446s
 309446 107989     cutoff   59      186180.000 186066.229  0.06%   209  450s
 315102 109829 186087.083   56  211 186180.000 186066.300  0.06%   208  455s
 320836 111955 186091.375   49  328 186180.000 186066.375  0.06%   208  461s
 325632 113088 186091.824   71  385 186180.000 186066.464  0.06%   208  466s
 329141 114258 186114.961   54  266 186180.000 186066.500  0.06%   208  470s
 333678 116085 186080.273   62  395 186180.000 186066.509  0.06%   207  475s
 338703 117735 186068.063   45  315 186180.000 186066.608  0.06%   207  480s
 345025 119431 186108.278   57  222 186180.000 186066.700  0.06%   207  485s
 350287 121044 186127.875   65  352 186180.000 186066.752  0.06%   206  490s
 354533 122495 186121.250   52  181 186180.000 186066.833  0.06%   206  495s
 358113 123683 186127.250   57  105 186180.000 186066.865  0.06%   206  500s
 361357 124820 186115.583   59  198 186180.000 186066.923  0.06%   206  506s
 367295 126592 186127.667   51  313 186180.000 186067.000  0.06%   205  511s
 372558 128340 infeasible   65      186180.000 186067.083  0.06%   205  516s
 377356 129833 186073.167   50  427 186180.000 186067.153  0.06%   205  520s
 383369 131679 186119.500   58  304 186180.000 186067.214  0.06%   205  526s
 387899 133312 186084.814   45  384 186180.000 186067.276  0.06%   205  530s
 394451 135409 186129.090   50  330 186180.000 186067.333  0.06%   204  536s
 398618 136840 186113.667   51  256 186180.000 186067.393  0.06%   204  540s
 402556 138137     cutoff   59      186180.000 186067.438  0.06%   204  545s
 405548 139082 186119.848   44  256 186180.000 186067.500  0.06%   204  550s
 410442 140526     cutoff   62      186180.000 186067.500  0.06%   204  555s
 416406 142350 186177.450   63  170 186180.000 186067.531  0.06%   203  560s
 422041 144258 186142.333   60  239 186180.000 186067.625  0.06%   203  566s
 423732 144870     cutoff   70      186180.000 186067.643  0.06%   203  570s
 430020 146847     cutoff   65      186180.000 186067.714  0.06%   203  575s
 434970 148386 186069.839   48  313 186180.000 186067.773  0.06%   203  580s
 441266 150110     cutoff   56      186180.000 186067.833  0.06%   203  586s
 445825 151577 186177.333   49  346 186180.000 186067.901  0.06%   203  590s
 451945 153311     cutoff   68      186180.000 186068.000  0.06%   202  596s
 455196 153856 186124.450   57  306 186180.000 186068.000  0.06%   202  600s

Cutting planes:
  Gomory: 7
  MIR: 8
  Flow cover: 7
  Inf proof: 1
  Zero half: 69
  RLT: 21
  BQP: 173

Explored 455454 nodes (92365015 simplex iterations) in 600.14 seconds (1029.11 work units)
Thread count was 10 (of 10 available processors)

Solution count 7: 186180 186182 186188 ... 186254

Time limit reached
Best objective 1.861800000000e+05, best bound 1.860680000000e+05, gap 0.0602%
Solução -> não <- ótima.
Set parameter TimeLimit to value 25200
Set parameter TimeLimit to value 600
Gurobi Optimizer version 10.0.2 build v10.0.2rc0 (mac64[arm])

CPU model: Apple M5
Thread count: 10 physical cores, 10 logical processors, using up to 10 threads

Optimize a model with 548706 rows, 284763 columns and 1341935 nonzeros
Model fingerprint: 0xe19f9ac6
Variable types: 0 continuous, 284763 integer (264707 binary)
Coefficient statistics:
  Matrix range     [1e+00, 8e+01]
  Objective range  [5e-01, 2e+03]
  Bounds range     [1e+00, 1e+00]
  RHS range        [1e+00, 1e+02]

User MIP start produced solution with objective 186180 (0.12s)
Loaded user MIP start with objective 186180
MIP start from previous solve did not produce a new incumbent solution

Presolve removed 510056 rows and 254878 columns
Presolve time: 0.33s
Presolved: 38650 rows, 29885 columns, 114964 nonzeros
Variable types: 0 continuous, 29885 integer (29885 binary)
Deterministic concurrent LP optimizer: primal and dual simplex
Showing first log only...

Concurrent spin time: 0.00s

Solved with dual simplex

Root relaxation: objective 1.849807e+05, 17458 iterations, 0.61 seconds (1.13 work units)

    Nodes    |    Current Node    |     Objective Bounds      |     Work
 Expl Unexpl |  Obj  Depth IntInf | Incumbent    BestBd   Gap | It/Node Time

     0     0 184980.679    0 1536 186180.000 184980.679  0.64%     -    1s
     0     0 185364.813    0 1704 186180.000 185364.813  0.44%     -    2s
     0     0 185369.519    0 2155 186180.000 185369.519  0.44%     -    2s
     0     0 185480.958    0 1359 186180.000 185480.958  0.38%     -    3s
     0     0 185488.250    0 1342 186180.000 185488.250  0.37%     -    3s
     0     0 185490.750    0 1225 186180.000 185490.750  0.37%     -    3s
     0     0 185490.750    0 1227 186180.000 185490.750  0.37%     -    3s
     0     0 185511.706    0 1784 186180.000 185511.706  0.36%     -    4s
     0     0 185514.551    0 1691 186180.000 185514.551  0.36%     -    4s
     0     0 185518.717    0 1817 186180.000 185518.717  0.36%     -    4s
     0     0 185518.801    0 1847 186180.000 185518.801  0.36%     -    4s
     0     0 185519.134    0 1857 186180.000 185519.134  0.35%     -    4s
     0     0 185519.134    0 1857 186180.000 185519.134  0.35%     -    4s
     0     0 185550.932    0 1795 186180.000 185550.932  0.34%     -    5s
     0     0 185556.000    0 1804 186180.000 185556.000  0.34%     -    5s
     0     0 185556.839    0 1743 186180.000 185556.839  0.33%     -    5s
     0     0 185557.235    0 1789 186180.000 185557.235  0.33%     -    6s
     0     0 185557.235    0 1792 186180.000 185557.235  0.33%     -    6s
     0     0 185564.219    0 1663 186180.000 185564.219  0.33%     -    6s
     0     2 185564.250    0 1663 186180.000 185564.250  0.33%     -    7s
    55    66 186044.703    7 1685 186180.000 185575.167  0.32%   818   10s
   165   123     cutoff   14      186180.000 185575.167  0.32%   681   18s
   212   146 186167.232   17 1051 186180.000 185575.167  0.32%   591   22s
   392   252 185693.275   14 1375 186180.000 185575.955  0.32%   471   25s
   523   320 185600.788    6 1580 186180.000 185582.084  0.32%   442   34s
   536   361 185627.935    7 1427 186180.000 185582.084  0.32%   442   35s
   835   567 186066.256   49 1213 186180.000 185582.084  0.32%   394   40s
  1167   786 186038.503   12 1384 186180.000 185593.433  0.32%   387   45s
  1644   958 186129.027   26 1663 186180.000 185598.753  0.31%   382   51s
  1646   959 186169.173   22 1315 186180.000 186075.004  0.06%   382   58s

Cutting planes:
  Gomory: 3
  MIR: 1
  Flow cover: 1
  Zero half: 6
  RLT: 4
  BQP: 8

Explored 1658 nodes (721735 simplex iterations) in 59.30 seconds (129.67 work units)
Thread count was 10 (of 10 available processors)

Solution count 1: 186180 

Optimal solution found (tolerance 1.00e-04)
Best objective 1.861800000000e+05, best bound 1.861650000000e+05, gap 0.0081%
Solução ótima encontrada.
Set parameter TimeLimit to value 25200
Set parameter TimeLimit to value 600
Gurobi Optimizer version 10.0.2 build v10.0.2rc0 (mac64[arm])

CPU model: Apple M5
Thread count: 10 physical cores, 10 logical processors, using up to 10 threads

Optimize a model with 548706 rows, 284763 columns and 1341935 nonzeros
Model fingerprint: 0x28e7a910
Variable types: 0 continuous, 284763 integer (264707 binary)
Coefficient statistics:
  Matrix range     [1e+00, 8e+01]
  Objective range  [5e-01, 2e+03]
  Bounds range     [1e+00, 1e+00]
  RHS range        [1e+00, 1e+02]

User MIP start produced solution with objective 186180 (0.11s)
Loaded user MIP start with objective 186180
MIP start from previous solve did not produce a new incumbent solution

Presolve removed 523000 rows and 264546 columns
Presolve time: 0.27s
Presolved: 25706 rows, 20217 columns, 73617 nonzeros
Variable types: 0 continuous, 20217 integer (20217 binary)

Root relaxation: objective 1.857416e+05, 12747 iterations, 0.29 seconds (0.60 work units)

    Nodes    |    Current Node    |     Objective Bounds      |     Work
 Expl Unexpl |  Obj  Depth IntInf | Incumbent    BestBd   Gap | It/Node Time

     0     0 185741.583    0  785 186180.000 185741.583  0.24%     -    0s
     0     0 185741.583    0  797 186180.000 185741.583  0.24%     -    0s
     0     0 185741.583    0  797 186180.000 185741.583  0.24%     -    0s
     0     0 185741.583    0  723 186180.000 185741.583  0.24%     -    1s
     0     0 185951.739    0 1556 186180.000 185951.739  0.12%     -    2s
     0     0 185952.129    0 1519 186180.000 185952.129  0.12%     -    2s
     0     0 185957.884    0 1551 186180.000 185957.884  0.12%     -    2s
     0     0 185957.889    0 1549 186180.000 185957.889  0.12%     -    2s
     0     0 185958.199    0 1549 186180.000 185958.199  0.12%     -    2s
     0     0 186036.905    0  829 186180.000 186036.905  0.08%     -    2s
     0     0 186036.905    0  490 186180.000 186036.905  0.08%     -    2s
     0     0 186036.905    0 1118 186180.000 186036.905  0.08%     -    3s
     0     0 186036.905    0 1105 186180.000 186036.905  0.08%     -    3s
     0     0 186084.632    0  689 186180.000 186084.632  0.05%     -    3s
     0     0 186084.642    0  668 186180.000 186084.642  0.05%     -    3s
     0     0 186088.610    0  708 186180.000 186088.610  0.05%     -    3s
     0     0 186088.772    0  728 186180.000 186088.772  0.05%     -    3s
     0     0 186122.600    0  766 186180.000 186122.600  0.03%     -    3s
     0     0 186128.691    0  733 186180.000 186128.691  0.03%     -    3s
     0     0 186129.130    0  757 186180.000 186129.130  0.03%     -    3s
     0     0 186129.293    0  684 186180.000 186129.293  0.03%     -    3s
H    0     0                    186175.00000 186129.293  0.02%     -    3s
     0     0 186137.142    0  618 186175.000 186137.142  0.02%     -    3s
     0     0 186143.634    0  651 186175.000 186143.634  0.02%     -    3s
     0     0 186148.836    0  611 186175.000 186148.836  0.01%     -    3s
     0     0 186148.935    0  604 186175.000 186148.935  0.01%     -    4s
     0     0 186154.504    0  623 186175.000 186154.504  0.01%     -    4s
     0     0 186154.513    0  623 186175.000 186154.513  0.01%     -    4s
     0     0 186154.521    0  624 186175.000 186154.521  0.01%     -    4s
     0     0 186154.526    0  585 186175.000 186154.526  0.01%     -    4s
     0     0 186156.821    0  600 186175.000 186156.821  0.01%     -    4s

Cutting planes:
  Gomory: 3
  Implied bound: 11
  MIR: 1
  Zero half: 18
  RLT: 93
  BQP: 30

Explored 1 nodes (57578 simplex iterations) in 4.06 seconds (8.01 work units)
Thread count was 10 (of 10 available processors)

Solution count 2: 186175 186180 

Optimal solution found (tolerance 1.00e-04)
Best objective 1.861750000000e+05, best bound 1.861570000000e+05, gap 0.0097%
Solução ótima encontrada.
Set parameter TimeLimit to value 25200
Set parameter TimeLimit to value 600
Gurobi Optimizer version 10.0.2 build v10.0.2rc0 (mac64[arm])

CPU model: Apple M5
Thread count: 10 physical cores, 10 logical processors, using up to 10 threads

Optimize a model with 548706 rows, 284763 columns and 1341935 nonzeros
Model fingerprint: 0xeaac3199
Variable types: 0 continuous, 284763 integer (264707 binary)
Coefficient statistics:
  Matrix range     [1e+00, 8e+01]
  Objective range  [5e-01, 2e+03]
  Bounds range     [1e+00, 1e+00]
  RHS range        [1e+00, 1e+02]

User MIP start produced solution with objective 186175 (0.10s)
Loaded user MIP start with objective 186175
MIP start from previous solve did not produce a new incumbent solution

Presolve removed 506579 rows and 253542 columns
Presolve time: 0.24s
Presolved: 42127 rows, 31221 columns, 123934 nonzeros
Variable types: 0 continuous, 31221 integer (31221 binary)
Deterministic concurrent LP optimizer: primal and dual simplex
Showing first log only...

Concurrent spin time: 0.00s

Solved with dual simplex

Root relaxation: objective 1.856842e+05, 18685 iterations, 0.77 seconds (1.89 work units)

    Nodes    |    Current Node    |     Objective Bounds      |     Work
 Expl Unexpl |  Obj  Depth IntInf | Incumbent    BestBd   Gap | It/Node Time

     0     0 185684.250    0  983 186175.000 185684.250  0.26%     -    1s
     0     0 185684.250    0  983 186175.000 185684.250  0.26%     -    1s
     0     0 185684.250    0  905 186175.000 185684.250  0.26%     -    2s
     0     0 185836.321    0 1164 186175.000 185836.321  0.18%     -    3s
     0     0 185840.625    0 1142 186175.000 185840.625  0.18%     -    3s
     0     0 185845.833    0 1090 186175.000 185845.833  0.18%     -    3s
     0     0 185961.876    0 1998 186175.000 185961.876  0.11%     -    4s
     0     0 185963.125    0 1164 186175.000 185963.125  0.11%     -    4s
     0     0 185963.125    0 1164 186175.000 185963.125  0.11%     -    4s
     0     0 185963.434    0 1277 186175.000 185963.434  0.11%     -    4s
     0     0 185963.600    0 1201 186175.000 185963.600  0.11%     -    4s
     0     0 185983.149    0 1937 186175.000 185983.149  0.10%     -    4s
     0     0 185984.550    0 1239 186175.000 185984.550  0.10%     -    4s
     0     0 185985.944    0 1242 186175.000 185985.944  0.10%     -    4s
     0     0 185986.000    0 1153 186175.000 185986.000  0.10%     -    4s
     0     0 185986.000    0 1153 186175.000 185986.000  0.10%     -    5s
     0     0 186034.711    0 1986 186175.000 186034.711  0.08%     -    5s
     0     0 186034.711    0  690 186175.000 186034.711  0.08%     -    5s
     0     0 186034.711    0 1344 186175.000 186034.711  0.08%     -    5s
     0     0 186042.491    0 1394 186175.000 186042.491  0.07%     -    6s
     0     0 186044.179    0 1359 186175.000 186044.179  0.07%     -    6s
     0     0 186047.736    0 1298 186175.000 186047.736  0.07%     -    6s
     0     0 186047.824    0 1340 186175.000 186047.824  0.07%     -    6s
     0     0 186047.827    0 1340 186175.000 186047.827  0.07%     -    6s
     0     0 186101.214    0  963 186175.000 186101.214  0.04%     -    6s
     0     0 186101.375    0  765 186175.000 186101.375  0.04%     -    6s
     0     0 186110.433    0 1099 186175.000 186110.433  0.03%     -    6s
     0     0 186110.433    0 1100 186175.000 186110.433  0.03%     -    6s
     0     0 186110.625    0  893 186175.000 186110.625  0.03%     -    6s
     0     0 186113.571    0 1005 186175.000 186113.571  0.03%     -    6s
     0     0 186113.571    0 1005 186175.000 186113.571  0.03%     -    6s
     0     0 186116.357    0  868 186175.000 186116.357  0.03%     -    6s
     0     0 186116.357    0  868 186175.000 186116.357  0.03%     -    6s
     0     0 186116.505    0  975 186175.000 186116.505  0.03%     -    6s
     0     0 186116.511    0  956 186175.000 186116.511  0.03%     -    6s
     0     0 186129.853    0  976 186175.000 186129.853  0.02%     -    6s
     0     0 186129.853    0  187 186175.000 186129.853  0.02%     -    6s
     0     0 186129.853    0  287 186175.000 186129.853  0.02%     -    6s
     0     0 186138.625    0  206 186175.000 186138.625  0.02%     -    6s
     0     0 186142.917    0  229 186175.000 186142.917  0.02%     -    6s
     0     0 186143.750    0  242 186175.000 186143.750  0.02%     -    6s
     0     0 186143.813    0  246 186175.000 186143.813  0.02%     -    6s
     0     0 186154.625    0  245 186175.000 186154.625  0.01%     -    6s
     0     0 186157.792    0  267 186175.000 186157.792  0.01%     -    6s

Cutting planes:
  Gomory: 5
  Implied bound: 2
  Clique: 1
  MIR: 4
  Zero half: 33
  RLT: 43
  BQP: 35

Explored 1 nodes (84617 simplex iterations) in 6.75 seconds (13.46 work units)
Thread count was 10 (of 10 available processors)

Solution count 1: 186175 

Optimal solution found (tolerance 1.00e-04)
Best objective 1.861750000000e+05, best bound 1.861580000000e+05, gap 0.0091%
Solução ótima encontrada.
Set parameter TimeLimit to value 25200
Set parameter TimeLimit to value 600
Gurobi Optimizer version 10.0.2 build v10.0.2rc0 (mac64[arm])

CPU model: Apple M5
Thread count: 10 physical cores, 10 logical processors, using up to 10 threads

Optimize a model with 548706 rows, 284763 columns and 1341935 nonzeros
Model fingerprint: 0xc7bc53f0
Variable types: 0 continuous, 284763 integer (264707 binary)
Coefficient statistics:
  Matrix range     [1e+00, 8e+01]
  Objective range  [5e-01, 2e+03]
  Bounds range     [1e+00, 1e+00]
  RHS range        [1e+00, 1e+02]

User MIP start produced solution with objective 186175 (0.10s)
Loaded user MIP start with objective 186175
MIP start from previous solve did not produce a new incumbent solution

Presolve removed 507860 rows and 255197 columns
Presolve time: 0.33s
Presolved: 40846 rows, 29566 columns, 122772 nonzeros
Variable types: 0 continuous, 29566 integer (29566 binary)
Deterministic concurrent LP optimizer: primal and dual simplex
Showing first log only...

Concurrent spin time: 0.00s

Solved with dual simplex

Root relaxation: objective 1.853310e+05, 29959 iterations, 1.86 seconds (4.86 work units)

    Nodes    |    Current Node    |     Objective Bounds      |     Work
 Expl Unexpl |  Obj  Depth IntInf | Incumbent    BestBd   Gap | It/Node Time

     0     0 185330.990    0 1501 186175.000 185330.990  0.45%     -    2s
     0     0 185547.844    0 1709 186175.000 185547.844  0.34%     -    3s
     0     0 185550.054    0 1696 186175.000 185550.054  0.34%     -    3s
     0     0 185551.265    0 1682 186175.000 185551.265  0.34%     -    4s
     0     0 185551.640    0 1685 186175.000 185551.640  0.33%     -    4s
     0     0 185551.640    0 1691 186175.000 185551.640  0.33%     -    4s
     0     0 185604.370    0 1570 186175.000 185604.370  0.31%     -    4s
     0     0 185626.573    0 2454 186175.000 185626.573  0.29%     -    5s
     0     0 185626.586    0 2453 186175.000 185626.586  0.29%     -    5s
     0     0 185646.986    0 2629 186175.000 185646.986  0.28%     -    5s
     0     0 185646.986    0 1436 186175.000 185646.986  0.28%     -    8s
     0     0 185646.986    0 1820 186175.000 185646.986  0.28%     -   10s
     0     0 185646.986    0 1643 186175.000 185646.986  0.28%     -   11s
     0     0 185660.080    0 2448 186175.000 185660.080  0.28%     -   11s
     0     0 185661.836    0 2405 186175.000 185661.836  0.28%     -   11s
     0     0 185661.874    0 2382 186175.000 185661.874  0.28%     -   11s
     0     0 185661.912    0 2400 186175.000 185661.912  0.28%     -   11s
     0     0 185662.358    0 2409 186175.000 185662.358  0.28%     -   12s
     0     0 185662.382    0 2410 186175.000 185662.382  0.28%     -   12s
     0     0 185690.959    0 1823 186175.000 185690.959  0.26%     -   13s
     0     0 185700.892    0 1809 186175.000 185700.892  0.25%     -   13s
     0     0 185703.569    0 1867 186175.000 185703.569  0.25%     -   13s
     0     0 185703.824    0 1879 186175.000 185703.824  0.25%     -   13s
     0     0 185703.833    0 1917 186175.000 185703.833  0.25%     -   14s
     0     0 185746.349    0 1691 186175.000 185746.349  0.23%     -   15s
     0     0 185758.452    0 1788 186175.000 185758.452  0.22%     -   16s
     0     0 185760.353    0 1789 186175.000 185760.353  0.22%     -   16s
     0     0 185761.037    0 1766 186175.000 185761.037  0.22%     -   16s
     0     0 185761.048    0 1776 186175.000 185761.048  0.22%     -   16s
     0     0 185809.100    0 2353 186175.000 185809.100  0.20%     -   17s
     0     0 185814.673    0 2333 186175.000 185814.673  0.19%     -   18s
     0     0 185816.737    0 2341 186175.000 185816.737  0.19%     -   18s
     0     0 185817.353    0 2280 186175.000 185817.353  0.19%     -   18s
     0     0 185817.894    0 2239 186175.000 185817.894  0.19%     -   18s
     0     0 185817.908    0 2226 186175.000 185817.908  0.19%     -   18s
     0     0 185829.312    0 1857 186175.000 185829.312  0.19%     -   20s
     0     0 185829.320    0 1350 186175.000 185829.320  0.19%     -   22s
     0     0 185829.320    0 2314 186175.000 185829.320  0.19%     -   24s
     0     0 185829.320    0 2364 186175.000 185829.320  0.19%     -   25s
     0     0 185829.320    0 1703 186175.000 185829.320  0.19%     -   26s
     0     0 185830.480    0 1765 186175.000 185830.480  0.19%     -   26s
     0     0 185830.826    0 1795 186175.000 185830.826  0.18%     -   26s
     0     0 185840.916    0 2189 186175.000 185840.916  0.18%     -   27s
     0     0 185843.450    0 2130 186175.000 185843.450  0.18%     -   27s
     0     0 185843.694    0 2141 186175.000 185843.694  0.18%     -   28s
     0     0 185843.729    0 2182 186175.000 185843.729  0.18%     -   28s
     0     0 185855.910    0 2009 186175.000 185855.910  0.17%     -   29s
     0     0 185857.223    0 1863 186175.000 185857.223  0.17%     -   29s
     0     0 185857.544    0 1935 186175.000 185857.544  0.17%     -   30s
     0     0 185857.574    0 1932 186175.000 185857.574  0.17%     -   30s
H    0     0                    186173.50000 185857.574  0.17%     -   31s
     0     0 185862.374    0 1960 186173.500 185862.374  0.17%     -   31s
     0     0 185863.590    0 2073 186173.500 185863.590  0.17%     -   31s
     0     0 185863.714    0 2015 186173.500 185863.714  0.17%     -   31s
     0     0 185863.953    0 2058 186173.500 185863.953  0.17%     -   31s
     0     0 185863.958    0 2062 186173.500 185863.958  0.17%     -   31s
     0     0 185868.195    0 2249 186173.500 185868.195  0.16%     -   32s
     0     2 185868.202    0 2249 186173.500 185868.202  0.16%     -   34s
     1     4 185868.202    1 2202 186173.500 185868.202  0.16% 10251   35s
    35    38 185982.105    6 1733 186173.500 185885.442  0.15%  3450   41s
    70    65 186083.546    8 1550 186173.500 185885.442  0.15%  2757   45s
   123    85     cutoff   12      186173.500 185885.442  0.15%  2045   56s
H  133    85                    186171.50000 185885.442  0.15%  1957   56s
H  134    85                    186156.50000 185885.442  0.15%  1942   56s
   214    94 186027.757   10 1418 186156.500 185886.926  0.14%  1595   61s
   322   114 186106.616   18 1171 186156.500 185886.926  0.14%  1589   68s
   366   128     cutoff   22      186156.500 185907.107  0.13%  1655   76s
   448   137 185934.389   12 1814 186156.500 185907.107  0.13%  1709   80s
   578   161 186100.997   19 1540 186156.500 185907.107  0.13%  1604   85s
   739   193 186051.382    8 1536 186156.500 185916.983  0.13%  1542   98s
   759   196 186052.769    9 1436 186156.500 185916.983  0.13%  1535  108s
   774   207 186056.598   10 1321 186156.500 185916.983  0.13%  1543  110s
   955   236 186095.419   17 1605 186156.500 185916.983  0.13%  1528  116s
  1139   243     cutoff    9      186156.500 185999.970  0.08%  1462  121s
  1315   252     cutoff   12      186156.500 186045.291  0.06%  1422  126s
  1403   268     cutoff   12      186156.500 186049.179  0.06%  1416  132s
  1531   258 186106.469    6 1486 186156.500 186050.584  0.06%  1379  135s
  1715   258 186123.421    9 1828 186156.500 186056.871  0.05%  1378  140s
  1858   261 186084.197   14 1299 186156.500 186056.871  0.05%  1336  159s
  1875   257 186093.472   15 1197 186156.500 186071.922  0.05%  1332  161s
  2149   195 186137.331   18  942 186156.500 186078.393  0.04%  1215  165s

Cutting planes:
  Gomory: 2
  Lift-and-project: 7
  Implied bound: 21
  MIR: 1
  GUB cover: 1
  Inf proof: 1
  Zero half: 60
  RLT: 198
  BQP: 119

Explored 3189 nodes (3100700 simplex iterations) in 168.85 seconds (440.14 work units)
Thread count was 10 (of 10 available processors)

Solution count 4: 186156 186172 186174 186175 

Optimal solution found (tolerance 1.00e-04)
Best objective 1.861565000000e+05, best bound 1.861395000000e+05, gap 0.0091%
Solução ótima encontrada.
Set parameter TimeLimit to value 25200
Set parameter TimeLimit to value 600
Gurobi Optimizer version 10.0.2 build v10.0.2rc0 (mac64[arm])

CPU model: Apple M5
Thread count: 10 physical cores, 10 logical processors, using up to 10 threads

Optimize a model with 548706 rows, 284763 columns and 1341935 nonzeros
Model fingerprint: 0x0da4fc28
Variable types: 0 continuous, 284763 integer (264707 binary)
Coefficient statistics:
  Matrix range     [1e+00, 8e+01]
  Objective range  [5e-01, 2e+03]
  Bounds range     [1e+00, 1e+00]
  RHS range        [1e+00, 1e+02]

User MIP start produced solution with objective 186156 (0.12s)
Loaded user MIP start with objective 186156
MIP start from previous solve did not produce a new incumbent solution

Presolve removed 528357 rows and 268551 columns
Presolve time: 0.25s
Presolved: 20349 rows, 16212 columns, 58362 nonzeros
Variable types: 0 continuous, 16212 integer (16212 binary)

Root relaxation: objective 1.857298e+05, 12725 iterations, 0.33 seconds (0.64 work units)

    Nodes    |    Current Node    |     Objective Bounds      |     Work
 Expl Unexpl |  Obj  Depth IntInf | Incumbent    BestBd   Gap | It/Node Time

     0     0 185729.833    0  683 186156.500 185729.833  0.23%     -    0s
     0     0 185729.833    0  716 186156.500 185729.833  0.23%     -    0s
     0     0 185729.833    0  716 186156.500 185729.833  0.23%     -    0s
     0     0 185729.833    0  647 186156.500 185729.833  0.23%     -    1s
     0     0 185941.480    0 1421 186156.500 185941.480  0.12%     -    1s
     0     0 185941.911    0  722 186156.500 185941.911  0.12%     -    1s
     0     0 186004.736    0 1413 186156.500 186004.736  0.08%     -    1s
     0     0 186004.736    0 1413 186156.500 186004.736  0.08%     -    2s
     0     0 186026.125    0  740 186156.500 186026.125  0.07%     -    2s
     0     0 186026.125    0  414 186156.500 186026.125  0.07%     -    2s
     0     0 186026.125    0  757 186156.500 186026.125  0.07%     -    2s
     0     0 186026.125    0  712 186156.500 186026.125  0.07%     -    2s
     0     0 186026.125    0  698 186156.500 186026.125  0.07%     -    2s
     0     0 186075.093    0  475 186156.500 186075.093  0.04%     -    2s
     0     0 186086.175    0  494 186156.500 186086.175  0.04%     -    2s
     0     0 186086.302    0  512 186156.500 186086.302  0.04%     -    2s
     0     0 186088.353    0  453 186156.500 186088.353  0.04%     -    2s
     0     0 186089.150    0  417 186156.500 186089.150  0.04%     -    2s
     0     0 186089.230    0  473 186156.500 186089.230  0.04%     -    2s
     0     0 186152.000    0  113 186156.500 186152.000  0.00%     -    2s

Cutting planes:
  Gomory: 7
  Lift-and-project: 1
  Implied bound: 12
  Clique: 4
  MIR: 4
  Zero half: 26
  RLT: 104
  BQP: 20

Explored 1 nodes (47643 simplex iterations) in 2.93 seconds (5.95 work units)
Thread count was 10 (of 10 available processors)

Solution count 1: 186156 

Optimal solution found (tolerance 1.00e-04)
Best objective 1.861565000000e+05, best bound 1.861520000000e+05, gap 0.0024%
Solução ótima encontrada.
Set parameter TimeLimit to value 25200
Set parameter TimeLimit to value 600
Gurobi Optimizer version 10.0.2 build v10.0.2rc0 (mac64[arm])

CPU model: Apple M5
Thread count: 10 physical cores, 10 logical processors, using up to 10 threads

Optimize a model with 548706 rows, 284763 columns and 1341935 nonzeros
Model fingerprint: 0x729ee8ca
Variable types: 0 continuous, 284763 integer (264707 binary)
Coefficient statistics:
  Matrix range     [1e+00, 8e+01]
  Objective range  [5e-01, 2e+03]
  Bounds range     [1e+00, 1e+00]
  RHS range        [1e+00, 1e+02]

User MIP start produced solution with objective 186156 (0.11s)
Loaded user MIP start with objective 186156
MIP start from previous solve did not produce a new incumbent solution

Presolve removed 526151 rows and 266613 columns
Presolve time: 0.25s
Presolved: 22555 rows, 18150 columns, 64774 nonzeros
Variable types: 0 continuous, 18150 integer (18150 binary)

Root relaxation: objective 1.857298e+05, 11780 iterations, 0.26 seconds (0.55 work units)

    Nodes    |    Current Node    |     Objective Bounds      |     Work
 Expl Unexpl |  Obj  Depth IntInf | Incumbent    BestBd   Gap | It/Node Time

     0     0 185729.833    0  657 186156.500 185729.833  0.23%     -    0s
     0     0 185729.833    0  674 186156.500 185729.833  0.23%     -    0s
     0     0 185729.833    0  674 186156.500 185729.833  0.23%     -    0s
     0     0 185729.833    0  616 186156.500 185729.833  0.23%     -    1s
     0     0 185950.466    0 1372 186156.500 185950.466  0.11%     -    1s
     0     0 185952.744    0 1379 186156.500 185952.744  0.11%     -    1s
     0     0 185953.951    0 1402 186156.500 185953.951  0.11%     -    2s
     0     0 185953.951    0 1410 186156.500 185953.951  0.11%     -    2s
     0     0 186044.675    0  767 186156.500 186044.675  0.06%     -    2s
     0     0 186044.675    0  411 186156.500 186044.675  0.06%     -    2s
     0     0 186044.675    0  432 186156.500 186044.675  0.06%     -    2s
     0     0 186044.675    0  964 186156.500 186044.675  0.06%     -    3s
     0     0 186044.675    0  716 186156.500 186044.675  0.06%     -    3s
     0     0 186044.675    0  671 186156.500 186044.675  0.06%     -    3s
     0     0 186044.675    0  600 186156.500 186044.675  0.06%     -    3s
     0     0 186109.062    0  484 186156.500 186109.062  0.03%     -    3s
     0     0 186113.343    0  487 186156.500 186113.343  0.02%     -    3s
     0     0 186114.914    0  458 186156.500 186114.914  0.02%     -    3s
     0     0 186114.914    0  459 186156.500 186114.914  0.02%     -    3s
     0     0 186124.659    0  459 186156.500 186124.659  0.02%     -    3s
     0     0 186124.659    0  462 186156.500 186124.659  0.02%     -    3s
     0     0 186124.659    0  458 186156.500 186124.659  0.02%     -    3s
     0     0 186124.797    0  458 186156.500 186124.797  0.02%     -    3s
     0     0 186124.841    0  458 186156.500 186124.841  0.02%     -    3s
     0     0     cutoff    0      186156.500 186156.500  0.00%     -    3s

Cutting planes:
  Gomory: 7
  Implied bound: 9
  Clique: 4
  MIR: 3
  Zero half: 18
  RLT: 66
  BQP: 123

Explored 1 nodes (53097 simplex iterations) in 3.33 seconds (6.44 work units)
Thread count was 10 (of 10 available processors)

Solution count 1: 186156 

Optimal solution found (tolerance 1.00e-04)
Best objective 1.861565000000e+05, best bound 1.861565000000e+05, gap 0.0000%
Solução ótima encontrada.
Set parameter TimeLimit to value 25200
Set parameter TimeLimit to value 600
Gurobi Optimizer version 10.0.2 build v10.0.2rc0 (mac64[arm])

CPU model: Apple M5
Thread count: 10 physical cores, 10 logical processors, using up to 10 threads

Optimize a model with 548706 rows, 284763 columns and 1341935 nonzeros
Model fingerprint: 0xd0125cc1
Variable types: 0 continuous, 284763 integer (264707 binary)
Coefficient statistics:
  Matrix range     [1e+00, 8e+01]
  Objective range  [5e-01, 2e+03]
  Bounds range     [1e+00, 1e+00]
  RHS range        [1e+00, 1e+02]

User MIP start produced solution with objective 186156 (0.10s)
Loaded user MIP start with objective 186156
MIP start from previous solve did not produce a new incumbent solution

Presolve removed 522365 rows and 264120 columns
Presolve time: 0.27s
Presolved: 26341 rows, 20643 columns, 75150 nonzeros
Variable types: 0 continuous, 20643 integer (20643 binary)

Root relaxation: objective 1.857248e+05, 14769 iterations, 0.34 seconds (0.73 work units)

    Nodes    |    Current Node    |     Objective Bounds      |     Work
 Expl Unexpl |  Obj  Depth IntInf | Incumbent    BestBd   Gap | It/Node Time

     0     0 185724.833    0  896 186156.500 185724.833  0.23%     -    0s
     0     0 185724.833    0  890 186156.500 185724.833  0.23%     -    0s
     0     0 185724.833    0  890 186156.500 185724.833  0.23%     -    0s
     0     0 185724.833    0  750 186156.500 185724.833  0.23%     -    1s
     0     0 185933.846    0 1402 186156.500 185933.846  0.12%     -    2s
     0     0 185937.096    0 1458 186156.500 185937.096  0.12%     -    2s
     0     0 185937.142    0 1453 186156.500 185937.142  0.12%     -    2s
     0     0 185952.964    0 1499 186156.500 185952.964  0.11%     -    2s
     0     0 185958.610    0 1391 186156.500 185958.610  0.11%     -    2s
     0     0 185958.610    0 1419 186156.500 185958.610  0.11%     -    2s
     0     0 186021.259    0  943 186156.500 186021.259  0.07%     -    2s
     0     0 186021.259    0  508 186156.500 186021.259  0.07%     -    3s
     0     0 186021.259    0 1117 186156.500 186021.259  0.07%     -    3s
     0     0 186021.259    0  902 186156.500 186021.259  0.07%     -    3s
     0     0 186021.259    0  884 186156.500 186021.259  0.07%     -    3s
     0     0 186021.259    0  868 186156.500 186021.259  0.07%     -    3s
     0     0 186087.298    0  631 186156.500 186087.298  0.04%     -    3s
     0     0 186087.298    0  631 186156.500 186087.298  0.04%     -    3s
     0     0 186097.376    0  656 186156.500 186097.376  0.03%     -    3s
     0     0 186097.376    0  655 186156.500 186097.376  0.03%     -    3s
     0     0 186099.741    0  638 186156.500 186099.741  0.03%     -    3s
     0     0 186099.997    0  680 186156.500 186099.997  0.03%     -    3s
     0     0 186100.016    0  660 186156.500 186100.016  0.03%     -    3s
     0     0 186139.833    0  276 186156.500 186139.833  0.01%     -    3s

Cutting planes:
  Gomory: 9
  Lift-and-project: 4
  Implied bound: 8
  Clique: 9
  MIR: 5
  Zero half: 19
  RLT: 92
  BQP: 249

Explored 1 nodes (57813 simplex iterations) in 3.88 seconds (7.32 work units)
Thread count was 10 (of 10 available processors)

Solution count 1: 186156 

Optimal solution found (tolerance 1.00e-04)
Best objective 1.861565000000e+05, best bound 1.861400000000e+05, gap 0.0089%
Solução ótima encontrada.
Set parameter TimeLimit to value 25200
Set parameter TimeLimit to value 600
Gurobi Optimizer version 10.0.2 build v10.0.2rc0 (mac64[arm])

CPU model: Apple M5
Thread count: 10 physical cores, 10 logical processors, using up to 10 threads

Optimize a model with 548706 rows, 284763 columns and 1341935 nonzeros
Model fingerprint: 0xa36e3566
Variable types: 0 continuous, 284763 integer (264707 binary)
Coefficient statistics:
  Matrix range     [1e+00, 8e+01]
  Objective range  [5e-01, 2e+03]
  Bounds range     [1e+00, 1e+00]
  RHS range        [1e+00, 1e+02]

User MIP start produced solution with objective 186156 (0.10s)
Loaded user MIP start with objective 186156
MIP start from previous solve did not produce a new incumbent solution

Presolve removed 515165 rows and 258942 columns
Presolve time: 0.29s
Presolved: 33541 rows, 25821 columns, 97899 nonzeros
Variable types: 0 continuous, 25821 integer (25821 binary)

Root relaxation: objective 1.854506e+05, 24246 iterations, 1.04 seconds (2.91 work units)

    Nodes    |    Current Node    |     Objective Bounds      |     Work
 Expl Unexpl |  Obj  Depth IntInf | Incumbent    BestBd   Gap | It/Node Time

     0     0 185450.625    0 1067 186156.500 185450.625  0.38%     -    1s
     0     0 185679.936    0 2579 186156.500 185679.936  0.26%     -    3s
     0     0 185681.769    0 2555 186156.500 185681.769  0.26%     -    3s
     0     0 185681.769    0 2540 186156.500 185681.769  0.26%     -    3s
     0     0 185681.769    0 2536 186156.500 185681.769  0.26%     -    3s
     0     0 185681.769    0 2536 186156.500 185681.769  0.26%     -    3s
     0     0 185683.159    0 2534 186156.500 185683.159  0.25%     -    3s
     0     0 185683.159    0 2527 186156.500 185683.159  0.25%     -    3s
     0     0 185769.042    0 1269 186156.500 185769.042  0.21%     -    4s
     0     0 185769.042    0  939 186156.500 185769.042  0.21%     -    5s
     0     0 185769.042    0 2282 186156.500 185769.042  0.21%     -    6s
     0     0 185815.415    0 1662 186156.500 185815.415  0.18%     -    7s
     0     0 185818.588    0 1727 186156.500 185818.588  0.18%     -    7s
     0     0 185819.218    0 1760 186156.500 185819.218  0.18%     -    7s
     0     0 185819.330    0 1692 186156.500 185819.330  0.18%     -    7s
     0     0 185819.409    0 1689 186156.500 185819.409  0.18%     -    7s
     0     0 185819.594    0 1697 186156.500 185819.594  0.18%     -    7s
     0     0 185819.594    0 1699 186156.500 185819.594  0.18%     -    7s
     0     0 185859.388    0 1182 186156.500 185859.388  0.16%     -    8s
     0     0 185862.509    0 1739 186156.500 185862.509  0.16%     -    8s
     0     0 185864.818    0 1551 186156.500 185864.818  0.16%     -    8s
     0     0 185864.844    0 1548 186156.500 185864.844  0.16%     -    8s
     0     0 185887.085    0 1893 186156.500 185887.085  0.14%     -    9s
     0     0 185887.085    0 1893 186156.500 185887.085  0.14%     -    9s
     0     0 185892.190    0 1996 186156.500 185892.190  0.14%     -    9s
     0     0 185892.190    0 2011 186156.500 185892.190  0.14%     -    9s
     0     0 185893.113    0 1728 186156.500 185893.113  0.14%     -    9s
     0     0 185893.407    0 2043 186156.500 185893.407  0.14%     -   10s
     0     0 185893.461    0 2073 186156.500 185893.461  0.14%     -   10s
     0     0 185893.466    0 2075 186156.500 185893.466  0.14%     -   10s
     0     0 185906.152    0 1652 186156.500 185906.152  0.13%     -   11s
     0     0 185906.152    0 1650 186156.500 185906.152  0.13%     -   11s
     0     0 185909.447    0 2179 186156.500 185909.447  0.13%     -   11s
     0     0 185912.443    0 1676 186156.500 185912.443  0.13%     -   11s
     0     0 185912.748    0 1561 186156.500 185912.748  0.13%     -   11s
     0     0 185912.883    0 2049 186156.500 185912.883  0.13%     -   11s
     0     0 185912.883    0 2041 186156.500 185912.883  0.13%     -   12s
     0     0 185912.911    0 2059 186156.500 185912.911  0.13%     -   12s
     0     0 185922.669    0 2357 186156.500 185922.669  0.13%     -   12s
     0     0 185922.669    0  800 186156.500 185922.669  0.13%     -   13s
     0     0 185922.669    0 1724 186156.500 185922.669  0.13%     -   14s
     0     0 185922.669    0 1681 186156.500 185922.669  0.13%     -   14s
     0     0 185922.669    0 1047 186156.500 185922.669  0.13%     -   14s
     0     0 185922.669    0 1843 186156.500 185922.669  0.13%     -   14s
     0     0 185922.669    0 1820 186156.500 185922.669  0.13%     -   14s
     0     0 185930.836    0 1773 186156.500 185930.836  0.12%     -   15s
     0     0 185931.176    0 1588 186156.500 185931.176  0.12%     -   15s
     0     0 185931.383    0 1848 186156.500 185931.383  0.12%     -   15s
     0     0 185931.386    0 1882 186156.500 185931.386  0.12%     -   15s
     0     0 185943.322    0 1640 186156.500 185943.322  0.11%     -   15s
     0     0 185964.633    0 1185 186156.500 185964.633  0.10%     -   16s
     0     0 185967.525    0 1569 186156.500 185967.525  0.10%     -   16s
     0     0 185967.743    0 1580 186156.500 185967.743  0.10%     -   16s
     0     0 185967.748    0 1586 186156.500 185967.748  0.10%     -   16s
     0     0 185976.722    0 1186 186156.500 185976.722  0.10%     -   16s
     0     0 185978.403    0 1644 186156.500 185978.403  0.10%     -   16s
     0     0 185979.667    0 1628 186156.500 185979.667  0.09%     -   16s
     0     0 185979.934    0 1668 186156.500 185979.934  0.09%     -   16s
     0     0 185979.959    0 1662 186156.500 185979.959  0.09%     -   16s
     0     0 185981.302    0 1291 186156.500 185981.302  0.09%     -   17s
     0     0 185982.333    0 1426 186156.500 185982.333  0.09%     -   17s
     0     0 185982.784    0 1403 186156.500 185982.784  0.09%     -   17s
     0     0 185982.826    0 1421 186156.500 185982.826  0.09%     -   17s
     0     0 185987.057    0  730 186156.500 185987.057  0.09%     -   17s
     0     0 185987.130    0  577 186156.500 185987.130  0.09%     -   18s
     0     0 185987.130    0 1149 186156.500 185987.130  0.09%     -   18s
     0     0 185987.130    0 1148 186156.500 185987.130  0.09%     -   18s
     0     0 185987.130    0  861 186156.500 185987.130  0.09%     -   18s
     0     0 185987.130    0 1101 186156.500 185987.130  0.09%     -   18s
     0     0 185987.130    0 1061 186156.500 185987.130  0.09%     -   19s
     0     0 185987.130    0 1062 186156.500 185987.130  0.09%     -   19s
     0     0 185987.130    0  989 186156.500 185987.130  0.09%     -   19s
     0     0 185987.630    0  651 186156.500 185987.630  0.09%     -   19s
     0     0 185987.649    0  632 186156.500 185987.649  0.09%     -   19s
     0     0 185988.491    0  559 186156.500 185988.491  0.09%     -   19s
     0     0 185988.621    0  387 186156.500 185988.621  0.09%     -   19s
     0     0 185988.621    0  389 186156.500 185988.621  0.09%     -   19s
     0     0 185989.559    0 1069 186156.500 185989.559  0.09%     -   19s
     0     0 185989.769    0  627 186156.500 185989.769  0.09%     -   19s
     0     0 185989.847    0  641 186156.500 185989.847  0.09%     -   19s
     0     0 185989.975    0  655 186156.500 185989.975  0.09%     -   19s
     0     0 185989.979    0  629 186156.500 185989.979  0.09%     -   19s
     0     0 185990.111    0  630 186156.500 185990.111  0.09%     -   19s
     0     0 185990.114    0  631 186156.500 185990.114  0.09%     -   19s
     0     0 185990.115    0  568 186156.500 185990.115  0.09%     -   19s
     0     2 185990.128    0  568 186156.500 185990.128  0.09%     -   19s
     7    16 186014.292    3  875 186156.500 185992.483  0.09%   439   20s
   316   136 186136.788   21  407 186156.500 185993.265  0.09%   158   25s
   713   257 186078.000   15   50 186156.500 185999.322  0.08%   136   30s
  3369   659     cutoff   14      186156.500 186028.051  0.07%   116   35s
  6155   732 186139.500   13   40 186156.500 186074.500  0.04%   109   40s
  7956   546 186118.350   11  154 186156.500 186094.667  0.03%   105   45s

Cutting planes:
  Gomory: 3
  Lift-and-project: 1
  Implied bound: 28
  Clique: 29
  MIR: 4
  Zero half: 44
  RLT: 208
  BQP: 547

Explored 10832 nodes (1201273 simplex iterations) in 47.52 seconds (91.29 work units)
Thread count was 10 (of 10 available processors)

Solution count 1: 186156 

Optimal solution found (tolerance 1.00e-04)
Best objective 1.861565000000e+05, best bound 1.861565000000e+05, gap 0.0000%
Solução ótima encontrada.
Set parameter TimeLimit to value 25200
Set parameter TimeLimit to value 600
Gurobi Optimizer version 10.0.2 build v10.0.2rc0 (mac64[arm])

CPU model: Apple M5
Thread count: 10 physical cores, 10 logical processors, using up to 10 threads

Optimize a model with 548706 rows, 284763 columns and 1341935 nonzeros
Model fingerprint: 0x587c9ad5
Variable types: 0 continuous, 284763 integer (264707 binary)
Coefficient statistics:
  Matrix range     [1e+00, 8e+01]
  Objective range  [5e-01, 2e+03]
  Bounds range     [1e+00, 1e+00]
  RHS range        [1e+00, 1e+02]

User MIP start produced solution with objective 186156 (0.10s)
Loaded user MIP start with objective 186156
MIP start from previous solve did not produce a new incumbent solution

Presolve removed 523723 rows and 264966 columns
Presolve time: 0.26s
Presolved: 24983 rows, 19797 columns, 71388 nonzeros
Variable types: 0 continuous, 19797 integer (19797 binary)

Root relaxation: objective 1.857048e+05, 13285 iterations, 0.30 seconds (0.64 work units)

    Nodes    |    Current Node    |     Objective Bounds      |     Work
 Expl Unexpl |  Obj  Depth IntInf | Incumbent    BestBd   Gap | It/Node Time

     0     0 185704.833    0  862 186156.500 185704.833  0.24%     -    0s
     0     0 185704.833    0  910 186156.500 185704.833  0.24%     -    0s
     0     0 185704.833    0  910 186156.500 185704.833  0.24%     -    0s
     0     0 185704.833    0  811 186156.500 185704.833  0.24%     -    1s
     0     0 185926.731    0 1595 186156.500 185926.731  0.12%     -    2s
     0     0 185926.731    0 1570 186156.500 185926.731  0.12%     -    2s
     0     0 185926.731    0 1557 186156.500 185926.731  0.12%     -    2s
     0     0 185926.912    0 1527 186156.500 185926.912  0.12%     -    2s
     0     0 185927.015    0 1522 186156.500 185927.015  0.12%     -    2s
     0     0 185931.701    0 1660 186156.500 185931.701  0.12%     -    2s
     0     0 185933.030    0 1599 186156.500 185933.030  0.12%     -    2s
     0     0 186023.631    0  965 186156.500 186023.631  0.07%     -    2s
     0     0 186023.631    0  623 186156.500 186023.631  0.07%     -    3s
     0     0 186023.631    0  935 186156.500 186023.631  0.07%     -    3s
     0     0 186023.631    0  696 186156.500 186023.631  0.07%     -    3s
     0     0 186023.631    0  887 186156.500 186023.631  0.07%     -    3s
     0     0 186023.631    0  849 186156.500 186023.631  0.07%     -    3s
     0     0 186023.631    0  837 186156.500 186023.631  0.07%     -    3s
     0     0 186058.105    0  732 186156.500 186058.105  0.05%     -    3s
     0     0 186058.105    0  732 186156.500 186058.105  0.05%     -    3s
     0     0 186059.123    0  750 186156.500 186059.123  0.05%     -    3s
     0     0 186059.123    0  750 186156.500 186059.123  0.05%     -    3s
     0     0 186059.175    0  760 186156.500 186059.175  0.05%     -    3s
     0     0 186059.360    0  763 186156.500 186059.360  0.05%     -    3s
     0     0 186134.833    0  275 186156.500 186134.833  0.01%     -    3s
     0     0 186134.833    0  279 186156.500 186134.833  0.01%     -    3s
     0     0 186136.500    0  141 186156.500 186136.500  0.01%     -    3s
     0     0 186136.500    0  117 186156.500 186136.500  0.01%     -    3s
     0     0 186136.500    0   46 186156.500 186136.500  0.01%     -    3s
     0     0 186136.500    0   72 186156.500 186136.500  0.01%     -    3s
     0     0 186136.500    0   60 186156.500 186136.500  0.01%     -    3s
     0     0 186154.000    0   80 186156.500 186154.000  0.00%     -    3s

Cutting planes:
  Gomory: 3
  Clique: 28
  Zero half: 6
  RLT: 4
  BQP: 2

Explored 1 nodes (57715 simplex iterations) in 3.63 seconds (7.02 work units)
Thread count was 10 (of 10 available processors)

Solution count 1: 186156 

Optimal solution found (tolerance 1.00e-04)
Best objective 1.861565000000e+05, best bound 1.861540000000e+05, gap 0.0013%
Solução ótima encontrada.
Set parameter TimeLimit to value 25200
Set parameter TimeLimit to value 600
Gurobi Optimizer version 10.0.2 build v10.0.2rc0 (mac64[arm])

CPU model: Apple M5
Thread count: 10 physical cores, 10 logical processors, using up to 10 threads

Optimize a model with 548706 rows, 284763 columns and 1341935 nonzeros
Model fingerprint: 0xb525099e
Variable types: 0 continuous, 284763 integer (264707 binary)
Coefficient statistics:
  Matrix range     [1e+00, 8e+01]
  Objective range  [5e-01, 2e+03]
  Bounds range     [1e+00, 1e+00]
  RHS range        [1e+00, 1e+02]

User MIP start produced solution with objective 186156 (0.11s)
Loaded user MIP start with objective 186156
MIP start from previous solve did not produce a new incumbent solution

Presolve removed 507455 rows and 254549 columns
Presolve time: 0.36s
Presolved: 41251 rows, 30214 columns, 123059 nonzeros
Variable types: 0 continuous, 30214 integer (30214 binary)
Deterministic concurrent LP optimizer: primal and dual simplex
Showing first log only...


Root simplex log...

Iteration    Objective       Primal Inf.    Dual Inf.      Time
   52561    2.3904360e+05   0.000000e+00   3.066223e+08      5s
Concurrent spin time: 0.00s

Solved with dual simplex

Root relaxation: objective 1.847723e+05, 47908 iterations, 6.21 seconds (18.41 work units)

    Nodes    |    Current Node    |     Objective Bounds      |     Work
 Expl Unexpl |  Obj  Depth IntInf | Incumbent    BestBd   Gap | It/Node Time

     0     0 184772.342    0 2155 186156.500 184772.342  0.74%     -    7s
     0     0 185024.150    0 1946 186156.500 185024.150  0.61%     -    9s
     0     0 185029.526    0 1909 186156.500 185029.526  0.61%     -    9s
     0     0 185208.254    0 2469 186156.500 185208.254  0.51%     -   10s
     0     0 185214.116    0 2448 186156.500 185214.116  0.51%     -   11s
     0     0 185215.173    0 2484 186156.500 185215.173  0.51%     -   11s
     0     0 185215.260    0 2523 186156.500 185215.260  0.51%     -   11s
     0     0 185215.297    0 2486 186156.500 185215.297  0.51%     -   11s
     0     0 185281.902    0 2712 186156.500 185281.902  0.47%     -   13s
     0     0 185289.008    0 2751 186156.500 185289.008  0.47%     -   13s
     0     0 185289.620    0 2728 186156.500 185289.620  0.47%     -   13s
     0     0 185289.991    0 2752 186156.500 185289.991  0.47%     -   14s
     0     0 185290.135    0 2752 186156.500 185290.135  0.47%     -   14s
     0     0 185339.700    0 2273 186156.500 185339.700  0.44%     -   16s
     0     0 185355.317    0 2842 186156.500 185355.317  0.43%     -   17s
     0     0 185357.511    0 2269 186156.500 185357.511  0.43%     -   17s
     0     0 185358.051    0 2308 186156.500 185358.051  0.43%     -   17s
     0     0 185358.301    0 2820 186156.500 185358.301  0.43%     -   18s
     0     0 185358.329    0 2266 186156.500 185358.329  0.43%     -   18s
     0     0 185364.395    0 2777 186156.500 185364.395  0.43%     -   19s
     0     2 185364.418    0 2777 186156.500 185364.418  0.43%     -   21s
     3     8 185406.936    2 2956 186156.500 185401.312  0.41% 11551   25s
     7    16 185423.253    3 2995 186156.500 185406.936  0.40%  8118   32s
    15    26 185426.391    4 3125 186156.500 185423.253  0.39% 12464   47s
    35    46 185426.953    5 3015 186156.500 185426.953  0.39% 11697   54s
H   39    46                    186065.00000 185426.981  0.34% 11022   54s
    45    56 185442.172    6 2831 186065.000 185427.595  0.34% 10583   57s
    55    69 185520.245    7 2063 186065.000 185427.595  0.34% 10193   60s
H   78    87                    185945.00000 185427.595  0.28%  8972  137s
    88   104 185535.106    9 1931 185945.000 185427.595  0.28%  8384  140s
   157   141 185640.563   13 1270 185945.000 185427.595  0.28%  5462  148s
   215   179 185834.875   20  853 185945.000 185427.595  0.28%  4405  153s
   251   202 185859.500   24  583 185945.000 185427.595  0.28%  4009  156s
   312   258 185909.125   33  414 185945.000 185427.595  0.28%  3546  161s
   358   278     cutoff   38      185945.000 185439.672  0.27%  3266  165s
   429   314 185695.920    8 2594 185945.000 185439.672  0.27%  3022  172s
   466   330 185697.546    9 1707 185945.000 185439.672  0.27%  2938  194s
   482   352 185780.452    9 1849 185945.000 185439.672  0.27%  2904  197s
   525   382 185804.957   11 1556 185945.000 185439.672  0.27%  2799  200s
   585   390     cutoff   13      185945.000 185439.672  0.27%  2662  206s
   665   439     cutoff   20      185945.000 185453.756  0.26%  2585  212s
   709   480 185682.000    8 2026 185945.000 185453.756  0.26%  2542  217s
   764   511 185710.976    9 1885 185945.000 185453.756  0.26%  2475  220s
   805   543 185729.077   11 1913 185945.000 185453.756  0.26%  2444  225s
   939   606 185847.118   16 1713 185945.000 185453.756  0.26%  2314  235s
  1018   627 185899.293   22 1525 185945.000 185470.612  0.26%  2259  241s
  1059   673 185669.467    9 1878 185945.000 185470.612  0.26%  2280  246s
  1119   747 185669.510   10 1878 185945.000 185470.612  0.26%  2257  251s
  1227   776 185811.477   17 1759 185945.000 185470.612  0.26%  2167  256s
  1299   818 185916.067   21 1620 185945.000 185474.949  0.25%  2157  262s
  1395   861 185723.035   12 1839 185945.000 185474.949  0.25%  2100  267s
  1480   879 185885.114   16 1603 185945.000 185474.949  0.25%  2074  291s
  1546   918 185923.866   22 1625 185945.000 185476.736  0.25%  2023  297s
  1657   969 185552.901    9 1977 185945.000 185482.307  0.25%  1990  305s
  1824  1047 185708.190   11 1801 185945.000 185482.307  0.25%  1916  311s
  1923  1118 185924.630   14 1503 185945.000 185485.203  0.25%  1897  320s
  2074  1160 185699.845   18 1544 185945.000 185485.203  0.25%  1867  328s
  2194  1201     cutoff   27      185945.000 185486.192  0.25%  1857  339s
  2353  1249 185621.696   15 1937 185945.000 185486.192  0.25%  1830  352s
  2435  1334 185790.686   19 1761 185945.000 185488.573  0.25%  1844  361s
  2574  1376 185502.607   15 1759 185945.000 185488.573  0.25%  1827  379s
  2698  1442 185842.148   21 1645 185945.000 185495.885  0.24%  1822  391s
  2859  1518 185907.982   21 1558 185945.000 185497.262  0.24%  1821  403s
  3040  1579 185728.208   17 1738 185945.000 185501.843  0.24%  1817  416s
  3188  1627 185787.638   16 1802 185945.000 185502.514  0.24%  1836  455s
  3331  1628 185732.630   23 2777 185945.000 185502.607  0.24%  1840  462s
  3333  1629 185766.016   16 2126 185945.000 185502.607  0.24%  1839  479s
  3334  1630 185654.263   20 2164 185945.000 185502.607  0.24%  1838  484s
  3335  1631 185814.828   17 2831 185945.000 185502.607  0.24%  1838  485s
  3340  1634 185789.207   17 3197 185945.000 185502.607  0.24%  1835  490s
  3345  1637 185840.146   20 2472 185945.000 185502.607  0.24%  1832  495s
  3348  1639 185610.449   14 2473 185945.000 185502.607  0.24%  1831  500s
  3353  1644 185919.250   37 2106 185945.000 185502.665  0.24%  1866  525s
  3355  1646 185922.111   27 2830 185945.000 185502.665  0.24%  1865  530s
  3360  1649 185622.264   21 2439 185945.000 185502.665  0.24%  1862  536s
  3364  1652 185775.464   21 2524 185945.000 185502.665  0.24%  1860  542s
  3366  1653 185940.848   17 2559 185945.000 185502.665  0.24%  1859  546s
  3369  1658 185506.610   30 2341 185945.000 185502.714  0.24%  1894  552s
  3375  1668 185514.142   32 2427 185945.000 185508.349  0.23%  1900  557s
  3383  1675 185516.992   33 2499 185945.000 185514.224  0.23%  1932  574s
  3393  1682 185517.966   34 2503 185945.000 185516.992  0.23%  2012  578s
  3403  1689 185536.396   34 2372 185945.000 185517.966  0.23%  2020  594s
  3413  1695 185586.546   35 2378 185945.000 185517.966  0.23%  2025  595s
  3437  1716 185588.502   36 2334 185945.000 185517.966  0.23%  2043  600s

Cutting planes:
  Gomory: 4
  Lift-and-project: 3
  Clique: 68
  MIR: 10
  StrongCG: 2
  Flow cover: 10
  GUB cover: 1
  Inf proof: 1
  Zero half: 43
  RLT: 298
  BQP: 870
  PSD: 17

Explored 3452 nodes (7160337 simplex iterations) in 600.02 seconds (1738.59 work units)
Thread count was 10 (of 10 available processors)

Solution count 3: 185945 186065 186156 

Time limit reached
Best objective 1.859450000000e+05, best bound 1.855179662409e+05, gap 0.2297%
Solução -> não <- ótima.
Set parameter TimeLimit to value 25200
Set parameter TimeLimit to value 600
Gurobi Optimizer version 10.0.2 build v10.0.2rc0 (mac64[arm])

CPU model: Apple M5
Thread count: 10 physical cores, 10 logical processors, using up to 10 threads

Optimize a model with 548706 rows, 284763 columns and 1341935 nonzeros
Model fingerprint: 0x6e8cdba1
Variable types: 0 continuous, 284763 integer (264707 binary)
Coefficient statistics:
  Matrix range     [1e+00, 8e+01]
  Objective range  [5e-01, 2e+03]
  Bounds range     [1e+00, 1e+00]
  RHS range        [1e+00, 1e+02]

User MIP start produced solution with objective 185945 (0.12s)
Loaded user MIP start with objective 185945
MIP start from previous solve did not produce a new incumbent solution

Presolve removed 504539 rows and 251073 columns
Presolve time: 0.36s
Presolved: 44167 rows, 33690 columns, 132494 nonzeros
Variable types: 0 continuous, 33690 integer (33690 binary)
Deterministic concurrent LP optimizer: primal and dual simplex
Showing first log only...

Concurrent spin time: 0.00s

Solved with dual simplex

Root relaxation: objective 1.853661e+05, 27887 iterations, 1.70 seconds (4.35 work units)

    Nodes    |    Current Node    |     Objective Bounds      |     Work
 Expl Unexpl |  Obj  Depth IntInf | Incumbent    BestBd   Gap | It/Node Time

     0     0 185366.071    0 1310 185945.000 185366.071  0.31%     -    2s
     0     0 185373.748    0 1349 185945.000 185373.748  0.31%     -    2s
     0     0 185373.748    0 1366 185945.000 185373.748  0.31%     -    2s
     0     0 185373.748    0 1377 185945.000 185373.748  0.31%     -    5s
     0     0 185599.458    0 1565 185945.000 185599.458  0.19%     -    6s
     0     0 185603.429    0 1873 185945.000 185603.429  0.18%     -    6s
     0     0 185603.438    0 1617 185945.000 185603.438  0.18%     -    6s
     0     0 185666.830    0 1848 185945.000 185666.830  0.15%     -    7s
     0     0 185666.830    0 1225 185945.000 185666.830  0.15%     -    9s
     0     0 185666.830    0 1528 185945.000 185666.830  0.15%     -   10s
     0     0 185689.897    0 1571 185945.000 185689.897  0.14%     -   10s
     0     0 185689.975    0 1560 185945.000 185689.975  0.14%     -   10s
     0     0 185690.036    0 1568 185945.000 185690.036  0.14%     -   10s
     0     0 185690.060    0 1562 185945.000 185690.060  0.14%     -   10s
     0     0 185690.833    0 1570 185945.000 185690.833  0.14%     -   10s
     0     0 185690.840    0 1564 185945.000 185690.840  0.14%     -   10s
     0     0 185691.900    0 1566 185945.000 185691.900  0.14%     -   10s
     0     0 185691.900    0 1567 185945.000 185691.900  0.14%     -   10s
     0     0 185732.910    0 1305 185945.000 185732.910  0.11%     -   11s
     0     0 185740.238    0 1266 185945.000 185740.238  0.11%     -   11s
     0     0 185741.365    0 1684 185945.000 185741.365  0.11%     -   11s
     0     0 185741.771    0 1369 185945.000 185741.771  0.11%     -   11s
     0     0 185742.110    0 1403 185945.000 185742.110  0.11%     -   11s
     0     0 185742.718    0 1405 185945.000 185742.718  0.11%     -   11s
     0     0 185742.933    0 1403 185945.000 185742.933  0.11%     -   11s
     0     0 185743.131    0 1388 185945.000 185743.131  0.11%     -   11s
     0     0 185751.491    0 1650 185945.000 185751.491  0.10%     -   12s
     0     0 185751.866    0 1890 185945.000 185751.866  0.10%     -   12s
     0     0 185751.900    0 1667 185945.000 185751.900  0.10%     -   12s
     0     0 185751.903    0 1643 185945.000 185751.903  0.10%     -   12s
     0     0 185757.839    0 1817 185945.000 185757.839  0.10%     -   12s
     0     0 185757.839    0 1817 185945.000 185757.839  0.10%     -   12s
     0     0 185757.839    0 1817 185945.000 185757.839  0.10%     -   12s
     0     0 185758.130    0 1863 185945.000 185758.130  0.10%     -   12s
     0     0 185758.149    0 1725 185945.000 185758.149  0.10%     -   12s
     0     0 185758.219    0 1854 185945.000 185758.219  0.10%     -   12s
     0     0 185758.249    0 1843 185945.000 185758.249  0.10%     -   12s
     0     0 185781.713    0 1434 185945.000 185781.713  0.09%     -   13s
     0     0 185781.713    0  713 185945.000 185781.713  0.09%     -   13s
     0     0 185781.713    0 1259 185945.000 185781.713  0.09%     -   13s
     0     0 185796.932    0 1056 185945.000 185796.932  0.08%     -   14s
     0     0 185811.408    0  949 185945.000 185811.408  0.07%     -   14s
     0     0 185812.809    0  892 185945.000 185812.809  0.07%     -   14s
     0     0 185813.109    0  906 185945.000 185813.109  0.07%     -   14s
     0     0 185813.109    0  906 185945.000 185813.109  0.07%     -   14s
     0     0 185839.714    0  488 185945.000 185839.714  0.06%     -   14s
     0     0 185839.714    0  488 185945.000 185839.714  0.06%     -   14s
     0     0 185840.250    0  307 185945.000 185840.250  0.06%     -   14s
     0     0 185840.250    0  373 185945.000 185840.250  0.06%     -   14s
     0     0 185841.500    0  356 185945.000 185841.500  0.06%     -   14s
     0     0 185841.500    0  530 185945.000 185841.500  0.06%     -   14s
     0     0 185843.233    0  550 185945.000 185843.233  0.05%     -   14s
     0     0 185843.283    0  414 185945.000 185843.283  0.05%     -   15s
     0     0 185843.283    0  679 185945.000 185843.283  0.05%     -   15s
     0     0 185843.283    0  729 185945.000 185843.283  0.05%     -   15s
     0     0 185843.283    0  307 185945.000 185843.283  0.05%     -   15s
     0     0 185843.283    0  336 185945.000 185843.283  0.05%     -   15s
     0     0 185843.661    0  382 185945.000 185843.661  0.05%     -   15s
     0     0 185844.553    0  365 185945.000 185844.553  0.05%     -   15s
     0     0 185844.685    0  372 185945.000 185844.685  0.05%     -   15s
     0     0 185844.703    0  387 185945.000 185844.703  0.05%     -   15s
     0     0 185845.088    0  369 185945.000 185845.088  0.05%     -   15s
     0     0 185845.088    0  378 185945.000 185845.088  0.05%     -   15s
     0     0 185845.088    0  400 185945.000 185845.088  0.05%     -   15s
     0     0 185845.088    0  375 185945.000 185845.088  0.05%     -   15s
     0     0 185845.088    0  266 185945.000 185845.088  0.05%     -   16s
     0     2 185845.098    0  266 185945.000 185845.098  0.05%     -   16s
   569   285 185914.000   12  104 185945.000 185846.640  0.05%   102   22s
   980   796 infeasible   28      185945.000 185849.823  0.05%  90.5   25s
  3953  1389 185860.833   26  185 185945.000 185855.828  0.05%  94.2   31s
  4160  1377 185859.833   26  167 185945.000 185855.828  0.05%  92.9   36s
  7623  1215 infeasible   42      185945.000 185864.000  0.04%  88.6   40s
 16292     0 infeasible   36      185945.000 185906.500  0.02%  90.4   45s

Cutting planes:
  Gomory: 4
  Lift-and-project: 7
  Clique: 1
  MIR: 7
  Flow cover: 7
  GUB cover: 1
  Inf proof: 3
  Zero half: 38
  RLT: 64
  BQP: 162

Explored 16843 nodes (1674114 simplex iterations) in 45.16 seconds (79.41 work units)
Thread count was 10 (of 10 available processors)

Solution count 1: 185945 

Optimal solution found (tolerance 1.00e-04)
Best objective 1.859450000000e+05, best bound 1.859450000000e+05, gap 0.0000%
Solução ótima encontrada.
Set parameter TimeLimit to value 25200
Set parameter TimeLimit to value 600
Gurobi Optimizer version 10.0.2 build v10.0.2rc0 (mac64[arm])

CPU model: Apple M5
Thread count: 10 physical cores, 10 logical processors, using up to 10 threads

Optimize a model with 548706 rows, 284763 columns and 1341935 nonzeros
Model fingerprint: 0xf93caf6b
Variable types: 0 continuous, 284763 integer (264707 binary)
Coefficient statistics:
  Matrix range     [1e+00, 8e+01]
  Objective range  [5e-01, 2e+03]
  Bounds range     [1e+00, 1e+00]
  RHS range        [1e+00, 1e+02]

User MIP start produced solution with objective 185945 (0.11s)
Loaded user MIP start with objective 185945
MIP start from previous solve did not produce a new incumbent solution

Presolve removed 523663 rows and 264423 columns
Presolve time: 0.27s
Presolved: 25043 rows, 20340 columns, 74443 nonzeros
Variable types: 0 continuous, 20340 integer (20340 binary)

Root relaxation: objective 1.850643e+05, 7854 iterations, 0.16 seconds (0.34 work units)

    Nodes    |    Current Node    |     Objective Bounds      |     Work
 Expl Unexpl |  Obj  Depth IntInf | Incumbent    BestBd   Gap | It/Node Time

     0     0 185064.333    0  551 185945.000 185064.333  0.47%     -    0s
     0     0 185087.250    0  580 185945.000 185087.250  0.46%     -    0s
H    0     0                    185940.00000 185087.250  0.46%     -    0s
     0     0 185088.900    0  781 185940.000 185088.900  0.46%     -    0s
     0     0 185114.667    0  837 185940.000 185114.667  0.44%     -    0s
     0     0 185114.667    0  707 185940.000 185114.667  0.44%     -    0s
     0     0 185114.667    0  700 185940.000 185114.667  0.44%     -    0s
     0     0 185124.192    0  755 185940.000 185124.192  0.44%     -    1s
     0     0 185125.917    0  682 185940.000 185125.917  0.44%     -    1s
     0     0 185128.833    0  627 185940.000 185128.833  0.44%     -    1s
     0     0 185128.833    0  621 185940.000 185128.833  0.44%     -    1s
     0     0 185128.833    0  582 185940.000 185128.833  0.44%     -    1s
     0     0 185128.833    0  581 185940.000 185128.833  0.44%     -    1s
     0     0 185129.833    0  601 185940.000 185129.833  0.44%     -    1s
     0     2 185130.333    0  543 185940.000 185130.333  0.44%     -    1s
   210   199 185651.429   13  421 185940.000 185131.333  0.43%  85.5    5s
   564   486 185655.500   22  139 185940.000 185133.000  0.43%  75.2   10s
   830   615 185149.667   12  325 185940.000 185133.000  0.43%  72.8   15s
  1370  1122 185557.200   31  413 185940.000 185133.000  0.43%  73.9   20s
  1856  1319 185212.083    9  441 185940.000 185212.083  0.39%  75.3   25s
  1878  1335 185484.250   19  839 185940.000 185359.971  0.31%  82.3   31s
  1890  1343 185900.500   34  757 185940.000 185483.167  0.25%  81.7   36s

Cutting planes:
  Gomory: 10
  Lift-and-project: 3
  Clique: 66
  Flow cover: 1
  Zero half: 58
  RLT: 5
  BQP: 22

Explored 1894 nodes (194663 simplex iterations) in 37.87 seconds (63.51 work units)
Thread count was 10 (of 10 available processors)

Solution count 2: 185940 185945 

Optimal solution found (tolerance 1.00e-04)
Best objective 1.859400000000e+05, best bound 1.859241666667e+05, gap 0.0085%
Solução ótima encontrada.
Set parameter TimeLimit to value 25200
Set parameter TimeLimit to value 600
Gurobi Optimizer version 10.0.2 build v10.0.2rc0 (mac64[arm])

CPU model: Apple M5
Thread count: 10 physical cores, 10 logical processors, using up to 10 threads

Optimize a model with 548706 rows, 284763 columns and 1341935 nonzeros
Model fingerprint: 0xa8f6ef19
Variable types: 0 continuous, 284763 integer (264707 binary)
Coefficient statistics:
  Matrix range     [1e+00, 8e+01]
  Objective range  [5e-01, 2e+03]
  Bounds range     [1e+00, 1e+00]
  RHS range        [1e+00, 1e+02]

User MIP start produced solution with objective 185940 (0.11s)
Loaded user MIP start with objective 185940
MIP start from previous solve did not produce a new incumbent solution

Presolve removed 511571 rows and 256028 columns
Presolve time: 0.32s
Presolved: 37135 rows, 28735 columns, 110148 nonzeros
Variable types: 0 continuous, 28735 integer (28735 binary)
Deterministic concurrent LP optimizer: primal and dual simplex
Showing first log only...

Concurrent spin time: 0.00s

Solved with dual simplex

Root relaxation: objective 1.851530e+05, 9116 iterations, 0.21 seconds (0.41 work units)

    Nodes    |    Current Node    |     Objective Bounds      |     Work
 Expl Unexpl |  Obj  Depth IntInf | Incumbent    BestBd   Gap | It/Node Time

     0     0 185152.964    0  817 185940.000 185152.964  0.42%     -    0s
     0     0 185324.627    0 1237 185940.000 185324.627  0.33%     -    0s
     0     0 185331.707    0 1171 185940.000 185331.707  0.33%     -    1s
     0     0 185358.250    0 1080 185940.000 185358.250  0.31%     -    1s
     0     0 185364.417    0  842 185940.000 185364.417  0.31%     -    1s
     0     0 185364.472    0  940 185940.000 185364.472  0.31%     -    1s
     0     0 185365.000    0 1019 185940.000 185365.000  0.31%     -    1s
     0     0 185365.000    0 1020 185940.000 185365.000  0.31%     -    1s
     0     0 185374.000    0  677 185940.000 185374.000  0.30%     -    1s
     0     0 185408.875    0  763 185940.000 185408.875  0.29%     -    1s
     0     0 185430.208    0  979 185940.000 185430.208  0.27%     -    1s
     0     0 185436.550    0  899 185940.000 185436.550  0.27%     -    1s
     0     0 185448.583    0  898 185940.000 185448.583  0.26%     -    1s
     0     0 185448.583    0  848 185940.000 185448.583  0.26%     -    1s
     0     0 185466.447    0  936 185940.000 185466.447  0.25%     -    2s
     0     0 185471.298    0  941 185940.000 185471.298  0.25%     -    2s
     0     0 185472.929    0  941 185940.000 185472.929  0.25%     -    2s
     0     0 185510.300    0  669 185940.000 185510.300  0.23%     -    2s
     0     0 185510.750    0  733 185940.000 185510.750  0.23%     -    3s
     0     0 185902.500    0  606 185940.000 185902.500  0.02%     -    3s
     0     0 185905.000    0  573 185940.000 185905.000  0.02%     -    3s
     0     0 185910.000    0  450 185940.000 185910.000  0.02%     -    3s
     0     0 185913.750    0  465 185940.000 185913.750  0.01%     -    3s
     0     0 185915.000    0  460 185940.000 185915.000  0.01%     -    3s
     0     0 185915.000    0  336 185940.000 185915.000  0.01%     -    3s
     0     0 185915.000    0   93 185940.000 185915.000  0.01%     -    3s
     0     0 185916.667    0  138 185940.000 185916.667  0.01%     -    3s
     0     0 185916.667    0  120 185940.000 185916.667  0.01%     -    3s
     0     0 185925.000    0   98 185940.000 185925.000  0.01%     -    3s

Cutting planes:
  Gomory: 3
  Clique: 10
  Zero half: 15
  RLT: 5
  BQP: 8

Explored 1 nodes (37553 simplex iterations) in 3.78 seconds (6.93 work units)
Thread count was 10 (of 10 available processors)

Solution count 1: 185940 

Optimal solution found (tolerance 1.00e-04)
Best objective 1.859400000000e+05, best bound 1.859250000000e+05, gap 0.0081%
Solução ótima encontrada.
Set parameter TimeLimit to value 25200
Set parameter TimeLimit to value 600
Gurobi Optimizer version 10.0.2 build v10.0.2rc0 (mac64[arm])

CPU model: Apple M5
Thread count: 10 physical cores, 10 logical processors, using up to 10 threads

Optimize a model with 548706 rows, 284763 columns and 1341935 nonzeros
Model fingerprint: 0x5780524a
Variable types: 0 continuous, 284763 integer (264707 binary)
Coefficient statistics:
  Matrix range     [1e+00, 8e+01]
  Objective range  [5e-01, 2e+03]
  Bounds range     [1e+00, 1e+00]
  RHS range        [1e+00, 1e+02]

User MIP start produced solution with objective 185940 (0.10s)
Loaded user MIP start with objective 185940
MIP start from previous solve did not produce a new incumbent solution

Presolve removed 511335 rows and 257071 columns
Presolve time: 0.33s
Presolved: 37371 rows, 27692 columns, 113159 nonzeros
Variable types: 0 continuous, 27692 integer (27692 binary)
Deterministic concurrent LP optimizer: primal and dual simplex
Showing first log only...

Concurrent spin time: 0.00s

Solved with dual simplex

Root relaxation: objective 1.849434e+05, 19475 iterations, 0.73 seconds (1.61 work units)

    Nodes    |    Current Node    |     Objective Bounds      |     Work
 Expl Unexpl |  Obj  Depth IntInf | Incumbent    BestBd   Gap | It/Node Time

     0     0 184943.357    0 1324 185940.000 184943.357  0.54%     -    1s
     0     0 185120.979    0 1665 185940.000 185120.979  0.44%     -    1s
     0     0 185121.417    0 1643 185940.000 185121.417  0.44%     -    1s
     0     0 185151.188    0 1390 185940.000 185151.188  0.42%     -    2s
     0     0 185151.188    0 1393 185940.000 185151.188  0.42%     -    2s
     0     0 185184.800    0 1353 185940.000 185184.800  0.41%     -    2s
     0     0 185203.381    0 1615 185940.000 185203.381  0.40%     -    3s
     0     0 185204.795    0 1637 185940.000 185204.795  0.40%     -    3s
     0     0 185204.842    0 1642 185940.000 185204.842  0.40%     -    3s
     0     0 185206.212    0 1621 185940.000 185206.212  0.39%     -    3s
     0     0 185206.297    0 1644 185940.000 185206.297  0.39%     -    3s
     0     0 185206.297    0 1666 185940.000 185206.297  0.39%     -    3s
     0     0 185252.897    0 1929 185940.000 185252.897  0.37%     -    4s
     0     0 185259.438    0 1701 185940.000 185259.438  0.37%     -    4s
     0     0 185259.792    0 1678 185940.000 185259.792  0.37%     -    4s
     0     0 185259.950    0 1722 185940.000 185259.950  0.37%     -    4s
     0     0 185259.954    0 1707 185940.000 185259.954  0.37%     -    4s
     0     0 185277.710    0 1864 185940.000 185277.710  0.36%     -    4s
     0     2 185277.876    0 1850 185940.000 185277.876  0.36%     -    5s
    79    90 185365.856    9 1294 185940.000 185283.650  0.35%   780   14s
    89   104 185623.750   10 1205 185940.000 185283.650  0.35%   762   15s
   215   195 185841.083   20  112 185940.000 185283.650  0.35%   716   22s
   259   211 185300.657    6 1800 185940.000 185284.143  0.35%   684   31s
   357   288 185382.136   17 1197 185940.000 185284.143  0.35%   730   36s
   367   298 185382.136   18 1175 185940.000 185284.143  0.35%   766   40s
   377   308 185399.958   19 1117 185940.000 185284.143  0.35%   775   47s
   476   371 185876.867   29  160 185940.000 185284.143  0.35%   772   59s
   486   374 185899.417   30  126 185940.000 185285.311  0.35%   771   61s
   723   554 185594.999   27 1251 185940.000 185285.311  0.35%   741   65s
  1027   741 185628.604   19  857 185940.000 185292.699  0.35%   734   70s
  1397   998     cutoff   28      185940.000 185293.053  0.35%   757   76s
  1584  1027 185360.768   26 1465 185940.000 185293.053  0.35%   746   84s
  1621  1028 185360.768   27 1864 185940.000 185293.053  0.35%   755   85s
  1623  1029 185324.049    9 1303 185940.000 185293.053  0.35%   754   90s
  1631  1035 185834.574   21 1665 185940.000 185345.060  0.32%   750   98s
  1638  1039 185444.133    9 1585 185940.000 185391.910  0.29%   747  103s
  1643  1043 185529.513   12 1721 185940.000 185407.095  0.29%   745  108s
  1646  1045 185797.500   15 1829 185940.000 185427.100  0.28%   743  113s
  1651  1049 185768.347   17 1219 185940.000 185768.347  0.09%   763  118s
  1727  1105 185902.359   27  545 185940.000 185902.359  0.02%   756  120s

Cutting planes:
  Gomory: 5
  MIR: 2
  Flow cover: 7
  Zero half: 43
  RLT: 14
  BQP: 51

Explored 1782 nodes (1360117 simplex iterations) in 120.34 seconds (230.39 work units)
Thread count was 10 (of 10 available processors)

Solution count 1: 185940 

Optimal solution found (tolerance 1.00e-04)
Best objective 1.859400000000e+05, best bound 1.859220000000e+05, gap 0.0097%
Solução ótima encontrada.
Set parameter TimeLimit to value 25200
Set parameter TimeLimit to value 600
Gurobi Optimizer version 10.0.2 build v10.0.2rc0 (mac64[arm])

CPU model: Apple M5
Thread count: 10 physical cores, 10 logical processors, using up to 10 threads

Optimize a model with 548706 rows, 284763 columns and 1341935 nonzeros
Model fingerprint: 0xa12679f0
Variable types: 0 continuous, 284763 integer (264707 binary)
Coefficient statistics:
  Matrix range     [1e+00, 8e+01]
  Objective range  [5e-01, 2e+03]
  Bounds range     [1e+00, 1e+00]
  RHS range        [1e+00, 1e+02]

User MIP start produced solution with objective 185940 (0.12s)
Loaded user MIP start with objective 185940
MIP start from previous solve did not produce a new incumbent solution

Presolve removed 528997 rows and 268771 columns
Presolve time: 0.25s
Presolved: 19709 rows, 15992 columns, 58499 nonzeros
Variable types: 0 continuous, 15992 integer (15992 binary)

Root relaxation: objective 1.851047e+05, 7613 iterations, 0.22 seconds (0.37 work units)

    Nodes    |    Current Node    |     Objective Bounds      |     Work
 Expl Unexpl |  Obj  Depth IntInf | Incumbent    BestBd   Gap | It/Node Time

     0     0 185104.700    0  815 185940.000 185104.700  0.45%     -    0s
     0     0 185151.000    0  939 185940.000 185151.000  0.42%     -    0s
     0     0 185153.000    0  882 185940.000 185153.000  0.42%     -    0s
     0     0 185216.553    0  993 185940.000 185216.553  0.39%     -    1s
     0     0 185220.797    0  938 185940.000 185220.797  0.39%     -    1s
     0     0 185225.588    0  954 185940.000 185225.588  0.38%     -    1s
     0     0 185226.722    0  914 185940.000 185226.722  0.38%     -    1s
     0     0 185226.722    0  919 185940.000 185226.722  0.38%     -    1s
     0     0 185239.891    0  949 185940.000 185239.891  0.38%     -    1s
     0     0 185243.455    0  992 185940.000 185243.455  0.37%     -    1s
     0     0 185243.850    0  958 185940.000 185243.850  0.37%     -    1s
     0     0 185243.920    0  943 185940.000 185243.920  0.37%     -    1s
     0     0 185243.920    0  957 185940.000 185243.920  0.37%     -    1s
     0     0 185250.633    0  916 185940.000 185250.633  0.37%     -    1s
     0     0 185250.809    0  933 185940.000 185250.809  0.37%     -    1s
     0     0 185252.174    0 1059 185940.000 185252.174  0.37%     -    1s
     0     0 185252.174    0 1054 185940.000 185252.174  0.37%     -    1s
     0     0 185255.321    0  698 185940.000 185255.321  0.37%     -    2s
H    0     0                    185935.00000 185255.321  0.37%     -    2s
     0     2 185255.571    0  645 185935.000 185255.571  0.37%     -    2s
   313   268 185283.450    7  686 185935.000 185257.561  0.36%   208    5s
   519   426 185308.256   14  503 185935.000 185257.561  0.36%   251   12s
   539   608 185376.321   13  580 185935.000 185257.561  0.36%   252   18s
H  565   608                    185930.00000 185257.561  0.36%   245   18s
   789   773     cutoff   26      185930.000 185257.908  0.36%   209   20s
  1047   935 185263.427    7  719 185930.000 185257.931  0.36%   190   29s
H 1101   935                    185924.50000 185257.931  0.36%   187   29s
  1295  1217 185643.333   32  428 185924.500 185257.969  0.36%   178   31s
  1716  1224 185363.183   13  990 185924.500 185363.183  0.30%   177   36s
  1728  1232 185381.791   11 1006 185924.500 185381.791  0.29%   175   40s

Cutting planes:
  Gomory: 9
  Clique: 98
  MIR: 1
  Flow cover: 1
  Zero half: 44
  RLT: 16
  BQP: 23

Explored 1741 nodes (350623 simplex iterations) in 44.74 seconds (88.78 work units)
Thread count was 10 (of 10 available processors)

Solution count 4: 185924 185930 185935 185940 

Optimal solution found (tolerance 1.00e-04)
Best objective 1.859245000000e+05, best bound 1.859135000000e+05, gap 0.0059%
Solução ótima encontrada.
Set parameter TimeLimit to value 25200
Set parameter TimeLimit to value 600
Gurobi Optimizer version 10.0.2 build v10.0.2rc0 (mac64[arm])

CPU model: Apple M5
Thread count: 10 physical cores, 10 logical processors, using up to 10 threads

Optimize a model with 548706 rows, 284763 columns and 1341935 nonzeros
Model fingerprint: 0x442f5067
Variable types: 0 continuous, 284763 integer (264707 binary)
Coefficient statistics:
  Matrix range     [1e+00, 8e+01]
  Objective range  [5e-01, 2e+03]
  Bounds range     [1e+00, 1e+00]
  RHS range        [1e+00, 1e+02]

User MIP start produced solution with objective 185924 (0.11s)
Loaded user MIP start with objective 185924
MIP start from previous solve did not produce a new incumbent solution

Presolve removed 526285 rows and 266648 columns
Presolve time: 0.27s
Presolved: 22421 rows, 18115 columns, 66514 nonzeros
Variable types: 0 continuous, 18115 integer (18115 binary)

Root relaxation: objective 1.851884e+05, 5644 iterations, 0.10 seconds (0.21 work units)

    Nodes    |    Current Node    |     Objective Bounds      |     Work
 Expl Unexpl |  Obj  Depth IntInf | Incumbent    BestBd   Gap | It/Node Time

     0     0 185188.357    0  609 185924.500 185188.357  0.40%     -    0s
     0     0 185350.250    0  643 185924.500 185350.250  0.31%     -    0s
     0     0 185350.250    0  618 185924.500 185350.250  0.31%     -    0s
     0     0 185360.900    0  669 185924.500 185360.900  0.30%     -    0s
     0     0 185364.889    0  676 185924.500 185364.889  0.30%     -    0s
     0     0 185366.560    0  727 185924.500 185366.560  0.30%     -    0s
     0     0 185400.750    0  402 185924.500 185400.750  0.28%     -    1s
     0     0 185412.000    0  606 185924.500 185412.000  0.28%     -    1s
     0     0 185412.417    0  627 185924.500 185412.417  0.28%     -    1s
     0     0 185412.417    0  651 185924.500 185412.417  0.28%     -    1s
     0     0 185480.688    0  566 185924.500 185480.688  0.24%     -    1s
     0     0 185513.357    0  480 185924.500 185513.357  0.22%     -    1s
     0     0 185907.417    0  497 185924.500 185907.417  0.01%     -    1s

Cutting planes:
  Gomory: 4
  Clique: 89
  Zero half: 39
  RLT: 4
  BQP: 10

Explored 1 nodes (20938 simplex iterations) in 1.69 seconds (3.48 work units)
Thread count was 10 (of 10 available processors)

Solution count 1: 185924 

Optimal solution found (tolerance 1.00e-04)
Best objective 1.859245000000e+05, best bound 1.859074166667e+05, gap 0.0092%
Solução ótima encontrada.
Set parameter TimeLimit to value 25200
Set parameter TimeLimit to value 600
Gurobi Optimizer version 10.0.2 build v10.0.2rc0 (mac64[arm])

CPU model: Apple M5
Thread count: 10 physical cores, 10 logical processors, using up to 10 threads

Optimize a model with 548706 rows, 284763 columns and 1341935 nonzeros
Model fingerprint: 0x793a1272
Variable types: 0 continuous, 284763 integer (264707 binary)
Coefficient statistics:
  Matrix range     [1e+00, 8e+01]
  Objective range  [5e-01, 2e+03]
  Bounds range     [1e+00, 1e+00]
  RHS range        [1e+00, 1e+02]

User MIP start produced solution with objective 185924 (0.10s)
Loaded user MIP start with objective 185924
MIP start from previous solve did not produce a new incumbent solution

Presolve removed 522650 rows and 263909 columns
Presolve time: 0.29s
Presolved: 26056 rows, 20854 columns, 76939 nonzeros
Variable types: 0 continuous, 20854 integer (20854 binary)

Root relaxation: objective 1.851819e+05, 7711 iterations, 0.20 seconds (0.36 work units)

    Nodes    |    Current Node    |     Objective Bounds      |     Work
 Expl Unexpl |  Obj  Depth IntInf | Incumbent    BestBd   Gap | It/Node Time

     0     0 185181.929    0  740 185924.500 185181.929  0.40%     -    0s
     0     0 185273.500    0  853 185924.500 185273.500  0.35%     -    0s
     0     0 185279.667    0  842 185924.500 185279.667  0.35%     -    0s
     0     0 185279.667    0  825 185924.500 185279.667  0.35%     -    0s
     0     0 185288.250    0  722 185924.500 185288.250  0.34%     -    1s
     0     0 185307.107    0  873 185924.500 185307.107  0.33%     -    1s
     0     0 185310.333    0  681 185924.500 185310.333  0.33%     -    1s
     0     0 185330.536    0  851 185924.500 185330.536  0.32%     -    1s
     0     0 185330.536    0  854 185924.500 185330.536  0.32%     -    1s
     0     0 185341.450    0  853 185924.500 185341.450  0.31%     -    1s
     0     0 185342.093    0  863 185924.500 185342.093  0.31%     -    1s
     0     0 185343.095    0  884 185924.500 185343.095  0.31%     -    1s
     0     0 185343.138    0  888 185924.500 185343.138  0.31%     -    1s
     0     0 185349.681    0  793 185924.500 185349.681  0.31%     -    1s
     0     2 185350.056    0  764 185924.500 185350.056  0.31%     -    2s
   285   207 185838.000   30  190 185924.500 185355.010  0.31%   116    5s
   773   556 185360.273    7  778 185924.500 185357.773  0.30%   108   10s

Cutting planes:
  Gomory: 5
  Implied bound: 5
  Clique: 137
  Zero half: 48
  RLT: 7
  BQP: 20

Explored 1966 nodes (241716 simplex iterations) in 15.68 seconds (27.62 work units)
Thread count was 10 (of 10 available processors)

Solution count 1: 185924 

Optimal solution found (tolerance 1.00e-04)
Best objective 1.859245000000e+05, best bound 1.859061666667e+05, gap 0.0099%
Solução ótima encontrada.
Set parameter TimeLimit to value 25200
Set parameter TimeLimit to value 600
Gurobi Optimizer version 10.0.2 build v10.0.2rc0 (mac64[arm])

CPU model: Apple M5
Thread count: 10 physical cores, 10 logical processors, using up to 10 threads

Optimize a model with 548706 rows, 284763 columns and 1341935 nonzeros
Model fingerprint: 0x1d6a12a0
Variable types: 0 continuous, 284763 integer (264707 binary)
Coefficient statistics:
  Matrix range     [1e+00, 8e+01]
  Objective range  [5e-01, 2e+03]
  Bounds range     [1e+00, 1e+00]
  RHS range        [1e+00, 1e+02]

User MIP start produced solution with objective 185924 (0.11s)
Loaded user MIP start with objective 185924
MIP start from previous solve did not produce a new incumbent solution

Presolve removed 513321 rows and 257785 columns
Presolve time: 0.33s
Presolved: 35385 rows, 26978 columns, 108378 nonzeros
Variable types: 0 continuous, 26978 integer (26978 binary)
Deterministic concurrent LP optimizer: primal and dual simplex
Showing first log only...

Concurrent spin time: 0.00s

Solved with dual simplex

Root relaxation: objective 1.843500e+05, 23161 iterations, 1.54 seconds (4.62 work units)

    Nodes    |    Current Node    |     Objective Bounds      |     Work
 Expl Unexpl |  Obj  Depth IntInf | Incumbent    BestBd   Gap | It/Node Time

     0     0 184349.957    0 1611 185924.500 184349.957  0.85%     -    3s
     0     0 184576.650    0 2143 185924.500 184576.650  0.72%     -    5s
     0     0 184587.750    0 2222 185924.500 184587.750  0.72%     -    6s
     0     0 184763.933    0 1844 185924.500 184763.933  0.62%     -    7s
     0     0 184784.871    0 1871 185924.500 184784.871  0.61%     -    8s
     0     0 184787.173    0 1790 185924.500 184787.173  0.61%     -    9s
     0     0 184810.983    0 2165 185924.500 184810.983  0.60%     -   11s
H    0     0                    185922.50000 184823.888  0.59%     -   12s
     0     0 184823.888    0 2245 185922.500 184823.888  0.59%     -   12s
     0     0 184826.168    0 2198 185922.500 184826.168  0.59%     -   12s
     0     0 184826.171    0 2098 185922.500 184826.171  0.59%     -   12s
     0     0 184842.429    0 1894 185922.500 184842.429  0.58%     -   13s
     0     0 184843.525    0 1984 185922.500 184843.525  0.58%     -   14s
     0     0 184843.775    0 1937 185922.500 184843.775  0.58%     -   14s
     0     0 184843.775    0 1913 185922.500 184843.775  0.58%     -   14s
     0     0 184846.232    0 1766 185922.500 184846.232  0.58%     -   18s
     0     2 184846.262    0 1766 185922.500 184846.262  0.58%     -   20s
    15    26 184918.222    4 1922 185922.500 184847.330  0.58%  5025   25s
    25    36 184918.414    5 1994 185922.500 184886.000  0.56%  5261   31s
    35    46 184938.292    5 1975 185922.500 184886.000  0.56%  7332   37s
    55    71 184953.292    7 1527 185922.500 184886.000  0.56%  5458   40s
    70    87 185038.271    7 1396 185922.500 184886.000  0.56%  4815   55s
   214   205 185600.796   17  901 185922.500 184886.000  0.56%  2235   60s
   474   360 185168.542   20  960 185922.500 184907.146  0.55%  1375   65s
   620   455 184946.111    5 1775 185922.500 184907.714  0.55%  1231   90s
   874   628 185462.792   15  749 185922.500 184907.714  0.55%  1073   97s
  1036   724 185047.597    8 1411 185922.500 184910.246  0.54%  1042  101s
  1304   904 185841.622   25 1038 185922.500 184944.067  0.53%  1008  106s
  1574  1062 185177.713   16 1331 185922.500 184944.067  0.53%   974  111s
  1645  1064 185674.000   20 1643 185922.500 184944.067  0.53%   973  122s
  1647  1066 185051.021   13 2299 185922.500 184944.067  0.53%   972  125s
  1660  1074 185155.375   10 2002 185922.500 185000.080  0.50%   964  137s
  1667  1079 185123.671   13 2203 185922.500 185058.563  0.46%   960  140s
  1702  1113 185081.478   20 2022 185922.500 185077.859  0.45%  1062  147s
  1746  1143 185118.232   23 1966 185922.500 185077.859  0.45%  1088  159s
  1772  1162 185128.246   24 1889 185922.500 185077.859  0.45%  1088  160s
  2029  1276 185788.232   36  801 185922.500 185077.859  0.45%  1011  165s
  2069  1272 185784.233   38  786 185922.500 185077.859  0.45%  1003  197s
  2114  1296 185808.867   40  739 185922.500 185077.859  0.45%   999  200s
  2171  1305     cutoff   46      185922.500 185077.957  0.45%   990  212s
  2232  1319 185083.005   24 1928 185922.500 185078.397  0.45%   983  221s
  2292  1337 185128.516   26 2049 185922.500 185078.397  0.45%   975  238s
  2364  1418 185241.129   30 1535 185922.500 185078.397  0.45%   963  241s
  2622  1488 185090.033   23 2110 185922.500 185081.605  0.45%   925  246s
  2871  1610 185202.662   33 1811 185922.500 185081.605  0.45%   906  251s
  3059  1646 185792.936   42  601 185922.500 185081.605  0.45%   890  264s
  3113  1709 185838.137   51  684 185922.500 185083.219  0.45%   882  266s
  3371  1807 185333.628   34 1061 185922.500 185083.219  0.45%   867  271s
  3663  1895 185213.686   33 1493 185922.500 185083.496  0.45%   841  276s
  3967  1960 infeasible   69      185922.500 185085.517  0.45%   820  296s
  4095  2124 185276.809   27 1702 185922.500 185089.025  0.45%   833  303s
  4293  2087 185873.485   43  761 185922.500 185090.143  0.45%   821  313s
  4332  2214 185112.113   22 2023 185922.500 185090.143  0.45%   821  317s
  4548  2341 185209.177   28 1812 185922.500 185090.143  0.45%   812  322s
  4797  2367 185901.071   43  608 185922.500 185091.418  0.45%   804  326s
  4989  2440 185154.085   25 2065 185922.500 185093.348  0.45%   803  331s
  5155  2601 185311.676   29 1196 185922.500 185095.454  0.44%   800  338s
  5380  2712 185167.123   29 2064 185922.500 185095.480  0.44%   793  350s
  5564  2922 185872.788   55  797 185922.500 185096.944  0.44%   786  356s
  5886  2948 185286.604   30 1422 185922.500 185097.618  0.44%   778  381s
  5922  3081 185410.229   31 1171 185922.500 185099.573  0.44%   778  388s
  6146  3201 185297.440   31 1653 185922.500 185100.234  0.44%   776  418s
  6266  3460 185892.222   43  813 185922.500 185100.888  0.44%   785  425s
  6653  3797     cutoff   56      185922.500 185102.281  0.44%   780  434s
  7139  4137 185217.793   28 1585 185922.500 185103.347  0.44%   769  442s
  7656  4385 185378.917   42  859 185922.500 185104.851  0.44%   758  451s
  8071  4720 185167.447   33 1965 185922.500 185106.056  0.44%   759  461s
  8639  5071 185342.687   39 1275 185922.500 185106.718  0.44%   751  471s
  9173  5467 185891.960   56  545 185922.500 185108.609  0.44%   747  482s
  9757  5815 185368.426   37 1542 185922.500 185110.101  0.44%   737  493s
 10236  6233 infeasible   46      185922.500 185111.079  0.44%   742  505s
 10920  6664 185346.208   38 1110 185922.500 185111.790  0.44%   737  517s
 11579  7099 185239.050   36 1788 185922.500 185112.999  0.44%   734  531s
 12389  7325 185168.776   26 2127 185922.500 185115.020  0.43%   725  555s
 12731  7809 185172.623   27 1933 185922.500 185115.373  0.43%   723  570s
 13403  8227 185135.822   26 1921 185922.500 185116.819  0.43%   723  585s
 14003  8681 185307.782   32 1581 185922.500 185117.541  0.43%   731  600s

Cutting planes:
  Gomory: 21
  Lift-and-project: 14
  MIR: 4
  Flow cover: 7
  Zero half: 120
  RLT: 264
  BQP: 597

Explored 14777 nodes (10924299 simplex iterations) in 600.04 seconds (1380.57 work units)
Thread count was 10 (of 10 available processors)

Solution count 2: 185922 185924 

Time limit reached
Best objective 1.859225000000e+05, best bound 1.851175409358e+05, gap 0.4330%
Solução -> não <- ótima.
Set parameter TimeLimit to value 25200
Set parameter TimeLimit to value 600
Gurobi Optimizer version 10.0.2 build v10.0.2rc0 (mac64[arm])

CPU model: Apple M5
Thread count: 10 physical cores, 10 logical processors, using up to 10 threads

Optimize a model with 548706 rows, 284763 columns and 1341935 nonzeros
Model fingerprint: 0xbd7b6054
Variable types: 0 continuous, 284763 integer (264707 binary)
Coefficient statistics:
  Matrix range     [1e+00, 8e+01]
  Objective range  [5e-01, 2e+03]
  Bounds range     [1e+00, 1e+00]
  RHS range        [1e+00, 1e+02]

User MIP start produced solution with objective 185922 (0.15s)
Loaded user MIP start with objective 185922
MIP start from previous solve did not produce a new incumbent solution

Presolve removed 522884 rows and 264253 columns
Presolve time: 0.29s
Presolved: 25822 rows, 20510 columns, 77299 nonzeros
Variable types: 0 continuous, 20510 integer (20510 binary)

Root relaxation: objective 1.851614e+05, 9478 iterations, 0.25 seconds (0.52 work units)

    Nodes    |    Current Node    |     Objective Bounds      |     Work
 Expl Unexpl |  Obj  Depth IntInf | Incumbent    BestBd   Gap | It/Node Time

     0     0 185161.357    0  832 185922.500 185161.357  0.41%     -    0s
     0     0 185258.595    0 1065 185922.500 185258.595  0.36%     -    0s
     0     0 185263.628    0 1002 185922.500 185263.628  0.35%     -    1s
     0     0 185301.214    0 1044 185922.500 185301.214  0.33%     -    1s
     0     0 185307.612    0 1179 185922.500 185307.612  0.33%     -    1s
     0     0 185308.759    0  956 185922.500 185308.759  0.33%     -    1s
     0     0 185309.492    0 1057 185922.500 185309.492  0.33%     -    1s
     0     0 185309.968    0 1053 185922.500 185309.968  0.33%     -    1s
     0     0 185309.968    0 1054 185922.500 185309.968  0.33%     -    1s
     0     0 185317.322    0  933 185922.500 185317.322  0.33%     -    1s
     0     0 185318.917    0  969 185922.500 185318.917  0.32%     -    1s
     0     0 185319.333    0  997 185922.500 185319.333  0.32%     -    1s
     0     0 185320.167    0  997 185922.500 185320.167  0.32%     -    1s
     0     0 185322.083    0  912 185922.500 185322.083  0.32%     -    1s
     0     0 185323.250    0  896 185922.500 185323.250  0.32%     -    1s
     0     0 185324.083    0 1017 185922.500 185324.083  0.32%     -    1s
     0     0 185324.917    0  932 185922.500 185324.917  0.32%     -    1s
     0     0 185324.917    0  999 185922.500 185324.917  0.32%     -    1s
     0     0 185326.091    0  843 185922.500 185326.091  0.32%     -    1s
     0     2 185326.167    0  803 185922.500 185326.167  0.32%     -    2s
   163   161 185834.750   17  283 185922.500 185330.646  0.32%   112    5s
  1605  1285 185346.313    8  431 185922.500 185346.313  0.31%  92.2   10s

Cutting planes:
  Gomory: 3
  Implied bound: 1
  Clique: 2
  MIR: 1
  Flow cover: 1
  Zero half: 33
  RLT: 3
  BQP: 6

Explored 2093 nodes (224203 simplex iterations) in 12.80 seconds (21.31 work units)
Thread count was 10 (of 10 available processors)

Solution count 1: 185922 

Optimal solution found (tolerance 1.00e-04)
Best objective 1.859225000000e+05, best bound 1.859075000000e+05, gap 0.0081%
Solução ótima encontrada.
Set parameter TimeLimit to value 25200
Set parameter TimeLimit to value 600
Gurobi Optimizer version 10.0.2 build v10.0.2rc0 (mac64[arm])

CPU model: Apple M5
Thread count: 10 physical cores, 10 logical processors, using up to 10 threads

Optimize a model with 548706 rows, 284763 columns and 1341935 nonzeros
Model fingerprint: 0xce188d48
Variable types: 0 continuous, 284763 integer (264707 binary)
Coefficient statistics:
  Matrix range     [1e+00, 8e+01]
  Objective range  [5e-01, 2e+03]
  Bounds range     [1e+00, 1e+00]
  RHS range        [1e+00, 1e+02]

User MIP start produced solution with objective 185922 (0.11s)
Loaded user MIP start with objective 185922
MIP start from previous solve did not produce a new incumbent solution

Presolve removed 510208 rows and 255777 columns
Presolve time: 0.35s
Presolved: 38498 rows, 28986 columns, 115865 nonzeros
Variable types: 0 continuous, 28986 integer (28986 binary)
Deterministic concurrent LP optimizer: primal and dual simplex
Showing first log only...

Concurrent spin time: 0.00s

Solved with dual simplex

Root relaxation: objective 1.851257e+05, 17528 iterations, 0.55 seconds (1.13 work units)

    Nodes    |    Current Node    |     Objective Bounds      |     Work
 Expl Unexpl |  Obj  Depth IntInf | Incumbent    BestBd   Gap | It/Node Time

     0     0 185125.687    0 1525 185922.500 185125.687  0.43%     -    1s
     0     0 185264.849    0 1587 185922.500 185264.849  0.35%     -    1s
     0     0 185266.294    0 1578 185922.500 185266.294  0.35%     -    1s
     0     0 185266.405    0 1592 185922.500 185266.405  0.35%     -    1s
     0     0 185267.076    0 1594 185922.500 185267.076  0.35%     -    1s
     0     0 185312.714    0  726 185922.500 185312.714  0.33%     -    2s
     0     0 185314.859    0  770 185922.500 185314.859  0.33%     -    2s
     0     0 185318.964    0  732 185922.500 185318.964  0.32%     -    2s
     0     0 185318.964    0  764 185922.500 185318.964  0.32%     -    2s
     0     0 185323.726    0  587 185922.500 185323.726  0.32%     -    2s
     0     0 185324.532    0  631 185922.500 185324.532  0.32%     -    2s
     0     0 185325.734    0  605 185922.500 185325.734  0.32%     -    2s
     0     0 185327.202    0  670 185922.500 185327.202  0.32%     -    2s
     0     0 185327.202    0  608 185922.500 185327.202  0.32%     -    2s
     0     0 185336.180    0  706 185922.500 185336.180  0.32%     -    3s
     0     0 185337.321    0  595 185922.500 185337.321  0.31%     -    3s
     0     0 185337.321    0  595 185922.500 185337.321  0.31%     -    3s
     0     0 185338.458    0  275 185922.500 185338.458  0.31%     -    3s
     0     2 185338.471    0  273 185922.500 185338.471  0.31%     -    3s
    82    85 185788.375    9  285 185922.500 185339.133  0.31%   160    5s
   235   192 185780.500   18   68 185922.500 185339.133  0.31%   122   10s
   448   298 185339.133    8  464 185922.500 185339.133  0.31%   110   17s
   822   475     cutoff   21      185922.500 185339.133  0.31%   117   23s
   976   563     cutoff   17      185922.500 185339.133  0.31%   118   25s
  1146   635 185406.750   17  395 185922.500 185339.306  0.31%   116   30s
  1376   826 185344.133   13  446 185922.500 185342.056  0.31%   119   35s
  2328  1225 185630.500   34  138 185922.500 185347.208  0.31%   130   40s
  3959  1532 185874.571   33  955 185922.500 185874.571  0.03%   136   45s

Cutting planes:
  Gomory: 1
  Zero half: 7
  RLT: 18
  BQP: 19

Explored 3959 nodes (597356 simplex iterations) in 45.82 seconds (82.27 work units)
Thread count was 10 (of 10 available processors)

Solution count 1: 185922 

Optimal solution found (tolerance 1.00e-04)
Best objective 1.859225000000e+05, best bound 1.859141666667e+05, gap 0.0045%
Solução ótima encontrada.
Set parameter TimeLimit to value 25200
Set parameter TimeLimit to value 600
Gurobi Optimizer version 10.0.2 build v10.0.2rc0 (mac64[arm])

CPU model: Apple M5
Thread count: 10 physical cores, 10 logical processors, using up to 10 threads

Optimize a model with 548706 rows, 284763 columns and 1341935 nonzeros
Model fingerprint: 0xa9331c6b
Variable types: 0 continuous, 284763 integer (264707 binary)
Coefficient statistics:
  Matrix range     [1e+00, 8e+01]
  Objective range  [5e-01, 2e+03]
  Bounds range     [1e+00, 1e+00]
  RHS range        [1e+00, 1e+02]

User MIP start produced solution with objective 185922 (0.12s)
Loaded user MIP start with objective 185922
MIP start from previous solve did not produce a new incumbent solution

Presolve removed 506621 rows and 251690 columns
Presolve time: 0.36s
Presolved: 42085 rows, 33073 columns, 125496 nonzeros
Variable types: 0 continuous, 33073 integer (33073 binary)
Deterministic concurrent LP optimizer: primal and dual simplex
Showing first log only...

Concurrent spin time: 0.00s

Solved with dual simplex

Root relaxation: objective 1.850749e+05, 19029 iterations, 0.93 seconds (1.96 work units)

    Nodes    |    Current Node    |     Objective Bounds      |     Work
 Expl Unexpl |  Obj  Depth IntInf | Incumbent    BestBd   Gap | It/Node Time

     0     0 185074.857    0  971 185922.500 185074.857  0.46%     -    2s
     0     0 185240.500    0 1206 185922.500 185240.500  0.37%     -    2s
     0     0 185253.375    0 1373 185922.500 185253.375  0.36%     -    3s
     0     0 185264.117    0 1319 185922.500 185264.117  0.35%     -    3s
     0     0 185264.117    0 1251 185922.500 185264.117  0.35%     -    3s
     0     0 185273.888    0 1595 185922.500 185273.888  0.35%     -    4s
     0     0 185279.977    0 1647 185922.500 185279.977  0.35%     -    4s
     0     0 185281.900    0 1532 185922.500 185281.900  0.34%     -    4s
     0     0 185283.900    0 1633 185922.500 185283.900  0.34%     -    4s
     0     0 185285.000    0 1361 185922.500 185285.000  0.34%     -    4s
     0     0 185285.000    0 1370 185922.500 185285.000  0.34%     -    4s
     0     0 185289.450    0  849 185922.500 185289.450  0.34%     -    5s
     0     2 185289.700    0  849 185922.500 185289.700  0.34%     -    6s
    77    88 185303.071    9  874 185922.500 185290.708  0.34%   736   10s
   127   138 185305.352   11  966 185922.500 185290.708  0.34%   626   23s
   262   266 185354.359   19  906 185922.500 185290.708  0.34%   459   26s
   728   661 185741.079   21  888 185922.500 185290.708  0.34%   319   30s
   905   671 185293.542    8 1181 185922.500 185290.708  0.34%   304   42s
  1062   923 185788.629   17  919 185922.500 185290.708  0.34%   305   56s
  1251  1076 185291.286    8 1182 185922.500 185290.708  0.34%   284   67s
  1475  1131 185322.919   24 1161 185922.500 185290.708  0.34%   286   81s
  1536  1227 185341.500   29  767 185922.500 185290.708  0.34%   286   92s
  1649  1229 185406.300   34  883 185922.500 185290.708  0.34%   286   95s
  1661  1237 185785.804   13 1513 185922.500 185408.000  0.28%   284  102s
  1666  1241 185412.710   11 1574 185922.500 185412.710  0.27%   283  106s
  1671  1244 185424.571   16 1548 185922.500 185424.571  0.27%   282  111s
  2059  1313 185836.250   51  317 185922.500 185831.250  0.05%   283  116s
  5484  1784     cutoff   71      185922.500 185838.667  0.05%   158  120s
 15185  3786 infeasible   56      185922.500 185846.000  0.04%   111  125s
 22402  4662 infeasible   76      185922.500 185846.500  0.04%   100  130s
 25983  4112 185852.042   76  253 185922.500 185846.500  0.04%  95.1  135s
 35118  6402 185856.583   84  271 185922.500 185846.500  0.04%  87.8  140s
 50557  8938 infeasible   83      185922.500 185849.833  0.04%  81.0  145s
 59082  9473 185857.833   81  240 185922.500 185852.700  0.04%  78.8  150s
 74149  7914 infeasible   82      185922.500 185858.400  0.03%  76.9  155s
 88535   248     cutoff   92      185922.500 185868.800  0.03%  77.1  160s

Cutting planes:
  Gomory: 6
  Clique: 3
  MIR: 1
  Flow cover: 3
  Inf proof: 3
  Zero half: 48
  RLT: 18
  BQP: 108

Explored 90556 nodes (7017992 simplex iterations) in 160.77 seconds (280.61 work units)
Thread count was 10 (of 10 available processors)

Solution count 1: 185922 

Optimal solution found (tolerance 1.00e-04)
Best objective 1.859225000000e+05, best bound 1.859055000000e+05, gap 0.0091%
Solução ótima encontrada.
Set parameter TimeLimit to value 25200
Set parameter TimeLimit to value 600
Gurobi Optimizer version 10.0.2 build v10.0.2rc0 (mac64[arm])

CPU model: Apple M5
Thread count: 10 physical cores, 10 logical processors, using up to 10 threads

Optimize a model with 548706 rows, 284763 columns and 1341935 nonzeros
Model fingerprint: 0xc9298618
Variable types: 0 continuous, 284763 integer (264707 binary)
Coefficient statistics:
  Matrix range     [1e+00, 8e+01]
  Objective range  [5e-01, 2e+03]
  Bounds range     [1e+00, 1e+00]
  RHS range        [1e+00, 1e+02]

User MIP start produced solution with objective 185922 (0.10s)
Loaded user MIP start with objective 185922
MIP start from previous solve did not produce a new incumbent solution

Presolve removed 524365 rows and 265561 columns
Presolve time: 0.25s
Presolved: 24341 rows, 19202 columns, 68999 nonzeros
Variable types: 0 continuous, 19202 integer (19202 binary)

Root relaxation: objective 1.858878e+05, 3641 iterations, 0.04 seconds (0.10 work units)

    Nodes    |    Current Node    |     Objective Bounds      |     Work
 Expl Unexpl |  Obj  Depth IntInf | Incumbent    BestBd   Gap | It/Node Time

     0     0 185887.750    0  215 185922.500 185887.750  0.02%     -    0s
     0     0 185887.750    0  215 185922.500 185887.750  0.02%     -    0s
     0     0 185910.250    0   91 185922.500 185910.250  0.01%     -    0s

Explored 1 nodes (5105 simplex iterations) in 0.52 seconds (1.48 work units)
Thread count was 10 (of 10 available processors)

Solution count 1: 185922 

Optimal solution found (tolerance 1.00e-04)
Best objective 1.859225000000e+05, best bound 1.859105000000e+05, gap 0.0065%
Solução ótima encontrada.
Set parameter TimeLimit to value 25200
Set parameter TimeLimit to value 600
Gurobi Optimizer version 10.0.2 build v10.0.2rc0 (mac64[arm])

CPU model: Apple M5
Thread count: 10 physical cores, 10 logical processors, using up to 10 threads

Optimize a model with 548706 rows, 284763 columns and 1341935 nonzeros
Model fingerprint: 0xc7d43864
Variable types: 0 continuous, 284763 integer (264707 binary)
Coefficient statistics:
  Matrix range     [1e+00, 8e+01]
  Objective range  [5e-01, 2e+03]
  Bounds range     [1e+00, 1e+00]
  RHS range        [1e+00, 1e+02]

User MIP start produced solution with objective 185922 (0.10s)
Loaded user MIP start with objective 185922
MIP start from previous solve did not produce a new incumbent solution

Presolve removed 524820 rows and 266946 columns
Presolve time: 0.26s
Presolved: 23886 rows, 17817 columns, 68879 nonzeros
Variable types: 0 continuous, 17817 integer (17817 binary)

Root relaxation: objective 1.856832e+05, 8880 iterations, 0.21 seconds (0.44 work units)

    Nodes    |    Current Node    |     Objective Bounds      |     Work
 Expl Unexpl |  Obj  Depth IntInf | Incumbent    BestBd   Gap | It/Node Time

     0     0 185683.250    0  612 185922.500 185683.250  0.13%     -    0s
     0     0 185716.500    0  607 185922.500 185716.500  0.11%     -    0s
     0     0 185716.500    0  607 185922.500 185716.500  0.11%     -    0s
     0     0 185716.500    0  492 185922.500 185716.500  0.11%     -    2s
     0     0 185759.750    0  510 185922.500 185759.750  0.09%     -    2s
     0     0 185763.083    0  532 185922.500 185763.083  0.09%     -    2s
     0     0 185763.083    0  542 185922.500 185763.083  0.09%     -    2s
     0     0 185778.170    0  611 185922.500 185778.170  0.08%     -    2s
     0     0 185778.170    0  349 185922.500 185778.170  0.08%     -    2s
     0     0 185778.170    0  339 185922.500 185778.170  0.08%     -    2s
     0     0 185784.667    0  337 185922.500 185784.667  0.07%     -    2s
     0     0 185796.915    0  445 185922.500 185796.915  0.07%     -    2s
     0     0 185801.754    0  470 185922.500 185801.754  0.06%     -    2s
     0     0 185801.843    0  451 185922.500 185801.843  0.06%     -    2s
     0     0 185804.767    0  441 185922.500 185804.767  0.06%     -    2s
     0     0 185805.055    0  440 185922.500 185805.055  0.06%     -    2s
     0     0 185805.089    0  465 185922.500 185805.089  0.06%     -    2s
     0     0 185805.092    0  468 185922.500 185805.092  0.06%     -    2s
     0     0 185810.600    0  386 185922.500 185810.600  0.06%     -    2s
     0     0 185811.222    0  472 185922.500 185811.222  0.06%     -    2s
     0     0 185811.270    0  481 185922.500 185811.270  0.06%     -    2s
     0     0 185811.307    0  480 185922.500 185811.307  0.06%     -    2s
     0     0 185811.307    0  480 185922.500 185811.307  0.06%     -    2s
     0     0 185813.795    0  494 185922.500 185813.795  0.06%     -    2s
     0     0 185813.862    0  495 185922.500 185813.862  0.06%     -    2s
     0     0 185813.885    0  496 185922.500 185813.885  0.06%     -    2s
     0     0 185813.892    0  498 185922.500 185813.892  0.06%     -    2s
     0     0 185823.000    0  392 185922.500 185823.000  0.05%     -    2s
     0     2 185823.131    0  391 185922.500 185823.131  0.05%     -    2s

Cutting planes:
  Gomory: 4
  MIR: 1
  Zero half: 27
  RLT: 17
  BQP: 18

Explored 164 nodes (33714 simplex iterations) in 2.73 seconds (5.45 work units)
Thread count was 10 (of 10 available processors)

Solution count 1: 185922 

Optimal solution found (tolerance 1.00e-04)
Best objective 1.859225000000e+05, best bound 1.859111111111e+05, gap 0.0061%
Solução ótima encontrada.
Set parameter TimeLimit to value 25200
Set parameter TimeLimit to value 600
Gurobi Optimizer version 10.0.2 build v10.0.2rc0 (mac64[arm])

CPU model: Apple M5
Thread count: 10 physical cores, 10 logical processors, using up to 10 threads

Optimize a model with 548706 rows, 284763 columns and 1341935 nonzeros
Model fingerprint: 0x54db7f29
Variable types: 0 continuous, 284763 integer (264707 binary)
Coefficient statistics:
  Matrix range     [1e+00, 8e+01]
  Objective range  [5e-01, 2e+03]
  Bounds range     [1e+00, 1e+00]
  RHS range        [1e+00, 1e+02]

User MIP start produced solution with objective 185922 (0.10s)
Loaded user MIP start with objective 185922
MIP start from previous solve did not produce a new incumbent solution

Presolve removed 539453 rows and 277224 columns
Presolve time: 0.19s
Presolved: 9253 rows, 7539 columns, 26908 nonzeros
Variable types: 0 continuous, 7539 integer (7539 binary)

Root relaxation: cutoff, 2735 iterations, 0.03 seconds (0.05 work units)

    Nodes    |    Current Node    |     Objective Bounds      |     Work
 Expl Unexpl |  Obj  Depth IntInf | Incumbent    BestBd   Gap | It/Node Time

     0     0     cutoff    0      185922.500 185922.500  0.00%     -    0s

Explored 1 nodes (2735 simplex iterations) in 0.35 seconds (1.03 work units)
Thread count was 10 (of 10 available processors)

Solution count 1: 185922 

Optimal solution found (tolerance 1.00e-04)
Best objective 1.859225000000e+05, best bound 1.859225000000e+05, gap 0.0000%
Solução ótima encontrada.
Set parameter TimeLimit to value 25200
Set parameter TimeLimit to value 600
Gurobi Optimizer version 10.0.2 build v10.0.2rc0 (mac64[arm])

CPU model: Apple M5
Thread count: 10 physical cores, 10 logical processors, using up to 10 threads

Optimize a model with 548706 rows, 284763 columns and 1341935 nonzeros
Model fingerprint: 0xfb428416
Variable types: 0 continuous, 284763 integer (264707 binary)
Coefficient statistics:
  Matrix range     [1e+00, 8e+01]
  Objective range  [5e-01, 2e+03]
  Bounds range     [1e+00, 1e+00]
  RHS range        [1e+00, 1e+02]

User MIP start produced solution with objective 185922 (0.10s)
Loaded user MIP start with objective 185922
MIP start from previous solve did not produce a new incumbent solution

Presolve removed 539243 rows and 276440 columns
Presolve time: 0.20s
Presolved: 9463 rows, 8323 columns, 27239 nonzeros
Variable types: 0 continuous, 8323 integer (8323 binary)

Root relaxation: cutoff, 2232 iterations, 0.02 seconds (0.04 work units)

    Nodes    |    Current Node    |     Objective Bounds      |     Work
 Expl Unexpl |  Obj  Depth IntInf | Incumbent    BestBd   Gap | It/Node Time

     0     0     cutoff    0      185922.500 185922.500  0.00%     -    0s

Explored 1 nodes (2232 simplex iterations) in 0.35 seconds (0.99 work units)
Thread count was 10 (of 10 available processors)

Solution count 1: 185922 

Optimal solution found (tolerance 1.00e-04)
Best objective 1.859225000000e+05, best bound 1.859225000000e+05, gap 0.0000%
Solução ótima encontrada.
Set parameter TimeLimit to value 25200
Set parameter TimeLimit to value 600
Gurobi Optimizer version 10.0.2 build v10.0.2rc0 (mac64[arm])

CPU model: Apple M5
Thread count: 10 physical cores, 10 logical processors, using up to 10 threads

Optimize a model with 548706 rows, 284763 columns and 1341935 nonzeros
Model fingerprint: 0xff34171f
Variable types: 0 continuous, 284763 integer (264707 binary)
Coefficient statistics:
  Matrix range     [1e+00, 8e+01]
  Objective range  [5e-01, 2e+03]
  Bounds range     [1e+00, 1e+00]
  RHS range        [1e+00, 1e+02]

User MIP start produced solution with objective 185922 (0.10s)
Loaded user MIP start with objective 185922
MIP start from previous solve did not produce a new incumbent solution

Presolve removed 534648 rows and 273036 columns
Presolve time: 0.21s
Presolved: 14058 rows, 11727 columns, 40786 nonzeros
Variable types: 0 continuous, 11727 integer (11727 binary)

Root relaxation: objective 1.859025e+05, 6069 iterations, 0.11 seconds (0.20 work units)

    Nodes    |    Current Node    |     Objective Bounds      |     Work
 Expl Unexpl |  Obj  Depth IntInf | Incumbent    BestBd   Gap | It/Node Time

     0     0 185902.500    0  180 185922.500 185902.500  0.01%     -    0s
     0     0 185902.500    0  180 185922.500 185902.500  0.01%     -    0s
     0     0 185902.500    0   63 185922.500 185902.500  0.01%     -    0s
     0     0 185904.500    0   80 185922.500 185904.500  0.01%     -    0s

Cutting planes:
  Gomory: 2
  Zero half: 8
  RLT: 5
  BQP: 2

Explored 1 nodes (7996 simplex iterations) in 0.56 seconds (1.42 work units)
Thread count was 10 (of 10 available processors)

Solution count 1: 185922 

Optimal solution found (tolerance 1.00e-04)
Best objective 1.859225000000e+05, best bound 1.859045000000e+05, gap 0.0097%
Solução ótima encontrada.
Set parameter TimeLimit to value 25200
Set parameter TimeLimit to value 600
Gurobi Optimizer version 10.0.2 build v10.0.2rc0 (mac64[arm])

CPU model: Apple M5
Thread count: 10 physical cores, 10 logical processors, using up to 10 threads

Optimize a model with 548706 rows, 284763 columns and 1341935 nonzeros
Model fingerprint: 0x6d5d923a
Variable types: 0 continuous, 284763 integer (264707 binary)
Coefficient statistics:
  Matrix range     [1e+00, 8e+01]
  Objective range  [5e-01, 2e+03]
  Bounds range     [1e+00, 1e+00]
  RHS range        [1e+00, 1e+02]

User MIP start produced solution with objective 185922 (0.11s)
Loaded user MIP start with objective 185922
MIP start from previous solve did not produce a new incumbent solution

Presolve removed 528155 rows and 268201 columns
Presolve time: 0.27s
Presolved: 20551 rows, 16562 columns, 60896 nonzeros
Variable types: 0 continuous, 16562 integer (16562 binary)

Root relaxation: objective 1.856518e+05, 17670 iterations, 0.73 seconds (1.90 work units)

    Nodes    |    Current Node    |     Objective Bounds      |     Work
 Expl Unexpl |  Obj  Depth IntInf | Incumbent    BestBd   Gap | It/Node Time

     0     0 185651.750    0  298 185922.500 185651.750  0.15%     -    1s
     0     0 185676.591    0  954 185922.500 185676.591  0.13%     -    1s
     0     0 185676.591    0  466 185922.500 185676.591  0.13%     -    2s
     0     0 185676.591    0  456 185922.500 185676.591  0.13%     -    2s
     0     0 185692.000    0  745 185922.500 185692.000  0.12%     -    2s
     0     0 185695.188    0  775 185922.500 185695.188  0.12%     -    2s
     0     0 185695.188    0  778 185922.500 185695.188  0.12%     -    2s
     0     0 185695.188    0  746 185922.500 185695.188  0.12%     -    2s
     0     0 185733.600    0  967 185922.500 185733.600  0.10%     -    2s
     0     0 185733.600    0  147 185922.500 185733.600  0.10%     -    2s
     0     0 185735.778    0  267 185922.500 185735.778  0.10%     -    2s
     0     0 185736.000    0   69 185922.500 185736.000  0.10%     -    2s
     0     0 185742.500    0   74 185922.500 185742.500  0.10%     -    2s
     0     0 185742.833    0  123 185922.500 185742.833  0.10%     -    2s
     0     0 185742.833    0  122 185922.500 185742.833  0.10%     -    2s
     0     0 185745.500    0   94 185922.500 185745.500  0.10%     -    2s
     0     0 185752.500    0  146 185922.500 185752.500  0.09%     -    2s
     0     0 185755.500    0  107 185922.500 185755.500  0.09%     -    2s
     0     0 185755.696    0  159 185922.500 185755.696  0.09%     -    2s
     0     0 185756.619    0  168 185922.500 185756.619  0.09%     -    2s
     0     0 185756.619    0  170 185922.500 185756.619  0.09%     -    2s
     0     0 185765.400    0  164 185922.500 185765.400  0.08%     -    3s
     0     0 185767.071    0  161 185922.500 185767.071  0.08%     -    3s
     0     0 185771.111    0  166 185922.500 185771.111  0.08%     -    3s
     0     0 185771.300    0  160 185922.500 185771.300  0.08%     -    3s
     0     0 185776.799    0  251 185922.500 185776.799  0.08%     -    3s
     0     0 185777.224    0  141 185922.500 185777.224  0.08%     -    3s
     0     0 185777.224    0  301 185922.500 185777.224  0.08%     -    3s
     0     0 185777.224    0  136 185922.500 185777.224  0.08%     -    3s
     0     0 185777.224    0  110 185922.500 185777.224  0.08%     -    3s
     0     0 185779.161    0  227 185922.500 185779.161  0.08%     -    3s
     0     0 185781.892    0  230 185922.500 185781.892  0.08%     -    3s
     0     0 185782.096    0  237 185922.500 185782.096  0.08%     -    3s
     0     0 185782.196    0  245 185922.500 185782.196  0.08%     -    3s
     0     0 185784.143    0  174 185922.500 185784.143  0.07%     -    3s
     0     0 185785.810    0  189 185922.500 185785.810  0.07%     -    3s
     0     0 185786.563    0  168 185922.500 185786.563  0.07%     -    3s
     0     0 185786.643    0  189 185922.500 185786.643  0.07%     -    3s
     0     0 185786.643    0  193 185922.500 185786.643  0.07%     -    3s
     0     0 185789.000    0  148 185922.500 185789.000  0.07%     -    3s
     0     0 185789.000    0  146 185922.500 185789.000  0.07%     -    3s
     0     0 185789.000    0  156 185922.500 185789.000  0.07%     -    3s
     0     0 185789.000    0  156 185922.500 185789.000  0.07%     -    3s
     0     0 185822.500    0  161 185922.500 185822.500  0.05%     -    3s
     0     2 185822.500    0  161 185922.500 185822.500  0.05%     -    3s

Cutting planes:
  Lift-and-project: 9
  Implied bound: 1
  Clique: 32
  MIR: 1
  Zero half: 18
  RLT: 42
  BQP: 49

Explored 326 nodes (61546 simplex iterations) in 3.51 seconds (7.92 work units)
Thread count was 10 (of 10 available processors)

Solution count 1: 185922 

Optimal solution found (tolerance 1.00e-04)
Best objective 1.859225000000e+05, best bound 1.859225000000e+05, gap 0.0000%
Solução ótima encontrada.
Set parameter TimeLimit to value 25200
Set parameter TimeLimit to value 600
Gurobi Optimizer version 10.0.2 build v10.0.2rc0 (mac64[arm])

CPU model: Apple M5
Thread count: 10 physical cores, 10 logical processors, using up to 10 threads

Optimize a model with 548706 rows, 284763 columns and 1341935 nonzeros
Model fingerprint: 0xb56d77e9
Variable types: 0 continuous, 284763 integer (264707 binary)
Coefficient statistics:
  Matrix range     [1e+00, 8e+01]
  Objective range  [5e-01, 2e+03]
  Bounds range     [1e+00, 1e+00]
  RHS range        [1e+00, 1e+02]

User MIP start produced solution with objective 185922 (0.10s)
Loaded user MIP start with objective 185922
MIP start from previous solve did not produce a new incumbent solution

Presolve removed 532516 rows and 272452 columns
Presolve time: 0.22s
Presolved: 16190 rows, 12311 columns, 47330 nonzeros
Variable types: 0 continuous, 12311 integer (12311 binary)

Root relaxation: objective 1.858975e+05, 6370 iterations, 0.11 seconds (0.19 work units)

    Nodes    |    Current Node    |     Objective Bounds      |     Work
 Expl Unexpl |  Obj  Depth IntInf | Incumbent    BestBd   Gap | It/Node Time

     0     0 185897.500    0  218 185922.500 185897.500  0.01%     -    0s
     0     0 185897.500    0  218 185922.500 185897.500  0.01%     -    0s
     0     0 185897.500    0   57 185922.500 185897.500  0.01%     -    0s
     0     0 185897.500    0   93 185922.500 185897.500  0.01%     -    0s
     0     0 185903.750    0   68 185922.500 185903.750  0.01%     -    0s

Cutting planes:
  Gomory: 1
  Clique: 2
  MIR: 1
  Zero half: 20
  RLT: 10
  BQP: 2

Explored 1 nodes (8551 simplex iterations) in 0.57 seconds (1.41 work units)
Thread count was 10 (of 10 available processors)

Solution count 1: 185922 

Optimal solution found (tolerance 1.00e-04)
Best objective 1.859225000000e+05, best bound 1.859040000000e+05, gap 0.0100%
Solução ótima encontrada.
Set parameter TimeLimit to value 25200
Set parameter TimeLimit to value 600
Gurobi Optimizer version 10.0.2 build v10.0.2rc0 (mac64[arm])

CPU model: Apple M5
Thread count: 10 physical cores, 10 logical processors, using up to 10 threads

Optimize a model with 548706 rows, 284763 columns and 1341935 nonzeros
Model fingerprint: 0x427135d4
Variable types: 0 continuous, 284763 integer (264707 binary)
Coefficient statistics:
  Matrix range     [1e+00, 8e+01]
  Objective range  [5e-01, 2e+03]
  Bounds range     [1e+00, 1e+00]
  RHS range        [1e+00, 1e+02]

User MIP start produced solution with objective 185922 (0.10s)
Loaded user MIP start with objective 185922
MIP start from previous solve did not produce a new incumbent solution

Presolve removed 523746 rows and 266024 columns
Presolve time: 0.29s
Presolved: 24960 rows, 18739 columns, 71532 nonzeros
Variable types: 0 continuous, 18739 integer (18739 binary)

Root relaxation: objective 1.858715e+05, 12695 iterations, 0.38 seconds (0.88 work units)

    Nodes    |    Current Node    |     Objective Bounds      |     Work
 Expl Unexpl |  Obj  Depth IntInf | Incumbent    BestBd   Gap | It/Node Time

     0     0 185871.512    0  791 185922.500 185871.512  0.03%     -    0s

Explored 1 nodes (16457 simplex iterations) in 0.91 seconds (2.41 work units)
Thread count was 10 (of 10 available processors)

Solution count 1: 185922 

Optimal solution found (tolerance 1.00e-04)
Best objective 1.859225000000e+05, best bound 1.859225000000e+05, gap 0.0000%
Solução ótima encontrada.
Set parameter TimeLimit to value 25200
Set parameter TimeLimit to value 600
Gurobi Optimizer version 10.0.2 build v10.0.2rc0 (mac64[arm])

CPU model: Apple M5
Thread count: 10 physical cores, 10 logical processors, using up to 10 threads

Optimize a model with 548706 rows, 284763 columns and 1341935 nonzeros
Model fingerprint: 0x57782e3b
Variable types: 0 continuous, 284763 integer (264707 binary)
Coefficient statistics:
  Matrix range     [1e+00, 8e+01]
  Objective range  [5e-01, 2e+03]
  Bounds range     [1e+00, 1e+00]
  RHS range        [1e+00, 1e+02]

User MIP start produced solution with objective 185922 (0.10s)
Loaded user MIP start with objective 185922
MIP start from previous solve did not produce a new incumbent solution

Presolve removed 517269 rows and 260405 columns
Presolve time: 0.30s
Presolved: 31437 rows, 24358 columns, 93204 nonzeros
Variable types: 0 continuous, 24358 integer (24358 binary)

Root relaxation: objective 1.858110e+05, 17581 iterations, 0.73 seconds (1.84 work units)

    Nodes    |    Current Node    |     Objective Bounds      |     Work
 Expl Unexpl |  Obj  Depth IntInf | Incumbent    BestBd   Gap | It/Node Time

     0     0 185811.000    0  424 185922.500 185811.000  0.06%     -    1s
     0     0 185811.000    0  424 185922.500 185811.000  0.06%     -    1s
     0     0 185811.000    0  140 185922.500 185811.000  0.06%     -    1s
     0     0 185811.000    0  128 185922.500 185811.000  0.06%     -    1s
     0     0 185811.350    0  290 185922.500 185811.350  0.06%     -    1s
     0     0 185816.908    0  351 185922.500 185816.908  0.06%     -    1s
     0     0 185817.042    0  334 185922.500 185817.042  0.06%     -    1s
     0     0 185817.125    0  328 185922.500 185817.125  0.06%     -    1s
     0     0 185819.583    0  288 185922.500 185819.583  0.06%     -    1s
     0     0 185819.667    0  296 185922.500 185819.667  0.06%     -    1s
     0     0 185821.813    0  259 185922.500 185821.813  0.05%     -    2s
     0     2 185821.937    0  251 185922.500 185821.937  0.05%     -    2s
   641   355 185919.556   22  157 185922.500 185824.150  0.05%  72.4    6s
  5794  2084 infeasible   45      185922.500 185839.700  0.04%  70.4   10s
 14235  3123     cutoff   59      185922.500 185846.500  0.04%  70.3   15s

Cutting planes:
  Gomory: 3
  Clique: 1
  MIR: 6
  Flow cover: 6
  Inf proof: 2
  Zero half: 31
  RLT: 19
  BQP: 101

Explored 24341 nodes (1891666 simplex iterations) in 18.16 seconds (32.23 work units)
Thread count was 10 (of 10 available processors)

Solution count 1: 185922 

Optimal solution found (tolerance 1.00e-04)
Best objective 1.859225000000e+05, best bound 1.859225000000e+05, gap 0.0000%
Solução ótima encontrada.
Set parameter TimeLimit to value 25200
Set parameter TimeLimit to value 600
Gurobi Optimizer version 10.0.2 build v10.0.2rc0 (mac64[arm])

CPU model: Apple M5
Thread count: 10 physical cores, 10 logical processors, using up to 10 threads

Optimize a model with 548706 rows, 284763 columns and 1341935 nonzeros
Model fingerprint: 0x5df5ff38
Variable types: 0 continuous, 284763 integer (264707 binary)
Coefficient statistics:
  Matrix range     [1e+00, 8e+01]
  Objective range  [5e-01, 2e+03]
  Bounds range     [1e+00, 1e+00]
  RHS range        [1e+00, 1e+02]

User MIP start produced solution with objective 185922 (0.11s)
Loaded user MIP start with objective 185922
MIP start from previous solve did not produce a new incumbent solution

Presolve removed 510483 rows and 257154 columns
Presolve time: 0.32s
Presolved: 38223 rows, 27609 columns, 113621 nonzeros
Variable types: 0 continuous, 27609 integer (27609 binary)
Deterministic concurrent LP optimizer: primal and dual simplex
Showing first log only...

Concurrent spin time: 0.00s

Solved with dual simplex

Root relaxation: objective 1.856066e+05, 20017 iterations, 0.95 seconds (2.58 work units)

    Nodes    |    Current Node    |     Objective Bounds      |     Work
 Expl Unexpl |  Obj  Depth IntInf | Incumbent    BestBd   Gap | It/Node Time

     0     0 185606.625    0 1107 185922.500 185606.625  0.17%     -    1s
     0     0 185655.429    0 1315 185922.500 185655.429  0.14%     -    2s
     0     0 185655.429    0 1148 185922.500 185655.429  0.14%     -    2s
     0     0 185655.429    0 1148 185922.500 185655.429  0.14%     -    2s
     0     0 185661.867    0 1179 185922.500 185661.867  0.14%     -    3s
     0     0 185665.417    0 1138 185922.500 185665.417  0.14%     -    3s
     0     0 185693.026    0 1287 185922.500 185693.026  0.12%     -    3s
     0     0 185701.391    0 1393 185922.500 185701.391  0.12%     -    3s
     0     0 185703.930    0 1348 185922.500 185703.930  0.12%     -    4s
     0     0 185704.532    0 1369 185922.500 185704.532  0.12%     -    4s
     0     0 185704.576    0 1342 185922.500 185704.576  0.12%     -    4s
     0     0 185704.577    0 1342 185922.500 185704.577  0.12%     -    4s
     0     0 185713.428    0 1335 185922.500 185713.428  0.11%     -    4s
     0     0 185713.428    0  783 185922.500 185713.428  0.11%     -    5s
     0     0 185713.428    0  768 185922.500 185713.428  0.11%     -    5s
     0     0 185713.428    0  990 185922.500 185713.428  0.11%     -    5s
     0     0 185713.428    0  841 185922.500 185713.428  0.11%     -    6s
     0     0 185715.125    0  961 185922.500 185715.125  0.11%     -    6s
     0     0 185715.210    0  963 185922.500 185715.210  0.11%     -    6s
     0     0 185715.260    0  986 185922.500 185715.260  0.11%     -    6s
     0     0 185715.425    0 1037 185922.500 185715.425  0.11%     -    6s
     0     0 185715.425    0 1038 185922.500 185715.425  0.11%     -    6s
     0     0 185723.519    0 1120 185922.500 185723.519  0.11%     -    6s
     0     0 185726.789    0 1002 185922.500 185726.789  0.11%     -    6s
     0     0 185728.840    0 1024 185922.500 185728.840  0.10%     -    6s
     0     0 185728.947    0  985 185922.500 185728.947  0.10%     -    6s
     0     0 185728.947    0  985 185922.500 185728.947  0.10%     -    6s
     0     0 185740.535    0 1056 185922.500 185740.535  0.10%     -    7s
     0     0 185741.923    0 1035 185922.500 185741.923  0.10%     -    7s
     0     0 185742.635    0 1019 185922.500 185742.635  0.10%     -    7s
     0     0 185742.640    0 1040 185922.500 185742.640  0.10%     -    7s
     0     0 185753.853    0 1123 185922.500 185753.853  0.09%     -    7s
     0     0 185754.576    0 1132 185922.500 185754.576  0.09%     -    7s
     0     0 185754.827    0 1122 185922.500 185754.827  0.09%     -    7s
     0     0 185755.141    0 1085 185922.500 185755.141  0.09%     -    7s
     0     0 185755.153    0 1121 185922.500 185755.153  0.09%     -    7s
     0     0 185758.503    0 1087 185922.500 185758.503  0.09%     -    8s
     0     0 185758.545    0  596 185922.500 185758.545  0.09%     -    8s
     0     0 185758.545    0  839 185922.500 185758.545  0.09%     -    8s
     0     0 185758.545    0  793 185922.500 185758.545  0.09%     -    8s
     0     0 185758.545    0  830 185922.500 185758.545  0.09%     -    8s
     0     0 185758.545    0  877 185922.500 185758.545  0.09%     -    8s
     0     0 185758.545    0  807 185922.500 185758.545  0.09%     -    8s
     0     0 185758.545    0  823 185922.500 185758.545  0.09%     -    9s
     0     0 185758.545    0  855 185922.500 185758.545  0.09%     -    9s
     0     0 185765.770    0  881 185922.500 185765.770  0.08%     -    9s
     0     0 185766.451    0  890 185922.500 185766.451  0.08%     -    9s
     0     0 185766.641    0  895 185922.500 185766.641  0.08%     -    9s
     0     0 185766.641    0  895 185922.500 185766.641  0.08%     -    9s
     0     0 185768.095    0  860 185922.500 185768.095  0.08%     -    9s
     0     0 185768.747    0  898 185922.500 185768.747  0.08%     -    9s
     0     0 185768.785    0  877 185922.500 185768.785  0.08%     -    9s
     0     0 185768.825    0  835 185922.500 185768.825  0.08%     -    9s
     0     0 185768.829    0  858 185922.500 185768.829  0.08%     -    9s
     0     0 185770.119    0  834 185922.500 185770.119  0.08%     -    9s
     0     0 185770.160    0  586 185922.500 185770.160  0.08%     -    9s
     0     0 185770.160    0  640 185922.500 185770.160  0.08%     -   10s
     0     0 185770.160    0  817 185922.500 185770.160  0.08%     -   10s
     0     0 185770.160    0  827 185922.500 185770.160  0.08%     -   10s
     0     0 185770.160    0  795 185922.500 185770.160  0.08%     -   10s
     0     0 185770.189    0  795 185922.500 185770.189  0.08%     -   10s
     0     0 185770.282    0  794 185922.500 185770.282  0.08%     -   10s
     0     0 185770.476    0  821 185922.500 185770.476  0.08%     -   10s
     0     0 185770.489    0  819 185922.500 185770.489  0.08%     -   10s
     0     0 185770.760    0  892 185922.500 185770.760  0.08%     -   10s
     0     0 185770.765    0  907 185922.500 185770.765  0.08%     -   10s
     0     0 185771.413    0  855 185922.500 185771.413  0.08%     -   10s
     0     0 185771.751    0  869 185922.500 185771.751  0.08%     -   10s
     0     0 185771.813    0  894 185922.500 185771.813  0.08%     -   10s
     0     0 185771.813    0  895 185922.500 185771.813  0.08%     -   10s
     0     0 185771.875    0  876 185922.500 185771.875  0.08%     -   10s
     0     0 185771.906    0  878 185922.500 185771.906  0.08%     -   10s
     0     0 185771.949    0  854 185922.500 185771.949  0.08%     -   10s
     0     0 185771.949    0  809 185922.500 185771.949  0.08%     -   10s
     0     2 185772.010    0  806 185922.500 185772.010  0.08%     -   10s

Cutting planes:
  Gomory: 4
  Lift-and-project: 2
  Zero half: 33
  RLT: 43
  BQP: 77

Explored 428 nodes (213033 simplex iterations) in 13.62 seconds (28.52 work units)
Thread count was 10 (of 10 available processors)

Solution count 1: 185922 

Optimal solution found (tolerance 1.00e-04)
Best objective 1.859225000000e+05, best bound 1.859220000000e+05, gap 0.0003%
Solução ótima encontrada.
Set parameter TimeLimit to value 25200
Set parameter TimeLimit to value 600
Gurobi Optimizer version 10.0.2 build v10.0.2rc0 (mac64[arm])

CPU model: Apple M5
Thread count: 10 physical cores, 10 logical processors, using up to 10 threads

Optimize a model with 548706 rows, 284763 columns and 1341935 nonzeros
Model fingerprint: 0x77872e0b
Variable types: 0 continuous, 284763 integer (264707 binary)
Coefficient statistics:
  Matrix range     [1e+00, 8e+01]
  Objective range  [5e-01, 2e+03]
  Bounds range     [1e+00, 1e+00]
  RHS range        [1e+00, 1e+02]

User MIP start produced solution with objective 185922 (0.10s)
Loaded user MIP start with objective 185922
MIP start from previous solve did not produce a new incumbent solution

Presolve removed 528387 rows and 269198 columns
Presolve time: 0.18s
Presolved: 20319 rows, 15565 columns, 57176 nonzeros
Variable types: 0 continuous, 15565 integer (15565 binary)

Root relaxation: objective 1.858878e+05, 2361 iterations, 0.03 seconds (0.07 work units)

    Nodes    |    Current Node    |     Objective Bounds      |     Work
 Expl Unexpl |  Obj  Depth IntInf | Incumbent    BestBd   Gap | It/Node Time

     0     0 185887.750    0  231 185922.500 185887.750  0.02%     -    0s
     0     0 185887.750    0  231 185922.500 185887.750  0.02%     -    0s
     0     0 185910.250    0   67 185922.500 185910.250  0.01%     -    0s

Explored 1 nodes (4248 simplex iterations) in 0.44 seconds (1.21 work units)
Thread count was 10 (of 10 available processors)

Solution count 1: 185922 

Optimal solution found (tolerance 1.00e-04)
Best objective 1.859225000000e+05, best bound 1.859105000000e+05, gap 0.0065%
Solução ótima encontrada.
Set parameter TimeLimit to value 25200
Set parameter TimeLimit to value 600
Gurobi Optimizer version 10.0.2 build v10.0.2rc0 (mac64[arm])

CPU model: Apple M5
Thread count: 10 physical cores, 10 logical processors, using up to 10 threads

Optimize a model with 548706 rows, 284763 columns and 1341935 nonzeros
Model fingerprint: 0x90026e2a
Variable types: 0 continuous, 284763 integer (264707 binary)
Coefficient statistics:
  Matrix range     [1e+00, 8e+01]
  Objective range  [5e-01, 2e+03]
  Bounds range     [1e+00, 1e+00]
  RHS range        [1e+00, 1e+02]

User MIP start produced solution with objective 185922 (0.10s)
Loaded user MIP start with objective 185922
MIP start from previous solve did not produce a new incumbent solution

Presolve removed 526569 rows and 267569 columns
Presolve time: 0.19s
Presolved: 22137 rows, 17194 columns, 62169 nonzeros
Variable types: 0 continuous, 17194 integer (17194 binary)

Root relaxation: objective 1.858878e+05, 2493 iterations, 0.03 seconds (0.06 work units)

    Nodes    |    Current Node    |     Objective Bounds      |     Work
 Expl Unexpl |  Obj  Depth IntInf | Incumbent    BestBd   Gap | It/Node Time

     0     0 185887.750    0  243 185922.500 185887.750  0.02%     -    0s
     0     0 185887.750    0  243 185922.500 185887.750  0.02%     -    0s
     0     0 185910.250    0   79 185922.500 185910.250  0.01%     -    0s

Explored 1 nodes (4328 simplex iterations) in 0.46 seconds (1.24 work units)
Thread count was 10 (of 10 available processors)

Solution count 1: 185922 

Optimal solution found (tolerance 1.00e-04)
Best objective 1.859225000000e+05, best bound 1.859105000000e+05, gap 0.0065%
Solução ótima encontrada.
Set parameter TimeLimit to value 25200
Set parameter TimeLimit to value 600
Gurobi Optimizer version 10.0.2 build v10.0.2rc0 (mac64[arm])

CPU model: Apple M5
Thread count: 10 physical cores, 10 logical processors, using up to 10 threads

Optimize a model with 548706 rows, 284763 columns and 1341935 nonzeros
Model fingerprint: 0x0e3d15cd
Variable types: 0 continuous, 284763 integer (264707 binary)
Coefficient statistics:
  Matrix range     [1e+00, 8e+01]
  Objective range  [5e-01, 2e+03]
  Bounds range     [1e+00, 1e+00]
  RHS range        [1e+00, 1e+02]

User MIP start produced solution with objective 185922 (0.10s)
Loaded user MIP start with objective 185922
MIP start from previous solve did not produce a new incumbent solution

Presolve removed 525277 rows and 265775 columns
Presolve time: 0.27s
Presolved: 23429 rows, 18988 columns, 66513 nonzeros
Variable types: 0 continuous, 18988 integer (18988 binary)

Root relaxation: objective 1.858822e+05, 2751 iterations, 0.04 seconds (0.09 work units)

    Nodes    |    Current Node    |     Objective Bounds      |     Work
 Expl Unexpl |  Obj  Depth IntInf | Incumbent    BestBd   Gap | It/Node Time

     0     0 185882.250    0  277 185922.500 185882.250  0.02%     -    0s
     0     0 185882.250    0  277 185922.500 185882.250  0.02%     -    0s
     0     0 185882.250    0  118 185922.500 185882.250  0.02%     -    0s
     0     0 185907.500    0  149 185922.500 185907.500  0.01%     -    0s

Cutting planes:
  Gomory: 3
  MIR: 3
  Zero half: 8
  RLT: 7
  BQP: 13

Explored 1 nodes (5371 simplex iterations) in 0.58 seconds (1.55 work units)
Thread count was 10 (of 10 available processors)

Solution count 1: 185922 

Optimal solution found (tolerance 1.00e-04)
Best objective 1.859225000000e+05, best bound 1.859075000000e+05, gap 0.0081%
Solução ótima encontrada.
Set parameter TimeLimit to value 25200
Set parameter TimeLimit to value 600
Gurobi Optimizer version 10.0.2 build v10.0.2rc0 (mac64[arm])

CPU model: Apple M5
Thread count: 10 physical cores, 10 logical processors, using up to 10 threads

Optimize a model with 548706 rows, 284763 columns and 1341935 nonzeros
Model fingerprint: 0x48397ee0
Variable types: 0 continuous, 284763 integer (264707 binary)
Coefficient statistics:
  Matrix range     [1e+00, 8e+01]
  Objective range  [5e-01, 2e+03]
  Bounds range     [1e+00, 1e+00]
  RHS range        [1e+00, 1e+02]

User MIP start produced solution with objective 185922 (0.10s)
Loaded user MIP start with objective 185922
MIP start from previous solve did not produce a new incumbent solution

Presolve removed 517155 rows and 260619 columns
Presolve time: 0.30s
Presolved: 31551 rows, 24144 columns, 91865 nonzeros
Variable types: 0 continuous, 24144 integer (24144 binary)

Root relaxation: objective 1.854751e+05, 12420 iterations, 0.42 seconds (1.15 work units)

    Nodes    |    Current Node    |     Objective Bounds      |     Work
 Expl Unexpl |  Obj  Depth IntInf | Incumbent    BestBd   Gap | It/Node Time

     0     0 185475.083    0  909 185922.500 185475.083  0.24%     -    1s
     0     0 185597.964    0 1080 185922.500 185597.964  0.17%     -    2s
     0     0 185604.775    0 1029 185922.500 185604.775  0.17%     -    2s
     0     0 185604.822    0 1156 185922.500 185604.822  0.17%     -    2s
     0     0 185605.250    0 1068 185922.500 185605.250  0.17%     -    2s
     0     0 185605.250    0 1050 185922.500 185605.250  0.17%     -    2s
     0     0 185653.861    0 1317 185922.500 185653.861  0.14%     -    3s
     0     0 185653.861    0  849 185922.500 185653.861  0.14%     -    4s
     0     0 185662.325    0 1158 185922.500 185662.325  0.14%     -    4s
     0     0 185665.696    0 1137 185922.500 185665.696  0.14%     -    4s
     0     0 185666.290    0 1140 185922.500 185666.290  0.14%     -    4s
     0     0 185666.551    0 1149 185922.500 185666.551  0.14%     -    4s
     0     0 185666.638    0 1169 185922.500 185666.638  0.14%     -    4s
     0     0 185666.638    0 1169 185922.500 185666.638  0.14%     -    4s
     0     0 185671.466    0 1526 185922.500 185671.466  0.14%     -    5s
     0     0 185675.840    0 1502 185922.500 185675.840  0.13%     -    5s
     0     0 185677.412    0 1543 185922.500 185677.412  0.13%     -    5s
     0     0 185677.687    0 1461 185922.500 185677.687  0.13%     -    5s
     0     0 185677.935    0 1466 185922.500 185677.935  0.13%     -    5s
     0     0 185678.063    0 1545 185922.500 185678.063  0.13%     -    5s
     0     0 185678.072    0 1469 185922.500 185678.072  0.13%     -    5s
     0     0 185694.450    0 1286 185922.500 185694.450  0.12%     -    6s
     0     0 185694.450    0  477 185922.500 185694.450  0.12%     -    6s
     0     0 185694.450    0  879 185922.500 185694.450  0.12%     -    6s
     0     0 185694.450    0  621 185922.500 185694.450  0.12%     -    6s
     0     0 185699.093    0  662 185922.500 185699.093  0.12%     -    6s
     0     0 185699.988    0  431 185922.500 185699.988  0.12%     -    6s
     0     0 185700.401    0  428 185922.500 185700.401  0.12%     -    6s
     0     0 185709.635    0  645 185922.500 185709.635  0.11%     -    7s
     0     0 185714.545    0  662 185922.500 185714.545  0.11%     -    7s
     0     0 185715.390    0  645 185922.500 185715.390  0.11%     -    7s
     0     0 185715.390    0  648 185922.500 185715.390  0.11%     -    7s
     0     0 185715.469    0  646 185922.500 185715.469  0.11%     -    7s
     0     0 185715.486    0  677 185922.500 185715.486  0.11%     -    7s
     0     0 185725.963    0  654 185922.500 185725.963  0.11%     -    7s
     0     0 185729.645    0  694 185922.500 185729.645  0.10%     -    7s
     0     0 185730.669    0  736 185922.500 185730.669  0.10%     -    7s
     0     0 185731.440    0  744 185922.500 185731.440  0.10%     -    7s
     0     0 185731.517    0  749 185922.500 185731.517  0.10%     -    7s
     0     0 185731.545    0  755 185922.500 185731.545  0.10%     -    7s
     0     0 185731.550    0  756 185922.500 185731.550  0.10%     -    7s
     0     0 185737.634    0  699 185922.500 185737.634  0.10%     -    7s
     0     0 185739.324    0  735 185922.500 185739.324  0.10%     -    7s
     0     0 185739.622    0  728 185922.500 185739.622  0.10%     -    7s
     0     0 185739.736    0  724 185922.500 185739.736  0.10%     -    7s
     0     0 185739.755    0  734 185922.500 185739.755  0.10%     -    7s
     0     0 185742.456    0  604 185922.500 185742.456  0.10%     -    7s
     0     0 185742.506    0  372 185922.500 185742.506  0.10%     -    8s
     0     0 185742.506    0  641 185922.500 185742.506  0.10%     -    8s
     0     0 185742.506    0  652 185922.500 185742.506  0.10%     -    8s
     0     0 185742.506    0  700 185922.500 185742.506  0.10%     -    8s
     0     0 185742.506    0  506 185922.500 185742.506  0.10%     -    8s
     0     0 185742.506    0  549 185922.500 185742.506  0.10%     -    8s
     0     0 185742.506    0  494 185922.500 185742.506  0.10%     -    8s
     0     0 185743.316    0  440 185922.500 185743.316  0.10%     -    8s
     0     0 185743.356    0  521 185922.500 185743.356  0.10%     -    8s
     0     0 185743.460    0  498 185922.500 185743.460  0.10%     -    8s
     0     0 185743.460    0  506 185922.500 185743.460  0.10%     -    8s
     0     0 185746.689    0  431 185922.500 185746.689  0.09%     -    8s
     0     0 185748.748    0  555 185922.500 185748.748  0.09%     -    8s
     0     0 185748.994    0  439 185922.500 185748.994  0.09%     -    8s
     0     0 185749.166    0  596 185922.500 185749.166  0.09%     -    8s
     0     0 185749.376    0  596 185922.500 185749.376  0.09%     -    8s
     0     0 185749.404    0  541 185922.500 185749.404  0.09%     -    8s
     0     0 185749.459    0  617 185922.500 185749.459  0.09%     -    8s
     0     0 185749.463    0  627 185922.500 185749.463  0.09%     -    8s
     0     0 185754.556    0  566 185922.500 185754.556  0.09%     -    8s
     0     0 185756.037    0  571 185922.500 185756.037  0.09%     -    8s
     0     0 185756.208    0  569 185922.500 185756.208  0.09%     -    8s
     0     0 185756.550    0  550 185922.500 185756.550  0.09%     -    8s
     0     0 185756.659    0  572 185922.500 185756.659  0.09%     -    8s
     0     0 185756.662    0  572 185922.500 185756.662  0.09%     -    8s
     0     0 185760.120    0  563 185922.500 185760.120  0.09%     -    8s
     0     0 185760.284    0  554 185922.500 185760.284  0.09%     -    8s
     0     0 185760.330    0  568 185922.500 185760.330  0.09%     -    8s
     0     0 185760.344    0  569 185922.500 185760.344  0.09%     -    8s
     0     0 185762.804    0  565 185922.500 185762.804  0.09%     -    8s
     0     0 185762.804    0  393 185922.500 185762.804  0.09%     -    9s
     0     0 185762.804    0  413 185922.500 185762.804  0.09%     -    9s
     0     0 185762.804    0  535 185922.500 185762.804  0.09%     -    9s
     0     0 185762.804    0  485 185922.500 185762.804  0.09%     -    9s
     0     0 185762.804    0  471 185922.500 185762.804  0.09%     -    9s
     0     0 185762.804    0  399 185922.500 185762.804  0.09%     -    9s
     0     0 185762.804    0  383 185922.500 185762.804  0.09%     -    9s
     0     0 185762.804    0  388 185922.500 185762.804  0.09%     -    9s
     0     0 185762.848    0  393 185922.500 185762.848  0.09%     -    9s
     0     0 185762.954    0  392 185922.500 185762.954  0.09%     -    9s
     0     0 185766.548    0  427 185922.500 185766.548  0.08%     -    9s
     0     0 185769.161    0  470 185922.500 185769.161  0.08%     -    9s
     0     0 185770.682    0  332 185922.500 185770.682  0.08%     -    9s
     0     0 185770.786    0  339 185922.500 185770.786  0.08%     -    9s
     0     0 185770.854    0  368 185922.500 185770.854  0.08%     -    9s
     0     0 185771.882    0  453 185922.500 185771.882  0.08%     -    9s
     0     0 185772.385    0  356 185922.500 185772.385  0.08%     -    9s
     0     0 185773.006    0  488 185922.500 185773.006  0.08%     -    9s
     0     0 185773.349    0  470 185922.500 185773.349  0.08%     -    9s
     0     0 185773.363    0  468 185922.500 185773.363  0.08%     -    9s
     0     0 185777.701    0  547 185922.500 185777.701  0.08%     -    9s
     0     0 185778.036    0  552 185922.500 185778.036  0.08%     -    9s
     0     0 185778.304    0  584 185922.500 185778.304  0.08%     -    9s
     0     0 185778.336    0  583 185922.500 185778.336  0.08%     -    9s
     0     0 185778.367    0  586 185922.500 185778.367  0.08%     -    9s
     0     0 185778.388    0  585 185922.500 185778.388  0.08%     -    9s
     0     0 185781.187    0  521 185922.500 185781.187  0.08%     -    9s
     0     2 185781.337    0  518 185922.500 185781.337  0.08%     -    9s
    25    36 185785.952    5  517 185922.500 185785.019  0.07%   211   10s

Cutting planes:
  Gomory: 15
  Lift-and-project: 3
  Implied bound: 17
  Clique: 149
  MIR: 3
  Inf proof: 3
  Zero half: 36
  RLT: 122
  BQP: 775

Explored 3955 nodes (301854 simplex iterations) in 12.53 seconds (26.43 work units)
Thread count was 10 (of 10 available processors)

Solution count 1: 185922 

Optimal solution found (tolerance 1.00e-04)
Best objective 1.859225000000e+05, best bound 1.859125000000e+05, gap 0.0054%
Solução ótima encontrada.
Set parameter TimeLimit to value 25200
Set parameter TimeLimit to value 600
Gurobi Optimizer version 10.0.2 build v10.0.2rc0 (mac64[arm])

CPU model: Apple M5
Thread count: 10 physical cores, 10 logical processors, using up to 10 threads

Optimize a model with 548706 rows, 284763 columns and 1341935 nonzeros
Model fingerprint: 0xa85dd566
Variable types: 0 continuous, 284763 integer (264707 binary)
Coefficient statistics:
  Matrix range     [1e+00, 8e+01]
  Objective range  [5e-01, 2e+03]
  Bounds range     [1e+00, 1e+00]
  RHS range        [1e+00, 1e+02]

User MIP start produced solution with objective 185922 (0.11s)
Loaded user MIP start with objective 185922
MIP start from previous solve did not produce a new incumbent solution

Presolve removed 525286 rows and 266257 columns
Presolve time: 0.25s
Presolved: 23420 rows, 18506 columns, 66441 nonzeros
Variable types: 0 continuous, 18506 integer (18506 binary)

Root relaxation: objective 1.858610e+05, 4830 iterations, 0.08 seconds (0.18 work units)

    Nodes    |    Current Node    |     Objective Bounds      |     Work
 Expl Unexpl |  Obj  Depth IntInf | Incumbent    BestBd   Gap | It/Node Time

     0     0 185861.000    0  496 185922.500 185861.000  0.03%     -    0s
     0     0 185861.000    0  496 185922.500 185861.000  0.03%     -    0s
     0     0 185861.000    0  127 185922.500 185861.000  0.03%     -    0s
     0     0 185869.917    0  182 185922.500 185869.917  0.03%     -    0s
     0     0 185869.917    0  227 185922.500 185869.917  0.03%     -    0s
     0     0 185892.500    0  149 185922.500 185892.500  0.02%     -    0s
     0     0 185892.500    0   93 185922.500 185892.500  0.02%     -    0s
     0     0 185892.500    0  179 185922.500 185892.500  0.02%     -    0s
     0     0 185892.500    0  129 185922.500 185892.500  0.02%     -    0s
     0     0 185892.500    0  152 185922.500 185892.500  0.02%     -    0s
     0     0 185892.500    0   66 185922.500 185892.500  0.02%     -    0s
     0     0 185892.500    0  109 185922.500 185892.500  0.02%     -    0s
     0     0 185892.500    0  154 185922.500 185892.500  0.02%     -    0s
     0     0 185892.500    0  135 185922.500 185892.500  0.02%     -    0s
     0     0 185892.500    0   88 185922.500 185892.500  0.02%     -    0s
     0     0 185892.500    0  143 185922.500 185892.500  0.02%     -    0s
     0     0 185892.500    0  213 185922.500 185892.500  0.02%     -    0s
     0     0 185892.500    0  193 185922.500 185892.500  0.02%     -    0s
     0     0 185892.500    0   64 185922.500 185892.500  0.02%     -    0s
     0     0 185892.500    0   97 185922.500 185892.500  0.02%     -    0s
     0     0 185892.500    0  111 185922.500 185892.500  0.02%     -    0s
     0     2 185892.500    0  111 185922.500 185892.500  0.02%     -    0s
*  195    92              15    185918.00000 185892.500  0.01%  45.5    0s
H  669   164                    185917.50000 185893.750  0.01%  35.5    0s

Cutting planes:
  Gomory: 5
  MIR: 1
  Inf proof: 2
  Zero half: 29
  RLT: 19
  BQP: 12

Explored 943 nodes (44865 simplex iterations) in 1.02 seconds (2.20 work units)
Thread count was 10 (of 10 available processors)

Solution count 3: 185918 185918 185922 

Optimal solution found (tolerance 1.00e-04)
Best objective 1.859175000000e+05, best bound 1.858990000000e+05, gap 0.0100%
Solução ótima encontrada.
Set parameter TimeLimit to value 25200
Set parameter TimeLimit to value 600
Gurobi Optimizer version 10.0.2 build v10.0.2rc0 (mac64[arm])

CPU model: Apple M5
Thread count: 10 physical cores, 10 logical processors, using up to 10 threads

Optimize a model with 548706 rows, 284763 columns and 1341935 nonzeros
Model fingerprint: 0xb5200c76
Variable types: 0 continuous, 284763 integer (264707 binary)
Coefficient statistics:
  Matrix range     [1e+00, 8e+01]
  Objective range  [5e-01, 2e+03]
  Bounds range     [1e+00, 1e+00]
  RHS range        [1e+00, 1e+02]

User MIP start produced solution with objective 185918 (0.10s)
Loaded user MIP start with objective 185918
MIP start from previous solve did not produce a new incumbent solution

Presolve removed 509020 rows and 255947 columns
Presolve time: 0.34s
Presolved: 39686 rows, 28816 columns, 117680 nonzeros
Variable types: 0 continuous, 28816 integer (28816 binary)
Deterministic concurrent LP optimizer: primal and dual simplex
Showing first log only...

Concurrent spin time: 0.00s

Solved with dual simplex

Root relaxation: objective 1.857605e+05, 17613 iterations, 0.59 seconds (1.28 work units)

    Nodes    |    Current Node    |     Objective Bounds      |     Work
 Expl Unexpl |  Obj  Depth IntInf | Incumbent    BestBd   Gap | It/Node Time

     0     0 185760.470    0 1320 185917.500 185760.470  0.08%     -    1s
     0     0 185774.371    0 1428 185917.500 185774.371  0.08%     -    1s
     0     0 185774.371    0 1428 185917.500 185774.371  0.08%     -    1s
     0     0 185781.764    0  330 185917.500 185781.764  0.07%     -    1s
     0     0 185794.100    0  326 185917.500 185794.100  0.07%     -    1s
     0     0 185908.000    0   58 185917.500 185908.000  0.01%     -    1s

Cutting planes:
  Gomory: 3
  Clique: 69
  Zero half: 13
  RLT: 64
  BQP: 116

Explored 1 nodes (26795 simplex iterations) in 1.59 seconds (3.86 work units)
Thread count was 10 (of 10 available processors)

Solution count 1: 185918 

Optimal solution found (tolerance 1.00e-04)
Best objective 1.859175000000e+05, best bound 1.859080000000e+05, gap 0.0051%
Solução ótima encontrada.
Set parameter TimeLimit to value 25200
Set parameter TimeLimit to value 600
Gurobi Optimizer version 10.0.2 build v10.0.2rc0 (mac64[arm])

CPU model: Apple M5
Thread count: 10 physical cores, 10 logical processors, using up to 10 threads

Optimize a model with 548706 rows, 284763 columns and 1341935 nonzeros
Model fingerprint: 0x39867da5
Variable types: 0 continuous, 284763 integer (264707 binary)
Coefficient statistics:
  Matrix range     [1e+00, 8e+01]
  Objective range  [5e-01, 2e+03]
  Bounds range     [1e+00, 1e+00]
  RHS range        [1e+00, 1e+02]

User MIP start produced solution with objective 185918 (0.10s)
Loaded user MIP start with objective 185918
MIP start from previous solve did not produce a new incumbent solution

Presolve removed 506647 rows and 252589 columns
Presolve time: 0.35s
Presolved: 42059 rows, 32174 columns, 125128 nonzeros
Variable types: 0 continuous, 32174 integer (32174 binary)
Deterministic concurrent LP optimizer: primal and dual simplex
Showing first log only...

Concurrent spin time: 0.00s

Solved with dual simplex

Root relaxation: objective 1.857662e+05, 15676 iterations, 0.68 seconds (1.65 work units)

    Nodes    |    Current Node    |     Objective Bounds      |     Work
 Expl Unexpl |  Obj  Depth IntInf | Incumbent    BestBd   Gap | It/Node Time

     0     0 185766.250    0  573 185917.500 185766.250  0.08%     -    1s
     0     0 185782.917    0  786 185917.500 185782.917  0.07%     -    1s
     0     0 185806.000    0  253 185917.500 185806.000  0.06%     -    2s
     0     0 185806.000    0  448 185917.500 185806.000  0.06%     -    2s
     0     0 185806.000    0  386 185917.500 185806.000  0.06%     -    2s
     0     0 185807.537    0  741 185917.500 185807.537  0.06%     -    2s
     0     0 185807.537    0  127 185917.500 185807.537  0.06%     -    2s
     0     0 185807.537    0  144 185917.500 185807.537  0.06%     -    2s
     0     0 185807.933    0  296 185917.500 185807.933  0.06%     -    2s
     0     0 185807.933    0  307 185917.500 185807.933  0.06%     -    2s
     0     0 185812.000    0  162 185917.500 185812.000  0.06%     -    2s
     0     0 185814.250    0  222 185917.500 185814.250  0.06%     -    2s
     0     0 185815.417    0  291 185917.500 185815.417  0.05%     -    2s
     0     0 185815.460    0  301 185917.500 185815.460  0.05%     -    2s
     0     0 185815.460    0  292 185917.500 185815.460  0.05%     -    2s
     0     0 185817.500    0  171 185917.500 185817.500  0.05%     -    2s
     0     0 185817.500    0  187 185917.500 185817.500  0.05%     -    2s
     0     0 185818.125    0  259 185917.500 185818.125  0.05%     -    2s
     0     2 185818.250    0  257 185917.500 185818.250  0.05%     -    2s
   843   405 185838.083   11  184 185917.500 185822.045  0.05%  79.9    5s
  9133  2064 185841.500   38   75 185917.500 185837.250  0.04%  74.3   10s
 20308  2006     cutoff   43      185917.500 185854.000  0.03%  76.8   15s

Cutting planes:
  Gomory: 2
  Clique: 1
  MIR: 1
  Flow cover: 4
  Inf proof: 1
  Zero half: 44
  RLT: 12
  BQP: 91

Explored 23727 nodes (1934841 simplex iterations) in 17.41 seconds (30.47 work units)
Thread count was 10 (of 10 available processors)

Solution count 2: 185918 185918 

Optimal solution found (tolerance 1.00e-04)
Best objective 1.859175000000e+05, best bound 1.859175000000e+05, gap 0.0000%
Solução ótima encontrada.
Set parameter TimeLimit to value 25200
Set parameter TimeLimit to value 600
Gurobi Optimizer version 10.0.2 build v10.0.2rc0 (mac64[arm])

CPU model: Apple M5
Thread count: 10 physical cores, 10 logical processors, using up to 10 threads

Optimize a model with 548706 rows, 284763 columns and 1341935 nonzeros
Model fingerprint: 0x542cec40
Variable types: 0 continuous, 284763 integer (264707 binary)
Coefficient statistics:
  Matrix range     [1e+00, 8e+01]
  Objective range  [5e-01, 2e+03]
  Bounds range     [1e+00, 1e+00]
  RHS range        [1e+00, 1e+02]

User MIP start produced solution with objective 185918 (0.10s)
Loaded user MIP start with objective 185918
MIP start from previous solve did not produce a new incumbent solution

Presolve removed 531614 rows and 272409 columns
Presolve time: 0.24s
Presolved: 17092 rows, 12354 columns, 49162 nonzeros
Variable types: 0 continuous, 12354 integer (12354 binary)

Root relaxation: objective 1.856782e+05, 10220 iterations, 0.32 seconds (0.81 work units)

    Nodes    |    Current Node    |     Objective Bounds      |     Work
 Expl Unexpl |  Obj  Depth IntInf | Incumbent    BestBd   Gap | It/Node Time

     0     0 185678.250    0  612 185917.500 185678.250  0.13%     -    0s
     0     0 185711.500    0  606 185917.500 185711.500  0.11%     -    0s
     0     0 185711.500    0  606 185917.500 185711.500  0.11%     -    0s
     0     0 185711.500    0  527 185917.500 185711.500  0.11%     -    1s
     0     0 185744.800    0  545 185917.500 185744.800  0.09%     -    1s
     0     0 185747.400    0  546 185917.500 185747.400  0.09%     -    1s
     0     0 185771.563    0  523 185917.500 185771.563  0.08%     -    1s
     0     0 185780.882    0  624 185917.500 185780.882  0.07%     -    1s
     0     0 185781.389    0  657 185917.500 185781.389  0.07%     -    1s
     0     0 185790.988    0  643 185917.500 185790.988  0.07%     -    1s
     0     0 185790.988    0  374 185917.500 185790.988  0.07%     -    1s
     0     0 185793.125    0  327 185917.500 185793.125  0.07%     -    1s
     0     0 185798.650    0  422 185917.500 185798.650  0.06%     -    1s
     0     0 185800.400    0  455 185917.500 185800.400  0.06%     -    1s
     0     0 185800.563    0  336 185917.500 185800.563  0.06%     -    1s
     0     0 185812.224    0  459 185917.500 185812.224  0.06%     -    1s
     0     0 185814.280    0  395 185917.500 185814.280  0.06%     -    1s
     0     0 185814.515    0  405 185917.500 185814.515  0.06%     -    1s
     0     0 185814.515    0  406 185917.500 185814.515  0.06%     -    1s
     0     0 185835.000    0  403 185917.500 185835.000  0.04%     -    1s
     0     0 185835.000    0  368 185917.500 185835.000  0.04%     -    1s
     0     0 185849.833    0  495 185917.500 185849.833  0.04%     -    1s
     0     0 185849.833    0  515 185917.500 185849.833  0.04%     -    1s
     0     0 185880.100    0  426 185917.500 185880.100  0.02%     -    1s
     0     0 185880.100    0  261 185917.500 185880.100  0.02%     -    1s
     0     0 185880.100    0  275 185917.500 185880.100  0.02%     -    1s
     0     0 185880.100    0  371 185917.500 185880.100  0.02%     -    1s
     0     0 185880.100    0  326 185917.500 185880.100  0.02%     -    1s
     0     0 185880.100    0  366 185917.500 185880.100  0.02%     -    1s
     0     0 185880.100    0  380 185917.500 185880.100  0.02%     -    1s
     0     0 185880.100    0  381 185917.500 185880.100  0.02%     -    1s
     0     0 185880.100    0  379 185917.500 185880.100  0.02%     -    1s
     0     0 185880.100    0  378 185917.500 185880.100  0.02%     -    1s
     0     0 185880.100    0  326 185917.500 185880.100  0.02%     -    1s
     0     0 185880.100    0  372 185917.500 185880.100  0.02%     -    1s
     0     0 185880.100    0  393 185917.500 185880.100  0.02%     -    1s
     0     0 185891.125    0  381 185917.500 185891.125  0.01%     -    1s
     0     0 185899.000    0  314 185917.500 185899.000  0.01%     -    1s

Cutting planes:
  Gomory: 6
  MIR: 3
  Zero half: 33
  RLT: 19
  BQP: 22

Explored 1 nodes (24888 simplex iterations) in 1.82 seconds (4.16 work units)
Thread count was 10 (of 10 available processors)

Solution count 1: 185918 

Optimal solution found (tolerance 1.00e-04)
Best objective 1.859175000000e+05, best bound 1.858990000000e+05, gap 0.0100%
Solução ótima encontrada.
Set parameter TimeLimit to value 25200
Set parameter TimeLimit to value 600
Gurobi Optimizer version 10.0.2 build v10.0.2rc0 (mac64[arm])

CPU model: Apple M5
Thread count: 10 physical cores, 10 logical processors, using up to 10 threads

Optimize a model with 548706 rows, 284763 columns and 1341935 nonzeros
Model fingerprint: 0xa22dc0db
Variable types: 0 continuous, 284763 integer (264707 binary)
Coefficient statistics:
  Matrix range     [1e+00, 8e+01]
  Objective range  [5e-01, 2e+03]
  Bounds range     [1e+00, 1e+00]
  RHS range        [1e+00, 1e+02]

User MIP start produced solution with objective 185918 (0.10s)
Loaded user MIP start with objective 185918
MIP start from previous solve did not produce a new incumbent solution

Presolve removed 528061 rows and 269224 columns
Presolve time: 0.26s
Presolved: 20645 rows, 15539 columns, 59715 nonzeros
Variable types: 0 continuous, 15539 integer (15539 binary)

Root relaxation: objective 1.856782e+05, 9011 iterations, 0.31 seconds (0.63 work units)

    Nodes    |    Current Node    |     Objective Bounds      |     Work
 Expl Unexpl |  Obj  Depth IntInf | Incumbent    BestBd   Gap | It/Node Time

     0     0 185678.250    0  612 185917.500 185678.250  0.13%     -    0s
     0     0 185711.500    0  601 185917.500 185711.500  0.11%     -    0s
     0     0 185711.500    0  601 185917.500 185711.500  0.11%     -    0s
     0     0 185711.500    0  489 185917.500 185711.500  0.11%     -    1s
     0     0 185743.800    0  524 185917.500 185743.800  0.09%     -    1s
     0     0 185764.133    0  554 185917.500 185764.133  0.08%     -    1s
     0     0 185764.133    0  326 185917.500 185764.133  0.08%     -    1s
     0     0 185764.133    0  426 185917.500 185764.133  0.08%     -    1s
     0     0 185767.588    0  413 185917.500 185767.588  0.08%     -    1s
     0     0 185769.561    0  456 185917.500 185769.561  0.08%     -    1s
     0     0 185769.577    0  423 185917.500 185769.577  0.08%     -    1s
     0     0 185769.728    0  432 185917.500 185769.728  0.08%     -    1s
     0     0 185792.500    0  407 185917.500 185792.500  0.07%     -    1s
     0     0 185796.929    0  394 185917.500 185796.929  0.06%     -    1s
     0     0 185796.929    0  396 185917.500 185796.929  0.06%     -    1s
     0     0 185797.500    0  414 185917.500 185797.500  0.06%     -    1s
     0     0 185797.500    0  422 185917.500 185797.500  0.06%     -    1s
     0     0 185797.500    0  428 185917.500 185797.500  0.06%     -    1s
     0     0 185797.500    0  425 185917.500 185797.500  0.06%     -    1s
     0     0 185797.500    0  426 185917.500 185797.500  0.06%     -    1s
     0     0 185805.125    0  427 185917.500 185805.125  0.06%     -    1s
     0     0 185805.167    0  430 185917.500 185805.167  0.06%     -    1s
     0     0 185805.833    0  430 185917.500 185805.833  0.06%     -    1s
     0     0 185810.833    0  424 185917.500 185810.833  0.06%     -    1s
     0     0 185811.166    0  282 185917.500 185811.166  0.06%     -    1s
     0     0 185811.166    0  277 185917.500 185811.166  0.06%     -    1s
     0     0 185811.166    0  230 185917.500 185811.166  0.06%     -    1s
     0     0 185812.167    0  254 185917.500 185812.167  0.06%     -    1s
     0     0 185813.417    0  239 185917.500 185813.417  0.06%     -    1s
     0     0 185814.069    0  260 185917.500 185814.069  0.06%     -    1s
     0     0 185814.069    0  261 185917.500 185814.069  0.06%     -    1s
     0     0 185838.826    0  370 185917.500 185838.826  0.04%     -    1s
     0     0 185841.793    0  360 185917.500 185841.793  0.04%     -    1s
     0     0 185842.040    0  383 185917.500 185842.040  0.04%     -    1s
     0     0 185842.041    0  381 185917.500 185842.041  0.04%     -    1s

Cutting planes:
  Gomory: 6
  Clique: 39
  MIR: 7
  Zero half: 28
  RLT: 10
  BQP: 14

Explored 1 nodes (24634 simplex iterations) in 2.00 seconds (4.21 work units)
Thread count was 10 (of 10 available processors)

Solution count 2: 185918 185918 

Optimal solution found (tolerance 1.00e-04)
Best objective 1.859175000000e+05, best bound 1.859005000000e+05, gap 0.0091%
Solução ótima encontrada.
Set parameter TimeLimit to value 25200
Set parameter TimeLimit to value 600
Gurobi Optimizer version 10.0.2 build v10.0.2rc0 (mac64[arm])

CPU model: Apple M5
Thread count: 10 physical cores, 10 logical processors, using up to 10 threads

Optimize a model with 548706 rows, 284763 columns and 1341935 nonzeros
Model fingerprint: 0x5785e76c
Variable types: 0 continuous, 284763 integer (264707 binary)
Coefficient statistics:
  Matrix range     [1e+00, 8e+01]
  Objective range  [5e-01, 2e+03]
  Bounds range     [1e+00, 1e+00]
  RHS range        [1e+00, 1e+02]

User MIP start produced solution with objective 185918 (0.10s)
Loaded user MIP start with objective 185918
MIP start from previous solve did not produce a new incumbent solution

Presolve removed 531614 rows and 272409 columns
Presolve time: 0.40s
Presolved: 17092 rows, 12354 columns, 49162 nonzeros
Variable types: 0 continuous, 12354 integer (12354 binary)

Root relaxation: objective 1.856782e+05, 10220 iterations, 0.33 seconds (0.81 work units)

    Nodes    |    Current Node    |     Objective Bounds      |     Work
 Expl Unexpl |  Obj  Depth IntInf | Incumbent    BestBd   Gap | It/Node Time

     0     0 185678.250    0  612 185917.500 185678.250  0.13%     -    0s
     0     0 185711.500    0  606 185917.500 185711.500  0.11%     -    1s
     0     0 185711.500    0  606 185917.500 185711.500  0.11%     -    1s
     0     0 185711.500    0  527 185917.500 185711.500  0.11%     -    1s
     0     0 185744.800    0  545 185917.500 185744.800  0.09%     -    1s
     0     0 185747.400    0  546 185917.500 185747.400  0.09%     -    1s
     0     0 185771.563    0  523 185917.500 185771.563  0.08%     -    1s
     0     0 185780.882    0  624 185917.500 185780.882  0.07%     -    1s
     0     0 185781.389    0  657 185917.500 185781.389  0.07%     -    1s
     0     0 185790.988    0  643 185917.500 185790.988  0.07%     -    1s
     0     0 185790.988    0  374 185917.500 185790.988  0.07%     -    1s
     0     0 185793.125    0  327 185917.500 185793.125  0.07%     -    1s
     0     0 185798.650    0  422 185917.500 185798.650  0.06%     -    1s
     0     0 185800.400    0  455 185917.500 185800.400  0.06%     -    1s
     0     0 185800.563    0  336 185917.500 185800.563  0.06%     -    1s
     0     0 185812.224    0  459 185917.500 185812.224  0.06%     -    1s
     0     0 185814.280    0  395 185917.500 185814.280  0.06%     -    1s
     0     0 185814.515    0  405 185917.500 185814.515  0.06%     -    1s
     0     0 185814.515    0  406 185917.500 185814.515  0.06%     -    1s
     0     0 185835.000    0  403 185917.500 185835.000  0.04%     -    1s
     0     0 185835.000    0  368 185917.500 185835.000  0.04%     -    1s
     0     0 185849.833    0  495 185917.500 185849.833  0.04%     -    1s
     0     0 185849.833    0  515 185917.500 185849.833  0.04%     -    1s
     0     0 185880.100    0  426 185917.500 185880.100  0.02%     -    1s
     0     0 185880.100    0  261 185917.500 185880.100  0.02%     -    1s
     0     0 185880.100    0  275 185917.500 185880.100  0.02%     -    1s
     0     0 185880.100    0  371 185917.500 185880.100  0.02%     -    1s
     0     0 185880.100    0  326 185917.500 185880.100  0.02%     -    1s
     0     0 185880.100    0  366 185917.500 185880.100  0.02%     -    1s
     0     0 185880.100    0  380 185917.500 185880.100  0.02%     -    1s
     0     0 185880.100    0  381 185917.500 185880.100  0.02%     -    1s
     0     0 185880.100    0  379 185917.500 185880.100  0.02%     -    1s
     0     0 185880.100    0  378 185917.500 185880.100  0.02%     -    1s
     0     0 185880.100    0  326 185917.500 185880.100  0.02%     -    1s
     0     0 185880.100    0  372 185917.500 185880.100  0.02%     -    2s
     0     0 185880.100    0  393 185917.500 185880.100  0.02%     -    2s
     0     0 185891.125    0  381 185917.500 185891.125  0.01%     -    2s
     0     0 185899.000    0  314 185917.500 185899.000  0.01%     -    2s

Cutting planes:
  Gomory: 6
  MIR: 3
  Zero half: 33
  RLT: 19
  BQP: 22

Explored 1 nodes (24888 simplex iterations) in 2.06 seconds (4.45 work units)
Thread count was 10 (of 10 available processors)

Solution count 1: 185918 

Optimal solution found (tolerance 1.00e-04)
Best objective 1.859175000000e+05, best bound 1.858990000000e+05, gap 0.0100%
Solução ótima encontrada.
Set parameter TimeLimit to value 25200
Set parameter TimeLimit to value 600
Gurobi Optimizer version 10.0.2 build v10.0.2rc0 (mac64[arm])

CPU model: Apple M5
Thread count: 10 physical cores, 10 logical processors, using up to 10 threads

Optimize a model with 548706 rows, 284763 columns and 1341935 nonzeros
Model fingerprint: 0xee2428be
Variable types: 0 continuous, 284763 integer (264707 binary)
Coefficient statistics:
  Matrix range     [1e+00, 8e+01]
  Objective range  [5e-01, 2e+03]
  Bounds range     [1e+00, 1e+00]
  RHS range        [1e+00, 1e+02]

User MIP start produced solution with objective 185918 (0.10s)
Loaded user MIP start with objective 185918
MIP start from previous solve did not produce a new incumbent solution

Presolve removed 516957 rows and 261406 columns
Presolve time: 0.31s
Presolved: 31749 rows, 23357 columns, 94221 nonzeros
Variable types: 0 continuous, 23357 integer (23357 binary)

Root relaxation: objective 1.853990e+05, 19891 iterations, 0.75 seconds (1.99 work units)

    Nodes    |    Current Node    |     Objective Bounds      |     Work
 Expl Unexpl |  Obj  Depth IntInf | Incumbent    BestBd   Gap | It/Node Time

     0     0 185399.000    0  948 185917.500 185399.000  0.28%     -    2s
     0     0 185451.306    0 1552 185917.500 185451.306  0.25%     -    3s
     0     0 185456.681    0 1553 185917.500 185456.681  0.25%     -    3s
     0     0 185505.167    0 1563 185917.500 185505.167  0.22%     -    4s
     0     0 185510.217    0 1611 185917.500 185510.217  0.22%     -    4s
     0     0 185510.500    0 1550 185917.500 185510.500  0.22%     -    4s
     0     0 185514.000    0 1320 185917.500 185514.000  0.22%     -    4s
     0     0 185514.000    0 1373 185917.500 185514.000  0.22%     -    4s
     0     0 185530.653    0 1417 185917.500 185530.653  0.21%     -    5s
     0     0 185535.584    0 1482 185917.500 185535.584  0.21%     -    5s
     0     0 185536.052    0 1477 185917.500 185536.052  0.21%     -    5s
     0     0 185537.023    0 1734 185917.500 185537.023  0.20%     -    5s
     0     0 185537.605    0 1829 185917.500 185537.605  0.20%     -    5s
     0     0 185537.858    0 1424 185917.500 185537.858  0.20%     -    6s
     0     0 185537.934    0 1800 185917.500 185537.934  0.20%     -    6s
     0     0 185538.361    0 1796 185917.500 185538.361  0.20%     -    6s
     0     0 185538.371    0 1757 185917.500 185538.371  0.20%     -    6s
     0     0 185548.910    0 1511 185917.500 185548.910  0.20%     -    7s
     0     0 185550.661    0 1438 185917.500 185550.661  0.20%     -    7s
     0     0 185552.361    0 1537 185917.500 185552.361  0.20%     -    7s
     0     0 185552.577    0 1664 185917.500 185552.577  0.20%     -    7s
     0     0 185552.697    0 1685 185917.500 185552.697  0.20%     -    7s
     0     0 185552.722    0 1728 185917.500 185552.722  0.20%     -    7s
     0     0 185561.561    0 1623 185917.500 185561.561  0.19%     -    9s
     0     0 185561.573    0 1022 185917.500 185561.573  0.19%     -   11s
     0     0 185561.573    0 1634 185917.500 185561.573  0.19%     -   12s
     0     0 185561.573    0 1465 185917.500 185561.573  0.19%     -   13s
     0     0 185561.573    0 1425 185917.500 185561.573  0.19%     -   13s
     0     0 185561.573    0 1393 185917.500 185561.573  0.19%     -   13s
     0     0 185567.392    0 1872 185917.500 185567.392  0.19%     -   13s
     0     0 185567.486    0 1768 185917.500 185567.486  0.19%     -   13s
     0     0 185569.597    0 1538 185917.500 185569.597  0.19%     -   13s
     0     0 185569.638    0 1532 185917.500 185569.638  0.19%     -   13s
     0     0 185569.640    0 1505 185917.500 185569.640  0.19%     -   13s
     0     0 185569.650    0 1513 185917.500 185569.650  0.19%     -   13s
     0     0 185576.002    0 1486 185917.500 185576.002  0.18%     -   14s
     0     0 185576.843    0 1477 185917.500 185576.843  0.18%     -   14s
     0     0 185578.573    0 1421 185917.500 185578.573  0.18%     -   14s
     0     0 185578.730    0 1487 185917.500 185578.730  0.18%     -   14s
     0     0 185578.754    0 1451 185917.500 185578.754  0.18%     -   14s
     0     0 185578.761    0 1460 185917.500 185578.761  0.18%     -   14s
     0     0 185592.537    0 1385 185917.500 185592.537  0.17%     -   15s
     0     0 185593.100    0 1382 185917.500 185593.100  0.17%     -   15s
     0     0 185593.186    0 1374 185917.500 185593.186  0.17%     -   15s
     0     0 185593.186    0 1391 185917.500 185593.186  0.17%     -   15s
     0     0 185598.309    0 1435 185917.500 185598.309  0.17%     -   16s
     0     0 185601.454    0 1344 185917.500 185601.454  0.17%     -   16s
     0     0 185601.477    0 1353 185917.500 185601.477  0.17%     -   16s
     0     0 185601.477    0 1354 185917.500 185601.477  0.17%     -   16s
     0     0 185604.164    0 1335 185917.500 185604.164  0.17%     -   17s
     0     2 185604.182    0 1335 185917.500 185604.182  0.17%     -   17s
    35    42 185803.722    6  886 185917.500 185661.179  0.14%  1559   20s
   304   134 185696.899    5 1118 185917.500 185672.242  0.13%   519   25s
   393   152 185782.603   10  963 185917.500 185672.242  0.13%   479   32s
   403   157 185804.244   11 1009 185917.500 185672.242  0.13%   487   35s
   861   350 185894.500   13  268 185917.500 185705.717  0.11%   382   40s
  1864   771 185772.411   16  726 185917.500 185748.293  0.09%   299   46s
  2405   899 185841.688   24  559 185917.500 185749.917  0.09%   292   57s
  2874  1154 185782.403   17  772 185917.500 185750.962  0.09%   283   60s
  3305  1156 185796.333   14 1070 185917.500 185752.333  0.09%   275   66s
  3312  1161 185786.275    9 1503 185917.500 185752.333  0.09%   274   70s
  3328  1172 185873.250   17 1375 185917.500 185752.333  0.09%   273   75s
  3411  1227 185752.333   20  566 185917.500 185752.333  0.09%   305   81s
  3631  1223 185897.334   19 1110 185917.500 185752.333  0.09%   311   85s
  3897  1239 185839.423   25 1278 185917.500 185752.333  0.09%   315   90s
  4078  1215 185763.713   22  843 185917.500 185752.333  0.09%   316   96s
  4090  1220 185766.892   23  811 185917.500 185752.333  0.09%   317  105s
  4541  1194     cutoff   28      185917.500 185754.477  0.09%   319  110s
  5241  1146 185832.470   27  484 185917.500 185762.336  0.08%   323  116s
  5646  1062     cutoff   30      185917.500 185764.576  0.08%   329  126s
  5940  1061 185789.448   23 1194 185917.500 185766.625  0.08%   332  132s
  6093  1087 185805.368   25  590 185917.500 185767.820  0.08%   333  135s
  6802  1039     cutoff   30      185917.500 185770.998  0.08%   336  141s
  7205  1136 185840.680   20  791 185917.500 185774.150  0.08%   337  145s
  8039  1333 infeasible   35      185917.500 185778.820  0.07%   339  152s
  8536  1389 185837.642   33 1644 185917.500 185780.707  0.07%   342  157s
  9033  1468 185821.276   23  474 185917.500 185784.192  0.07%   344  161s
  9697  1585 185856.170   27  718 185917.500 185786.601  0.07%   342  166s
 10396  1632 185864.403   27  653 185917.500 185789.121  0.07%   340  173s
 10802  1737 185907.750   27  626 185917.500 185790.302  0.07%   340  179s
 11551  1858 185857.222   24 1179 185917.500 185794.337  0.07%   340  185s
 12482  1979     cutoff   24      185917.500 185798.410  0.06%   337  192s
 13504  2125 185845.735   32 1225 185917.500 185801.834  0.06%   335  199s
 14586  2183 185839.113   34  645 185917.500 185803.386  0.06%   334  207s
 15670  2225 185823.500   26  260 185917.500 185808.659  0.06%   333  216s
 16798  2260     cutoff   39      185917.500 185813.699  0.06%   332  226s
 18231  2252 185892.111   35  473 185917.500 185818.607  0.05%   330  233s
 19278  2276 185874.046   28  682 185917.500 185822.568  0.05%   330  241s
 20522  2246     cutoff   28      185917.500 185826.357  0.05%   328  249s
 21709  2230     cutoff   29      185917.500 185829.242  0.05%   327  267s
 22109  2138     cutoff   30      185917.500 185829.587  0.05%   326  276s
 23398  2041     cutoff   34      185917.500 185834.167  0.04%   326  288s
 24438  1893     cutoff   28      185917.500 185835.667  0.04%   325  298s
 25950  1679     cutoff   36      185917.500 185841.556  0.04%   325  308s
 27526  1454 185852.399   26  654 185917.500 185846.194  0.04%   324  319s
 29074  1138 185860.500   35  200 185917.500 185850.158  0.04%   323  330s
 30761  1050 185914.300   25  491 185917.500 185857.500  0.03%   322  344s
 31134   548     cutoff   26      185917.500 185858.594  0.03%   322  354s
 32876     0 185888.500   40  373 185917.500 185871.250  0.02%   320  360s

Cutting planes:
  Gomory: 10
  Lift-and-project: 19
  Implied bound: 28
  Clique: 3
  MIR: 6
  Flow cover: 4
  Zero half: 98
  RLT: 165
  BQP: 328

Explored 33917 nodes (10904145 simplex iterations) in 360.59 seconds (825.35 work units)
Thread count was 10 (of 10 available processors)

Solution count 1: 185918 

Optimal solution found (tolerance 1.00e-04)
Best objective 1.859175000000e+05, best bound 1.859175000000e+05, gap 0.0000%
Solução ótima encontrada.
Set parameter TimeLimit to value 25200
Set parameter TimeLimit to value 600
Gurobi Optimizer version 10.0.2 build v10.0.2rc0 (mac64[arm])

CPU model: Apple M5
Thread count: 10 physical cores, 10 logical processors, using up to 10 threads

Optimize a model with 548706 rows, 284763 columns and 1341935 nonzeros
Model fingerprint: 0x80469c8e
Variable types: 0 continuous, 284763 integer (264707 binary)
Coefficient statistics:
  Matrix range     [1e+00, 8e+01]
  Objective range  [5e-01, 2e+03]
  Bounds range     [1e+00, 1e+00]
  RHS range        [1e+00, 1e+02]

User MIP start produced solution with objective 185918 (0.10s)
Loaded user MIP start with objective 185918
MIP start from previous solve did not produce a new incumbent solution

Presolve removed 525360 rows and 267463 columns
Presolve time: 0.25s
Presolved: 23346 rows, 17300 columns, 67267 nonzeros
Variable types: 0 continuous, 17300 integer (17300 binary)

Root relaxation: objective 1.856621e+05, 12803 iterations, 0.36 seconds (0.86 work units)

    Nodes    |    Current Node    |     Objective Bounds      |     Work
 Expl Unexpl |  Obj  Depth IntInf | Incumbent    BestBd   Gap | It/Node Time

     0     0 185662.125    0  866 185917.500 185662.125  0.14%     -    0s
     0     0 185675.667    0  851 185917.500 185675.667  0.13%     -    1s
     0     0 185678.091    0  918 185917.500 185678.091  0.13%     -    1s
     0     0 185724.556    0 1024 185917.500 185724.556  0.10%     -    1s
     0     0 185724.556    0  729 185917.500 185724.556  0.10%     -    1s
     0     0 185737.667    0  734 185917.500 185737.667  0.10%     -    1s
     0     0 185739.595    0  786 185917.500 185739.595  0.10%     -    1s
     0     0 185740.500    0  751 185917.500 185740.500  0.10%     -    1s
     0     0 185741.417    0  765 185917.500 185741.417  0.09%     -    1s
     0     0 185764.000    0  765 185917.500 185764.000  0.08%     -    1s
     0     0 185764.000    0  765 185917.500 185764.000  0.08%     -    1s
     0     0 185766.000    0  769 185917.500 185766.000  0.08%     -    1s
     0     0 185767.056    0  831 185917.500 185767.056  0.08%     -    1s
     0     0 185767.305    0  843 185917.500 185767.305  0.08%     -    1s
     0     0 185767.317    0  847 185917.500 185767.317  0.08%     -    1s
     0     0 185787.781    0  867 185917.500 185787.781  0.07%     -    2s
     0     0 185787.781    0  439 185917.500 185787.781  0.07%     -    2s
     0     0 185787.781    0  515 185917.500 185787.781  0.07%     -    2s
     0     0 185790.148    0  508 185917.500 185790.148  0.07%     -    2s
     0     0 185793.449    0  539 185917.500 185793.449  0.07%     -    2s
     0     0 185793.449    0  540 185917.500 185793.449  0.07%     -    2s
     0     0 185802.519    0  593 185917.500 185802.519  0.06%     -    2s
     0     0 185804.417    0  484 185917.500 185804.417  0.06%     -    2s
     0     0 185805.278    0  519 185917.500 185805.278  0.06%     -    2s
     0     0 185805.305    0  604 185917.500 185805.305  0.06%     -    2s
     0     0 185805.307    0  546 185917.500 185805.307  0.06%     -    2s
     0     0 185809.920    0  684 185917.500 185809.920  0.06%     -    2s
     0     0 185811.557    0  597 185917.500 185811.557  0.06%     -    2s
     0     0 185811.595    0  689 185917.500 185811.595  0.06%     -    2s
     0     0 185811.605    0  689 185917.500 185811.605  0.06%     -    2s
     0     0 185814.655    0  508 185917.500 185814.655  0.06%     -    2s
     0     0 185817.161    0  549 185917.500 185817.161  0.05%     -    2s
     0     0 185817.179    0  546 185917.500 185817.179  0.05%     -    2s
     0     0 185820.682    0  539 185917.500 185820.682  0.05%     -    2s
     0     0 185820.758    0  338 185917.500 185820.758  0.05%     -    2s
     0     0 185820.758    0  393 185917.500 185820.758  0.05%     -    2s
     0     0 185820.758    0  370 185917.500 185820.758  0.05%     -    2s
     0     0 185820.758    0  352 185917.500 185820.758  0.05%     -    2s
     0     0 185822.178    0  329 185917.500 185822.178  0.05%     -    2s
     0     0 185823.296    0  399 185917.500 185823.296  0.05%     -    2s
     0     0 185823.937    0  406 185917.500 185823.937  0.05%     -    2s
     0     0 185835.381    0  465 185917.500 185835.381  0.04%     -    2s
     0     0 185835.381    0  312 185917.500 185835.381  0.04%     -    2s
     0     0 185835.381    0  349 185917.500 185835.381  0.04%     -    2s
     0     0 185835.381    0  363 185917.500 185835.381  0.04%     -    2s
     0     0 185835.381    0  409 185917.500 185835.381  0.04%     -    2s
     0     0 185835.381    0  434 185917.500 185835.381  0.04%     -    2s
     0     0 185835.381    0  391 185917.500 185835.381  0.04%     -    2s
     0     0 185835.536    0  471 185917.500 185835.536  0.04%     -    2s
     0     0 185835.570    0  464 185917.500 185835.570  0.04%     -    2s
     0     0 185835.725    0  469 185917.500 185835.725  0.04%     -    2s
     0     0 185836.115    0  386 185917.500 185836.115  0.04%     -    2s
     0     0 185836.115    0  390 185917.500 185836.115  0.04%     -    2s
     0     0 185839.116    0  351 185917.500 185839.116  0.04%     -    2s
     0     0 185841.999    0  422 185917.500 185841.999  0.04%     -    2s
     0     0 185842.329    0  423 185917.500 185842.329  0.04%     -    2s
     0     0 185842.493    0  423 185917.500 185842.493  0.04%     -    2s
     0     0 185842.504    0  423 185917.500 185842.504  0.04%     -    2s
     0     0 185901.500    0  442 185917.500 185901.500  0.01%     -    2s

Cutting planes:
  Gomory: 11
  Clique: 14
  MIR: 7
  Zero half: 31
  RLT: 13
  BQP: 30

Explored 1 nodes (47193 simplex iterations) in 2.84 seconds (5.61 work units)
Thread count was 10 (of 10 available processors)

Solution count 1: 185918 

Optimal solution found (tolerance 1.00e-04)
Best objective 1.859175000000e+05, best bound 1.859015000000e+05, gap 0.0086%
Solução ótima encontrada.
Set parameter TimeLimit to value 25200
Set parameter TimeLimit to value 600
Gurobi Optimizer version 10.0.2 build v10.0.2rc0 (mac64[arm])

CPU model: Apple M5
Thread count: 10 physical cores, 10 logical processors, using up to 10 threads

Optimize a model with 548706 rows, 284763 columns and 1341935 nonzeros
Model fingerprint: 0x16ef9fe2
Variable types: 0 continuous, 284763 integer (264707 binary)
Coefficient statistics:
  Matrix range     [1e+00, 8e+01]
  Objective range  [5e-01, 2e+03]
  Bounds range     [1e+00, 1e+00]
  RHS range        [1e+00, 1e+02]

User MIP start produced solution with objective 185918 (0.10s)
Loaded user MIP start with objective 185918
MIP start from previous solve did not produce a new incumbent solution

Presolve removed 508736 rows and 256918 columns
Presolve time: 0.36s
Presolved: 39970 rows, 27845 columns, 120875 nonzeros
Variable types: 0 continuous, 27845 integer (27845 binary)
Deterministic concurrent LP optimizer: primal and dual simplex
Showing first log only...

Concurrent spin time: 0.00s

Solved with dual simplex

Root relaxation: objective 1.854636e+05, 35926 iterations, 2.94 seconds (8.62 work units)

    Nodes    |    Current Node    |     Objective Bounds      |     Work
 Expl Unexpl |  Obj  Depth IntInf | Incumbent    BestBd   Gap | It/Node Time

     0     0 185463.594    0 1605 185917.500 185463.594  0.24%     -    3s
     0     0 185524.962    0 1685 185917.500 185524.962  0.21%     -    5s
     0     0 185525.906    0 1711 185917.500 185525.906  0.21%     -    5s
     0     0 185526.029    0 1741 185917.500 185526.029  0.21%     -    5s
     0     0 185526.050    0 1754 185917.500 185526.050  0.21%     -    5s
     0     0 185553.662    0 1888 185917.500 185553.662  0.20%     -    6s
     0     0 185556.799    0 1904 185917.500 185556.799  0.19%     -    7s
     0     0 185556.999    0 1865 185917.500 185556.999  0.19%     -    7s
     0     0 185556.999    0 1865 185917.500 185556.999  0.19%     -    7s
     0     0 185584.600    0 1795 185917.500 185584.600  0.18%     -    8s
     0     0 185589.679    0 1789 185917.500 185589.679  0.18%     -    9s
     0     0 185589.924    0 1794 185917.500 185589.924  0.18%     -    9s
     0     0 185589.928    0 1813 185917.500 185589.928  0.18%     -    9s
     0     0 185613.780    0 1884 185917.500 185613.780  0.16%     -   11s
     0     0 185618.487    0 1926 185917.500 185618.487  0.16%     -   11s
     0     0 185620.453    0 1901 185917.500 185620.453  0.16%     -   11s
     0     0 185622.775    0 2033 185917.500 185622.775  0.16%     -   12s
     0     0 185622.802    0 1919 185917.500 185622.802  0.16%     -   12s
     0     0 185622.839    0 1924 185917.500 185622.839  0.16%     -   12s
     0     0 185623.031    0 2036 185917.500 185623.031  0.16%     -   12s
     0     0 185623.033    0 2027 185917.500 185623.033  0.16%     -   12s
     0     0 185628.981    0 1941 185917.500 185628.981  0.16%     -   13s
     0     0 185628.981    0 1578 185917.500 185628.981  0.16%     -   16s
H    0     0                    185902.50000 185628.981  0.15%     -   18s
     0     0 185628.981    0 1692 185902.500 185628.981  0.15%     -   18s
     0     0 185632.429    0 1857 185902.500 185632.429  0.15%     -   19s
     0     0 185633.478    0 1725 185902.500 185633.478  0.14%     -   19s
     0     0 185633.580    0 1810 185902.500 185633.580  0.14%     -   19s
     0     0 185633.613    0 1780 185902.500 185633.613  0.14%     -   19s
     0     0 185633.613    0 1781 185902.500 185633.613  0.14%     -   19s
     0     0 185652.922    0 1660 185902.500 185652.922  0.13%     -   20s
     0     0 185654.813    0 1700 185902.500 185654.813  0.13%     -   21s
     0     0 185655.047    0 1724 185902.500 185655.047  0.13%     -   21s
     0     0 185655.226    0 1709 185902.500 185655.226  0.13%     -   21s
     0     0 185655.301    0 1732 185902.500 185655.301  0.13%     -   21s
     0     0 185655.302    0 1740 185902.500 185655.302  0.13%     -   21s
     0     0 185655.351    0 1793 185902.500 185655.351  0.13%     -   21s
     0     0 185655.359    0 1809 185902.500 185655.359  0.13%     -   21s
     0     0 185657.540    0 1755 185902.500 185657.540  0.13%     -   22s
     0     0 185657.698    0 1787 185902.500 185657.698  0.13%     -   22s
     0     0 185659.317    0 1800 185902.500 185659.317  0.13%     -   22s
     0     0 185659.518    0 1814 185902.500 185659.518  0.13%     -   22s
     0     0 185659.528    0 1787 185902.500 185659.528  0.13%     -   22s
     0     0 185659.573    0 1775 185902.500 185659.573  0.13%     -   23s
     0     0 185659.576    0 1776 185902.500 185659.576  0.13%     -   23s
     0     0 185659.924    0 1795 185902.500 185659.924  0.13%     -   23s
     0     0 185659.924    0 1490 185902.500 185659.924  0.13%     -   25s
     0     0 185659.924    0 1437 185902.500 185659.924  0.13%     -   25s
     0     0 185659.924    0 1527 185902.500 185659.924  0.13%     -   28s
     0     0 185659.924    0 1508 185902.500 185659.924  0.13%     -   28s
     0     0 185662.938    0 1557 185902.500 185662.938  0.13%     -   28s
     0     0 185662.984    0 1551 185902.500 185662.984  0.13%     -   28s
     0     0 185663.110    0 1589 185902.500 185663.110  0.13%     -   29s
     0     0 185663.113    0 1591 185902.500 185663.113  0.13%     -   29s
     0     0 185677.779    0 1456 185902.500 185677.779  0.12%     -   30s
     0     0 185678.816    0 1714 185902.500 185678.816  0.12%     -   30s
     0     0 185678.846    0 1540 185902.500 185678.846  0.12%     -   30s
     0     0 185679.116    0 1704 185902.500 185679.116  0.12%     -   30s
     0     0 185679.433    0 1684 185902.500 185679.433  0.12%     -   30s
     0     0 185679.454    0 1684 185902.500 185679.454  0.12%     -   30s
     0     0 185679.460    0 1676 185902.500 185679.460  0.12%     -   30s
     0     0 185687.033    0 1622 185902.500 185687.033  0.12%     -   32s
     0     0 185687.248    0 1552 185902.500 185687.248  0.12%     -   32s
     0     0 185687.661    0 1568 185902.500 185687.661  0.12%     -   32s
     0     0 185687.696    0 1606 185902.500 185687.696  0.12%     -   32s
     0     0 185687.729    0 1633 185902.500 185687.729  0.12%     -   32s
     0     0 185687.729    0 1636 185902.500 185687.729  0.12%     -   32s
     0     0 185700.080    0 1751 185902.500 185700.080  0.11%     -   33s
     0     0 185700.080    0 1751 185902.500 185700.080  0.11%     -   33s
     0     0 185701.290    0 1748 185902.500 185701.290  0.11%     -   33s
     0     0 185701.309    0 1764 185902.500 185701.309  0.11%     -   33s
     0     0 185702.185    0 1601 185902.500 185702.185  0.11%     -   34s
     0     0 185702.205    0 1010 185902.500 185702.205  0.11%     -   36s
     0     0 185702.205    0 1501 185902.500 185702.205  0.11%     -   37s
     0     0 185702.205    0 1482 185902.500 185702.205  0.11%     -   37s
     0     0 185702.205    0 1322 185902.500 185702.205  0.11%     -   38s
     0     0 185702.205    0 1573 185902.500 185702.205  0.11%     -   38s
     0     0 185702.205    0 1463 185902.500 185702.205  0.11%     -   39s
     0     0 185702.205    0 1468 185902.500 185702.205  0.11%     -   39s
     0     0 185702.205    0 1471 185902.500 185702.205  0.11%     -   39s
     0     0 185702.205    0 1457 185902.500 185702.205  0.11%     -   39s
     0     0 185702.205    0 1458 185902.500 185702.205  0.11%     -   39s
     0     0 185709.729    0 1352 185902.500 185709.729  0.10%     -   39s
     0     0 185709.899    0 1402 185902.500 185709.899  0.10%     -   39s
     0     0 185710.401    0 1428 185902.500 185710.401  0.10%     -   40s
     0     0 185712.845    0 1426 185902.500 185712.845  0.10%     -   40s
     0     0 185713.001    0 1489 185902.500 185713.001  0.10%     -   40s
     0     0 185713.131    0 1245 185902.500 185713.131  0.10%     -   40s
     0     0 185713.167    0 1516 185902.500 185713.167  0.10%     -   40s
     0     0 185713.181    0 1514 185902.500 185713.181  0.10%     -   40s
     0     0 185713.880    0 1548 185902.500 185713.880  0.10%     -   41s
     0     0 185713.930    0 1527 185902.500 185713.930  0.10%     -   41s
     0     0 185713.971    0 1556 185902.500 185713.971  0.10%     -   41s
     0     0 185713.977    0 1533 185902.500 185713.977  0.10%     -   41s
     0     0 185713.998    0 1525 185902.500 185713.998  0.10%     -   41s
     0     2 185714.002    0 1525 185902.500 185714.002  0.10%     -   42s
    35    44 185799.622    5 1502 185902.500 185744.829  0.08%  1727   45s
   170   104 185840.993   12 1263 185902.500 185744.829  0.08%   877   50s
   368   141 185749.644    7 1379 185902.500 185748.595  0.08%   773   56s
   469   164 185802.809   14 1248 185902.500 185748.595  0.08%   754   60s
   579   182 185875.636   18 1086 185902.500 185748.595  0.08%   727   66s
   807   245 185869.558   14 1032 185902.500 185749.791  0.08%   697   70s
  1177   315 185846.322   11 1084 185902.500 185801.805  0.05%   678   76s
  1596   357 185855.549   13 1287 185902.500 185811.575  0.05%   653   93s
  1610   374 185845.413   14 1124 185902.500 185812.150  0.05%   654   95s
  2003   379 185860.243   12  930 185902.500 185821.625  0.04%   641  100s
  2550   350 185872.147   11 1165 185902.500 185831.200  0.04%   621  106s
  2847   311 185874.013    6 1212 185902.500 185838.618  0.03%   621  110s
  3132   309 185873.684   11 1278 185902.500 185842.861  0.03%   631  118s
  3182   191 185900.898   12 1225 185902.500 185843.561  0.03%   632  122s

Cutting planes:
  Gomory: 1
  Lift-and-project: 2
  MIR: 1
  Zero half: 68
  RLT: 70
  BQP: 209

Explored 3923 nodes (2604745 simplex iterations) in 124.99 seconds (337.00 work units)
Thread count was 10 (of 10 available processors)

Solution count 2: 185902 185918 

Optimal solution found (tolerance 1.00e-04)
Best objective 1.859025000000e+05, best bound 1.859025000000e+05, gap 0.0000%
Solução ótima encontrada.
Set parameter TimeLimit to value 25200
Set parameter TimeLimit to value 600
Gurobi Optimizer version 10.0.2 build v10.0.2rc0 (mac64[arm])

CPU model: Apple M5
Thread count: 10 physical cores, 10 logical processors, using up to 10 threads

Optimize a model with 548706 rows, 284763 columns and 1341935 nonzeros
Model fingerprint: 0x5e211ef5
Variable types: 0 continuous, 284763 integer (264707 binary)
Coefficient statistics:
  Matrix range     [1e+00, 8e+01]
  Objective range  [5e-01, 2e+03]
  Bounds range     [1e+00, 1e+00]
  RHS range        [1e+00, 1e+02]

User MIP start produced solution with objective 185902 (0.11s)
Loaded user MIP start with objective 185902
MIP start from previous solve did not produce a new incumbent solution

Presolve removed 508943 rows and 254883 columns
Presolve time: 0.35s
Presolved: 39763 rows, 29880 columns, 117667 nonzeros
Variable types: 0 continuous, 29880 integer (29880 binary)
Deterministic concurrent LP optimizer: primal and dual simplex
Showing first log only...

Concurrent spin time: 0.00s

Solved with dual simplex

Root relaxation: objective 1.855461e+05, 20018 iterations, 0.99 seconds (2.32 work units)

    Nodes    |    Current Node    |     Objective Bounds      |     Work
 Expl Unexpl |  Obj  Depth IntInf | Incumbent    BestBd   Gap | It/Node Time

     0     0 185546.125    0 1127 185902.500 185546.125  0.19%     -    1s
     0     0 185592.848    0 1539 185902.500 185592.848  0.17%     -    2s
     0     0 185599.701    0 1545 185902.500 185599.701  0.16%     -    2s
     0     0 185599.731    0 1514 185902.500 185599.731  0.16%     -    2s
     0     0 185627.683    0 1702 185902.500 185627.683  0.15%     -    3s
     0     0 185627.683    0  991 185902.500 185627.683  0.15%     -    4s
     0     0 185627.683    0  931 185902.500 185627.683  0.15%     -    4s
     0     0 185627.683    0 1262 185902.500 185627.683  0.15%     -    5s
     0     0 185635.000    0 1240 185902.500 185635.000  0.14%     -    5s
     0     0 185637.549    0 1472 185902.500 185637.549  0.14%     -    6s
     0     0 185637.774    0 1400 185902.500 185637.774  0.14%     -    6s
     0     0 185637.774    0 1377 185902.500 185637.774  0.14%     -    6s
     0     0 185663.333    0 1428 185902.500 185663.333  0.13%     -    7s
     0     0 185663.667    0 1404 185902.500 185663.667  0.13%     -    7s
     0     0 185663.833    0 1379 185902.500 185663.833  0.13%     -    7s
     0     0 185665.173    0 1468 185902.500 185665.173  0.13%     -    7s
     0     0 185665.418    0 1463 185902.500 185665.418  0.13%     -    7s
     0     0 185665.418    0 1463 185902.500 185665.418  0.13%     -    7s
     0     0 185678.805    0 1531 185902.500 185678.805  0.12%     -    8s
     0     0 185678.805    0  926 185902.500 185678.805  0.12%     -    8s
     0     0 185678.805    0  950 185902.500 185678.805  0.12%     -    9s
     0     0 185678.805    0 1202 185902.500 185678.805  0.12%     -    9s
     0     0 185678.805    0 1201 185902.500 185678.805  0.12%     -    9s
     0     0 185683.292    0 1195 185902.500 185683.292  0.12%     -    9s
     0     0 185684.219    0 1203 185902.500 185684.219  0.12%     -    9s
     0     0 185684.298    0 1205 185902.500 185684.298  0.12%     -    9s
     0     0 185688.887    0 1102 185902.500 185688.887  0.11%     -   10s
     0     0 185689.316    0 1126 185902.500 185689.316  0.11%     -   10s
     0     0 185689.390    0 1145 185902.500 185689.390  0.11%     -   10s
     0     0 185689.408    0 1100 185902.500 185689.408  0.11%     -   10s
     0     0 185692.155    0 1413 185902.500 185692.155  0.11%     -   10s
     0     0 185693.662    0 1316 185902.500 185693.662  0.11%     -   10s
     0     0 185693.722    0 1363 185902.500 185693.722  0.11%     -   10s
     0     0 185693.725    0 1407 185902.500 185693.725  0.11%     -   10s
     0     0 185697.095    0 1313 185902.500 185697.095  0.11%     -   10s
     0     0 185697.461    0 1251 185902.500 185697.461  0.11%     -   10s
     0     0 185697.469    0 1239 185902.500 185697.469  0.11%     -   10s
     0     0 185698.050    0 1103 185902.500 185698.050  0.11%     -   11s
     0     2 185698.057    0 1097 185902.500 185698.057  0.11%     -   11s
   405   189 185780.500   12  945 185902.500 185726.542  0.09%   273   20s
   741   339 185820.125   12 1029 185902.500 185727.142  0.09%   269   27s
   757   346 185767.625   10 1186 185902.500 185727.142  0.09%   268   36s
  1825   756 185780.500   10 1013 185902.500 185738.250  0.09%   282   40s
  3287  1171 185857.500   22  395 185902.500 185759.500  0.08%   285   45s
  4946  1520 185779.250   12 1702 185902.500 185771.792  0.07%   288   50s
  5125  1684 185849.875   31  847 185902.500 185771.792  0.07%   299   55s
  5818  1806 185771.792   33 1008 185902.500 185771.792  0.07%   301   60s
  7428  2267 185771.792   42  972 185902.500 185771.792  0.07%   305   65s
  8578  2169 185771.792   35  893 185902.500 185771.792  0.07%   304   75s
  8940  2540 185795.793   45  826 185902.500 185771.792  0.07%   305   81s
 10559  3053     cutoff   48      185902.500 185771.792  0.07%   308   86s
 11430  3051     cutoff   44      185902.500 185771.792  0.07%   310   91s
 12393  3867 185856.300   36  663 185902.500 185771.792  0.07%   311   96s
 14289  4679 185827.500   47  619 185902.500 185771.792  0.07%   315  101s
 16338  5601 185771.792   40  786 185902.500 185771.792  0.07%   317  108s
 17784  5945 185828.500   48  575 185902.500 185771.792  0.07%   320  111s
 19793  6789 infeasible   50      185902.500 185771.792  0.07%   324  116s
 22079  7484     cutoff   47      185902.500 185771.792  0.07%   327  122s
 23323  7945 185771.792   39  780 185902.500 185771.792  0.07%   327  126s
 25947  8929 185776.200   40  710 185902.500 185771.792  0.07%   329  133s
 27270  9392     cutoff   39      185902.500 185771.792  0.07%   330  136s
 28625  9751     cutoff   46      185902.500 185771.792  0.07%   331  140s
 31154 10697     cutoff   54      185902.500 185771.792  0.07%   332  148s
 32610 10698 185773.833   42 1702 185902.500 185771.792  0.07%   333  152s
 32946 10798 185858.083   54  492 185902.500 185771.792  0.07%   332  155s
 33787 10980 185861.167   66  561 185902.500 185771.792  0.07%   327  160s
 35896 11372 185783.601   60  869 185902.500 185771.792  0.07%   317  165s
 38577 11393 185902.167   64  469 185902.500 185771.792  0.07%   308  172s
 39615 11817 185771.792   79 1024 185902.500 185771.792  0.07%   304  175s
 41509 12015     cutoff   60      185902.500 185771.792  0.07%   298  181s
 44370 12173     cutoff   57      185902.500 185771.792  0.07%   291  186s
 47580 12199 185848.745   81  671 185902.500 185771.792  0.07%   283  192s
 49797 12183     cutoff   57      185902.500 185771.792  0.07%   279  196s
 51932 11884     cutoff   74      185902.500 185771.792  0.07%   276  202s
 52900 11940 185790.323   66  879 185902.500 185771.792  0.07%   274  206s
 56173 11782     cutoff   62      185902.500 185771.792  0.07%   270  213s
 57522 11630 infeasible   69      185902.500 185771.792  0.07%   268  216s
 60837 11076     cutoff   58      185902.500 185772.045  0.07%   265  223s
 61666 11094 185846.333   58  455 185902.500 185772.713  0.07%   264  226s
 63315 10817     cutoff   81      185902.500 185773.754  0.07%   262  230s
 66362 11055     cutoff   67      185902.500 185775.607  0.07%   261  237s
 68141 11364 185837.667   74  655 185902.500 185776.949  0.07%   259  240s
 71045 11888 185786.059   57  729 185902.500 185778.319  0.07%   257  245s
 73886 12580 185825.819   70  668 185902.500 185780.210  0.07%   255  251s
 76972 12940 185820.526   55  712 185902.500 185781.750  0.06%   253  257s
 77029 13047 185829.095   56  589 185902.500 185781.869  0.06%   253  260s
 79328 13761 185844.014   68  644 185902.500 185783.232  0.06%   252  267s
 81051 14012 185795.663   89 1020 185902.500 185784.150  0.06%   252  270s
 84625 14659 185857.708   62  517 185902.500 185785.864  0.06%   251  276s
 87479 15000 185877.833   70  564 185902.500 185787.667  0.06%   251  283s
 88115 15291     cutoff   54      185902.500 185787.931  0.06%   251  286s
 91509 15786 185815.717   69  699 185902.500 185789.963  0.06%   250  292s
 93152 15984     cutoff   62      185902.500 185790.633  0.06%   250  295s
 96360 16663 185844.583   68  523 185902.500 185792.417  0.06%   249  301s
 99658 17143 185849.773   68  254 185902.500 185794.167  0.06%   249  307s
 101500 17334 185846.667   74  461 185902.500 185795.097  0.06%   248  310s
 104537 17774 185832.733   71  385 185902.500 185796.233  0.06%   248  315s
 107350 18222 185844.714   51  699 185902.500 185797.300  0.06%   247  321s
 108974 18378     cutoff   69      185902.500 185798.269  0.06%   247  325s
 112004 18719 185838.993   71  683 185902.500 185799.469  0.06%   246  331s
 113887 19096 185839.179   77  654 185902.500 185799.833  0.06%   246  337s
 115542 19482 infeasible   68      185902.500 185800.680  0.05%   246  340s
 118638 20055 185852.667   75  593 185902.500 185802.135  0.05%   245  348s
 121272 20223 185809.348   64  752 185902.500 185803.173  0.05%   244  351s
 124684 20704     cutoff   62      185902.500 185804.435  0.05%   244  357s
 126228 20964 infeasible   68      185902.500 185804.947  0.05%   244  360s
 129527 21257 185842.687   84  667 185902.500 185805.875  0.05%   243  366s
 132209 21780 185846.619   98  698 185902.500 185806.833  0.05%   243  372s
 133939 21983 185810.693   58  618 185902.500 185807.417  0.05%   242  375s
 136124 22025 185850.333   66  564 185902.500 185808.011  0.05%   242  381s
 136400 22116 185843.667   71  663 185902.500 185808.072  0.05%   242  385s
 138434 22279 185830.457   89  712 185902.500 185808.761  0.05%   242  390s
 141925 22601 infeasible   50      185902.500 185809.952  0.05%   242  396s
 145362 22803 infeasible   65      185902.500 185810.972  0.05%   241  403s
 146982 22910 infeasible   62      185902.500 185811.480  0.05%   241  406s
 150321 23148 185831.867   69  533 185902.500 185812.375  0.05%   240  412s
 152248 23223 infeasible   65      185902.500 185813.121  0.05%   240  415s
 155087 23305     cutoff   89      185902.500 185813.798  0.05%   240  420s
 158111 23363 185842.292   84  595 185902.500 185814.916  0.05%   240  425s
 160425 23264 infeasible   60      185902.500 185815.428  0.05%   240  431s
 163444 23233     cutoff   62      185902.500 185816.647  0.05%   240  437s
 163465 23225 185818.981   55  779 185902.500 185816.667  0.05%   240  440s
 166826 23150 185855.650   54  665 185902.500 185817.673  0.05%   239  445s
 170118 23106 185898.078   82  688 185902.500 185818.601  0.05%   239  450s
 172581 23093 185821.526   52  751 185902.500 185819.188  0.04%   239  457s
 175934 23052 185822.833   68  512 185902.500 185820.321  0.04%   238  462s
 178443 22949 185898.056   59  597 185902.500 185820.894  0.04%   238  467s
 180173 22904     cutoff   48      185902.500 185821.338  0.04%   238  470s
 182947 22627 185852.104   87  631 185902.500 185822.212  0.04%   238  476s
 186282 22370 185831.113   72  255 185902.500 185823.200  0.04%   238  481s
 189752 22251     cutoff   51      185902.500 185824.113  0.04%   237  487s
 191809 22252 185846.825   81  628 185902.500 185824.583  0.04%   237  490s
 194143 21850     cutoff   65      185902.500 185825.250  0.04%   236  496s
 197629 21591     cutoff   72      185902.500 185826.230  0.04%   236  501s
 200710 21272 infeasible   70      185902.500 185827.000  0.04%   236  507s
 204220 21025 185832.060   87  715 185902.500 185827.833  0.04%   235  512s
 207362 20743 185842.459   80  641 185902.500 185828.686  0.04%   235  518s
 207416 20568 185844.000   81  644 185902.500 185828.700  0.04%   235  522s
 208519 20331     cutoff   67      185902.500 185828.750  0.04%   235  525s
 212109 19973     cutoff   50      185902.500 185829.869  0.04%   234  530s
 215026 19625 185833.187   69  670 185902.500 185830.598  0.04%   234  536s
 218826 19277 infeasible   77      185902.500 185831.359  0.04%   233  542s
 221281 18831 infeasible   57      185902.500 185831.717  0.04%   232  547s
 223160 18525 185845.347   58  667 185902.500 185832.429  0.04%   232  550s
 226083 18223     cutoff   74      185902.500 185833.208  0.04%   232  556s
 229492 17522     cutoff   69      185902.500 185834.095  0.04%   231  562s
 233092 16929 185839.673   79  634 185902.500 185834.708  0.04%   230  567s
 234942 16793     cutoff   67      185902.500 185835.333  0.04%   230  570s
 238903 16456     cutoff   80      185902.500 185835.854  0.04%   228  577s
 242875 15949     cutoff   55      185902.500 185836.375  0.04%   227  581s
 246097 15254     cutoff   76      185902.500 185836.983  0.04%   227  586s
 248888 14698 infeasible   64      185902.500 185837.654  0.03%   226  592s
 253169 13772 infeasible   67      185902.500 185838.792  0.03%   225  597s
 255319 13414     cutoff   48      185902.500 185839.278  0.03%   224  600s

Cutting planes:
  Gomory: 6
  MIR: 5
  StrongCG: 2
  Flow cover: 14
  Inf proof: 1
  Zero half: 120
  RLT: 37
  BQP: 183

Explored 256610 nodes (57641298 simplex iterations) in 600.17 seconds (1053.01 work units)
Thread count was 10 (of 10 available processors)

Solution count 1: 185902 

Time limit reached
Best objective 1.859025000000e+05, best bound 1.858392916667e+05, gap 0.0340%
Solução -> não <- ótima.
Set parameter TimeLimit to value 25200
Set parameter TimeLimit to value 600
Gurobi Optimizer version 10.0.2 build v10.0.2rc0 (mac64[arm])

CPU model: Apple M5
Thread count: 10 physical cores, 10 logical processors, using up to 10 threads

Optimize a model with 548706 rows, 284763 columns and 1341935 nonzeros
Model fingerprint: 0x58bac1ba
Variable types: 0 continuous, 284763 integer (264707 binary)
Coefficient statistics:
  Matrix range     [1e+00, 8e+01]
  Objective range  [5e-01, 2e+03]
  Bounds range     [1e+00, 1e+00]
  RHS range        [1e+00, 1e+02]

User MIP start produced solution with objective 185902 (0.12s)
Loaded user MIP start with objective 185902
MIP start from previous solve did not produce a new incumbent solution

Presolve removed 543073 rows and 280098 columns
Presolve time: 0.17s
Presolved: 5633 rows, 4665 columns, 16015 nonzeros
Variable types: 0 continuous, 4665 integer (4665 binary)

Root relaxation: cutoff, 1062 iterations, 0.01 seconds (0.01 work units)

    Nodes    |    Current Node    |     Objective Bounds      |     Work
 Expl Unexpl |  Obj  Depth IntInf | Incumbent    BestBd   Gap | It/Node Time

     0     0     cutoff    0      185902.500 185902.500  0.00%     -    0s

Explored 1 nodes (1062 simplex iterations) in 0.32 seconds (0.88 work units)
Thread count was 10 (of 10 available processors)

Solution count 1: 185902 

Optimal solution found (tolerance 1.00e-04)
Best objective 1.859025000000e+05, best bound 1.859025000000e+05, gap 0.0000%
Solução ótima encontrada.
Set parameter TimeLimit to value 25200
Set parameter TimeLimit to value 600
Gurobi Optimizer version 10.0.2 build v10.0.2rc0 (mac64[arm])

CPU model: Apple M5
Thread count: 10 physical cores, 10 logical processors, using up to 10 threads

Optimize a model with 548706 rows, 284763 columns and 1341935 nonzeros
Model fingerprint: 0x26abd752
Variable types: 0 continuous, 284763 integer (264707 binary)
Coefficient statistics:
  Matrix range     [1e+00, 8e+01]
  Objective range  [5e-01, 2e+03]
  Bounds range     [1e+00, 1e+00]
  RHS range        [1e+00, 1e+02]

User MIP start produced solution with objective 185902 (0.10s)
Loaded user MIP start with objective 185902
MIP start from previous solve did not produce a new incumbent solution

Presolve removed 540250 rows and 277458 columns
Presolve time: 0.19s
Presolved: 8456 rows, 7305 columns, 24642 nonzeros
Variable types: 0 continuous, 7305 integer (7305 binary)

Root relaxation: objective 1.858975e+05, 2221 iterations, 0.03 seconds (0.06 work units)

    Nodes    |    Current Node    |     Objective Bounds      |     Work
 Expl Unexpl |  Obj  Depth IntInf | Incumbent    BestBd   Gap | It/Node Time

     0     0 185897.500    0   58 185902.500 185897.500  0.00%     -    0s

Explored 1 nodes (2530 simplex iterations) in 0.36 seconds (1.04 work units)
Thread count was 10 (of 10 available processors)

Solution count 1: 185902 

Optimal solution found (tolerance 1.00e-04)
Best objective 1.859025000000e+05, best bound 1.858975000000e+05, gap 0.0027%
Solução ótima encontrada.
Set parameter TimeLimit to value 25200
Set parameter TimeLimit to value 600
Gurobi Optimizer version 10.0.2 build v10.0.2rc0 (mac64[arm])

CPU model: Apple M5
Thread count: 10 physical cores, 10 logical processors, using up to 10 threads

Optimize a model with 548706 rows, 284763 columns and 1341935 nonzeros
Model fingerprint: 0x664aae09
Variable types: 0 continuous, 284763 integer (264707 binary)
Coefficient statistics:
  Matrix range     [1e+00, 8e+01]
  Objective range  [5e-01, 2e+03]
  Bounds range     [1e+00, 1e+00]
  RHS range        [1e+00, 1e+02]

User MIP start produced solution with objective 185902 (0.10s)
Loaded user MIP start with objective 185902
MIP start from previous solve did not produce a new incumbent solution

Presolve removed 531948 rows and 271856 columns
Presolve time: 0.23s
Presolved: 16758 rows, 12907 columns, 50167 nonzeros
Variable types: 0 continuous, 12907 integer (12907 binary)

Root relaxation: objective 1.854019e+05, 21880 iterations, 1.15 seconds (3.15 work units)

    Nodes    |    Current Node    |     Objective Bounds      |     Work
 Expl Unexpl |  Obj  Depth IntInf | Incumbent    BestBd   Gap | It/Node Time

     0     0 185401.875    0  757 185902.500 185401.875  0.27%     -    2s
     0     0 185473.333    0 1179 185902.500 185473.333  0.23%     -    3s
     0     0 185473.333    0 1156 185902.500 185473.333  0.23%     -    3s
     0     0 185473.333    0 1157 185902.500 185473.333  0.23%     -    3s
     0     0 185571.587    0 1433 185902.500 185571.587  0.18%     -    4s
     0     0 185571.587    0  702 185902.500 185571.587  0.18%     -    5s
     0     0 185571.587    0 1069 185902.500 185571.587  0.18%     -    6s
     0     0 185575.000    0 1048 185902.500 185575.000  0.18%     -    6s
     0     0 185575.393    0 1019 185902.500 185575.393  0.18%     -    6s
     0     0 185615.908    0 1281 185902.500 185615.908  0.15%     -    6s
     0     0 185624.898    0 1232 185902.500 185624.898  0.15%     -    7s
     0     0 185625.670    0 1130 185902.500 185625.670  0.15%     -    7s
     0     0 185625.705    0 1121 185902.500 185625.705  0.15%     -    7s
     0     0 185625.719    0 1153 185902.500 185625.719  0.15%     -    7s
     0     0 185633.917    0  761 185902.500 185633.917  0.14%     -    8s
     0     0 185635.587    0 1077 185902.500 185635.587  0.14%     -    8s
     0     0 185636.056    0  994 185902.500 185636.056  0.14%     -    8s
     0     0 185636.056    0  994 185902.500 185636.056  0.14%     -    8s
     0     0 185643.230    0 1084 185902.500 185643.230  0.14%     -    8s
     0     0 185644.974    0 1078 185902.500 185644.974  0.14%     -    8s
     0     0 185645.734    0 1156 185902.500 185645.734  0.14%     -    8s
     0     0 185646.250    0 1049 185902.500 185646.250  0.14%     -    8s
     0     0 185646.425    0 1165 185902.500 185646.425  0.14%     -    8s
     0     0 185646.427    0 1206 185902.500 185646.427  0.14%     -    8s
     0     0 185652.291    0 1137 185902.500 185652.291  0.13%     -    9s
     0     0 185652.374    0  548 185902.500 185652.374  0.13%     -   10s
     0     0 185652.374    0  914 185902.500 185652.374  0.13%     -   11s
     0     0 185652.374    0  952 185902.500 185652.374  0.13%     -   11s
     0     0 185652.374    0  887 185902.500 185652.374  0.13%     -   11s
     0     0 185653.722    0  993 185902.500 185653.722  0.13%     -   11s
     0     0 185654.877    0  929 185902.500 185654.877  0.13%     -   11s
     0     0 185654.942    0  931 185902.500 185654.942  0.13%     -   11s
     0     0 185654.942    0  936 185902.500 185654.942  0.13%     -   11s
     0     0 185659.104    0 1127 185902.500 185659.104  0.13%     -   11s
     0     0 185660.595    0 1019 185902.500 185660.595  0.13%     -   12s
     0     0 185660.745    0 1080 185902.500 185660.745  0.13%     -   12s
     0     0 185660.926    0 1029 185902.500 185660.926  0.13%     -   12s
     0     0 185660.955    0 1032 185902.500 185660.955  0.13%     -   12s
     0     0 185661.000    0 1002 185902.500 185661.000  0.13%     -   12s
     0     0 185663.381    0  921 185902.500 185663.381  0.13%     -   12s
     0     0 185664.251    0  868 185902.500 185664.251  0.13%     -   12s
     0     0 185664.440    0  906 185902.500 185664.440  0.13%     -   12s
     0     0 185664.441    0  894 185902.500 185664.441  0.13%     -   12s
     0     0 185666.305    0 1004 185902.500 185666.305  0.13%     -   12s
     0     0 185666.778    0 1063 185902.500 185666.778  0.13%     -   12s
     0     0 185666.805    0 1015 185902.500 185666.805  0.13%     -   12s
     0     0 185666.824    0  997 185902.500 185666.824  0.13%     -   12s
     0     0 185667.048    0  915 185902.500 185667.048  0.13%     -   12s
     0     2 185667.058    0  915 185902.500 185667.058  0.13%     -   13s
    71    65 185739.048    5  763 185902.500 185697.374  0.11%   755   15s
   622   287     cutoff   15      185902.500 185705.929  0.11%   300   20s
  1875   999 185839.427   13  568 185902.500 185727.026  0.09%   239   25s
  2201  1133     cutoff   22      185902.500 185735.031  0.09%   229   30s
  3533  1559 185831.974   16  730 185902.500 185739.229  0.09%   215   35s
  3654  1647 infeasible   59      185902.500 185776.000  0.07%   225   40s

Cutting planes:
  Gomory: 1
  Cover: 2
  Implied bound: 12
  Clique: 21
  MIR: 8
  Flow cover: 16
  Zero half: 52
  RLT: 170
  BQP: 204

Explored 5784 nodes (1151468 simplex iterations) in 45.01 seconds (97.96 work units)
Thread count was 10 (of 10 available processors)

Solution count 1: 185902 

Optimal solution found (tolerance 1.00e-04)
Best objective 1.859025000000e+05, best bound 1.859025000000e+05, gap 0.0000%
Solução ótima encontrada.
Set parameter TimeLimit to value 25200
Set parameter TimeLimit to value 600
Gurobi Optimizer version 10.0.2 build v10.0.2rc0 (mac64[arm])

CPU model: Apple M5
Thread count: 10 physical cores, 10 logical processors, using up to 10 threads

Optimize a model with 548706 rows, 284763 columns and 1341935 nonzeros
Model fingerprint: 0x3d7cb029
Variable types: 0 continuous, 284763 integer (264707 binary)
Coefficient statistics:
  Matrix range     [1e+00, 8e+01]
  Objective range  [5e-01, 2e+03]
  Bounds range     [1e+00, 1e+00]
  RHS range        [1e+00, 1e+02]

User MIP start produced solution with objective 185902 (0.11s)
Loaded user MIP start with objective 185902
MIP start from previous solve did not produce a new incumbent solution

Presolve removed 540137 rows and 277681 columns
Presolve time: 0.19s
Presolved: 8569 rows, 7082 columns, 25046 nonzeros
Variable types: 0 continuous, 7082 integer (7082 binary)

Root relaxation: objective 1.858875e+05, 2671 iterations, 0.03 seconds (0.06 work units)

    Nodes    |    Current Node    |     Objective Bounds      |     Work
 Expl Unexpl |  Obj  Depth IntInf | Incumbent    BestBd   Gap | It/Node Time

     0     0 185887.500    0  240 185902.500 185887.500  0.01%     -    0s

Explored 1 nodes (3627 simplex iterations) in 0.38 seconds (1.06 work units)
Thread count was 10 (of 10 available processors)

Solution count 1: 185902 

Optimal solution found (tolerance 1.00e-04)
Best objective 1.859025000000e+05, best bound 1.858875000000e+05, gap 0.0081%
Solução ótima encontrada.
Set parameter TimeLimit to value 25200
Set parameter TimeLimit to value 600
Gurobi Optimizer version 10.0.2 build v10.0.2rc0 (mac64[arm])

CPU model: Apple M5
Thread count: 10 physical cores, 10 logical processors, using up to 10 threads

Optimize a model with 548706 rows, 284763 columns and 1341935 nonzeros
Model fingerprint: 0xd54455ea
Variable types: 0 continuous, 284763 integer (264707 binary)
Coefficient statistics:
  Matrix range     [1e+00, 8e+01]
  Objective range  [5e-01, 2e+03]
  Bounds range     [1e+00, 1e+00]
  RHS range        [1e+00, 1e+02]

User MIP start produced solution with objective 185902 (0.10s)
Loaded user MIP start with objective 185902
MIP start from previous solve did not produce a new incumbent solution

Presolve removed 528944 rows and 269986 columns
Presolve time: 0.24s
Presolved: 19762 rows, 14777 columns, 56495 nonzeros
Variable types: 0 continuous, 14777 integer (14777 binary)

Root relaxation: objective 1.858622e+05, 11841 iterations, 0.37 seconds (0.87 work units)

    Nodes    |    Current Node    |     Objective Bounds      |     Work
 Expl Unexpl |  Obj  Depth IntInf | Incumbent    BestBd   Gap | It/Node Time

     0     0 185862.204    0  739 185902.500 185862.204  0.02%     -    0s

Explored 1 nodes (14906 simplex iterations) in 0.81 seconds (2.21 work units)
Thread count was 10 (of 10 available processors)

Solution count 1: 185902 

Optimal solution found (tolerance 1.00e-04)
Best objective 1.859025000000e+05, best bound 1.859025000000e+05, gap 0.0000%
Solução ótima encontrada.
Set parameter TimeLimit to value 25200
Set parameter TimeLimit to value 600
Gurobi Optimizer version 10.0.2 build v10.0.2rc0 (mac64[arm])

CPU model: Apple M5
Thread count: 10 physical cores, 10 logical processors, using up to 10 threads

Optimize a model with 548706 rows, 284763 columns and 1341935 nonzeros
Model fingerprint: 0x5efd2260
Variable types: 0 continuous, 284763 integer (264707 binary)
Coefficient statistics:
  Matrix range     [1e+00, 8e+01]
  Objective range  [5e-01, 2e+03]
  Bounds range     [1e+00, 1e+00]
  RHS range        [1e+00, 1e+02]

User MIP start produced solution with objective 185902 (0.10s)
Loaded user MIP start with objective 185902
MIP start from previous solve did not produce a new incumbent solution

Presolve removed 524720 rows and 265525 columns
Presolve time: 0.27s
Presolved: 23986 rows, 19238 columns, 70636 nonzeros
Variable types: 0 continuous, 19238 integer (19238 binary)

Root relaxation: objective 1.857910e+05, 11659 iterations, 0.41 seconds (1.06 work units)

    Nodes    |    Current Node    |     Objective Bounds      |     Work
 Expl Unexpl |  Obj  Depth IntInf | Incumbent    BestBd   Gap | It/Node Time

     0     0 185791.000    0  324 185902.500 185791.000  0.06%     -    1s
     0     0 185791.000    0  324 185902.500 185791.000  0.06%     -    1s
     0     0 185791.000    0  142 185902.500 185791.000  0.06%     -    1s
     0     0 185791.000    0  168 185902.500 185791.000  0.06%     -    1s
     0     0 185791.167    0  307 185902.500 185791.167  0.06%     -    1s
     0     0 185791.167    0  325 185902.500 185791.167  0.06%     -    1s
     0     0 185791.400    0  353 185902.500 185791.400  0.06%     -    1s
     0     0 185791.400    0  366 185902.500 185791.400  0.06%     -    1s
     0     0 185791.400    0  365 185902.500 185791.400  0.06%     -    1s
     0     0 185791.400    0  365 185902.500 185791.400  0.06%     -    1s
     0     0 185791.400    0  336 185902.500 185791.400  0.06%     -    1s
     0     2 185791.500    0  336 185902.500 185791.500  0.06%     -    1s
   611   307 infeasible   28      185902.500 185792.050  0.06%  62.7    5s
  4431  1781 185884.500   26  146 185902.500 185813.391  0.05%  65.2   10s
 11267  2773     cutoff   47      185902.500 185821.500  0.04%  77.6   15s
 25359  6973 185831.679   46  194 185902.500 185824.500  0.04%  82.1   20s
 34019  9469 185873.875   40  182 185902.500 185826.000  0.04%  83.5   25s
 49455 11914     cutoff   52      185902.500 185828.000  0.04%  84.6   30s
 59322 13270 185832.000   40  118 185902.500 185829.077  0.04%  85.2   35s
 74703 14786 185832.000   38   38 185902.500 185831.071  0.04%  85.1   40s
 83583 15347 185850.250   39  166 185902.500 185832.000  0.04%  85.4   45s
 95450 15541 185846.700   53  176 185902.500 185833.600  0.04%  85.3   50s
 111624 15138 185852.083   44  203 185902.500 185835.750  0.04%  85.4   55s
 125814 14127 infeasible   52      185902.500 185837.750  0.03%  85.3   61s
 135407 12509 185846.792   50  206 185902.500 185839.100  0.03%  85.2   65s
 150796  8584     cutoff   54      185902.500 185842.000  0.03%  85.4   70s
 161092  3577     cutoff   49      185902.500 185845.250  0.03%  85.6   75s

Cutting planes:
  Gomory: 4
  Clique: 2
  MIR: 5
  Flow cover: 4
  Inf proof: 1
  Zero half: 36
  RLT: 22
  BQP: 124

Explored 168564 nodes (14404223 simplex iterations) in 76.86 seconds (123.45 work units)
Thread count was 10 (of 10 available processors)

Solution count 1: 185902 

Optimal solution found (tolerance 1.00e-04)
Best objective 1.859025000000e+05, best bound 1.859025000000e+05, gap 0.0000%
Solução ótima encontrada.
Set parameter TimeLimit to value 25200
Set parameter TimeLimit to value 600
Gurobi Optimizer version 10.0.2 build v10.0.2rc0 (mac64[arm])

CPU model: Apple M5
Thread count: 10 physical cores, 10 logical processors, using up to 10 threads

Optimize a model with 548706 rows, 284763 columns and 1341935 nonzeros
Model fingerprint: 0xd7034267
Variable types: 0 continuous, 284763 integer (264707 binary)
Coefficient statistics:
  Matrix range     [1e+00, 8e+01]
  Objective range  [5e-01, 2e+03]
  Bounds range     [1e+00, 1e+00]
  RHS range        [1e+00, 1e+02]

User MIP start produced solution with objective 185902 (0.11s)
Loaded user MIP start with objective 185902
MIP start from previous solve did not produce a new incumbent solution

Presolve removed 538054 rows and 275759 columns
Presolve time: 0.20s
Presolved: 10652 rows, 9004 columns, 30630 nonzeros
Variable types: 0 continuous, 9004 integer (9004 binary)

Root relaxation: objective 1.858975e+05, 2637 iterations, 0.03 seconds (0.06 work units)

    Nodes    |    Current Node    |     Objective Bounds      |     Work
 Expl Unexpl |  Obj  Depth IntInf | Incumbent    BestBd   Gap | It/Node Time

     0     0 185897.500    0   74 185902.500 185897.500  0.00%     -    0s

Explored 1 nodes (3327 simplex iterations) in 0.37 seconds (1.09 work units)
Thread count was 10 (of 10 available processors)

Solution count 1: 185902 

Optimal solution found (tolerance 1.00e-04)
Best objective 1.859025000000e+05, best bound 1.858975000000e+05, gap 0.0027%
Solução ótima encontrada.
Set parameter TimeLimit to value 25200
Set parameter TimeLimit to value 600
Gurobi Optimizer version 10.0.2 build v10.0.2rc0 (mac64[arm])

CPU model: Apple M5
Thread count: 10 physical cores, 10 logical processors, using up to 10 threads

Optimize a model with 548706 rows, 284763 columns and 1341935 nonzeros
Model fingerprint: 0x61007205
Variable types: 0 continuous, 284763 integer (264707 binary)
Coefficient statistics:
  Matrix range     [1e+00, 8e+01]
  Objective range  [5e-01, 2e+03]
  Bounds range     [1e+00, 1e+00]
  RHS range        [1e+00, 1e+02]

User MIP start produced solution with objective 185902 (0.10s)
Loaded user MIP start with objective 185902
MIP start from previous solve did not produce a new incumbent solution

Presolve removed 532182 rows and 271580 columns
Presolve time: 0.24s
Presolved: 16524 rows, 13183 columns, 48558 nonzeros
Variable types: 0 continuous, 13183 integer (13183 binary)

Root relaxation: objective 1.854137e+05, 11355 iterations, 0.42 seconds (1.14 work units)

    Nodes    |    Current Node    |     Objective Bounds      |     Work
 Expl Unexpl |  Obj  Depth IntInf | Incumbent    BestBd   Gap | It/Node Time

     0     0 185413.700    0  753 185902.500 185413.700  0.26%     -    1s
     0     0 185455.500    0  888 185902.500 185455.500  0.24%     -    1s
     0     0 185456.300    0  868 185902.500 185456.300  0.24%     -    1s
     0     0 185458.375    0  799 185902.500 185458.375  0.24%     -    1s
     0     0 185469.922    0 1258 185902.500 185469.922  0.23%     -    2s
     0     0 185469.922    0  782 185902.500 185469.922  0.23%     -    3s
     0     0 185469.922    0 1068 185902.500 185469.922  0.23%     -    4s
     0     0 185476.149    0 1356 185902.500 185476.149  0.23%     -    4s
     0     0 185476.357    0 1294 185902.500 185476.357  0.23%     -    4s
     0     0 185510.400    0  935 185902.500 185510.400  0.21%     -    4s
     0     0 185513.141    0  959 185902.500 185513.141  0.21%     -    4s
     0     0 185515.211    0  930 185902.500 185515.211  0.21%     -    4s
     0     0 185515.226    0  911 185902.500 185515.226  0.21%     -    4s
     0     0 185525.324    0  844 185902.500 185525.324  0.20%     -    5s
     0     0 185526.492    0 1104 185902.500 185526.492  0.20%     -    5s
     0     0 185526.757    0 1015 185902.500 185526.757  0.20%     -    5s
     0     0 185526.757    0 1015 185902.500 185526.757  0.20%     -    5s
     0     0 185537.262    0 1007 185902.500 185537.262  0.20%     -    5s
     0     0 185539.389    0 1084 185902.500 185539.389  0.20%     -    5s
     0     0 185539.767    0  977 185902.500 185539.767  0.20%     -    5s
     0     0 185539.833    0  989 185902.500 185539.833  0.20%     -    6s
     0     0 185539.992    0 1185 185902.500 185539.992  0.19%     -    6s
     0     0 185540.091    0 1129 185902.500 185540.091  0.19%     -    6s
     0     0 185540.108    0 1144 185902.500 185540.108  0.19%     -    6s
     0     0 185542.897    0  983 185902.500 185542.897  0.19%     -    6s
     0     2 185542.899    0  978 185902.500 185542.899  0.19%     -    6s
H   81    92                    185893.50000 185548.486  0.19%   949    9s
H   84    92                    185879.50000 185548.486  0.18%   927    9s
H   86    92                    185826.00000 185548.486  0.15%   929    9s
   105   108 185708.269   10  369 185826.000 185548.486  0.15%   836   10s
H  124   115                    185815.50000 185548.486  0.14%   792   10s
   536   336 infeasible   12      185815.500 185575.000  0.13%   511   15s
   950   562 185782.650   30  344 185815.500 185581.783  0.13%   452   25s
  1676   907 185786.083   20  681 185815.500 185705.750  0.06%   400   30s

Cutting planes:
  Gomory: 1
  Cover: 1
  Implied bound: 3
  Clique: 20
  MIR: 8
  Flow cover: 8
  Inf proof: 1
  Zero half: 21
  Mod-K: 1
  RLT: 99
  BQP: 187

Explored 2497 nodes (848204 simplex iterations) in 34.81 seconds (71.79 work units)
Thread count was 10 (of 10 available processors)

Solution count 5: 185816 185826 185880 ... 185902

Optimal solution found (tolerance 1.00e-04)
Best objective 1.858155000000e+05, best bound 1.858155000000e+05, gap 0.0000%
Solução ótima encontrada.
Set parameter TimeLimit to value 25200
Set parameter TimeLimit to value 600
Gurobi Optimizer version 10.0.2 build v10.0.2rc0 (mac64[arm])

CPU model: Apple M5
Thread count: 10 physical cores, 10 logical processors, using up to 10 threads

Optimize a model with 548706 rows, 284763 columns and 1341935 nonzeros
Model fingerprint: 0x9f0bebf1
Variable types: 0 continuous, 284763 integer (264707 binary)
Coefficient statistics:
  Matrix range     [1e+00, 8e+01]
  Objective range  [5e-01, 2e+03]
  Bounds range     [1e+00, 1e+00]
  RHS range        [1e+00, 1e+02]

User MIP start produced solution with objective 185816 (0.11s)
Loaded user MIP start with objective 185816
MIP start from previous solve did not produce a new incumbent solution

Presolve removed 538839 rows and 276586 columns
Presolve time: 0.20s
Presolved: 9867 rows, 8177 columns, 28453 nonzeros
Variable types: 0 continuous, 8177 integer (8177 binary)

Root relaxation: objective 1.858005e+05, 2496 iterations, 0.03 seconds (0.05 work units)

    Nodes    |    Current Node    |     Objective Bounds      |     Work
 Expl Unexpl |  Obj  Depth IntInf | Incumbent    BestBd   Gap | It/Node Time

     0     0 185800.500    0  164 185815.500 185800.500  0.01%     -    0s

Explored 1 nodes (3177 simplex iterations) in 0.38 seconds (1.03 work units)
Thread count was 10 (of 10 available processors)

Solution count 1: 185816 

Optimal solution found (tolerance 1.00e-04)
Best objective 1.858155000000e+05, best bound 1.858005000000e+05, gap 0.0081%
Solução ótima encontrada.
Set parameter TimeLimit to value 25200
Set parameter TimeLimit to value 600
Gurobi Optimizer version 10.0.2 build v10.0.2rc0 (mac64[arm])

CPU model: Apple M5
Thread count: 10 physical cores, 10 logical processors, using up to 10 threads

Optimize a model with 548706 rows, 284763 columns and 1341935 nonzeros
Model fingerprint: 0x6abe78c9
Variable types: 0 continuous, 284763 integer (264707 binary)
Coefficient statistics:
  Matrix range     [1e+00, 8e+01]
  Objective range  [5e-01, 2e+03]
  Bounds range     [1e+00, 1e+00]
  RHS range        [1e+00, 1e+02]

User MIP start produced solution with objective 185816 (0.10s)
Loaded user MIP start with objective 185816
MIP start from previous solve did not produce a new incumbent solution

Presolve removed 527172 rows and 268323 columns
Presolve time: 0.26s
Presolved: 21534 rows, 16440 columns, 61597 nonzeros
Variable types: 0 continuous, 16440 integer (16440 binary)

Root relaxation: objective 1.857752e+05, 10954 iterations, 0.27 seconds (0.64 work units)

    Nodes    |    Current Node    |     Objective Bounds      |     Work
 Expl Unexpl |  Obj  Depth IntInf | Incumbent    BestBd   Gap | It/Node Time

     0     0 185775.204    0  716 185815.500 185775.204  0.02%     -    0s
     0     0     cutoff    0      185815.500 185815.500  0.00%     -    0s

Explored 1 nodes (13876 simplex iterations) in 0.75 seconds (2.08 work units)
Thread count was 10 (of 10 available processors)

Solution count 1: 185816 

Optimal solution found (tolerance 1.00e-04)
Best objective 1.858155000000e+05, best bound 1.858155000000e+05, gap 0.0000%
Solução ótima encontrada.
Set parameter TimeLimit to value 25200
Set parameter TimeLimit to value 600
Gurobi Optimizer version 10.0.2 build v10.0.2rc0 (mac64[arm])

CPU model: Apple M5
Thread count: 10 physical cores, 10 logical processors, using up to 10 threads

Optimize a model with 548706 rows, 284763 columns and 1341935 nonzeros
Model fingerprint: 0x999f6c7f
Variable types: 0 continuous, 284763 integer (264707 binary)
Coefficient statistics:
  Matrix range     [1e+00, 8e+01]
  Objective range  [5e-01, 2e+03]
  Bounds range     [1e+00, 1e+00]
  RHS range        [1e+00, 1e+02]

User MIP start produced solution with objective 185816 (0.10s)
Loaded user MIP start with objective 185816
MIP start from previous solve did not produce a new incumbent solution

Presolve removed 523157 rows and 264174 columns
Presolve time: 0.28s
Presolved: 25549 rows, 20589 columns, 75177 nonzeros
Variable types: 0 continuous, 20589 integer (20589 binary)

Root relaxation: objective 1.857040e+05, 10517 iterations, 0.42 seconds (1.17 work units)

    Nodes    |    Current Node    |     Objective Bounds      |     Work
 Expl Unexpl |  Obj  Depth IntInf | Incumbent    BestBd   Gap | It/Node Time

     0     0 185704.000    0  330 185815.500 185704.000  0.06%     -    1s
     0     0 185704.000    0  330 185815.500 185704.000  0.06%     -    1s
     0     0 185704.000    0  138 185815.500 185704.000  0.06%     -    1s
     0     0 185704.000    0  266 185815.500 185704.000  0.06%     -    1s
     0     0 185704.500    0  261 185815.500 185704.500  0.06%     -    1s
     0     0 185709.500    0  272 185815.500 185709.500  0.06%     -    1s
     0     0 185710.000    0  284 185815.500 185710.000  0.06%     -    1s
     0     0 185710.000    0  286 185815.500 185710.000  0.06%     -    1s
     0     0 185710.000    0  281 185815.500 185710.000  0.06%     -    1s
     0     0 185710.750    0  140 185815.500 185710.750  0.06%     -    1s
     0     2 185711.250    0  138 185815.500 185711.250  0.06%     -    1s
   503   311 185779.500   11   26 185815.500 185711.294  0.06%  89.6    5s
  6283  1954     cutoff   30      185815.500 185734.250  0.04%  78.0   10s
 17934  4087     cutoff   30      185815.500 185740.375  0.04%  71.4   15s
 33258  2797 infeasible   33      185815.500 185752.500  0.03%  71.7   20s

Cutting planes:
  Gomory: 3
  MIR: 4
  Flow cover: 5
  Inf proof: 3
  Zero half: 17
  RLT: 17
  BQP: 83

Explored 39026 nodes (2914208 simplex iterations) in 23.87 seconds (40.76 work units)
Thread count was 10 (of 10 available processors)

Solution count 2: 185816 185816 

Optimal solution found (tolerance 1.00e-04)
Best objective 1.858155000000e+05, best bound 1.858155000000e+05, gap 0.0000%
Solução ótima encontrada.
Set parameter TimeLimit to value 25200
Set parameter TimeLimit to value 600
Gurobi Optimizer version 10.0.2 build v10.0.2rc0 (mac64[arm])

CPU model: Apple M5
Thread count: 10 physical cores, 10 logical processors, using up to 10 threads

Optimize a model with 548706 rows, 284763 columns and 1341935 nonzeros
Model fingerprint: 0x1d7016c6
Variable types: 0 continuous, 284763 integer (264707 binary)
Coefficient statistics:
  Matrix range     [1e+00, 8e+01]
  Objective range  [5e-01, 2e+03]
  Bounds range     [1e+00, 1e+00]
  RHS range        [1e+00, 1e+02]

User MIP start produced solution with objective 185816 (0.11s)
Loaded user MIP start with objective 185816
MIP start from previous solve did not produce a new incumbent solution

Presolve removed 526160 rows and 267069 columns
Presolve time: 0.26s
Presolved: 22546 rows, 17694 columns, 66944 nonzeros
Variable types: 0 continuous, 17694 integer (17694 binary)

Root relaxation: objective 1.854860e+05, 20276 iterations, 1.07 seconds (2.88 work units)

    Nodes    |    Current Node    |     Objective Bounds      |     Work
 Expl Unexpl |  Obj  Depth IntInf | Incumbent    BestBd   Gap | It/Node Time

     0     0 185486.000    0  608 185815.500 185486.000  0.18%     -    1s
     0     0 185513.643    0 1198 185815.500 185513.643  0.16%     -    2s
     0     0 185513.643    0  553 185815.500 185513.643  0.16%     -    3s
     0     0 185523.042    0  971 185815.500 185523.042  0.16%     -    4s
     0     0 185523.375    0 1002 185815.500 185523.375  0.16%     -    4s
     0     0 185567.006    0 1232 185815.500 185567.006  0.13%     -    4s
     0     0 185567.015    0 1247 185815.500 185567.015  0.13%     -    4s
     0     0 185574.716    0 1203 185815.500 185574.716  0.13%     -    4s
     0     0 185579.856    0 1295 185815.500 185579.856  0.13%     -    5s
     0     0 185579.856    0 1267 185815.500 185579.856  0.13%     -    5s
     0     0 185580.597    0 1191 185815.500 185580.597  0.13%     -    5s
     0     0 185580.597    0 1159 185815.500 185580.597  0.13%     -    5s
     0     0 185580.873    0 1142 185815.500 185580.873  0.13%     -    5s
     0     0 185580.878    0 1126 185815.500 185580.878  0.13%     -    5s
     0     0 185607.500    0 1189 185815.500 185607.500  0.11%     -    5s
     0     0 185607.500    0  201 185815.500 185607.500  0.11%     -    6s
     0     0 185607.500    0  449 185815.500 185607.500  0.11%     -    6s
     0     0 185607.500    0  512 185815.500 185607.500  0.11%     -    6s
     0     0 185615.437    0  469 185815.500 185615.437  0.11%     -    6s
     0     0 185615.458    0  443 185815.500 185615.458  0.11%     -    6s
     0     0 185618.917    0  458 185815.500 185618.917  0.11%     -    6s
     0     0 185620.222    0  463 185815.500 185620.222  0.11%     -    6s
     0     0 185621.061    0  477 185815.500 185621.061  0.10%     -    6s
     0     0 185621.458    0  463 185815.500 185621.458  0.10%     -    6s
     0     0 185664.647    0  521 185815.500 185664.647  0.08%     -    6s
     0     0 185676.005    0  410 185815.500 185676.005  0.08%     -    6s
     0     0 185676.493    0  509 185815.500 185676.493  0.07%     -    6s
     0     0 185676.726    0  531 185815.500 185676.726  0.07%     -    6s
     0     0 185692.000    0  296 185815.500 185692.000  0.07%     -    6s
     0     0 185692.000    0  320 185815.500 185692.000  0.07%     -    6s
     0     0 185692.000    0  332 185815.500 185692.000  0.07%     -    7s
     0     0 185692.000    0  192 185815.500 185692.000  0.07%     -    7s
     0     0 185692.000    0  348 185815.500 185692.000  0.07%     -    7s
     0     0 185692.000    0  197 185815.500 185692.000  0.07%     -    7s
     0     0 185697.000    0  152 185815.500 185697.000  0.06%     -    7s
     0     0 185698.284    0  351 185815.500 185698.284  0.06%     -    7s
     0     0 185699.125    0  215 185815.500 185699.125  0.06%     -    7s
     0     0 185699.125    0  201 185815.500 185699.125  0.06%     -    7s
     0     0 185700.375    0  221 185815.500 185700.375  0.06%     -    7s
     0     0 185701.394    0  314 185815.500 185701.394  0.06%     -    7s
     0     0 185703.167    0  181 185815.500 185703.167  0.06%     -    7s
     0     0 185703.500    0  283 185815.500 185703.500  0.06%     -    7s
     0     0 185704.009    0  296 185815.500 185704.009  0.06%     -    7s
     0     0 185704.608    0  255 185815.500 185704.608  0.06%     -    7s
     0     2 185704.620    0  255 185815.500 185704.620  0.06%     -    7s
  2673   941 185794.067   14  102 185815.500 185732.428  0.04%  88.1   10s

Explored 8092 nodes (822105 simplex iterations) in 14.13 seconds (28.93 work units)
Thread count was 10 (of 10 available processors)

Solution count 1: 185816 

Optimal solution found (tolerance 1.00e-04)
Best objective 1.858155000000e+05, best bound 1.858105000000e+05, gap 0.0027%
Solução ótima encontrada.
Set parameter TimeLimit to value 25200
Set parameter TimeLimit to value 600
Gurobi Optimizer version 10.0.2 build v10.0.2rc0 (mac64[arm])

CPU model: Apple M5
Thread count: 10 physical cores, 10 logical processors, using up to 10 threads

Optimize a model with 548706 rows, 284763 columns and 1341935 nonzeros
Model fingerprint: 0x0fd24ccb
Variable types: 0 continuous, 284763 integer (264707 binary)
Coefficient statistics:
  Matrix range     [1e+00, 8e+01]
  Objective range  [5e-01, 2e+03]
  Bounds range     [1e+00, 1e+00]
  RHS range        [1e+00, 1e+02]

User MIP start produced solution with objective 185816 (0.10s)
Loaded user MIP start with objective 185816
MIP start from previous solve did not produce a new incumbent solution

Presolve removed 534898 rows and 273357 columns
Presolve time: 0.21s
Presolved: 13808 rows, 11406 columns, 40261 nonzeros
Variable types: 0 continuous, 11406 integer (11406 binary)

Root relaxation: objective 1.857955e+05, 5099 iterations, 0.09 seconds (0.16 work units)

    Nodes    |    Current Node    |     Objective Bounds      |     Work
 Expl Unexpl |  Obj  Depth IntInf | Incumbent    BestBd   Gap | It/Node Time

     0     0 185795.500    0  316 185815.500 185795.500  0.01%     -    0s
     0     0 185795.500    0  316 185815.500 185795.500  0.01%     -    0s
     0     0 185795.500    0   87 185815.500 185795.500  0.01%     -    0s
     0     0 185800.500    0  113 185815.500 185800.500  0.01%     -    0s

Cutting planes:
  Gomory: 3
  Clique: 3
  Zero half: 7
  RLT: 8
  BQP: 2

Explored 1 nodes (7264 simplex iterations) in 0.53 seconds (1.41 work units)
Thread count was 10 (of 10 available processors)

Solution count 1: 185816 

Optimal solution found (tolerance 1.00e-04)
Best objective 1.858155000000e+05, best bound 1.858005000000e+05, gap 0.0081%
Solução ótima encontrada.
Set parameter TimeLimit to value 25200
Set parameter TimeLimit to value 600
Gurobi Optimizer version 10.0.2 build v10.0.2rc0 (mac64[arm])

CPU model: Apple M5
Thread count: 10 physical cores, 10 logical processors, using up to 10 threads

Optimize a model with 548706 rows, 284763 columns and 1341935 nonzeros
Model fingerprint: 0x3e2f452a
Variable types: 0 continuous, 284763 integer (264707 binary)
Coefficient statistics:
  Matrix range     [1e+00, 8e+01]
  Objective range  [5e-01, 2e+03]
  Bounds range     [1e+00, 1e+00]
  RHS range        [1e+00, 1e+02]

User MIP start produced solution with objective 185816 (0.10s)
Loaded user MIP start with objective 185816
MIP start from previous solve did not produce a new incumbent solution

Presolve removed 524372 rows and 266127 columns
Presolve time: 0.28s
Presolved: 24334 rows, 18636 columns, 69423 nonzeros
Variable types: 0 continuous, 18636 integer (18636 binary)

Root relaxation: objective 1.857702e+05, 10458 iterations, 0.25 seconds (0.56 work units)

    Nodes    |    Current Node    |     Objective Bounds      |     Work
 Expl Unexpl |  Obj  Depth IntInf | Incumbent    BestBd   Gap | It/Node Time

     0     0 185770.204    0  775 185815.500 185770.204  0.02%     -    0s
     0     0 185810.500    0   66 185815.500 185810.500  0.00%     -    0s

Explored 1 nodes (14050 simplex iterations) in 0.75 seconds (2.07 work units)
Thread count was 10 (of 10 available processors)

Solution count 1: 185816 

Optimal solution found (tolerance 1.00e-04)
Best objective 1.858155000000e+05, best bound 1.858105000000e+05, gap 0.0027%
Solução ótima encontrada.
Set parameter TimeLimit to value 25200
Set parameter TimeLimit to value 600
Gurobi Optimizer version 10.0.2 build v10.0.2rc0 (mac64[arm])

CPU model: Apple M5
Thread count: 10 physical cores, 10 logical processors, using up to 10 threads

Optimize a model with 548706 rows, 284763 columns and 1341935 nonzeros
Model fingerprint: 0x15bbf099
Variable types: 0 continuous, 284763 integer (264707 binary)
Coefficient statistics:
  Matrix range     [1e+00, 8e+01]
  Objective range  [5e-01, 2e+03]
  Bounds range     [1e+00, 1e+00]
  RHS range        [1e+00, 1e+02]

User MIP start produced solution with objective 185816 (0.10s)
Loaded user MIP start with objective 185816
MIP start from previous solve did not produce a new incumbent solution

Presolve removed 519012 rows and 261122 columns
Presolve time: 0.30s
Presolved: 29694 rows, 23641 columns, 87835 nonzeros
Variable types: 0 continuous, 23641 integer (23641 binary)

Root relaxation: objective 1.856990e+05, 18001 iterations, 0.84 seconds (2.27 work units)

    Nodes    |    Current Node    |     Objective Bounds      |     Work
 Expl Unexpl |  Obj  Depth IntInf | Incumbent    BestBd   Gap | It/Node Time

     0     0 185699.000    0  470 185815.500 185699.000  0.06%     -    1s
     0     0 185699.000    0  470 185815.500 185699.000  0.06%     -    1s
     0     0 185699.000    0  190 185815.500 185699.000  0.06%     -    1s
     0     0 185699.000    0  314 185815.500 185699.000  0.06%     -    1s
     0     0 185702.000    0  211 185815.500 185702.000  0.06%     -    2s
     0     0 185703.333    0  321 185815.500 185703.333  0.06%     -    2s
     0     0 185705.000    0  332 185815.500 185705.000  0.06%     -    2s
     0     0 185705.000    0  302 185815.500 185705.000  0.06%     -    2s
     0     0 185705.300    0  398 185815.500 185705.300  0.06%     -    2s
     0     0 185705.375    0  405 185815.500 185705.375  0.06%     -    2s
     0     0 185705.750    0  183 185815.500 185705.750  0.06%     -    2s
     0     0 185705.833    0  138 185815.500 185705.833  0.06%     -    2s
     0     0 185708.133    0  345 185815.500 185708.133  0.06%     -    2s
     0     0 185710.200    0  367 185815.500 185710.200  0.06%     -    2s
     0     0 185710.750    0  223 185815.500 185710.750  0.06%     -    2s
     0     0 185713.600    0  324 185815.500 185713.600  0.05%     -    2s
     0     0 185713.600    0  276 185815.500 185713.600  0.05%     -    2s
     0     0 185713.750    0  320 185815.500 185713.750  0.05%     -    2s
     0     0 185714.200    0  390 185815.500 185714.200  0.05%     -    2s
     0     0 185714.667    0  341 185815.500 185714.667  0.05%     -    2s
     0     0 185716.600    0  288 185815.500 185716.600  0.05%     -    2s
     0     0 185719.250    0  321 185815.500 185719.250  0.05%     -    2s
     0     0 185719.274    0  320 185815.500 185719.274  0.05%     -    2s
     0     0 185719.533    0  245 185815.500 185719.533  0.05%     -    2s
     0     2 185719.617    0  245 185815.500 185719.617  0.05%     -    2s
   867   488 185787.083   20  123 185815.500 185719.617  0.05%  91.5    5s
  1843  1046 185778.000   24  112 185815.500 185725.761  0.05%   102   10s
  3081  1158 185812.480   44  230 185815.500 185726.185  0.05%  98.1   16s
  8754  2934 185740.250   34  121 185815.500 185734.000  0.04%  99.0   21s
 21482  5792 185759.667   35   86 185815.500 185741.318  0.04%  95.5   25s
 37102  6143 185750.111   41  167 185815.500 185749.083  0.04%  95.6   30s
 48499  2931     cutoff   50      185815.500 185755.500  0.03%  97.2   35s

Cutting planes:
  Gomory: 4
  Clique: 3
  MIR: 3
  Flow cover: 5
  Inf proof: 7
  Zero half: 26
  RLT: 34
  BQP: 125

Explored 54609 nodes (5409387 simplex iterations) in 37.20 seconds (63.33 work units)
Thread count was 10 (of 10 available processors)

Solution count 1: 185816 

Optimal solution found (tolerance 1.00e-04)
Best objective 1.858155000000e+05, best bound 1.858155000000e+05, gap 0.0000%
Solução ótima encontrada.
Set parameter TimeLimit to value 25200
Set parameter TimeLimit to value 600
Gurobi Optimizer version 10.0.2 build v10.0.2rc0 (mac64[arm])

CPU model: Apple M5
Thread count: 10 physical cores, 10 logical processors, using up to 10 threads

Optimize a model with 548706 rows, 284763 columns and 1341935 nonzeros
Model fingerprint: 0xceb381cc
Variable types: 0 continuous, 284763 integer (264707 binary)
Coefficient statistics:
  Matrix range     [1e+00, 8e+01]
  Objective range  [5e-01, 2e+03]
  Bounds range     [1e+00, 1e+00]
  RHS range        [1e+00, 1e+02]

User MIP start produced solution with objective 185816 (0.10s)
Loaded user MIP start with objective 185816
MIP start from previous solve did not produce a new incumbent solution

Presolve removed 528298 rows and 268669 columns
Presolve time: 0.25s
Presolved: 20408 rows, 16094 columns, 60684 nonzeros
Variable types: 0 continuous, 16094 integer (16094 binary)

Root relaxation: objective 1.854767e+05, 18691 iterations, 0.78 seconds (2.05 work units)

    Nodes    |    Current Node    |     Objective Bounds      |     Work
 Expl Unexpl |  Obj  Depth IntInf | Incumbent    BestBd   Gap | It/Node Time

     0     0 185476.750    0  865 185815.500 185476.750  0.18%     -    1s
     0     0 185518.847    0 1105 185815.500 185518.847  0.16%     -    2s
     0     0 185518.847    0  669 185815.500 185518.847  0.16%     -    3s
     0     0 185521.617    0 1163 185815.500 185521.617  0.16%     -    3s
     0     0 185527.367    0 1084 185815.500 185527.367  0.16%     -    3s
     0     0 185574.821    0 1064 185815.500 185574.821  0.13%     -    4s
     0     0 185576.409    0 1092 185815.500 185576.409  0.13%     -    4s
     0     0 185577.659    0 1153 185815.500 185577.659  0.13%     -    4s
     0     0 185582.125    0  960 185815.500 185582.125  0.13%     -    4s
     0     0 185582.125    0 1003 185815.500 185582.125  0.13%     -    4s
     0     0 185598.636    0 1252 185815.500 185598.636  0.12%     -    5s
     0     0 185598.636    0  297 185815.500 185598.636  0.12%     -    5s
     0     0 185598.636    0  358 185815.500 185598.636  0.12%     -    5s
     0     0 185598.636    0  471 185815.500 185598.636  0.12%     -    5s
     0     0 185598.636    0  476 185815.500 185598.636  0.12%     -    5s
     0     0 185639.906    0  435 185815.500 185639.906  0.09%     -    5s
     0     0 185639.906    0  435 185815.500 185639.906  0.09%     -    5s
     0     0 185641.767    0  409 185815.500 185641.767  0.09%     -    5s
     0     0 185641.767    0  410 185815.500 185641.767  0.09%     -    5s
     0     0 185661.650    0  438 185815.500 185661.650  0.08%     -    5s
     0     0 185662.337    0  447 185815.500 185662.337  0.08%     -    5s
     0     0 185662.936    0  412 185815.500 185662.936  0.08%     -    5s
     0     0 185664.333    0  258 185815.500 185664.333  0.08%     -    5s
     0     0 185665.000    0  404 185815.500 185665.000  0.08%     -    5s
     0     0 185665.000    0  261 185815.500 185665.000  0.08%     -    5s
     0     0 185666.348    0  483 185815.500 185666.348  0.08%     -    5s
     0     0 185668.550    0  461 185815.500 185668.550  0.08%     -    5s
     0     0 185669.409    0  496 185815.500 185669.409  0.08%     -    5s
     0     0 185669.736    0  493 185815.500 185669.736  0.08%     -    5s
     0     0 185669.741    0  497 185815.500 185669.741  0.08%     -    5s
     0     0 185673.751    0  528 185815.500 185673.751  0.08%     -    5s
     0     0 185674.200    0  297 185815.500 185674.200  0.08%     -    5s
     0     0 185674.200    0  289 185815.500 185674.200  0.08%     -    5s
     0     0 185675.815    0  527 185815.500 185675.815  0.08%     -    5s
     0     0 185676.021    0  217 185815.500 185676.021  0.08%     -    5s
     0     0 185676.021    0  410 185815.500 185676.021  0.08%     -    5s
     0     0 185676.021    0  398 185815.500 185676.021  0.08%     -    5s
     0     0 185676.021    0  351 185815.500 185676.021  0.08%     -    5s
     0     0 185676.021    0  396 185815.500 185676.021  0.08%     -    5s
     0     0 185677.143    0  410 185815.500 185677.143  0.07%     -    5s
     0     0 185677.719    0  379 185815.500 185677.719  0.07%     -    5s
     0     0 185677.758    0  406 185815.500 185677.758  0.07%     -    6s
     0     0 185677.838    0  408 185815.500 185677.838  0.07%     -    6s
     0     0 185682.384    0  207 185815.500 185682.384  0.07%     -    6s
     0     0 185685.182    0  190 185815.500 185685.182  0.07%     -    6s
     0     0 185686.447    0  396 185815.500 185686.447  0.07%     -    6s
     0     0 185688.006    0  224 185815.500 185688.006  0.07%     -    6s
     0     0 185688.017    0  219 185815.500 185688.017  0.07%     -    6s
     0     0 185688.075    0  237 185815.500 185688.075  0.07%     -    6s
     0     0 185690.423    0  264 185815.500 185690.423  0.07%     -    6s
     0     0 185690.514    0  263 185815.500 185690.514  0.07%     -    6s
     0     0 185690.538    0  424 185815.500 185690.538  0.07%     -    6s
     0     0 185690.566    0  426 185815.500 185690.566  0.07%     -    6s
     0     0 185690.706    0  237 185815.500 185690.706  0.07%     -    6s
     0     0 185692.599    0  203 185815.500 185692.599  0.07%     -    6s
     0     0 185692.739    0  201 185815.500 185692.739  0.07%     -    6s
     0     0 185692.739    0  203 185815.500 185692.739  0.07%     -    6s
     0     0 185692.742    0  200 185815.500 185692.742  0.07%     -    6s
     0     2 185692.762    0  182 185815.500 185692.762  0.07%     -    6s
  3305  1019 185785.250   13  215 185815.500 185785.250  0.02%  86.4   10s

Explored 3311 nodes (373423 simplex iterations) in 10.07 seconds (20.57 work units)
Thread count was 10 (of 10 available processors)

Solution count 1: 185816 

Optimal solution found (tolerance 1.00e-04)
Best objective 1.858155000000e+05, best bound 1.858005000000e+05, gap 0.0081%
Solução ótima encontrada.
Set parameter TimeLimit to value 25200
Set parameter TimeLimit to value 600
Gurobi Optimizer version 10.0.2 build v10.0.2rc0 (mac64[arm])

CPU model: Apple M5
Thread count: 10 physical cores, 10 logical processors, using up to 10 threads

Optimize a model with 548706 rows, 284763 columns and 1341935 nonzeros
Model fingerprint: 0xf687d2a5
Variable types: 0 continuous, 284763 integer (264707 binary)
Coefficient statistics:
  Matrix range     [1e+00, 8e+01]
  Objective range  [5e-01, 2e+03]
  Bounds range     [1e+00, 1e+00]
  RHS range        [1e+00, 1e+02]

User MIP start produced solution with objective 185816 (0.10s)
Loaded user MIP start with objective 185816
MIP start from previous solve did not produce a new incumbent solution

Presolve removed 515802 rows and 260396 columns
Presolve time: 0.31s
Presolved: 32904 rows, 24367 columns, 97113 nonzeros
Variable types: 0 continuous, 24367 integer (24367 binary)

Root relaxation: objective 1.855932e+05, 23984 iterations, 0.98 seconds (2.80 work units)

    Nodes    |    Current Node    |     Objective Bounds      |     Work
 Expl Unexpl |  Obj  Depth IntInf | Incumbent    BestBd   Gap | It/Node Time

     0     0 185593.180    0 1521 185815.500 185593.180  0.12%     -    3s
     0     0 185634.955    0  719 185815.500 185634.955  0.10%     -    3s
     0     0 185634.955    0  719 185815.500 185634.955  0.10%     -    3s
     0     0 185637.227    0  248 185815.500 185637.227  0.10%     -    3s
     0     0 185637.455    0  242 185815.500 185637.455  0.10%     -    3s
     0     0 185700.750    0  133 185815.500 185700.750  0.06%     -    3s
     0     0 185702.833    0  106 185815.500 185702.833  0.06%     -    3s
     0     0 185702.833    0  223 185815.500 185702.833  0.06%     -    3s
     0     0 185702.833    0  231 185815.500 185702.833  0.06%     -    3s
     0     0 185702.833    0  231 185815.500 185702.833  0.06%     -    3s
     0     0 185703.500    0   85 185815.500 185703.500  0.06%     -    3s
     0     0 185706.000    0   86 185815.500 185706.000  0.06%     -    3s
     0     0 185706.000    0   86 185815.500 185706.000  0.06%     -    3s
     0     0 185709.389    0  115 185815.500 185709.389  0.06%     -    3s
     0     0 185717.500    0  139 185815.500 185717.500  0.05%     -    3s
     0     0 185718.500    0   88 185815.500 185718.500  0.05%     -    3s
     0     0 185718.633    0  137 185815.500 185718.633  0.05%     -    3s
     0     0 185718.633    0  140 185815.500 185718.633  0.05%     -    3s
     0     0 185732.083    0  139 185815.500 185732.083  0.04%     -    3s
     0     0 185734.313    0  133 185815.500 185734.313  0.04%     -    3s
     0     0 185734.313    0  141 185815.500 185734.313  0.04%     -    3s
     0     0 185737.500    0  134 185815.500 185737.500  0.04%     -    3s
     0     0 185739.167    0  115 185815.500 185739.167  0.04%     -    3s
     0     0 185739.167    0  109 185815.500 185739.167  0.04%     -    3s
     0     0 185739.312    0  228 185815.500 185739.312  0.04%     -    4s
     0     0 185739.312    0  224 185815.500 185739.312  0.04%     -    4s
     0     0 185739.312    0   76 185815.500 185739.312  0.04%     -    4s
     0     0 185746.625    0  144 185815.500 185746.625  0.04%     -    4s
     0     0 185750.000    0  115 185815.500 185750.000  0.04%     -    4s
     0     0 185753.625    0  138 185815.500 185753.625  0.03%     -    4s
     0     0 185753.625    0  139 185815.500 185753.625  0.03%     -    4s
     0     0 185760.800    0  114 185815.500 185760.800  0.03%     -    4s
     0     0 185760.800    0  115 185815.500 185760.800  0.03%     -    4s
     0     0 185760.875    0  110 185815.500 185760.875  0.03%     -    4s
     0     0 185771.500    0   57 185815.500 185771.500  0.02%     -    4s
     0     0 185771.500    0   81 185815.500 185771.500  0.02%     -    4s
     0     0 185783.750    0   64 185815.500 185783.750  0.02%     -    4s
     0     0 185783.750    0   58 185815.500 185783.750  0.02%     -    4s
     0     0 185788.750    0   43 185815.500 185788.750  0.01%     -    4s
     0     0 185788.750    0   41 185815.500 185788.750  0.01%     -    4s
     0     0 185793.750    0   49 185815.500 185793.750  0.01%     -    4s
     0     0 185800.500    0   54 185815.500 185800.500  0.01%     -    4s

Cutting planes:
  Gomory: 4
  Implied bound: 2
  Clique: 12
  Zero half: 10
  RLT: 7
  BQP: 9

Explored 1 nodes (66447 simplex iterations) in 4.15 seconds (12.15 work units)
Thread count was 10 (of 10 available processors)

Solution count 1: 185816 

Optimal solution found (tolerance 1.00e-04)
Best objective 1.858155000000e+05, best bound 1.858005000000e+05, gap 0.0081%
Solução ótima encontrada.
Set parameter TimeLimit to value 25200
Set parameter TimeLimit to value 600
Gurobi Optimizer version 10.0.2 build v10.0.2rc0 (mac64[arm])

CPU model: Apple M5
Thread count: 10 physical cores, 10 logical processors, using up to 10 threads

Optimize a model with 548706 rows, 284763 columns and 1341935 nonzeros
Model fingerprint: 0xa1cfb371
Variable types: 0 continuous, 284763 integer (264707 binary)
Coefficient statistics:
  Matrix range     [1e+00, 8e+01]
  Objective range  [5e-01, 2e+03]
  Bounds range     [1e+00, 1e+00]
  RHS range        [1e+00, 1e+02]

User MIP start produced solution with objective 185816 (0.11s)
Loaded user MIP start with objective 185816
MIP start from previous solve did not produce a new incumbent solution

Presolve removed 514453 rows and 257394 columns
Presolve time: 0.35s
Presolved: 34253 rows, 27369 columns, 101424 nonzeros
Variable types: 0 continuous, 27369 integer (27369 binary)
Deterministic concurrent LP optimizer: primal and dual simplex
Showing first log only...

Concurrent spin time: 0.00s

Solved with dual simplex

Root relaxation: objective 1.852048e+05, 25269 iterations, 1.74 seconds (4.18 work units)

    Nodes    |    Current Node    |     Objective Bounds      |     Work
 Expl Unexpl |  Obj  Depth IntInf | Incumbent    BestBd   Gap | It/Node Time

     0     0 185204.786    0 1444 185815.500 185204.786  0.33%     -    3s
     0     0 185270.417    0 1716 185815.500 185270.417  0.29%     -    4s
     0     0 185273.917    0 1705 185815.500 185273.917  0.29%     -    5s
     0     0 185391.722    0 1871 185815.500 185391.722  0.23%     -    6s
     0     0 185397.550    0 1722 185815.500 185397.550  0.22%     -    6s
     0     0 185398.300    0 1726 185815.500 185398.300  0.22%     -    6s
     0     0 185398.567    0 1914 185815.500 185398.567  0.22%     -    6s
     0     0 185398.732    0 1925 185815.500 185398.732  0.22%     -    6s
     0     0 185398.775    0 1897 185815.500 185398.775  0.22%     -    6s
     0     0 185398.922    0 1865 185815.500 185398.922  0.22%     -    6s
     0     0 185426.403    0 1745 185815.500 185426.403  0.21%     -    7s
     0     0 185428.490    0 1827 185815.500 185428.490  0.21%     -    7s
     0     0 185428.778    0 1841 185815.500 185428.778  0.21%     -    8s
     0     0 185428.917    0 1800 185815.500 185428.917  0.21%     -    8s
     0     0 185428.917    0 1854 185815.500 185428.917  0.21%     -    8s
     0     0 185445.993    0 2070 185815.500 185445.993  0.20%     -    8s
     0     0 185445.993    0 1383 185815.500 185445.993  0.20%     -   12s
     0     0 185445.993    0 1778 185815.500 185445.993  0.20%     -   14s
     0     0 185445.993    0 1787 185815.500 185445.993  0.20%     -   14s
     0     0 185447.135    0 1838 185815.500 185447.135  0.20%     -   15s
     0     0 185447.557    0 1884 185815.500 185447.557  0.20%     -   15s
     0     0 185447.761    0 1796 185815.500 185447.761  0.20%     -   15s
     0     0 185447.761    0 1822 185815.500 185447.761  0.20%     -   15s
     0     0 185458.956    0 1945 185815.500 185458.956  0.19%     -   15s
     0     0 185460.363    0 1823 185815.500 185460.363  0.19%     -   16s
     0     0 185460.977    0 1875 185815.500 185460.977  0.19%     -   16s
     0     0 185460.977    0 1880 185815.500 185460.977  0.19%     -   16s
     0     0 185472.540    0 1916 185815.500 185472.540  0.18%     -   17s
     0     0 185473.184    0 1899 185815.500 185473.184  0.18%     -   17s
     0     0 185473.302    0 1843 185815.500 185473.302  0.18%     -   17s
     0     0 185474.244    0 1805 185815.500 185474.244  0.18%     -   17s
     0     0 185474.578    0 1796 185815.500 185474.578  0.18%     -   17s
     0     0 185474.578    0 1796 185815.500 185474.578  0.18%     -   17s
     0     0 185476.000    0 1721 185815.500 185476.000  0.18%     -   18s
     0     0 185476.667    0 1646 185815.500 185476.667  0.18%     -   18s
     0     0 185476.679    0 1647 185815.500 185476.679  0.18%     -   18s
     0     0 185478.641    0 1616 185815.500 185478.641  0.18%     -   19s
     0     2 185478.668    0 1600 185815.500 185478.668  0.18%     -   20s
    45    56 185501.011    6 1788 185815.500 185486.168  0.18%  2756   25s
   128   108     cutoff   11      185815.500 185486.168  0.18%  1681   36s
   162   114 185640.545   13 1441 185815.500 185486.168  0.18%  1495   49s
   187   130 185642.623   14 1539 185815.500 185486.168  0.18%  1385   50s
   514   293 185625.106   14 1324 185815.500 185487.058  0.18%   872   66s
   527   303 185635.409   15 1459 185815.500 185487.058  0.18%   884   83s
   600   408 185680.361   20 1468 185815.500 185487.058  0.18%   891   85s
   902   577 185500.577    8 1845 185815.500 185490.011  0.18%   810   98s
   997   710 185548.322   12 1502 185815.500 185490.011  0.18%   796  100s
  1365   962 185514.940    9 1780 185815.500 185493.522  0.17%   749  105s
  1713  1100 185661.065   20 2070 185815.500 185493.522  0.17%   750  111s
  1715  1101 185763.751   27 1470 185815.500 185493.522  0.17%   749  115s
  1737  1116 185706.072   26 2102 185815.500 185501.254  0.17%   739  120s
  1778  1154 185561.274   15 1558 185815.500 185528.228  0.15%   812  125s
  1891  1204 185582.333   21 1492 185815.500 185528.228  0.15%   826  146s
  1945  1207 185585.121   22 1598 185815.500 185528.228  0.15%   831  172s
  2064  1208 185648.083   27  949 185815.500 185528.228  0.15%   822  175s
  2130  1217 185813.328   30  789 185815.500 185528.228  0.15%   819  185s
  2471  1330 185626.299   28 1485 185815.500 185534.208  0.15%   794  190s
  2881  1443 185551.329   20 1827 185815.500 185545.802  0.15%   759  195s
  3197  1543 185626.776   27 1641 185815.500 185546.715  0.14%   757  200s
  3542  1671 185613.145   23 1872 185815.500 185546.715  0.14%   746  205s
  3727  1680     cutoff   25      185815.500 185546.715  0.14%   749  223s
  3746  1740 185620.074   25 1544 185815.500 185546.715  0.14%   755  225s
  4057  1811 185804.281   54  529 185815.500 185546.716  0.14%   750  230s
  4407  1975 185650.833   34 1566 185815.500 185547.787  0.14%   749  236s
  4633  2034 185569.199   25 1863 185815.500 185547.787  0.14%   741  240s
  5097  2299 185567.211   31 1685 185815.500 185548.237  0.14%   738  248s
  5362  2594 185739.227   55  901 185815.500 185548.314  0.14%   736  253s
  5772  2747 185555.204   31 1928 185815.500 185549.105  0.14%   729  258s
  5953  2974 185614.015   36 1781 185815.500 185550.901  0.14%   754  265s
  6322  3270 185739.574   34 1224 185815.500 185551.341  0.14%   761  272s
  6814  3626 185589.982   29 1971 185815.500 185552.075  0.14%   761  280s
  7341  4033 185661.974   34 1312 185815.500 185552.503  0.14%   763  290s
  7975  4485 185658.983   42 1517 185815.500 185553.219  0.14%   763  300s
  8722  4910 infeasible   48      185815.500 185553.562  0.14%   758  312s
  9480  5432 185758.530   40 1041 185815.500 185554.079  0.14%   762  324s
 10315  5969 185777.250   43  954 185815.500 185554.898  0.14%   760  337s
 11157  6579 185619.816   33 1525 185815.500 185555.652  0.14%   763  350s
 12099  7124 185652.051   34 1381 185815.500 185556.240  0.14%   761  364s
 12973  7672 185578.716   31 2013 185815.500 185556.913  0.14%   763  378s
 13944  8242     cutoff   56      185815.500 185557.560  0.14%   764  393s
 14905  8910 185691.369   46 1281 185815.500 185558.230  0.14%   766  408s
 15949  9533 185767.650   50  582 185815.500 185558.726  0.14%   767  425s
 17005  9534 185776.563   50 2070 185815.500 185559.274  0.14%   769  430s
 17009  9537 185779.200   49 2247 185815.500 185559.274  0.14%   768  435s
 17029  9550 185783.667   28 2104 185815.500 185559.274  0.14%   767  440s
 17076  9590 185584.712   32 1777 185815.500 185560.174  0.14%   777  445s
 17151  9630 185603.682   35 1396 185815.500 185580.269  0.13%   780  450s
 17230  9626 185642.556   38 1109 185815.500 185580.269  0.13%   779  455s
 17399  9641     cutoff   48      185815.500 185580.269  0.13%   778  464s
 17494  9681 185807.802   56 1038 185815.500 185586.326  0.12%   776  465s
 17914  9785 185671.866   44 1420 185815.500 185586.466  0.12%   771  470s
 18182  9820 185593.357   37 1571 185815.500 185586.466  0.12%   769  478s
 18290  9924 185636.375   43 1402 185815.500 185586.466  0.12%   768  481s
 18696 10029 185678.363   51 1285 185815.500 185587.402  0.12%   766  486s
 18866  9981 185757.821   63 1285 185815.500 185587.402  0.12%   764  505s
 19087 10025 185598.396   45 1597 185815.500 185587.413  0.12%   761  514s
 19150 10118 185631.346   50 1556 185815.500 185587.413  0.12%   761  517s
 19551 10247 185671.865   50 1428 185815.500 185588.871  0.12%   759  522s
 19758 10323 185659.401   47 1523 185815.500 185590.460  0.12%   759  525s
 20307 10321 185611.617   49 1766 185815.500 185592.833  0.12%   759  540s
 20340 10543 185645.123   50 1386 185815.500 185592.833  0.12%   759  545s
 20753 10638 185615.472   50 1589 185815.500 185593.775  0.12%   757  550s
 21163 10710 185638.310   57 1344 185815.500 185595.463  0.12%   755  558s
 21531 10945 185807.773   60  823 185815.500 185598.160  0.12%   753  566s
 22250 11120 185802.232   60  970 185815.500 185599.291  0.12%   750  574s
 22995 11305 185644.508   50 1445 185815.500 185600.534  0.12%   747  586s
 23820 11442 185752.052   51  854 185815.500 185601.306  0.12%   744  597s
 24613 11301 185768.350   60 1037 185815.500 185602.248  0.11%   741  600s

Cutting planes:
  Gomory: 18
  Lift-and-project: 1
  Implied bound: 5
  MIR: 2
  Flow cover: 4
  GUB cover: 1
  Zero half: 61
  RLT: 171
  BQP: 380
  PSD: 1

Explored 24839 nodes (18534676 simplex iterations) in 600.04 seconds (1337.23 work units)
Thread count was 10 (of 10 available processors)

Solution count 1: 185816 

Time limit reached
Best objective 1.858155000000e+05, best bound 1.856025000000e+05, gap 0.1146%
Solução -> não <- ótima.
Set parameter TimeLimit to value 25200
Set parameter TimeLimit to value 600
Gurobi Optimizer version 10.0.2 build v10.0.2rc0 (mac64[arm])

CPU model: Apple M5
Thread count: 10 physical cores, 10 logical processors, using up to 10 threads

Optimize a model with 548706 rows, 284763 columns and 1341935 nonzeros
Model fingerprint: 0x846b93e5
Variable types: 0 continuous, 284763 integer (264707 binary)
Coefficient statistics:
  Matrix range     [1e+00, 8e+01]
  Objective range  [5e-01, 2e+03]
  Bounds range     [1e+00, 1e+00]
  RHS range        [1e+00, 1e+02]

User MIP start produced solution with objective 185816 (0.12s)
Loaded user MIP start with objective 185816
MIP start from previous solve did not produce a new incumbent solution

Presolve removed 524505 rows and 266448 columns
Presolve time: 0.27s
Presolved: 24201 rows, 18315 columns, 69525 nonzeros
Variable types: 0 continuous, 18315 integer (18315 binary)

Root relaxation: objective 1.857602e+05, 12878 iterations, 0.39 seconds (0.96 work units)

    Nodes    |    Current Node    |     Objective Bounds      |     Work
 Expl Unexpl |  Obj  Depth IntInf | Incumbent    BestBd   Gap | It/Node Time

     0     0 185760.204    0  929 185815.500 185760.204  0.03%     -    0s
     0     0 185800.500    0  178 185815.500 185800.500  0.01%     -    0s

Explored 1 nodes (16842 simplex iterations) in 0.93 seconds (2.55 work units)
Thread count was 10 (of 10 available processors)

Solution count 1: 185816 

Optimal solution found (tolerance 1.00e-04)
Best objective 1.858155000000e+05, best bound 1.858005000000e+05, gap 0.0081%
Solução ótima encontrada.
Set parameter TimeLimit to value 25200
Set parameter TimeLimit to value 600
Gurobi Optimizer version 10.0.2 build v10.0.2rc0 (mac64[arm])

CPU model: Apple M5
Thread count: 10 physical cores, 10 logical processors, using up to 10 threads

Optimize a model with 548706 rows, 284763 columns and 1341935 nonzeros
Model fingerprint: 0x5b7d57ad
Variable types: 0 continuous, 284763 integer (264707 binary)
Coefficient statistics:
  Matrix range     [1e+00, 8e+01]
  Objective range  [5e-01, 2e+03]
  Bounds range     [1e+00, 1e+00]
  RHS range        [1e+00, 1e+02]

User MIP start produced solution with objective 185816 (0.10s)
Loaded user MIP start with objective 185816
MIP start from previous solve did not produce a new incumbent solution

Presolve removed 519880 rows and 261771 columns
Presolve time: 0.30s
Presolved: 28826 rows, 22992 columns, 85373 nonzeros
Variable types: 0 continuous, 22992 integer (22992 binary)

Root relaxation: objective 1.856890e+05, 16084 iterations, 0.71 seconds (2.01 work units)

    Nodes    |    Current Node    |     Objective Bounds      |     Work
 Expl Unexpl |  Obj  Depth IntInf | Incumbent    BestBd   Gap | It/Node Time

     0     0 185689.000    0  600 185815.500 185689.000  0.07%     -    1s
     0     0 185689.000    0  600 185815.500 185689.000  0.07%     -    1s
     0     0 185689.000    0  185 185815.500 185689.000  0.07%     -    1s
     0     0 185694.000    0  386 185815.500 185694.000  0.07%     -    1s
     0     0 185694.167    0  423 185815.500 185694.167  0.07%     -    1s
     0     0 185694.167    0  419 185815.500 185694.167  0.07%     -    1s
     0     0 185695.650    0  476 185815.500 185695.650  0.06%     -    1s
     0     0 185695.650    0  486 185815.500 185695.650  0.06%     -    1s
     0     0 185695.650    0  447 185815.500 185695.650  0.06%     -    1s
     0     0 185695.650    0  438 185815.500 185695.650  0.06%     -    1s
     0     0 185696.650    0  448 185815.500 185696.650  0.06%     -    1s
     0     0 185704.000    0  124 185815.500 185704.000  0.06%     -    1s
     0     0 185704.000    0  184 185815.500 185704.000  0.06%     -    1s
     0     0 185704.196    0  327 185815.500 185704.196  0.06%     -    2s
     0     0 185706.139    0  346 185815.500 185706.139  0.06%     -    2s
     0     0 185706.167    0  332 185815.500 185706.167  0.06%     -    2s
     0     0 185711.167    0  175 185815.500 185711.167  0.06%     -    2s
     0     0 185711.167    0  230 185815.500 185711.167  0.06%     -    2s
     0     0 185713.429    0  281 185815.500 185713.429  0.05%     -    2s
     0     0 185715.375    0  318 185815.500 185715.375  0.05%     -    2s
     0     0 185715.375    0  317 185815.500 185715.375  0.05%     -    2s
     0     0 185717.208    0  259 185815.500 185717.208  0.05%     -    2s
     0     2 185717.250    0  257 185815.500 185717.250  0.05%     -    2s
   689   381 185719.840    7  315 185815.500 185718.167  0.05%  69.8    5s
  2823  1212 185748.615   31  212 185815.500 185726.019  0.05%  82.5   10s
 11645  3163 185746.278   38  152 185815.500 185737.667  0.04%  97.6   15s
 22872  2056 infeasible   37      185815.500 185751.000  0.03%   104   20s

Cutting planes:
  Gomory: 8
  Clique: 2
  MIR: 1
  Flow cover: 12
  Inf proof: 4
  Zero half: 29
  RLT: 17
  BQP: 109

Explored 26954 nodes (2910338 simplex iterations) in 21.86 seconds (36.77 work units)
Thread count was 10 (of 10 available processors)

Solution count 1: 185816 

Optimal solution found (tolerance 1.00e-04)
Best objective 1.858155000000e+05, best bound 1.858155000000e+05, gap 0.0000%
Solução ótima encontrada.
Set parameter TimeLimit to value 25200
Set parameter TimeLimit to value 600
Gurobi Optimizer version 10.0.2 build v10.0.2rc0 (mac64[arm])

CPU model: Apple M5
Thread count: 10 physical cores, 10 logical processors, using up to 10 threads

Optimize a model with 548706 rows, 284763 columns and 1341935 nonzeros
Model fingerprint: 0xfb7c2ea2
Variable types: 0 continuous, 284763 integer (264707 binary)
Coefficient statistics:
  Matrix range     [1e+00, 8e+01]
  Objective range  [5e-01, 2e+03]
  Bounds range     [1e+00, 1e+00]
  RHS range        [1e+00, 1e+02]

User MIP start produced solution with objective 185816 (0.10s)
Loaded user MIP start with objective 185816
MIP start from previous solve did not produce a new incumbent solution

Presolve removed 507121 rows and 253544 columns
Presolve time: 0.35s
Presolved: 41585 rows, 31219 columns, 123602 nonzeros
Variable types: 0 continuous, 31219 integer (31219 binary)
Deterministic concurrent LP optimizer: primal and dual simplex
Showing first log only...

Concurrent spin time: 0.00s

Solved with dual simplex

Root relaxation: objective 1.856637e+05, 21858 iterations, 1.12 seconds (2.98 work units)

    Nodes    |    Current Node    |     Objective Bounds      |     Work
 Expl Unexpl |  Obj  Depth IntInf | Incumbent    BestBd   Gap | It/Node Time

     0     0 185663.704    0 1040 185815.500 185663.704  0.08%     -    2s
     0     0 185704.000    0  320 185815.500 185704.000  0.06%     -    2s
     0     0 185704.000    0  320 185815.500 185704.000  0.06%     -    2s
     0     0 185704.000    0  174 185815.500 185704.000  0.06%     -    2s
     0     0 185704.000    0  248 185815.500 185704.000  0.06%     -    2s
     0     0 185709.250    0  341 185815.500 185709.250  0.06%     -    2s
     0     0 185710.100    0  341 185815.500 185710.100  0.06%     -    3s
     0     0 185710.500    0  277 185815.500 185710.500  0.06%     -    3s
     0     0 185712.083    0  304 185815.500 185712.083  0.06%     -    3s
     0     0 185712.083    0  339 185815.500 185712.083  0.06%     -    3s
     0     0 185713.708    0  276 185815.500 185713.708  0.05%     -    3s
     0     2 185713.792    0  276 185815.500 185713.792  0.05%     -    3s
   389   254 185726.833    9  227 185815.500 185714.580  0.05%   113    5s
  1706   904     cutoff   23      185815.500 185716.150  0.05%  97.7   10s
  7997  1473     cutoff   36      185815.500 185734.833  0.04%  93.0   15s
 18327  1451 infeasible   40      185815.500 185742.438  0.04%  94.2   20s

Cutting planes:
  Gomory: 2
  MIR: 1
  Flow cover: 3
  Inf proof: 2
  Zero half: 21
  RLT: 18
  BQP: 80

Explored 23789 nodes (2285974 simplex iterations) in 23.04 seconds (39.06 work units)
Thread count was 10 (of 10 available processors)

Solution count 2: 185816 185816 

Optimal solution found (tolerance 1.00e-04)
Best objective 1.858155000000e+05, best bound 1.858155000000e+05, gap 0.0000%
Solução ótima encontrada.
RESULTADO_JSON={"arquivo_log_csv": "resultados/experimentos/2024_1/curso_pares/total4h_inicial3min_norel3min_viz10min/20260923_214522/historico.csv", "arquivo_log_json": "resultados/experimentos/2024_1/curso_pares/total4h_inicial3min_norel3min_viz10min/20260923_214522/historico.json", "arquivo_melhor_solucao": "resultados/experimentos/2024_1/curso_pares/total4h_inicial3min_norel3min_viz10min/20260923_214522/melhor_solucao.sol", "etapa": "fix_and_optimize_curso_pares", "ganho_absoluto": 879.0, "historico": [{"ciclo": 1, "curso": "ADM", "disciplinas_livres": 48, "iteracao": 1, "melhorou": true, "objetivo_anterior": 186694.5, "objetivo_candidato": 186661.5, "objetivo_incumbente": 186661.5, "ordem_cursos": "alfabetica", "passada": 1, "posicao_ordem_curso": 1, "recurso": "ADM", "seed_ordem_cursos": null, "status_solver": "OPTIMAL", "tempo_gasto_s": 1.05, "tempo_limite_subproblema_s": 600.0, "tempo_solver_s": 0.78, "variaveis_x_fixadas": 85698, "variaveis_x_livres": 9292, "vizinhanca": "curso"}, {"ciclo": 1, "curso": "AGRO", "disciplinas_livres": 51, "iteracao": 2, "melhorou": true, "objetivo_anterior": 186661.5, "objetivo_candidato": 186658.5, "objetivo_incumbente": 186658.5, "ordem_cursos": "alfabetica", "passada": 1, "posicao_ordem_curso": 2, "recurso": "AGRO", "seed_ordem_cursos": null, "status_solver": "OPTIMAL", "tempo_gasto_s": 3.41, "tempo_limite_subproblema_s": 600.0, "tempo_solver_s": 3.05, "variaveis_x_fixadas": 86250, "variaveis_x_livres": 8740, "vizinhanca": "curso"}, {"ciclo": 1, "curso": "CC", "disciplinas_livres": 47, "iteracao": 3, "melhorou": false, "objetivo_anterior": 186658.5, "objetivo_candidato": 186658.5, "objetivo_incumbente": 186658.5, "ordem_cursos": "alfabetica", "passada": 1, "posicao_ordem_curso": 3, "recurso": "CC", "seed_ordem_cursos": null, "status_solver": "OPTIMAL", "tempo_gasto_s": 1.05, "tempo_limite_subproblema_s": 600.0, "tempo_solver_s": 0.71, "variaveis_x_fixadas": 84456, "variaveis_x_livres": 10534, "vizinhanca": "curso"}, {"ciclo": 1, "curso": "CS", "disciplinas_livres": 22, "iteracao": 4, "melhorou": false, "objetivo_anterior": 186658.5, "objetivo_candidato": 186658.5, "objetivo_incumbente": 186658.5, "ordem_cursos": "alfabetica", "passada": 1, "posicao_ordem_curso": 4, "recurso": "CS", "seed_ordem_cursos": null, "status_solver": "OPTIMAL", "tempo_gasto_s": 0.65, "tempo_limite_subproblema_s": 600.0, "tempo_solver_s": 0.32, "variaveis_x_fixadas": 90436, "variaveis_x_livres": 4554, "vizinhanca": "curso"}, {"ciclo": 1, "curso": "EAS", "disciplinas_livres": 45, "iteracao": 5, "melhorou": true, "objetivo_anterior": 186658.5, "objetivo_candidato": 186648.5, "objetivo_incumbente": 186648.5, "ordem_cursos": "alfabetica", "passada": 1, "posicao_ordem_curso": 5, "recurso": "EAS", "seed_ordem_cursos": null, "status_solver": "OPTIMAL", "tempo_gasto_s": 0.72, "tempo_limite_subproblema_s": 600.0, "tempo_solver_s": 0.38, "variaveis_x_fixadas": 87538, "variaveis_x_livres": 7452, "vizinhanca": "curso"}, {"ciclo": 1, "curso": "ENF", "disciplinas_livres": 18, "iteracao": 6, "melhorou": true, "objetivo_anterior": 186648.5, "objetivo_candidato": 186355.5, "objetivo_incumbente": 186355.5, "ordem_cursos": "alfabetica", "passada": 1, "posicao_ordem_curso": 6, "recurso": "ENF", "seed_ordem_cursos": null, "status_solver": "OPTIMAL", "tempo_gasto_s": 2.86, "tempo_limite_subproblema_s": 600.0, "tempo_solver_s": 2.53, "variaveis_x_fixadas": 86480, "variaveis_x_livres": 8510, "vizinhanca": "curso"}, {"ciclo": 1, "curso": "FIL", "disciplinas_livres": 15, "iteracao": 7, "melhorou": false, "objetivo_anterior": 186355.5, "objetivo_candidato": 186355.5, "objetivo_incumbente": 186355.5, "ordem_cursos": "alfabetica", "passada": 1, "posicao_ordem_curso": 7, "recurso": "FIL", "seed_ordem_cursos": null, "status_solver": "OPTIMAL", "tempo_gasto_s": 0.62, "tempo_limite_subproblema_s": 600.0, "tempo_solver_s": 0.28, "variaveis_x_fixadas": 92230, "variaveis_x_livres": 2760, "vizinhanca": "curso"}, {"ciclo": 1, "curso": "GEO", "disciplinas_livres": 10, "iteracao": 8, "melhorou": false, "objetivo_anterior": 186355.5, "objetivo_candidato": 186355.5, "objetivo_incumbente": 186355.5, "ordem_cursos": "alfabetica", "passada": 1, "posicao_ordem_curso": 8, "recurso": "GEO", "seed_ordem_cursos": null, "status_solver": "OPTIMAL", "tempo_gasto_s": 0.64, "tempo_limite_subproblema_s": 600.0, "tempo_solver_s": 0.29, "variaveis_x_fixadas": 92920, "variaveis_x_livres": 2070, "vizinhanca": "curso"}, {"ciclo": 1, "curso": "HIS", "disciplinas_livres": 24, "iteracao": 9, "melhorou": false, "objetivo_anterior": 186355.5, "objetivo_candidato": 186355.5, "objetivo_incumbente": 186355.5, "ordem_cursos": "alfabetica", "passada": 1, "posicao_ordem_curso": 9, "recurso": "HIS", "seed_ordem_cursos": null, "status_solver": "OPTIMAL", "tempo_gasto_s": 0.66, "tempo_limite_subproblema_s": 600.0, "tempo_solver_s": 0.34, "variaveis_x_fixadas": 90206, "variaveis_x_livres": 4784, "vizinhanca": "curso"}, {"ciclo": 1, "curso": "LET", "disciplinas_livres": 36, "iteracao": 10, "melhorou": false, "objetivo_anterior": 186355.5, "objetivo_candidato": 186355.5, "objetivo_incumbente": 186355.5, "ordem_cursos": "alfabetica", "passada": 1, "posicao_ordem_curso": 10, "recurso": "LET", "seed_ordem_cursos": null, "status_solver": "OPTIMAL", "tempo_gasto_s": 3.23, "tempo_limite_subproblema_s": 600.0, "tempo_solver_s": 2.9, "variaveis_x_fixadas": 85836, "variaveis_x_livres": 9154, "vizinhanca": "curso"}, {"ciclo": 1, "curso": "MAT", "disciplinas_livres": 23, "iteracao": 11, "melhorou": true, "objetivo_anterior": 186355.5, "objetivo_candidato": 186325.5, "objetivo_incumbente": 186325.5, "ordem_cursos": "alfabetica", "passada": 1, "posicao_ordem_curso": 11, "recurso": "MAT", "seed_ordem_cursos": null, "status_solver": "OPTIMAL", "tempo_gasto_s": 0.74, "tempo_limite_subproblema_s": 600.0, "tempo_solver_s": 0.39, "variaveis_x_fixadas": 90022, "variaveis_x_livres": 4968, "vizinhanca": "curso"}, {"ciclo": 1, "curso": "MED", "disciplinas_livres": 41, "iteracao": 12, "melhorou": false, "objetivo_anterior": 186325.5, "objetivo_candidato": 186325.5, "objetivo_incumbente": 186325.5, "ordem_cursos": "alfabetica", "passada": 1, "posicao_ordem_curso": 12, "recurso": "MED", "seed_ordem_cursos": null, "status_solver": "OPTIMAL", "tempo_gasto_s": 1.13, "tempo_limite_subproblema_s": 600.0, "tempo_solver_s": 0.81, "variaveis_x_fixadas": 85606, "variaveis_x_livres": 9384, "vizinhanca": "curso"}, {"ciclo": 1, "curso": "PED", "disciplinas_livres": 56, "iteracao": 13, "melhorou": true, "objetivo_anterior": 186325.5, "objetivo_candidato": 186275.5, "objetivo_incumbente": 186275.5, "ordem_cursos": "alfabetica", "passada": 1, "posicao_ordem_curso": 13, "recurso": "PED", "seed_ordem_cursos": null, "status_solver": "OPTIMAL", "tempo_gasto_s": 2.61, "tempo_limite_subproblema_s": 600.0, "tempo_solver_s": 2.28, "variaveis_x_fixadas": 82202, "variaveis_x_livres": 12788, "vizinhanca": "curso"}, {"ciclo": 1, "curso": "ADM", "disciplinas_livres": 48, "iteracao": 1, "melhorou": false, "objetivo_anterior": 186275.5, "objetivo_candidato": 186275.5, "objetivo_incumbente": 186275.5, "ordem_cursos": "alfabetica", "passada": 2, "posicao_ordem_curso": 1, "recurso": "ADM", "seed_ordem_cursos": null, "status_solver": "OPTIMAL", "tempo_gasto_s": 0.96, "tempo_limite_subproblema_s": 600.0, "tempo_solver_s": 0.62, "variaveis_x_fixadas": 85698, "variaveis_x_livres": 9292, "vizinhanca": "curso"}, {"ciclo": 1, "curso": "AGRO", "disciplinas_livres": 51, "iteracao": 2, "melhorou": false, "objetivo_anterior": 186275.5, "objetivo_candidato": 186275.5, "objetivo_incumbente": 186275.5, "ordem_cursos": "alfabetica", "passada": 2, "posicao_ordem_curso": 2, "recurso": "AGRO", "seed_ordem_cursos": null, "status_solver": "OPTIMAL", "tempo_gasto_s": 3.65, "tempo_limite_subproblema_s": 600.0, "tempo_solver_s": 3.33, "variaveis_x_fixadas": 86250, "variaveis_x_livres": 8740, "vizinhanca": "curso"}, {"ciclo": 1, "curso": "CC", "disciplinas_livres": 47, "iteracao": 3, "melhorou": false, "objetivo_anterior": 186275.5, "objetivo_candidato": 186275.5, "objetivo_incumbente": 186275.5, "ordem_cursos": "alfabetica", "passada": 2, "posicao_ordem_curso": 3, "recurso": "CC", "seed_ordem_cursos": null, "status_solver": "OPTIMAL", "tempo_gasto_s": 1.14, "tempo_limite_subproblema_s": 600.0, "tempo_solver_s": 0.81, "variaveis_x_fixadas": 84456, "variaveis_x_livres": 10534, "vizinhanca": "curso"}, {"ciclo": 1, "curso": "CS", "disciplinas_livres": 22, "iteracao": 4, "melhorou": false, "objetivo_anterior": 186275.5, "objetivo_candidato": 186275.5, "objetivo_incumbente": 186275.5, "ordem_cursos": "alfabetica", "passada": 2, "posicao_ordem_curso": 4, "recurso": "CS", "seed_ordem_cursos": null, "status_solver": "OPTIMAL", "tempo_gasto_s": 0.63, "tempo_limite_subproblema_s": 600.0, "tempo_solver_s": 0.31, "variaveis_x_fixadas": 90436, "variaveis_x_livres": 4554, "vizinhanca": "curso"}, {"ciclo": 1, "curso": "EAS", "disciplinas_livres": 45, "iteracao": 5, "melhorou": false, "objetivo_anterior": 186275.5, "objetivo_candidato": 186275.5, "objetivo_incumbente": 186275.5, "ordem_cursos": "alfabetica", "passada": 2, "posicao_ordem_curso": 5, "recurso": "EAS", "seed_ordem_cursos": null, "status_solver": "OPTIMAL", "tempo_gasto_s": 0.71, "tempo_limite_subproblema_s": 600.0, "tempo_solver_s": 0.39, "variaveis_x_fixadas": 87538, "variaveis_x_livres": 7452, "vizinhanca": "curso"}, {"ciclo": 1, "curso": "ENF", "disciplinas_livres": 18, "iteracao": 6, "melhorou": false, "objetivo_anterior": 186275.5, "objetivo_candidato": 186275.5, "objetivo_incumbente": 186275.5, "ordem_cursos": "alfabetica", "passada": 2, "posicao_ordem_curso": 6, "recurso": "ENF", "seed_ordem_cursos": null, "status_solver": "OPTIMAL", "tempo_gasto_s": 2.69, "tempo_limite_subproblema_s": 600.0, "tempo_solver_s": 2.36, "variaveis_x_fixadas": 86480, "variaveis_x_livres": 8510, "vizinhanca": "curso"}, {"ciclo": 1, "curso": "FIL", "disciplinas_livres": 15, "iteracao": 7, "melhorou": false, "objetivo_anterior": 186275.5, "objetivo_candidato": 186275.5, "objetivo_incumbente": 186275.5, "ordem_cursos": "alfabetica", "passada": 2, "posicao_ordem_curso": 7, "recurso": "FIL", "seed_ordem_cursos": null, "status_solver": "OPTIMAL", "tempo_gasto_s": 0.62, "tempo_limite_subproblema_s": 600.0, "tempo_solver_s": 0.29, "variaveis_x_fixadas": 92230, "variaveis_x_livres": 2760, "vizinhanca": "curso"}, {"ciclo": 1, "curso": "GEO", "disciplinas_livres": 10, "iteracao": 8, "melhorou": false, "objetivo_anterior": 186275.5, "objetivo_candidato": 186275.5, "objetivo_incumbente": 186275.5, "ordem_cursos": "alfabetica", "passada": 2, "posicao_ordem_curso": 8, "recurso": "GEO", "seed_ordem_cursos": null, "status_solver": "OPTIMAL", "tempo_gasto_s": 0.61, "tempo_limite_subproblema_s": 600.0, "tempo_solver_s": 0.29, "variaveis_x_fixadas": 92920, "variaveis_x_livres": 2070, "vizinhanca": "curso"}, {"ciclo": 1, "curso": "HIS", "disciplinas_livres": 24, "iteracao": 9, "melhorou": false, "objetivo_anterior": 186275.5, "objetivo_candidato": 186275.5, "objetivo_incumbente": 186275.5, "ordem_cursos": "alfabetica", "passada": 2, "posicao_ordem_curso": 9, "recurso": "HIS", "seed_ordem_cursos": null, "status_solver": "OPTIMAL", "tempo_gasto_s": 0.66, "tempo_limite_subproblema_s": 600.0, "tempo_solver_s": 0.33, "variaveis_x_fixadas": 90206, "variaveis_x_livres": 4784, "vizinhanca": "curso"}, {"ciclo": 1, "curso": "LET", "disciplinas_livres": 36, "iteracao": 10, "melhorou": false, "objetivo_anterior": 186275.5, "objetivo_candidato": 186275.5, "objetivo_incumbente": 186275.5, "ordem_cursos": "alfabetica", "passada": 2, "posicao_ordem_curso": 10, "recurso": "LET", "seed_ordem_cursos": null, "status_solver": "OPTIMAL", "tempo_gasto_s": 2.56, "tempo_limite_subproblema_s": 600.0, "tempo_solver_s": 2.23, "variaveis_x_fixadas": 85836, "variaveis_x_livres": 9154, "vizinhanca": "curso"}, {"ciclo": 1, "curso": "MAT", "disciplinas_livres": 23, "iteracao": 11, "melhorou": false, "objetivo_anterior": 186275.5, "objetivo_candidato": 186275.5, "objetivo_incumbente": 186275.5, "ordem_cursos": "alfabetica", "passada": 2, "posicao_ordem_curso": 11, "recurso": "MAT", "seed_ordem_cursos": null, "status_solver": "OPTIMAL", "tempo_gasto_s": 0.7, "tempo_limite_subproblema_s": 600.0, "tempo_solver_s": 0.36, "variaveis_x_fixadas": 90022, "variaveis_x_livres": 4968, "vizinhanca": "curso"}, {"ciclo": 1, "curso": "MED", "disciplinas_livres": 41, "iteracao": 12, "melhorou": false, "objetivo_anterior": 186275.5, "objetivo_candidato": 186275.5, "objetivo_incumbente": 186275.5, "ordem_cursos": "alfabetica", "passada": 2, "posicao_ordem_curso": 12, "recurso": "MED", "seed_ordem_cursos": null, "status_solver": "OPTIMAL", "tempo_gasto_s": 1.2, "tempo_limite_subproblema_s": 600.0, "tempo_solver_s": 0.88, "variaveis_x_fixadas": 85606, "variaveis_x_livres": 9384, "vizinhanca": "curso"}, {"ciclo": 1, "curso": "PED", "disciplinas_livres": 56, "iteracao": 13, "melhorou": false, "objetivo_anterior": 186275.5, "objetivo_candidato": 186275.5, "objetivo_incumbente": 186275.5, "ordem_cursos": "alfabetica", "passada": 2, "posicao_ordem_curso": 13, "recurso": "PED", "seed_ordem_cursos": null, "status_solver": "OPTIMAL", "tempo_gasto_s": 3.96, "tempo_limite_subproblema_s": 600.0, "tempo_solver_s": 3.63, "variaveis_x_fixadas": 82202, "variaveis_x_livres": 12788, "vizinhanca": "curso"}, {"ciclo": 1, "curso_a": "ADM", "curso_b": "AGRO", "disciplinas_livres": 99, "iteracao": 1, "melhorou": false, "objetivo_anterior": 186275.5, "objetivo_candidato": 186275.5, "objetivo_incumbente": 186275.5, "ordem_cursos": "alfabetica", "passada": 3, "posicao_par": 1, "recurso": "ADM+AGRO", "seed_ordem_cursos": null, "status_solver": "OPTIMAL", "tempo_gasto_s": 8.17, "tempo_limite_subproblema_s": 600.0, "tempo_solver_s": 7.84, "variaveis_x_fixadas": 76958, "variaveis_x_livres": 18032, "vizinhanca": "par_cursos"}, {"ciclo": 1, "curso_a": "ADM", "curso_b": "CC", "disciplinas_livres": 95, "iteracao": 2, "melhorou": false, "objetivo_anterior": 186275.5, "objetivo_candidato": 186275.5, "objetivo_incumbente": 186275.5, "ordem_cursos": "alfabetica", "passada": 3, "posicao_par": 2, "recurso": "ADM+CC", "seed_ordem_cursos": null, "status_solver": "OPTIMAL", "tempo_gasto_s": 2.36, "tempo_limite_subproblema_s": 600.0, "tempo_solver_s": 2.04, "variaveis_x_fixadas": 75164, "variaveis_x_livres": 19826, "vizinhanca": "par_cursos"}, {"ciclo": 1, "curso_a": "ADM", "curso_b": "CS", "disciplinas_livres": 70, "iteracao": 3, "melhorou": false, "objetivo_anterior": 186275.5, "objetivo_candidato": 186275.5, "objetivo_incumbente": 186275.5, "ordem_cursos": "alfabetica", "passada": 3, "posicao_par": 3, "recurso": "ADM+CS", "seed_ordem_cursos": null, "status_solver": "OPTIMAL", "tempo_gasto_s": 1.53, "tempo_limite_subproblema_s": 600.0, "tempo_solver_s": 1.19, "variaveis_x_fixadas": 81144, "variaveis_x_livres": 13846, "vizinhanca": "par_cursos"}, {"ciclo": 1, "curso_a": "ADM", "curso_b": "EAS", "disciplinas_livres": 93, "iteracao": 4, "melhorou": true, "objetivo_anterior": 186275.5, "objetivo_candidato": 186270.5, "objetivo_incumbente": 186270.5, "ordem_cursos": "alfabetica", "passada": 3, "posicao_par": 4, "recurso": "ADM+EAS", "seed_ordem_cursos": null, "status_solver": "OPTIMAL", "tempo_gasto_s": 1.49, "tempo_limite_subproblema_s": 600.0, "tempo_solver_s": 1.17, "variaveis_x_fixadas": 78246, "variaveis_x_livres": 16744, "vizinhanca": "par_cursos"}, {"ciclo": 1, "curso_a": "ADM", "curso_b": "ENF", "disciplinas_livres": 66, "iteracao": 5, "melhorou": false, "objetivo_anterior": 186270.5, "objetivo_candidato": 186270.5, "objetivo_incumbente": 186270.5, "ordem_cursos": "alfabetica", "passada": 3, "posicao_par": 5, "recurso": "ADM+ENF", "seed_ordem_cursos": null, "status_solver": "OPTIMAL", "tempo_gasto_s": 28.75, "tempo_limite_subproblema_s": 600.0, "tempo_solver_s": 28.42, "variaveis_x_fixadas": 77188, "variaveis_x_livres": 17802, "vizinhanca": "par_cursos"}, {"ciclo": 1, "curso_a": "ADM", "curso_b": "FIL", "disciplinas_livres": 63, "iteracao": 6, "melhorou": false, "objetivo_anterior": 186270.5, "objetivo_candidato": 186270.5, "objetivo_incumbente": 186270.5, "ordem_cursos": "alfabetica", "passada": 3, "posicao_par": 6, "recurso": "ADM+FIL", "seed_ordem_cursos": null, "status_solver": "OPTIMAL", "tempo_gasto_s": 1.11, "tempo_limite_subproblema_s": 600.0, "tempo_solver_s": 0.76, "variaveis_x_fixadas": 82938, "variaveis_x_livres": 12052, "vizinhanca": "par_cursos"}, {"ciclo": 1, "curso_a": "ADM", "curso_b": "GEO", "disciplinas_livres": 58, "iteracao": 7, "melhorou": false, "objetivo_anterior": 186270.5, "objetivo_candidato": 186270.5, "objetivo_incumbente": 186270.5, "ordem_cursos": "alfabetica", "passada": 3, "posicao_par": 7, "recurso": "ADM+GEO", "seed_ordem_cursos": null, "status_solver": "OPTIMAL", "tempo_gasto_s": 1.06, "tempo_limite_subproblema_s": 600.0, "tempo_solver_s": 0.72, "variaveis_x_fixadas": 83628, "variaveis_x_livres": 11362, "vizinhanca": "par_cursos"}, {"ciclo": 1, "curso_a": "ADM", "curso_b": "HIS", "disciplinas_livres": 72, "iteracao": 8, "melhorou": false, "objetivo_anterior": 186270.5, "objetivo_candidato": 186270.5, "objetivo_incumbente": 186270.5, "ordem_cursos": "alfabetica", "passada": 3, "posicao_par": 8, "recurso": "ADM+HIS", "seed_ordem_cursos": null, "status_solver": "OPTIMAL", "tempo_gasto_s": 1.52, "tempo_limite_subproblema_s": 600.0, "tempo_solver_s": 1.17, "variaveis_x_fixadas": 80914, "variaveis_x_livres": 14076, "vizinhanca": "par_cursos"}, {"ciclo": 1, "curso_a": "ADM", "curso_b": "LET", "disciplinas_livres": 84, "iteracao": 9, "melhorou": true, "objetivo_anterior": 186270.5, "objetivo_candidato": 186254.5, "objetivo_incumbente": 186254.5, "ordem_cursos": "alfabetica", "passada": 3, "posicao_par": 9, "recurso": "ADM+LET", "seed_ordem_cursos": null, "status_solver": "OPTIMAL", "tempo_gasto_s": 162.19, "tempo_limite_subproblema_s": 600.0, "tempo_solver_s": 161.82, "variaveis_x_fixadas": 76544, "variaveis_x_livres": 18446, "vizinhanca": "par_cursos"}, {"ciclo": 1, "curso_a": "ADM", "curso_b": "MAT", "disciplinas_livres": 71, "iteracao": 10, "melhorou": false, "objetivo_anterior": 186254.5, "objetivo_candidato": 186254.5, "objetivo_incumbente": 186254.5, "ordem_cursos": "alfabetica", "passada": 3, "posicao_par": 10, "recurso": "ADM+MAT", "seed_ordem_cursos": null, "status_solver": "OPTIMAL", "tempo_gasto_s": 1.95, "tempo_limite_subproblema_s": 600.0, "tempo_solver_s": 1.59, "variaveis_x_fixadas": 80730, "variaveis_x_livres": 14260, "vizinhanca": "par_cursos"}, {"ciclo": 1, "curso_a": "ADM", "curso_b": "MED", "disciplinas_livres": 89, "iteracao": 11, "melhorou": false, "objetivo_anterior": 186254.5, "objetivo_candidato": 186254.5, "objetivo_incumbente": 186254.5, "ordem_cursos": "alfabetica", "passada": 3, "posicao_par": 11, "recurso": "ADM+MED", "seed_ordem_cursos": null, "status_solver": "OPTIMAL", "tempo_gasto_s": 2.86, "tempo_limite_subproblema_s": 600.0, "tempo_solver_s": 2.5, "variaveis_x_fixadas": 76314, "variaveis_x_livres": 18676, "vizinhanca": "par_cursos"}, {"ciclo": 1, "curso_a": "ADM", "curso_b": "PED", "disciplinas_livres": 104, "iteracao": 12, "melhorou": true, "objetivo_anterior": 186254.5, "objetivo_candidato": 186180.0, "objetivo_incumbente": 186180.0, "ordem_cursos": "alfabetica", "passada": 3, "posicao_par": 12, "recurso": "ADM+PED", "seed_ordem_cursos": null, "status_solver": "TIME_LIMIT", "tempo_gasto_s": 600.49, "tempo_limite_subproblema_s": 600.0, "tempo_solver_s": 600.14, "variaveis_x_fixadas": 72910, "variaveis_x_livres": 22080, "vizinhanca": "par_cursos"}, {"ciclo": 1, "curso_a": "AGRO", "curso_b": "CC", "disciplinas_livres": 98, "iteracao": 13, "melhorou": false, "objetivo_anterior": 186180.0, "objetivo_candidato": 186180.0, "objetivo_incumbente": 186180.0, "ordem_cursos": "alfabetica", "passada": 3, "posicao_par": 13, "recurso": "AGRO+CC", "seed_ordem_cursos": null, "status_solver": "OPTIMAL", "tempo_gasto_s": 59.68, "tempo_limite_subproblema_s": 600.0, "tempo_solver_s": 59.3, "variaveis_x_fixadas": 75716, "variaveis_x_livres": 19274, "vizinhanca": "par_cursos"}, {"ciclo": 1, "curso_a": "AGRO", "curso_b": "CS", "disciplinas_livres": 73, "iteracao": 14, "melhorou": true, "objetivo_anterior": 186180.0, "objetivo_candidato": 186175.0, "objetivo_incumbente": 186175.0, "ordem_cursos": "alfabetica", "passada": 3, "posicao_par": 14, "recurso": "AGRO+CS", "seed_ordem_cursos": null, "status_solver": "OPTIMAL", "tempo_gasto_s": 4.39, "tempo_limite_subproblema_s": 600.0, "tempo_solver_s": 4.07, "variaveis_x_fixadas": 81696, "variaveis_x_livres": 13294, "vizinhanca": "par_cursos"}, {"ciclo": 1, "curso_a": "AGRO", "curso_b": "EAS", "disciplinas_livres": 96, "iteracao": 15, "melhorou": false, "objetivo_anterior": 186175.0, "objetivo_candidato": 186175.0, "objetivo_incumbente": 186175.0, "ordem_cursos": "alfabetica", "passada": 3, "posicao_par": 15, "recurso": "AGRO+EAS", "seed_ordem_cursos": null, "status_solver": "OPTIMAL", "tempo_gasto_s": 7.09, "tempo_limite_subproblema_s": 600.0, "tempo_solver_s": 6.76, "variaveis_x_fixadas": 78798, "variaveis_x_livres": 16192, "vizinhanca": "par_cursos"}, {"ciclo": 1, "curso_a": "AGRO", "curso_b": "ENF", "disciplinas_livres": 69, "iteracao": 16, "melhorou": true, "objetivo_anterior": 186175.0, "objetivo_candidato": 186156.5, "objetivo_incumbente": 186156.5, "ordem_cursos": "alfabetica", "passada": 3, "posicao_par": 16, "recurso": "AGRO+ENF", "seed_ordem_cursos": null, "status_solver": "OPTIMAL", "tempo_gasto_s": 169.16, "tempo_limite_subproblema_s": 600.0, "tempo_solver_s": 168.85, "variaveis_x_fixadas": 77740, "variaveis_x_livres": 17250, "vizinhanca": "par_cursos"}, {"ciclo": 1, "curso_a": "AGRO", "curso_b": "FIL", "disciplinas_livres": 66, "iteracao": 17, "melhorou": false, "objetivo_anterior": 186156.5, "objetivo_candidato": 186156.5, "objetivo_incumbente": 186156.5, "ordem_cursos": "alfabetica", "passada": 3, "posicao_par": 17, "recurso": "AGRO+FIL", "seed_ordem_cursos": null, "status_solver": "OPTIMAL", "tempo_gasto_s": 3.25, "tempo_limite_subproblema_s": 600.0, "tempo_solver_s": 2.94, "variaveis_x_fixadas": 83490, "variaveis_x_livres": 11500, "vizinhanca": "par_cursos"}, {"ciclo": 1, "curso_a": "AGRO", "curso_b": "GEO", "disciplinas_livres": 61, "iteracao": 18, "melhorou": false, "objetivo_anterior": 186156.5, "objetivo_candidato": 186156.5, "objetivo_incumbente": 186156.5, "ordem_cursos": "alfabetica", "passada": 3, "posicao_par": 18, "recurso": "AGRO+GEO", "seed_ordem_cursos": null, "status_solver": "OPTIMAL", "tempo_gasto_s": 3.67, "tempo_limite_subproblema_s": 600.0, "tempo_solver_s": 3.34, "variaveis_x_fixadas": 84180, "variaveis_x_livres": 10810, "vizinhanca": "par_cursos"}, {"ciclo": 1, "curso_a": "AGRO", "curso_b": "HIS", "disciplinas_livres": 75, "iteracao": 19, "melhorou": false, "objetivo_anterior": 186156.5, "objetivo_candidato": 186156.5, "objetivo_incumbente": 186156.5, "ordem_cursos": "alfabetica", "passada": 3, "posicao_par": 19, "recurso": "AGRO+HIS", "seed_ordem_cursos": null, "status_solver": "OPTIMAL", "tempo_gasto_s": 4.22, "tempo_limite_subproblema_s": 600.0, "tempo_solver_s": 3.89, "variaveis_x_fixadas": 81466, "variaveis_x_livres": 13524, "vizinhanca": "par_cursos"}, {"ciclo": 1, "curso_a": "AGRO", "curso_b": "LET", "disciplinas_livres": 87, "iteracao": 20, "melhorou": false, "objetivo_anterior": 186156.5, "objetivo_candidato": 186156.5, "objetivo_incumbente": 186156.5, "ordem_cursos": "alfabetica", "passada": 3, "posicao_par": 20, "recurso": "AGRO+LET", "seed_ordem_cursos": null, "status_solver": "OPTIMAL", "tempo_gasto_s": 47.83, "tempo_limite_subproblema_s": 600.0, "tempo_solver_s": 47.52, "variaveis_x_fixadas": 77096, "variaveis_x_livres": 17894, "vizinhanca": "par_cursos"}, {"ciclo": 1, "curso_a": "AGRO", "curso_b": "MAT", "disciplinas_livres": 74, "iteracao": 21, "melhorou": false, "objetivo_anterior": 186156.5, "objetivo_candidato": 186156.5, "objetivo_incumbente": 186156.5, "ordem_cursos": "alfabetica", "passada": 3, "posicao_par": 21, "recurso": "AGRO+MAT", "seed_ordem_cursos": null, "status_solver": "OPTIMAL", "tempo_gasto_s": 3.95, "tempo_limite_subproblema_s": 600.0, "tempo_solver_s": 3.63, "variaveis_x_fixadas": 81282, "variaveis_x_livres": 13708, "vizinhanca": "par_cursos"}, {"ciclo": 1, "curso_a": "AGRO", "curso_b": "MED", "disciplinas_livres": 92, "iteracao": 22, "melhorou": true, "objetivo_anterior": 186156.5, "objetivo_candidato": 185945.0, "objetivo_incumbente": 185945.0, "ordem_cursos": "alfabetica", "passada": 3, "posicao_par": 22, "recurso": "AGRO+MED", "seed_ordem_cursos": null, "status_solver": "TIME_LIMIT", "tempo_gasto_s": 600.36, "tempo_limite_subproblema_s": 600.0, "tempo_solver_s": 600.03, "variaveis_x_fixadas": 76866, "variaveis_x_livres": 18124, "vizinhanca": "par_cursos"}, {"ciclo": 1, "curso_a": "AGRO", "curso_b": "PED", "disciplinas_livres": 107, "iteracao": 23, "melhorou": false, "objetivo_anterior": 185945.0, "objetivo_candidato": 185945.0, "objetivo_incumbente": 185945.0, "ordem_cursos": "alfabetica", "passada": 3, "posicao_par": 23, "recurso": "AGRO+PED", "seed_ordem_cursos": null, "status_solver": "OPTIMAL", "tempo_gasto_s": 45.5, "tempo_limite_subproblema_s": 600.0, "tempo_solver_s": 45.16, "variaveis_x_fixadas": 73462, "variaveis_x_livres": 21528, "vizinhanca": "par_cursos"}, {"ciclo": 1, "curso_a": "CC", "curso_b": "CS", "disciplinas_livres": 69, "iteracao": 24, "melhorou": true, "objetivo_anterior": 185945.0, "objetivo_candidato": 185940.0, "objetivo_incumbente": 185940.0, "ordem_cursos": "alfabetica", "passada": 3, "posicao_par": 24, "recurso": "CC+CS", "seed_ordem_cursos": null, "status_solver": "OPTIMAL", "tempo_gasto_s": 38.2, "tempo_limite_subproblema_s": 600.0, "tempo_solver_s": 37.88, "variaveis_x_fixadas": 79902, "variaveis_x_livres": 15088, "vizinhanca": "par_cursos"}, {"ciclo": 1, "curso_a": "CC", "curso_b": "EAS", "disciplinas_livres": 92, "iteracao": 25, "melhorou": false, "objetivo_anterior": 185940.0, "objetivo_candidato": 185940.0, "objetivo_incumbente": 185940.0, "ordem_cursos": "alfabetica", "passada": 3, "posicao_par": 25, "recurso": "CC+EAS", "seed_ordem_cursos": null, "status_solver": "OPTIMAL", "tempo_gasto_s": 4.09, "tempo_limite_subproblema_s": 600.0, "tempo_solver_s": 3.78, "variaveis_x_fixadas": 77004, "variaveis_x_livres": 17986, "vizinhanca": "par_cursos"}, {"ciclo": 1, "curso_a": "CC", "curso_b": "ENF", "disciplinas_livres": 65, "iteracao": 26, "melhorou": false, "objetivo_anterior": 185940.0, "objetivo_candidato": 185940.0, "objetivo_incumbente": 185940.0, "ordem_cursos": "alfabetica", "passada": 3, "posicao_par": 26, "recurso": "CC+ENF", "seed_ordem_cursos": null, "status_solver": "OPTIMAL", "tempo_gasto_s": 120.65, "tempo_limite_subproblema_s": 600.0, "tempo_solver_s": 120.34, "variaveis_x_fixadas": 75946, "variaveis_x_livres": 19044, "vizinhanca": "par_cursos"}, {"ciclo": 1, "curso_a": "CC", "curso_b": "FIL", "disciplinas_livres": 62, "iteracao": 27, "melhorou": true, "objetivo_anterior": 185940.0, "objetivo_candidato": 185924.5, "objetivo_incumbente": 185924.5, "ordem_cursos": "alfabetica", "passada": 3, "posicao_par": 27, "recurso": "CC+FIL", "seed_ordem_cursos": null, "status_solver": "OPTIMAL", "tempo_gasto_s": 45.06, "tempo_limite_subproblema_s": 600.0, "tempo_solver_s": 44.75, "variaveis_x_fixadas": 81696, "variaveis_x_livres": 13294, "vizinhanca": "par_cursos"}, {"ciclo": 1, "curso_a": "CC", "curso_b": "GEO", "disciplinas_livres": 57, "iteracao": 28, "melhorou": false, "objetivo_anterior": 185924.5, "objetivo_candidato": 185924.5, "objetivo_incumbente": 185924.5, "ordem_cursos": "alfabetica", "passada": 3, "posicao_par": 28, "recurso": "CC+GEO", "seed_ordem_cursos": null, "status_solver": "OPTIMAL", "tempo_gasto_s": 2.01, "tempo_limite_subproblema_s": 600.0, "tempo_solver_s": 1.7, "variaveis_x_fixadas": 82386, "variaveis_x_livres": 12604, "vizinhanca": "par_cursos"}, {"ciclo": 1, "curso_a": "CC", "curso_b": "HIS", "disciplinas_livres": 71, "iteracao": 29, "melhorou": false, "objetivo_anterior": 185924.5, "objetivo_candidato": 185924.5, "objetivo_incumbente": 185924.5, "ordem_cursos": "alfabetica", "passada": 3, "posicao_par": 29, "recurso": "CC+HIS", "seed_ordem_cursos": null, "status_solver": "OPTIMAL", "tempo_gasto_s": 16.0, "tempo_limite_subproblema_s": 600.0, "tempo_solver_s": 15.69, "variaveis_x_fixadas": 79672, "variaveis_x_livres": 15318, "vizinhanca": "par_cursos"}, {"ciclo": 1, "curso_a": "CC", "curso_b": "LET", "disciplinas_livres": 83, "iteracao": 30, "melhorou": true, "objetivo_anterior": 185924.5, "objetivo_candidato": 185922.5, "objetivo_incumbente": 185922.5, "ordem_cursos": "alfabetica", "passada": 3, "posicao_par": 30, "recurso": "CC+LET", "seed_ordem_cursos": null, "status_solver": "TIME_LIMIT", "tempo_gasto_s": 600.39, "tempo_limite_subproblema_s": 600.0, "tempo_solver_s": 600.04, "variaveis_x_fixadas": 75302, "variaveis_x_livres": 19688, "vizinhanca": "par_cursos"}, {"ciclo": 1, "curso_a": "CC", "curso_b": "MAT", "disciplinas_livres": 70, "iteracao": 31, "melhorou": false, "objetivo_anterior": 185922.5, "objetivo_candidato": 185922.5, "objetivo_incumbente": 185922.5, "ordem_cursos": "alfabetica", "passada": 3, "posicao_par": 31, "recurso": "CC+MAT", "seed_ordem_cursos": null, "status_solver": "OPTIMAL", "tempo_gasto_s": 13.16, "tempo_limite_subproblema_s": 600.0, "tempo_solver_s": 12.81, "variaveis_x_fixadas": 79488, "variaveis_x_livres": 15502, "vizinhanca": "par_cursos"}, {"ciclo": 1, "curso_a": "CC", "curso_b": "MED", "disciplinas_livres": 88, "iteracao": 32, "melhorou": false, "objetivo_anterior": 185922.5, "objetivo_candidato": 185922.5, "objetivo_incumbente": 185922.5, "ordem_cursos": "alfabetica", "passada": 3, "posicao_par": 32, "recurso": "CC+MED", "seed_ordem_cursos": null, "status_solver": "OPTIMAL", "tempo_gasto_s": 46.13, "tempo_limite_subproblema_s": 600.0, "tempo_solver_s": 45.83, "variaveis_x_fixadas": 75072, "variaveis_x_livres": 19918, "vizinhanca": "par_cursos"}, {"ciclo": 1, "curso_a": "CC", "curso_b": "PED", "disciplinas_livres": 103, "iteracao": 33, "melhorou": false, "objetivo_anterior": 185922.5, "objetivo_candidato": 185922.5, "objetivo_incumbente": 185922.5, "ordem_cursos": "alfabetica", "passada": 3, "posicao_par": 33, "recurso": "CC+PED", "seed_ordem_cursos": null, "status_solver": "OPTIMAL", "tempo_gasto_s": 161.08, "tempo_limite_subproblema_s": 600.0, "tempo_solver_s": 160.78, "variaveis_x_fixadas": 71668, "variaveis_x_livres": 23322, "vizinhanca": "par_cursos"}, {"ciclo": 1, "curso_a": "CS", "curso_b": "EAS", "disciplinas_livres": 67, "iteracao": 34, "melhorou": false, "objetivo_anterior": 185922.5, "objetivo_candidato": 185922.5, "objetivo_incumbente": 185922.5, "ordem_cursos": "alfabetica", "passada": 3, "posicao_par": 34, "recurso": "CS+EAS", "seed_ordem_cursos": null, "status_solver": "OPTIMAL", "tempo_gasto_s": 0.83, "tempo_limite_subproblema_s": 600.0, "tempo_solver_s": 0.53, "variaveis_x_fixadas": 82984, "variaveis_x_livres": 12006, "vizinhanca": "par_cursos"}, {"ciclo": 1, "curso_a": "CS", "curso_b": "ENF", "disciplinas_livres": 40, "iteracao": 35, "melhorou": false, "objetivo_anterior": 185922.5, "objetivo_candidato": 185922.5, "objetivo_incumbente": 185922.5, "ordem_cursos": "alfabetica", "passada": 3, "posicao_par": 35, "recurso": "CS+ENF", "seed_ordem_cursos": null, "status_solver": "OPTIMAL", "tempo_gasto_s": 3.05, "tempo_limite_subproblema_s": 600.0, "tempo_solver_s": 2.73, "variaveis_x_fixadas": 81926, "variaveis_x_livres": 13064, "vizinhanca": "par_cursos"}, {"ciclo": 1, "curso_a": "CS", "curso_b": "FIL", "disciplinas_livres": 37, "iteracao": 36, "melhorou": false, "objetivo_anterior": 185922.5, "objetivo_candidato": 185922.5, "objetivo_incumbente": 185922.5, "ordem_cursos": "alfabetica", "passada": 3, "posicao_par": 36, "recurso": "CS+FIL", "seed_ordem_cursos": null, "status_solver": "OPTIMAL", "tempo_gasto_s": 0.67, "tempo_limite_subproblema_s": 600.0, "tempo_solver_s": 0.35, "variaveis_x_fixadas": 87676, "variaveis_x_livres": 7314, "vizinhanca": "par_cursos"}, {"ciclo": 1, "curso_a": "CS", "curso_b": "GEO", "disciplinas_livres": 32, "iteracao": 37, "melhorou": false, "objetivo_anterior": 185922.5, "objetivo_candidato": 185922.5, "objetivo_incumbente": 185922.5, "ordem_cursos": "alfabetica", "passada": 3, "posicao_par": 37, "recurso": "CS+GEO", "seed_ordem_cursos": null, "status_solver": "OPTIMAL", "tempo_gasto_s": 0.67, "tempo_limite_subproblema_s": 600.0, "tempo_solver_s": 0.35, "variaveis_x_fixadas": 88366, "variaveis_x_livres": 6624, "vizinhanca": "par_cursos"}, {"ciclo": 1, "curso_a": "CS", "curso_b": "HIS", "disciplinas_livres": 46, "iteracao": 38, "melhorou": false, "objetivo_anterior": 185922.5, "objetivo_candidato": 185922.5, "objetivo_incumbente": 185922.5, "ordem_cursos": "alfabetica", "passada": 3, "posicao_par": 38, "recurso": "CS+HIS", "seed_ordem_cursos": null, "status_solver": "OPTIMAL", "tempo_gasto_s": 0.89, "tempo_limite_subproblema_s": 600.0, "tempo_solver_s": 0.56, "variaveis_x_fixadas": 85652, "variaveis_x_livres": 9338, "vizinhanca": "par_cursos"}, {"ciclo": 1, "curso_a": "CS", "curso_b": "LET", "disciplinas_livres": 58, "iteracao": 39, "melhorou": false, "objetivo_anterior": 185922.5, "objetivo_candidato": 185922.5, "objetivo_incumbente": 185922.5, "ordem_cursos": "alfabetica", "passada": 3, "posicao_par": 39, "recurso": "CS+LET", "seed_ordem_cursos": null, "status_solver": "OPTIMAL", "tempo_gasto_s": 3.85, "tempo_limite_subproblema_s": 600.0, "tempo_solver_s": 3.51, "variaveis_x_fixadas": 81282, "variaveis_x_livres": 13708, "vizinhanca": "par_cursos"}, {"ciclo": 1, "curso_a": "CS", "curso_b": "MAT", "disciplinas_livres": 45, "iteracao": 40, "melhorou": false, "objetivo_anterior": 185922.5, "objetivo_candidato": 185922.5, "objetivo_incumbente": 185922.5, "ordem_cursos": "alfabetica", "passada": 3, "posicao_par": 40, "recurso": "CS+MAT", "seed_ordem_cursos": null, "status_solver": "OPTIMAL", "tempo_gasto_s": 0.9, "tempo_limite_subproblema_s": 600.0, "tempo_solver_s": 0.57, "variaveis_x_fixadas": 85468, "variaveis_x_livres": 9522, "vizinhanca": "par_cursos"}, {"ciclo": 1, "curso_a": "CS", "curso_b": "MED", "disciplinas_livres": 63, "iteracao": 41, "melhorou": false, "objetivo_anterior": 185922.5, "objetivo_candidato": 185922.5, "objetivo_incumbente": 185922.5, "ordem_cursos": "alfabetica", "passada": 3, "posicao_par": 41, "recurso": "CS+MED", "seed_ordem_cursos": null, "status_solver": "OPTIMAL", "tempo_gasto_s": 1.23, "tempo_limite_subproblema_s": 600.0, "tempo_solver_s": 0.92, "variaveis_x_fixadas": 81052, "variaveis_x_livres": 13938, "vizinhanca": "par_cursos"}, {"ciclo": 1, "curso_a": "CS", "curso_b": "PED", "disciplinas_livres": 78, "iteracao": 42, "melhorou": false, "objetivo_anterior": 185922.5, "objetivo_candidato": 185922.5, "objetivo_incumbente": 185922.5, "ordem_cursos": "alfabetica", "passada": 3, "posicao_par": 42, "recurso": "CS+PED", "seed_ordem_cursos": null, "status_solver": "OPTIMAL", "tempo_gasto_s": 18.49, "tempo_limite_subproblema_s": 600.0, "tempo_solver_s": 18.16, "variaveis_x_fixadas": 77648, "variaveis_x_livres": 17342, "vizinhanca": "par_cursos"}, {"ciclo": 1, "curso_a": "EAS", "curso_b": "ENF", "disciplinas_livres": 63, "iteracao": 43, "melhorou": false, "objetivo_anterior": 185922.5, "objetivo_candidato": 185922.5, "objetivo_incumbente": 185922.5, "ordem_cursos": "alfabetica", "passada": 3, "posicao_par": 43, "recurso": "EAS+ENF", "seed_ordem_cursos": null, "status_solver": "OPTIMAL", "tempo_gasto_s": 13.95, "tempo_limite_subproblema_s": 600.0, "tempo_solver_s": 13.62, "variaveis_x_fixadas": 79028, "variaveis_x_livres": 15962, "vizinhanca": "par_cursos"}, {"ciclo": 1, "curso_a": "EAS", "curso_b": "FIL", "disciplinas_livres": 60, "iteracao": 44, "melhorou": false, "objetivo_anterior": 185922.5, "objetivo_candidato": 185922.5, "objetivo_incumbente": 185922.5, "ordem_cursos": "alfabetica", "passada": 3, "posicao_par": 44, "recurso": "EAS+FIL", "seed_ordem_cursos": null, "status_solver": "OPTIMAL", "tempo_gasto_s": 0.77, "tempo_limite_subproblema_s": 600.0, "tempo_solver_s": 0.45, "variaveis_x_fixadas": 84778, "variaveis_x_livres": 10212, "vizinhanca": "par_cursos"}, {"ciclo": 1, "curso_a": "EAS", "curso_b": "GEO", "disciplinas_livres": 55, "iteracao": 45, "melhorou": false, "objetivo_anterior": 185922.5, "objetivo_candidato": 185922.5, "objetivo_incumbente": 185922.5, "ordem_cursos": "alfabetica", "passada": 3, "posicao_par": 45, "recurso": "EAS+GEO", "seed_ordem_cursos": null, "status_solver": "OPTIMAL", "tempo_gasto_s": 0.79, "tempo_limite_subproblema_s": 600.0, "tempo_solver_s": 0.46, "variaveis_x_fixadas": 85468, "variaveis_x_livres": 9522, "vizinhanca": "par_cursos"}, {"ciclo": 1, "curso_a": "EAS", "curso_b": "HIS", "disciplinas_livres": 69, "iteracao": 46, "melhorou": false, "objetivo_anterior": 185922.5, "objetivo_candidato": 185922.5, "objetivo_incumbente": 185922.5, "ordem_cursos": "alfabetica", "passada": 3, "posicao_par": 46, "recurso": "EAS+HIS", "seed_ordem_cursos": null, "status_solver": "OPTIMAL", "tempo_gasto_s": 0.92, "tempo_limite_subproblema_s": 600.0, "tempo_solver_s": 0.59, "variaveis_x_fixadas": 82754, "variaveis_x_livres": 12236, "vizinhanca": "par_cursos"}, {"ciclo": 1, "curso_a": "EAS", "curso_b": "LET", "disciplinas_livres": 81, "iteracao": 47, "melhorou": false, "objetivo_anterior": 185922.5, "objetivo_candidato": 185922.5, "objetivo_incumbente": 185922.5, "ordem_cursos": "alfabetica", "passada": 3, "posicao_par": 47, "recurso": "EAS+LET", "seed_ordem_cursos": null, "status_solver": "OPTIMAL", "tempo_gasto_s": 12.87, "tempo_limite_subproblema_s": 600.0, "tempo_solver_s": 12.54, "variaveis_x_fixadas": 78384, "variaveis_x_livres": 16606, "vizinhanca": "par_cursos"}, {"ciclo": 1, "curso_a": "EAS", "curso_b": "MAT", "disciplinas_livres": 68, "iteracao": 48, "melhorou": true, "objetivo_anterior": 185922.5, "objetivo_candidato": 185917.5, "objetivo_incumbente": 185917.5, "ordem_cursos": "alfabetica", "passada": 3, "posicao_par": 48, "recurso": "EAS+MAT", "seed_ordem_cursos": null, "status_solver": "OPTIMAL", "tempo_gasto_s": 1.37, "tempo_limite_subproblema_s": 600.0, "tempo_solver_s": 1.02, "variaveis_x_fixadas": 82570, "variaveis_x_livres": 12420, "vizinhanca": "par_cursos"}, {"ciclo": 1, "curso_a": "EAS", "curso_b": "MED", "disciplinas_livres": 86, "iteracao": 49, "melhorou": false, "objetivo_anterior": 185917.5, "objetivo_candidato": 185917.5, "objetivo_incumbente": 185917.5, "ordem_cursos": "alfabetica", "passada": 3, "posicao_par": 49, "recurso": "EAS+MED", "seed_ordem_cursos": null, "status_solver": "OPTIMAL", "tempo_gasto_s": 1.91, "tempo_limite_subproblema_s": 600.0, "tempo_solver_s": 1.59, "variaveis_x_fixadas": 78154, "variaveis_x_livres": 16836, "vizinhanca": "par_cursos"}, {"ciclo": 1, "curso_a": "EAS", "curso_b": "PED", "disciplinas_livres": 101, "iteracao": 50, "melhorou": false, "objetivo_anterior": 185917.5, "objetivo_candidato": 185917.5, "objetivo_incumbente": 185917.5, "ordem_cursos": "alfabetica", "passada": 3, "posicao_par": 50, "recurso": "EAS+PED", "seed_ordem_cursos": null, "status_solver": "OPTIMAL", "tempo_gasto_s": 17.72, "tempo_limite_subproblema_s": 600.0, "tempo_solver_s": 17.41, "variaveis_x_fixadas": 74750, "variaveis_x_livres": 20240, "vizinhanca": "par_cursos"}, {"ciclo": 1, "curso_a": "ENF", "curso_b": "FIL", "disciplinas_livres": 33, "iteracao": 51, "melhorou": false, "objetivo_anterior": 185917.5, "objetivo_candidato": 185917.5, "objetivo_incumbente": 185917.5, "ordem_cursos": "alfabetica", "passada": 3, "posicao_par": 51, "recurso": "ENF+FIL", "seed_ordem_cursos": null, "status_solver": "OPTIMAL", "tempo_gasto_s": 2.14, "tempo_limite_subproblema_s": 600.0, "tempo_solver_s": 1.82, "variaveis_x_fixadas": 83720, "variaveis_x_livres": 11270, "vizinhanca": "par_cursos"}, {"ciclo": 1, "curso_a": "ENF", "curso_b": "GEO", "disciplinas_livres": 28, "iteracao": 52, "melhorou": false, "objetivo_anterior": 185917.5, "objetivo_candidato": 185917.5, "objetivo_incumbente": 185917.5, "ordem_cursos": "alfabetica", "passada": 3, "posicao_par": 52, "recurso": "ENF+GEO", "seed_ordem_cursos": null, "status_solver": "OPTIMAL", "tempo_gasto_s": 2.34, "tempo_limite_subproblema_s": 600.0, "tempo_solver_s": 2.01, "variaveis_x_fixadas": 84410, "variaveis_x_livres": 10580, "vizinhanca": "par_cursos"}, {"ciclo": 1, "curso_a": "ENF", "curso_b": "HIS", "disciplinas_livres": 42, "iteracao": 53, "melhorou": false, "objetivo_anterior": 185917.5, "objetivo_candidato": 185917.5, "objetivo_incumbente": 185917.5, "ordem_cursos": "alfabetica", "passada": 3, "posicao_par": 53, "recurso": "ENF+HIS", "seed_ordem_cursos": null, "status_solver": "OPTIMAL", "tempo_gasto_s": 2.4, "tempo_limite_subproblema_s": 600.0, "tempo_solver_s": 2.07, "variaveis_x_fixadas": 81696, "variaveis_x_livres": 13294, "vizinhanca": "par_cursos"}, {"ciclo": 1, "curso_a": "ENF", "curso_b": "LET", "disciplinas_livres": 54, "iteracao": 54, "melhorou": false, "objetivo_anterior": 185917.5, "objetivo_candidato": 185917.5, "objetivo_incumbente": 185917.5, "ordem_cursos": "alfabetica", "passada": 3, "posicao_par": 54, "recurso": "ENF+LET", "seed_ordem_cursos": null, "status_solver": "OPTIMAL", "tempo_gasto_s": 360.92, "tempo_limite_subproblema_s": 600.0, "tempo_solver_s": 360.6, "variaveis_x_fixadas": 77326, "variaveis_x_livres": 17664, "vizinhanca": "par_cursos"}, {"ciclo": 1, "curso_a": "ENF", "curso_b": "MAT", "disciplinas_livres": 41, "iteracao": 55, "melhorou": false, "objetivo_anterior": 185917.5, "objetivo_candidato": 185917.5, "objetivo_incumbente": 185917.5, "ordem_cursos": "alfabetica", "passada": 3, "posicao_par": 55, "recurso": "ENF+MAT", "seed_ordem_cursos": null, "status_solver": "OPTIMAL", "tempo_gasto_s": 3.17, "tempo_limite_subproblema_s": 600.0, "tempo_solver_s": 2.85, "variaveis_x_fixadas": 81512, "variaveis_x_livres": 13478, "vizinhanca": "par_cursos"}, {"ciclo": 1, "curso_a": "ENF", "curso_b": "MED", "disciplinas_livres": 59, "iteracao": 56, "melhorou": true, "objetivo_anterior": 185917.5, "objetivo_candidato": 185902.5, "objetivo_incumbente": 185902.5, "ordem_cursos": "alfabetica", "passada": 3, "posicao_par": 56, "recurso": "ENF+MED", "seed_ordem_cursos": null, "status_solver": "OPTIMAL", "tempo_gasto_s": 125.33, "tempo_limite_subproblema_s": 600.0, "tempo_solver_s": 124.99, "variaveis_x_fixadas": 77096, "variaveis_x_livres": 17894, "vizinhanca": "par_cursos"}, {"ciclo": 1, "curso_a": "ENF", "curso_b": "PED", "disciplinas_livres": 74, "iteracao": 57, "melhorou": false, "objetivo_anterior": 185902.5, "objetivo_candidato": 185902.5, "objetivo_incumbente": 185902.5, "ordem_cursos": "alfabetica", "passada": 3, "posicao_par": 57, "recurso": "ENF+PED", "seed_ordem_cursos": null, "status_solver": "TIME_LIMIT", "tempo_gasto_s": 600.49, "tempo_limite_subproblema_s": 600.0, "tempo_solver_s": 600.17, "variaveis_x_fixadas": 73692, "variaveis_x_livres": 21298, "vizinhanca": "par_cursos"}, {"ciclo": 1, "curso_a": "FIL", "curso_b": "GEO", "disciplinas_livres": 25, "iteracao": 58, "melhorou": false, "objetivo_anterior": 185902.5, "objetivo_candidato": 185902.5, "objetivo_incumbente": 185902.5, "ordem_cursos": "alfabetica", "passada": 3, "posicao_par": 58, "recurso": "FIL+GEO", "seed_ordem_cursos": null, "status_solver": "OPTIMAL", "tempo_gasto_s": 0.65, "tempo_limite_subproblema_s": 600.0, "tempo_solver_s": 0.32, "variaveis_x_fixadas": 90160, "variaveis_x_livres": 4830, "vizinhanca": "par_cursos"}, {"ciclo": 1, "curso_a": "FIL", "curso_b": "HIS", "disciplinas_livres": 39, "iteracao": 59, "melhorou": false, "objetivo_anterior": 185902.5, "objetivo_candidato": 185902.5, "objetivo_incumbente": 185902.5, "ordem_cursos": "alfabetica", "passada": 3, "posicao_par": 59, "recurso": "FIL+HIS", "seed_ordem_cursos": null, "status_solver": "OPTIMAL", "tempo_gasto_s": 0.68, "tempo_limite_subproblema_s": 600.0, "tempo_solver_s": 0.36, "variaveis_x_fixadas": 87446, "variaveis_x_livres": 7544, "vizinhanca": "par_cursos"}, {"ciclo": 1, "curso_a": "FIL", "curso_b": "LET", "disciplinas_livres": 51, "iteracao": 60, "melhorou": false, "objetivo_anterior": 185902.5, "objetivo_candidato": 185902.5, "objetivo_incumbente": 185902.5, "ordem_cursos": "alfabetica", "passada": 3, "posicao_par": 60, "recurso": "FIL+LET", "seed_ordem_cursos": null, "status_solver": "OPTIMAL", "tempo_gasto_s": 45.36, "tempo_limite_subproblema_s": 600.0, "tempo_solver_s": 45.01, "variaveis_x_fixadas": 83076, "variaveis_x_livres": 11914, "vizinhanca": "par_cursos"}, {"ciclo": 1, "curso_a": "FIL", "curso_b": "MAT", "disciplinas_livres": 38, "iteracao": 61, "melhorou": false, "objetivo_anterior": 185902.5, "objetivo_candidato": 185902.5, "objetivo_incumbente": 185902.5, "ordem_cursos": "alfabetica", "passada": 3, "posicao_par": 61, "recurso": "FIL+MAT", "seed_ordem_cursos": null, "status_solver": "OPTIMAL", "tempo_gasto_s": 0.73, "tempo_limite_subproblema_s": 600.0, "tempo_solver_s": 0.38, "variaveis_x_fixadas": 87262, "variaveis_x_livres": 7728, "vizinhanca": "par_cursos"}, {"ciclo": 1, "curso_a": "FIL", "curso_b": "MED", "disciplinas_livres": 56, "iteracao": 62, "melhorou": false, "objetivo_anterior": 185902.5, "objetivo_candidato": 185902.5, "objetivo_incumbente": 185902.5, "ordem_cursos": "alfabetica", "passada": 3, "posicao_par": 62, "recurso": "FIL+MED", "seed_ordem_cursos": null, "status_solver": "OPTIMAL", "tempo_gasto_s": 1.12, "tempo_limite_subproblema_s": 600.0, "tempo_solver_s": 0.81, "variaveis_x_fixadas": 82846, "variaveis_x_livres": 12144, "vizinhanca": "par_cursos"}, {"ciclo": 1, "curso_a": "FIL", "curso_b": "PED", "disciplinas_livres": 71, "iteracao": 63, "melhorou": false, "objetivo_anterior": 185902.5, "objetivo_candidato": 185902.5, "objetivo_incumbente": 185902.5, "ordem_cursos": "alfabetica", "passada": 3, "posicao_par": 63, "recurso": "FIL+PED", "seed_ordem_cursos": null, "status_solver": "OPTIMAL", "tempo_gasto_s": 77.19, "tempo_limite_subproblema_s": 600.0, "tempo_solver_s": 76.87, "variaveis_x_fixadas": 79442, "variaveis_x_livres": 15548, "vizinhanca": "par_cursos"}, {"ciclo": 1, "curso_a": "GEO", "curso_b": "HIS", "disciplinas_livres": 34, "iteracao": 64, "melhorou": false, "objetivo_anterior": 185902.5, "objetivo_candidato": 185902.5, "objetivo_incumbente": 185902.5, "ordem_cursos": "alfabetica", "passada": 3, "posicao_par": 64, "recurso": "GEO+HIS", "seed_ordem_cursos": null, "status_solver": "OPTIMAL", "tempo_gasto_s": 0.69, "tempo_limite_subproblema_s": 600.0, "tempo_solver_s": 0.37, "variaveis_x_fixadas": 88136, "variaveis_x_livres": 6854, "vizinhanca": "par_cursos"}, {"ciclo": 1, "curso_a": "GEO", "curso_b": "LET", "disciplinas_livres": 46, "iteracao": 65, "melhorou": true, "objetivo_anterior": 185902.5, "objetivo_candidato": 185815.5, "objetivo_incumbente": 185815.5, "ordem_cursos": "alfabetica", "passada": 3, "posicao_par": 65, "recurso": "GEO+LET", "seed_ordem_cursos": null, "status_solver": "OPTIMAL", "tempo_gasto_s": 35.16, "tempo_limite_subproblema_s": 600.0, "tempo_solver_s": 34.82, "variaveis_x_fixadas": 83766, "variaveis_x_livres": 11224, "vizinhanca": "par_cursos"}, {"ciclo": 1, "curso_a": "GEO", "curso_b": "MAT", "disciplinas_livres": 33, "iteracao": 66, "melhorou": false, "objetivo_anterior": 185815.5, "objetivo_candidato": 185815.5, "objetivo_incumbente": 185815.5, "ordem_cursos": "alfabetica", "passada": 3, "posicao_par": 66, "recurso": "GEO+MAT", "seed_ordem_cursos": null, "status_solver": "OPTIMAL", "tempo_gasto_s": 0.73, "tempo_limite_subproblema_s": 600.0, "tempo_solver_s": 0.38, "variaveis_x_fixadas": 87952, "variaveis_x_livres": 7038, "vizinhanca": "par_cursos"}, {"ciclo": 1, "curso_a": "GEO", "curso_b": "MED", "disciplinas_livres": 51, "iteracao": 67, "melhorou": false, "objetivo_anterior": 185815.5, "objetivo_candidato": 185815.5, "objetivo_incumbente": 185815.5, "ordem_cursos": "alfabetica", "passada": 3, "posicao_par": 67, "recurso": "GEO+MED", "seed_ordem_cursos": null, "status_solver": "OPTIMAL", "tempo_gasto_s": 1.08, "tempo_limite_subproblema_s": 600.0, "tempo_solver_s": 0.75, "variaveis_x_fixadas": 83536, "variaveis_x_livres": 11454, "vizinhanca": "par_cursos"}, {"ciclo": 1, "curso_a": "GEO", "curso_b": "PED", "disciplinas_livres": 66, "iteracao": 68, "melhorou": false, "objetivo_anterior": 185815.5, "objetivo_candidato": 185815.5, "objetivo_incumbente": 185815.5, "ordem_cursos": "alfabetica", "passada": 3, "posicao_par": 68, "recurso": "GEO+PED", "seed_ordem_cursos": null, "status_solver": "OPTIMAL", "tempo_gasto_s": 24.2, "tempo_limite_subproblema_s": 600.0, "tempo_solver_s": 23.87, "variaveis_x_fixadas": 80132, "variaveis_x_livres": 14858, "vizinhanca": "par_cursos"}, {"ciclo": 1, "curso_a": "HIS", "curso_b": "LET", "disciplinas_livres": 60, "iteracao": 69, "melhorou": false, "objetivo_anterior": 185815.5, "objetivo_candidato": 185815.5, "objetivo_incumbente": 185815.5, "ordem_cursos": "alfabetica", "passada": 3, "posicao_par": 69, "recurso": "HIS+LET", "seed_ordem_cursos": null, "status_solver": "OPTIMAL", "tempo_gasto_s": 14.46, "tempo_limite_subproblema_s": 600.0, "tempo_solver_s": 14.13, "variaveis_x_fixadas": 81052, "variaveis_x_livres": 13938, "vizinhanca": "par_cursos"}, {"ciclo": 1, "curso_a": "HIS", "curso_b": "MAT", "disciplinas_livres": 47, "iteracao": 70, "melhorou": false, "objetivo_anterior": 185815.5, "objetivo_candidato": 185815.5, "objetivo_incumbente": 185815.5, "ordem_cursos": "alfabetica", "passada": 3, "posicao_par": 70, "recurso": "HIS+MAT", "seed_ordem_cursos": null, "status_solver": "OPTIMAL", "tempo_gasto_s": 0.86, "tempo_limite_subproblema_s": 600.0, "tempo_solver_s": 0.54, "variaveis_x_fixadas": 85238, "variaveis_x_livres": 9752, "vizinhanca": "par_cursos"}, {"ciclo": 1, "curso_a": "HIS", "curso_b": "MED", "disciplinas_livres": 65, "iteracao": 71, "melhorou": false, "objetivo_anterior": 185815.5, "objetivo_candidato": 185815.5, "objetivo_incumbente": 185815.5, "ordem_cursos": "alfabetica", "passada": 3, "posicao_par": 71, "recurso": "HIS+MED", "seed_ordem_cursos": null, "status_solver": "OPTIMAL", "tempo_gasto_s": 1.07, "tempo_limite_subproblema_s": 600.0, "tempo_solver_s": 0.75, "variaveis_x_fixadas": 80822, "variaveis_x_livres": 14168, "vizinhanca": "par_cursos"}, {"ciclo": 1, "curso_a": "HIS", "curso_b": "PED", "disciplinas_livres": 80, "iteracao": 72, "melhorou": false, "objetivo_anterior": 185815.5, "objetivo_candidato": 185815.5, "objetivo_incumbente": 185815.5, "ordem_cursos": "alfabetica", "passada": 3, "posicao_par": 72, "recurso": "HIS+PED", "seed_ordem_cursos": null, "status_solver": "OPTIMAL", "tempo_gasto_s": 37.52, "tempo_limite_subproblema_s": 600.0, "tempo_solver_s": 37.21, "variaveis_x_fixadas": 77418, "variaveis_x_livres": 17572, "vizinhanca": "par_cursos"}, {"ciclo": 1, "curso_a": "LET", "curso_b": "MAT", "disciplinas_livres": 59, "iteracao": 73, "melhorou": false, "objetivo_anterior": 185815.5, "objetivo_candidato": 185815.5, "objetivo_incumbente": 185815.5, "ordem_cursos": "alfabetica", "passada": 3, "posicao_par": 73, "recurso": "LET+MAT", "seed_ordem_cursos": null, "status_solver": "OPTIMAL", "tempo_gasto_s": 10.39, "tempo_limite_subproblema_s": 600.0, "tempo_solver_s": 10.08, "variaveis_x_fixadas": 80868, "variaveis_x_livres": 14122, "vizinhanca": "par_cursos"}, {"ciclo": 1, "curso_a": "LET", "curso_b": "MED", "disciplinas_livres": 77, "iteracao": 74, "melhorou": false, "objetivo_anterior": 185815.5, "objetivo_candidato": 185815.5, "objetivo_incumbente": 185815.5, "ordem_cursos": "alfabetica", "passada": 3, "posicao_par": 74, "recurso": "LET+MED", "seed_ordem_cursos": null, "status_solver": "OPTIMAL", "tempo_gasto_s": 4.47, "tempo_limite_subproblema_s": 600.0, "tempo_solver_s": 4.16, "variaveis_x_fixadas": 76452, "variaveis_x_livres": 18538, "vizinhanca": "par_cursos"}, {"ciclo": 1, "curso_a": "LET", "curso_b": "PED", "disciplinas_livres": 92, "iteracao": 75, "melhorou": false, "objetivo_anterior": 185815.5, "objetivo_candidato": 185815.5, "objetivo_incumbente": 185815.5, "ordem_cursos": "alfabetica", "passada": 3, "posicao_par": 75, "recurso": "LET+PED", "seed_ordem_cursos": null, "status_solver": "TIME_LIMIT", "tempo_gasto_s": 600.39, "tempo_limite_subproblema_s": 600.0, "tempo_solver_s": 600.05, "variaveis_x_fixadas": 73048, "variaveis_x_livres": 21942, "vizinhanca": "par_cursos"}, {"ciclo": 1, "curso_a": "MAT", "curso_b": "MED", "disciplinas_livres": 64, "iteracao": 76, "melhorou": false, "objetivo_anterior": 185815.5, "objetivo_candidato": 185815.5, "objetivo_incumbente": 185815.5, "ordem_cursos": "alfabetica", "passada": 3, "posicao_par": 76, "recurso": "MAT+MED", "seed_ordem_cursos": null, "status_solver": "OPTIMAL", "tempo_gasto_s": 1.29, "tempo_limite_subproblema_s": 600.0, "tempo_solver_s": 0.93, "variaveis_x_fixadas": 80638, "variaveis_x_livres": 14352, "vizinhanca": "par_cursos"}, {"ciclo": 1, "curso_a": "MAT", "curso_b": "PED", "disciplinas_livres": 79, "iteracao": 77, "melhorou": false, "objetivo_anterior": 185815.5, "objetivo_candidato": 185815.5, "objetivo_incumbente": 185815.5, "ordem_cursos": "alfabetica", "passada": 3, "posicao_par": 77, "recurso": "MAT+PED", "seed_ordem_cursos": null, "status_solver": "OPTIMAL", "tempo_gasto_s": 22.19, "tempo_limite_subproblema_s": 600.0, "tempo_solver_s": 21.87, "variaveis_x_fixadas": 77234, "variaveis_x_livres": 17756, "vizinhanca": "par_cursos"}, {"ciclo": 1, "curso_a": "MED", "curso_b": "PED", "disciplinas_livres": 97, "iteracao": 78, "melhorou": false, "objetivo_anterior": 185815.5, "objetivo_candidato": 185815.5, "objetivo_incumbente": 185815.5, "ordem_cursos": "alfabetica", "passada": 3, "posicao_par": 78, "recurso": "MED+PED", "seed_ordem_cursos": null, "status_solver": "OPTIMAL", "tempo_gasto_s": 23.38, "tempo_limite_subproblema_s": 600.0, "tempo_solver_s": 23.04, "variaveis_x_fixadas": 72818, "variaveis_x_livres": 22172, "vizinhanca": "par_cursos"}], "melhorias_aceitas": 18, "objetivo_final": 185815.5, "objetivo_inicial": 186694.5, "ordem_cursos": "alfabetica", "parametros": {"apenas_uma_passada": false, "arquivo_horarios": "./dados/2024_1/horarios_2024_1.xlsx", "arquivo_log_csv": "resultados/experimentos/2024_1/curso_pares/total4h_inicial3min_norel3min_viz10min/20260923_214522/historico.csv", "arquivo_log_json": "resultados/experimentos/2024_1/curso_pares/total4h_inicial3min_norel3min_viz10min/20260923_214522/historico.json", "arquivo_melhor_solucao": "resultados/experimentos/2024_1/curso_pares/total4h_inicial3min_norel3min_viz10min/20260923_214522/melhor_solucao.sol", "arquivo_salas": "./dados/2024_1/salas_2024_1.csv", "arquivo_salas_preferenciais": "./dados/2024_1/salas_preferenciais_2024.1.xlsx", "diretorio_execucao": "/Users/robertdrey/Documents/workspace/development/alocador_de_salas", "gurobi_inicial_MIPFocus": 1, "gurobi_inicial_NoRelHeurTime": 180.0, "gurobi_inicial_TimeLimit": 180.0, "gurobi_subproblema_MIPFocus": 1, "gurobi_subproblema_NoRelHeurTime": 0, "gurobi_subproblema_TimeLimit": 600.0, "ordem_cursos": "alfabetica", "ordem_cursos_solicitada": "alfabetica", "salvar_candidatos": false, "seed_ordem_cursos": null, "seed_ordem_cursos_solicitada": null, "tempo_heuristica_inicial_s": 180.0, "tempo_modelo_inicial_s": 180.0, "tempo_subproblema_s": 600.0, "tempo_total_maximo_s": 14400.0, "tipo_vizinhanca": "curso_pares"}, "passadas_executadas": 3, "seed_ordem_cursos": null, "status": "CONCLUIDO", "tempo_total_s": 5114.48, "tipo_vizinhanca": "curso_pares", "total_iteracoes": 104}
{'etapa': 'fix_and_optimize_curso_pares', 'tipo_vizinhanca': 'curso_pares', 'status': 'CONCLUIDO', 'objetivo_inicial': 186694.5, 'objetivo_final': 185815.5, 'ganho_absoluto': 879.0, 'passadas_executadas': 3, 'total_iteracoes': 104, 'melhorias_aceitas': 18, 'tempo_total_s': 5114.48, 'arquivo_melhor_solucao': 'resultados/experimentos/2024_1/curso_pares/total4h_inicial3min_norel3min_viz10min/20260923_214522/melhor_solucao.sol', 'arquivo_log_csv': 'resultados/experimentos/2024_1/curso_pares/total4h_inicial3min_norel3min_viz10min/20260923_214522/historico.csv', 'arquivo_log_json': 'resultados/experimentos/2024_1/curso_pares/total4h_inicial3min_norel3min_viz10min/20260923_214522/historico.json', 'ordem_cursos': 'alfabetica', 'seed_ordem_cursos': None, 'historico': [{'ciclo': 1, 'passada': 1, 'iteracao': 1, 'vizinhanca': 'curso', 'recurso': 'ADM', 'disciplinas_livres': 48, 'variaveis_x_livres': 9292, 'variaveis_x_fixadas': 85698, 'status_solver': 'OPTIMAL', 'objetivo_anterior': 186694.5, 'objetivo_candidato': 186661.5, 'melhorou': True, 'objetivo_incumbente': 186661.5, 'tempo_gasto_s': 1.05, 'tempo_solver_s': 0.78, 'tempo_limite_subproblema_s': 600.0, 'curso': 'ADM', 'ordem_cursos': 'alfabetica', 'seed_ordem_cursos': None, 'posicao_ordem_curso': 1}, {'ciclo': 1, 'passada': 1, 'iteracao': 2, 'vizinhanca': 'curso', 'recurso': 'AGRO', 'disciplinas_livres': 51, 'variaveis_x_livres': 8740, 'variaveis_x_fixadas': 86250, 'status_solver': 'OPTIMAL', 'objetivo_anterior': 186661.5, 'objetivo_candidato': 186658.5, 'melhorou': True, 'objetivo_incumbente': 186658.5, 'tempo_gasto_s': 3.41, 'tempo_solver_s': 3.05, 'tempo_limite_subproblema_s': 600.0, 'curso': 'AGRO', 'ordem_cursos': 'alfabetica', 'seed_ordem_cursos': None, 'posicao_ordem_curso': 2}, {'ciclo': 1, 'passada': 1, 'iteracao': 3, 'vizinhanca': 'curso', 'recurso': 'CC', 'disciplinas_livres': 47, 'variaveis_x_livres': 10534, 'variaveis_x_fixadas': 84456, 'status_solver': 'OPTIMAL', 'objetivo_anterior': 186658.5, 'objetivo_candidato': 186658.5, 'melhorou': False, 'objetivo_incumbente': 186658.5, 'tempo_gasto_s': 1.05, 'tempo_solver_s': 0.71, 'tempo_limite_subproblema_s': 600.0, 'curso': 'CC', 'ordem_cursos': 'alfabetica', 'seed_ordem_cursos': None, 'posicao_ordem_curso': 3}, {'ciclo': 1, 'passada': 1, 'iteracao': 4, 'vizinhanca': 'curso', 'recurso': 'CS', 'disciplinas_livres': 22, 'variaveis_x_livres': 4554, 'variaveis_x_fixadas': 90436, 'status_solver': 'OPTIMAL', 'objetivo_anterior': 186658.5, 'objetivo_candidato': 186658.5, 'melhorou': False, 'objetivo_incumbente': 186658.5, 'tempo_gasto_s': 0.65, 'tempo_solver_s': 0.32, 'tempo_limite_subproblema_s': 600.0, 'curso': 'CS', 'ordem_cursos': 'alfabetica', 'seed_ordem_cursos': None, 'posicao_ordem_curso': 4}, {'ciclo': 1, 'passada': 1, 'iteracao': 5, 'vizinhanca': 'curso', 'recurso': 'EAS', 'disciplinas_livres': 45, 'variaveis_x_livres': 7452, 'variaveis_x_fixadas': 87538, 'status_solver': 'OPTIMAL', 'objetivo_anterior': 186658.5, 'objetivo_candidato': 186648.5, 'melhorou': True, 'objetivo_incumbente': 186648.5, 'tempo_gasto_s': 0.72, 'tempo_solver_s': 0.38, 'tempo_limite_subproblema_s': 600.0, 'curso': 'EAS', 'ordem_cursos': 'alfabetica', 'seed_ordem_cursos': None, 'posicao_ordem_curso': 5}, {'ciclo': 1, 'passada': 1, 'iteracao': 6, 'vizinhanca': 'curso', 'recurso': 'ENF', 'disciplinas_livres': 18, 'variaveis_x_livres': 8510, 'variaveis_x_fixadas': 86480, 'status_solver': 'OPTIMAL', 'objetivo_anterior': 186648.5, 'objetivo_candidato': 186355.5, 'melhorou': True, 'objetivo_incumbente': 186355.5, 'tempo_gasto_s': 2.86, 'tempo_solver_s': 2.53, 'tempo_limite_subproblema_s': 600.0, 'curso': 'ENF', 'ordem_cursos': 'alfabetica', 'seed_ordem_cursos': None, 'posicao_ordem_curso': 6}, {'ciclo': 1, 'passada': 1, 'iteracao': 7, 'vizinhanca': 'curso', 'recurso': 'FIL', 'disciplinas_livres': 15, 'variaveis_x_livres': 2760, 'variaveis_x_fixadas': 92230, 'status_solver': 'OPTIMAL', 'objetivo_anterior': 186355.5, 'objetivo_candidato': 186355.5, 'melhorou': False, 'objetivo_incumbente': 186355.5, 'tempo_gasto_s': 0.62, 'tempo_solver_s': 0.28, 'tempo_limite_subproblema_s': 600.0, 'curso': 'FIL', 'ordem_cursos': 'alfabetica', 'seed_ordem_cursos': None, 'posicao_ordem_curso': 7}, {'ciclo': 1, 'passada': 1, 'iteracao': 8, 'vizinhanca': 'curso', 'recurso': 'GEO', 'disciplinas_livres': 10, 'variaveis_x_livres': 2070, 'variaveis_x_fixadas': 92920, 'status_solver': 'OPTIMAL', 'objetivo_anterior': 186355.5, 'objetivo_candidato': 186355.5, 'melhorou': False, 'objetivo_incumbente': 186355.5, 'tempo_gasto_s': 0.64, 'tempo_solver_s': 0.29, 'tempo_limite_subproblema_s': 600.0, 'curso': 'GEO', 'ordem_cursos': 'alfabetica', 'seed_ordem_cursos': None, 'posicao_ordem_curso': 8}, {'ciclo': 1, 'passada': 1, 'iteracao': 9, 'vizinhanca': 'curso', 'recurso': 'HIS', 'disciplinas_livres': 24, 'variaveis_x_livres': 4784, 'variaveis_x_fixadas': 90206, 'status_solver': 'OPTIMAL', 'objetivo_anterior': 186355.5, 'objetivo_candidato': 186355.5, 'melhorou': False, 'objetivo_incumbente': 186355.5, 'tempo_gasto_s': 0.66, 'tempo_solver_s': 0.34, 'tempo_limite_subproblema_s': 600.0, 'curso': 'HIS', 'ordem_cursos': 'alfabetica', 'seed_ordem_cursos': None, 'posicao_ordem_curso': 9}, {'ciclo': 1, 'passada': 1, 'iteracao': 10, 'vizinhanca': 'curso', 'recurso': 'LET', 'disciplinas_livres': 36, 'variaveis_x_livres': 9154, 'variaveis_x_fixadas': 85836, 'status_solver': 'OPTIMAL', 'objetivo_anterior': 186355.5, 'objetivo_candidato': 186355.5, 'melhorou': False, 'objetivo_incumbente': 186355.5, 'tempo_gasto_s': 3.23, 'tempo_solver_s': 2.9, 'tempo_limite_subproblema_s': 600.0, 'curso': 'LET', 'ordem_cursos': 'alfabetica', 'seed_ordem_cursos': None, 'posicao_ordem_curso': 10}, {'ciclo': 1, 'passada': 1, 'iteracao': 11, 'vizinhanca': 'curso', 'recurso': 'MAT', 'disciplinas_livres': 23, 'variaveis_x_livres': 4968, 'variaveis_x_fixadas': 90022, 'status_solver': 'OPTIMAL', 'objetivo_anterior': 186355.5, 'objetivo_candidato': 186325.5, 'melhorou': True, 'objetivo_incumbente': 186325.5, 'tempo_gasto_s': 0.74, 'tempo_solver_s': 0.39, 'tempo_limite_subproblema_s': 600.0, 'curso': 'MAT', 'ordem_cursos': 'alfabetica', 'seed_ordem_cursos': None, 'posicao_ordem_curso': 11}, {'ciclo': 1, 'passada': 1, 'iteracao': 12, 'vizinhanca': 'curso', 'recurso': 'MED', 'disciplinas_livres': 41, 'variaveis_x_livres': 9384, 'variaveis_x_fixadas': 85606, 'status_solver': 'OPTIMAL', 'objetivo_anterior': 186325.5, 'objetivo_candidato': 186325.5, 'melhorou': False, 'objetivo_incumbente': 186325.5, 'tempo_gasto_s': 1.13, 'tempo_solver_s': 0.81, 'tempo_limite_subproblema_s': 600.0, 'curso': 'MED', 'ordem_cursos': 'alfabetica', 'seed_ordem_cursos': None, 'posicao_ordem_curso': 12}, {'ciclo': 1, 'passada': 1, 'iteracao': 13, 'vizinhanca': 'curso', 'recurso': 'PED', 'disciplinas_livres': 56, 'variaveis_x_livres': 12788, 'variaveis_x_fixadas': 82202, 'status_solver': 'OPTIMAL', 'objetivo_anterior': 186325.5, 'objetivo_candidato': 186275.5, 'melhorou': True, 'objetivo_incumbente': 186275.5, 'tempo_gasto_s': 2.61, 'tempo_solver_s': 2.28, 'tempo_limite_subproblema_s': 600.0, 'curso': 'PED', 'ordem_cursos': 'alfabetica', 'seed_ordem_cursos': None, 'posicao_ordem_curso': 13}, {'ciclo': 1, 'passada': 2, 'iteracao': 1, 'vizinhanca': 'curso', 'recurso': 'ADM', 'disciplinas_livres': 48, 'variaveis_x_livres': 9292, 'variaveis_x_fixadas': 85698, 'status_solver': 'OPTIMAL', 'objetivo_anterior': 186275.5, 'objetivo_candidato': 186275.5, 'melhorou': False, 'objetivo_incumbente': 186275.5, 'tempo_gasto_s': 0.96, 'tempo_solver_s': 0.62, 'tempo_limite_subproblema_s': 600.0, 'curso': 'ADM', 'ordem_cursos': 'alfabetica', 'seed_ordem_cursos': None, 'posicao_ordem_curso': 1}, {'ciclo': 1, 'passada': 2, 'iteracao': 2, 'vizinhanca': 'curso', 'recurso': 'AGRO', 'disciplinas_livres': 51, 'variaveis_x_livres': 8740, 'variaveis_x_fixadas': 86250, 'status_solver': 'OPTIMAL', 'objetivo_anterior': 186275.5, 'objetivo_candidato': 186275.5, 'melhorou': False, 'objetivo_incumbente': 186275.5, 'tempo_gasto_s': 3.65, 'tempo_solver_s': 3.33, 'tempo_limite_subproblema_s': 600.0, 'curso': 'AGRO', 'ordem_cursos': 'alfabetica', 'seed_ordem_cursos': None, 'posicao_ordem_curso': 2}, {'ciclo': 1, 'passada': 2, 'iteracao': 3, 'vizinhanca': 'curso', 'recurso': 'CC', 'disciplinas_livres': 47, 'variaveis_x_livres': 10534, 'variaveis_x_fixadas': 84456, 'status_solver': 'OPTIMAL', 'objetivo_anterior': 186275.5, 'objetivo_candidato': 186275.5, 'melhorou': False, 'objetivo_incumbente': 186275.5, 'tempo_gasto_s': 1.14, 'tempo_solver_s': 0.81, 'tempo_limite_subproblema_s': 600.0, 'curso': 'CC', 'ordem_cursos': 'alfabetica', 'seed_ordem_cursos': None, 'posicao_ordem_curso': 3}, {'ciclo': 1, 'passada': 2, 'iteracao': 4, 'vizinhanca': 'curso', 'recurso': 'CS', 'disciplinas_livres': 22, 'variaveis_x_livres': 4554, 'variaveis_x_fixadas': 90436, 'status_solver': 'OPTIMAL', 'objetivo_anterior': 186275.5, 'objetivo_candidato': 186275.5, 'melhorou': False, 'objetivo_incumbente': 186275.5, 'tempo_gasto_s': 0.63, 'tempo_solver_s': 0.31, 'tempo_limite_subproblema_s': 600.0, 'curso': 'CS', 'ordem_cursos': 'alfabetica', 'seed_ordem_cursos': None, 'posicao_ordem_curso': 4}, {'ciclo': 1, 'passada': 2, 'iteracao': 5, 'vizinhanca': 'curso', 'recurso': 'EAS', 'disciplinas_livres': 45, 'variaveis_x_livres': 7452, 'variaveis_x_fixadas': 87538, 'status_solver': 'OPTIMAL', 'objetivo_anterior': 186275.5, 'objetivo_candidato': 186275.5, 'melhorou': False, 'objetivo_incumbente': 186275.5, 'tempo_gasto_s': 0.71, 'tempo_solver_s': 0.39, 'tempo_limite_subproblema_s': 600.0, 'curso': 'EAS', 'ordem_cursos': 'alfabetica', 'seed_ordem_cursos': None, 'posicao_ordem_curso': 5}, {'ciclo': 1, 'passada': 2, 'iteracao': 6, 'vizinhanca': 'curso', 'recurso': 'ENF', 'disciplinas_livres': 18, 'variaveis_x_livres': 8510, 'variaveis_x_fixadas': 86480, 'status_solver': 'OPTIMAL', 'objetivo_anterior': 186275.5, 'objetivo_candidato': 186275.5, 'melhorou': False, 'objetivo_incumbente': 186275.5, 'tempo_gasto_s': 2.69, 'tempo_solver_s': 2.36, 'tempo_limite_subproblema_s': 600.0, 'curso': 'ENF', 'ordem_cursos': 'alfabetica', 'seed_ordem_cursos': None, 'posicao_ordem_curso': 6}, {'ciclo': 1, 'passada': 2, 'iteracao': 7, 'vizinhanca': 'curso', 'recurso': 'FIL', 'disciplinas_livres': 15, 'variaveis_x_livres': 2760, 'variaveis_x_fixadas': 92230, 'status_solver': 'OPTIMAL', 'objetivo_anterior': 186275.5, 'objetivo_candidato': 186275.5, 'melhorou': False, 'objetivo_incumbente': 186275.5, 'tempo_gasto_s': 0.62, 'tempo_solver_s': 0.29, 'tempo_limite_subproblema_s': 600.0, 'curso': 'FIL', 'ordem_cursos': 'alfabetica', 'seed_ordem_cursos': None, 'posicao_ordem_curso': 7}, {'ciclo': 1, 'passada': 2, 'iteracao': 8, 'vizinhanca': 'curso', 'recurso': 'GEO', 'disciplinas_livres': 10, 'variaveis_x_livres': 2070, 'variaveis_x_fixadas': 92920, 'status_solver': 'OPTIMAL', 'objetivo_anterior': 186275.5, 'objetivo_candidato': 186275.5, 'melhorou': False, 'objetivo_incumbente': 186275.5, 'tempo_gasto_s': 0.61, 'tempo_solver_s': 0.29, 'tempo_limite_subproblema_s': 600.0, 'curso': 'GEO', 'ordem_cursos': 'alfabetica', 'seed_ordem_cursos': None, 'posicao_ordem_curso': 8}, {'ciclo': 1, 'passada': 2, 'iteracao': 9, 'vizinhanca': 'curso', 'recurso': 'HIS', 'disciplinas_livres': 24, 'variaveis_x_livres': 4784, 'variaveis_x_fixadas': 90206, 'status_solver': 'OPTIMAL', 'objetivo_anterior': 186275.5, 'objetivo_candidato': 186275.5, 'melhorou': False, 'objetivo_incumbente': 186275.5, 'tempo_gasto_s': 0.66, 'tempo_solver_s': 0.33, 'tempo_limite_subproblema_s': 600.0, 'curso': 'HIS', 'ordem_cursos': 'alfabetica', 'seed_ordem_cursos': None, 'posicao_ordem_curso': 9}, {'ciclo': 1, 'passada': 2, 'iteracao': 10, 'vizinhanca': 'curso', 'recurso': 'LET', 'disciplinas_livres': 36, 'variaveis_x_livres': 9154, 'variaveis_x_fixadas': 85836, 'status_solver': 'OPTIMAL', 'objetivo_anterior': 186275.5, 'objetivo_candidato': 186275.5, 'melhorou': False, 'objetivo_incumbente': 186275.5, 'tempo_gasto_s': 2.56, 'tempo_solver_s': 2.23, 'tempo_limite_subproblema_s': 600.0, 'curso': 'LET', 'ordem_cursos': 'alfabetica', 'seed_ordem_cursos': None, 'posicao_ordem_curso': 10}, {'ciclo': 1, 'passada': 2, 'iteracao': 11, 'vizinhanca': 'curso', 'recurso': 'MAT', 'disciplinas_livres': 23, 'variaveis_x_livres': 4968, 'variaveis_x_fixadas': 90022, 'status_solver': 'OPTIMAL', 'objetivo_anterior': 186275.5, 'objetivo_candidato': 186275.5, 'melhorou': False, 'objetivo_incumbente': 186275.5, 'tempo_gasto_s': 0.7, 'tempo_solver_s': 0.36, 'tempo_limite_subproblema_s': 600.0, 'curso': 'MAT', 'ordem_cursos': 'alfabetica', 'seed_ordem_cursos': None, 'posicao_ordem_curso': 11}, {'ciclo': 1, 'passada': 2, 'iteracao': 12, 'vizinhanca': 'curso', 'recurso': 'MED', 'disciplinas_livres': 41, 'variaveis_x_livres': 9384, 'variaveis_x_fixadas': 85606, 'status_solver': 'OPTIMAL', 'objetivo_anterior': 186275.5, 'objetivo_candidato': 186275.5, 'melhorou': False, 'objetivo_incumbente': 186275.5, 'tempo_gasto_s': 1.2, 'tempo_solver_s': 0.88, 'tempo_limite_subproblema_s': 600.0, 'curso': 'MED', 'ordem_cursos': 'alfabetica', 'seed_ordem_cursos': None, 'posicao_ordem_curso': 12}, {'ciclo': 1, 'passada': 2, 'iteracao': 13, 'vizinhanca': 'curso', 'recurso': 'PED', 'disciplinas_livres': 56, 'variaveis_x_livres': 12788, 'variaveis_x_fixadas': 82202, 'status_solver': 'OPTIMAL', 'objetivo_anterior': 186275.5, 'objetivo_candidato': 186275.5, 'melhorou': False, 'objetivo_incumbente': 186275.5, 'tempo_gasto_s': 3.96, 'tempo_solver_s': 3.63, 'tempo_limite_subproblema_s': 600.0, 'curso': 'PED', 'ordem_cursos': 'alfabetica', 'seed_ordem_cursos': None, 'posicao_ordem_curso': 13}, {'ciclo': 1, 'passada': 3, 'iteracao': 1, 'vizinhanca': 'par_cursos', 'recurso': 'ADM+AGRO', 'disciplinas_livres': 99, 'variaveis_x_livres': 18032, 'variaveis_x_fixadas': 76958, 'status_solver': 'OPTIMAL', 'objetivo_anterior': 186275.5, 'objetivo_candidato': 186275.5, 'melhorou': False, 'objetivo_incumbente': 186275.5, 'tempo_gasto_s': 8.17, 'tempo_solver_s': 7.84, 'tempo_limite_subproblema_s': 600.0, 'curso_a': 'ADM', 'curso_b': 'AGRO', 'ordem_cursos': 'alfabetica', 'seed_ordem_cursos': None, 'posicao_par': 1}, {'ciclo': 1, 'passada': 3, 'iteracao': 2, 'vizinhanca': 'par_cursos', 'recurso': 'ADM+CC', 'disciplinas_livres': 95, 'variaveis_x_livres': 19826, 'variaveis_x_fixadas': 75164, 'status_solver': 'OPTIMAL', 'objetivo_anterior': 186275.5, 'objetivo_candidato': 186275.5, 'melhorou': False, 'objetivo_incumbente': 186275.5, 'tempo_gasto_s': 2.36, 'tempo_solver_s': 2.04, 'tempo_limite_subproblema_s': 600.0, 'curso_a': 'ADM', 'curso_b': 'CC', 'ordem_cursos': 'alfabetica', 'seed_ordem_cursos': None, 'posicao_par': 2}, {'ciclo': 1, 'passada': 3, 'iteracao': 3, 'vizinhanca': 'par_cursos', 'recurso': 'ADM+CS', 'disciplinas_livres': 70, 'variaveis_x_livres': 13846, 'variaveis_x_fixadas': 81144, 'status_solver': 'OPTIMAL', 'objetivo_anterior': 186275.5, 'objetivo_candidato': 186275.5, 'melhorou': False, 'objetivo_incumbente': 186275.5, 'tempo_gasto_s': 1.53, 'tempo_solver_s': 1.19, 'tempo_limite_subproblema_s': 600.0, 'curso_a': 'ADM', 'curso_b': 'CS', 'ordem_cursos': 'alfabetica', 'seed_ordem_cursos': None, 'posicao_par': 3}, {'ciclo': 1, 'passada': 3, 'iteracao': 4, 'vizinhanca': 'par_cursos', 'recurso': 'ADM+EAS', 'disciplinas_livres': 93, 'variaveis_x_livres': 16744, 'variaveis_x_fixadas': 78246, 'status_solver': 'OPTIMAL', 'objetivo_anterior': 186275.5, 'objetivo_candidato': 186270.5, 'melhorou': True, 'objetivo_incumbente': 186270.5, 'tempo_gasto_s': 1.49, 'tempo_solver_s': 1.17, 'tempo_limite_subproblema_s': 600.0, 'curso_a': 'ADM', 'curso_b': 'EAS', 'ordem_cursos': 'alfabetica', 'seed_ordem_cursos': None, 'posicao_par': 4}, {'ciclo': 1, 'passada': 3, 'iteracao': 5, 'vizinhanca': 'par_cursos', 'recurso': 'ADM+ENF', 'disciplinas_livres': 66, 'variaveis_x_livres': 17802, 'variaveis_x_fixadas': 77188, 'status_solver': 'OPTIMAL', 'objetivo_anterior': 186270.5, 'objetivo_candidato': 186270.5, 'melhorou': False, 'objetivo_incumbente': 186270.5, 'tempo_gasto_s': 28.75, 'tempo_solver_s': 28.42, 'tempo_limite_subproblema_s': 600.0, 'curso_a': 'ADM', 'curso_b': 'ENF', 'ordem_cursos': 'alfabetica', 'seed_ordem_cursos': None, 'posicao_par': 5}, {'ciclo': 1, 'passada': 3, 'iteracao': 6, 'vizinhanca': 'par_cursos', 'recurso': 'ADM+FIL', 'disciplinas_livres': 63, 'variaveis_x_livres': 12052, 'variaveis_x_fixadas': 82938, 'status_solver': 'OPTIMAL', 'objetivo_anterior': 186270.5, 'objetivo_candidato': 186270.5, 'melhorou': False, 'objetivo_incumbente': 186270.5, 'tempo_gasto_s': 1.11, 'tempo_solver_s': 0.76, 'tempo_limite_subproblema_s': 600.0, 'curso_a': 'ADM', 'curso_b': 'FIL', 'ordem_cursos': 'alfabetica', 'seed_ordem_cursos': None, 'posicao_par': 6}, {'ciclo': 1, 'passada': 3, 'iteracao': 7, 'vizinhanca': 'par_cursos', 'recurso': 'ADM+GEO', 'disciplinas_livres': 58, 'variaveis_x_livres': 11362, 'variaveis_x_fixadas': 83628, 'status_solver': 'OPTIMAL', 'objetivo_anterior': 186270.5, 'objetivo_candidato': 186270.5, 'melhorou': False, 'objetivo_incumbente': 186270.5, 'tempo_gasto_s': 1.06, 'tempo_solver_s': 0.72, 'tempo_limite_subproblema_s': 600.0, 'curso_a': 'ADM', 'curso_b': 'GEO', 'ordem_cursos': 'alfabetica', 'seed_ordem_cursos': None, 'posicao_par': 7}, {'ciclo': 1, 'passada': 3, 'iteracao': 8, 'vizinhanca': 'par_cursos', 'recurso': 'ADM+HIS', 'disciplinas_livres': 72, 'variaveis_x_livres': 14076, 'variaveis_x_fixadas': 80914, 'status_solver': 'OPTIMAL', 'objetivo_anterior': 186270.5, 'objetivo_candidato': 186270.5, 'melhorou': False, 'objetivo_incumbente': 186270.5, 'tempo_gasto_s': 1.52, 'tempo_solver_s': 1.17, 'tempo_limite_subproblema_s': 600.0, 'curso_a': 'ADM', 'curso_b': 'HIS', 'ordem_cursos': 'alfabetica', 'seed_ordem_cursos': None, 'posicao_par': 8}, {'ciclo': 1, 'passada': 3, 'iteracao': 9, 'vizinhanca': 'par_cursos', 'recurso': 'ADM+LET', 'disciplinas_livres': 84, 'variaveis_x_livres': 18446, 'variaveis_x_fixadas': 76544, 'status_solver': 'OPTIMAL', 'objetivo_anterior': 186270.5, 'objetivo_candidato': 186254.5, 'melhorou': True, 'objetivo_incumbente': 186254.5, 'tempo_gasto_s': 162.19, 'tempo_solver_s': 161.82, 'tempo_limite_subproblema_s': 600.0, 'curso_a': 'ADM', 'curso_b': 'LET', 'ordem_cursos': 'alfabetica', 'seed_ordem_cursos': None, 'posicao_par': 9}, {'ciclo': 1, 'passada': 3, 'iteracao': 10, 'vizinhanca': 'par_cursos', 'recurso': 'ADM+MAT', 'disciplinas_livres': 71, 'variaveis_x_livres': 14260, 'variaveis_x_fixadas': 80730, 'status_solver': 'OPTIMAL', 'objetivo_anterior': 186254.5, 'objetivo_candidato': 186254.5, 'melhorou': False, 'objetivo_incumbente': 186254.5, 'tempo_gasto_s': 1.95, 'tempo_solver_s': 1.59, 'tempo_limite_subproblema_s': 600.0, 'curso_a': 'ADM', 'curso_b': 'MAT', 'ordem_cursos': 'alfabetica', 'seed_ordem_cursos': None, 'posicao_par': 10}, {'ciclo': 1, 'passada': 3, 'iteracao': 11, 'vizinhanca': 'par_cursos', 'recurso': 'ADM+MED', 'disciplinas_livres': 89, 'variaveis_x_livres': 18676, 'variaveis_x_fixadas': 76314, 'status_solver': 'OPTIMAL', 'objetivo_anterior': 186254.5, 'objetivo_candidato': 186254.5, 'melhorou': False, 'objetivo_incumbente': 186254.5, 'tempo_gasto_s': 2.86, 'tempo_solver_s': 2.5, 'tempo_limite_subproblema_s': 600.0, 'curso_a': 'ADM', 'curso_b': 'MED', 'ordem_cursos': 'alfabetica', 'seed_ordem_cursos': None, 'posicao_par': 11}, {'ciclo': 1, 'passada': 3, 'iteracao': 12, 'vizinhanca': 'par_cursos', 'recurso': 'ADM+PED', 'disciplinas_livres': 104, 'variaveis_x_livres': 22080, 'variaveis_x_fixadas': 72910, 'status_solver': 'TIME_LIMIT', 'objetivo_anterior': 186254.5, 'objetivo_candidato': 186180.0, 'melhorou': True, 'objetivo_incumbente': 186180.0, 'tempo_gasto_s': 600.49, 'tempo_solver_s': 600.14, 'tempo_limite_subproblema_s': 600.0, 'curso_a': 'ADM', 'curso_b': 'PED', 'ordem_cursos': 'alfabetica', 'seed_ordem_cursos': None, 'posicao_par': 12}, {'ciclo': 1, 'passada': 3, 'iteracao': 13, 'vizinhanca': 'par_cursos', 'recurso': 'AGRO+CC', 'disciplinas_livres': 98, 'variaveis_x_livres': 19274, 'variaveis_x_fixadas': 75716, 'status_solver': 'OPTIMAL', 'objetivo_anterior': 186180.0, 'objetivo_candidato': 186180.0, 'melhorou': False, 'objetivo_incumbente': 186180.0, 'tempo_gasto_s': 59.68, 'tempo_solver_s': 59.3, 'tempo_limite_subproblema_s': 600.0, 'curso_a': 'AGRO', 'curso_b': 'CC', 'ordem_cursos': 'alfabetica', 'seed_ordem_cursos': None, 'posicao_par': 13}, {'ciclo': 1, 'passada': 3, 'iteracao': 14, 'vizinhanca': 'par_cursos', 'recurso': 'AGRO+CS', 'disciplinas_livres': 73, 'variaveis_x_livres': 13294, 'variaveis_x_fixadas': 81696, 'status_solver': 'OPTIMAL', 'objetivo_anterior': 186180.0, 'objetivo_candidato': 186175.0, 'melhorou': True, 'objetivo_incumbente': 186175.0, 'tempo_gasto_s': 4.39, 'tempo_solver_s': 4.07, 'tempo_limite_subproblema_s': 600.0, 'curso_a': 'AGRO', 'curso_b': 'CS', 'ordem_cursos': 'alfabetica', 'seed_ordem_cursos': None, 'posicao_par': 14}, {'ciclo': 1, 'passada': 3, 'iteracao': 15, 'vizinhanca': 'par_cursos', 'recurso': 'AGRO+EAS', 'disciplinas_livres': 96, 'variaveis_x_livres': 16192, 'variaveis_x_fixadas': 78798, 'status_solver': 'OPTIMAL', 'objetivo_anterior': 186175.0, 'objetivo_candidato': 186175.0, 'melhorou': False, 'objetivo_incumbente': 186175.0, 'tempo_gasto_s': 7.09, 'tempo_solver_s': 6.76, 'tempo_limite_subproblema_s': 600.0, 'curso_a': 'AGRO', 'curso_b': 'EAS', 'ordem_cursos': 'alfabetica', 'seed_ordem_cursos': None, 'posicao_par': 15}, {'ciclo': 1, 'passada': 3, 'iteracao': 16, 'vizinhanca': 'par_cursos', 'recurso': 'AGRO+ENF', 'disciplinas_livres': 69, 'variaveis_x_livres': 17250, 'variaveis_x_fixadas': 77740, 'status_solver': 'OPTIMAL', 'objetivo_anterior': 186175.0, 'objetivo_candidato': 186156.5, 'melhorou': True, 'objetivo_incumbente': 186156.5, 'tempo_gasto_s': 169.16, 'tempo_solver_s': 168.85, 'tempo_limite_subproblema_s': 600.0, 'curso_a': 'AGRO', 'curso_b': 'ENF', 'ordem_cursos': 'alfabetica', 'seed_ordem_cursos': None, 'posicao_par': 16}, {'ciclo': 1, 'passada': 3, 'iteracao': 17, 'vizinhanca': 'par_cursos', 'recurso': 'AGRO+FIL', 'disciplinas_livres': 66, 'variaveis_x_livres': 11500, 'variaveis_x_fixadas': 83490, 'status_solver': 'OPTIMAL', 'objetivo_anterior': 186156.5, 'objetivo_candidato': 186156.5, 'melhorou': False, 'objetivo_incumbente': 186156.5, 'tempo_gasto_s': 3.25, 'tempo_solver_s': 2.94, 'tempo_limite_subproblema_s': 600.0, 'curso_a': 'AGRO', 'curso_b': 'FIL', 'ordem_cursos': 'alfabetica', 'seed_ordem_cursos': None, 'posicao_par': 17}, {'ciclo': 1, 'passada': 3, 'iteracao': 18, 'vizinhanca': 'par_cursos', 'recurso': 'AGRO+GEO', 'disciplinas_livres': 61, 'variaveis_x_livres': 10810, 'variaveis_x_fixadas': 84180, 'status_solver': 'OPTIMAL', 'objetivo_anterior': 186156.5, 'objetivo_candidato': 186156.5, 'melhorou': False, 'objetivo_incumbente': 186156.5, 'tempo_gasto_s': 3.67, 'tempo_solver_s': 3.34, 'tempo_limite_subproblema_s': 600.0, 'curso_a': 'AGRO', 'curso_b': 'GEO', 'ordem_cursos': 'alfabetica', 'seed_ordem_cursos': None, 'posicao_par': 18}, {'ciclo': 1, 'passada': 3, 'iteracao': 19, 'vizinhanca': 'par_cursos', 'recurso': 'AGRO+HIS', 'disciplinas_livres': 75, 'variaveis_x_livres': 13524, 'variaveis_x_fixadas': 81466, 'status_solver': 'OPTIMAL', 'objetivo_anterior': 186156.5, 'objetivo_candidato': 186156.5, 'melhorou': False, 'objetivo_incumbente': 186156.5, 'tempo_gasto_s': 4.22, 'tempo_solver_s': 3.89, 'tempo_limite_subproblema_s': 600.0, 'curso_a': 'AGRO', 'curso_b': 'HIS', 'ordem_cursos': 'alfabetica', 'seed_ordem_cursos': None, 'posicao_par': 19}, {'ciclo': 1, 'passada': 3, 'iteracao': 20, 'vizinhanca': 'par_cursos', 'recurso': 'AGRO+LET', 'disciplinas_livres': 87, 'variaveis_x_livres': 17894, 'variaveis_x_fixadas': 77096, 'status_solver': 'OPTIMAL', 'objetivo_anterior': 186156.5, 'objetivo_candidato': 186156.5, 'melhorou': False, 'objetivo_incumbente': 186156.5, 'tempo_gasto_s': 47.83, 'tempo_solver_s': 47.52, 'tempo_limite_subproblema_s': 600.0, 'curso_a': 'AGRO', 'curso_b': 'LET', 'ordem_cursos': 'alfabetica', 'seed_ordem_cursos': None, 'posicao_par': 20}, {'ciclo': 1, 'passada': 3, 'iteracao': 21, 'vizinhanca': 'par_cursos', 'recurso': 'AGRO+MAT', 'disciplinas_livres': 74, 'variaveis_x_livres': 13708, 'variaveis_x_fixadas': 81282, 'status_solver': 'OPTIMAL', 'objetivo_anterior': 186156.5, 'objetivo_candidato': 186156.5, 'melhorou': False, 'objetivo_incumbente': 186156.5, 'tempo_gasto_s': 3.95, 'tempo_solver_s': 3.63, 'tempo_limite_subproblema_s': 600.0, 'curso_a': 'AGRO', 'curso_b': 'MAT', 'ordem_cursos': 'alfabetica', 'seed_ordem_cursos': None, 'posicao_par': 21}, {'ciclo': 1, 'passada': 3, 'iteracao': 22, 'vizinhanca': 'par_cursos', 'recurso': 'AGRO+MED', 'disciplinas_livres': 92, 'variaveis_x_livres': 18124, 'variaveis_x_fixadas': 76866, 'status_solver': 'TIME_LIMIT', 'objetivo_anterior': 186156.5, 'objetivo_candidato': 185945.0, 'melhorou': True, 'objetivo_incumbente': 185945.0, 'tempo_gasto_s': 600.36, 'tempo_solver_s': 600.03, 'tempo_limite_subproblema_s': 600.0, 'curso_a': 'AGRO', 'curso_b': 'MED', 'ordem_cursos': 'alfabetica', 'seed_ordem_cursos': None, 'posicao_par': 22}, {'ciclo': 1, 'passada': 3, 'iteracao': 23, 'vizinhanca': 'par_cursos', 'recurso': 'AGRO+PED', 'disciplinas_livres': 107, 'variaveis_x_livres': 21528, 'variaveis_x_fixadas': 73462, 'status_solver': 'OPTIMAL', 'objetivo_anterior': 185945.0, 'objetivo_candidato': 185945.0, 'melhorou': False, 'objetivo_incumbente': 185945.0, 'tempo_gasto_s': 45.5, 'tempo_solver_s': 45.16, 'tempo_limite_subproblema_s': 600.0, 'curso_a': 'AGRO', 'curso_b': 'PED', 'ordem_cursos': 'alfabetica', 'seed_ordem_cursos': None, 'posicao_par': 23}, {'ciclo': 1, 'passada': 3, 'iteracao': 24, 'vizinhanca': 'par_cursos', 'recurso': 'CC+CS', 'disciplinas_livres': 69, 'variaveis_x_livres': 15088, 'variaveis_x_fixadas': 79902, 'status_solver': 'OPTIMAL', 'objetivo_anterior': 185945.0, 'objetivo_candidato': 185940.0, 'melhorou': True, 'objetivo_incumbente': 185940.0, 'tempo_gasto_s': 38.2, 'tempo_solver_s': 37.88, 'tempo_limite_subproblema_s': 600.0, 'curso_a': 'CC', 'curso_b': 'CS', 'ordem_cursos': 'alfabetica', 'seed_ordem_cursos': None, 'posicao_par': 24}, {'ciclo': 1, 'passada': 3, 'iteracao': 25, 'vizinhanca': 'par_cursos', 'recurso': 'CC+EAS', 'disciplinas_livres': 92, 'variaveis_x_livres': 17986, 'variaveis_x_fixadas': 77004, 'status_solver': 'OPTIMAL', 'objetivo_anterior': 185940.0, 'objetivo_candidato': 185940.0, 'melhorou': False, 'objetivo_incumbente': 185940.0, 'tempo_gasto_s': 4.09, 'tempo_solver_s': 3.78, 'tempo_limite_subproblema_s': 600.0, 'curso_a': 'CC', 'curso_b': 'EAS', 'ordem_cursos': 'alfabetica', 'seed_ordem_cursos': None, 'posicao_par': 25}, {'ciclo': 1, 'passada': 3, 'iteracao': 26, 'vizinhanca': 'par_cursos', 'recurso': 'CC+ENF', 'disciplinas_livres': 65, 'variaveis_x_livres': 19044, 'variaveis_x_fixadas': 75946, 'status_solver': 'OPTIMAL', 'objetivo_anterior': 185940.0, 'objetivo_candidato': 185940.0, 'melhorou': False, 'objetivo_incumbente': 185940.0, 'tempo_gasto_s': 120.65, 'tempo_solver_s': 120.34, 'tempo_limite_subproblema_s': 600.0, 'curso_a': 'CC', 'curso_b': 'ENF', 'ordem_cursos': 'alfabetica', 'seed_ordem_cursos': None, 'posicao_par': 26}, {'ciclo': 1, 'passada': 3, 'iteracao': 27, 'vizinhanca': 'par_cursos', 'recurso': 'CC+FIL', 'disciplinas_livres': 62, 'variaveis_x_livres': 13294, 'variaveis_x_fixadas': 81696, 'status_solver': 'OPTIMAL', 'objetivo_anterior': 185940.0, 'objetivo_candidato': 185924.5, 'melhorou': True, 'objetivo_incumbente': 185924.5, 'tempo_gasto_s': 45.06, 'tempo_solver_s': 44.75, 'tempo_limite_subproblema_s': 600.0, 'curso_a': 'CC', 'curso_b': 'FIL', 'ordem_cursos': 'alfabetica', 'seed_ordem_cursos': None, 'posicao_par': 27}, {'ciclo': 1, 'passada': 3, 'iteracao': 28, 'vizinhanca': 'par_cursos', 'recurso': 'CC+GEO', 'disciplinas_livres': 57, 'variaveis_x_livres': 12604, 'variaveis_x_fixadas': 82386, 'status_solver': 'OPTIMAL', 'objetivo_anterior': 185924.5, 'objetivo_candidato': 185924.5, 'melhorou': False, 'objetivo_incumbente': 185924.5, 'tempo_gasto_s': 2.01, 'tempo_solver_s': 1.7, 'tempo_limite_subproblema_s': 600.0, 'curso_a': 'CC', 'curso_b': 'GEO', 'ordem_cursos': 'alfabetica', 'seed_ordem_cursos': None, 'posicao_par': 28}, {'ciclo': 1, 'passada': 3, 'iteracao': 29, 'vizinhanca': 'par_cursos', 'recurso': 'CC+HIS', 'disciplinas_livres': 71, 'variaveis_x_livres': 15318, 'variaveis_x_fixadas': 79672, 'status_solver': 'OPTIMAL', 'objetivo_anterior': 185924.5, 'objetivo_candidato': 185924.5, 'melhorou': False, 'objetivo_incumbente': 185924.5, 'tempo_gasto_s': 16.0, 'tempo_solver_s': 15.69, 'tempo_limite_subproblema_s': 600.0, 'curso_a': 'CC', 'curso_b': 'HIS', 'ordem_cursos': 'alfabetica', 'seed_ordem_cursos': None, 'posicao_par': 29}, {'ciclo': 1, 'passada': 3, 'iteracao': 30, 'vizinhanca': 'par_cursos', 'recurso': 'CC+LET', 'disciplinas_livres': 83, 'variaveis_x_livres': 19688, 'variaveis_x_fixadas': 75302, 'status_solver': 'TIME_LIMIT', 'objetivo_anterior': 185924.5, 'objetivo_candidato': 185922.5, 'melhorou': True, 'objetivo_incumbente': 185922.5, 'tempo_gasto_s': 600.39, 'tempo_solver_s': 600.04, 'tempo_limite_subproblema_s': 600.0, 'curso_a': 'CC', 'curso_b': 'LET', 'ordem_cursos': 'alfabetica', 'seed_ordem_cursos': None, 'posicao_par': 30}, {'ciclo': 1, 'passada': 3, 'iteracao': 31, 'vizinhanca': 'par_cursos', 'recurso': 'CC+MAT', 'disciplinas_livres': 70, 'variaveis_x_livres': 15502, 'variaveis_x_fixadas': 79488, 'status_solver': 'OPTIMAL', 'objetivo_anterior': 185922.5, 'objetivo_candidato': 185922.5, 'melhorou': False, 'objetivo_incumbente': 185922.5, 'tempo_gasto_s': 13.16, 'tempo_solver_s': 12.81, 'tempo_limite_subproblema_s': 600.0, 'curso_a': 'CC', 'curso_b': 'MAT', 'ordem_cursos': 'alfabetica', 'seed_ordem_cursos': None, 'posicao_par': 31}, {'ciclo': 1, 'passada': 3, 'iteracao': 32, 'vizinhanca': 'par_cursos', 'recurso': 'CC+MED', 'disciplinas_livres': 88, 'variaveis_x_livres': 19918, 'variaveis_x_fixadas': 75072, 'status_solver': 'OPTIMAL', 'objetivo_anterior': 185922.5, 'objetivo_candidato': 185922.5, 'melhorou': False, 'objetivo_incumbente': 185922.5, 'tempo_gasto_s': 46.13, 'tempo_solver_s': 45.83, 'tempo_limite_subproblema_s': 600.0, 'curso_a': 'CC', 'curso_b': 'MED', 'ordem_cursos': 'alfabetica', 'seed_ordem_cursos': None, 'posicao_par': 32}, {'ciclo': 1, 'passada': 3, 'iteracao': 33, 'vizinhanca': 'par_cursos', 'recurso': 'CC+PED', 'disciplinas_livres': 103, 'variaveis_x_livres': 23322, 'variaveis_x_fixadas': 71668, 'status_solver': 'OPTIMAL', 'objetivo_anterior': 185922.5, 'objetivo_candidato': 185922.5, 'melhorou': False, 'objetivo_incumbente': 185922.5, 'tempo_gasto_s': 161.08, 'tempo_solver_s': 160.78, 'tempo_limite_subproblema_s': 600.0, 'curso_a': 'CC', 'curso_b': 'PED', 'ordem_cursos': 'alfabetica', 'seed_ordem_cursos': None, 'posicao_par': 33}, {'ciclo': 1, 'passada': 3, 'iteracao': 34, 'vizinhanca': 'par_cursos', 'recurso': 'CS+EAS', 'disciplinas_livres': 67, 'variaveis_x_livres': 12006, 'variaveis_x_fixadas': 82984, 'status_solver': 'OPTIMAL', 'objetivo_anterior': 185922.5, 'objetivo_candidato': 185922.5, 'melhorou': False, 'objetivo_incumbente': 185922.5, 'tempo_gasto_s': 0.83, 'tempo_solver_s': 0.53, 'tempo_limite_subproblema_s': 600.0, 'curso_a': 'CS', 'curso_b': 'EAS', 'ordem_cursos': 'alfabetica', 'seed_ordem_cursos': None, 'posicao_par': 34}, {'ciclo': 1, 'passada': 3, 'iteracao': 35, 'vizinhanca': 'par_cursos', 'recurso': 'CS+ENF', 'disciplinas_livres': 40, 'variaveis_x_livres': 13064, 'variaveis_x_fixadas': 81926, 'status_solver': 'OPTIMAL', 'objetivo_anterior': 185922.5, 'objetivo_candidato': 185922.5, 'melhorou': False, 'objetivo_incumbente': 185922.5, 'tempo_gasto_s': 3.05, 'tempo_solver_s': 2.73, 'tempo_limite_subproblema_s': 600.0, 'curso_a': 'CS', 'curso_b': 'ENF', 'ordem_cursos': 'alfabetica', 'seed_ordem_cursos': None, 'posicao_par': 35}, {'ciclo': 1, 'passada': 3, 'iteracao': 36, 'vizinhanca': 'par_cursos', 'recurso': 'CS+FIL', 'disciplinas_livres': 37, 'variaveis_x_livres': 7314, 'variaveis_x_fixadas': 87676, 'status_solver': 'OPTIMAL', 'objetivo_anterior': 185922.5, 'objetivo_candidato': 185922.5, 'melhorou': False, 'objetivo_incumbente': 185922.5, 'tempo_gasto_s': 0.67, 'tempo_solver_s': 0.35, 'tempo_limite_subproblema_s': 600.0, 'curso_a': 'CS', 'curso_b': 'FIL', 'ordem_cursos': 'alfabetica', 'seed_ordem_cursos': None, 'posicao_par': 36}, {'ciclo': 1, 'passada': 3, 'iteracao': 37, 'vizinhanca': 'par_cursos', 'recurso': 'CS+GEO', 'disciplinas_livres': 32, 'variaveis_x_livres': 6624, 'variaveis_x_fixadas': 88366, 'status_solver': 'OPTIMAL', 'objetivo_anterior': 185922.5, 'objetivo_candidato': 185922.5, 'melhorou': False, 'objetivo_incumbente': 185922.5, 'tempo_gasto_s': 0.67, 'tempo_solver_s': 0.35, 'tempo_limite_subproblema_s': 600.0, 'curso_a': 'CS', 'curso_b': 'GEO', 'ordem_cursos': 'alfabetica', 'seed_ordem_cursos': None, 'posicao_par': 37}, {'ciclo': 1, 'passada': 3, 'iteracao': 38, 'vizinhanca': 'par_cursos', 'recurso': 'CS+HIS', 'disciplinas_livres': 46, 'variaveis_x_livres': 9338, 'variaveis_x_fixadas': 85652, 'status_solver': 'OPTIMAL', 'objetivo_anterior': 185922.5, 'objetivo_candidato': 185922.5, 'melhorou': False, 'objetivo_incumbente': 185922.5, 'tempo_gasto_s': 0.89, 'tempo_solver_s': 0.56, 'tempo_limite_subproblema_s': 600.0, 'curso_a': 'CS', 'curso_b': 'HIS', 'ordem_cursos': 'alfabetica', 'seed_ordem_cursos': None, 'posicao_par': 38}, {'ciclo': 1, 'passada': 3, 'iteracao': 39, 'vizinhanca': 'par_cursos', 'recurso': 'CS+LET', 'disciplinas_livres': 58, 'variaveis_x_livres': 13708, 'variaveis_x_fixadas': 81282, 'status_solver': 'OPTIMAL', 'objetivo_anterior': 185922.5, 'objetivo_candidato': 185922.5, 'melhorou': False, 'objetivo_incumbente': 185922.5, 'tempo_gasto_s': 3.85, 'tempo_solver_s': 3.51, 'tempo_limite_subproblema_s': 600.0, 'curso_a': 'CS', 'curso_b': 'LET', 'ordem_cursos': 'alfabetica', 'seed_ordem_cursos': None, 'posicao_par': 39}, {'ciclo': 1, 'passada': 3, 'iteracao': 40, 'vizinhanca': 'par_cursos', 'recurso': 'CS+MAT', 'disciplinas_livres': 45, 'variaveis_x_livres': 9522, 'variaveis_x_fixadas': 85468, 'status_solver': 'OPTIMAL', 'objetivo_anterior': 185922.5, 'objetivo_candidato': 185922.5, 'melhorou': False, 'objetivo_incumbente': 185922.5, 'tempo_gasto_s': 0.9, 'tempo_solver_s': 0.57, 'tempo_limite_subproblema_s': 600.0, 'curso_a': 'CS', 'curso_b': 'MAT', 'ordem_cursos': 'alfabetica', 'seed_ordem_cursos': None, 'posicao_par': 40}, {'ciclo': 1, 'passada': 3, 'iteracao': 41, 'vizinhanca': 'par_cursos', 'recurso': 'CS+MED', 'disciplinas_livres': 63, 'variaveis_x_livres': 13938, 'variaveis_x_fixadas': 81052, 'status_solver': 'OPTIMAL', 'objetivo_anterior': 185922.5, 'objetivo_candidato': 185922.5, 'melhorou': False, 'objetivo_incumbente': 185922.5, 'tempo_gasto_s': 1.23, 'tempo_solver_s': 0.92, 'tempo_limite_subproblema_s': 600.0, 'curso_a': 'CS', 'curso_b': 'MED', 'ordem_cursos': 'alfabetica', 'seed_ordem_cursos': None, 'posicao_par': 41}, {'ciclo': 1, 'passada': 3, 'iteracao': 42, 'vizinhanca': 'par_cursos', 'recurso': 'CS+PED', 'disciplinas_livres': 78, 'variaveis_x_livres': 17342, 'variaveis_x_fixadas': 77648, 'status_solver': 'OPTIMAL', 'objetivo_anterior': 185922.5, 'objetivo_candidato': 185922.5, 'melhorou': False, 'objetivo_incumbente': 185922.5, 'tempo_gasto_s': 18.49, 'tempo_solver_s': 18.16, 'tempo_limite_subproblema_s': 600.0, 'curso_a': 'CS', 'curso_b': 'PED', 'ordem_cursos': 'alfabetica', 'seed_ordem_cursos': None, 'posicao_par': 42}, {'ciclo': 1, 'passada': 3, 'iteracao': 43, 'vizinhanca': 'par_cursos', 'recurso': 'EAS+ENF', 'disciplinas_livres': 63, 'variaveis_x_livres': 15962, 'variaveis_x_fixadas': 79028, 'status_solver': 'OPTIMAL', 'objetivo_anterior': 185922.5, 'objetivo_candidato': 185922.5, 'melhorou': False, 'objetivo_incumbente': 185922.5, 'tempo_gasto_s': 13.95, 'tempo_solver_s': 13.62, 'tempo_limite_subproblema_s': 600.0, 'curso_a': 'EAS', 'curso_b': 'ENF', 'ordem_cursos': 'alfabetica', 'seed_ordem_cursos': None, 'posicao_par': 43}, {'ciclo': 1, 'passada': 3, 'iteracao': 44, 'vizinhanca': 'par_cursos', 'recurso': 'EAS+FIL', 'disciplinas_livres': 60, 'variaveis_x_livres': 10212, 'variaveis_x_fixadas': 84778, 'status_solver': 'OPTIMAL', 'objetivo_anterior': 185922.5, 'objetivo_candidato': 185922.5, 'melhorou': False, 'objetivo_incumbente': 185922.5, 'tempo_gasto_s': 0.77, 'tempo_solver_s': 0.45, 'tempo_limite_subproblema_s': 600.0, 'curso_a': 'EAS', 'curso_b': 'FIL', 'ordem_cursos': 'alfabetica', 'seed_ordem_cursos': None, 'posicao_par': 44}, {'ciclo': 1, 'passada': 3, 'iteracao': 45, 'vizinhanca': 'par_cursos', 'recurso': 'EAS+GEO', 'disciplinas_livres': 55, 'variaveis_x_livres': 9522, 'variaveis_x_fixadas': 85468, 'status_solver': 'OPTIMAL', 'objetivo_anterior': 185922.5, 'objetivo_candidato': 185922.5, 'melhorou': False, 'objetivo_incumbente': 185922.5, 'tempo_gasto_s': 0.79, 'tempo_solver_s': 0.46, 'tempo_limite_subproblema_s': 600.0, 'curso_a': 'EAS', 'curso_b': 'GEO', 'ordem_cursos': 'alfabetica', 'seed_ordem_cursos': None, 'posicao_par': 45}, {'ciclo': 1, 'passada': 3, 'iteracao': 46, 'vizinhanca': 'par_cursos', 'recurso': 'EAS+HIS', 'disciplinas_livres': 69, 'variaveis_x_livres': 12236, 'variaveis_x_fixadas': 82754, 'status_solver': 'OPTIMAL', 'objetivo_anterior': 185922.5, 'objetivo_candidato': 185922.5, 'melhorou': False, 'objetivo_incumbente': 185922.5, 'tempo_gasto_s': 0.92, 'tempo_solver_s': 0.59, 'tempo_limite_subproblema_s': 600.0, 'curso_a': 'EAS', 'curso_b': 'HIS', 'ordem_cursos': 'alfabetica', 'seed_ordem_cursos': None, 'posicao_par': 46}, {'ciclo': 1, 'passada': 3, 'iteracao': 47, 'vizinhanca': 'par_cursos', 'recurso': 'EAS+LET', 'disciplinas_livres': 81, 'variaveis_x_livres': 16606, 'variaveis_x_fixadas': 78384, 'status_solver': 'OPTIMAL', 'objetivo_anterior': 185922.5, 'objetivo_candidato': 185922.5, 'melhorou': False, 'objetivo_incumbente': 185922.5, 'tempo_gasto_s': 12.87, 'tempo_solver_s': 12.54, 'tempo_limite_subproblema_s': 600.0, 'curso_a': 'EAS', 'curso_b': 'LET', 'ordem_cursos': 'alfabetica', 'seed_ordem_cursos': None, 'posicao_par': 47}, {'ciclo': 1, 'passada': 3, 'iteracao': 48, 'vizinhanca': 'par_cursos', 'recurso': 'EAS+MAT', 'disciplinas_livres': 68, 'variaveis_x_livres': 12420, 'variaveis_x_fixadas': 82570, 'status_solver': 'OPTIMAL', 'objetivo_anterior': 185922.5, 'objetivo_candidato': 185917.5, 'melhorou': True, 'objetivo_incumbente': 185917.5, 'tempo_gasto_s': 1.37, 'tempo_solver_s': 1.02, 'tempo_limite_subproblema_s': 600.0, 'curso_a': 'EAS', 'curso_b': 'MAT', 'ordem_cursos': 'alfabetica', 'seed_ordem_cursos': None, 'posicao_par': 48}, {'ciclo': 1, 'passada': 3, 'iteracao': 49, 'vizinhanca': 'par_cursos', 'recurso': 'EAS+MED', 'disciplinas_livres': 86, 'variaveis_x_livres': 16836, 'variaveis_x_fixadas': 78154, 'status_solver': 'OPTIMAL', 'objetivo_anterior': 185917.5, 'objetivo_candidato': 185917.5, 'melhorou': False, 'objetivo_incumbente': 185917.5, 'tempo_gasto_s': 1.91, 'tempo_solver_s': 1.59, 'tempo_limite_subproblema_s': 600.0, 'curso_a': 'EAS', 'curso_b': 'MED', 'ordem_cursos': 'alfabetica', 'seed_ordem_cursos': None, 'posicao_par': 49}, {'ciclo': 1, 'passada': 3, 'iteracao': 50, 'vizinhanca': 'par_cursos', 'recurso': 'EAS+PED', 'disciplinas_livres': 101, 'variaveis_x_livres': 20240, 'variaveis_x_fixadas': 74750, 'status_solver': 'OPTIMAL', 'objetivo_anterior': 185917.5, 'objetivo_candidato': 185917.5, 'melhorou': False, 'objetivo_incumbente': 185917.5, 'tempo_gasto_s': 17.72, 'tempo_solver_s': 17.41, 'tempo_limite_subproblema_s': 600.0, 'curso_a': 'EAS', 'curso_b': 'PED', 'ordem_cursos': 'alfabetica', 'seed_ordem_cursos': None, 'posicao_par': 50}, {'ciclo': 1, 'passada': 3, 'iteracao': 51, 'vizinhanca': 'par_cursos', 'recurso': 'ENF+FIL', 'disciplinas_livres': 33, 'variaveis_x_livres': 11270, 'variaveis_x_fixadas': 83720, 'status_solver': 'OPTIMAL', 'objetivo_anterior': 185917.5, 'objetivo_candidato': 185917.5, 'melhorou': False, 'objetivo_incumbente': 185917.5, 'tempo_gasto_s': 2.14, 'tempo_solver_s': 1.82, 'tempo_limite_subproblema_s': 600.0, 'curso_a': 'ENF', 'curso_b': 'FIL', 'ordem_cursos': 'alfabetica', 'seed_ordem_cursos': None, 'posicao_par': 51}, {'ciclo': 1, 'passada': 3, 'iteracao': 52, 'vizinhanca': 'par_cursos', 'recurso': 'ENF+GEO', 'disciplinas_livres': 28, 'variaveis_x_livres': 10580, 'variaveis_x_fixadas': 84410, 'status_solver': 'OPTIMAL', 'objetivo_anterior': 185917.5, 'objetivo_candidato': 185917.5, 'melhorou': False, 'objetivo_incumbente': 185917.5, 'tempo_gasto_s': 2.34, 'tempo_solver_s': 2.01, 'tempo_limite_subproblema_s': 600.0, 'curso_a': 'ENF', 'curso_b': 'GEO', 'ordem_cursos': 'alfabetica', 'seed_ordem_cursos': None, 'posicao_par': 52}, {'ciclo': 1, 'passada': 3, 'iteracao': 53, 'vizinhanca': 'par_cursos', 'recurso': 'ENF+HIS', 'disciplinas_livres': 42, 'variaveis_x_livres': 13294, 'variaveis_x_fixadas': 81696, 'status_solver': 'OPTIMAL', 'objetivo_anterior': 185917.5, 'objetivo_candidato': 185917.5, 'melhorou': False, 'objetivo_incumbente': 185917.5, 'tempo_gasto_s': 2.4, 'tempo_solver_s': 2.07, 'tempo_limite_subproblema_s': 600.0, 'curso_a': 'ENF', 'curso_b': 'HIS', 'ordem_cursos': 'alfabetica', 'seed_ordem_cursos': None, 'posicao_par': 53}, {'ciclo': 1, 'passada': 3, 'iteracao': 54, 'vizinhanca': 'par_cursos', 'recurso': 'ENF+LET', 'disciplinas_livres': 54, 'variaveis_x_livres': 17664, 'variaveis_x_fixadas': 77326, 'status_solver': 'OPTIMAL', 'objetivo_anterior': 185917.5, 'objetivo_candidato': 185917.5, 'melhorou': False, 'objetivo_incumbente': 185917.5, 'tempo_gasto_s': 360.92, 'tempo_solver_s': 360.6, 'tempo_limite_subproblema_s': 600.0, 'curso_a': 'ENF', 'curso_b': 'LET', 'ordem_cursos': 'alfabetica', 'seed_ordem_cursos': None, 'posicao_par': 54}, {'ciclo': 1, 'passada': 3, 'iteracao': 55, 'vizinhanca': 'par_cursos', 'recurso': 'ENF+MAT', 'disciplinas_livres': 41, 'variaveis_x_livres': 13478, 'variaveis_x_fixadas': 81512, 'status_solver': 'OPTIMAL', 'objetivo_anterior': 185917.5, 'objetivo_candidato': 185917.5, 'melhorou': False, 'objetivo_incumbente': 185917.5, 'tempo_gasto_s': 3.17, 'tempo_solver_s': 2.85, 'tempo_limite_subproblema_s': 600.0, 'curso_a': 'ENF', 'curso_b': 'MAT', 'ordem_cursos': 'alfabetica', 'seed_ordem_cursos': None, 'posicao_par': 55}, {'ciclo': 1, 'passada': 3, 'iteracao': 56, 'vizinhanca': 'par_cursos', 'recurso': 'ENF+MED', 'disciplinas_livres': 59, 'variaveis_x_livres': 17894, 'variaveis_x_fixadas': 77096, 'status_solver': 'OPTIMAL', 'objetivo_anterior': 185917.5, 'objetivo_candidato': 185902.5, 'melhorou': True, 'objetivo_incumbente': 185902.5, 'tempo_gasto_s': 125.33, 'tempo_solver_s': 124.99, 'tempo_limite_subproblema_s': 600.0, 'curso_a': 'ENF', 'curso_b': 'MED', 'ordem_cursos': 'alfabetica', 'seed_ordem_cursos': None, 'posicao_par': 56}, {'ciclo': 1, 'passada': 3, 'iteracao': 57, 'vizinhanca': 'par_cursos', 'recurso': 'ENF+PED', 'disciplinas_livres': 74, 'variaveis_x_livres': 21298, 'variaveis_x_fixadas': 73692, 'status_solver': 'TIME_LIMIT', 'objetivo_anterior': 185902.5, 'objetivo_candidato': 185902.5, 'melhorou': False, 'objetivo_incumbente': 185902.5, 'tempo_gasto_s': 600.49, 'tempo_solver_s': 600.17, 'tempo_limite_subproblema_s': 600.0, 'curso_a': 'ENF', 'curso_b': 'PED', 'ordem_cursos': 'alfabetica', 'seed_ordem_cursos': None, 'posicao_par': 57}, {'ciclo': 1, 'passada': 3, 'iteracao': 58, 'vizinhanca': 'par_cursos', 'recurso': 'FIL+GEO', 'disciplinas_livres': 25, 'variaveis_x_livres': 4830, 'variaveis_x_fixadas': 90160, 'status_solver': 'OPTIMAL', 'objetivo_anterior': 185902.5, 'objetivo_candidato': 185902.5, 'melhorou': False, 'objetivo_incumbente': 185902.5, 'tempo_gasto_s': 0.65, 'tempo_solver_s': 0.32, 'tempo_limite_subproblema_s': 600.0, 'curso_a': 'FIL', 'curso_b': 'GEO', 'ordem_cursos': 'alfabetica', 'seed_ordem_cursos': None, 'posicao_par': 58}, {'ciclo': 1, 'passada': 3, 'iteracao': 59, 'vizinhanca': 'par_cursos', 'recurso': 'FIL+HIS', 'disciplinas_livres': 39, 'variaveis_x_livres': 7544, 'variaveis_x_fixadas': 87446, 'status_solver': 'OPTIMAL', 'objetivo_anterior': 185902.5, 'objetivo_candidato': 185902.5, 'melhorou': False, 'objetivo_incumbente': 185902.5, 'tempo_gasto_s': 0.68, 'tempo_solver_s': 0.36, 'tempo_limite_subproblema_s': 600.0, 'curso_a': 'FIL', 'curso_b': 'HIS', 'ordem_cursos': 'alfabetica', 'seed_ordem_cursos': None, 'posicao_par': 59}, {'ciclo': 1, 'passada': 3, 'iteracao': 60, 'vizinhanca': 'par_cursos', 'recurso': 'FIL+LET', 'disciplinas_livres': 51, 'variaveis_x_livres': 11914, 'variaveis_x_fixadas': 83076, 'status_solver': 'OPTIMAL', 'objetivo_anterior': 185902.5, 'objetivo_candidato': 185902.5, 'melhorou': False, 'objetivo_incumbente': 185902.5, 'tempo_gasto_s': 45.36, 'tempo_solver_s': 45.01, 'tempo_limite_subproblema_s': 600.0, 'curso_a': 'FIL', 'curso_b': 'LET', 'ordem_cursos': 'alfabetica', 'seed_ordem_cursos': None, 'posicao_par': 60}, {'ciclo': 1, 'passada': 3, 'iteracao': 61, 'vizinhanca': 'par_cursos', 'recurso': 'FIL+MAT', 'disciplinas_livres': 38, 'variaveis_x_livres': 7728, 'variaveis_x_fixadas': 87262, 'status_solver': 'OPTIMAL', 'objetivo_anterior': 185902.5, 'objetivo_candidato': 185902.5, 'melhorou': False, 'objetivo_incumbente': 185902.5, 'tempo_gasto_s': 0.73, 'tempo_solver_s': 0.38, 'tempo_limite_subproblema_s': 600.0, 'curso_a': 'FIL', 'curso_b': 'MAT', 'ordem_cursos': 'alfabetica', 'seed_ordem_cursos': None, 'posicao_par': 61}, {'ciclo': 1, 'passada': 3, 'iteracao': 62, 'vizinhanca': 'par_cursos', 'recurso': 'FIL+MED', 'disciplinas_livres': 56, 'variaveis_x_livres': 12144, 'variaveis_x_fixadas': 82846, 'status_solver': 'OPTIMAL', 'objetivo_anterior': 185902.5, 'objetivo_candidato': 185902.5, 'melhorou': False, 'objetivo_incumbente': 185902.5, 'tempo_gasto_s': 1.12, 'tempo_solver_s': 0.81, 'tempo_limite_subproblema_s': 600.0, 'curso_a': 'FIL', 'curso_b': 'MED', 'ordem_cursos': 'alfabetica', 'seed_ordem_cursos': None, 'posicao_par': 62}, {'ciclo': 1, 'passada': 3, 'iteracao': 63, 'vizinhanca': 'par_cursos', 'recurso': 'FIL+PED', 'disciplinas_livres': 71, 'variaveis_x_livres': 15548, 'variaveis_x_fixadas': 79442, 'status_solver': 'OPTIMAL', 'objetivo_anterior': 185902.5, 'objetivo_candidato': 185902.5, 'melhorou': False, 'objetivo_incumbente': 185902.5, 'tempo_gasto_s': 77.19, 'tempo_solver_s': 76.87, 'tempo_limite_subproblema_s': 600.0, 'curso_a': 'FIL', 'curso_b': 'PED', 'ordem_cursos': 'alfabetica', 'seed_ordem_cursos': None, 'posicao_par': 63}, {'ciclo': 1, 'passada': 3, 'iteracao': 64, 'vizinhanca': 'par_cursos', 'recurso': 'GEO+HIS', 'disciplinas_livres': 34, 'variaveis_x_livres': 6854, 'variaveis_x_fixadas': 88136, 'status_solver': 'OPTIMAL', 'objetivo_anterior': 185902.5, 'objetivo_candidato': 185902.5, 'melhorou': False, 'objetivo_incumbente': 185902.5, 'tempo_gasto_s': 0.69, 'tempo_solver_s': 0.37, 'tempo_limite_subproblema_s': 600.0, 'curso_a': 'GEO', 'curso_b': 'HIS', 'ordem_cursos': 'alfabetica', 'seed_ordem_cursos': None, 'posicao_par': 64}, {'ciclo': 1, 'passada': 3, 'iteracao': 65, 'vizinhanca': 'par_cursos', 'recurso': 'GEO+LET', 'disciplinas_livres': 46, 'variaveis_x_livres': 11224, 'variaveis_x_fixadas': 83766, 'status_solver': 'OPTIMAL', 'objetivo_anterior': 185902.5, 'objetivo_candidato': 185815.5, 'melhorou': True, 'objetivo_incumbente': 185815.5, 'tempo_gasto_s': 35.16, 'tempo_solver_s': 34.82, 'tempo_limite_subproblema_s': 600.0, 'curso_a': 'GEO', 'curso_b': 'LET', 'ordem_cursos': 'alfabetica', 'seed_ordem_cursos': None, 'posicao_par': 65}, {'ciclo': 1, 'passada': 3, 'iteracao': 66, 'vizinhanca': 'par_cursos', 'recurso': 'GEO+MAT', 'disciplinas_livres': 33, 'variaveis_x_livres': 7038, 'variaveis_x_fixadas': 87952, 'status_solver': 'OPTIMAL', 'objetivo_anterior': 185815.5, 'objetivo_candidato': 185815.5, 'melhorou': False, 'objetivo_incumbente': 185815.5, 'tempo_gasto_s': 0.73, 'tempo_solver_s': 0.38, 'tempo_limite_subproblema_s': 600.0, 'curso_a': 'GEO', 'curso_b': 'MAT', 'ordem_cursos': 'alfabetica', 'seed_ordem_cursos': None, 'posicao_par': 66}, {'ciclo': 1, 'passada': 3, 'iteracao': 67, 'vizinhanca': 'par_cursos', 'recurso': 'GEO+MED', 'disciplinas_livres': 51, 'variaveis_x_livres': 11454, 'variaveis_x_fixadas': 83536, 'status_solver': 'OPTIMAL', 'objetivo_anterior': 185815.5, 'objetivo_candidato': 185815.5, 'melhorou': False, 'objetivo_incumbente': 185815.5, 'tempo_gasto_s': 1.08, 'tempo_solver_s': 0.75, 'tempo_limite_subproblema_s': 600.0, 'curso_a': 'GEO', 'curso_b': 'MED', 'ordem_cursos': 'alfabetica', 'seed_ordem_cursos': None, 'posicao_par': 67}, {'ciclo': 1, 'passada': 3, 'iteracao': 68, 'vizinhanca': 'par_cursos', 'recurso': 'GEO+PED', 'disciplinas_livres': 66, 'variaveis_x_livres': 14858, 'variaveis_x_fixadas': 80132, 'status_solver': 'OPTIMAL', 'objetivo_anterior': 185815.5, 'objetivo_candidato': 185815.5, 'melhorou': False, 'objetivo_incumbente': 185815.5, 'tempo_gasto_s': 24.2, 'tempo_solver_s': 23.87, 'tempo_limite_subproblema_s': 600.0, 'curso_a': 'GEO', 'curso_b': 'PED', 'ordem_cursos': 'alfabetica', 'seed_ordem_cursos': None, 'posicao_par': 68}, {'ciclo': 1, 'passada': 3, 'iteracao': 69, 'vizinhanca': 'par_cursos', 'recurso': 'HIS+LET', 'disciplinas_livres': 60, 'variaveis_x_livres': 13938, 'variaveis_x_fixadas': 81052, 'status_solver': 'OPTIMAL', 'objetivo_anterior': 185815.5, 'objetivo_candidato': 185815.5, 'melhorou': False, 'objetivo_incumbente': 185815.5, 'tempo_gasto_s': 14.46, 'tempo_solver_s': 14.13, 'tempo_limite_subproblema_s': 600.0, 'curso_a': 'HIS', 'curso_b': 'LET', 'ordem_cursos': 'alfabetica', 'seed_ordem_cursos': None, 'posicao_par': 69}, {'ciclo': 1, 'passada': 3, 'iteracao': 70, 'vizinhanca': 'par_cursos', 'recurso': 'HIS+MAT', 'disciplinas_livres': 47, 'variaveis_x_livres': 9752, 'variaveis_x_fixadas': 85238, 'status_solver': 'OPTIMAL', 'objetivo_anterior': 185815.5, 'objetivo_candidato': 185815.5, 'melhorou': False, 'objetivo_incumbente': 185815.5, 'tempo_gasto_s': 0.86, 'tempo_solver_s': 0.54, 'tempo_limite_subproblema_s': 600.0, 'curso_a': 'HIS', 'curso_b': 'MAT', 'ordem_cursos': 'alfabetica', 'seed_ordem_cursos': None, 'posicao_par': 70}, {'ciclo': 1, 'passada': 3, 'iteracao': 71, 'vizinhanca': 'par_cursos', 'recurso': 'HIS+MED', 'disciplinas_livres': 65, 'variaveis_x_livres': 14168, 'variaveis_x_fixadas': 80822, 'status_solver': 'OPTIMAL', 'objetivo_anterior': 185815.5, 'objetivo_candidato': 185815.5, 'melhorou': False, 'objetivo_incumbente': 185815.5, 'tempo_gasto_s': 1.07, 'tempo_solver_s': 0.75, 'tempo_limite_subproblema_s': 600.0, 'curso_a': 'HIS', 'curso_b': 'MED', 'ordem_cursos': 'alfabetica', 'seed_ordem_cursos': None, 'posicao_par': 71}, {'ciclo': 1, 'passada': 3, 'iteracao': 72, 'vizinhanca': 'par_cursos', 'recurso': 'HIS+PED', 'disciplinas_livres': 80, 'variaveis_x_livres': 17572, 'variaveis_x_fixadas': 77418, 'status_solver': 'OPTIMAL', 'objetivo_anterior': 185815.5, 'objetivo_candidato': 185815.5, 'melhorou': False, 'objetivo_incumbente': 185815.5, 'tempo_gasto_s': 37.52, 'tempo_solver_s': 37.21, 'tempo_limite_subproblema_s': 600.0, 'curso_a': 'HIS', 'curso_b': 'PED', 'ordem_cursos': 'alfabetica', 'seed_ordem_cursos': None, 'posicao_par': 72}, {'ciclo': 1, 'passada': 3, 'iteracao': 73, 'vizinhanca': 'par_cursos', 'recurso': 'LET+MAT', 'disciplinas_livres': 59, 'variaveis_x_livres': 14122, 'variaveis_x_fixadas': 80868, 'status_solver': 'OPTIMAL', 'objetivo_anterior': 185815.5, 'objetivo_candidato': 185815.5, 'melhorou': False, 'objetivo_incumbente': 185815.5, 'tempo_gasto_s': 10.39, 'tempo_solver_s': 10.08, 'tempo_limite_subproblema_s': 600.0, 'curso_a': 'LET', 'curso_b': 'MAT', 'ordem_cursos': 'alfabetica', 'seed_ordem_cursos': None, 'posicao_par': 73}, {'ciclo': 1, 'passada': 3, 'iteracao': 74, 'vizinhanca': 'par_cursos', 'recurso': 'LET+MED', 'disciplinas_livres': 77, 'variaveis_x_livres': 18538, 'variaveis_x_fixadas': 76452, 'status_solver': 'OPTIMAL', 'objetivo_anterior': 185815.5, 'objetivo_candidato': 185815.5, 'melhorou': False, 'objetivo_incumbente': 185815.5, 'tempo_gasto_s': 4.47, 'tempo_solver_s': 4.16, 'tempo_limite_subproblema_s': 600.0, 'curso_a': 'LET', 'curso_b': 'MED', 'ordem_cursos': 'alfabetica', 'seed_ordem_cursos': None, 'posicao_par': 74}, {'ciclo': 1, 'passada': 3, 'iteracao': 75, 'vizinhanca': 'par_cursos', 'recurso': 'LET+PED', 'disciplinas_livres': 92, 'variaveis_x_livres': 21942, 'variaveis_x_fixadas': 73048, 'status_solver': 'TIME_LIMIT', 'objetivo_anterior': 185815.5, 'objetivo_candidato': 185815.5, 'melhorou': False, 'objetivo_incumbente': 185815.5, 'tempo_gasto_s': 600.39, 'tempo_solver_s': 600.05, 'tempo_limite_subproblema_s': 600.0, 'curso_a': 'LET', 'curso_b': 'PED', 'ordem_cursos': 'alfabetica', 'seed_ordem_cursos': None, 'posicao_par': 75}, {'ciclo': 1, 'passada': 3, 'iteracao': 76, 'vizinhanca': 'par_cursos', 'recurso': 'MAT+MED', 'disciplinas_livres': 64, 'variaveis_x_livres': 14352, 'variaveis_x_fixadas': 80638, 'status_solver': 'OPTIMAL', 'objetivo_anterior': 185815.5, 'objetivo_candidato': 185815.5, 'melhorou': False, 'objetivo_incumbente': 185815.5, 'tempo_gasto_s': 1.29, 'tempo_solver_s': 0.93, 'tempo_limite_subproblema_s': 600.0, 'curso_a': 'MAT', 'curso_b': 'MED', 'ordem_cursos': 'alfabetica', 'seed_ordem_cursos': None, 'posicao_par': 76}, {'ciclo': 1, 'passada': 3, 'iteracao': 77, 'vizinhanca': 'par_cursos', 'recurso': 'MAT+PED', 'disciplinas_livres': 79, 'variaveis_x_livres': 17756, 'variaveis_x_fixadas': 77234, 'status_solver': 'OPTIMAL', 'objetivo_anterior': 185815.5, 'objetivo_candidato': 185815.5, 'melhorou': False, 'objetivo_incumbente': 185815.5, 'tempo_gasto_s': 22.19, 'tempo_solver_s': 21.87, 'tempo_limite_subproblema_s': 600.0, 'curso_a': 'MAT', 'curso_b': 'PED', 'ordem_cursos': 'alfabetica', 'seed_ordem_cursos': None, 'posicao_par': 77}, {'ciclo': 1, 'passada': 3, 'iteracao': 78, 'vizinhanca': 'par_cursos', 'recurso': 'MED+PED', 'disciplinas_livres': 97, 'variaveis_x_livres': 22172, 'variaveis_x_fixadas': 72818, 'status_solver': 'OPTIMAL', 'objetivo_anterior': 185815.5, 'objetivo_candidato': 185815.5, 'melhorou': False, 'objetivo_incumbente': 185815.5, 'tempo_gasto_s': 23.38, 'tempo_solver_s': 23.04, 'tempo_limite_subproblema_s': 600.0, 'curso_a': 'MED', 'curso_b': 'PED', 'ordem_cursos': 'alfabetica', 'seed_ordem_cursos': None, 'posicao_par': 78}], 'parametros': {'tipo_vizinhanca': 'curso_pares', 'tempo_modelo_inicial_s': 180.0, 'tempo_heuristica_inicial_s': 180.0, 'tempo_subproblema_s': 600.0, 'tempo_total_maximo_s': 14400.0, 'apenas_uma_passada': False, 'salvar_candidatos': False, 'ordem_cursos_solicitada': 'alfabetica', 'seed_ordem_cursos_solicitada': None, 'ordem_cursos': 'alfabetica', 'seed_ordem_cursos': None, 'arquivo_horarios': './dados/2024_1/horarios_2024_1.xlsx', 'arquivo_salas': './dados/2024_1/salas_2024_1.csv', 'arquivo_salas_preferenciais': './dados/2024_1/salas_preferenciais_2024.1.xlsx', 'diretorio_execucao': '/Users/robertdrey/Documents/workspace/development/alocador_de_salas', 'arquivo_melhor_solucao': 'resultados/experimentos/2024_1/curso_pares/total4h_inicial3min_norel3min_viz10min/20260923_214522/melhor_solucao.sol', 'arquivo_log_csv': 'resultados/experimentos/2024_1/curso_pares/total4h_inicial3min_norel3min_viz10min/20260923_214522/historico.csv', 'arquivo_log_json': 'resultados/experimentos/2024_1/curso_pares/total4h_inicial3min_norel3min_viz10min/20260923_214522/historico.json', 'gurobi_inicial_TimeLimit': 180.0, 'gurobi_inicial_MIPFocus': 1, 'gurobi_inicial_NoRelHeurTime': 180.0, 'gurobi_subproblema_TimeLimit': 600.0, 'gurobi_subproblema_MIPFocus': 1, 'gurobi_subproblema_NoRelHeurTime': 0}}
